









Frequency of observations in the selected location(s).:
Number of taxa: 	325

	Jan				Feb				Mar				Apr				May				Jun				Jul				Aug				Sep				Oct				Nov				Dec				
Sample Size:	550.0	479.0	392.0	506.0	340.0	358.0	394.0	461.0	292.0	329.0	373.0	588.0	515.0	645.0	547.0	794.0	494.0	546.0	633.0	666.0	414.0	347.0	296.0	272.0	223.0	262.0	222.0	286.0	226.0	223.0	196.0	263.0	186.0	228.0	212.0	344.0	212.0	226.0	219.0	363.0	194.0	236.0	161.0	255.0	210.0	210.0	234.0	539.0	

Autruche d'Afrique	0.0	0.0	0.0	0.0	0.0	0.0	0.0	0.0	0.0	0.0	0.0	0.0	0.0	0.0	0.0	0.0	0.0	0.0	0.0	0.0	0.0	0.0	0.0	0.0	0.0	0.0	0.0045045	0.0	0.0	0.0	0.0	0.0	0.0	0.0	0.0	0.0	0.0	0.0	0.0	0.0	0.0	0.0	0.0	0.0	0.0	0.0	0.0	0.0	
Oie cendrée	0.0036364	0.0187891	0.0127551	0.0256917	0.0058824	0.0195531	0.0076142	0.0021692	0.0	0.0	0.0	0.0	0.0	0.0	0.0	0.0	0.0	0.0	0.0	0.0	0.0	0.0	0.0	0.0	0.0	0.0	0.0	0.0	0.0	0.0	0.0	0.0	0.0	0.0	0.0	0.0	0.0	0.0	0.0	0.0	0.0	0.0042373	0.0	0.0	0.0047619	0.0190476	0.042735	0.0166976	
Cygne tuberculé	0.0072727	0.006263	0.0076531	0.0019763	0.0029412	0.0083799	0.0025381	0.0021692	0.0	0.006079	0.0053619	0.0034014	0.0019417	0.0046512	0.0	0.0012594	0.0	0.0	0.0015798	0.0015015	0.0024155	0.0057637	0.0033784	0.0	0.0	0.0038168	0.009009	0.0	0.0088496	0.0	0.0	0.0152091	0.0053763	0.0219298	0.009434	0.0116279	0.0	0.0	0.0136986	0.0055096	0.0206186	0.0127119	0.0062112	0.0	0.0	0.0142857	0.0128205	0.0018553	
Cygne noir	0.0	0.0020877	0.0	0.0	0.0	0.0	0.0	0.0	0.0	0.0	0.0	0.0	0.0	0.0	0.0	0.0	0.0	0.0	0.0	0.0	0.0	0.0	0.0	0.0	0.0	0.0	0.0	0.0	0.0	0.0	0.0	0.0	0.0	0.0	0.0	0.0	0.0	0.0044248	0.0	0.0	0.0051546	0.0	0.0	0.0015	0.0	0.0	0.0	0.0	
Ouette d'Égypte	0.1072727	0.177453	0.1377551	0.1778656	0.1647059	0.1843575	0.1294416	0.1127983	0.1232877	0.1914894	0.1233244	0.1581633	0.1203883	0.103876	0.1133455	0.0994962	0.1497976	0.1098901	0.0916272	0.1126126	0.1135266	0.1066282	0.125	0.1323529	0.0941704	0.1183206	0.1081081	0.1748252	0.159292	0.103139	0.1479592	0.0456274	0.0860215	0.1622807	0.1226415	0.1162791	0.0849057	0.1637168	0.1598174	0.15427	0.2061856	0.2330508	0.1180124	0.1882353	0.1761905	0.3428571	0.2905983	0.1855288	
Tadorne casarca	0.0	0.0	0.002551	0.0059289	0.0	0.0	0.0	0.0	0.0	0.0	0.002681	0.0	0.0	0.0	0.0	0.0012594	0.0040486	0.0	0.0015798	0.0015015	0.0	0.0	0.0033784	0.0036765	0.0	0.0	0.0	0.0	0.0	0.0	0.005102	0.0	0.0	0.0	0.0	0.0	0.0	0.0	0.0	0.0027548	0.0051546	0.0	0.0062112	0.0	0.0047619	0.0	0.0	0.0	
Tadorne de Belon	0.0	0.0146138	0.005102	0.0118577	0.0029412	0.0167598	0.0	0.0086768	0.0	0.006079	0.0107239	0.0068027	0.0038835	0.0015504	0.0018282	0.0012594	0.0020243	0.0018315	0.0	0.0015015	0.0	0.0	0.0	0.0	0.0	0.0	0.0	0.0	0.0	0.0	0.0	0.0114068	0.0	0.0	0.0	0.0	0.0	0.0044248	0.0091324	0.0	0.0051546	0.0	0.0	0.0156863	0.0	0.0095238	0.017094	0.0018553	
Canard musqué	0.0018182	0.0	0.002551	0.0019763	0.0	0.0055866	0.0076142	0.0015	0.0	0.0030395	0.0053619	0.0102041	0.0038835	0.0046512	0.0036563	0.0012594	0.0020243	0.0018315	0.0	0.003003	0.0	0.0	0.0033784	0.0	0.0	0.0038168	0.0	0.0	0.0	0.0044843	0.0	0.0	0.0	0.0087719	0.0	0.0015	0.0	0.0	0.0045662	0.0	0.0051546	0.0	0.0	0.0	0.0095238	0.0	0.0	0.0018553	
Canard à collier noir	0.0	0.0	0.0	0.0	0.0	0.0	0.0	0.0	0.0	0.0	0.0	0.0	0.0	0.0	0.0	0.0	0.0	0.0	0.0	0.0	0.0	0.0	0.0	0.0	0.0	0.0	0.0	0.0	0.0	0.0	0.0	0.0	0.0	0.0	0.0	0.0	0.0	0.0	0.0	0.0	0.0	0.0	0.0	0.0078431	0.0	0.0	0.0	0.0	
Sarcelle d'été	0.0	0.0020877	0.0	0.0015	0.0	0.0	0.0	0.0021692	0.0	0.0030395	0.0053619	0.0	0.0038835	0.0031008	0.0018282	0.0	0.0	0.0	0.0	0.0	0.0	0.0	0.0	0.0	0.0	0.0	0.0	0.0034965	0.0	0.0	0.0	0.0	0.0	0.0	0.0	0.002907	0.0	0.0	0.0	0.0	0.0	0.0	0.0	0.0	0.0	0.0	0.0	0.0	
Sarcelle à bec bleu	0.0	0.0	0.0	0.0	0.0	0.0	0.0	0.0	0.0	0.0	0.0	0.0	0.0	0.0	0.0	0.0	0.0	0.0	0.0	0.0	0.0024155	0.0	0.0	0.0	0.0	0.0	0.0	0.0	0.0	0.0	0.0	0.0	0.0	0.0	0.0	0.0	0.0	0.0	0.0	0.0	0.0	0.0	0.0	0.0	0.0	0.0	0.0	0.0	
Canard souchet	0.1018182	0.1398747	0.1173469	0.1442688	0.1558824	0.1815642	0.1015228	0.1214751	0.0684932	0.1367781	0.0965147	0.1088435	0.0291262	0.0170543	0.0109689	0.0062972	0.0101215	0.0091575	0.0015798	0.0015015	0.0048309	0.0	0.0033784	0.0	0.0	0.0	0.0	0.0	0.0044248	0.0089686	0.0306122	0.0152091	0.0215054	0.1052632	0.0896226	0.0930233	0.0566038	0.1061947	0.0958904	0.1212121	0.1340206	0.190678	0.0621118	0.1333333	0.1	0.2857143	0.1965812	0.1391466	
Canard chipeau	0.0745455	0.1586639	0.122449	0.1640316	0.1705882	0.2094972	0.106599	0.1301518	0.0719178	0.1975684	0.1474531	0.1683673	0.0990291	0.1023256	0.1170018	0.0994962	0.1214575	0.1336996	0.0963665	0.1036036	0.1111111	0.0576369	0.097973	0.0735294	0.0717489	0.0534351	0.0675676	0.0769231	0.0884956	0.0627803	0.0867347	0.0380228	0.0591398	0.1535088	0.1132075	0.1104651	0.0801887	0.1150442	0.1278539	0.1101928	0.1958763	0.2033898	0.0993789	0.172549	0.0952381	0.2571429	0.2393162	0.174397	
Canard siffleur	0.0218182	0.0563674	0.0229592	0.0513834	0.05	0.0670391	0.0482234	0.0260304	0.010274	0.0334347	0.0134048	0.0119048	0.0	0.0015504	0.0	0.0	0.0	0.0	0.0	0.0	0.0	0.0	0.0	0.0	0.0	0.0	0.0	0.0	0.0	0.0	0.0	0.0	0.0	0.004386	0.0	0.0	0.004717	0.0044248	0.0	0.0165289	0.0412371	0.0720339	0.0062112	0.027451	0.0190476	0.1095238	0.0940171	0.0333952	
Canard à front blanc	0.0	0.0	0.002551	0.0	0.0	0.0	0.0	0.0	0.0	0.0	0.0	0.0	0.0019417	0.0	0.0	0.0	0.0	0.0	0.0	0.0	0.0	0.0	0.0	0.0	0.0	0.0	0.0	0.0	0.0	0.0	0.0	0.0	0.0	0.0	0.0	0.0	0.0	0.0	0.0	0.0	0.0	0.0	0.0	0.0	0.0	0.0	0.0	0.0	
Canard colvert	0.18	0.2609603	0.2193878	0.2371542	0.2882353	0.3240223	0.2182741	0.2429501	0.2465753	0.3404255	0.2600536	0.2959184	0.2291262	0.2093023	0.2248629	0.1926952	0.2469636	0.2234432	0.1721959	0.2162162	0.2028986	0.1440922	0.1824324	0.2022059	0.1659193	0.1946565	0.1576577	0.1958042	0.1681416	0.1434978	0.1836735	0.0988593	0.1505376	0.2850877	0.1792453	0.2063953	0.1556604	0.2212389	0.2876712	0.2727273	0.3195876	0.3050847	0.1552795	0.254902	0.147619	0.3904762	0.2692308	0.270872	
Canard pilet	0.0109091	0.0250522	0.0204082	0.041502	0.0117647	0.0307263	0.0101523	0.0195228	0.010274	0.0212766	0.0160858	0.0068027	0.0	0.0015504	0.0	0.0	0.0020243	0.0	0.0	0.0015015	0.0	0.0	0.0	0.0	0.0	0.0	0.0	0.0	0.0	0.0	0.0	0.0	0.0	0.0131579	0.0188679	0.0174419	0.0	0.0265487	0.0228311	0.0137741	0.0051546	0.0381356	0.0	0.0392157	0.0047619	0.0333333	0.0555556	0.0278293	
Sarcelle d'hiver	0.0927273	0.131524	0.0892857	0.1363636	0.1264706	0.1564246	0.0837563	0.1106291	0.0719178	0.100304	0.075067	0.0561224	0.0194175	0.0077519	0.0018282	0.0	0.0	0.0018315	0.0	0.0	0.0	0.0	0.0033784	0.0036765	0.0089686	0.0	0.0	0.013986	0.0	0.0089686	0.0153061	0.0114068	0.016129	0.0921053	0.0801887	0.0755814	0.0566038	0.0973451	0.1415525	0.1239669	0.1185567	0.190678	0.0372671	0.1607843	0.0952381	0.2190476	0.1880342	0.1150278	
Sarcelle d'été ou S. d'hiver	0.0	0.0	0.0	0.0	0.0	0.0	0.0	0.0	0.0	0.0	0.0	0.0	0.0	0.0	0.0	0.0	0.0	0.0	0.0	0.0	0.0	0.0	0.0	0.0	0.0044843	0.0	0.0	0.0	0.0	0.0	0.0	0.0	0.0	0.0	0.0	0.0	0.0	0.0044248	0.0	0.0	0.0	0.0	0.0	0.0	0.0	0.0	0.0	0.0	
Anas sp.	0.0	0.0	0.0	0.0	0.0	0.0	0.0	0.0	0.0	0.0	0.0	0.0	0.0	0.0	0.0	0.0	0.0	0.0	0.0	0.0015015	0.0	0.0	0.0	0.0	0.0	0.0038168	0.0	0.0	0.0	0.0	0.0	0.0	0.0	0.0	0.0	0.0	0.0	0.0	0.0	0.0	0.0	0.0	0.0	0.0	0.0	0.0	0.0	0.0	
anatidé sp. (canard barboteur sp.)	0.0	0.0041754	0.0	0.0039526	0.0	0.0111732	0.0025381	0.0021692	0.0	0.0030395	0.0	0.0	0.0058252	0.0015504	0.0018282	0.0	0.0020243	0.0018315	0.0	0.0	0.0024155	0.0	0.0	0.0036765	0.0	0.0076336	0.009009	0.006993	0.0044248	0.0	0.005102	0.0076046	0.0	0.0087719	0.004717	0.002907	0.009434	0.0	0.0045662	0.0	0.0051546	0.0042373	0.0	0.0	0.0095238	0.0047619	0.0	0.0055659	
Nette rousse	0.0218182	0.0271399	0.0357143	0.0513834	0.0529412	0.0670391	0.0228426	0.0260304	0.0239726	0.0455927	0.0509383	0.037415	0.0368932	0.027907	0.0219378	0.0289673	0.0323887	0.0586081	0.0252765	0.039039	0.0458937	0.0144092	0.0405405	0.0294118	0.0313901	0.0267176	0.0540541	0.027972	0.039823	0.0224215	0.0204082	0.0038023	0.0215054	0.0219298	0.0188679	0.0087209	0.004717	0.0044248	0.0319635	0.0137741	0.0206186	0.0338983	0.0124224	0.0352941	0.0095238	0.0428571	0.0512821	0.0296846	
Fuligule milouin	0.0036364	0.0208768	0.0204082	0.0296443	0.0411765	0.0418994	0.0228426	0.0043384	0.0068493	0.0151976	0.0080429	0.0238095	0.0058252	0.0186047	0.0091408	0.0050378	0.0202429	0.014652	0.014218	0.015015	0.02657	0.0144092	0.027027	0.0257353	0.0134529	0.0381679	0.036036	0.020979	0.0353982	0.0179372	0.0408163	0.0038023	0.0107527	0.0263158	0.0235849	0.0116279	0.0188679	0.0132743	0.0182648	0.0192837	0.0206186	0.029661	0.0186335	0.027451	0.0015	0.0761905	0.025641	0.0092764	
Fuligule à bec cerclé	0.0	0.0020877	0.0	0.0098814	0.0117647	0.0055866	0.0076142	0.0	0.0034247	0.006079	0.0053619	0.0119048	0.0	0.0062016	0.0018282	0.0	0.0	0.0	0.0015798	0.0	0.0	0.0	0.0	0.0	0.0	0.0	0.0	0.0	0.0	0.0	0.0	0.0	0.0	0.004386	0.0	0.0	0.0	0.0044248	0.0	0.0	0.0051546	0.0084746	0.0	0.0078431	0.0	0.0095238	0.0	0.0018553	
Fuligule nyroca	0.0018182	0.0020877	0.002551	0.0059289	0.0058824	0.0083799	0.0025381	0.0043384	0.0034247	0.0	0.0	0.0017007	0.0	0.0062016	0.0	0.0025189	0.0	0.003663	0.0015798	0.003003	0.0048309	0.0028818	0.0033784	0.0110294	0.0224215	0.0114504	0.009009	0.013986	0.0176991	0.0089686	0.0102041	0.0	0.0107527	0.0263158	0.0141509	0.005814	0.0	0.0088496	0.0	0.0027548	0.0051546	0.0127119	0.0	0.0	0.0	0.0190476	0.0213675	0.0074212	
Fuligule morillon	0.0054545	0.0208768	0.0153061	0.0335968	0.0294118	0.0418994	0.0228426	0.0086768	0.0034247	0.0091185	0.0187668	0.0255102	0.0	0.0062016	0.0073126	0.0	0.0020243	0.0	0.0	0.0	0.0	0.0028818	0.0	0.0	0.0	0.0	0.0	0.0	0.0044248	0.0	0.005102	0.0	0.0	0.0	0.004717	0.002907	0.0	0.0088496	0.0091324	0.0110193	0.0051546	0.0423729	0.0124224	0.0313725	0.0	0.052381	0.034188	0.0204082	
Fuligule milouinan	0.0018182	0.0020877	0.0	0.0	0.0058824	0.0055866	0.0025381	0.0	0.0034247	0.0030395	0.0053619	0.005102	0.0	0.0	0.0	0.0	0.0	0.0	0.0	0.0	0.0	0.0	0.0	0.0	0.0	0.0	0.0	0.0	0.0	0.0	0.0	0.0	0.0	0.0	0.0	0.0	0.0	0.0	0.0	0.0	0.0	0.0042373	0.0	0.0	0.0	0.0047619	0.0128205	0.0018553	
Fuligule à tête noire	0.0	0.0020877	0.002551	0.0019763	0.0029412	0.0027933	0.0	0.0	0.0	0.0030395	0.0	0.0	0.0	0.0	0.0	0.0	0.0	0.0	0.0	0.0	0.0	0.0	0.0	0.0	0.0	0.0	0.0	0.0	0.0	0.0	0.0	0.0	0.0	0.0	0.0	0.0	0.0	0.0	0.0	0.0	0.0	0.0	0.0	0.0	0.0	0.0047619	0.0	0.0	
Harelde boréale	0.0	0.0	0.0	0.0	0.0	0.0	0.0	0.0	0.0	0.0	0.0	0.0	0.0	0.0	0.0	0.0012594	0.0	0.0	0.0	0.0	0.0	0.0	0.0	0.0	0.0	0.0	0.0	0.0	0.0	0.0	0.0	0.0	0.0	0.0	0.0	0.0	0.0	0.0	0.0	0.0	0.0	0.0	0.0	0.0	0.0	0.0	0.0	0.0	
Érismature à tête blanche	0.0	0.0020877	0.0	0.0	0.0	0.0	0.0	0.0	0.0	0.0	0.0	0.0	0.0	0.0	0.0	0.0	0.0	0.0	0.0	0.0	0.0	0.0	0.0	0.0	0.0	0.0	0.0	0.0	0.0	0.0	0.0	0.0	0.0	0.0	0.0	0.0	0.0	0.0	0.0	0.0	0.0	0.0	0.0	0.0	0.0	0.0	0.0	0.0	
anatidé sp. (canard sp.)	0.0	0.0	0.0	0.0	0.0	0.0	0.0	0.0	0.0	0.0	0.0	0.0	0.0	0.0	0.0	0.0	0.0	0.0	0.0	0.0	0.0	0.0	0.0	0.0	0.0	0.0038168	0.0	0.0	0.0	0.0	0.0	0.0	0.0	0.0	0.0	0.0	0.0	0.0	0.0	0.0	0.0	0.0	0.0	0.0	0.0	0.0	0.0	0.0	
sauvagine sp.	0.0	0.0	0.0	0.0	0.0	0.0	0.0	0.0	0.0	0.0015	0.0	0.0	0.0	0.0	0.0	0.0	0.0	0.0	0.0	0.0	0.0024155	0.0	0.0	0.0	0.0	0.0	0.0	0.0034965	0.0	0.0	0.0	0.0	0.0	0.0	0.0	0.0	0.0	0.0	0.0	0.0	0.0	0.0	0.0	0.0	0.0	0.0	0.0	0.0	
Pintade de Numidie	0.0	0.0	0.0	0.0	0.0	0.0	0.0	0.0	0.0	0.0	0.0	0.0	0.0	0.0	0.0	0.0	0.0	0.0	0.0	0.0	0.0	0.0	0.0	0.0	0.0	0.0	0.0	0.0	0.0	0.0	0.0	0.0	0.0	0.0	0.0015	0.0	0.0	0.0	0.0	0.0	0.0	0.0	0.0	0.0	0.0	0.0	0.0	0.0	
Dindon sauvage	0.0	0.0	0.0	0.0	0.0	0.0	0.0	0.0	0.0	0.0	0.0	0.0017007	0.0	0.0	0.0	0.0	0.0	0.0	0.0	0.0	0.0	0.0	0.0	0.0	0.0	0.0	0.0	0.0	0.0	0.0	0.0	0.0	0.0	0.0	0.0	0.0	0.0	0.0	0.0	0.0	0.0	0.0	0.0	0.0	0.0	0.0	0.0	0.0	
Faisan de Colchide	0.0018182	0.0020877	0.002551	0.0	0.0	0.0	0.0	0.0021692	0.0	0.0	0.002681	0.0	0.0015	0.0031008	0.0036563	0.0025189	0.0015	0.0	0.0	0.003003	0.0015	0.0	0.0	0.0	0.0	0.0	0.0	0.0034965	0.0	0.0	0.005102	0.0	0.0	0.0015	0.0	0.0015	0.0	0.0044248	0.0	0.0	0.0	0.0042373	0.0	0.0039216	0.0	0.0	0.0042735	0.0	
Paon bleu	0.0	0.0020877	0.0	0.0015	0.0029412	0.0	0.0050761	0.0043384	0.0015	0.0030395	0.002681	0.0068027	0.0038835	0.0093023	0.0018282	0.0015	0.0040486	0.0054945	0.0	0.003003	0.0096618	0.0	0.0033784	0.0036765	0.0	0.0038168	0.0045045	0.0	0.0044248	0.0044843	0.0	0.0	0.0	0.0087719	0.0015	0.005814	0.0	0.0044248	0.0091324	0.0	0.0051546	0.0015	0.0124224	0.0039216	0.0047619	0.0	0.0015	0.0055659	
Coq bankiva	0.0	0.0	0.0	0.0	0.0	0.0	0.0	0.0	0.0	0.0	0.0	0.0	0.0	0.0	0.0	0.0	0.0	0.0	0.0	0.0015015	0.0	0.0	0.0	0.0	0.0	0.0	0.0	0.0	0.0	0.0	0.0	0.0	0.0	0.0	0.0	0.0	0.0	0.0	0.0	0.0	0.0	0.0	0.0	0.0	0.0	0.0	0.0	0.0	
Caille des blés	0.0109091	0.0187891	0.0255102	0.0079051	0.0411765	0.0307263	0.0609137	0.0542299	0.0958904	0.0881459	0.1072386	0.127551	0.2058252	0.2263566	0.1956124	0.2103275	0.2246964	0.2197802	0.2448657	0.2162162	0.3140097	0.167147	0.1858108	0.1617647	0.0717489	0.0572519	0.0135135	0.0244755	0.0265487	0.0179372	0.0153061	0.0190114	0.0107527	0.0087719	0.004717	0.0116279	0.0141509	0.0088496	0.0045662	0.0027548	0.0257732	0.0084746	0.0124224	0.0117647	0.0095238	0.0095238	0.0128205	0.0111317	
Perdrix rouge	0.0563636	0.0730689	0.0841837	0.0632411	0.0882353	0.0865922	0.0964467	0.0694143	0.0582192	0.0851064	0.0938338	0.0680272	0.0776699	0.0945736	0.0987203	0.0806045	0.0890688	0.1153846	0.0995261	0.0765766	0.0966184	0.0576369	0.0574324	0.0367647	0.0403587	0.0419847	0.027027	0.041958	0.0486726	0.0403587	0.0510204	0.0532319	0.0268817	0.0482456	0.0613208	0.0406977	0.0471698	0.0663717	0.0365297	0.0606061	0.0463918	0.0254237	0.0745342	0.0431373	0.0571429	0.0714286	0.042735	0.0927644	
Pigeon biset	0.22	0.256785	0.244898	0.2727273	0.2323529	0.2486034	0.2614213	0.2537961	0.2054795	0.1945289	0.1983914	0.2227891	0.2058252	0.2542636	0.1718464	0.1460957	0.2145749	0.1886447	0.1595577	0.1261261	0.1618357	0.2017291	0.152027	0.2095588	0.1390135	0.1603053	0.1396396	0.1223776	0.1902655	0.1076233	0.2244898	0.1977186	0.2204301	0.1885965	0.1886792	0.2238372	0.3018868	0.2566372	0.173516	0.1763085	0.2010309	0.2161017	0.2111801	0.1764706	0.2380952	0.152381	0.1623932	0.1576994	
Pigeon colombin	0.0090909	0.006263	0.005102	0.027668	0.0058824	0.0027933	0.0025381	0.0043384	0.0	0.0	0.0	0.0	0.0	0.0	0.0	0.0	0.0	0.0	0.0	0.0	0.0	0.0	0.0	0.0	0.0	0.0	0.0	0.0	0.0	0.0	0.0	0.0	0.0	0.004386	0.004717	0.0	0.0	0.0132743	0.0091324	0.0110193	0.0051546	0.0127119	0.0124224	0.0156863	0.0047619	0.0238095	0.025641	0.0074212	
Pigeon ramier	0.1036364	0.1043841	0.125	0.1245059	0.0970588	0.1145251	0.1370558	0.1366594	0.1369863	0.100304	0.1286863	0.1360544	0.1533981	0.1565891	0.1681901	0.1511335	0.1923077	0.1959707	0.2322275	0.2027027	0.2584541	0.2017291	0.2060811	0.2242647	0.2107623	0.1870229	0.1846847	0.1468531	0.2035398	0.1569507	0.1938776	0.1596958	0.0860215	0.1096491	0.0896226	0.0843023	0.0707547	0.1061947	0.0593607	0.0550964	0.1597938	0.1483051	0.0931677	0.1294118	0.1333333	0.1095238	0.1153846	0.1410019	
Columba sp.	0.0	0.0	0.0	0.0	0.0	0.0	0.0	0.0021692	0.0	0.0	0.0	0.0	0.0	0.0	0.0	0.0	0.0	0.0	0.0	0.0	0.0	0.0	0.0	0.0	0.0	0.0038168	0.0	0.0	0.0	0.0	0.0	0.0	0.0	0.0	0.0	0.0	0.0	0.0	0.0045662	0.0	0.0	0.0042373	0.0	0.0	0.0	0.0	0.0	0.0018553	
Tourterelle des bois	0.0	0.0	0.0	0.0	0.0	0.0	0.0	0.0	0.0	0.0	0.0	0.0	0.0	0.0062016	0.0255941	0.011335	0.0202429	0.0238095	0.0394945	0.033033	0.0434783	0.0432277	0.0506757	0.0294118	0.044843	0.0267176	0.0495495	0.020979	0.039823	0.0134529	0.0204082	0.0114068	0.0053763	0.0175439	0.009434	0.0	0.004717	0.0	0.0	0.0	0.0	0.0	0.0	0.0	0.0	0.0	0.0	0.0	
Tourterelle turque	0.4181818	0.3924843	0.4795918	0.5098814	0.4882353	0.4804469	0.5507614	0.5075922	0.5650685	0.5288754	0.5281501	0.5187075	0.4815534	0.4651163	0.488117	0.4282116	0.4817814	0.4304029	0.4170616	0.460961	0.4468599	0.443804	0.5135135	0.5220588	0.4304933	0.4274809	0.5045045	0.4440559	0.4424779	0.470852	0.5408163	0.6197719	0.483871	0.4561404	0.5377358	0.4476744	0.4292453	0.4469027	0.3515982	0.3471074	0.3298969	0.2923729	0.2981366	0.3490196	0.4333333	0.3333333	0.4102564	0.4137291	
Géopélie diamant	0.0	0.0	0.0	0.0	0.0	0.0	0.0	0.0	0.0	0.0	0.0	0.0	0.0	0.0	0.0	0.0	0.0	0.0	0.0	0.0	0.0	0.0	0.0	0.0	0.0	0.0015	0.0	0.0	0.0	0.0	0.0	0.0	0.0	0.0	0.0	0.0	0.0	0.0	0.0	0.0	0.0	0.0	0.0	0.0	0.0	0.0	0.0	0.0	
Ganga unibande	0.0090909	0.0083507	0.0102041	0.0197628	0.0058824	0.0055866	0.0025381	0.0021692	0.0034247	0.0091185	0.002681	0.0068027	0.015534	0.0046512	0.0109689	0.011335	0.0060729	0.014652	0.0094787	0.006006	0.0241546	0.0	0.0101351	0.0147059	0.0	0.0114504	0.009009	0.0174825	0.0088496	0.0134529	0.0204082	0.0114068	0.0107527	0.004386	0.0235849	0.0145349	0.0141509	0.039823	0.0410959	0.0220386	0.0	0.0338983	0.0248447	0.0078431	0.0	0.0095238	0.0213675	0.0204082	
Grande Outarde	0.0018182	0.0083507	0.0076531	0.0098814	0.0058824	0.0027933	0.0025381	0.0	0.0034247	0.0	0.002681	0.0119048	0.0058252	0.0077519	0.0054845	0.0037783	0.0040486	0.0015	0.0	0.0045045	0.0015	0.0015	0.0	0.0015	0.0044843	0.0015	0.0	0.0	0.0	0.0	0.0	0.0	0.0	0.0087719	0.0	0.0	0.0	0.0	0.0045662	0.0055096	0.0	0.0015	0.0	0.0039216	0.0047619	0.0047619	0.017094	0.0074212	
Outarde canepetière	0.0	0.0041754	0.0015	0.0019763	0.0029412	0.0083799	0.0076142	0.0	0.0034247	0.0	0.0	0.0085034	0.0271845	0.0310078	0.0182815	0.011335	0.0323887	0.0201465	0.0047393	0.0105105	0.0048309	0.0028818	0.0	0.0036765	0.0044843	0.0	0.0	0.0034965	0.0	0.0	0.0	0.0	0.0053763	0.0	0.0	0.0	0.004717	0.0044248	0.0	0.0	0.0	0.0042373	0.0	0.0039216	0.0	0.0047619	0.0042735	0.0037106	
Coucou geai	0.0	0.0015	0.0	0.0079051	0.0147059	0.0167598	0.0101523	0.010846	0.0171233	0.0212766	0.0160858	0.0170068	0.0194175	0.0124031	0.0164534	0.0037783	0.0121457	0.014652	0.0078989	0.006006	0.0096618	0.0057637	0.0033784	0.0073529	0.0015	0.0015	0.0	0.0	0.0	0.0	0.0	0.0	0.0	0.0	0.0	0.0	0.0	0.0	0.0	0.0	0.0	0.0	0.0	0.0	0.0	0.0	0.0	0.0	
Coucou gris	0.0	0.0	0.0	0.0	0.0	0.0	0.0	0.0021692	0.0034247	0.0121581	0.0563003	0.042517	0.0757282	0.1131783	0.1371115	0.1120907	0.1133603	0.1062271	0.0821485	0.0705706	0.0024155	0.0057637	0.0	0.0	0.0	0.0038168	0.0	0.0	0.0	0.0015	0.0	0.0	0.0	0.0	0.0	0.0	0.0	0.0	0.0	0.0	0.0	0.0	0.0	0.0	0.0	0.0	0.0	0.0	
Engoulevent à collier roux	0.0	0.0	0.0	0.0	0.0	0.0	0.0	0.0	0.0	0.0	0.0	0.0	0.0	0.0015504	0.0015	0.0012594	0.0161943	0.0054945	0.0094787	0.0015015	0.0048309	0.0015	0.0135135	0.0036765	0.0179372	0.0076336	0.0045045	0.0	0.0044248	0.0089686	0.005102	0.0076046	0.0	0.0015	0.004717	0.0015	0.0	0.0	0.0	0.0	0.0	0.0	0.0	0.0	0.0	0.0	0.0	0.0	
Engoulevent d'Europe	0.0	0.0	0.0	0.0	0.0	0.0	0.0	0.0	0.0	0.0	0.0	0.0	0.0	0.0	0.0	0.0	0.0	0.0	0.0047393	0.0	0.0	0.0	0.0033784	0.0036765	0.0	0.0	0.0	0.0	0.0	0.0	0.0	0.0	0.0	0.0	0.0	0.0	0.0	0.0	0.0015	0.0	0.0	0.0	0.0	0.0	0.0	0.0	0.0	0.0	
Caprimulgus sp.	0.0	0.0	0.0	0.0	0.0	0.0	0.0	0.0	0.0	0.0	0.0	0.0	0.0	0.0	0.0	0.0	0.0	0.0	0.0	0.0	0.0	0.0	0.0	0.0	0.0015	0.0	0.0	0.0	0.0	0.0	0.0	0.0	0.0	0.0	0.0	0.0	0.0	0.0	0.0	0.0	0.0	0.0	0.0	0.0	0.0	0.0	0.0	0.0	
Martinet à ventre blanc	0.0	0.0	0.0	0.0	0.0	0.0	0.0	0.0	0.0	0.0	0.0	0.0	0.0015	0.0031008	0.0054845	0.0	0.0	0.0	0.0015798	0.003003	0.0	0.0028818	0.0	0.0036765	0.0044843	0.0	0.0045045	0.0	0.0044248	0.0	0.0	0.0	0.0053763	0.0	0.004717	0.0	0.0015	0.0	0.0	0.0	0.0	0.0	0.0	0.0	0.0	0.0	0.0	0.0	
Martinet noir	0.0	0.0	0.0	0.0	0.0	0.0	0.0050761	0.0021692	0.0171233	0.0121581	0.0536193	0.0935374	0.1203883	0.1627907	0.1499086	0.1360202	0.1862348	0.1703297	0.1595577	0.1831832	0.2077295	0.2478386	0.2128378	0.1580882	0.1524664	0.2480916	0.2072072	0.1923077	0.1946903	0.1569507	0.1071429	0.0912548	0.0268817	0.0263158	0.0141509	0.005814	0.0	0.0	0.0	0.0	0.0	0.0	0.0	0.0	0.0047619	0.0	0.0	0.0	
Martinet pâle	0.0	0.0	0.0	0.0	0.0	0.0015	0.0015	0.0238612	0.0171233	0.0303951	0.0563003	0.0833333	0.0582524	0.1085271	0.0676417	0.059194	0.1012146	0.0622711	0.0695103	0.0600601	0.0700483	0.0864553	0.1148649	0.0955882	0.0986547	0.1068702	0.0945946	0.0874126	0.0707965	0.0358744	0.0714286	0.0722433	0.0645161	0.0657895	0.004717	0.002907	0.004717	0.0044248	0.0	0.0	0.0	0.0	0.0	0.0	0.0	0.0	0.0	0.0	
Martinet noir ou M. pâle	0.0	0.0	0.0	0.0015	0.0015	0.0015	0.0025381	0.0043384	0.0034247	0.0091185	0.0134048	0.0289116	0.0330097	0.0325581	0.023766	0.0251889	0.034413	0.040293	0.0505529	0.0315315	0.0410628	0.0403458	0.0472973	0.0404412	0.044843	0.0534351	0.0675676	0.041958	0.0884956	0.0358744	0.0408163	0.0304183	0.0268817	0.0087719	0.004717	0.005814	0.004717	0.0	0.0045662	0.0	0.0	0.0	0.0	0.0	0.0	0.0	0.0	0.0	
Martinet des maisons	0.0	0.0	0.0	0.0	0.0	0.0	0.0	0.0	0.0	0.0	0.0	0.0	0.0	0.0	0.0	0.0	0.0	0.0	0.0	0.0	0.0	0.0028818	0.0	0.0	0.0	0.0	0.0	0.0	0.0	0.0	0.0	0.0	0.0	0.0	0.0	0.0	0.0	0.0	0.0	0.0	0.0	0.0	0.0	0.0	0.0	0.0	0.0	0.0	
Martinet cafre	0.0	0.0	0.0	0.0	0.0	0.0	0.0	0.0	0.0	0.0	0.0	0.0	0.0	0.0	0.0	0.0	0.0	0.0	0.0031596	0.0075075	0.0120773	0.0144092	0.0168919	0.0220588	0.0089686	0.0	0.0135135	0.0034965	0.0	0.0	0.0	0.0038023	0.0	0.0	0.0	0.0	0.0	0.0	0.0	0.0	0.0	0.0	0.0	0.0	0.0	0.0	0.0	0.0	
Apus ou Tachymarptis sp.	0.0	0.0	0.0	0.0	0.0	0.0	0.0	0.0015	0.0	0.0	0.0	0.0	0.0015	0.0077519	0.0	0.0037783	0.0020243	0.0018315	0.0015798	0.0015015	0.0015	0.0	0.0067568	0.0	0.0	0.0114504	0.0045045	0.006993	0.0	0.0	0.0	0.0	0.0	0.0	0.0	0.0	0.0	0.0	0.0	0.0027548	0.0	0.0	0.0	0.0	0.0	0.0	0.0	0.0	
Râle d'eau	0.0072727	0.0020877	0.0	0.0019763	0.0029412	0.0055866	0.0050761	0.0043384	0.0	0.0030395	0.002681	0.005102	0.0015	0.0	0.0	0.0012594	0.0040486	0.003663	0.0	0.003003	0.0024155	0.0	0.0033784	0.0036765	0.0	0.0	0.009009	0.0034965	0.0	0.0	0.005102	0.0038023	0.0	0.0	0.0	0.0	0.0	0.0	0.0045662	0.0137741	0.0	0.0	0.0062112	0.0	0.0	0.0	0.0042735	0.0055659	
Marouette ponctuée	0.0	0.0	0.0	0.0	0.0	0.0	0.0	0.0	0.0	0.0	0.002681	0.0017007	0.0	0.0	0.0	0.0	0.0	0.0	0.0	0.0	0.0	0.0	0.0	0.0	0.0	0.0	0.0	0.0	0.0	0.0	0.0	0.0	0.0	0.0	0.0	0.0	0.0	0.0	0.0	0.0	0.0	0.0	0.0	0.0	0.0	0.0	0.0	0.0	
Gallinule poule-d'eau	0.0709091	0.0793319	0.0561224	0.0750988	0.0676471	0.0810056	0.0609137	0.0629067	0.0684932	0.0729483	0.080429	0.0595238	0.0679612	0.0496124	0.0548446	0.0629723	0.0809717	0.0824176	0.0552923	0.0885886	0.0748792	0.054755	0.0878378	0.0625	0.103139	0.0763359	0.0675676	0.0734266	0.0707965	0.0941704	0.0714286	0.0874525	0.0376344	0.0964912	0.0896226	0.0639535	0.0424528	0.0707965	0.1506849	0.0550964	0.1082474	0.0805085	0.0434783	0.1058824	0.0714286	0.0571429	0.034188	0.0649351	
Foulque macroule	0.0436364	0.0772443	0.0663265	0.0750988	0.0852941	0.1061453	0.0761421	0.0802603	0.0479452	0.112462	0.0938338	0.0986395	0.0737864	0.0511628	0.0585009	0.0692695	0.0991903	0.0879121	0.0742496	0.0975976	0.115942	0.0806916	0.1216216	0.1176471	0.103139	0.1068702	0.1126126	0.1293706	0.0884956	0.0538117	0.122449	0.0304183	0.0430108	0.1359649	0.0707547	0.0726744	0.0566038	0.1106195	0.109589	0.0688705	0.1082474	0.1101695	0.0869565	0.0862745	0.0380952	0.1238095	0.1111111	0.0705009	
Foulque caronculée	0.0	0.0	0.0	0.0	0.0	0.0	0.0	0.0	0.0	0.0	0.0	0.0	0.0	0.0	0.0	0.0	0.0	0.003663	0.0015798	0.0015015	0.0	0.0	0.0	0.0	0.0	0.0	0.0045045	0.0104895	0.0044248	0.0	0.005102	0.0	0.0	0.0	0.0	0.0	0.0	0.0	0.0	0.0	0.0	0.0	0.0	0.0	0.0	0.0	0.0	0.0	
Talève sultane	0.0072727	0.0	0.002551	0.0	0.0	0.0	0.0025381	0.0021692	0.0	0.0	0.002681	0.0017007	0.0019417	0.0015504	0.0	0.0	0.0	0.0018315	0.0015798	0.0015015	0.0	0.0	0.0	0.0	0.0	0.0	0.0	0.0	0.0	0.0	0.0	0.0	0.0	0.0	0.0	0.0	0.0	0.0	0.0	0.0	0.0	0.0	0.0	0.0	0.0	0.0	0.0	0.0018553	
Marouette de Baillon	0.0018182	0.0	0.0	0.0	0.0	0.0	0.0	0.0	0.0	0.0	0.0	0.0	0.0	0.0	0.0	0.0	0.0	0.0	0.0	0.0	0.0	0.0	0.0	0.0	0.0	0.0	0.0	0.0	0.0	0.0	0.0	0.0	0.0	0.0	0.0	0.0	0.0	0.0	0.0	0.0	0.0	0.0	0.0	0.0	0.0	0.0	0.0	0.0	
Grue demoiselle	0.0	0.0	0.0	0.0019763	0.0	0.0	0.0	0.0	0.0	0.0	0.0	0.0	0.0	0.0	0.0	0.0	0.0	0.0	0.0	0.0	0.0	0.0	0.0	0.0	0.0	0.0	0.0	0.0	0.0	0.0	0.0	0.0	0.0	0.0	0.0	0.0	0.0	0.0	0.0	0.0	0.0	0.0	0.0	0.0	0.0	0.0	0.0	0.0	
Grue cendrée	0.0854545	0.0876827	0.1122449	0.1225296	0.0558824	0.0698324	0.071066	0.032538	0.0136986	0.0091185	0.0015	0.0	0.0	0.0	0.0	0.0	0.0	0.0	0.0	0.0	0.0	0.0	0.0	0.0	0.0	0.0	0.0	0.0	0.0	0.0	0.0	0.0	0.0	0.0	0.0	0.0	0.0	0.0044248	0.0365297	0.0578512	0.0979381	0.1228814	0.1304348	0.1137255	0.0761905	0.1428571	0.2008547	0.1038961	
Oedicnème criard	0.0018182	0.0104384	0.0204082	0.0217391	0.0117647	0.0027933	0.0050761	0.0	0.0136986	0.0182371	0.0080429	0.005102	0.0058252	0.0155039	0.0109689	0.0088161	0.0121457	0.014652	0.0126382	0.0135135	0.0193237	0.0115274	0.0101351	0.0183824	0.0044843	0.0038168	0.0135135	0.020979	0.0044248	0.0044843	0.0	0.0114068	0.0	0.0	0.0	0.0	0.0	0.0	0.0	0.0027548	0.0015	0.0	0.0062112	0.0039216	0.0	0.0015	0.0213675	0.0111317	
Échasse blanche	0.0509091	0.0626305	0.0535714	0.06917	0.0676471	0.0977654	0.0329949	0.0477223	0.0684932	0.0607903	0.0670241	0.0748299	0.0621359	0.0651163	0.0566728	0.0629723	0.0728745	0.0934066	0.0631912	0.0945946	0.1280193	0.1037464	0.152027	0.1360294	0.103139	0.1145038	0.1081081	0.1573427	0.1327434	0.0717489	0.1173469	0.0228137	0.0591398	0.1096491	0.0943396	0.0755814	0.0518868	0.1283186	0.0958904	0.0661157	0.056701	0.059322	0.0496894	0.0745098	0.0619048	0.0809524	0.0982906	0.0649351	
Avocette élégante	0.0036364	0.0041754	0.0	0.0	0.0	0.0	0.0	0.0	0.0	0.0	0.0	0.0017007	0.0	0.0	0.0	0.0012594	0.0	0.0	0.0	0.0	0.0	0.0	0.0	0.0	0.0	0.0	0.0045045	0.0	0.0044248	0.0	0.0	0.0	0.0053763	0.004386	0.0	0.002907	0.0	0.0044248	0.0045662	0.0027548	0.0051546	0.0	0.0	0.0039216	0.0	0.0	0.0042735	0.0018553	
Pluvier argenté	0.0	0.0	0.0	0.0	0.0	0.0	0.0	0.0	0.0	0.0	0.0	0.0	0.0	0.0	0.0	0.0	0.0	0.0018315	0.0	0.003003	0.0	0.0	0.0	0.0	0.0	0.0	0.0	0.0	0.0	0.0	0.0	0.0	0.0	0.0	0.0	0.0	0.0	0.0	0.0	0.0	0.0	0.0	0.0	0.0	0.0	0.0	0.0	0.0	
Pluvier doré	0.0872727	0.1294363	0.1173469	0.083004	0.0941176	0.0921788	0.0685279	0.0455531	0.0308219	0.0030395	0.0	0.0	0.0	0.0	0.0	0.0	0.0	0.0	0.0	0.0	0.0	0.0	0.0	0.0	0.0	0.0	0.0	0.0034965	0.0	0.0	0.0	0.0038023	0.0	0.0	0.0	0.0	0.0	0.0	0.0045662	0.0165289	0.0154639	0.0211864	0.0186335	0.0745098	0.0619048	0.1	0.1282051	0.0927644	
Guignard d’Eurasie	0.0	0.0	0.0	0.0	0.0	0.0	0.0	0.021692	0.010274	0.0	0.0	0.0	0.0	0.0	0.0	0.0	0.0	0.0	0.0	0.0	0.0	0.0	0.0	0.0	0.0	0.0	0.0	0.0	0.0	0.0	0.0	0.0	0.0	0.0	0.0	0.0	0.0	0.0	0.0	0.0	0.0	0.0	0.0	0.0	0.0	0.0	0.0	0.0	
Grand Gravelot	0.0109091	0.0313152	0.0153061	0.0256917	0.0088235	0.0139665	0.0101523	0.0043384	0.0034247	0.006079	0.0134048	0.0034014	0.0038835	0.0	0.0036563	0.0050378	0.0040486	0.014652	0.0031596	0.0015015	0.0	0.0	0.0	0.0	0.0	0.0	0.0045045	0.0034965	0.0265487	0.0	0.0306122	0.0190114	0.0322581	0.0833333	0.0943396	0.0639535	0.0613208	0.0619469	0.0730594	0.0633609	0.056701	0.0720339	0.0186335	0.0666667	0.0190476	0.0619048	0.0384615	0.0185529	
Petit Gravelot	0.0127273	0.0438413	0.0076531	0.0256917	0.0441176	0.0251397	0.0203046	0.0260304	0.0410959	0.0638298	0.0294906	0.0663265	0.0466019	0.0403101	0.0530165	0.0541562	0.0688259	0.0567766	0.0379147	0.0690691	0.0845411	0.0461095	0.1182432	0.0955882	0.1121076	0.1145038	0.1126126	0.1888112	0.1504425	0.0896861	0.127551	0.0798479	0.0752688	0.1885965	0.1273585	0.1337209	0.0943396	0.1150442	0.0913242	0.046832	0.0515464	0.0550847	0.0248447	0.0509804	0.0238095	0.0238095	0.0384615	0.0148423	
Grand Gravelot ou Petit Gravelot	0.0	0.0	0.0	0.0	0.0	0.0	0.0	0.0	0.0	0.0	0.0	0.0	0.0	0.0	0.0	0.0	0.0	0.0	0.0	0.0	0.0	0.0	0.0	0.0	0.0	0.0	0.0	0.0	0.0044248	0.0	0.0	0.0	0.0	0.0	0.0	0.0	0.0	0.0	0.0	0.0	0.0	0.0	0.0	0.0	0.0	0.0	0.0	0.0	
Vanneau huppé	0.34	0.3924843	0.3418367	0.3379447	0.3352941	0.3351955	0.180203	0.1475054	0.1130137	0.0151976	0.0053619	0.0017007	0.0	0.0015504	0.0018282	0.0	0.0	0.0018315	0.0031596	0.0045045	0.0120773	0.0172911	0.0304054	0.0220588	0.0358744	0.0572519	0.0540541	0.0874126	0.0575221	0.0493274	0.0612245	0.0076046	0.0537634	0.1403509	0.1320755	0.1337209	0.1886792	0.2920354	0.2968037	0.3250689	0.3092784	0.3898305	0.3229814	0.3686275	0.2714286	0.4761905	0.4401709	0.4248609	
Vanneau sociable	0.0	0.0020877	0.002551	0.0079051	0.0	0.0	0.0076142	0.0260304	0.0273973	0.0	0.0	0.0	0.0	0.0	0.0	0.0	0.0	0.0	0.0	0.0	0.0	0.0	0.0	0.0	0.0	0.0	0.0	0.0	0.0	0.0	0.0	0.0	0.0	0.0	0.0	0.0	0.0	0.0	0.0	0.0015	0.0051546	0.0	0.0	0.0	0.0	0.0047619	0.008547	0.0018553	
Gravelot à collier interrompu	0.0127273	0.0271399	0.0204082	0.013834	0.0147059	0.0055866	0.0076142	0.0086768	0.0	0.0182371	0.0107239	0.0068027	0.0019417	0.0	0.0073126	0.0	0.0060729	0.003663	0.0	0.003003	0.0	0.0028818	0.0033784	0.0036765	0.0134529	0.0114504	0.0135135	0.006993	0.0132743	0.0089686	0.0255102	0.0	0.016129	0.0131579	0.0377358	0.0290698	0.009434	0.0132743	0.0136986	0.0192837	0.0257732	0.0423729	0.0	0.0392157	0.0142857	0.0571429	0.0213675	0.012987	
Gravelot sp.	0.0	0.0	0.0	0.0	0.0029412	0.0	0.0	0.0	0.0	0.0	0.0	0.0	0.0	0.0	0.0	0.0	0.0	0.0	0.0	0.0	0.0	0.0	0.0	0.0	0.0	0.0	0.0	0.0	0.0	0.0	0.0	0.0	0.0	0.0087719	0.0	0.0	0.0	0.0044248	0.0	0.0	0.0	0.0	0.0	0.0	0.0	0.0142857	0.0	0.0	
Charadriidae sp.	0.0	0.0	0.0	0.0	0.0	0.0	0.0	0.0021692	0.0	0.0	0.0	0.0	0.0	0.0	0.0	0.0	0.0	0.0	0.0	0.0	0.0	0.0	0.0	0.0	0.0	0.0	0.0	0.0	0.0	0.0	0.0	0.0	0.0	0.0	0.0	0.0	0.0	0.0	0.0	0.0	0.0	0.0	0.0	0.0	0.0	0.0	0.0	0.0	
Courlis corlieu	0.0	0.0	0.0	0.0	0.0	0.0	0.0	0.0	0.0	0.0	0.0	0.0	0.0	0.0	0.0036563	0.0012594	0.0	0.0	0.0	0.0	0.0	0.0	0.0	0.0	0.0	0.0	0.0	0.0	0.0	0.0	0.005102	0.0	0.0	0.0	0.0	0.0	0.0	0.0	0.0	0.0	0.0	0.0	0.0	0.0	0.0	0.0	0.0	0.0	
Courlis cendré	0.0	0.0020877	0.0	0.0	0.0	0.0	0.0	0.0	0.0	0.0	0.0	0.0	0.0	0.0	0.0	0.0	0.0	0.0	0.0	0.0	0.0	0.0	0.0	0.0	0.0	0.0	0.0	0.0	0.0	0.0	0.0	0.0	0.0	0.0	0.0	0.0	0.0	0.0	0.0	0.0	0.0	0.0	0.0	0.0	0.0	0.0	0.0042735	0.0	
Barge à queue noire	0.0	0.0041754	0.0	0.0	0.0029412	0.0	0.0	0.0021692	0.0034247	0.0	0.002681	0.0	0.0	0.0015504	0.0	0.0012594	0.0	0.0018315	0.0	0.0	0.0	0.0028818	0.0101351	0.0073529	0.0	0.0038168	0.009009	0.013986	0.0088496	0.0089686	0.005102	0.0	0.0	0.0263158	0.004717	0.0	0.0	0.0	0.0	0.0055096	0.0	0.0	0.0	0.0	0.0	0.0	0.0042735	0.0	
Bécassine sourde	0.0	0.0041754	0.005102	0.0	0.0	0.0	0.0	0.0	0.0	0.0	0.0	0.0017007	0.0	0.0	0.0	0.0	0.0	0.0	0.0	0.0	0.0	0.0	0.0	0.0	0.0	0.0	0.0	0.0	0.0	0.0	0.0	0.0	0.0	0.0	0.0	0.0	0.0	0.0	0.0	0.0	0.0	0.0	0.0	0.0	0.0	0.0	0.0	0.0018553	
Bécasse des bois	0.0	0.0020877	0.002551	0.0039526	0.0029412	0.0027933	0.0	0.0015	0.0	0.0	0.0	0.0	0.0	0.0	0.0	0.0	0.0	0.0	0.0	0.0	0.0	0.0	0.0	0.0	0.0	0.0	0.0	0.0	0.0	0.0	0.0	0.0	0.0	0.0	0.0	0.0	0.0	0.0	0.0	0.0	0.0	0.0	0.0	0.0	0.0	0.0	0.0	0.0018553	
Bécassine des marais	0.0690909	0.0835073	0.0535714	0.0592885	0.0823529	0.0446927	0.0329949	0.0629067	0.0513699	0.0577508	0.0348525	0.0306122	0.0174757	0.0062016	0.0036563	0.0	0.0	0.0	0.0	0.0	0.0	0.0	0.0	0.0	0.0	0.0	0.0	0.0	0.0044248	0.0	0.0102041	0.0038023	0.0215054	0.0438596	0.0566038	0.0813953	0.0801887	0.0973451	0.1415525	0.0936639	0.1134021	0.1144068	0.0559006	0.1019608	0.0571429	0.0952381	0.1025641	0.1020408	
Chevalier guignette	0.0763636	0.1189979	0.0892857	0.1225296	0.0970588	0.0977654	0.0837563	0.0802603	0.0582192	0.0942249	0.0616622	0.0731293	0.0601942	0.055814	0.0566728	0.0390428	0.0242915	0.010989	0.0063191	0.009009	0.0	0.0057637	0.0101351	0.0367647	0.0493274	0.0801527	0.1396396	0.1783217	0.1637168	0.161435	0.1377551	0.1102662	0.1397849	0.245614	0.2169811	0.2238372	0.1415094	0.159292	0.1780822	0.1460055	0.1701031	0.1610169	0.0807453	0.1764706	0.1142857	0.1952381	0.1410256	0.1576994	
Chevalier culblanc	0.0981818	0.1524008	0.1147959	0.1264822	0.1029412	0.1256983	0.0989848	0.0976139	0.0924658	0.1337386	0.0563003	0.0833333	0.0349515	0.0263566	0.0109689	0.0037783	0.0	0.0	0.0	0.0015015	0.0024155	0.0115274	0.0168919	0.0735294	0.0852018	0.0916031	0.1396396	0.1783217	0.1504425	0.1390135	0.1989796	0.1520913	0.1397849	0.2280702	0.1886792	0.1860465	0.1320755	0.2300885	0.2054795	0.2066116	0.242268	0.2288136	0.0931677	0.1803922	0.1619048	0.1857143	0.1923077	0.1465677	
Chevalier stagnatile	0.0	0.0	0.0	0.0	0.0	0.0	0.0	0.0	0.0	0.0	0.0	0.0	0.0019417	0.0	0.0018282	0.0	0.0	0.0	0.0	0.0	0.0	0.0	0.0	0.0	0.0	0.0	0.0	0.0	0.0	0.0	0.0	0.0	0.0	0.0	0.0	0.0	0.0	0.0	0.0	0.0	0.0	0.0	0.0	0.0	0.0	0.0	0.0	0.0	
Chevalier sylvain	0.0	0.0041754	0.002551	0.0039526	0.0	0.0027933	0.0	0.0043384	0.0	0.0030395	0.0	0.0	0.0038835	0.0031008	0.0091408	0.0025189	0.0	0.0	0.0	0.0	0.0	0.0	0.0	0.0	0.0	0.0	0.0045045	0.006993	0.0	0.0	0.0102041	0.0038023	0.0	0.0175439	0.004717	0.005814	0.0	0.0044248	0.0045662	0.0	0.0	0.0127119	0.0	0.0	0.0095238	0.0047619	0.0042735	0.0018553	
Chevalier gambette	0.0	0.0	0.0015	0.0	0.0	0.0	0.0	0.0021692	0.0	0.0121581	0.0053619	0.0119048	0.0019417	0.0031008	0.0018282	0.0088161	0.0080972	0.003663	0.0	0.006006	0.0	0.0028818	0.0033784	0.0220588	0.0	0.019084	0.027027	0.0104895	0.0088496	0.0134529	0.0102041	0.0	0.0107527	0.0219298	0.0141509	0.0203488	0.004717	0.0088496	0.0091324	0.0055096	0.0	0.0042373	0.0	0.0039216	0.0047619	0.0047619	0.0128205	0.0018553	
Chevalier arlequin	0.0018182	0.0041754	0.0	0.0019763	0.0029412	0.0055866	0.0025381	0.0065076	0.0034247	0.006079	0.0080429	0.005102	0.0038835	0.0031008	0.0036563	0.0025189	0.0	0.0	0.0	0.0	0.0	0.0	0.0	0.0	0.0	0.0	0.0	0.0	0.0	0.0	0.0	0.0	0.0	0.0087719	0.0	0.0	0.004717	0.0088496	0.0045662	0.0	0.0	0.0042373	0.0	0.0	0.0	0.0095238	0.0128205	0.0037106	
Chevalier aboyeur	0.0345455	0.0709812	0.0357143	0.055336	0.0558824	0.0698324	0.0329949	0.0412148	0.0273973	0.0911854	0.0321716	0.0493197	0.0194175	0.0170543	0.0274223	0.0088161	0.0121457	0.0	0.0	0.0015015	0.0	0.0	0.0033784	0.0036765	0.0	0.0038168	0.027027	0.0594406	0.0486726	0.0493274	0.0714286	0.0304183	0.0322581	0.0877193	0.0754717	0.0930233	0.0613208	0.0929204	0.109589	0.107438	0.0721649	0.1271186	0.0931677	0.0823529	0.0619048	0.0857143	0.1239316	0.0723562	
Tringa sp.	0.0	0.0	0.0	0.0	0.0	0.0	0.0	0.0	0.0	0.0	0.0	0.0	0.0	0.0	0.0	0.0	0.0015	0.0	0.0	0.0	0.0	0.0	0.0	0.0	0.0	0.0	0.0	0.0	0.0	0.0	0.0	0.0	0.0	0.0	0.0	0.0	0.0	0.0	0.0	0.0	0.0	0.0	0.0	0.0	0.0	0.0	0.0	0.0	
Tournepierre à collier	0.0	0.0	0.0	0.0	0.0	0.0	0.0	0.0	0.0	0.0	0.0	0.0	0.0	0.0	0.0	0.0	0.0	0.003663	0.0	0.0	0.0	0.0	0.0	0.0	0.0	0.0	0.0	0.0	0.0	0.0	0.0	0.0	0.0	0.004386	0.0141509	0.005814	0.0	0.0	0.0	0.0	0.0	0.0	0.0	0.0	0.0	0.0	0.0	0.0	
Combattant varié	0.0	0.0083507	0.0	0.0039526	0.0	0.0055866	0.0076142	0.0	0.0034247	0.0	0.0	0.0017007	0.0	0.0015504	0.0	0.0012594	0.0	0.003663	0.0015798	0.0015015	0.0024155	0.0	0.0	0.0036765	0.0	0.0076336	0.0	0.006993	0.0088496	0.0044843	0.0	0.0	0.0	0.0350877	0.0235849	0.0145349	0.004717	0.0176991	0.0091324	0.0165289	0.0051546	0.0169492	0.0	0.0078431	0.0	0.0142857	0.017094	0.0092764	
Bécasseau cocorli	0.0	0.0041754	0.0	0.0039526	0.0	0.0027933	0.0	0.0	0.0	0.0	0.0	0.0	0.0	0.0	0.0	0.0	0.0	0.0	0.0	0.0	0.0	0.0	0.0	0.0	0.0	0.0	0.0	0.0	0.0	0.0	0.005102	0.0038023	0.0	0.0	0.0141509	0.0	0.0	0.0	0.0	0.0	0.0103093	0.0	0.0	0.0039216	0.0	0.0	0.008547	0.0018553	
Bécasseau de Temminck	0.0	0.0	0.0	0.0	0.0	0.0	0.0	0.0	0.0	0.0	0.0053619	0.0	0.0	0.0	0.0	0.0	0.0	0.0	0.0	0.0	0.0	0.0	0.0	0.0	0.0	0.0	0.0	0.0	0.0	0.0	0.0	0.0	0.0	0.0	0.0	0.0	0.0	0.0	0.0045662	0.0	0.0051546	0.0	0.0	0.0039216	0.0095238	0.0047619	0.0	0.0	
Bécasseau sanderling	0.0	0.0	0.0	0.0	0.0	0.0	0.0	0.0	0.0	0.0	0.0	0.0	0.0	0.0	0.0	0.0	0.0	0.003663	0.0	0.0	0.0	0.0	0.0	0.0	0.0	0.0	0.0	0.0034965	0.0	0.0	0.0	0.0	0.0	0.0	0.0	0.0	0.0	0.0	0.0	0.0	0.0	0.0042373	0.0	0.0	0.0	0.0	0.0042735	0.0	
Bécasseau variable	0.0181818	0.0354906	0.0102041	0.0296443	0.0147059	0.0083799	0.0101523	0.0086768	0.0	0.0091185	0.0080429	0.005102	0.0019417	0.0015504	0.0018282	0.0075567	0.0	0.010989	0.0015798	0.006006	0.0	0.0	0.0	0.0	0.0	0.0038168	0.0045045	0.006993	0.0132743	0.0089686	0.0102041	0.0076046	0.0053763	0.0482456	0.0188679	0.0145349	0.004717	0.0176991	0.0228311	0.0192837	0.0360825	0.0423729	0.0	0.0627451	0.0095238	0.0619048	0.042735	0.0185529	
Bécasseau minute	0.0072727	0.0167015	0.002551	0.0177866	0.0147059	0.0055866	0.0050761	0.0043384	0.0	0.006079	0.0134048	0.0034014	0.0019417	0.0015504	0.0036563	0.0037783	0.0	0.003663	0.0	0.0	0.0	0.0	0.0	0.0	0.0	0.0	0.0	0.0	0.0088496	0.0044843	0.0102041	0.0	0.0	0.0087719	0.0141509	0.0145349	0.004717	0.0088496	0.0182648	0.0110193	0.0154639	0.0169492	0.0	0.0235294	0.0095238	0.0285714	0.0213675	0.0055659	
Calidris sp. (petit bécasseau sp.)	0.0	0.0	0.0	0.0	0.0	0.0	0.0	0.0	0.0	0.0	0.0	0.0	0.0	0.0	0.0	0.0	0.0	0.0	0.0	0.0	0.0	0.0	0.0	0.0	0.0	0.0	0.0	0.0	0.0	0.0	0.0	0.0	0.0	0.0087719	0.0	0.0	0.0	0.0	0.0	0.0	0.0	0.0	0.0	0.0	0.0	0.0142857	0.0	0.0	
Calidris sp.	0.0	0.0	0.0	0.0	0.0	0.0	0.0	0.0	0.0	0.0030395	0.0	0.0	0.0	0.0	0.0	0.0	0.0	0.0	0.0	0.0	0.0	0.0	0.0	0.0	0.0	0.0	0.0	0.0	0.0	0.0	0.0	0.0	0.0	0.0	0.0	0.0	0.0	0.0	0.0	0.0	0.0	0.0	0.0	0.0	0.0	0.0	0.0	0.0	
Glaréole à collier	0.0	0.0	0.0	0.0	0.0	0.0	0.0	0.0	0.0	0.0	0.0134048	0.0119048	0.007767	0.0139535	0.0073126	0.0151134	0.0121457	0.021978	0.0157978	0.0195195	0.0241546	0.0230548	0.0405405	0.0183824	0.0313901	0.0267176	0.036036	0.013986	0.0132743	0.0044843	0.0	0.0	0.0	0.0	0.0	0.0	0.0	0.0	0.0	0.0	0.0	0.0	0.0	0.0	0.0	0.0	0.0	0.0	
limicole sp.	0.0	0.0	0.0	0.0	0.0	0.0	0.0	0.0	0.0	0.0	0.0	0.0	0.0	0.0	0.0	0.0	0.0	0.0	0.0	0.0	0.0	0.0	0.0	0.0	0.0	0.0	0.0	0.0	0.0	0.0	0.0	0.0	0.0	0.0	0.0	0.0	0.0	0.0	0.0	0.0	0.0	0.0	0.0	0.0	0.0	0.0095238	0.0128205	0.0	
Mouette pygmée	0.0018182	0.0041754	0.005102	0.0158103	0.0058824	0.0055866	0.0025381	0.0021692	0.0	0.0030395	0.002681	0.0034014	0.0	0.0	0.0	0.0012594	0.0	0.0	0.0	0.0	0.0	0.0	0.0	0.0036765	0.0089686	0.0	0.0	0.0	0.0	0.0	0.0	0.0	0.0	0.0	0.0	0.0	0.0	0.0	0.0	0.0	0.0	0.0	0.0	0.0	0.0	0.0	0.0042735	0.0	
Mouette rieuse	0.1236364	0.17119	0.1377551	0.1363636	0.0941176	0.1703911	0.0837563	0.0737527	0.0650685	0.0881459	0.0697051	0.047619	0.031068	0.0093023	0.023766	0.0264484	0.0263158	0.0311355	0.0221169	0.0105105	0.031401	0.0288184	0.0405405	0.0441176	0.0493274	0.0381679	0.0765766	0.0804196	0.0663717	0.058296	0.0714286	0.0228137	0.0698925	0.0964912	0.0849057	0.0784884	0.1084906	0.0884956	0.1552511	0.1460055	0.1185567	0.1822034	0.0745342	0.1647059	0.1238095	0.2285714	0.2051282	0.1762523	
Goéland d'Audouin	0.0	0.0	0.0	0.0	0.0	0.0	0.0	0.0	0.0	0.0	0.0	0.0	0.0	0.0	0.0	0.0	0.0	0.0054945	0.0	0.0	0.0	0.0	0.0	0.0	0.0	0.0	0.0045045	0.006993	0.0	0.0	0.005102	0.0	0.0	0.0	0.0	0.002907	0.0	0.0	0.0	0.0	0.0	0.0	0.0	0.0	0.0	0.0	0.0	0.0	
Mouette mélanocéphale	0.0	0.0	0.0	0.0	0.0	0.0027933	0.0	0.0	0.0	0.0	0.0	0.0	0.0	0.0	0.0	0.0	0.0	0.0	0.0	0.0	0.0	0.0	0.0	0.0	0.0044843	0.0	0.0045045	0.0034965	0.0	0.0	0.0	0.0	0.0	0.0	0.0	0.0	0.0	0.0	0.0	0.0	0.0	0.0	0.0	0.0	0.0	0.0	0.0	0.0	
Mouette rieuse ou M. mélanocéphale	0.0	0.0	0.0	0.0	0.0	0.0	0.0	0.0	0.0	0.0	0.0	0.0	0.0	0.0	0.0	0.0	0.0	0.0	0.0	0.0	0.0	0.0	0.0	0.0	0.0	0.0038168	0.0	0.0	0.0	0.0	0.005102	0.0	0.0	0.0	0.0	0.0	0.0	0.0	0.0	0.0	0.0	0.0	0.0	0.0	0.0	0.0	0.0	0.0	
Goéland leucophée	0.0	0.0	0.002551	0.0079051	0.0	0.0055866	0.0	0.0021692	0.0	0.0030395	0.0	0.0015	0.0019417	0.0031008	0.0	0.0025189	0.0040486	0.0	0.0015798	0.0	0.0072464	0.0028818	0.0033784	0.0110294	0.0044843	0.0038168	0.0135135	0.013986	0.0088496	0.0	0.0255102	0.0076046	0.0107527	0.0131579	0.0	0.0	0.0141509	0.0132743	0.0091324	0.0110193	0.0051546	0.0	0.0	0.0	0.0047619	0.0	0.0213675	0.0074212	
Goéland marin	0.0	0.0	0.0	0.0	0.0	0.0	0.0	0.0	0.0	0.0	0.0	0.0017007	0.0	0.0	0.0	0.0	0.0	0.0	0.0	0.0	0.0	0.0	0.0	0.0	0.0	0.0	0.0	0.0	0.0	0.0	0.0	0.0	0.0	0.0	0.0	0.0	0.0	0.0	0.0	0.0	0.0	0.0	0.0	0.0	0.0	0.0	0.0	0.0	
Goéland brun	0.1345455	0.1377871	0.1479592	0.1798419	0.1529412	0.1787709	0.1167513	0.1084599	0.0821918	0.1306991	0.0831099	0.079932	0.0504854	0.0387597	0.0219378	0.0289673	0.0161943	0.0274725	0.0205371	0.015015	0.0120773	0.0230548	0.0337838	0.0330882	0.0358744	0.0267176	0.045045	0.034965	0.0530973	0.0313901	0.0765306	0.0342205	0.0806452	0.0964912	0.0801887	0.0610465	0.1037736	0.0929204	0.1050228	0.1129477	0.0876289	0.2118644	0.1055901	0.1333333	0.1333333	0.2761905	0.2094017	0.1502783	
Goéland leucophée ou G. brun	0.0	0.0	0.0	0.0	0.0	0.0	0.0	0.0	0.0	0.0	0.0	0.0017007	0.0	0.0	0.0018282	0.0025189	0.0020243	0.0054945	0.0015798	0.003003	0.0048309	0.0	0.0067568	0.0073529	0.0	0.0076336	0.009009	0.006993	0.0	0.0089686	0.0255102	0.0	0.0107527	0.0	0.0141509	0.005814	0.0	0.0044248	0.0	0.0	0.0051546	0.0042373	0.0062112	0.0	0.0	0.0	0.0	0.0	
goéland sp. (Larus sp.)	0.0054545	0.0020877	0.005102	0.0019763	0.0	0.0083799	0.0076142	0.0	0.0034247	0.0030395	0.0	0.0	0.0019417	0.0015504	0.0054845	0.0025189	0.0101215	0.003663	0.0031596	0.0015015	0.0072464	0.0057637	0.0067568	0.0	0.0044843	0.0038168	0.0045045	0.006993	0.0	0.0	0.0	0.0015	0.0053763	0.0	0.0	0.002907	0.004717	0.0044248	0.0136986	0.0027548	0.0154639	0.0084746	0.0062112	0.0	0.0142857	0.0015	0.008547	0.0092764	
goéland ou mouette sp.	0.0	0.0020877	0.0	0.0	0.0	0.0	0.0	0.0	0.0	0.0	0.0	0.0	0.0	0.0	0.0	0.0	0.0	0.0	0.0	0.0	0.0	0.0	0.0	0.0	0.0	0.0	0.0	0.0	0.0	0.0	0.0	0.0	0.0	0.0	0.0	0.0	0.0	0.0	0.0	0.0	0.0	0.0	0.0	0.0	0.0	0.0	0.0	0.0	
Sterne naine	0.0	0.0	0.0	0.0	0.0	0.0	0.0	0.0	0.0	0.0	0.0	0.0	0.0	0.0031008	0.0018282	0.0201511	0.0101215	0.040293	0.0189573	0.027027	0.0241546	0.0172911	0.0472973	0.0477941	0.0313901	0.0381679	0.036036	0.0174825	0.039823	0.0134529	0.0153061	0.0	0.0107527	0.004386	0.0	0.0	0.0	0.0	0.0	0.0	0.0	0.0	0.0	0.0	0.0	0.0	0.0	0.0	
Sterne hansel	0.0	0.0	0.0	0.0	0.0	0.0027933	0.0	0.0	0.0	0.0	0.002681	0.0085034	0.0213592	0.0387597	0.0493601	0.0692695	0.0688259	0.0824176	0.0315956	0.0585586	0.0652174	0.0720461	0.1013514	0.1213235	0.0807175	0.0687023	0.0855856	0.0804196	0.0486726	0.044843	0.0	0.0	0.0	0.0	0.0	0.0	0.0	0.0	0.0	0.0	0.0	0.0	0.0	0.0	0.0	0.0	0.0	0.0	
Sterne caspienne	0.0	0.006263	0.0	0.0079051	0.0	0.0083799	0.0025381	0.0086768	0.0034247	0.006079	0.0107239	0.0204082	0.0038835	0.0062016	0.0036563	0.0100756	0.0020243	0.0054945	0.0047393	0.006006	0.0048309	0.0115274	0.0067568	0.0183824	0.0	0.0	0.009009	0.0034965	0.0044248	0.0	0.005102	0.0038023	0.0053763	0.0	0.004717	0.0	0.0	0.0	0.0	0.0	0.0	0.0	0.0	0.0	0.0	0.0	0.008547	0.0018553	
Guifette moustac	0.0018182	0.0020877	0.0	0.0039526	0.0029412	0.0	0.0	0.0	0.0	0.0	0.0053619	0.0	0.0	0.0031008	0.0146252	0.0176322	0.0161943	0.021978	0.0063191	0.024024	0.031401	0.0144092	0.0202703	0.0036765	0.0224215	0.0152672	0.018018	0.0104895	0.0088496	0.0	0.005102	0.0	0.0	0.0	0.0	0.0	0.0	0.0	0.0	0.0	0.0	0.0	0.0	0.0	0.0	0.0	0.0	0.0	
Guifette noire	0.0	0.0	0.0	0.0	0.0	0.0	0.0	0.0	0.0	0.0	0.0	0.0	0.0	0.0031008	0.0018282	0.011335	0.0121457	0.0128205	0.0015798	0.0	0.0096618	0.0	0.0	0.0	0.0	0.0	0.0	0.0034965	0.0	0.0	0.0	0.0	0.0	0.0	0.004717	0.0	0.0	0.0	0.0045662	0.0	0.0	0.0	0.0	0.0	0.0	0.0	0.0	0.0	
Guifette leucoptère	0.0	0.0	0.0	0.0	0.0	0.0	0.0	0.0	0.0	0.0	0.0	0.0	0.0	0.0	0.0	0.0	0.0	0.0	0.0	0.0	0.0	0.0	0.0067568	0.0	0.0	0.0	0.0	0.0	0.0	0.0	0.0	0.0	0.0	0.0	0.0	0.0	0.0	0.0	0.0	0.0	0.0	0.0	0.0	0.0	0.0	0.0	0.0	0.0	
guifette sp.	0.0	0.0	0.0	0.0	0.0	0.0	0.0	0.0	0.0	0.0	0.0	0.0	0.0	0.0	0.0	0.0	0.0	0.0	0.0	0.0	0.0024155	0.0	0.0	0.0	0.0	0.0	0.0	0.0	0.0	0.0	0.0	0.0	0.0	0.0	0.0	0.0	0.0	0.0	0.0	0.0	0.0	0.0	0.0	0.0	0.0	0.0	0.0	0.0	
Sterne pierregarin	0.0	0.0	0.0	0.0	0.0	0.0	0.0	0.0	0.0	0.0	0.0	0.0	0.0	0.0	0.0	0.0012594	0.0	0.003663	0.0015798	0.0	0.0	0.0144092	0.0033784	0.0	0.0089686	0.0038168	0.0045045	0.0034965	0.0	0.0	0.0	0.0	0.0	0.0	0.0	0.0	0.0	0.0	0.0091324	0.0	0.0	0.0	0.0	0.0	0.0	0.0	0.0	0.0	
sterne sp.	0.0	0.0	0.0	0.0019763	0.0	0.0	0.0	0.0	0.0	0.0	0.0	0.0	0.0019417	0.0	0.0	0.0012594	0.0020243	0.0015	0.0015798	0.0	0.0	0.0	0.0015	0.0073529	0.0	0.0	0.0	0.0	0.0044248	0.0	0.0	0.0	0.0	0.0	0.0	0.0	0.0	0.0	0.0	0.0	0.0	0.0	0.0	0.0	0.0	0.0	0.0	0.0	
Flamant rose	0.0054545	0.0020877	0.0	0.0019763	0.0	0.0027933	0.0025381	0.0086768	0.010274	0.0	0.002681	0.005102	0.0	0.0046512	0.0073126	0.0012594	0.0080972	0.0	0.0015798	0.009009	0.0096618	0.0028818	0.0101351	0.0	0.0089686	0.0152672	0.018018	0.034965	0.0353982	0.0179372	0.0357143	0.0076046	0.0322581	0.1052632	0.0754717	0.0465116	0.0283019	0.0707965	0.0639269	0.0413223	0.0309278	0.059322	0.0062112	0.027451	0.0047619	0.0190476	0.017094	0.0055659	
Grèbe castagneux	0.1127273	0.1607516	0.127551	0.1284585	0.1294118	0.1759777	0.0913706	0.0889371	0.0753425	0.1033435	0.0857909	0.0731293	0.0582524	0.0465116	0.0438757	0.0377834	0.0708502	0.0732601	0.0505529	0.0780781	0.0748792	0.0605187	0.097973	0.0919118	0.1165919	0.0916031	0.0810811	0.1538462	0.0840708	0.1165919	0.0867347	0.0608365	0.0537634	0.2149123	0.1320755	0.1162791	0.0754717	0.1548673	0.1369863	0.1515152	0.2010309	0.2288136	0.1180124	0.172549	0.0857143	0.2142857	0.1581197	0.135436	
Grèbe esclavon	0.0	0.0	0.0	0.0	0.0	0.0	0.0	0.0	0.0	0.0	0.0	0.0	0.0	0.0	0.0	0.0	0.0	0.0	0.0	0.0	0.0	0.0	0.0	0.0	0.0	0.0038168	0.0045045	0.0	0.0044248	0.0044843	0.0	0.0	0.0	0.0	0.0	0.0	0.0	0.0	0.0	0.0	0.0	0.0	0.0	0.0	0.0	0.0	0.0	0.0	
Grèbe huppé	0.0763636	0.1294363	0.0994898	0.1027668	0.1264706	0.1815642	0.0939086	0.1019523	0.0616438	0.1914894	0.1474531	0.1666667	0.1067961	0.1116279	0.1261426	0.104534	0.1376518	0.1355311	0.1090047	0.1126126	0.1497585	0.074928	0.1385135	0.125	0.1165919	0.148855	0.1306306	0.1888112	0.159292	0.1121076	0.1479592	0.0570342	0.0860215	0.1754386	0.1415094	0.1337209	0.0896226	0.1327434	0.1187215	0.1239669	0.1546392	0.1864407	0.0931677	0.1019608	0.0857143	0.1904762	0.1495726	0.1168831	
Grèbe à cou noir	0.0018182	0.0146138	0.0102041	0.0118577	0.0117647	0.0083799	0.0025381	0.0	0.0	0.0	0.0080429	0.0	0.0	0.0	0.0	0.0	0.0	0.0	0.0	0.0	0.0	0.0	0.0	0.0	0.0	0.0038168	0.0045045	0.0	0.0	0.0	0.0	0.0	0.0	0.0087719	0.0	0.0	0.0	0.0	0.0045662	0.0082645	0.0	0.0042373	0.0	0.0039216	0.0	0.0380952	0.0042735	0.0018553	
Plongeon imbrin	0.0	0.0	0.0	0.0	0.0	0.0	0.0	0.0	0.0	0.0	0.0	0.0	0.0	0.0	0.0	0.0	0.0	0.0	0.0	0.0	0.0	0.0	0.0	0.0	0.0	0.0	0.0	0.0	0.0	0.0	0.0	0.0	0.0	0.0	0.0	0.0	0.0	0.0	0.0	0.0	0.0	0.0	0.0	0.0	0.0	0.0	0.0	0.0037106	
Cigogne noire	0.0015	0.0020877	0.0127551	0.0019763	0.0058824	0.0111732	0.0050761	0.0021692	0.0068493	0.0091185	0.0134048	0.005102	0.0097087	0.0077519	0.0091408	0.011335	0.0101215	0.007326	0.0110585	0.012012	0.0458937	0.0144092	0.0371622	0.0183824	0.0358744	0.0152672	0.0135135	0.0454545	0.0353982	0.0224215	0.0357143	0.0228137	0.0430108	0.0482456	0.0235849	0.0174419	0.004717	0.0088496	0.0136986	0.0055096	0.0015	0.0084746	0.0186335	0.0	0.0095238	0.0047619	0.008547	0.0111317	
Cigogne blanche	0.3127273	0.348643	0.369898	0.3913043	0.4029412	0.3715084	0.3959391	0.3253796	0.3390411	0.4407295	0.3699732	0.3809524	0.3553398	0.351938	0.3619744	0.3224181	0.4230769	0.3571429	0.3759874	0.3813814	0.4371981	0.3458213	0.3885135	0.4191176	0.3452915	0.2938931	0.2072072	0.2027972	0.1504425	0.1076233	0.0969388	0.0608365	0.0430108	0.0657895	0.0377358	0.0436047	0.0330189	0.0486726	0.0821918	0.1322314	0.2113402	0.3050847	0.242236	0.2784314	0.347619	0.4285714	0.4017094	0.3673469	
Grand Cormoran	0.2381818	0.3110647	0.2755102	0.326087	0.2794118	0.2988827	0.1827411	0.175705	0.1609589	0.2401216	0.2117962	0.1989796	0.1436893	0.1286822	0.1297989	0.1234257	0.1315789	0.1410256	0.1026856	0.1261261	0.1521739	0.1383285	0.1655405	0.2022059	0.1793722	0.1450382	0.1711712	0.2307692	0.199115	0.1569507	0.1989796	0.1026616	0.1397849	0.2061404	0.1698113	0.1773256	0.1745283	0.2300885	0.283105	0.2506887	0.3041237	0.3601695	0.2857143	0.2666667	0.2666667	0.4142857	0.3846154	0.3673469	
Ibis falcinelle	0.0072727	0.0020877	0.0076531	0.0059289	0.0058824	0.0139665	0.0126904	0.0195228	0.0171233	0.0151976	0.0294906	0.0238095	0.023301	0.0294574	0.0420475	0.0377834	0.0587045	0.043956	0.0363349	0.0540541	0.0724638	0.037464	0.0709459	0.0735294	0.0627803	0.0610687	0.0855856	0.1118881	0.0884956	0.0807175	0.0969388	0.0304183	0.0752688	0.122807	0.0613208	0.0232558	0.0330189	0.0309735	0.0273973	0.0110193	0.0051546	0.0042373	0.0015	0.0039216	0.0047619	0.0	0.0	0.0092764	
Ibis sacré	0.0	0.0	0.0	0.0	0.0	0.0	0.0	0.0	0.0	0.0	0.0	0.0	0.0	0.0	0.0	0.0	0.0	0.0	0.0	0.0	0.0	0.0	0.0	0.0	0.0	0.0	0.0	0.0034965	0.0	0.0	0.0	0.0	0.0	0.0	0.0	0.0	0.0	0.0	0.0	0.0	0.0	0.0	0.0	0.0	0.0	0.0	0.0	0.0	
Spatule blanche	0.0763636	0.1043841	0.1020408	0.1106719	0.0941176	0.1340782	0.0786802	0.0780911	0.0582192	0.1337386	0.0857909	0.1156463	0.0718447	0.0744186	0.0767824	0.0780856	0.082996	0.0714286	0.0774092	0.1036036	0.115942	0.092219	0.1081081	0.1176471	0.1255605	0.1145038	0.0945946	0.1538462	0.1504425	0.0896861	0.0918367	0.0532319	0.0806452	0.1622807	0.0990566	0.1075581	0.0566038	0.1150442	0.1415525	0.1349862	0.1494845	0.1949153	0.0807453	0.145098	0.1047619	0.2190476	0.1623932	0.1150278	
Blongios nain	0.0054545	0.0041754	0.0	0.0	0.0029412	0.0	0.0	0.0	0.0	0.0	0.0	0.0	0.0019417	0.0031008	0.0018282	0.0037783	0.0040486	0.0018315	0.0031596	0.003003	0.0	0.0028818	0.0	0.0036765	0.0	0.0076336	0.0045045	0.0	0.0044248	0.0134529	0.005102	0.0114068	0.0053763	0.0131579	0.004717	0.002907	0.004717	0.0	0.0	0.0	0.0	0.0	0.0	0.0	0.0	0.0015	0.0	0.0	
Bihoreau gris	0.0	0.0	0.002551	0.0	0.0029412	0.0	0.0	0.0	0.0	0.0	0.0	0.0	0.0019417	0.0015504	0.0	0.0012594	0.0040486	0.0	0.0047393	0.0045045	0.0	0.0115274	0.0067568	0.0220588	0.0	0.0114504	0.0045045	0.0034965	0.0088496	0.0044843	0.0102041	0.0038023	0.0053763	0.0175439	0.0	0.002907	0.0	0.0044248	0.0	0.0	0.0	0.0	0.0	0.0	0.0047619	0.0047619	0.0	0.0	
Aigrette garzette	0.1	0.1336117	0.122449	0.1245059	0.1235294	0.1340782	0.1040609	0.1062907	0.0719178	0.1671733	0.1126005	0.1139456	0.0737864	0.075969	0.0767824	0.0743073	0.0951417	0.0915751	0.0537125	0.0885886	0.1183575	0.092219	0.1621622	0.1801471	0.161435	0.1335878	0.1441441	0.2027972	0.1814159	0.1345291	0.1785714	0.095057	0.1236559	0.2412281	0.1886792	0.1802326	0.1933962	0.1858407	0.2146119	0.2066116	0.2268041	0.2542373	0.1304348	0.1921569	0.152381	0.2190476	0.1794872	0.1410019	
Crabier chevelu	0.0	0.0020877	0.002551	0.0	0.0	0.0	0.0	0.0	0.0	0.0	0.0	0.0	0.0	0.0	0.0018282	0.0037783	0.0	0.0	0.0015798	0.0	0.0	0.0028818	0.0	0.0	0.0	0.0	0.0	0.0015	0.0	0.0	0.005102	0.0038023	0.0053763	0.004386	0.004717	0.0	0.004717	0.0	0.0	0.0	0.0	0.0	0.0	0.0	0.0	0.0	0.0	0.0	
Héron garde-boeufs	0.2127273	0.1920668	0.2270408	0.2055336	0.1676471	0.1536313	0.1573604	0.186551	0.1712329	0.1975684	0.1581769	0.1632653	0.1359223	0.1550388	0.0895795	0.0856423	0.1234818	0.0934066	0.0947867	0.0975976	0.1449275	0.1095101	0.1182432	0.1397059	0.1479821	0.1564885	0.1441441	0.2097902	0.2079646	0.1838565	0.1479592	0.1292776	0.1505376	0.2236842	0.1603774	0.1715116	0.2216981	0.159292	0.196347	0.1873278	0.1597938	0.190678	0.2236025	0.2	0.2	0.2095238	0.1837607	0.1706865	
Grande Aigrette	0.0727273	0.1043841	0.122449	0.1185771	0.1382353	0.1424581	0.0939086	0.1041215	0.0856164	0.1428571	0.0938338	0.1003401	0.0601942	0.0418605	0.0566728	0.0377834	0.048583	0.03663	0.0205371	0.0435435	0.0748792	0.0317003	0.0472973	0.0294118	0.058296	0.0648855	0.0630631	0.0594406	0.079646	0.0403587	0.0561224	0.0228137	0.0376344	0.1052632	0.0943396	0.0872093	0.0518868	0.0929204	0.1324201	0.1652893	0.1649485	0.190678	0.1304348	0.1568627	0.1428571	0.2285714	0.1752137	0.1335807	
Héron cendré	0.1963636	0.2901879	0.2066327	0.2411067	0.2470588	0.2597765	0.2081218	0.1843818	0.2020548	0.2553191	0.2225201	0.2227891	0.1650485	0.1658915	0.202925	0.1662469	0.242915	0.1904762	0.1800948	0.2132132	0.294686	0.2305476	0.3074324	0.3051471	0.2780269	0.3015267	0.3243243	0.3741259	0.3097345	0.3183857	0.3469388	0.2319392	0.2311828	0.377193	0.3018868	0.3052326	0.3113208	0.3628319	0.3561644	0.3030303	0.3608247	0.3771186	0.242236	0.2862745	0.2571429	0.4	0.3589744	0.2949907	
Héron pourpré	0.0	0.0	0.002551	0.0	0.0	0.0	0.0	0.0	0.0	0.0030395	0.0160858	0.0221088	0.0407767	0.0263566	0.0365631	0.0453401	0.0404858	0.0695971	0.0505529	0.0630631	0.0724638	0.0403458	0.1081081	0.1213235	0.1210762	0.1335878	0.1126126	0.1083916	0.1150442	0.0807175	0.0561224	0.0190114	0.0053763	0.004386	0.0015	0.0	0.0	0.0	0.0	0.0	0.0	0.0	0.0	0.0	0.0	0.0	0.0	0.0	
aigrette ou héron blanc sp.	0.0	0.0	0.0	0.0	0.0	0.0	0.0	0.0	0.0	0.0	0.0	0.0	0.0	0.0	0.0	0.0	0.0	0.0	0.0	0.0	0.0	0.0	0.0	0.0	0.0	0.0038168	0.0	0.0	0.0044248	0.0	0.0	0.0	0.0	0.0	0.004717	0.0	0.0	0.0	0.0	0.0	0.0	0.0	0.0	0.0	0.0	0.0	0.0	0.0	
Balbuzard pêcheur	0.0054545	0.006263	0.0153061	0.0237154	0.0088235	0.0167598	0.0025381	0.0130152	0.0068493	0.0151976	0.0080429	0.0068027	0.0	0.0062016	0.0	0.0025189	0.0060729	0.003663	0.0031596	0.0045045	0.0048309	0.0144092	0.0101351	0.0110294	0.0044843	0.0	0.0045045	0.0	0.0088496	0.0044843	0.0153061	0.0038023	0.0215054	0.0131579	0.004717	0.002907	0.004717	0.0044248	0.0136986	0.0015	0.0257732	0.0084746	0.0062112	0.0078431	0.0047619	0.0190476	0.0128205	0.0074212	
Élanion blanc	0.0345455	0.0438413	0.0408163	0.055336	0.0411765	0.0307263	0.035533	0.021692	0.0136986	0.0182371	0.0107239	0.0238095	0.0174757	0.027907	0.0201097	0.011335	0.0222672	0.0164835	0.0189573	0.0165165	0.0217391	0.0259366	0.0101351	0.0110294	0.0179372	0.0458015	0.027027	0.013986	0.0353982	0.0224215	0.0306122	0.0304183	0.016129	0.0175439	0.0283019	0.0203488	0.0330189	0.0486726	0.0730594	0.0275482	0.0515464	0.0254237	0.0372671	0.0666667	0.0619048	0.0571429	0.0641026	0.0482375	
Percnoptère d'Égypte	0.0	0.0	0.0	0.0019763	0.0	0.0	0.0050761	0.0	0.0034247	0.0	0.0	0.0	0.0	0.0	0.0018282	0.0	0.0	0.0018315	0.0015798	0.0	0.0	0.0	0.0101351	0.0073529	0.0	0.0	0.0045045	0.0	0.0044248	0.0	0.0	0.0	0.0	0.0	0.0	0.002907	0.004717	0.0044248	0.0	0.0	0.0051546	0.0	0.0	0.0	0.0	0.0	0.0	0.0	
Bondrée apivore	0.0	0.0	0.0	0.0	0.0	0.0	0.0	0.0	0.0034247	0.0	0.0	0.0	0.0015	0.0015	0.0018282	0.0025189	0.0060729	0.003663	0.0110585	0.0135135	0.0193237	0.0086455	0.0135135	0.0073529	0.0179372	0.0114504	0.018018	0.013986	0.0221239	0.0269058	0.005102	0.0152091	0.0107527	0.0	0.004717	0.0	0.004717	0.0	0.0	0.0	0.0	0.0	0.0	0.0	0.0	0.0	0.0	0.0	
Vautour moine	0.0127273	0.0020877	0.0153061	0.0059289	0.0088235	0.0055866	0.0279188	0.0021692	0.0	0.006079	0.0214477	0.0238095	0.0174757	0.0263566	0.0292505	0.0239295	0.0384615	0.032967	0.0742496	0.039039	0.0917874	0.054755	0.0945946	0.0625	0.0941704	0.0343511	0.1126126	0.034965	0.1283186	0.044843	0.0408163	0.0570342	0.0376344	0.0570175	0.0424528	0.0436047	0.0518868	0.0575221	0.0365297	0.0220386	0.0515464	0.029661	0.0559006	0.0392157	0.0015	0.0190476	0.017094	0.0148423	
Vautour africain	0.0	0.0	0.0	0.0	0.0	0.0	0.0	0.0	0.0	0.0	0.0	0.0	0.0	0.0	0.0	0.0012594	0.0	0.0	0.0	0.0	0.0	0.0	0.0	0.0	0.0	0.0	0.0	0.0	0.0	0.0	0.0	0.0	0.0	0.0	0.0	0.0	0.0	0.0	0.0	0.0	0.0	0.0	0.0	0.0	0.0	0.0	0.0	0.0	
Vautour fauve	0.0163636	0.006263	0.0229592	0.0118577	0.0058824	0.0083799	0.035533	0.0043384	0.0034247	0.0091185	0.0268097	0.0323129	0.0485437	0.0604651	0.0621572	0.0440806	0.0647773	0.0750916	0.1248025	0.0825826	0.1256039	0.1268012	0.1587838	0.0735294	0.1076233	0.0687023	0.1351351	0.0874126	0.1283186	0.0672646	0.0714286	0.1064639	0.0860215	0.1096491	0.0849057	0.0697674	0.1037736	0.1283186	0.1232877	0.0661157	0.0824742	0.0974576	0.1118012	0.054902	0.0428571	0.0666667	0.0384615	0.0315399	
Gyps sp.	0.0	0.0	0.0	0.0	0.0	0.0	0.0	0.0	0.0	0.0	0.0	0.0	0.0	0.0	0.0	0.0	0.0	0.0	0.0	0.0	0.0	0.0	0.0033784	0.0	0.0	0.0	0.0	0.0	0.0	0.0	0.0	0.0	0.0	0.0	0.0	0.0	0.0	0.0	0.0	0.0	0.0	0.0	0.0	0.0	0.0	0.0	0.0	0.0	
vautour sp.	0.0	0.0	0.0	0.0	0.0	0.0	0.0	0.0	0.0	0.0	0.0	0.0	0.0	0.0	0.0	0.0	0.0	0.0	0.0	0.0	0.0	0.0	0.0	0.0	0.0	0.0	0.009009	0.0	0.0	0.0	0.0	0.0	0.0	0.0	0.0	0.0	0.0	0.0	0.0	0.0	0.0	0.0	0.0	0.0	0.0	0.0	0.0	0.0	
Circaète Jean-le-Blanc	0.0	0.0	0.0	0.0	0.0	0.0	0.0025381	0.0043384	0.0205479	0.0668693	0.0670241	0.042517	0.0504854	0.0418605	0.0493601	0.0440806	0.0384615	0.040293	0.0552923	0.03003	0.0748792	0.0432277	0.1013514	0.0551471	0.1121076	0.0992366	0.1216216	0.0664336	0.1415929	0.0896861	0.0714286	0.0646388	0.0645161	0.0657895	0.0660377	0.0406977	0.009434	0.0015	0.0	0.0	0.0	0.0	0.0062112	0.0	0.0	0.0	0.0	0.0	
Aigle botté	0.0018182	0.006263	0.002551	0.0019763	0.0058824	0.0027933	0.0025381	0.0086768	0.0068493	0.0151976	0.0402145	0.0918367	0.1242718	0.1674419	0.1444241	0.1070529	0.1558704	0.1373626	0.192733	0.1486486	0.2004831	0.1930836	0.2432432	0.1801471	0.2197309	0.2366412	0.2477477	0.1993007	0.2522124	0.206278	0.2295918	0.2547529	0.172043	0.2017544	0.1273585	0.0436047	0.0141509	0.0044248	0.0136986	0.0027548	0.0015	0.0042373	0.0	0.0	0.0142857	0.0015	0.0042735	0.0111317	
Aigle ibérique	0.0018182	0.006263	0.002551	0.0059289	0.0029412	0.0	0.0025381	0.0043384	0.0015	0.0030395	0.0080429	0.005102	0.0015	0.0015	0.0073126	0.0	0.0015	0.0015	0.0	0.0	0.0	0.0	0.0	0.0	0.0044843	0.0	0.0	0.0	0.0	0.0015	0.0	0.0	0.0	0.004386	0.009434	0.002907	0.0	0.0	0.0	0.0027548	0.0	0.0	0.0186335	0.0039216	0.0	0.0142857	0.0015	0.0018553	
Aigle royal	0.0036364	0.0	0.002551	0.0039526	0.0	0.0055866	0.0152284	0.0065076	0.0	0.0	0.0134048	0.0	0.0019417	0.0031008	0.0036563	0.0012594	0.0020243	0.0	0.0047393	0.0	0.0289855	0.0	0.0236486	0.0110294	0.0134529	0.0	0.027027	0.0	0.039823	0.0	0.0	0.0	0.0	0.0	0.0	0.002907	0.0	0.0	0.0045662	0.0027548	0.0051546	0.0042373	0.0124224	0.0039216	0.0015	0.0	0.0042735	0.0	
Aigle de Bonelli	0.0036364	0.0083507	0.005102	0.0098814	0.0058824	0.0015	0.0152284	0.0021692	0.0068493	0.006079	0.0160858	0.0017007	0.0015	0.0108527	0.0073126	0.0050378	0.0101215	0.003663	0.0110585	0.006006	0.0241546	0.0028818	0.0236486	0.0147059	0.0179372	0.0038168	0.009009	0.006993	0.039823	0.0	0.0015	0.0038023	0.0053763	0.004386	0.004717	0.0087209	0.0	0.0088496	0.0091324	0.0	0.0051546	0.0084746	0.0434783	0.0015	0.0047619	0.0015	0.0128205	0.0018553	
Aquila sp.	0.0	0.0	0.0	0.0	0.0	0.0	0.0	0.0	0.0	0.0	0.0	0.0	0.0	0.0	0.0	0.0	0.0020243	0.0	0.0	0.0	0.0	0.0	0.0	0.0036765	0.0	0.0	0.0	0.0	0.0	0.0	0.0	0.0	0.0	0.0	0.0	0.0	0.0	0.0044248	0.0	0.0	0.0	0.0	0.0	0.0	0.0	0.0	0.0	0.0	
Épervier d'Europe	0.0163636	0.0125261	0.0178571	0.0217391	0.0205882	0.0167598	0.0126904	0.010846	0.0034247	0.0243161	0.0241287	0.0119048	0.0058252	0.0015504	0.0018282	0.0025189	0.0060729	0.0054945	0.0031596	0.0015015	0.0120773	0.0086455	0.0135135	0.0073529	0.0179372	0.0038168	0.0045045	0.0015	0.0088496	0.0044843	0.005102	0.0114068	0.0107527	0.004386	0.009434	0.0087209	0.0188679	0.0088496	0.0182648	0.0137741	0.0309278	0.0381356	0.0310559	0.0117647	0.0190476	0.0190476	0.025641	0.0278293	
Autour des palombes	0.0018182	0.006263	0.005102	0.0079051	0.0015	0.0	0.0076142	0.0043384	0.0	0.0030395	0.0134048	0.0017007	0.0019417	0.0046512	0.0073126	0.0012594	0.0020243	0.0018315	0.0078989	0.0	0.0096618	0.0	0.0168919	0.0110294	0.0134529	0.0152672	0.027027	0.0	0.0265487	0.0044843	0.0015	0.0038023	0.0	0.004386	0.0	0.005814	0.0015	0.0015	0.0	0.0027548	0.0015	0.0	0.0248447	0.0078431	0.0	0.0015	0.0015	0.0055659	
Busard des roseaux	0.0836364	0.1210856	0.1326531	0.1264822	0.0852941	0.1284916	0.0685279	0.0737527	0.0410959	0.1458967	0.077748	0.0731293	0.0718447	0.0635659	0.0548446	0.0554156	0.0526316	0.0622711	0.0442338	0.0630631	0.0652174	0.054755	0.0878378	0.0588235	0.0672646	0.0687023	0.0720721	0.0559441	0.0663717	0.0538117	0.0663265	0.0494297	0.0698925	0.1447368	0.0518868	0.0697674	0.0377358	0.0840708	0.1232877	0.1046832	0.128866	0.1737288	0.0869565	0.0980392	0.1095238	0.1428571	0.1666667	0.1187384	
Busard Saint-Martin	0.0127273	0.0229645	0.0076531	0.0177866	0.0205882	0.0083799	0.0152284	0.010846	0.0034247	0.0030395	0.0053619	0.005102	0.0019417	0.0	0.0	0.0	0.0	0.0	0.0	0.0	0.0	0.0	0.0	0.0	0.0	0.0	0.0	0.0	0.0015	0.0	0.0015	0.0	0.0	0.0	0.0	0.0	0.004717	0.0221239	0.0136986	0.0275482	0.0103093	0.0338983	0.0124224	0.027451	0.0095238	0.0047619	0.034188	0.0222635	
Busard cendré	0.0	0.0	0.0	0.0	0.0	0.0	0.0	0.0	0.0	0.0	0.0015	0.0085034	0.0097087	0.0093023	0.0146252	0.0088161	0.0060729	0.0054945	0.0047393	0.0015015	0.0120773	0.0057637	0.0067568	0.0073529	0.0	0.0	0.0015	0.006993	0.0132743	0.0179372	0.005102	0.0114068	0.0053763	0.0	0.009434	0.0	0.0	0.0	0.0	0.0	0.0	0.0	0.0	0.0	0.0	0.0	0.0	0.0	
busard sp.	0.0	0.0	0.002551	0.0	0.0	0.0	0.0	0.0	0.0	0.0	0.0	0.0017007	0.0	0.0	0.0	0.0	0.0	0.0	0.0	0.0	0.0	0.0	0.0	0.0	0.0044843	0.0	0.0	0.0	0.0	0.0	0.0	0.0	0.0	0.0	0.0	0.0	0.0	0.0	0.0	0.0	0.0	0.0	0.0	0.0	0.0	0.0	0.0	0.0037106	
Milan royal	0.4709091	0.480167	0.497449	0.4565217	0.4647059	0.3938547	0.357868	0.2711497	0.2294521	0.2613982	0.1769437	0.1513605	0.0563107	0.0527132	0.0182815	0.0100756	0.0080972	0.0054945	0.0078989	0.0045045	0.0024155	0.0086455	0.0135135	0.0073529	0.0044843	0.0114504	0.0045045	0.0015	0.0044248	0.0	0.005102	0.0	0.0	0.0	0.004717	0.005814	0.0471698	0.2566372	0.3196347	0.322314	0.3453608	0.4491525	0.4596273	0.4156863	0.4809524	0.5142857	0.4786325	0.4990724	
Milan noir	0.0054545	0.0020877	0.002551	0.0118577	0.0058824	0.0223464	0.0126904	0.0260304	0.0719178	0.1489362	0.1581769	0.2244898	0.1902913	0.1984496	0.226691	0.1964736	0.2672065	0.2344322	0.2164297	0.2402402	0.3140097	0.2737752	0.2871622	0.2977941	0.309417	0.2824427	0.3063063	0.2657343	0.1017699	0.0269058	0.0204082	0.026616	0.016129	0.004386	0.0	0.0145349	0.004717	0.0044248	0.0045662	0.0082645	0.0051546	0.0127119	0.0062112	0.0156863	0.0	0.0142857	0.0042735	0.0055659	
Milan royal ou M. noir	0.0	0.0	0.0	0.0	0.0	0.0	0.0	0.0	0.0	0.0030395	0.0	0.0	0.0	0.0	0.0	0.0	0.0	0.0	0.0	0.0	0.0	0.0	0.0	0.0	0.0	0.0	0.0	0.0	0.0	0.0	0.0	0.0	0.0	0.0	0.0	0.0	0.0	0.0	0.0	0.0	0.0	0.0	0.0	0.0	0.0	0.0	0.0	0.0	
Buse variable	0.2545455	0.256785	0.2346939	0.2687747	0.2470588	0.2318436	0.2588832	0.2407809	0.2363014	0.2583587	0.2117962	0.212585	0.161165	0.1643411	0.1828154	0.1460957	0.1781377	0.1703297	0.2195893	0.2117117	0.2415459	0.1786744	0.25	0.1801471	0.2197309	0.1564885	0.0900901	0.1538462	0.1150442	0.1121076	0.0867347	0.1254753	0.0752688	0.1184211	0.1320755	0.1802326	0.1886792	0.1902655	0.2054795	0.1955923	0.1804124	0.25	0.2670807	0.2196078	0.2714286	0.1952381	0.2350427	0.3116883	
rapace sp.	0.0	0.0	0.0	0.0	0.0	0.0	0.0	0.0	0.0	0.0	0.0	0.0	0.0	0.0	0.0015	0.0	0.0	0.0	0.0	0.0	0.0	0.0	0.0	0.0	0.0	0.0076336	0.0	0.0	0.0	0.0044843	0.0	0.0	0.0	0.0	0.0	0.0	0.0	0.0	0.0	0.0	0.0	0.0	0.0	0.0	0.0	0.0	0.0	0.0	
Effraie des clochers	0.0018182	0.0041754	0.002551	0.0	0.0	0.0055866	0.0015	0.0043384	0.0273973	0.0121581	0.0015	0.0034014	0.0019417	0.0015504	0.0015	0.0012594	0.0121457	0.0054945	0.0015798	0.0015	0.0024155	0.0086455	0.0033784	0.0073529	0.0044843	0.0038168	0.0015	0.0034965	0.0015	0.0015	0.0015	0.0114068	0.0053763	0.0	0.0015	0.0087209	0.004717	0.0088496	0.0	0.0027548	0.0	0.0042373	0.0062112	0.0015	0.0047619	0.0	0.0042735	0.0037106	
Petit-duc scops	0.0	0.0	0.0	0.0	0.0	0.0	0.0	0.0	0.0	0.0030395	0.0	0.0	0.0019417	0.0015	0.0018282	0.0012594	0.0060729	0.0018315	0.0	0.0045045	0.0015	0.0028818	0.0067568	0.0073529	0.0	0.0076336	0.0	0.0	0.0	0.0	0.0	0.0	0.0	0.0	0.0	0.0	0.0	0.0	0.0015	0.0	0.0	0.0	0.0	0.0	0.0	0.0	0.0	0.0	
Grand-duc d'Europe	0.0018182	0.0015	0.0015	0.0019763	0.0	0.0	0.0025381	0.0021692	0.0034247	0.006079	0.002681	0.0	0.0	0.0015504	0.0	0.0	0.0015	0.003663	0.0	0.0015	0.0015	0.0028818	0.0033784	0.0	0.0	0.0	0.0	0.0015	0.0044248	0.0015	0.0	0.0	0.0	0.0015	0.004717	0.0	0.0	0.0	0.0091324	0.0	0.0051546	0.0	0.0015	0.0078431	0.0047619	0.0047619	0.0042735	0.0037106	
Chevêche d'Athéna	0.0290909	0.0375783	0.0459184	0.055336	0.0470588	0.0558659	0.0583756	0.0585683	0.0753425	0.0638298	0.0402145	0.0612245	0.0543689	0.027907	0.0201097	0.0239295	0.0566802	0.040293	0.0315956	0.036036	0.0507246	0.037464	0.0574324	0.0514706	0.058296	0.0267176	0.036036	0.034965	0.0353982	0.0269058	0.0255102	0.0418251	0.016129	0.0263158	0.0566038	0.0377907	0.0660377	0.079646	0.0639269	0.0578512	0.0103093	0.0423729	0.0434783	0.0117647	0.0428571	0.0333333	0.0512821	0.0333952	
Chouette hulotte	0.0163636	0.0187891	0.0331633	0.0079051	0.0088235	0.0307263	0.0279188	0.0043384	0.0479452	0.0334347	0.0134048	0.0068027	0.007767	0.0248062	0.0182815	0.0088161	0.0182186	0.021978	0.014218	0.006006	0.0169082	0.0028818	0.0101351	0.0073529	0.0044843	0.0076336	0.009009	0.0034965	0.0015	0.0179372	0.0306122	0.0114068	0.016129	0.004386	0.0188679	0.0174419	0.009434	0.0309735	0.0410959	0.0137741	0.0257732	0.0127119	0.0248447	0.0235294	0.047619	0.0142857	0.0213675	0.0148423	
Hibou moyen-duc	0.0	0.0	0.0	0.0	0.0	0.0	0.0025381	0.0	0.0	0.006079	0.002681	0.0017007	0.0	0.0	0.0	0.0	0.0	0.0018315	0.0015798	0.0015	0.0024155	0.0	0.0	0.0	0.0	0.0	0.0	0.0	0.0	0.0	0.0	0.0015	0.0	0.0	0.0	0.0	0.0	0.0	0.0015	0.0	0.0	0.0	0.0	0.0015	0.0	0.0	0.0	0.0	
Hibou des marais	0.0015	0.0	0.0	0.0019763	0.0	0.0	0.0	0.0	0.0	0.0	0.0	0.0	0.0	0.0	0.0	0.0	0.0	0.0	0.0	0.0	0.0	0.0	0.0	0.0	0.0	0.0	0.0	0.0	0.0	0.0	0.0	0.0	0.0	0.0	0.0	0.0	0.0	0.0	0.0	0.0	0.0	0.0	0.0	0.0	0.0	0.0	0.0	0.0	
Huppe fasciée	0.0763636	0.1127349	0.1020408	0.1126482	0.1235294	0.1452514	0.1954315	0.1409978	0.1541096	0.1732523	0.1903485	0.1836735	0.2194175	0.2124031	0.2248629	0.209068	0.2368421	0.2380952	0.2417062	0.1951952	0.2198068	0.1613833	0.1655405	0.1139706	0.0672646	0.0877863	0.0810811	0.1223776	0.1017699	0.1210762	0.1122449	0.1102662	0.1021505	0.1184211	0.1462264	0.130814	0.1320755	0.1283186	0.1369863	0.107438	0.0927835	0.1186441	0.0993789	0.1098039	0.0809524	0.1047619	0.1452991	0.1410019	
Guêpier d'Europe	0.0	0.0	0.0	0.0	0.0	0.0	0.0	0.0	0.0	0.0	0.002681	0.0697279	0.2990291	0.3193798	0.3107861	0.3148615	0.3441296	0.3296703	0.3254344	0.2897898	0.3333333	0.2824207	0.3716216	0.3051471	0.426009	0.4122137	0.4234234	0.3566434	0.4026549	0.3811659	0.4438776	0.3231939	0.0322581	0.004386	0.004717	0.0	0.0	0.0	0.0	0.0	0.0	0.0	0.0	0.0	0.0	0.0	0.0	0.0	
Martin-pêcheur d'Europe	0.0654545	0.0709812	0.0510204	0.0454545	0.0529412	0.0642458	0.0228426	0.0477223	0.0479452	0.0455927	0.0268097	0.0357143	0.0446602	0.0263566	0.0420475	0.034005	0.0323887	0.032967	0.0458136	0.0570571	0.0531401	0.0489914	0.0777027	0.0625	0.0672646	0.0954198	0.1081081	0.1153846	0.1415929	0.1524664	0.1632653	0.1064639	0.1021505	0.1359649	0.1226415	0.1075581	0.1367925	0.1106195	0.1004566	0.0798898	0.0927835	0.0423729	0.0248447	0.0745098	0.0761905	0.0571429	0.0555556	0.0834879	
Rollier d'Europe	0.0	0.0	0.0	0.0	0.0	0.0	0.0	0.0	0.0	0.0	0.0	0.0	0.0	0.0	0.0015	0.0015	0.0	0.0	0.0	0.0015	0.0	0.0015	0.0033784	0.0	0.0	0.0	0.0	0.006993	0.0015	0.0044843	0.0	0.0	0.0	0.0	0.0	0.0	0.0	0.0	0.0	0.0	0.0	0.0	0.0	0.0	0.0	0.0	0.0	0.0	
Torcol fourmilier	0.0036364	0.0	0.0	0.0059289	0.0	0.0	0.0050761	0.0043384	0.0	0.0030395	0.0134048	0.0119048	0.0135922	0.0093023	0.0036563	0.0100756	0.0080972	0.0018315	0.0031596	0.0015015	0.0096618	0.0144092	0.0135135	0.0	0.0	0.0038168	0.0	0.0	0.0	0.0044843	0.0	0.0038023	0.0	0.0087719	0.004717	0.0116279	0.009434	0.0132743	0.0091324	0.0015	0.0103093	0.0	0.0015	0.0039216	0.0047619	0.0	0.0042735	0.0018553	
Pic épeiche	0.0454545	0.0438413	0.0357143	0.0474308	0.0558824	0.047486	0.0456853	0.0672451	0.0616438	0.0668693	0.0536193	0.0629252	0.0563107	0.0666667	0.0603291	0.0541562	0.0546559	0.0604396	0.0837283	0.0825826	0.057971	0.0432277	0.0810811	0.0477941	0.0896861	0.0648855	0.0675676	0.0769231	0.1371681	0.103139	0.0663265	0.1558935	0.1290323	0.0701754	0.0801887	0.119186	0.0801887	0.0840708	0.1004566	0.0440771	0.0824742	0.0550847	0.1180124	0.0784314	0.0809524	0.0380952	0.0470085	0.0630798	
Pic épeichette	0.0163636	0.0229645	0.0102041	0.0177866	0.0470588	0.0307263	0.0126904	0.0260304	0.0171233	0.0364742	0.0107239	0.0204082	0.0174757	0.0170543	0.0146252	0.0100756	0.0080972	0.007326	0.014218	0.006006	0.0144928	0.0086455	0.0236486	0.0220588	0.0358744	0.0229008	0.036036	0.020979	0.0530973	0.0313901	0.0357143	0.0456274	0.0376344	0.0307018	0.0283019	0.0290698	0.0377358	0.0486726	0.0182648	0.0192837	0.0257732	0.0254237	0.0124224	0.0117647	0.0142857	0.0015	0.008547	0.0185529	
Pic de Sharpe	0.0018182	0.0083507	0.0	0.0118577	0.0058824	0.0055866	0.0015	0.0043384	0.0	0.0	0.0053619	0.0034014	0.015534	0.0062016	0.0054845	0.0088161	0.0101215	0.0054945	0.0110585	0.0075075	0.0024155	0.0028818	0.0101351	0.0	0.0	0.0	0.009009	0.0	0.0132743	0.0089686	0.005102	0.0114068	0.0053763	0.0	0.0	0.002907	0.004717	0.0	0.0	0.0	0.0103093	0.0042373	0.0	0.0078431	0.0047619	0.0142857	0.0042735	0.0037106	
pic sp.	0.0	0.0	0.0	0.0	0.0	0.0	0.0	0.0	0.0	0.0	0.0053619	0.0	0.0019417	0.0015504	0.0018282	0.0025189	0.0	0.0018315	0.0	0.0	0.0024155	0.0	0.0033784	0.0073529	0.0	0.0	0.0	0.0	0.0	0.0	0.005102	0.0076046	0.0	0.0	0.0	0.0	0.0	0.0	0.0	0.0	0.0051546	0.0	0.0	0.0	0.0	0.0	0.0	0.0	
Faucon crécerellette	0.0	0.0	0.0	0.0	0.0	0.0055866	0.0025381	0.0021692	0.0	0.0	0.002681	0.0068027	0.0038835	0.0046512	0.0073126	0.0037783	0.0121457	0.003663	0.0015798	0.003003	0.0048309	0.0028818	0.0	0.0036765	0.0015	0.0114504	0.0	0.0	0.0088496	0.0089686	0.0102041	0.0	0.0	0.0	0.004717	0.0	0.0	0.0	0.0	0.0	0.0	0.0	0.0	0.0	0.0	0.0	0.0	0.0	
Faucon crécerelle	0.1363636	0.1169102	0.1632653	0.1521739	0.1029412	0.1089385	0.106599	0.0954447	0.1061644	0.118541	0.1099196	0.0901361	0.1126214	0.1100775	0.0804388	0.0654912	0.0809717	0.0549451	0.0789889	0.0525526	0.1062802	0.0403458	0.0912162	0.0551471	0.0986547	0.0877863	0.0765766	0.0979021	0.0752212	0.0672646	0.0816327	0.0722433	0.0430108	0.0964912	0.0943396	0.0755814	0.0896226	0.1327434	0.1278539	0.1184573	0.1030928	0.1228814	0.1801242	0.1254902	0.1333333	0.1666667	0.1581197	0.1576994	
Faucon crécerellette ou F. crécerelle	0.0	0.0	0.0	0.0	0.0	0.0	0.0	0.0	0.0034247	0.0	0.0	0.0	0.0038835	0.0015504	0.0036563	0.0	0.0020243	0.0015	0.0031596	0.0015015	0.0048309	0.0028818	0.0033784	0.0015	0.0	0.0076336	0.0045045	0.0015	0.0	0.0	0.0	0.0	0.0	0.0	0.0	0.0	0.0	0.0	0.0	0.0	0.0	0.0	0.0	0.0	0.0	0.0	0.0	0.0	
Faucon émerillon	0.0036364	0.0125261	0.005102	0.0039526	0.0088235	0.0055866	0.0050761	0.0	0.0	0.0	0.0	0.0034014	0.0	0.0	0.0	0.0	0.0	0.0	0.0	0.0015	0.0	0.0	0.0	0.0	0.0	0.0	0.0	0.0	0.0	0.0	0.0	0.0	0.0	0.0	0.0	0.0	0.0	0.0015	0.0	0.0055096	0.0	0.0015	0.0	0.0078431	0.0	0.0095238	0.0042735	0.0074212	
Faucon hobereau	0.0	0.0	0.0	0.0	0.0	0.0	0.0	0.0	0.0	0.0	0.0	0.0	0.0	0.0	0.0	0.0	0.0	0.0	0.0031596	0.0015015	0.0	0.0028818	0.0	0.0	0.0	0.0	0.0	0.0034965	0.0	0.0	0.0	0.0015	0.0	0.0	0.004717	0.0	0.004717	0.0	0.0015	0.0	0.0	0.0	0.0	0.0	0.0	0.0	0.0	0.0	
Faucon pèlerin	0.0072727	0.0083507	0.0127551	0.0118577	0.0117647	0.0055866	0.0076142	0.0021692	0.010274	0.0030395	0.0	0.0034014	0.0015	0.0015	0.0	0.0	0.0	0.0015	0.0015798	0.0	0.0048309	0.0	0.0	0.0	0.0044843	0.0038168	0.0045045	0.0	0.0088496	0.0	0.0	0.0038023	0.0107527	0.0	0.004717	0.0087209	0.0	0.0088496	0.0015	0.0082645	0.0	0.0	0.0062112	0.0117647	0.0190476	0.0285714	0.0213675	0.0055659	
petit faucon sp.	0.0	0.0	0.0	0.0	0.0029412	0.0	0.0	0.0	0.0	0.0	0.0	0.0	0.0	0.0	0.0	0.0	0.0	0.0	0.0	0.0	0.0	0.0	0.0	0.0036765	0.0	0.0	0.0	0.0	0.0	0.0	0.0	0.0	0.0	0.0	0.0	0.0	0.0	0.0	0.0	0.0	0.0	0.0	0.0	0.0	0.0	0.0	0.0	0.0	
Falco sp.	0.0	0.0	0.0	0.0	0.0	0.0	0.0	0.0	0.0	0.0030395	0.0	0.0	0.0	0.0	0.0	0.0	0.0	0.0	0.0	0.0	0.0	0.0	0.0	0.0	0.0	0.0	0.0	0.0	0.0	0.0015	0.0	0.0	0.0	0.0015	0.0	0.0	0.0	0.0	0.0	0.0	0.0	0.0	0.0	0.0	0.0047619	0.0	0.0	0.0	
rapace diurne sp.	0.0018182	0.0	0.0	0.0	0.0	0.0027933	0.0	0.0	0.0	0.0	0.0	0.0	0.0019417	0.0	0.0	0.0	0.0020243	0.0	0.0	0.0	0.0	0.0	0.0	0.0	0.0	0.0	0.0	0.0	0.0	0.0	0.0	0.0	0.0053763	0.0	0.0	0.0	0.0	0.0	0.0	0.0	0.0	0.0	0.0	0.0	0.0	0.0	0.0	0.0	
Calopsitte élégante	0.0	0.0	0.0	0.0	0.0	0.0	0.0	0.0	0.0	0.0	0.0	0.0	0.0	0.0	0.0	0.0	0.0	0.0015	0.0	0.0015	0.0	0.0	0.0	0.0	0.0	0.0	0.0	0.0	0.0	0.0	0.0	0.0	0.0	0.0	0.0	0.0	0.0	0.0	0.0	0.0027548	0.0	0.0	0.0	0.0	0.0	0.0	0.0	0.0	
Perruche à collier	0.0	0.0020877	0.0	0.0015	0.0	0.0	0.0025381	0.0021692	0.0034247	0.0030395	0.0	0.0034014	0.0015	0.0	0.0015	0.0	0.0	0.0018315	0.0	0.0	0.0	0.0	0.0	0.0	0.0	0.0	0.0	0.0	0.0	0.0	0.0	0.0	0.0	0.0	0.0015	0.0	0.0015	0.0044248	0.0045662	0.0027548	0.0103093	0.0	0.0062112	0.0015	0.0047619	0.0015	0.0015	0.0	
Psittacula sp.	0.0	0.0	0.0	0.0	0.0	0.0	0.0	0.0	0.0	0.0	0.0	0.0	0.0	0.0	0.0	0.0	0.0	0.0	0.0	0.0	0.0	0.0	0.0	0.0	0.0	0.0	0.0	0.0	0.0	0.0	0.0	0.0	0.0	0.0	0.0	0.0	0.0	0.0	0.0	0.0027548	0.0	0.0	0.0	0.0	0.0	0.0	0.0	0.0	
Perruche ondulée	0.0	0.0	0.0	0.0	0.0	0.0	0.0	0.0	0.0	0.0	0.0	0.0	0.0	0.0	0.0018282	0.0015	0.0	0.0	0.0	0.0	0.0	0.0015	0.0	0.0	0.0	0.0	0.0	0.0	0.0015	0.0	0.0	0.0038023	0.0	0.0	0.0	0.0	0.0	0.0	0.0	0.0	0.0	0.0	0.0	0.0	0.0	0.0	0.0	0.0	
Loriot d'Europe	0.0	0.0	0.0	0.0	0.0	0.0	0.0	0.0	0.0	0.0	0.0	0.0	0.0058252	0.0186047	0.0676417	0.0554156	0.0910931	0.0567766	0.0758294	0.0765766	0.1183575	0.074928	0.1081081	0.0625	0.0807175	0.0763359	0.0945946	0.0769231	0.0884956	0.0493274	0.0612245	0.0532319	0.0107527	0.004386	0.0	0.0	0.0	0.0	0.0	0.0	0.0	0.0	0.0	0.0	0.0	0.0	0.0	0.0	
Pie-grièche méridionale	0.2854545	0.2442589	0.25	0.2055336	0.1970588	0.1564246	0.1725888	0.1561822	0.1609589	0.1610942	0.1635389	0.1462585	0.1398058	0.1364341	0.1645338	0.1347607	0.1761134	0.1794872	0.1563981	0.1561562	0.1811594	0.1815562	0.2195946	0.1764706	0.2017937	0.1717557	0.1576577	0.1853147	0.199115	0.1838565	0.1734694	0.1292776	0.1774194	0.1491228	0.2264151	0.1773256	0.1792453	0.2345133	0.2648402	0.1597796	0.2628866	0.2457627	0.2546584	0.2431373	0.2190476	0.2761905	0.2948718	0.3153989	
Pie-grièche à tête rousse	0.0	0.0	0.0	0.0	0.0	0.0	0.0	0.0	0.0	0.0091185	0.0294906	0.079932	0.1262136	0.1596899	0.1206581	0.0806045	0.1497976	0.1190476	0.1169036	0.1216216	0.1690821	0.1556196	0.1621622	0.2132353	0.2511211	0.2290076	0.2027027	0.2412587	0.1946903	0.161435	0.0816327	0.0798479	0.0376344	0.0263158	0.004717	0.002907	0.0	0.0	0.0	0.0	0.0	0.0	0.0	0.0	0.0	0.0	0.0	0.0	
Geai des chênes	0.0490909	0.0709812	0.0331633	0.0632411	0.0529412	0.0614525	0.0456853	0.0498915	0.0410959	0.0395137	0.0563003	0.0544218	0.0446602	0.0620155	0.0530165	0.0403023	0.0587045	0.0604396	0.0837283	0.0750751	0.0869565	0.0634006	0.0675676	0.0698529	0.0672646	0.0725191	0.0675676	0.0384615	0.0752212	0.044843	0.0459184	0.0532319	0.0376344	0.0570175	0.0660377	0.0755814	0.0849057	0.0752212	0.0821918	0.0578512	0.0876289	0.0762712	0.0993789	0.0901961	0.047619	0.047619	0.0641026	0.0612245	
Pie-bleue ibérique	0.0836364	0.0981211	0.0637755	0.0928854	0.0617647	0.0837989	0.0989848	0.0889371	0.0719178	0.0790274	0.0938338	0.0765306	0.0854369	0.075969	0.1096892	0.0982368	0.1497976	0.1391941	0.1516588	0.1426426	0.2391304	0.1642651	0.1486486	0.1875	0.1659193	0.1793893	0.1441441	0.1118881	0.1504425	0.1255605	0.1734694	0.1558935	0.0913978	0.1096491	0.1839623	0.127907	0.1084906	0.1460177	0.1141553	0.1046832	0.1082474	0.0847458	0.1801242	0.1058824	0.1238095	0.0952381	0.0854701	0.0927644	
Pie bavarde	0.4127273	0.3820459	0.372449	0.4110672	0.45	0.377095	0.4467005	0.3926247	0.3938356	0.3799392	0.3672922	0.3826531	0.3359223	0.2914729	0.2778793	0.2455919	0.2955466	0.2710623	0.2259084	0.2447447	0.2584541	0.2910663	0.3310811	0.3088235	0.1928251	0.240458	0.2567568	0.2727273	0.2654867	0.264574	0.2908163	0.3460076	0.344086	0.3070175	0.4009434	0.372093	0.3915094	0.3539823	0.3744292	0.3829201	0.3659794	0.3474576	0.3291925	0.372549	0.3714286	0.3380952	0.4615385	0.4007421	
Choucas des tours	0.0418182	0.0417537	0.0408163	0.0711462	0.05	0.027933	0.0964467	0.0629067	0.0582192	0.0516717	0.0428954	0.0527211	0.0174757	0.0697674	0.0292505	0.0176322	0.0283401	0.025641	0.0126382	0.03003	0.0120773	0.037464	0.0574324	0.0257353	0.0044843	0.0267176	0.009009	0.034965	0.0132743	0.0044843	0.0204082	0.0304183	0.0322581	0.0219298	0.0188679	0.0668605	0.0660377	0.0575221	0.0410959	0.0440771	0.0515464	0.0466102	0.0186335	0.0352941	0.0380952	0.0380952	0.034188	0.025974	
Corneille noire	0.3290909	0.3340292	0.3392857	0.3063241	0.3147059	0.2513966	0.2969543	0.2624729	0.2876712	0.2948328	0.2520107	0.2312925	0.1941748	0.1984496	0.202925	0.1700252	0.2348178	0.2527473	0.2322275	0.2522523	0.1932367	0.2363112	0.2466216	0.2058824	0.206278	0.1946565	0.1756757	0.2727273	0.2610619	0.2286996	0.2244898	0.2737643	0.2150538	0.3114035	0.3443396	0.2906977	0.2688679	0.300885	0.3150685	0.292011	0.2835052	0.3686441	0.2857143	0.345098	0.4333333	0.3857143	0.3760684	0.3487941	
Grand Corbeau	0.1581818	0.1482255	0.127551	0.1264822	0.1470588	0.1312849	0.1649746	0.1301518	0.0993151	0.1094225	0.1286863	0.127551	0.1184466	0.1116279	0.095064	0.1057935	0.1336032	0.0842491	0.093207	0.0690691	0.1014493	0.0605187	0.097973	0.0477941	0.0493274	0.0763359	0.0720721	0.0699301	0.0619469	0.058296	0.0969388	0.0988593	0.0806452	0.1359649	0.0990566	0.127907	0.1273585	0.1460177	0.109589	0.1101928	0.1701031	0.1567797	0.1242236	0.1137255	0.1	0.2	0.1495726	0.1539889	
corbeau sp.	0.0	0.0	0.0	0.0	0.0	0.0	0.0	0.0	0.0	0.0	0.0	0.0	0.0	0.0	0.0	0.0	0.0	0.0	0.0	0.0	0.0	0.0	0.0	0.0	0.0	0.0	0.009009	0.0	0.0	0.0	0.0	0.0	0.0	0.0	0.004717	0.0	0.0	0.0	0.0	0.0	0.0	0.0	0.0	0.0	0.0	0.0	0.0	0.0	
corneille ou corbeau sp.	0.0018182	0.0020877	0.0	0.0	0.0	0.0	0.0	0.0	0.0	0.0	0.0	0.0	0.0	0.0	0.0018282	0.0	0.0	0.0	0.0015	0.0	0.0	0.0	0.0	0.0	0.0	0.0	0.0	0.0	0.0	0.0	0.0	0.0	0.0	0.0	0.0015	0.0	0.0	0.0	0.0	0.0	0.0	0.0	0.0	0.0	0.0	0.0	0.0	0.0	
Mésange noire	0.0	0.0	0.0	0.0	0.0029412	0.0	0.0	0.0	0.0	0.0	0.0	0.0	0.0019417	0.0	0.0	0.0	0.0	0.0	0.0	0.0015015	0.0	0.0	0.0	0.0	0.0	0.0	0.0	0.0	0.0	0.0	0.0	0.0	0.0	0.0	0.0	0.0	0.0	0.0	0.0	0.0	0.0	0.0	0.0	0.0	0.0	0.0	0.0	0.0	
Mésange huppée	0.0490909	0.045929	0.0433673	0.041502	0.0323529	0.0335196	0.035533	0.0477223	0.0410959	0.0212766	0.0428954	0.0204082	0.0427184	0.0418605	0.0347349	0.0214106	0.0364372	0.0457875	0.0442338	0.0465465	0.0555556	0.0662824	0.0743243	0.0367647	0.0269058	0.0763359	0.0405405	0.020979	0.0530973	0.0358744	0.0510204	0.0570342	0.0376344	0.0438596	0.0471698	0.0348837	0.0518868	0.0353982	0.0182648	0.0578512	0.0412371	0.0550847	0.0559006	0.0313725	0.0238095	0.0428571	0.0128205	0.0760668	
Mésange bleue	0.4327273	0.4091858	0.369898	0.3695652	0.4147059	0.3463687	0.3426396	0.3687636	0.3424658	0.3404255	0.3914209	0.3520408	0.3533981	0.379845	0.3528336	0.3324937	0.3724696	0.4102564	0.436019	0.3498498	0.3961353	0.3861671	0.3648649	0.3382353	0.3452915	0.3740458	0.3288288	0.3181818	0.4159292	0.3946188	0.4795918	0.4676806	0.4731183	0.4736842	0.5188679	0.4593023	0.4622642	0.4247788	0.4155251	0.3443526	0.4381443	0.4322034	0.4161491	0.2901961	0.4047619	0.3619048	0.2948718	0.4155844	
Mésange charbonnière	0.3090909	0.2651357	0.2321429	0.2826087	0.2941176	0.3240223	0.3172589	0.3036876	0.2534247	0.3495441	0.3699732	0.292517	0.2796117	0.2589147	0.2797075	0.2103275	0.2611336	0.2106227	0.2195893	0.1681682	0.1545894	0.1585014	0.1790541	0.1286765	0.2152466	0.2099237	0.1801802	0.1538462	0.2743363	0.2421525	0.244898	0.3307985	0.2311828	0.3333333	0.3490566	0.3226744	0.3537736	0.3318584	0.3013699	0.2644628	0.3350515	0.3135593	0.2546584	0.2431373	0.3285714	0.2333333	0.2008547	0.3135436	
Rémiz penduline	0.0	0.0041754	0.005102	0.0	0.0029412	0.0	0.0	0.0	0.0	0.0	0.0	0.0	0.0	0.0015504	0.0	0.0012594	0.0	0.0	0.0	0.0	0.0	0.0	0.0	0.0	0.0	0.0	0.0	0.0	0.0	0.0	0.0	0.0	0.0	0.0	0.0	0.0	0.0	0.0	0.0	0.0	0.0	0.0	0.0	0.0	0.0	0.0	0.0	0.0055659	
Alouette lulu	0.08	0.1085595	0.0969388	0.0988142	0.1176471	0.0949721	0.1192893	0.1019523	0.1027397	0.1155015	0.1099196	0.0952381	0.1223301	0.1767442	0.1590494	0.1473552	0.1477733	0.1868132	0.271722	0.1666667	0.1835749	0.0835735	0.1114865	0.0477941	0.0493274	0.0267176	0.0225225	0.048951	0.039823	0.0179372	0.0204082	0.0304183	0.0376344	0.0745614	0.1509434	0.1686047	0.1603774	0.1858407	0.196347	0.1652893	0.1752577	0.1694915	0.1987578	0.1254902	0.1095238	0.0952381	0.0726496	0.1261596	
Alouette des champs	0.1272727	0.1273486	0.122449	0.1225296	0.1058824	0.0977654	0.0736041	0.0498915	0.0582192	0.0303951	0.0160858	0.0	0.0	0.0	0.0	0.0	0.0	0.0	0.0	0.0	0.0	0.0	0.0	0.0	0.0	0.0	0.0	0.0	0.0	0.0	0.0	0.0	0.0053763	0.0	0.009434	0.0	0.0141509	0.0442478	0.086758	0.1019284	0.1391753	0.190678	0.1863354	0.1294118	0.0666667	0.2	0.1623932	0.1391466	
Cochevis de Thékla	0.1254545	0.1064718	0.1071429	0.0869565	0.0764706	0.0893855	0.1472081	0.1193059	0.0684932	0.0942249	0.1099196	0.0918367	0.0970874	0.1100775	0.142596	0.1448363	0.1497976	0.1611722	0.1737757	0.1456456	0.2173913	0.1700288	0.1452703	0.1433824	0.0896861	0.0877863	0.0855856	0.0839161	0.1061947	0.0852018	0.1071429	0.1178707	0.1075269	0.1359649	0.1981132	0.1453488	0.0801887	0.1283186	0.0958904	0.1157025	0.0979381	0.1016949	0.1242236	0.1215686	0.0952381	0.1095238	0.1495726	0.1539889	
Cochevis huppé	0.2618182	0.263048	0.2831633	0.2806324	0.2647059	0.2932961	0.284264	0.2537961	0.2294521	0.3161094	0.30563	0.2857143	0.3475728	0.2976744	0.3601463	0.290932	0.305668	0.3040293	0.2796209	0.2837838	0.3381643	0.2910663	0.3209459	0.3088235	0.3408072	0.2328244	0.2342342	0.2237762	0.2522124	0.2197309	0.1581633	0.2471483	0.1666667	0.3026316	0.3584906	0.3023256	0.2830189	0.340708	0.3150685	0.3002755	0.3041237	0.2881356	0.3726708	0.2509804	0.3190476	0.3428571	0.2991453	0.3358071	
Cochevis de Thékla ou C. huppé	0.0181818	0.0208768	0.0357143	0.0177866	0.0176471	0.0055866	0.0152284	0.010846	0.010274	0.0121581	0.0080429	0.0238095	0.023301	0.0248062	0.0127971	0.0138539	0.0161943	0.0238095	0.0252765	0.024024	0.0338164	0.0144092	0.0304054	0.0514706	0.0358744	0.019084	0.0225225	0.0314685	0.0530973	0.0493274	0.0612245	0.026616	0.0376344	0.0350877	0.0377358	0.0436047	0.0566038	0.0221239	0.0228311	0.0192837	0.0154639	0.0211864	0.0062112	0.0313725	0.0380952	0.0047619	0.017094	0.0278293	
Alouette calandrelle	0.0	0.0	0.0	0.0	0.0	0.0	0.0	0.0	0.0	0.0030395	0.002681	0.0034014	0.0174757	0.020155	0.0347349	0.0125945	0.0161943	0.0164835	0.0126382	0.009009	0.0144928	0.0172911	0.0033784	0.0073529	0.0224215	0.0	0.0	0.006993	0.0044248	0.0044843	0.0	0.0038023	0.0	0.004386	0.0	0.0	0.0	0.0	0.0	0.0	0.0	0.0	0.0	0.0	0.0	0.0	0.0	0.0	
Alouette calandre	0.0236364	0.0250522	0.0433673	0.0573123	0.0441176	0.027933	0.0279188	0.0130152	0.0136986	0.0364742	0.0294906	0.0493197	0.0368932	0.0434109	0.0585009	0.0365239	0.0526316	0.0128205	0.0094787	0.018018	0.0169082	0.0115274	0.0168919	0.0183824	0.0089686	0.0015	0.0045045	0.006993	0.0	0.0044843	0.005102	0.0190114	0.0	0.0087719	0.0283019	0.0174419	0.0141509	0.0530973	0.0456621	0.0413223	0.0515464	0.0254237	0.0310559	0.0313725	0.0095238	0.0666667	0.0470085	0.0445269	
Cisticole des joncs	0.1836364	0.1962422	0.1862245	0.2213439	0.2970588	0.2458101	0.3477157	0.3644252	0.3356164	0.4346505	0.4423592	0.4285714	0.4757282	0.3984496	0.5155393	0.4899244	0.4534413	0.4468864	0.4691943	0.4429429	0.4565217	0.4092219	0.3445946	0.3125	0.2107623	0.1679389	0.1576577	0.1958042	0.2610619	0.1973094	0.2295918	0.1977186	0.1344086	0.1666667	0.2216981	0.2122093	0.1603774	0.2300885	0.2146119	0.1818182	0.2010309	0.1949153	0.1552795	0.145098	0.1714286	0.1380952	0.2008547	0.2282004	
Hypolaïs polyglotte	0.0	0.0	0.0	0.0	0.0	0.0	0.0	0.0	0.0	0.0	0.0	0.0	0.0	0.0062016	0.0694698	0.1020151	0.1700405	0.1813187	0.2259084	0.1891892	0.1497585	0.129683	0.125	0.0845588	0.1390135	0.0877863	0.0900901	0.0314685	0.0309735	0.058296	0.0408163	0.0380228	0.0215054	0.0087719	0.0188679	0.005814	0.0015	0.0	0.0	0.0	0.0	0.0	0.0	0.0	0.0	0.0	0.0	0.0	
Phragmite des joncs	0.0	0.0	0.0	0.0	0.0029412	0.0	0.0	0.0	0.0034247	0.0	0.0	0.005102	0.007767	0.0031008	0.0018282	0.0012594	0.0	0.0	0.0	0.0	0.0	0.0	0.0	0.0	0.0	0.0	0.0	0.0	0.0	0.0	0.0	0.0	0.0	0.0	0.004717	0.0	0.004717	0.0	0.0	0.0	0.0	0.0	0.0	0.0	0.0	0.0	0.0	0.0	
Rousserolle effarvatte	0.0	0.0	0.0	0.0	0.0	0.0	0.0	0.0	0.0	0.0	0.002681	0.005102	0.0058252	0.0108527	0.0054845	0.0125945	0.0121457	0.021978	0.014218	0.012012	0.0120773	0.0028818	0.0101351	0.0147059	0.0089686	0.0076336	0.0045045	0.0	0.039823	0.0403587	0.0408163	0.0456274	0.0268817	0.0482456	0.0330189	0.0232558	0.0141509	0.0132743	0.0045662	0.0	0.0	0.0	0.0	0.0	0.0	0.0	0.0	0.0	
Rousserolle turdoïde	0.0	0.0	0.0	0.0	0.0	0.0	0.0	0.0	0.0	0.0	0.0	0.0068027	0.0135922	0.0077519	0.0329068	0.0163728	0.0425101	0.0384615	0.0300158	0.024024	0.0241546	0.0317003	0.0405405	0.0257353	0.0134529	0.0038168	0.009009	0.0034965	0.0044248	0.0	0.0	0.0038023	0.0	0.0	0.0	0.0	0.0	0.0	0.0	0.0	0.0	0.0	0.0	0.0	0.0	0.0	0.0	0.0	
Acrocephalus sp.	0.0	0.0	0.0	0.0	0.0	0.0	0.0	0.0	0.0	0.0	0.0	0.0	0.0	0.0	0.0	0.0	0.0	0.0	0.0	0.0	0.0	0.0	0.0	0.0	0.0	0.0	0.0	0.0	0.0	0.0	0.0	0.0	0.0	0.0	0.0	0.0	0.0	0.0	0.0045662	0.0	0.0	0.0	0.0	0.0	0.0	0.0	0.0	0.0	
Hirondelle de rivage	0.0	0.0	0.0	0.0	0.0	0.0027933	0.0101523	0.0151844	0.0239726	0.0455927	0.0482574	0.0289116	0.038835	0.0403101	0.0329068	0.0289673	0.0161943	0.0238095	0.0489731	0.036036	0.0434783	0.0489914	0.0641892	0.0514706	0.0493274	0.0572519	0.0810811	0.0699301	0.0884956	0.0986547	0.1071429	0.0722433	0.0698925	0.1096491	0.0377358	0.0203488	0.004717	0.0	0.0136986	0.0027548	0.0	0.0	0.0	0.0	0.0	0.0	0.0	0.0	
Hirondelle de rochers	0.0454545	0.0626305	0.0510204	0.06917	0.0588235	0.0614525	0.0659898	0.0455531	0.0410959	0.0547112	0.0697051	0.0561224	0.0446602	0.0356589	0.0420475	0.0478589	0.0668016	0.0677656	0.0458136	0.0555556	0.0797101	0.0691643	0.0641892	0.0625	0.0538117	0.0496183	0.0720721	0.0629371	0.0575221	0.0403587	0.0765306	0.0684411	0.0268817	0.0745614	0.0377358	0.0319767	0.0660377	0.0575221	0.0547945	0.030303	0.0824742	0.0508475	0.0931677	0.0588235	0.0380952	0.0619048	0.0769231	0.0723562	
Hirondelle rustique	0.0454545	0.0897704	0.125	0.2509881	0.4294118	0.5223464	0.5406091	0.5639913	0.5410959	0.6079027	0.5522788	0.5663265	0.5048544	0.5178295	0.4789762	0.4861461	0.5587045	0.514652	0.4913112	0.5075075	0.6038647	0.5677233	0.6283784	0.7058824	0.6457399	0.5687023	0.6846847	0.6468531	0.6504425	0.573991	0.494898	0.3193916	0.1505376	0.1842105	0.1367925	0.0843023	0.0518868	0.0265487	0.0136986	0.030303	0.0051546	0.0254237	0.0186335	0.0352941	0.0238095	0.0428571	0.0512821	0.0333952	
Hirondelle de fenêtre	0.0090909	0.0501044	0.0663265	0.1264822	0.1441176	0.1424581	0.2005076	0.197397	0.2054795	0.2462006	0.2386059	0.2789116	0.2446602	0.2868217	0.2705667	0.2657431	0.3340081	0.2912088	0.2464455	0.2402402	0.321256	0.3573487	0.4087838	0.3970588	0.4304933	0.3625954	0.3963964	0.2972028	0.4070796	0.3183857	0.3265306	0.2661597	0.1989247	0.2368421	0.1650943	0.2034884	0.1415094	0.0442478	0.0273973	0.0110193	0.0154639	0.0042373	0.0	0.0039216	0.0047619	0.0047619	0.0042735	0.0148423	
Hirondelle rousseline	0.0	0.0020877	0.0	0.0039526	0.0058824	0.0027933	0.0152284	0.021692	0.0273973	0.0911854	0.0965147	0.0952381	0.1145631	0.1674419	0.1736746	0.1108312	0.1700405	0.1520147	0.2195893	0.1711712	0.2342995	0.2334294	0.2567568	0.2169118	0.2421525	0.2519084	0.2882883	0.2097902	0.3230088	0.2511211	0.3265306	0.3003802	0.2365591	0.2850877	0.2311321	0.1744186	0.1037736	0.0707965	0.0410959	0.0275482	0.0103093	0.0	0.0062112	0.0117647	0.0	0.0	0.0	0.0018553	
hirondelle sp.	0.0018182	0.0	0.0	0.0015	0.0058824	0.0027933	0.0015	0.0	0.0	0.0030395	0.002681	0.0017007	0.0019417	0.0	0.0054845	0.0012594	0.0020243	0.0015	0.0	0.0	0.0	0.0115274	0.0	0.0	0.0	0.0076336	0.0015	0.0	0.0044248	0.0089686	0.0102041	0.0076046	0.0053763	0.0	0.004717	0.0087209	0.004717	0.0	0.0	0.0	0.0	0.0084746	0.0	0.0	0.0	0.0	0.0	0.0	
Pouillot de Bonelli	0.0	0.0	0.0	0.0	0.0	0.0	0.0	0.0	0.0	0.0	0.0	0.0068027	0.0097087	0.020155	0.0164534	0.0264484	0.0283401	0.0457875	0.0552923	0.0405405	0.0169082	0.0201729	0.0236486	0.0183824	0.0179372	0.0305344	0.0315315	0.0104895	0.0265487	0.0313901	0.0255102	0.0494297	0.0	0.0219298	0.004717	0.002907	0.0	0.0	0.0	0.0	0.0	0.0	0.0	0.0	0.0	0.0	0.0	0.0	
Pouillot fitis	0.0	0.0	0.0	0.0	0.0	0.0	0.0	0.0	0.0	0.0	0.0	0.005102	0.0019417	0.0015504	0.0036563	0.0037783	0.0	0.0	0.0	0.0	0.0	0.0	0.0	0.0	0.0	0.0	0.0	0.0	0.0088496	0.0134529	0.0357143	0.1178707	0.188172	0.2192982	0.2311321	0.1627907	0.1367925	0.0619469	0.0410959	0.0082645	0.0103093	0.0	0.0	0.0	0.0	0.0	0.0	0.0	
Pouillot véloce	0.5036364	0.5073069	0.4183673	0.4664032	0.4470588	0.396648	0.3883249	0.3557484	0.2808219	0.1702128	0.0965147	0.0204082	0.015534	0.0077519	0.0036563	0.0015	0.0	0.0	0.0	0.0	0.0	0.0	0.0	0.0	0.0	0.0	0.0	0.0	0.0	0.0	0.0	0.0038023	0.0053763	0.0087719	0.0141509	0.0232558	0.0613208	0.1283186	0.2237443	0.2865014	0.4690722	0.4533898	0.4596273	0.4627451	0.5571429	0.5142857	0.5384615	0.5825603	
Pouillot fitis ou P. véloce	0.0	0.0	0.0	0.0	0.0	0.0	0.0	0.0	0.0	0.0	0.0	0.0	0.0	0.0	0.0	0.0	0.0	0.0	0.0	0.0	0.0	0.0	0.0	0.0	0.0	0.0	0.0	0.0	0.0	0.0	0.0	0.0	0.0	0.0	0.0	0.0	0.0	0.0	0.0045662	0.0	0.0	0.0	0.0	0.0	0.0	0.0	0.0	0.0	
Pouillot ibérique	0.0	0.0	0.0	0.0	0.0058824	0.0083799	0.0406091	0.0585683	0.0787671	0.0851064	0.077748	0.0833333	0.0796117	0.0790698	0.0749543	0.0604534	0.0728745	0.0677656	0.107425	0.0975976	0.0555556	0.0720461	0.0405405	0.0257353	0.0538117	0.0763359	0.0585586	0.0594406	0.0840708	0.0896861	0.1428571	0.1064639	0.0591398	0.0307018	0.0566038	0.0232558	0.009434	0.0132743	0.0045662	0.0	0.0	0.0	0.0	0.0	0.0	0.0	0.0	0.0	
Pouillot véloce ou P. ibérique	0.0	0.0	0.0	0.0	0.0	0.0027933	0.0	0.0021692	0.0034247	0.0121581	0.0	0.0	0.0	0.0	0.0	0.0	0.0	0.0	0.0	0.0	0.0	0.0	0.0	0.0	0.0	0.0	0.0	0.0	0.0	0.0	0.0	0.0	0.0	0.0	0.0	0.0	0.0	0.0	0.0	0.0	0.0	0.0	0.0	0.0	0.0	0.0	0.0	0.0	
pouillot sp.	0.0163636	0.006263	0.0229592	0.0059289	0.0176471	0.0139665	0.0126904	0.0065076	0.0034247	0.0182371	0.0214477	0.005102	0.0019417	0.0031008	0.0036563	0.0012594	0.0080972	0.003663	0.0015798	0.0045045	0.0024155	0.0086455	0.0101351	0.0036765	0.0313901	0.019084	0.0135135	0.006993	0.0176991	0.0358744	0.0255102	0.0494297	0.0430108	0.0701754	0.0566038	0.0552326	0.0283019	0.0442478	0.0456621	0.0110193	0.0154639	0.0084746	0.0	0.0156863	0.0190476	0.0047619	0.0128205	0.0148423	
Bouscarle de Cetti	0.1418182	0.1482255	0.127551	0.173913	0.1676471	0.2234637	0.177665	0.2125813	0.2636986	0.224924	0.2466488	0.2346939	0.215534	0.1937984	0.250457	0.1725441	0.2024291	0.1868132	0.1911532	0.2177177	0.1207729	0.0893372	0.0912162	0.0661765	0.0717489	0.0648855	0.0765766	0.1013986	0.0929204	0.161435	0.3061224	0.338403	0.2473118	0.2938596	0.3160377	0.2877907	0.2924528	0.2212389	0.2283105	0.1818182	0.2319588	0.1694915	0.1118012	0.1490196	0.1714286	0.1380952	0.1367521	0.1465677	
Orite à longue queue	0.0418182	0.0563674	0.0204082	0.041502	0.05	0.0307263	0.0329949	0.0390456	0.0273973	0.0212766	0.0214477	0.0187075	0.0271845	0.027907	0.0329068	0.0201511	0.0303644	0.0274725	0.0458136	0.024024	0.0458937	0.0288184	0.0405405	0.0294118	0.0179372	0.0343511	0.0315315	0.013986	0.0442478	0.0224215	0.0459184	0.0760456	0.0430108	0.0570175	0.0518868	0.0348837	0.0660377	0.0575221	0.0502283	0.0358127	0.0618557	0.0466102	0.0310559	0.0392157	0.0619048	0.0380952	0.042735	0.0779221	
Fauvette à tête noire	0.4145455	0.3465553	0.2882653	0.3517787	0.3647059	0.3212291	0.3299492	0.3557484	0.3527397	0.337386	0.2949062	0.2636054	0.2213592	0.2294574	0.226691	0.2027708	0.2631579	0.2582418	0.2938389	0.3228228	0.2584541	0.2708934	0.2871622	0.2279412	0.309417	0.259542	0.2522523	0.1573427	0.1327434	0.0941704	0.1989796	0.2205323	0.1612903	0.1666667	0.1839623	0.1889535	0.2122642	0.1769912	0.2648402	0.2561983	0.371134	0.279661	0.2795031	0.3254902	0.3285714	0.2571429	0.2820513	0.3506494	
Fauvette des jardins	0.0	0.0	0.0	0.0	0.0	0.0	0.0	0.0	0.0	0.0	0.0	0.0	0.0019417	0.0015504	0.0018282	0.0025189	0.0	0.0	0.0	0.0	0.0	0.0	0.0	0.0	0.0	0.0	0.0	0.0	0.0	0.0	0.005102	0.026616	0.0053763	0.0350877	0.009434	0.0203488	0.0283019	0.0132743	0.0045662	0.0	0.0	0.0	0.0	0.0	0.0	0.0	0.0	0.0	
Fauvette orphée	0.0	0.0	0.0	0.0	0.0	0.0	0.0	0.0	0.0	0.0	0.0	0.0	0.0038835	0.0062016	0.0054845	0.0037783	0.0040486	0.003663	0.0078989	0.012012	0.0072464	0.0115274	0.0067568	0.0036765	0.0044843	0.0	0.0	0.0034965	0.0	0.0	0.005102	0.0	0.0107527	0.0	0.0	0.0	0.0	0.0	0.0091324	0.0	0.0	0.0	0.0	0.0	0.0	0.0	0.0	0.0	
Fauvette mélanocéphale	0.4781818	0.4488518	0.4056122	0.4130435	0.4352941	0.4134078	0.4213198	0.4078091	0.4143836	0.4224924	0.4048257	0.3656463	0.3242718	0.3410853	0.3418647	0.3715365	0.3603239	0.3736264	0.385466	0.3558559	0.4009662	0.3919308	0.3851351	0.2941176	0.3408072	0.3244275	0.3423423	0.3286713	0.460177	0.3946188	0.5	0.6007605	0.4784946	0.5	0.5330189	0.4418605	0.4669811	0.4424779	0.456621	0.4022039	0.5257732	0.440678	0.4409938	0.4352941	0.5285714	0.3904762	0.4529915	0.4990724	
Fauvette passerinette	0.0	0.0	0.0	0.0	0.0	0.0	0.0025381	0.0	0.0	0.0121581	0.0107239	0.0136054	0.0058252	0.0170543	0.0146252	0.0037783	0.0060729	0.003663	0.0157978	0.0075075	0.0241546	0.0057637	0.0168919	0.0	0.0	0.0015	0.0045045	0.0104895	0.0044248	0.0015	0.0153061	0.0380228	0.0268817	0.0526316	0.0283019	0.0319767	0.0235849	0.0	0.0045662	0.0027548	0.0	0.0	0.0	0.0	0.0	0.0	0.0	0.0	
Fauvette grisette	0.0	0.0	0.0	0.0	0.0	0.0	0.0	0.0	0.0	0.0	0.0	0.0017007	0.0	0.0	0.0	0.0	0.0	0.0	0.0	0.0	0.0	0.0	0.0	0.0	0.0	0.0	0.0	0.0	0.0	0.0	0.005102	0.0114068	0.0268817	0.0175439	0.0330189	0.002907	0.0188679	0.0132743	0.0136986	0.0082645	0.0	0.0	0.0	0.0	0.0	0.0	0.0	0.0	
Fauvette à lunettes	0.0	0.0	0.0	0.0	0.0	0.0	0.0	0.0	0.0	0.0	0.0	0.0	0.0	0.0	0.0	0.0	0.0020243	0.0	0.0	0.0	0.0	0.0	0.0	0.0	0.0	0.0	0.0	0.0	0.0	0.0	0.0	0.0038023	0.0	0.0	0.0	0.0	0.0	0.0	0.0	0.0	0.0	0.0	0.0	0.0	0.0	0.0	0.0	0.0	
Fauvette pitchou	0.02	0.0354906	0.0178571	0.0256917	0.0117647	0.0195531	0.0228426	0.0130152	0.0034247	0.0030395	0.0080429	0.005102	0.0019417	0.0062016	0.0073126	0.0050378	0.0121457	0.0091575	0.028436	0.012012	0.0217391	0.0057637	0.0033784	0.0036765	0.0269058	0.0076336	0.018018	0.0104895	0.0265487	0.0179372	0.0102041	0.0114068	0.0053763	0.004386	0.0377358	0.0145349	0.0235849	0.0265487	0.0136986	0.0247934	0.0360825	0.0254237	0.0496894	0.027451	0.0238095	0.0380952	0.042735	0.0222635	
Sylvia ou Curruca sp.	0.0	0.0	0.002551	0.0	0.0	0.0	0.0	0.0	0.0034247	0.0	0.0	0.0	0.0	0.0031008	0.0	0.0	0.0	0.0	0.0	0.0	0.0072464	0.0028818	0.0033784	0.0147059	0.0089686	0.0076336	0.0	0.0104895	0.0	0.0089686	0.0	0.0114068	0.0107527	0.004386	0.0141509	0.0145349	0.0377358	0.0132743	0.0091324	0.0027548	0.0051546	0.0	0.0	0.0	0.0	0.0	0.0042735	0.0	
Roitelet huppé	0.0	0.0	0.0	0.0	0.0	0.0	0.0	0.0	0.0	0.0	0.0	0.0	0.0	0.0	0.0	0.0	0.0	0.0	0.0	0.0	0.0	0.0	0.0	0.0	0.0	0.0	0.0	0.0	0.0	0.0	0.0	0.0	0.0	0.0	0.0	0.0	0.0	0.0	0.0	0.0	0.0	0.0	0.0	0.0039216	0.0095238	0.0	0.0	0.0	
Roitelet à triple bandeau	0.0218182	0.0187891	0.0127551	0.0177866	0.0147059	0.0223464	0.0152284	0.0195228	0.0171233	0.0091185	0.0053619	0.0136054	0.0194175	0.0093023	0.0109689	0.0062972	0.0242915	0.010989	0.0110585	0.009009	0.0072464	0.0057637	0.0033784	0.0073529	0.0044843	0.0076336	0.0	0.0034965	0.0044248	0.0179372	0.0153061	0.0076046	0.0107527	0.004386	0.0235849	0.0232558	0.0283019	0.0176991	0.0273973	0.0330579	0.0360825	0.0381356	0.0372671	0.0392157	0.0142857	0.0190476	0.0042735	0.0185529	
Sittelle torchepot	0.1927273	0.1691023	0.130102	0.1403162	0.1647059	0.1201117	0.1395939	0.1930586	0.1952055	0.1732523	0.1823056	0.1564626	0.1650485	0.144186	0.1407678	0.1007557	0.1497976	0.1318681	0.1579779	0.1636637	0.1690821	0.2103746	0.1993243	0.1323529	0.1928251	0.1946565	0.1981982	0.1958042	0.2300885	0.1883408	0.2397959	0.2965779	0.2688172	0.2850877	0.25	0.2238372	0.2216981	0.2699115	0.1917808	0.1597796	0.2010309	0.2415254	0.2360248	0.1882353	0.2380952	0.1761905	0.1367521	0.1595547	
Grimpereau des jardins	0.2218182	0.2359081	0.1505102	0.1936759	0.2411765	0.1703911	0.2309645	0.2039046	0.1952055	0.1823708	0.2117962	0.1632653	0.184466	0.2139535	0.1846435	0.1788413	0.2672065	0.2252747	0.271722	0.2552553	0.205314	0.2391931	0.2601351	0.1507353	0.2376682	0.2480916	0.2342342	0.2202797	0.3141593	0.2869955	0.255102	0.3117871	0.2849462	0.3157895	0.3018868	0.2587209	0.2735849	0.2522124	0.2009132	0.214876	0.2628866	0.2457627	0.242236	0.1882353	0.2333333	0.1904762	0.1239316	0.2263451	
Troglodyte mignon	0.0836364	0.1231733	0.0841837	0.1205534	0.1352941	0.1368715	0.1243655	0.143167	0.1678082	0.1854103	0.1635389	0.1734694	0.1398058	0.1658915	0.202925	0.138539	0.1983806	0.1630037	0.192733	0.1711712	0.1207729	0.1152738	0.1114865	0.0551471	0.0762332	0.0839695	0.0900901	0.0909091	0.0973451	0.0807175	0.1122449	0.1596958	0.0913978	0.1008772	0.1320755	0.1046512	0.1226415	0.1460177	0.0913242	0.0633609	0.0927835	0.0677966	0.0559006	0.0862745	0.0857143	0.0857143	0.0512821	0.096475	
Étourneau sansonnet	0.0109091	0.0271399	0.0127551	0.0256917	0.0205882	0.0139665	0.0126904	0.0086768	0.0068493	0.0	0.0	0.0	0.0	0.0	0.0	0.0	0.0	0.0	0.0	0.0	0.0	0.0	0.0	0.0	0.0	0.0	0.0	0.0	0.0	0.0	0.0	0.0	0.0	0.0	0.009434	0.0203488	0.0188679	0.0176991	0.0045662	0.0247934	0.0	0.0169492	0.0372671	0.0196078	0.047619	0.0285714	0.034188	0.0185529	
Étourneau unicolore	0.6218182	0.5469729	0.5714286	0.5849802	0.5323529	0.4972067	0.5279188	0.4989154	0.4965753	0.4924012	0.4852547	0.4965986	0.4873786	0.5147287	0.4936015	0.4722922	0.5283401	0.532967	0.5102686	0.4804805	0.5362319	0.4956772	0.4493243	0.4227941	0.4394619	0.3778626	0.4369369	0.3776224	0.4292035	0.3991031	0.4846939	0.6311787	0.5860215	0.5087719	0.6084906	0.5552326	0.5849057	0.6283186	0.5479452	0.5564738	0.4948454	0.5381356	0.552795	0.5098039	0.5571429	0.5380952	0.5128205	0.6474954	
Étourneau sansonnet ou É. unicolore	0.0272727	0.0292276	0.0357143	0.0039526	0.0147059	0.0139665	0.0050761	0.0043384	0.0	0.0030395	0.0	0.0	0.0	0.0	0.0	0.0	0.0	0.0	0.0	0.0	0.0	0.0	0.0	0.0	0.0	0.0	0.0	0.0	0.0	0.0	0.0	0.0	0.0	0.0	0.0	0.0087209	0.009434	0.0088496	0.0136986	0.0165289	0.0206186	0.0381356	0.0	0.0235294	0.0809524	0.0380952	0.0769231	0.0426716	
Grive draine	0.0145455	0.0146138	0.0102041	0.0158103	0.0176471	0.0139665	0.0076142	0.0151844	0.0136986	0.0121581	0.0268097	0.0068027	0.0058252	0.0108527	0.0164534	0.0151134	0.0161943	0.014652	0.0189573	0.0135135	0.0144928	0.0201729	0.0033784	0.0	0.0	0.0	0.009009	0.0015	0.0	0.0	0.0	0.0076046	0.0	0.0	0.0	0.002907	0.0	0.0	0.0136986	0.0015	0.0051546	0.0127119	0.0015	0.0117647	0.0095238	0.0095238	0.0213675	0.0148423	
Grive musicienne	0.2309091	0.217119	0.2015306	0.2075099	0.2411765	0.1815642	0.1497462	0.1735358	0.2226027	0.1276596	0.1126005	0.0391156	0.023301	0.0031008	0.0018282	0.0	0.0020243	0.0	0.0015798	0.0	0.0	0.0	0.0033784	0.0	0.0	0.0	0.0	0.0	0.0	0.0	0.0	0.0	0.0	0.0	0.0	0.0	0.004717	0.0265487	0.0639269	0.046832	0.1030928	0.1059322	0.1180124	0.1568627	0.1714286	0.1714286	0.1367521	0.2430427	
Grive mauvis	0.0254545	0.0229645	0.0076531	0.0197628	0.0264706	0.0083799	0.0101523	0.0130152	0.0068493	0.0030395	0.002681	0.0017007	0.0	0.0	0.0	0.0	0.0	0.0	0.0	0.0	0.0	0.0	0.0	0.0	0.0	0.0	0.0	0.0	0.0	0.0	0.0	0.0	0.0	0.0	0.0	0.0	0.0	0.0	0.0	0.0	0.0154639	0.0042373	0.0124224	0.0196078	0.0142857	0.0238095	0.0128205	0.0222635	
Merle noir	0.4727273	0.4112735	0.4107143	0.4486166	0.4529412	0.3910615	0.4543147	0.4099783	0.4417808	0.4984802	0.4959786	0.4693878	0.4815534	0.5550388	0.4734918	0.4458438	0.5283401	0.4835165	0.436019	0.4144144	0.4468599	0.3861671	0.375	0.3419118	0.3183857	0.2977099	0.2612613	0.2552448	0.2831858	0.2466368	0.3979592	0.4752852	0.4354839	0.4254386	0.4528302	0.3982558	0.504717	0.4469027	0.4155251	0.3085399	0.4175258	0.3686441	0.3540373	0.3607843	0.4190476	0.3428571	0.3931624	0.4044527	
Grive litorne	0.0054545	0.0020877	0.0	0.0019763	0.0117647	0.0	0.0	0.0021692	0.0	0.0	0.0	0.0	0.0	0.0	0.0	0.0	0.0	0.0	0.0	0.0	0.0	0.0	0.0	0.0	0.0	0.0	0.0	0.0	0.0	0.0	0.0	0.0	0.0	0.0	0.0	0.0	0.0	0.0	0.0	0.0	0.0	0.0	0.0	0.0	0.0	0.0	0.0	0.0018553	
Merle à plastron	0.0	0.0	0.0015	0.0	0.0	0.0	0.0	0.0	0.0	0.0	0.0	0.0	0.0	0.0	0.0	0.0	0.0	0.0	0.0	0.0	0.0	0.0	0.0	0.0	0.0	0.0	0.0	0.0	0.0	0.0	0.0	0.0	0.0	0.0	0.0	0.0	0.0	0.0	0.0	0.0	0.0	0.0	0.0	0.0	0.0	0.0	0.0	0.0	
Turdus sp.	0.0018182	0.0	0.0	0.0	0.0	0.0083799	0.0	0.0	0.0	0.0091185	0.0053619	0.0034014	0.0	0.0	0.0	0.0	0.0	0.0	0.0	0.0	0.0	0.0	0.0	0.0	0.0	0.0	0.0	0.0	0.0	0.0	0.0	0.0	0.0	0.0	0.0	0.0	0.004717	0.0	0.0	0.0137741	0.0103093	0.0169492	0.0124224	0.0	0.0047619	0.0	0.0	0.0055659	
Gobemouche gris	0.0	0.0	0.0	0.0	0.0	0.0	0.0	0.0	0.0	0.0	0.0	0.0	0.0019417	0.0015504	0.0018282	0.0062972	0.0101215	0.003663	0.0205371	0.0195195	0.0169082	0.0489914	0.0304054	0.0036765	0.0269058	0.0229008	0.0315315	0.0104895	0.0309735	0.0269058	0.0255102	0.0494297	0.1021505	0.1798246	0.1415094	0.1337209	0.0801887	0.0442478	0.0319635	0.0247934	0.0051546	0.0	0.0	0.0	0.0	0.0	0.0	0.0	
Agrobate roux	0.0	0.0	0.0	0.0	0.0	0.0	0.0	0.0	0.0	0.0	0.0	0.0	0.0	0.0	0.0	0.0	0.0	0.0	0.0	0.0	0.0	0.0	0.0	0.0	0.0	0.0	0.0	0.0034965	0.0	0.0044843	0.0	0.0	0.0	0.0	0.0	0.0	0.0	0.0	0.0	0.0	0.0	0.0	0.0	0.0	0.0	0.0	0.0	0.0	
Rougegorge familier	0.5036364	0.4300626	0.372449	0.4071146	0.3676471	0.3212291	0.2791878	0.3015184	0.3013699	0.2279635	0.1394102	0.1139456	0.0912621	0.0914729	0.0767824	0.0667506	0.1052632	0.0732601	0.1011058	0.1036036	0.0555556	0.0720461	0.0439189	0.0441176	0.058296	0.0763359	0.0720721	0.0314685	0.0752212	0.0717489	0.1326531	0.1863118	0.1290323	0.1578947	0.254717	0.2965116	0.4198113	0.5088496	0.5342466	0.4738292	0.5721649	0.5084746	0.5093168	0.4901961	0.5428571	0.4285714	0.4017094	0.4823748	
Rossignol philomèle	0.0	0.0	0.0	0.0	0.0	0.0	0.0	0.0	0.0	0.0030395	0.0107239	0.0969388	0.2854369	0.3317829	0.464351	0.4672544	0.4878543	0.4194139	0.450237	0.3813814	0.3164251	0.1527378	0.1182432	0.0772059	0.0852018	0.0458015	0.0720721	0.048951	0.0619469	0.0538117	0.0765306	0.0532319	0.0053763	0.0087719	0.0	0.002907	0.0	0.0	0.0	0.0	0.0	0.0	0.0	0.0	0.0	0.0	0.0	0.0	
Gorgebleue à miroir	0.0072727	0.0125261	0.0102041	0.0079051	0.0088235	0.0111732	0.0025381	0.0021692	0.0034247	0.0091185	0.0	0.0	0.0	0.0	0.0	0.0	0.0	0.0	0.0	0.0	0.0	0.0	0.0	0.0	0.0	0.0	0.0	0.0	0.0	0.0	0.0	0.0	0.0	0.0	0.0	0.002907	0.0	0.0	0.0136986	0.0027548	0.0	0.0	0.0	0.0	0.0047619	0.0047619	0.0	0.0092764	
Gobemouche noir	0.0	0.0	0.0	0.0	0.0	0.0	0.0	0.0	0.0	0.0	0.0	0.0	0.0	0.0031008	0.0015	0.0	0.0	0.0	0.0	0.0	0.0	0.0	0.0	0.0	0.0	0.0	0.0	0.0	0.0044248	0.0089686	0.0204082	0.0608365	0.2043011	0.2982456	0.3254717	0.2180233	0.1933962	0.0840708	0.0365297	0.0137741	0.0015	0.0	0.0	0.0	0.0	0.0	0.0	0.0	
Rougequeue à front blanc	0.0	0.0	0.0	0.0	0.0	0.0	0.0	0.0	0.0	0.0	0.0	0.0017007	0.0116505	0.0077519	0.0091408	0.0138539	0.0161943	0.025641	0.0236967	0.015015	0.0120773	0.0144092	0.0168919	0.0036765	0.0	0.0	0.0045045	0.0034965	0.0088496	0.0089686	0.0153061	0.0114068	0.0053763	0.0219298	0.0235849	0.0116279	0.0141509	0.0044248	0.0091324	0.0015	0.0	0.0	0.0	0.0	0.0	0.0	0.0	0.0	
Rougequeue noir	0.2345455	0.2087683	0.2117347	0.270751	0.25	0.2206704	0.2309645	0.2125813	0.2328767	0.1610942	0.1742627	0.1258503	0.1087379	0.0945736	0.0749543	0.0654912	0.0991903	0.0952381	0.0837283	0.0900901	0.0748792	0.0979827	0.1182432	0.0551471	0.0358744	0.0458015	0.0540541	0.0384615	0.0442478	0.0269058	0.0969388	0.0988593	0.1021505	0.1184211	0.1273585	0.1162791	0.1462264	0.1504425	0.173516	0.1983471	0.3453608	0.2881356	0.2857143	0.2431373	0.3	0.2380952	0.2094017	0.2226345	
Monticole bleu	0.0218182	0.0313152	0.0229592	0.0197628	0.0264706	0.0195531	0.0177665	0.0260304	0.0136986	0.0121581	0.0321716	0.0170068	0.0135922	0.0093023	0.0073126	0.0062972	0.0263158	0.0164835	0.0110585	0.006006	0.0217391	0.0201729	0.0033784	0.0	0.0	0.0038168	0.0	0.0	0.0088496	0.0	0.0102041	0.0076046	0.0053763	0.0307018	0.004717	0.0377907	0.0283019	0.0044248	0.0182648	0.0358127	0.0206186	0.0127119	0.0248447	0.0196078	0.0190476	0.0047619	0.0015	0.0166976	
Tarier des prés	0.0	0.0	0.0	0.0	0.0	0.0	0.0	0.0	0.0	0.0	0.0	0.0	0.0	0.0015504	0.0036563	0.0	0.0	0.0	0.0	0.0	0.0	0.0	0.0	0.0	0.0	0.0	0.0	0.0	0.0	0.0	0.0	0.0	0.0053763	0.0657895	0.1179245	0.0319767	0.0188679	0.0353982	0.0182648	0.0027548	0.0051546	0.0	0.0	0.0	0.0	0.0	0.0	0.0	
Tarier pâtre	0.4945455	0.434238	0.4591837	0.4288538	0.4558824	0.4162011	0.4086294	0.3926247	0.3561644	0.3981763	0.3994638	0.3911565	0.4427184	0.3906977	0.4296161	0.3476071	0.388664	0.3901099	0.3965245	0.3693694	0.4009662	0.3659942	0.3006757	0.2904412	0.3587444	0.2862595	0.3108108	0.3741259	0.3495575	0.3766816	0.377551	0.3726236	0.3924731	0.4429825	0.504717	0.4360465	0.4528302	0.4823009	0.4611872	0.3663912	0.4020619	0.4957627	0.4223602	0.4196078	0.4666667	0.4761905	0.4615385	0.5510204	
Traquet motteux	0.0	0.0	0.0	0.0	0.0	0.0	0.0	0.0	0.0	0.0	0.0053619	0.0068027	0.0194175	0.0093023	0.0054845	0.0	0.0040486	0.0	0.0015798	0.0	0.0	0.0	0.0	0.0	0.0044843	0.0	0.0	0.0	0.0	0.0044843	0.0	0.0304183	0.0645161	0.1666667	0.2216981	0.1744186	0.1415094	0.199115	0.1598174	0.0578512	0.0206186	0.0042373	0.0015	0.0039216	0.0	0.0	0.0	0.0	
Traquet oreillard	0.0	0.0	0.0	0.0	0.0	0.0	0.0	0.0	0.0	0.0	0.0	0.0034014	0.0038835	0.0031008	0.0036563	0.0088161	0.0020243	0.0	0.0063191	0.0015015	0.0193237	0.0115274	0.0236486	0.0073529	0.0269058	0.0114504	0.009009	0.0034965	0.0265487	0.0015	0.0102041	0.0	0.0	0.0	0.0	0.0	0.0	0.0	0.0	0.0	0.0	0.0	0.0	0.0	0.0	0.0	0.0	0.0	
Euplecte vorabé	0.0036364	0.0	0.0	0.0	0.0	0.0	0.0	0.0021692	0.0	0.0	0.0	0.0	0.0038835	0.0015504	0.0	0.0	0.0020243	0.0	0.0	0.0045045	0.0	0.0	0.0	0.0036765	0.0	0.0	0.0	0.0034965	0.0	0.0089686	0.0	0.0076046	0.0107527	0.0263158	0.0141509	0.0203488	0.004717	0.0	0.0	0.0027548	0.0051546	0.0	0.0	0.0039216	0.0	0.0	0.0	0.0	
Capucin damier	0.0	0.0020877	0.005102	0.0	0.0	0.0015	0.0	0.0021692	0.0	0.006079	0.0	0.0	0.0019417	0.0	0.0	0.0	0.0	0.0018315	0.0047393	0.0	0.0	0.0015	0.0	0.0036765	0.0044843	0.0076336	0.009009	0.0	0.0	0.0	0.0	0.0038023	0.0053763	0.0	0.0	0.005814	0.004717	0.0044248	0.0136986	0.0	0.0	0.0	0.0	0.0117647	0.0015	0.0	0.0	0.0074212	
Astrild ondulé	0.0690909	0.0605428	0.0816327	0.0612648	0.0735294	0.0502793	0.0380711	0.0563991	0.0547945	0.0668693	0.0536193	0.0442177	0.0485437	0.0511628	0.0530165	0.0491184	0.0607287	0.0457875	0.0442338	0.0525526	0.0507246	0.0489914	0.0777027	0.0588235	0.0852018	0.0954198	0.0945946	0.0699301	0.1061947	0.1210762	0.1326531	0.1711027	0.1344086	0.1754386	0.1886792	0.1598837	0.1320755	0.159292	0.1917808	0.0991736	0.1391753	0.0677966	0.0807453	0.1058824	0.1333333	0.1047619	0.0940171	0.0723562	
Bengali rouge	0.0	0.0020877	0.002551	0.0	0.0029412	0.0027933	0.0	0.0	0.0	0.0030395	0.0	0.0017007	0.0	0.0031008	0.0	0.0	0.0020243	0.0018315	0.0	0.0	0.0	0.0	0.0	0.0	0.0	0.0	0.0045045	0.0034965	0.0	0.0	0.0	0.0038023	0.0	0.0	0.0	0.0	0.0	0.0	0.0	0.0027548	0.0	0.0	0.0	0.0	0.0	0.0	0.0	0.0018553	
Veuve dominicaine	0.0018182	0.0	0.0	0.0	0.0	0.0	0.0	0.0	0.0	0.0	0.0	0.0	0.0	0.0	0.0	0.0	0.0	0.0	0.0	0.0	0.0	0.0	0.0	0.0	0.0	0.0	0.0	0.0	0.0	0.0	0.0	0.0	0.0	0.0	0.004717	0.002907	0.0	0.0	0.0	0.0	0.0	0.0	0.0	0.0	0.0	0.0	0.0	0.0	
Accenteur mouchet	0.0218182	0.0229645	0.0178571	0.0158103	0.0323529	0.0251397	0.0076142	0.0086768	0.010274	0.0	0.0	0.0	0.0	0.0	0.0	0.0	0.0	0.0	0.0	0.0	0.0	0.0	0.0	0.0	0.0	0.0	0.0	0.0	0.0	0.0	0.0	0.0	0.0	0.0	0.0	0.0	0.0	0.0	0.0	0.0082645	0.0154639	0.0084746	0.0372671	0.0313725	0.0238095	0.047619	0.017094	0.0352505	
Moineau domestique	0.56	0.473904	0.5102041	0.5652174	0.5676471	0.5446927	0.6218274	0.6073753	0.609589	0.5258359	0.6005362	0.5867347	0.5805825	0.5813953	0.5740402	0.4962217	0.5910931	0.521978	0.5402844	0.5675676	0.5483092	0.6455331	0.5777027	0.6323529	0.6053812	0.5992366	0.5990991	0.5244755	0.5442478	0.4349776	0.5561224	0.634981	0.5053763	0.4517544	0.5471698	0.5872093	0.5943396	0.5044248	0.4703196	0.4545455	0.5721649	0.4237288	0.5217391	0.454902	0.5571429	0.4238095	0.517094	0.5009276	
Moineau espagnol	0.1163636	0.1189979	0.1147959	0.1146245	0.1323529	0.103352	0.0786802	0.1258134	0.1027397	0.1398176	0.1233244	0.1411565	0.1728155	0.1782946	0.1352834	0.1183879	0.1538462	0.1538462	0.1690363	0.1426426	0.1908213	0.1469741	0.1790541	0.1544118	0.0986547	0.0496183	0.045045	0.0559441	0.0530973	0.0358744	0.0459184	0.0456274	0.0483871	0.0438596	0.0424528	0.0377907	0.0377358	0.0442478	0.0730594	0.0826446	0.0824742	0.0720339	0.0621118	0.0862745	0.1142857	0.1047619	0.1239316	0.1317254	
Moineau domestique ou M. espagnol	0.0145455	0.0083507	0.0102041	0.0118577	0.0147059	0.0055866	0.0025381	0.0043384	0.0	0.0151976	0.0080429	0.0102041	0.007767	0.0186047	0.0091408	0.0037783	0.01417	0.003663	0.014218	0.0105105	0.0217391	0.0201729	0.0202703	0.0220588	0.0224215	0.0038168	0.018018	0.013986	0.0353982	0.0089686	0.0204082	0.0190114	0.0483871	0.0175439	0.004717	0.0116279	0.0283019	0.0044248	0.0091324	0.0055096	0.0103093	0.0084746	0.0186335	0.0078431	0.0	0.0190476	0.008547	0.0092764	
Moineau friquet	0.0072727	0.0	0.0	0.0059289	0.0117647	0.0	0.0050761	0.0086768	0.0034247	0.0091185	0.002681	0.0017007	0.0194175	0.0077519	0.0036563	0.0025189	0.0060729	0.0128205	0.014218	0.0105105	0.0096618	0.0115274	0.0202703	0.0036765	0.0044843	0.0038168	0.009009	0.006993	0.0044248	0.0044843	0.0102041	0.0114068	0.0	0.004386	0.004717	0.002907	0.004717	0.0	0.0	0.0055096	0.0	0.0042373	0.0124224	0.0156863	0.0190476	0.0015	0.0	0.0055659	
Passer sp.	0.0018182	0.0	0.002551	0.0019763	0.0	0.0	0.0	0.0021692	0.0	0.0	0.0	0.0017007	0.0019417	0.0	0.0036563	0.0	0.0	0.003663	0.0	0.0015015	0.0096618	0.0172911	0.0101351	0.0147059	0.0044843	0.0267176	0.0	0.0	0.0088496	0.0044843	0.0102041	0.0114068	0.0053763	0.0	0.004717	0.002907	0.0188679	0.0044248	0.0045662	0.0	0.0051546	0.0	0.0	0.0	0.0047619	0.0	0.0042735	0.0037106	
Moineau soulcie	0.0290909	0.0229645	0.0408163	0.041502	0.0205882	0.027933	0.0329949	0.0715835	0.0308219	0.0334347	0.0348525	0.0204082	0.0291262	0.0573643	0.0493601	0.0428212	0.0688259	0.0860806	0.1232227	0.0915916	0.1086957	0.1268012	0.1013514	0.0698529	0.1121076	0.0419847	0.0630631	0.0524476	0.0442478	0.0538117	0.0408163	0.0380228	0.0430108	0.0570175	0.0518868	0.0290698	0.0141509	0.0309735	0.0684932	0.0220386	0.0721649	0.0508475	0.0745342	0.0627451	0.0333333	0.0380952	0.0384615	0.0463822	
Bergeronnette des ruisseaux	0.0454545	0.0563674	0.0382653	0.0395257	0.0705882	0.047486	0.0304569	0.0433839	0.0410959	0.0212766	0.0214477	0.0102041	0.0097087	0.0077519	0.0073126	0.0062972	0.0161943	0.003663	0.0063191	0.0255255	0.0241546	0.0086455	0.0015	0.0073529	0.0044843	0.0114504	0.0045045	0.013986	0.0044248	0.0224215	0.0153061	0.0304183	0.0053763	0.0394737	0.0707547	0.0523256	0.0566038	0.0663717	0.1050228	0.0743802	0.1546392	0.0677966	0.0496894	0.0627451	0.1095238	0.047619	0.0598291	0.0575139	
Bergeronnette printanière	0.0	0.0	0.0	0.0	0.0	0.0	0.0	0.0	0.0	0.006079	0.002681	0.0034014	0.007767	0.0062016	0.0109689	0.0025189	0.0	0.0	0.0015798	0.0	0.0	0.0028818	0.0	0.0036765	0.0044843	0.0038168	0.0	0.0	0.0	0.0044843	0.005102	0.0190114	0.0215054	0.1184211	0.1226415	0.0901163	0.0235849	0.0309735	0.0182648	0.0055096	0.0	0.0	0.0	0.0	0.0	0.0	0.0	0.0	
Bergeronnette grise	0.4818182	0.440501	0.4515306	0.4288538	0.4058824	0.3547486	0.3375635	0.3210412	0.3047945	0.2674772	0.1930295	0.1615646	0.1203883	0.1100775	0.1042048	0.0906801	0.1275304	0.1208791	0.1232227	0.1561562	0.1666667	0.1469741	0.1790541	0.1911765	0.1479821	0.148855	0.1981982	0.1503497	0.1681416	0.1165919	0.1683673	0.1558935	0.1505376	0.2105263	0.2358491	0.3139535	0.25	0.2920354	0.3242009	0.3443526	0.4948454	0.4279661	0.484472	0.5529412	0.5047619	0.5619048	0.5	0.5120594	
bergeronette sp.	0.0	0.0	0.0	0.0	0.0	0.0	0.0	0.0	0.0	0.0	0.0	0.0	0.0	0.0	0.0	0.0	0.0	0.0	0.0	0.0	0.0	0.0	0.0	0.0	0.0	0.0	0.0	0.0	0.0044248	0.0	0.0	0.0	0.0	0.0	0.0	0.0	0.0	0.0	0.0	0.0	0.0	0.0	0.0	0.0	0.0	0.0	0.0	0.0	
Pipit rousseline	0.0	0.0	0.0	0.0	0.0	0.0	0.0	0.0	0.0	0.0	0.0	0.0017007	0.0019417	0.0031008	0.0	0.0012594	0.0060729	0.003663	0.0	0.0045045	0.0024155	0.0028818	0.0	0.0	0.0	0.0038168	0.0	0.0034965	0.0	0.0	0.0	0.0038023	0.0053763	0.0131579	0.0283019	0.0145349	0.0	0.0	0.0	0.0	0.0	0.0	0.0	0.0	0.0	0.0	0.0	0.0	
Pipit farlouse	0.5072727	0.4676409	0.4387755	0.4150198	0.3823529	0.3044693	0.3248731	0.2798265	0.2773973	0.2522796	0.1420912	0.1394558	0.0621359	0.0062016	0.0036563	0.0	0.0	0.0	0.0	0.0	0.0	0.0	0.0	0.0	0.0	0.0	0.0	0.0	0.0	0.0	0.0	0.0	0.0	0.0	0.0	0.0087209	0.004717	0.1061947	0.1369863	0.2975207	0.443299	0.440678	0.5031056	0.4862745	0.4809524	0.5142857	0.4700855	0.5324675	
Pipit des arbres	0.0	0.0	0.0	0.0	0.0	0.0	0.0	0.0	0.0	0.0	0.002681	0.0034014	0.0019417	0.0	0.0	0.0	0.0	0.0	0.0	0.0	0.0	0.0	0.0	0.0	0.0	0.0	0.0	0.0	0.0	0.0	0.005102	0.0038023	0.0053763	0.0219298	0.009434	0.0087209	0.009434	0.0	0.0091324	0.0055096	0.0	0.0	0.0	0.0	0.0	0.0	0.0	0.0	
Pipit à gorge rousse	0.0	0.0020877	0.0	0.0	0.0	0.0	0.0	0.0	0.0	0.0	0.0	0.0	0.0	0.0	0.0	0.0	0.0	0.0	0.0	0.0	0.0	0.0	0.0	0.0	0.0	0.0	0.0	0.0	0.0	0.0	0.0	0.0	0.0	0.0	0.0	0.0	0.0	0.0	0.0	0.0	0.0	0.0	0.0	0.0	0.0	0.0	0.0	0.0	
Pipit spioncelle	0.0018182	0.0187891	0.0076531	0.0118577	0.0088235	0.0111732	0.0050761	0.0130152	0.0034247	0.0091185	0.002681	0.0017007	0.0	0.0	0.0	0.0	0.0	0.0	0.0	0.0	0.0	0.0	0.0	0.0	0.0	0.0	0.0	0.0	0.0	0.0	0.0	0.0	0.0	0.0	0.0	0.0	0.0	0.0	0.0	0.0	0.0051546	0.0084746	0.0062112	0.0078431	0.0190476	0.0095238	0.0213675	0.012987	
Anthus sp.	0.0	0.0	0.0	0.0	0.0	0.0	0.0	0.0	0.0	0.0	0.0	0.0034014	0.0	0.0015504	0.0	0.0	0.0	0.0	0.0	0.0	0.0	0.0	0.0	0.0	0.0	0.0	0.0	0.0	0.0	0.0	0.0	0.0	0.0	0.0	0.0	0.0	0.0	0.0	0.0	0.0	0.0	0.0	0.0	0.0	0.0	0.0	0.0	0.0	
Pinson des arbres	0.4509091	0.4112735	0.3443878	0.3478261	0.3823529	0.3715084	0.4086294	0.3904555	0.3664384	0.325228	0.3136729	0.3180272	0.3203883	0.3410853	0.3363803	0.3702771	0.3603239	0.3901099	0.4834123	0.4324324	0.3381643	0.3083573	0.1824324	0.125	0.1479821	0.129771	0.1081081	0.1048951	0.1460177	0.1524664	0.1173469	0.1596958	0.1075269	0.1184211	0.1273585	0.1424419	0.1226415	0.2256637	0.2648402	0.3168044	0.4793814	0.4152542	0.3975155	0.372549	0.4714286	0.4142857	0.3589744	0.4805195	
Pinson du Nord	0.0018182	0.0041754	0.0015	0.0039526	0.0	0.0	0.0025381	0.0065076	0.0	0.0	0.0	0.0	0.0	0.0	0.0	0.0	0.0	0.0	0.0	0.0	0.0	0.0	0.0	0.0	0.0	0.0	0.0	0.0	0.0	0.0	0.0	0.0	0.0	0.0	0.0	0.0	0.0	0.0	0.0	0.0027548	0.0154639	0.0	0.0	0.0039216	0.0095238	0.0047619	0.0042735	0.0092764	
Grosbec casse-noyaux	0.0290909	0.039666	0.0229592	0.0316206	0.0294118	0.0251397	0.0101523	0.0368764	0.0273973	0.0303951	0.0321716	0.0255102	0.0174757	0.0186047	0.0109689	0.0151134	0.0263158	0.0238095	0.0173776	0.0345345	0.0458937	0.0086455	0.0472973	0.0183824	0.0089686	0.0267176	0.045045	0.013986	0.0176991	0.0313901	0.0714286	0.0608365	0.0752688	0.0614035	0.0896226	0.0639535	0.0943396	0.0752212	0.0182648	0.0440771	0.056701	0.0254237	0.0248447	0.0509804	0.0238095	0.0333333	0.0042735	0.038961	
Bouvreuil pivoine	0.02	0.0146138	0.0178571	0.013834	0.0264706	0.0195531	0.0076142	0.0043384	0.0171233	0.0121581	0.0	0.0	0.0	0.0	0.0	0.0	0.0	0.0	0.0	0.0	0.0	0.0	0.0	0.0	0.0	0.0	0.0	0.0	0.0	0.0	0.0	0.0	0.0	0.0	0.0	0.0	0.0	0.0	0.0	0.0247934	0.0257732	0.0169492	0.0310559	0.027451	0.0285714	0.0238095	0.0128205	0.0241187	
Verdier d'Europe	0.2036364	0.177453	0.1505102	0.2411067	0.3176471	0.2597765	0.3274112	0.3449024	0.3869863	0.3677812	0.4209115	0.3843537	0.3087379	0.3736434	0.3345521	0.2947103	0.3562753	0.3571429	0.399684	0.3528529	0.3743961	0.3429395	0.3716216	0.2757353	0.2959641	0.2366412	0.1846847	0.1783217	0.1814159	0.1300448	0.1581633	0.1673004	0.1182796	0.1754386	0.1509434	0.1511628	0.1415094	0.1769912	0.173516	0.1680441	0.1752577	0.1567797	0.1304348	0.1607843	0.1428571	0.1619048	0.1538462	0.2059369	
Linotte mélodieuse	0.2345455	0.2421712	0.2984694	0.243083	0.2647059	0.1843575	0.2385787	0.1952278	0.1883562	0.2218845	0.2573727	0.1955782	0.1961165	0.1782946	0.1992687	0.1738035	0.2105263	0.1721612	0.1974724	0.1831832	0.2318841	0.1873199	0.1824324	0.1433824	0.1793722	0.1450382	0.1531532	0.1293706	0.1504425	0.0941704	0.1071429	0.1330798	0.1182796	0.1096491	0.1367925	0.1104651	0.1320755	0.1725664	0.1780822	0.1955923	0.2371134	0.220339	0.2298137	0.2039216	0.247619	0.247619	0.2393162	0.270872	
Chardonneret élégant	0.42	0.4217119	0.3979592	0.4288538	0.4470588	0.4162011	0.4873096	0.4229935	0.4383562	0.5015198	0.5469169	0.4778912	0.4524272	0.4403101	0.4936015	0.4471033	0.4554656	0.478022	0.5086888	0.4474474	0.4927536	0.5273775	0.5168919	0.4227941	0.5022422	0.4236641	0.4369369	0.3811189	0.3539823	0.3139013	0.3673469	0.365019	0.2849462	0.2675439	0.259434	0.2732558	0.2924528	0.3893805	0.3378995	0.3553719	0.4329897	0.4067797	0.3726708	0.3490196	0.4190476	0.4238095	0.4059829	0.4100186	
Serin cini	0.4836364	0.4196242	0.4132653	0.5118577	0.5382353	0.4301676	0.5939086	0.5791757	0.5924658	0.5379939	0.5281501	0.4812925	0.4174757	0.4356589	0.4369287	0.4433249	0.4311741	0.4487179	0.492891	0.4369369	0.3454106	0.4293948	0.3344595	0.25	0.2017937	0.1335878	0.1261261	0.0874126	0.0929204	0.103139	0.0918367	0.0912548	0.0913978	0.122807	0.1273585	0.0930233	0.1320755	0.1460177	0.1598174	0.1404959	0.2371134	0.2584746	0.3540373	0.3019608	0.352381	0.3380952	0.3418803	0.419295	
Tarin des aulnes	0.0927273	0.091858	0.0688776	0.0810277	0.0882353	0.0418994	0.0482234	0.0433839	0.0445205	0.0273556	0.0375335	0.0204082	0.007767	0.0015504	0.0018282	0.0012594	0.0	0.0	0.0	0.0	0.0	0.0	0.0	0.0	0.0	0.0	0.0	0.0	0.0	0.0	0.0	0.0	0.0	0.0	0.0	0.0	0.004717	0.0044248	0.0045662	0.046832	0.0876289	0.1610169	0.1614907	0.1686275	0.1333333	0.1047619	0.0854701	0.109462	
Bruant proyer	0.3581818	0.3361169	0.3418367	0.3498024	0.3882353	0.424581	0.4492386	0.4360087	0.4520548	0.5379939	0.5630027	0.5510204	0.6019417	0.5302326	0.5776965	0.5491184	0.5323887	0.5805861	0.5971564	0.53003	0.5531401	0.3804035	0.25	0.1838235	0.1883408	0.1068702	0.0900901	0.1328671	0.1415929	0.1300448	0.122449	0.1749049	0.1612903	0.1973684	0.3066038	0.2412791	0.2169811	0.2256637	0.3013699	0.2093664	0.2319588	0.2542373	0.2608696	0.3215686	0.2904762	0.3619048	0.3333333	0.3970315	
Bruant fou	0.0018182	0.0041754	0.002551	0.0079051	0.0058824	0.0083799	0.0	0.0021692	0.0034247	0.0	0.0053619	0.0034014	0.0019417	0.0031008	0.0018282	0.0037783	0.0020243	0.003663	0.0173776	0.0075075	0.0024155	0.0057637	0.0033784	0.0	0.0	0.0	0.0	0.0	0.0	0.0044843	0.0102041	0.0152091	0.0053763	0.0	0.004717	0.0	0.004717	0.0088496	0.0091324	0.0055096	0.0154639	0.0	0.0	0.0156863	0.0095238	0.0	0.0042735	0.0037106	
Bruant zizi	0.0545455	0.0521921	0.0484694	0.0671937	0.0529412	0.0530726	0.0304569	0.0650759	0.0547945	0.0668693	0.0375335	0.0442177	0.0446602	0.0697674	0.0603291	0.0503778	0.0769231	0.0531136	0.1011058	0.0825826	0.0845411	0.0576369	0.0878378	0.0514706	0.0986547	0.0916031	0.0855856	0.0454545	0.0575221	0.0627803	0.0561224	0.0646388	0.0591398	0.0789474	0.1132075	0.122093	0.0849057	0.0973451	0.1004566	0.0826446	0.0670103	0.0805085	0.0745342	0.0666667	0.1	0.0761905	0.0512821	0.0686456	
Bruant ortolan	0.0	0.0	0.0	0.0	0.0	0.0	0.0	0.0	0.0	0.0	0.0	0.0	0.0	0.0	0.0	0.0	0.0	0.0	0.0	0.0	0.0	0.0	0.0	0.0	0.0	0.0	0.0	0.0	0.0	0.0	0.0	0.0	0.0	0.0175439	0.004717	0.0	0.0	0.0	0.0	0.0	0.0	0.0	0.0	0.0	0.0	0.0	0.0	0.0	
Bruant des roseaux	0.02	0.006263	0.0127551	0.0059289	0.0058824	0.0139665	0.0	0.0021692	0.0034247	0.0091185	0.0	0.0	0.0	0.0	0.0	0.0	0.0	0.0	0.0	0.0	0.0	0.0	0.0	0.0	0.0	0.0	0.0	0.0	0.0	0.0	0.0	0.0	0.0	0.0	0.0	0.002907	0.0	0.0	0.0	0.0	0.0	0.0	0.0	0.0	0.0	0.0047619	0.0042735	0.0092764	
Emberiza sp.	0.0	0.0	0.0	0.0	0.0	0.0	0.0	0.0	0.0	0.0	0.0	0.0	0.0	0.0	0.0	0.0	0.0	0.0018315	0.0	0.0	0.0	0.0	0.0	0.0	0.0	0.0	0.0	0.0	0.0	0.0	0.0	0.0	0.0	0.0	0.0	0.0	0.0	0.0	0.0	0.0	0.0	0.0	0.0	0.0	0.0	0.0	0.0	0.0	
passereau sp.	0.0	0.0	0.0	0.0	0.0	0.0	0.0	0.0	0.0	0.0	0.0	0.0	0.0	0.0	0.0	0.0	0.0	0.0	0.0	0.0	0.0	0.0	0.0	0.0	0.0	0.0152672	0.0	0.0	0.0	0.0044843	0.0	0.0	0.0	0.0	0.0	0.0	0.0	0.0	0.0	0.0	0.0	0.0	0.0	0.0	0.0	0.0	0.0	0.0	
oiseau sp.	0.0	0.0	0.0	0.0	0.0	0.0	0.0	0.0	0.0	0.0	0.0	0.0	0.0019417	0.0	0.0	0.0	0.0	0.0	0.0	0.0	0.0	0.0	0.0	0.0	0.0	0.0038168	0.0	0.0	0.0	0.0	0.0	0.0	0.0	0.0	0.0	0.0	0.0	0.0	0.0	0.0	0.0	0.0	0.0	0.0	0.0	0.0	0.0	0.0	

