









Frequency of observations in the selected location(s).:
Number of taxa: 	322

	Jan				Feb				Mar				Apr				May				Jun				Jul				Aug				Sep				Oct				Nov				Dec				
Sample Size:	110.0	57.0	78.0	98.0	85.0	91.0	98.0	115.0	97.0	102.0	145.0	132.0	103.0	123.0	149.0	164.0	150.0	200.0	209.0	314.0	275.0	322.0	247.0	422.0	285.0	339.0	376.0	588.0	336.0	266.0	193.0	309.0	215.0	195.0	243.0	236.0	151.0	218.0	156.0	134.0	37.0	53.0	44.0	56.0	38.0	40.0	56.0	106.0	

Dendrocygne à ventre noir	0.0	0.0	0.0	0.0	0.0	0.0	0.0	0.0	0.0	0.0	0.0	0.0	0.0	0.0	0.0	0.0	0.0	0.005	0.0	0.0	0.0	0.0	0.0	0.0	0.0	0.0	0.0026596	0.0	0.0	0.0	0.0	0.0	0.0	0.0	0.0	0.0	0.0	0.0	0.0	0.0	0.0	0.0	0.0	0.0	0.0	0.0	0.0	0.0	
Dendrocygne fauve	0.0	0.0	0.0	0.0	0.0	0.0	0.0	0.0	0.0	0.0	0.0	0.0	0.0	0.0	0.0	0.0	0.0	0.0	0.0	0.0	0.0	0.0	0.0	0.0	0.0	0.0	0.0	0.0	0.0	0.0	0.0	0.0	0.0	0.0	0.0	0.0	0.0	0.0	0.0064103	0.0	0.027027	0.0	0.0	0.0	0.0	0.0	0.0	0.0	
Oie des neiges	0.0	0.0175439	0.0	0.0	0.0	0.010989	0.0102041	0.0086957	0.0	0.0	0.0	0.0	0.0	0.0	0.0	0.0	0.0	0.0	0.0	0.0	0.0	0.0	0.0015	0.0	0.0	0.0	0.0	0.0	0.0	0.0	0.0	0.0	0.0	0.0	0.0	0.0	0.0	0.0	0.0	0.0	0.0	0.0	0.0	0.0178571	0.0	0.0	0.0015	0.0	
Oie cendrée	0.0015	0.0175439	0.025641	0.0	0.0	0.010989	0.0	0.0	0.0103093	0.0	0.0068966	0.0015	0.0097087	0.0015	0.0067114	0.0121951	0.0066667	0.015	0.0191388	0.0095541	0.0036364	0.0062112	0.0	0.0015	0.0	0.0029499	0.0053191	0.0034014	0.0059524	0.0037594	0.0051813	0.0	0.0139535	0.0051282	0.0	0.0127119	0.0	0.0045872	0.0	0.0	0.0	0.0188679	0.0227273	0.0357143	0.0	0.0	0.0178571	0.009434	
Oie cygnoïde	0.0	0.0526316	0.0	0.0	0.0	0.010989	0.0102041	0.0086957	0.0	0.0	0.0	0.0	0.0097087	0.0	0.0	0.0	0.0	0.0015	0.0	0.0031847	0.0072727	0.0031056	0.0	0.0	0.0	0.0	0.0	0.0	0.0	0.0	0.0	0.0015	0.0093023	0.0	0.0	0.0015	0.0	0.0045872	0.0	0.0	0.0	0.0	0.0	0.0178571	0.0	0.0	0.0	0.0	
Oie rieuse	0.0	0.0175439	0.0	0.0102041	0.0117647	0.032967	0.0	0.0086957	0.0103093	0.0098039	0.0068966	0.0015	0.0	0.0	0.0	0.0	0.0	0.01	0.0095694	0.0063694	0.0015	0.0	0.0	0.0	0.0	0.0	0.0	0.0	0.0	0.0	0.0	0.0	0.0	0.0	0.0041152	0.0042373	0.0066225	0.0045872	0.0	0.0015	0.0	0.0	0.0	0.0	0.0	0.0	0.0	0.0	
Anser sp. (forme domestique)	0.0	0.0	0.0	0.0	0.0	0.0	0.0	0.0	0.0	0.0	0.0	0.0	0.0	0.0	0.0067114	0.0	0.0	0.005	0.0	0.0	0.0	0.0	0.0	0.0023697	0.0	0.0	0.0	0.0	0.0029762	0.0075188	0.0	0.0015	0.0046512	0.0051282	0.0	0.0	0.0	0.0045872	0.0	0.0	0.0	0.0	0.0	0.0178571	0.0	0.0	0.0	0.0	
Bernache nonnette	0.0	0.0	0.0	0.0	0.0	0.0	0.0	0.0	0.0	0.0	0.0	0.0	0.0	0.0	0.0	0.0	0.0	0.0	0.0	0.0	0.0	0.0	0.0	0.0	0.0	0.0	0.0	0.0	0.0	0.0015	0.0	0.0	0.0	0.0	0.0	0.0	0.0	0.0	0.0	0.0	0.0	0.0	0.0	0.0	0.0	0.0	0.0	0.0	
Cygne tuberculé	0.0181818	0.0701754	0.0384615	0.0204082	0.0235294	0.032967	0.0306122	0.0347826	0.0309278	0.0196078	0.0015	0.0075758	0.0485437	0.0325203	0.0536913	0.0426829	0.0266667	0.09	0.0430622	0.0605096	0.0327273	0.0341615	0.0161943	0.014218	0.0280702	0.0176991	0.0292553	0.0238095	0.0267857	0.0639098	0.0569948	0.0226537	0.0465116	0.0512821	0.0452675	0.0508475	0.0331126	0.0366972	0.0641026	0.0298507	0.0540541	0.0015	0.0	0.0714286	0.0526316	0.025	0.0357143	0.009434	
cygne sp.	0.0	0.0	0.0	0.0	0.0	0.0	0.0	0.0	0.0	0.0	0.0	0.0	0.0	0.0	0.0	0.0	0.0	0.0	0.0	0.0	0.0	0.0	0.0	0.0	0.0015	0.0	0.0	0.0	0.0	0.0	0.0	0.0	0.0	0.0	0.0015	0.0	0.0	0.0	0.0	0.0	0.0	0.0	0.0	0.0	0.0	0.0	0.0	0.0	
anatidé sp. (oie sp.)	0.0	0.0	0.0	0.0	0.0	0.0	0.0	0.0	0.0	0.0098039	0.0	0.0	0.0	0.0	0.0	0.0	0.0	0.0	0.0	0.0	0.0	0.0	0.0	0.0	0.0	0.0	0.0	0.0	0.0	0.0	0.0	0.0	0.0	0.0	0.0	0.0	0.0	0.0	0.0	0.0	0.0	0.0	0.0	0.0	0.0	0.0	0.0	0.0	
Tadorne casarca	0.0	0.0	0.0	0.0	0.0	0.0	0.0	0.0	0.0	0.0	0.0068966	0.0	0.0	0.0	0.0	0.0	0.0	0.0	0.0	0.0	0.0	0.0	0.0	0.0	0.0	0.0	0.0	0.0	0.0	0.0	0.0	0.0	0.0	0.0	0.0	0.0	0.0	0.0	0.0	0.0	0.0	0.0	0.0	0.0	0.0	0.0	0.0	0.0	
Tadorne de Belon	0.0090909	0.0	0.0	0.0	0.0	0.0	0.0	0.0086957	0.0103093	0.0	0.0	0.0	0.0	0.0	0.0	0.0060976	0.0	0.0	0.0015	0.0	0.0	0.0	0.0	0.0023697	0.0	0.0	0.0	0.0017007	0.0029762	0.0	0.0015	0.0	0.0046512	0.0	0.0	0.0	0.0	0.0045872	0.0	0.0	0.0	0.0	0.0	0.0	0.0	0.0	0.0	0.0	
Canard musqué	0.0	0.0	0.0	0.0	0.0	0.0	0.0	0.0	0.0	0.0	0.0	0.0	0.0015	0.0	0.0	0.0	0.0	0.0	0.0	0.0	0.0	0.0	0.0	0.0	0.0	0.0	0.0015	0.0	0.0	0.0037594	0.0	0.0	0.0015	0.0	0.0	0.0	0.0	0.0	0.0	0.0	0.0	0.0	0.0	0.0	0.0	0.0	0.0	0.0	
Canard carolin	0.0	0.0	0.0	0.0	0.0	0.0	0.0	0.0086957	0.0	0.0	0.0	0.0	0.0	0.0	0.0	0.0	0.0	0.005	0.0	0.0	0.0	0.0	0.0	0.0	0.0	0.0	0.0	0.0	0.0	0.0	0.0	0.0	0.0	0.0	0.0	0.0	0.0015	0.0	0.0	0.0	0.0	0.0	0.0	0.0	0.0	0.0	0.0	0.0	
Canard mandarin	0.0	0.0175439	0.0128205	0.0204082	0.0	0.0549451	0.0102041	0.0	0.0103093	0.0196078	0.0	0.0227273	0.038835	0.0162602	0.0268456	0.0121951	0.0066667	0.035	0.0095694	0.0063694	0.0036364	0.0	0.0080972	0.007109	0.0	0.0	0.0026596	0.0017007	0.0015	0.0037594	0.0	0.0	0.0	0.0051282	0.0082305	0.0042373	0.0015	0.0045872	0.0064103	0.0149254	0.0	0.0188679	0.0227273	0.0178571	0.0263158	0.025	0.0357143	0.0	
Sarcelle d'été	0.0	0.0	0.0	0.0	0.0	0.0	0.0	0.0	0.0	0.0098039	0.0	0.0151515	0.0291262	0.0243902	0.0015	0.0060976	0.0	0.0	0.0	0.0	0.0	0.0	0.0	0.0	0.0	0.0	0.0	0.0	0.0	0.0037594	0.0051813	0.0	0.0	0.0	0.0	0.0	0.0	0.0	0.0	0.0	0.0	0.0	0.0	0.0	0.0	0.0	0.0	0.0	
Canard souchet	0.0	0.0	0.0	0.0	0.0117647	0.010989	0.0	0.0	0.0206186	0.0	0.0068966	0.0075758	0.0	0.0325203	0.0134228	0.0060976	0.0	0.0	0.0	0.0	0.0	0.0	0.0	0.0	0.0	0.0029499	0.0	0.0	0.0029762	0.0075188	0.0	0.0	0.0	0.0	0.0	0.0042373	0.0	0.0091743	0.0064103	0.0074627	0.0	0.0	0.0	0.0178571	0.0015	0.0	0.0178571	0.0	
Canard chipeau	0.0	0.0	0.0128205	0.0102041	0.0	0.010989	0.0	0.0	0.0	0.0	0.0	0.0075758	0.0	0.0	0.0	0.0	0.0	0.0	0.0	0.0	0.0	0.0	0.0	0.0	0.0	0.0	0.0026596	0.0	0.0	0.0	0.0051813	0.0	0.0	0.0015	0.0	0.0042373	0.0	0.0015	0.0	0.0	0.0	0.0	0.0	0.0178571	0.0	0.05	0.0	0.0377358	
Canard siffleur	0.0	0.0175439	0.0	0.0102041	0.0117647	0.0	0.0	0.0015	0.0	0.0	0.0	0.0	0.0	0.0	0.0	0.0	0.0	0.005	0.0	0.0031847	0.0	0.0	0.0	0.0023697	0.0	0.0	0.0	0.0	0.0029762	0.0	0.0	0.0	0.0	0.0	0.0041152	0.0042373	0.013245	0.0137615	0.0128205	0.0149254	0.027027	0.0	0.0	0.0178571	0.0	0.075	0.0	0.0188679	
Canard colvert	0.2272727	0.2982456	0.2179487	0.1938776	0.2470588	0.2307692	0.1734694	0.2434783	0.3195876	0.3431373	0.3172414	0.4621212	0.3398058	0.3577236	0.3691275	0.3353659	0.32	0.37	0.3492823	0.2038217	0.1527273	0.1242236	0.1174089	0.1255924	0.1192982	0.0737463	0.0851064	0.0816327	0.1458333	0.2293233	0.1917098	0.1779935	0.1348837	0.174359	0.1563786	0.1991525	0.1986755	0.1743119	0.2115385	0.2761194	0.2972973	0.1698113	0.2045455	0.2678571	0.3157895	0.375	0.2321429	0.254717	
Hybride Canard musqué x C. colvert	0.0	0.0	0.0	0.0	0.0	0.0	0.0	0.0	0.0	0.0	0.0	0.0	0.0	0.0	0.0	0.0	0.0	0.0	0.0	0.0	0.0	0.0	0.0	0.0	0.0	0.0	0.0	0.0	0.0	0.0	0.0	0.0	0.0	0.0	0.0	0.0	0.0066225	0.0	0.0	0.0	0.0	0.0	0.0	0.0	0.0	0.0	0.0	0.0	
Canard pilet	0.0	0.0	0.0	0.0	0.0117647	0.0	0.0	0.0	0.0	0.0098039	0.0	0.0015	0.0	0.0081301	0.0	0.0	0.0	0.0	0.0	0.0	0.0	0.0	0.0	0.0023697	0.0	0.0	0.0	0.0	0.0	0.0	0.0	0.0	0.0	0.0	0.0	0.0042373	0.0	0.0229358	0.0064103	0.0015	0.0	0.0	0.0	0.0	0.0	0.0	0.0	0.0	
Sarcelle d'hiver	0.0181818	0.0350877	0.0128205	0.0204082	0.0235294	0.010989	0.0204082	0.0173913	0.0206186	0.0196078	0.0206897	0.0015	0.0194175	0.0081301	0.0015	0.0	0.0	0.0015	0.0047847	0.0031847	0.0	0.0031056	0.0	0.0	0.0	0.0	0.0	0.0017007	0.0059524	0.0112782	0.0	0.0097087	0.0139535	0.0205128	0.0041152	0.0338983	0.013245	0.0321101	0.0192308	0.0223881	0.027027	0.0188679	0.0227273	0.0178571	0.0	0.05	0.0357143	0.0377358	
Nette rousse	0.0090909	0.0175439	0.0128205	0.0102041	0.0117647	0.0549451	0.0102041	0.0173913	0.0103093	0.0	0.0	0.0454545	0.0582524	0.0243902	0.0201342	0.0304878	0.0266667	0.05	0.0334928	0.0382166	0.0072727	0.0093168	0.0040486	0.0094787	0.0175439	0.0088496	0.0079787	0.0068027	0.0029762	0.0300752	0.0259067	0.0032362	0.0046512	0.0102564	0.0082305	0.0169492	0.013245	0.0045872	0.0064103	0.0015	0.0	0.0	0.0	0.0	0.0	0.025	0.0	0.009434	
Fuligule milouin	0.0090909	0.0350877	0.0384615	0.0306122	0.0705882	0.0769231	0.0204082	0.0015	0.0412371	0.0098039	0.0068966	0.0	0.0	0.0	0.0	0.0121951	0.0	0.0	0.0	0.0095541	0.0036364	0.0	0.0040486	0.0	0.0035088	0.0015	0.0079787	0.0017007	0.0059524	0.0150376	0.0015	0.0015	0.0093023	0.0102564	0.0082305	0.0084746	0.0066225	0.0091743	0.025641	0.0298507	0.0	0.0377358	0.0454545	0.0357143	0.0526316	0.075	0.0178571	0.0188679	
Hybride Fuligule milouin x F. nyroca	0.0	0.0	0.0	0.0	0.0	0.0	0.0	0.0	0.0	0.0	0.0	0.0	0.0	0.0	0.0	0.0	0.0	0.0	0.0	0.0	0.0	0.0	0.0	0.0	0.0	0.0	0.0	0.0	0.0	0.0	0.0	0.0	0.0	0.0	0.0	0.0	0.0	0.0	0.0	0.0	0.0	0.0	0.0	0.0	0.0	0.025	0.0	0.0	
Fuligule morillon	0.0272727	0.1929825	0.0512821	0.0510204	0.0588235	0.0989011	0.0306122	0.0347826	0.0412371	0.0196078	0.0206897	0.030303	0.0485437	0.0406504	0.0201342	0.0670732	0.02	0.095	0.0143541	0.0414013	0.0290909	0.0372671	0.0323887	0.0094787	0.0175439	0.020649	0.0398936	0.0136054	0.0238095	0.0488722	0.0466321	0.0355987	0.0372093	0.0153846	0.0411523	0.0423729	0.013245	0.0321101	0.0512821	0.0373134	0.0540541	0.0377358	0.0454545	0.1071429	0.0789474	0.125	0.0535714	0.0471698	
Macreuse brune	0.0	0.0	0.0	0.0	0.0	0.010989	0.0	0.0173913	0.0103093	0.0	0.0	0.0	0.0	0.0	0.0	0.0	0.0	0.0	0.0	0.0	0.0	0.0	0.0	0.0	0.0	0.0	0.0	0.0	0.0	0.0	0.0	0.0	0.0	0.0	0.0	0.0	0.0	0.0	0.0	0.0	0.0	0.0	0.0	0.0	0.0	0.0	0.0	0.0	
Harelde boréale	0.0	0.0350877	0.0128205	0.0	0.0	0.0	0.0102041	0.0	0.0	0.0	0.0	0.0	0.0	0.0	0.0	0.0	0.0	0.0	0.0	0.0	0.0	0.0	0.0	0.0	0.0	0.0	0.0	0.0	0.0	0.0	0.0	0.0	0.0	0.0	0.0	0.0	0.0	0.0	0.0	0.0	0.0	0.0	0.0	0.0	0.0	0.0	0.0	0.009434	
Garrot à oeil d'or	0.0	0.0	0.0	0.0	0.0	0.0	0.0	0.0	0.0	0.0	0.0	0.0	0.0	0.0	0.0067114	0.0	0.0	0.0	0.0	0.0031847	0.0	0.0	0.0	0.0	0.0	0.0	0.0	0.0	0.0	0.0	0.0	0.0	0.0	0.0	0.0	0.0	0.0066225	0.0	0.0	0.0	0.0	0.0	0.0	0.0	0.0	0.0015	0.0	0.0	
Harle bièvre	0.0454545	0.0701754	0.0128205	0.0510204	0.0470588	0.0549451	0.0408163	0.0347826	0.0309278	0.0882353	0.0275862	0.0606061	0.0776699	0.0569106	0.0268456	0.0426829	0.0133333	0.055	0.0239234	0.0191083	0.0036364	0.0062112	0.0040486	0.0047393	0.0035088	0.0088496	0.0015	0.0068027	0.0059524	0.018797	0.0259067	0.0194175	0.0186047	0.0153846	0.0123457	0.0084746	0.0198675	0.0183486	0.0128205	0.0373134	0.0540541	0.0	0.0	0.0178571	0.1052632	0.05	0.0178571	0.0566038	
Harle huppé	0.0	0.0	0.0	0.0	0.0	0.0	0.0	0.0	0.0	0.0	0.0	0.0	0.0	0.0	0.0	0.0	0.0	0.0	0.0	0.0	0.0	0.0	0.0	0.0	0.0	0.0	0.0	0.0	0.0	0.0	0.0	0.0	0.0	0.0	0.0	0.0	0.0	0.0	0.0	0.0015	0.0	0.0	0.0	0.0	0.0	0.025	0.0	0.0015	
anatidé sp. (canard sp.)	0.0	0.0	0.0	0.0	0.0	0.0	0.0	0.0	0.0	0.0	0.0	0.0	0.0	0.0	0.0	0.0	0.0	0.0	0.0047847	0.0	0.0	0.0	0.0	0.0	0.0	0.0	0.0	0.0	0.0	0.0	0.0	0.0	0.0	0.0	0.0041152	0.0	0.0	0.0	0.0	0.0	0.0	0.0	0.0	0.0	0.0	0.0	0.0	0.009434	
Gélinotte des bois	0.0	0.0	0.0	0.0	0.0117647	0.0	0.0	0.0	0.0	0.0	0.0	0.0	0.0	0.0	0.0	0.0	0.0	0.0	0.0	0.0	0.0	0.0031056	0.0	0.0	0.0	0.0015	0.0	0.0	0.0029762	0.0015	0.0	0.0	0.0046512	0.0051282	0.0	0.0	0.0	0.0045872	0.0128205	0.0074627	0.0	0.0188679	0.0	0.0	0.0	0.0	0.0	0.0	
Lagopède alpin	0.0	0.0	0.0	0.0	0.0	0.0	0.0015	0.0	0.0	0.0	0.0	0.0	0.0	0.0	0.0	0.0	0.0066667	0.005	0.0095694	0.0031847	0.0015	0.0093168	0.0040486	0.0047393	0.0	0.0029499	0.0106383	0.0085034	0.0089286	0.0150376	0.0051813	0.0226537	0.0015	0.0015	0.0041152	0.0127119	0.0198675	0.0045872	0.0064103	0.0223881	0.0540541	0.0377358	0.0	0.0	0.0015	0.0	0.0	0.0	
Grand Tétras	0.0	0.0	0.0	0.0	0.0	0.0	0.0	0.0015	0.0103093	0.0	0.0	0.0	0.0	0.0	0.0067114	0.0060976	0.0066667	0.01	0.0	0.0031847	0.0036364	0.0031056	0.0	0.0	0.0	0.0	0.0015	0.0034014	0.0015	0.0015	0.0	0.0	0.0	0.0	0.0	0.0042373	0.0	0.0091743	0.0064103	0.0	0.0	0.0188679	0.0	0.0	0.0	0.0	0.0178571	0.0	
Tétras lyre	0.0	0.0	0.0	0.0	0.0	0.0	0.0	0.0	0.0103093	0.0	0.0	0.0	0.0	0.0081301	0.0015	0.0015	0.0066667	0.015	0.0047847	0.0031847	0.0036364	0.0031056	0.0040486	0.0015	0.0	0.0	0.0	0.0017007	0.0015	0.0112782	0.0051813	0.0064725	0.0046512	0.0	0.0	0.0042373	0.013245	0.0412844	0.0192308	0.0074627	0.0	0.0377358	0.0227273	0.0	0.0	0.0	0.0	0.0	
Faisan de Colchide	0.0	0.0015	0.0	0.0	0.0	0.0	0.0	0.0	0.0	0.0196078	0.0	0.0151515	0.0097087	0.0243902	0.0067114	0.0304878	0.0066667	0.015	0.0095694	0.0	0.0	0.0	0.0	0.007109	0.0	0.0	0.0	0.0015	0.0	0.0	0.0	0.0064725	0.0	0.0051282	0.0	0.0	0.0	0.0045872	0.0	0.0223881	0.0	0.0	0.0227273	0.0015	0.0	0.0	0.0015	0.009434	
Paon bleu	0.0	0.0	0.0	0.0	0.0	0.0	0.0	0.0	0.0	0.0	0.0	0.0	0.0	0.0	0.0	0.0	0.0	0.0	0.0	0.0	0.0	0.0	0.0015	0.0	0.0	0.0	0.0	0.0	0.0015	0.0037594	0.0	0.0	0.0	0.0	0.0	0.0	0.0	0.0	0.0	0.0	0.0	0.0	0.0	0.0	0.0	0.0	0.0	0.0	
Caille des blés	0.0	0.0	0.0	0.0	0.0	0.0	0.0	0.0	0.0	0.0	0.0	0.0075758	0.0	0.0	0.0	0.0015	0.0	0.0	0.0047847	0.0095541	0.0109091	0.0093168	0.0040486	0.007109	0.0105263	0.0058997	0.0053191	0.0017007	0.0	0.0	0.0	0.0	0.0046512	0.0	0.0	0.0	0.0	0.0	0.0	0.0	0.0	0.0	0.0	0.0	0.0	0.0	0.0	0.0	
Perdrix bartavelle	0.0	0.0175439	0.0	0.0	0.0	0.0	0.0	0.0	0.0	0.0	0.0	0.0	0.0	0.0	0.0	0.0	0.0066667	0.0015	0.0	0.0031847	0.0	0.0	0.0080972	0.0047393	0.0	0.0	0.0	0.0	0.0015	0.0015	0.0	0.0	0.0093023	0.0	0.0	0.0	0.0	0.0045872	0.0064103	0.0074627	0.0	0.0	0.0	0.0	0.0	0.0	0.0	0.0	
Pigeon biset	0.1	0.1754386	0.1410256	0.1020408	0.1176471	0.0989011	0.1428571	0.1565217	0.0824742	0.1078431	0.1034483	0.1136364	0.1262136	0.1382114	0.0939597	0.0853659	0.1733333	0.13	0.1196172	0.0923567	0.0690909	0.052795	0.0323887	0.056872	0.0561404	0.0294985	0.0558511	0.0544218	0.0684524	0.0676692	0.0829016	0.0582524	0.055814	0.0820513	0.0864198	0.1186441	0.0794702	0.0642202	0.0897436	0.2089552	0.2432432	0.1132075	0.1590909	0.1071429	0.1315789	0.15	0.1071429	0.0754717	
Pigeon colombin	0.0	0.0	0.0	0.0	0.0	0.021978	0.0102041	0.0015	0.0206186	0.0	0.0	0.0075758	0.0097087	0.0	0.0067114	0.0	0.0	0.0	0.0	0.0	0.0	0.0	0.0	0.0	0.0	0.0	0.0	0.0	0.0	0.0037594	0.0	0.0032362	0.0	0.0051282	0.0	0.0042373	0.0	0.0045872	0.0	0.0	0.0	0.0	0.0	0.0	0.0015	0.0	0.0	0.0	
Pigeon ramier	0.0272727	0.0175439	0.025641	0.0510204	0.0235294	0.032967	0.1326531	0.1130435	0.1649485	0.1568627	0.2275862	0.3181818	0.1747573	0.1788618	0.2147651	0.2073171	0.16	0.16	0.1626794	0.1401274	0.12	0.1055901	0.1012146	0.0781991	0.0912281	0.0884956	0.1143617	0.0935374	0.1547619	0.1015038	0.0932642	0.0809061	0.0883721	0.0461538	0.0617284	0.0974576	0.0794702	0.0963303	0.1089744	0.0895522	0.1621622	0.0943396	0.0681818	0.0357143	0.0263158	0.025	0.0178571	0.0188679	
Tourterelle des bois	0.0	0.0	0.0	0.0	0.0	0.0	0.0	0.0	0.0	0.0	0.0	0.0	0.0	0.0	0.0067114	0.0243902	0.0266667	0.025	0.0143541	0.0015	0.0072727	0.0031056	0.0015	0.0015	0.0070175	0.0015	0.0026596	0.0015	0.0029762	0.0075188	0.0	0.0	0.0	0.0	0.0	0.0	0.0	0.0	0.0	0.0	0.0	0.0	0.0	0.0	0.0	0.0	0.0	0.0	
Tourterelle turque	0.1	0.1754386	0.1153846	0.1122449	0.0705882	0.043956	0.0816327	0.0695652	0.0721649	0.0686275	0.0965517	0.1060606	0.1359223	0.1707317	0.1073826	0.1585366	0.1333333	0.115	0.1961722	0.1624204	0.1054545	0.0745342	0.0850202	0.07109	0.0807018	0.0619469	0.106383	0.0442177	0.0595238	0.075188	0.0673575	0.02589	0.0697674	0.0717949	0.0617284	0.0466102	0.0728477	0.0412844	0.0705128	0.0671642	0.0810811	0.1132075	0.1136364	0.0892857	0.1052632	0.1	0.0714286	0.0754717	
columbidé sp.	0.0	0.0	0.0	0.0	0.0	0.0	0.0	0.0	0.0	0.0	0.0	0.0075758	0.0	0.0	0.0	0.0	0.0	0.005	0.0	0.0	0.0	0.0	0.0040486	0.0	0.0	0.0	0.0	0.0	0.0	0.0037594	0.0	0.0	0.0	0.0	0.0	0.0	0.0	0.0	0.0	0.0	0.0	0.0	0.0	0.0	0.0	0.025	0.0	0.0	
Coucou gris	0.0	0.0	0.0	0.0	0.0	0.0	0.0	0.0	0.0	0.0	0.0	0.0075758	0.0097087	0.0569106	0.1409396	0.1829268	0.26	0.2	0.1961722	0.2229299	0.2109091	0.1925466	0.1255061	0.056872	0.0315789	0.0058997	0.0079787	0.0068027	0.0059524	0.0112782	0.0015	0.0015	0.0	0.0	0.0	0.0	0.0	0.0	0.0	0.0	0.0	0.0	0.0	0.0	0.0	0.0	0.0	0.0	
Engoulevent d'Europe	0.0	0.0	0.0	0.0	0.0	0.0	0.0	0.0	0.0	0.0	0.0	0.0	0.0	0.0	0.0	0.0015	0.0133333	0.005	0.0047847	0.0063694	0.0072727	0.0031056	0.0040486	0.0	0.0070175	0.0029499	0.0026596	0.0017007	0.0029762	0.0015	0.0051813	0.0	0.0	0.0	0.0	0.0	0.0	0.0	0.0	0.0	0.0	0.0	0.0	0.0	0.0	0.0	0.0	0.0	
Martinet à ventre blanc	0.0	0.0	0.0	0.0	0.0	0.0	0.0	0.0	0.0015	0.0	0.0137931	0.030303	0.0582524	0.0487805	0.0402685	0.0487805	0.0466667	0.055	0.0574163	0.044586	0.0436364	0.0652174	0.0890688	0.0616114	0.0631579	0.0825959	0.0771277	0.0680272	0.0327381	0.0526316	0.0673575	0.0679612	0.0604651	0.0410256	0.0246914	0.029661	0.0397351	0.0091743	0.0015	0.0	0.0	0.0	0.0	0.0	0.0	0.0	0.0	0.0	
Martinet noir	0.0	0.0	0.0	0.0	0.0	0.0	0.0	0.0	0.0	0.0	0.0	0.0075758	0.0	0.0162602	0.0402685	0.1829268	0.2733333	0.295	0.3301435	0.343949	0.2472727	0.2826087	0.340081	0.3412322	0.2842105	0.2625369	0.3351064	0.1564626	0.0803571	0.0225564	0.0207254	0.0226537	0.027907	0.0102564	0.0123457	0.0127119	0.0	0.0	0.0	0.0074627	0.0	0.0	0.0	0.0	0.0	0.0	0.0	0.0	
Martinet pâle	0.0	0.0	0.0	0.0	0.0	0.0	0.0	0.0	0.0	0.0	0.0	0.0	0.0097087	0.0	0.0067114	0.0015	0.0066667	0.0	0.0047847	0.0031847	0.0036364	0.0031056	0.0	0.0047393	0.0035088	0.0	0.0106383	0.0068027	0.0029762	0.0037594	0.0	0.0032362	0.0	0.0153846	0.0041152	0.0127119	0.013245	0.0091743	0.0015	0.0015	0.0	0.0	0.0	0.0	0.0	0.0	0.0	0.0	
Martinet noir ou M. pâle	0.0	0.0	0.0	0.0	0.0	0.0	0.0	0.0	0.0	0.0	0.0	0.0075758	0.0	0.0	0.0	0.0	0.0	0.0015	0.0	0.0031847	0.0	0.0031056	0.0	0.0047393	0.0	0.0	0.0053191	0.0	0.0	0.0037594	0.0051813	0.0	0.0	0.0	0.0	0.0	0.0066225	0.0	0.0	0.0	0.0	0.0	0.0	0.0	0.0	0.0	0.0	0.0	
Martinet de Sibérie	0.0	0.0	0.0	0.0	0.0	0.0	0.0	0.0	0.0	0.0	0.0	0.0	0.0	0.0	0.0	0.0015	0.0	0.0	0.062201	0.0573248	0.0290909	0.015528	0.0202429	0.028436	0.0175439	0.0147493	0.0132979	0.0017007	0.0	0.0	0.0	0.0	0.0	0.0	0.0	0.0	0.0	0.0	0.0	0.0	0.0	0.0	0.0	0.0	0.0	0.0	0.0	0.0	
Apus ou Tachymarptis sp.	0.0	0.0	0.0	0.0	0.0	0.0	0.0	0.0	0.0	0.0	0.0	0.0	0.0	0.0	0.0	0.0	0.0	0.0	0.0	0.0	0.0	0.0	0.0	0.0	0.0	0.0029499	0.0026596	0.0	0.0015	0.0	0.0	0.0015	0.0	0.0	0.0	0.0	0.0066225	0.0	0.0	0.0	0.0	0.0	0.0	0.0	0.0	0.0	0.0	0.0	
apodidé sp.	0.0	0.0	0.0	0.0	0.0	0.0	0.0	0.0	0.0	0.0	0.0068966	0.0	0.0097087	0.0	0.0	0.0	0.0	0.0	0.0	0.0	0.0	0.0	0.0040486	0.0	0.0	0.0029499	0.0026596	0.0	0.0	0.0	0.0	0.0	0.0	0.0	0.0041152	0.0	0.0	0.0	0.0064103	0.0	0.0	0.0	0.0	0.0	0.0	0.0	0.0	0.0	
Râle d'eau	0.0454545	0.0	0.0512821	0.0306122	0.0352941	0.021978	0.0510204	0.0173913	0.0412371	0.0294118	0.0482759	0.0833333	0.0194175	0.0243902	0.0604027	0.0182927	0.0133333	0.01	0.0	0.0031847	0.0109091	0.0	0.0	0.0047393	0.0	0.0029499	0.0	0.005102	0.0	0.0	0.0051813	0.0097087	0.0093023	0.0051282	0.0	0.0169492	0.0264901	0.0229358	0.0320513	0.0298507	0.0810811	0.0754717	0.0454545	0.1071429	0.0263158	0.1	0.0178571	0.0754717	
Râle des genêts	0.0	0.0	0.0	0.0	0.0	0.0	0.0	0.0	0.0	0.0	0.0	0.0	0.0	0.0	0.0	0.0	0.0	0.0	0.0	0.0063694	0.0	0.0031056	0.0161943	0.007109	0.0015	0.0015	0.0026596	0.0	0.0	0.0	0.0	0.0	0.0	0.0	0.0	0.0	0.0	0.0	0.0	0.0	0.0	0.0	0.0	0.0	0.0	0.0	0.0	0.0	
Marouette ponctuée	0.0	0.0	0.0	0.0	0.0	0.0	0.0	0.0015	0.0	0.0098039	0.0275862	0.0530303	0.0	0.0081301	0.0	0.0	0.0	0.0	0.0	0.0	0.0	0.0	0.0	0.0	0.0	0.0	0.0	0.0	0.0	0.0075188	0.0	0.0	0.0046512	0.0051282	0.0	0.0015	0.0	0.0	0.0	0.0	0.0	0.0	0.0	0.0	0.0	0.0	0.0	0.0	
Gallinule poule-d'eau	0.0727273	0.0877193	0.1538462	0.0408163	0.0352941	0.0989011	0.0408163	0.0434783	0.0618557	0.127451	0.1310345	0.1212121	0.1553398	0.1300813	0.1073826	0.1219512	0.1	0.105	0.0526316	0.0318471	0.0109091	0.0310559	0.0161943	0.0094787	0.0070175	0.0117994	0.018617	0.0085034	0.0119048	0.0338346	0.015544	0.0161812	0.0186047	0.0564103	0.0411523	0.0466102	0.0596026	0.0504587	0.0576923	0.0895522	0.027027	0.0754717	0.1363636	0.0714286	0.1315789	0.15	0.0357143	0.1320755	
Foulque macroule	0.0909091	0.1929825	0.1538462	0.1020408	0.0823529	0.1318681	0.0408163	0.0956522	0.1237113	0.0490196	0.0896552	0.1969697	0.1262136	0.1626016	0.1208054	0.1585366	0.1266667	0.2	0.0909091	0.1210191	0.0836364	0.0869565	0.0728745	0.042654	0.0701754	0.0442478	0.0691489	0.0357143	0.0803571	0.1541353	0.1398964	0.0841424	0.0651163	0.1076923	0.0781893	0.1101695	0.0728477	0.087156	0.1282051	0.0970149	0.0810811	0.0943396	0.2045455	0.1428571	0.1052632	0.3	0.0714286	0.1320755	
Marouette poussin	0.0	0.0	0.0	0.0	0.0	0.0	0.0	0.0	0.0	0.0	0.0	0.0	0.0194175	0.0081301	0.0	0.0060976	0.0	0.0	0.0	0.0	0.0	0.0	0.0	0.0	0.0	0.0	0.0	0.0	0.0	0.0	0.0	0.0	0.0	0.0	0.0	0.0042373	0.0	0.0	0.0	0.0	0.0	0.0	0.0	0.0	0.0	0.0	0.0	0.0	
Marouette ponctuée, M. poussin ou M. de Baillon	0.0	0.0	0.0	0.0	0.0	0.0	0.0	0.0	0.0	0.0	0.0	0.0	0.0	0.0	0.0	0.0	0.0	0.0	0.0	0.0	0.0	0.0	0.0	0.0	0.0	0.0	0.0	0.0	0.0	0.0	0.0	0.0	0.0	0.0	0.0041152	0.0	0.0	0.0	0.0	0.0	0.0	0.0	0.0	0.0	0.0	0.0	0.0	0.0	
Grue cendrée	0.0	0.0	0.0	0.0	0.0	0.0	0.0	0.0173913	0.0	0.0294118	0.0	0.0075758	0.0	0.0	0.0015	0.0	0.0	0.0	0.0	0.0	0.0	0.0	0.0015	0.0	0.0	0.0	0.0	0.0	0.0	0.0	0.0	0.0	0.0	0.0	0.0	0.0042373	0.013245	0.0	0.0	0.0015	0.0	0.0188679	0.0	0.0178571	0.0	0.0	0.0	0.0	
Oedicnème criard	0.0	0.0	0.0	0.0	0.0	0.0	0.0	0.0	0.0	0.0	0.0	0.0	0.0	0.0	0.0	0.0015	0.0	0.0	0.0	0.0	0.0	0.0	0.0	0.0	0.0	0.0	0.0	0.0	0.0	0.0	0.0	0.0	0.0	0.0	0.0	0.0	0.0	0.0	0.0	0.0	0.0	0.0	0.0	0.0	0.0	0.0	0.0	0.0	
Échasse blanche	0.0	0.0	0.0	0.0	0.0	0.0	0.0	0.0	0.0	0.0	0.0	0.0075758	0.0	0.0081301	0.0015	0.0	0.0	0.0	0.0	0.0	0.0	0.0	0.0	0.0	0.0	0.0	0.0	0.0	0.0	0.0	0.0	0.0	0.0	0.0	0.0	0.0	0.0	0.0	0.0	0.0	0.0	0.0	0.0	0.0	0.0	0.0	0.0	0.0	
Pluvier argenté	0.0	0.0	0.0	0.0	0.0	0.0	0.0	0.0	0.0	0.0	0.0	0.0	0.0	0.0	0.0	0.0	0.0	0.0	0.0	0.0	0.0	0.0	0.0	0.0	0.0	0.0	0.0	0.0	0.0	0.0	0.0	0.0	0.0	0.0	0.0	0.0	0.0015	0.0	0.0	0.0	0.0	0.0	0.0	0.0	0.0	0.0	0.0	0.0	
Pluvier doré	0.0	0.0	0.0	0.0	0.0	0.0	0.0015	0.0086957	0.0	0.0	0.0	0.0	0.0	0.0	0.0	0.0	0.0	0.0	0.0	0.0	0.0	0.0	0.0	0.0	0.0	0.0	0.0	0.0	0.0	0.0	0.0	0.0	0.0	0.0	0.0	0.0	0.0	0.0	0.0	0.0	0.0	0.0	0.0	0.0178571	0.0	0.0	0.0	0.0	
Guignard d’Eurasie	0.0	0.0	0.0	0.0	0.0	0.0	0.0	0.0	0.0	0.0	0.0	0.0	0.0	0.0	0.0	0.0	0.0	0.0	0.0	0.0	0.0	0.0	0.0	0.0	0.0	0.0	0.0	0.0	0.0	0.0	0.0	0.0015	0.0015	0.0015	0.0	0.0	0.0015	0.0	0.0	0.0	0.0	0.0	0.0	0.0	0.0	0.0	0.0	0.0	
Grand Gravelot	0.0	0.0	0.0	0.0	0.0	0.0	0.0	0.0	0.0	0.0	0.0	0.0	0.0	0.0	0.0	0.0	0.0015	0.01	0.0047847	0.0	0.0	0.0	0.0	0.0	0.0	0.0	0.0	0.0	0.0	0.0	0.0	0.0032362	0.0	0.0	0.0015	0.0	0.0	0.0	0.0	0.0	0.0	0.0	0.0	0.0	0.0	0.0	0.0	0.0	
Petit Gravelot	0.0	0.0	0.0	0.0	0.0	0.0	0.0	0.0	0.0	0.0	0.0413793	0.0454545	0.038835	0.0081301	0.0268456	0.0121951	0.0333333	0.025	0.0143541	0.0095541	0.0072727	0.0062112	0.0040486	0.0047393	0.0	0.0029499	0.0	0.0017007	0.0029762	0.0075188	0.0	0.0	0.0	0.0	0.0	0.0	0.0	0.0	0.0	0.0	0.0	0.0	0.0	0.0	0.0	0.0	0.0	0.0	
Vanneau huppé	0.0	0.0	0.0	0.0	0.0	0.010989	0.0204082	0.0347826	0.0103093	0.0392157	0.0137931	0.0	0.0194175	0.0081301	0.0	0.0	0.0015	0.0	0.0015	0.0	0.0036364	0.0015	0.0	0.0	0.0	0.0	0.0026596	0.0	0.0029762	0.0037594	0.0051813	0.0	0.0015	0.0	0.0	0.0	0.013245	0.0045872	0.0128205	0.0074627	0.0	0.0188679	0.0	0.0178571	0.0263158	0.025	0.0	0.0	
Courlis corlieu	0.0	0.0	0.0	0.0	0.0	0.0	0.0	0.0	0.0	0.0	0.0	0.0	0.0097087	0.0	0.0067114	0.0182927	0.0	0.0	0.0	0.0	0.0	0.0	0.0	0.0	0.0	0.0	0.0	0.0	0.0	0.0	0.0	0.0	0.0	0.0	0.0	0.0	0.0	0.0	0.0	0.0	0.0	0.0	0.0	0.0	0.0	0.0	0.0	0.0	
Barge à queue noire	0.0	0.0	0.0	0.0	0.0	0.0	0.0	0.0	0.0	0.0	0.0	0.0075758	0.0	0.0	0.0	0.0	0.0	0.0	0.0	0.0	0.0	0.0	0.0	0.0	0.0	0.0	0.0	0.0	0.0	0.0	0.0	0.0	0.0	0.0	0.0	0.0	0.0	0.0	0.0	0.0	0.0	0.0	0.0	0.0	0.0	0.0	0.0	0.0	
Bécassine sourde	0.0	0.0	0.0015	0.0102041	0.0	0.0	0.0	0.0	0.0103093	0.0	0.0	0.0075758	0.0	0.0	0.0015	0.0	0.0	0.0	0.0	0.0	0.0	0.0	0.0	0.0	0.0	0.0	0.0	0.0	0.0	0.0	0.0	0.0	0.0	0.0051282	0.0	0.0	0.0	0.0	0.0	0.0	0.0	0.0	0.0	0.0	0.0	0.0	0.0	0.0	
Bécasse des bois	0.0	0.0175439	0.0	0.0	0.0	0.0	0.0	0.0	0.0	0.0	0.0	0.0	0.0	0.0	0.0	0.0	0.0	0.0	0.0	0.0	0.0	0.0031056	0.0015	0.0	0.0	0.0	0.0	0.0	0.0	0.0	0.0	0.0	0.0	0.0	0.0	0.0	0.0	0.0137615	0.0064103	0.0074627	0.0	0.0015	0.0	0.0	0.0	0.0015	0.0	0.0	
Bécassine double	0.0	0.0	0.0	0.0	0.0	0.0	0.0	0.0	0.0	0.0	0.0	0.0	0.0	0.0	0.0015	0.0	0.0	0.01	0.0	0.0	0.0	0.0	0.0	0.0	0.0	0.0	0.0	0.0	0.0	0.0	0.0	0.0	0.0	0.0	0.0	0.0	0.0	0.0	0.0	0.0	0.0	0.0	0.0	0.0	0.0	0.0	0.0	0.0	
Bécassine des marais	0.0	0.0	0.0	0.0	0.0117647	0.021978	0.0102041	0.0173913	0.0015	0.0098039	0.0015	0.0	0.0097087	0.0	0.0067114	0.0015	0.02	0.0	0.0	0.0	0.0	0.0	0.0	0.0	0.0	0.0	0.0	0.0	0.0	0.0015	0.0	0.0032362	0.0	0.0051282	0.0	0.0042373	0.0	0.0045872	0.0128205	0.0015	0.0	0.0188679	0.0	0.0	0.0	0.0	0.0	0.0	
Chevalier guignette	0.0	0.0	0.0	0.0	0.0	0.0	0.0	0.0	0.0	0.0	0.0068966	0.0151515	0.038835	0.0406504	0.0738255	0.0426829	0.08	0.085	0.0334928	0.0159236	0.0072727	0.0062112	0.0121457	0.007109	0.0175439	0.0058997	0.0106383	0.0119048	0.0119048	0.0263158	0.0	0.0097087	0.0046512	0.0051282	0.0	0.0042373	0.0	0.0091743	0.0	0.0	0.0	0.0	0.0	0.0	0.0	0.0	0.0	0.0	
Chevalier culblanc	0.0	0.0	0.0	0.0	0.0	0.0	0.0	0.0086957	0.0	0.0098039	0.0275862	0.0530303	0.038835	0.0243902	0.0268456	0.0060976	0.0066667	0.0	0.0	0.0	0.0	0.0031056	0.0	0.0047393	0.0	0.0015	0.0079787	0.005102	0.0029762	0.0037594	0.0015	0.0	0.0	0.0051282	0.0	0.0	0.0	0.0015	0.0	0.0	0.0	0.0	0.0	0.0	0.0	0.0	0.0	0.0	
Chevalier sylvain	0.0	0.0	0.0	0.0	0.0	0.0	0.0	0.0	0.0	0.0	0.0	0.0	0.0	0.0	0.0134228	0.0015	0.02	0.005	0.0	0.0	0.0	0.0	0.0	0.0	0.0035088	0.0	0.0026596	0.0017007	0.0029762	0.0112782	0.0051813	0.0	0.0	0.0	0.0	0.0015	0.0	0.0	0.0	0.0	0.0	0.0	0.0	0.0	0.0	0.0	0.0	0.0	
Chevalier gambette	0.0	0.0	0.0	0.0	0.0	0.0	0.0	0.0	0.0	0.0	0.0	0.0	0.0	0.0	0.0	0.0	0.0	0.0	0.0047847	0.0	0.0	0.0	0.0	0.0	0.0	0.0	0.0	0.0	0.0	0.0	0.0	0.0	0.0	0.0	0.0	0.0	0.0	0.0	0.0	0.0	0.0	0.0	0.0	0.0	0.0	0.0	0.0	0.0	
Chevalier aboyeur	0.0	0.0	0.0	0.0	0.0	0.0	0.0	0.0	0.0	0.0	0.0	0.0	0.0097087	0.0081301	0.033557	0.0015	0.0	0.0015	0.0095694	0.0	0.0	0.0	0.0	0.0	0.0	0.0	0.0026596	0.0	0.0	0.0037594	0.0	0.0	0.0	0.0	0.0	0.0	0.0	0.0	0.0	0.0	0.0	0.0	0.0	0.0	0.0	0.0	0.0	0.0	
Combattant varié	0.0	0.0	0.0	0.0	0.0	0.0	0.0	0.0	0.0	0.0	0.0	0.0015	0.0	0.0162602	0.0067114	0.0	0.0133333	0.015	0.0	0.0	0.0	0.0	0.0	0.0	0.0	0.0	0.0	0.0	0.0	0.0	0.0	0.0	0.0	0.0	0.0	0.0015	0.0	0.0	0.0	0.0	0.0	0.0	0.0	0.0	0.0	0.0	0.0	0.0	
Bécasseau de Temminck	0.0	0.0	0.0	0.0	0.0	0.0	0.0	0.0	0.0	0.0	0.0	0.0	0.0	0.0	0.0	0.0	0.0	0.0	0.0047847	0.0	0.0	0.0	0.0	0.0	0.0	0.0	0.0	0.0	0.0	0.0	0.0	0.0	0.0	0.0	0.0	0.0	0.0	0.0	0.0	0.0	0.0	0.0	0.0	0.0	0.0	0.0	0.0	0.0	
Bécasseau sanderling	0.0	0.0	0.0	0.0	0.0	0.0	0.0	0.0	0.0	0.0	0.0	0.0	0.0	0.0	0.0	0.0	0.0	0.0	0.0	0.0	0.0	0.0	0.0	0.0	0.0	0.0	0.0	0.0	0.0	0.0	0.0	0.0	0.0	0.0	0.0041152	0.0015	0.0	0.0	0.0	0.0	0.0	0.0	0.0	0.0	0.0	0.0	0.0	0.0	
Bécasseau variable	0.0	0.0	0.0	0.0	0.0	0.0	0.0	0.0	0.0	0.0	0.0	0.0015	0.0	0.0	0.0	0.0	0.0	0.0015	0.0	0.0	0.0	0.0	0.0	0.0	0.0	0.0	0.0	0.0	0.0015	0.0015	0.0	0.0	0.0	0.0	0.0082305	0.0015	0.0	0.0045872	0.0	0.0	0.0	0.0	0.0	0.0	0.0	0.0	0.0	0.0	
Glaréole à ailes noires	0.0	0.0	0.0	0.0	0.0	0.0	0.0	0.0	0.0	0.0	0.0	0.0	0.0	0.0	0.0	0.0	0.0	0.005	0.0	0.0	0.0	0.0	0.0	0.0	0.0	0.0	0.0	0.0	0.0	0.0	0.0	0.0	0.0	0.0	0.0	0.0	0.0	0.0	0.0	0.0	0.0	0.0	0.0	0.0	0.0	0.0	0.0	0.0	
limicole sp.	0.0	0.0	0.0	0.0	0.0	0.0	0.0	0.0	0.0	0.0	0.0	0.0	0.0097087	0.0	0.0	0.0	0.0015	0.0	0.0	0.0	0.0	0.0	0.0	0.0	0.0	0.0	0.0	0.0	0.0	0.0	0.0	0.0	0.0	0.0	0.0	0.0	0.0066225	0.0	0.0	0.0	0.0	0.0	0.0	0.0	0.0	0.0	0.0	0.0	
Mouette pygmée	0.0	0.0	0.0	0.0	0.0	0.0	0.0	0.0	0.0	0.0	0.0	0.0	0.0	0.0	0.0067114	0.0	0.0066667	0.0	0.0	0.0	0.0	0.0	0.0	0.0	0.0	0.0	0.0	0.0	0.0029762	0.0	0.0	0.0	0.0	0.0	0.0	0.0	0.0	0.0	0.0	0.0	0.0	0.0	0.0	0.0	0.0	0.0	0.0	0.0	
Mouette rieuse	0.0181818	0.122807	0.0512821	0.0204082	0.0705882	0.032967	0.0102041	0.0347826	0.0015	0.0196078	0.0068966	0.0015	0.0097087	0.0081301	0.0134228	0.0121951	0.0133333	0.005	0.0047847	0.0031847	0.0036364	0.0031056	0.0040486	0.007109	0.0175439	0.0147493	0.0212766	0.0102041	0.0178571	0.0526316	0.0518135	0.0032362	0.0186047	0.0307692	0.0246914	0.0677966	0.0529801	0.0229358	0.0192308	0.0223881	0.0	0.0188679	0.0681818	0.0714286	0.0015	0.1	0.0357143	0.0283019	
Mouette mélanocéphale	0.0	0.0	0.0	0.0	0.0	0.0	0.0	0.0	0.0	0.0	0.0	0.0	0.0	0.0	0.0	0.0015	0.0015	0.01	0.0	0.0	0.0	0.0	0.0	0.0	0.0	0.0029499	0.0026596	0.0017007	0.0059524	0.018797	0.0051813	0.0064725	0.0	0.0	0.0	0.0	0.0	0.0	0.0064103	0.0	0.0	0.0	0.0	0.0	0.0	0.0	0.0	0.0	
Goéland cendré	0.0	0.0175439	0.0128205	0.0204082	0.0	0.0015	0.0102041	0.0015	0.0	0.0	0.0	0.0	0.0097087	0.0	0.0	0.0	0.0	0.0	0.0	0.0	0.0	0.0	0.0	0.0	0.0	0.0	0.0	0.0015	0.0	0.0	0.0015	0.0	0.0	0.0	0.0	0.0	0.0	0.0	0.0	0.0	0.0	0.0	0.0	0.0	0.0	0.05	0.0	0.0	
Goéland pontique	0.0	0.0	0.0	0.0	0.0	0.0	0.0	0.0	0.0	0.0	0.0	0.0	0.0	0.0	0.0015	0.0	0.0	0.0	0.0	0.0	0.0	0.0	0.0	0.0	0.0	0.0	0.0	0.0	0.0	0.0	0.0	0.0015	0.0	0.0	0.0	0.0	0.0	0.0	0.0	0.0	0.0	0.0	0.0	0.0	0.0	0.025	0.0	0.0	
Goéland leucophée	0.0454545	0.1578947	0.0897436	0.0714286	0.1176471	0.0879121	0.0714286	0.0695652	0.0103093	0.0882353	0.1103448	0.2121212	0.1456311	0.1219512	0.1342282	0.0853659	0.16	0.14	0.1004785	0.0605096	0.0581818	0.0403727	0.0283401	0.0236967	0.0561404	0.0383481	0.0292553	0.0221088	0.0505952	0.0526316	0.0569948	0.0291262	0.0186047	0.025641	0.0329218	0.0508475	0.0529801	0.0275229	0.0128205	0.0298507	0.027027	0.0188679	0.0015	0.0535714	0.1578947	0.225	0.0535714	0.0566038	
Goéland brun	0.0015	0.0	0.0	0.0102041	0.0	0.0	0.0204082	0.0	0.0015	0.0	0.0	0.0075758	0.0097087	0.0081301	0.0015	0.0	0.0	0.005	0.0	0.0	0.0036364	0.0	0.0	0.0	0.0035088	0.0	0.0	0.0017007	0.0	0.0	0.0	0.0	0.0	0.0	0.0	0.0015	0.0066225	0.0	0.0	0.0	0.0	0.0	0.0	0.0	0.0	0.0	0.0	0.0	
goéland sp. (Larus sp.)	0.0	0.0	0.0	0.0	0.0	0.010989	0.0	0.0	0.0	0.0	0.0	0.0075758	0.0	0.0	0.0	0.0	0.0	0.0	0.0	0.0	0.0	0.0	0.0	0.0	0.0	0.0015	0.0	0.0	0.0	0.0	0.0	0.0	0.0	0.0	0.0	0.0	0.0	0.0	0.0	0.0	0.0	0.0	0.0	0.0	0.0	0.0	0.0	0.0	
goéland ou mouette sp.	0.0	0.0	0.0	0.0	0.0	0.0	0.0	0.0	0.0	0.0098039	0.0	0.0	0.0	0.0	0.0134228	0.0	0.0	0.005	0.0095694	0.0	0.0	0.0	0.0	0.0	0.0	0.0	0.0026596	0.0015	0.0	0.0015	0.0051813	0.0032362	0.0015	0.0	0.0	0.0	0.0	0.0	0.0064103	0.0	0.0	0.0	0.0	0.0	0.0	0.0	0.0	0.0188679	
Sterne caspienne	0.0	0.0	0.0	0.0	0.0	0.0	0.0	0.0	0.0	0.0	0.0	0.0	0.0	0.0	0.0	0.0	0.0	0.0	0.0	0.0	0.0	0.0	0.0	0.0	0.0	0.0	0.0	0.0015	0.0	0.0	0.0	0.0	0.0	0.0	0.0	0.0	0.0	0.0	0.0	0.0	0.0	0.0	0.0	0.0	0.0	0.0	0.0	0.0	
Guifette moustac	0.0	0.0	0.0	0.0	0.0	0.0	0.0	0.0	0.0	0.0	0.0	0.0	0.0	0.0081301	0.0015	0.0	0.0	0.0	0.0	0.0	0.0	0.0	0.0	0.0	0.0	0.0	0.0	0.0	0.0	0.0	0.0	0.0	0.0	0.0	0.0	0.0	0.0	0.0	0.0	0.0	0.0	0.0	0.0	0.0	0.0	0.0	0.0	0.0	
Guifette noire	0.0	0.0	0.0	0.0	0.0	0.0	0.0	0.0	0.0	0.0	0.0	0.0	0.0	0.0	0.0	0.0015	0.0066667	0.015	0.0047847	0.0	0.0	0.0	0.0	0.0	0.0	0.0	0.0	0.0	0.0	0.0	0.0103627	0.0032362	0.0	0.0	0.0	0.0	0.0	0.0	0.0	0.0	0.0	0.0	0.0	0.0	0.0	0.0	0.0	0.0	
Sterne pierregarin	0.0	0.0	0.0	0.0	0.0	0.0	0.0	0.0	0.0	0.0	0.0	0.0	0.0	0.0	0.0	0.0	0.0	0.0	0.0	0.0	0.0	0.0	0.0	0.0	0.0	0.0	0.0	0.0	0.0	0.0	0.0	0.0	0.0	0.0	0.0041152	0.0042373	0.0	0.0	0.0	0.0	0.0	0.0	0.0	0.0	0.0	0.0	0.0	0.0	
Sterne caugek	0.0	0.0	0.0	0.0	0.0	0.0	0.0	0.0	0.0	0.0	0.0	0.0	0.0	0.0	0.0	0.0	0.0	0.0	0.0	0.0	0.0	0.0	0.0	0.0	0.0	0.0	0.0	0.0	0.0	0.0	0.0	0.0	0.0	0.0	0.0	0.0042373	0.0	0.0	0.0	0.0	0.0	0.0	0.0	0.0	0.0	0.0	0.0	0.0	
goéland ou sterne sp.	0.0	0.0	0.0	0.0	0.0	0.0	0.0	0.0	0.0	0.0	0.0	0.0	0.0	0.0	0.0	0.0	0.0	0.0	0.0	0.0	0.0	0.0	0.0	0.0	0.0	0.0	0.0	0.0	0.0	0.0	0.0	0.0	0.0	0.0	0.0	0.0	0.0	0.0	0.0	0.0	0.0	0.0	0.0	0.0	0.0	0.0	0.0	0.0188679	
Grèbe castagneux	0.0727273	0.1578947	0.1410256	0.0510204	0.0705882	0.1098901	0.0612245	0.0521739	0.1030928	0.0490196	0.0965517	0.0757576	0.0873786	0.0731707	0.0738255	0.0792683	0.0666667	0.08	0.0430622	0.066879	0.0145455	0.0310559	0.0404858	0.0260664	0.0315789	0.0176991	0.0398936	0.0187075	0.0535714	0.075188	0.0777202	0.0355987	0.0418605	0.0769231	0.0493827	0.0550847	0.0529801	0.0458716	0.0705128	0.0447761	0.027027	0.0188679	0.1136364	0.0892857	0.1052632	0.225	0.0357143	0.0660377	
Grèbe esclavon	0.0	0.0	0.0	0.0	0.0	0.0	0.0	0.0	0.0	0.0	0.0	0.0	0.0	0.0	0.0	0.0	0.0	0.015	0.0015	0.0	0.0	0.0	0.0	0.0	0.0	0.0	0.0	0.0	0.0	0.0	0.0	0.0	0.0	0.0	0.0	0.0	0.0	0.0	0.0	0.0	0.0	0.0	0.0	0.0	0.0	0.025	0.0015	0.0	
Grèbe jougris	0.0	0.0	0.0	0.0	0.0	0.0	0.0	0.0	0.0	0.0	0.0	0.0	0.0	0.0081301	0.0	0.0	0.0	0.0	0.0	0.0	0.0	0.0	0.0	0.0	0.0	0.0	0.0015	0.0	0.0	0.0	0.0	0.0	0.0	0.0	0.0	0.0	0.0015	0.0	0.0	0.0074627	0.0	0.0	0.0	0.0	0.0	0.0	0.0	0.0	
Grèbe huppé	0.0363636	0.1403509	0.0512821	0.0204082	0.0823529	0.1098901	0.0408163	0.0434783	0.0927835	0.0098039	0.0206897	0.1590909	0.0485437	0.0894309	0.0939597	0.152439	0.08	0.13	0.0813397	0.0923567	0.04	0.0465839	0.0404858	0.0236967	0.0315789	0.0265487	0.0319149	0.0255102	0.0386905	0.112782	0.1036269	0.0291262	0.0186047	0.0717949	0.0534979	0.0932203	0.0529801	0.0688073	0.0576923	0.0671642	0.027027	0.0566038	0.0681818	0.1071429	0.0526316	0.225	0.0178571	0.0660377	
Grèbe à cou noir	0.0090909	0.1052632	0.0128205	0.0204082	0.0117647	0.021978	0.0102041	0.0086957	0.0103093	0.0	0.0137931	0.0015	0.0097087	0.0	0.0	0.0	0.0066667	0.0	0.0	0.0	0.0	0.0031056	0.0	0.0	0.0	0.0	0.0	0.0	0.0029762	0.0015	0.0	0.0032362	0.0093023	0.0051282	0.0015	0.0015	0.0066225	0.0091743	0.0	0.0149254	0.0	0.0188679	0.0	0.0178571	0.0	0.1	0.0	0.0	
grèbe sp.	0.0	0.0	0.0	0.0	0.0	0.0	0.0	0.0	0.0	0.0	0.0	0.0	0.0	0.0	0.0	0.0	0.0	0.0	0.0	0.0	0.0	0.0	0.0	0.0	0.0	0.0	0.0	0.0	0.0	0.0	0.0	0.0	0.0	0.0	0.0	0.0	0.0	0.0045872	0.0	0.0	0.0	0.0	0.0	0.0	0.0	0.0	0.0	0.0	
Plongeon catmarin	0.0	0.0	0.0	0.0	0.0	0.0	0.0	0.0	0.0	0.0	0.0	0.0	0.0	0.0	0.0	0.0	0.0	0.0	0.0	0.0	0.0015	0.0	0.0	0.0	0.0	0.0	0.0	0.0	0.0	0.0	0.0	0.0	0.0	0.0	0.0	0.0	0.0	0.0	0.0	0.0	0.0	0.0	0.0	0.0	0.0	0.0	0.0015	0.0	
Plongeon arctique	0.0090909	0.0175439	0.0	0.0	0.0	0.0	0.0	0.0	0.0	0.0	0.0	0.0	0.0	0.0	0.0	0.0	0.0	0.0015	0.0	0.0	0.0	0.0	0.0	0.0	0.0	0.0	0.0026596	0.0017007	0.0	0.0	0.0	0.0	0.0	0.0	0.0	0.0	0.0	0.0	0.0	0.0015	0.0	0.0	0.0	0.0178571	0.0	0.025	0.0	0.0	
Cigogne noire	0.0	0.0	0.0	0.0	0.0	0.0	0.0	0.0086957	0.0	0.0	0.0	0.0	0.0	0.0	0.0	0.0	0.0	0.0	0.0	0.0	0.0	0.0	0.0	0.0	0.0	0.0	0.0	0.0017007	0.0	0.0	0.0	0.0	0.0	0.0	0.0041152	0.0	0.0	0.0	0.0	0.0	0.0	0.0	0.0	0.0	0.0	0.0	0.0	0.0	
Cigogne blanche	0.0	0.0	0.0	0.0	0.0	0.0	0.0	0.0	0.0	0.0	0.0	0.0	0.0	0.0081301	0.0	0.0060976	0.0066667	0.0015	0.0	0.0	0.0015	0.0031056	0.0	0.0	0.0	0.0	0.0	0.0	0.0015	0.0015	0.0	0.0	0.0	0.0	0.0	0.0	0.0	0.0	0.0	0.0	0.0	0.0	0.0	0.0	0.0	0.0	0.0	0.0	
Cormoran pygmée	0.0	0.0	0.0	0.0	0.0	0.0	0.0	0.0	0.0	0.0	0.0	0.0	0.0	0.0	0.0	0.0	0.0	0.0	0.0	0.0	0.0	0.0	0.0	0.0	0.0	0.0015	0.0026596	0.0	0.0029762	0.0	0.0	0.0015	0.0	0.0	0.0	0.0	0.0	0.0	0.0	0.0	0.0	0.0	0.0	0.0	0.0	0.025	0.0	0.0	
Grand Cormoran	0.1	0.1754386	0.1282051	0.0714286	0.1764706	0.1098901	0.0816327	0.1478261	0.0927835	0.127451	0.1310345	0.1666667	0.0873786	0.1138211	0.1006711	0.1463415	0.0933333	0.095	0.0813397	0.0477707	0.0109091	0.015528	0.0161943	0.0165877	0.0385965	0.0176991	0.018617	0.0289116	0.0416667	0.075188	0.0932642	0.0355987	0.0511628	0.0512821	0.0617284	0.1059322	0.0728477	0.0688073	0.0961538	0.119403	0.0540541	0.0566038	0.2272727	0.1964286	0.1578947	0.225	0.0892857	0.1037736	
Ibis chauve	0.0	0.0	0.0	0.0	0.0	0.0	0.0	0.0	0.0103093	0.0098039	0.0206897	0.0075758	0.0097087	0.0243902	0.0201342	0.0304878	0.0266667	0.005	0.0047847	0.0063694	0.0015	0.0	0.0	0.0	0.0	0.0	0.0053191	0.0015	0.0	0.0015	0.0	0.0	0.0046512	0.0	0.0041152	0.0042373	0.0	0.0	0.0	0.0015	0.0	0.0015	0.0	0.0	0.0	0.0015	0.0	0.0	
Butor étoilé	0.0	0.0	0.0	0.0	0.0235294	0.0	0.0	0.0	0.0	0.0098039	0.0	0.0075758	0.0	0.0	0.0015	0.0	0.0	0.0	0.0	0.0	0.0	0.0	0.0	0.0	0.0	0.0	0.0	0.0	0.0	0.0	0.0	0.0	0.0	0.0	0.0	0.0	0.0	0.0	0.0	0.0	0.0	0.0	0.0227273	0.0	0.0	0.0	0.0	0.0	
Blongios nain	0.0	0.0	0.0	0.0	0.0	0.0	0.0	0.0	0.0	0.0	0.0	0.0	0.0	0.0	0.0	0.0060976	0.0066667	0.04	0.0191388	0.0127389	0.0072727	0.0062112	0.0080972	0.0	0.0	0.0029499	0.0053191	0.0034014	0.0	0.0037594	0.0051813	0.0032362	0.0	0.0	0.0	0.0	0.0	0.0	0.0	0.0	0.0	0.0	0.0	0.0	0.0	0.0	0.0	0.0	
Bihoreau gris	0.0	0.0	0.0	0.0	0.0	0.0	0.0	0.0	0.0	0.0	0.0	0.0	0.0097087	0.0162602	0.0134228	0.0015	0.0	0.02	0.0191388	0.0063694	0.0015	0.0031056	0.0040486	0.0015	0.0	0.0015	0.0	0.0	0.0029762	0.0037594	0.0051813	0.0097087	0.0	0.0	0.0	0.0	0.0	0.0	0.0	0.0	0.0	0.0	0.0	0.0	0.0	0.0	0.0	0.0	
Aigrette garzette	0.0090909	0.0175439	0.025641	0.0	0.0352941	0.0	0.0	0.0086957	0.0	0.0	0.0275862	0.030303	0.0097087	0.0162602	0.0536913	0.0015	0.02	0.01	0.0047847	0.0031847	0.0036364	0.0	0.0	0.0	0.0035088	0.0058997	0.0053191	0.005102	0.0059524	0.037594	0.015544	0.0064725	0.0093023	0.0	0.0123457	0.0084746	0.0	0.0	0.0	0.0074627	0.0	0.0	0.0	0.0	0.0263158	0.025	0.0	0.0015	
Crabier chevelu	0.0	0.0	0.0	0.0	0.0	0.0	0.0	0.0	0.0	0.0	0.0	0.0075758	0.0	0.0	0.0134228	0.0015	0.0015	0.0015	0.0	0.0	0.0036364	0.0031056	0.0	0.0	0.0	0.0015	0.0026596	0.0	0.0	0.0	0.0	0.0	0.0	0.0	0.0	0.0	0.0	0.0	0.0	0.0	0.0	0.0	0.0	0.0	0.0	0.0	0.0	0.0	
Héron garde-boeufs	0.0090909	0.0	0.0	0.0	0.0235294	0.010989	0.0	0.0086957	0.0103093	0.0	0.0	0.0	0.0	0.0	0.0	0.0	0.0133333	0.0015	0.0047847	0.0031847	0.0015	0.0	0.0080972	0.0	0.0	0.0	0.0	0.0	0.0	0.0037594	0.0	0.0	0.0046512	0.0	0.0	0.0	0.0	0.0	0.0	0.0	0.0	0.0	0.0	0.0	0.0263158	0.0	0.0	0.0015	
Grande Aigrette	0.0181818	0.0175439	0.0128205	0.0408163	0.0352941	0.0549451	0.0510204	0.026087	0.0515464	0.0196078	0.0275862	0.0378788	0.0485437	0.0243902	0.033557	0.0060976	0.0	0.02	0.0047847	0.0031847	0.0072727	0.0	0.0040486	0.0023697	0.0	0.0	0.0026596	0.005102	0.0029762	0.0037594	0.0051813	0.0032362	0.0093023	0.0015	0.0041152	0.0127119	0.0066225	0.0137615	0.025641	0.0149254	0.027027	0.0188679	0.0454545	0.0535714	0.0015	0.025	0.0178571	0.0943396	
Héron cendré	0.0363636	0.0877193	0.1153846	0.1428571	0.1176471	0.0879121	0.0918367	0.1130435	0.1340206	0.2156863	0.2137931	0.1893939	0.1941748	0.1626016	0.2013423	0.1768293	0.1466667	0.165	0.1196172	0.0923567	0.0545455	0.068323	0.0566802	0.049763	0.0596491	0.0412979	0.0478723	0.0391156	0.0535714	0.0827068	0.1139896	0.0938511	0.0744186	0.0820513	0.0823045	0.1186441	0.0860927	0.059633	0.1346154	0.119403	0.1891892	0.1320755	0.2045455	0.1607143	0.3421053	0.25	0.1607143	0.1886792	
Héron pourpré	0.0	0.0	0.0	0.0	0.0	0.0	0.0	0.0	0.0	0.0	0.0	0.0	0.0	0.0162602	0.0268456	0.0243902	0.0	0.015	0.0047847	0.0031847	0.0036364	0.0	0.0015	0.0	0.0	0.0	0.0	0.0015	0.0	0.0	0.0	0.0	0.0	0.0	0.0041152	0.0	0.0	0.0	0.0	0.0	0.0	0.0	0.0	0.0	0.0	0.0	0.0	0.0	
Balbuzard pêcheur	0.0	0.0	0.0	0.0	0.0	0.0	0.0	0.0	0.0	0.0	0.0	0.0075758	0.0	0.0081301	0.0067114	0.0015	0.0066667	0.0	0.0	0.0	0.0	0.0	0.0	0.0	0.0	0.0	0.0	0.0	0.0	0.0015	0.0	0.0	0.0	0.0	0.0	0.0015	0.0	0.0	0.0	0.0	0.0	0.0	0.0	0.0	0.0	0.0	0.0	0.0	
Gypaète barbu	0.0015	0.0	0.0128205	0.0102041	0.0015	0.0015	0.0	0.0086957	0.0	0.0098039	0.0068966	0.0075758	0.0015	0.0081301	0.0201342	0.0	0.0066667	0.0	0.0143541	0.0063694	0.0109091	0.0217391	0.0242915	0.028436	0.0385965	0.020649	0.0079787	0.0255102	0.0208333	0.037594	0.0362694	0.0517799	0.0186047	0.0102564	0.0082305	0.0169492	0.0198675	0.0321101	0.0064103	0.0223881	0.027027	0.0	0.0227273	0.0	0.0263158	0.025	0.0	0.0188679	
Bondrée apivore	0.0	0.0	0.0	0.0	0.0	0.0	0.0	0.0	0.0	0.0	0.0	0.0	0.0	0.0	0.0067114	0.0	0.0066667	0.05	0.0382775	0.0541401	0.0145455	0.0124224	0.0404858	0.0331754	0.0350877	0.0235988	0.0292553	0.0153061	0.0625	0.0488722	0.0310881	0.0291262	0.0046512	0.0102564	0.0015	0.0042373	0.0	0.0	0.0	0.0	0.0	0.0	0.0	0.0	0.0	0.0	0.0	0.0	
Vautour moine	0.0	0.0	0.0	0.0	0.0	0.0	0.0	0.0	0.0	0.0	0.0	0.0	0.0	0.0	0.0	0.0	0.0	0.0	0.0	0.0	0.0	0.0	0.0	0.0	0.0	0.0058997	0.0	0.0034014	0.0	0.0	0.0	0.0032362	0.0	0.0051282	0.0	0.0	0.0	0.0	0.0	0.0	0.0	0.0	0.0	0.0	0.0	0.0	0.0	0.0	
Vautour fauve	0.0	0.0	0.0	0.0	0.0	0.0	0.0	0.0	0.0	0.0	0.0	0.0	0.0	0.0	0.0	0.0015	0.0	0.0	0.0047847	0.0063694	0.0072727	0.0031056	0.0015	0.0047393	0.0	0.0058997	0.0026596	0.0085034	0.0	0.0037594	0.0051813	0.0064725	0.0015	0.0	0.0015	0.0015	0.0	0.0091743	0.0	0.0	0.0	0.0	0.0	0.0	0.0	0.0	0.0	0.0	
Circaète Jean-le-Blanc	0.0	0.0	0.0	0.0	0.0	0.0	0.0	0.0	0.0	0.0	0.0068966	0.0227273	0.0015	0.0081301	0.0201342	0.0060976	0.0133333	0.025	0.0015	0.0095541	0.0036364	0.0062112	0.0202429	0.0118483	0.0070175	0.0058997	0.0345745	0.0085034	0.0089286	0.0075188	0.0015	0.0097087	0.0046512	0.0102564	0.0041152	0.0	0.0	0.0	0.0	0.0	0.0	0.0	0.0	0.0	0.0	0.0	0.0	0.0	
Aigle botté	0.0	0.0	0.0	0.0	0.0	0.0	0.0	0.0	0.0	0.0	0.0	0.0	0.0	0.0	0.0	0.0	0.0	0.005	0.0	0.0	0.0	0.0	0.0	0.0	0.0	0.0	0.0	0.0	0.0	0.0	0.0	0.0	0.0	0.0	0.0	0.0	0.0	0.0	0.0	0.0	0.0	0.0	0.0	0.0	0.0	0.0	0.0	0.0	
Aigle royal	0.0272727	0.0015	0.0128205	0.0102041	0.0235294	0.010989	0.0204082	0.0347826	0.0618557	0.0490196	0.0758621	0.0015	0.0582524	0.0162602	0.0134228	0.0304878	0.0266667	0.035	0.0095694	0.0318471	0.0254545	0.0652174	0.0323887	0.0308057	0.0385965	0.0442478	0.0452128	0.0527211	0.0535714	0.0789474	0.0725389	0.0517799	0.0465116	0.0410256	0.0164609	0.029661	0.0662252	0.0825688	0.0192308	0.0223881	0.1351351	0.0943396	0.0227273	0.0015	0.0015	0.025	0.0	0.0377358	
Épervier d'Europe	0.0272727	0.0175439	0.0512821	0.0306122	0.0235294	0.0549451	0.0816327	0.0434783	0.0412371	0.0294118	0.0551724	0.0757576	0.0194175	0.0325203	0.033557	0.0304878	0.02	0.03	0.0047847	0.0414013	0.0072727	0.015528	0.0323887	0.0236967	0.0140351	0.0294985	0.0345745	0.0272109	0.0357143	0.056391	0.0673575	0.0194175	0.0232558	0.0461538	0.037037	0.059322	0.0596026	0.1192661	0.0833333	0.0373134	0.027027	0.0377358	0.0454545	0.0714286	0.0	0.175	0.0714286	0.0471698	
Autour des palombes	0.0	0.0015	0.0015	0.0102041	0.0352941	0.0015	0.0204082	0.0173913	0.0103093	0.0098039	0.0206897	0.0015	0.0194175	0.0015	0.0067114	0.0060976	0.0015	0.01	0.0015	0.0031847	0.0015	0.0031056	0.0080972	0.0023697	0.0035088	0.0088496	0.0	0.0119048	0.0119048	0.0112782	0.0310881	0.0032362	0.0325581	0.0	0.0041152	0.0042373	0.0066225	0.059633	0.0384615	0.0149254	0.0	0.0188679	0.0454545	0.0357143	0.0015	0.05	0.0	0.009434	
Aerospiza, Tachyspiza, Accipiter ou Astur sp.	0.0	0.0	0.0	0.0	0.0	0.0	0.0	0.0	0.0	0.0	0.0	0.0075758	0.0	0.0	0.0	0.0	0.0	0.0	0.0	0.0	0.0	0.0	0.0	0.0023697	0.0	0.0	0.0	0.0	0.0	0.0	0.0051813	0.0	0.0	0.0	0.0	0.0	0.0	0.0	0.0064103	0.0	0.0	0.0	0.0227273	0.0	0.0	0.0	0.0	0.0	
Busard des roseaux	0.0	0.0	0.0	0.0	0.0117647	0.0	0.0	0.0015	0.0515464	0.0490196	0.0413793	0.0757576	0.0097087	0.0406504	0.0872483	0.0487805	0.0466667	0.045	0.0382775	0.0350318	0.0145455	0.0093168	0.0040486	0.0023697	0.0035088	0.0029499	0.0	0.0017007	0.0	0.0075188	0.0	0.0097087	0.0093023	0.0153846	0.0164609	0.0169492	0.0066225	0.0229358	0.0128205	0.0	0.0	0.0188679	0.0	0.0	0.0	0.0	0.0	0.0	
Busard Saint-Martin	0.0	0.0	0.0128205	0.0102041	0.0015	0.0	0.0	0.0015	0.0	0.0	0.0	0.0075758	0.0	0.0	0.0	0.0	0.0	0.0	0.0	0.0	0.0	0.0	0.0	0.0	0.0	0.0	0.0	0.0	0.0	0.0	0.0	0.0	0.0	0.0	0.0	0.0015	0.0066225	0.0137615	0.0064103	0.0	0.0	0.0	0.0	0.0357143	0.0	0.0	0.0	0.0188679	
Busard pâle	0.0	0.0	0.0	0.0	0.0	0.0	0.0	0.0	0.0	0.0	0.0	0.0	0.0097087	0.0	0.0	0.0060976	0.0066667	0.0	0.0	0.0	0.0	0.0	0.0	0.0	0.0	0.0	0.0	0.0	0.0	0.0	0.0	0.0	0.0	0.0	0.0	0.0015	0.0	0.0	0.0	0.0	0.0	0.0	0.0	0.0	0.0	0.0	0.0	0.0	
Busard cendré	0.0	0.0	0.0	0.0	0.0	0.0	0.0	0.0	0.0	0.0	0.0	0.0	0.0	0.0	0.0134228	0.0121951	0.0066667	0.015	0.0047847	0.0063694	0.0	0.0	0.0	0.0	0.0	0.0	0.0	0.0	0.0	0.0	0.0	0.0	0.0	0.0	0.0	0.0	0.0	0.0	0.0	0.0	0.0	0.0	0.0	0.0	0.0	0.0	0.0	0.0	
busard sp.	0.0	0.0	0.0	0.0	0.0	0.0	0.0	0.0	0.0	0.0	0.0	0.0	0.0	0.0	0.0	0.0121951	0.0	0.0	0.0	0.0015	0.0	0.0	0.0	0.0	0.0	0.0	0.0	0.0	0.0	0.0	0.0	0.0	0.0	0.0	0.0	0.0015	0.0	0.0	0.0	0.0	0.0	0.0	0.0	0.0	0.0	0.0	0.0	0.0	
Milan royal	0.0	0.0175439	0.0	0.0	0.0	0.0	0.0102041	0.0347826	0.0206186	0.0098039	0.0206897	0.030303	0.0291262	0.0081301	0.033557	0.0121951	0.0066667	0.015	0.0047847	0.0159236	0.0072727	0.0062112	0.0040486	0.0165877	0.0070175	0.0058997	0.0053191	0.0068027	0.0119048	0.0150376	0.0	0.0032362	0.0093023	0.0	0.0082305	0.0127119	0.0066225	0.0183486	0.0064103	0.0015	0.0	0.0	0.0	0.0	0.0	0.0	0.0	0.0	
Milan noir	0.0	0.0	0.0	0.0	0.0	0.0	0.0	0.0	0.0	0.0098039	0.0137931	0.0984848	0.1262136	0.1138211	0.1409396	0.1341463	0.08	0.145	0.0909091	0.0573248	0.0327273	0.0341615	0.0526316	0.0260664	0.0280702	0.0235988	0.0425532	0.0170068	0.0297619	0.018797	0.0051813	0.0	0.0	0.0	0.0015	0.0	0.0	0.0	0.0	0.0	0.0	0.0	0.0	0.0	0.0	0.0	0.0	0.0	
Buse variable	0.1727273	0.0877193	0.2051282	0.1836735	0.2	0.1868132	0.2653061	0.2173913	0.2886598	0.245098	0.2758621	0.2121212	0.2427184	0.195122	0.1812081	0.2195122	0.14	0.145	0.1483254	0.156051	0.1127273	0.189441	0.1619433	0.1445498	0.1368421	0.1327434	0.2154255	0.2193878	0.2053571	0.1954887	0.1968912	0.1779935	0.1767442	0.174359	0.1522634	0.1567797	0.2715232	0.2522936	0.2179487	0.2462687	0.2702703	0.245283	0.2272727	0.3035714	0.2105263	0.275	0.2678571	0.1415094	
Buteo sp.	0.0	0.0	0.0	0.0	0.0	0.0	0.0	0.0	0.0	0.0	0.0	0.0	0.0	0.0	0.0	0.0	0.0	0.0	0.0	0.0	0.0	0.0	0.0	0.0	0.0035088	0.0	0.0	0.0	0.0059524	0.0	0.0	0.0	0.0	0.0	0.0	0.0	0.0	0.0045872	0.0	0.0	0.0	0.0	0.0	0.0	0.0	0.0	0.0	0.0	
rapace sp.	0.0	0.0	0.0	0.0	0.0	0.0	0.0	0.0086957	0.0	0.0	0.0	0.0	0.0097087	0.0081301	0.0	0.0	0.0	0.0	0.0047847	0.0	0.0	0.0	0.0040486	0.0047393	0.0	0.0	0.0	0.0	0.0	0.0015	0.0	0.0032362	0.0046512	0.0	0.0041152	0.0015	0.0	0.0045872	0.0	0.0	0.0	0.0	0.0	0.0	0.0	0.0	0.0	0.0	
Petit-duc scops	0.0	0.0	0.0	0.0	0.0	0.0	0.0	0.0	0.0	0.0	0.0	0.0	0.0015	0.0	0.0	0.0015	0.0015	0.0	0.0	0.0095541	0.0	0.0031056	0.0	0.0	0.0015	0.0015	0.0	0.0	0.0015	0.0015	0.0	0.0	0.0	0.0	0.0	0.0	0.0015	0.0015	0.0	0.0	0.0	0.0	0.0	0.0	0.0	0.0	0.0	0.0	
Grand-duc d'Europe	0.0	0.0175439	0.0	0.0	0.0117647	0.0	0.0015	0.0	0.0015	0.0015	0.0	0.0075758	0.0	0.0015	0.0	0.0060976	0.0066667	0.0	0.0	0.0	0.0	0.0	0.0	0.0	0.0035088	0.0015	0.0053191	0.0034014	0.0	0.0015	0.0	0.0	0.0015	0.0015	0.0015	0.0	0.0	0.0015	0.0	0.0074627	0.0	0.0	0.0	0.0015	0.0	0.0	0.0	0.0	
Chevêchette d'Europe	0.0	0.0175439	0.0	0.0	0.0117647	0.0015	0.0102041	0.0	0.0015	0.0015	0.0015	0.0	0.0	0.0015	0.0067114	0.0	0.0	0.005	0.0	0.0	0.0	0.0093168	0.0015	0.0047393	0.0	0.0	0.0	0.0	0.0	0.0	0.0	0.0	0.0	0.0	0.0015	0.0042373	0.0066225	0.0412844	0.0320513	0.0	0.0	0.0188679	0.0227273	0.0	0.0	0.0	0.0	0.0	
Chevêche d'Athéna	0.0	0.0	0.0	0.0	0.0	0.0	0.0	0.0	0.0	0.0	0.0	0.0	0.0	0.0015	0.0	0.0	0.0	0.0	0.0	0.0	0.0	0.0	0.0040486	0.0015	0.0	0.0029499	0.0	0.0	0.0	0.0	0.0	0.0	0.0	0.0	0.0	0.0	0.0	0.0	0.0	0.0	0.0	0.0	0.0	0.0	0.0	0.0	0.0	0.0	
Chouette hulotte	0.0	0.0	0.0	0.0	0.0	0.021978	0.0102041	0.0015	0.0	0.0015	0.0015	0.0075758	0.0097087	0.0	0.0015	0.0015	0.0133333	0.005	0.0095694	0.0095541	0.0015	0.0062112	0.0080972	0.0023697	0.0035088	0.0015	0.0026596	0.0015	0.0015	0.0037594	0.0103627	0.0015	0.0015	0.0153846	0.0041152	0.0042373	0.0066225	0.0015	0.0	0.0	0.0	0.0015	0.0	0.0	0.0	0.0015	0.0	0.0	
Hibou moyen-duc	0.0090909	0.0	0.0128205	0.0	0.0	0.0	0.0015	0.0	0.0	0.0	0.0	0.0	0.0	0.0	0.0	0.0	0.0	0.0	0.0	0.0031847	0.0	0.0015	0.0015	0.0	0.0	0.0	0.0	0.0015	0.0	0.0	0.0015	0.0015	0.0015	0.0	0.0	0.0042373	0.0	0.0	0.0	0.0	0.0	0.0	0.0	0.0	0.0	0.0	0.0178571	0.0	
Hibou des marais	0.0	0.0	0.0	0.0	0.0	0.0	0.0	0.0	0.0	0.0	0.0	0.0	0.0	0.0	0.0	0.0	0.0	0.0	0.0	0.0	0.0	0.0	0.0	0.0	0.0	0.0	0.0	0.0	0.0	0.0	0.0	0.0	0.0	0.0	0.0	0.0015	0.013245	0.0	0.0	0.0	0.0	0.0	0.0	0.0	0.0	0.0	0.0	0.0	
Chouette de Tengmalm	0.0	0.0	0.0	0.0	0.0	0.0	0.0	0.0	0.0	0.0	0.0	0.0	0.0097087	0.0	0.0067114	0.0	0.0133333	0.01	0.0015	0.0	0.0109091	0.0015	0.0	0.0	0.0	0.0	0.0	0.0	0.0	0.0	0.0	0.0	0.0	0.0	0.0041152	0.0042373	0.0066225	0.0015	0.0064103	0.0	0.0	0.0	0.0	0.0	0.0	0.0	0.0	0.0	
Huppe fasciée	0.0	0.0	0.0	0.0	0.0	0.0	0.0	0.0	0.0	0.0098039	0.0068966	0.0151515	0.0194175	0.0650407	0.0268456	0.0304878	0.04	0.05	0.0430622	0.0382166	0.0109091	0.0248447	0.0202429	0.0189573	0.0245614	0.0117994	0.0106383	0.0068027	0.0089286	0.0075188	0.0051813	0.0097087	0.0	0.0	0.0	0.0	0.0	0.0	0.0	0.0	0.0	0.0	0.0	0.0	0.0	0.0	0.0	0.0	
Guêpier d'Europe	0.0	0.0	0.0	0.0	0.0	0.0	0.0	0.0	0.0	0.0	0.0	0.0	0.0	0.0	0.0	0.0060976	0.0066667	0.0015	0.0047847	0.0063694	0.0	0.0	0.0040486	0.0	0.0	0.0	0.0	0.0	0.0	0.0	0.0015	0.0	0.0093023	0.0015	0.0	0.0042373	0.0	0.0	0.0	0.0	0.0	0.0	0.0	0.0	0.0	0.0	0.0	0.0	
Martin-pêcheur d'Europe	0.0181818	0.0175439	0.025641	0.0408163	0.0352941	0.021978	0.0102041	0.0173913	0.0	0.0294118	0.0275862	0.0530303	0.0291262	0.0325203	0.0201342	0.0182927	0.02	0.03	0.0191388	0.0159236	0.0072727	0.0124224	0.0040486	0.0	0.0035088	0.0058997	0.0079787	0.0034014	0.014881	0.037594	0.0103627	0.0226537	0.0139535	0.025641	0.0164609	0.029661	0.0529801	0.0275229	0.0705128	0.0522388	0.0	0.0754717	0.0681818	0.0178571	0.0015	0.125	0.0178571	0.0283019	
Rollier d'Europe	0.0	0.0	0.0	0.0	0.0	0.0	0.0	0.0	0.0	0.0	0.0	0.0	0.0	0.0	0.0	0.0	0.0	0.0	0.0047847	0.0	0.0	0.0	0.0	0.0	0.0	0.0	0.0015	0.0	0.0	0.0015	0.0	0.0	0.0	0.0	0.0	0.0	0.0	0.0	0.0	0.0	0.0	0.0	0.0	0.0	0.0	0.0	0.0	0.0	
Torcol fourmilier	0.0	0.0	0.0	0.0	0.0	0.0	0.0	0.0	0.0	0.0	0.0	0.0227273	0.0485437	0.1300813	0.147651	0.0914634	0.0533333	0.095	0.0430622	0.0191083	0.0109091	0.0093168	0.0323887	0.0023697	0.0070175	0.0015	0.0026596	0.0017007	0.0089286	0.0	0.0051813	0.0097087	0.0046512	0.0	0.0015	0.0084746	0.0	0.0045872	0.0	0.0	0.0	0.0	0.0	0.0	0.0	0.0	0.0	0.0	
Pic tridactyle	0.0090909	0.0	0.0015	0.0015	0.0	0.0	0.0	0.0	0.0	0.0015	0.0015	0.0	0.0097087	0.0	0.0	0.0015	0.0066667	0.01	0.0	0.0191083	0.0109091	0.0186335	0.0283401	0.007109	0.0105263	0.0058997	0.0	0.0187075	0.0059524	0.0075188	0.0103627	0.0032362	0.0139535	0.0102564	0.0123457	0.0042373	0.0066225	0.0275229	0.0064103	0.0015	0.0	0.0188679	0.0015	0.0	0.0	0.0	0.0	0.009434	
Pic épeiche	0.1909091	0.1052632	0.1794872	0.1530612	0.1647059	0.1208791	0.1938776	0.226087	0.1649485	0.254902	0.2206897	0.2424242	0.2038835	0.2276423	0.1744966	0.1707317	0.1333333	0.125	0.1483254	0.1719745	0.12	0.1956522	0.1983806	0.1777251	0.154386	0.1474926	0.0984043	0.1207483	0.1190476	0.1503759	0.1502591	0.1585761	0.227907	0.1538462	0.1563786	0.1610169	0.2649007	0.2981651	0.2115385	0.1791045	0.1621622	0.2075472	0.2954545	0.1785714	0.2105263	0.35	0.2678571	0.245283	
Pic épeichette	0.0	0.0	0.025641	0.0	0.0	0.0	0.0102041	0.0086957	0.0	0.0	0.0068966	0.0378788	0.0291262	0.0081301	0.0015	0.0060976	0.0	0.0015	0.0095694	0.0095541	0.0	0.0015	0.0	0.0023697	0.0035088	0.0	0.0	0.0	0.0029762	0.0	0.0	0.0	0.0015	0.0	0.0	0.0015	0.0	0.0	0.0	0.0015	0.027027	0.0	0.0	0.0178571	0.0	0.0	0.0	0.009434	
Pic cendré	0.0015	0.0175439	0.0	0.0102041	0.0352941	0.0	0.0204082	0.0434783	0.0103093	0.0588235	0.0206897	0.0015	0.0	0.0	0.033557	0.0121951	0.0066667	0.015	0.0095694	0.0031847	0.0036364	0.0124224	0.0121457	0.0094787	0.0070175	0.0176991	0.0106383	0.0085034	0.0029762	0.0075188	0.0103627	0.0015	0.0093023	0.0153846	0.0082305	0.0042373	0.0264901	0.059633	0.0384615	0.0074627	0.0	0.0015	0.0	0.0	0.0	0.0	0.0	0.0	
Pic vert	0.1727273	0.122807	0.2435897	0.1734694	0.1882353	0.1758242	0.1632653	0.1565217	0.2474227	0.2156863	0.2689655	0.2878788	0.1941748	0.195122	0.1677852	0.2073171	0.1133333	0.135	0.138756	0.0955414	0.1018182	0.0745342	0.0890688	0.0971564	0.1298246	0.1032448	0.2207447	0.1632653	0.1636905	0.1466165	0.1554404	0.1391586	0.1023256	0.1128205	0.0987654	0.1525424	0.2781457	0.2477064	0.224359	0.2014925	0.2432432	0.3207547	0.3181818	0.2321429	0.2105263	0.3	0.25	0.1792453	
Pic noir	0.0363636	0.0175439	0.0512821	0.0306122	0.0470588	0.043956	0.0918367	0.0608696	0.0618557	0.0882353	0.0551724	0.0606061	0.0291262	0.0406504	0.0268456	0.0914634	0.02	0.03	0.0287081	0.0318471	0.0181818	0.0465839	0.0121457	0.0047393	0.0105263	0.0324484	0.018617	0.0493197	0.0297619	0.0263158	0.0310881	0.0291262	0.0418605	0.025641	0.0329218	0.0508475	0.0993377	0.1009174	0.0320513	0.0223881	0.0540541	0.0566038	0.0454545	0.0015	0.0015	0.05	0.0535714	0.0471698	
pic sp.	0.0090909	0.0	0.0	0.0	0.0	0.0	0.0	0.0	0.0	0.0	0.0	0.0	0.0	0.0	0.0	0.0	0.0066667	0.0	0.0	0.0	0.0	0.0	0.0	0.0023697	0.0	0.0029499	0.0	0.0034014	0.0029762	0.0037594	0.0	0.0	0.0	0.0	0.0	0.0042373	0.0	0.0045872	0.0064103	0.0	0.0	0.0	0.0	0.0	0.0	0.0	0.0	0.0	
Faucon crécerelle	0.0454545	0.0350877	0.025641	0.0306122	0.0941176	0.043956	0.0408163	0.0695652	0.0309278	0.0784314	0.0482759	0.0681818	0.1165049	0.1463415	0.1342282	0.1646341	0.14	0.19	0.1435407	0.1719745	0.1418182	0.1490683	0.1336032	0.1658768	0.1298246	0.159292	0.1728723	0.2040816	0.1934524	0.1729323	0.1295337	0.1521036	0.1348837	0.1435897	0.1481481	0.1779661	0.218543	0.1513761	0.1025641	0.119403	0.0540541	0.0188679	0.0454545	0.0714286	0.1842105	0.025	0.0178571	0.0660377	
Faucon crécerellette ou F. crécerelle	0.0	0.0	0.0	0.0	0.0	0.0	0.0	0.0	0.0	0.0	0.0	0.0	0.0	0.0015	0.0067114	0.0060976	0.0066667	0.005	0.0	0.0	0.0	0.0	0.0	0.0	0.0	0.0	0.0	0.0	0.0	0.0	0.0	0.0	0.0	0.0	0.0	0.0	0.0	0.0	0.0	0.0	0.0	0.0	0.0	0.0	0.0	0.0	0.0	0.0	
Faucon kobez	0.0	0.0	0.0	0.0	0.0	0.0	0.0	0.0	0.0	0.0	0.0	0.0	0.0	0.0015	0.0015	0.0	0.0266667	0.035	0.0047847	0.0127389	0.0	0.0	0.0	0.0	0.0	0.0	0.0	0.0	0.0	0.0	0.0015	0.0	0.0	0.0051282	0.0	0.0042373	0.0	0.0	0.0	0.0	0.0	0.0	0.0	0.0	0.0	0.0	0.0	0.0	
Faucon émerillon	0.0090909	0.0	0.0	0.0	0.0	0.0015	0.0	0.0	0.0	0.0	0.0	0.0	0.0	0.0	0.0	0.0	0.0	0.0	0.0	0.0	0.0	0.0	0.0	0.0	0.0	0.0	0.0	0.0	0.0	0.0	0.0	0.0	0.0	0.0	0.0	0.0	0.0	0.0137615	0.0	0.0	0.0	0.0	0.0227273	0.0	0.0	0.0	0.0	0.0	
Faucon hobereau	0.0	0.0	0.0	0.0	0.0	0.0	0.0	0.0	0.0	0.0	0.0	0.0	0.0	0.0	0.0067114	0.0182927	0.0133333	0.04	0.0191388	0.0254777	0.0181818	0.015528	0.0242915	0.0165877	0.0140351	0.0029499	0.0292553	0.0153061	0.0059524	0.0225564	0.0207254	0.012945	0.0046512	0.0102564	0.0205761	0.0254237	0.0264901	0.0137615	0.0	0.0074627	0.0	0.0	0.0	0.0	0.0	0.0	0.0	0.0	
Faucon pèlerin	0.0	0.0015	0.0015	0.0102041	0.0015	0.0	0.0204082	0.0173913	0.0	0.0015	0.0	0.0	0.0	0.0081301	0.0015	0.0015	0.02	0.015	0.0047847	0.0191083	0.0109091	0.0124224	0.0121457	0.0165877	0.0070175	0.0235988	0.0106383	0.005102	0.0119048	0.0112782	0.0015	0.0032362	0.0046512	0.0	0.0082305	0.0211864	0.0198675	0.0275229	0.0192308	0.0015	0.0	0.0015	0.0	0.0	0.0	0.0	0.0	0.0188679	
Falco sp.	0.0	0.0	0.0	0.0	0.0	0.0	0.0	0.0	0.0	0.0	0.0	0.0	0.0097087	0.0	0.0067114	0.0121951	0.0	0.0015	0.0047847	0.0031847	0.0	0.0031056	0.0	0.0023697	0.0	0.0	0.0079787	0.0034014	0.0029762	0.0037594	0.0	0.0	0.0	0.0	0.0	0.0042373	0.0066225	0.0045872	0.0	0.0	0.0	0.0	0.0	0.0	0.0	0.0	0.0	0.0	
rapace diurne sp.	0.0	0.0	0.0	0.0	0.0	0.0	0.0	0.0	0.0	0.0	0.0	0.0	0.0	0.0015	0.0	0.0	0.0133333	0.0	0.0	0.0	0.0	0.0031056	0.0040486	0.0	0.0	0.0029499	0.0	0.0	0.0	0.0	0.0	0.0032362	0.0	0.0	0.0041152	0.0	0.0	0.0091743	0.0	0.0	0.0	0.0	0.0	0.0	0.0	0.0	0.0178571	0.0	
Perruche à collier	0.0181818	0.0	0.0128205	0.0	0.0117647	0.0015	0.0306122	0.0086957	0.0103093	0.0098039	0.0344828	0.0	0.0097087	0.0162602	0.0067114	0.0060976	0.0	0.005	0.0143541	0.0031847	0.0145455	0.0062112	0.0040486	0.0118483	0.0015	0.0088496	0.0026596	0.0	0.0029762	0.0015	0.015544	0.0032362	0.0015	0.0051282	0.0041152	0.0042373	0.0	0.0015	0.0064103	0.0149254	0.027027	0.0566038	0.0681818	0.0357143	0.0	0.0	0.0	0.0015	
Inséparable rosegorge	0.0	0.0	0.0	0.0	0.0	0.0	0.0	0.0	0.0	0.0	0.0	0.0	0.0	0.0	0.0	0.0	0.0	0.0	0.0	0.0	0.0	0.0	0.0	0.0	0.0	0.0	0.0	0.0	0.0	0.0	0.0	0.0	0.0	0.0	0.0	0.0	0.0	0.0	0.0064103	0.0	0.0	0.0	0.0	0.0	0.0	0.0	0.0	0.0	
Loriot d'Europe	0.0	0.0	0.0	0.0	0.0	0.0	0.0	0.0	0.0	0.0	0.0	0.0	0.0	0.0	0.0	0.0060976	0.02	0.02	0.0239234	0.0031847	0.0072727	0.0	0.0040486	0.0	0.0	0.0	0.0	0.0	0.0059524	0.0	0.0051813	0.0	0.0015	0.0	0.0	0.0	0.0	0.0	0.0	0.0	0.0	0.0	0.0	0.0	0.0	0.0	0.0	0.0	
Pie-grièche écorcheur	0.0	0.0	0.0	0.0	0.0	0.0	0.0	0.0	0.0	0.0	0.0	0.0	0.0	0.0	0.0015	0.0304878	0.0333333	0.1	0.0956938	0.0955414	0.0618182	0.0465839	0.0566802	0.0521327	0.0315789	0.020649	0.0452128	0.0663265	0.0595238	0.018797	0.0103627	0.0291262	0.0046512	0.0102564	0.0123457	0.0042373	0.0066225	0.0045872	0.0064103	0.0	0.0	0.0	0.0	0.0	0.0	0.0	0.0	0.0	
Pie-grièche grise	0.0272727	0.0	0.0641026	0.0306122	0.0117647	0.021978	0.0102041	0.026087	0.0206186	0.0196078	0.0	0.0075758	0.0	0.0	0.0	0.0	0.0	0.0	0.0	0.0	0.0	0.0	0.0	0.0	0.0	0.0	0.0	0.0	0.0	0.0	0.0	0.0	0.0	0.0	0.0041152	0.0084746	0.0198675	0.0045872	0.025641	0.0149254	0.027027	0.0943396	0.0681818	0.0	0.0263158	0.075	0.0015	0.0283019	
Pie-grièche à tête rousse	0.0	0.0	0.0	0.0	0.0	0.0	0.0	0.0	0.0	0.0	0.0	0.0	0.0	0.0	0.0	0.0	0.0	0.005	0.0047847	0.0	0.0	0.0	0.0	0.0	0.0	0.0	0.0	0.0	0.0	0.0	0.0	0.0	0.0	0.0	0.0	0.0	0.0	0.0	0.0	0.0	0.0	0.0	0.0	0.0	0.0	0.0	0.0	0.0	
Geai des chênes	0.1636364	0.1403509	0.1282051	0.122449	0.1529412	0.0769231	0.0816327	0.1304348	0.1649485	0.0784314	0.1310345	0.1287879	0.0776699	0.0813008	0.1208054	0.1341463	0.0533333	0.085	0.062201	0.0764331	0.0581818	0.1242236	0.1052632	0.0876777	0.0631579	0.0766962	0.1090426	0.0918367	0.1190476	0.1165414	0.1139896	0.1100324	0.1162791	0.1641026	0.1152263	0.1991525	0.2384106	0.3073394	0.2307692	0.2089552	0.3513514	0.2641509	0.2045455	0.125	0.1578947	0.25	0.125	0.1509434	
Pie bavarde	0.1545455	0.1578947	0.1923077	0.1428571	0.1411765	0.1868132	0.1428571	0.1478261	0.1546392	0.2156863	0.1724138	0.1212121	0.0873786	0.1300813	0.1409396	0.1585366	0.1333333	0.145	0.1244019	0.1656051	0.12	0.1086957	0.1012146	0.0995261	0.0912281	0.1091445	0.1223404	0.0714286	0.110119	0.0902256	0.0725389	0.0679612	0.1023256	0.1384615	0.1234568	0.1525424	0.1523179	0.1559633	0.1923077	0.1865672	0.2702703	0.1509434	0.2727273	0.1607143	0.2894737	0.3	0.1785714	0.1698113	
Cassenoix moucheté	0.0818182	0.0526316	0.1282051	0.0816327	0.0705882	0.021978	0.0510204	0.1130435	0.1237113	0.1176471	0.1034483	0.030303	0.0291262	0.0569106	0.0469799	0.054878	0.06	0.055	0.062201	0.0764331	0.1345455	0.2111801	0.1740891	0.2109005	0.2526316	0.2772861	0.2446809	0.3248299	0.3333333	0.2669173	0.2901554	0.3139159	0.2976744	0.2564103	0.2427984	0.1694915	0.2516556	0.2568807	0.1987179	0.0970149	0.0540541	0.1886792	0.0909091	0.0015	0.0263158	0.05	0.0535714	0.1037736	
Crave à bec rouge	0.0	0.0	0.0	0.0	0.0	0.0	0.0	0.0	0.0	0.0	0.0	0.0	0.0	0.0	0.0	0.0	0.0	0.0	0.0	0.0	0.0	0.0	0.0	0.0023697	0.0	0.0	0.0	0.0	0.0	0.0	0.0	0.0	0.0	0.0	0.0	0.0	0.0	0.0	0.0	0.0	0.0	0.0	0.0	0.0	0.0	0.0	0.0	0.0	
Chocard à bec jaune	0.0363636	0.0877193	0.1282051	0.1836735	0.0941176	0.032967	0.1632653	0.1304348	0.0618557	0.127451	0.1172414	0.0454545	0.0776699	0.0650407	0.0201342	0.0243902	0.0266667	0.065	0.0526316	0.0573248	0.0909091	0.1397516	0.1174089	0.1398104	0.1684211	0.159292	0.1648936	0.1377551	0.1309524	0.1278195	0.119171	0.1650485	0.1209302	0.1641026	0.1934156	0.0762712	0.1721854	0.2247706	0.1217949	0.0895522	0.1621622	0.0754717	0.0227273	0.0178571	0.0	0.05	0.0714286	0.1037736	
Choucas des tours	0.0	0.0526316	0.0015	0.0204082	0.0470588	0.043956	0.0306122	0.0347826	0.0206186	0.0098039	0.0206897	0.030303	0.0291262	0.0162602	0.0201342	0.0060976	0.02	0.02	0.0430622	0.022293	0.0109091	0.0093168	0.0040486	0.0023697	0.0070175	0.0015	0.0106383	0.0034014	0.0089286	0.0112782	0.0051813	0.0032362	0.0139535	0.0102564	0.0123457	0.0254237	0.0331126	0.0229358	0.025641	0.0298507	0.0540541	0.0377358	0.0227273	0.0357143	0.0	0.0015	0.0015	0.009434	
Corbeau freux	0.0	0.0	0.0	0.0	0.0	0.0	0.0015	0.0	0.0	0.0	0.0068966	0.0	0.0	0.0	0.0	0.0	0.0	0.0	0.0	0.0031847	0.0	0.0	0.0	0.0	0.0	0.0	0.0	0.0	0.0	0.0	0.0	0.0	0.0	0.0	0.0	0.0	0.0	0.0	0.0	0.0	0.0	0.0	0.0	0.0	0.0	0.0	0.0	0.0	
Corneille noire	0.1727273	0.1754386	0.2692308	0.2244898	0.3058824	0.3186813	0.2755102	0.3565217	0.2164948	0.4019608	0.3448276	0.2727273	0.1553398	0.300813	0.2818792	0.304878	0.18	0.245	0.2296651	0.2420382	0.2545455	0.2639752	0.2631579	0.2796209	0.2175439	0.2566372	0.231383	0.1734694	0.202381	0.112782	0.1658031	0.1909385	0.1255814	0.2410256	0.2633745	0.2288136	0.2384106	0.2614679	0.3333333	0.261194	0.2972973	0.1132075	0.3409091	0.1428571	0.1842105	0.175	0.1964286	0.1981132	
Corneille mantelée	0.0727273	0.122807	0.0641026	0.1326531	0.1647059	0.2417582	0.1836735	0.1304348	0.185567	0.1470588	0.2137931	0.1060606	0.1165049	0.1219512	0.0939597	0.1219512	0.1866667	0.18	0.1291866	0.1050955	0.08	0.0652174	0.0809717	0.0734597	0.0631579	0.0648968	0.0664894	0.0697279	0.0297619	0.0413534	0.0569948	0.0809061	0.0465116	0.0923077	0.0534979	0.1101695	0.1390728	0.0688073	0.0961538	0.1044776	0.1891892	0.0943396	0.0909091	0.0535714	0.1842105	0.2	0.1428571	0.0566038	
Corneille noire ou C. mantelée	0.0	0.0	0.0	0.0015	0.0	0.0	0.0	0.0	0.0	0.0	0.0	0.0	0.0	0.0	0.0	0.0	0.0	0.0	0.0	0.0	0.0	0.0	0.0	0.0	0.0	0.0	0.0	0.0	0.0	0.0	0.0	0.0	0.0	0.0	0.0	0.0	0.0	0.0	0.0	0.0	0.0	0.0	0.0	0.0	0.0	0.0	0.0	0.0	
Hybride Corneille noire x C. mantelée	0.0	0.0175439	0.0	0.0	0.0	0.010989	0.0204082	0.0434783	0.0206186	0.0196078	0.0137931	0.0075758	0.0097087	0.0081301	0.0201342	0.0015	0.0133333	0.015	0.0047847	0.0095541	0.0072727	0.0	0.0121457	0.0094787	0.0	0.0	0.0132979	0.0085034	0.0059524	0.018797	0.015544	0.0064725	0.0015	0.0102564	0.0015	0.0042373	0.0066225	0.0137615	0.0	0.0149254	0.0540541	0.0188679	0.0	0.0178571	0.0	0.0	0.0178571	0.009434	
corneille sp.	0.0015	0.0	0.0	0.0	0.0	0.0	0.0	0.0	0.0	0.0	0.0	0.0	0.0097087	0.0	0.0	0.0	0.0	0.005	0.0	0.0031847	0.0	0.0031056	0.0	0.0015	0.0	0.0	0.0053191	0.0	0.0	0.0	0.0103627	0.0	0.0	0.0	0.0	0.0084746	0.0	0.0	0.0064103	0.0	0.0	0.0	0.0227273	0.0	0.0	0.0	0.0	0.0	
Grand Corbeau	0.2	0.1754386	0.1025641	0.1530612	0.2588235	0.1648352	0.1734694	0.1913043	0.1546392	0.1862745	0.1655172	0.1212121	0.1359223	0.1219512	0.1677852	0.1280488	0.08	0.12	0.076555	0.0987261	0.1018182	0.1304348	0.1376518	0.1374408	0.1473684	0.1445428	0.162234	0.1581633	0.2113095	0.1954887	0.1865285	0.1812298	0.2186047	0.1641026	0.1193416	0.1610169	0.2251656	0.2614679	0.1923077	0.1119403	0.2162162	0.2264151	0.1363636	0.1071429	0.0789474	0.1	0.1607143	0.1132075	
corneille ou corbeau sp.	0.0	0.0	0.0	0.0	0.0	0.0	0.0	0.0	0.0	0.0	0.0	0.0075758	0.0	0.0	0.0	0.0	0.0	0.0	0.0	0.0	0.0	0.0	0.0	0.0	0.0	0.0	0.0	0.0	0.0	0.0	0.0	0.0	0.0	0.0	0.0	0.0	0.0066225	0.0	0.0	0.0	0.0	0.0	0.0	0.0	0.0	0.0	0.0	0.0	
Mésange noire	0.3	0.1403509	0.2051282	0.2346939	0.3529412	0.2857143	0.4081633	0.3478261	0.3298969	0.2745098	0.2482759	0.1439394	0.2524272	0.2439024	0.1946309	0.2256098	0.1866667	0.165	0.2344498	0.2898089	0.28	0.3664596	0.3562753	0.3507109	0.2807018	0.3303835	0.3191489	0.3792517	0.4017857	0.3345865	0.3523316	0.3398058	0.3023256	0.2871795	0.2469136	0.2415254	0.3377483	0.3807339	0.275641	0.2313433	0.2162162	0.3018868	0.2954545	0.1428571	0.1578947	0.225	0.2678571	0.245283	
Mésange huppée	0.1636364	0.122807	0.2179487	0.1734694	0.1764706	0.1978022	0.1734694	0.226087	0.1649485	0.1862745	0.0689655	0.0227273	0.1067961	0.0406504	0.0738255	0.097561	0.0333333	0.055	0.0287081	0.0859873	0.08	0.121118	0.0931174	0.1018957	0.0807018	0.1504425	0.1303191	0.170068	0.1755952	0.1503759	0.1554404	0.1391586	0.172093	0.1487179	0.1440329	0.1313559	0.205298	0.2568807	0.2051282	0.141791	0.2162162	0.1509434	0.2954545	0.125	0.0789474	0.125	0.1964286	0.1981132	
Mésange nonnette	0.1545455	0.1052632	0.1025641	0.1428571	0.0941176	0.0989011	0.1428571	0.1130435	0.1237113	0.1078431	0.1034483	0.0909091	0.038835	0.0731707	0.0536913	0.0426829	0.0015	0.055	0.062201	0.0318471	0.0254545	0.0279503	0.0323887	0.0189573	0.0280702	0.0147493	0.0319149	0.0289116	0.0297619	0.0789474	0.0777202	0.0711974	0.0418605	0.0410256	0.0534979	0.0635593	0.1192053	0.0412844	0.0769231	0.1044776	0.2162162	0.0943396	0.0909091	0.1071429	0.1315789	0.25	0.1607143	0.1132075	
Mésange boréale	0.0727273	0.0175439	0.1410256	0.0816327	0.0470588	0.0659341	0.122449	0.1217391	0.0927835	0.0980392	0.0551724	0.030303	0.0291262	0.0569106	0.0469799	0.0426829	0.0533333	0.05	0.0239234	0.0605096	0.0581818	0.1086957	0.1133603	0.0734597	0.0736842	0.1032448	0.0824468	0.1411565	0.172619	0.1466165	0.1243523	0.1294498	0.2093023	0.174359	0.1316872	0.1313559	0.1523179	0.1972477	0.1282051	0.1567164	0.1081081	0.0754717	0.0681818	0.0178571	0.0015	0.075	0.0892857	0.1509434	
Mésange nonnette ou M. boréale	0.0090909	0.0175439	0.0	0.0	0.0	0.0	0.0102041	0.0	0.0	0.0098039	0.0	0.0	0.0194175	0.0	0.0067114	0.0060976	0.0	0.005	0.0	0.0	0.0072727	0.0	0.0	0.0023697	0.0015	0.0029499	0.0026596	0.0015	0.0	0.0075188	0.0	0.0064725	0.0	0.0	0.0015	0.0	0.0066225	0.0091743	0.0064103	0.0	0.0	0.0188679	0.0	0.0	0.0	0.0	0.0178571	0.009434	
Mésange bleue	0.2727273	0.1754386	0.3333333	0.2857143	0.3058824	0.2747253	0.4081633	0.3391304	0.4020619	0.3137255	0.3448276	0.3181818	0.2912621	0.2845528	0.2214765	0.2378049	0.1333333	0.145	0.1913876	0.1592357	0.1018182	0.0621118	0.0728745	0.0734597	0.0561404	0.079646	0.0851064	0.1139456	0.0952381	0.1015038	0.119171	0.0873786	0.1023256	0.1333333	0.1481481	0.190678	0.192053	0.2247706	0.2564103	0.238806	0.3513514	0.3018868	0.2954545	0.375	0.5	0.3	0.2857143	0.2641509	
Mésange charbonnière	0.4363636	0.2807018	0.3846154	0.3163265	0.4	0.4395604	0.4081633	0.426087	0.4020619	0.3921569	0.4896552	0.4393939	0.4368932	0.4065041	0.3154362	0.3780488	0.3	0.295	0.3062201	0.3057325	0.2363636	0.1770186	0.2105263	0.1990521	0.2315789	0.1327434	0.1994681	0.2091837	0.1934524	0.1541353	0.2279793	0.2394822	0.1581395	0.2358974	0.2016461	0.279661	0.3377483	0.3853211	0.3717949	0.4029851	0.4864865	0.4339623	0.5454545	0.3392857	0.4473684	0.525	0.375	0.4150943	
Parus sp.	0.0	0.0	0.0	0.0	0.0	0.0	0.0	0.0086957	0.0	0.0	0.0	0.0	0.0	0.0	0.0	0.0	0.0	0.005	0.0	0.0	0.0	0.0	0.0	0.0023697	0.0035088	0.0	0.0	0.0	0.0	0.0	0.015544	0.0064725	0.0	0.0051282	0.0	0.0	0.0	0.0	0.0	0.0	0.0	0.0	0.0	0.0	0.0	0.0	0.0	0.0	
paridé sp.	0.0	0.0	0.0	0.0	0.0	0.0	0.0	0.0	0.0	0.0	0.0	0.0	0.0	0.0	0.0	0.0	0.0	0.0	0.0047847	0.0	0.0	0.0	0.0	0.0	0.0	0.0	0.0	0.0	0.0	0.0	0.0	0.0	0.0	0.0	0.0	0.0	0.0	0.0	0.0	0.0	0.0	0.0	0.0	0.0	0.0	0.0	0.0	0.0	
Rémiz penduline	0.0015	0.0015	0.0	0.0	0.0015	0.0	0.0	0.0015	0.0	0.0	0.0	0.0378788	0.0	0.0081301	0.0	0.0	0.0	0.0	0.0	0.0	0.0	0.0	0.0	0.0	0.0	0.0	0.0	0.0	0.0	0.0	0.0	0.0	0.0	0.0	0.0	0.0	0.013245	0.0091743	0.0128205	0.0149254	0.0	0.0	0.0	0.0	0.0015	0.0	0.0	0.0	
Alouette lulu	0.0	0.0	0.0	0.0102041	0.0	0.0	0.0	0.0086957	0.0	0.0	0.0	0.0	0.0	0.0	0.0	0.0015	0.0066667	0.005	0.0	0.0031847	0.0	0.0015	0.0	0.0118483	0.0	0.0	0.0	0.0017007	0.0029762	0.0	0.0	0.0	0.0046512	0.0	0.0	0.0042373	0.0066225	0.0229358	0.0015	0.0149254	0.0015	0.0188679	0.0	0.0	0.0	0.0	0.0	0.0	
Alouette des champs	0.0	0.0	0.0	0.0	0.0117647	0.0015	0.0510204	0.026087	0.0103093	0.0098039	0.0015	0.0015	0.0194175	0.0081301	0.0067114	0.0304878	0.0066667	0.045	0.0287081	0.0541401	0.0472727	0.0496894	0.0728745	0.0331754	0.0245614	0.0294985	0.0026596	0.0034014	0.0	0.0	0.0015	0.0	0.0	0.0	0.0	0.0042373	0.0397351	0.0229358	0.0128205	0.0447761	0.0	0.0377358	0.0	0.0	0.0526316	0.0	0.0015	0.009434	
Alouette calandrelle	0.0	0.0	0.0	0.0	0.0	0.0	0.0	0.0	0.0	0.0	0.0	0.0	0.0	0.0	0.0	0.0060976	0.0015	0.0	0.0047847	0.0	0.0	0.0	0.0	0.0	0.0	0.0	0.0	0.0	0.0	0.0	0.0	0.0	0.0	0.0	0.0	0.0	0.0	0.0	0.0	0.0	0.0	0.0	0.0	0.0	0.0	0.0	0.0	0.0	
alaudidé sp.	0.0	0.0	0.0	0.0	0.0	0.0	0.0	0.0	0.0	0.0	0.0	0.0	0.0	0.0	0.0	0.0	0.0	0.0	0.0	0.0	0.0	0.0	0.0	0.0	0.0035088	0.0	0.0	0.0	0.0	0.0	0.0	0.0	0.0	0.0	0.0	0.0	0.0	0.0	0.0064103	0.0	0.0	0.0	0.0	0.0	0.0	0.0	0.0	0.0	
Cisticole des joncs	0.0	0.0	0.0	0.0	0.0	0.0	0.0	0.0	0.0	0.0	0.0	0.0	0.0	0.0	0.0	0.0	0.0	0.0	0.0047847	0.0	0.0	0.0062112	0.0040486	0.0023697	0.0	0.0029499	0.0026596	0.0017007	0.0	0.0037594	0.0	0.0097087	0.0046512	0.0	0.0	0.0042373	0.0	0.0	0.0	0.0	0.0	0.0	0.0	0.0	0.0	0.0	0.0	0.0	
Hypolaïs polyglotte	0.0	0.0	0.0	0.0	0.0	0.0	0.0	0.0	0.0	0.0	0.0	0.0	0.0	0.0	0.0	0.0	0.0	0.015	0.0143541	0.0015	0.0	0.0	0.0	0.0	0.0	0.0	0.0026596	0.0	0.0	0.0	0.0051813	0.0	0.0	0.0051282	0.0	0.0	0.0	0.0	0.0	0.0	0.0	0.0	0.0	0.0	0.0	0.0	0.0	0.0	
Hypolaïs ictérine	0.0	0.0	0.0	0.0	0.0	0.0	0.0	0.0	0.0	0.0	0.0	0.0	0.0	0.0	0.0	0.0	0.0066667	0.02	0.0287081	0.0095541	0.0036364	0.0	0.0	0.0	0.0	0.0	0.0	0.0	0.0	0.0	0.0	0.0097087	0.0015	0.0	0.0	0.0	0.0	0.0	0.0	0.0	0.0	0.0	0.0	0.0	0.0	0.0	0.0	0.0	
Phragmite des joncs	0.0	0.0	0.0	0.0	0.0	0.0	0.0	0.0	0.0	0.0	0.0	0.0	0.0	0.0325203	0.0738255	0.054878	0.0266667	0.065	0.0191388	0.0063694	0.0	0.0	0.0	0.0	0.0	0.0	0.0	0.0	0.0029762	0.0037594	0.0051813	0.0161812	0.0	0.0051282	0.0	0.0042373	0.0066225	0.0045872	0.0064103	0.0	0.0	0.0	0.0	0.0	0.0	0.0	0.0	0.0	
Rousserolle verderolle	0.0	0.0	0.0	0.0	0.0	0.0	0.0	0.0	0.0	0.0	0.0	0.0	0.0	0.0	0.0	0.0	0.0066667	0.015	0.0287081	0.0286624	0.0072727	0.0062112	0.0080972	0.0	0.0	0.0	0.0	0.0017007	0.0	0.0	0.0	0.0	0.0	0.0	0.0	0.0	0.0	0.0	0.0	0.0	0.0	0.0	0.0	0.0	0.0	0.0	0.0	0.0	
Rousserolle effarvatte	0.0	0.0	0.0	0.0	0.0	0.0	0.0	0.0	0.0	0.0	0.0	0.0	0.0	0.0081301	0.033557	0.0304878	0.0266667	0.115	0.0861244	0.044586	0.0218182	0.0217391	0.0040486	0.0094787	0.0035088	0.020649	0.0053191	0.0068027	0.0029762	0.0150376	0.0	0.0226537	0.0046512	0.0	0.0041152	0.0127119	0.0	0.0045872	0.0	0.0074627	0.0	0.0	0.0	0.0	0.0	0.0	0.0	0.0	
Rousserolle verderolle ou R. effarvatte	0.0	0.0	0.0	0.0	0.0	0.0	0.0	0.0	0.0	0.0	0.0	0.0	0.0	0.0	0.0	0.0	0.0	0.01	0.0	0.0	0.0	0.0062112	0.0	0.0	0.0	0.0	0.0	0.0	0.0	0.0	0.0	0.0	0.0	0.0	0.0	0.0084746	0.0	0.0	0.0	0.0	0.0	0.0	0.0	0.0	0.0	0.0	0.0	0.0	
Rousserolle turdoïde	0.0	0.0	0.0	0.0	0.0	0.0	0.0	0.0	0.0	0.0	0.0	0.0	0.0	0.0	0.0134228	0.0304878	0.0066667	0.085	0.0287081	0.0095541	0.0072727	0.0062112	0.0040486	0.0023697	0.0035088	0.0015	0.0	0.0	0.0	0.0037594	0.0	0.0	0.0046512	0.0	0.0	0.0042373	0.0	0.0	0.0	0.0	0.0	0.0	0.0	0.0	0.0	0.0	0.0	0.0	
Acrocephalus sp.	0.0	0.0	0.0	0.0	0.0	0.0	0.0	0.0	0.0	0.0	0.0	0.0	0.0	0.0	0.0	0.0	0.0	0.0	0.0	0.0	0.0	0.0031056	0.0	0.0	0.0	0.0	0.0	0.0	0.0	0.0	0.0	0.0	0.0	0.0	0.0	0.0042373	0.0	0.0015	0.0	0.0	0.0	0.0	0.0	0.0	0.0	0.0	0.0	0.0	
Locustelle luscinioïde	0.0	0.0	0.0	0.0	0.0	0.0	0.0	0.0	0.0	0.0	0.0	0.0	0.0	0.0081301	0.0268456	0.0060976	0.0	0.005	0.0	0.0	0.0	0.0	0.0	0.0	0.0	0.0	0.0	0.0	0.0	0.0	0.0	0.0	0.0	0.0	0.0	0.0	0.0	0.0	0.0	0.0	0.0	0.0	0.0	0.0	0.0	0.0	0.0	0.0	
Locustelle tachetée	0.0	0.0	0.0	0.0	0.0	0.0	0.0	0.0	0.0	0.0	0.0	0.0	0.0	0.0	0.0	0.0015	0.0133333	0.015	0.0143541	0.0	0.0	0.0	0.0	0.0	0.0	0.0	0.0	0.0	0.0	0.0	0.0	0.0	0.0	0.0	0.0	0.0	0.0	0.0	0.0	0.0	0.0	0.0	0.0	0.0	0.0	0.0	0.0	0.0	
Hirondelle de rivage	0.0	0.0	0.0	0.0	0.0	0.0	0.0	0.0	0.0	0.0	0.0	0.0075758	0.0	0.0081301	0.0536913	0.0182927	0.0133333	0.02	0.0430622	0.0095541	0.0036364	0.0	0.0040486	0.0015	0.0035088	0.0058997	0.0053191	0.005102	0.0059524	0.0015	0.0051813	0.0064725	0.0093023	0.0153846	0.0041152	0.0084746	0.0198675	0.0	0.0	0.0	0.0	0.0	0.0	0.0	0.0	0.0	0.0	0.0	
Hirondelle de rochers	0.0454545	0.0175439	0.0128205	0.0102041	0.0352941	0.032967	0.0408163	0.173913	0.2268041	0.2941176	0.2896552	0.2727273	0.184466	0.1626016	0.2013423	0.1768293	0.2066667	0.215	0.2057416	0.1847134	0.1818182	0.2608696	0.1902834	0.2298578	0.2	0.2418879	0.3111702	0.3163265	0.264881	0.1954887	0.2435233	0.1682848	0.1860465	0.1538462	0.1234568	0.0974576	0.1788079	0.1651376	0.0705128	0.0820896	0.0540541	0.0015	0.0227273	0.0	0.0263158	0.025	0.0178571	0.0283019	
Hirondelle rustique	0.0	0.0	0.0	0.0	0.0	0.0	0.0	0.0	0.0015	0.0015	0.062069	0.0833333	0.1553398	0.1869919	0.295302	0.304878	0.3133333	0.375	0.277512	0.2707006	0.1527273	0.1583851	0.1902834	0.1966825	0.1894737	0.2359882	0.25	0.2006803	0.2232143	0.2631579	0.2487047	0.223301	0.1674419	0.1076923	0.0288066	0.0720339	0.0397351	0.0550459	0.0192308	0.0	0.027027	0.0	0.0	0.0	0.0	0.0	0.0	0.0	
Hirondelle de fenêtre	0.0	0.0	0.0	0.0	0.0	0.0	0.0102041	0.0015	0.0015	0.0392157	0.0206897	0.0454545	0.0970874	0.1138211	0.1409396	0.2012195	0.2066667	0.23	0.2679426	0.3248408	0.2472727	0.3478261	0.3643725	0.3554502	0.3438596	0.4306785	0.4361702	0.4064626	0.4791667	0.3345865	0.3056995	0.2977346	0.2837209	0.2358974	0.1399177	0.1016949	0.0794702	0.0275229	0.0192308	0.0074627	0.0	0.0	0.0	0.0	0.0	0.0	0.0	0.0	
Hirondelle rousseline	0.0	0.0	0.0	0.0	0.0	0.0	0.0	0.0	0.0	0.0	0.0	0.0	0.0	0.0	0.0015	0.0	0.0015	0.0	0.0	0.0	0.0	0.0	0.0	0.0	0.0	0.0	0.0	0.0	0.0	0.0	0.0	0.0	0.0	0.0	0.0	0.0	0.0	0.0	0.0	0.0	0.0	0.0	0.0	0.0	0.0	0.0	0.0	0.0	
hirondelle sp.	0.0	0.0	0.0	0.0	0.0	0.0	0.0	0.0	0.0	0.0	0.0	0.0	0.0097087	0.0015	0.0	0.0	0.0	0.0	0.0095694	0.0	0.0	0.0031056	0.0	0.0023697	0.0070175	0.0	0.0	0.0	0.0015	0.0	0.0	0.0015	0.0	0.0153846	0.0	0.0169492	0.0	0.0045872	0.0	0.0	0.0	0.0	0.0	0.0	0.0	0.0	0.0	0.0	
Bulbul à oreillons blancs	0.0	0.0	0.0	0.0	0.0	0.0	0.0	0.0	0.0	0.0	0.0	0.0	0.0015	0.0	0.0	0.0	0.0	0.0	0.0	0.0	0.0	0.0	0.0	0.0	0.0	0.0	0.0	0.0	0.0	0.0	0.0	0.0	0.0	0.0	0.0	0.0	0.0	0.0	0.0	0.0	0.0	0.0	0.0	0.0	0.0	0.0	0.0	0.0	
Pouillot siffleur	0.0	0.0	0.0	0.0	0.0	0.0	0.0	0.0	0.0	0.0	0.0	0.0	0.0	0.0081301	0.0268456	0.0487805	0.04	0.03	0.0	0.0063694	0.0109091	0.0031056	0.0	0.0	0.0	0.0	0.0	0.0015	0.0059524	0.0037594	0.015544	0.0194175	0.0046512	0.0	0.0041152	0.0	0.0	0.0045872	0.0	0.0	0.0	0.0	0.0	0.0	0.0	0.0	0.0	0.0	
Pouillot de Bonelli	0.0	0.0	0.0	0.0	0.0	0.0	0.0	0.0	0.0	0.0	0.0	0.0	0.0	0.0162602	0.033557	0.0243902	0.08	0.09	0.0669856	0.0923567	0.0836364	0.1273292	0.0809717	0.049763	0.0561404	0.0648968	0.0478723	0.0187075	0.0238095	0.018797	0.0103627	0.0032362	0.0093023	0.0	0.0	0.0	0.0066225	0.0	0.0	0.0	0.0	0.0	0.0	0.0	0.0	0.0	0.0	0.0	
Pouillot à grands sourcils	0.0	0.0	0.0	0.0	0.0	0.0	0.0	0.0	0.0	0.0	0.0	0.0	0.0	0.0	0.0	0.0	0.0	0.0	0.0	0.0	0.0	0.0	0.0	0.0	0.0	0.0	0.0	0.0	0.0	0.0	0.0	0.0	0.0	0.0	0.0	0.0	0.0	0.0	0.0	0.0015	0.0	0.0	0.0	0.0	0.0	0.0	0.0	0.0	
Pouillot fitis	0.0	0.0	0.0	0.0	0.0	0.0	0.0	0.0	0.0	0.0098039	0.0	0.0530303	0.0485437	0.0569106	0.0939597	0.0304878	0.0133333	0.01	0.0191388	0.0095541	0.0036364	0.0	0.0	0.0	0.0	0.0	0.0	0.0	0.0059524	0.0112782	0.0103627	0.0161812	0.0139535	0.0102564	0.0082305	0.029661	0.0198675	0.0137615	0.0015	0.0	0.0	0.0	0.0	0.0	0.0	0.0	0.0	0.0	
Pouillot véloce	0.0181818	0.0350877	0.0128205	0.0102041	0.0015	0.010989	0.0	0.0521739	0.1340206	0.2254902	0.3655172	0.4772727	0.3786408	0.3902439	0.3422819	0.3109756	0.2333333	0.215	0.2870813	0.3152866	0.3090909	0.4254658	0.3481781	0.3909953	0.3473684	0.3362832	0.2632979	0.1938776	0.2142857	0.1616541	0.1968912	0.1909385	0.2604651	0.2102564	0.2386831	0.2627119	0.3509934	0.2247706	0.2179487	0.1268657	0.1081081	0.0566038	0.0454545	0.0178571	0.0789474	0.1	0.0714286	0.0188679	
pouillot sp.	0.0	0.0	0.0	0.0	0.0	0.0	0.0	0.0	0.0	0.0	0.0	0.0	0.0097087	0.0	0.0	0.0060976	0.0	0.0	0.0	0.0	0.0	0.0	0.0	0.0	0.0	0.0	0.0	0.0017007	0.0015	0.0037594	0.0	0.0	0.0	0.0	0.0	0.0042373	0.0	0.0	0.0	0.0	0.0	0.0	0.0	0.0	0.0	0.0	0.0	0.0	
Bouscarle de Cetti	0.0	0.0	0.0	0.0102041	0.0117647	0.021978	0.0204082	0.026087	0.0515464	0.0	0.0	0.0530303	0.0097087	0.0162602	0.0402685	0.0487805	0.02	0.05	0.0239234	0.0191083	0.0036364	0.0031056	0.0161943	0.007109	0.0035088	0.0058997	0.0015	0.0034014	0.0	0.018797	0.0103627	0.0	0.0186047	0.0153846	0.0082305	0.0254237	0.0397351	0.0183486	0.0128205	0.0149254	0.027027	0.0566038	0.0227273	0.0	0.0	0.05	0.0	0.0	
Orite à longue queue	0.2363636	0.0877193	0.2051282	0.1632653	0.1411765	0.2417582	0.2244898	0.2608696	0.2474227	0.1960784	0.1655172	0.2121212	0.1650485	0.1219512	0.1879195	0.1463415	0.0933333	0.11	0.1100478	0.066879	0.0472727	0.0559006	0.048583	0.049763	0.0350877	0.020649	0.0452128	0.0306122	0.0416667	0.0902256	0.0932642	0.1197411	0.055814	0.0769231	0.0699588	0.1271186	0.1523179	0.1055046	0.0641026	0.1492537	0.2972973	0.2075472	0.2045455	0.2857143	0.2894737	0.3	0.3035714	0.2075472	
Fauvette à tête noire	0.0181818	0.0526316	0.0128205	0.0102041	0.0235294	0.032967	0.0510204	0.0608696	0.0824742	0.1470588	0.2965517	0.4469697	0.407767	0.504065	0.4966443	0.4817073	0.48	0.505	0.5167464	0.4140127	0.4145455	0.3695652	0.4251012	0.4454976	0.4140351	0.4306785	0.4281915	0.2176871	0.2321429	0.1691729	0.0932642	0.1262136	0.1069767	0.1230769	0.090535	0.1186441	0.1523179	0.0642202	0.0448718	0.0447761	0.0810811	0.0188679	0.0	0.0	0.0	0.025	0.0	0.009434	
Fauvette des jardins	0.0	0.0	0.0	0.0	0.0	0.0	0.0	0.0	0.0	0.0	0.0	0.0	0.0	0.0081301	0.0201342	0.0	0.0	0.02	0.0143541	0.022293	0.0254545	0.0093168	0.0202429	0.021327	0.0070175	0.0058997	0.0132979	0.0153061	0.0089286	0.0075188	0.015544	0.012945	0.0186047	0.0153846	0.0015	0.0015	0.0066225	0.0	0.0	0.0	0.0	0.0	0.0	0.0	0.0	0.0	0.0	0.0	
Fauvette épervière	0.0	0.0	0.0	0.0	0.0	0.0	0.0	0.0	0.0	0.0	0.0	0.0	0.0	0.0	0.0	0.0	0.0	0.0	0.0	0.0063694	0.0109091	0.0124224	0.0040486	0.0023697	0.0035088	0.0	0.0	0.0	0.0	0.0	0.0	0.0	0.0	0.0	0.0	0.0	0.0	0.0	0.0	0.0	0.0	0.0	0.0	0.0	0.0	0.0	0.0	0.0	
Fauvette babillarde	0.0	0.0	0.0	0.0	0.0	0.0	0.0	0.0	0.0	0.0	0.0	0.0	0.0	0.0162602	0.033557	0.0121951	0.0066667	0.04	0.0334928	0.0414013	0.0654545	0.1086957	0.0931174	0.1113744	0.0666667	0.0737463	0.0292553	0.0221088	0.0565476	0.037594	0.0362694	0.0323625	0.0186047	0.0153846	0.0041152	0.0042373	0.0066225	0.0045872	0.0128205	0.0	0.0	0.0	0.0	0.0	0.0	0.0	0.0	0.0	
Fauvette orphée	0.0	0.0	0.0	0.0	0.0	0.0	0.0	0.0	0.0	0.0	0.0	0.0	0.0	0.0	0.0	0.0	0.0	0.0	0.0	0.0	0.0015	0.0	0.0	0.0	0.0	0.0	0.0	0.0	0.0	0.0	0.0	0.0	0.0	0.0	0.0	0.0	0.0	0.0	0.0	0.0	0.0	0.0	0.0	0.0	0.0	0.0	0.0	0.0	
Fauvette mélanocéphale	0.0090909	0.0350877	0.0	0.0	0.0	0.0	0.0	0.0	0.0	0.0	0.0	0.0	0.0	0.0	0.0	0.0015	0.0	0.005	0.0	0.0	0.0	0.0031056	0.0	0.0	0.0	0.0	0.0	0.0	0.0	0.0	0.0051813	0.0	0.0	0.0	0.0	0.0	0.0	0.0	0.0	0.0	0.0	0.0	0.0	0.0	0.0	0.0	0.0	0.0	
Fauvette des Balkans	0.0	0.0	0.0	0.0	0.0	0.0	0.0	0.0	0.0	0.0	0.0	0.0	0.0	0.0	0.0	0.0015	0.0	0.0	0.0	0.0	0.0	0.0	0.0	0.0	0.0035088	0.0	0.0	0.0	0.0	0.0	0.0	0.0	0.0	0.0	0.0	0.0	0.0	0.0	0.0	0.0	0.0	0.0	0.0	0.0	0.0	0.0	0.0	0.0	
Fauvette grisette	0.0	0.0	0.0	0.0	0.0	0.0	0.0	0.0	0.0	0.0	0.0	0.0	0.0	0.0015	0.0201342	0.0182927	0.02	0.02	0.0191388	0.0	0.0	0.0	0.0040486	0.0023697	0.0	0.0029499	0.0	0.0	0.0059524	0.0075188	0.0051813	0.0097087	0.0	0.0	0.0	0.0042373	0.0	0.0	0.0	0.0	0.0	0.0	0.0	0.0	0.0	0.0	0.0	0.0	
Sylvia ou Curruca sp.	0.0	0.0	0.0	0.0	0.0	0.0	0.0	0.0	0.0	0.0	0.0	0.0	0.0	0.0	0.0	0.0	0.0	0.0	0.0	0.0	0.0	0.0062112	0.0	0.0	0.0	0.0	0.0	0.0	0.0	0.0	0.0	0.0	0.0	0.0	0.0	0.0	0.0	0.0	0.0	0.0	0.0	0.0	0.0	0.0	0.0	0.0	0.0	0.0	
Roitelet huppé	0.1636364	0.0701754	0.1666667	0.1122449	0.1294118	0.1428571	0.2244898	0.2	0.0515464	0.0588235	0.0965517	0.0530303	0.0485437	0.0731707	0.0201342	0.0914634	0.0733333	0.045	0.062201	0.0955414	0.0763636	0.1149068	0.1336032	0.0947867	0.0982456	0.1268437	0.1037234	0.1343537	0.139881	0.112782	0.1398964	0.1585761	0.2	0.1794872	0.1604938	0.2076271	0.218543	0.2110092	0.224359	0.2014925	0.1891892	0.2264151	0.2045455	0.0892857	0.1315789	0.225	0.1607143	0.2075472	
Roitelet à triple bandeau	0.0272727	0.0350877	0.0128205	0.0204082	0.0117647	0.043956	0.0204082	0.026087	0.0206186	0.0098039	0.0	0.030303	0.0776699	0.0731707	0.0604027	0.0670732	0.08	0.075	0.0861244	0.1273885	0.0690909	0.0652174	0.0728745	0.0402844	0.0385965	0.0353982	0.0265957	0.042517	0.0267857	0.0601504	0.0414508	0.038835	0.0325581	0.0307692	0.037037	0.0805085	0.0728477	0.0275229	0.0064103	0.0149254	0.027027	0.0188679	0.0454545	0.0	0.0	0.0015	0.0357143	0.0188679	
Tichodrome échelette	0.0181818	0.0015	0.0	0.0	0.0015	0.0	0.0	0.0	0.0103093	0.0	0.0	0.0	0.0	0.0	0.0067114	0.0	0.0	0.005	0.0015	0.0	0.0072727	0.0124224	0.0015	0.0023697	0.0035088	0.0088496	0.0053191	0.0034014	0.0059524	0.0112782	0.0015	0.0064725	0.0046512	0.0205128	0.0123457	0.0	0.013245	0.0091743	0.025641	0.0074627	0.0015	0.0188679	0.0	0.0	0.0	0.0	0.0	0.009434	
Sittelle torchepot	0.1909091	0.1052632	0.2179487	0.1530612	0.2117647	0.1318681	0.1734694	0.1913043	0.1546392	0.1666667	0.2275862	0.2045455	0.1456311	0.195122	0.1208054	0.1158537	0.0733333	0.085	0.0669856	0.089172	0.08	0.0807453	0.0688259	0.07109	0.0701754	0.0943953	0.0691489	0.1054422	0.1577381	0.1165414	0.1398964	0.1650485	0.1767442	0.1846154	0.1399177	0.1440678	0.205298	0.2155963	0.1794872	0.1641791	0.1891892	0.1132075	0.25	0.125	0.1052632	0.225	0.1607143	0.0943396	
Grimpereau des bois	0.1181818	0.0350877	0.0641026	0.0306122	0.0470588	0.0549451	0.0408163	0.0782609	0.0721649	0.0196078	0.0482759	0.0	0.0194175	0.0569106	0.0469799	0.0365854	0.02	0.015	0.0287081	0.044586	0.0581818	0.0590062	0.0526316	0.042654	0.0385965	0.1061947	0.0558511	0.1309524	0.1369048	0.0902256	0.1139896	0.1229773	0.1069767	0.1076923	0.0534979	0.059322	0.0993377	0.1605505	0.1602564	0.0970149	0.0540541	0.0943396	0.0454545	0.0178571	0.0263158	0.025	0.1071429	0.0377358	
Grimpereau des jardins	0.0454545	0.0350877	0.0512821	0.0204082	0.0235294	0.021978	0.0714286	0.0521739	0.0927835	0.0882353	0.1517241	0.1515152	0.0485437	0.0813008	0.0872483	0.0609756	0.06	0.05	0.062201	0.0254777	0.0290909	0.0217391	0.0161943	0.014218	0.0105263	0.0029499	0.018617	0.0017007	0.0178571	0.0150376	0.0015	0.0291262	0.0139535	0.0307692	0.0164609	0.0550847	0.0728477	0.0412844	0.0448718	0.0373134	0.1351351	0.0377358	0.0681818	0.0178571	0.0789474	0.075	0.0714286	0.0283019	
Grimpereau des bois ou G. des jardins	0.0	0.0	0.0	0.0	0.0	0.0	0.0102041	0.0086957	0.0	0.0	0.0	0.0	0.0	0.0081301	0.0067114	0.0	0.0066667	0.0	0.0047847	0.0063694	0.0145455	0.0031056	0.0	0.0	0.0	0.0	0.0	0.0015	0.0029762	0.0150376	0.0	0.0032362	0.0	0.0	0.0	0.0	0.0	0.0	0.0064103	0.0	0.0	0.0	0.0	0.0	0.0	0.0	0.0	0.0188679	
Troglodyte mignon	0.1909091	0.1578947	0.2692308	0.1632653	0.1411765	0.1098901	0.1530612	0.1565217	0.1752577	0.1372549	0.1793103	0.2348485	0.184466	0.1463415	0.1946309	0.1341463	0.1533333	0.05	0.1483254	0.1433121	0.1890909	0.1925466	0.2024291	0.2535545	0.2350877	0.2861357	0.1781915	0.1768707	0.1696429	0.1165414	0.119171	0.0873786	0.0744186	0.0871795	0.0823045	0.1059322	0.1721854	0.1926606	0.2371795	0.1716418	0.3243243	0.3207547	0.2954545	0.25	0.3947368	0.425	0.2678571	0.245283	
Cincle plongeur	0.1	0.0877193	0.1282051	0.1020408	0.1176471	0.0879121	0.0510204	0.1043478	0.1546392	0.0784314	0.1172414	0.0530303	0.0582524	0.0731707	0.0536913	0.0365854	0.0466667	0.07	0.0430622	0.0477707	0.0254545	0.0403727	0.0566802	0.0308057	0.0245614	0.0294985	0.0398936	0.042517	0.0595238	0.037594	0.0310881	0.0744337	0.055814	0.0564103	0.0246914	0.0338983	0.0331126	0.1100917	0.1025641	0.1119403	0.1351351	0.0754717	0.0681818	0.0357143	0.2105263	0.15	0.1607143	0.1698113	
Étourneau sansonnet	0.0015	0.0	0.0015	0.0	0.0	0.010989	0.0306122	0.0434783	0.0515464	0.0588235	0.0965517	0.0833333	0.0970874	0.097561	0.0805369	0.1402439	0.0666667	0.095	0.0909091	0.0955414	0.0218182	0.0217391	0.0445344	0.021327	0.0280702	0.020649	0.0079787	0.0034014	0.0238095	0.0225564	0.0259067	0.0064725	0.0186047	0.025641	0.0329218	0.0338983	0.0198675	0.087156	0.0641026	0.0746269	0.0540541	0.0566038	0.0015	0.0	0.0	0.0	0.0178571	0.0	
Grive draine	0.0727273	0.0350877	0.0769231	0.0510204	0.0705882	0.0989011	0.1122449	0.0956522	0.1134021	0.1176471	0.2068966	0.0606061	0.0873786	0.0813008	0.0536913	0.1280488	0.1066667	0.105	0.0956938	0.1273885	0.1709091	0.1677019	0.1295547	0.1421801	0.1157895	0.1150442	0.0824468	0.0782313	0.0833333	0.0676692	0.0621762	0.0355987	0.0604651	0.0615385	0.0823045	0.0762712	0.1324503	0.1376147	0.1217949	0.0373134	0.027027	0.0754717	0.0909091	0.0178571	0.0789474	0.0	0.0357143	0.0377358	
Grive musicienne	0.0545455	0.0015	0.0128205	0.0102041	0.0352941	0.0659341	0.0510204	0.1565217	0.257732	0.3529412	0.4206897	0.4545455	0.3592233	0.3658537	0.3825503	0.2560976	0.28	0.285	0.3301435	0.2898089	0.2690909	0.2981366	0.291498	0.2535545	0.1684211	0.1622419	0.1143617	0.1003401	0.0863095	0.075188	0.0518135	0.0614887	0.0744186	0.0666667	0.0823045	0.1059322	0.1258278	0.1238532	0.0833333	0.0298507	0.0015	0.0188679	0.0227273	0.0357143	0.0263158	0.05	0.0	0.0188679	
Grive mauvis	0.0272727	0.0015	0.0	0.0102041	0.0117647	0.010989	0.0204082	0.0086957	0.0	0.0	0.0068966	0.0227273	0.0	0.0081301	0.0067114	0.0	0.0	0.0	0.0	0.0	0.0	0.0	0.0	0.0	0.0	0.0	0.0	0.0	0.0	0.0	0.0	0.0	0.0	0.0	0.0041152	0.0084746	0.0	0.0	0.0064103	0.0074627	0.027027	0.0	0.0227273	0.0357143	0.0263158	0.05	0.0178571	0.0188679	
Merle noir	0.4909091	0.4912281	0.4358974	0.3979592	0.4705882	0.4395604	0.3979592	0.4608696	0.5360825	0.5392157	0.6689655	0.6742424	0.5533981	0.6829268	0.6308725	0.6341463	0.68	0.615	0.7320574	0.6656051	0.6836364	0.5745342	0.562753	0.5545024	0.5017544	0.4011799	0.393617	0.3265306	0.3333333	0.2932331	0.2642487	0.1941748	0.2465116	0.2974359	0.2427984	0.3601695	0.4238411	0.4770642	0.4679487	0.4029851	0.4864865	0.3962264	0.3636364	0.5892857	0.7105263	0.5	0.4464286	0.4528302	
Grive litorne	0.1181818	0.0175439	0.0769231	0.0510204	0.0235294	0.0879121	0.0918367	0.0782609	0.0721649	0.1960784	0.1931034	0.1893939	0.1747573	0.1544715	0.1677852	0.1646341	0.14	0.215	0.1818182	0.2038217	0.2327273	0.2329193	0.1700405	0.1895735	0.1298246	0.1563422	0.1755319	0.0816327	0.1279762	0.0413534	0.0466321	0.0226537	0.0744186	0.0974359	0.090535	0.0762712	0.1125828	0.2155963	0.1474359	0.1343284	0.1081081	0.1132075	0.1590909	0.1607143	0.0789474	0.15	0.1071429	0.1415094	
Merle à plastron	0.0	0.0	0.0	0.0	0.0	0.0	0.0	0.0	0.0103093	0.0098039	0.0068966	0.0	0.0194175	0.0162602	0.0268456	0.0182927	0.04	0.06	0.062201	0.0859873	0.1272727	0.1304348	0.1214575	0.0781991	0.0982456	0.0560472	0.0345745	0.0255102	0.0178571	0.0150376	0.0103627	0.0291262	0.0418605	0.0461538	0.0329218	0.0423729	0.0529801	0.0091743	0.0128205	0.0	0.0	0.0	0.0	0.0	0.0	0.0	0.0	0.0	
turdidé sp.	0.0	0.0	0.0	0.0	0.0	0.0	0.0	0.0	0.0	0.0	0.0	0.0	0.0	0.0	0.0067114	0.0	0.0	0.0	0.0	0.0031847	0.0036364	0.0	0.0	0.0047393	0.0035088	0.0015	0.0026596	0.0	0.0059524	0.0	0.0	0.0032362	0.0	0.0051282	0.0	0.0042373	0.0	0.0045872	0.0	0.0074627	0.0	0.0	0.0	0.0	0.0	0.0	0.0	0.0	
Gobemouche gris	0.0	0.0	0.0	0.0	0.0	0.0	0.0	0.0	0.0	0.0	0.0	0.0	0.0	0.0	0.0	0.0304878	0.0266667	0.085	0.1004785	0.0605096	0.0618182	0.0559006	0.1012146	0.0900474	0.0877193	0.079646	0.0718085	0.1071429	0.0892857	0.0789474	0.0984456	0.0453074	0.0372093	0.0358974	0.0082305	0.0381356	0.0529801	0.0045872	0.0064103	0.0149254	0.0	0.0	0.0	0.0	0.0	0.0	0.0	0.0	
Rougegorge familier	0.4727273	0.2631579	0.4358974	0.244898	0.2588235	0.2417582	0.255102	0.2347826	0.3505155	0.3039216	0.4275862	0.5227273	0.3495146	0.3495935	0.2550336	0.2134146	0.1733333	0.185	0.215311	0.2038217	0.2218182	0.2204969	0.2469636	0.2511848	0.2140351	0.1769912	0.1569149	0.1887755	0.1934524	0.1578947	0.1606218	0.1909385	0.1767442	0.2615385	0.18107	0.3516949	0.5761589	0.4954128	0.5384615	0.5223881	0.5945946	0.509434	0.3409091	0.5357143	0.5789474	0.575	0.4285714	0.2830189	
Rossignol philomèle	0.0	0.0	0.0	0.0	0.0	0.0	0.0	0.0	0.0	0.0	0.0	0.0075758	0.0	0.0162602	0.0738255	0.1829268	0.1266667	0.12	0.0956938	0.0254777	0.0218182	0.0248447	0.0364372	0.0331754	0.0105263	0.0058997	0.0	0.005102	0.0089286	0.0037594	0.0	0.0	0.0	0.0051282	0.0	0.0	0.0	0.0	0.0	0.0	0.0	0.0	0.0	0.0	0.0	0.0	0.0	0.0	
Gorgebleue à miroir	0.0	0.0	0.0	0.0	0.0	0.0	0.0	0.0	0.0	0.0098039	0.0206897	0.0227273	0.0097087	0.0081301	0.0067114	0.0	0.0	0.0	0.0	0.0	0.0	0.0	0.0	0.0	0.0	0.0	0.0	0.0	0.0	0.0037594	0.0	0.0	0.0046512	0.0	0.0	0.0	0.0	0.0	0.0	0.0	0.0	0.0	0.0	0.0	0.0	0.0	0.0	0.0	
Robin à flancs roux	0.0	0.0	0.0	0.0	0.0	0.0	0.0	0.0	0.0	0.0	0.0	0.0	0.0	0.0	0.0	0.0	0.0	0.0	0.0	0.0	0.0	0.0	0.0	0.0	0.0	0.0	0.0	0.0	0.0	0.0	0.0	0.0	0.0	0.0	0.0	0.0015	0.0066225	0.0	0.0	0.0	0.0	0.0	0.0	0.0	0.0	0.0	0.0	0.0	
Gobemouche nain	0.0	0.0	0.0	0.0	0.0	0.0	0.0	0.0	0.0	0.0	0.0	0.0	0.0	0.0	0.0	0.0	0.0	0.005	0.0	0.0	0.0	0.0	0.0	0.0	0.0	0.0	0.0	0.0	0.0	0.0	0.0	0.0	0.0	0.0	0.0	0.0	0.0	0.0	0.0	0.0	0.0	0.0	0.0	0.0	0.0	0.0	0.0	0.0	
Gobemouche noir	0.0	0.0	0.0	0.0	0.0	0.0	0.0	0.0	0.0	0.0	0.0	0.0	0.0	0.0406504	0.0268456	0.0182927	0.0333333	0.06	0.0095694	0.0015	0.0	0.0	0.0	0.0023697	0.0	0.0	0.0	0.0	0.014881	0.037594	0.0414508	0.0711974	0.0930233	0.0717949	0.0452675	0.029661	0.0198675	0.0045872	0.0	0.0	0.0	0.0	0.0	0.0	0.0	0.0	0.0	0.0	
Gobemouche à collier	0.0	0.0	0.0	0.0	0.0	0.0	0.0	0.0	0.0	0.0	0.0	0.0	0.0	0.0	0.0067114	0.0015	0.0066667	0.005	0.0	0.0	0.0	0.0	0.0015	0.0	0.0	0.0	0.0	0.0017007	0.0	0.0015	0.0	0.0	0.0	0.0	0.0	0.0	0.0	0.0	0.0	0.0	0.0	0.0	0.0	0.0	0.0	0.0	0.0	0.0	
Ficedula sp.	0.0	0.0	0.0	0.0	0.0	0.0	0.0	0.0	0.0	0.0	0.0	0.0	0.0	0.0	0.0	0.0	0.0	0.0	0.0	0.0	0.0	0.0	0.0	0.0	0.0	0.0029499	0.0	0.0	0.0	0.0	0.0	0.0	0.0	0.0	0.0	0.0	0.0	0.0	0.0	0.0	0.0	0.0	0.0	0.0	0.0	0.0	0.0	0.0	
Rougequeue à front blanc	0.0	0.0	0.0	0.0	0.0	0.0	0.0	0.0	0.0	0.0	0.0068966	0.0151515	0.0582524	0.097561	0.1275168	0.195122	0.1266667	0.145	0.1722488	0.1656051	0.1309091	0.1304348	0.1174089	0.0995261	0.0385965	0.0707965	0.0691489	0.0561224	0.0654762	0.0488722	0.0259067	0.0550162	0.0418605	0.025641	0.037037	0.0466102	0.0397351	0.0504587	0.0128205	0.0074627	0.0	0.0	0.0	0.0	0.0	0.0	0.0	0.0	
Rougequeue noir	0.0272727	0.0175439	0.0128205	0.0204082	0.0117647	0.021978	0.0102041	0.0173913	0.0206186	0.0490196	0.0758621	0.1060606	0.1747573	0.1788618	0.1275168	0.152439	0.1533333	0.175	0.1578947	0.2197452	0.3345455	0.4037267	0.340081	0.3507109	0.3614035	0.339233	0.3404255	0.3537415	0.3333333	0.2142857	0.2642487	0.2524272	0.2465116	0.2974359	0.2880658	0.2584746	0.3046358	0.3119266	0.25	0.1567164	0.0015	0.0377358	0.0227273	0.0	0.0	0.05	0.0015	0.009434	
Rougequeue à front blanc ou R. noir	0.0	0.0	0.0	0.0	0.0	0.0	0.0	0.0	0.0	0.0	0.0	0.0	0.0	0.0	0.0	0.0	0.0	0.0	0.0	0.0	0.0036364	0.0	0.0	0.0	0.0	0.0	0.0	0.0	0.0	0.0	0.0	0.0	0.0	0.0	0.0	0.0	0.0	0.0	0.0	0.0	0.0	0.0	0.0	0.0	0.0	0.0	0.0	0.0	
rougequeue sp.	0.0	0.0	0.0	0.0	0.0	0.0	0.0	0.0	0.0	0.0	0.0	0.0	0.0	0.0081301	0.0	0.0	0.0	0.0	0.0	0.0	0.0	0.0	0.0	0.0	0.0	0.0	0.0	0.0	0.0	0.0	0.0	0.0	0.0	0.0	0.0	0.0	0.0	0.0	0.0	0.0	0.0	0.0	0.0	0.0	0.0	0.0	0.0	0.0	
Monticole de roche	0.0	0.0	0.0	0.0	0.0	0.0	0.0	0.0	0.0	0.0	0.0	0.0	0.0	0.0	0.0	0.0	0.0	0.005	0.0	0.0031847	0.0036364	0.0015	0.0040486	0.0023697	0.0	0.0	0.0053191	0.0017007	0.0	0.0037594	0.0	0.0032362	0.0	0.0	0.0	0.0015	0.0	0.0	0.0	0.0	0.0	0.0	0.0	0.0	0.0	0.0	0.0	0.0	
Monticole bleu	0.0	0.0	0.0	0.0102041	0.0	0.0	0.0	0.0	0.0103093	0.0	0.0	0.0	0.0	0.0	0.0067114	0.0	0.0066667	0.0	0.0015	0.0031847	0.0	0.0	0.0	0.0	0.0035088	0.0	0.0	0.0	0.0	0.0	0.0	0.0	0.0	0.0	0.0	0.0	0.0015	0.0	0.0	0.0	0.0	0.0	0.0	0.0	0.0	0.0	0.0	0.0	
Tarier des prés	0.0	0.0	0.0	0.0	0.0	0.0	0.0	0.0	0.0	0.0	0.0068966	0.0	0.0	0.0081301	0.0402685	0.054878	0.08	0.05	0.0239234	0.0286624	0.0218182	0.0403727	0.0121457	0.014218	0.0210526	0.0088496	0.0026596	0.0119048	0.014881	0.0150376	0.0466321	0.0647249	0.0232558	0.0307692	0.0082305	0.0423729	0.0264901	0.0137615	0.0	0.0	0.0	0.0	0.0	0.0	0.0	0.0	0.0	0.0	
Tarier pâtre	0.0	0.0	0.0	0.0	0.0	0.0	0.0	0.0434783	0.0412371	0.0588235	0.0206897	0.030303	0.0	0.0081301	0.0201342	0.0182927	0.0066667	0.0	0.0095694	0.0127389	0.0	0.0	0.0	0.0023697	0.0015	0.0015	0.0106383	0.0017007	0.0059524	0.0075188	0.0103627	0.0	0.0	0.0051282	0.0	0.0084746	0.0198675	0.0137615	0.0320513	0.0373134	0.0540541	0.0	0.0	0.0	0.0263158	0.0	0.0	0.0	
Traquet motteux	0.0	0.0	0.0	0.0	0.0	0.0	0.0	0.0	0.0	0.0	0.0	0.0	0.0015	0.0406504	0.0671141	0.0731707	0.08	0.09	0.0717703	0.044586	0.0618182	0.0496894	0.0566802	0.07109	0.1192982	0.0943953	0.0771277	0.0816327	0.0714286	0.0676692	0.0725389	0.0906149	0.0930233	0.0615385	0.0534979	0.0550847	0.1059603	0.0183486	0.0064103	0.0	0.0	0.0	0.0	0.0	0.0	0.0	0.0	0.0	
Accenteur alpin	0.0181818	0.0015	0.0128205	0.0102041	0.0015	0.010989	0.0102041	0.0086957	0.0	0.0	0.0015	0.0	0.0097087	0.0	0.0	0.0060976	0.0066667	0.015	0.0095694	0.0095541	0.0218182	0.0186335	0.0161943	0.0379147	0.0526316	0.0235988	0.0531915	0.0238095	0.0208333	0.0263158	0.0310881	0.012945	0.0139535	0.0307692	0.0329218	0.0211864	0.0529801	0.0183486	0.0128205	0.0298507	0.027027	0.0377358	0.0227273	0.0	0.0	0.025	0.0015	0.0	
Accenteur mouchet	0.0727273	0.0701754	0.0641026	0.0816327	0.0470588	0.0879121	0.0918367	0.0695652	0.0309278	0.0294118	0.0137931	0.0606061	0.0291262	0.0081301	0.0134228	0.0487805	0.0133333	0.045	0.0478469	0.0414013	0.08	0.0869565	0.1012146	0.1018957	0.1157895	0.0825959	0.0159574	0.0170068	0.0178571	0.0225564	0.0051813	0.0226537	0.0139535	0.0153846	0.0329218	0.0211864	0.0662252	0.0688073	0.0512821	0.0373134	0.1351351	0.1698113	0.0909091	0.0892857	0.1578947	0.175	0.0892857	0.0471698	
Moineau domestique	0.0545455	0.0350877	0.025641	0.0204082	0.0235294	0.0659341	0.0204082	0.026087	0.0309278	0.0686275	0.0482759	0.0378788	0.0873786	0.0243902	0.0671141	0.0426829	0.0866667	0.05	0.0669856	0.0796178	0.08	0.0590062	0.0931174	0.1018957	0.0947368	0.0825959	0.0718085	0.0748299	0.0833333	0.0413534	0.0362694	0.0647249	0.0604651	0.0820513	0.1028807	0.1016949	0.0927152	0.0779817	0.0448718	0.0298507	0.027027	0.0015	0.0681818	0.0178571	0.0	0.0	0.0015	0.0471698	
Moineau cisalpin	0.2727273	0.2631579	0.2051282	0.2653061	0.2	0.2197802	0.1734694	0.2173913	0.1752577	0.1666667	0.2965517	0.2424242	0.2135922	0.3577236	0.2416107	0.2682927	0.32	0.31	0.3492823	0.3121019	0.2909091	0.2639752	0.2550607	0.2535545	0.2736842	0.2654867	0.3457447	0.2585034	0.2559524	0.2293233	0.2487047	0.1618123	0.1209302	0.1794872	0.1193416	0.1440678	0.1456954	0.206422	0.1858974	0.2164179	0.2702703	0.1320755	0.2045455	0.2857143	0.2631579	0.35	0.3035714	0.1415094	
Hybride Moineau domestique x M. cisalpin	0.0090909	0.0175439	0.0384615	0.0	0.0117647	0.0	0.0204082	0.0086957	0.0103093	0.0196078	0.0137931	0.0075758	0.0097087	0.0243902	0.0067114	0.0121951	0.0	0.015	0.0095694	0.0127389	0.0109091	0.0093168	0.0	0.0047393	0.0140351	0.0147493	0.0026596	0.0085034	0.0029762	0.0037594	0.0103627	0.0032362	0.0015	0.0051282	0.0	0.0084746	0.0015	0.0137615	0.0384615	0.0074627	0.0810811	0.0377358	0.0	0.0	0.0	0.0	0.0	0.0283019	
Moineau domestique ou M. cisalpin	0.0	0.0	0.025641	0.0102041	0.0117647	0.0	0.0102041	0.0173913	0.0103093	0.0294118	0.0	0.0	0.0291262	0.0162602	0.0067114	0.0121951	0.0133333	0.005	0.0047847	0.0127389	0.0145455	0.0093168	0.0040486	0.0023697	0.0140351	0.0058997	0.0212766	0.0068027	0.0119048	0.0225564	0.0051813	0.0161812	0.0232558	0.0015	0.0164609	0.0042373	0.0066225	0.0183486	0.0384615	0.0149254	0.027027	0.0	0.0	0.0178571	0.0526316	0.025	0.0178571	0.009434	
Moineau friquet	0.0545455	0.0526316	0.0512821	0.0816327	0.0470588	0.032967	0.0612245	0.0869565	0.0721649	0.1176471	0.1310345	0.0833333	0.0970874	0.0731707	0.0536913	0.097561	0.0933333	0.055	0.0334928	0.1050955	0.04	0.0341615	0.0566802	0.042654	0.045614	0.0530973	0.037234	0.0289116	0.0625	0.0488722	0.0259067	0.02589	0.0186047	0.0102564	0.0246914	0.0889831	0.0927152	0.0366972	0.1346154	0.0522388	0.1621622	0.0943396	0.1818182	0.0357143	0.1315789	0.1	0.1071429	0.0754717	
Niverolle alpine	0.0090909	0.0175439	0.0512821	0.0204082	0.0015	0.043956	0.0306122	0.0347826	0.0103093	0.0196078	0.0275862	0.0075758	0.0015	0.0081301	0.0	0.0	0.0066667	0.005	0.0191388	0.0095541	0.0545455	0.068323	0.0647773	0.0781991	0.1122807	0.0737463	0.0585106	0.0289116	0.0416667	0.0263158	0.0207254	0.02589	0.0046512	0.0307692	0.0123457	0.0042373	0.0264901	0.0229358	0.0064103	0.0074627	0.027027	0.0377358	0.0227273	0.0	0.0	0.0	0.0	0.0015	
Bergeronnette des ruisseaux	0.1	0.1052632	0.1794872	0.0918367	0.0823529	0.0549451	0.0510204	0.1391304	0.1443299	0.2156863	0.2068966	0.25	0.184466	0.2113821	0.1946309	0.2134146	0.1533333	0.14	0.1435407	0.0923567	0.12	0.0962733	0.1052632	0.1374408	0.0912281	0.0973451	0.0984043	0.0867347	0.125	0.0639098	0.0880829	0.1003236	0.0976744	0.1282051	0.090535	0.1186441	0.0927152	0.1330275	0.0512821	0.0970149	0.0540541	0.0943396	0.1136364	0.0892857	0.1578947	0.25	0.1607143	0.0471698	
Bergeronnette printanière	0.0	0.0	0.0	0.0	0.0	0.0	0.0	0.0	0.0	0.0	0.0068966	0.0151515	0.0291262	0.0569106	0.0939597	0.0487805	0.0266667	0.03	0.0239234	0.0063694	0.0	0.0	0.0	0.0047393	0.0015	0.0015	0.0	0.0017007	0.0059524	0.0	0.0051813	0.0226537	0.0139535	0.0051282	0.0041152	0.0127119	0.0397351	0.0	0.0	0.0	0.0	0.0	0.0	0.0	0.0	0.0	0.0	0.0	
Bergeronnette grise	0.0727273	0.1578947	0.0641026	0.0612245	0.1294118	0.0989011	0.1020408	0.173913	0.2164948	0.372549	0.4137931	0.3560606	0.2912621	0.2845528	0.2684564	0.3170732	0.3333333	0.275	0.2488038	0.3057325	0.2945455	0.3198758	0.3279352	0.3649289	0.3192982	0.3303835	0.337766	0.3282313	0.3392857	0.3195489	0.2746114	0.2847896	0.2697674	0.2564103	0.2633745	0.2457627	0.3178808	0.2798165	0.2948718	0.1716418	0.1351351	0.0377358	0.0454545	0.0892857	0.1578947	0.125	0.125	0.0754717	
bergeronette sp.	0.0	0.0	0.0	0.0	0.0	0.0	0.0	0.0	0.0	0.0	0.0	0.0151515	0.0097087	0.0	0.0	0.0	0.0	0.0	0.0	0.0	0.0	0.0	0.0	0.0	0.0	0.0	0.0	0.0	0.0	0.0	0.0	0.0	0.0015	0.0	0.0	0.0	0.0	0.0	0.0	0.0	0.0	0.0	0.0	0.0	0.0	0.0	0.0	0.0	
Pipit rousseline	0.0	0.0	0.0	0.0	0.0	0.0	0.0	0.0	0.0	0.0	0.0	0.0	0.0	0.0	0.0	0.0060976	0.0066667	0.015	0.0	0.0031847	0.0036364	0.0	0.0	0.0023697	0.0	0.0	0.0	0.0017007	0.0	0.0	0.0	0.0	0.0093023	0.0	0.0	0.0	0.0	0.0	0.0	0.0	0.0	0.0	0.0	0.0	0.0	0.0	0.0	0.0	
Pipit farlouse	0.0	0.0	0.0	0.0204082	0.0	0.010989	0.0	0.0347826	0.0	0.0098039	0.0015	0.0075758	0.038835	0.0487805	0.0134228	0.0060976	0.0066667	0.0	0.0	0.0	0.0	0.0062112	0.0040486	0.0023697	0.0140351	0.0147493	0.0026596	0.005102	0.0029762	0.0015	0.0051813	0.0032362	0.0046512	0.0102564	0.0329218	0.0169492	0.0662252	0.0825688	0.0641026	0.0522388	0.027027	0.0566038	0.0	0.0	0.0015	0.0	0.0	0.0	
Pipit des arbres	0.0	0.0	0.0	0.0	0.0	0.0	0.0	0.0	0.0	0.0	0.0	0.0	0.0194175	0.0081301	0.0067114	0.0426829	0.06	0.04	0.0239234	0.0509554	0.0618182	0.0838509	0.097166	0.1018957	0.077193	0.0648968	0.018617	0.0170068	0.0238095	0.0413534	0.0310881	0.0355987	0.0232558	0.0358974	0.0082305	0.0169492	0.0198675	0.0137615	0.0064103	0.0	0.0	0.0	0.0	0.0	0.0	0.0	0.0	0.0	
Pipit à gorge rousse	0.0	0.0	0.0	0.0	0.0	0.0	0.0	0.0	0.0	0.0	0.0	0.0	0.0	0.0	0.0015	0.0121951	0.0066667	0.005	0.0	0.0031847	0.0	0.0	0.0	0.0	0.0	0.0	0.0	0.0	0.0	0.0	0.0	0.0	0.0046512	0.0	0.0	0.0	0.0	0.0045872	0.0	0.0	0.0	0.0	0.0	0.0	0.0	0.0	0.0	0.0	
Pipit spioncelle	0.0363636	0.0015	0.0128205	0.0510204	0.0235294	0.021978	0.0306122	0.026087	0.0206186	0.0098039	0.0344828	0.0378788	0.038835	0.0569106	0.0134228	0.0243902	0.0666667	0.035	0.0334928	0.0573248	0.0909091	0.1086957	0.1174089	0.0900474	0.1649123	0.1150442	0.0797872	0.0867347	0.0863095	0.0714286	0.0880829	0.0970874	0.0837209	0.0615385	0.127572	0.0762712	0.1125828	0.0733945	0.0576923	0.0447761	0.0	0.0377358	0.0227273	0.0357143	0.0526316	0.05	0.0178571	0.0283019	
Anthus sp.	0.0	0.0	0.0	0.0	0.0	0.0	0.0	0.0	0.0103093	0.0	0.0	0.0	0.0	0.0081301	0.0	0.0	0.0	0.005	0.0	0.0	0.0	0.0	0.0	0.0	0.0	0.0	0.0	0.0	0.0	0.0	0.0	0.0064725	0.0	0.0	0.0	0.0	0.0	0.0045872	0.0064103	0.0	0.0	0.0	0.0	0.0	0.0	0.0	0.0	0.0	
Pinson des arbres	0.4727273	0.4035088	0.4358974	0.377551	0.3882353	0.3956044	0.4591837	0.4956522	0.5154639	0.5196078	0.6137931	0.5454545	0.5145631	0.5934959	0.6107383	0.5853659	0.56	0.55	0.5502392	0.5509554	0.5781818	0.5962733	0.6072874	0.6208531	0.5614035	0.480826	0.4015957	0.3911565	0.3660714	0.2556391	0.2849741	0.3171521	0.2790698	0.2974359	0.2839506	0.3220339	0.4172185	0.5091743	0.4551282	0.5149254	0.5405405	0.509434	0.5909091	0.5892857	0.5526316	0.625	0.4642857	0.4245283	
Pinson du Nord	0.0181818	0.0	0.025641	0.0408163	0.0705882	0.032967	0.0306122	0.0608696	0.0309278	0.0098039	0.0015	0.0151515	0.0194175	0.0	0.0	0.0060976	0.0	0.0	0.0	0.0	0.0	0.0	0.0	0.0	0.0	0.0	0.0	0.0	0.0	0.0	0.0	0.0	0.0	0.0	0.0	0.0	0.0331126	0.0412844	0.0320513	0.0597015	0.027027	0.0754717	0.0227273	0.0357143	0.0263158	0.05	0.0178571	0.0188679	
Grosbec casse-noyaux	0.0909091	0.0175439	0.0897436	0.0408163	0.1176471	0.0659341	0.0918367	0.1130435	0.0927835	0.127451	0.0827586	0.1212121	0.0194175	0.0569106	0.0402685	0.0243902	0.02	0.01	0.0239234	0.0318471	0.0109091	0.015528	0.0161943	0.0094787	0.0070175	0.0058997	0.0079787	0.0102041	0.0089286	0.0075188	0.015544	0.0226537	0.0046512	0.0102564	0.0164609	0.0508475	0.0794702	0.0275229	0.0576923	0.0597015	0.1621622	0.0188679	0.1136364	0.0535714	0.0526316	0.125	0.1071429	0.1037736	
Roselin cramoisi	0.0	0.0	0.0	0.0	0.0	0.0	0.0	0.0	0.0	0.0	0.0	0.0	0.0	0.0	0.0	0.0	0.0	0.0	0.0	0.0063694	0.0145455	0.0186335	0.0121457	0.007109	0.0035088	0.0029499	0.0	0.0	0.0	0.0015	0.0	0.0	0.0	0.0	0.0	0.0	0.0	0.0	0.0	0.0	0.0	0.0	0.0	0.0	0.0	0.0	0.0	0.0	
Bouvreuil pivoine	0.0727273	0.0350877	0.0512821	0.0510204	0.0470588	0.032967	0.1020408	0.026087	0.0515464	0.0294118	0.0482759	0.030303	0.0194175	0.0015	0.033557	0.054878	0.0333333	0.025	0.0478469	0.066879	0.0545455	0.0900621	0.097166	0.0781991	0.0421053	0.0737463	0.0611702	0.1071429	0.1160714	0.1165414	0.0932642	0.0485437	0.0465116	0.0358974	0.0576132	0.0127119	0.0794702	0.1146789	0.0576923	0.0671642	0.1351351	0.1132075	0.0454545	0.0357143	0.0015	0.05	0.1428571	0.0849057	
Verdier d'Europe	0.0454545	0.0526316	0.0512821	0.1122449	0.0470588	0.0769231	0.0816327	0.1304348	0.1443299	0.0784314	0.1724138	0.2121212	0.2330097	0.1869919	0.1879195	0.1890244	0.1466667	0.17	0.1339713	0.1019108	0.0872727	0.0776398	0.0728745	0.1090047	0.0807018	0.0678466	0.1117021	0.0459184	0.0595238	0.0338346	0.0880829	0.0226537	0.0232558	0.0358974	0.0329218	0.0550847	0.0662252	0.087156	0.0705128	0.0298507	0.1621622	0.0943396	0.0227273	0.1071429	0.2105263	0.15	0.125	0.0566038	
Linotte mélodieuse	0.0	0.0	0.025641	0.0	0.0	0.0	0.0	0.0	0.0103093	0.0196078	0.0137931	0.0530303	0.0873786	0.0406504	0.0134228	0.0426829	0.06	0.05	0.0717703	0.066879	0.0727273	0.1118012	0.0890688	0.0924171	0.0912281	0.100295	0.1010638	0.0765306	0.0595238	0.056391	0.0673575	0.0776699	0.0604651	0.0410256	0.0699588	0.0211864	0.0529801	0.0275229	0.0448718	0.0074627	0.0540541	0.0566038	0.0	0.0	0.0	0.0	0.0	0.009434	
Sizerin flammé	0.0181818	0.0175439	0.0128205	0.0102041	0.0	0.0	0.0408163	0.0173913	0.0103093	0.0294118	0.0275862	0.0151515	0.0	0.0325203	0.0402685	0.0243902	0.02	0.01	0.0191388	0.0414013	0.0472727	0.0776398	0.0607287	0.0402844	0.0701754	0.079646	0.0718085	0.0680272	0.047619	0.037594	0.0362694	0.02589	0.027907	0.025641	0.0205761	0.0127119	0.0264901	0.0458716	0.0320513	0.0	0.027027	0.0566038	0.0	0.0178571	0.0015	0.0	0.0357143	0.0188679	
Bec-croisé des sapins	0.0636364	0.0175439	0.0769231	0.0816327	0.0588235	0.0549451	0.0816327	0.0608696	0.0412371	0.0392157	0.0758621	0.0	0.0291262	0.0162602	0.033557	0.0182927	0.04	0.045	0.0239234	0.0700637	0.0327273	0.0434783	0.0688259	0.0687204	0.0982456	0.0855457	0.0957447	0.1666667	0.1755952	0.093985	0.0777202	0.0841424	0.0930233	0.1179487	0.090535	0.059322	0.192053	0.1926606	0.1474359	0.0970149	0.0540541	0.1509434	0.0681818	0.0178571	0.0263158	0.05	0.1071429	0.1509434	
Chardonneret élégant	0.1545455	0.1403509	0.1410256	0.0816327	0.1058824	0.0769231	0.1122449	0.1304348	0.2268041	0.2156863	0.2137931	0.2424242	0.2815534	0.2601626	0.2550336	0.2560976	0.24	0.26	0.2679426	0.2961783	0.2290909	0.3136646	0.3076923	0.2819905	0.2385965	0.2979351	0.337766	0.297619	0.3422619	0.2368421	0.2435233	0.1909385	0.1674419	0.174359	0.1440329	0.1610169	0.2119205	0.1605505	0.1923077	0.1716418	0.3243243	0.1886792	0.1590909	0.2142857	0.1842105	0.225	0.1607143	0.0754717	
Venturon montagnard	0.0090909	0.0015	0.0128205	0.0	0.0	0.010989	0.0	0.0015	0.0	0.0	0.0	0.0	0.0015	0.0	0.0	0.0	0.0	0.01	0.0	0.0191083	0.0145455	0.0093168	0.0121457	0.007109	0.0035088	0.0015	0.0053191	0.0102041	0.0029762	0.0112782	0.0259067	0.012945	0.0093023	0.0	0.0	0.0042373	0.0066225	0.0091743	0.0064103	0.0	0.027027	0.0	0.0	0.0	0.0263158	0.0015	0.0	0.0015	
Serin cini	0.0181818	0.0	0.0	0.0	0.0	0.0	0.0204082	0.026087	0.0412371	0.0980392	0.1586207	0.2424242	0.2718447	0.3495935	0.3087248	0.3414634	0.3066667	0.285	0.2583732	0.2165605	0.2218182	0.2111801	0.2307692	0.1777251	0.1789474	0.1474926	0.2074468	0.1462585	0.0833333	0.0676692	0.0414508	0.0355987	0.0325581	0.0102564	0.0205761	0.029661	0.0596026	0.0688073	0.0384615	0.0223881	0.027027	0.0188679	0.0	0.0178571	0.0	0.0	0.0	0.0	
Tarin des aulnes	0.0727273	0.0175439	0.0641026	0.0510204	0.0470588	0.043956	0.0408163	0.026087	0.0515464	0.0588235	0.0551724	0.0378788	0.0097087	0.0325203	0.0067114	0.0182927	0.0015	0.005	0.0095694	0.0414013	0.0218182	0.0465839	0.0404858	0.035545	0.0421053	0.0383481	0.0292553	0.0170068	0.0416667	0.0150376	0.0259067	0.0355987	0.0325581	0.025641	0.0329218	0.0211864	0.1523179	0.146789	0.25	0.1641791	0.2702703	0.1698113	0.0681818	0.0714286	0.0526316	0.125	0.1071429	0.0943396	
fringillidé sp.	0.0	0.0015	0.0	0.0	0.0	0.0	0.0	0.0	0.0	0.0	0.0	0.0	0.0	0.0	0.0	0.0	0.0	0.0	0.0	0.0	0.0	0.0	0.0	0.0023697	0.0	0.0	0.0	0.0015	0.0	0.0037594	0.0	0.0	0.0046512	0.0	0.0	0.0	0.0	0.0	0.0064103	0.0074627	0.0	0.0	0.0	0.0	0.0	0.0	0.0	0.009434	
Bruant proyer	0.0	0.0	0.0	0.0	0.0	0.0	0.0	0.0	0.0	0.0	0.0	0.0	0.0	0.0	0.0134228	0.0060976	0.0066667	0.0015	0.0	0.0031847	0.0036364	0.0	0.0015	0.0023697	0.0015	0.0	0.0	0.0	0.0	0.0	0.0	0.0	0.0	0.0	0.0	0.0	0.0	0.0	0.0	0.0	0.0	0.0	0.0	0.0	0.0	0.0	0.0	0.0	
Bruant fou	0.0272727	0.0350877	0.025641	0.0510204	0.0235294	0.032967	0.0102041	0.0347826	0.0	0.0015	0.0068966	0.0075758	0.0	0.0081301	0.0067114	0.0426829	0.0	0.025	0.0143541	0.0063694	0.0109091	0.0015	0.0080972	0.0236967	0.0035088	0.0029499	0.0079787	0.0085034	0.0059524	0.0037594	0.0103627	0.0032362	0.0015	0.0	0.0015	0.0084746	0.0066225	0.0183486	0.0064103	0.0373134	0.027027	0.0015	0.0454545	0.0	0.0789474	0.075	0.0535714	0.0188679	
Bruant zizi	0.0	0.0	0.0	0.0102041	0.0117647	0.0	0.0	0.0	0.0	0.0	0.0	0.0	0.0	0.0	0.0	0.0	0.0	0.005	0.0047847	0.0015	0.0	0.0	0.0040486	0.0015	0.0035088	0.0	0.0	0.0	0.0	0.0	0.0	0.0	0.0	0.0	0.0	0.0	0.0	0.0	0.0	0.0	0.0	0.0	0.0	0.0015	0.0	0.0	0.0	0.0	
Bruant jaune	0.0	0.0	0.0	0.0306122	0.0235294	0.0	0.0	0.0173913	0.0206186	0.0	0.0413793	0.0075758	0.0194175	0.0	0.0201342	0.0243902	0.02	0.02	0.0047847	0.044586	0.0618182	0.0372671	0.0445344	0.042654	0.0280702	0.020649	0.018617	0.0221088	0.0208333	0.0037594	0.0051813	0.0015	0.0015	0.0	0.0041152	0.0127119	0.0066225	0.0045872	0.0064103	0.0074627	0.0015	0.0	0.0681818	0.0	0.0	0.0	0.0	0.0	
Bruant ortolan	0.0	0.0	0.0	0.0	0.0	0.0	0.0	0.0	0.0	0.0	0.0	0.0	0.0	0.0	0.0015	0.0	0.0	0.0	0.0	0.0	0.0	0.0	0.0	0.0	0.0	0.0015	0.0	0.0	0.0	0.0	0.0	0.0	0.0046512	0.0	0.0	0.0042373	0.0	0.0	0.0	0.0	0.0	0.0	0.0	0.0	0.0	0.0	0.0	0.0	
Bruant des roseaux	0.0272727	0.0	0.0512821	0.0510204	0.0588235	0.043956	0.0102041	0.0869565	0.1030928	0.0980392	0.0965517	0.0833333	0.038835	0.0162602	0.0134228	0.0015	0.0	0.0	0.0047847	0.0	0.0	0.0	0.0	0.0	0.0	0.0029499	0.0	0.0	0.0	0.0	0.0	0.0	0.0	0.0	0.0	0.0	0.0	0.0321101	0.0512821	0.0373134	0.0810811	0.0943396	0.0227273	0.0357143	0.0789474	0.05	0.0178571	0.0377358	
Bruant nain	0.0	0.0015	0.0	0.0204082	0.0	0.010989	0.0	0.0	0.0	0.0	0.0	0.0	0.0	0.0	0.0	0.0	0.0	0.0	0.0	0.0	0.0	0.0	0.0	0.0	0.0	0.0	0.0	0.0	0.0	0.0	0.0	0.0	0.0	0.0	0.0	0.0	0.0	0.0	0.0	0.0	0.0	0.0	0.0	0.0	0.0	0.0	0.0	0.0	
Emberiza sp.	0.0	0.0	0.0	0.0	0.0	0.0	0.0	0.0	0.0	0.0	0.0	0.0	0.0	0.0	0.0	0.0	0.0	0.0	0.0	0.0	0.0	0.0	0.0	0.0047393	0.0035088	0.0	0.0	0.0	0.0	0.0	0.0	0.0	0.0	0.0	0.0	0.0042373	0.0	0.0	0.0	0.0	0.0	0.0	0.0	0.0	0.0	0.0	0.0	0.0	
passereau sp.	0.0	0.0	0.0	0.0	0.0	0.0	0.0	0.0	0.0	0.0098039	0.0	0.0075758	0.0	0.0	0.0	0.0	0.0	0.0	0.0095694	0.0063694	0.0	0.0	0.0	0.0	0.0	0.0058997	0.0026596	0.0034014	0.0	0.0	0.0	0.0	0.0046512	0.0205128	0.0288066	0.0015	0.0	0.0	0.0	0.0	0.0	0.0	0.0	0.0	0.0	0.0	0.0	0.009434	
oiseau sp.	0.0	0.0	0.0	0.0	0.0	0.0	0.0	0.0	0.0	0.0	0.0	0.0	0.0	0.0	0.0	0.0	0.0	0.0	0.0	0.0	0.0	0.0	0.0	0.0023697	0.0	0.0	0.0	0.0	0.0	0.0	0.0	0.0	0.0186047	0.0	0.0	0.0	0.0	0.0	0.0	0.0	0.0	0.0	0.0	0.0	0.0	0.0	0.0	0.0	

