









Frequency of observations in the selected location(s).:
Number of taxa: 	529

	Jan				Feb				Mar				Apr				May				Jun				Jul				Aug				Sep				Oct				Nov				Dec				
Sample Size:	1803.0	1251.0	2458.0	1789.0	1279.0	1243.0	1390.0	1375.0	1220.0	1329.0	1588.0	2270.0	1933.0	1690.0	1613.0	1992.0	1619.0	1503.0	1369.0	1879.0	1159.0	1183.0	1027.0	1389.0	1080.0	1109.0	1108.0	1633.0	1123.0	1285.0	1346.0	1615.0	1141.0	1171.0	1032.0	1276.0	1036.0	1252.0	1096.0	1442.0	1223.0	1083.0	991.0	1180.0	1000.0	1026.0	842.0	1697.0	

Oie à tête barrée	0.0	0.0	0.0	0.0	0.0	0.0	0.0	0.0	8.197E-4	0.0	0.0	0.0	0.0	0.0	0.0	0.001506	0.0	0.0	0.0	0.0	0.0	0.0	0.0	0.0	0.0	0.0015	9.025E-4	0.0	0.0	0.0	0.0	0.0	0.0	0.0	0.0	0.0	0.0	0.0	0.0	0.0	0.0	0.0	0.0	0.0	0.0	0.0	0.0	0.0	
Oie cendrée	0.0582363	0.0551559	0.0207486	0.0491895	0.0461298	0.0643604	0.0532374	0.0734545	0.0418033	0.0579383	0.0428212	0.0431718	0.0413864	0.0544379	0.0471172	0.0376506	0.0333539	0.0266134	0.0343316	0.0175625	0.0353753	0.0278952	0.0399221	0.0475162	0.05	0.0405771	0.0361011	0.0404164	0.0373998	0.0396887	0.0601783	0.0563467	0.0464505	0.0623399	0.0348837	0.049373	0.0540541	0.0527157	0.0520073	0.0596394	0.0842191	0.0831025	0.0787084	0.0669492	0.062	0.0672515	0.0570071	0.0589275	
Oie cygnoïde	0.0027732	0.0023981	0.0012205	0.0050307	0.0039093	0.003218	0.0014388	0.0029091	0.0057377	0.0022573	6.297E-4	0.0039648	0.0020693	0.0017751	0.0018599	0.003012	0.001853	0.003992	0.0043828	0.0021288	0.0025884	0.0050719	0.0019474	0.0050396	0.0027778	0.0027051	0.0036101	0.0036742	0.0017809	0.0031128	0.0037147	0.0024768	0.0043821	0.0042699	0.0	0.0023511	9.653E-4	0.0015974	9.124E-4	6.935E-4	0.0016353	0.0055402	0.0070636	0.0050847	0.007	0.0019493	0.0106888	0.0053035	
Oie rieuse	0.0	0.0	0.0	0.0	0.0	0.0	0.0	0.0	0.0	0.0	0.0	0.0	0.0	0.0	0.0030998	0.0	0.0	0.0	0.0	0.0	0.0	0.0	0.0	0.0	0.0	0.0	0.0	0.0	0.0	0.0	0.0	0.0	0.0	0.0	0.0	0.0	0.0	0.0	0.0	0.0	8.177E-4	0.0	0.0010091	0.0	0.0	0.0	0.0011876	0.0017678	
Oie à bec court	0.0	0.0	0.0	0.0	0.0	0.0	0.0	0.0	0.0	0.0	0.0	0.0	0.0	5.917E-4	0.0074396	0.001004	0.0030883	0.0	7.305E-4	0.0	0.0	0.0	0.0	0.0	0.0	0.0	0.0	0.0	0.0	0.0	0.0	0.0	0.0	0.0	0.0	7.837E-4	0.0028958	0.0047923	0.0	0.0	0.0	0.0	0.0010091	8.475E-4	0.0	0.0	0.0	0.0	
Anser sp. (forme domestique)	0.0	0.0	4.068E-4	0.0	0.0	0.0	7.194E-4	0.0	0.0	0.0	0.0	0.0	0.0	0.0	0.0	0.0	0.0	0.0	7.305E-4	0.0010644	0.0	0.0	0.0	0.0	0.0	0.0	0.0	0.0	0.0	0.0	0.0	0.0	0.0	0.0	0.0	0.0	0.0	0.0	9.124E-4	0.0	0.0	0.0	0.0	0.0016949	0.0	0.0	0.0	0.0	
Anser sp.	0.0	0.0	0.0	0.0	0.0015	0.0	0.0	0.0	0.0	0.0	0.0015	0.0	0.0015	0.0	0.0	0.0	0.0	0.0	0.0	0.0	0.0	0.0	0.0	0.0	0.0	0.0	0.0	0.0	0.0	0.0	0.0	0.0	0.0	0.0	0.0	0.0	0.0	0.0	0.0	0.0	0.0	0.0	0.0	0.0015	0.0	0.0	0.0	0.0	
Bernache cravant	0.0094287	0.0055955	0.0056957	0.0022359	0.0062549	0.006436	0.0079137	0.0014545	0.002459	0.0	6.297E-4	0.0	5.173E-4	0.0	0.0012399	0.0	0.0	6.653E-4	7.305E-4	0.0015966	0.0043141	0.0	0.0	0.0	0.0	0.0	0.0	6.124E-4	0.0	0.0	0.0	0.0	0.0	0.0	0.0	0.0015	0.0019305	0.0047923	0.0018248	0.0062413	0.0040883	0.0055402	0.0070636	0.0127119	0.014	0.0097466	0.0047506	0.0035357	
Bernache nonnette	0.0	0.0	0.0	0.0011179	0.0	8.045E-4	7.194E-4	0.0	8.197E-4	0.0	0.0	0.0030837	0.0010347	5.917E-4	0.0	0.0015	0.001853	0.0	7.305E-4	0.0021288	0.0025884	0.0050719	9.737E-4	0.0	0.0	0.0015	0.0	0.0	0.0	0.0	0.0	0.0	0.0	0.0	0.0	0.0	0.0	0.0	0.004562	0.0124827	0.0114473	0.0018467	0.0020182	8.475E-4	0.001	0.0	0.0	5.893E-4	
Hybride Oie cendrée x Bernache nonnette	0.0	0.0	0.0	0.0	0.0	0.0	0.0	0.0	0.0	0.0	0.0	0.0	0.0	0.0	0.0	0.0	0.0	0.0	0.0	0.0	0.0	0.0	0.0	0.0	0.0	0.0015	9.025E-4	0.0	0.0	0.0	0.0	0.0	0.0	0.0	0.0	0.0	0.0	0.0	0.0	0.0	0.0	0.0	0.0	0.0	0.0	0.0	0.0	0.0	
Bernache du Canada	0.0	0.0	0.0	0.0	0.0	0.0	0.0	0.0	0.0	0.0052671	6.297E-4	0.0	0.0	0.0	0.0	0.0	0.0	0.0	0.0	0.0	0.0	0.0	0.0	0.0	0.0	0.0	0.0	0.0	0.0	0.0	0.0	0.0	0.0	0.0	0.0015	0.0	0.0	0.0	0.0	0.0	0.0	0.0	0.0	0.0	0.0	0.0	0.0	0.0	
Hybride Bernache nonnette x B. du Canada	0.0	0.0	0.0	0.0	0.0	0.0	0.0	0.0	0.0	0.0	0.0	0.0	0.0	0.0	0.0	0.0	0.0	0.0	0.0	0.0	0.0	0.0	0.0	0.0	0.0	0.0	0.0	6.124E-4	0.0	0.0	0.0	0.0	0.0	0.0	0.0	0.0	0.0	0.0	0.0	0.0	0.0	0.0	0.0	0.0	0.0	0.0	0.0	0.0	
bernache sp.	0.0	0.0	0.0	0.0	0.0	0.0	0.0	0.0	0.0	0.0	0.0	0.0	0.0	0.0	0.0	0.0	0.0	0.0	0.0	0.0	0.0	0.0	0.0	0.0	0.0	0.0	9.025E-4	0.0	0.0	0.0	0.0	0.0	0.0	0.0	0.0	0.0	0.0	0.0	0.0	0.0	0.0	0.0	0.0	0.0	0.0	0.0	0.0	0.0	
Cygne tuberculé	0.0793123	0.0527578	0.0301058	0.0681945	0.0727131	0.0836685	0.0697842	0.0850909	0.0991803	0.0880361	0.081864	0.0907489	0.0832902	0.0733728	0.0781153	0.0742972	0.0778258	0.0678643	0.0796202	0.0862161	0.0871441	0.0743872	0.0817916	0.0907127	0.075	0.0784491	0.0866426	0.0808328	0.1032947	0.1058366	0.0958395	0.0693498	0.0683611	0.0623399	0.0755814	0.0501567	0.0569498	0.0543131	0.0428832	0.038835	0.050695	0.0360111	0.0443996	0.0466102	0.067	0.0682261	0.0475059	0.0542133	
Cygne noir	0.0066556	7.994E-4	0.0032547	0.0050307	0.0031274	0.001609	0.0014388	0.0029091	0.002459	0.0022573	0.0012594	4.405E-4	0.001552	0.0035503	0.0012399	5.02E-4	0.0015	0.0013307	0.0021914	0.0031932	0.0112166	8.453E-4	0.0015	7.199E-4	0.0018519	0.0	0.0	6.124E-4	0.0026714	7.782E-4	0.0014859	6.192E-4	0.0017528	0.0017079	9.69E-4	7.837E-4	9.653E-4	0.0015974	0.0036496	0.0027739	0.0016353	0.0036934	0.0030272	0.0025424	0.006	0.0048733	0.0071259	0.0035357	
Cygne chanteur	0.0055463	0.0079936	0.004882	0.0067077	0.0039093	8.045E-4	0.0021583	7.273E-4	0.0016393	0.0015	0.0025189	4.405E-4	5.173E-4	0.0011834	0.0012399	0.0	0.0	0.0	0.0	0.0	0.0	0.0	0.0	0.0	0.0	0.0	0.0	0.0	0.0	0.0	0.0	0.0	0.0	0.0	0.0	0.0	0.0	0.0	0.0	0.0048544	0.0155356	0.0073869	0.0100908	0.0135593	0.012	0.005848	0.0023753	0.0029464	
cygne sp.	0.0	0.0	0.0	0.0	0.0	0.0	0.0	0.0	0.0	0.0015049	0.0	0.0	0.0	5.917E-4	0.0	5.02E-4	6.177E-4	0.0	0.0	0.0	0.0	0.0	0.0	0.0	0.0	0.0	0.0	6.124E-4	0.0	0.0	0.0	0.0	0.0	0.0	0.0	7.837E-4	9.653E-4	0.0	0.0	0.0	0.0	0.0	0.0	0.0	0.0	9.747E-4	0.0011876	5.893E-4	
Ouette d'Égypte	0.0033278	0.0039968	0.0077299	0.0089435	0.005473	0.0024135	0.0035971	0.0029091	0.0032787	0.0037622	6.297E-4	0.0017621	0.0010347	0.0	0.0018599	0.001004	0.0	0.0015	0.0	0.0015966	0.0	0.0025359	9.737E-4	0.0	0.0	0.0	0.0	0.0	0.0	0.0	7.429E-4	0.0018576	8.764E-4	0.0	0.001938	0.0023511	9.653E-4	7.987E-4	0.0027372	0.001387	0.0016353	9.234E-4	0.0020182	8.475E-4	0.0	0.0097466	0.0035629	0.0053035	
Tadorne casarca	0.0	7.994E-4	0.0	0.0	0.0015	0.0072405	0.0064748	0.0058182	0.002459	0.0022573	0.0012594	0.0013216	0.001552	0.0	0.0012399	0.0	6.177E-4	6.653E-4	0.0	0.0	0.0	8.453E-4	0.0019474	0.0028798	9.259E-4	9.017E-4	0.0027076	0.0036742	8.905E-4	0.0023346	0.0066865	0.0043344	8.764E-4	8.54E-4	0.001938	0.0039185	9.653E-4	0.0	9.124E-4	0.0	0.0032706	9.234E-4	0.0010091	8.475E-4	0.001	0.0	0.0	5.893E-4	
Tadorne de Belon	0.0194121	0.011191	0.0044752	0.0050307	0.0109461	0.0112631	0.0079137	0.0021818	0.002459	0.0	6.297E-4	0.0048458	0.0082773	0.0071006	0.0142591	0.0070281	0.005559	0.001996	0.0043828	0.0058542	0.0017256	0.0	0.0	0.0035997	0.0157407	0.0261497	0.032491	0.0422535	0.0391808	0.033463	0.038633	0.0210526	0.0131464	0.0341588	0.0145349	0.0086207	0.007722	0.0079872	0.0036496	0.0020804	0.007359	0.0221607	0.0353179	0.0330508	0.007	0.0077973	0.0190024	0.0147319	
Canard musqué	0.0094287	0.0183853	0.009764	0.0106205	0.0172009	0.0128721	0.0143885	0.0152727	0.0090164	0.0105342	0.0062972	0.0052863	0.0041386	0.004142	0.0037198	0.0050201	0.0086473	0.001996	0.0036523	0.0063864	0.0094909	0.0050719	0.0087634	0.0043197	0.0083333	0.0099188	0.0063177	0.0097979	0.0106857	0.0124514	0.0148588	0.0123839	0.0070114	0.0076857	0.003876	0.0148903	0.0086873	0.0159744	0.0109489	0.0104022	0.0155356	0.0184672	0.0181635	0.020339	0.004	0.0136452	0.0308789	0.0194461	
Canard à collier noir	0.0	0.0	0.0	0.0	0.0	0.0	0.0	0.0	0.0	0.0	0.0	0.0	0.0	0.0	0.0	0.001004	0.0	0.0	0.0	0.0010644	0.0	0.0016906	0.0	0.0	9.259E-4	0.0018034	9.025E-4	6.124E-4	0.0017809	0.0	0.0	0.0	0.0	0.0	0.0	0.0	0.0	0.0	0.0	0.0	0.0	0.0	0.0010091	8.475E-4	0.0	0.0	0.0	0.0	
Canard carolin	0.0061009	0.0015987	0.002441	5.59E-4	0.0062549	0.006436	0.0043165	0.0014545	0.0016393	0.0030098	0.0012594	0.0017621	0.0010347	0.0011834	0.0012399	0.002008	6.177E-4	6.653E-4	0.0	0.0	0.0015	8.453E-4	0.0015	0.0	0.0	0.0	0.0	0.0018371	8.905E-4	7.782E-4	7.429E-4	0.0012384	0.0017528	8.54E-4	0.0	0.0015674	0.0019305	0.0	0.0018248	6.935E-4	8.177E-4	0.0	0.0	0.0067797	0.004	0.002924	0.0035629	5.893E-4	
Canard mandarin	0.004437	0.0031974	0.002441	5.59E-4	0.0015	0.0	0.0	0.0	0.0016393	0.0015049	0.0	0.0	0.0	0.0	0.0012399	0.0	6.177E-4	0.0	0.0	0.0015	0.0	8.453E-4	9.737E-4	0.0	0.0	0.0	0.0	0.0	0.0	0.0	7.429E-4	0.0	0.0	8.54E-4	0.001938	7.837E-4	9.653E-4	7.987E-4	9.124E-4	0.0015	8.177E-4	0.0055402	0.0020182	0.0050847	0.007	0.0038986	0.0071259	0.0017678	
Canard amazonette	0.0022185	0.0015987	8.137E-4	0.0016769	0.0015	8.045E-4	7.194E-4	0.0015	0.0016393	0.0022573	0.0012594	0.0035242	0.0020693	0.0	0.0012399	5.02E-4	0.001853	6.653E-4	0.0015	0.0	0.0	0.0	0.0	0.0	0.0018519	0.0018034	0.0	0.0	8.905E-4	7.782E-4	0.0022288	6.192E-4	8.764E-4	0.0	9.69E-4	0.0015674	0.0	0.0015	9.124E-4	6.935E-4	8.177E-4	9.234E-4	0.0	0.0033898	0.0015	9.747E-4	0.0011876	0.0017678	
Sarcelle d'été	0.0	0.0	0.0	0.0	0.0	0.0	0.0	0.0021818	0.0	0.0165538	0.0314861	0.0303965	0.0263839	0.0260355	0.017359	0.0055221	0.0030883	0.0026613	0.0	5.322E-4	0.0	8.453E-4	0.0	7.199E-4	0.0	9.017E-4	0.0	0.0018371	0.0017809	0.0077821	0.0059435	0.0037152	0.0	0.0034159	9.69E-4	0.0	0.0019305	7.987E-4	9.124E-4	0.0	0.0	0.0	0.0	0.0	0.0	0.0	0.0	0.0	
Canard souchet	0.1297837	0.1215028	0.0577705	0.1196199	0.1258796	0.1319389	0.1165468	0.1432727	0.107377	0.1309255	0.1164987	0.1189427	0.0874289	0.0828402	0.0768754	0.0401606	0.0302656	0.0192947	0.0233747	0.0090474	0.0120794	0.0042265	0.0126582	0.0086393	0.0101852	0.0216411	0.0234657	0.0293938	0.0516474	0.0529183	0.0653789	0.0749226	0.0832603	0.1093083	0.1036822	0.119906	0.1283784	0.1086262	0.1131387	0.1373093	0.1537204	0.1477378	0.1553986	0.1381356	0.131	0.1471735	0.1365796	0.1208014	
Canard chipeau	0.1691625	0.1534772	0.0711961	0.1553941	0.1587177	0.159292	0.1561151	0.16	0.1418033	0.1527464	0.1353904	0.1568282	0.1551992	0.1491124	0.1549907	0.1315261	0.1408277	0.1330672	0.1490139	0.1468866	0.1251079	0.1132713	0.1304771	0.1447084	0.1305556	0.1325518	0.1543321	0.1763625	0.2092609	0.2116732	0.2102526	0.1876161	0.1945662	0.2100769	0.1967054	0.1716301	0.1747104	0.163738	0.1569343	0.1553398	0.1717089	0.1514312	0.1402624	0.15	0.16	0.1832359	0.1769596	0.1649971	
Canard siffleur	0.0565724	0.0551559	0.0317331	0.0536613	0.0539484	0.0386163	0.047482	0.0370909	0.0459016	0.0391272	0.0352645	0.0220264	0.0181066	0.0201183	0.0130192	0.0175703	0.0160593	0.0199601	0.0160701	0.0149015	0.0181191	0.0143702	0.0185005	0.0136789	0.0166667	0.0198377	0.0126354	0.0202082	0.0249332	0.0194553	0.0170877	0.0260062	0.0271691	0.0358668	0.0562016	0.065047	0.0936293	0.0822684	0.0903285	0.0887656	0.10139	0.0978763	0.0898083	0.0957627	0.083	0.0750487	0.0855107	0.0606953	
Hybride Canard chipeau x C. siffleur	0.0	0.0	0.0	0.0	7.819E-4	0.0	0.0	0.0	0.0	0.0	0.0	0.0	0.0	0.0	0.0	0.0	0.0	0.0	0.0	0.0	0.0	0.0	0.0	0.0	0.0	0.0	0.0	0.0	0.0	0.0	0.0	0.0	0.0	0.0	0.0	0.0	0.0	0.0	0.0	0.0	0.0	0.0	0.0	0.0	0.0	0.0	0.0	0.0	
Canard de Chiloé	0.0	0.0	0.0	0.0	0.0	0.0	0.0	0.0	0.0	0.0	0.0	0.0	0.0	0.0	0.0	0.0	0.0	0.0	0.0	0.0	0.0	0.0	0.0	0.0	0.0	0.0	0.0	0.0	0.0	0.0	7.429E-4	0.0	0.0	0.0	0.0	0.0	0.0	0.0	0.0	0.0	0.0	0.0	0.0	0.0	0.0	0.0	0.0	0.0	
Canard colvert	0.3533001	0.3956835	0.2200976	0.3868083	0.4073495	0.3724859	0.376259	0.4065455	0.4040984	0.434161	0.3904282	0.3982379	0.3610967	0.3786982	0.3738376	0.3845382	0.3835701	0.3819029	0.3791088	0.3485897	0.3166523	0.2755706	0.3037975	0.2980562	0.2824074	0.2605951	0.282491	0.3276179	0.3544078	0.3299611	0.3647845	0.3764706	0.3567046	0.3697694	0.3546512	0.3471787	0.3513514	0.3266773	0.354927	0.3557559	0.3442355	0.3582641	0.3400605	0.3889831	0.379	0.4044834	0.4228029	0.3541544	
Hybride Canard musqué x C. colvert	5.546E-4	7.994E-4	4.068E-4	0.0	0.0	0.0	0.0	0.0	0.0	0.0	6.297E-4	0.0	0.0	0.0	0.0	0.0	6.177E-4	0.0	0.0	0.0015	8.628E-4	0.0	0.0	0.0	0.0	0.0	0.0	0.0	0.0	0.0	0.0	0.0	0.0	0.0	0.0	0.0	9.653E-4	0.0	9.124E-4	0.001387	0.0	0.0	0.0	0.0	0.0	0.0	0.0	0.0	
Hybride Canard chipeau x C. colvert	0.0	0.0	0.0	0.0	0.0	0.0	0.0	0.0	0.0	0.0	0.0	0.0	0.0	0.0	0.0	0.0	0.0	0.0	0.0	0.0	0.0	0.0	0.0	0.0	0.0	0.0	0.0	0.0	0.0	0.0	0.0	0.0	0.0	0.0	0.0	0.0	0.0	0.0	0.0	0.0	0.0	0.0	0.0	0.0	0.0	0.0	0.0011876	0.0	
Hybride Canard à bec jaune x C. colvert	0.0	0.0	0.0	0.0	0.0	0.0	0.0	0.0	0.0	0.0	0.0	0.0	0.0	0.0	0.0	0.0	0.0	0.0	0.0	0.0	0.0	0.0	0.0	0.0	0.0	0.0	0.0	0.0	0.0	0.0	7.429E-4	0.0	0.0	0.0	0.0	0.0	0.0	0.0	0.0	0.0	0.0	0.0	0.0	0.0	0.0	0.0	0.0	0.0	
Canard des Bahamas	0.0	0.0	0.0	0.0	7.819E-4	0.0	0.0	0.0	0.0	0.0	0.0	0.0	0.0	0.0	0.0	0.0	0.0	0.0	0.0	0.0	0.0	0.0	0.0	0.0	0.0	0.0	0.0	0.0	0.0	0.0	0.0	0.0	0.0	0.0	0.0	0.0	0.0	0.0	0.0	0.0	0.0	0.0	0.0	0.0	0.0	0.0	0.0	0.0	
Canard pilet	0.0660011	0.077538	0.037022	0.0743432	0.084441	0.0659694	0.071223	0.0814545	0.0762295	0.0812641	0.0654912	0.0660793	0.0486291	0.0532544	0.0378177	0.0271084	0.011118	0.0046574	0.0021914	0.0010644	8.628E-4	0.0	0.0	0.0	0.0	9.017E-4	0.0018051	6.124E-4	8.905E-4	0.0015564	0.0014859	0.0037152	0.0078878	0.0196413	0.0251938	0.0415361	0.0637066	0.0591054	0.0875912	0.0894591	0.1152903	0.0904894	0.0978809	0.0991525	0.084	0.0818713	0.0950119	0.0654095	
Sarcelle d'hiver	0.1491958	0.1398881	0.0736371	0.1525992	0.1508991	0.1520515	0.1417266	0.1549091	0.1418033	0.145222	0.1183879	0.1343612	0.1055354	0.1023669	0.0880347	0.0496988	0.020383	0.0166334	0.0138787	0.007983	0.0069025	0.010989	0.0107108	0.0165587	0.0351852	0.037872	0.0388087	0.049602	0.0712378	0.0785992	0.1210996	0.1232198	0.1191937	0.1537148	0.1453488	0.1332288	0.1389961	0.1429712	0.1423358	0.1359223	0.1537204	0.1421976	0.148335	0.1525424	0.147	0.1384016	0.1615202	0.1325869	
Hybride Canard colvert x Sarcelle d'hiver	0.0	0.0	0.0	0.0	0.0	0.0	0.0	0.0	0.0	0.0	0.0	0.0	0.0	0.0	0.0	0.001506	6.177E-4	0.0	0.0	0.0	0.0	0.0	0.0	0.0	0.0	0.0	0.0	0.0	0.0	0.0	0.0	0.0	0.0	0.0	0.0	0.0	0.0	0.0	0.0	0.0	0.0	0.0	0.0	0.0	0.0	0.0	0.0	0.0	
Anas sp.	0.0	0.0	0.0	0.0	0.0	8.045E-4	0.0	0.0	0.0	0.0	0.0	0.0	0.0	0.0	0.0	0.0	0.0	0.0	0.0	0.0	0.0015	0.0	0.0	0.0	0.0	0.0	0.0	0.0	0.0	0.0	0.0	0.0	0.0	0.0	0.0	7.837E-4	0.0	0.0	9.124E-4	0.0	0.0	0.0	0.0	0.0	0.0	0.0	0.0	0.0	
sarcelle sp.	0.0	0.0	0.0	0.0	0.0	0.0	0.0	0.0	0.0	0.0	0.0	0.0	0.0	0.0	0.0	0.0	0.0	0.0	0.0	0.0	0.0015	0.0	0.0	0.0	0.0	0.0	0.0	0.0	0.0	0.0	0.0	6.192E-4	0.0	0.0	0.0	0.0	0.0	0.0	0.0	0.0	0.0	0.0	0.0	0.0	0.0	0.0	0.0	0.0	
anatidé sp. (canard barboteur sp.)	0.0022185	7.994E-4	0.0012205	0.0011179	7.819E-4	0.0024135	0.0021583	7.273E-4	8.197E-4	0.0	6.297E-4	4.405E-4	0.001552	0.0	6.2E-4	0.0	6.177E-4	6.653E-4	7.305E-4	5.322E-4	0.0	0.0	0.0	7.199E-4	0.0	9.017E-4	0.0	0.0012247	0.0017809	7.782E-4	0.0029718	0.0043344	0.0035057	0.0017079	0.001938	0.0039185	0.0057915	0.0039936	0.0063869	0.0069348	0.0114473	0.0064635	0.0070636	0.0025424	0.005	9.747E-4	0.0	0.0015	
Nette rousse	0.0083195	0.0175859	0.007323	0.0089435	0.0078186	0.0040225	0.0057554	0.0116364	0.0040984	0.0060196	0.0062972	0.0061674	0.006208	0.0076923	0.0074396	0.0085341	0.0117356	0.0066534	0.0138787	0.0042576	0.0069025	0.0076078	0.0126582	0.0165587	0.0101852	0.0090171	0.0090253	0.0134721	0.0160285	0.0085603	0.0170877	0.0148607	0.0192813	0.029035	0.0125969	0.0188088	0.019305	0.0175719	0.0091241	0.0104022	0.0122649	0.010157	0.0050454	0.009322	0.008	0.005848	0.0023753	0.0023571	
Hybride Canard colvert x Nette rousse	0.0	0.0	0.0	0.0	0.0	0.0	0.0	0.0015	0.0	7.524E-4	0.0	0.0	0.0015	5.917E-4	0.0	0.0015	0.0	0.0	0.0	0.0	0.0	0.0	0.0	0.0	0.0	0.0	0.0	0.0	0.0	0.0	0.0	0.0	0.0	0.0	9.69E-4	0.0	0.0	0.0	0.0	0.0	0.0	0.0	0.0	0.0	0.0	0.0	0.0011876	5.893E-4	
Fuligule milouin	0.1491958	0.1398881	0.0683483	0.1347121	0.1321345	0.152856	0.1345324	0.1498182	0.1311475	0.1482318	0.1347607	0.1409692	0.12985	0.1349112	0.1357719	0.122992	0.130945	0.1317365	0.1300219	0.1202767	0.1302847	0.101437	0.1187926	0.1238301	0.1388889	0.1307484	0.1272563	0.1500306	0.1718611	0.1533074	0.1575037	0.1374613	0.1209465	0.1263877	0.126938	0.1105016	0.1389961	0.1285942	0.1058394	0.1192788	0.1291905	0.1283472	0.1261352	0.1525424	0.156	0.1842105	0.1864608	0.1396582	
Hybride Nette rousse x Fuligule milouin	0.0	0.0	0.0	5.59E-4	0.0	0.0	0.0	0.0	0.0	0.0	0.0	0.0	0.0	0.0	0.0	0.0	0.0	0.0	0.0	0.0	0.0	0.0	0.0	0.0	0.0	0.0	0.0	0.0	0.0	0.0	0.0	0.0	0.0	0.0	0.0	0.0	0.0	0.0	0.0	0.0	0.0	0.0	0.0	0.0	0.0	0.0	0.0	0.0	
Fuligule à bec cerclé	5.546E-4	0.0	0.0015	0.0061487	0.0031274	8.045E-4	7.194E-4	0.0029091	0.0	0.0	0.0018892	8.811E-4	5.173E-4	5.917E-4	0.0061996	0.001004	0.001853	0.0	7.305E-4	0.0	0.0	0.0	0.0	7.199E-4	0.0	0.0072137	0.0015	0.0	0.0	0.0	0.0	0.0	0.0	8.54E-4	0.0	0.0031348	0.0	7.987E-4	0.0	0.0048544	0.0098119	0.0064635	0.0030272	0.0025424	0.006	0.0068226	0.0083135	0.0011786	
Fuligule nyroca	0.0	0.0015987	0.0	0.0011179	0.0031274	0.0	7.194E-4	0.0	0.0	0.0	0.0	0.0	0.0	0.0	0.0	0.002008	6.177E-4	0.0015	0.0	0.0	0.0	8.453E-4	0.0015	0.0	0.0	0.0	0.0	0.0	8.905E-4	0.0	7.429E-4	0.0	8.764E-4	0.0	9.69E-4	7.837E-4	0.0	0.0015974	0.0	0.0	0.0016353	0.0	0.0010091	0.0025424	0.0	0.0	0.0023753	0.0	
Hybride Fuligule milouin x F. nyroca	0.0	7.994E-4	0.0	0.0011179	7.819E-4	0.001609	0.0	0.0	0.0	0.0	0.0	0.0	0.0	0.0	0.0	0.0	0.0	0.0	0.0	0.0	0.0	0.0	0.0	0.0	0.0	0.0	0.0	0.0	0.0	0.0	0.0	0.0	0.0	0.0	0.0	0.0015674	0.0	0.0	0.0	0.0	8.177E-4	0.0	0.0010091	0.0	0.0	0.0	0.0	0.0	
Fuligule morillon	0.0488075	0.0479616	0.0252238	0.0441587	0.0476935	0.0563154	0.0417266	0.0574545	0.0295082	0.0458992	0.0321159	0.0339207	0.0310398	0.0366864	0.0303782	0.0281124	0.0216183	0.0339321	0.0292184	0.0111762	0.0198447	0.0126796	0.0185005	0.025198	0.0240741	0.0207394	0.0099278	0.0324556	0.0240427	0.0264591	0.0371471	0.0278638	0.0236635	0.0461144	0.0222868	0.023511	0.0318533	0.0375399	0.0209854	0.0194175	0.0376124	0.0387812	0.0343088	0.0533898	0.049	0.0633528	0.0748219	0.0571597	
Hybride Fuligule milouin x F. morillon	0.0	0.0	0.0	0.0	0.0	0.0	0.0	0.0	0.0	0.0	0.0012594	0.0	0.0	0.0	6.2E-4	5.02E-4	0.0	6.653E-4	0.0	0.0	0.0	0.0	0.0	0.0	0.0	0.0	0.0	6.124E-4	0.0	0.0	0.0	0.0	0.0	0.0	0.0	0.0	0.0	0.0	0.0	0.0	0.0	0.0	0.0	0.0	0.0	0.0	0.0	0.0	
Fuligule milouinan	0.0194121	0.0159872	0.004882	0.0134153	0.0156372	0.0185036	0.0122302	0.0123636	0.0139344	0.0120391	0.0119647	0.007489	0.0108639	0.0142012	0.0099194	0.0045181	0.001853	0.0	0.0	0.0	0.0	0.0	0.0	0.0	0.0	0.0	0.0	0.0	0.0	7.782E-4	0.0	0.0012384	0.0	0.0	0.0	0.0	0.0	0.0	9.124E-4	0.0062413	0.0098119	0.0046168	0.0070636	0.0025424	0.005	0.0048733	0.0047506	0.006482	
Fuligule à tête noire	0.0	0.0	0.0	0.0050307	7.819E-4	0.0	0.0	0.0	0.0	0.0022573	0.0	0.0	0.0	0.0	0.0	0.0	0.0	0.0	0.0	0.0	0.0	0.0	0.0	0.0	0.0	0.0	0.0	0.0	0.0	0.0	0.0	0.0	0.0	0.0	0.0	0.0	0.0	0.0	0.0	6.935E-4	0.0	0.0	0.0	0.0	0.0	0.0116959	0.0118765	0.0029464	
fuligule sp.	0.0	0.0	0.0	0.0	0.0	0.0	0.0	0.0	0.0	0.0	0.0	0.0	0.0	0.0	0.0	0.0	0.0	0.0	0.0	5.322E-4	8.628E-4	0.0	0.0	0.0	0.0	0.0	0.0	0.0	0.0	0.0	0.0	0.0	0.0	0.0	0.0	0.0	0.0	0.0	0.0	0.0	0.0	0.0	0.0	0.0	0.0	0.0	0.0	0.0	
Eider à duvet	0.0	0.0	0.0	0.0	0.0	0.0	0.0	0.0	0.0	0.0	0.0	0.0	0.0	0.0	0.0	0.0	0.0	0.0	0.0	0.0021288	0.0	0.0	0.0	0.0	0.0	0.0	0.0	0.0	0.0	0.0	0.0	0.0	0.0	0.0	0.001938	0.0	0.0	7.987E-4	0.0	0.0	8.177E-4	0.0	0.0	0.0	0.001	0.0019493	0.0	0.0	
Macreuse à front blanc	0.0	0.0	0.0	0.0	0.0	0.0	0.0	0.0	0.0	0.0	0.0	0.0	0.0	0.0	0.0	0.0	0.0	0.0	0.0	0.0	0.0	0.0	0.0	0.0	0.0	0.0	0.0	0.0	0.0	0.0	0.0	0.0	0.0	0.0	0.0	0.0	0.0	0.0	0.0	0.0	0.0	0.0	0.0010091	0.0	0.0	0.0	0.0	0.0	
Macreuse brune	0.0011093	0.0023981	0.0	5.59E-4	0.0	8.045E-4	0.0	0.0	0.0	0.0	0.0	0.0	0.0	0.0	0.0	0.0	0.0	0.0	0.0	0.0	0.0	0.0	0.0	0.0	0.0	0.0	0.0	0.0	0.0	0.0	0.0	0.0	0.0	0.0	0.0	0.0	0.0	0.0	0.0	0.0	0.002453	0.0015	0.0010091	0.0	0.0	0.005848	0.0	5.893E-4	
Macreuse noire	0.004437	0.0095923	8.137E-4	0.0011179	0.0015637	8.045E-4	0.0	0.0	0.0016393	0.0	0.0	4.405E-4	0.0	0.0	6.2E-4	0.0	0.0061767	0.007984	0.0036523	0.0021288	0.0017256	0.0016906	0.0019474	0.0	0.0027778	0.0018034	9.025E-4	6.124E-4	0.0026714	0.0	0.0	6.192E-4	0.0052585	0.0051238	9.69E-4	0.0164577	0.0164093	0.0135783	0.0145985	0.0145631	0.0441537	0.0267775	0.0443996	0.0347458	0.021	0.0194932	0.0011876	0.0029464	
Harelde boréale	0.0	0.0	0.0	0.0	0.0	0.0	0.0	0.0	0.0	0.0	0.0	0.0	0.0	0.0	0.0	0.0	0.0	0.0	0.0	0.0	0.0	0.0	0.0048685	7.199E-4	0.0	0.0	0.0	0.0	0.0	0.0	0.0	0.0	0.0	0.0	0.0	0.0	0.0	0.0	0.0	0.0	0.0	0.0	0.0	0.0	0.0	0.0	0.0	0.0	
Garrot à oeil d'or	0.0055463	0.0023981	0.0036615	0.0027949	0.0031274	0.0056315	0.0028777	0.0029091	0.002459	0.0	0.0	0.0	0.0	0.0	0.0	0.0	0.0	0.0	0.0	0.0	0.0	0.0	0.0	0.0	0.0	0.0	0.0	0.0	0.0	0.0	0.0	0.0	0.0	0.0	0.0	0.0	0.0	0.0	0.0	0.0	0.0	0.0	0.0	0.0118644	0.009	9.747E-4	0.0106888	0.0017678	
Harle piette	0.0	0.0143885	0.0028478	0.0015	0.0	0.0	0.0	0.0	0.0	0.0	0.0	0.0	0.0	0.0	0.0	0.0	0.0	0.0	0.0	0.0	0.0	0.0	0.0	0.0	0.0	0.0	0.0	0.0	0.0	0.0	0.0	0.0	0.0	0.0	0.0	0.0	0.0	0.0	0.0	0.0	0.0	0.0	0.0	0.0	0.0	0.0	0.0	0.0	
Harle bièvre	0.0	0.0	0.0	0.0	0.0	0.0	0.0	0.0	0.0	0.0	0.0	0.0	0.0	0.0	0.0	0.0	0.0	0.0	0.0	0.0	0.0	0.0	0.0	0.0	0.0	0.0	0.0	0.0	0.0	0.0	0.0	0.0	0.0	0.0	0.0	0.0	0.0	0.0	0.0	0.0	0.0	0.0	0.0	0.0	0.0	9.747E-4	0.0	0.0023571	
Harle huppé	0.0049917	0.0015	0.0040683	0.0083846	0.0039093	0.003218	0.0035971	0.0021818	0.002459	0.0015049	0.0	4.405E-4	5.173E-4	0.0011834	6.2E-4	5.02E-4	0.0	0.0	0.0	0.0	0.0	0.0	0.0	0.0	0.0	0.0	0.0	0.0	0.0	0.0	0.0	0.0	0.0	0.0	0.0	0.0	0.0	7.987E-4	0.0	0.0	8.177E-4	9.234E-4	0.0050454	0.0169492	0.002	0.002924	0.0059382	0.0041249	
anatidé sp. (canard sp.)	0.0016639	0.0047962	0.0016273	0.0027949	0.0031274	0.004827	0.0035971	0.0	0.0032787	0.0015049	6.297E-4	0.0013216	0.001552	5.917E-4	0.0018599	0.0	6.177E-4	0.0013307	0.0	0.0021288	8.628E-4	8.453E-4	9.737E-4	0.0021598	9.259E-4	9.017E-4	0.0	0.0012247	0.0	0.0015564	0.0037147	0.0024768	0.0017528	0.0034159	0.004845	0.0039185	0.0067568	0.0015974	0.0072993	0.0027739	0.0040883	0.0036934	0.0020182	0.0059322	0.005	0.0	0.0023753	0.0011786	
Colin de Californie	0.0	0.0	0.0	0.0	0.0	0.0	0.0	0.0	0.0	0.0	0.0	0.0	0.0	0.0	0.0	0.0	0.0	0.0	0.0	0.0	0.0	0.0	0.0	0.0	9.259E-4	0.0	0.0	0.0	0.0	0.0	0.0	0.0	0.0	0.0	0.0	0.0	0.0	0.0	0.0	0.0	0.0	0.0	0.0	0.0	0.0	0.0	0.0	0.0	
Faisan de Colchide	5.546E-4	0.0	4.068E-4	0.0	7.819E-4	8.045E-4	0.0015	0.0	0.0	7.524E-4	0.0	8.811E-4	5.173E-4	0.0017751	0.0018599	5.02E-4	0.0	0.0	7.305E-4	0.0010644	0.0015	0.0	0.0	0.0015	0.0018519	0.0	0.0015	0.0015	0.0	0.0	0.0	6.192E-4	0.0	0.0015	0.0	7.837E-4	9.653E-4	7.987E-4	9.124E-4	0.0	0.0015	0.0018467	0.0010091	0.0015	0.001	9.747E-4	0.0	5.893E-4	
Faisan de Colchide ou F. versicolore	0.0	0.0	0.0	0.0	0.0	0.0	0.0	0.0	0.0	0.0	0.0	0.0	0.0	0.0	0.0	0.0	0.0	0.0	0.0	0.0	0.0	0.0	0.0	0.0	0.0	0.0	0.0	0.0	0.0	0.0	0.0	0.0	0.0	0.0	0.0	0.0	0.0	0.0	0.0	0.0	0.0	0.0015	0.0	0.0	0.0	0.0	0.0	0.0	
Paon bleu	5.546E-4	0.0015987	0.0	0.0011179	7.819E-4	8.045E-4	7.194E-4	7.273E-4	0.0	0.0	0.0012594	4.405E-4	5.173E-4	5.917E-4	6.2E-4	0.002008	6.177E-4	6.653E-4	7.305E-4	0.0015966	0.0017256	0.0033812	0.0038948	0.0028798	0.0018519	0.0018034	9.025E-4	6.124E-4	0.0	0.0015564	0.0022288	0.0018576	8.764E-4	0.0	9.69E-4	0.0	0.0	0.0	0.0	0.0	8.177E-4	0.0	0.0	8.475E-4	0.0	9.747E-4	0.0	0.0	
Caille des blés	0.0	0.0	4.068E-4	0.0	0.0	0.0	0.0	7.273E-4	0.0	0.0	0.0	0.0013216	0.0025867	0.0017751	6.2E-4	0.003012	0.009265	0.0133067	0.0299489	0.0351251	0.0327869	0.0262046	0.0408958	0.0280778	0.0305556	0.0180343	0.0126354	0.0183711	0.015138	0.0031128	0.0081724	0.0024768	0.0026293	0.0025619	0.002907	0.0	9.653E-4	0.0023962	9.124E-4	6.935E-4	0.0	9.234E-4	0.0	0.0	0.0	0.0	0.0	0.0	
Caille du Japon	0.0	0.0	0.0	0.0	0.0	0.0	0.0	0.0	0.0	0.0	0.0	0.0	0.0	0.0	0.0	0.0	0.0	0.0	0.0	0.0	0.0	0.0	0.0	0.0	0.0	0.0	0.0	0.0	0.0	0.0	0.0	0.0	0.0	0.0	0.0	0.0	0.0	0.0	0.0015	0.0	0.0	0.0	0.0	0.0	0.0	0.0	0.0	0.0	
Perdrix rouge	0.0015	0.0023981	4.068E-4	0.0022359	0.0046912	0.004827	0.0035971	0.0050909	0.0040984	0.0060196	0.0056675	0.0061674	0.0036213	0.0053254	0.0086795	0.0095382	0.0061767	0.0073187	0.0102264	0.0101118	0.0086281	0.0076078	0.0087634	0.0079194	0.0055556	0.0027051	0.0081227	0.0012247	0.0017809	0.0	0.0029718	6.192E-4	0.0043821	0.0025619	0.001938	7.837E-4	0.0	0.0047923	0.0027372	0.001387	0.0	0.0	0.0060545	0.0025424	0.001	9.747E-4	0.0023753	0.0011786	
Pigeon biset	0.2396007	0.2110312	0.1297803	0.234768	0.2173573	0.1938858	0.2172662	0.2509091	0.2139344	0.1941309	0.2191436	0.1911894	0.2007243	0.216568	0.2219467	0.186245	0.1735639	0.1902861	0.1796932	0.1788185	0.2088007	0.1935757	0.1869523	0.1778258	0.1805556	0.1920649	0.1931408	0.1959584	0.2065895	0.2062257	0.1946508	0.1857585	0.190184	0.1665243	0.2131783	0.1826019	0.1776062	0.1685304	0.1906934	0.2066574	0.1896975	0.1865189	0.2189707	0.2	0.183	0.2183236	0.2007126	0.2439599	
Pigeon colombin	0.0	7.994E-4	8.137E-4	0.0	0.0	0.0024135	0.0079137	0.0087273	0.0155738	0.0142965	0.0170025	0.0070485	0.0036213	0.0035503	0.0030998	0.001506	0.0012353	0.0013307	0.0	0.0015966	0.0025884	8.453E-4	0.0019474	7.199E-4	9.259E-4	0.0018034	0.0027076	0.0012247	8.905E-4	7.782E-4	0.0029718	6.192E-4	0.0043821	0.0068318	0.0077519	0.0070533	0.015444	0.0239617	0.0547445	0.0381415	0.0237122	0.010157	0.0060545	0.0	0.0	0.0	0.0035629	0.0	
Pigeon ramier	0.2296173	0.2494005	0.1358828	0.2588038	0.2799062	0.2783588	0.2985612	0.3265455	0.3418033	0.3528969	0.384131	0.3563877	0.377134	0.3822485	0.3614383	0.3644578	0.3446572	0.3652695	0.358656	0.3363491	0.3623814	0.3685545	0.382668	0.4046076	0.4037037	0.3850316	0.4016245	0.4366197	0.4203028	0.4287938	0.4390788	0.4365325	0.3952673	0.440649	0.3817829	0.3244514	0.3175676	0.307508	0.3467153	0.3599168	0.3278823	0.3305633	0.2643794	0.2338983	0.242	0.2348928	0.2707838	0.2616382	
Columba sp.	0.0	7.994E-4	0.0	0.0	0.0015	0.0	7.194E-4	7.273E-4	0.0015	0.0	0.0025189	4.405E-4	0.0010347	5.917E-4	0.0	0.0	0.0	0.0	0.0014609	5.322E-4	0.0	8.453E-4	0.0	0.0015	0.0	0.0015	0.0	0.0	0.0017809	7.782E-4	0.0	0.0	8.764E-4	0.0017079	0.0	0.0	9.653E-4	7.987E-4	0.0027372	0.001387	0.002453	9.234E-4	0.0	8.475E-4	0.0	9.747E-4	0.0023753	0.0	
Tourterelle des bois	0.0	0.0	0.0	0.0	0.0	0.0	0.0	0.0	0.0	0.0	0.0	0.0	0.0010347	0.0029586	0.0061996	0.0271084	0.0395306	0.0286094	0.0409058	0.0164981	0.0155306	0.0169062	0.0097371	0.0079194	0.012037	0.0072137	0.0108303	0.0036742	0.0026714	0.0077821	0.0074294	0.0080495	0.0175285	0.0179334	0.0213178	0.0109718	0.0028958	0.0023962	0.004562	0.0	0.0	0.0	0.0	0.0	0.0	0.0	0.0	0.0	
Tourterelle turque	0.1347754	0.1550759	0.0919447	0.175517	0.1696638	0.1842317	0.1755396	0.2109091	0.2172131	0.2091798	0.2210327	0.2180617	0.2079669	0.260355	0.266584	0.2650602	0.2538604	0.2648037	0.2337473	0.2410857	0.2217429	0.2324598	0.2297955	0.25054	0.2453704	0.2335437	0.1994585	0.2259645	0.2386465	0.2132296	0.2243685	0.2142415	0.2322524	0.2083689	0.2403101	0.1802508	0.1814672	0.1661342	0.1824818	0.1823856	0.1692559	0.1754386	0.1957619	0.1838983	0.171	0.1647173	0.1947743	0.1573365	
Tourterelle turque ou T. rieuse	0.0	0.0	0.0	0.0	0.0	0.0	0.0	0.0	0.0	0.0	0.0	0.0	0.0	0.0	0.0	0.0	0.0	6.653E-4	0.0	0.0	0.0	0.0	0.0	0.0	0.0	0.0	0.0	0.0	0.0	0.0	0.0	0.0	0.0	0.0	0.0	0.0	0.0	0.0	0.0	0.0	0.0	0.0	0.0	0.0	0.0	0.0	0.0	0.0	
Tourterelle à tête grise	0.0	0.0	0.0	0.0	0.0	0.0	0.0	0.0	0.0	0.0	0.0	0.0	0.0	0.0	0.0	0.0	0.0	0.0	0.0	0.0	0.0	0.0	0.0	0.0	9.259E-4	0.0	0.0	0.0	0.0	0.0	0.0	0.0	0.0	0.0	0.0	0.0	0.0	0.0	0.0	0.0	0.0	0.0	0.0	0.0	0.0	0.0	0.0	0.0	
Streptopelia sp.	0.0	0.0	0.0	0.0	0.0	0.0	0.0	0.0	0.0	0.0	6.297E-4	0.0	5.173E-4	0.0	0.0	0.001004	6.177E-4	0.0	0.0	0.0	0.0	0.0	0.0	0.0	0.0	0.0	0.0	0.0	0.0	0.0	0.0	6.192E-4	0.0	8.54E-4	0.0	0.0	0.0	0.0015	0.0015	0.0	0.0	0.0	0.0	0.0	0.0	0.0	0.0	0.0	
columbidé sp.	0.0	0.0	0.0	0.0	0.0	0.0	0.0	0.0015	0.0	0.0	0.0	0.0	0.0	0.0	0.0	0.0	0.0	0.0	0.0	0.0	0.0	0.0	0.0	0.0	0.0	0.0	0.0	0.0	0.0	0.0	0.0	0.0	0.0	0.0	0.0	0.0	0.0	0.0	0.0015	0.0	0.0	0.0	0.0	0.0	0.0	0.0	0.0	0.0	
Grande Outarde	0.0	0.0	0.0	0.0	0.0	0.0	0.0	0.0	0.0	0.0	0.0	0.0	0.0	0.0	0.0	0.0	0.0	0.0	0.0	5.322E-4	0.0	0.0	0.0	0.0	0.0	0.0	0.0	0.0	0.0	0.0	0.0	0.0	0.0	0.0	0.0	0.0	0.0	0.0	0.0	0.0	0.0	0.0	0.0	0.0	0.0	0.0	0.0	0.0	
Outarde canepetière	0.0	0.0	0.0	0.0	0.0	0.0	0.0	0.0	0.0	0.0	0.0	0.0	0.0	0.0	0.0	0.0	0.0	0.0	0.0	0.0	0.0	0.0	0.0	0.0	0.0	0.0	0.0	0.0	0.0	0.0	0.0	0.0	0.0	0.0	0.0	0.0	0.0	0.0	0.0	0.0	8.177E-4	0.0	0.0	0.0	0.0	0.0	0.0	0.0	
Coucou geai	0.0	0.0	0.0	0.0	0.0	0.0	0.0	0.0	0.0	7.524E-4	0.0	0.0015	0.0025867	0.0	0.0015	0.0	6.177E-4	0.0	0.0	0.0	0.0	0.0	0.0	0.0	0.0	0.0	0.0	0.0	0.0	0.0	0.0	0.0	0.0	0.0	0.0	0.0	0.0	0.0	0.0	0.0	0.0	0.0	0.0	0.0	0.0	0.0	0.0	0.0	
Coucou gris	0.0	0.0	0.0	0.0	0.0	0.0	0.0	0.0	0.0	0.0022573	0.0170025	0.0599119	0.0967408	0.1254438	0.1413515	0.12751	0.1198271	0.1037924	0.1124909	0.0926024	0.0793788	0.0490279	0.0165531	0.012239	0.0083333	0.0054103	0.0081227	0.0153092	0.0124666	0.0210117	0.0148588	0.0160991	0.0043821	0.0068318	0.0015	0.0015674	9.653E-4	7.987E-4	0.0	0.0	0.0	0.0	0.0	0.0	0.0	0.0	0.0	0.0	
Engoulevent d'Europe	0.0	0.0	0.0	0.0	0.0	0.0	0.0	0.0	0.0015	0.0015	0.0	0.0	0.0	0.0011834	6.2E-4	0.003012	0.0098826	0.0113107	0.0146092	0.0196913	0.0198447	0.0160609	0.0155794	0.0086393	0.0074074	0.0144274	0.0108303	0.0061237	0.0035619	0.0085603	0.0059435	0.0105263	0.0070114	0.0042699	0.002907	7.837E-4	0.003861	7.987E-4	0.0015	0.0015	8.177E-4	0.0015	0.0010091	0.0	0.0	0.0	0.0	0.0	
Martinet à ventre blanc	0.0	0.0	0.0	0.0	0.0	0.0	0.0	0.0	8.197E-4	0.0	0.0037783	0.0022026	0.0010347	5.917E-4	0.0037198	0.003012	0.001853	0.003992	0.0043828	0.0069186	0.0069025	0.0025359	0.0048685	0.0057595	0.0027778	0.0072137	0.0054152	0.0055113	0.0044524	0.0054475	0.0104012	0.003096	0.0017528	8.54E-4	0.003876	7.837E-4	0.0	7.987E-4	0.0015	0.0027739	8.177E-4	9.234E-4	0.0	0.0	0.0	0.0	0.0	0.0	
Martinet noir	0.0	0.0	0.0	0.0	0.0	0.0	0.0	0.0	0.0	0.0	6.297E-4	4.405E-4	0.0067253	0.0047337	0.0526968	0.1997992	0.3712168	0.510978	0.531775	0.5572113	0.5444349	0.5545224	0.6387537	0.6061915	0.5935185	0.5518485	0.4954874	0.4249847	0.2742654	0.1875486	0.1307578	0.0650155	0.022787	0.0102477	0.0077519	7.837E-4	0.0	0.0	0.0	6.935E-4	0.0	0.0015	0.0	0.0	0.0	0.0	0.0	0.0	
Martinet pâle	5.546E-4	0.0	0.0	0.0	0.0	0.0	0.0	0.0	0.0	0.0	6.297E-4	0.0026432	0.004656	0.0029586	0.0030998	0.001506	0.0	0.0026613	0.0014609	0.0010644	0.0025884	0.0033812	0.0019474	0.0	0.0046296	0.0027051	9.025E-4	0.0024495	8.905E-4	7.782E-4	0.0	0.0	0.0043821	0.0017079	0.0067829	7.837E-4	0.0	0.0015974	0.0018248	0.0076283	0.0040883	0.0018467	0.0090817	8.475E-4	0.0	0.0	0.0	0.0	
Martinet noir ou M. pâle	0.0	0.0	0.0	0.0	0.0	0.0	0.0	0.0	0.0	0.0	6.297E-4	0.0	0.0010347	0.0011834	0.0015	0.0	6.177E-4	0.0	0.0	0.0010644	0.0	0.0	0.0015	0.0014399	9.259E-4	0.0018034	0.0	0.0012247	0.0	0.0	0.0	6.192E-4	0.0017528	0.0	0.0	7.837E-4	0.0	0.0	0.0	0.0	0.0	0.0	0.0010091	0.0	0.0	0.0	0.0	0.0	
Apus ou Tachymarptis sp.	0.0	0.0	0.0	0.0	0.0	0.0	0.0	0.0	0.0	0.0	6.297E-4	0.0013216	0.0020693	0.0011834	0.0037198	0.002008	6.177E-4	0.0015	7.305E-4	0.0	8.628E-4	8.453E-4	9.737E-4	0.0014399	0.0	9.017E-4	9.025E-4	0.0	8.905E-4	7.782E-4	7.429E-4	6.192E-4	0.0017528	0.0017079	0.0	0.0	9.653E-4	0.0015974	0.0	0.001387	0.0016353	0.0015	0.0010091	0.0	0.0	0.0	0.0	0.0	
apodidé sp.	0.0	0.0	0.0	0.0	0.0	0.0	0.0	0.0	0.0	0.0	0.0	0.0	0.0	0.0	0.0	0.0	0.0	0.0	0.0	0.0	0.0	0.0	0.0	0.0	0.0	0.0	0.0	0.0	0.0	0.0	0.0	0.0	0.0	8.54E-4	0.0	0.0	0.0	0.0	0.0	0.0	0.0	0.0	0.0	0.0	0.0	0.0	0.0	0.0	
Râle d'eau	0.1103716	0.0999201	0.049227	0.098379	0.1172791	0.1005632	0.1035971	0.1069091	0.1040984	0.0902935	0.0780856	0.0881057	0.0734609	0.0727811	0.0681959	0.0667671	0.0580605	0.0652029	0.0562454	0.051091	0.0491803	0.0642434	0.0632911	0.0698344	0.0638889	0.0586114	0.0722022	0.0820576	0.1050757	0.1019455	0.115156	0.1003096	0.1148116	0.1332195	0.1153101	0.112069	0.1148649	0.0926518	0.1240876	0.1137309	0.0956664	0.1034164	0.1160444	0.1186441	0.116	0.1140351	0.1187648	0.1037124	
Marouette ponctuée	0.0	0.0	0.0	0.0	0.0	0.0	0.0	0.0	0.0	0.0022573	0.0081864	0.0092511	0.0036213	0.0011834	0.0015	5.02E-4	0.0	0.0	0.0	0.0	0.0	0.0	0.0	0.0	0.0	0.0	9.025E-4	0.0	8.905E-4	0.0	0.0014859	0.0	8.764E-4	0.0017079	0.004845	0.0047022	0.0019305	0.0	0.0	0.0	0.0	0.0	0.0	0.0	0.0	0.0	0.0	0.0	
Gallinule poule-d'eau	0.2124237	0.2414069	0.1236778	0.2308552	0.2462862	0.2284795	0.2316547	0.2407273	0.2385246	0.2392777	0.2304786	0.2317181	0.1919296	0.2071006	0.2008679	0.186245	0.1803582	0.1823021	0.1753104	0.1772219	0.1777394	0.1775148	0.2005842	0.2037437	0.2	0.1866546	0.2111913	0.2253521	0.2600178	0.2428016	0.2622585	0.2272446	0.2340053	0.2527754	0.2335271	0.2014107	0.2007722	0.1908946	0.2217153	0.1983356	0.2199509	0.1902124	0.2250252	0.2364407	0.22	0.2534113	0.2517815	0.2168533	
Foulque macroule	0.18802	0.1830536	0.0947925	0.1805478	0.1845192	0.1906677	0.171223	0.1876364	0.1713115	0.1986456	0.1819899	0.1991189	0.183135	0.1869822	0.1810291	0.1726908	0.1667696	0.162342	0.1767714	0.1596594	0.1630716	0.1538462	0.1694255	0.1915047	0.1851852	0.1776375	0.1877256	0.2173913	0.2439893	0.2326848	0.2340267	0.2006192	0.1936897	0.2092229	0.1976744	0.1708464	0.1824324	0.178115	0.1541971	0.1525659	0.1676206	0.1569714	0.1644803	0.1855932	0.181	0.2066277	0.2149644	0.1797289	
Talève sultane	0.0033278	0.0055955	8.137E-4	0.0	0.0	0.0	0.0	0.0	0.0	0.0	0.0	0.0	0.0	0.0	0.0	0.0	0.0	0.0	0.0	0.0	0.0	0.0	0.0	0.0	0.0	0.0	0.0	0.0	0.0	0.0	0.0	0.0	0.0	0.0	0.0	0.0	0.0	0.0	0.0	0.0	0.0	0.0	0.0	0.0	0.0	0.0	0.0	0.0	
Marouette poussin	0.0	0.0	0.0	0.0	0.0	0.0	0.0	0.0	0.0	0.0	0.0	0.0	0.0	0.0	0.0	0.0	0.0024707	0.0	0.0	0.0	0.0	0.0	0.0	0.0	0.0	0.0	0.0	0.0	0.0	0.0	0.0	0.0	0.0	0.0	0.0	0.0	0.0	0.0	0.0	0.0	0.0	0.0	0.0	0.0	0.004	0.0107212	0.0130641	0.0	
Marouette de Baillon	0.0	0.0	0.0	0.0	0.0	0.0	0.0	0.0	0.0	0.0	0.0	0.0015	0.0056906	0.0029586	0.0012399	5.02E-4	0.0015	0.0015	0.0	0.0	0.0	0.0015	0.0	0.0	0.0	0.0	0.0	0.0	0.0	0.0	0.0	0.0	0.0	0.0	0.0	0.0	0.0	0.0	0.0	0.0	0.0	0.0	0.0	0.0	0.0	0.0	0.0	0.0	
Porzana ou Zapornia sp.	0.0	0.0	0.0	0.0	0.0	0.0	0.0	0.0	0.0	0.0	0.0	0.0	0.0	0.0	0.0	0.0	0.0	0.0	0.0	0.0	0.0	0.0	0.0	0.0	0.0	0.0	0.0	0.0	0.0	0.0	0.0	0.0	0.0	8.54E-4	0.0	0.0	0.0	0.0	0.0	0.0	0.0	0.0	0.0	0.0	0.0	0.0	0.0	0.0	
Grue cendrée	0.0011093	7.994E-4	0.0	0.0011179	0.0015	0.003218	0.0079137	0.0014545	0.0016393	0.0030098	0.0012594	4.405E-4	0.0010347	5.917E-4	0.0024799	0.001004	0.0012353	0.0	0.0	0.0	0.0	0.0	0.0	0.0	0.0	0.0	0.0	0.0	0.0	0.0	0.0	0.0	0.0	0.0	0.0	0.0	0.0015	0.0055911	0.0255474	0.0381415	0.0335241	0.0369344	0.0211907	0.0186441	0.008	0.0038986	0.0071259	0.0041249	
Oedicnème criard	0.0027732	0.0151878	0.007323	0.0050307	0.0031274	0.006436	0.0064748	0.0065455	0.0057377	0.0097818	0.0081864	0.0070485	0.0051733	0.0106509	0.0043397	0.0040161	6.177E-4	0.0013307	0.0	0.0	0.0	0.0	0.0015	0.0015	0.0015	0.0	9.025E-4	0.0015	0.0015	0.0015	7.429E-4	0.0015	0.0015	0.0	0.0015	0.0015674	0.0019305	0.0031949	0.0082117	0.0097087	0.0098119	0.0073869	0.0141271	0.0186441	0.008	0.0146199	0.0023753	0.0011786	
Échasse blanche	0.0	0.0	0.0	0.0	0.0	0.0	0.0	0.0	8.197E-4	0.0022573	0.0037783	0.0352423	0.0698396	0.0946746	0.0867948	0.0798193	0.0704138	0.0678643	0.0577064	0.0659925	0.0707506	0.0701606	0.0886076	0.0842333	0.1027778	0.0883679	0.0929603	0.1096142	0.1157614	0.1097276	0.0742942	0.0687307	0.0482033	0.0623399	0.0271318	0.0070533	0.0	0.0	9.124E-4	0.0	0.0	0.0	0.0	0.0	0.0	0.0	0.0	5.893E-4	
Avocette élégante	0.0199667	0.0127898	0.0036615	0.0050307	0.0078186	0.0040225	0.0021583	0.0	0.002459	0.0022573	0.0119647	0.00837	0.0051733	0.0011834	0.0105394	0.002008	0.0	0.0013307	0.0	0.0015	8.628E-4	8.453E-4	9.737E-4	0.0014399	0.0	0.0036069	9.025E-4	6.124E-4	0.0035619	0.0038911	0.0074294	0.0173375	0.0070114	0.0204953	0.003876	0.0054859	0.0057915	0.0031949	0.0027372	6.935E-4	0.0139002	0.0027701	0.0131181	0.0101695	0.001	0.0048733	0.0166271	0.0135533	
Huîtrier pie	0.0443705	0.0175859	0.0126119	0.0240358	0.0203284	0.0185036	0.0244604	0.0167273	0.0155738	0.0097818	0.0062972	0.0070485	0.0113813	0.012426	0.0055797	0.0045181	0.0061767	0.005988	0.0036523	0.0021288	0.0017256	0.0	0.0	0.0	0.0	0.0	0.0	0.0012247	0.0017809	0.0038911	0.0029718	0.0105263	0.0070114	0.0093937	0.0087209	0.0101881	0.0067568	0.0055911	0.0100365	0.0097087	0.0196239	0.023084	0.0151362	0.0177966	0.023	0.0243665	0.0178147	0.0259281	
Pluvier argenté	0.0831947	0.0431655	0.0264443	0.0503074	0.0398749	0.0571199	0.0539568	0.0378182	0.0434426	0.0406321	0.0283375	0.0242291	0.0175892	0.0118343	0.0154991	0.0195783	0.0277949	0.0652029	0.0445581	0.0361895	0.0077653	0.0025359	0.0038948	7.199E-4	0.0	0.0	9.025E-4	0.0	8.905E-4	0.0085603	0.0170877	0.0092879	0.0096407	0.0068318	0.005814	0.0109718	0.0250965	0.014377	0.024635	0.0242718	0.0474244	0.0470914	0.0423814	0.0449153	0.056	0.0614035	0.0534442	0.0701237	
Pluvier doré	0.0116473	0.0103917	0.0016273	5.59E-4	0.0015637	0.0024135	0.0071942	0.0036364	0.0032787	0.0015	6.297E-4	4.405E-4	5.173E-4	0.0	0.0	5.02E-4	6.177E-4	0.0	0.0	0.0	0.0	0.0	0.0	0.0	0.0	0.0	0.0	0.0	0.0	7.782E-4	0.0037147	6.192E-4	0.0026293	0.0034159	0.003876	0.0039185	0.0028958	0.0039936	0.0072993	0.0062413	0.0114473	0.0046168	0.0040363	0.0025424	0.001	0.0068226	0.0190024	0.0017678	
Pluvier bronzé	0.0	0.0	0.0	0.0	0.0	0.0	0.0	0.0	0.0	0.0	0.0	0.0	0.0	0.0	0.0	0.0	0.0	0.0	0.0	0.0	0.0	0.0	0.0	0.0	0.0	0.0	0.0	0.0	0.0	0.0	0.0	0.0	0.0	0.0	0.0	0.0	0.0	7.987E-4	0.0	0.0	0.0	0.0	0.0	0.0	0.0	0.0	0.0	0.0	
Pluvialis sp.	0.0	0.0	0.0	0.0	0.0	0.0	0.0	0.0	0.0	0.0	0.0	0.0	5.173E-4	0.0	0.0	0.0	0.0	0.0	0.0015	0.0	0.0	0.0	0.0	0.0	0.0	0.0	0.0	0.0	0.0	0.0	0.0	0.0	0.0	0.0	0.0	0.0	0.0	0.0015	0.0	0.0	0.0016353	0.0015	0.0	8.475E-4	0.0	9.747E-4	0.0	0.0	
Guignard d’Eurasie	0.0	0.0	0.0	0.0	0.0	0.0	0.0	0.0	0.0	0.0	0.0	0.0	0.0	0.0	0.0	0.0	0.0	0.0	0.0	0.0	0.0	0.0	0.0	0.0	0.0	0.0	0.0	0.0	0.0	0.0	0.0	0.0018576	0.0015	0.0025619	9.69E-4	0.0015	0.0	0.0	0.0	0.0	0.0	0.0	0.0	0.0	0.0	0.0	0.0	0.0	
Grand Gravelot	0.0682196	0.0367706	0.0296989	0.0497485	0.0367475	0.0442478	0.0453237	0.0356364	0.0327869	0.0316027	0.0258186	0.0207048	0.0175892	0.0195266	0.0316181	0.0808233	0.1105621	0.1204258	0.1219869	0.107504	0.0483175	0.0253593	0.0107108	0.0050396	0.0018519	9.017E-4	0.0036101	0.0208206	0.0543188	0.063035	0.089896	0.1170279	0.1402279	0.1707942	0.1676357	0.1332288	0.0974903	0.0654952	0.0857664	0.0852982	0.0923957	0.0507849	0.0484359	0.0491525	0.049	0.0526316	0.0605701	0.0506777	
Petit Gravelot	0.0	0.0	8.137E-4	0.0	0.0	0.0	0.0057554	0.0247273	0.0336066	0.0458992	0.052267	0.084141	0.0765649	0.0840237	0.0812151	0.0667671	0.0605312	0.0572189	0.0569759	0.0627994	0.0431406	0.0498732	0.06037	0.0518359	0.0537037	0.0559062	0.0640794	0.0557257	0.0560997	0.0381323	0.0423477	0.0260062	0.0175285	0.029035	0.0125969	0.0062696	0.0057915	7.987E-4	0.0018248	0.0	0.0	0.0	0.0020182	0.0	0.0	0.0019493	0.0	0.0	
Grand Gravelot ou Petit Gravelot	0.0	0.0	0.0	0.0	0.0	0.0	0.0	0.0	0.0	0.0	0.0	0.0	0.0	0.0	0.0	0.0	0.0	0.0	0.0	0.0	0.0	0.0	0.0	0.0	0.0	0.0015	0.0	0.0	0.0	0.0	7.429E-4	0.0	0.0	0.0	0.0	0.0	0.0	0.0	0.0	0.0	0.0	0.0	0.0	0.0	0.0	0.0	0.0	0.0	
Vanneau huppé	0.0604548	0.0919265	0.0374288	0.0676356	0.0656763	0.0530973	0.0489209	0.0494545	0.0254098	0.0097818	0.011335	0.0044053	0.0025867	0.012426	0.0018599	0.00251	0.001853	0.0013307	7.305E-4	0.0015966	0.0051769	0.0050719	0.0107108	0.0215983	0.0324074	0.0369702	0.051444	0.0422535	0.0525378	0.0723735	0.0661218	0.0544892	0.0376862	0.1050384	0.0687984	0.0438871	0.0521236	0.0766773	0.080292	0.0714286	0.0907604	0.1015697	0.0958628	0.0983051	0.08	0.0847953	0.1021378	0.0630524	
Gravelot à collier interrompu	0.0	0.0	0.0	5.59E-4	0.0	0.0	0.0	0.0	0.0	0.0	0.0	4.405E-4	5.173E-4	0.0071006	0.0012399	5.02E-4	0.0	0.0013307	0.0	0.0	8.628E-4	0.0	0.0	0.0	0.0	0.0	0.0	6.124E-4	0.0	0.0	0.0014859	0.0012384	8.764E-4	0.0	9.69E-4	7.837E-4	0.0	0.0	0.0	0.0	0.0	0.0	0.0	0.0	0.0	0.0	0.0	0.0	
Charadriidae sp.	0.0	0.0	0.0	0.0	0.0	0.0	0.0	0.0	0.0	7.524E-4	6.297E-4	4.405E-4	5.173E-4	0.0011834	0.0	0.0	0.0	6.653E-4	0.0	0.0	0.0015	0.0	0.0	0.0	0.0	0.0	0.0	6.124E-4	0.0	0.0	7.429E-4	6.192E-4	0.0	0.0025619	9.69E-4	0.0015674	0.0	0.0015974	9.124E-4	0.0	8.177E-4	0.0	0.0	0.0025424	0.0	0.0	0.0	0.0	
Courlis corlieu	0.0793123	0.0359712	0.0260374	0.0452767	0.0406568	0.0522928	0.0546763	0.0363636	0.0393443	0.0383747	0.0453401	0.039207	0.0387998	0.0431953	0.0694358	0.1039157	0.0895615	0.079175	0.0606282	0.040447	0.0198447	0.0185968	0.0165531	0.025198	0.025	0.0387737	0.0424188	0.0630741	0.0845948	0.0840467	0.0846954	0.0965944	0.0902717	0.0785653	0.0804264	0.0540752	0.0704633	0.0591054	0.0520073	0.0568655	0.0695012	0.0489381	0.0423814	0.0457627	0.055	0.0584795	0.0522565	0.0606953	
Courlis hudsonien ou corlieu	0.0	0.0	0.0	0.0	0.0	0.0	0.0	0.0	0.0	0.0	0.0	0.0	0.0	0.0	0.0	0.0	0.0	0.0	0.0	0.0	0.0	0.0	0.0	0.0	0.0	0.0	0.0	0.0	0.0	0.0	0.0	0.0	0.0	0.0	0.0	0.0	0.0	0.0	0.0	0.0	0.0	9.234E-4	0.0	0.0	0.0	0.0	0.0	0.0	
Courlis cendré	0.0837493	0.0423661	0.0284784	0.0598099	0.050821	0.0490748	0.0611511	0.048	0.0467213	0.0504138	0.0447103	0.0409692	0.0346611	0.0325444	0.0353379	0.0296185	0.0191476	0.0266134	0.0211833	0.0239489	0.0241588	0.0177515	0.0185005	0.0280778	0.0203704	0.0261497	0.0261733	0.0416412	0.0534283	0.0653696	0.0534918	0.0582043	0.0595968	0.0546541	0.0668605	0.0344828	0.0598456	0.057508	0.0456204	0.0506241	0.0678659	0.043398	0.0474268	0.0533898	0.061	0.0516569	0.0558195	0.0624632	
Courlis corlieu ou C. cendré	0.0011093	7.994E-4	0.0	0.0	0.0	0.0	7.194E-4	7.273E-4	8.197E-4	0.0	0.0	4.405E-4	0.0	5.917E-4	0.0	0.0	0.0	0.0015	0.0	0.0	0.0	0.0	0.0	7.199E-4	0.0015	0.0	0.0	0.0	0.0	0.0	7.429E-4	0.0	0.0	0.0	0.0	0.0	9.653E-4	0.0	0.0	6.935E-4	0.0	0.0	0.0	0.0	0.0	0.0	0.0	0.0	
courlis sp.	5.546E-4	0.0	0.0	0.0	0.0	0.0	0.0	0.0	0.0	0.0	0.0	4.405E-4	0.0	0.0	0.0	0.0	0.0	0.0	0.0	0.0	0.0	0.0	9.737E-4	0.0	0.0	0.0	0.0	0.0	0.0	0.0	0.0	0.0	0.0	0.0	0.0	0.0	0.0	0.0	0.0	0.0	0.0	0.0	0.0	0.0	0.0	0.0	0.0	0.0	
Barge rousse	0.0293955	0.011191	0.0069162	0.0139743	0.0078186	0.0128721	0.0179856	0.0109091	0.0114754	0.0097818	0.0144836	0.00837	0.003104	0.0011834	0.0086795	0.0215863	0.0247066	0.0226214	0.0116874	0.0037254	0.0017256	0.0	0.0	0.0	0.0	0.0	9.025E-4	6.124E-4	8.905E-4	0.0038911	0.0037147	0.0086687	0.035057	0.0520922	0.0668605	0.0423197	0.0608108	0.0439297	0.0328467	0.0242718	0.0302535	0.0193906	0.0161453	0.0177966	0.018	0.0185185	0.0154394	0.0259281	
Barge à queue noire	0.0244038	0.0055955	0.0028478	0.0106205	0.0078186	0.0072405	0.0129496	0.0101818	0.0090164	0.0052671	0.0075567	0.007489	0.006208	0.0035503	0.0074396	0.0080321	0.0067943	0.0026613	7.305E-4	0.0010644	8.628E-4	0.0	0.0015	0.0014399	0.0037037	0.0090171	0.0216606	0.0128598	0.0080142	0.0132296	0.02526	0.0359133	0.051709	0.0401366	0.0310078	0.0305643	0.0357143	0.0175719	0.0209854	0.0138696	0.0155356	0.0240074	0.0141271	0.0084746	0.008	0.0165692	0.0083135	0.0123748	
barge sp.	0.0	0.0	0.0	0.0	0.0	0.0	0.0	0.0	0.0	0.0	0.0	4.405E-4	0.0	0.0	0.0	0.0	0.0	0.0	0.0	0.0	0.0	0.0	0.0	0.0	0.0	0.0	0.0	0.0	0.0	0.0015	0.0	0.0	0.0	0.0	0.0	0.0	0.0	0.0	0.0	0.0	0.0	0.0	0.0	0.0	0.0	0.0	0.0	0.0	
Bécassine sourde	0.0066556	0.0031974	0.0016273	0.0117384	0.005473	0.0080451	0.0093525	0.0036364	0.0081967	0.0030098	0.0025189	0.0044053	0.003104	0.0029586	0.0030998	5.02E-4	0.0	0.0	0.0	0.0	0.0	0.0	0.0	0.0	0.0	0.0	0.0	0.0	0.0	0.0	0.0	0.0	0.0	0.0	0.0	0.0	0.0015	0.0015	0.004562	6.935E-4	0.0032706	0.0064635	0.0070636	0.0042373	0.003	9.747E-4	0.0035629	0.0011786	
Bécasse des bois	0.0066556	0.0031974	0.0012205	0.0016769	0.0015637	0.001609	0.0021583	0.0014545	0.0016393	7.524E-4	6.297E-4	8.811E-4	0.0010347	0.0	0.0	0.0	0.0	0.0	0.0	0.0	8.628E-4	0.0	0.0	0.0	0.0	0.0	0.0	0.0	0.0	0.0	0.0	6.192E-4	0.0	0.0	9.69E-4	0.0	0.0	0.0	9.124E-4	0.0015	0.0015	0.0046168	0.0020182	0.0076271	0.004	0.0038986	0.0035629	0.0058928	
Bécassine des marais	0.120355	0.1135092	0.0557364	0.1084405	0.1164973	0.1174578	0.1136691	0.1025455	0.1090164	0.0857788	0.0698992	0.0797357	0.054837	0.0532544	0.0396776	0.0215863	0.009265	0.005988	0.0014609	0.0	0.0025884	8.453E-4	0.0	0.0021598	9.259E-4	0.0027051	0.0027076	0.0055113	0.0204809	0.0350195	0.0713224	0.0613003	0.0893953	0.1409052	0.119186	0.1050157	0.1206564	0.1086262	0.1386861	0.128294	0.1193786	0.1181902	0.1281534	0.1254237	0.123	0.1189084	0.1437055	0.0989982	
Gallinago sp.	5.546E-4	0.0	0.0015	0.0	0.0015637	8.045E-4	7.194E-4	0.0015	0.0	7.524E-4	6.297E-4	0.0	0.0	0.0011834	0.0	0.0	0.0	0.0	0.0	0.0	0.0	0.0	0.0	0.0	0.0	0.0	0.0	0.0	0.0	0.0	0.0	0.0	0.0	0.0	0.0	7.837E-4	0.0	0.0	0.0	0.0	0.0	0.0	0.0015	0.0	0.0	0.0	0.0011876	0.0015	
Phalarope à bec large	0.0066556	7.994E-4	0.0105777	0.0039128	0.0	0.001609	0.0	0.0	8.197E-4	0.0	0.0	0.0	0.0	0.0	0.0	0.0	0.0	0.0	0.0	0.0	0.0	0.0	0.0	0.0	0.0	0.0	0.0	0.0	8.905E-4	0.0	7.429E-4	6.192E-4	8.764E-4	0.0017079	9.69E-4	0.0148903	0.0135135	0.0031949	0.0063869	0.0104022	0.0466067	0.0341644	0.049445	0.0364407	0.021	0.0302144	0.0095012	0.0035357	
Phalarope à bec étroit	0.0	0.0	0.0	0.0	0.0	0.0	0.0	0.0	0.0	0.0	0.0	0.0	0.0	0.0	0.0	0.0	0.0	0.0	0.0	0.0	0.0	0.0	0.0	0.0	0.0	0.0	0.0	0.0	0.0	0.0	0.0	0.0	0.0	0.0015	0.0	0.0	0.0	0.0	0.0	0.0	8.177E-4	0.0	0.0	0.0	0.0	0.0	0.0	0.0	
phalarope sp.	0.0	0.0	0.0	0.0	0.0	0.0	0.0	0.0	0.0	0.0	0.0	0.0	0.0	0.0	0.0	0.0	0.0	0.0	0.0	0.0	0.0	0.0	0.0	0.0	0.0	0.0	0.0	0.0	0.0	0.0	0.0	0.0	0.0015	0.0	0.0	7.837E-4	9.653E-4	0.0	9.124E-4	6.935E-4	8.177E-4	9.234E-4	0.0010091	0.0	0.0	0.0	0.0	0.0	
Chevalier guignette	0.2002219	0.1926459	0.1200163	0.1844606	0.1790461	0.1818182	0.1705036	0.1621818	0.1688525	0.1527464	0.1542821	0.1497797	0.1458872	0.191716	0.1946683	0.2575301	0.2334775	0.1896208	0.1314828	0.0478978	0.0189819	0.0076078	0.0185005	0.0295176	0.075	0.1307484	0.1931408	0.2657685	0.300089	0.3035019	0.3402675	0.3275542	0.3155127	0.3287788	0.2839147	0.3142633	0.2480695	0.2332268	0.2372263	0.2080444	0.1962388	0.2022161	0.1947528	0.2474576	0.212	0.2212476	0.236342	0.2080141	
Chevalier guignette ou C. grivelé	0.0	0.0	0.0	0.0	0.0	0.0	0.0	0.0	0.0	0.0	0.0	0.0	0.0	0.0	0.0	0.0	0.0	0.0	0.0	0.0	0.0	0.0	0.0	0.0	0.0	0.0	0.0	0.0	0.0	0.0	0.0	0.0	0.0	0.0	0.0	0.0	0.0	0.0	0.0015	0.0	0.0	0.0	0.0	0.0	0.0	0.0	0.0	0.0	
Chevalier culblanc	0.0027732	0.008793	0.0036615	0.0072666	0.0109461	0.0096541	0.0079137	0.0130909	0.0098361	0.0218209	0.0289673	0.0471366	0.054837	0.0502959	0.0384377	0.0225904	0.0117356	0.0046574	0.0021914	0.0010644	0.0103538	0.0228233	0.0730282	0.0835133	0.0824074	0.0946799	0.1110108	0.1230863	0.1398041	0.1680934	0.1835067	0.1318885	0.1297108	0.1306576	0.0755814	0.0579937	0.0395753	0.0367412	0.0574818	0.0312067	0.0302535	0.0323176	0.0302725	0.0118644	0.018	0.0087719	0.0059382	0.0058928	
Chevalier stagnatile	0.0	0.0	0.0	0.0	0.0	0.0	0.0	0.0	0.0	0.0	0.0	0.0	0.0	0.0	0.0	0.0	0.0	0.0	0.0	0.0	0.0	0.0	0.0	0.0	0.0	0.0	0.0	0.0	0.0	0.0085603	0.0015	0.0	0.0	0.0	0.0	0.0	0.0	0.0	0.0	0.0	0.0	0.0	0.0	0.0	0.0	0.0	0.0	0.0	
Chevalier sylvain	0.0	0.0	0.0	0.0	0.0	0.0	0.0	0.0	0.0	0.0	0.0015	0.0017621	0.001552	0.0047337	0.0198388	0.0210843	0.011118	0.003992	0.0029218	0.0021288	0.0	0.0	0.0015	0.0064795	0.0212963	0.0270514	0.0361011	0.0349051	0.0650045	0.0894942	0.1047548	0.0650155	0.0499562	0.0555081	0.0271318	0.0086207	0.0	0.0063898	0.0018248	6.935E-4	0.0015	0.0	0.0	0.0	0.0	0.0	0.0	0.0	
Chevalier gambette	0.0865225	0.0495604	0.0284784	0.059251	0.0492572	0.0675784	0.0640288	0.0530909	0.0532787	0.0466516	0.0629723	0.0779736	0.0791516	0.0739645	0.1035338	0.0998996	0.1192094	0.1184298	0.109569	0.102182	0.0500431	0.0143702	0.0194742	0.0475162	0.0703704	0.1027953	0.1128159	0.1090018	0.1148709	0.1143969	0.1166419	0.104644	0.1209465	0.0973527	0.1046512	0.0626959	0.0694981	0.0551118	0.0574818	0.0610264	0.0711365	0.0581717	0.0595358	0.0542373	0.071	0.0682261	0.0570071	0.0677666	
Chevalier à pattes jaunes	0.0011093	0.0	0.0	5.59E-4	0.0023456	0.0056315	0.0043165	0.0021818	0.0032787	0.0022573	0.0018892	0.0030837	0.0036213	0.0017751	6.2E-4	0.0015	0.0	0.0	0.0	0.0021288	8.628E-4	0.0	0.0	0.0	0.0	0.0	0.0	0.0	0.0	0.0	0.0	0.0	0.0	0.0	0.0	0.0	0.0	0.0	0.0018248	0.001387	0.0	0.0064635	0.0030272	0.0042373	0.003	0.0015	0.0071259	0.0041249	
Chevalier arlequin	0.0015	0.0	0.0	0.0	0.0	0.0	7.194E-4	7.273E-4	0.0	0.0	0.0015	0.0	0.0	0.0029586	0.0142591	0.0075301	0.0061767	0.001996	0.0021914	0.0	0.0	0.0	0.0	0.0035997	0.0055556	0.0018034	0.0	0.0015	8.905E-4	0.0038911	0.0052006	0.0018576	0.0087642	0.0230572	0.001938	7.837E-4	0.0	0.0	0.0	6.935E-4	0.0016353	0.0015	0.0010091	0.0033898	0.001	0.0	0.0011876	0.0	
Chevalier aboyeur	0.145868	0.1239009	0.0667209	0.1268865	0.1297889	0.1415929	0.1330935	0.1098182	0.1221311	0.1203913	0.1171285	0.123348	0.1179514	0.1278107	0.149411	0.1335341	0.1111797	0.0898204	0.0708546	0.0505588	0.0336497	0.0312764	0.0262902	0.0345572	0.0666667	0.0991885	0.1092058	0.1236987	0.1620659	0.1696498	0.1731055	0.1609907	0.1656442	0.1699402	0.1656977	0.1253918	0.1496139	0.134984	0.1350365	0.1428571	0.1406378	0.10988	0.1150353	0.1279661	0.137	0.1296296	0.1532067	0.1314084	
Tringa sp.	0.0	0.0	0.0	5.59E-4	0.0	0.0015	0.0	0.0	8.197E-4	0.0	0.0	0.0	0.0	0.0	6.2E-4	0.0	0.0	0.0	0.0	0.0	0.0	0.0	0.0	0.0	9.259E-4	0.0015	0.0	0.0	8.905E-4	0.0015	0.0	0.0	0.0	0.0	9.69E-4	7.837E-4	0.0	0.0	0.0	6.935E-4	0.0	0.0	0.0	0.0015	0.0	9.747E-4	0.0	0.0	
Tournepierre à collier	0.1852468	0.1135092	0.0679414	0.1263276	0.1055512	0.1142397	0.0992806	0.0930909	0.0868852	0.055681	0.052267	0.0537445	0.0543197	0.0420118	0.0433974	0.0356426	0.0376776	0.0392548	0.0430972	0.0345929	0.0163934	0.0143702	0.0107108	0.0107991	0.0064815	0.0072137	0.0144404	0.0300061	0.0569902	0.063035	0.0713224	0.0928793	0.1016652	0.0913749	0.1124031	0.0862069	0.0955598	0.0790735	0.084854	0.0998613	0.1414554	0.1209603	0.1321897	0.1508475	0.156	0.1793372	0.131829	0.1532115	
Bécasseau maubèche	0.0099834	0.0015987	0.0016273	0.0044718	0.005473	0.0024135	0.0014388	0.0043636	0.0016393	7.524E-4	0.0018892	0.0022026	0.0	0.0015	6.2E-4	0.001506	0.001853	0.0206254	0.0262966	0.0133049	0.0103538	0.0015	0.0	0.0	0.0	0.0036069	0.0135379	0.0146969	0.0400712	0.0217899	0.0089153	0.0136223	0.028922	0.0247652	0.0213178	0.0070533	0.0106178	0.0047923	0.0018248	0.001387	0.0081766	0.0027701	0.0060545	0.0059322	0.004	0.0038986	0.0047506	0.0058928	
Combattant varié	0.0	0.0	0.0	5.59E-4	0.0	0.0	0.0	0.0	0.0016393	0.0015049	0.0075567	0.0207048	0.0356958	0.0313609	0.0309981	0.0140562	0.01853	0.0153027	0.0080351	5.322E-4	0.0	0.0	9.737E-4	0.0	9.259E-4	0.0036069	0.0099278	0.016534	0.0026714	0.0249027	0.0274889	0.025387	0.0420684	0.0700256	0.0368217	0.0250784	0.007722	0.0079872	0.004562	0.0055479	0.0057236	9.234E-4	0.0	0.0	0.0	0.0	0.0	0.0	
Bécasseau cocorli	0.0049917	0.0031974	0.0012205	5.59E-4	7.819E-4	0.0	0.0	7.273E-4	0.0016393	0.0015049	0.0018892	4.405E-4	0.0025867	0.012426	0.0030998	0.0080321	0.0024707	6.653E-4	0.0065741	0.0031932	0.0	8.453E-4	0.0	0.0	0.0	0.0	0.0036101	0.0097979	0.0373998	0.0365759	0.0163447	0.0111455	0.0280456	0.0401366	0.0348837	0.015674	0.007722	0.0023962	0.0027372	0.0015	0.0016353	9.234E-4	0.0010091	0.0042373	0.001	0.0038986	0.0015	0.0011786	
Bécasseau de Temminck	0.0	0.0	0.0	0.0	0.0	0.0	0.0	0.0	0.0	0.0	0.0	0.0	0.0	0.0	0.0	0.0050201	0.0049413	0.0	7.305E-4	5.322E-4	0.0	0.0	0.0	0.0	0.0	0.0	9.025E-4	6.124E-4	0.0	0.0015	0.0066865	6.192E-4	0.006135	0.0230572	0.0015	0.0023511	0.0	0.0	0.0	0.0	0.0	0.0	0.0	0.0	0.0	0.0	0.0	0.0	
Bécasseau sanderling	0.0027732	7.994E-4	8.137E-4	5.59E-4	7.819E-4	0.0	0.0	0.0	0.0	7.524E-4	0.0	0.0013216	0.001552	0.004142	0.0068196	0.0160643	0.020383	0.0465735	0.0533236	0.051091	0.0215703	0.0059172	9.737E-4	0.0	0.0	0.0	0.0	0.0	8.905E-4	0.0015564	0.0074294	0.028483	0.0245399	0.0350128	0.0271318	0.0172414	0.0067568	0.0023962	9.124E-4	0.0020804	0.0057236	0.0073869	0.0161453	0.0076271	0.005	0.0038986	0.0011876	0.0011786	
Bécasseau variable	0.0881864	0.0463629	0.0333605	0.0648407	0.050821	0.0651649	0.0683453	0.0450909	0.0516393	0.0428894	0.0459698	0.0462555	0.0429384	0.0485207	0.0725356	0.0938755	0.0969734	0.1131071	0.1029949	0.0926024	0.05522	0.0270499	0.0087634	0.0028798	0.0101852	0.0171326	0.0207581	0.056338	0.079252	0.0762646	0.1040119	0.1188854	0.1358457	0.146029	0.1395349	0.119906	0.0878378	0.0654952	0.100365	0.0825243	0.1030253	0.0738689	0.0877901	0.0830508	0.082	0.079922	0.0724466	0.0683559	
Bécasseau violet	0.0244038	0.0215827	0.0138324	0.0212409	0.0179828	0.0168946	0.0086331	0.0152727	0.0098361	0.0127916	0.0088161	0.0105727	0.0108639	0.0100592	0.0080595	0.0075301	0.0067943	0.0106454	0.0029218	0.0	0.0	0.0	0.0	0.0	0.0	0.0	0.0	0.0	0.0	0.0	0.0	0.0	0.0	0.0	0.0	0.0	0.0	0.0	0.0	6.935E-4	0.007359	0.0221607	0.0141271	0.0245763	0.022	0.0185185	0.0213777	0.0265174	
Bécasseau minute	5.546E-4	0.0	0.0	0.0	0.0	0.0	0.0	0.0	0.0	0.0	6.297E-4	4.405E-4	0.0010347	0.0	6.2E-4	0.0100402	0.0080296	0.0013307	0.0021914	0.0015	0.0015	0.0	0.0	0.0	0.0	0.0	9.025E-4	0.0061237	0.015138	0.0085603	0.0230312	0.0377709	0.0219106	0.0384287	0.0358527	0.031348	0.0144788	0.0039936	0.0082117	0.0110957	0.0081766	0.0018467	0.0	0.0	0.0	0.0	0.0	0.0	
Bécasseau de Bonaparte	0.0	0.0	0.0	0.0	0.0	0.0	0.0	0.0	0.0	0.0	0.0	0.0	0.0	0.0	0.0	0.0	0.0	0.0	0.0	0.0	0.0	0.0	0.0	0.0	0.0	0.0	0.0	0.0	0.0133571	0.0015	0.0	0.0	0.0	0.0	0.0	0.0	0.0	0.0	0.0	0.0	0.0	0.0	0.0	0.0	0.0	0.0	0.0	0.0	
Bécasseau tacheté	0.0	0.0	0.0	0.0	0.0	0.0	0.0	0.0	0.0	0.0	0.0	0.0	0.0	0.0	0.0	0.0	0.0	0.0	0.0	0.0	0.0	0.0	0.0	0.0	0.0	0.0	0.0	0.0	0.0	0.0	0.0	0.0	0.0	0.0017079	0.0077519	0.0062696	9.653E-4	0.0047923	0.0127737	0.0	0.0	0.0	0.0	0.0	0.0	0.0	0.0	0.0	
Calidris sp. (petit bécasseau sp.)	5.546E-4	0.0	0.0	0.0	7.819E-4	0.0	7.194E-4	0.0	0.0	0.0	0.0	4.405E-4	0.0020693	5.917E-4	6.2E-4	0.0	6.177E-4	0.0013307	0.0	0.0	0.0	0.0	0.0	7.199E-4	0.0	0.0	9.025E-4	0.0	0.0044524	0.0015564	7.429E-4	0.0055728	0.0026293	0.0017079	0.002907	0.0062696	0.0048263	0.0023962	0.0036496	0.001387	0.0098119	0.0018467	0.0080727	0.0050847	0.002	0.0019493	0.0023753	5.893E-4	
Calidris sp.	0.0	0.0	0.0	0.0	0.0	0.0	0.0	0.0	0.0	0.0	0.0	0.0	0.0	0.0	0.0	0.0	0.0	0.0	0.0	0.0	0.0	0.0	0.0	0.0	0.0	0.0	0.0	0.0	0.0	0.0	0.0	0.0012384	8.764E-4	0.0	0.0	0.0015674	9.653E-4	0.0	0.0	0.0	0.0	0.0	0.0	0.0	0.0	0.0	0.0	0.0	
scolopacidé sp.	0.0	0.0	0.0	0.0	0.0	0.0	0.0	7.273E-4	0.0	0.0	0.0	0.0015	0.0	0.0	6.2E-4	0.0	0.0	0.0	0.0	0.0	0.0	0.0	0.0	0.0	0.0	0.0	0.0	0.0	0.0	0.0	0.0	0.0015	0.0	8.54E-4	0.0	0.0015674	9.653E-4	0.0	9.124E-4	0.001387	0.0040883	0.0	0.0	0.0	0.0	0.0	0.0	0.0	
grand limicole sp.	0.0	0.0	0.0	0.0	0.0	0.0	0.0	0.0	0.0	0.0	0.0	0.0	0.0	0.0	0.0	0.0	0.0	0.0	0.0	0.0	0.0	0.0	0.0	0.0	0.0	0.0	0.0	0.0	0.0	0.0	7.429E-4	6.192E-4	0.0	0.0	0.0	0.0	0.0	0.0	0.0	0.0	0.0	0.0	0.0	0.0	0.0	0.0	0.0	0.0	
Glaréole à collier	0.0	0.0	0.0	0.0	0.0	0.0	0.0	0.0	0.0	0.0	0.0	0.0	0.0	0.0015	0.0	0.002008	0.003706	0.0	0.0	0.0	0.0	0.0	0.0	0.0	0.0	0.0	0.0	0.0	0.0	0.0	0.0	0.0	0.0	0.0	0.0	0.0	0.0	0.0	0.0	0.0	0.0	0.0	0.0	0.0	0.0	0.0	0.0	0.0	
limicole sp.	0.0022185	0.0	4.068E-4	0.0011179	0.0	0.0	7.194E-4	0.0	8.197E-4	0.0	6.297E-4	0.0	0.0	0.0023669	0.0018599	0.003012	6.177E-4	0.0026613	0.0014609	5.322E-4	8.628E-4	0.0	0.0	7.199E-4	9.259E-4	0.0	0.0	0.0	0.0044524	0.0031128	0.0022288	0.0068111	0.0026293	0.0034159	9.69E-4	0.0062696	0.0096525	7.987E-4	0.0018248	0.0027739	0.0089943	0.0055402	0.0050454	0.0016949	0.002	0.005848	0.0	0.0	
Labbe à longue queue	0.0	0.0	0.0	0.0	0.0	0.0	0.0	0.0	0.0	0.0	0.0	0.0	0.0	0.0	0.0	0.0	0.0	0.0	0.0	0.0	0.0	0.0	0.0	0.0	0.0	0.0	0.0	0.0	0.0017809	0.0	0.0014859	0.0117647	0.0113935	0.0068318	0.001938	0.0141066	0.011583	0.0031949	0.004562	0.0076283	0.0188062	0.0055402	0.0131181	0.0016949	0.001	0.0	0.0	0.0	
Labbe parasite	5.546E-4	0.0047962	0.0	0.0	0.0	0.001609	0.0014388	0.0050909	0.0	0.0	0.0	0.0	0.0	5.917E-4	0.0	0.0	0.0	0.0	0.0	0.0	0.0	0.0	0.0	0.0	0.0	0.0018034	0.0	0.0015	0.0026714	0.0015564	0.0044577	0.0142415	0.0078878	0.0136635	0.0067829	0.0321317	0.0279923	0.0111821	0.0237226	0.0249653	0.0294358	0.0203139	0.024218	0.0118644	0.01	0.0116959	0.0	0.0011786	
Labbe à longue queue ou L. parasite	0.0	0.0	0.0	0.0	0.0	0.0	0.0	0.0	0.0	0.0	0.0	0.0	0.0	0.0	0.0	0.0	0.0	0.0	0.0	0.0	0.0	0.0	0.0	0.0	0.0	0.0	0.0	0.0	0.0	0.0	0.0	0.0	0.0	0.0	0.0	0.0	0.0	0.0	9.124E-4	0.0	0.0	0.0	0.0	0.0	0.001	9.747E-4	0.0	0.0	
Labbe pomarin	0.0011093	7.994E-4	0.0	0.0022359	0.0	8.045E-4	0.0	0.0	0.0	0.0	0.0	0.0	0.0	0.0	0.0	0.0	0.0	0.0	0.0	0.0	0.0	0.0	0.0	0.0	0.0	9.017E-4	0.0	0.0	8.905E-4	0.0023346	7.429E-4	0.0111455	0.006135	0.0085397	0.004845	0.0258621	0.027027	0.0079872	0.0173358	0.0325936	0.0384301	0.0221607	0.0090817	0.0042373	0.007	0.005848	0.0	0.0041249	
Labbe parasite ou L. pomarin	0.0	0.0	0.0	0.0	0.0	0.0	0.0	0.0	0.0	0.0	0.0	0.0	0.0	0.0	0.0	0.0	0.0	0.0	0.0	0.0	0.0	0.0	0.0	0.0	0.0	0.0	0.0	0.0	0.0	0.0	0.0	0.0	0.0	0.0	0.0	0.0	0.0	0.0	9.124E-4	6.935E-4	0.0	0.0	0.0	0.0	0.0	0.0	0.0	0.0	
Grand Labbe	0.0077648	0.0167866	0.0052889	0.0039128	0.005473	0.0040225	0.0028777	0.0123636	0.0139344	7.524E-4	0.0012594	0.0	0.001552	0.0	0.0	0.0	6.177E-4	0.001996	7.305E-4	0.0	0.0	0.0	0.0	7.199E-4	0.0	0.0018034	0.0	0.0030618	0.0053428	0.0023346	0.0	0.0099071	0.0043821	0.0034159	0.005814	0.0305643	0.0260618	0.0183706	0.0273723	0.0450763	0.0686836	0.0544783	0.0353179	0.0245763	0.027	0.037037	0.0130641	0.0123748	
Labbe de McCormick	0.0	0.0	0.0	0.0	0.0	0.0	0.0	0.0	0.0	0.0	0.0	0.0	0.0	0.0	0.0	0.0	0.0	0.0	0.0	0.0	0.0	0.0	0.0	0.0	0.0	0.0	0.0	0.0	0.0	0.0	0.0	0.0	0.0	0.0	0.0	0.0	0.0	0.0	0.0	6.935E-4	0.0	0.0	0.0	0.0	0.0	0.0	0.0	0.0	
Labbe pomarin, L. parasite ou L. à longue queue	0.0	0.0	4.068E-4	0.0	0.0	0.0	7.194E-4	0.0	0.0	0.0	0.0	0.0	0.0	0.0	0.0	0.0	6.177E-4	0.0	0.0	0.0	0.0	0.0	0.0	0.0	0.0	0.0	0.0	6.124E-4	0.0	0.0	0.0014859	0.0080495	0.0026293	0.0017079	0.001938	0.0094044	0.0096525	0.0039936	0.004562	0.0048544	0.0122649	0.0073869	0.0060545	0.0076271	0.006	0.0068226	0.0011876	0.0017678	
labbe sp. (groupe Catharacta)	0.0	0.0	0.0	0.0	0.0	0.0	0.0	0.0	0.0	0.0	0.0	0.0	0.0	0.0	0.0	0.0	0.0	0.0	0.0	0.0	0.0	0.0	0.0	0.0	0.0	0.0	0.0	0.0	0.0	7.782E-4	0.0	0.0	0.0	8.54E-4	0.0	0.0	9.653E-4	7.987E-4	9.124E-4	0.0020804	0.0	9.234E-4	0.0010091	0.0	0.0	0.0	0.0	5.893E-4	
labbe sp.	0.0	0.0	0.0	0.0	0.0	0.0	0.0	0.0	0.0	0.0	0.0	0.0	0.0	0.0	0.0	0.0	0.0	0.0	0.0	0.0	0.0	0.0	0.0	0.0	0.0	0.0	0.0	0.0	0.0	0.0	0.0	6.192E-4	0.0	0.0	0.0	0.0	9.653E-4	0.0	0.0	6.935E-4	0.0	0.0	0.0	0.0	0.0	0.0	0.0	0.0	
Macareux moine	0.0027732	0.0127898	0.0065094	0.0072666	0.0031274	0.0209171	0.0100719	0.0123636	8.197E-4	0.0	0.0018892	4.405E-4	5.173E-4	5.917E-4	0.0	0.0	0.0	0.0	0.0	0.0	0.0	0.0	0.0	0.0	0.0	0.0	0.0	0.0	0.0	0.0	0.0	0.0	0.0	0.0	0.0	0.0	0.0	7.987E-4	0.0018248	0.0117892	0.0425184	0.0156971	0.0131181	0.0101695	0.009	0.0146199	0.0059382	0.0041249	
Pingouin torda	0.0271769	0.0279776	0.0179007	0.0313024	0.0195465	0.0193081	0.0165468	0.0152727	0.0081967	0.0015049	0.0037783	4.405E-4	0.001552	0.0	0.0	0.0	0.0	0.0	0.0	0.0015966	8.628E-4	0.0	0.0	0.0	0.0	0.0	9.025E-4	0.0015	0.0	0.0	0.0	0.0	0.0	0.0	0.0	0.0039185	9.653E-4	7.987E-4	0.0127737	0.0235784	0.0719542	0.0295476	0.0524723	0.0347458	0.035	0.0409357	0.0225653	0.0218032	
Mergule nain	0.0	0.0031974	0.0	0.0	0.0	8.045E-4	0.0	0.0	0.0	0.0	0.0	0.0	0.0	0.0	0.0	0.0	0.0	0.0	0.0	0.0	0.0	0.0	0.0	0.0	0.0	0.0	0.0	0.0	0.0	0.0	0.0	0.0	0.0	0.0	0.0	0.0	0.0	0.0	0.0	0.001387	0.004906	0.0	0.0030272	0.0059322	0.003	0.005848	0.0	5.893E-4	
Guillemot de Troïl	0.0288408	0.0383693	0.0223759	0.0290665	0.0289289	0.0193081	0.0129496	0.0218182	0.0106557	0.0022573	0.0031486	0.0022026	0.004656	0.0017751	6.2E-4	5.02E-4	6.177E-4	0.0	0.0014609	5.322E-4	8.628E-4	0.0	0.0	7.199E-4	0.0	0.0	0.0	0.0	0.0	0.0	0.0	0.0	0.0	0.0	0.0	0.0	0.0	7.987E-4	0.0036496	0.017337	0.0662306	0.0304709	0.0504541	0.0228814	0.02	0.0272904	0.0106888	0.0159104	
Alca ou Uria sp.	0.0171936	0.028777	0.0085435	0.0095025	0.0148554	0.0112631	0.0035971	0.008	0.0065574	0.0015049	0.0031486	0.0022026	0.001552	5.917E-4	0.0	0.0	0.0	0.0	0.0	0.0	0.0	0.0	0.0	0.0	0.0	0.0	0.0	0.0	8.905E-4	0.0	0.0	0.0	0.0	0.0	0.0	7.837E-4	9.653E-4	0.0023962	0.004562	0.0166436	0.0523303	0.0240074	0.0433905	0.0279661	0.035	0.0311891	0.0106888	0.017089	
alcidé sp.	0.0049917	0.0071942	0.002441	0.0011179	0.0023456	8.045E-4	0.0021583	0.0029091	0.0057377	0.0	6.297E-4	8.811E-4	5.173E-4	5.917E-4	0.0	0.0	0.0	0.0	0.0015	0.0	0.0	0.0	0.0	0.0	9.259E-4	0.0	0.0	0.0	0.0	0.0	0.0	0.0	0.0	0.0	0.0	0.0	0.0	0.0	0.0018248	0.0062413	0.0196239	0.0083102	0.0060545	0.0127119	0.011	0.0097466	0.0047506	0.0082499	
Mouette pygmée	0.0099834	0.0223821	0.0138324	0.0095025	0.0039093	0.0096541	0.0215827	0.008	0.0065574	0.0060196	0.0	4.405E-4	0.0	0.0	0.0	0.0	0.0	0.0	0.0	0.0	0.0	0.0	0.0	0.0	0.0	0.0	0.0	0.0	0.0035619	0.0015	7.429E-4	6.192E-4	8.764E-4	8.54E-4	0.001938	0.0023511	0.0067568	0.0071885	0.0127737	0.0083218	0.0155356	0.0277008	0.0474268	0.0601695	0.048	0.0692008	0.0118765	0.0223925	
Mouette tridactyle	0.0155297	0.0239808	0.0138324	0.0078256	0.0125098	0.0225261	0.0100719	0.0145455	0.004918	0.0	0.0018892	0.0017621	0.003104	0.0	0.0015	0.0	0.0	0.0	0.0	0.0	8.628E-4	0.0	0.0	0.0	0.0	0.0	0.0	0.0	0.0	0.0	0.0022288	6.192E-4	0.0	0.0	0.0	0.0015674	0.0028958	0.0031949	0.0082117	0.0180305	0.055601	0.0424746	0.0766902	0.0550847	0.034	0.0575049	0.0154394	0.0176783	
Mouette de Sabine	0.0016639	0.0	0.0	0.0	0.0	0.0024135	7.194E-4	0.0	0.0	0.0	0.0	0.0	0.0	0.0	0.0	0.0	0.0	0.0	0.0	0.0	0.0	0.0	0.0	0.0	0.0	0.0	0.0	0.0	8.905E-4	0.0031128	7.429E-4	6.192E-4	0.0026293	0.0034159	0.003876	0.0148903	0.0096525	0.0023962	0.0082117	0.0194175	0.048242	0.0184672	0.0181635	0.0101695	0.004	0.0068226	0.0023753	0.0017678	
Mouette de Bonaparte	0.0033278	0.008793	0.009764	0.0134153	0.0078186	0.0112631	0.0057554	0.0036364	0.004918	0.0015049	6.297E-4	0.0	0.0	0.0	0.0	0.0	0.0	0.0	0.0	0.0	0.0	0.0	0.0	0.0	0.0	0.0	0.0	0.0	0.0	0.0	0.0	0.0	0.0	0.0	0.0	0.0	0.0	0.0	0.0	0.0	0.0	0.0027701	0.0010091	0.0084746	0.004	0.0077973	0.0023753	0.017089	
Mouette rieuse	0.3643927	0.3269384	0.194467	0.3415316	0.3041439	0.2984714	0.2820144	0.24	0.2295082	0.1542513	0.0806045	0.0594714	0.0512157	0.047929	0.0322381	0.0331325	0.0210006	0.0326015	0.0445581	0.0447046	0.0621225	0.0642434	0.090555	0.1598272	0.2074074	0.2335437	0.2716606	0.3061849	0.3303651	0.3431907	0.3395245	0.3578947	0.3680982	0.3509821	0.3468992	0.3691223	0.3629344	0.3346645	0.3357664	0.3190014	0.36713	0.378578	0.3410696	0.4186441	0.365	0.3869396	0.3574822	0.3364761	
Mouette atricille	0.0	0.0	0.0	0.0	0.0	0.0	0.0	0.0	0.0	0.0	0.0	0.0	0.0	0.0	0.0	0.0	0.0	0.0	0.0	0.0	0.0	0.0	0.0	0.0	0.0	0.0	0.0	0.0	0.0	0.0	7.429E-4	0.0	0.0	0.0	0.0	0.0	0.0	0.0	0.0	0.0	0.0	0.0	0.0	0.0	0.0	0.0	0.0	0.0	
Mouette de Franklin	0.0	0.0	0.0	0.0	0.0	0.0	0.0	0.0	0.0	0.0	0.0	0.0	0.0	0.0	0.0	0.0	0.0	0.0	0.0	0.0	0.0015	0.0	0.0	0.0	0.0	0.0	0.0	0.0	0.0	0.0	7.429E-4	0.0080495	0.006135	0.0093937	0.004845	0.007837	0.0048263	0.0023962	0.0054745	0.0062413	0.0032706	0.0027701	0.0010091	8.475E-4	0.0	0.0	0.0	0.0	
Goéland d'Audouin	0.0011093	0.0	0.0	0.0	0.0	0.0	0.0	0.0	0.0	0.0	0.0	0.0	0.0	0.0	0.0030998	0.0	6.177E-4	0.0013307	0.0014609	0.0015	0.0	0.0	0.0048685	7.199E-4	0.0	0.0	0.0	0.0	8.905E-4	0.0015564	0.0	6.192E-4	0.0	0.0	0.0	0.0	0.0	7.987E-4	0.0	0.0	0.0	0.0	0.0	0.0	0.0	0.0	0.0	0.0	
Mouette mélanocéphale	0.0859678	0.0879297	0.049227	0.0709894	0.0688038	0.0788415	0.0417266	0.0465455	0.0368852	0.020316	0.0239295	0.0118943	0.0155199	0.0094675	0.0055797	0.0040161	0.0043237	0.0026613	0.0146092	0.0037254	0.0129422	0.0076078	0.0136319	0.0323974	0.0361111	0.03156	0.0162455	0.0238824	0.048976	0.0326848	0.0245171	0.0266254	0.0315513	0.028181	0.0203488	0.039185	0.0472973	0.0471246	0.0757299	0.0714286	0.1479967	0.1144968	0.1402624	0.1228814	0.135	0.1588694	0.0617577	0.0807307	
Hybride Mouette rieuse x M. mélanocéphale	0.0	0.0	0.0	0.0	0.0	0.0	0.0	0.0	0.0	0.0	0.0	0.0	0.0	0.0	0.0	0.0	0.0	0.0	0.0	0.0	0.0	0.0	0.0	0.0	0.0027778	0.0015	0.0	0.0015	8.905E-4	0.0031128	0.0	0.0	0.0	0.0	0.0	0.0	0.0	0.0	0.0	0.0	0.0	0.0	0.0	0.0	0.0	0.0	0.0	0.0	
Goéland cendré	0.0072102	0.0079936	0.0056957	0.0111794	0.0132916	0.0088496	0.0064748	0.0087273	0.002459	0.0015049	0.0018892	4.405E-4	0.001552	0.0023669	6.2E-4	0.001506	0.0012353	0.0013307	7.305E-4	5.322E-4	0.0025884	0.0042265	0.0058423	0.0028798	0.0046296	0.0036069	0.0018051	0.0012247	0.0035619	0.0	0.0	0.0043344	0.0017528	0.0025619	0.002907	0.0117555	0.0173745	0.0127796	0.0127737	0.0138696	0.0204415	0.0073869	0.0161453	0.0262712	0.032	0.0272904	0.0130641	0.0082499	
Goéland à bec cerclé	0.0088741	0.0095923	0.002441	0.0044718	0.0039093	0.0056315	0.0014388	0.0014545	0.0032787	7.524E-4	0.0	0.0	0.0	0.0	0.0	0.0	0.0	0.0	0.0	0.0	0.0	0.0	0.0	0.0	0.0	0.0	0.0	0.0	0.0	0.0	0.0	0.0	0.0	0.0	0.0	0.0	0.0	0.0	0.0	0.0	8.177E-4	9.234E-4	0.0	0.0033898	0.007	0.0136452	0.0059382	0.0141426	
Goéland pontique	0.0061009	0.0103917	0.0081367	0.0072666	0.0117279	0.004827	0.0122302	0.0123636	0.0057377	0.0090293	0.0031486	0.0013216	0.001552	5.917E-4	0.0	0.001004	0.0	0.0015	0.0	0.0	0.0015	8.453E-4	0.0015	0.0	9.259E-4	0.0	0.0	0.0	0.0	0.0	0.0	0.0015	0.0017528	0.0	9.69E-4	0.0015674	0.007722	0.0095847	0.0145985	0.0221914	0.0106296	0.0249307	0.0151362	0.009322	0.01	0.0087719	0.0142518	0.0141426	
Goéland argenté	0.0271769	0.0279776	0.012205	0.0318614	0.0258014	0.0297667	0.0215827	0.0247273	0.0163934	0.0120391	0.0044081	0.0052863	0.0036213	0.0035503	0.0043397	0.001004	0.0	0.0015	0.0	0.0010644	8.628E-4	0.0016906	0.0	0.0	9.259E-4	9.017E-4	0.0	0.0	0.0044524	0.0085603	0.0104012	0.006192	0.0043821	0.0111016	0.0077519	0.0180251	0.019305	0.0127796	0.0228102	0.0291262	0.0474244	0.0415512	0.0413724	0.0288136	0.028	0.0389864	0.0344418	0.0447849	
Hybride Goéland pontique x G. argenté	0.0	0.0	0.0	0.0	0.0	8.045E-4	0.0	0.0	0.0	0.0	0.0	0.0	0.0	0.0	0.0	0.0	0.0	0.0	0.0	0.0	0.0	0.0	0.0	0.0	0.0	0.0	0.0	0.0	0.0	0.0	0.0	0.0	0.0	0.0	0.0	0.0	0.0	0.0	0.0	0.0	0.0	0.0	0.0	0.0	0.0	0.0	0.0	0.0	
Goéland pontique ou G. argenté	0.0	0.0	0.0	0.0	0.0	0.0	0.0	0.0	0.0	0.0	0.0	0.0	0.0	0.0	0.0	0.0	0.0	0.0	0.0	0.0	0.0	0.0	0.0	0.0	0.0	0.0	0.0	0.0	0.0	0.0	0.0	0.0	0.0	0.0	0.0	0.0	0.0	0.0	0.0	0.0	8.177E-4	0.0	0.0	0.0	0.0	0.0	0.0	0.0	
Goéland leucophée	0.5213533	0.5035971	0.2839707	0.5069871	0.4644253	0.4770716	0.4568345	0.5003636	0.4909836	0.4604966	0.4603275	0.4837004	0.4712882	0.4461538	0.4277743	0.4156627	0.3903644	0.4224884	0.3973703	0.3783928	0.4322692	0.4463229	0.4420643	0.4658027	0.4453704	0.4346258	0.4638989	0.4513166	0.5022262	0.4824903	0.4635958	0.4916409	0.5004382	0.4816396	0.4767442	0.5195925	0.507722	0.4936102	0.479927	0.5110957	0.5829926	0.5364728	0.5095863	0.5211864	0.527	0.5175439	0.5213777	0.5061874	
Goéland pontique ou G. leucophée	0.0	0.0	0.0	0.0	0.0	0.0	0.0	0.0	0.0	0.0	0.0	0.0	0.0	0.0	0.0	0.0	0.0	0.0	0.0	0.0	0.0	0.0	0.0	0.0	0.0	0.0	0.0	0.0	0.0	0.0	0.0	0.0	0.0	0.0	9.69E-4	0.0	0.0	0.0015	0.0	0.0	0.0	0.0	0.0	0.0	0.001	9.747E-4	0.0	0.0	
Goéland marin	0.078203	0.068745	0.0349878	0.0435998	0.0453479	0.0619469	0.0503597	0.0516364	0.0418033	0.0233258	0.0239295	0.0237885	0.0175892	0.012426	0.0148791	0.0100402	0.009265	0.0113107	0.0248356	0.0154337	0.0172563	0.0169062	0.0136319	0.0151188	0.0138889	0.0081154	0.0135379	0.0171464	0.0249332	0.0326848	0.0237741	0.0278638	0.0359334	0.028181	0.0251938	0.0352665	0.0511583	0.034345	0.0474453	0.0492372	0.0776778	0.0757156	0.0655903	0.0720339	0.073	0.0730994	0.0546318	0.0760165	
Goéland bourgmestre	0.0	0.0	0.0015	0.0015	7.819E-4	0.0024135	0.0	7.273E-4	0.0015	0.0	0.0	0.0	0.0	5.917E-4	0.0012399	5.02E-4	0.0012353	0.0	0.0	0.0	0.0	0.0	0.0	0.0	0.0	0.0	0.0	0.0	0.0	0.0	0.0	0.0	0.0	0.0	0.0	0.0	0.0	0.0	0.0	0.0	0.0	0.0	0.0100908	0.0084746	0.004	0.0087719	0.0015	5.893E-4	
Goéland brun	0.145868	0.1430855	0.0805533	0.1280045	0.1086787	0.1303298	0.1151079	0.1207273	0.1040984	0.0887886	0.0913098	0.077533	0.0584584	0.0579882	0.0514569	0.0406627	0.0321186	0.0306055	0.0314098	0.0202235	0.0293356	0.0321217	0.0165531	0.024478	0.0333333	0.0333634	0.032491	0.0532762	0.0676759	0.0754864	0.0995542	0.1250774	0.0990359	0.1127242	0.1085271	0.1528213	0.1583012	0.1238019	0.1633212	0.1927878	0.2354865	0.1957525	0.2159435	0.209322	0.205	0.2212476	0.1615202	0.1591043	
Goéland leucophée ou G. brun	0.0072102	0.0039968	0.0016273	0.0016769	0.0023456	0.0024135	0.0057554	0.0036364	0.0032787	0.0022573	0.0088161	0.0035242	0.0103466	0.0065089	0.0043397	0.001506	0.0	0.0	0.0043828	0.0015966	8.628E-4	8.453E-4	0.0	7.199E-4	0.0015	0.0018034	0.0027076	0.0024495	0.0017809	0.0031128	0.0089153	0.003096	0.0017528	0.0025619	0.005814	0.0062696	0.0067568	0.0015974	0.0063869	0.0034674	0.0089943	0.0083102	0.0050454	0.0025424	0.002	0.0019493	0.0059382	0.0058928	
Goéland à ailes blanches	0.0	0.0023981	0.0032547	0.0027949	0.0031274	8.045E-4	0.0021583	0.0014545	8.197E-4	0.0022573	0.0012594	4.405E-4	0.001552	0.0011834	6.2E-4	0.0	0.0	0.0	0.0	0.0	0.0	0.0	0.0	0.0	0.0	0.0	0.0	0.0	0.0	0.0	0.0	0.0	0.0	0.0	0.0	0.0	0.0	0.0	0.0	0.0	0.0	0.0027701	0.0020182	0.0016949	0.0	0.0	0.0023753	0.0017678	
goéland sp. (Larus sp.)	0.0072102	0.0039968	0.0044752	0.0033538	0.0062549	0.0096541	0.0165468	0.0072727	0.0065574	0.0045147	0.0025189	0.0057269	0.004656	0.008284	0.0024799	0.00251	6.177E-4	0.0026613	0.0021914	0.0	0.0034513	0.0042265	0.0	0.0014399	9.259E-4	9.017E-4	9.025E-4	0.0030618	0.0017809	0.0038911	0.0029718	0.0074303	0.0026293	0.0042699	0.0067829	0.0062696	0.0086873	0.0071885	0.0127737	0.0180305	0.0098119	0.0064635	0.0090817	0.009322	0.012	0.0126706	0.0059382	0.006482	
goéland ou mouette sp.	0.0016639	0.0	4.068E-4	0.0011179	0.0	8.045E-4	0.0	0.0021818	0.0015	0.0037622	0.0018892	8.811E-4	0.0010347	5.917E-4	0.0024799	0.001506	0.0	6.653E-4	7.305E-4	5.322E-4	0.0	0.0015	0.0	0.0015	0.0015	0.0015	9.025E-4	0.0012247	0.0017809	0.0015564	7.429E-4	0.003096	0.0043821	0.0017079	9.69E-4	0.0015	9.653E-4	0.0015974	0.004562	0.0020804	0.002453	0.0	0.0015	0.0016949	0.0	0.0	0.0	0.0011786	
Sterne naine	0.0	0.0	0.0	0.0	0.0	0.0	0.0	0.0	0.0	0.0	0.0	0.0	0.0	0.0	0.0	0.0	0.0	6.653E-4	0.0036523	0.0010644	0.0051769	8.453E-4	9.737E-4	0.0015	0.0015	0.0015	0.0015	6.124E-4	0.0035619	0.0015564	0.0044577	0.006192	0.0026293	0.0042699	0.005814	0.0101881	0.0057915	0.0015974	0.0	0.0	0.0	0.0	0.0	0.0	0.0	0.0	0.0	0.0	
Petite Sterne	0.0	0.0	0.0	0.0	0.0	0.0	0.0	0.0	0.0	0.0	0.0	0.0	0.0	0.0	0.0	0.0	0.0	0.0	0.0	0.0	0.0	0.0	0.0	0.0	0.0	0.0	0.0	0.0	0.0	0.0	0.0	0.0	0.0	0.0	0.0	7.837E-4	0.0	0.0	0.0	0.0	0.0	0.0	0.0	0.0	0.0	0.0	0.0	0.0	
Sterne hansel	0.0	0.0	0.0	0.0	0.0	0.0	0.0	0.0	0.0	0.0	0.0	0.0	5.173E-4	0.0	6.2E-4	0.0	6.177E-4	0.0015	0.0015	0.0015	0.0017256	0.0016906	0.0015	0.0043197	0.0018519	0.0054103	0.0018051	6.124E-4	0.0	0.0046693	0.0044577	0.0015	0.0	8.54E-4	9.69E-4	0.0015	0.0	0.0	0.0	0.0	0.0	0.0	0.0	0.0	0.0	0.0	0.0	0.0	
Sterne caspienne	0.0	0.0	0.0	0.0	0.0	0.0	0.0	0.0	0.0	0.0	0.0	4.405E-4	0.0	0.0011834	0.0	5.02E-4	6.177E-4	0.0	0.0	0.0	0.0	0.0	0.0	0.0	0.0027778	0.0	0.0	6.124E-4	8.905E-4	7.782E-4	0.0052006	0.0160991	0.0184049	0.0170794	0.0164729	0.0031348	0.0048263	0.0031949	9.124E-4	0.0	0.0	0.0	0.0	0.0	0.0	0.0	0.0	0.0	
Guifette moustac	0.0	0.0	0.0	0.0	0.0	0.0	0.0	0.0	0.0	0.0	0.0	4.405E-4	0.0134506	0.0047337	0.0024799	0.0040161	0.001853	0.003992	0.0014609	0.0015	0.0025884	0.0	0.0015	0.0014399	0.0	0.0	0.0	0.0012247	8.905E-4	0.0023346	7.429E-4	6.192E-4	0.0015	0.0015	0.0	0.0	0.0	0.0	0.0	0.0	0.0	0.0	0.0	0.0	0.0	0.0	0.0	0.0	
Guifette noire	0.0	0.0	0.0	0.0015	0.0	0.0	0.0	0.0	0.0	0.0	0.0	0.0	0.0	5.917E-4	6.2E-4	5.02E-4	0.0024707	6.653E-4	0.0021914	5.322E-4	0.0025884	0.0015	0.0	0.0014399	0.0018519	0.0	9.025E-4	0.0042866	0.0071238	0.0038911	0.0200594	0.0142415	0.0210342	0.0486763	0.0106589	0.0211599	0.0250965	0.0079872	0.0091241	0.0020804	0.004906	0.0015	0.0	0.0	0.0	0.0	0.0	0.0	
Guifette leucoptère	0.0	0.0	0.0	0.0	0.0	0.0	0.0	0.0	0.0	0.0	0.0	0.0	0.0	0.0	0.0	0.0	0.0	0.0	0.0	0.0	0.0	0.0	0.0	0.0	0.0	0.0	0.0	0.0	0.0	0.0	0.0	6.192E-4	8.764E-4	0.0213493	9.69E-4	7.837E-4	0.0	0.0	0.0	0.0	0.0	0.0	0.0	0.0	0.0	0.0	0.0	0.0	
guifette sp.	0.0	0.0	0.0	0.0	0.0	0.0	0.0	0.0	0.0	0.0	0.0	0.0	0.0	0.0	0.0	0.0	0.0	0.0	0.0015	0.0	0.0	0.0	0.0	0.0	0.0	0.0	0.0	0.0	0.0	0.0	0.0	0.0	0.0015	0.0015	0.0	0.0015	9.653E-4	0.0	0.0	0.0	0.0	0.0	0.0	0.0	0.0	0.0	0.0	0.0	
Sterne arctique	0.0	0.0	0.0	0.0	0.0015	0.0	0.0	0.0	0.0	0.0	6.297E-4	0.0	0.0010347	0.0	0.0	0.0	0.0	0.0	0.0	0.0	0.0	0.0	0.0	0.0	0.0	0.0	0.0	0.0	0.0	7.782E-4	0.0014859	0.0092879	0.0035057	0.0119556	0.0087209	0.031348	0.030888	0.0047923	0.0054745	0.0291262	0.0228945	0.0129271	0.0221998	0.0076271	0.001	9.747E-4	0.0	0.0	
Sterne pierregarin	0.0	0.0	4.068E-4	0.0	0.0	0.0	0.0	7.273E-4	0.0	0.0	0.0018892	0.0013216	0.0186239	0.0023669	0.0015	5.02E-4	0.0	0.0	0.0102264	0.0021288	0.0043141	0.0025359	9.737E-4	0.0014399	9.259E-4	0.0027051	0.0018051	0.0015	0.0026714	0.0038911	0.0081724	0.0167183	0.0096407	0.0119556	0.0096899	0.0344828	0.0405405	0.0071885	0.0218978	0.0367545	0.0359771	0.0304709	0.0201816	0.0076271	0.001	0.002924	0.0	0.0	
Sterne pierregarin ou S. arctique	0.0	0.0	0.0	0.0	0.0015	0.0	7.194E-4	0.0	0.0	0.0	0.0	4.405E-4	5.173E-4	0.0	0.0	0.0	0.0	0.0	7.305E-4	0.0	0.0	0.0	0.0	0.0	0.0	0.0	0.0	0.0	0.0026714	7.782E-4	0.0052006	0.0111455	0.0078878	0.0093937	0.002907	0.0297806	0.042471	0.0047923	0.0173358	0.0117892	0.0188062	0.0027701	0.0090817	0.0050847	0.002	0.0019493	0.0	0.0	
Sterne de Dougall	0.0	0.0	0.0	0.0	0.0	0.0	0.0	0.0	0.0	0.0	0.0	0.0	0.0	0.0	0.0	0.0	0.0	0.0	0.0	0.0	0.0043141	0.0	0.0	0.0	0.0	0.0	0.0	0.0	0.0	0.0	0.0	6.192E-4	0.0	0.0	0.0	0.0	0.0	0.0	0.0	0.0	0.0	0.0	0.0	0.0	0.0	0.0	0.0	0.0	
Sterna sp.	0.0	0.0	0.0	0.0	0.0	0.0	0.0	0.0	0.0	0.0	0.0	0.0	0.0	0.0	0.0	0.0	0.0	0.0	0.0	0.0	0.0	0.0	0.0	0.0	0.0	0.0	0.0	0.0	0.0	0.0	0.0	0.0	0.0	0.0	0.0	0.0	0.0	0.0	0.0	0.0	8.177E-4	0.0	0.0	0.0	0.0	0.0	0.0	0.0	
Sterne caugek	0.0205214	0.0135891	0.007323	0.0095025	0.0078186	0.0080451	0.0057554	0.0021818	0.0016393	0.0015049	0.0144836	0.0339207	0.065701	0.0201183	0.0080595	0.002008	0.003706	0.0073187	0.0065741	0.0063864	0.0086281	0.010989	0.0029211	0.0093593	0.0138889	0.0099188	0.017148	0.0183711	0.032057	0.0217899	0.026003	0.0396285	0.0341805	0.0333049	0.0377907	0.0603448	0.0646718	0.0215655	0.0346715	0.0332871	0.0752249	0.0378578	0.049445	0.0474576	0.031	0.045809	0.0178147	0.0147319	
Sterne voyageuse	0.0	0.0	0.0	0.0	0.0	0.0	0.0	0.0	0.0	0.0	0.0	0.0	0.0	0.0	0.0	0.0	0.0	0.0	0.0	0.0	8.628E-4	0.0	0.0	0.0	0.0	0.0	0.0	0.0	0.0	0.0	0.0	0.0	0.0	0.0	0.0	0.0	0.0	0.0	0.0	0.0	0.0	0.0	0.0	0.0	0.0	0.0	0.0	0.0	
sterne sp.	5.546E-4	0.0	0.0	0.0	0.0	0.0	0.0	0.0	0.0	0.0	0.0012594	8.811E-4	5.173E-4	0.0	0.0	0.0015	0.0	6.653E-4	0.0021914	0.0015	0.0015	0.0	0.0015	0.0	9.259E-4	9.017E-4	0.0	0.0	0.0017809	0.0031128	0.0014859	0.0049536	0.0026293	0.0017079	0.001938	0.0031348	0.0019305	0.0055911	0.0018248	0.001387	8.177E-4	0.0018467	0.0010091	0.0016949	0.0	0.0	0.0	5.893E-4	
Flamant rose	0.0072102	0.008793	0.0044752	0.0078256	0.0086005	0.0080451	0.0107914	0.0065455	0.0098361	0.0090293	0.0050378	0.0070485	0.006208	0.008284	0.0074396	0.0050201	0.012971	0.007984	0.0073046	0.0069186	0.0069025	0.010989	0.0077897	0.0093593	0.0074074	0.0108206	0.0	6.124E-4	0.0	0.0	0.0	0.0	0.0	0.0153715	0.0416667	0.0195925	0.027027	0.0223642	0.0191606	0.0180305	0.0139002	0.0166205	0.0131181	0.0118644	0.011	0.0136452	0.0106888	0.0076606	
Grèbe castagneux	0.213533	0.2022382	0.1082181	0.1978759	0.1939015	0.1987128	0.1870504	0.1854545	0.1836066	0.1835967	0.1586902	0.1700441	0.1634765	0.1538462	0.1463112	0.1405622	0.130945	0.1350632	0.1300219	0.1240021	0.1285591	0.1251057	0.1450828	0.150468	0.1518519	0.1451758	0.1606498	0.1867728	0.2181656	0.2116732	0.2072808	0.1931889	0.1928133	0.1972673	0.2005814	0.1653605	0.1795367	0.172524	0.1687956	0.1782247	0.1733442	0.1689751	0.1705348	0.2008475	0.201	0.2222222	0.2351544	0.1956394	
Grèbe esclavon	5.546E-4	0.0015	0.0044752	0.0027949	0.0023456	0.0040225	0.0014388	0.0021818	0.002459	0.006772	0.0050378	0.0039648	0.003104	0.0017751	0.0012399	0.0	0.0	0.0	0.0	0.0	0.0	0.0	0.0	0.0	0.0	0.0	0.0	0.0	0.0	0.0	0.0	0.0	0.0	0.0	0.0	0.0	0.0	0.0	0.0	0.0	0.0	0.0	0.0	0.0	0.0	0.0	0.0	0.0	
Grèbe jougris	0.0022185	0.0031974	8.137E-4	0.0027949	0.0015637	0.0024135	0.0028777	0.0029091	0.0016393	0.0022573	0.0037783	0.007489	0.0010347	0.0023669	0.0030998	0.0	0.0	0.0	0.0	0.0	0.0	0.0	0.0	0.0	0.0	0.0	0.0	0.0	0.0	0.0	0.0	0.0	0.0	0.0	0.0	0.0	0.0	0.0	0.0	0.0	0.0	0.0	0.0	0.0	0.0	0.0	0.0	0.0	
Grèbe huppé	0.0338325	0.0455635	0.0296989	0.0380101	0.0367475	0.0474658	0.0381295	0.0610909	0.0327869	0.0526712	0.0484887	0.0462555	0.0481117	0.0526627	0.0477371	0.0461847	0.0382952	0.0439122	0.0525931	0.0340607	0.0474547	0.0380389	0.0467381	0.0561555	0.0462963	0.0405771	0.0424188	0.0538885	0.0596616	0.0536965	0.076523	0.0631579	0.0446976	0.0742955	0.0339147	0.0470219	0.0521236	0.0543131	0.0364964	0.0346741	0.0327065	0.0517082	0.0322906	0.05	0.051	0.0643275	0.0510689	0.04066	
Grèbe à cou noir	0.0260677	0.0143885	0.0126119	0.0307434	0.0234558	0.0289622	0.0179856	0.0109091	0.0081967	0.006772	0.006927	0.0057269	0.001552	5.917E-4	0.0	5.02E-4	0.0	6.653E-4	7.305E-4	0.0	0.0	8.453E-4	0.0	0.0	0.0	0.0	0.0	0.0	0.0017809	7.782E-4	7.429E-4	0.0012384	8.764E-4	8.54E-4	0.004845	0.0047022	0.007722	0.0063898	0.0063869	0.0083218	0.0065413	0.0175439	0.0100908	0.0237288	0.008	0.0282651	0.0190024	0.0247496	
Podiceps sp.	0.0	0.0	0.0	0.0	0.0	0.0	0.0	0.0	0.0	0.0	0.0	0.0	0.0	0.0	0.0	0.0	0.0	0.0	0.0	0.0	0.0	0.0	0.0	0.0	0.0	0.0	0.0	0.0	0.0	0.0	0.0	0.0	0.0	0.0	0.0	0.0	0.0	0.0	0.0	0.0	0.0	0.0	0.0	0.0	0.0	0.0	0.0015	0.0	
Plongeon catmarin	0.0144204	0.0159872	0.0077299	0.0089435	0.0046912	0.0112631	0.0043165	7.273E-4	8.197E-4	0.0	0.0	0.0	0.0	0.0011834	0.0	0.0	0.0	0.0015	0.0	0.0	0.0	0.0	0.0	0.0	0.0	0.0	0.0	0.0	0.0	0.0	0.0	0.0	0.0	0.0	0.0	0.0	0.0	0.0	9.124E-4	6.935E-4	0.0040883	0.0027701	0.0292634	0.0271186	0.037	0.0409357	0.0142518	0.0141426	
Plongeon arctique	0.0038824	0.0055955	0.0	0.0027949	0.0039093	0.003218	0.0021583	7.273E-4	0.0	0.0	0.0	0.0	0.0	0.0	0.0	0.0	0.0	0.0	0.0	0.0	0.0	0.0	0.0	0.0	0.0	0.0	0.0	0.0	0.0	0.0	0.0	0.0	0.0	0.0	0.0	0.0	0.0	0.0	0.0	0.0	8.177E-4	9.234E-4	0.0020182	0.0050847	0.004	0.0126706	0.0011876	0.0023571	
Plongeon imbrin	0.0499168	0.0359712	0.0211554	0.0301845	0.0304926	0.0265487	0.023741	0.0174545	0.0139344	0.0120391	0.0094458	0.0096916	0.0072426	0.0065089	0.0049597	0.0060241	0.001853	0.0033267	0.0036523	0.0031932	0.0	0.0	9.737E-4	0.0015	0.0	0.0	0.0	0.0	0.0	0.0	0.0	0.0	8.764E-4	0.0	0.0	0.0	0.0	0.0	0.0	0.0	0.0089943	0.0110803	0.0151362	0.029661	0.045	0.0701754	0.0427553	0.0465527	
plongeon sp.	0.0016639	0.0031974	0.0	5.59E-4	0.0015637	8.045E-4	0.0014388	0.0	0.0	0.0	0.0	0.0	0.0	0.0	0.0	0.0	0.0	0.0	0.0	0.0	0.0	0.0	9.737E-4	0.0	0.0	0.0	0.0	0.0	0.0	0.0	0.0	0.0	0.0	0.0	0.0	0.0	0.0	0.0	0.0	0.0	8.177E-4	0.0	0.0040363	0.0050847	0.004	0.0077973	0.0059382	0.0017678	
Océanite de Wilson	0.0	7.994E-4	0.0	0.0	0.0	0.0	0.0	0.0	0.0	0.0	0.0	0.0	0.0	0.0	0.0	0.0	0.0	0.0	0.0	0.0	0.0	0.0	0.0	0.0	9.259E-4	0.006312	0.0036101	0.0030618	0.0089047	0.0070039	0.0066865	0.0043344	0.0043821	0.0042699	9.69E-4	0.0015674	9.653E-4	0.0	0.0	0.0069348	0.007359	0.0129271	0.012109	0.0016949	0.0	0.0	0.0	0.0	
Oceanites sp.	0.0	0.0	0.0	0.0	0.0	0.0	0.0	0.0	0.0	0.0	0.0	0.0	0.0	0.0	0.0	0.0	0.0	0.0	0.0	0.0	0.0	0.0	0.0	0.0	0.0	0.0	0.0	0.0	0.0	0.0	0.0	0.0	0.0	0.0	0.0	0.0	0.0	0.0	0.0	0.0	8.177E-4	0.0	0.0	0.0	0.0	0.0	0.0	0.0	
Océanite tempête	0.0	0.0023981	0.0036615	0.0022359	7.819E-4	0.0024135	0.0014388	0.0065455	0.0	0.0	6.297E-4	0.0	0.0010347	5.917E-4	6.2E-4	5.02E-4	6.177E-4	0.001996	0.0014609	0.0021288	0.0034513	0.0050719	9.737E-4	0.0014399	0.0064815	0.0144274	0.0072202	0.0104103	0.0222618	0.0132296	0.0237741	0.0179567	0.0113935	0.0102477	0.004845	0.0125392	0.0086873	0.0031949	0.0155109	0.017337	0.0188062	0.0267775	0.0191726	0.0033898	0.003	0.0077973	0.0	0.0011786	
Océanite culblanc	5.546E-4	0.0047962	8.137E-4	0.0039128	0.0	0.004827	0.0	0.0	0.0	0.0	0.0	0.0	0.0	0.0	0.0	0.0	0.0	0.0	0.0	0.0	0.0	0.0	0.0	0.0	0.0	0.0	0.0	0.0	0.0	0.0	0.0	0.0	0.0026293	0.0025619	9.69E-4	0.0125392	0.0067568	0.0039936	0.0082117	0.0235784	0.0327065	0.0295476	0.0504541	0.0110169	0.007	0.0136452	0.0	0.0029464	
Océanite de Castro	0.0	0.0	0.0	0.0	0.0	0.0	0.0	0.0	0.0	0.0	0.0	0.0	0.0	0.0	0.0	0.0	0.0	0.0	0.0	0.0	0.0	0.0	0.0	0.0	0.0	0.0	0.0	0.0	0.0	0.0	0.0	0.0	0.0	0.0	0.0	0.0	0.0	0.0	0.0	0.0015	0.0	0.0	0.0	0.0	0.0	0.0	0.0	0.0	
Hydrobates sp.	0.0	7.994E-4	4.068E-4	5.59E-4	0.0	0.0	0.0	0.0	0.0	0.0	0.0	0.0	0.0	0.0	0.0	0.0	0.0	0.0	0.0	0.0	0.0	0.0	0.0	0.0	0.0	9.017E-4	0.0018051	0.0012247	0.0035619	0.0015564	0.0059435	0.0	8.764E-4	0.0017079	9.69E-4	0.0039185	0.0067568	0.0031949	0.0027372	0.0062413	0.0139002	0.0083102	0.0040363	0.0	0.002	0.0038986	0.0	0.0011786	
océanite sp. (croupion pâle)	0.0	0.0	0.0	0.0	0.0	0.0	0.0	0.0	0.0	0.0	0.0	0.0	0.0	0.0	0.0	0.0	0.0	0.0	0.0	0.0	0.0	0.0	0.0	0.0	0.0	9.017E-4	0.0	0.0	0.0	0.0	0.0	0.0	0.0	0.0	0.0	0.0	0.0	0.0	0.0	0.0	0.0	0.0	0.0	0.0	0.0	0.0	0.0	0.0	
océanite sp.	0.0	0.0	0.0	0.0	0.0	0.0	0.0	0.0	0.0	0.0	0.0	0.0	0.0	0.0	0.0	0.0	0.0	0.0	0.0	0.0	0.0	0.0	0.0	0.0	0.0	0.0	0.0	0.0	0.0	0.0	0.0	0.0	0.0	0.0	0.0	0.0	0.0	0.0	0.0	0.0	8.177E-4	0.0	0.0	0.0	0.0	9.747E-4	0.0	5.893E-4	
Fulmar boréal	0.0015	0.0023981	4.068E-4	0.0	0.0015637	0.001609	0.0	0.0072727	0.0	0.0	0.0	0.0	0.0	0.0	0.0	0.0	0.0	0.0	0.0	0.0010644	8.628E-4	0.0	9.737E-4	0.0014399	0.0015	0.0	0.0	6.124E-4	0.0017809	0.0015564	0.0014859	0.0024768	8.764E-4	8.54E-4	0.0	7.837E-4	0.0	7.987E-4	0.0	0.0	0.002453	0.010157	0.0020182	8.475E-4	0.002	0.002924	0.0	0.0	
Pétrel des Desertas	0.0	0.0	0.0	0.0	0.0	0.0	0.0	0.0	0.0	0.0	0.0	0.0	0.0	0.0	0.0	0.0	0.0	0.0	0.0	0.0	0.0	0.0	0.0	0.0	9.259E-4	0.0	0.0	0.0	0.0	0.0	0.0	0.0	8.764E-4	0.0	0.0	0.0	0.0	0.0	0.0	0.0020804	0.0	0.0	0.0010091	0.0	0.0	0.0	0.0	0.0	
Pétrel de Madère ou P. gongon ou P. des Desertas	0.0	0.0	0.0	0.0	0.0	0.0	0.0	0.0	0.0	0.0	0.0	0.0	0.0	0.0	0.0	0.0	0.0	0.0	0.0	0.0	0.0	0.0	0.0	0.0	0.0	0.0	0.0	0.0	0.0	0.0	0.0	0.0	0.0	0.0	0.0	0.0015674	0.0	0.0	0.0	0.0	0.0	0.0	0.0	0.0	0.0	0.0	0.0	0.0	
Puffin cendré	0.0	0.0	0.0	0.0	7.819E-4	0.0	0.0	0.0	0.0	0.0	0.0	0.0	0.0	0.0	0.0	0.0	6.177E-4	0.0	0.0	0.0	0.0	8.453E-4	0.0019474	0.0028798	0.0074074	0.0108206	0.0063177	0.0079608	0.0097952	0.0108949	0.0066865	0.0160991	0.0070114	0.0068318	0.0077519	0.0141066	0.0183398	0.0079872	0.0136861	0.018724	0.0220769	0.0073869	0.0010091	0.0	0.0	0.0	0.0	0.0	
Puffin de Scopoli	0.0	0.0	0.0	0.0	0.0	0.0	0.0	0.0	0.0	0.0	0.0	0.0	0.0	0.0	0.0	0.0	0.0	0.0	0.0	0.0	0.0	8.453E-4	0.0	0.0	0.0027778	0.0036069	0.0018051	0.0036742	0.0062333	0.0038911	0.0014859	0.0024768	0.0026293	0.0017079	0.004845	0.0023511	0.0067568	0.0047923	0.0127737	0.0097087	0.0032706	9.234E-4	0.0	0.0	0.0	0.0	0.0	0.0	
Puffin cendré ou P. de Scopoli	0.0	0.0	4.068E-4	0.0	7.819E-4	0.0	0.0	0.0	8.197E-4	0.0	0.0	4.405E-4	0.0010347	0.0	0.0	0.0	0.0	0.0	0.0	0.0015966	0.0034513	0.0050719	0.0029211	0.0050396	0.012963	0.0162308	0.0099278	0.0128598	0.0338379	0.0108949	0.0185736	0.0359133	0.0245399	0.0247652	0.0184109	0.0478056	0.0530888	0.0247604	0.0355839	0.0395284	0.0367948	0.0129271	0.0050454	0.0025424	0.001	0.0019493	0.0	0.0	
Puffin du Cap-Vert	0.0	0.0	0.0	0.0	0.0	0.0	0.0	0.0	0.0	0.0	0.0	0.0	0.0	0.0	0.0	0.0	0.0	0.0	0.0	0.0	0.0	0.0	0.0	0.0	0.0	0.0	0.0	0.0	0.0	0.0	0.0	0.0	0.0	0.0	0.0015	0.0	0.0	0.0	0.0	0.0	0.0	0.0	0.0	0.0	0.0	0.0	0.0	0.0	
Puffin majeur	0.0	0.0015987	0.0	0.0	0.0	0.0	0.0	0.0	0.0	0.0	0.0	0.0	0.0	0.0	0.0	0.0	0.0	0.0	0.0	0.0	8.628E-4	8.453E-4	0.0	0.0	0.0	0.0045086	0.0018051	0.0042866	0.0124666	0.0070039	0.01263	0.0074303	0.0096407	0.0128096	0.0096899	0.0242947	0.0318533	0.0071885	0.024635	0.0305132	0.0351594	0.023084	0.0201816	0.0050847	0.003	0.0048733	0.0	0.0	
Puffin fuligineux	5.546E-4	0.0071942	8.137E-4	0.0022359	0.0023456	0.0	0.0014388	7.273E-4	0.0	0.0	6.297E-4	0.0	5.173E-4	0.0	0.0	5.02E-4	0.0	0.0	7.305E-4	5.322E-4	0.0051769	0.0016906	0.0	0.0	0.0018519	0.0036069	0.0027076	0.0024495	0.0097952	0.0054475	0.0111441	0.0340557	0.0201578	0.028181	0.0193798	0.0634796	0.0666023	0.0327476	0.0593066	0.0603329	0.0735895	0.033241	0.0383451	0.0135593	0.019	0.0155945	0.0011876	0.0029464	
Puffin des Anglais	0.0072102	0.0167866	0.0040683	0.0089435	0.0046912	0.0152856	0.0057554	0.0094545	0.0057377	7.524E-4	0.0012594	0.0	0.0025867	0.0	0.0	0.001004	0.0	0.0	7.305E-4	0.0	0.0077653	0.0016906	0.0	0.0014399	0.0018519	0.006312	0.0	6.124E-4	0.0035619	7.782E-4	0.0059435	0.0136223	0.0078878	0.0213493	0.0135659	0.0478056	0.0521236	0.0199681	0.0410584	0.0443828	0.0768602	0.0212373	0.0332997	0.0161017	0.016	0.0146199	0.0035629	0.0082499	
Puffin yelkouan	5.546E-4	0.0	0.0	0.0	0.0	8.045E-4	0.0	0.0	0.0	0.0	0.0	0.0	0.0	0.0	0.0	0.0	0.0	0.0	0.0014609	0.0	0.0025884	0.0	0.0	0.0	0.0	0.0	0.0	0.0	0.0	0.0	0.0	0.0	0.0	0.0	0.0	0.0	0.0	0.0	9.124E-4	0.0	0.0016353	0.0	0.0010091	0.0	0.0	0.0	0.0	0.0	
Puffin des Baléares	0.0133111	0.0319744	0.0077299	0.0122974	0.0140735	0.0144811	0.0086331	0.0058182	0.0106557	0.0015049	0.0031486	0.0035242	0.0072426	0.004142	0.0012399	0.001506	0.001853	0.001996	0.0029218	0.0037254	0.0172563	0.010989	0.0019474	0.0057595	0.0101852	0.0135257	0.0126354	0.0128598	0.0267142	0.0155642	0.0237741	0.0414861	0.0271691	0.0315969	0.0213178	0.0689655	0.0704633	0.0423323	0.0720803	0.0783634	0.1210139	0.0535549	0.0686176	0.040678	0.044	0.0360624	0.0142518	0.0200354	
Puffin yelkouan ou P. des Baléares	0.0	0.0	4.068E-4	5.59E-4	0.0	0.0	7.194E-4	0.0	0.0	0.0	0.0	0.0	0.0	0.0	0.0	0.0	0.0	0.0	0.0	0.0	8.628E-4	0.0	0.0	0.0	0.0	0.0	0.0	0.0	0.0	0.0	0.0	0.0015	0.0	8.54E-4	0.0	0.0	0.0048263	0.0031949	0.0027372	0.001387	8.177E-4	9.234E-4	0.0020182	8.475E-4	0.0	0.0	0.0011876	0.0	
Puffin de Macaronésie	0.0	0.0	0.0	0.0	0.0	0.0	0.0	0.0	0.0	0.0	0.0	0.0	0.0	0.0	0.0	0.0	0.0	0.0	0.0	0.0	0.0	0.0	0.0	0.0	0.0	0.0	0.0	0.0	0.0	0.0	0.0	0.0	0.0	0.0	0.0	0.0	0.0	0.0	0.0	0.0	0.0	0.0	0.0010091	0.0	0.0	0.0	0.0	0.0	
Puffin de Macaronésie ou P. de Boyd	0.0	0.0	0.0	0.0	0.0	0.0	0.0	0.0	0.0	0.0	0.0	0.0	0.0	0.0	0.0	0.0	0.0	0.0	0.0	0.0	0.0	0.0	0.0	0.0	0.0	0.0	0.0	0.0	0.0	0.0	0.0	0.0	0.0	0.0	0.0	0.0	0.0	0.0	0.0	6.935E-4	0.0	0.0	0.0	0.0	0.0	0.0	0.0	0.0	
Puffinus sp. (noir et blanc)	5.546E-4	0.0	0.0	0.0	0.0	8.045E-4	0.0	0.0	8.197E-4	0.0	0.0	0.0	0.0	0.0	0.0	0.0	0.0	6.653E-4	0.0	0.0	8.628E-4	0.0	0.0	0.0	0.0	0.0	0.0	0.0	0.0	0.0	0.0	0.0	0.0026293	0.0	0.001938	0.0	0.0019305	0.0	0.0	6.935E-4	0.0016353	9.234E-4	0.0	8.475E-4	0.0	0.0	0.0	0.0	
Calonectris, Ardenna ou Puffinus sp.	5.546E-4	0.0031974	8.137E-4	0.0022359	7.819E-4	0.0	7.194E-4	0.0	8.197E-4	0.0	0.0	0.0	0.0	0.0	6.2E-4	0.0	6.177E-4	6.653E-4	0.0	5.322E-4	8.628E-4	0.0	9.737E-4	7.199E-4	0.0018519	0.0018034	0.0	6.124E-4	0.0026714	0.0015	7.429E-4	0.0024768	0.0052585	0.0	0.001938	0.007837	0.0125483	0.0047923	0.0082117	0.0055479	0.007359	0.0046168	0.0	0.0076271	0.005	0.005848	0.0011876	0.0011786	
Cigogne noire	0.0	0.0	0.0	0.0	0.0	0.0	0.0	0.0	0.0065574	0.0082769	0.0170025	0.0057269	0.0191412	0.0094675	0.0061996	0.0120482	0.0105003	0.0086494	0.0036523	0.005322	8.628E-4	8.453E-4	0.0	7.199E-4	0.0	0.0	0.0015	0.0012247	0.0026714	0.0062257	0.0059435	0.0055728	0.0078878	0.0017079	0.002907	0.0	0.0028958	0.0023962	0.0054745	0.0015	8.177E-4	9.234E-4	0.0015	0.0	0.0	0.0	0.0	0.0	
Cigogne blanche	0.0427066	0.0623501	0.0276648	0.0637228	0.0906959	0.1021722	0.0920863	0.1323636	0.1040984	0.1309255	0.1095718	0.1088106	0.1184687	0.1171598	0.1140732	0.1024096	0.1062384	0.1157685	0.1146822	0.1011176	0.1138913	0.101437	0.1217137	0.1223902	0.1175926	0.1172227	0.0938628	0.0906307	0.0952805	0.0863813	0.0861813	0.0773994	0.0569676	0.0982067	0.0523256	0.0509404	0.0395753	0.0535144	0.0501825	0.0471567	0.055601	0.0480148	0.0383451	0.0415254	0.058	0.0692008	0.0712589	0.0742487	
cigogne sp.	0.0	0.0	0.0	0.0	0.0	0.0	0.0015	0.0	0.0	0.0015	0.0	0.0	0.0	0.0	0.0	0.0	0.0	0.0	0.0	0.0015	0.0	0.0	0.0	0.0	0.0	0.0	0.0	0.0	0.0	0.0	0.0	0.0	0.0	0.0	0.0	0.0	0.0	0.0	0.0	0.0	0.0	0.0	0.0	0.0	0.0	0.0	0.0	0.0	
Fou de Bassan	0.0549085	0.0615508	0.0244101	0.0335383	0.0414386	0.0530973	0.0395683	0.0523636	0.0598361	0.0398796	0.0528967	0.0735683	0.062597	0.035503	0.0198388	0.0110442	0.007412	0.00998	0.0058437	0.0047898	0.02761	0.0084531	0.0077897	0.0093593	0.0212963	0.0171326	0.0108303	0.0251072	0.0391808	0.0233463	0.0356612	0.0619195	0.0429448	0.0469684	0.0474806	0.0979624	0.1090734	0.0790735	0.0994526	0.1067961	0.1774325	0.0923361	0.1019173	0.0694915	0.081	0.0730994	0.04038	0.0553919	
Fou brun	5.546E-4	0.0	0.0	0.0	0.0015	0.0	0.0	0.0	0.0	0.0	0.0	0.0193833	0.0	0.0	0.0	0.0	0.0	0.0	7.305E-4	0.0	0.0	0.0	0.0	0.0	0.0	0.0	0.0	0.0	0.0	0.0	7.429E-4	0.0024768	0.0	8.54E-4	0.0	7.837E-4	0.0	0.0023962	0.0	0.0	8.177E-4	0.0	0.0010091	8.475E-4	0.0	0.0	0.0	0.0	
Grand Cormoran	0.4126456	0.4076739	0.2457282	0.3979877	0.3784206	0.3628319	0.3618705	0.36	0.3647541	0.3340858	0.2770781	0.2665198	0.1981376	0.1822485	0.1692498	0.1430723	0.1130327	0.1111111	0.1037253	0.0920703	0.0957722	0.1022823	0.1061344	0.1180706	0.1231481	0.122633	0.1344765	0.1641151	0.2021371	0.2038911	0.1998514	0.2346749	0.2340053	0.2391119	0.3158915	0.338558	0.3571429	0.3554313	0.3841241	0.3897365	0.4423549	0.4127424	0.4106963	0.4813559	0.421	0.4307992	0.4334917	0.3989393	
Cormoran huppé	0.0865225	0.0943245	0.0410903	0.0558971	0.0539484	0.0563154	0.0402878	0.0581818	0.047541	0.0300978	0.0333753	0.0502203	0.0600103	0.0366864	0.0402976	0.0261044	0.0376776	0.0352628	0.0233747	0.0313997	0.0543572	0.0490279	0.0350536	0.0403168	0.0444444	0.0405771	0.0541516	0.0483772	0.0703473	0.059144	0.051263	0.0662539	0.0560911	0.0520922	0.0484496	0.0815047	0.0801158	0.0439297	0.0629562	0.0700416	0.1251022	0.0904894	0.1029263	0.0805085	0.084	0.0964912	0.0653207	0.070713	
Grand Cormoran ou C. huppé	0.0022185	0.0	0.0	0.0	0.0	0.0	0.0	0.0	0.0	0.0	0.0	0.0	0.0	0.0	6.2E-4	0.0	0.0	0.0	0.0	0.0	0.0	0.0	9.737E-4	0.0	0.0	0.0	0.0	0.0	0.0	0.0	7.429E-4	0.0	0.0	0.0	0.0	0.0	0.0	0.0	0.0	0.0	0.0	0.0	0.0	0.0	0.0	0.0	0.0	0.0	
cormoran sp.	0.0	7.994E-4	0.0	0.0	0.0	0.0	0.0	0.0	8.197E-4	0.0	0.0	0.0	0.0	5.917E-4	0.0	0.0	0.0	0.0	0.0	0.0	0.0	0.0	0.0	0.0	0.0	0.0	0.0	0.0	0.0	7.782E-4	0.0	0.0012384	0.0	0.0	0.0	0.0	0.0	0.0	0.0018248	0.0	0.0	0.0	0.0	0.0	0.0	0.0	0.0	0.0	
Ibis falcinelle	0.0	7.994E-4	0.0	0.0015	0.0	0.001609	0.0	0.0029091	0.0081967	0.0082769	0.0100756	0.0066079	0.0082773	0.0053254	0.0061996	0.00251	0.003706	0.0013307	0.0	0.0	0.0025884	0.0033812	9.737E-4	0.0015	0.0015	0.0045086	0.0045126	0.0036742	0.015138	0.0178988	0.0200594	0.0086687	0.0184049	0.0418446	0.0445736	0.0164577	0.0135135	0.0111821	0.0100365	0.0055479	0.0016353	0.0	0.0020182	0.0033898	0.0	0.0038986	0.0035629	0.0011786	
Ibis chauve	0.0	0.0	0.0	0.0	0.0	0.0	0.0	0.0	0.0	0.0	0.0	0.0	0.0	0.0	0.0	0.0	0.0	0.0	0.0	0.0010644	0.0	0.0	0.0	0.0	0.0	0.0	0.0	0.0	0.0	0.0	0.0	0.0	0.0	0.0	0.0	0.0	0.0	0.0	0.0	0.0	0.0	0.0	0.0	0.0	0.0	0.0	0.0	0.0	
Spatule blanche	0.0626733	0.0719424	0.0337673	0.0653997	0.0664582	0.0611424	0.0597122	0.0530909	0.0721311	0.0790068	0.0780856	0.0929515	0.0734609	0.1	0.0898946	0.0968876	0.0796788	0.0838323	0.0891161	0.0883449	0.0862813	0.0879121	0.0954236	0.1043916	0.0916667	0.1018936	0.0866426	0.101041	0.1211042	0.1167315	0.141159	0.1417957	0.1542507	0.177626	0.1812016	0.1653605	0.1824324	0.14377	0.1149635	0.1054092	0.1030253	0.0757156	0.0514632	0.0737288	0.074	0.0692008	0.0807601	0.0512669	
Butor étoilé	0.0027732	0.0055955	0.0016273	5.59E-4	0.0046912	0.0040225	0.0	0.0	0.0	0.0015049	0.0	0.0	0.0	5.917E-4	0.0012399	0.001506	0.0012353	0.0	0.0	0.0	0.0	0.0	0.0	0.0	0.0	0.0	0.0	0.0	0.0	0.0	0.0	0.0	0.0	0.0	0.0	0.0	0.0	0.0	0.0018248	0.0	8.177E-4	9.234E-4	0.0030272	0.0016949	0.004	0.0048733	0.0023753	0.0023571	
Blongios nain	0.0	0.0	0.0	0.0	0.0	0.0	0.0	0.0	0.0	0.0	0.0	0.0	0.0	0.0029586	0.0049597	0.0040161	0.0030883	0.0053227	0.0043828	0.0021288	0.0077653	0.0025359	9.737E-4	7.199E-4	0.0	0.0018034	0.0	6.124E-4	0.0	0.0	7.429E-4	6.192E-4	0.0015	0.0015	0.0	0.0	0.0	0.0	0.0	0.0	0.0	0.0	0.0	0.0	0.0	0.0	0.0	0.0	
Bihoreau gris	0.0354964	0.0207834	0.0081367	0.0184461	0.0273651	0.0265487	0.0258993	0.0181818	0.0114754	0.0127916	0.0157431	0.0171806	0.0098293	0.0147929	0.0179789	0.0175703	0.012971	0.0206254	0.017531	0.0175625	0.0319241	0.0194421	0.0389484	0.0316775	0.0351852	0.0468891	0.0442238	0.0532762	0.0587711	0.0653696	0.0572065	0.0414861	0.0420684	0.0333049	0.0281008	0.0180251	0.0086873	0.0103834	0.0072993	0.0110957	0.0196239	0.0129271	0.0151362	0.0144068	0.014	0.0155945	0.0190024	0.0212139	
Aigrette garzette	0.2251803	0.1982414	0.1147274	0.1917272	0.2040657	0.1786002	0.2057554	0.1876364	0.2114754	0.2099323	0.1889169	0.1881057	0.1588205	0.1715976	0.1785493	0.1641566	0.1537986	0.1417166	0.1519357	0.1261309	0.1432269	0.1174979	0.1528724	0.1576674	0.1768519	0.1884581	0.2211191	0.2578077	0.286732	0.2933852	0.3350669	0.3201238	0.3286591	0.3612297	0.3304264	0.338558	0.3291506	0.2819489	0.2937956	0.2801664	0.270646	0.2631579	0.2603431	0.2771186	0.259	0.2368421	0.2589074	0.2062463	
Hybride Aigrette garzette x A. des récifs	0.0	0.0	0.0	0.0	0.0	0.0	0.0	0.0	0.0	0.0	0.0	0.0	0.0	0.0	0.0	0.0015	0.0	0.0	0.0	0.0	0.0	0.0	0.0	0.0	0.0	0.0	0.0	0.0	0.0	0.0	0.0	0.0012384	0.0	0.0	0.0	0.0015674	0.0	0.0	0.0	0.0	0.0	0.0	0.0	0.0	0.0	0.0	0.0	0.0	
Crabier chevelu	0.0	0.0	0.0	0.0	0.0	0.0	0.0	0.0	0.0	0.0	0.0	0.0	0.0	0.0	0.0	5.02E-4	0.014824	0.0106454	0.0058437	0.0021288	0.0051769	0.0092984	0.0038948	0.0028798	9.259E-4	0.0054103	0.0	0.0	0.0	0.0	0.0	0.0015	8.764E-4	0.0	0.0	0.0	0.0015	0.0	0.0	0.0	0.0	0.0	0.0	0.0	0.0	0.0	0.0	0.0	
Héron garde-boeufs	0.1092623	0.1095124	0.0618389	0.116825	0.112588	0.1335479	0.1230216	0.1112727	0.1401639	0.1151242	0.1209068	0.1154185	0.1055354	0.0781065	0.0867948	0.0788153	0.0759728	0.0718563	0.0708546	0.0638638	0.0655738	0.0743872	0.090555	0.1151908	0.1287037	0.1316501	0.1552347	0.1763625	0.205699	0.185214	0.1887073	0.1876161	0.2103418	0.2297182	0.2267442	0.1833856	0.2027027	0.1940895	0.2043796	0.1976422	0.1831562	0.1569714	0.1664985	0.1457627	0.176	0.1432749	0.1543943	0.1166765	
Grande Aigrette	0.0138658	0.0151878	0.009764	0.0206819	0.0195465	0.0233307	0.018705	0.0232727	0.0147541	0.020316	0.0188917	0.0273128	0.0258665	0.0426036	0.0359578	0.0406627	0.0401482	0.0352628	0.0379839	0.0303353	0.0388266	0.0245139	0.0107108	0.0230382	0.0240741	0.0216411	0.0216606	0.0293938	0.0400712	0.0404669	0.0661218	0.069969	0.0587204	0.0956447	0.0939922	0.0775862	0.0897683	0.1142173	0.0711679	0.0624133	0.0695012	0.076639	0.0524723	0.0466102	0.036	0.0438596	0.0308789	0.0212139	
Héron cendré	0.2362729	0.2733813	0.1383238	0.2168809	0.218921	0.2148029	0.1913669	0.1774545	0.1885246	0.1986456	0.163728	0.1731278	0.1562338	0.1692308	0.1853689	0.1641566	0.1630636	0.162342	0.1723886	0.1740287	0.1967213	0.169907	0.1996105	0.2037437	0.2361111	0.2308386	0.2409747	0.268218	0.3116652	0.311284	0.3506686	0.3405573	0.3531989	0.3868488	0.3614341	0.3440439	0.3445946	0.3370607	0.3275547	0.2884882	0.2837285	0.2668513	0.2482341	0.2830508	0.267	0.2563353	0.2743468	0.2351208	
Héron pourpré	0.0	0.0	0.0	0.0	0.0	0.0	0.0	0.0	0.0	0.0	0.0018892	0.0118943	0.0237972	0.0331361	0.0309981	0.0401606	0.0370599	0.0312708	0.0394449	0.0244811	0.0267472	0.0160609	0.023369	0.0266379	0.0240741	0.0261497	0.0315884	0.0434783	0.0534283	0.0381323	0.0520059	0.0439628	0.0333041	0.0384287	0.0184109	0.007837	0.007722	0.0103834	0.0054745	0.001387	0.002453	0.0	0.0	0.0015	0.0	0.0	0.0015	0.0	
Ardea sp.	0.0	0.0	0.0	0.0	0.0	0.0	0.0	0.0	0.0	0.0	0.0	0.0	0.0	0.0	6.2E-4	0.0	0.0	0.0	0.0	0.0	8.628E-4	0.0	0.0	0.0	0.0	0.0	9.025E-4	0.0018371	0.0	0.0	7.429E-4	0.0	0.0	0.0	0.0	0.0	0.0	0.0	0.0	0.0	0.0	0.0	0.0	0.0	0.0	0.0	0.0	0.0	
ardeidé sp.	0.0	0.0	0.0	0.0	0.0	0.0	0.0	0.0015	0.0	0.0	0.0	0.0	0.0015	0.0	0.0	0.0	0.0	0.0	0.0015	5.322E-4	0.0	0.0	0.0	0.0	0.0	0.0	0.0	0.0	0.0	0.0	0.0	0.0	0.0	0.0	0.0	0.0	0.0	0.0	0.0	0.0	0.0	0.0	0.0	0.0	0.0	0.0	0.0	0.0	
aigrette ou héron blanc sp.	5.546E-4	0.0	4.068E-4	5.59E-4	7.819E-4	8.045E-4	0.0014388	0.0	0.0	0.0	6.297E-4	4.405E-4	0.0	0.0	0.0	0.0	0.0	6.653E-4	0.0	0.0	0.0	0.0	0.0	0.0	0.0	0.0	0.0	0.0	0.0017809	7.782E-4	7.429E-4	0.0024768	8.764E-4	8.54E-4	9.69E-4	7.837E-4	9.653E-4	0.0023962	9.124E-4	6.935E-4	0.0015	9.234E-4	0.0	0.0	0.001	0.0	0.0015	0.0	
Balbuzard pêcheur	0.0660011	0.0567546	0.0325468	0.0754612	0.0727131	0.07321	0.0654676	0.0581818	0.057377	0.0504138	0.0610831	0.0590308	0.0450078	0.0491124	0.033478	0.0466867	0.0413836	0.0472389	0.0438276	0.0356573	0.0155306	0.0126796	0.006816	0.0107991	0.0074074	0.012624	0.0207581	0.0177587	0.0258237	0.0428016	0.0445765	0.076161	0.0920245	0.0836892	0.1327519	0.1034483	0.0830116	0.0686901	0.0739051	0.0783634	0.0752249	0.0710988	0.0665994	0.0661017	0.078	0.0760234	0.0890736	0.0648203	
Élanion blanc	0.0049917	0.008793	0.0040683	0.0067077	0.0078186	0.006436	0.0064748	0.0065455	0.007377	0.006772	0.0056675	0.007489	0.0067253	0.0047337	0.0055797	0.0050201	0.007412	0.0073187	0.0058437	0.007983	0.0051769	0.0067625	0.006816	0.0057595	0.0074074	0.0099188	0.0108303	0.0085732	0.0124666	0.0101167	0.0104012	0.0154799	0.0131464	0.0042699	0.0096899	0.0094044	0.0144788	0.0159744	0.0136861	0.0083218	0.0106296	0.0175439	0.0191726	0.0152542	0.008	0.0116959	0.0142518	0.0082499	
Gypaète barbu	0.0015	0.0	0.0015	5.59E-4	0.0	0.001609	7.194E-4	7.273E-4	0.0	0.0	6.297E-4	8.811E-4	0.001552	5.917E-4	6.2E-4	0.0015	0.0	0.0	0.0	5.322E-4	0.0015	0.0015	9.737E-4	0.0	9.259E-4	9.017E-4	0.0	6.124E-4	0.0	7.782E-4	0.0	0.0	0.0	8.54E-4	0.0	0.0	0.0	0.0	0.0	6.935E-4	0.0	0.0	0.0	0.0	0.0	9.747E-4	0.0015	5.893E-4	
Percnoptère d'Égypte	0.0	0.0	0.0	0.0	0.0	0.001609	7.194E-4	0.0043636	0.0065574	0.0158014	0.0232997	0.0268722	0.0382825	0.0295858	0.0402976	0.0336345	0.0413836	0.0345975	0.0474799	0.043108	0.0465919	0.0481826	0.0399221	0.0482361	0.0546296	0.0532011	0.0442238	0.0514391	0.0356189	0.0498054	0.0371471	0.0198142	0.0140228	0.0076857	9.69E-4	0.0	0.0	0.0	0.0	6.935E-4	0.0	0.0	0.0	0.0	0.0	0.0	0.0	0.0	
Bondrée apivore	0.0	0.0	0.0	0.0	0.0	0.0	0.0	0.0	0.0	0.0	0.0	0.0	0.0010347	0.0011834	0.0024799	0.0055221	0.0216183	0.0505655	0.0533236	0.0675891	0.0465919	0.0431107	0.0418695	0.037437	0.0490741	0.0387737	0.0505415	0.0832823	0.048976	0.063035	0.0676077	0.0582043	0.0455741	0.0153715	0.0203488	0.0047022	0.0015	0.0	9.124E-4	0.0	0.0	0.0	0.0	0.0	0.0	0.0	0.0	0.0	
Vautour moine	0.0	0.0	0.0	0.0	0.0	0.0	0.0	0.0	0.0	0.0	0.0	0.0	0.0015	5.917E-4	0.0030998	0.002008	0.0067943	0.0033267	0.0051132	0.0069186	0.0069025	0.0025359	0.0058423	7.199E-4	0.0027778	9.017E-4	0.0	0.0	0.0	0.0	0.0	0.0	8.764E-4	8.54E-4	0.0	0.0	0.0	0.0	0.0	6.935E-4	0.0	0.0	0.0	0.0	0.0	0.0	0.0	0.0	
Vautour fauve	0.0859678	0.0743405	0.0427177	0.1078815	0.1063331	0.1238938	0.1510791	0.1323636	0.1680328	0.2054176	0.2329975	0.2365639	0.2571133	0.2201183	0.2424055	0.2233936	0.2322421	0.2282102	0.265157	0.2416179	0.2415876	0.2231615	0.2220058	0.174946	0.2351852	0.2091975	0.1895307	0.2124923	0.1709706	0.1789883	0.1745914	0.1597523	0.1454864	0.1494449	0.1695736	0.1152038	0.1110039	0.1365815	0.1094891	0.1518724	0.103843	0.122807	0.086781	0.0864407	0.078	0.0769981	0.108076	0.1125516	
vautour sp.	0.0	0.0	0.0	0.0	0.0	0.0	0.0	0.0	0.0	0.0	0.0	0.0	0.0	0.0	0.0	0.0	0.0	0.0	0.0	0.0	0.0	0.0	9.737E-4	0.0	0.0	0.0	0.0	0.0	0.0	0.0	0.0	0.0	0.0	0.0	0.0	0.0	0.0	0.0	0.0	0.0	0.0	0.0	0.0	0.0	0.0	0.0	0.0	0.0	
Circaète Jean-le-Blanc	0.0	0.0	0.0	0.0	0.0	0.0	0.0	0.0	0.0016393	0.0090293	0.0188917	0.014978	0.0150026	0.0147929	0.0142591	0.0120482	0.0160593	0.007984	0.0131483	0.0149015	0.0120794	0.0202874	0.0204479	0.0086393	0.0166667	0.0153291	0.0126354	0.0177587	0.0142476	0.0124514	0.0208024	0.0167183	0.0087642	0.0076857	0.0135659	0.0054859	9.653E-4	0.0023962	0.0	6.935E-4	0.0	0.0	0.0	0.0	0.0	0.0	0.0	0.0	
Aigle botté	0.0016639	0.0015987	0.0	0.0016769	0.0046912	0.0040225	0.0014388	0.0014545	0.0032787	0.0142965	0.0258186	0.0431718	0.0900155	0.0905325	0.0929944	0.1044177	0.0963558	0.0924817	0.0949598	0.094199	0.096635	0.0989011	0.1187926	0.1029518	0.1166667	0.1018936	0.1218412	0.1353337	0.1300089	0.1330739	0.1456166	0.1386997	0.1349693	0.1152861	0.1036822	0.0329154	0.0067568	0.0071885	0.0100365	0.0041609	0.0032706	0.0055402	0.0030272	0.0033898	0.001	0.002924	0.0059382	0.0017678	
Aigle royal	5.546E-4	0.0031974	0.0016273	0.0022359	0.0046912	0.0024135	0.0035971	0.0058182	8.197E-4	0.0075245	0.0018892	0.0035242	0.0020693	0.0035503	0.0061996	0.0035141	0.0030883	0.0046574	0.0021914	0.002661	0.0034513	0.0042265	0.0029211	0.0021598	0.0046296	9.017E-4	0.0036101	0.0042866	0.0017809	0.0031128	0.0014859	0.0024768	0.0017528	0.0	0.003876	0.0015	0.0019305	7.987E-4	0.0018248	0.0034674	0.0016353	0.0036934	0.0	0.0	0.0015	0.0015	0.0011876	5.893E-4	
Aigle de Bonelli	0.0	0.0	0.0	5.59E-4	0.0015	0.0	0.0	0.0	0.0	0.0015	6.297E-4	0.0	5.173E-4	5.917E-4	0.0018599	0.0	6.177E-4	0.0	0.0014609	5.322E-4	0.0015	0.0	0.0	0.0	0.0	0.0	0.0	0.0	0.0	0.0	0.0	0.0	0.0	0.0	0.0	0.0015	0.0	0.0	0.0	0.0	0.0	0.0	0.0	0.0	0.0	0.0	0.0	0.0015	
Aquila sp.	0.0	0.0	0.0	0.0	0.0015637	0.0	0.0015	0.0	0.0	0.0	6.297E-4	0.0	5.173E-4	5.917E-4	0.0	0.001506	0.0015	0.0	0.0	0.0010644	0.0017256	0.0	0.0	0.0	0.0	0.0	9.025E-4	0.0	0.0	0.0	7.429E-4	0.0015	8.764E-4	8.54E-4	0.0	0.0	0.0	0.0015	0.0	0.0	0.0	0.0	0.0	0.0	0.0	0.0	0.0	0.0	
Épervier d'Europe	0.0504714	0.0679456	0.0280716	0.0486305	0.0648944	0.0539019	0.0683453	0.056	0.0770492	0.0925508	0.0988665	0.0674009	0.0972581	0.0781065	0.0706758	0.061747	0.0370599	0.0425815	0.0226443	0.0287387	0.0241588	0.0270499	0.0243427	0.0345572	0.037963	0.0450857	0.0433213	0.0581751	0.0605521	0.0513619	0.0460624	0.0520124	0.0604733	0.0631939	0.0629845	0.0666144	0.0801158	0.0726837	0.0793796	0.0797503	0.0744072	0.079409	0.0595358	0.0661017	0.062	0.0633528	0.0855107	0.0659988	
Autour des palombes	0.0077648	0.0071942	0.004882	0.0100615	0.0039093	0.006436	0.0071942	0.0029091	0.0065574	0.0112867	0.0081864	0.0114537	0.0082773	0.004142	0.0037198	0.00251	0.0030883	0.001996	0.0029218	0.002661	0.0034513	0.0033812	0.0029211	0.0035997	0.0064815	0.0036069	0.0036101	0.0042866	0.0044524	0.0038911	0.0066865	0.0018576	0.0043821	0.0093937	0.002907	0.0086207	0.0106178	0.0079872	0.0100365	0.0090153	0.0032706	0.0083102	0.0141271	0.0101695	0.004	0.0038986	0.0106888	0.0070713	
Épervier d'Europe ou Autour des palombes	0.0	0.0	0.0	0.0	0.0	0.0	0.0	0.0	8.197E-4	7.524E-4	0.0012594	0.0015	0.0	0.0	0.0	0.0	0.0	6.653E-4	0.0	0.0	0.0	0.0	0.0	0.0	0.0	0.0	9.025E-4	0.0	0.0	0.0	0.0	0.0	0.0	0.0	0.0	7.837E-4	9.653E-4	7.987E-4	0.0	0.0	0.0	0.0	0.0	0.0	0.0	0.0	0.0	0.0	
Busard des roseaux	0.0560177	0.0727418	0.0313263	0.0681945	0.06724	0.0651649	0.0661871	0.0894545	0.0606557	0.0887886	0.070529	0.0665198	0.0713916	0.0751479	0.0756355	0.064257	0.0605312	0.0439122	0.0467495	0.0308675	0.0345125	0.0304311	0.0292113	0.024478	0.0388889	0.0288548	0.0370036	0.0477648	0.0543188	0.063035	0.089153	0.0780186	0.0885188	0.1195559	0.0804264	0.0815047	0.0868726	0.0894569	0.0930657	0.0998613	0.0842191	0.0775623	0.0696266	0.0711864	0.071	0.0847953	0.0914489	0.0730701	
Busard Saint-Martin	0.0011093	0.0	0.0	0.0	0.0015637	8.045E-4	0.0035971	0.0015	0.0016393	0.0015049	0.0050378	0.0048458	0.0108639	0.0059172	0.0092994	0.003012	0.0024707	0.001996	0.0014609	0.0015966	0.0017256	0.0025359	9.737E-4	0.0021598	0.0015	0.0018034	0.0015	6.124E-4	0.0044524	0.0046693	0.0029718	0.0012384	8.764E-4	8.54E-4	9.69E-4	7.837E-4	9.653E-4	0.0031949	0.0036496	0.0034674	8.177E-4	0.0027701	0.0010091	0.0042373	0.001	0.0	0.0011876	0.0015	
Busard pâle	0.0	0.0	0.0	0.0	0.0	0.0	0.0	0.0	0.0	0.0	0.0	0.0	0.0010347	0.0015	6.2E-4	0.0	0.0	0.0	0.0	0.0	0.0	0.0	0.0	0.0	0.0	0.0	0.0	0.0	0.0	0.0	0.0	0.0	0.0	0.0	0.0	0.0	0.0	0.0	0.0	6.935E-4	0.0	0.0	0.0010091	0.0	0.0	0.0	0.0	0.0	
Busard cendré	0.0	0.0	0.0	0.0	0.0	0.0	0.0	0.0	0.0	0.0	0.0	4.405E-4	0.0025867	0.0088757	0.0074396	0.0045181	0.0061767	0.0026613	0.0051132	0.0047898	0.0025884	0.0025359	0.0019474	0.0035997	0.0055556	9.017E-4	0.0045126	0.0030618	0.0017809	0.0054475	0.0037147	6.192E-4	0.0017528	8.54E-4	0.0	0.0	9.653E-4	0.0	0.0	0.0	0.0	0.0	0.0	0.0	0.0	0.0	0.0	0.0	
Busard Saint-Martin ou B. cendré	0.0	0.0	0.0	0.0	0.0	0.0	0.0	0.0	0.0	0.0	0.0	0.0	0.0	0.0	0.0	0.0	0.0	0.0	0.0	0.0	0.0	0.0	0.0	0.0	0.0	0.0	0.0	0.0	0.0	0.0015	0.0	0.0	0.0	0.0	0.0	0.0	0.0	0.0	0.0	0.0	0.0	0.0	0.0	0.0	0.0	0.0	0.0	0.0	
Busard pâle ou B. cendré	0.0	0.0	0.0	0.0	0.0	0.0	0.0	0.0	0.0	0.0	0.0	0.0	0.0	0.0	0.0	0.0	0.0	0.0	0.0	0.0	0.0	0.0	0.0	0.0	0.0	0.0	0.0	0.0	0.0	0.0	0.0	0.0	0.0	0.0	0.0	0.0015	0.0	0.0	0.0	0.0	0.0	0.0	0.0	0.0	0.0	0.0	0.0	0.0	
busard sp.	0.0	0.0	0.0	0.0	0.0	0.0	0.0	0.0	8.197E-4	0.0	0.0012594	0.0	5.173E-4	5.917E-4	0.0012399	0.0015	0.0024707	0.0013307	0.0014609	5.322E-4	0.0	0.0015	0.0	0.0015	9.259E-4	0.0	0.0	6.124E-4	8.905E-4	7.782E-4	7.429E-4	0.0015	0.0	0.0	0.0	7.837E-4	0.0019305	0.0023962	0.0	0.001387	8.177E-4	0.0	0.0	0.0	0.0	0.0	0.0	0.0	
Milan royal	0.1453134	0.1606715	0.0878763	0.156512	0.1508991	0.1689461	0.1863309	0.1396364	0.1295082	0.1354402	0.1675063	0.1264317	0.128298	0.0934911	0.1016739	0.0933735	0.0765905	0.073187	0.0569759	0.0612028	0.0491803	0.0557904	0.0477118	0.0323974	0.0287037	0.0360685	0.0351986	0.0361298	0.0284951	0.0225681	0.0200594	0.0260062	0.0262927	0.030743	0.0339147	0.0360502	0.0897683	0.1277955	0.1459854	0.1948682	0.1692559	0.1957525	0.1886983	0.2169492	0.202	0.1744639	0.175772	0.1962286	
Milan noir	0.0	0.0	0.0	5.59E-4	0.0015637	0.006436	0.0100719	0.0276364	0.0745902	0.1617758	0.2323678	0.2744493	0.3016037	0.304142	0.2982021	0.2991968	0.3329216	0.3166999	0.3520818	0.31719	0.3123382	0.3026205	0.3067186	0.2764579	0.2972222	0.2732191	0.284296	0.2480098	0.1549421	0.0996109	0.0542348	0.0229102	0.0113935	0.0051238	0.002907	7.837E-4	0.0019305	0.0	0.0015	0.0	0.0	0.0	0.0	0.0	0.0	0.0	0.0	0.0	
Milan royal ou M. noir	0.0	0.0	0.0	0.0	7.819E-4	8.045E-4	0.0028777	0.0036364	0.002459	0.0060196	0.0075567	0.0052863	0.006208	0.0035503	0.0030998	5.02E-4	0.0012353	0.0026613	0.0021914	0.0015966	8.628E-4	8.453E-4	0.0019474	0.0014399	9.259E-4	9.017E-4	9.025E-4	0.0	0.0	0.0	0.0	0.0	0.0	0.0	0.001938	0.0015	9.653E-4	0.0015974	0.0018248	0.0	8.177E-4	0.0	0.0	0.0	0.0	0.0	0.0011876	0.0	
Pygargue à queue blanche	0.0	0.0	0.0	0.0	0.0	0.0	0.0	0.0	0.0	0.0	0.0015	0.0	5.173E-4	0.0	0.0	5.02E-4	0.0	0.0	0.0	0.0	0.0	0.0	0.0	0.0	0.0	0.0015	0.0	0.0	0.0	0.0	0.0	0.0	0.0	0.0	0.0	0.0	0.0	0.0	0.0	0.0	0.0	0.0	0.0	0.0	0.0	0.0	0.0011876	0.0	
Buse variable	0.2118691	0.2398082	0.1387307	0.2297373	0.2533229	0.2453741	0.2805755	0.2698182	0.2819672	0.2881866	0.3079345	0.2977974	0.2902225	0.2650888	0.2603844	0.2585341	0.265596	0.2242182	0.2563915	0.2517296	0.2424504	0.2578191	0.2667965	0.2411807	0.2898148	0.251578	0.2870036	0.2994489	0.2840606	0.2653696	0.256315	0.2544892	0.2655565	0.2561913	0.2674419	0.2617555	0.242278	0.2452077	0.2445255	0.2787795	0.2379395	0.2382271	0.271443	0.2728814	0.246	0.211501	0.2553444	0.2339423	
rapace sp.	5.546E-4	0.0023981	0.0	0.0	0.0	0.0	7.194E-4	0.0	8.197E-4	7.524E-4	0.0012594	0.0013216	0.0010347	0.0011834	0.0018599	0.001506	0.001853	0.0013307	0.0	0.0010644	8.628E-4	8.453E-4	0.0015	7.199E-4	9.259E-4	9.017E-4	9.025E-4	0.0018371	0.0	0.0	7.429E-4	0.0018576	0.0017528	8.54E-4	0.001938	7.837E-4	0.0015	0.0023962	9.124E-4	0.0015	0.0	0.0	0.0040363	0.0	0.001	9.747E-4	0.0015	0.0011786	
Effraie des clochers	0.004437	0.0039968	4.068E-4	0.0044718	0.0070367	0.006436	0.0035971	0.0029091	0.0040984	0.0022573	0.0044081	0.0030837	0.0041386	0.0094675	0.0080595	0.0105422	0.007412	0.0033267	0.0043828	0.0037254	0.0043141	0.0033812	9.737E-4	0.0035997	9.259E-4	0.006312	0.0018051	0.0024495	0.0044524	7.782E-4	0.0052006	0.0024768	0.0035057	0.0025619	0.001938	7.837E-4	0.0019305	0.0047923	0.004562	0.0027739	0.0040883	0.0018467	0.0060545	0.0016949	0.004	0.0038986	0.0023753	0.0011786	
Petit-duc scops	0.0015	0.0	0.0	0.0015	0.0	0.0	0.0	0.0014545	0.0015	0.0	0.0015	8.811E-4	0.003104	0.0053254	0.0024799	0.0040161	0.0080296	0.0093147	0.0058437	0.0037254	0.0051769	0.0015	0.0038948	0.0050396	9.259E-4	0.0045086	0.0099278	0.0055113	8.905E-4	0.0038911	7.429E-4	0.0018576	0.0015	0.0017079	0.0015	7.837E-4	0.0015	0.0	0.0	6.935E-4	8.177E-4	9.234E-4	0.0	0.0	0.0	0.0	0.0	5.893E-4	
Grand-duc d'Europe	5.546E-4	0.0015	0.0015	0.0	0.0	0.0015	0.0014388	0.0	8.197E-4	0.0	0.0	0.0	0.001552	5.917E-4	6.2E-4	0.00251	6.177E-4	0.0	0.0	0.0021288	0.0025884	0.0067625	9.737E-4	0.0014399	0.0018519	9.017E-4	9.025E-4	0.0	0.0	0.0	7.429E-4	0.0	0.0	0.0	0.0	0.0	0.0	0.0	9.124E-4	6.935E-4	0.0	0.0	0.0	0.0	0.0015	9.747E-4	0.0	0.0011786	
Chevêche d'Athéna	0.0015	0.0031974	0.0012205	0.0022359	0.0031274	8.045E-4	0.0035971	0.0014545	8.197E-4	7.524E-4	0.0012594	8.811E-4	5.173E-4	0.0023669	0.0012399	0.001004	0.0012353	0.001996	7.305E-4	0.002661	0.0025884	0.0033812	0.0038948	0.0028798	0.0055556	0.0018034	0.0063177	0.0030618	0.0026714	0.0023346	0.0014859	0.0024768	0.0017528	0.0034159	0.0	7.837E-4	9.653E-4	0.0023962	0.0027372	6.935E-4	8.177E-4	0.0046168	0.0	0.0	0.001	0.0	0.0	0.0011786	
Chouette hulotte	0.0166389	0.0159872	0.0044752	0.0061487	0.0109461	0.0176991	0.0179856	0.0181818	0.0163934	0.0210685	0.0107053	0.0114537	0.00776	0.0236686	0.0192188	0.0271084	0.0191476	0.0126414	0.0168006	0.0149015	0.0172563	0.0101437	0.0097371	0.0064795	0.0064815	0.0090171	0.015343	0.0104103	0.0071238	0.0132296	0.0141159	0.0105263	0.0078878	0.0102477	0.0067829	0.0070533	0.0106178	0.0119808	0.0209854	0.0166436	0.0122649	0.0092336	0.0080727	0.0127119	0.016	0.0126706	0.0178147	0.0094284	
Hibou moyen-duc	0.0	0.0	0.0	0.0015	0.0015637	0.0	0.0015	7.273E-4	0.0	0.0	0.0012594	4.405E-4	0.0	5.917E-4	0.0	0.0015	0.0015	6.653E-4	0.0021914	0.0	8.628E-4	8.453E-4	0.0	0.0015	0.0015	0.0	9.025E-4	0.0015	0.0015	0.0015	0.0	6.192E-4	0.0	0.0	0.0	0.0	0.0019305	0.0	0.0	6.935E-4	0.0	9.234E-4	0.0	0.0	0.0	0.0	0.0	0.0	
Hibou des marais	0.0015	7.994E-4	0.0	0.0	0.0	0.0015	0.0	0.0	0.0	0.0015	0.0015	4.405E-4	5.173E-4	0.0017751	0.0012399	5.02E-4	0.0	0.0015	0.0	0.0	0.0	0.0	0.0	0.0	9.259E-4	0.0	0.0	0.0	0.0	0.0	0.0015	0.0	0.0017528	8.54E-4	0.003876	0.0031348	0.0057915	0.0047923	0.0027372	0.0055479	0.0098119	0.0027701	0.0110999	0.0	0.001	0.0	0.0	0.0	
Asio sp.	0.0	0.0	0.0	5.59E-4	0.0	0.0	0.0	0.0	0.0	0.0	0.0	0.0	0.0	0.0011834	6.2E-4	0.0	0.0	0.0	0.0	0.0	0.0	0.0	0.0	0.0	0.0	0.0	0.0	0.0	0.0	0.0	0.0	0.0	0.0	0.0	0.0	0.0	0.0	0.0	9.124E-4	6.935E-4	0.0	0.0	0.0	0.0	0.0	0.0	0.0	0.0	
Strigiformes sp.	0.0	0.0	0.0	0.0	0.0	0.0	0.0	0.0	0.0	0.0	0.0	0.0	0.0	0.0	0.0	0.0	0.0	0.0	0.0	0.0	0.0	0.0	0.0	0.0	0.0	0.0	0.0	6.124E-4	0.0	0.0	0.0	0.0	0.0	0.0	0.0	0.0	0.0	0.0	0.0	0.0	0.0	0.0	0.0	0.0	0.0	0.0	0.0	0.0	
Huppe fasciée	0.0	0.0	0.0	0.0	0.0	0.0	0.0028777	0.0072727	0.0057377	0.0052671	0.0220403	0.0229075	0.0367305	0.0313609	0.0322381	0.0170683	0.0105003	0.0139721	0.0226443	0.0159659	0.0189819	0.0169062	0.0253165	0.0172786	0.0231481	0.0108206	0.0126354	0.0208206	0.0249332	0.0256809	0.02526	0.0235294	0.0306748	0.0196413	0.0155039	0.0023511	0.0028958	0.0015974	9.124E-4	0.001387	8.177E-4	0.0	0.0	0.0	0.0	9.747E-4	0.0	0.0	
Guêpier d'Europe	0.0	0.0	0.0	0.0	0.0	0.0	0.0	0.0	0.0	0.0	0.0	0.0	0.0010347	0.004142	0.0092994	0.0055221	0.0105003	0.011976	0.0153397	0.0101118	0.0120794	0.0152156	0.0175268	0.0107991	0.0212963	0.0117223	0.0162455	0.0244948	0.0293856	0.0381323	0.051263	0.0346749	0.0175285	0.029889	0.0	0.0	0.0	0.0	0.0	0.0	0.0	0.0	0.0	0.0	0.0	0.0	0.0	0.0	
Martin-pêcheur d'Europe	0.1952302	0.1686651	0.0878763	0.1207378	0.129007	0.1061947	0.0892086	0.0887273	0.0811475	0.0564334	0.0377834	0.0378855	0.0170719	0.0207101	0.0111593	0.0190763	0.0135886	0.0246174	0.017531	0.0149015	0.02761	0.0245139	0.0438169	0.062635	0.0824074	0.0766456	0.1083032	0.1635028	0.1994657	0.2256809	0.2496285	0.2674923	0.3146363	0.3159693	0.3197674	0.3111285	0.3088803	0.3027157	0.2791971	0.2746186	0.260834	0.2373038	0.2542886	0.2711864	0.252	0.2329435	0.2339667	0.2091927	
Martin-pêcheur d'Amérique	0.0	0.0	0.0	0.0	0.0	0.0	0.0	0.0	0.0	0.0	0.0	0.0	0.0	0.0	0.0	0.0	0.0	0.0	0.0	0.0	0.0	0.0	0.0	0.0	0.0	0.0	0.0	0.0	0.0	0.0	0.0	0.0	0.0	0.0	0.0	0.0250784	0.011583	0.0111821	0.0063869	0.0055479	0.0	0.0	0.0	0.0	0.0	0.0	0.0	0.0	
Rollier d'Europe	0.0	0.0	0.0	0.0	0.0	0.0	0.0	0.0	0.0	0.0	0.0	0.0	0.0	0.0	0.0	0.0	0.0	0.0	0.0014609	5.322E-4	8.628E-4	8.453E-4	0.0015	7.199E-4	0.0	0.0	0.0	6.124E-4	8.905E-4	0.0	0.0044577	0.0043344	0.0043821	0.0017079	9.69E-4	0.0	0.0	0.0	0.0	0.0	0.0	0.0	0.0	0.0	0.0	0.0	0.0	0.0	
Torcol fourmilier	5.546E-4	0.0023981	8.137E-4	5.59E-4	0.0015637	8.045E-4	0.0028777	0.0021818	0.0040984	0.0015049	0.0037783	0.0127753	0.0305225	0.0426036	0.0464972	0.0321285	0.0284126	0.0252828	0.0241052	0.0170303	0.0103538	0.0160609	0.0311587	0.0158387	0.012963	0.0081154	0.0027076	0.0042866	0.0097952	0.0194553	0.0163447	0.0136223	0.035057	0.029889	0.0242248	0.0172414	0.003861	0.0071885	0.0027372	0.0027739	0.0015	9.234E-4	0.0020182	0.0	0.002	0.0038986	0.0011876	0.0015	
Pic mar	0.0016639	7.994E-4	0.0	0.0011179	7.819E-4	0.001609	0.0028777	0.0036364	0.007377	0.0037622	0.0025189	0.0026432	0.004656	0.0011834	0.0018599	0.001506	0.001853	6.653E-4	0.0036523	0.0015966	0.0	0.0025359	0.0029211	0.0	0.0	0.0	9.025E-4	0.0	8.905E-4	7.782E-4	0.0	6.192E-4	8.764E-4	0.0	0.0	0.0	0.0	0.0	0.0	0.0034674	8.177E-4	0.0	0.0020182	0.0	0.002	0.005848	0.0011876	0.0011786	
Pic épeiche	0.1070438	0.1223022	0.0626526	0.1196199	0.1305708	0.1367659	0.1258993	0.1330909	0.1442623	0.1512415	0.1360202	0.1519824	0.1577858	0.1514793	0.1456913	0.1355422	0.123533	0.1324019	0.1439007	0.1569984	0.1932701	0.1682164	0.18111	0.1511879	0.162037	0.1280433	0.1299639	0.1420698	0.1344613	0.151751	0.1545319	0.1306502	0.1191937	0.1426132	0.1482558	0.130094	0.1303089	0.1054313	0.0994526	0.1303745	0.1234669	0.1218837	0.1241171	0.1432203	0.114	0.1208577	0.1555819	0.1202121	
Dendrocopos sp.	0.0	0.0	0.0	0.0	0.0	0.0	0.0	7.273E-4	0.0	0.0	0.0012594	0.0	5.173E-4	0.0	6.2E-4	0.0	0.0015	0.0	0.0	0.0	0.0	0.0	0.0	7.199E-4	0.0	0.0	0.0	0.0	0.0	0.0	0.0	0.0	0.0	0.0	0.0	0.0	0.0	0.0	0.0	6.935E-4	0.0	0.0	0.0	0.0	0.0	0.0	0.0	0.0	
Pic épeichette	0.0260677	0.0167866	0.007323	0.0217999	0.028147	0.0353982	0.0223022	0.0254545	0.0319672	0.0323552	0.0447103	0.0343612	0.0284532	0.0272189	0.0210787	0.0190763	0.0135886	0.00998	0.0160701	0.0175625	0.0207075	0.0228233	0.023369	0.0143988	0.0203704	0.0234445	0.0189531	0.0263319	0.0213713	0.0256809	0.0200594	0.0142415	0.0236635	0.0264731	0.0310078	0.0164577	0.015444	0.0159744	0.0182482	0.018724	0.0220769	0.0175439	0.0211907	0.020339	0.015	0.0136452	0.0261283	0.023571	
Pic vert	0.0	0.0	0.0	0.0	0.0	0.0	0.0	0.0	0.0015	0.0	0.0	0.0	0.0	0.0	0.0	0.0	0.0	0.0	0.0	0.0	0.0	0.0	0.0	0.0	0.0	0.0	0.0	0.0	0.0	0.0	0.0	0.0	0.0	0.0	0.0	0.0	0.0015	0.0	0.0	0.0	0.0	0.0	0.0	0.0	0.0	0.0	0.0	0.0	
Pic de Sharpe	0.1170272	0.157474	0.0768918	0.1553941	0.174355	0.1721641	0.1964029	0.2	0.2311475	0.2806622	0.2607053	0.2704846	0.2643559	0.2609467	0.2684439	0.2444779	0.2192712	0.2215569	0.2249817	0.1979776	0.2286454	0.1631445	0.1937683	0.1670266	0.1814815	0.1929666	0.2030686	0.2149418	0.20748	0.2108949	0.2087667	0.1832817	0.1568799	0.1861657	0.1627907	0.1645768	0.1708494	0.1621406	0.1551095	0.1574202	0.1406378	0.1625115	0.1695257	0.1771186	0.156	0.1403509	0.1864608	0.1573365	
Pic vert ou P. de Sharpe	0.0	0.0	4.068E-4	0.0	0.0	0.0	7.194E-4	0.0	0.0015	0.0	6.297E-4	0.0	0.0	0.0	0.0	0.0	0.0	0.0	0.0	0.0	0.0	0.0	0.0	0.0	0.0	0.0	0.0	0.0	0.0	0.0	0.0	0.0	0.0	0.0	0.0	0.0	0.0	0.0	0.0	0.0	0.0	0.0	0.0	0.0	0.0	0.0	0.0	0.0	
Picus sp.	0.0	0.0	0.0	0.0	0.0	0.0	0.0	0.0	0.0	0.0	0.0	0.0	0.0	0.0	0.0	0.0	0.0	0.0	0.0	0.0	0.0	0.0	0.0	0.0	0.0	0.0	0.0	0.0	0.0	0.0	0.0	0.0	0.0	0.0	0.0	0.0	0.0	7.987E-4	0.0	0.0	0.0	0.0	0.0	0.0	0.0	0.0	0.0	0.0	
Pic noir	0.014975	0.0183853	0.0101709	0.0173281	0.0203284	0.0144811	0.0143885	0.0203636	0.0196721	0.027088	0.0220403	0.0242291	0.0196586	0.0213018	0.0210787	0.0195783	0.0284126	0.0139721	0.0248356	0.0276743	0.0241588	0.0245139	0.0185005	0.0172786	0.0212963	0.0081154	0.0189531	0.016534	0.0133571	0.0194553	0.0319465	0.0229102	0.0157756	0.028181	0.0251938	0.0172414	0.0125483	0.0135783	0.0127737	0.0221914	0.0139002	0.0147738	0.0171544	0.0135593	0.022	0.0204678	0.0154394	0.0212139	
pic sp.	0.0	0.0	4.068E-4	5.59E-4	0.0	0.0	7.194E-4	0.0	0.0	7.524E-4	0.0050378	0.0	0.0020693	5.917E-4	0.0	0.0	0.0	0.0	7.305E-4	5.322E-4	8.628E-4	8.453E-4	0.0015	0.0	0.0	0.0	9.025E-4	0.0	0.0	0.0	0.0	6.192E-4	8.764E-4	0.0	0.0	7.837E-4	0.0	7.987E-4	0.0	0.0	0.0	0.0	0.0	0.0	0.001	9.747E-4	0.0	5.893E-4	
Faucon crécerellette	0.0	0.0	0.0	0.0	0.0	0.0	0.0	0.0	0.0	0.0	0.0	0.0	0.0	0.0	0.0	0.0	0.0	0.0	0.0	0.0	0.0	0.0	0.0	0.0	0.0	0.0	0.0	0.0	8.905E-4	0.0023346	0.0	0.0	0.0	0.0	0.0	0.0	0.0	0.0	0.0	0.0	0.0	0.0	0.0	0.0	0.0	0.0	0.0	0.0	
Faucon crécerelle	0.0926234	0.0839329	0.0378356	0.0844047	0.0742768	0.079646	0.0848921	0.0887273	0.0852459	0.1023326	0.1360202	0.1193833	0.1551992	0.143787	0.1351519	0.1395582	0.1426807	0.1350632	0.1446311	0.1122938	0.0992235	0.1428571	0.1236611	0.1231102	0.1564815	0.1244364	0.1245487	0.1132884	0.0908281	0.0941634	0.0980684	0.1065015	0.1016652	0.1058924	0.123062	0.104232	0.1167954	0.1198083	0.1368613	0.1255201	0.103843	0.1320406	0.1453078	0.1127119	0.117	0.0945419	0.1152019	0.1078374	
Faucon crécerellette ou F. crécerelle	5.546E-4	7.994E-4	0.0	0.0	0.0	0.0	0.0	0.0	8.197E-4	7.524E-4	0.0	0.0	0.0	0.0	6.2E-4	0.0	0.0	0.0015	0.0	0.0	0.0	8.453E-4	0.0	0.0	0.0	0.0	0.0	6.124E-4	0.0	0.0	7.429E-4	0.0	0.0	0.0	0.0	0.0015674	9.653E-4	7.987E-4	9.124E-4	0.0	0.0	0.0	0.0	8.475E-4	0.0	0.0	0.0	0.0	
Faucon kobez	0.0	0.0	0.0	0.0	0.0	0.0	0.0	0.0	0.0	0.0	0.0	0.0	0.0	0.0	0.0	5.02E-4	6.177E-4	0.0	7.305E-4	5.322E-4	0.0	0.0	0.0	0.0	0.0	0.0	0.0	0.0	0.0	0.0015	0.0	0.0	0.0	0.0	0.0	0.0	0.0	0.0	0.0	0.0	0.0	0.0	0.0	0.0	0.0	0.0	0.0	0.0	
Faucon d'Éléonore	0.0	0.0	0.0	0.0	0.0	0.0	0.0	0.0	0.0	0.0	0.0	0.0	0.0	0.0	0.0	0.0	0.0	0.0	0.0	5.322E-4	0.0	0.0	0.0015	7.199E-4	0.0018519	9.017E-4	0.0054152	0.0018371	0.0026714	0.0077821	0.0104012	0.0024768	8.764E-4	8.54E-4	0.002907	0.0015674	9.653E-4	0.0	9.124E-4	0.0	8.177E-4	0.0	0.0	0.0	0.0	0.0	0.0	0.0	
Faucon émerillon	5.546E-4	0.0031974	4.068E-4	0.0022359	0.0023456	8.045E-4	0.0014388	0.0029091	0.0016393	7.524E-4	0.0031486	0.0017621	0.003104	0.0029586	0.0037198	0.00251	6.177E-4	0.001996	0.0	0.0	0.0	0.0	0.0	0.0	0.0	0.0	0.0	0.0	0.0	0.0	0.0	0.0	0.0	8.54E-4	9.69E-4	0.0031348	0.0028958	0.0095847	0.0118613	0.0104022	0.0089943	0.0027701	0.0020182	0.0016949	0.004	0.0	0.0035629	0.0017678	
Faucon hobereau	0.0	0.0	0.0	0.0	0.0	8.045E-4	0.0	0.0	0.0	0.0	0.0012594	0.0013216	0.0067253	0.0094675	0.0285183	0.0366466	0.0352069	0.0405855	0.0562454	0.0463012	0.0457291	0.0414201	0.0516066	0.0460763	0.0537037	0.0432822	0.0415162	0.039804	0.0347284	0.044358	0.0534918	0.0464396	0.0438212	0.0409906	0.0523256	0.0431034	0.0453668	0.0247604	0.0164234	0.0015	8.177E-4	9.234E-4	0.0	0.0	0.0	0.0	0.0	0.0	
Faucon pèlerin	0.0293955	0.0343725	0.0158666	0.0374511	0.0273651	0.0474658	0.0417266	0.0349091	0.0459016	0.0443943	0.0434509	0.0396476	0.0439731	0.0343195	0.0477371	0.0471888	0.0481779	0.0499002	0.0540541	0.0452368	0.0698878	0.057481	0.0681597	0.0583153	0.0546296	0.0486925	0.0288809	0.0306185	0.0365093	0.0396887	0.0423477	0.0495356	0.0446976	0.0478224	0.0455426	0.0626959	0.0550193	0.0623003	0.0492701	0.0478502	0.0760425	0.0378578	0.0433905	0.0576271	0.04	0.0380117	0.0356295	0.0441956	
gros faucon sp.	0.0	0.0	0.0	0.0	0.0	8.045E-4	0.0	0.0	0.0	0.0	0.0	4.405E-4	0.0	0.0	0.0	0.0	0.0	0.0	0.0	0.0	0.0	0.0	0.0	0.0	0.0	0.0	0.0	0.0	0.0	0.0	0.0	0.0	0.0	0.0	0.0	0.0	0.0	0.0	0.0	0.0	0.0	0.0	0.0	0.0	0.0	0.0	0.0	0.0	
Falco sp.	5.546E-4	7.994E-4	0.0	0.0	0.0	8.045E-4	0.0	0.0014545	0.002459	0.0	0.0018892	0.0017621	0.0025867	0.0017751	0.0030998	0.001506	0.0012353	0.0013307	0.0029218	5.322E-4	0.0025884	8.453E-4	0.0019474	0.0028798	9.259E-4	0.0018034	0.0018051	0.0012247	0.0017809	0.0031128	7.429E-4	0.0043344	0.0052585	0.0059778	0.001938	0.0039185	0.0057915	0.0015974	9.124E-4	0.0	0.0016353	0.0	0.0010091	0.0025424	0.001	0.0019493	0.0	0.0011786	
rapace diurne sp.	0.0	0.0	0.0	0.0	0.0	0.0	0.0	7.273E-4	0.0	0.0	0.0	0.0015	0.0	0.0	0.0	0.0	0.0	0.0	0.0	0.0	0.0	0.0	0.0	0.0	0.0	0.0	0.0	6.124E-4	0.0	7.782E-4	0.0015	6.192E-4	8.764E-4	0.0	9.69E-4	7.837E-4	0.0	0.0	0.0015	6.935E-4	0.0	0.0	0.0	0.0	0.0	0.0	0.0	0.0	
Calopsitte élégante	0.0	0.0	0.0	0.0	0.0	0.0	0.0	0.0	0.0	0.0	6.297E-4	0.0	0.0	0.0	0.0	0.0015	0.0	0.0	0.0	0.0	0.0	0.0	0.0	0.0	0.0	0.0015	0.0	0.0	0.0	0.0	0.0	0.0	0.0	0.0	0.0	0.0015	0.0	0.0	0.0	0.0	0.0	0.0	0.0	0.0	0.0	0.0	0.0	0.0	
Cacatoès blanc	0.0	0.0	4.068E-4	0.0	0.0	0.0	0.0	0.0	0.0	0.0	0.0	0.0	0.0	0.0	0.0	0.0	0.0	0.0	0.0	0.0	0.0	0.0	0.0	0.0	0.0	0.0	0.0	0.0	0.0	0.0	0.0	0.0	0.0	0.0	0.0	0.0	0.0	0.0	0.0	0.0	0.0	0.0	0.0	0.0	0.0	0.0	0.0	0.0	
Cacatoès à huppe jaune	0.0	0.0	4.068E-4	0.0	0.0	0.0	0.0	0.0	0.0	0.0	0.0	0.0	0.0	0.0	0.0	0.0	0.0	0.0	0.0	0.0	0.0	0.0	0.0	0.0	0.0	0.0	0.0	0.0	0.0	0.0	0.0	0.0	0.0	0.0	0.0	0.0	0.0	0.0	0.0	0.0	0.0	0.0	0.0	0.0	0.0	0.0	0.0	0.0	
Perruche à collier	0.0	0.0	0.0	0.0	0.0	0.0	0.0	0.0	0.0	0.0015	0.0	0.0	0.0	0.0	0.0	0.0	0.0	0.0	0.0	0.0	0.0	0.0	0.0	0.0	0.0	0.0	0.0	0.0015	0.0	0.0	0.0	0.0	0.0	0.0	0.0	0.0	0.0	0.0	0.0	0.0	0.0	0.0	0.0	0.0	0.0	0.0	0.0	0.0	
Perruche ondulée	5.546E-4	0.0	0.0	0.0	0.0	0.0	0.0	0.0	0.0	0.0	0.0	8.811E-4	5.173E-4	0.0	0.0	5.02E-4	0.0012353	0.0	0.0	0.0	0.0015	0.0	0.0	7.199E-4	0.0	0.0	0.0	0.0	0.0	0.0	0.0	0.0	8.764E-4	0.0	0.0	0.0	0.0	0.0	0.0	0.0	0.0	0.0	0.0	0.0	0.0	0.0	0.0	0.0	
Inséparable rosegorge	0.0015	0.0	0.0	0.0	0.0	0.0	0.0	0.0015	0.0	0.0	6.297E-4	0.0	0.0	0.0015	0.0	0.0015	0.0	0.0	0.0	0.0	0.0	0.0	0.0	0.0	0.0	0.0	0.0	0.0	0.0	0.0	0.0	0.0	0.0	0.0	0.0	0.0	0.0	0.0	0.0	0.0	0.0	0.0	0.0	0.0	0.0	0.0	0.0	0.0	
Inséparable de Fischer	0.0	0.0	0.0	0.0	0.0	0.0	0.0	0.0	0.0	0.0	0.0	0.0	0.0	0.0	0.0	0.0	0.0	0.0	0.0	0.0	0.0	0.0	0.0	0.0	0.0	0.0	0.0	0.0	0.0	0.0	0.0	0.0	0.0	8.54E-4	0.0	0.0	0.0	0.0	0.0	0.0	0.0	0.0	0.0	0.0	0.0	0.0	0.0	0.0	
Inséparable masqué	0.0	0.0	0.0	0.0	0.0	0.0	0.0	0.0	0.0	0.0	0.0	0.0	0.0	0.0	0.0	0.0	0.0	0.0	0.0	0.0	0.0	0.0	0.0	0.0	0.0	0.0015	0.0	0.0	8.905E-4	0.0	0.0	6.192E-4	0.0	0.0	0.0	0.0	0.0	0.0	0.0	0.0	0.0	0.0	0.0	0.0	0.0	0.0	0.0	0.0	
Perroquet jaco	0.0	0.0	0.0	0.0	0.0	0.0	0.0	0.0	0.0	0.0	0.0	0.0	0.0	0.0	0.0	0.0	0.0	0.0	0.0	5.322E-4	0.0	0.0015	0.0	0.0	0.0	0.0	0.0	0.0	0.0	0.0	0.0	0.0	0.0	0.0	0.0	0.0	0.0	0.0	0.0	0.0	0.0	0.0	0.0	0.0	0.0	0.0	0.0	0.0	
Perriche veuve	0.0	0.0	0.0	5.59E-4	0.0	0.0	0.0	0.0	0.0	0.0	0.0	0.0	0.0	0.0	0.0	0.0	0.0	0.0	0.0	0.0015	0.0	0.0	0.0	0.0	0.0018519	0.0	0.0	0.0	0.0	0.0	0.0014859	0.0	0.0	0.0	0.0	0.0	0.0	0.0	0.0	0.0	0.0	0.0	0.0	0.0	0.0	0.0	0.0	0.0	
Loriot d'Europe	0.0	0.0	0.0	0.0	0.0	0.0	0.0	0.0	8.197E-4	0.0015	0.0	0.0	0.003104	0.0023669	0.0142591	0.0311245	0.0382952	0.0372588	0.0533236	0.0255455	0.0267472	0.0270499	0.023369	0.0237581	0.0314815	0.0279531	0.0252708	0.0257195	0.0249332	0.0233463	0.0148588	0.0055728	0.0017528	0.0042699	0.0	0.0	0.0	0.0	0.0	0.0	0.0	0.0	0.0	0.0	0.0	0.0	0.0	0.0	
Pie-grièche écorcheur	0.0	0.0	0.0	0.0	0.0	0.0	0.0	0.0	0.0	0.0	0.0	0.0	0.0	0.0	0.0015	0.001506	0.0117356	0.0385895	0.0715851	0.0798297	0.0457291	0.0760778	0.06037	0.0439165	0.062963	0.0532011	0.0433213	0.0483772	0.0552093	0.0607004	0.0757801	0.0513932	0.0473269	0.0187874	0.0193798	0.0070533	9.653E-4	0.0	0.0	6.935E-4	0.0	0.0	0.0	0.0	0.0	0.0	0.0	0.0	
Pie-grièche isabelle	0.0	0.0	0.0	0.0	0.0	0.0	0.0	0.0	0.0	0.0	0.0	0.0	0.0	0.0	0.0	0.0	0.0	0.0	0.0	0.0	0.0	0.0	0.0	0.0	0.0	0.0	0.0	0.0	0.0	0.0	0.0	0.0	0.0	0.0	0.0	0.0	0.0	0.0	0.0	0.0	0.0	0.0	0.0	0.0	0.0	0.0077973	0.0142518	0.0015	
Pie-grièche méridionale	0.0027732	0.0015987	0.002441	0.0011179	0.0015637	0.003218	7.194E-4	0.0029091	0.0032787	0.0037622	0.0018892	4.405E-4	0.0	0.0	0.0	0.0	0.0	0.0	0.0	0.0	0.0	0.0	0.0	7.199E-4	0.0	0.0018034	0.0018051	0.0	0.0	0.0023346	0.0	0.0015	0.0015	0.0	0.002907	0.0	9.653E-4	7.987E-4	0.0	0.0	8.177E-4	0.0015	0.0020182	0.0025424	0.003	0.0019493	0.0023753	0.0023571	
Pie-grièche méridionale ou P.-g. grise	0.0	0.0	0.0	0.0	0.0	0.0	0.0	0.0	0.0	0.0	0.0	0.0	0.0	0.0	0.0	0.0	0.0	0.0	0.0	0.0	0.0	0.0	0.0	0.0	0.0	0.0	0.0	0.0	0.0	0.0	0.0	0.0	0.0	0.0	0.0	0.0	0.0	0.0	0.0	0.0	0.0	0.0	0.0	0.0	0.0	0.0	0.0	5.893E-4	
Pie-grièche à tête rousse	0.0	0.0	0.0	0.0	0.0	0.0	0.0	0.0	0.0	0.0	6.297E-4	4.405E-4	0.004656	0.0100592	0.0074396	0.0065261	0.0067943	0.0113107	0.0073046	0.0063864	0.0077653	0.0092984	0.0116845	0.0043197	0.012037	0.0054103	0.0072202	0.0030618	0.0053428	0.0085603	0.0148588	0.0074303	0.0148992	0.0059778	0.004845	7.837E-4	9.653E-4	0.0	0.0	6.935E-4	0.0	0.0	0.0	0.0	0.0	0.0	0.0	0.0	
Laniidés sp.	0.0	0.0	0.0	0.0	0.0	0.0	0.0	0.0	0.0	0.0	0.0	0.0	0.0	0.0	0.0	0.0	0.0	0.0	0.0	0.0	0.0	0.0	0.0	0.0	0.0	0.0	0.0	0.0	0.0	7.782E-4	7.429E-4	6.192E-4	0.0	8.54E-4	0.0	0.0	0.0	0.0	0.0	0.0	0.0	0.0	0.0	0.0	0.0	0.0	0.0	5.893E-4	
Geai des chênes	0.1730449	0.1990408	0.0976404	0.1816657	0.1759187	0.1641191	0.1597122	0.1636364	0.1795082	0.1685478	0.1813602	0.2013216	0.1934816	0.1852071	0.1704898	0.1666667	0.1599753	0.1676647	0.182615	0.1633848	0.2105263	0.2037194	0.2405063	0.199424	0.2194444	0.2146078	0.1877256	0.2100429	0.1878896	0.2132296	0.2199108	0.1832817	0.2050833	0.1989752	0.2063953	0.2390282	0.25	0.2404153	0.229927	0.2489598	0.2412101	0.2363804	0.235116	0.2389831	0.243	0.1920078	0.2387173	0.2044785	
Pie bavarde	0.3793677	0.3916867	0.2030106	0.3890442	0.3885848	0.3998391	0.352518	0.4087273	0.3967213	0.4063205	0.4143577	0.3885463	0.3745473	0.3810651	0.3800372	0.3493976	0.3619518	0.3858949	0.376187	0.3597658	0.3606557	0.3601014	0.3875365	0.3664507	0.3805556	0.3255185	0.299639	0.3392529	0.3276937	0.3003891	0.3164933	0.3071207	0.3382997	0.3783091	0.3682171	0.3683386	0.3629344	0.3809904	0.395073	0.4147018	0.4047424	0.3933518	0.4066599	0.4338983	0.414	0.4122807	0.435867	0.4124926	
Crave à bec rouge	0.0138658	0.011191	0.0085435	0.019564	0.0156372	0.0136766	0.0309353	0.0225455	0.0319672	0.0331076	0.0453401	0.053304	0.0527677	0.0449704	0.0409175	0.0431727	0.0537369	0.0452428	0.0430972	0.0553486	0.050906	0.0557904	0.0555015	0.0453564	0.0564815	0.0459874	0.034296	0.0410288	0.0284951	0.0303502	0.0401189	0.0346749	0.0324277	0.0350128	0.0406977	0.0336991	0.0405405	0.0447284	0.0264599	0.0353675	0.0163532	0.0360111	0.0221998	0.0237288	0.014	0.0175439	0.023753	0.023571	
Chocard à bec jaune	0.0138658	0.0039968	0.0056957	0.0083846	0.0070367	0.0072405	0.0086331	0.0123636	0.007377	0.0060196	0.0119647	0.0114537	0.0150026	0.0106509	0.016119	0.0095382	0.014824	0.0153027	0.0146092	0.0234167	0.0215703	0.0262046	0.0292113	0.0158387	0.0194444	0.0225428	0.0234657	0.0153092	0.015138	0.0155642	0.0141159	0.0111455	0.0105171	0.0119556	0.0106589	0.007837	0.0106178	0.0183706	0.0136861	0.0131761	0.0081766	0.0138504	0.0191726	0.009322	0.012	0.0107212	0.0142518	0.017089	
Crave à bec rouge ou Chocard à bec jaune	0.0	0.0	0.0	5.59E-4	0.0	0.0	0.0015	0.0	0.0	0.0	0.0	0.0	5.173E-4	0.0	0.0015	0.0	0.0	0.0	0.0	0.0	8.628E-4	0.0	0.0	0.0	0.0015	0.0015	0.0	0.0	0.0	0.0	0.0	0.0	0.0	0.0	0.0	0.0	0.0	0.0	9.124E-4	0.0	0.0	0.0	0.0010091	0.0	0.0	0.0	0.0	5.893E-4	
Choucas des tours	0.0015	0.0023981	8.137E-4	0.0022359	0.0015637	0.001609	0.0043165	0.0036364	0.0	7.524E-4	6.297E-4	0.0013216	5.173E-4	0.0029586	0.0043397	0.003012	0.005559	0.0013307	0.0029218	0.0037254	0.0051769	8.453E-4	0.0019474	0.0028798	9.259E-4	0.0045086	0.0027076	0.0012247	0.0017809	7.782E-4	0.0015	0.0012384	8.764E-4	8.54E-4	0.004845	7.837E-4	0.0057915	0.0015974	0.0036496	6.935E-4	0.0	0.0018467	0.0	8.475E-4	0.003	9.747E-4	0.0106888	0.0047142	
Corneille noire	0.4453688	0.4932054	0.2729862	0.4974846	0.5183737	0.4923572	0.4827338	0.4807273	0.5336066	0.5334838	0.5503778	0.5339207	0.5111226	0.4970414	0.4730316	0.4909639	0.4774552	0.4883566	0.5127831	0.4827036	0.4788611	0.487743	0.5219085	0.4737221	0.4796296	0.477908	0.4458484	0.5058175	0.4799644	0.5066148	0.513373	0.5263158	0.5030675	0.5465414	0.5484496	0.515674	0.5222008	0.5039936	0.5009124	0.5263523	0.4726083	0.501385	0.4873865	0.5169492	0.485	0.4551657	0.5285036	0.4755451	
corneille sp.	5.546E-4	0.0023981	0.0	0.0011179	0.0	0.003218	0.0015	0.0014545	0.0015	0.0015	0.0	0.0017621	0.001552	0.0023669	0.0015	0.001506	0.0012353	0.0013307	0.0029218	0.0015966	0.0	8.453E-4	0.0	0.0015	0.0015	9.017E-4	9.025E-4	6.124E-4	8.905E-4	7.782E-4	0.0	0.0	0.0	8.54E-4	0.0	0.0031348	9.653E-4	0.0	0.0036496	0.001387	8.177E-4	0.0	0.0	0.0	0.0015	0.0	0.0	0.0	
Grand Corbeau	0.0665557	0.0631495	0.0366151	0.0726663	0.0695856	0.082864	0.1100719	0.0770909	0.0786885	0.1023326	0.1177582	0.114978	0.132954	0.1142012	0.116553	0.1119478	0.0988264	0.1111111	0.0949598	0.0931346	0.1035375	0.1107354	0.0759494	0.0712743	0.0638889	0.0829576	0.0658845	0.0722596	0.064114	0.0902724	0.1069837	0.0854489	0.0727432	0.0819812	0.0891473	0.065047	0.0743243	0.0838658	0.0739051	0.0811373	0.0662306	0.0951062	0.0787084	0.0813559	0.067	0.0750487	0.084323	0.0795522	
corvidé sp.	0.0	0.0	0.0	0.0	0.0	0.0	0.0	0.0	0.0	0.0	0.0	0.0	0.0	0.0	0.0	0.0	0.0	0.0	0.0	0.0	0.0	0.0	0.0	0.0	0.0	0.0	0.0	6.124E-4	0.0	0.0	0.0	0.0	0.0	0.0	0.0	0.0	0.0	0.0	0.0	0.0	0.0	0.0	0.0	0.0	0.0	0.0	0.0	0.0	
Mésange noire	0.057127	0.0503597	0.0288853	0.058692	0.0664582	0.0611424	0.071223	0.0683636	0.0516393	0.0639579	0.0686398	0.0757709	0.0926022	0.0840237	0.0719157	0.063755	0.0438542	0.0452428	0.0496713	0.0494944	0.0716135	0.0735418	0.0593963	0.0475162	0.0675926	0.0640216	0.0631769	0.0661359	0.0525378	0.0669261	0.0713224	0.0631579	0.0420684	0.0563621	0.0581395	0.0595611	0.0521236	0.0463259	0.0301095	0.0443828	0.0269828	0.0415512	0.0524723	0.0432203	0.037	0.0360624	0.043943	0.0548026	
Mésange huppée	0.0587909	0.0591527	0.0362083	0.0609279	0.0578577	0.0651649	0.0697842	0.0661818	0.0565574	0.0398796	0.0573048	0.0475771	0.057941	0.0390533	0.0402976	0.0416667	0.0389129	0.0359281	0.0409058	0.045769	0.0560828	0.0524091	0.0574489	0.0482361	0.062963	0.0568079	0.0649819	0.0704225	0.0658949	0.0669261	0.0817236	0.0687307	0.0429448	0.0426985	0.0503876	0.0329154	0.0453668	0.0351438	0.0346715	0.037448	0.0408831	0.0470914	0.061554	0.0635593	0.049	0.0497076	0.0617577	0.0736594	
Mésange nonnette	0.0438159	0.0431655	0.0268511	0.0508664	0.0539484	0.0458568	0.0388489	0.0450909	0.0565574	0.0466516	0.0434509	0.0409692	0.0398345	0.0307692	0.0278983	0.0266064	0.0191476	0.0179641	0.0233747	0.0212879	0.0301984	0.0287405	0.0262902	0.0143988	0.0203704	0.0225428	0.0252708	0.0287814	0.0258237	0.029572	0.02526	0.0229102	0.028922	0.0222032	0.0203488	0.0195925	0.0183398	0.0199681	0.0191606	0.0208044	0.0228945	0.033241	0.0262361	0.0423729	0.026	0.0360624	0.0427553	0.0506777	
Mésange bleue	0.276761	0.2733813	0.1505289	0.2973728	0.3158718	0.3555913	0.3395683	0.3192727	0.3204918	0.3100075	0.3287154	0.3259912	0.319193	0.3106509	0.2709237	0.248494	0.2260655	0.2348636	0.2454346	0.2134114	0.2113891	0.2045647	0.2132425	0.1907847	0.2083333	0.1893598	0.200361	0.2045315	0.2012467	0.2233463	0.2355126	0.2142415	0.196319	0.2570453	0.2364341	0.2217868	0.2210425	0.2100639	0.2344891	0.2246879	0.2035977	0.2280702	0.234107	0.2305085	0.231	0.2417154	0.2980998	0.3034767	
Mésange charbonnière	0.442041	0.4660272	0.2445077	0.4773617	0.5293198	0.536605	0.5294964	0.5425455	0.5459016	0.5718585	0.5579345	0.5453744	0.5437144	0.5443787	0.533168	0.501004	0.4496603	0.4637392	0.4733382	0.4385311	0.4624676	0.4167371	0.4118793	0.3642909	0.3814815	0.3561767	0.3420578	0.3680343	0.3606411	0.3564202	0.3796434	0.3684211	0.369851	0.4543126	0.4341085	0.4004702	0.4121622	0.4217252	0.3850365	0.4188627	0.36713	0.3905817	0.4207871	0.3991525	0.4	0.3830409	0.4441805	0.4684738	
Parus sp.	0.0	0.0	0.0	0.0	0.0	0.0	0.0	0.0	0.0	0.0	0.0	0.0	0.0	0.0	0.0	0.0	0.0	0.0	0.0	0.0	0.0	0.0	0.0	0.0	0.0	0.0	0.0	0.0	0.0	0.0	0.0	0.0	0.0	0.0	0.0	0.0	0.0	0.0	9.124E-4	0.0	0.0	0.0	0.0	0.0	0.0	0.0	0.0	0.0	
Rémiz penduline	0.0038824	7.994E-4	8.137E-4	0.0011179	0.0070367	0.0056315	0.0122302	0.0072727	0.0065574	0.0060196	0.0056675	0.0035242	0.0010347	5.917E-4	0.0	0.0	0.0	0.0	0.0	0.0	0.0	0.0	0.0	0.0	0.0	0.0	9.025E-4	0.0	8.905E-4	0.0015	0.0	0.0	0.0	0.0	0.0	0.0	9.653E-4	0.0015974	0.0018248	0.0062413	0.007359	0.0046168	0.0070636	0.0016949	0.002	0.002924	0.0047506	0.0029464	
Alouette lulu	0.0016639	0.0047962	0.0016273	0.0117384	0.0086005	0.0080451	0.0258993	0.0094545	0.0114754	0.0218209	0.0100756	0.0114537	0.0072426	0.0071006	0.0148791	0.0145582	0.0135886	0.0126414	0.0219138	0.0180947	0.0163934	0.0169062	0.0223953	0.0151188	0.0092593	0.0045086	0.0081227	0.0055113	0.0017809	0.0038911	0.0089153	0.003096	8.764E-4	0.0025619	0.002907	0.0054859	0.007722	0.0183706	0.0145985	0.0263523	0.0147179	0.0138504	0.0060545	0.0033898	0.007	9.747E-4	0.0047506	0.0023571	
Alouette des champs	0.0066556	0.0119904	0.0069162	0.0162102	0.0250195	0.0217216	0.0402878	0.0501818	0.052459	0.0601956	0.0516373	0.0444934	0.0320745	0.0295858	0.0266584	0.0281124	0.0296479	0.0206254	0.0372535	0.0356573	0.0319241	0.0388842	0.0496592	0.0352772	0.025	0.018936	0.0090253	0.0079608	0.0026714	0.0070039	0.0074294	0.0024768	8.764E-4	0.0102477	0.0087209	0.0094044	0.0250965	0.0678914	0.1268248	0.1560333	0.1283729	0.1283472	0.0726539	0.0516949	0.022	0.0165692	0.0130641	0.0094284	
Cochevis de Thékla	0.0	0.0	0.0	0.0	0.0	0.0	0.0015	7.273E-4	0.0	0.0	0.0	4.405E-4	5.173E-4	5.917E-4	0.0	0.0	6.177E-4	6.653E-4	7.305E-4	0.002661	0.0017256	0.0016906	0.0019474	0.0014399	0.0027778	0.0	0.0	0.0	0.0	0.0	0.0	0.0015	0.0	0.0	0.0	0.0	0.0	0.0	0.0	6.935E-4	0.0	0.0	0.0	0.0	0.0	0.0	0.0	0.0	
Cochevis huppé	0.0011093	0.0039968	0.0032547	0.0039128	0.0023456	0.003218	0.0064748	0.0123636	0.0040984	0.0045147	0.0050378	0.0048458	0.0108639	0.008284	0.016119	0.0090361	0.0067943	0.0086494	0.0116874	0.0095796	0.013805	0.0152156	0.0194742	0.0086393	0.0175926	0.0054103	0.0117329	0.0091855	0.0017809	0.0023346	0.0014859	0.0	0.0017528	8.54E-4	0.001938	0.0031348	9.653E-4	0.0015974	0.0036496	0.0069348	0.0	0.0064635	0.0020182	0.0016949	0.002	0.0068226	0.0071259	0.0029464	
Cochevis de Thékla ou C. huppé	0.0	0.0	0.0	0.0	0.0	0.0	0.0	0.0	0.0	0.0	0.0	0.0	0.0	0.0	0.0	0.0	0.0	0.0	7.305E-4	0.0	8.628E-4	0.0016906	0.0	0.0	9.259E-4	0.0	9.025E-4	0.0	8.905E-4	0.0	0.0	0.0	0.0	0.0	0.0	0.0	0.0	0.0	0.0	6.935E-4	0.0	0.0	0.0	0.0	0.0	0.0	0.0	0.0	
Alouette calandrelle	0.0	0.0	0.0	0.0	0.0	0.0	0.0	0.0	0.0	0.0	6.297E-4	0.0	0.0015	0.0015	0.0030998	0.001506	0.0012353	0.0026613	0.0036523	0.0037254	0.0034513	0.0084531	0.0038948	0.0028798	0.0064815	0.0	9.025E-4	0.0012247	0.0	0.0	0.0	0.0	8.764E-4	8.54E-4	0.0	0.0	0.0	0.0	0.0	6.935E-4	0.0	0.0	0.0	0.0	0.0	0.0	0.0	0.0	
Alouette calandre	0.0	0.0	0.0	0.0	0.0	0.0	0.0	0.0	0.0	0.0	0.0	0.0	0.0	0.0	0.0	0.0	0.0	0.0	0.0	0.0	0.0	8.453E-4	0.0	0.0	0.0	0.0	0.0	0.0	0.0	0.0	0.0	0.0	0.0	0.0	0.0	0.0	0.0	0.0	0.0	0.0	0.0	0.0	0.0	0.0	0.0	0.0	0.0035629	0.0	
alaudidé sp.	5.546E-4	0.0	0.0	5.59E-4	0.0	8.045E-4	7.194E-4	7.273E-4	0.0	0.0	0.0	4.405E-4	5.173E-4	5.917E-4	0.0	5.02E-4	0.0015	6.653E-4	0.0	5.322E-4	0.0	8.453E-4	0.0	0.0	9.259E-4	0.0	0.0018051	0.0	0.0	0.0	0.0	0.0	0.0	0.0	0.0	7.837E-4	9.653E-4	0.0	0.0	6.935E-4	0.0	9.234E-4	0.0	0.0015	0.0	0.0	0.0011876	0.0	
Panure à moustaches	5.546E-4	0.0	4.068E-4	0.0016769	7.819E-4	8.045E-4	0.0014388	0.0036364	0.0	0.0015	6.297E-4	4.405E-4	0.0	5.917E-4	0.0	0.0	0.0	0.0	0.0	5.322E-4	0.0015	8.453E-4	0.0	0.0015	0.0	0.0015	0.0018051	6.124E-4	0.0	0.0	7.429E-4	6.192E-4	0.0	0.0	0.0	7.837E-4	0.0	0.0015974	0.0027372	0.0	0.0	0.0	0.0	0.0	0.001	0.0	0.0035629	0.0023571	
Cisticole des joncs	0.0582363	0.0623501	0.0252238	0.0469536	0.0656763	0.0450523	0.0690647	0.0763636	0.0745902	0.1083521	0.1171285	0.1370044	0.1583032	0.1899408	0.1797892	0.2123494	0.2180358	0.2341983	0.1899196	0.1793507	0.1855047	0.191885	0.1937683	0.1864651	0.2055556	0.1929666	0.1976534	0.2320882	0.222618	0.2178988	0.2117385	0.1739938	0.1910605	0.1639624	0.1715116	0.1512539	0.1264479	0.1158147	0.1195255	0.1178918	0.0964841	0.1237304	0.1079717	0.1016949	0.087	0.0711501	0.1009501	0.070713	
Hypolaïs bottée	0.0	0.0	0.0	0.0	0.0	0.0	0.0	0.0	0.0	0.0	0.0	0.0	0.0	0.0	0.0	0.0	0.0	0.0	0.0	0.0	0.0	0.0	0.0	0.0	0.0	0.0	0.0	0.0	0.0	0.0	0.0	0.0	0.0	0.0051238	0.0	0.0	0.0	0.0	0.0	0.0	0.0	0.0	0.0	0.0	0.0	0.0	0.0	0.0	
Hypolaïs polyglotte	0.0	0.0	0.0	0.0	0.0	0.0	0.0	0.0	0.0	0.0	0.0	4.405E-4	0.0020693	0.0136095	0.0458772	0.126506	0.2174182	0.2847638	0.3024105	0.3209154	0.3002588	0.2747253	0.2677702	0.2116631	0.2027778	0.1370604	0.1254513	0.1194121	0.0899377	0.0957198	0.0668648	0.0352941	0.0236635	0.0204953	0.004845	0.0031348	9.653E-4	0.0	0.0	0.0	0.0	0.0	0.0	0.0	0.0	0.0	0.0	0.0	
Hippolais sp.	0.0	0.0	0.0	0.0	0.0	0.0	0.0	0.0	0.0	0.0	0.0	0.0	0.0	0.0	0.0	0.0	0.0	0.0	0.0	0.0	0.0	0.0	0.0	0.0	0.0	0.0	0.0015	0.0	0.0	0.0	0.0	0.0	0.0	0.0	0.0	0.0	0.0	0.0	0.0	0.0	0.0	0.0	0.0	0.0	0.0	0.0	0.0	0.0	
Phragmite aquatique	0.0	0.0	0.0	0.0	0.0	0.0	0.0	0.0	0.0	0.0	0.0	0.0	0.0	0.0	0.0	0.0	0.0	0.0	0.0	0.0	0.0	0.0	0.0	0.0	0.0	0.0	0.0	0.0	0.0017809	0.0046693	0.0022288	0.0018576	0.0026293	0.0	0.0	0.0	0.0	0.0	0.0	0.0	0.0	0.0	0.0	0.0	0.0	0.0	0.0	0.0	
Lusciniole à moustaches	0.0	0.0	0.0	5.59E-4	0.0	0.0	0.0	0.0	0.0	0.0	0.0	0.0	0.0	0.0	0.0	0.0	0.0	0.0	0.0	0.0	0.0	0.0	0.0	0.0	0.0	0.0	0.0	0.0	0.0	0.0	0.0	0.0	0.0	0.0	0.0	0.0	0.0	0.0	0.0	0.0	0.0	0.0	0.0	0.0015	0.0	0.0	0.0	0.0	
Phragmite des joncs	0.0	0.0	0.0	0.0	0.0	0.0	0.0	0.0	8.197E-4	0.0	0.0018892	0.014978	0.0496637	0.0621302	0.0818351	0.0793173	0.0630019	0.0359281	0.0138787	0.007983	0.0	0.0016906	0.0	7.199E-4	9.259E-4	0.0072137	0.017148	0.0312309	0.0552093	0.0536965	0.051263	0.0303406	0.0438212	0.0392827	0.0193798	0.0211599	0.0048263	0.0047923	0.0015	6.935E-4	0.0	0.0	0.0	0.0	0.0	0.0	0.0	0.0	
Rousserolle effarvatte	0.0	0.0	0.0	0.0	0.0	0.0	7.194E-4	0.0	0.0	0.0	6.297E-4	0.0030837	0.0232799	0.0781065	0.1066336	0.128012	0.1389747	0.1550233	0.1577794	0.1671102	0.1423641	0.1251057	0.1421616	0.1360691	0.1222222	0.1055005	0.099278	0.101041	0.1130899	0.1027237	0.1181278	0.0922601	0.1148116	0.1024765	0.0746124	0.0603448	0.0415058	0.0239617	0.0328467	0.0131761	0.0065413	0.0036934	0.0010091	0.0	0.0015	0.0	0.0	0.0	
Rousserolle verderolle ou R. effarvatte	0.0	0.0	0.0	0.0	0.0	0.0	0.0	0.0	0.0	0.0	0.0	0.0	0.0	0.0	0.0	0.0	0.0	0.0	0.0	0.0	0.0	0.0	0.0	0.0	0.0	0.0	0.0	6.124E-4	0.0	0.0	0.0	0.0	0.0	0.0	0.0	0.0	0.0	0.0	0.0	0.0	0.0	0.0	0.0	0.0	0.0	0.0	0.0	0.0	
Rousserolle turdoïde	0.0	0.0	0.0	0.0	0.0	0.0	0.0	0.0	0.0	0.0	0.0	0.0	0.0	0.0023669	0.0037198	0.0135542	0.020383	0.0292748	0.0248356	0.0122406	0.0163934	0.0135249	0.0155794	0.0201584	0.0083333	0.0081154	0.0036101	0.0030618	0.0017809	0.0054475	0.0022288	6.192E-4	0.0026293	0.0017079	0.0	0.0	0.0	0.0	0.0	0.0	0.0	0.0	0.0	0.0	0.0	0.0	0.0	0.0	
Acrocephalus sp.	0.0	0.0	0.0	0.0	0.0	0.0	0.0	0.0	0.0	0.0	0.0	0.0	0.0	0.0011834	0.0	0.0	0.0	0.0	0.0	0.0	0.0	0.0	0.0	0.0	0.0	0.0	0.0	0.0012247	0.0	0.0	0.0014859	6.192E-4	0.0	0.0017079	0.0	0.0015674	0.0015	0.0	9.124E-4	0.0015	8.177E-4	0.0015	0.0015	0.0015	0.0	0.0	0.0	0.0	
Locustelle luscinioïde	0.0	0.0	0.0	0.0	0.0	0.0	0.0	0.0	0.0	0.0	0.0	0.0	0.0	0.0011834	0.0	0.0	0.0	0.0	0.0	0.0	0.0	0.0	0.0	0.0	0.0	0.0	0.0	0.0	0.0035619	0.0031128	0.0014859	0.0012384	0.0026293	8.54E-4	0.0	7.837E-4	0.0	0.0	0.0	0.0	0.0	0.0	0.0	0.0	0.0	0.0	0.0	0.0	
Locustelle tachetée	0.0	0.0	0.0	0.0	0.0	0.0	0.0	0.0	8.197E-4	0.0015049	0.0100756	0.0255507	0.0331092	0.0301775	0.0266584	0.0190763	0.0172946	0.0106454	0.0080351	0.0127728	0.0112166	0.0177515	0.0155794	0.0071994	0.012963	0.0117223	0.0054152	0.0055113	0.0017809	0.0070039	0.0141159	0.0049536	0.0052585	0.0042699	0.0067829	0.0023511	0.0	0.0015	0.0	0.0	0.0	0.0	0.0	0.0	0.0	0.0	0.0	0.0	
locustelle sp.	0.0	0.0	0.0	0.0	0.0	0.0	0.0	0.0	0.0	0.0	0.0	0.0	0.0	0.0	0.0	0.0	0.0	0.0	0.0	0.0	0.0	0.0	0.0	0.0	0.0	0.0	0.0	0.0	8.905E-4	0.0	0.0	6.192E-4	8.764E-4	0.0	0.0	0.0	0.0	0.0	0.0	0.0	0.0	0.0	0.0	0.0	0.0	0.0	0.0	0.0	
Hirondelle de rivage	0.0	0.0	0.0	0.0	0.0	0.0	0.0014388	0.0043636	0.0122951	0.0293454	0.052267	0.0814978	0.0801862	0.0674556	0.083695	0.0722892	0.0481779	0.0465735	0.0467495	0.0383183	0.0301984	0.0194421	0.0282376	0.0410367	0.0425926	0.0522994	0.0622744	0.0771586	0.0730187	0.059144	0.0713224	0.0526316	0.0876424	0.0725875	0.0455426	0.0321317	0.0202703	0.0031949	0.0082117	6.935E-4	0.0016353	0.0	0.0	0.0	0.0	0.0	0.0	0.0	
Hirondelle de rochers	0.0454798	0.0207834	0.012205	0.0285075	0.0234558	0.0265487	0.0359712	0.04	0.0557377	0.0526712	0.0629723	0.0519824	0.057941	0.0420118	0.0483571	0.0491968	0.0568252	0.0492349	0.065011	0.0542842	0.0595341	0.0710059	0.0545278	0.0611951	0.0555556	0.0495942	0.0550542	0.0404164	0.0329475	0.0389105	0.0497771	0.0439628	0.0280456	0.0256191	0.0232558	0.0250784	0.0241313	0.0311502	0.0264599	0.0284327	0.0245298	0.0175439	0.0302725	0.0254237	0.038	0.0282651	0.02019	0.0265174	
Hirondelle rustique	0.0011093	7.994E-4	0.0016273	0.0016769	0.0015637	8.045E-4	7.194E-4	0.0101818	0.0213115	0.0609481	0.1221662	0.2281938	0.3228143	0.3147929	0.3955363	0.3694779	0.3681285	0.3752495	0.3710738	0.2815327	0.2683348	0.2485207	0.2989289	0.2771778	0.2861111	0.2633003	0.2761733	0.3337416	0.3098842	0.32607	0.3424963	0.3306502	0.3032428	0.3014518	0.2209302	0.1880878	0.1361004	0.0654952	0.0574818	0.0228849	0.0139002	0.0073869	0.012109	0.0059322	0.009	0.0019493	0.0015	0.0015	
Hirondelle de fenêtre	0.0	0.0	0.0	0.0	0.0	0.0	0.0	0.0015	0.0016393	0.0037622	0.0270781	0.0462555	0.1200207	0.1497041	0.1580905	0.185241	0.2168005	0.2461743	0.2688093	0.252794	0.2622951	0.2358411	0.2969815	0.2958963	0.3074074	0.2795311	0.2906137	0.3386405	0.2920748	0.2918288	0.294948	0.2452012	0.1954426	0.175064	0.1036822	0.039185	0.0202703	0.0111821	0.0100365	0.0	8.177E-4	0.0	0.0	0.0	0.0	0.0	0.0	0.0	
Delichon sp.	0.0	0.0	0.0	0.0	0.0	0.0	0.0	0.0	0.0	0.0	0.0	0.0	5.173E-4	0.0	0.0	0.0	0.0	0.0	0.0	0.0	0.0	0.0	0.0	0.0	0.0	0.0	0.0	0.0	0.0	0.0	0.0	0.0	0.0	0.0	0.0	0.0	0.0	0.0	0.0	0.0	0.0	0.0	0.0	0.0	0.0	0.0	0.0	0.0	
Hirondelle rousseline	0.0	0.0	0.0	0.0	0.0	0.0	0.0	7.273E-4	0.0	0.0	6.297E-4	0.0013216	0.0020693	0.0023669	0.0018599	0.0055221	0.0043237	0.0053227	0.0080351	0.0074508	0.0043141	0.0067625	0.0116845	0.0064795	0.0138889	0.0081154	0.0054152	0.0055113	0.0026714	0.0023346	0.0118871	0.0068111	0.0052585	0.0119556	0.001938	0.0015674	0.0019305	0.0	0.0	0.0	0.0015	0.0	0.0	0.0	0.0	0.0	0.0	0.0	
hirondelle sp.	0.0015	0.0	0.0	5.59E-4	0.0	0.0	7.194E-4	0.0014545	8.197E-4	0.0022573	0.0031486	0.0026432	0.0087946	0.0017751	0.0037198	0.0040161	0.0024707	0.0033267	0.0043828	0.002661	0.0025884	8.453E-4	9.737E-4	7.199E-4	0.0	0.006312	0.0018051	0.0061237	0.0062333	0.0085603	0.0059435	0.0055728	0.0070114	0.0102477	0.005814	0.0086207	9.653E-4	0.0015974	9.124E-4	0.001387	0.0	9.234E-4	0.0	0.0	0.0	0.0	0.0	5.893E-4	
Pouillot siffleur	0.0	0.0	0.0	0.0	0.0	0.0	0.0	0.0	0.0	0.0	0.0	0.0	5.173E-4	0.0015	6.2E-4	0.001506	6.177E-4	0.0	7.305E-4	0.0	0.0	0.0	0.0	0.0	0.0	0.0	0.0	0.0	0.0	0.0	0.0	0.0	0.0	0.0	0.0	0.0	0.0	0.0	0.0	0.0	0.0	0.0	0.0	0.0	0.0	0.0	0.0	0.0	
Pouillot de Bonelli	0.0	0.0	0.0	0.0	0.0	0.0	0.0	0.0	0.0	7.524E-4	0.0	0.0044053	0.0134506	0.008284	0.0210787	0.0180723	0.016677	0.0106454	0.0262966	0.0207557	0.0181191	0.0202874	0.0165531	0.0100792	0.0194444	0.012624	0.0099278	0.0067361	0.0044524	0.0023346	0.0037147	0.0018576	0.0	0.0017079	0.0	7.837E-4	0.0	0.0	0.0	0.0	0.0	0.0	0.0	0.0	0.0	0.0	0.0	0.0	
Pouillot à grands sourcils	0.0	0.0	0.0	0.0	0.0	0.0	0.0	0.0	0.0	0.0	0.0	0.0	0.0015	0.0	0.0	0.0	0.0	0.0	0.0	0.0	0.0	0.0	0.0	0.0	0.0	0.0	0.0	0.0	0.0	0.0	0.0	0.0	0.0	0.0	0.0	0.0	0.0	7.987E-4	0.0015	0.0034674	8.177E-4	0.0	0.0030272	0.0084746	0.003	0.0038986	0.0015	0.0	
Pouillot de Hume	0.0	0.0	0.0	0.0	0.0	0.0	0.0	0.0	0.0	0.0	0.0	0.0017621	0.0010347	0.0017751	0.0	0.0	0.0	0.0	0.0	0.0	0.0	0.0	0.0	0.0	0.0	0.0	0.0	0.0	0.0	0.0	0.0	0.0	0.0	0.0	0.0	0.0	0.0	0.0	0.0	0.0	0.0	9.234E-4	0.0	8.475E-4	0.002	0.0107212	0.0023753	0.0	
Pouillot de Pallas	0.0	0.0	0.0	0.0	0.0	0.0	0.0	0.0	0.0	0.0	0.0	0.0	0.0	0.0	0.0	0.0	0.0	0.0	0.0	0.0	0.0	0.0	0.0	0.0	0.0	0.0	0.0	0.0	0.0	0.0	0.0	0.0	0.0	0.0	0.0	0.0	0.0	0.0	0.0	0.0	0.0	0.0	0.0	0.0015	0.0	0.0	0.0	0.0	
Pouillot brun	0.0	0.0	0.0	0.0	0.0	0.0	0.0	0.0	0.0	0.0	0.0	0.0	0.0	0.0	0.0	0.0	0.0	0.0	0.0	0.0	0.0	0.0	0.0	0.0	0.0	0.0	0.0	0.0	0.0	0.0	0.0	0.0	0.0	0.0	0.0	0.0	0.0	0.0	0.0	0.0	0.0	0.0	0.0	0.0	0.0	0.0	0.0	0.0015	
Pouillot fitis	0.0	0.0	0.0	0.0	0.0	0.0	0.0	0.0	0.0016393	0.0030098	0.0220403	0.0665198	0.1210554	0.1118343	0.0774954	0.064257	0.0277949	0.0086494	0.0029218	0.0021288	0.0025884	8.453E-4	0.0038948	0.0035997	0.0018519	0.0018034	0.0027076	0.0171464	0.0445236	0.1120623	0.1745914	0.2068111	0.260298	0.2553373	0.2218992	0.1786834	0.1100386	0.0567093	0.0301095	0.0131761	0.0016353	0.0	0.0	0.0	0.0	0.0	0.0	0.0	
Pouillot véloce	0.3549639	0.3661071	0.1883645	0.3376188	0.359656	0.3765084	0.3942446	0.4189091	0.4811475	0.5086531	0.4741814	0.4317181	0.3466115	0.1970414	0.1512709	0.1039157	0.0877085	0.0745176	0.0693937	0.051091	0.069025	0.0456467	0.053554	0.0410367	0.0333333	0.0297565	0.0261733	0.0238824	0.0347284	0.0466926	0.064636	0.076161	0.0552147	0.0666097	0.0707364	0.1081505	0.215251	0.350639	0.4279197	0.4348128	0.4194603	0.4192059	0.4540868	0.409322	0.43	0.3947368	0.4382423	0.391868	
Pouillot fitis ou P. véloce	0.0	0.0	0.0	0.0	0.0	0.0	0.0	0.0	0.0	0.0	0.0	0.0	0.0	0.0	0.0	0.0	0.0	0.0	0.0	0.0	8.628E-4	0.0	0.0	0.0	0.0	0.0	0.0	0.0	0.0	0.0	0.0	0.0	0.0	0.0	0.0	0.0	0.0	0.0	0.0	0.0	0.0	0.0	0.0	0.0	0.0	0.0	0.0	0.0	
Pouillot ibérique	0.0	0.0	0.0	0.0	0.0	0.0	7.194E-4	0.0015	0.0065574	0.0150489	0.0736776	0.1286344	0.1702018	0.1621302	0.1735896	0.1746988	0.1642989	0.1363939	0.1775018	0.1575306	0.1725626	0.1563821	0.1762415	0.1396688	0.1046296	0.0919748	0.0812274	0.10594	0.1130899	0.1252918	0.1255572	0.0718266	0.0324277	0.0375747	0.0261628	0.0117555	0.0057915	0.0079872	0.0054745	0.001387	0.0	0.0	0.0	0.0016949	0.0	0.0	0.0	0.0	
Pouillot fitis, P. véloce ou P. ibérique	0.0	0.0	0.0	0.0	0.0	0.0	0.0	0.0	0.0	0.0	0.0	0.0	0.0	0.0	0.0	0.0	0.0	0.0	0.0	0.0	0.0	0.0	0.0	0.0	0.0	0.0	0.0	0.0	0.0	0.0	7.429E-4	6.192E-4	0.0	0.0	0.0	0.0	0.0	0.0	0.0	0.0	0.0	0.0	0.0	0.0	0.0	0.0	0.0	0.0	
Pouillot véloce ou P. ibérique	0.0	0.0	0.0	0.0	0.0	0.0	0.0	0.0	0.004918	0.0090293	0.0214106	0.0215859	0.0258665	0.0207101	0.0123993	0.0100402	0.0080296	0.0053227	0.0029218	0.0042576	0.0043141	0.0059172	0.0029211	0.0050396	0.0074074	0.0054103	0.0018051	0.0036742	0.0053428	0.0085603	0.0096582	0.0080495	0.0087642	0.0076857	0.005814	0.0101881	0.0048263	0.0071885	9.124E-4	0.0034674	0.0016353	9.234E-4	0.0010091	8.475E-4	0.0	0.0	0.0	5.893E-4	
pouillot sp.	0.0016639	0.0015	8.137E-4	0.0016769	0.0039093	0.001609	0.005036	0.0043636	0.004918	0.0060196	0.0088161	0.0246696	0.0201759	0.0230769	0.0142591	0.0100402	0.005559	0.0033267	0.0014609	0.0074508	0.0017256	0.0016906	0.0029211	0.0028798	0.0046296	0.0045086	0.0027076	0.004899	0.0035619	0.0124514	0.0170877	0.0123839	0.0105171	0.0170794	0.0193798	0.0188088	0.0260618	0.0167732	0.0164234	0.0076283	0.0032706	0.0046168	0.0030272	0.0067797	0.002	0.005848	0.0011876	5.893E-4	
Bouscarle de Cetti	0.1442041	0.1790568	0.0866558	0.1816657	0.2095387	0.2204344	0.2352518	0.2596364	0.2442623	0.282167	0.2852645	0.2894273	0.3031557	0.3420118	0.3366398	0.3524096	0.3372452	0.3320027	0.3235939	0.2900479	0.2709232	0.262891	0.2473223	0.2203024	0.1712963	0.1136159	0.1254513	0.1518677	0.158504	0.170428	0.2095097	0.2346749	0.3023663	0.354398	0.3391473	0.3322884	0.3146718	0.3186901	0.3166058	0.3148405	0.2739166	0.2779317	0.2674067	0.240678	0.225	0.2251462	0.2280285	0.1932823	
Orite à longue queue	0.1919024	0.1902478	0.0947925	0.1995528	0.207975	0.2131939	0.2158273	0.1992727	0.2139344	0.1888638	0.1712846	0.1629956	0.1562338	0.1591716	0.1704898	0.1787149	0.1556516	0.1503659	0.1607012	0.1436935	0.1553063	0.1242604	0.1480039	0.1447084	0.1324074	0.1217313	0.1236462	0.1586038	0.1674087	0.1961089	0.2013373	0.1931889	0.1814198	0.2143467	0.2025194	0.2014107	0.207529	0.201278	0.1861314	0.2156727	0.1962388	0.2280702	0.2240161	0.2144068	0.213	0.1842105	0.2137767	0.2168533	
Fauvette à tête noire	0.1708264	0.1454836	0.0772986	0.1453326	0.1501173	0.1488335	0.1661871	0.1643636	0.2032787	0.2460497	0.3425693	0.469163	0.568029	0.5810651	0.567266	0.564759	0.5429277	0.5309381	0.5178963	0.4986695	0.5375324	0.5266272	0.556962	0.5197984	0.5509259	0.5193868	0.4693141	0.4819351	0.364203	0.3525292	0.3402675	0.276161	0.2778265	0.3065756	0.2790698	0.2805643	0.2451737	0.2380192	0.2372263	0.2427184	0.205233	0.2003693	0.2139253	0.1949153	0.183	0.1403509	0.1900238	0.16264	
Fauvette des jardins	0.0	0.0	0.0	0.0	0.0	0.0	0.0	0.0	0.0	0.0	0.0	4.405E-4	0.0020693	0.0147929	0.0384377	0.0672691	0.0642372	0.0326015	0.0277575	0.0255455	0.0267472	0.0253593	0.023369	0.0259179	0.0157407	0.0207394	0.0180505	0.0159216	0.015138	0.0210117	0.0453195	0.0297214	0.0666082	0.05807	0.0465116	0.0250784	0.0106178	0.0031949	0.0018248	0.001387	0.0	0.0	0.0	0.0015	0.0	0.0	0.0	0.0	
Fauvette babillarde	0.0	0.0	0.0	0.0	0.0	0.0	0.0	0.0	0.0	7.524E-4	0.0	0.0	0.0	0.0	0.0	0.0	0.0	0.0	0.0	0.0	0.0	0.0	0.0	0.0	0.0	0.0	0.0	0.0	0.0	0.0	0.0	0.0	0.0	0.0	0.0	0.0	0.0	0.0	0.0	0.0	0.0015	0.0	0.0	0.0	0.0	0.0	0.0	0.0	
Fauvette orphée	0.0	0.0	0.0	0.0	0.0	0.0	0.0	0.0	0.0	0.0	0.0	0.0	0.0	0.0	6.2E-4	0.0	0.0012353	0.0015	0.0014609	0.002661	0.0051769	0.0042265	0.0077897	0.0028798	0.0027778	0.0	9.025E-4	0.0	0.0	7.782E-4	0.0	0.0	0.0	0.0	0.0	0.0	0.0	0.0	0.0	0.0	0.0	0.0	0.0	0.0	0.0	0.0	0.0	0.0	
Fauvette mélanocéphale	0.0460344	0.0543565	0.0227828	0.039128	0.0492572	0.0402253	0.0546763	0.0450909	0.0508197	0.0744921	0.0780856	0.0731278	0.0786342	0.0721893	0.0762554	0.0788153	0.0722668	0.0678643	0.06355	0.0654604	0.0707506	0.0777684	0.0642648	0.0611951	0.0601852	0.0577096	0.0559567	0.0520514	0.0560997	0.0614786	0.0668648	0.0724458	0.0762489	0.089667	0.0968992	0.0995298	0.0974903	0.0934505	0.1195255	0.1047157	0.0923957	0.0941828	0.1130172	0.0949153	0.072	0.0730994	0.0712589	0.0518562	
Fauvette passerinette	0.0	0.0	0.0	0.0	0.0	0.0	0.0	0.0	0.0	0.0	0.0015	0.0	0.0020693	0.0035503	0.0061996	0.001506	6.177E-4	0.003992	0.0087655	0.0063864	0.0060397	0.0076078	0.0058423	0.0035997	0.0046296	0.0	0.0036101	0.0018371	0.0	7.782E-4	0.0	0.0012384	0.0	0.0	0.0	0.0	0.0	0.0	0.0	0.0	0.0	0.0	0.0	0.0	0.0	0.0	0.0	0.0	
Fauvette grisette	0.0	0.0	0.0	0.0	0.0	0.0	0.0	0.0	0.0	0.0	0.0	0.0088106	0.0372478	0.043787	0.0750155	0.0712851	0.0333539	0.0172987	0.0080351	0.0047898	0.0025884	0.0033812	0.0029211	0.0035997	9.259E-4	0.0018034	9.025E-4	0.0024495	0.0186999	0.0474708	0.0988113	0.0922601	0.1183173	0.1426132	0.1036822	0.0775862	0.0444015	0.0103834	0.0018248	0.0020804	8.177E-4	0.0015	0.0	0.0	0.0	0.0	0.0	0.0	
Fauvette à lunettes	0.0	0.0	0.0	0.0	0.0	0.0	0.0	0.0	0.0	0.0	0.0	0.0	0.0	0.0	0.0	0.0	6.177E-4	0.0013307	0.0021914	0.0010644	8.628E-4	0.0016906	0.0029211	0.0035997	0.0	0.0	9.025E-4	6.124E-4	8.905E-4	0.0015564	0.0	0.0	0.0	0.0	0.0	0.0	0.0	0.0	0.0	0.0	0.0	0.0	0.0	0.0	0.0	0.0	0.0	0.0	
Fauvette pitchou	0.0066556	0.0055955	0.0040683	0.0055897	0.0062549	0.0080451	0.0057554	0.0101818	0.004918	0.006772	0.0107053	0.0136564	0.0144853	0.0189349	0.0136392	0.0105422	0.009265	0.0093147	0.0182615	0.0122406	0.013805	0.021978	0.0126582	0.0165587	0.012037	0.0153291	0.0216606	0.0134721	0.0133571	0.014786	0.0245171	0.0154799	0.0148992	0.0170794	0.0203488	0.0148903	0.0202703	0.0111821	0.0264599	0.0284327	0.0089943	0.0110803	0.0181635	0.0127119	0.012	0.0087719	0.0130641	0.0141426	
Sylvia ou Curruca sp.	5.546E-4	0.0023981	4.068E-4	5.59E-4	0.0	8.045E-4	0.0	7.273E-4	0.0	0.0	0.0	4.405E-4	0.001552	0.0017751	0.0015	0.0	6.177E-4	6.653E-4	0.0015	5.322E-4	8.628E-4	0.0016906	0.0038948	7.199E-4	9.259E-4	9.017E-4	0.0	6.124E-4	0.0	0.0	0.0022288	6.192E-4	0.0017528	8.54E-4	0.0	7.837E-4	0.0015	7.987E-4	0.0018248	0.0020804	0.0	0.0	0.0	8.475E-4	0.002	0.0	0.0	0.0	
Passeriformes sp. (fauvette de l'ancien monde sp.)	0.0	0.0	0.0	0.0	0.0	0.0	0.0	0.0	0.0	0.0	0.0	0.0	0.0	0.0	0.0	5.02E-4	0.0	0.0	0.0	0.0	0.0	0.0	0.0	0.0	0.0	0.0	0.0	0.0	8.905E-4	0.0	7.429E-4	6.192E-4	0.0	8.54E-4	0.0	0.0	0.0015	0.0	0.0	0.0	0.0	0.0	0.0	8.475E-4	0.0	0.0	0.0	0.0	
Léiothrix jaune	0.0011093	0.0023981	0.0012205	0.0078256	0.0015637	0.001609	7.194E-4	0.0043636	0.002459	7.524E-4	0.0037783	0.0013216	0.001552	0.0023669	6.2E-4	5.02E-4	0.0015	6.653E-4	7.305E-4	0.0	8.628E-4	0.0025359	0.0	0.0035997	0.0037037	0.0027051	0.0027076	0.0036742	0.0053428	0.0038911	0.0037147	0.0012384	0.0	8.54E-4	9.69E-4	0.0	0.0028958	0.0015974	9.124E-4	0.0020804	0.0057236	0.0046168	0.0030272	0.0016949	0.002	9.747E-4	0.0035629	0.0023571	
Roitelet huppé	0.0110926	0.0103917	0.0069162	0.0078256	0.0109461	0.0152856	0.005036	0.008	0.0090164	0.0097818	0.006927	0.0026432	0.0020693	0.0017751	0.0037198	0.001004	0.001853	0.0026613	0.0014609	0.0031932	0.0025884	0.0016906	0.0019474	0.0014399	0.0	0.0027051	0.0045126	0.0042866	0.0053428	0.0031128	0.0044577	0.0018576	0.0017528	8.54E-4	9.69E-4	0.0015	0.0028958	7.987E-4	0.0063869	0.0020804	0.0057236	0.0092336	0.0302725	0.0288136	0.015	0.0146199	0.0166271	0.0129641	
Roitelet à triple bandeau	0.249584	0.2661871	0.1289666	0.2375629	0.2728694	0.2872084	0.3115108	0.3018182	0.3368852	0.3145222	0.3356423	0.3255507	0.3140197	0.2940828	0.2951023	0.2986948	0.269302	0.253493	0.2753835	0.266099	0.2873167	0.2535926	0.2531646	0.2037437	0.1935185	0.1785392	0.1913357	0.240049	0.2341941	0.2560311	0.2756315	0.25387	0.2497809	0.2877882	0.2751938	0.2437304	0.2683398	0.2244409	0.2408759	0.242025	0.2330335	0.2262235	0.2825429	0.2813559	0.287	0.2573099	0.2767221	0.2840306	
Roitelet huppé ou R. à triple bandeau	0.0027732	0.0	0.0012205	0.0011179	0.0023456	0.001609	0.0	0.0014545	0.0016393	7.524E-4	6.297E-4	0.0	0.001552	5.917E-4	0.0012399	5.02E-4	0.0012353	6.653E-4	7.305E-4	0.0010644	0.0	0.0	0.0	0.0014399	0.0	0.0	9.025E-4	0.0012247	0.0026714	0.0	0.0014859	0.0018576	0.0	8.54E-4	9.69E-4	0.0023511	0.0019305	0.0023962	0.0018248	6.935E-4	0.0016353	0.0018467	0.0020182	8.475E-4	0.0	9.747E-4	0.0011876	0.0015	
Tichodrome échelette	0.0049917	0.0015987	0.0012205	0.0027949	0.0023456	0.0040225	0.005036	0.0036364	8.197E-4	7.524E-4	0.0012594	4.405E-4	0.003104	0.0011834	0.0	0.0	0.0	0.0	0.0	0.0	0.0	0.0	9.737E-4	0.0	0.0	0.0	0.0	6.124E-4	0.0	0.0	0.0	0.0	0.0	0.0	0.0	0.0	9.653E-4	0.0023962	0.0036496	0.0034674	0.0057236	0.0055402	0.0030272	0.0050847	0.003	0.002924	0.0118765	0.006482	
Sittelle torchepot	0.1092623	0.1047162	0.0634662	0.117943	0.1305708	0.1303298	0.1201439	0.12	0.1360656	0.1354402	0.1505038	0.1330396	0.1464046	0.1047337	0.0886547	0.0747992	0.0623842	0.0572189	0.0672023	0.0659925	0.1009491	0.0862215	0.0847128	0.0734341	0.0842593	0.0721371	0.0812274	0.0961421	0.0854853	0.0972763	0.1136701	0.095356	0.0999124	0.0691716	0.0862403	0.0744514	0.0685328	0.0726837	0.0629562	0.0950069	0.0874898	0.0775623	0.0998991	0.0991525	0.093	0.0955166	0.1140143	0.1325869	
Grimpereau des bois	5.546E-4	0.0015987	0.0	0.0	0.0	0.0015	0.0	0.0	0.0	0.0	0.0015	0.0	0.0	0.0	0.0	0.0	0.0	0.0	0.0	0.0	0.0	0.0	0.0	0.0	0.0	0.0	0.0	6.124E-4	0.0	0.0	0.0	0.0	0.0	0.0	0.0	0.0	0.0	0.0	0.0	0.0	0.0	0.0	0.0	0.0	0.0	0.0	0.0	0.0	
Grimpereau des jardins	0.2013311	0.2102318	0.1135069	0.2302963	0.2329945	0.2469831	0.2618705	0.2378182	0.2467213	0.2264861	0.2311083	0.222467	0.2322814	0.2159763	0.2343459	0.2193775	0.1976529	0.2302063	0.2388605	0.2357637	0.2433132	0.2265427	0.2434275	0.225342	0.2231481	0.251578	0.2364621	0.2774036	0.2724844	0.2785992	0.2890045	0.2396285	0.2278703	0.264731	0.2383721	0.2053292	0.2017375	0.1749201	0.1760949	0.1941748	0.1896975	0.1800554	0.2209889	0.2110169	0.21	0.205653	0.2185273	0.2268709	
Grimpereau des bois ou G. des jardins	0.0016639	0.0015987	8.137E-4	0.0011179	0.0	0.001609	0.0014388	0.0	8.197E-4	0.0	0.0018892	0.0	0.001552	0.0011834	0.0015	5.02E-4	0.0	0.0	0.0	5.322E-4	8.628E-4	0.0033812	9.737E-4	7.199E-4	0.0	0.0	0.0	0.0012247	0.0026714	7.782E-4	7.429E-4	0.0012384	8.764E-4	8.54E-4	0.0	7.837E-4	0.0028958	0.0	9.124E-4	0.0015	8.177E-4	0.0	0.0	8.475E-4	0.002	0.0	0.0	0.0	
Troglodyte mignon	0.2634498	0.2557954	0.1326282	0.2576859	0.3127443	0.3362832	0.3561151	0.376	0.392623	0.4040632	0.4338791	0.4524229	0.4614589	0.4650888	0.4420335	0.4548193	0.4138357	0.4038589	0.4112491	0.4395955	0.4641933	0.4158918	0.443038	0.3902088	0.3703704	0.3300271	0.299639	0.2872015	0.269813	0.2856031	0.2852897	0.2433437	0.2322524	0.2450897	0.245155	0.2170846	0.261583	0.2332268	0.2691606	0.2545076	0.2747343	0.2807018	0.3067608	0.3067797	0.295	0.2797271	0.2909739	0.2746022	
Cincle plongeur	0.0066556	0.008793	0.0077299	0.0139743	0.0125098	0.0112631	0.0129496	0.0145455	0.0090164	0.013544	0.011335	0.0140969	0.0082773	0.0100592	0.0074396	0.0065261	0.0086473	0.0086494	0.0116874	0.0037254	0.0103538	0.0059172	0.0077897	0.0064795	0.0046296	0.0099188	0.0072202	0.0073484	0.0071238	0.0046693	0.0074294	0.0037152	0.0026293	0.0068318	0.0077519	0.0054859	0.0048263	0.0047923	0.0091241	0.0062413	0.0040883	0.0027701	0.0050454	0.0050847	0.004	0.0097466	0.0106888	0.0100177	
Étourneau sansonnet	0.1952302	0.2318145	0.1102522	0.2146451	0.2111024	0.2180209	0.1971223	0.1643636	0.1442623	0.1083521	0.074937	0.0555066	0.0558717	0.0550296	0.0483571	0.0486948	0.0407659	0.0532269	0.0387144	0.0447046	0.0560828	0.0557904	0.0642648	0.0662347	0.0703704	0.0766456	0.0965704	0.0691978	0.0721282	0.0840467	0.0906389	0.0780186	0.092901	0.0913749	0.1027132	0.104232	0.1090734	0.1269968	0.1368613	0.1983356	0.2166803	0.2539243	0.2875883	0.2711864	0.269	0.2553606	0.2945368	0.2268709	
Étourneau unicolore	0.0366057	0.0431655	0.0256306	0.0452767	0.0484754	0.0490748	0.0395683	0.048	0.0385246	0.0662152	0.074937	0.0634361	0.0926022	0.1011834	0.117173	0.1004016	0.1099444	0.1237525	0.1219869	0.1053752	0.1044003	0.0980558	0.1071081	0.0964723	0.0888889	0.0631199	0.0424188	0.0538885	0.032057	0.0404669	0.0557207	0.0359133	0.0359334	0.0657558	0.0445736	0.0399687	0.0492278	0.0407348	0.0510949	0.0485437	0.0417007	0.0470914	0.0524723	0.0516949	0.036	0.0604288	0.04038	0.0465527	
Étourneau sansonnet ou É. unicolore	0.0088741	0.008793	0.0040683	0.0134153	0.0125098	0.0144811	0.0115108	0.0123636	0.0040984	0.006772	0.0018892	0.0030837	0.004656	0.0053254	0.0030998	0.0035141	0.0043237	0.0013307	0.0058437	0.005322	0.0060397	0.0076078	0.0048685	0.0043197	0.0064815	0.0027051	0.0027076	0.0067361	0.0062333	0.0031128	0.0044577	0.0080495	0.0087642	0.0111016	0.004845	0.0101881	0.007722	0.0111821	0.0109489	0.0090153	0.0098119	0.0120037	0.0100908	0.0127119	0.015	0.0175439	0.0178147	0.0117855	
Étourneau roselin	0.0	0.0	0.0	0.0	0.0	0.0	0.0	0.0	0.0	0.0	0.0	0.0	0.0	0.0	0.0	0.0	0.0	0.0	0.0	0.0	0.0163934	0.0	0.0	0.0	0.0	0.0	0.0	0.0	0.0	0.0	0.0	0.0	0.0	0.0	9.69E-4	0.0	0.0	7.987E-4	0.0027372	0.0	0.0	0.0	0.0	0.0	0.0	0.0	0.0	0.0	
Lamprotornis sp.	0.0	0.0	0.0	0.0	0.0	0.0	0.0	0.0	0.0	0.0	0.0	0.0	0.0	0.0	0.0	0.0	0.0	0.0	0.0	5.322E-4	0.0	0.0	0.0	0.0	0.0	0.0	0.0	0.0	0.0	0.0	0.0	0.0	0.0	0.0	0.0	0.0	0.0	0.0	0.0	0.0	0.0	0.0	0.0	0.0	0.0	0.0	0.0	0.0	
Grive draine	0.0177482	0.019984	0.0170871	0.039128	0.0351837	0.0281577	0.0294964	0.0283636	0.0278689	0.0300978	0.0214106	0.0273128	0.0362131	0.0284024	0.034098	0.0230924	0.0234713	0.0206254	0.0372535	0.0361895	0.0371009	0.0481826	0.0418695	0.0316775	0.0314815	0.018936	0.0297834	0.0251072	0.0142476	0.0241245	0.0297177	0.025387	0.0157756	0.0213493	0.0242248	0.015674	0.0164093	0.0127796	0.0136861	0.0263523	0.0196239	0.0249307	0.0272452	0.0262712	0.017	0.0204678	0.0296912	0.0241603	
Grive musicienne	0.2978369	0.3109512	0.1570382	0.3163779	0.3526192	0.4271923	0.4690647	0.496	0.5303279	0.4612491	0.4502519	0.4202643	0.4061045	0.4100592	0.3725976	0.3699799	0.3477455	0.3459747	0.3579255	0.373603	0.4106989	0.3778529	0.3651412	0.3153348	0.2509259	0.1974752	0.1759928	0.1677893	0.1219947	0.1175097	0.0995542	0.0897833	0.0893953	0.088813	0.1172481	0.0909091	0.1119691	0.1861022	0.2344891	0.3183079	0.318888	0.3527239	0.3773966	0.3694915	0.34	0.3060429	0.3444181	0.321155	
Grive mauvis	0.0981697	0.0879297	0.0414972	0.0827278	0.0742768	0.0917136	0.076259	0.072	0.0688525	0.0413845	0.0170025	0.0140969	0.006208	0.0011834	6.2E-4	5.02E-4	0.0	0.0	0.0	0.0	0.0	0.0	0.0	0.0	0.0	0.0	0.0	0.0	0.0	0.0	0.0	0.0	0.0	0.0	0.0	7.837E-4	9.653E-4	0.0047923	0.020073	0.0568655	0.0858545	0.1172669	0.123108	0.1516949	0.127	0.1354776	0.1508314	0.1078374	
Merle noir	0.5679423	0.5819345	0.3234337	0.6131917	0.6129789	0.6339501	0.6251799	0.6450909	0.6885246	0.6794582	0.697733	0.7013216	0.7097775	0.7343195	0.7414755	0.7535141	0.7362569	0.7471723	0.7436085	0.7456094	0.7644521	0.7404903	0.7507303	0.6731461	0.6240741	0.5843102	0.515343	0.5296999	0.4835263	0.4653696	0.486627	0.4749226	0.4434706	0.5064048	0.5184109	0.4890282	0.5289575	0.5119808	0.5282847	0.5866852	0.5519215	0.5734072	0.60444	0.6110169	0.597	0.5818713	0.6579572	0.6116676	
Grive litorne	0.0061009	0.0055955	0.0032547	0.0078256	0.0039093	0.0072405	0.0014388	0.0058182	0.0016393	0.0022573	0.0031486	0.0017621	0.0010347	5.917E-4	0.0	0.0	0.0	0.0	0.0	5.322E-4	0.0	0.0	0.0	0.0	0.0	0.0	0.0	0.0	0.0	0.0	0.0	0.0	0.0	0.0	0.0	0.0	0.0	0.0	0.0063869	0.0076283	0.0139002	0.0166205	0.0151362	0.0228814	0.015	0.0087719	0.0142518	0.006482	
Merle à plastron	5.546E-4	0.0	4.068E-4	0.0	0.0	0.0	0.0	0.0	0.0	0.0015	0.0044081	0.0048458	0.0186239	0.0136095	0.0130192	0.0060241	0.001853	6.653E-4	0.0	0.0010644	0.0	0.0	0.0	0.0	0.0	0.0	0.0	0.0	0.0	0.0	0.0	0.0	0.0	0.0	0.0	0.0015674	9.653E-4	0.0047923	0.004562	0.0104022	0.0032706	0.0018467	0.0	8.475E-4	0.0	9.747E-4	0.0	0.0	
Turdus sp.	0.0027732	0.0015987	8.137E-4	0.0016769	0.0039093	0.001609	0.0028777	0.0036364	0.0016393	7.524E-4	0.0044081	0.0026432	0.001552	0.0023669	0.0	5.02E-4	0.0	6.653E-4	0.0	5.322E-4	0.0	0.0	9.737E-4	0.0	9.259E-4	0.0	0.0018051	0.0012247	0.0	7.782E-4	0.0	0.0	0.0017528	0.0	9.69E-4	0.0015674	0.0019305	0.0023962	0.0054745	0.0117892	0.0106296	0.0055402	0.0070636	0.0059322	0.003	0.0048733	0.0047506	0.0017678	
turdidé sp.	0.0	0.0	0.0	0.0	0.0	0.0	0.0	0.0	0.0	0.0	0.0	0.0	0.0	0.0	0.0	0.0	0.0	0.0	0.0	0.0	0.0	0.0	0.0	7.199E-4	0.0	0.0	0.0	0.0	0.0	0.0	0.0	0.0	0.0	0.0	0.0	0.0	0.0	0.0	0.0	0.0	0.0	0.0	0.0	0.0	0.0	0.0	0.0	0.0	
Gobemouche gris	0.0	0.0	0.0	0.0	0.0	0.0	0.0	0.0	0.0	0.0	0.0	0.0	5.173E-4	0.0	0.0068196	0.0456827	0.0846201	0.1343979	0.1855369	0.1447578	0.1147541	0.1065089	0.134372	0.1310295	0.1537037	0.1514878	0.1471119	0.167177	0.1567231	0.1719844	0.1760773	0.1925697	0.2120947	0.204953	0.1540698	0.1206897	0.0868726	0.0471246	0.0291971	0.0062413	0.0	0.0	0.0	0.0	0.0	0.0	0.0	0.0	
Muscicapa sp.	0.0	0.0	0.0	0.0	0.0	0.0	0.0	0.0	0.0	0.0	0.0	0.0	0.0	0.0	0.0	0.0	0.0	0.0	0.0	5.322E-4	0.0	0.0	0.0	0.0	0.0	0.0	0.0	6.124E-4	0.0	0.0	7.429E-4	0.0024768	0.0	0.0015	9.69E-4	7.837E-4	0.0015	7.987E-4	0.0	0.0	0.0	0.0	0.0	0.0	0.0	0.0	0.0	0.0	
Agrobate roux	0.0	0.0	0.0	0.0	0.0	0.0	0.0	0.0	0.0	0.0	0.0	0.0	0.0	0.0	0.0	0.0	0.0	0.0	0.0	0.0	0.0	0.0	0.0	0.0	0.0	0.0	0.0	0.0	0.0	7.782E-4	0.0	0.0	0.0	0.0	0.0	0.0	0.0	0.0	0.0	0.0	0.0	0.0	0.0	0.0	0.0	0.0	0.0	0.0	
Rougegorge familier	0.6450361	0.667466	0.35476	0.628284	0.6536357	0.6436042	0.6597122	0.6618182	0.6885246	0.6787058	0.6775819	0.6700441	0.6120021	0.5816568	0.5573466	0.5451807	0.5287214	0.5156354	0.5376187	0.5119745	0.5470233	0.5088757	0.5170399	0.4449244	0.4703704	0.4499549	0.4088448	0.4513166	0.4398931	0.4645914	0.4598811	0.4427245	0.4758983	0.5918019	0.630814	0.6449843	0.6882239	0.7124601	0.7125912	0.7288488	0.681112	0.7257618	0.715439	0.7059322	0.656	0.6520468	0.7114014	0.6758986	
Rossignol philomèle	0.0	0.0	4.068E-4	0.0	0.0	0.0	0.0	0.0	0.0	0.0	0.0012594	0.0048458	0.0538024	0.0775148	0.0855549	0.0577309	0.0432366	0.0345975	0.0372535	0.0282065	0.0284728	0.0295858	0.0399221	0.0093593	0.0111111	0.0081154	0.017148	0.0214329	0.0560997	0.1081712	0.1062407	0.0817337	0.0999124	0.0469684	0.0251938	0.0101881	0.0019305	7.987E-4	0.0	6.935E-4	0.0	0.0	0.0	0.0015	0.0	0.0	0.0	0.0	
Gorgebleue à miroir	5.546E-4	0.0	0.0	0.0	0.0	0.0	0.0	0.0	0.004918	0.0112867	0.0176322	0.0317181	0.0129333	0.0017751	0.0012399	0.001004	6.177E-4	0.0015	0.0	5.322E-4	0.0	8.453E-4	0.0	7.199E-4	0.0	9.017E-4	0.0	6.124E-4	0.0071238	0.0140078	0.03789	0.0464396	0.0569676	0.05807	0.0358527	0.0282132	0.0048263	0.0023962	0.0082117	0.0034674	8.177E-4	9.234E-4	0.0	0.0	0.0	0.0	0.0	5.893E-4	
Gobemouche noir	0.0	0.0	0.0	0.0	0.0	0.0	0.0	0.0	0.0	0.0	0.0	0.0035242	0.0212106	0.0248521	0.0353379	0.0542169	0.0413836	0.0113107	0.0051132	0.0042576	0.0025884	8.453E-4	0.0019474	0.0028798	0.0018519	0.0027051	0.0072202	0.0097979	0.0186999	0.0817121	0.2860327	0.4154799	0.5065732	0.5542272	0.4147287	0.2985893	0.1225869	0.0455272	0.0145985	0.0041609	8.177E-4	0.0	0.0015	0.0042373	0.0	0.0	0.0	0.0	
Ficedula sp.	0.0	0.0	0.0	0.0	0.0	0.0	0.0	0.0	0.0	0.0	0.0	0.0	0.0	0.0	0.0	0.0	0.0	0.0	0.0	5.322E-4	8.628E-4	0.0	9.737E-4	0.0	0.0	0.0	0.0	0.0	0.0	0.0	0.0	0.0	8.764E-4	0.0	0.0	0.0	9.653E-4	0.0	0.0	6.935E-4	0.0	0.0	0.0015	0.0	0.0	0.0	0.0	0.0	
Rougequeue à front blanc	0.0	0.0	0.0	0.0	0.0	0.0	0.0	0.0	0.0	7.524E-4	0.0088161	0.039207	0.1008795	0.0798817	0.0712957	0.0557229	0.0265596	0.0146374	0.0029218	0.002661	0.0017256	8.453E-4	9.737E-4	0.0014399	0.0018519	0.0027051	0.0027076	6.124E-4	0.0035619	0.0054475	0.02526	0.0390093	0.0744961	0.0862511	0.0629845	0.0619122	0.0164093	0.0135783	0.0082117	0.0048544	0.0	0.0027701	0.0	0.0	0.0	0.0	0.0	0.0	
Rougequeue noir	0.1364393	0.1454836	0.0748576	0.1386249	0.123534	0.1150442	0.1079137	0.1410909	0.1811475	0.2513168	0.3513854	0.3947137	0.4200724	0.4047337	0.4135152	0.371988	0.3736875	0.3898869	0.4134405	0.4289516	0.4477998	0.4573119	0.4819864	0.412527	0.4046296	0.3651939	0.351083	0.3282303	0.2991986	0.2918288	0.3016345	0.3083591	0.3391762	0.3279249	0.3614341	0.3565831	0.3301158	0.2979233	0.2728102	0.2704577	0.2403925	0.2668513	0.2764884	0.2466102	0.202	0.1822612	0.1745843	0.1608721	
Rougequeue à front blanc ou R. noir	0.0	0.0	0.0	0.0	0.0	0.0	0.0	0.0	0.0	0.0	0.0	4.405E-4	0.0	0.0	0.0	0.0	0.0	0.0	0.0	0.0	0.0	0.0	0.0	0.0	0.0	0.0	0.0	0.0	0.0	0.0	0.0	0.0	0.0	0.0	0.0	0.0	0.0	0.0	0.0	0.0	0.0	0.0	0.0	0.0	0.0	0.0	0.0	0.0	
rougequeue sp.	0.0	0.0	0.0	0.0	0.0	0.0	0.0	0.0	0.0	0.0	0.0	0.0	0.0	0.0	0.0	0.0	0.0	0.0	0.0	0.0	0.0	0.0	0.0	0.0	0.0	0.0	0.0	0.0	0.0	0.0	0.0	0.0	0.0	0.0	0.0	0.0	0.0	0.0	9.124E-4	0.0	0.0	0.0	0.0	0.0	0.0	0.0	0.0	0.0	
Monticole de roche	0.0	0.0	0.0	0.0	0.0	0.0	0.0	0.0	0.0	0.0	0.0	0.0	0.0	5.917E-4	0.0	0.0	6.177E-4	0.0013307	0.0021914	0.0037254	0.0051769	0.0050719	0.0029211	0.0035997	0.0074074	0.0018034	0.0036101	0.0012247	0.0	0.0015564	0.0022288	0.0012384	0.0	0.0017079	0.0015	0.0	0.0	0.0	0.0	0.0	0.0	0.0	0.0	0.0	0.0	0.0	0.0	0.0	
Monticole bleu	5.546E-4	0.0	0.0020342	0.0033538	0.0023456	0.001609	0.0021583	0.0014545	0.0032787	0.0015049	0.0018892	0.0026432	0.0082773	0.0071006	0.0055797	0.0040161	0.0049413	0.001996	0.0080351	0.0085152	0.0146678	0.0185968	0.0185005	0.0079194	0.0083333	0.0099188	0.0063177	0.0024495	0.0026714	0.0015564	0.0044577	6.192E-4	0.0017528	0.0025619	9.69E-4	0.0015	0.0028958	0.0015974	0.004562	0.001387	8.177E-4	0.0036934	0.0010091	8.475E-4	0.002	0.0019493	0.0023753	0.0041249	
Tarier des prés	0.0	0.0	0.0	0.0	0.0	0.0	0.0	0.0	8.197E-4	7.524E-4	6.297E-4	0.0030837	0.0056906	0.0118343	0.0347179	0.0557229	0.0302656	0.0232868	0.0124178	0.0154337	0.0043141	8.453E-4	0.0	0.0	0.0	9.017E-4	0.0015	6.124E-4	0.0	0.0085603	0.0274889	0.0786378	0.1595092	0.1545687	0.1375969	0.0830721	0.0492278	0.0223642	0.0127737	0.0076283	0.0016353	0.0	0.0	0.0	0.0	0.0	0.0	5.893E-4	
Tarier pâtre	0.1508597	0.157474	0.0829943	0.1503633	0.1634089	0.1448109	0.1841727	0.2036364	0.1819672	0.227991	0.2084383	0.2171806	0.2048629	0.2005917	0.1897086	0.2053213	0.2211242	0.2255489	0.2344777	0.2373603	0.2364107	0.2333052	0.2346641	0.2030238	0.2222222	0.1938683	0.1687726	0.183711	0.1576135	0.1844358	0.2035661	0.1987616	0.2173532	0.2211785	0.2587209	0.2053292	0.246139	0.2084665	0.2208029	0.2226075	0.1905151	0.2068329	0.2149344	0.2084746	0.205	0.1598441	0.195962	0.1673542	
Traquet motteux	0.0	0.0	0.0	0.0	0.0	0.0	0.0	0.0	8.197E-4	0.0060196	0.0107053	0.0299559	0.0682876	0.0798817	0.0911345	0.064759	0.0395306	0.0146374	0.0109569	0.0149015	0.0069025	0.0135249	0.0136319	0.0050396	0.0055556	0.0099188	0.0099278	0.0073484	0.0204809	0.0210117	0.0720654	0.0978328	0.1638913	0.1784799	0.1521318	0.0995298	0.0675676	0.0527157	0.0383212	0.0214979	0.0057236	9.234E-4	0.0010091	0.0	0.0	0.0	0.0	0.0	
Traquet oreillard	0.0	0.0	0.0	0.0	0.0	0.0	0.0	0.0	0.0	0.0	6.297E-4	0.0048458	0.0	5.917E-4	0.0037198	0.002008	0.0024707	0.003992	0.0021914	0.0042576	0.0086281	0.0067625	0.0077897	0.0021598	0.0037037	0.0	0.0018051	0.0012247	0.0	7.782E-4	0.0	0.0	0.0	0.0	0.0	0.0	0.0	0.0	0.0	0.0	0.0	0.0	0.0	0.0	0.0	0.0	0.0	0.0	
Oenanthe sp.	0.0	0.0	0.0	0.0	0.0	0.0	0.0	0.0	0.0	0.0	0.0	0.0	0.0	0.0	0.0	0.0	0.0	0.0	0.0	0.0	0.0	0.0	9.737E-4	0.0	0.0	0.0	0.0	6.124E-4	0.0	0.0	0.0	0.0	0.0	0.0	0.0	0.0	0.0	0.0	0.0	0.0	8.177E-4	0.0	0.0	0.0	0.0	0.0	0.0	0.0	
Jaseur boréal	0.0	0.0	0.0	0.0	0.0	0.0	0.0	0.0	0.0	0.0	0.0	0.0	0.0	0.0	0.0	0.0	0.0	0.0	0.0	0.0	0.0	0.0	0.0	0.0	0.0	0.0	0.0	0.0	0.0	0.0	0.0	0.0	0.0	0.0	0.0	0.0	0.0	0.0	0.0	0.0	0.0	0.0	0.0010091	0.0	0.0	0.0	0.0	0.0	
Diamant mandarin	0.0	0.0	0.0	0.0	0.0	0.0	0.0	0.0	0.0	0.0	0.0	0.0	0.0	0.0	0.0	0.0	0.0	0.0	0.0	0.0	0.0	0.0	9.737E-4	0.0	0.0	0.0	0.0	0.0	0.0	0.0	0.0	0.0	0.0	0.0	0.0	0.0	0.0	0.0	0.0	0.0	0.0	0.0	0.0	0.0	0.0	0.0	0.0	0.0	
Astrild ondulé	0.0	0.0	0.0	0.0	0.0	0.0	0.0	0.0	0.0	0.0	0.0	0.0	0.0	0.0	0.0	0.0	0.0	0.0	0.0	0.0	0.0	0.0	0.0	0.0	0.0	0.0	9.025E-4	6.124E-4	0.0	0.0023346	0.0	0.0012384	0.0026293	0.0	9.69E-4	0.0	0.0	0.0	0.0	0.0	0.0	0.0	0.0	0.0	0.0	0.0	0.0	0.0	
Accenteur alpin	0.0083195	0.0047962	0.0044752	0.0044718	0.0086005	0.0056315	0.0093525	0.0072727	0.007377	0.0030098	0.0044081	0.0030837	0.003104	0.0017751	0.0012399	0.001004	0.001853	0.0026613	0.0	0.0021288	8.628E-4	8.453E-4	0.0038948	7.199E-4	0.0018519	0.0	0.0045126	0.0012247	8.905E-4	7.782E-4	0.0	0.0018576	8.764E-4	0.0017079	9.69E-4	0.0031348	9.653E-4	0.0031949	0.004562	0.0062413	0.007359	0.0073869	0.012109	0.0076271	0.013	0.0068226	0.0154394	0.0088391	
Accenteur mouchet	0.0865225	0.1015188	0.0414972	0.0698714	0.0867866	0.0587289	0.0517986	0.0676364	0.0581967	0.0451467	0.0541562	0.077533	0.0832902	0.0704142	0.0812151	0.064759	0.0525015	0.0512309	0.0584368	0.0718467	0.08283	0.0752325	0.0632911	0.0453564	0.037963	0.0306583	0.0333935	0.0312309	0.0284951	0.0241245	0.0393759	0.0291022	0.0368098	0.0426985	0.0348837	0.0368339	0.042471	0.0383387	0.0556569	0.0825243	0.1005724	0.1006464	0.1251261	0.1135593	0.113	0.0955166	0.1140143	0.1007661	
Moineau domestique	0.5213533	0.4708233	0.2794955	0.4963667	0.5050821	0.5020113	0.5273381	0.5243636	0.5622951	0.5485327	0.5434509	0.5480176	0.5623383	0.5585799	0.5796652	0.5727912	0.5787523	0.6247505	0.6106647	0.6077701	0.6410699	0.6382079	0.6319377	0.6342693	0.625	0.5987376	0.6046931	0.6031843	0.5850401	0.540856	0.5089153	0.4619195	0.4767748	0.4560205	0.4854651	0.4521944	0.4565637	0.428115	0.4625912	0.4757282	0.4619787	0.4635272	0.5166498	0.4974576	0.464	0.4736842	0.5106888	0.4843842	
Moineau friquet	0.0110926	0.0143885	0.004882	0.0106205	0.0132916	0.0112631	0.018705	0.0152727	0.0180328	0.0165538	0.0144836	0.0171806	0.0129333	0.0094675	0.0136392	0.0190763	0.0154416	0.0232868	0.0211833	0.0175625	0.0146678	0.0253593	0.0292113	0.0230382	0.0138889	0.012624	0.0162455	0.0171464	0.0276046	0.018677	0.0163447	0.0142415	0.0175285	0.0111016	0.0125969	0.0070533	0.0086873	0.0087859	0.0173358	0.0097087	0.0089943	0.0156971	0.0191726	0.0186441	0.013	0.0116959	0.0178147	0.0159104	
Passer sp.	0.0	0.0	0.0	0.0	0.0	0.0	0.0	0.0	0.0	0.0	0.0	0.0	0.0	0.0	0.0	0.0	0.0	0.0	0.0	0.0	0.0	0.0	0.0	0.0	0.0	0.0	0.0	0.0	0.0	0.0	0.0	0.0	0.0	0.0	0.0	0.0	0.0	0.0	0.0	0.0	0.0	9.234E-4	0.0	0.0	0.0	0.0	0.0	0.0	
Moineau soulcie	5.546E-4	0.0015987	4.068E-4	0.0027949	0.0015637	8.045E-4	0.0057554	0.0014545	0.0016393	0.0030098	0.0031486	0.0026432	0.0072426	0.0053254	0.0092994	0.0095382	0.005559	0.0086494	0.0182615	0.0111762	0.0215703	0.0177515	0.0292113	0.0215983	0.0185185	0.0117223	0.0099278	0.0110227	0.0044524	0.0062257	0.0029718	0.0024768	8.764E-4	0.0015	0.003876	7.837E-4	0.0019305	0.0039936	0.0018248	0.0041609	0.0016353	0.0055402	0.0080727	0.0050847	0.003	0.005848	0.0	0.0035357	
Niverolle alpine	0.0016639	0.0015987	0.0	0.0011179	0.0	0.0	0.0	0.0	0.0	0.0	0.0	0.0	0.0	0.0	0.0	0.0	0.0	0.0	0.0	0.0	0.0	0.0	0.0	0.0	0.0	0.0	0.0	0.0	0.0	0.0	0.0	0.0	0.0	0.0	0.0	0.0	0.0	0.0	0.0	6.935E-4	8.177E-4	0.0018467	0.0	0.0025424	0.001	0.002924	0.0011876	0.0017678	
Bergeronnette des ruisseaux	0.1697171	0.1670663	0.0996745	0.1419788	0.1563722	0.1311344	0.1359712	0.1374545	0.1540984	0.1331828	0.0843829	0.0678414	0.0491464	0.0633136	0.0632362	0.064257	0.0592959	0.0585496	0.06355	0.0553486	0.0707506	0.0549451	0.0720545	0.062635	0.0722222	0.0622182	0.051444	0.0600122	0.0578807	0.0552529	0.0557207	0.0588235	0.0499562	0.0956447	0.1143411	0.1387147	0.1833977	0.1757188	0.2144161	0.2108183	0.2297629	0.1939058	0.2260343	0.2364407	0.189	0.1949318	0.2256532	0.186211	
Bergeronnette printanière	5.546E-4	0.0	8.137E-4	0.0	0.0	0.001609	0.0	0.0	0.0016393	0.0022573	0.0144836	0.0506608	0.1003621	0.1088757	0.1270924	0.1430723	0.1031501	0.1117764	0.0876552	0.0750399	0.0405522	0.0405748	0.0486855	0.0467963	0.0351852	0.0405771	0.0270758	0.0489896	0.064114	0.0856031	0.1307578	0.1380805	0.1411043	0.1818958	0.1395349	0.0862069	0.0453668	0.0239617	0.020073	0.0076283	0.0015	0.0027701	0.0010091	8.475E-4	0.003	9.747E-4	0.0	0.0	
Bergeronnette grise	0.4764282	0.4620304	0.2648495	0.4605925	0.4659891	0.4497184	0.4431655	0.4538182	0.4786885	0.4364184	0.4571788	0.4101322	0.3797206	0.3633136	0.3719777	0.3579317	0.3323039	0.342648	0.3433163	0.3203832	0.322692	0.2950127	0.3213242	0.3268539	0.3305556	0.2966637	0.3176895	0.3123086	0.3428317	0.3354086	0.3358098	0.3473684	0.340929	0.411614	0.374031	0.419279	0.4189189	0.4472843	0.4890511	0.4979196	0.4963205	0.4903047	0.5368315	0.5559322	0.499	0.5048733	0.5106888	0.4926341	
bergeronette sp.	0.0022185	7.994E-4	0.0020342	5.59E-4	0.0031274	0.001609	7.194E-4	0.0014545	8.197E-4	0.0015049	0.0018892	0.0017621	0.0	0.004142	0.0037198	0.001004	0.0043237	0.0013307	0.0014609	0.0010644	0.0	0.0016906	9.737E-4	0.0	9.259E-4	0.0018034	0.0018051	6.124E-4	0.0	0.0023346	0.0022288	0.0012384	0.0026293	0.0017079	0.002907	0.0039185	0.0019305	0.0031949	0.0072993	0.0020804	0.002453	0.0	0.0030272	0.0	0.001	9.747E-4	0.0	5.893E-4	
Pipit de Richard	5.546E-4	0.0015987	4.068E-4	0.0011179	7.819E-4	0.0	0.0	0.0	0.0	0.0	0.0	0.0	0.0	0.0	0.0	0.0	0.0	0.0	0.0	0.0	0.0	0.0	0.0	0.0	0.0	0.0	0.0	0.0	0.0	0.0	0.0	0.0	0.0	0.0	9.69E-4	0.0	9.653E-4	0.0	0.0	0.0	0.0	9.234E-4	0.0040363	8.475E-4	0.003	9.747E-4	0.0023753	5.893E-4	
Pipit de Richard ou P. de Godlewski	0.0	0.0	0.0	5.59E-4	0.0	0.0	0.0	0.0	0.0	0.0	0.0	0.0	0.0	0.0	0.0	0.0	0.0	0.0	0.0	0.0	0.0	0.0	0.0	0.0	0.0	0.0	0.0	0.0	0.0	0.0	0.0	0.0	0.0	0.0	0.0	0.0	0.0	0.0	0.0	0.0	0.0	0.0	0.0	0.0	0.0	0.0	0.0	0.0	
Pipit rousseline	0.0	0.0	0.0	0.0	0.0	0.0	0.0	0.0	0.0	0.0	6.297E-4	0.0	0.0	0.0029586	0.0037198	0.0040161	0.0030883	0.0086494	0.009496	0.0111762	0.0077653	0.0118343	0.0185005	0.0021598	0.012037	0.006312	0.0018051	0.0018371	0.0	7.782E-4	0.0014859	0.0012384	0.0043821	0.0059778	0.003876	7.837E-4	9.653E-4	7.987E-4	9.124E-4	0.001387	0.0	0.0	0.0	0.0	0.0	0.0	0.0	0.0	
Pipit farlouse	0.2956184	0.2989608	0.1720911	0.2889883	0.2861611	0.2872084	0.2633094	0.272	0.2598361	0.2543266	0.2688917	0.2246696	0.2317641	0.1242604	0.0781153	0.0230924	0.0080296	0.0046574	0.0029218	0.0	0.0	8.453E-4	9.737E-4	0.0	0.0	0.0015	0.0	0.0	0.0	0.0	0.0014859	0.0012384	0.0052585	0.0111016	0.0552326	0.1308777	0.2528958	0.3290735	0.3604015	0.4306519	0.4039248	0.4062789	0.4056509	0.4008475	0.367	0.3235867	0.3741093	0.334119	
Pipit des arbres	0.0	0.0	0.0	0.0	0.0	0.0	0.0	0.0	0.0	0.0	0.0075567	0.0211454	0.0884635	0.0863905	0.1091135	0.0878514	0.0765905	0.0698603	0.0766983	0.0777009	0.0957722	0.0980558	0.0915287	0.0655148	0.0462963	0.0414788	0.0270758	0.0257195	0.0160285	0.0357977	0.0334324	0.0495356	0.0595968	0.0486763	0.0387597	0.0086207	0.0096525	0.0023962	0.0036496	0.0	0.0	0.0	0.0	0.0	0.0	0.0	0.0	0.0	
Pipit farlouse ou P. des arbres	0.0	0.0	0.0	0.0	0.0	0.0	0.0	0.0	0.0	0.0	0.0	4.405E-4	5.173E-4	5.917E-4	0.0	0.0	0.0	0.0	0.0	0.0	0.0	0.0	0.0	0.0	0.0	0.0	0.0	0.0	0.0	0.0	0.0	0.0	0.0	0.0	0.0	0.0	0.0	7.987E-4	0.0	0.0	0.0	0.0	0.0	0.0	0.0	0.0	0.0	0.0	
Pipit des arbres ou P. à dos olive	0.0	0.0	0.0	0.0	0.0	0.0	0.0	0.0	0.0	0.0	0.0	0.0	0.0	0.0	0.0	0.0	0.0	0.0	0.0	0.0	0.0	0.0	0.0	0.0	0.0	0.0	0.0	0.0	0.0	0.0	0.0	0.0	0.0	0.0	0.0	0.0	0.0	0.0	9.124E-4	0.0	0.0	0.0	0.0	0.0	0.0	0.0	0.0	0.0	
Pipit spioncelle	0.0166389	0.011191	0.0134255	0.0167691	0.0156372	0.0104586	0.0122302	0.0152727	0.0106557	0.0120391	0.0188917	0.0220264	0.0362131	0.0207101	0.0123993	0.0090361	0.0105003	0.0093147	0.0138787	0.0149015	0.0172563	0.0202874	0.023369	0.0136789	0.0148148	0.0117223	0.0072202	0.0091855	0.0035619	0.0070039	0.0089153	0.0099071	0.006135	0.0145175	0.0155039	0.007837	0.0135135	0.0231629	0.0346715	0.0478502	0.0449714	0.0461681	0.0353179	0.0440678	0.027	0.039961	0.02019	0.0294638	
Pipit farlouse ou P. spioncelle	0.0	0.0	0.0	5.59E-4	0.0	0.0	0.0	0.0	0.0	0.0	0.0012594	0.0	5.173E-4	0.0	0.0	0.0	0.0	0.0	0.0	0.0	0.0	0.0	0.0	0.0	0.0	0.0	0.0	0.0	0.0	0.0	0.0	0.0	0.0	0.0	0.0	0.0	0.0	0.0015974	0.0	0.0	8.177E-4	9.234E-4	0.0	8.475E-4	0.001	0.0019493	0.0	5.893E-4	
Pipit maritime	0.0027732	0.0031974	0.0012205	0.0050307	0.0039093	0.0040225	0.0057554	7.273E-4	0.0057377	0.0037622	0.0025189	0.0026432	0.0020693	0.0023669	0.0	0.0	0.0	0.0	0.0	0.0	0.0	0.0	0.0	0.0	0.0	0.0	0.0	0.0	0.0	0.0	0.0	0.0	0.0	0.0	9.69E-4	0.0015	9.653E-4	0.0023962	0.0027372	0.0055479	0.0057236	0.010157	0.0090817	0.0084746	0.004	0.0019493	0.0023753	5.893E-4	
Pipit spioncelle ou P. maritime	0.0022185	0.0031974	0.0016273	0.0022359	0.0039093	0.003218	0.0014388	7.273E-4	0.0	0.0	6.297E-4	8.811E-4	0.0	0.0	0.0	0.0	0.0	0.0	0.0	0.0	0.0	0.0	0.0	0.0	0.0	0.0	0.0	0.0	0.0	0.0	0.0	0.0	0.0	0.0	0.0	0.0	0.0	0.0	0.0	6.935E-4	0.0	0.0027701	0.0	0.0	0.0	0.0	0.0	0.0	
Anthus sp.	0.0027732	0.0	0.0012205	0.0011179	0.0015	0.0	0.0014388	7.273E-4	0.0	0.0022573	0.0018892	0.0035242	0.0108639	0.0053254	0.0030998	0.003012	0.0012353	0.0013307	0.0	0.0010644	8.628E-4	0.0016906	9.737E-4	0.0	0.0	9.017E-4	0.0015	6.124E-4	0.0	0.0023346	0.0014859	0.0024768	0.0043821	8.54E-4	0.001938	7.837E-4	0.0028958	0.0047923	0.0036496	0.0034674	0.0065413	0.0036934	0.0050454	0.0016949	0.002	0.0	0.0011876	0.0017678	
Pinson des arbres	0.4614531	0.4444444	0.2554923	0.4605925	0.4714621	0.4465004	0.4654676	0.4785455	0.547541	0.5613243	0.6139798	0.5414097	0.506984	0.4810651	0.4686919	0.4628514	0.4478073	0.4397871	0.4674945	0.4843002	0.5185505	0.5063398	0.5296981	0.5032397	0.4981481	0.4274121	0.349278	0.3233313	0.2796082	0.2933852	0.2956909	0.2501548	0.2410167	0.23655	0.2587209	0.2358934	0.2934363	0.3458466	0.399635	0.5097087	0.4611611	0.5290859	0.4873865	0.4762712	0.503	0.4454191	0.4988124	0.4867413	
Pinson du Nord	0.0133111	0.0159872	0.0117982	0.0206819	0.0179828	0.0168946	0.0215827	0.0218182	0.0344262	0.048909	0.074937	0.0418502	0.0150026	0.0035503	0.0012399	0.001004	6.177E-4	0.0	7.305E-4	0.0	0.0	0.0	0.0	0.0	0.0	0.0	0.0	0.0	0.0	0.0	0.0	0.0	0.0	0.0	0.0	0.0	0.0	0.0031949	0.0228102	0.0450763	0.0523303	0.0729455	0.0514632	0.0491525	0.025	0.0282651	0.023753	0.0182675	
Pinson des arbres ou P. du Nord	0.0	0.0	0.0	0.0	0.0	0.0	0.0	0.0	0.0	0.0	0.0	0.0	0.0	5.917E-4	0.0	0.0	0.0	0.0	0.0	0.0	0.0	0.0	0.0	0.0	0.0	0.0	0.0	0.0	0.0	0.0	0.0	0.0	0.0	0.0	0.0	0.0	0.0	0.0	0.0	0.0	0.0	0.0	0.0	0.0	0.0	0.0	0.0	0.0	
Grosbec casse-noyaux	0.0249584	0.011191	0.0081367	0.0134153	0.0172009	0.0225261	0.018705	0.0181818	0.0139344	0.0082769	0.0100756	0.0105727	0.0113813	0.0023669	0.0012399	0.0015	6.177E-4	0.0015	7.305E-4	0.0015966	0.0	8.453E-4	9.737E-4	7.199E-4	0.0	0.0	0.0015	6.124E-4	0.0	0.0015	7.429E-4	0.0	0.0	0.0	0.0	7.837E-4	0.0019305	0.0055911	0.0063869	0.0221914	0.0220769	0.0221607	0.0151362	0.0110169	0.014	0.0194932	0.0213777	0.0200354	
Bouvreuil pivoine	0.0754298	0.0983213	0.0431245	0.1022918	0.0852228	0.1142397	0.0776978	0.1010909	0.1163934	0.1068473	0.1057935	0.1022026	0.1003621	0.0923077	0.1091135	0.1019076	0.0914145	0.0805057	0.0818115	0.0761043	0.08283	0.0726965	0.0730282	0.0611951	0.0675926	0.0685302	0.0622744	0.0740968	0.0747996	0.0614786	0.0720654	0.0495356	0.0341805	0.028181	0.0387597	0.0336991	0.0318533	0.0351438	0.0419708	0.0527046	0.0596893	0.0720222	0.0787084	0.0813559	0.073	0.0701754	0.084323	0.0907484	
Roselin githagine	0.0	0.0	0.0	0.0	0.0	0.0	0.0	0.0	0.0	0.0	0.0	0.0	0.0	0.0	6.2E-4	0.0	6.177E-4	0.0	0.0	0.0	0.0	0.0	0.0	0.0	0.0	0.0	0.0	0.0	0.0	0.0	0.0	0.0	0.0	0.0	0.0	0.0	0.0	0.0	0.0	0.0	0.0	0.0	0.0	0.0	0.0	0.0	0.0	0.0	
Verdier d'Europe	0.0976151	0.1095124	0.0642799	0.1145892	0.1250977	0.1279163	0.1553957	0.1861818	0.2040984	0.241535	0.2764484	0.3026432	0.320745	0.3668639	0.3868568	0.3393574	0.2810377	0.3020625	0.3067933	0.2847259	0.2700604	0.2747253	0.3106134	0.2721382	0.2685185	0.2209197	0.1814079	0.1824862	0.1878896	0.1797665	0.1812779	0.1585139	0.1621385	0.1520068	0.1550388	0.1347962	0.1631274	0.1309904	0.1478102	0.1636616	0.1275552	0.1311173	0.1382442	0.1364407	0.107	0.1062378	0.1294537	0.111373	
Linotte mélodieuse	0.0171936	0.0095923	0.0109845	0.020123	0.0156372	0.0217216	0.0352518	0.0414545	0.0393443	0.0775019	0.0969773	0.1325991	0.1536472	0.1248521	0.1314321	0.0983936	0.0945028	0.0898204	0.100073	0.09686	0.0940466	0.1065089	0.1236611	0.0928726	0.0935185	0.0784491	0.0740072	0.061237	0.0721282	0.0708171	0.0683507	0.0377709	0.0411919	0.0512383	0.0474806	0.0368339	0.0550193	0.100639	0.0912409	0.0880721	0.060507	0.0544783	0.0464178	0.0355932	0.015	0.0292398	0.0213777	0.023571	
Sizerin flammé	0.0011093	7.994E-4	0.0	0.0011179	0.0	0.0	0.0014388	0.0	0.0	0.0	0.0	0.0	0.0	0.0	0.0	0.0	0.0	0.0	0.0	0.0	0.0	0.0	0.0	0.0	0.0	0.0	0.0	0.0	0.0	0.0	0.0	0.0	0.0	0.0	0.0	0.0	0.0	0.0	0.0	0.0	0.0	0.0	0.0010091	0.0	0.005	0.0116959	0.0059382	0.0058928	
Bec-croisé des sapins	0.0016639	0.0023981	0.0016273	0.0022359	0.0062549	0.006436	0.0043165	0.0036364	0.002459	0.0045147	0.0031486	8.811E-4	0.001552	0.0017751	0.0012399	0.002008	0.001853	6.653E-4	0.0014609	0.0021288	0.0025884	0.0025359	0.0029211	0.0021598	0.0018519	9.017E-4	0.0036101	0.004899	0.0035619	0.0077821	0.0089153	0.0043344	8.764E-4	0.0034159	0.004845	7.837E-4	9.653E-4	7.987E-4	0.0018248	0.0020804	0.002453	0.0036934	0.0015	0.0059322	0.0	0.0019493	0.0023753	0.0017678	
Chardonneret élégant	0.2212978	0.2541966	0.1415785	0.254891	0.2400313	0.2453741	0.2848921	0.2785455	0.345082	0.351392	0.3973552	0.4414097	0.4919814	0.504142	0.5313081	0.49749	0.4780729	0.5003327	0.4989043	0.4443853	0.4555651	0.4344886	0.4917235	0.4218862	0.4407407	0.4003607	0.3889892	0.4427434	0.3624221	0.3789883	0.3647845	0.3027864	0.283085	0.3279249	0.2955426	0.2742947	0.2644788	0.284345	0.3010949	0.332871	0.2919052	0.3213296	0.3097881	0.2898305	0.267	0.2495127	0.2814727	0.2769593	
Venturon montagnard	0.0	7.994E-4	0.0	0.0	0.0	0.0	0.0015	7.273E-4	0.0	0.0	0.0	8.811E-4	0.001552	0.0023669	0.0024799	0.00251	0.0024707	0.0033267	0.0029218	0.0031932	0.0060397	0.0101437	0.006816	0.0043197	0.0055556	0.0090171	0.0027076	0.0097979	8.905E-4	0.0038911	0.0044577	0.0049536	0.0017528	0.0076857	0.004845	0.0015674	0.0048263	0.0015	0.0018248	6.935E-4	0.0	0.0015	0.0	0.0	0.001	0.0	0.0	0.0	
Serin cini	0.0338325	0.0447642	0.0215622	0.0419229	0.0906959	0.0949316	0.1366906	0.1614545	0.1737705	0.2219714	0.2764484	0.3334802	0.383342	0.3816568	0.4073156	0.4051205	0.416924	0.4298071	0.4214755	0.4151144	0.4408973	0.4167371	0.4654333	0.4146868	0.3916667	0.3183048	0.2716606	0.2314758	0.1843277	0.1750973	0.1745914	0.1281734	0.1297108	0.1315115	0.1085271	0.0995298	0.0916988	0.0966454	0.1158759	0.092233	0.060507	0.0692521	0.0655903	0.0635593	0.045	0.0253411	0.0498812	0.0335887	
Serin des Canaries	0.0	0.0	0.0	0.0	0.0	0.0	0.0	0.0015	0.0	0.0	0.0	0.0015	5.173E-4	0.0	6.2E-4	0.0	0.0	0.0	0.0	0.0	0.0	0.0	0.0	0.0	0.0	0.0	9.025E-4	6.124E-4	0.0	0.0	0.0	0.0	8.764E-4	0.0	0.0	0.0	0.0	0.0	0.0	0.0	0.0	0.0	0.0	0.0	0.0	0.0	0.0	0.0	
Hybride Chardonneret élégant x Serin des Canaries	0.0	0.0	0.0	0.0	0.0	0.0	0.0	0.0	0.0	0.0	0.0	0.0	0.0	0.0	0.0	0.0	0.0	0.0	0.0	0.0	0.0	0.0	0.0	0.0	0.0	0.0	0.0	0.0	0.0	0.0	0.0	0.0	0.0	0.0	0.0	0.0	0.0	0.0	0.0	0.0	8.177E-4	0.0	0.0	0.0	0.0	0.0	0.0011876	0.0	
Tarin des aulnes	0.1186911	0.1446843	0.0772986	0.1397429	0.118061	0.1118262	0.0992806	0.1032727	0.1237705	0.1196388	0.1284635	0.1629956	0.1686498	0.1005917	0.0582765	0.0245984	0.0067943	0.0046574	0.0036523	0.0021288	0.0017256	8.453E-4	0.0	0.0021598	0.0018519	9.017E-4	9.025E-4	0.0042866	0.0	7.782E-4	7.429E-4	0.0015	0.0	0.0	0.002907	0.0047022	0.0125483	0.0551118	0.1195255	0.2087379	0.1995094	0.2040628	0.1755802	0.1652542	0.148	0.1432749	0.1508314	0.1655863	
fringillidé sp.	0.0049917	7.994E-4	8.137E-4	0.0	7.819E-4	8.045E-4	0.0014388	0.0021818	0.0090164	0.0045147	0.0088161	0.00837	0.006208	0.0059172	0.0043397	0.0035141	0.0024707	0.0033267	0.0	0.0	0.0	8.453E-4	9.737E-4	7.199E-4	9.259E-4	9.017E-4	0.0	0.0	0.0	7.782E-4	0.0014859	0.0012384	0.0035057	0.0025619	0.002907	0.0015674	0.0048263	0.0071885	0.0082117	0.0062413	0.0114473	0.0110803	0.0050454	0.0033898	0.002	0.0	0.0011876	0.0017678	
Bruant lapon	0.0	0.0	0.0	0.0	0.0	0.0	0.0	0.0	0.0	0.0	0.0	0.0	0.0	0.0	0.0	0.0	0.0	0.0	0.0	0.0	0.0	0.0	0.0	0.0	0.0	0.0	0.0	0.0	0.0	0.0	0.0	0.0	0.0	0.0	0.0	0.0	0.0	0.0	0.0	0.0	8.177E-4	0.0	0.0	0.0	0.0	0.0	0.0	0.0	
Bruant des neiges	0.0	0.0	0.0	0.0	0.0	0.0	0.0	0.0	0.0	0.0	0.0	0.0	0.0	0.0	0.0	0.0	0.0	0.0	0.0	0.0	0.0	0.0	0.0	0.0	0.0	0.0	0.0	0.0	0.0	0.0	0.0	0.0	0.0	0.0	0.0	0.0	0.0	0.0	9.124E-4	0.0055479	0.0	0.0055402	0.0020182	0.0	0.0	0.0	0.0	5.893E-4	
Bruant proyer	0.0033278	0.0079936	0.0032547	0.0067077	0.0140735	0.0120676	0.0115108	0.0145455	0.0057377	0.013544	0.0100756	0.0154185	0.0212106	0.0284024	0.0402976	0.0466867	0.0487956	0.0612109	0.0949598	0.0973922	0.0880069	0.0777684	0.0847128	0.0539957	0.037963	0.0324617	0.0162455	0.0104103	0.0071238	0.0031128	0.0074294	0.0012384	8.764E-4	0.0025619	0.002907	0.0015674	0.0028958	0.0031949	0.0036496	0.0180305	0.004906	0.0110803	0.0050454	0.0084746	0.005	0.0068226	0.0047506	0.0029464	
Bruant fou	0.0022185	0.0015987	8.137E-4	0.0055897	0.0031274	0.0056315	0.0064748	0.008	0.0040984	0.0082769	0.0088161	0.0070485	0.0103466	0.0071006	0.0074396	0.0050201	0.003706	0.0066534	0.009496	0.0069186	0.0129422	0.0067625	0.0107108	0.0086393	0.012037	0.0081154	0.0063177	0.0067361	8.905E-4	0.0046693	0.0029718	0.0012384	0.0017528	0.0042699	0.003876	0.0023511	0.003861	0.0015974	0.0	0.001387	0.0016353	0.0036934	0.0010091	0.0016949	0.001	0.002924	0.0023753	0.0041249	
Bruant zizi	0.0377149	0.039968	0.0244101	0.0508664	0.0516028	0.0450523	0.0510791	0.064	0.0532787	0.0654628	0.0579345	0.0537445	0.0584584	0.0668639	0.0799752	0.0763052	0.0691785	0.075183	0.0766983	0.0745077	0.0914582	0.079459	0.104187	0.0827934	0.0953704	0.0622182	0.0631769	0.0661359	0.0587711	0.0614786	0.0653789	0.0470588	0.0359334	0.0495303	0.0455426	0.0415361	0.0501931	0.0591054	0.0556569	0.0582524	0.0466067	0.0775623	0.0524723	0.0644068	0.05	0.042885	0.0581948	0.0412493	
Bruant jaune	0.0016639	0.0031974	0.0012205	0.0022359	0.0023456	0.0024135	0.0035971	0.0014545	8.197E-4	0.0022573	0.0119647	0.015859	0.0160372	0.0183432	0.0185989	0.0150602	0.0098826	0.0086494	0.0124178	0.0186269	0.0301984	0.0321217	0.0223953	0.0208783	0.0231481	0.0261497	0.0207581	0.0208206	0.0186999	0.0132296	0.0185736	0.0080495	0.0096407	0.0179334	0.0125969	0.0023511	0.0106178	0.0047923	0.0036496	0.0048544	0.002453	9.234E-4	0.0	0.0025424	0.002	9.747E-4	0.0023753	0.0029464	
Bruant ortolan	0.0	0.0	0.0	0.0	0.0	0.0	0.0	0.0	0.0	0.0	0.0	0.0	5.173E-4	0.0	6.2E-4	0.00251	0.001853	0.0	0.0	0.0	0.0	0.0	9.737E-4	0.0	0.0	0.0	0.0	0.0	0.0015	0.0	0.0	6.192E-4	0.0017528	8.54E-4	0.004845	0.0015	0.0015	0.0	0.0	6.935E-4	0.0	0.0	0.0	0.0	0.0	0.0	0.0	0.0	
Bruant des roseaux	0.0282862	0.0343725	0.0179007	0.0279486	0.0453479	0.0297667	0.0366906	0.0370909	0.0385246	0.0278405	0.0264484	0.0145374	0.0082773	0.004142	0.0012399	0.001004	0.0	0.0	0.0	0.0	0.0	0.0	0.0	0.0	9.259E-4	0.0	0.0	0.0	0.0	0.0	0.0	0.0	0.0	0.0	0.0	0.0	0.0028958	0.0071885	0.0328467	0.0478502	0.0515127	0.0517082	0.0433905	0.0533898	0.027	0.0331384	0.0451306	0.0436064	
Bruant auréole	0.0	0.0	0.0	0.0	0.0	0.0	0.0	0.0	0.0	0.0	0.0	0.0	0.0	0.0	0.0	0.0	0.0	0.0	0.0	0.0	0.0	0.0	0.0	0.0	0.0	0.0	0.0	0.0	0.0	0.0	0.0	0.0	0.0	0.0	9.69E-4	0.0	0.0	0.0	0.0	0.0	0.0	0.0	0.0	0.0	0.0	0.0	0.0	0.0	
Emberiza sp.	0.0	0.0	0.0	0.0	0.0	0.0	0.0	0.0	8.197E-4	0.0	6.297E-4	0.0	0.0	0.0	6.2E-4	0.0	0.0	0.0	0.0015	0.0	0.0	8.453E-4	0.0	7.199E-4	9.259E-4	0.0	9.025E-4	0.0	0.0	0.0015564	0.0	0.0015	0.0	0.0	0.0	0.0	0.0	0.0	0.0	6.935E-4	0.0016353	0.0018467	0.0010091	0.0	0.001	0.0	0.0	0.0	
passereau sp.	0.0171936	0.0095923	0.0081367	0.0100615	0.0203284	0.0144811	0.0179856	0.0145455	0.0163934	0.0218209	0.0365239	0.0281938	0.0429384	0.0254438	0.016739	0.0140562	0.0135886	0.0166334	0.0197224	0.0175625	0.0129422	0.0084531	0.0126582	0.0143988	0.0074074	0.0162308	0.015343	0.0183711	0.0195904	0.0163424	0.0185736	0.0204334	0.0192813	0.0230572	0.0329457	0.0203762	0.027027	0.0383387	0.0410584	0.0423024	0.0318888	0.0313943	0.0353179	0.0220339	0.018	0.0175439	0.0178147	0.0223925	
oiseau sp.	0.0	0.0	0.0015	0.0	0.0	0.0	0.0	0.0	0.0	7.524E-4	0.0015	0.0	0.0	0.0	0.0	0.0	0.0	6.653E-4	0.0	0.0	0.0	0.0	0.0	0.0	0.0	0.0	0.0	0.0	0.0	0.0	0.0	6.192E-4	0.0	0.0	0.0	0.0015	0.0	0.0	9.124E-4	0.0	0.0	0.0	0.0	0.0	0.0	0.0	0.0	0.0	

