









Frequency of observations in the selected location(s).:
Number of taxa: 	552

	Jan				Feb				Mar				Apr				May				Jun				Jul				Aug				Sep				Oct				Nov				Dec				
Sample Size:	994.0	756.0	761.0	1074.0	797.0	777.0	923.0	948.0	879.0	861.0	973.0	1625.0	1409.0	1512.0	1635.0	2271.0	1774.0	2161.0	1649.0	2275.0	1299.0	1143.0	1043.0	1314.0	1203.0	1149.0	1151.0	1600.0	1022.0	965.0	1155.0	1466.0	1052.0	1217.0	916.0	902.0	683.0	715.0	654.0	829.0	543.0	570.0	503.0	542.0	513.0	471.0	527.0	1094.0	

Dendrocygne veuf	0.0	0.0	0.0	0.0	0.0	0.0	0.0	0.0	0.0	0.0	0.0	0.0	0.0	0.0	0.0	0.0	0.0	0.0	6.064E-4	0.0	0.0	0.0	0.0	0.0	0.0	0.0	0.0	0.0	0.0	0.0	0.0	0.0	0.0	0.0	0.0	0.0	0.0	0.0	0.0	0.0	0.0	0.0	0.0	0.0	0.0	0.0	0.0	0.0	
Dendrocygne à ventre noir	0.0	0.0	0.0	0.0	0.0	0.0	0.0	0.0	0.0	0.0	0.0	0.0	0.0	0.0	0.0	0.0	0.0	0.0015	0.0	0.0	0.0	0.0	0.0	0.0	0.0	0.0	0.0	0.0	0.0	0.0	0.0	0.0	0.0	0.0	0.0	0.0	0.0	0.0	0.0	0.0	0.0	0.0	0.0	0.0	0.0	0.0	0.0	0.0	
Dendrocygne fauve	0.0	0.0	0.0	0.0	0.0	0.0	0.0	0.0	0.0	0.0	0.0	0.0	0.0	0.0	0.0	4.403E-4	0.0	4.627E-4	0.0	0.0	0.0	0.0	0.0	0.0	0.0	8.703E-4	0.0	0.0	0.0	0.0	0.0	0.0	0.0	0.0	0.0	0.0	0.0	0.0	0.0	0.0	0.0	0.0	0.0	0.0	0.0	0.0021231	0.0	0.0	
Oie à tête barrée	0.0	0.0	0.0013141	0.0	0.0	0.0	0.0	0.0	0.0	0.0	0.0	6.154E-4	0.0	0.0	6.116E-4	0.0	0.0	4.627E-4	0.0	0.0	0.0	0.0	9.588E-4	0.0	0.0	0.0	0.0	0.0	0.0	0.0	0.0	0.0	0.0	0.0	0.0	0.0	0.0	0.0	0.0	0.0	0.0	0.0	0.0	0.0	0.0	0.0	0.0	0.0	
Oie cendrée	0.0160966	0.0224868	0.0275953	0.0214153	0.0200753	0.020592	0.0195016	0.0232068	0.0250284	0.0243902	0.0154162	0.0209231	0.012775	0.0244709	0.02263	0.0101277	0.011274	0.0106432	0.01698	0.0052747	0.0107775	0.0131234	0.0076702	0.0091324	0.0099751	0.0095735	0.0017376	0.005625	0.0019569	0.0124352	0.0112554	0.0122783	0.013308	0.0123254	0.0054585	0.0055432	0.0073206	0.013986	0.030581	0.0156815	0.0220994	0.0140351	0.0218688	0.0166052	0.0116959	0.0212314	0.0227704	0.0127971	
Hybride Oie à tête barrée x O. cendrée	0.0	0.0	0.0	0.0	0.0	0.0	0.0	0.0	0.0	0.0	0.0	0.0	0.0	0.0	0.0	4.403E-4	0.0	0.0	0.0	0.0	0.0	0.0	9.588E-4	0.0	0.0	0.0	0.0	0.0	0.0	0.0	0.0	0.0	0.0	0.0	0.0	0.0	0.0	0.0	0.0	0.0	0.0	0.0	0.0	0.0	0.0	0.0	0.0	0.0	
Oie cygnoïde	0.001006	0.0	0.0026281	0.0018622	0.0	0.001287	0.0	0.0	0.0	0.0	0.0020555	0.0	0.0	0.0015	0.0	0.0	0.0	0.0015	0.0	4.396E-4	0.0	0.0	0.0	0.0	8.313E-4	8.703E-4	0.0	0.0	9.785E-4	0.0	0.0	6.821E-4	0.0015	0.0	0.0	0.0	0.0	0.0	0.0	0.0012063	0.0018416	0.0017544	0.0019881	0.001845	0.0	0.0042463	0.0	0.0	
Hybride Oie cendrée x O. cygnoïde	0.0	0.0	0.0	0.0	0.0	0.0	0.0	0.0	0.0	0.0	0.0	0.0	0.0	0.0	0.0	0.0	0.0	0.0	0.0	0.0	0.0	0.0	0.0015	0.0	0.0	0.0	0.0	0.0	0.0	0.0	0.0	0.0	0.0	0.0	0.0	0.0	0.0	0.0	0.0	0.0	0.0	0.0	0.0019881	0.0	0.0	0.0	0.0	0.0	
Oie rieuse	0.0	0.0	0.0	9.311E-4	0.0	0.0	0.0010834	0.0	0.0	0.0	0.0	0.0	0.0	0.0	6.116E-4	0.0	0.0	0.0	0.0	0.0	0.0	0.0	0.0	0.0	0.0	0.0	0.0	0.0	0.0	0.0	0.0	0.0	0.0	0.0	0.0	0.0	0.0	0.0	0.0015291	0.0	0.0	0.0	0.0	0.001845	0.0	0.0	0.0018975	0.0	
Oie à bec court	0.0	0.0	0.0	0.0	0.0	0.001287	0.0	0.0	0.0011377	0.0011614	0.0	0.0	0.0015	0.0015	0.0	0.0015	0.0	0.0	6.064E-4	0.0	0.0	0.0	0.0	0.0	0.0	0.0	0.0	0.0	0.0	0.0	0.0	0.0	0.0	0.0	0.0	0.0	0.0	0.0	0.0	0.0	0.0	0.0	0.0	0.0	0.0	0.0	0.0	0.0	
Anser sp. (forme domestique)	0.0	0.0	0.0	0.0	0.0	0.0	0.0	0.0	0.0	0.0	0.0	0.0	0.0	0.0	0.0	0.0	0.0	0.0	0.0	0.0	0.0	0.0	0.0	0.0	8.313E-4	0.0	0.0	0.0	0.0	0.0	0.0	0.0	0.0	0.0	0.0	0.0	0.0	0.0	0.0	0.0	0.0	0.0	0.0	0.0	0.0	0.0	0.0	0.0	
Bernache cravant	0.0	0.0	0.0	0.0	0.0	0.0	0.0	0.0	0.0	0.0	0.0	0.0	0.0	0.0	0.0	0.0	0.0	0.0	0.0	4.396E-4	0.0	0.0	0.0	0.0	0.0	0.0	0.0	0.0	0.0	0.0	0.0	0.0	0.0	0.0	0.0	0.0	0.0	0.0	0.0	0.0	0.0	0.0	0.0	0.0	0.0	0.0	0.0	0.0	
Bernache nonnette	0.0	0.0	0.0	0.0	0.0	0.0	0.0	0.0	0.0	0.0	0.0	0.0	0.0	0.0	0.0	0.0	0.0	0.0	0.0	0.0	0.0	0.0	0.0	0.0	0.0	0.0	0.0	0.0	0.0	0.0015	0.0	0.0	0.0	0.0	0.0	0.0	0.0	0.0	0.0	0.0	0.0	0.0015	0.0	0.0015	0.0	0.0	0.0	0.0	
Bernache du Canada	0.0015	0.0015	0.0039422	0.0	0.0012547	0.0	0.0	0.0	0.0	0.0015	0.0020555	6.154E-4	0.0	0.0	0.0012232	0.0015	5.637E-4	4.627E-4	0.0	0.0	0.0015	0.0026247	9.588E-4	0.0	0.0	0.0	0.0	6.25E-4	0.0015	0.0	0.0015	0.0	0.0015	0.0	0.0015	0.0	0.0	0.0013986	0.0015291	0.0012063	0.0	0.0	0.0	0.0	0.0019493	0.0042463	0.0	0.0	
Hybride Oie cendrée x Bernache du Canada	0.0	0.0	0.0	0.0015	0.0	0.0	0.0	0.0	0.0	0.0011614	0.0010277	0.0	0.0	0.0	0.0	0.001321	0.0	0.0013882	0.0	0.0	0.0	0.0017498	0.0	0.0	0.0	0.0034813	0.0017376	0.0025	0.0	0.0	0.0	6.821E-4	0.0	0.0	0.0	0.0	0.0	0.0	0.0	0.0	0.0	0.0	0.0	0.0	0.0	0.0	0.0	0.0	
Bernache à cou roux	0.0	0.0015	0.0013141	0.0	0.0	0.0	0.0	0.0	0.0	0.0	0.0	0.0	0.0	0.0	0.0	0.0	0.0	0.0	0.0	0.0	0.0	0.0	0.0	0.0	0.0	0.0	0.0	0.0	0.0	0.0	0.0	0.0	0.0	0.0	0.0	0.0	0.0	0.0	0.0	0.0	0.0	0.0	0.0	0.0	0.0	0.0	0.0	9.141E-4	
Cygne tuberculé	0.0764588	0.0634921	0.0801577	0.0595903	0.0740276	0.0617761	0.0855905	0.0822785	0.0716724	0.068525	0.0709147	0.0689231	0.0660043	0.0621693	0.0929664	0.0797006	0.0851184	0.0819065	0.0685264	0.0549451	0.0469592	0.0542432	0.0230105	0.0273973	0.0349127	0.0322019	0.0269331	0.030625	0.0489237	0.0569948	0.0311688	0.0709413	0.0608365	0.0608053	0.0665939	0.0720621	0.0629575	0.041958	0.0519878	0.0566948	0.0662983	0.0438596	0.0755467	0.0645756	0.0818713	0.0764331	0.0815939	0.0703839	
Cygne noir	0.0030181	0.0013228	0.0	0.0	0.0015	0.0	0.0015	0.0015	0.0	0.0011614	0.0	0.0	0.0	0.0013228	0.0	4.403E-4	5.637E-4	0.0	0.0	8.791E-4	0.0	0.0	0.0	0.0	0.0	8.703E-4	0.0	0.0	9.785E-4	0.0031088	0.0	0.0020464	9.506E-4	8.217E-4	0.0	0.0	0.0014641	0.0	0.0015	0.0	0.0015	0.0	0.0	0.0	0.0	0.0	0.0	0.0018282	
Cygne à cou noir	0.0	0.0	0.0	0.0	0.0	0.0	0.0	0.0	0.0	0.0	0.0	0.0	0.0	0.0	0.0	0.0	0.0	0.0	0.0	0.0	0.0	0.0	0.0	0.0	0.0	8.703E-4	0.0	0.0	0.0	0.0	0.0	0.0	0.0	0.0	0.0	0.0	0.0	0.0	0.0	0.0	0.0	0.0	0.0	0.0	0.0	0.0	0.0	0.0	
Cygne chanteur	0.0	0.0	0.0013141	0.0015	0.0015	0.0	0.0015	0.0015	0.0	0.0	0.0	0.0	0.0	0.0	0.0	0.0	0.0	0.0	0.0	0.0	0.0	0.0	0.0	0.0	0.0	0.0	0.0	0.0	0.0	0.0	0.0	0.0	0.0	0.0	0.0	0.0	0.0	0.0	0.0	0.0	0.0	0.0	0.0	0.0	0.0	0.0021231	0.0	0.0	
cygne sp.	0.0	0.0	0.0	0.0	0.0012547	0.0	0.0	0.0	0.0	0.0	0.0	0.0	0.0	0.0	0.0	4.403E-4	0.0	0.0	6.064E-4	0.0	0.0	0.0	0.0	0.0	0.0	0.0015	0.0	0.0	0.0	0.0	0.0	0.0	9.506E-4	0.0	0.0	0.0	0.0	0.0	0.0015	0.0015	0.0	0.0	0.0	0.0	0.0	0.0	0.0	0.0	
anatidé sp. (oie sp.)	0.0	0.0013228	0.0	0.0	0.0	0.0	0.0	0.0	0.0	0.0	0.0	0.0	0.0	0.0	0.0	0.0	0.0	0.0	6.064E-4	4.396E-4	0.0	0.0	0.0	0.0	0.0	0.0	0.0	0.0	0.0	0.0015	8.658E-4	0.0	0.0	0.0	0.0	0.0	0.0	0.0	0.0	0.0015	0.0018416	0.0	0.0	0.0	0.0	0.0	0.0	0.0	
Ouette d'Égypte	0.0	0.0015	0.0015	0.0	0.0	0.0	0.0010834	0.0	0.0	0.0	0.0020555	0.0018462	0.0014194	0.0013228	6.116E-4	0.0017613	0.0011274	9.255E-4	0.0012129	4.396E-4	7.698E-4	8.749E-4	0.0	7.61E-4	0.0016625	0.0015	8.688E-4	0.0	9.785E-4	0.0	0.0	0.0020464	9.506E-4	0.0016434	0.0010917	0.0	0.0	0.0013986	0.0	0.0015	0.0	0.0017544	0.0019881	0.0	0.0	0.0015	0.0	0.0	
Tadorne casarca	0.0	0.0	0.0	0.0	0.0015	0.0	0.0	0.0	0.0	0.0015	0.0	0.0	0.0	0.0	6.116E-4	4.403E-4	0.0016911	9.255E-4	0.0	0.0	0.0	0.0026247	0.0	7.61E-4	0.0016625	0.0017406	8.688E-4	0.0	0.0	0.0	0.0017316	6.821E-4	0.0	8.217E-4	0.0	0.0	0.0014641	0.0013986	0.0	0.0024125	0.0018416	0.0	0.0	0.0	0.0	0.0	0.0	0.0015	
Tadorne de Belon	0.0895372	0.0939153	0.1287779	0.1024209	0.1003764	0.0888031	0.1213434	0.1065401	0.1069397	0.1114983	0.1243577	0.1286154	0.1277502	0.1587302	0.1712538	0.1748129	0.1583991	0.1402129	0.1267435	0.083956	0.0900693	0.0743657	0.0604027	0.0601218	0.0415628	0.0208877	0.0234579	0.0275	0.0293542	0.0279793	0.0207792	0.0450205	0.0256654	0.0238291	0.0120087	0.0144124	0.0131772	0.0055944	0.0183486	0.0193004	0.0349908	0.0385965	0.0437376	0.0756458	0.0760234	0.1125265	0.1157495	0.0749543	
Canard musqué	0.0060362	0.0013228	0.0065703	0.0046555	0.0012547	0.002574	0.0	0.0	0.0011377	0.0011614	0.0015	0.0012308	0.0	6.614E-4	0.0024465	8.807E-4	0.0011274	0.0	0.0	0.0	7.698E-4	0.0026247	0.0019175	0.0	8.313E-4	0.0034813	0.0034752	0.0015	9.785E-4	0.0031088	8.658E-4	0.0013643	0.0	0.0016434	0.0032751	0.0015	0.0014641	0.0	0.0	0.0	0.0018416	0.0070175	0.0	0.0055351	0.0	0.0042463	0.0018975	0.0027422	
Canard à collier noir	0.0	0.0	0.0	0.0	0.0	0.0	0.0	0.0	0.0	0.0	0.0	0.0	0.0	0.0	0.0	0.0	0.0	0.0	0.0	0.0	0.0	0.0	0.0	0.0	0.0	0.0	0.0	0.0	0.0	0.0	0.0	0.0	0.0	0.0	0.0	0.0011086	0.0	0.0	0.0	0.0	0.0	0.0	0.0	0.0	0.0	0.0	0.0	0.0	
Canard carolin	0.0	0.0	0.0	0.0	0.0	0.001287	0.0	0.0	0.0	0.0	0.0	0.0012308	0.0	0.0	0.0	0.0	0.0	4.627E-4	0.0	0.0	0.0	0.0	0.0	0.0	0.0	0.0	0.0	0.0	0.0	0.0	0.0	0.0	0.0	0.0	0.0	0.0	0.0015	0.0	0.0	0.0	0.0	0.0	0.0015	0.0	0.0	0.0	0.0	0.0	
Canard mandarin	0.0070423	0.010582	0.0078844	0.0037244	0.0037641	0.001287	0.0021668	0.0052743	0.0079636	0.0058072	0.0015	0.0055385	0.0056778	0.0039683	0.0042813	0.003963	0.0045096	0.0013882	0.0030321	8.791E-4	0.0030793	0.0026247	0.0015	0.0030441	0.0041563	0.002611	8.688E-4	0.00125	0.0	0.0010363	0.0017316	6.821E-4	9.506E-4	8.217E-4	0.0	0.0022173	0.0029283	0.0027972	0.0015291	0.0012063	0.0036832	0.0052632	0.0039761	0.00369	0.0019493	0.0063694	0.0037951	9.141E-4	
Sarcelle d'été	0.0	0.0	0.0	0.0	0.0	0.0	0.0	0.0010549	0.0056883	0.0092915	0.0226105	0.0289231	0.02555	0.0357143	0.02263	0.01321	0.0033822	0.005553	0.0024257	0.0013187	7.698E-4	8.749E-4	0.0019175	0.0015221	0.003325	0.002611	8.688E-4	6.25E-4	0.0058708	0.0093264	0.0051948	0.0102319	0.0038023	0.0016434	0.0043668	0.0022173	0.0014641	0.0027972	0.0030581	0.0	0.0	0.0	0.0	0.0	0.0	0.0	0.0	0.0	
Sarcelle cannelle	0.0	0.0	0.0	0.0	0.0	0.001287	0.0	0.0	0.0	0.0011614	0.0	6.154E-4	0.0	0.0	0.0	0.0	0.0	4.627E-4	0.0	0.0	0.0	0.0	0.0	0.0	0.0	0.0	0.0	0.0	0.0	0.0	0.0	0.0	0.0	0.0	0.0	0.0	0.0	0.0	0.0	0.0	0.0	0.0	0.0	0.0	0.0	0.0	0.0	0.0	
Canard souchet	0.0653924	0.0608466	0.0683311	0.0456238	0.0526976	0.0604891	0.0465872	0.0611814	0.0659841	0.0813008	0.065776	0.0707692	0.0532292	0.0515873	0.0391437	0.0193747	0.011274	0.0078667	0.0048514	0.0035165	0.0015396	0.0034996	0.0019175	0.0022831	0.0016625	0.0034813	0.0017376	6.25E-4	0.0078278	0.0145078	0.0103896	0.0286494	0.0161597	0.0205423	0.0305677	0.0266075	0.0278184	0.0153846	0.0351682	0.0349819	0.0478821	0.0368421	0.0656064	0.0627306	0.0818713	0.0828025	0.0891841	0.059415	
Canard chipeau	0.0422535	0.0383598	0.0459921	0.0251397	0.0326223	0.036036	0.0422535	0.0390295	0.0409556	0.0487805	0.0380267	0.0473846	0.033357	0.0496032	0.0477064	0.0510788	0.0462232	0.0384081	0.0327471	0.0215385	0.0115473	0.0069991	0.0047939	0.0045662	0.0058188	0.0069626	0.0017376	0.005625	0.0068493	0.0103627	0.0121212	0.0231924	0.0038023	0.0098603	0.0131004	0.0166297	0.011713	0.0111888	0.0168196	0.0156815	0.0220994	0.0140351	0.0198807	0.0276753	0.0350877	0.059448	0.0322581	0.0173675	
Canard siffleur	0.0221328	0.0079365	0.021025	0.0102421	0.0062735	0.011583	0.0097508	0.007384	0.0056883	0.0023229	0.0051387	0.0049231	0.0015	6.614E-4	0.0018349	8.807E-4	0.0	9.255E-4	6.064E-4	4.396E-4	0.0	0.0	0.0	0.0	0.0	0.0015	0.0	0.0	0.0	0.0020725	0.0	0.0013643	0.0	8.217E-4	0.0010917	0.0011086	0.0058565	0.0041958	0.0122324	0.0036188	0.0073665	0.0070175	0.0178926	0.0221402	0.0136452	0.0233546	0.0360531	0.0146252	
Canard colvert	0.2474849	0.2089947	0.2483574	0.2085661	0.2333752	0.2548263	0.248104	0.2774262	0.2741752	0.2961672	0.2733813	0.2941538	0.246274	0.2724868	0.2923547	0.2452664	0.2542277	0.2276724	0.2164948	0.156044	0.1709007	0.1723535	0.1342282	0.1316591	0.1346633	0.1601393	0.1242398	0.135625	0.1614481	0.184456	0.1982684	0.2141883	0.1673004	0.1840592	0.2183406	0.2239468	0.2035139	0.206993	0.2308869	0.2484922	0.2375691	0.2	0.2345924	0.2324723	0.2124756	0.2929936	0.288425	0.2047532	
Hybride Canard musqué x C. colvert	0.0	0.0	0.0	0.0	0.0	0.0	0.0	0.0	0.0	0.0	0.0	0.0	0.0	0.0	0.0	0.0	0.0	0.0	0.0	0.0	0.0	0.0	0.0	0.0	0.0	0.0	0.0	0.0	0.0	0.0	0.0	0.0	0.0	0.0	0.0	0.0	0.0	0.0	0.0	0.0	0.0	0.0	0.0	0.001845	0.0	0.0	0.0	0.0	
Canard des Bahamas	0.0015	0.0	0.0	0.0	0.0	0.0	0.0	0.0	0.0	0.0	0.0	0.0	0.0	0.0	0.0	0.0	0.0	0.0	0.0	0.0	0.0	0.0	0.0	0.0	0.0	0.0	0.0	0.0	0.0	0.0	0.0	0.0	0.0	0.0	0.0	0.0	0.0	0.0	0.0	0.0015	0.0	0.0	0.0	0.0	0.0	0.0	0.0	0.0	
Canard pilet	0.0110664	0.010582	0.0118265	0.0055866	0.0037641	0.009009	0.007584	0.0094937	0.0056883	0.0092915	0.0092497	0.008	0.0063875	0.0046296	0.0018349	0.0022017	0.0011274	0.0013882	0.0	8.791E-4	7.698E-4	0.0	0.0	0.0	8.313E-4	0.0	0.0	0.0	0.0	0.0	8.658E-4	0.0027285	0.0015	0.0024651	0.0021834	0.0022173	0.0043924	0.0055944	0.0091743	0.0024125	0.0128913	0.0052632	0.0099404	0.0110701	0.0077973	0.0106157	0.0170778	0.0073126	
Hybride Canard colvert x C. pilet	0.0	0.0	0.0	0.0	0.0	0.0	0.0	0.0	0.0	0.0	0.0	0.0	0.0	0.0	0.0	4.403E-4	0.0	0.0	0.0	0.0	0.0	0.0	0.0	0.0	0.0	0.0	0.0	0.0	0.0	0.0	0.0	0.0	0.0	0.0	0.0	0.0	0.0	0.0	0.0	0.0	0.0	0.0	0.0	0.0	0.0015	0.0	0.0	0.0	
Sarcelle d'hiver	0.0774648	0.0780423	0.0919842	0.0633147	0.0664994	0.0720721	0.0758397	0.0748945	0.0591581	0.0696864	0.0606372	0.0633846	0.0305181	0.0291005	0.0189602	0.0070454	0.0022548	0.0013882	0.0024257	0.0035165	0.0	0.0	0.0	7.61E-4	8.313E-4	8.703E-4	8.688E-4	0.00125	0.0039139	0.011399	0.0155844	0.0443383	0.0370722	0.0386196	0.0382096	0.0343681	0.0424597	0.0447552	0.0489297	0.0723764	0.0626151	0.0578947	0.0815109	0.0793358	0.0877193	0.1125265	0.1195446	0.0648995	
Hybride Canard pilet x Sarcelle d'hiver	0.0	0.0	0.0	0.0	0.0	0.0	0.0	0.0	0.0	0.0	0.0	0.0	0.0	0.0	6.116E-4	0.0	0.0	0.0	0.0	0.0	0.0	0.0	0.0	0.0	0.0	0.0	0.0	0.0	0.0	0.0	0.0	0.0	0.0	0.0	0.0	0.0	0.0	0.0	0.0	0.0	0.0	0.0	0.0	0.0	0.0	0.0	0.0	0.0	
Sarcelle tachetée	0.0	0.0015	0.0013141	0.0	0.0	0.0	0.0	0.0	0.0015	0.0011614	0.0	0.0	0.0015	0.0	0.0	0.0	0.0	0.0	0.0	0.0	0.0	0.0	0.0	0.0	0.0	0.0	0.0	0.0	0.0	0.0	0.0	0.0	0.0	0.0	0.0032751	0.0	0.0	0.0	0.0	0.0	0.0	0.0	0.0015	0.0	0.0	0.0	0.0	0.0	
Anas sp.	0.0	0.0	0.0	0.0	0.0	0.0	0.0	0.0	0.0	0.0	0.0	0.0	0.0	0.0	0.0	0.0	0.0	0.0	0.0	0.0	0.0	0.0	0.0	0.0	0.0	0.0	0.0	0.0	9.785E-4	0.0	0.0	0.0	0.0	0.0	0.0	0.0	0.0	0.0	0.0	0.0	0.0	0.0	0.0	0.0	0.0	0.0	0.0	0.0	
anatidé sp. (canard barboteur sp.)	0.0	0.0	0.0	9.311E-4	0.0	0.0	0.0	0.0	0.0011377	0.0	0.0	6.154E-4	7.097E-4	0.0	0.0	8.807E-4	0.0	0.0	0.0	0.0	0.0015	8.749E-4	0.0	7.61E-4	8.313E-4	0.0017406	0.0	0.0	0.0039139	0.0010363	0.0	0.0013643	0.0	0.0	0.0	0.0015	0.0014641	0.0	0.0	0.0012063	0.0018416	0.0	0.0	0.0	0.0	0.0021231	0.0018975	0.0	
Sarcelle marbrée	0.0	0.0	0.0	0.0	0.0	0.0	0.0	0.0	0.0	0.0	0.0	0.0	0.0	0.0	6.116E-4	0.0	0.0	0.0	0.0	0.0	0.0	0.0	0.0	0.0	0.0	0.0	0.0	0.0	0.0	0.0	0.0	0.0	0.0	0.0	0.0	0.0	0.0	0.0	0.0	0.0	0.0	0.0	0.0	0.0	0.0	0.0	0.0	0.0	
Nette rousse	0.0110664	0.0171958	0.022339	0.0148976	0.0250941	0.020592	0.020585	0.0263713	0.032992	0.0441347	0.045221	0.0553846	0.058907	0.0548942	0.0782875	0.0752972	0.0806088	0.0680241	0.0533657	0.0294505	0.0200154	0.0218723	0.0105465	0.0060883	0.00665	0.0087032	0.004344	0.006875	0.0107632	0.0145078	0.0112554	0.0177353	0.013308	0.010682	0.0087336	0.0055432	0.0043924	0.0027972	0.0122324	0.0084439	0.0036832	0.0052632	0.0079523	0.0129151	0.0077973	0.0063694	0.0113852	0.0091408	
Hybride Canard colvert x Nette rousse	0.0	0.0	0.0	0.0	0.0012547	0.0	0.0	0.0	0.0	0.0	0.0	0.0	0.0	0.0	0.0	0.0	0.0	0.0	0.0	0.0	0.0	0.0	0.0	0.0	0.0	0.0	0.0	0.0	0.0	0.0	0.0	0.0	0.0	0.0	0.0	0.0	0.0	0.0	0.0	0.0	0.0	0.0	0.0	0.0	0.0	0.0	0.0	0.0	
Fuligule milouin	0.027163	0.0410053	0.0394218	0.0148976	0.0175659	0.016731	0.0195016	0.0179325	0.0136519	0.0174216	0.0184995	0.0098462	0.0156139	0.0119048	0.0085627	0.0140907	0.0248027	0.0138825	0.0054579	0.0096703	0.0053888	0.0087489	0.0057526	0.0022831	0.0058188	0.0043516	0.0026064	0.001875	0.0088063	0.015544	0.0147186	0.026603	0.0104563	0.0123254	0.0131004	0.0155211	0.011713	0.0083916	0.0229358	0.0205066	0.0110497	0.0210526	0.0417495	0.0239852	0.0175439	0.029724	0.056926	0.0182815	
Fuligule nyroca	0.001006	0.0026455	0.0039422	9.311E-4	0.0015	0.001287	0.0010834	0.0010549	0.0011377	0.0011614	0.0030832	0.0	0.0014194	6.614E-4	0.0015	0.0	0.0011274	0.0015	6.064E-4	0.0	7.698E-4	0.0	0.0	0.0	0.0	0.0015	0.0	0.0015	0.0	0.0	8.658E-4	6.821E-4	0.0	8.217E-4	0.0015	0.0011086	0.0	0.0015	0.0015291	0.0	0.0036832	0.0	0.0019881	0.001845	0.0015	0.0063694	0.0113852	9.141E-4	
Hybride Fuligule milouin x F. nyroca	0.0	0.0	0.0	0.0	0.0	0.0	0.0	0.0	0.0	0.0	0.0	0.0	0.0	0.0	0.0	0.0	0.0	0.0	0.0	0.0	0.0	0.0	0.0	0.0	0.0	0.0	0.0	0.0	0.0	0.0	0.0	0.0	0.0	0.0	0.0	0.0	0.0	0.0	0.0	0.0	0.0	0.0	0.0	0.0	0.0	0.0	0.0	9.141E-4	
Fuligule morillon	0.0181087	0.026455	0.0262812	0.0102421	0.0125471	0.014157	0.0140845	0.0116034	0.003413	0.0046458	0.0061665	0.0043077	0.0021292	0.0039683	0.0030581	0.0017613	0.0028185	0.005553	0.0018193	0.0030769	0.0030793	0.0034996	0.0028763	0.0038052	0.0024938	8.703E-4	0.0	0.0015	9.785E-4	0.0041451	0.0034632	0.0088677	0.0038023	0.0049302	0.0021834	0.0044346	0.0043924	0.0027972	0.0061162	0.0060314	0.0055249	0.0122807	0.0079523	0.0166052	0.0214425	0.0318471	0.0322581	0.0137112	
Hybride Fuligule milouin x F. morillon	0.0	0.0	0.0	9.311E-4	0.0	0.0	0.0	0.0	0.0	0.0	0.0	0.0	0.0	0.0	0.0	0.0	0.0	0.0	0.0	0.0	0.0	0.0	0.0	0.0	0.0	0.0	0.0	0.0	0.0	0.0	0.0	0.0	0.0	0.0	0.0	0.0	0.0	0.0	0.0	0.0	0.0	0.0	0.0	0.0015	0.0	0.0	0.0037951	9.141E-4	
Fuligule milouinan	0.0015	0.0015	0.0026281	9.311E-4	0.0	0.0015	0.0010834	0.0	0.0015	0.0	0.0	0.0	0.0	0.0	0.0	0.0	0.0	0.0	0.0	0.0	0.0	0.0	0.0	0.0	0.0	0.0	0.0	0.0	0.0	0.0	0.0	0.0	0.0	0.0	0.0	0.0	0.0	0.0	0.0	0.0	0.0	0.0	0.0	0.0	0.0	0.0	0.0	0.0	
Hybride Fuligule morillon x F. milouinan	0.0	0.0015	0.0	0.0	0.0	0.0	0.0	0.0	0.0	0.0	0.0	0.0	0.0	0.0	0.0	0.0	0.0	0.0	0.0	0.0	0.0	0.0	0.0	0.0	0.0	0.0	0.0	0.0	0.0	0.0	0.0	0.0	0.0	0.0	0.0	0.0	0.0	0.0	0.0	0.0	0.0	0.0	0.0	0.0	0.0	0.0	0.0	0.0	
Fuligule à tête noire	0.0	0.0015	0.0015	0.0015	0.0	0.0015	0.0015	0.0	0.0	0.0	0.0	0.0	0.0	0.0	0.0	0.0	0.0	0.0	0.0	0.0	0.0	0.0	0.0	0.0	0.0	0.0	0.0	0.0	0.0	0.0	0.0	0.0	0.0	0.0	0.0	0.0	0.0	0.0	0.0	0.0	0.0	0.0	0.0	0.0	0.0	0.0	0.0	0.0	
fuligule sp.	0.0	0.0	0.0013141	0.0	0.0	0.0	0.0	0.0	0.0	0.0	0.0	0.0	0.0	0.0	0.0	0.0	0.0	0.0	0.0	0.0	0.0	0.0	0.0	0.0	0.0	0.0	0.0	0.0	0.0	0.0	0.0	0.0	0.0	0.0	0.0	0.0	0.0	0.0	0.0	0.0	0.0	0.0	0.0	0.0	0.0	0.0	0.0	0.0	
Eider à duvet	0.0015	0.0	0.0015	0.0015	0.0	0.0	0.0	0.0	0.0	0.0	0.0	6.154E-4	7.097E-4	0.0015	0.0015	0.0	0.0	0.0	0.0	0.0	0.0	0.0	0.0	0.0	0.0	0.0	0.0	0.0	0.0	0.0	0.0	0.0	0.0	0.0	0.0	0.0	0.0	0.0	0.0	0.0	0.0	0.0	0.0	0.0	0.0	0.0	0.0	9.141E-4	
Macreuse brune	0.0015	0.0039683	0.0015	0.0027933	0.0012547	0.001287	0.0021668	0.0015	0.0015	0.0023229	0.0051387	6.154E-4	0.0	0.0	0.0	0.0	0.0	0.0	0.0	0.0	0.0	0.0	0.0	0.0	0.0	0.0	0.0	0.0	0.0	0.0	0.0	0.0	0.0	0.0	0.0	0.0	0.0	0.0	0.0	0.0	0.0	0.0	0.0	0.0	0.0	0.0021231	0.0015	9.141E-4	
Macreuse noire	0.0	0.0039683	0.0	9.311E-4	0.0012547	0.001287	0.0032503	0.0010549	0.0	0.0	0.0	0.0	0.0	0.0	0.0	4.403E-4	0.0	0.0	0.0	0.0	0.0	0.0	0.0	0.0	0.0	0.0	0.0	0.0	0.0	0.0	0.0	0.0	0.0	0.0	0.0	0.0	0.0	0.0013986	0.0	0.0	0.0	0.0	0.0	0.0	0.005848	0.0	0.0	9.141E-4	
Harelde boréale	0.001006	0.0	0.0	0.0	0.0015	0.002574	0.0010834	0.0010549	0.0015	0.0	0.0015	6.154E-4	0.0	0.0	0.0	0.0	0.0	0.0	0.0	0.0	0.0	0.0	0.0	0.0	0.0	0.0	0.0	0.0	0.0	0.0	0.0	0.0	0.0	0.0	0.0	0.0	0.0	0.0	0.0	0.0	0.0	0.0	0.0	0.0	0.0015	0.0	0.0	0.0	
Garrot à oeil d'or	0.001006	0.0015	0.0	0.0015	0.0012547	0.001287	0.0010834	0.0010549	0.0015	0.0015	0.0020555	0.0	0.0	0.0	0.0	0.0	0.0	0.0	0.0	0.0	0.0	0.0	0.0	0.0	0.0	0.0015	0.0	0.0	0.0	0.0	0.0	0.0	0.0	0.0	0.0	0.0	0.0	0.0	0.0	0.0	0.0	0.0	0.0	0.0	0.0	0.0	0.0	9.141E-4	
Harle piette	0.0015	0.0	0.0	0.0	0.0	0.0	0.0	0.0	0.0	0.0	0.0	0.0	0.0	0.0	0.0	0.0	0.0	0.0	0.0	0.0	0.0	0.0	0.0	0.0	0.0	0.0	0.0	0.0	0.0	0.0	0.0	0.0	0.0	0.0	0.0	0.0	0.0	0.0	0.0	0.0	0.0	0.0	0.0	0.0	0.0	0.0	0.0	0.0	
Harle bièvre	0.001006	0.0015	0.0026281	9.311E-4	0.0012547	0.002574	0.0021668	0.0015	0.0011377	0.0046458	0.0015	0.0012308	0.0	0.0	0.0	0.0	0.0	4.627E-4	0.0	0.0015	0.0	0.0015	0.0	0.0	0.0	0.0	0.0	0.0	0.0	0.0	0.0	0.0	0.0	0.0	0.0	0.0	0.0	0.0	0.0	0.0	0.0	0.0	0.0	0.0	0.0	0.0021231	0.0	9.141E-4	
Harle huppé	0.0110664	0.0171958	0.022339	0.0111732	0.0075282	0.007722	0.007584	0.007384	0.0022753	0.0058072	0.0071942	0.008	0.0049681	0.0033069	0.0012232	0.001321	0.0	0.0	0.0	0.0	0.0	0.0	0.0	0.0	0.0	0.0	0.0	0.0	0.0	0.0	0.0	0.0	0.0	0.0	0.0	0.0	0.0	0.0013986	0.0	0.0	0.0	0.0017544	0.0015	0.0055351	0.0097466	0.0084926	0.0151803	0.0082267	
Érismature rousse	0.0	0.0	0.0	0.0	0.0	0.0	0.0015	0.0	0.0	0.0	0.0	0.0	0.0	0.0	0.0	0.0	0.0	0.0	0.0	0.0	0.0	0.0	0.0	0.0	0.0	0.0	0.0	0.0	0.0	0.0	0.0	0.0	0.0	0.0	0.0	0.0	0.0	0.0	0.0	0.0	0.0	0.0	0.0	0.0	0.0	0.0	0.0	0.0015	
anatidé sp. (canard sp.)	0.0	0.0	0.0	0.0018622	0.0	0.001287	0.0	0.0	0.0	0.0011614	0.0020555	0.0	0.0	0.0026455	0.0	0.0	5.637E-4	4.627E-4	6.064E-4	4.396E-4	0.0030793	0.0015	9.588E-4	7.61E-4	0.0015	0.0017406	8.688E-4	0.00125	0.0029354	0.0	0.0025974	0.0	0.0015	8.217E-4	0.0	0.0011086	0.0	0.0027972	0.0	0.0	0.0	0.0	0.0019881	0.0	0.0038986	0.0021231	0.0	0.0	
sauvagine sp.	0.0	0.0	0.0	0.0	0.0	0.0	0.0	0.0	0.0	0.0	0.0	0.0	0.0	0.0	0.0015	0.0	0.0	0.0	0.0	0.0	0.0	0.0	0.0	0.0	0.0	0.0	0.0	0.0	0.0	0.0	0.0	0.0	0.0	0.0	0.0	0.0	0.0	0.0	0.0	0.0	0.0	0.0	0.0	0.0	0.0	0.0	0.0	0.0	
Lagopède alpin	0.0	0.0	0.0	0.0	0.0012547	0.0	0.0	0.0015	0.0	0.0	0.0	0.0	0.0	0.0	0.0	0.0015	0.0	0.0	0.0015	0.0015	0.0015	8.749E-4	9.588E-4	7.61E-4	8.313E-4	0.0015	8.688E-4	6.25E-4	9.785E-4	0.0010363	8.658E-4	0.0015	9.506E-4	0.0015	0.0010917	0.0011086	0.0014641	0.0	0.0	0.0	0.0015	0.0	0.0	0.0	0.0	0.0	0.0	0.0	
Grand Tétras	0.0	0.0015	0.0	0.0	0.0012547	0.0	0.0010834	0.0	0.0	0.0	0.0	0.0	0.0	0.0019841	6.116E-4	4.403E-4	0.0015	9.255E-4	0.0018193	8.791E-4	0.0	0.0	9.588E-4	0.0	0.0	8.703E-4	0.0	0.0015	9.785E-4	0.0010363	0.0	0.0	0.0015	0.0	0.0	0.0	0.0	0.0013986	0.0	0.0	0.0	0.0	0.0	0.0	0.0	0.0	0.0	0.0015	
Perdrix grise	0.0015	0.0015	0.0015	0.0018622	0.0037641	0.0	0.0032503	0.0015	0.0	0.0015	0.0015	6.154E-4	0.0014194	0.0	6.116E-4	4.403E-4	5.637E-4	0.0013882	6.064E-4	8.791E-4	7.698E-4	0.0017498	0.0028763	0.0015221	0.0	0.0017406	8.688E-4	0.001875	0.0	0.0020725	8.658E-4	6.821E-4	0.0047529	0.0	0.0021834	0.0044346	0.0029283	0.0027972	0.0045872	0.0	0.0	0.0	0.0019881	0.0	0.0015	0.0	0.0018975	0.0	
Faisan vénéré	0.0	0.0	0.0	0.0015	0.0	0.0	0.0	0.0	0.0	0.0	0.0	0.0	0.0	0.0	0.0	0.0	0.0	0.0	0.0	0.0	0.0	0.0	0.0	0.0	0.0	0.0015	0.0	0.0	0.0	0.0	0.0	0.0	0.0	0.0	0.0	0.0	0.0	0.0	0.0	0.0	0.0	0.0	0.0	0.0	0.0	0.0	0.0	0.0	
Faisan de Colchide	0.0221328	0.0185185	0.021025	0.0232775	0.02133	0.011583	0.0249187	0.0221519	0.0295791	0.0255517	0.028777	0.0375385	0.046132	0.0416667	0.0470948	0.0383091	0.035513	0.0421101	0.0357793	0.0246154	0.0230947	0.0218723	0.0115053	0.0114155	0.0133001	0.0113142	0.0130321	0.0075	0.0097847	0.0082902	0.0051948	0.0068213	0.0028517	0.0065735	0.0131004	0.0277162	0.0204978	0.0293706	0.030581	0.0229192	0.0220994	0.0280702	0.0417495	0.0239852	0.0292398	0.0403397	0.0170778	0.0228519	
Faisan versicolore	0.0	0.0	0.0	0.0	0.0	0.0	0.0	0.0	0.0	0.0	0.0	0.0	0.0	0.0	0.0	4.403E-4	0.0	0.0	0.0	0.0	0.0	0.0	0.0	0.0	0.0	0.0	0.0	0.0	0.0	0.0	0.0	0.0	0.0	0.0	0.0	0.0	0.0	0.0	0.0	0.0	0.0	0.0	0.0	0.0	0.0	0.0	0.0	0.0	
Faisan de Colchide ou F. versicolore	0.0	0.0	0.0	0.0	0.0	0.0	0.0	0.0	0.0	0.0	0.0	0.0	0.0	0.0	6.116E-4	0.0	0.0	0.0	0.0012129	0.0	0.0	0.0026247	9.588E-4	7.61E-4	8.313E-4	0.0	8.688E-4	6.25E-4	0.0	0.0	0.0	0.0	0.0	0.0	0.0	0.0	0.0	0.0013986	0.0	0.0	0.0	0.0	0.0	0.0	0.0	0.0	0.0	0.0	
Paon bleu	0.0	0.0	0.0	0.0	0.0	0.0	0.0	0.0	0.0	0.0	0.0	0.0	7.097E-4	6.614E-4	0.0012232	4.403E-4	5.637E-4	4.627E-4	0.0015	4.396E-4	0.0	0.0	0.0	0.0	0.0	0.0	0.0	0.0015	0.0	0.0	0.0	0.0	0.0	0.0	0.0	0.0	0.0015	0.0	0.0	0.0015	0.0	0.0017544	0.0	0.0	0.0019493	0.0	0.0	0.0	
Caille des blés	0.0	0.0026455	0.0013141	0.0	0.0	0.0	0.0	0.0	0.0	0.0015	0.0015	0.0	0.0021292	0.0033069	0.0042813	0.0101277	0.0152198	0.014808	0.0133414	0.018022	0.0192456	0.0183727	0.0239693	0.0182648	0.0340815	0.0252393	0.013901	0.015	0.0029354	0.0051813	0.0017316	0.0020464	9.506E-4	0.0016434	0.0	0.0011086	0.0	0.0013986	0.0015	0.0012063	0.0	0.0	0.0	0.0	0.0	0.0	0.0	0.0	
Perdrix rouge	0.0331992	0.0198413	0.0328515	0.027933	0.0326223	0.033462	0.0520043	0.028481	0.0420933	0.0301974	0.0308325	0.0270769	0.033357	0.0416667	0.0391437	0.0501982	0.0388952	0.0434984	0.0351728	0.036044	0.0300231	0.0297463	0.0191755	0.021309	0.0174564	0.0147955	0.013901	0.0125	0.0136986	0.0259067	0.0233766	0.0388813	0.0228137	0.0172555	0.0349345	0.0232816	0.0190337	0.027972	0.0336391	0.0313631	0.0257827	0.0526316	0.0337972	0.0147601	0.0331384	0.0382166	0.028463	0.0310786	
Pigeon biset	0.2183099	0.1600529	0.17477	0.1741155	0.195734	0.1994852	0.2047671	0.193038	0.2207053	0.2555168	0.2014388	0.2221538	0.2015614	0.1825397	0.1626911	0.1624835	0.1781285	0.1457658	0.1419042	0.1397802	0.1585835	0.1732283	0.1831256	0.2024353	0.1845387	0.1818973	0.1807124	0.14625	0.1516634	0.1523316	0.1497835	0.1725784	0.1730038	0.2251438	0.1790393	0.1962306	0.2752562	0.2013986	0.2155963	0.2074789	0.2117864	0.2526316	0.2544732	0.2232472	0.1929825	0.2505308	0.2694497	0.1882998	
Pigeon colombin	0.0181087	0.021164	0.0249671	0.0167598	0.0376412	0.037323	0.0422535	0.0295359	0.0443686	0.0336818	0.024666	0.0276923	0.02555	0.0284392	0.02263	0.01321	0.0197294	0.0212864	0.0151607	0.0171429	0.0138568	0.0279965	0.0230105	0.0197869	0.0207814	0.0191471	0.0191138	0.01125	0.0097847	0.0093264	0.0199134	0.0184175	0.0209125	0.0230074	0.0196507	0.037694	0.0409956	0.0293706	0.0366972	0.0193004	0.0257827	0.045614	0.0238569	0.0239852	0.037037	0.029724	0.0132827	0.011883	
Pigeon ramier	0.3420523	0.2857143	0.3166886	0.3361266	0.3638645	0.4414414	0.4138678	0.443038	0.4448237	0.5354239	0.5292909	0.5181538	0.4989354	0.5191799	0.4960245	0.4627917	0.4622322	0.4243406	0.4596725	0.4114286	0.4649731	0.4566929	0.4372004	0.4375951	0.4048213	0.4508268	0.4187663	0.37625	0.3796477	0.3751295	0.3835498	0.4549795	0.3830798	0.4018077	0.3875546	0.3813747	0.38653	0.3958042	0.4036697	0.3787696	0.3554328	0.4192982	0.3558648	0.3081181	0.2826511	0.4055202	0.3339658	0.297989	
Tourterelle des bois	0.0	0.0	0.0	0.0	0.0	0.0	0.0	0.0	0.0	0.0	0.0	0.0	7.097E-4	0.0046296	0.030581	0.0792602	0.1262683	0.1351226	0.1146149	0.1191209	0.1501155	0.1181102	0.1102589	0.1057839	0.0980881	0.1018277	0.0877498	0.06625	0.0508806	0.0362694	0.038961	0.0388813	0.0256654	0.0123254	0.0076419	0.0022173	0.0029283	0.0	0.0015291	0.0012063	0.0018416	0.0	0.0015	0.0	0.0	0.0	0.0	0.0	
Tourterelle turque	0.2837022	0.2460317	0.2220762	0.2299814	0.2496863	0.2689833	0.2860238	0.2921941	0.2992036	0.3101045	0.3309353	0.3132308	0.3073101	0.3544974	0.3278287	0.3267283	0.3083427	0.3438223	0.3250455	0.2879121	0.3271747	0.3587052	0.3518696	0.3538813	0.3083957	0.3376849	0.3518679	0.311875	0.3199609	0.292228	0.2761905	0.3117326	0.2709125	0.2629417	0.2652838	0.2771619	0.3089312	0.2853147	0.2431193	0.26538	0.252302	0.277193	0.222664	0.2435424	0.2319688	0.2611465	0.2428843	0.2541133	
Tourterelle rieuse	0.0	0.0	0.0	0.0	0.0	0.0015	0.0010834	0.0	0.0	0.0	0.0	0.0	0.0	0.0	0.0	0.0	0.0	0.0	0.0	0.0	0.0	0.0	0.0	0.0	0.0	0.0	0.0	0.0	0.0019569	0.0	0.0	0.0	0.0	0.0	0.0	0.0	0.0	0.0	0.0	0.0	0.0	0.0	0.0	0.0	0.0	0.0	0.0	0.0	
columbidé sp.	0.0	0.0	0.0	0.0	0.0	0.0	0.0	0.0	0.0	0.0	0.0	0.0	0.0	0.0	0.0	0.0	0.0	0.0	0.0	0.0	0.0	0.0	0.0	0.0	0.0	0.0	0.0	0.0	0.0	0.0	0.0	0.0	0.0	0.0	0.0	0.0	0.0	0.0	0.0	0.0	0.0	0.0	0.0	0.0	0.0019493	0.0021231	0.0	0.0	
Grande Outarde	0.0	0.0	0.0	0.0	0.0	0.0	0.0	0.0	0.0	0.0	0.0	0.0	0.0	0.0	0.0	0.0	0.0	0.0	0.0	0.0	0.0	0.0	0.0	0.0	0.0	0.0	0.0	0.0	0.0	0.0	0.0015	0.0015	0.0	0.0	0.0	0.0	0.0	0.0	0.0	0.0	0.0	0.0	0.0	0.0	0.0	0.0	0.0	0.0	
Outarde canepetière	0.001006	0.0015	0.0013141	0.0027933	0.0025094	0.002574	0.0021668	0.0010549	0.003413	0.0069686	0.0020555	0.0036923	0.0028389	0.0046296	0.0061162	0.011889	0.0129651	0.014808	0.0054579	0.0061538	0.0023095	0.0069991	9.588E-4	0.0022831	0.003325	0.0034813	0.0026064	0.005	0.0039139	0.0020725	0.0015	0.0061392	0.0171103	0.0049302	0.0076419	0.0044346	0.0043924	0.0027972	0.0015	0.0012063	0.0015	0.0017544	0.0059642	0.0015	0.0019493	0.0021231	0.0018975	0.0015	
Coucou geai	0.0	0.0	0.0	0.0	0.0	0.0015	0.0015	0.0116034	0.0056883	0.0150987	0.0267215	0.0246154	0.0262598	0.0251323	0.0232416	0.0246587	0.0174746	0.0208237	0.0181928	0.0114286	0.0084681	0.0069991	0.008629	0.0060883	0.0058188	0.0043516	0.0034752	0.001875	0.0019569	0.0031088	0.0015	0.0015	0.0015	0.0	0.0015	0.0	0.0	0.0	0.0	0.0	0.0	0.0	0.0	0.0	0.0	0.0	0.0	0.0	
Coucou gris	0.0	0.0	0.0	0.0	0.0	0.0	0.0	0.0	0.0	0.0015	0.0010277	0.0098462	0.046132	0.087963	0.1376147	0.1836196	0.1674183	0.197131	0.1788963	0.1986813	0.1508853	0.0979878	0.0786194	0.0456621	0.0191189	0.0095735	0.0104257	0.011875	0.0107632	0.0082902	0.0051948	0.005457	0.0028517	0.0024651	0.0010917	0.0	0.0	0.0	0.0	0.0	0.0	0.0	0.0	0.0	0.0	0.0	0.0	0.0	
Engoulevent à collier roux	0.0	0.0	0.0	0.0	0.0	0.0	0.0	0.0	0.0	0.0	0.0	0.0	0.0	0.0	0.0	0.0	0.0	4.627E-4	0.0030321	0.0030769	0.0023095	8.749E-4	0.0	7.61E-4	0.0	0.0	0.0	0.0	0.0	0.0	0.0	0.0	0.0	0.0	0.0	0.0	0.0	0.0	0.0	0.0	0.0	0.0	0.0	0.0	0.0	0.0	0.0	0.0	
Engoulevent d'Europe	0.0	0.0	0.0	0.0	0.0	0.0	0.0	0.0	0.0	0.0	0.0	0.0	7.097E-4	0.0	6.116E-4	0.0035227	0.0078918	0.0032392	0.0078836	0.0246154	0.0053888	0.0087489	0.0153404	0.0060883	0.0157938	0.0095735	0.0052129	0.0025	0.0068493	0.0093264	0.004329	0.0027285	0.0019011	0.0016434	0.0021834	0.0022173	0.0	0.0013986	0.0	0.0	0.0	0.0	0.0	0.0	0.0	0.0	0.0	0.0	
Martinet à ventre blanc	0.0	0.0	0.0	0.0	0.0	0.0	0.0	0.0	0.0015	0.010453	0.0195272	0.0338462	0.0248403	0.0171958	0.0232416	0.0273007	0.0214205	0.0208237	0.0236507	0.0241758	0.0153965	0.0166229	0.0278044	0.0235921	0.0274314	0.0200174	0.0295395	0.0325	0.0313112	0.0124352	0.0190476	0.026603	0.0218631	0.0156122	0.0120087	0.0166297	0.0073206	0.0027972	0.0015291	0.0015	0.0018416	0.0	0.0	0.0	0.0	0.0	0.0	0.0	
Martinet noir	0.0	0.0	0.0	0.0	0.0	0.0	0.0	0.0	0.0011377	0.0011614	0.004111	0.0215385	0.0695529	0.1388889	0.2770642	0.3786878	0.4577227	0.4308191	0.4323833	0.4237363	0.4703618	0.4741907	0.4956855	0.4901065	0.4339152	0.4168842	0.3953084	0.270625	0.1682975	0.1409326	0.1108225	0.0648022	0.0437262	0.0328677	0.0305677	0.0210643	0.0043924	0.0013986	0.0045872	0.0048251	0.0015	0.0	0.0	0.0	0.0	0.0	0.0	0.0	
Martinet pâle	0.0	0.0	0.0	0.0	0.0	0.0	0.0	0.0	0.0	0.0	0.0	6.154E-4	0.0028389	0.0112434	0.0281346	0.0347864	0.0293123	0.0273022	0.021225	0.0140659	0.0138568	0.0192476	0.0239693	0.0136986	0.0133001	0.0121845	0.0069505	0.018125	0.0156556	0.0165803	0.0190476	0.03206	0.0209125	0.0279376	0.0240175	0.0199557	0.0204978	0.0111888	0.0168196	0.0048251	0.0036832	0.0035088	0.0039761	0.0	0.0	0.0	0.0	0.0	
Martinet noir ou M. pâle	0.0	0.0	0.0	0.0	0.0	0.0	0.0010834	0.0	0.0	0.0	0.0	0.0012308	0.0035486	0.0059524	0.0103976	0.0096874	0.0062007	0.009255	0.0078836	0.0048352	0.0092379	0.0052493	0.0105465	0.0030441	0.0074813	0.0	0.0	0.005	0.0029354	0.0031088	0.0051948	0.0095498	0.0161597	0.0115037	0.0076419	0.0077605	0.0043924	0.0055944	0.0045872	0.0015	0.0036832	0.0	0.0	0.0	0.0019493	0.0	0.0	9.141E-4	
Martinet cafre	0.0	0.0	0.0	0.0	0.0	0.0	0.0	0.0	0.0	0.0	0.0	0.0	0.0	0.0	0.0	0.0	0.0	0.0	0.0	0.0	0.0	0.0	0.0015	0.0038052	0.0016625	0.002611	0.0052129	0.008125	0.0039139	0.0031088	0.0	0.0	0.0	0.0	0.0	0.0	0.0	0.0	0.0	0.0	0.0	0.0	0.0	0.0	0.0	0.0	0.0	0.0	
Apus sp.	0.0	0.0	0.0	0.0	0.0	0.0	0.0	0.0	0.0	0.0	0.0	0.0	0.0	0.0	0.0	0.0	0.0	0.0	0.0	0.0	0.0	0.0	0.0	0.0	0.0	0.0	0.0	0.0	0.0	0.0	0.0	0.0	0.0	0.0	0.0	0.0	0.0	0.0015	0.0	0.0	0.0	0.0	0.0	0.0	0.0	0.0	0.0	0.0	
Apus ou Tachymarptis sp.	0.0	0.0	0.0	0.0	0.0	0.0	0.0	0.0	0.0	0.0	0.0	0.0	7.097E-4	6.614E-4	0.0	0.0	0.0	0.0	6.064E-4	0.0	0.0	8.749E-4	0.0015	0.0015	8.313E-4	0.0017406	0.0017376	0.0	9.785E-4	0.0020725	8.658E-4	0.0013643	0.0	0.0	0.0	0.0	0.0	0.0	0.0	0.0	0.0	0.0	0.0	0.0	0.0	0.0	0.0	0.0	
apodidé sp. (petit martinet sp.)	0.0	0.0	0.0	0.0	0.0	0.0	0.0	0.0	0.0	0.0	0.0	0.0	0.0	0.0	0.0	4.403E-4	0.0	0.0	0.0	0.0	0.0	0.0	0.0	0.0	0.0	0.0	0.0	0.0	0.0	0.0	0.0	0.0	0.0	0.0	0.0	0.0	0.0	0.0	0.0	0.0	0.0	0.0	0.0	0.0	0.0	0.0	0.0	0.0	
apodidé sp.	0.0	0.0	0.0	0.0	0.0	0.0	0.0	0.0	0.0	0.0	0.0010277	0.0015	0.0	6.614E-4	0.0061162	0.0035227	5.637E-4	0.0050902	0.0048514	0.0013187	0.0053888	8.749E-4	0.0019175	0.0	0.0	0.0034813	8.688E-4	0.00125	0.0039139	0.0	0.0017316	0.0	0.0	0.0057518	0.0032751	0.0022173	0.0015	0.0	0.0	0.0012063	0.0	0.0	0.0	0.0	0.0	0.0	0.0	0.0	
Râle d'eau	0.028169	0.0410053	0.0394218	0.0428305	0.055207	0.047619	0.056338	0.0390295	0.0546075	0.0534262	0.0400822	0.04	0.0290987	0.0330688	0.0281346	0.0171731	0.0202931	0.0194354	0.0187993	0.0123077	0.0084681	0.0043745	0.0057526	0.0083714	0.00665	0.0104439	0.0104257	0.01	0.0146771	0.0248705	0.0233766	0.0497954	0.0418251	0.0484799	0.0611354	0.0498891	0.0409956	0.0405594	0.0458716	0.0603136	0.0662983	0.0526316	0.055666	0.0535055	0.0721248	0.0467091	0.0493359	0.035649	
Râle des genêts	0.0	0.0	0.0	0.0	0.0	0.0	0.0	0.0	0.0	0.0	0.0	0.0	0.0	0.0	0.0	0.0	0.0	0.0	0.0	0.0	0.0	0.0	0.0	0.0015	0.0	0.0	0.0	0.0	0.0	0.0	0.0	0.0	0.0	0.0	0.0	0.0	0.0	0.0	0.0	0.0	0.0	0.0	0.0	0.0	0.0	0.0	0.0	0.0	
Marouette ponctuée	0.0	0.0	0.0	0.0	0.0	0.0	0.0	0.0	0.0011377	0.0034843	0.004111	0.0073846	0.0063875	0.0085979	0.0042813	0.0017613	0.0015	0.0	0.0	0.0	0.0	0.0	0.0	0.0	0.0	0.0	0.0	6.25E-4	0.0	0.0	0.0	0.0020464	9.506E-4	0.0	0.0015	0.0011086	0.0015	0.0	0.0	0.0	0.0	0.0	0.0	0.0	0.0	0.0	0.0	0.0	
Gallinule poule-d'eau	0.1066398	0.1150794	0.1169514	0.1005587	0.097867	0.0990991	0.1115926	0.1012658	0.1240046	0.1254355	0.1079137	0.1107692	0.1071682	0.1203704	0.1272171	0.1043593	0.102593	0.0971772	0.0946028	0.0505495	0.0677444	0.0761155	0.0651965	0.06621	0.0698254	0.0635335	0.0538662	0.05875	0.074364	0.0870466	0.0727273	0.095498	0.0855513	0.1010682	0.1037118	0.1064302	0.1010249	0.0923077	0.1345566	0.1290712	0.1289134	0.0859649	0.1431412	0.1383764	0.1169591	0.133758	0.1480076	0.0987203	
Foulque macroule	0.0885312	0.1230159	0.1156373	0.0921788	0.1154329	0.1209781	0.1300108	0.1181435	0.112628	0.1440186	0.1284687	0.1236923	0.0908446	0.1124339	0.1345566	0.1149273	0.1127396	0.1105969	0.0861128	0.061978	0.0631255	0.0691164	0.0402685	0.0479452	0.0573566	0.0565709	0.03649	0.04875	0.0528376	0.0829016	0.0588745	0.0995907	0.0798479	0.0780608	0.0709607	0.078714	0.0834553	0.0643357	0.0948012	0.0892642	0.1012891	0.0824561	0.1013917	0.1236162	0.1208577	0.1316348	0.1574953	0.1179159	
Talève sultane	0.0080483	0.0079365	0.0091984	0.0158287	0.02133	0.028314	0.0346696	0.0253165	0.0227531	0.0301974	0.0195272	0.0178462	0.0134847	0.0125661	0.0250765	0.0202554	0.0264938	0.0263767	0.0187993	0.0136264	0.0092379	0.0061242	0.0038351	0.0053272	0.0141313	0.0087032	0.0165074	0.015	0.0234834	0.0321244	0.021645	0.0429741	0.0256654	0.0369762	0.0283843	0.0133038	0.0234261	0.0181818	0.0122324	0.0217129	0.0220994	0.0087719	0.0139165	0.0221402	0.0194932	0.0212314	0.0151803	0.011883	
Marouette poussin	0.0	0.0	0.0	0.0	0.0	0.0	0.0	0.0	0.0	0.0015	0.0015	0.0024615	0.0014194	0.0013228	6.116E-4	0.0015	0.0	4.627E-4	0.0	4.396E-4	0.0	0.0	0.0	0.0	0.0	0.0	0.0	0.0	0.0	0.0	0.0	0.0	0.0	0.0	0.0	0.0	0.0	0.0013986	0.0	0.0	0.0	0.0	0.0	0.0	0.0	0.0	0.0	0.0	
Marouette de Baillon	0.0	0.0	0.0	0.0	0.0	0.0	0.0	0.0	0.0	0.0	0.0	0.0	0.0	0.0015	0.0012232	0.0015	0.0	0.0	6.064E-4	0.0	0.0	0.0	0.0	0.0	0.0	0.0	0.0	0.0	0.0	0.0	0.0	0.0	0.0	0.0	0.0	0.0	0.0	0.0	0.0	0.0	0.0	0.0	0.0	0.0	0.0	0.0	0.0	0.0	
Grue cendrée	0.0291751	0.0171958	0.0197109	0.0260708	0.0301129	0.014157	0.035753	0.0369198	0.0227531	0.0232288	0.0143885	0.0049231	0.0021292	6.614E-4	0.0024465	4.403E-4	5.637E-4	0.0	0.0	0.0	0.0	0.0	0.0	0.0	0.0	0.0	0.0	0.0015	9.785E-4	0.0	0.0	0.0	0.0	8.217E-4	0.0	0.0	0.0014641	0.0041958	0.0168196	0.0446321	0.0570902	0.0631579	0.0516899	0.0535055	0.0604288	0.0530786	0.0474383	0.0374771	
Oedicnème criard	0.0020121	0.0013228	0.0015	9.311E-4	0.0025094	0.002574	0.0010834	0.0063291	0.0102389	0.0081301	0.0071942	0.0061538	0.0085167	0.0119048	0.0171254	0.0149714	0.0146561	0.0143452	0.0133414	0.0131868	0.0076982	0.0104987	0.0076702	0.0045662	0.0091438	0.0069626	0.0095569	0.008125	0.0048924	0.0165803	0.0103896	0.0272851	0.0057034	0.0032868	0.0054585	0.0044346	0.0043924	0.0027972	0.0015291	0.0012063	0.0036832	0.0070175	0.0019881	0.001845	0.005848	0.0042463	0.0037951	0.0015	
Échasse blanche	0.0160966	0.0132275	0.0105125	0.0102421	0.0087829	0.006435	0.0249187	0.0137131	0.0193402	0.0348432	0.0647482	0.1052308	0.1100071	0.1316138	0.1681957	0.1607221	0.1561443	0.1355854	0.1291692	0.0791209	0.0862202	0.0909886	0.0680729	0.0722983	0.0681629	0.0583116	0.0538662	0.075	0.0861057	0.0901554	0.0753247	0.1016371	0.0617871	0.0608053	0.0393013	0.0277162	0.0190337	0.006993	0.0045872	0.013269	0.0202578	0.0157895	0.0198807	0.0202952	0.0136452	0.0233546	0.0132827	0.0091408	
Avocette élégante	0.027163	0.0224868	0.0197109	0.0232775	0.0326223	0.019305	0.035753	0.0274262	0.0216155	0.0406504	0.0441932	0.0492308	0.0411639	0.0509259	0.0715596	0.0863056	0.0710259	0.0532161	0.0642814	0.0259341	0.0361817	0.0341207	0.0278044	0.0266362	0.0191189	0.0139252	0.013901	0.020625	0.0215264	0.0217617	0.0199134	0.0361528	0.0237643	0.0197206	0.0229258	0.0099778	0.0131772	0.0041958	0.0045872	0.013269	0.0202578	0.0087719	0.0178926	0.0239852	0.0214425	0.0403397	0.0227704	0.0164534	
Huîtrier pie	0.001006	0.0015	0.0	9.311E-4	0.0012547	0.006435	0.0151679	0.0232068	0.0159272	0.0197445	0.0236382	0.0307692	0.0269695	0.0390212	0.0477064	0.0440335	0.0326945	0.0245257	0.0327471	0.0175824	0.0207852	0.0201225	0.0162991	0.0136986	0.0166251	0.0121845	0.0086881	0.01	0.0097847	0.0134715	0.0077922	0.0115962	0.0019011	8.217E-4	0.0087336	0.0033259	0.0043924	0.0	0.0015291	0.0024125	0.0036832	0.0017544	0.0	0.001845	0.0	0.0	0.0	9.141E-4	
Pluvier argenté	0.0130785	0.0238095	0.0170828	0.0139665	0.0075282	0.007722	0.0097508	0.0168776	0.0091013	0.0069686	0.0071942	0.0061538	0.0063875	0.0125661	0.0097859	0.0228974	0.0140924	0.0069412	0.0072771	8.791E-4	0.0023095	0.0	0.0	7.61E-4	0.0	0.0015	0.0017376	0.001875	0.0029354	0.0062176	0.0069264	0.0115962	0.006654	0.0024651	0.0065502	0.0121951	0.0175695	0.0083916	0.0122324	0.0241255	0.0202578	0.0140351	0.0139165	0.0221402	0.0233918	0.0191083	0.028463	0.0100548	
Pluvier doré	0.0050302	0.005291	0.0013141	0.0018622	0.0012547	0.005148	0.0086674	0.0015	0.0015	0.0023229	0.0	0.0018462	0.0015	0.0013228	0.0024465	0.0017613	5.637E-4	0.0	6.064E-4	0.0	0.0	0.0	0.0	0.0	0.0	0.0	0.0	6.25E-4	0.0	0.0	0.0	0.0013643	0.0015	0.0	0.0032751	0.0022173	0.0029283	0.0013986	0.0030581	0.0015	0.0	0.0017544	0.0119284	0.0110701	0.0097466	0.0042463	0.0018975	0.0027422	
Pluvier bronzé	0.0	0.0	0.0	0.0	0.0	0.0	0.0	0.0	0.0	0.0	0.0	0.0	0.0	0.0	0.0	0.0	0.0	0.0	0.0	0.0015	0.0	0.0	0.0	0.0	0.0	0.0	0.0	0.0	0.0	0.0	0.0	0.0040928	0.0	0.0	0.0	0.0	0.0	0.0	0.0	0.0	0.0	0.0	0.0	0.0	0.0	0.0	0.0	0.0	
Pluvier fauve	0.0	0.0	0.0	0.0	0.0	0.0	0.0	0.0	0.0	0.0	0.0	0.0	0.0	0.0	0.0	0.0	0.0	0.0015	0.0015	0.0	0.0	0.0	0.0	0.0	0.0	0.0	0.0	0.0	0.0	0.0	0.0	0.0013643	0.0	0.0	0.0	0.0	0.0	0.0	0.0	0.0	0.0	0.0	0.0	0.0	0.0	0.0	0.0	0.0	
Pluvialis sp.	0.0	0.0	0.0	0.0	0.0	0.0	0.0010834	0.0	0.0	0.0	0.0	0.0	0.0	0.0	0.0	0.0	0.0	0.0	0.0	0.0015	0.0	0.0	0.0	0.0	0.0	0.0	0.0	0.0	0.0	0.0	0.0	0.0	0.0	0.0	0.0	0.0	0.0	0.0	0.0	0.0	0.0	0.0	0.0	0.0	0.0	0.0	0.0018975	9.141E-4	
Guignard d’Eurasie	0.0	0.0	0.0	0.0	0.0	0.0	0.0	0.0	0.0	0.0	0.0	0.0	7.097E-4	0.0	0.0	0.0	5.637E-4	4.627E-4	6.064E-4	0.0	0.0	0.0	0.0	0.0	0.0	0.0	0.0	0.0	0.0	0.0	0.0015	0.0047749	0.0095057	0.0041085	0.0032751	0.0044346	0.0	0.0	0.0	0.0	0.0	0.0	0.0	0.0	0.0	0.0	0.0	0.0	
Grand Gravelot	0.0110664	0.0092593	0.0091984	0.009311	0.0062735	0.007722	0.0054171	0.0094937	0.0068259	0.0034843	0.0102775	0.0049231	0.0049681	0.0092593	0.017737	0.0312638	0.0304397	0.0208237	0.0357793	0.0065934	0.0038491	0.0043745	0.0	0.0	8.313E-4	0.0034813	0.0026064	0.009375	0.0078278	0.0165803	0.0242424	0.0491132	0.0427757	0.0419063	0.0469432	0.0498891	0.0351391	0.0167832	0.030581	0.0205066	0.0128913	0.0140351	0.0059642	0.0166052	0.0077973	0.0063694	0.0075901	0.0073126	
Petit Gravelot	0.0	0.0	0.0	0.0	0.0	0.0015	0.0015	0.0021097	0.003413	0.0197445	0.0390545	0.0418462	0.0269695	0.0324074	0.0422018	0.0277411	0.0225479	0.0189727	0.0175864	0.0149451	0.0107775	0.0148731	0.0249281	0.0121766	0.0199501	0.0217581	0.018245	0.030625	0.0332681	0.0445596	0.0354978	0.0572988	0.0513308	0.0468365	0.0502183	0.0221729	0.0161054	0.006993	0.0091743	0.0012063	0.0015	0.0	0.0	0.0	0.0019493	0.0	0.0018975	9.141E-4	
Grand Gravelot ou Petit Gravelot	0.0	0.0	0.0	0.0	0.0	0.0	0.0	0.0	0.0	0.0	0.0	6.154E-4	0.0	0.0	0.0	0.0	0.0	0.0	0.0	0.0	0.0	0.0	0.0	0.0	0.0	0.0	0.0	0.0	0.0	0.0	0.0	0.0	0.0	0.0	0.0010917	0.0	0.0	0.0	0.0	0.0	0.0	0.0	0.0	0.0	0.0	0.0	0.0	0.0	
Vanneau huppé	0.0472837	0.0383598	0.0315375	0.0325885	0.033877	0.027027	0.0520043	0.0263713	0.0159272	0.0232288	0.016444	0.0110769	0.0099361	0.0085979	0.0122324	0.011889	0.0124014	0.0087922	0.0060643	0.0052747	0.0030793	0.0069991	0.0038351	0.0098935	0.0108063	0.0191471	0.0104257	0.011875	0.0244618	0.0414508	0.030303	0.0572988	0.039924	0.0451931	0.0371179	0.0277162	0.033675	0.0223776	0.029052	0.0229192	0.0368324	0.0491228	0.0477137	0.0682657	0.0662768	0.0530786	0.0474383	0.0383912	
Vanneau sociable	0.0	0.0	0.0	0.0	0.0	0.0	0.0010834	0.0021097	0.0	0.0	0.0	0.0	0.0015	0.0	0.0	0.0	0.0	0.0	0.0	0.0	0.0	0.0	0.0	0.0	0.0	0.0	0.0	0.0	0.0	0.0	0.0	0.0	0.0	0.0	0.0	0.0	0.0	0.0	0.0	0.0	0.0	0.0	0.0	0.001845	0.0	0.0	0.0	0.0	
Gravelot à collier interrompu	0.0030181	0.0066138	0.0091984	0.0083799	0.0100376	0.005148	0.0065005	0.0094937	0.003413	0.0081301	0.0184995	0.024	0.0326473	0.0462963	0.0599388	0.0744166	0.0569335	0.0421101	0.0473014	0.0210989	0.0192456	0.0201225	0.0230105	0.0167428	0.0216126	0.0156658	0.0165074	0.0225	0.0283757	0.0227979	0.0277056	0.0429741	0.0228137	0.0238291	0.0283843	0.0277162	0.0175695	0.0055944	0.0061162	0.0144753	0.0110497	0.0070175	0.0039761	0.0092251	0.005848	0.0021231	0.0037951	0.0073126	
Charadriidae sp.	0.001006	0.0013228	0.0	0.0	0.0012547	0.0	0.0	0.0	0.0011377	0.0	0.0	6.154E-4	0.0	0.0	0.0	0.0015	0.0	4.627E-4	0.0	0.0	0.0	0.0	0.0	0.0	0.0	0.0	0.0015	0.0	0.0	0.0	0.0017316	0.0034106	9.506E-4	0.0	0.0015	0.0	0.0	0.0	0.0	0.0024125	0.0015	0.0	0.0	0.0	0.0	0.0	0.0	0.0	
Courlis corlieu	0.0	0.0015	0.0	0.0	0.0012547	0.0	0.0	0.0010549	0.0015	0.0	0.0010277	0.0024615	0.0092264	0.0171958	0.0201835	0.0255394	0.0107103	0.0046275	6.064E-4	0.0017582	0.0015396	0.0015	0.0	0.0022831	0.0016625	0.0034813	0.0078193	0.009375	0.0097847	0.0082902	0.0069264	0.0150068	0.0076046	0.0057518	0.0131004	0.0044346	0.0014641	0.0013986	0.0	0.0	0.0	0.0	0.0	0.0	0.0	0.0	0.0018975	0.0	
Courlis cendré	0.0110664	0.0145503	0.0197109	0.0130354	0.0062735	0.014157	0.0238353	0.0158228	0.0136519	0.0069686	0.0113052	0.0129231	0.0070972	0.0066138	0.0103976	0.0083664	0.0045096	0.0046275	0.0030321	0.0026374	0.0023095	0.0017498	0.0019175	0.0060883	0.0041563	0.0034813	8.688E-4	0.009375	0.0088063	0.011399	0.0112554	0.0218281	0.0085551	0.0073952	0.0131004	0.0177384	0.0043924	0.006993	0.0091743	0.0205066	0.0165746	0.0175439	0.0139165	0.0239852	0.0155945	0.0127389	0.0227704	0.0091408	
Courlis corlieu ou C. cendré	0.0	0.0	0.0	0.0	0.0	0.0	0.0	0.0	0.0	0.0	0.0	0.0	0.0	0.0026455	0.0	0.0	0.0	0.0	0.0	0.0	0.0	0.0	0.0	0.0	0.0	0.0	0.0	0.0	0.0	0.0	0.0	0.0	0.0	0.0	0.0	0.0	0.0	0.0013986	0.0	0.0	0.0	0.0	0.0	0.0	0.0	0.0	0.0	0.0	
Barge rousse	0.001006	0.0	0.0	0.0	0.0	0.0	0.0	0.0	0.0	0.0	0.0	0.0	0.0	0.0	0.0042813	0.0048437	0.0028185	4.627E-4	6.064E-4	0.0	0.0015396	8.749E-4	0.0	0.0	0.0	0.0	0.0015	6.25E-4	0.0	0.0010363	0.0017316	6.821E-4	9.506E-4	0.0015	0.0010917	0.0022173	0.0015	0.0013986	0.0	0.0012063	0.0015	0.0015	0.0	0.0	0.0	0.0	0.0	0.0018282	
Barge à queue noire	0.0020121	0.0	0.0	0.0037244	0.0050188	0.005148	0.0043337	0.0063291	0.0045506	0.0092915	0.0102775	0.0073846	0.0063875	0.0046296	0.0079511	0.006605	0.0039459	9.255E-4	6.064E-4	0.0015	0.0015396	0.0	0.0	7.61E-4	0.0016625	0.0017406	0.0017376	0.00375	0.0058708	0.011399	0.004329	0.0197817	9.506E-4	0.0057518	0.0032751	0.0044346	0.0029283	0.0013986	0.0015291	0.0012063	0.0036832	0.0017544	0.0	0.0	0.0	0.0021231	0.0	9.141E-4	
Bécassine sourde	0.0015	0.0	0.0013141	0.0	0.0015	0.0015	0.0010834	0.0015	0.0045506	0.0015	0.0015	0.0030769	7.097E-4	0.0039683	6.116E-4	8.807E-4	0.0015	0.0015	0.0	0.0	0.0	0.0	0.0	0.0	0.0	0.0	0.0	0.0	0.0	0.0	0.0	0.0	0.0	0.0	0.0	0.0	0.0014641	0.0013986	0.0	0.0024125	0.0018416	0.0	0.0039761	0.00369	0.0	0.0	0.0	9.141E-4	
Bécasse des bois	0.0015	0.0013228	0.0065703	0.0027933	0.0012547	0.001287	0.0043337	0.0031646	0.003413	0.0011614	0.0	0.0024615	7.097E-4	0.0	0.0	4.403E-4	0.0	0.0	0.0012129	4.396E-4	0.0	8.749E-4	0.0	0.0	8.313E-4	0.0	0.0	0.0	0.0	0.0	0.0	0.0	0.0015	0.0	0.0	0.0	0.0	0.0	0.0	0.0	0.0	0.0035088	0.0039761	0.001845	0.0038986	0.0021231	0.0018975	0.0018282	
Bécassine double	0.0	0.0	0.0	0.0	0.0	0.0	0.0	0.0	0.0	0.0	0.0	0.0	0.0015	6.614E-4	0.0	0.0	0.0	0.0	0.0	0.0	0.0	0.0	0.0	0.0	0.0	0.0	0.0	0.0	0.0	0.0	0.0	0.0	0.0	0.0	0.0	0.0	0.0	0.0	0.0	0.0	0.0	0.0	0.0	0.0	0.0	0.0	0.0	0.0	
Bécassine des marais	0.028169	0.0304233	0.0315375	0.0232775	0.0326223	0.039897	0.0368364	0.0327004	0.0409556	0.0325203	0.0380267	0.0424615	0.0298084	0.0271164	0.0214067	0.0127697	0.0062007	0.0023137	0.0012129	4.396E-4	0.0015	0.0	9.588E-4	7.61E-4	8.313E-4	8.703E-4	0.0015	0.004375	0.0097847	0.0124352	0.0225108	0.047749	0.0570342	0.0525883	0.0491266	0.0476718	0.0556369	0.034965	0.0519878	0.0566948	0.0607735	0.0421053	0.0497018	0.0590406	0.0448343	0.0552017	0.0740038	0.0347349	
Gallinago sp.	0.0	0.0	0.0	0.0	0.0	0.0	0.0	0.0	0.0011377	0.0	0.0	0.0	0.0	0.0	0.0	0.0	0.0	0.0	0.0	0.0	0.0	0.0	0.0	0.0	0.0	0.0	0.0	0.0	0.0	0.0	0.0	0.0	0.0	0.0	0.0	0.0	0.0	0.0	0.0	0.0	0.0	0.0	0.0	0.0	0.0	0.0	0.0	0.0	
Phalarope de Wilson	0.0	0.0	0.0	0.0	0.0	0.0	0.0	0.0	0.0	0.0	0.0	0.0	0.0	0.0	0.0	0.0	0.0	0.0	6.064E-4	0.0	0.0	0.0	0.0	0.0	0.0	0.0	0.0	0.0	0.0	0.0	0.0	0.0	0.0	0.0	0.0	0.0	0.0	0.0	0.0	0.0	0.0	0.0	0.0	0.0	0.0	0.0	0.0	0.0	
Phalarope à bec large	0.0	0.0	0.0015	9.311E-4	0.0	0.001287	0.0	0.0	0.0	0.0	0.0	0.0	0.0	0.0	0.0	0.0	0.0	0.0	0.0048514	0.0	0.0	0.0	0.0	0.0	0.0	0.0	0.0	0.0	0.0	0.0	0.0	0.0	0.0	0.0	0.0	0.0022173	0.0029283	0.0	0.0	0.0	0.0	0.0	0.0	0.0073801	0.0019493	0.0	0.0018975	0.0	
Phalarope à bec étroit	0.0	0.0	0.0	0.0	0.0	0.0	0.0	0.0	0.0	0.0	0.0	0.0	0.0	0.0	0.0	0.0	0.0015	0.0	0.0	0.0015	0.0	0.0	0.0	0.0	0.0	0.0	0.0	0.0	0.0	0.0015	8.658E-4	0.0027285	0.0028517	0.0024651	0.0015	0.0015	0.0	0.0	0.0	0.0	0.0	0.0	0.0	0.0	0.0	0.0	0.0	0.0	
Chevalier bargette	0.0	0.0	0.0	0.0	0.0	0.0	0.0	0.0	0.0	0.0	0.0	0.0	0.0	0.0	0.0	0.0015	0.0	0.0	0.0	0.0	0.0	0.0	0.0	0.0	0.0	0.0	0.0	0.0	0.0	0.0	0.0	0.0	0.0	0.0	0.0010917	0.0	0.0	0.0	0.0	0.0	0.0	0.0	0.0	0.0	0.0	0.0	0.0	0.0	
Chevalier guignette	0.0774648	0.0806878	0.0814717	0.0418994	0.0489335	0.0617761	0.0552546	0.0337553	0.0386803	0.0383275	0.028777	0.0350769	0.033357	0.0436508	0.0672783	0.0981946	0.0817362	0.0610828	0.03396	0.007033	0.0015396	0.0017498	0.0057526	0.0038052	0.0182876	0.0330722	0.0582103	0.075	0.0870841	0.1253886	0.1082251	0.1412005	0.1254753	0.1035333	0.1080786	0.1053215	0.0995608	0.0503497	0.0932722	0.0892642	0.0883978	0.0754386	0.0894632	0.0922509	0.0779727	0.1019108	0.0986717	0.0603291	
Chevalier grivelé	0.0	0.0	0.0	0.0	0.0	0.0	0.0	0.0	0.0	0.0	0.0	0.0	0.0	0.0	0.0	0.0	0.0	9.255E-4	0.0	0.0	0.0	0.0	0.0	0.0	0.0	0.0	0.0	0.0	0.0	0.0	0.0	0.0	0.0	0.0	0.0	0.0	0.0	0.0	0.0	0.0	0.0	0.0	0.0	0.0	0.0	0.0	0.0	0.0	
Chevalier culblanc	0.0402414	0.0542328	0.0551905	0.0363128	0.0526976	0.0527671	0.063922	0.0474684	0.0432309	0.0638792	0.0739979	0.0775385	0.0723918	0.0621693	0.0477064	0.0193747	0.005637	0.003702	0.0024257	8.791E-4	0.0015396	0.0069991	0.0162991	0.0327245	0.0299252	0.0252393	0.018245	0.035625	0.0499022	0.065285	0.0519481	0.0839018	0.0750951	0.0690222	0.0687773	0.0443459	0.0585652	0.0363636	0.0642202	0.0554885	0.0662983	0.054386	0.0755467	0.0774908	0.0760234	0.0700637	0.0702087	0.0347349	
Chevalier de Sibérie	0.0	0.0	0.0	0.0	0.0	0.010296	0.0140845	0.007384	0.0	0.0	0.0	0.0	0.0	0.0	0.0	0.0	0.0	0.0	0.0	0.0	0.0	0.0	0.0	0.0	0.0	0.0	0.0	0.0	0.0	0.0	0.0	0.0	0.0	0.0	0.0	0.0	0.0	0.0	0.0	0.0	0.0	0.0	0.0	0.0	0.0	0.0	0.0	0.0	
Chevalier stagnatile	0.0	0.0	0.0	0.0	0.0	0.0	0.0	0.0	0.0	0.0	0.0	0.0	0.0015	6.614E-4	0.0036697	8.807E-4	0.0015	0.0	6.064E-4	0.0	0.0	0.0	0.0	0.0	0.0015	0.0	0.0	6.25E-4	9.785E-4	0.0	8.658E-4	0.0027285	9.506E-4	0.0015	0.0021834	0.0	0.0	0.0	0.0	0.0	0.0	0.0	0.0	0.0	0.0	0.0	0.0	0.0	
Chevalier sylvain	0.001006	0.0013228	0.0015	0.0027933	0.0012547	0.0015	0.0010834	0.0031646	0.0011377	0.0011614	0.004111	0.0067692	0.020582	0.0410053	0.0831804	0.0744166	0.0445321	0.0115687	0.004245	8.791E-4	7.698E-4	0.0026247	9.588E-4	0.0038052	0.0149626	0.0208877	0.0112945	0.0175	0.0303327	0.0414508	0.034632	0.0641201	0.0627376	0.042728	0.040393	0.0210643	0.0161054	0.0041958	0.0045872	0.0	0.0015	0.0	0.0019881	0.001845	0.0	0.0	0.0	0.0015	
Chevalier gambette	0.0090543	0.0066138	0.0052562	0.0111732	0.0087829	0.003861	0.0097508	0.0063291	0.0125142	0.0139373	0.0195272	0.0233846	0.0290987	0.0383598	0.053211	0.0576838	0.0462232	0.0351689	0.0485143	0.0092308	0.0046189	0.0087489	0.0019175	0.0053272	0.0058188	0.0087032	0.0052129	0.01125	0.0146771	0.0134715	0.017316	0.0279673	0.0190114	0.0180772	0.0120087	0.0088692	0.011713	0.0041958	0.0015291	0.0144753	0.0165746	0.0070175	0.0039761	0.0110701	0.0194932	0.0169851	0.0075901	0.0100548	
Chevalier à pattes jaunes	0.0	0.0	0.0	0.0	0.0	0.0	0.0	0.0	0.0	0.0	0.0	0.0	0.0	0.0	0.0	0.0	0.0015	4.627E-4	0.0018193	0.0	0.0	0.0	0.0	0.0	0.0	0.0	0.0	0.0	0.0	0.0	0.0	0.0	0.0	0.0	0.0	0.0	0.0	0.0	0.0	0.0	0.0	0.0	0.0	0.0	0.0	0.0	0.0	0.0	
Chevalier arlequin	0.001006	0.005291	0.0	0.0027933	0.0050188	0.0	0.0032503	0.0021097	0.0	0.0011614	0.004111	0.0043077	0.0070972	0.0112434	0.0220183	0.015852	0.0039459	0.0027765	0.0018193	0.0	0.0	0.0015	0.0019175	0.0	0.0016625	0.0	0.0	0.001875	0.0039139	0.0020725	0.0017316	0.0109141	0.0123574	0.0098603	0.0087336	0.0022173	0.0102489	0.0055944	0.0015	0.0024125	0.0018416	0.0017544	0.0	0.00369	0.0038986	0.0	0.0	0.0018282	
Chevalier gambette ou C. arlequin	0.0	0.0	0.0	0.0	0.0	0.0	0.0	0.0	0.0	0.0	0.0	0.0	0.0	0.0	0.0	0.0	0.0	0.0	0.0	0.0	0.0	0.0	0.0	0.0	0.0	0.0	0.0	0.0	0.0	0.0010363	0.0	0.0	0.0	0.0	0.0	0.0	0.0	0.0	0.0	0.0	0.0	0.0	0.0	0.0	0.0	0.0	0.0	0.0	
Chevalier aboyeur	0.0070423	0.010582	0.0026281	0.0102421	0.0037641	0.005148	0.0097508	0.0105485	0.0056883	0.0023229	0.0061665	0.008	0.0156139	0.0376984	0.0788991	0.0744166	0.0360767	0.0194354	0.0145543	0.0017582	0.0	0.0043745	0.0015	0.0015221	0.0049875	0.0113142	0.0086881	0.01125	0.0078278	0.0186528	0.0181818	0.0559345	0.0522814	0.0451931	0.0469432	0.0243902	0.0263543	0.0083916	0.0198777	0.0180941	0.014733	0.0070175	0.0079523	0.0166052	0.0097466	0.0042463	0.0037951	0.0018282	
Tringa sp.	0.0	0.0	0.0	0.0	0.0	0.0	0.0	0.0	0.0	0.0	0.0	0.0	0.0	0.0	0.0	4.403E-4	0.0	0.0	0.0	0.0	0.0	0.0	0.0	0.0	0.0	0.0	0.0	0.0	0.0	0.0	0.0	0.0	0.0	0.0	0.0	0.0	0.0	0.0	0.0	0.0	0.0	0.0	0.0	0.0	0.0	0.0	0.0	0.0	
Tournepierre à collier	0.0050302	0.0185185	0.0170828	0.0139665	0.0138018	0.003861	0.0130011	0.0126582	0.0079636	0.0046458	0.0030832	0.0067692	0.0028389	0.0059524	0.0055046	0.009247	0.0073281	0.0023137	0.0054579	0.0015	0.0015	8.749E-4	0.0019175	0.0	0.0	0.0	0.0017376	0.0025	0.0058708	0.0010363	0.0060606	0.0109141	0.0085551	0.0057518	0.0054585	0.0022173	0.0014641	0.0041958	0.0045872	0.0060314	0.0036832	0.0052632	0.0079523	0.0055351	0.0077973	0.014862	0.0113852	0.011883	
Bécasseau maubèche	0.001006	0.0	0.0	0.0	0.0	0.0	0.0	0.0015	0.0	0.0	0.0	6.154E-4	0.0	0.0	0.0012232	4.403E-4	0.0022548	0.0013882	0.0024257	0.0	7.698E-4	0.0	0.0	0.0	0.0	0.0	0.0	0.00125	9.785E-4	0.0015	8.658E-4	0.0040928	0.0038023	0.0015	0.0021834	0.0011086	0.0014641	0.0013986	0.0	0.0012063	0.0018416	0.0	0.0	0.0	0.0	0.0	0.0	9.141E-4	
Combattant varié	0.001006	0.0026455	0.0015	0.0037244	0.0025094	0.006435	0.0032503	0.0021097	0.0045506	0.0034843	0.0102775	0.0141538	0.0099361	0.015873	0.0293578	0.0198151	0.0140924	0.0041647	0.0012129	0.0015	0.0	8.749E-4	0.0	7.61E-4	0.0024938	0.002611	0.004344	0.006875	0.0117417	0.0072539	0.0077922	0.026603	0.0256654	0.0287592	0.0283843	0.0088692	0.0219619	0.0097902	0.0076453	0.0048251	0.0036832	0.0035088	0.0059642	0.00369	0.0	0.0015	0.0018975	0.0027422	
Bécasseau falcinelle	0.0	0.0	0.0	0.0	0.0	0.0	0.0	0.0	0.0	0.0	0.0	0.0	0.0	0.0	0.0	0.0	0.0011274	0.0	0.0	0.0	0.0	0.0	0.0	0.0	0.0	0.0	0.0	0.0	0.0	0.0	0.0	6.821E-4	0.0015	0.0	0.0	0.0	0.0	0.0	0.0	0.0	0.0	0.0	0.0	0.0	0.0	0.0	0.0	0.0	
Bécasseau cocorli	0.0	0.0	0.0	0.0	0.0	0.0	0.0	0.0	0.0011377	0.0	0.0	0.0	7.097E-4	0.0026455	0.0036697	0.011889	0.0129651	0.0041647	0.0030321	0.0015	0.0015396	0.0	0.0	0.0	0.0	8.703E-4	0.0017376	0.008125	0.0078278	0.0041451	0.008658	0.0190996	0.0123574	0.0180772	0.0174672	0.0066519	0.0073206	0.0027972	0.0030581	0.0012063	0.0	0.0	0.0	0.0	0.0	0.0	0.0	0.0	
Bécasseau de Temminck	0.0	0.0	0.0	0.0015	0.0	0.0	0.0010834	0.0	0.0	0.0	0.0010277	6.154E-4	0.0015	0.0013228	0.004893	0.0048437	0.005637	0.003702	0.0018193	0.0	0.0	0.0	0.0	0.0	0.0	0.0	0.0015	6.25E-4	0.0029354	0.0020725	0.004329	0.0068213	0.0161597	0.0123254	0.0054585	0.0055432	0.0043924	0.0055944	0.0015291	0.0	0.0015	0.0	0.0	0.0015	0.0019493	0.0	0.0	0.0	
Bécasseau rousset	0.0	0.0	0.0	0.0	0.0	0.0	0.0	0.0	0.0	0.0	0.0	0.0	0.0	0.0	0.0	0.0	0.0	4.627E-4	0.0	0.0	0.0	0.0	0.0	0.0	0.0	0.0	0.0	0.0	0.0	0.0	8.658E-4	0.0013643	0.0	0.0	0.0015	0.0022173	0.0015	0.0	0.0	0.0	0.0	0.0	0.0	0.0	0.0	0.0	0.0	0.0	
Bécasseau sanderling	0.001006	0.005291	0.0065703	0.0083799	0.0075282	0.0015	0.0054171	0.0015	0.0045506	0.0023229	0.0010277	0.0018462	0.0	0.005291	0.0073394	0.0136504	0.005637	0.0060157	0.0048514	0.0013187	0.0	0.0015	0.0	7.61E-4	0.0	0.0	0.0	0.0	0.0029354	0.0031088	0.0034632	0.0034106	0.0028517	0.0016434	0.0021834	0.0011086	0.0014641	0.0041958	0.0045872	0.0048251	0.0055249	0.0017544	0.0039761	0.0055351	0.0019493	0.0021231	0.0018975	0.0027422	
Bécasseau variable	0.0171026	0.021164	0.0236531	0.018622	0.0150565	0.014157	0.0184182	0.0147679	0.0125142	0.0069686	0.0174717	0.0135385	0.0134847	0.0138889	0.0250765	0.0365478	0.0259301	0.012957	0.0139478	4.396E-4	7.698E-4	8.749E-4	0.0	0.0015221	0.0015	0.0	0.0017376	0.005625	0.0117417	0.0124352	0.0207792	0.0347885	0.0218631	0.0221857	0.029476	0.0310421	0.0248902	0.0181818	0.0214067	0.0289505	0.0423573	0.0263158	0.0178926	0.0350554	0.037037	0.0339703	0.0379507	0.0219378	
Bécasseau violet	0.0	0.0026455	0.0015	0.0018622	0.0	0.0	0.0	0.0	0.0	0.0	0.0	0.0	0.0	0.0	0.0	0.0	0.0	0.0	0.0	0.0	0.0	0.0	0.0	0.0	0.0	0.0	0.0	0.0	0.0	0.0	0.0	0.0	0.0	0.0	0.0	0.0	0.0	0.0	0.0	0.0	0.0	0.0	0.0	0.0	0.0	0.0	0.0	0.0	
Bécasseau minute	0.0110664	0.0079365	0.0052562	0.0055866	0.0025094	0.003861	0.0043337	0.0094937	0.0011377	0.0011614	0.0061665	0.0086154	0.0063875	0.0059524	0.012844	0.0193747	0.0135287	0.0069412	0.0036386	0.0013187	0.0	8.749E-4	0.0	0.0015221	8.313E-4	0.0	0.0015	0.005625	0.0107632	0.0072539	0.0181818	0.026603	0.0190114	0.0156122	0.0196507	0.0199557	0.0131772	0.0097902	0.0122324	0.0156815	0.0128913	0.0052632	0.0059642	0.0110701	0.0097466	0.0063694	0.0037951	0.0091408	
Bécasseau de Bonaparte	0.0	0.0	0.0	0.0	0.0	0.0	0.0	0.0	0.0	0.0	0.0	0.0	0.0	0.0	0.0	0.0	0.0	0.0	0.0	0.0015	0.0	0.0	0.0	0.0	0.0	0.0	0.0	0.0	0.0	0.0	0.0	0.0	0.0	0.0	0.0	0.0	0.0	0.0	0.0	0.0	0.0	0.0	0.0	0.0	0.0	0.0	0.0	0.0	
Bécasseau tacheté	0.0	0.0	0.0	0.0	0.0	0.0	0.0	0.0	0.0015	0.0	0.0	0.0	0.0	0.0	0.0	0.0015	0.0	0.0013882	0.0012129	0.0	0.0	0.0	0.0	0.0	0.0	0.0	0.0	0.0	0.0	0.0	0.0015	0.0	9.506E-4	8.217E-4	0.0	0.0015	0.0014641	0.0013986	0.0015	0.0	0.0	0.0	0.0	0.0	0.0	0.0	0.0	0.0	
Calidris sp. (petit bécasseau sp.)	0.001006	0.0039683	0.0	0.0027933	0.0012547	0.001287	0.0032503	0.0010549	0.0015	0.0011614	0.0010277	0.0	0.0014194	0.0013228	0.0018349	8.807E-4	0.0	4.627E-4	0.0	0.0	0.0	0.0	0.0	0.0	0.0	0.0	0.0	6.25E-4	0.0019569	0.0	0.0	6.821E-4	9.506E-4	0.0	0.0010917	0.0011086	0.0	0.0013986	0.0015291	0.0024125	0.0015	0.0	0.0019881	0.0	0.0019493	0.0042463	0.0	0.0027422	
grand limicole sp.	0.0	0.0	0.0013141	0.0	0.0	0.0	0.0	0.0	0.0	0.0	0.0	0.0	0.0	0.0	0.0012232	8.807E-4	0.0	0.0	6.064E-4	0.0	0.0	0.0	0.0	0.0	0.0	8.703E-4	0.0	0.0	0.0	0.0	0.0015	0.0	0.0015	0.0	0.0	0.0	0.0	0.0	0.0	0.0	0.0	0.0	0.0	0.0	0.0019493	0.0021231	0.0	9.141E-4	
Glaréole à collier	0.0	0.0	0.0	0.0	0.0	0.0	0.0	0.0	0.0011377	0.0	0.0	0.0015	0.0028389	0.0072751	0.017737	0.0140907	0.011274	0.014808	0.0163736	0.003956	0.0023095	0.0017498	9.588E-4	0.0022831	0.0049875	0.0043516	0.0069505	0.00375	0.0039139	0.0051813	0.0	0.0027285	0.0019011	0.0032868	0.0010917	0.0011086	0.0	0.0	0.0	0.0	0.0	0.0	0.0	0.0	0.0	0.0	0.0	0.0	
Glaréole à ailes noires	0.0	0.0	0.0	0.0	0.0	0.0	0.0	0.0	0.0	0.0	0.0	0.0	0.0	0.0	0.0	0.0	0.0	0.0	0.0	0.0	0.0	0.0	0.0	0.0	0.0015	0.0	0.0	0.0015	0.0	0.0	0.0	0.0	0.0	0.0	0.0	0.0	0.0	0.0	0.0	0.0	0.0	0.0	0.0	0.0	0.0	0.0	0.0	0.0	
limicole sp.	0.0020121	0.005291	0.0	9.311E-4	0.0	0.0	0.0010834	0.0	0.0011377	0.0015	0.0010277	0.0	0.0	0.0013228	0.0018349	0.001321	0.0	0.0	6.064E-4	4.396E-4	0.0	0.0	0.0	0.0	0.0	8.703E-4	8.688E-4	6.25E-4	0.0	0.0	0.0025974	0.0	0.0028517	0.0	0.0	0.0	0.0014641	0.0	0.0	0.0012063	0.0015	0.0017544	0.0	0.0	0.0019493	0.0042463	0.0	0.0045704	
Labbe à longue queue	0.0	0.0	0.0	0.0	0.0	0.0	0.0	0.0	0.0	0.0	0.0	0.0	0.0	0.0	0.0030581	0.0	0.0	0.0	0.0	0.0	0.0	0.0	0.0	0.0	0.0	0.0	0.0	0.0	0.0	0.0	0.0	0.0	0.0	0.0	0.0	0.0	0.0	0.0	0.0	0.0	0.0	0.0	0.0	0.0	0.0	0.0	0.0	0.0	
Labbe parasite	0.0	0.0015	0.0013141	0.0015	0.0015	0.0	0.0010834	0.0	0.0011377	0.0069686	0.0030832	0.0015	0.0042583	0.0099206	0.0079511	0.005284	0.0090192	0.0032392	0.0048514	4.396E-4	0.0015396	8.749E-4	0.0	0.0	8.313E-4	0.0	0.0	0.0	0.0	0.0	0.0	6.821E-4	9.506E-4	0.0	0.0010917	0.0	0.0	0.0	0.0	0.0012063	0.0	0.0	0.0	0.0	0.0	0.0	0.0	0.0	
Labbe pomarin	0.0	0.0	0.0	0.0	0.0	0.0	0.0	0.0	0.0	0.0	0.0	0.0	0.0	0.0013228	6.116E-4	0.001321	0.0050733	0.0032392	6.064E-4	4.396E-4	7.698E-4	8.749E-4	0.0	0.0	0.0	0.0	0.0	0.0	0.0	0.0	0.0	0.0	0.0	0.0	0.0	0.0	0.0	0.0	0.0	0.0	0.0	0.0	0.0	0.0	0.0	0.0	0.0	9.141E-4	
Grand Labbe	0.0020121	0.0	0.0013141	0.0	0.0	0.0	0.0	0.0	0.0011377	0.0	0.0010277	6.154E-4	0.0	0.0026455	6.116E-4	4.403E-4	0.0015	4.627E-4	6.064E-4	0.0015	0.0	0.0	0.0	0.0	0.0	0.0	0.0	0.0	0.0	0.0	0.0015	0.0	0.0	0.0	0.0	0.0	0.0	0.0	0.0	0.0024125	0.0	0.0	0.0	0.0	0.0	0.0	0.0	0.0	
Labbe pomarin, L. parasite ou L. à longue queue	0.0	0.0	0.0	0.0	0.0	0.001287	0.0	0.0	0.0	0.0	0.0	0.0	0.0	6.614E-4	6.116E-4	8.807E-4	0.0022548	0.0	0.0	0.0	7.698E-4	0.0	0.0	0.0	0.0	0.0	0.0	0.0	0.0	0.0	0.0	0.0	0.0	0.0	0.0	0.0	0.0014641	0.0	0.0	0.0	0.0	0.0	0.0	0.0	0.0	0.0	0.0	9.141E-4	
labbe sp.	0.0	0.0	0.0	0.0	0.0	0.0	0.0	0.0	0.0	0.0	0.0	0.0015	0.0	0.0	0.0015	4.403E-4	0.0	0.0	0.0	0.0015	0.0	0.0	0.0	0.0	0.0	0.0	0.0	0.0	0.0	0.0	0.0	0.0	0.0	0.0015	0.0015	0.0015	0.0	0.0	0.0	0.0	0.0	0.0	0.0	0.0	0.0	0.0	0.0	0.0	
Macareux moine	0.0	0.0	0.0013141	0.0	0.0	0.0015	0.0010834	0.0	0.0	0.0011614	0.0015	0.0	0.0	6.614E-4	0.0	0.0015	0.0022548	0.0	6.064E-4	0.0017582	0.0015396	0.0017498	0.0	0.0	0.0	0.0	0.0	0.0	0.0015	0.0	8.658E-4	0.0	0.0	0.0	0.0	0.0	0.0	0.0	0.0	0.0	0.0	0.0	0.0	0.0	0.0	0.0	0.0	0.0	
Pingouin torda	0.0070423	0.0039683	0.0078844	0.0018622	0.0100376	0.001287	0.0021668	0.0021097	0.0022753	0.0034843	0.0015	6.154E-4	0.0014194	0.0013228	0.0015	4.403E-4	5.637E-4	4.627E-4	6.064E-4	0.0	0.0	8.749E-4	0.0	0.0	0.0	0.0	0.0	6.25E-4	0.0	0.0	0.0	0.0	0.0	0.0	0.0	0.0	0.0	0.0	0.0	0.0012063	0.0036832	0.0	0.0039761	0.00369	0.0116959	0.0042463	0.0132827	0.0127971	
alcidé sp.	0.0	0.0	0.0013141	0.0	0.0012547	0.0	0.0	0.0	0.0	0.0011614	0.0	0.0	0.0	0.0015	0.0	0.0	0.0	0.0	0.0	0.0	0.0	0.0	0.0	0.0	0.0	0.0	0.0	0.0	0.0	0.0	0.0	0.0	0.0	0.0	0.0	0.0	0.0	0.0	0.0	0.0	0.0	0.0	0.0019881	0.0	0.0	0.0	0.0	0.0	
Mouette pygmée	0.001006	0.0013228	0.0013141	9.311E-4	0.0050188	0.007722	0.0043337	0.0042194	0.0022753	0.0081301	0.0030832	0.0036923	0.0035486	0.0132275	0.012844	0.0070454	0.0084555	0.007404	0.00849	0.0026374	0.0030793	0.0015	9.588E-4	0.0015	8.313E-4	0.0	0.0017376	0.00125	0.0019569	0.0015	0.0034632	0.0020464	0.0	8.217E-4	0.0015	0.0015	0.0	0.0	0.0	0.0	0.0	0.0015	0.0019881	0.0239852	0.0019493	0.0084926	0.0018975	0.0018282	
Mouette tridactyle	0.0020121	0.0013228	0.0013141	9.311E-4	0.0012547	0.001287	0.0021668	0.0010549	0.0011377	0.0058072	0.0015	6.154E-4	0.0021292	0.0026455	0.0042813	0.0017613	0.0028185	4.627E-4	0.0012129	0.0	0.0	0.0	0.0015	0.0	0.0	0.0	0.0	0.0	0.0	0.0	0.0	0.0	0.0	0.0	0.0	0.0	0.0	0.0	0.0015291	0.0	0.0018416	0.0	0.0039761	0.0202952	0.005848	0.0084926	0.0018975	0.0045704	
Mouette de Sabine	0.0	0.0	0.0	0.0	0.0	0.0	0.0	0.0	0.0	0.0	0.0	0.0	0.0	0.0	0.0	0.0	0.0	0.0	6.064E-4	0.0	0.0	0.0	0.0	0.0	0.0	0.0	0.0	0.0	0.0	0.0	0.0	0.0	0.0	0.0	0.0	0.0	0.0	0.0	0.0	0.0012063	0.0	0.0	0.0	0.0	0.0	0.0	0.0	0.0	
Goéland railleur	0.0130785	0.0198413	0.0236531	0.0260708	0.0188206	0.016731	0.0260022	0.0327004	0.0193402	0.0209059	0.0339157	0.04	0.033357	0.0416667	0.0568807	0.0585645	0.0434047	0.0333179	0.0333535	0.0202198	0.0338722	0.0262467	0.0306807	0.0258752	0.0141313	0.0060923	0.0095569	0.0125	0.0117417	0.0165803	0.0199134	0.0143247	0.0123574	0.0147905	0.010917	0.0077605	0.0102489	0.0041958	0.0030581	0.0156815	0.0184162	0.0105263	0.0039761	0.0202952	0.0155945	0.0084926	0.028463	0.0063985	
Mouette rieuse	0.2173038	0.2222222	0.2036794	0.1778399	0.2070263	0.1853282	0.2080173	0.1729958	0.1797497	0.1811847	0.1664954	0.1495385	0.1355571	0.1349206	0.1633028	0.1690885	0.1488162	0.1337344	0.1170406	0.0756044	0.0808314	0.1023622	0.0738255	0.0791476	0.0914381	0.0905135	0.091225	0.0975	0.1232877	0.1160622	0.1290043	0.1950887	0.1606464	0.1635168	0.1735808	0.1784922	0.1874085	0.1398601	0.1651376	0.2147165	0.2044199	0.1877193	0.2107356	0.2250923	0.245614	0.2569002	0.2656546	0.1892139	
Mouette de Franklin	0.0	0.0	0.0015	0.0	0.0	0.0	0.0	0.0	0.0	0.0	0.0	0.0	0.0	0.0	0.0	0.0	0.0	0.0	0.0	0.0	0.0	0.0	0.0	0.0	0.0	0.0	0.0	0.0	0.0	0.0	0.0	0.0	0.0	0.0	0.0	0.0	0.0	0.0	0.0	0.0	0.0	0.0	0.0	0.0	0.0	0.0	0.0	0.0	
Goéland d'Audouin	0.0	0.0	0.0	0.0015	0.0	0.0	0.0	0.0	0.0	0.0	0.0	0.0	0.0015	0.0015	0.0036697	0.002642	0.0045096	0.005553	0.0036386	0.0017582	7.698E-4	0.0026247	0.0028763	7.61E-4	0.0	0.0	0.0	6.25E-4	0.0	0.0	0.0015	0.0	0.0	8.217E-4	0.0	0.0	0.0	0.0	0.0015291	0.0	0.0	0.0	0.0	0.0015	0.0	0.0	0.0	0.0	
Mouette mélanocéphale	0.0040241	0.026455	0.021025	0.0102421	0.0150565	0.028314	0.0249187	0.0327004	0.0250284	0.0569106	0.0554985	0.0510769	0.0638751	0.0628307	0.0782875	0.0924703	0.1020293	0.080981	0.0582171	0.0404396	0.034642	0.0341207	0.0287632	0.0334855	0.0307564	0.0322019	0.0304083	0.03	0.0332681	0.0466321	0.0181818	0.0457026	0.0275665	0.0254725	0.0371179	0.0133038	0.0161054	0.0181818	0.0275229	0.026538	0.014733	0.0175439	0.0178926	0.00369	0.0116959	0.0084926	0.0208729	0.0146252	
Goéland cendré	0.0020121	0.005291	0.0052562	0.0027933	0.0050188	0.001287	0.0021668	0.0015	0.0015	0.0	0.0020555	0.0015	7.097E-4	0.0	6.116E-4	0.001321	0.0	0.0013882	0.0	0.0	0.0	8.749E-4	0.0	0.0	0.0	8.703E-4	0.0	0.0	0.0	0.0	0.0	0.0	0.0	0.0	0.0	0.0	0.0	0.0	0.0	0.0	0.0	0.0	0.0	0.00369	0.0019493	0.0	0.0037951	0.0027422	
Goéland pontique	0.0	0.0026455	0.0013141	9.311E-4	0.0012547	0.002574	0.0021668	0.0010549	0.0	0.0	0.0	0.0015	0.0	0.0	0.0	0.0	0.0	0.0	0.0	0.0	0.0	0.0	0.0	0.0	0.0	0.0	0.0	0.0	0.0	0.0	0.0	0.0	0.0	0.0	0.0	0.0	0.0	0.0	0.0	0.0	0.0	0.0	0.0	0.0	0.0	0.0021231	0.0015	0.0	
Goéland argenté	0.0	0.0	0.0015	9.311E-4	0.0015	0.001287	0.0010834	0.0	0.0	0.0	0.0	0.0	0.0	0.0	0.0	0.0	0.0	0.0	0.0	0.0	0.0	0.0	0.0	0.0	0.0	0.0	0.0	0.0	0.0	0.0	0.0	0.0	0.0	0.0	0.0	0.0	0.0	0.0	0.0	0.0	0.0	0.0	0.0	0.001845	0.0	0.0	0.0	0.0	
Goéland leucophée	0.3521127	0.3664021	0.3679369	0.3230912	0.3676286	0.3474903	0.3607801	0.3438819	0.367463	0.3972125	0.3422405	0.3735385	0.3158268	0.3472222	0.3626911	0.343461	0.3399098	0.2864415	0.2716798	0.2096703	0.2578907	0.2572178	0.2281879	0.2404871	0.1837074	0.1801567	0.1589922	0.14875	0.1692759	0.1865285	0.1800866	0.2489768	0.2243346	0.232539	0.2368996	0.2261641	0.2635432	0.2433566	0.2568807	0.3196622	0.3922652	0.3526316	0.3638171	0.3763838	0.3489279	0.4373673	0.4497154	0.321755	
Goéland marin	0.0	0.0015	0.0	0.0	0.0	0.0	0.0	0.0	0.0	0.0	0.0	0.0	0.0	0.0	0.0	0.0	0.0	0.0	0.0	0.0	0.0	0.0	0.0	0.0	0.0	0.0	0.0	0.0	0.0	0.0	0.0	0.0	0.0	0.0	0.0	0.0	0.0	0.0	0.0	0.0	0.0	0.0	0.0	0.0	0.0	0.0	0.0	0.0	
Goéland brun	0.0090543	0.0079365	0.0078844	0.0111732	0.0125471	0.006435	0.0162514	0.007384	0.0102389	0.0092915	0.012333	0.0123077	0.0056778	0.0079365	0.0042813	0.0061647	0.0011274	0.0041647	0.0036386	0.0026374	0.0030793	0.0017498	9.588E-4	0.0015	8.313E-4	0.0015	0.0017376	0.0	0.0	0.0031088	0.0017316	0.0047749	0.0038023	0.0024651	0.0065502	0.0088692	0.0087848	0.006993	0.0015291	0.0024125	0.0092081	0.0122807	0.0178926	0.0166052	0.0175439	0.0254777	0.0151803	0.0100548	
Goéland leucophée ou G. brun	0.0	0.0	0.0	0.0	0.0	0.0	0.0	0.0	0.0	0.0	0.0	0.0	0.0	0.0	0.0	0.0	0.0	0.0	0.0	0.0	0.0	0.0	0.0	0.0	0.0	0.0	0.0	0.0	0.0	0.0	0.0	0.0	0.0	0.0	0.0	0.0	0.0	0.0	0.0	0.0	0.0	0.0	0.0	0.0	0.0	0.0	0.0	9.141E-4	
goéland sp. (Larus sp.)	0.001006	0.0013228	0.0013141	0.0018622	0.0012547	0.0	0.0032503	0.0031646	0.0015	0.0011614	0.0015	0.0024615	0.0028389	0.0019841	0.0012232	8.807E-4	5.637E-4	0.0013882	6.064E-4	8.791E-4	0.0	0.0017498	0.0015	7.61E-4	0.0	0.0017406	0.0	0.001875	0.0	0.0010363	0.0025974	6.821E-4	0.0	8.217E-4	0.0015	0.0044346	0.0	0.0013986	0.0015291	0.0012063	0.0018416	0.0	0.0	0.0015	0.0	0.0	0.0	0.0063985	
goéland ou mouette sp.	0.0015	0.0013228	0.0052562	0.0027933	0.0015	0.0	0.0032503	0.0042194	0.0091013	0.0092915	0.0020555	0.0024615	0.0021292	0.0013228	0.0024465	0.002642	0.0011274	4.627E-4	0.0015	0.0021978	7.698E-4	0.0017498	0.0038351	0.0015221	0.0	8.703E-4	0.0017376	6.25E-4	9.785E-4	0.0010363	0.0025974	0.0034106	0.0057034	8.217E-4	0.0010917	0.0033259	0.0058565	0.0013986	0.0061162	0.0036188	0.0036832	0.0	0.0	0.001845	0.0	0.0021231	0.0037951	0.0045704	
Sterne naine	0.0	0.0	0.0	0.0	0.0	0.0	0.0	0.0	0.0	0.0	0.0	0.0	7.097E-4	0.0019841	0.0146789	0.0634082	0.1048478	0.0944007	0.1000606	0.0545055	0.0631255	0.0664917	0.0450623	0.0487062	0.0465503	0.0461271	0.03649	0.04125	0.0528376	0.0455959	0.0233766	0.0375171	0.0228137	0.0065735	0.0015	0.0022173	0.0	0.0	0.0	0.0	0.0	0.0	0.0	0.0	0.0	0.0	0.0	0.0	
Sterne hansel	0.0	0.0	0.0	0.0	0.0	0.0	0.0	0.0	0.0015	0.0	0.0010277	0.0024615	0.007807	0.0165344	0.0324159	0.0457948	0.0535513	0.0527534	0.0497271	0.0373626	0.0354119	0.032371	0.0162991	0.0273973	0.0257689	0.0174064	0.0173762	0.02125	0.0264188	0.026943	0.0121212	0.0115962	0.0028517	0.0049302	0.0021834	0.0015	0.0	0.0013986	0.0	0.0	0.0	0.0	0.0	0.0	0.0	0.0	0.0	0.0	
Sterne caspienne	0.0	0.0	0.0	0.0	0.0	0.0	0.0	0.0021097	0.0	0.0023229	0.0020555	0.0190769	0.0149042	0.0257937	0.0391437	0.0365478	0.024239	0.0152707	0.0109157	0.0043956	0.0076982	0.0017498	0.0019175	0.0045662	0.003325	0.0043516	0.0026064	0.005625	0.0058708	0.0134715	0.0069264	0.0327422	0.0294677	0.0443714	0.0240175	0.0266075	0.0234261	0.0097902	0.0030581	0.0	0.0	0.0	0.0	0.0	0.0	0.0	0.0	0.0	
Guifette moustac	0.0060362	0.010582	0.0078844	0.0204842	0.0238394	0.009009	0.0151679	0.007384	0.0056883	0.010453	0.0071942	0.0172308	0.0156139	0.0244709	0.0489297	0.0413915	0.0372041	0.0300787	0.021225	0.0092308	0.0069284	0.0034996	0.0047939	0.0045662	0.0141313	0.0104439	0.0130321	0.010625	0.0166341	0.0248705	0.0190476	0.0327422	0.0209125	0.0180772	0.0098253	0.0110865	0.0131772	0.0041958	0.0061162	0.0144753	0.0073665	0.0105263	0.0079523	0.0110701	0.0155945	0.0276008	0.0075901	0.0082267	
Guifette noire	0.0	0.0	0.0	0.0	0.0	0.0	0.0	0.0	0.0	0.0	0.0	0.0	7.097E-4	0.0019841	0.0097859	0.0101277	0.0073281	0.0069412	0.0078836	0.0026374	0.0030793	8.749E-4	0.0	0.0015	0.003325	0.0015	0.0026064	6.25E-4	0.0048924	0.0031088	0.0060606	0.0184175	0.0104563	0.0115037	0.0054585	0.0011086	0.0	0.0015	0.0	0.0	0.0	0.0	0.0	0.001845	0.0	0.0	0.0	0.0	
Guifette leucoptère	0.0	0.0	0.0	0.0	0.0	0.0	0.0	0.0	0.0	0.0	0.0	0.0	0.0	0.0	0.0030581	0.001321	0.0022548	9.255E-4	0.0030321	4.396E-4	0.0	0.0	0.0	7.61E-4	0.0	0.0	0.0	0.0	0.0015	0.0020725	8.658E-4	0.0047749	0.0015	0.0015	0.0010917	0.0015	0.0	0.0	0.0	0.0	0.0	0.0	0.0	0.0	0.0	0.0	0.0	0.0	
guifette sp.	0.0	0.0	0.0	0.0	0.0	0.0	0.0	0.0	0.0	0.0	0.0	0.0	0.0	0.0	0.0	0.0	0.0	0.0	0.0	0.0	0.0	0.0	0.0	0.0	0.0	0.0	0.0	0.0	0.0	0.0	8.658E-4	0.0	0.0	0.0	0.0	0.0011086	0.0	0.0	0.0	0.0	0.0	0.0	0.0	0.0	0.0	0.0	0.0	0.0	
Sterne pierregarin	0.0	0.0	0.0	0.0	0.0	0.0	0.0	0.0	0.0015	0.0011614	0.0	0.008	0.0361959	0.0628307	0.0844037	0.111845	0.1059752	0.1129107	0.0927835	0.0659341	0.0662048	0.0848644	0.063279	0.0593607	0.0615129	0.0548303	0.0512598	0.061875	0.0577299	0.053886	0.04329	0.0491132	0.0275665	0.0180772	0.010917	0.0044346	0.0029283	0.0027972	0.0091743	0.0036188	0.0	0.0	0.0	0.0	0.0	0.0	0.0	0.0	
Sterne pierregarin ou S. arctique	0.0	0.0013228	0.0	0.0	0.0	0.0	0.0	0.0	0.0	0.0	0.0	0.0	0.0	0.0	0.0	4.403E-4	0.0	0.0	0.0	0.0	0.0	0.0	0.0	0.0	0.0	0.0	0.0	0.0	0.0	0.0	0.0	0.0	0.0	0.0	0.0	0.0	0.0	0.0	0.0	0.0	0.0	0.0	0.0	0.0	0.0	0.0	0.0	0.0	
Sterne caugek	0.0331992	0.0304233	0.0394218	0.0242086	0.033877	0.027027	0.0270856	0.0263713	0.0216155	0.0255517	0.0359712	0.0332308	0.0432931	0.0542328	0.0507645	0.0625275	0.0535513	0.0347062	0.0272893	0.0118681	0.0153965	0.0166229	0.0105465	0.0182648	0.0149626	0.0113142	0.0086881	0.02	0.0225049	0.0259067	0.0242424	0.0511596	0.0275665	0.0238291	0.0360262	0.0321508	0.0278184	0.0223776	0.030581	0.0458384	0.053407	0.0421053	0.0318091	0.0313653	0.042885	0.0318471	0.0360531	0.0329068	
Sterne élégante	0.0	0.0	0.0	0.0	0.0	0.0	0.0	0.0	0.0	0.0	0.0	0.0	0.0	0.0	0.0	0.0015	0.0	0.0046275	0.0012129	0.0	0.0	0.0015	0.0	0.0015221	0.0015	0.0	0.0	0.001875	9.785E-4	0.0	0.0015	6.821E-4	0.0015	0.0	0.0	0.0	0.0	0.0	0.0	0.0	0.0	0.0	0.0	0.0	0.0	0.0	0.0	0.0	
sterne sp.	0.0030181	0.0026455	0.0	9.311E-4	0.0012547	0.001287	0.0	0.0	0.0	0.0011614	0.0020555	6.154E-4	0.0	0.0019841	0.0042813	0.002642	0.0016911	0.0032392	0.0024257	4.396E-4	0.0015396	0.0017498	0.0028763	0.0015221	8.313E-4	0.0	0.0017376	0.001875	0.0	0.0010363	8.658E-4	0.0027285	0.0028517	0.0041085	0.0	0.0	0.0043924	0.0027972	0.0015291	0.0012063	0.0	0.0	0.0	0.0	0.0019493	0.0042463	0.0	0.0018282	
Flamant rose	0.1207243	0.1309524	0.1432326	0.122905	0.1166876	0.0952381	0.1343445	0.1170886	0.1046644	0.1173055	0.1151079	0.128	0.1249113	0.1382275	0.1584098	0.1549978	0.1409245	0.1217029	0.1152213	0.0716484	0.0746728	0.0839895	0.0604027	0.0585997	0.0498753	0.0530896	0.0451781	0.053125	0.0812133	0.0766839	0.0961039	0.1343793	0.1140684	0.1191454	0.1200873	0.1241685	0.1434846	0.0797203	0.0917431	0.1363088	0.1546961	0.0824561	0.1013917	0.1125461	0.1520468	0.1358811	0.1840607	0.1288848	
Flamant nain	0.0	0.0	0.0	0.0	0.0	0.0	0.0	0.0015	0.0011377	0.0	0.0015	0.0	0.0	0.0	0.0	0.0	0.0	0.0	6.064E-4	0.0015	0.0015	0.0015	0.0	0.0015221	0.0016625	0.0034813	8.688E-4	0.00125	0.0015	0.0010363	0.0	0.0015	0.0	0.0	0.0	0.0	0.0	0.0	0.0	0.0	0.0	0.0	0.0	0.0	0.0	0.0	0.0	0.0	
Grèbe castagneux	0.0674044	0.0820106	0.0788436	0.056797	0.0677541	0.0579151	0.071506	0.0632911	0.0750853	0.0778165	0.0750257	0.0578462	0.0574876	0.0496032	0.0629969	0.0356671	0.0422773	0.0481259	0.0412371	0.0285714	0.0269438	0.0288714	0.0249281	0.0197869	0.0257689	0.0191471	0.0199826	0.024375	0.0303327	0.0445596	0.0424242	0.0641201	0.0494297	0.0517666	0.0556769	0.0643016	0.0556369	0.0363636	0.0611621	0.0615199	0.0699816	0.0596491	0.0914513	0.0738007	0.0682261	0.104034	0.1081594	0.0685558	
Grèbe esclavon	0.0	0.0013228	0.0013141	0.0	0.0015	0.002574	0.0015	0.0	0.0	0.0	0.0	0.0	0.0	0.0	0.0	0.0	0.0	0.0	0.0	0.0	0.0	0.0	0.0	0.0	0.0	0.0	0.0	0.0	0.0	0.0	0.0	0.0	0.0	0.0	0.0	0.0	0.0	0.0	0.0	0.0	0.0	0.0	0.0019881	0.00369	0.0	0.0	0.0	0.0018282	
Grèbe jougris	0.0	0.0013228	0.0065703	0.0027933	0.0012547	0.0	0.0	0.0	0.0	0.0	0.0015	0.0	0.0	0.0	0.0	0.0	0.0	0.0	0.0	0.0	0.0	0.0	0.0	0.0	0.0	0.0	0.0	0.0	0.0	0.0	0.0	0.0	0.0	0.0	0.0	0.0	0.0	0.0	0.0	0.0	0.0	0.0	0.0	0.0	0.0	0.0	0.0	0.0	
Grèbe huppé	0.084507	0.1031746	0.1379763	0.0865922	0.1041405	0.0952381	0.1072589	0.1075949	0.0853242	0.0998839	0.0945529	0.0978462	0.0773598	0.0753968	0.0825688	0.0730956	0.0693348	0.0777418	0.0563978	0.0461538	0.0408006	0.0419948	0.0345158	0.0327245	0.032419	0.0339426	0.0347524	0.035	0.0273973	0.0518135	0.0450216	0.0682128	0.0684411	0.061627	0.0545852	0.0698448	0.0688141	0.0517483	0.088685	0.0832328	0.0718232	0.0912281	0.0954274	0.1088561	0.0935673	0.1316348	0.1650854	0.0895795	
Grèbe à cou noir	0.0372233	0.0449735	0.0420499	0.0260708	0.0250941	0.024453	0.028169	0.0200422	0.0113766	0.0058072	0.0113052	0.0086154	0.0092264	0.0066138	0.0073394	0.0035227	0.0033822	4.627E-4	0.0018193	0.0015	7.698E-4	8.749E-4	0.0	0.0	8.313E-4	8.703E-4	8.688E-4	6.25E-4	0.0015	0.0020725	0.0017316	0.0034106	0.0038023	8.217E-4	0.0010917	0.0077605	0.0073206	0.0055944	0.0045872	0.0120627	0.014733	0.0105263	0.0198807	0.0313653	0.0292398	0.0339703	0.0512334	0.0338208	
Grèbe esclavon ou G. à cou noir	0.001006	0.0013228	0.0	0.0	0.0	0.0	0.0	0.0	0.0	0.0	0.0	0.0	0.0	0.0	0.0	0.0	0.0	0.0	0.0	0.0	0.0	0.0	0.0	0.0	0.0	0.0	0.0	0.0	0.0	0.0	0.0	0.0	0.0	0.0	0.0	0.0	0.0	0.0	0.0	0.0	0.0	0.0	0.0	0.0	0.0	0.0	0.0	0.0	
grèbe sp.	0.001006	0.0	0.0	0.0	0.0	0.0	0.0	0.0	0.0	0.0	0.0	0.0	0.0	0.0	0.0	0.0	0.0	0.0	0.0	0.0	0.0	0.0	0.0	0.0	0.0	0.0	0.0	0.0	0.0	0.0	0.0	0.0	0.0	0.0	0.0	0.0	0.0	0.0	0.0	0.0	0.0	0.0	0.0	0.0	0.0	0.0	0.0	0.0	
Plongeon catmarin	0.0020121	0.0013228	0.0013141	0.0015	0.0	0.0	0.0	0.0	0.0	0.0015	0.0	0.0	0.0	0.0	0.0	0.0015	0.0015	4.627E-4	0.0	0.0	0.0	0.0	0.0	0.0	0.0	0.0	0.0	0.0	0.0	0.0	0.0	0.0	0.0	0.0	0.0	0.0	0.0	0.0	0.0	0.0	0.0018416	0.0	0.0015	0.0	0.0038986	0.0084926	0.0018975	0.0018282	
Plongeon arctique	0.0030181	0.0039683	0.0065703	9.311E-4	0.0025094	0.001287	0.0032503	0.0031646	0.0015	0.0023229	0.0030832	6.154E-4	0.0021292	0.0019841	6.116E-4	8.807E-4	0.0016911	0.0	0.0	0.0	0.0	0.0	0.0	0.0	0.0	0.0	0.0	0.0	0.0	0.0	0.0	0.0	0.0	0.0	0.0	0.0	0.0	0.0	0.0	0.0	0.0	0.0	0.0	0.001845	0.0019493	0.0021231	0.0056926	0.0	
Plongeon imbrin	0.001006	0.0039683	0.0065703	0.0018622	0.0037641	0.001287	0.0032503	0.0010549	0.0	0.0011614	0.0010277	0.0015	0.0	0.0	0.0	0.0	0.0011274	0.0	0.0	0.0	0.0	0.0	0.0	0.0	0.0	0.0	0.0	0.0	0.0	0.0	0.0	0.0	0.0	0.0	0.0	0.0	0.0	0.0	0.0	0.0	0.0	0.0052632	0.0119284	0.0055351	0.0038986	0.0127389	0.0056926	0.0027422	
plongeon sp.	0.0	0.0	0.0013141	0.0	0.0	0.0	0.0	0.0021097	0.0	0.0	0.0	0.0	0.0	0.0	0.0015	4.403E-4	5.637E-4	0.0	0.0015	0.0	0.0	0.0	0.0	0.0	0.0	0.0	0.0	0.0	0.0	0.0	0.0	0.0	0.0	0.0	0.0	0.0	0.0	0.0	0.0	0.0	0.0	0.0	0.0	0.0	0.0	0.0015	0.0	9.141E-4	
Océanite tempête	0.0	0.0	0.0	0.0	0.0	0.0	0.0	0.0	0.0	0.0	0.0	6.154E-4	7.097E-4	0.0	0.0024465	4.403E-4	0.0022548	0.0032392	0.0024257	8.791E-4	7.698E-4	0.0017498	0.0	0.0	0.0	0.0	0.0	6.25E-4	0.0	0.0	0.0	0.0	0.0	0.0	0.0	0.0015	0.0	0.0027972	0.0	0.0	0.0015	0.0	0.0	0.0	0.0	0.0	0.0	9.141E-4	
Puffin cendré	0.0	0.0	0.0	0.0	0.0	0.0	0.0	0.0	0.0	0.0	0.0	0.0	0.0	0.0	0.0	0.0	0.0	4.627E-4	0.0	0.0	0.0	0.0	0.0	0.0	0.0	0.0	0.0	0.0	0.0	0.0	0.0	0.0	0.0	0.0	0.0	0.0	0.0	0.0	0.0	0.0	0.0	0.0	0.0	0.0	0.0	0.0	0.0	0.0	
Puffin de Scopoli	0.0	0.0	0.0	0.0	0.0	0.0	0.0	0.0	0.0011377	0.0011614	0.0	6.154E-4	0.0	0.0046296	0.0015	0.0048437	0.0073281	0.005553	0.004245	0.0026374	0.0015396	0.0017498	9.588E-4	0.0015	8.313E-4	0.0	0.0015	6.25E-4	0.0015	0.0015	0.0	0.0	0.0	0.0024651	0.0021834	0.0011086	0.0	0.0	0.0030581	0.0	0.0	0.0	0.0	0.001845	0.0	0.0	0.0	0.0	
Puffin cendré ou P. de Scopoli	0.0	0.0	0.0	0.0	0.0	0.0	0.0	0.0	0.0	0.0	0.0015	0.0	0.0	0.0	6.116E-4	0.0	5.637E-4	9.255E-4	0.0018193	8.791E-4	0.0	0.0015	0.0	0.0	8.313E-4	0.0015	0.0	0.0	0.0	0.0010363	0.0015	6.821E-4	0.0028517	0.0	0.0	0.0	0.0014641	0.0013986	0.0	0.0	0.0	0.0	0.0	0.0	0.0	0.0	0.0	0.0	
Puffin yelkouan	0.0070423	0.005291	0.0105125	0.009311	0.0150565	0.005148	0.0043337	0.0010549	0.003413	0.0046458	0.0	0.0012308	0.0014194	0.0079365	0.0097859	0.0123294	0.0197294	0.0101805	0.0103093	0.0065934	0.0038491	0.0026247	9.588E-4	0.0015	0.0024938	0.0	0.0	0.001875	0.0015	0.0010363	0.0015	0.0	0.0	0.0015	0.0021834	0.0015	0.0043924	0.0041958	0.0030581	0.0060314	0.0055249	0.0052632	0.0079523	0.00369	0.005848	0.0042463	0.0056926	0.0036563	
Puffin des Baléares	0.001006	0.0013228	0.0	0.0027933	0.0087829	0.002574	0.0	0.0010549	0.0	0.0023229	0.0	6.154E-4	7.097E-4	0.0039683	0.0036697	0.0035227	0.005637	0.0046275	0.0066707	0.0043956	0.0023095	8.749E-4	9.588E-4	0.0	0.0	0.0	0.0	0.0	0.0015	0.0	0.0	0.0	0.0	0.0	0.0010917	0.0015	0.0014641	0.0027972	0.0015	0.0015	0.0	0.0017544	0.0039761	0.001845	0.0019493	0.0021231	0.0	0.0015	
Puffin yelkouan ou P. des Baléares	0.0	0.0013228	0.0013141	0.0	0.0025094	0.001287	0.0010834	0.0010549	0.0	0.0011614	0.0010277	0.0	0.0	0.0046296	0.0030581	0.0030823	0.0022548	0.0027765	0.004245	8.791E-4	0.0015396	0.0	9.588E-4	0.0	8.313E-4	0.0	0.0	0.0	0.0	0.0	0.0	0.0	0.0	0.0	0.0010917	0.0	0.0014641	0.0013986	0.0	0.0012063	0.0	0.0	0.0	0.001845	0.005848	0.0	0.0	9.141E-4	
Calonectris, Ardenna ou Puffinus sp.	0.0015	0.0026455	0.0	0.0	0.0	0.0	0.0	0.0	0.0	0.0	0.0	0.0	0.0	0.0	0.0	0.0	5.637E-4	0.0	0.0030321	0.0015	0.0015	0.0	0.0	0.0	0.0	0.0	0.0	0.0	0.0	0.0	0.0	0.0	0.0019011	0.0	0.0010917	0.0	0.0	0.0	0.0015291	0.0	0.0	0.0	0.0	0.0	0.0	0.0015	0.0	0.0018282	
Cigogne noire	0.0020121	0.0013228	0.0039422	0.0018622	0.0062735	0.0015	0.0010834	0.0010549	0.0068259	0.0092915	0.0051387	0.0043077	0.0035486	0.0013228	6.116E-4	0.0030823	0.0028185	0.0027765	6.064E-4	0.0	0.0	8.749E-4	0.0015	7.61E-4	0.0016625	0.0015	0.0015	0.00125	0.0029354	0.0124352	0.0060606	0.0047749	0.0085551	0.0123254	0.0087336	0.0088692	0.0175695	0.0027972	0.0030581	0.0048251	0.0110497	0.0015	0.0015	0.001845	0.0038986	0.0	0.0015	0.0027422	
Cigogne blanche	0.0533199	0.047619	0.0473062	0.0512104	0.06399	0.047619	0.0725894	0.07173	0.0546075	0.0836237	0.065776	0.0726154	0.0638751	0.0661376	0.0862385	0.0634082	0.0682074	0.0633966	0.0582171	0.04	0.0408006	0.0454943	0.0441035	0.0327245	0.0374065	0.0391645	0.0295395	0.029375	0.0303327	0.0445596	0.0536797	0.0777626	0.0513308	0.0542317	0.0414847	0.0354767	0.0380673	0.0293706	0.0244648	0.0470446	0.0497238	0.0333333	0.027833	0.0442804	0.0545809	0.0530786	0.0531309	0.0420475	
Fou de Bassan	0.0130785	0.010582	0.0131406	0.009311	0.0175659	0.006435	0.0065005	0.0063291	0.0056883	0.0092915	0.0071942	0.0049231	0.0049681	0.0079365	0.0061162	0.0088067	0.0180383	0.0101805	0.0060643	0.0021978	0.0038491	0.0034996	0.0038351	0.0015	0.0024938	0.0	8.688E-4	0.003125	0.0019569	0.0041451	0.0017316	0.0013643	0.0019011	0.0015	0.0043668	0.0033259	0.0043924	0.0041958	0.0061162	0.0096502	0.0128913	0.0105263	0.0079523	0.0092251	0.0155945	0.0063694	0.0189753	0.0127971	
Fou brun	0.0	0.0	0.0	0.0	0.0	0.0	0.0	0.0	0.0	0.0	0.0	0.0	0.0	0.0	0.0	0.0	0.0	0.0	0.0	0.0	0.0	0.0	0.0	0.0	0.0	0.0	0.0	0.0	0.0	0.0	0.0	0.0	0.0	0.0	0.0	0.0	0.0	0.0	0.0	0.0072376	0.0128913	0.0087719	0.0	0.0	0.005848	0.0	0.0	0.0015	
Cormoran pygmée	0.001006	0.0039683	0.0065703	9.311E-4	0.0025094	0.002574	0.0043337	0.0042194	0.0011377	0.0023229	0.0010277	6.154E-4	0.0	0.0	0.0	0.0	0.0	4.627E-4	0.0	0.0	0.0	0.0	0.0	0.0	0.0	0.0	0.0	0.0	0.0	0.0	0.0	0.0	0.0	0.0	0.0	0.0	0.0	0.0	0.0	0.0	0.0	0.0	0.0	0.00369	0.0019493	0.0021231	0.0018975	9.141E-4	
Grand Cormoran	0.3249497	0.276455	0.3114323	0.2811918	0.3074028	0.3075933	0.3066089	0.2795359	0.2821388	0.2868757	0.2641316	0.2707692	0.217885	0.1891534	0.182263	0.1475121	0.1172492	0.090236	0.0842935	0.0610989	0.0561971	0.0568679	0.0527325	0.0502283	0.0548628	0.0530896	0.0425717	0.046875	0.0547945	0.0746114	0.0822511	0.133015	0.141635	0.1487264	0.1495633	0.2050998	0.2196193	0.206993	0.2599388	0.3232811	0.3314917	0.2947368	0.2842942	0.3487085	0.3567251	0.3609342	0.4079696	0.3427788	
Cormoran huppé	0.001006	0.0013228	0.0026281	0.0	0.0012547	0.002574	0.0	0.0	0.0011377	0.0011614	0.0015	6.154E-4	7.097E-4	6.614E-4	6.116E-4	4.403E-4	0.0028185	0.0027765	0.0012129	0.0013187	7.698E-4	0.0034996	0.0019175	0.0030441	0.0016625	0.0017406	8.688E-4	0.003125	0.0015	0.0031088	8.658E-4	0.0015	9.506E-4	8.217E-4	0.0054585	0.0011086	0.0029283	0.0013986	0.0030581	0.0024125	0.0	0.0017544	0.0015	0.0015	0.0019493	0.0015	0.0018975	0.0015	
cormoran sp.	0.0	0.0	0.0013141	0.0	0.0012547	0.0	0.0	0.0	0.0	0.0	0.0015	0.0	7.097E-4	0.0	0.0	4.403E-4	5.637E-4	4.627E-4	0.0	0.0	0.0015396	8.749E-4	9.588E-4	7.61E-4	0.0	0.0	8.688E-4	0.0	0.0	0.0	0.0	0.0	0.0	0.0	0.0	0.0	0.0	0.0	0.0	0.0	0.0	0.0	0.0	0.001845	0.0	0.0	0.0	0.0015	
Ibis falcinelle	0.0321932	0.0198413	0.0302234	0.0400372	0.0476788	0.030888	0.0617551	0.0611814	0.0455063	0.068525	0.0668037	0.0744615	0.0801987	0.082672	0.1186544	0.1136063	0.1195039	0.1101342	0.1006671	0.0676923	0.0577367	0.0726159	0.0393097	0.0494673	0.0507066	0.0452567	0.0451781	0.041875	0.0577299	0.0632124	0.0536797	0.0716235	0.0437262	0.0493016	0.0305677	0.0144124	0.0219619	0.0153846	0.0091743	0.0060314	0.0165746	0.0122807	0.0139165	0.0221402	0.0214425	0.0191083	0.0227704	0.0228519	
Ibis sacré	0.0	0.0026455	0.0	0.0	0.0	0.0	0.0	0.0	0.0	0.0	0.0	0.0	0.0	0.0015	6.116E-4	4.403E-4	0.0	0.0013882	0.0012129	8.791E-4	7.698E-4	0.0	0.0	0.0	0.0	0.0	0.0	6.25E-4	9.785E-4	0.0	0.0	0.0	0.0019011	0.0015	0.0	0.0033259	0.0	0.0	0.0015291	0.0	0.0015	0.0	0.0	0.0	0.0	0.0	0.0018975	0.0	
Ibis chauve	0.0	0.0	0.0	0.0	0.0012547	0.0	0.0	0.0	0.0	0.0	0.0	0.0	0.0	0.0	0.0	0.0	0.0	0.0	0.0	0.0	0.0	0.0	0.0	0.0	0.0	0.0	0.0	0.0	0.0	0.0	0.0	0.0	9.506E-4	0.0	0.0	0.0	0.0	0.0	0.0	0.0	0.0	0.0	0.0	0.0	0.0	0.0	0.0	0.0	
Spatule blanche	0.0020121	0.0026455	0.0039422	0.0027933	0.0037641	0.005148	0.0097508	0.0031646	0.0045506	0.0034843	0.0061665	0.0086154	0.0170334	0.0145503	0.0262997	0.0339058	0.0343856	0.0319297	0.0418435	0.0228571	0.0161663	0.0201225	0.0115053	0.0152207	0.0116376	0.0156658	0.013901	0.015625	0.0195695	0.0176166	0.0294372	0.0341064	0.0171103	0.0271159	0.0174672	0.0088692	0.0131772	0.0041958	0.0061162	0.0060314	0.0055249	0.0087719	0.0039761	0.0129151	0.005848	0.0106157	0.0018975	0.0045704	
Butor étoilé	0.0	0.0015	0.0013141	0.0	0.0025094	0.002574	0.0021668	0.0010549	0.0015	0.0011614	0.0020555	0.0018462	0.0014194	0.0019841	0.0030581	0.0030823	0.0028185	0.0032392	0.0078836	0.0017582	7.698E-4	0.0	0.0	0.0	8.313E-4	8.703E-4	0.0	0.0	0.0	0.0010363	0.0	0.0	0.0	8.217E-4	0.0	0.0	0.0	0.0	0.0015291	0.0012063	0.0036832	0.0015	0.0015	0.001845	0.0019493	0.0021231	0.0094877	0.0018282	
Blongios nain	0.0	0.0015	0.0	0.0	0.0	0.0	0.0010834	0.0	0.0	0.0	0.0015	6.154E-4	7.097E-4	6.614E-4	0.0030581	0.0030823	0.0095829	0.0120315	0.0097029	0.0052747	0.0107775	0.0113736	0.0067114	0.0083714	0.0124688	8.703E-4	0.0078193	0.006875	0.0048924	0.0051813	0.0034632	0.0040928	0.0019011	0.0024651	0.0	0.0011086	0.0	0.0	0.0	0.0	0.0	0.0	0.0	0.0	0.0	0.0	0.0	0.0	
Bihoreau gris	0.0070423	0.0066138	0.0065703	0.0083799	0.0012547	0.007722	0.0054171	0.0052743	0.0068259	0.0081301	0.0102775	0.0123077	0.0212917	0.0165344	0.0373089	0.0352268	0.0434047	0.0421101	0.0479078	0.036044	0.0446497	0.0498688	0.0364334	0.0418569	0.035744	0.0452567	0.0312772	0.03375	0.0391389	0.0455959	0.0337662	0.0327422	0.0237643	0.0377979	0.0262009	0.018847	0.011713	0.0097902	0.0183486	0.0060314	0.0055249	0.0052632	0.0079523	0.001845	0.0	0.0084926	0.0113852	0.0063985	
Aigrette garzette	0.1750503	0.1679894	0.1892247	0.141527	0.183187	0.1776062	0.1592633	0.1518987	0.1342435	0.1695703	0.1613566	0.1624615	0.1533002	0.1686508	0.1969419	0.1787759	0.192221	0.1758445	0.168587	0.1138462	0.1339492	0.1364829	0.114094	0.1187215	0.1263508	0.1218451	0.1155517	0.1125	0.1311155	0.1492228	0.1532468	0.2278308	0.1844106	0.2062449	0.2259825	0.2084257	0.204978	0.165035	0.1681957	0.2159228	0.2265193	0.1859649	0.1868787	0.1918819	0.245614	0.2229299	0.2333966	0.1882998	
Aigrette des récifs	0.0	0.0	0.0	0.0	0.0	0.0	0.0	0.0	0.0	0.0	0.0	0.0	0.0	0.0	0.0	0.0022017	0.0045096	0.0013882	0.0018193	4.396E-4	0.0015	0.0015	0.0	0.0	0.0	0.0	0.0	0.0	9.785E-4	0.0	0.0	0.0	0.0	0.0	0.0	0.0	0.0	0.0	0.0	0.0	0.0	0.0	0.0	0.0	0.0	0.0	0.0	0.0	
Hybride Aigrette garzette x A. des récifs	0.0	0.0013228	0.0013141	0.0018622	0.0062735	0.001287	0.0032503	0.0052743	0.0011377	0.0011614	0.0010277	0.0012308	7.097E-4	0.0013228	0.0	0.0015	5.637E-4	9.255E-4	0.0	4.396E-4	7.698E-4	8.749E-4	0.0	0.0	8.313E-4	8.703E-4	8.688E-4	0.0015	0.0019569	0.0015	8.658E-4	0.0	0.0019011	8.217E-4	0.0	0.0022173	0.0	0.0	0.0015291	0.0012063	0.0	0.0	0.0	0.0	0.0	0.0021231	0.0	9.141E-4	
Crabier chevelu	0.0	0.0015	0.0	0.0	0.0	0.0	0.0	0.0015	0.0	0.0	0.0	0.0	0.0014194	0.0026455	0.0122324	0.0250991	0.0372041	0.0384081	0.0327471	0.0202198	0.0169361	0.0227472	0.0067114	0.0182648	0.0199501	0.0165361	0.0191138	0.015625	0.0234834	0.0321244	0.0164502	0.0204638	0.0142586	0.0147905	0.0098253	0.0022173	0.0015	0.0	0.0	0.0	0.0	0.0	0.0	0.0	0.0	0.0	0.0	0.0	
Héron garde-boeufs	0.0663984	0.0634921	0.0735874	0.0521415	0.04266	0.046332	0.0379198	0.0474684	0.0489192	0.0534262	0.0637205	0.0756923	0.066714	0.0687831	0.1119266	0.0867459	0.1009019	0.1073577	0.1049121	0.0804396	0.08699	0.0997375	0.0795781	0.0814307	0.0872818	0.0879025	0.0625543	0.066875	0.0733855	0.0839378	0.0709957	0.1002729	0.0979087	0.0953164	0.0917031	0.0764967	0.0761347	0.0881119	0.0856269	0.0808203	0.0828729	0.0929825	0.083499	0.0940959	0.08577	0.104034	0.0740038	0.0621572	
Grande Aigrette	0.1338028	0.1322751	0.1327201	0.113594	0.1242158	0.1145431	0.1451788	0.1160338	0.1228669	0.1068525	0.0914697	0.0953846	0.0816182	0.0681217	0.0819572	0.0700132	0.065389	0.0615456	0.0491207	0.0404396	0.0338722	0.0472441	0.0239693	0.0357686	0.035744	0.0469974	0.0251955	0.03125	0.0528376	0.0611399	0.0666667	0.0948158	0.1055133	0.1035333	0.1091703	0.1230599	0.1171303	0.1020979	0.1223242	0.1556092	0.1657459	0.1175439	0.1550696	0.1549815	0.2007797	0.1847134	0.1821632	0.1352834	
Héron cendré	0.2605634	0.2248677	0.2339028	0.2029795	0.2233375	0.2149292	0.2101842	0.1993671	0.2138794	0.2067364	0.1942446	0.2116923	0.1823989	0.2043651	0.2110092	0.2007926	0.1888388	0.1874132	0.1861734	0.1384615	0.160893	0.1627297	0.1284756	0.1407915	0.1404821	0.1610096	0.1337967	0.1225	0.1526419	0.1948187	0.1974026	0.2469304	0.2328897	0.2185703	0.239083	0.251663	0.2489019	0.2307692	0.2492355	0.2738239	0.281768	0.2140351	0.2485089	0.2472325	0.2807018	0.3078556	0.313093	0.2312614	
Héron pourpré	0.0	0.0013228	0.0	0.0	0.0	0.0	0.0	0.0	0.0	0.0034843	0.0	0.0098462	0.020582	0.0416667	0.0574924	0.0554822	0.0614431	0.0522906	0.0491207	0.0364835	0.0300231	0.0376203	0.029722	0.0273973	0.035744	0.0356832	0.0260643	0.0275	0.0342466	0.0352332	0.0242424	0.0252387	0.0190114	0.0049302	0.0065502	0.0055432	0.0043924	0.0027972	0.0015291	0.0	0.0015	0.0017544	0.0	0.0	0.0	0.0	0.0056926	0.0	
Hybride Héron cendré x H. pourpré	0.0	0.0	0.0	0.0	0.0	0.0	0.0	0.0	0.0	0.0	0.0	0.0	0.0	0.0	0.0	0.0	0.0	0.0	0.0	4.396E-4	7.698E-4	8.749E-4	9.588E-4	0.0015221	8.313E-4	8.703E-4	0.0	0.0	0.0	0.0	0.0	0.0	0.0	0.0	0.0	0.0	0.0	0.0	0.0	0.0	0.0	0.0	0.0	0.0	0.0	0.0	0.0	0.0	
ardeidé sp.	0.0	0.0	0.0	0.0	0.0	0.001287	0.0	0.0	0.0	0.0	0.0	0.0	0.0	0.0	0.0	0.0	0.0	0.0	0.0	4.396E-4	7.698E-4	0.0	0.0	7.61E-4	0.0	0.0	0.0	0.0	0.0015	0.0	0.0	6.821E-4	0.0	0.0	0.0	0.0	0.0	0.0013986	0.0	0.0	0.0	0.0	0.0	0.0	0.0	0.0	0.0	0.0	
aigrette ou héron blanc sp.	0.0	0.0	0.0	0.0	0.0	0.0	0.0	0.0	0.0	0.0	0.0	0.0	7.097E-4	0.0	6.116E-4	4.403E-4	0.0	0.0	0.0	4.396E-4	0.0	0.0	0.0	0.0	0.0	0.0	8.688E-4	0.0	0.0	0.0	0.0	0.0	0.0	0.0	0.0	0.0	0.0	0.0	0.0015291	0.0	0.0	0.0	0.0015	0.0	0.0	0.0	0.0	0.0	
Pélican blanc	0.0	0.0	0.0	0.0	0.0	0.0	0.0	0.0	0.0	0.0	0.0	0.0	0.0	0.0	0.0	0.0	0.0	0.0	0.0	0.0	0.0	0.0	0.0	0.0	0.0	0.0	0.0	0.0	0.0	0.0	0.0	0.0	0.0	0.0	0.0	0.0	0.0	0.0	0.0	0.0	0.0	0.0	0.0	0.0	0.0	0.0	0.0	0.0	
Pélican gris	0.0	0.0	0.0	0.0	0.0	0.0	0.0	0.0021097	0.0011377	0.0011614	0.0	0.0	0.0	0.0	0.0018349	0.0022017	0.0022548	0.0013882	0.0018193	8.791E-4	0.0023095	0.0	0.0	0.0015	8.313E-4	0.0034813	0.0	6.25E-4	9.785E-4	0.0020725	0.008658	0.0027285	0.0047529	0.0041085	0.0043668	0.0066519	0.0029283	0.0013986	0.0015291	0.0060314	0.0018416	0.0	0.0019881	0.001845	0.0	0.0015	0.0018975	0.0	
Hybride Pélican blanc x P. frisé	0.0	0.0	0.0	0.0015	0.0	0.0	0.0	0.0	0.0	0.0	0.0	0.0	0.0	0.0	0.0015	0.0	0.0	0.0	0.0	0.0	0.0	0.0	0.0	0.0	0.0	0.0	0.0	0.0	0.0	0.0	0.0	0.0	0.0	0.0	0.0	0.0	0.0	0.0	0.0	0.0	0.0	0.0	0.0	0.0	0.0	0.0	0.0	0.0	
pélican sp.	0.0	0.0	0.0013141	0.0	0.0	0.0	0.0010834	0.0	0.0	0.0	0.0	0.0	0.0	6.614E-4	0.0	0.0	0.0	0.0	0.0	0.0	0.0	0.0	0.0	0.0	0.0	0.0	0.0	0.0	0.0	0.0	0.0	0.0	0.0	0.0	0.0	0.0	0.0	0.0	0.0	0.0	0.0	0.0	0.0	0.0	0.0	0.0	0.0	0.0	
Balbuzard pêcheur	0.001006	0.0013228	0.0026281	0.0018622	0.0025094	0.002574	0.0010834	0.0010549	0.0045506	0.0	0.0113052	0.0344615	0.0397445	0.0185185	0.0165138	0.015852	0.0095829	0.009255	0.0090964	8.791E-4	7.698E-4	8.749E-4	0.0015	0.0	0.0	8.703E-4	0.0015	0.00125	9.785E-4	0.0093264	0.0121212	0.0245566	0.0484791	0.0484799	0.0360262	0.0354767	0.0204978	0.0125874	0.0061162	0.0072376	0.0110497	0.0035088	0.0079523	0.0015	0.0019493	0.0	0.0018975	0.0018282	
Élanion blanc	0.0301811	0.0304233	0.0236531	0.0176909	0.0112923	0.011583	0.0130011	0.0168776	0.0125142	0.0081301	0.0102775	0.0055385	0.0063875	0.0072751	0.0073394	0.0083664	0.0073281	0.007404	0.0036386	0.0026374	0.0076982	0.0061242	0.0067114	0.0015221	0.0058188	0.0087032	0.0052129	0.009375	0.0136986	0.0196891	0.0199134	0.0177353	0.019962	0.0188989	0.018559	0.0243902	0.0263543	0.0251748	0.030581	0.0241255	0.0294659	0.0473684	0.0337972	0.0166052	0.0350877	0.0488323	0.0322581	0.0383912	
Gypaète barbu	0.0100604	0.0026455	0.0039422	0.009311	0.0062735	0.011583	0.007584	0.0126582	0.0091013	0.0069686	0.0102775	0.0049231	0.0042583	0.0072751	0.0079511	0.006605	0.005637	0.0106432	0.0121286	0.0136264	0.0100077	0.0122485	0.0182167	0.0121766	0.0207814	0.0252393	0.0217202	0.021875	0.0293542	0.0435233	0.0329004	0.0293315	0.0380228	0.0386196	0.018559	0.018847	0.0146413	0.0181818	0.0152905	0.0048251	0.0036832	0.0017544	0.0039761	0.001845	0.0097466	0.0042463	0.0075901	0.0027422	
Percnoptère d'Égypte	0.0	0.0	0.0	0.0	0.0	0.0	0.0	0.0	0.0	0.0011614	0.004111	0.0012308	0.0049681	0.0085979	0.0030581	0.0048437	0.0062007	0.0064785	0.00849	0.0083516	0.0138568	0.0139983	0.0134228	0.0068493	0.0116376	0.0174064	0.0112945	0.01	0.018591	0.015544	0.0147186	0.0143247	0.0161597	0.0057518	0.0054585	0.0022173	0.0014641	0.0	0.0	0.0	0.0	0.0	0.0	0.0	0.0	0.0	0.0	0.0	
Bondrée apivore	0.0	0.0	0.0	0.0	0.0	0.0	0.0	0.0	0.0	0.0	0.0	0.0	0.0015	0.0013228	0.0067278	0.0184941	0.089628	0.090236	0.0903578	0.0461538	0.0277136	0.0218723	0.0220518	0.0205479	0.0315877	0.0322019	0.0460469	0.044375	0.0508806	0.042487	0.0545455	0.0927694	0.0798479	0.0690222	0.0272926	0.0166297	0.0102489	0.0041958	0.0015291	0.0012063	0.0	0.0	0.0	0.0	0.0	0.0	0.0	0.0	
Vautour moine	0.0030181	0.005291	0.0039422	0.0037244	0.0062735	0.003861	0.0086674	0.0031646	0.003413	0.0046458	0.0061665	0.0024615	0.0035486	0.0026455	0.0042813	0.0057244	0.0090192	0.0087922	0.0121286	0.0092308	0.0100077	0.0087489	0.012464	0.0083714	0.0091438	0.0060923	0.0060817	0.00625	0.0029354	0.0082902	0.0077922	0.0088677	0.0038023	0.0041085	0.0076419	0.0088692	0.0043924	0.0041958	0.0061162	0.0036188	0.0036832	0.0052632	0.0139165	0.00369	0.0038986	0.0015	0.0037951	0.0045704	
Vautour de Rüppell	0.0	0.0013228	0.0013141	0.0018622	0.0012547	0.0015	0.0	0.0	0.0	0.0	0.0	0.0	0.0	0.0	0.0	0.0	0.0	0.0	0.0	0.0	0.0	0.0	0.0	0.0	0.0	0.0	0.0	0.0	0.0	0.0	0.0	0.0	0.0	0.0	0.0	0.0	0.0	0.0	0.0	0.0	0.0	0.0	0.0	0.0	0.0	0.0	0.0	0.0	
Vautour fauve	0.0231388	0.0171958	0.0170828	0.0270019	0.02133	0.028314	0.0411701	0.0295359	0.0295791	0.0325203	0.04111	0.0313846	0.0454223	0.0297619	0.0440367	0.0444738	0.0467869	0.0666358	0.0800485	0.1046154	0.0892995	0.0936133	0.1016299	0.086758	0.1421446	0.1357702	0.1259774	0.12875	0.1624266	0.1626943	0.1645022	0.1575716	0.1634981	0.1396878	0.1255459	0.0986696	0.0629575	0.1034965	0.0733945	0.0482509	0.0515654	0.0403509	0.0417495	0.0258303	0.0214425	0.0212314	0.0303605	0.035649	
Circaète Jean-le-Blanc	0.0	0.0	0.0	0.0	0.0	0.0	0.0021668	0.0063291	0.0182025	0.0743322	0.0894142	0.08	0.0681334	0.0621693	0.070948	0.0730956	0.0766629	0.0689496	0.0824742	0.069011	0.0615858	0.0594926	0.0651965	0.0547945	0.0565254	0.0530896	0.0634231	0.074375	0.0900196	0.0683938	0.0675325	0.0975443	0.0941065	0.0805259	0.0687773	0.0576497	0.033675	0.0153846	0.0107034	0.0012063	0.0015	0.0	0.0	0.0	0.0	0.0	0.0	0.0	
Aigle criard	0.0040241	0.0026455	0.0015	0.0	0.0037641	0.0	0.0010834	0.0010549	0.0011377	0.0	0.0	0.0	0.0	0.0	0.0	0.0	0.0	0.0	0.0	0.0	0.0	0.0	0.0	0.0	0.0	0.0	0.0	0.0	0.0	0.0	0.0	0.0	0.0	0.0	0.0	0.0	0.0	0.0	0.0	0.0	0.0015	0.0035088	0.0015	0.0055351	0.0077973	0.0015	0.0015	9.141E-4	
Hybride Aigle pomarin x A. criard	0.001006	0.0	0.0015	0.0	0.0	0.0	0.0015	0.0	0.0	0.0	0.0	0.0	0.0	0.0	0.0	0.0	0.0	0.0	0.0	0.0	0.0	0.0	0.0	0.0	0.0	0.0	0.0	0.0	0.0	0.0	0.0	0.0	0.0	0.0	0.0	0.0	0.0	0.0	0.0	0.0	0.0	0.0015	0.0	0.0	0.0	0.0	0.0	0.0	
Aigle pomarin ou A. criard	0.0	0.0	0.0013141	0.0	0.0	0.0	0.0	0.0	0.0	0.0	0.0	0.0	0.0	0.0	0.0	0.0	0.0	0.0	0.0	0.0	0.0	0.0	0.0	0.0	0.0	0.0	0.0	0.0	0.0	0.0	0.0	0.0	0.0	0.0	0.0	0.0	0.0	0.0	0.0015291	0.0	0.0	0.0	0.0019881	0.0015	0.0	0.0	0.0015	0.0	
Aigle botté	0.0050302	0.0013228	0.0039422	0.0027933	0.0062735	0.002574	0.0054171	0.007384	0.0045506	0.0139373	0.0133607	0.0067692	0.0163236	0.0191799	0.0152905	0.0123294	0.0157835	0.0143452	0.0163736	0.0153846	0.0192456	0.015748	0.0182167	0.0159817	0.0216126	0.0252393	0.018245	0.019375	0.0342466	0.0373057	0.0285714	0.0463847	0.0456274	0.0345111	0.0229258	0.0243902	0.0131772	0.0097902	0.0107034	0.0120627	0.0036832	0.0122807	0.0039761	0.0147601	0.0038986	0.0063694	0.0056926	0.0073126	
Aigle impérial	0.0	0.0	0.0	0.0	0.0	0.0	0.0	0.0	0.0	0.0	0.0	0.0	0.0	0.0	0.0	0.0	0.0	0.0	0.0	0.0	0.0	0.0	0.0	0.0	0.0	0.0	0.0	0.0	0.0	0.0	0.0	0.0	0.0	0.0	0.0	0.0	0.0	0.0	0.0	0.0	0.0018416	0.0052632	0.0015	0.001845	0.0019493	0.0	0.0015	0.0	
Aigle royal	0.0080483	0.0119048	0.0052562	0.0102421	0.0087829	0.01287	0.0119177	0.0116034	0.0159272	0.0139373	0.0133607	0.0129231	0.0134847	0.0112434	0.0116208	0.0088067	0.0090192	0.012957	0.012735	0.0140659	0.013087	0.0192476	0.0182167	0.0129376	0.0141313	0.0147955	0.0173762	0.018125	0.0244618	0.0310881	0.0233766	0.0245566	0.0351711	0.0312243	0.0240175	0.0210643	0.0161054	0.0125874	0.0168196	0.0060314	0.0092081	0.0087719	0.0178926	0.0092251	0.0038986	0.0021231	0.0094877	0.0100548	
Aigle de Bonelli	0.001006	0.0026455	0.0039422	0.0046555	0.0087829	0.005148	0.0043337	0.0042194	0.0079636	0.0058072	0.004111	0.0036923	0.0049681	0.005291	0.0018349	0.0048437	0.005637	0.0032392	0.0012129	0.0043956	0.0046189	0.0026247	0.0028763	0.0045662	0.0016625	8.703E-4	0.0015	6.25E-4	0.0039139	0.0015	0.0015	6.821E-4	0.0038023	8.217E-4	0.0032751	0.0055432	0.0029283	0.0013986	0.0015	0.0024125	0.0036832	0.0017544	0.0019881	0.0015	0.0015	0.0	0.0018975	0.0027422	
Aquila sp.	0.0	0.0	0.0	0.0	0.0	0.0	0.0010834	0.0	0.0	0.0	0.0	6.154E-4	0.0	6.614E-4	6.116E-4	0.0	0.0015	0.0	0.0	0.0	0.0	0.0	0.0015	0.0	0.0	0.0	8.688E-4	0.0	0.0	0.0	8.658E-4	0.0	9.506E-4	0.0	0.0021834	0.0	0.0	0.0	0.0	0.0	0.0	0.0	0.0	0.0	0.0	0.0	0.0	0.0	
Épervier d'Europe	0.0704225	0.0846561	0.0696452	0.0772812	0.0727729	0.0553411	0.0660888	0.0706751	0.0807736	0.1173055	0.1120247	0.1249231	0.0986515	0.0727513	0.0697248	0.0409511	0.0343856	0.0171217	0.0278957	0.0131868	0.0069284	0.0139983	0.0115053	0.0152207	0.0241064	0.0200174	0.0356212	0.02875	0.0391389	0.0580311	0.0614719	0.0736698	0.0826996	0.0887428	0.0840611	0.0986696	0.0966325	0.0853147	0.088685	0.1097708	0.1141805	0.1315789	0.1172962	0.1070111	0.0974659	0.1082803	0.0891841	0.0740402	
Autour des palombes	0.0020121	0.0013228	0.0	0.0065177	0.0050188	0.005148	0.0032503	0.0042194	0.0011377	0.0034843	0.0030832	0.0036923	0.0021292	0.0026455	0.0030581	0.0035227	0.0016911	0.0013882	6.064E-4	8.791E-4	0.0023095	8.749E-4	0.0019175	0.0045662	0.0024938	0.002611	0.0017376	0.006875	0.0078278	0.0062176	0.004329	0.0095498	0.006654	0.0041085	0.0054585	0.0033259	0.0043924	0.0027972	0.0076453	0.0024125	0.0018416	0.0052632	0.0039761	0.0092251	0.0038986	0.0042463	0.0056926	0.0018282	
Épervier d'Europe ou Autour des palombes	0.0	0.0	0.0	0.0	0.0	0.0	0.0	0.0	0.0	0.0	0.0	0.0	0.0	0.0	0.0	0.0	0.0	0.0	0.0	0.0	0.0	0.0	0.0	0.0	0.0	0.0	0.0	0.0	0.0	0.0	0.0	0.0	0.0	0.0	0.0	0.0011086	0.0	0.0	0.0	0.0	0.0	0.0	0.0	0.0	0.0	0.0	0.0	0.0	
Aerospiza, Tachyspiza, Accipiter ou Astur sp.	0.001006	0.0	0.0	9.311E-4	0.0	0.0	0.0010834	0.0	0.0	0.0	0.0010277	6.154E-4	0.0	0.0	6.116E-4	4.403E-4	0.0015	0.0	0.0	4.396E-4	0.0	8.749E-4	0.0	0.0	0.0	0.0015	8.688E-4	0.0015	9.785E-4	0.0015	8.658E-4	6.821E-4	9.506E-4	0.0	0.0	0.0022173	0.0015	0.0041958	0.0015291	0.0012063	0.0018416	0.0	0.0019881	0.0	0.0019493	0.0	0.0018975	0.0015	
Busard des roseaux	0.0764588	0.0793651	0.0814717	0.0726257	0.1003764	0.0823681	0.0953413	0.0748945	0.0739477	0.1091754	0.0955807	0.1476923	0.1199432	0.1011905	0.0966361	0.1021576	0.0811725	0.0610828	0.0418435	0.0241758	0.0200154	0.0174978	0.0143816	0.0136986	0.0108063	0.0147955	0.0121633	0.014375	0.0156556	0.0300518	0.0398268	0.0763984	0.1007605	0.0994248	0.0982533	0.0809313	0.0761347	0.0573427	0.058104	0.0832328	0.0828729	0.0596491	0.0815109	0.0645756	0.0974659	0.0806794	0.085389	0.0914077	
Busard Saint-Martin	0.0251509	0.0277778	0.0197109	0.0195531	0.0250941	0.02574	0.0260022	0.0158228	0.0238908	0.018583	0.0154162	0.0178462	0.0113556	0.0079365	0.0061162	0.0057244	0.005637	0.005553	0.004245	0.0030769	0.0038491	0.0034996	0.0057526	0.0015221	0.0041563	0.0034813	0.0052129	0.004375	0.0048924	0.0015	0.0121212	0.0088677	0.0095057	0.010682	0.0098253	0.0066519	0.0190337	0.013986	0.0198777	0.0156815	0.014733	0.0421053	0.0437376	0.0258303	0.042885	0.0424628	0.0341556	0.0338208	
Busard pâle	0.001006	0.0015	0.0015	0.0027933	0.0015	0.001287	0.0010834	0.0	0.0	0.0015	0.0	0.0	0.0015	6.614E-4	6.116E-4	0.0	0.0	0.0	0.0	0.0	0.0	0.0	0.0	0.0	0.0	0.0	0.0	0.0	0.0	0.0	0.0	0.0	0.0	0.0015	0.0	0.0011086	0.0	0.0	0.0015291	0.0015	0.0036832	0.0	0.0039761	0.0	0.0038986	0.0015	0.0018975	0.0036563	
Busard cendré	0.0	0.0	0.0	0.0	0.0	0.0	0.0	0.0	0.0011377	0.0	0.0	0.0015	0.0120653	0.0125661	0.0152905	0.0277411	0.0163472	0.0212864	0.0218314	0.0145055	0.0123172	0.015748	0.0115053	0.0136986	0.0108063	0.0087032	0.0104257	0.018125	0.0215264	0.0145078	0.012987	0.0368349	0.0190114	0.0139688	0.0043668	0.0011086	0.0	0.0015	0.0	0.0	0.0	0.0	0.0	0.0	0.0	0.0	0.0	0.0	
Busard Saint-Martin ou B. cendré	0.0	0.0	0.0	0.0	0.0	0.0	0.0	0.0	0.0	0.0	0.0	0.0	0.0	0.0	0.0	4.403E-4	0.0	0.0	0.0	4.396E-4	0.0	0.0	0.0	0.0	0.0	0.0	0.0	0.0	0.0	0.0	0.0	0.0015	0.0	0.0	0.0	0.0	0.0	0.0	0.0	0.0	0.0	0.0	0.0	0.0	0.0	0.0	0.0	0.0	
Busard pâle ou B. cendré	0.0	0.0	0.0	0.0	0.0	0.0	0.0	0.0	0.0	0.0	0.0	0.0012308	0.0	0.0	6.116E-4	0.0017613	0.0	0.0	0.0	0.0	0.0	0.0	0.0	0.0	0.0	0.0	0.0	0.0	0.0	0.0	0.0	0.0	0.0	0.0	0.0	0.0	0.0	0.0	0.0	0.0	0.0	0.0	0.0	0.0	0.0	0.0	0.0	0.0	
busard sp.	0.0	0.0	0.0	0.0	0.0	0.001287	0.0	0.0	0.0011377	0.0034843	0.0020555	0.0012308	0.0042583	0.0013228	0.0024465	0.0022017	0.0011274	0.0013882	0.0024257	0.0013187	7.698E-4	8.749E-4	9.588E-4	7.61E-4	8.313E-4	0.0	8.688E-4	0.0015	9.785E-4	0.0	8.658E-4	0.0020464	0.0038023	0.0032868	0.0010917	0.0022173	0.0	0.0013986	0.0	0.0012063	0.0	0.0	0.0	0.0	0.0	0.0015	0.0018975	0.0	
Milan royal	0.0895372	0.0661376	0.0578187	0.0744879	0.0953576	0.0965251	0.1007584	0.1044304	0.0887372	0.0917538	0.0832477	0.0849231	0.0823279	0.0449735	0.0587156	0.0466755	0.0439684	0.0504396	0.0521528	0.0461538	0.0277136	0.0577428	0.0584851	0.042618	0.0598504	0.0800696	0.0668983	0.065625	0.0655577	0.0611399	0.0692641	0.0770805	0.0722433	0.0764174	0.0796943	0.1097561	0.124451	0.1342657	0.1513761	0.0940893	0.1104972	0.1052632	0.1033797	0.101476	0.08577	0.089172	0.0815939	0.0749543	
Milan noir	0.001006	0.0	0.0	0.0	0.0	0.001287	0.0010834	0.021097	0.0853242	0.1904762	0.2497431	0.3095385	0.2583392	0.2228836	0.2593272	0.21048	0.2378805	0.2387783	0.2389327	0.2259341	0.247883	0.2598425	0.2070949	0.2062405	0.1911887	0.2384682	0.2137272	0.1875	0.1545988	0.0829016	0.0640693	0.0457026	0.0285171	0.0345111	0.0152838	0.0110865	0.0029283	0.0027972	0.0015291	0.0048251	0.0	0.0	0.0	0.001845	0.0	0.0	0.0	0.0	
Milan royal ou M. noir	0.001006	0.0	0.0	0.0	0.0012547	0.0	0.0015	0.0010549	0.0015	0.0015	0.0	0.0024615	0.0014194	0.0019841	0.0030581	0.002642	0.0016911	0.0023137	0.0030321	0.0017582	0.0015396	0.0017498	9.588E-4	0.0	0.0016625	8.703E-4	0.0034752	0.0	0.0015	0.0010363	0.0017316	6.821E-4	9.506E-4	8.217E-4	0.0010917	0.0015	0.0014641	0.0	0.0	0.0015	0.0015	0.0017544	0.0	0.0	0.0	0.0	0.0	0.0	
Pygargue à queue blanche	0.0	0.0	0.0013141	0.0015	0.0	0.0015	0.0	0.0	0.0015	0.0015	0.0	0.0	0.0	0.0	0.0	0.0	0.0	0.0	0.0	0.0	0.0	0.0	0.0	0.0	0.0	0.0	0.0	0.0	0.0	0.0	0.0	0.0	0.0	0.0	0.0	0.0	0.0	0.0	0.0	0.0	0.0	0.0	0.0019881	0.0015	0.0015	0.0	0.0	0.0	
Buse de Harris	0.0	0.0	0.0	0.0	0.0	0.0	0.0015	0.0	0.0	0.0	0.0	6.154E-4	0.0	0.0	0.0	0.0	0.0	0.0	0.0	0.0	0.0	0.0	0.0	0.0	0.0	0.0	0.0	0.0	0.0	0.0	0.0	0.0	0.0	0.0	0.0	0.0	0.0	0.0	0.0	0.0	0.0	0.0	0.0	0.0	0.0	0.0	0.0	0.0	
Buse pattue	0.001006	0.0015	0.0	0.0015	0.0012547	0.001287	0.0015	0.0010549	0.0	0.0	0.0	0.0	0.0	0.0	0.0	0.0	0.0	0.0	0.0	0.0	0.0	0.0	0.0	0.0	0.0	0.0	0.0	0.0	0.0	0.0	0.0	0.0	0.0	0.0	0.0	0.0	0.0	0.0	0.0	0.0	0.0	0.0	0.0	0.0	0.0	0.0021231	0.0015	0.0015	
Buse variable	0.2615694	0.2328042	0.2155059	0.2318436	0.259724	0.2380952	0.2394366	0.2700422	0.2787258	0.2682927	0.2076053	0.1987692	0.1774308	0.1732804	0.1718654	0.1580801	0.1476888	0.1420639	0.1467556	0.1375824	0.1170131	0.1154856	0.1093001	0.1012177	0.1330008	0.1470844	0.1520417	0.15625	0.1604697	0.1699482	0.1757576	0.2039563	0.1920152	0.1972062	0.1844978	0.2361419	0.2166911	0.2293706	0.2614679	0.2328106	0.2357274	0.2578947	0.2683897	0.2767528	0.2787524	0.2611465	0.2485769	0.2586837	
Buteo sp.	0.0	0.0	0.0026281	0.0027933	0.0	0.0	0.0	0.0	0.0	0.0	0.0	0.0	7.097E-4	0.0	0.0	0.0	0.0	4.627E-4	0.0012129	4.396E-4	0.0	0.0	9.588E-4	0.0	0.0	8.703E-4	0.0	0.0015	0.0	0.0	8.658E-4	0.0	9.506E-4	0.0	0.0	0.0015	0.0	0.0	0.0	0.0	0.0	0.0017544	0.0	0.001845	0.0	0.0	0.0	0.0	
rapace sp.	0.0020121	0.0015	0.0	0.0018622	0.0	0.0015	0.0010834	0.0031646	0.003413	0.0046458	0.004111	0.0024615	0.0014194	0.0033069	0.0018349	8.807E-4	0.0028185	0.0023137	6.064E-4	0.0026374	7.698E-4	0.0034996	9.588E-4	0.0015221	0.0024938	8.703E-4	0.0	0.001875	0.0	0.0	0.0025974	0.0027285	0.0038023	0.0024651	0.0010917	0.0022173	0.0	0.0041958	0.0030581	0.0012063	0.0	0.0	0.0019881	0.001845	0.0	0.0	0.0015	0.0027422	
aigle ou pygargue sp.	0.0	0.0	0.0	0.0	0.0	0.0	0.0	0.0	0.0	0.0	0.0	0.0	0.0	0.0	0.0	0.0	0.0	0.0	0.0	0.0	0.0	0.0	0.0	0.0	0.0	0.0	0.0	0.0	0.0	0.0	0.0	0.0	0.0	8.217E-4	0.0	0.0	0.0	0.0	0.0	0.0	0.0	0.0	0.0	0.0	0.0	0.0	0.0	0.0	
Effraie des clochers	0.0015	0.0013228	0.0013141	9.311E-4	0.0012547	0.001287	0.0010834	0.0010549	0.0011377	0.0011614	0.0020555	0.0012308	0.0014194	0.0033069	0.0018349	0.0015	0.0016911	0.001851	0.0015	8.791E-4	0.0015396	0.0017498	0.0038351	0.0030441	0.0016625	0.0017406	0.0034752	0.00125	0.0019569	0.0072539	0.008658	0.0034106	0.0015	8.217E-4	0.0010917	0.0015	0.0014641	0.0027972	0.0015	0.0024125	0.0015	0.0035088	0.0015	0.001845	0.0015	0.0021231	0.0037951	0.0018282	
Petit-duc scops	0.0	0.0	0.0	0.0	0.0	0.0	0.0	0.0	0.0011377	0.0015	0.0061665	0.0043077	0.0085167	0.0165344	0.0110092	0.0140907	0.0174746	0.0097177	0.0151607	0.0197802	0.0177059	0.0104987	0.0134228	0.0121766	0.0174564	0.0174064	0.0104257	0.014375	0.0068493	0.0041451	0.0034632	0.0034106	9.506E-4	0.0016434	0.0054585	0.0011086	0.0015	0.0015	0.0	0.0	0.0	0.0	0.0	0.0	0.0	0.0	0.0	0.0	
Grand-duc d'Europe	0.0080483	0.0026455	0.0065703	0.0018622	0.0037641	0.001287	0.007584	0.007384	0.003413	0.0015	0.0020555	0.0012308	0.0028389	0.0026455	0.0018349	0.0017613	0.0016911	0.0023137	0.0024257	0.0035165	7.698E-4	0.0026247	0.0015	0.0030441	8.313E-4	0.0017406	8.688E-4	0.0015	0.0015	0.0020725	8.658E-4	0.0013643	9.506E-4	0.0016434	0.0032751	0.0011086	0.0043924	0.0015	0.0	0.0012063	0.0015	0.0035088	0.0079523	0.0015	0.0038986	0.0021231	0.0037951	0.0027422	
Chevêchette d'Europe	0.0	0.0	0.0	0.0	0.0	0.0	0.0	0.0031646	0.0011377	0.0	0.0	0.0012308	0.0	0.0	0.0	0.0	0.0	0.0	0.0	0.0	0.0	0.0	0.0	0.0	0.0	0.0	0.0	0.0	0.0	0.0	0.0	0.0	9.506E-4	0.0	0.0	0.0	0.0	0.0	0.0	0.0	0.0	0.0017544	0.0	0.0	0.0	0.0	0.0	0.0	
Chevêche d'Athéna	0.0080483	0.0092593	0.0065703	0.0037244	0.0087829	0.003861	0.0043337	0.0031646	0.0045506	0.0069686	0.0071942	0.0098462	0.007807	0.0066138	0.0091743	0.007926	0.0107103	0.007404	0.0121286	0.0105495	0.0169361	0.0166229	0.0115053	0.0106545	0.0108063	0.0130548	0.0121633	0.013125	0.0127202	0.015544	0.0251082	0.0122783	0.0038023	0.0065735	0.010917	0.0088692	0.011713	0.0125874	0.0061162	0.0084439	0.0092081	0.0175439	0.0019881	0.001845	0.0136452	0.0084926	0.0094877	0.0109689	
Chouette hulotte	0.0110664	0.010582	0.0091984	0.0139665	0.0075282	0.018018	0.0260022	0.007384	0.0102389	0.0092915	0.0061665	0.0116923	0.0113556	0.0132275	0.0097859	0.0061647	0.0152198	0.009255	0.0090964	0.0149451	0.0115473	0.0069991	0.008629	0.0121766	0.0091438	0.0156658	0.0112945	0.01	0.0107632	0.0238342	0.0199134	0.0156889	0.0161597	0.0139688	0.0163755	0.0066519	0.0043924	0.0041958	0.0137615	0.013269	0.0110497	0.0140351	0.0119284	0.0073801	0.0194932	0.0063694	0.0018975	0.0091408	
Hibou moyen-duc	0.0	0.0039683	0.0026281	0.0055866	0.0015	0.003861	0.0010834	0.0010549	0.0011377	0.0011614	0.0010277	0.0018462	7.097E-4	0.0033069	6.116E-4	0.001321	0.0028185	0.0027765	0.0015	0.0021978	0.0023095	8.749E-4	9.588E-4	0.0030441	8.313E-4	0.0015	0.0015	0.0015	9.785E-4	0.0051813	8.658E-4	0.0020464	0.0028517	0.0016434	0.0015	0.0	0.0	0.0013986	0.0	0.0024125	0.0	0.0017544	0.0039761	0.0	0.0019493	0.0021231	0.0018975	0.0015	
Hibou des marais	0.001006	0.0013228	0.0026281	0.0015	0.0012547	0.0	0.0015	0.0010549	0.0011377	0.0	0.0	0.0012308	0.0014194	6.614E-4	0.0015	8.807E-4	0.0016911	0.0	0.0	0.0015	0.0	0.0	0.0	0.0	0.0	0.0	0.0	0.0	0.0	0.0	0.0	0.0013643	0.0	0.0	0.0	0.0022173	0.0015	0.0	0.0	0.0	0.0	0.0017544	0.0039761	0.0	0.0038986	0.0015	0.0015	0.0	
Hibou moyen-duc ou H. des marais	0.0	0.0	0.0	0.0	0.0	0.0	0.0	0.0	0.0	0.0	0.0015	0.0	0.0	0.0	0.0	0.0	0.0	0.0	0.0	0.0	0.0	0.0	0.0	0.0	0.0	0.0	0.0	0.0	0.0	0.0	0.0	0.0	0.0	0.0	0.0	0.0	0.0	0.0	0.0	0.0	0.0	0.0	0.0	0.001845	0.0	0.0	0.0	0.0	
Chouette de Tengmalm	0.0	0.0	0.0	0.0	0.0012547	0.001287	0.0015	0.0021097	0.0011377	0.0015	0.0	0.0024615	7.097E-4	0.0	6.116E-4	0.0015	0.0011274	0.0	0.0015	4.396E-4	0.0	0.0	0.0	0.0015	8.313E-4	0.0	0.0015	0.0015	0.0	0.0015	0.0015	0.0	9.506E-4	0.0	0.0	0.0	0.0	0.0	0.0	0.0	0.0	0.0017544	0.0	0.0	0.0	0.0	0.0	0.0	
Strigiformes sp.	0.0	0.0	0.0	0.0	0.0	0.0	0.0	0.0	0.0	0.0	0.0	0.0	0.0	0.0	0.0	0.0	0.0	0.0	0.0	0.0	0.0015	8.749E-4	0.0	0.0	0.0	0.0	0.0	0.0	0.0	0.0	0.0	0.0	9.506E-4	0.0	0.0	0.0011086	0.0	0.0	0.0	0.0	0.0	0.0	0.0	0.001845	0.0	0.0	0.0	0.0	
Huppe fasciée	0.0140845	0.0066138	0.0131406	0.0102421	0.0025094	0.016731	0.0097508	0.0137131	0.0136519	0.0452962	0.0729702	0.0910769	0.1440738	0.1706349	0.1743119	0.1638045	0.1617813	0.1619621	0.1637356	0.1635165	0.1516551	0.1347332	0.096836	0.1149163	0.0997506	0.0992167	0.086881	0.073125	0.072407	0.080829	0.0554113	0.0470668	0.0294677	0.0197206	0.0229258	0.0066519	0.0043924	0.0055944	0.0107034	0.0168878	0.0239411	0.0052632	0.0139165	0.0166052	0.0175439	0.0084926	0.0265655	0.0191956	
Guêpier de Perse	0.0	0.0	0.0	0.0	0.0	0.0	0.0	0.0	0.0	0.0	0.0	0.0	0.0	0.0	0.0	0.0	0.0016911	0.0	0.0	0.0	0.0	0.0	0.0	0.0	0.0	0.0	0.0	0.0	0.0	0.0	0.0	0.0	0.0	0.0	0.0	0.0	0.0	0.0	0.0	0.0	0.0	0.0	0.0	0.0	0.0	0.0	0.0	0.0	
Guêpier d'Europe	0.0	0.0	0.0	0.0	0.0	0.0	0.0	0.0	0.0	0.0	0.0	6.154E-4	0.0099361	0.026455	0.0782875	0.1422281	0.2074408	0.1999075	0.1570649	0.0997802	0.095458	0.0577428	0.0613615	0.0601218	0.074813	0.0652742	0.0747176	0.09	0.0821918	0.0974093	0.0917749	0.1302865	0.148289	0.0698439	0.018559	0.0044346	0.0073206	0.0	0.0	0.0015	0.0	0.0	0.0	0.0	0.0	0.0	0.0	0.0	
Martin-pêcheur d'Europe	0.11167	0.0899471	0.0972405	0.0782123	0.0614806	0.0682111	0.063922	0.0601266	0.0568828	0.0429733	0.0400822	0.0363077	0.0269695	0.0284392	0.0250765	0.0224571	0.0248027	0.0217492	0.0272893	0.0237363	0.0400308	0.0314961	0.0220518	0.0319635	0.0440565	0.0522193	0.0460469	0.049375	0.0714286	0.1088083	0.1012987	0.1412005	0.1245247	0.1676253	0.1888646	0.1807095	0.1742313	0.1706294	0.1559633	0.1833534	0.1841621	0.1754386	0.1868787	0.1900369	0.1578947	0.1762208	0.1726755	0.1106033	
Rollier d'Europe	0.0	0.0	0.0	0.0	0.0	0.0	0.0	0.0	0.0	0.0	0.0	0.0	0.0014194	0.0013228	0.0024465	0.0198151	0.0366404	0.0291532	0.0491207	0.029011	0.0331024	0.0218723	0.0182167	0.0334855	0.035744	0.02698	0.0234579	0.03125	0.0293542	0.0518135	0.04329	0.0347885	0.0494297	0.0205423	0.0131004	0.0033259	0.0	0.0013986	0.0	0.0	0.0	0.0	0.0	0.0	0.0	0.0	0.0	0.0	
Torcol fourmilier	0.0	0.0015	0.0015	0.0018622	0.0012547	0.0	0.0010834	0.0021097	0.0	0.0023229	0.0020555	0.0036923	0.0106458	0.0185185	0.0220183	0.0110084	0.0073281	0.0124942	0.0078836	0.0101099	0.0053888	0.0061242	0.0095877	0.0022831	0.0041563	8.703E-4	0.004344	0.00375	0.0019569	0.0010363	0.004329	0.0095498	0.0104563	0.0123254	0.0021834	0.0044346	0.0029283	0.0013986	0.0045872	0.0024125	0.0018416	0.0	0.0019881	0.0	0.0019493	0.0015	0.0018975	0.0	
Pic mar	0.0211268	0.0119048	0.0091984	0.0083799	0.0125471	0.009009	0.0173348	0.0116034	0.0136519	0.0081301	0.0174717	0.0147692	0.0099361	0.0138889	0.0097859	0.0044033	0.0028185	0.0060157	0.0054579	0.0079121	0.0076982	0.0096238	0.012464	0.0144597	0.0182876	0.02698	0.0156386	0.010625	0.0097847	0.0082902	0.008658	0.0075034	0.0095057	0.0180772	0.0098253	0.0121951	0.0058565	0.0083916	0.0122324	0.0060314	0.0092081	0.0105263	0.0059642	0.0092251	0.0077973	0.0127389	0.0170778	0.0310786	
Pic à dos blanc	0.0	0.0	0.0	0.0	0.0	0.0	0.0	0.0	0.0	0.0	0.0	0.0	0.0	0.0	6.116E-4	0.0	0.0	0.0	0.0	0.0	0.0	0.0	0.0	0.0	0.0	0.0	8.688E-4	0.0	0.0	0.0	0.0	0.0	0.0	0.0	0.0010917	0.0	0.0	0.0	0.0	0.0	0.0	0.0	0.0	0.0	0.0	0.0	0.0	0.0	
Pic épeiche	0.1267606	0.0767196	0.0709593	0.0744879	0.1003764	0.0810811	0.0877573	0.0822785	0.0864619	0.0859466	0.0822199	0.0972308	0.087296	0.0839947	0.0672783	0.0523998	0.0710259	0.0708006	0.0891449	0.0901099	0.0993072	0.0813648	0.093001	0.0913242	0.1005819	0.1157528	0.1129453	0.103125	0.1056751	0.1398964	0.1073593	0.1070941	0.0988593	0.0838127	0.0873362	0.1031042	0.0951684	0.1286713	0.1207951	0.1013269	0.0957643	0.1192982	0.1073559	0.1180812	0.1111111	0.1316348	0.0986717	0.1252285	
Dendrocopos sp.	0.0	0.0	0.0	0.0	0.0	0.0	0.0010834	0.0	0.0011377	0.0	0.0	0.0	7.097E-4	0.0	6.116E-4	0.0	0.0	0.0	0.0	0.0	0.0	0.0	0.0	0.0	0.0	0.0	8.688E-4	0.0	0.0	0.0	0.0	0.0013643	9.506E-4	0.0	0.0010917	0.0	0.0	0.0	0.0	0.0	0.0018416	0.0	0.0	0.0	0.0	0.0	0.0	0.0018282	
Pic épeichette	0.0221328	0.021164	0.0328515	0.0307263	0.0363864	0.02574	0.0433369	0.0369198	0.0341297	0.0336818	0.0298047	0.0252308	0.0241306	0.0284392	0.0152905	0.009247	0.011274	0.0041647	0.0103093	0.0162637	0.0230947	0.0201225	0.0172579	0.0190259	0.0182876	0.0191471	0.0147698	0.015625	0.0107632	0.0238342	0.021645	0.0231924	0.0218631	0.0271159	0.018559	0.0432373	0.0307467	0.0321678	0.0198777	0.039807	0.0276243	0.0263158	0.0397614	0.0332103	0.0292398	0.0360934	0.0208729	0.0146252	
Pic vert	0.1156942	0.0925926	0.0919842	0.1117318	0.1028858	0.1274131	0.1527627	0.1487342	0.1774744	0.1788618	0.1531346	0.1587692	0.1277502	0.1349206	0.1009174	0.0801409	0.0772266	0.0694123	0.0855064	0.0786813	0.0731332	0.0682415	0.0767018	0.0814307	0.1122195	0.1714534	0.1364031	0.119375	0.1144814	0.1170984	0.1160173	0.111869	0.1112167	0.1166804	0.1080786	0.1385809	0.1449488	0.1622378	0.1574924	0.1242461	0.121547	0.154386	0.139165	0.1328413	0.1169591	0.1358811	0.1119545	0.1234004	
Pic de Sharpe	0.0140845	0.0066138	0.0091984	0.0121043	0.0150565	0.014157	0.007584	0.0158228	0.0113766	0.0197445	0.0256937	0.0203077	0.02555	0.026455	0.017737	0.0149714	0.0124014	0.0120315	0.0103093	0.0145055	0.0115473	0.0122485	0.0162991	0.0289193	0.0207814	0.0165361	0.0243267	0.024375	0.0273973	0.0207254	0.025974	0.0225102	0.0209125	0.0073952	0.0076419	0.018847	0.0087848	0.0167832	0.0198777	0.0072376	0.0202578	0.0175439	0.0079523	0.0147601	0.0175439	0.0106157	0.0113852	0.0182815	
Hybride Pic vert x P. de Sharpe	0.001006	0.0	0.0	0.0	0.0	0.0	0.0	0.0	0.0	0.0	0.0	0.0	0.0	0.0	0.0	0.0	0.0	0.0	0.0	0.0	0.0	0.0	0.0	0.0	0.0	0.0	0.0	0.0	0.0	0.0	0.0	0.0	0.0	0.0	0.0	0.0	0.0	0.0	0.0	0.0	0.0	0.0	0.0	0.0	0.0	0.0	0.0	0.0	
Pic vert ou P. de Sharpe	0.0	0.0	0.0013141	0.0015	0.0012547	0.001287	0.0043337	0.0021097	0.0011377	0.0	0.0020555	0.0012308	7.097E-4	0.0026455	0.0018349	0.0017613	0.0	4.627E-4	6.064E-4	0.0	7.698E-4	8.749E-4	9.588E-4	0.0030441	0.0049875	0.002611	0.0034752	0.0025	0.0068493	0.0031088	0.0034632	0.0013643	0.0038023	0.0016434	0.0	0.0	0.0	0.0	0.0015	0.0012063	0.0015	0.0	0.0	0.0	0.0097466	0.0	0.0018975	0.0018282	
Pic noir	0.028169	0.0224868	0.0197109	0.0139665	0.0263488	0.015444	0.0303359	0.0200422	0.032992	0.0162602	0.0113052	0.0190769	0.0177431	0.0205026	0.0238532	0.0110084	0.0124014	0.0157335	0.0151607	0.0246154	0.0146266	0.0201225	0.0201342	0.0228311	0.0149626	0.02698	0.0243267	0.01625	0.0244618	0.0165803	0.0207792	0.0238745	0.026616	0.032046	0.018559	0.0254989	0.0175695	0.020979	0.0168196	0.0313631	0.0294659	0.0245614	0.0159046	0.0184502	0.0448343	0.0212314	0.0303605	0.0201097	
pic sp.	0.0	0.0	0.0	0.0	0.0	0.0	0.0	0.0	0.0	0.0	0.0	0.0	0.0	0.0	0.0	0.0	0.0	0.0	0.0	0.0	0.0	0.0	9.588E-4	7.61E-4	0.0	0.0	0.0	0.0	0.0	0.0	0.0	0.0	0.0	0.0016434	0.0010917	0.0011086	0.0	0.0	0.0	0.0	0.0	0.0	0.0	0.0	0.0	0.0	0.0	0.0	
Faucon crécerellette	0.0	0.0	0.0	0.0	0.0	0.0	0.0010834	0.0	0.0	0.0034843	0.004111	0.0116923	0.0134847	0.0066138	0.0110092	0.014531	0.0163472	0.0083295	0.0090964	0.0079121	0.0100077	0.0026247	0.0057526	7.61E-4	0.0099751	0.0015	0.0034752	0.0075	0.0078278	0.0031088	0.0077922	0.0102319	0.013308	0.0032868	0.0043668	0.0022173	0.0029283	0.0	0.0	0.0	0.0	0.0	0.0	0.0	0.0	0.0	0.0	0.0	
Faucon crécerelle	0.22334	0.1917989	0.1931669	0.1862197	0.1907152	0.1492921	0.1874323	0.1729958	0.1956769	0.2160279	0.2456321	0.2473846	0.2711143	0.2744709	0.2629969	0.2637605	0.2519729	0.2202684	0.2207398	0.1683516	0.1670516	0.1881015	0.1677852	0.1598174	0.2086451	0.178416	0.1850565	0.1975	0.1927593	0.1917098	0.2112554	0.2175989	0.2576046	0.2341824	0.2401747	0.2305987	0.2342606	0.2615385	0.2308869	0.2171291	0.228361	0.2280702	0.1968191	0.2084871	0.2378168	0.2377919	0.2390892	0.2340037	
Faucon crécerellette ou F. crécerelle	0.0015	0.0	0.0	0.0	0.0	0.0	0.0	0.0021097	0.0022753	0.0015	0.0020555	0.0172308	0.012775	0.0079365	0.0097859	0.009247	0.0028185	0.0046275	0.0066707	0.003956	0.0023095	0.0034996	9.588E-4	7.61E-4	0.0016625	0.0015	8.688E-4	0.0015	0.0	0.0015	0.0017316	0.0040928	0.0057034	0.0049302	0.0043668	0.0044346	0.0029283	0.0027972	0.0	0.0015	0.0	0.0	0.0	0.0	0.0	0.0	0.0	0.0	
Faucon kobez	0.0	0.0	0.0	0.0	0.0	0.0	0.0	0.0	0.0	0.0	0.0	0.0	0.0015	0.0015	0.0036697	0.0057244	0.0045096	0.0060157	0.0109157	0.0043956	7.698E-4	0.0	0.0	0.0	0.0	0.0	8.688E-4	6.25E-4	9.785E-4	0.0	0.0015	0.0	0.0028517	0.0032868	0.0015	0.0011086	0.0014641	0.0	0.0015	0.0	0.0	0.0	0.0	0.0	0.0	0.0	0.0	0.0	
Faucon d'Éléonore	0.0	0.0	0.0	0.0	0.0	0.0	0.0	0.0	0.0	0.0	0.0	0.0	0.0	0.0013228	0.0	4.403E-4	0.0	0.0013882	6.064E-4	0.0015	0.0030793	0.0026247	0.0028763	0.0030441	0.0083126	0.0078329	0.0052129	0.005	0.0068493	0.0051813	0.0051948	0.0040928	0.0038023	0.0032868	0.0010917	0.0011086	0.0015	0.0013986	0.0015	0.0015	0.0	0.0	0.0	0.0	0.0	0.0	0.0	0.0	
Faucon émerillon	0.0050302	0.0026455	0.0052562	0.0018622	0.0062735	0.005148	0.0043337	0.0063291	0.0045506	0.0011614	0.004111	0.0049231	0.0042583	0.0039683	0.0091743	0.0070454	0.0033822	4.627E-4	0.0	0.0	0.0	0.0	0.0	0.0	0.0	0.0	0.0	0.0	0.0	0.0	0.0	0.0	0.0	8.217E-4	0.0021834	0.0033259	0.0073206	0.0027972	0.0061162	0.0048251	0.0055249	0.0140351	0.0079523	0.0092251	0.0097466	0.0127389	0.0018975	0.0045704	
Faucon hobereau	0.0	0.0	0.0	0.0	0.0	0.0	0.0	0.0	0.0	0.0	0.0020555	6.154E-4	0.0035486	0.0191799	0.0415902	0.0387494	0.0360767	0.0397964	0.046695	0.0259341	0.0200154	0.023622	0.0201342	0.0167428	0.0207814	0.0174064	0.0173762	0.01375	0.0303327	0.0186528	0.0207792	0.026603	0.0437262	0.0394412	0.0393013	0.0465632	0.0366032	0.0041958	0.0015291	0.0015	0.0	0.0	0.0	0.0	0.0	0.0	0.0	0.0	
Faucon sacre	0.0015	0.0	0.0	0.0111732	0.0012547	0.0015	0.0021668	0.0	0.0	0.0	0.0	0.0	0.0	0.0	0.0	0.0	0.0	0.0	0.0	0.0	0.0	0.0	0.0	0.0	0.0	0.0	0.0	0.0	0.0	0.0	0.0	0.0	9.506E-4	8.217E-4	0.0	0.0	0.0	0.0	0.0	0.0	0.0	0.0	0.0	0.0	0.0	0.0	0.0	0.0	
Faucon pèlerin	0.0352113	0.026455	0.0289093	0.0353818	0.0451694	0.046332	0.0455038	0.0411392	0.0318544	0.0371661	0.0154162	0.016	0.0163236	0.0257937	0.02263	0.0184941	0.0219842	0.0134197	0.0200121	0.0224176	0.013087	0.0244969	0.0162991	0.0205479	0.0274314	0.0200174	0.0130321	0.01625	0.0146771	0.0176166	0.0181818	0.0204638	0.0171103	0.0188989	0.0196507	0.0232816	0.0248902	0.0237762	0.0336391	0.0325694	0.0441989	0.0438596	0.0497018	0.0369004	0.0292398	0.0382166	0.0417457	0.0310786	
petit faucon sp.	0.0	0.0	0.0	0.0	0.0	0.0	0.0	0.0	0.0	0.0	0.0	0.0	0.0	0.0	0.0	0.0	0.0	0.0	0.0	0.0	0.0	0.0	0.0	0.0	0.0	0.0	0.0	0.0	9.785E-4	0.0	0.0	0.0	0.0	0.0	0.0	0.0	0.0	0.0	0.0	0.0	0.0	0.0	0.0	0.0	0.0	0.0	0.0	0.0	
Falco sp.	0.0	0.0	0.0	0.0018622	0.0	0.001287	0.0010834	0.0010549	0.0	0.0011614	0.0020555	6.154E-4	0.0014194	0.0019841	0.0024465	0.003963	0.0015	0.0023137	0.0018193	0.0013187	7.698E-4	8.749E-4	0.0	0.0022831	0.0024938	0.0017406	8.688E-4	0.001875	0.0029354	0.0010363	0.0025974	0.0040928	0.0057034	0.0049302	0.0054585	0.0011086	0.0014641	0.0013986	0.0015291	0.0012063	0.0036832	0.0017544	0.0	0.0073801	0.0	0.0	0.0	0.0	
rapace diurne sp.	0.0	0.0	0.0	9.311E-4	0.0	0.0	0.0015	0.0010549	0.0011377	0.0011614	0.0	6.154E-4	0.0021292	0.0015	6.116E-4	0.0	5.637E-4	0.0	6.064E-4	0.0	7.698E-4	0.0	0.0	0.0	0.0	0.0	0.0	0.0	0.0	0.0010363	0.0	0.0	0.0	0.0	0.0	0.0	0.0	0.0	0.0	0.0	0.0018416	0.0	0.0	0.0	0.0	0.0	0.0	0.0	
Calopsitte élégante	0.0	0.0	0.0	0.0	0.0	0.0	0.0	0.0015	0.0	0.0	0.0	0.0	0.0	0.0	6.116E-4	0.0	0.0	0.0	0.0	4.396E-4	7.698E-4	0.0	0.0	0.0015	0.0	0.0	0.0	6.25E-4	0.0	0.0	0.0	0.0	9.506E-4	8.217E-4	0.0	0.0	0.0	0.0	0.0	0.0	0.0	0.0	0.0	0.0015	0.0	0.0	0.0	0.0	
Perruche royale	0.0	0.0	0.0	0.0	0.0	0.0	0.0	0.0	0.0	0.0	0.0	0.0	0.0	0.0	0.0	0.0	0.0	0.0	0.0	0.0	0.0	0.0	0.0	0.0	0.0	0.0	0.0	0.0	0.0	0.0	0.0	0.0	0.0	0.0	0.0	0.0	0.0	0.0	0.0	0.0	0.0	0.0	0.0	0.0	0.0	0.0	0.0	0.0015	
Perruche alexandre	0.0	0.0	0.0	0.0	0.0	0.001287	0.0	0.0	0.0	0.0	0.0	0.0	0.0	0.0	0.0	0.0	0.0	0.0	0.0	0.0	0.0	0.0	0.0	0.0	0.0	0.0	0.0	0.0	0.0	0.0	0.0	0.0	0.0	0.0	0.0	0.0015	0.0	0.0	0.0	0.0	0.0	0.0	0.0	0.0	0.0	0.0	0.0	0.0	
Perruche à collier	0.0452716	0.0515873	0.0630749	0.0707635	0.0702635	0.0579151	0.0585049	0.0537975	0.0705347	0.0824623	0.057554	0.0443077	0.0425834	0.0469577	0.0440367	0.0343461	0.0388952	0.0286904	0.0315343	0.0210989	0.0508083	0.0419948	0.0393097	0.0449011	0.0191189	0.0217581	0.0251955	0.019375	0.0156556	0.0165803	0.0233766	0.0443383	0.039924	0.0780608	0.0436681	0.0576497	0.0819912	0.0573427	0.0611621	0.0880579	0.1031308	0.1192982	0.1153082	0.0811808	0.0448343	0.0934183	0.0588235	0.0265082	
Perruche ondulée	0.0	0.0	0.0	0.0	0.0	0.0	0.0	0.0	0.0	0.0	0.0	0.0	0.0	0.0	0.0	0.0	0.0	0.0	0.0	0.0	0.0	0.0	0.0	0.0	0.0	0.0	0.0	0.0	0.0	0.0	0.0	0.0	0.0	0.0	0.0	0.0011086	0.0	0.0	0.0	0.0	0.0	0.0	0.0	0.0	0.0	0.0	0.0	0.0	
Loriquet arc-en-ciel	0.0	0.0	0.0	0.0	0.0	0.0	0.0	0.0	0.0	0.0	0.0	0.0	0.0	0.0	0.0	0.0	0.0	0.0	0.0	0.0	0.0	0.0	0.0	0.0	0.0	0.0	8.688E-4	0.0	0.0	0.0	0.0	0.0	0.0	0.0	0.0	0.0	0.0	0.0	0.0	0.0	0.0	0.0	0.0	0.0	0.0	0.0	0.0	0.0	
Inséparable rosegorge	0.0	0.0	0.0	0.0	0.0	0.0	0.0	0.0	0.0	0.0	0.0	0.0	0.0	0.0	0.0	0.0	0.0	0.0	0.0	0.0	0.0	0.0	0.0	0.0	0.0	0.0	0.0	0.0	0.0	0.0	8.658E-4	0.0	0.0	0.0	0.0	0.0	0.0	0.0	0.0	0.0	0.0	0.0	0.0	0.0	0.0	0.0	0.0	0.0	
Inséparable de Fischer	0.0	0.0	0.0	0.0	0.0	0.0	0.0	0.0	0.0	0.0	0.0	0.0	0.0	0.0	0.0	0.0	0.0	0.0	0.0015	0.0	0.0	0.0	0.0	0.0	0.0	0.0	0.0	0.0	0.0	0.0	0.0017316	0.0	0.0	0.0	0.0	0.0	0.0	0.0	0.0	0.0	0.0	0.0	0.0	0.0	0.0	0.0	0.0	0.0	
Perroquet jaco	0.0	0.0	0.0	0.0	0.0	0.0	0.0015	0.0	0.0	0.0	0.0	0.0	0.0	0.0	0.0	0.0	0.0	0.0	0.0	0.0	0.0	0.0	0.0	0.0	0.0	0.0	0.0	0.0	0.0	0.0	0.0	0.0	0.0	0.0	0.0	0.0	0.0	0.0	0.0	0.0	0.0	0.0	0.0	0.0	0.0	0.0	0.0	0.0	
Perriche veuve	0.0	0.0	0.0	0.0	0.0	0.0	0.0	0.0	0.0	0.0	0.0	0.0	0.0	0.0	0.0	0.0	0.0	0.0	0.0	4.396E-4	0.0	0.0	0.0	0.0	0.0	0.0	0.0	0.0	0.0	0.0	0.0	0.0	0.0	0.0	0.0	0.0	0.0	0.0	0.0	0.0	0.0	0.0	0.0	0.0	0.0	0.0	0.0	0.0	
Ara bleu	0.0	0.0	0.0	0.0	0.0	0.0	0.0	0.0	0.0	0.0	0.0	0.0	0.0	0.0	0.0	0.0	0.0	0.0	0.0	0.0	0.0	0.0	0.0	0.0	8.313E-4	0.0	0.0	0.0	0.0	0.0	0.0	0.0	0.0	0.0	0.0	0.0	0.0014641	0.0	0.0	0.0	0.0	0.0	0.0	0.0	0.0	0.0	0.0	0.0	
Ara militaire	0.0	0.0	0.0	0.0	0.0	0.0	0.0	0.0	0.0	0.0	0.0	0.0	0.0	0.0	0.0	0.0	0.0	0.0	0.0	0.0	0.0	0.0	0.0	0.0	8.313E-4	0.0	0.0	0.0	0.0	0.0	0.0	0.0	0.0	0.0	0.0	0.0	0.0	0.0	0.0	0.0	0.0	0.0	0.0	0.0	0.0	0.0	0.0	0.0	
Conure à tête bleue	0.0	0.0	0.0	0.0	0.0012547	0.0	0.0	0.0	0.0	0.0	0.0	0.0	0.0	0.0	0.0	0.0	0.0	0.0	0.0	0.0	0.0	0.0	0.0	0.0	0.0	0.0	0.0	0.0	0.0	0.0	0.0	0.0	0.0	0.0	0.0	0.0	0.0	0.0	0.0	0.0	0.0	0.0	0.0	0.0	0.0	0.0	0.0	0.0	
Psittaciformes sp. (Parakeet)	0.0	0.0	0.0	0.0	0.0	0.0	0.0	0.0	0.0	0.0	0.0	0.0	0.0	0.0	0.0	0.0	0.0	0.0	0.0	0.0	0.0	0.0	0.0	0.0015	0.0	0.0	0.0	0.0	0.0	0.0	0.0	0.0	0.0	0.0	0.0	0.0	0.0	0.0	0.0	0.0	0.0	0.0	0.0	0.0	0.0	0.0	0.0	0.0	
Loriot d'Europe	0.0	0.0	0.0	0.0	0.0	0.0	0.0	0.0	0.0	0.0	0.0	0.0	0.0021292	0.0066138	0.0275229	0.1100837	0.192221	0.2036094	0.202547	0.1951648	0.2063125	0.1741032	0.168744	0.1552511	0.1521197	0.1697128	0.1442224	0.1175	0.1105675	0.1098446	0.0874459	0.0566166	0.0114068	0.0073952	0.0010917	0.0011086	0.0	0.0	0.0	0.0	0.0	0.0	0.0	0.0	0.0	0.0	0.0	0.0	
Pie-grièche écorcheur	0.0	0.0	0.0	0.0	0.0	0.0	0.0	0.0	0.0	0.0	0.0	0.0	7.097E-4	0.0	6.116E-4	0.0044033	0.0225479	0.0411846	0.0576107	0.0518681	0.0423403	0.0376203	0.033557	0.0372907	0.0473815	0.05396	0.0425717	0.059375	0.0450098	0.0414508	0.0329004	0.0354707	0.0209125	0.0131471	0.010917	0.0011086	0.0014641	0.0013986	0.0	0.0	0.0	0.0	0.0	0.0	0.0	0.0	0.0	0.0	
Pie-grièche méridionale	0.0040241	0.0119048	0.0039422	0.0083799	0.0050188	0.003861	0.0021668	0.0052743	0.0068259	0.0046458	0.004111	0.0036923	7.097E-4	0.0033069	0.004893	0.003963	0.0095829	0.007404	0.004245	0.010989	0.0053888	0.0061242	0.0028763	0.0053272	0.0058188	0.0078329	0.0060817	0.00375	0.0048924	0.0082902	0.0077922	0.0061392	0.006654	0.0073952	0.0032751	0.0033259	0.0043924	0.0041958	0.0076453	0.0012063	0.0036832	0.0087719	0.0039761	0.0073801	0.0097466	0.014862	0.0056926	0.0173675	
Pie-grièche grise	0.0020121	0.0026455	0.0026281	9.311E-4	0.0012547	0.001287	0.0015	0.0010549	0.0011377	0.0	0.0	0.0018462	0.0021292	0.0	0.0	0.0	0.0015	4.627E-4	0.0018193	4.396E-4	0.0	0.0015	0.0019175	0.0015	8.313E-4	8.703E-4	0.0034752	0.003125	0.0015	0.0	0.0	6.821E-4	0.0	0.0015	0.0	0.0011086	0.0015	0.0	0.0015291	0.0015	0.0015	0.0015	0.0019881	0.0	0.0019493	0.0	0.0015	0.0	
Pie-grièche à poitrine rose	0.0	0.0	0.0	0.0	0.0	0.0	0.0	0.0	0.0	0.0	0.0	0.0	0.0	6.614E-4	0.0	0.0	0.0015	0.0015	0.0015	0.0015	0.0015	0.0015	0.0015	7.61E-4	0.0	8.703E-4	0.0	6.25E-4	0.0019569	0.0020725	8.658E-4	0.0	0.0	0.0	0.0	0.0	0.0	0.0	0.0	0.0	0.0	0.0	0.0	0.0	0.0	0.0	0.0	0.0	
Pie-grièche à tête rousse	0.0	0.0	0.0	0.0	0.0	0.0	0.0	0.0	0.0	0.0	0.0010277	0.0012308	0.0134847	0.0079365	0.0324159	0.0678115	0.0625705	0.0513651	0.05943	0.0487912	0.0446497	0.0297463	0.029722	0.0327245	0.0274314	0.0182768	0.0286707	0.02875	0.0313112	0.0331606	0.0199134	0.0109141	0.0038023	0.0090386	0.0	0.0	0.0	0.0013986	0.0	0.0	0.0	0.0	0.0	0.0	0.0	0.0	0.0	0.0	
Laniidés sp.	0.0	0.0	0.0	0.0	0.0	0.0	0.0	0.0	0.0	0.0	0.0	0.0	0.0	0.0	0.0	0.0	0.0	0.0	0.0012129	4.396E-4	0.0	0.0	0.0	0.0	0.0	0.0	0.0	0.0	0.0	0.0	8.658E-4	6.821E-4	0.0	0.0	0.0	0.0015	0.0	0.0	0.0	0.0	0.0	0.0	0.0	0.0	0.0	0.0	0.0	0.0	
Geai des chênes	0.1700201	0.1428571	0.1392904	0.1303538	0.1355082	0.1274131	0.1310943	0.1371308	0.1319681	0.1370499	0.1284687	0.1458462	0.1440738	0.1349206	0.1333333	0.0937913	0.1059752	0.1180009	0.1370528	0.1261538	0.1485758	0.152231	0.1620326	0.1407915	0.1454697	0.1723238	0.1902693	0.16375	0.1399217	0.1564767	0.1757576	0.1691678	0.1653992	0.1700904	0.1768559	0.2161863	0.1991215	0.3118881	0.2874618	0.2352232	0.228361	0.2421053	0.2147117	0.2472325	0.208577	0.2123142	0.1574953	0.1974406	
Pie bavarde	0.4879276	0.4510582	0.4336399	0.4497207	0.468005	0.4684685	0.447454	0.4746835	0.5028441	0.5226481	0.5220966	0.4627692	0.4215756	0.4265873	0.3987768	0.3615148	0.3568207	0.3313281	0.358399	0.2896703	0.3394919	0.3499563	0.3652924	0.3546423	0.2950956	0.3072237	0.2884448	0.256875	0.2485323	0.2248705	0.2510823	0.3165075	0.3184411	0.3410025	0.3569869	0.4290466	0.477306	0.5048951	0.5	0.4752714	0.5046041	0.5035088	0.5109344	0.49631	0.4717349	0.5711253	0.5351044	0.488117	
Cassenoix moucheté	0.0	0.0	0.0	0.0	0.0	0.0	0.0	0.0	0.0	0.0	0.0	0.0	0.0	0.0	0.0	0.0	0.0	0.0	0.0	0.0	0.0	8.749E-4	0.0	0.0	0.0015	0.0	0.0	0.0	0.0	0.0	0.0	0.0	0.0	0.0	0.0	0.0	0.0	0.0	0.0	0.0	0.0	0.0	0.0	0.0	0.0	0.0	0.0	0.0	
Crave à bec rouge	0.0060362	0.0026455	0.0052562	0.0121043	0.0050188	0.009009	0.007584	0.0126582	0.0045506	0.0069686	0.0061665	0.0086154	0.0163236	0.0119048	0.0103976	0.0136504	0.0157835	0.0217492	0.029715	0.0492308	0.0307929	0.0367454	0.0402685	0.0273973	0.0374065	0.0339426	0.0338836	0.035625	0.0489237	0.0476684	0.0528139	0.0525239	0.0665399	0.0493016	0.0425764	0.0388027	0.0131772	0.0335664	0.0168196	0.0096502	0.0128913	0.0035088	0.0159046	0.00369	0.0038986	0.0106157	0.0056926	0.0054845	
Chocard à bec jaune	0.0020121	0.0	0.0013141	0.0018622	0.0025094	0.0	0.0032503	0.0031646	0.0011377	0.0015	0.004111	0.0024615	0.0035486	0.0046296	0.0036697	0.0035227	0.0028185	0.0023137	0.0030321	0.0079121	0.0061586	0.0148731	0.0201342	0.0190259	0.0274314	0.0252393	0.0251955	0.014375	0.0391389	0.0300518	0.034632	0.0136426	0.0408745	0.0304026	0.0131004	0.0110865	0.0073206	0.0181818	0.0122324	0.0084439	0.0055249	0.0017544	0.0	0.0	0.0	0.0015	0.0	9.141E-4	
Crave à bec rouge ou Chocard à bec jaune	0.0	0.0	0.0	0.0	0.0	0.0	0.0	0.0	0.0	0.0	0.0	0.0	0.0	0.0	0.0	0.0	0.0	4.627E-4	0.0	0.0	0.0	0.0	9.588E-4	0.0	0.0	0.0	0.0	0.0	0.0	0.0	0.0	0.0	0.0	0.0	0.0	0.0	0.0	0.0	0.0	0.0	0.0	0.0	0.0	0.0	0.0	0.0	0.0	0.0	
Choucas des tours	0.1790744	0.1719577	0.1721419	0.1843575	0.1982434	0.1814672	0.1939328	0.2025316	0.2195677	0.2160279	0.1932169	0.1649231	0.1504613	0.1613757	0.1571865	0.1549978	0.1724915	0.1527071	0.1552456	0.1534066	0.1701309	0.1496063	0.15628	0.1445967	0.0856193	0.075718	0.1025195	0.070625	0.0772994	0.0611399	0.0744589	0.085266	0.108365	0.157765	0.1659389	0.191796	0.181552	0.2027972	0.1850153	0.2026538	0.2062615	0.2350877	0.2206759	0.2177122	0.1812865	0.2526539	0.2125237	0.1718464	
Corbeau freux	0.0080483	0.005291	0.0105125	0.0083799	0.0112923	0.007722	0.0065005	0.0042194	0.0136519	0.010453	0.0092497	0.0135385	0.0120653	0.0092593	0.0146789	0.0176134	0.011274	0.0083295	0.0054579	0.0013187	0.0030793	0.0026247	0.0038351	0.0015221	0.0016625	0.0060923	8.688E-4	6.25E-4	0.0029354	0.0020725	0.0017316	0.0027285	0.0038023	0.0065735	0.0032751	0.0144124	0.0087848	0.0083916	0.0061162	0.0060314	0.014733	0.0157895	0.0119284	0.0202952	0.0019493	0.0084926	0.0094877	0.0073126	
Corneille noire	0.3772636	0.3002646	0.3166886	0.3091248	0.336261	0.3899614	0.3575298	0.3702532	0.3651877	0.3809524	0.3453237	0.3384615	0.3144074	0.3042328	0.2905199	0.2395421	0.2502818	0.2568255	0.2825955	0.2567033	0.2848345	0.2773403	0.2627037	0.2549467	0.2709892	0.3028721	0.2919201	0.2325	0.2358121	0.265285	0.2978355	0.3199181	0.3203422	0.2826623	0.3253275	0.3514412	0.3718887	0.4685315	0.4541284	0.3896261	0.3388582	0.4017544	0.361829	0.3929889	0.3820663	0.403397	0.3643264	0.3765996	
Corneille mantelée	0.0	0.0	0.0013141	0.0015	0.0015	0.001287	0.0	0.0	0.0	0.0	0.0	0.0	0.0	0.0	0.0	0.0	0.0	0.0	0.0	0.0	0.0	0.0	0.0	0.0	0.0	0.0	0.0	0.0	0.0	0.0	0.0	0.0	0.0	0.0	0.0	0.0	0.0	0.0	0.0	0.0	0.0	0.0	0.0	0.0	0.0	0.0	0.0	0.0	
Hybride Corneille noire x C. mantelée	0.0	0.0	0.0	0.0	0.0	0.0	0.0	0.0	0.0	0.0	0.0	0.0	0.0	0.0	0.0	4.403E-4	0.0	0.0	0.0	0.0	0.0	0.0	0.0	0.0	0.0	0.0	0.0	0.0	0.0015	0.0	0.0	6.821E-4	0.0	0.0	0.0	0.0	0.0	0.0	0.0	0.0	0.0	0.0	0.0	0.0	0.0	0.0	0.0	0.0	
corneille sp.	0.001006	0.0	0.0039422	9.311E-4	0.0	0.0	0.0010834	0.0	0.0	0.0	0.0010277	0.0	7.097E-4	0.0019841	0.0012232	4.403E-4	0.0028185	0.0023137	0.0	8.791E-4	0.0	0.0017498	0.0	7.61E-4	0.0	0.0	0.004344	0.00125	0.0	0.0010363	0.0	6.821E-4	9.506E-4	0.0015	0.0	0.0011086	0.0015	0.0	0.0015	0.0	0.0	0.0	0.0	0.0	0.0	0.0	0.0015	9.141E-4	
Grand Corbeau	0.0764588	0.0410053	0.0354796	0.0623836	0.0664994	0.0643501	0.0650054	0.0675105	0.0591581	0.0522648	0.053443	0.0566154	0.0652945	0.0535714	0.0599388	0.0497578	0.0507328	0.0601573	0.0624621	0.0676923	0.0646651	0.0577428	0.0556088	0.042618	0.0590191	0.0626632	0.0712424	0.06875	0.1017613	0.0860104	0.0943723	0.1036835	0.0912548	0.1027116	0.080786	0.097561	0.0629575	0.1272727	0.0840979	0.0808203	0.0810313	0.0736842	0.0914513	0.0830258	0.0662768	0.0530786	0.0398482	0.0585009	
corvidé sp.	0.0	0.0	0.0	0.0	0.0	0.0	0.0	0.0	0.0	0.0	0.0	0.0	0.0	0.0	0.0	4.403E-4	0.0	0.0	0.0	0.0	0.0	0.0	0.0	0.0	0.0	0.0	0.0	0.0	9.785E-4	0.0	0.0	0.0	0.0	0.0	0.0	0.0	0.0	0.0	0.0	0.0	0.0	0.0	0.0	0.0	0.0	0.0	0.0	0.0	
Mésange noire	0.0694165	0.0357143	0.0381078	0.0493482	0.0627353	0.0553411	0.0758397	0.0537975	0.0500569	0.0429733	0.0462487	0.0516923	0.0567779	0.0396825	0.0422018	0.0427125	0.0462232	0.0374826	0.0394178	0.0725275	0.0531178	0.063867	0.075743	0.0631659	0.0739817	0.0844212	0.0894874	0.1025	0.0890411	0.1160622	0.1281385	0.1105048	0.0874525	0.0977814	0.0884279	0.0909091	0.0600293	0.1146853	0.0932722	0.1001206	0.0847145	0.0614035	0.0675944	0.0645756	0.0701754	0.0658174	0.0626186	0.0767824	
Mésange huppée	0.056338	0.0343915	0.0302234	0.0363128	0.0464241	0.039897	0.0541712	0.0390295	0.0523322	0.0429733	0.0390545	0.0393846	0.0440028	0.0330688	0.0336391	0.0321444	0.0310034	0.0217492	0.0309278	0.0417582	0.052348	0.0393701	0.0469799	0.0547945	0.0490441	0.0522193	0.0582103	0.065	0.053816	0.0611399	0.0787879	0.0770805	0.0646388	0.0739523	0.0731441	0.0698448	0.0468521	0.0699301	0.0626911	0.0639324	0.0478821	0.0473684	0.0695825	0.0498155	0.0526316	0.0339703	0.0512334	0.0557587	
Mésange nonnette	0.0342052	0.031746	0.0157687	0.0214153	0.0326223	0.028314	0.0455038	0.0390295	0.0352673	0.0243902	0.0256937	0.0363077	0.0212917	0.0191799	0.0146789	0.0101277	0.0118377	0.0171217	0.0151607	0.018022	0.0146266	0.0096238	0.0182167	0.0205479	0.0191189	0.0295909	0.0278019	0.031875	0.0244618	0.038342	0.0502165	0.026603	0.0218631	0.0246508	0.029476	0.0310421	0.0351391	0.041958	0.0321101	0.0361882	0.0331492	0.0210526	0.0357853	0.0369004	0.0311891	0.0318471	0.0379507	0.0447898	
Mésange nonnette ou M. boréale	0.0	0.0	0.0	0.0	0.0	0.0	0.0	0.0	0.0	0.0	0.0	0.0	0.0	6.614E-4	0.0	0.0	0.0	0.0	0.0	0.0	0.0	0.0	0.0	0.0	0.0	0.0	0.0	0.0	0.0	0.0	0.0	0.0	0.0	0.0	0.0	0.0	0.0	0.0	0.0	0.0	0.0	0.0	0.0	0.0	0.0	0.0	0.0	0.0	
Mésange bleue	0.4134809	0.3981481	0.4060447	0.41527	0.4805521	0.4517375	0.4626219	0.4409283	0.4232082	0.4018583	0.3823227	0.3396923	0.3250532	0.3320106	0.2733945	0.2047556	0.2175874	0.2174919	0.2189206	0.1938462	0.2070824	0.2187227	0.1965484	0.2108067	0.2194514	0.2288947	0.2302346	0.205625	0.2103718	0.2590674	0.2502165	0.2537517	0.263308	0.2654067	0.2565502	0.3259424	0.3221083	0.4167832	0.3730887	0.4004825	0.3812155	0.4105263	0.4632207	0.4335793	0.3976608	0.4543524	0.4003795	0.3857404	
Mésange charbonnière	0.4416499	0.4100529	0.412615	0.4934823	0.5081556	0.5212355	0.5417118	0.5622363	0.5517634	0.5702671	0.5231244	0.5378462	0.5081618	0.510582	0.4703364	0.4134742	0.3827508	0.3863952	0.3826562	0.370989	0.3679754	0.3027122	0.2588686	0.2435312	0.2585204	0.2645779	0.2606429	0.25125	0.2436399	0.2580311	0.3090909	0.2953615	0.2785171	0.326212	0.3504367	0.4124169	0.4787701	0.4923077	0.4556575	0.482509	0.4364641	0.4578947	0.4532803	0.4594096	0.4405458	0.5095541	0.455408	0.404936	
Parus sp.	0.0	0.0	0.0	0.0	0.0	0.0	0.0	0.0	0.0	0.0	0.0	0.0	0.0	0.0	0.0	0.0	0.0	0.0	0.0	4.396E-4	0.0	0.0	0.0	0.0	0.0	0.0	0.0	0.0	0.0	0.0	0.0	0.0	0.0	0.0	0.0	0.0	0.0	0.0	0.0	0.0	0.0	0.0	0.0	0.0	0.0	0.0	0.0	0.0	
Rémiz penduline	0.0020121	0.0119048	0.0118265	0.0074488	0.0062735	0.007722	0.0162514	0.0094937	0.0136519	0.0081301	0.0102775	0.008	0.0056778	0.0026455	0.0024465	0.0	0.0011274	0.0	0.0	8.791E-4	0.0	0.0	0.0	0.0	0.0	0.0	0.0	6.25E-4	9.785E-4	0.0	8.658E-4	0.0	0.0	0.0016434	0.0021834	0.0	0.0058565	0.0153846	0.0152905	0.0277443	0.0202578	0.0175439	0.0159046	0.0092251	0.0136452	0.0106157	0.0132827	0.0100548	
Ammomane élégante	0.0	0.0	0.0	0.0	0.0	0.0	0.0	0.0	0.0	0.0	0.0	0.0	0.0	0.0	0.0	0.0	0.0	0.0	0.0015	0.0015	0.0	0.0	0.0	0.0	0.0	0.0	0.0	0.0	0.0	0.0	0.0	0.0	0.0	0.0	0.0	0.0	0.0	0.0	0.0	0.0	0.0	0.0	0.0	0.0	0.0	0.0	0.0	0.0	
Alouette lulu	0.0402414	0.0410053	0.0236531	0.0549348	0.0564617	0.0643501	0.0693391	0.0685654	0.0739477	0.0662021	0.0709147	0.056	0.0745209	0.0846561	0.0880734	0.0867459	0.0817362	0.0916242	0.0788357	0.1002198	0.1077752	0.0848644	0.0738255	0.0585997	0.0540316	0.0417755	0.0243267	0.01625	0.0117417	0.0145078	0.0112554	0.0129604	0.0228137	0.0345111	0.0480349	0.0931264	0.102489	0.0993007	0.0840979	0.0952955	0.0699816	0.0947368	0.0656064	0.0332103	0.042885	0.0403397	0.0189753	0.0585009	
Alouette des champs	0.0472837	0.0608466	0.0367937	0.0586592	0.0464241	0.039897	0.0790899	0.0390295	0.0546075	0.058072	0.0668037	0.0449231	0.066714	0.0588624	0.0550459	0.0537208	0.0620068	0.0782045	0.0794421	0.0821978	0.0839107	0.088364	0.0795781	0.0517504	0.0640067	0.0496084	0.0417029	0.036875	0.0156556	0.0093264	0.0147186	0.0218281	0.0228137	0.0188989	0.0251092	0.0243902	0.0541728	0.0727273	0.088685	0.1049457	0.0957643	0.1438596	0.1093439	0.0664207	0.08577	0.0636943	0.0360531	0.0511883	
Cochevis de Thékla	0.0020121	0.0	0.0013141	0.0015	0.0012547	0.005148	0.0021668	0.0015	0.0015	0.0011614	0.0061665	0.0012308	0.0042583	0.005291	0.004893	0.007926	0.0073281	0.009255	0.0115221	0.007033	0.0053888	0.0026247	0.0134228	0.0045662	0.003325	0.0	8.688E-4	0.0025	9.785E-4	0.0015	8.658E-4	0.0015	9.506E-4	0.0	0.0021834	0.0011086	0.0029283	0.0041958	0.0015291	0.0024125	0.0015	0.0017544	0.0015	0.001845	0.0	0.0	0.0015	9.141E-4	
Cochevis huppé	0.0422535	0.0529101	0.0551905	0.0428305	0.0414053	0.037323	0.0606717	0.0611814	0.0386803	0.0569106	0.057554	0.0553846	0.079489	0.1044974	0.0954128	0.119771	0.102593	0.077279	0.0648878	0.043956	0.0577367	0.0358705	0.0393097	0.0342466	0.0266002	0.0382942	0.0269331	0.030625	0.0244618	0.0341969	0.0233766	0.0368349	0.0247148	0.0246508	0.069869	0.0587583	0.0732064	0.0811189	0.059633	0.0940893	0.0847145	0.077193	0.0497018	0.0553506	0.0818713	0.059448	0.0436433	0.0484461	
Cochevis de Thékla ou C. huppé	0.0	0.0	0.0	0.0	0.0	0.0	0.0	0.0	0.0	0.0	0.0	0.0	7.097E-4	0.0	6.116E-4	0.0	0.0011274	9.255E-4	6.064E-4	4.396E-4	0.0	0.0	9.588E-4	0.0	0.0015	0.0	0.0	0.0	0.0	0.0	0.0	0.0	9.506E-4	0.0	0.0	0.0	0.0	0.0	0.0	0.0	0.0	0.0	0.0	0.0	0.0	0.0	0.0	0.0	
Alouette haussecol	0.0	0.0	0.0	0.0	0.0	0.0	0.0	0.0	0.0	0.0	0.0	0.0	0.0	0.0	6.116E-4	0.0	0.0	0.0	0.0	0.0	0.0	0.0	0.0	0.0	0.0	0.0	0.0	0.0	0.0	0.0	0.0	0.0	0.0	0.0	0.0	0.0	0.0	0.0	0.0	0.0	0.0	0.0	0.0019881	0.0	0.0	0.0	0.0	0.0	
Alouette calandrelle	0.0	0.0	0.0	0.0	0.0	0.0	0.0	0.0	0.0	0.0023229	0.0	0.0018462	0.0028389	0.010582	0.0097859	0.0136504	0.0084555	0.0078667	0.0066707	0.003956	0.0053888	8.749E-4	9.588E-4	0.0038052	0.0015	8.703E-4	0.0017376	6.25E-4	0.0015	0.0031088	0.0	0.0013643	0.0	0.0	0.0	0.0011086	0.0014641	0.0	0.0	0.0	0.0	0.0	0.0	0.0	0.0	0.0	0.0	0.0	
Alouette calandre	0.0	0.0	0.0	0.0	0.0	0.0	0.0	0.0	0.0	0.0	0.0	0.0	0.0014194	0.0	0.0	4.403E-4	0.0	0.0	6.064E-4	0.0	0.0	8.749E-4	0.0	0.0	0.0	0.0	0.0	0.0	0.0015	0.0	0.0	0.0	0.0	0.0	0.0	0.0	0.0	0.0	0.0	0.0	0.0	0.0	0.0	0.0	0.0	0.0	0.0	0.0	
alaudidé sp.	0.0020121	0.0013228	0.0013141	0.0	0.0012547	0.001287	0.0010834	0.0	0.0	0.0	0.0020555	6.154E-4	7.097E-4	6.614E-4	0.0018349	0.001321	0.0011274	0.0013882	6.064E-4	8.791E-4	0.0023095	0.0015	9.588E-4	0.0	0.0016625	8.703E-4	8.688E-4	0.0	0.0	0.0015	8.658E-4	6.821E-4	9.506E-4	0.0	0.0	0.0	0.0	0.0	0.0	0.0012063	0.0018416	0.0035088	0.0039761	0.00369	0.0077973	0.0042463	0.0	9.141E-4	
Panure à moustaches	0.0060362	0.0079365	0.0091984	0.0083799	0.0112923	0.007722	0.0270856	0.0221519	0.0113766	0.0116144	0.0061665	0.0104615	0.0056778	0.0066138	0.0103976	0.0127697	0.0163472	0.0120315	0.004245	0.0057143	0.0076982	0.0052493	0.0019175	0.0022831	0.00665	0.0017406	8.688E-4	6.25E-4	9.785E-4	0.0103627	0.0015	0.0047749	9.506E-4	0.0041085	0.0032751	0.0044346	0.0058565	0.0097902	0.0030581	0.013269	0.0128913	0.0070175	0.0079523	0.0073801	0.0116959	0.014862	0.0075901	0.0073126	
Cisticole des joncs	0.0674044	0.0740741	0.0617608	0.0549348	0.0514429	0.042471	0.0747562	0.0822785	0.0853242	0.1022067	0.1346351	0.1341538	0.1426544	0.2050265	0.2311927	0.2201673	0.2243517	0.2161037	0.1879927	0.16	0.1785989	0.1382327	0.1380633	0.129376	0.113882	0.1148825	0.0973067	0.10625	0.1056751	0.119171	0.0935065	0.1084584	0.0960076	0.0788825	0.0687773	0.0720621	0.0673499	0.0895105	0.0902141	0.1133896	0.1252302	0.1175439	0.1053678	0.0793358	0.0974659	0.0764331	0.0702087	0.0667276	
Hypolaïs polyglotte	0.0	0.0	0.0	0.0	0.0	0.0	0.0	0.0	0.0	0.0	0.0	0.0	0.0035486	0.0019841	0.0116208	0.0656099	0.1443067	0.19528	0.2092177	0.1837363	0.187067	0.1434821	0.1073826	0.0837139	0.0714879	0.0504787	0.0512598	0.043125	0.0273973	0.0217617	0.0155844	0.0068213	0.006654	0.0073952	0.0021834	0.0022173	0.0015	0.0013986	0.0015	0.0012063	0.0	0.0	0.0	0.0	0.0	0.0	0.0	0.0	
Hypolaïs ictérine	0.0	0.0	0.0	0.0	0.0	0.0	0.0	0.0	0.0	0.0	0.0	0.0	7.097E-4	0.0	0.0	0.001321	5.637E-4	0.0013882	6.064E-4	0.0015	0.0	0.0	0.0	0.0	0.0	0.0	0.0	0.0	0.0	0.0	0.0	0.0	0.0	0.0	0.0	0.0	0.0	0.0	0.0	0.0	0.0	0.0	0.0	0.0	0.0	0.0	0.0	0.0	
Hippolais sp.	0.0	0.0	0.0	0.0	0.0	0.0	0.0	0.0	0.0	0.0	0.0	0.0	0.0	0.0	0.0	0.0	5.637E-4	0.0	0.0015	0.0	0.0	0.0	0.0	0.0	0.0	0.0	0.0	0.0	0.0	0.0	0.0	0.0	0.0	0.0	0.0	0.0	0.0	0.0	0.0	0.0	0.0	0.0	0.0	0.0	0.0	0.0	0.0	0.0	
Phragmite aquatique	0.0	0.0	0.0	0.0	0.0	0.0	0.0	0.0	0.0	0.0	0.0	0.0	0.0	6.614E-4	0.0015	0.001321	0.0	0.0015	0.0	0.0	0.0	0.0	0.0	0.0	0.0	0.0	0.0	0.0	0.0	0.0	0.0	0.0	0.0	0.0	0.0	0.0	0.0	0.0	0.0	0.0	0.0	0.0	0.0	0.0	0.0	0.0	0.0	0.0	
Lusciniole à moustaches	0.001006	0.0039683	0.0078844	0.0065177	0.0150565	0.010296	0.0303359	0.0295359	0.0159272	0.0267131	0.0143885	0.0221538	0.0099361	0.0138889	0.0134557	0.0088067	0.0124014	0.0120315	0.0163736	0.0074725	0.0038491	0.0026247	0.0028763	0.0030441	0.0024938	8.703E-4	0.0	6.25E-4	9.785E-4	0.0015	8.658E-4	0.0020464	9.506E-4	0.0032868	0.0015	0.0011086	0.0073206	0.0111888	0.0045872	0.0108565	0.014733	0.0052632	0.0119284	0.001845	0.0038986	0.0127389	0.0075901	0.0036563	
Phragmite des joncs	0.0	0.0	0.0	0.0	0.0	0.0	0.0	0.0	0.0	0.0	0.0010277	6.154E-4	0.0042583	0.0112434	0.0140673	0.0057244	0.0028185	4.627E-4	6.064E-4	8.791E-4	0.0023095	8.749E-4	9.588E-4	0.0	0.0	8.703E-4	0.0026064	0.0015	0.0029354	0.0072539	0.0051948	0.0061392	0.0047529	0.0041085	0.0032751	0.0015	0.0015	0.0055944	0.0	0.0015	0.0	0.0	0.0	0.0	0.0	0.0	0.0	0.0	
Rousserolle verderolle	0.0	0.0	0.0	0.0	0.0	0.0	0.0	0.0	0.0	0.0	0.0	0.0	0.0	0.0	0.0	0.0	0.0	0.0	0.0	0.0	0.0	0.0015	0.0	0.0	0.0	0.0	0.0	0.0	0.0	0.0	0.0	0.0	0.0	0.0	0.0	0.0	0.0	0.0	0.0	0.0	0.0	0.0	0.0	0.0	0.0	0.0	0.0	0.0	
Rousserolle effarvatte	0.0	0.0013228	0.0	0.0	0.0	0.0	0.0	0.0	0.0011377	0.0034843	0.0010277	6.154E-4	0.0028389	0.0119048	0.0366972	0.0515192	0.0834273	0.075428	0.0764099	0.0597802	0.0461894	0.0306212	0.0278044	0.0289193	0.0290939	0.0139252	0.0147698	0.015625	0.018591	0.0300518	0.0320346	0.0402456	0.019962	0.0353328	0.0327511	0.0243902	0.0292826	0.0223776	0.0137615	0.0180941	0.0128913	0.0070175	0.0	0.0	0.0	0.0	0.0	0.0	
Rousserolle verderolle ou R. effarvatte	0.0	0.0	0.0	0.0	0.0	0.0	0.0	0.0	0.0	0.0	0.0	0.0	0.0	0.0	0.0	0.0	5.637E-4	0.0	0.0	0.0	0.0	8.749E-4	0.0	0.0	0.0	0.0	0.0	6.25E-4	0.0	0.0	8.658E-4	0.0	0.0	0.0	0.0	0.0	0.0	0.0	0.0	0.0	0.0	0.0	0.0	0.0	0.0	0.0	0.0	0.0	
Rousserolle turdoïde	0.0	0.0	0.0	0.0	0.0	0.0	0.0	0.0	0.0	0.0	0.0	0.0	0.0014194	0.0099206	0.0293578	0.0422721	0.0642616	0.0546043	0.0442693	0.0347253	0.0384911	0.0279965	0.0268456	0.021309	0.0216126	0.0121845	0.0069505	0.006875	0.0058708	0.0134715	0.004329	0.005457	0.0028517	0.0041085	0.0021834	0.0022173	0.0014641	0.0	0.0	0.0	0.0	0.0	0.0	0.0	0.0	0.0	0.0	0.0	
Acrocephalus sp.	0.0	0.0	0.0	0.0	0.0	0.0	0.0	0.0	0.0	0.0	0.0	0.0	0.0	6.614E-4	0.0012232	4.403E-4	0.0	0.0	0.0	0.0015	0.0	0.0	0.0	0.0015	0.0	0.0	0.0	0.0	0.0	0.0010363	0.0	6.821E-4	0.0028517	0.0	0.0	0.0	0.0	0.0055944	0.0	0.0	0.0	0.0	0.0	0.0	0.0	0.0	0.0	0.0	
Locustelle luscinioïde	0.0	0.0	0.0	0.0	0.0	0.0	0.0	0.0	0.0	0.0	0.0	0.0015	0.0015	0.0015	0.0030581	0.002642	0.0028185	0.0032392	6.064E-4	0.0017582	7.698E-4	0.0015	0.0019175	0.0	0.0	0.0	0.0	6.25E-4	0.0	0.0015	0.0	0.0	0.0015	8.217E-4	0.0	0.0	0.0	0.0	0.0	0.0	0.0	0.0	0.0	0.0	0.0	0.0	0.0	0.0	
Locustelle tachetée	0.0	0.0	0.0	0.0	0.0	0.0	0.0	0.0	0.0	0.0	0.0	0.0	0.0	0.0026455	0.0097859	0.014531	0.0129651	0.0078667	6.064E-4	4.396E-4	0.0	8.749E-4	9.588E-4	0.0	8.313E-4	0.0	0.0	0.001875	0.0	0.0020725	0.0025974	0.0027285	0.0	8.217E-4	0.0	0.0	0.0	0.0	0.0	0.0	0.0	0.0	0.0	0.0	0.0	0.0	0.0	0.0	
Hirondelle de rivage	0.0	0.0	0.0	0.0	0.0	0.0	0.0010834	0.0015	0.0022753	0.0139373	0.016444	0.04	0.0567779	0.0529101	0.0752294	0.0849846	0.0715896	0.0481259	0.0309278	0.0083516	0.0061586	0.007874	0.0038351	0.0068493	0.0099751	0.0200174	0.0147698	0.03	0.0479452	0.0694301	0.0813853	0.1186903	0.1131179	0.0912079	0.0687773	0.0620843	0.0380673	0.0125874	0.0015291	0.0	0.0018416	0.0	0.0	0.0	0.0	0.0	0.0	0.0	
Hirondelle de rochers	0.0191147	0.005291	0.0105125	0.0167598	0.0125471	0.029601	0.0390033	0.0685654	0.0625711	0.0963995	0.0719424	0.0738462	0.071682	0.0449735	0.0409786	0.0462351	0.0411499	0.0513651	0.0673135	0.0795604	0.0646651	0.0664917	0.071908	0.0715373	0.0822943	0.1009574	0.1086012	0.115625	0.1144814	0.1108808	0.1004329	0.0920873	0.1074144	0.0903862	0.0764192	0.056541	0.0483163	0.0643357	0.058104	0.0482509	0.0331492	0.0140351	0.0238569	0.0129151	0.0136452	0.0084926	0.0094877	0.0173675	
Hirondelle rustique	0.0	0.0013228	0.0	9.311E-4	0.0012547	0.0	0.0010834	0.0031646	0.0125142	0.0569106	0.1233299	0.264	0.3655075	0.3763228	0.4464832	0.4575077	0.4425028	0.3910227	0.3814433	0.2826374	0.3048499	0.2860892	0.2905081	0.2990868	0.2660017	0.2697998	0.2910513	0.313125	0.2935421	0.3295337	0.3324675	0.4024557	0.3593156	0.3311422	0.2762009	0.2749446	0.2474378	0.1286713	0.0840979	0.0458384	0.0276243	0.0122807	0.0079523	0.0092251	0.0	0.0	0.0018975	0.0018282	
Hirondelle de fenêtre	0.0	0.0	0.0	0.0	0.0	0.0	0.0032503	0.0084388	0.0170648	0.0418118	0.0565262	0.1046154	0.1596877	0.1547619	0.1651376	0.1990313	0.2119504	0.2198056	0.2268041	0.1789011	0.2047729	0.2300962	0.2205177	0.2374429	0.2601829	0.2602263	0.2528236	0.266875	0.2700587	0.2891192	0.2372294	0.23397	0.2062738	0.2119967	0.1724891	0.1818182	0.1229868	0.0363636	0.029052	0.0012063	0.0036832	0.0035088	0.0	0.001845	0.0	0.0	0.0	0.0	
Hybride Hirondelle rustique x H. de fenêtre	0.0	0.0	0.0	0.0	0.0	0.0	0.0	0.0	0.0	0.0	0.0	0.0	0.0	0.0	6.116E-4	0.0	5.637E-4	4.627E-4	0.0	0.0	0.0	0.0	0.0	0.0	0.0	0.0	0.0	0.0	0.0	0.0	0.0	0.0	0.0	0.0	0.0	0.0	0.0	0.0	0.0	0.0	0.0	0.0	0.0	0.0	0.0	0.0	0.0	0.0	
Hirondelle rousseline	0.0	0.0	0.0	0.0	0.0	0.0	0.0	0.0010549	0.0	0.0034843	0.0030832	0.0086154	0.0092264	0.0099206	0.02263	0.0228974	0.0180383	0.0175845	0.0072771	0.0105495	0.0053888	0.0043745	0.0105465	0.0076104	0.0083126	0.0087032	0.0104257	0.018125	0.0088063	0.0093264	0.0060606	0.0109141	0.006654	0.010682	0.010917	0.0022173	0.0	0.0	0.0015291	0.0	0.0	0.0	0.0	0.0	0.0	0.0	0.0	0.0	
Hirondelle rousseline, H. de Rüppell ou H. striolée	0.0	0.0	0.0	0.0	0.0	0.0	0.0	0.0	0.0	0.0	0.0	0.0	0.0	0.0	0.0	0.0	0.0	0.0	0.0	0.0	0.0	0.0	0.0	0.0	0.0	0.0	0.0	6.25E-4	9.785E-4	0.0	0.0	0.0	0.0	0.0	0.0	0.0	0.0	0.0	0.0	0.0	0.0	0.0	0.0	0.0	0.0	0.0	0.0	0.0	
hirondelle sp.	0.0	0.0	0.0	0.0	0.0	0.0	0.0	0.0015	0.0011377	0.0023229	0.004111	6.154E-4	0.0042583	0.0019841	0.0024465	0.0017613	0.0022548	0.0013882	0.0012129	4.396E-4	7.698E-4	0.0	0.0	0.0022831	0.0024938	8.703E-4	0.0	0.0	0.0039139	0.0010363	0.0034632	0.0075034	0.0047529	0.0049302	0.0010917	0.0044346	0.0058565	0.0013986	0.0	0.0024125	0.0	0.0	0.0	0.0	0.0	0.0	0.0	0.0	
Pouillot siffleur	0.0	0.0	0.0	0.0	0.0	0.0	0.0	0.0	0.0	0.0	0.0	6.154E-4	7.097E-4	0.0125661	0.0324159	0.0259797	0.0129651	0.0050902	0.0024257	0.0021978	7.698E-4	8.749E-4	0.0019175	0.0	8.313E-4	0.0017406	0.0017376	0.0015	0.0	0.0015	8.658E-4	6.821E-4	9.506E-4	0.0024651	0.0	0.0	0.0	0.0	0.0	0.0	0.0	0.0	0.0	0.0	0.0	0.0	0.0	0.0	
Pouillot de Bonelli	0.0	0.0	0.0	0.0	0.0	0.0	0.0	0.0	0.0	0.0	0.0020555	0.0098462	0.0652945	0.1296296	0.1394495	0.1281374	0.1223224	0.1092087	0.1024864	0.1367033	0.0993072	0.0944882	0.071908	0.0585997	0.0581879	0.0469974	0.0417029	0.02875	0.0283757	0.0248705	0.0199134	0.0081855	0.0038023	0.0057518	0.0021834	0.0015	0.0	0.0015	0.0	0.0	0.0	0.0	0.0	0.0	0.0	0.0	0.0	0.0	
Pouillot oriental	0.0	0.0	0.0	0.0	0.0	0.0	0.0	0.0	0.0	0.0	0.0	0.0	0.0	0.0	0.0	0.0	0.0	0.0	0.0015	0.0015	0.0	0.0	0.0	0.0	0.0	0.0	0.0	0.0	0.0	0.0	0.0	0.0	0.0	0.0	0.0	0.0	0.0	0.0	0.0	0.0	0.0	0.0	0.0	0.0	0.0	0.0	0.0	0.0	
Pouillot de Bonelli ou P. oriental	0.0	0.0	0.0	0.0	0.0	0.0	0.0	0.0	0.0	0.0	0.0	0.0	0.0	0.0	0.0	0.0	5.637E-4	0.0	0.0	0.0	0.0	0.0	0.0	0.0	0.0	0.0	0.0	0.0	0.0	0.0	0.0	0.0	0.0	0.0	0.0	0.0	0.0	0.0	0.0	0.0	0.0	0.0	0.0	0.0	0.0	0.0	0.0	0.0	
Pouillot à grands sourcils	0.0	0.0	0.0	0.0	0.0	0.0	0.0	0.0	0.0	0.0	0.0	0.0	0.0	6.614E-4	0.0	0.0	0.0	0.0	0.0	0.0	0.0	0.0	0.0	0.0	0.0	0.0	0.0	0.0	0.0	0.0	0.0	0.0	0.0	0.0	0.0	0.0011086	0.0029283	0.0027972	0.0015	0.0036188	0.0015	0.0	0.0	0.001845	0.0	0.0	0.0	0.0	
Pouillot de Hume	0.0	0.0013228	0.0	0.0	0.0	0.0	0.0	0.0	0.0	0.0	0.0	0.0	0.0	0.0	0.0	0.0	0.0	0.0	0.0	0.0	0.0	0.0	0.0	0.0	0.0	0.0	0.0	0.0	0.0	0.0	0.0	0.0	0.0	0.0	0.0	0.0	0.0	0.0	0.0	0.0	0.0	0.0	0.0	0.0	0.0	0.0	0.0	0.0	
Pouillot de Pallas	0.0	0.0	0.0	0.0	0.0	0.0	0.0	0.0	0.0	0.0	0.0	0.0	0.0	0.0	6.116E-4	4.403E-4	5.637E-4	0.0	0.0	0.0	0.0	0.0	0.0	0.0	0.0	0.0	0.0	0.0	0.0	0.0	0.0	0.0	0.0	0.0	0.0	0.0	0.0	0.0	0.0015	0.0012063	0.0015	0.0	0.0	0.0	0.0	0.0	0.0	0.0	
Pouillot brun	0.0	0.0	0.0015	0.0015	0.0	0.0	0.0	0.0	0.0	0.0	0.0	0.0	0.0	0.0	0.0	0.0	0.0	0.0	0.0	0.0	0.0	0.0	0.0	0.0	0.0	0.0	0.0	0.0	0.0	0.0	0.0	0.0	0.0	0.0	0.0	0.0	0.0	0.0	0.0015291	0.0	0.0	0.0	0.0	0.0	0.0	0.0	0.0	0.0	
Pouillot fitis	0.0	0.0	0.0	0.0	0.0	0.0	0.0	0.0	0.0	0.0046458	0.0236382	0.0547692	0.0936835	0.1223545	0.1449541	0.1122853	0.0744081	0.0236002	0.0133414	0.0057143	0.0015396	0.0017498	0.0028763	0.0015221	0.0024938	8.703E-4	0.0017376	0.010625	0.0195695	0.0414508	0.0632035	0.0777626	0.0703422	0.0920296	0.080786	0.0465632	0.0351391	0.0153846	0.0091743	0.0048251	0.0	0.0017544	0.0019881	0.0	0.0	0.0	0.0	0.0	
Pouillot véloce	0.2474849	0.281746	0.2378449	0.2309125	0.2471769	0.2471042	0.2686891	0.3080169	0.3242321	0.4088269	0.4275437	0.4018462	0.3392477	0.2678571	0.2152905	0.1840599	0.1685457	0.1679778	0.1425106	0.1868132	0.1370285	0.167979	0.1792905	0.1560122	0.166251	0.1331593	0.10947	0.1075	0.0900196	0.1274611	0.1290043	0.1261937	0.1425856	0.1396878	0.1659389	0.1984479	0.3089312	0.3622378	0.3730887	0.3425814	0.3333333	0.3333333	0.3379722	0.2859779	0.3138402	0.3205945	0.2770398	0.2568556	
Pouillot fitis ou P. véloce	0.0	0.0	0.0	0.0	0.0	0.0	0.0	0.0	0.0	0.0	0.0010277	6.154E-4	0.0	0.0	0.0	0.0	0.0	0.0	0.0	0.0	0.0	0.0	0.0	0.0	0.0	0.0	0.0	0.0	0.0	0.0	0.0	0.0	0.0	0.0	0.0	0.0	0.0	0.0	0.0	0.0	0.0	0.0	0.0	0.0	0.0	0.0	0.0	0.0	
Pouillot ibérique	0.0	0.0	0.0	0.0	0.0	0.0	0.0	0.0	0.0	0.0	0.0010277	0.0036923	0.0014194	6.614E-4	0.0	0.003963	5.637E-4	0.0	0.0015	0.0	0.0	0.0	0.0	0.0	0.0	0.0	0.0	0.0	0.0	0.0	0.0	0.0	0.0	0.0	0.0	0.0	0.0	0.0	0.0	0.0	0.0	0.0	0.0	0.0	0.0	0.0	0.0	0.0	
Pouillot véloce ou P. ibérique	0.0	0.0	0.0	0.0	0.0	0.0	0.0	0.0	0.0	0.0	0.0	6.154E-4	0.0	0.0	0.0	0.0	0.0	0.0	0.0	0.0	0.0	0.0	0.0	0.0	0.0	0.0	0.0	0.0	0.0	0.0	0.0	0.0	0.0	0.0	0.0	0.0	0.0	0.0	0.0	0.0	0.0	0.0	0.0	0.0	0.0	0.0	0.0	0.0	
pouillot sp.	0.0030181	0.0013228	0.0	0.0	0.0	0.0	0.0	0.0	0.0011377	0.0023229	0.0015	0.0012308	0.0021292	0.0019841	0.0012232	0.0017613	0.0016911	4.627E-4	0.0	0.0	0.0	0.0	0.0	7.61E-4	0.0016625	8.703E-4	0.0026064	0.001875	0.0	0.0010363	0.004329	0.0047749	0.0028517	0.0024651	0.0010917	0.0022173	0.0014641	0.0041958	0.0015291	0.0048251	0.0036832	0.0	0.0	0.001845	0.0	0.0	0.0	0.0	
Bouscarle de Cetti	0.0885312	0.1097884	0.1130092	0.1201117	0.1342535	0.1222651	0.1538462	0.1360759	0.1774744	0.1730546	0.1685509	0.1809231	0.1632363	0.1878307	0.2097859	0.1770145	0.1691094	0.1605738	0.1425106	0.1125275	0.121632	0.0971129	0.0853308	0.0806697	0.0581879	0.0417755	0.0286707	0.0325	0.0528376	0.0694301	0.0900433	0.1255116	0.128327	0.1520131	0.1703057	0.1707317	0.1903367	0.1552448	0.1896024	0.1966224	0.1896869	0.1473684	0.1491054	0.1254613	0.1578947	0.133758	0.1233397	0.0923218	
Orite à longue queue	0.1639839	0.1375661	0.1143233	0.1266294	0.1543287	0.1608752	0.163597	0.1529536	0.1581342	0.1335656	0.1048304	0.1255385	0.1078779	0.1137566	0.1070336	0.0792602	0.0794814	0.0768163	0.0836871	0.0734066	0.0623557	0.0813648	0.075743	0.0563166	0.0640067	0.0696258	0.0608167	0.06625	0.0684932	0.1005181	0.0891775	0.0866303	0.0931559	0.1035333	0.1179039	0.1463415	0.1625183	0.1986014	0.1850153	0.1954162	0.1731123	0.1666667	0.1769384	0.1660517	0.1539961	0.1953291	0.1290323	0.1645338	
Fauvette à tête noire	0.193159	0.212963	0.195795	0.2290503	0.2107905	0.1814672	0.1960997	0.2457806	0.2536974	0.2973287	0.3422405	0.4012308	0.41022	0.4054233	0.3834862	0.3157199	0.3072153	0.3341046	0.3638569	0.3947253	0.3910701	0.4085739	0.4046021	0.3873668	0.40399	0.413403	0.3683753	0.260625	0.1849315	0.1813472	0.161039	0.1643929	0.1539924	0.1635168	0.1768559	0.213969	0.2401171	0.2713287	0.2492355	0.2243667	0.2320442	0.2192982	0.2326044	0.2177122	0.1754386	0.2441614	0.1878558	0.1718464	
Fauvette des jardins	0.0	0.0	0.0	0.0	0.0	0.0	0.0	0.0	0.0	0.0	0.0	6.154E-4	0.0015	0.0013228	0.0085627	0.0140907	0.0180383	0.0194354	0.0151607	0.018022	0.0169361	0.0183727	0.0182167	0.0182648	0.0157938	0.0130548	0.0078193	0.014375	0.0176125	0.0103627	0.0103896	0.0136426	0.0190114	0.0180772	0.0152838	0.0066519	0.0058565	0.0041958	0.0015	0.0012063	0.0	0.0	0.0	0.0	0.0	0.0	0.0	0.0	
Fauvette babillarde	0.0	0.0	0.0	0.0	0.0	0.0	0.0	0.0	0.0	0.0011614	0.004111	0.0	0.0	0.0015	0.0	0.0015	5.637E-4	0.0	0.0	0.0	0.0	0.0	0.0	0.0	0.0	0.0	0.0	0.0	0.0	0.0	0.0	0.0	0.0	0.0	0.0010917	0.0015	0.0	0.0	0.0	0.0	0.0	0.0	0.0	0.0	0.0	0.0	0.0	0.0	
Fauvette orphée	0.0	0.0	0.0	0.0	0.0	0.0	0.0	0.0	0.0	0.0	0.0	0.0	0.0014194	0.0119048	0.0244648	0.0453545	0.0467869	0.0564553	0.0557914	0.047033	0.0431101	0.0279965	0.0239693	0.0205479	0.0099751	0.0104439	0.0086881	0.00875	0.0088063	0.0062176	8.658E-4	0.0047749	0.0028517	0.0015	0.0	0.0	0.0	0.0	0.0	0.0	0.0	0.0	0.0	0.0	0.0	0.0	0.0	0.0	
Fauvette de l'Atlas	0.0	0.0	0.0	0.0	0.0	0.0	0.0	0.0	0.0	0.0	0.0	0.0	0.0	0.0	0.0	0.0	0.0015	0.0	0.0	0.0	0.0	0.0	0.0	0.0	0.0	0.0	0.0	0.0	0.0	0.0	0.0	0.0	0.0	0.0	0.0	0.0	0.0	0.0	0.0	0.0	0.0	0.0	0.0	0.0	0.0	0.0	0.0	0.0	
Fauvette mélanocéphale	0.2062374	0.239418	0.1879106	0.1973929	0.2057716	0.1750322	0.1993499	0.221519	0.2229807	0.2276423	0.2672148	0.2067692	0.225692	0.2466931	0.2636086	0.2650815	0.2209696	0.1966682	0.1885992	0.1454945	0.1516551	0.1128609	0.1112176	0.1012177	0.078138	0.0722367	0.0825369	0.125	0.1076321	0.1067358	0.1125541	0.1643929	0.1292776	0.1454396	0.1790393	0.1773836	0.2166911	0.1986014	0.206422	0.2629674	0.2780847	0.2666667	0.2902584	0.2490775	0.2709552	0.2866242	0.2125237	0.250457	
Fauvette de Moltoni	0.0	0.0	0.0	0.0	0.0	0.0	0.0	0.0	0.0	0.0	0.0	0.0	7.097E-4	0.0019841	0.0085627	0.007926	0.0078918	9.255E-4	0.0015	0.0015	0.0	0.0	0.0	0.0	0.0	0.0	0.0	0.0	0.0	0.0	0.0	0.0	0.0	0.0	0.0	0.0	0.0	0.0	0.0	0.0	0.0	0.0	0.0	0.0	0.0	0.0	0.0	0.0	
Fauvette passerinette	0.0	0.0	0.0	0.0	0.0	0.0	0.0	0.0	0.0	0.0	0.0051387	0.0227692	0.058907	0.0654762	0.070948	0.0638485	0.0496054	0.0513651	0.0533657	0.0593407	0.0500385	0.0393701	0.029722	0.0152207	0.0174564	0.0208877	0.0165074	0.021875	0.018591	0.0134715	0.0199134	0.0293315	0.0228137	0.0147905	0.0131004	0.0088692	0.0043924	0.0013986	0.0	0.0012063	0.0	0.0	0.0	0.0	0.0	0.0	0.0	0.0	
Fauvette des Balkans	0.0	0.0	0.0	0.0	0.0	0.0	0.0	0.0	0.0	0.0	0.0	0.0015	0.0015	0.0	0.0	0.0022017	0.0	0.0	0.0	0.0	0.0	0.0	0.0	0.0	0.0	0.0	0.0	0.0	0.0	0.0	0.0	0.0	0.0	0.0	0.0	0.0	0.0	0.0	0.0	0.0	0.0	0.0	0.0	0.0	0.0	0.0	0.0	0.0	
Fauvette passerinette ou F. des Balkans	0.0	0.0	0.0	0.0	0.0	0.0	0.0	0.0	0.0	0.0	0.0	0.0	7.097E-4	0.0	6.116E-4	0.0	0.0	0.0	0.0	0.0	0.0	0.0	0.0	0.0	0.0	0.0	0.0	0.0	0.0	0.0	8.658E-4	0.0	0.0	0.0	0.0	0.0	0.0	0.0	0.0	0.0	0.0	0.0	0.0	0.0	0.0	0.0	0.0	0.0	
Fauvette de Moltoni, F. passerinette ou F. des Balkans	0.0	0.0	0.0	0.0	0.0	0.0	0.0	0.0	0.0	0.0	0.0	0.0	7.097E-4	6.614E-4	0.0036697	0.0030823	0.0022548	9.255E-4	0.0	0.0	0.0	0.0	0.0	0.0	0.0	0.0	0.0	0.0	0.0	0.0	0.0	0.0	0.0	0.0	0.0	0.0	0.0	0.0	0.0	0.0	0.0	0.0	0.0	0.0	0.0	0.0	0.0	0.0	
Fauvette grisette	0.0	0.0	0.0	0.0	0.0	0.0	0.0	0.0	0.0	0.0	0.0	0.0012308	0.0141945	0.0383598	0.0746177	0.0792602	0.0687711	0.0694123	0.0667071	0.0672527	0.0600462	0.0586177	0.0575264	0.0342466	0.045719	0.024369	0.0199826	0.015625	0.0107632	0.0145078	0.0164502	0.0279673	0.0228137	0.0279376	0.0152838	0.0099778	0.0058565	0.0027972	0.0015291	0.0	0.0	0.0	0.0	0.0	0.0	0.0	0.0	0.0	
Fauvette à lunettes	0.0	0.0	0.0	0.0	0.0	0.0	0.0	0.0	0.0	0.0015	0.0010277	6.154E-4	0.0	0.0026455	0.0012232	8.807E-4	0.0011274	4.627E-4	0.0030321	0.0026374	7.698E-4	0.0015	9.588E-4	7.61E-4	0.003325	0.0052219	0.0060817	0.0025	0.0068493	0.0041451	0.0034632	6.821E-4	0.0	8.217E-4	0.0015	0.0015	0.0	0.0	0.0	0.0	0.0	0.0	0.0	0.0	0.0	0.0	0.0	0.0	
Fauvette sarde	0.0	0.0	0.0	0.0	0.0	0.0	0.0	0.0	0.0	0.0	0.0	6.154E-4	0.0015	0.0	0.0	0.0	0.0	0.0	0.0	0.0	0.0	0.0	0.0	0.0	0.0	0.0	0.0	0.0	0.0	0.0	0.0	0.0	0.0	0.0	0.0	0.0	0.0	0.0	0.0	0.0	0.0	0.0	0.0	0.0	0.0	0.0	0.0	0.0	
Fauvette pitchou	0.0342052	0.031746	0.0341656	0.0242086	0.0263488	0.01287	0.0140845	0.0084388	0.0091013	0.0034843	0.0143885	0.0043077	0.0141945	0.0132275	0.0110092	0.0123294	0.0129651	0.0097177	0.0139478	0.0171429	0.0123172	0.015748	0.0115053	0.0129376	0.0058188	0.0052219	0.004344	0.006875	0.0088063	0.0051813	0.0034632	0.0109141	0.0057034	0.0041085	0.0087336	0.0110865	0.0131772	0.0181818	0.0244648	0.0410133	0.0423573	0.0403509	0.0596421	0.0405904	0.0409357	0.0509554	0.0322581	0.0347349	
Sylvia ou Curruca sp.	0.001006	0.0026455	0.0	0.0	0.0	0.0	0.0	0.0	0.0015	0.0	0.0	6.154E-4	0.0	0.0	0.0012232	8.807E-4	0.0	0.0	0.0	8.791E-4	0.0015396	0.0	0.0028763	7.61E-4	0.0016625	0.0017406	0.0	0.003125	0.0029354	0.0015	0.0	6.821E-4	0.0	0.0024651	0.0010917	0.0	0.0	0.0	0.0	0.0	0.0	0.0	0.0	0.0	0.0019493	0.0	0.0	9.141E-4	
Passeriformes sp. (fauvette de l'ancien monde sp.)	0.0	0.0	0.0	0.0	0.0	0.0	0.0	0.0	0.0	0.0	0.0	0.0	0.0	0.0	0.0	4.403E-4	0.0	0.0	0.0	0.0	0.0	0.0	0.0	0.0	0.0	0.0	0.0	0.0	0.0	0.0	0.0	0.0	0.0	0.0	0.0	0.0	0.0	0.0	0.0	0.0	0.0	0.0	0.0	0.0	0.0	0.0	0.0	0.0	
Léiothrix jaune	0.0030181	0.0013228	0.0	9.311E-4	0.0	0.001287	0.0043337	0.0010549	0.0022753	0.0023229	0.0020555	6.154E-4	0.0	0.0015	6.116E-4	4.403E-4	5.637E-4	4.627E-4	0.0	0.0015	0.0	0.0	9.588E-4	7.61E-4	0.0015	0.0	8.688E-4	0.0	0.0029354	0.0020725	0.0034632	0.0013643	9.506E-4	0.0	0.0010917	0.0015	0.0	0.0013986	0.0061162	0.0024125	0.0018416	0.0070175	0.0059642	0.0	0.0019493	0.0021231	0.0037951	0.0018282	
Roitelet huppé	0.0613682	0.0767196	0.0512484	0.0493482	0.0363864	0.02574	0.0325027	0.0200422	0.0273038	0.0197445	0.016444	0.0233846	0.0156139	0.0138889	0.0140673	0.0136504	0.011274	0.0106432	0.01698	0.0228571	0.0200154	0.0174978	0.0287632	0.0235921	0.0257689	0.024369	0.0304083	0.03375	0.0303327	0.0497409	0.0597403	0.0347885	0.0313688	0.0336894	0.0425764	0.0288248	0.0219619	0.0461538	0.0626911	0.0627262	0.0570902	0.1	0.1292247	0.1125461	0.0682261	0.0976645	0.0777989	0.0749543	
Roitelet à triple bandeau	0.1096579	0.1283069	0.1011827	0.1145251	0.119197	0.1081081	0.1083424	0.1149789	0.1296928	0.1312427	0.1387461	0.128	0.1220724	0.1011905	0.0923547	0.0867459	0.0879369	0.0999537	0.0788357	0.1178022	0.0892995	0.0577428	0.0728667	0.0540335	0.0448878	0.0322019	0.0443093	0.055625	0.055773	0.0580311	0.0805195	0.068895	0.0903042	0.1018899	0.121179	0.1485588	0.1346999	0.1748252	0.1727829	0.2002413	0.2007366	0.1754386	0.1630219	0.1660517	0.165692	0.1825902	0.1119545	0.1325411	
Roitelet huppé ou R. à triple bandeau	0.0040241	0.0013228	0.0	0.0018622	0.0025094	0.0	0.0	0.0031646	0.0011377	0.0011614	0.0	6.154E-4	7.097E-4	0.0	6.116E-4	4.403E-4	0.0	0.0	6.064E-4	4.396E-4	0.0	0.0	0.0	0.0015221	0.0016625	0.002611	0.0	0.0	0.0	0.0031088	0.0	0.0013643	0.0	0.0	0.0032751	0.0011086	0.0014641	0.0027972	0.0045872	0.0	0.0	0.0052632	0.0019881	0.00369	0.0038986	0.0	0.0037951	0.0073126	
Tichodrome échelette	0.0030181	0.0066138	0.0078844	0.0121043	0.0100376	0.001287	0.007584	0.0147679	0.0113766	0.0023229	0.0015	6.154E-4	0.0014194	6.614E-4	6.116E-4	0.0015	5.637E-4	9.255E-4	0.0	4.396E-4	0.0	8.749E-4	0.0028763	7.61E-4	8.313E-4	0.0017406	0.004344	6.25E-4	0.0039139	0.0010363	0.0025974	6.821E-4	0.0019011	8.217E-4	0.0010917	0.0011086	0.0014641	0.0015	0.0030581	0.0024125	0.0073665	0.0070175	0.0079523	0.0055351	0.0077973	0.0084926	0.0015	0.0036563	
Sittelle torchepot	0.139839	0.1005291	0.0959264	0.1182495	0.1292346	0.1196911	0.1386782	0.1392405	0.1433447	0.1289199	0.1181912	0.1470769	0.1092974	0.0972222	0.0856269	0.0506385	0.0569335	0.0559926	0.0661007	0.072967	0.0754426	0.0927384	0.0891659	0.0920852	0.1097257	0.124456	0.1303215	0.11125	0.130137	0.161658	0.1670996	0.1302865	0.1454373	0.1405094	0.139738	0.1430155	0.1068814	0.1412587	0.1620795	0.1519903	0.1123389	0.1350877	0.1431412	0.1346863	0.1130604	0.1443737	0.1385199	0.1343693	
Grimpereau des bois	0.0070423	0.0026455	0.0	0.0037244	0.0012547	0.001287	0.007584	0.0052743	0.0011377	0.0	0.0015	0.0043077	0.0063875	0.0033069	0.0042813	0.0022017	0.0016911	0.001851	0.0066707	0.0057143	0.0046189	0.0043745	0.0105465	0.0152207	0.0049875	0.0060923	0.0060817	0.01	0.0117417	0.0186528	0.012987	0.0095498	0.013308	0.0156122	0.0141921	0.0077605	0.0043924	0.0041958	0.0030581	0.0048251	0.0018416	0.0017544	0.0015	0.00369	0.0015	0.0	0.0037951	0.0045704	
Grimpereau des jardins	0.137827	0.1203704	0.109067	0.1303538	0.1430364	0.1196911	0.1646804	0.1518987	0.1695108	0.1498258	0.1634121	0.1470769	0.1426544	0.1521164	0.1333333	0.11845	0.1251409	0.1267932	0.1419042	0.1397802	0.1555042	0.1294838	0.126558	0.1118721	0.117207	0.1409922	0.1138141	0.13	0.1086106	0.1274611	0.1532468	0.1398363	0.115019	0.1175021	0.1255459	0.1563193	0.1420205	0.1622378	0.1559633	0.1411339	0.145488	0.1403509	0.1252485	0.1383764	0.1072125	0.1464968	0.1290323	0.1361974	
Grimpereau des bois ou G. des jardins	0.001006	0.0013228	0.0	0.0046555	0.0025094	0.002574	0.0032503	0.0042194	0.0022753	0.0	0.0010277	0.0012308	0.0035486	0.0013228	0.0024465	4.403E-4	5.637E-4	9.255E-4	0.0012129	0.0	7.698E-4	8.749E-4	0.0	7.61E-4	0.0016625	0.002611	0.0026064	6.25E-4	0.0019569	0.0041451	0.0017316	0.0040928	0.0057034	8.217E-4	0.0021834	0.0033259	0.0014641	0.0041958	0.0061162	0.0024125	0.0	0.0017544	0.0019881	0.0	0.0097466	0.0042463	0.0018975	0.0027422	
Troglodyte mignon	0.1468813	0.1216931	0.0840999	0.1080074	0.1016311	0.1081081	0.1105092	0.1424051	0.1274175	0.1300813	0.1274409	0.1636923	0.1249113	0.1223545	0.1094801	0.0995156	0.096956	0.1027302	0.1043056	0.1397802	0.1139338	0.1242345	0.1361457	0.1164384	0.1363259	0.1366406	0.0955691	0.08875	0.0645793	0.0891192	0.0839827	0.0552524	0.0513308	0.0550534	0.0687773	0.0654102	0.0483163	0.1062937	0.1299694	0.1375151	0.121547	0.1894737	0.1570577	0.1734317	0.1500975	0.1592357	0.142315	0.1471664	
Cincle plongeur	0.0201207	0.0132275	0.0078844	0.0148976	0.0125471	0.015444	0.0151679	0.0305907	0.0170648	0.0139373	0.0030832	0.0135385	0.012775	0.0085979	0.0055046	0.007926	0.0073281	0.0078667	0.0103093	0.0114286	0.0138568	0.0166229	0.0287632	0.0205479	0.0340815	0.0252393	0.0304083	0.03	0.0342466	0.0414508	0.030303	0.0293315	0.03327	0.0353328	0.0207424	0.0232816	0.0204978	0.0363636	0.0183486	0.0168878	0.0220994	0.0140351	0.0119284	0.0110701	0.0097466	0.0106157	0.0075901	0.0173675	
Étourneau sansonnet	0.4668008	0.4589947	0.413929	0.4143389	0.4278545	0.3861004	0.4247021	0.443038	0.4300341	0.4425087	0.4049332	0.3901538	0.3967353	0.4113757	0.4171254	0.3883752	0.4227734	0.4160111	0.426319	0.356044	0.3818322	0.3797025	0.3595398	0.3272451	0.2626766	0.2210618	0.1989574	0.159375	0.167319	0.2165803	0.234632	0.2974079	0.2851711	0.3426459	0.3515284	0.3470067	0.4348463	0.4111888	0.4541284	0.522316	0.5082873	0.522807	0.473161	0.4723247	0.4990253	0.4989384	0.483871	0.4497258	
Étourneau unicolore	0.0060362	0.0039683	0.0039422	0.0065177	0.0025094	0.0015	0.0065005	0.0052743	0.0	0.0069686	0.004111	0.0036923	0.0056778	0.0072751	0.004893	0.0074857	0.0050733	0.0041647	6.064E-4	0.0048352	0.0030793	0.0034996	9.588E-4	0.0053272	8.313E-4	8.703E-4	0.0026064	6.25E-4	9.785E-4	0.0010363	8.658E-4	6.821E-4	0.0038023	0.0	0.0010917	0.0033259	0.0043924	0.0027972	0.0076453	0.0024125	0.0073665	0.0035088	0.0015	0.00369	0.0097466	0.0	0.0	0.0045704	
Étourneau sansonnet ou É. unicolore	0.001006	0.0	0.0	0.0027933	0.0012547	0.0	0.0010834	0.0010549	0.0022753	0.0	0.0030832	0.0018462	0.0014194	0.0013228	0.0018349	4.403E-4	0.0039459	0.001851	0.004245	0.0021978	0.0015	8.749E-4	9.588E-4	0.0030441	8.313E-4	0.0	0.0017376	0.00125	9.785E-4	0.0020725	0.0015	0.0	0.0047529	0.0024651	0.0	0.0	0.0	0.0013986	0.0	0.0	0.0055249	0.0	0.0	0.0	0.0038986	0.0021231	0.0	9.141E-4	
Étourneau roselin	0.0	0.0	0.0	9.311E-4	0.0015	0.0	0.0010834	0.0010549	0.0015	0.0011614	0.0	0.0	0.0	0.0	0.0	0.0015	0.0	0.0	0.0	0.0043956	0.0069284	0.0015	0.0	0.0015	0.0	0.0	0.0	0.0	0.0	0.0	0.0	0.0	0.0	0.0	0.0	0.0015	0.0	0.0	0.0	0.0	0.0	0.0	0.0	0.0	0.0	0.0	0.0	0.0	
Martin triste	0.0	0.0	0.0015	0.0	0.0	0.001287	0.0	0.0015	0.0	0.0	0.0	0.0	0.0	0.0	0.0015	0.0	0.0015	0.0015	0.0015	0.0	0.0	0.0	0.0	0.0	0.0	0.0	0.0	0.0	0.0	0.0	0.0	0.0	0.0	0.0	0.0015	0.0	0.0	0.0	0.0015	0.0	0.0015	0.0	0.0	0.0	0.0	0.0	0.0	0.0	
Grive draine	0.0643863	0.0410053	0.0262812	0.0400372	0.0476788	0.0592021	0.0736728	0.0632911	0.0716724	0.0650407	0.053443	0.0492308	0.0574876	0.0416667	0.0422018	0.0405108	0.0394589	0.0462749	0.0436628	0.0408791	0.0408006	0.048119	0.050815	0.0418569	0.0498753	0.0382942	0.0460469	0.03875	0.0303327	0.0259067	0.0320346	0.0395634	0.0351711	0.0230074	0.0305677	0.0266075	0.0204978	0.0629371	0.0489297	0.0518697	0.0460405	0.0403509	0.0437376	0.0645756	0.0545809	0.0467091	0.0512334	0.0511883	
Grive musicienne	0.0915493	0.0992063	0.0827858	0.1191806	0.1141782	0.1351351	0.1408451	0.1613924	0.1729238	0.1858304	0.1212744	0.128	0.1043293	0.0853175	0.0746177	0.0841039	0.0608794	0.0680241	0.0667071	0.0786813	0.0654349	0.063867	0.0776606	0.0669711	0.0648379	0.0548303	0.0382276	0.020625	0.018591	0.015544	0.0181818	0.0102319	0.0161597	0.0131471	0.0152838	0.018847	0.045388	0.1048951	0.1269113	0.13269	0.106814	0.1052632	0.0894632	0.0830258	0.0955166	0.0764331	0.0664137	0.0813528	
Grive mauvis	0.0291751	0.0291005	0.0315375	0.0223464	0.0238394	0.018018	0.0140845	0.021097	0.0193402	0.0162602	0.0061665	0.0018462	0.0014194	6.614E-4	6.116E-4	0.0	0.0	0.0	0.0	0.0	0.0	0.0	0.0	0.0	0.0	0.0	0.0	0.0	0.0	0.0	0.0	0.0	0.0	0.0	0.0	0.0	0.0	0.0027972	0.0107034	0.0120627	0.0184162	0.0245614	0.0178926	0.0258303	0.0214425	0.0254777	0.0227704	0.0164534	
Merle noir	0.3993964	0.3492063	0.3442838	0.3882682	0.3851945	0.3925354	0.3781148	0.4156118	0.4175199	0.4425087	0.3997945	0.3852308	0.4059617	0.4087302	0.3847095	0.3782475	0.3827508	0.4386858	0.4493633	0.4725275	0.4803695	0.4706912	0.4458293	0.4117199	0.3574397	0.3751088	0.3310165	0.28625	0.241683	0.2601036	0.2493506	0.2271487	0.2281369	0.240756	0.2292576	0.2682927	0.3118594	0.4083916	0.4235474	0.3932449	0.3646409	0.3842105	0.3558648	0.3892989	0.3879142	0.4288747	0.345351	0.3875686	
Grive litorne	0.0130785	0.0066138	0.0091984	0.0083799	0.0125471	0.015444	0.0108342	0.0063291	0.0147895	0.0139373	0.0051387	0.0024615	0.0014194	0.0013228	6.116E-4	4.403E-4	0.0	0.0	6.064E-4	0.0015	0.0	8.749E-4	0.0028763	0.0	8.313E-4	8.703E-4	0.0	0.00125	0.0	0.0	0.0017316	6.821E-4	0.0	8.217E-4	0.0	0.0	0.0014641	0.0015	0.0030581	0.0036188	0.0055249	0.0122807	0.0059642	0.0166052	0.0097466	0.0063694	0.0151803	0.0091408	
Merle à plastron	0.0	0.0	0.0013141	0.0	0.0	0.0	0.0021668	0.0	0.0022753	0.0058072	0.0020555	0.0043077	0.0042583	0.0092593	0.004893	0.002642	0.0022548	0.0023137	0.0072771	0.0021978	0.0076982	0.0087489	0.0076702	0.0068493	0.0058188	0.0078329	0.0121633	0.005	9.785E-4	0.0051813	0.0103896	0.0027285	0.006654	0.0057518	0.0032751	0.0022173	0.0043924	0.0167832	0.0214067	0.0072376	0.0073665	0.0035088	0.0019881	0.0	0.0	0.0	0.0	0.0015	
Turdus sp.	0.0030181	0.0026455	0.0013141	0.0018622	0.0	0.001287	0.0	0.0031646	0.0011377	0.0	0.0	0.0	0.0	0.0	0.0	0.0	5.637E-4	4.627E-4	0.0	0.0015	0.0	0.0	0.0	0.0	8.313E-4	0.0	0.0	0.0	9.785E-4	0.0015	8.658E-4	6.821E-4	9.506E-4	0.0024651	0.0	0.0	0.0	0.0	0.0045872	0.0024125	0.0018416	0.0017544	0.0019881	0.0	0.0015	0.0	0.0	0.0054845	
turdidé sp.	0.0	0.0	0.0	0.0	0.0	0.0	0.0	0.0	0.0	0.0	0.0	0.0	0.0	0.0	0.0	0.0	0.0	0.0	0.0	0.0	0.0	0.0	0.0	0.0	0.0	0.0	0.0	0.0	0.0	0.0	0.0	0.0	0.0	0.0	0.0	0.0	0.0	0.0	0.0015291	0.0	0.0	0.0	0.0	0.0	0.0	0.0	0.0	0.0	
Gobemouche gris	0.0	0.0	0.0	0.0	0.0	0.0	0.0	0.0	0.0	0.0	0.0	0.0	7.097E-4	0.0013228	0.0085627	0.0299428	0.0535513	0.0513651	0.0570042	0.047033	0.0500385	0.0358705	0.0441035	0.0494673	0.0615129	0.0591819	0.0599479	0.063125	0.0508806	0.065285	0.0753247	0.0682128	0.0608365	0.0493016	0.0360262	0.0365854	0.0204978	0.0335664	0.0137615	0.0036188	0.0	0.0	0.0	0.0	0.0	0.0	0.0	0.0	
Muscicapa sp.	0.0	0.0	0.0	0.0	0.0	0.0	0.0	0.0	0.0	0.0	0.0	0.0	0.0	0.0	0.0	0.0	0.0	0.0015	0.0	0.0	0.0	0.0	0.0	0.0	0.0	0.0	0.0	0.0	0.0	0.0	0.0	0.0	0.0	0.0	0.0	0.0	0.0	0.0	0.0	0.0	0.0	0.0	0.0	0.0	0.0	0.0	0.0	0.0	
Rougegorge familier	0.5160966	0.4907407	0.4743758	0.481378	0.4642409	0.4568855	0.4712893	0.4683544	0.4505119	0.4819977	0.4295992	0.3723077	0.3364088	0.2791005	0.2220183	0.1902246	0.1798196	0.1920407	0.2037599	0.2496703	0.2178599	0.2169729	0.2157239	0.1894977	0.1654198	0.1714534	0.1390096	0.144375	0.1448141	0.1751295	0.1948052	0.1869031	0.1863118	0.2136401	0.25	0.3470067	0.4363104	0.5818182	0.6330275	0.6513872	0.6445672	0.6385965	0.6282306	0.5922509	0.5730994	0.5859873	0.5237192	0.5018282	
Rossignol philomèle	0.0	0.0	0.0	0.0	0.0	0.0	0.0	0.0	0.0	0.0	0.0010277	0.0018462	0.0369056	0.1666667	0.3192661	0.4086306	0.4368658	0.4525683	0.3893269	0.3556044	0.3672055	0.3272091	0.2281879	0.1552511	0.0881131	0.0765883	0.0556038	0.049375	0.0577299	0.0632124	0.0588745	0.0443383	0.0313688	0.0156122	0.0141921	0.0077605	0.0014641	0.0013986	0.0	0.0	0.0	0.0	0.0	0.0	0.0	0.0	0.0	0.0	
Gorgebleue à miroir	0.0030181	0.005291	0.0013141	0.0046555	0.0015	0.0	0.0032503	0.0015	0.0068259	0.0069686	0.0092497	0.008	0.0063875	0.0026455	0.0024465	0.0	0.0	0.0	0.0012129	0.0	0.0	8.749E-4	9.588E-4	0.0	0.0	0.0	0.0	0.0	0.0	0.0	0.0015	0.0047749	0.0028517	0.0098603	0.0152838	0.0121951	0.0058565	0.0097902	0.0030581	0.013269	0.0036832	0.0017544	0.0019881	0.00369	0.0019493	0.0	0.0018975	0.0027422	
Robin à flancs roux	0.0	0.0	0.0	0.0	0.0	0.0	0.0	0.0	0.0	0.0	0.0	0.0	0.0	0.0	0.0	0.0	0.0	0.0	0.0	0.0	0.0	0.0	0.0	0.0	0.0	0.0	0.0	0.0	0.0	0.0	0.0	0.0	0.0	0.0	0.0	0.0	0.0	0.0	0.0	0.0	0.0	0.0	0.0	0.0	0.0	0.0021231	0.0113852	0.0018282	
Gobemouche nain	0.0	0.0	0.0	0.0	0.0	0.0	0.0	0.0	0.0	0.0	0.0	0.0	0.0	0.0	0.0	0.0	0.0	0.0	0.0	0.0	0.0	0.0	0.0	0.0	0.0	0.0	0.0	0.0	0.0	0.0	0.0	0.0	0.0	0.0	0.0	0.0	0.0	0.0013986	0.0	0.0	0.0	0.0	0.0	0.0	0.0	0.0	0.0	0.0	
Gobemouche noir	0.0	0.0	0.0	0.0	0.0	0.0	0.0	0.0	0.0	0.0	0.0010277	6.154E-4	0.0141945	0.0654762	0.1131498	0.1475121	0.0885006	0.0291532	0.0266828	0.0048352	0.0015396	8.749E-4	0.0019175	0.0015221	0.0016625	0.0034813	0.004344	0.0025	0.0078278	0.0435233	0.187013	0.3021828	0.3250951	0.3253903	0.2358079	0.1596452	0.0761347	0.0223776	0.0061162	0.0024125	0.0018416	0.0017544	0.0	0.0	0.0019493	0.0	0.0	0.0	
Gobemouche à collier	0.0	0.0	0.0	0.0	0.0	0.0	0.0	0.0	0.0	0.0	0.0	0.0	0.0	0.0013228	0.0030581	0.002642	0.0	0.0	0.0	0.0	0.0	0.0	0.0	0.0	0.0	0.0	0.0	0.0	0.0	0.0	0.0	0.0	9.506E-4	0.0	0.0	0.0	0.0	0.0	0.0	0.0	0.0	0.0	0.0	0.0	0.0	0.0	0.0	0.0	
Rougequeue de Moussier	0.0211268	0.010582	0.0078844	0.0074488	0.0062735	0.0	0.0021668	0.0015	0.0011377	0.0	0.0	0.0	0.0	0.0	0.0	0.0	0.0	0.0	0.0	0.0	0.0	0.0	0.0	0.0	0.0	0.0	0.0	0.0	0.0	0.0	0.0	0.0	0.0	0.0	0.0	0.0	0.0	0.0	0.0	0.0	0.0	0.0	0.0	0.0	0.0	0.0	0.0	0.0127971	
Rougequeue à front blanc	0.0	0.0	0.0	0.0	0.0	0.0	0.0010834	0.0	0.0022753	0.0023229	0.0030832	0.0326154	0.087296	0.1455026	0.1412844	0.1558785	0.1166855	0.0814438	0.0824742	0.0813187	0.0808314	0.0752406	0.0498562	0.0471842	0.032419	0.0252393	0.0330148	0.028125	0.0273973	0.0259067	0.0467532	0.0682128	0.0579848	0.0517666	0.05131	0.0454545	0.0380673	0.0335664	0.0229358	0.0120627	0.0036832	0.0	0.0	0.0	0.0	0.0	0.0	0.0	
Rougequeue noir	0.2434608	0.2698413	0.2273325	0.2271881	0.2158093	0.2226512	0.1950163	0.242616	0.258248	0.3228804	0.3617677	0.3052308	0.3215046	0.2936508	0.2318043	0.2051959	0.1989853	0.189727	0.2140691	0.2395604	0.2602002	0.2554681	0.2454458	0.260274	0.2759767	0.2523934	0.264987	0.211875	0.1986301	0.2165803	0.2017316	0.1780355	0.2110266	0.2596549	0.2358079	0.2583149	0.2635432	0.2951049	0.324159	0.3775633	0.3627993	0.3491228	0.3220676	0.3191882	0.2729045	0.2993631	0.2618596	0.2586837	
Rougequeue à front blanc ou R. noir	0.0	0.0	0.0	0.0	0.0	0.0	0.0	0.0	0.0	0.0	0.0	0.0	0.0	0.0	0.0	0.0	0.0	0.0	0.0	0.0	0.0	0.0	0.0	0.0	8.313E-4	0.0	0.0	0.0	0.0	0.0	0.0	0.0	0.0	0.0	0.0	0.0	0.0	0.0	0.0	0.0	0.0	0.0	0.0	0.0	0.0	0.0	0.0	0.0	
rougequeue sp.	0.001006	0.0	0.0	0.0	0.0	0.0	0.0	0.0	0.0	0.0	0.0	6.154E-4	0.0	0.0	0.0	0.0015	5.637E-4	4.627E-4	6.064E-4	4.396E-4	7.698E-4	8.749E-4	0.0	0.0	0.0024938	0.0017406	0.0	0.0	0.0	0.0010363	8.658E-4	0.0	9.506E-4	0.0	0.0	0.0	0.0	0.0	0.0	0.0012063	0.0	0.0	0.0	0.0	0.0	0.0	0.0	0.0	
Monticole de roche	0.0	0.0	0.0	0.0	0.0	0.0	0.0	0.0	0.0	0.0	0.0	0.0	0.0	0.0019841	0.0042813	0.005284	0.0073281	0.0069412	0.0121286	0.0118681	0.0115473	0.0139983	0.0153404	0.0167428	0.0141313	0.0130548	0.0121633	0.006875	0.0068493	0.0103627	0.0060606	0.0040928	0.0180608	0.0139688	0.0032751	0.0022173	0.0	0.0	0.0	0.0	0.0	0.0	0.0	0.0	0.0	0.0	0.0	0.0	
Monticole bleu	0.0030181	0.010582	0.0065703	0.0102421	0.0100376	0.002574	0.0054171	0.0116034	0.0113766	0.0034843	0.0133607	0.0055385	0.0099361	0.0079365	0.0079511	0.011889	0.011274	0.0180472	0.0230443	0.0127473	0.0076982	0.0113736	0.0153404	0.0076104	0.0091438	0.002611	0.0052129	0.005625	0.0029354	0.0051813	0.0051948	0.0040928	0.006654	0.0065735	0.0065502	0.0044346	0.0131772	0.006993	0.0061162	0.0060314	0.0110497	0.0052632	0.0039761	0.00369	0.0077973	0.0015	0.0037951	0.0073126	
Tarier des prés	0.0	0.0	0.0	0.0	0.0	0.0	0.0	0.0	0.0	0.0	0.0	0.0	0.0063875	0.0125661	0.0379205	0.0704535	0.0518602	0.0217492	0.0260764	0.0083516	0.0092379	0.0087489	0.0143816	0.0038052	0.0083126	0.0104439	0.0095569	0.006875	0.0107632	0.0103627	0.0164502	0.0245566	0.0427757	0.032046	0.0305677	0.0155211	0.0102489	0.0027972	0.0030581	0.0012063	0.0036832	0.0	0.0	0.0	0.0	0.0	0.0	0.0	
Tarier pâtre	0.1539235	0.1521164	0.1287779	0.1126629	0.1179423	0.0772201	0.1094258	0.1054852	0.112628	0.1231127	0.0935252	0.0627692	0.071682	0.0714286	0.0623853	0.0669309	0.0879369	0.0930125	0.0885385	0.0716484	0.0708237	0.0831146	0.0699904	0.0585997	0.0673317	0.0574413	0.0495222	0.0525	0.0479452	0.0549223	0.0666667	0.0613915	0.0541825	0.0682005	0.0644105	0.0831486	0.1200586	0.1440559	0.1391437	0.1628468	0.145488	0.1719298	0.1312127	0.1494465	0.1500975	0.1762208	0.1555977	0.1645338	
Tarier de Sibérie	0.0	0.0	0.0	0.0	0.0015	0.0015	0.0015	0.0031646	0.0	0.0	0.0	0.0	0.0	0.0	0.0	0.0	0.0	0.0	0.0	0.0	0.0	0.0	0.0	0.0	0.0	0.0	0.0	0.0	0.0	0.0	0.0	0.0	0.0	0.0	0.0	0.0	0.0	0.0	0.0	0.0	0.0	0.0	0.0	0.0	0.0	0.0	0.0	0.0	
Traquet motteux	0.0	0.0	0.0	0.0	0.0	0.0	0.0	0.0	0.0	0.0023229	0.004111	0.0036923	0.0070972	0.0251323	0.0348624	0.0735359	0.054115	0.0310042	0.0266828	0.0259341	0.0254042	0.0218723	0.0450623	0.0304414	0.0498753	0.0478677	0.0434405	0.03875	0.055773	0.0487047	0.0632035	0.0613915	0.095057	0.0887428	0.0753275	0.0509978	0.0468521	0.0335664	0.0137615	0.0060314	0.0055249	0.0	0.0	0.0	0.0	0.0	0.0	0.0	
Traquet isabelle	0.0	0.0	0.0	0.0	0.0	0.0	0.0	0.0	0.0	0.0	0.0	0.0012308	0.0	0.0	0.0	0.0	0.0	0.0	0.0	0.0	0.0	0.0	0.0	0.0	0.0	0.0	0.0	0.0	0.0	0.0	0.0	0.0	0.0	0.0	0.0	0.0	0.0	0.0	0.0	0.0	0.0	0.0	0.0	0.0	0.0	0.0	0.0	0.0	
Traquet du désert	0.0015	0.0	0.0	0.0	0.0	0.0	0.0015	0.0015	0.0015	0.0015	0.0	0.0	0.0	0.0	0.0	0.0	0.0	0.0	0.0	0.0	0.0	0.0	0.0	0.0	0.0	0.0	0.0	0.0	0.0	0.0	0.0	0.0	0.0	0.0	0.0	0.0	0.0	0.0	0.0	0.0	0.0	0.0070175	0.0	0.0	0.0015	0.0	0.0	0.0	
Traquet oreillard	0.0	0.0	0.0	0.0	0.0	0.0	0.0	0.0	0.0	0.0	0.0	6.154E-4	0.0014194	0.0066138	0.004893	0.0123294	0.011274	0.0097177	0.0151607	0.0074725	0.0046189	0.0061242	0.0076702	0.0060883	0.003325	8.703E-4	0.0026064	0.0015	9.785E-4	0.0015	0.0017316	0.0020464	0.0019011	0.0	0.0	0.0	0.0	0.0	0.0	0.0	0.0	0.0	0.0	0.0	0.0	0.0	0.0	0.0	
Traquet à tête blanche	0.0	0.0	0.0	0.0	0.0	0.0	0.0	0.0	0.0	0.0	0.0	0.0	0.0	0.0	0.0	0.0	0.0015	0.0	0.0	0.0	0.0	0.0	0.0	0.0	0.0	0.0	0.0	0.0	0.0	0.0	0.0	0.0	0.0	0.0	0.0	0.0	0.0	0.0	0.0	0.0	0.0	0.0	0.0	0.0	0.0	0.0	0.0	0.0	
Oenanthe sp.	0.0	0.0	0.0	0.0	0.0	0.0	0.0	0.0	0.0	0.0	0.0	0.0	0.0	0.0	0.0	0.0	0.0	0.0	0.0	0.0	0.0	0.0	0.0	0.0	0.0	0.0	0.0	0.0	0.0	0.0	0.0	6.821E-4	0.0	0.0	0.0	0.0	0.0	0.0	0.0	0.0	0.0	0.0	0.0	0.0	0.0	0.0	0.0	0.0	
Euplecte vorabé	0.0	0.0	0.0	0.0	0.0	0.0	0.0	0.0	0.0	0.0	0.0	0.0	0.0	0.0	0.0	0.0	0.0	4.627E-4	0.0	0.0	0.0	0.0	0.0	0.0	0.0	0.0	0.0	0.0	0.0	0.0	0.0	0.0	0.0	0.0	0.0	0.0	0.0	0.0	0.0	0.0	0.0	0.0	0.0	0.0	0.0	0.0	0.0	0.0	
Capucin bec-de-plomb	0.0015	0.0013228	0.0	0.0027933	0.0025094	0.001287	0.0010834	0.0010549	0.0011377	0.0	0.0015	0.0	0.0	6.614E-4	0.0	0.0015	0.0	0.0	0.0	0.0	0.0	0.0	0.0	0.0	0.0	0.0	0.0	0.0	0.0	0.0	0.0	0.0	0.0	0.0	0.0	0.0	0.0	0.0013986	0.0	0.0	0.0	0.0	0.0	0.0	0.0	0.0	0.0015	0.0	
Astrild ondulé	0.0	0.0	0.0	0.0	0.0	0.0	0.0	0.0	0.0	0.0	0.0	0.0	0.0	0.0	0.0	0.0	0.0	0.0	0.0	0.0	0.0	0.0	0.0	0.0	0.0	0.0	0.0	0.0	0.0	0.0	8.658E-4	0.0	0.0	0.0	0.0	0.0	0.0	0.0	0.0	0.0	0.0	0.0	0.0	0.0	0.0	0.0	0.0	0.0	
Accenteur alpin	0.0070423	0.005291	0.0078844	0.0121043	0.0112923	0.006435	0.0097508	0.007384	0.0056883	0.0011614	0.0015	6.154E-4	0.0015	0.0013228	0.0030581	4.403E-4	0.0015	4.627E-4	0.0015	0.0017582	0.0038491	0.0034996	0.0076702	0.0083714	0.0149626	0.0130548	0.0095569	0.004375	0.0234834	0.0186528	0.0242424	0.0095498	0.013308	0.0073952	0.0065502	0.0044346	0.0043924	0.0041958	0.0015291	0.0036188	0.0092081	0.0280702	0.027833	0.0129151	0.0116959	0.0127389	0.0075901	0.0063985	
Accenteur mouchet	0.1016097	0.1018519	0.0827858	0.0800745	0.0652447	0.0707851	0.0530878	0.056962	0.0534699	0.0534262	0.0267215	0.0221538	0.0220014	0.021164	0.0201835	0.0162924	0.0202931	0.0226747	0.0218314	0.029011	0.0331024	0.0332458	0.0402685	0.0319635	0.0349127	0.0252393	0.018245	0.025	0.0303327	0.0259067	0.0337662	0.0225102	0.0342205	0.0394412	0.0305677	0.0199557	0.0292826	0.0615385	0.0642202	0.0759952	0.0736648	0.0894737	0.0894632	0.097786	0.0916179	0.104034	0.0891841	0.095064	
Moineau domestique	0.3420523	0.3121693	0.2904074	0.3240223	0.3412798	0.3436293	0.3705309	0.3945148	0.4015927	0.4587689	0.4542652	0.3993846	0.3988644	0.4166667	0.4262997	0.435491	0.4582864	0.4775567	0.4869618	0.4641758	0.5019246	0.5179353	0.4841802	0.5281583	0.4829593	0.4978242	0.497828	0.45625	0.4187867	0.388601	0.3645022	0.3533424	0.2861217	0.3221035	0.3231441	0.3525499	0.3836018	0.393007	0.382263	0.4197829	0.3775322	0.3245614	0.3260437	0.3431734	0.3177388	0.3099788	0.2903226	0.3171846	
Moineau cisalpin	0.0	0.0	0.0	0.0	0.0	0.0	0.0	0.0	0.0	0.0	0.0	0.0	0.0	0.0	0.0	0.0	5.637E-4	0.0	0.0	0.0	0.0	0.0	0.0	0.0	0.0	0.0	0.0	0.0	0.0	0.0	0.0	0.0	0.0	0.0	0.0	0.0	0.0	0.0	0.0	0.0	0.0	0.0	0.0	0.0	0.0	0.0	0.0	0.0	
Moineau friquet	0.054326	0.0515873	0.0367937	0.066108	0.0589711	0.0669241	0.0725894	0.085443	0.0841866	0.0882695	0.0770812	0.0541538	0.0503903	0.0509259	0.053211	0.0568032	0.0704622	0.0569181	0.0648878	0.0531868	0.060816	0.0568679	0.0575264	0.0593607	0.0399002	0.0426458	0.0390964	0.04625	0.0430528	0.0331606	0.0294372	0.0511596	0.0408745	0.0345111	0.0283843	0.0465632	0.0702782	0.0685315	0.0718654	0.0687575	0.0865562	0.0807018	0.1013917	0.0830258	0.0662768	0.0721868	0.0303605	0.0420475	
Passer sp.	0.0	0.0	0.0	0.0	0.0	0.0	0.0	0.0	0.0	0.0	0.0	0.0	0.0	0.0	0.0	4.403E-4	0.0	0.0	0.0	4.396E-4	0.0	0.0	0.0	0.0	0.0	0.0	8.688E-4	0.0	0.0	0.0	0.0	0.0	0.0	0.0	0.0	0.0	0.0	0.0	0.0	0.0	0.0	0.0	0.0	0.0	0.0	0.0	0.0	0.0	
Moineau soulcie	0.0110664	0.015873	0.0091984	0.0055866	0.0037641	0.005148	0.0086674	0.0189873	0.0147895	0.0069686	0.008222	0.0086154	0.0099361	0.010582	0.0140673	0.015852	0.0197294	0.0273022	0.0206186	0.0294505	0.0284834	0.0166229	0.0220518	0.0243531	0.0266002	0.0226284	0.0217202	0.02125	0.0117417	0.0176166	0.0147186	0.0122783	0.0038023	0.0082169	0.0120087	0.0099778	0.0087848	0.0111888	0.0076453	0.0108565	0.0092081	0.0175439	0.0139165	0.0221402	0.0136452	0.0106157	0.0075901	0.0082267	
Niverolle alpine	0.0015	0.0013228	0.0015	9.311E-4	0.0025094	0.001287	0.0021668	0.0015	0.0011377	0.0011614	0.0015	0.0015	7.097E-4	0.0013228	6.116E-4	0.0	0.0	4.627E-4	6.064E-4	8.791E-4	0.0023095	0.0061242	0.0057526	0.0068493	0.0157938	0.0104439	0.0034752	0.005	0.0078278	0.011399	0.0060606	0.0047749	0.0015	8.217E-4	0.0043668	0.0	0.0014641	0.0027972	0.0015291	0.0012063	0.0036832	0.0070175	0.0099404	0.0055351	0.0	0.0021231	0.0015	0.0015	
Bergeronnette des ruisseaux	0.0905433	0.0925926	0.0801577	0.0698324	0.06399	0.0797941	0.0823402	0.0959916	0.0784983	0.0754936	0.0441932	0.0486154	0.0482612	0.0324074	0.0299694	0.0352268	0.0400225	0.0453494	0.0375985	0.0505495	0.0577367	0.0691164	0.071908	0.0669711	0.0673317	0.0826806	0.0764553	0.079375	0.0802348	0.092228	0.0805195	0.0832196	0.0769962	0.10682	0.0971616	0.1097561	0.1303075	0.1524476	0.1406728	0.1471653	0.1510129	0.1192982	0.1590457	0.1605166	0.1052632	0.1146497	0.1100569	0.0786106	
Bergeronnette printanière	0.0	0.0	0.0	0.0	0.0025094	0.001287	0.0021668	0.0010549	0.0015	0.0081301	0.020555	0.0633846	0.1142654	0.135582	0.1675841	0.1585205	0.1313416	0.0944007	0.0909642	0.0571429	0.0546574	0.0463692	0.033557	0.0350076	0.0340815	0.0226284	0.0295395	0.029375	0.0430528	0.0590674	0.0554113	0.1091405	0.1102662	0.1035333	0.0917031	0.0798226	0.0439239	0.0251748	0.0168196	0.0012063	0.0055249	0.0017544	0.0	0.001845	0.0019493	0.0	0.0	0.0	
Bergeronnette orientale	0.0	0.0	0.0015	9.311E-4	0.0025094	0.001287	0.0015	0.0015	0.0	0.0	0.0	0.0	0.0	0.0	0.0	0.0	0.0	0.0	0.0	0.0	0.0	0.0	0.0	0.0	0.0	0.0	0.0	0.0	0.0	0.0	0.0	0.0	0.0	0.0	0.0	0.0	0.0	0.0	0.0	0.0	0.0015	0.0015	0.0019881	0.0015	0.0	0.0	0.0015	0.0	
Bergeronnette printanière ou B. orientale	0.0	0.0	0.0	0.0	0.0	0.0	0.0	0.0	0.0	0.0	0.0	0.0	0.0	6.614E-4	0.0	0.0	0.0	0.0	0.0	0.0	0.0	0.0	0.0	0.0	0.0	0.0	0.0	0.0	0.0	0.0	0.0	0.0	0.0	0.0	0.0	0.0	0.0	0.0	0.0	0.0	0.0	0.0	0.0	0.0	0.0	0.0	0.0	0.0	
Bergeronnette citrine	0.0	0.0	0.0	0.0	0.0	0.0	0.0	0.0	0.0	0.0	0.0	0.0	0.0	0.0	0.0012232	0.0	0.0	0.0	0.0	0.0	0.0	0.0	0.0	0.0	0.0	0.0	0.0	0.0	0.0	0.0	0.0	0.0013643	0.0028517	0.0024651	0.0	0.0	0.0	0.0	0.0	0.0	0.0	0.0	0.0	0.0	0.0	0.0	0.0	0.0	
Bergeronnette grise	0.3128773	0.2791005	0.2628121	0.2504655	0.2471769	0.2561133	0.2426869	0.2827004	0.2741752	0.3379791	0.2877698	0.3009231	0.2242725	0.2208995	0.212844	0.2060766	0.1786922	0.1527071	0.1795027	0.1643956	0.160893	0.1784777	0.1783317	0.2024353	0.1995012	0.2158399	0.1902693	0.195	0.1741683	0.1948187	0.2138528	0.2244202	0.1891635	0.2119967	0.2194323	0.2472284	0.329429	0.3146853	0.3883792	0.3787696	0.3812155	0.3666667	0.3578529	0.3191882	0.3001949	0.3333333	0.316888	0.273309	
bergeronette sp.	0.0	0.0026455	0.0026281	0.0	0.0	0.0015	0.0	0.0	0.0011377	0.0011614	0.0	6.154E-4	7.097E-4	6.614E-4	6.116E-4	4.403E-4	5.637E-4	0.0	0.0	0.0	7.698E-4	8.749E-4	9.588E-4	0.0015	0.0	0.0017406	0.0017376	0.0	9.785E-4	0.0010363	8.658E-4	0.0013643	9.506E-4	0.0016434	0.0010917	0.0011086	0.0	0.0027972	0.0	0.0012063	0.0015	0.0017544	0.0	0.0	0.0019493	0.0015	0.0018975	0.0	
Pipit de Richard	0.0030181	0.005291	0.0026281	0.0046555	0.0037641	0.0015	0.0043337	0.0021097	0.0011377	0.0011614	0.0010277	0.0	0.0021292	6.614E-4	0.0	4.403E-4	0.0	0.0	0.0	0.0	0.0	0.0	0.0	0.0	0.0	0.0	0.0	0.0	0.0	0.0	0.0	0.0	0.0	0.0	0.0	0.0015	0.0015	0.0	0.0	0.0012063	0.0018416	0.0070175	0.0079523	0.001845	0.0038986	0.0021231	0.0018975	0.0045704	
Pipit de Godlewski	0.0	0.0	0.0	0.0	0.0	0.0015	0.0015	0.0	0.0	0.0	0.0	0.0	0.0	0.0	0.0	0.0	0.0	0.0	0.0	0.0	0.0	0.0	0.0	0.0	0.0	0.0	0.0	0.0	0.0	0.0	0.0	0.0	0.0	0.0	0.0	0.0	0.0	0.0	0.0	0.0	0.0	0.0	0.0	0.0	0.0	0.0	0.0	0.0	
Pipit rousseline	0.0	0.0	0.0	0.0	0.0	0.0	0.0	0.0	0.0	0.0	0.0010277	0.0	0.0070972	0.0145503	0.0269113	0.0479965	0.0422773	0.0407219	0.0333535	0.0356044	0.0354119	0.0174978	0.0239693	0.021309	0.0207814	0.0182768	0.0130321	0.014375	0.0117417	0.0072539	0.0103896	0.0150068	0.0180608	0.0147905	0.0152838	0.0044346	0.0014641	0.0013986	0.0	0.0	0.0018416	0.0	0.0	0.0	0.0	0.0	0.0	0.0	
Pipit farlouse	0.1629779	0.1851852	0.1681997	0.1685289	0.1430364	0.1351351	0.1235103	0.1044304	0.1012514	0.1080139	0.1058582	0.1107692	0.1014904	0.047619	0.0244648	0.010568	0.0062007	0.001851	0.0012129	0.0026374	0.0030793	0.0026247	0.0047939	0.0015221	0.0074813	0.002611	0.0104257	0.0075	0.0097847	0.0020725	0.0051948	0.005457	0.0076046	0.0041085	0.010917	0.0221729	0.057101	0.1286713	0.1804281	0.2328106	0.2265193	0.245614	0.2405567	0.2177122	0.2397661	0.2123142	0.2087287	0.2084095	
Pipit des arbres	0.0	0.0	0.0	0.0	0.0	0.0	0.0	0.0	0.0	0.0	0.0	0.008	0.0198722	0.031746	0.0593272	0.0550418	0.0411499	0.0282277	0.0248636	0.0386813	0.0315627	0.0297463	0.0249281	0.0258752	0.0307564	0.0208877	0.013901	0.018125	0.0156556	0.0176166	0.0329004	0.0497954	0.0579848	0.0780608	0.0796943	0.056541	0.0439239	0.027972	0.0045872	0.0048251	0.0	0.0015	0.0	0.0	0.0	0.0	0.0	0.0	
Pipit à dos olive	0.0	0.0	0.0	0.0	0.0	0.0	0.0	0.0	0.0	0.0	0.0	0.0	0.0	0.0	0.0	4.403E-4	0.0	0.0	0.0	0.0	0.0	0.0	0.0	0.0	0.0	0.0	0.0	0.0	0.0	0.0	0.0	0.0	0.0	0.0	0.0	0.0	0.0	0.0	0.0	0.0	0.0	0.0	0.0	0.0	0.0	0.0	0.0	0.0	
Pipit à gorge rousse	0.0	0.0	0.0	0.0	0.0	0.0	0.0	0.0	0.0	0.0	0.0	0.0	0.0028389	0.0013228	0.0055046	0.009247	0.0050733	0.0050902	6.064E-4	0.0	0.0	0.0	0.0	0.0	0.0	0.0	0.0	0.0	0.0	0.0	0.0	0.0	0.0	0.0	0.0	0.0	0.0	0.0015	0.0	0.0024125	0.0	0.0	0.0015	0.0	0.0	0.0	0.0	0.0	
Pipit spioncelle	0.0362173	0.037037	0.0367937	0.0418994	0.033877	0.042471	0.028169	0.0274262	0.0261661	0.0313589	0.0339157	0.0356923	0.0227111	0.0185185	0.0091743	0.007926	0.0062007	0.005553	0.0060643	0.0087912	0.0069284	0.0183727	0.0287632	0.0228311	0.0365752	0.0374238	0.0286707	0.02125	0.0459883	0.0404145	0.0528139	0.0286494	0.0437262	0.0476582	0.0371179	0.0210643	0.0131772	0.0167832	0.029052	0.0446321	0.0478821	0.0614035	0.0536779	0.0627306	0.0565302	0.0509554	0.0550285	0.0301645	
Pipit farlouse ou P. spioncelle	0.0	0.0	0.0	9.311E-4	0.0	0.0	0.0	0.0015	0.0	0.0	0.0	0.0	0.0	6.614E-4	0.0	0.0	0.0	0.0	0.0	0.0	0.0	0.0	0.0	0.0015	0.0	0.0	0.0	0.0	9.785E-4	0.0010363	0.0	0.0	0.0	0.0	0.0010917	0.0	0.0	0.0013986	0.0015291	0.0	0.0	0.0	0.0	0.0	0.0	0.0	0.0	0.0	
Anthus sp.	0.0040241	0.0119048	0.0	0.0027933	0.0	0.0	0.0010834	0.0	0.0	0.0023229	0.0010277	0.0012308	0.0014194	0.0026455	0.004893	0.001321	0.0011274	0.0013882	0.0	0.0	7.698E-4	8.749E-4	0.0019175	7.61E-4	0.0	8.703E-4	0.0015	0.0015	9.785E-4	0.0015	0.0025974	0.0013643	0.0028517	0.0032868	0.0043668	0.0	0.0029283	0.0041958	0.0015291	0.0012063	0.0	0.0017544	0.0019881	0.001845	0.0	0.0021231	0.0037951	0.0054845	
Pinson des arbres	0.5050302	0.4722222	0.4388962	0.4469274	0.4742785	0.4375804	0.4442037	0.4535865	0.4721274	0.4901278	0.4470709	0.3569231	0.3222143	0.2519841	0.2464832	0.2562748	0.2412627	0.2526608	0.2795634	0.3362637	0.3010008	0.2887139	0.3010547	0.2838661	0.2975894	0.2906876	0.2528236	0.209375	0.1575342	0.1709845	0.2121212	0.1725784	0.1625475	0.1536565	0.1582969	0.1718404	0.2342606	0.3664336	0.4143731	0.4897467	0.4493554	0.5	0.4811133	0.5590406	0.5536062	0.5329087	0.4857685	0.4862888	
Pinson du Nord	0.027163	0.0224868	0.0302234	0.0428305	0.0501882	0.036036	0.0422535	0.0432489	0.0386803	0.0278746	0.0113052	0.0147692	0.0035486	0.0	6.116E-4	0.0	0.0	0.0	0.0	0.0	0.0	0.0	0.0	0.0	0.0	0.0	0.0	0.0	0.0	0.0	0.0	0.0	0.0	0.0	0.0	0.0	0.0	0.0027972	0.0183486	0.0434258	0.038674	0.054386	0.0258449	0.0424354	0.0311891	0.0467091	0.0265655	0.0246801	
Pinson des arbres ou P. du Nord	0.0	0.0	0.0	0.0	0.0	0.0	0.0	0.0	0.0	0.0	0.0	0.0	0.0	0.0	0.0	0.0	0.0	0.0	0.0	0.0	0.0	0.0	0.0	0.0	0.0	0.0	0.0	0.0	0.0	0.0	0.0	0.0	0.0	0.0	0.0	0.0	0.0	0.0	0.0	0.0	0.0	0.0	0.0	0.0	0.0	0.0	0.0	0.0015	
Grosbec casse-noyaux	0.028169	0.026455	0.0289093	0.0409683	0.0276035	0.027027	0.0411701	0.0390295	0.0534699	0.0487805	0.0483042	0.0393846	0.0276792	0.0205026	0.0073394	0.0048437	0.0045096	0.0032392	0.0012129	0.0013187	0.0038491	0.0026247	9.588E-4	0.0030441	0.0083126	0.0113142	0.0104257	0.003125	0.0048924	0.0051813	0.0034632	0.0027285	0.0038023	0.0024651	0.0043668	0.0033259	0.0029283	0.0181818	0.0443425	0.0579011	0.0515654	0.0280702	0.0298211	0.0239852	0.0253411	0.0276008	0.0151803	0.0274223	
Roselin cramoisi	0.0	0.0	0.0	0.0	0.0	0.0	0.0	0.0	0.0	0.0	0.0	0.0	0.0	0.0	0.0	0.0	0.0	0.0	0.0	0.0	0.0	0.0	0.0	0.0	0.0	0.0	0.0	0.0	0.0	0.0	0.0	0.0	0.0	0.0	0.0	0.0	0.0	0.0	0.0	0.0	0.0092081	0.0	0.0	0.0	0.0	0.0	0.0	0.0	
Bouvreuil pivoine	0.0191147	0.0066138	0.0026281	0.0055866	0.0150565	0.009009	0.0119177	0.0137131	0.0113766	0.0092915	0.0071942	0.0129231	0.0085167	0.0046296	0.0061162	0.0088067	0.0050733	0.0087922	0.00849	0.0087912	0.0053888	0.0087489	0.0105465	0.0152207	0.0149626	0.0252393	0.0243267	0.023125	0.0215264	0.0227979	0.0199134	0.0150068	0.0180608	0.0139688	0.0065502	0.0110865	0.0043924	0.006993	0.0061162	0.0144753	0.0055249	0.0070175	0.0079523	0.0055351	0.0194932	0.0021231	0.0113852	0.0182815	
Verdier d'Europe	0.0985915	0.0939153	0.1038108	0.1014898	0.1367629	0.1389961	0.1430119	0.1518987	0.1660978	0.2288037	0.2456321	0.2086154	0.2107878	0.2089947	0.2012232	0.1739322	0.1645998	0.1517816	0.1637356	0.1446154	0.1632025	0.1609799	0.147651	0.1484018	0.113882	0.1322889	0.1216334	0.105	0.0792564	0.0818653	0.0805195	0.0600273	0.0636882	0.0682005	0.0665939	0.0698448	0.1229868	0.1356643	0.0963303	0.1387214	0.145488	0.154386	0.1371769	0.1162362	0.1208577	0.1273885	0.0834915	0.083181	
Linotte mélodieuse	0.0885312	0.0939153	0.0814717	0.0605214	0.0652447	0.0579151	0.0606717	0.0495781	0.0568828	0.0801394	0.1027749	0.128	0.1447835	0.1236772	0.1204893	0.113166	0.1037204	0.095789	0.0848999	0.0791209	0.0731332	0.0621172	0.0814957	0.0509893	0.0631754	0.0670148	0.0634231	0.085	0.0704501	0.0735751	0.0891775	0.0627558	0.0741445	0.0575185	0.0775109	0.0576497	0.0717423	0.1076923	0.1100917	0.1133896	0.0810313	0.1333333	0.0854871	0.0719557	0.0994152	0.089172	0.0626186	0.0914077	
Sizerin flammé	0.0	0.005291	0.0013141	0.0018622	0.0	0.001287	0.0	0.0	0.0015	0.0	0.0	0.0	0.0	0.0	0.0	0.0	0.0	0.0	0.0	0.0	0.0	0.0	0.0	0.0	0.0	0.0	0.0	0.0	0.0	0.0	0.0	0.0	0.0	0.0	0.0	0.0	0.0	0.0	0.0	0.0	0.0	0.0087719	0.0019881	0.00369	0.0	0.0021231	0.0018975	9.141E-4	
Bec-croisé des sapins	0.0231388	0.010582	0.0091984	0.0083799	0.0075282	0.007722	0.0130011	0.0094937	0.0147895	0.0046458	0.0071942	0.0092308	0.0049681	0.0059524	0.0055046	0.0057244	0.0073281	0.0041647	0.0090964	0.0096703	0.0046189	0.0122485	0.0076702	0.0129376	0.0091438	0.0139252	0.0225891	0.0225	0.0215264	0.0217617	0.0233766	0.0279673	0.0142586	0.0156122	0.0152838	0.0221729	0.0248902	0.0503497	0.0152905	0.0277443	0.0257827	0.0122807	0.0178926	0.0147601	0.005848	0.0063694	0.0170778	0.0137112	
Chardonneret élégant	0.2907445	0.2910053	0.2720105	0.2467412	0.2584693	0.2625483	0.2578548	0.2837553	0.3139932	0.3449477	0.368962	0.3372308	0.3626686	0.3730159	0.3859327	0.3747248	0.3517475	0.3290143	0.3292905	0.2562637	0.2979215	0.2930884	0.2732502	0.2640791	0.2543641	0.2610966	0.2728063	0.256875	0.2387476	0.2103627	0.2268398	0.2121419	0.1768061	0.1783073	0.1954148	0.2195122	0.2474378	0.3020979	0.2874618	0.331725	0.3462247	0.3719298	0.3260437	0.3173432	0.2748538	0.3630573	0.2314991	0.2477148	
Venturon montagnard	0.0020121	0.0	0.0013141	9.311E-4	0.0012547	0.002574	0.0021668	0.0042194	0.0022753	0.0023229	0.0020555	0.0030769	0.0049681	0.0026455	0.0042813	0.0030823	0.0067644	0.0027765	0.0060643	0.0057143	0.0092379	0.0104987	0.0172579	0.0121766	0.0124688	0.0200174	0.0173762	0.01625	0.0195695	0.0238342	0.0199134	0.0184175	0.0114068	0.0115037	0.010917	0.0133038	0.0087848	0.0167832	0.0107034	0.0048251	0.0055249	0.0017544	0.0039761	0.0055351	0.0	0.0	0.0037951	0.0	
Serin cini	0.138833	0.1468254	0.1169514	0.0968343	0.1304893	0.1377091	0.176598	0.1940928	0.2434585	0.2752613	0.340185	0.2972308	0.3321505	0.3293651	0.3211009	0.3500661	0.2976325	0.3239241	0.2959369	0.2681319	0.2848345	0.2712161	0.2310642	0.2207002	0.1745636	0.1697128	0.1615986	0.119375	0.0694716	0.065285	0.0666667	0.0559345	0.0722433	0.072309	0.069869	0.0764967	0.090776	0.1048951	0.0978593	0.1399276	0.1270718	0.1263158	0.0934394	0.1254613	0.1267057	0.1082803	0.1119545	0.1288848	
Serin des Canaries	0.0	0.0	0.0	0.0	0.0	0.0	0.0	0.0	0.0	0.0	0.0	0.0	0.0	0.0	0.0015	0.0	0.0	0.0	0.0	0.0	0.0	0.0	0.0	0.0	0.0	0.0	0.0	0.0	0.0	0.0	0.0	0.0	0.0	0.0	0.0	0.0	0.0	0.0	0.0	0.0	0.0	0.0	0.0	0.001845	0.0	0.0	0.0	0.0	
Tarin des aulnes	0.054326	0.0449735	0.0420499	0.0437616	0.0439147	0.0501931	0.0617551	0.0421941	0.0580205	0.0441347	0.0390545	0.032	0.0312278	0.0171958	0.0134557	0.0110084	0.0039459	0.0023137	0.0054579	8.791E-4	0.0015396	0.0043745	0.0028763	0.0022831	0.0058188	0.002611	0.0078193	0.003125	0.0058708	0.0020725	0.0017316	0.0027285	0.0047529	0.0049302	0.0021834	0.0033259	0.0161054	0.0503497	0.0825688	0.106152	0.1086556	0.1175439	0.1033797	0.0627306	0.0526316	0.0424628	0.0531309	0.0457038	
fringillidé sp.	0.0	0.0013228	0.0	0.0	0.0	0.0	0.0	0.0	0.0	0.0015	0.0	0.0	0.0	6.614E-4	6.116E-4	0.0017613	0.0	0.0	0.0	0.0	0.0	0.0	0.0	0.0	0.0	0.0	0.0	0.0	0.0	0.0	0.0	0.0	0.0	0.0	0.0	0.0	0.0	0.0	0.0	0.0	0.0	0.0	0.0	0.0	0.0	0.0	0.0	0.0	
Bruant des neiges	0.0	0.0013228	0.0015	9.311E-4	0.0	0.0	0.0	0.0	0.0	0.0	0.0	0.0	0.0	0.0	0.0	0.0	0.0	0.0	0.0	0.0	0.0	0.0	0.0	0.0	0.0	0.0	0.0	0.0	0.0	0.0	0.0	0.0	0.0	0.0	0.0	0.0	0.0	0.0	0.0	0.0015	0.0	0.0015	0.0019881	0.0	0.0	0.0	0.0	0.0015	
Bruant mélanocéphale	0.0	0.0	0.0	0.0	0.0	0.0	0.0	0.0	0.0	0.0	0.0	0.0	0.0	0.0	0.0	0.0	0.0	0.0015	0.0	0.0	0.0	0.0015	9.588E-4	0.0	0.0	0.0	0.0	0.0	0.0	0.0	0.0	0.0	0.0	0.0	0.0	0.0	0.0	0.0	0.0	0.0	0.0	0.0	0.0	0.0	0.0	0.0	0.0	0.0	
Bruant proyer	0.0422535	0.037037	0.0367937	0.0316574	0.0276035	0.027027	0.0422535	0.0379747	0.0432309	0.0615563	0.0524152	0.0572308	0.0759404	0.1071429	0.1149847	0.1453104	0.1392334	0.1471541	0.1443299	0.1323077	0.1277906	0.1014873	0.0814957	0.04414	0.0307564	0.0156658	0.0173762	0.016875	0.0117417	0.0238342	0.012987	0.03206	0.0209125	0.0172555	0.0305677	0.0199557	0.0395315	0.0335664	0.0443425	0.0446321	0.038674	0.0684211	0.0258449	0.0442804	0.0389864	0.0403397	0.0246679	0.0438757	
Bruant fou	0.0080483	0.010582	0.0052562	0.0083799	0.0087829	0.005148	0.0108342	0.0105485	0.0136519	0.0046458	0.0071942	0.0073846	0.0120653	0.0072751	0.0079511	0.0061647	0.0045096	0.0050902	0.0097029	0.0079121	0.0038491	0.0131234	0.0105465	0.0091324	0.00665	0.0104439	0.0147698	0.0075	0.0117417	0.0051813	0.0051948	0.0102319	0.0076046	0.0073952	0.0043668	0.0055432	0.0058565	0.0097902	0.0076453	0.0036188	0.0110497	0.0087719	0.0039761	0.00369	0.0077973	0.0063694	0.0018975	0.0082267	
Bruant zizi	0.1187123	0.1283069	0.1274639	0.1256983	0.1442911	0.1171171	0.12026	0.1487342	0.1501706	0.1591173	0.1449126	0.1243077	0.1320085	0.125	0.1204893	0.1268164	0.121195	0.1420639	0.1534263	0.1542857	0.1801386	0.1548556	0.1342282	0.1255708	0.1330008	0.1357702	0.10947	0.103125	0.0782779	0.0673575	0.0753247	0.0572988	0.0617871	0.0706656	0.0960699	0.1075388	0.1288433	0.1482517	0.1574924	0.172497	0.1712707	0.1736842	0.1510934	0.1789668	0.1384016	0.1932059	0.1081594	0.1261426	
Bruant jaune	0.0020121	0.0079365	0.0039422	0.0055866	0.0050188	0.009009	0.0054171	0.0126582	0.0056883	0.0162602	0.0154162	0.0098462	0.0085167	0.0112434	0.0140673	0.0114487	0.0180383	0.0273022	0.021225	0.0281319	0.0300231	0.0262467	0.0383509	0.0319635	0.0523691	0.0574413	0.0564726	0.038125	0.0215264	0.0103627	0.017316	0.0252387	0.0218631	0.0304026	0.018559	0.0077605	0.0073206	0.006993	0.0091743	0.0108565	0.0073665	0.0122807	0.0079523	0.001845	0.0097466	0.0084926	0.0094877	0.0146252	
Bruant à calotte blanche	0.0	0.0	0.0	0.0	0.0	0.0	0.0	0.0	0.0	0.0015	0.0010277	0.0	0.0	0.0	0.0	0.0	0.0	0.0	0.0	0.0	0.0	0.0	0.0	0.0	0.0	0.0	0.0	0.0	0.0	0.0	0.0	0.0	0.0	0.0	0.0	0.0	0.0	0.0	0.0	0.0	0.0	0.0	0.0	0.0	0.0	0.0	0.0	0.0	
Bruant ortolan	0.0	0.0	0.0	0.0	0.0	0.0	0.0	0.0	0.0	0.0	0.0	6.154E-4	7.097E-4	0.0013228	0.0055046	0.0180537	0.0157835	0.0083295	0.0121286	0.0131868	0.0138568	0.0069991	0.0067114	0.0091324	0.0058188	0.0069626	0.0026064	0.00375	9.785E-4	0.0020725	8.658E-4	0.0040928	0.0085551	0.0049302	0.0032751	0.0015	0.0	0.0	0.0	0.0	0.0	0.0	0.0	0.0	0.0	0.0	0.0	0.0	
Bruant des roseaux	0.082495	0.0978836	0.0919842	0.0837989	0.0878294	0.0810811	0.0942579	0.085443	0.0898749	0.1010453	0.0606372	0.0301538	0.012775	0.005291	0.0055046	0.0044033	0.005637	0.0083295	0.0036386	0.0057143	0.0030793	0.0034996	0.0019175	0.0030441	0.0024938	8.703E-4	8.688E-4	0.0025	9.785E-4	0.0020725	8.658E-4	0.0027285	9.506E-4	8.217E-4	0.0010917	0.0022173	0.0058565	0.013986	0.029052	0.0844391	0.0957643	0.1105263	0.1033797	0.0682657	0.1111111	0.0849257	0.1043643	0.0877514	
Bruant nain	0.0	0.0026455	0.0	0.0	0.0	0.0	0.0	0.0	0.0	0.0	0.0	0.0	0.0	0.0	0.0	0.0	0.0	0.0	0.0	0.0	0.0	0.0	0.0	0.0	0.0	0.0	0.0	0.0	0.0	0.0	0.0	0.0	0.0	0.0	0.0	0.0	0.0	0.0	0.0	0.0	0.0	0.0	0.0	0.0	0.0	0.0	0.0	9.141E-4	
Bruant rustique	0.0	0.0	0.0	0.0	0.0	0.0	0.0	0.0	0.0	0.0	0.0	0.0	0.0	0.0	0.0	0.0	0.0	0.0	0.0	0.0	0.0	0.0	0.0	0.0	0.0	0.0	0.0	0.0	0.0	0.0	0.0	0.0	0.0	0.0	0.0	0.0	0.0	0.0	0.0	0.0	0.0	0.0015	0.0015	0.0	0.0	0.0	0.0	0.0	
Emberiza sp.	0.001006	0.0026455	0.0	9.311E-4	0.0	0.0	0.0	0.0	0.0	0.0015	0.0	0.0	0.0	0.0	0.0	0.0	0.0	4.627E-4	0.0	0.0	7.698E-4	0.0	0.0	0.0	0.0	8.703E-4	8.688E-4	0.0	0.0	0.0	8.658E-4	6.821E-4	9.506E-4	0.0016434	0.0010917	0.0	0.0029283	0.0	0.0	0.0	0.0	0.0015	0.0039761	0.0	0.0	0.0	0.0	0.0	
passereau sp.	0.0030181	0.0013228	0.0	0.0018622	0.0012547	0.002574	0.0032503	0.0	0.0045506	0.0069686	0.0143885	0.0233846	0.0099361	0.0019841	0.0018349	0.0044033	0.0016911	0.0027765	0.0054579	0.0026374	0.0038491	0.007874	0.0067114	0.0022831	0.0074813	0.0095735	0.0060817	0.005625	0.0136986	0.0051813	0.0051948	0.005457	0.0104563	0.0090386	0.0054585	0.0110865	0.0043924	0.006993	0.0107034	0.0120627	0.0128913	0.0087719	0.0059642	0.0110701	0.0077973	0.0106157	0.0056926	0.0082267	
oiseau sp.	0.0	0.0	0.0	0.0	0.0	0.0	0.0	0.0	0.0	0.0	0.0010277	0.0	0.0	0.0	0.0	4.403E-4	0.0	0.0	0.0	0.0	0.0	0.0	0.0	0.0	8.313E-4	0.0	0.0	0.0	9.785E-4	0.0010363	0.0	0.0	0.0	8.217E-4	0.0	0.0	0.0	0.0	0.0	0.0	0.0	0.0	0.0	0.0	0.0	0.0	0.0	0.0	

