









Frequency of observations in the selected location(s).:
Number of taxa: 	384

	Jan				Feb				Mar				Apr				May				Jun				Jul				Aug				Sep				Oct				Nov				Dec				
Sample Size:	30.0	24.0	22.0	64.0	50.0	50.0	57.0	48.0	31.0	37.0	25.0	94.0	43.0	65.0	80.0	98.0	58.0	54.0	66.0	109.0	70.0	58.0	48.0	93.0	55.0	87.0	147.0	142.0	92.0	75.0	135.0	141.0	68.0	39.0	86.0	83.0	53.0	48.0	26.0	56.0	43.0	23.0	34.0	18.0	18.0	38.0	21.0	113.0	

Oie à tête barrée	0.0	0.0	0.0	0.0	0.0	0.0	0.0	0.0	0.0	0.0	0.0	0.0	0.0	0.0	0.0	0.0	0.0	0.0	0.0	0.0	0.0	0.0	0.0	0.0	0.0	0.0	0.0	0.0	0.0	0.0	0.0	0.0070922	0.0	0.0	0.0	0.0	0.0	0.0	0.0	0.0	0.0	0.0	0.0	0.0	0.0	0.0	0.0	0.0	
Oie cendrée	0.0333333	0.25	0.2272727	0.03125	0.22	0.1	0.0701754	0.1458333	0.1935484	0.0540541	0.0015	0.0425532	0.0697674	0.0769231	0.025	0.0306122	0.0344828	0.0	0.0015	0.0275229	0.0	0.0	0.0208333	0.0015	0.0	0.0344828	0.0	0.0140845	0.0434783	0.0133333	0.0222222	0.0070922	0.0147059	0.025641	0.0116279	0.0	0.0188679	0.0208333	0.0384615	0.0714286	0.0465116	0.0434783	0.0588235	0.1111111	0.1111111	0.0789474	0.0	0.0353982	
Oie rieuse	0.0333333	0.0416667	0.0015	0.015625	0.0	0.0	0.0	0.0208333	0.0	0.0015	0.0	0.0015	0.0	0.0	0.0	0.0	0.0	0.0	0.0015	0.0	0.0	0.0	0.0	0.0	0.0	0.0229885	0.0	0.0070423	0.0	0.0	0.0	0.0	0.0	0.0	0.0116279	0.0120482	0.0	0.0	0.0	0.0	0.0465116	0.0434783	0.0	0.0555556	0.0555556	0.0263158	0.0	0.0176991	
Oie de toundra	0.0	0.0	0.0	0.0	0.0	0.0	0.0	0.0	0.0	0.0	0.0	0.0	0.0	0.0	0.0	0.0	0.0	0.0	0.0	0.0	0.0	0.0	0.0	0.0	0.0	0.0	0.0	0.0	0.0	0.0	0.0	0.0	0.0	0.0	0.0	0.0	0.0	0.0	0.0	0.0	0.0	0.0	0.0	0.0	0.0015	0.0	0.0	0.0	
Oie à bec court	0.0333333	0.0416667	0.0015	0.0	0.0	0.0	0.0	0.0	0.0	0.0	0.0	0.0	0.0	0.0	0.0	0.0	0.0	0.0	0.0	0.0	0.0	0.0	0.0	0.0	0.0	0.0	0.0	0.0	0.0	0.0	0.0	0.0	0.0	0.0	0.0	0.0	0.0	0.0	0.0	0.0178571	0.0465116	0.0434783	0.0015	0.0555556	0.0555556	0.0	0.0	0.0176991	
Bernache cravant	0.1	0.3333333	0.1818182	0.1875	0.18	0.12	0.1403509	0.0833333	0.0967742	0.0810811	0.04	0.0638298	0.1627907	0.0769231	0.075	0.0816327	0.0689655	0.0015	0.030303	0.0183486	0.0142857	0.0	0.0015	0.0	0.0015	0.0	0.0	0.0140845	0.0	0.0266667	0.0074074	0.0141844	0.0147059	0.0	0.0116279	0.0240964	0.0377358	0.0833333	0.2307692	0.1607143	0.1627907	0.0015	0.0882353	0.1666667	0.1666667	0.3421053	0.2380952	0.3539823	
Bernache nonnette	0.0015	0.0416667	0.0015	0.0	0.0	0.0	0.0	0.0208333	0.0645161	0.0	0.0015	0.0	0.0	0.0015	0.0	0.0	0.0	0.0	0.0	0.0091743	0.0	0.0	0.0	0.0015	0.0	0.0	0.0	0.0	0.0	0.0	0.0	0.0	0.0	0.0	0.0	0.0	0.0	0.0	0.0	0.0	0.0	0.0	0.0	0.0	0.0015	0.0263158	0.0	0.0015	
Bernache du Canada	0.0015	0.0	0.0	0.0	0.0015	0.0	0.0	0.0	0.0	0.0	0.0	0.0	0.0	0.0153846	0.0	0.0	0.0	0.0	0.0	0.0	0.0	0.0	0.0	0.0	0.0	0.0	0.0	0.0	0.0	0.0	0.0	0.0141844	0.0	0.0015	0.0116279	0.0	0.0	0.0	0.0	0.0	0.0	0.0	0.0015	0.0	0.0015	0.0	0.0	0.0	
Bernache à cou roux	0.0015	0.0	0.0015	0.0	0.0	0.0	0.0	0.0	0.0	0.0	0.0	0.0	0.0	0.0	0.0	0.0	0.0	0.0	0.0	0.0	0.0	0.0	0.0	0.0	0.0	0.0	0.0	0.0	0.0	0.0	0.0	0.0	0.0	0.0	0.0	0.0	0.0	0.0	0.0	0.0	0.0	0.0	0.0	0.0	0.0015	0.0263158	0.0	0.0	
Cygne tuberculé	0.2333333	0.25	0.2727273	0.078125	0.24	0.14	0.1403509	0.25	0.2903226	0.1621622	0.08	0.3191489	0.255814	0.3076923	0.225	0.1632653	0.2068966	0.0740741	0.1969697	0.1376147	0.1428571	0.1724138	0.1666667	0.1075269	0.1272727	0.2298851	0.1360544	0.0774648	0.2065217	0.1466667	0.1407407	0.2056738	0.1617647	0.1025641	0.2325581	0.1566265	0.1698113	0.1666667	0.1538462	0.1785714	0.1627907	0.1304348	0.1470588	0.2777778	0.2222222	0.1578947	0.0	0.1946903	
Cygne noir	0.0	0.0	0.0454545	0.0	0.0	0.0	0.0	0.0416667	0.0	0.0	0.0	0.0	0.0	0.0015	0.0	0.0	0.0	0.0	0.0	0.0	0.0142857	0.0	0.0	0.0	0.0	0.0229885	0.0	0.0070423	0.0108696	0.0015	0.0	0.0070922	0.0	0.025641	0.0232558	0.0240964	0.0188679	0.0416667	0.0769231	0.0	0.0	0.0	0.0	0.0	0.0	0.0	0.0	0.0088496	
Hybride Cygne tuberculé x C. noir	0.0	0.0	0.0	0.0	0.0	0.0	0.0	0.0	0.0	0.0	0.0	0.0	0.0	0.0	0.0	0.0	0.0	0.0	0.0	0.0	0.0	0.0	0.0	0.0	0.0	0.0	0.0	0.0	0.0	0.0	0.0074074	0.0	0.0	0.0	0.0	0.0	0.0	0.0	0.0	0.0	0.0	0.0	0.0	0.0	0.0015	0.0	0.0	0.0	
Cygne de Bewick	0.0	0.0	0.0	0.0	0.02	0.04	0.0	0.0	0.0	0.0	0.0	0.0	0.0	0.0	0.0	0.0	0.0	0.0	0.0	0.0	0.0	0.0	0.0	0.0	0.0	0.0	0.0	0.0	0.0	0.0	0.0	0.0	0.0	0.0	0.0	0.0	0.0	0.0	0.0	0.0	0.0	0.0	0.0	0.0	0.0	0.0	0.0	0.0	
Cygne chanteur	0.0333333	0.0	0.0454545	0.0	0.0	0.0	0.0	0.0416667	0.0	0.0	0.0	0.0	0.0	0.0	0.0	0.0	0.0	0.0	0.0	0.0	0.0	0.0	0.0	0.0	0.0	0.0	0.0	0.0	0.0	0.0	0.0	0.0	0.0	0.0	0.0	0.0	0.0	0.0	0.0	0.0	0.0	0.0	0.0	0.0015	0.0	0.0263158	0.0	0.0088496	
anatidé sp. (oie sp.)	0.0	0.0	0.0	0.0	0.0	0.0	0.0	0.0	0.0	0.0	0.0	0.0	0.0	0.0	0.0	0.0	0.0	0.0	0.0	0.0	0.0	0.0	0.0	0.0	0.0	0.0	0.0	0.0	0.0	0.0	0.0	0.0070922	0.0	0.0	0.0	0.0	0.0	0.0	0.0	0.0	0.0	0.0	0.0	0.0	0.0	0.0	0.0	0.0	
Ouette d'Égypte	0.0	0.0	0.0	0.0	0.0	0.0	0.0	0.0015	0.0	0.0	0.0	0.0	0.0	0.0	0.0	0.0	0.0	0.0	0.0	0.0	0.0	0.0	0.0	0.0	0.0	0.0	0.0	0.0	0.0	0.0	0.0	0.0	0.0	0.0	0.0116279	0.0	0.0	0.0	0.0	0.0	0.0	0.0015	0.0	0.0	0.0	0.0	0.0	0.0	
Tadorne casarca	0.0	0.0	0.0015	0.0	0.0	0.0	0.0	0.0	0.0	0.0	0.0	0.0	0.0232558	0.0	0.0	0.0	0.0	0.0	0.0	0.0	0.0	0.0	0.0	0.0107527	0.0	0.0	0.0	0.0	0.0	0.0	0.0074074	0.0	0.0	0.025641	0.0	0.0	0.0	0.0	0.0	0.0	0.0015	0.0	0.0015	0.0	0.0	0.0	0.0	0.0015	
Tadorne de Belon	0.2333333	0.4166667	0.4090909	0.203125	0.36	0.16	0.4210526	0.3541667	0.2903226	0.2162162	0.08	0.3723404	0.4651163	0.4153846	0.425	0.4387755	0.3448276	0.1851852	0.3636364	0.3027523	0.2142857	0.1896552	0.2916667	0.1935484	0.2545455	0.2643678	0.1768707	0.1549296	0.2173913	0.2	0.1333333	0.1843972	0.1617647	0.1282051	0.1511628	0.2650602	0.2264151	0.1666667	0.0769231	0.2857143	0.1162791	0.2608696	0.2058824	0.3333333	0.3888889	0.3947368	0.2380952	0.3982301	
Hybride Tadorne casarca x T. de Belon	0.0	0.0	0.0	0.0	0.0	0.0	0.0	0.0	0.0	0.0	0.0	0.0	0.0	0.0	0.0	0.0	0.0	0.0	0.0015	0.0	0.0	0.0	0.0	0.0	0.0	0.0	0.0	0.0	0.0	0.0	0.0	0.0	0.0	0.0	0.0	0.0	0.0	0.0	0.0	0.0	0.0	0.0	0.0	0.0	0.0	0.0	0.0	0.0	
Canard à collier noir	0.0	0.0	0.0	0.0	0.0	0.0	0.0	0.0	0.0	0.0	0.0	0.0	0.0	0.0	0.0	0.0	0.0	0.0	0.0	0.0	0.0	0.0	0.0	0.0	0.0	0.0	0.0	0.0	0.0	0.0	0.0	0.0141844	0.0	0.0	0.0	0.0	0.0	0.0	0.0	0.0	0.0	0.0	0.0	0.0	0.0	0.0	0.0	0.0	
Canard carolin	0.0	0.0	0.0	0.0015	0.0	0.0	0.0	0.0	0.0	0.0	0.0	0.0	0.0	0.0	0.0	0.0	0.0	0.0	0.0	0.0	0.0	0.0	0.0	0.0	0.0	0.0	0.0	0.0	0.0	0.0	0.0	0.0	0.0	0.0	0.0	0.0	0.0	0.0	0.0	0.0	0.0	0.0	0.0	0.0	0.0	0.0	0.0	0.0088496	
Sarcelle d'été	0.0	0.0	0.0	0.0	0.0	0.0	0.0	0.0	0.0015	0.027027	0.0015	0.0851064	0.0465116	0.0769231	0.025	0.0306122	0.0	0.0015	0.0	0.0	0.0142857	0.0172414	0.0	0.0	0.0363636	0.0114943	0.0068027	0.0140845	0.0217391	0.0133333	0.0148148	0.0070922	0.0	0.0	0.0	0.0	0.0	0.0	0.0	0.0	0.0	0.0	0.0	0.0	0.0	0.0	0.0	0.0	
Sarcelle à ailes bleues	0.0	0.0	0.0	0.0	0.0	0.0	0.0	0.0	0.0	0.0	0.0	0.0	0.0	0.0	0.0	0.0	0.0	0.0	0.0	0.0	0.0	0.0	0.0	0.0	0.0	0.0	0.0	0.0	0.0	0.0	0.0	0.0	0.0	0.0	0.0	0.0	0.0	0.0208333	0.0	0.0	0.0	0.0	0.0	0.0	0.0	0.0	0.0	0.0	
Canard souchet	0.2333333	0.1666667	0.1363636	0.09375	0.24	0.18	0.1403509	0.2083333	0.2258065	0.1621622	0.04	0.2446809	0.3023256	0.2615385	0.1375	0.1938776	0.1206897	0.0185185	0.0909091	0.0733945	0.0428571	0.0344828	0.0208333	0.0537634	0.0727273	0.0229885	0.0272109	0.0422535	0.0869565	0.04	0.0814815	0.070922	0.0441176	0.0512821	0.0813953	0.0963855	0.0377358	0.0833333	0.0769231	0.1071429	0.1627907	0.1304348	0.1470588	0.3333333	0.1666667	0.1315789	0.1428571	0.2123894	
Canard chipeau	0.1	0.0833333	0.1363636	0.015625	0.06	0.06	0.0	0.1041667	0.1935484	0.0810811	0.0015	0.1489362	0.1395349	0.1692308	0.05	0.1122449	0.1206897	0.0185185	0.0757576	0.0183486	0.0285714	0.0172414	0.0	0.0107527	0.0015	0.0344828	0.0136054	0.028169	0.0108696	0.0133333	0.0222222	0.0212766	0.0147059	0.0	0.0116279	0.0015	0.0188679	0.0625	0.0015	0.0535714	0.0232558	0.0	0.0015	0.1666667	0.0555556	0.0789474	0.047619	0.0707965	
Canard siffleur	0.1	0.1666667	0.1363636	0.0625	0.1	0.08	0.0877193	0.1666667	0.2258065	0.1351351	0.0015	0.106383	0.1162791	0.1384615	0.0375	0.0102041	0.0172414	0.0015	0.0151515	0.0015	0.0	0.0	0.0	0.0	0.0	0.0	0.0	0.0070423	0.0217391	0.0	0.0	0.0	0.0147059	0.0	0.0015	0.0481928	0.0377358	0.0416667	0.0015	0.0535714	0.0465116	0.0869565	0.0294118	0.1111111	0.0555556	0.0263158	0.0	0.0973451	
Hybride Canard chipeau x C. siffleur	0.0333333	0.0	0.0	0.0	0.0	0.0	0.0	0.0	0.0	0.0	0.0	0.0	0.0	0.0	0.0	0.0	0.0	0.0	0.0	0.0	0.0	0.0	0.0	0.0	0.0	0.0	0.0	0.0	0.0	0.0	0.0	0.0	0.0	0.0	0.0	0.0	0.0	0.0	0.0	0.0	0.0	0.0	0.0	0.0	0.0	0.0	0.0	0.0	
Canard à front blanc	0.0	0.0	0.0	0.0	0.0	0.0	0.0	0.0015	0.0	0.0	0.0	0.0	0.0	0.0	0.0	0.0	0.0	0.0	0.0	0.0	0.0	0.0	0.0	0.0	0.0	0.0	0.0	0.0	0.0	0.0	0.0	0.0	0.0	0.0	0.0	0.0	0.0	0.0	0.0	0.0	0.0	0.0	0.0	0.0	0.0	0.0	0.0	0.0	
Hybride Canard siffleur x C. à front blanc	0.0	0.0	0.0909091	0.0	0.0	0.0	0.0	0.0	0.0	0.0	0.0	0.0106383	0.0	0.0	0.0	0.0	0.0	0.0	0.0	0.0	0.0	0.0	0.0	0.0	0.0	0.0	0.0	0.0	0.0	0.0	0.0	0.0	0.0	0.0	0.0	0.0	0.0	0.0	0.0	0.0	0.0	0.0	0.0	0.0	0.0	0.0	0.0	0.0	
Canard colvert	0.5	0.4583333	0.2727273	0.140625	0.34	0.26	0.3684211	0.4166667	0.3225806	0.3513514	0.16	0.4468085	0.5348837	0.4769231	0.425	0.4081633	0.3965517	0.1481481	0.3636364	0.2201835	0.2	0.3965517	0.1666667	0.1612903	0.2545455	0.2528736	0.2517007	0.2253521	0.326087	0.32	0.2814815	0.3617021	0.25	0.3076923	0.3255814	0.3855422	0.4339623	0.4166667	0.1923077	0.3214286	0.255814	0.2173913	0.2058824	0.2777778	0.3888889	0.3157895	0.3809524	0.3362832	
Canard pilet	0.1666667	0.1666667	0.2272727	0.0625	0.14	0.14	0.1052632	0.1666667	0.2580645	0.0810811	0.0015	0.1170213	0.1162791	0.1384615	0.0375	0.0612245	0.0517241	0.0185185	0.0454545	0.0275229	0.0285714	0.0172414	0.0	0.0107527	0.0	0.0229885	0.0	0.0140845	0.0108696	0.0	0.0148148	0.0141844	0.0294118	0.0	0.0116279	0.0481928	0.0188679	0.0208333	0.0015	0.1428571	0.0697674	0.0869565	0.0015	0.0555556	0.0555556	0.0526316	0.0	0.079646	
Sarcelle d'hiver	0.2	0.25	0.1818182	0.078125	0.2	0.12	0.1403509	0.1458333	0.3225806	0.1621622	0.08	0.1489362	0.1627907	0.1230769	0.05	0.0408163	0.0344828	0.0015	0.0	0.0	0.0142857	0.0172414	0.0	0.0	0.0181818	0.0229885	0.0068027	0.0211268	0.0217391	0.0133333	0.0814815	0.0780142	0.0441176	0.0512821	0.0465116	0.060241	0.1132075	0.0416667	0.0015	0.125	0.1860465	0.0434783	0.1470588	0.1666667	0.1666667	0.1842105	0.047619	0.1327434	
anatidé sp. (canard barboteur sp.)	0.0	0.0	0.0	0.0	0.0	0.0	0.0	0.0	0.0	0.0	0.0	0.0	0.0	0.0	0.0	0.0	0.0	0.0	0.0	0.0	0.0	0.0	0.0	0.0	0.0	0.0	0.0	0.0	0.0217391	0.0	0.0	0.0	0.0	0.0	0.0	0.0	0.0015	0.0	0.0	0.0	0.0	0.0	0.0	0.0	0.0	0.0	0.0	0.0	
Nette rousse	0.0	0.0	0.0015	0.015625	0.0	0.0	0.0	0.0015	0.0	0.0	0.0	0.0106383	0.0	0.0	0.0	0.0	0.0	0.0	0.0	0.0	0.0	0.0	0.0	0.0	0.0	0.0	0.0	0.0	0.0	0.0	0.0	0.0	0.0	0.0	0.0	0.0015	0.0	0.0208333	0.0	0.0	0.0	0.0	0.0	0.0	0.0	0.0	0.0	0.0	
Fuligule milouin	0.1	0.0416667	0.1363636	0.03125	0.08	0.04	0.0350877	0.0625	0.0322581	0.027027	0.04	0.0106383	0.0930233	0.0307692	0.0375	0.0408163	0.0344828	0.0015	0.0606061	0.0015	0.0142857	0.0517241	0.0	0.0215054	0.0545455	0.0114943	0.0136054	0.028169	0.0108696	0.0266667	0.0222222	0.0070922	0.0147059	0.0512821	0.0232558	0.0361446	0.0188679	0.0625	0.0015	0.0178571	0.0465116	0.0434783	0.0015	0.1111111	0.2222222	0.0263158	0.0015	0.0442478	
Fuligule à bec cerclé	0.0015	0.0	0.0015	0.0	0.0015	0.0	0.0015	0.0	0.0015	0.0	0.0	0.0015	0.0	0.0	0.0	0.0	0.0	0.0	0.0	0.0	0.0	0.0	0.0	0.0	0.0	0.0	0.0	0.0	0.0	0.0	0.0	0.0	0.0	0.0	0.0	0.0	0.0	0.0	0.0	0.0	0.0	0.0	0.0	0.0015	0.0	0.0	0.0	0.0015	
Fuligule nyroca	0.0	0.0	0.0	0.0	0.0	0.0	0.0	0.0	0.0	0.0	0.0	0.0	0.0	0.0	0.0	0.0	0.0	0.0	0.0	0.0	0.0	0.0	0.0	0.0	0.0	0.0	0.0	0.0015	0.0	0.0	0.0	0.0	0.0	0.0	0.0	0.0	0.0	0.0	0.0	0.0	0.0	0.0	0.0	0.0	0.0	0.0	0.0	0.0	
Fuligule morillon	0.0015	0.0015	0.0015	0.0015	0.02	0.04	0.0175439	0.0208333	0.0015	0.027027	0.04	0.0106383	0.0	0.0307692	0.0125	0.0015	0.0	0.0	0.0	0.0015	0.0	0.0172414	0.0	0.0107527	0.0363636	0.0114943	0.0068027	0.0140845	0.0015	0.0	0.0	0.0015	0.0	0.025641	0.0116279	0.0240964	0.0	0.0416667	0.0015	0.0357143	0.0232558	0.0434783	0.0015	0.0015	0.0555556	0.0263158	0.0015	0.0176991	
Fuligule milouinan	0.0015	0.0	0.0015	0.0	0.02	0.0	0.0	0.0	0.0015	0.0	0.0015	0.0	0.0	0.0	0.0	0.0	0.0	0.0	0.0	0.0	0.0	0.0	0.0208333	0.0	0.0	0.0	0.0	0.0	0.0	0.0	0.0	0.0	0.0	0.0	0.0	0.0	0.0	0.0	0.0	0.0	0.0	0.0	0.0	0.0	0.0	0.0	0.0	0.0015	
Fuligule à tête noire	0.0	0.0	0.0	0.0	0.0	0.0	0.0	0.0	0.0	0.0	0.0	0.0	0.0	0.0	0.0	0.0	0.0	0.0	0.0	0.0	0.0	0.0	0.0	0.0	0.0	0.0	0.0	0.0	0.0	0.0	0.0	0.0	0.0	0.0	0.0	0.0	0.0	0.0	0.0	0.0	0.0015	0.0	0.0	0.0	0.0	0.0	0.0	0.0	
Eider à duvet	0.0	0.0	0.0	0.0	0.0	0.0	0.0	0.0	0.0	0.0	0.0	0.0	0.0	0.0153846	0.0	0.0	0.0	0.0	0.0	0.0	0.0	0.0	0.0	0.0015	0.0	0.0015	0.0	0.0070423	0.0	0.0015	0.0015	0.0141844	0.0441176	0.0512821	0.0015	0.0	0.0	0.0015	0.0	0.0	0.0	0.0	0.0	0.0	0.0	0.0	0.0	0.0	
Macreuse à front blanc	0.0015	0.0	0.0	0.0	0.02	0.02	0.0	0.0015	0.0015	0.0	0.0	0.0	0.0	0.0	0.0	0.0	0.0	0.0	0.0	0.0	0.0	0.0	0.0	0.0	0.0	0.0	0.0	0.0	0.0	0.0	0.0	0.0	0.0	0.0	0.0	0.0	0.0	0.0	0.0	0.0	0.0	0.0	0.0	0.0015	0.0	0.0263158	0.0	0.0	
Macreuse brune	0.0015	0.0015	0.0	0.0015	0.02	0.02	0.0015	0.0015	0.0	0.0	0.0	0.0015	0.0232558	0.0	0.0	0.0	0.0	0.0	0.0	0.0	0.0	0.0	0.0	0.0	0.0	0.0	0.0	0.0	0.0	0.0	0.0	0.0	0.0	0.0	0.0	0.0	0.0	0.0	0.0	0.0	0.0015	0.0	0.0	0.0015	0.0	0.0	0.0	0.0088496	
Macreuse noire	0.0015	0.0416667	0.0909091	0.03125	0.06	0.04	0.0175439	0.0015	0.0	0.027027	0.0	0.0106383	0.0465116	0.0461538	0.025	0.0102041	0.0	0.0	0.0	0.0091743	0.0	0.0	0.0	0.0	0.0	0.0	0.0204082	0.0140845	0.0015	0.0015	0.0015	0.0070922	0.0	0.025641	0.0116279	0.0	0.0566038	0.0015	0.1923077	0.0714286	0.0	0.0015	0.1176471	0.0555556	0.0015	0.0526316	0.047619	0.0619469	
Harelde boréale	0.0	0.0015	0.0015	0.0015	0.0	0.0	0.0015	0.0	0.0	0.0	0.0	0.0212766	0.0697674	0.0	0.0	0.0	0.0	0.0	0.0	0.0	0.0	0.0	0.0	0.0	0.0	0.0	0.0	0.0	0.0	0.0	0.0	0.0	0.0	0.0	0.0	0.0	0.0	0.0	0.0384615	0.0178571	0.0015	0.0	0.0	0.0015	0.0015	0.0	0.0	0.0015	
Garrot à oeil d'or	0.0	0.0	0.0	0.0	0.0	0.0	0.0	0.0	0.0	0.0	0.0	0.0	0.0015	0.0	0.0	0.0	0.0	0.0	0.0	0.0	0.0	0.0	0.0	0.0	0.0	0.0	0.0	0.0	0.0	0.0	0.0	0.0	0.0	0.0	0.0	0.0	0.0	0.0	0.0	0.0	0.0	0.0	0.0	0.0	0.0	0.0	0.0	0.0	
Harle couronné	0.0	0.0	0.0	0.0	0.0	0.0	0.0	0.0	0.0	0.0	0.0	0.0	0.0	0.0	0.0	0.0	0.0	0.0	0.0	0.0	0.0	0.0	0.0	0.0	0.0	0.0	0.0	0.0	0.0	0.0	0.0	0.0	0.0	0.0	0.0	0.0	0.0	0.0	0.0	0.0	0.0	0.0	0.0	0.0	0.0015	0.0	0.0	0.0	
Harle bièvre	0.0	0.0015	0.0454545	0.0	0.0	0.0	0.0	0.0	0.0	0.0	0.0	0.0	0.0	0.0	0.0	0.0	0.0	0.0	0.0	0.0	0.0	0.0	0.0	0.0	0.0	0.0	0.0	0.0	0.0	0.0	0.0	0.0	0.0	0.0	0.0	0.0	0.0	0.0	0.0	0.0	0.0	0.0	0.0	0.0	0.0	0.0	0.0	0.0	
Harle huppé	0.0015	0.0	0.0	0.015625	0.02	0.0	0.0	0.0	0.0	0.0	0.0015	0.0015	0.0	0.0015	0.0	0.0	0.0	0.0	0.0	0.0	0.0	0.0	0.0	0.0	0.0	0.0	0.0	0.0	0.0	0.0	0.0074074	0.0	0.0	0.0	0.0	0.0	0.0	0.0	0.0	0.0	0.0	0.0	0.0	0.0555556	0.0	0.0263158	0.0952381	0.0265487	
Érismature rousse	0.0	0.0	0.0	0.0	0.0	0.0	0.0	0.0	0.0	0.0	0.0	0.0	0.0	0.0	0.0	0.0	0.0	0.0	0.0	0.0	0.0	0.0	0.0	0.0	0.0	0.0	0.0	0.0	0.0	0.0	0.0	0.0070922	0.0	0.0	0.0	0.0015	0.0	0.0	0.0	0.0	0.0	0.0	0.0	0.0	0.0	0.0789474	0.0952381	0.0	
Érismature à tête blanche	0.0	0.0	0.0	0.0	0.0	0.0	0.0	0.0	0.0	0.0	0.0	0.0	0.0	0.0	0.0	0.0	0.0	0.0	0.0	0.0	0.0	0.0	0.0	0.0	0.0	0.0	0.0	0.0	0.0	0.0	0.0	0.0	0.0	0.0	0.0	0.0	0.0	0.0	0.0	0.0	0.0	0.0	0.0	0.0	0.0	0.0789474	0.0952381	0.0353982	
anatidé sp. (canard sp.)	0.0	0.0	0.0	0.0	0.0	0.0	0.0	0.0	0.0	0.0	0.0	0.0	0.0	0.0	0.0	0.0	0.0	0.0	0.0	0.0	0.0	0.0	0.0	0.0	0.0	0.0	0.0	0.0	0.0217391	0.0	0.0	0.0	0.0	0.0	0.0116279	0.0	0.0	0.0	0.0769231	0.0	0.0	0.0	0.0	0.0	0.0	0.0	0.0	0.0	
Perdrix grise	0.0	0.0	0.0015	0.0015	0.0	0.0015	0.0350877	0.0416667	0.0	0.0	0.0	0.0106383	0.0465116	0.0015	0.025	0.0	0.0172414	0.0015	0.0151515	0.0091743	0.0	0.0015	0.0	0.0015	0.0015	0.0	0.0068027	0.0070423	0.0	0.0133333	0.0074074	0.0141844	0.0	0.025641	0.0116279	0.0015	0.0377358	0.0015	0.0015	0.0178571	0.0232558	0.0	0.0	0.0	0.0	0.0	0.0	0.0176991	
Faisan vénéré	0.0	0.0	0.0	0.0	0.0	0.0	0.0	0.0	0.0	0.0	0.0	0.0	0.0	0.0	0.0015	0.0	0.0	0.0	0.0	0.0	0.0	0.0	0.0	0.0	0.0	0.0	0.0	0.0	0.0	0.0	0.0	0.0	0.0	0.0	0.0	0.0	0.0	0.0	0.0	0.0	0.0	0.0	0.0	0.0	0.0	0.0	0.0	0.0	
Faisan de Colchide	0.0333333	0.0833333	0.0454545	0.015625	0.02	0.0	0.0350877	0.0208333	0.0645161	0.1081081	0.04	0.1595745	0.1162791	0.1538462	0.1	0.0714286	0.1206897	0.0015	0.1060606	0.0458716	0.0285714	0.0689655	0.0	0.0430108	0.0181818	0.0344828	0.0136054	0.0015	0.0652174	0.0533333	0.0296296	0.070922	0.0294118	0.025641	0.0348837	0.0481928	0.0754717	0.0625	0.0384615	0.0535714	0.0465116	0.0015	0.0294118	0.0555556	0.0555556	0.0263158	0.0952381	0.0707965	
Faisan versicolore	0.0	0.0	0.0	0.0	0.0	0.0	0.0	0.0	0.0	0.0	0.0	0.0	0.0	0.0	0.0	0.0102041	0.0	0.0	0.0	0.0	0.0	0.0	0.0	0.0	0.0	0.0	0.0	0.0	0.0	0.0	0.0	0.0	0.0	0.0	0.0	0.0	0.0	0.0	0.0	0.0	0.0	0.0	0.0	0.0	0.0	0.0	0.0	0.0	
Faisan de Colchide ou F. versicolore	0.0	0.0015	0.0	0.0	0.0	0.0	0.0	0.0	0.0	0.0	0.0	0.0	0.0	0.0	0.0	0.0	0.0	0.0	0.0	0.0	0.0	0.0	0.0	0.0	0.0	0.0	0.0	0.0	0.0	0.0	0.0	0.0	0.0	0.0	0.0	0.0	0.0	0.0	0.0	0.0	0.0	0.0	0.0	0.0	0.0	0.0	0.0	0.0	
Caille des blés	0.0	0.0	0.0	0.0	0.0	0.0	0.0	0.0	0.0	0.0	0.0	0.0015	0.0	0.0	0.0	0.0	0.0	0.0015	0.0	0.0091743	0.0	0.0344828	0.0	0.0	0.0015	0.0015	0.0068027	0.0015	0.0	0.0133333	0.0074074	0.0283688	0.0	0.0	0.0	0.0	0.0	0.0	0.0	0.0	0.0	0.0	0.0	0.0	0.0	0.0	0.0	0.0	
Perdrix rouge	0.0333333	0.0015	0.0015	0.0015	0.04	0.02	0.0350877	0.0208333	0.0645161	0.027027	0.0015	0.0212766	0.0232558	0.0461538	0.0125	0.0306122	0.0689655	0.0185185	0.0454545	0.0091743	0.0142857	0.0172414	0.0416667	0.0215054	0.0545455	0.0114943	0.0	0.0	0.0108696	0.0015	0.037037	0.0212766	0.0147059	0.0015	0.0116279	0.0240964	0.0	0.0416667	0.0384615	0.0357143	0.0	0.0015	0.0588235	0.0555556	0.0	0.0263158	0.0015	0.0265487	
Pigeon biset	0.0015	0.125	0.1363636	0.0625	0.04	0.1	0.0175439	0.0208333	0.0322581	0.027027	0.04	0.0106383	0.0930233	0.0615385	0.075	0.0918367	0.0517241	0.0185185	0.0454545	0.0642202	0.1571429	0.0344828	0.1041667	0.0860215	0.0727273	0.0689655	0.0612245	0.056338	0.076087	0.0666667	0.0666667	0.0638298	0.0735294	0.0512821	0.0348837	0.0361446	0.0188679	0.125	0.0384615	0.0714286	0.0232558	0.0434783	0.0588235	0.0555556	0.0555556	0.0263158	0.047619	0.1238938	
Pigeon colombin	0.0	0.0833333	0.0909091	0.0	0.0015	0.06	0.0015	0.0015	0.0	0.0	0.0	0.0	0.0	0.0153846	0.0125	0.0015	0.0172414	0.0	0.0	0.0183486	0.0015	0.0172414	0.0	0.0015	0.0	0.0	0.0	0.0	0.0108696	0.0	0.0	0.0	0.0	0.0015	0.0232558	0.0120482	0.0	0.0208333	0.0	0.0357143	0.0	0.0	0.0294118	0.0555556	0.0	0.0	0.0	0.0	
Pigeon ramier	0.4	0.3333333	0.1818182	0.28125	0.38	0.54	0.4035088	0.3958333	0.483871	0.5135135	0.44	0.5425532	0.627907	0.6	0.5375	0.5306122	0.5517241	0.4074074	0.3939394	0.5779817	0.5285714	0.6034483	0.5208333	0.5483871	0.6727273	0.6321839	0.6870748	0.6760563	0.7717391	0.6266667	0.4962963	0.5531915	0.4558824	0.3589744	0.5581395	0.4819277	0.5660377	0.5208333	0.3461538	0.5357143	0.2325581	0.2173913	0.4705882	0.3888889	0.3333333	0.3157895	0.5238095	0.4159292	
Tourterelle des bois	0.0	0.0	0.0	0.0	0.0	0.0	0.0	0.0	0.0	0.0	0.0	0.0	0.0	0.0015	0.0625	0.1632653	0.1551724	0.1481481	0.2424242	0.2385321	0.2142857	0.3965517	0.2291667	0.1935484	0.2545455	0.3448276	0.2176871	0.1408451	0.25	0.2666667	0.237037	0.1702128	0.2205882	0.1025641	0.0232558	0.0361446	0.0188679	0.0	0.0	0.0	0.0	0.0	0.0	0.0	0.0	0.0	0.0	0.0	
Tourterelle turque	0.1333333	0.1666667	0.0909091	0.03125	0.1	0.12	0.0877193	0.1041667	0.0967742	0.1351351	0.2	0.1489362	0.3255814	0.1230769	0.225	0.1734694	0.1724138	0.2037037	0.2121212	0.3119266	0.2142857	0.2758621	0.125	0.2150538	0.3090909	0.2528736	0.3265306	0.2746479	0.2934783	0.24	0.1777778	0.177305	0.1617647	0.3076923	0.1744186	0.1204819	0.2075472	0.1875	0.0769231	0.1607143	0.0465116	0.0434783	0.2058824	0.1111111	0.0	0.0526316	0.1428571	0.1415929	
Grande Outarde	0.0	0.0	0.0	0.0	0.0	0.0	0.0	0.0	0.0	0.0	0.0	0.0	0.0	0.0	0.0	0.0	0.0	0.0	0.0	0.0	0.0	0.0	0.0	0.0	0.0	0.0	0.0068027	0.0	0.0	0.0	0.0	0.0	0.0	0.0	0.0	0.0	0.0015	0.0015	0.0015	0.0	0.0	0.0	0.0	0.0	0.0	0.0	0.0	0.0	
Outarde canepetière	0.0	0.0	0.0	0.0	0.0	0.0	0.0	0.0	0.0	0.0	0.0	0.0	0.0	0.0	0.0	0.0	0.0	0.0	0.0	0.0	0.0	0.0	0.0	0.0	0.0	0.0	0.0	0.0	0.0	0.0	0.0	0.0	0.0	0.0	0.0015	0.0	0.0	0.0	0.0	0.0	0.0	0.0	0.0	0.0	0.0	0.0	0.0	0.0	
Coucou gris	0.0	0.0	0.0	0.0	0.0	0.0	0.0	0.0	0.0	0.0	0.0	0.0425532	0.2093023	0.1076923	0.1875	0.1938776	0.1896552	0.1111111	0.1666667	0.1651376	0.1571429	0.0862069	0.0416667	0.0107527	0.0181818	0.0114943	0.0	0.0	0.0015	0.0133333	0.0	0.0	0.0	0.0	0.0116279	0.0	0.0	0.0	0.0	0.0	0.0	0.0	0.0	0.0	0.0	0.0	0.0	0.0	
Engoulevent d'Europe	0.0	0.0	0.0	0.0	0.0	0.0	0.0	0.0	0.0	0.0	0.0	0.0	0.0	0.0	0.0125	0.0102041	0.0	0.0185185	0.0	0.0015	0.0015	0.0015	0.0015	0.0107527	0.0181818	0.0015	0.0136054	0.0211268	0.0	0.0133333	0.0	0.0015	0.0	0.0	0.0	0.0	0.0	0.0	0.0	0.0	0.0	0.0	0.0	0.0	0.0	0.0	0.0	0.0	
Martinet noir	0.0	0.0	0.0	0.0	0.0	0.0	0.0	0.0	0.0	0.0	0.0	0.0	0.0232558	0.0153846	0.2	0.2040816	0.2586207	0.1666667	0.2424242	0.3669725	0.3714286	0.2413793	0.2708333	0.2580645	0.2909091	0.2643678	0.2585034	0.084507	0.1086957	0.04	0.0148148	0.0070922	0.0147059	0.0	0.0	0.0	0.0	0.0	0.0	0.0	0.0	0.0	0.0	0.0	0.0	0.0	0.0	0.0	
Martinet des maisons	0.0	0.0	0.0	0.0	0.0	0.0	0.0	0.0	0.0	0.0	0.0	0.0	0.0	0.0	0.0	0.0	0.0	0.0	0.0151515	0.0	0.0	0.0	0.0	0.0	0.0	0.0	0.0	0.0	0.0	0.0	0.0	0.0	0.0	0.0	0.0	0.0	0.0	0.0	0.0	0.0	0.0	0.0	0.0	0.0	0.0	0.0	0.0	0.0	
Râle d'eau	0.0	0.0416667	0.0	0.0	0.0	0.02	0.0175439	0.0416667	0.0	0.0	0.0	0.0015	0.0232558	0.0	0.0	0.0	0.0	0.0	0.0015	0.0	0.0	0.0	0.0	0.0015	0.0	0.0	0.0068027	0.0140845	0.0217391	0.0266667	0.0015	0.0283688	0.0294118	0.025641	0.0232558	0.0120482	0.0943396	0.0625	0.0015	0.0357143	0.0697674	0.0	0.0882353	0.0555556	0.0	0.0	0.047619	0.0	
Marouette ponctuée	0.0	0.0	0.0	0.0	0.0	0.0	0.0	0.0	0.0	0.0	0.0	0.0	0.0	0.0	0.0	0.0	0.0	0.0	0.0	0.0	0.0	0.0	0.0	0.0	0.0	0.0	0.0	0.0	0.0015	0.0	0.0015	0.0070922	0.0	0.0	0.0	0.0	0.0	0.0	0.0	0.0	0.0	0.0	0.0	0.0	0.0	0.0	0.0	0.0	
Gallinule poule-d'eau	0.1333333	0.3333333	0.0909091	0.0625	0.16	0.08	0.1052632	0.2291667	0.1290323	0.1621622	0.08	0.3723404	0.3023256	0.3076923	0.1875	0.2040816	0.1206897	0.1296296	0.1666667	0.146789	0.1714286	0.2758621	0.2083333	0.1290323	0.1636364	0.1494253	0.2040816	0.1197183	0.2282609	0.1733333	0.1333333	0.2765957	0.1029412	0.2307692	0.1860465	0.2168675	0.2075472	0.3333333	0.1153846	0.2321429	0.1860465	0.0869565	0.2058824	0.2222222	0.2222222	0.1315789	0.1428571	0.1238938	
Foulque macroule	0.2666667	0.2083333	0.0909091	0.125	0.16	0.14	0.1403509	0.1875	0.2580645	0.2162162	0.12	0.212766	0.1627907	0.2153846	0.1625	0.1632653	0.1206897	0.0015	0.1060606	0.0825688	0.1142857	0.137931	0.0625	0.0752688	0.1090909	0.1264368	0.122449	0.084507	0.1413043	0.08	0.1333333	0.2198582	0.1323529	0.1794872	0.1162791	0.2048193	0.1886792	0.375	0.1153846	0.2857143	0.1860465	0.0869565	0.2058824	0.3888889	0.2222222	0.2368421	0.2380952	0.2123894	
Grue cendrée	0.0015	0.0833333	0.0909091	0.03125	0.14	0.08	0.0526316	0.0833333	0.0322581	0.0	0.0015	0.0	0.0	0.0	0.0	0.0	0.0172414	0.0	0.0	0.0	0.0	0.0	0.0	0.0	0.0	0.0	0.0	0.0	0.0	0.0	0.0	0.0	0.0	0.0	0.0	0.0	0.0	0.0	0.0	0.0535714	0.0697674	0.0015	0.0588235	0.0015	0.0555556	0.0526316	0.0015	0.0265487	
Oedicnème criard	0.0	0.0	0.0015	0.015625	0.02	0.0	0.0	0.0	0.0	0.0015	0.0	0.0	0.0	0.0461538	0.0125	0.0102041	0.0015	0.0015	0.0151515	0.0091743	0.0	0.0015	0.0015	0.0015	0.0	0.0114943	0.0204082	0.0015	0.0015	0.0	0.0074074	0.0141844	0.0	0.0	0.0	0.0	0.0188679	0.0208333	0.0015	0.0	0.0	0.0	0.0	0.0555556	0.0	0.0	0.0	0.0	
Échasse blanche	0.0	0.0	0.0	0.0	0.0	0.0	0.0	0.0	0.0	0.027027	0.04	0.212766	0.255814	0.3230769	0.3125	0.244898	0.2586207	0.1481481	0.2878788	0.2293578	0.1571429	0.2413793	0.2083333	0.1505376	0.2181818	0.2758621	0.2380952	0.2394366	0.3478261	0.2533333	0.2222222	0.2198582	0.1029412	0.025641	0.0232558	0.0	0.0188679	0.0	0.0	0.0178571	0.0	0.0	0.0294118	0.0	0.0	0.0	0.0	0.0	
Avocette élégante	0.1333333	0.2083333	0.0454545	0.078125	0.16	0.08	0.0877193	0.125	0.0967742	0.0810811	0.04	0.2234043	0.3488372	0.2923077	0.3875	0.3163265	0.3275862	0.1666667	0.3787879	0.2201835	0.1571429	0.137931	0.2708333	0.2473118	0.2909091	0.2413793	0.2585034	0.2464789	0.326087	0.1866667	0.2222222	0.1914894	0.1617647	0.2051282	0.1976744	0.2650602	0.2075472	0.125	0.1538462	0.1607143	0.0697674	0.0434783	0.1470588	0.2777778	0.1666667	0.2368421	0.0952381	0.1858407	
Huîtrier pie	0.0666667	0.0015	0.0	0.0015	0.06	0.02	0.0175439	0.1041667	0.0	0.0015	0.0015	0.0425532	0.0697674	0.0461538	0.025	0.0612245	0.0344828	0.0555556	0.030303	0.0275229	0.0142857	0.0344828	0.0625	0.0537634	0.0181818	0.0689655	0.0408163	0.0774648	0.0978261	0.1066667	0.1111111	0.0638298	0.0735294	0.2564103	0.1162791	0.1686747	0.0754717	0.0416667	0.1153846	0.125	0.0015	0.1304348	0.0882353	0.0555556	0.1111111	0.1315789	0.0952381	0.1681416	
Pluvier argenté	0.0666667	0.2083333	0.1818182	0.015625	0.18	0.1	0.0526316	0.0625	0.0967742	0.0810811	0.04	0.0638298	0.1627907	0.1230769	0.175	0.244898	0.2241379	0.0555556	0.1363636	0.0733945	0.0428571	0.0344828	0.0416667	0.0430108	0.0181818	0.0344828	0.0340136	0.0422535	0.1521739	0.0933333	0.1111111	0.1276596	0.1470588	0.1794872	0.1511628	0.2891566	0.2075472	0.1041667	0.1923077	0.25	0.1395349	0.1304348	0.3823529	0.1666667	0.2222222	0.2631579	0.0952381	0.159292	
Pluvier doré	0.0333333	0.3333333	0.1818182	0.09375	0.2	0.02	0.0701754	0.1458333	0.1612903	0.027027	0.0015	0.0	0.0	0.0	0.0015	0.0	0.0015	0.0	0.0	0.0	0.0142857	0.0	0.0	0.0	0.0	0.0	0.0	0.0	0.0108696	0.0133333	0.0444444	0.035461	0.0588235	0.0512821	0.0697674	0.0843373	0.0566038	0.0015	0.0384615	0.0892857	0.0697674	0.0434783	0.1176471	0.1666667	0.0555556	0.0526316	0.0	0.0884956	
Pluvier bronzé	0.0	0.0	0.0	0.0	0.0	0.0	0.0	0.0	0.0	0.0	0.0	0.0	0.0	0.0	0.0	0.0	0.0172414	0.0	0.0	0.0	0.0	0.0	0.0	0.0	0.0	0.0	0.0	0.0	0.0	0.0	0.0	0.0	0.0	0.0	0.0015	0.0120482	0.0	0.0	0.0	0.0	0.0	0.0	0.0	0.0	0.0	0.0	0.0	0.0	
Pluvier fauve	0.0	0.0	0.0	0.0	0.0	0.0	0.0	0.0	0.0	0.0	0.0	0.0	0.0	0.0	0.0	0.0	0.0	0.0	0.0	0.0	0.0	0.0	0.0	0.0	0.0	0.0	0.0015	0.0015	0.0	0.0	0.0	0.0	0.0	0.0	0.0	0.0	0.0	0.0	0.0	0.0	0.0	0.0	0.0	0.0	0.0	0.0	0.0	0.0	
Pluvialis sp.	0.0	0.0	0.0	0.0	0.0	0.0	0.0	0.0	0.0	0.0	0.0	0.0	0.0	0.0	0.0	0.0	0.0	0.0	0.0	0.0	0.0	0.0	0.0	0.0	0.0	0.0	0.0	0.0	0.0108696	0.0	0.0	0.0	0.0	0.0	0.0	0.0	0.0	0.0208333	0.0	0.0	0.0	0.0	0.0	0.0	0.0	0.0	0.0	0.0	
Guignard d’Eurasie	0.0	0.0	0.0	0.0	0.0	0.0	0.0	0.0	0.0	0.0	0.0	0.0	0.0	0.0	0.0	0.0	0.0	0.0	0.0	0.0	0.0	0.0	0.0	0.0	0.0	0.0	0.0	0.0	0.0	0.0	0.0074074	0.0141844	0.0147059	0.0	0.0	0.0	0.0	0.0	0.0	0.0	0.0	0.0	0.0	0.0	0.0	0.0	0.0	0.0015	
Grand Gravelot	0.1	0.1666667	0.0909091	0.03125	0.12	0.0	0.0350877	0.1041667	0.0	0.1081081	0.0015	0.0957447	0.0465116	0.0769231	0.1625	0.1632653	0.1724138	0.1111111	0.2272727	0.0917431	0.0714286	0.0344828	0.0625	0.0107527	0.0	0.045977	0.0408163	0.1197183	0.2173913	0.1866667	0.237037	0.3475177	0.25	0.4615385	0.372093	0.4337349	0.3584906	0.2083333	0.2692308	0.2678571	0.2325581	0.173913	0.1176471	0.1666667	0.0555556	0.1315789	0.0015	0.1327434	
Petit Gravelot	0.0	0.0	0.0	0.0	0.0	0.0	0.0	0.0015	0.0	0.0	0.0015	0.0425532	0.0465116	0.1538462	0.075	0.0714286	0.0689655	0.0185185	0.0757576	0.0091743	0.0428571	0.0344828	0.0208333	0.0107527	0.0363636	0.045977	0.0204082	0.0070423	0.0434783	0.04	0.0592593	0.035461	0.0294118	0.0015	0.0116279	0.0120482	0.0	0.0015	0.0	0.0	0.0	0.0	0.0	0.0	0.0	0.0	0.0	0.0	
Vanneau huppé	0.2	0.375	0.3636364	0.140625	0.26	0.14	0.2807018	0.3333333	0.3225806	0.1891892	0.04	0.2234043	0.2093023	0.3230769	0.15	0.1428571	0.1551724	0.0555556	0.1969697	0.1376147	0.1285714	0.2413793	0.1458333	0.1182796	0.1454545	0.1724138	0.1836735	0.1338028	0.2717391	0.3333333	0.2814815	0.2836879	0.2058824	0.2051282	0.1627907	0.1566265	0.3018868	0.125	0.0769231	0.1428571	0.2325581	0.1304348	0.1470588	0.3333333	0.5	0.3684211	0.1428571	0.2389381	
Gravelot à collier interrompu	0.0	0.0015	0.0015	0.0	0.0015	0.0	0.0	0.0	0.0	0.0	0.0015	0.0106383	0.0232558	0.0307692	0.0375	0.0306122	0.0172414	0.0555556	0.0909091	0.0366972	0.0428571	0.0344828	0.1041667	0.0322581	0.0363636	0.0114943	0.0136054	0.028169	0.0326087	0.0933333	0.0518519	0.0212766	0.1029412	0.1282051	0.0348837	0.0843373	0.0943396	0.0416667	0.0384615	0.0535714	0.0697674	0.0434783	0.0588235	0.0555556	0.0	0.0	0.0	0.0	
Charadriidae sp.	0.0	0.0	0.0	0.0	0.0	0.0	0.0	0.0	0.0	0.0	0.0	0.0	0.0	0.0	0.0	0.0	0.0	0.0	0.0	0.0	0.0	0.0	0.0	0.0	0.0	0.0	0.0068027	0.0	0.0108696	0.0	0.0	0.0	0.0	0.0	0.0	0.0	0.0	0.0	0.0	0.0	0.0	0.0	0.0	0.0	0.0	0.0	0.0	0.0	
Courlis corlieu	0.0	0.0015	0.0	0.0	0.0	0.0	0.0	0.0416667	0.0	0.0	0.0	0.0425532	0.0697674	0.2153846	0.2875	0.3163265	0.1896552	0.0925926	0.1212121	0.0825688	0.0015	0.0	0.0	0.0107527	0.0363636	0.0804598	0.1292517	0.1830986	0.2391304	0.24	0.2148148	0.1631206	0.0882353	0.1025641	0.0581395	0.060241	0.0	0.0	0.0	0.0015	0.0	0.0	0.0	0.0555556	0.0015	0.0263158	0.0	0.0	
Courlis hudsonien ou corlieu	0.0	0.0	0.0	0.0	0.0	0.0	0.0	0.0	0.0	0.0	0.0	0.0	0.0	0.0	0.0	0.0	0.0	0.0	0.0	0.0	0.0	0.0	0.0	0.0	0.0181818	0.0	0.0	0.0	0.0	0.0	0.0	0.0	0.0	0.0	0.0	0.0	0.0	0.0	0.0	0.0	0.0	0.0	0.0	0.0	0.0	0.0	0.0	0.0	
Courlis cendré	0.1	0.2916667	0.2727273	0.125	0.24	0.04	0.2631579	0.2916667	0.1935484	0.1081081	0.04	0.1382979	0.1395349	0.1538462	0.125	0.0918367	0.1034483	0.0015	0.0606061	0.0366972	0.0015	0.0344828	0.0208333	0.0537634	0.0727273	0.1034483	0.0612245	0.0915493	0.173913	0.1466667	0.1407407	0.177305	0.1911765	0.1282051	0.0930233	0.1807229	0.0943396	0.0416667	0.0769231	0.1964286	0.1627907	0.2173913	0.2058824	0.3333333	0.2222222	0.1842105	0.0015	0.1946903	
Barge rousse	0.0015	0.0833333	0.0454545	0.03125	0.04	0.04	0.0	0.0625	0.0	0.0	0.0015	0.0015	0.0465116	0.0153846	0.0875	0.1530612	0.1034483	0.0185185	0.0757576	0.0458716	0.0285714	0.0015	0.0833333	0.0645161	0.0181818	0.0229885	0.0544218	0.0422535	0.0978261	0.0933333	0.0518519	0.0780142	0.1176471	0.1282051	0.1627907	0.1566265	0.0754717	0.1041667	0.0769231	0.125	0.0465116	0.0	0.0294118	0.0555556	0.0	0.0	0.0015	0.0707965	
Barge à queue noire	0.1	0.2083333	0.2727273	0.0625	0.12	0.06	0.0701754	0.2291667	0.1612903	0.1081081	0.04	0.1914894	0.255814	0.2769231	0.25	0.2244898	0.2241379	0.0185185	0.1212121	0.0917431	0.0142857	0.0344828	0.0416667	0.0860215	0.1454545	0.137931	0.1496599	0.1197183	0.2391304	0.16	0.1555556	0.1985816	0.2352941	0.1794872	0.1976744	0.3012048	0.1509434	0.0416667	0.2307692	0.2142857	0.0697674	0.0434783	0.2352941	0.2222222	0.1666667	0.1578947	0.0952381	0.1769912	
Bécassine sourde	0.0	0.0015	0.0	0.0	0.02	0.0	0.0	0.0	0.0	0.0	0.0015	0.0	0.0015	0.0	0.0	0.0	0.0	0.0	0.0	0.0	0.0	0.0	0.0	0.0	0.0	0.0	0.0	0.0	0.0	0.0	0.0	0.0	0.0	0.0	0.0	0.0	0.0	0.0	0.0015	0.0	0.0	0.0	0.0	0.0	0.0	0.0263158	0.0015	0.0	
Bécasse des bois	0.0	0.0	0.0015	0.0015	0.0015	0.0	0.0	0.0	0.0	0.0	0.0	0.0	0.0	0.0	0.0	0.0	0.0	0.0	0.0	0.0	0.0	0.0	0.0	0.0	0.0	0.0	0.0	0.0	0.0	0.0	0.0	0.0	0.0	0.0	0.0	0.0	0.0	0.0	0.0	0.0	0.0	0.0	0.0	0.0	0.0	0.0	0.0	0.0	
Bécassine des marais	0.1666667	0.1666667	0.0454545	0.03125	0.08	0.04	0.0350877	0.0208333	0.0645161	0.0540541	0.0015	0.0744681	0.0930233	0.0153846	0.025	0.0	0.0344828	0.0015	0.0	0.0	0.0	0.0	0.0	0.0	0.0	0.0	0.0068027	0.0140845	0.0217391	0.0666667	0.0962963	0.141844	0.0882353	0.0512821	0.1162791	0.1084337	0.0377358	0.0833333	0.0769231	0.0892857	0.0930233	0.0015	0.0588235	0.2222222	0.1111111	0.1315789	0.047619	0.0619469	
Phalarope de Wilson	0.0	0.0	0.0	0.0	0.0	0.0	0.0	0.0	0.0	0.0	0.0	0.0	0.0	0.0	0.0	0.0	0.0	0.0	0.0	0.0	0.0	0.0	0.0	0.0	0.0	0.0	0.0	0.0	0.0	0.0	0.0	0.0	0.0147059	0.0015	0.0	0.0	0.0	0.0	0.0	0.0	0.0	0.0	0.0	0.0	0.0	0.0	0.0	0.0	
Phalarope à bec large	0.0015	0.0	0.0	0.0015	0.0	0.0015	0.0	0.0208333	0.0	0.0	0.0	0.0	0.0	0.0	0.0	0.0	0.0	0.0	0.0	0.0	0.0	0.0	0.0	0.0	0.0	0.0	0.0	0.0	0.0	0.0	0.0	0.0	0.0	0.025641	0.0015	0.0	0.0	0.0015	0.0015	0.0178571	0.0	0.0434783	0.1176471	0.0	0.0	0.0	0.0	0.0	
Phalarope à bec étroit	0.0	0.0	0.0	0.0	0.0	0.0	0.0	0.0	0.0	0.0	0.0	0.0	0.0	0.0	0.0	0.0	0.0	0.0	0.0151515	0.0	0.0	0.0	0.0	0.0	0.0	0.0	0.0	0.0	0.0	0.0	0.0	0.0	0.0	0.0015	0.0	0.0481928	0.0	0.0	0.0	0.0	0.0	0.0	0.0	0.0	0.0	0.0	0.0	0.0	
Chevalier bargette	0.0	0.0	0.0	0.0	0.0	0.0	0.0	0.0	0.0	0.0	0.0	0.0	0.0	0.0	0.0	0.0	0.0	0.0015	0.0151515	0.0015	0.0	0.0	0.0	0.0	0.0	0.0	0.0	0.0	0.0	0.0	0.0	0.0	0.0	0.0	0.0	0.0	0.0	0.0	0.0	0.0	0.0	0.0	0.0	0.0	0.0	0.0	0.0	0.0	
Chevalier guignette	0.0666667	0.0015	0.0	0.0	0.1	0.0	0.0175439	0.0416667	0.0322581	0.027027	0.04	0.0212766	0.0930233	0.1076923	0.1375	0.1836735	0.1724138	0.037037	0.030303	0.0	0.0	0.0	0.0	0.0107527	0.0727273	0.1724138	0.2244898	0.2112676	0.3586957	0.4133333	0.2814815	0.3262411	0.2205882	0.2307692	0.1744186	0.2168675	0.1320755	0.1041667	0.0769231	0.1071429	0.0930233	0.0	0.0588235	0.1111111	0.1666667	0.0789474	0.0	0.0176991	
Chevalier culblanc	0.0015	0.25	0.1363636	0.0625	0.12	0.08	0.0350877	0.125	0.0015	0.0	0.0	0.0851064	0.0697674	0.0461538	0.025	0.0015	0.0172414	0.0	0.0015	0.0015	0.0142857	0.0015	0.1041667	0.0537634	0.0363636	0.0804598	0.0816327	0.0492958	0.1304348	0.32	0.1925926	0.248227	0.1617647	0.1025641	0.0930233	0.1325301	0.1698113	0.0625	0.0769231	0.125	0.1162791	0.0434783	0.0294118	0.2777778	0.0015	0.1578947	0.1428571	0.0530973	
Chevalier stagnatile	0.0	0.0	0.0	0.0	0.0	0.0	0.0	0.0	0.0	0.0	0.0	0.0	0.0015	0.0	0.0	0.0	0.0	0.0	0.0	0.0	0.0	0.0	0.0	0.0	0.0	0.0	0.0	0.0	0.0	0.0	0.0	0.0212766	0.0	0.0	0.0	0.0	0.0	0.0	0.0	0.0	0.0	0.0	0.0	0.0	0.0	0.0	0.0	0.0	
Chevalier sylvain	0.0	0.0	0.0	0.0	0.0	0.0	0.0	0.0	0.0	0.0	0.0	0.0	0.0232558	0.0923077	0.0125	0.0408163	0.0517241	0.0	0.0151515	0.0	0.0	0.0	0.0	0.0107527	0.0	0.0114943	0.0204082	0.0140845	0.0217391	0.0533333	0.0592593	0.0780142	0.0294118	0.025641	0.0116279	0.0	0.0	0.0	0.0	0.0	0.0	0.0	0.0	0.0	0.0	0.0	0.0	0.0	
Chevalier gambette	0.0666667	0.25	0.1818182	0.015625	0.08	0.04	0.0175439	0.1875	0.0967742	0.1351351	0.04	0.2446809	0.3488372	0.3384615	0.2875	0.3061224	0.3103448	0.0925926	0.3636364	0.2201835	0.1	0.0862069	0.2291667	0.2043011	0.2363636	0.2413793	0.2721088	0.1901408	0.3586957	0.2933333	0.2074074	0.2340426	0.1911765	0.1282051	0.2093023	0.253012	0.1698113	0.125	0.0769231	0.1964286	0.0232558	0.0434783	0.0588235	0.2222222	0.1666667	0.1842105	0.047619	0.1946903	
Chevalier arlequin	0.0015	0.2083333	0.0454545	0.046875	0.02	0.0	0.0175439	0.0208333	0.0645161	0.027027	0.04	0.0212766	0.0232558	0.0769231	0.05	0.0714286	0.0344828	0.0	0.0	0.0183486	0.0015	0.0	0.0	0.0107527	0.0181818	0.0114943	0.0272109	0.0422535	0.0543478	0.0666667	0.0518519	0.0851064	0.0147059	0.025641	0.0581395	0.0481928	0.0566038	0.0	0.0384615	0.0714286	0.0232558	0.0434783	0.0294118	0.0555556	0.0015	0.0526316	0.0	0.0442478	
Chevalier aboyeur	0.0	0.125	0.0	0.0	0.06	0.04	0.0350877	0.0416667	0.0	0.0540541	0.0015	0.0212766	0.1162791	0.1076923	0.125	0.1836735	0.137931	0.0015	0.030303	0.0091743	0.0	0.0	0.0208333	0.0107527	0.0363636	0.045977	0.0612245	0.0704225	0.0652174	0.1333333	0.1185185	0.2056738	0.1617647	0.1538462	0.1860465	0.1686747	0.1320755	0.0625	0.1153846	0.1785714	0.0232558	0.0434783	0.0	0.0555556	0.0	0.0526316	0.047619	0.079646	
Tournepierre à collier	0.1	0.1666667	0.1818182	0.078125	0.18	0.06	0.0877193	0.1666667	0.0322581	0.0540541	0.0015	0.0531915	0.1627907	0.1230769	0.1125	0.2653061	0.2931034	0.0925926	0.1515152	0.0917431	0.0571429	0.0172414	0.0416667	0.0752688	0.0909091	0.1149425	0.0884354	0.1619718	0.1956522	0.1866667	0.1407407	0.1985816	0.3088235	0.4871795	0.255814	0.3975904	0.3773585	0.125	0.3076923	0.3214286	0.4418605	0.173913	0.2941176	0.2777778	0.2222222	0.1052632	0.2380952	0.4159292	
Bécasseau maubèche	0.0015	0.0015	0.0	0.015625	0.04	0.02	0.0175439	0.0416667	0.0	0.027027	0.0015	0.0212766	0.0465116	0.0015	0.05	0.0408163	0.0517241	0.0185185	0.0757576	0.0366972	0.0428571	0.0	0.0208333	0.0215054	0.0	0.0114943	0.0136054	0.0492958	0.0434783	0.0015	0.0444444	0.0567376	0.1470588	0.0769231	0.1162791	0.1686747	0.0566038	0.0416667	0.0384615	0.1071429	0.0015	0.0	0.0	0.0	0.0	0.0015	0.0	0.0265487	
Combattant varié	0.0333333	0.0833333	0.0454545	0.015625	0.04	0.02	0.0015	0.0833333	0.1290323	0.0540541	0.0	0.0744681	0.0232558	0.1384615	0.0875	0.0408163	0.0344828	0.0015	0.0	0.0	0.0	0.0015	0.0208333	0.0215054	0.0181818	0.0229885	0.0204082	0.0070423	0.076087	0.0666667	0.0962963	0.1276596	0.1029412	0.1025641	0.1162791	0.0963855	0.1320755	0.0208333	0.0	0.0714286	0.1162791	0.0434783	0.1176471	0.1111111	0.0555556	0.0789474	0.0	0.0176991	
Bécasseau falcinelle	0.0	0.0	0.0	0.0	0.0	0.0	0.0	0.0	0.0	0.0	0.0	0.0	0.0	0.0	0.0	0.0	0.0	0.0	0.0	0.0	0.0	0.0	0.0	0.0015	0.0015	0.0	0.0	0.0	0.0	0.0	0.0	0.0	0.0	0.0	0.0	0.0	0.0	0.0	0.0	0.0	0.0	0.0	0.0	0.0	0.0	0.0	0.0	0.0	
Bécasseau à queue pointue	0.0	0.0	0.0	0.0	0.0	0.0	0.0	0.0	0.0	0.0	0.0	0.0	0.0	0.0	0.0	0.0	0.0	0.0	0.0	0.0	0.0	0.0	0.0	0.0	0.0	0.0	0.0	0.0	0.0	0.0	0.0	0.0	0.0	0.0	0.0	0.0120482	0.0188679	0.0	0.0	0.0	0.0	0.0	0.0	0.0	0.0	0.0	0.0	0.0	
Bécasseau cocorli	0.0	0.0015	0.0	0.0	0.0	0.0	0.0	0.0	0.0	0.0	0.0015	0.0106383	0.0	0.0153846	0.025	0.0510204	0.0172414	0.0015	0.030303	0.0091743	0.0142857	0.0	0.0	0.0	0.0	0.0114943	0.0068027	0.028169	0.0652174	0.0015	0.0592593	0.0425532	0.0882353	0.0769231	0.1162791	0.060241	0.0754717	0.0208333	0.0384615	0.0357143	0.0	0.0	0.0	0.0	0.0	0.0	0.0	0.0	
Bécasseau de Temminck	0.0	0.0	0.0	0.0	0.0	0.0	0.0	0.0	0.0	0.0	0.0	0.0	0.0	0.0	0.0	0.0408163	0.0517241	0.0015	0.0151515	0.0	0.0	0.0	0.0	0.0	0.0	0.0	0.0	0.0070423	0.0	0.0	0.0074074	0.0070922	0.0147059	0.0	0.0	0.0	0.0	0.0	0.0	0.0	0.0	0.0	0.0	0.0	0.0	0.0	0.0	0.0	
Bécasseau sanderling	0.0015	0.125	0.0909091	0.078125	0.14	0.08	0.0526316	0.0833333	0.0	0.0810811	0.0015	0.0212766	0.1395349	0.1076923	0.0625	0.0612245	0.1206897	0.0925926	0.1212121	0.0642202	0.0571429	0.0344828	0.0	0.0	0.0015	0.0	0.0204082	0.0492958	0.0652174	0.1066667	0.0814815	0.1205674	0.1617647	0.2564103	0.1046512	0.2771084	0.1698113	0.1041667	0.2692308	0.1607143	0.2790698	0.173913	0.2058824	0.1111111	0.1111111	0.0526316	0.1904762	0.1858407	
Bécasseau variable	0.1333333	0.2083333	0.2272727	0.109375	0.18	0.1	0.122807	0.2291667	0.0015	0.0810811	0.04	0.0851064	0.1395349	0.1384615	0.225	0.2755102	0.1896552	0.0555556	0.1363636	0.0917431	0.1	0.0015	0.0833333	0.0430108	0.0545455	0.0804598	0.0680272	0.1549296	0.25	0.1333333	0.1555556	0.1843972	0.2058824	0.2051282	0.2093023	0.2891566	0.1698113	0.1458333	0.1153846	0.1785714	0.1627907	0.1304348	0.2941176	0.3888889	0.2777778	0.2105263	0.047619	0.2035398	
Bécasseau violet	0.0	0.0015	0.0	0.03125	0.04	0.0	0.0	0.0208333	0.0322581	0.027027	0.0	0.0	0.0	0.0153846	0.0	0.0	0.0172414	0.0	0.0	0.0	0.0	0.0	0.0	0.0	0.0	0.0	0.0	0.0	0.0	0.0	0.0	0.0	0.0	0.0	0.0	0.0	0.0	0.0	0.0	0.0178571	0.0	0.0	0.2058824	0.0555556	0.0015	0.0263158	0.0	0.0619469	
Bécasseau minute	0.0333333	0.125	0.0454545	0.0015	0.02	0.0	0.0	0.0625	0.0	0.0	0.0015	0.0106383	0.0232558	0.0307692	0.0375	0.0714286	0.0689655	0.0015	0.0015	0.0015	0.0	0.0	0.0	0.0	0.0	0.0114943	0.0015	0.0070423	0.0543478	0.0266667	0.0592593	0.035461	0.0588235	0.025641	0.0348837	0.0240964	0.0566038	0.0416667	0.0015	0.0535714	0.0232558	0.0434783	0.0294118	0.0555556	0.0	0.0263158	0.0	0.0176991	
Bécasseau de Bonaparte	0.0	0.0	0.0	0.0	0.0	0.0	0.0	0.0	0.0	0.0	0.0	0.0	0.0	0.0	0.0	0.0	0.0	0.0	0.0	0.0	0.0	0.0	0.0	0.0	0.0	0.0	0.0	0.0	0.0	0.0	0.0	0.0	0.0	0.0	0.0	0.0	0.0	0.0208333	0.0	0.0	0.0465116	0.0	0.0	0.0	0.0	0.0	0.0	0.0	
Bécasseau minuscule	0.0	0.0	0.0	0.0015	0.04	0.04	0.0015	0.0015	0.0015	0.0	0.0	0.0	0.0	0.0	0.0	0.0	0.0	0.0	0.0015	0.0	0.0	0.0	0.0	0.0	0.0	0.0	0.0	0.0	0.0	0.0	0.0	0.0	0.0	0.0	0.0	0.0	0.0188679	0.0	0.0	0.0	0.0	0.0	0.0	0.0	0.0	0.0	0.0	0.0	
Bécasseau tacheté	0.0	0.0	0.0	0.0	0.0	0.0	0.0	0.0	0.0	0.0	0.0	0.0	0.0	0.0	0.0	0.0	0.0	0.0015	0.0	0.0	0.0	0.0	0.0	0.0	0.0	0.0015	0.0	0.0	0.0	0.0	0.0	0.0070922	0.0147059	0.0015	0.0	0.0120482	0.0	0.0	0.0015	0.0	0.0015	0.0	0.0	0.0	0.0	0.0	0.0	0.0	
Bécasseau semipalmé	0.0	0.0	0.0	0.0	0.0	0.0	0.0	0.0	0.0	0.0	0.0	0.0	0.0	0.0	0.0	0.0	0.0	0.0	0.0	0.0	0.0	0.0	0.0	0.0	0.0	0.0	0.0	0.0	0.0	0.0	0.0	0.0070922	0.0	0.0	0.0	0.0	0.0	0.0	0.0	0.0	0.0	0.0	0.0	0.0	0.0	0.0	0.0	0.0	
Calidris sp. (petit bécasseau sp.)	0.0	0.0	0.0	0.0	0.0	0.0	0.0	0.0	0.0	0.0	0.0	0.0	0.0	0.0	0.0	0.0	0.0	0.0	0.0	0.0091743	0.0	0.0	0.0	0.0	0.0	0.0	0.0	0.0	0.0108696	0.0	0.0	0.0	0.0	0.0	0.0116279	0.0	0.0	0.0	0.0	0.0	0.0	0.0	0.0	0.0	0.0	0.0263158	0.0	0.0	
Calidris sp.	0.0333333	0.0	0.0	0.0	0.0	0.0	0.0	0.0	0.0	0.0	0.0	0.0	0.0	0.0	0.0	0.0	0.0	0.0	0.0	0.0	0.0	0.0	0.0	0.0	0.0	0.0	0.0	0.0	0.0	0.0	0.0	0.0	0.0	0.0	0.0	0.0	0.0	0.0	0.0	0.0	0.0	0.0	0.0	0.0	0.0	0.0	0.0	0.0	
grand limicole sp.	0.0	0.0	0.0	0.0	0.0	0.0	0.0	0.0	0.0	0.0	0.0	0.0	0.0	0.0	0.0	0.0	0.0	0.0	0.0	0.0	0.0	0.0	0.0208333	0.0	0.0	0.0	0.0	0.0	0.0108696	0.0	0.0	0.0	0.0	0.0	0.0116279	0.0	0.0	0.0	0.0	0.0	0.0	0.0	0.0	0.0	0.0	0.0	0.0	0.0	
Glaréole à collier	0.0	0.0	0.0	0.0	0.0	0.0	0.0	0.0	0.0	0.0	0.0	0.0	0.0	0.0	0.0	0.0	0.0	0.0	0.0	0.0	0.0	0.0015	0.0	0.0	0.0	0.0015	0.0	0.0	0.0	0.0	0.0	0.0	0.0	0.0	0.0	0.0	0.0	0.0	0.0	0.0	0.0	0.0	0.0	0.0	0.0	0.0	0.0	0.0	
Glaréole à ailes noires	0.0	0.0	0.0	0.0	0.0	0.0	0.0	0.0	0.0	0.0	0.0	0.0	0.0	0.0	0.0	0.0	0.0	0.0	0.0	0.0	0.0	0.0	0.0	0.0	0.0015	0.0015	0.0	0.0	0.0	0.0	0.0	0.0	0.0	0.0	0.0	0.0	0.0	0.0	0.0	0.0	0.0	0.0	0.0	0.0	0.0	0.0	0.0	0.0	
limicole sp.	0.0333333	0.0	0.0	0.0	0.0	0.0	0.0	0.0	0.0	0.0	0.0	0.0	0.0	0.0	0.0	0.0	0.0	0.0	0.0	0.0091743	0.0	0.0	0.0	0.0107527	0.0	0.0	0.0136054	0.0	0.0	0.0	0.0	0.0070922	0.0	0.025641	0.0232558	0.0	0.0188679	0.0	0.0	0.0178571	0.0	0.0	0.0	0.0	0.0	0.0	0.0	0.0	
Labbe à longue queue	0.0	0.0	0.0	0.0	0.0	0.0	0.0	0.0	0.0	0.0	0.0	0.0	0.0	0.0	0.0	0.0	0.0	0.0	0.0	0.0	0.0	0.0	0.0	0.0	0.0	0.0	0.0	0.0	0.0	0.0	0.0	0.0	0.0	0.0015	0.0	0.0	0.0	0.0	0.0	0.0	0.0	0.0	0.0	0.0	0.0	0.0	0.0	0.0	
Labbe parasite	0.0	0.0	0.0	0.0	0.0	0.0	0.0	0.0	0.0	0.0	0.0	0.0	0.0	0.0153846	0.0015	0.0	0.0	0.0015	0.0	0.0	0.0	0.0	0.0	0.0	0.0	0.0	0.0068027	0.0070423	0.0015	0.0	0.0015	0.0070922	0.0441176	0.025641	0.0232558	0.0240964	0.0	0.0	0.0384615	0.0015	0.0465116	0.0	0.0294118	0.0555556	0.0	0.0	0.0	0.0	
Labbe pomarin	0.0	0.0	0.0	0.0	0.0	0.0	0.0	0.0	0.0	0.0	0.0	0.0	0.0015	0.0	0.0	0.0	0.0	0.0	0.0	0.0	0.0	0.0	0.0	0.0	0.0	0.0	0.0	0.0	0.0	0.0	0.0	0.0070922	0.0147059	0.0015	0.0116279	0.0	0.0	0.0	0.0	0.0	0.0465116	0.0	0.0	0.0	0.0	0.0	0.0	0.0	
Grand Labbe	0.0015	0.0	0.0	0.0	0.0	0.0	0.0	0.0	0.0	0.0	0.0	0.0015	0.0	0.0015	0.0125	0.0	0.0	0.0	0.0	0.0015	0.0	0.0	0.0	0.0	0.0	0.0	0.0068027	0.0	0.0	0.0	0.0074074	0.0070922	0.0147059	0.0015	0.0	0.0120482	0.0377358	0.0	0.0769231	0.0	0.0015	0.0	0.0	0.0	0.0015	0.0015	0.0	0.0	
Labbe pomarin, L. parasite ou L. à longue queue	0.0	0.0	0.0	0.0	0.0	0.0	0.0	0.0	0.0	0.0	0.0	0.0	0.0	0.0	0.0	0.0	0.0	0.0	0.0	0.0	0.0	0.0	0.0	0.0	0.0	0.0	0.0	0.0	0.0	0.0	0.0	0.0070922	0.0147059	0.0	0.0	0.0	0.0	0.0	0.0384615	0.0	0.0	0.0	0.0	0.0	0.0	0.0	0.0	0.0	
labbe sp.	0.0	0.0	0.0	0.0	0.0	0.0	0.0	0.0	0.0	0.0	0.0	0.0	0.0	0.0	0.0	0.0	0.0	0.0	0.0	0.0	0.0	0.0	0.0	0.0	0.0	0.0	0.0	0.0	0.0	0.0015	0.0	0.0	0.0	0.0	0.0	0.0	0.0	0.0	0.0	0.0	0.0	0.0	0.0	0.0	0.0	0.0	0.0	0.0	
Macareux moine	0.0	0.0	0.0	0.0	0.0	0.0	0.0	0.0	0.0	0.0	0.0	0.0	0.0	0.0	0.0	0.0	0.0	0.0	0.0	0.0	0.0	0.0	0.0	0.0	0.0	0.0	0.0	0.0	0.0	0.0	0.0	0.0	0.0	0.0	0.0	0.0	0.0	0.0	0.0	0.0	0.0	0.0	0.0	0.0	0.0	0.0015	0.0	0.0	
Pingouin torda	0.0015	0.0	0.0	0.0015	0.0	0.0	0.0	0.0	0.0	0.0	0.0	0.0	0.0232558	0.0153846	0.0015	0.0102041	0.0	0.0	0.0	0.0	0.0	0.0	0.0	0.0	0.0	0.0114943	0.0	0.0	0.0	0.0	0.0	0.0	0.0	0.0	0.0015	0.0	0.0015	0.0	0.0384615	0.0357143	0.0	0.0	0.0882353	0.0555556	0.0	0.0	0.0	0.0088496	
Mergule nain	0.0	0.0	0.0	0.0	0.0	0.0	0.0	0.0	0.0	0.0	0.0	0.0	0.0	0.0	0.0	0.0	0.0	0.0	0.0	0.0	0.0	0.0	0.0	0.0	0.0	0.0	0.0	0.0	0.0	0.0	0.0	0.0	0.0	0.0	0.0	0.0	0.0	0.0	0.0	0.0	0.0	0.0	0.0	0.0	0.0	0.0015	0.0	0.0	
Guillemot de Troïl	0.0	0.0	0.0	0.0015	0.02	0.0015	0.0	0.0	0.0	0.0	0.0	0.0	0.0015	0.0153846	0.0125	0.0102041	0.0	0.0015	0.0	0.0	0.0	0.0	0.0	0.0	0.0	0.0114943	0.0	0.0	0.0	0.0	0.0074074	0.0015	0.0147059	0.0015	0.0	0.0	0.0	0.0	0.0769231	0.0178571	0.0	0.0	0.1470588	0.0015	0.0	0.0015	0.0	0.0265487	
Alca ou Uria sp.	0.0	0.0	0.0	0.0	0.0	0.0	0.0	0.0	0.0	0.0	0.0	0.0	0.0	0.0	0.0	0.0	0.0	0.0	0.0	0.0	0.0	0.0	0.0	0.0	0.0	0.0	0.0	0.0	0.0	0.0	0.0	0.0	0.0	0.0	0.0	0.0	0.0	0.0	0.0015	0.0	0.0	0.0	0.0588235	0.0015	0.0	0.0	0.0	0.0	
alcidé sp.	0.0	0.0	0.0	0.0	0.0	0.0	0.0	0.0	0.0	0.0	0.0	0.0	0.0	0.0153846	0.0	0.0102041	0.0	0.0	0.0	0.0	0.0	0.0	0.0	0.0	0.0	0.0	0.0	0.0	0.0	0.0015	0.0	0.0	0.0	0.0	0.0	0.0	0.0188679	0.0	0.0384615	0.0178571	0.0	0.0015	0.0294118	0.0	0.0	0.0015	0.0	0.0	
Mouette pygmée	0.0666667	0.0015	0.0	0.03125	0.0	0.02	0.0175439	0.0208333	0.0322581	0.0810811	0.0015	0.0425532	0.0697674	0.0153846	0.0	0.0	0.0172414	0.0185185	0.030303	0.0183486	0.0285714	0.0172414	0.0	0.0107527	0.0	0.0114943	0.0	0.0	0.0	0.0133333	0.0074074	0.0070922	0.0	0.0	0.0015	0.0	0.0	0.0	0.0384615	0.0015	0.0015	0.0	0.1470588	0.1111111	0.0555556	0.0015	0.047619	0.0088496	
Mouette tridactyle	0.0	0.0015	0.0454545	0.015625	0.0	0.02	0.0	0.0	0.0	0.0	0.0015	0.0015	0.0	0.0	0.0	0.0	0.0	0.0015	0.0	0.0	0.0	0.0	0.0	0.0	0.0	0.0	0.0068027	0.0140845	0.0	0.0133333	0.0074074	0.0141844	0.0147059	0.0015	0.0015	0.0	0.0	0.0015	0.0384615	0.0178571	0.0465116	0.0	0.2352941	0.1111111	0.0015	0.0263158	0.0	0.0	
Mouette de Sabine	0.0	0.0	0.0	0.0	0.0	0.0	0.0	0.0	0.0	0.0	0.0	0.0	0.0	0.0	0.0	0.0	0.0	0.0	0.0	0.0	0.0	0.0	0.0	0.0	0.0	0.0	0.0	0.0	0.0	0.0	0.0	0.0070922	0.0441176	0.0512821	0.0	0.0	0.0	0.0	0.0384615	0.0015	0.0930233	0.1304348	0.0	0.0015	0.0	0.0	0.0	0.0176991	
Goéland railleur	0.0	0.0	0.0	0.0	0.0	0.0015	0.0	0.0015	0.0	0.0015	0.0	0.0015	0.0232558	0.0307692	0.0375	0.0204082	0.0172414	0.0185185	0.030303	0.0091743	0.0285714	0.0172414	0.0208333	0.0430108	0.0	0.0015	0.0	0.0	0.0108696	0.0	0.0	0.0	0.0	0.0	0.0232558	0.0015	0.0	0.0015	0.0	0.0	0.0	0.0	0.0	0.0015	0.0	0.0	0.0	0.0176991	
Mouette de Bonaparte	0.0	0.0	0.0	0.0	0.0	0.0	0.0	0.0	0.0	0.0	0.0015	0.0106383	0.0	0.0	0.0	0.0	0.0	0.0	0.0	0.0	0.0	0.0	0.0	0.0	0.0	0.0	0.0	0.0	0.0	0.0	0.0	0.0	0.0	0.0	0.0	0.0	0.0	0.0	0.0	0.0	0.0	0.0	0.0	0.0	0.0	0.0	0.0	0.0088496	
Mouette rieuse	0.3666667	0.5	0.4090909	0.3125	0.4	0.16	0.3859649	0.375	0.2580645	0.3783784	0.12	0.393617	0.4651163	0.3076923	0.425	0.377551	0.2758621	0.1666667	0.4090909	0.2385321	0.3571429	0.2413793	0.4375	0.3978495	0.4909091	0.5057471	0.5782313	0.528169	0.6847826	0.6933333	0.4666667	0.5390071	0.4852941	0.7948718	0.5	0.5662651	0.6981132	0.4583333	0.5	0.5892857	0.4418605	0.3043478	0.5	0.6111111	0.2777778	0.3684211	0.4285714	0.6725664	
Mouette atricille	0.0	0.0	0.0	0.0	0.0	0.0	0.0	0.0	0.0	0.0	0.0	0.0	0.0	0.0	0.0	0.0	0.0	0.0	0.0	0.0	0.0	0.0	0.0	0.0	0.0	0.0	0.0	0.0	0.0	0.0	0.0	0.0	0.0	0.0	0.0	0.0	0.0	0.0	0.0	0.0	0.0	0.0015	0.0	0.0	0.0	0.0	0.0	0.0	
Mouette mélanocéphale	0.0015	0.0416667	0.0909091	0.046875	0.08	0.04	0.0701754	0.1458333	0.0015	0.0810811	0.08	0.1914894	0.1860465	0.1692308	0.2125	0.2142857	0.1724138	0.0185185	0.2575758	0.1192661	0.1142857	0.0344828	0.2708333	0.2043011	0.1636364	0.2183908	0.2721088	0.2535211	0.2717391	0.2133333	0.1851852	0.1489362	0.1911765	0.2564103	0.1511628	0.060241	0.2830189	0.0833333	0.1153846	0.2321429	0.2790698	0.0015	0.1176471	0.1111111	0.0015	0.0015	0.0952381	0.159292	
Goéland cendré	0.0666667	0.0833333	0.2272727	0.0625	0.1	0.1	0.0701754	0.0416667	0.0322581	0.0540541	0.0015	0.106383	0.0930233	0.1692308	0.0375	0.0306122	0.0517241	0.0015	0.0454545	0.0183486	0.0	0.0	0.0	0.0215054	0.0015	0.0114943	0.0340136	0.0352113	0.0652174	0.0266667	0.0518519	0.070922	0.0588235	0.0512821	0.0465116	0.0481928	0.0754717	0.1041667	0.0384615	0.125	0.0697674	0.0434783	0.0882353	0.1666667	0.0015	0.0789474	0.047619	0.0973451	
Goéland à bec cerclé	0.0	0.0416667	0.0	0.0	0.0	0.0	0.0	0.0	0.0	0.0	0.0	0.0	0.0	0.0	0.0	0.0	0.0	0.0	0.0454545	0.0183486	0.0142857	0.0	0.0	0.0	0.0	0.0114943	0.0	0.0070423	0.0	0.0	0.0	0.0070922	0.0	0.0	0.0	0.0120482	0.0015	0.0	0.0	0.0	0.0	0.0	0.0	0.0	0.0555556	0.0	0.0	0.0	
Goéland pontique	0.0015	0.0416667	0.0909091	0.0	0.02	0.0	0.0	0.0015	0.0	0.0	0.0	0.0319149	0.0232558	0.0307692	0.0	0.0	0.0344828	0.0	0.0	0.0	0.0	0.0	0.0	0.0	0.0	0.0	0.0	0.0	0.0	0.0	0.0	0.0	0.0	0.0015	0.0116279	0.0	0.0	0.0	0.0	0.0178571	0.0	0.0	0.0	0.0	0.0	0.0	0.0	0.0	
Goéland argenté	0.2333333	0.375	0.3181818	0.078125	0.3	0.12	0.1578947	0.2083333	0.0967742	0.2162162	0.16	0.1914894	0.3023256	0.3384615	0.2375	0.3061224	0.1551724	0.1851852	0.2272727	0.2568807	0.2857143	0.1206897	0.1666667	0.2580645	0.2909091	0.2528736	0.3605442	0.3098592	0.4565217	0.4533333	0.3333333	0.3758865	0.4705882	0.4871795	0.3953488	0.3855422	0.5283019	0.25	0.5	0.5357143	0.4418605	0.4347826	0.4705882	0.3333333	0.1111111	0.2368421	0.3809524	0.5309735	
Goéland leucophée	0.0666667	0.125	0.0909091	0.0625	0.1	0.02	0.1052632	0.0833333	0.0645161	0.0810811	0.0015	0.1914894	0.1860465	0.3076923	0.1625	0.1326531	0.0862069	0.0185185	0.0606061	0.1651376	0.1428571	0.0689655	0.0625	0.0322581	0.1454545	0.1264368	0.1564626	0.1549296	0.1304348	0.2133333	0.162963	0.2056738	0.0882353	0.1538462	0.1395349	0.0843373	0.1320755	0.1875	0.0384615	0.1071429	0.1162791	0.1304348	0.0015	0.1666667	0.2222222	0.0263158	0.0015	0.0442478	
Goéland pontique, G. argenté ou G. leucophée	0.0	0.0	0.0	0.0	0.0	0.0	0.0	0.0	0.0	0.0	0.0	0.0	0.0	0.0	0.0	0.0	0.0	0.0	0.0	0.0	0.0	0.0	0.0416667	0.0	0.0	0.0	0.0	0.0	0.0	0.0	0.0	0.0	0.0	0.0	0.0	0.0	0.0	0.0	0.0	0.0	0.0	0.0	0.0	0.0	0.0	0.0	0.0	0.0	
Goéland marin	0.1	0.2083333	0.1818182	0.09375	0.26	0.04	0.1578947	0.1666667	0.0967742	0.1621622	0.12	0.1170213	0.255814	0.3384615	0.2875	0.255102	0.2241379	0.0555556	0.1818182	0.2110092	0.1	0.0172414	0.1458333	0.1505376	0.1454545	0.2068966	0.2176871	0.2183099	0.3152174	0.3733333	0.3185185	0.3617021	0.4264706	0.4358974	0.3604651	0.4096386	0.4528302	0.1666667	0.4615385	0.4642857	0.372093	0.173913	0.4117647	0.3888889	0.2222222	0.1842105	0.2380952	0.4778761	
Goéland bourgmestre	0.0	0.0416667	0.0	0.0015	0.0015	0.0	0.0	0.0	0.0	0.0	0.0	0.0	0.0	0.0	0.0	0.0	0.0	0.0	0.0	0.0	0.0	0.0	0.0	0.0	0.0	0.0	0.0	0.0	0.0	0.0	0.0	0.0	0.0	0.0	0.0	0.0	0.0	0.0	0.0	0.0	0.0	0.0	0.0	0.0	0.0	0.0263158	0.0	0.0	
Goéland brun	0.2	0.3333333	0.1818182	0.03125	0.1	0.02	0.0526316	0.1041667	0.0322581	0.0810811	0.0015	0.212766	0.1860465	0.1692308	0.125	0.122449	0.1034483	0.0555556	0.0909091	0.0733945	0.0714286	0.0517241	0.0625	0.1827957	0.0727273	0.1494253	0.0884354	0.1478873	0.2717391	0.2	0.1925926	0.2340426	0.2058824	0.1794872	0.2209302	0.1325301	0.1886792	0.1666667	0.1923077	0.25	0.372093	0.0015	0.2941176	0.2222222	0.0	0.0789474	0.1904762	0.1858407	
Goéland à ailes blanches	0.0	0.0	0.0	0.0	0.02	0.0	0.0	0.0015	0.0	0.0	0.0	0.0	0.0	0.0	0.0	0.0	0.0	0.0	0.0	0.0	0.0	0.0	0.0	0.0	0.0	0.0	0.0	0.0	0.0	0.0	0.0	0.0	0.0	0.0	0.0	0.0	0.0	0.0	0.0	0.0	0.0	0.0	0.0	0.0	0.0	0.0	0.0	0.0	
goéland sp. (Larus sp.)	0.0	0.0	0.0	0.0	0.0	0.0	0.0	0.0	0.0	0.0	0.0	0.0	0.0232558	0.0	0.0	0.0	0.0	0.0	0.0151515	0.0275229	0.0	0.0517241	0.0416667	0.0	0.0181818	0.0114943	0.0	0.0	0.0652174	0.0	0.0015	0.0212766	0.0	0.0	0.0	0.0	0.0	0.0	0.0	0.0	0.0232558	0.0	0.0	0.0	0.0	0.0	0.0	0.0265487	
goéland ou mouette sp.	0.0	0.0	0.0	0.0	0.0	0.0	0.0	0.0	0.0	0.0	0.0	0.0	0.0	0.0	0.0	0.0	0.0	0.0	0.0	0.0183486	0.0285714	0.0172414	0.0	0.0215054	0.0	0.0114943	0.0068027	0.0	0.0108696	0.0	0.0148148	0.0	0.0147059	0.0	0.0	0.0	0.0188679	0.0	0.0	0.0	0.0232558	0.0	0.0	0.0	0.0	0.0	0.047619	0.0	
Sterne naine	0.0	0.0	0.0	0.0	0.0	0.0	0.0	0.0	0.0	0.0	0.0	0.0	0.0015	0.0307692	0.025	0.0204082	0.0344828	0.0185185	0.0	0.0366972	0.0285714	0.0015	0.0416667	0.0645161	0.0015	0.1034483	0.0340136	0.0492958	0.076087	0.08	0.0666667	0.0496454	0.0735294	0.1025641	0.0348837	0.0	0.0	0.0208333	0.0	0.0	0.0	0.0	0.0	0.0	0.0	0.0	0.0	0.0	
Sterne hansel	0.0	0.0	0.0	0.0	0.0	0.0	0.0	0.0	0.0	0.0	0.0	0.0	0.0	0.0	0.0	0.0102041	0.0	0.0015	0.0151515	0.0091743	0.0	0.0172414	0.0	0.0	0.0015	0.0114943	0.0	0.0	0.0	0.0	0.0074074	0.0	0.0	0.0	0.0	0.0	0.0	0.0	0.0	0.0	0.0	0.0	0.0	0.0	0.0	0.0	0.0	0.0	
Sterne caspienne	0.0	0.0	0.0	0.0	0.0	0.0	0.0	0.0208333	0.0	0.0	0.0	0.0425532	0.0465116	0.1230769	0.05	0.0714286	0.0	0.0	0.0454545	0.0183486	0.0142857	0.0	0.0	0.0	0.0015	0.0114943	0.0068027	0.0070423	0.0434783	0.0133333	0.0666667	0.141844	0.0882353	0.0769231	0.0465116	0.0481928	0.0	0.0	0.0	0.0	0.0	0.0	0.0	0.0	0.0	0.0	0.0	0.0	
Guifette moustac	0.0	0.0	0.0	0.0	0.0	0.0	0.0	0.0	0.0	0.0	0.0	0.0	0.0015	0.0153846	0.025	0.0306122	0.0689655	0.0185185	0.030303	0.0275229	0.0142857	0.0172414	0.0	0.0	0.0181818	0.0114943	0.0	0.0070423	0.0015	0.0133333	0.0222222	0.0070922	0.0	0.0	0.0	0.0	0.0	0.0	0.0	0.0	0.0	0.0	0.0	0.0	0.0	0.0	0.0	0.0	
Guifette noire	0.0	0.0	0.0	0.0	0.0	0.0	0.0	0.0	0.0	0.0	0.0	0.0	0.0	0.0	0.0125	0.0102041	0.0689655	0.0185185	0.0454545	0.0458716	0.0428571	0.0	0.0015	0.0215054	0.0015	0.0344828	0.0068027	0.0211268	0.0543478	0.0015	0.0592593	0.0425532	0.0294118	0.1282051	0.0116279	0.0015	0.0	0.0	0.0	0.0	0.0	0.0	0.0	0.0	0.0	0.0	0.0	0.0	
Guifette leucoptère	0.0	0.0	0.0	0.0	0.0	0.0	0.0	0.0	0.0	0.0	0.0	0.0	0.0	0.0	0.0	0.0	0.0172414	0.0	0.0015	0.0091743	0.0	0.0	0.0	0.0015	0.0	0.0	0.0	0.0	0.0015	0.0	0.0148148	0.0070922	0.0	0.0	0.0	0.0	0.0	0.0	0.0	0.0	0.0	0.0	0.0	0.0	0.0	0.0	0.0	0.0	
Sterne de Forster	0.0	0.0	0.0	0.0	0.02	0.0015	0.0175439	0.0015	0.0	0.0	0.0	0.0	0.0	0.0	0.0	0.0	0.0	0.0	0.0	0.0	0.0	0.0	0.0	0.0	0.0	0.0	0.0	0.0	0.0	0.0	0.0	0.0	0.0	0.0	0.0	0.0	0.0	0.0	0.0	0.0	0.0	0.0	0.0	0.0	0.0	0.0	0.0	0.0	
Sterne arctique	0.0	0.0	0.0	0.0	0.0	0.0	0.0	0.0	0.0	0.0	0.0	0.0	0.0	0.0	0.0	0.0015	0.0	0.0	0.0	0.0	0.0015	0.0015	0.0	0.0015	0.0	0.0229885	0.0068027	0.0070423	0.0	0.0	0.0074074	0.0	0.0147059	0.0	0.0	0.0015	0.0	0.0	0.0	0.0	0.0	0.0	0.0	0.0	0.0	0.0	0.0	0.0	
Sterne pierregarin	0.0	0.0	0.0	0.0	0.0	0.0	0.0	0.0	0.0	0.0	0.0	0.0015	0.0697674	0.1538462	0.25	0.244898	0.2413793	0.0740741	0.3333333	0.1926606	0.2142857	0.1896552	0.2083333	0.3225806	0.2363636	0.3333333	0.3809524	0.3521127	0.3695652	0.32	0.2296296	0.177305	0.1617647	0.1794872	0.0697674	0.060241	0.1132075	0.0208333	0.0	0.0	0.0	0.0	0.0	0.0	0.0	0.0	0.0	0.0	
Sterne pierregarin ou S. arctique	0.0333333	0.0	0.0	0.0	0.0	0.0	0.0	0.0	0.0	0.0	0.0	0.0	0.0	0.0	0.0	0.0	0.0	0.0	0.0151515	0.0	0.0142857	0.0	0.0	0.0	0.0	0.0	0.0068027	0.0	0.0108696	0.0	0.0	0.0	0.0	0.0	0.0	0.0	0.0	0.0	0.0	0.0	0.0	0.0	0.0	0.0	0.0	0.0	0.0	0.0	
Sterne de Dougall	0.0	0.0	0.0	0.0	0.0	0.0	0.0	0.0	0.0	0.0	0.0	0.0	0.0	0.0	0.0	0.0	0.0	0.0	0.0	0.0	0.0	0.0	0.0208333	0.0215054	0.0	0.0	0.0068027	0.0070423	0.0	0.0	0.0	0.0	0.0	0.0	0.0	0.0	0.0	0.0	0.0	0.0	0.0	0.0	0.0	0.0	0.0	0.0	0.0	0.0	
Sterne caugek	0.0333333	0.0015	0.0454545	0.0	0.0	0.0	0.0175439	0.0015	0.0015	0.0	0.0	0.0319149	0.1162791	0.1384615	0.15	0.2142857	0.1034483	0.037037	0.2121212	0.1009174	0.1714286	0.0689655	0.2291667	0.2043011	0.1818182	0.2068966	0.1836735	0.2535211	0.1956522	0.28	0.2148148	0.1914894	0.2647059	0.2820513	0.2093023	0.1927711	0.1509434	0.0416667	0.2692308	0.1071429	0.1395349	0.0869565	0.1176471	0.0555556	0.0	0.0263158	0.1428571	0.0265487	
Sterne élégante	0.0	0.0	0.0	0.0	0.0	0.0	0.0	0.0	0.0	0.0	0.0	0.0	0.0	0.0015	0.0015	0.0306122	0.0344828	0.0015	0.0151515	0.0091743	0.0285714	0.0015	0.0833333	0.0860215	0.0545455	0.0344828	0.0272109	0.0211268	0.0108696	0.0	0.0	0.0	0.0	0.0	0.0	0.0	0.0	0.0	0.0	0.0	0.0	0.0	0.0	0.0	0.0	0.0	0.0	0.0	
Hybride Sterne caugek x S. élégante	0.0	0.0	0.0	0.0	0.0	0.0	0.0	0.0	0.0	0.0	0.0	0.0	0.0	0.0	0.0125	0.0204082	0.0015	0.0	0.0454545	0.0091743	0.0142857	0.0015	0.0416667	0.0430108	0.0015	0.0	0.0068027	0.0	0.0	0.0	0.0	0.0	0.0	0.0	0.0	0.0	0.0	0.0	0.0	0.0	0.0	0.0	0.0	0.0	0.0	0.0	0.0	0.0	
Sterne d'Afrique	0.0	0.0	0.0	0.0	0.0	0.0	0.0	0.0	0.0	0.0	0.0	0.0	0.0	0.0	0.0	0.0	0.0	0.0	0.0	0.0	0.0	0.0	0.0015	0.0430108	0.0	0.0	0.0	0.0	0.0	0.0	0.0	0.0	0.0	0.0	0.0	0.0	0.0	0.0	0.0	0.0	0.0	0.0	0.0	0.0	0.0	0.0	0.0	0.0	
grosse sterne sp.	0.0	0.0	0.0	0.0	0.0	0.0	0.0	0.0	0.0	0.0	0.0	0.0	0.0	0.0	0.0015	0.0	0.0	0.0	0.0	0.0	0.0	0.0	0.0	0.0	0.0	0.0	0.0	0.0	0.0	0.0	0.0	0.0	0.0	0.0	0.0	0.0	0.0	0.0	0.0	0.0	0.0	0.0	0.0	0.0	0.0	0.0	0.0	0.0	
sterne sp.	0.0333333	0.0	0.0	0.0	0.0	0.0	0.0	0.0	0.0	0.0	0.0	0.0	0.0	0.0	0.0	0.0	0.0172414	0.0	0.0	0.0	0.0	0.0172414	0.0416667	0.0	0.0181818	0.0015	0.0	0.0070423	0.0	0.0	0.0	0.0070922	0.0	0.025641	0.0	0.0	0.0	0.0208333	0.0	0.0	0.0	0.0434783	0.0	0.0	0.0	0.0	0.0	0.0	
Flamant rose	0.0	0.0	0.0	0.0015	0.0	0.0	0.0	0.0	0.0	0.0	0.0	0.0	0.0	0.0	0.0	0.0	0.0	0.0	0.0	0.0	0.0	0.0	0.0	0.0	0.0	0.0114943	0.0068027	0.0	0.0108696	0.0	0.0	0.0	0.0	0.0	0.0	0.0	0.0	0.0	0.0	0.0	0.0	0.0	0.0	0.0	0.0	0.0015	0.0	0.0	
Grèbe castagneux	0.1666667	0.0833333	0.1818182	0.0625	0.12	0.06	0.0526316	0.1041667	0.0645161	0.0810811	0.08	0.0531915	0.0232558	0.0615385	0.0125	0.0408163	0.0862069	0.0015	0.0606061	0.0550459	0.0714286	0.0689655	0.0416667	0.0430108	0.0727273	0.0689655	0.0884354	0.0915493	0.1304348	0.1466667	0.1111111	0.1347518	0.1029412	0.1282051	0.127907	0.2048193	0.1509434	0.2708333	0.0769231	0.25	0.1395349	0.0869565	0.1470588	0.2777778	0.2777778	0.2105263	0.1904762	0.1681416	
Grèbe à bec bigarré	0.0	0.0	0.0	0.0	0.02	0.0	0.0	0.0015	0.0	0.027027	0.04	0.0	0.0	0.0	0.0	0.0	0.0	0.0	0.0	0.0	0.0	0.0	0.0	0.0	0.0	0.0	0.0	0.0	0.0	0.0	0.0	0.0141844	0.0	0.0	0.0116279	0.0015	0.0	0.0416667	0.0015	0.0015	0.0232558	0.0	0.0	0.0	0.0015	0.0015	0.0	0.0	
Grèbe esclavon	0.0	0.0	0.0	0.0015	0.0	0.0	0.0	0.0	0.0	0.0	0.0015	0.0015	0.0	0.0	0.0	0.0	0.0	0.0	0.0	0.0	0.0	0.0	0.0	0.0	0.0	0.0	0.0	0.0	0.0	0.0	0.0	0.0	0.0	0.0	0.0	0.0	0.0	0.0	0.0	0.0	0.0	0.0	0.0	0.0	0.0	0.0	0.047619	0.0	
Grèbe jougris	0.0	0.0	0.0	0.0	0.0	0.0	0.0	0.0	0.0	0.0	0.0	0.0106383	0.0015	0.0	0.0125	0.0	0.0	0.0	0.0	0.0	0.0142857	0.0	0.0	0.0	0.0	0.0	0.0	0.0	0.0	0.0	0.0	0.0	0.0	0.0	0.0	0.0	0.0	0.0	0.0	0.0178571	0.0	0.0	0.0	0.0	0.0	0.0	0.0	0.0	
Grèbe huppé	0.1	0.0416667	0.0015	0.015625	0.08	0.02	0.0175439	0.0208333	0.0967742	0.1081081	0.04	0.0425532	0.0015	0.0	0.0375	0.0204082	0.0	0.0015	0.0	0.0	0.0	0.0344828	0.0015	0.0215054	0.0727273	0.0574713	0.0272109	0.0211268	0.0652174	0.0533333	0.0296296	0.0496454	0.0147059	0.1538462	0.0697674	0.0843373	0.1320755	0.0625	0.0384615	0.0535714	0.0232558	0.0434783	0.0015	0.0015	0.0	0.0526316	0.3333333	0.1061947	
Grèbe à cou noir	0.0333333	0.0416667	0.0015	0.046875	0.02	0.02	0.0350877	0.0208333	0.0015	0.027027	0.04	0.0106383	0.0232558	0.0307692	0.0	0.0	0.0	0.0015	0.0015	0.0	0.0	0.0172414	0.0208333	0.0	0.0363636	0.0114943	0.0068027	0.0015	0.0108696	0.0	0.0015	0.0070922	0.0015	0.025641	0.0	0.0	0.0377358	0.0208333	0.0015	0.0714286	0.0930233	0.0	0.0	0.1111111	0.0555556	0.0	0.047619	0.0707965	
Plongeon catmarin	0.0015	0.0	0.0909091	0.015625	0.0015	0.0015	0.0	0.0	0.0	0.0	0.0	0.0015	0.0015	0.0153846	0.0	0.0	0.0	0.0	0.0	0.0	0.0	0.0	0.0	0.0	0.0	0.0	0.0	0.0	0.0	0.0	0.0	0.0	0.0	0.0	0.0015	0.0	0.0	0.0208333	0.0	0.0015	0.0	0.0	0.0588235	0.0555556	0.0015	0.0263158	0.0	0.0088496	
Plongeon arctique	0.0	0.0	0.0	0.0	0.0	0.0	0.0	0.0	0.0	0.0	0.0015	0.0	0.0	0.0	0.0	0.0	0.0	0.0	0.0	0.0	0.0	0.0	0.0	0.0	0.0	0.0	0.0	0.0	0.0	0.0	0.0	0.0070922	0.0	0.0	0.0	0.0	0.0	0.0	0.0	0.0	0.0	0.0	0.0	0.0555556	0.0	0.0	0.0	0.0088496	
Plongeon imbrin	0.0	0.0015	0.0015	0.0	0.02	0.0	0.0	0.0	0.0	0.0	0.0	0.0	0.0015	0.0	0.0015	0.0102041	0.0	0.0	0.0	0.0	0.0	0.0	0.0	0.0	0.0	0.0	0.0	0.0	0.0	0.0	0.0	0.0	0.0	0.0	0.0	0.0	0.0	0.0	0.0	0.0	0.0015	0.0015	0.0294118	0.0015	0.0015	0.0015	0.0952381	0.0530973	
plongeon sp.	0.0	0.0015	0.0015	0.015625	0.0	0.0	0.0	0.0	0.0	0.0	0.0	0.0	0.0	0.0	0.0	0.0	0.0	0.0	0.0	0.0	0.0	0.0	0.0	0.0	0.0	0.0	0.0	0.0	0.0	0.0	0.0	0.0	0.0	0.0	0.0	0.0	0.0	0.0208333	0.0	0.0	0.0	0.0	0.0	0.0	0.0	0.0	0.0	0.0	
Océanite de Wilson	0.0	0.0	0.0	0.0	0.0	0.0	0.0	0.0	0.0	0.0	0.0	0.0	0.0	0.0	0.0	0.0	0.0	0.0	0.0	0.0	0.0	0.0	0.0	0.0	0.0	0.0	0.0015	0.0	0.0	0.0	0.0074074	0.0	0.0	0.0	0.0	0.0	0.0	0.0	0.0	0.0	0.0	0.0	0.0	0.0	0.0	0.0	0.0	0.0	
Océanite tempête	0.0	0.0	0.0	0.0	0.0	0.0	0.0	0.0	0.0	0.0	0.0	0.0	0.0	0.0	0.0	0.0	0.0	0.0	0.0	0.0	0.0015	0.0	0.0	0.0	0.0	0.0	0.0	0.0070423	0.0	0.0133333	0.0222222	0.0141844	0.0588235	0.0015	0.0	0.0	0.0015	0.0	0.0384615	0.0015	0.0	0.0	0.1470588	0.0	0.0	0.0	0.0	0.0	
Océanite culblanc	0.0	0.0	0.0	0.0	0.0	0.0	0.0	0.0	0.0	0.0	0.0	0.0	0.0	0.0	0.0	0.0	0.0	0.0	0.0	0.0	0.0	0.0	0.0	0.0	0.0	0.0	0.0	0.0	0.0	0.0133333	0.0	0.0	0.0	0.0015	0.0	0.0	0.0	0.0	0.0769231	0.0535714	0.0697674	0.0434783	0.1764706	0.0555556	0.0	0.0	0.0	0.0	
Hydrobates sp.	0.0	0.0	0.0	0.0	0.0	0.0	0.0	0.0	0.0	0.0	0.0	0.0	0.0	0.0	0.0	0.0	0.0	0.0	0.0	0.0	0.0	0.0	0.0	0.0	0.0	0.0	0.0	0.0	0.0	0.0	0.0	0.0	0.0	0.0	0.0	0.0	0.0	0.0	0.0	0.0178571	0.0	0.0	0.0	0.0	0.0	0.0	0.0	0.0	
océanite sp.	0.0	0.0	0.0	0.0	0.0	0.0	0.0	0.0	0.0	0.0	0.0	0.0	0.0	0.0	0.0	0.0	0.0	0.0	0.0	0.0	0.0	0.0	0.0	0.0	0.0	0.0	0.0	0.0	0.0	0.0	0.0	0.0	0.0	0.0	0.0	0.0	0.0	0.0	0.0384615	0.0	0.0	0.0	0.0	0.0	0.0	0.0	0.0	0.0	
Fulmar boréal	0.0	0.0	0.0	0.0	0.0	0.0	0.0	0.0	0.0	0.0	0.0	0.0	0.0	0.0	0.0	0.0	0.0	0.0	0.0	0.0	0.0	0.0	0.0	0.0	0.0	0.0	0.0	0.0	0.0	0.0	0.0074074	0.0	0.0	0.0	0.0	0.0	0.0015	0.0	0.0	0.0015	0.0	0.0	0.0	0.0	0.0015	0.0	0.0	0.0	
Puffin cendré	0.0	0.0	0.0	0.0	0.0	0.0	0.0	0.0	0.0	0.0	0.0	0.0	0.0	0.0	0.0	0.0	0.0	0.0	0.0	0.0	0.0	0.0	0.0	0.0	0.0	0.0114943	0.0	0.0140845	0.0	0.0	0.0074074	0.0283688	0.0441176	0.0015	0.0	0.0	0.0	0.0	0.0	0.0	0.0	0.0	0.0	0.0	0.0	0.0	0.0	0.0	
Puffin cendré ou P. de Scopoli	0.0	0.0	0.0	0.0	0.0	0.0	0.0	0.0	0.0	0.0	0.0	0.0	0.0	0.0	0.0	0.0	0.0	0.0	0.0	0.0	0.0	0.0	0.0	0.0	0.0	0.0015	0.0	0.0	0.0015	0.0133333	0.0074074	0.0	0.0147059	0.0	0.0	0.0	0.0	0.0	0.0	0.0	0.0	0.0	0.0	0.0	0.0	0.0	0.0	0.0	
Puffin majeur	0.0	0.0	0.0	0.0	0.0	0.0	0.0	0.0	0.0	0.0	0.0	0.0	0.0	0.0	0.0	0.0	0.0	0.0	0.0	0.0	0.0	0.0	0.0	0.0	0.0	0.0	0.0	0.0	0.0	0.0133333	0.0074074	0.0212766	0.0441176	0.0	0.0015	0.0120482	0.0	0.0015	0.0	0.0	0.0	0.0	0.0	0.0	0.0	0.0	0.0	0.0	
Puffin fuligineux	0.0	0.0	0.0	0.0	0.0	0.0	0.0	0.0	0.0	0.0	0.0	0.0	0.0	0.0	0.0	0.0	0.0	0.0	0.0	0.0	0.0	0.0	0.0	0.0	0.0	0.0	0.0068027	0.0140845	0.0015	0.0	0.0	0.0	0.0294118	0.025641	0.0116279	0.0015	0.0	0.0	0.0	0.0	0.0	0.0	0.0	0.0	0.0	0.0	0.0	0.0	
Puffin des Anglais	0.0	0.0	0.0	0.0	0.0	0.0	0.0	0.0	0.0	0.0	0.0	0.0	0.0	0.0	0.0	0.0	0.0	0.0	0.0	0.0	0.0	0.0	0.0	0.0107527	0.0	0.0015	0.0068027	0.0140845	0.0015	0.0015	0.0074074	0.0070922	0.0588235	0.0	0.0	0.0	0.0	0.0	0.1153846	0.0	0.0	0.0	0.0294118	0.0	0.0	0.0	0.0	0.0	
Puffin des Baléares	0.0	0.0	0.0	0.0	0.0	0.0	0.0	0.0	0.0	0.0	0.0	0.0	0.0	0.0307692	0.0	0.0	0.0	0.0	0.0	0.0015	0.0	0.0	0.0015	0.0107527	0.0015	0.0015	0.0340136	0.0070423	0.0015	0.0133333	0.0222222	0.0141844	0.0588235	0.0015	0.0232558	0.0240964	0.0188679	0.0015	0.1538462	0.0	0.0	0.0	0.0588235	0.0	0.0	0.0	0.0	0.0	
Calonectris, Ardenna ou Puffinus sp.	0.0	0.0	0.0	0.0	0.0	0.0	0.0	0.0	0.0	0.0	0.0	0.0	0.0	0.0	0.0	0.0102041	0.0	0.0	0.0	0.0	0.0	0.0	0.0	0.0107527	0.0	0.0	0.0	0.0	0.0	0.0	0.0	0.0	0.0	0.0015	0.0	0.0	0.0	0.0	0.0769231	0.0	0.0	0.0	0.0	0.0555556	0.0	0.0	0.0	0.0	
Cigogne noire	0.0	0.0	0.0	0.0	0.0	0.0	0.0	0.0	0.0	0.0	0.0	0.0	0.0	0.0	0.0	0.0	0.0	0.0	0.0	0.0	0.0	0.0	0.0	0.0	0.0	0.0	0.0	0.0	0.0	0.0133333	0.0444444	0.0283688	0.0147059	0.0512821	0.0116279	0.0120482	0.0	0.0	0.0	0.0	0.0	0.0	0.0	0.0	0.0	0.0	0.0	0.0	
Cigogne blanche	0.1	0.125	0.1818182	0.0625	0.1	0.1	0.1052632	0.1666667	0.1935484	0.1081081	0.04	0.2021277	0.1395349	0.2461538	0.0375	0.0510204	0.1206897	0.037037	0.0454545	0.1009174	0.1	0.1551724	0.125	0.0430108	0.0545455	0.0574713	0.0680272	0.056338	0.0978261	0.0533333	0.0962963	0.035461	0.0147059	0.0	0.0116279	0.0	0.0	0.0	0.0384615	0.0015	0.0	0.0434783	0.0	0.0015	0.0	0.0015	0.0	0.0530973	
Fou de Bassan	0.0	0.0015	0.0	0.015625	0.0	0.0	0.0	0.0	0.0	0.027027	0.0	0.0106383	0.0232558	0.0307692	0.0125	0.0510204	0.0015	0.0015	0.0151515	0.0183486	0.0142857	0.0	0.0015	0.0215054	0.0181818	0.0114943	0.0204082	0.056338	0.0015	0.0133333	0.0296296	0.0212766	0.1029412	0.0769231	0.0232558	0.0240964	0.1320755	0.0208333	0.3076923	0.0714286	0.0930233	0.0434783	0.1470588	0.0555556	0.0	0.0263158	0.0952381	0.0353982	
Grand Cormoran	0.5	0.4583333	0.4545455	0.1875	0.32	0.2	0.3508772	0.3125	0.3548387	0.2972973	0.24	0.3085106	0.4418605	0.4461538	0.4	0.3265306	0.2413793	0.2407407	0.2272727	0.2844037	0.2285714	0.362069	0.4375	0.2150538	0.3818182	0.2873563	0.2721088	0.2957746	0.4347826	0.4133333	0.3555556	0.4042553	0.4117647	0.2820513	0.3488372	0.3975904	0.3396226	0.3958333	0.4230769	0.4821429	0.2093023	0.3043478	0.5	0.4444444	0.4444444	0.3684211	0.4285714	0.4955752	
Cormoran huppé	0.0	0.0	0.0	0.0	0.0	0.0	0.0	0.0208333	0.0	0.0015	0.0	0.0	0.0015	0.0153846	0.025	0.0	0.0015	0.0015	0.0151515	0.0	0.0	0.0	0.0	0.0	0.0015	0.0	0.0068027	0.0140845	0.0015	0.0	0.0074074	0.0212766	0.0294118	0.0	0.0116279	0.0015	0.0566038	0.0	0.0769231	0.0178571	0.0015	0.0	0.2352941	0.0	0.0	0.0	0.047619	0.0088496	
Ibis falcinelle	0.0	0.0	0.0	0.0	0.0	0.0	0.0	0.0	0.0015	0.0	0.0	0.0015	0.0232558	0.0	0.0	0.0	0.0172414	0.0	0.0	0.0275229	0.0142857	0.0172414	0.0015	0.0	0.0015	0.0114943	0.0204082	0.0070423	0.0015	0.0266667	0.0222222	0.0070922	0.0	0.025641	0.0232558	0.0	0.0	0.0208333	0.0	0.0	0.0015	0.0	0.0	0.0555556	0.0	0.0	0.0	0.0015	
Ibis sacré	0.0	0.0416667	0.0	0.0	0.0015	0.02	0.0175439	0.0208333	0.0	0.027027	0.0	0.0212766	0.0232558	0.0	0.0	0.0204082	0.0	0.0	0.0	0.0	0.0	0.0	0.0208333	0.0107527	0.0015	0.0	0.0408163	0.0211268	0.0217391	0.0533333	0.0518519	0.0567376	0.0147059	0.025641	0.0465116	0.0361446	0.0566038	0.0015	0.0015	0.0714286	0.0015	0.0434783	0.0294118	0.0015	0.0015	0.0015	0.0	0.0707965	
Spatule blanche	0.0666667	0.125	0.1363636	0.03125	0.06	0.04	0.1052632	0.0833333	0.1290323	0.1351351	0.04	0.0638298	0.0697674	0.1692308	0.1375	0.0102041	0.0517241	0.0185185	0.0151515	0.1009174	0.1	0.0689655	0.0833333	0.0322581	0.0727273	0.045977	0.0612245	0.0492958	0.1304348	0.0933333	0.1777778	0.1560284	0.1617647	0.025641	0.127907	0.060241	0.1509434	0.1041667	0.0769231	0.125	0.0930233	0.0015	0.0882353	0.2222222	0.0015	0.0789474	0.0	0.1327434	
Butor étoilé	0.0	0.0	0.0	0.0	0.0	0.0	0.0	0.0208333	0.0	0.0	0.0	0.0	0.0	0.0	0.0	0.0102041	0.0	0.0	0.0	0.0	0.0	0.0	0.0	0.0	0.0	0.0	0.0	0.0	0.0	0.0	0.0	0.0	0.0	0.0	0.0	0.0	0.0	0.0	0.0	0.0	0.0	0.0	0.0015	0.0	0.0	0.0	0.0	0.0	
Bihoreau gris	0.0	0.0	0.0	0.0	0.0	0.0	0.0	0.0	0.0015	0.0	0.0	0.0	0.0	0.0461538	0.0	0.0204082	0.0517241	0.0015	0.030303	0.0015	0.0142857	0.1206897	0.0	0.0215054	0.0181818	0.0114943	0.0	0.0140845	0.0434783	0.04	0.0222222	0.035461	0.0147059	0.025641	0.0	0.0	0.0188679	0.0	0.0	0.0	0.0	0.0	0.0	0.0	0.0	0.0	0.0	0.0	
Aigrette garzette	0.2	0.4583333	0.3181818	0.171875	0.32	0.12	0.3333333	0.2291667	0.1612903	0.2432432	0.12	0.3085106	0.3488372	0.3384615	0.35	0.3469388	0.2586207	0.1851852	0.3484848	0.3302752	0.2571429	0.3275862	0.4166667	0.311828	0.4	0.3678161	0.4285714	0.4014085	0.5652174	0.6933333	0.4296296	0.4609929	0.3823529	0.7948718	0.5930233	0.5421687	0.5660377	0.5625	0.3846154	0.5178571	0.255814	0.2173913	0.3529412	0.5555556	0.4444444	0.3684211	0.3333333	0.5840708	
Héron garde-boeufs	0.1333333	0.125	0.0454545	0.0625	0.06	0.08	0.0350877	0.0416667	0.0322581	0.0540541	0.12	0.1702128	0.2093023	0.2615385	0.1125	0.2346939	0.1896552	0.0555556	0.2121212	0.2477064	0.2285714	0.1896552	0.2083333	0.1397849	0.1818182	0.1724138	0.170068	0.1971831	0.2934783	0.4133333	0.3259259	0.248227	0.2941176	0.2051282	0.1744186	0.1686747	0.1509434	0.1458333	0.0384615	0.125	0.1395349	0.0869565	0.0294118	0.2222222	0.0555556	0.0526316	0.0952381	0.0619469	
Grande Aigrette	0.2333333	0.2083333	0.2272727	0.15625	0.2	0.2	0.122807	0.25	0.1612903	0.0540541	0.04	0.1489362	0.0697674	0.1538462	0.0375	0.0306122	0.0517241	0.0015	0.0015	0.0091743	0.1142857	0.0689655	0.125	0.0215054	0.0727273	0.0229885	0.0748299	0.084507	0.1304348	0.1066667	0.1185185	0.1134752	0.1470588	0.1282051	0.0697674	0.0843373	0.0754717	0.1041667	0.0015	0.0892857	0.0930233	0.0434783	0.1176471	0.1666667	0.1111111	0.1578947	0.047619	0.1415929	
Héron cendré	0.2333333	0.4166667	0.5	0.234375	0.32	0.26	0.3508772	0.2708333	0.2258065	0.2972973	0.2	0.3617021	0.4883721	0.3076923	0.375	0.255102	0.2758621	0.1111111	0.3787879	0.3211009	0.3	0.4137931	0.4166667	0.2903226	0.3636364	0.2758621	0.3061224	0.2887324	0.4565217	0.5066667	0.4	0.4751773	0.3970588	0.4615385	0.4069767	0.4096386	0.5471698	0.4583333	0.2692308	0.3928571	0.1860465	0.173913	0.3235294	0.4444444	0.5	0.3421053	0.2857143	0.3451327	
Héron pourpré	0.0	0.0	0.0	0.0	0.0	0.0	0.0	0.0	0.0	0.0	0.0	0.0	0.0	0.0153846	0.025	0.0612245	0.0517241	0.0015	0.0606061	0.0550459	0.0142857	0.1206897	0.0833333	0.0215054	0.0015	0.0229885	0.0340136	0.0422535	0.0543478	0.1066667	0.1111111	0.070922	0.0294118	0.0	0.0116279	0.0240964	0.0	0.0	0.0	0.0	0.0	0.0	0.0	0.0	0.0	0.0	0.0	0.0	
Balbuzard pêcheur	0.0	0.0	0.0	0.0	0.0	0.0	0.0	0.0	0.0	0.0	0.0	0.0	0.0232558	0.0461538	0.0	0.0015	0.0	0.0	0.0	0.0091743	0.0015	0.0015	0.0	0.0	0.0	0.0	0.0068027	0.0	0.0108696	0.0533333	0.0074074	0.0638298	0.1029412	0.1538462	0.0930233	0.0120482	0.0015	0.0015	0.0384615	0.0357143	0.0	0.0	0.0588235	0.0555556	0.0	0.0	0.0	0.0088496	
Élanion blanc	0.0666667	0.0015	0.1818182	0.09375	0.0015	0.0015	0.0175439	0.0208333	0.0322581	0.0015	0.0015	0.0	0.0697674	0.0	0.0375	0.0015	0.0172414	0.0015	0.0	0.0091743	0.0	0.0172414	0.0015	0.0107527	0.0015	0.0114943	0.0	0.0015	0.0108696	0.0533333	0.0666667	0.106383	0.0	0.0	0.0116279	0.0240964	0.0377358	0.0015	0.0	0.0714286	0.0232558	0.0869565	0.0015	0.0015	0.0555556	0.0015	0.047619	0.0619469	
Bondrée apivore	0.0	0.0	0.0	0.0	0.0	0.0	0.0	0.0	0.0	0.0	0.0	0.0	0.0015	0.0	0.0	0.0	0.0172414	0.0	0.0151515	0.0091743	0.0015	0.0172414	0.0208333	0.0107527	0.0	0.0	0.0015	0.0015	0.0108696	0.0015	0.0518519	0.035461	0.0294118	0.025641	0.0116279	0.0	0.0188679	0.0	0.0	0.0	0.0	0.0	0.0	0.0	0.0	0.0	0.0	0.0	
Circaète Jean-le-Blanc	0.0	0.0	0.0	0.0	0.0	0.0	0.0	0.0	0.0	0.0	0.04	0.0319149	0.0015	0.0	0.0125	0.0	0.0	0.0015	0.0	0.0015	0.0142857	0.0172414	0.0015	0.0107527	0.0015	0.0114943	0.0068027	0.0015	0.0108696	0.0	0.0148148	0.0212766	0.0147059	0.0015	0.0015	0.0	0.0	0.0	0.0	0.0	0.0	0.0	0.0	0.0	0.0	0.0	0.0	0.0	
Aigle criard	0.0	0.0	0.0	0.0	0.0	0.0	0.0	0.0	0.0	0.0	0.0	0.0015	0.0	0.0	0.0	0.0	0.0	0.0	0.0	0.0	0.0	0.0	0.0	0.0	0.0	0.0	0.0	0.0	0.0	0.0	0.0	0.0	0.0	0.0	0.0	0.0	0.0	0.0	0.0	0.0	0.0	0.0	0.0	0.0	0.0	0.0	0.0	0.0	
Hybride Aigle pomarin x A. criard	0.0	0.0	0.0	0.0	0.0	0.0	0.0	0.0	0.0	0.0	0.0	0.0212766	0.0	0.0153846	0.0	0.0	0.0	0.0	0.0	0.0	0.0	0.0	0.0	0.0	0.0	0.0	0.0	0.0	0.0	0.0	0.0	0.0	0.0	0.0	0.0	0.0	0.0	0.0	0.0	0.0	0.0	0.0	0.0	0.0	0.0	0.0	0.0	0.0	
Aigle botté	0.0	0.0	0.0	0.0	0.0	0.0	0.0	0.0	0.0	0.0	0.0	0.0	0.0	0.0	0.0	0.0	0.0	0.0	0.0	0.0015	0.0	0.0	0.0	0.0	0.0	0.0	0.0	0.0	0.0	0.0	0.0	0.0070922	0.0	0.0	0.0	0.0	0.0	0.0	0.0	0.0	0.0	0.0	0.0	0.0	0.0	0.0	0.0	0.0	
Aigle impérial	0.0	0.0	0.0	0.0	0.0	0.0	0.0	0.0	0.0	0.0	0.0	0.0106383	0.0	0.0	0.0	0.0	0.0	0.0	0.0	0.0	0.0	0.0	0.0	0.0	0.0	0.0	0.0	0.0	0.0	0.0	0.0	0.0	0.0	0.0	0.0	0.0	0.0	0.0	0.0	0.0	0.0	0.0	0.0	0.0	0.0	0.0	0.0	0.0	
Épervier d'Europe	0.0015	0.0416667	0.0454545	0.03125	0.08	0.04	0.0350877	0.0416667	0.0322581	0.0	0.04	0.0425532	0.0232558	0.0615385	0.0125	0.0306122	0.0	0.0015	0.0	0.0091743	0.0142857	0.0015	0.0208333	0.0215054	0.0363636	0.0344828	0.0612245	0.0352113	0.0326087	0.0266667	0.1111111	0.0851064	0.0588235	0.0512821	0.0232558	0.0240964	0.0754717	0.1041667	0.0384615	0.1607143	0.0232558	0.0434783	0.0588235	0.0	0.0	0.0526316	0.047619	0.0265487	
Autour des palombes	0.0	0.0	0.0	0.0	0.0	0.02	0.0175439	0.0015	0.0	0.0	0.04	0.0	0.0	0.0	0.0	0.0	0.0	0.0	0.0	0.0	0.0	0.0015	0.0	0.0	0.0	0.0	0.0	0.0	0.0	0.0	0.0	0.0	0.0	0.0	0.0	0.0	0.0	0.0208333	0.0	0.0	0.0	0.0	0.0	0.0	0.0	0.0	0.047619	0.0088496	
Busard des roseaux	0.1333333	0.3333333	0.2272727	0.078125	0.26	0.12	0.2631579	0.2708333	0.2903226	0.027027	0.04	0.1914894	0.1395349	0.2769231	0.125	0.1428571	0.1206897	0.0555556	0.1363636	0.1284404	0.0714286	0.1206897	0.125	0.1075269	0.0727273	0.1034483	0.047619	0.056338	0.0869565	0.08	0.1407407	0.1914894	0.2352941	0.1282051	0.0930233	0.1445783	0.1132075	0.0015	0.0769231	0.2142857	0.1395349	0.0869565	0.2058824	0.2222222	0.1666667	0.2368421	0.047619	0.1327434	
Busard Saint-Martin	0.0015	0.2083333	0.1363636	0.078125	0.12	0.04	0.0350877	0.1041667	0.0015	0.0015	0.0	0.0212766	0.0465116	0.0153846	0.0375	0.0015	0.0344828	0.0015	0.0454545	0.0091743	0.0015	0.0172414	0.0	0.0	0.0	0.0015	0.0340136	0.0211268	0.0434783	0.04	0.037037	0.035461	0.0882353	0.025641	0.0581395	0.060241	0.0377358	0.0	0.0015	0.1071429	0.1395349	0.0434783	0.0882353	0.1111111	0.0555556	0.1578947	0.047619	0.0265487	
Busard pâle	0.0	0.0015	0.0	0.0	0.0	0.0	0.0	0.0	0.0	0.0	0.0	0.0	0.0	0.0	0.0	0.0	0.0	0.0	0.0	0.0	0.0	0.0	0.0	0.0	0.0	0.0	0.0	0.0	0.0	0.0133333	0.0	0.0	0.0	0.0	0.0	0.0	0.0015	0.0	0.0	0.0178571	0.0232558	0.0	0.0	0.0015	0.0	0.0263158	0.0	0.0	
Busard cendré	0.0	0.0	0.0	0.0	0.0	0.0	0.0	0.0	0.0	0.0	0.0	0.0	0.0015	0.1076923	0.175	0.1836735	0.1206897	0.0185185	0.1969697	0.1376147	0.0285714	0.137931	0.1458333	0.0860215	0.0181818	0.0574713	0.0952381	0.056338	0.0869565	0.08	0.0962963	0.1134752	0.0882353	0.0	0.0116279	0.0240964	0.0	0.0	0.0	0.0	0.0	0.0	0.0	0.0	0.0	0.0	0.0	0.0	
busard sp.	0.0	0.0	0.0	0.0	0.0	0.0	0.0	0.0	0.0	0.0	0.0	0.0	0.0	0.0	0.0	0.0	0.0	0.0	0.0	0.0	0.0428571	0.0172414	0.0	0.0	0.0	0.0	0.0068027	0.0	0.0326087	0.0133333	0.0074074	0.0	0.0	0.0	0.0116279	0.0	0.0	0.0	0.0	0.0	0.0	0.0	0.0	0.0	0.0	0.0	0.0	0.0	
Milan royal	0.0333333	0.0015	0.0454545	0.0015	0.0	0.0	0.0	0.0015	0.0	0.0015	0.0	0.0	0.0	0.0	0.0	0.0	0.0	0.0	0.0	0.0091743	0.0	0.0	0.0	0.0	0.0	0.0	0.0	0.0015	0.0	0.0	0.0148148	0.0	0.0	0.0	0.0	0.0015	0.0	0.0208333	0.0	0.0	0.0	0.0015	0.0	0.0555556	0.1111111	0.0263158	0.0	0.0	
Milan noir	0.0	0.0	0.0	0.0	0.0	0.0	0.0	0.0	0.0	0.0015	0.04	0.2659574	0.0930233	0.2923077	0.175	0.1428571	0.1896552	0.0740741	0.2727273	0.1559633	0.1571429	0.2413793	0.1666667	0.0645161	0.1272727	0.137931	0.1564626	0.0985915	0.1195652	0.16	0.0592593	0.0141844	0.0	0.0	0.0116279	0.0	0.0	0.0208333	0.0	0.0	0.0	0.0	0.0	0.0	0.0	0.0	0.0	0.0	
Buse pattue	0.0	0.0	0.0	0.0	0.0	0.0	0.0	0.0208333	0.0	0.0015	0.0	0.0	0.0	0.0	0.0	0.0	0.0	0.0	0.0	0.0	0.0	0.0	0.0	0.0	0.0	0.0	0.0	0.0	0.0	0.0	0.0	0.0	0.0	0.0	0.0	0.0	0.0	0.0	0.0	0.0	0.0	0.0	0.0	0.0	0.0	0.0	0.0	0.0	
Buse variable	0.3	0.25	0.3636364	0.203125	0.18	0.34	0.1754386	0.25	0.4516129	0.2162162	0.24	0.3723404	0.372093	0.3076923	0.175	0.255102	0.1724138	0.0740741	0.2272727	0.2293578	0.1857143	0.3103448	0.1458333	0.1935484	0.1454545	0.1494253	0.2040816	0.1338028	0.1630435	0.1733333	0.2666667	0.3120567	0.2941176	0.2051282	0.1627907	0.2650602	0.3584906	0.3541667	0.1538462	0.25	0.2093023	0.2173913	0.2058824	0.3333333	0.1666667	0.3157895	0.2380952	0.2212389	
Buteo sp.	0.0	0.0	0.0	0.0	0.0	0.0	0.0	0.0	0.0	0.0	0.0	0.0	0.0	0.0	0.0	0.0	0.0	0.0	0.0	0.0	0.0	0.0	0.0	0.0	0.0	0.0	0.0	0.0	0.0	0.0	0.0	0.0	0.0	0.0	0.0	0.0	0.0	0.0	0.0	0.0	0.0	0.0	0.0	0.0	0.0	0.0	0.047619	0.0	
rapace sp.	0.0	0.0	0.0	0.0	0.0	0.0	0.0	0.0	0.0	0.0	0.0	0.0	0.0465116	0.0	0.0	0.0	0.0	0.0	0.0	0.0091743	0.0	0.0	0.0	0.0	0.0	0.0	0.0136054	0.0	0.0	0.0	0.0	0.0	0.0	0.025641	0.0	0.0	0.0	0.0	0.0	0.0	0.0	0.0	0.0	0.0	0.0	0.0	0.0	0.0	
Effraie des clochers	0.0015	0.0015	0.0909091	0.0	0.06	0.02	0.0015	0.0416667	0.0	0.0015	0.0015	0.0015	0.0015	0.0015	0.0	0.0102041	0.0344828	0.0015	0.0015	0.0015	0.0015	0.0015	0.0	0.0	0.0181818	0.0	0.0	0.0015	0.0015	0.0133333	0.0074074	0.0496454	0.0015	0.025641	0.0116279	0.0120482	0.0754717	0.0015	0.0015	0.0178571	0.0	0.0015	0.0015	0.0	0.0	0.0015	0.047619	0.0015	
Petit-duc scops	0.0	0.0	0.0	0.0	0.0	0.0	0.0	0.0	0.0	0.0	0.0	0.0	0.0	0.0	0.0	0.0204082	0.0015	0.0185185	0.0015	0.0015	0.0	0.0	0.0	0.0107527	0.0	0.0	0.0	0.0070423	0.0015	0.0015	0.0015	0.0015	0.0	0.0	0.0	0.0	0.0	0.0	0.0	0.0	0.0	0.0	0.0	0.0	0.0	0.0	0.0	0.0	
Chevêche d'Athéna	0.0015	0.0416667	0.0015	0.0015	0.02	0.0	0.0015	0.0015	0.0	0.0015	0.0	0.0212766	0.0015	0.0153846	0.0	0.0	0.0344828	0.0015	0.0015	0.0	0.0142857	0.0172414	0.0208333	0.0215054	0.0181818	0.0114943	0.0136054	0.0070423	0.0108696	0.0133333	0.0296296	0.0283688	0.0294118	0.0	0.0	0.0120482	0.0015	0.0208333	0.0384615	0.0357143	0.0465116	0.0	0.0294118	0.0	0.0015	0.0263158	0.047619	0.0015	
Chouette hulotte	0.0	0.0	0.0	0.0015	0.02	0.02	0.0015	0.0	0.0322581	0.0	0.0	0.0	0.0015	0.0	0.0	0.0204082	0.0015	0.0015	0.0	0.0015	0.0	0.0015	0.0015	0.0107527	0.0181818	0.0114943	0.0068027	0.0211268	0.0	0.0015	0.0	0.0015	0.0147059	0.0	0.0348837	0.0015	0.0188679	0.0416667	0.0	0.0015	0.0232558	0.0	0.0015	0.0	0.0	0.0	0.047619	0.0088496	
Hibou moyen-duc	0.0015	0.0015	0.0	0.0	0.08	0.04	0.0	0.0416667	0.0	0.0	0.0015	0.0106383	0.0697674	0.0153846	0.0015	0.0102041	0.0172414	0.0185185	0.030303	0.0183486	0.0015	0.0172414	0.0015	0.0107527	0.0363636	0.0015	0.0	0.0140845	0.0015	0.0015	0.0074074	0.0212766	0.0	0.0	0.0015	0.0	0.0	0.0	0.0	0.0178571	0.0	0.0	0.0	0.0	0.0	0.0263158	0.0	0.0	
Hibou des marais	0.0	0.0833333	0.0909091	0.015625	0.1	0.06	0.0350877	0.0625	0.0322581	0.0015	0.04	0.0106383	0.0232558	0.0015	0.0125	0.0102041	0.0344828	0.037037	0.0015	0.0091743	0.0	0.0172414	0.0015	0.0015	0.0	0.0	0.0	0.0015	0.0326087	0.0533333	0.0222222	0.0283688	0.0147059	0.0015	0.0	0.0120482	0.0188679	0.0015	0.0015	0.0178571	0.0015	0.0	0.0294118	0.0555556	0.0015	0.1315789	0.0015	0.0353982	
Strigiformes sp.	0.0	0.0	0.0	0.0	0.0	0.0	0.0	0.0	0.0	0.0	0.0	0.0	0.0	0.0	0.0	0.0	0.0	0.0	0.0	0.0	0.0	0.0	0.0	0.0	0.0	0.0	0.0	0.0	0.0	0.0	0.0	0.0	0.0	0.0	0.0	0.0	0.0	0.0	0.0	0.0	0.0	0.0	0.0	0.0	0.0	0.0015	0.0	0.0	
Huppe fasciée	0.0	0.0	0.0	0.0	0.0	0.0	0.0	0.0	0.0015	0.0015	0.04	0.0319149	0.0697674	0.1538462	0.0875	0.0612245	0.0344828	0.0740741	0.1060606	0.1009174	0.0714286	0.137931	0.0833333	0.0215054	0.0181818	0.045977	0.047619	0.0211268	0.0434783	0.0266667	0.0888889	0.0425532	0.0147059	0.0512821	0.0	0.0015	0.0	0.0	0.0	0.0	0.0	0.0	0.0	0.0	0.0	0.0	0.0	0.0	
Guêpier d'Europe	0.0	0.0	0.0	0.0	0.0	0.0	0.0	0.0	0.0	0.0	0.0	0.0	0.0	0.0	0.0	0.0	0.0	0.0	0.0015	0.0	0.0	0.0	0.0	0.0	0.0	0.0	0.0	0.0	0.0	0.0133333	0.0	0.0	0.0	0.0	0.0	0.0	0.0	0.0	0.0	0.0	0.0	0.0	0.0	0.0	0.0	0.0	0.0	0.0	
Martin-pêcheur d'Europe	0.0666667	0.0416667	0.0909091	0.0015	0.06	0.02	0.0175439	0.0208333	0.0	0.027027	0.0	0.0531915	0.0015	0.0153846	0.025	0.0015	0.0172414	0.0185185	0.0151515	0.0366972	0.0142857	0.0689655	0.0416667	0.0107527	0.0181818	0.0344828	0.0340136	0.0704225	0.076087	0.0933333	0.0888889	0.1843972	0.1764706	0.1538462	0.2093023	0.1566265	0.1886792	0.3541667	0.1153846	0.2142857	0.1627907	0.0434783	0.0882353	0.0555556	0.1111111	0.0789474	0.1428571	0.079646	
Rollier d'Europe	0.0	0.0	0.0	0.0	0.0	0.0	0.0	0.0	0.0	0.0	0.0	0.0	0.0	0.0	0.0	0.0	0.0	0.0	0.0	0.0	0.0	0.0	0.0	0.0	0.0	0.0	0.0	0.0	0.0	0.0	0.0074074	0.0	0.0	0.0	0.0	0.0	0.0	0.0	0.0	0.0	0.0	0.0	0.0	0.0	0.0	0.0	0.0	0.0	
Torcol fourmilier	0.0	0.0	0.0	0.0	0.0	0.0	0.0	0.0	0.0	0.0	0.0	0.0	0.0	0.0	0.0	0.0	0.0	0.0	0.0	0.0	0.0	0.0	0.0	0.0	0.0	0.0	0.0	0.0	0.0	0.0	0.0222222	0.0141844	0.0441176	0.0	0.0015	0.0	0.0	0.0	0.0	0.0	0.0	0.0	0.0	0.0	0.0	0.0	0.0	0.0	
Pic mar	0.0333333	0.0	0.0454545	0.0	0.0	0.1	0.0175439	0.0208333	0.0322581	0.0	0.0	0.0	0.0	0.0	0.0125	0.0	0.0	0.0	0.0	0.0	0.0	0.0	0.0	0.0	0.0	0.0	0.0	0.0	0.0	0.0	0.0	0.0	0.0	0.0	0.0	0.0	0.0	0.0	0.0	0.0	0.0	0.0434783	0.0	0.0	0.0	0.0263158	0.0	0.0	
Pic épeiche	0.1333333	0.0015	0.0454545	0.015625	0.04	0.16	0.0701754	0.0416667	0.1290323	0.0810811	0.12	0.0319149	0.0465116	0.0307692	0.0375	0.0714286	0.0344828	0.0185185	0.030303	0.0550459	0.0714286	0.0689655	0.0625	0.0645161	0.0363636	0.0344828	0.047619	0.0492958	0.0217391	0.08	0.037037	0.0921986	0.0441176	0.0769231	0.0581395	0.0240964	0.0943396	0.1875	0.0384615	0.0892857	0.0697674	0.0869565	0.0588235	0.0555556	0.0555556	0.0526316	0.2380952	0.0265487	
Dendrocopos sp.	0.0	0.0	0.0	0.0	0.0	0.0	0.0	0.0	0.0	0.0	0.0	0.0	0.0	0.0	0.0	0.0	0.0	0.0	0.0	0.0	0.0	0.0	0.0	0.0	0.0181818	0.0	0.0	0.0	0.0	0.0	0.0	0.0	0.0	0.0	0.0	0.0	0.0	0.0	0.0	0.0	0.0	0.0	0.0	0.0	0.0	0.0	0.0	0.0	
Pic épeichette	0.0666667	0.0	0.0	0.0	0.02	0.02	0.0	0.0015	0.0645161	0.0015	0.08	0.0106383	0.0	0.0	0.0015	0.0102041	0.0	0.0015	0.0	0.0183486	0.0	0.0	0.0015	0.0	0.0	0.0114943	0.0068027	0.0	0.0108696	0.0	0.0222222	0.0212766	0.0441176	0.0015	0.0232558	0.0120482	0.0015	0.0208333	0.0	0.0178571	0.0015	0.0434783	0.0	0.0	0.0	0.0263158	0.0015	0.0	
Pic vert	0.0666667	0.0416667	0.0454545	0.015625	0.08	0.06	0.0350877	0.0833333	0.1290323	0.1891892	0.24	0.1170213	0.1162791	0.0615385	0.075	0.0612245	0.0172414	0.037037	0.0606061	0.0458716	0.0428571	0.0517241	0.0416667	0.0860215	0.0181818	0.137931	0.0748299	0.0633803	0.0434783	0.08	0.0962963	0.0496454	0.0588235	0.0512821	0.0697674	0.0963855	0.0943396	0.2291667	0.0384615	0.0892857	0.0465116	0.1304348	0.0294118	0.0555556	0.0555556	0.0789474	0.0952381	0.0265487	
Pic noir	0.0333333	0.0	0.0015	0.0015	0.0	0.02	0.0175439	0.0	0.0	0.0	0.04	0.0015	0.0	0.0	0.0015	0.0	0.0172414	0.0	0.0151515	0.0	0.0015	0.0344828	0.0208333	0.0	0.0363636	0.0114943	0.0	0.0015	0.0	0.0	0.0015	0.0070922	0.0147059	0.0015	0.0	0.0015	0.0	0.0208333	0.0	0.0178571	0.0	0.0	0.0	0.0	0.0	0.0	0.0015	0.0	
Faucon crécerelle	0.1	0.3333333	0.2272727	0.125	0.3	0.12	0.3333333	0.2083333	0.2258065	0.2162162	0.16	0.2340426	0.3488372	0.4	0.2625	0.2653061	0.2931034	0.0740741	0.2424242	0.266055	0.2	0.2241379	0.3541667	0.1612903	0.1636364	0.2298851	0.2312925	0.2323944	0.3695652	0.4	0.3851852	0.3971631	0.3823529	0.4615385	0.2790698	0.2650602	0.2641509	0.2916667	0.3076923	0.4107143	0.3255814	0.2608696	0.3235294	0.5	0.3888889	0.4736842	0.4761905	0.3185841	
Faucon d'Éléonore	0.0	0.0	0.0	0.0	0.0	0.0	0.0	0.0	0.0	0.0	0.0	0.0	0.0	0.0	0.0	0.0	0.0	0.0	0.0	0.0	0.0	0.0	0.0	0.0	0.0	0.0	0.0	0.0	0.0	0.0015	0.0	0.0070922	0.0	0.0	0.0	0.0	0.0	0.0	0.0	0.0	0.0	0.0	0.0	0.0	0.0	0.0	0.0	0.0	
Faucon émerillon	0.0	0.0416667	0.0454545	0.0015	0.04	0.02	0.0015	0.0	0.0	0.0015	0.0015	0.0106383	0.0015	0.0615385	0.0	0.0102041	0.0	0.0	0.0	0.0	0.0	0.0	0.0	0.0	0.0	0.0	0.0	0.0	0.0	0.0	0.0	0.0	0.0	0.0	0.0116279	0.0	0.0	0.0	0.0	0.0535714	0.0015	0.1304348	0.0294118	0.0555556	0.0555556	0.0263158	0.047619	0.0088496	
Faucon hobereau	0.0	0.0	0.0	0.0	0.0	0.0	0.0	0.0	0.0	0.0	0.0	0.0	0.0	0.0153846	0.0125	0.0015	0.0172414	0.0185185	0.030303	0.0091743	0.0142857	0.0172414	0.0015	0.0107527	0.0363636	0.0229885	0.0408163	0.0352113	0.0434783	0.0933333	0.1037037	0.0851064	0.0882353	0.0015	0.0232558	0.0120482	0.0	0.0416667	0.0384615	0.0	0.0	0.0	0.0	0.0	0.0	0.0	0.0	0.0	
Faucon pèlerin	0.0333333	0.0833333	0.1363636	0.046875	0.08	0.02	0.0175439	0.0416667	0.1290323	0.0015	0.0015	0.0319149	0.0232558	0.0307692	0.0375	0.0102041	0.0172414	0.0185185	0.0	0.0	0.0015	0.0	0.0	0.0	0.0	0.0	0.0068027	0.0	0.0015	0.0015	0.0222222	0.0283688	0.0294118	0.025641	0.0015	0.0240964	0.0	0.0	0.0769231	0.0178571	0.0930233	0.0015	0.0	0.0015	0.0015	0.0263158	0.0	0.0015	
Falco sp.	0.0	0.0	0.0	0.0	0.0	0.0	0.0	0.0	0.0	0.0	0.0	0.0	0.0	0.0	0.0	0.0	0.0	0.0	0.0	0.0	0.0	0.0	0.0	0.0	0.0	0.0	0.0	0.0	0.0	0.0	0.0	0.0	0.0	0.0	0.0	0.0	0.0377358	0.0	0.0	0.0	0.0	0.0	0.0	0.0	0.0	0.0	0.0	0.0	
Calopsitte élégante	0.0	0.0	0.0	0.0	0.0	0.0	0.0	0.0	0.0	0.0	0.0	0.0	0.0	0.0	0.0	0.0	0.0	0.0	0.0	0.0	0.0	0.0	0.0	0.0	0.0	0.0	0.0	0.0	0.0	0.0	0.0	0.0	0.0	0.0	0.0	0.0	0.0	0.0	0.0	0.0	0.0	0.0	0.0	0.0	0.0	0.0015	0.0	0.0	
Perruche à collier	0.0015	0.0	0.0	0.015625	0.0	0.0	0.0	0.0015	0.0	0.0	0.0	0.0106383	0.0	0.0	0.0125	0.0	0.0	0.0	0.0	0.0	0.0	0.0	0.0	0.0	0.0181818	0.0	0.0	0.0	0.0	0.0015	0.0	0.0	0.0	0.0	0.0	0.0	0.0	0.0	0.0015	0.0	0.0	0.0	0.0	0.0	0.0	0.0	0.0	0.0015	
Perruche ondulée	0.0	0.0	0.0	0.0	0.0	0.0	0.0	0.0	0.0	0.0	0.0	0.0	0.0	0.0	0.0	0.0	0.0	0.0	0.0	0.0	0.0	0.0	0.0	0.0107527	0.0	0.0	0.0	0.0	0.0	0.0	0.0	0.0	0.0	0.0	0.0	0.0	0.0	0.0	0.0	0.0	0.0	0.0	0.0	0.0	0.0	0.0	0.0	0.0088496	
Loriot d'Europe	0.0	0.0	0.0	0.0	0.0	0.0	0.0	0.0	0.0	0.0	0.0	0.0	0.0	0.0	0.0	0.0408163	0.0689655	0.037037	0.0454545	0.0275229	0.0571429	0.0862069	0.0208333	0.0752688	0.0545455	0.091954	0.0340136	0.0211268	0.0326087	0.0266667	0.0074074	0.0141844	0.0	0.0	0.0	0.0	0.0	0.0	0.0	0.0	0.0	0.0	0.0	0.0	0.0	0.0	0.0	0.0	
Pie-grièche écorcheur	0.0	0.0	0.0	0.0	0.0	0.0	0.0	0.0	0.0	0.0	0.0	0.0	0.0	0.0	0.0	0.0	0.0172414	0.0015	0.0015	0.0091743	0.0	0.0172414	0.0208333	0.0107527	0.0181818	0.0	0.0	0.0	0.0	0.0015	0.0296296	0.0	0.0	0.0015	0.0	0.0	0.0	0.0	0.0	0.0	0.0	0.0	0.0	0.0	0.0	0.0	0.0	0.0	
Pie-grièche du Turkestan ou P.-g. isabelle	0.0	0.0	0.0	0.0	0.0	0.0	0.0	0.0	0.0	0.0	0.0	0.0	0.0	0.0	0.0	0.0	0.0	0.0	0.0	0.0	0.0	0.0	0.0	0.0	0.0	0.0	0.0	0.0	0.0	0.0	0.0	0.0	0.0	0.0	0.0	0.0	0.0	0.0	0.0	0.0	0.0	0.0434783	0.0	0.0	0.0	0.0	0.0	0.0	
Pie-grièche à tête rousse	0.0	0.0	0.0	0.0	0.0	0.0	0.0	0.0	0.0	0.0	0.0	0.0	0.0	0.0	0.0	0.0	0.0	0.0	0.0	0.0	0.0142857	0.0	0.0	0.0015	0.0	0.0	0.0	0.0	0.0	0.0	0.0074074	0.0070922	0.0	0.0	0.0	0.0	0.0	0.0	0.0	0.0	0.0	0.0	0.0	0.0	0.0	0.0	0.0	0.0	
Geai des chênes	0.1	0.0015	0.0454545	0.03125	0.04	0.12	0.0701754	0.0416667	0.1935484	0.1891892	0.12	0.106383	0.2325581	0.0769231	0.0875	0.1020408	0.0689655	0.0740741	0.0606061	0.1009174	0.1285714	0.1551724	0.1458333	0.0537634	0.0181818	0.1034483	0.1156463	0.1690141	0.0434783	0.1066667	0.0888889	0.0921986	0.0735294	0.0015	0.1162791	0.0843373	0.1886792	0.2291667	0.0384615	0.1964286	0.0697674	0.2608696	0.1176471	0.1666667	0.1111111	0.1315789	0.2380952	0.0176991	
Pie bavarde	0.4333333	0.4166667	0.1363636	0.21875	0.36	0.32	0.3684211	0.3958333	0.3870968	0.2972973	0.2	0.3297872	0.4883721	0.4461538	0.325	0.3061224	0.2758621	0.2407407	0.3484848	0.3027523	0.3142857	0.5	0.375	0.2043011	0.3272727	0.2988506	0.3061224	0.2957746	0.3478261	0.3333333	0.2148148	0.3687943	0.2794118	0.2820513	0.2674419	0.3012048	0.490566	0.375	0.2307692	0.5	0.3255814	0.173913	0.3235294	0.3888889	0.4444444	0.3157895	0.3809524	0.4424779	
Crave à bec rouge	0.0	0.0	0.0	0.0	0.0	0.0	0.0	0.0	0.0	0.0	0.0	0.0	0.0	0.0	0.0	0.0	0.0	0.0	0.0	0.0	0.0	0.0	0.0	0.0	0.0	0.0	0.0	0.0	0.0	0.0	0.0	0.0	0.0	0.0	0.0	0.0015	0.0	0.0	0.0	0.0	0.0	0.0	0.0	0.0	0.0	0.0	0.0	0.0	
Choucas des tours	0.1666667	0.0416667	0.1363636	0.09375	0.16	0.18	0.0877193	0.0833333	0.1612903	0.0540541	0.08	0.1702128	0.2790698	0.1538462	0.05	0.1122449	0.1034483	0.1111111	0.1212121	0.2018349	0.1571429	0.1896552	0.125	0.0430108	0.0909091	0.0344828	0.0612245	0.028169	0.076087	0.0533333	0.0814815	0.070922	0.0147059	0.0769231	0.0697674	0.0240964	0.2830189	0.1875	0.0384615	0.0714286	0.0232558	0.1304348	0.0588235	0.2222222	0.0555556	0.0263158	0.047619	0.1504425	
Corbeau freux	0.0015	0.0416667	0.0454545	0.03125	0.06	0.04	0.0701754	0.0625	0.1290323	0.0540541	0.08	0.0744681	0.1395349	0.0615385	0.0625	0.0204082	0.0689655	0.0740741	0.0454545	0.0642202	0.0571429	0.0517241	0.0208333	0.0015	0.0015	0.0	0.0272109	0.0015	0.0217391	0.0015	0.0296296	0.035461	0.0	0.0015	0.0	0.0120482	0.0015	0.0416667	0.0015	0.0015	0.0232558	0.0015	0.0	0.0555556	0.0015	0.0263158	0.047619	0.0442478	
Corneille noire	0.5666667	0.3333333	0.3181818	0.1875	0.26	0.48	0.2631579	0.3541667	0.3870968	0.4594595	0.32	0.4787234	0.5116279	0.4461538	0.3625	0.3469388	0.2758621	0.2407407	0.2121212	0.4587156	0.3285714	0.3965517	0.3333333	0.2258065	0.3454545	0.3448276	0.3265306	0.2816901	0.423913	0.4	0.2222222	0.2695035	0.2205882	0.4358974	0.2906977	0.2891566	0.3773585	0.4791667	0.4615385	0.5178571	0.4418605	0.4782609	0.3823529	0.5555556	0.2777778	0.3421053	0.5714286	0.3893805	
corneille sp.	0.0	0.0	0.0	0.0	0.0	0.0	0.0	0.0	0.0	0.0	0.0	0.0	0.0	0.0	0.0	0.0	0.0	0.0	0.0	0.0	0.0285714	0.0172414	0.0	0.0	0.0	0.0	0.0	0.0	0.0	0.0	0.0	0.0	0.0	0.0	0.0	0.0	0.0	0.0	0.0	0.0	0.0	0.0	0.0	0.0	0.0	0.0	0.0	0.0	
Mésange noire	0.0	0.0	0.0	0.015625	0.0	0.02	0.0	0.0208333	0.0645161	0.0	0.0015	0.0	0.0	0.0153846	0.0	0.0	0.0015	0.0	0.0	0.0015	0.0	0.0	0.0	0.0	0.0	0.0	0.0	0.0	0.0	0.0	0.0	0.0	0.0	0.0	0.0015	0.0	0.0	0.0	0.0015	0.0535714	0.0	0.0015	0.0	0.0015	0.0	0.0	0.0	0.0	
Mésange huppée	0.0	0.0	0.0	0.03125	0.0	0.0	0.0	0.0	0.0	0.0	0.0	0.0106383	0.0	0.0	0.0125	0.0	0.0	0.0	0.0151515	0.0183486	0.0285714	0.0344828	0.0208333	0.0107527	0.0181818	0.091954	0.1292517	0.0985915	0.0217391	0.0266667	0.0	0.0070922	0.0294118	0.0015	0.0	0.0015	0.0015	0.0208333	0.0	0.0178571	0.0015	0.0	0.0294118	0.0	0.0	0.0	0.0	0.0	
Mésange nonnette	0.0	0.0015	0.0454545	0.0015	0.0015	0.04	0.0526316	0.0208333	0.0322581	0.027027	0.04	0.0106383	0.0232558	0.0	0.0125	0.0102041	0.0015	0.0015	0.0	0.0183486	0.0142857	0.0172414	0.0	0.0107527	0.0	0.0229885	0.0	0.0070423	0.0015	0.0133333	0.0074074	0.0070922	0.0	0.0	0.0015	0.0	0.0015	0.0208333	0.0015	0.0	0.0	0.0434783	0.0294118	0.0	0.0	0.0263158	0.0	0.0015	
Mésange bleue	0.3333333	0.25	0.1363636	0.125	0.2	0.42	0.245614	0.2708333	0.3548387	0.3783784	0.56	0.212766	0.372093	0.2153846	0.2	0.1632653	0.1034483	0.1111111	0.1363636	0.2110092	0.2	0.2068966	0.1041667	0.1827957	0.1090909	0.183908	0.244898	0.2112676	0.1521739	0.1733333	0.1481481	0.1631206	0.2205882	0.1025641	0.1511628	0.1084337	0.2264151	0.3541667	0.1923077	0.3214286	0.1395349	0.3478261	0.4117647	0.2222222	0.1111111	0.2894737	0.3809524	0.159292	
Mésange charbonnière	0.4666667	0.25	0.1818182	0.21875	0.16	0.48	0.2631579	0.2916667	0.3225806	0.4324324	0.56	0.3297872	0.3488372	0.3076923	0.25	0.2244898	0.1724138	0.1851852	0.2424242	0.2385321	0.3	0.2068966	0.1875	0.1397849	0.2	0.2298851	0.170068	0.1408451	0.2173913	0.12	0.1925926	0.2056738	0.2205882	0.1538462	0.2093023	0.1686747	0.2641509	0.375	0.1538462	0.3035714	0.1627907	0.173913	0.2941176	0.1111111	0.1111111	0.1842105	0.4285714	0.2123894	
Rémiz penduline	0.0	0.0	0.0015	0.0015	0.0	0.0	0.0	0.0	0.0	0.0	0.0	0.0	0.0	0.0	0.0	0.0	0.0	0.0	0.0	0.0	0.0	0.0	0.0	0.0	0.0	0.0	0.0	0.0	0.0	0.0	0.0	0.0	0.0	0.0	0.0	0.0	0.0	0.0015	0.0	0.0015	0.0	0.0	0.0	0.0	0.0	0.0	0.0015	0.0088496	
Alouette lulu	0.0	0.0	0.0454545	0.0015	0.0015	0.02	0.0	0.0416667	0.0322581	0.0540541	0.0	0.0015	0.0232558	0.0153846	0.0015	0.0015	0.0	0.0	0.0	0.0015	0.0	0.0172414	0.0	0.0215054	0.0181818	0.0114943	0.0	0.0	0.0	0.0133333	0.0	0.0	0.0	0.0	0.0015	0.0015	0.0377358	0.0416667	0.0	0.0892857	0.0232558	0.0	0.0	0.0	0.0	0.0	0.0	0.0	
Alouette des champs	0.1	0.25	0.2272727	0.03125	0.2	0.1	0.1754386	0.3125	0.1612903	0.1081081	0.04	0.2021277	0.3023256	0.4	0.175	0.1938776	0.1551724	0.1481481	0.1969697	0.146789	0.0714286	0.1896552	0.1875	0.1075269	0.0909091	0.0804598	0.0952381	0.056338	0.0217391	0.08	0.0592593	0.0638298	0.0294118	0.025641	0.0116279	0.060241	0.0566038	0.1666667	0.1538462	0.2678571	0.3255814	0.0869565	0.2352941	0.2777778	0.0	0.1578947	0.0	0.079646	
Cochevis huppé	0.0	0.0	0.0	0.015625	0.02	0.02	0.0	0.0	0.0	0.0	0.0015	0.0212766	0.0	0.0307692	0.0125	0.0204082	0.0172414	0.0	0.0015	0.0275229	0.0571429	0.0172414	0.0208333	0.0107527	0.0181818	0.0114943	0.0068027	0.0070423	0.0015	0.0	0.0074074	0.0070922	0.0441176	0.025641	0.0116279	0.0	0.0015	0.0833333	0.0384615	0.0178571	0.1395349	0.0434783	0.0294118	0.0555556	0.0	0.0263158	0.0015	0.0176991	
Alouette calandrelle	0.0	0.0	0.0	0.0	0.0	0.0	0.0	0.0	0.0	0.0	0.0	0.0	0.0	0.0	0.0	0.0	0.0	0.0	0.0	0.0	0.0	0.0172414	0.0	0.0	0.0	0.0	0.0	0.0	0.0	0.0	0.0	0.0	0.0	0.0	0.0	0.0	0.0	0.0	0.0	0.0	0.0	0.0	0.0	0.0	0.0	0.0	0.0	0.0	
Panure à moustaches	0.0	0.0	0.0	0.0	0.0	0.0	0.0	0.0	0.0	0.0	0.0	0.0	0.0	0.0	0.0	0.0	0.0	0.0	0.0151515	0.0	0.0	0.0	0.0	0.0	0.0	0.0	0.0	0.0	0.0	0.0	0.0	0.0	0.0	0.0	0.0	0.0	0.0	0.0	0.0	0.0	0.0	0.0	0.0	0.0	0.0	0.0	0.0	0.0	
Cisticole des joncs	0.0	0.0416667	0.0909091	0.046875	0.1	0.08	0.0701754	0.1458333	0.0322581	0.027027	0.04	0.1808511	0.3255814	0.2769231	0.275	0.2857143	0.2931034	0.1111111	0.2878788	0.2385321	0.2285714	0.2068966	0.2708333	0.2473118	0.2181818	0.2413793	0.2857143	0.2253521	0.3586957	0.2933333	0.2592593	0.212766	0.1911765	0.2051282	0.1395349	0.1084337	0.1320755	0.0625	0.0384615	0.1071429	0.1162791	0.0434783	0.0294118	0.1111111	0.0	0.0263158	0.1904762	0.0265487	
Hypolaïs polyglotte	0.0	0.0	0.0	0.0	0.0	0.0	0.0	0.0	0.0	0.0	0.0	0.0	0.0	0.0153846	0.025	0.0612245	0.137931	0.1111111	0.1969697	0.1559633	0.1857143	0.1896552	0.1666667	0.1075269	0.1636364	0.0344828	0.0544218	0.056338	0.0652174	0.0133333	0.037037	0.0015	0.0441176	0.0	0.0	0.0015	0.0	0.0	0.0	0.0	0.0	0.0	0.0	0.0	0.0	0.0	0.0	0.0	
Phragmite aquatique	0.0	0.0	0.0	0.0	0.0	0.0	0.0	0.0	0.0	0.0	0.0	0.0	0.0	0.0	0.0	0.0	0.0	0.0	0.0	0.0	0.0	0.0	0.0	0.0	0.0	0.0	0.0	0.0	0.0	0.04	0.0222222	0.0425532	0.0	0.0	0.0	0.0	0.0	0.0	0.0	0.0	0.0	0.0	0.0	0.0	0.0	0.0	0.0	0.0	
Phragmite des joncs	0.0	0.0	0.0	0.0	0.0	0.0	0.0	0.0	0.0	0.0	0.0	0.0015	0.0232558	0.0307692	0.0375	0.0102041	0.0689655	0.0015	0.0151515	0.0183486	0.0	0.0344828	0.0416667	0.0	0.0	0.0015	0.0068027	0.0015	0.0434783	0.08	0.037037	0.0567376	0.0147059	0.0	0.0	0.0	0.0	0.0	0.0	0.0	0.0	0.0	0.0	0.0	0.0	0.0	0.0	0.0	
Rousserolle effarvatte	0.0	0.0	0.0	0.0	0.0	0.0	0.0	0.0	0.0	0.0	0.0	0.0	0.0	0.0	0.05	0.0612245	0.0344828	0.0555556	0.0909091	0.1100917	0.0428571	0.1206897	0.0833333	0.0322581	0.0181818	0.045977	0.0272109	0.0070423	0.0434783	0.04	0.0296296	0.0283688	0.0735294	0.0015	0.0	0.0120482	0.0566038	0.125	0.0015	0.0357143	0.0	0.0	0.0	0.0	0.0	0.0	0.0	0.0	
Rousserolle verderolle ou R. effarvatte	0.0	0.0	0.0	0.0	0.0	0.0	0.0	0.0	0.0	0.0	0.0	0.0	0.0	0.0	0.0	0.0	0.0	0.0	0.0	0.0	0.0	0.0	0.0	0.0	0.0	0.0	0.0	0.0	0.0	0.0	0.0	0.0	0.0	0.0	0.0	0.0	0.0	0.0	0.0	0.0	0.0015	0.0	0.0	0.0	0.0	0.0	0.0	0.0	
Rousserolle turdoïde	0.0	0.0	0.0	0.0	0.0	0.0	0.0	0.0	0.0	0.0	0.0	0.0	0.0	0.0	0.0	0.0	0.0172414	0.0	0.0	0.0	0.0	0.0	0.0	0.0	0.0	0.0	0.0	0.0070423	0.0	0.0	0.0	0.0	0.0	0.0	0.0	0.0	0.0	0.0	0.0	0.0	0.0	0.0	0.0	0.0	0.0	0.0	0.0	0.0	
Locustelle luscinioïde	0.0	0.0	0.0	0.0	0.0	0.0	0.0	0.0	0.0	0.0	0.0	0.0	0.0	0.0	0.0	0.0	0.0	0.0	0.0	0.0	0.0	0.0172414	0.0	0.0	0.0	0.0	0.0	0.0	0.0	0.0	0.0	0.0070922	0.0	0.0	0.0	0.0	0.0	0.0	0.0	0.0	0.0	0.0	0.0	0.0	0.0	0.0	0.0	0.0	
Locustelle tachetée	0.0	0.0	0.0	0.0	0.0	0.0	0.0	0.0	0.0	0.0	0.0	0.0	0.0	0.0	0.0	0.0	0.0	0.0	0.0	0.0	0.0	0.0	0.0015	0.0	0.0	0.0	0.0	0.0015	0.0	0.0133333	0.0074074	0.035461	0.0	0.0	0.0	0.0	0.0	0.0208333	0.0	0.0	0.0	0.0	0.0	0.0	0.0	0.0	0.0	0.0	
Hirondelle de rivage	0.0	0.0	0.0	0.0	0.0	0.0	0.0	0.0	0.0	0.027027	0.0015	0.1702128	0.1395349	0.2461538	0.1375	0.0714286	0.0689655	0.0	0.030303	0.0	0.0142857	0.0172414	0.0	0.0215054	0.0363636	0.1034483	0.0884354	0.0774648	0.1521739	0.24	0.2074074	0.141844	0.2205882	0.1025641	0.0813953	0.0361446	0.0	0.0	0.0	0.0	0.0	0.0	0.0	0.0	0.0	0.0	0.0	0.0	
Hirondelle rustique	0.0	0.0015	0.0	0.0	0.0	0.0	0.0	0.0	0.0015	0.027027	0.04	0.4361702	0.4186047	0.5076923	0.5625	0.4081633	0.4137931	0.1851852	0.3181818	0.3761468	0.3714286	0.4827586	0.375	0.2903226	0.4181818	0.4367816	0.4285714	0.3309859	0.5434783	0.48	0.4296296	0.4042553	0.4117647	0.3076923	0.2906977	0.2771084	0.1886792	0.1041667	0.0769231	0.0535714	0.0015	0.0	0.0	0.0015	0.0	0.0015	0.0	0.0	
Hirondelle de fenêtre	0.0	0.0	0.0	0.0	0.0	0.0	0.0	0.0	0.0	0.0	0.0015	0.0319149	0.0697674	0.0615385	0.075	0.0612245	0.0344828	0.037037	0.0757576	0.1559633	0.1	0.1551724	0.0833333	0.0322581	0.1090909	0.091954	0.2040816	0.1690141	0.2065217	0.1466667	0.1777778	0.0921986	0.0882353	0.025641	0.0697674	0.0120482	0.0015	0.0015	0.0	0.0	0.0	0.0	0.0	0.0	0.0	0.0	0.0	0.0	
Hybride Hirondelle rustique x H. de fenêtre	0.0	0.0	0.0	0.0	0.0	0.0	0.0	0.0	0.0	0.0	0.0	0.0	0.0	0.0	0.0	0.0	0.0	0.0	0.0	0.0	0.0	0.0	0.0	0.0	0.0015	0.0	0.0	0.0	0.0	0.0	0.0	0.0	0.0	0.0	0.0	0.0	0.0	0.0	0.0	0.0	0.0	0.0	0.0	0.0	0.0	0.0	0.0	0.0	
hirondelle sp.	0.0	0.0	0.0	0.0	0.0	0.0	0.0	0.0	0.0	0.0	0.0	0.0	0.0232558	0.0	0.0	0.0	0.0	0.0	0.0	0.0	0.0	0.0	0.0208333	0.0	0.0	0.0114943	0.0	0.0	0.0108696	0.0	0.0	0.0	0.0	0.0	0.0116279	0.0	0.0	0.0	0.0	0.0	0.0	0.0	0.0	0.0	0.0	0.0	0.0	0.0	
Pouillot de Bonelli	0.0	0.0	0.0	0.0	0.0	0.0	0.0	0.0	0.0	0.0	0.0	0.0	0.0	0.0	0.0125	0.0102041	0.0	0.0	0.0	0.0	0.0142857	0.0015	0.0	0.0	0.0	0.0	0.0	0.0	0.0108696	0.0	0.0	0.0	0.0	0.0	0.0	0.0	0.0	0.0	0.0	0.0	0.0	0.0	0.0	0.0	0.0	0.0	0.0	0.0	
Pouillot à grands sourcils	0.0015	0.0	0.0	0.0	0.0	0.0	0.0	0.0	0.0	0.0	0.0	0.0	0.0	0.0	0.0	0.0	0.0	0.0	0.0	0.0	0.0	0.0	0.0	0.0	0.0	0.0	0.0	0.0	0.0	0.0	0.0	0.0	0.0	0.0	0.0	0.0	0.0015	0.0015	0.0384615	0.0178571	0.0	0.0	0.0294118	0.0	0.0	0.0	0.0	0.0	
Pouillot de Hume	0.0015	0.0	0.0	0.0	0.0015	0.0015	0.0175439	0.0015	0.0	0.0	0.0	0.0	0.0	0.0	0.0	0.0	0.0	0.0	0.0	0.0	0.0	0.0	0.0	0.0	0.0	0.0	0.0	0.0	0.0	0.0	0.0	0.0	0.0	0.0	0.0	0.0	0.0	0.0	0.0	0.0	0.0	0.0	0.0	0.0	0.0	0.0	0.0	0.0	
Pouillot de Pallas	0.0	0.0	0.0	0.0	0.0	0.0	0.0	0.0	0.0	0.0	0.0	0.0	0.0	0.0	0.0	0.0	0.0	0.0	0.0	0.0	0.0	0.0	0.0	0.0	0.0	0.0	0.0	0.0	0.0	0.0	0.0	0.0	0.0	0.0	0.0	0.0	0.0	0.0	0.0	0.0178571	0.0	0.0	0.0	0.0	0.0	0.0	0.0	0.0	
Pouillot fitis	0.0	0.0	0.0	0.0	0.0	0.0	0.0	0.0	0.0322581	0.027027	0.0	0.0744681	0.0232558	0.0307692	0.0	0.0408163	0.0	0.0015	0.0015	0.0183486	0.0142857	0.0	0.0015	0.0	0.0	0.0	0.0	0.0140845	0.0543478	0.1466667	0.1259259	0.1985816	0.3088235	0.1025641	0.1860465	0.1807229	0.0377358	0.0208333	0.0015	0.0357143	0.0	0.0	0.0	0.0	0.0	0.0	0.0	0.0	
Pouillot véloce	0.2	0.0833333	0.0454545	0.03125	0.18	0.16	0.1754386	0.2916667	0.3870968	0.4594595	0.44	0.4148936	0.5813953	0.2153846	0.3625	0.255102	0.2241379	0.2777778	0.1969697	0.2477064	0.3142857	0.3103448	0.25	0.2043011	0.2545455	0.137931	0.1428571	0.1408451	0.0652174	0.2133333	0.1777778	0.177305	0.2205882	0.1025641	0.1511628	0.2289157	0.5283019	0.625	0.3461538	0.4464286	0.3255814	0.2608696	0.2941176	0.2777778	0.1111111	0.1315789	0.3333333	0.2477876	
Pouillot ibérique	0.0	0.0	0.0	0.0	0.0	0.0	0.0	0.0	0.0	0.0	0.0	0.0	0.0	0.0	0.0015	0.0015	0.0	0.0	0.0	0.0	0.0	0.0	0.0	0.0	0.0	0.0	0.0	0.0	0.0	0.0	0.0	0.0	0.0	0.0	0.0	0.0	0.0	0.0	0.0	0.0	0.0	0.0	0.0	0.0	0.0	0.0	0.0	0.0	
pouillot sp.	0.0	0.0	0.0	0.0	0.0	0.0	0.0	0.0	0.0	0.0	0.0	0.0	0.0	0.0	0.0	0.0	0.0	0.0	0.0	0.0	0.0	0.0	0.0	0.0	0.0	0.0	0.0	0.0	0.0	0.0	0.0074074	0.0	0.0	0.0	0.0	0.0	0.0	0.0	0.0	0.0	0.0	0.0	0.0	0.0	0.0	0.0	0.0	0.0	
Bouscarle de Cetti	0.0666667	0.0833333	0.0909091	0.046875	0.14	0.08	0.1052632	0.1666667	0.0322581	0.1891892	0.08	0.2553191	0.372093	0.1846154	0.3125	0.2755102	0.2241379	0.1481481	0.2424242	0.2201835	0.1857143	0.137931	0.1458333	0.1290323	0.0909091	0.0574713	0.0680272	0.0422535	0.0543478	0.12	0.1259259	0.1843972	0.2205882	0.1282051	0.1511628	0.2048193	0.3773585	0.3958333	0.1923077	0.1964286	0.1627907	0.1304348	0.2941176	0.1666667	0.0	0.0526316	0.1904762	0.1150442	
Orite à longue queue	0.0666667	0.0416667	0.1818182	0.0625	0.04	0.2	0.1052632	0.1041667	0.1612903	0.0810811	0.12	0.0638298	0.1627907	0.0461538	0.1	0.0408163	0.0344828	0.037037	0.030303	0.0275229	0.0714286	0.1206897	0.0416667	0.0430108	0.0363636	0.0574713	0.0612245	0.0492958	0.0652174	0.0266667	0.0592593	0.0638298	0.0882353	0.0015	0.0232558	0.0481928	0.0943396	0.2708333	0.0384615	0.1607143	0.0930233	0.0869565	0.1176471	0.0555556	0.0555556	0.0526316	0.2380952	0.0530973	
Fauvette à tête noire	0.0666667	0.0416667	0.0454545	0.015625	0.06	0.04	0.0175439	0.0208333	0.0645161	0.0540541	0.2	0.3191489	0.5116279	0.3076923	0.325	0.2653061	0.1724138	0.2222222	0.2727273	0.266055	0.3285714	0.2931034	0.25	0.2580645	0.2363636	0.2298851	0.2244898	0.1408451	0.0869565	0.0666667	0.0888889	0.1914894	0.0588235	0.0769231	0.0930233	0.0722892	0.1698113	0.25	0.0769231	0.1071429	0.1395349	0.0	0.1764706	0.0	0.0555556	0.0	0.047619	0.0	
Fauvette des jardins	0.0	0.0	0.0	0.0	0.0	0.0	0.0	0.0	0.0	0.0	0.0	0.0	0.0	0.0153846	0.0375	0.0612245	0.0015	0.0555556	0.0454545	0.0366972	0.0142857	0.1034483	0.0416667	0.0430108	0.0363636	0.0229885	0.0068027	0.0070423	0.0217391	0.0	0.0148148	0.0141844	0.0147059	0.0015	0.0	0.0	0.0	0.0208333	0.0	0.0178571	0.0	0.0	0.0	0.0	0.0	0.0	0.0	0.0	
Fauvette naine	0.0	0.0	0.0	0.0	0.0	0.0	0.0	0.0	0.0	0.0	0.0	0.0106383	0.0015	0.0	0.0	0.0	0.0	0.0	0.0	0.0	0.0	0.0	0.0	0.0	0.0	0.0	0.0	0.0	0.0	0.0	0.0	0.0	0.0	0.0	0.0	0.0	0.0	0.0	0.0	0.0	0.0	0.0	0.0	0.0	0.0	0.0	0.0	0.0	
Fauvette grisette	0.0	0.0	0.0	0.0	0.0	0.0	0.0	0.0	0.0	0.0	0.0	0.0	0.0930233	0.2	0.35	0.2755102	0.1896552	0.1111111	0.2272727	0.146789	0.1428571	0.1551724	0.1875	0.0967742	0.0727273	0.0229885	0.0884354	0.028169	0.0652174	0.08	0.0666667	0.070922	0.0735294	0.0015	0.0465116	0.0	0.0188679	0.0	0.0	0.0178571	0.0	0.0	0.0	0.0	0.0	0.0	0.0	0.0	
Fauvette pitchou	0.0	0.0	0.0	0.0	0.0	0.0	0.0	0.0	0.0	0.0	0.0	0.0	0.0	0.0	0.025	0.0	0.0	0.0	0.0	0.0015	0.0	0.0	0.0	0.0	0.0	0.0114943	0.0	0.0	0.0	0.0	0.0	0.0070922	0.0	0.0	0.0	0.0	0.0188679	0.0	0.0384615	0.0178571	0.0	0.0015	0.0588235	0.0555556	0.0	0.0263158	0.0	0.0088496	
Passeriformes sp. (fauvette de l'ancien monde sp.)	0.0	0.0	0.0	0.0	0.0	0.0	0.0	0.0	0.0	0.0	0.0	0.0	0.0	0.0	0.0	0.0	0.0	0.0	0.0	0.0	0.0	0.0	0.0	0.0	0.0	0.0	0.0	0.0	0.0	0.0	0.0074074	0.0	0.0	0.0	0.0	0.0	0.0	0.0	0.0	0.0	0.0	0.0	0.0	0.0	0.0	0.0	0.0	0.0	
Roitelet huppé	0.0666667	0.0	0.0454545	0.0	0.02	0.02	0.0350877	0.0015	0.0322581	0.027027	0.0	0.0106383	0.0	0.0	0.0	0.0	0.0	0.0015	0.0	0.0091743	0.0	0.0	0.0	0.0	0.0181818	0.0114943	0.0068027	0.0140845	0.0	0.0133333	0.0	0.0015	0.0147059	0.0015	0.0	0.0	0.0	0.125	0.0384615	0.0892857	0.0465116	0.0434783	0.1176471	0.0555556	0.0555556	0.0263158	0.1428571	0.0353982	
Roitelet à triple bandeau	0.1	0.0416667	0.0909091	0.046875	0.06	0.16	0.0877193	0.1041667	0.1935484	0.1081081	0.04	0.0638298	0.0465116	0.0615385	0.075	0.0510204	0.0344828	0.037037	0.0151515	0.1009174	0.1571429	0.0517241	0.0416667	0.0322581	0.0727273	0.045977	0.1496599	0.1126761	0.0434783	0.0533333	0.0222222	0.0212766	0.0735294	0.1025641	0.0465116	0.0722892	0.245283	0.3541667	0.1153846	0.3214286	0.1162791	0.0869565	0.2647059	0.0	0.1111111	0.0789474	0.1904762	0.0530973	
Roitelet huppé ou R. à triple bandeau	0.0	0.0	0.0	0.0	0.0	0.0	0.0	0.0	0.0	0.0	0.0	0.0	0.0	0.0	0.0	0.0	0.0	0.0	0.0	0.0	0.0	0.0	0.0	0.0	0.0	0.0	0.0	0.0	0.0	0.0	0.0	0.0015	0.0	0.0	0.0	0.0	0.0	0.0	0.0	0.0	0.0	0.0	0.0	0.0	0.0	0.0	0.0	0.0	
Sittelle torchepot	0.0666667	0.0015	0.0454545	0.0015	0.02	0.1	0.0526316	0.0625	0.0967742	0.1621622	0.2	0.0212766	0.0465116	0.0307692	0.025	0.0204082	0.0172414	0.0	0.0151515	0.0642202	0.0571429	0.0689655	0.0208333	0.0215054	0.0	0.0	0.0	0.0211268	0.0108696	0.0133333	0.0074074	0.0141844	0.0294118	0.025641	0.0465116	0.0240964	0.0	0.0	0.0015	0.0178571	0.0	0.0869565	0.0	0.0	0.0555556	0.0263158	0.0952381	0.0088496	
Grimpereau des jardins	0.1333333	0.0015	0.0454545	0.015625	0.1	0.22	0.0877193	0.125	0.1612903	0.0810811	0.16	0.0957447	0.0697674	0.0923077	0.1	0.0612245	0.0517241	0.037037	0.0757576	0.1192661	0.1571429	0.1551724	0.1041667	0.0967742	0.0363636	0.1034483	0.122449	0.084507	0.0434783	0.0533333	0.0296296	0.0638298	0.0882353	0.0	0.0348837	0.0240964	0.0377358	0.0833333	0.0015	0.0357143	0.0232558	0.0434783	0.0588235	0.1111111	0.0555556	0.0526316	0.1428571	0.0176991	
Grimpereau des bois ou G. des jardins	0.0	0.0	0.0	0.0	0.0	0.0	0.0	0.0	0.0	0.0	0.0	0.0106383	0.0232558	0.0	0.0	0.0	0.0	0.0	0.0	0.0	0.0	0.0	0.0	0.0	0.0	0.0	0.0015	0.0	0.0	0.0	0.0	0.0015	0.0	0.0	0.0	0.0	0.0	0.0	0.0	0.0	0.0	0.0	0.0	0.0	0.0	0.0	0.0	0.0	
Troglodyte mignon	0.2	0.0416667	0.0454545	0.0625	0.2	0.28	0.122807	0.1458333	0.2580645	0.1621622	0.28	0.1170213	0.1627907	0.1076923	0.1125	0.1020408	0.0517241	0.0740741	0.1212121	0.1009174	0.1142857	0.2068966	0.0625	0.0967742	0.1090909	0.0114943	0.0544218	0.028169	0.0869565	0.0266667	0.0518519	0.0212766	0.0015	0.025641	0.0581395	0.0361446	0.1132075	0.2291667	0.0769231	0.1607143	0.1860465	0.2173913	0.3235294	0.2777778	0.0555556	0.1578947	0.3333333	0.1238938	
Étourneau sansonnet	0.4	0.4583333	0.4090909	0.296875	0.3	0.48	0.3333333	0.4375	0.3548387	0.3513514	0.16	0.3404255	0.4651163	0.4307692	0.3375	0.2959184	0.3275862	0.2407407	0.3636364	0.3761468	0.4	0.4310345	0.4166667	0.2580645	0.3636364	0.2758621	0.2857143	0.2464789	0.4130435	0.4266667	0.362963	0.3404255	0.3088235	0.3589744	0.2674419	0.2891566	0.3018868	0.4375	0.2307692	0.5	0.3488372	0.2173913	0.3823529	0.6111111	0.6111111	0.3157895	0.4285714	0.380531	
Étourneau unicolore	0.0	0.0	0.0	0.0	0.0	0.0	0.0	0.0	0.0	0.0	0.0	0.0	0.0	0.0	0.0	0.0	0.0	0.0	0.0	0.0	0.0	0.0	0.0	0.0	0.0	0.0	0.0	0.0	0.0	0.0015	0.0	0.0	0.0	0.0	0.0	0.0	0.0	0.0	0.0	0.0	0.0	0.0	0.0	0.0	0.0	0.0	0.0	0.0	
Étourneau sansonnet ou É. unicolore	0.0	0.0	0.0	0.0	0.0	0.0	0.0	0.0	0.0	0.0	0.0	0.0	0.0	0.0	0.0	0.0	0.0	0.0	0.0	0.0	0.0142857	0.0	0.0	0.0	0.0	0.0	0.0	0.0	0.0	0.0	0.0	0.0	0.0	0.0	0.0	0.0	0.0	0.0	0.0	0.0	0.0	0.0	0.0	0.0	0.0	0.0	0.0	0.0	
Grive draine	0.1	0.0015	0.0015	0.03125	0.02	0.1	0.0526316	0.0416667	0.0967742	0.0810811	0.04	0.0212766	0.0232558	0.0307692	0.0125	0.0102041	0.0344828	0.0185185	0.0151515	0.0091743	0.0142857	0.0172414	0.0015	0.0215054	0.0	0.0	0.0	0.0070423	0.0	0.0	0.0074074	0.0070922	0.0294118	0.0	0.0015	0.0	0.0377358	0.0833333	0.0384615	0.0535714	0.0015	0.0	0.0	0.0555556	0.0555556	0.0263158	0.0	0.0265487	
Grive musicienne	0.1333333	0.1666667	0.0909091	0.0625	0.24	0.34	0.1578947	0.0833333	0.2258065	0.1891892	0.2	0.1382979	0.255814	0.1230769	0.125	0.0816327	0.0689655	0.037037	0.1060606	0.1559633	0.1571429	0.2241379	0.1666667	0.1612903	0.0727273	0.1264368	0.0816327	0.028169	0.0217391	0.0266667	0.0074074	0.0070922	0.0441176	0.0	0.0232558	0.0240964	0.0943396	0.375	0.1153846	0.2142857	0.1162791	0.0434783	0.2647059	0.1111111	0.1111111	0.2105263	0.0952381	0.0442478	
Grive mauvis	0.1	0.0416667	0.0015	0.015625	0.02	0.1	0.0526316	0.0208333	0.0322581	0.0	0.04	0.0015	0.0232558	0.0	0.0	0.0	0.0	0.0	0.0	0.0	0.0	0.0	0.0	0.0	0.0	0.0	0.0	0.0	0.0	0.0	0.0	0.0	0.0	0.0	0.0	0.0120482	0.0	0.0416667	0.1153846	0.0892857	0.0930233	0.1304348	0.1470588	0.0	0.0	0.1315789	0.047619	0.0176991	
Merle noir	0.4	0.25	0.3636364	0.171875	0.28	0.48	0.245614	0.2291667	0.2580645	0.3783784	0.56	0.2978723	0.5116279	0.3076923	0.3625	0.3571429	0.3448276	0.4444444	0.3181818	0.5045872	0.4571429	0.3965517	0.3333333	0.2688172	0.4181818	0.3333333	0.3605442	0.2464789	0.173913	0.1466667	0.1407407	0.1843972	0.1323529	0.1025641	0.1627907	0.1566265	0.2641509	0.4166667	0.2307692	0.375	0.3023256	0.2173913	0.3823529	0.2777778	0.3333333	0.3421053	0.5238095	0.2654867	
Grive litorne	0.0	0.0	0.0015	0.0	0.0	0.0	0.0	0.0015	0.0	0.0	0.0	0.0015	0.0232558	0.0	0.0	0.0	0.0	0.0	0.0	0.0	0.0	0.0	0.0	0.0	0.0	0.0	0.0	0.0	0.0	0.0	0.0	0.0	0.0	0.0	0.0	0.0	0.0	0.0	0.0	0.0178571	0.0	0.0434783	0.0294118	0.0	0.0	0.0015	0.0	0.0	
Merle à plastron	0.0	0.0	0.0	0.0	0.0	0.0	0.0	0.0	0.0	0.0	0.0	0.0212766	0.0	0.0015	0.0015	0.0015	0.0	0.0	0.0	0.0	0.0	0.0	0.0	0.0	0.0	0.0	0.0	0.0	0.0	0.0	0.0	0.0	0.0	0.0	0.0	0.0	0.0	0.0	0.0015	0.0357143	0.0	0.0	0.0	0.0	0.0	0.0	0.0	0.0	
Turdus sp.	0.0	0.0	0.0	0.0	0.0	0.0	0.0	0.0	0.0	0.0	0.0	0.0	0.0	0.0	0.0	0.0	0.0	0.0	0.0	0.0	0.0	0.0	0.0	0.0	0.0	0.0	0.0	0.0	0.0	0.0	0.0	0.0	0.0	0.0	0.0	0.0	0.0	0.0	0.0	0.0178571	0.0	0.0	0.0	0.0	0.0	0.0	0.0	0.0	
Gobemouche gris	0.0	0.0	0.0	0.0	0.0	0.0	0.0	0.0	0.0	0.0	0.0	0.0	0.0	0.0	0.0	0.0	0.0172414	0.0015	0.0151515	0.0458716	0.0285714	0.0517241	0.0	0.0537634	0.0181818	0.0114943	0.0068027	0.0070423	0.0326087	0.0666667	0.0740741	0.0780142	0.0882353	0.0512821	0.0697674	0.0481928	0.0377358	0.0208333	0.0	0.0	0.0	0.0	0.0	0.0	0.0	0.0	0.0	0.0	
Rougegorge familier	0.4333333	0.3333333	0.3636364	0.203125	0.32	0.58	0.3157895	0.2708333	0.3548387	0.4054054	0.52	0.3085106	0.3953488	0.1692308	0.25	0.2346939	0.1206897	0.1111111	0.1969697	0.2844037	0.3142857	0.137931	0.1666667	0.2150538	0.2	0.1034483	0.1020408	0.0985915	0.1195652	0.0933333	0.1185185	0.1843972	0.2205882	0.1025641	0.3255814	0.2771084	0.5471698	0.7291667	0.4615385	0.5714286	0.4651163	0.6956522	0.7352941	0.5555556	0.6111111	0.4210526	0.6190476	0.3628319	
Rossignol philomèle	0.0	0.0	0.0	0.0	0.0	0.0	0.0	0.0	0.0	0.0	0.0	0.0106383	0.1860465	0.1846154	0.1875	0.1734694	0.1034483	0.1111111	0.0909091	0.1192661	0.1571429	0.0689655	0.0416667	0.0107527	0.0	0.0015	0.0204082	0.028169	0.0015	0.0133333	0.0222222	0.0141844	0.0147059	0.0	0.0	0.0	0.0	0.0	0.0	0.0	0.0	0.0	0.0	0.0	0.0	0.0	0.0	0.0	
Gorgebleue à miroir	0.0	0.0	0.0	0.0	0.0	0.0	0.0	0.0	0.0322581	0.027027	0.04	0.0531915	0.0930233	0.0923077	0.1	0.0918367	0.1034483	0.037037	0.0909091	0.1009174	0.0571429	0.1206897	0.0833333	0.0430108	0.0363636	0.0229885	0.0272109	0.0211268	0.0217391	0.0533333	0.0814815	0.0567376	0.0735294	0.025641	0.0116279	0.0015	0.0	0.0	0.0	0.0	0.0	0.0	0.0294118	0.0	0.0	0.0	0.0	0.0	
Robin à flancs roux	0.0	0.0	0.0	0.0	0.0	0.0	0.0	0.0	0.0	0.0	0.0	0.0	0.0	0.0	0.0	0.0	0.0	0.0	0.0	0.0	0.0	0.0	0.0	0.0	0.0	0.0	0.0	0.0	0.0	0.0	0.0	0.0	0.0	0.0	0.0	0.0	0.0	0.0	0.0015	0.0	0.0	0.0	0.0	0.0	0.0	0.0	0.0	0.0	
Gobemouche nain	0.0	0.0	0.0	0.0	0.0	0.0	0.0	0.0	0.0	0.0	0.0	0.0	0.0	0.0	0.0	0.0	0.0	0.0	0.0	0.0	0.0	0.0	0.0	0.0	0.0	0.0	0.0	0.0	0.0	0.0	0.0	0.0	0.0	0.0	0.0	0.0	0.0015	0.0015	0.0	0.0	0.0	0.0	0.0	0.0	0.0	0.0	0.0	0.0	
Gobemouche noir	0.0	0.0	0.0	0.0	0.0	0.0	0.0	0.0	0.0	0.0	0.0	0.0015	0.0	0.0	0.0	0.0	0.0	0.0	0.0	0.0	0.0	0.0	0.0	0.0	0.0	0.0114943	0.0	0.0	0.0	0.0533333	0.1333333	0.1843972	0.2352941	0.0769231	0.1162791	0.0963855	0.0015	0.0	0.0	0.0	0.0	0.0	0.0	0.0	0.0	0.0	0.0	0.0	
Rougequeue à front blanc	0.0	0.0	0.0	0.0	0.0	0.0	0.0	0.0	0.0	0.0	0.0	0.0015	0.0015	0.0	0.0125	0.0306122	0.0	0.0185185	0.0015	0.0015	0.0142857	0.0015	0.0	0.0107527	0.0	0.0	0.0068027	0.0	0.0108696	0.0	0.037037	0.0496454	0.0294118	0.025641	0.0348837	0.060241	0.0015	0.0625	0.0384615	0.0015	0.0	0.0015	0.0	0.0	0.0	0.0	0.0	0.0	
Rougequeue noir	0.0	0.0416667	0.0015	0.0015	0.04	0.02	0.0175439	0.0208333	0.0015	0.1081081	0.0015	0.2021277	0.1860465	0.2	0.0625	0.0714286	0.0517241	0.1481481	0.0454545	0.1743119	0.1285714	0.1551724	0.1458333	0.0752688	0.1090909	0.1609195	0.1836735	0.1619718	0.0434783	0.0666667	0.0814815	0.0070922	0.1323529	0.0769231	0.0930233	0.0481928	0.0754717	0.125	0.1923077	0.125	0.1162791	0.0434783	0.2647059	0.0555556	0.0555556	0.0	0.0952381	0.0619469	
Tarier des prés	0.0	0.0	0.0	0.0	0.0	0.0	0.0	0.0	0.0	0.0	0.0	0.0	0.0015	0.0	0.0375	0.0	0.0	0.0185185	0.0	0.0015	0.0	0.0	0.0	0.0015	0.0	0.0114943	0.0	0.0	0.0108696	0.04	0.0518519	0.106383	0.1323529	0.0512821	0.0813953	0.0361446	0.0015	0.0015	0.0384615	0.0015	0.0	0.0	0.0	0.0	0.0	0.0	0.0	0.0	
Tarier pâtre	0.1333333	0.1666667	0.0454545	0.0625	0.12	0.14	0.0877193	0.1666667	0.0645161	0.0540541	0.0015	0.0638298	0.1162791	0.1692308	0.0625	0.0612245	0.0344828	0.037037	0.0454545	0.0825688	0.0571429	0.1034483	0.1041667	0.0537634	0.0545455	0.0804598	0.047619	0.0422535	0.0434783	0.0933333	0.1037037	0.0921986	0.1176471	0.1538462	0.1046512	0.1084337	0.0943396	0.2916667	0.3461538	0.3035714	0.2325581	0.2608696	0.3823529	0.2777778	0.2222222	0.1578947	0.3333333	0.2123894	
Traquet motteux	0.0	0.0	0.0	0.0	0.0	0.0	0.0	0.0	0.0	0.0	0.0015	0.0319149	0.0930233	0.1538462	0.0875	0.0816327	0.0689655	0.0015	0.0	0.0015	0.0142857	0.0	0.0015	0.0	0.0	0.0	0.0068027	0.0211268	0.0326087	0.04	0.1037037	0.1843972	0.2352941	0.4102564	0.1511628	0.1807229	0.1132075	0.0416667	0.1538462	0.0535714	0.0015	0.0434783	0.0	0.0	0.0	0.0	0.0015	0.0	
Traquet du désert	0.0	0.0	0.0	0.0	0.0	0.0	0.0	0.0	0.0	0.0	0.0	0.0	0.0	0.0	0.0	0.0	0.0	0.0	0.0	0.0	0.0	0.0	0.0	0.0	0.0	0.0	0.0	0.0	0.0	0.0	0.0	0.0	0.0	0.0	0.0	0.0	0.0	0.0	0.0	0.0	0.0	0.0	0.0	0.0	0.0015	0.0	0.0	0.0	
Oenanthe sp.	0.0	0.0	0.0	0.0	0.0	0.0	0.0	0.0	0.0	0.0	0.0	0.0	0.0	0.0	0.0	0.0	0.0	0.0	0.0	0.0	0.0	0.0	0.0	0.0	0.0	0.0	0.0	0.0	0.0	0.0	0.0	0.0	0.0	0.025641	0.0	0.0	0.0	0.0	0.0	0.0	0.0	0.0	0.0	0.0	0.0	0.0	0.0	0.0	
Accenteur mouchet	0.1333333	0.125	0.0909091	0.09375	0.24	0.2	0.1929825	0.1666667	0.1612903	0.2702703	0.04	0.1914894	0.1860465	0.1846154	0.225	0.244898	0.1724138	0.0925926	0.0606061	0.1743119	0.1142857	0.1034483	0.0833333	0.0967742	0.0363636	0.045977	0.0340136	0.0422535	0.0326087	0.04	0.0296296	0.0496454	0.0588235	0.0512821	0.1162791	0.0722892	0.2641509	0.3541667	0.0769231	0.2142857	0.1162791	0.173913	0.2941176	0.1666667	0.0015	0.0789474	0.2380952	0.1327434	
Moineau domestique	0.1666667	0.0833333	0.1363636	0.0625	0.12	0.18	0.1403509	0.2083333	0.1612903	0.2162162	0.12	0.2446809	0.2325581	0.3538462	0.2375	0.2857143	0.2413793	0.2222222	0.2727273	0.440367	0.3428571	0.4137931	0.4375	0.2365591	0.4545455	0.4022989	0.2993197	0.2605634	0.4456522	0.3466667	0.2666667	0.2269504	0.1764706	0.2051282	0.1744186	0.1566265	0.1320755	0.1875	0.0769231	0.3035714	0.1627907	0.0869565	0.3235294	0.2222222	0.0	0.1578947	0.2857143	0.1681416	
Moineau friquet	0.0	0.0	0.0	0.0	0.0	0.0	0.0	0.0	0.0	0.0	0.0	0.0	0.0	0.0	0.0	0.0	0.0	0.0015	0.0	0.0183486	0.0	0.0015	0.0	0.0	0.0	0.0	0.0	0.0	0.0	0.0	0.0	0.0	0.0	0.0	0.0	0.0	0.0	0.0	0.0	0.0	0.0	0.0	0.0	0.0	0.0015	0.0	0.0	0.0	
Moineau soulcie	0.0	0.0	0.0	0.0	0.0	0.0	0.0	0.0	0.0	0.0	0.0	0.0	0.0	0.0	0.0	0.0	0.0015	0.0	0.0015	0.0	0.0	0.0	0.0015	0.0	0.0	0.0	0.0	0.0	0.0	0.0	0.0	0.0	0.0	0.0	0.0	0.0	0.0	0.0	0.0	0.0	0.0	0.0	0.0	0.0	0.0	0.0	0.0	0.0	
Bergeronnette des ruisseaux	0.0	0.0015	0.0454545	0.03125	0.04	0.08	0.0350877	0.0015	0.0	0.0015	0.0	0.0212766	0.0232558	0.0	0.0625	0.0102041	0.0015	0.0	0.0454545	0.0091743	0.0142857	0.0344828	0.0625	0.0107527	0.0181818	0.0	0.0136054	0.0070423	0.0015	0.0015	0.0	0.0283688	0.0294118	0.025641	0.0015	0.0361446	0.1132075	0.25	0.0769231	0.1428571	0.2093023	0.0869565	0.0882353	0.0555556	0.0555556	0.0526316	0.0015	0.0442478	
Bergeronnette printanière	0.0	0.0	0.0	0.0	0.0	0.0	0.0	0.0	0.0	0.0	0.0	0.0638298	0.2093023	0.3384615	0.2625	0.1632653	0.1551724	0.0740741	0.0909091	0.1559633	0.0571429	0.1551724	0.0625	0.0537634	0.0727273	0.091954	0.0748299	0.028169	0.0978261	0.1333333	0.1851852	0.2056738	0.2205882	0.1025641	0.1744186	0.0240964	0.0566038	0.0416667	0.0015	0.0178571	0.0	0.0	0.0	0.0	0.0	0.0	0.0	0.0	
Bergeronnette grise	0.2333333	0.25	0.1818182	0.046875	0.14	0.14	0.0350877	0.2083333	0.0967742	0.3243243	0.12	0.4255319	0.3255814	0.3846154	0.25	0.244898	0.2068966	0.1111111	0.1666667	0.2110092	0.1571429	0.2241379	0.2291667	0.1397849	0.3090909	0.2183908	0.2380952	0.1338028	0.25	0.32	0.2074074	0.2411348	0.3088235	0.4358974	0.3139535	0.313253	0.3207547	0.5833333	0.4230769	0.4285714	0.2790698	0.173913	0.4117647	0.3888889	0.1111111	0.2894737	0.2857143	0.3716814	
Pipit de Richard	0.0333333	0.0	0.0	0.0	0.0	0.0	0.0	0.0	0.0	0.0	0.0	0.0	0.0	0.0	0.0	0.0	0.0	0.0	0.0	0.0	0.0	0.0	0.0	0.0	0.0	0.0	0.0	0.0	0.0	0.0	0.0	0.0	0.0	0.0	0.0	0.0	0.0015	0.0	0.0	0.0	0.0	0.0	0.0294118	0.0	0.0	0.0	0.0	0.0	
Pipit rousseline	0.0	0.0	0.0	0.0	0.0	0.0	0.0	0.0	0.0	0.0	0.0	0.0	0.0	0.0461538	0.025	0.0714286	0.0689655	0.0015	0.030303	0.0366972	0.0571429	0.0344828	0.0625	0.0107527	0.1090909	0.045977	0.0204082	0.0140845	0.0015	0.0666667	0.0444444	0.0425532	0.0294118	0.025641	0.0	0.0	0.0	0.0	0.0	0.0	0.0	0.0	0.0	0.0	0.0	0.0	0.0	0.0	
Pipit farlouse	0.2333333	0.2916667	0.4090909	0.109375	0.22	0.12	0.0877193	0.2916667	0.0645161	0.1081081	0.04	0.2021277	0.2325581	0.0769231	0.025	0.0204082	0.0172414	0.0	0.030303	0.0183486	0.0285714	0.0	0.0208333	0.0107527	0.0363636	0.0229885	0.0	0.0211268	0.0108696	0.0133333	0.0074074	0.0283688	0.0441176	0.0015	0.0581395	0.1325301	0.3018868	0.4791667	0.3461538	0.4285714	0.4418605	0.4782609	0.5294118	0.4444444	0.1666667	0.3421053	0.2857143	0.3362832	
Pipit des arbres	0.0	0.0	0.0	0.0	0.0	0.0	0.0	0.0	0.0	0.0	0.0	0.0106383	0.0	0.0153846	0.0125	0.0204082	0.0	0.0	0.0151515	0.0275229	0.0	0.0344828	0.0	0.0215054	0.0015	0.0	0.0	0.0	0.0108696	0.0133333	0.0222222	0.0638298	0.1029412	0.0	0.0232558	0.0	0.0	0.0208333	0.0	0.0	0.0	0.0	0.0	0.0	0.0	0.0	0.0	0.0	
Pipit à gorge rousse	0.0	0.0	0.0	0.0	0.0	0.0	0.0	0.0	0.0	0.0	0.0	0.0	0.0	0.0153846	0.0	0.0	0.0	0.0	0.0	0.0	0.0	0.0	0.0	0.0	0.0	0.0	0.0	0.0	0.0	0.0	0.0	0.0	0.0	0.0	0.0	0.0	0.0	0.0	0.0	0.0	0.0	0.0	0.0	0.0	0.0	0.0	0.0	0.0	
Pipit spioncelle	0.0333333	0.0416667	0.1363636	0.078125	0.18	0.08	0.0	0.0416667	0.0	0.027027	0.0	0.0212766	0.0	0.0	0.0125	0.0	0.0	0.0	0.0	0.0	0.0	0.0	0.0	0.0	0.0	0.0	0.0	0.0	0.0	0.0	0.0	0.0	0.0	0.0	0.0	0.0	0.0188679	0.0416667	0.0015	0.0892857	0.0697674	0.1304348	0.0294118	0.0555556	0.0	0.0263158	0.0	0.0176991	
Pipit maritime	0.0	0.0	0.0	0.0015	0.0	0.0	0.0350877	0.0625	0.0	0.0	0.0	0.0	0.0	0.0307692	0.025	0.0102041	0.0172414	0.037037	0.0	0.0091743	0.0	0.0	0.0015	0.0107527	0.0181818	0.0	0.0	0.0070423	0.0108696	0.0533333	0.0074074	0.0141844	0.0147059	0.0015	0.0116279	0.0361446	0.0377358	0.0208333	0.2307692	0.0714286	0.0	0.0434783	0.1470588	0.0	0.0	0.0015	0.0952381	0.0265487	
Anthus sp.	0.0	0.0	0.0	0.0	0.02	0.0	0.0	0.0	0.0	0.0	0.0	0.0	0.0	0.0	0.0	0.0	0.0	0.0	0.0	0.0	0.0	0.0172414	0.0	0.0	0.0181818	0.0	0.0	0.0	0.0	0.0	0.0	0.0	0.0147059	0.0	0.0	0.0	0.0	0.0	0.0	0.0	0.0	0.0	0.0	0.0	0.0	0.0	0.0	0.0	
Pinson des arbres	0.3	0.2083333	0.4090909	0.203125	0.24	0.56	0.2105263	0.4375	0.3548387	0.4594595	0.52	0.3617021	0.3953488	0.3384615	0.35	0.2346939	0.2586207	0.2592593	0.2424242	0.4311927	0.4285714	0.3793103	0.3958333	0.344086	0.3818182	0.2758621	0.2857143	0.1549296	0.1521739	0.12	0.1037037	0.1702128	0.1323529	0.0512821	0.1162791	0.1084337	0.2264151	0.4375	0.2692308	0.3214286	0.255814	0.3478261	0.3823529	0.2777778	0.1666667	0.3157895	0.5714286	0.300885	
Pinson du Nord	0.0	0.0	0.0015	0.0	0.0	0.06	0.0350877	0.0208333	0.0322581	0.027027	0.0	0.0	0.0	0.0	0.0	0.0	0.0	0.0	0.0	0.0	0.0	0.0	0.0	0.0	0.0	0.0	0.0	0.0	0.0	0.0	0.0	0.0	0.0	0.0	0.0	0.0	0.0377358	0.0625	0.0015	0.0714286	0.0015	0.173913	0.0294118	0.0015	0.0555556	0.0263158	0.047619	0.0	
Grosbec casse-noyaux	0.0333333	0.0	0.0015	0.0	0.0	0.02	0.0	0.0	0.0015	0.0	0.0	0.0015	0.0232558	0.0015	0.0	0.0015	0.0	0.0	0.0151515	0.0	0.0	0.0015	0.0	0.0	0.0	0.0114943	0.0	0.0	0.0	0.0015	0.0	0.0	0.0	0.0	0.0	0.0	0.0	0.0	0.0015	0.0178571	0.0232558	0.0434783	0.0	0.0	0.0555556	0.0	0.0	0.0015	
Bouvreuil pivoine	0.0333333	0.0	0.0	0.0	0.0	0.0	0.0	0.0	0.0	0.0	0.0	0.0	0.0	0.0	0.0	0.0	0.0	0.0	0.0	0.0015	0.0	0.0	0.0	0.0	0.0	0.0	0.0	0.0	0.0	0.0	0.0074074	0.0070922	0.0	0.0	0.0	0.0	0.0	0.0208333	0.0	0.0178571	0.0	0.0	0.1470588	0.0	0.0015	0.0015	0.0	0.0015	
Verdier d'Europe	0.0	0.0416667	0.0909091	0.03125	0.02	0.06	0.0701754	0.0833333	0.1290323	0.1351351	0.04	0.1170213	0.1395349	0.1230769	0.1125	0.0510204	0.0344828	0.0925926	0.0454545	0.0825688	0.0857143	0.1034483	0.1041667	0.1075269	0.0909091	0.1609195	0.1020408	0.0985915	0.0326087	0.0533333	0.0592593	0.035461	0.0441176	0.0	0.0232558	0.0240964	0.0943396	0.1458333	0.0384615	0.0535714	0.0697674	0.1304348	0.1764706	0.1666667	0.0	0.0526316	0.047619	0.0265487	
Linotte mélodieuse	0.0	0.125	0.0454545	0.03125	0.04	0.0015	0.0175439	0.0416667	0.0322581	0.0540541	0.04	0.212766	0.255814	0.4153846	0.2875	0.255102	0.1724138	0.2037037	0.1363636	0.1743119	0.1857143	0.1896552	0.1458333	0.1182796	0.1272727	0.1609195	0.1292517	0.0985915	0.1413043	0.1866667	0.1555556	0.1702128	0.1323529	0.1282051	0.127907	0.1807229	0.245283	0.3125	0.0769231	0.2142857	0.1162791	0.0434783	0.1764706	0.1111111	0.0	0.0526316	0.0	0.0353982	
Sizerin flammé	0.0	0.0015	0.0015	0.0015	0.0	0.0	0.0	0.0	0.0	0.0	0.0	0.0	0.0	0.0	0.0	0.0	0.0	0.0	0.0	0.0	0.0	0.0	0.0	0.0	0.0	0.0	0.0	0.0	0.0	0.0	0.0	0.0	0.0	0.0	0.0	0.0	0.0	0.0	0.0	0.0	0.0	0.0	0.0	0.0	0.0	0.0	0.0	0.0	
Bec-croisé des sapins	0.0	0.0	0.0	0.0	0.0	0.0	0.0	0.0	0.0	0.0	0.0	0.0	0.0	0.0	0.0	0.0	0.0	0.0	0.0	0.0	0.0	0.0	0.0	0.0	0.0	0.0	0.0068027	0.0	0.0108696	0.0	0.0	0.0	0.0	0.0015	0.0	0.0	0.0	0.0	0.0	0.0	0.0	0.0	0.0	0.0	0.0	0.0	0.0	0.0	
Chardonneret élégant	0.0333333	0.125	0.0909091	0.03125	0.06	0.14	0.1578947	0.1458333	0.0645161	0.1081081	0.2	0.2021277	0.3255814	0.3692308	0.2625	0.255102	0.2068966	0.2592593	0.2575758	0.2201835	0.2	0.3448276	0.2708333	0.1612903	0.3272727	0.2758621	0.3401361	0.2323944	0.2934783	0.2133333	0.1925926	0.1489362	0.1764706	0.1025641	0.1162791	0.1325301	0.3018868	0.3958333	0.1923077	0.3035714	0.3488372	0.2173913	0.2647059	0.4444444	0.0	0.1842105	0.1904762	0.0884956	
Serin cini	0.0	0.0	0.0454545	0.046875	0.0	0.0	0.0175439	0.0208333	0.0015	0.027027	0.04	0.0957447	0.0697674	0.0769231	0.075	0.0816327	0.0689655	0.0925926	0.0015	0.1192661	0.1	0.0517241	0.0416667	0.0537634	0.0545455	0.0689655	0.0884354	0.056338	0.0217391	0.04	0.0222222	0.0	0.0	0.0	0.0116279	0.0015	0.0377358	0.1666667	0.1153846	0.1071429	0.0232558	0.0	0.1470588	0.0555556	0.0555556	0.0526316	0.0	0.0	
Tarin des aulnes	0.0333333	0.0416667	0.0015	0.015625	0.04	0.02	0.0175439	0.0208333	0.0	0.0	0.0	0.0015	0.0	0.0153846	0.0	0.0102041	0.0	0.0	0.0	0.0	0.0	0.0	0.0	0.0015	0.0	0.0	0.0	0.0	0.0	0.0	0.0	0.0	0.0	0.0	0.0	0.0120482	0.0377358	0.1041667	0.0384615	0.0892857	0.1162791	0.0869565	0.0588235	0.1111111	0.0015	0.0789474	0.1428571	0.0353982	
Bruant des neiges	0.0	0.0	0.0	0.0015	0.0	0.0	0.0	0.0	0.0	0.0	0.0	0.0	0.0	0.0	0.0	0.0	0.0	0.0	0.0	0.0	0.0	0.0	0.0	0.0	0.0	0.0	0.0	0.0	0.0	0.0	0.0	0.0	0.0	0.0	0.0	0.0	0.0	0.0	0.0015	0.0178571	0.0697674	0.0015	0.0	0.0	0.0	0.0015	0.0	0.0	
Bruant proyer	0.0	0.0416667	0.0015	0.0	0.02	0.0015	0.0175439	0.0208333	0.0	0.0540541	0.0015	0.0957447	0.0930233	0.1692308	0.1125	0.1632653	0.1551724	0.0925926	0.0757576	0.1192661	0.0428571	0.1724138	0.0833333	0.0537634	0.0015	0.045977	0.0272109	0.0211268	0.0217391	0.08	0.0666667	0.0780142	0.0588235	0.0	0.0232558	0.0361446	0.0188679	0.0208333	0.0	0.0535714	0.0465116	0.0	0.0588235	0.0	0.0	0.0526316	0.0	0.0265487	
Bruant zizi	0.0	0.0015	0.0015	0.046875	0.06	0.0015	0.0175439	0.0416667	0.0322581	0.027027	0.0	0.0531915	0.1162791	0.0461538	0.1	0.0612245	0.0015	0.0185185	0.0151515	0.0733945	0.1571429	0.0517241	0.0416667	0.0537634	0.0545455	0.0689655	0.1292517	0.1549296	0.0652174	0.0533333	0.0444444	0.0141844	0.0147059	0.0	0.0348837	0.0240964	0.0754717	0.2083333	0.0384615	0.125	0.1627907	0.1304348	0.0294118	0.0555556	0.0	0.0263158	0.0	0.0176991	
Bruant jaune	0.0015	0.0	0.0	0.0015	0.0	0.0015	0.0	0.0208333	0.0015	0.0015	0.04	0.0212766	0.0697674	0.0461538	0.0125	0.0015	0.0015	0.0015	0.0	0.0015	0.0142857	0.0172414	0.0015	0.0215054	0.0	0.0229885	0.0068027	0.0	0.0	0.0	0.0074074	0.0070922	0.0	0.0	0.0015	0.0	0.0188679	0.0015	0.0	0.0178571	0.0015	0.0	0.0	0.0	0.0	0.0526316	0.0	0.0	
Bruant des roseaux	0.0666667	0.1666667	0.1818182	0.046875	0.1	0.08	0.0877193	0.0833333	0.0	0.027027	0.0015	0.0531915	0.0	0.0461538	0.05	0.0	0.0689655	0.0555556	0.0151515	0.0642202	0.0142857	0.0172414	0.0416667	0.0215054	0.0	0.0344828	0.0068027	0.0	0.0108696	0.0533333	0.0444444	0.070922	0.0441176	0.0	0.0232558	0.0481928	0.0566038	0.1666667	0.0015	0.1428571	0.0465116	0.0434783	0.1176471	0.2222222	0.0015	0.1842105	0.047619	0.0265487	
Bruant nain	0.0	0.0	0.0	0.0	0.0	0.0	0.0	0.0	0.0	0.0	0.0	0.0	0.0	0.0	0.0	0.0	0.0	0.0	0.0	0.0	0.0	0.0	0.0	0.0	0.0	0.0	0.0	0.0	0.0	0.0	0.0	0.0	0.0	0.0	0.0	0.0	0.0	0.0	0.0	0.0178571	0.0	0.0	0.0	0.0	0.0	0.0	0.0	0.0	
Bruant masqué	0.0	0.0	0.0	0.0	0.0	0.0	0.0	0.0	0.0	0.0	0.0	0.0	0.0	0.0	0.0	0.0	0.0	0.0	0.0	0.0	0.0	0.0	0.0	0.0	0.0	0.0	0.0	0.0	0.0	0.0	0.0	0.0	0.0	0.0	0.0	0.0	0.0	0.0	0.0	0.0	0.0	0.0	0.0	0.0015	0.0	0.0	0.0	0.0	
passereau sp.	0.0	0.0	0.0	0.0	0.0	0.0	0.0	0.0	0.0	0.0	0.0	0.0	0.0	0.0	0.0	0.0102041	0.0	0.0	0.0	0.0	0.0	0.0	0.0	0.0	0.0	0.0	0.0	0.0	0.0	0.0	0.0	0.0	0.0	0.025641	0.0348837	0.0120482	0.0377358	0.0	0.0	0.0178571	0.0	0.0	0.0	0.0	0.0	0.0	0.0	0.0015	
oiseau sp.	0.0	0.0	0.0	0.0	0.0	0.0	0.0	0.0	0.0	0.0	0.0	0.0106383	0.0	0.0	0.0	0.0	0.0	0.0	0.0	0.0	0.0	0.0	0.0	0.0	0.0	0.0	0.0	0.0	0.0	0.0	0.0	0.0	0.0	0.0	0.0	0.0	0.0	0.0	0.0	0.0	0.0	0.0	0.0	0.0	0.0	0.0	0.0	0.0	

