









Frequency of observations in the selected location(s).:
Number of taxa: 	483

	Jan				Feb				Mar				Apr				May				Jun				Jul				Aug				Sep				Oct				Nov				Dec				
Sample Size:	2027.0	1640.0	1488.0	1995.0	1383.0	1507.0	1539.0	1556.0	1498.0	1484.0	1587.0	2480.0	1836.0	1777.0	2004.0	2464.0	1859.0	1837.0	1597.0	2395.0	1458.0	1265.0	1185.0	1650.0	1301.0	1254.0	1177.0	1507.0	1151.0	1066.0	1046.0	1464.0	1253.0	1406.0	1330.0	1725.0	1321.0	1438.0	1212.0	1872.0	1260.0	1315.0	1300.0	1518.0	1194.0	1156.0	1140.0	2191.0	

Oie des neiges	0.0	6.098E-4	0.0	0.0010025	0.0	0.0	0.0	0.0	0.0	0.0	0.0	0.0	0.0	0.0	0.0	0.0	0.0	0.0	0.0	0.0	0.0	0.0	0.0	0.0	0.0	0.0	0.0	0.0	0.0	0.0	0.0	0.0	0.0	0.0	0.0	0.0	0.0	0.0	0.0	0.0	0.0	0.0129278	0.0	0.0098814	0.0041876	8.651E-4	0.0017544	0.0013692	
Oie cendrée	0.0444006	0.0609756	0.0403226	0.047619	0.0368764	0.0119443	0.008447	0.0051414	0.0013351	0.0013477	0.0012602	0.0016129	0.0	0.0011255	4.99E-4	4.058E-4	5.379E-4	0.0	0.0	0.0	0.0015	0.0	0.0	0.0	0.0	0.0	0.0	0.0	0.0	0.0	0.0	0.0	0.0	0.0014225	0.0015038	0.0	0.002271	0.0034771	0.0165017	0.0261752	0.0206349	0.0486692	0.0538462	0.0559947	0.0720268	0.0449827	0.0622807	0.0775901	
Oie cygnoïde	9.867E-4	0.0	0.0	0.0	7.231E-4	0.0	0.0	0.0	0.0	6.739E-4	0.0	0.0	0.0	0.0	9.98E-4	0.0	0.0	0.0	0.0	0.0	0.0	0.001581	0.0	0.0	0.0	0.0	0.0	6.636E-4	0.0	0.0	0.0	0.0	0.0	0.0	7.519E-4	0.0	0.0	0.0	0.0	0.0	0.0015	0.0	0.0	0.0	0.0	0.0	0.0	0.0	
Hybride Oie cendrée x O. cygnoïde	0.0	0.0	0.0	0.0	0.0	0.0	0.0	0.0	0.0	0.0	0.0	0.0	0.0	0.0	0.0	0.0	0.0	0.0	0.0	0.0	0.0	0.0	0.0	0.0	0.0	0.0	0.0	0.0	0.0	0.0	0.0	0.0	0.0	0.0	0.0	0.0	0.002271	0.0	0.0	0.0	0.0	0.0	0.0	0.0	0.0	0.0	0.0	0.0	
Oie rieuse	9.867E-4	0.0018293	0.0020161	0.002005	0.0014461	0.0	0.0	0.0	0.0	0.0	0.0	0.0	0.0	0.0	0.0	0.0	0.0	0.0	0.0	0.0	0.0	0.0	0.0	0.0	0.0	0.0	0.0	0.0	0.0	0.0	0.0	0.0	0.0	0.0	0.0	0.0	0.0	0.0	0.0	0.0	0.0015	0.0015209	0.0046154	0.0013175	0.001675	0.0069204	0.0070175	0.0104975	
Oie de taïga	0.0	6.098E-4	0.0	0.0	0.0	0.0	0.0	0.0	0.0	0.0	0.0	0.0	0.0	0.0	0.0	0.0	0.0	0.0	0.0	0.0	0.0	0.0	0.0	0.0	0.0	0.0	0.0	0.0	0.0	0.0	0.0	0.0	0.0	0.0	0.0	0.0	0.0	0.0	0.0	0.0	0.0	0.0	0.0023077	6.588E-4	0.0	0.0	0.0	0.0	
Oie de toundra	0.0	0.0	0.0	0.0	7.231E-4	0.0	0.0	0.0	0.0	0.0	0.0	0.0	0.0	0.0	0.0	0.0	0.0	0.0	0.0	0.0	0.0	0.0	0.0	0.0	0.0	0.0	0.0	0.0	0.0	0.0	0.0	0.0	0.0	0.0	0.0	0.0	0.0	0.0	0.0	0.0	0.0	7.605E-4	0.0	0.0052701	0.0033501	0.0	0.0017544	0.0013692	
Oie de taïga ou O. de toundra	0.0	0.0	0.0	0.0	0.0	0.0	0.0	0.0	0.0	0.0	0.0	0.0	0.0	0.0	0.0	0.0	0.0	0.0	0.0	0.0	0.0	0.0	0.0	0.0	0.0	0.0	0.0	0.0	0.0	0.0	0.0	0.0	0.0	0.0	0.0	0.0	0.0	0.0	0.0	0.0	0.0	0.0	0.0015	0.0013175	0.0	8.651E-4	0.0	4.564E-4	
Oie à bec court	0.0	6.098E-4	0.0020161	0.002005	0.0	0.0	0.0	0.0	0.0	0.0	0.0	0.0	0.0	0.0	0.0	0.0	0.0	0.0	0.0056356	0.0	0.0	0.0	0.0	0.0	0.0	0.0	0.0	0.0	0.0	0.0	0.0	0.0	0.0	0.0	0.0	0.0	0.001514	0.0041725	0.0033003	0.008547	7.937E-4	0.0	0.0	0.0	8.375E-4	0.0	0.0	4.564E-4	
Anser sp.	0.0	0.0	0.0	0.0	0.0	6.636E-4	0.0	0.0	0.0	0.0	0.0	0.0	0.0	0.0	0.0	0.0	0.0	0.0	0.0	0.0	0.0	0.0	0.0	0.0	0.0	0.0	0.0	0.0	0.0	0.0	0.0	0.0	0.0	0.0	0.0	0.0	0.0	0.0	0.0	0.0	0.0	7.605E-4	0.0	0.0	0.0	0.0	0.0	0.0	
Bernache cravant	0.0	0.0	0.0	0.0	0.0	0.0	0.0	0.0	0.0	0.0	0.0	0.0	0.0	0.0	0.0	0.0	0.0	0.0	0.0	0.0	0.0	0.0	0.0	0.0	0.0	0.0	0.0	0.0	0.0	0.0	0.0	0.0	0.0	0.0	0.0	0.0	0.0	0.0	0.0	5.342E-4	0.0	0.0	0.0	0.0	8.375E-4	0.0	8.772E-4	4.564E-4	
Bernache nonnette	0.0024667	0.0	0.0	5.013E-4	0.0	0.0	0.0	0.0	0.0	0.0	0.0	0.0	0.0	0.0	0.0	0.0	0.0	0.0	0.0	0.0	6.859E-4	0.0	0.0025316	0.0	0.0	0.0	0.0	0.0	0.0	0.0	0.0	0.0	0.0	0.0	0.0	0.0	0.0	0.0	0.0	0.0	0.0	0.0	0.0030769	0.0	0.0041876	8.651E-4	0.0026316	0.0027385	
Bernache du Canada	0.0034534	0.0	0.0	0.0	0.0	0.0	0.0	0.0	0.0	0.0013477	6.301E-4	0.0012097	0.0015	0.0	0.0	0.0	0.0	0.0	0.0	4.175E-4	0.0020576	7.905E-4	8.439E-4	6.061E-4	7.686E-4	7.974E-4	0.0	0.0	8.688E-4	0.0084428	0.0057361	0.0061475	0.0071828	0.0049787	0.0015038	0.0	0.001514	0.0034771	8.251E-4	5.342E-4	0.0	7.605E-4	7.692E-4	6.588E-4	8.375E-4	0.0017301	0.0026316	0.0063898	
Cygne tuberculé	0.0019734	0.0030488	0.0020161	0.0010025	7.231E-4	6.636E-4	0.0012995	0.0025707	6.676E-4	0.0013477	6.301E-4	0.0	5.447E-4	0.0	4.99E-4	8.117E-4	0.0015	5.444E-4	0.0	0.0012526	6.859E-4	0.001581	8.439E-4	0.0	7.686E-4	7.974E-4	0.0016992	0.0015	0.0017376	0.0015	0.0	6.831E-4	0.0	7.112E-4	7.519E-4	0.0023188	0.0015	6.954E-4	0.0	0.0010684	0.0015	7.605E-4	7.692E-4	0.0019763	0.0025126	8.651E-4	0.0	0.0018257	
Cygne noir	4.933E-4	0.0	0.0	0.0	0.0028923	0.0	0.0	6.427E-4	0.0	0.0	0.0	0.0	0.0	0.0	0.0	0.0	0.0	0.0	0.0	0.0	0.0	0.0	0.0	0.0	0.0	0.0	0.0	0.0	0.0	0.0	0.0	0.0034153	0.0031923	0.002845	0.0015038	0.0011594	0.001514	0.0015	0.0	0.0	0.0	0.0	0.0015385	0.0032938	0.0	0.0017301	0.0	0.0013692	
anatidé sp. (oie sp.)	0.0	0.0	0.0	0.0	0.0	0.0	0.0	0.0	0.0	0.0	0.0	0.0	0.0	0.0	0.0	0.0	0.0	0.0	0.0	0.0	0.0	0.0	0.0	0.0	0.0	0.0	0.0	0.0	0.0	0.0	0.0	0.0	0.0	0.0	0.0	0.0	0.0	0.0	0.0	0.0	0.0	0.0	0.0	6.588E-4	0.0	8.651E-4	0.0	0.0	
Ouette d'Égypte	0.0439073	0.0585366	0.0456989	0.0446115	0.0563991	0.0517585	0.0617284	0.0604113	0.0640854	0.0673854	0.0447385	0.0552419	0.0462963	0.0483962	0.0648703	0.0519481	0.0446477	0.0484486	0.0388228	0.0350731	0.0377229	0.0434783	0.0582278	0.0381818	0.0368947	0.0350877	0.0382328	0.0457863	0.0260643	0.0272045	0.0229446	0.0293716	0.0359138	0.0320057	0.037594	0.0382609	0.0454201	0.0326843	0.0280528	0.0309829	0.0277778	0.0463878	0.0361538	0.0500659	0.0569514	0.0484429	0.0666667	0.0611593	
Tadorne casarca	0.00148	0.0030488	0.0020161	0.0015	0.0	0.0	0.0012995	0.0	0.0	6.739E-4	0.0012602	4.032E-4	0.0	0.0	9.98E-4	0.0	0.0	0.0	0.0	0.0	0.0	0.0	0.0	0.0	0.0	7.974E-4	0.0	0.0	0.0	0.0	0.0	0.0	0.0	0.0	0.0	0.0	0.0	0.0020862	0.0	0.0015	0.0	0.0038023	0.0	0.0019763	0.0058626	0.0017301	0.004386	0.0027385	
Tadorne de Belon	0.0291071	0.0463415	0.0396505	0.0285714	0.0296457	0.0172528	0.022742	0.0160668	0.0193591	0.0242588	0.0151229	0.028629	0.0217865	0.0365785	0.0314371	0.0349026	0.035503	0.0353838	0.0413275	0.0271399	0.0253772	0.0229249	0.0320675	0.0315152	0.0130669	0.0095694	0.0059473	0.00929	0.013901	0.0084428	0.0133843	0.0136612	0.0103751	0.0064011	0.006015	0.0017391	0.006813	0.0076495	0.0066007	0.0048077	0.0031746	0.008365	0.0092308	0.0151515	0.0201005	0.0224913	0.0421053	0.052031	
Canard musqué	0.0088801	0.0109756	0.0094086	0.0085213	0.010846	0.0119443	0.0103964	0.0179949	0.0133511	0.009434	0.0113422	0.0076613	0.0070806	0.006753	0.010978	0.0097403	0.0091447	0.0097986	0.0081403	0.0066806	0.0075446	0.0102767	0.0084388	0.0078788	0.008455	0.0063796	0.011045	0.0099536	0.0104257	0.0084428	0.0066922	0.0081967	0.0087789	0.0128023	0.0097744	0.0110145	0.012112	0.0097357	0.0082508	0.0074786	0.0087302	0.0091255	0.0046154	0.0105402	0.0108878	0.0077855	0.0157895	0.0095847	
Canard à collier noir	0.0	0.0	0.0	0.0	0.0	0.0	0.0	0.0	0.0	0.0	0.0	0.0	0.0	0.0	0.0	0.0	0.0	0.0	0.0	0.0	0.0	0.0	0.0	0.0	0.0	0.0	0.0	0.0	0.0015	0.0	0.0	0.0	0.0	0.0	0.0	0.0	0.0	0.0	0.0	0.0	0.0	0.0	0.0	0.0	0.0	0.0	0.0	0.0	
Canard carolin	4.933E-4	0.0	0.0	5.013E-4	0.0	0.0	0.0	0.0	0.0	0.0	0.0	4.032E-4	5.447E-4	0.0	0.0	8.117E-4	5.379E-4	0.0	0.0012523	0.0	6.859E-4	0.001581	0.0015	6.061E-4	0.0	0.0	0.0	0.0	0.0	9.381E-4	0.0	6.831E-4	0.0	0.0	0.0	0.0	0.0	0.0	0.0	0.0	0.0	0.0	0.0	0.0	0.0015	0.0	0.0	0.0	
Canard mandarin	4.933E-4	0.0	6.72E-4	5.013E-4	0.0021692	0.0026543	0.0	6.427E-4	0.0013351	0.0	0.0	4.032E-4	0.001634	5.627E-4	4.99E-4	0.0020292	0.0010758	0.0016331	0.0012523	4.175E-4	6.859E-4	0.0	8.439E-4	0.0	7.686E-4	0.0	0.0	0.0	8.688E-4	0.0	9.56E-4	0.0	7.981E-4	0.0035562	0.0015038	0.0017391	0.003785	6.954E-4	8.251E-4	0.0010684	0.0	7.605E-4	0.0015385	0.0013175	0.001675	0.0	8.772E-4	0.0	
Sarcelle d'été	0.00148	0.0018293	0.0015	0.0015038	0.0028923	0.0033179	0.0032489	0.003856	0.012016	0.0161725	0.005041	0.0040323	0.001634	0.0039392	4.99E-4	4.058E-4	0.0	0.0016331	0.0025047	8.351E-4	0.0	0.0	0.0	0.0012121	0.0	0.0	0.0	0.0	0.0	0.0	0.0047801	0.0013661	0.0023943	0.0049787	0.0030075	0.0034783	0.003028	0.0041725	0.0024752	0.0016026	0.0015873	7.605E-4	0.0015385	0.0019763	0.0033501	0.0034602	0.0017544	0.005477	
Sarcelle à ailes bleues	0.0	0.0	0.0	0.0	0.0	0.0	0.0	0.0	0.0	6.739E-4	0.0	0.0	0.0	0.0	0.0	0.0	0.0	0.0	0.0	0.0	0.0	0.0	0.0	0.0	0.0	0.0	0.0	0.0	0.0	0.0	0.0	0.0	0.0	0.0	0.0	0.0	0.0	0.0	0.0	0.0	0.0	0.0	0.0	0.0	0.0	0.0	0.0	0.0	
Canard souchet	0.0552541	0.0567073	0.063172	0.0646617	0.0708604	0.052422	0.0604288	0.0443445	0.0514019	0.0532345	0.0289855	0.0330645	0.0234205	0.0360158	0.0144711	0.0194805	0.0188273	0.0125204	0.0118973	0.0087683	0.0082305	0.0102767	0.0050633	0.0060606	0.0030746	7.974E-4	8.496E-4	0.0066357	0.0112945	0.0243902	0.0525813	0.0430328	0.0486832	0.0497866	0.0458647	0.0405797	0.0582892	0.0625869	0.0585809	0.0432692	0.0420635	0.0585551	0.0715385	0.071805	0.0569514	0.0519031	0.0692982	0.0835235	
Canard chipeau	0.0103601	0.0140244	0.0147849	0.0095238	0.0137383	0.0119443	0.0129955	0.0250643	0.0273698	0.032345	0.0189036	0.0302419	0.0206972	0.0467079	0.0214571	0.0324675	0.0317375	0.0239521	0.025047	0.0070981	0.0102881	0.0102767	0.0092827	0.0115152	0.0053805	0.0063796	0.0042481	0.0132714	0.0095569	0.0121951	0.0277247	0.0191257	0.019154	0.0248933	0.0203008	0.0202899	0.0234671	0.0229485	0.0181518	0.017094	0.0150794	0.0114068	0.0215385	0.0125165	0.0159129	0.0138408	0.0175439	0.0173437	
Canard siffleur	0.0098668	0.0134146	0.0127688	0.0105263	0.0086768	0.0039814	0.0071475	0.0044987	0.0046729	0.004717	0.0012602	0.0020161	0.001634	0.0028137	0.0	8.117E-4	0.0	5.444E-4	0.0	0.0	0.0	0.0	0.0	0.0	0.0015373	0.0	0.0	0.0	8.688E-4	0.0	9.56E-4	0.0	0.0	7.112E-4	0.0037594	0.0052174	0.005299	0.0076495	0.009901	0.0074786	0.0039683	0.0060837	0.0123077	0.0131752	0.0134003	0.0103806	0.0184211	0.0150616	
Canard à front blanc	0.0	0.0	0.0	5.013E-4	0.0	0.0	0.0	0.0	0.0	0.0	0.0	0.0	0.0	0.0	0.0	0.0	0.0	0.0	0.0	0.0	0.0	0.0	0.0	0.0	0.0	0.0	0.0	0.0	0.0	0.0	0.0	0.0	0.0	0.0	0.0	0.0	0.0	0.0	0.0	0.0	0.0	0.0	0.0	0.0	0.0	0.0	0.0	0.0	
Canard colvert	0.2205229	0.2256098	0.2002688	0.2160401	0.2378886	0.2309224	0.2547109	0.2686375	0.2763685	0.2971698	0.2551985	0.2572581	0.2336601	0.2718064	0.250499	0.2309253	0.2232383	0.2041372	0.2185348	0.1849687	0.175583	0.2007905	0.1966245	0.1951515	0.1691007	0.1547049	0.1639762	0.199071	0.232841	0.2035647	0.2256214	0.2117486	0.2043097	0.2247511	0.2180451	0.2023188	0.2452687	0.2114047	0.2277228	0.2115385	0.1849206	0.2106464	0.21	0.2048748	0.2026801	0.200692	0.2342105	0.2756732	
Hybride Canard musqué x C. colvert	0.0	0.0	0.0	0.0	0.0	0.0	0.0	0.0	0.0	0.0	0.0	0.0	0.0	0.0	0.0	0.0	0.0	0.0	0.0	4.175E-4	0.0	0.0	0.0	0.0	0.0	0.0	0.0	0.0	0.0	0.0	0.0	0.0	0.0	0.0	0.0	0.0	0.0	0.0	0.0	0.0015	0.0	0.0	0.0	0.0	0.0	0.0	8.772E-4	0.0	
Canard des Bahamas	0.0	0.0	6.72E-4	0.0	0.0	0.0	0.0	0.0	0.0	0.0	0.0	0.0	0.0	0.0	0.0	0.0	0.0	0.0	0.0	0.0	0.0	0.0	0.0	0.0	0.0015373	0.0	0.0	0.0	0.0	0.0	0.0	0.0	0.0	0.0	0.0	0.0	0.0	0.0	0.0	0.0	0.0	0.0	0.0	0.0	0.0	0.0	0.0	0.0	
Canard pilet	0.0212136	0.0329268	0.0362903	0.0150376	0.0122921	0.0086264	0.0149448	0.0134961	0.006008	0.009434	0.0119723	0.0076613	0.0054466	0.0090039	0.004491	0.0125812	0.0091447	0.0021775	0.0012523	4.175E-4	0.0	0.0	0.0	0.0012121	0.0	0.0	0.0	6.636E-4	8.688E-4	0.0	0.0028681	0.0061475	0.0143655	0.0312945	0.0240602	0.0243478	0.0310371	0.0431154	0.0420792	0.0219017	0.0301587	0.0235741	0.0246154	0.0421607	0.0242881	0.0250865	0.0298246	0.0305796	
Sarcelle d'hiver	0.0976813	0.1	0.0819892	0.0817043	0.0817064	0.0676841	0.0786225	0.0674807	0.0627503	0.0761456	0.0302457	0.0375	0.0185185	0.0298255	0.00998	0.0109578	5.379E-4	0.0	0.0	0.0012526	6.859E-4	0.0	0.0033755	0.0036364	0.0061491	0.0023923	0.0	0.0033179	0.0060817	0.0168856	0.0544933	0.0416667	0.0478851	0.0469417	0.0488722	0.044058	0.0590462	0.077886	0.0726073	0.0657051	0.0634921	0.0844106	0.1107692	0.1040843	0.0929648	0.0951557	0.104386	0.1433136	
Sarcelle d'été ou S. d'hiver	0.0	0.0	0.0	0.0	7.231E-4	0.0	0.0	0.0	0.0	0.0	0.0	0.0	0.0	0.0	0.0	0.0	0.0	0.0	0.0	0.0	0.0	0.0	0.0	0.0	0.0	0.0	0.0	0.0	0.0	0.0	0.0	6.831E-4	0.0	0.0	0.0	0.0	0.0	0.0	0.0	5.342E-4	0.0	0.0	0.0	0.0	8.375E-4	0.0	8.772E-4	9.128E-4	
Anas sp.	0.0	0.0	0.0	0.0	0.0	0.0	0.0	0.0	0.0	0.0	0.0	0.0	0.0	0.0	0.0	0.0	0.0	0.0	0.0	0.0	0.0	7.905E-4	0.0	0.0	0.0	0.0	0.0	0.0	0.0	0.0	0.0	0.0	0.0	0.0	0.0	0.0	0.0	0.0	0.0	0.0	0.0	0.0	0.0	0.0	0.0	0.0	0.0	0.0	
sarcelle sp.	0.0	0.0	0.0	0.0	0.0	0.0	0.0	0.0	0.0	0.0	0.0	0.0	0.0	0.0	4.99E-4	0.0	0.0	0.0	0.0	0.0	0.0	0.0	0.0	0.0	0.0	0.0	0.0	0.0	0.0	0.0	0.0	0.0015	0.0	0.0	0.0	0.0	0.0	0.0	0.0	5.342E-4	0.0	0.0	0.0	0.0	0.0	0.0	0.0	0.0	
anatidé sp. (canard barboteur sp.)	4.933E-4	0.0012195	6.72E-4	5.013E-4	0.0	0.0	0.0	0.0	6.676E-4	0.0	6.301E-4	0.0	0.0	0.0	0.0	4.058E-4	0.0	5.444E-4	0.0	0.0	0.0	0.0	8.439E-4	0.0	7.686E-4	0.0	0.0	0.0	0.0	0.0	9.56E-4	0.0	0.0	0.0	0.0	0.0	0.0	0.0	0.0	5.342E-4	7.937E-4	0.0	0.0	0.0	0.0	0.0025952	8.772E-4	0.0013692	
Sarcelle marbrée	4.933E-4	0.0	0.0	0.0	0.0	0.0	0.0	0.0	0.0	0.0	0.0	0.0012097	0.0021786	0.002251	9.98E-4	0.0028409	0.0037655	0.0043549	0.0075141	0.0012526	0.0048011	7.905E-4	0.0016878	0.0042424	0.0046118	0.0023923	0.0	0.0013271	0.0060817	0.0056285	0.0047801	0.0020492	0.0047885	0.0014225	7.519E-4	0.0	0.0	6.954E-4	0.0	5.342E-4	7.937E-4	0.0	0.0	0.0032938	0.001675	0.0	0.0	0.0	
Nette rousse	0.00148	0.0030488	0.0040323	0.0050125	0.0115691	0.0086264	0.0110461	0.0154242	0.0307076	0.0397574	0.0283554	0.0350806	0.0310458	0.0545864	0.0314371	0.038961	0.042496	0.0364725	0.0363181	0.0229645	0.0178326	0.0197628	0.0219409	0.0175758	0.008455	0.0023923	0.0042481	0.0072993	0.0130321	0.0075047	0.0162524	0.0075137	0.0055866	0.0085349	0.006015	0.004058	0.003028	0.0041725	0.0041254	0.0042735	7.937E-4	0.0030418	0.0061538	0.0059289	0.0050251	0.0025952	0.0061404	0.0036513	
Fuligule milouin	0.0	0.0012195	0.0	0.0010025	0.0028923	0.0	0.0	6.427E-4	0.0026702	0.0	0.0	0.0	0.0	5.627E-4	0.0	0.0012175	0.0010758	0.0	6.262E-4	0.0012526	6.859E-4	0.0	0.0	0.0	0.0	0.0015	8.496E-4	0.0019907	0.0034752	0.0046904	0.0076482	0.0040984	0.0015962	0.002845	0.006015	0.0034783	0.003028	0.0027816	0.0041254	0.0021368	0.0055556	0.008365	0.0069231	0.0079051	0.001675	0.0017301	0.0017544	4.564E-4	
Fuligule à bec cerclé	0.0039467	0.0	0.0	0.0030075	0.0028923	6.636E-4	0.0	6.427E-4	0.0046729	0.0015	6.301E-4	4.032E-4	0.0	0.0	0.0	0.0	0.0	0.0	0.0	0.0	0.0	0.0	0.0	0.0	0.0	0.0	0.0	0.0	0.0	0.0	0.0	0.0	0.0	0.0	0.0	0.0	0.0	0.0	0.0	0.0	7.937E-4	0.0106464	0.0038462	0.0	0.0	8.651E-4	8.772E-4	9.128E-4	
Fuligule nyroca	0.0	0.0	0.0	0.0	0.0	0.0	0.0	0.0	0.0	0.0	0.0	0.0	0.0	0.0	0.0	0.0	0.0	5.444E-4	0.0	0.0	0.0	0.0	0.0	0.0	0.0	0.0	0.0	0.0	0.0	0.0	9.56E-4	0.0	0.0	0.0	7.519E-4	0.0	7.57E-4	0.0	0.0	0.0	0.0	0.0	0.0030769	0.0039526	8.375E-4	0.0	0.0017544	0.0	
Fuligule morillon	0.0069068	0.0030488	0.0040323	0.0065163	0.0115691	0.0126078	0.005848	0.0109254	0.0160214	0.0080863	0.0018904	4.032E-4	0.0	0.0	0.0	0.0	0.0	0.0	0.0	0.0	0.0	0.0	0.0	0.0	0.0	0.0	0.0	0.0	0.0	0.0	0.0	0.0	0.0	0.0	0.0	0.0	0.0	0.0	0.0	0.0016026	0.0047619	0.0190114	0.0176923	0.013834	0.0067002	0.0077855	0.0078947	0.0100411	
Fuligule milouinan	0.00148	0.0	0.0	0.0010025	0.0	0.0	6.498E-4	0.0	0.0033378	0.0	0.0	0.0	0.0	0.0	4.99E-4	0.0016234	5.379E-4	0.0	0.0	0.0	0.0	0.0	0.0	0.0	0.0	0.0	0.0	0.0	0.0	0.0	0.0	0.0	0.0	0.0	0.0	0.0	0.0	0.0	8.251E-4	0.0	0.0	7.605E-4	0.0038462	0.0	0.0	0.0	0.0	9.128E-4	
Fuligule à tête noire	0.00148	0.0	0.0	0.0010025	0.0	0.0	0.0	0.0	0.0033378	0.0	0.0	0.0	0.0	0.0	0.0	0.0	0.0	0.0	0.0	0.0	0.0	0.0	0.0	0.0	0.0	0.0	0.0	0.0	0.0	0.0	0.0	0.0	0.0	0.0	0.0	0.0	0.0	0.0	0.0	0.0	0.0	0.0	0.0	0.0	0.0	0.0	0.0	4.564E-4	
fuligule sp.	4.933E-4	0.0	0.0	5.013E-4	0.0	0.0	0.0	0.0	0.0	0.0	0.0	0.0	0.0	0.0	0.0	0.0	0.0	0.0	0.0	0.0	0.0	0.0	0.0	0.0	0.0	0.0	0.0	0.0	8.688E-4	0.0	0.0	0.0	0.0	0.0	0.0	0.0	0.0	0.0	0.0	0.0	0.0	7.605E-4	7.692E-4	0.0013175	8.375E-4	8.651E-4	0.0	4.564E-4	
Macreuse noire	0.0069068	0.0121951	0.0087366	0.0080201	0.0043384	0.0072993	0.0045484	0.0077121	0.0153538	0.0161725	0.0138626	0.0153226	0.0125272	0.0106922	0.006986	0.0097403	0.006993	0.0016331	0.0018785	4.175E-4	0.0027435	0.001581	0.0	6.061E-4	0.0023059	0.0023923	0.0050977	0.01858	0.0173762	0.0140713	0.0114723	0.011612	0.0159617	0.0078236	0.0142857	0.0127536	0.011355	0.0125174	0.009901	0.0192308	0.0238095	0.0106464	0.0184615	0.0197628	0.0125628	0.017301	0.0070175	0.0068462	
Harle huppé	4.933E-4	0.002439	0.0	5.013E-4	0.0	0.0	0.0015	0.0	0.0	0.0	0.0	4.032E-4	0.0	5.627E-4	0.0	0.0	0.0	0.0	0.0	0.0	0.0	0.0	0.0	0.0	0.0	0.0	0.0	0.0	0.0	0.0	0.0	0.0	0.0	0.0	0.0	0.0	0.0	0.0	0.0	5.342E-4	0.002381	7.605E-4	0.0015385	0.002635	8.375E-4	0.0017301	0.0	4.564E-4	
anatidé sp. (canard sp.)	4.933E-4	0.0	6.72E-4	0.0	0.0	0.0	0.0	0.0	0.0	0.0	0.0	0.0	5.447E-4	5.627E-4	0.0	0.0	0.0	5.444E-4	6.262E-4	0.0	0.0	0.0015	0.0	6.061E-4	0.0	0.0	8.496E-4	0.0013271	8.688E-4	9.381E-4	0.0	0.0	7.981E-4	0.0	0.0	0.0	0.0	6.954E-4	0.0	0.0	0.0015873	7.605E-4	0.0015385	0.0013175	0.0	0.0	0.0017544	0.0015	
sauvagine sp.	4.933E-4	0.0012195	0.0	5.013E-4	0.0014461	6.636E-4	0.0	0.0	6.676E-4	6.739E-4	0.0	0.0	0.0	0.0015	0.0	0.0	0.0015	5.444E-4	6.262E-4	0.0	0.0	0.0	0.0	0.0018182	0.0	0.0	0.0	6.636E-4	0.0017376	0.0	0.0	0.0020492	0.0	0.0	0.0	5.797E-4	0.0	6.954E-4	0.0	0.0	0.0015	0.0	0.0	6.588E-4	0.0	0.0	0.0	0.0015	
Pintade de Numidie	0.0	0.0	0.0	0.0	0.0	0.0	0.0	0.0012853	0.0	0.0020216	0.0	0.0	0.0	0.0	0.0	0.0	0.0	0.0	0.0	0.0	0.0	0.0	0.0	0.0	0.0	0.0	0.0	0.0	8.688E-4	0.0	0.0	0.0	0.0	0.0	0.0	0.0	0.0	0.0	0.0	0.0	0.0	0.0	0.0	0.0	0.0	0.0	0.0	0.0	
Faisan de Colchide	0.0	6.098E-4	0.0	0.0	0.0	6.636E-4	0.0012995	0.0	6.676E-4	0.0	0.0018904	0.0012097	0.0010893	0.0016882	4.99E-4	0.0012175	0.0	0.0	0.0	8.351E-4	0.0	0.0	0.0	0.0	7.686E-4	0.0015	8.496E-4	0.0013271	8.688E-4	0.0028143	0.0	6.831E-4	7.981E-4	0.0014225	0.0	5.797E-4	0.0	0.0	8.251E-4	5.342E-4	0.0015873	7.605E-4	0.0	0.0	0.001675	0.0	0.0	4.564E-4	
Paon bleu	0.00148	0.0012195	6.72E-4	0.0015	7.231E-4	0.0013271	0.0015	0.003856	0.0015	0.0020216	0.0031506	0.0020161	0.0021786	0.004502	0.005489	0.0036526	0.0053792	0.0038106	0.0031309	0.0020877	0.0041152	0.0031621	0.0050633	0.0018182	0.0053805	0.0047847	0.0025489	0.0033179	8.688E-4	9.381E-4	0.0	0.0	0.0015962	7.112E-4	7.519E-4	0.0017391	0.001514	0.0013908	0.0024752	0.0032051	0.0015873	0.0022814	7.692E-4	0.0015	8.375E-4	0.0015	0.0017544	0.0013692	
Coq bankiva	9.867E-4	6.098E-4	0.0013441	0.0	0.0	0.0	0.0	0.0012853	0.0	0.0	0.0	0.0	0.0	0.0	4.99E-4	0.0	0.0	5.444E-4	0.0	0.0	0.0	0.0	8.439E-4	0.0	0.0	0.0	0.0	0.0	0.0	0.0	0.0	0.0	7.981E-4	0.0	0.0	0.0	0.0	0.0	0.0	0.0	0.0	0.0022814	0.0	0.0	0.0	0.0	8.772E-4	4.564E-4	
Caille des blés	4.933E-4	0.002439	6.72E-4	0.0055138	0.0065076	6.636E-4	0.0136452	0.0147815	0.0166889	0.0229111	0.0195337	0.0294355	0.0359477	0.0562746	0.0274451	0.0324675	0.0274341	0.0261296	0.0457107	0.0292276	0.021262	0.0252964	0.0295359	0.0242424	0.0130669	0.0151515	0.011045	0.0066357	0.0104257	0.0056285	0.0066922	0.0075137	0.0111732	0.0042674	0.0052632	0.004058	0.003785	0.0048679	0.0033003	0.0069444	0.0031746	0.0030418	0.0038462	0.0039526	0.0041876	8.651E-4	0.0017544	0.005477	
Perdrix rouge	0.0315738	0.0353659	0.0282258	0.0325815	0.0361533	0.0411413	0.0350877	0.0392031	0.0473965	0.0390836	0.047259	0.0483871	0.046841	0.0388295	0.0389222	0.0385552	0.041958	0.0266739	0.0256731	0.0217119	0.0205761	0.0158103	0.0202532	0.0206061	0.0169101	0.0366826	0.0271878	0.0384871	0.0338836	0.0384615	0.043021	0.045765	0.0351157	0.0533428	0.0518797	0.0446377	0.0514762	0.0438108	0.0429043	0.0416667	0.0349206	0.0250951	0.0284615	0.0283267	0.0301508	0.0354671	0.0210526	0.0314925	
Pigeon biset	0.4800197	0.5121951	0.5168011	0.5588972	0.5618221	0.540146	0.5328135	0.5327763	0.5473965	0.5498652	0.5595463	0.5508065	0.4727669	0.4614519	0.4810379	0.4529221	0.5180204	0.5106151	0.482154	0.4605428	0.5219479	0.5035573	0.5392405	0.5775758	0.5956956	0.5637959	0.55565	0.5580624	0.5664639	0.5281426	0.5143403	0.5464481	0.5075818	0.5341394	0.5270677	0.5211594	0.5306586	0.5319889	0.5140264	0.5048077	0.5	0.5148289	0.5107692	0.530303	0.5142379	0.5051903	0.5324561	0.4897307	
Pigeon colombin	0.0	0.0	0.0	0.0	0.0	0.0	0.0	0.0	0.0	0.0	0.0	0.0	0.0	0.0	0.0	0.0	0.0	0.0	0.0	0.0	0.0	7.905E-4	0.0	0.0	0.0	0.0	0.0	0.0	0.0	0.0	0.0	0.0	0.0	0.0	0.0	0.0	0.0	0.0	8.251E-4	0.0010684	0.0	7.605E-4	0.0	6.588E-4	0.0	0.0	0.0	0.0	
Pigeon ramier	0.2520967	0.2536585	0.2547043	0.2666667	0.3015184	0.2780358	0.3021442	0.3046272	0.299733	0.3180593	0.3295526	0.3262097	0.333878	0.3100732	0.3303393	0.3056006	0.3114578	0.3576483	0.3431434	0.3294363	0.3374486	0.3304348	0.3544304	0.3266667	0.3428132	0.3556619	0.353441	0.3291307	0.3370982	0.379925	0.3413002	0.3620219	0.3264166	0.3385491	0.3383459	0.3176812	0.317184	0.3018081	0.2755776	0.2911325	0.2777778	0.2707224	0.29	0.2971014	0.2855946	0.2794118	0.2640351	0.2332268	
Columba sp.	9.867E-4	0.0015	0.0	0.0015	0.0	0.0019907	6.498E-4	0.0015	0.0013351	6.739E-4	6.301E-4	4.032E-4	0.0	0.0016882	0.001497	4.058E-4	0.0010758	0.0010887	0.0031309	0.0016701	0.0027435	7.905E-4	0.0033755	6.061E-4	0.0023059	0.0015949	0.0	6.636E-4	8.688E-4	9.381E-4	0.0	0.0	0.0	0.0	0.0	0.0	7.57E-4	0.0	0.0016502	0.0	7.937E-4	7.605E-4	7.692E-4	6.588E-4	0.0	0.0	0.0017544	4.564E-4	
Tourterelle des bois	0.0	0.0	0.0	0.0	0.0	0.0	0.0	0.0	0.0	0.0013477	0.0012602	0.0012097	0.0038126	0.0078784	0.0179641	0.036526	0.0344271	0.0391943	0.0438322	0.0417537	0.0356653	0.026087	0.0379747	0.0284848	0.0338201	0.0215311	0.0220901	0.0192435	0.0234579	0.0309568	0.0286807	0.022541	0.0151636	0.0206259	0.012782	0.0052174	0.001514	0.0	0.0016502	0.0	0.0	0.0	0.0	0.0	0.0	0.0	0.0	0.0	
Tourterelle turque	0.2920572	0.2731707	0.3360215	0.324812	0.3347795	0.3510285	0.3677713	0.3476864	0.3291055	0.3369272	0.3497164	0.3818548	0.3899782	0.3669105	0.3992016	0.3806818	0.3550296	0.3843223	0.3938635	0.3645094	0.3930041	0.4213439	0.4118143	0.3787879	0.4012298	0.407496	0.404418	0.3961513	0.3657689	0.3818011	0.3718929	0.3510929	0.367917	0.3470839	0.387218	0.3449275	0.3633611	0.3171071	0.3217822	0.2970085	0.3095238	0.2889734	0.2892308	0.328722	0.3023451	0.2854671	0.2684211	0.2825194	
Tourterelle rieuse	0.0	0.0	0.0	0.0015	0.0	0.0	0.0	0.0	0.0	0.0	0.0	0.0	0.0	0.0	0.0	0.0	0.0	0.0	0.0	0.0	0.0	0.0	0.0	0.0	0.0	0.0	0.0	0.0	0.0	0.0	0.0	0.0	0.0	0.0	0.0	0.0	0.0	0.0	0.0	0.0	0.0	0.0	0.0	0.0	0.0	0.0	0.0	0.0	
Streptopelia sp.	0.0	0.0	0.0	0.0	0.0	0.0	0.0	6.427E-4	0.0	0.0	0.0	0.0	5.447E-4	5.627E-4	0.0015	0.0040584	0.0	5.444E-4	0.0	4.175E-4	6.859E-4	0.0	0.0	6.061E-4	0.0	0.0	0.0	0.0015	0.0	9.381E-4	0.0	0.0	0.0	7.112E-4	0.0	0.0	0.0	0.0	8.251E-4	5.342E-4	0.0	0.0	0.0	0.0	0.0	0.0	0.0	0.0	
Géopélie diamant	0.0	0.0	0.0	0.0	0.0	0.0	0.0	0.0	0.0	0.0	6.301E-4	0.0	0.0	0.0	0.0	0.0	0.0	0.0	0.0	0.0	0.0	0.0	0.0	0.0	0.0	0.0	0.0	0.0	0.0	0.0	0.0	0.0	0.0	0.0	0.0	0.0	0.0	0.0015	0.0	0.0	0.0	0.0	0.0	0.0	0.0	0.0	0.0	0.0	
columbidé sp.	0.0	6.098E-4	0.0	0.0	0.0	0.0	6.498E-4	0.0	0.0	0.0	0.0	0.0015	5.447E-4	0.0	4.99E-4	8.117E-4	0.0	0.0	0.0	4.175E-4	0.0013717	7.905E-4	0.0016878	0.0030303	0.0	0.0	8.496E-4	0.0033179	8.688E-4	0.0015	0.0	0.0	0.0	0.0021337	0.0015	5.797E-4	7.57E-4	6.954E-4	8.251E-4	0.0015	7.937E-4	0.0	0.0	0.0013175	0.0	0.0	0.0	9.128E-4	
Grande Outarde	0.0	0.0	0.0	0.0	0.0	0.0	0.0	0.0	0.0	0.0	0.0	0.0	0.0	0.0	0.0	0.0	0.0	0.0	0.0	0.0	0.0	0.0	0.0	6.061E-4	0.0015373	7.974E-4	0.0	0.0	0.0	0.0	9.56E-4	0.0	0.0	7.112E-4	0.0015038	5.797E-4	0.0	0.0	0.0	0.0	0.0	0.0	0.0	0.0	0.0	0.0	0.0	0.0	
Outarde canepetière	0.0	0.0	0.0013441	0.0030075	0.0028923	0.0015	6.498E-4	0.0	0.0	0.0	0.0	0.0	0.0	0.0	0.0	0.0	0.0	0.0	0.0	0.0	0.0	0.0	0.0	0.0	0.0	7.974E-4	0.0059473	0.0013271	0.004344	0.0028143	0.0038241	0.0027322	0.0047885	0.0056899	0.0082707	0.0034783	0.003785	0.0090403	0.0024752	0.0026709	0.002381	7.605E-4	0.0023077	0.002635	0.001675	0.0	0.0026316	0.0	
Coucou geai	0.0	0.0	0.0	0.0	0.0	0.0	0.0	0.0	6.676E-4	0.0015	0.0	0.0	0.0	0.0	0.0	4.058E-4	5.379E-4	0.0010887	6.262E-4	8.351E-4	6.859E-4	0.0015	0.0015	0.0024242	0.0015373	0.0015949	0.0025489	0.0019907	0.0017376	0.0018762	0.0	0.0	0.0	0.0	0.0	0.0	0.0	0.0	0.0	0.0	0.0	0.0	0.0	0.0	0.0	0.0	0.0	0.0	
Coucou gris	0.0	0.0	0.0	0.0	0.0	0.0	0.0	0.0	0.0	0.0	0.0018904	0.003629	0.0038126	0.006753	0.006487	0.0081169	0.0064551	0.0032662	0.0043832	0.0058455	0.0020576	0.001581	0.0	0.0030303	7.686E-4	0.0015949	0.0016992	0.0013271	8.688E-4	0.0028143	0.0	0.0	0.0015	0.0014225	0.0015	0.0	7.57E-4	0.0	0.0	0.0	0.0	0.0	0.0	0.0	0.0	0.0	0.0	0.0	
Engoulevent à collier roux	0.0	0.0	0.0	0.0	0.0	0.0	0.0	0.0	0.0	0.0	0.0	0.0	0.0	0.0	0.0	0.0	0.0	0.0	0.0	4.175E-4	0.0	7.905E-4	0.0	0.0	0.0	0.0	0.0	0.0	0.0	9.381E-4	0.0	0.0	0.0	0.0	0.0	0.0	0.0	0.0	0.0	0.0	0.0	0.0	0.0	0.0	0.0	0.0	0.0	0.0	
Engoulevent d'Europe	0.0	0.0	0.0	0.0	0.0	0.0	0.0	0.0	0.0	0.0	0.0	0.0	0.0	0.0	0.0	0.0015	0.0016138	0.0021775	0.0031309	0.0070981	0.0015	0.0039526	8.439E-4	0.0030303	0.0038432	0.0015	0.0033985	0.0053086	0.0026064	0.0046904	0.0066922	0.0013661	0.0031923	0.0035562	0.0015038	5.797E-4	0.001514	0.0	0.0	0.0015	7.937E-4	0.0	0.0	0.0	0.0	0.0	0.0	0.0	
Engoulevent à collier roux ou E. d'Europe	0.0	0.0	0.0	0.0	0.0	0.0	0.0	0.0	0.0	0.0	0.0	0.0	0.0	0.0	0.0	0.0	0.0	0.0	0.0	0.0	0.0	0.0	8.439E-4	0.0	0.0	0.0	0.0	6.636E-4	8.688E-4	0.0	0.0	0.0	0.0	0.0	0.0	0.0	0.0	0.0	0.0	0.0	0.0	0.0	0.0	0.0	0.0	0.0	0.0	0.0	
Martinet à ventre blanc	0.0	0.0	0.0	0.0	0.0	0.0	0.0	0.0	0.0	0.0	0.0	0.0048387	0.0065359	0.0061902	0.002994	0.0040584	0.0053792	0.0038106	0.0087664	0.0070981	0.0048011	0.0079051	0.0126582	0.009697	0.010761	0.0087719	0.0059473	0.004645	0.0052129	0.0046904	0.0028681	0.0040984	0.0047885	0.0021337	0.0037594	0.0023188	0.0015	0.0015	0.0	0.0	0.0	0.0	0.0	0.0	0.0	0.0	0.0	0.0	
Martinet noir	0.0	0.0	0.0	0.0	0.0	0.0	0.0	0.0	0.006008	0.0074124	0.0239445	0.0798387	0.127451	0.1789533	0.2240519	0.237013	0.2732652	0.3249864	0.3368817	0.3849687	0.3998628	0.3731225	0.3983122	0.3454545	0.3989239	0.3476874	0.3050127	0.2674187	0.2337098	0.2054409	0.1759082	0.159153	0.1268955	0.0981508	0.0661654	0.0272464	0.010598	0.0034771	0.0024752	0.0010684	7.937E-4	0.0	0.0	0.0	0.0	0.0	0.0015	0.0	
Martinet unicolore	4.933E-4	0.0012195	6.72E-4	0.002005	0.0043384	6.636E-4	0.0012995	0.0012853	0.0020027	0.0	0.0018904	0.0016129	0.001634	0.0016882	0.0015	0.0032468	0.0010758	0.0021775	0.0015	0.0025052	0.0027435	0.001581	0.0	0.0030303	0.0015373	7.974E-4	0.0042481	0.0059721	8.688E-4	0.0018762	0.0057361	6.831E-4	0.0015962	0.0	0.0015	5.797E-4	0.0015	0.0	0.0016502	0.0015	0.0015873	0.0015209	0.0107692	0.0072464	0.0033501	0.0017301	8.772E-4	0.0022821	
Martinet pâle	0.0	0.0	0.0	0.0	7.231E-4	0.0	0.0	0.0015	0.006008	0.0080863	0.0453686	0.1197581	0.1323529	0.1609454	0.1861277	0.1907468	0.2054868	0.2079477	0.2335629	0.2446764	0.2160494	0.2513834	0.2666667	0.2363636	0.2851653	0.2408293	0.2293968	0.2402123	0.2302346	0.2476548	0.2198853	0.2008197	0.1739824	0.1543385	0.1022556	0.0585507	0.0355791	0.0159944	0.0074257	0.0032051	7.937E-4	0.0	0.0	0.0	0.0	0.0	0.0	0.0	
Martinet noir ou M. pâle	0.0	0.0	0.0	0.0	0.0	0.0	0.0012995	0.0	0.0040053	0.0080863	0.0239445	0.0370968	0.0544662	0.0641531	0.0588822	0.0637175	0.0699301	0.0811105	0.0676268	0.068476	0.0816187	0.1067194	0.107173	0.090303	0.0983859	0.085327	0.086661	0.0736563	0.07298	0.0637899	0.0764818	0.056694	0.0494812	0.0561878	0.0406015	0.0202899	0.0204391	0.0034771	0.0033003	0.0021368	0.0	0.0	0.0	0.0	0.0	0.0	8.772E-4	0.0	
Martinet des maisons	0.0	0.0	0.0	0.0	0.0	0.0	0.0	0.0	0.0	0.0	0.0	0.0	0.0	0.0	0.0	0.0	0.0	0.0	0.0	0.0	0.0	0.0	0.0	0.0	0.0	0.0	0.0	0.0	0.0	0.0	0.0	0.0	0.0	0.0	0.0	0.0	0.0	0.0	0.0	0.0	7.937E-4	0.0	0.0	0.0	0.0	0.0	0.0	0.0	
Martinet cafre	0.0	0.0	0.0	0.0	0.0	0.0	0.0	0.0	0.0	0.0	0.0	0.0	0.0	0.0	0.0	0.0	0.0	0.0	0.0	0.0	6.859E-4	0.0	0.0	0.0	0.0	0.0	0.0	0.0	0.0	0.0	0.0	0.0	0.0	0.0	0.0	0.0	0.0	0.0	0.0	0.0	0.0	0.0	0.0	0.0	0.0	0.0	0.0	0.0	
Apus sp.	0.0	0.0	0.0	0.0	0.0	0.0	0.0	0.0	0.0	0.0	0.0	0.0	0.0	0.0	0.0	4.058E-4	0.0	0.0	0.0	4.175E-4	0.0	0.0	0.0	0.0	0.0	0.0	0.0	0.0	0.0	0.0	0.0	0.0	0.0	0.0	0.0	0.0	0.0	0.0	0.0	0.0	0.0015	0.0	0.0	0.0	0.0	0.0	0.0	0.0	
Apus ou Tachymarptis sp.	0.0015	0.0	6.72E-4	0.0	0.0	0.0	0.0	0.0015	6.676E-4	0.0	6.301E-4	8.065E-4	0.001634	5.627E-4	0.002994	0.0016234	0.0021517	0.0016331	0.0156544	0.0037578	0.0034294	0.0055336	8.439E-4	0.0157576	0.0092237	0.0015949	0.0	0.0039814	0.0017376	9.381E-4	0.0047801	6.831E-4	0.0015	7.112E-4	0.0030075	0.0011594	7.57E-4	0.0015	0.0	0.0	0.0	0.0	0.0	6.588E-4	0.0	0.0	0.0	9.128E-4	
apodidé sp.	0.0	0.0	0.0	0.0	0.0	0.0	0.0	0.0	0.0	0.0	0.0	0.0	0.0	0.0	0.0	4.058E-4	0.0	0.0	0.0	0.0	0.0	0.0	8.439E-4	0.0	0.0	0.0	0.0	0.0	0.0	9.381E-4	9.56E-4	6.831E-4	0.0	7.112E-4	0.0	0.0	0.0	0.0	0.0	0.0	0.0	0.0	0.0	0.0	0.0	0.0	0.0	0.0	
Râle d'eau	0.0088801	0.0152439	0.0107527	0.0090226	0.0101229	0.0112807	0.0097466	0.0102828	0.006008	0.0121294	0.0088217	0.003629	0.0038126	0.0033765	0.00499	0.0036526	0.0064551	0.0038106	0.0025047	0.0016701	0.0027435	0.0023715	0.0033755	0.0024242	0.0046118	0.0063796	0.0050977	0.0079628	0.013901	0.011257	0.0057361	0.0143443	0.0119713	0.0092461	0.0105263	0.0115942	0.00757	0.0139082	0.009901	0.0160256	0.015873	0.0114068	0.0115385	0.0118577	0.0125628	0.0060554	0.0175439	0.0159744	
Râle des prés	0.0	0.0015	0.0	0.0	0.0	0.0	0.0	0.0	0.0	0.0	0.0	0.0	0.0	0.0	0.0	0.0	0.0	0.0	0.0	0.0	0.0	0.0	0.0	0.0	0.0	0.0	0.0	0.0	0.0	0.0	0.0	0.0	0.0	0.0	0.0	0.0	0.0	0.0	0.0	0.0	0.0	0.0	0.0	0.0	0.0	0.0	0.0	0.0	
Marouette ponctuée	0.0	0.0	0.0	0.0	0.0	0.0	0.0	0.0	0.0013351	0.0	0.0	0.0	0.0	0.0	0.0	0.0	0.0	0.0	0.0	0.0	0.0	0.0	0.0	0.0	0.0	0.0	0.0	0.0	0.0	0.0	0.0	0.0	0.0	0.0	0.0	0.0	0.0	0.0	0.0	0.0	0.0	0.0	0.0	0.0	0.0	0.0	0.0	0.0	
Gallinule poule-d'eau	0.1154415	0.1341463	0.1081989	0.1052632	0.1142444	0.1035169	0.1072125	0.124036	0.1201602	0.1421833	0.1045999	0.1112903	0.0980392	0.1187394	0.0828343	0.0913149	0.0941366	0.0936309	0.0939261	0.0772443	0.0843621	0.0980237	0.1080169	0.0981818	0.0722521	0.0821372	0.0781648	0.0968812	0.10947	0.120075	0.1271511	0.1215847	0.1045491	0.1173542	0.1105263	0.0898551	0.1090083	0.1265647	0.1311881	0.1233974	0.1103175	0.1437262	0.1415385	0.1198946	0.1180905	0.1133218	0.1385965	0.1734368	
Foulque macroule	0.0414406	0.0402439	0.0389785	0.0315789	0.0477223	0.047777	0.0344379	0.0404884	0.0560748	0.0572776	0.0352867	0.0370968	0.0272331	0.033202	0.0409182	0.0491071	0.048951	0.03865	0.0419537	0.0304802	0.037037	0.0529644	0.0472574	0.0454545	0.0245965	0.0358852	0.0305862	0.0530856	0.0642919	0.0741088	0.0879541	0.068306	0.0598563	0.06899	0.0586466	0.0550725	0.0590462	0.0688456	0.070132	0.0582265	0.0619048	0.0768061	0.0684615	0.0704875	0.0577889	0.0527682	0.0649123	0.0698311	
Hybride Foulque macroule x F. caronculée	4.933E-4	0.0	0.0	5.013E-4	0.0	0.0026543	0.0	0.0	0.0	0.0	0.0	0.0	0.0	0.0	0.0	0.0	0.0	0.0	0.0	0.0	0.0	0.0	0.0	0.0	0.0	0.0	0.0	0.0	0.0	0.0	0.0	0.0	0.0	0.0	0.0	0.0	0.0	0.0	0.0	0.0	0.0	7.605E-4	0.0015385	0.0013175	8.375E-4	8.651E-4	0.0	0.0	
Foulque macroule ou F. caronculée	0.0	0.0	0.0	5.013E-4	7.231E-4	0.0	0.0	0.0	0.0	6.739E-4	0.0	0.0	0.0	5.627E-4	0.0	0.0	0.0	0.0	0.0	0.0	0.0	0.0	0.0	0.0	0.0	0.0	0.0	0.0	0.0	0.0	0.0	0.0	0.0	0.0	0.0	0.0	0.0	0.0	0.0	0.0	0.0	0.0	0.0	6.588E-4	0.0	0.0	0.0	0.0	
Talève sultane	0.0167736	0.0329268	0.0282258	0.0225564	0.0209689	0.023225	0.0292398	0.0308483	0.0193591	0.0309973	0.0239445	0.0254032	0.0223312	0.0438942	0.0284431	0.0316558	0.0360409	0.0250408	0.0350657	0.0175365	0.0171468	0.0197628	0.0168776	0.0236364	0.0130669	0.0207337	0.0144435	0.0179164	0.0338836	0.0393996	0.0592734	0.0382514	0.03751	0.0384068	0.0323308	0.0272464	0.0355791	0.038943	0.0371287	0.0267094	0.0333333	0.0228137	0.0346154	0.0263505	0.0293132	0.0311419	0.0245614	0.0319489	
gallinule, foulque ou talève sp.	0.0	0.0	0.0	0.0	0.0	0.0	0.0	0.0	0.0	0.0	0.0	4.032E-4	0.0	0.0	0.0	8.117E-4	0.0	5.444E-4	0.0	0.0015	0.0	0.0	0.0	0.0	0.0	0.0	0.0	0.0	0.0	0.0	0.0	0.0	0.0	7.112E-4	7.519E-4	0.0	0.0015	0.0013908	0.0	0.0010684	0.0	0.0	0.0	0.0	0.0	0.0	0.0	4.564E-4	
Grue cendrée	0.0	0.0	0.0	0.0	0.0	0.0	0.0	0.0	0.0	0.0	0.0	0.0	0.0	0.0	0.0	0.0	0.0	0.0	0.0	0.0	0.0	0.0	0.0	0.0	0.0	0.0	0.0	0.0	0.0	0.0	0.0	0.0	0.0	0.0	0.0	0.0	0.0	0.0	0.0	0.0	0.0	0.0	0.0	0.0015	0.0	0.0	0.0	0.0	
Oedicnème criard	4.933E-4	0.0012195	0.0013441	0.0015038	0.0	0.0	6.498E-4	0.0012853	0.0	0.0020216	6.301E-4	0.0016129	5.447E-4	0.0016882	0.0	0.0015	0.0010758	5.444E-4	6.262E-4	8.351E-4	6.859E-4	7.905E-4	0.0	6.061E-4	0.0023059	0.0	0.0	0.0013271	8.688E-4	9.381E-4	9.56E-4	0.0013661	0.0	0.0	0.0030075	5.797E-4	7.57E-4	6.954E-4	8.251E-4	5.342E-4	7.937E-4	0.0	0.0015	6.588E-4	8.375E-4	0.0017301	0.0	4.564E-4	
Échasse blanche	0.076961	0.072561	0.061828	0.0661654	0.0708604	0.0497678	0.0747238	0.0501285	0.0614152	0.0687332	0.0491493	0.058871	0.0566449	0.0911649	0.0723553	0.0799513	0.0855299	0.0762112	0.0832812	0.0613779	0.0624143	0.0837945	0.0675105	0.0769697	0.0499616	0.0598086	0.0526763	0.0597213	0.0842745	0.0853659	0.0975143	0.0771858	0.0726257	0.0697013	0.062406	0.0614493	0.0681302	0.081363	0.0618812	0.0625	0.0555556	0.0684411	0.0984615	0.0823452	0.0753769	0.0787197	0.0991228	0.1104518	
Avocette élégante	0.0695609	0.0847561	0.0732527	0.073183	0.0701374	0.0510949	0.071475	0.0578406	0.0500668	0.0532345	0.0485192	0.0298387	0.0223312	0.0461452	0.0239521	0.0340909	0.0311996	0.0272183	0.0319349	0.0192067	0.0144033	0.0094862	0.0109705	0.0145455	0.0053805	0.0063796	0.0050977	0.0159257	0.0243267	0.0168856	0.0325048	0.0368852	0.0422985	0.0426743	0.0481203	0.0498551	0.0787282	0.0757997	0.0759076	0.0806624	0.0650794	0.0661597	0.0953846	0.0895916	0.0871022	0.0804498	0.0894737	0.1127339	
Huîtrier pie	0.00296	6.098E-4	0.0020161	0.0025063	0.0021692	0.0019907	0.0019493	6.427E-4	0.0020027	6.739E-4	0.0031506	8.065E-4	0.0027233	0.0016882	4.99E-4	8.117E-4	0.0	0.0	0.0025047	0.0	6.859E-4	7.905E-4	8.439E-4	0.0	0.0	0.0015949	0.0016992	0.0013271	0.0034752	0.0018762	0.0066922	0.0054645	0.0127694	0.0099573	0.0120301	0.0057971	0.003028	0.0041725	0.0057756	0.0032051	0.0015873	7.605E-4	0.0	0.0046113	0.0	0.0	0.0035088	0.0018257	
Pluvier argenté	0.0537741	0.0585366	0.0517473	0.0511278	0.0484454	0.0278699	0.042885	0.0302057	0.0333778	0.0336927	0.0270951	0.0241935	0.0196078	0.0264491	0.0259481	0.0243506	0.02851	0.010343	0.014402	0.0025052	0.0027435	0.0031621	8.439E-4	0.0018182	0.0	0.0	0.0	0.0	0.0017376	0.0028143	0.0076482	0.0068306	0.0079808	0.0064011	0.0112782	0.0173913	0.0302801	0.0278164	0.0470297	0.0496795	0.0428571	0.0524715	0.0692308	0.0671937	0.0653266	0.067474	0.0719298	0.080785	
Pluvier doré	0.0256537	0.0317073	0.0215054	0.0205514	0.0065076	0.0106171	0.0103964	0.0089974	0.0033378	0.0	0.0025205	0.0012097	0.0	0.0	0.0	0.0	5.379E-4	0.0	0.0	0.0	0.0	0.0	0.0	0.0	0.0	0.0	0.0	0.0	0.0	0.0	0.0	0.0	7.981E-4	0.0021337	0.0052632	0.0052174	0.006056	0.0236439	0.0181518	0.0224359	0.0214286	0.0144487	0.0176923	0.0263505	0.0276382	0.0224913	0.0307018	0.0401643	
Pluvier bronzé	0.0	0.0	0.0	0.0	0.0	0.0	0.0	0.0	0.0	0.0	0.0	0.0	0.0	0.0	0.0	0.0	0.0	0.0	0.0	0.0	0.0	0.0	0.0	0.0	0.0	0.0	0.0	0.0	0.0	0.0	0.0	0.0	0.0	0.0	0.0	0.0	0.0	0.0	0.0	0.0080128	0.0055556	0.0	0.0	0.0	0.0	0.0	0.0	0.0	
Guignard d’Eurasie	0.0	0.0	0.0	0.0	0.0	0.0	0.0	0.0	0.0	0.0	0.0	0.0	0.0	0.0	0.0	0.0	0.0	0.0	0.0	0.0	0.0	0.0	0.0	0.0	0.0	0.0	0.0	0.0	0.0	0.0	0.0	0.0	0.0	0.0	0.0	0.0	0.0015	0.0	0.0	0.0	0.0	0.0	0.0	0.0	0.0	0.0	0.0	0.0	
Grand Gravelot	0.0631475	0.0634146	0.0584677	0.0546366	0.0563991	0.0497678	0.051332	0.0443445	0.0427236	0.0330189	0.0308759	0.0245968	0.0272331	0.0247608	0.0359281	0.0373377	0.0371167	0.0348394	0.0388228	0.006263	0.005487	0.0055336	0.0033755	0.0036364	0.0030746	0.0055821	0.0042481	0.0086264	0.0382276	0.0412758	0.0535373	0.0689891	0.0742219	0.0910384	0.1112782	0.097971	0.1090083	0.1119611	0.0981848	0.0918803	0.0706349	0.0722433	0.0892308	0.06917	0.0586265	0.0683391	0.0763158	0.088544	
Petit Gravelot	9.867E-4	0.0018293	0.0013441	5.013E-4	0.0028923	0.0033179	0.0038986	6.427E-4	0.0020027	0.0040431	0.005041	0.0084677	0.0021786	0.0039392	0.005988	0.0044643	0.0059172	0.0065324	0.003757	0.0050104	0.0061728	0.0094862	0.0084388	0.0042424	0.0030746	0.0087719	0.0076466	0.0132714	0.0225891	0.0206379	0.0095602	0.0143443	0.0087789	0.0085349	0.0082707	0.0086957	0.008327	0.0048679	0.0024752	0.0042735	0.0	0.0015209	7.692E-4	0.0013175	0.0025126	0.0	8.772E-4	0.0018257	
Grand Gravelot ou Petit Gravelot	0.0	0.0	0.0	0.0	0.0	0.0	0.0	0.0	0.0	0.0	0.0	0.0	0.0	0.0	0.0	0.0	5.379E-4	0.0	0.0	0.0	0.0	0.0	0.0	0.0	0.0	0.0	0.0	0.0	0.0	0.0	9.56E-4	0.0	0.0	0.0	0.0	0.0	0.0	0.0	0.0	0.0	0.0	0.0	0.0	0.0	0.0	0.0	0.0	0.0	
Vanneau huppé	0.1154415	0.1335366	0.0974462	0.0992481	0.0751988	0.0597213	0.0682261	0.027635	0.0173565	0.0141509	0.0056711	0.0012097	0.0	0.0	0.0	4.058E-4	0.0	0.0	0.0	0.0012526	0.0034294	0.0055336	0.0050633	0.0090909	0.0092237	0.0127592	0.0118946	0.023225	0.0269331	0.0337711	0.0535373	0.0478142	0.0558659	0.0554765	0.0443609	0.0405797	0.0696442	0.0876217	0.0808581	0.088141	0.0865079	0.1072243	0.1276923	0.1080369	0.1172529	0.0977509	0.1342105	0.1761753	
Gravelot à collier interrompu	0.0172669	0.0170732	0.0168011	0.0125313	0.0231381	0.0172528	0.0168941	0.0096401	0.0153538	0.0181941	0.020794	0.0217742	0.0245098	0.0292628	0.0264471	0.0397727	0.0392684	0.03865	0.0413275	0.0267223	0.0246914	0.0332016	0.0320675	0.0369697	0.0207533	0.0334928	0.0203908	0.0159257	0.0356212	0.0290807	0.0286807	0.0307377	0.0159617	0.0256046	0.0285714	0.0255072	0.0287661	0.0264256	0.0288779	0.017094	0.0166667	0.0106464	0.0123077	0.0111989	0.0092127	0.0181661	0.0122807	0.0164309	
Gravelot sp.	0.0	0.0	0.0015	0.0	0.0	6.636E-4	0.0	0.0	0.0013351	0.0	6.301E-4	0.0	0.0	0.0	0.0	0.0015	0.0	0.0	0.0	0.0	0.0	0.0	0.0	0.0	0.0	0.0	0.0	0.0	0.0	0.0	0.0	0.0	0.0	0.0	0.0	0.0	0.0	0.0	0.0	0.0	0.0	0.0	0.0	0.0	8.375E-4	0.0	8.772E-4	4.564E-4	
Courlis corlieu	0.0379872	0.0286585	0.030914	0.037594	0.032538	0.0325149	0.0292398	0.0205656	0.0327103	0.0235849	0.0308759	0.021371	0.0305011	0.0337648	0.0499002	0.0511364	0.0451856	0.0179641	0.0175329	0.0112735	0.0102881	0.0181818	0.0067511	0.0048485	0.0099923	0.015949	0.0339847	0.0404778	0.068636	0.0469043	0.040153	0.0464481	0.0438947	0.0320057	0.0473684	0.0423188	0.0446631	0.0278164	0.0280528	0.0352564	0.0309524	0.0311787	0.0430769	0.0401845	0.0301508	0.0432526	0.0394737	0.0438156	
Courlis hudsonien ou corlieu	0.0	0.0	0.0	0.0	0.0	0.0	0.0	0.0	0.0	0.0	0.0	0.0	0.0	0.0	0.0	0.0	0.0	0.0	0.0	0.0	0.0	0.0	0.0	0.0	0.0	0.0	0.0	0.0	0.0	0.0	0.0	0.0	0.0	0.0	0.0	0.0	0.0	0.0	0.0	0.0	7.937E-4	0.0	0.0	0.0	0.0	0.0	0.0	0.0	
Courlis cendré	0.0212136	0.0219512	0.016129	0.0160401	0.0159074	0.0072993	0.0155945	0.0102828	0.0033378	0.0040431	0.0031506	0.0032258	0.0021786	0.0028137	0.002994	0.0028409	0.0021517	0.0016331	6.262E-4	8.351E-4	0.0027435	0.001581	0.0016878	6.061E-4	0.0	0.0015949	0.0	0.0	0.0	0.0028143	9.56E-4	0.0027322	0.0015962	0.0	0.0030075	0.0028986	0.006056	0.0034771	0.0024752	0.0042735	0.0055556	0.0091255	0.0123077	0.0111989	0.0100503	0.0242215	0.0175439	0.0251027	
Courlis corlieu ou C. cendré	0.0	6.098E-4	0.0	0.0	0.0	0.0	0.0	0.0	0.0015	0.0	0.0	0.0	5.447E-4	5.627E-4	0.0015	4.058E-4	0.0	0.0	0.0	0.0	0.0	7.905E-4	0.0	0.0	0.0	7.974E-4	0.0	0.0	0.0	0.0	0.0	0.0	0.0	0.0	0.0	0.0	0.0	0.0	0.0	0.0	0.0	0.0	0.0	0.0	0.0	8.651E-4	0.0	9.128E-4	
Barge rousse	0.0197336	0.0170732	0.0094086	0.0120301	0.0122921	0.004645	0.0103964	0.0109254	0.0080107	0.0080863	0.0126024	0.0060484	0.0059913	0.0056275	0.006986	0.0137987	0.0048413	0.0016331	0.0018785	0.0012526	6.859E-4	0.0	0.0	0.0	0.0	0.0	0.0015	0.0	0.0017376	9.381E-4	0.0047801	0.0027322	0.009577	0.0199147	0.0368421	0.0191304	0.0189251	0.0166898	0.0132013	0.0144231	0.0063492	0.0098859	0.0230769	0.013834	0.0117253	0.0181661	0.0122807	0.0127796	
Barge à queue noire	0.0675876	0.0634146	0.0571237	0.0631579	0.0621837	0.0418049	0.065627	0.0565553	0.0514019	0.0485175	0.0308759	0.0314516	0.0234205	0.0444569	0.0229541	0.0292208	0.0274341	0.0195972	0.0262993	0.0167015	0.0192044	0.0197628	0.0261603	0.0309091	0.019216	0.0223285	0.0220901	0.0218978	0.0434405	0.0459662	0.0650096	0.0689891	0.066241	0.0753912	0.0661654	0.0689855	0.1074943	0.0820584	0.089934	0.0667735	0.0595238	0.0646388	0.0823077	0.0711462	0.0619765	0.0570934	0.054386	0.0848927	
Barge rouse ou B. à queue noire	0.0	0.0	0.0	5.013E-4	0.0	0.0	0.0	0.0	0.0	0.0	0.0	0.0	0.0	0.0	0.0	0.0	0.0	0.0	0.0	0.0	0.0	0.0	0.0	0.0	0.0	0.0	0.0	0.0	0.0	0.0	0.0	0.0	0.0	0.0	0.0	0.0	0.0	0.0	0.0	0.0	0.0	0.0	0.0	0.0	0.0	0.0	0.0	0.0	
barge sp.	0.0	0.0	0.0	0.0	0.0	0.0015	0.0	0.0	0.0	0.0	0.0	0.0	0.0	0.0	4.99E-4	0.0	0.0	0.0	0.0	0.0	0.0	0.0	0.0	0.0	7.686E-4	0.0	0.0	0.0	0.0	0.0	0.0	6.831E-4	0.0	0.0	0.0	0.0	0.0	0.0	0.0	0.0	0.0	0.0	0.0	0.0	0.0	0.0	0.0	0.0	
Bécassin à long bec	0.0	0.0	6.72E-4	5.013E-4	0.0	0.0	0.0	0.0	6.676E-4	0.0013477	0.0	0.0024194	5.447E-4	0.0033765	0.001497	0.0016234	0.0	0.0032662	0.0056356	0.0015	0.0	0.0	0.0	0.0	0.0	0.0015949	0.0	0.0	0.0	0.0	0.0	0.0	0.0	0.0021337	0.0015038	0.0023188	0.0	0.0027816	0.0	0.0015	0.0	0.0	0.0	0.0	0.0	0.0	0.0	0.0	
Bécassin à bec court ou B. à long bec	0.0	0.0	0.0	0.0	0.0	0.0	0.0	0.0	0.0	0.0	0.0	0.0	0.0	0.0	0.0	0.0	0.0	0.0	0.0	0.0	0.0	0.0	0.0	0.0	0.0	0.0	0.0	0.0	0.0	0.0	0.0	0.0	0.0	0.0	0.0	0.0	0.0	0.0	0.0	0.0	0.0	0.0	0.0	0.0	0.0	8.651E-4	0.0	0.0	
Bécassine sourde	0.0	6.098E-4	0.0	0.0015038	0.0014461	0.0	0.0	0.0	6.676E-4	0.0	0.0	4.032E-4	0.0	0.0	0.0	0.0	0.0	0.0	0.0	0.0	0.0	0.0	0.0	0.0	0.0	0.0	0.0	0.0	0.0	0.0	0.0	0.0	0.0	0.0	0.0	0.0	0.0	0.0	8.251E-4	0.0	0.0	0.0022814	0.0015	0.0	8.375E-4	8.651E-4	8.772E-4	0.0022821	
Bécasse des bois	4.933E-4	6.098E-4	6.72E-4	0.0015	0.0	0.0	0.0	0.0012853	0.0013351	0.0	0.0	0.0	0.0	0.0	0.0	0.0	0.0	0.0	0.0	0.0	0.0	0.0	0.0	0.0	0.0	0.0	0.0	0.0	0.0	0.0	0.0	0.0	0.0	0.0	0.0	0.0	0.0	0.0	0.0	0.0	0.0	0.0	0.0015385	6.588E-4	0.0015	0.0017301	8.772E-4	4.564E-4	
Bécassine des marais	0.072521	0.0859756	0.0705645	0.0641604	0.0520607	0.0451228	0.0591293	0.061054	0.0560748	0.0512129	0.0359168	0.0241935	0.0147059	0.0056275	0.003992	0.0012175	5.379E-4	5.444E-4	0.0	0.0	0.0	0.0	0.0	0.0	0.0	0.0	0.0	0.0	0.0017376	0.0046904	0.0258126	0.0382514	0.0422985	0.0476529	0.0556391	0.044058	0.0613172	0.0876217	0.0792079	0.0721154	0.068254	0.0707224	0.0815385	0.0764163	0.0753769	0.0804498	0.1035088	0.122775	
Phalarope à bec large	0.0044401	0.0073171	0.0013441	0.0015038	7.231E-4	6.636E-4	0.0	0.0	0.0	0.0	0.0	4.032E-4	0.0	0.0	0.0	8.117E-4	5.379E-4	0.0016331	0.0	8.351E-4	0.0	0.0	0.0	0.0	0.0	0.0	0.0	0.0	8.688E-4	9.381E-4	0.0038241	0.0027322	0.0031923	0.0021337	0.0022556	0.0023188	0.0	0.0013908	0.0	0.0026709	0.0071429	0.0030418	0.0069231	0.0072464	0.0025126	0.0095156	0.0017544	0.0036513	
Chevalier guignette	0.1080414	0.1237805	0.0994624	0.1067669	0.1062907	0.075647	0.0974659	0.0764781	0.0961282	0.0909704	0.0781348	0.0701613	0.0724401	0.0669668	0.0603792	0.044237	0.02851	0.0021775	0.003757	0.0012526	0.0	0.0	0.0016878	0.0145455	0.0207533	0.0470494	0.0586236	0.0856005	0.1303215	0.1444653	0.126195	0.1427596	0.1460495	0.1678521	0.1736842	0.1368116	0.1453444	0.1529903	0.1509901	0.1383547	0.1214286	0.1536122	0.15	0.129776	0.1113903	0.1280277	0.1464912	0.1697855	
Chevalier grivelé	0.0	0.0	0.0	0.0	0.0	0.0	0.0	0.0	0.0	0.0	0.0	0.0	0.0	0.0	0.0	0.0	0.0	0.0	0.0	0.0	0.0	0.0	0.0	0.0	0.0	0.0	0.0	0.0	0.0	0.0	0.0	0.0	0.0	0.0	0.0	0.0034783	7.57E-4	0.0	0.0	0.0	0.0	0.0	0.0	0.0	0.0	0.0	0.0	0.0	
Chevalier culblanc	0.0641342	0.0902439	0.0638441	0.0566416	0.0520607	0.0418049	0.05718	0.0385604	0.0453939	0.0545822	0.0327662	0.0322581	0.0283224	0.0230726	0.006986	4.058E-4	5.379E-4	0.0	0.0	0.0015	0.0	0.0071146	0.0126582	0.0218182	0.0215219	0.0287081	0.0280374	0.0457863	0.0582103	0.0637899	0.0640535	0.079235	0.056664	0.0697013	0.0684211	0.0452174	0.0582892	0.0674548	0.0635314	0.0747863	0.0587302	0.0889734	0.0746154	0.0750988	0.0745394	0.0717993	0.1061404	0.1250571	
Chevalier stagnatile	0.0	0.0	0.0	0.0	0.0	0.0	0.0	0.0	0.0	0.0	0.0	0.0	0.0	0.0	0.0	0.0	0.0	0.0	0.0	0.0	0.0	0.0	0.0	0.0024242	0.0015373	0.0	0.0	0.0	0.0	0.0	0.0	6.831E-4	0.0	0.0	0.0	0.0	0.0	6.954E-4	0.0	0.0	7.937E-4	7.605E-4	0.0	0.0	0.0	0.0	0.0	0.0	
Chevalier sylvain	0.0078934	0.0091463	0.0060484	0.0030075	0.0057845	0.0013271	0.0025991	0.001928	0.0020027	0.0026954	0.0031506	0.0016129	0.0021786	0.0084412	0.001996	0.0020292	0.0010758	0.0	0.0	0.0	0.0	0.0	0.0	0.0042424	0.0023059	0.0015949	0.0016992	0.0066357	0.0060817	0.0075047	0.0286807	0.0245902	0.0151636	0.0192034	0.0097744	0.0063768	0.005299	0.0027816	0.0	0.0064103	0.0047619	0.0030418	0.0053846	0.0039526	0.0033501	0.0034602	0.0017544	0.0146052	
Chevalier gambette	0.100148	0.1085366	0.0846774	0.0882206	0.0853218	0.0583942	0.0779727	0.0681234	0.070761	0.0721024	0.0560807	0.0508065	0.0294118	0.0433315	0.0234531	0.0239448	0.0274341	0.0136091	0.010645	0.005428	0.0020576	7.905E-4	0.0101266	0.0169697	0.0122982	0.0175439	0.0118946	0.0238885	0.0356212	0.0318949	0.0449331	0.0368852	0.0478851	0.0583215	0.0706767	0.066087	0.0749432	0.0820584	0.0775578	0.0678419	0.0634921	0.0844106	0.1123077	0.1007905	0.10134	0.0977509	0.1149123	0.1451392	
Chevalier à pattes jaunes	0.0	6.098E-4	0.0	0.0	0.0036153	0.0026543	6.498E-4	0.0015	6.676E-4	6.739E-4	6.301E-4	8.065E-4	5.447E-4	0.0	4.99E-4	0.0036526	5.379E-4	0.0	0.0	0.0	0.0	0.0	0.0	0.0	0.0	0.0	0.0	0.0	0.0	0.0	0.0	0.0	0.0	0.0	0.0	0.0	0.0	0.0	0.0	0.0090812	0.0	0.0	0.0076923	0.0019763	8.375E-4	0.0	0.0	0.0015	
Chevalier arlequin	0.0256537	0.0335366	0.0188172	0.0185464	0.0260304	0.0112807	0.0136452	0.0096401	0.0073431	0.0107817	0.0081916	0.0056452	0.0065359	0.0135059	0.005988	0.0064935	0.0059172	0.0021775	0.0025047	0.0	0.0	0.0	0.0	0.0084848	0.0046118	0.007177	0.0016992	0.0053086	0.0060817	0.0056285	0.0133843	0.0170765	0.0151636	0.0092461	0.0120301	0.0150725	0.012869	0.0222531	0.0123762	0.0138889	0.018254	0.018251	0.0230769	0.0316206	0.0234506	0.0190311	0.0333333	0.0429028	
Chevalier aboyeur	0.0582141	0.0731707	0.0571237	0.047619	0.0419378	0.0318514	0.0389864	0.0263496	0.0280374	0.037062	0.0226843	0.0241935	0.0179739	0.0275746	0.0164671	0.0150162	0.0118343	0.005988	0.0075141	0.0012526	0.005487	0.001581	0.0042194	0.0024242	0.0038432	7.974E-4	8.496E-4	0.0033179	0.0078193	0.0084428	0.0152964	0.0184426	0.0223464	0.0177809	0.0278195	0.0150725	0.015897	0.0215577	0.0272277	0.0261752	0.0293651	0.0410646	0.0476923	0.055336	0.0477387	0.0484429	0.077193	0.1036057	
Tringa sp.	9.867E-4	0.0	0.0	0.0015	0.0	0.0	0.0	0.0	0.0	0.0	0.0	0.0	0.0	0.0	0.0	0.0	0.0	0.0	0.0	0.0	0.0	0.0	0.0	0.0	0.0	0.0	0.0	0.0	0.0	0.0	0.0	0.0015	0.0015962	0.0	0.0	0.0	7.57E-4	0.0	0.0	0.0	0.0	0.0	7.692E-4	0.0	0.0	0.0	8.772E-4	0.0	
Tournepierre à collier	0.0902812	0.0981707	0.0840054	0.0837093	0.0694143	0.0822827	0.0630279	0.0713368	0.0667557	0.0512129	0.0491493	0.0447581	0.0511983	0.0348903	0.0429142	0.044237	0.0365788	0.0185084	0.0187852	0.0129436	0.0192044	0.026087	0.0151899	0.0133333	0.0199846	0.0151515	0.0246389	0.0358328	0.050391	0.0487805	0.0497132	0.0587432	0.0686353	0.0633001	0.0857143	0.0886957	0.0870553	0.0757997	0.0882838	0.0854701	0.0793651	0.0874525	0.0838462	0.0909091	0.0720268	0.0951557	0.0842105	0.0903697	
Bécasseau maubèche	0.0019734	0.0018293	0.0013441	0.0010025	7.231E-4	0.0013271	0.0	0.0	0.0	0.0	6.301E-4	0.0016129	0.0	0.0	0.0	0.0016234	0.0016138	0.0027218	0.0043832	4.175E-4	0.0	0.0	0.0	0.0	0.0	0.0	0.0059473	0.0013271	0.0	9.381E-4	9.56E-4	0.0020492	0.0055866	0.0071124	0.0135338	0.0086957	0.005299	0.0048679	0.0057756	0.0010684	0.0015873	0.0	0.0015385	0.0039526	0.0025126	0.0034602	0.0061404	0.0018257	
Combattant varié	0.0315738	0.0329268	0.0322581	0.0215539	0.0238612	0.0152621	0.014295	0.0179949	0.0106809	0.009434	0.0100819	0.0173387	0.0147059	0.0258863	0.0134731	0.0158279	0.0118343	0.0087099	0.0093926	8.351E-4	0.0	0.0	0.0	0.0012121	0.0023059	0.0087719	0.0025489	0.0145985	0.0112945	0.0187617	0.041109	0.0321038	0.0478851	0.0547653	0.0518797	0.0376812	0.0431491	0.0417246	0.029703	0.0240385	0.0174603	0.0243346	0.03	0.0382082	0.0335008	0.0233564	0.0342105	0.044272	
Bécasseau cocorli	0.0044401	0.0018293	0.0013441	0.0035088	0.0021692	6.636E-4	0.0012995	0.001928	0.0013351	0.0013477	6.301E-4	0.0016129	0.001634	0.002251	0.002495	0.0056818	0.0080689	0.0010887	0.0025047	4.175E-4	6.859E-4	7.905E-4	0.0	0.0	0.0	0.0	0.0	0.0	0.0017376	0.0065666	0.0076482	0.0068306	0.0039904	0.0078236	0.0180451	0.0168116	0.013626	0.0236439	0.0074257	0.0053419	0.0055556	0.0030418	0.0123077	0.0046113	0.0033501	0.0034602	0.0026316	0.0063898	
Bécasseau de Temminck	4.933E-4	0.0012195	0.0026882	0.002005	7.231E-4	6.636E-4	6.498E-4	0.0012853	0.0	6.739E-4	6.301E-4	4.032E-4	0.0	0.0015	9.98E-4	8.117E-4	0.0	0.0	0.0	0.0	0.0	0.0	0.0	0.0	0.0	0.0	0.0	0.0	8.688E-4	0.0	0.0	0.0013661	0.0039904	0.0035562	7.519E-4	5.797E-4	0.0	6.954E-4	0.0016502	0.0021368	0.0015873	0.0045627	0.0015385	6.588E-4	0.001675	0.0	0.0026316	0.0022821	
Bécasseau rousset	0.0	0.0	0.0	0.0	0.0	0.0	0.0	0.0	0.0	0.0	0.0	0.0	0.0	0.0	0.0	0.0	0.0	0.0	0.0	0.0	0.0	0.0	0.0	0.0	0.0	0.0	0.0	0.0	0.0	0.0	0.0	0.0	0.0	0.0	7.519E-4	0.0	0.0	0.0	0.0	0.0	0.0	0.0	0.0	0.0	0.0	0.0	0.0	0.0	
Bécasseau sanderling	0.0532807	0.0573171	0.0551075	0.0461153	0.0433839	0.0643663	0.0415854	0.0411311	0.0427236	0.0249326	0.0289855	0.0217742	0.0212418	0.0213844	0.0164671	0.0194805	0.0118343	0.0076211	0.0050094	0.0033403	0.0034294	7.905E-4	0.0	0.0012121	7.686E-4	7.974E-4	0.0076466	0.0086264	0.0121633	0.011257	0.0286807	0.0286885	0.0415004	0.044808	0.056391	0.053913	0.0333081	0.04242	0.0363036	0.0325855	0.0333333	0.0494297	0.0446154	0.044137	0.0410385	0.0467128	0.0526316	0.0492926	
Bécasseau variable	0.0527874	0.0579268	0.0389785	0.037594	0.0361533	0.01858	0.0259909	0.0205656	0.0226969	0.0168464	0.0189036	0.0193548	0.0147059	0.0275746	0.0289421	0.0438312	0.0441097	0.034295	0.0344396	0.0150313	0.0082305	0.0047431	0.0033755	0.0030303	0.0061491	0.0079745	0.0135939	0.0159257	0.0408341	0.0393996	0.0334608	0.0409836	0.0510774	0.0469417	0.0684211	0.0562319	0.0552612	0.0667594	0.0519802	0.0496795	0.0349206	0.0585551	0.0730769	0.0658762	0.0628141	0.0614187	0.0719298	0.0794158	
Bécasseau violet	0.0143069	0.0164634	0.0134409	0.0120301	0.0086768	0.0165893	0.0129955	0.0134961	0.0153538	0.0087601	0.0056711	0.0068548	0.0087146	0.004502	0.003493	0.005276	0.0043034	0.0016331	0.0	0.0025052	0.0	0.0	0.0	0.0	0.0	0.0	0.0	0.0	0.0	0.0	0.0	0.0	0.0	0.0	0.0	0.0	0.0	0.0	8.251E-4	0.0	0.0063492	0.0091255	0.0084615	0.0144928	0.0175879	0.0242215	0.0157895	0.0196257	
Bécasseau de Baird	0.0	0.0015	0.0	0.0	0.0	0.0	0.0	0.0	0.0	0.0	0.0	0.0	0.0	0.0	0.0	0.0	0.0	0.0	0.0	0.0	0.0	0.0	0.0	0.0	0.0	0.0	0.0	0.0	0.0	0.0	0.0	0.0	0.0	0.0	0.0	0.0	0.0	0.0097357	0.0	0.0	0.0	0.0	0.0	0.0	0.0	0.0	0.0	0.0013692	
Bécasseau minute	0.0118402	0.0097561	0.0094086	0.0070175	0.0065076	0.0019907	0.0051982	0.001928	0.0046729	0.0060647	0.0056711	0.0064516	0.0070806	0.0140687	0.0134731	0.0117695	0.0129102	0.0048993	0.0025047	0.0	0.0	7.905E-4	0.0	0.0	0.0	0.0	0.0	0.0039814	0.0130321	0.0084428	0.0114723	0.0068306	0.0111732	0.014936	0.0240602	0.0168116	0.015897	0.0215577	0.019802	0.0176282	0.0095238	0.0121673	0.0307692	0.0197628	0.0150754	0.0190311	0.0175439	0.0187129	
Bécasseau tacheté	0.0	0.0	0.0	0.0	0.0	0.0	0.0	0.0	0.0	0.0	0.0	0.0	0.0	0.0	0.0	0.0	0.0	0.0	0.0	0.0	0.0	0.0	0.0	0.0	0.0	0.0	0.0	0.0	0.0	0.0	0.0	0.0	0.0	0.0	0.0	0.0	0.003028	6.954E-4	0.0	5.342E-4	0.0	0.0	0.0	0.0	0.0	0.0	0.0	0.0	
Bécasseau semipalmé	0.0	0.0	0.0	0.0	0.0	0.0	0.0	0.0	0.0	0.0	0.0	0.0	0.0	0.0	0.0	0.0	0.0	0.0	0.0	0.0	0.0	0.0	0.0	0.0	0.0	0.0	0.0	0.0	0.0	0.0	0.0	0.0	0.0	0.0	0.0	0.0028986	0.0	0.0	0.0	0.0	0.0	0.0	0.0	0.0	0.0	0.0	0.0	0.0	
Calidris sp. (petit bécasseau sp.)	4.933E-4	6.098E-4	6.72E-4	0.0	0.0	6.636E-4	6.498E-4	6.427E-4	0.0013351	0.0	0.0	0.0	5.447E-4	0.0011255	0.0	4.058E-4	5.379E-4	0.0010887	6.262E-4	8.351E-4	0.0	0.0	0.0	0.0	0.0	0.0	0.0	0.0019907	0.0	0.0	9.56E-4	0.0020492	7.981E-4	7.112E-4	0.0015038	0.0	0.001514	0.0	0.0	5.342E-4	0.0	0.0	7.692E-4	0.0	0.0	0.0	0.0035088	4.564E-4	
Calidris sp.	0.0	6.098E-4	0.0013441	0.0	7.231E-4	0.0	0.0	0.0	0.0	6.739E-4	0.0	0.0	5.447E-4	0.0	0.0	4.058E-4	0.0	5.444E-4	0.0	0.0	0.0	0.0	0.0	0.0	0.0	7.974E-4	0.0	0.0	8.688E-4	9.381E-4	0.0	0.0	7.981E-4	0.0014225	0.0	5.797E-4	0.0	6.954E-4	0.0016502	5.342E-4	0.0	0.0	0.0015385	0.0013175	0.0	0.0015	0.0	0.0015	
grand limicole sp.	4.933E-4	0.0	0.0	0.0	0.0	0.0	0.0	0.0	0.0	0.0	0.0	0.0	0.0	0.0	4.99E-4	8.117E-4	5.379E-4	0.0	0.0	0.0	0.0	0.0	0.0	0.0	0.0	0.0	0.0	0.0	0.0	0.0	0.0	0.0	0.0	0.0	0.0	0.0	0.0	0.0	0.0	0.0	0.0015	0.0	0.0	6.588E-4	0.0	0.0	8.772E-4	0.0	
Glaréole à collier	0.0	0.0	0.0	0.0	0.0	0.0	0.0	0.0	0.0	0.0	6.301E-4	0.0120968	0.0168845	0.0444569	0.0234531	0.0275974	0.0242066	0.0272183	0.0413275	0.0283925	0.0246914	0.0324111	0.0185654	0.02	0.0076864	0.0063796	0.0093458	0.0072993	0.0034752	9.381E-4	0.0028681	6.831E-4	7.981E-4	0.0	0.0015038	0.0	0.0	0.0	0.0	0.0	0.0	0.0	0.0	0.0	0.0	0.0	0.0	0.0	
limicole sp.	0.0	0.0	0.0	5.013E-4	0.0	0.0	0.0	0.0	6.676E-4	0.0	0.0	4.032E-4	0.0	0.0	0.0	4.058E-4	0.0	0.0	6.262E-4	0.0	6.859E-4	0.0	0.0	6.061E-4	0.0	7.974E-4	0.0	0.0	0.0034752	9.381E-4	0.0	6.831E-4	7.981E-4	0.0014225	0.0	0.0	7.57E-4	0.0	0.0	5.342E-4	0.0015873	7.605E-4	7.692E-4	6.588E-4	0.0	8.651E-4	0.0017544	0.0	
Labbe à longue queue	0.0	0.0	0.0	0.0	0.0	0.0	0.0	0.0	0.0	0.0	0.0	4.032E-4	0.0	0.0	0.0	4.058E-4	0.0	0.0	0.0	0.0	0.0	0.0	0.0	6.061E-4	0.0	0.0	0.0	0.0	8.688E-4	0.0	0.0	0.0020492	7.981E-4	0.0021337	7.519E-4	5.797E-4	0.0	0.0	0.0	0.0	0.0	0.0	0.0	0.0	0.0	0.0	0.0	0.0	
Labbe parasite	4.933E-4	0.0	6.72E-4	0.002005	7.231E-4	0.0039814	0.0045484	0.0025707	0.0026702	0.0013477	0.0056711	0.008871	0.0114379	0.0084412	0.007485	0.0085227	0.0021517	0.0016331	0.0031309	0.0037578	0.0013717	0.001581	0.0033755	0.0072727	0.0053805	0.0095694	0.0101954	0.0119443	0.0060817	0.0056285	0.0124283	0.0136612	0.0255387	0.0184922	0.0203008	0.0127536	0.008327	0.0090403	0.0148515	0.0112179	0.0063492	0.0	0.0015385	0.002635	8.375E-4	8.651E-4	0.0017544	9.128E-4	
Labbe à longue queue ou L. parasite	0.0	0.0	0.0	0.0	0.0	0.0	0.0	0.0	0.0	0.0	0.0	0.0	0.0	0.0	0.0	0.0	0.0	0.0	0.0	0.0	0.0	0.0	0.0	0.0	0.0	0.0	0.0	0.0	0.0	0.0	0.0	0.0	0.0	0.0	0.0	0.0	0.0	0.0	0.0	0.0010684	7.937E-4	0.0	0.0	0.0	0.0	0.0	0.0	0.0	
Labbe pomarin	0.0	6.098E-4	0.0013441	0.0010025	7.231E-4	0.0013271	0.0015	6.427E-4	0.0013351	6.739E-4	0.0018904	8.065E-4	0.0010893	0.0016882	0.001497	0.0016234	5.379E-4	0.0016331	6.262E-4	4.175E-4	0.0020576	0.001581	0.0016878	0.0018182	0.0038432	0.0015949	0.0059473	0.004645	0.0034752	0.0	0.001912	0.0061475	0.0135674	0.0092461	0.012782	0.0092754	0.005299	0.0034771	0.0074257	0.008547	0.0039683	0.0	7.692E-4	6.588E-4	0.0	8.651E-4	0.0	4.564E-4	
Labbe parasite ou L. pomarin	4.933E-4	0.0	0.0	5.013E-4	0.0	0.0	0.0	0.0	0.0	0.0	0.0	0.0	0.0	0.0	0.0	4.058E-4	0.0	5.444E-4	0.0	0.0	0.0	0.0	0.0	0.0	0.0	0.0	0.0	0.0013271	0.0017376	0.0	0.0	6.831E-4	7.981E-4	7.112E-4	0.0022556	0.0	0.001514	0.0	0.0016502	0.0015	0.002381	7.605E-4	7.692E-4	0.0	0.0	0.0	8.772E-4	0.0	
Grand Labbe	0.0123335	0.0170732	0.016129	0.0130326	0.0079537	0.0126078	0.0110461	0.0102828	0.0166889	0.0121294	0.0126024	0.0120968	0.0092593	0.0073157	0.002994	0.0060877	0.0026896	0.0032662	0.0056356	0.005428	0.0061728	0.0079051	0.0033755	0.0036364	0.0030746	0.0087719	0.0135939	0.013935	0.018245	0.0140713	0.0124283	0.0122951	0.0247406	0.0177809	0.0278195	0.0197101	0.0181681	0.0132128	0.0214521	0.0245726	0.0293651	0.0129278	0.0161538	0.016469	0.0125628	0.017301	0.0078947	0.0123231	
Labbe de McCormick	0.0	0.0	0.0	0.0	0.0	0.0	0.0	0.0	0.0	0.0	0.0	0.0	0.0	0.0	0.0	0.0	0.0	0.0	0.0	0.0	0.0	0.0	0.0	0.0	0.0	0.0	0.0	0.0	0.0	0.0	0.0	0.0	0.0	0.0	0.0	0.0	0.0	0.0	0.0	0.0	7.937E-4	0.0	0.0	0.0	0.0	0.0	0.0	0.0	
labbe sp. (groupe Catharacta)	0.0	0.0	0.0	5.013E-4	0.0	0.0	0.0	0.0	0.0	0.0	0.0	0.0	5.447E-4	0.0	0.0	0.0	0.0	0.0	0.0	0.0	0.0	7.905E-4	0.0	0.0	0.0	0.0	8.496E-4	0.0	0.0	0.0	0.0015	0.0	7.981E-4	0.0014225	0.0015	0.0	0.0	0.0	0.0	0.0	0.0	0.0	7.692E-4	0.0	0.0	0.0	0.0	0.0	
labbe sp.	0.0	0.0	0.0	0.0	0.0	0.0	0.0	0.0	0.0	0.0	0.0	0.0	0.0	0.0	0.0	0.0	0.0	0.0	0.0	4.175E-4	0.0	0.0	0.0	0.0	0.0	0.0015949	0.0	0.0013271	0.0017376	0.0	9.56E-4	0.0013661	0.0015962	7.112E-4	0.0015038	0.0011594	0.0	0.0013908	8.251E-4	0.0	7.937E-4	0.0	0.0	0.0	8.375E-4	0.0	0.0	4.564E-4	
Macareux moine	0.0024667	0.002439	0.0040323	0.0025063	0.0021692	0.0026543	0.0019493	0.0	6.676E-4	0.0013477	6.301E-4	8.065E-4	5.447E-4	5.627E-4	4.99E-4	8.117E-4	0.0010758	0.0	0.0	4.175E-4	0.0	0.0	0.0	0.0	0.0	0.0	0.0	0.0	0.0	0.0	0.0	6.831E-4	0.0	0.0	0.0	0.0	0.0	0.0	0.0	5.342E-4	7.937E-4	0.0	0.0038462	0.002635	0.0025126	0.0051903	8.772E-4	0.0022821	
Pingouin torda	0.0138135	0.022561	0.0188172	0.0150376	0.0122921	0.0099536	0.0103964	0.0089974	0.0140187	0.0107817	0.0088217	0.0076613	0.0070806	0.0084412	0.006487	0.0085227	0.0043034	0.0038106	0.003757	0.0016701	6.859E-4	0.0	0.0	0.0012121	0.0	0.0	0.0	0.0	0.0	0.0	0.0	0.0	0.0	0.0	0.0	0.0	0.0	0.0013908	0.0016502	0.0042735	0.0134921	0.0068441	0.0123077	0.0256917	0.0142379	0.0207612	0.0131579	0.0114103	
Mergule nain	0.0	6.098E-4	0.0	0.0	0.0	0.0	0.0	0.0	0.0	0.0	0.0	0.0	0.0	0.0	0.0	0.0	0.0	0.0	0.0	0.0	0.0	0.0	0.0	0.0	0.0	0.0	0.0	0.0	0.0	0.0	0.0	0.0	0.0	0.0	0.0	0.0	0.0	0.0	0.0	0.0	0.0	0.0	0.0	0.0	0.0	0.0	0.0	0.0	
Guillemot de Troïl	0.0054267	0.004878	0.0100806	0.0055138	0.0057845	0.0033179	6.498E-4	6.427E-4	0.0020027	6.739E-4	0.0018904	0.0012097	0.001634	0.0016882	0.002994	0.0016234	0.0016138	5.444E-4	0.0	4.175E-4	6.859E-4	0.0	8.439E-4	0.0	0.0	0.0	0.0	0.0	0.0	0.0	0.0	0.0	0.0	0.0	0.0	0.0	0.0	0.0	0.0	0.0	0.0	7.605E-4	0.0015385	0.0059289	0.0050251	0.0086505	0.004386	0.0045641	
Alca ou Uria sp.	0.00148	0.0	0.0	5.013E-4	0.0	0.0	0.0	0.0	0.0	0.0	0.0	8.065E-4	5.447E-4	0.0	0.0	0.0	0.0	0.0	0.0	0.0	0.0	0.0	0.0	0.0	0.0	0.0	0.0	0.0	0.0	0.0	0.0	0.0	0.0	0.0	0.0	0.0	0.0	0.0	0.0	0.0	0.0	0.0	0.0	0.0	0.0	0.0017301	0.0	0.0	
alcidé sp.	0.0019734	0.0054878	0.0013441	5.013E-4	0.0014461	0.0019907	0.0012995	0.0	0.0013351	0.0013477	0.0018904	0.0	0.0	0.0	0.0	0.0	5.379E-4	0.0	0.0	0.0	0.0	0.0	0.0	0.0	0.0	0.0	0.0	0.0	0.0	0.0	0.0	0.0	0.0	0.0	7.519E-4	0.0	0.0	6.954E-4	0.0	0.0	7.937E-4	7.605E-4	0.0	0.0019763	0.0025126	0.0	8.772E-4	0.0018257	
Mouette pygmée	0.0034534	0.0073171	0.0094086	0.0070175	0.0079537	0.004645	6.498E-4	0.0	0.0	0.0	0.0	8.065E-4	0.0015	0.0	0.0	0.0	0.0	0.0	0.0	0.0	0.0	0.0	0.0	0.0	0.0	0.0	0.0	0.0	0.0	0.0	0.0	0.0	7.981E-4	0.0	7.519E-4	0.0011594	0.0	0.0	8.251E-4	5.342E-4	7.937E-4	7.605E-4	0.0053846	0.0111989	0.001675	0.0069204	0.0122807	0.0063898	
Mouette tridactyle	0.0069068	0.0128049	0.0100806	0.0045113	0.0043384	0.0039814	0.0025991	6.427E-4	0.0	0.0033693	6.301E-4	0.0	5.447E-4	5.627E-4	9.98E-4	0.0	5.379E-4	0.0	0.0	4.175E-4	0.0	0.0	0.0	0.0	0.0	0.0	0.0	0.0	0.0	0.0	0.0	0.0	0.0	0.0	0.0	0.0	0.0	0.0	0.0016502	5.342E-4	7.937E-4	0.0	0.0115385	0.0111989	0.0117253	0.0138408	0.0061404	0.0036513	
Mouette de Sabine	0.0	0.0	0.0	0.0	0.0	0.0	0.0	0.0	0.0	0.0	6.301E-4	0.0	0.0	5.627E-4	4.99E-4	8.117E-4	0.0	0.0	6.262E-4	0.0016701	6.859E-4	0.0	0.0	6.061E-4	0.0015373	7.974E-4	0.0	6.636E-4	8.688E-4	0.0	0.0	6.831E-4	0.0	0.0	0.0	5.797E-4	7.57E-4	0.0	8.251E-4	0.0010684	7.937E-4	0.0	7.692E-4	0.0013175	0.0	0.0025952	0.0017544	0.0	
Mouette de Bonaparte	9.867E-4	6.098E-4	0.0	5.013E-4	0.0028923	0.0033179	6.498E-4	0.0025707	0.0073431	0.0013477	0.0044108	0.0012097	0.0	0.0	0.0	0.0	0.0	0.0	0.0	0.0	0.0	0.0	0.0	0.0	0.0	0.0	0.0	0.0	0.0	0.0	0.0	0.0	0.0	0.0	0.0	0.0	0.0	0.0	0.0	0.0	0.0	0.0	0.0	0.0	0.0	0.0	0.0	0.0022821	
Mouette rieuse	0.2407499	0.2536585	0.2110215	0.2235589	0.2349964	0.2116788	0.20013	0.1992288	0.2256342	0.1826146	0.1442974	0.0995968	0.0729847	0.0540236	0.0464072	0.0507305	0.0537924	0.0364725	0.0494678	0.0271399	0.0308642	0.0426877	0.0421941	0.049697	0.0668716	0.0645933	0.075616	0.0869277	0.1033884	0.0844278	0.0860421	0.0942623	0.0710295	0.101707	0.1	0.1008696	0.1362604	0.1578581	0.1551155	0.1858974	0.1793651	0.243346	0.2315385	0.2272727	0.2319933	0.2128028	0.2447368	0.3026016	
Goéland d'Audouin	0.0019734	6.098E-4	0.0	0.0030075	7.231E-4	0.0026543	0.0012995	6.427E-4	0.006008	0.0013477	0.0012602	0.0028226	0.0059913	0.002251	0.002994	0.0036526	0.0080689	0.0065324	0.0056356	0.0112735	0.0164609	0.0110672	0.014346	0.009697	0.0053805	0.0023923	0.0084962	0.0099536	0.0112945	0.0103189	0.0	0.0027322	0.0023943	7.112E-4	0.0	0.0011594	0.003028	6.954E-4	0.0024752	0.0010684	0.0	7.605E-4	0.0	0.0	8.375E-4	0.0017301	0.0	9.128E-4	
Mouette mélanocéphale	0.0804144	0.0817073	0.0819892	0.077193	0.0954447	0.0922362	0.0740741	0.0687661	0.0901202	0.0518868	0.0434783	0.0354839	0.0337691	0.0225098	0.0169661	0.0194805	0.0172136	0.0065324	0.0087664	0.006263	0.0089163	0.0205534	0.0168776	0.030303	0.0599539	0.0446571	0.0679694	0.0597213	0.0590791	0.0450281	0.0391969	0.0362022	0.03751	0.0490754	0.0488722	0.0573913	0.0666162	0.0737135	0.0651815	0.0833333	0.0777778	0.0707224	0.0784615	0.0737813	0.0494137	0.0821799	0.0692982	0.0821543	
Hybride Mouette rieuse x M. mélanocéphale	0.0	0.0	0.0	0.0015	0.0	0.0	0.0	0.0	0.0	0.0	0.0	0.0	0.0	0.0	0.0	0.0	0.0	0.0	0.0	0.0	0.0	0.0	0.0	0.0	0.0	0.0	0.0	0.0	0.0	0.0	0.0	0.0	0.0	0.0	0.0	0.0	0.0	0.0	0.0	0.0	0.0	0.0	0.0	0.0	0.0	0.0	0.0	0.0	
Mouette rieuse ou M. mélanocéphale	4.933E-4	6.098E-4	0.0020161	0.002005	7.231E-4	0.0015	6.498E-4	6.427E-4	0.0020027	0.0	6.301E-4	0.0	5.447E-4	0.0	0.0	8.117E-4	0.0	5.444E-4	6.262E-4	0.0015	0.0	0.0	8.439E-4	0.0015	0.0015373	7.974E-4	0.0016992	0.0019907	0.0026064	9.381E-4	9.56E-4	0.0	0.0	0.0	7.519E-4	5.797E-4	7.57E-4	6.954E-4	0.0	0.0016026	0.0	0.0	0.0023077	6.588E-4	0.0033501	0.0	8.772E-4	9.128E-4	
Goéland cendré	0.0192403	0.0280488	0.0262097	0.0280702	0.0296457	0.0192435	0.0194932	0.0199229	0.0253672	0.0101078	0.0088217	0.0072581	0.0054466	0.0056275	0.005489	0.0028409	0.0016138	5.444E-4	6.262E-4	0.0	0.0	0.0	0.0	0.0	0.0	7.974E-4	0.0	0.0	0.0	0.0	9.56E-4	0.0	7.981E-4	7.112E-4	0.0015038	0.0011594	0.001514	6.954E-4	0.0041254	0.0058761	0.0055556	0.0076046	0.01	0.0118577	0.0134003	0.0138408	0.0175439	0.0150616	
Goéland à bec cerclé	0.00296	0.0012195	0.0020161	0.00401	7.231E-4	0.0026543	0.0019493	0.0012853	0.0020027	6.739E-4	6.301E-4	8.065E-4	5.447E-4	0.0011255	0.001497	0.0012175	0.0	0.0	0.0	0.0	0.0	0.0	0.0	0.0	0.0	0.0	0.0	0.0	0.0	0.0018762	0.0	0.0	0.0	0.0	0.0	5.797E-4	0.0	0.0	0.0	0.0	7.937E-4	0.0	0.0	6.588E-4	8.375E-4	0.0017301	0.0017544	0.0041077	
Goéland pontique	0.00148	0.0	6.72E-4	0.0010025	0.0021692	6.636E-4	0.0025991	6.427E-4	0.0026702	0.0	0.0	4.032E-4	0.001634	0.0	0.0	0.0	0.0	0.0	0.0	0.0	0.0	0.0	0.0	0.0	0.0	0.0	0.0	0.0	0.0	0.0	0.0	0.0	0.0	0.0	0.0	0.0	0.001514	0.0013908	0.0	0.0	7.937E-4	7.605E-4	0.0	0.0	0.0	0.0	0.0	0.0	
Goéland argenté	0.0015	0.0012195	0.0020161	0.0025063	0.0028923	0.0033179	0.0064977	0.0012853	0.0046729	0.0013477	0.0	0.0012097	0.003268	5.627E-4	0.0	0.0	0.0	5.444E-4	0.0	0.0	0.0	0.0	0.0	0.0	0.0	0.0	0.0	0.0	0.0	0.0	0.0	0.0	0.0	7.112E-4	0.0015038	0.0015	7.57E-4	6.954E-4	0.0016502	0.0021368	0.0015873	0.0015	7.692E-4	0.0013175	8.375E-4	8.651E-4	8.772E-4	9.128E-4	
Goéland leucophée	0.2432166	0.2591463	0.2311828	0.2411028	0.2581345	0.2441938	0.2566602	0.2377892	0.2810414	0.2446092	0.2589792	0.2572581	0.2124183	0.2155318	0.2180639	0.1862825	0.1920387	0.2242787	0.1759549	0.1874739	0.2270233	0.2332016	0.2244726	0.2218182	0.2398155	0.2799043	0.2786746	0.2733908	0.2736751	0.2232645	0.2380497	0.2206284	0.188348	0.2147937	0.2345865	0.2394203	0.2255867	0.2371349	0.2549505	0.2724359	0.247619	0.2152091	0.2376923	0.2444005	0.2361809	0.2396194	0.2754386	0.240073	
Goéland argenté ou G. leucophée	4.933E-4	0.0015	0.0	0.0	7.231E-4	0.0	0.0	0.0	0.0	0.0	0.0	0.0	0.0	0.0	0.0	0.0	0.0	0.0	0.0	0.0	0.0	0.0	0.0	0.0	0.0	0.0	0.0	0.0	0.0	0.0	0.0	0.0	0.0	0.0	0.0	0.0	0.0	0.0	0.0	0.0	0.0	0.0	0.0	0.0	0.0	0.0	0.0	0.0	
Goéland marin	0.0207203	0.0189024	0.0120968	0.0155388	0.0209689	0.0199071	0.0110461	0.0025707	0.0113485	0.009434	0.0037807	0.0032258	0.001634	5.627E-4	0.0015	8.117E-4	0.0010758	5.444E-4	6.262E-4	0.0015	0.0	0.0	0.0	0.0	0.0	0.0	8.496E-4	0.0013271	0.0026064	9.381E-4	0.0047801	0.0081967	0.0031923	0.0071124	0.0105263	0.0098551	0.012869	0.0076495	0.0123762	0.017094	0.015873	0.0190114	0.0130769	0.0191041	0.0150754	0.0086505	0.0175439	0.0159744	
Goéland bourgmestre	4.933E-4	6.098E-4	0.0	0.0	0.0	0.0	0.0	0.0	0.0	0.0	0.0	0.0	0.0	0.0	0.0	0.0	0.0	0.0	0.0	0.0	0.0	0.0	0.0	0.0	0.0	0.0	0.0	0.0	0.0	0.0	0.0	0.0	0.0	0.0	0.0	0.0	0.0	0.0	0.0	0.0	0.0	0.0	0.0	0.0	0.0	0.0	0.0	0.0	
Goéland brun	0.4129255	0.4676829	0.4610215	0.4626566	0.4642082	0.4293298	0.4022092	0.3881748	0.3744993	0.3349057	0.2967864	0.2455645	0.2075163	0.1620709	0.1432136	0.1164773	0.1226466	0.0696788	0.1033187	0.0676409	0.0754458	0.0996047	0.1029536	0.0818182	0.1106841	0.1044657	0.1112999	0.1154612	0.1615986	0.1566604	0.1586998	0.215847	0.2298484	0.2802276	0.2706767	0.2782609	0.2823618	0.3094576	0.339934	0.3856838	0.3563492	0.4060837	0.4192308	0.3919631	0.4061977	0.4584775	0.4684211	0.456869	
Goéland leucophée ou G. brun	0.0587074	0.0579268	0.0443548	0.0446115	0.0368764	0.0517585	0.0337882	0.0340617	0.0447263	0.0512129	0.0459987	0.0455645	0.0533769	0.0303883	0.0409182	0.0304383	0.0295858	0.0255852	0.0200376	0.0150313	0.0137174	0.0205534	0.0202532	0.0224242	0.0169101	0.0127592	0.0135939	0.0172528	0.0243267	0.0150094	0.0277247	0.0170765	0.0311253	0.0462304	0.0466165	0.0382609	0.0431491	0.0521558	0.0561056	0.0630342	0.052381	0.0395437	0.06	0.057971	0.0510888	0.0449827	0.0614035	0.0693747	
Goéland à ailes blanches	0.0	0.0	0.0	0.0	0.0	0.0	0.0	0.0	0.0	0.0	0.0	0.0	0.0	0.0	0.0	0.0	0.0	0.0	0.0	0.0	0.0	0.0	0.0	0.0	0.0	0.0	0.0	0.0	0.0	0.0	0.0	0.0	0.0	0.0	0.0	0.0	0.0	0.0	0.0	0.0	0.0	0.0	0.0	0.0	8.375E-4	8.651E-4	0.0	0.0	
goéland sp. (Larus sp.)	0.0157869	0.0146341	0.015457	0.0160401	0.0180766	0.0126078	0.0168941	0.0160668	0.0233645	0.0175202	0.0151229	0.0084677	0.0130719	0.0112549	0.00998	0.0044643	0.0107585	0.0087099	0.0081403	0.0037578	0.0075446	0.0039526	0.0067511	0.0090909	0.0023059	0.0039872	0.0033985	0.0033179	0.004344	0.0075047	0.0057361	0.0054645	0.0055866	0.0085349	0.0067669	0.0052174	0.006056	0.0076495	0.0074257	0.0106838	0.0126984	0.008365	0.0092308	0.0098814	0.0150754	0.0138408	0.0184211	0.0123231	
goéland ou mouette sp.	0.0069068	0.0054878	0.0047043	0.0025063	0.0036153	0.0039814	0.0038986	0.003856	0.0093458	0.0114555	0.0037807	0.0032258	0.0070806	0.0028137	0.005988	0.0028409	0.0037655	0.0076211	0.0062617	0.0029228	0.0034294	0.0031621	0.0059072	6.061E-4	0.0046118	0.0023923	0.0016992	0.0019907	0.0034752	0.0028143	0.0038241	0.0040984	0.0023943	0.002845	0.0082707	0.0063768	0.006056	0.0027816	0.0066007	0.0042735	0.002381	0.0076046	0.0046154	0.0079051	0.0033501	0.0034602	0.004386	0.0068462	
Sterne bridée	0.0	0.0	0.0	0.0	0.0	0.0	0.0	0.0	0.0	0.0	0.0	0.0	0.0	0.0	0.0	0.0	0.0	0.0	0.0	0.0	0.0	0.0	0.0	0.0	0.0	0.0	0.0	0.0	0.0	0.0	0.0	0.0	0.0	0.0	0.0	0.0	0.0	0.0	0.0	0.0	0.0	0.0	0.0	0.0	0.0	0.0	0.0	0.0015	
Sterne naine	0.0	0.0	0.0	0.0	0.0	0.0	0.0	0.0	0.0	0.0	0.0	0.0	5.447E-4	0.004502	0.00998	0.0194805	0.0193653	0.028307	0.0194114	0.0112735	0.0102881	0.0118577	0.0202532	0.0187879	0.0061491	0.0063796	0.0042481	0.00929	0.0147698	0.0037523	0.0086042	0.0075137	0.0079808	0.0192034	0.018797	0.004058	0.0	6.954E-4	0.0	0.0	0.0	0.0	0.0	0.0	0.0	0.0	0.0	0.0	
Sterne hansel	4.933E-4	0.0042683	0.0020161	0.0035088	7.231E-4	0.0026543	0.0012995	0.0025707	0.0013351	0.0020216	6.301E-4	8.065E-4	0.0	0.0028137	4.99E-4	0.0016234	0.0010758	0.0010887	0.0043832	0.0037578	0.0068587	0.0031621	0.0135021	0.0133333	0.0138355	0.0191388	0.0195412	0.0225614	0.0199826	0.0234522	0.0191205	0.0095628	0.0047885	0.0014225	0.0037594	0.0011594	0.001514	0.0	0.0015	0.0	0.002381	0.0038023	0.0015385	0.0	8.375E-4	8.651E-4	0.0026316	0.0045641	
Sterne caspienne	0.0044401	0.0091463	0.0060484	0.00401	0.0065076	0.0026543	0.0045484	0.0012853	0.0013351	0.0013477	0.0	0.0012097	0.001634	0.0056275	9.98E-4	0.0016234	5.379E-4	0.0	6.262E-4	8.351E-4	0.0013717	0.001581	0.0	0.0	7.686E-4	7.974E-4	0.0	0.0	8.688E-4	0.0	0.0	0.0	7.981E-4	7.112E-4	0.0015038	0.0	0.002271	0.0027816	0.0024752	0.0016026	0.0015873	0.0015209	0.0023077	0.0013175	0.0041876	0.0034602	0.0035088	0.0036513	
Guifette moustac	4.933E-4	0.0	0.0	0.0	0.0	0.0	0.0	0.0	0.0	0.0	0.0	0.0	0.0	0.002251	0.0	0.0016234	5.379E-4	5.444E-4	0.0018785	0.0015	0.0015	0.0	0.0	0.0	0.0	0.0	8.496E-4	0.0013271	0.0	0.0	0.0	0.0	0.0	0.0	0.0	0.0	0.0	0.0	0.0	0.0	0.0	0.0	0.0	0.0	0.0	0.0	0.0	4.564E-4	
Guifette noire	0.0	0.0	0.0	0.0	0.0	0.0	0.0	0.0	0.0	0.0	0.0	0.0	5.447E-4	0.0	9.98E-4	0.0020292	0.0	0.005988	0.0031309	0.0	0.0013717	0.001581	0.0	6.061E-4	0.0	0.0	0.0	6.636E-4	8.688E-4	0.0	0.0	6.831E-4	0.0111732	0.0199147	0.0165414	0.0034783	0.0	0.0020862	0.0041254	0.0010684	0.0	0.0	0.0	0.0	0.0	0.0	0.0	0.0	
Guifette leucoptère	0.0	0.0	0.0	0.0	0.0	0.0	0.0	0.0	0.0	0.0	0.0	0.0	0.0	0.0	0.0	0.0	0.0	0.0	0.0	0.0	0.0	0.0	0.0	0.0	0.0	0.0	0.0	0.0	0.0	0.0	0.0	0.0	0.0015962	0.0099573	0.0037594	5.797E-4	0.0	0.0	0.0	0.0016026	0.0	0.0	0.0	0.0	0.0	0.0	0.0	0.0	
guifette sp.	0.0	0.0	0.0	0.0	0.0	0.0	0.0	0.0	0.0	0.0	0.0	0.0	0.0	0.0	0.0	0.0	0.0	0.0	0.0	0.0	0.0	0.0	0.0	0.0	0.0	0.0	0.0	0.0	0.0	0.0	0.0	0.0	0.0	0.0014225	0.0015038	5.797E-4	0.0	0.0	0.0	0.0	0.0	0.0	0.0	0.0	0.0	0.0	0.0	0.0	
Sterne arctique	0.0	0.0	0.0	0.0	0.0	0.0	0.0	0.0	0.0	0.0	0.0	0.0	0.0	0.0	0.0	8.117E-4	0.0	0.0010887	6.262E-4	8.351E-4	0.0	0.0	8.439E-4	6.061E-4	0.0030746	0.0	0.0	6.636E-4	0.0	0.0	0.0	6.831E-4	0.0015962	0.0021337	0.0045113	0.0017391	0.0	6.954E-4	8.251E-4	0.0053419	7.937E-4	0.0	0.0	0.0	0.0	0.0	0.0	0.0	
Sterne pierregarin	0.0	0.0	0.0	0.0	0.0	0.0	0.0	0.0	0.0	6.739E-4	6.301E-4	0.003629	0.0010893	0.0028137	0.003493	0.0068994	0.0075309	0.0081655	0.0081403	0.0079332	0.0082305	0.0158103	0.0126582	0.009697	0.0061491	0.0023923	0.0067969	0.0033179	0.0052129	0.0037523	0.0086042	0.0122951	0.0159617	0.0256046	0.0263158	0.0075362	0.002271	0.0020862	0.0090759	0.0080128	7.937E-4	0.0	0.0015385	0.0019763	8.375E-4	0.0	0.0	0.0	
Sterne pierregarin ou S. arctique	0.0	0.0	0.0	0.0	0.0	0.0	0.0	0.0	0.0	0.0	0.0	0.0	0.0	0.0011255	0.0	0.0	0.0	0.0	0.0	0.0	0.0	0.0	0.0	0.0	0.0	0.0	8.496E-4	0.0	0.0	9.381E-4	0.0	6.831E-4	0.0	0.0014225	7.519E-4	0.0	0.0	0.0	8.251E-4	0.0010684	0.0	0.0	0.0	0.0	0.0	0.0	0.0	0.0	
Sterne de Dougall	0.0	0.0	0.0	0.0	0.0	0.0	0.0	0.0	0.0	0.0	0.0	0.0	0.0	0.0	0.0	0.0	0.0	0.0	0.0	0.0	6.859E-4	0.0	0.0	0.0	0.0038432	0.0	0.0	0.0	0.0	0.0	0.0	0.0	0.0	0.0014225	0.0015038	5.797E-4	0.0	0.0	0.0	0.0	0.0	0.0	0.0	0.0	0.0	0.0	0.0	0.0	
Sterna sp.	0.0	0.0	0.0	0.0	0.0	0.0	0.0	0.0	0.0	0.0	0.0	0.0	0.0	0.0	0.0	0.0	0.0	0.0	0.0	0.0	0.0	0.0	0.0	6.061E-4	7.686E-4	0.0	0.0	0.0	0.0	0.0	0.0	0.0	0.0015	0.0	0.0	0.0	0.0	0.0	0.0	0.0	0.0	0.0	7.692E-4	0.0	0.0	0.0	0.0	0.0	
Sterne caugek	0.0350271	0.0426829	0.0342742	0.0360902	0.0383225	0.0278699	0.0246914	0.0237789	0.0514019	0.0343666	0.0352867	0.0375	0.0332244	0.0275746	0.0214571	0.0223214	0.0188273	0.0136091	0.0187852	0.0167015	0.0240055	0.027668	0.0270042	0.0230303	0.0376633	0.0263158	0.0356839	0.0384871	0.03649	0.0375235	0.0315488	0.0293716	0.0518755	0.0540541	0.0804511	0.0394203	0.0416351	0.0472879	0.0561056	0.045406	0.0373016	0.026616	0.0407692	0.0375494	0.0217755	0.0389273	0.0333333	0.0342309	
Sterne voyageuse	0.0	0.0	0.0	0.0	0.0	0.0	0.0	0.0	0.0	0.0	0.0	0.0	0.0	0.0	0.0	0.0	5.379E-4	0.0	0.0	0.0	0.0	0.0	0.0	0.0	0.0	0.0	0.0	0.0	0.0	0.0	0.0	0.0	0.0	0.0	0.0	0.0	0.0	0.0	0.0	0.0	0.0	0.0	0.0	0.0	0.0	0.0	0.0	0.0	
Sterne d'Afrique	0.0	0.0	0.0	0.0	0.0	0.0	0.0	0.0	0.0	0.0	0.0	0.0	0.0	0.0	0.0	0.0	0.0	0.0	0.0	0.0	0.0	0.0	0.0	6.061E-4	0.0	0.0	0.0016992	0.0	0.0	0.0	0.0	0.0	0.0	0.0	0.0	0.0	0.0	0.0	0.0	0.0	0.0	0.0	0.0	0.0	0.0	0.0	0.0	0.0	
sterne sp.	0.0	6.098E-4	0.0	0.0	0.0	6.636E-4	0.0	0.0015	0.0	0.0	0.0025205	0.0016129	0.0010893	5.627E-4	4.99E-4	0.0012175	5.379E-4	5.444E-4	0.0012523	4.175E-4	6.859E-4	0.0	8.439E-4	0.0012121	0.0	0.0015949	0.0016992	6.636E-4	8.688E-4	9.381E-4	9.56E-4	6.831E-4	7.981E-4	0.002845	0.0022556	5.797E-4	0.001514	0.0	8.251E-4	0.0016026	0.0015	7.605E-4	0.0	0.0	8.375E-4	8.651E-4	8.772E-4	4.564E-4	
Flamant rose	0.0305871	0.0286585	0.0134409	0.0200501	0.0245842	0.0165893	0.0246914	0.0179949	0.0220294	0.0154987	0.026465	0.0237903	0.0245098	0.0315138	0.0354291	0.0482955	0.0462614	0.0326619	0.0350657	0.0279749	0.0356653	0.0324111	0.0447257	0.049697	0.0368947	0.0326954	0.0365336	0.0510949	0.0738488	0.0731707	0.0946463	0.0874317	0.0806065	0.0881935	0.0699248	0.0742029	0.0968963	0.0834492	0.0750825	0.0422009	0.0325397	0.0441065	0.0453846	0.0368906	0.0502513	0.0320069	0.0307018	0.0292104	
Grèbe castagneux	0.0606808	0.070122	0.0598118	0.0551378	0.0614606	0.0564035	0.0539311	0.0533419	0.0594126	0.0586253	0.0384373	0.0326613	0.0228758	0.0225098	0.0304391	0.0304383	0.0338892	0.0304845	0.0269255	0.0221294	0.0294925	0.0450593	0.0388186	0.0418182	0.0245965	0.0350877	0.0237893	0.0418049	0.0538662	0.0609756	0.082218	0.0628415	0.0630487	0.0732575	0.0578947	0.0655072	0.0787282	0.0827538	0.0726073	0.0699786	0.0642857	0.0821293	0.09	0.0803689	0.0695142	0.0787197	0.0824561	0.0917389	
Grèbe huppé	0.00148	0.0018293	0.0	0.0010025	0.0014461	0.0026543	0.0019493	6.427E-4	0.0015	6.739E-4	0.0	0.0	0.0	0.0	0.0	0.0	0.0	0.0	0.0	0.0	0.0	0.0	0.0	0.0	0.0	7.974E-4	0.0	0.0	0.0	0.0	0.0	0.0027322	0.0055866	0.0064011	0.0022556	0.0011594	7.57E-4	0.0034771	0.0033003	5.342E-4	0.0015873	7.605E-4	0.0030769	0.0019763	0.0041876	8.651E-4	0.0	0.0027385	
Plongeon catmarin	0.0	6.098E-4	6.72E-4	0.0	0.0	0.0	0.0	0.0	0.0	0.0	0.0	0.0	0.0	0.0	0.0	0.0	0.0	0.0	0.0	0.0	0.0	0.0	0.0	0.0	0.0	0.0	0.0	0.0	0.0	0.0	0.0	0.0	0.0	0.0	0.0	0.0	0.0	0.0	0.0	0.0	0.0	0.0	0.0	6.588E-4	8.375E-4	8.651E-4	0.0015	4.564E-4	
Plongeon imbrin	0.0024667	0.0012195	0.0020161	5.013E-4	0.0	0.0033179	0.0019493	6.427E-4	0.0	0.0	0.0	0.0016129	0.0010893	5.627E-4	4.99E-4	4.058E-4	0.0016138	0.0	6.262E-4	0.0	6.859E-4	7.905E-4	0.0	0.0	0.0	0.0	0.0	0.0	0.0	0.0	0.0	0.0	0.0	0.0	0.0	5.797E-4	0.0	0.0	0.0	0.0	0.0	0.0015209	0.0038462	0.0019763	0.0058626	0.0051903	0.0026316	0.0018257	
Plongeon imbrin ou P. à bec blanc	0.0	0.0	0.0	0.0	0.0	0.0	0.0	0.0	0.0	0.0	0.0	0.0	0.0	0.0	0.0	4.058E-4	0.0	0.0	0.0	0.0	0.0	0.0	0.0	0.0	0.0	0.0	0.0	0.0	0.0	0.0	0.0	0.0	0.0	0.0	0.0	0.0	0.0	0.0	0.0	0.0	0.0	0.0	0.0	0.0	0.0	0.0	0.0	0.0	
plongeon sp.	0.0	0.0	0.0	0.0	0.0	0.0	0.0	0.0	0.0	0.0	0.0	0.0	0.0	0.0	0.0	0.0	0.0	0.0	0.0	0.0	0.0	0.0	0.0	0.0	0.0	0.0	0.0	0.0	0.0	0.0	0.0	0.0	0.0	0.0	0.0	0.0	0.0	0.0	0.0	0.0	0.0	0.0	0.0	0.0	0.0	0.0	8.772E-4	0.0	
Océanite de Wilson	0.0	0.0	0.0	0.0	0.0	0.0	0.0	0.0	0.0	0.0	0.0	0.0	0.0	0.0	4.99E-4	8.117E-4	0.0	0.0	6.262E-4	0.0020877	0.0013717	0.0055336	0.0015	0.0060606	0.0015373	0.0	8.496E-4	0.004645	0.0034752	0.0037523	0.0028681	0.0020492	0.0047885	0.0	0.0022556	0.004058	0.001514	0.0013908	0.0016502	0.0010684	7.937E-4	0.0	0.0	0.0	0.0	0.0	0.0	0.0	
Océanite tempête	0.0019734	0.0079268	0.0020161	0.0035088	0.0021692	0.0026543	6.498E-4	6.427E-4	0.0	0.0	0.0	0.0	0.0	5.627E-4	0.001497	0.0016234	0.0016138	0.0027218	0.0081403	0.0091858	0.0123457	0.0181818	0.0092827	0.0206061	0.010761	0.0	0.0016992	0.0053086	0.0069505	0.0046904	0.0057361	0.0020492	0.0111732	0.0035562	0.006015	0.0075362	0.004542	0.0048679	0.0107261	0.0053419	0.0055556	0.0	0.0053846	0.0019763	8.375E-4	0.0017301	0.004386	0.0022821	
Océanite culblanc	9.867E-4	0.0	6.72E-4	0.0010025	7.231E-4	6.636E-4	0.0	0.0	0.0	0.0	0.0	0.0	0.0	0.0	4.99E-4	0.0	0.0	0.0	6.262E-4	4.175E-4	0.0	0.0	0.0	0.0	0.0	0.0	0.0	0.0	0.0	0.0	0.0	0.0	0.0	0.0	0.0	0.0	0.0	0.0013908	0.0041254	0.0064103	0.0079365	0.0015209	0.0115385	0.0013175	0.0	0.0043253	0.0017544	9.128E-4	
Océanite de Swinhoe	0.0	0.0	0.0	5.013E-4	0.0	0.0	0.0	0.0	0.0	0.0	0.0	0.0	0.0	0.0	0.0	0.0	0.0	0.0	6.262E-4	0.0	0.0	0.0	0.0	0.0	0.0	0.0	0.0	0.0	0.0	0.0	0.0	0.0	0.0	0.0	0.0	0.0	0.0	0.0	0.0	0.0	0.0	0.0	0.0	0.0	0.0	0.0	0.0	0.0	
Océanite de Castro	0.0	0.0	0.0	0.0	0.0	0.0	0.0	0.0	0.0	0.0	0.0	0.0	0.0	0.0	0.0	0.0	0.0	0.0	0.0	0.0	0.0	0.0	0.0	0.0024242	0.0	0.0	0.0	0.0	0.0	0.0	0.0	0.0	0.0	0.0	0.0	0.0	0.0	0.0013908	0.0	0.0	0.0	0.0	0.0	0.0	0.0	0.0	0.0	0.0	
Hydrobates sp. (complexe O. de Castro)	0.0	0.0	0.0	0.0	0.0	0.0	0.0	0.0	0.0	0.0	0.0	0.0	0.0	0.0	0.0	0.0	0.0	0.0	0.0	0.0	0.0	0.0	0.0	0.0	0.0	0.0	0.0	0.0	0.0	0.0	0.0	0.0	0.0	0.0	7.519E-4	0.0	0.0	0.0	0.0	0.0	0.0	0.0	0.0	0.0	0.0	0.0	0.0	0.0	
Hydrobates sp.	0.0	0.0	0.0	0.0	7.231E-4	0.0	0.0	0.0	0.0	0.0	0.0	0.0	0.0	0.0	0.0	0.0	5.379E-4	5.444E-4	0.0	0.0	0.0	0.0	0.0	6.061E-4	0.0	0.0	0.0	0.0	0.0	0.0	0.0015	0.0015	0.0	7.112E-4	0.0	0.0	0.0	0.0	8.251E-4	0.0	0.0	0.0	7.692E-4	0.0	0.0	8.651E-4	0.0	0.0	
océanite sp.	0.0	6.098E-4	0.0013441	5.013E-4	0.0	0.0	0.0	0.0	0.0	0.0	0.0	4.032E-4	0.0	5.627E-4	0.0	0.0	0.0	0.0016331	6.262E-4	4.175E-4	0.0	0.0023715	8.439E-4	6.061E-4	7.686E-4	0.0	0.0	0.0013271	0.0	9.381E-4	9.56E-4	6.831E-4	0.0031923	0.0021337	7.519E-4	0.0017391	7.57E-4	6.954E-4	0.0016502	0.0026709	0.0015873	0.0	7.692E-4	6.588E-4	0.0	0.0	0.0	0.0013692	
Fulmar boréal	0.0	0.0	0.0	5.013E-4	0.0	0.0	0.0	0.0	0.0	0.0	0.0	0.0	0.0	0.0	0.0	0.0	0.0	0.0	0.0	0.0	0.0	0.0	0.0	0.0	0.0	0.0	0.0	0.0	0.0	0.0	0.0	0.0	0.0	0.0	0.0	0.0	0.0	0.0	0.0	0.0	0.0	0.0	0.0	0.0	0.0	0.0	0.0	0.0	
Puffin cendré	0.0	0.0	0.0	0.0	0.0	0.0	6.498E-4	6.427E-4	6.676E-4	0.0013477	0.0044108	0.003629	0.0054466	0.0039392	0.008483	0.0093344	0.0080689	0.0076211	0.0050094	0.0079332	0.0089163	0.0142292	0.0092827	0.0218182	0.0215219	0.0199362	0.0169924	0.0159257	0.0199826	0.0103189	0.0152964	0.011612	0.0183559	0.0071124	0.0105263	0.0110145	0.009084	0.0097357	0.0115512	0.0101496	0.0134921	0.0068441	0.0076923	0.0019763	0.0	0.0	0.0	0.0	
Puffin de Scopoli	0.0	0.0	0.0	0.0	0.0	0.0	0.0	0.0	6.676E-4	0.0	0.0	0.0	0.0	0.0	4.99E-4	0.0	0.0010758	0.0	0.0	4.175E-4	0.0020576	0.0039526	0.0	0.0072727	0.0038432	0.0015949	8.496E-4	0.0019907	0.0	0.0018762	0.0	6.831E-4	0.0	0.0	0.0	0.0	0.0	0.0	0.0	0.0	7.937E-4	0.0	0.0	0.0	0.0	0.0	0.0	0.0	
Puffin cendré ou P. de Scopoli	0.0	0.0	0.0	0.0	0.0	0.0	6.498E-4	0.0032134	0.0046729	0.004717	0.005041	0.0044355	0.0087146	0.0073157	0.008483	0.0073052	0.0091447	0.0108873	0.0156544	0.0121086	0.0198903	0.0181818	0.0168776	0.0206061	0.019216	0.0191388	0.0237893	0.0398142	0.0304083	0.0262664	0.0219885	0.022541	0.0391061	0.027027	0.0345865	0.0295652	0.0219531	0.015299	0.0214521	0.0245726	0.0277778	0.0045627	0.0030769	0.0013175	0.0	0.0	0.0	0.0	
Puffin majeur	0.0	0.0	0.0	0.0	0.0	0.0	0.0	0.0	0.0	0.0	0.0	0.0	0.0	0.0	0.0	0.0	0.0	0.0	0.0	0.0	0.0	0.0	0.0	0.0012121	0.0061491	0.0015949	0.0033985	0.004645	0.0086881	0.0037523	0.0105163	0.0061475	0.0087789	0.0049787	0.0022556	0.0052174	0.002271	0.0062587	0.0049505	0.0064103	0.0071429	0.0022814	0.0	0.0	0.0	0.0	0.0	0.0	
Puffin cendré, P. de Scopoli ou P. majeur	0.0	0.0	0.0	0.0	0.0	0.0	0.0	0.0	0.0	0.0	0.0	0.0	0.0	0.0	0.0	0.0	0.0	0.0	0.0	0.0	0.0	0.0	0.0	0.0	0.0	0.0	0.0	0.0	0.0	0.0	0.0	0.0	0.0	0.0	0.0	5.797E-4	0.0	0.0	0.0	0.0	0.0	0.0	0.0	0.0	0.0	0.0	0.0	0.0	
Puffin fuligineux	4.933E-4	6.098E-4	0.0033602	0.0	0.0036153	0.0013271	6.498E-4	0.0012853	0.0	0.0	0.0	0.0	0.001634	0.002251	0.001497	0.0020292	5.379E-4	5.444E-4	0.0025047	0.0033403	0.0048011	0.0071146	0.0033755	0.009697	0.0176787	0.0127592	0.017842	0.0252157	0.0156386	0.0093809	0.0143403	0.0088798	0.009577	0.0085349	0.0090226	0.0086957	0.006813	0.0083449	0.0090759	0.0117521	0.0087302	0.0022814	0.0053846	0.0111989	0.0033501	0.0017301	0.0	0.0	
Puffin des Anglais	0.0069068	0.0091463	0.0073925	0.0045113	0.0028923	0.0026543	0.0032489	0.001928	0.0053405	0.0040431	0.0044108	0.0040323	0.003268	0.0050647	0.002994	0.0048701	0.0075309	0.0043549	0.0075141	0.0066806	0.0102881	0.0189723	0.0084388	0.0115152	0.0184473	0.0079745	0.0144435	0.0132714	0.0086881	0.0103189	0.0114723	0.0122951	0.0183559	0.0135135	0.0172932	0.013913	0.00757	0.0090403	0.0082508	0.0112179	0.0111111	0.0045627	0.0092308	0.0105402	0.0041876	0.0069204	0.0070175	0.0045641	
Puffin yelkouan	0.0	0.0	0.0020161	5.013E-4	0.0	0.0	0.0	0.0	6.676E-4	0.0	0.0	4.032E-4	0.0	0.0016882	0.0	4.058E-4	5.379E-4	0.0	0.0012523	0.0012526	0.0013717	0.0023715	8.439E-4	0.0018182	0.0030746	0.0039872	0.0042481	0.0019907	0.0026064	9.381E-4	9.56E-4	0.0013661	0.0	0.0	0.0	0.0	0.0	6.954E-4	8.251E-4	5.342E-4	0.0	7.605E-4	0.0	0.0	0.0	0.0	0.0	0.0	
Puffin des Baléares	0.0197336	0.0286585	0.0248656	0.0165414	0.0130152	0.0159257	0.0116959	0.0128535	0.0186916	0.0107817	0.0132325	0.0145161	0.0152505	0.0146314	0.00998	0.0137987	0.0161377	0.016331	0.0225423	0.0196242	0.0253772	0.0324111	0.0194093	0.0212121	0.0299769	0.0342903	0.0390824	0.0404778	0.0338836	0.0272045	0.0277247	0.0286885	0.0367119	0.0248933	0.0360902	0.0324638	0.0272521	0.0236439	0.0338284	0.0315171	0.0357143	0.0159696	0.0207692	0.0270092	0.020938	0.0276817	0.0157895	0.0205386	
Puffin yelkouan ou P. des Baléares	0.0	0.0	0.0	0.0	0.0	0.0	0.0	0.0	0.0	0.0	0.0	0.0	0.0	0.0	0.0	0.0	0.0	0.0	0.0	0.0	0.0	7.905E-4	0.0	0.0	0.0	0.0	0.0	0.0	0.0	0.0	0.0	0.0	0.0	0.0	0.0	0.0	0.0	0.0	0.0	0.0	0.0	0.0	0.0	0.0	0.0	0.0	0.0	0.0	
Puffin de Macaronésie	0.0	0.0	0.0	0.0	0.0	0.0	0.0	0.0	0.0	0.0	0.0	0.0	0.0	0.0	0.0	0.0	0.0	0.0	0.0	0.0	0.0	0.0	0.0	0.0	0.0	0.0	0.0	0.0013271	0.0015	0.0	0.0	0.0	0.0	7.112E-4	0.0	0.0	0.0	0.0	0.0	0.0	0.0	0.0	0.0	0.0	0.0	0.0	0.0	0.0	
Puffinus sp. (noir et blanc)	0.00148	6.098E-4	6.72E-4	5.013E-4	0.0015	0.0	6.498E-4	0.0	6.676E-4	6.739E-4	0.0	0.0	0.0010893	0.0011255	4.99E-4	4.058E-4	0.0026896	0.0021775	0.0031309	0.0033403	0.0020576	0.0071146	0.0025316	0.0048485	0.0053805	0.0079745	0.0093458	0.004645	0.0034752	0.0046904	0.0028681	0.0020492	0.0	0.0014225	0.0037594	0.0017391	0.003028	0.0013908	8.251E-4	0.0010684	0.0015873	0.0015209	0.0015385	0.0019763	0.0025126	0.0017301	8.772E-4	0.0018257	
Calonectris, Ardenna ou Puffinus sp.	0.0	0.0	6.72E-4	0.0	0.0	0.0	0.0	0.0	0.0	0.0	0.0	0.0	0.0015	0.0	0.0	0.0	5.379E-4	0.0	0.0	0.0	6.859E-4	0.0	8.439E-4	0.0	0.0	7.974E-4	0.0	6.636E-4	8.688E-4	9.381E-4	0.0	0.0	0.0	0.0015	0.0	0.0023188	0.002271	0.0	8.251E-4	5.342E-4	7.937E-4	0.0	7.692E-4	0.0	0.0	0.0	0.0	0.0	
Cigogne noire	0.0	0.0	0.0	0.0	0.0	0.0	0.0	0.0	0.0	6.739E-4	0.0	0.0	0.0	0.0	0.0	0.0	0.0	0.0	0.0	0.0	0.0	0.0	0.0	0.0	0.0	0.0	0.0	0.0	0.0	9.381E-4	0.0	0.0020492	0.0015	0.0014225	7.519E-4	0.0	7.57E-4	0.0	8.251E-4	0.0	0.0039683	0.0015	7.692E-4	0.0	0.0	0.0	0.0	0.0	
Cigogne blanche	0.0670942	0.0853659	0.0591398	0.0566416	0.0484454	0.0431321	0.0409357	0.031491	0.0327103	0.0404313	0.0365469	0.0330645	0.0305011	0.0444569	0.0329341	0.0418019	0.042496	0.0413718	0.0613651	0.0480167	0.0562414	0.0545455	0.0523207	0.0472727	0.0392006	0.0470494	0.0450297	0.0530856	0.0608167	0.0666041	0.0506692	0.0601093	0.0526736	0.0476529	0.0443609	0.0289855	0.0348221	0.0472879	0.0453795	0.0496795	0.05	0.0821293	0.0738462	0.0750988	0.0762144	0.066609	0.1026316	0.1191237	
Fou de Bassan	0.0596941	0.0560976	0.0456989	0.0360902	0.0310918	0.0351692	0.0318389	0.0257069	0.0380507	0.0343666	0.0245747	0.0262097	0.0288671	0.0258863	0.0214571	0.0227273	0.0242066	0.0239521	0.025047	0.0237996	0.0315501	0.0395257	0.0278481	0.029697	0.0376633	0.0374801	0.0450297	0.0530856	0.0486533	0.0384615	0.041109	0.0382514	0.0510774	0.0362731	0.0526316	0.0446377	0.0401211	0.0445063	0.0610561	0.0592949	0.0674603	0.0403042	0.0476923	0.0513834	0.0435511	0.067474	0.054386	0.0479233	
Fou brun	0.0	0.0	0.0	0.0	0.0	0.0	0.0	0.0	0.0	0.0	0.0	0.0	0.0	0.0	0.0	0.0	0.0	0.0	0.0	0.0	0.0	0.0	0.0	0.0	0.0015373	0.0	0.0	0.0	0.0	0.0	0.0	0.0	0.0	0.0	0.0	0.0	0.0	0.0	0.0	0.0	7.937E-4	0.0	0.0	0.0	0.0	0.0	0.0	0.0	
Grand Cormoran	0.224963	0.2463415	0.1955645	0.2135338	0.1785973	0.1891175	0.1780377	0.1664524	0.1615487	0.1502695	0.1235035	0.1048387	0.0735294	0.0703433	0.0513972	0.0535714	0.041958	0.0353838	0.0407013	0.0321503	0.0253772	0.0324111	0.0362869	0.0418182	0.0269024	0.0183413	0.028887	0.0471135	0.0521286	0.0590994	0.0630975	0.057377	0.0542698	0.0661451	0.0669173	0.0834783	0.1037093	0.1328234	0.1567657	0.1629274	0.165873	0.1977186	0.2076923	0.2272727	0.2060302	0.2093426	0.2280702	0.2797809	
Cormoran huppé	0.0325604	0.0408537	0.0262097	0.0230576	0.0195228	0.0218978	0.0207927	0.0192802	0.0280374	0.0188679	0.0170132	0.0153226	0.0217865	0.0185706	0.0144711	0.0146104	0.0123722	0.0136091	0.0162805	0.0125261	0.0144033	0.0181818	0.0202532	0.0133333	0.0230592	0.0207337	0.0339847	0.0318514	0.032146	0.0281426	0.0286807	0.0300546	0.0343176	0.0227596	0.0330827	0.0324638	0.0211961	0.0208623	0.0280528	0.0309829	0.0333333	0.018251	0.0246154	0.0362319	0.0326633	0.0406574	0.0289474	0.0310361	
Grand Cormoran ou C. huppé	0.00148	0.0012195	0.0	0.0015038	0.0	0.0	0.0012995	0.0	6.676E-4	0.0	0.0	0.0015	0.0	5.627E-4	4.99E-4	0.0	0.0	0.0	0.0	0.0015	0.0	0.0	0.0015	0.0	0.0	0.0	0.0	0.0	0.0	9.381E-4	0.0	6.831E-4	7.981E-4	7.112E-4	0.0	0.0011594	7.57E-4	0.0	0.0015	5.342E-4	0.0	0.0015	0.0	0.0	0.0	0.0	0.0	4.564E-4	
Ibis rouge	4.933E-4	0.0	0.0015	0.0010025	0.0	0.0	0.0	0.0	0.0	0.0	0.0	0.0	0.0	0.0	0.0	0.0	0.0	0.0	0.0	0.0	0.0	0.0	0.0	0.0018182	0.0	0.0	0.0	0.0	0.0	0.0	0.0	0.0	0.0	0.0	0.0	5.797E-4	0.0	0.0020862	0.0024752	0.0064103	0.002381	0.0	0.0023077	0.0013175	0.0033501	0.0017301	0.0026316	0.0045641	
Ibis falcinelle	0.0749877	0.0908537	0.0604839	0.0606516	0.0527838	0.0437956	0.0584795	0.0443445	0.0380507	0.0451482	0.0384373	0.0447581	0.0457516	0.070906	0.0628743	0.0714286	0.0629371	0.0620577	0.0763932	0.068476	0.063786	0.0640316	0.0708861	0.0654545	0.0514988	0.0550239	0.0594732	0.075647	0.0938315	0.0984991	0.1175908	0.1127049	0.0989625	0.0931721	0.0864662	0.066087	0.0734292	0.0924896	0.0932343	0.082265	0.0563492	0.0965779	0.0969231	0.0843215	0.0845896	0.0692042	0.0929825	0.1241442	
Ibis sacré	4.933E-4	0.0	0.0	0.0	0.0	0.0	0.0	0.0	0.0	0.0	0.0	0.0	0.0	0.0	0.0	0.0	0.0	0.0	0.0	0.0	0.0	0.0	0.0	0.0	0.0	0.0	0.0	0.0	0.0	0.0	0.0	0.0	0.0	0.0	0.0	0.0	0.0	0.0	0.0	0.0	7.937E-4	7.605E-4	0.0	0.0	0.0	8.651E-4	8.772E-4	0.0022821	
Spatule blanche	0.0587074	0.0652439	0.046371	0.0591479	0.0433839	0.0424685	0.0467836	0.0308483	0.0373832	0.0431267	0.0434783	0.0423387	0.0473856	0.0804727	0.0533932	0.0645292	0.063475	0.0538922	0.0732624	0.0563674	0.0576132	0.0711462	0.0708861	0.0769697	0.0538048	0.0685805	0.057774	0.061712	0.0860122	0.087242	0.1013384	0.0874317	0.0806065	0.0775249	0.0684211	0.0614493	0.1014383	0.081363	0.0932343	0.0715812	0.0666667	0.0768061	0.0807692	0.0704875	0.061139	0.0622837	0.0798246	0.0844363	
Butor étoilé	0.0034534	0.002439	0.0026882	0.0035088	0.0021692	0.0013271	0.0019493	6.427E-4	6.676E-4	6.739E-4	0.0	0.0	0.0	0.0	0.0	0.0	0.0	0.0	0.0	0.0	0.0	0.0	0.0	0.0	0.0	0.0	0.0	0.0	0.0	0.0	0.0	0.0	0.0	0.0	0.0	0.0	0.0	0.0	0.0	0.0	0.0	7.605E-4	0.0030769	0.0019763	0.0015	0.0017301	0.0035088	0.0015	
Blongios nain	4.933E-4	0.002439	0.0015	0.0	7.231E-4	0.0013271	6.498E-4	0.0	6.676E-4	0.0013477	0.0015	0.0016129	0.0027233	0.0056275	0.001996	0.0097403	0.0086068	0.0070768	0.0075141	0.0041754	0.0048011	0.0094862	0.0084388	0.0115152	0.0053805	0.0031898	0.0050977	0.0072993	0.0104257	0.011257	0.0076482	0.011612	0.0047885	0.002845	0.0082707	0.0034783	0.001514	0.0013908	8.251E-4	0.0016026	0.0	7.605E-4	0.0015385	0.0039526	0.0025126	8.651E-4	0.0035088	0.0027385	
Bihoreau gris	0.0034534	0.0018293	0.0020161	0.0010025	0.0014461	6.636E-4	6.498E-4	0.0025707	0.0020027	6.739E-4	0.0012602	0.0044355	0.0059913	0.0084412	0.006986	0.0093344	0.0091447	0.0114317	0.0112711	0.0096033	0.0116598	0.0213439	0.014346	0.0230303	0.0169101	0.0183413	0.0135939	0.0205707	0.018245	0.021576	0.0114723	0.0157104	0.0047885	0.002845	0.006015	0.0023188	7.57E-4	0.0013908	0.0016502	0.0016026	7.937E-4	0.0022814	0.0030769	0.0039526	0.001675	0.0025952	0.004386	0.0041077	
Aigrette garzette	0.1484953	0.1591463	0.1202957	0.1323308	0.1185828	0.1028534	0.1202079	0.1002571	0.1128171	0.1246631	0.0964083	0.1020161	0.0800654	0.1114237	0.0918164	0.0978084	0.0952125	0.0941753	0.1064496	0.0843424	0.0953361	0.1051383	0.1054852	0.1054545	0.0830131	0.0829346	0.0917587	0.1048441	0.141616	0.130394	0.1357553	0.1386612	0.1364725	0.1514936	0.1488722	0.1350725	0.1514005	0.1968011	0.1938944	0.1821581	0.1547619	0.1893536	0.1807692	0.1567852	0.1633166	0.1548443	0.1745614	0.2236422	
Crabier chevelu	0.0078934	0.0073171	0.0047043	0.0080201	0.0028923	6.636E-4	0.0064977	0.0064267	0.0040053	6.739E-4	6.301E-4	0.0024194	0.0027233	0.0011255	4.99E-4	0.0016234	0.0059172	5.444E-4	0.0012523	8.351E-4	0.0020576	0.001581	0.0015	0.0024242	0.0015373	0.0015	8.496E-4	0.004645	0.0052129	0.0028143	0.001912	0.0034153	0.0055866	0.0035562	0.0030075	0.0052174	0.006056	0.0055633	0.0057756	0.0069444	0.0071429	0.0053232	0.0076923	0.0079051	0.0041876	0.0043253	0.0070175	0.0091283	
Héron garde-boeufs	0.1026147	0.1109756	0.0907258	0.0827068	0.0788142	0.0637027	0.0649773	0.0565553	0.0627503	0.06469	0.057971	0.0552419	0.0577342	0.0680923	0.0548902	0.0620942	0.0613233	0.0544366	0.068253	0.0588727	0.0644719	0.0711462	0.078481	0.0678788	0.0476556	0.0590112	0.0637213	0.0696749	0.0860122	0.1041276	0.1061185	0.1010929	0.0925778	0.0967283	0.0842105	0.0655072	0.0757002	0.0771905	0.0965347	0.0972222	0.1039683	0.1064639	0.1053846	0.1001318	0.1021776	0.100346	0.1131579	0.138293	
Grande Aigrette	0.0621608	0.077439	0.046371	0.0501253	0.0433839	0.0285335	0.0376868	0.0257069	0.0213618	0.0283019	0.0151229	0.0221774	0.0098039	0.0213844	0.008483	0.0117695	0.0086068	0.0016331	0.0056356	0.0016701	0.0041152	0.0055336	0.0059072	0.0078788	0.0023059	0.0039872	0.0033985	0.0066357	0.0052129	0.0084428	0.0066922	0.010929	0.0223464	0.012091	0.0225564	0.0156522	0.0227101	0.038943	0.0379538	0.0443376	0.0444444	0.0547529	0.0661538	0.0698287	0.0644891	0.0596886	0.0868421	0.1004108	
Héron cendré	0.1706956	0.1908537	0.1337366	0.1508772	0.1359364	0.1240876	0.1338532	0.1253213	0.1188251	0.1320755	0.1077505	0.1169355	0.0898693	0.1294316	0.0958084	0.1124188	0.1016676	0.0968971	0.1195992	0.0881002	0.0912209	0.1035573	0.107173	0.1066667	0.0845503	0.099681	0.1028037	0.128069	0.1555169	0.1500938	0.1558317	0.1612022	0.150838	0.1770982	0.1932331	0.1582609	0.1922786	0.2197497	0.2153465	0.1971154	0.1714286	0.2114068	0.2046154	0.1778656	0.1959799	0.1686851	0.2	0.2355089	
Héron pourpré	0.0	0.0015	0.0	0.0	0.0	0.0	0.0	0.0	0.0015	0.0074124	0.0056711	0.0322581	0.0326797	0.0630276	0.0414172	0.0450487	0.0484131	0.0435493	0.0619912	0.0480167	0.0486968	0.0521739	0.0599156	0.0551515	0.0353574	0.0398724	0.0416313	0.0424685	0.0512598	0.043152	0.0344168	0.0245902	0.009577	0.0078236	0.0097744	0.0017391	0.0	0.0	0.0	0.0	0.0	0.0	0.0	0.0	0.0	0.0	0.0	4.564E-4	
Héron cendré ou H. pourpré	0.0	0.0	0.0	0.0	0.0	0.0	0.0	0.0	0.0	0.0	0.0	0.0	0.0	0.0	0.0	0.0	0.0	5.444E-4	0.0	0.0	0.0	0.0	0.0	0.0	0.0	0.0	0.0	0.0	0.0	0.0	0.0	0.0	0.0	0.0	0.0	0.0	0.0	0.0	0.0	0.0	0.0	0.0	0.0	0.0	0.0	0.0	0.0	0.0	
Ardea sp.	0.0	0.0	0.0	0.0	0.0	0.0	0.0	0.0	0.0	0.0	0.0	0.0	0.0	5.627E-4	0.0	0.0	0.0	0.0	0.0	0.0	0.0	0.0	0.0	0.0	0.0	0.0	0.0	0.0	8.688E-4	0.0	0.0	0.0	0.0	0.0	0.0	0.0	0.0	0.0	0.0	0.0	0.0	0.0	0.0	0.0	0.0	0.0	0.0	4.564E-4	
ardeidé sp.	0.0	0.0015	0.0	0.0	0.0	0.0	0.0	0.0	0.0	0.0	0.0	4.032E-4	0.0	0.0	0.0	0.0	0.0	0.0	0.0	0.0	0.0	0.0	0.0	0.0	0.0	0.0	0.0	0.0	0.0	0.0	0.0	0.0	0.0	0.0	0.0	0.0	0.0	0.0	0.0	0.0	0.0	0.0	0.0	0.0	0.0	0.0	0.0	4.564E-4	
aigrette ou héron blanc sp.	4.933E-4	6.098E-4	0.0	0.0010025	0.0	6.636E-4	6.498E-4	0.0	6.676E-4	0.0015	6.301E-4	8.065E-4	5.447E-4	5.627E-4	0.0	0.0	0.0	5.444E-4	0.0	8.351E-4	6.859E-4	0.0	0.0015	0.0	0.0	7.974E-4	0.0	6.636E-4	0.0	0.0015	9.56E-4	0.0013661	0.0	7.112E-4	0.0015	0.0011594	7.57E-4	0.0015	8.251E-4	0.0	7.937E-4	7.605E-4	0.0023077	0.0013175	0.0	0.0015	0.0	4.564E-4	
Balbuzard pêcheur	0.0468673	0.047561	0.0322581	0.039599	0.0267534	0.01858	0.022742	0.0179949	0.018024	0.0141509	0.0144928	0.0096774	0.0070806	0.0078784	0.00499	0.0044643	0.0032275	0.0016331	0.0031309	0.0020877	0.0013717	7.905E-4	0.0025316	0.0030303	0.0023059	0.0	0.0025489	0.0019907	0.004344	0.0018762	0.0028681	0.0136612	0.0215483	0.0206259	0.0315789	0.0266667	0.0219531	0.0312935	0.0280528	0.0357906	0.0293651	0.0365019	0.06	0.0566535	0.0510888	0.0544983	0.0614035	0.0680055	
Élanion blanc	0.0483473	0.0670732	0.0524194	0.0506266	0.044107	0.0291971	0.0409357	0.0308483	0.0260347	0.0397574	0.0226843	0.0197581	0.0179739	0.0275746	0.0154691	0.0146104	0.0145239	0.0174197	0.0150282	0.0112735	0.0137174	0.0142292	0.0118143	0.0145455	0.0199846	0.0271132	0.0237893	0.0318514	0.0434405	0.0478424	0.0391969	0.0382514	0.0534717	0.0526316	0.0556391	0.0457971	0.0469341	0.0591099	0.0577558	0.0657051	0.0571429	0.0722433	0.0753846	0.0790514	0.061139	0.0631488	0.0719298	0.0794158	
Percnoptère d'Égypte	0.0	0.0	0.0	0.0	0.0	0.0	0.0	0.0	0.0	0.0	0.0	0.0	0.0	0.0	0.0	0.0	0.0	0.0	0.0	4.175E-4	0.0	0.0	0.0	0.0	0.0	0.0	0.0	0.0	0.0	0.0	0.0015	0.0	0.0	0.0	7.519E-4	0.0	7.57E-4	0.0	0.0	0.0	0.0	7.605E-4	0.0	0.0	0.0	0.0	0.0	0.0	
Bondrée apivore	0.0	0.0	0.0	0.0	0.0	0.0	0.0	0.0	0.0	0.0	0.0	0.0	0.0	5.627E-4	0.0	0.0	0.0	5.444E-4	6.262E-4	0.0	6.859E-4	0.0	8.439E-4	0.0015	0.0015	0.0	8.496E-4	6.636E-4	0.0017376	0.0046904	0.0028681	0.0061475	0.0015962	0.002845	0.0022556	5.797E-4	0.0	0.0	0.0	0.0	0.0	0.0	0.0	0.0	0.0	0.0	0.0	0.0	
Vautour moine	0.0	0.0	0.0	0.0	0.0	0.0	0.0	0.0	0.0	0.0	0.0	0.0	0.0	0.0	0.0	0.0	0.0	0.0	0.0	0.0	0.0	0.0	0.0	0.0	0.0	0.0	0.0	0.0	0.0	0.0	0.0	0.0	0.0	0.0	0.0	0.0	0.0	6.954E-4	0.0	0.0	0.0	0.0	0.0	0.0	0.0	0.0	0.0	0.0	
Vautour fauve	0.0	0.0	0.0	0.0	0.0	0.0	0.0	0.0	0.0	0.0	0.0	0.0	0.0	0.0	0.0	0.0	0.0	5.444E-4	0.0	0.0015	0.0	0.0	0.0	0.0	0.0	0.0	0.0	0.0	0.0	0.0	0.0015	0.0	0.0	0.0015	0.0	0.0	0.0	6.954E-4	0.0	0.0	0.0	0.0	0.0	0.0	0.0	0.0015	8.772E-4	0.0	
Circaète Jean-le-Blanc	0.0	0.0	0.0015	0.0	0.0	0.0	0.0	6.427E-4	0.0013351	0.0026954	0.005041	0.0052419	0.0065359	0.0084412	0.005988	0.0048701	0.0080689	0.0092542	0.0093926	0.0112735	0.0027435	0.0102767	0.0126582	0.0090909	0.0122982	0.0095694	0.0084962	0.0126078	0.0156386	0.0159475	0.0076482	0.0102459	0.0063847	0.0064011	0.006015	0.0017391	0.0015	0.0027816	0.0	5.342E-4	0.0015	7.605E-4	0.0015	0.0	0.0	8.651E-4	0.0	0.0	
Aigle botté	0.0044401	0.0073171	0.0040323	0.0035088	0.0065076	0.0059721	0.0038986	0.0077121	0.006008	0.0121294	0.005041	0.0112903	0.0141612	0.033202	0.0159681	0.0206981	0.0274341	0.0217746	0.025047	0.023382	0.0185185	0.0252964	0.0371308	0.0272727	0.0207533	0.023126	0.0254885	0.0351692	0.032146	0.0309568	0.0286807	0.0300546	0.0199521	0.0192034	0.0142857	0.013913	0.013626	0.0090403	0.0165017	0.0112179	0.0071429	0.0045627	0.0061538	0.0052701	0.0050251	0.0025952	0.004386	0.0068462	
Aigle royal	0.0	0.0	0.0	0.0	0.0	0.0	0.0	0.0	0.0	0.0	0.0	0.0	0.0	0.0	0.0	0.0	0.0	0.0	0.0	0.0	0.0	0.0	0.0	0.0	0.0	0.0	0.0	0.0	0.0	0.0	0.0	0.0	0.0	0.0	0.0	0.0	7.57E-4	0.0	0.0	0.0	0.0	0.0	0.0	0.0	0.0	0.0	0.0	0.0	
Aigle de Bonelli	0.0074001	0.0115854	0.0087366	0.0025063	0.0086768	6.636E-4	0.005848	0.0032134	0.0026702	0.0040431	0.0025205	0.0020161	0.0038126	0.0056275	0.001996	0.0044643	0.0032275	0.0021775	0.0018785	0.0033403	0.0027435	0.0039526	0.0025316	0.0030303	0.0023059	0.0023923	0.0025489	0.0053086	0.0060817	0.0056285	0.0066922	0.0088798	0.0135674	0.0099573	0.0157895	0.0104348	0.009841	0.0104312	0.0074257	0.0160256	0.0095238	0.018251	0.0092308	0.0131752	0.0117253	0.0060554	0.0140351	0.0118667	
Épervier d'Europe	0.0108535	0.0091463	0.0127688	0.0075188	0.0065076	0.0086264	0.0077973	0.0032134	0.006008	0.0128032	0.0100819	0.0072581	0.0087146	0.0050647	0.005988	0.0040584	0.0043034	0.0081655	0.0050094	0.0041754	0.0089163	0.0071146	0.0126582	0.0048485	0.0069178	0.0039872	0.0101954	0.0132714	0.0078193	0.0084428	0.0124283	0.0136612	0.0055866	0.0049787	0.0090226	0.0098551	0.006813	0.0125174	0.0090759	0.0080128	0.0134921	0.0091255	0.0084615	0.0079051	0.0033501	0.0060554	0.0131579	0.0059334	
Autour des palombes	0.0044401	0.0085366	0.0080645	0.0065163	0.0057845	0.0053086	0.0071475	0.0064267	0.0013351	0.0067385	0.0075614	0.0052419	0.0059913	0.0039392	0.002994	0.0048701	0.0026896	0.0076211	0.0056356	0.0016701	0.0013717	0.0102767	0.0042194	0.009697	0.0046118	0.0079745	0.0042481	0.0086264	0.0034752	0.0075047	0.0066922	0.0068306	0.0031923	0.0056899	0.0045113	0.0092754	0.011355	0.0048679	0.0082508	0.0064103	0.0063492	7.605E-4	0.0030769	0.0052701	0.0050251	0.0051903	0.0026316	0.0045641	
Épervier d'Europe ou Autour des palombes	0.0	0.0	0.0	0.0	0.0	0.0	6.498E-4	0.0	0.0	0.0	0.0	0.0	0.0	0.0	0.0	0.0	0.0	0.0	0.0	0.0	0.0	0.0	0.0	0.0	0.0	0.0	0.0015	0.0	0.0	0.0	0.0	0.0	0.0	0.0	0.0	0.0	0.0	0.0	0.0	0.0	0.0	0.0	0.0	0.0	0.0	0.0	0.0	4.564E-4	
Aerospiza, Tachyspiza, Accipiter ou Astur sp.	0.0	0.0	0.0	0.0010025	0.0	0.0	0.0	6.427E-4	0.0	0.0	0.0	4.032E-4	0.0	0.0	0.0	4.058E-4	0.0	5.444E-4	6.262E-4	0.0	0.0	0.0	0.0015	0.0	7.686E-4	0.0	0.0	0.0019907	0.0015	0.0	0.0	0.0	0.0	0.0	7.519E-4	0.0	0.0	0.0	0.0	0.0016026	0.0	7.605E-4	0.0	6.588E-4	0.0	0.0017301	0.0	9.128E-4	
Busard des roseaux	0.1040947	0.1280488	0.1034946	0.1062657	0.0853218	0.0749834	0.0883691	0.0796915	0.0901202	0.1105121	0.0642722	0.0754032	0.0615468	0.0934159	0.0593812	0.0625	0.0591716	0.0544366	0.0701315	0.0517745	0.0438957	0.0505929	0.0649789	0.06	0.0484243	0.0430622	0.0450297	0.0597213	0.0721112	0.0619137	0.082218	0.0826503	0.0766161	0.0825036	0.075188	0.0597101	0.0802422	0.105007	0.1039604	0.1143162	0.0968254	0.1254753	0.1261538	0.1251647	0.1273032	0.1072664	0.1394737	0.1843907	
Busard Saint-Martin	0.0355205	0.0469512	0.0288978	0.0280702	0.0209689	0.0205707	0.0201429	0.0192802	0.0200267	0.0154987	0.0132325	0.0141129	0.0114379	0.0106922	0.003992	0.0024351	0.0010758	0.0	0.0	0.0	0.0	0.0	0.0	0.0	0.0	0.0	0.0	6.636E-4	0.0	0.0	0.0	0.0	0.0039904	0.0056899	0.0045113	0.0052174	0.009841	0.0159944	0.0165017	0.0192308	0.0253968	0.0326996	0.0384615	0.0335968	0.0427136	0.0441176	0.0517544	0.0561387	
Busard pâle	0.0024667	0.002439	0.0026882	0.0025063	0.0021692	6.636E-4	0.0032489	0.0025707	0.0013351	0.0026954	0.0018904	0.0028226	0.0010893	0.0011255	9.98E-4	8.117E-4	0.0	0.0	0.0	0.0	0.0	0.0	0.0	0.0	0.0	0.0	0.0	0.0	0.0	0.0	0.0	0.0	0.0	0.0	0.0	0.0	0.0	0.0	0.0	0.0	0.0	0.0	0.0030769	0.0032938	0.0	0.0043253	0.0052632	0.0031949	
Busard cendré	0.0	0.0	0.0	0.0	0.0	0.0	0.0	0.0	0.0013351	0.0015	0.0	0.0016129	0.0010893	0.0	4.99E-4	0.0016234	0.0037655	0.0016331	0.0012523	8.351E-4	6.859E-4	0.001581	0.0	6.061E-4	0.0	0.0	0.0025489	0.0	0.0052129	0.0037523	0.0057361	0.0040984	0.0103751	0.0064011	0.0067669	0.0028986	7.57E-4	0.0	0.0	0.0	0.0	0.0	0.0	0.0	0.0	0.0	0.0	0.0	
Busard Saint-Martin ou B. cendré	0.0	0.0	0.0	0.0	0.0	0.0	0.0	0.0	0.0	0.0	0.0	0.0	0.0010893	0.0011255	0.0015	0.0	0.0	0.0	0.0	0.0	0.0	0.0	0.0	0.0	0.0	0.0	0.0	0.0	0.0	0.0	0.0	0.0	0.0	0.0	0.0	0.0	0.0	0.0	0.0	0.0	0.0	0.0	0.0	0.0	0.0	0.0	0.0	0.0	
Busard pâle ou B. cendré	0.0	0.0	0.0	0.0	0.0	0.0	6.498E-4	0.0	0.0	0.0	0.0	0.0	0.0	0.0	0.0	0.0	0.0	0.0	0.0	0.0	0.0	0.0	0.0	0.0	0.0	0.0	0.0	0.0	0.0	0.0	0.0	0.0	0.0	0.0	0.0	0.0	0.0	0.0	0.0	0.0	0.0	0.0	0.0	0.0	0.0	8.651E-4	0.0	0.0	
busard sp.	4.933E-4	0.0012195	0.0026882	0.0	7.231E-4	6.636E-4	0.0019493	0.0015	6.676E-4	6.739E-4	0.0	0.0012097	0.0	0.0015	4.99E-4	4.058E-4	0.0010758	0.0	0.0	4.175E-4	0.0	7.905E-4	0.0	0.0012121	0.0	0.0	0.0	0.0	0.0	9.381E-4	9.56E-4	0.0020492	0.0015962	0.0	0.0	5.797E-4	0.0	0.0	8.251E-4	0.0021368	7.937E-4	0.0015	7.692E-4	6.588E-4	8.375E-4	8.651E-4	8.772E-4	0.0022821	
Milan royal	0.0	0.0	0.0	0.0	0.0	0.0	0.0	0.0	0.0	0.0	0.0	0.0	0.0	0.0015	0.0	0.0	0.0	0.0	0.0	0.0	0.0	0.0	0.0	0.0	0.0	0.0	0.0	0.0	0.0	0.0	0.0	0.0	0.0	0.0	0.0	0.0	0.0	0.0	0.0	0.0016026	0.002381	0.0076046	0.0015385	0.0013175	8.375E-4	8.651E-4	0.0035088	0.0	
Milan noir	0.0	0.0	0.0	0.0	0.0	0.0	0.0	0.0025707	0.0040053	0.0134771	0.0176434	0.0173387	0.0174292	0.0315138	0.0289421	0.0369318	0.0376547	0.0326619	0.043206	0.0388309	0.0342936	0.0466403	0.0481013	0.0430303	0.0253651	0.0263158	0.0246389	0.0298607	0.0217202	0.0103189	0.0066922	0.0095628	0.0039904	0.002845	0.0030075	0.0023188	0.003028	0.0	8.251E-4	0.0	0.0	0.0	0.0	0.0	0.0	0.0	0.0	0.0	
Buse pattue	0.0	0.0	0.0	0.0	0.0	0.0	0.0	0.0	0.0	0.0	0.0	0.0	0.0	0.0	0.0	0.0	0.0	0.0	0.0	0.0	0.0	0.0	0.0	0.0	0.0	0.0	0.0	0.0	0.0	0.0	0.0	0.0	0.0	0.0	0.0	0.0	0.0	0.0	0.0	0.0037393	7.937E-4	0.0022814	0.0015	0.0	0.0	0.0	0.0	0.0	
Buse variable	0.1687222	0.1743902	0.1384409	0.1393484	0.1395517	0.1194426	0.1546459	0.1317481	0.1168224	0.143531	0.1083806	0.1326613	0.1122004	0.1328081	0.1047904	0.1079545	0.1032813	0.1023408	0.1264872	0.1093946	0.1076818	0.1059289	0.1113924	0.0993939	0.1006918	0.0980861	0.0960068	0.1055076	0.1103388	0.1257036	0.1166348	0.1086066	0.1005587	0.1209104	0.118797	0.1008696	0.1127933	0.135605	0.1245875	0.1324786	0.1134921	0.1444867	0.1453846	0.1495389	0.1423786	0.133218	0.1473684	0.1798266	
Buse féroce	0.0	0.0	0.0	0.0	0.0	0.0	0.0	0.0	0.0	0.0	0.0	0.0	0.0	5.627E-4	0.0	0.0	0.0	0.0	0.0	0.0	0.0	0.0	0.0	0.0	0.0	0.0	0.0	0.0	0.0	0.0	0.0	0.0	0.0	0.0	0.0	0.0	0.0	0.0	0.0	0.0	0.0	0.0	0.0	0.0	0.0	0.0	0.0	0.0	
Buteo sp.	4.933E-4	6.098E-4	0.0	0.0	0.0	0.0	0.0	0.0	0.0	6.739E-4	0.0	0.0	0.0015	0.0	0.0	4.058E-4	0.0	0.0	0.0	4.175E-4	0.0	0.0	0.0	0.0	7.686E-4	0.0	0.0	0.0	0.0	0.0	0.0	0.0015	0.0	0.0	7.519E-4	0.0	7.57E-4	0.0	0.0	0.0	0.0	7.605E-4	0.0	0.0	0.0	0.0	0.0	0.0015	
rapace sp.	4.933E-4	6.098E-4	0.0	0.0	0.0	0.0	0.0012995	0.0	6.676E-4	0.0013477	6.301E-4	0.0	5.447E-4	5.627E-4	0.0015	0.0	5.379E-4	5.444E-4	6.262E-4	0.0	0.0020576	0.0	0.0	0.0015	0.0	0.0	0.0	0.0	0.0017376	0.0018762	0.0	0.0	0.0	7.112E-4	7.519E-4	0.0017391	7.57E-4	0.0	8.251E-4	0.0	0.0	0.0	0.0	6.588E-4	8.375E-4	8.651E-4	0.0	0.0	
aigle ou pygargue sp.	0.0	0.0	0.0	0.0	0.0	0.0	0.0	0.0	0.0	0.0	0.0	0.0	0.0	0.0	0.0	0.0	0.0	0.0	0.0	0.0	0.0	0.0	0.0	0.0	7.686E-4	0.0	0.0	0.0	0.0	0.0	0.0	0.0	0.0	0.0	0.0	0.0	0.0	0.0	0.0	0.0	0.0	0.0	0.0	0.0	0.0	0.0	0.0	0.0	
Effraie des clochers	0.0069068	0.0097561	0.0033602	0.006015	0.0043384	0.0026543	0.0097466	0.0044987	0.006008	0.0067385	0.0025205	0.0016129	0.0021786	0.0011255	4.99E-4	0.0020292	0.0010758	0.0027218	6.262E-4	0.0025052	0.0027435	7.905E-4	0.0050633	0.0036364	0.0046118	0.0055821	0.0016992	0.013935	0.0104257	0.0121951	0.0086042	0.0095628	0.0071828	0.0035562	0.0067669	0.0063768	0.00757	0.0041725	0.0016502	0.0048077	0.0031746	0.0045627	0.0107692	0.0072464	0.0117253	0.0069204	0.0087719	0.007759	
Petit-duc scops	0.0	0.0	0.0	0.0	0.0	0.0	0.0	0.0	0.0	0.0	0.0	4.032E-4	0.0	0.0	0.0	0.0	0.0	0.0	0.0	0.0	0.0	0.0	0.0	0.0	0.0	0.0	0.0	0.0	0.0	0.0	0.0	0.0	0.0	0.0	0.0	0.0	0.0	0.0	0.0	0.0	0.0	0.0	0.0	0.0	0.0	0.0	0.0	0.0	
Grand-duc d'Europe	9.867E-4	0.002439	0.0015	0.002005	7.231E-4	6.636E-4	0.0012995	0.0025707	6.676E-4	0.0	6.301E-4	4.032E-4	0.0015	5.627E-4	0.0	0.0012175	0.0010758	0.0016331	0.0012523	8.351E-4	0.0	0.001581	8.439E-4	0.0024242	7.686E-4	0.0031898	0.0	6.636E-4	8.688E-4	9.381E-4	0.0028681	0.0013661	0.0015962	7.112E-4	0.0015038	0.0015	7.57E-4	0.0013908	8.251E-4	0.0015	0.0	0.0	7.692E-4	6.588E-4	8.375E-4	8.651E-4	0.0	4.564E-4	
Chevêche d'Athéna	0.021707	0.0335366	0.0201613	0.0215539	0.021692	0.0106171	0.0240416	0.0134961	0.0160214	0.0222372	0.0151229	0.0145161	0.0136166	0.0118177	0.010978	0.0068994	0.0102205	0.0076211	0.0087664	0.0096033	0.015775	0.0166008	0.0101266	0.0139394	0.0176787	0.0175439	0.0212404	0.0238885	0.0234579	0.0178236	0.0162524	0.0150273	0.0167598	0.0199147	0.0218045	0.017971	0.014383	0.0146036	0.0214521	0.0160256	0.0126984	0.0235741	0.0230769	0.0191041	0.0150754	0.0190311	0.0219298	0.0237335	
Chouette hulotte	0.0044401	0.0085366	0.0040323	0.0045113	0.0014461	0.0019907	0.0032489	0.001928	0.0026702	0.0033693	6.301E-4	0.0032258	0.0021786	0.0039392	0.001996	0.0016234	0.0064551	0.0016331	0.0012523	0.0045929	0.0020576	0.0015	0.0059072	0.0018182	0.0046118	0.0015949	0.0025489	0.0019907	0.0060817	0.0037523	0.0086042	0.0034153	0.0023943	0.0042674	0.0045113	0.0028986	7.57E-4	0.0034771	0.0082508	5.342E-4	0.0039683	0.0053232	0.0030769	0.0046113	0.0058626	0.0060554	0.0035088	0.0027385	
Hibou moyen-duc	4.933E-4	6.098E-4	0.0	0.0015038	7.231E-4	0.0	0.0	0.0015	6.676E-4	0.0	0.0	0.0	0.0	0.0	0.0	0.0	0.0	0.0	0.0	0.0	0.0	0.0	0.0	0.0	0.0	0.0	0.0	0.0	0.0	0.0	0.0	0.0013661	0.0	7.112E-4	0.0	0.0	7.57E-4	6.954E-4	0.0015	0.0015	0.0	0.0015209	0.0030769	0.0013175	0.0	0.0034602	0.004386	9.128E-4	
Hibou des marais	0.0157869	0.0128049	0.0120968	0.0125313	0.0115691	0.0059721	0.005848	0.0064267	0.0073431	0.0053908	0.005041	0.003629	0.0010893	5.627E-4	0.0	0.0	5.379E-4	0.0	0.0	0.0	0.0	0.0	0.0	0.0	0.0	0.0	0.0	0.0	0.0	0.0	0.0	0.0	0.0	0.0	7.519E-4	0.0	0.0	0.0	8.251E-4	0.0048077	0.0031746	0.0045627	0.0115385	0.0111989	0.0159129	0.0121107	0.0192982	0.0173437	
Hibou moyen-duc ou H. des marais	0.0	0.0	0.0	0.0	0.0	0.0	0.0	0.0	0.0	0.0	0.0	0.0	0.0	0.0	0.0	0.0	0.0	0.0	0.0	0.0	0.0	0.0	0.0	0.0	0.0	0.0	0.0	0.0	0.0	0.0	0.0	0.0	0.0	0.0	0.0	0.0	0.0	0.0	0.0	0.0	0.0	0.0	0.0	0.0	0.0	0.0	0.0	4.564E-4	
Strigiformes sp.	0.0	0.0	0.0	0.0	0.0	6.636E-4	0.0	0.0	0.0	0.0	0.0	0.0	0.0	0.0	0.0	0.0	0.0	0.0	0.0	0.0	0.0	0.0	0.0	0.0	0.0	0.0	0.0	0.0	0.0	0.0	0.0	0.0	7.981E-4	0.0	0.0015	0.0	0.0	0.0	0.0	0.0	0.0	0.0	7.692E-4	0.0	0.0	0.0	0.0	0.0	
Huppe fasciée	0.0197336	0.0304878	0.0336022	0.0180451	0.032538	0.0318514	0.0344379	0.0269923	0.0206943	0.0438005	0.0409578	0.0395161	0.0446623	0.0343275	0.0339321	0.0328734	0.035503	0.0391943	0.0457107	0.0346555	0.0329218	0.0387352	0.0379747	0.0406061	0.0422752	0.039075	0.046729	0.0451228	0.0660295	0.0928705	0.0898662	0.1072404	0.1117318	0.1109531	0.0894737	0.0573913	0.0529902	0.054242	0.0536304	0.0438034	0.0436508	0.0357414	0.0246154	0.0309618	0.0368509	0.0423875	0.0307018	0.0205386	
Guêpier d'Europe	0.0	0.0	0.0	0.0	0.0	0.0	0.0	0.0	0.0	0.0	0.0015	0.0012097	0.0065359	0.0056275	0.006986	0.0121753	0.0096826	0.0070768	0.0068879	0.0037578	0.0048011	0.0039526	0.0033755	0.0048485	0.0076864	0.007177	0.0042481	0.0059721	0.0060817	0.0046904	0.0038241	0.0040984	0.0	7.112E-4	7.519E-4	0.0	0.0	0.0	0.0	0.0	0.0	0.0	0.0	0.0	0.0	0.0	0.0	0.0	
Martin-pêcheur d'Europe	0.0666009	0.0743902	0.0611559	0.0506266	0.0513377	0.0437956	0.0357375	0.0237789	0.0267023	0.0256065	0.0138626	0.0129032	0.0087146	0.0061902	0.010479	0.0121753	0.013986	0.0114317	0.0187852	0.0104384	0.0137174	0.0205534	0.0202532	0.0236364	0.0207533	0.0414673	0.0390824	0.0670206	0.0773241	0.0825516	0.1061185	0.0928962	0.0981644	0.1081081	0.1015038	0.0846377	0.0870553	0.1043115	0.0965347	0.099359	0.0761905	0.0958175	0.0984615	0.0869565	0.0837521	0.0726644	0.0885965	0.1026928	
Rollier d'Europe	0.0	0.0	0.0	0.0	0.0	0.0	0.0	0.0	0.0	0.0	0.0	0.0	0.0	5.627E-4	0.0	0.0	0.0	5.444E-4	6.262E-4	0.0	6.859E-4	0.0	0.0	0.0	0.0	0.0	0.0	6.636E-4	0.0034752	0.0028143	9.56E-4	0.0020492	0.0	0.0021337	0.0	0.0	0.0	0.0	0.0	0.0	0.0	0.0	0.0	0.0	0.0	0.0	0.0	0.0	
Torcol fourmilier	0.0069068	0.0060976	0.0094086	0.0080201	0.0072307	0.0099536	0.0077973	0.0102828	0.0053405	0.009434	0.0075614	0.0080645	0.0043573	0.0	0.0	0.0	0.0	0.0	0.0	0.0	0.0	0.0	0.0	0.0	0.0	0.0	0.0	0.0	0.0	9.381E-4	9.56E-4	0.0027322	0.0135674	0.0156472	0.0203008	0.026087	0.0280091	0.0146036	0.0247525	0.019765	0.0198413	0.0159696	0.0192308	0.0151515	0.0159129	0.016436	0.0140351	0.0104975	
Pic épeiche	0.0498273	0.05	0.0477151	0.0345865	0.0361533	0.0431321	0.0435348	0.0430591	0.0413885	0.0384097	0.042218	0.0435484	0.0424837	0.0388295	0.0434132	0.0393669	0.0408822	0.0310289	0.0294302	0.0346555	0.0493827	0.0545455	0.0599156	0.0424242	0.0338201	0.0430622	0.0365336	0.0305242	0.0390964	0.0469043	0.0372849	0.0587432	0.0438947	0.0362731	0.0593985	0.0452174	0.0545042	0.0452017	0.0437294	0.0395299	0.0452381	0.0456274	0.0338462	0.041502	0.038526	0.0363322	0.0429825	0.0301232	
Dendrocopos sp.	0.0	0.0	0.0	0.0	0.0	0.0	0.0	0.0	0.0	0.0	0.0	0.0	0.0	0.0	0.0	0.0	0.0	0.0	0.0	0.0	0.0	0.0	0.0	0.0	0.0	0.0	0.0	0.0	0.0	0.0	0.0	0.0	0.0	0.0	0.0	0.0	0.0	6.954E-4	0.0	0.0	0.0	0.0	0.0015385	0.0	0.0	0.0	0.0	4.564E-4	
Pic épeichette	0.00296	0.002439	0.0033602	0.002005	0.0014461	0.0019907	0.0	6.427E-4	6.676E-4	0.0026954	0.0025205	0.0016129	0.0010893	0.002251	0.002994	0.0012175	0.0010758	0.0010887	6.262E-4	0.0	0.0	0.0015	0.0	0.0012121	0.0	0.0023923	0.0	0.0	8.688E-4	0.0	0.0	6.831E-4	0.0	0.0014225	0.0015038	0.0017391	0.001514	0.0013908	8.251E-4	0.0032051	0.002381	0.0015209	0.0015385	0.0019763	0.0	8.651E-4	0.0	0.0018257	
Pic de Sharpe	0.0093735	0.0091463	0.0053763	0.0045113	0.0065076	0.0039814	0.0064977	0.0077121	0.0080107	0.0053908	0.0100819	0.0133065	0.0130719	0.0095667	0.0129741	0.0085227	0.0048413	0.0043549	0.0043832	0.005428	0.0068587	0.0063241	0.0101266	0.0024242	0.0076864	0.0023923	8.496E-4	0.0079628	0.004344	0.0065666	0.0066922	0.0102459	0.0063847	0.0078236	0.0105263	0.0069565	0.003785	0.0062587	0.0066007	0.0053419	0.0047619	0.0030418	0.0038462	0.0098814	0.0050251	0.0043253	0.0070175	0.0045641	
pic sp.	0.0	0.0	0.0	0.0	0.0	0.0	0.0012995	0.0	6.676E-4	0.0	0.0	0.0	0.0	0.0	0.0015	0.0	0.0010758	0.0	0.0015	8.351E-4	0.0013717	0.0	8.439E-4	0.0	7.686E-4	0.0	0.0015	6.636E-4	0.0	0.0	0.0	0.0	0.0	7.112E-4	0.0	0.0	0.001514	0.0	0.0	0.0	0.0	0.0	7.692E-4	0.0	0.0	0.0	8.772E-4	0.0015	
Faucon crécerelle	0.1805624	0.1890244	0.1733871	0.156391	0.1503977	0.1333776	0.151397	0.1375321	0.1528705	0.1516173	0.1461878	0.1584677	0.1372549	0.1384356	0.1127745	0.1217532	0.1221087	0.1034295	0.1377583	0.1056367	0.1241427	0.1375494	0.1485232	0.1618182	0.132206	0.1371611	0.1087511	0.1287326	0.1329279	0.1238274	0.125239	0.1325137	0.1484437	0.1493599	0.1421053	0.133913	0.1491294	0.1919332	0.1724422	0.1805556	0.1595238	0.1787072	0.1853846	0.1791831	0.1876047	0.1842561	0.2140351	0.2199909	
Faucon d'Éléonore	0.0	0.0	0.0	0.0	0.0	0.0	0.0	0.0	0.0	0.0	0.0	0.0	0.0	0.0	0.0	0.0	0.0	0.0	0.0	0.0	0.0	0.0	0.0	0.0	0.0	0.0	0.0	0.0015	0.0015	0.0	0.0	0.0	0.0	7.112E-4	0.0015038	0.0	0.0	0.0	0.0	0.0	0.0	0.0	0.0	0.0	0.0	0.0	0.0	0.0	
Faucon émerillon	0.0128268	0.0213415	0.0127688	0.0075188	0.0072307	0.0033179	0.005848	0.0064267	0.0033378	0.004717	0.0037807	0.0044355	0.0010893	0.0033765	4.99E-4	0.0	0.0	0.0	0.0	0.0	0.0	0.0	0.0	0.0	0.0	0.0	0.0	0.0	0.0	0.0	0.0	0.0	0.0	0.0	7.519E-4	0.0011594	0.001514	0.0	0.0033003	0.0106838	0.0111111	0.0091255	0.0115385	0.0204216	0.0175879	0.0103806	0.022807	0.028754	
Faucon hobereau	0.0	0.0	0.0	0.0	0.0	0.0	0.0	0.0	0.0	0.0	0.0	0.0	0.0	5.627E-4	0.0	4.058E-4	5.379E-4	5.444E-4	0.0018785	4.175E-4	6.859E-4	7.905E-4	0.0	6.061E-4	0.0015373	0.0031898	0.0	6.636E-4	8.688E-4	0.0018762	0.0015	0.0013661	0.0	0.0	7.519E-4	0.0015	7.57E-4	0.0	0.0015	0.0	0.0	0.0	0.0	0.0	0.0	0.0	0.0	0.0	
Faucon pèlerin	0.0222003	0.027439	0.0141129	0.0230576	0.0137383	0.0126078	0.022742	0.0205656	0.0093458	0.0161725	0.0138626	0.0076613	0.0087146	0.0146314	0.007984	0.0081169	0.0075309	0.0065324	0.0068879	0.0050104	0.0096022	0.0086957	0.0135021	0.0066667	0.0092237	0.0055821	0.0118946	0.0119443	0.0052129	0.0131332	0.0105163	0.010929	0.0151636	0.0064011	0.0233083	0.0144928	0.012112	0.0229485	0.0247525	0.0240385	0.0214286	0.034981	0.0230769	0.027668	0.0318258	0.0285467	0.0307018	0.0342309	
gros faucon sp.	0.0	0.0	0.0	0.0	0.0	0.0	0.0	0.0	0.0	0.0	0.0	0.0	0.0	0.0	0.0	0.0	0.0	0.0	0.0	0.0	0.0	0.0	8.439E-4	0.0	0.0	0.0	0.0	0.0	0.0	0.0	0.0	0.0	0.0	0.0	0.0	0.0	0.0	0.0	0.0	0.0	0.0	0.0	0.0	0.0	0.0	0.0	0.0	0.0	
Falco sp.	4.933E-4	0.0018293	0.0	0.0015	7.231E-4	0.0	0.0	0.0	0.0	0.0	0.0	0.0	0.0021786	5.627E-4	4.99E-4	4.058E-4	0.0010758	5.444E-4	0.0012523	4.175E-4	6.859E-4	0.0	0.0	6.061E-4	7.686E-4	0.0	0.0	0.0	0.0015	0.0	0.0028681	0.0013661	0.0	0.0	7.519E-4	5.797E-4	7.57E-4	0.0	8.251E-4	0.0	0.0	0.0	7.692E-4	0.0032938	0.001675	0.0	0.0017544	0.0015	
rapace diurne sp.	0.0	6.098E-4	0.0	0.0	7.231E-4	6.636E-4	0.0	0.0	0.0	6.739E-4	0.0012602	4.032E-4	0.0	0.0	4.99E-4	0.0	0.0	5.444E-4	6.262E-4	0.0	0.0	0.0	0.0	6.061E-4	7.686E-4	0.0	0.0	0.0	0.0	9.381E-4	0.001912	6.831E-4	0.0	0.0	7.519E-4	0.0	0.0	0.0	0.0	0.0	7.937E-4	0.0	0.0	0.0	0.0	0.0	0.0	0.0	
Calopsitte élégante	0.0	0.0	0.0	0.0	0.0	0.0	0.0	6.427E-4	0.0013351	0.0	0.0015	0.0	5.447E-4	5.627E-4	0.0015	4.058E-4	5.379E-4	0.0010887	0.0	0.0	0.0	7.905E-4	0.0	0.0	7.686E-4	7.974E-4	8.496E-4	6.636E-4	0.0015	0.0015	0.0015	0.0013661	0.0	7.112E-4	0.0015038	0.0	0.001514	0.0	8.251E-4	0.0015	0.0	0.0	0.0	0.0	0.0	0.0	0.0	0.0	
Perruche à collier	0.1958559	0.2140244	0.2372312	0.2486216	0.2668113	0.2375581	0.2703054	0.2487147	0.2783712	0.2809973	0.2753623	0.2395161	0.2265795	0.2245357	0.2300399	0.213474	0.2296934	0.2591181	0.2341891	0.2091858	0.2681756	0.2387352	0.2624473	0.2266667	0.2482706	0.2240829	0.2353441	0.2043796	0.2215465	0.2692308	0.2332696	0.2752732	0.2673583	0.2610242	0.2699248	0.2631884	0.2588948	0.2837274	0.2640264	0.2761752	0.2563492	0.269962	0.2430769	0.2654809	0.2705193	0.2707612	0.2385965	0.2053857	
Perruche à tête prune	0.0	0.0	0.0	0.0	0.0	0.0	0.0	0.0	0.0	0.0	0.0	0.0	0.0	0.0	0.0	0.0015	0.0	0.0	0.0	0.0	0.0	0.0	0.0	0.0	0.0	0.0	0.0	0.0	0.0	0.0	0.0	0.0	0.0	0.0	0.0	0.0	0.0	0.0	0.0	0.0	0.0	0.0	0.0	0.0	0.0	0.0	0.0	0.0	
Perruche de Pennant	0.0	0.0	0.0	0.0	0.0	0.0	0.0	0.0	0.0	0.0	0.0	0.0	0.0	0.0	0.0	0.0	0.0	0.0	0.0	0.0	0.0	0.0015	0.0	0.0	0.0	0.0	0.0	0.0	0.0	0.0	0.0	0.0	0.0	0.0	0.0	0.0	0.0	0.0013908	0.0016502	0.0015	0.0015873	0.0	0.0	0.0	0.0	0.0	8.772E-4	4.564E-4	
Perruche ondulée	0.0	0.0	0.0	0.0	0.0015	6.636E-4	6.498E-4	6.427E-4	0.0013351	0.0015	6.301E-4	4.032E-4	0.0	0.0	9.98E-4	0.0	0.0	5.444E-4	0.0012523	0.0	0.0	0.0	0.0	6.061E-4	0.0	7.974E-4	8.496E-4	6.636E-4	8.688E-4	0.0018762	9.56E-4	0.0020492	0.0023943	0.0014225	0.0015038	0.0017391	0.0	0.0013908	0.0015	0.0010684	0.002381	0.0	0.0	6.588E-4	0.0	0.0	8.772E-4	9.128E-4	
Inséparable rosegorge	0.0	0.0	0.0	0.0	0.0	0.0	0.0	0.0	0.0	6.739E-4	0.0	0.0	0.0	0.0	0.0	0.0	0.0	0.0	0.0	0.0015	0.0015	0.0	0.0	0.0	0.0	0.0	0.0	0.0015	0.0	0.0	0.0	0.0	0.0	0.0	0.0	0.0015	0.0	0.0	0.0	0.0	0.0	0.0	0.0	0.0	0.0	0.0	0.0	4.564E-4	
Inséparable de Fischer	0.0	0.0	0.0	0.0	0.0	0.0	0.0	0.0	0.0	0.0	0.0	0.0	0.0	0.0	0.0	0.0	0.0	0.0	0.0	0.0	0.0	0.0	0.0	0.0	0.0	0.0	0.0	0.0	0.0	0.0	0.0	0.0	0.0	0.0	0.0015	0.0	0.0	0.0	0.0	0.0	0.0	0.0	0.0	0.0	0.0	0.0	0.0	0.0	
Perroquet youyou	9.867E-4	0.002439	0.0026882	0.0035088	0.0021692	0.0013271	0.0019493	0.0032134	0.0026702	0.0033693	0.0031506	0.0012097	5.447E-4	0.0011255	9.98E-4	0.0012175	0.0032275	0.0010887	0.0012523	4.175E-4	0.0015	7.905E-4	8.439E-4	0.0	0.0015	0.0047847	0.0015	6.636E-4	0.0017376	0.0	0.001912	0.0	0.0015	0.0035562	7.519E-4	0.0023188	0.003028	0.0020862	0.0024752	0.0010684	0.002381	0.0022814	0.0015	0.0019763	8.375E-4	0.0060554	8.772E-4	4.564E-4	
Perriche veuve	0.0	0.0	0.0	0.0	0.0	0.0	0.0	0.0	0.0015	0.0	0.0015	0.0	0.0	0.0	0.0	0.0015	0.0	5.444E-4	0.0	0.0	0.0	0.0	0.0	0.0	0.0	0.0	0.0	0.0	0.0	0.0	0.0	0.0	0.0	0.0	0.0	0.0	0.0	0.0	8.251E-4	0.0	0.0	0.0	0.0	0.0	0.0	0.0	0.0	0.0	
Pione de Maximilien	0.0	0.0	0.0	0.0	0.0	6.636E-4	0.0	0.0	0.0	0.0	0.0	0.0	0.0	0.0	0.0	0.0	0.0	0.0	0.0	0.0	0.0	0.0	0.0	0.0	0.0	0.0	0.0	0.0	0.0	0.0	0.0	0.0	0.0	0.0	0.0	0.0	0.0	0.0	0.0	0.0	0.0	0.0	0.0	0.0	0.0	0.0	0.0	0.0	
Conure à tête bleue	0.0365072	0.0481707	0.0403226	0.0451128	0.0448301	0.0298607	0.0415854	0.0469152	0.0507343	0.0458221	0.0378072	0.0451613	0.0359477	0.0315138	0.0354291	0.0373377	0.0360409	0.0402831	0.0457107	0.0413361	0.0356653	0.0418972	0.0590717	0.0460606	0.0530361	0.0470494	0.0552251	0.0497678	0.03649	0.0393996	0.0449331	0.0553279	0.0430966	0.0369844	0.0406015	0.0307246	0.0439061	0.0403338	0.0272277	0.0373932	0.0420635	0.0425856	0.04	0.0513834	0.0552764	0.0588235	0.0491228	0.0296668	
Psittaciformes sp. (Parakeet)	0.0	0.0015	0.0015	0.002005	0.0015	0.0013271	0.0012995	0.0012853	6.676E-4	0.0	0.0012602	0.0012097	5.447E-4	0.0	9.98E-4	8.117E-4	0.0016138	0.0021775	0.0015	0.0	6.859E-4	7.905E-4	0.0015	6.061E-4	0.0015373	0.0	0.0015	0.0019907	0.0017376	0.0015	9.56E-4	6.831E-4	0.0	0.0	0.0	0.0011594	7.57E-4	6.954E-4	0.0	0.0015	0.0	7.605E-4	7.692E-4	0.0013175	0.0	0.0	8.772E-4	9.128E-4	
Loriot d'Europe	0.0	0.0	0.0	0.0	0.0	6.636E-4	0.0	0.0	0.0	0.0	0.0	0.0020161	0.0	0.0011255	0.001996	0.0048701	0.0080689	0.0081655	0.0075141	0.0050104	0.0034294	0.0031621	0.0042194	0.0024242	0.0038432	0.0103668	0.0042481	0.0053086	0.0086881	0.0093809	0.0066922	0.011612	0.0031923	7.112E-4	0.0	0.0	0.0	0.0	0.0	0.0	0.0	0.0	0.0	0.0	0.0	0.0	0.0	0.0	
Pie-grièche méridionale	0.0148002	0.0189024	0.0127688	0.0110276	0.0065076	0.0132714	0.0045484	0.0051414	0.0040053	0.0128032	0.0063012	0.0068548	0.0092593	0.0050647	0.008982	0.0085227	0.0037655	0.0087099	0.0018785	0.0058455	0.0048011	0.001581	0.0042194	0.0036364	0.0061491	0.0119617	0.011045	0.0145985	0.0208514	0.0196998	0.0162524	0.0163934	0.0087789	0.0241821	0.0218045	0.013913	0.015897	0.0146036	0.0231023	0.019765	0.0238095	0.0144487	0.0092308	0.0131752	0.0117253	0.0207612	0.0140351	0.0196257	
Pie-grièche à tête rousse	0.0	0.0	0.0	0.0	0.0	0.0	0.0	0.0	0.0	0.0	0.0044108	0.0241935	0.0196078	0.0106922	0.002495	0.0040584	0.0021517	0.0032662	0.0	8.351E-4	0.0015	7.905E-4	8.439E-4	0.0012121	0.0046118	0.0087719	0.0101954	0.0172528	0.0251955	0.0272045	0.0152964	0.0177596	0.0111732	0.012091	0.0030075	0.0011594	0.0	6.954E-4	8.251E-4	5.342E-4	0.0	0.0	0.0	0.0	0.0	0.0	0.0	0.0	
Laniidés sp.	0.0	0.0	0.0	0.0	0.0	0.0	0.0	0.0	0.0	0.0	6.301E-4	0.0	0.0	0.0	0.0	0.0	0.0	0.0	0.0	0.0	0.0	0.0	0.0	0.0	0.0	0.0	0.0	0.0	8.688E-4	0.0	0.0	0.0	0.0	0.0	0.0	0.0	0.0	0.0	0.0	0.0	0.0	0.0	0.0	0.0	0.0	0.0	0.0	0.0	
Geai des chênes	0.1415886	0.1268293	0.1444892	0.1157895	0.1330441	0.1201062	0.1299545	0.1233933	0.1161549	0.1206199	0.1247637	0.1354839	0.1198257	0.1164885	0.1202595	0.1140422	0.1172673	0.123571	0.1534126	0.1248434	0.1316872	0.1359684	0.1383966	0.1278788	0.1176018	0.1204147	0.1163976	0.1227605	0.105126	0.119137	0.1166348	0.1530055	0.1532322	0.1650071	0.1962406	0.1953623	0.1915216	0.2065369	0.2029703	0.2115385	0.1944444	0.1969582	0.15	0.1521739	0.1515913	0.149654	0.1184211	0.107257	
Pie-bleue ibérique	9.867E-4	6.098E-4	0.0	0.0010025	7.231E-4	0.0013271	0.0012995	0.0	6.676E-4	0.0015	6.301E-4	0.0015	0.0	0.0011255	9.98E-4	0.0016234	0.0026896	5.444E-4	0.0015	0.0016701	0.0034294	7.905E-4	0.0025316	0.0	0.0015373	7.974E-4	8.496E-4	6.636E-4	8.688E-4	9.381E-4	0.0015	0.0013661	7.981E-4	7.112E-4	0.0015038	0.0	0.0	0.0015	8.251E-4	0.0015	0.0015	7.605E-4	7.692E-4	6.588E-4	0.0025126	8.651E-4	0.0015	9.128E-4	
Pie bavarde	0.0448939	0.0420732	0.0443548	0.0426065	0.032538	0.0364964	0.037037	0.0379177	0.0340454	0.0512129	0.0396975	0.0362903	0.0272331	0.0185706	0.0279441	0.0280032	0.0387305	0.0326619	0.0275517	0.02881	0.0315501	0.026087	0.0320675	0.0224242	0.0230592	0.0342903	0.0169924	0.023225	0.0312772	0.0196998	0.0267686	0.0286885	0.0383081	0.0376956	0.0609023	0.0475362	0.0605602	0.0598053	0.0627063	0.0662393	0.0587302	0.0501901	0.0661538	0.0632411	0.0527638	0.050173	0.0491228	0.0607029	
Crave à bec rouge	0.0	0.0	0.0	0.0	0.0	6.636E-4	0.0	0.0	0.0	0.0	0.0	0.0	0.0	0.0	0.0	0.0	0.0	0.0	0.0	0.0	0.0	0.0	0.0	0.0	0.0	0.0	0.0	0.0	0.0	0.0	0.0	0.0	0.0	0.0	0.0	0.0	0.0	0.0	0.0	0.0010684	0.0	7.605E-4	0.0	0.0	0.0	0.0	0.0	0.0	
Choucas des tours	0.0	0.0	0.0	0.0	0.0	0.0	0.0	0.0	0.0	0.0	0.0	0.0	5.447E-4	0.0	0.0	0.0	0.0	0.0	0.0	0.0	0.0	0.0	0.0	0.0	0.0	0.0	0.0	0.0	0.0	0.0	0.0	0.0	0.0	0.0	0.0	0.0	0.0	0.0	0.0	0.0	0.0	0.0	0.0	0.0	0.0	0.0	0.0	0.0	
Corneille noire	0.1894425	0.1987805	0.1821237	0.1729323	0.1626898	0.1453218	0.1637427	0.1658098	0.1715621	0.166442	0.1613106	0.1572581	0.1443355	0.1423748	0.1442116	0.143263	0.1420118	0.1099619	0.1233563	0.1114823	0.0973937	0.0980237	0.1105485	0.0957576	0.0930054	0.1068581	0.097706	0.1161248	0.1294526	0.1585366	0.1701721	0.1741803	0.1731844	0.2041252	0.2	0.1750725	0.1703255	0.1995828	0.2079208	0.1971154	0.1873016	0.1878327	0.1861538	0.1870883	0.19933	0.1738754	0.2	0.2327704	
Grand Corbeau	0.00148	0.0012195	6.72E-4	0.0	7.231E-4	0.0015	0.0	6.427E-4	6.676E-4	0.0015	0.0037807	0.0015	5.447E-4	0.0011255	0.0	0.0040584	0.0021517	5.444E-4	0.0018785	4.175E-4	6.859E-4	0.0	0.0015	0.0	7.686E-4	0.0015949	0.0015	0.0019907	0.0	9.381E-4	0.0028681	6.831E-4	0.0015962	7.112E-4	7.519E-4	0.0011594	7.57E-4	0.0013908	0.0016502	5.342E-4	0.002381	0.0015209	0.0023077	0.0019763	8.375E-4	0.0	0.0	4.564E-4	
corneille ou corbeau sp.	0.0	0.0	0.0015	0.0	7.231E-4	0.0	0.0	0.0	0.0	0.0	0.0	0.0	5.447E-4	0.0	0.0	0.0	0.0	0.0	6.262E-4	0.0	0.0	7.905E-4	0.0	0.0	0.0	0.0	0.0	6.636E-4	8.688E-4	9.381E-4	0.0	6.831E-4	0.0	0.0	7.519E-4	0.0015	0.0	0.0	8.251E-4	0.0015	0.0	0.0015209	0.0	6.588E-4	0.0	0.0	0.0	0.0	
corvidé sp.	0.0	0.0	0.0	0.0	0.0	0.0	0.0	0.0	0.0	0.0	0.0	0.0	0.0	0.0	0.0	0.0	0.0	0.0	0.0	0.0	0.0	0.0	0.0	0.0	0.0	0.0	0.0	0.0015	0.0	0.0	0.0	0.0	0.0	0.0	0.0	0.0	0.0	0.0	0.0	0.0	0.0	0.0	0.0	0.0	0.0	0.0	0.0	0.0	
Mésange noire	0.1361618	0.127439	0.1317204	0.1162907	0.1417209	0.1320504	0.1435997	0.1356041	0.1508678	0.1347709	0.152489	0.1741935	0.1835512	0.1547552	0.1407186	0.1087662	0.1135019	0.1132281	0.1221039	0.1102296	0.1358025	0.1335968	0.1620253	0.1018182	0.1106841	0.1028708	0.104503	0.1001991	0.1086012	0.1360225	0.1166348	0.1407104	0.1500399	0.1621622	0.181203	0.1681159	0.1514005	0.1515994	0.1468647	0.133547	0.1134921	0.1186312	0.0961538	0.1389987	0.1298157	0.099481	0.1087719	0.1026928	
Mésange huppée	0.0039467	0.0073171	0.0060484	0.0035088	0.0043384	0.0053086	0.0064977	0.0025707	0.0080107	0.0026954	0.005041	0.0060484	0.0076253	0.006753	0.005988	0.0044643	0.0032275	0.0038106	0.003757	0.0083507	0.0041152	0.0063241	0.0084388	0.0066667	0.0038432	0.007177	0.0059473	0.0086264	0.0069505	0.0056285	0.0038241	0.0088798	0.0079808	0.0021337	0.0075188	0.0063768	0.00757	0.0055633	0.0066007	0.0042735	0.0031746	0.0053232	0.0092308	0.0098814	0.0067002	0.0060554	0.0078947	0.0027385	
Mésange bleue	0.2318698	0.2390244	0.233871	0.2240602	0.2429501	0.2249502	0.2709552	0.253856	0.2356475	0.2654987	0.26339	0.2745968	0.2489107	0.2599887	0.25499	0.2252435	0.1920387	0.2030484	0.2273012	0.234238	0.1989026	0.1913043	0.2	0.1757576	0.1767871	0.161882	0.1495327	0.1439947	0.1676803	0.1772983	0.1768642	0.2021858	0.2442139	0.2567568	0.2654135	0.2556522	0.2664648	0.2573018	0.2367987	0.2206197	0.2388889	0.2304183	0.2338462	0.2417655	0.2328308	0.2188581	0.2192982	0.2003651	
Mésange charbonnière	0.148002	0.1390244	0.1579301	0.1393484	0.1532899	0.1599204	0.1767381	0.1638817	0.1461949	0.166442	0.1726528	0.1770161	0.1791939	0.1660101	0.1641717	0.1534091	0.1210328	0.1208492	0.1264872	0.1256785	0.1111111	0.1130435	0.1189873	0.0818182	0.0691776	0.0829346	0.0824129	0.0643663	0.086881	0.1013133	0.1147228	0.1127049	0.122905	0.1273115	0.1526316	0.1397101	0.1506435	0.1439499	0.1353135	0.1303419	0.1365079	0.1307985	0.1292308	0.1429513	0.1314908	0.1280277	0.127193	0.1109083	
paridé sp.	9.867E-4	0.0	6.72E-4	0.0	0.0	0.0	6.498E-4	6.427E-4	0.0	6.739E-4	6.301E-4	0.0024194	0.0010893	0.0011255	0.0	8.117E-4	5.379E-4	5.444E-4	0.0025047	0.0025052	0.0034294	7.905E-4	0.0016878	0.0	0.0015373	0.0	0.0015	0.0066357	0.0034752	9.381E-4	0.0015	6.831E-4	0.0	0.0	0.0022556	0.0011594	0.0015	0.0013908	8.251E-4	5.342E-4	7.937E-4	0.0	0.0	0.0	0.0	0.0	8.772E-4	4.564E-4	
Rémiz penduline	0.0123335	0.0140244	0.0060484	0.0110276	0.0115691	0.0039814	0.0116959	0.0025707	0.006008	0.0040431	0.0018904	0.0016129	5.447E-4	0.0	0.0	0.0	0.0	0.0	0.0	0.0	0.0	0.0	0.0	0.0	0.0	0.0	0.0	0.0	0.0	0.0	0.0	0.0	0.0	0.0	0.0	0.0	7.57E-4	0.0	8.251E-4	0.0021368	0.002381	0.0106464	0.0169231	0.0065876	0.0125628	0.0138408	0.0175439	0.0260155	
Alouette lulu	0.0078934	0.0121951	0.0087366	0.0050125	0.0050615	0.0066357	0.005848	0.0044987	0.0066756	0.0040431	0.010712	0.0133065	0.0098039	0.0090039	0.006986	0.0093344	0.0086068	0.0070768	0.0043832	0.0112735	0.0061728	0.0055336	0.0059072	0.0024242	0.0061491	0.0023923	8.496E-4	0.0019907	0.0052129	0.0046904	0.0038241	0.0075137	0.0047885	0.0128023	0.018797	0.0104348	0.00757	0.0111266	0.0082508	0.0112179	0.0063492	0.0076046	0.0046154	0.0059289	0.0033501	0.0017301	0.0070175	0.0045641	
Alouette des champs	0.0592008	0.0670732	0.0530914	0.0426065	0.0412148	0.0345056	0.0415854	0.0404884	0.0307076	0.0498652	0.0308759	0.0375	0.0375817	0.0574001	0.0264471	0.0284091	0.020979	0.0217746	0.0325611	0.0267223	0.0150892	0.0197628	0.0151899	0.010303	0.0069178	0.0055821	0.0050977	0.004645	0.0060817	0.0065666	0.0038241	0.0068306	0.0127694	0.0128023	0.0097744	0.0104348	0.0174111	0.0215577	0.0288779	0.053953	0.0468254	0.061597	0.0546154	0.0474308	0.0544389	0.0579585	0.0596491	0.0839799	
Cochevis huppé	0.0764677	0.0817073	0.0625	0.0536341	0.0542299	0.0471135	0.05718	0.0539846	0.0554072	0.0653639	0.0478891	0.0641129	0.0691721	0.0737198	0.0484032	0.0649351	0.0586337	0.0538922	0.057608	0.0776618	0.0589849	0.0600791	0.057384	0.0618182	0.0538048	0.0653907	0.0560748	0.057067	0.0512598	0.0525328	0.0439771	0.0403005	0.0558659	0.0647226	0.0699248	0.0666667	0.0817562	0.1126565	0.1155116	0.0924145	0.097619	0.0996198	0.0815385	0.0783926	0.0653266	0.0588235	0.0947368	0.0958466	
Cochevis de Thékla ou C. huppé	0.0	0.0	0.0	0.0	0.0	0.0	0.0	0.0	0.0	0.0	0.0	0.0	0.0	0.0011255	0.0	0.0	0.0	0.0	0.0012523	0.0	0.0	0.0	0.0	0.0	0.0	0.0	0.0	0.0	0.0	0.0	0.0	0.0	0.0	0.0	0.0	0.0	0.0	0.0	0.0	0.0	0.0	0.0	0.0	0.0	0.0	0.0	0.0	0.0	
Alouette calandrelle	0.0	0.0	0.0	0.0	0.0	0.0	0.0	0.0	0.0	0.0020216	0.0031506	0.0165323	0.0348584	0.0675295	0.0304391	0.0466721	0.041958	0.0413718	0.0507201	0.0446764	0.0315501	0.0316206	0.0362869	0.0339394	0.0199846	0.0151515	0.0135939	0.0205707	0.0147698	0.011257	0.0124283	0.0150273	0.0111732	0.0163585	0.0030075	0.0017391	0.0	0.0	0.0	0.0	0.0	0.0	0.0	0.0	0.0	0.0	0.0	0.0	
Alouette calandre	0.00148	0.0012195	0.0013441	0.0010025	0.0057845	0.004645	0.0019493	0.0025707	6.676E-4	0.0053908	0.0037807	0.0056452	0.001634	0.0039392	0.002994	0.0012175	0.0021517	0.0015	0.0018785	0.0025052	0.0027435	0.001581	0.0016878	6.061E-4	0.0030746	0.0	8.496E-4	6.636E-4	8.688E-4	0.0018762	0.0	0.0	0.0015962	7.112E-4	7.519E-4	5.797E-4	0.0	0.0	8.251E-4	5.342E-4	7.937E-4	7.605E-4	0.0030769	6.588E-4	0.0	0.0015	8.772E-4	0.0013692	
alaudidé sp.	0.0	6.098E-4	0.0	0.0	7.231E-4	0.0	6.498E-4	0.0	0.0	0.0	0.0015	8.065E-4	0.0015	5.627E-4	0.0	8.117E-4	0.0	0.0	6.262E-4	0.0	0.0	7.905E-4	0.0016878	0.0	0.0	0.0015949	0.0	0.0	0.0017376	9.381E-4	0.0	0.0	7.981E-4	0.0	0.0	0.0	0.0	6.954E-4	8.251E-4	5.342E-4	0.0	0.0	0.0	0.0013175	0.0	0.0	0.0	0.0	
Cisticole des joncs	0.175629	0.2006098	0.1612903	0.1598997	0.1908894	0.1785003	0.2131254	0.2255784	0.2343124	0.277628	0.2659105	0.296371	0.2995643	0.3505909	0.3203593	0.3579545	0.2953201	0.2896026	0.3074515	0.3123173	0.244856	0.258498	0.243038	0.189697	0.1529593	0.1451356	0.1189465	0.1506304	0.1754996	0.1810507	0.1921606	0.1967213	0.1931365	0.2076814	0.1969925	0.173913	0.2112036	0.2155772	0.2219472	0.2179487	0.2095238	0.2205323	0.2223077	0.1837945	0.1658291	0.1877163	0.1736842	0.2314012	
Hypolaïs polyglotte	0.0	0.0	0.0	0.0	0.0	0.0	0.0	0.0	0.0	6.739E-4	0.0	4.032E-4	0.0	0.0016882	0.001996	0.0056818	0.0053792	0.0065324	0.0056356	0.006263	0.0075446	0.0071146	0.0033755	0.010303	0.010761	0.0087719	0.0152931	0.0325149	0.0425717	0.0525328	0.0621415	0.0635246	0.0510774	0.0590327	0.0451128	0.0168116	0.014383	0.0055633	0.0024752	5.342E-4	0.0	0.0	0.0	0.0	0.0	0.0	0.0	0.0	
Phragmite des joncs	0.0	0.0	0.0	0.0	0.0	0.0	0.0	0.001928	0.0073431	0.0114555	0.0044108	0.0056452	0.0081699	0.0078784	0.003992	8.117E-4	0.0	0.0	0.0	0.0	0.0	0.0	0.0	0.0	0.0	0.0023923	0.0025489	0.004645	0.0104257	0.011257	0.0152964	0.0198087	0.0079808	0.0156472	0.0037594	0.0121739	0.004542	0.0027816	0.0016502	0.0	0.0	0.0	0.0	0.0	0.0	0.0	0.0	0.0	
Rousserolle effarvatte	0.0	0.0	0.0	0.0	0.0	0.0	0.0	0.0	6.676E-4	0.0060647	0.0119723	0.0342742	0.0430283	0.0748452	0.0578842	0.0665584	0.0645508	0.0571584	0.0695053	0.0546973	0.0432099	0.0600791	0.0531646	0.0581818	0.0338201	0.0382775	0.0263381	0.0252157	0.0382276	0.0403377	0.0621415	0.0771858	0.1029529	0.1187767	0.0879699	0.0672464	0.0643452	0.0361613	0.0338284	0.0208333	0.0087302	0.0045627	0.0	0.0	0.0	0.0	0.0	0.0	
Rousserolle turdoïde	0.0	0.0	0.0	0.0	0.0	0.0	0.0	0.0	0.0	0.0	0.0	0.0044355	0.0141612	0.0427687	0.0244511	0.0381494	0.0371167	0.0359281	0.0381966	0.0275574	0.0246914	0.0229249	0.0320675	0.0169697	0.0122982	0.0095694	0.0042481	0.0053086	0.0069505	0.0018762	0.0076482	0.0088798	0.0	7.112E-4	0.0	0.0	0.0	0.0	0.0	0.0	0.0	0.0	0.0	0.0	0.0	0.0	0.0	0.0	
Rousserolle effarvatte ou R. turdoïde	0.0	0.0	0.0	0.0	0.0	0.0	0.0	0.0	0.0	0.0	0.0	4.032E-4	0.0010893	0.0	0.0	0.0	5.379E-4	0.0	6.262E-4	0.0	0.0	7.905E-4	0.0	0.0	0.0	0.0	0.0	0.0	0.0	0.0	0.0	0.0	0.0	7.112E-4	0.0	0.0	0.0	0.0	0.0	0.0	0.0	0.0	0.0	0.0	0.0	0.0	0.0	0.0	
Acrocephalus sp.	0.0	0.0	0.0	0.0	0.0	0.0	0.0	0.0	0.0	0.0	0.0	0.0	0.0	5.627E-4	0.0	4.058E-4	0.0	0.0	6.262E-4	0.0	0.0	0.0	0.0	0.0	0.0	0.0	0.0	0.0	0.0017376	9.381E-4	0.0	6.831E-4	0.0015962	0.002845	0.0015038	5.797E-4	7.57E-4	0.0	0.0	0.0	0.0	0.0	0.0	0.0	0.0	0.0	0.0	0.0	
Iduna, Hippolais ou Acrocephalus sp.	0.0	0.0	0.0	0.0	0.0	0.0	0.0	0.0	0.0	0.0	0.0	0.0	0.0	0.0	0.0	0.0	0.0	0.0	0.0	0.0	0.0	0.0	0.0	0.0	0.0	0.0	0.0	0.0	0.0	0.0	0.0	0.0	0.0	7.112E-4	0.0	0.0	0.0	0.0	0.0	0.0	0.0	0.0	0.0	0.0	0.0	0.0	0.0	0.0	
Locustelle luscinioïde	0.0	0.0	0.0	0.0	0.0	0.0	0.0	0.0	0.0	0.0	0.0025205	0.0072581	0.0059913	0.0129432	0.002495	0.0056818	0.0064551	0.0032662	0.0081403	0.0045929	0.0027435	0.0039526	0.0067511	0.0048485	0.0023059	0.0031898	8.496E-4	0.0019907	0.0017376	0.0037523	0.0038241	0.0054645	0.0015962	0.0035562	0.0022556	0.0	7.57E-4	0.0	0.0	0.0	0.0	0.0	0.0	0.0	0.0	0.0	0.0	0.0	
Locustelle tachetée	0.0	0.0	0.0	0.0	0.0	0.0	0.0	0.0	0.0	0.0	6.301E-4	0.0	0.0	0.0	0.0	0.0	0.0	0.0	0.0	0.0	0.0	0.0	0.0	0.0	0.0	0.0	0.0	0.0	0.0	0.0018762	0.001912	0.0027322	0.0039904	0.0056899	0.0045113	0.0052174	0.001514	6.954E-4	8.251E-4	0.0	0.0	0.0	0.0	0.0	0.0	0.0	0.0	0.0	
Hirondelle de rivage	0.0	0.0	0.0	5.013E-4	0.0028923	0.0026543	0.0038986	0.0102828	0.0206943	0.0202156	0.0226843	0.025	0.0212418	0.0270118	0.0194611	0.0219156	0.0252824	0.0288514	0.0244208	0.0183716	0.021262	0.0339921	0.035443	0.0424242	0.0353574	0.0374801	0.039932	0.0497678	0.0582103	0.0600375	0.0688337	0.057377	0.0542698	0.0469417	0.0293233	0.0110145	0.005299	0.0055633	0.0033003	0.0	0.0031746	0.0022814	0.0061538	0.0046113	8.375E-4	8.651E-4	0.0	4.564E-4	
Hirondelle de rochers	0.047854	0.0353659	0.0362903	0.0325815	0.0303688	0.0258792	0.0305393	0.0340617	0.0300401	0.0242588	0.0170132	0.0201613	0.0212418	0.0163196	0.0144711	0.0174513	0.0107585	0.0157866	0.0175329	0.0141962	0.0082305	0.0173913	0.0261603	0.0248485	0.019216	0.0183413	0.0203908	0.0272064	0.0165074	0.0121951	0.0152964	0.0143443	0.0231445	0.0220484	0.0240602	0.0249275	0.0219531	0.0257302	0.0173267	0.0315171	0.0261905	0.0547529	0.0461538	0.0566535	0.0376884	0.0406574	0.0473684	0.0492926	
Hirondelle rustique	0.0143069	0.0152439	0.0201613	0.0401003	0.0701374	0.1300597	0.1526966	0.2017995	0.2336449	0.2688679	0.2671708	0.2951613	0.3061002	0.328081	0.3103792	0.3169643	0.3480366	0.3369624	0.3481528	0.2885177	0.3079561	0.344664	0.3417722	0.3448485	0.3412759	0.3317384	0.3610875	0.341075	0.3614248	0.3405253	0.3499044	0.2629781	0.1763767	0.1372688	0.0796992	0.0463768	0.0386071	0.0382476	0.0206271	0.0101496	0.0111111	0.0243346	0.0223077	0.0217391	0.0134003	0.0155709	0.0140351	0.0196257	
Hirondelle de fenêtre	9.867E-4	0.0054878	0.0033602	0.0135338	0.0361533	0.0457863	0.0630279	0.0784062	0.1001335	0.1287062	0.1241336	0.1641129	0.164488	0.2110298	0.2045908	0.2272727	0.2522862	0.2465977	0.2667502	0.2254697	0.2668038	0.283004	0.3164557	0.2963636	0.2797848	0.3086124	0.2965166	0.3025879	0.3171156	0.2729831	0.2399618	0.1775956	0.1173184	0.1209104	0.0842105	0.0724638	0.0393641	0.0132128	0.0041254	0.0021368	7.937E-4	7.605E-4	0.0030769	6.588E-4	0.001675	0.0034602	8.772E-4	0.0013692	
Hirondelle rousseline	0.0	0.0	0.0	0.0010025	7.231E-4	6.636E-4	0.0019493	0.0057841	0.0053405	0.0033693	0.0100819	0.0177419	0.0245098	0.0315138	0.0289421	0.0324675	0.034965	0.0359281	0.0344396	0.0321503	0.0294925	0.0339921	0.057384	0.0406061	0.0484243	0.0454545	0.0603229	0.0537492	0.07298	0.0769231	0.0860421	0.0867486	0.0790104	0.0761024	0.0661654	0.0510145	0.0227101	0.0076495	8.251E-4	0.0016026	7.937E-4	0.0	7.692E-4	6.588E-4	0.0	0.0	8.772E-4	0.0	
hirondelle sp.	0.0	0.0015	6.72E-4	0.0	0.0014461	0.0033179	0.0025991	0.0025707	0.0033378	6.739E-4	0.0031506	0.003629	0.0010893	0.004502	0.003992	0.0024351	0.0026896	0.0032662	0.0031309	8.351E-4	0.0027435	0.0031621	0.0033755	0.0036364	0.0038432	0.0015949	0.0016992	0.0066357	0.004344	0.0028143	0.0	0.0013661	0.0015962	0.002845	0.0015038	0.0011594	0.001514	0.0013908	0.0033003	0.0021368	0.002381	0.0	7.692E-4	0.002635	0.001675	8.651E-4	0.0	0.0	
Pouillot siffleur	0.0	0.0	0.0	0.0	0.0	0.0	0.0	0.0	0.0	0.0	0.0	0.0	0.0	0.0	0.006487	0.0	0.0	0.0	0.0012523	4.175E-4	0.0	0.0	0.0	0.0	0.0	0.0	0.0	0.0	0.0	0.0	0.0	0.0	0.0	0.0	0.0	0.0	0.0	0.0	0.0	0.0	0.0	0.0	0.0	0.0	0.0	0.0	0.0	0.0	
Pouillot de Bonelli	0.0	0.0	0.0	0.0	0.0	0.0	0.0	0.0	0.0	0.0	0.0	4.032E-4	0.0027233	0.0011255	0.004491	0.0032468	0.0016138	5.444E-4	0.0015	8.351E-4	6.859E-4	0.0	8.439E-4	0.0	7.686E-4	7.974E-4	8.496E-4	0.0026543	0.0060817	0.0093809	0.0086042	0.0129781	0.0111732	0.0156472	0.0165414	0.0057971	0.001514	0.0	0.0	0.0	0.0	0.0	0.0	0.0	0.0	0.0	0.0	0.0	
Pouillot à grands sourcils	0.0044401	0.002439	0.0047043	0.0030075	0.0050615	0.0053086	0.0064977	0.001928	0.0033378	0.0013477	0.0044108	0.0028226	0.003268	0.0	0.00499	0.0	0.0	0.0	0.0	0.0	0.0	0.0	0.0	0.0	0.0	0.0	0.0	0.0	0.0	0.0	0.0	0.0	0.0	0.0	0.0	0.0	7.57E-4	0.0027816	0.0024752	0.0074786	0.0126984	0.0129278	0.0038462	0.0046113	0.0025126	0.0	0.0	0.0022821	
Pouillot brun	0.0	0.0	0.0	0.0	0.0	0.0	0.0	0.0	0.0	0.0	0.0	0.0	0.0	0.0	0.0	0.0	0.0	0.0	0.0	0.0	0.0	0.0	0.0	0.0	0.0	0.0	0.0	0.0	0.0	0.0	0.0	0.0	0.0	0.0	0.0	0.0	0.0	0.0	0.0	0.0	0.0	0.0	7.692E-4	0.0	0.0	0.0	0.0026316	0.0018257	
Pouillot fitis	0.0	0.0	0.0	0.0	0.0	0.0	0.0	0.0	6.676E-4	6.739E-4	0.0037807	0.0084677	0.0054466	0.0016882	0.001497	4.058E-4	5.379E-4	5.444E-4	0.0	0.0	0.0	0.0	0.0	0.0	0.0	0.0	0.0	6.636E-4	0.0112945	0.0225141	0.0506692	0.1038251	0.1516361	0.2190612	0.2714286	0.204058	0.1362604	0.1029207	0.0511551	0.028312	7.937E-4	0.0	0.0	0.0	0.0	0.0	0.0	0.0	
Pouillot véloce	0.5481006	0.5237805	0.4885753	0.4892231	0.527838	0.4717983	0.4873294	0.4691517	0.4245661	0.3928571	0.2772527	0.1520161	0.0528322	0.0168824	0.0154691	0.0109578	0.006993	0.0021775	6.262E-4	8.351E-4	0.0013717	7.905E-4	0.0	0.0	0.0	0.0	0.0	0.0	0.0	0.0	0.0	6.831E-4	0.0023943	0.0014225	0.0097744	0.0156522	0.0393641	0.1112656	0.2153465	0.3424145	0.4206349	0.4882129	0.5161538	0.541502	0.5670017	0.5553633	0.5236842	0.5787312	
Pouillot fitis ou P. véloce	0.0	0.0	0.0	0.0	0.0	0.0	0.0	0.0	0.0	0.0	0.0018904	8.065E-4	5.447E-4	0.0016882	0.0	0.0	0.0	0.0	0.0	0.0	0.0	0.0	0.0	0.0	0.0	0.0	0.0	0.0	0.0	0.0	0.0	0.0	0.0	0.0	7.519E-4	0.0017391	0.002271	0.0034771	0.0057756	5.342E-4	7.937E-4	0.0	0.0	0.0	0.0	0.0	0.0	0.0	
Pouillot ibérique	0.0	0.0	0.0	0.0	0.0	0.0013271	0.0012995	0.0032134	0.0086782	0.0208895	0.026465	0.028629	0.0212418	0.0236353	0.0414172	0.0361201	0.0338892	0.0201415	0.0269255	0.0250522	0.0246914	0.026087	0.0261603	0.0175758	0.0253651	0.023126	0.0152931	0.0192435	0.0347524	0.0393996	0.0449331	0.0484973	0.0351157	0.027027	0.0315789	0.0156522	0.010598	0.0055633	0.0082508	0.0	0.0	0.0	0.0	0.0	0.0	0.0	0.0	0.0	
Pouillot fitis, P. véloce ou P. ibérique	0.0	0.0	0.0	0.0	0.0	0.0	0.0	0.0	6.676E-4	0.0020216	0.0012602	0.0016129	0.0010893	0.0011255	0.0	4.058E-4	0.0	0.0	0.0	0.0	0.0	7.905E-4	0.0	0.0	0.0	0.0	0.0	0.0	8.688E-4	0.0	9.56E-4	6.831E-4	0.0	7.112E-4	0.0015038	0.0028986	0.001514	0.0013908	8.251E-4	5.342E-4	0.0	0.0	0.0	0.0	0.0	0.0	0.0	0.0	
Pouillot véloce ou P. ibérique	0.0	0.0	0.0	0.0	7.231E-4	6.636E-4	6.498E-4	0.001928	0.0020027	0.0067385	0.0113422	0.0112903	0.001634	0.0016882	0.001996	0.0	5.379E-4	0.0	0.0	0.0	0.0	0.0	0.0	0.0	0.0	0.0	0.0	0.0	0.0	9.381E-4	0.0	0.0020492	0.0055866	0.0056899	0.0022556	0.0017391	0.002271	0.0020862	0.0033003	0.0021368	0.0	0.0	0.0	0.0	0.0	0.0	0.0	4.564E-4	
pouillot sp.	4.933E-4	0.0018293	0.0026882	0.002005	0.0014461	0.0	0.0019493	0.001928	0.0053405	0.0013477	0.0018904	0.0024194	0.0021786	5.627E-4	9.98E-4	0.0016234	0.0010758	5.444E-4	0.0	4.175E-4	0.0	0.001581	0.0	0.0018182	0.0	7.974E-4	8.496E-4	0.0026543	0.0017376	0.0037523	0.0038241	0.0068306	0.0047885	0.0078236	0.0067669	0.0046377	0.006056	0.0041725	0.0057756	0.0021368	7.937E-4	0.0038023	0.0076923	6.588E-4	0.001675	0.0017301	0.0026316	0.0031949	
Bouscarle de Cetti	0.1021214	0.1207317	0.0981183	0.1027569	0.1091829	0.1008626	0.1013645	0.1137532	0.1194927	0.1462264	0.1178324	0.133871	0.1165577	0.1676984	0.1097804	0.1351461	0.1231845	0.1017964	0.1145899	0.0797495	0.0665295	0.0632411	0.0464135	0.0406061	0.0215219	0.0406699	0.0297366	0.0424685	0.0721112	0.0816135	0.1309751	0.1202186	0.1268955	0.1450925	0.1225564	0.1228986	0.1317184	0.150904	0.150165	0.1543803	0.1269841	0.1444867	0.1407692	0.115942	0.1164154	0.1115917	0.1131579	0.1697855	
Orite à longue queue	0.0320671	0.0378049	0.0443548	0.0370927	0.0404917	0.0437956	0.042885	0.033419	0.0273698	0.0458221	0.0384373	0.0322581	0.0212418	0.0270118	0.0414172	0.0300325	0.0392684	0.0255852	0.0325611	0.0350731	0.0281207	0.027668	0.028692	0.0218182	0.0269024	0.0167464	0.0254885	0.0252157	0.0304083	0.0272045	0.0344168	0.034153	0.0422985	0.0483642	0.0518797	0.0423188	0.0439061	0.0514604	0.039604	0.042735	0.0420635	0.0418251	0.0476923	0.0638999	0.0519263	0.0510381	0.0421053	0.0356002	
Fauvette à tête noire	0.3009373	0.2695122	0.2634409	0.2561404	0.2697035	0.2913072	0.2748538	0.3052699	0.271028	0.3025606	0.3352237	0.2995968	0.3164488	0.294879	0.3373253	0.3478084	0.3437332	0.3336962	0.3124609	0.3498956	0.3319616	0.3185771	0.3130802	0.3060606	0.3051499	0.2974482	0.2812234	0.2428666	0.1989574	0.1444653	0.1434034	0.1454918	0.1300878	0.1251778	0.1428571	0.1553623	0.2172597	0.2086231	0.2244224	0.2521368	0.2492063	0.2661597	0.2453846	0.2766798	0.2881072	0.2923875	0.2763158	0.2724783	
Fauvette des jardins	0.0	0.0	0.0	0.0	0.0	0.0	0.0	0.0	0.0	0.0	0.0	0.0	0.001634	0.002251	0.001996	0.0012175	0.0	0.0	0.0	0.0	0.0	0.0	0.0	0.0	0.0	0.0	0.0	0.0	0.0	0.0	0.0028681	0.0177596	0.03751	0.0398293	0.0390977	0.0255072	0.0264951	0.0194715	0.0123762	0.0069444	0.0063492	0.0038023	0.0015385	0.0	0.0	0.0	0.0	0.0	
Fauvette mélanocéphale	0.374445	0.3670732	0.3266129	0.3243108	0.3506869	0.32714	0.3664717	0.3553985	0.3444593	0.3665768	0.3465658	0.3568548	0.3316993	0.3286438	0.3168663	0.3417208	0.295858	0.2580294	0.3324984	0.291858	0.2434842	0.255336	0.2632911	0.2272727	0.2090699	0.2129187	0.2064571	0.2203052	0.2267593	0.2514071	0.2829828	0.2930328	0.3375898	0.3698435	0.3984962	0.3814493	0.4171083	0.4040334	0.4273927	0.4102564	0.3904762	0.391635	0.4053846	0.3985507	0.4036851	0.3875433	0.3438596	0.3979918	
Fauvette passerinette	0.0	0.0	0.0	0.0	0.0	0.0	0.0	0.0	0.0015	6.739E-4	0.0	0.0064516	0.003268	5.627E-4	0.0	0.0	0.0	0.0	0.0	0.0	0.0	0.0	0.0	0.0	0.0	0.0	0.0	6.636E-4	0.0	0.0	0.0	6.831E-4	0.0039904	0.0071124	0.0112782	0.0127536	0.009841	0.0062587	0.0041254	5.342E-4	0.0	0.0	0.0	0.0	0.0	0.0	0.0	0.0	
Fauvette grisette	0.0	0.0	0.0	0.0	0.0	0.0	0.0	0.0	0.0	0.0	0.0	0.0028226	0.0054466	5.627E-4	0.0015	0.0	0.0	0.0	0.0	0.0	0.0	0.0	0.0	0.0	0.0	0.0015949	0.0	0.0	0.0	0.0018762	0.0114723	0.0191257	0.0407023	0.0611664	0.0676692	0.0452174	0.01514	0.0097357	0.0123762	0.0037393	7.937E-4	0.0	0.0	6.588E-4	0.0	0.0	0.0	0.0	
Fauvette à lunettes	0.0	0.0	0.0	0.0	0.0	0.0	0.0	0.0	0.0	0.0	6.301E-4	0.0020161	0.0043573	0.0011255	4.99E-4	0.0	0.0	0.0	0.0	0.0	0.0	7.905E-4	0.0	0.0	0.0	0.0	0.0	0.0	0.0	0.0	0.0	0.0015	0.0015962	7.112E-4	0.0022556	0.0011594	7.57E-4	0.0	0.0	0.0	0.0	0.0	0.0	0.0	0.0	0.0	0.0	0.0	
Fauvette pitchou	0.0069068	0.0121951	0.0067204	0.002005	0.0028923	0.0033179	0.0038986	0.0032134	0.0013351	0.0020216	0.0031506	0.0068548	0.0065359	0.0056275	0.001497	0.0032468	0.0053792	0.0043549	6.262E-4	0.0033403	0.0041152	0.0023715	0.0025316	0.0	7.686E-4	0.0039872	0.0016992	6.636E-4	0.0017376	9.381E-4	0.0	0.0061475	0.0047885	0.0021337	0.0052632	0.0028986	0.002271	0.0041725	0.0049505	0.0080128	0.0063492	0.0068441	0.0046154	0.0039526	0.0092127	0.0112457	0.0070175	0.0059334	
Sylvia ou Curruca sp.	0.0	0.0012195	6.72E-4	5.013E-4	0.0015	0.0	0.0	0.0012853	0.0	0.0	0.0	0.0012097	0.0015	5.627E-4	0.001497	4.058E-4	0.0015	0.0010887	6.262E-4	4.175E-4	0.0013717	7.905E-4	0.0	0.0	0.0	0.0	0.0	6.636E-4	0.0	9.381E-4	0.0	0.0013661	0.0015962	0.0021337	0.0015038	0.0015	0.003028	0.0013908	0.0	0.0010684	0.0	0.0	7.692E-4	6.588E-4	8.375E-4	0.0	0.0	0.0	
Passeriformes sp. (fauvette de l'ancien monde sp.)	0.0	0.0	0.0	0.0	0.0	0.0	0.0	0.0	0.0	0.0	0.0	0.0	0.0	0.0	0.0	0.0	0.0	0.0	0.0	0.0	0.0	0.0	0.0	0.0	0.0	0.0	0.0	0.0	8.688E-4	0.0	0.0	0.0	7.981E-4	0.0	0.0	0.0	0.0	0.0	0.0	0.0	0.0	0.0	0.0	0.0	0.0	0.0	0.0	0.0	
Léiothrix jaune	0.0	0.0	0.0	0.0	0.0	0.0	0.0	0.0	0.0	6.739E-4	6.301E-4	0.0	0.0	0.0	0.0	0.0	5.379E-4	0.0	0.0	4.175E-4	0.0	0.0023715	0.0016878	0.0018182	0.0015	0.0015949	8.496E-4	0.0015	8.688E-4	0.0	9.56E-4	0.0	0.0	0.0	0.0	0.0	0.0	0.0	0.0	0.0	7.937E-4	0.0	0.0	0.0	0.0	0.0	0.0	0.0	
Roitelet huppé	4.933E-4	6.098E-4	0.0013441	0.0	0.0	6.636E-4	0.0	6.427E-4	0.0	0.0	6.301E-4	4.032E-4	0.0	0.0	0.0	0.0	0.0	0.0	0.0	0.0	0.0	0.0	0.0	0.0	0.0	0.0	0.0	0.0	0.0	0.0	0.0	0.0	0.0	0.0	0.0	0.0	0.0	0.0	0.0	0.0	0.0	7.605E-4	0.0	0.0019763	0.0041876	0.0025952	0.0	4.564E-4	
Roitelet à triple bandeau	0.1070548	0.1109756	0.1122312	0.0867168	0.1026753	0.1201062	0.1403509	0.1208226	0.1048064	0.1334232	0.1310649	0.1149194	0.1279956	0.110861	0.1212575	0.1140422	0.1226466	0.1094175	0.1127113	0.1039666	0.0781893	0.0885375	0.1021097	0.0612121	0.0684089	0.0701754	0.0705183	0.0696749	0.086881	0.1022514	0.0956023	0.1092896	0.1117318	0.1379801	0.137594	0.1443478	0.1392884	0.1251739	0.1328383	0.1233974	0.134127	0.1186312	0.0961538	0.1126482	0.0946399	0.0899654	0.0780702	0.0702875	
Roitelet huppé ou R. à triple bandeau	9.867E-4	0.0	0.0	0.0	0.0	0.0	0.0	0.0	0.0	0.0	0.0	0.0	0.0	0.0	0.0	0.0	0.0	0.0	0.0	0.0	0.0	0.0	0.0	0.0	0.0	0.0	0.0	0.0	0.0	0.0	0.0	0.0	0.0	0.0	0.0	0.0	0.0	0.0	0.0	5.342E-4	0.0	0.0	0.0	0.0	0.0	8.651E-4	0.0	0.0	
Sittelle torchepot	0.0108535	0.0128049	0.0094086	0.0085213	0.0093999	0.0172528	0.0116959	0.0205656	0.0126836	0.0175202	0.0163831	0.0165323	0.0190632	0.0112549	0.0164671	0.0146104	0.0155998	0.0081655	0.0219161	0.0183716	0.0109739	0.0213439	0.0151899	0.0121212	0.0076864	0.0103668	0.0101954	0.0112807	0.013901	0.0075047	0.0086042	0.0157104	0.0071828	0.0099573	0.0120301	0.0127536	0.014383	0.0083449	0.0090759	0.0064103	0.0119048	0.0106464	0.0161538	0.0131752	0.0117253	0.0112457	0.0087719	0.013236	
Grimpereau des jardins	0.1420819	0.122561	0.1357527	0.1233083	0.1388286	0.1313869	0.1604938	0.1323907	0.135514	0.1428571	0.1379962	0.1290323	0.1296296	0.1277434	0.1521956	0.1233766	0.1323292	0.1393576	0.1521603	0.1482255	0.1323731	0.1509881	0.1805907	0.1521212	0.1445042	0.1427432	0.1452846	0.1347047	0.141616	0.1463415	0.1395793	0.1980874	0.1843575	0.1863442	0.2022556	0.1849275	0.1801665	0.1808067	0.1641914	0.1527778	0.1706349	0.1574144	0.1084615	0.1508564	0.1365159	0.1280277	0.1307018	0.122775	
Troglodyte mignon	0.2022694	0.1841463	0.2009409	0.2055138	0.2118583	0.2495023	0.2631579	0.2422879	0.2363151	0.2486523	0.2608696	0.2774194	0.2837691	0.2425436	0.2849301	0.275974	0.2630446	0.2700054	0.2717595	0.2254697	0.1748971	0.1573123	0.1561181	0.1157576	0.1252882	0.1259968	0.1214953	0.1300597	0.14596	0.1313321	0.1414914	0.1762295	0.179569	0.1913229	0.1924812	0.1692754	0.1718395	0.1752434	0.189769	0.1949786	0.1960317	0.1840304	0.1607692	0.2022398	0.2018425	0.1877163	0.1649123	0.1533546	
Étourneau sansonnet	0.0823878	0.0945122	0.0665323	0.075188	0.0723066	0.0517585	0.0669266	0.0366324	0.0200267	0.009434	6.301E-4	4.032E-4	0.0	0.0	0.0	0.0	0.0	0.0	0.0	0.0	0.0	0.0	0.0	0.0	0.0	0.0	0.0	0.0	0.0	0.0	0.0	0.0	0.0	0.0056899	0.0082707	0.0063768	0.0196821	0.0368567	0.0445545	0.0603632	0.0746032	0.095057	0.1007692	0.0889328	0.1097152	0.099481	0.1	0.1145596	
Étourneau unicolore	0.448446	0.454878	0.4697581	0.4516291	0.4497469	0.4173855	0.4217024	0.3933162	0.423231	0.4144205	0.4278513	0.4254032	0.4351852	0.4603264	0.4481038	0.4366883	0.5061861	0.5220468	0.5153413	0.4751566	0.4561043	0.429249	0.3915612	0.3345455	0.3205227	0.3261563	0.3050127	0.3264764	0.3692441	0.3555347	0.3814532	0.420765	0.4285714	0.5049787	0.4879699	0.4962319	0.5162755	0.5264256	0.5420792	0.5379274	0.5269841	0.5057034	0.5046154	0.5158103	0.5276382	0.5233564	0.4833333	0.4737563	
Étourneau sansonnet ou É. unicolore	0.0394672	0.020122	0.0228495	0.0185464	0.0202458	0.0205707	0.0136452	0.0109254	0.0033378	0.0013477	6.301E-4	8.065E-4	5.447E-4	0.0	0.0	0.0	0.0015	5.444E-4	6.262E-4	0.0	0.0	7.905E-4	0.0	6.061E-4	0.0	0.0015949	8.496E-4	0.0	8.688E-4	9.381E-4	9.56E-4	0.0	0.0023943	0.0014225	0.0037594	0.0028986	0.00757	0.0111266	0.0165017	0.0293803	0.0246032	0.0372624	0.0276923	0.0329381	0.0335008	0.0320069	0.05	0.0451848	
Martin triste	0.0	0.0	0.0	0.0	0.0	0.0	0.0	0.0	0.0	0.0	0.0	0.0	0.0015	0.0	0.0	0.0	0.0	0.0	0.0	0.0	0.0	0.0	0.0	0.0015	0.0	0.0	0.0	0.0	0.0	0.0	0.0	0.0	0.0	0.0	0.0	0.0	0.0	0.0	0.0	0.0	0.0	0.0	0.0	0.0	0.0	0.0	0.0	0.0	
Martin huppé	0.0325604	0.025	0.0228495	0.0265664	0.0238612	0.0272064	0.0162443	0.0231362	0.0246996	0.0256065	0.0245747	0.0254032	0.0201525	0.0303883	0.0269461	0.0227273	0.0290479	0.0332063	0.0262993	0.0242171	0.0233196	0.029249	0.0362869	0.0309091	0.0307456	0.039075	0.0314359	0.0245521	0.0191138	0.0225141	0.0239006	0.0266393	0.0183559	0.0284495	0.0225564	0.0249275	0.0234671	0.0208623	0.0288779	0.0202991	0.0198413	0.0243346	0.0161538	0.0177866	0.0134003	0.0112457	0.0254386	0.0187129	
Grive draine	0.0108535	0.0097561	0.0094086	0.0050125	0.0043384	0.0053086	0.0110461	0.0051414	0.0026702	0.0067385	0.0075614	0.0060484	0.0114379	0.004502	0.008982	0.0068994	0.0075309	0.0070768	0.0081403	0.0070981	0.0020576	0.0086957	0.0042194	0.0018182	0.0030746	0.0039872	0.0025489	0.0019907	0.0034752	9.381E-4	0.0028681	0.0027322	0.0039904	0.0014225	0.0015038	0.0023188	0.002271	0.0020862	0.0057756	0.0032051	0.0031746	0.008365	0.0053846	0.0065876	0.0033501	0.0069204	0.0140351	0.0082154	
Grive musicienne	0.1341885	0.1481707	0.141129	0.1233083	0.1482285	0.1307233	0.1435997	0.1330334	0.1154873	0.1199461	0.0926276	0.0729839	0.0528322	0.0495217	0.0563872	0.0450487	0.0516407	0.03865	0.0613651	0.045929	0.0521262	0.0656126	0.0582278	0.0375758	0.0338201	0.0326954	0.0195412	0.0192435	0.0225891	0.0121951	0.0086042	0.0143443	0.0167598	0.0170697	0.0308271	0.0208696	0.0196821	0.0180807	0.039604	0.0587607	0.0706349	0.0806084	0.0953846	0.0955204	0.1197655	0.1262976	0.0991228	0.1200365	
Grive mauvis	0.0128268	0.0182927	0.0087366	0.0055138	0.0072307	0.0079628	0.0071475	0.003856	0.0	6.739E-4	6.301E-4	4.032E-4	0.0	0.0	0.0	0.0	0.0	0.0	0.0	0.0	0.0	0.0	0.0	0.0	0.0	0.0	0.0	0.0	0.0	0.0	0.0	0.0	0.0	0.0	0.0	0.0	0.0	0.0	8.251E-4	5.342E-4	0.0055556	0.0091255	0.0115385	0.0111989	0.0108878	0.0077855	0.0078947	0.0059334	
Merle noir	0.6388752	0.6006098	0.6586022	0.6571429	0.6695589	0.6688786	0.682911	0.6767352	0.6688919	0.7109164	0.7126654	0.7064516	0.7075163	0.6803602	0.7305389	0.7280844	0.7348037	0.7408819	0.7038197	0.674739	0.6769547	0.6632411	0.6421941	0.5860606	0.5918524	0.5518341	0.5531011	0.5016589	0.4769765	0.4934334	0.501912	0.5293716	0.5498803	0.6308677	0.6443609	0.6266667	0.655564	0.6223922	0.660066	0.644765	0.6563492	0.6425856	0.6269231	0.6798419	0.6700168	0.6782007	0.6219298	0.6188955	
Grive litorne	0.0059201	0.0067073	0.0047043	0.0065163	0.0021692	0.0059721	6.498E-4	6.427E-4	0.0	0.0	0.0	0.0	0.0	0.0	0.0	0.0	0.0	0.0	0.0	0.0	0.0	0.0	0.0	0.0	0.0	0.0	0.0	0.0	0.0	0.0	0.0	0.0	0.0	0.0	0.0	0.0	0.0	0.0	0.0	5.342E-4	7.937E-4	0.0038023	0.0015385	0.0	0.0	0.0	0.0	0.0031949	
Merle à plastron	9.867E-4	0.0	6.72E-4	0.0	0.0	6.636E-4	0.0019493	6.427E-4	6.676E-4	6.739E-4	0.0015	0.0020161	0.0	0.0	0.0	0.0	0.0	0.0	0.0	0.0	0.0	0.0	0.0	0.0	0.0	0.0	0.0	0.0	0.0	0.0	0.0	0.0	0.0	0.0	0.0	0.0	0.0	0.0	8.251E-4	0.0010684	0.0031746	0.0114068	0.01	0.0019763	0.0025126	8.651E-4	0.0015	0.0013692	
Turdus sp.	0.0019734	0.0012195	0.0020161	0.0035088	0.0	0.0013271	0.0012995	0.0012853	0.0013351	0.0	6.301E-4	4.032E-4	0.0	0.0	0.0	0.0	5.379E-4	0.0021775	0.0	8.351E-4	0.0	7.905E-4	8.439E-4	6.061E-4	0.0	0.0	0.0	0.0013271	8.688E-4	0.0	0.0	0.0	0.0	7.112E-4	0.0015038	0.0	7.57E-4	0.0	8.251E-4	0.0016026	0.0031746	0.0	7.692E-4	6.588E-4	0.0041876	8.651E-4	8.772E-4	9.128E-4	
Gobemouche gris	0.0	0.0	0.0	0.0	0.0014461	0.0	0.0	0.0	0.0	0.0	0.0	0.0	0.0	0.0	0.0	0.0	0.0	0.0032662	0.0015	0.0033403	0.0013717	0.0	0.0	0.0	0.0	7.974E-4	0.0016992	0.0015	0.0017376	0.0056285	0.0258126	0.0990437	0.1612131	0.2660028	0.2593985	0.2104348	0.1741105	0.108484	0.0792079	0.0315171	0.0015	7.605E-4	7.692E-4	0.0015	0.0	0.0	0.0	0.0	
Rougegorge familier	0.4331524	0.4054878	0.359543	0.3428571	0.3311641	0.3603185	0.3365822	0.3213368	0.2750334	0.2911051	0.241966	0.2225806	0.2249455	0.2048396	0.2170659	0.2021104	0.1984938	0.1861731	0.1803381	0.1703549	0.1447188	0.1525692	0.171308	0.1133333	0.1152959	0.122807	0.115548	0.1161248	0.1138141	0.1350844	0.1500956	0.1803279	0.2083001	0.2411095	0.287218	0.3286957	0.4072672	0.3873435	0.4257426	0.4487179	0.465873	0.4273764	0.4523077	0.4552042	0.4497487	0.4256055	0.3824561	0.4066636	
Rossignol philomèle	0.0	0.0	0.0	0.0	0.0	0.0	0.0	0.0	0.0015	0.0	0.0012602	0.0120968	0.0250545	0.0467079	0.0503992	0.0880682	0.0527165	0.0370169	0.0369443	0.0354906	0.0294925	0.0197628	0.0075949	0.0090909	0.008455	0.0055821	0.0033985	0.0053086	0.013901	0.0150094	0.0229446	0.0204918	0.0079808	0.012091	0.0105263	0.004058	7.57E-4	6.954E-4	0.0	0.0	0.0	0.0	0.0	0.0	0.0	0.0	0.0	0.0	
Gorgebleue à miroir	0.0542674	0.0634146	0.0349462	0.035589	0.0347072	0.0318514	0.0292398	0.0263496	0.0200267	0.0296496	0.0081916	0.0052419	0.0010893	0.0	0.0	0.0	0.0	0.0	0.0	0.0	0.0	0.0	0.0	0.0	0.0	0.0	0.0	0.0	0.0	0.0	0.0	0.0013661	0.0047885	0.0113798	0.0353383	0.0371014	0.0378501	0.0556328	0.0569307	0.0587607	0.0412698	0.0593156	0.0684615	0.0592885	0.059464	0.0648789	0.0710526	0.0976723	
Gobemouche noir	9.867E-4	0.0	0.0	0.0	0.0	0.0	0.0	0.0	0.0	0.0	0.0	0.0	5.447E-4	0.002251	0.009481	8.117E-4	0.0	0.0	0.0	0.0	0.0	0.0	0.0	0.0	0.0	0.0	0.0	0.0019907	0.0069505	0.0150094	0.0382409	0.1338798	0.2386273	0.3662873	0.4293233	0.3513043	0.2581378	0.1815021	0.0957096	0.0336538	0.0134921	0.0060837	7.692E-4	6.588E-4	0.0041876	0.0	0.0	0.0	
Ficedula sp.	0.0	0.0	0.0	0.0	0.0	0.0	0.0	0.0	0.0	0.0	0.0	0.0	0.0	0.0	0.0	0.0	0.0	0.0	0.0	0.0	0.0	0.0	0.0	0.0	0.0	0.0	0.0	0.0	0.0	0.0	0.0	0.0	0.0	0.0	0.0	5.797E-4	7.57E-4	0.0	8.251E-4	0.0	0.0	0.0	0.0	0.0	0.0	0.0	0.0	0.0	
Rougequeue à front blanc	0.0	0.0	0.0	0.0	0.0	0.0	0.0	0.0	0.0	0.0	0.0	0.0028226	0.0021786	0.0011255	0.001497	0.0	0.0	0.0	6.262E-4	0.0	0.0	0.0	0.0	0.0	0.0	0.0	0.0	0.0	0.0	0.0	9.56E-4	0.0020492	0.0023943	0.0099573	0.0112782	0.0034783	0.006813	0.0041725	8.251E-4	0.0016026	0.0	0.0	0.0	0.0	0.0	0.0	0.0	0.0	
Rougequeue noir	0.4440059	0.4262195	0.4482527	0.4345865	0.4446855	0.4472462	0.4379467	0.4267352	0.435247	0.4022911	0.4183995	0.4254032	0.3605664	0.3410242	0.3403194	0.3510552	0.3690156	0.3941208	0.3594239	0.3402923	0.399177	0.3897233	0.3729958	0.3375758	0.3289777	0.3205742	0.328802	0.3032515	0.3032146	0.3067542	0.2810707	0.3087432	0.3902634	0.4068279	0.4360902	0.4481159	0.4504164	0.4242003	0.4488449	0.4567308	0.4595238	0.4790875	0.4338462	0.4492754	0.4271357	0.4593426	0.4219298	0.4020995	
Rougequeue à front blanc ou R. noir	0.0	0.0	0.0	0.0	0.0	0.0	0.0	0.0	0.0	0.0	0.0	0.0	0.0	0.0	0.0	0.0	0.0	0.0	0.0	0.0	0.0	0.0	0.0	0.0	0.0	0.0	0.0	0.0	0.0	0.0	0.0	6.831E-4	0.0	0.0	0.0	0.0	0.0	0.0	0.0	0.0	0.0	0.0	0.0	0.0	0.0	0.0	0.0	0.0	
rougequeue sp.	0.0	0.0	0.0	0.0	0.0	0.0	0.0	0.0	0.0	0.0	0.0	0.0	0.0	0.0	0.0	0.0	0.0	0.0	0.0	0.0	0.0	0.0	0.0	0.0	0.0	0.0	0.0	0.0	0.0	0.0	0.0	0.0	7.981E-4	0.0	0.0	0.0	0.0	0.0	0.0	0.0	0.0	0.0	0.0	0.0	0.0	0.0	0.0	0.0	
Monticole bleu	0.0138135	0.0097561	0.0026882	0.0045113	0.0021692	0.0019907	0.0077973	0.001928	0.0033378	0.0026954	6.301E-4	0.0040323	0.0038126	0.0028137	0.002495	4.058E-4	0.0037655	0.0032662	0.0025047	8.351E-4	0.0020576	0.0015	0.0025316	6.061E-4	7.686E-4	7.974E-4	8.496E-4	0.0	8.688E-4	0.0	9.56E-4	6.831E-4	0.0	0.0	0.0030075	0.0023188	0.0015	0.0027816	8.251E-4	0.0032051	7.937E-4	0.0045627	0.0023077	0.0046113	0.0050251	0.0112457	0.0192982	0.0136924	
Tarier des prés	0.0	0.0	0.0	0.0	0.0	0.0	0.0	0.0	0.0	0.0	0.0	4.032E-4	0.0010893	5.627E-4	0.001996	0.0012175	0.0	0.0	0.0	0.0	0.0	0.0	0.0	0.0	0.0	0.0	0.0	0.0	0.0	0.0	9.56E-4	0.0047814	0.0263368	0.041963	0.0578947	0.0347826	0.0257381	0.0257302	0.0041254	0.0026709	0.0	0.0	7.692E-4	0.0	0.0	0.0	0.0	0.0	
Tarier pâtre	0.1924026	0.2134146	0.1659946	0.1518797	0.1532899	0.1366954	0.137102	0.1343188	0.1214953	0.1327493	0.1291745	0.1431452	0.1459695	0.179516	0.1342315	0.1375812	0.1204949	0.1121394	0.1534126	0.1248434	0.0960219	0.1067194	0.0936709	0.0842424	0.0714835	0.0988836	0.0824129	0.1167883	0.1364031	0.1510319	0.1520076	0.1646175	0.1691939	0.1870555	0.1676692	0.146087	0.1589705	0.1912378	0.2087459	0.1816239	0.168254	0.2	0.1907692	0.1824769	0.1758794	0.1704152	0.2017544	0.2364217	
Tarier des prés ou T. pâtre	0.0	0.0	0.0	0.0	0.0	0.0	0.0	0.0	0.0	0.0	0.0	0.0	0.0	0.0	0.0	0.0	0.0	0.0	0.0	0.0	0.0	0.0	0.0	0.0	0.0	0.0	0.0	0.0	0.0	0.0	0.0	0.0	0.0	0.0	0.0	0.0	0.0	0.0	8.251E-4	0.0	0.0	0.0	0.0	0.0	0.0	0.0	0.0	0.0	
Traquet motteux	0.0	0.0	0.0	0.0	0.0	0.0	0.0	0.0	0.0	6.739E-4	6.301E-4	0.0129032	0.0070806	0.0073157	0.003992	8.117E-4	5.379E-4	0.0	0.0	0.0	0.0	0.0	0.0	0.0	0.0	0.0	0.0	0.0	0.0	0.0056285	0.0057361	0.034153	0.0774142	0.116643	0.1413534	0.1072464	0.1188494	0.1161335	0.0973597	0.0347222	0.0111111	0.0060837	0.0015385	0.0	0.0	0.0	0.0	0.0	
Traquet oreillard	0.0	0.0	0.0	0.0	0.0	0.0	0.0	0.0	0.0	0.0	0.0	4.032E-4	0.0	0.0	0.0	0.0	0.0	0.0	0.0	0.0	0.0	0.0	0.0	0.0	0.0	0.0	0.0	0.0	0.0	0.0	0.0	0.0	0.0	0.0	0.0	0.0	0.0	0.0	0.0	0.0	0.0	0.0	0.0	0.0	0.0	0.0	0.0	0.0	
Tisserin à tête noire	0.00148	0.0012195	0.0013441	0.0030075	0.0050615	0.0019907	0.0019493	0.0064267	0.0080107	0.004717	0.0037807	0.0056452	0.0054466	0.004502	0.005489	0.0028409	0.0059172	0.0038106	0.003757	0.0033403	0.0020576	0.0031621	0.0059072	0.0072727	0.0015373	0.0039872	0.0067969	0.0053086	0.0060817	0.0037523	0.0028681	0.0047814	0.0031923	0.0071124	0.006015	0.0063768	0.009084	0.0048679	0.0033003	0.0048077	0.002381	0.0053232	0.0015385	0.0039526	0.0050251	0.0051903	0.0026316	0.0027385	
Euplecte vorabé	0.047854	0.0615854	0.0342742	0.0370927	0.0289226	0.0192435	0.0194932	0.0205656	0.0153538	0.0229111	0.0151229	0.0177419	0.0326797	0.0523354	0.0209581	0.0267857	0.0328133	0.0375612	0.0657483	0.0521921	0.0432099	0.0505929	0.049789	0.0460606	0.0292083	0.0374801	0.0356839	0.0411413	0.0408341	0.0525328	0.0688337	0.0730874	0.0686353	0.0633001	0.0511278	0.0382609	0.0370931	0.04242	0.039604	0.0432692	0.034127	0.0623574	0.0546154	0.0513834	0.059464	0.049308	0.0745614	0.0908261	
Diamant mandarin	0.0	0.0	0.0	0.0	0.0	0.0	0.0	0.0	0.0	0.0	0.0	0.0	0.0	0.0	0.0	0.0	0.0	0.0	0.0	0.0	0.0	0.0	0.0	0.0	0.0	0.0	0.0	0.0	0.0	0.0	0.0	0.0	0.0	0.0	0.0	0.0015	0.0	0.0	0.0	0.0	0.0	0.0	0.0	0.0	0.0	0.0	0.0	0.0	
Capucin damier	4.933E-4	0.0	0.0	0.0	0.0	0.0	0.0	0.0	0.0	0.0	0.0	0.0	0.0	0.0	0.0	4.058E-4	0.0	0.0	0.0	0.0	6.859E-4	0.0	0.0	0.0	0.0	0.0	0.0	0.0	8.688E-4	0.0	0.0	0.0	0.0	0.0	0.0	5.797E-4	0.0	6.954E-4	8.251E-4	0.0	0.0	7.605E-4	0.0	0.0	0.0015	0.0	0.0	0.0	
Lonchura sp.	0.0	0.0	0.0	0.0	0.0	0.0	6.498E-4	0.0	0.0	0.0	0.0	0.0	0.0	0.0	0.0	0.0	0.0	0.0	0.0	0.0	0.0	0.0	0.0	0.0	0.0	0.0	0.0	0.0	0.0	0.0	0.0	0.0	0.0	0.0	0.0	0.0	0.0	0.0	0.0	0.0	0.0	0.0	0.0	0.0	0.0	0.0	0.0	0.0	
Astrild ondulé	0.1282684	0.1268293	0.0981183	0.0932331	0.0817064	0.0550763	0.0740741	0.0687661	0.0720961	0.0815364	0.0598614	0.0802419	0.0648148	0.0849747	0.0633733	0.0767045	0.0726197	0.0685901	0.0776456	0.0559499	0.0665295	0.0814229	0.0818565	0.0806061	0.0614912	0.0749601	0.0747664	0.0842734	0.10947	0.1219512	0.1070746	0.1256831	0.1524342	0.1671408	0.1676692	0.1547826	0.1589705	0.1759388	0.1831683	0.1778846	0.1666667	0.1855513	0.1776923	0.1521739	0.1474037	0.1262976	0.1368421	0.1894112	
Bengali rouge	9.867E-4	6.098E-4	0.0	0.0	0.0	0.0	0.0	6.427E-4	0.0	6.739E-4	0.0	0.0	0.0	0.0	4.99E-4	8.117E-4	0.0	0.0	0.0	0.0	0.0	0.0	0.0	0.0	0.0	0.0	0.0	0.0	8.688E-4	0.0	0.0	0.0	0.0	0.0	0.0	0.0	0.0	0.0	0.0	0.0	7.937E-4	0.0	0.0	0.0	8.375E-4	0.0025952	0.0017544	0.0027385	
Veuve dominicaine	0.0	6.098E-4	0.0013441	0.0	0.0	0.0	0.0	0.0	0.0	0.0	0.0	0.0	0.0	0.0	0.0	0.0	0.0	0.0015	0.0	0.0	6.859E-4	0.0	0.0	0.0012121	7.686E-4	0.0	0.0	0.0	0.0015	0.0015	0.001912	0.0034153	7.981E-4	0.0049787	0.0022556	0.0028986	7.57E-4	0.0013908	8.251E-4	0.0016026	7.937E-4	0.0015209	0.0030769	0.0013175	0.0	0.0	0.0	4.564E-4	
Accenteur alpin	0.0064134	0.0079268	0.0020161	0.002005	0.0014461	0.004645	0.0051982	0.0015	0.0	0.0	0.0018904	0.0012097	0.0015	0.0015	0.0	0.0	0.0	0.0	0.0	0.0	0.0	0.0	0.0	0.0	0.0	0.0	0.0	0.0	0.0	0.0	0.0	0.0	0.0	0.0	0.0	0.0	0.0	0.0	0.0	5.342E-4	0.0015873	0.0030418	0.0023077	0.0013175	0.0033501	0.0034602	0.0078947	0.0027385	
Accenteur mouchet	0.0103601	0.004878	0.0087366	0.0065163	0.0086768	0.0053086	0.0038986	0.0044987	0.0013351	0.0013477	0.0018904	0.0	5.447E-4	0.0	0.0	0.0	0.0	0.0	0.0	0.0	0.0	0.0	0.0	0.0	0.0	0.0	0.0	0.0	0.0	0.0	0.0	0.0	0.0	0.0	0.0	0.0	7.57E-4	0.0	8.251E-4	0.0064103	0.0039683	0.0068441	0.0069231	0.0079051	0.0100503	0.0069204	0.0070175	0.0045641	
Moineau domestique	0.576221	0.5914634	0.5947581	0.6065163	0.5972523	0.5945587	0.6146849	0.6034704	0.6081442	0.6563342	0.6572149	0.6568548	0.6345316	0.6539111	0.6531936	0.6594968	0.6810113	0.6641263	0.6412023	0.6338205	0.6646091	0.6719368	0.6810127	0.6733333	0.6979247	0.7161085	0.7034834	0.6489715	0.5994787	0.6003752	0.5439771	0.5416667	0.5434956	0.5704125	0.5466165	0.5484058	0.6124148	0.581363	0.6122112	0.5950855	0.5801587	0.6114068	0.5969231	0.6126482	0.5979899	0.6453287	0.6131579	0.6298494	
Moineau espagnol	0.0069068	0.0079268	0.0026882	0.0070175	0.0050615	0.0019907	0.0038986	0.0057841	0.0046729	0.0040431	6.301E-4	4.032E-4	0.001634	5.627E-4	0.0	4.058E-4	0.0010758	0.0	0.0	0.0015	0.0	7.905E-4	0.0	0.0	0.0	0.0023923	8.496E-4	6.636E-4	0.0017376	0.0	0.0	0.0040984	7.981E-4	0.0014225	7.519E-4	5.797E-4	0.002271	0.0041725	8.251E-4	0.0042735	0.0015	0.0045627	0.0046154	0.0052701	0.0075377	0.0095156	0.0105263	0.0173437	
Moineau domestique ou M. espagnol	4.933E-4	0.0	6.72E-4	0.0	0.0	0.0	0.0	0.0	0.0015	0.0	6.301E-4	0.0	0.0	5.627E-4	0.0	0.0	5.379E-4	0.0	0.0	0.0	0.0	0.0	0.0	6.061E-4	0.0	0.0	0.0	0.0	0.0	0.0	0.0	0.0	7.981E-4	0.0	0.0	0.0	7.57E-4	0.0	0.0	0.0	0.0	0.0	7.692E-4	6.588E-4	0.001675	0.0	0.0026316	0.0022821	
Moineau friquet	0.0143069	0.0152439	0.0141129	0.0110276	0.0151844	0.0099536	0.0090968	0.0128535	0.0113485	0.0121294	0.0081916	0.0112903	0.0130719	0.0191334	0.0139721	0.0097403	0.0118343	0.0054437	0.0131497	0.0083507	0.0075446	0.0039526	0.0067511	0.010303	0.008455	0.0095694	0.0101954	0.0132714	0.0086881	0.0150094	0.0057361	0.0040984	0.0063847	0.0049787	0.0082707	0.0098551	0.009841	0.0132128	0.0115512	0.0117521	0.0150794	0.0144487	0.0138462	0.0158103	0.0092127	0.0086505	0.0149123	0.0191693	
Moineau domestique ou M. friquet	0.0	6.098E-4	0.0	0.0	0.0	0.0	0.0	0.0	0.0	0.0	0.0	0.0	0.0	0.0	4.99E-4	0.0	5.379E-4	0.0	0.0	8.351E-4	0.0	0.0	8.439E-4	0.0	0.0	0.0	0.0	0.0	8.688E-4	0.0	0.0	0.0	0.0	0.0	7.519E-4	0.0	0.0	0.0	0.0	0.0	7.937E-4	0.0	0.0	0.0	8.375E-4	0.0	0.0	0.0	
Passer sp.	0.0	0.0	6.72E-4	0.0	0.0	6.636E-4	0.0015	0.0	0.0	6.739E-4	0.0	4.032E-4	0.0	0.0	0.0015	0.0	0.0015	0.0	0.0	0.0	0.0	0.0	0.0	6.061E-4	7.686E-4	0.0	0.0	0.0015	0.0	0.0	0.0015	0.0	0.0015962	0.0021337	0.0	0.0	0.0	0.0015	0.0015	0.0	0.0	0.0	0.0	6.588E-4	0.0	0.0	0.0	4.564E-4	
Moineau soulcie	0.00296	0.002439	0.0047043	0.0025063	0.0021692	0.0013271	0.0	0.0	0.0	6.739E-4	0.0	8.065E-4	0.0010893	0.0	0.0	0.0012175	5.379E-4	0.0010887	6.262E-4	4.175E-4	6.859E-4	0.0	0.0	6.061E-4	0.0030746	7.974E-4	8.496E-4	6.636E-4	0.0026064	9.381E-4	0.0	0.0	0.0	0.0	0.0	0.0	0.0	0.0013908	0.0016502	0.0032051	0.0047619	0.0015209	7.692E-4	0.0039526	0.0	0.0017301	0.0061404	0.0041077	
Bergeronnette des ruisseaux	0.0897879	0.0817073	0.0712366	0.0892231	0.0968908	0.0822827	0.0779727	0.0559126	0.0567423	0.0289757	0.0195337	0.0241935	0.0201525	0.0230726	0.0194611	0.0219156	0.0193653	0.0114317	0.0200376	0.017119	0.0219479	0.0300395	0.0194093	0.0224242	0.0245965	0.0223285	0.0237893	0.0199071	0.0234579	0.0206379	0.0248566	0.0259563	0.0311253	0.044808	0.0586466	0.0707246	0.1067373	0.1063978	0.1221122	0.1207265	0.1007937	0.113308	0.1023077	0.102108	0.1097152	0.0856401	0.095614	0.1013236	
Bergeronnette printanière	0.0138135	0.0109756	0.0107527	0.0085213	0.0122921	0.0072993	0.0149448	0.0257069	0.0360481	0.0579515	0.0428481	0.0645161	0.0697168	0.104108	0.0608782	0.0633117	0.0554061	0.0500817	0.0663745	0.0559499	0.0514403	0.0474308	0.0616034	0.0533333	0.0338201	0.0374801	0.0373832	0.0391506	0.0634231	0.0675422	0.1013384	0.1004098	0.1149242	0.1479374	0.1428571	0.102029	0.0840273	0.0646732	0.0354785	0.0347222	0.0095238	0.0121673	0.0169231	0.0079051	0.0092127	0.0077855	0.0184211	0.0150616	
Bergeronnette orientale	0.0	0.0012195	0.0020161	5.013E-4	0.0014461	0.0019907	0.0015	0.0	0.0015	6.739E-4	0.0	0.0	0.0	0.0	0.0	0.0	0.0	0.0	0.0	0.0	0.0	0.0	0.0	0.0	0.0	0.0	0.0	0.0	0.0	0.0	0.0	0.0	0.0	0.0	0.0	0.0	0.0	0.0	0.0	0.0	0.0	0.0	0.0	0.0	8.375E-4	0.0	8.772E-4	4.564E-4	
Bergeronnette printanière ou B. orientale	4.933E-4	0.0	0.0	0.0	0.0	0.0	0.0015	0.0	0.0	0.0	6.301E-4	0.0	0.0	0.0	0.0	0.0	0.0	0.0	0.0	0.0	0.0	0.0	0.0	0.0	0.0	0.0	0.0	0.0	0.0	0.0	0.0	0.0	0.0	7.112E-4	0.0	0.0	0.0	0.0	0.0	0.0	0.0	0.0	0.0	0.0	0.0	0.0	8.772E-4	0.0013692	
Bergeronnette citrine	0.0	0.0	0.0	0.0	0.0	0.0	6.498E-4	6.427E-4	0.0	6.739E-4	0.0015	0.0064516	0.0	0.0	0.0	0.0	0.0	0.0	0.0	0.0	0.0	0.0	0.0	0.0	0.0	0.0	0.0	0.0	0.0	0.0	0.0	0.0	0.0	0.0	0.0	0.0	0.0	0.0	0.0	0.0	0.0	0.0	0.0	0.0	8.375E-4	0.0	0.0	0.0	
Bergeronnette grise	0.4691663	0.4695122	0.4643817	0.4466165	0.4439624	0.4472462	0.4210526	0.4235219	0.4078772	0.3915094	0.3320731	0.3100806	0.2766885	0.2470456	0.246507	0.2309253	0.2662722	0.2438759	0.2579837	0.2200418	0.2517147	0.2853755	0.335865	0.2757576	0.2813221	0.2854864	0.3092608	0.3258129	0.3284101	0.3358349	0.3250478	0.3278689	0.3288109	0.3840683	0.3887218	0.4005797	0.4110522	0.4123783	0.450495	0.4487179	0.4904762	0.5079848	0.5038462	0.4881423	0.4899497	0.5155709	0.495614	0.5413053	
bergeronette sp.	4.933E-4	0.0	0.0	0.0	0.0	0.0015	0.0	0.0	0.0	0.0	0.0	0.0	0.0	0.0	0.0	0.0	5.379E-4	5.444E-4	0.0	0.0	0.0	7.905E-4	0.0	0.0	0.0	0.0015	0.0	0.0	0.0	0.0	0.0	0.0	0.0015962	7.112E-4	7.519E-4	5.797E-4	7.57E-4	0.0	0.0	0.0010684	0.0	0.0	0.0	0.0	0.0033501	0.0	8.772E-4	4.564E-4	
Pipit de Richard	0.0	0.0	0.0020161	5.013E-4	0.0014461	0.0013271	6.498E-4	6.427E-4	6.676E-4	6.739E-4	0.0	0.0	0.0	0.0	9.98E-4	0.0	0.0	0.0	0.0	0.0	0.0	0.0	0.0	0.0	0.0	0.0	0.0	0.0	0.0	0.0	0.0	0.0	0.0	0.0	0.0	0.0	0.0	6.954E-4	0.0	0.0026709	0.0015	7.605E-4	0.0023077	6.588E-4	8.375E-4	0.0	0.0	4.564E-4	
Pipit rousseline	0.0	0.0	0.0	0.0	0.0	0.0	0.0	0.0	0.0	0.0	0.0	4.032E-4	0.0010893	5.627E-4	9.98E-4	0.0012175	5.379E-4	0.0010887	6.262E-4	8.351E-4	0.0	0.001581	8.439E-4	0.0	0.0015373	0.0	0.0	0.0019907	0.0026064	0.0	9.56E-4	0.0015	0.0023943	0.0035562	0.0030075	0.0	7.57E-4	6.954E-4	0.0	0.0	0.0	0.0	0.0	0.0	0.0	0.0	0.0	0.0	
Pipit farlouse	0.3137642	0.3054878	0.2715054	0.2285714	0.219812	0.1984074	0.1936322	0.1844473	0.1548732	0.1448787	0.1096408	0.0620968	0.0245098	0.006753	0.0	0.0	0.0	0.0	0.0	0.0	0.0	0.0	0.0	0.0	0.0	0.0	0.0	0.0	0.0	0.0	0.0	0.0	0.0	0.0014225	0.0022556	0.0034783	0.012112	0.0820584	0.1245875	0.221688	0.2595238	0.2722433	0.2915385	0.2727273	0.2906198	0.2941176	0.2868421	0.3413966	
Pipit des arbres	0.0	0.0	0.0	0.0	0.0	0.0	0.0	0.0	0.0	0.0	0.0	0.0052419	0.0043573	0.0033765	9.98E-4	0.0	0.0	0.0	0.0	0.0	0.0	0.0	0.0	0.0	0.0	0.0	0.0	0.0	0.0	0.0	0.0	0.0136612	0.0407023	0.0732575	0.0631579	0.0405797	0.0317941	0.0139082	0.0057756	0.0016026	0.0	0.0	0.0	0.0	0.0	0.0	0.0	0.0	
Pipit farlouse ou P. des arbres	0.0	0.0	0.0	0.0	0.0	0.0	0.0	0.0	0.0	0.0	0.0	0.0	0.0	0.0	0.0	0.0	0.0	0.0	0.0	0.0	0.0	0.0	0.0	0.0	0.0	0.0	0.0	0.0	0.0	0.0	0.0	0.0	7.981E-4	0.0	0.0	0.0	0.0	0.0	0.0016502	0.0	7.937E-4	0.0	0.0	0.0	0.0	0.0	0.0	0.0	
Pipit à dos olive	0.0	0.0	0.0	0.0	0.0	0.0	6.498E-4	0.0	0.0	0.0	0.0	0.0	0.0	0.0	0.0	0.0	0.0	0.0	0.0	0.0	0.0	0.0	0.0	0.0	0.0	0.0	0.0	0.0	0.0	0.0	0.0	0.0	0.0	0.0	0.0	0.0	0.0	0.0	0.0	0.0	0.0	0.0	0.0	0.0	0.0150754	0.0051903	0.0035088	0.0	
Pipit à gorge rousse	9.867E-4	0.0018293	0.0	0.0	0.0014461	6.636E-4	0.0	6.427E-4	0.0	0.0	0.0	0.0	0.0	0.0	0.0	0.0	0.0	0.0	0.0	0.0	0.0	0.0	0.0	0.0	0.0	0.0	0.0	0.0	0.0	0.0	0.0	0.0	0.0	0.0	0.0	0.0	0.001514	0.0062587	0.0	0.0010684	0.0	7.605E-4	0.0	0.0019763	0.0	0.0	8.772E-4	0.0036513	
Pipit spioncelle	0.0389739	0.05	0.030914	0.0285714	0.0253073	0.0179164	0.0168941	0.0154242	0.0146862	0.0262803	0.0126024	0.0096774	0.0010893	0.0	0.0	0.0	0.0	0.0	0.0	4.175E-4	0.0	0.0	0.0	0.0	0.0	0.0	0.0	0.0	0.0	0.0	0.0	0.0	0.0	0.0	0.0	0.0	0.0	0.0013908	0.0132013	0.0347222	0.0253968	0.043346	0.0407692	0.0395257	0.038526	0.0346021	0.0491228	0.0739388	
Pipit farlouse ou P. spioncelle	0.0	0.0	6.72E-4	5.013E-4	0.0	0.0	0.0	0.0	0.0	0.0	0.0	0.0	5.447E-4	0.0	0.0	0.0	0.0	0.0	0.0	0.0	0.0	0.0	0.0	0.0	0.0	0.0	0.0	0.0	0.0	0.0	0.0	0.0	0.0	0.0	0.0	0.0	0.0	0.0	0.0	0.0	0.0	7.605E-4	0.0015385	6.588E-4	8.375E-4	0.0	0.0	9.128E-4	
Pipit spioncelle ou P. maritime	0.0	0.0	0.0	0.0	0.0	0.0	0.0	0.0	0.0	0.0	0.0	0.0	0.0	0.0	0.0	0.0	0.0	0.0	0.0	0.0	0.0	0.0	0.0	0.0	0.0	0.0	0.0	0.0	0.0	0.0	0.0	0.0	0.0	0.0	0.0	0.0	0.0	0.0	0.0	0.0010684	0.0	0.0	0.0	0.0	0.0	0.0	0.0	0.0	
Anthus sp.	4.933E-4	0.0	0.0	0.0025063	7.231E-4	6.636E-4	0.0	0.0	6.676E-4	6.739E-4	6.301E-4	0.0012097	5.447E-4	5.627E-4	4.99E-4	0.0	5.379E-4	0.0	0.0	0.0	0.0015	0.0	0.0	0.0	0.0	0.0	0.0	0.0	0.0	0.0	0.0	0.0	7.981E-4	0.0	7.519E-4	0.0	7.57E-4	0.0	8.251E-4	0.0021368	7.937E-4	0.0022814	0.0023077	6.588E-4	0.0033501	8.651E-4	0.0	4.564E-4	
Pinson des arbres	0.2022694	0.195122	0.1942204	0.1729323	0.1901663	0.1844725	0.1871345	0.1838046	0.1575434	0.1367925	0.0932577	0.0625	0.0495643	0.0444569	0.0573852	0.0373377	0.0473373	0.034295	0.0450845	0.051357	0.0404664	0.0442688	0.0548523	0.029697	0.0261337	0.023126	0.0220901	0.0199071	0.0208514	0.0093809	0.0152964	0.0239071	0.0239425	0.014936	0.0300752	0.0428986	0.0325511	0.0236439	0.049505	0.1292735	0.1642857	0.1802281	0.1823077	0.1890646	0.1775544	0.1929066	0.1833333	0.1688727	
Pinson du Nord	4.933E-4	6.098E-4	0.0013441	0.0	0.0015	0.0	0.0	0.0	0.0	0.0	0.0	0.0	0.0	0.0	0.0	0.0	0.0	0.0	0.0	0.0	0.0	0.0	0.0	0.0	0.0	0.0	0.0	0.0	0.0	0.0	0.0	0.0	0.0	0.0	0.0	0.0	0.0	0.0	8.251E-4	5.342E-4	0.0	0.0015209	0.0015385	0.0013175	8.375E-4	0.0025952	0.0017544	0.0	
Grosbec casse-noyaux	9.867E-4	0.0	6.72E-4	0.0	7.231E-4	0.0	0.0	0.0	0.0	0.0	0.0	0.0	0.0	0.0	0.0	0.0	0.0	0.0	0.0	0.0	6.859E-4	0.0	0.0	6.061E-4	0.0015373	0.0	0.0015	0.0	0.0	0.0	0.0	0.0	7.981E-4	0.0	0.0	0.0	0.0	0.0015	0.0015	0.0010684	7.937E-4	0.0	0.0030769	0.0	0.0	0.0017301	0.0	0.0	
Bouvreuil pivoine	0.0019734	0.0012195	0.0040323	0.0010025	0.0036153	0.0039814	0.0019493	0.0044987	0.0033378	0.0060647	0.0031506	0.0012097	0.0043573	0.002251	0.001497	4.058E-4	0.0021517	0.0016331	0.0043832	0.0016701	6.859E-4	0.0023715	0.0042194	0.0024242	0.0015	0.0015	8.496E-4	0.0013271	0.0	0.0037523	0.0028681	0.0013661	0.0	0.0	0.0030075	0.0	7.57E-4	0.0013908	8.251E-4	0.0032051	0.0047619	0.0030418	0.0015385	0.0013175	0.0025126	0.0025952	0.0026316	0.0022821	
Verdier d'Europe	0.2072028	0.2219512	0.2103495	0.2135338	0.2349964	0.2694094	0.3040936	0.3104113	0.2917223	0.3699461	0.3768116	0.4221774	0.3986928	0.3669105	0.3627745	0.3859578	0.3437332	0.3424061	0.3587977	0.3382046	0.329904	0.3596838	0.3189873	0.2969697	0.2813221	0.2902711	0.277825	0.2395488	0.192007	0.2157598	0.2045889	0.2165301	0.2106943	0.2226174	0.2240602	0.1855072	0.1862226	0.2162726	0.2046205	0.2168803	0.2055556	0.2068441	0.1969231	0.2068511	0.19933	0.1955017	0.1815789	0.219078	
Linotte mélodieuse	0.1188949	0.1359756	0.108871	0.0917293	0.0838756	0.0676841	0.0831709	0.094473	0.0967957	0.1118598	0.0989288	0.1254032	0.1100218	0.1350591	0.0988024	0.1091721	0.0892953	0.0762112	0.0932999	0.0914405	0.0672154	0.0940711	0.1029536	0.0842424	0.0791699	0.0933014	0.0951572	0.1081619	0.0938315	0.1125704	0.1271511	0.1195355	0.1101357	0.1251778	0.1142857	0.0968116	0.1067373	0.1140473	0.1146865	0.125	0.1047619	0.130038	0.1215385	0.1238472	0.118928	0.1176471	0.1245614	0.1675034	
Bec-croisé des sapins	0.0177602	0.0207317	0.0053763	0.0045113	0.0065076	0.0039814	0.0038986	0.003856	0.0013351	0.0033693	0.0018904	4.032E-4	0.003268	5.627E-4	0.001497	0.0012175	5.379E-4	5.444E-4	0.0018785	8.351E-4	0.0013717	0.0	0.0015	0.0015	0.0	0.0015	0.0015	0.0	0.0017376	0.0018762	0.001912	6.831E-4	0.0	7.112E-4	0.0022556	0.0057971	0.003785	0.0020862	0.0057756	0.0053419	0.0055556	0.01673	0.0092308	0.0125165	0.0092127	0.0043253	0.0061404	0.0041077	
Chardonneret élégant	0.2871238	0.297561	0.2580645	0.2706767	0.2812726	0.284008	0.3255361	0.3264781	0.3364486	0.3685984	0.3383743	0.3875	0.3491285	0.3505909	0.3438124	0.3465909	0.330823	0.3140991	0.3375078	0.2997912	0.3024691	0.3517787	0.3459916	0.3018182	0.2859339	0.2783094	0.2540357	0.2534837	0.2788879	0.2654784	0.2801147	0.2663934	0.264166	0.2923186	0.2766917	0.2568116	0.2846329	0.2934631	0.2920792	0.3002137	0.3111111	0.3224335	0.3330769	0.3109354	0.2830821	0.2941176	0.2587719	0.3190324	
Serin cini	0.2402565	0.2603659	0.2694892	0.2952381	0.3680405	0.384207	0.4892788	0.5044987	0.4913218	0.5289757	0.5299307	0.5129032	0.5010893	0.4738323	0.4685629	0.4955357	0.4991931	0.4763201	0.4627426	0.4530271	0.4581619	0.4395257	0.4109705	0.3848485	0.319754	0.2767145	0.2013594	0.1665561	0.1442224	0.1566604	0.1405354	0.1550546	0.1548284	0.1514936	0.1616541	0.1704348	0.1869796	0.1926287	0.2037954	0.2061966	0.2253968	0.2144487	0.2276923	0.2371542	0.2077052	0.2076125	0.2298246	0.2391602	
Serin des Canaries	4.933E-4	0.0	6.72E-4	0.0	7.231E-4	6.636E-4	0.0	0.0	0.0	0.0	0.0015	0.0	0.0	0.0	0.0	0.0	0.0	0.0	0.0	0.0	0.0	0.0	0.0	0.0	0.0	0.0	0.0	0.0	0.0	0.0	0.0	0.0	0.0	0.0	0.0	0.0	0.0	0.0	0.0	0.0	7.937E-4	0.0	0.0	0.0	0.0	0.0	0.0	0.0015	
Tarin des aulnes	0.0932412	0.0768293	0.0645161	0.0621554	0.0715835	0.0431321	0.0578298	0.0526992	0.0487316	0.0491914	0.0390674	0.0173387	0.003268	5.627E-4	0.0	0.0	5.379E-4	0.0	0.0	0.0	0.0	0.0	0.0	0.0	0.0	0.0	0.0	0.0	0.0	0.0	0.0	0.0	0.0	0.0	0.0	0.0	0.0	6.954E-4	0.009901	0.0261752	0.052381	0.0806084	0.0869231	0.102108	0.0871022	0.0735294	0.0736842	0.057508	
fringillidé sp.	4.933E-4	6.098E-4	0.0	5.013E-4	0.0	0.0	0.0	0.0	6.676E-4	6.739E-4	0.0015	8.065E-4	0.0010893	5.627E-4	0.0	4.058E-4	5.379E-4	0.0	6.262E-4	0.0	0.0	0.0	0.0	0.0012121	0.0	0.0	0.0	0.0013271	0.0017376	9.381E-4	0.0015	0.0	0.0	7.112E-4	0.0	5.797E-4	7.57E-4	0.0	0.0	0.0010684	0.002381	0.0	7.692E-4	0.0019763	0.001675	0.0	0.0	9.128E-4	
Bruant des neiges	0.0	6.098E-4	6.72E-4	0.0	7.231E-4	0.0	6.498E-4	0.0	0.0	0.0	0.0	0.0	0.0	0.0	0.0	0.0	0.0	0.0	0.0	0.0	0.0	0.0	0.0	0.0	0.0	0.0	0.0	0.0	0.0	0.0	0.0	0.0	0.0	0.0	0.0	0.0	0.0015	0.0	0.0074257	0.0032051	0.002381	0.0022814	0.0030769	0.0032938	0.0	0.0077855	0.0070175	9.128E-4	
Bruant proyer	0.0789344	0.0945122	0.0692204	0.0701754	0.0621837	0.0517585	0.0708252	0.0694087	0.0620828	0.0889488	0.0888469	0.0943548	0.1013072	0.1395611	0.0873253	0.1209416	0.0828402	0.0876429	0.111459	0.0981211	0.0651578	0.0656126	0.0649789	0.0448485	0.0307456	0.0263158	0.0263381	0.0272064	0.050391	0.0403377	0.0583174	0.056694	0.0582602	0.0739687	0.0533835	0.0481159	0.0567752	0.0674548	0.0660066	0.0641026	0.0571429	0.0676806	0.0676923	0.0671937	0.0745394	0.0692042	0.0938596	0.1145596	
Bruant fou	0.0	0.0	0.0	0.0	0.0	0.0	0.0	0.0	0.0	0.0	0.0	0.0	0.0	0.0	0.0	0.0	0.0	0.0	0.0	0.0	0.0	0.0	0.0	0.0	0.0	0.0	0.0	0.0	0.0015	0.0	0.0	0.0	0.0	0.0	0.0	5.797E-4	0.0	0.0	0.0	0.0	0.0	0.0	0.0	0.0	0.0	0.0	0.0	0.0	
Bruant zizi	0.0271337	0.0317073	0.0288978	0.0170426	0.0137383	0.0218978	0.0129955	0.0186375	0.0160214	0.0222372	0.0220542	0.0217742	0.0217865	0.0247608	0.0204591	0.03125	0.02851	0.0179641	0.0219161	0.0200418	0.0274348	0.0229249	0.0168776	0.0157576	0.0215219	0.0167464	0.0161427	0.0192435	0.0147698	0.0290807	0.0172084	0.0204918	0.0119713	0.0241821	0.0263158	0.022029	0.0204391	0.0159944	0.0206271	0.0224359	0.0253968	0.0235741	0.0192308	0.0296443	0.0201005	0.0198962	0.0219298	0.0182565	
Bruant ortolan	0.0	0.0	0.0	0.0	0.0	0.0	0.0	0.0	0.0	0.0	0.0	0.0	0.0	0.0	0.0	0.0	0.0	0.0	0.0	0.0	0.0	0.0	0.0	0.0	0.0	0.0	0.0	0.0	0.0	0.0	0.0	0.0	7.981E-4	0.002845	0.0015038	0.0023188	7.57E-4	0.0013908	0.0	0.0	0.0	0.0	0.0	0.0	0.0	0.0	0.0	0.0	
Bruant des roseaux	0.0162802	0.0262195	0.0134409	0.0155388	0.0122921	0.0106171	0.0149448	0.0109254	0.0086782	0.0134771	0.0044108	0.0040323	0.003268	0.006753	0.001497	0.0028409	0.0032275	0.0021775	0.0031309	0.0025052	6.859E-4	0.001581	0.0016878	0.0	0.0030746	7.974E-4	0.0	0.0019907	0.0034752	9.381E-4	9.56E-4	6.831E-4	7.981E-4	0.0	0.0015038	5.797E-4	0.003028	6.954E-4	0.0033003	0.0026709	0.0063492	0.0098859	0.0146154	0.0171278	0.0159129	0.0242215	0.0236842	0.0333181	
Bruant nain	0.0	0.0	0.0	0.0	0.0	0.0	0.0	0.0	0.0	0.0033693	6.301E-4	0.0044355	0.0015	0.0	0.0	0.0	0.0	0.0	0.0	0.0	0.0	0.0	0.0	0.0	0.0	0.0	0.0	0.0	0.0	0.0	0.0	0.0	0.0	0.0	0.0	0.0	0.0	0.0	0.0	0.0	0.0015	0.0	0.0	0.0	8.375E-4	0.0	0.0	0.0	
Bruant rustique	0.0	0.0	0.0	0.0	0.0	0.0	0.0	0.0	0.0	0.0	0.0	0.0	0.0	0.0	0.0	0.0	0.0	0.0	0.0	0.0	0.0	0.0	0.0	0.0	0.0	0.0	0.0	0.0	0.0	0.0	0.0	0.0	0.0	0.0	0.0	0.0	0.0	0.0	0.0	0.0	0.0	0.0	0.0	0.0	0.0	0.0	8.772E-4	0.0	
Emberiza sp.	0.0	0.0	0.0	0.0	0.0	0.0	6.498E-4	0.0	0.0	0.0	0.0	0.0	0.0	0.0	0.0	0.0	0.0	0.0	0.0	0.0	0.0	0.0	0.0	0.0	0.0	0.0	0.0	0.0	0.0	0.0	0.0	0.0	0.0	0.0	0.0	0.0	7.57E-4	0.0	0.0	0.0	0.0	0.0	0.0	0.0	8.375E-4	0.0	0.0	0.0	
paruline sp.	0.0	0.0	6.72E-4	0.0	0.0	0.0	0.0	0.0	0.0	0.0	0.0	0.0	0.0	0.0	0.0	0.0	0.0	0.0	0.0	0.0	0.0	0.0	0.0	0.0	0.0	0.0	0.0	0.0	0.0	0.0	0.0	0.0	0.0	0.0	0.0	0.0	0.0	0.0	0.0	0.0	0.0	0.0	0.0	0.0	0.0	0.0	0.0	0.0	
passereau sp.	0.0138135	0.0060976	0.0020161	0.002005	0.0028923	0.0019907	0.0032489	0.0057841	0.0040053	0.0013477	0.0063012	0.0068548	0.0043573	0.0039392	0.007984	0.025974	0.0075309	0.0076211	0.0075141	0.0208768	0.0171468	0.0094862	0.0092827	0.0193939	0.0076864	0.0119617	0.0042481	0.0179164	0.0234579	0.0178236	0.0152964	0.0054645	0.0119713	0.0170697	0.0052632	0.0086957	0.010598	0.0055633	0.0057756	0.0069444	0.0087302	0.0015209	0.0030769	0.002635	0.0058626	0.0060554	0.0052632	0.0187129	
oiseau sp.	0.0	0.0	0.0	0.0	0.0	0.0	0.0	0.0	0.0	0.0	0.0	0.0	0.0	0.0	0.0	0.0	0.0	0.0	6.262E-4	4.175E-4	6.859E-4	7.905E-4	0.0	0.0	7.686E-4	7.974E-4	0.0016992	6.636E-4	0.0034752	9.381E-4	0.0	6.831E-4	7.981E-4	0.0015	7.519E-4	0.0011594	0.001514	6.954E-4	0.0	5.342E-4	7.937E-4	0.0	0.0	0.0	0.0	8.651E-4	0.0	0.0	

