









Frequency of observations in the selected location(s).:
Number of taxa: 	599

	Jan				Feb				Mar				Apr				May				Jun				Jul				Aug				Sep				Oct				Nov				Dec				
Sample Size:	5202.0	4044.0	3471.0	5015.0	3321.0	3323.0	3933.0	3833.0	3778.0	3866.0	4384.0	6821.0	5835.0	5714.0	6046.0	7536.0	6168.0	5759.0	4706.0	5805.0	3727.0	3234.0	2962.0	3645.0	2699.0	2587.0	2823.0	3566.0	2517.0	2714.0	3176.0	4273.0	2571.0	2858.0	3482.0	4726.0	2763.0	3577.0	2919.0	3770.0	2572.0	2535.0	2481.0	3199.0	2855.0	2492.0	2276.0	4105.0	

Dendrocygne fauve	0.0	0.0	0.0	0.0	0.0	0.0	0.0	0.0	0.0	0.0	0.0	0.0	0.0	0.0	0.0	0.0	0.0	0.0	0.0	0.0	0.0	0.0	0.0	0.0	0.0	0.0	0.0	0.0	3.973E-4	0.0	0.0	0.0	0.0	0.0	0.0	0.0	0.0	0.0	0.0	0.0	0.0	0.0	0.0	0.0	0.0	0.0	0.0	0.0	
Oie cendrée	0.0717032	0.068002	0.0584846	0.0646062	0.0677507	0.0686127	0.0645817	0.0717454	0.0704076	0.0835489	0.0855383	0.0904559	0.0868895	0.080329	0.068475	0.0650212	0.0619326	0.061469	0.0516362	0.0547804	0.0423933	0.0306122	0.0340986	0.0293553	0.0351982	0.028218	0.0198371	0.0257992	0.0325785	0.0280029	0.0283375	0.0362743	0.0521198	0.0542337	0.0379092	0.0397799	0.0550127	0.0528376	0.0568688	0.0588859	0.0563764	0.0418146	0.051189	0.0493904	0.0647986	0.0501605	0.0584359	0.0711328	
Oie cygnoïde	3.845E-4	2.473E-4	0.0	0.0	3.011E-4	0.0	0.0	0.0	0.0	0.0	0.0	0.0	0.0	0.0	0.0	0.0	0.0	0.0	0.0	0.0	0.0	0.0	0.0	0.0	0.0	0.0	0.0	0.0	0.0	0.0	0.0	0.0	0.0	0.0	0.0	2.116E-4	0.0	0.0	0.0	0.0	0.0	0.0	0.0	0.0	0.0	0.0	0.0	0.0	
Oie rieuse	0.0	0.0	0.0017286	0.003988	6.022E-4	0.0	0.0	0.0	0.0	0.0	0.0	0.0	0.0	0.0	0.0	0.0	3.243E-4	0.0019101	0.001275	1.723E-4	0.0	0.0	0.0	0.0	0.0	0.0	0.0	0.0	0.0	0.0	0.0	0.0	0.0	0.0	0.0	0.0	0.0	0.0	0.0	0.0	0.0	0.0	4.031E-4	0.0	0.0	0.0	0.0	0.0	
Oie à bec court	1.922E-4	4.946E-4	8.643E-4	0.0	3.011E-4	0.0	0.0	0.0	0.0	0.0	0.0	0.0	0.0	0.0	0.0	0.0	0.0	0.0	0.0	0.0	0.0	0.0	0.0	0.0	0.0	0.0	0.0	0.0	0.0	0.0	0.0	0.0	0.0	0.0	0.0	0.0	0.0	0.0	0.0	0.0	0.0	0.0	0.0	0.0	0.0	0.0	0.0	0.0	
Anser sp. (forme domestique)	0.0	0.0	0.0	0.0	0.0015	3.009E-4	0.0	0.0	0.0	0.0	0.0	0.0	0.0	0.0	0.0	0.0	0.0	0.0	0.0	0.0	0.0	0.0	0.0	0.0	0.0	0.0	0.0	0.0	0.0	0.0	0.0	0.0	0.0	0.0	0.0	0.0	0.0	0.0	0.0	0.0	0.0	0.0	0.0	0.0	0.0	0.0	0.0	0.0	
Bernache cravant	0.0013456	2.473E-4	8.643E-4	3.988E-4	0.0	0.0	0.0	0.0	0.0	0.0	0.0	0.0	0.0	0.0	0.0	0.0	0.0	0.0	0.0	0.0	0.0	0.0	0.0	0.0	0.0	0.0	0.0	0.0	0.0	0.0	0.0	0.0	0.0	0.0	0.0	0.0	0.0	0.0	0.0015	0.0	0.0	0.0	0.0	0.0	0.0	0.0	0.0	0.0	
Bernache nonnette	0.0021146	0.0014837	0.0020167	0.0031904	0.0021078	0.0018056	0.001017	0.0026089	0.0013235	0.001552	0.0025091	0.0030787	0.0037704	0.0031502	0.0039696	0.0014597	0.0042153	0.0029519	0.0	0.0	0.0	0.0	0.0	0.0	0.0	0.0	0.0015	0.0015	3.973E-4	3.685E-4	0.0	0.0	0.0	0.0	0.0	0.0	0.0	2.796E-4	0.0010277	0.0	3.888E-4	0.0031558	0.0020153	0.0040638	0.0056042	0.0016051	0.0021968	0.0029233	
Bernache néné	0.0	0.0	0.0	0.0	0.0	0.0	0.0	0.0	0.0	0.0	0.0	0.0	0.0	0.0	0.0	0.0	0.0	0.0	0.0	0.0	0.0	3.092E-4	0.0	0.0	0.0	0.0	0.0	0.0	0.0	0.0	0.0	0.0	0.0	0.0	0.0	0.0	0.0	0.0	0.0	0.0	0.0	0.0	0.0	0.0	0.0	0.0	0.0	0.0	
Cygne tuberculé	0.0132641	0.0128586	0.0097954	0.0115653	0.0138512	0.0117364	0.0099161	0.007305	0.0119111	0.0129333	0.0155109	0.0165665	0.01491	0.0147007	0.0125703	0.0126062	0.0145914	0.0145859	0.0146621	0.0108527	0.0088543	0.0077304	0.0081026	0.0049383	0.0062986	0.007731	0.0113355	0.0061694	0.0075487	0.008843	0.006927	0.0091271	0.0077791	0.0083975	0.0045951	0.0050783	0.0057908	0.0111826	0.0071942	0.005305	0.0069984	0.0047337	0.0076582	0.004689	0.0126095	0.0120385	0.0087873	0.0119367	
Cygne noir	0.0015	4.946E-4	0.0	0.0	0.0	0.0	0.0	0.0	0.0	0.0	0.0015	0.0	0.0	0.0	0.0	0.0	0.0	1.736E-4	0.0	0.0	0.0	0.0	0.0	0.0	0.0	0.0	0.0	0.0	0.0	0.0	0.0	0.0	0.0	0.0	0.0	0.0015	0.0	0.0	0.0	2.653E-4	0.0	0.0	0.0	0.0	7.005E-4	0.0	0.0	0.0	
Cygne de Bewick	0.0015379	2.473E-4	0.0	0.0	0.0	0.0	0.0	0.0	0.0	0.0	0.0	0.0	0.0	0.0	0.0	0.0	0.0	0.0	0.0	0.0	0.0	0.0	0.0	0.0	0.0	0.0	0.0	0.0	0.0	0.0	0.0	0.0	0.0	0.0	0.0	0.0	0.0	0.0	0.0	0.0	0.0	0.0	0.0	0.0	0.0	0.0	0.0	0.0	
Cygne chanteur	0.0	0.0	0.0	0.0	0.0	0.0	0.0	0.0	2.647E-4	0.0	0.0	0.0	0.0	0.0	0.0	0.0	0.0	0.0	0.0	0.0	0.0	0.0	0.0	0.0	0.0	0.0	0.0	0.0	0.0	0.0	0.0	0.0	0.0	0.0	0.0	0.0	0.0	0.0	0.0	0.0	0.0	0.0	0.0	0.0	0.0	0.0	0.0	0.0	
anatidé sp. (oie sp.)	0.0	0.0	0.0	0.0	0.0	0.0	0.0	0.0	0.0	0.0	0.0	0.0	0.0	0.0	0.0	1.327E-4	0.0	0.0	0.0	0.0	0.0	0.0	0.0	0.0	0.0	0.0	0.0	0.0	0.0	0.0	0.0	0.0	0.0	0.0	0.0	0.0	0.0	0.0	0.0	0.0	0.0	0.0	0.0	0.0	0.0	0.0	0.0	0.0	
Ouette d'Égypte	0.0096117	0.0059347	0.008643	0.0071785	0.0120446	0.0087271	0.0104246	0.009653	0.0103229	0.006984	0.0079836	0.0109955	0.0166238	0.0098005	0.0163745	0.0112792	0.012808	0.0109394	0.0076498	0.0111972	0.0083177	0.0080396	0.007765	0.0068587	0.0070396	0.0065713	0.006022	0.0044868	0.0043703	0.0051584	0.0053526	0.0119354	0.0105018	0.0059482	0.0034463	0.0033855	0.005067	0.0055913	0.0071942	0.0029178	0.0027216	0.0031558	0.0016123	0.0050016	0.008056	0.0076244	0.0070299	0.0109622	
Tadorne casarca	0.0	0.0	0.0	0.0	0.0	0.0	0.0	0.0	0.0	0.0	0.0	1.466E-4	0.0015	1.75E-4	4.962E-4	0.0	8.106E-4	3.473E-4	2.125E-4	1.723E-4	0.0	0.0	0.0015	5.487E-4	0.0011115	3.865E-4	7.085E-4	0.0030847	7.946E-4	0.0040531	0.0047229	0.0023403	0.0	0.0	0.0	4.232E-4	0.0	0.0	0.0	0.0	0.0	0.0	0.0	3.126E-4	0.0	0.0	0.0	0.0	
Tadorne de Belon	0.0813149	0.0689911	0.0668395	0.0775673	0.081903	0.0818537	0.0783117	0.0923559	0.1040233	0.1083808	0.0978558	0.1149392	0.1059126	0.100105	0.0878267	0.0858546	0.0758755	0.0708456	0.0499363	0.0525409	0.0340757	0.0281385	0.0334234	0.0246914	0.0303816	0.0255122	0.0272759	0.0429052	0.0448947	0.0375829	0.0380982	0.0547625	0.058732	0.046536	0.0651924	0.0526873	0.0253348	0.0125804	0.0219253	0.0151194	0.0225505	0.025641	0.0330512	0.0515786	0.0725044	0.0565811	0.0637083	0.0738124	
Canard musqué	0.0044214	0.0039565	0.0025929	0.0033898	0.0036134	0.0042131	0.0038139	0.0020871	0.0013235	0.0010347	0.0015967	0.0020525	0.0015424	0.0026251	0.0026464	0.0025212	9.728E-4	0.0013891	4.25E-4	0.0012059	0.0024148	0.0015461	0.0020257	0.0016461	0.0029641	0.0011596	0.0	0.0016826	0.0023838	0.0011054	0.0012594	0.0011701	0.0015	6.998E-4	5.744E-4	2.116E-4	0.0010858	5.591E-4	6.852E-4	0.0018568	0.0027216	0.0023669	0.0012092	0.0012504	7.005E-4	0.0024077	0.0039543	0.0021924	
Canard à collier noir	0.0	0.0	2.881E-4	0.0	0.0	0.0	2.543E-4	0.0	0.0	0.0	2.281E-4	1.466E-4	0.0015	0.0	0.0	0.0	0.0	0.0	0.0	0.0	0.0	0.0015	0.0	0.0	0.0	0.0	0.0	0.0	0.0	0.0	0.0	0.0	0.0	0.0	0.0	2.116E-4	0.0	0.0	0.0	0.0	0.0	0.0	0.0	0.0	0.0015	0.0	0.0	0.0	
Canard carolin	1.922E-4	0.0	0.0	0.0	0.0	0.0	0.0	0.0	0.0	2.587E-4	6.843E-4	8.796E-4	5.141E-4	7.0E-4	4.962E-4	2.654E-4	1.621E-4	0.0	0.0	1.723E-4	2.683E-4	9.276E-4	6.752E-4	2.743E-4	0.0	0.0	0.0	0.0	0.0	0.0	0.0	0.0	0.0	0.0	0.0	0.0015	3.619E-4	2.796E-4	0.0	0.0	0.0	0.0	0.0	0.0	0.0	0.0	0.0	0.0	
Canard mandarin	0.0030757	0.004451	0.0011524	0.0025922	0.00271	0.0066205	0.0033054	0.002348	0.0023822	0.0025867	0.0025091	0.0016127	0.0011997	0.0012251	4.962E-4	0.001327	0.0014591	0.0010418	0.001275	0.0010336	0.0010732	6.184E-4	0.001688	0.0010974	7.41E-4	3.865E-4	0.0010627	5.609E-4	3.973E-4	0.0011054	0.0015	0.0025743	0.0019448	6.998E-4	5.744E-4	0.0012696	0.0025335	0.0016774	0.0010277	0.002122	0.0015552	0.0023669	0.0028214	0.0012504	0.0035026	0.0020064	0.0035149	0.0014616	
Canard amazonette	0.0015	0.0	0.0	0.0	0.0	0.0	0.0	0.0	0.0	0.0	0.0	0.0	0.0	0.0	0.0	0.0	0.0	0.0	0.0	0.0	0.0	0.0	0.0	0.0	0.0	0.0	0.0	0.0	0.0	0.0	0.0	0.0	0.0	0.0	0.0	0.0	0.0	0.0	0.0	0.0015	0.0	0.0	0.0	0.0	0.0	0.0	0.0	0.0	
Sarcelle d'été	3.845E-4	0.0014837	0.0011524	9.97E-4	0.0018067	0.0018056	0.0022883	0.0026089	0.0050291	0.0240559	0.0606752	0.0614279	0.0639246	0.0525026	0.0400265	0.0208333	0.0108625	0.0095503	0.0061623	0.0041344	8.049E-4	0.0015	0.0010128	0.0010974	0.001482	3.865E-4	0.0024796	0.0047672	0.0103298	0.0084746	0.0116499	0.0142757	0.0058343	0.0090973	0.0089029	0.0050783	0.0039812	0.0	0.0023981	0.0037135	0.0015552	0.0019724	0.0016123	3.126E-4	3.503E-4	4.013E-4	0.0	0.0	
Sarcelle cannelle	0.0	0.0	0.0	0.0	0.0	0.0	0.0	0.0	0.0	0.0	0.0	0.0	0.0	0.0	0.0	0.0	0.0	0.0	0.0	0.0	0.0	0.0	0.0	0.0	0.0	0.0	0.0	0.0	0.0	0.0	0.0	0.0	0.0	0.0	0.0	0.0	0.0	0.0	0.0	0.0	0.0	0.0	4.031E-4	0.0	0.0	0.0	0.0	2.436E-4	
Canard souchet	0.1070742	0.1068249	0.1126477	0.112662	0.1153267	0.1044237	0.0999237	0.113749	0.1349921	0.1409726	0.1373175	0.1282803	0.1177378	0.0910046	0.0567317	0.038482	0.029345	0.0225734	0.0131747	0.011025	0.0072444	0.0027829	0.0054018	0.0027435	0.0048166	0.0054117	0.0102728	0.015143	0.0162892	0.0294768	0.0330605	0.0683361	0.0766239	0.073478	0.0821367	0.0865425	0.0763663	0.0830305	0.0712573	0.066313	0.0719285	0.0690335	0.082628	0.0840888	0.1022767	0.0926966	0.0940246	0.1096224	
Hybride Sarcelle cannelle x Canard souchet	0.0	0.0	0.0	0.0	0.0	0.0	0.0	0.0	0.0	0.0	2.281E-4	0.0	0.0	0.0	0.0	0.0	0.0	0.0	0.0	0.0	0.0	0.0	0.0	0.0	0.0	0.0	0.0	0.0	0.0	0.0	0.0	0.0	0.0	0.0	0.0	0.0	0.0	0.0	0.0	0.0	0.0	0.0	0.0	0.0	0.0	0.0	0.0	0.0	
Canard chipeau	0.0688197	0.0650346	0.0607894	0.0584247	0.0767841	0.0701174	0.0686499	0.0722672	0.093171	0.1021728	0.0989964	0.1061428	0.1122536	0.1013301	0.092954	0.0931529	0.0836576	0.0830005	0.061411	0.0577089	0.0284411	0.0163884	0.0222822	0.01893	0.0159318	0.0173947	0.0120439	0.0154234	0.022646	0.0173176	0.0251889	0.0411889	0.0544535	0.0528341	0.0568639	0.0691917	0.0521173	0.057031	0.0582391	0.0530504	0.0493779	0.0500986	0.0528013	0.0468897	0.0616462	0.0477528	0.0487698	0.0662607	
Canard siffleur	0.0338331	0.0373393	0.0233362	0.0295115	0.037037	0.0255793	0.0249174	0.026611	0.0248809	0.0196586	0.0203011	0.0102624	0.0097686	0.0031502	0.003308	0.0025212	6.485E-4	0.0010418	4.25E-4	5.168E-4	0.0	0.0	0.0	0.0	0.0	0.0	0.0	0.0	3.973E-4	0.0	3.149E-4	2.34E-4	3.89E-4	0.0031491	0.0043079	0.0048667	0.0036193	0.0061504	0.0116478	0.0180371	0.0147745	0.0228797	0.0261991	0.0262582	0.0364273	0.0244783	0.0276801	0.0287454	
Canard colvert	0.3031526	0.3157765	0.3117257	0.3064806	0.3227943	0.3551008	0.3391813	0.3715106	0.3994177	0.4112778	0.4064781	0.4087377	0.3982862	0.379244	0.3635461	0.3500531	0.3373865	0.3203681	0.2781555	0.264944	0.2261873	0.1941868	0.2272113	0.1942387	0.2252686	0.2245845	0.2100602	0.2456534	0.2491061	0.2704495	0.2714106	0.2995553	0.3096072	0.2890133	0.3001149	0.3176047	0.2938835	0.3061224	0.270298	0.270557	0.275661	0.2844181	0.2644095	0.2675836	0.3127846	0.3109952	0.3036028	0.3003654	
Hybride Canard musqué x C. colvert	1.922E-4	0.0	0.0	0.0015	0.0	0.0	0.0	0.0	0.0	0.0	0.0	0.0	0.0	0.0	0.0	0.0	0.0	0.0	0.0	0.0	0.0	0.0	0.0	0.0	0.0	0.0	0.0	0.0	0.0	0.0	0.0015	7.021E-4	3.89E-4	0.0	0.0	0.0	0.0	0.0	0.0	0.0	0.0	0.0	0.0	0.0	0.0	0.0	0.0	0.0	
Hybride Canard carolin x C. colvert	0.0	0.0	0.0	0.0	3.011E-4	0.0	2.543E-4	0.0	0.0	0.0	0.0	0.0	0.0	0.0	0.0	0.0	0.0	0.0	0.0	0.0	0.0	0.0	0.0	0.0	0.0	0.0	0.0	0.0	0.0	0.0	0.0	0.0	0.0	0.0	0.0	0.0	0.0	0.0	0.0	0.0	0.0	0.0	0.0	0.0	0.0	0.0	0.0	0.0	
Hybride Canard souchet x C. colvert	0.0	0.0	0.0	0.0	0.0	0.0	0.0	0.0	0.0	0.0	0.0	0.0	0.0	0.0	0.0	0.0	0.0	0.0	0.0	0.0	2.683E-4	0.0	0.0	0.0	0.0	0.0	0.0	0.0	0.0	0.0	0.0	0.0	0.0	0.0	0.0	0.0	0.0	0.0	0.0	0.0	0.0	0.0	0.0	0.0	0.0	0.0	0.0	0.0	
Hybride Canard chipeau x C. colvert	0.0	0.0	0.0	0.0	0.0	0.0	2.543E-4	0.0	2.647E-4	5.173E-4	2.281E-4	4.398E-4	3.428E-4	1.75E-4	1.654E-4	0.0	3.243E-4	3.473E-4	0.0	0.0	0.0	6.184E-4	3.376E-4	0.0	0.0	0.0	0.0	0.0	0.0	0.0	3.149E-4	0.0	3.89E-4	0.0	5.744E-4	0.0	0.0	0.0	0.0	0.0	3.888E-4	0.0	0.0	0.0	0.0	0.0	0.0	2.436E-4	
Canard des Bahamas	1.922E-4	2.473E-4	5.762E-4	0.0015	0.0015	0.0015	2.543E-4	2.609E-4	2.647E-4	0.0015	0.0	0.0015	1.714E-4	1.75E-4	3.308E-4	2.654E-4	8.106E-4	0.0	0.0	0.0	0.0	0.0	0.0	0.0	0.0	0.0	0.0	0.0	0.0	0.0	0.0	2.34E-4	3.89E-4	3.499E-4	0.0	4.232E-4	3.619E-4	8.387E-4	0.0	2.653E-4	3.888E-4	0.0	0.0015	0.0	3.503E-4	4.013E-4	0.0015	0.0	
Canard pilet	0.0209535	0.0257171	0.0201671	0.0149551	0.0261969	0.0171532	0.015764	0.0174798	0.0177343	0.0196586	0.0198449	0.0165665	0.0265638	0.0148757	0.0064505	0.0055732	0.0021077	0.0022573	6.375E-4	0.0013781	0.0016099	3.092E-4	0.0	0.0	0.0	0.0	0.0	0.0	0.0	0.0	0.0	4.681E-4	0.0023337	0.003499	0.0054566	0.0076174	0.0083243	0.008946	0.0137033	0.0140584	0.0174961	0.0149901	0.0161225	0.0150047	0.0217163	0.0164526	0.0175747	0.0170524	
Hybride Canard colvert x C. pilet	0.0	2.473E-4	2.881E-4	1.994E-4	0.0	0.0	0.0	0.0	0.0	0.0	0.0	0.0	0.0	0.0	0.0	0.0	0.0	0.0	0.0	0.0	0.0	0.0	0.0	0.0	0.0	0.0	0.0	0.0	0.0	0.0	0.0	0.0	0.0	0.0	0.0	0.0	0.0	0.0	0.0	0.0	0.0	0.0	0.0	0.0	0.0	0.0	0.0	0.0	
Sarcelle d'hiver	0.1228374	0.1226508	0.1184097	0.1108674	0.129178	0.1239844	0.1060259	0.113749	0.1114346	0.1195034	0.1019617	0.0898695	0.0783205	0.0549527	0.029441	0.0095541	0.00762	0.0046883	0.0017	0.002584	0.004293	0.0046382	0.0043889	0.0043896	0.0033346	0.0034789	0.0038966	0.0089736	0.0099325	0.0191599	0.0245592	0.0468055	0.0579541	0.0675297	0.0519816	0.0622091	0.0712993	0.0830305	0.0822199	0.0771883	0.086703	0.0899408	0.1011689	0.1100344	0.1236427	0.1103531	0.1072056	0.1247259	
Sarcelle tachetée	0.0	0.0	0.0	0.0	0.0	0.0	0.0	0.0	0.0	0.0	0.0	0.0	0.0	0.0	0.0	0.0	0.0	0.0	0.0	0.0	0.0	0.0	0.0	0.0	0.0	0.0	0.0	0.0	0.0	0.0	0.0	0.0	0.0	0.0	0.0	0.0	0.0	0.0	0.0	0.0	3.888E-4	0.0	0.0	0.0	0.0	0.0	0.0	0.0	
Anas sp.	1.922E-4	0.0	0.0	0.0	0.0	0.0	0.0	0.0	0.0	0.0	2.281E-4	0.0	0.0	0.0	0.0	0.0	0.0	0.0	0.0	0.0	0.0	0.0	0.0	0.0	0.0	0.0	0.0	0.0	0.0	0.0	0.0	2.34E-4	0.0	0.0	2.872E-4	0.0	0.0	0.0	0.0	0.0	0.0	0.0	0.0	0.0	0.0	0.0	0.0	0.0	
anatidé sp. (canard barboteur sp.)	3.845E-4	2.473E-4	0.0	7.976E-4	0.0	6.019E-4	0.0	7.827E-4	5.294E-4	2.587E-4	4.562E-4	0.0	0.0015	0.0	3.308E-4	2.654E-4	6.485E-4	1.736E-4	2.125E-4	0.0	0.0015	0.0	0.0	5.487E-4	7.41E-4	3.865E-4	0.0	5.609E-4	0.0	0.0011054	0.0	0.0	7.779E-4	0.0	5.744E-4	0.0019044	0.0	8.387E-4	0.0	2.653E-4	3.888E-4	3.945E-4	4.031E-4	3.126E-4	0.0	8.026E-4	8.787E-4	0.0	
Sarcelle marbrée	0.0	0.0	2.881E-4	0.0	0.0	0.0	0.0	0.0010436	0.0021175	0.0020693	9.124E-4	7.33E-4	3.428E-4	5.25E-4	4.962E-4	6.635E-4	0.002594	0.0012155	0.0014875	1.723E-4	0.0010732	0.0012369	3.376E-4	0.0013717	3.705E-4	3.865E-4	7.085E-4	0.001963	0.003973	0.0011054	0.0015743	0.0028083	0.0035006	6.998E-4	0.0020103	0.0027507	7.239E-4	0.0019569	0.0034258	0.0039788	0.0015	3.945E-4	0.0	0.0	0.0	0.0	0.0	0.0	
Nette rousse	0.0209535	0.0138477	0.0216076	0.0241276	0.0346281	0.0303942	0.0383931	0.0461779	0.0600847	0.0812209	0.0798358	0.0933881	0.1040274	0.1050053	0.0903076	0.0948779	0.0869001	0.0845633	0.0660858	0.0652885	0.0391736	0.021645	0.0189061	0.0142661	0.0122268	0.0216467	0.016649	0.0157039	0.0111244	0.0147384	0.0163728	0.0198923	0.0287826	0.0171449	0.0178059	0.0279306	0.0180963	0.0220855	0.0143885	0.0185676	0.0159409	0.0240631	0.0120919	0.0103157	0.0136602	0.0164526	0.0127417	0.0138855	
Fuligule milouin	0.0274894	0.0281899	0.0337079	0.0313061	0.037037	0.0376166	0.0338164	0.0349596	0.0439386	0.0522504	0.0497263	0.0426624	0.0411311	0.0372769	0.0289448	0.0268047	0.0243191	0.0263935	0.0257119	0.0272179	0.012879	0.0108225	0.0081026	0.005487	0.0055576	0.0061848	0.0070847	0.0089736	0.0115217	0.00958	0.0107053	0.0140417	0.0213925	0.0195941	0.0163699	0.0359712	0.0224394	0.0318703	0.0315176	0.0334218	0.0346034	0.0394477	0.0399033	0.0250078	0.0252189	0.0248796	0.0272408	0.0355664	
Fuligule à bec cerclé	0.0	0.0	0.0	0.0	0.0	0.0	0.0	0.0	0.0015	0.0	0.0	0.0	0.0029135	0.0	0.0	0.0	0.0	0.0	0.0	0.0	0.0	0.0	0.0	0.0	0.0	0.0	0.0	0.0	0.0	0.0	0.0	0.0	0.0	0.0	0.0	0.0	0.0	0.0	0.0	0.0	0.0	0.0	0.0	0.0	0.0	0.0	0.0	0.0	
Fuligule nyroca	0.0019223	0.0029674	0.0023048	3.988E-4	3.011E-4	0.0024075	0.0015256	0.002348	0.0010588	0.0064666	0.0034215	0.0061575	0.0046272	0.0010501	4.962E-4	0.0026539	0.0017834	0.0013891	4.25E-4	8.613E-4	0.0013416	0.0015461	0.0013504	2.743E-4	3.705E-4	0.0	0.0010627	0.001963	0.0023838	0.0011054	0.0015743	9.361E-4	3.89E-4	0.0024493	0.0022975	0.0042319	7.239E-4	0.0011183	0.0013703	0.0015915	0.0073872	0.0074951	0.0080613	0.0050016	0.0028021	0.0016051	0.0026362	9.744E-4	
Hybride Fuligule milouin x F. nyroca	5.767E-4	0.001731	8.643E-4	3.988E-4	6.022E-4	0.0012037	0.0022883	0.002348	0.0029116	0.0025867	0.0036496	4.398E-4	6.855E-4	3.5E-4	4.962E-4	0.0	0.0	1.736E-4	0.0	1.723E-4	0.0	0.0	0.0	0.0	0.0	0.0	0.0	0.0	0.0	0.0	0.0	0.0	0.0	0.0	0.0	0.0	0.0	8.387E-4	0.0	0.0	0.0	3.945E-4	0.0020153	9.378E-4	7.005E-4	0.0	8.787E-4	0.001218	
Fuligule morillon	0.0096117	0.0084075	0.011236	0.0093719	0.0117435	0.0051159	0.0061022	0.0080877	0.0074113	0.0067253	0.0034215	0.0014661	0.001371	0.0010501	3.308E-4	1.327E-4	3.243E-4	3.473E-4	4.25E-4	3.445E-4	5.366E-4	6.184E-4	3.376E-4	2.743E-4	0.0	0.0011596	3.542E-4	2.804E-4	0.0015892	0.0	0.0	4.681E-4	3.89E-4	0.0	2.872E-4	4.232E-4	7.239E-4	2.796E-4	0.0058239	0.0090186	0.0046656	0.0047337	0.0028214	0.0043764	0.0070053	0.0072231	0.0052724	0.0077954	
Hybride Fuligule milouin x F. morillon	0.0015	2.473E-4	2.881E-4	1.994E-4	0.0	6.019E-4	7.628E-4	0.0	5.294E-4	2.587E-4	2.281E-4	0.0	3.428E-4	0.0	0.0	0.0	3.243E-4	0.0	0.0	1.723E-4	0.0	3.092E-4	0.0	0.0	0.0	0.0	0.0	0.0	0.0	0.0	0.0	0.0	0.0	0.0	0.0	0.0	0.0	0.0	0.0	0.0	3.888E-4	3.945E-4	0.0	0.0	0.0	0.0	0.0	0.001218	
fuligule sp.	0.0	0.0	0.0	0.0	0.0	0.0	0.0	5.218E-4	0.0	0.0	0.0	0.0	0.0	0.0	0.0	0.0	1.621E-4	0.0	0.0	0.0	0.0	0.0	0.0	0.0	0.0	0.0	0.0	2.804E-4	0.0	0.0	0.0	0.0	3.89E-4	0.0	0.0	0.0	0.0	0.0	0.0	0.0	0.0	0.0	0.0	0.0	0.0015	0.0	0.0	4.872E-4	
Eider à duvet	0.0042291	0.0029674	0.0043215	0.0031904	0.0015056	9.028E-4	0.0020341	5.218E-4	0.0018528	7.76E-4	0.0	1.466E-4	0.0015	0.0	0.0	0.0	0.0	1.736E-4	0.0	0.0	0.0	0.0	0.0	0.0	0.0	0.0	0.0	0.0	0.0	0.0	0.0	0.0	0.0	0.0	0.0011488	0.0082522	0.0021716	0.0	0.0	7.958E-4	0.0	0.0015	4.031E-4	6.252E-4	0.0010508	8.026E-4	8.787E-4	0.0036541	
Macreuse à front blanc	0.0	0.0	0.0	1.994E-4	0.0	6.019E-4	0.0038139	0.0041743	0.003441	7.76E-4	0.0	0.0	0.0	0.0	0.0	0.0	0.0	0.0	0.0	0.0	0.0	0.0	0.0	0.0	0.0	0.0	0.0	0.0	0.0	0.0	0.0	0.0	0.0	0.0	0.0	0.0	0.0	0.0	0.0	0.0	0.0	0.0	0.0	0.0	0.0	0.0	0.0	0.0	
Macreuse brune	0.0030757	0.0022255	0.0031691	0.0027916	0.0024089	0.0015047	0.0015256	0.0026089	7.941E-4	2.587E-4	0.0	1.466E-4	0.0	0.0	0.0	0.0	0.0	0.0	0.0	0.0	0.0	0.0	0.0	0.0	0.0	0.0	0.0	0.0	0.0	0.0	0.0	0.0	0.0	0.0	0.0	0.0	0.0	0.0	0.0	0.0	0.0	0.0	0.0	0.0015	7.005E-4	8.026E-4	0.0030756	0.0019488	
Macreuse noire	0.0065359	0.0039565	0.0040334	0.0051844	0.00271	0.0021065	0.0066107	0.0091312	0.0031763	0.0020693	4.562E-4	2.932E-4	0.0	5.25E-4	6.616E-4	0.0	0.0	0.0	0.0	0.0	0.0	0.0	0.0	0.0	0.0	0.0	0.0	0.0	0.0	0.0	0.0	0.0	0.0	0.0	0.0	2.116E-4	0.0	0.0	3.426E-4	0.0	0.0027216	0.0023669	0.0028214	0.0025008	0.0087566	0.005618	0.0057118	0.0060901	
Harle piette	0.0	0.0	0.0	0.0	0.0	0.0	0.0	0.0	0.0	0.0	0.0	0.0	0.0	0.0	0.0	1.327E-4	0.0	0.0	0.0	0.0	0.0	0.0	0.0	0.0	0.0	0.0	0.0	0.0	0.0	0.0	0.0	0.0	0.0	0.0	0.0	0.0	0.0	0.0	0.0	0.0	0.0	0.0	0.0	0.0	0.0	0.0	0.0	0.0	
Harle bièvre	0.002499	0.0049456	5.762E-4	0.0	0.0	0.0	0.0	0.0015	0.0	0.0015	4.562E-4	0.0	0.0	0.0	0.0	0.0	0.0	0.0010418	0.0	0.0015	0.0	0.0	0.0	0.0	0.0	0.0	0.0	0.0	0.0	0.0	0.0	0.0	0.0	0.0	0.0	0.0	0.0	0.0	0.0	0.0	0.0	0.0	0.0	9.378E-4	0.0105079	0.0088283	8.787E-4	0.0019488	
Harle huppé	0.0078816	0.0056874	0.0060501	0.0033898	0.0036134	0.0021065	0.0038139	0.0020871	0.0029116	0.0025867	0.002281	0.0016127	0.0015424	5.25E-4	1.654E-4	0.0	0.0	0.0	0.0	0.0	0.0	0.0	0.0	0.0	0.0	0.0	0.0	0.0	0.0	0.0	0.0	0.0	0.0	0.0	0.0	0.0	0.0	0.0	0.0	0.0	0.0	7.89E-4	0.0048368	0.0075023	0.0115587	0.0036116	0.0057118	0.0051157	
Érismature à tête blanche	0.0021146	4.946E-4	5.762E-4	0.0025922	3.011E-4	0.0	0.0	0.0	0.0	0.0	0.0	0.0	0.0	0.0	0.0	0.0	0.0	0.0	0.0	0.0	0.0	0.0	3.376E-4	0.0	7.41E-4	0.0015462	0.0028339	0.0011217	3.973E-4	0.0014738	0.0028338	0.0018722	0.0027227	0.0024493	0.0043079	0.0069826	0.0018096	0.0013978	0.0010277	0.0026525	0.0011664	7.89E-4	0.0012092	0.001563	0.0021016	4.013E-4	0.0017575	0.0021924	
anatidé sp. (canard sp.)	7.689E-4	7.418E-4	0.0011524	0.0021934	9.033E-4	9.028E-4	0.001017	7.827E-4	0.0029116	0.002328	0.0011405	0.0014661	0.0017138	8.75E-4	0.0014886	7.962E-4	0.0011349	0.0015628	4.25E-4	0.0013781	0.0010732	9.276E-4	0.0013504	0.0024691	0.0011115	0.0023193	0.0017712	0.0022434	3.973E-4	0.0011054	9.446E-4	0.0011701	0.0023337	0.0010497	5.744E-4	0.001058	0.0014477	0.0011183	6.852E-4	0.001061	0.0015552	7.89E-4	0.0016123	0.001563	0.0024518	0.0020064	4.394E-4	9.744E-4	
sauvagine sp.	0.0	0.0	0.0	0.0	0.0	0.0	0.0	0.0	0.0	0.0	0.0	0.0	0.0	0.0	0.0	0.0	0.0	0.0	0.0	0.0	0.0	0.0	0.0	0.0	0.0	0.0	0.0	0.0	0.0	0.0	0.0	0.0	0.0	0.0	0.0	0.0	7.239E-4	0.0	0.0	0.0	0.0	0.0	0.0	0.0	0.0	0.0	0.0	0.0	
Pintade de Numidie	0.0	0.0	0.0	0.0	0.0	0.0	0.0	0.0	0.0	0.0	0.0	0.0	0.0	0.0	0.0	0.0	0.0	0.0	0.0	0.0	0.0	0.0	0.0	0.0015	0.0	3.865E-4	0.0	0.0	0.0	0.0	0.0	0.0	0.0	0.0	0.0	0.0	0.0	0.0	0.0	0.0	0.0	0.0	0.0	0.0	0.0	0.0	0.0	0.0	
Colin de Californie	0.0	0.0	0.0	0.0	0.0	0.0	0.0	0.0	2.647E-4	0.0	0.0	0.0	0.0	0.0	0.0	0.0	0.0	0.0	0.0	0.0	0.0	0.0	0.0	0.0	0.0	0.0	0.0	0.0	0.0	0.0	0.0	0.0	0.0	0.0	0.0	0.0	0.0	0.0	0.0	0.0	0.0	0.0	0.0	0.0	0.0	0.0	0.0	0.0	
Lagopède alpin	0.0	0.0	0.0	1.994E-4	0.0	0.0	0.0015	2.609E-4	0.0	0.0	2.281E-4	0.0015	1.714E-4	0.0015	1.654E-4	0.0	0.0	1.736E-4	4.25E-4	3.445E-4	0.0015	3.092E-4	0.0015	0.0013717	0.0015	7.731E-4	3.542E-4	2.804E-4	3.973E-4	0.0014738	0.0012594	9.361E-4	3.89E-4	0.0010497	0.0	2.116E-4	0.0	0.0	3.426E-4	5.305E-4	7.776E-4	3.945E-4	0.0020153	3.126E-4	0.0	0.0	0.0	0.0015	
Grand Tétras	0.0	0.0	0.0	0.0	0.0015	0.0	2.543E-4	0.0	0.0015	2.587E-4	0.0	2.932E-4	0.0	0.0015	1.654E-4	3.981E-4	9.728E-4	0.0013891	0.0019125	0.0010336	0.0013416	3.092E-4	0.0	8.23E-4	3.705E-4	3.865E-4	3.542E-4	5.609E-4	0.0015892	3.685E-4	9.446E-4	2.34E-4	3.89E-4	0.0	0.0	4.232E-4	0.0	5.591E-4	0.0	0.0	3.888E-4	0.0	0.0015	0.0	0.0	0.0	0.0	0.0	
Perdrix grise	1.922E-4	2.473E-4	0.0	1.994E-4	0.0	3.009E-4	0.0	2.609E-4	0.0	0.0	2.281E-4	0.0015	6.855E-4	3.5E-4	6.616E-4	5.308E-4	1.621E-4	0.0010418	6.375E-4	6.891E-4	5.366E-4	0.0012369	0.001688	0.0016461	7.41E-4	7.731E-4	0.0015	5.609E-4	3.973E-4	3.685E-4	0.0012594	2.34E-4	0.0011669	0.0013996	2.872E-4	4.232E-4	0.0014477	0.0	0.0013703	0.001061	7.776E-4	0.0	4.031E-4	0.0012504	3.503E-4	8.026E-4	0.0	7.308E-4	
Faisan doré	0.0	0.0	0.0	0.0	0.0	0.0	0.0	0.0	0.0	0.0	0.0	0.0	0.0	0.0	0.0	0.0	0.0	0.0	0.0	0.0	0.0	0.0	0.0	0.0	0.0	0.0	0.0	0.0	0.0	0.0	0.0	0.0	0.0	0.0	0.0	0.0	0.0	2.796E-4	0.0	0.0	0.0	0.0	0.0	0.0	0.0	0.0	0.0	0.0	
Faisan de Lady Amherst	0.0	0.0	0.0	0.0	0.0	0.0	0.0	0.0	0.0	0.0	0.0	0.0	0.0	0.0	0.0	0.0	0.0	0.0	0.0	0.0015	0.0	0.0	0.0	0.0	0.0	0.0	0.0	0.0	0.0	0.0	0.0	0.0	0.0	0.0	0.0	0.0	0.0	0.0	0.0	0.0	0.0	0.0	0.0	0.0	0.0	0.0	0.0	0.0	
Faisan de Colchide	0.009035	0.0111276	0.0106598	0.0091725	0.0120446	0.0138429	0.0139842	0.0164362	0.0201165	0.0175892	0.0244069	0.0231638	0.0263925	0.0290515	0.0224942	0.0274682	0.023022	0.0213579	0.018487	0.0141258	0.0131473	0.0154607	0.0148548	0.0101509	0.0074102	0.0069579	0.0038966	0.0047672	0.0043703	0.0040531	0.0050378	0.0077229	0.008168	0.010147	0.0071798	0.0086754	0.0108578	0.0111826	0.008222	0.0127321	0.0108865	0.0130178	0.0100766	0.0125039	0.0126095	0.0132424	0.0127417	0.0095006	
Faisan argenté	0.0015	0.0	0.0	0.0	0.0	0.0	0.0	0.0	0.0	0.0	0.0	0.0	0.0	0.0	0.0	0.0	0.0	0.0	0.0	0.0	0.0	0.0	0.0	0.0	0.0	0.0	0.0	0.0	0.0	0.0	0.0	0.0	0.0	0.0	0.0	0.0	0.0	0.0	0.0	0.0	0.0	0.0	0.0	0.0	0.0	0.0	0.0	0.0	
Paon bleu	0.0	0.0	0.0	0.0	0.0	0.0	0.0	0.0	0.0	0.0015	0.0	0.0	1.714E-4	0.0	0.0015	0.0	0.0015	0.0	0.0015	0.0	0.0	0.0	3.376E-4	0.0	0.0	0.0	0.0	0.0	0.0	3.685E-4	0.0	0.0	0.0	3.499E-4	2.872E-4	0.0	0.0	0.0	0.0	2.653E-4	3.888E-4	0.0	0.0	0.0	0.0	0.0	0.0	0.0	
Coq bankiva	0.0	0.0	2.881E-4	0.0	0.0	0.0	0.0	0.0	0.0	0.0	0.0	0.0	0.0	0.0	0.0	0.0	0.0	0.0	0.0	0.0	0.0	0.0	0.0	0.0	0.0	0.0	0.0	0.0	0.0	0.0	0.0	0.0	0.0	0.0	0.0	0.0	0.0	0.0	0.0	0.0	0.0	0.0	0.0	0.0	0.0	0.0	0.0	0.0	
Caille des blés	0.0	0.0	0.0	0.0	3.011E-4	0.0	5.085E-4	0.002348	0.0029116	0.006208	0.0041058	0.008943	0.0095973	0.0168008	0.024479	0.0252123	0.0273995	0.0236152	0.0282618	0.0180879	0.0179769	0.0139147	0.0145172	0.0230453	0.0203779	0.0088906	0.0162947	0.0089736	0.0063568	0.0070007	0.0040932	0.0023403	0.0019448	0.0010497	5.744E-4	2.116E-4	3.619E-4	8.387E-4	0.0010277	2.653E-4	3.888E-4	0.0	4.031E-4	0.0	0.0	4.013E-4	0.0	0.0	
Perdrix rouge	0.0144175	0.0173096	0.0201671	0.0185444	0.023788	0.022269	0.0297483	0.0203496	0.0211752	0.0284532	0.0280566	0.0266823	0.0250214	0.0259013	0.0315911	0.0372877	0.0440986	0.0369856	0.0465363	0.0339363	0.0340757	0.0253556	0.0239703	0.0296296	0.0203779	0.0212601	0.0262132	0.0193494	0.018673	0.0206338	0.0270781	0.0322958	0.0210035	0.0293912	0.0224009	0.0171392	0.0202678	0.0201286	0.0202124	0.0206897	0.023717	0.0185404	0.0237807	0.0171929	0.0140105	0.0184591	0.0153779	0.0165652	
Pigeon biset	0.2950788	0.3269041	0.3186402	0.3132602	0.3104487	0.3108637	0.295703	0.317245	0.3173637	0.308329	0.3202555	0.3113913	0.2910026	0.3052153	0.2942441	0.2815817	0.2569715	0.2752214	0.2639184	0.2833764	0.2860209	0.2888064	0.2913572	0.2773663	0.2852908	0.2852725	0.2631952	0.2896803	0.2828764	0.2815033	0.2805416	0.2691318	0.2746013	0.2764171	0.2435382	0.2312738	0.2920738	0.3052838	0.3158616	0.3297082	0.3475894	0.3333333	0.3272874	0.3426071	0.3005254	0.3358748	0.3110721	0.3045067	
Pigeon colombin	0.005767	0.0103858	0.008643	0.0141575	0.013249	0.0102317	0.0109331	0.0122619	0.0177343	0.0240559	0.0225821	0.0225773	0.0193659	0.0215261	0.0213364	0.0273355	0.0304799	0.0289981	0.0441989	0.0256675	0.02066	0.021645	0.0162053	0.0139918	0.0114857	0.0146888	0.0148778	0.01318	0.0075487	0.013633	0.0138539	0.0121694	0.0116686	0.0104969	0.0045951	0.0093102	0.0137532	0.0111826	0.0106201	0.0119363	0.0093313	0.0110454	0.0072551	0.0071897	0.0084063	0.0064205	0.0065905	0.0095006	
Pigeon ramier	0.4090734	0.4483185	0.4433881	0.4731805	0.4754592	0.4646404	0.4640224	0.4808244	0.4716781	0.5116399	0.5139142	0.5450814	0.5400171	0.5656283	0.543996	0.5518843	0.5428016	0.5457545	0.5571611	0.5345392	0.5253555	0.5454545	0.5391627	0.5253772	0.5205632	0.5287978	0.4796316	0.4901851	0.484704	0.476787	0.4848866	0.5073719	0.4908596	0.4793562	0.4284894	0.3939907	0.4614549	0.4735812	0.4727646	0.4750663	0.4552877	0.4327416	0.4066909	0.3973117	0.3856392	0.4097111	0.4081722	0.4165652	
Columba sp.	0.0	0.0	0.0	0.0015	0.0	0.0	5.085E-4	0.0	0.0	2.587E-4	2.281E-4	1.466E-4	3.428E-4	0.0	0.0	0.0015	0.0	1.736E-4	2.125E-4	0.0	0.0	0.0	0.0	0.0	0.0	0.0	0.0	2.804E-4	0.0	0.0015	0.0	0.0	0.0	0.0	0.0	6.348E-4	0.0	0.0	0.0	0.0	0.0	0.0	0.0015	0.0	0.0	0.0	0.0	0.0015	
Tourterelle des bois	0.0	0.0	0.0	0.0	0.0	0.0	0.0	0.0	0.0	0.0	0.0	4.398E-4	0.0025707	0.0085754	0.0325835	0.069931	0.0953307	0.0790068	0.0879728	0.0787252	0.0708345	0.0701917	0.0658339	0.0573388	0.0611338	0.0483185	0.0605739	0.0386988	0.0353596	0.0338983	0.0494332	0.0381465	0.0342279	0.0251924	0.0206778	0.0141769	0.0028954	0.0022365	0.0010277	0.001061	0.0	0.0	0.0	0.0	0.0	0.0	0.0	0.0	
Tourterelle turque	0.2814302	0.2856083	0.2863728	0.2959123	0.3071364	0.2816732	0.2974828	0.3096791	0.3147168	0.3220383	0.3346259	0.337927	0.3479006	0.3762688	0.3711545	0.355759	0.3407912	0.3401632	0.3117297	0.3238587	0.3192917	0.3231293	0.3389602	0.3124829	0.3097443	0.3401624	0.3120793	0.3376332	0.3345252	0.3319823	0.3261965	0.3292769	0.3290548	0.3068579	0.2981045	0.2687262	0.3029316	0.3050042	0.3083248	0.3132626	0.3238725	0.3065089	0.2861749	0.2822757	0.2570928	0.2788925	0.2838313	0.2852619	
Géopélie diamant	0.0	0.0	0.0	0.0	0.0	0.0	0.0	0.0	0.0	0.0	0.0	0.0	0.0	0.0	0.0015	0.0	0.0	0.0	0.0	0.0	0.0	0.0	0.0	0.0	0.0	0.0	0.0	0.0	0.0	0.0	0.0	0.0	0.0	0.0	0.0	0.0	0.0	0.0	0.0	0.0	0.0	0.0	0.0	0.0	0.0	0.0	0.0	0.0	
columbidé sp.	0.0	0.0	0.0	0.0	0.0	0.0	2.543E-4	5.218E-4	0.0	0.0	0.0	0.0	0.0	5.25E-4	0.0	0.0015	0.0	0.0	2.125E-4	0.0	0.0	0.0	0.0	0.0	0.0	0.0	0.0	2.804E-4	0.0	0.0015	0.0015	0.0	0.0	0.0	0.0	2.116E-4	0.0015	0.0	3.426E-4	0.0015	0.0	0.0	0.0	0.0	0.0	0.0	0.0	4.872E-4	
Ganga cata	9.612E-4	2.473E-4	0.0011524	7.976E-4	0.0018067	0.0012037	0.0035596	0.0044352	0.0039704	0.0043973	0.0061588	0.0035185	0.0037704	0.0057753	0.0056236	0.007431	0.0051881	0.0074666	0.0065873	0.0065461	0.004293	0.0027829	0.0054018	0.0019204	0.0033346	0.0027058	0.0074389	0.0016826	0.0027811	0.0029477	0.0018892	0.0011701	0.0023337	0.0041987	0.001436	6.348E-4	3.619E-4	0.0	0.0	0.0	3.888E-4	3.945E-4	0.0	3.126E-4	0.0	0.0015	0.0	7.308E-4	
Ganga unibande	1.922E-4	0.0	0.0	1.994E-4	3.011E-4	0.0	0.0	0.0	0.0	2.587E-4	0.0	0.0	0.0	0.0	0.0015	0.0	1.621E-4	1.736E-4	6.375E-4	5.168E-4	8.049E-4	9.276E-4	0.0013504	5.487E-4	0.0	3.865E-4	0.0021254	2.804E-4	0.0	0.0	0.0	4.681E-4	0.0	0.0	0.0	0.0	0.0015	2.796E-4	0.0	2.653E-4	0.0	0.0	0.0	0.0	0.0	0.0	4.394E-4	0.0	
Outarde canepetière	9.612E-4	0.0014837	0.0017286	0.0031904	0.00271	0.0021065	0.0045767	0.0031307	0.0055585	0.0059493	0.0093522	0.0101158	0.008569	0.0133007	0.0132319	0.0163217	0.0175097	0.0158014	0.0208245	0.0113695	0.0064395	0.0024737	0.0050641	0.0021948	0.001482	0.0011596	0.0028339	2.804E-4	0.0019865	7.369E-4	0.0018892	0.0018722	0.0015558	0.0027992	5.744E-4	8.464E-4	0.0014477	0.0013978	0.0017129	0.0023873	0.0027216	0.0019724	0.0012092	0.001563	0.0010508	0.0012039	4.394E-4	7.308E-4	
Coucou geai	0.0	0.0	0.0	0.0	0.0	0.0	0.001017	0.0028698	0.0044997	0.0049146	0.0086679	0.0099692	0.0106255	0.0071754	0.0069467	0.0076964	0.00762	0.0064247	0.0080748	0.0041344	0.0045613	0.0024737	0.0020257	0.0016461	7.41E-4	0.0011596	0.0014169	0.0022434	0.0011919	0.0011054	0.0015	2.34E-4	0.0	6.998E-4	0.0	0.0	0.0	0.0	0.0	0.0	0.0	0.0	0.0	0.0	0.0	0.0	0.0	0.0	
Coucou gris	0.0	0.0	0.0	0.0	0.0	0.0	0.0	0.0	0.0	2.587E-4	0.0013686	0.0151004	0.032048	0.0537277	0.0840225	0.0820064	0.1052205	0.0906407	0.1115597	0.0944014	0.0882748	0.0649351	0.0577313	0.041701	0.0137088	0.0073444	0.006022	0.0100953	0.0127135	0.00958	0.0062972	0.0051486	0.0038895	0.0027992	0.0011488	8.464E-4	3.619E-4	0.0	0.0	0.0	0.0	0.0	0.0	0.0	0.0	0.0	0.0	0.0	
Engoulevent à collier roux	0.0	0.0	0.0	0.0	0.0	0.0	0.0	0.0	0.0	0.0	0.0	0.0	0.0015	3.5E-4	9.924E-4	0.0046444	0.0097276	0.0079875	0.0108372	0.0137812	0.0077811	0.008658	0.0091155	0.0096022	0.0070396	0.0081175	0.0081474	0.0098149	0.0047676	0.0070007	0.0053526	0.0042125	0.0050564	0.0038488	0.0025847	0.0012696	0.0010858	0.0	3.426E-4	0.0	3.888E-4	0.0	0.0	0.0	0.0	0.0	0.0	0.0	
Engoulevent d'Europe	0.0	0.0	0.0	0.0	0.0	0.0	0.0	0.0	0.0	0.0	0.0015	0.0	6.855E-4	1.75E-4	9.924E-4	0.0065021	0.0141051	0.0123285	0.0108372	0.0165375	0.0158304	0.0179344	0.0151924	0.0219479	0.0196369	0.0193274	0.0187744	0.0148626	0.0202622	0.0173176	0.0110202	0.0067868	0.0070012	0.0020994	0.0020103	0.0035971	0.0021716	0.0019569	6.852E-4	2.653E-4	3.888E-4	0.0	0.0	0.0	0.0	0.0	0.0	0.0	
Engoulevent à collier roux ou E. d'Europe	0.0	0.0	0.0	0.0	0.0	0.0	0.0	0.0	0.0	0.0	0.0	0.0	0.0	0.0	0.0	0.0	0.0	0.0	0.0	0.0	0.0	0.0	0.0	0.0	0.0	0.0	0.0	0.0	0.0015	0.0	0.0	0.0	0.0	0.0	0.0	0.0	0.0	0.0	0.0	0.0	0.0	0.0	0.0	0.0	0.0	0.0	0.0	0.0	
Caprimulgus sp.	0.0	0.0	0.0	0.0	0.0	0.0	0.0	0.0	0.0	0.0	0.0	0.0	0.0	0.0	0.0	0.0	3.243E-4	0.0	0.0	0.0	0.0	0.0	0.0	0.0	0.0	0.0	3.542E-4	0.0	0.0	0.0	0.0	2.34E-4	0.0	0.0	0.0	0.0	0.0	2.796E-4	0.0	0.0	0.0	0.0	4.031E-4	0.0	0.0	0.0	0.0	0.0	
engoulevent sp.	0.0	0.0	0.0	0.0	0.0	0.0	0.0	0.0	0.0	0.0	0.0	0.0	0.0	0.0	0.0	0.0	0.0	0.0	0.0	0.0	0.0	0.0	0.0	0.0	0.0	0.0015	0.0	0.0	0.0	0.0	0.0	0.0	3.89E-4	0.0	0.0	0.0	0.0	0.0	0.0	0.0	0.0	0.0	0.0	0.0	0.0	0.0	0.0	0.0	
Martinet à ventre blanc	0.0	0.0	0.0	0.0	0.0	0.0	0.0	0.002348	0.0119111	0.062597	0.1117701	0.149245	0.1573265	0.1713336	0.170526	0.1661359	0.1538586	0.1566244	0.1498088	0.1894918	0.1805742	0.1966605	0.2103309	0.2079561	0.2137829	0.1955934	0.1973078	0.2055524	0.1775924	0.119381	0.1268892	0.1308214	0.1388565	0.1448565	0.1094199	0.1068557	0.1226927	0.1048365	0.1082563	0.0572944	0.0128305	0.0059172	0.0015	0.0	0.0	0.0	0.0	0.0	
Martinet noir	1.922E-4	2.473E-4	0.0	0.0	0.0	0.0	0.0	2.609E-4	7.941E-4	0.006208	0.0130018	0.0765284	0.2032562	0.2866643	0.385048	0.4437367	0.459144	0.4808126	0.5014875	0.5152455	0.5202576	0.5630798	0.5543552	0.540192	0.4931456	0.4344801	0.3542331	0.2428491	0.1732221	0.1120118	0.1070529	0.0725486	0.0497861	0.0381386	0.020965	0.0118493	0.005067	0.0036343	3.426E-4	0.0	0.0	0.0	0.0	0.0	3.503E-4	0.0	0.0	0.0	
Martinet pâle	0.0015	7.418E-4	2.881E-4	7.976E-4	0.0	0.0	0.0	0.0	0.0010588	0.0049146	0.0114051	0.0240434	0.0209083	0.0210011	0.0193516	0.020966	0.0194553	0.0237889	0.0199745	0.0210164	0.0233432	0.021645	0.0303849	0.0208505	0.0214894	0.0208736	0.016649	0.0325294	0.0361542	0.0221076	0.0270781	0.0329979	0.0373396	0.0290413	0.0258472	0.0251799	0.0155628	0.0114621	0.0099349	0.0037135	0.0015552	7.89E-4	8.061E-4	6.252E-4	7.005E-4	0.0	0.0	0.0015	
Martinet noir ou M. pâle	0.0015	2.473E-4	0.0	1.994E-4	0.0	0.0	0.0	2.609E-4	0.0	2.587E-4	0.0013686	0.0019059	0.0030848	0.0015751	9.924E-4	0.0015924	0.001297	0.0017364	0.0014875	0.0041344	0.0037564	0.0030921	0.0033761	0.0021948	0.0018525	0.0019327	0.0028339	0.0028043	0.0031784	0.0033161	0.0018892	0.0028083	0.0031116	0.0020994	0.0017231	0.0012696	7.239E-4	5.591E-4	3.426E-4	0.0015	0.0	3.945E-4	0.0	0.0	0.0	0.0	4.394E-4	0.0	
Martinet des maisons	0.0	0.0	0.0	0.0	0.0	0.0	0.0	0.0	0.0	0.0	0.0	0.0	0.0	0.0	0.0	0.0	0.0	0.0	0.0	0.0	0.0	0.0	0.0	0.0	0.0	0.0	0.0	0.0	0.0	0.0	0.0	0.0	0.0	0.0	0.0	0.0	0.0	0.0	0.0	0.0	0.0	0.0	4.031E-4	0.0	0.0	0.0	0.0	0.0	
Martinet cafre	0.0	0.0	0.0	0.0	0.0	0.0	0.0	0.0	0.0	0.0	0.0	0.0	0.0	0.0	0.0	0.0	0.0	0.0	0.0	0.0	0.0	0.0	0.0	0.0	0.0	0.0	0.0	0.0	3.973E-4	0.0	0.0	0.0	0.0	0.0	0.0	0.0	0.0	0.0	0.0	0.0	0.0	0.0	0.0	0.0	0.0	0.0	0.0	0.0	
Apus ou Tachymarptis sp.	0.0	2.473E-4	0.0	0.0	0.0	0.0	0.0015	0.0	2.647E-4	2.587E-4	0.0011405	0.0029321	0.0020566	0.0021001	0.0021502	0.0033174	0.0037289	0.004862	0.0038249	0.0048234	0.0088543	0.0080396	0.0054018	0.0060357	0.0122268	0.0081175	0.0049593	0.0056085	0.0091379	0.0062638	0.0034635	0.0042125	0.0038895	0.0041987	0.0011488	0.0014812	0.0014477	8.387E-4	3.426E-4	0.0	0.0	0.0	0.0	0.0	0.0	0.0	0.0	0.0	
apodidé sp.	0.0	0.0	0.0	0.0	0.0	0.0	0.0	0.0	0.0	0.0	2.281E-4	4.398E-4	0.0011997	0.0015	1.654E-4	2.654E-4	6.485E-4	1.736E-4	6.375E-4	5.168E-4	5.366E-4	3.092E-4	3.376E-4	2.743E-4	0.0	0.0011596	7.085E-4	0.0	0.0	0.0	6.297E-4	0.0	0.0015	0.0	0.0	0.0	3.619E-4	5.591E-4	0.0	2.653E-4	0.0	3.945E-4	0.0	0.0	0.0	0.0	0.0	0.0	
Râle d'eau	0.0667051	0.0581108	0.0587727	0.0606181	0.0629329	0.0532651	0.0521231	0.0660057	0.0637904	0.067253	0.0574818	0.0518985	0.0404456	0.0381519	0.0291102	0.0216295	0.0194553	0.018406	0.0150871	0.0144703	0.0067078	0.0058751	0.0162053	0.0087791	0.0107447	0.0115964	0.0134609	0.0227145	0.0218514	0.0298452	0.0302267	0.0355722	0.0458965	0.0395381	0.0427915	0.0552264	0.0539269	0.0668158	0.0630353	0.0607427	0.0567652	0.0706114	0.0556227	0.0609565	0.0819615	0.0666132	0.0544815	0.0706456	
Râle des genêts	0.0	0.0	0.0	0.0	0.0	0.0	0.0	0.0	0.0	0.0	0.0	0.0	0.0	0.0	0.0	0.0	1.621E-4	0.0	0.0	0.0	0.0	0.0	0.0	0.0	0.0	0.0	0.0	0.0	0.0	0.0	0.0	0.0	0.0	0.0	0.0	0.0	0.0	0.0	0.0	0.0	0.0	0.0	0.0	0.0	0.0	0.0	0.0	0.0	
Marouette ponctuée	0.0	2.473E-4	0.0	0.0	0.0	0.0	0.0015	0.0060005	0.0134992	0.0165546	0.0100365	0.0082099	0.0097686	0.0068253	0.0038042	0.001327	3.243E-4	0.0	2.125E-4	0.0	0.0	0.0	0.0	0.0	0.0	0.0	0.0	0.0	0.0	3.685E-4	0.002204	0.0011701	0.0015558	6.998E-4	0.001436	4.232E-4	0.0015	0.0	6.852E-4	0.0	0.0	0.0	0.0	0.0053142	7.005E-4	0.0	0.0	0.0	
Gallinule poule-d'eau	0.1937716	0.2079624	0.2100259	0.1882353	0.2119843	0.2226903	0.1952708	0.2113227	0.2331922	0.248836	0.2495438	0.2372086	0.2397601	0.2350368	0.2150182	0.2072718	0.1968223	0.1849279	0.1621334	0.1646856	0.1422055	0.1162647	0.1525996	0.1185185	0.1415339	0.1349053	0.1275239	0.1528323	0.1513707	0.1569639	0.1577456	0.1741165	0.168417	0.1473058	0.1829408	0.1817605	0.1950778	0.2024042	0.1959575	0.2002653	0.2002333	0.2153846	0.1894397	0.1941232	0.2115587	0.2078652	0.2188049	0.2056029	
Foulque macroule	0.1532103	0.1355094	0.1431864	0.1389831	0.1601927	0.1555823	0.1469616	0.159927	0.1749603	0.1789964	0.178604	0.1809119	0.1742931	0.1671334	0.1529937	0.1491507	0.1472114	0.1451641	0.1102847	0.118863	0.093641	0.0643166	0.0827144	0.0674897	0.0640978	0.0757634	0.0669501	0.0802019	0.0742948	0.0954311	0.0935139	0.1111631	0.1135745	0.1126662	0.136703	0.1527719	0.1140065	0.1283198	0.1157931	0.1225464	0.1193624	0.1187377	0.1185006	0.1190997	0.1488616	0.1404494	0.1366432	0.1573691	
Talève d'Allen	0.0	0.0	0.0015	9.97E-4	6.022E-4	0.0021065	0.0	0.0	0.0	0.0	0.0	0.0	0.0	0.0	0.0	0.0	0.0	0.0	0.0	0.0	0.0	0.0	0.0	0.0	0.0	0.0	0.0	0.0	0.0	0.0	0.0	0.0	0.0	0.0	0.0	0.0	0.0	0.0	0.0	0.0	0.0	0.0	0.0	0.0	0.0	0.0	0.0	0.0	
Talève sultane	0.0540177	0.0375865	0.0463843	0.0468594	0.0538994	0.0508577	0.0488177	0.058179	0.0682901	0.0742369	0.0597628	0.0681718	0.0664953	0.0633532	0.0565663	0.0599788	0.0575551	0.0513978	0.0401615	0.0418605	0.0362222	0.0222635	0.0334234	0.0277092	0.0259355	0.0301508	0.0340064	0.0353337	0.0333731	0.0338983	0.043136	0.0409548	0.0513419	0.0514346	0.0815623	0.0876005	0.0477742	0.0450098	0.0359712	0.0405836	0.0307154	0.0394477	0.0294236	0.0387621	0.049387	0.0385233	0.0434974	0.0557856	
Marouette poussin	0.0	0.0	0.0	0.0	0.0	0.0	0.0	2.609E-4	5.294E-4	0.0010347	0.0050182	0.0070371	0.0034276	0.0040252	0.0062851	0.0010616	1.621E-4	5.209E-4	0.0	0.0015	2.683E-4	0.0	0.0	0.0	0.0	3.865E-4	0.0	0.0	0.0	0.0	0.0	0.0	0.0	0.0	0.0	0.0	0.0	0.0	0.0	0.0	0.0	0.0	0.0012092	6.252E-4	0.0	0.0	0.0	0.0	
Marouette de Baillon	0.0	0.0	0.0	0.0	0.0	0.0	0.0	0.0015	0.0	0.0	0.0	0.0011728	6.855E-4	5.25E-4	6.616E-4	2.654E-4	6.485E-4	3.473E-4	0.0	5.168E-4	2.683E-4	3.092E-4	0.0015	2.743E-4	7.41E-4	3.865E-4	0.0015	0.0	3.973E-4	0.0	0.0015743	0.0030424	0.0	0.0	0.0	0.0	0.0	0.0	0.0	0.0	0.0	0.0	0.0	0.0	0.0	0.0	0.0	0.0	
Marouette ponctuée, M. poussin ou M. de Baillon	0.0	0.0	0.0	0.0	0.0	0.0	0.0	0.0	0.0	0.0	0.0	0.0	0.0015	0.0	0.0	0.0	0.0	0.0	0.0	0.0	0.0	0.0	0.0	0.0	0.0	0.0	0.0	0.0	0.0	0.0	0.0	0.0	0.0	0.0	0.0	0.0	0.0	0.0	0.0	0.0	0.0	0.0	0.0	0.0	0.0	0.0	0.0	0.0	
Porzana ou Zapornia sp.	0.0	0.0	0.0	0.0	0.0	0.0	0.0	0.0	0.0	0.0	0.0	1.466E-4	0.0	0.0	0.0	0.0	0.0	0.0	0.0	0.0	0.0	0.0	0.0	0.0	0.0	0.0	0.0	0.0	0.0	0.0	0.0	0.0	0.0	0.0	0.0	0.0	0.0	0.0	0.0	0.0	0.0	0.0	0.0	0.0	0.0	0.0	0.0	0.0	
râle ou marouette sp.	0.0	0.0	0.0	0.0	0.0	0.0	0.0	0.0	0.0	0.0	0.0	0.0	0.0	0.0	0.0	0.0	0.0	0.0	0.0	0.0	0.0	0.0	0.0	0.0	0.0	0.0	0.0	0.0	0.0	0.0	0.0	0.0	0.0	0.0	0.0	2.116E-4	0.0	0.0	0.0	0.0	0.0	3.945E-4	0.0	0.0	0.0	0.0	0.0	0.0	
Grue cendrée	0.0088428	0.0103858	0.0100835	0.0073779	0.0090334	0.0057177	0.0111874	0.0117402	0.0082054	0.0087946	0.0047901	0.0026389	0.0030848	0.0043752	0.0021502	0.0022558	4.864E-4	0.0	8.5E-4	0.0015	0.0	0.0	0.0	0.0	0.0	0.0	0.0	0.0	0.0	3.685E-4	0.0	4.681E-4	0.0	3.499E-4	2.872E-4	0.0015	0.0	0.0025161	0.0027407	0.0068966	0.0101089	0.0201183	0.0133011	0.0212566	0.0189142	0.0144462	0.0061511	0.0095006	
Oedicnème criard	0.0086505	0.0071711	0.008643	0.0045862	0.0072267	0.0039121	0.006865	0.0088703	0.0095289	0.0178479	0.017792	0.0180325	0.0202228	0.019076	0.0193516	0.0226911	0.0296693	0.0250043	0.0284743	0.0225668	0.0166354	0.0157699	0.0182309	0.0167353	0.0163023	0.0154619	0.0159405	0.0154234	0.0174811	0.0169492	0.0163728	0.0102972	0.0120576	0.010147	0.0037335	0.0059247	0.0061527	0.00643	0.0089072	0.0106101	0.0120529	0.0074951	0.0060459	0.0075023	0.0070053	0.0072231	0.0070299	0.0046285	
Échasse blanche	0.0136486	0.007913	0.0097954	0.0163509	0.0168624	0.0162504	0.0228833	0.0294808	0.0399682	0.0651837	0.1181569	0.1801789	0.2022279	0.1904095	0.1812769	0.1794055	0.1796368	0.164091	0.1366341	0.1360896	0.118594	0.0803958	0.1073599	0.0971193	0.1089292	0.1144182	0.1151258	0.132922	0.1243544	0.1381724	0.125	0.1364381	0.1244652	0.1049685	0.1387134	0.100931	0.0361925	0.0237629	0.0178143	0.0119363	0.0050544	0.0094675	0.0092705	0.0081275	0.0059545	0.0072231	0.004833	0.010475	
Avocette élégante	0.0136486	0.0116222	0.0155575	0.0127617	0.0219813	0.0207644	0.0261887	0.0386121	0.0397035	0.0406105	0.0472172	0.0595221	0.0692374	0.0556528	0.0428382	0.0398089	0.0406939	0.0347283	0.0237994	0.0282515	0.0185135	0.0145331	0.013842	0.0087791	0.0163023	0.0135292	0.021254	0.0291643	0.0313866	0.0261606	0.0321159	0.0395507	0.041618	0.0342897	0.0640437	0.0427423	0.019182	0.0136986	0.0089072	0.0066313	0.0034992	0.0074951	0.0032245	0.0065646	0.0129597	0.0140449	0.0109842	0.006821	
Huîtrier pie	0.003268	0.0039565	0.0023048	0.004985	0.0039145	0.0081252	0.0099161	0.0099139	0.0140286	0.0118986	0.0123175	0.0130479	0.0126821	0.0138257	0.0124049	0.0120754	0.0097276	0.0095503	0.0057374	0.0065461	0.0059029	0.0040198	0.0047265	0.0030178	0.0051871	0.0054117	0.006022	0.0056085	0.0043703	0.0055269	0.0044081	0.0039785	0.0066122	0.0027992	0.0028719	0.0042319	0.0039812	0.0019569	0.0013703	0.001061	0.0015	0.0019724	8.061E-4	0.0012504	0.0021016	0.0024077	0.0039543	0.0051157	
Pluvier argenté	0.0459439	0.026459	0.0420628	0.0372881	0.0352304	0.0370147	0.0389016	0.0388729	0.0428798	0.0287118	0.0237226	0.0258027	0.0251928	0.0336017	0.0284486	0.0351645	0.0355058	0.0328182	0.0169996	0.0127476	0.0059029	0.0037106	0.0030385	0.0024691	0.0051871	0.0054117	0.0102728	0.0103758	0.0154946	0.0224761	0.0286524	0.0388486	0.0466744	0.0339398	0.0637565	0.0630554	0.0347448	0.0273973	0.0229531	0.0251989	0.0124417	0.0197239	0.0205562	0.0231322	0.033275	0.0365169	0.0303163	0.0404385	
Pluvier doré	0.0278739	0.0272008	0.0178623	0.0259222	0.0280036	0.0282877	0.0218663	0.0159144	0.0119111	0.0056906	6.843E-4	0.0010262	0.0011997	8.75E-4	0.001654	7.962E-4	8.106E-4	1.736E-4	6.375E-4	6.891E-4	0.0	3.092E-4	0.0	5.487E-4	3.705E-4	3.865E-4	3.542E-4	2.804E-4	0.0015	0.0014738	0.0015743	0.0051486	0.0120576	0.0087474	0.019529	0.0196784	0.0061527	0.00643	0.0095923	0.0058355	0.0069984	0.0110454	0.0157195	0.02407	0.0315236	0.0252809	0.0228471	0.0263094	
Pluvier bronzé	0.0	0.0	0.0	0.0	0.0	0.0	0.0	0.0	0.0	0.0	0.0	0.0	0.0	0.0	0.0	0.0	0.0	0.0	0.0015	0.0	0.0	0.0	0.0	0.0	0.0	0.0	0.0	0.0	0.0	0.0	0.0	0.0	0.0	0.0	0.0	0.0	0.0	0.0	0.0	0.0	0.0015552	7.89E-4	0.0	0.0	0.0	0.0	4.394E-4	2.436E-4	
Pluvier fauve	0.0013456	4.946E-4	8.643E-4	0.0013958	0.0021078	6.019E-4	0.0012713	5.218E-4	0.0015881	2.587E-4	0.0	1.466E-4	3.428E-4	3.5E-4	0.0	0.0	0.0015	0.0	0.0	0.0	0.0	0.0	0.0	0.0	7.41E-4	0.0	0.0	0.001963	0.0031784	0.0044215	0.0031486	0.008191	0.0066122	0.0017495	0.0077542	0.0154465	0.0028954	0.0016774	0.0013703	7.958E-4	0.0	3.945E-4	0.0	9.378E-4	0.0014011	4.013E-4	4.394E-4	4.872E-4	
Pluvialis sp.	1.922E-4	0.0	0.0	1.994E-4	3.011E-4	0.0	0.0015	5.218E-4	2.647E-4	0.0015	0.0	1.466E-4	0.0	0.0	0.0	0.0	0.0015	0.0	0.0	1.723E-4	2.683E-4	0.0	0.0	2.743E-4	0.0	0.0	0.0	2.804E-4	0.0	0.0	3.149E-4	7.021E-4	3.89E-4	0.0	0.0	0.0	0.0	2.796E-4	3.426E-4	0.0	0.0	7.89E-4	0.0	0.0	0.0	0.0	8.787E-4	4.872E-4	
Guignard d’Eurasie	0.0	0.0	0.0	0.0	0.0	3.009E-4	0.0	0.0	0.0	2.587E-4	0.0	0.0	0.0	1.75E-4	1.654E-4	0.0	9.728E-4	0.0	4.25E-4	0.0	0.0	0.0	0.0	0.0	0.0	0.0	0.0	0.0	0.0	7.369E-4	0.0059824	0.0210625	0.0198366	0.016795	0.0094773	0.0082522	3.619E-4	0.0015	3.426E-4	2.653E-4	0.0	3.945E-4	0.0	0.0	0.0	0.0	0.0	0.0	
Grand Gravelot	0.011534	0.0121167	0.011236	0.0165503	0.0189702	0.0168522	0.0287312	0.0286981	0.0304394	0.0250905	0.022354	0.0203782	0.0193659	0.0365768	0.0416804	0.078689	0.0833333	0.0786595	0.0526987	0.0310078	0.0083177	0.0037106	0.0027009	0.0013717	0.0059281	0.0061848	0.0113355	0.0218732	0.0294001	0.0434783	0.0588791	0.0884624	0.1302995	0.1154654	0.1800689	0.1445197	0.0662324	0.0567515	0.0311751	0.0241379	0.0252722	0.0142012	0.0072551	0.0078149	0.0101576	0.0100321	0.0057118	0.0121803	
Petit Gravelot	0.002499	0.0042038	0.0037453	0.0031904	0.0042156	0.0057177	0.006865	0.024263	0.0526734	0.0768236	0.0928376	0.110541	0.1199657	0.1011551	0.0886537	0.0756369	0.0535019	0.0482723	0.0448364	0.0542636	0.04293	0.0426716	0.0438893	0.0427984	0.0581697	0.0664863	0.0651789	0.0919798	0.0929678	0.0858511	0.0894207	0.1120992	0.1240762	0.0906228	0.1148765	0.0647482	0.043793	0.0271177	0.0147311	0.0034483	0.007776	0.0074951	0.0040306	0.0050016	0.0042032	0.0036116	0.0021968	0.0024361	
Vanneau huppé	0.1341792	0.1127596	0.1060213	0.1188435	0.1198434	0.0956967	0.0734808	0.0380903	0.0317628	0.0217279	0.0109489	0.0087964	0.0090831	0.0050753	0.0076083	0.0067675	0.0092412	0.0065984	0.0070123	0.0060293	0.0032197	0.0021645	0.0064146	0.00631	0.0051871	0.0123695	0.0131066	0.0159843	0.0166865	0.0165807	0.0248741	0.0337	0.0408401	0.0391882	0.085583	0.0873889	0.0781759	0.0849874	0.0784515	0.0838196	0.0948678	0.112426	0.095526	0.104095	0.1366025	0.1139647	0.099297	0.1225335	
Vanneau armé	0.0	0.0	0.0	0.0	0.0	0.0	0.0	0.0	0.0	0.0	0.0	0.0	0.0	0.0	0.0	0.0	0.0	0.0	0.0	0.0	0.0	0.0	0.0	0.0	0.0	0.0	0.0	0.0	0.0	0.0	0.0	0.0	0.0	0.0	0.0	0.0	0.0	0.0	0.0	0.0	0.0	0.0	0.0	3.126E-4	0.0	0.0	0.0	0.0	
Vanneau à éperons	0.0	0.0	0.0	0.0	0.0	0.0	0.0	0.0	0.0	0.0	0.0	0.0	0.0	0.0	0.0	0.0	0.0	0.0	0.0	0.0	0.0	0.0	0.0	0.0015	0.0	0.0	0.0	0.0	0.0	0.0	0.0	0.0	0.0	0.0	0.0	0.0	0.0	0.0	0.0	0.0	0.0	0.0	0.0	0.0	0.0	0.0	0.0	0.0	
Vanneau sociable	9.612E-4	0.0	0.0	0.0021934	0.0015056	0.0042131	0.0017798	0.0	0.0	0.0	0.0	0.0	0.0	0.0	0.0	0.0	0.0	0.0	0.0	0.0	0.0	0.0	0.0	0.0	0.0	0.0	0.0	0.0	0.0	0.0	0.0	0.0	0.0	0.0	0.0	0.0	0.0	0.0	3.426E-4	0.0	0.0	3.945E-4	0.0	0.0	3.503E-4	0.0	8.787E-4	0.0031669	
Vanneau à queue blanche	0.0	0.0	0.0	0.0	0.0	0.0	0.0012713	0.0028698	0.0	0.0	0.0	0.0	0.0	0.0	0.0	0.0	0.0	0.0	0.0	0.0062016	0.0	0.0	0.0	0.0	0.0	0.0	0.0	0.0	0.0	0.0	6.297E-4	0.008425	0.0038895	0.0027992	0.0117748	0.0	0.0	0.0	0.0	2.653E-4	0.0	0.0	0.0	0.0	0.0	0.0	0.0	0.0	
Gravelot à collier interrompu	0.0176855	0.0163205	0.0146932	0.0165503	0.015959	0.017755	0.0289855	0.0320897	0.0322922	0.0328505	0.0390055	0.0479402	0.0531277	0.0547777	0.0568971	0.0559979	0.0564202	0.0526133	0.039099	0.0327304	0.0276362	0.0200989	0.0259959	0.0271605	0.0389033	0.035949	0.0439249	0.0437465	0.0361542	0.0490052	0.0503778	0.0561666	0.0715675	0.0521344	0.0580126	0.0438003	0.0238871	0.0187308	0.0109627	0.0100796	0.0089425	0.0110454	0.0100766	0.0100031	0.0224168	0.0136437	0.0123023	0.0121803	
Gravelot sp.	0.0	0.0	2.881E-4	1.994E-4	0.0	0.0	0.0	2.609E-4	0.0	0.0	4.562E-4	1.466E-4	1.714E-4	1.75E-4	0.0	0.0	1.621E-4	0.0013891	2.125E-4	5.168E-4	2.683E-4	3.092E-4	3.376E-4	5.487E-4	7.41E-4	7.731E-4	7.085E-4	2.804E-4	3.973E-4	0.0	9.446E-4	0.0011701	7.779E-4	6.998E-4	5.744E-4	4.232E-4	7.239E-4	0.0	3.426E-4	0.0	0.0	3.945E-4	4.031E-4	3.126E-4	0.0	0.0	0.0	0.0	
Charadriidae sp.	0.0	0.0015	0.0	0.0	0.0	0.0	0.0	2.609E-4	0.0015	2.587E-4	4.562E-4	1.466E-4	5.141E-4	0.0	4.962E-4	2.654E-4	1.621E-4	8.682E-4	0.0	1.723E-4	2.683E-4	0.0	0.0	2.743E-4	0.0	0.0	7.085E-4	0.0011217	3.973E-4	0.0014738	0.0015	7.021E-4	3.89E-4	0.0015	0.0	0.001058	7.239E-4	2.796E-4	0.0	2.653E-4	0.0	0.0	0.0	6.252E-4	0.0	0.0	0.0	2.436E-4	
Courlis corlieu	0.0015379	0.0014837	2.881E-4	0.0017946	0.00271	0.0033103	0.0050852	0.0039134	0.0029116	0.0025867	0.0018248	0.0036652	0.0080548	0.0168008	0.0241482	0.0155255	0.0116732	0.004862	0.0036124	0.0020672	0.0029514	0.0018553	0.001688	0.0016461	0.0048166	0.0081175	0.0201913	0.0193494	0.0222487	0.0198968	0.0264484	0.0297215	0.0287826	0.0192442	0.0324526	0.0131189	0.0039812	0.0025161	0.0020555	0.0018568	3.888E-4	0.0015779	0.0012092	0.001563	0.0021016	8.026E-4	0.0017575	9.744E-4	
Courlis cendré	0.0374856	0.0276954	0.031115	0.0315055	0.034327	0.0349082	0.0355962	0.0302635	0.0378507	0.0253492	0.0189325	0.018619	0.0092545	0.0120756	0.0110817	0.0102176	0.0051881	0.0083348	0.0029749	0.002584	0.0029514	0.0027829	0.0023633	0.0024691	0.0077807	0.0092772	0.010627	0.0100953	0.0135081	0.0143699	0.0125945	0.0187222	0.0202256	0.0195941	0.0373349	0.0313161	0.0173724	0.0164943	0.0161014	0.0148541	0.0139969	0.0130178	0.012495	0.0150047	0.0294221	0.0300963	0.0311951	0.03581	
Courlis corlieu ou C. cendré	0.0	0.0	0.0	0.0	0.0	0.0	0.0	0.0	0.0	0.0	0.0	0.0	0.0	0.0	0.0	1.327E-4	0.0	0.0	0.0	0.0	0.0	0.0	0.0	0.0	0.0	0.0	0.0	0.0	0.0	0.0	0.0	2.34E-4	0.0	0.0	0.0	0.0	0.0	0.0	0.0	0.0	0.0	0.0	0.0	0.0	0.0	0.0	0.0	0.0	
courlis sp.	0.0	0.0	0.0	0.0	0.0	0.0	0.0	0.0	0.0	0.0	0.0	0.0	0.0	0.0	0.0	0.0	0.0	0.0	0.0	0.0	0.0	0.0	0.0	0.0	0.0	0.0	0.0	0.0	0.0	0.0	3.149E-4	0.0	0.0	0.0	0.0	0.0	0.0	0.0	0.0	0.0	0.0	0.0	0.0	0.0	0.0	0.0	0.0	0.0	
Barge rousse	0.0094195	0.0074184	0.0074906	0.0053838	0.0048178	0.0048149	0.0053394	0.0031307	0.0063526	0.0036213	0.0043339	0.0033719	0.0039417	0.0056003	0.0115779	0.0134023	0.0119974	0.0059038	0.0038249	0.002584	0.0021465	0.0018553	0.0013504	0.0013717	0.002223	0.0019327	0.0053135	0.0036455	0.0067541	0.00479	0.0085013	0.0095951	0.0140023	0.0108467	0.0157955	0.0211595	0.0104958	0.0083869	0.008222	0.0074271	0.0046656	0.0059172	0.0024184	0.0034386	0.0049037	0.0080257	0.004833	0.0087698	
Barge à queue noire	0.0096117	0.0071711	0.0144051	0.0165503	0.0192713	0.0198616	0.0282227	0.0396556	0.0481736	0.0382825	0.033531	0.0353321	0.0222793	0.0154008	0.0162091	0.0088907	0.0090791	0.0086821	0.0046749	0.0060293	0.0075127	0.0034014	0.0064146	0.0043896	0.0100037	0.0104368	0.015232	0.0257992	0.022646	0.0213707	0.0336902	0.0491458	0.0447297	0.0314906	0.0643308	0.0423191	0.0180963	0.0134191	0.0058239	0.0037135	0.0034992	0.0035503	0.0040306	0.004689	0.0049037	0.002809	0.0017575	0.0056029	
Barge rouse ou B. à queue noire	0.0	0.0	0.0	0.0	0.0	0.0	0.0	0.0	0.0	0.0	0.0	0.0	0.0	0.0	0.0	0.0	0.0	0.0	0.0	0.0	0.0	0.0	0.0	0.0	0.0	0.0	0.0	0.0	0.0	0.0	0.0	0.0	0.0	0.0	0.0	0.0	3.619E-4	0.0	0.0	0.0	0.0	0.0	0.0	0.0	0.0	0.0	0.0	0.0	
Bécassin à bec court	0.0	0.0	0.0	0.0	0.0	0.0	0.0	0.0	0.0	0.0	0.0	0.0	0.0	0.0	0.0	0.0	0.0	0.0	0.0	0.0	0.0	0.0	0.0	0.0	0.0	0.0	0.0	0.0	0.0	0.0	0.0	0.0037444	0.0	0.0	0.0	0.0	0.0	0.0	0.0	0.0	0.0	0.0	0.0	0.0	0.0	0.0	0.0	0.0	
Bécassin à long bec	0.0036524	0.0024728	0.002881	0.0031904	0.0033123	0.0012037	0.0017798	0.0036525	0.0013235	0.001552	4.562E-4	0.0014661	0.0	0.0	0.0	0.0	0.0	0.0	0.0	0.0	0.0	0.0	0.0	0.0	0.0	0.0	0.0	0.0	0.0	0.0	0.0	0.0	0.0	0.0	0.0020103	4.232E-4	0.0	0.0033548	0.0010277	5.305E-4	0.0081649	0.0051282	0.006449	0.0050016	0.008056	0.002809	0.0013181	0.0019488	
Bécassine sourde	0.0026913	0.0037092	0.0037453	0.0063809	0.0033123	0.0033103	0.0030511	0.0031307	0.0023822	0.0010347	0.0038777	0.0017593	0.0022279	0.0017501	0.0026464	0.0014597	4.864E-4	1.736E-4	0.0015	0.0	0.0	0.0	0.0	2.743E-4	0.0	0.0	0.0	0.0	0.0	0.0	0.0	0.0	0.0	0.0	0.0	0.0	3.619E-4	2.796E-4	0.0010277	0.003183	0.007776	0.0094675	0.0036276	0.0050016	0.0059545	0.0024077	0.0043937	0.0026797	
Bécasse des bois	0.0013456	0.0012364	0.0014405	0.0023928	0.0021078	0.0012037	0.0012713	7.827E-4	0.0018528	2.587E-4	2.281E-4	1.466E-4	0.0015	0.0	0.0	3.981E-4	0.001297	8.682E-4	0.001275	1.723E-4	5.366E-4	3.092E-4	3.376E-4	5.487E-4	3.705E-4	0.0	3.542E-4	0.0	0.0	0.0015	0.0015	0.0	0.0	0.0	2.872E-4	0.0	0.0	5.591E-4	0.0	7.958E-4	0.0015	3.945E-4	0.0020153	0.001563	0.0024518	0.0032103	0.0013181	0.0021924	
Bécassine double	0.0	0.0	0.0	0.0	0.0	0.0	0.0	0.0	0.0	0.0	0.0	1.466E-4	0.0015	0.0	0.0	2.654E-4	0.0	0.0	2.125E-4	3.445E-4	0.0	0.0	0.0	0.0	0.0	0.0	0.0	0.0	0.0	0.0	0.0	0.0	0.0	0.0	0.0	0.0	0.0	0.0	0.0	0.0	0.0	0.0	0.0	0.0	0.0	0.0	0.0	0.0	
Bécassine des marais	0.0941945	0.0816024	0.0798041	0.0837488	0.1026799	0.0975023	0.086448	0.0949648	0.1074643	0.0941542	0.0757299	0.0617212	0.061868	0.0458523	0.0410189	0.0221603	0.011511	0.0055565	0.0017	0.0012059	0.0	0.0	3.376E-4	0.0	7.41E-4	3.865E-4	3.542E-4	0.0053281	0.0067541	0.0117907	0.0239295	0.0538264	0.075457	0.0759272	0.1028145	0.0787135	0.062975	0.0715684	0.072285	0.0697613	0.0719285	0.0690335	0.0717453	0.0740857	0.0956217	0.0826645	0.0834798	0.0915956	
Gallinago sp.	0.0	2.473E-4	0.0	0.0	0.0	0.0	0.0	0.0	0.0	0.0	0.0	0.0	1.714E-4	0.0	0.0	0.0	0.0	0.0	0.0	0.0	0.0	0.0	0.0	0.0	0.0	0.0	0.0	0.0	0.0	0.0	0.0	0.0	0.0	0.0	0.0	0.0	0.0	0.0	0.0	0.0	0.0	0.0	0.0	0.0	0.0	0.0	0.0	0.0	
Phalarope à bec large	0.0	0.0	2.881E-4	0.0015952	0.0	0.0	0.0	0.0	0.0	0.0	0.0	0.0	0.0	0.0	0.0	1.327E-4	0.0	0.0	0.0	0.0	0.0	0.0	0.0	0.0	0.0	0.0	3.542E-4	0.001963	7.946E-4	0.0029477	0.0015743	0.0	0.0	0.0	2.872E-4	0.0	0.0	0.0	0.0	0.0	0.0	0.0	4.031E-4	0.0	0.0	0.0	0.0	0.0	
Phalarope à bec étroit	0.0	0.0084075	0.0048977	0.0	0.0	0.0	0.0	0.0	0.0	0.0	0.0	0.0	0.0	0.0	0.0	0.0	0.0	0.0	0.0	0.0	0.0	0.0	0.0	0.0	3.705E-4	0.0	3.542E-4	2.804E-4	0.0	0.0	3.149E-4	2.34E-4	0.0	0.0	2.872E-4	0.0	0.0	0.0	0.0	0.0	0.0	0.0	0.0	0.0	0.0	0.0	0.0	0.0	
Chevalier bargette	0.0	0.0	0.0	0.0	0.0	0.0	0.0	0.0	0.0	0.0	0.0	0.0	0.0	0.0	0.0	0.0	0.0014591	3.473E-4	0.0	0.0018949	0.0	0.0015	0.0	0.0	0.0	0.0	0.0	0.0	0.0	0.0	0.0	0.0	0.0	0.0	0.0	0.0	0.0	0.0	0.0	5.305E-4	7.776E-4	0.0015	0.0	0.0	0.0	0.0	0.0	0.0	
Chevalier guignette	0.067474	0.0682493	0.0760588	0.0717846	0.073773	0.0722239	0.0722095	0.0712236	0.086289	0.0737196	0.0723084	0.0659727	0.0742074	0.0868043	0.0916308	0.1246019	0.1066796	0.0678937	0.0371866	0.0089578	0.0040247	0.0034014	0.0050641	0.0096022	0.0237125	0.0533436	0.0818278	0.1250701	0.1462058	0.1495947	0.1372796	0.1593728	0.1645274	0.1378586	0.1889719	0.1529835	0.1107492	0.0919765	0.0602946	0.0596817	0.0594868	0.061144	0.0584442	0.0637699	0.0661996	0.0666132	0.0733743	0.07162	
Chevalier culblanc	0.0840062	0.0778932	0.0849899	0.0835494	0.0797952	0.0833584	0.0851767	0.0907905	0.1148756	0.1109674	0.1113139	0.1196306	0.1053985	0.0715786	0.050612	0.0230892	0.0098898	0.0055565	0.0025499	0.0012059	0.0021465	0.0049474	0.0249831	0.030727	0.0452019	0.0498647	0.0499469	0.0731913	0.08383	0.0869565	0.0938287	0.1228645	0.1240762	0.1172148	0.1415853	0.0947948	0.0684039	0.072407	0.0623501	0.0644562	0.0746501	0.0788955	0.0644901	0.0684589	0.0861646	0.079053	0.0843585	0.0845311	
Chevalier stagnatile	9.612E-4	9.891E-4	0.0031691	0.0027916	0.0024089	0.0024075	0.0043224	0.0054787	0.003441	0.0041386	0.0043339	0.004105	0.006341	0.0066503	0.0072775	0.0046444	0.001297	1.736E-4	0.0	3.445E-4	2.683E-4	0.0	0.0	0.0015	0.0025936	0.0015462	0.0035423	0.0042064	0.0023838	0.0044215	0.0040932	0.0028083	0.0077791	0.0041987	0.0100517	0.0112146	0.0021716	0.0022365	0.0013703	7.958E-4	7.776E-4	0.0015779	0.0	0.0015	3.503E-4	0.0015	0.0	0.0	
Chevalier sylvain	0.0167243	0.0138477	0.0123884	0.0117647	0.0123457	0.0096299	0.01373	0.0172189	0.022234	0.0219865	0.0301095	0.0605483	0.0838046	0.1058803	0.1300033	0.104034	0.0684176	0.0345546	0.0095623	0.0031008	0.0013416	6.184E-4	0.001688	0.0052126	0.0159318	0.0243525	0.0311725	0.0504767	0.0520461	0.068902	0.0761965	0.1027381	0.1077402	0.089923	0.1344055	0.0787135	0.0423453	0.0329885	0.0202124	0.0127321	0.0116641	0.0098619	0.0052398	0.0096905	0.0126095	0.0104334	0.0118629	0.0112058	
Chevalier gambette	0.0371011	0.0274481	0.0331317	0.0315055	0.0328214	0.0391213	0.0424612	0.0568745	0.0680254	0.0768236	0.0764142	0.0904559	0.1105398	0.09958	0.1020509	0.102707	0.0953307	0.0981073	0.0733107	0.0432386	0.0230749	0.0132962	0.0178933	0.0186557	0.024824	0.0224198	0.0357775	0.0389792	0.0329758	0.0283714	0.0330605	0.0468055	0.0443407	0.0374388	0.0677771	0.0598815	0.0332971	0.0215264	0.0174717	0.0164456	0.0139969	0.0126233	0.0104796	0.0146921	0.0227671	0.0264848	0.0202109	0.0314251	
Chevalier à pattes jaunes	0.0	4.946E-4	0.0015	9.97E-4	0.0012045	6.019E-4	0.0022883	0.0031307	0.0021175	0.00388	0.0013686	8.796E-4	8.569E-4	0.0021001	0.0026464	0.0019904	0.0017834	0.0026046	2.125E-4	0.0	2.683E-4	0.0	0.0	0.0	7.41E-4	0.0	3.542E-4	0.0014021	7.946E-4	0.0018423	0.0	0.0	0.0035006	0.0010497	8.616E-4	0.0067711	7.239E-4	0.0030752	0.0010277	0.0	0.0015552	0.0015	0.0	6.252E-4	0.0045534	4.013E-4	0.0021968	0.0017052	
Chevalier arlequin	0.029604	0.0180514	0.031115	0.0249252	0.0240891	0.0246765	0.028477	0.0297417	0.0381154	0.0302638	0.0287409	0.0315203	0.0301628	0.0344767	0.0352299	0.0265393	0.0179961	0.0050356	0.0019125	5.168E-4	0.0010732	3.092E-4	0.0013504	0.0024691	0.0070396	0.0073444	0.0102728	0.0120583	0.0103298	0.0158438	0.0210957	0.0388486	0.0447297	0.0437369	0.0807007	0.0537452	0.0238871	0.0259994	0.0171292	0.0164456	0.0178849	0.0145957	0.0096735	0.0175055	0.0196147	0.0132424	0.013181	0.0221681	
Chevalier gambette ou C. arlequin	0.0	0.0	0.0	0.0	0.0	0.0	0.0	0.0	0.0	0.0	2.281E-4	0.0	0.0	0.0	1.654E-4	1.327E-4	0.0	0.0	0.0	1.723E-4	0.0	0.0	0.0	0.0	0.0	0.0	0.0	0.0	0.0	0.0	0.0	0.0	0.0	0.0	0.0	2.116E-4	0.0	0.0	0.0	0.0	0.0	0.0	0.0	0.0	0.0	0.0	0.0	0.0	
Chevalier aboyeur	0.0759323	0.0504451	0.0702967	0.0673978	0.0608251	0.062895	0.0737351	0.0793112	0.0870831	0.0742369	0.0709398	0.0740361	0.0766067	0.0831292	0.0916308	0.0782909	0.0518807	0.0376802	0.021037	0.011714	0.0040247	0.0058751	0.0064146	0.0074074	0.0085217	0.0177812	0.0322352	0.0485137	0.0488677	0.0541636	0.0661209	0.0950152	0.1236873	0.1081176	0.183228	0.1460008	0.0770901	0.0732457	0.0507023	0.0456233	0.0431571	0.0516765	0.0403063	0.0500156	0.0640981	0.0589888	0.0500879	0.0618758	
Tringa sp.	0.0	0.0	0.0	0.0	0.0	3.009E-4	0.0	0.0	0.0	0.0	4.562E-4	1.466E-4	3.428E-4	3.5E-4	1.654E-4	3.981E-4	0.0	0.0	0.0	0.0	0.0	0.0	0.0	0.0	0.0	0.0	0.0	0.0	0.0	3.685E-4	0.0	0.0	0.0	0.0	0.0	0.0	0.0	0.0	0.0	0.0	0.0	0.0	0.0	0.0	0.0	0.0	0.0	0.0	
Tournepierre à collier	0.0317186	0.0210188	0.0276577	0.0237288	0.0258958	0.0261812	0.0279685	0.0253065	0.0227634	0.0147439	0.0141423	0.0151004	0.0150814	0.0138257	0.0147205	0.0159236	0.0192931	0.0125022	0.0063748	0.0037898	0.0024148	0.0015461	0.001688	0.0016461	0.0033346	0.0034789	0.0035423	0.0047672	0.011919	0.0202653	0.0198363	0.0273812	0.0377285	0.0272918	0.0528432	0.047609	0.0202678	0.0150964	0.0099349	0.0111406	0.0089425	0.0110454	0.0092705	0.0134417	0.0192644	0.0236758	0.0241652	0.0260658	
Bécasseau maubèche	0.002499	9.891E-4	0.0020167	0.001994	9.033E-4	0.0012037	0.0015256	7.827E-4	0.0015881	0.001552	9.124E-4	0.0010262	0.0018852	0.0028001	0.0019848	0.0018577	0.0069715	0.009203	0.0140246	0.0063738	5.366E-4	0.0	0.0	0.0	0.0	0.0	7.085E-4	8.413E-4	7.946E-4	0.0011054	0.0025189	0.0056167	0.0077791	0.0108467	0.0172315	0.0220059	0.0061527	0.0022365	0.0034258	0.0029178	7.776E-4	3.945E-4	4.031E-4	0.0012504	0.0024518	8.026E-4	4.394E-4	0.0014616	
Combattant varié	0.0311419	0.0131058	0.0190147	0.0227318	0.0144535	0.0144448	0.0251716	0.0247848	0.0254103	0.0300052	0.0310219	0.0453013	0.0527849	0.0449772	0.0512736	0.0370223	0.0327497	0.0236152	0.0070123	0.0015504	0.0010732	0.0	6.752E-4	0.0024691	0.0103742	0.0108233	0.0180659	0.032249	0.0250298	0.0324245	0.0421914	0.0706763	0.075457	0.0776767	0.1140149	0.0943716	0.0416214	0.0380207	0.0239808	0.0151194	0.0202177	0.0118343	0.0100766	0.0131291	0.0182137	0.0108347	0.0180141	0.0170524	
Bécasseau falcinelle	0.0	0.0	0.0	0.0	0.0	0.0	0.0	0.0	0.0	0.0	0.0	0.0	0.0	0.0	0.0	3.981E-4	0.001297	0.0013891	0.0	0.0044789	0.0	0.0	0.0	0.0	0.0	0.0	0.0	0.0	0.0	7.369E-4	0.0037783	0.0011701	0.0019448	0.0	0.0	0.0	0.0	0.0	0.0	2.653E-4	0.0	0.0	0.0	0.0	0.0	0.0	0.0	0.0	
Bécasseau à queue pointue	0.0	0.0	0.0	0.0	0.0	0.0	0.0	0.0	0.0	0.0	0.0	0.0	0.0	0.0	0.0	0.0	0.0	0.0	0.0	0.0	0.0	0.0	0.0	0.0	0.0	0.0	0.0	0.0	0.0	0.0	0.0	0.0	0.0	0.0	0.0	0.0	0.0	0.004473	6.852E-4	0.0	0.0	0.0	0.0	0.0	0.0	0.0	0.0	0.0	
Bécasseau cocorli	0.0015379	0.0014837	0.0023048	0.0013958	0.0018067	6.019E-4	0.001017	0.0026089	0.0023822	0.0018107	2.281E-4	0.0049846	0.01491	0.020826	0.0281178	0.0411359	0.0496109	0.0267408	0.0131747	0.0080965	8.049E-4	9.276E-4	0.0	2.743E-4	0.002223	7.731E-4	0.0099185	0.0344924	0.0333731	0.0350037	0.0415617	0.0337	0.0606768	0.0370889	0.066054	0.0425307	0.0162866	0.0106234	0.0061665	0.0029178	0.001944	0.0015779	0.0	0.0012504	0.0014011	0.0020064	8.787E-4	9.744E-4	
Bécasseau de Temminck	0.0019223	0.0024728	0.0023048	0.0033898	0.0018067	0.0012037	0.0022883	0.0028698	0.0031763	0.001552	0.0038777	0.0042516	0.0061697	0.0033252	0.0095931	0.019241	0.017834	0.0104185	0.0053124	6.891E-4	0.0	0.0	0.0	0.0	0.0	3.865E-4	0.0024796	0.0120583	0.0107271	0.0132646	0.018262	0.0297215	0.0318942	0.0262421	0.0571511	0.0222175	0.0054289	0.008946	0.0051387	0.0013263	0.0046656	0.0035503	0.0016123	0.0018756	3.503E-4	4.013E-4	4.394E-4	0.0014616	
Bécasseau rousset	0.0	0.0	0.0	0.0	0.0	0.0	0.0	0.0	0.0	0.0	0.0	0.0	0.0	0.0	0.0	1.327E-4	1.621E-4	1.736E-4	0.0014875	0.0	0.0	0.0	0.0	0.0	0.0	0.0	0.0	0.0	0.0	0.0	0.0	0.0	0.0	0.0013996	0.020965	0.0084638	0.0028954	5.591E-4	0.0	0.0	0.0	0.0	0.0	0.0	0.0	0.0	0.0	0.0	
Bécasseau sanderling	0.0338331	0.0274481	0.0250648	0.0295115	0.0216802	0.0282877	0.0343249	0.0297417	0.0357332	0.0248319	0.0175639	0.0178859	0.0176521	0.0218761	0.0191862	0.0277335	0.0264267	0.0154541	0.0150871	0.0041344	0.0013416	0.0012369	0.0	2.743E-4	0.0011115	0.0011596	0.0010627	0.0033651	0.0043703	0.0070007	0.0094458	0.0131055	0.0190587	0.0153954	0.020965	0.0262378	0.0148389	0.0095052	0.0051387	0.0079576	0.0054432	0.0071006	0.0177348	0.0212566	0.0336252	0.026886	0.0219684	0.0280146	
Bécasseau variable	0.0690119	0.0361029	0.0530107	0.0464606	0.0445649	0.0487511	0.0549199	0.0513958	0.0569084	0.0385411	0.0264599	0.0337194	0.0275921	0.0334267	0.0226596	0.0272028	0.0286965	0.0246571	0.0138122	0.0039621	0.0018782	0.0012369	3.376E-4	0.0010974	0.001482	7.731E-4	0.0053135	0.0182277	0.0270163	0.0412675	0.0528967	0.0643576	0.0960716	0.0794262	0.1298105	0.1174355	0.0684039	0.0606654	0.0431655	0.0342175	0.0361586	0.0402367	0.044337	0.0409503	0.0588441	0.0473515	0.0426186	0.0565164	
Bécasseau violet	0.0132641	0.0064293	0.0048977	0.0021934	0.0042156	0.004514	0.0030511	0.0044352	7.941E-4	0.0010347	9.124E-4	1.466E-4	0.0	0.0	0.0	0.0	0.0	0.0	0.0	0.0	0.0	0.0	0.0	0.0	0.0	0.0	0.0	0.0	0.0	0.0	0.0	0.0	0.0	0.0	0.0	0.0	0.0	0.0	0.0	0.0	0.0	3.945E-4	8.061E-4	6.252E-4	0.0010508	0.0068218	0.0039543	0.0043849	
Bécasseau de Baird	0.0	0.0	0.0	0.0	0.0	0.0	0.0	0.0	0.0	0.0	0.0	0.0	0.0	0.0	0.0	0.0	0.0	0.0	0.0	0.0	0.0	0.0	0.0	0.0	0.0	0.0	0.0	0.0	0.0027811	0.0	0.0	0.0	0.0	0.0	0.0	6.348E-4	0.0032573	0.0041935	0.0	0.0	0.0	0.0	0.0	0.0	0.0	0.0	0.0	0.0	
Bécasseau minute	0.0242215	0.014095	0.0164218	0.0167498	0.0192713	0.018056	0.0231376	0.0237412	0.0217046	0.0152613	0.0152828	0.0205248	0.0200514	0.0250263	0.0243136	0.0352972	0.036965	0.0236152	0.0142371	0.0141258	0.0016099	9.276E-4	0.0	0.0	0.0	0.0019327	0.0038966	0.0263601	0.0317839	0.0453206	0.0598237	0.0629534	0.0855698	0.0640308	0.1016657	0.0848498	0.043793	0.035225	0.0198698	0.0103448	0.0089425	0.0134122	0.0068521	0.0093779	0.0168126	0.0152488	0.016696	0.0158343	
Bécasseau de Bonaparte	0.0	0.0	0.0	0.0	0.0	0.0	0.0	0.0	0.0	0.0	0.0	0.0	0.0	0.0	0.0	0.0	0.0	0.0	0.0	0.0	0.0	0.0	0.0	0.0	0.0	0.0	0.0	0.0	0.0	0.0	0.0	0.0	0.0	0.0	0.0	0.0	0.0	0.0	0.0	0.0	0.0011664	0.0	0.0	0.0	0.0	0.0	0.0	0.0	
Bécasseau tacheté	0.0	0.0015	0.0	0.0	0.0	0.0	0.0	0.0	0.0	0.0	0.0	0.0	0.0	1.75E-4	0.0	1.327E-4	1.621E-4	0.0	8.5E-4	0.0	0.0	0.0	0.0	0.0	0.0	0.0	0.0	2.804E-4	0.0015892	0.0022108	0.0028338	0.0014042	0.0128355	0.0111966	0.0295807	0.0194668	0.0126674	0.0148169	0.0010277	0.0015	0.0	0.0	0.0	0.0	3.503E-4	0.0	0.0	0.0	
Calidris sp. (petit bécasseau sp.)	7.689E-4	2.473E-4	8.643E-4	0.0011964	3.011E-4	6.019E-4	0.0	5.218E-4	0.0013235	2.587E-4	2.281E-4	0.0	3.428E-4	1.75E-4	8.27E-4	5.308E-4	4.864E-4	1.736E-4	0.0	1.723E-4	0.0	0.0	0.0	2.743E-4	0.0	0.0	3.542E-4	2.804E-4	0.0011919	3.685E-4	6.297E-4	7.021E-4	0.0011669	3.499E-4	5.744E-4	6.348E-4	3.619E-4	5.591E-4	0.0010277	5.305E-4	3.888E-4	3.945E-4	4.031E-4	0.0012504	7.005E-4	0.0012039	8.787E-4	9.744E-4	
Calidris sp.	0.0	0.0	0.0	0.0	0.0	0.0	0.0	0.0	0.0	0.0	2.281E-4	0.0	5.141E-4	0.0	1.654E-4	1.327E-4	0.0	0.0	0.0	0.0	0.0	0.0	0.0	0.0	0.0	0.0	0.0	2.804E-4	0.0	0.0	0.0	0.0	3.89E-4	0.0	0.0	0.0	3.619E-4	0.0	0.0	2.653E-4	3.888E-4	0.0	0.0	0.0	3.503E-4	0.0	0.0	2.436E-4	
scolopacidé sp.	0.0	4.946E-4	0.0	0.0	0.0	0.0	0.0	0.0	0.0	0.0	0.0	0.0	0.0	0.0	0.0	0.0	1.621E-4	0.0	0.0	0.0	0.0	0.0	0.0	0.0	0.0	0.0	0.0	0.0	0.0	0.0011054	0.0	0.0	0.0	0.0	0.0	0.0	0.0	0.0	0.0	0.0	0.0	0.0	0.0	3.126E-4	0.0	0.0	0.0	0.0	
grand limicole sp.	0.0	0.0	0.0	0.0	0.0	0.0	0.0	0.0	0.0	0.0	0.0	0.0	0.0	0.0	0.0	1.327E-4	0.0	0.0	0.0	0.0	0.0	0.0	0.0	0.0	0.0	0.0	0.0	0.0	0.0	0.0	0.0	0.0	0.0	0.0	0.0	2.116E-4	7.239E-4	0.0	0.0	0.0	0.0	0.0	0.0	0.0	0.0	0.0	0.0	0.0	
Courvite isabelle	0.0	0.0	0.0	0.0	0.0	0.0	0.0	0.0	0.0	0.0	0.0	0.0	0.0	0.0	0.0	0.0	0.0	0.0	0.0	0.0	0.0	0.0	0.0	0.0	0.0	0.0	0.0	0.0	0.0	0.0	0.0	0.0	0.0	0.0	0.0106261	0.0035971	0.0	0.0	0.0	0.0	0.0	0.0	0.0	0.0	0.0	0.0	0.0	0.0	
Glaréole à collier	0.0	0.0	0.0	0.0	0.0	0.0	0.0	0.0	5.294E-4	0.0	0.0	0.0118751	0.0167952	0.0374519	0.0428382	0.0449841	0.0432879	0.0418475	0.0265618	0.0251507	0.0203917	0.0126778	0.0111411	0.0120713	0.0163023	0.0216467	0.025859	0.0221537	0.0254271	0.023213	0.0229849	0.0428271	0.0353948	0.0150455	0.0235497	0.0063479	0.0014477	0.0	3.426E-4	0.0	0.0	0.0	0.0	0.0	0.0	4.013E-4	0.0	0.0	
limicole sp.	5.767E-4	7.418E-4	2.881E-4	9.97E-4	0.0012045	0.0012037	0.0020341	7.827E-4	0.0010588	0.0012933	9.124E-4	7.33E-4	0.0017138	0.0010501	9.924E-4	0.0011943	0.0019455	0.0020837	8.5E-4	8.613E-4	2.683E-4	9.276E-4	3.376E-4	0.0013717	0.002223	0.0011596	0.0024796	2.804E-4	3.973E-4	3.685E-4	3.149E-4	0.0011701	0.0023337	0.0017495	5.744E-4	0.0016928	0.0025335	0.0019569	0.0010277	0.001061	0.0011664	0.0015779	8.061E-4	9.378E-4	7.005E-4	0.0012039	4.394E-4	2.436E-4	
Labbe à longue queue	0.0	0.0	0.0	0.0	0.0	0.0	0.0	0.0	0.0	0.0	0.0	0.0	0.0	0.0	0.0	0.0	3.243E-4	0.0	0.0	0.0	0.0	0.0	0.0	0.0	0.0015	0.0	0.0	0.0	0.0	0.0	0.0	0.0	0.0	0.0	0.0	0.0	0.0	0.0	0.0	0.0	0.0	0.0	0.0	0.0	0.0	0.0	0.0	0.0	
Labbe parasite	7.689E-4	9.891E-4	0.0023048	1.994E-4	0.00271	0.0030093	0.001017	0.0044352	0.0092642	0.0106053	0.0091241	0.0109955	0.0113111	0.0094505	0.0087661	0.0065021	0.0045396	0.0036465	6.375E-4	8.613E-4	2.683E-4	0.0012369	0.0	0.0	0.0011115	3.865E-4	7.085E-4	0.0	7.946E-4	0.0	3.149E-4	0.0011701	3.89E-4	3.499E-4	0.0011488	0.0023275	0.0010858	0.0013978	3.426E-4	0.0015915	0.0015552	3.945E-4	0.0012092	0.0025008	0.0014011	0.0012039	0.0013181	0.001218	
Labbe pomarin	0.0	0.0	0.0	0.0	0.0	0.0	0.0015	0.0	0.0	0.0	2.281E-4	4.398E-4	0.0017138	0.0043752	0.003308	0.0053079	0.0038911	0.0031255	0.001275	3.445E-4	5.366E-4	3.092E-4	3.376E-4	0.0015	0.0	0.0	0.0	0.0	0.0	0.0	0.0	0.0	0.0	0.0015	0.0015	0.0	0.0	0.0	0.0	0.0	0.0	0.0	0.0	3.126E-4	3.503E-4	0.0	0.0	0.0	
Labbe parasite ou L. pomarin	0.0	0.0	0.0	0.0	0.0	0.0	0.0	0.0	0.0	2.587E-4	0.0	1.466E-4	0.0	1.75E-4	1.654E-4	0.0	0.0	0.0	0.0	1.723E-4	0.0	0.0	0.0	0.0	0.0	0.0	0.0	0.0	0.0	0.0	0.0	0.0	0.0	0.0	0.0	0.0	0.0	0.0	0.0	0.0	0.0	0.0	0.0	0.0	0.0	0.0	0.0	0.0	
Grand Labbe	0.0065359	0.0046983	0.0051858	0.0085743	0.0093345	0.0099308	0.0086448	0.009653	0.0074113	0.0067253	0.0047901	0.0035185	0.003599	0.0035002	0.0011578	3.981E-4	9.728E-4	0.0022573	4.25E-4	5.168E-4	8.049E-4	3.092E-4	0.0	2.743E-4	3.705E-4	3.865E-4	3.542E-4	0.0	0.0	3.685E-4	0.0	0.0	3.89E-4	3.499E-4	2.872E-4	0.0014812	7.239E-4	0.0013978	3.426E-4	5.305E-4	3.888E-4	7.89E-4	0.0036276	0.0018756	0.0038529	0.0040128	0.0043937	0.0070646	
Labbe pomarin, L. parasite ou L. à longue queue	1.922E-4	0.0	2.881E-4	0.0	0.0	0.0	2.543E-4	0.0	2.647E-4	0.0010347	9.124E-4	4.398E-4	3.428E-4	8.75E-4	0.0	1.327E-4	1.621E-4	1.736E-4	4.25E-4	1.723E-4	0.0	0.0	3.376E-4	5.487E-4	0.0	0.0	0.0	0.0	0.0	0.0	0.0	0.0	0.0	3.499E-4	0.0	0.0	0.0	2.796E-4	0.0	2.653E-4	0.0	7.89E-4	4.031E-4	0.0	0.0	4.013E-4	0.0	0.0	
labbe sp. (groupe Catharacta)	0.0	0.0	0.0	0.0	0.0	0.0	0.0	0.0	0.0	0.0	0.0	0.0	0.0	0.0	0.0	0.0	1.621E-4	0.0	0.0	0.0	0.0	0.0	0.0	0.0	0.0	0.0	0.0	0.0	0.0	0.0	0.0	2.34E-4	0.0	0.0	0.0	0.0	0.0	0.0	0.0	0.0	0.0	3.945E-4	0.0	0.0	0.0	0.0	0.0	0.0	
labbe sp.	1.922E-4	0.0	0.0	0.0	0.0	0.0	0.0	0.0	0.0	0.0	0.0	0.0	0.0	0.0	0.0	0.0	0.0	0.0	0.0	0.0	0.0	0.0	0.0	0.0	0.0	0.0	0.0	0.0	0.0	0.0	0.0	0.0	0.0	0.0	0.0	0.0	0.0	0.0	0.0	0.0	0.0	0.0	0.0	0.0	0.0	0.0015	0.0	0.0	
Macareux moine	9.612E-4	4.946E-4	0.0031691	0.0013958	6.022E-4	0.0015047	0.0022883	0.0020871	0.0029116	7.76E-4	0.0013686	0.0030787	0.0010283	0.0028001	0.0011578	0.0022558	0.0019455	0.0013891	8.5E-4	6.891E-4	5.366E-4	3.092E-4	3.376E-4	2.743E-4	3.705E-4	0.0	0.0	0.0015	0.0	0.0	0.0	2.34E-4	0.0	0.0	0.0	0.0	0.0	0.0	0.0	0.0	0.0	0.0	0.0	9.378E-4	3.503E-4	8.026E-4	8.787E-4	7.308E-4	
Pingouin torda	0.0124952	0.0143422	0.0129646	0.0101695	0.0081301	0.0054168	0.0048309	0.0020871	0.0026469	0.002328	0.0031934	0.0038118	0.0022279	0.0038502	8.27E-4	0.0011943	0.0016213	1.736E-4	2.125E-4	0.0	2.683E-4	3.092E-4	3.376E-4	0.0	0.0	0.0	0.0015	0.0	0.0	0.0	0.0	0.0	0.0	0.0	0.0	0.0	0.0	0.0	0.0	0.0	0.0011664	0.0027613	0.0141072	0.0406377	0.0276708	0.0256822	0.0206503	0.0165652	
Alca ou Uria sp.	0.0	0.0	0.0015	0.0	0.0	0.0	2.543E-4	0.0	0.0	0.0	0.0	0.0	0.0	0.0	0.0	0.0	1.621E-4	0.0	0.0	0.0	0.0	0.0	0.0	0.0	0.0	0.0	0.0	0.0	0.0	0.0	0.0	0.0	0.0	0.0	0.0	0.0	0.0	0.0	0.0	0.0	0.0	0.0	0.0	0.0	0.0	0.0	0.0	0.0	
alcidé sp.	0.0	0.0	2.881E-4	1.994E-4	3.011E-4	0.0	0.0	0.0015	0.0	0.0	2.281E-4	0.0	0.0	1.75E-4	1.654E-4	0.0	0.0	0.0	0.0	0.0	0.0	0.0	0.0	2.743E-4	3.705E-4	0.0	0.0	0.0	0.0	0.0	0.0	0.0	0.0	0.0	0.0	0.0	0.0	0.0	3.426E-4	0.0	0.0	0.0015	0.0	0.0	0.0	0.0	0.0	0.0	
Mouette pygmée	0.0030757	0.0019782	0.0046096	0.0041874	0.0045167	0.0036112	0.0043224	0.0122619	0.0074113	0.0142266	0.0159672	0.0219909	0.0205656	0.0313266	0.019517	0.013535	0.0105383	0.0078139	0.0036124	0.0048234	0.0018782	9.276E-4	0.0020257	0.0010974	0.0011115	0.0011596	0.0	8.413E-4	0.0011919	3.685E-4	0.0012594	7.021E-4	0.0023337	0.0013996	0.001436	4.232E-4	0.0	5.591E-4	0.0017129	0.001061	0.001944	0.0015779	0.0024184	0.0053142	0.0035026	0.0032103	8.787E-4	0.0029233	
Mouette tridactyle	9.612E-4	9.891E-4	0.002881	5.982E-4	3.011E-4	0.0015047	5.085E-4	0.0013045	0.0037057	0.0025867	0.0018248	0.0026389	0.001371	0.0024501	3.308E-4	1.327E-4	8.106E-4	8.682E-4	2.125E-4	0.0	0.0	0.0	0.0	0.0	0.0	0.0	0.0	0.0	0.0	0.0	0.0	0.0	0.0	0.0	0.0	2.116E-4	0.0	2.796E-4	3.426E-4	5.305E-4	0.0015	0.0	0.0012092	0.0025008	0.0031524	4.013E-4	0.0017575	7.308E-4	
Mouette de Sabine	0.0	0.0	0.0	0.0	0.0	0.0	0.0	0.0	0.0	0.0	0.0	0.0	0.0	0.0	0.0	0.0	0.0	0.0	0.0	0.0	0.0	0.0	0.0	0.0	0.0	0.0015	0.0	0.0	0.0	0.0	0.0	0.0	0.0015558	0.0017495	0.0020103	2.116E-4	0.0028954	2.796E-4	0.0	0.0	0.0	0.0	0.0	6.252E-4	0.0017513	0.0	0.0	0.0	
Goéland railleur	0.0288351	0.0153314	0.0319793	0.0269192	0.0225836	0.0234728	0.0279685	0.0245239	0.0248809	0.0204346	0.0152828	0.0218443	0.0191945	0.0248512	0.0292756	0.0315817	0.035668	0.029519	0.0182745	0.0191214	0.0139522	0.0111317	0.0202566	0.0153635	0.0163023	0.0224198	0.030464	0.0297252	0.0234406	0.0265291	0.0267632	0.025041	0.0307273	0.0216935	0.0367605	0.0321625	0.0213536	0.0123008	0.0095923	0.0129973	0.005832	0.0067061	0.0096735	0.0156299	0.0248687	0.0228732	0.0197715	0.0255786	
Mouette rieuse	0.2862361	0.268546	0.2736963	0.2504487	0.2604637	0.2747517	0.2560386	0.2436734	0.2527792	0.2322814	0.1922901	0.1740214	0.1561268	0.1517326	0.1314919	0.1329618	0.1256485	0.1119986	0.0760731	0.0771748	0.0657365	0.0513296	0.0786631	0.0754458	0.1078177	0.1260147	0.1416932	0.1646102	0.1613031	0.1687546	0.1756927	0.2007957	0.2240373	0.2144857	0.2952326	0.2678798	0.2001448	0.1979312	0.1688935	0.1777188	0.1792379	0.2059172	0.2059653	0.2503907	0.2914186	0.2784912	0.2539543	0.2745432	
Mouette de Franklin	0.0	0.0	0.0	0.0	0.0	0.0	0.0	0.0	0.0	0.0	0.0	0.0	0.0	0.0	0.0	0.0	0.0	0.0	0.0	0.0	0.0	0.0	0.0	0.0	0.0	0.0	0.0	0.0	0.0	0.0	3.149E-4	4.681E-4	0.0	0.0	0.0	0.0	0.0	0.0	0.0	0.0	0.0	0.0	0.0	0.0	0.0	0.0	0.0	0.0	
Goéland d'Audouin	0.0249904	0.0296736	0.0325555	0.0313061	0.044866	0.0517605	0.071701	0.0850509	0.107729	0.1184687	0.1179288	0.1128867	0.1189374	0.1176059	0.1098247	0.1204883	0.1222438	0.1208543	0.0971101	0.1085271	0.1102764	0.0909091	0.096894	0.0790123	0.0907744	0.100116	0.0913921	0.0810432	0.067938	0.0637436	0.0569899	0.0666979	0.0676779	0.0629811	0.0861574	0.0835802	0.0622512	0.0438915	0.0380267	0.0445623	0.025661	0.0319527	0.0266022	0.0331354	0.0297723	0.0313002	0.0184534	0.0187576	
Mouette mélanocéphale	0.0807382	0.0816024	0.085278	0.0667996	0.0629329	0.0743304	0.0607679	0.067832	0.100847	0.1045008	0.0873631	0.066999	0.0663239	0.0544277	0.048958	0.0456476	0.0327497	0.0274353	0.0165746	0.011714	0.0134156	0.0114409	0.0162053	0.0192044	0.0300111	0.0390414	0.0442791	0.0476725	0.0460866	0.050479	0.0365239	0.0407208	0.0563983	0.0538838	0.0496841	0.0459162	0.0499457	0.0385798	0.0339157	0.0477454	0.0606532	0.052071	0.0544135	0.0872148	0.0795096	0.0870787	0.0786467	0.0699147	
Mouette rieuse ou M. mélanocéphale	0.0	0.0	0.0	0.0	0.0	0.0	0.0	0.0	0.0	0.0	0.0	0.0	0.0	0.0	0.0	0.0	0.0	1.736E-4	0.0	0.0	0.0	0.0	0.0	2.743E-4	0.0	0.0	0.0	0.0	0.0	0.0	0.0	0.0	0.0	0.0	0.0	0.0	0.0	0.0	0.0	0.0	0.0	0.0	0.0	0.0	0.0	0.0	0.0	0.0	
Goéland cendré	0.0053825	0.0071711	0.0077787	0.0061815	0.0072267	0.0042131	0.0038139	0.0031307	0.0039704	0.0028453	0.0025091	0.0014661	0.0010283	0.0010501	3.308E-4	0.001327	0.0019455	6.946E-4	4.25E-4	3.445E-4	0.0	3.092E-4	0.0015	0.0015	0.0	0.0	0.0	0.0	0.0	3.685E-4	0.0	2.34E-4	3.89E-4	0.0015	0.0	0.0	0.0	0.0	0.0010277	5.305E-4	7.776E-4	0.0015	8.061E-4	3.126E-4	0.0035026	8.026E-4	0.0017575	0.0014616	
Goéland pontique	5.767E-4	9.891E-4	0.0025929	0.0017946	0.0015056	0.0021065	0.0020341	0.0015654	0.0039704	0.0033626	0.0029653	0.0027855	0.0025707	0.0015751	0.0014886	0.0014597	1.621E-4	0.0	0.0	0.0	0.0	0.0015	0.0	0.0	0.0	0.0	0.0	0.0	0.0	0.0	0.0	0.0	3.89E-4	0.0	0.0	2.116E-4	0.0	2.796E-4	0.0	0.0	0.0	0.0	4.031E-4	3.126E-4	0.0	0.0015	0.0	9.744E-4	
Goéland argenté	0.0017301	0.0042038	0.005762	0.0033898	0.0018067	0.0021065	0.0015256	0.0018262	0.0029116	0.0012933	2.281E-4	0.0013195	3.428E-4	0.0012251	0.0	1.327E-4	1.621E-4	0.0	0.0	1.723E-4	0.0	0.0	0.0	0.0	0.0	0.0	0.0	0.0	0.0	0.0	0.0	4.681E-4	7.779E-4	0.0	2.872E-4	6.348E-4	0.0	5.591E-4	0.0015	2.653E-4	0.001944	7.89E-4	8.061E-4	0.003126	0.0028021	0.0024077	0.0013181	0.0017052	
Hybride Goéland pontique x G. argenté	0.0	0.0	0.0	0.0	0.0	0.0	2.543E-4	2.609E-4	0.0	0.0	0.0	0.0	0.0	0.0	0.0	0.0	0.0	0.0	0.0	0.0	0.0	0.0	0.0	0.0	0.0	0.0	0.0	0.0	0.0	0.0	0.0	0.0	0.0	0.0	0.0	0.0	0.0	0.0	0.0	0.0	0.0	0.0	0.0	0.0	0.0	0.0	0.0	0.0	
Goéland leucophée	0.4436755	0.4179031	0.4309997	0.4179462	0.4290876	0.430334	0.4113908	0.4166449	0.4438857	0.4614589	0.4582573	0.4316083	0.4318766	0.4317466	0.3939795	0.3987527	0.3855383	0.3955548	0.3285168	0.3531438	0.3227797	0.3042672	0.3453747	0.2888889	0.2986291	0.3111712	0.2848034	0.2938867	0.2808899	0.2608696	0.2673174	0.3126609	0.3648386	0.336599	0.4172889	0.3973762	0.3525154	0.3659491	0.3449812	0.3740053	0.3728616	0.3838264	0.3744458	0.4120038	0.42662	0.4325843	0.4011424	0.4523752	
Goéland pontique ou G. leucophée	0.0	0.0	0.0	0.0	0.0	0.0	0.0	0.0	0.0	0.0	0.0	0.0	0.0	0.0	0.0	0.0	0.0	0.0	0.0	0.0	0.0	0.0	0.0	0.0	0.0	0.0	0.0	0.0	0.0	0.0	0.0	0.0	0.0	0.0	0.0	0.0	0.0	0.0	0.0	0.0	0.0	0.0	0.0	0.0	0.0	0.0	0.0	2.436E-4	
Goéland marin	0.0011534	0.0022255	2.881E-4	0.0015	6.022E-4	3.009E-4	0.0	0.0	0.0015	2.587E-4	0.0	0.0	0.0	1.75E-4	0.0	0.0	0.0	0.0	0.0	0.0	0.0	0.0	0.0	0.0	0.0	0.0	0.0	0.0	0.0	0.0	0.0	0.0	0.0	0.0	0.0	0.0	0.0	0.0	0.0	0.0	0.0	0.0	0.0	0.0	0.0	8.026E-4	0.0	0.001218	
Goéland brun	0.0753556	0.0657765	0.0740421	0.0681954	0.0569106	0.0610894	0.0676329	0.0506131	0.0825834	0.0765649	0.0554288	0.0489664	0.033419	0.0238012	0.0200132	0.0185775	0.0145914	0.0118076	0.0108372	0.0101637	0.0067078	0.0071119	0.013842	0.0071331	0.0085217	0.0092772	0.0102728	0.0114975	0.0166865	0.0239499	0.0333753	0.0620173	0.0898483	0.0685794	0.1309592	0.1180702	0.0618893	0.057031	0.0387119	0.0496021	0.0423795	0.052071	0.0459492	0.059081	0.0700525	0.0702247	0.0632689	0.0665043	
Goéland leucophée ou G. brun	0.0	2.473E-4	0.0	0.0	0.0	0.0	0.0	2.609E-4	0.0	0.0	4.562E-4	0.0	0.0	0.0	0.0	0.0	1.621E-4	1.736E-4	2.125E-4	0.0015	0.0	0.0	0.0	5.487E-4	0.0	0.0	0.0	0.0	0.0	3.685E-4	3.149E-4	4.681E-4	0.0	3.499E-4	0.0	0.0	0.0010858	2.796E-4	0.0	2.653E-4	0.0	0.0	0.0	0.0	0.0	0.0	0.0015	0.0014616	
Goéland à ailes blanches	0.0	0.0	2.881E-4	0.0	0.0	0.0	0.0	0.0	0.0	0.0	0.0	0.0	0.0	0.0	0.0	0.0	0.0	0.0	0.0	0.0	0.0	0.0	0.0	0.0	0.0	0.0	0.0	0.0	0.0	0.0	0.0	0.0	0.0	0.0	0.0	0.0	0.0	0.0	0.0	0.0	0.0	0.0	0.0	0.0	0.0	0.0	0.0	0.0	
goéland sp. (Larus sp.)	0.0038447	0.0034619	0.0031691	0.001994	0.0024089	0.0033103	0.0043224	0.0015654	0.0018528	0.0020693	0.0027372	0.0020525	0.0029135	0.0033252	0.0014886	0.0015924	0.0019455	0.0026046	0.0019125	0.0027562	0.0029514	0.0018553	0.0033761	0.0032922	0.002223	0.0057982	0.006022	0.0050477	3.973E-4	0.0040531	0.0037783	0.0032764	3.89E-4	0.0017495	0.0034463	0.0052899	0.0014477	0.0041935	0.0013703	0.0037135	0.0015552	0.0019724	0.0028214	0.0037512	0.0052539	0.0044141	0.0035149	0.0056029	
goéland ou mouette sp.	0.0044214	0.0029674	0.0043215	0.004985	0.0024089	0.0042131	0.0061022	0.0060005	0.003441	0.0043973	0.0054745	0.0046914	0.0065124	0.0049002	0.0039696	0.0035828	0.0040532	0.0069457	0.0040374	0.005168	0.0050979	0.0021645	0.0047265	0.0079561	0.0062986	0.0069579	0.0024796	0.0036455	0.0015892	0.0073692	0.0040932	0.0030424	0.0027227	0.0038488	0.0022975	0.0048667	0.0039812	0.0053117	0.0037684	0.0071618	0.0050544	0.0059172	0.0052398	0.004689	0.0031524	0.0040128	0.004833	0.0065773	
Sterne naine	0.0	0.0	0.0	0.0	0.0	0.0	0.0	0.0	0.0	0.0	0.0	2.932E-4	1.714E-4	0.0019251	0.0107509	0.0440552	0.0533398	0.0562598	0.0378241	0.0430663	0.038637	0.0281385	0.0381499	0.0249657	0.024083	0.0336297	0.0414453	0.0417835	0.0369487	0.0394252	0.0412469	0.0409548	0.0388954	0.0244927	0.0290063	0.0126957	0.0010858	8.387E-4	0.0	2.653E-4	0.0	0.0	0.0	0.0	0.0	0.0	0.0	0.0	
Sterne hansel	0.0011534	7.418E-4	0.0011524	9.97E-4	3.011E-4	9.028E-4	0.0020341	0.0018262	0.004235	0.0018107	0.0011405	0.0092362	0.0203942	0.0379769	0.0577241	0.0663482	0.0551232	0.0425421	0.0316617	0.0335917	0.0311242	0.0231911	0.0313977	0.024417	0.0281586	0.0351759	0.0414453	0.0462703	0.0297974	0.0206338	0.0160579	0.0177861	0.0155581	0.0090973	0.0100517	0.0082522	0.0028954	0.0011183	0.0010277	2.653E-4	0.0	0.0	0.0	3.126E-4	0.0	4.013E-4	0.0	9.744E-4	
Sterne caspienne	0.0119185	0.0126113	0.0146932	0.0179462	0.0138512	0.0174541	0.0231376	0.0263501	0.0259397	0.0191412	0.0180201	0.0228705	0.0299914	0.0316766	0.0334105	0.0245488	0.0235084	0.0173641	0.0093498	0.008441	0.0099276	0.0074212	0.0131668	0.0082305	0.0133383	0.0146888	0.0177117	0.015143	0.0127135	0.0217391	0.02267	0.033934	0.0497861	0.0423373	0.0941987	0.0973339	0.0264206	0.0229242	0.0099349	0.0068966	0.0027216	0.0031558	0.0012092	0.0043764	0.0070053	0.0060193	0.0065905	0.0136419	
Guifette moustac	0.0165321	0.0049456	0.0106598	0.0093719	0.0114423	0.0057177	0.0096618	0.0109575	0.0227634	0.0137093	0.011177	0.0326932	0.0500428	0.0885544	0.0985776	0.1281847	0.1303502	0.125369	0.0849979	0.0756245	0.0673464	0.0439085	0.0519919	0.0460905	0.0448314	0.0653266	0.0807651	0.0922602	0.0731029	0.091378	0.0966625	0.109993	0.1143524	0.0843247	0.1102814	0.0746932	0.0159247	0.0067095	0.0051387	0.0026525	0.0027216	0.0035503	0.0036276	0.0056268	0.008056	0.0116372	0.0043937	0.0136419	
Guifette noire	0.0	0.0	0.0	0.0	0.0	0.0	0.0	0.0	0.0	0.0	0.0	1.466E-4	0.0017138	0.0047252	0.0036388	0.0098195	0.0176719	0.0125022	0.0070123	0.0053402	0.0024148	0.0040198	0.0047265	0.0065844	0.0081512	0.0131426	0.0184201	0.0207515	0.0170838	0.0151069	0.013539	0.0184882	0.0178919	0.023443	0.0169443	0.0146001	0.0054289	0.0027956	0.0017129	7.958E-4	0.0	3.945E-4	8.061E-4	0.0	0.0	0.0	0.0	0.0	
Guifette leucoptère	0.0	0.0	0.0	0.0	0.0	0.0	0.0	0.0	0.0	5.173E-4	0.0	0.0	0.0010283	5.25E-4	9.924E-4	0.0027866	0.0071336	0.0081611	0.0042499	5.168E-4	0.0010732	3.092E-4	6.752E-4	2.743E-4	0.0	3.865E-4	3.542E-4	0.0025238	0.0035757	0.0018423	0.0012594	0.0037444	0.0019448	0.0013996	0.007467	0.0042319	7.239E-4	0.0	3.426E-4	2.653E-4	0.0	0.0	0.0	0.0	0.0	0.0	0.0	0.0	
guifette sp.	3.845E-4	0.0	0.0	0.0	0.0	0.0	2.543E-4	0.0	0.0	0.0	0.0	0.0	0.0	0.0	3.308E-4	1.327E-4	0.0	1.736E-4	0.0	0.0	2.683E-4	0.0	0.0	0.0	0.0	7.731E-4	0.0	0.0	3.973E-4	0.0	0.0	7.021E-4	3.89E-4	0.0	0.0	6.348E-4	0.0	0.0	0.0	0.0	0.0	0.0	0.0015	0.0	0.0	0.0	0.0	0.0	
Sterne pierregarin	0.0	0.0	0.0	0.0	0.0	0.0	0.0	2.609E-4	0.0010588	0.001552	0.0036496	0.0090896	0.0330763	0.0474274	0.0545815	0.0662155	0.0755512	0.0691092	0.0471738	0.0511628	0.0456131	0.0281385	0.0425388	0.0359396	0.0426084	0.0529571	0.0704924	0.0619742	0.0472785	0.0486367	0.0447103	0.0409548	0.0357837	0.0251924	0.0287191	0.0247567	0.0061527	0.0016774	6.852E-4	7.958E-4	3.888E-4	0.0	0.0016123	0.0	0.0	0.0	0.0	2.436E-4	
Sterne de Dougall	0.0	0.0	0.0	0.0	0.0	0.0	0.0	0.0	0.0	0.0	0.0	0.0	0.0	0.0	0.0	0.0	0.0	0.0	2.125E-4	0.0	0.0	0.0	0.0	0.0	0.0	0.0	0.0	0.0	0.0	0.0	0.0	0.0	0.0	0.0	0.0	0.0	0.0	0.0	0.0	0.0	0.0	0.0	0.0	0.0	0.0	0.0	0.0	0.0	
Sterna sp.	0.0	0.0	0.0	0.0	0.0	0.0	0.0	0.0	0.0	0.0	0.0	0.0	0.0	0.0	0.0	0.0	0.0	0.0	0.0	0.0	0.0	0.0	0.0	0.0	0.0	0.0	0.0	0.0	0.0015	0.0	0.0	0.0	3.89E-4	0.0	0.0	0.0	0.0	0.0	0.0	0.0	0.0	0.0	4.031E-4	0.0	0.0	0.0	0.0	0.0	
Sterne caugek	0.0990004	0.0825915	0.0772112	0.0658026	0.0638362	0.0640987	0.0625477	0.0573963	0.0640551	0.0646663	0.0529197	0.0545375	0.0577549	0.0579279	0.0524314	0.0493631	0.0455577	0.0395902	0.0267743	0.0263566	0.0308559	0.0275201	0.0327481	0.0200274	0.0277881	0.0328566	0.0361318	0.0370163	0.0385379	0.0346352	0.0377834	0.0519541	0.0715675	0.0542337	0.0749569	0.0818874	0.0557365	0.0497624	0.0455635	0.0429708	0.0392691	0.0544379	0.0612656	0.0828384	0.0896673	0.100321	0.077768	0.0745432	
Sterne élégante	0.0	0.0	0.0	0.0	0.0	0.0	0.0	0.0	0.0	0.0	0.0	0.0	3.428E-4	1.75E-4	1.654E-4	0.0015	3.243E-4	0.0	2.125E-4	0.0	2.683E-4	3.092E-4	0.0	0.0	0.0	0.0	3.542E-4	8.413E-4	0.0	0.0	0.0	0.0	0.0	0.0	0.0	2.116E-4	0.0	0.0	0.0	0.0	0.0	0.0	0.0	0.0	0.0	0.0	0.0	0.0	
Sterne voyageuse	0.0	0.0	0.0	0.0	0.0	0.0	0.0	0.0	0.0	0.0	0.0	0.0	0.0	0.0	0.0	0.0	0.0	0.0	0.0	0.0	0.0	0.0	0.0	2.743E-4	0.0	0.0	0.0	0.0	0.0015	0.0	0.0	0.0	0.0	0.0	0.0	0.0	0.0	0.0	0.0	0.0	0.0	0.0	0.0	0.0	0.0	0.0	0.0	0.0	
sterne sp.	1.922E-4	4.946E-4	0.0	0.0	0.0	0.0	0.0	0.0	0.0	0.0	4.562E-4	1.466E-4	0.0022279	0.0012251	9.924E-4	6.635E-4	6.485E-4	0.0013891	0.001275	5.168E-4	0.0024148	6.184E-4	0.001688	0.0019204	7.41E-4	0.0	0.0021254	0.0014021	3.973E-4	0.0025792	6.297E-4	0.0011701	0.0015558	6.998E-4	2.872E-4	0.0016928	0.0018096	0.0022365	3.426E-4	2.653E-4	0.0	0.0	8.061E-4	0.0	0.0	0.0	0.0	0.0	
Flamant rose	0.1095732	0.0895153	0.0953616	0.1090728	0.1144234	0.1086368	0.113908	0.1220976	0.1270513	0.1233833	0.1240876	0.1335581	0.1396744	0.1480574	0.1374462	0.1399947	0.1400778	0.116166	0.0809605	0.0761413	0.0668098	0.0466914	0.0658339	0.0496571	0.0577992	0.0587553	0.0811194	0.0897364	0.0810489	0.0965365	0.0941436	0.1214603	0.1520809	0.1322603	0.2265939	0.1910707	0.1103873	0.0891809	0.064063	0.0607427	0.0517107	0.0485207	0.0556227	0.0662707	0.0952715	0.0886838	0.0931459	0.1123021	
Flamant nain	0.0	2.473E-4	0.0017286	0.0	0.0	3.009E-4	2.543E-4	0.0018262	0.0	0.0	0.0	0.0	0.0	0.0	0.0	0.0	0.0	5.209E-4	0.0015	0.0	0.0	0.0	0.0	0.0	0.0	0.0	0.0	0.0	0.0015	0.0	0.0	0.0	3.89E-4	0.0	0.0	0.0	0.0	0.0	0.0	0.0	0.0	0.0	0.0	0.0	0.0	0.0	4.394E-4	0.0015	
flamant sp.	0.0	0.0	0.0	0.0	0.0	0.0	0.0	0.0	0.0	0.0	0.0	0.0	0.0	0.0	0.0	0.0	0.0	0.0	0.0	0.0	0.0	0.0	0.0	0.0	0.0	0.0	0.0	0.0	0.0	0.0	0.0	0.0	0.0	0.0	0.0	0.0	0.0	0.0	0.0	0.0	0.0	0.0	0.0	0.0	0.0	0.0	0.0	2.436E-4	
Grèbe castagneux	0.1528258	0.1577646	0.1452031	0.1266201	0.1601927	0.1513692	0.1372998	0.1466214	0.1664902	0.1686498	0.1671989	0.1646386	0.1489289	0.1356318	0.116606	0.1130573	0.0954929	0.0899462	0.0824479	0.086994	0.072176	0.0578231	0.0813639	0.0680384	0.0655798	0.0645535	0.0658874	0.0846887	0.0826381	0.0895357	0.0928841	0.1125673	0.1120187	0.1060182	0.1082711	0.1330935	0.121245	0.1327928	0.1226447	0.1251989	0.1380249	0.1321499	0.1233374	0.1306658	0.1502627	0.1396469	0.1309315	0.1544458	
Grèbe esclavon	0.0	7.418E-4	2.881E-4	9.97E-4	9.033E-4	0.0012037	0.0017798	2.609E-4	5.294E-4	5.173E-4	0.0	0.0	0.0	0.0	0.0	0.0	0.0	0.0	0.0	0.0	0.0	0.0	0.0	0.0	0.0	0.0	0.0	0.0	0.0	0.0	0.0	0.0	0.0	0.0	0.0	0.0	0.0	0.0	0.0	0.0	0.0	0.0	0.0	3.126E-4	0.0	0.0015	0.0	2.436E-4	
Grèbe jougris	0.0021146	4.946E-4	0.0011524	0.0013958	0.0	6.019E-4	7.628E-4	0.0	0.0	0.0	0.0	0.0	0.0015	0.0	0.0	0.0	0.0	0.0	0.0	0.0	0.0	0.0	0.0	0.0	0.0	0.0	0.0	0.0	0.0	0.0	0.0	0.0	0.0	0.0	0.0	0.0	0.0	0.0	0.0	0.0	0.0	0.0	0.0	0.0	0.0	0.0	0.0	0.0015	
Grèbe huppé	0.0728566	0.0541543	0.0702967	0.0600199	0.0683529	0.0662052	0.0653445	0.0748761	0.0807305	0.0851009	0.0864507	0.0908958	0.0848329	0.0848792	0.0658286	0.0716561	0.0718223	0.0687619	0.0550361	0.0628768	0.0485645	0.0383426	0.0462525	0.0389575	0.0411263	0.0487051	0.0442791	0.0459899	0.0397298	0.0471629	0.0371537	0.051018	0.0602878	0.0503849	0.0706491	0.0905628	0.0557365	0.0637406	0.0483042	0.0543767	0.0462675	0.0504931	0.0528013	0.0565802	0.0700525	0.0690209	0.0540422	0.0760049	
Grèbe à cou noir	0.0363322	0.0323937	0.0334198	0.0277168	0.0322192	0.0276858	0.0218663	0.0200887	0.0177343	0.0144853	0.0109489	0.004105	0.0027421	0.0049002	9.924E-4	0.0023885	0.0011349	0.0013891	0.0027624	8.613E-4	0.0010732	0.0015	3.376E-4	2.743E-4	3.705E-4	0.0019327	7.085E-4	8.413E-4	3.973E-4	7.369E-4	0.0018892	0.0025743	0.0019448	0.0062981	0.0080414	0.0141769	0.0061527	0.0069891	0.0058239	0.0106101	0.0066096	0.0114398	0.0112858	0.0206314	0.0269702	0.0345104	0.0268014	0.0367844	
Plongeon catmarin	5.767E-4	0.0027201	0.0020167	3.988E-4	3.011E-4	9.028E-4	5.085E-4	0.0	2.647E-4	0.0	0.0	0.0	0.0	0.0	0.0	0.0	0.0	0.0	0.0	0.0	0.0	0.0	0.0	0.0	0.0	0.0	0.0	0.0	0.0	0.0	0.0	0.0	0.0	0.0	0.0	0.0	0.0	0.0	0.0	0.0	0.0	0.0	0.0	0.0	0.0059545	0.0016051	0.0017575	9.744E-4	
Plongeon arctique	0.0082661	0.0086548	0.0037453	0.0051844	0.0069256	0.0054168	0.0033054	0.002348	0.0026469	7.76E-4	0.0011405	7.33E-4	3.428E-4	1.75E-4	1.654E-4	0.0015	0.0015	0.0	0.0	0.0	0.0	0.0	0.0	0.0	0.0	0.0	0.0	0.0	0.0	0.0	0.0	0.0	0.0	0.0	0.0	0.0	0.0	0.0	3.426E-4	0.0	0.0	0.0	0.0	9.378E-4	0.01331	0.0132424	0.008348	0.0087698	
Plongeon imbrin	0.0111496	0.0081602	0.011236	0.0065803	0.0081301	0.0060187	0.0050852	0.0070441	0.0047644	0.003104	4.562E-4	7.33E-4	0.0	1.75E-4	0.0	3.981E-4	0.0	0.0	0.0	0.0	0.0	0.0	0.0	0.0	0.0	0.0	0.0	0.0	0.0	0.0	0.0	0.0	0.0	0.0	0.0	0.0	0.0	0.0	0.0	0.0	0.0	0.0019724	0.0028214	0.003126	0.0087566	0.011236	0.013181	0.0124239	
plongeon sp.	0.0	2.473E-4	2.881E-4	3.988E-4	3.011E-4	3.009E-4	0.0	0.0	0.0	0.0	0.0	1.466E-4	0.0	1.75E-4	0.0	1.327E-4	0.0	0.0	0.0	1.723E-4	0.0	0.0	0.0	0.0	0.0	0.0	0.0	0.0	0.0	0.0	3.149E-4	0.0	0.0	0.0	0.0	0.0	0.0	0.0	0.0	0.0	0.0	0.0	0.0	0.0	7.005E-4	4.013E-4	0.0	4.872E-4	
Océanite de Wilson	0.0	0.0	0.0	0.0	0.0	0.0	0.0	0.0	0.0	0.0	0.0	0.0	0.0	0.0	0.0	0.0	0.0015	0.0	2.125E-4	0.0	0.0015	0.0	0.0	0.0	0.0	0.0	0.0	0.0	0.0	0.0	0.0	0.0	0.0	3.499E-4	0.0	0.0	0.0	0.0	0.0	0.0	0.0	0.0	0.0	0.0	0.0	0.0	0.0	0.0	
Océanite tempête	0.0	0.0	0.0	0.0	0.0	3.009E-4	5.085E-4	2.609E-4	0.0013235	2.587E-4	4.562E-4	0.0014661	0.0010283	0.0035002	0.0026464	0.0071656	0.0094034	0.0083348	0.0036124	0.0068906	0.0050979	0.0098949	0.0040513	0.0021948	0.0025936	0.0034789	7.085E-4	0.001963	3.973E-4	0.0018423	0.0028338	0.0025743	0.0031116	0.0010497	0.0020103	0.0061363	7.239E-4	0.0	3.426E-4	0.0	0.0	7.89E-4	8.061E-4	0.0	0.0	0.0	0.0	0.0	
Puffin cendré	0.0	0.0	0.0	0.0	0.0	0.0	0.0	0.0	0.0	0.0	0.0	0.0	1.714E-4	5.25E-4	1.654E-4	6.635E-4	1.621E-4	0.0	0.0	0.0012059	0.0010732	0.0021645	0.0010128	0.0	3.705E-4	3.865E-4	0.0	0.0	0.0	0.0	0.0	2.34E-4	0.0	0.0	0.0	0.0	0.0	0.0	0.0	2.653E-4	0.0	0.0	0.0015	0.0	0.0	0.0	0.0	0.0	
Puffin de Scopoli	0.0	4.946E-4	0.0	1.994E-4	3.011E-4	0.0	0.0	5.218E-4	0.0031763	0.006208	0.0047901	0.0032253	0.0101114	0.0147007	0.0122395	0.0138004	0.0154021	0.0138913	0.0123247	0.0151593	0.0142206	0.0145331	0.0087779	0.0052126	0.0044461	0.0065713	0.0021254	0.0033651	0.0067541	0.0066323	0.0031486	0.0037444	0.0035006	0.0017495	0.0031591	0.0019044	0.0043431	0.0053117	0.0051387	0.0087533	0.0069984	7.89E-4	8.061E-4	6.252E-4	0.0	0.0	0.0	2.436E-4	
Puffin cendré ou P. de Scopoli	0.0	0.0	0.0	0.0	0.0	0.0	2.543E-4	2.609E-4	2.647E-4	0.0010347	6.843E-4	0.0019059	0.0037704	0.0033252	0.0044658	0.0070329	0.0056744	0.0107658	0.0059499	0.0079242	0.0072444	0.0098949	0.0084402	0.0049383	0.0033346	0.0030924	0.0017712	0.0016826	0.0011919	7.369E-4	0.0028338	0.0030424	0.0027227	0.0010497	8.616E-4	0.0031739	0.0036193	0.0030752	0.0034258	0.003183	0.0023328	3.945E-4	0.0	6.252E-4	0.0	0.0	0.0	0.0	
Puffin majeur	0.0	0.0	0.0	0.0	0.0	0.0	0.0	0.0	0.0	0.0	0.0	0.0	0.0	0.0	0.0	0.0	0.0	0.0	0.0	0.0	0.0	0.0	3.376E-4	0.0	0.0	0.0	0.0	0.0	0.0	0.0	0.0	0.0	0.0	0.0	0.0	0.0	0.0	0.0	0.0	0.0	0.0	0.0	0.0	0.0	0.0	0.0	0.0	0.0	
Puffin fuligineux	0.0	0.0	0.0	1.994E-4	0.0	0.0	0.0	0.0	0.0	0.0	0.0	0.0	0.0	0.0	0.0015	1.327E-4	1.621E-4	0.0	0.0015	0.0	5.366E-4	3.092E-4	3.376E-4	0.0	3.705E-4	0.0	0.0	0.0	0.0	0.0	0.0	0.0	3.89E-4	0.0	0.0	6.348E-4	0.0	0.0	3.426E-4	0.0	0.0	3.945E-4	0.0	0.0	0.0	0.0	0.0	0.0	
Puffin yelkouan	0.011534	0.0145895	0.0121003	0.0083749	0.013249	0.0108336	0.0094076	0.0075659	0.0084701	0.0080186	0.0063869	0.0042516	0.0078835	0.0131257	0.0092623	0.0115446	0.0137808	0.0104185	0.0091373	0.0101637	0.0075127	0.0083488	0.0037137	0.0013717	0.0033346	0.0030924	7.085E-4	2.804E-4	7.946E-4	7.369E-4	6.297E-4	0.0016382	0.0027227	0.0010497	0.0020103	0.002116	0.0054289	0.0019569	0.0061665	0.0066313	0.0089425	0.0067061	0.0052398	0.0106283	0.008056	0.0124398	0.0101054	0.0090134	
Puffin des Baléares	0.0230681	0.0210188	0.0221838	0.0145563	0.0204758	0.0186578	0.0162726	0.0127837	0.0174696	0.0193999	0.0175639	0.0156868	0.0178235	0.0229261	0.0205094	0.0226911	0.0256161	0.022747	0.0174246	0.020155	0.0169037	0.0182437	0.0145172	0.0049383	0.0037051	0.0073444	0.0010627	0.0022434	0.0019865	0.0018423	6.297E-4	9.361E-4	0.0035006	0.0010497	0.0040207	0.0086754	0.0086862	0.0092256	0.0106201	0.0183024	0.0182737	0.0142012	0.012495	0.0190685	0.0196147	0.0236758	0.0193322	0.0146163	
Puffin yelkouan ou P. des Baléares	0.0061515	0.0054402	0.0072025	0.0065803	0.0063234	0.0093289	0.0063565	0.0060005	0.0079407	0.006984	0.004562	0.004105	0.0039417	0.0061253	0.005789	0.0050425	0.0064851	0.0046883	0.0036124	0.0024117	0.0053662	0.004329	0.0047265	0.0024691	0.0029641	0.0023193	7.085E-4	0.0014021	7.946E-4	0.0011054	6.297E-4	4.681E-4	7.779E-4	6.998E-4	2.872E-4	6.348E-4	0.0043431	0.0022365	0.0023981	0.0047745	0.0085537	0.0023669	0.0044337	0.0056268	0.0052539	0.0068218	0.0043937	0.0053593	
Puffinus sp. (noir et blanc)	0.0	2.473E-4	5.762E-4	0.0	0.0	0.0	7.628E-4	0.0	0.0	0.0	2.281E-4	0.0	0.0	0.0	0.0	0.0	0.0	0.0	0.0	0.0	0.0	0.0	0.0	0.0	0.0	0.0	0.0	2.804E-4	0.0	0.0	0.0	0.0	0.0	0.0	0.0	0.0	3.619E-4	0.0	0.0	0.0	0.0	0.0	0.0	0.0	3.503E-4	0.0	0.0	0.0	
Calonectris, Ardenna ou Puffinus sp.	3.845E-4	7.418E-4	5.762E-4	3.988E-4	0.0	3.009E-4	2.543E-4	2.609E-4	0.0	2.587E-4	6.843E-4	7.33E-4	3.428E-4	5.25E-4	6.616E-4	5.308E-4	6.485E-4	8.682E-4	0.001275	1.723E-4	8.049E-4	3.092E-4	0.0	5.487E-4	0.0	7.731E-4	3.542E-4	0.0015	0.0	0.0	3.149E-4	2.34E-4	0.0	3.499E-4	0.0	0.0	7.239E-4	0.0015	3.426E-4	2.653E-4	0.0	0.0011834	8.061E-4	6.252E-4	7.005E-4	4.013E-4	4.394E-4	2.436E-4	
Cigogne noire	0.0055748	0.0027201	0.0063382	0.0081755	0.0018067	0.0021065	0.0035596	0.0010436	0.0013235	0.0010347	0.0013686	0.0010262	0.0010283	0.0012251	3.308E-4	0.0011943	6.485E-4	8.682E-4	4.25E-4	1.723E-4	0.0	0.0	0.0	0.0	0.0	0.0	0.0	0.0	0.0015	3.685E-4	0.0015	0.0011701	0.0031116	0.0069979	0.0051694	0.0086754	0.0032573	0.0036343	0.0051387	0.0029178	0.0023328	0.0043393	0.0012092	0.0025008	0.0035026	0.0032103	0.0030756	0.0063337	
Cigogne blanche	0.0590158	0.0623145	0.0633823	0.0803589	0.0752785	0.0689136	0.0635647	0.0576572	0.0629963	0.0669943	0.067062	0.0650931	0.070437	0.0642282	0.0661594	0.0662155	0.0787938	0.072582	0.0718232	0.0604651	0.0482962	0.0361781	0.0526671	0.0397805	0.0407558	0.0398145	0.030464	0.0372967	0.0429082	0.0431098	0.0390428	0.050784	0.0575651	0.0615815	0.0410684	0.0372408	0.0571842	0.058988	0.0496745	0.0437666	0.0520995	0.0433925	0.044337	0.0425133	0.0640981	0.0601926	0.0509666	0.0621194	
Fou de Bassan	0.0563245	0.0497033	0.0492653	0.045663	0.0460705	0.0514595	0.050089	0.0511349	0.052144	0.0504397	0.0367245	0.0236036	0.0186804	0.0159258	0.0160437	0.0207006	0.0149157	0.0138913	0.0072248	0.0079242	0.0139522	0.0108225	0.0124916	0.0065844	0.0077807	0.0065713	0.0017712	0.0016826	0.0019865	0.0011054	3.149E-4	0.0016382	0.0015558	0.0	0.0017231	0.0027507	0.009772	0.0092256	0.0161014	0.0278515	0.0357698	0.0343195	0.0419186	0.0525164	0.0556918	0.0609952	0.0448155	0.0397077	
Fou brun	0.0	0.0	0.0	0.0	3.011E-4	0.0	0.0	0.0	2.647E-4	0.0	0.0	0.0	0.0	8.75E-4	1.654E-4	0.0	0.0	0.0	0.0	0.0	0.0	0.0	0.0	0.0	0.0	0.0	0.0	0.0	0.0	0.0	0.0	0.0	0.0	0.0	0.0	0.0	0.0	0.0	0.0	0.0	0.0	0.0	0.0	0.0	0.0	0.0	0.0	0.0	
Cormoran pygmée	0.0	0.0	0.0	0.0	0.0	0.0	0.0	0.0	0.0013235	0.0087946	0.0047901	0.0017593	0.0	0.0	0.0	0.0	0.0	0.0	0.0	0.0	0.0	0.0	0.0	0.0	0.0	0.0	0.0	0.0	0.0	0.0	0.0	0.0	0.0	0.0	0.0	0.0	0.0	0.0	0.0	0.0	0.0	0.0	0.0	0.0	0.0	0.0	0.0	0.0	
Grand Cormoran	0.3646674	0.3343225	0.3497551	0.3232303	0.3267088	0.3226001	0.3010425	0.3081137	0.3210693	0.311433	0.2846715	0.2528955	0.2233076	0.1680084	0.1247106	0.0907643	0.0703632	0.0395902	0.0305992	0.0273902	0.0185135	0.0157699	0.0141796	0.0153635	0.0118562	0.0154619	0.0131066	0.0185081	0.0238379	0.036846	0.031801	0.0545284	0.0871256	0.1042687	0.1568064	0.2141346	0.194354	0.2331563	0.2182254	0.2376658	0.2566096	0.2745562	0.2821443	0.3150985	0.3663748	0.361557	0.340949	0.3627284	
Cormoran huppé	0.0330642	0.0328882	0.0242005	0.0159521	0.0189702	0.0198616	0.0122044	0.0083486	0.0134992	0.0106053	0.0095803	0.0068905	0.0078835	0.0098005	0.0066159	0.0120754	0.0152399	0.0189269	0.0191245	0.0204996	0.0217333	0.0207174	0.0185685	0.0161866	0.0237125	0.0185543	0.0141693	0.0148626	0.0135081	0.0132646	0.0100756	0.0156799	0.0163361	0.0174948	0.0192418	0.0220059	0.0184582	0.019849	0.0195272	0.0236074	0.0178849	0.0177515	0.0237807	0.0412629	0.049387	0.0421348	0.0232865	0.0255786	
cormoran sp.	0.0	0.0	2.881E-4	0.0	0.0	0.0	0.0015	2.609E-4	0.0	2.587E-4	0.0	1.466E-4	0.0	0.0	0.0	0.0	0.0	0.0	0.0	0.0	0.0	0.0	3.376E-4	0.0	3.705E-4	0.0	3.542E-4	8.413E-4	0.0	0.0	6.297E-4	0.0	3.89E-4	0.0	0.0	0.0	0.0015	0.0	6.852E-4	0.0	7.776E-4	0.0	8.061E-4	0.0	0.0	0.0	0.0	0.0	
Ibis falcinelle	0.0853518	0.0553907	0.0659752	0.0815553	0.0776874	0.0797472	0.0928045	0.0973128	0.127316	0.1466632	0.1405109	0.1438206	0.1499572	0.1545327	0.1576249	0.149018	0.1318093	0.1130405	0.0869103	0.0997416	0.0906896	0.0606061	0.0837272	0.0713306	0.0878103	0.1055276	0.1027276	0.1354459	0.1215733	0.1389094	0.1297229	0.1589048	0.2026449	0.1571029	0.2607697	0.2109606	0.1024249	0.0872239	0.049332	0.0564987	0.0416019	0.0560158	0.0431278	0.0578306	0.0725044	0.0638042	0.0575571	0.0825822	
Ibis sacré	0.0015	0.0	2.881E-4	3.988E-4	9.033E-4	6.019E-4	0.0	0.0	0.0	0.0	0.0	0.0	0.0	0.0	0.0	0.0015	1.621E-4	0.0	0.0	3.445E-4	0.0	0.0	0.0	0.0	0.0015	0.0	0.0	0.0015	0.0	0.0	0.0	0.0015	0.0	0.0	2.872E-4	0.0	3.619E-4	0.0011183	0.0013703	0.0	0.0	0.0	0.0	0.0015	0.0017513	0.0012039	8.787E-4	4.872E-4	
Ibis chauve	0.0	0.0	0.0	0.0	0.0	0.0	0.0	0.0	0.0	0.0	4.562E-4	5.864E-4	3.428E-4	5.25E-4	8.27E-4	9.289E-4	6.485E-4	3.473E-4	2.125E-4	3.445E-4	0.0015	3.092E-4	0.0	0.0015	0.0015	0.0	0.0	8.413E-4	0.0	3.685E-4	0.0015	0.0015	7.779E-4	0.0020994	2.872E-4	0.0	3.619E-4	0.0019569	3.426E-4	5.305E-4	0.0	0.0	0.0	0.0	0.0	0.0	0.0	0.0	
Spatule blanche	0.0174933	0.0093966	0.0161337	0.0149551	0.0153568	0.0123382	0.0122044	0.0229585	0.0248809	0.0325918	0.0339872	0.0411963	0.0471294	0.0379769	0.0357261	0.038482	0.0330739	0.0267408	0.0220994	0.030491	0.0209284	0.0139147	0.01553	0.0104252	0.0051871	0.0061848	0.0070847	0.0067302	0.0091379	0.0070007	0.0110202	0.0149778	0.0175029	0.0188943	0.0364733	0.0349132	0.0231632	0.0148169	0.0137033	0.0108753	0.007776	0.0086785	0.0024184	0.0084401	0.008056	0.0076244	0.0092267	0.0141291	
Butor étoilé	0.0019223	0.0024728	0.0023048	7.976E-4	0.00271	0.0024075	0.0017798	0.0010436	0.003441	0.0012933	6.843E-4	0.0013195	5.141E-4	0.0028001	1.654E-4	9.289E-4	8.106E-4	8.682E-4	4.25E-4	6.891E-4	0.0015	3.092E-4	0.0013504	0.0	0.0011115	0.0	0.0014169	5.609E-4	3.973E-4	7.369E-4	0.0	7.021E-4	3.89E-4	6.998E-4	0.0011488	8.464E-4	0.0010858	8.387E-4	3.426E-4	5.305E-4	7.776E-4	7.89E-4	0.0012092	6.252E-4	0.0031524	0.0024077	0.0017575	0.0019488	
Blongios nain	0.0082661	0.0071711	0.0092192	0.0045862	0.0069256	0.0057177	0.0053394	0.0052178	0.0087348	0.0100879	0.0059307	0.0080633	0.0083976	0.0112006	0.0155475	0.0279989	0.0353437	0.0399375	0.0274118	0.0477175	0.0410518	0.0340136	0.0489534	0.0375857	0.0403853	0.0502513	0.0456961	0.0510376	0.0444974	0.0449521	0.0497481	0.042125	0.0361727	0.0262421	0.026996	0.0241219	0.0137532	0.0162147	0.0109627	0.0082228	0.0069984	0.0074951	0.0060459	0.0065646	0.0070053	0.0048154	0.0035149	0.0109622	
Bihoreau gris	0.0111496	0.0101385	0.0097954	0.0099701	0.0126468	0.0117364	0.0094076	0.0091312	0.0113817	0.0121573	0.0152828	0.0233104	0.0296487	0.0364018	0.0372147	0.0452495	0.0504215	0.0487932	0.0514237	0.0668389	0.0630534	0.0584416	0.0746117	0.0685871	0.0755835	0.0757634	0.0761601	0.0872126	0.0850219	0.0880619	0.0695844	0.0823777	0.0735123	0.0587824	0.0749569	0.0567076	0.029316	0.0220855	0.0143885	0.0119363	0.0101089	0.0134122	0.0088674	0.0103157	0.0101576	0.0080257	0.0096661	0.0133983	
Aigrette garzette	0.1972318	0.1619683	0.1725727	0.1696909	0.1809696	0.1823653	0.1784897	0.1930603	0.2008999	0.2273668	0.221031	0.2248937	0.2275921	0.2164858	0.2143566	0.2200106	0.2039559	0.1904845	0.1623459	0.1648579	0.1346928	0.1125541	0.1374072	0.1193416	0.1356058	0.1441825	0.1509033	0.1789119	0.1839491	0.2133382	0.1980479	0.254154	0.2909374	0.2645206	0.3380241	0.3264917	0.2334419	0.2035225	0.170949	0.1740053	0.1737947	0.1794872	0.1600161	0.1738043	0.1887916	0.2110754	0.1928822	0.1963459	
Aigrette des récifs	0.0	0.0	0.0	0.0	0.0	0.0	0.0	0.0	0.0	0.0	0.0	0.0	0.0	0.0015	0.0	1.327E-4	1.621E-4	1.736E-4	6.375E-4	0.0075797	0.0026831	0.0030921	0.0037137	0.0024691	0.0040756	0.0023193	0.0021254	0.0025238	0.003973	0.0022108	0.0018892	4.681E-4	0.0015558	3.499E-4	0.0040207	0.0025391	0.0015	0.0	0.0	0.0	0.0	0.0	0.0	0.0	0.0	0.0	0.0	0.0	
Hybride Aigrette garzette x A. des récifs	0.0015	0.0	0.0	1.994E-4	0.0	0.0	0.0	0.0	0.0	0.0	2.281E-4	0.0015	0.0	3.5E-4	0.001654	1.327E-4	0.0	0.0	2.125E-4	0.0	0.0	0.0	0.0	0.0	0.0	3.865E-4	0.0	0.0	3.973E-4	0.0	3.149E-4	4.681E-4	0.0015558	3.499E-4	5.744E-4	6.348E-4	3.619E-4	0.0015	0.0	0.0015	0.0	3.945E-4	0.0015	0.0	0.0	4.013E-4	0.0	0.0	
Aigrette garzette ou A. des récifs	0.0	0.0	0.0	0.0	0.0	0.0	0.0	0.0	0.0	0.0	0.0	0.0	0.0	0.0	0.0	0.0	0.0	0.0	0.0	0.0	0.0	0.0	0.0	0.0	0.0	0.0	0.0	0.0	0.0	0.0	0.0	0.0	0.0	0.0	0.0	0.0	0.0	0.0	0.0	0.0	0.0	0.0	0.0	0.0015	0.0	0.0	0.0	0.0	
Crabier chevelu	0.0034602	0.0012364	0.002881	0.0025922	0.0015056	0.0015047	0.0022883	0.0033916	0.0021175	0.0049146	0.0034215	0.0027855	0.0090831	0.0229261	0.0373801	0.0733811	0.088035	0.0833478	0.0645984	0.0659776	0.0448082	0.028757	0.0391627	0.0312757	0.0322342	0.0494782	0.0559688	0.0687044	0.0711164	0.0740604	0.0739924	0.0901006	0.0902373	0.0657803	0.1013785	0.0658062	0.0246109	0.0081074	0.0037684	0.0037135	0.0015552	0.0023669	0.0020153	0.003126	0.0017513	4.013E-4	0.0021968	0.0014616	
Héron garde-boeufs	0.1039985	0.105094	0.102276	0.0897308	0.0855164	0.0917845	0.0900076	0.0879207	0.1037586	0.1037248	0.1067518	0.1142061	0.1264781	0.1261813	0.1214026	0.1194268	0.1078145	0.0994964	0.0879728	0.0863049	0.0855916	0.0754484	0.0914922	0.079561	0.0907744	0.0989563	0.1027276	0.1281548	0.1319031	0.1296979	0.1297229	0.1600749	0.1831972	0.1658502	0.2171166	0.1845112	0.1523706	0.1478893	0.1277835	0.1331565	0.1283048	0.1510848	0.1434905	0.1366052	0.130648	0.1223917	0.1107206	0.1054811	
Grande Aigrette	0.145521	0.1068249	0.1215788	0.1264207	0.1270702	0.1176648	0.12179	0.1197495	0.1214929	0.1063114	0.0939781	0.0907492	0.0934019	0.0854043	0.0777373	0.0825372	0.0783074	0.0722348	0.0522737	0.0627046	0.0584921	0.0392703	0.0499662	0.0414266	0.049648	0.0595284	0.0704924	0.0731913	0.0699245	0.0803242	0.0777708	0.1095249	0.1373007	0.1196641	0.2053418	0.1995345	0.1093015	0.1149008	0.0883864	0.0944297	0.090591	0.1108481	0.0918984	0.105658	0.1397548	0.1316212	0.115993	0.1383678	
Héron cendré	0.292772	0.2720079	0.2774417	0.2743769	0.2685938	0.2633163	0.2468853	0.2572398	0.2723663	0.2584066	0.2600365	0.2561208	0.2397601	0.2303115	0.212868	0.2085987	0.1987678	0.175204	0.1716957	0.1732989	0.1558895	0.1388374	0.1525996	0.1344307	0.1593183	0.1766525	0.1643642	0.1867639	0.207787	0.2214444	0.2229219	0.271004	0.3096072	0.2904129	0.3736358	0.3673297	0.3065509	0.2980151	0.2631038	0.2649867	0.2534992	0.278501	0.2583636	0.2691466	0.304028	0.2957464	0.279877	0.2928136	
Héron pourpré	0.0	0.0	5.762E-4	0.0	0.0	0.0015	0.0	0.0	0.0013235	0.0010347	0.0102646	0.0451547	0.0810626	0.1060553	0.1065167	0.1141189	0.113489	0.1019274	0.0860603	0.1002584	0.0786155	0.0581323	0.0800135	0.0603567	0.0692849	0.0715114	0.0779313	0.083567	0.0663488	0.0696389	0.0654912	0.0786333	0.0777907	0.0486354	0.0568639	0.0342785	0.014477	0.008946	0.0020555	0.0029178	7.776E-4	0.0011834	0.0020153	0.0018756	0.0017513	8.026E-4	8.787E-4	2.436E-4	
Héron cendré ou H. pourpré	0.0	0.0	0.0	0.0	0.0	0.0	0.0	0.0	0.0	0.0	0.0	0.0	0.0	0.0	0.0	0.0	0.0	0.0015	0.0	0.0	0.0	0.0	0.0	0.0	0.0	0.0	0.0	0.0	0.0	0.0	0.0	0.0	0.0	0.0	0.0	0.0	0.0	0.0	0.0	0.0	0.0	0.0	0.0	0.0	0.0	0.0	0.0	0.0	
ardeidé sp.	3.845E-4	4.946E-4	5.762E-4	0.0	0.0	3.009E-4	0.0	2.609E-4	0.0	0.0015	2.281E-4	0.0	3.428E-4	3.5E-4	1.654E-4	2.654E-4	0.0015	1.736E-4	6.375E-4	1.723E-4	0.0	0.0	0.0	5.487E-4	0.0011115	7.731E-4	3.542E-4	0.0	0.0	0.0	0.0015	2.34E-4	0.0015558	0.0	0.0	0.0	3.619E-4	0.0	0.0	2.653E-4	0.0	3.945E-4	4.031E-4	0.0	3.503E-4	0.0	4.394E-4	0.0	
aigrette ou héron blanc sp.	9.612E-4	4.946E-4	5.762E-4	7.976E-4	6.022E-4	3.009E-4	5.085E-4	0.0013045	7.941E-4	0.0010347	9.124E-4	8.796E-4	0.0011997	0.0015	8.27E-4	5.308E-4	3.243E-4	5.209E-4	2.125E-4	5.168E-4	2.683E-4	9.276E-4	3.376E-4	0.0010974	3.705E-4	7.731E-4	3.542E-4	2.804E-4	0.0015892	0.0011054	6.297E-4	9.361E-4	0.0015558	6.998E-4	8.616E-4	0.0	7.239E-4	0.0011183	3.426E-4	7.958E-4	0.001944	0.0015779	0.0028214	9.378E-4	0.0010508	8.026E-4	4.394E-4	0.0	
Pélican gris	0.0	0.0	0.0	0.0	0.0	0.0	0.0	0.0	0.0	0.0	0.0	0.0	0.0	0.0	0.0	0.0	0.0	0.0	0.0	0.0	0.0	0.0	0.0	0.0	0.0	0.0	0.0	0.0	0.0	0.0	0.0	0.0	0.0	0.0	0.0	0.0	0.0	0.0	0.0	0.0	0.0	0.0	0.0	0.0	3.503E-4	4.013E-4	0.0	0.0	
Balbuzard pêcheur	0.0224913	0.0138477	0.0204552	0.0199402	0.0147546	0.0147457	0.0180524	0.0148709	0.0195871	0.0137093	0.0136861	0.0184724	0.0154242	0.0115506	0.0082699	0.0075637	0.0056744	0.0052092	0.0025499	0.0022394	8.049E-4	0.0012369	3.376E-4	2.743E-4	7.41E-4	3.865E-4	0.0010627	0.0022434	0.0035757	0.00479	0.0097607	0.0229347	0.0509529	0.0510847	0.0913268	0.0926788	0.0452407	0.0273973	0.0212402	0.0249337	0.0128305	0.0134122	0.0112858	0.0146921	0.0182137	0.0188604	0.0175747	0.0207065	
Élanion blanc	7.689E-4	9.891E-4	0.0014405	0.0015952	9.033E-4	0.0	2.543E-4	2.609E-4	0.0	0.0	0.0	2.932E-4	3.428E-4	1.75E-4	0.0	1.327E-4	4.864E-4	0.0	2.125E-4	1.723E-4	0.0	3.092E-4	0.0	0.0010974	0.0011115	3.865E-4	0.0021254	0.0022434	7.946E-4	0.0011054	3.149E-4	0.0015	0.0	3.499E-4	0.0015	4.232E-4	7.239E-4	8.387E-4	0.0015	2.653E-4	3.888E-4	0.0	0.0028214	0.0018756	3.503E-4	0.0020064	8.787E-4	2.436E-4	
Gypaète barbu	0.0061515	0.0093966	0.0060501	0.0089731	0.0123457	0.0102317	0.0109331	0.007305	0.0092642	0.0051733	0.0075274	0.0076235	0.0082262	0.0106755	0.0099239	0.0106157	0.0077821	0.0079875	0.0125372	0.0091301	0.0185135	0.0126778	0.0185685	0.0219479	0.0163023	0.0127561	0.0191286	0.017106	0.011919	0.0206338	0.0151134	0.0140417	0.0073901	0.0104969	0.0057438	0.009945	0.009772	0.0111826	0.0119904	0.0114058	0.0097201	0.0126233	0.0104796	0.0112535	0.0136602	0.0080257	0.0087873	0.0065773	
Percnoptère d'Égypte	0.0	0.0	0.0	0.0	0.0	0.0	0.0	7.827E-4	0.0015881	0.0043973	0.006615	0.0058642	0.006341	0.0075254	0.0071121	0.0086253	0.0098898	0.0088557	0.0112622	0.008441	0.0139522	0.0120594	0.0131668	0.0252401	0.0151908	0.0123695	0.0148778	0.0159843	0.0099325	0.0151069	0.0097607	0.0107653	0.0042785	0.0027992	2.872E-4	0.0014812	0.0015	0.0011183	3.426E-4	0.0	0.0	0.0	4.031E-4	0.0	0.0	0.0	0.0	0.0	
Bondrée apivore	0.0	0.0	0.0	0.0	0.0	0.0	0.0	0.0	0.0	0.0	2.281E-4	5.864E-4	8.569E-4	0.0015751	0.002481	0.0033174	0.021725	0.0196215	0.0237994	0.0124031	0.0077811	0.0083488	0.006077	0.005487	0.0040756	0.004252	0.0063762	0.003926	0.0087406	0.0070007	0.0157431	0.0290194	0.0385064	0.0727782	0.0674899	0.0666526	0.0304017	0.00643	0.004111	0.002122	3.888E-4	3.945E-4	4.031E-4	0.0	0.0	0.0	0.0	0.0	
Vautour moine	5.767E-4	0.0022255	0.0020167	0.0059821	0.0021078	0.0024075	0.0035596	0.0026089	0.0021175	0.0020693	0.0025091	0.0032253	0.0022279	0.0017501	0.0018194	0.0051752	0.0032425	0.0022573	0.0044624	0.003273	0.0053662	0.0055659	0.0027009	0.005487	0.0033346	0.0038655	0.0102728	0.0064498	0.003973	0.0055269	0.0050378	0.0044465	0.0019448	0.0031491	0.0017231	0.0033855	0.004705	0.0025161	0.0020555	0.003183	0.0015552	0.0047337	0.0048368	0.0034386	0.0021016	0.0012039	0.0035149	0.001218	
Vautour de Rüppell	0.0	0.0	0.0	0.0	0.0	0.0	0.0	0.0	0.0	0.0	0.0	0.0	0.0	0.0	0.0	0.0	0.0	0.0	0.0	0.0	0.0	0.0	0.0	0.0	0.0	0.0	0.0	0.0	0.0	0.0	0.0	0.0	0.0	0.0	0.0	0.0	0.0	0.0	0.0	0.0	0.0	3.945E-4	0.0	0.0	0.0	0.0	0.0	0.0	
Vautour fauve	0.0244137	0.024728	0.0230481	0.0348953	0.0373382	0.0337045	0.043224	0.0307853	0.0325569	0.0447491	0.0542883	0.0620144	0.0697515	0.0616031	0.0724446	0.0721868	0.0760376	0.0727557	0.1068848	0.0757967	0.0829085	0.0723562	0.0719109	0.1012346	0.0855873	0.072671	0.100248	0.0863713	0.0842273	0.0899042	0.1017003	0.0776972	0.0478413	0.0605318	0.031591	0.0490901	0.0488599	0.0547945	0.0572114	0.0448276	0.0548212	0.0449704	0.0463523	0.0362613	0.0318739	0.0361156	0.0360281	0.0270402	
vautour sp.	0.0	0.0	0.0	0.0	0.0	0.0	0.0	0.0	0.0	0.0	0.0	0.0	0.0	0.0	0.0	0.0	0.0	0.0	0.0	0.0	0.0	0.0	0.0	0.0	0.0	0.0	0.0	0.0	0.0	0.0	0.0015	0.0	0.0	0.0	0.0	0.0	0.0	0.0	0.0	0.0	0.0	0.0	0.0	0.0	0.0	0.0	0.0	0.0	
Circaète Jean-le-Blanc	0.0	0.0	0.0	0.0	0.0015	3.009E-4	7.628E-4	0.0018262	0.0047644	0.0178479	0.0250912	0.0348922	0.033419	0.0236262	0.0329143	0.041534	0.047179	0.0441049	0.0526987	0.0327304	0.0311242	0.0290662	0.0307225	0.0334705	0.0340867	0.0340162	0.0382572	0.0356141	0.0377433	0.0346352	0.0403023	0.0498479	0.0412291	0.0482855	0.0278576	0.0323741	0.019544	0.0134191	0.0054813	0.002122	0.0027216	0.0011834	0.0012092	0.0	0.0	0.0	0.0	0.0	
Aigle pomarin	0.0	0.0	0.0	0.0	0.0	0.0	0.0	0.0	0.0	0.0	0.0	0.0	0.0	0.0	0.0	0.0	0.0	0.0	0.0	0.0	0.0	0.0	0.0	0.0	0.0	0.0	0.0	0.0	0.0	0.0	0.0	0.0	0.0	0.0	5.744E-4	0.0	0.0	0.0	0.0	0.0	0.0	0.0	0.0	0.0	0.0	0.0	0.0	0.0	
Aigle criard	0.0	0.0	0.0	3.988E-4	0.0015	0.0	0.0	0.0	0.0	0.0	0.0	0.0	0.0	0.0	0.0	1.327E-4	0.0	0.0	0.0	0.0	0.0	0.0	0.0	0.0	0.0	0.0	0.0	0.0	0.0	0.0	0.0	0.0	0.0	0.0	0.0	0.0	0.0	0.0	0.0	0.0018568	0.0	0.0	0.0015	0.0	0.0	0.0	0.0	0.0	
Aigle botté	0.0209535	0.0145895	0.0193028	0.018345	0.0177657	0.0150466	0.0193237	0.016958	0.0142933	0.0121573	0.0118613	0.0178859	0.0188518	0.0133007	0.01869	0.0176486	0.0196174	0.0175378	0.0265618	0.0208441	0.0230749	0.017316	0.0145172	0.0255144	0.022601	0.023966	0.0237336	0.022995	0.0214541	0.023213	0.0333753	0.0388486	0.0276157	0.0461861	0.0301551	0.037664	0.0282302	0.021806	0.0239808	0.0244032	0.0174961	0.0244576	0.0161225	0.0212566	0.0227671	0.0120385	0.0144991	0.0202192	
Aigle ibérique	0.0	0.0	0.0	0.0	0.0	0.0015	0.0015	0.0	0.0015	0.0	0.0	1.466E-4	0.0	3.5E-4	0.0	1.327E-4	0.0011349	8.682E-4	8.5E-4	3.445E-4	0.0010732	0.0	0.0015	0.0	0.0	0.0	0.0	0.0011217	0.0	3.685E-4	9.446E-4	0.0	0.0	0.0015	2.872E-4	0.0	0.0	0.0015	6.852E-4	0.0	7.776E-4	0.0	0.0012092	0.0	0.0	0.0	0.0	0.0	
Aigle royal	0.0038447	0.0086548	0.0092192	0.0101695	0.0111412	0.0096299	0.007882	0.0093921	0.0060879	0.00776	0.0102646	0.0087964	0.0107969	0.0108505	0.0112471	0.0120754	0.010214	0.0085084	0.0146621	0.008441	0.0123424	0.008658	0.0135044	0.0123457	0.0114857	0.0100503	0.0120439	0.015143	0.0139054	0.0169492	0.0160579	0.0196583	0.0097238	0.0129461	0.0066054	0.0137537	0.0104958	0.0128599	0.0126756	0.0127321	0.0139969	0.0110454	0.0153164	0.0059394	0.0091068	0.0096308	0.0118629	0.0051157	
Aigle de Bonelli	0.002499	0.0076657	0.002881	0.0065803	0.0048178	0.0048149	0.0071192	0.0067832	0.0044997	0.008536	0.0057026	0.0070371	0.0070266	0.0101505	0.0062851	0.0086253	0.0082685	0.0057302	0.0059499	0.0037898	0.0034881	0.0030921	0.0040513	0.0030178	0.002223	0.0030924	0.0031881	0.0030847	0.0015892	0.0025792	0.0018892	0.0023403	0.0105018	0.0115465	0.0083285	0.0084638	0.0101339	0.004473	0.0051387	0.0047745	0.0054432	0.0071006	0.0096735	0.0053142	0.0045534	0.0076244	0.0026362	0.0051157	
Aquila sp.	0.0	0.0	0.0	0.0	0.0	3.009E-4	0.0	0.0	0.0	5.173E-4	0.0	0.0	0.0	3.5E-4	0.0	2.654E-4	1.621E-4	3.473E-4	2.125E-4	1.723E-4	2.683E-4	0.0	3.376E-4	0.0	0.0	3.865E-4	0.0	0.0	3.973E-4	0.0	0.0	4.681E-4	0.0	3.499E-4	2.872E-4	4.232E-4	0.0	2.796E-4	0.0	5.305E-4	0.0	0.0	0.0015	0.0	0.0	0.0	0.0	0.0	
Épervier d'Europe	0.0413303	0.0489614	0.0481129	0.0432702	0.042156	0.0385194	0.0416984	0.0420037	0.0428798	0.0408691	0.0421989	0.039437	0.0351328	0.0213511	0.0175323	0.0110138	0.0105383	0.0064247	0.0074373	0.0055125	0.0072444	0.008658	0.0040513	0.0071331	0.0096332	0.0065713	0.0053135	0.0067302	0.0103298	0.0114223	0.0173174	0.0332319	0.0435628	0.0727782	0.0554279	0.0674989	0.0716612	0.0550741	0.0633779	0.0594164	0.0625972	0.0729783	0.0596534	0.0525164	0.0605954	0.0485554	0.0474517	0.0504263	
Autour des palombes	0.0232603	0.0252226	0.0244886	0.0245264	0.0180668	0.0249774	0.0175439	0.0190451	0.0243515	0.0240559	0.0253193	0.0237502	0.023479	0.0113756	0.0143897	0.0128715	0.0123217	0.0093766	0.0138122	0.0086133	0.0080494	0.0095857	0.0091155	0.0079561	0.0103742	0.0112099	0.0095643	0.0075715	0.0087406	0.0151069	0.0173174	0.0269132	0.0357837	0.0381386	0.034463	0.036606	0.0401737	0.0290746	0.0325454	0.0387268	0.0330482	0.0323471	0.0306328	0.0259456	0.0206655	0.0236758	0.0193322	0.0190012	
Épervier d'Europe ou Autour des palombes	0.0	0.0	2.881E-4	0.0015	0.0	0.0	2.543E-4	0.0	0.0	0.0	0.0	0.0	0.0	0.0	0.0	0.0	0.0	0.0	0.0	0.0	0.0	0.0	0.0	0.0	0.0	0.0	0.0	0.0	3.973E-4	0.0	0.0	0.0	0.0	0.0	0.0	0.0	0.0	0.0	0.0	0.0	0.0	3.945E-4	0.0	0.0	0.0	0.0	0.0	0.0	
Aerospiza, Tachyspiza, Accipiter ou Astur sp.	0.0	2.473E-4	2.881E-4	1.994E-4	9.033E-4	0.0	2.543E-4	0.0	0.0	0.0010347	4.562E-4	2.932E-4	0.0	0.0	0.0	0.0	0.0	1.736E-4	2.125E-4	0.0	5.366E-4	6.184E-4	0.0	0.0	0.0	0.0	0.0	0.0	0.0	3.685E-4	0.0	0.0	0.0	0.0	2.872E-4	6.348E-4	0.0	0.0	0.0	0.0	0.0	3.945E-4	4.031E-4	3.126E-4	0.0	0.0	0.0	0.0	
Busard des roseaux	0.1993464	0.1656775	0.1596082	0.1802592	0.192713	0.1631056	0.1680651	0.1834073	0.1895183	0.2022763	0.2016423	0.2055417	0.1792631	0.1541827	0.1425736	0.1309713	0.1267834	0.1024483	0.1039099	0.0739018	0.0598336	0.0473098	0.0482782	0.0447188	0.0437199	0.0456127	0.0541977	0.0591699	0.0512515	0.0652174	0.0721033	0.1230985	0.176196	0.1980406	0.2696726	0.2839611	0.1929063	0.1805983	0.1438849	0.1506631	0.151633	0.1621302	0.1370415	0.1500469	0.1908932	0.182183	0.1586116	0.1807552	
Busard Saint-Martin	0.0078816	0.0071711	0.0066263	0.0053838	0.0084312	0.0060187	0.0043224	0.0052178	0.0039704	0.003104	0.0061588	0.004105	0.0018852	0.0017501	0.001654	2.654E-4	3.243E-4	3.473E-4	2.125E-4	1.723E-4	0.0015	3.092E-4	0.0015	5.487E-4	0.0	0.0	0.0	0.0	0.0	0.0	3.149E-4	4.681E-4	3.89E-4	6.998E-4	8.616E-4	0.0014812	3.619E-4	0.0019569	0.0023981	0.0015915	0.0046656	0.0039448	0.0044337	0.0056268	0.0070053	0.0076244	0.0052724	0.0048721	
Busard pâle	0.0	0.0	0.0	0.0	0.0	0.0	0.0	0.0	0.0	0.0	2.281E-4	0.0010262	6.855E-4	1.75E-4	3.308E-4	2.654E-4	3.243E-4	0.0	0.0	0.0	0.0	0.0	0.0	0.0	0.0	0.0	0.0	0.0	0.0	0.0	0.0	0.0	0.0	3.499E-4	0.0	0.0012696	3.619E-4	5.591E-4	3.426E-4	0.0015915	0.0	0.0	0.0	0.0015	0.0015	0.0	0.0	0.0	
Busard cendré	0.0	0.0	0.0	0.0	0.0	0.0	0.0	0.0	2.647E-4	5.173E-4	4.562E-4	0.0033719	0.0097686	0.0105005	0.0163745	0.0208333	0.0238327	0.015975	0.0199745	0.013609	0.0131473	0.0080396	0.0050641	0.0060357	0.0055576	0.0065713	0.0067304	0.0061694	0.0027811	0.0058954	0.0103904	0.0133396	0.0159471	0.0171449	0.007467	0.0055015	0.0010858	5.591E-4	0.0	0.0	0.0	0.0	0.0	0.0	0.0	0.0	0.0	0.0	
busard sp.	0.0015	0.0	2.881E-4	0.0	0.0	0.0	0.0	0.0	0.0	0.0	2.281E-4	0.0015	6.855E-4	5.25E-4	3.308E-4	2.654E-4	0.0	1.736E-4	2.125E-4	1.723E-4	0.0	0.0	0.0	0.0	3.705E-4	0.0	0.0	0.0	0.0	0.0015	3.149E-4	7.021E-4	0.0	0.0010497	0.001436	0.0016928	0.0	8.387E-4	3.426E-4	7.958E-4	3.888E-4	3.945E-4	0.0	0.0015	3.503E-4	4.013E-4	0.0	0.0	
Milan royal	0.0342176	0.0417903	0.0391818	0.0522433	0.0505872	0.0361119	0.0447496	0.0453953	0.0439386	0.055613	0.0554288	0.0511655	0.0485004	0.0355268	0.0408535	0.0360934	0.0384241	0.0288244	0.0401615	0.0265289	0.0254897	0.0185529	0.0135044	0.0186557	0.0174139	0.0170081	0.0162947	0.0165451	0.0158919	0.0180545	0.0258186	0.0245729	0.0175029	0.0181945	0.0126364	0.0230639	0.0332971	0.041655	0.0465913	0.0461538	0.05521	0.0512821	0.0463523	0.0387621	0.0434326	0.04374	0.0351494	0.0362972	
Milan noir	9.612E-4	2.473E-4	0.0011524	0.0025922	0.0015056	0.0027084	0.0017798	0.007305	0.0137639	0.0356958	0.0563412	0.067732	0.0827763	0.0687784	0.0808799	0.0812102	0.0928988	0.0876888	0.1002975	0.0771748	0.067883	0.0565863	0.0563808	0.0545953	0.050389	0.0537302	0.0573858	0.0445878	0.0397298	0.0324245	0.0346348	0.025509	0.0198366	0.0206438	0.012062	0.0093102	0.004705	0.0041935	6.852E-4	0.001061	0.0011664	7.89E-4	8.061E-4	9.378E-4	0.0010508	0.0012039	8.787E-4	9.744E-4	
Milan royal ou M. noir	1.922E-4	0.0	0.0	0.0015	0.0	0.0015	0.0015	2.609E-4	5.294E-4	0.0015	2.281E-4	7.33E-4	3.428E-4	1.75E-4	4.962E-4	1.327E-4	3.243E-4	5.209E-4	8.5E-4	1.723E-4	5.366E-4	3.092E-4	6.752E-4	2.743E-4	0.0015	0.0	7.085E-4	2.804E-4	0.0	7.369E-4	0.0015	0.0	0.0	0.0	0.0	6.348E-4	7.239E-4	2.796E-4	0.0	0.0	0.0	0.0	0.0	0.0	3.503E-4	4.013E-4	0.0	2.436E-4	
Pygargue à queue blanche	0.0030757	7.418E-4	0.0	0.0	0.0	0.0015	0.0	0.0	0.0	0.0	0.0	0.0	0.0	0.0	0.0	0.0	0.0	0.0	0.0	0.0	0.0	0.0	0.0	0.0	0.0	0.0	0.0	0.0	0.0	0.0	0.0	0.0	0.0	0.0	0.0	0.0	0.0	0.0	0.0	0.0	0.0	0.0	0.0	0.0	0.0042032	0.0024077	0.0	0.0048721	
Buse de Harris	0.0015	0.0	0.0	0.0	0.0	0.0	0.0	2.609E-4	0.0	0.0	0.0	0.0015	0.0	0.0015	0.0	0.0015	0.0015	0.0	0.0	0.0	0.0	0.0	0.0	0.0	0.0	0.0015	0.0015	0.0	0.0	0.0	0.0	0.0	0.0	0.0	0.0	0.0015	0.0	0.0	0.0	2.653E-4	0.0	0.0	0.0	0.0	0.0	0.0	0.0	0.0	
Buse variable	0.1689735	0.1780415	0.1691155	0.17667	0.176754	0.1718327	0.1629799	0.1575789	0.1556379	0.1585618	0.1603558	0.1447002	0.1468723	0.1170809	0.116606	0.1046975	0.1136511	0.1040111	0.1238844	0.0833764	0.0855916	0.0881262	0.0759622	0.0839506	0.0696554	0.0749903	0.0665958	0.0734717	0.0786651	0.0795873	0.0976071	0.1088228	0.1170751	0.1343597	0.0878805	0.1136267	0.1252262	0.1381046	0.1401165	0.1564987	0.161353	0.1759369	0.1692866	0.1638012	0.185289	0.1717496	0.1717926	0.1744214	
Buse féroce	5.767E-4	0.0015	8.643E-4	0.0015952	0.0018067	9.028E-4	0.001017	0.0015654	0.0015	7.76E-4	4.562E-4	0.0011728	3.428E-4	1.75E-4	4.962E-4	2.654E-4	8.106E-4	1.736E-4	0.0	0.0	0.0	0.0	0.0	0.0	0.0	0.0	0.0	0.0	0.0	0.0	0.0	0.0	0.0	0.0	0.0	0.0	0.0	0.0	0.0	0.0055703	0.0023328	7.89E-4	4.031E-4	0.001563	0.0021016	4.013E-4	4.394E-4	0.0	
Buse variable ou B. féroce	0.0	0.0	0.0	0.0	0.0	0.0	0.0015	0.0	0.0	0.0	0.0	1.466E-4	0.0	0.0	0.0	0.0	0.0	0.0	0.0	0.0	0.0	0.0	0.0	0.0	0.0	0.0	0.0	0.0	0.0	0.0	0.0	0.0	0.0	0.0	0.0	0.0	0.0	0.0	0.0	0.0	0.0	0.0	0.0	0.0	0.0	0.0	0.0	0.0	
Buteo sp.	0.0	0.0	0.0	0.0	0.0	0.0	0.0	0.0	0.0	0.0	0.0	0.0	0.0	0.0	0.0	1.327E-4	0.0	1.736E-4	0.0	0.0	0.0	0.0	0.0	0.0	0.0	0.0	0.0	0.0	0.0	0.0	0.0	0.0	3.89E-4	0.0	0.0	0.0	0.0	0.0	0.0	0.0	0.0	0.0	0.0	0.0	0.0	0.0	0.0	0.0	
rapace sp.	3.845E-4	4.946E-4	5.762E-4	0.0013958	0.0012045	9.028E-4	0.001017	0.0010436	5.294E-4	5.173E-4	6.843E-4	5.864E-4	0.0017138	5.25E-4	9.924E-4	6.635E-4	3.243E-4	6.946E-4	8.5E-4	5.168E-4	0.0013416	3.092E-4	3.376E-4	0.0010974	7.41E-4	3.865E-4	0.0	8.413E-4	0.0011919	0.0011054	9.446E-4	0.0018722	0.0027227	0.0024493	0.0034463	0.0029623	0.0014477	0.0025161	6.852E-4	0.0015915	7.776E-4	3.945E-4	0.0012092	6.252E-4	0.0010508	0.0016051	0.0017575	9.744E-4	
aigle ou pygargue sp.	0.0	0.0	0.0	5.982E-4	0.0	3.009E-4	2.543E-4	0.0010436	0.0	2.587E-4	2.281E-4	1.466E-4	8.569E-4	5.25E-4	1.654E-4	1.327E-4	0.0	1.736E-4	2.125E-4	0.0	0.0	0.0	0.0	0.0	0.0	3.865E-4	0.0	0.0	0.0	0.0011054	0.0	2.34E-4	7.779E-4	0.0013996	0.0020103	8.464E-4	0.0010858	5.591E-4	0.0	2.653E-4	0.0	0.0	4.031E-4	3.126E-4	0.0	0.0015	0.0	0.0	
Effraie des clochers	0.002499	0.0022255	0.0031691	0.0027916	0.0024089	0.0024075	0.0030511	0.0031307	0.0021175	0.002328	0.0018248	0.0026389	0.0010283	0.0029751	0.0021502	0.0014597	0.0024319	0.002431	0.0027624	0.0027562	0.0024148	0.0015461	0.0023633	0.0030178	0.001482	0.004252	0.0024796	0.0033651	0.003973	0.0029477	0.0044081	0.0032764	0.0058343	0.0013996	0.0037335	0.0040203	0.0021716	0.0027956	0.0027407	0.0034483	0.003888	0.0067061	0.0028214	0.004689	0.0045534	0.0032103	0.0013181	0.0026797	
Petit-duc scops	0.0021146	0.0024728	0.0020167	9.97E-4	0.0015056	0.0015047	0.0017798	0.0028698	0.0018528	0.0041386	0.0057026	0.0090896	0.0167952	0.019076	0.0205094	0.0224257	0.0308042	0.0296927	0.0186995	0.0211886	0.0115374	0.0136054	0.0108035	0.011797	0.0118562	0.0112099	0.0131066	0.011217	0.0123162	0.008843	0.0053526	0.0044465	0.0046674	0.0031491	0.0077542	0.0055015	0.0025335	0.0022365	0.0037684	0.0037135	0.001944	0.0019724	4.031E-4	0.001563	0.0010508	4.013E-4	4.394E-4	2.436E-4	
Grand-duc d'Europe	0.0042291	0.0049456	0.005762	0.0115653	0.007829	0.0039121	0.0066107	0.0060005	0.0060879	0.0059493	0.0061588	0.0030787	0.0037704	0.0029751	0.0046312	0.0054406	0.0035668	0.0057302	0.0055249	0.0029285	0.0029514	0.0027829	0.0020257	0.0035665	0.0018525	0.0050251	0.0035423	0.0022434	0.0011919	0.0025792	0.0012594	0.0016382	0.0015558	0.0020994	0.0011488	0.002116	0.0036193	0.0050321	0.0037684	0.0026525	0.0031104	0.0027613	0.0056429	0.0034386	0.0028021	0.0040128	0.0079086	0.0046285	
Chevêche d'Athéna	0.0126874	0.0170623	0.0164218	0.0169492	0.0180668	0.0144448	0.0180524	0.0159144	0.018793	0.0186239	0.022354	0.0199384	0.0200514	0.020301	0.0201786	0.0201699	0.0225357	0.0194478	0.0267743	0.0232558	0.0244164	0.0250464	0.0290344	0.0213992	0.0266765	0.0270584	0.0223167	0.0235558	0.0190703	0.018423	0.018262	0.0196583	0.0237262	0.0185444	0.0155083	0.0158697	0.0180963	0.0187308	0.0267215	0.0183024	0.0217729	0.0244576	0.0145103	0.0150047	0.0143608	0.0128411	0.0153779	0.0119367	
Chouette hulotte	0.0053825	0.0037092	0.0031691	0.0067797	0.0069256	0.0081252	0.0055937	0.0052178	0.0037057	0.0051733	0.0043339	0.0045448	0.0056555	0.0061253	0.0067813	0.007431	0.0095655	0.0079875	0.0080748	0.0079242	0.0126107	0.0064935	0.0084402	0.0109739	0.0074102	0.0088906	0.0085016	0.0081324	0.0099325	0.0077377	0.0107053	0.008659	0.0093349	0.0048985	0.0057438	0.0067711	0.0137532	0.0092256	0.0102775	0.0087533	0.0062208	0.0078895	0.0080613	0.006252	0.0042032	0.0044141	0.0092267	0.0097442	
Hibou moyen-duc	0.0034602	0.0049456	0.0034572	0.0061815	0.0039145	0.0018056	0.0040681	0.0060005	0.0031763	0.0025867	0.0041058	0.0043982	0.0065124	0.0066503	0.0087661	0.0094214	0.0160506	0.0104185	0.0080748	0.0060293	0.004293	0.0046382	0.0020257	0.0046639	0.0029641	0.0027058	0.0035423	0.0016826	0.0015892	0.0022108	6.297E-4	4.681E-4	7.779E-4	0.0010497	0.001436	0.0014812	0.0010858	0.0011183	0.0020555	0.0026525	0.0023328	0.0023669	0.0020153	0.0053142	0.0042032	0.0048154	0.0035149	0.0043849	
Hibou des marais	0.003268	0.0027201	0.0017286	0.0045862	0.0033123	0.0015047	0.0020341	0.0033916	0.0026469	0.0012933	0.0011405	0.0010262	0.001371	3.5E-4	3.308E-4	0.0015	4.864E-4	1.736E-4	0.0015	0.0	0.0015	0.0	0.0	2.743E-4	0.0	0.0	0.0	0.0	3.973E-4	0.0	0.0	0.0	0.0015	0.0	5.744E-4	0.0016928	7.239E-4	0.0013978	0.0010277	0.0013263	7.776E-4	0.0019724	4.031E-4	0.0015	7.005E-4	0.0015	0.0017575	0.0014616	
Asio sp.	0.0	0.0	0.0	0.0	0.0	0.0	0.0	2.609E-4	0.0	0.0	0.0	0.0	0.0	0.0	0.0	0.0	0.0	0.0	0.0	0.0	0.0	0.0	0.0	0.0	0.0	0.0	0.0	0.0	0.0	0.0	0.0	0.0	0.0	0.0	0.0	0.0	0.0	0.0	0.0	0.0	0.0	0.0	0.0	0.0	0.0	0.0	0.0	2.436E-4	
Chouette de Tengmalm	0.0	0.0	0.0	0.0	3.011E-4	0.0	0.0	0.0	0.0015	0.0	0.0	2.932E-4	3.428E-4	5.25E-4	1.654E-4	5.308E-4	8.106E-4	0.0019101	8.5E-4	3.445E-4	2.683E-4	3.092E-4	6.752E-4	5.487E-4	0.0	0.0015	0.0	0.0	0.0	3.685E-4	3.149E-4	0.0	0.0	0.0	0.0	0.0	0.0	0.0	0.0	0.0	0.0	0.0	0.0	0.0	0.0	0.0	0.0	0.0	
Huppe fasciée	0.0976547	0.0966864	0.0861423	0.0993021	0.0978621	0.0746314	0.0841597	0.0936603	0.1066702	0.1311433	0.1494069	0.1663979	0.1958869	0.2056353	0.208733	0.2127123	0.2211414	0.2146206	0.219082	0.2024117	0.1819157	0.1595547	0.1316678	0.1325103	0.1289366	0.1144182	0.1126461	0.104599	0.0989273	0.0998526	0.10233	0.1235666	0.1369117	0.1028691	0.0898909	0.0801947	0.0915671	0.0779983	0.0921548	0.1026525	0.1049767	0.1120316	0.0906892	0.1053454	0.0977233	0.1071429	0.0988576	0.09257	
Guêpier d'Europe	0.0	0.0	0.0	0.0	0.0	0.0	0.0	0.0	0.0	0.0	2.281E-4	0.0026389	0.0332476	0.059503	0.1093285	0.1561837	0.2329767	0.202813	0.1891203	0.1478036	0.118594	0.1215213	0.1201891	0.1294925	0.1315302	0.1383842	0.1314205	0.1511497	0.1581248	0.1838615	0.2153652	0.2504095	0.2812135	0.209937	0.0677771	0.027719	0.0021716	8.387E-4	0.0017129	0.0	0.0	0.0	0.0	0.0	0.0	0.0	0.0	0.0	
Martin-pêcheur d'Europe	0.1651288	0.1471316	0.1316623	0.1168495	0.1171334	0.1044237	0.0989067	0.0913123	0.0997882	0.0861355	0.0741332	0.0520452	0.0299914	0.0236262	0.0170361	0.0173832	0.017834	0.013544	0.0203995	0.0186047	0.0158304	0.0179344	0.0280216	0.0194787	0.0288996	0.0409741	0.0495926	0.0880538	0.1148192	0.1182756	0.1297229	0.178329	0.1979774	0.2092372	0.2653647	0.2602624	0.228013	0.2228124	0.2048647	0.1952255	0.1951788	0.2153846	0.1837969	0.1928728	0.2031524	0.1962279	0.159051	0.172229	
Rollier d'Europe	0.0	0.0	0.0	0.0	0.0	0.0	0.0	0.0	0.0	0.0	0.0	0.0	1.714E-4	8.75E-4	0.0059543	0.0335722	0.0541505	0.0600799	0.0662983	0.0516796	0.0372954	0.030303	0.0283592	0.0277092	0.025565	0.0316969	0.0290471	0.0215928	0.0178784	0.0151069	0.0251889	0.0248069	0.0194477	0.0139958	0.0063182	0.0050783	0.0	8.387E-4	3.426E-4	2.653E-4	0.0011664	0.0	0.0	0.0	0.0	0.0	0.0	0.0	
Torcol fourmilier	0.0017301	4.946E-4	0.0017286	0.0023928	0.0012045	0.0030093	0.0033054	0.0046961	0.0026469	0.0033626	0.0061588	0.0167131	0.0395887	0.0388519	0.0367185	0.0363588	0.0350195	0.0284772	0.0299618	0.0172265	0.017172	0.0132962	0.01553	0.0197531	0.0129678	0.0085041	0.0042508	0.0061694	0.0051649	0.0073692	0.0040932	0.0058507	0.0062233	0.0069979	0.0057438	0.0042319	0.0061527	0.0053117	0.0061665	0.0029178	0.0015552	0.0035503	0.0024184	0.0021882	0.0014011	8.026E-4	0.0017575	9.744E-4	
Pic mar	5.767E-4	4.946E-4	0.0	0.0	0.0	3.009E-4	5.085E-4	2.609E-4	0.0015	0.0	0.0	4.398E-4	0.0010283	5.25E-4	9.924E-4	2.654E-4	8.106E-4	0.0012155	8.5E-4	6.891E-4	0.0016099	9.276E-4	0.0033761	0.00631	0.002223	0.0030924	0.0028339	0.0025238	0.0067541	0.0044215	0.0037783	2.34E-4	0.0015	3.499E-4	0.0011488	4.232E-4	0.0	2.796E-4	0.0	0.0	3.888E-4	0.0	0.0	3.126E-4	3.503E-4	4.013E-4	4.394E-4	2.436E-4	
Pic épeiche	0.0667051	0.0628091	0.0679919	0.064008	0.0695574	0.0610894	0.058988	0.0673102	0.0569084	0.062597	0.0577099	0.0665592	0.0688946	0.0623031	0.0535891	0.0469745	0.0517185	0.0507032	0.0673608	0.0580534	0.0812986	0.0828695	0.0918298	0.0962963	0.0948499	0.0858137	0.072972	0.0832866	0.1096544	0.0910096	0.0960327	0.0938451	0.0715675	0.0720784	0.0473866	0.0556496	0.0709374	0.0718479	0.0743405	0.0732095	0.0789269	0.0698225	0.070133	0.0581432	0.0556918	0.0609952	0.0698594	0.0679659	
Dendrocopos sp.	0.0	0.0	0.0	0.0	0.0	0.0	0.0	0.0	0.0	0.0	0.0	0.0	0.0	0.0	0.0	0.0	0.0	0.0	0.0	0.0	0.0	0.0	0.0	0.0	0.0	0.0	0.0	0.0	0.0	0.0	0.0	0.0	0.0	0.0	0.0	0.0	0.0	0.0	0.0	2.653E-4	0.0	0.0	0.0	0.0	0.0	0.0	0.0	0.0	
Pic épeichette	0.0240292	0.0289318	0.0267934	0.0241276	0.0261969	0.0282877	0.028477	0.0271328	0.0206458	0.0230212	0.0228102	0.024923	0.0301628	0.020476	0.0181938	0.0112792	0.0097276	0.011113	0.0118997	0.0165375	0.0136839	0.0157699	0.0229575	0.024417	0.0292701	0.0262853	0.0255048	0.0266405	0.0294001	0.0287399	0.02267	0.0245729	0.0241151	0.0262421	0.0157955	0.0152349	0.0246109	0.0234834	0.0191847	0.0244032	0.0225505	0.0272189	0.019347	0.0162551	0.0161121	0.0220706	0.0232865	0.0241169	
Pic vert	0.0	0.0	0.0	0.0	0.0	0.0	0.0	0.0	0.0	0.0	0.0	0.0	0.0	0.0	0.0	0.0	0.0	0.0	0.0	0.0	0.0	0.0	0.0	0.0	0.0	0.0015	3.542E-4	0.0	0.0	0.0	0.0	0.0	0.0	0.0	0.0	0.0	0.0	0.0	0.0	0.0	0.0	0.0	0.0	0.0	0.0	0.0	0.0	0.0	
Pic de Sharpe	0.0886198	0.0976756	0.0959378	0.10668	0.1201445	0.1188685	0.1271294	0.128359	0.1386977	0.1526125	0.1532847	0.1590676	0.1448158	0.140182	0.1266953	0.1223461	0.1136511	0.1015801	0.1151721	0.0971576	0.0939093	0.0902907	0.1036462	0.122085	0.1374583	0.1383842	0.1236273	0.1228267	0.1271355	0.1134856	0.1095718	0.1088228	0.101128	0.0962211	0.0623205	0.0662294	0.0941006	0.098686	0.0914697	0.1127321	0.1049767	0.113215	0.0987505	0.084714	0.0868651	0.0874799	0.1006151	0.1003654	
Pic vert ou P. de Sharpe	0.0	0.0	0.0	0.0	0.0	0.0	0.0	0.0	0.0	0.0	2.281E-4	0.0	0.0	0.0	3.308E-4	0.0	0.0	0.0	0.0	0.0	0.0	0.0	3.376E-4	0.0	0.0	0.0	3.542E-4	2.804E-4	0.0011919	7.369E-4	0.0	4.681E-4	0.0	0.0	0.0	0.0	0.0	0.0	0.0	0.0	0.0	0.0	0.0	0.0	3.503E-4	0.0	0.0	2.436E-4	
Pic noir	0.003268	0.0019782	0.0020167	0.0025922	0.0030111	0.0036112	0.0022883	0.0039134	0.0023822	0.0012933	0.0013686	0.0046914	0.00497	0.0031502	0.0047966	0.0049098	0.0047017	0.0053829	0.0070123	0.0053402	0.0131473	0.0052566	0.0081026	0.0120713	0.0055576	0.0073444	0.0099185	0.0078519	0.0083433	0.008843	0.0094458	0.0093611	0.0050564	0.0062981	0.0022975	0.0061363	0.0043431	0.0061504	0.0027407	0.0029178	0.0062208	0.0047337	0.0040306	0.004689	0.0052539	0.0040128	0.004833	0.0048721	
pic sp.	5.767E-4	2.473E-4	8.643E-4	0.0	6.022E-4	6.019E-4	0.0	2.609E-4	0.0	0.0	0.0	1.466E-4	0.0	0.0	1.654E-4	0.0015	1.621E-4	0.0015	2.125E-4	0.0	2.683E-4	0.0	0.0	0.0	0.0	0.0	0.0	5.609E-4	0.0	0.0	0.0	2.34E-4	0.0	0.0	2.872E-4	6.348E-4	7.239E-4	0.0	3.426E-4	2.653E-4	3.888E-4	0.0	4.031E-4	3.126E-4	0.0	0.0	4.394E-4	7.308E-4	
Faucon crécerellette	0.0	0.0	0.0	0.0	0.0	0.0	2.543E-4	0.0013045	0.0010588	0.0043973	0.0072993	0.0090896	0.0106255	0.0098005	0.0132319	0.0171178	0.0194553	0.018406	0.018912	0.0130922	0.0101959	0.004329	0.0047265	0.00631	0.0066691	0.007731	0.0088558	0.0053281	0.0031784	0.0033161	0.0047229	0.0039785	0.0058343	0.003499	0.001436	0.0014812	0.0025335	0.0	0.0010277	5.305E-4	0.0	0.0	0.0	0.0	0.0	0.0	0.0	0.0	
Faucon crécerelle	0.207228	0.1958457	0.1999424	0.2025922	0.1875941	0.1847728	0.1746758	0.1614923	0.1720487	0.180031	0.2078011	0.1999707	0.2245073	0.2056353	0.2113794	0.2032909	0.2059014	0.198472	0.1848704	0.1608958	0.1682318	0.1546073	0.1593518	0.1640604	0.1548722	0.1654426	0.1431102	0.136848	0.1323004	0.1249079	0.1558564	0.1837117	0.2096461	0.2340798	0.2452613	0.2691494	0.2598625	0.247414	0.2353546	0.227321	0.2134526	0.2138067	0.178557	0.1994373	0.1901926	0.2106742	0.2012302	0.1934227	
Faucon crécerellette ou F. crécerelle	0.0	0.0	0.0	0.0	3.011E-4	3.009E-4	0.0	5.218E-4	2.647E-4	0.0015	6.843E-4	8.796E-4	0.0010283	0.0014001	6.616E-4	7.962E-4	6.485E-4	0.0013891	0.0017	0.0013781	0.0010732	9.276E-4	0.0010128	2.743E-4	3.705E-4	0.0015	3.542E-4	0.0014021	7.946E-4	7.369E-4	6.297E-4	0.0011701	0.0015558	6.998E-4	5.744E-4	4.232E-4	0.0015	0.0	0.0	2.653E-4	0.0	0.0	0.0	0.0	0.0	4.013E-4	0.0	0.0	
Faucon kobez	0.0	0.0	0.0	0.0	0.0	0.0	0.0	0.0	0.0	0.0	0.0	1.466E-4	0.0	0.0	0.001654	0.0042463	0.006323	0.0059038	0.0087123	0.0080965	0.0034881	0.0018553	3.376E-4	0.0015	0.0	0.0	0.0	0.0	0.0	0.0	0.0	2.34E-4	0.0	0.0015	0.0011488	0.0016928	0.0028954	5.591E-4	0.0	0.0	0.0	0.0	0.0	0.0	0.0	0.0	0.0	0.0	
Faucon d'Éléonore	0.0	0.0	0.0	0.0	0.0	0.0	0.0	0.0	0.0	0.0	0.0	0.0	0.0	0.0	1.654E-4	0.0	1.621E-4	0.0012155	2.125E-4	0.0010336	8.049E-4	0.0055659	0.0057394	0.0079561	0.001482	0.0011596	7.085E-4	0.0014021	0.0027811	0.0029477	0.0012594	0.0030424	0.0066122	0.006648	0.0031591	0.0052899	0.0018096	2.796E-4	6.852E-4	0.001061	0.0	0.0	0.0	0.0	0.0	0.0	0.0	0.0	
Faucon émerillon	0.0101884	0.0086548	0.0095073	0.0119641	0.007829	0.0093289	0.007882	0.0044352	0.0063526	0.0075013	0.0063869	0.0057176	0.0034276	0.0021001	0.001654	9.289E-4	4.864E-4	0.0	2.125E-4	0.0	0.0	0.0	0.0	0.0	0.0	0.0	0.0	0.0	0.0	0.0	0.0	0.0	0.0011669	0.0013996	8.616E-4	0.0063479	0.0094101	0.0075482	0.0113052	0.0122016	0.0073872	0.0086785	0.0056429	0.0071897	0.0112084	0.008427	0.0087873	0.0095006	
Faucon hobereau	0.0	0.0	0.0	0.0	0.0	0.0	0.0	0.0	2.647E-4	0.0015	2.281E-4	4.398E-4	0.0020566	0.0064753	0.0076083	0.016587	0.0155642	0.0168432	0.0220994	0.0161929	0.0136839	0.0064935	0.0067522	0.0106996	0.0044461	0.0057982	0.0074389	0.0067302	0.0059595	0.0077377	0.0116499	0.0163819	0.0229483	0.0388383	0.0341758	0.0495133	0.0405356	0.0159351	0.0058239	0.002122	0.0	3.945E-4	0.0	0.0	0.0	0.0	0.0	0.0	
Faucon lanier	0.0	0.0	0.0	0.0	0.0	0.0	0.0	0.0	0.0	0.0	0.0	0.0	0.0	0.0	0.0	0.0	0.0	0.0	0.0	0.0	0.0	0.0	0.0	0.0	0.0	0.0	0.0	0.0015	0.0	3.685E-4	0.0025189	0.0011701	0.0	0.0	0.0	0.0	0.0	0.0	0.0	0.0	0.0	0.0	0.0	0.0	0.0	0.0	0.0	0.0	
Faucon gerfaut	0.0	0.0	0.0	0.0	0.0	0.0	0.0	0.0	0.0	0.0	0.0	0.0	1.714E-4	0.0	0.0	0.0	0.0	0.0	0.0	0.0	0.0	0.0	0.0	0.0	0.0	0.0	0.0	0.0	0.0	0.0	0.0	0.0	0.0	0.0	0.0	0.0	0.0	0.0	0.0	0.0	0.0	0.0	0.0	0.0	0.0	0.0	0.0	0.0	
Faucon pèlerin	0.0361399	0.0259644	0.036877	0.0289133	0.0277025	0.0237737	0.0264429	0.0211323	0.0238221	0.0230212	0.0196168	0.0214045	0.018509	0.020651	0.0231558	0.0249469	0.0194553	0.0194478	0.020612	0.0225668	0.0311242	0.0284477	0.0259959	0.0255144	0.0200074	0.0189409	0.015232	0.01318	0.0158919	0.0180545	0.0207809	0.0259771	0.0318942	0.0297411	0.0361861	0.0334321	0.0376402	0.0329885	0.0383693	0.0419098	0.0322706	0.0331361	0.0378879	0.0312598	0.0311734	0.0300963	0.0320738	0.0326431	
petit faucon sp.	0.0	0.0	0.0	0.0	0.0	0.0	0.0	0.0	0.0	0.0	0.0	0.0	0.0	0.0	0.0	0.0	0.0	0.0	0.0	0.0	0.0	0.0	0.0	0.0	0.0	0.0	0.0	0.0	0.0	0.0	0.0	0.0	0.0	0.0	0.0	2.116E-4	0.0	0.0	0.0	0.0	0.0	0.0	0.0	0.0	0.0	0.0	0.0	0.0	
Falco sp.	7.689E-4	2.473E-4	5.762E-4	5.982E-4	9.033E-4	3.009E-4	5.085E-4	5.218E-4	0.0	0.0015	6.843E-4	0.0010262	0.0018852	7.0E-4	6.616E-4	0.0015924	8.106E-4	6.946E-4	0.0014875	0.0010336	8.049E-4	0.0012369	6.752E-4	0.0016461	7.41E-4	3.865E-4	0.0010627	0.0014021	0.0019865	0.0022108	0.0018892	0.0025743	0.0015558	0.0062981	0.0063182	0.0090986	0.005067	0.0075482	0.0058239	0.0026525	0.0031104	0.0027613	0.0016123	9.378E-4	3.503E-4	0.0012039	4.394E-4	2.436E-4	
rapace diurne sp.	1.922E-4	2.473E-4	0.0	3.988E-4	0.0	0.0	0.0	0.0	0.0	0.0	6.843E-4	1.466E-4	8.569E-4	3.5E-4	0.0	2.654E-4	1.621E-4	1.736E-4	0.0	0.0	0.0	3.092E-4	0.0	2.743E-4	0.0	0.0	0.0	0.0	0.0	0.0	0.0015	2.34E-4	7.779E-4	0.0	8.616E-4	2.116E-4	0.0015	0.0	0.0	7.958E-4	7.776E-4	0.0	4.031E-4	3.126E-4	0.0	0.0	4.394E-4	2.436E-4	
Calopsitte élégante	0.0	0.0	0.0	0.0	0.0015	0.0	0.0	0.0015	2.647E-4	0.0	2.281E-4	1.466E-4	1.714E-4	0.0	0.0	1.327E-4	0.0	0.0	0.0	0.0015	2.683E-4	0.0	3.376E-4	0.0015	0.0	0.0	7.085E-4	0.0015	0.0	3.685E-4	3.149E-4	0.0015	0.0	3.499E-4	0.0015	0.0	7.239E-4	2.796E-4	0.0	2.653E-4	7.776E-4	0.0	0.0	0.0	0.0	0.0	0.0	0.0015	
Perruche à collier	0.0636294	0.0739367	0.0633823	0.0695912	0.0770852	0.0767379	0.0841597	0.0902687	0.0799365	0.0980341	0.0951186	0.0838587	0.0824336	0.100805	0.0793913	0.0833333	0.0734436	0.0704984	0.0628984	0.070801	0.0641266	0.0680272	0.0641458	0.0567901	0.0544646	0.0529571	0.0474672	0.049355	0.0488677	0.0526898	0.0541562	0.0578048	0.0649553	0.0703289	0.0554279	0.046551	0.0712993	0.074364	0.0760534	0.0931034	0.0855365	0.0745562	0.0870617	0.0803376	0.0690018	0.0674157	0.0843585	0.0896468	
Perruche omnicolore	0.0	0.0	0.0	0.0	0.0	0.0	0.0	0.0	0.0	0.0	0.0	0.0	3.428E-4	0.0	0.0	0.0	0.0	0.0	0.0	0.0	0.0	0.0	0.0	0.0	0.0	0.0	0.0	0.0	0.0	0.0	0.0	0.0	0.0	0.0	0.0	0.0	0.0	0.0	0.0	0.0	0.0	0.0	0.0	0.0	0.0	0.0	0.0	0.0	
Perruche ondulée	0.0	0.0	0.0	0.0	0.0	0.0	0.0	0.0	0.0	0.0	0.0	0.0	1.714E-4	0.0	1.654E-4	1.327E-4	0.0	0.0	0.0	0.0	0.0	0.0	0.0	2.743E-4	0.0	3.865E-4	0.0	2.804E-4	0.0	0.0	0.0	4.681E-4	3.89E-4	0.0010497	2.872E-4	2.116E-4	0.0015	0.0	0.0	2.653E-4	3.888E-4	0.0	0.0	0.0	0.0	0.0	0.0	0.0	
Inséparable rosegorge	1.922E-4	0.0	2.881E-4	0.0015	0.0	0.0	0.0	0.0	0.0	0.0	0.0	0.0	0.0	0.0	0.0015	1.327E-4	1.621E-4	0.0	0.0	0.0	0.0	0.0	0.0	0.0	0.0015	3.865E-4	0.0	0.0	0.0	0.0	3.149E-4	0.0015	0.0	0.0015	2.872E-4	0.0	0.0	0.0	0.0	0.0	0.0	0.0	0.0	0.0	0.0	0.0	0.0	0.0	
Inséparable de Fischer	0.0	0.0	0.0	0.0	0.0015	0.0	0.0	0.0	2.647E-4	0.0	0.0	0.0	0.0	1.75E-4	0.0	0.0	1.621E-4	0.0	0.0	0.0	0.0	0.0	0.0	0.0	0.0	0.0	3.542E-4	0.0	0.0	0.0015	0.0	0.0	0.0	0.0	2.872E-4	0.0	0.0	2.796E-4	0.0	0.0	0.0	0.0	0.0	0.0	0.0	0.0	0.0	0.0	
Inséparable masqué	0.0	0.0	0.0	0.0	0.0	0.0	0.0	0.0	0.0	0.0	0.0	0.0	0.0	0.0	0.0	0.0	0.0	0.0	0.0	0.0	0.0	0.0	0.0	0.0	0.0	0.0	0.0	0.0	0.0	0.0	0.0	0.0015	0.0	0.0	0.0	0.0	0.0	0.0	0.0	0.0	0.0015	0.0	0.0	0.0	0.0	0.0	0.0	0.0	
Inséparable à joues noires	0.0	0.0	0.0	0.0	0.0	0.0	0.0	0.0	0.0	0.0	0.0	0.0	0.0	0.0	0.0	0.0	0.0	0.0	0.0	0.0	0.0	0.0	0.0	0.0	0.0	0.0	0.0	0.0	0.0	0.0	0.0	0.0	0.0	0.0	0.0	0.0	0.0	0.0	0.0	0.0	0.0	0.0	0.0	0.0	0.0	0.0	0.0	0.0015	
Perroquet jaco	1.922E-4	0.0	0.0	0.0	0.0	0.0	0.0	0.0	0.0	0.0	0.0	0.0	0.0	0.0	0.0	0.0	0.0	0.0	0.0	0.0	0.0	0.0	0.0	0.0	0.0	0.0	0.0	0.0	0.0	0.0	0.0	0.0	0.0	0.0	0.0	0.0	0.0	0.0	0.0	0.0	0.0	0.0	0.0	0.0	0.0	0.0	0.0	0.0	
Perroquet youyou	1.922E-4	0.0	0.0	0.0	0.0	0.0	0.0	0.0	0.0	0.0	0.0	0.0	0.0	0.0	0.0	0.0	0.0	0.0	0.0015	0.0	0.0	0.0	0.0	0.0	0.0	0.0	3.542E-4	0.0	0.0	0.0	0.0	0.0	0.0	0.0	0.0	0.0	0.0	0.0	0.0	2.653E-4	0.0	0.0	0.0	3.126E-4	0.0	0.0	0.0	0.0	
Perriche veuve	0.1737793	0.1886746	0.17603	0.1840479	0.1945197	0.192898	0.1782354	0.1914949	0.1765484	0.1952923	0.2043796	0.1781264	0.1652099	0.1825341	0.1582865	0.1544586	0.1523995	0.1646119	0.1500212	0.1726098	0.1717199	0.1669759	0.1525996	0.1500686	0.1611708	0.1387708	0.1331916	0.1334829	0.1366706	0.1142225	0.1344458	0.1291832	0.1439129	0.1588523	0.1183228	0.1248413	0.1711907	0.1842326	0.1997259	0.2220159	0.2192846	0.2086785	0.2321644	0.2072523	0.1716287	0.1926164	0.1994728	0.1934227	
Amazone à front bleu	0.0	0.0	0.0	0.0	0.0	0.0	0.0	0.0	0.0	0.0	0.0	0.0	0.0	0.0	0.0	0.0	0.0	0.0	0.0	0.0	0.0	0.0	0.0	0.0	0.0	0.0	0.0	0.0	0.0	0.0	0.0	0.0	0.0	0.0	0.0	0.0	0.0	0.0	0.0	0.0	0.0	0.0	0.0	0.0	0.0	0.0	0.0015	0.0	
Conure à ventre rouge	0.0	0.0	0.0	0.0	0.0	0.0	0.0	0.0	0.0	0.0	0.0	0.0	0.0	0.0	0.0	0.0	0.0	0.0	0.0	1.723E-4	0.0	0.0	0.0	0.0	0.0	0.0	0.0	0.0	0.0	0.0	0.0	0.0	0.0	0.0	0.0	0.0	0.0	0.0	0.0	0.0	0.0	0.0	0.0	0.0	0.0	0.0	0.0	0.0	
Conure nanday	3.845E-4	9.891E-4	0.0011524	0.0013958	9.033E-4	0.0012037	0.0012713	5.218E-4	0.0018528	0.003104	0.0034215	0.0026389	6.855E-4	0.0022751	0.0011578	0.0019904	6.485E-4	6.946E-4	8.5E-4	0.0015	0.0010732	9.276E-4	3.376E-4	5.487E-4	7.41E-4	7.731E-4	0.0010627	5.609E-4	0.0019865	0.0022108	0.0015743	2.34E-4	0.0019448	0.0013996	0.0017231	0.001058	3.619E-4	0.0013978	0.0020555	0.0013263	0.0034992	0.0011834	0.0036276	0.0012504	0.0017513	0.0020064	0.0021968	0.0021924	
Ara bleu	0.0	0.0	0.0	0.0	0.0	0.0	0.0	0.0	0.0	0.0	0.0	0.0	0.0	0.0	0.0	0.0	0.0	0.0	0.0	0.0015	0.0	0.0	0.0	0.0	0.0	0.0	0.0	0.0	0.0	0.0	0.0	0.0	0.0	0.0	0.0	0.0	0.0	0.0	0.0	0.0	0.0	0.0	0.0	0.0	0.0	0.0	0.0	0.0	
Conure à tête bleue	7.689E-4	4.946E-4	2.881E-4	9.97E-4	0.0015056	3.009E-4	7.628E-4	5.218E-4	2.647E-4	0.001552	0.0018248	1.466E-4	8.569E-4	8.75E-4	8.27E-4	0.0011943	1.621E-4	1.736E-4	2.125E-4	5.168E-4	5.366E-4	6.184E-4	3.376E-4	5.487E-4	3.705E-4	0.0015	0.0010627	0.0	0.0011919	0.0018423	6.297E-4	0.0	3.89E-4	6.998E-4	8.616E-4	0.001058	0.0018096	0.0016774	0.0010277	0.0015915	0.001944	7.89E-4	0.0024184	0.001563	0.0010508	0.0016051	0.0013181	0.0017052	
Conure mitrée	0.0080738	0.0113749	0.0100835	0.0147557	0.0150557	0.0141438	0.01373	0.0109575	0.0142933	0.0139679	0.0173358	0.0134878	0.0128535	0.019426	0.0137281	0.0139331	0.0098898	0.0128495	0.0123247	0.0087855	0.0152938	0.0114409	0.0145172	0.00631	0.0103742	0.0061848	0.0109812	0.0109366	0.007946	0.0173176	0.0125945	0.0095951	0.0120576	0.010147	0.0106261	0.007829	0.009772	0.0106234	0.0167866	0.0122016	0.0112753	0.0059172	0.0116888	0.0146921	0.0052539	0.0092295	0.0092267	0.0124239	
Conure à tête rouge	0.0	0.0	2.881E-4	1.994E-4	3.011E-4	0.0015	0.0	2.609E-4	0.0	0.0	0.0	0.0015	0.0	0.0	0.0	0.0	1.621E-4	0.0	0.0	0.0015	0.0	0.0	0.0	0.0	0.0	0.0	0.0	0.0	0.0015	0.0	0.0	0.0	7.779E-4	0.0	0.0	0.0	0.0	0.0	0.0	0.0	0.0	0.0	0.0	0.0	0.0	0.0	0.0	0.0	
Conure mitrée ou C. à tête rouge	9.612E-4	2.473E-4	2.881E-4	0.0	0.0	3.009E-4	5.085E-4	5.218E-4	2.647E-4	2.587E-4	2.281E-4	0.0015	3.428E-4	5.25E-4	1.654E-4	3.981E-4	1.621E-4	3.473E-4	4.25E-4	1.723E-4	5.366E-4	3.092E-4	0.0	0.0015	0.0	0.0	0.0	0.0	0.0	3.685E-4	3.149E-4	0.0	0.0	0.0	0.0015	4.232E-4	0.0	0.0	3.426E-4	2.653E-4	0.0	3.945E-4	0.0	0.0	0.0	0.0	4.394E-4	2.436E-4	
Conure pavouane	0.0	0.0	0.0	0.0	0.0	0.0	0.0	0.0	0.0	0.0	0.0	0.0	0.0	0.0	0.0	0.0	0.0	0.0	0.0	0.0015	0.0	0.0	0.0	0.0	0.0	0.0	0.0	0.0	0.0	0.0	0.0	0.0	0.0	0.0	0.0	0.0	0.0	0.0	0.0	0.0	0.0	0.0	0.0	0.0	0.0	0.0	0.0	0.0	
Psittacara sp.	0.0	0.0	0.0	0.0	0.0	0.0	0.0	0.0	0.0	0.0	0.0	0.0	0.0	0.0	0.0	1.327E-4	0.0	0.0	0.0	0.0	0.0	0.0	0.0	0.0	0.0	0.0	0.0	0.0	0.0	0.0	0.0	0.0	0.0	0.0	0.0	0.0	0.0	0.0	0.0	0.0	0.0	0.0	0.0	0.0	0.0	0.0	0.0	0.0	
Eupsittula, Aratinga, Thectocercus ou Psittacara sp.	0.0	0.0	0.0	0.0	0.0	0.0	0.0	0.0	0.0	0.0	0.0	0.0	0.0	0.0	0.0	1.327E-4	0.0	0.0	0.0	0.0	0.0	0.0	0.0	0.0	0.0	0.0	0.0	0.0	0.0	0.0	0.0	0.0	0.0	0.0	0.0	0.0	0.0	0.0	0.0	0.0	0.0	0.0	0.0	0.0	0.0	0.0	0.0	0.0	
Psittaciformes sp. (Parakeet)	0.0	0.0	0.0	0.0	0.0	0.0	0.0	0.0	0.0	0.0	0.0	0.0	0.0	0.0	0.0	0.0	0.0	0.0	0.0	0.0015	0.0	0.0	0.0	0.0	0.0	0.0	0.0	0.0	0.0	0.0	0.0	0.0	0.0	0.0	0.0	0.0	0.0	0.0	0.0	0.0	0.0	0.0	0.0	0.0	0.0	0.0	0.0	0.0	
Psittaciformes sp. (Parrot)	0.0	0.0	0.0	0.0	0.0	3.009E-4	0.0	0.0	0.0	0.0	0.0	0.0	1.714E-4	0.0	0.0	2.654E-4	0.0	0.0	2.125E-4	0.0015	5.366E-4	0.0	3.376E-4	0.0	0.0	0.0	0.0	0.0	0.0	0.0	0.0	0.0	0.0	0.0	0.0	0.0	0.0	2.796E-4	0.0	2.653E-4	0.0	3.945E-4	0.0	0.0	0.0	0.0	0.0	0.0	
Loriot d'Europe	0.0	0.0	0.0	0.0	0.0	0.0	0.0	0.0	0.0	0.0	4.562E-4	2.932E-4	0.0030848	0.0105005	0.0272908	0.0960722	0.1739624	0.1736413	0.1976201	0.1681309	0.1483767	0.1419295	0.1340311	0.1289438	0.14598	0.1399304	0.1119377	0.1211441	0.1231625	0.1179071	0.0916247	0.0674	0.0350058	0.0171449	0.0025847	8.464E-4	0.0	0.0	0.0	0.0	0.0	0.0	0.0	0.0	0.0	0.0	0.0	0.0	
Pie-grièche écorcheur	0.0	0.0	0.0	0.0	0.0	0.0	0.0	0.0	0.0	0.0	0.0	0.0	1.714E-4	0.0	1.654E-4	7.962E-4	0.0037289	0.0078139	0.0229494	0.022739	0.0252214	0.0231911	0.0270088	0.036214	0.0303816	0.0255122	0.0315267	0.0314077	0.0333731	0.0361091	0.02267	0.0161479	0.008557	0.0048985	0.0017231	4.232E-4	0.0018096	5.591E-4	0.0	0.0	0.0	0.0	0.0015	0.0	0.0	0.0	0.0	0.0	
Pie-grièche isabelle	0.0	0.0	0.0	0.0	0.0	0.0	0.0	0.0	0.0	0.0	0.0	0.0	0.0	0.0	0.0013232	0.0	0.0	0.0	0.0	0.0	0.0	0.0	0.0	0.0	0.0	0.0	0.0	0.0	0.0	0.0	0.0	0.0	0.0	0.0	0.0	0.0	0.0	0.0	0.0	7.958E-4	0.0	0.0	0.0	0.0	0.0	0.0	0.0	0.0	
Pie-grièche méridionale	0.0078816	0.0148368	0.0129646	0.0129611	0.0174646	0.0111345	0.0150013	0.0143491	0.0132345	0.0204346	0.0189325	0.0142208	0.0143959	0.0141757	0.0135627	0.0180467	0.0175097	0.018406	0.0203995	0.0156761	0.012879	0.0120594	0.0084402	0.0106996	0.0096332	0.0115964	0.0155863	0.0072911	0.0103298	0.0121592	0.0157431	0.0182542	0.0147802	0.013296	0.006031	0.0059247	0.0083243	0.0117417	0.0092497	0.0095491	0.0112753	0.0094675	0.012495	0.0100031	0.0136602	0.0100321	0.008348	0.009257	
Pie-grièche grise	0.0013456	0.0019782	0.0011524	0.0	3.011E-4	6.019E-4	0.001017	5.218E-4	2.647E-4	2.587E-4	2.281E-4	1.466E-4	6.855E-4	0.0010501	0.0	0.0	0.0	0.0	0.0	0.0	0.0	0.0	0.0	0.0	0.0	0.0	0.0	0.0	0.0	0.0	0.0	0.0	0.0	0.0	0.0	0.0	0.0	0.0	0.0	0.0	0.0	0.0	0.0	0.0	0.0	0.0	0.0	0.0	
Pie-grièche à poitrine rose	0.0	0.0	0.0	0.0	0.0	0.0	0.0	0.0	0.0	0.0	0.0	0.0	0.0	0.0	0.0	0.0	0.0	0.0015	2.125E-4	0.003273	0.0021465	0.0018553	0.0027009	0.0013717	0.002223	0.0038655	0.0038966	0.0028043	7.946E-4	0.0	3.149E-4	9.361E-4	3.89E-4	0.0	0.0	0.0015	0.0	0.0	0.0	0.0	0.0	0.0	0.0	0.0	0.0	0.0	0.0	0.0	
Pie-grièche à tête rousse	0.0	0.0	2.881E-4	0.0	0.0	0.0	0.0	0.0	0.0	0.0043973	0.0070712	0.0278552	0.0358183	0.0530277	0.068475	0.0858546	0.0896563	0.0791804	0.0690608	0.0504737	0.0440032	0.041744	0.0378123	0.0359396	0.0348277	0.0452261	0.036486	0.0389792	0.0468812	0.040899	0.0538413	0.0461034	0.0268378	0.0174948	0.0057438	0.0023275	7.239E-4	2.796E-4	0.0	5.305E-4	0.0	0.0	0.0	0.0	0.0	0.0	0.0	0.0	
Laniidés sp.	0.0	0.0	0.0	0.0	0.0	0.0	0.0	0.0	0.0	0.0	0.0	0.0	0.0	1.75E-4	0.0	2.654E-4	1.621E-4	0.0	0.0	1.723E-4	2.683E-4	0.0	3.376E-4	0.0	0.0	3.865E-4	0.0	5.609E-4	7.946E-4	7.369E-4	0.0	4.681E-4	0.0	0.0	0.0	0.0	3.619E-4	2.796E-4	0.0	2.653E-4	0.0	0.0	4.031E-4	0.0	0.0	0.0	4.394E-4	0.0	
Geai des chênes	0.1351403	0.1226508	0.1259003	0.1224327	0.131888	0.1281974	0.1052632	0.1095747	0.1050821	0.0988101	0.0962591	0.1140595	0.127335	0.1309065	0.1295071	0.116242	0.1202983	0.1231117	0.1415215	0.1581395	0.1735981	0.183055	0.1833221	0.2005487	0.2037792	0.2048705	0.1647184	0.1926528	0.1974573	0.1717023	0.1577456	0.1787971	0.1555815	0.1651505	0.124641	0.1328819	0.1798769	0.1716522	0.1986982	0.2	0.2052877	0.1976331	0.1761387	0.1728665	0.1457093	0.1528892	0.1436731	0.1332521	
Pie-bleue ibérique	0.0	0.0	0.0	0.0	0.0	0.0015	0.0015	0.0	0.0	0.0015	0.0015	0.0	0.0	0.0	0.0	0.0	0.0	0.0	0.0	0.0	0.0015	0.0	0.0	0.0	0.0	0.0	0.0	0.0	0.0	0.0	0.0	0.0	0.0	0.0	0.0	0.0	0.0	0.0	0.0	0.0	0.0	0.0	0.0	0.0	0.0	0.0	0.0	0.0	
Pie bavarde	0.4627067	0.4985163	0.4724863	0.4937188	0.5109907	0.4926271	0.4602085	0.4868249	0.4793542	0.5245732	0.5079836	0.4936226	0.4724936	0.4707735	0.4335098	0.4219745	0.4213684	0.405626	0.4071398	0.3877692	0.399517	0.3741497	0.3855503	0.3541838	0.3623564	0.3587167	0.3216436	0.32894	0.3337306	0.311717	0.3243073	0.3606366	0.3706729	0.3792862	0.3724871	0.3516716	0.4429967	0.4598826	0.4707091	0.4976127	0.507776	0.4970414	0.4848851	0.4651454	0.4542907	0.5024077	0.4991213	0.5057247	
Crave à bec rouge	0.0103806	0.012364	0.0083549	0.0153539	0.0165613	0.0195606	0.0218663	0.0229585	0.0169402	0.0258665	0.0230383	0.0224307	0.0243359	0.0287014	0.0287794	0.0299894	0.0257782	0.0260462	0.0475988	0.0292851	0.0338074	0.0324675	0.0364619	0.0578875	0.0422379	0.0309239	0.0417995	0.0235558	0.0329758	0.0291083	0.0358942	0.0308916	0.0206145	0.0279916	0.0172315	0.0173508	0.0188201	0.0243221	0.0256937	0.0190981	0.0248834	0.0220907	0.0209593	0.0184433	0.0168126	0.0248796	0.0193322	0.0124239	
Chocard à bec jaune	0.0013456	0.0014837	0.0011524	0.0023928	0.0033123	0.0030093	0.0025426	0.0018262	5.294E-4	2.587E-4	9.124E-4	0.0014661	0.003599	0.0024501	0.0026464	0.0035828	0.0024319	0.0026046	0.0072248	0.0062016	0.0080494	0.0077304	0.0141796	0.0194787	0.0125973	0.0131426	0.0187744	0.0100953	0.0131108	0.0143699	0.0078715	0.0053826	0.0027227	0.0031491	0.0020103	0.0023275	0.0039812	0.0041935	0.0068517	0.003183	0.0046656	0.0019724	0.0056429	0.0034386	0.0042032	0.0040128	0.0026362	0.0019488	
Crave à bec rouge ou Chocard à bec jaune	0.0	0.0	0.0	0.0	3.011E-4	3.009E-4	0.0	0.0	0.0	0.0	2.281E-4	0.0	3.428E-4	1.75E-4	1.654E-4	2.654E-4	0.0	0.0	2.125E-4	1.723E-4	5.366E-4	0.0	0.0	8.23E-4	3.705E-4	3.865E-4	0.0	5.609E-4	0.0	3.685E-4	0.0012594	2.34E-4	0.0	0.0	5.744E-4	4.232E-4	7.239E-4	0.0	0.0	0.0	0.0	0.0	0.0	0.0	0.0	8.026E-4	0.0	0.0	
Choucas des tours	0.0299885	0.0509397	0.0406223	0.0556331	0.0484794	0.0547698	0.0439868	0.053222	0.0587612	0.0651837	0.0704836	0.0661193	0.0680377	0.0658033	0.0673172	0.0603769	0.0690661	0.0645945	0.0824479	0.0639104	0.0566139	0.0497835	0.0395003	0.0315501	0.0300111	0.0235794	0.0255048	0.0162647	0.0222487	0.0221076	0.0217254	0.0269132	0.0342279	0.0335899	0.0336014	0.0302581	0.0575461	0.0536763	0.0469339	0.0503979	0.0544323	0.0473373	0.04474	0.0428259	0.0409807	0.0389246	0.0311951	0.038246	
Corbeau familier	0.0	0.0	0.0	0.0	0.0	0.0	0.0	0.0	0.0	0.0	0.0	0.0	0.0	0.0	3.308E-4	0.0	0.0	0.0	0.0	0.0	0.0	0.0	0.0	0.0	0.0	0.0	0.0	0.0	0.0	0.0	0.0	0.0	0.0	0.0	0.0	0.0	0.0	0.0	0.0	0.0	0.0	0.0	0.0	0.0	0.0	0.0	0.0	0.0	
Corbeau freux	9.612E-4	9.891E-4	0.0011524	0.0017946	0.0012045	0.0021065	0.0012713	0.0013045	5.294E-4	0.002328	0.0036496	0.0016127	0.0025707	0.0026251	0.001654	2.654E-4	1.621E-4	0.0015	2.125E-4	8.613E-4	0.0015	0.0	0.0	2.743E-4	3.705E-4	0.0	0.0	2.804E-4	0.0	0.0015	0.0015	0.0015	0.0	0.0015	2.872E-4	0.0015	0.0	2.796E-4	0.0015	0.0	0.0	0.0015	0.0015	3.126E-4	0.0015	0.0	4.394E-4	2.436E-4	
Corneille noire	0.0865052	0.0783877	0.0763469	0.0867398	0.0909365	0.0884743	0.0851767	0.0873989	0.0870831	0.0946715	0.0919252	0.0951473	0.1041988	0.0901295	0.097916	0.0781582	0.085441	0.0793541	0.1087973	0.0863049	0.1035686	0.0896722	0.0850777	0.1004115	0.0896628	0.0943177	0.0797024	0.0807628	0.0901867	0.0836404	0.1073678	0.1074187	0.0824582	0.0790763	0.0514072	0.0531105	0.0810713	0.0902991	0.0952381	0.0925729	0.1030327	0.0938856	0.0910923	0.0925289	0.0998249	0.1043339	0.0839192	0.0845311	
Corneille mantelée	0.0011534	0.0022255	0.0020167	0.0031904	0.00271	0.0033103	0.0025426	0.0041743	0.0023822	0.0051733	0.0068431	0.0060108	0.0053128	0.0050753	0.0066159	0.0058386	0.0042153	0.0027783	0.0027624	0.0039621	0.0021465	0.0015461	0.0020257	0.0016461	0.0011115	0.0011596	0.0014169	8.413E-4	0.0011919	3.685E-4	6.297E-4	0.0014042	0.0011669	0.0017495	8.616E-4	4.232E-4	0.0025335	0.0016774	0.0010277	0.0023873	0.0031104	0.0023669	0.0012092	0.0012504	0.0021016	0.0016051	0.0015	0.0019488	
Corneille noire ou C. mantelée	0.0	0.0	0.0	0.0	0.0	0.0	0.0	0.0	0.0	0.0	2.281E-4	0.0	0.0	0.0	0.0	0.0	0.0	0.0	0.0	0.0	0.0	0.0	0.0	0.0	0.0	0.0	0.0	0.0	0.0	0.0	0.0	0.0	0.0	0.0	0.0	0.0	0.0	0.0	0.0	0.0	0.0	0.0	0.0	0.0	0.0	0.0	0.0	0.0	
Hybride Corneille noire x C. mantelée	0.0	0.0	0.0	0.0	0.0	0.0	0.0	0.0	0.0	0.0	0.0	0.0	0.0	0.0	0.0	0.0	0.0	0.0	0.0	0.0	2.683E-4	0.0	0.0	0.0	0.0	0.0	0.0	0.0	0.0	0.0	0.0	0.0	0.0	0.0	0.0	0.0	0.0	0.0	0.0	0.0	0.0	0.0	0.0	0.0	0.0	4.013E-4	0.0	0.0	
Corbeau pie	0.0	0.0	0.0	0.0	0.0	0.0015	0.0	0.0	0.0	0.0	0.0	0.0	0.0	0.0	0.0	0.0	0.0	0.0	0.0	0.0	0.0	0.0	0.0	0.0	0.0	0.0	0.0	0.0	0.0	0.0	0.0	0.0	0.0	0.0	0.0	0.0	0.0	0.0	0.0	0.0	0.0	0.0	0.0	0.0	0.0	0.0	0.0	0.0	
corneille sp.	3.845E-4	0.0	2.881E-4	3.988E-4	3.011E-4	6.019E-4	0.001017	2.609E-4	0.0	5.173E-4	9.124E-4	0.0011728	5.141E-4	1.75E-4	3.308E-4	0.0	3.243E-4	3.473E-4	6.375E-4	3.445E-4	2.683E-4	3.092E-4	6.752E-4	0.0010974	0.0	0.0	3.542E-4	2.804E-4	7.946E-4	0.0	3.149E-4	0.0	3.89E-4	3.499E-4	2.872E-4	0.0	0.0	0.0015	3.426E-4	2.653E-4	7.776E-4	7.89E-4	0.0	0.0	3.503E-4	4.013E-4	8.787E-4	4.872E-4	
Grand Corbeau	0.0588235	0.0561325	0.0535869	0.0610169	0.0647395	0.0665062	0.0744978	0.0610488	0.0653785	0.0558717	0.055885	0.0705175	0.0697515	0.0677284	0.0737678	0.0659501	0.0609598	0.057128	0.0703357	0.064944	0.0727126	0.0680272	0.0725861	0.079561	0.0585402	0.0595284	0.05774	0.0636568	0.0671434	0.0659543	0.0711587	0.0821437	0.0676779	0.0759272	0.0493969	0.065383	0.072747	0.069891	0.0753683	0.0625995	0.0855365	0.077712	0.0874647	0.0812754	0.0767075	0.0774478	0.0667838	0.0626066	
corneille ou corbeau sp.	0.0	0.0	0.0	0.0	0.0	0.0	0.0	0.0	0.0	0.0	0.0	0.0	0.0	0.0	0.0	0.0	0.0	0.0	0.0	0.0	0.0	0.0	0.0	0.0	0.0	0.0	0.0	0.0	0.0	0.0	0.0	0.0	0.0	0.0	0.0	0.0	3.619E-4	0.0	0.0	0.0	0.0	0.0	0.0	0.0	0.0	0.0	0.0	0.0	
Mésange noire	0.0909266	0.0934718	0.093633	0.0969093	0.1123156	0.0981041	0.0953471	0.0978346	0.0886713	0.0819969	0.0873631	0.1018912	0.1211654	0.1365068	0.1245452	0.1069533	0.0928988	0.0994964	0.1109222	0.1171404	0.1419372	0.1428571	0.1333558	0.163786	0.1530196	0.1240819	0.1523202	0.1292765	0.1406436	0.1451732	0.1268892	0.1198221	0.0805134	0.1004199	0.0726594	0.0774439	0.0933768	0.1118256	0.1161357	0.1023873	0.100311	0.1001972	0.0995566	0.0944045	0.0809107	0.0810594	0.0940246	0.1062119	
Mésange huppée	0.1218762	0.1228981	0.1241717	0.1306082	0.139717	0.120975	0.1220442	0.1168797	0.0958179	0.1065701	0.1005931	0.1101012	0.116024	0.1184809	0.1109825	0.1058917	0.0972763	0.0967182	0.1177221	0.1242033	0.1424738	0.1530612	0.1465226	0.1552812	0.1526491	0.1383842	0.136734	0.1438587	0.1497815	0.1278556	0.1199622	0.1326937	0.1225204	0.1221134	0.0999426	0.1093948	0.1389794	0.1330724	0.1360055	0.1297082	0.1255832	0.1187377	0.1257557	0.1409816	0.1043783	0.1179775	0.1318102	0.1393423	
Mésange nonnette	0.0103806	0.0116222	0.0066263	0.0113659	0.0069256	0.009028	0.007882	0.0101748	0.0050291	0.0041386	0.0043339	0.0061575	0.0046272	0.0031502	0.0039696	0.0025212	0.0024319	0.0032992	0.0040374	0.0017227	0.0040247	0.0061843	0.0023633	0.0085048	0.0088922	0.0054117	0.0067304	0.0042064	0.011919	0.0125276	0.0132242	0.0067868	0.0038895	0.0027992	0.0045951	0.0046551	0.004705	0.0069891	0.0065091	0.0029178	0.0120529	0.0094675	0.0092705	0.006252	0.0115587	0.0108347	0.0087873	0.0121803	
Mésange bleue	0.2475971	0.2613749	0.2610199	0.2851446	0.3101475	0.3000301	0.2883295	0.2731542	0.231604	0.24418	0.241104	0.2590529	0.2712939	0.2885894	0.2882898	0.2541136	0.2251946	0.2014239	0.2294943	0.2251507	0.2288704	0.2380952	0.2261985	0.2145405	0.2230456	0.2153073	0.1905774	0.2077958	0.2216925	0.2166544	0.220403	0.2225603	0.2057565	0.2109867	0.1691557	0.1804909	0.2450235	0.2462958	0.2644741	0.2583554	0.277605	0.2639053	0.2571544	0.2460144	0.2234676	0.2495987	0.2420914	0.2711328	
Mésange azurée	0.0	0.0	0.0	0.0	0.0	0.0	0.0	0.0	0.0	0.0	0.0	0.0	0.0	0.0	0.0	0.0	0.0	0.0	0.0	0.0	0.0	0.0	0.0	0.0	0.0	0.0	0.0	0.0	0.0	0.0	0.0	0.0	0.0	0.0	0.0	0.0	0.0	2.796E-4	0.0	0.0	0.0	0.0	0.0	0.0	0.0	0.0	0.0	0.0	
Mésange charbonnière	0.3114187	0.336548	0.3428407	0.3661017	0.4040952	0.3981342	0.394864	0.3983825	0.3607729	0.3939472	0.3955292	0.4214924	0.4368466	0.4537977	0.4235858	0.3958333	0.3531128	0.3337385	0.3665533	0.3521102	0.3243896	0.2764378	0.2461175	0.2227709	0.2200815	0.2280634	0.1987248	0.2226584	0.2367898	0.233972	0.2544081	0.2681956	0.2703228	0.2753674	0.2217117	0.2278883	0.3336953	0.3349175	0.3713601	0.3501326	0.3573095	0.3392505	0.3188231	0.3100969	0.2690018	0.3045746	0.3378735	0.3383678	
paridé sp.	0.0	0.0	0.0	0.0	0.0	0.0	0.0	0.0	0.0	0.0	0.0	0.0	0.0	0.0	0.0	0.0	0.0	0.0	0.0	0.0	0.0	0.0	0.0	0.0	0.0	0.0	0.0	0.0	0.0	0.0	0.0	2.34E-4	0.0	0.0	0.0	0.0	0.0	0.0	0.0	0.0	0.0	0.0	0.0	0.0	0.0	0.0	0.0	0.0	
Rémiz penduline	0.0274894	0.026459	0.0345722	0.0283151	0.0364348	0.0352091	0.0297483	0.0430472	0.0442033	0.0613037	0.055885	0.0507257	0.0570694	0.059153	0.0504466	0.0567941	0.0562581	0.0439312	0.0473863	0.0425495	0.0375637	0.0392703	0.0462525	0.0342936	0.0370508	0.0363355	0.0357775	0.0417835	0.0321812	0.0316875	0.0248741	0.0329979	0.0408401	0.0258922	0.0356117	0.0330089	0.0372783	0.0444507	0.0428229	0.0453581	0.0311042	0.0299803	0.0282144	0.0215692	0.0318739	0.0260835	0.0259227	0.0367844	
Alouette lulu	0.0242215	0.0215134	0.0216076	0.0281157	0.0334237	0.0367138	0.0361048	0.0341769	0.0267337	0.0294878	0.0305657	0.0304941	0.0423308	0.0432272	0.0443268	0.0455149	0.0481518	0.0416739	0.0650234	0.0601206	0.0528575	0.050402	0.0300473	0.0340192	0.0259355	0.0170081	0.0155863	0.01318	0.0103298	0.0099484	0.0094458	0.01685	0.0412291	0.0591323	0.0442275	0.0558612	0.0687658	0.0754822	0.0592669	0.0564987	0.0416019	0.0441815	0.0338573	0.0228196	0.0245184	0.0220706	0.0250439	0.0228989	
Alouette des champs	0.0365244	0.0365974	0.0417747	0.0442672	0.0385426	0.031598	0.0391559	0.024263	0.026469	0.0305225	0.026688	0.0209647	0.0253642	0.0187259	0.0282832	0.0203025	0.0231842	0.0230943	0.0310242	0.0234281	0.0284411	0.0247372	0.0202566	0.0293553	0.0251945	0.016235	0.016649	0.0081324	0.0059595	0.0029477	0.0047229	0.0060847	0.008168	0.006648	0.0054566	0.007829	0.0278683	0.0564719	0.0781089	0.0848806	0.0847589	0.0733728	0.051189	0.0465771	0.0525394	0.0389246	0.0426186	0.0343484	
Cochevis de Thékla	0.0092272	0.0121167	0.0092192	0.0141575	0.0162602	0.0105327	0.0150013	0.0185233	0.0158814	0.0258665	0.0203011	0.0175927	0.0241645	0.0220511	0.0297717	0.0355626	0.0372892	0.0395902	0.0437739	0.0310078	0.0254897	0.024428	0.013842	0.0150892	0.0103742	0.0139157	0.0138151	0.0061694	0.0067541	0.0110538	0.0154282	0.0114674	0.0151692	0.0164451	0.0186674	0.0122725	0.014477	0.0215264	0.0181569	0.0116711	0.0108865	0.0118343	0.0116888	0.0071897	0.0094571	0.0100321	0.0096661	0.0112058	
Cochevis huppé	0.091311	0.1038576	0.1077499	0.1108674	0.1216501	0.1227806	0.1411137	0.1398382	0.1484913	0.1611485	0.153969	0.1699164	0.1845758	0.1744837	0.1878928	0.201035	0.2047665	0.1977774	0.1744581	0.1574505	0.1432788	0.1332715	0.1249156	0.1264746	0.1067062	0.1020487	0.1013107	0.0858104	0.079857	0.0766396	0.0976071	0.1233326	0.1419681	0.1469559	0.1875359	0.1722387	0.1672096	0.170534	0.1514217	0.1403183	0.12986	0.1412229	0.1100363	0.1162863	0.1243433	0.1127608	0.115993	0.0898904	
Cochevis de Thékla ou C. huppé	7.689E-4	2.473E-4	2.881E-4	0.0023928	0.0021078	0.0	0.0012713	0.0015654	0.0010588	0.0033626	0.0015967	5.864E-4	0.0018852	0.0031502	0.0014886	0.0031847	0.0034047	0.0022573	0.0029749	0.0018949	0.0021465	0.0015461	0.0013504	0.0010974	0.0	7.731E-4	0.0010627	8.413E-4	0.0	0.0011054	9.446E-4	0.0018722	0.0027227	0.0024493	0.001436	0.002116	7.239E-4	0.0011183	6.852E-4	0.0026525	0.001944	7.89E-4	4.031E-4	9.378E-4	3.503E-4	0.0012039	0.0026362	9.744E-4	
cochevis sp.	0.0	0.0	0.0	0.0	0.0	0.0	0.0	0.0	0.0	0.0	0.0	0.0	0.0	0.0	4.962E-4	0.0	0.0	0.0	0.0021249	0.0	0.0015	0.0	0.0	0.0	0.0	0.0	0.0	0.0	0.0	0.0015	0.0	0.0	0.0	0.0	0.0	0.0019044	0.0	0.0011183	0.0	0.0	3.888E-4	0.0	0.0	0.0	0.0	0.0	0.0	0.0	
Alouette haussecol	0.0	0.0	0.0	0.0	0.0	0.0	0.0	0.0	0.0	0.0	0.0	0.0	0.0	0.0	0.0	0.0	1.621E-4	0.0	0.0	0.0	0.0	0.0	0.0	0.0	0.0	0.0	0.0	0.0	0.0	0.0	0.0	0.0	0.0	0.0	0.0	0.0	0.0	0.0	0.0	0.0	0.0	0.0	0.0	0.0	0.0	0.0	0.0	0.0	
Alouette calandrelle	0.0	0.0	0.0	0.0	0.0	0.0	0.0	0.0	2.647E-4	0.0015	0.0018248	0.0020525	0.0042845	0.0080504	0.0109163	0.0143312	0.0152399	0.0128495	0.0114747	0.0091301	0.0061712	0.004329	0.0030385	0.0046639	0.0033346	0.004252	0.0056677	0.0016826	0.0027811	0.0014738	0.0031486	0.0056167	0.0046674	0.003499	0.0017231	8.464E-4	0.0010858	8.387E-4	0.0	2.653E-4	0.0	0.0	0.0	0.0	0.0	0.0	0.0	0.0	
Alouette calandre	0.0042291	0.0074184	0.0092192	0.0113659	0.0108401	0.0087271	0.0150013	0.0177407	0.0182636	0.0269012	0.0280566	0.0246298	0.0253642	0.0241512	0.0317565	0.0350318	0.0389105	0.0355965	0.0437739	0.0310078	0.0187819	0.0132962	0.0104659	0.0085048	0.0059281	0.0054117	0.0074389	0.0036455	0.0035757	0.0036846	0.0040932	0.0102972	0.0097238	0.0097971	0.0051694	0.0057131	0.0072385	0.0075482	0.0071942	0.0061008	0.0093313	0.0098619	0.0048368	0.0075023	0.0059545	0.0040128	0.0043937	0.0058465	
Sirli de Dupont	0.0	0.0015	0.0015	1.994E-4	0.0012045	0.0015	0.0012713	0.0013045	0.0029116	0.0020693	0.0031934	0.0016127	0.0018852	0.0022751	0.0026464	0.0027866	0.0014591	0.0012155	0.0014875	8.613E-4	2.683E-4	0.0	0.0	0.0	0.0	0.0	0.0	0.0	0.0	0.0	0.0	0.0	0.0	3.499E-4	8.616E-4	2.116E-4	7.239E-4	0.0	0.0010277	5.305E-4	3.888E-4	0.0	0.0	3.126E-4	0.0	0.0	0.0	0.0	
Alouette pispolette	0.0023068	0.0032146	0.0048977	0.002991	0.0051189	0.004514	0.0073735	0.0070441	0.0092642	0.0082773	0.0063869	0.0046914	0.0061697	0.0089254	0.0129011	0.0145966	0.0171855	0.0123285	0.0072248	0.0056848	0.0045613	0.0049474	0.0054018	0.0046639	0.0040756	0.0038655	0.0074389	0.0042064	0.0015892	0.0033161	0.0025189	0.0018722	0.0023337	0.0038488	0.0051694	0.0050783	0.0028954	0.0036343	0.0054813	0.005305	0.003888	0.0027613	0.0032245	0.0012504	0.0021016	8.026E-4	0.0017575	0.0021924	
alaudidé sp.	3.845E-4	7.418E-4	2.881E-4	9.97E-4	6.022E-4	0.0015	2.543E-4	2.609E-4	2.647E-4	0.0	0.0	2.932E-4	0.0010283	1.75E-4	6.616E-4	5.308E-4	6.485E-4	5.209E-4	0.0019125	8.613E-4	0.0	6.184E-4	3.376E-4	0.0021948	7.41E-4	0.0	0.0	0.0014021	0.0	7.369E-4	3.149E-4	7.021E-4	0.0015558	0.0	2.872E-4	4.232E-4	3.619E-4	5.591E-4	6.852E-4	0.001061	0.0011664	0.0011834	4.031E-4	3.126E-4	3.503E-4	0.0	8.787E-4	9.744E-4	
Panure à moustaches	0.0015379	0.0034619	0.0031691	0.0027916	0.0030111	0.0030093	0.0022883	0.0010436	0.0031763	0.0041386	0.0059307	0.0042516	0.0027421	0.0031502	0.003308	0.0034501	0.002594	0.002431	0.0042499	0.0020672	0.0018782	0.0012369	0.001688	8.23E-4	0.0011115	0.0019327	0.0014169	2.804E-4	0.0015892	0.0014738	6.297E-4	0.0014042	3.89E-4	6.998E-4	0.001436	0.001058	0.0014477	0.0039139	0.0020555	0.0034483	7.776E-4	0.0035503	0.0016123	3.126E-4	0.0024518	0.0016051	0.0021968	0.0021924	
Cisticole des joncs	0.0847751	0.0717112	0.0648228	0.0550349	0.0689551	0.0622931	0.0813628	0.0973128	0.1016411	0.1482152	0.1614964	0.1943996	0.2389032	0.259888	0.2755541	0.288482	0.2846952	0.2684494	0.2161071	0.2213609	0.2100885	0.187384	0.20763	0.175583	0.193405	0.1979126	0.1909316	0.2035895	0.1835518	0.1790715	0.1643577	0.1844138	0.192921	0.1546536	0.1616887	0.1326703	0.1053203	0.0970087	0.1068859	0.1039788	0.092535	0.1021696	0.0874647	0.0978431	0.1036778	0.1103531	0.0913884	0.0928136	
Hypolaïs obscure	0.0	0.0	0.0	0.0	0.0	0.0	0.0	0.0	0.0	0.0	0.0	0.0	0.0	0.0	0.0	2.654E-4	0.0014591	0.0026046	0.0	0.0	0.0	0.0	0.0	0.0	0.0	0.0	0.0	0.0	0.0	0.0	0.0	0.0	0.0	0.0	0.0	0.0	0.0	0.0	0.0	0.0	0.0	0.0	0.0	0.0	0.0	0.0	0.0	0.0	
Hypolaïs pâle ou H. obscure	0.0	0.0	0.0	0.0	0.0	0.0	0.0	0.0	0.0	0.0	0.0	0.0	0.0	0.0	1.654E-4	0.0	0.0015	0.0	0.0	0.0	0.0	0.0	0.0	0.0	0.0	0.0	0.0	0.0	0.0	0.0	0.0	0.0	0.0	0.0	0.0	0.0	0.0	0.0	0.0	0.0	0.0	0.0	0.0	0.0	0.0	0.0	0.0	0.0	
Iduna sp.	0.0	0.0	0.0	0.0	0.0	0.0	0.0	0.0	0.0	0.0	0.0	0.0	0.0	0.0	0.0	0.0	0.0	0.0	0.0	0.0	0.0	0.0	0.0	0.0	0.0	0.0	0.0	0.0	0.0	0.0	0.0	2.34E-4	0.0	0.0	0.0	0.0	0.0	0.0	0.0	0.0	0.0	0.0	0.0	0.0	0.0	0.0	0.0	0.0	
Hypolaïs polyglotte	0.0	0.0	0.0	0.0	0.0	0.0	0.0	0.0	2.647E-4	0.0	0.0	5.864E-4	0.0017138	0.0026251	0.0105855	0.0455149	0.0907912	0.0967182	0.1002975	0.0850991	0.0732493	0.0739023	0.0621202	0.048834	0.0389033	0.03247	0.0230252	0.022995	0.0202622	0.0191599	0.0141688	0.0156799	0.0116686	0.0090973	0.0077542	0.0023275	7.239E-4	0.0011183	3.426E-4	0.0	0.0	0.0	0.0	0.0	0.0	0.0	0.0	0.0	
Hypolaïs ictérine	0.0	0.0	0.0	0.0	0.0	0.0	0.0	0.0	0.0	0.0	0.0	0.0	0.0	3.5E-4	4.962E-4	0.0015924	0.0045396	0.0013891	6.375E-4	8.613E-4	0.0	0.0	0.0	0.0	0.0	0.0	0.0	0.0	0.0	0.0	0.0	2.34E-4	3.89E-4	6.998E-4	0.0015	0.0015	0.0	0.0	0.0	0.0	0.0	0.0	0.0	0.0	0.0	0.0	0.0	0.0	
Hypolaïs polyglotte ou H. ictérine	0.0	0.0	0.0	0.0	0.0	0.0	0.0	0.0	0.0	0.0	0.0	0.0	0.0	0.0	0.0	0.0	1.621E-4	0.0	0.0	0.0	0.0	0.0	0.0	0.0	0.0	0.0	0.0	0.0	0.0	0.0	0.0	0.0	0.0	0.0	0.0	0.0	0.0	0.0	0.0	0.0	0.0	0.0	0.0	0.0	0.0	0.0	0.0	0.0	
Hippolais sp.	0.0	0.0	0.0	0.0	0.0	0.0	0.0	0.0	0.0	0.0	0.0	0.0	0.0	0.0	0.0	0.0	0.0	0.0	0.0	0.0	0.0	0.0	0.0	0.0	0.0	0.0	0.0	0.0	0.0	0.0	3.149E-4	0.0	0.0	0.0	0.0	0.0	3.619E-4	0.0	0.0	0.0	0.0	0.0	0.0	0.0	0.0	0.0	0.0	0.0	
Phragmite aquatique	0.0	0.0	0.0	0.0	0.0	0.0	0.0	0.0	0.0	0.0	0.0	0.0	0.0	5.25E-4	1.654E-4	1.327E-4	0.0	0.0	0.0	0.0	0.0	0.0	0.0	0.0	0.0	0.0	0.0	0.0	0.0	0.0	0.0	0.0	0.0	0.0	0.0	0.0	0.0	0.0	0.0	0.0	0.0	0.0	0.0	0.0	0.0	0.0	0.0	0.0	
Lusciniole à moustaches	0.0190311	0.0116222	0.0167099	0.0115653	0.0213791	0.0252784	0.0307653	0.0307853	0.0314981	0.0250905	0.0164234	0.0131945	0.0111397	0.0103255	0.0094277	0.0088907	0.0068093	0.0053829	0.0059499	0.0036176	8.049E-4	0.0027829	0.006077	0.0030178	0.0029641	0.0015462	0.0010627	0.0011217	0.0011919	0.0011054	0.0015743	7.021E-4	0.0023337	0.0031491	0.001436	0.0029623	0.0025335	0.0069891	0.0071942	0.0058355	0.0093313	0.0114398	0.0096735	0.0140669	0.0171629	0.0140449	0.0118629	0.0124239	
Phragmite des joncs	0.0	0.0	0.0	0.0	0.0	0.0	0.0	0.0	0.0013235	0.002328	0.0057026	0.0206715	0.02485	0.0213511	0.0125703	0.0096868	0.0051881	0.0015628	0.0017	3.445E-4	2.683E-4	0.0015461	0.0013504	8.23E-4	0.0011115	0.0011596	0.0053135	0.0053281	0.0071514	0.0099484	0.0081864	0.0072549	0.0070012	0.003499	0.0068926	0.0067711	0.0025335	0.0022365	0.0010277	0.0018568	0.0	0.0	0.0	0.0	0.0	0.0	0.0	0.0	
Rousserolle isabelle	0.0	0.0	0.0	0.0	0.0	0.0	0.0	0.0	0.0	0.0	0.0	0.0	0.0	0.0	0.0	0.0	0.0015	0.0	0.0	0.0	0.0	0.0	0.0	0.0	0.0	0.0	0.0	0.0	0.0	0.0	0.0	0.0	0.0	0.0	0.0	0.0	0.0	0.0	0.0	0.0	0.0	0.0	0.0	0.0	0.0	0.0	0.0	0.0	
Rousserolle des buissons	0.0	0.0	0.0	0.0	0.0	0.0	0.0	0.0	0.0	0.0	0.0	0.0	0.0	0.0	0.0	0.0	0.0	0.0	0.0	0.0	0.0	0.0	0.0	0.0	0.0	0.0	0.0	0.0	0.0	0.0	0.0	0.0	0.0	0.0	0.0	0.0	0.0	0.0	0.0	2.653E-4	0.0	0.0	0.0	0.0	0.0	0.0	0.0	0.0	
Rousserolle effarvatte	0.0	0.0	0.0	0.0	0.0	0.0	0.0	0.0	0.0	7.76E-4	0.0011405	0.0057176	0.0296487	0.0682534	0.0947734	0.1153132	0.1335927	0.1276263	0.1100722	0.1026701	0.0847867	0.05906	0.0827144	0.0576132	0.0652093	0.0660997	0.0612823	0.0656197	0.0619785	0.0677966	0.0680101	0.0805055	0.0770128	0.0752274	0.0970706	0.081041	0.0589938	0.0640201	0.0489894	0.027321	0.0085537	0.0059172	0.0024184	0.0015	0.0	0.0	4.394E-4	0.0	
Rousserolle turdoïde	0.0	0.0	0.0	0.0	0.0	0.0	0.0	0.0	0.0	0.0	0.0	0.0024923	0.0195373	0.0644032	0.0858419	0.1111996	0.1322957	0.125369	0.1053974	0.1121447	0.0810303	0.0584416	0.0773126	0.0576132	0.05113	0.0541167	0.0407368	0.0350533	0.0313866	0.0191599	0.0223552	0.017318	0.016725	0.0104969	0.013498	0.007829	0.0079624	0.0041935	0.0030832	7.958E-4	0.0	0.0	0.0	0.0	0.0	0.0	0.0	0.0	
Acrocephalus sp.	0.0	0.0	0.0	0.0	0.0	0.0	0.0	0.0	0.0	0.0	0.0	1.466E-4	6.855E-4	3.5E-4	4.962E-4	3.981E-4	8.106E-4	8.682E-4	8.5E-4	8.613E-4	5.366E-4	6.184E-4	6.752E-4	5.487E-4	0.002223	0.0015	3.542E-4	0.0011217	3.973E-4	3.685E-4	0.0	0.0	0.0	0.0	0.001436	4.232E-4	0.0	0.0	3.426E-4	0.0	0.0	0.0	0.0	0.0	0.0	0.0	0.0	0.0	
Locustelle luscinioïde	0.0	0.0	0.0	0.0	0.0	0.0	0.0	0.0	0.0	0.0012933	0.0036496	0.0098226	0.0137104	0.0161008	0.0127357	0.0172505	0.012808	0.0112867	0.0084998	0.0086133	0.0080494	0.0052566	0.0074274	0.0052126	0.0029641	0.0046386	0.0049593	0.0047672	0.0047676	0.0036846	0.0034635	0.0044465	0.0050564	0.0027992	0.0031591	0.0023275	0.0010858	0.0013978	0.0015	2.653E-4	0.0	0.0	0.0	0.0	0.0	0.0	0.0	0.0	
Locustelle tachetée	1.922E-4	0.0	0.0	0.0	0.0	0.0	0.0	0.0	2.647E-4	2.587E-4	0.0	0.0015	0.0011997	0.0015751	0.0038042	0.0050425	0.0090791	0.0038201	0.0010625	6.891E-4	0.0	0.0	0.0	0.0	0.0	0.0	3.542E-4	0.0	3.973E-4	0.0	3.149E-4	9.361E-4	7.779E-4	0.0017495	0.001436	6.348E-4	0.0015	0.0013978	0.0010277	2.653E-4	0.0	0.0	0.0	0.0	0.0	0.0	0.0	0.0	
locustelle sp.	0.0	0.0	0.0	0.0	0.0	0.0	0.0	0.0	0.0	0.0	0.0	0.0	0.0	0.0	4.962E-4	0.0	0.0015	0.0	0.0	0.0	0.0	0.0	0.0	2.743E-4	0.0	0.0	0.0	0.0	3.973E-4	0.0	0.0	0.0	0.0	0.0	0.0	4.232E-4	0.0	0.0	0.0	0.0	0.0	0.0	0.0	0.0	0.0	0.0	0.0	0.0	
Hirondelle de rivage	1.922E-4	0.0	0.0	0.0	3.011E-4	0.0	0.0015256	0.0052178	0.0087348	0.0331092	0.0476734	0.0787275	0.0906598	0.0721036	0.0779027	0.0759023	0.0684176	0.045494	0.0331492	0.0146425	0.0112691	0.0142239	0.0158677	0.0183813	0.0259355	0.0347893	0.0417995	0.0499159	0.0476758	0.0619013	0.0664358	0.0842499	0.1038506	0.1203639	0.1002298	0.1017774	0.0481361	0.0265586	0.0075368	0.0058355	0.0011664	0.0023669	0.0012092	0.0012504	0.0031524	4.013E-4	4.394E-4	4.872E-4	
Riparia sp.	0.0	0.0	0.0	0.0	0.0	0.0	0.0	0.0	0.0	0.0	0.0	0.0	0.0	1.75E-4	0.0	0.0	0.0	0.0	0.0	0.0	0.0	0.0	0.0	0.0	0.0	0.0	0.0	0.0	0.0	0.0	0.0	0.0	0.0	0.0	0.0	0.0	0.0	0.0	0.0	0.0	0.0	0.0	0.0	0.0	0.0	0.0	0.0	0.0	
Hirondelle de rochers	0.1253364	0.1231454	0.1034284	0.1264207	0.1129178	0.120975	0.0991609	0.1265327	0.1482266	0.1363166	0.0994526	0.0678786	0.051928	0.0481274	0.0436652	0.0441879	0.0432879	0.0451467	0.0571611	0.0466839	0.0617118	0.0575139	0.0634706	0.072428	0.0674324	0.0633939	0.072972	0.0773976	0.0846246	0.0910096	0.0824937	0.0706763	0.041618	0.0409377	0.0238369	0.0342785	0.0408976	0.0511602	0.0633779	0.0697613	0.0672628	0.0781065	0.0697299	0.081588	0.0900175	0.0902889	0.0751318	0.1130329	
Hirondelle rustique	0.0061515	0.0037092	0.0040334	0.0041874	0.0033123	0.0081252	0.0086448	0.0313071	0.0727898	0.180031	0.2675639	0.4154816	0.4956298	0.4893245	0.5198478	0.5260085	0.5201038	0.5089425	0.4445389	0.4335917	0.4094446	0.4047619	0.4162728	0.4060357	0.4338644	0.461925	0.4629826	0.5089736	0.519269	0.5162122	0.5497481	0.5623684	0.5600933	0.5094472	0.4299253	0.4234025	0.3369526	0.2608331	0.1582734	0.0854111	0.0447123	0.0291913	0.019347	0.0125039	0.0157618	0.0048154	0.0043937	0.0060901	
Hirondelle de fenêtre	3.845E-4	2.473E-4	0.0011524	0.0013958	0.0030111	0.009028	0.014747	0.0391338	0.070937	0.1140714	0.1487226	0.2001173	0.2332476	0.2213861	0.2355276	0.2445594	0.2435149	0.271054	0.259881	0.2625323	0.2704588	0.2903525	0.284605	0.2861454	0.3115969	0.3339776	0.3266029	0.3634324	0.3694875	0.3150332	0.3230479	0.3142991	0.2598211	0.2578726	0.1797817	0.184088	0.1440463	0.0757618	0.0455635	0.0153846	0.0031104	0.0019724	0.0	3.126E-4	3.503E-4	0.0015	4.394E-4	2.436E-4	
Hybride Hirondelle rustique x H. de fenêtre	0.0	0.0	0.0	0.0	0.0	0.0	0.0	0.0	0.0	0.0	0.0	0.0	0.0	0.0	0.0	0.0	0.0	0.0	0.0	0.0	0.0	0.0	0.0	0.0	0.0	0.0	0.0	0.0	0.0	0.0	0.0	2.34E-4	0.0	0.0	2.872E-4	2.116E-4	0.0	0.0	0.0	0.0	0.0	0.0	0.0	0.0	0.0	0.0	0.0	0.0	
Hirondelle de fenêtre ou H. de Pallas	0.0	0.0	0.0	0.0	0.0	0.0	0.0	0.0	5.294E-4	5.173E-4	2.281E-4	2.932E-4	1.714E-4	1.75E-4	3.308E-4	0.0	8.106E-4	1.736E-4	6.375E-4	3.445E-4	0.0015	3.092E-4	0.0	2.743E-4	0.0	3.865E-4	0.0	8.413E-4	0.0	0.0011054	0.0015	4.681E-4	3.89E-4	3.499E-4	2.872E-4	2.116E-4	7.239E-4	0.0	0.0	0.0	0.0	0.0	0.0	0.0	0.0	0.0	0.0	0.0	
Delichon sp.	0.0	0.0	2.881E-4	0.0	0.0	0.0	0.0	0.0	0.0	0.0	0.0	0.0	0.0	0.0	0.0	0.0	0.0	0.0	0.0	0.0	0.0	0.0	0.0	0.0	0.0	0.0	0.0	0.0	0.0	0.0	0.0	0.0	0.0	0.0	0.0	0.0	0.0	0.0	0.0	0.0	0.0	0.0	0.0	0.0	0.0	0.0	0.0	0.0	
Hirondelle rousseline	1.922E-4	2.473E-4	0.0	0.0	3.011E-4	0.0015	2.543E-4	0.0060005	0.0108523	0.0087946	0.0184763	0.0180325	0.0226221	0.0243262	0.0289448	0.0281316	0.0261025	0.0349019	0.0305992	0.0242894	0.0217333	0.0256648	0.0185685	0.023594	0.0214894	0.0293777	0.0177117	0.0218732	0.0317839	0.0335298	0.0365239	0.0449333	0.0295605	0.0237929	0.0252728	0.0184088	0.0090481	0.0053117	0.0030832	0.0029178	0.0011664	0.0	8.061E-4	6.252E-4	3.503E-4	0.0	4.394E-4	0.0	
hirondelle sp.	0.0	0.0	0.0	5.982E-4	0.0	0.0	0.0	0.0	0.0	5.173E-4	6.843E-4	0.0011728	0.0017138	7.0E-4	8.27E-4	3.981E-4	6.485E-4	6.946E-4	0.0019125	5.168E-4	0.0018782	6.184E-4	3.376E-4	5.487E-4	0.0011115	0.0011596	0.0015	0.0014021	0.0011919	7.369E-4	9.446E-4	0.0018722	0.0011669	0.0031491	8.616E-4	0.0029623	0.0036193	0.004473	6.852E-4	0.0018568	0.0	0.0015	0.0	0.0	0.0	0.0	0.0	0.0	
Pouillot siffleur	0.0	0.0	0.0	0.0	0.0015	0.0	0.0	0.0	0.0	0.0	0.0	0.0017593	0.0059983	0.0337767	0.0411843	0.0383493	0.0175097	0.0055565	0.0017	0.0015504	0.0	0.0	0.0	0.0	0.0	0.0	0.0	0.0	0.0	3.685E-4	0.0	0.0	0.0	0.0	0.0	2.116E-4	0.0	0.0	0.0	0.0	0.0	0.0	0.0	0.0	0.0	0.0	0.0	0.0	
Pouillot de Bonelli	0.0	0.0015	0.0	0.0	0.0	0.0	0.0	2.609E-4	5.294E-4	7.76E-4	0.0013686	0.0244832	0.0711225	0.1291565	0.1599405	0.1548567	0.1605058	0.1656538	0.1908202	0.1813953	0.1937215	0.2012987	0.1796084	0.1791495	0.1670989	0.1437959	0.1076869	0.0740325	0.0548272	0.0364775	0.0242443	0.0219986	0.0101128	0.0090973	0.0025847	0.0014812	0.0014477	0.0019569	3.426E-4	7.958E-4	0.0	0.0	0.0	0.0	0.0	0.0	0.0	0.0	
Pouillot à grands sourcils	0.0044214	0.0024728	2.881E-4	0.0043868	0.0039145	0.0033103	0.0022883	5.218E-4	0.0015	0.0	0.0	1.466E-4	0.0015	0.0	3.308E-4	0.0	0.0	0.0	0.0	0.0	0.0	0.0	0.0	0.0	0.0	0.0	0.0	0.0	0.0	0.0	0.0	0.0	0.0	0.0	0.0	0.0	7.239E-4	0.0075482	0.008222	0.0119363	0.0062208	0.0067061	0.0028214	9.378E-4	3.503E-4	0.0024077	8.787E-4	0.0017052	
Pouillot de Hume	0.0042291	0.0054402	0.0072025	0.0035892	0.0060223	0.0036112	0.0022883	0.0033916	0.0015881	0.0010347	0.002281	0.0016127	0.0010283	7.0E-4	0.0011578	0.0010616	0.0	0.0	0.0	0.0	0.0	0.0	0.0	0.0	0.0	0.0	0.0	0.0	0.0	0.0	0.0	0.0	0.0	0.0	0.0	0.0	0.0	0.0	0.0	0.0	3.888E-4	0.0	0.0	0.001563	7.005E-4	0.0	0.0	0.0036541	
Pouillot à grands sourcils ou P. de Hume	0.0	0.0	0.0	0.0	0.0	0.0	0.0	0.0	0.0	0.0	0.0	0.0	0.0	0.0	1.654E-4	0.0	0.0	0.0	0.0	0.0	0.0	0.0	0.0	0.0	0.0	0.0	0.0	0.0	0.0	0.0	0.0	0.0	0.0	0.0	0.0	0.0	0.0	0.0	0.0	0.0	0.0	0.0	0.0	0.0	0.0	0.0	0.0	0.0	
Pouillot de Pallas	0.0076894	0.0064293	5.762E-4	0.0023928	0.0021078	3.009E-4	0.001017	2.609E-4	2.647E-4	5.173E-4	4.562E-4	0.0	0.0032562	0.0047252	4.962E-4	1.327E-4	0.0	0.0	0.0	0.0	0.0	0.0	0.0	0.0	0.0	0.0	0.0	0.0	0.0	0.0	0.0	0.0	0.0	0.0	0.0	0.0	0.0	0.0	0.0	0.0	0.0	0.0011834	0.0020153	0.0	0.0	0.0	0.0	0.0107186	
Pouillot brun	0.0	0.0	0.0	0.0	0.0	0.0	0.0	0.0	0.0	0.0	0.0	0.0	0.0	0.0	0.0	0.0	0.0	0.0	0.0	0.0	0.0	0.0	0.0	0.0	0.0	0.0	0.0	0.0	0.0	0.0	0.0	0.0	0.0	0.0	0.0	0.0	0.0	0.0	0.0	0.0	0.0	0.0	4.031E-4	3.126E-4	0.0	0.0	0.0	0.0	
Pouillot fitis	0.0	0.0	0.0	0.0	0.0	0.0	0.0	5.218E-4	0.0010588	0.005432	0.0207573	0.0756487	0.1367609	0.1564578	0.1374462	0.1230096	0.0852789	0.0420212	0.0063748	0.0020672	2.683E-4	3.092E-4	3.376E-4	0.0	3.705E-4	0.0	7.085E-4	0.0016826	0.0071514	0.0180545	0.0421914	0.0903347	0.1069623	0.1245626	0.1045376	0.0922556	0.0770901	0.052558	0.0253511	0.0124668	7.776E-4	0.0019724	8.061E-4	9.378E-4	0.0	0.0	0.0	0.0	
Pouillot véloce	0.4563629	0.4713155	0.4399309	0.4526421	0.4540801	0.4535059	0.4497839	0.4654318	0.47009	0.4733575	0.4333942	0.3373406	0.2445587	0.1573329	0.0860073	0.0559979	0.0535019	0.0369856	0.0465363	0.0368648	0.0453448	0.0408163	0.0449021	0.0548697	0.0392738	0.0371086	0.030464	0.0291643	0.0429082	0.0453206	0.0506927	0.0465715	0.0326721	0.0377887	0.0307295	0.0605163	0.1925443	0.3430249	0.4080164	0.4554377	0.4976672	0.4903353	0.4929464	0.4760863	0.4718039	0.473114	0.4859402	0.4884287	
Pouillot fitis ou P. véloce	0.0	0.0	0.0	0.0	0.0	0.0015	0.0	0.0	0.0	0.0	0.0	1.466E-4	5.141E-4	5.25E-4	0.0015	1.327E-4	3.243E-4	3.473E-4	0.0	0.0	0.0	0.0	3.376E-4	0.0	3.705E-4	0.0	0.0	2.804E-4	0.0	0.0	3.149E-4	7.021E-4	0.0	0.0	5.744E-4	6.348E-4	7.239E-4	2.796E-4	0.0	0.0	3.888E-4	3.945E-4	0.0	0.0	0.0015	0.0	0.0	0.0015	
Pouillot ibérique	0.0	0.0	0.0	0.0	0.0	0.0	0.0	5.218E-4	7.941E-4	0.002328	0.0038777	0.0042516	0.0037704	0.0014001	9.924E-4	7.962E-4	0.0	0.0	0.0	0.0	0.0	0.0	0.0	0.0	0.0	0.0	0.0	0.0	0.0	0.0	0.0	0.0	0.0	0.0	0.0	0.0015	3.619E-4	0.0	0.0	0.0	0.0	0.0	0.0	3.126E-4	0.0	4.013E-4	0.0	0.0	
Pouillot véloce ou P. ibérique	0.0	0.0	0.0	0.0	0.0	0.0	0.0	2.609E-4	0.0	2.587E-4	2.281E-4	4.398E-4	0.0	0.0	0.0	0.0	0.0	0.0	0.0	0.0	0.0	0.0	0.0	0.0	0.0	0.0	0.0	0.0	0.0	0.0	0.0	0.0	0.0	0.0	0.0	0.0	0.0	0.0	0.0	0.0	0.0	0.0	0.0	0.0	0.0	0.0	0.0	0.0	
pouillot sp.	0.0017301	7.418E-4	2.881E-4	7.976E-4	3.011E-4	6.019E-4	7.628E-4	5.218E-4	0.0013235	5.173E-4	6.843E-4	0.0027855	0.0039417	0.0031502	0.0028118	0.0034501	0.002594	0.0015628	4.25E-4	8.613E-4	5.366E-4	6.184E-4	3.376E-4	8.23E-4	7.41E-4	3.865E-4	0.0010627	0.0011217	3.973E-4	0.0022108	0.0047229	0.0028083	0.0038895	0.0024493	8.616E-4	0.002116	0.0043431	0.0036343	0.0013703	0.0018568	0.0011664	0.0015779	0.0012092	0.0018756	0.0010508	0.0012039	8.787E-4	9.744E-4	
Bouscarle de Cetti	0.1995386	0.1990603	0.2065687	0.2089731	0.2318579	0.2446584	0.2517162	0.2734151	0.2924828	0.3021211	0.2976734	0.2885207	0.2867181	0.2710886	0.2542177	0.2481423	0.2159533	0.2022921	0.199745	0.1962102	0.1620606	0.157081	0.15395	0.1012346	0.0892923	0.0854271	0.0687212	0.0849692	0.1044895	0.1068534	0.1357053	0.1806693	0.2049786	0.2319804	0.2409535	0.241642	0.2830257	0.2952195	0.2747516	0.2870027	0.2620529	0.2856016	0.2498992	0.2253829	0.2402802	0.225923	0.2359402	0.2323995	
Orite à longue queue	0.1632065	0.1740851	0.1535581	0.1692921	0.1764529	0.1763467	0.1721332	0.162275	0.1479619	0.1438179	0.1211223	0.1234423	0.1319623	0.1354568	0.1347999	0.1265924	0.1138132	0.1007119	0.1126222	0.1140396	0.1105447	0.113791	0.102971	0.103155	0.1193034	0.1213761	0.1062699	0.1110488	0.1267382	0.124171	0.1394836	0.1415867	0.1454687	0.1469559	0.1163125	0.1278036	0.165038	0.1744479	0.1915039	0.1896552	0.1912908	0.1897436	0.1813785	0.1784933	0.180035	0.1801766	0.1858524	0.1768575	
Fauvette à tête noire	0.200692	0.2302176	0.2209738	0.2428714	0.2174044	0.2055372	0.2069667	0.2094965	0.198253	0.2209002	0.2258212	0.2863217	0.3360754	0.3246412	0.2700959	0.2273089	0.213035	0.2066331	0.2583935	0.2489233	0.2728736	0.3089054	0.3079001	0.3083676	0.3127084	0.2833398	0.2483174	0.1982614	0.1640842	0.1230656	0.1155542	0.1090569	0.0952937	0.1081176	0.1019529	0.1379602	0.23308	0.2611127	0.2898253	0.2851459	0.2741058	0.2658777	0.2402257	0.2260081	0.1943958	0.2014446	0.2170475	0.2219245	
Fauvette des jardins	0.0	0.0	0.0	0.0	0.0	0.0	0.0	0.0	0.0	0.0	2.281E-4	0.0	8.569E-4	0.0033252	0.0064505	0.0187102	0.0252918	0.0220524	0.0178496	0.0156761	0.0163671	0.0200989	0.0162053	0.0148148	0.0148203	0.0100503	0.0113355	0.0047672	0.0059595	0.0077377	0.0097607	0.0119354	0.0124465	0.016795	0.0112005	0.0076174	0.0123055	0.0100643	0.0017129	0.002122	7.776E-4	0.0	0.0	0.0	0.0	0.0	0.0	0.0	
Fauvette babillarde	0.0	0.0	0.0	0.0	0.0	0.0	0.0	0.0	0.0	0.0	0.0	0.0049846	0.0	1.75E-4	1.654E-4	1.327E-4	0.0	0.0	0.0	0.0	0.0	0.0	0.0	0.0	0.0	0.0	0.0	0.0	0.0	0.0	0.0	0.0	0.0	0.0	2.872E-4	0.0	0.0	0.0015	0.0015	2.653E-4	0.0	0.0	0.0	0.0	0.0	0.0	0.0	0.0	
Fauvette orphée	0.0	0.0	0.0	0.0	0.0	0.0	0.0	0.0	0.0	0.0	0.0	1.466E-4	0.0011997	0.0047252	0.0135627	0.02362	0.0283722	0.0234416	0.0286868	0.0234281	0.0238798	0.0269017	0.0118163	0.0134431	0.0088922	0.0081175	0.0038966	0.0033651	0.003973	0.0029477	0.0050378	0.0035104	0.0015558	3.499E-4	5.744E-4	8.464E-4	0.0015	0.0016774	0.0	5.305E-4	0.0	0.0	0.0	0.0	0.0	0.0	0.0	0.0	
Fauvette mélanocéphale	0.3617839	0.4080119	0.3797177	0.377667	0.3848238	0.3629251	0.3747775	0.3788155	0.3573319	0.3991205	0.4028285	0.390412	0.3789203	0.3918446	0.3633807	0.3613323	0.3331712	0.3344331	0.3504037	0.3436693	0.328146	0.3487941	0.3072248	0.2866941	0.2997406	0.2756088	0.2589444	0.2748177	0.2733413	0.2575534	0.2811713	0.2937047	0.3127188	0.3173548	0.276278	0.2763436	0.3771263	0.3888734	0.4121274	0.4376658	0.4214619	0.4374753	0.4296655	0.4188809	0.3863398	0.4241573	0.4301406	0.4070646	
Fauvette de Moltoni	0.0	0.0	0.0	0.0	0.0	0.0	0.0	0.0	0.0	0.0	0.0	4.398E-4	0.0015	1.75E-4	1.654E-4	0.0038482	0.0034047	8.682E-4	0.0	0.0	0.0	0.0	0.0	0.0	0.0	0.0	0.0	0.0	0.0	0.0	0.0	0.0	0.0	0.0	0.0	0.0	0.0	0.0	0.0	0.0015	0.0	0.0	0.0	0.0	0.0	0.0	0.0	0.0	
Fauvette passerinette	0.0	0.0	0.0	0.0	0.0	0.0	0.0	0.0	2.647E-4	0.0020693	0.008896	0.0376778	0.0688946	0.0778789	0.0666556	0.0569268	0.0507458	0.0468831	0.0501487	0.047373	0.0536625	0.0556586	0.043214	0.0447188	0.0296406	0.0289911	0.0201913	0.021032	0.0290028	0.0291083	0.0390428	0.0491458	0.0443407	0.056683	0.0439403	0.0302581	0.0365545	0.0136986	0.0051387	0.002122	0.0	0.0	0.0	3.126E-4	0.0	0.0	0.0	0.0	
Fauvette de Moltoni, F. passerinette ou F. des Balkans	0.0	0.0	0.0	0.0	0.0	0.0	0.0	0.0	0.0	0.0	2.281E-4	0.0	0.0	0.0	0.0	2.654E-4	1.621E-4	0.0	0.0	0.0	0.0	0.0	0.0	0.0	0.0	0.0	0.0	0.0	0.0	0.0	0.0	0.0	0.0	0.0	0.0	0.0	0.0	0.0	0.0	0.0	0.0	0.0	0.0	0.0	0.0	0.0	0.0	0.0	
Fauvette grisette	0.0	0.0	0.0	0.0	0.0	0.0	0.0	0.0	0.0	2.587E-4	6.843E-4	0.0061575	0.0155955	0.0337767	0.0355607	0.0460456	0.0342088	0.013544	0.0050999	0.0049957	0.0034881	0.0024737	0.0027009	0.0032922	0.0018525	0.0027058	0.0053135	0.0028043	0.003973	0.008843	0.0176322	0.0248069	0.0283936	0.0349895	0.0278576	0.0215827	0.0162866	0.0061504	0.0034258	7.958E-4	0.0	0.0	4.031E-4	3.126E-4	0.0	0.0	0.0	0.0	
Fauvette à lunettes	0.0	0.0	0.0	1.994E-4	0.0	0.0	2.543E-4	2.609E-4	0.0015	0.0	9.124E-4	8.796E-4	8.569E-4	0.0019251	0.003308	0.0031847	0.0050259	0.0039937	0.0019125	0.0024117	0.0026831	6.184E-4	0.0010128	0.0010974	3.705E-4	3.865E-4	0.0010627	0.0011217	0.0015892	0.0	6.297E-4	4.681E-4	7.779E-4	0.0010497	0.001436	6.348E-4	0.0014477	2.796E-4	0.0	0.0	3.888E-4	3.945E-4	4.031E-4	0.0	0.0	0.0	0.0	0.0	
Fauvette sarde	0.0	0.0	0.0	0.0	0.0	0.0	0.0	0.0	0.0018528	0.0020693	0.0	0.0	0.0	0.0	0.0	0.0	0.0	0.0	0.0	0.0	0.0	0.0	0.0	0.0	0.0	0.0	0.0	0.0	0.0	0.0	0.0	0.0	0.0	0.0	0.0	0.0	0.0	0.0	0.0	0.0	0.0	0.0	0.0	0.0	0.0	0.0	0.0	0.0	
Fauvette pitchou	0.027105	0.0254698	0.0201671	0.0201396	0.0189702	0.0159494	0.0134757	0.0140882	0.0089995	0.008536	0.0102646	0.0054244	0.0089117	0.0105005	0.0117433	0.01181	0.016537	0.0171905	0.020187	0.0177433	0.0193185	0.0247372	0.0118163	0.0178326	0.0107447	0.0088906	0.0088558	0.0106562	0.0087406	0.0040531	0.0110202	0.0126375	0.0163361	0.0115465	0.0117748	0.0156581	0.0206298	0.0254403	0.0311751	0.030504	0.0252722	0.0366864	0.0314389	0.0340731	0.0315236	0.0337079	0.0254833	0.028989	
Curruca sp.	0.0	0.0	0.0	0.0	0.0	0.0	0.0	0.0	0.0	0.0	0.0	0.0	0.0	0.0	0.0	1.327E-4	0.0	0.0	0.0	0.0	0.0	0.0	0.0	0.0	0.0	0.0	0.0	0.0	0.0	0.0	0.0	0.0	0.0	0.0	0.0	0.0	0.0	0.0	3.426E-4	0.0	0.0	0.0	0.0	0.0	0.0	0.0	0.0	0.0	
Sylvia ou Curruca sp.	9.612E-4	0.0	0.0	5.982E-4	0.0015	3.009E-4	2.543E-4	2.609E-4	7.941E-4	0.0012933	2.281E-4	8.796E-4	0.0010283	0.0010501	6.616E-4	0.0010616	6.485E-4	0.0013891	0.0010625	5.168E-4	0.0013416	0.0015461	0.0	2.743E-4	0.0018525	7.731E-4	7.085E-4	0.0014021	0.0019865	0.0029477	9.446E-4	0.0023403	0.0027227	0.0010497	8.616E-4	0.002116	0.0021716	5.591E-4	0.0027407	5.305E-4	0.0	0.0011834	0.0028214	3.126E-4	0.0	4.013E-4	8.787E-4	0.001218	
Passeriformes sp. (fauvette de l'ancien monde sp.)	0.0	0.0	0.0	0.0	0.0	0.0	0.0	0.0	0.0	2.587E-4	0.0	0.0	0.0	0.0	0.0	0.0	0.0	0.0	0.0	0.0	5.366E-4	0.0	0.0	0.0	0.0	3.865E-4	0.0	0.0	0.0	0.0	0.0	7.021E-4	0.0	0.0	0.0	0.0	0.0	0.0	0.0	2.653E-4	0.0	0.0	0.0	0.0	0.0	0.0	0.0	0.0	
Léiothrix jaune	0.01807	0.0192878	0.0259291	0.0235294	0.0207769	0.0150466	0.0150013	0.0185233	0.0169402	0.0175892	0.0166515	0.0214045	0.0173093	0.0239762	0.0256368	0.0237527	0.0273995	0.0293454	0.038674	0.0425495	0.0520526	0.0739023	0.0661715	0.0650206	0.072249	0.0614612	0.0658874	0.0555244	0.0556218	0.0464259	0.0258186	0.0355722	0.0322832	0.0297411	0.026996	0.0296234	0.0271444	0.0215264	0.0304899	0.0262599	0.0303266	0.0240631	0.0270052	0.0218818	0.0136602	0.0172552	0.0210896	0.017296	
Roitelet huppé	0.0376778	0.0365974	0.0218957	0.027318	0.0292081	0.0318989	0.02746	0.0203496	0.018793	0.0116399	0.0093522	0.0063041	0.0054841	0.0059503	0.0069467	0.0067675	0.0074578	0.0085084	0.0133872	0.0111972	0.021465	0.0197897	0.0236327	0.0323731	0.024824	0.0204871	0.0208998	0.0199103	0.0270163	0.0254237	0.0242443	0.0234028	0.0062233	0.0083975	0.0054566	0.0086754	0.0141151	0.0131395	0.0215827	0.0175066	0.0307154	0.0418146	0.0475615	0.0531416	0.0465849	0.0529695	0.0413005	0.0501827	
Roitelet à triple bandeau	0.0972703	0.0986647	0.0895995	0.1000997	0.1071966	0.0990069	0.1098398	0.1067049	0.0921122	0.0892395	0.0862226	0.0933881	0.0995716	0.1043052	0.1008932	0.0973992	0.1042477	0.1047057	0.1332342	0.1274763	0.1317413	0.1357452	0.1225523	0.1116598	0.0967025	0.0908388	0.0832448	0.0830062	0.1060787	0.0906411	0.090995	0.0999298	0.092571	0.096571	0.0829983	0.0964875	0.1295693	0.1266424	0.1363481	0.1289125	0.1209176	0.1143984	0.1152761	0.1140982	0.0928196	0.1083467	0.1080844	0.1057247	
Roitelet huppé ou R. à triple bandeau	9.612E-4	7.418E-4	5.762E-4	0.0013958	3.011E-4	0.0015047	7.628E-4	5.218E-4	0.0	5.173E-4	4.562E-4	0.0	3.428E-4	1.75E-4	1.654E-4	2.654E-4	6.485E-4	5.209E-4	6.375E-4	3.445E-4	2.683E-4	3.092E-4	3.376E-4	8.23E-4	3.705E-4	0.0	0.0015	0.0015	0.0027811	3.685E-4	0.0012594	7.021E-4	0.0	3.499E-4	2.872E-4	0.0015	7.239E-4	2.796E-4	6.852E-4	2.653E-4	7.776E-4	0.0011834	4.031E-4	0.0018756	0.0017513	0.0012039	8.787E-4	0.0014616	
Tichodrome échelette	0.0017301	0.0022255	0.0031691	0.0023928	0.0039145	0.0030093	0.0033054	0.0015654	0.0015881	7.76E-4	0.0011405	5.864E-4	3.428E-4	3.5E-4	1.654E-4	0.0	1.621E-4	0.0	0.0	0.0	0.0	9.276E-4	3.376E-4	5.487E-4	3.705E-4	3.865E-4	0.0	0.0015	3.973E-4	7.369E-4	6.297E-4	0.0015	0.0	3.499E-4	0.0	4.232E-4	3.619E-4	8.387E-4	0.0013703	0.0015915	0.001944	0.0015779	0.0032245	0.0028134	0.0028021	0.0044141	0.0026362	0.0031669	
Sittelle torchepot	0.0472895	0.0499505	0.0492653	0.0530409	0.0502861	0.0535661	0.0554284	0.05557	0.0391742	0.0413864	0.0399179	0.0480868	0.0565553	0.0460273	0.043996	0.0346338	0.0358301	0.0288244	0.0378241	0.028596	0.0415884	0.0463822	0.0469278	0.0573388	0.0615043	0.0688056	0.0566773	0.0633763	0.0806516	0.0718497	0.0739924	0.076527	0.0579541	0.0521344	0.0313038	0.0416843	0.05827	0.0494828	0.0507023	0.0501326	0.0587092	0.0587771	0.057638	0.0490778	0.0409807	0.0477528	0.051406	0.0492083	
Grimpereau des bois	7.689E-4	2.473E-4	2.881E-4	3.988E-4	0.0	0.0	5.085E-4	0.0	0.0	2.587E-4	0.0015	4.398E-4	5.141E-4	7.0E-4	8.27E-4	0.0018577	0.0024319	0.002431	0.0021249	0.0013781	0.0018782	0.0015461	0.0030385	0.0038409	0.0025936	0.0027058	0.0049593	0.0033651	0.0067541	0.0025792	0.0040932	0.0028083	3.89E-4	6.998E-4	8.616E-4	8.464E-4	7.239E-4	8.387E-4	0.0010277	2.653E-4	0.0	3.945E-4	0.0	0.0	7.005E-4	4.013E-4	0.0	2.436E-4	
Grimpereau des jardins	0.1255286	0.1409496	0.1316623	0.1559322	0.1665161	0.1543786	0.1675566	0.1633185	0.1461091	0.1689084	0.1637774	0.1639056	0.1689803	0.1881344	0.1751571	0.1618896	0.1720169	0.1746831	0.2082448	0.1970715	0.2055272	0.2384045	0.2072924	0.2150892	0.2311967	0.1986857	0.1973078	0.1988222	0.2181168	0.1823876	0.1873426	0.1921367	0.168028	0.1696991	0.1257898	0.1366906	0.1625045	0.1610288	0.1699212	0.1649867	0.1621306	0.1534517	0.1414752	0.1422319	0.1232925	0.1444623	0.1300527	0.1412911	
Grimpereau des bois ou G. des jardins	0.0	2.473E-4	2.881E-4	1.994E-4	3.011E-4	3.009E-4	2.543E-4	0.0	0.0	0.0015	0.0	0.0015	1.714E-4	1.75E-4	0.0	1.327E-4	0.0	0.0	0.0	0.0	0.0010732	0.0	3.376E-4	2.743E-4	0.0	3.865E-4	0.0010627	0.0	7.946E-4	3.685E-4	0.0	0.0015	7.779E-4	0.0	0.0	0.0	3.619E-4	2.796E-4	3.426E-4	2.653E-4	3.888E-4	0.0	4.031E-4	0.0	0.0	0.0	0.0	2.436E-4	
grimpereau sp.	0.0	0.0	0.0	0.0	0.0	3.009E-4	0.0	0.0	0.0	0.0	0.0	0.0	0.0	0.0	0.0	0.0	0.0	0.0	0.0	0.0	0.0	0.0	0.0	0.0	0.0	0.0	0.0	0.0	0.0	0.0	0.0	0.0	0.0	0.0	0.0	0.0	3.619E-4	0.0	0.0	0.0	0.0	0.0	0.0	0.0	0.0	0.0	0.0	0.0	
Troglodyte mignon	0.0615148	0.0568744	0.0501296	0.0542373	0.0587173	0.0535661	0.0701754	0.0761805	0.066702	0.0801862	0.0741332	0.0955872	0.0899743	0.0920546	0.0934502	0.08612	0.096952	0.0927244	0.1213345	0.1224806	0.1475718	0.1604824	0.1465226	0.1495199	0.1141163	0.0939312	0.0811194	0.0701066	0.0854191	0.0677966	0.0576196	0.0552305	0.0388954	0.0374388	0.0284319	0.0334321	0.0524792	0.0564719	0.0743405	0.0742706	0.090591	0.0832347	0.0798065	0.0775242	0.0700525	0.0698234	0.0610721	0.0657734	
Cincle plongeur	0.0176855	0.0121167	0.0115241	0.0095713	0.0102379	0.0117364	0.0155098	0.012001	0.0097935	0.0072426	0.006615	0.0080633	0.0087404	0.0070004	0.0082699	0.0075637	0.0064851	0.0045147	0.0089248	0.0080965	0.0120741	0.0098949	0.0084402	0.0145405	0.0118562	0.0139157	0.0201913	0.0168256	0.0182757	0.023213	0.0245592	0.0189562	0.0077791	0.0087474	0.0057438	0.0093102	0.0104958	0.0114621	0.0126756	0.0084881	0.0171073	0.0102564	0.0076582	0.0090653	0.0122592	0.0176565	0.0109842	0.0136419	
Étourneau sansonnet	0.3819685	0.3929278	0.3843273	0.3844467	0.3902439	0.3803792	0.3773201	0.353509	0.3478031	0.3683394	0.3444343	0.337927	0.3532134	0.3384669	0.3309626	0.3277601	0.3192283	0.3203681	0.3066298	0.301292	0.2591897	0.2541744	0.2434166	0.2096022	0.1648759	0.1495941	0.1222104	0.1346046	0.178387	0.1606485	0.1801008	0.2232623	0.2574874	0.2827152	0.2564618	0.2647059	0.3449149	0.3704221	0.3864337	0.4156499	0.4482893	0.4532544	0.4474002	0.4116912	0.4007005	0.4305778	0.4046573	0.3880633	
Étourneau unicolore	0.0732411	0.080366	0.0844137	0.089332	0.0803975	0.0818537	0.086448	0.0991391	0.1090524	0.1057941	0.0985401	0.1162586	0.130934	0.1466573	0.1531591	0.1439756	0.1473735	0.1588818	0.1515087	0.1312661	0.1129595	0.106679	0.0941931	0.0812071	0.0659504	0.0618477	0.05774	0.0549635	0.0635677	0.0674282	0.0560453	0.0711444	0.0847919	0.0584325	0.0901781	0.0778671	0.0770901	0.0844283	0.0815348	0.0880637	0.0719285	0.0737673	0.0697299	0.0718975	0.0725044	0.0714286	0.0760105	0.0706456	
Étourneau sansonnet ou É. unicolore	0.0409458	0.0497033	0.042639	0.0472582	0.0376393	0.0427325	0.0361048	0.0433081	0.036792	0.0354371	0.0371807	0.0375312	0.0373608	0.0302765	0.0325835	0.0350318	0.044585	0.0378538	0.0354866	0.0372093	0.0399785	0.0466914	0.0334234	0.0296296	0.0285291	0.0255122	0.0290471	0.0280426	0.0198649	0.0246868	0.0223552	0.0304236	0.041618	0.0388383	0.05112	0.0397799	0.0456026	0.0452893	0.05173	0.0538462	0.0392691	0.0410256	0.0362757	0.0321976	0.0315236	0.0473515	0.038225	0.0414129	
Étourneau roselin	0.0	0.0	0.0	1.994E-4	0.0	0.0	0.0	0.0	0.0	0.0	0.0015	0.0015	0.0	0.0	0.0	0.0	0.0	0.0	0.0	5.168E-4	0.0018782	0.0021645	0.0	0.0	0.0	0.0	0.0	0.0	0.0	0.0	0.0	0.0	0.0	0.0	5.744E-4	0.0	3.619E-4	0.0015	0.0	7.958E-4	0.0	0.0	0.0	0.0	0.0	0.0	0.0	0.0	
Martin triste	0.0	0.0	0.0	0.0	0.0	0.0	0.0	0.0	0.0	0.0	0.0	0.0	0.0	0.0015	0.0	0.0	0.0	0.0	0.0	0.0	0.0	0.0	0.0	0.0	0.0	0.0	0.0	0.0	0.0	0.0	0.0	0.0	0.0	0.0	0.0	0.0	0.0	0.0	0.0	0.0	0.0	0.0	0.0	0.0	0.0	0.0	0.0	0.0	
Choucador superbe	0.0	0.0	0.0	0.0	0.0	0.0	0.0	0.0	0.0	0.0	2.281E-4	0.0	0.0	0.0	0.0	0.0	0.0	0.0	0.0	0.0	0.0	0.0	0.0	0.0	0.0	0.0	0.0	0.0	0.0	0.0	0.0	0.0	0.0	0.0	0.0	0.0	0.0	0.0	0.0	0.0	0.0	0.0	0.0	0.0	0.0	0.0	0.0	0.0	
Moqueur chat	0.0	0.0	0.0	0.0	0.0	0.0	0.0	0.0	0.0	0.0	0.0	0.0	0.0	0.0	0.0	0.0	1.621E-4	0.0	0.0	0.0	0.0	0.0	0.0	0.0	0.0	0.0	0.0	0.0	0.0	0.0	0.0	0.0	0.0	0.0	0.0	0.0	0.0	0.0	0.0	0.0	0.0	0.0	0.0	0.0	0.0	0.0	0.0	0.0	
Grive draine	0.0519031	0.0546489	0.0541631	0.0540379	0.0496838	0.0529642	0.0518688	0.0461779	0.0418211	0.0439731	0.035812	0.0422225	0.0442159	0.0481274	0.0482964	0.0427282	0.0403696	0.0428894	0.0626859	0.0508183	0.0651999	0.0556586	0.0526671	0.0652949	0.0555761	0.0475454	0.0566773	0.0409422	0.0441001	0.0420044	0.0371537	0.0329979	0.0268378	0.0377887	0.0241241	0.0268726	0.0383641	0.0522784	0.0589243	0.0567639	0.068818	0.0674556	0.0564289	0.0597062	0.0563923	0.0626003	0.0593146	0.0587089	
Grive musicienne	0.1372549	0.1594955	0.1601844	0.1692921	0.1632039	0.1637075	0.1673023	0.1578398	0.14955	0.1510605	0.1056113	0.0882569	0.0879177	0.0729786	0.0570625	0.0479034	0.0483139	0.0540024	0.0703357	0.0640827	0.0804937	0.0773036	0.0833896	0.0825789	0.0644683	0.0525705	0.0382572	0.0277622	0.0361542	0.018423	0.020466	0.0161479	0.0101128	0.0118964	0.007467	0.0173508	0.0524792	0.1392228	0.2117163	0.2432361	0.2025661	0.1988166	0.1559855	0.1559862	0.1418564	0.1464687	0.1564148	0.1507917	
Grive mauvis	0.0121107	0.0163205	0.0146932	0.0139581	0.0111412	0.0126392	0.0076278	0.0075659	0.0039704	0.0064666	0.0027372	5.864E-4	0.0011997	1.75E-4	1.654E-4	0.0	0.0	0.0	0.0	0.0	0.0	0.0	0.0	0.0	0.0	0.0	0.0	0.0	0.0	0.0	0.0	0.0	0.0	0.0	0.0	0.0	0.0015	0.0027956	0.0027407	0.0124668	0.0252722	0.0284024	0.025796	0.0203188	0.0175131	0.0176565	0.0144991	0.0151035	
Merle noir	0.3308343	0.347181	0.3566695	0.3651047	0.3959651	0.380981	0.3717264	0.3733368	0.3557438	0.3911019	0.388458	0.3920246	0.4109683	0.4515226	0.4450877	0.4408174	0.4322309	0.441917	0.4929877	0.4794143	0.5041588	0.5095857	0.4743417	0.437037	0.412375	0.3768844	0.3120793	0.3039821	0.2904251	0.2586588	0.2679471	0.2490054	0.2283158	0.2368789	0.1955773	0.2024968	0.2935215	0.3159072	0.3662213	0.3840849	0.3942457	0.3708087	0.362757	0.3591747	0.3166375	0.3394864	0.3510545	0.3454324	
Grive litorne	0.0044214	0.0042038	0.0040334	0.0047856	0.0042156	0.0027084	0.0022883	0.0015654	0.0013235	0.0018107	4.562E-4	0.0013195	3.428E-4	1.75E-4	0.0	2.654E-4	0.0	0.0	0.0	0.0	0.0	0.0	0.0	0.0	0.0	0.0	0.0	0.0	0.0	0.0	0.0	0.0	0.0	0.0	0.0	2.116E-4	7.239E-4	0.0015	3.426E-4	0.0018568	0.0027216	0.0043393	0.0088674	0.0093779	0.0115587	0.0124398	0.0092267	0.0073082	
Merle à plastron	0.0011534	9.891E-4	0.0011524	9.97E-4	0.0021078	3.009E-4	5.085E-4	2.609E-4	5.294E-4	0.0010347	0.0011405	0.0024923	0.00497	0.0031502	0.0019848	0.0038482	0.0032425	0.0038201	0.0053124	0.005168	0.0099276	0.004329	0.0087779	0.0123457	0.0081512	0.0065713	0.0056677	0.005889	0.0051649	0.0029477	0.0037783	0.0011701	3.89E-4	0.0017495	2.872E-4	0.0027507	0.0028954	0.0083869	0.0078794	0.0068966	0.0066096	0.0098619	0.0072551	0.006252	0.0031524	0.0012039	0.0013181	0.0019488	
Turdus sp.	3.845E-4	7.418E-4	5.762E-4	9.97E-4	6.022E-4	6.019E-4	0.001017	2.609E-4	0.0	5.173E-4	0.0	2.932E-4	1.714E-4	1.75E-4	1.654E-4	1.327E-4	1.621E-4	1.736E-4	2.125E-4	1.723E-4	2.683E-4	3.092E-4	0.0	2.743E-4	0.0	0.0	0.0015	2.804E-4	7.946E-4	0.0	6.297E-4	0.0	0.0	0.0	0.0	2.116E-4	3.619E-4	5.591E-4	0.0020555	5.305E-4	7.776E-4	0.0027613	4.031E-4	0.0012504	0.0010508	0.0016051	4.394E-4	7.308E-4	
turdidé sp.	1.922E-4	0.0	0.0	1.994E-4	0.0	3.009E-4	0.0	2.609E-4	0.0	0.0	0.0	0.0	0.0	0.0	0.0	0.0	0.0	0.0	0.0	0.0	2.683E-4	0.0	0.0	0.0	0.0	0.0	0.0	0.0	3.973E-4	0.0	0.0	0.0	0.0	0.0	0.0	2.116E-4	0.0	0.0	3.426E-4	5.305E-4	3.888E-4	0.0	0.0	0.0	0.0	0.0	0.0	0.0	
Gobemouche gris	0.0	0.0	0.0	0.0	0.0	0.0	0.0	0.0	2.647E-4	0.0	2.281E-4	0.0015	8.569E-4	0.0024501	0.0167053	0.069931	0.099546	0.1041848	0.0801105	0.0632214	0.0539308	0.046073	0.0523295	0.0576132	0.0781771	0.072671	0.0697839	0.0717891	0.0655542	0.0744289	0.0730479	0.0664638	0.0560093	0.0615815	0.0493969	0.0486669	0.0658704	0.0383003	0.0099349	0.002122	0.0	0.0	0.0	0.0	0.0	0.0	0.0	0.0	
Rougegorge familier	0.4896194	0.5356083	0.5214636	0.5114656	0.495935	0.466446	0.4457157	0.4523872	0.4147697	0.4216244	0.3697536	0.3238528	0.2915167	0.2619881	0.2117102	0.1808652	0.1750973	0.1765932	0.2209945	0.2160207	0.2398712	0.2600495	0.2444294	0.2293553	0.1967395	0.172787	0.1487779	0.1477846	0.1771951	0.16986	0.1722292	0.1708402	0.1481914	0.1777467	0.1596783	0.2196361	0.4165762	0.5325692	0.6135663	0.6464191	0.6454121	0.6493097	0.6170899	0.5814317	0.5471103	0.5537721	0.5782074	0.5310597	
Rossignol philomèle	0.0	0.0	0.0	0.0	0.0	0.0	0.0	0.0	5.294E-4	2.587E-4	6.843E-4	0.0073303	0.0574122	0.1832342	0.2962289	0.348328	0.3704604	0.35527	0.3637909	0.3290267	0.3174135	0.3188002	0.2606347	0.2079561	0.1656169	0.1159644	0.1013107	0.1135726	0.1382598	0.1473839	0.1501889	0.1406506	0.1042396	0.0612316	0.0275704	0.0090986	0.004705	0.004473	0.0020555	0.001061	3.888E-4	0.0	0.0	0.0	0.0	0.0	0.0	0.0	
Gorgebleue à miroir	0.0394079	0.024728	0.0296744	0.0269192	0.028907	0.0234728	0.0239003	0.0294808	0.0357332	0.0331092	0.0234945	0.0133412	0.0059983	0.0019251	4.962E-4	1.327E-4	0.0	0.0	0.0	1.723E-4	0.0	3.092E-4	0.0	0.0	0.0	0.0	0.0	0.0	0.0	0.0	0.0015743	0.0056167	0.0046674	0.0104969	0.0192418	0.0294118	0.0322114	0.0329885	0.0270641	0.0312997	0.0291602	0.0268245	0.0197501	0.0259456	0.0339755	0.0248796	0.0303163	0.0311815	
Robin à flancs roux	0.0011534	0.0	0.0	0.0	0.0	0.0	0.0	0.0	0.0	0.0	0.0	0.0	0.0	0.0	0.0	0.0	0.0	0.0	0.0	0.0	0.0	0.0	0.0	0.0	0.0	0.0	0.0	0.0	0.0	0.0	0.0	0.0	0.0	0.0	0.0	0.0	0.0	0.0	0.0	0.0015	0.0	0.0	4.031E-4	6.252E-4	0.01331	8.026E-4	0.0	0.0	
Gobemouche nain	0.0	0.0	0.0	0.0	0.0	0.0	0.0	0.0	0.0	0.0	0.0	0.0	0.0	0.0	0.0	0.0	0.0	0.0	0.0	0.0	0.0015	0.0	0.0	0.0	0.0	0.0	0.0	0.0	0.0	0.0	0.0	0.0	0.0	0.0	0.0	2.116E-4	0.0015	0.0	0.0015	0.0015915	0.0046656	0.0023669	0.0	0.0	0.0	0.0	0.0	0.0	
Gobemouche à demi-collier	0.0	0.0	0.0	0.0	0.0	0.0	0.0	0.0	0.0	0.0	0.0	0.0	0.0	0.0	0.0	0.0	0.0	0.0015628	0.0	0.0	0.0	0.0	0.0	0.0	0.0	0.0	0.0	0.0	0.0	0.0	0.0	0.0	0.0	0.0	0.0	0.0	0.0	0.0	0.0	0.0	0.0	0.0	0.0	0.0	0.0	0.0	0.0	0.0	
Gobemouche noir	0.0	0.0	0.0	0.0	0.0	0.0	0.0	0.0	2.647E-4	0.0	9.124E-4	0.0049846	0.0233076	0.1030802	0.1316573	0.1959926	0.1220817	0.0604272	0.0195495	0.0056848	0.0016099	0.0012369	3.376E-4	2.743E-4	3.705E-4	0.0015462	3.542E-4	0.003926	0.0059595	0.0268976	0.0702141	0.1401825	0.1221315	0.1854444	0.1335439	0.1102412	0.0843286	0.0315907	0.0113052	0.0039788	0.0015552	7.89E-4	4.031E-4	0.0	3.503E-4	0.0	0.0	0.0	
Gobemouche à collier	0.0	0.0	0.0	0.0	0.0	0.0	0.0	0.0	0.0	0.0	0.0	0.0	5.141E-4	0.0063003	0.0043004	0.0050425	0.0037289	0.0017364	2.125E-4	0.0	0.0	0.0	0.0	0.0	0.0	0.0	0.0	0.0	0.0	0.0	0.0	0.0	0.0	0.0	0.0	0.0	0.0	0.0	0.0	0.0	0.0	0.0	0.0	0.0	0.0	0.0	0.0	0.0	
Hybride Gobemouche noir x G. à collier	0.0	0.0	0.0	0.0	0.0	0.0	0.0	0.0	0.0	0.0	0.0	0.0	0.0	0.0	1.654E-4	3.981E-4	0.0	0.0	0.0	0.0	0.0	0.0	0.0	0.0	0.0	0.0	0.0	0.0	0.0	0.0	0.0	0.0	0.0	0.0	0.0	0.0	0.0	0.0	0.0	0.0	0.0	0.0	0.0	0.0	0.0	0.0	0.0	0.0	
Ficedula sp.	0.0	0.0	0.0	0.0	0.0	0.0	0.0	0.0	0.0	0.0	0.0	0.0	0.0	5.25E-4	6.616E-4	5.308E-4	0.0014591	0.0015	2.125E-4	0.0	0.0	0.0	0.0	0.0	0.0	0.0	0.0	0.0	0.0	0.0	0.0	0.0	0.0	0.0	0.0	2.116E-4	3.619E-4	0.0	6.852E-4	0.0013263	0.0	0.0	0.0	0.0	0.0	0.0	0.0	0.0	
Rougequeue à front blanc	0.0	0.0	0.0	0.0	0.0	0.0	0.0	0.0	7.941E-4	0.0025867	0.0130018	0.0533646	0.0910026	0.1057053	0.0893152	0.0829352	0.0405318	0.0177114	0.0057374	0.003273	0.0048296	0.0037106	3.376E-4	0.0032922	0.0029641	3.865E-4	0.0024796	0.0022434	0.003973	0.0117907	0.0239295	0.0540604	0.0451186	0.0615815	0.0597358	0.066441	0.0883098	0.0517193	0.0184995	0.0127321	0.0015552	0.0011834	0.0015	0.0	0.0	0.0	0.0	0.0	
Rougequeue noir	0.4033064	0.4127102	0.3906655	0.3804586	0.3763927	0.340957	0.3333333	0.3255935	0.3374801	0.3230729	0.2896898	0.1949861	0.1449871	0.1100805	0.1005624	0.0821391	0.0773346	0.0803959	0.0979601	0.1019811	0.1341562	0.1283241	0.1350439	0.1415638	0.1281956	0.1117124	0.1197308	0.100673	0.094557	0.0932203	0.095403	0.0870583	0.0657332	0.0713786	0.0557151	0.0677105	0.0991676	0.1330724	0.2470024	0.3700265	0.4848367	0.5025641	0.4860943	0.4745233	0.4178634	0.4365971	0.4345343	0.3978076	
Hybride Rougequeue à front blanc x R. noir	0.0	0.0	0.0	0.0	0.0	0.0	0.0	0.0	0.0	0.0	0.0	1.466E-4	0.0	0.0	0.0	0.0	0.0	0.0	0.0	0.0	0.0	0.0	0.0	0.0	0.0	0.0	0.0	0.0	0.0	0.0	0.0	0.0	0.0	0.0	0.0	0.0	0.0	0.0	0.0	0.0	0.0	0.0	4.031E-4	0.0	3.503E-4	4.013E-4	0.0	0.0	
Rougequeue à front blanc ou R. noir	0.0	0.0	0.0	0.0	0.0	0.0	0.0	0.0	0.0	0.0	0.0	0.0	0.0	0.0015	0.0	0.0	0.0	0.0	0.0	0.0	0.0	0.0	0.0	0.0	0.0	0.0	0.0	0.0	0.0	0.0	0.0	0.0	0.0	0.0	0.0	0.0	0.0	0.0	0.0	2.653E-4	0.0	0.0	0.0	0.0	0.0	0.0	0.0	0.0	
rougequeue sp.	0.0	0.0	0.0	0.0	0.0	0.0	0.0	0.0	0.0	0.0	0.0	0.0	0.0	0.0	0.0	0.0	0.0	0.0	0.0	0.0	0.0	0.0	0.0	0.0	0.0	0.0	0.0	0.0	3.973E-4	0.0	0.0	0.0	0.0	0.0	0.0	0.0	0.0	0.0	0.0	0.0	0.0	0.0	0.0	0.0	0.0	0.0	0.0	0.0	
Monticole de roche	0.0	0.0	0.0	0.0	0.0	0.0	0.0	0.0	0.0	0.0	0.0	4.398E-4	1.714E-4	0.0010501	0.001654	0.0042463	0.0034047	0.0055565	0.0044624	0.0043066	0.0112691	0.0077304	0.012154	0.018107	0.0118562	0.0108233	0.0113355	0.0086932	0.0087406	0.0055269	0.0047229	0.0049146	0.0015558	0.0013996	8.616E-4	0.0	0.0014477	0.0	0.0	2.653E-4	0.0	0.0	0.0	0.0	0.0	0.0	0.0	0.0	
Monticole bleu	0.0134564	0.0143422	0.008643	0.0163509	0.0126468	0.0159494	0.0119502	0.0127837	0.0134992	0.0181066	0.0180201	0.0187656	0.0202228	0.0213511	0.0229904	0.0261412	0.0192931	0.0269144	0.0223119	0.0261843	0.0265629	0.0293754	0.0327481	0.0304527	0.0259355	0.0224198	0.015232	0.0117779	0.0139054	0.0162122	0.0176322	0.0135736	0.0206145	0.0195941	0.0175187	0.0160813	0.0224394	0.0234834	0.0157588	0.0116711	0.0097201	0.0126233	0.0153164	0.0128165	0.0150613	0.0096308	0.0149385	0.0107186	
Tarier des prés	0.0	0.0	0.0	0.0	0.0	0.0	0.0	0.0	5.294E-4	2.587E-4	6.843E-4	0.0020525	0.0070266	0.0231012	0.0478002	0.0651539	0.0426394	0.0210106	0.0150871	0.0044789	0.0029514	6.184E-4	0.0013504	0.0060357	0.002223	0.0011596	0.0021254	0.0022434	0.0035757	0.0055269	0.0081864	0.0124035	0.0350058	0.0517845	0.0422171	0.0412611	0.0271444	0.0117417	0.0020555	0.002122	0.0	0.0	0.0	0.0	3.503E-4	0.0	0.0	0.0	
Tarier pâtre	0.2206844	0.2178536	0.215788	0.2027916	0.2143933	0.1892868	0.1746758	0.1633185	0.1614611	0.1350233	0.0818887	0.0627474	0.0639246	0.0530277	0.0593781	0.0578556	0.0633917	0.0557388	0.0745856	0.0582257	0.0649316	0.0667904	0.0594193	0.0633745	0.0500185	0.0467723	0.0396741	0.0384184	0.0377433	0.0346352	0.0336902	0.0409548	0.0400622	0.0493352	0.0367605	0.0516293	0.1154542	0.164104	0.1942446	0.2270557	0.2352255	0.2433925	0.210399	0.212879	0.2336252	0.2411717	0.2319859	0.2309379	
Tarier des prés ou T. pâtre	0.0	0.0	0.0	0.0	0.0	0.0	0.0	0.0	0.0	0.0	0.0	0.0	0.0	0.0	0.0	1.327E-4	0.0	0.0	0.0	0.0	0.0	0.0	0.0	0.0	0.0	0.0	0.0	0.0	0.0	0.0	0.0	0.0	0.0	0.0	0.0	0.0	0.0	0.0	0.0	0.0	0.0	0.0	0.0	0.0	0.0	0.0	0.0	0.0	
Tarier de Sibérie	0.0	2.473E-4	2.881E-4	0.0015	0.0	0.0	0.0	0.0	0.0	0.0	0.0	0.0	0.0	0.0	0.0	0.0	0.0	0.0	0.0	0.0	0.0	0.0	0.0	0.0	0.0	0.0	0.0	0.0	0.0	0.0	0.0	0.0	0.0	0.0	0.0	0.0	0.0	0.0	0.0	0.0	0.0	0.0	0.0	0.0	0.0	0.0	0.0	0.0	
Traquet motteux	0.0	0.0	0.0	0.0	0.0	0.0	0.0	2.609E-4	0.0	0.001552	0.006615	0.0151004	0.0229649	0.0355268	0.0525968	0.0692675	0.0556096	0.0394166	0.0267743	0.0182601	0.025758	0.0235003	0.0283592	0.0444444	0.0348277	0.0309239	0.0414453	0.0286035	0.0270163	0.0353721	0.0437657	0.068102	0.0707896	0.0916725	0.0769673	0.073212	0.0662324	0.0355046	0.0284344	0.0079576	0.0050544	7.89E-4	0.0	3.126E-4	0.0	0.0	0.0	0.0	
Traquet isabelle	0.0	0.0	0.0	0.0	0.0	0.0	0.0	0.0	0.0	0.0	0.0	1.466E-4	0.0	0.0	0.0	0.0	0.0	0.0	0.0	0.0	0.0	0.0	0.0	0.0	0.0	0.0	0.0	0.0	0.0	0.0	0.0	0.0	0.0	0.0	0.0	0.0	0.0	0.0	0.0	0.0	0.0	0.0	0.0	0.0	0.0	0.0	0.0	0.0	
Traquet du désert	9.612E-4	0.0015	0.0	0.0	0.0	0.0	0.0	0.0	0.0	0.0	0.0	0.0	0.0	0.0	0.0	0.0	0.0	0.0	0.0	0.0	0.0	0.0	0.0	0.0	0.0	0.0	0.0	0.0	0.0	0.0	0.0	0.0	0.0	0.0	0.0	0.0	0.0	0.0	0.0	0.0	3.888E-4	0.0	0.0	0.0	0.0056042	0.0096308	4.394E-4	7.308E-4	
Traquet oreillard	0.0	0.0	0.0	0.0	0.0	0.0	0.0	0.0	0.0	0.0	9.124E-4	0.0070371	0.012168	0.0134757	0.0200132	0.0187102	0.0205901	0.0211842	0.0250744	0.0170543	0.0142206	0.012987	0.0101283	0.0112483	0.0059281	0.0069579	0.0092101	0.0044868	0.0075487	0.0058954	0.0094458	0.0067868	0.0070012	0.0027992	5.744E-4	8.464E-4	7.239E-4	2.796E-4	0.0	2.653E-4	0.0	0.0	0.0	0.0	0.0	0.0	0.0	0.0	
Traquet oreillard ou T. noir et blanc	0.0	0.0	0.0	0.0	0.0	0.0	0.0	0.0	0.0	0.0	0.0	0.0	0.0	0.0015	0.0	0.0	0.0	0.0	0.0	0.0	0.0	0.0	0.0	0.0	0.0	0.0	0.0	0.0	0.0	0.0	0.0	0.0	0.0	0.0	0.0	0.0	0.0	0.0	0.0	0.0	0.0	0.0	0.0	0.0	0.0	0.0	0.0	0.0	
Traquet rieur	0.0015379	0.0024728	0.0017286	0.0021934	0.00271	0.0027084	0.0030511	0.0028698	0.0031763	0.0043973	0.0050182	0.0024923	0.003599	0.0036752	0.0038042	0.0031847	0.0059987	0.0050356	0.0048874	0.0063738	0.0024148	0.0034014	0.0027009	0.0021948	0.0029641	0.0023193	0.0042508	0.0014021	0.0031784	0.0018423	0.0034635	0.0023403	0.0015558	0.0031491	0.0028719	0.0014812	0.0010858	0.0047526	0.0020555	0.0015915	3.888E-4	7.89E-4	0.0032245	0.0018756	0.0021016	0.0016051	0.0017575	0.0019488	
Oenanthe sp.	1.922E-4	0.0	0.0	0.0	0.0	0.0	0.0	0.0	0.0	0.0	0.0	0.0	0.0	1.75E-4	0.0	1.327E-4	3.243E-4	0.0015	0.0	0.0	0.0	0.0	0.0	0.0	0.0	0.0	0.0	0.0	0.0	0.0	0.0	0.0	3.89E-4	0.0	0.0	0.0	0.0	0.0	0.0	0.0015	0.0	0.0	0.0	0.0	0.0	0.0	0.0	0.0	
Diamant mandarin	0.0	0.0	0.0	0.0	3.011E-4	0.0	0.0	0.0	0.0	0.0	0.0	0.0	0.0	0.0	0.0	0.0	0.0	0.0	0.0	0.0	0.0	0.0	0.0	0.0	0.0	0.0	0.0	0.0	0.0	0.0	0.0	0.0	3.89E-4	0.0	0.0	0.0	0.0	0.0	0.0	2.653E-4	0.0	0.0	0.0	0.0	0.0	0.0	0.0	0.0	
Astrild ondulé	0.0605536	0.0603363	0.0581965	0.0498504	0.052695	0.0544689	0.0457666	0.0378294	0.0460561	0.0475944	0.0538321	0.0486732	0.0485004	0.059678	0.0502812	0.0585191	0.0616083	0.059559	0.059286	0.0632214	0.0584921	0.0627706	0.0644835	0.0620027	0.0685439	0.0626208	0.0662416	0.0790802	0.0893921	0.0821665	0.0963476	0.1156096	0.1252431	0.120014	0.1053992	0.1032586	0.1570756	0.1520828	0.1634121	0.1862069	0.1819596	0.165286	0.1519549	0.1300406	0.0977233	0.1107544	0.0984183	0.0803898	
Astrild cendré	0.0	0.0	0.0	0.0	0.0	0.0	0.0	0.0	0.0	0.0	0.0	0.0	0.0	3.5E-4	0.0	0.0	0.0	0.0	0.0	0.0	0.0	0.0	0.0	0.0	0.0	0.0	0.0	0.0	0.0	0.0	0.0	0.0	0.0	0.0	0.0	0.0	0.0	0.0	0.0	0.0	0.0	0.0	0.0	0.0	0.0	0.0	0.0	0.0	
Bengali rouge	0.0	0.0	0.0	0.0	0.0	0.0	0.0015	0.0	0.0	2.587E-4	0.0	0.0	0.0	0.0	1.654E-4	1.327E-4	0.0	0.0	0.0	1.723E-4	0.0	0.0	0.0	0.0	0.0	0.0	0.0	0.0	0.0	0.0	0.0	0.0	0.0	0.0	2.872E-4	0.0	0.0	0.0	0.0	2.653E-4	3.888E-4	0.0	4.031E-4	0.0	0.0	0.0	0.0	0.0	
estrildidé sp.	0.0	0.0	0.0	0.0	0.0	0.0	0.0	0.0	0.0	0.0	0.0	0.0	0.0	0.0	0.0	0.0	0.0	0.0	0.0	0.0	0.0	0.0	0.0	0.0	0.0	0.0	0.0	0.0	0.0	0.0	0.0	0.0	0.0	0.0	0.0	2.116E-4	0.0	0.0	0.0	0.0	0.0	0.0	0.0	0.0	0.0	0.0	0.0	0.0	
Accenteur alpin	0.0080738	0.0039565	0.0043215	0.0059821	0.0075279	0.0060187	0.0066107	0.0052178	0.0039704	0.002328	0.0015967	0.0017593	0.0020566	5.25E-4	8.27E-4	3.981E-4	1.621E-4	3.473E-4	2.125E-4	5.168E-4	8.049E-4	0.0012369	6.752E-4	0.0024691	0.001482	0.0019327	0.0017712	0.0025238	0.0027811	0.0018423	0.0037783	0.0021062	0.0011669	0.0017495	5.744E-4	0.001058	0.0010858	0.0	0.0013703	0.0013263	0.0069984	0.0149901	0.0217654	0.0215692	0.0143608	0.0168539	0.0158172	0.0102314	
Accenteur mouchet	0.0743945	0.0806133	0.0803803	0.0745763	0.0557061	0.0535661	0.0416984	0.0386121	0.0338804	0.0256079	0.0100365	0.0076235	0.0111397	0.0113756	0.0125703	0.0115446	0.0107004	0.0112867	0.0261368	0.0223945	0.0321975	0.0343228	0.0381499	0.0502058	0.0333457	0.0212601	0.0290471	0.0241167	0.0290028	0.0280029	0.0251889	0.0269132	0.0140023	0.016795	0.006031	0.0129073	0.0130293	0.0246016	0.0346009	0.0570292	0.0777605	0.078501	0.0806127	0.0850266	0.0816112	0.0786517	0.0839192	0.0745432	
Moineau domestique	0.40792	0.4248269	0.3923941	0.4155533	0.4468534	0.4327415	0.4500381	0.4646491	0.4565908	0.4901707	0.4940693	0.4917168	0.5304199	0.5462023	0.5550777	0.5654193	0.5619326	0.5752735	0.5543986	0.5739879	0.5766032	0.5624613	0.5806887	0.5404664	0.5698407	0.5697719	0.5235565	0.5457095	0.5105284	0.4929993	0.4609572	0.4432483	0.4021781	0.3855843	0.3721999	0.3264917	0.4035469	0.4168297	0.4268585	0.4496021	0.4560653	0.4548323	0.4212011	0.4216943	0.4227671	0.4438202	0.4178383	0.4082826	
Moineau espagnol	0.0	0.0	0.0	0.0	0.0	0.0	0.0	0.0	0.0	0.0	0.0	0.0	0.0	3.5E-4	0.0018194	0.0015924	0.0011349	1.736E-4	0.0010625	0.0012059	5.366E-4	3.092E-4	3.376E-4	5.487E-4	0.0018525	0.0	0.0	0.0	0.0	0.0	0.0	0.0	0.0	0.0	0.0	0.0	0.0	0.0	0.0	0.0	0.0	0.0	0.0	0.0	0.0	0.0	0.0	0.0	
Hybride Moineau domestique x M. espagnol	0.0	2.473E-4	0.0	0.0	0.0	0.0	0.0	0.0	0.0	0.0	0.0	0.0	0.0	0.0	0.0	0.0	3.243E-4	0.0	2.125E-4	0.0	0.0	0.0	0.0	0.0	3.705E-4	0.0	0.0	0.0	0.0	0.0	0.0	0.0	0.0	0.0	0.0	0.0	0.0	0.0	0.0	0.0	0.0	0.0	0.0	0.0	0.0	0.0	0.0	0.0	
Moineau friquet	0.118416	0.1389713	0.130798	0.1373878	0.147847	0.1474571	0.1390796	0.1338377	0.1593436	0.1616658	0.1530566	0.1486586	0.1705227	0.1725586	0.1753225	0.1658705	0.1616407	0.1566244	0.1459839	0.1574505	0.1459619	0.1376005	0.1512492	0.1418381	0.1319007	0.1511403	0.1278781	0.150028	0.1501788	0.1436993	0.1187028	0.1245027	0.1131855	0.1004199	0.0936244	0.1064325	0.1588853	0.1635449	0.1623844	0.1737401	0.1823484	0.1779093	0.1491334	0.158487	0.1355517	0.152488	0.1502636	0.1274056	
Hybride Moineau domestique x M. friquet	0.0	0.0	0.0	0.0	0.0	0.0	0.0	0.0	0.0	0.0	0.0	0.0	0.0	0.0	0.0	0.0	0.0015	0.0	2.125E-4	0.0	0.0	0.0	0.0	0.0	0.0	0.0	0.0	0.0	0.0	0.0	0.0	0.0	0.0	0.0	0.0	0.0	0.0	0.0	0.0	0.0	0.0	0.0	0.0	0.0	0.0	0.0	0.0	0.0	
Moineau domestique ou M. friquet	0.0	0.0	0.0	1.994E-4	6.022E-4	0.0	2.543E-4	0.0	0.0	0.0	0.0	0.0	3.428E-4	7.0E-4	4.962E-4	7.962E-4	3.243E-4	0.0015	6.375E-4	0.0010336	8.049E-4	9.276E-4	3.376E-4	8.23E-4	0.0	7.731E-4	0.0017712	0.0028043	0.0	0.0	0.0	0.0011701	0.0	0.0	2.872E-4	0.0	3.619E-4	2.796E-4	3.426E-4	0.0	0.0	0.0	0.0	3.126E-4	0.0015	4.013E-4	0.0	0.0	
Passer sp.	1.922E-4	0.0	0.0	1.994E-4	3.011E-4	3.009E-4	0.0	0.0	0.0	0.0	0.0	0.0	0.0	0.0	1.654E-4	0.0	0.0	0.0	0.0	0.0	0.0	3.092E-4	0.0015	0.0	0.0	0.0	0.0	2.804E-4	0.0	3.685E-4	0.0	0.0	0.0	0.0	5.744E-4	4.232E-4	3.619E-4	5.591E-4	0.0	0.0	0.0	0.0	0.0	0.0	0.0	0.0	0.0	0.0	
Moineau soulcie	0.011534	0.0131058	0.0115241	0.0141575	0.0111412	0.0183569	0.0150013	0.01461	0.0127051	0.0144853	0.0161953	0.0161267	0.0203942	0.0189009	0.0223288	0.0238854	0.0296693	0.0300399	0.0356991	0.0341085	0.0354172	0.038961	0.0351114	0.037037	0.0366803	0.0247391	0.0184201	0.0143017	0.0182757	0.0169492	0.0173174	0.016616	0.0132244	0.0104969	0.0103389	0.009945	0.0159247	0.0162147	0.0147311	0.0124668	0.0136081	0.0134122	0.0108827	0.0109409	0.0129597	0.0116372	0.0061511	0.0114495	
Niverolle alpine	1.922E-4	4.946E-4	2.881E-4	0.0013958	0.0024089	0.0021065	0.0012713	7.827E-4	2.647E-4	0.0015	0.0	0.0011728	0.0015	0.0	0.0	0.0	0.0	0.0	2.125E-4	0.0	0.0	0.0015	0.0	0.0	0.0	0.0	0.0	0.0	0.0	0.0	0.0	0.0	3.89E-4	6.998E-4	0.0	0.0	0.0	0.0	0.0	0.0	0.0034992	0.0059172	0.0032245	0.0078149	0.0049037	0.0024077	0.0026362	0.0017052	
Bergeronnette des ruisseaux	0.1376394	0.1570227	0.15327	0.1335992	0.1195423	0.1348179	0.1179761	0.1239238	0.1217575	0.0869115	0.0629562	0.0409031	0.0382177	0.0344767	0.0350645	0.0321125	0.0269131	0.0272617	0.0297493	0.0346253	0.0488328	0.0361781	0.0506415	0.0573388	0.0426084	0.0421337	0.0506553	0.0417835	0.0580056	0.0585851	0.0632872	0.0484437	0.0431739	0.0388383	0.0462378	0.064325	0.1382555	0.1613084	0.1664954	0.1801061	0.1780715	0.1960552	0.1688835	0.1703657	0.1576182	0.1733547	0.163884	0.1461632	
Bergeronnette printanière	0.0094195	0.0049456	0.0048977	0.003988	0.0048178	0.0036112	0.0035596	0.0044352	0.0140286	0.0250905	0.0652372	0.1165518	0.1604113	0.1503325	0.1531591	0.1499469	0.1344034	0.1083521	0.0711857	0.0718346	0.0568822	0.0414348	0.0550304	0.0441701	0.0440904	0.0425203	0.0368402	0.0437465	0.0441001	0.0467944	0.0683249	0.1027381	0.1493582	0.1473058	0.1970132	0.1559458	0.0912052	0.0536763	0.0226105	0.0119363	0.0031104	0.0023669	0.0036276	0.0025008	0.0024518	0.0040128	0.0035149	0.0034105	
Bergeronnette orientale	0.0040369	7.418E-4	8.643E-4	0.0	3.011E-4	0.0	5.085E-4	0.0	0.0	2.587E-4	0.0	0.0	0.0	0.0	0.0	0.0	0.0	0.0	0.0	0.0	0.0	0.0	0.0	0.0	0.0	0.0	0.0	0.0	0.0	0.0	0.0	0.0	0.0	0.0	0.0	0.0	0.0	0.0	0.0	0.0	0.0	0.0	0.0	0.0	0.0	0.0	0.0	7.308E-4	
Bergeronnette printanière ou B. orientale	0.0015	0.0	0.0	0.0	0.0	0.0	0.0	0.0	0.0	0.0	0.0	0.0	0.0	0.0	0.0	0.0	0.0	0.0	0.0	0.0	0.0	0.0	0.0	0.0	0.0	0.0	0.0	0.0	0.0	0.0	0.0	0.0	0.0	0.0	0.0	0.0	0.0	0.0	0.0	0.0	0.0	0.0	0.0	0.0	0.0	0.0015	0.0	0.0015	
Bergeronnette citrine	0.0	0.0	0.0	1.994E-4	9.033E-4	6.019E-4	0.0015	0.0	5.294E-4	0.0	0.0	0.0	0.0011997	0.0	4.962E-4	0.0	0.0	0.0	0.0	0.0	0.0	0.0	0.0	0.0	0.0	0.0	0.0	0.0	0.0	0.0	0.0	9.361E-4	0.0023337	0.0	0.0043079	0.0033855	3.619E-4	2.796E-4	0.0	0.0	0.0	0.0	0.0	0.0	0.0	0.0	0.0	0.0	
Bergeronnette grise	0.4809689	0.4812067	0.474503	0.4574277	0.4655224	0.4568161	0.444953	0.4505609	0.4626787	0.4573202	0.4014599	0.3440844	0.3249357	0.2681134	0.2527291	0.224655	0.205415	0.2088904	0.2037824	0.1951766	0.1972096	0.2050093	0.2238352	0.2301783	0.2278622	0.2319289	0.2157279	0.2361189	0.2546683	0.2402358	0.2367758	0.2450269	0.2228705	0.2312806	0.2010339	0.2164621	0.3163228	0.3502935	0.4076739	0.4787798	0.4992224	0.513215	0.4889158	0.4826508	0.4858144	0.5144462	0.4942882	0.4799026	
bergeronette sp.	7.689E-4	2.473E-4	2.881E-4	9.97E-4	6.022E-4	0.0	0.0015256	5.218E-4	0.0010588	0.0012933	4.562E-4	4.398E-4	6.855E-4	7.0E-4	1.654E-4	2.654E-4	8.106E-4	5.209E-4	4.25E-4	1.723E-4	8.049E-4	3.092E-4	3.376E-4	5.487E-4	3.705E-4	7.731E-4	0.0015	0.0011217	7.946E-4	7.369E-4	6.297E-4	7.021E-4	7.779E-4	3.499E-4	5.744E-4	8.464E-4	0.0018096	2.796E-4	3.426E-4	0.0015915	3.888E-4	3.945E-4	8.061E-4	6.252E-4	3.503E-4	0.0012039	0.0013181	7.308E-4	
Pipit de Richard	0.0017301	0.0019782	2.881E-4	0.0011964	9.033E-4	9.028E-4	5.085E-4	2.609E-4	2.647E-4	2.587E-4	4.562E-4	0.0015	5.141E-4	0.0	0.0	0.0	0.0	0.0	0.0	0.0	0.0	0.0	0.0	0.0	0.0	0.0	0.0	0.0	0.0	0.0	0.0	2.34E-4	0.0	0.0	0.0	0.0	0.0	0.0	0.0	0.0	0.0	0.0	8.061E-4	6.252E-4	0.0021016	4.013E-4	0.0017575	0.0031669	
Pipit rousseline	0.0	0.0	0.0	0.0	0.0	0.0	0.0	0.0	2.647E-4	2.587E-4	6.843E-4	0.0010262	0.0029135	0.0070004	0.0148859	0.0138004	0.0147536	0.017885	0.0140246	0.0115418	0.0142206	0.0136054	0.012154	0.0128944	0.0118562	0.0081175	0.0081474	0.0033651	0.003973	0.0040531	0.0037783	0.008191	0.0124465	0.0125962	0.0112005	0.0044435	0.0032573	0.0013978	0.0010277	0.001061	0.0	0.0	0.0	0.0	0.0	0.0	0.0	0.0	
Pipit farlouse	0.2443291	0.2168645	0.2353789	0.2073779	0.1945197	0.188384	0.1721332	0.1797548	0.1776072	0.1720124	0.1421077	0.1218296	0.0856898	0.0238012	0.0064505	0.0025212	6.485E-4	1.736E-4	0.0	0.0	0.0	0.0	0.0	0.0	0.0	0.0	0.0	0.0	0.0	0.0	0.0	0.0	3.89E-4	0.0	0.0011488	0.0033855	0.0231632	0.0810735	0.1702638	0.2153846	0.2453344	0.260355	0.2309553	0.2547671	0.2861646	0.2692616	0.2618629	0.2570037	
Pipit des arbres	0.0	0.0	0.0	1.994E-4	0.0	0.0	0.0	0.0	0.0	2.587E-4	9.124E-4	0.0082099	0.0174807	0.0218761	0.0224942	0.0189756	0.0113489	0.0060774	0.0076498	0.0039621	0.004293	0.0055659	0.0074274	0.0085048	0.0044461	0.0030924	0.0014169	0.0022434	0.0027811	0.0025792	0.009131	0.0266791	0.0392843	0.0580826	0.0384836	0.035548	0.0278683	0.0181717	0.012333	0.0098143	0.0015552	3.945E-4	0.0	0.0018756	0.0	0.0	0.0	0.0	
Pipit à dos olive	0.0	0.0	0.0	0.0	0.0	0.0	0.0	0.0	0.0	0.0	0.0	0.0	0.0	0.0	0.0	0.0015	0.0	0.0	0.0	0.0	0.0	0.0	0.0	0.0	0.0	0.0	0.0	0.0	0.0	0.0	0.0	0.0	0.0	0.0	2.872E-4	0.0	0.0	0.0	0.0	2.653E-4	7.776E-4	3.945E-4	0.0	0.0	0.0	0.0	0.0	0.0	
Pipit à gorge rousse	0.0	0.0015	0.0	1.994E-4	0.0	0.0	0.0	0.0	0.0	2.587E-4	0.0	4.398E-4	1.714E-4	0.0038502	0.0090969	0.0099522	0.0072957	6.946E-4	2.125E-4	1.723E-4	0.0	0.0	0.0	0.0	0.0	0.0	0.0	0.0	0.0	0.0	0.0	4.681E-4	0.0	0.0	0.0	2.116E-4	0.0015	2.796E-4	0.0	0.0015915	0.0	0.0	0.0	0.0	3.503E-4	0.0015	0.0	0.0	
Pipit spioncelle	0.0701653	0.0536597	0.0633823	0.0570289	0.0596206	0.0526633	0.0518688	0.0493086	0.0582319	0.0530264	0.0547445	0.0479402	0.0423308	0.0178509	0.0099239	0.0051752	0.0027562	0.0059038	0.0082873	0.0060293	0.0104642	0.0092764	0.0172181	0.0211248	0.0163023	0.0115964	0.0198371	0.0103758	0.0194676	0.0180545	0.0214106	0.0175521	0.0073901	0.0108467	0.0025847	0.0065595	0.0123055	0.0299133	0.047619	0.0535809	0.057154	0.0568047	0.0544135	0.0553298	0.0774081	0.0718299	0.0654657	0.0657734	
Pipit maritime	0.0	0.0	0.0	0.0	0.0	0.0	0.0	0.0	0.0	0.0	0.0	0.0	0.0	0.0	0.0	0.0	0.0	0.0	0.0	0.0	0.0	0.0	0.0	0.0	0.0	0.0	0.0	0.0	0.0	0.0	0.0	0.0	0.0	0.0	0.0	0.0	0.0	0.0	3.426E-4	2.653E-4	0.0	0.0011834	0.0015	0.0	0.0	4.013E-4	4.394E-4	0.0	
Anthus sp.	1.922E-4	0.0012364	2.881E-4	7.976E-4	3.011E-4	3.009E-4	7.628E-4	0.0013045	7.941E-4	0.0010347	9.124E-4	0.0011728	0.001371	5.25E-4	4.962E-4	1.327E-4	3.243E-4	3.473E-4	2.125E-4	1.723E-4	0.0	3.092E-4	3.376E-4	5.487E-4	0.0	0.0	7.085E-4	2.804E-4	7.946E-4	0.0	6.297E-4	7.021E-4	0.0	3.499E-4	0.0	8.464E-4	0.0010858	0.0025161	0.0020555	0.0039788	0.003888	0.0011834	4.031E-4	0.001563	3.503E-4	0.0	0.0013181	0.001218	
Pinson des arbres	0.3923491	0.4183976	0.417747	0.4229312	0.4137308	0.3987361	0.3788457	0.3733368	0.3507147	0.3466115	0.2721259	0.2084738	0.1713796	0.1496325	0.1491895	0.1272558	0.1311608	0.1350929	0.1852954	0.1810508	0.2060639	0.2303649	0.2086428	0.230727	0.1989626	0.1619637	0.145944	0.1071228	0.1164084	0.1083272	0.1237406	0.1181839	0.084403	0.1014696	0.0758185	0.0988151	0.1567137	0.2152642	0.3240836	0.4137931	0.4552877	0.4516765	0.4377267	0.4173179	0.4234676	0.4121188	0.4314587	0.4224117	
Pinson du Nord	0.0084583	0.0101385	0.0074906	0.0073779	0.0123457	0.0102317	0.0040681	0.0062614	0.003441	0.005432	0.0029653	0.0030787	0.0030848	7.0E-4	0.0	1.327E-4	0.0	0.0	0.0	0.0	0.0	0.0	0.0	0.0	0.0	0.0	0.0	0.0	0.0	0.0	0.0	0.0	0.0	0.0	0.0	0.0	7.239E-4	0.0027956	0.0061665	0.0119363	0.0221617	0.0161736	0.0137042	0.0112535	0.014711	0.0116372	0.0105448	0.0097442	
Grosbec casse-noyaux	0.0269127	0.0284372	0.0288101	0.0285145	0.0277025	0.0246765	0.0249174	0.0211323	0.0198518	0.0232799	0.0198449	0.0181792	0.0155955	0.0124256	0.0079391	0.0094214	0.0074578	0.0052092	0.0053124	0.0063738	0.0080494	0.0074212	0.0118163	0.011797	0.0155613	0.0139157	0.0081474	0.0098149	0.0099325	0.0044215	0.0056675	0.0072549	0.0035006	0.0031491	0.0025847	0.0046551	0.0115816	0.0187308	0.0239808	0.031565	0.0412131	0.0303748	0.0185409	0.0181307	0.0164623	0.0236758	0.0149385	0.0214373	
Roselin cramoisi	0.0	0.001731	5.762E-4	0.0013958	0.0	0.0	0.0	0.0	0.0	0.0	0.0	0.0	0.0	0.0	0.0	0.0	1.621E-4	0.0	0.0	0.0	0.0	0.0	0.0	0.0	0.0	0.0	0.0	0.0	0.0	0.0	0.0	0.0	0.0	0.0	0.0	0.0	0.0	0.0	0.0	0.0	0.0	0.0	0.0	0.0	0.0	0.0	0.0	0.001218	
Bouvreuil pivoine	0.005767	0.0064293	0.0048977	0.0045862	0.0051189	0.0075233	0.0055937	0.0052178	0.0029116	0.0036213	0.0034215	0.0029321	0.0037704	0.0042002	0.0052928	0.0038482	0.006323	0.0072929	0.0087123	0.0079242	0.0101959	0.0071119	0.012154	0.0167353	0.0151908	0.0173947	0.0170032	0.0114975	0.0190703	0.0151069	0.0125945	0.0072549	0.0019448	0.0031491	0.0011488	0.002116	0.0032573	0.0033548	0.0037684	0.0066313	0.007776	0.0059172	0.0080613	0.004689	0.0052539	0.0076244	0.0043937	0.0060901	
Roselin githagine	0.0	0.0	0.0	0.0	0.0	0.0	0.0	0.0	0.0	0.0	0.0	1.466E-4	0.0	0.0	0.0015	0.0	0.0	0.0	0.0	0.0	0.0	0.0	0.0	0.0	0.0	0.0	0.0	0.0	0.0	0.0	0.0	0.0	0.0	0.0	0.0	0.0	0.0	0.0	0.0	0.0	0.0	0.0	0.0	0.0	0.0	0.0	0.0	0.0	
Verdier d'Europe	0.1226451	0.1416914	0.1348315	0.1463609	0.1454381	0.147758	0.1690821	0.1763632	0.2027528	0.2521987	0.2739507	0.2993696	0.3249357	0.339517	0.3036718	0.2886146	0.260214	0.2444869	0.2460688	0.2463394	0.230212	0.2436611	0.2167454	0.2068587	0.2030382	0.204484	0.1633015	0.1615255	0.1275328	0.1123803	0.1199622	0.1069506	0.1065733	0.0990203	0.0878805	0.0884469	0.1349982	0.1484484	0.169236	0.1753316	0.1465785	0.1420118	0.1305925	0.1234761	0.1218914	0.144061	0.1427944	0.1247259	
Linotte mélodieuse	0.0747789	0.0830861	0.0861423	0.0845464	0.0906354	0.0794463	0.0800915	0.0811375	0.0921122	0.1065701	0.1010493	0.1081953	0.1059126	0.0861043	0.0803837	0.07431	0.0629053	0.0710193	0.0847854	0.0706288	0.0665415	0.0776129	0.0732613	0.0834019	0.0789181	0.0660997	0.0750974	0.0667414	0.0548272	0.0670597	0.0604534	0.0599111	0.0458965	0.0479356	0.0341758	0.0385104	0.0662324	0.100643	0.1264132	0.1366048	0.1275272	0.1195266	0.089077	0.0825258	0.0844133	0.0979133	0.0852373	0.0867235	
Bec-croisé des sapins	0.0084583	0.0051929	0.0074906	0.0089731	0.0084312	0.0108336	0.0129672	0.0101748	0.0068819	0.0059493	0.0059307	0.0065973	0.0082262	0.0064753	0.0072775	0.0079618	0.0069715	0.0069457	0.0135997	0.0080965	0.0147572	0.0151515	0.0219446	0.0331962	0.0244535	0.0173947	0.0294013	0.0241167	0.0309893	0.0239499	0.0210957	0.0194243	0.0101128	0.0160952	0.0083285	0.0137537	0.0173724	0.0234834	0.0250086	0.0190981	0.0233281	0.0110454	0.0181378	0.0096905	0.0175131	0.0104334	0.0144991	0.0097442	
Chardonneret élégant	0.2748943	0.2937685	0.2794584	0.2743769	0.2869618	0.291604	0.2977371	0.3073311	0.3210693	0.3667874	0.3875456	0.4025803	0.4113111	0.4077704	0.3954681	0.3800425	0.3707847	0.3689877	0.3729282	0.3590009	0.3372686	0.3555968	0.3446995	0.3327846	0.3349389	0.3076923	0.287283	0.2885586	0.2733413	0.2376566	0.2459068	0.2501755	0.2306496	0.223233	0.2001723	0.2035548	0.2576909	0.2762091	0.3069544	0.3193634	0.3281493	0.3349112	0.2970576	0.3079087	0.2963222	0.2989567	0.2948155	0.2950061	
Venturon montagnard	0.0021146	0.0019782	0.0020167	0.001994	0.0021078	0.0042131	0.0043224	0.0046961	0.0023822	0.0012933	0.0018248	0.004105	0.0058269	0.0071754	0.0052928	0.0091561	0.0072957	0.0095503	0.0161496	0.0113695	0.0222699	0.0207174	0.0270088	0.0315501	0.025565	0.0212601	0.030464	0.0213124	0.0234406	0.0180545	0.0192065	0.0175521	0.0070012	0.010147	0.0020103	0.0074058	0.0072385	0.0106234	0.0106201	0.0061008	0.0050544	0.0039448	0.0080613	0.0050016	0.0021016	0.0052167	0.0035149	0.0036541	
Serin cini	0.2593233	0.3217112	0.309709	0.3118644	0.3788016	0.3969305	0.4213069	0.4604748	0.4775013	0.5266425	0.5597628	0.5537311	0.5352185	0.5442772	0.5266292	0.5090234	0.4818418	0.4888001	0.5101997	0.4906115	0.4816206	0.5012369	0.4736664	0.4249657	0.3827343	0.3026672	0.2341481	0.2019069	0.1712356	0.1484893	0.1602645	0.1537561	0.1466356	0.1518544	0.1255026	0.127592	0.1961636	0.1942969	0.2418637	0.265252	0.2779938	0.2796844	0.2523176	0.2391372	0.2241681	0.2439807	0.2768014	0.2760049	
Serin des Canaries	0.0	0.0	0.0	0.0015	0.0	0.0	0.0	0.0	0.0	0.0	0.0	0.0	0.0	3.5E-4	0.0	0.0	1.621E-4	1.736E-4	0.0	0.0015	0.0	0.0	0.0	0.0	0.0	0.0	0.0	0.0	0.0	0.0	0.0	0.0	0.0	0.0	0.0	0.0	0.0	0.0015	0.0	5.305E-4	0.0	0.0	0.0	0.0015	0.0	0.0	0.0	0.0	
Tarin des aulnes	0.0451749	0.0457468	0.0409104	0.0410768	0.042156	0.0409269	0.0327994	0.0286981	0.0296453	0.0284532	0.0269161	0.018619	0.0155955	0.0089254	0.0026464	0.0025212	6.485E-4	8.682E-4	6.375E-4	6.891E-4	0.0024148	0.0024737	6.752E-4	0.0010974	0.001482	7.731E-4	0.0010627	0.0014021	0.0023838	0.0022108	0.002204	0.0021062	3.89E-4	0.0010497	5.744E-4	0.0031739	0.0072385	0.0346659	0.0774238	0.1350133	0.1333593	0.1230769	0.1096332	0.0743982	0.0637478	0.065008	0.0500879	0.0528624	
fringillidé sp.	1.922E-4	7.418E-4	8.643E-4	0.0011964	0.0	3.009E-4	0.0	0.0010436	2.647E-4	2.587E-4	4.562E-4	2.932E-4	1.714E-4	0.0	0.0	0.0015	0.0	3.473E-4	0.0	3.445E-4	0.0	3.092E-4	0.0	5.487E-4	0.0	0.0	3.542E-4	0.0	7.946E-4	0.0025792	9.446E-4	4.681E-4	0.0	3.499E-4	0.0	8.464E-4	0.0032573	0.0033548	0.0030832	0.0045093	0.0054432	0.0031558	0.0024184	0.0012504	3.503E-4	0.0	4.394E-4	0.001218	
Bruant des neiges	0.0	0.0	0.0	0.0	0.0	0.0	0.0	0.0	0.0	0.0	0.0	0.0	0.0	0.0	0.0	0.0	0.0	0.0	0.0	0.0	0.0	0.0	0.0	0.0	0.0	0.0	0.0	0.0	0.0	0.0	0.0	0.0	0.0	0.0	0.0	0.0	0.0018096	0.0025161	6.852E-4	2.653E-4	0.0	0.0	8.061E-4	0.0	0.0014011	0.0	0.0015	0.0	
Bruant mélanocéphale	0.0	0.0	0.0	0.0	0.0	0.0	0.0	0.0	0.0	0.0	0.0	0.0	0.0	0.0	0.0	0.0	0.0	0.0	0.0	1.723E-4	0.0	0.0	0.0	0.0	0.0	0.0	0.0	0.0	0.0	0.0	0.0	0.0	0.0	0.0	0.0	0.0	0.0	0.0	0.0	0.0	0.0	0.0	0.0	0.0	0.0	0.0	0.0	0.0	
Bruant proyer	0.0311419	0.0375865	0.0383175	0.0428714	0.0391448	0.0412278	0.0495805	0.0594834	0.0614082	0.0801862	0.0798358	0.0862044	0.0985433	0.1027301	0.1245452	0.1186306	0.1198119	0.1132141	0.1323842	0.1035314	0.0931044	0.0655535	0.0533423	0.0422497	0.0370508	0.0228063	0.0201913	0.011217	0.0170838	0.0158438	0.0283375	0.0322958	0.0245041	0.0269419	0.019529	0.0186204	0.0343829	0.0478054	0.0390545	0.0482759	0.0447123	0.0461538	0.0366788	0.0393873	0.0507881	0.04374	0.0342707	0.0348356	
Bruant fou	0.0178777	0.0190406	0.0161337	0.0155533	0.0168624	0.0201625	0.0127129	0.0159144	0.011117	0.009312	0.0072993	0.0068905	0.008569	0.0103255	0.0095931	0.0102176	0.0119974	0.0086821	0.0172121	0.0163652	0.0222699	0.0194805	0.0263336	0.030727	0.022601	0.0193274	0.0247963	0.0185081	0.0158919	0.0165807	0.0132242	0.0135736	0.0097238	0.0136459	0.0068926	0.0086754	0.009772	0.0139782	0.0143885	0.0145889	0.0202177	0.0189349	0.0145103	0.0184433	0.0203152	0.0188604	0.0228471	0.0153471	
Bruant zizi	0.0795848	0.0783877	0.0821089	0.0757727	0.0752785	0.0728258	0.0836512	0.0834855	0.074378	0.0832902	0.0645529	0.0687582	0.0688946	0.060028	0.0800529	0.0782909	0.0834955	0.0802223	0.1053974	0.0981912	0.1016904	0.1159555	0.0928427	0.1042524	0.1096702	0.0885195	0.0797024	0.0751542	0.0568137	0.0493736	0.0494332	0.042359	0.0455076	0.0479356	0.0318782	0.0469742	0.0749186	0.0771596	0.084618	0.0970822	0.0948678	0.0978304	0.0854494	0.0909659	0.090718	0.0926966	0.0843585	0.0818514	
Bruant jaune	0.0019223	0.0074184	0.0074906	0.0053838	0.0033123	0.0069215	0.0025426	0.0039134	0.0039704	0.0036213	0.0031934	0.0032253	0.0020566	0.0019251	0.0034734	0.0021231	0.0043774	0.0039937	0.0059499	0.0056848	0.0077811	0.0089672	0.0175557	0.0205761	0.0159318	0.0088906	0.016649	0.0126192	0.007946	0.0128961	0.0075567	0.0056167	0.0015558	0.0013996	0.001436	8.464E-4	0.0018096	0.0013978	0.0034258	0.0026525	0.0066096	0.0086785	0.0040306	0.0043764	0.006655	0.0088283	0.0030756	0.0058465	
Bruant ortolan	0.0	0.0	0.0	0.0	0.0	0.0	0.0	0.0	0.0	0.0	0.0	0.0	0.0	7.0E-4	0.0038042	0.008758	0.0108625	0.0083348	0.0084998	0.0080965	0.0091226	0.0071119	0.0054018	0.0085048	0.0111152	0.0034789	0.0024796	0.0022434	3.973E-4	0.0018423	6.297E-4	0.0016382	0.0019448	0.0027992	0.0011488	2.116E-4	0.0	0.0	0.0	0.0	0.0	0.0	0.0	0.0	0.0	0.0	0.0	0.0	
Bruant des roseaux	0.0792003	0.0764095	0.0855661	0.0761715	0.0849142	0.0866687	0.0798373	0.0905296	0.08973	0.066477	0.0444799	0.0209647	0.0095973	0.0036752	0.002481	0.0015924	0.0019455	0.0034728	0.0023374	6.891E-4	0.0021465	0.0012369	0.001688	0.0013717	7.41E-4	3.865E-4	3.542E-4	0.0011217	0.0011919	0.0014738	6.297E-4	0.0011701	0.0	6.998E-4	0.001436	0.0012696	0.0014477	0.0081074	0.0208976	0.0572944	0.0730949	0.095069	0.0733575	0.0778368	0.0963222	0.0926966	0.0786467	0.0869671	
Bruant nain	0.0	0.0	0.0	0.0	0.0024089	0.0	0.0	0.0	0.0	2.587E-4	0.0	1.466E-4	0.0	0.0	0.0	0.0	0.0	0.0	0.0	0.0	0.0	0.0	0.0	0.0	0.0	0.0	0.0	0.0	0.0	0.0	0.0	0.0	0.0	0.0	0.0	0.0	0.0	8.387E-4	0.0	0.0076923	0.0	0.0	4.031E-4	0.0	0.0	0.0	0.0015	2.436E-4	
Bruant rustique	0.0	0.0	0.0	0.0	0.0	0.0	0.0	0.0	0.0	0.0	0.0	0.0	0.0	0.0	0.0	0.0	0.0	0.0	0.0	0.0	0.0	0.0	0.0	0.0	0.0	0.0	0.0	0.0	0.0	0.0	0.0	0.0	0.0	0.0	0.0	0.0	0.0	0.0	0.0	2.653E-4	0.0	0.0	0.0	0.0	0.0	0.0	0.0	0.0	
Emberiza sp.	5.767E-4	2.473E-4	2.881E-4	0.0	6.022E-4	0.0	5.085E-4	0.0	0.0	0.0	0.0	0.0	0.0	1.75E-4	1.654E-4	1.327E-4	0.0	3.473E-4	2.125E-4	0.0	0.0	0.0	0.0	0.0	0.0	3.865E-4	0.0	2.804E-4	7.946E-4	3.685E-4	3.149E-4	9.361E-4	0.0	3.499E-4	2.872E-4	6.348E-4	3.619E-4	8.387E-4	6.852E-4	5.305E-4	3.888E-4	0.0	0.0	3.126E-4	0.0	0.0	4.394E-4	4.872E-4	
Bruant à gorge blanche	0.0036524	0.0019782	5.762E-4	5.982E-4	0.0	0.0	0.0015	2.609E-4	2.647E-4	2.587E-4	6.843E-4	2.932E-4	0.0	0.0015	0.0	0.0	0.0	0.0	0.0	0.0	0.0	0.0	0.0	0.0	0.0	0.0	0.0	0.0	0.0	0.0	0.0	0.0	0.0	0.0	0.0	0.0	0.0	0.0	0.0	0.0	0.0	0.0	0.0	0.0	0.0	0.0	0.0	0.0019488	
Paruline noir et blanc	0.0	0.0	0.0	0.0	0.0	0.0	0.0	0.0	0.0	0.0	0.0	0.0017593	0.0047986	0.0021001	3.308E-4	6.635E-4	0.0	0.0	0.0	0.0	0.0	0.0	0.0	0.0	0.0	0.0	0.0	0.0	0.0	0.0	0.0	0.0	0.0	0.0	0.0	0.0	0.0	0.0	0.0	0.0	0.0	0.0	0.0	0.0	0.0	0.0	0.0	0.0	
passereau sp.	0.0071126	0.0059347	0.0095073	0.0123629	0.010539	0.0102317	0.0104246	0.0109575	0.0105876	0.0124159	0.0077555	0.0083565	0.0075407	0.0047252	0.0052928	0.0034501	0.0047017	0.006772	0.0076498	0.008441	0.008586	0.012987	0.0101283	0.0098765	0.0111152	0.0131426	0.0162947	0.0162647	0.0139054	0.0114223	0.0103904	0.0107653	0.0089459	0.0136459	0.006031	0.0082522	0.0101339	0.0123008	0.0137033	0.0143236	0.0132193	0.0134122	0.0116888	0.0112535	0.0098074	0.0120385	0.021529	0.0121803	
oiseau sp.	0.0046136	0.0012364	0.0017286	0.0017946	9.033E-4	0.0015047	5.085E-4	5.218E-4	2.647E-4	0.0012933	2.281E-4	5.864E-4	0.001371	7.0E-4	0.0051274	0.0010616	0.0019455	5.209E-4	0.0059499	0.0020672	0.0018782	9.276E-4	6.752E-4	0.0010974	7.41E-4	0.0019327	0.0010627	5.609E-4	0.0	3.685E-4	3.149E-4	4.681E-4	3.89E-4	3.499E-4	2.872E-4	8.464E-4	0.0014477	0.0013978	0.0	0.001061	0.0023328	3.945E-4	4.031E-4	6.252E-4	0.0087566	0.002809	0.0013181	0.0014616	

