









Frequency of observations in the selected location(s).:
Number of taxa: 	393

	Jan				Feb				Mar				Apr				May				Jun				Jul				Aug				Sep				Oct				Nov				Dec				
Sample Size:	130.0	89.0	54.0	92.0	83.0	72.0	76.0	81.0	66.0	67.0	104.0	105.0	105.0	118.0	124.0	194.0	134.0	112.0	134.0	193.0	118.0	134.0	98.0	103.0	93.0	140.0	189.0	279.0	176.0	136.0	215.0	269.0	139.0	176.0	190.0	169.0	122.0	87.0	116.0	292.0	97.0	71.0	62.0	72.0	68.0	55.0	59.0	95.0	

Dendrocygne fauve	0.0	0.0	0.0	0.0	0.0	0.0	0.0	0.0	0.0	0.0	0.0	0.0	0.0	0.0	0.0	0.0	0.0015	0.0	0.0015	0.0	0.0	0.0	0.0	0.0	0.0	0.0	0.0	0.0	0.0	0.0	0.0	0.0	0.0	0.0	0.0	0.0	0.0	0.0	0.0	0.0	0.0	0.0	0.0	0.0	0.0	0.0	0.0	0.0	
Oie à tête barrée	0.0	0.0	0.0	0.0	0.0	0.0	0.0	0.0	0.0015	0.0	0.0	0.0	0.0	0.0	0.0	0.0	0.0	0.0	0.0	0.0	0.0	0.0	0.0	0.0	0.0	0.0	0.0	0.0	0.0	0.0	0.0	0.0	0.0	0.0	0.0	0.0	0.0	0.0	0.0	0.0	0.0	0.0	0.0	0.0	0.0	0.0	0.0	0.0	
Oie cendrée	0.0076923	0.0	0.0015	0.0108696	0.0120482	0.0	0.0	0.0	0.0151515	0.0	0.0	0.0	0.0	0.0084746	0.0080645	0.0051546	0.0	0.0015	0.0074627	0.0	0.0	0.0074627	0.0102041	0.0	0.0015	0.0	0.0	0.0	0.0	0.0	0.0	0.0	0.0	0.0015	0.0052632	0.0	0.0	0.0	0.0	0.0	0.0	0.0140845	0.0015	0.0	0.0015	0.0	0.0	0.0015	
Oie cygnoïde	0.0	0.0	0.0	0.0	0.0	0.0	0.0	0.0	0.0	0.0	0.0	0.0	0.0	0.0	0.0	0.0	0.0	0.0	0.0	0.0	0.0	0.0	0.0	0.0	0.0	0.0	0.0	0.0	0.0	0.0	0.0	0.0	0.0	0.0	0.0	0.0	0.0	0.0	0.0	0.0	0.0	0.0	0.0	0.0	0.0	0.0	0.0169492	0.0	
Oie rieuse	0.0	0.0	0.0	0.0108696	0.0	0.0	0.0	0.0	0.0	0.0	0.0	0.0	0.0	0.0	0.0	0.0	0.0	0.0	0.0	0.0	0.0	0.0	0.0	0.0	0.0	0.0	0.0	0.0	0.0	0.0	0.0	0.0	0.0	0.0	0.0	0.0	0.0	0.0	0.0	0.0	0.0	0.0	0.0015	0.0	0.0	0.0	0.0	0.0	
Oie de toundra	0.0076923	0.0	0.0	0.0	0.0	0.0	0.0	0.0	0.0	0.0	0.0	0.0	0.0	0.0	0.0	0.0	0.0	0.0	0.0	0.0	0.0	0.0	0.0	0.0	0.0	0.0	0.0	0.0	0.0	0.0	0.0	0.0	0.0	0.0	0.0	0.0	0.0	0.0	0.0	0.0015	0.0	0.0	0.0	0.0138889	0.0	0.0	0.0015	0.0015	
Oie à bec court	0.0	0.0	0.0	0.0	0.0	0.0	0.0	0.0	0.0	0.0	0.0	0.0	0.0	0.0	0.0	0.0	0.0	0.0	0.0	0.0	0.0	0.0	0.0	0.0	0.0	0.0	0.0	0.0	0.0	0.0	0.0	0.0	0.0	0.0	0.0	0.0	0.0	0.0	0.0	0.0	0.0	0.0	0.0	0.0015	0.0	0.0	0.0	0.0	
Bernache cravant	0.2461538	0.2359551	0.2962963	0.3369565	0.3614458	0.3611111	0.3815789	0.2716049	0.1818182	0.1940299	0.2403846	0.0761905	0.0190476	0.0084746	0.0322581	0.0257732	0.0	0.0089286	0.0149254	0.0103627	0.0169492	0.0074627	0.0	0.0	0.0	0.0071429	0.005291	0.0035842	0.0056818	0.0	0.0015	0.0	0.0015	0.0056818	0.0368421	0.0532544	0.057377	0.1034483	0.1293103	0.1643836	0.1546392	0.2676056	0.1290323	0.1944444	0.1323529	0.1454545	0.0677966	0.3473684	
Bernache nonnette	0.0	0.0	0.0	0.0015	0.0	0.0	0.0131579	0.0	0.0	0.0	0.0	0.0095238	0.0	0.0	0.0	0.0	0.0	0.0089286	0.0149254	0.0	0.0084746	0.0015	0.0	0.0	0.0	0.0	0.0	0.0015	0.0	0.0	0.0	0.0	0.0	0.0	0.0	0.0059172	0.0	0.0	0.0	0.0	0.0	0.0	0.0	0.0	0.0	0.0	0.0	0.0	
Bernache du Canada	0.0015	0.0015	0.0	0.0015	0.0	0.0	0.0	0.0	0.0	0.0	0.0	0.0	0.0	0.0	0.0	0.0	0.0	0.0	0.0	0.0	0.0	0.0	0.0	0.0	0.0	0.0	0.0	0.0	0.0	0.0	0.0	0.0	0.0	0.0	0.0	0.0	0.0	0.0	0.0	0.0	0.0	0.0	0.0	0.0	0.0015	0.0	0.0	0.0	
Bernache à cou roux	0.0	0.0	0.0	0.0	0.0	0.0	0.0	0.0	0.0	0.0	0.0	0.0	0.0	0.0	0.0	0.0	0.0	0.0	0.0	0.0	0.0	0.0	0.0	0.0	0.0	0.0	0.0	0.0	0.0	0.0	0.0	0.0	0.0	0.0	0.0	0.0	0.0	0.0	0.0	0.0	0.0	0.0	0.0	0.0	0.0	0.0	0.0	0.0	
Cygne tuberculé	0.1307692	0.1235955	0.2407407	0.1847826	0.0843373	0.1805556	0.1447368	0.1234568	0.1363636	0.1044776	0.2692308	0.1904762	0.1809524	0.1186441	0.1612903	0.2216495	0.2313433	0.1964286	0.261194	0.1295337	0.1694915	0.1940299	0.1530612	0.1067961	0.1075269	0.1285714	0.1428571	0.1362007	0.0738636	0.0588235	0.1023256	0.1561338	0.1079137	0.1647727	0.1526316	0.1893491	0.1803279	0.1609195	0.1293103	0.109589	0.1443299	0.1690141	0.0806452	0.125	0.1470588	0.1272727	0.1525424	0.1684211	
Cygne noir	0.0	0.0	0.0	0.0	0.0	0.0	0.0	0.0	0.0	0.0	0.0	0.0	0.0	0.0	0.0	0.0	0.0	0.0	0.0074627	0.0	0.0	0.0	0.0	0.0	0.0	0.0	0.0	0.0035842	0.0015	0.0015	0.0093023	0.0074349	0.0	0.0015	0.0	0.0015	0.0	0.0015	0.0	0.0	0.0	0.0	0.0	0.0	0.0	0.0	0.0	0.0	
Cygne chanteur	0.0	0.0015	0.0	0.0015	0.0	0.0	0.0	0.0	0.0	0.0	0.0	0.0	0.0	0.0	0.0	0.0	0.0	0.0	0.0	0.0	0.0	0.0	0.0	0.0	0.0	0.0	0.0	0.0	0.0	0.0	0.0	0.0	0.0	0.0	0.0	0.0	0.0	0.0	0.0	0.0	0.0	0.0	0.0	0.0	0.0	0.0	0.0	0.0	
cygne sp.	0.0	0.0	0.0	0.0	0.0	0.0	0.0	0.0123457	0.0	0.0	0.0	0.0	0.0	0.0	0.0	0.0	0.0	0.0015	0.0015	0.0	0.0084746	0.0074627	0.0	0.0	0.0	0.0	0.0	0.0	0.0	0.0	0.0	0.0	0.0	0.0	0.0	0.0	0.0	0.0	0.0	0.0	0.0	0.0	0.0	0.0	0.0	0.0	0.0	0.0	
anatidé sp. (oie sp.)	0.0	0.0	0.0	0.0	0.0	0.0	0.0	0.0	0.0	0.0	0.0	0.0	0.0	0.0	0.0	0.0	0.0	0.0	0.0	0.0	0.0	0.0	0.0	0.0	0.0	0.0	0.0	0.0	0.0	0.0	0.0	0.0	0.0	0.0	0.0	0.0	0.0	0.0	0.0015	0.0015	0.0	0.0	0.0	0.0	0.0	0.0	0.0	0.0	
Tadorne casarca	0.0	0.0	0.0	0.0108696	0.0	0.0	0.0	0.0	0.0	0.0	0.0	0.0	0.0	0.0	0.0	0.0	0.0	0.0	0.0	0.0	0.0	0.0	0.0	0.0	0.0	0.0	0.005291	0.0	0.0	0.0147059	0.0	0.0	0.0	0.0	0.0	0.0	0.0	0.0	0.0	0.0034247	0.0	0.0	0.0	0.0	0.0	0.0	0.0	0.0	
Tadorne de Belon	0.2307692	0.1910112	0.2407407	0.423913	0.3012048	0.25	0.3684211	0.2222222	0.2727273	0.3134328	0.3557692	0.352381	0.3238095	0.2457627	0.3870968	0.4072165	0.3656716	0.3660714	0.380597	0.2746114	0.2288136	0.3507463	0.255102	0.2135922	0.1612903	0.15	0.1746032	0.1577061	0.1136364	0.1617647	0.1302326	0.1263941	0.0431655	0.0738636	0.1052632	0.1065089	0.1803279	0.1724138	0.1551724	0.1643836	0.1649485	0.1971831	0.1774194	0.1527778	0.1911765	0.2363636	0.1355932	0.2842105	
Canard musqué	0.0	0.0	0.0	0.0	0.0	0.0	0.0	0.0	0.0	0.0	0.0	0.0	0.0	0.0	0.0080645	0.0	0.0	0.0	0.0	0.0	0.0084746	0.0	0.0	0.0	0.0	0.0071429	0.0	0.0035842	0.0015	0.0	0.0	0.0	0.0	0.0056818	0.0052632	0.0177515	0.0245902	0.045977	0.0172414	0.0136986	0.0103093	0.028169	0.0806452	0.1111111	0.0147059	0.0	0.0	0.0	
Canard à collier noir	0.0	0.0	0.0	0.0	0.0	0.0	0.0	0.0	0.0	0.0	0.0	0.0	0.0	0.0	0.0	0.0	0.0	0.0	0.0	0.0	0.0	0.0	0.0	0.0	0.0	0.0	0.0	0.0	0.0	0.0	0.0	0.0	0.0	0.0	0.0015	0.0	0.0	0.0	0.0	0.0	0.0	0.0	0.0	0.0	0.0	0.0	0.0	0.0	
Canard carolin	0.0	0.0	0.0	0.0	0.0	0.0	0.0	0.0	0.0	0.0	0.0	0.0	0.0	0.0	0.0	0.0	0.0	0.0	0.0	0.0	0.0	0.0	0.0	0.0	0.0	0.0	0.0	0.0	0.0	0.0	0.0	0.0	0.0	0.0	0.0	0.0	0.0	0.0015	0.0	0.0	0.0	0.0	0.0	0.0	0.0	0.0	0.0	0.0	
Canard mandarin	0.0	0.0	0.0	0.0	0.0	0.0	0.0	0.0	0.0	0.0	0.0	0.0	0.0	0.0	0.0	0.0	0.0	0.0	0.0	0.0	0.0	0.0	0.0	0.0	0.0	0.0	0.0	0.0	0.0	0.0	0.0	0.0	0.0	0.0	0.0	0.0015	0.0	0.0	0.0	0.0	0.0	0.0	0.0	0.0	0.0	0.0	0.0	0.0	
Sarcelle d'été	0.0	0.0	0.0	0.0	0.0	0.0	0.0	0.0	0.030303	0.0	0.0	0.0015	0.0285714	0.0015	0.0080645	0.0	0.0	0.0089286	0.0074627	0.0	0.0	0.0015	0.0	0.0	0.0	0.0	0.005291	0.0	0.0	0.0	0.0	0.0	0.0	0.0	0.0	0.0	0.0	0.0	0.0	0.0	0.0	0.0	0.0	0.0	0.0	0.0	0.0	0.0	
Sarcelle à ailes bleues	0.0	0.0	0.0	0.0	0.0	0.0	0.0	0.0	0.0	0.0	0.0	0.0	0.0	0.0	0.0080645	0.0	0.0	0.0	0.0	0.0	0.0	0.0	0.0	0.0	0.0	0.0	0.0	0.0	0.0	0.0	0.0	0.0	0.0	0.0	0.0	0.0	0.0	0.0	0.0	0.0	0.0	0.0	0.0	0.0	0.0	0.0	0.0	0.0	
Canard souchet	0.0769231	0.1235955	0.1111111	0.1630435	0.0843373	0.0972222	0.1052632	0.0740741	0.1515152	0.1343284	0.125	0.0761905	0.0952381	0.1101695	0.0887097	0.0309278	0.0223881	0.0267857	0.0298507	0.0051813	0.0169492	0.0	0.0	0.0	0.0	0.0	0.005291	0.0071685	0.0113636	0.0073529	0.0139535	0.0185874	0.0143885	0.0170455	0.0315789	0.0473373	0.0819672	0.0574713	0.0344828	0.0513699	0.0309278	0.084507	0.0483871	0.0833333	0.1029412	0.1272727	0.0847458	0.1368421	
Canard chipeau	0.0	0.0015	0.0185185	0.0217391	0.0120482	0.0138889	0.0263158	0.0123457	0.0151515	0.0149254	0.0096154	0.0095238	0.0	0.0	0.0015	0.0	0.0149254	0.0089286	0.0	0.0051813	0.0084746	0.0	0.0	0.0	0.0	0.0015	0.005291	0.0071685	0.0	0.0	0.0015	0.0074349	0.0143885	0.0015	0.0	0.0	0.0081967	0.0114943	0.0086207	0.0	0.0	0.0140845	0.016129	0.0138889	0.0294118	0.0	0.0169492	0.0	
Canard siffleur	0.1076923	0.0561798	0.0925926	0.1847826	0.1325301	0.0833333	0.1052632	0.0864198	0.0454545	0.0447761	0.0384615	0.0285714	0.0190476	0.0084746	0.0	0.0103093	0.0	0.0	0.0074627	0.0015	0.0	0.0074627	0.0	0.0	0.0	0.0	0.0	0.0	0.0	0.0	0.0046512	0.0074349	0.0	0.0	0.0210526	0.0473373	0.057377	0.0574713	0.0172414	0.0616438	0.0309278	0.056338	0.016129	0.0694444	0.1323529	0.1090909	0.0677966	0.1578947	
Canard colvert	0.4153846	0.3483146	0.4259259	0.3586957	0.3493976	0.4305556	0.3684211	0.4320988	0.530303	0.5373134	0.5192308	0.4285714	0.4190476	0.3559322	0.3790323	0.5	0.4179104	0.3392857	0.4402985	0.3108808	0.3220339	0.358209	0.3163265	0.2330097	0.2473118	0.2357143	0.2962963	0.2795699	0.2840909	0.2573529	0.255814	0.3048327	0.2589928	0.2727273	0.2631579	0.3550296	0.4016393	0.3563218	0.3793103	0.2260274	0.2886598	0.3239437	0.3064516	0.4861111	0.3676471	0.4363636	0.220339	0.4	
Canard pilet	0.0615385	0.0898876	0.0740741	0.1086957	0.0843373	0.0277778	0.0789474	0.0246914	0.0454545	0.0597015	0.0961538	0.0571429	0.0095238	0.0084746	0.0	0.0015	0.0	0.0	0.0074627	0.0	0.0169492	0.0015	0.0	0.0	0.0	0.0	0.005291	0.0	0.0015	0.0	0.0	0.0185874	0.0	0.0113636	0.0105263	0.035503	0.0409836	0.0574713	0.0086207	0.0376712	0.0412371	0.028169	0.0322581	0.0277778	0.0441176	0.0909091	0.0508475	0.0526316	
Sarcelle d'hiver	0.1769231	0.1573034	0.2777778	0.2717391	0.1686747	0.1666667	0.2105263	0.1728395	0.1666667	0.1641791	0.1730769	0.1619048	0.1142857	0.0847458	0.0241935	0.0206186	0.0	0.0	0.0	0.0015	0.0	0.0	0.0	0.0	0.0	0.0	0.005291	0.0	0.0170455	0.0015	0.0046512	0.0297398	0.0215827	0.0511364	0.0631579	0.0946746	0.1229508	0.1034483	0.0948276	0.0958904	0.0927835	0.084507	0.1290323	0.1944444	0.2058824	0.2363636	0.1694915	0.2105263	
sarcelle sp.	0.0	0.0	0.0	0.0	0.0	0.0	0.0	0.0	0.0	0.0	0.0	0.0	0.0	0.0	0.0	0.0	0.0	0.0	0.0	0.0	0.0	0.0	0.0	0.0	0.0	0.0	0.0	0.0	0.0	0.0	0.0	0.0	0.0	0.0	0.0	0.0	0.0	0.0	0.0	0.0	0.0	0.0	0.0	0.0138889	0.0	0.0	0.0	0.0	
Nette rousse	0.0	0.0	0.0	0.0	0.0	0.0	0.0	0.0	0.0	0.0	0.0	0.0	0.0	0.0	0.0	0.0	0.0	0.0	0.0074627	0.0	0.0	0.0	0.0	0.0	0.0	0.0	0.0	0.0	0.0	0.0	0.0	0.0	0.0	0.0	0.0	0.0	0.0	0.0	0.0	0.0	0.0	0.0	0.0	0.0	0.0	0.0	0.0	0.0015	
Fuligule milouin	0.0307692	0.0337079	0.0555556	0.0108696	0.0120482	0.0694444	0.0394737	0.0123457	0.0606061	0.0149254	0.0096154	0.0	0.0	0.0254237	0.0080645	0.0051546	0.0074627	0.0089286	0.0	0.0051813	0.0	0.0	0.0	0.0	0.0	0.0	0.005291	0.0143369	0.0056818	0.0	0.0	0.0	0.0071942	0.0	0.0105263	0.0118343	0.0	0.0	0.0086207	0.0	0.0103093	0.0140845	0.016129	0.0277778	0.0441176	0.0	0.0	0.0	
Fuligule à bec cerclé	0.0	0.011236	0.0	0.0	0.0	0.0	0.0	0.0	0.0	0.0	0.0	0.0	0.0	0.0	0.0	0.0	0.0	0.0	0.0	0.0	0.0	0.0	0.0	0.0	0.0	0.0	0.0	0.0	0.0	0.0	0.0	0.0	0.0	0.0	0.0	0.0015	0.0	0.0	0.0	0.0	0.0	0.0	0.0	0.0	0.0147059	0.0	0.0	0.0	
Fuligule morillon	0.0384615	0.0561798	0.0925926	0.0543478	0.0361446	0.0972222	0.0394737	0.0617284	0.0757576	0.0298507	0.0192308	0.0190476	0.0285714	0.0423729	0.0564516	0.0103093	0.0149254	0.0267857	0.0223881	0.015544	0.0	0.0149254	0.0102041	0.0097087	0.0	0.0142857	0.005291	0.0107527	0.0056818	0.0147059	0.0046512	0.0111524	0.0071942	0.0113636	0.0105263	0.0177515	0.0409836	0.0114943	0.0086207	0.0171233	0.0103093	0.0140845	0.0483871	0.0555556	0.0735294	0.0	0.0508475	0.0210526	
Fuligule milouinan	0.0076923	0.0	0.0185185	0.0217391	0.0	0.0138889	0.0131579	0.0123457	0.0	0.0	0.0	0.0	0.0	0.0	0.0	0.0	0.0	0.0	0.0	0.0	0.0	0.0	0.0	0.0	0.0	0.0015	0.0	0.0	0.0015	0.0	0.0	0.0	0.0	0.0	0.0	0.0	0.0	0.0	0.0	0.0	0.0	0.0	0.0	0.0	0.0	0.0	0.0	0.0	
Hybride Fuligule morillon x F. milouinan	0.0	0.0	0.0	0.0108696	0.0	0.0	0.0	0.0	0.0	0.0	0.0	0.0	0.0	0.0	0.0	0.0	0.0	0.0	0.0	0.0	0.0	0.0	0.0	0.0	0.0	0.0	0.0	0.0	0.0	0.0	0.0	0.0	0.0	0.0	0.0	0.0	0.0	0.0	0.0	0.0	0.0	0.0	0.0	0.0	0.0	0.0	0.0	0.0	
Fuligule à tête noire	0.0	0.0	0.037037	0.0015	0.0120482	0.0277778	0.0263158	0.0493827	0.0151515	0.0	0.0015	0.0	0.0	0.0015	0.0	0.0	0.0	0.0	0.0	0.0	0.0	0.0	0.0	0.0	0.0	0.0	0.0	0.0	0.0	0.0	0.0	0.0	0.0	0.0	0.0	0.0	0.0	0.0	0.0015	0.0	0.0	0.0	0.0	0.0277778	0.0294118	0.0	0.0015	0.0105263	
Eider à duvet	0.0015	0.0	0.0015	0.0	0.0	0.0	0.0	0.0015	0.0	0.0015	0.0	0.0	0.0095238	0.0	0.0	0.0	0.0	0.0015	0.0	0.0	0.0	0.0	0.0015	0.0	0.0	0.0	0.0	0.0	0.0	0.0	0.0	0.0	0.0	0.0	0.0	0.0	0.0081967	0.0	0.0	0.0	0.0	0.0	0.0	0.0015	0.0	0.0015	0.0	0.0105263	
Macreuse à front blanc	0.0	0.0	0.0	0.0	0.0	0.0	0.0	0.0246914	0.0	0.0	0.0	0.0	0.0	0.0	0.0	0.0	0.0	0.0	0.0	0.0	0.0	0.0	0.0	0.0	0.0	0.0	0.0	0.0	0.0	0.0	0.0	0.0	0.0	0.0	0.0	0.0	0.0	0.0	0.0	0.0	0.0	0.0140845	0.0	0.0	0.0	0.0181818	0.0	0.0	
Macreuse brune	0.0076923	0.0224719	0.0	0.0108696	0.0120482	0.0	0.0263158	0.037037	0.0	0.0	0.0096154	0.0	0.0	0.0	0.0	0.0	0.0	0.0	0.0	0.0	0.0	0.0	0.0	0.0	0.0	0.0	0.0	0.0	0.0	0.0	0.0	0.0	0.0	0.0	0.0	0.0	0.0	0.0	0.0	0.0	0.0	0.0	0.0	0.0	0.0	0.0	0.0	0.0	
Macreuse noire	0.0461538	0.0449438	0.0185185	0.0108696	0.0481928	0.0694444	0.0394737	0.037037	0.0	0.0298507	0.0015	0.0095238	0.0015	0.0084746	0.0015	0.0015	0.0149254	0.0015	0.0	0.0	0.0015	0.0	0.0	0.0	0.0107527	0.0	0.015873	0.0071685	0.0056818	0.0073529	0.0093023	0.0148699	0.0015	0.0113636	0.0263158	0.0177515	0.0163934	0.0114943	0.0172414	0.0171233	0.0618557	0.028169	0.0	0.0277778	0.0294118	0.0181818	0.0169492	0.0421053	
macreuse sp.	0.0	0.0	0.0	0.0	0.0	0.0	0.0	0.0	0.0	0.0	0.0	0.0	0.0	0.0	0.0	0.0	0.0149254	0.0	0.0	0.0	0.0	0.0	0.0	0.0	0.0	0.0	0.0	0.0	0.0	0.0	0.0	0.0	0.0	0.0	0.0	0.0	0.0	0.0	0.0	0.0	0.0	0.0	0.0	0.0	0.0	0.0	0.0	0.0	
Harelde boréale	0.0076923	0.0015	0.0	0.0108696	0.0361446	0.0277778	0.0	0.0	0.0	0.0149254	0.0	0.0	0.0380952	0.0	0.0	0.0	0.0	0.0	0.0	0.0015	0.0	0.0	0.0	0.0	0.0	0.0	0.0	0.0	0.0	0.0	0.0	0.0	0.0	0.0	0.0	0.0	0.0	0.0	0.0	0.0	0.0015	0.0015	0.0015	0.0138889	0.0	0.0181818	0.0	0.0015	
Garrot à oeil d'or	0.0	0.011236	0.0185185	0.0015	0.0015	0.0015	0.0	0.0	0.0151515	0.0	0.0	0.0	0.0	0.0	0.0	0.0	0.0	0.0	0.0	0.0	0.0	0.0	0.0	0.0	0.0	0.0	0.0	0.0	0.0	0.0	0.0	0.0	0.0	0.0	0.0	0.0	0.0	0.0	0.0	0.0	0.0	0.0	0.0	0.0138889	0.0015	0.0	0.0	0.0015	
Harle bièvre	0.0	0.0	0.0185185	0.0	0.0	0.0	0.0	0.0	0.0	0.0	0.0	0.0	0.0	0.0	0.0	0.0	0.0	0.0	0.0	0.0	0.0	0.0	0.0	0.0	0.0	0.0	0.0	0.0	0.0	0.0	0.0	0.0	0.0	0.0	0.0	0.0	0.0	0.0	0.0	0.0	0.0	0.0	0.0	0.0	0.0	0.0363636	0.0	0.0315789	
Harle huppé	0.0307692	0.0337079	0.1296296	0.0326087	0.0481928	0.0277778	0.0394737	0.0246914	0.0454545	0.0298507	0.0192308	0.0095238	0.0095238	0.0015	0.0	0.0	0.0	0.0089286	0.0	0.0	0.0	0.0	0.0102041	0.0	0.0	0.0	0.0	0.0	0.0	0.0	0.0	0.0	0.0	0.0	0.0	0.0	0.0081967	0.0	0.0	0.0	0.0	0.0	0.016129	0.0015	0.0147059	0.0363636	0.0169492	0.0315789	
anatidé sp. (canard sp.)	0.0	0.0	0.0	0.0	0.0	0.0	0.0	0.0	0.0	0.0	0.0	0.0	0.0	0.0	0.0080645	0.0	0.0	0.0	0.0	0.0	0.0	0.0074627	0.0	0.0	0.0	0.0	0.005291	0.0	0.0	0.0	0.0	0.0037175	0.0	0.0	0.0	0.0	0.0	0.0	0.0	0.0	0.0	0.0	0.0	0.0	0.0	0.0	0.0	0.0	
Perdrix grise	0.0	0.0	0.0015	0.0	0.0015	0.0	0.0	0.0015	0.0	0.0	0.0	0.0	0.0	0.0	0.0015	0.0	0.0	0.0	0.0	0.0103627	0.0	0.0	0.0015	0.0	0.0	0.0	0.0	0.0	0.0	0.0	0.0	0.0	0.0	0.0	0.0	0.0015	0.0	0.0	0.0086207	0.0068493	0.0015	0.0	0.0	0.0	0.0	0.0	0.0	0.0015	
Faisan de Colchide	0.0307692	0.0561798	0.0185185	0.0434783	0.0481928	0.0416667	0.0394737	0.0493827	0.0606061	0.1044776	0.0961538	0.0952381	0.1904762	0.1101695	0.1612903	0.0927835	0.0895522	0.0803571	0.0746269	0.1139896	0.0508475	0.0820896	0.0510204	0.0291262	0.0322581	0.0214286	0.0634921	0.0250896	0.0454545	0.0367647	0.027907	0.0260223	0.0431655	0.0568182	0.0631579	0.0473373	0.0737705	0.1264368	0.1206897	0.0890411	0.0824742	0.056338	0.0	0.0015	0.0147059	0.0181818	0.0015	0.0210526	
Faisan de Colchide ou F. versicolore	0.0	0.0	0.0	0.0	0.0	0.0	0.0	0.0	0.0	0.0	0.0	0.0015	0.0015	0.0	0.0	0.0	0.0	0.0089286	0.0	0.0	0.0	0.0	0.0	0.0	0.0	0.0	0.005291	0.0	0.0	0.0	0.0	0.0	0.0	0.0	0.0	0.0	0.0	0.0	0.0	0.0	0.0	0.0	0.0	0.0	0.0	0.0	0.0	0.0	
Caille des blés	0.0	0.0	0.0	0.0	0.0	0.0	0.0	0.0	0.0	0.0	0.0	0.0	0.0	0.0	0.0	0.0015	0.0	0.0	0.0	0.0	0.0	0.0074627	0.0	0.0015	0.0107527	0.0	0.005291	0.0035842	0.0056818	0.0220588	0.0	0.0037175	0.0071942	0.0	0.0	0.0	0.0	0.0	0.0	0.0	0.0	0.0	0.0	0.0	0.0	0.0	0.0	0.0	
Perdrix rouge	0.0076923	0.011236	0.0	0.0	0.0	0.0138889	0.0	0.0	0.0	0.0	0.0	0.0	0.0095238	0.0015	0.0	0.0	0.0074627	0.0178571	0.0015	0.0	0.0	0.0	0.0	0.0	0.0	0.0015	0.005291	0.0035842	0.0056818	0.0073529	0.0	0.0037175	0.0	0.0	0.0052632	0.0059172	0.0081967	0.0229885	0.0	0.0205479	0.0103093	0.028169	0.0015	0.0138889	0.0	0.0	0.0	0.0015	
Pigeon biset	0.1153846	0.1123596	0.0555556	0.1195652	0.060241	0.0833333	0.1052632	0.0740741	0.0757576	0.0447761	0.0576923	0.0857143	0.0380952	0.1271186	0.0483871	0.0876289	0.0671642	0.0982143	0.0895522	0.134715	0.1271186	0.0671642	0.0714286	0.0776699	0.0860215	0.1214286	0.1428571	0.1684588	0.1079545	0.1102941	0.0930233	0.0669145	0.0719424	0.1534091	0.1105263	0.1301775	0.0983607	0.1149425	0.1206897	0.0787671	0.0824742	0.0985915	0.0483871	0.0833333	0.1029412	0.1090909	0.0847458	0.1578947	
Pigeon colombin	0.0461538	0.0224719	0.0	0.0108696	0.0240964	0.0138889	0.0	0.0015	0.030303	0.0298507	0.0384615	0.0285714	0.0380952	0.0338983	0.016129	0.0103093	0.0223881	0.0178571	0.0373134	0.0259067	0.0084746	0.0298507	0.0102041	0.0	0.0015	0.0015	0.0	0.0143369	0.0113636	0.0	0.0046512	0.0148699	0.0	0.0	0.0	0.0	0.0081967	0.0114943	0.0517241	0.0068493	0.0309278	0.0140845	0.0	0.0	0.0	0.0363636	0.0169492	0.0015	
Pigeon ramier	0.5153846	0.494382	0.4074074	0.5869565	0.4578313	0.5138889	0.5789474	0.5185185	0.6666667	0.641791	0.5384615	0.6095238	0.6285714	0.5762712	0.5967742	0.6597938	0.5447761	0.5714286	0.6044776	0.5544041	0.6186441	0.7238806	0.7244898	0.6699029	0.7204301	0.6714286	0.6931217	0.6738351	0.5795455	0.5661765	0.4930233	0.5650558	0.4460432	0.4943182	0.5421053	0.5502959	0.4836066	0.4022989	0.4482759	0.4657534	0.371134	0.5774648	0.5	0.5972222	0.6764706	0.4727273	0.6949153	0.3789474	
Columba sp.	0.0	0.0	0.0	0.0108696	0.0	0.0	0.0	0.0	0.0	0.0	0.0	0.0	0.0	0.0	0.0	0.0	0.0	0.0	0.0	0.0	0.0	0.0	0.0	0.0	0.0	0.0	0.0	0.0	0.0	0.0	0.0	0.0	0.0	0.0	0.0	0.0	0.0	0.0	0.0	0.0	0.0	0.0	0.0	0.0	0.0	0.0	0.0	0.0	
Tourterelle des bois	0.0	0.0	0.0	0.0	0.0	0.0	0.0	0.0	0.0	0.0	0.0	0.0	0.0	0.0015	0.016129	0.0515464	0.0820896	0.0892857	0.141791	0.0932642	0.1101695	0.1641791	0.1122449	0.2038835	0.1075269	0.1	0.1058201	0.09319	0.0227273	0.0147059	0.0046512	0.0371747	0.0071942	0.0113636	0.0052632	0.0015	0.0	0.0	0.0	0.0	0.0	0.0015	0.0	0.0	0.0	0.0	0.0	0.0	
Tourterelle turque	0.2615385	0.1685393	0.2037037	0.1956522	0.1325301	0.0972222	0.2105263	0.1604938	0.1818182	0.1940299	0.1634615	0.247619	0.2761905	0.2288136	0.2177419	0.3041237	0.2164179	0.2053571	0.1940299	0.2176166	0.1864407	0.2686567	0.2040816	0.2330097	0.2903226	0.2571429	0.2592593	0.2759857	0.2102273	0.2352941	0.1348837	0.1375465	0.1151079	0.2159091	0.1578947	0.1420118	0.1393443	0.1264368	0.1465517	0.0890411	0.0927835	0.0985915	0.0322581	0.0416667	0.0735294	0.0363636	0.1186441	0.1052632	
Coucou geai	0.0	0.0	0.0	0.0	0.0	0.0	0.0	0.0	0.0	0.0	0.0	0.0	0.0	0.0	0.0	0.0	0.0015	0.0	0.0	0.0	0.0	0.0	0.0	0.0	0.0	0.0	0.0	0.0	0.0	0.0	0.0	0.0	0.0	0.0	0.0	0.0	0.0	0.0	0.0	0.0	0.0	0.0	0.0	0.0	0.0	0.0	0.0	0.0	
Coucou gris	0.0	0.0	0.0	0.0	0.0	0.0	0.0	0.0	0.0	0.0	0.0096154	0.1142857	0.2	0.1355932	0.2983871	0.2989691	0.3507463	0.3125	0.2835821	0.1968912	0.1355932	0.1940299	0.0102041	0.0015	0.0107527	0.0142857	0.0015	0.0	0.0	0.0015	0.0	0.0	0.0	0.0	0.0	0.0	0.0	0.0	0.0015	0.0015	0.0	0.0	0.0	0.0	0.0	0.0	0.0	0.0	
cuculidé sp.	0.0	0.0	0.0	0.0	0.0	0.0	0.0	0.0	0.0	0.0	0.0	0.0	0.0	0.0	0.0	0.0	0.0	0.0	0.0	0.0	0.0084746	0.0	0.0	0.0	0.0	0.0	0.0	0.0	0.0	0.0	0.0	0.0	0.0	0.0	0.0	0.0	0.0	0.0	0.0	0.0	0.0	0.0	0.0	0.0	0.0	0.0	0.0	0.0	
Engoulevent d'Europe	0.0	0.0	0.0	0.0	0.0	0.0	0.0	0.0	0.0	0.0	0.0	0.0	0.0	0.0	0.0015	0.0015	0.0015	0.0015	0.0074627	0.015544	0.0084746	0.0223881	0.0	0.0097087	0.0430108	0.0015	0.0015	0.0071685	0.0015	0.0015	0.0093023	0.0	0.0	0.0	0.0	0.0	0.0	0.0	0.0	0.0	0.0	0.0	0.0	0.0	0.0	0.0	0.0	0.0	
Martinet à ventre blanc	0.0	0.0	0.0	0.0	0.0	0.0	0.0	0.0	0.0	0.0	0.0	0.0	0.0015	0.0	0.0	0.0	0.0	0.0	0.0	0.0	0.0	0.0	0.0	0.0	0.0	0.0	0.0	0.0	0.0	0.0	0.0	0.0	0.0	0.0	0.0	0.0	0.0	0.0	0.0	0.0	0.0	0.0	0.0	0.0	0.0	0.0	0.0	0.0	
Martinet noir	0.0	0.0	0.0	0.0	0.0	0.0	0.0	0.0	0.0	0.0	0.0	0.0	0.0095238	0.0762712	0.1290323	0.257732	0.3283582	0.3035714	0.3283582	0.357513	0.3389831	0.5149254	0.4387755	0.3883495	0.483871	0.3642857	0.3015873	0.1541219	0.0625	0.0882353	0.0372093	0.0111524	0.0143885	0.0113636	0.0	0.0	0.0	0.0	0.0	0.0	0.0	0.0	0.0	0.0	0.0	0.0	0.0	0.0	
Râle d'eau	0.0384615	0.0337079	0.1111111	0.0434783	0.060241	0.0555556	0.0526316	0.0617284	0.0909091	0.0447761	0.0769231	0.0285714	0.0666667	0.0508475	0.0322581	0.0463918	0.0149254	0.0178571	0.0149254	0.015544	0.0084746	0.0074627	0.0	0.0097087	0.0107527	0.0285714	0.031746	0.0430108	0.0511364	0.0588235	0.0604651	0.0929368	0.0503597	0.0397727	0.0894737	0.0828402	0.0983607	0.183908	0.112069	0.0856164	0.1237113	0.0422535	0.0483871	0.0416667	0.0735294	0.0181818	0.0169492	0.0736842	
Râle des genêts	0.0	0.0	0.0	0.0	0.0	0.0	0.0	0.0	0.0	0.0	0.0	0.0	0.0	0.0	0.0	0.0	0.0	0.0	0.0	0.0	0.0	0.0	0.0	0.0	0.0	0.0	0.0	0.0	0.0	0.0	0.0	0.0	0.0	0.0	0.0	0.0	0.0081967	0.0	0.0	0.0	0.0	0.0	0.0	0.0	0.0	0.0	0.0	0.0	
Marouette ponctuée	0.0	0.0	0.0	0.0	0.0	0.0	0.0	0.0	0.0	0.0	0.0	0.0	0.0	0.0	0.0	0.0	0.0	0.0	0.0	0.0	0.0	0.0	0.0	0.0	0.0	0.0	0.0	0.0	0.0	0.0	0.0	0.0074349	0.0071942	0.0015	0.0052632	0.0015	0.0	0.0	0.0	0.0	0.0	0.0	0.0	0.0	0.0	0.0	0.0	0.0	
Gallinule poule-d'eau	0.1615385	0.1348315	0.2407407	0.173913	0.1084337	0.1527778	0.1447368	0.1111111	0.1515152	0.1641791	0.1538462	0.1142857	0.152381	0.1101695	0.1612903	0.1649485	0.1791045	0.0892857	0.1641791	0.1658031	0.1271186	0.1567164	0.1428571	0.1456311	0.172043	0.2	0.1587302	0.1433692	0.0965909	0.1470588	0.1255814	0.1263941	0.1223022	0.1647727	0.1684211	0.1538462	0.2131148	0.3103448	0.1896552	0.1815068	0.1546392	0.3239437	0.2741935	0.2916667	0.2352941	0.2363636	0.1016949	0.1157895	
Foulque macroule	0.2	0.2022472	0.2222222	0.2391304	0.1325301	0.1805556	0.1184211	0.1604938	0.1969697	0.1492537	0.2307692	0.1809524	0.1714286	0.1949153	0.1935484	0.1804124	0.141791	0.1517857	0.1865672	0.1139896	0.1101695	0.1119403	0.1020408	0.1067961	0.0537634	0.1071429	0.1375661	0.1326165	0.1022727	0.1470588	0.1255814	0.1486989	0.1726619	0.1420455	0.1263158	0.1656805	0.2213115	0.2413793	0.1896552	0.1541096	0.185567	0.1690141	0.1774194	0.1666667	0.25	0.1636364	0.1864407	0.1789474	
Talève sultane	0.0	0.0	0.0	0.0	0.0	0.0	0.0	0.0	0.0	0.0	0.0	0.0	0.0	0.0	0.0	0.0	0.0	0.0	0.0	0.0	0.0	0.0	0.0	0.0	0.0	0.0	0.0	0.0015	0.0	0.0	0.0	0.0	0.0	0.0	0.0	0.0	0.0	0.0	0.0	0.0	0.0	0.0	0.0	0.0	0.0	0.0	0.0	0.0	
Marouette de Baillon	0.0	0.0	0.0	0.0	0.0	0.0	0.0	0.0	0.0	0.0	0.0	0.0	0.0	0.0	0.0	0.0	0.0	0.0	0.0	0.0	0.0	0.0	0.0	0.0	0.0	0.0	0.0	0.0	0.0	0.0	0.0	0.0	0.0	0.0056818	0.0	0.0	0.0	0.0	0.0	0.0	0.0	0.0	0.0	0.0	0.0	0.0	0.0	0.0	
Grue cendrée	0.0	0.0015	0.0	0.0	0.0	0.0	0.0	0.0	0.0	0.0	0.0	0.0	0.0	0.0	0.0	0.0051546	0.0	0.0	0.0	0.0	0.0	0.0	0.0	0.0	0.0	0.0	0.0	0.0	0.0	0.0	0.0	0.0	0.0	0.0	0.0	0.0	0.0	0.0	0.0	0.0015	0.0	0.0	0.0015	0.0	0.0	0.0	0.0	0.0015	
Oedicnème criard	0.0	0.0	0.0	0.0	0.0	0.0	0.0	0.0	0.0	0.0	0.0	0.0	0.0	0.0	0.0	0.0	0.0	0.0	0.0	0.0	0.0	0.0	0.0	0.0	0.0	0.0	0.0015	0.0	0.0	0.0	0.0	0.0	0.0	0.0	0.0	0.0	0.0	0.0	0.0	0.0	0.0	0.0	0.0	0.0138889	0.0	0.0	0.0	0.0	
Échasse blanche	0.0	0.011236	0.0	0.0	0.0	0.0	0.0	0.0	0.0	0.0015	0.0480769	0.1333333	0.1142857	0.1525424	0.1129032	0.2164948	0.2164179	0.2053571	0.238806	0.1450777	0.1271186	0.1940299	0.0816327	0.1262136	0.1075269	0.15	0.1164021	0.1326165	0.1193182	0.1544118	0.1116279	0.0892193	0.028777	0.0170455	0.0105263	0.0059172	0.0	0.0	0.0086207	0.0	0.0	0.028169	0.0	0.0138889	0.0	0.0	0.0	0.0	
Avocette élégante	0.0846154	0.0674157	0.0555556	0.25	0.0722892	0.0555556	0.1447368	0.0493827	0.0757576	0.119403	0.2019231	0.1714286	0.1428571	0.1525424	0.1370968	0.2010309	0.2313433	0.2232143	0.2686567	0.1502591	0.1779661	0.2014925	0.2040816	0.1747573	0.1290323	0.1714286	0.1534392	0.1612903	0.0965909	0.1470588	0.144186	0.1412639	0.0791367	0.0625	0.0421053	0.0710059	0.0901639	0.091954	0.0344828	0.0650685	0.0412371	0.0985915	0.0645161	0.0277778	0.0735294	0.0909091	0.1186441	0.1684211	
Huîtrier pie	0.1538462	0.1011236	0.0925926	0.0869565	0.0722892	0.1527778	0.1315789	0.0987654	0.0454545	0.0895522	0.0576923	0.0095238	0.1047619	0.0762712	0.0564516	0.0670103	0.1044776	0.0892857	0.0671642	0.1036269	0.0762712	0.1119403	0.0510204	0.0873786	0.1182796	0.1428571	0.1005291	0.1146953	0.0965909	0.2647059	0.1162791	0.1003717	0.1223022	0.1136364	0.2	0.1242604	0.1967213	0.1494253	0.1551724	0.1335616	0.1546392	0.1408451	0.0806452	0.0833333	0.0882353	0.1272727	0.0169492	0.1368421	
Pluvier argenté	0.0461538	0.0449438	0.0740741	0.0543478	0.060241	0.0555556	0.0657895	0.0123457	0.0606061	0.0298507	0.0288462	0.0285714	0.0380952	0.0084746	0.016129	0.0154639	0.0373134	0.0535714	0.0373134	0.0259067	0.0084746	0.0074627	0.0	0.0	0.0	0.0142857	0.010582	0.0035842	0.0284091	0.0073529	0.027907	0.0297398	0.028777	0.0227273	0.0263158	0.0650888	0.0327869	0.0689655	0.1637931	0.0856164	0.0206186	0.056338	0.016129	0.0277778	0.0441176	0.1090909	0.0169492	0.0631579	
Pluvier doré	0.0692308	0.0786517	0.0555556	0.0326087	0.0120482	0.0555556	0.0131579	0.0246914	0.0015	0.0	0.0	0.0	0.0	0.0015	0.0	0.0	0.0	0.0015	0.0	0.0051813	0.0	0.0	0.0	0.0	0.0	0.0	0.0	0.0	0.0056818	0.0073529	0.0046512	0.0037175	0.0	0.0056818	0.0368421	0.035503	0.0245902	0.0574713	0.0344828	0.0547945	0.0515464	0.084507	0.0483871	0.0694444	0.0441176	0.0181818	0.0015	0.0105263	
Pluvier bronzé	0.0	0.0	0.0	0.0	0.0	0.0	0.0	0.0	0.0	0.0	0.0	0.0	0.0	0.0	0.0	0.0	0.0	0.0	0.0074627	0.0103627	0.0	0.0	0.0	0.0	0.0	0.0	0.0	0.0	0.0	0.0015	0.0	0.0	0.0	0.0	0.0105263	0.0059172	0.0015	0.0015	0.0086207	0.0	0.0	0.0	0.0	0.0	0.0	0.0	0.0	0.0	
Pluvier fauve	0.0015	0.0	0.0	0.0	0.0	0.0015	0.0	0.0	0.0	0.0	0.0	0.0	0.0	0.0	0.0	0.0	0.0	0.0	0.0	0.0	0.0	0.0	0.0	0.0	0.0	0.0	0.0	0.0	0.0	0.0	0.0	0.0	0.0	0.0	0.0	0.0	0.0	0.0	0.0172414	0.0273973	0.0	0.0015	0.0	0.0	0.0	0.0181818	0.0	0.0	
Pluvialis sp.	0.0076923	0.0	0.0	0.0	0.0	0.0138889	0.0	0.0	0.0	0.0	0.0	0.0	0.0	0.0	0.0	0.0	0.0	0.0	0.0	0.0	0.0	0.0	0.0	0.0	0.0	0.0	0.0	0.0	0.0	0.0	0.0	0.0	0.0	0.0	0.0	0.0	0.0	0.0	0.0	0.0	0.0	0.0	0.0	0.0	0.0	0.0	0.0	0.0	
Guignard d’Eurasie	0.0	0.0	0.0	0.0	0.0	0.0	0.0	0.0	0.0	0.0	0.0	0.0	0.0	0.0	0.0	0.0	0.0	0.0	0.0	0.0	0.0	0.0	0.0	0.0	0.0	0.0	0.0	0.0	0.0	0.0	0.0046512	0.0015	0.0071942	0.0170455	0.0157895	0.0059172	0.0	0.0	0.0	0.0	0.0	0.0	0.0	0.0	0.0	0.0	0.0	0.0	
Grand Gravelot	0.0615385	0.0449438	0.0555556	0.0652174	0.0361446	0.1388889	0.0394737	0.0123457	0.030303	0.0149254	0.0288462	0.0571429	0.0380952	0.0169492	0.0403226	0.0618557	0.0522388	0.1339286	0.1044776	0.0725389	0.0338983	0.0074627	0.0306122	0.0097087	0.0	0.0015	0.010582	0.0358423	0.0909091	0.1176471	0.1348837	0.1524164	0.2302158	0.1761364	0.2052632	0.1656805	0.2295082	0.1034483	0.112069	0.0924658	0.0927835	0.0985915	0.016129	0.0138889	0.0882353	0.0909091	0.0169492	0.0421053	
Petit Gravelot	0.0	0.0	0.0	0.0	0.0	0.0	0.0	0.0	0.0	0.0298507	0.0	0.0	0.0285714	0.0508475	0.0241935	0.0360825	0.0298507	0.0089286	0.0298507	0.0207254	0.0169492	0.0373134	0.0015	0.0097087	0.0107527	0.0214286	0.037037	0.0143369	0.0	0.0073529	0.0	0.0037175	0.0359712	0.0056818	0.0052632	0.0	0.0	0.0114943	0.0	0.0	0.0	0.0	0.0	0.0	0.0	0.0	0.0	0.0	
Vanneau huppé	0.1615385	0.2247191	0.2407407	0.25	0.1445783	0.2361111	0.1315789	0.0864198	0.1060606	0.0597015	0.0576923	0.0285714	0.0666667	0.0762712	0.1048387	0.0670103	0.1268657	0.0803571	0.1044776	0.0880829	0.0677966	0.119403	0.0714286	0.1067961	0.0967742	0.1285714	0.1164021	0.1612903	0.1534091	0.1323529	0.1348837	0.1821561	0.1366906	0.1477273	0.1105263	0.1893491	0.1557377	0.1264368	0.1896552	0.1780822	0.1237113	0.2253521	0.2419355	0.2083333	0.2352941	0.1818182	0.1355932	0.2210526	
Gravelot de Leschenault	0.0	0.0	0.0	0.0	0.0	0.0	0.0	0.0	0.0	0.0	0.0	0.0	0.0	0.0	0.0	0.0	0.0	0.0	0.0	0.0	0.0	0.0	0.0	0.0	0.0	0.0	0.0	0.0	0.0	0.0	0.0	0.0	0.0	0.0015	0.0	0.0	0.0	0.0	0.0	0.0	0.0	0.0	0.0	0.0	0.0	0.0	0.0	0.0	
Gravelot à collier interrompu	0.0015	0.0	0.037037	0.0	0.0	0.0	0.0	0.0	0.0151515	0.0	0.0096154	0.0095238	0.0380952	0.0084746	0.0564516	0.0670103	0.0970149	0.0892857	0.1044776	0.0673575	0.0423729	0.0447761	0.0204082	0.0291262	0.0537634	0.0285714	0.042328	0.0286738	0.0170455	0.0294118	0.0046512	0.0297398	0.0071942	0.0397727	0.0526316	0.0177515	0.0491803	0.0229885	0.0086207	0.010274	0.0	0.0140845	0.016129	0.0	0.0147059	0.0	0.0169492	0.0	
Charadriidae sp.	0.0	0.0	0.0	0.0	0.0	0.0	0.0	0.0	0.0	0.0	0.0	0.0095238	0.0	0.0	0.0	0.0	0.0074627	0.0	0.0	0.0	0.0	0.0	0.0	0.0	0.0	0.0	0.0	0.0	0.0	0.0	0.0	0.0	0.0	0.0	0.0	0.0	0.0	0.0	0.0	0.0	0.0	0.0	0.0	0.0	0.0	0.0	0.0	0.0	
Courlis corlieu	0.0076923	0.0	0.0	0.0	0.0120482	0.0138889	0.0	0.0	0.0	0.0149254	0.0	0.0095238	0.0285714	0.0762712	0.1612903	0.2680412	0.2761194	0.1607143	0.0373134	0.0207254	0.0254237	0.0074627	0.0204082	0.0097087	0.0107527	0.05	0.0687831	0.0967742	0.1079545	0.1397059	0.0837209	0.0743494	0.1151079	0.0511364	0.0421053	0.0473373	0.0409836	0.045977	0.0344828	0.0239726	0.0309278	0.0140845	0.016129	0.0	0.0147059	0.0	0.0	0.0105263	
Courlis cendré	0.1153846	0.0786517	0.0740741	0.2173913	0.1325301	0.0833333	0.1578947	0.0864198	0.0909091	0.0895522	0.1153846	0.0761905	0.0571429	0.059322	0.0967742	0.056701	0.0597015	0.0714286	0.0447761	0.015544	0.0169492	0.0149254	0.0204082	0.0485437	0.0215054	0.05	0.0634921	0.0896057	0.1420455	0.0661765	0.055814	0.1003717	0.1151079	0.1193182	0.1315789	0.1242604	0.1393443	0.1609195	0.1465517	0.1609589	0.0927835	0.1126761	0.1129032	0.1666667	0.1176471	0.1272727	0.0508475	0.1263158	
Barge rousse	0.0153846	0.0	0.0555556	0.0326087	0.0120482	0.0138889	0.0	0.0	0.0	0.0149254	0.0384615	0.0015	0.0285714	0.0084746	0.0241935	0.1030928	0.0970149	0.0357143	0.0223881	0.0	0.0084746	0.0074627	0.0	0.0097087	0.0107527	0.0	0.005291	0.0107527	0.0056818	0.0073529	0.0093023	0.0111524	0.0143885	0.0511364	0.0684211	0.0532544	0.0655738	0.1149425	0.0258621	0.0376712	0.0	0.0140845	0.0015	0.0	0.0441176	0.0181818	0.0338983	0.0315789	
Barge à queue noire	0.0384615	0.0786517	0.0925926	0.1630435	0.1084337	0.0694444	0.1052632	0.0617284	0.0909091	0.1044776	0.125	0.1238095	0.0761905	0.0932203	0.0806452	0.1185567	0.1044776	0.0625	0.0373134	0.0103627	0.0169492	0.0149254	0.0	0.0582524	0.0537634	0.0714286	0.0793651	0.1146953	0.0454545	0.1470588	0.1069767	0.133829	0.1151079	0.1022727	0.0736842	0.0946746	0.1229508	0.091954	0.0344828	0.0787671	0.0824742	0.0422535	0.0322581	0.0555556	0.0882353	0.0363636	0.0338983	0.1263158	
Bécassine sourde	0.0076923	0.0449438	0.0185185	0.0015	0.0120482	0.0138889	0.0	0.0123457	0.0015	0.0015	0.0	0.0	0.0	0.0084746	0.0080645	0.0	0.0	0.0	0.0	0.0	0.0	0.0	0.0	0.0	0.0	0.0	0.0	0.0	0.0	0.0	0.0	0.0	0.0	0.0	0.0	0.0	0.0	0.0114943	0.0172414	0.0034247	0.0	0.0	0.0015	0.0138889	0.0	0.0	0.0	0.0	
Bécasse des bois	0.0015	0.0224719	0.0015	0.0015	0.0120482	0.0277778	0.0131579	0.0015	0.0	0.0015	0.0	0.0	0.0095238	0.0	0.0	0.0	0.0	0.0	0.0	0.0	0.0	0.0	0.0	0.0	0.0	0.0	0.0	0.0	0.0	0.0	0.0	0.0	0.0	0.0	0.0	0.0	0.0	0.0	0.0	0.0	0.0015	0.0015	0.0322581	0.0277778	0.0147059	0.0181818	0.0015	0.0105263	
Bécassine des marais	0.0538462	0.0674157	0.1481481	0.1304348	0.060241	0.0555556	0.0657895	0.0740741	0.0757576	0.0298507	0.0961538	0.1047619	0.0761905	0.059322	0.0564516	0.0103093	0.0	0.0	0.0	0.0	0.0	0.0	0.0	0.0194175	0.0	0.0	0.005291	0.0107527	0.0056818	0.0220588	0.0465116	0.0743494	0.0791367	0.0738636	0.0473684	0.1065089	0.1147541	0.1494253	0.1206897	0.0787671	0.0515464	0.056338	0.1129032	0.0833333	0.1029412	0.1272727	0.1016949	0.0526316	
Phalarope de Wilson	0.0	0.0	0.0	0.0	0.0	0.0	0.0	0.0	0.0	0.0	0.0	0.0	0.0	0.0	0.0	0.0	0.0	0.0	0.0	0.0	0.0	0.0	0.0	0.0	0.0	0.0	0.0	0.0	0.0	0.0	0.0	0.0	0.0	0.0	0.0	0.0	0.0	0.0015	0.0	0.0	0.0	0.0	0.0	0.0	0.0	0.0	0.0	0.0	
Phalarope à bec large	0.0	0.0	0.0	0.0	0.0	0.0	0.0	0.0	0.0	0.0	0.0	0.0	0.0	0.0	0.0	0.0	0.0	0.0	0.0	0.0	0.0	0.0	0.0	0.0	0.0	0.0	0.0	0.0	0.0	0.0	0.0046512	0.0	0.0215827	0.0056818	0.0052632	0.0015	0.0081967	0.0015	0.0015	0.0034247	0.0103093	0.056338	0.0015	0.0015	0.0147059	0.0363636	0.0	0.0105263	
Phalarope à bec étroit	0.0	0.0	0.0	0.0	0.0	0.0	0.0	0.0	0.0	0.0	0.0	0.0	0.0	0.0	0.0	0.0	0.0	0.0	0.0	0.0	0.0	0.0	0.0	0.0	0.0	0.0	0.0	0.0	0.0	0.0	0.0	0.0074349	0.0015	0.0113636	0.0105263	0.0	0.0	0.0	0.0	0.0	0.0	0.0	0.0	0.0	0.0	0.0	0.0	0.0	
Chevalier bargette	0.0	0.0	0.0	0.0	0.0	0.0	0.0	0.0	0.0	0.0	0.0	0.0	0.0	0.0	0.0	0.0	0.0	0.0	0.0015	0.0	0.0	0.0	0.0	0.0	0.0	0.0	0.0	0.0	0.0	0.0	0.0	0.0	0.0	0.0	0.0	0.0	0.0	0.0	0.0	0.0	0.0	0.0	0.0	0.0	0.0	0.0	0.0	0.0	
Chevalier guignette	0.0692308	0.0674157	0.037037	0.0543478	0.0240964	0.0416667	0.1315789	0.0493827	0.0454545	0.0149254	0.0673077	0.047619	0.0190476	0.0338983	0.0725806	0.0618557	0.0447761	0.0178571	0.0373134	0.0207254	0.0084746	0.0074627	0.0	0.038835	0.0645161	0.0785714	0.1587302	0.218638	0.1647727	0.2426471	0.2186047	0.2527881	0.1870504	0.1477273	0.1789474	0.1360947	0.1229508	0.091954	0.0258621	0.0479452	0.0721649	0.056338	0.0645161	0.1111111	0.0441176	0.1090909	0.0169492	0.0842105	
Chevalier grivelé	0.0	0.0	0.0	0.0	0.0	0.0	0.0	0.0	0.0	0.0	0.0	0.0	0.0	0.0	0.0	0.0	0.0	0.0	0.0	0.0	0.0	0.0074627	0.0	0.0	0.0	0.0	0.0	0.0	0.0	0.0	0.0	0.0	0.0	0.0	0.0	0.0	0.0	0.0	0.0	0.0	0.0	0.0	0.0	0.0	0.0	0.0	0.0	0.0	
Chevalier culblanc	0.0230769	0.0	0.037037	0.076087	0.0120482	0.0277778	0.0526316	0.0617284	0.030303	0.0149254	0.0865385	0.0857143	0.047619	0.0508475	0.0322581	0.0360825	0.0	0.0	0.0074627	0.0	0.0	0.0	0.0102041	0.0291262	0.0537634	0.0785714	0.037037	0.1146953	0.0738636	0.1397059	0.1069767	0.1301115	0.1726619	0.0681818	0.0368421	0.0710059	0.057377	0.091954	0.0344828	0.0410959	0.0412371	0.028169	0.0967742	0.0694444	0.0441176	0.0363636	0.0338983	0.0631579	
Chevalier stagnatile	0.0	0.0	0.0	0.0	0.0	0.0	0.0	0.0	0.0	0.0	0.0	0.0	0.0	0.0	0.0	0.0206186	0.0	0.0	0.0	0.0015	0.0	0.0	0.0	0.0	0.0	0.0	0.0	0.0	0.0	0.0	0.0	0.0	0.0	0.0	0.0	0.0	0.0	0.0	0.0	0.0	0.0	0.0	0.0	0.0	0.0	0.0	0.0	0.0	
Chevalier sylvain	0.0	0.0	0.0	0.0	0.0	0.0	0.0	0.0	0.0	0.0	0.0	0.0	0.0	0.0	0.0241935	0.0154639	0.0373134	0.0178571	0.0074627	0.0	0.0	0.0	0.0102041	0.0097087	0.0	0.0071429	0.0	0.0179211	0.0056818	0.0294118	0.0372093	0.0185874	0.0143885	0.0227273	0.0	0.0118343	0.0081967	0.0229885	0.0	0.0	0.0	0.0	0.0	0.0	0.0	0.0	0.0	0.0	
Chevalier gambette	0.1230769	0.1573034	0.1481481	0.25	0.1325301	0.1111111	0.1447368	0.0864198	0.0909091	0.1492537	0.1442308	0.1428571	0.1142857	0.1271186	0.1774194	0.1804124	0.2089552	0.1964286	0.1641791	0.1450777	0.0932203	0.1641791	0.1836735	0.1262136	0.1182796	0.1571429	0.1375661	0.1612903	0.1420455	0.1691176	0.1348837	0.1933086	0.1438849	0.1193182	0.1526316	0.1597633	0.1885246	0.1034483	0.0862069	0.0993151	0.1134021	0.1549296	0.0967742	0.0972222	0.1470588	0.2	0.0677966	0.1578947	
Chevalier à pattes jaunes	0.0	0.0	0.0	0.0	0.0	0.0	0.0	0.0	0.0	0.0015	0.0	0.0015	0.0	0.0	0.0	0.0	0.0	0.0	0.0	0.0	0.0	0.0	0.0	0.0	0.0	0.0	0.0	0.0	0.0	0.0	0.0	0.0	0.0	0.0056818	0.0	0.0	0.0081967	0.0344828	0.0344828	0.0034247	0.0	0.0	0.0	0.0	0.0	0.0	0.0	0.0	
Chevalier arlequin	0.0384615	0.0561798	0.0740741	0.1304348	0.0240964	0.0277778	0.0657895	0.0493827	0.0151515	0.0447761	0.0769231	0.0857143	0.0285714	0.059322	0.0564516	0.0515464	0.0671642	0.0	0.0298507	0.0051813	0.0084746	0.0074627	0.0	0.0097087	0.0	0.0285714	0.021164	0.0430108	0.0284091	0.0441176	0.0232558	0.0446097	0.057554	0.0170455	0.0210526	0.0295858	0.0655738	0.0114943	0.0086207	0.0136986	0.0103093	0.056338	0.0015	0.0	0.0294118	0.0545455	0.0338983	0.0947368	
Chevalier aboyeur	0.0923077	0.0674157	0.0925926	0.1521739	0.1084337	0.0694444	0.1052632	0.0864198	0.0151515	0.1343284	0.125	0.1333333	0.047619	0.0677966	0.1290323	0.1443299	0.1567164	0.0178571	0.0298507	0.0207254	0.0084746	0.0	0.0	0.0097087	0.0107527	0.0714286	0.0634921	0.0752688	0.0852273	0.0955882	0.0790698	0.1301115	0.1151079	0.1022727	0.0894737	0.1005917	0.1311475	0.1149425	0.112069	0.109589	0.0618557	0.1126761	0.0645161	0.0972222	0.0588235	0.0909091	0.0847458	0.0947368	
Tournepierre à collier	0.1384615	0.1348315	0.2407407	0.1521739	0.0843373	0.1805556	0.0657895	0.0493827	0.0606061	0.0597015	0.0384615	0.0285714	0.0380952	0.0254237	0.0403226	0.0773196	0.1343284	0.0982143	0.0223881	0.015544	0.0423729	0.0	0.0102041	0.0097087	0.0322581	0.0285714	0.026455	0.0394265	0.0681818	0.1102941	0.0790698	0.0966543	0.1582734	0.1761364	0.2157895	0.1597633	0.204918	0.137931	0.1206897	0.1815068	0.1340206	0.2394366	0.1129032	0.0555556	0.1029412	0.1454545	0.0338983	0.0947368	
Bécasseau maubèche	0.0076923	0.011236	0.0185185	0.0108696	0.0	0.0138889	0.0	0.0	0.0	0.0149254	0.0096154	0.0	0.0	0.0	0.0	0.0015	0.0149254	0.0267857	0.0149254	0.0051813	0.0	0.0	0.0	0.0	0.0	0.0071429	0.005291	0.0035842	0.0113636	0.0073529	0.0186047	0.0297398	0.0431655	0.0170455	0.0315789	0.0473373	0.0163934	0.0574713	0.0086207	0.0136986	0.0103093	0.0422535	0.0	0.0	0.0	0.0181818	0.0015	0.0315789	
Combattant varié	0.0	0.011236	0.0	0.0	0.0	0.0	0.0131579	0.0	0.0	0.0	0.0	0.0190476	0.0095238	0.0084746	0.0483871	0.0206186	0.0597015	0.0089286	0.0074627	0.0051813	0.0	0.0	0.0	0.0	0.0	0.0	0.005291	0.0015	0.0	0.0147059	0.0186047	0.0148699	0.0215827	0.0227273	0.0157895	0.0295858	0.0081967	0.0	0.0	0.0068493	0.0	0.0	0.0	0.0	0.0	0.0	0.0015	0.0105263	
Bécasseau à queue pointue	0.0	0.0	0.0	0.0	0.0	0.0	0.0	0.0	0.0	0.0	0.0	0.0	0.0	0.0	0.0	0.0	0.0	0.0	0.0	0.0	0.0	0.0	0.0	0.0	0.0	0.0	0.0	0.0	0.0	0.0441176	0.0186047	0.0111524	0.0	0.0	0.0	0.0	0.0	0.0	0.0	0.0	0.0	0.0	0.0	0.0	0.0	0.0	0.0	0.0	
Bécasseau cocorli	0.0	0.0	0.0	0.0	0.0	0.0015	0.0	0.0	0.0	0.0	0.0015	0.0	0.0	0.0	0.0	0.0103093	0.0149254	0.0089286	0.0015	0.0	0.0015	0.0	0.0	0.0	0.0	0.0	0.0	0.0071685	0.0056818	0.0073529	0.0093023	0.0185874	0.0215827	0.0340909	0.0368421	0.0532544	0.0245902	0.0229885	0.0086207	0.0	0.0	0.0	0.0	0.0	0.0	0.0	0.0	0.0	
Bécasseau de Temminck	0.0	0.0	0.0	0.0	0.0	0.0	0.0	0.0	0.0	0.0	0.0	0.0	0.0	0.0	0.0	0.0	0.0074627	0.0178571	0.0015	0.0	0.0	0.0	0.0	0.0	0.0	0.0	0.0	0.0	0.0	0.0	0.0	0.0111524	0.0	0.0	0.0	0.0	0.0	0.0	0.0	0.0	0.0	0.0	0.0	0.0	0.0	0.0	0.0	0.0	
Bécasseau rousset	0.0	0.0	0.0	0.0	0.0	0.0	0.0	0.0	0.0	0.0	0.0	0.0	0.0	0.0	0.0	0.0	0.0	0.0	0.0	0.0	0.0	0.0	0.0	0.0	0.0	0.0	0.0	0.0	0.0	0.0	0.0	0.0037175	0.0	0.0	0.0052632	0.0	0.0	0.0	0.0	0.0	0.0	0.0	0.0	0.0	0.0	0.0	0.0	0.0	
Bécasseau sanderling	0.1	0.1123596	0.2037037	0.0652174	0.0963855	0.2222222	0.0657895	0.0740741	0.0757576	0.0447761	0.0576923	0.0666667	0.0285714	0.0169492	0.016129	0.0515464	0.0970149	0.1071429	0.0970149	0.0414508	0.0169492	0.0149254	0.0	0.0	0.0	0.0	0.021164	0.0430108	0.0511364	0.0367647	0.055814	0.070632	0.1079137	0.0909091	0.1473684	0.1183432	0.1311475	0.1034483	0.0948276	0.0821918	0.0515464	0.1549296	0.0015	0.0555556	0.0441176	0.1090909	0.0338983	0.1263158	
Bécasseau variable	0.1153846	0.1011236	0.1481481	0.1630435	0.1084337	0.2361111	0.0789474	0.037037	0.0454545	0.0746269	0.0769231	0.0571429	0.0285714	0.0254237	0.0725806	0.0927835	0.1343284	0.1517857	0.1268657	0.0621762	0.0338983	0.0298507	0.0102041	0.0194175	0.0430108	0.05	0.0634921	0.1003584	0.1136364	0.1323529	0.0883721	0.133829	0.1366906	0.125	0.1631579	0.1538462	0.1557377	0.1609195	0.112069	0.0787671	0.0206186	0.1408451	0.1129032	0.0833333	0.1470588	0.2	0.0338983	0.1157895	
Bécasseau violet	0.0076923	0.0337079	0.0555556	0.0108696	0.0015	0.0138889	0.0015	0.0246914	0.0015	0.0447761	0.0	0.0	0.0095238	0.0	0.0	0.0051546	0.0015	0.0015	0.0	0.0051813	0.0	0.0	0.0	0.0	0.0	0.0	0.0	0.0015	0.0	0.0	0.0	0.0	0.0	0.0056818	0.0	0.0059172	0.0081967	0.0114943	0.0172414	0.0171233	0.0412371	0.0422535	0.016129	0.0277778	0.0015	0.0181818	0.0	0.0105263	
Bécasseau de Baird	0.0	0.0	0.0	0.0	0.0	0.0	0.0	0.0	0.0	0.0	0.0	0.0	0.0	0.0	0.0	0.0	0.0	0.0015	0.0	0.0	0.0	0.0	0.0	0.0	0.0	0.0	0.0	0.0	0.0	0.0	0.0	0.0	0.0	0.0	0.0	0.0	0.0	0.0	0.0	0.0034247	0.0	0.0	0.0	0.0	0.0	0.0	0.0	0.0	
Bécasseau minute	0.0153846	0.011236	0.0185185	0.0	0.0	0.0	0.0	0.0	0.0	0.0	0.0	0.0	0.0	0.0	0.0	0.0051546	0.0149254	0.0267857	0.0	0.0051813	0.0	0.0074627	0.0	0.0	0.0	0.0071429	0.0	0.0071685	0.0015	0.0367647	0.0093023	0.0037175	0.0215827	0.0170455	0.0368421	0.0532544	0.0081967	0.0229885	0.0	0.0	0.0	0.0	0.0	0.0	0.0	0.0181818	0.0	0.0	
Bécasseau de Bonaparte	0.0	0.0	0.0	0.0	0.0	0.0	0.0	0.0	0.0	0.0	0.0	0.0	0.0	0.0	0.0	0.0	0.0	0.0	0.0	0.0	0.0	0.0	0.0	0.0	0.0	0.0	0.0	0.0	0.0	0.0	0.0	0.0	0.0	0.0	0.0	0.0	0.0	0.0	0.0	0.0015	0.0	0.0	0.0	0.0	0.0	0.0	0.0	0.0	
Bécasseau tacheté	0.0	0.0	0.0	0.0	0.0	0.0	0.0	0.0	0.0	0.0	0.0	0.0	0.0	0.0	0.0	0.0	0.0	0.0089286	0.0	0.0	0.0	0.0	0.0	0.0	0.0	0.0	0.0015	0.0	0.0	0.0	0.0	0.0	0.0215827	0.0113636	0.0	0.0015	0.0	0.0	0.0	0.0	0.0	0.0	0.0	0.0	0.0	0.0	0.0	0.0	
Bécasseau semipalmé	0.0	0.0	0.0	0.0	0.0	0.0	0.0	0.0	0.0	0.0	0.0	0.0	0.0	0.0	0.0	0.0	0.0	0.0	0.0	0.0	0.0	0.0	0.0	0.0	0.0	0.0	0.0	0.0	0.0	0.0	0.0	0.0	0.0143885	0.0	0.0	0.0295858	0.0	0.0	0.0	0.0	0.0	0.0	0.0	0.0	0.0	0.0	0.0	0.0	
Calidris sp. (petit bécasseau sp.)	0.0	0.0	0.0	0.0	0.0	0.0138889	0.0	0.0	0.0	0.0	0.0	0.0	0.0095238	0.0	0.0	0.0	0.0	0.0	0.0	0.0	0.0	0.0	0.0	0.0	0.0	0.0	0.005291	0.0	0.0	0.0	0.0	0.0	0.0	0.0	0.0	0.0	0.0	0.0	0.0	0.0	0.0103093	0.0	0.0	0.0	0.0	0.0	0.0	0.0	
scolopacidé sp.	0.0	0.0	0.0	0.0	0.0	0.0	0.0	0.0	0.0151515	0.0	0.0	0.0	0.0	0.0	0.0	0.0	0.0	0.0	0.0	0.0	0.0	0.0	0.0	0.0	0.0	0.0	0.0	0.0	0.0	0.0	0.0	0.0	0.0	0.0	0.0	0.0	0.0	0.0	0.0	0.0	0.0	0.0	0.0	0.0	0.0	0.0	0.0	0.0	
limicole sp.	0.0076923	0.0	0.0	0.0	0.0	0.0	0.0	0.0	0.0	0.0	0.0	0.0	0.0	0.0	0.0	0.0	0.0	0.0	0.0074627	0.0051813	0.0	0.0	0.0	0.0	0.0	0.0	0.010582	0.0	0.0	0.0073529	0.0	0.0	0.0	0.0	0.0	0.0	0.0	0.0	0.0	0.0068493	0.0	0.0	0.0	0.0	0.0	0.0	0.0	0.0	
Labbe à longue queue	0.0	0.0	0.0	0.0	0.0	0.0	0.0	0.0	0.0	0.0	0.0	0.0	0.0	0.0	0.0	0.0	0.0	0.0	0.0	0.0	0.0	0.0	0.0	0.0	0.0	0.0	0.0	0.0	0.0056818	0.0	0.0	0.0	0.0143885	0.0056818	0.0015	0.0	0.0	0.0	0.0	0.0	0.0015	0.0	0.0	0.0	0.0	0.0	0.0	0.0	
Labbe parasite	0.0	0.0	0.0	0.0	0.0	0.0	0.0	0.0	0.0	0.0	0.0	0.0	0.0	0.0169492	0.0080645	0.0	0.0015	0.0015	0.0	0.0	0.0	0.0	0.0	0.0	0.0	0.0015	0.005291	0.0143369	0.0170455	0.0147059	0.0465116	0.063197	0.0791367	0.0568182	0.0526316	0.0177515	0.0245902	0.0344828	0.0086207	0.0171233	0.0103093	0.028169	0.0	0.0	0.0	0.0	0.0	0.0	
Labbe pomarin	0.0	0.0	0.0	0.0	0.0	0.0	0.0	0.0	0.0	0.0	0.0	0.0	0.0	0.0	0.0	0.0015	0.0074627	0.0	0.0	0.0	0.0	0.0	0.0	0.0	0.0	0.0	0.0	0.0	0.0	0.0015	0.0	0.0074349	0.0	0.0	0.0	0.0	0.0015	0.0	0.0015	0.0	0.0015	0.0	0.0	0.0	0.0	0.0	0.0	0.0	
Grand Labbe	0.0	0.0	0.0	0.0	0.0	0.0138889	0.0	0.0	0.0	0.0	0.0	0.0	0.0	0.0084746	0.0	0.0	0.0	0.0	0.0	0.0	0.0	0.0	0.0	0.0	0.0	0.0015	0.0	0.0107527	0.0	0.0	0.0418605	0.0148699	0.0359712	0.0397727	0.0105263	0.0	0.0015	0.0015	0.0015	0.0068493	0.0015	0.0	0.0	0.0	0.0	0.0	0.0015	0.0	
Labbe pomarin, L. parasite ou L. à longue queue	0.0	0.0	0.0	0.0	0.0	0.0	0.0	0.0	0.0	0.0	0.0	0.0	0.0	0.0	0.0	0.0	0.0	0.0	0.0	0.0	0.0	0.0	0.0	0.0	0.0	0.0	0.0	0.0	0.0	0.0	0.0046512	0.0	0.0071942	0.0056818	0.0052632	0.0	0.0	0.0	0.0	0.0034247	0.0	0.0	0.0	0.0	0.0	0.0	0.0	0.0	
labbe sp. (groupe Catharacta)	0.0	0.0	0.0	0.0	0.0	0.0	0.0	0.0	0.0	0.0	0.0	0.0	0.0	0.0	0.0	0.0	0.0	0.0	0.0	0.0	0.0	0.0	0.0	0.0	0.0	0.0	0.0	0.0	0.0	0.0	0.0	0.0015	0.0	0.0	0.0	0.0	0.0	0.0	0.0	0.0	0.0	0.0	0.0	0.0	0.0	0.0	0.0	0.0	
labbe sp.	0.0	0.0	0.0185185	0.0	0.0	0.0	0.0	0.0	0.0	0.0	0.0	0.0	0.0	0.0	0.0	0.0	0.0	0.0	0.0	0.0	0.0	0.0	0.0	0.0	0.0	0.0	0.0	0.0	0.0	0.0	0.0	0.0	0.0071942	0.0	0.0	0.0	0.0	0.0	0.0086207	0.0068493	0.0015	0.0	0.0	0.0	0.0	0.0	0.0	0.0105263	
Macareux moine	0.0076923	0.0	0.0	0.0	0.0015	0.0277778	0.0	0.0123457	0.0015	0.0	0.0096154	0.0	0.0	0.0	0.0	0.0	0.0074627	0.0	0.0	0.0	0.0	0.0	0.0	0.0	0.0	0.0	0.0	0.0	0.0	0.0	0.0046512	0.0	0.0	0.0	0.0	0.0	0.0	0.0	0.0015	0.0	0.0	0.0140845	0.0015	0.0	0.0	0.0	0.0	0.0	
Guillemot à miroir	0.0	0.0	0.0	0.0	0.0	0.0	0.0	0.0	0.0	0.0	0.0	0.0	0.0	0.0	0.0	0.0	0.0	0.0	0.0	0.0	0.0	0.0	0.0	0.0	0.0	0.0	0.0	0.0	0.0	0.0	0.0	0.0	0.0	0.0	0.0	0.0059172	0.0	0.0	0.0	0.0	0.0	0.0	0.0	0.0	0.0	0.0	0.0	0.0	
Pingouin torda	0.0461538	0.0449438	0.0925926	0.0015	0.0120482	0.0694444	0.0	0.0015	0.0015	0.0149254	0.0096154	0.0	0.0095238	0.0	0.0	0.0015	0.0	0.0	0.0	0.0	0.0	0.0	0.0	0.0	0.0	0.0	0.0	0.0	0.0	0.0	0.0	0.0037175	0.0	0.0	0.0015	0.0059172	0.0	0.0015	0.0258621	0.0239726	0.0515464	0.0	0.016129	0.0138889	0.0015	0.0181818	0.0015	0.0421053	
Mergule nain	0.0015	0.0	0.0	0.0	0.0	0.0015	0.0	0.0	0.0	0.0	0.0	0.0	0.0	0.0	0.0	0.0	0.0	0.0	0.0	0.0	0.0	0.0	0.0	0.0	0.0	0.0	0.0	0.0	0.0	0.0	0.0	0.0	0.0	0.0	0.0	0.0	0.0	0.0	0.0	0.0	0.0015	0.0	0.0	0.0	0.0147059	0.0	0.0	0.0105263	
Guillemot de Troïl	0.0615385	0.0337079	0.0185185	0.0108696	0.0120482	0.0555556	0.0	0.0	0.0	0.0149254	0.0096154	0.0095238	0.0095238	0.0169492	0.0015	0.0051546	0.0015	0.0	0.0015	0.0051813	0.0	0.0	0.0015	0.0194175	0.0107527	0.0071429	0.0	0.0071685	0.0113636	0.0147059	0.055814	0.0297398	0.057554	0.0454545	0.0263158	0.0015	0.0015	0.0015	0.0172414	0.0171233	0.0309278	0.028169	0.0015	0.0138889	0.0147059	0.0	0.0015	0.0526316	
Alca ou Uria sp.	0.0	0.011236	0.0	0.0	0.0	0.0138889	0.0	0.0	0.0	0.0149254	0.0	0.0	0.0	0.0	0.0	0.0	0.0	0.0	0.0	0.0	0.0	0.0	0.0	0.0	0.0	0.0	0.0	0.0	0.0	0.0	0.0	0.0	0.0	0.0	0.0	0.0	0.0	0.0	0.0086207	0.0205479	0.0	0.0	0.0	0.0	0.0	0.0	0.0	0.0	
alcidé sp.	0.0	0.0	0.0	0.0015	0.0	0.0	0.0	0.0	0.0	0.0	0.0	0.0095238	0.0095238	0.0	0.0	0.0	0.0	0.0	0.0	0.0	0.0	0.0	0.0	0.0	0.0	0.0	0.0	0.0	0.0	0.0	0.0046512	0.0	0.0	0.0056818	0.0	0.0	0.0	0.0	0.0431034	0.0068493	0.0103093	0.028169	0.0	0.0	0.0	0.0	0.0	0.0	
Mouette pygmée	0.0153846	0.011236	0.0	0.0	0.0015	0.0138889	0.0131579	0.0	0.0	0.0149254	0.0015	0.0	0.0	0.0	0.0	0.0	0.0074627	0.0089286	0.0149254	0.0103627	0.0084746	0.0	0.0	0.0	0.0	0.0071429	0.010582	0.0015	0.0056818	0.0	0.0046512	0.0015	0.0143885	0.0170455	0.0052632	0.0	0.0	0.0015	0.0015	0.0015	0.0015	0.0422535	0.0322581	0.0	0.0147059	0.0	0.0015	0.0105263	
Mouette tridactyle	0.0615385	0.0337079	0.0	0.0108696	0.0120482	0.0277778	0.0131579	0.0123457	0.0	0.0149254	0.0	0.0	0.0015	0.0	0.0	0.0051546	0.0	0.0	0.0	0.0	0.0	0.0	0.0	0.0	0.0107527	0.0	0.005291	0.0035842	0.0056818	0.0	0.0	0.0148699	0.0015	0.0227273	0.0	0.0	0.0	0.0	0.0086207	0.0376712	0.1134021	0.028169	0.016129	0.0277778	0.0015	0.0181818	0.0015	0.0631579	
Mouette de Sabine	0.0	0.0	0.0	0.0	0.0	0.0	0.0	0.0	0.0	0.0	0.0	0.0	0.0	0.0	0.0	0.0	0.0	0.0	0.0	0.0	0.0	0.0	0.0	0.0015	0.0	0.0	0.0	0.0	0.0	0.0015	0.0325581	0.0297398	0.0863309	0.0738636	0.0315789	0.0	0.0	0.0015	0.0086207	0.0015	0.0103093	0.028169	0.0015	0.0	0.0	0.0	0.0	0.0	
Mouette de Bonaparte	0.0	0.0	0.0	0.0	0.0	0.0	0.0	0.0	0.0	0.0	0.0	0.0	0.0	0.0	0.0	0.0	0.0	0.0015	0.0074627	0.0	0.0	0.0	0.0	0.0	0.0	0.0	0.0	0.0	0.0	0.0	0.0	0.0	0.0	0.0	0.0	0.0	0.0	0.0	0.0	0.0	0.0	0.0	0.0	0.0	0.0	0.0	0.0	0.0	
Mouette rieuse	0.5461538	0.5730337	0.6111111	0.4673913	0.4578313	0.5972222	0.4605263	0.4444444	0.3939394	0.4029851	0.4326923	0.2952381	0.2095238	0.220339	0.1290323	0.2886598	0.2835821	0.1964286	0.2910448	0.1502591	0.2033898	0.261194	0.3469388	0.3495146	0.3548387	0.4785714	0.5291005	0.5448029	0.5113636	0.4558824	0.4976744	0.527881	0.6115108	0.5852273	0.5631579	0.6272189	0.6147541	0.5402299	0.5	0.4315068	0.443299	0.6056338	0.6612903	0.5972222	0.5735294	0.4909091	0.4067797	0.5263158	
Mouette mélanocéphale	0.0769231	0.1011236	0.1111111	0.0652174	0.0722892	0.1111111	0.0789474	0.0987654	0.0606061	0.0447761	0.0576923	0.0190476	0.0285714	0.0169492	0.0080645	0.0876289	0.0074627	0.0357143	0.0373134	0.0466321	0.0169492	0.0522388	0.0714286	0.0679612	0.1290323	0.1428571	0.1269841	0.1111111	0.0681818	0.0955882	0.0697674	0.1003717	0.1294964	0.0511364	0.0684211	0.0769231	0.1147541	0.0689655	0.0517241	0.0547945	0.0618557	0.0704225	0.016129	0.0138889	0.0588235	0.0727273	0.0338983	0.0947368	
Mouette rieuse ou M. mélanocéphale	0.0	0.0	0.0	0.0	0.0	0.0	0.0	0.0	0.0	0.0	0.0	0.0	0.0	0.0	0.0080645	0.0051546	0.0	0.0	0.0	0.0	0.0	0.0	0.0	0.0	0.0	0.0071429	0.0	0.0	0.0	0.0	0.0046512	0.0	0.0	0.0	0.0	0.0	0.0	0.0	0.0	0.0	0.0	0.0	0.0	0.0	0.0	0.0	0.0	0.0	
Goéland cendré	0.0692308	0.1123596	0.1666667	0.1304348	0.0843373	0.1944444	0.0657895	0.0617284	0.1212121	0.0597015	0.0192308	0.0285714	0.0095238	0.0169492	0.016129	0.0154639	0.0223881	0.0446429	0.0373134	0.0	0.0084746	0.0	0.0	0.0	0.0	0.0071429	0.005291	0.0143369	0.0170455	0.0073529	0.0046512	0.0074349	0.0071942	0.0015	0.0210526	0.0295858	0.0491803	0.0344828	0.0689655	0.0273973	0.0412371	0.084507	0.0645161	0.0694444	0.0294118	0.0727273	0.0847458	0.0842105	
Goéland à bec cerclé	0.0153846	0.0	0.0015	0.0	0.0	0.0	0.0	0.0	0.0151515	0.0	0.0	0.0	0.0	0.0	0.0	0.0	0.0	0.0	0.0	0.0	0.0	0.0	0.0	0.0	0.0	0.0	0.0	0.0	0.0	0.0	0.0	0.0	0.0	0.0	0.0	0.0	0.0	0.0	0.0	0.0	0.0	0.0	0.0	0.0	0.0	0.0	0.0015	0.0	
Goéland pontique	0.0015	0.011236	0.0015	0.0108696	0.0	0.0	0.0015	0.0	0.0	0.0	0.0	0.0	0.0	0.0	0.0	0.0	0.0	0.0	0.0	0.0	0.0	0.0	0.0	0.0	0.0	0.0	0.0	0.0	0.0	0.0	0.0015	0.0	0.0015	0.0056818	0.0052632	0.0	0.0	0.0	0.0	0.0015	0.0	0.0140845	0.0	0.0	0.0	0.0	0.0	0.0105263	
Goéland d'Amérique	0.0015	0.011236	0.0185185	0.0015	0.0	0.0015	0.0015	0.0	0.0	0.0	0.0	0.0	0.0	0.0	0.0	0.0	0.0	0.0	0.0	0.0	0.0	0.0	0.0	0.0	0.0	0.0	0.0	0.0	0.0	0.0	0.0	0.0	0.0	0.0	0.0	0.0	0.0	0.0	0.0	0.0	0.0	0.0	0.0	0.0	0.0	0.0	0.0169492	0.0015	
Goéland argenté	0.4692308	0.4382022	0.3888889	0.5	0.4819277	0.5833333	0.3421053	0.5185185	0.4090909	0.3432836	0.3846154	0.3619048	0.447619	0.4237288	0.4516129	0.5051546	0.4029851	0.3482143	0.4029851	0.3367876	0.3644068	0.4253731	0.4081633	0.3592233	0.3978495	0.4785714	0.5502646	0.5448029	0.5056818	0.5220588	0.5767442	0.4684015	0.5395683	0.4829545	0.5736842	0.5147929	0.5655738	0.4022989	0.4396552	0.4794521	0.5051546	0.6056338	0.4677419	0.5277778	0.5	0.4909091	0.3559322	0.4947368	
Goéland leucophée	0.0153846	0.011236	0.0185185	0.0108696	0.0240964	0.0015	0.0526316	0.0246914	0.0015	0.0746269	0.1538462	0.0190476	0.0095238	0.0169492	0.0322581	0.0206186	0.0223881	0.0535714	0.0746269	0.0207254	0.0254237	0.0223881	0.0306122	0.0291262	0.0430108	0.0428571	0.031746	0.0537634	0.0454545	0.0367647	0.027907	0.0408922	0.0503597	0.0340909	0.0210526	0.0118343	0.0491803	0.0114943	0.0258621	0.0308219	0.0103093	0.0140845	0.0806452	0.0277778	0.0147059	0.0181818	0.0	0.0210526	
Goéland argenté ou G. leucophée	0.0	0.0	0.0	0.0	0.0	0.0	0.0	0.0	0.0	0.0	0.0	0.0	0.0	0.0	0.0	0.0	0.0	0.0	0.0	0.0	0.0	0.0	0.0	0.0	0.0	0.0071429	0.0	0.0	0.0	0.0	0.0	0.0	0.0	0.0	0.0	0.0	0.0	0.0	0.0	0.0	0.0	0.0	0.0	0.0	0.0	0.0	0.0	0.0	
Goéland marin	0.2538462	0.2359551	0.1851852	0.2391304	0.2289157	0.2777778	0.2631579	0.2098765	0.1212121	0.2238806	0.2980769	0.152381	0.1904762	0.1694915	0.1370968	0.2371134	0.2014925	0.2232143	0.2014925	0.2020725	0.1355932	0.2835821	0.1836735	0.2135922	0.1612903	0.2642857	0.2857143	0.311828	0.2556818	0.2058824	0.3674419	0.3234201	0.3165468	0.2954545	0.3473684	0.2899408	0.3032787	0.2183908	0.2931034	0.2671233	0.2680412	0.3098592	0.1290323	0.1111111	0.2058824	0.2727273	0.1186441	0.2736842	
Goéland bourgmestre	0.0	0.011236	0.0015	0.0	0.0240964	0.0416667	0.0131579	0.0123457	0.0	0.0	0.0096154	0.0	0.0	0.0	0.0	0.0	0.0	0.0	0.0	0.0	0.0	0.0	0.0	0.0	0.0	0.0	0.0	0.0	0.0	0.0	0.0	0.0015	0.0071942	0.0	0.0	0.0	0.0	0.0	0.0	0.0	0.0	0.0	0.0	0.0	0.0	0.0	0.0	0.0015	
Goéland brun	0.2	0.1573034	0.1481481	0.2608696	0.1566265	0.2638889	0.2368421	0.1851852	0.1515152	0.2238806	0.1923077	0.2	0.2666667	0.2118644	0.1774194	0.2010309	0.2164179	0.1517857	0.1641791	0.1865285	0.1101695	0.1940299	0.1326531	0.1067961	0.1612903	0.2	0.2592593	0.2473118	0.2613636	0.2720588	0.2744186	0.260223	0.2374101	0.25	0.2631579	0.183432	0.1967213	0.183908	0.1896552	0.1506849	0.1546392	0.1690141	0.0483871	0.1666667	0.1323529	0.0727273	0.1525424	0.2210526	
Goéland à ailes blanches	0.0015	0.011236	0.0015	0.0108696	0.0	0.0	0.0131579	0.0246914	0.030303	0.0015	0.0015	0.0	0.0	0.0	0.0015	0.0051546	0.0	0.0	0.0	0.0	0.0	0.0	0.0	0.0	0.0	0.0	0.0	0.0	0.0	0.0	0.0	0.0	0.0	0.0	0.0	0.0	0.0	0.0	0.0	0.0	0.0	0.0	0.0	0.0	0.0	0.0	0.0015	0.0015	
goéland sp. (Larus sp.)	0.0076923	0.0	0.0	0.0	0.0	0.0138889	0.0	0.0123457	0.0	0.0	0.0	0.0095238	0.0	0.0	0.0080645	0.0051546	0.0223881	0.0178571	0.0	0.0	0.0	0.0	0.0	0.0	0.0	0.0	0.005291	0.0	0.0056818	0.0	0.0	0.0037175	0.0015	0.0	0.0052632	0.0	0.0	0.0	0.0	0.0	0.0	0.0	0.0	0.0138889	0.0147059	0.0	0.0	0.0421053	
goéland ou mouette sp.	0.0	0.0	0.0	0.0	0.0	0.0	0.0263158	0.0	0.0	0.0	0.0	0.0	0.0	0.0	0.0015	0.0103093	0.0	0.0089286	0.0015	0.015544	0.0338983	0.0015	0.0102041	0.0	0.0107527	0.0	0.021164	0.0	0.0	0.0	0.0046512	0.0	0.0	0.0056818	0.0105263	0.0118343	0.0081967	0.0	0.0	0.0	0.0	0.0	0.0	0.0	0.0	0.0	0.0	0.0210526	
Sterne naine	0.0	0.0	0.0	0.0	0.0	0.0	0.0	0.0	0.0	0.0	0.0	0.0	0.0095238	0.0015	0.0	0.0051546	0.0	0.0178571	0.0074627	0.0103627	0.0084746	0.0074627	0.0102041	0.0097087	0.0	0.0	0.005291	0.0035842	0.0170455	0.0073529	0.0093023	0.0148699	0.0431655	0.0056818	0.0052632	0.0015	0.0	0.0	0.0	0.0	0.0	0.0	0.0	0.0	0.0	0.0	0.0	0.0	
Sterne hansel	0.0	0.0	0.0	0.0	0.0	0.0	0.0	0.0	0.0	0.0	0.0	0.0	0.0	0.0	0.0	0.0	0.0	0.0	0.0	0.0	0.0	0.0	0.0	0.0	0.0	0.0	0.0	0.0	0.0	0.0	0.0	0.0037175	0.0	0.0	0.0	0.0	0.0	0.0	0.0	0.0	0.0	0.0	0.0	0.0	0.0	0.0	0.0	0.0	
Sterne caspienne	0.0	0.0	0.0	0.0	0.0	0.0	0.0	0.0	0.0	0.0	0.0	0.0	0.0	0.0	0.0	0.0	0.0	0.0	0.0	0.0	0.0084746	0.0	0.0	0.0	0.0015	0.0	0.0	0.0	0.0	0.0	0.0	0.0	0.0	0.0	0.0	0.0015	0.0	0.0	0.0	0.0	0.0	0.0	0.0	0.0	0.0	0.0	0.0	0.0	
Guifette moustac	0.0	0.0	0.0	0.0	0.0	0.0	0.0	0.0	0.0	0.0	0.0	0.0	0.0	0.0	0.0015	0.0015	0.0	0.0	0.0015	0.0	0.0	0.0	0.0	0.0	0.0107527	0.0	0.0	0.0035842	0.0	0.0	0.0	0.0	0.0	0.0	0.0	0.0	0.0	0.0	0.0	0.0	0.0	0.0	0.0	0.0	0.0	0.0	0.0	0.0	
Guifette noire	0.0	0.0	0.0	0.0	0.0	0.0	0.0	0.0	0.0	0.0	0.0	0.0	0.0	0.0	0.0	0.0	0.0074627	0.0	0.0015	0.0	0.0	0.0	0.0	0.0015	0.0	0.0	0.0015	0.0035842	0.0113636	0.0147059	0.0325581	0.0297398	0.028777	0.0227273	0.0105263	0.0	0.0	0.0	0.0	0.0	0.0	0.0	0.0	0.0	0.0	0.0	0.0	0.0	
Guifette leucoptère	0.0	0.0	0.0	0.0	0.0	0.0	0.0	0.0	0.0	0.0	0.0	0.0	0.0	0.0	0.0	0.0	0.0	0.0	0.0	0.0	0.0	0.0	0.0	0.0	0.0	0.0	0.0	0.0	0.0	0.0	0.0	0.0037175	0.0	0.0015	0.0	0.0	0.0	0.0	0.0	0.0	0.0	0.0	0.0	0.0	0.0	0.0	0.0	0.0	
Sterne arctique	0.0	0.0	0.0	0.0	0.0	0.0	0.0	0.0	0.0	0.0	0.0	0.0	0.0	0.0084746	0.0	0.0	0.0015	0.0089286	0.0015	0.0	0.0	0.0	0.0	0.0	0.0	0.0	0.0	0.0015	0.0	0.0015	0.0046512	0.0015	0.0215827	0.0113636	0.0	0.0	0.0	0.0015	0.0086207	0.0068493	0.0	0.0140845	0.0	0.0	0.0	0.0	0.0	0.0	
Sterne pierregarin	0.0	0.0	0.0	0.0	0.0	0.0	0.0	0.0	0.0151515	0.0	0.0096154	0.0285714	0.0285714	0.1101695	0.1854839	0.242268	0.2462687	0.25	0.3283582	0.1709845	0.220339	0.3059701	0.2857143	0.3203883	0.2688172	0.3428571	0.3386243	0.3261649	0.25	0.2573529	0.2093023	0.2156134	0.1223022	0.0795455	0.0315789	0.0177515	0.0163934	0.0	0.0015	0.0068493	0.0	0.0140845	0.0	0.0	0.0	0.0	0.0	0.0	
Sterne pierregarin ou S. arctique	0.0	0.0	0.0	0.0	0.0	0.0	0.0	0.0	0.0	0.0	0.0	0.0	0.0	0.0	0.0	0.0	0.0	0.0	0.0074627	0.0	0.0	0.0	0.0	0.0	0.0107527	0.0	0.005291	0.0	0.0	0.0	0.0	0.0037175	0.0	0.0113636	0.0	0.0	0.0	0.0	0.0	0.0	0.0	0.0	0.0	0.0	0.0	0.0	0.0	0.0	
Sterne de Dougall	0.0	0.0	0.0	0.0	0.0	0.0	0.0	0.0	0.0	0.0	0.0	0.0	0.0	0.0	0.0	0.0	0.0	0.0015	0.0074627	0.0	0.0	0.0	0.0	0.0	0.0	0.0	0.0015	0.0035842	0.0	0.0	0.0015	0.0015	0.0	0.0056818	0.0052632	0.0	0.0	0.0	0.0	0.0	0.0	0.0	0.0	0.0	0.0	0.0	0.0	0.0	
Sterne caugek	0.0153846	0.011236	0.0555556	0.0015	0.0	0.0277778	0.0263158	0.0015	0.0015	0.0746269	0.0673077	0.0571429	0.1333333	0.1440678	0.1048387	0.1546392	0.1791045	0.0625	0.0522388	0.0259067	0.0338983	0.1492537	0.0408163	0.1165049	0.0860215	0.0857143	0.1216931	0.2007168	0.1363636	0.1764706	0.1813953	0.1821561	0.2302158	0.2215909	0.2315789	0.1893491	0.1885246	0.183908	0.137931	0.0753425	0.1134021	0.084507	0.0806452	0.0277778	0.0441176	0.0727273	0.0338983	0.0736842	
sterne sp.	0.0	0.0	0.0	0.0	0.0	0.0	0.0	0.0	0.0	0.0	0.0	0.0	0.0	0.0084746	0.0080645	0.0	0.0074627	0.0	0.0	0.0051813	0.0	0.0	0.0	0.0	0.0	0.0	0.005291	0.0	0.0	0.0	0.0	0.0	0.0015	0.0	0.0	0.0059172	0.0	0.0	0.0015	0.0	0.0103093	0.0	0.0	0.0	0.0	0.0	0.0	0.0	
Grèbe castagneux	0.2461538	0.2359551	0.2407407	0.2065217	0.0963855	0.1666667	0.1184211	0.0987654	0.1060606	0.0746269	0.0865385	0.047619	0.0666667	0.0423729	0.0564516	0.0309278	0.0223881	0.0015	0.0373134	0.0259067	0.0254237	0.0223881	0.0204082	0.0485437	0.0537634	0.0357143	0.042328	0.0645161	0.0738636	0.0367647	0.0651163	0.1078067	0.1007194	0.1079545	0.1157895	0.147929	0.1147541	0.1494253	0.112069	0.1130137	0.1340206	0.1126761	0.1774194	0.2777778	0.2352941	0.2545455	0.1525424	0.1473684	
Grèbe à bec bigarré	0.0	0.0	0.0	0.0	0.0	0.0	0.0	0.0	0.0	0.0	0.0	0.0	0.0	0.0	0.0	0.0103093	0.0	0.0	0.0	0.0	0.0	0.0	0.0	0.0	0.0	0.0	0.0	0.0	0.0	0.0	0.0	0.0	0.0	0.0	0.0	0.0	0.0	0.0	0.0	0.0	0.0	0.0	0.0	0.0	0.0	0.0	0.0	0.0	
Grèbe esclavon	0.0307692	0.011236	0.0925926	0.0217391	0.0481928	0.0416667	0.0263158	0.0015	0.0151515	0.0149254	0.0015	0.0	0.0	0.0	0.0	0.0	0.0	0.0	0.0074627	0.0	0.0	0.0	0.0	0.0	0.0	0.0	0.0	0.0	0.0	0.0	0.0	0.0	0.0	0.0	0.0	0.0	0.0	0.0	0.0086207	0.0034247	0.0103093	0.0140845	0.0	0.0015	0.0294118	0.0363636	0.0169492	0.0315789	
Grèbe jougris	0.0	0.0224719	0.0	0.0108696	0.0015	0.0015	0.0131579	0.0	0.0	0.0	0.0	0.0	0.0	0.0015	0.0	0.0	0.0	0.0	0.0	0.0	0.0	0.0	0.0	0.0	0.0	0.0	0.0	0.0	0.0	0.0	0.0	0.0	0.0	0.0	0.0052632	0.0015	0.0	0.0	0.0	0.0034247	0.0	0.0	0.0	0.0	0.0	0.0	0.0	0.0315789	
Grèbe huppé	0.0923077	0.1460674	0.2407407	0.1413043	0.1807229	0.1388889	0.1184211	0.1111111	0.1212121	0.0746269	0.0961538	0.0571429	0.0761905	0.059322	0.016129	0.0463918	0.0223881	0.0535714	0.0597015	0.0466321	0.0847458	0.0746269	0.0612245	0.0097087	0.0322581	0.0357143	0.0634921	0.0609319	0.0511364	0.0588235	0.0418605	0.0780669	0.0647482	0.0965909	0.1105263	0.1420118	0.2295082	0.183908	0.1206897	0.130137	0.1134021	0.2112676	0.2903226	0.3333333	0.1911765	0.1636364	0.1016949	0.1684211	
Grèbe à cou noir	0.0769231	0.0786517	0.1666667	0.1195652	0.0963855	0.1111111	0.1184211	0.037037	0.0151515	0.0447761	0.0288462	0.0190476	0.0	0.0	0.0	0.0	0.0	0.0015	0.0	0.0	0.0	0.0	0.0	0.0	0.0	0.0	0.005291	0.0	0.0	0.0015	0.0046512	0.0015	0.0071942	0.0056818	0.0263158	0.0236686	0.0245902	0.0229885	0.0258621	0.0273973	0.0309278	0.0140845	0.0483871	0.0416667	0.0882353	0.0727273	0.0015	0.0842105	
Grèbe esclavon ou G. à cou noir	0.0	0.0	0.0	0.0	0.0	0.0	0.0	0.0	0.0	0.0	0.0	0.0	0.0	0.0	0.0	0.0	0.0	0.0	0.0	0.0	0.0	0.0	0.0	0.0	0.0	0.0	0.0	0.0	0.0	0.0	0.0	0.0	0.0	0.0	0.0	0.0	0.0	0.0	0.0	0.0	0.0	0.0	0.0	0.0138889	0.0015	0.0	0.0	0.0210526	
Plongeon catmarin	0.0076923	0.0337079	0.0555556	0.0108696	0.0120482	0.0277778	0.0	0.0	0.0015	0.0	0.0192308	0.0	0.0	0.0	0.0	0.0051546	0.0	0.0	0.0	0.0	0.0	0.0	0.0	0.0	0.0	0.0	0.0	0.0	0.0	0.0	0.0	0.0	0.0	0.0	0.0	0.0015	0.0	0.0	0.0	0.0	0.0103093	0.0	0.0015	0.0138889	0.0015	0.0181818	0.0	0.0315789	
Plongeon arctique	0.0076923	0.011236	0.0185185	0.0	0.0120482	0.0138889	0.0131579	0.0	0.0	0.0	0.0	0.0	0.0	0.0	0.0	0.0	0.0	0.0	0.0	0.0	0.0	0.0	0.0	0.0	0.0	0.0	0.0	0.0	0.0	0.0	0.0	0.0	0.0	0.0	0.0	0.0015	0.0	0.0	0.0	0.0	0.0103093	0.0	0.0	0.0	0.0	0.0181818	0.0169492	0.0	
Plongeon imbrin	0.0230769	0.0561798	0.0740741	0.0108696	0.0843373	0.0972222	0.0394737	0.0246914	0.0151515	0.0149254	0.0	0.0	0.0015	0.0084746	0.0015	0.0103093	0.0074627	0.0015	0.0	0.0	0.0	0.0	0.0	0.0	0.0	0.0	0.0	0.0	0.0	0.0	0.0	0.0	0.0	0.0	0.0	0.0	0.0	0.0	0.0	0.0015	0.0412371	0.0140845	0.0	0.0277778	0.0147059	0.0363636	0.0015	0.0421053	
plongeon sp.	0.0015	0.0	0.0	0.0	0.0	0.0	0.0	0.0	0.0	0.0149254	0.0	0.0	0.0	0.0	0.0	0.0	0.0	0.0	0.0	0.0	0.0	0.0	0.0	0.0	0.0	0.0	0.0	0.0	0.0	0.0	0.0	0.0	0.0	0.0	0.0	0.0059172	0.0	0.0	0.0	0.0	0.0	0.0	0.0	0.0	0.0	0.0	0.0	0.0	
Océanite de Wilson	0.0	0.0	0.0	0.0	0.0	0.0	0.0	0.0	0.0	0.0	0.0	0.0	0.0	0.0	0.0	0.0	0.0	0.0	0.0	0.0	0.0	0.0	0.0	0.0	0.0	0.0142857	0.005291	0.0035842	0.0056818	0.0294118	0.0186047	0.0185874	0.0143885	0.0170455	0.0052632	0.0	0.0	0.0	0.0	0.0015	0.0	0.0	0.0	0.0	0.0	0.0	0.0	0.0	
Océanite tempête	0.0015	0.0	0.0	0.0	0.0	0.0	0.0	0.0	0.0	0.0149254	0.0	0.0	0.0	0.0	0.0	0.0	0.0	0.0089286	0.0	0.0	0.0	0.0	0.0	0.0015	0.0	0.0214286	0.005291	0.0322581	0.0397727	0.0441176	0.0976744	0.0520446	0.0935252	0.0681818	0.0315789	0.0	0.0081967	0.0114943	0.0172414	0.0308219	0.0927835	0.0	0.0	0.0	0.0	0.0	0.0	0.0015	
Océanite culblanc	0.0	0.0	0.0	0.0	0.0	0.0	0.0	0.0	0.0	0.0	0.0	0.0	0.0	0.0	0.0	0.0	0.0	0.0	0.0	0.0	0.0	0.0	0.0	0.0	0.0	0.0	0.0	0.0	0.0	0.0	0.0	0.0	0.0	0.0	0.0	0.0	0.0	0.0015	0.0	0.0034247	0.0824742	0.0	0.0	0.0138889	0.0	0.0	0.0	0.0	
océanite sp. (croupion pâle)	0.0	0.0	0.0	0.0	0.0	0.0	0.0	0.0	0.0	0.0	0.0	0.0	0.0	0.0	0.0	0.0	0.0	0.0	0.0	0.0	0.0	0.0	0.0	0.0	0.0	0.0	0.0015	0.0	0.0	0.0	0.0046512	0.0	0.0	0.0056818	0.0052632	0.0	0.0	0.0	0.0	0.0034247	0.0	0.0	0.0	0.0	0.0	0.0	0.0	0.0	
Fulmar boréal	0.0076923	0.0224719	0.0	0.0	0.0	0.0	0.0	0.0	0.0	0.0	0.0	0.0	0.0	0.0	0.0	0.0103093	0.0074627	0.0089286	0.0015	0.0051813	0.0015	0.0	0.0015	0.0291262	0.0215054	0.0357143	0.010582	0.0035842	0.0113636	0.0	0.0139535	0.0148699	0.0	0.0056818	0.0	0.0	0.0	0.0	0.0	0.0	0.0015	0.0	0.0	0.0	0.0	0.0	0.0	0.0105263	
Pétrel gongon ou des Desertas	0.0	0.0	0.0	0.0	0.0	0.0	0.0	0.0	0.0	0.0	0.0	0.0	0.0	0.0	0.0	0.0	0.0	0.0	0.0	0.0	0.0	0.0	0.0	0.0	0.0	0.0	0.0	0.0	0.0	0.0	0.0	0.0	0.0	0.0	0.0052632	0.0	0.0	0.0	0.0	0.0	0.0	0.0	0.0	0.0	0.0	0.0	0.0	0.0	
Puffin cendré	0.0	0.0	0.0	0.0	0.0	0.0	0.0	0.0	0.0	0.0	0.0	0.0	0.0	0.0	0.0	0.0	0.0	0.0	0.0	0.0	0.0	0.0	0.0	0.0	0.0215054	0.0285714	0.010582	0.0107527	0.0113636	0.0220588	0.0372093	0.0408922	0.0359712	0.0170455	0.0052632	0.0059172	0.0	0.0229885	0.0086207	0.0034247	0.0	0.0	0.0	0.0	0.0	0.0	0.0	0.0	
Puffin de Scopoli	0.0	0.0	0.0	0.0	0.0	0.0	0.0	0.0	0.0	0.0	0.0	0.0	0.0	0.0	0.0	0.0	0.0	0.0	0.0	0.0	0.0	0.0	0.0	0.0	0.0	0.0071429	0.005291	0.0	0.0	0.0	0.0	0.0	0.0	0.0	0.0	0.0	0.0	0.0	0.0	0.0	0.0	0.0	0.0	0.0	0.0	0.0	0.0	0.0	
Puffin cendré ou P. de Scopoli	0.0	0.0	0.0	0.0	0.0	0.0	0.0	0.0	0.0	0.0	0.0	0.0	0.0	0.0	0.0	0.0	0.0	0.0	0.0	0.0	0.0	0.0	0.0	0.0	0.0107527	0.0015	0.0015	0.0035842	0.0056818	0.0	0.0093023	0.0037175	0.0015	0.0015	0.0157895	0.0059172	0.0	0.0114943	0.0	0.0	0.0	0.0	0.0	0.0	0.0	0.0	0.0	0.0	
Puffin majeur	0.0	0.0	0.0	0.0	0.0	0.0	0.0	0.0	0.0	0.0	0.0	0.0	0.0	0.0	0.0	0.0	0.0	0.0	0.0	0.0	0.0	0.0	0.0	0.0	0.0	0.0015	0.005291	0.0071685	0.0113636	0.0147059	0.0372093	0.0334572	0.0359712	0.0056818	0.0157895	0.0059172	0.0081967	0.0114943	0.0	0.0034247	0.0	0.0	0.0	0.0	0.0	0.0	0.0	0.0	
Puffin fuligineux	0.0	0.0	0.0	0.0	0.0	0.0	0.0	0.0	0.0	0.0	0.0	0.0	0.0	0.0	0.0	0.0	0.0	0.0	0.0	0.0	0.0	0.0	0.0	0.0	0.0107527	0.0142857	0.010582	0.0107527	0.0113636	0.0294118	0.0325581	0.0594796	0.057554	0.0568182	0.0315789	0.0	0.0	0.0114943	0.0258621	0.0068493	0.0206186	0.0	0.0	0.0015	0.0	0.0	0.0015	0.0	
Puffin à bec grêle	0.0	0.0	0.0	0.0	0.0	0.0	0.0	0.0	0.0	0.0	0.0	0.0	0.0	0.0	0.0	0.0	0.0	0.0	0.0	0.0	0.0	0.0	0.0	0.0	0.0	0.0	0.0	0.0	0.0056818	0.0	0.0	0.0	0.0	0.0	0.0	0.0	0.0	0.0	0.0	0.0	0.0	0.0	0.0	0.0	0.0	0.0	0.0	0.0	
Puffin des Anglais	0.0	0.011236	0.0	0.0	0.0	0.0	0.0	0.0	0.0	0.0149254	0.0	0.0	0.0095238	0.0	0.0015	0.0103093	0.0015	0.0	0.0	0.0	0.0084746	0.0074627	0.0	0.0194175	0.0107527	0.0214286	0.015873	0.0250896	0.0340909	0.0294118	0.0511628	0.0483271	0.0647482	0.0454545	0.0368421	0.0059172	0.0	0.0114943	0.0344828	0.010274	0.0309278	0.0	0.0	0.0	0.0	0.0	0.0015	0.0	
Puffin yelkouan	0.0	0.0	0.0	0.0	0.0	0.0	0.0	0.0	0.0	0.0	0.0	0.0	0.0	0.0	0.0	0.0	0.0	0.0	0.0	0.0	0.0	0.0	0.0	0.0	0.0	0.0071429	0.0	0.0	0.0	0.0073529	0.0	0.0074349	0.0015	0.0	0.0	0.0	0.0	0.0	0.0	0.0	0.0	0.0	0.0	0.0	0.0	0.0	0.0	0.0	
Puffin des Baléares	0.0	0.0	0.0	0.0	0.0	0.0	0.0	0.0	0.0	0.0	0.0	0.0	0.0	0.0	0.0015	0.0	0.0	0.0	0.0015	0.0051813	0.0015	0.0	0.0	0.0194175	0.0215054	0.0214286	0.031746	0.046595	0.0397727	0.0588235	0.1302326	0.0892193	0.0863309	0.0909091	0.0736842	0.0118343	0.0163934	0.0344828	0.0172414	0.0205479	0.0103093	0.0	0.0	0.0	0.0	0.0	0.0015	0.0	
Puffinus sp. (noir et blanc)	0.0	0.0	0.0	0.0	0.0	0.0	0.0	0.0	0.0	0.0	0.0	0.0	0.0	0.0	0.0	0.0	0.0	0.0	0.0	0.0	0.0	0.0	0.0	0.0	0.0	0.0	0.0	0.0	0.0	0.0147059	0.0	0.0	0.0	0.0	0.0	0.0015	0.0	0.0114943	0.0	0.0	0.0	0.0	0.0	0.0	0.0	0.0	0.0	0.0	
Calonectris, Ardenna ou Puffinus sp.	0.0	0.0	0.0	0.0	0.0	0.0	0.0	0.0	0.0	0.0	0.0	0.0	0.0	0.0	0.0	0.0	0.0	0.0	0.0	0.0	0.0	0.0	0.0	0.0	0.0	0.0	0.0	0.0035842	0.0	0.0	0.0	0.0	0.0	0.0	0.0	0.0	0.0	0.0	0.0	0.0	0.0	0.0	0.0	0.0	0.0	0.0	0.0	0.0	
Cigogne noire	0.0	0.0	0.0	0.0	0.0	0.0	0.0	0.0	0.0	0.0	0.0	0.0	0.0	0.0	0.0	0.0	0.0	0.0	0.0	0.0	0.0	0.0	0.0	0.0	0.0	0.0	0.005291	0.0	0.0	0.0	0.0232558	0.0015	0.0	0.0	0.0	0.0059172	0.0	0.0	0.0	0.0	0.0	0.0	0.0	0.0	0.0	0.0	0.0	0.0	
Cigogne blanche	0.0	0.0	0.0	0.0015	0.0015	0.0138889	0.0	0.0	0.0015	0.0149254	0.0096154	0.0380952	0.0095238	0.0084746	0.0241935	0.0051546	0.0074627	0.0015	0.0074627	0.0103627	0.0015	0.0015	0.0102041	0.0194175	0.0	0.0071429	0.021164	0.0071685	0.0056818	0.0015	0.0015	0.0074349	0.0071942	0.0	0.0	0.0	0.0	0.0	0.0	0.0	0.0	0.0	0.0	0.0	0.0	0.0	0.0	0.0015	
Fou de Bassan	0.1	0.0449438	0.037037	0.0217391	0.0120482	0.0694444	0.0131579	0.0123457	0.0015	0.0298507	0.0288462	0.0190476	0.047619	0.0423729	0.0241935	0.0463918	0.0223881	0.0267857	0.0015	0.0414508	0.0015	0.0149254	0.0015	0.0291262	0.0430108	0.0785714	0.0740741	0.0860215	0.0568182	0.0808824	0.1534884	0.0929368	0.1007194	0.1079545	0.1052632	0.0532544	0.0819672	0.1034483	0.1724138	0.0890411	0.1649485	0.028169	0.0015	0.0015	0.0588235	0.0	0.0015	0.0842105	
Fou à pieds rouges	0.0	0.0	0.0	0.0	0.0	0.0	0.0	0.0	0.0	0.0	0.0	0.0	0.0	0.0	0.0	0.0	0.0	0.0	0.0	0.0	0.0	0.0	0.0	0.0	0.0	0.0	0.0	0.0	0.0	0.0	0.0	0.0	0.0	0.0	0.0	0.0	0.0	0.0	0.0	0.0034247	0.0	0.0	0.0	0.0	0.0	0.0	0.0	0.0	
Fou brun	0.0	0.0	0.0	0.0	0.0	0.0	0.0	0.0	0.0	0.0	0.0	0.0	0.0	0.0	0.0	0.0	0.0	0.0	0.0	0.0	0.0	0.0	0.0	0.0	0.0	0.0	0.0	0.0	0.0	0.0	0.0	0.0	0.0	0.0	0.0	0.0015	0.0	0.0	0.0	0.0	0.0	0.0	0.0	0.0	0.0	0.0	0.0	0.0	
Grand Cormoran	0.4307692	0.3707865	0.5185185	0.4347826	0.3614458	0.3888889	0.3684211	0.4197531	0.2878788	0.2985075	0.3365385	0.2761905	0.2380952	0.2711864	0.266129	0.3814433	0.380597	0.2410714	0.2910448	0.2279793	0.2711864	0.3731343	0.2857143	0.2038835	0.2473118	0.2857143	0.2857143	0.3225806	0.2613636	0.2279412	0.2837209	0.2713755	0.2446043	0.2954545	0.3315789	0.3609467	0.4098361	0.3103448	0.2844828	0.3047945	0.3195876	0.3380282	0.3548387	0.4722222	0.4558824	0.4181818	0.3389831	0.4526316	
Cormoran huppé	0.1153846	0.1123596	0.1481481	0.0543478	0.060241	0.0555556	0.0657895	0.0493827	0.0151515	0.0298507	0.0673077	0.0190476	0.0571429	0.0338983	0.016129	0.0360825	0.0373134	0.0446429	0.0373134	0.0569948	0.0169492	0.0671642	0.0	0.0097087	0.0430108	0.0785714	0.1058201	0.0681004	0.0852273	0.125	0.1627907	0.0929368	0.1151079	0.1079545	0.1210526	0.0591716	0.0901639	0.091954	0.1637931	0.0958904	0.1237113	0.1126761	0.0322581	0.0277778	0.0588235	0.0909091	0.0338983	0.1578947	
Grand Cormoran ou C. huppé	0.0	0.0	0.0	0.0	0.0	0.0	0.0	0.0	0.0	0.0	0.0	0.0	0.0	0.0	0.0	0.0	0.0	0.0	0.0	0.0	0.0	0.0	0.0	0.0	0.0	0.0	0.005291	0.0	0.0	0.0	0.0	0.0	0.0	0.0	0.0	0.0	0.0	0.0	0.0	0.0	0.0	0.0	0.0	0.0	0.0	0.0	0.0	0.0	
Ibis blanc	0.0	0.0	0.0	0.0	0.0	0.0	0.0	0.0	0.0	0.0	0.0096154	0.0	0.0	0.0	0.0	0.0	0.0	0.0	0.0	0.0	0.0	0.0	0.0	0.0	0.0	0.0	0.0	0.0	0.0	0.0	0.0	0.0	0.0	0.0	0.0	0.0	0.0	0.0	0.0	0.0	0.0	0.0	0.0	0.0	0.0	0.0	0.0	0.0	
Ibis falcinelle	0.0	0.0	0.0	0.0	0.0	0.0015	0.0	0.0	0.0	0.0	0.0	0.0	0.0	0.0	0.0080645	0.0	0.0	0.0	0.0	0.0	0.0	0.0074627	0.0	0.0	0.0	0.0142857	0.010582	0.0071685	0.0	0.0	0.0	0.0111524	0.0	0.0015	0.0	0.0	0.0	0.0	0.0086207	0.010274	0.0	0.0140845	0.0	0.0	0.0015	0.0015	0.0	0.0	
Ibis sacré	0.0	0.0224719	0.037037	0.0108696	0.0	0.0015	0.0	0.0	0.0	0.0015	0.0192308	0.0	0.0095238	0.0	0.0015	0.0	0.0	0.0	0.0074627	0.0	0.0	0.0	0.0	0.0097087	0.0	0.0285714	0.0	0.0250896	0.0113636	0.0147059	0.0186047	0.0557621	0.0215827	0.0284091	0.0368421	0.0828402	0.0245902	0.045977	0.0344828	0.0273973	0.0412371	0.0140845	0.016129	0.0555556	0.0	0.0181818	0.0	0.0	
Spatule blanche	0.1	0.1235955	0.1296296	0.2608696	0.2168675	0.0833333	0.1447368	0.1234568	0.0454545	0.119403	0.0865385	0.0857143	0.0952381	0.0677966	0.0564516	0.0824742	0.0671642	0.0982143	0.1119403	0.0466321	0.059322	0.0522388	0.0510204	0.0776699	0.0322581	0.0357143	0.0846561	0.1182796	0.0795455	0.1544118	0.1534884	0.2527881	0.1798561	0.1704545	0.1421053	0.183432	0.2786885	0.1609195	0.1637931	0.1506849	0.1443299	0.1126761	0.1451613	0.1944444	0.1764706	0.1636364	0.1186441	0.2105263	
Butor étoilé	0.0	0.0	0.0015	0.0	0.0	0.0	0.0	0.0	0.0	0.0	0.0	0.0	0.0	0.0	0.0	0.0	0.0	0.0	0.0	0.0	0.0	0.0	0.0	0.0	0.0	0.0	0.0	0.0	0.0	0.0	0.0	0.0	0.0	0.0	0.0	0.0015	0.0	0.0	0.0	0.0	0.0	0.0	0.0	0.0	0.0	0.0015	0.0	0.0015	
Bihoreau gris	0.0	0.0	0.0	0.0	0.0	0.0	0.0	0.0	0.0	0.0	0.0	0.0	0.0	0.0	0.0	0.0015	0.0	0.0	0.0	0.0	0.0	0.0	0.0	0.0	0.0015	0.0	0.005291	0.0071685	0.0	0.0	0.0	0.0	0.0071942	0.0015	0.0015	0.0	0.0	0.0	0.0	0.0	0.0	0.0	0.0	0.0	0.0	0.0	0.0	0.0	
Aigrette garzette	0.2461538	0.2247191	0.2962963	0.3043478	0.3493976	0.2083333	0.3026316	0.2839506	0.1969697	0.2835821	0.3653846	0.3333333	0.2380952	0.1864407	0.2580645	0.3298969	0.3283582	0.2857143	0.3283582	0.2124352	0.3389831	0.4253731	0.377551	0.2815534	0.2795699	0.2785714	0.3703704	0.4157706	0.3693182	0.4117647	0.3162791	0.4126394	0.3956835	0.3977273	0.3947368	0.4792899	0.5163934	0.4252874	0.4224138	0.3321918	0.3814433	0.3098592	0.3225806	0.3333333	0.2794118	0.2909091	0.1694915	0.3578947	
Crabier chevelu	0.0	0.0	0.0	0.0	0.0	0.0	0.0	0.0	0.0	0.0	0.0	0.0	0.0	0.0	0.0	0.0	0.0015	0.0	0.0	0.0	0.0	0.0	0.0	0.0	0.0	0.0	0.0	0.0	0.0	0.0	0.0	0.0	0.0	0.0	0.0	0.0	0.0	0.0	0.0	0.0	0.0	0.0	0.0	0.0	0.0	0.0	0.0	0.0	
Héron garde-boeufs	0.0461538	0.0449438	0.0555556	0.0434783	0.0120482	0.0277778	0.0526316	0.037037	0.0015	0.0298507	0.0015	0.0285714	0.0190476	0.0423729	0.0322581	0.0463918	0.0015	0.0267857	0.0447761	0.0207254	0.0254237	0.0597015	0.0714286	0.038835	0.0430108	0.0571429	0.042328	0.09319	0.0568182	0.0808824	0.0697674	0.1078067	0.0503597	0.0511364	0.0526316	0.0532544	0.0409836	0.045977	0.0258621	0.0308219	0.0309278	0.0140845	0.0483871	0.0416667	0.0882353	0.0727273	0.0847458	0.0736842	
Grande Aigrette	0.0615385	0.0449438	0.0925926	0.0434783	0.0481928	0.0972222	0.0657895	0.0617284	0.030303	0.0149254	0.0576923	0.0190476	0.0095238	0.0254237	0.0564516	0.0103093	0.0074627	0.0178571	0.0746269	0.0051813	0.0169492	0.0149254	0.0408163	0.0194175	0.0107527	0.0214286	0.026455	0.0573477	0.0340909	0.0882353	0.027907	0.0929368	0.0647482	0.0511364	0.0421053	0.0591716	0.0737705	0.091954	0.0862069	0.0308219	0.0412371	0.056338	0.0806452	0.1527778	0.1764706	0.0727273	0.1016949	0.0947368	
Héron cendré	0.2692308	0.258427	0.3703704	0.25	0.2771084	0.1944444	0.3289474	0.2222222	0.2121212	0.1641791	0.2403846	0.247619	0.1904762	0.1440678	0.2580645	0.2680412	0.2686567	0.2232143	0.2462687	0.2020725	0.2711864	0.3283582	0.3163265	0.2135922	0.172043	0.1928571	0.2169312	0.2544803	0.2159091	0.2352941	0.2139535	0.3197026	0.3453237	0.2954545	0.3421053	0.3550296	0.4262295	0.2413793	0.3534483	0.2260274	0.3195876	0.2535211	0.2258065	0.2916667	0.3088235	0.3272727	0.2033898	0.3263158	
Héron pourpré	0.0	0.0	0.0	0.0	0.0	0.0	0.0	0.0	0.0	0.0	0.0	0.0	0.0095238	0.0	0.0080645	0.0051546	0.0	0.0089286	0.0015	0.0103627	0.0	0.0	0.0	0.0	0.0	0.0	0.005291	0.0035842	0.0	0.0015	0.0046512	0.0037175	0.0	0.0015	0.0052632	0.0	0.0	0.0	0.0	0.0	0.0	0.0	0.0	0.0	0.0	0.0	0.0	0.0	
aigrette ou héron blanc sp.	0.0	0.0	0.0	0.0	0.0	0.0	0.0	0.0	0.0	0.0	0.0	0.0	0.0	0.0	0.0	0.0	0.0074627	0.0	0.0	0.0	0.0	0.0	0.0	0.0	0.0015	0.0	0.005291	0.0	0.0	0.0	0.0	0.0037175	0.0	0.0	0.0	0.0	0.0081967	0.0	0.0	0.0	0.0	0.0	0.0	0.0	0.0	0.0	0.0	0.0	
Balbuzard pêcheur	0.0153846	0.011236	0.0	0.0	0.0015	0.0	0.0	0.0	0.0	0.0	0.0	0.0190476	0.0095238	0.0	0.0	0.0	0.0	0.0	0.0	0.0	0.0	0.0	0.0	0.0	0.0	0.0	0.0	0.0	0.0	0.0073529	0.0232558	0.0334572	0.0431655	0.0170455	0.0157895	0.0295858	0.0163934	0.0015	0.0015	0.0068493	0.0	0.0140845	0.0	0.0	0.0	0.0	0.0	0.0015	
Élanion blanc	0.0	0.0015	0.0	0.0015	0.0015	0.0	0.0	0.0	0.0	0.0015	0.0	0.0	0.0015	0.0	0.0	0.0	0.0	0.0	0.0	0.0	0.0	0.0	0.0	0.0	0.0	0.0	0.0	0.0	0.0	0.0	0.0015	0.0	0.0	0.0	0.0	0.0	0.0	0.0	0.0	0.0	0.0	0.0140845	0.0015	0.0015	0.0	0.0	0.0	0.0	
Bondrée apivore	0.0	0.0	0.0	0.0	0.0	0.0	0.0	0.0	0.0	0.0	0.0	0.0	0.0	0.0015	0.0	0.0	0.0	0.0267857	0.0149254	0.0015	0.0084746	0.0	0.0102041	0.0097087	0.0107527	0.0015	0.031746	0.0035842	0.0056818	0.0073529	0.0093023	0.0260223	0.0143885	0.0	0.0105263	0.0059172	0.0	0.0	0.0	0.0	0.0	0.0	0.0	0.0	0.0	0.0	0.0	0.0	
Aigle botté	0.0	0.0	0.0	0.0	0.0	0.0	0.0	0.0	0.0	0.0	0.0	0.0	0.0	0.0	0.0	0.0015	0.0	0.0	0.0	0.0	0.0	0.0	0.0	0.0	0.0	0.0	0.0	0.0	0.0	0.0	0.0	0.0	0.0	0.0	0.0	0.0	0.0	0.0	0.0	0.0	0.0	0.0	0.0	0.0	0.0	0.0	0.0	0.0	
Épervier d'Europe	0.0230769	0.0561798	0.0	0.0978261	0.060241	0.0694444	0.0263158	0.0015	0.0454545	0.0447761	0.0288462	0.0285714	0.0285714	0.0508475	0.0403226	0.0515464	0.0223881	0.0178571	0.0015	0.0259067	0.0015	0.0149254	0.0102041	0.0194175	0.0215054	0.0142857	0.042328	0.0250896	0.0397727	0.0514706	0.0325581	0.0520446	0.028777	0.0397727	0.0947368	0.0591716	0.0491803	0.091954	0.137931	0.0376712	0.0927835	0.0985915	0.016129	0.0833333	0.0735294	0.0545455	0.0508475	0.0421053	
Autour des palombes	0.0	0.011236	0.0	0.0015	0.0	0.0138889	0.0	0.0015	0.0	0.0	0.0015	0.0	0.0	0.0	0.0	0.0	0.0	0.0089286	0.0	0.0	0.0	0.0	0.0	0.0	0.0	0.0	0.0	0.0015	0.0	0.0015	0.0	0.0	0.0071942	0.0	0.0	0.0015	0.0	0.0	0.0086207	0.0034247	0.0015	0.0	0.0	0.0138889	0.0147059	0.0	0.0	0.0	
Busard des roseaux	0.0153846	0.0337079	0.0925926	0.0434783	0.060241	0.0277778	0.0394737	0.0246914	0.0606061	0.0597015	0.0384615	0.0380952	0.047619	0.0847458	0.0806452	0.0206186	0.0223881	0.0015	0.0522388	0.0207254	0.0338983	0.0522388	0.0102041	0.0291262	0.0107527	0.0428571	0.026455	0.0107527	0.0340909	0.0367647	0.0325581	0.0780669	0.0719424	0.0625	0.0578947	0.0650888	0.0737705	0.0574713	0.1034483	0.0445205	0.0515464	0.0985915	0.0322581	0.0555556	0.0441176	0.0181818	0.0508475	0.0	
Busard Saint-Martin	0.0076923	0.0449438	0.0185185	0.0217391	0.0120482	0.0277778	0.0	0.0	0.0	0.0015	0.0192308	0.0015	0.0190476	0.0084746	0.016129	0.0015	0.0074627	0.0089286	0.0015	0.0015	0.0015	0.0074627	0.0	0.0097087	0.0107527	0.0071429	0.0	0.0	0.0015	0.0	0.0	0.0015	0.0	0.0056818	0.0	0.0	0.0	0.0	0.0172414	0.0068493	0.0309278	0.0140845	0.0015	0.0138889	0.0015	0.0181818	0.0015	0.0105263	
Busard pâle	0.0	0.0	0.0	0.0	0.0	0.0	0.0	0.0	0.0	0.0	0.0	0.0	0.0015	0.0084746	0.016129	0.0015	0.0	0.0	0.0	0.0	0.0	0.0	0.0	0.0	0.0	0.0	0.0	0.0	0.0	0.0	0.0	0.0	0.0	0.0	0.0	0.0	0.0	0.0	0.0	0.0	0.0	0.0	0.0	0.0	0.0	0.0	0.0	0.0	
Busard cendré	0.0	0.0	0.0	0.0	0.0	0.0	0.0	0.0	0.0	0.0	0.0	0.0	0.0	0.0	0.016129	0.0015	0.0074627	0.0089286	0.0	0.0	0.0	0.0074627	0.0	0.0194175	0.0	0.0	0.005291	0.0	0.0	0.0	0.0046512	0.0	0.0	0.0	0.0	0.0	0.0	0.0	0.0	0.0	0.0	0.0	0.0	0.0	0.0	0.0	0.0	0.0	
Busard Saint-Martin ou B. cendré	0.0	0.0	0.0	0.0	0.0	0.0	0.0	0.0	0.0	0.0	0.0	0.0	0.0	0.0	0.0	0.0	0.0	0.0	0.0074627	0.0	0.0	0.0	0.0	0.0	0.0	0.0	0.0	0.0	0.0	0.0	0.0	0.0	0.0	0.0	0.0	0.0	0.0	0.0	0.0	0.0	0.0	0.0	0.0	0.0	0.0	0.0	0.0	0.0	
busard sp.	0.0	0.0	0.0	0.0	0.0	0.0	0.0	0.0	0.0	0.0	0.0	0.0	0.0	0.0	0.0080645	0.0	0.0	0.0	0.0	0.0	0.0	0.0	0.0	0.0	0.0015	0.0	0.0	0.0	0.0	0.0	0.0	0.0	0.0	0.0	0.0	0.0	0.0	0.0	0.0	0.0	0.0	0.0	0.0	0.0	0.0	0.0	0.0	0.0	
Milan royal	0.0	0.0	0.0	0.0	0.0	0.0	0.0	0.0	0.0	0.0	0.0	0.0	0.0	0.0	0.0015	0.0	0.0	0.0	0.0	0.0	0.0	0.0	0.0	0.0	0.0	0.0	0.0	0.0	0.0	0.0	0.0	0.0	0.0	0.0	0.0	0.0	0.0	0.0	0.0086207	0.0	0.0	0.0	0.0	0.0015	0.0	0.0	0.0	0.0	
Milan noir	0.0	0.0	0.0	0.0	0.0	0.0	0.0	0.0	0.0	0.0	0.0	0.0190476	0.0095238	0.0084746	0.0241935	0.0206186	0.0149254	0.0015	0.0149254	0.0103627	0.0169492	0.0298507	0.0102041	0.0194175	0.0	0.0142857	0.021164	0.0143369	0.0	0.0	0.0046512	0.0037175	0.0	0.0	0.0	0.0	0.0	0.0	0.0	0.0	0.0	0.0	0.0	0.0	0.0	0.0	0.0	0.0	
Pygargue à queue blanche	0.0	0.0	0.0	0.0	0.0	0.0	0.0	0.0	0.0	0.0	0.0	0.0	0.0	0.0	0.0	0.0	0.0	0.0	0.0	0.0	0.0	0.0	0.0	0.0	0.0	0.0	0.0	0.0	0.0	0.0	0.0	0.0	0.0	0.0	0.0	0.0	0.0	0.0	0.0	0.0015	0.0	0.0	0.0	0.0	0.0	0.0	0.0	0.0	
Buse variable	0.2153846	0.1910112	0.2037037	0.2608696	0.2650602	0.1944444	0.2368421	0.1851852	0.1818182	0.1940299	0.2980769	0.2190476	0.3142857	0.2118644	0.266129	0.2525773	0.1268657	0.1071429	0.1641791	0.1761658	0.1779661	0.1791045	0.0816327	0.1747573	0.2258065	0.1714286	0.2116402	0.1648746	0.1647727	0.1176471	0.1209302	0.1486989	0.1438849	0.1193182	0.1421053	0.1715976	0.147541	0.183908	0.1465517	0.1335616	0.1649485	0.1549296	0.1935484	0.1527778	0.1911765	0.2545455	0.2542373	0.1894737	
Buteo sp.	0.0	0.0	0.0	0.0	0.0	0.0	0.0	0.0	0.0	0.0	0.0	0.0095238	0.0	0.0	0.0	0.0	0.0	0.0	0.0	0.0	0.0	0.0	0.0	0.0	0.0	0.0	0.0	0.0	0.0	0.0	0.0	0.0	0.0071942	0.0	0.0	0.0	0.0	0.0	0.0	0.0	0.0	0.0	0.0	0.0	0.0	0.0	0.0	0.0	
rapace sp.	0.0	0.0	0.0	0.0	0.0	0.0	0.0	0.0	0.0	0.0	0.0	0.0	0.0	0.0	0.0	0.0	0.0	0.0	0.0	0.0	0.0	0.0	0.0	0.0	0.0	0.0	0.0	0.0	0.0	0.0	0.0046512	0.0	0.0	0.0	0.0	0.0	0.0	0.0	0.0015	0.0	0.0	0.0	0.0	0.0	0.0	0.0	0.0	0.0	
Effraie des clochers	0.0076923	0.0015	0.0185185	0.0015	0.0	0.0015	0.0131579	0.0123457	0.0151515	0.0149254	0.0096154	0.0095238	0.0095238	0.0015	0.0322581	0.0103093	0.0015	0.0015	0.0015	0.015544	0.0015	0.0015	0.0	0.0194175	0.0107527	0.0015	0.010582	0.0143369	0.0113636	0.0367647	0.0093023	0.0223048	0.0359712	0.0227273	0.0315789	0.0177515	0.0	0.0015	0.0086207	0.0068493	0.0206186	0.0422535	0.016129	0.0138889	0.0147059	0.0015	0.0015	0.0	
Chevêche d'Athéna	0.0	0.0	0.0	0.0	0.0	0.0	0.0	0.0	0.0015	0.0015	0.0	0.0	0.0	0.0	0.0080645	0.0	0.0	0.0	0.0	0.0	0.0	0.0	0.0	0.0015	0.0	0.0015	0.005291	0.0	0.0	0.0015	0.0	0.0074349	0.0	0.0	0.0052632	0.0	0.0	0.0	0.0	0.0068493	0.0	0.0	0.0	0.0	0.0	0.0	0.0	0.0	
Chouette hulotte	0.0307692	0.0015	0.0185185	0.0108696	0.0240964	0.0138889	0.0921053	0.037037	0.030303	0.0298507	0.0096154	0.0190476	0.0190476	0.0254237	0.0241935	0.0257732	0.0298507	0.0089286	0.0223881	0.0207254	0.0169492	0.0074627	0.0102041	0.0097087	0.0215054	0.0015	0.010582	0.0215054	0.0397727	0.0588235	0.0418605	0.0520446	0.0503597	0.0340909	0.0578947	0.0177515	0.0081967	0.0	0.0172414	0.0239726	0.0309278	0.0422535	0.0483871	0.0416667	0.0294118	0.0181818	0.0338983	0.0015	
Hibou moyen-duc	0.0	0.0	0.0	0.0015	0.0015	0.0	0.0	0.0123457	0.0	0.0015	0.0015	0.0	0.0015	0.0084746	0.0015	0.0015	0.0	0.0	0.0015	0.0	0.0015	0.0149254	0.0	0.0097087	0.0	0.0015	0.0	0.0015	0.0	0.0015	0.0015	0.0	0.0071942	0.0	0.0052632	0.0059172	0.0	0.0	0.0	0.0	0.0	0.0	0.0	0.0	0.0	0.0	0.0	0.0	
Hibou des marais	0.0	0.0	0.0185185	0.0015	0.0	0.0015	0.0	0.0	0.0	0.0	0.0096154	0.0	0.0	0.0	0.0	0.0051546	0.0015	0.0	0.0149254	0.0	0.0	0.0	0.0	0.0	0.0	0.0	0.0	0.0	0.0	0.0	0.0	0.0	0.0	0.0	0.0210526	0.0	0.0081967	0.0	0.0172414	0.0	0.0103093	0.0140845	0.0	0.0015	0.0	0.0181818	0.0	0.0	
Huppe fasciée	0.0	0.0	0.0	0.0	0.0	0.0	0.0	0.0	0.0	0.0	0.0	0.0015	0.0761905	0.0338983	0.0322581	0.0515464	0.0597015	0.0178571	0.0298507	0.0310881	0.0254237	0.0298507	0.0102041	0.038835	0.0322581	0.0285714	0.021164	0.0286738	0.0056818	0.0147059	0.0046512	0.0148699	0.0071942	0.0015	0.0	0.0	0.0	0.0	0.0	0.0	0.0	0.0	0.0	0.0	0.0	0.0	0.0	0.0	
Guêpier d'Europe	0.0	0.0	0.0	0.0	0.0	0.0	0.0	0.0	0.0	0.0	0.0	0.0	0.0	0.0	0.0015	0.0	0.0074627	0.0	0.0149254	0.0	0.0	0.0	0.0	0.0	0.0	0.0	0.0	0.0	0.0	0.0	0.0	0.0	0.0	0.0	0.0	0.0	0.0	0.0	0.0	0.0	0.0	0.0	0.0	0.0	0.0	0.0	0.0	0.0	
Martin-pêcheur d'Europe	0.0923077	0.0674157	0.0925926	0.076087	0.060241	0.0138889	0.0263158	0.0493827	0.030303	0.0447761	0.0384615	0.047619	0.0380952	0.0	0.0483871	0.0257732	0.0223881	0.0089286	0.0298507	0.0310881	0.0169492	0.0298507	0.0408163	0.0194175	0.0752688	0.0571429	0.0846561	0.0573477	0.1079545	0.0808824	0.1209302	0.1226766	0.2230216	0.1818182	0.1789474	0.1597633	0.2213115	0.2183908	0.1465517	0.1815068	0.1752577	0.1690141	0.1612903	0.2638889	0.2205882	0.1818182	0.1186441	0.1473684	
Torcol fourmilier	0.0	0.0	0.0	0.0	0.0	0.0	0.0	0.0	0.0	0.0	0.0	0.0	0.0	0.0	0.0	0.0051546	0.0	0.0	0.0074627	0.0	0.0	0.0	0.0	0.0	0.0	0.0	0.0	0.0	0.0	0.0015	0.0046512	0.0111524	0.0215827	0.0170455	0.0210526	0.0177515	0.0081967	0.0114943	0.0015	0.0	0.0	0.0	0.0	0.0	0.0	0.0	0.0	0.0	
Pic mar	0.0076923	0.011236	0.0185185	0.0108696	0.1084337	0.0015	0.0	0.0	0.0151515	0.0149254	0.0015	0.0285714	0.0015	0.0	0.0	0.0	0.0	0.0	0.0074627	0.0015	0.0254237	0.0149254	0.0510204	0.0	0.0322581	0.0142857	0.015873	0.0071685	0.0113636	0.0015	0.0046512	0.0074349	0.0071942	0.0	0.0105263	0.0	0.0	0.0	0.0	0.0	0.0	0.0	0.0	0.0	0.0	0.0181818	0.0	0.0210526	
Pic épeiche	0.2230769	0.2022472	0.1666667	0.2065217	0.1204819	0.0972222	0.1578947	0.1728395	0.2727273	0.2686567	0.125	0.2095238	0.2190476	0.1186441	0.1290323	0.1030928	0.0746269	0.0267857	0.1567164	0.1502591	0.2033898	0.1865672	0.1530612	0.2038835	0.1505376	0.1	0.1058201	0.1541219	0.1079545	0.1323529	0.1023256	0.1152416	0.1007194	0.0681818	0.1578947	0.1065089	0.0983607	0.1264368	0.0862069	0.130137	0.1443299	0.1549296	0.1935484	0.2222222	0.2205882	0.2545455	0.2881356	0.1684211	
Pic épeichette	0.0153846	0.0224719	0.0185185	0.0326087	0.0240964	0.0277778	0.0	0.0246914	0.030303	0.0447761	0.0192308	0.0095238	0.0285714	0.0	0.0322581	0.0154639	0.0	0.0015	0.0074627	0.0	0.0015	0.0074627	0.0102041	0.0582524	0.0430108	0.0214286	0.0582011	0.0286738	0.0397727	0.0661765	0.027907	0.0446097	0.0359712	0.0284091	0.0315789	0.0236686	0.0163934	0.0114943	0.0086207	0.010274	0.0015	0.028169	0.0	0.0	0.0015	0.0181818	0.0169492	0.0210526	
Pic vert	0.1538462	0.1123596	0.1296296	0.1630435	0.2048193	0.0972222	0.1447368	0.1604938	0.2727273	0.2686567	0.1826923	0.1809524	0.247619	0.1949153	0.1854839	0.1701031	0.1492537	0.0178571	0.0746269	0.0880829	0.0847458	0.119403	0.1326531	0.1262136	0.2688172	0.2642857	0.2380952	0.2616487	0.1647727	0.1911765	0.1255814	0.1561338	0.1294964	0.0738636	0.1368421	0.1360947	0.147541	0.1494253	0.0603448	0.1609589	0.1958763	0.1830986	0.1774194	0.1388889	0.1617647	0.1818182	0.1355932	0.1052632	
Pic noir	0.0153846	0.0224719	0.0	0.0	0.0015	0.0015	0.0015	0.0123457	0.0151515	0.0149254	0.0096154	0.0380952	0.0190476	0.0	0.0080645	0.0154639	0.0074627	0.0089286	0.0074627	0.0103627	0.0015	0.0149254	0.0102041	0.0194175	0.0107527	0.0071429	0.010582	0.0	0.0	0.0073529	0.0046512	0.0111524	0.0071942	0.0015	0.0015	0.0059172	0.0015	0.0229885	0.0	0.0034247	0.0309278	0.0015	0.0015	0.0015	0.0441176	0.0181818	0.0508475	0.0	
Faucon crécerelle	0.1846154	0.1797753	0.1851852	0.1304348	0.0722892	0.1388889	0.1315789	0.1604938	0.0454545	0.1343284	0.0865385	0.0952381	0.1333333	0.1440678	0.1290323	0.1752577	0.1716418	0.1517857	0.1716418	0.0932642	0.1101695	0.2313433	0.122449	0.0873786	0.172043	0.1428571	0.1746032	0.1362007	0.0965909	0.1617647	0.0976744	0.2118959	0.1438849	0.1420455	0.1842105	0.1715976	0.1557377	0.183908	0.25	0.1232877	0.1443299	0.2253521	0.1129032	0.0972222	0.1323529	0.1272727	0.1355932	0.1368421	
Faucon émerillon	0.0	0.0	0.0185185	0.0015	0.0015	0.0	0.0	0.0	0.0	0.0	0.0	0.0	0.0015	0.0	0.0	0.0	0.0	0.0	0.0	0.0	0.0	0.0	0.0	0.0	0.0	0.0	0.0	0.0	0.0	0.0	0.0	0.0	0.0	0.0	0.0052632	0.0059172	0.0	0.0015	0.0258621	0.0171233	0.0103093	0.0	0.0015	0.0138889	0.0147059	0.0	0.0015	0.0	
Faucon hobereau	0.0	0.0	0.0	0.0	0.0	0.0	0.0	0.0	0.0	0.0	0.0	0.0	0.0	0.0084746	0.0241935	0.0206186	0.0149254	0.0267857	0.0149254	0.015544	0.0084746	0.0223881	0.0102041	0.0	0.0107527	0.0142857	0.005291	0.0071685	0.0113636	0.0073529	0.0186047	0.0037175	0.0071942	0.0113636	0.0315789	0.0	0.0015	0.0015	0.0086207	0.0	0.0	0.0	0.0	0.0	0.0	0.0	0.0	0.0	
Faucon pèlerin	0.0076923	0.0786517	0.0015	0.0217391	0.0120482	0.0015	0.0	0.0	0.0	0.0149254	0.0	0.0095238	0.0190476	0.0015	0.016129	0.0	0.0149254	0.0	0.0	0.0207254	0.0015	0.0	0.0015	0.0097087	0.0015	0.0071429	0.010582	0.0071685	0.0056818	0.0147059	0.0015	0.0185874	0.0215827	0.0284091	0.0263158	0.0177515	0.0081967	0.0229885	0.0258621	0.0205479	0.0103093	0.0140845	0.0	0.0138889	0.0015	0.0	0.0338983	0.0105263	
Falco sp.	0.0	0.0	0.0	0.0	0.0	0.0	0.0	0.0	0.0	0.0	0.0	0.0095238	0.0	0.0	0.0	0.0	0.0	0.0	0.0	0.0	0.0	0.0	0.0	0.0	0.0	0.0	0.0	0.0015	0.0	0.0	0.0	0.0	0.0	0.0	0.0	0.0	0.0	0.0	0.0	0.0	0.0	0.0	0.0	0.0	0.0	0.0	0.0	0.0	
rapace diurne sp.	0.0	0.0	0.0	0.0	0.0	0.0	0.0	0.0	0.0	0.0	0.0	0.0	0.0	0.0	0.0	0.0	0.0	0.0	0.0	0.0	0.0	0.0	0.0	0.0	0.0	0.0	0.0	0.0	0.0	0.0	0.0	0.0015	0.0	0.0	0.0	0.0	0.0	0.0	0.0	0.0	0.0	0.0	0.0	0.0	0.0	0.0	0.0	0.0	
Calopsitte élégante	0.0	0.0	0.0	0.0	0.0	0.0	0.0	0.0	0.0	0.0	0.0	0.0	0.0	0.0	0.0	0.0	0.0	0.0	0.0	0.0	0.0015	0.0	0.0	0.0	0.0	0.0	0.0	0.0	0.0	0.0015	0.0	0.0	0.0	0.0	0.0	0.0	0.0	0.0	0.0	0.0	0.0	0.0	0.0	0.0	0.0	0.0	0.0	0.0	
Perruche à collier	0.0015	0.0015	0.0015	0.0	0.0	0.0	0.0	0.0015	0.0	0.0	0.0	0.0095238	0.0	0.0084746	0.0015	0.0051546	0.0074627	0.0	0.0074627	0.0	0.0	0.0	0.0	0.0	0.0	0.0214286	0.0	0.0071685	0.0	0.0	0.0	0.0074349	0.0215827	0.0170455	0.0263158	0.0236686	0.0245902	0.0574713	0.0258621	0.0239726	0.0	0.0140845	0.0483871	0.0416667	0.0015	0.0	0.0015	0.0	
Loriot d'Europe	0.0	0.0	0.0	0.0	0.0	0.0	0.0	0.0	0.0	0.0	0.0	0.0	0.0095238	0.0	0.0	0.0051546	0.0074627	0.0089286	0.0149254	0.0310881	0.0	0.0074627	0.0	0.0	0.0015	0.0	0.010582	0.0	0.0	0.0	0.0	0.0037175	0.0	0.0	0.0	0.0	0.0	0.0	0.0	0.0	0.0	0.0	0.0	0.0	0.0	0.0	0.0	0.0	
Pie-grièche écorcheur	0.0	0.0	0.0	0.0	0.0	0.0	0.0	0.0	0.0	0.0	0.0	0.0	0.0	0.0	0.0	0.0	0.0	0.0	0.0074627	0.0	0.0	0.0149254	0.0102041	0.0097087	0.0	0.0142857	0.021164	0.0071685	0.0	0.0073529	0.0046512	0.0037175	0.0	0.0	0.0052632	0.0	0.0	0.0	0.0	0.0	0.0	0.0	0.0	0.0	0.0	0.0	0.0	0.0	
Pie-grièche du Turkestan	0.0	0.0	0.0	0.0	0.0	0.0	0.0	0.0	0.0	0.0	0.0	0.0	0.0	0.0	0.0	0.0	0.0	0.0	0.0	0.0	0.0	0.0	0.0	0.0	0.0	0.0	0.0	0.0	0.0	0.0	0.0	0.0	0.0	0.0	0.0	0.0	0.0	0.0	0.0	0.0015	0.0	0.0	0.0	0.0	0.0	0.0	0.0	0.0	
Pie-grièche isabelle	0.0	0.0	0.0	0.0	0.0	0.0	0.0	0.0	0.0	0.0	0.0	0.0	0.0	0.0	0.0	0.0	0.0	0.0	0.0	0.0	0.0	0.0	0.0	0.0	0.0	0.0	0.0	0.0	0.0	0.0	0.0	0.0	0.0015	0.0	0.0	0.0	0.0	0.0	0.0	0.0015	0.0	0.0	0.0	0.0	0.0	0.0	0.0	0.0	
Pie-grièche grise	0.0	0.0	0.0	0.0	0.0	0.0	0.0	0.0	0.0	0.0	0.0	0.0	0.0	0.0	0.0	0.0	0.0	0.0	0.0	0.0	0.0	0.0	0.0	0.0	0.0	0.0	0.0	0.0	0.0	0.0	0.0	0.0	0.0	0.0	0.0	0.0	0.0	0.0	0.0	0.0	0.0	0.0140845	0.0015	0.0	0.0	0.0181818	0.0	0.0105263	
Pie-grièche à tête rousse	0.0	0.0	0.0	0.0	0.0	0.0	0.0	0.0	0.0	0.0	0.0	0.0	0.0	0.0084746	0.0	0.0	0.0	0.0	0.0	0.0	0.0	0.0	0.0	0.0	0.0	0.0	0.0	0.0	0.0	0.0	0.0	0.0	0.0	0.0	0.0	0.0	0.0	0.0	0.0	0.0	0.0	0.0	0.0	0.0	0.0	0.0	0.0	0.0	
Geai des chênes	0.1846154	0.2921348	0.1851852	0.2608696	0.2048193	0.1805556	0.1710526	0.1975309	0.2272727	0.2985075	0.2115385	0.247619	0.2095238	0.2033898	0.1854839	0.1185567	0.1343284	0.1071429	0.1492537	0.1450777	0.1186441	0.2313433	0.1530612	0.1650485	0.172043	0.1071429	0.1111111	0.1218638	0.1022727	0.125	0.0651163	0.1375465	0.1007194	0.1022727	0.1894737	0.183432	0.147541	0.1264368	0.1206897	0.2260274	0.3092784	0.2535211	0.2580645	0.2361111	0.2941176	0.2545455	0.440678	0.1789474	
Pie bavarde	0.2846154	0.2696629	0.2962963	0.3586957	0.2771084	0.2638889	0.3289474	0.382716	0.3787879	0.358209	0.2596154	0.3142857	0.3047619	0.2627119	0.3790323	0.314433	0.2985075	0.2678571	0.2686567	0.2953368	0.3644068	0.380597	0.3571429	0.2912621	0.344086	0.2857143	0.3333333	0.2508961	0.2443182	0.1985294	0.1674419	0.204461	0.2374101	0.3181818	0.4105263	0.3905325	0.3770492	0.4252874	0.4051724	0.3835616	0.3195876	0.4225352	0.4354839	0.4166667	0.5441176	0.3272727	0.3728814	0.3368421	
Crave à bec rouge	0.0	0.011236	0.0	0.0	0.0	0.0	0.0	0.0	0.0	0.0	0.0096154	0.0015	0.0190476	0.0	0.0015	0.0	0.0	0.0089286	0.0	0.0621762	0.0015	0.0	0.0102041	0.0097087	0.0015	0.05	0.021164	0.0215054	0.0284091	0.0367647	0.0232558	0.0148699	0.0071942	0.0284091	0.0263158	0.0	0.0	0.0114943	0.1206897	0.0513699	0.0206186	0.0	0.0	0.0	0.0	0.0	0.0	0.0105263	
Choucas des tours	0.1923077	0.1910112	0.1481481	0.2608696	0.1325301	0.0694444	0.1973684	0.1604938	0.2424242	0.2238806	0.1826923	0.2	0.2	0.2288136	0.1774194	0.1958763	0.1492537	0.1428571	0.1940299	0.2227979	0.1694915	0.261194	0.1734694	0.1553398	0.0752688	0.0714286	0.1481481	0.1003584	0.0681818	0.1102941	0.0418605	0.1078067	0.0863309	0.1875	0.1736842	0.1952663	0.2295082	0.1149425	0.3362069	0.2123288	0.1752577	0.2112676	0.1612903	0.1388889	0.1176471	0.1818182	0.1355932	0.1684211	
Corbeau freux	0.0	0.0224719	0.0	0.0015	0.0361446	0.0015	0.0	0.0	0.0151515	0.0149254	0.0096154	0.0095238	0.0095238	0.0084746	0.0322581	0.0051546	0.0074627	0.0267857	0.0223881	0.015544	0.0084746	0.0223881	0.0	0.0	0.0	0.0	0.0	0.0035842	0.0	0.0	0.0046512	0.0015	0.0071942	0.0015	0.0	0.0177515	0.0245902	0.0	0.0086207	0.0171233	0.0	0.028169	0.0	0.0	0.0015	0.0181818	0.0	0.0105263	
Corneille noire	0.4307692	0.505618	0.4444444	0.5108696	0.4457831	0.4722222	0.5	0.5555556	0.6363636	0.5671642	0.4615385	0.4761905	0.5142857	0.3389831	0.4435484	0.4948454	0.4477612	0.4732143	0.4701493	0.4093264	0.4745763	0.5970149	0.4183673	0.3883495	0.5806452	0.4285714	0.4867725	0.4408602	0.3068182	0.2573529	0.2837209	0.3568773	0.352518	0.3522727	0.5684211	0.4674556	0.5327869	0.5862069	0.4741379	0.5068493	0.6082474	0.4929577	0.6129032	0.6805556	0.6470588	0.5818182	0.5762712	0.3789474	
Corneille mantelée	0.0	0.0	0.0	0.0	0.0	0.0	0.0	0.0	0.0	0.0	0.0	0.0	0.0	0.0	0.0	0.0	0.0	0.0	0.0	0.0015	0.0	0.0	0.0	0.0	0.0	0.0	0.0	0.0	0.0	0.0	0.0	0.0	0.0	0.0	0.0	0.0	0.0	0.0	0.0	0.0	0.0	0.0	0.0	0.0	0.0	0.0	0.0	0.0	
corneille sp.	0.0076923	0.0	0.0	0.0	0.0	0.0	0.0131579	0.0123457	0.0	0.0	0.0	0.0	0.0	0.0	0.0	0.0	0.0	0.0	0.0	0.0	0.0254237	0.0	0.0102041	0.0	0.0	0.0	0.0	0.0	0.0	0.0	0.0	0.0015	0.0071942	0.0	0.0	0.0	0.0	0.0	0.0	0.0	0.0	0.0	0.0	0.0	0.0	0.0	0.0	0.0	
Grand Corbeau	0.0	0.0337079	0.0015	0.0015	0.0	0.0277778	0.0131579	0.0	0.0151515	0.0149254	0.0096154	0.0095238	0.0380952	0.0169492	0.0015	0.0154639	0.0015	0.0446429	0.0223881	0.0466321	0.0015	0.0	0.0015	0.0	0.0015	0.0071429	0.037037	0.0107527	0.0340909	0.0294118	0.0139535	0.0111524	0.0	0.0284091	0.0263158	0.0118343	0.0163934	0.0344828	0.0689655	0.0616438	0.0206186	0.0015	0.0	0.0277778	0.0	0.0	0.0169492	0.0210526	
Mésange noire	0.0	0.0015	0.0	0.0	0.0	0.0138889	0.0526316	0.0	0.0015	0.0447761	0.0	0.0	0.0	0.0	0.0	0.0103093	0.0074627	0.0	0.0	0.0	0.0	0.0	0.0	0.0	0.0	0.0	0.0	0.0035842	0.0	0.0	0.0015	0.0	0.0	0.0	0.0	0.0	0.0	0.0	0.0015	0.0239726	0.0103093	0.0	0.0015	0.0	0.0147059	0.0	0.0338983	0.0105263	
Mésange huppée	0.0846154	0.1573034	0.0555556	0.0869565	0.1204819	0.0694444	0.0131579	0.0617284	0.0606061	0.0746269	0.0576923	0.0571429	0.0285714	0.0508475	0.0403226	0.0824742	0.0597015	0.0535714	0.0298507	0.0310881	0.0762712	0.0597015	0.0408163	0.0582524	0.0860215	0.1428571	0.1481481	0.1362007	0.0568182	0.0514706	0.0930233	0.0408922	0.0647482	0.0568182	0.0736842	0.0650888	0.057377	0.045977	0.0431034	0.0821918	0.0206186	0.028169	0.0645161	0.0694444	0.1029412	0.0909091	0.1525424	0.0736842	
Mésange nonnette	0.0153846	0.0449438	0.0	0.0217391	0.0120482	0.0138889	0.0015	0.0123457	0.0151515	0.0597015	0.0	0.0015	0.0285714	0.0	0.0	0.0051546	0.0	0.0089286	0.0	0.0051813	0.0084746	0.0223881	0.0015	0.0015	0.0107527	0.0	0.021164	0.0	0.0170455	0.0015	0.0	0.0037175	0.0	0.0015	0.0015	0.0059172	0.0	0.0015	0.0	0.0068493	0.0	0.0	0.016129	0.0015	0.0147059	0.0363636	0.0508475	0.0421053	
Mésange bleue	0.4615385	0.4382022	0.4259259	0.4782609	0.4578313	0.4166667	0.5526316	0.5308642	0.6363636	0.6716418	0.6057692	0.6095238	0.5809524	0.5084746	0.4596774	0.4639175	0.3283582	0.3035714	0.358209	0.2746114	0.4237288	0.3880597	0.2959184	0.3592233	0.311828	0.3285714	0.3862434	0.4157706	0.2784091	0.3088235	0.255814	0.3011152	0.2733813	0.2784091	0.3578947	0.3905325	0.3852459	0.3793103	0.3448276	0.3732877	0.443299	0.4647887	0.5967742	0.6111111	0.5735294	0.5090909	0.440678	0.4631579	
Mésange charbonnière	0.3384615	0.3483146	0.2592593	0.4782609	0.4698795	0.4027778	0.5	0.5061728	0.5151515	0.5820896	0.6153846	0.4857143	0.4666667	0.4915254	0.4435484	0.4742268	0.3507463	0.2857143	0.358209	0.1917098	0.2542373	0.358209	0.3061224	0.2135922	0.2795699	0.2428571	0.3544974	0.297491	0.2329545	0.2132353	0.227907	0.2825279	0.2230216	0.2613636	0.2842105	0.2721893	0.3196721	0.2298851	0.2758621	0.3082192	0.2989691	0.3521127	0.3548387	0.3333333	0.4117647	0.4	0.5932203	0.3578947	
Rémiz penduline	0.0	0.0	0.0	0.0	0.0015	0.0	0.0	0.0	0.0	0.0	0.0	0.0015	0.0	0.0	0.0	0.0	0.0	0.0	0.0	0.0	0.0	0.0	0.0	0.0	0.0	0.0	0.0	0.0	0.0	0.0	0.0	0.0	0.0	0.0	0.0	0.0	0.0	0.0229885	0.0086207	0.0015	0.0	0.0	0.0	0.0	0.0	0.0	0.0	0.0	
Alouette lulu	0.0015	0.0337079	0.0185185	0.0434783	0.060241	0.0138889	0.0263158	0.037037	0.0454545	0.0149254	0.0288462	0.0285714	0.0015	0.0338983	0.0322581	0.0257732	0.0074627	0.0089286	0.0298507	0.0103627	0.0423729	0.0373134	0.0204082	0.0194175	0.0015	0.0142857	0.005291	0.0035842	0.0056818	0.0	0.0015	0.0	0.0	0.0056818	0.0210526	0.0118343	0.0163934	0.0574713	0.0517241	0.0547945	0.0618557	0.0704225	0.0967742	0.0694444	0.0147059	0.0727273	0.0508475	0.0315789	
Alouette des champs	0.0615385	0.0898876	0.0925926	0.1086957	0.0963855	0.125	0.0921053	0.0617284	0.1060606	0.1791045	0.2403846	0.1904762	0.2	0.1864407	0.2096774	0.2216495	0.1940299	0.1696429	0.2164179	0.1761658	0.1525424	0.2537313	0.1020408	0.1941748	0.0967742	0.1071429	0.0582011	0.0645161	0.0113636	0.0441176	0.0232558	0.0446097	0.0503597	0.0340909	0.0263158	0.0591716	0.0983607	0.1724138	0.2155172	0.1815068	0.1546392	0.2112676	0.0967742	0.0277778	0.0588235	0.1090909	0.1864407	0.0526316	
Alouette haussecol	0.0	0.0	0.0	0.0	0.0	0.0	0.0	0.0	0.0	0.0	0.0	0.0	0.0	0.0	0.0	0.0	0.0	0.0	0.0	0.0	0.0	0.0	0.0	0.0	0.0	0.0	0.0	0.0	0.0	0.0	0.0	0.0	0.0	0.0	0.0	0.0	0.0	0.0	0.0015	0.0	0.0	0.0	0.0	0.0	0.0	0.0	0.0	0.0	
Alouette calandrelle	0.0	0.0	0.0	0.0	0.0	0.0	0.0	0.0	0.0	0.0	0.0	0.0	0.0	0.0	0.0	0.0051546	0.0	0.0	0.0	0.0	0.0	0.0	0.0	0.0	0.0	0.0	0.0	0.0	0.0	0.0	0.0	0.0	0.0	0.0	0.0	0.0	0.0	0.0	0.0	0.0	0.0	0.0	0.0	0.0	0.0	0.0	0.0	0.0	
Panure à moustaches	0.0	0.0	0.0	0.0	0.0	0.0015	0.0	0.0015	0.0	0.0	0.0096154	0.0	0.0095238	0.0169492	0.016129	0.0	0.0	0.0	0.0074627	0.0051813	0.0169492	0.0	0.0	0.0	0.0	0.0	0.0	0.0	0.0	0.0015	0.0	0.0037175	0.0	0.0170455	0.0052632	0.0059172	0.0	0.0015	0.0086207	0.0015	0.0103093	0.0	0.016129	0.0	0.0147059	0.0181818	0.0	0.0	
Cisticole des joncs	0.0076923	0.011236	0.0555556	0.0326087	0.0481928	0.0277778	0.0	0.0246914	0.0015	0.0597015	0.1730769	0.1428571	0.152381	0.279661	0.1693548	0.2628866	0.2462687	0.1964286	0.261194	0.1917098	0.1864407	0.2462687	0.255102	0.1262136	0.0860215	0.1642857	0.2275132	0.1899642	0.1590909	0.2867647	0.1674419	0.1933086	0.0935252	0.0681818	0.0526316	0.0177515	0.0901639	0.091954	0.0689655	0.0787671	0.0412371	0.1126761	0.016129	0.0277778	0.0441176	0.0545455	0.0	0.0526316	
Hypolaïs polyglotte	0.0	0.0	0.0	0.0	0.0	0.0	0.0	0.0	0.0	0.0	0.0	0.0	0.0	0.0	0.016129	0.056701	0.1119403	0.0892857	0.1343284	0.0777202	0.1525424	0.0820896	0.0918367	0.0873786	0.0537634	0.0214286	0.015873	0.0179211	0.0170455	0.0073529	0.0046512	0.0037175	0.0071942	0.0	0.0	0.0	0.0	0.0	0.0	0.0	0.0	0.0	0.0	0.0	0.0	0.0	0.0	0.0	
Phragmite des joncs	0.0	0.0	0.0	0.0	0.0	0.0	0.0	0.0	0.0	0.0149254	0.0192308	0.0190476	0.1142857	0.2118644	0.1532258	0.1546392	0.1343284	0.0803571	0.119403	0.0310881	0.0932203	0.1119403	0.0612245	0.0485437	0.0015	0.0357143	0.015873	0.0143369	0.0170455	0.0073529	0.0186047	0.0074349	0.0	0.0113636	0.0052632	0.0059172	0.0	0.0	0.0	0.0	0.0	0.0	0.0	0.0	0.0	0.0	0.0	0.0	
Rousserolle des buissons	0.0	0.0	0.0	0.0	0.0	0.0	0.0	0.0	0.0	0.0	0.0	0.0	0.0	0.0	0.0	0.0	0.0	0.0	0.0	0.0	0.0	0.0	0.0	0.0	0.0	0.0	0.0	0.0	0.0	0.0	0.0	0.0	0.0	0.0	0.0	0.0	0.0	0.0	0.0015	0.0	0.0	0.0	0.0	0.0	0.0	0.0	0.0	0.0	
Rousserolle verderolle	0.0	0.0	0.0	0.0	0.0	0.0	0.0	0.0	0.0	0.0	0.0	0.0	0.0	0.0	0.0	0.0	0.0	0.0089286	0.0	0.0	0.0	0.0	0.0	0.0	0.0	0.0	0.0	0.0	0.0	0.0	0.0	0.0	0.0	0.0	0.0	0.0	0.0	0.0	0.0015	0.0	0.0	0.0	0.0	0.0	0.0	0.0	0.0	0.0	
Rousserolle effarvatte	0.0	0.0	0.0	0.0	0.0	0.0	0.0	0.0	0.0	0.0	0.0	0.0	0.0	0.0169492	0.0322581	0.1391753	0.1044776	0.0357143	0.1044776	0.0725389	0.1016949	0.0895522	0.0714286	0.0873786	0.0430108	0.0571429	0.0529101	0.0286738	0.0113636	0.0220588	0.0139535	0.0111524	0.0143885	0.0056818	0.0157895	0.0059172	0.0	0.0	0.0258621	0.0015	0.0103093	0.0	0.0	0.0	0.0	0.0	0.0	0.0	
Locustelle luscinioïde	0.0	0.0	0.0	0.0	0.0	0.0	0.0	0.0	0.0	0.0	0.0015	0.0095238	0.0380952	0.059322	0.0564516	0.0154639	0.0074627	0.0178571	0.0223881	0.0051813	0.0084746	0.0074627	0.0	0.0194175	0.0	0.0071429	0.0	0.0	0.0	0.0	0.0046512	0.0037175	0.0	0.0	0.0	0.0	0.0	0.0	0.0	0.0	0.0	0.0	0.0	0.0	0.0	0.0	0.0	0.0	
Locustelle tachetée	0.0	0.0	0.0	0.0	0.0	0.0	0.0	0.0	0.0	0.0	0.0	0.0095238	0.0095238	0.0423729	0.0241935	0.0051546	0.0	0.0015	0.0074627	0.0	0.0084746	0.0149254	0.0	0.0015	0.0	0.0071429	0.0	0.0	0.0	0.0	0.0093023	0.0	0.0	0.0015	0.0052632	0.0	0.0	0.0	0.0	0.0	0.0	0.0	0.0	0.0	0.0	0.0	0.0	0.0	
Hirondelle de rivage	0.0	0.0	0.0	0.0	0.0	0.0	0.0	0.0	0.0	0.0015	0.0384615	0.0761905	0.1809524	0.220339	0.1854839	0.2061856	0.2089552	0.1875	0.119403	0.1554404	0.0932203	0.1940299	0.0918367	0.1067961	0.1827957	0.1642857	0.1746032	0.2007168	0.1363636	0.1323529	0.1255814	0.133829	0.0791367	0.0340909	0.0315789	0.0295858	0.0081967	0.0	0.0	0.0	0.0	0.0	0.0	0.0	0.0	0.0	0.0	0.0	
Hirondelle rustique	0.0	0.0	0.0	0.0	0.0	0.0	0.0	0.0	0.0015	0.0	0.0480769	0.1428571	0.4190476	0.3220339	0.4354839	0.4226804	0.4776119	0.4821429	0.4029851	0.3005181	0.3050847	0.4701493	0.3367347	0.3883495	0.4623656	0.4357143	0.4391534	0.4623656	0.4204545	0.3970588	0.255814	0.4572491	0.3453237	0.3125	0.3	0.2130178	0.0983607	0.1034483	0.0603448	0.0136986	0.0	0.028169	0.0	0.0	0.0	0.0	0.0	0.0	
Hirondelle de fenêtre	0.0	0.0	0.0	0.0	0.0	0.0	0.0	0.0	0.0015	0.0	0.0096154	0.0095238	0.0666667	0.0677966	0.0483871	0.0876289	0.0746269	0.0982143	0.1044776	0.1658031	0.1355932	0.1567164	0.1938776	0.1067961	0.2150538	0.15	0.2539683	0.1577061	0.1818182	0.125	0.1209302	0.0966543	0.1007194	0.0909091	0.0368421	0.0015	0.0409836	0.0229885	0.0	0.0	0.0	0.0	0.0	0.0	0.0	0.0	0.0	0.0	
hirondelle sp.	0.0	0.0	0.0	0.0	0.0	0.0	0.0	0.0	0.0	0.0	0.0	0.0	0.0	0.0	0.0	0.0051546	0.0	0.0	0.0	0.0051813	0.0169492	0.0015	0.0	0.0	0.0	0.0	0.0	0.0	0.0	0.0	0.0046512	0.0	0.0	0.0056818	0.0	0.0	0.0	0.0	0.0	0.0	0.0	0.0	0.0	0.0	0.0	0.0	0.0	0.0	
Pouillot siffleur	0.0	0.0	0.0	0.0	0.0	0.0	0.0	0.0	0.0	0.0	0.0	0.0	0.0	0.0	0.0	0.0	0.0	0.0267857	0.0	0.0051813	0.0	0.0074627	0.0102041	0.0097087	0.0107527	0.0	0.005291	0.0	0.0	0.0	0.0	0.0	0.0	0.0056818	0.0	0.0	0.0	0.0	0.0	0.0	0.0	0.0	0.0	0.0	0.0	0.0	0.0	0.0	
Pouillot de Bonelli	0.0	0.0	0.0	0.0	0.0	0.0	0.0	0.0	0.0	0.0	0.0	0.0	0.0	0.0	0.0	0.0	0.0	0.0	0.0	0.0	0.0	0.0	0.0	0.0	0.0	0.0015	0.0	0.0	0.0	0.0	0.0	0.0	0.0	0.0	0.0	0.0	0.0	0.0	0.0	0.0	0.0	0.0	0.0	0.0	0.0	0.0	0.0	0.0	
Pouillot oriental	0.0	0.0	0.0	0.0	0.0	0.0	0.0	0.0	0.0	0.0	0.0	0.0	0.0	0.0	0.0	0.0	0.0	0.0	0.0	0.0	0.0	0.0	0.0	0.0	0.0	0.0	0.0	0.0	0.0	0.0	0.0139535	0.0037175	0.0	0.0	0.0	0.0	0.0	0.0	0.0	0.0	0.0	0.0	0.0	0.0	0.0	0.0	0.0	0.0	
Pouillot à grands sourcils	0.0015	0.0	0.0	0.0	0.0	0.0	0.0	0.0	0.0151515	0.0	0.0	0.0	0.0	0.0	0.0	0.0	0.0	0.0	0.0	0.0	0.0	0.0	0.0	0.0	0.0	0.0	0.0	0.0	0.0	0.0	0.0	0.0	0.0	0.0	0.0015	0.0	0.0081967	0.0344828	0.0431034	0.0068493	0.0103093	0.0140845	0.0	0.0	0.0	0.0	0.0	0.0	
Pouillot de Hume	0.0015	0.0	0.0	0.0	0.0	0.0	0.0	0.0	0.0	0.0	0.0	0.0	0.0	0.0	0.0	0.0	0.0	0.0	0.0	0.0	0.0	0.0	0.0	0.0	0.0	0.0	0.0	0.0	0.0	0.0	0.0	0.0	0.0	0.0	0.0	0.0	0.0	0.0	0.0	0.0	0.0	0.0	0.0	0.0	0.0	0.0	0.0	0.0015	
Pouillot de Pallas	0.0	0.0	0.0	0.0	0.0	0.0	0.0	0.0	0.0	0.0	0.0	0.0	0.0	0.0	0.0	0.0	0.0	0.0	0.0	0.0	0.0	0.0	0.0	0.0	0.0	0.0	0.0	0.0	0.0	0.0	0.0	0.0	0.0	0.0	0.0	0.0	0.0	0.0	0.0015	0.0136986	0.0309278	0.0	0.0	0.0	0.0	0.0	0.0	0.0	
Pouillot brun	0.0015	0.0	0.0	0.0	0.0	0.0	0.0	0.0	0.0	0.0	0.0	0.0	0.0	0.0	0.0	0.0	0.0	0.0	0.0	0.0	0.0	0.0	0.0	0.0	0.0	0.0	0.0	0.0	0.0	0.0	0.0	0.0	0.0	0.0	0.0	0.0	0.0	0.0	0.0	0.0034247	0.0	0.0	0.0	0.0015	0.0	0.0	0.0	0.0	
Pouillot fitis	0.0	0.0	0.0	0.0	0.0	0.0	0.0	0.0	0.0	0.0	0.0096154	0.0380952	0.047619	0.0508475	0.016129	0.0051546	0.0074627	0.0357143	0.0223881	0.0015	0.0084746	0.0298507	0.0204082	0.0097087	0.0322581	0.0	0.0015	0.0107527	0.0113636	0.0735294	0.0325581	0.0966543	0.0647482	0.0795455	0.0631579	0.0591716	0.0901639	0.0574713	0.0258621	0.0239726	0.0015	0.0	0.0	0.0	0.0	0.0	0.0	0.0	
Pouillot véloce	0.1307692	0.1460674	0.0925926	0.1304348	0.1807229	0.1388889	0.1710526	0.2716049	0.530303	0.5671642	0.75	0.647619	0.7809524	0.6779661	0.6209677	0.6907216	0.619403	0.5178571	0.5298507	0.4300518	0.5084746	0.6119403	0.5306122	0.5533981	0.4623656	0.3357143	0.4074074	0.3620072	0.3011364	0.3235294	0.2651163	0.3085502	0.2589928	0.2840909	0.3947368	0.3727811	0.4836066	0.4137931	0.3706897	0.3150685	0.257732	0.2676056	0.2258065	0.25	0.2352941	0.1272727	0.1525424	0.1368421	
Pouillot fitis ou P. véloce	0.0	0.0	0.0	0.0	0.0	0.0	0.0	0.0	0.0	0.0	0.0	0.0	0.0	0.0	0.0	0.0	0.0	0.0	0.0	0.0	0.0	0.0	0.0	0.0	0.0	0.0	0.010582	0.0	0.0	0.0	0.0046512	0.0037175	0.0071942	0.0056818	0.0	0.0	0.0	0.0	0.0	0.0	0.0	0.0	0.0	0.0	0.0	0.0	0.0	0.0	
Pouillot ibérique	0.0	0.0	0.0	0.0	0.0	0.0	0.0	0.0	0.0	0.0	0.0	0.0	0.0	0.0	0.0	0.0	0.0	0.0	0.0	0.0051813	0.0	0.0	0.0	0.0	0.0	0.0	0.0	0.0	0.0	0.0	0.0	0.0	0.0	0.0	0.0	0.0	0.0	0.0	0.0	0.0	0.0	0.0	0.0	0.0	0.0	0.0	0.0	0.0	
pouillot sp.	0.0	0.0	0.0	0.0	0.0	0.0	0.0	0.0	0.0	0.0	0.0	0.0	0.0	0.0	0.0	0.0051546	0.0	0.0	0.0	0.0015	0.0	0.0	0.0	0.0	0.0	0.0	0.0	0.0035842	0.0	0.0073529	0.0	0.0	0.0	0.0	0.0	0.0	0.0	0.0	0.0	0.0	0.0	0.0	0.0	0.0	0.0	0.0	0.0	0.0	
Bouscarle de Cetti	0.0615385	0.0786517	0.0740741	0.0978261	0.0722892	0.0972222	0.0921053	0.1234568	0.1515152	0.1940299	0.25	0.2380952	0.3809524	0.440678	0.3709677	0.3969072	0.358209	0.25	0.2313433	0.2124352	0.2118644	0.238806	0.244898	0.1165049	0.0322581	0.0857143	0.0687831	0.1075269	0.0454545	0.0882353	0.0697674	0.1598513	0.1510791	0.1647727	0.1684211	0.2189349	0.2459016	0.2643678	0.3189655	0.2465753	0.2164948	0.1549296	0.0645161	0.0833333	0.1617647	0.0727273	0.0338983	0.0631579	
Orite à longue queue	0.2	0.1910112	0.1481481	0.25	0.2048193	0.125	0.25	0.2098765	0.2424242	0.2238806	0.1826923	0.2285714	0.1714286	0.1694915	0.1532258	0.1907216	0.141791	0.0892857	0.1268657	0.1139896	0.1864407	0.119403	0.0816327	0.1067961	0.1612903	0.1285714	0.2275132	0.1577061	0.1590909	0.1029412	0.1162791	0.1263941	0.1438849	0.1363636	0.1526316	0.1715976	0.2377049	0.1724138	0.1293103	0.2157534	0.2680412	0.2394366	0.1774194	0.1944444	0.1764706	0.1636364	0.220339	0.2210526	
Fauvette à tête noire	0.1076923	0.0898876	0.0185185	0.076087	0.1084337	0.0416667	0.0526316	0.0493827	0.0454545	0.1791045	0.2884615	0.447619	0.5904762	0.5932203	0.5806452	0.6082474	0.5447761	0.4285714	0.4776119	0.4248705	0.4661017	0.4552239	0.4795918	0.4951456	0.3548387	0.3214286	0.3915344	0.311828	0.2102273	0.1691176	0.172093	0.2081784	0.1294964	0.1761364	0.1947368	0.1952663	0.1311475	0.1149425	0.1637931	0.119863	0.1237113	0.0704225	0.0645161	0.0416667	0.1323529	0.1272727	0.0508475	0.0421053	
Fauvette des jardins	0.0	0.0	0.0	0.0	0.0	0.0	0.0	0.0	0.0	0.0	0.0	0.0	0.0	0.0423729	0.0725806	0.1597938	0.1567164	0.1517857	0.119403	0.1088083	0.1525424	0.1119403	0.0816327	0.1262136	0.0967742	0.0214286	0.0634921	0.0537634	0.0227273	0.0015	0.0093023	0.0260223	0.0	0.0056818	0.0105263	0.0059172	0.0	0.0015	0.0086207	0.0	0.0	0.0	0.0	0.0	0.0	0.0	0.0	0.0	
Fauvette épervière	0.0	0.0	0.0	0.0	0.0	0.0	0.0	0.0	0.0	0.0	0.0	0.0	0.0	0.0	0.0	0.0	0.0	0.0	0.0	0.0	0.0	0.0	0.0	0.0	0.0	0.0	0.0	0.0	0.0	0.0	0.0	0.0	0.0	0.0	0.0	0.0	0.0	0.0	0.0	0.0	0.0	0.0015	0.0	0.0	0.0	0.0	0.0	0.0	
Fauvette babillarde	0.0	0.0	0.0	0.0	0.0	0.0	0.0	0.0	0.0	0.0	0.0	0.0	0.0	0.0	0.0	0.0051546	0.0	0.0	0.0	0.0	0.0	0.0	0.0	0.0	0.0	0.0	0.0	0.0	0.0	0.0	0.0	0.0	0.0	0.0	0.0	0.0	0.0	0.0	0.0015	0.0034247	0.0	0.0	0.0	0.0	0.0	0.0	0.0	0.0	
Fauvette grisette	0.0	0.0	0.0	0.0	0.0	0.0	0.0	0.0	0.0	0.0	0.0	0.0015	0.0190476	0.1101695	0.2177419	0.242268	0.238806	0.2321429	0.1492537	0.119171	0.1101695	0.1940299	0.0918367	0.0485437	0.0645161	0.0285714	0.021164	0.0286738	0.0056818	0.0514706	0.0372093	0.0520446	0.0359712	0.0227273	0.0368421	0.0236686	0.0	0.0229885	0.0172414	0.0	0.0	0.0	0.0	0.0	0.0	0.0	0.0	0.0	
Fauvette pitchou	0.0015	0.0224719	0.0	0.0	0.0120482	0.0015	0.0	0.0	0.0151515	0.0015	0.0096154	0.0095238	0.0190476	0.0254237	0.0322581	0.0463918	0.0373134	0.0178571	0.0074627	0.0310881	0.0254237	0.0223881	0.0204082	0.0097087	0.0107527	0.0357143	0.015873	0.0179211	0.0170455	0.0220588	0.0046512	0.0111524	0.0143885	0.0056818	0.0315789	0.0118343	0.0163934	0.0574713	0.0603448	0.0547945	0.0412371	0.0422535	0.0	0.0138889	0.0294118	0.0	0.0	0.0315789	
Sylvia ou Curruca sp.	0.0	0.0	0.0	0.0	0.0	0.0	0.0	0.0	0.0	0.0	0.0	0.0	0.0	0.0	0.0	0.0	0.0	0.0	0.0	0.0	0.0	0.0	0.0	0.0	0.0	0.0	0.005291	0.0	0.0	0.0	0.0	0.0037175	0.0	0.0	0.0	0.0	0.0	0.0	0.0	0.0	0.0	0.0	0.0	0.0	0.0	0.0	0.0	0.0	
Roitelet huppé	0.0769231	0.1123596	0.0185185	0.0543478	0.1084337	0.0555556	0.0921053	0.037037	0.0606061	0.0447761	0.0769231	0.0380952	0.0285714	0.0254237	0.0564516	0.0412371	0.0149254	0.0178571	0.0447761	0.0207254	0.0677966	0.0223881	0.0306122	0.0015	0.0215054	0.0428571	0.047619	0.0358423	0.0738636	0.0147059	0.0139535	0.0223048	0.028777	0.0795455	0.0578947	0.035503	0.0409836	0.1609195	0.1206897	0.1438356	0.1443299	0.1690141	0.0967742	0.1388889	0.0735294	0.0909091	0.1694915	0.1368421	
Roitelet à triple bandeau	0.1846154	0.1910112	0.0925926	0.173913	0.1204819	0.125	0.1842105	0.1975309	0.2727273	0.2537313	0.1923077	0.152381	0.2761905	0.1949153	0.1451613	0.1907216	0.2014925	0.0714286	0.1119403	0.1088083	0.1271186	0.0970149	0.0612245	0.0485437	0.0645161	0.0642857	0.1534392	0.078853	0.0454545	0.0514706	0.055814	0.0557621	0.0719424	0.0681818	0.1052632	0.1715976	0.1885246	0.1724138	0.2586207	0.2191781	0.2680412	0.1971831	0.2096774	0.2083333	0.1617647	0.1636364	0.1694915	0.1894737	
Roitelet huppé ou R. à triple bandeau	0.0	0.0	0.0	0.0326087	0.0	0.0	0.0	0.0	0.0	0.0	0.0	0.0	0.0	0.0	0.0	0.0051546	0.0	0.0	0.0	0.0	0.0	0.0	0.0	0.0	0.0	0.0	0.005291	0.0	0.0	0.0	0.0	0.0	0.0	0.0	0.0052632	0.0	0.0	0.0	0.0	0.0	0.0	0.0	0.0	0.0	0.0	0.0	0.0	0.0	
Sittelle torchepot	0.1461538	0.1348315	0.1666667	0.2065217	0.2048193	0.1111111	0.1315789	0.1604938	0.2272727	0.3432836	0.2211538	0.3333333	0.2285714	0.1610169	0.1129032	0.0773196	0.0447761	0.0267857	0.0820896	0.0880829	0.1101695	0.0970149	0.1020408	0.0970874	0.1505376	0.1214286	0.1322751	0.1218638	0.0965909	0.1176471	0.0837209	0.1226766	0.1151079	0.0795455	0.1421053	0.0946746	0.0901639	0.1034483	0.0603448	0.0958904	0.1134021	0.1126761	0.0806452	0.125	0.1911765	0.1454545	0.1186441	0.1052632	
Grimpereau des jardins	0.1769231	0.1348315	0.1296296	0.2717391	0.313253	0.1527778	0.2368421	0.2716049	0.4393939	0.3283582	0.2403846	0.2190476	0.2095238	0.1694915	0.1854839	0.1958763	0.1268657	0.0982143	0.2014925	0.1398964	0.220339	0.2014925	0.1734694	0.2621359	0.2688172	0.2	0.2910053	0.265233	0.1704545	0.1985294	0.1534884	0.133829	0.1510791	0.1193182	0.1526316	0.1242604	0.1803279	0.1034483	0.0775862	0.1575342	0.1443299	0.2253521	0.2096774	0.2638889	0.2794118	0.2545455	0.3220339	0.1368421	
Grimpereau des bois ou G. des jardins	0.0	0.0	0.0	0.0	0.0	0.0	0.0	0.0	0.0	0.0	0.0	0.0	0.0	0.0	0.0	0.0051546	0.0	0.0089286	0.0074627	0.0	0.0084746	0.0	0.0	0.0	0.0	0.0071429	0.0	0.0	0.0	0.0	0.0093023	0.0	0.0	0.0	0.0	0.0	0.0081967	0.0	0.0	0.0	0.0	0.0	0.0	0.0	0.0	0.0	0.0169492	0.0105263	
Troglodyte mignon	0.3153846	0.3370787	0.2777778	0.4130435	0.4457831	0.2916667	0.4473684	0.5802469	0.6515152	0.5522388	0.5	0.4666667	0.5904762	0.4491525	0.4758065	0.4690722	0.4253731	0.2321429	0.3432836	0.4041451	0.4152542	0.5223881	0.3877551	0.407767	0.3333333	0.3	0.3439153	0.2903226	0.2215909	0.25	0.1674419	0.1821561	0.1582734	0.1590909	0.1947368	0.2071006	0.3196721	0.2528736	0.387931	0.3972603	0.3505155	0.4084507	0.4516129	0.5555556	0.5	0.4181818	0.6440678	0.3052632	
Étourneau sansonnet	0.3692308	0.3033708	0.2407407	0.3369565	0.313253	0.2916667	0.3026316	0.2716049	0.2878788	0.2686567	0.1826923	0.2380952	0.247619	0.1610169	0.25	0.3402062	0.2985075	0.3125	0.3059701	0.2487047	0.3135593	0.4253731	0.3163265	0.3009709	0.1935484	0.2	0.2910053	0.2616487	0.1988636	0.1838235	0.1813953	0.2825279	0.2158273	0.2784091	0.2789474	0.2899408	0.2295082	0.2643678	0.3103448	0.3013699	0.3402062	0.4084507	0.3870968	0.3472222	0.3823529	0.3272727	0.2881356	0.2631579	
Étourneau sansonnet ou É. unicolore	0.0	0.0	0.0	0.0	0.0	0.0	0.0	0.0	0.0	0.0	0.0	0.0	0.0	0.0	0.0	0.0	0.0	0.0	0.0	0.0	0.0	0.0	0.0	0.0	0.0	0.0	0.0	0.0	0.0	0.0	0.0	0.0	0.0	0.0	0.0052632	0.0	0.0	0.0	0.0	0.0	0.0	0.0	0.0	0.0	0.0	0.0	0.0	0.0	
Grive draine	0.1230769	0.1685393	0.1111111	0.1195652	0.1566265	0.0555556	0.0789474	0.0987654	0.1515152	0.1940299	0.0384615	0.1047619	0.0761905	0.0762712	0.0967742	0.1340206	0.1119403	0.0446429	0.0597015	0.0932642	0.0423729	0.0522388	0.0714286	0.0194175	0.0322581	0.0071429	0.021164	0.0358423	0.0227273	0.0220588	0.0093023	0.0148699	0.028777	0.0284091	0.0578947	0.0532544	0.0327869	0.045977	0.0431034	0.0719178	0.1443299	0.0704225	0.1290323	0.1527778	0.1323529	0.1454545	0.3050847	0.1157895	
Grive musicienne	0.2692308	0.2921348	0.2777778	0.423913	0.4457831	0.1944444	0.3684211	0.3209877	0.5	0.4328358	0.3557692	0.3333333	0.3428571	0.3220339	0.266129	0.3969072	0.3134328	0.25	0.3059701	0.2279793	0.3813559	0.3208955	0.255102	0.2427184	0.2043011	0.1142857	0.1428571	0.1362007	0.0795455	0.0514706	0.0139535	0.0297398	0.0215827	0.0795455	0.0842105	0.1360947	0.1065574	0.1149425	0.2155172	0.2123288	0.257732	0.2676056	0.2580645	0.3194444	0.4558824	0.2363636	0.440678	0.2421053	
Grive mauvis	0.1846154	0.2921348	0.2777778	0.2608696	0.1686747	0.0833333	0.0657895	0.0740741	0.1818182	0.1044776	0.0384615	0.0285714	0.0285714	0.0	0.0015	0.0	0.0	0.0	0.0	0.0	0.0	0.0	0.0	0.0	0.0	0.0	0.0	0.0	0.0	0.0	0.0	0.0	0.0	0.0	0.0105263	0.0	0.0	0.0229885	0.1034483	0.140411	0.1752577	0.2816901	0.1935484	0.2083333	0.3382353	0.3818182	0.2542373	0.1578947	
Merle noir	0.4923077	0.494382	0.4074074	0.5434783	0.4819277	0.3472222	0.5789474	0.5185185	0.7424242	0.6119403	0.5769231	0.647619	0.6380952	0.5762712	0.6532258	0.7319588	0.6865672	0.6071429	0.6492537	0.5803109	0.5932203	0.7238806	0.6530612	0.4951456	0.483871	0.3928571	0.4603175	0.4086022	0.3125	0.2573529	0.1860465	0.2565056	0.2661871	0.2897727	0.3105263	0.3372781	0.4344262	0.3793103	0.5	0.4554795	0.5670103	0.4788732	0.6612903	0.5694444	0.6911765	0.5818182	0.5254237	0.4421053	
Grive litorne	0.0307692	0.1685393	0.0740741	0.0434783	0.0361446	0.0555556	0.0015	0.0015	0.0151515	0.0015	0.0096154	0.0095238	0.0	0.0	0.0	0.0	0.0	0.0	0.0	0.0	0.0	0.0	0.0	0.0	0.0	0.0	0.0	0.0	0.0	0.0	0.0	0.0	0.0	0.0	0.0052632	0.0	0.0	0.0	0.0172414	0.0205479	0.0618557	0.1126761	0.1129032	0.125	0.1029412	0.0727273	0.0847458	0.0526316	
Merle à plastron	0.0	0.0	0.0	0.0	0.0	0.0	0.0	0.0	0.0	0.0	0.0	0.0	0.0	0.0	0.0015	0.0	0.0	0.0	0.0	0.0	0.0	0.0	0.0	0.0	0.0	0.0	0.0	0.0	0.0	0.0	0.0	0.0	0.0	0.0	0.0052632	0.0015	0.0015	0.0114943	0.0344828	0.0136986	0.0103093	0.0	0.0	0.0	0.0	0.0	0.0	0.0	
Turdus sp.	0.0	0.0	0.0	0.0	0.0	0.0	0.0	0.0	0.0	0.0	0.0	0.0	0.0	0.0	0.0	0.0	0.0	0.0	0.0	0.0	0.0	0.0	0.0	0.0	0.0	0.0	0.0	0.0	0.0	0.0073529	0.0	0.0	0.0	0.0	0.0	0.0	0.0	0.0	0.0	0.0	0.0	0.0	0.0	0.0	0.0	0.0	0.0	0.0315789	
Gobemouche gris	0.0	0.0	0.0	0.0	0.0	0.0	0.0	0.0	0.0	0.0	0.0	0.0	0.0095238	0.0	0.0	0.0	0.0149254	0.0089286	0.0149254	0.0362694	0.059322	0.0447761	0.0918367	0.0485437	0.1290323	0.0642857	0.042328	0.0681004	0.0227273	0.0514706	0.0139535	0.0371747	0.057554	0.0397727	0.0578947	0.0650888	0.0983607	0.045977	0.0258621	0.0273973	0.0206186	0.0	0.0	0.0	0.0	0.0	0.0	0.0	
Rougegorge familier	0.6230769	0.5280899	0.6296296	0.5978261	0.6385542	0.4861111	0.6710526	0.654321	0.7272727	0.7014925	0.6730769	0.6	0.6571429	0.5762712	0.5403226	0.6443299	0.6268657	0.4910714	0.5597015	0.4507772	0.5423729	0.5373134	0.5204082	0.4368932	0.4516129	0.35	0.4232804	0.4229391	0.3636364	0.3823529	0.3069767	0.4498141	0.4820144	0.5454545	0.5894737	0.6745562	0.7622951	0.7126437	0.6810345	0.6780822	0.6804124	0.6197183	0.7903226	0.7777778	0.8088235	0.7272727	0.8474576	0.5368421	
Rossignol philomèle	0.0	0.0	0.0	0.0	0.0	0.0	0.0	0.0	0.0	0.0	0.0	0.0	0.0015	0.0169492	0.0080645	0.0463918	0.0223881	0.0267857	0.0223881	0.0	0.0084746	0.0015	0.0015	0.0	0.0	0.0	0.0	0.0	0.0056818	0.0073529	0.0093023	0.0074349	0.0	0.0	0.0	0.0	0.0	0.0	0.0	0.0	0.0	0.0	0.0	0.0	0.0	0.0	0.0	0.0	
Gorgebleue à miroir	0.0	0.0	0.0	0.0	0.0	0.0	0.0	0.0	0.0	0.0	0.0192308	0.0761905	0.0666667	0.0932203	0.0564516	0.0721649	0.0895522	0.0357143	0.0447761	0.0414508	0.0338983	0.0522388	0.0306122	0.0291262	0.0107527	0.0	0.0	0.0107527	0.0	0.0147059	0.0139535	0.0223048	0.0071942	0.0	0.0	0.0015	0.0	0.0	0.0	0.0	0.0	0.0	0.0	0.0	0.0	0.0	0.0	0.0	
Gobemouche nain	0.0	0.0	0.0	0.0	0.0	0.0	0.0	0.0	0.0	0.0	0.0	0.0	0.0	0.0	0.0	0.0	0.0	0.0	0.0	0.0	0.0	0.0	0.0	0.0	0.0	0.0	0.0	0.0	0.0	0.0	0.0	0.0	0.0	0.0	0.0052632	0.0059172	0.0	0.0015	0.0015	0.0	0.0	0.0	0.0	0.0	0.0	0.0	0.0	0.0	
Gobemouche noir	0.0	0.0	0.0	0.0	0.0	0.0	0.0	0.0	0.0	0.0	0.0096154	0.0	0.0	0.0	0.0080645	0.0	0.0074627	0.0	0.0	0.0051813	0.0	0.0	0.0	0.0	0.0	0.0	0.0	0.0015	0.0015	0.0073529	0.0186047	0.0446097	0.0791367	0.0454545	0.0421053	0.035503	0.0245902	0.0	0.0086207	0.0	0.0	0.0	0.0	0.0	0.0	0.0	0.0	0.0	
Rougequeue à front blanc	0.0	0.0	0.0	0.0	0.0	0.0	0.0	0.0	0.0	0.0	0.0	0.0	0.0095238	0.0	0.0015	0.0	0.0074627	0.0	0.0	0.0051813	0.0084746	0.0074627	0.0204082	0.0	0.0015	0.0	0.0	0.0	0.0	0.0	0.0	0.0037175	0.0143885	0.0056818	0.0315789	0.0177515	0.057377	0.045977	0.0086207	0.0	0.0	0.0	0.0	0.0	0.0	0.0	0.0	0.0	
Rougequeue noir	0.0461538	0.0224719	0.0185185	0.0	0.0	0.0277778	0.0	0.0123457	0.0151515	0.0447761	0.0192308	0.0190476	0.0571429	0.0423729	0.0241935	0.0412371	0.0074627	0.0178571	0.0223881	0.0518135	0.0084746	0.0223881	0.0204082	0.0485437	0.0322581	0.0285714	0.015873	0.0215054	0.0113636	0.0220588	0.0	0.0074349	0.0071942	0.0	0.0015	0.0059172	0.0327869	0.1034483	0.1465517	0.0445205	0.0927835	0.0140845	0.0322581	0.0416667	0.0735294	0.0363636	0.0338983	0.0210526	
Tarier des prés	0.0	0.0	0.0	0.0	0.0	0.0	0.0	0.0	0.0	0.0	0.0096154	0.0	0.0	0.0	0.0015	0.0103093	0.0074627	0.0089286	0.0	0.0	0.0	0.0	0.0	0.0	0.0	0.0	0.0	0.0	0.0	0.0015	0.0015	0.0483271	0.1079137	0.0738636	0.0578947	0.0532544	0.0409836	0.0229885	0.0	0.0	0.0015	0.0	0.0	0.0	0.0	0.0	0.0	0.0	
Tarier pâtre	0.2230769	0.1910112	0.2037037	0.1521739	0.1445783	0.1666667	0.1052632	0.0987654	0.1212121	0.1343284	0.2403846	0.247619	0.247619	0.1949153	0.1854839	0.2783505	0.3507463	0.2946429	0.261194	0.1761658	0.2288136	0.2910448	0.1530612	0.184466	0.1505376	0.1571429	0.1957672	0.1505376	0.1079545	0.2352941	0.1395349	0.2081784	0.1798561	0.1534091	0.2210526	0.260355	0.2704918	0.2988506	0.3448276	0.2431507	0.1958763	0.3098592	0.0967742	0.0833333	0.1764706	0.2545455	0.1694915	0.2	
Traquet motteux	0.0	0.0	0.0	0.0	0.0	0.0	0.0	0.0	0.0	0.0149254	0.0288462	0.0	0.0857143	0.0847458	0.0967742	0.1030928	0.0820896	0.0625	0.0298507	0.0103627	0.0169492	0.0149254	0.0	0.0291262	0.0015	0.0	0.005291	0.0	0.0170455	0.0514706	0.0418605	0.1301115	0.1798561	0.1818182	0.1842105	0.1775148	0.0901639	0.091954	0.1551724	0.0547945	0.0103093	0.0	0.0	0.0	0.0	0.0	0.0	0.0	
Traquet isabelle	0.0	0.0	0.0	0.0	0.0	0.0	0.0	0.0	0.0	0.0	0.0	0.0	0.0	0.0	0.0	0.0	0.0	0.0	0.0	0.0	0.0	0.0	0.0	0.0	0.0	0.0	0.0	0.0	0.0	0.0	0.0	0.0	0.0	0.0	0.0	0.0	0.0163934	0.0015	0.0	0.0	0.0	0.0	0.0	0.0	0.0	0.0	0.0	0.0	
Traquet du désert	0.0	0.0	0.0	0.0	0.0	0.0	0.0	0.0	0.0	0.0	0.0	0.0	0.0	0.0	0.0	0.0	0.0	0.0	0.0	0.0	0.0	0.0	0.0	0.0	0.0	0.0	0.0	0.0	0.0	0.0	0.0	0.0	0.0	0.0	0.0	0.0	0.0	0.0	0.0	0.0	0.0	0.0	0.0	0.0	0.0441176	0.0363636	0.0169492	0.0	
Accenteur mouchet	0.3769231	0.3370787	0.2777778	0.3913043	0.313253	0.375	0.3552632	0.4814815	0.5	0.4776119	0.5	0.4190476	0.5142857	0.4067797	0.4032258	0.5154639	0.4925373	0.3303571	0.3432836	0.3212435	0.3728814	0.3656716	0.2857143	0.2912621	0.2580645	0.1928571	0.1904762	0.1971326	0.1363636	0.1838235	0.1395349	0.1486989	0.1510791	0.1647727	0.2368421	0.2840237	0.3114754	0.3218391	0.387931	0.4280822	0.3298969	0.3661972	0.4193548	0.3611111	0.4558824	0.3272727	0.3050847	0.3368421	
Moineau domestique	0.3153846	0.2359551	0.1666667	0.326087	0.1325301	0.2083333	0.2894737	0.2345679	0.3484848	0.3283582	0.3365385	0.3714286	0.2952381	0.3474576	0.4112903	0.4123711	0.3955224	0.3303571	0.4552239	0.4455959	0.4661017	0.5	0.5102041	0.3883495	0.4086022	0.4214286	0.4285714	0.4193548	0.3693182	0.2426471	0.2465116	0.1895911	0.1942446	0.2329545	0.2421053	0.2544379	0.3606557	0.2758621	0.2844828	0.2363014	0.185567	0.2394366	0.1935484	0.2083333	0.2647059	0.2181818	0.220339	0.1684211	
Moineau friquet	0.0	0.0	0.0	0.0	0.0	0.0	0.0	0.0	0.0	0.0	0.0	0.0	0.0	0.0	0.0	0.0	0.0	0.0	0.0	0.0	0.0	0.0	0.0	0.0	0.0	0.0	0.0	0.0	0.0	0.0073529	0.0	0.0	0.0	0.0	0.0	0.0	0.0	0.0	0.0	0.0	0.0	0.0	0.0	0.0	0.0	0.0	0.0	0.0	
Bergeronnette des ruisseaux	0.0307692	0.0786517	0.0555556	0.0652174	0.0481928	0.0694444	0.0394737	0.037037	0.0606061	0.0447761	0.0096154	0.0857143	0.0095238	0.0508475	0.0241935	0.0257732	0.0074627	0.0015	0.0447761	0.0207254	0.0254237	0.0447761	0.0510204	0.0194175	0.0322581	0.0142857	0.026455	0.0107527	0.0397727	0.0147059	0.0186047	0.0185874	0.0431655	0.0568182	0.0684211	0.0887574	0.0409836	0.1609195	0.1810345	0.130137	0.0824742	0.1408451	0.1774194	0.1944444	0.1029412	0.1090909	0.0847458	0.0210526	
Bergeronnette printanière	0.0	0.0	0.0	0.0	0.0	0.0	0.0	0.0	0.0015	0.0	0.0	0.0	0.0095238	0.059322	0.0403226	0.0206186	0.0447761	0.0089286	0.0522388	0.0259067	0.0169492	0.0373134	0.0	0.038835	0.0215054	0.0214286	0.037037	0.0143369	0.0056818	0.0441176	0.0325581	0.0743494	0.0791367	0.0568182	0.0894737	0.0414201	0.0327869	0.0229885	0.0	0.0034247	0.0	0.0	0.0	0.0	0.0	0.0	0.0	0.0	
Bergeronnette grise	0.3307692	0.2247191	0.2407407	0.2826087	0.1927711	0.1666667	0.1842105	0.2098765	0.2727273	0.2537313	0.2596154	0.2380952	0.2857143	0.2542373	0.2177419	0.314433	0.3059701	0.2142857	0.261194	0.2124352	0.2542373	0.2686567	0.1836735	0.2135922	0.2580645	0.3071429	0.2962963	0.3010753	0.2215909	0.1911765	0.144186	0.2342007	0.2589928	0.25	0.3105263	0.3136095	0.3032787	0.2758621	0.3534483	0.3219178	0.3195876	0.3521127	0.2419355	0.25	0.3529412	0.3636364	0.2711864	0.2947368	
bergeronette sp.	0.0	0.0	0.0	0.0	0.0	0.0	0.0	0.0	0.0	0.0	0.0	0.0	0.0	0.0	0.0	0.0	0.0	0.0	0.0	0.0	0.0	0.0074627	0.0015	0.0	0.0	0.0071429	0.005291	0.0	0.0	0.0	0.0	0.0037175	0.0	0.0	0.0	0.0	0.0	0.0	0.0	0.0	0.0	0.0	0.0	0.0	0.0	0.0	0.0	0.0	
Pipit de Richard	0.0	0.0	0.0	0.0	0.0	0.0	0.0	0.0	0.0	0.0	0.0	0.0	0.0	0.0	0.0015	0.0	0.0	0.0	0.0	0.0	0.0	0.0	0.0	0.0	0.0	0.0	0.0	0.0	0.0	0.0	0.0	0.0	0.0	0.0	0.0	0.0	0.0	0.0114943	0.0086207	0.0015	0.0	0.0	0.0	0.0	0.0	0.0	0.0	0.0	
Pipit de Godlewski	0.0	0.0	0.0	0.0	0.0	0.0	0.0	0.0	0.0	0.0	0.0	0.0	0.0	0.0	0.0	0.0	0.0	0.0	0.0	0.0	0.0	0.0	0.0	0.0	0.0	0.0	0.0	0.0	0.0	0.0	0.0	0.0	0.0	0.0	0.0	0.0	0.0	0.0	0.0	0.0	0.0015	0.0	0.0	0.0	0.0	0.0	0.0	0.0	
Pipit rousseline	0.0	0.0	0.0	0.0	0.0	0.0	0.0	0.0	0.0	0.0	0.0	0.0	0.0	0.0	0.0	0.0	0.0	0.0	0.0	0.0	0.0	0.0	0.0	0.0	0.0	0.0	0.0	0.0	0.0	0.0	0.0	0.0	0.0071942	0.0113636	0.0	0.0	0.0	0.0	0.0	0.0	0.0	0.0	0.0	0.0	0.0	0.0	0.0	0.0	
Pipit farlouse	0.2769231	0.258427	0.3703704	0.2826087	0.2409639	0.2083333	0.1052632	0.2345679	0.2121212	0.1343284	0.1057692	0.0761905	0.1142857	0.0677966	0.0483871	0.0412371	0.0746269	0.0714286	0.0597015	0.0725389	0.0508475	0.0746269	0.0204082	0.038835	0.0752688	0.0857143	0.047619	0.0430108	0.0795455	0.0661765	0.0186047	0.0780669	0.057554	0.0965909	0.2157895	0.2662722	0.3196721	0.3563218	0.5	0.4417808	0.3608247	0.4225352	0.3225806	0.3472222	0.3970588	0.5272727	0.3898305	0.2	
Pipit des arbres	0.0	0.0	0.0	0.0	0.0	0.0	0.0	0.0	0.0	0.0	0.0	0.0	0.0285714	0.0084746	0.0322581	0.0257732	0.0298507	0.0446429	0.0447761	0.015544	0.0677966	0.0447761	0.0306122	0.0582524	0.0215054	0.0071429	0.0	0.0071685	0.0056818	0.0147059	0.0093023	0.0297398	0.0215827	0.0227273	0.0210526	0.0118343	0.0081967	0.0344828	0.0086207	0.0034247	0.0	0.0	0.0	0.0	0.0	0.0	0.0	0.0	
Pipit à dos olive	0.0	0.0	0.0	0.0	0.0	0.0	0.0	0.0	0.0	0.0	0.0	0.0	0.0	0.0	0.0	0.0	0.0	0.0	0.0	0.0	0.0	0.0	0.0	0.0	0.0	0.0	0.0	0.0	0.0	0.0	0.0	0.0	0.0	0.0	0.0	0.0	0.0	0.0	0.0015	0.0015	0.0	0.0	0.0	0.0	0.0	0.0	0.0	0.0	
Pipit des arbres ou P. à dos olive	0.0	0.0	0.0	0.0	0.0	0.0	0.0	0.0	0.0	0.0	0.0	0.0	0.0	0.0	0.0	0.0	0.0	0.0	0.0	0.0	0.0	0.0	0.0	0.0	0.0	0.0	0.0	0.0	0.0	0.0	0.0	0.0	0.0	0.0	0.0	0.0	0.0	0.0	0.0	0.0015	0.0	0.0	0.0	0.0	0.0	0.0	0.0	0.0	
Pipit à gorge rousse	0.0	0.0	0.0	0.0	0.0	0.0	0.0	0.0	0.0	0.0	0.0	0.0	0.0	0.0	0.0	0.0	0.0	0.0	0.0	0.0	0.0	0.0	0.0	0.0	0.0	0.0	0.0	0.0	0.0	0.0	0.0	0.0	0.0	0.0	0.0	0.0	0.0	0.0	0.0086207	0.0	0.0	0.0	0.0	0.0	0.0	0.0	0.0	0.0	
Pipit spioncelle	0.0076923	0.0224719	0.0555556	0.0108696	0.0120482	0.0015	0.0	0.0	0.0	0.0	0.0096154	0.0285714	0.0	0.0084746	0.0	0.0	0.0	0.0	0.0	0.0	0.0	0.0	0.0	0.0	0.0	0.0	0.0	0.0	0.0	0.0	0.0	0.0	0.0	0.0	0.0	0.0	0.0081967	0.0114943	0.0	0.0034247	0.0309278	0.0140845	0.016129	0.0138889	0.0441176	0.0181818	0.0	0.0105263	
Pipit maritime	0.1307692	0.0786517	0.0555556	0.0652174	0.0120482	0.0416667	0.0789474	0.0740741	0.030303	0.0447761	0.0384615	0.0190476	0.047619	0.0508475	0.0322581	0.0824742	0.0820896	0.0625	0.0522388	0.0621762	0.059322	0.0522388	0.0306122	0.038835	0.0537634	0.0428571	0.0634921	0.0501792	0.0340909	0.0735294	0.0232558	0.063197	0.0935252	0.0511364	0.1526316	0.1360947	0.1557377	0.1149425	0.1896552	0.1061644	0.1237113	0.1830986	0.016129	0.0416667	0.0735294	0.0727273	0.0169492	0.1368421	
Anthus sp.	0.0	0.0	0.0	0.0	0.0	0.0	0.0	0.0	0.0	0.0	0.0	0.0	0.0	0.0	0.0	0.0	0.0	0.0015	0.0	0.0	0.0084746	0.0015	0.0	0.0	0.0	0.0	0.0	0.0	0.0	0.0	0.0	0.0	0.0	0.0	0.0	0.0	0.0	0.0	0.0	0.0034247	0.0103093	0.0	0.0	0.0	0.0	0.0	0.0	0.0	
Pinson des arbres	0.4846154	0.4831461	0.3703704	0.5217391	0.4819277	0.3333333	0.6578947	0.5925926	0.6969697	0.6865672	0.6153846	0.5809524	0.5904762	0.5169492	0.6048387	0.6134021	0.619403	0.4910714	0.5597015	0.5440415	0.6525424	0.6865672	0.6734694	0.5825243	0.6236559	0.3785714	0.4338624	0.311828	0.1988636	0.2205882	0.1813953	0.2342007	0.1870504	0.2215909	0.2684211	0.295858	0.3114754	0.3563218	0.4137931	0.4726027	0.4948454	0.4788732	0.5806452	0.5416667	0.6029412	0.5818182	0.6949153	0.4736842	
Pinson du Nord	0.0076923	0.0337079	0.0185185	0.0543478	0.0240964	0.0277778	0.0131579	0.0015	0.0015	0.0149254	0.0	0.0	0.0	0.0	0.0	0.0	0.0	0.0	0.0	0.0	0.0	0.0	0.0	0.0	0.0	0.0	0.0	0.0	0.0	0.0	0.0	0.0	0.0	0.0	0.0015	0.0	0.0	0.0114943	0.0015	0.0513699	0.0515464	0.056338	0.016129	0.0416667	0.0588235	0.0909091	0.0169492	0.0	
Grosbec casse-noyaux	0.0153846	0.0224719	0.0	0.0	0.0481928	0.0015	0.0263158	0.0123457	0.0454545	0.0298507	0.0288462	0.0095238	0.0190476	0.0084746	0.0	0.0051546	0.0	0.0015	0.0074627	0.0015	0.0084746	0.0015	0.0	0.0	0.0322581	0.0015	0.021164	0.0107527	0.0015	0.0147059	0.0015	0.0074349	0.0015	0.0015	0.0052632	0.0236686	0.0163934	0.0229885	0.0258621	0.0376712	0.0618557	0.0422535	0.016129	0.0416667	0.0441176	0.0	0.0169492	0.0	
Roselin cramoisi	0.0	0.0	0.0	0.0	0.0	0.0	0.0	0.0	0.0	0.0	0.0	0.0	0.0	0.0	0.0	0.0	0.0	0.0	0.0	0.0	0.0	0.0	0.0	0.0	0.0	0.0	0.0	0.0	0.0	0.0	0.0	0.0	0.0	0.0	0.0	0.0	0.0015	0.0	0.0	0.0	0.0	0.0	0.0	0.0	0.0	0.0	0.0	0.0	
Bouvreuil pivoine	0.0307692	0.0561798	0.0185185	0.0217391	0.0015	0.0277778	0.0263158	0.0015	0.0151515	0.0	0.0096154	0.0571429	0.0761905	0.0169492	0.0645161	0.0154639	0.0074627	0.0089286	0.0074627	0.0362694	0.0254237	0.0597015	0.0204082	0.038835	0.0752688	0.0428571	0.037037	0.0537634	0.0113636	0.0220588	0.0232558	0.0111524	0.028777	0.0015	0.0157895	0.0059172	0.0081967	0.0344828	0.0603448	0.0376712	0.0103093	0.056338	0.016129	0.0555556	0.0882353	0.0545455	0.0847458	0.0526316	
Verdier d'Europe	0.1153846	0.1123596	0.037037	0.1086957	0.1084337	0.1388889	0.1447368	0.1481481	0.3030303	0.2089552	0.2788462	0.2095238	0.247619	0.220339	0.1935484	0.242268	0.2089552	0.1428571	0.1791045	0.1295337	0.1779661	0.2910448	0.255102	0.2815534	0.2795699	0.2214286	0.2328042	0.2365591	0.1079545	0.0661765	0.0325581	0.0297398	0.0431655	0.0625	0.0842105	0.0769231	0.0901639	0.1494253	0.2068966	0.1506849	0.1134021	0.2112676	0.1290323	0.0694444	0.1176471	0.2	0.1864407	0.0736842	
Linotte mélodieuse	0.0846154	0.0561798	0.037037	0.0217391	0.0722892	0.0015	0.0394737	0.0493827	0.0909091	0.0447761	0.1826923	0.1714286	0.352381	0.3050847	0.3225806	0.4072165	0.4104478	0.2857143	0.3358209	0.253886	0.2881356	0.3656716	0.2346939	0.2912621	0.2903226	0.3	0.2645503	0.2831541	0.1761364	0.1911765	0.1302326	0.1598513	0.1438849	0.1647727	0.2368421	0.2485207	0.1967213	0.1724138	0.1551724	0.140411	0.1134021	0.0422535	0.0322581	0.0277778	0.0441176	0.0727273	0.0847458	0.0947368	
Sizerin flammé	0.0	0.011236	0.0	0.0	0.0	0.0	0.0	0.0	0.0	0.0	0.0	0.0	0.0	0.0	0.0	0.0	0.0	0.0	0.0	0.0	0.0	0.0	0.0	0.0	0.0	0.0	0.0	0.0	0.0	0.0	0.0	0.0	0.0	0.0	0.0	0.0	0.0	0.0	0.0172414	0.0015	0.0	0.0	0.0	0.0	0.0147059	0.0	0.0015	0.0	
Bec-croisé des sapins	0.0	0.0	0.0	0.0	0.0	0.0	0.0	0.0123457	0.0	0.0	0.0	0.0	0.0	0.0	0.0	0.0	0.0	0.0	0.0	0.0	0.0	0.0	0.0	0.0	0.0	0.0	0.0	0.0035842	0.0113636	0.0015	0.0046512	0.0	0.0	0.0056818	0.0052632	0.0	0.0015	0.0	0.0172414	0.010274	0.0	0.0	0.0	0.0	0.0	0.0	0.0	0.0	
Chardonneret élégant	0.1384615	0.1348315	0.0925926	0.1304348	0.0963855	0.0972222	0.0394737	0.0864198	0.1212121	0.119403	0.1057692	0.1428571	0.2666667	0.3389831	0.3064516	0.3556701	0.358209	0.3303571	0.2985075	0.2746114	0.3305085	0.380597	0.1734694	0.2135922	0.344086	0.35	0.3915344	0.3225806	0.2613636	0.1764706	0.1581395	0.1784387	0.1079137	0.1193182	0.1473684	0.1715976	0.204918	0.1954023	0.2068966	0.1986301	0.185567	0.2394366	0.2258065	0.3055556	0.3088235	0.2181818	0.2542373	0.1473684	
Serin cini	0.0307692	0.011236	0.0555556	0.0	0.0120482	0.0138889	0.0657895	0.0617284	0.0606061	0.0447761	0.1442308	0.1809524	0.2666667	0.3389831	0.25	0.3402062	0.3656716	0.1964286	0.2238806	0.1917098	0.2627119	0.2238806	0.2142857	0.1747573	0.1290323	0.2357143	0.1851852	0.125448	0.0568182	0.0367647	0.0186047	0.0223048	0.0071942	0.0170455	0.0421053	0.0591716	0.0245902	0.0574713	0.0603448	0.0479452	0.0412371	0.0140845	0.0322581	0.0277778	0.0294118	0.0545455	0.0169492	0.0210526	
Tarin des aulnes	0.0769231	0.0898876	0.0740741	0.0869565	0.060241	0.0277778	0.0263158	0.0015	0.0606061	0.0746269	0.0096154	0.0	0.0	0.0	0.0	0.0	0.0	0.0089286	0.0	0.0	0.0	0.0	0.0	0.0015	0.0015	0.0	0.0	0.0	0.0	0.0	0.0	0.0037175	0.0071942	0.0	0.0052632	0.0059172	0.0163934	0.0574713	0.112069	0.1952055	0.1237113	0.1690141	0.1129032	0.125	0.1470588	0.2	0.1694915	0.0736842	
Bruant lapon	0.0	0.0	0.0	0.0	0.0	0.0	0.0	0.0	0.0	0.0	0.0	0.0	0.0	0.0	0.0	0.0	0.0	0.0	0.0	0.0	0.0	0.0	0.0	0.0	0.0	0.0	0.0	0.0	0.0	0.0	0.0	0.0	0.0	0.0	0.0015	0.0	0.0	0.0	0.0172414	0.0	0.0	0.0	0.0	0.0	0.0	0.0	0.0	0.0	
Bruant des neiges	0.0	0.0	0.0	0.0	0.0	0.0	0.0	0.0	0.0	0.0	0.0	0.0	0.0015	0.0	0.0	0.0	0.0	0.0	0.0	0.0	0.0	0.0	0.0	0.0	0.0	0.0	0.0	0.0	0.0	0.0	0.0	0.0	0.0	0.0	0.0	0.0	0.0	0.0	0.0015	0.0068493	0.0015	0.0	0.0	0.0	0.0	0.0	0.0	0.0	
Bruant proyer	0.0	0.0	0.0	0.0	0.0	0.0	0.0	0.0	0.0	0.0	0.0015	0.0	0.0	0.0	0.0	0.0	0.0	0.0089286	0.0015	0.0	0.0	0.0	0.0015	0.0097087	0.0	0.0071429	0.0	0.0	0.0	0.0	0.0	0.0037175	0.0	0.0	0.0	0.0	0.0	0.0	0.0	0.0015	0.0	0.0	0.0	0.0	0.0	0.0	0.0	0.0	
Bruant zizi	0.0384615	0.0561798	0.0740741	0.0543478	0.1084337	0.0416667	0.1447368	0.0740741	0.1363636	0.0895522	0.1153846	0.1047619	0.152381	0.1779661	0.1693548	0.2061856	0.238806	0.0982143	0.1044776	0.0932642	0.1779661	0.1492537	0.1734694	0.1262136	0.1935484	0.1785714	0.2433862	0.1935484	0.1079545	0.1102941	0.055814	0.0408922	0.057554	0.0625	0.0473684	0.0177515	0.0819672	0.0344828	0.0689655	0.1438356	0.1134021	0.1830986	0.0645161	0.0277778	0.0735294	0.0363636	0.1186441	0.0631579	
Bruant jaune	0.0384615	0.011236	0.0	0.0108696	0.0481928	0.0416667	0.0263158	0.0015	0.030303	0.0149254	0.0192308	0.0095238	0.0095238	0.0169492	0.0322581	0.0103093	0.0149254	0.0178571	0.0223881	0.0207254	0.0508475	0.0149254	0.0102041	0.038835	0.0860215	0.0214286	0.047619	0.0179211	0.0113636	0.0073529	0.0	0.0074349	0.0	0.0056818	0.0157895	0.0118343	0.0081967	0.0015	0.0086207	0.0068493	0.0515464	0.028169	0.0483871	0.0416667	0.0147059	0.0363636	0.0677966	0.0105263	
Bruant ortolan	0.0	0.0	0.0	0.0	0.0	0.0	0.0	0.0	0.0	0.0	0.0	0.0	0.0	0.0	0.0	0.0	0.0	0.0	0.0	0.0	0.0	0.0	0.0	0.0	0.0	0.0	0.0	0.0	0.0	0.0	0.0	0.0074349	0.0071942	0.0	0.0015	0.0	0.0	0.0	0.0	0.0	0.0	0.0	0.0	0.0	0.0	0.0	0.0	0.0	
Bruant des roseaux	0.0153846	0.0449438	0.0925926	0.0652174	0.0843373	0.0277778	0.0526316	0.037037	0.0151515	0.0149254	0.0	0.0571429	0.0190476	0.0508475	0.0080645	0.0412371	0.0223881	0.0089286	0.0373134	0.0103627	0.0084746	0.0074627	0.0	0.0097087	0.0215054	0.0	0.010582	0.0035842	0.0	0.0015	0.0	0.0148699	0.0	0.0056818	0.0015	0.0059172	0.0081967	0.091954	0.0689655	0.0547945	0.0721649	0.084507	0.0322581	0.0277778	0.0735294	0.0727273	0.0338983	0.0631579	
Bruant nain	0.0	0.0	0.0	0.0	0.0	0.0	0.0131579	0.0	0.0	0.0149254	0.0	0.0	0.0	0.0	0.0	0.0	0.0	0.0	0.0	0.0	0.0	0.0	0.0	0.0	0.0	0.0	0.0	0.0	0.0	0.0	0.0	0.0	0.0	0.0	0.0	0.0	0.0015	0.0	0.0015	0.0	0.0	0.0	0.0	0.0	0.0	0.0	0.0	0.0	
Bruant rustique	0.0	0.0	0.0	0.0108696	0.0120482	0.0	0.0	0.0	0.0	0.0	0.0	0.0	0.0	0.0	0.0	0.0	0.0	0.0	0.0	0.0	0.0	0.0	0.0	0.0	0.0	0.0	0.0	0.0	0.0	0.0	0.0	0.0	0.0	0.0	0.0	0.0	0.0	0.0	0.0	0.0	0.0	0.0	0.0	0.0	0.0	0.0	0.0	0.0	
Emberiza sp.	0.0	0.0	0.0	0.0	0.0	0.0	0.0131579	0.0	0.0	0.0	0.0	0.0	0.0	0.0	0.0	0.0	0.0	0.0	0.0	0.0	0.0	0.0	0.0	0.0	0.0	0.0	0.0	0.0	0.0	0.0	0.0	0.0037175	0.0071942	0.0	0.0	0.0	0.0	0.0	0.0	0.0	0.0	0.0	0.0	0.0	0.0	0.0	0.0	0.0	
Cardinal à poitrine rose	0.0	0.0	0.0	0.0	0.0	0.0	0.0	0.0	0.0	0.0	0.0	0.0	0.0	0.0	0.0	0.0	0.0	0.0	0.0	0.0	0.0	0.0	0.0	0.0	0.0	0.0	0.0	0.0	0.0	0.0	0.0	0.0	0.0	0.0	0.0	0.0	0.0	0.0	0.0	0.0034247	0.0	0.0	0.0	0.0	0.0	0.0	0.0	0.0	
passereau sp.	0.0	0.0	0.0	0.0	0.0	0.0	0.0	0.0	0.0	0.0	0.0	0.0	0.0	0.0	0.0	0.0	0.0	0.0089286	0.0	0.0051813	0.0	0.0149254	0.0	0.0	0.0	0.0	0.010582	0.0	0.0	0.0	0.0	0.0	0.0	0.0	0.0	0.0	0.0	0.0	0.0	0.0	0.0103093	0.0	0.0	0.0	0.0147059	0.0	0.0	0.0210526	
oiseau sp.	0.0	0.0	0.0	0.0	0.0	0.0	0.0	0.0	0.0	0.0	0.0	0.0	0.0	0.0	0.0	0.0	0.0	0.0	0.0	0.0	0.0	0.0	0.0	0.0	0.0	0.0	0.0	0.0	0.0	0.0147059	0.0	0.0	0.0	0.0	0.0052632	0.0	0.0	0.0	0.0	0.0	0.0	0.0	0.0	0.0	0.0	0.0	0.0	0.0	

