









Frequency of observations in the selected location(s).:
Number of taxa: 	581

	Jan				Feb				Mar				Apr				May				Jun				Jul				Aug				Sep				Oct				Nov				Dec				
Sample Size:	752.0	550.0	429.0	680.0	456.0	578.0	742.0	653.0	559.0	554.0	710.0	868.0	904.0	926.0	1063.0	1211.0	890.0	1271.0	799.0	1248.0	769.0	658.0	685.0	787.0	747.0	896.0	1070.0	1551.0	810.0	852.0	996.0	1117.0	826.0	753.0	568.0	689.0	519.0	642.0	556.0	730.0	517.0	466.0	297.0	470.0	393.0	359.0	374.0	1005.0	

Dendrocygne veuf	0.0	0.0	0.0	0.0	0.0	0.0	0.0	0.0	0.0	0.0	0.0	0.0	0.0	0.0	0.0	0.0	0.0	0.0	0.0	0.0	0.0	0.0015	0.0	0.0	0.0	0.0	0.0	0.0	0.0	0.0	0.0	0.0	0.0	0.0	0.0	0.0	0.0	0.0	0.0	0.0	0.0	0.0	0.0	0.0	0.0	0.0	0.0	0.0	
Dendrocygne fauve	0.0	0.0	0.0	0.0	0.0	0.0	0.0	0.0	0.0	0.0	0.0	0.0	0.0	0.0	0.0	8.258E-4	0.0	0.0	0.0	0.0	0.0	0.0	0.0	0.0	0.0	0.0	0.0	0.0	0.0	0.0	0.0	0.0	0.0	0.0	0.0	0.0	0.0	0.0	0.0	0.0	0.0	0.0	0.0	0.0	0.0	0.0	0.0	0.0	
Oie à tête barrée	0.0	0.0	0.0	0.0	0.0	0.0	0.0	0.0	0.0	0.0	0.0	0.0	0.0	0.0	0.0	0.0	0.0	0.0	0.0	0.0	0.0	0.0015	0.0	0.0	0.0	0.0	0.0	0.0	0.0	0.0	0.0	0.0	0.0	0.0	0.0	0.0	0.0	0.0	0.0	0.0	0.0	0.0	0.0	0.0	0.0	0.0	0.0	0.0	
Oie cendrée	0.0452128	0.0618182	0.0582751	0.0602941	0.0679825	0.0553633	0.0390836	0.0459418	0.0322004	0.0415162	0.0366197	0.0288018	0.039823	0.0280778	0.0301035	0.0355078	0.0303371	0.0291109	0.0262829	0.0272436	0.0221066	0.0182371	0.0189781	0.025413	0.0200803	0.0122768	0.011215	0.0154739	0.0098765	0.0093897	0.0170683	0.0232766	0.0133172	0.0239044	0.0228873	0.0275762	0.0211946	0.0186916	0.0251799	0.0328767	0.0522244	0.055794	0.0606061	0.0744681	0.0941476	0.0696379	0.0775401	0.0557214	
Oie cygnoïde	0.0015	0.0	0.002331	0.0029412	0.0015	0.0	0.0013477	0.0	0.0	0.0	0.0	0.0	0.0	0.0	0.0	0.0	0.0	0.0	0.0	0.0	0.0	0.0015	0.0014599	0.0	0.0015	0.0011161	0.0015	6.447E-4	0.0015	0.0015	0.0	8.953E-4	0.0012107	0.0015	0.0015	0.0014514	0.0015	0.0	0.0	0.0	0.0015	0.0	0.0015	0.0015	0.0015	0.0	0.0	9.95E-4	
Oie rieuse	0.0	0.0018182	0.006993	0.0029412	0.0	0.0017301	0.0	0.0	0.0	0.0	0.0	0.0	0.0	0.0	0.0	0.0	0.0	0.0	0.0012516	8.013E-4	0.0013004	0.0	0.0	0.0	0.0	0.0	0.0	0.0	0.0	0.0	0.0	0.0	0.0	0.0	0.0	0.0	0.0	0.0	0.0	0.0013699	0.0015	0.0021459	0.0	0.0015	0.0025445	0.0015	0.0	9.95E-4	
Oie de taïga	0.0	0.0	0.0	0.0014706	0.0	0.0	0.0	0.0	0.0	0.0	0.0	0.0	0.0	0.0	0.0	0.0	0.0	0.0	0.0	0.0	0.0	0.0	0.0	0.0	0.0	0.0	0.0	0.0	0.0	0.0	0.0	0.0	0.0	0.0	0.0	0.0	0.0	0.0	0.0	0.0	0.0	0.0	0.0	0.0	0.0	0.0	0.0	0.0	
Oie de toundra	0.0	0.0	0.0	0.0044118	0.0	0.0017301	0.0	0.0	0.0	0.0	0.0	0.0	0.0	0.0	0.0	0.0	0.0	0.0	0.0	0.0	0.0	0.0	0.0	0.0	0.0	0.0	0.0	0.0	0.0	0.0	0.0	0.0	0.0	0.0	0.0	0.0	0.0	0.0	0.0	0.0	0.0	0.0	0.0	0.0	0.0	0.0	0.0	0.0	
Oie à bec court	0.0	0.0	0.0	0.0	0.0	0.0	0.0	0.0	0.0	0.0	0.0	0.0	0.0	0.0	0.0	0.0	0.0	0.0	0.0	0.0	0.0	0.0	0.0	0.0	0.0	0.0	0.0	0.0	0.0	0.0	0.0	0.0	0.0	0.0	0.0	0.0	0.0	0.0	0.0	0.0	0.0	0.0	0.0015	0.0	0.0	0.0	0.0	0.0	
Anser sp. (forme domestique)	0.0	0.0	0.0	0.0	0.0	0.0	0.0013477	0.0	0.0	0.0	0.0	0.0	0.0	0.0	0.0	0.0	0.0	0.0	0.0	0.0	0.0	0.0	0.0	0.0	0.0	0.0	0.0	0.0	0.0	0.0	0.0	0.0	0.0	0.0	0.0	0.0	0.0	0.0	0.0	0.0	0.0	0.0	0.0	0.0	0.0	0.0	0.0	0.0	
Bernache cravant	0.1595745	0.1545455	0.1375291	0.1382353	0.0942982	0.200692	0.2291105	0.1883614	0.09839	0.0812274	0.0676056	0.0345622	0.0254425	0.0161987	0.0084666	8.258E-4	0.0022472	0.0039339	0.0015	0.0040064	0.0052016	0.0	0.0014599	0.0025413	0.0	0.0011161	9.346E-4	0.0012895	0.0015	0.0	0.0	8.953E-4	0.003632	0.0	0.0035211	0.0130624	0.0211946	0.0560748	0.0467626	0.090411	0.1218569	0.083691	0.1245791	0.1489362	0.1552163	0.1559889	0.1631016	0.1761194	
Bernache nonnette	0.0013298	0.0018182	0.0015	0.0058824	0.0087719	0.0017301	0.0013477	0.0	0.0	0.0	0.0	0.0	0.0	0.0	0.0	0.0	0.0011236	0.0	0.0015	0.0	0.0015	0.0	0.0014599	0.0	0.0	0.0	0.0	0.0	0.0	0.0	0.0	0.0	0.0	0.0	0.0015	0.0	0.0015	0.0015576	0.0015	0.0027397	0.0015	0.0015	0.003367	0.0021277	0.0025445	0.0083565	0.0053476	0.0029851	
Bernache du Canada	0.0039894	0.0109091	0.016317	0.0029412	0.004386	0.0034602	0.0107817	0.007657	0.0017889	0.0108303	0.0056338	0.0046083	0.005531	0.0043197	0.0112888	0.0107349	0.0123596	0.0062943	0.008761	0.0088141	0.0052016	0.006079	0.0116788	0.0101652	0.0040161	0.0033482	0.0046729	0.0045132	0.0037037	0.0035211	0.001004	0.0044763	0.003632	0.0066401	0.0105634	0.0072569	0.0057803	0.0109034	0.0035971	0.0041096	0.0019342	0.0042918	0.003367	0.0021277	0.0076336	0.005571	0.0026738	0.0015	
Hybride Oie cendrée x Bernache du Canada	0.0	0.0054545	0.004662	0.0	0.0	0.0	0.0	0.0	0.0	0.0	0.0	0.0	0.0	0.0	0.0	0.0	0.0	0.0015736	0.0	0.0016026	0.0	0.0	0.0	0.0	0.0	0.0	0.0	0.0012895	0.0015	0.0	0.0	0.0	0.0	0.0	0.0	0.0	0.0	0.0	0.0	0.0	0.0	0.0	0.0	0.0015	0.0015	0.0	0.0026738	0.0	
Bernache à cou roux	0.0039894	0.0036364	0.0015	0.0015	0.0	0.0017301	0.0	0.0015314	0.0	0.0	0.0	0.0	0.0	0.0	0.0	0.0	0.0	0.0	0.0	0.0	0.0	0.0	0.0	0.0	0.0	0.0	0.0	0.0	0.0	0.0	0.0	0.0	0.0	0.0	0.0	0.0	0.0	0.0	0.0	0.0	0.0	0.0	0.0	0.0042553	0.0025445	0.0	0.0026738	0.0029851	
Cygne tuberculé	0.1303191	0.1381818	0.1561772	0.1235294	0.1447368	0.150519	0.1576819	0.1393568	0.1252236	0.1787004	0.1760563	0.1682028	0.159292	0.1652268	0.1373471	0.1668043	0.1359551	0.1188041	0.1013767	0.1113782	0.1417425	0.0927052	0.1080292	0.1092757	0.1204819	0.109375	0.0981308	0.0915538	0.1209877	0.1267606	0.123494	0.1450313	0.12954	0.1527224	0.1760563	0.1277213	0.0982659	0.1043614	0.1007194	0.1260274	0.1295938	0.1309013	0.1245791	0.1617021	0.178117	0.1949861	0.1657754	0.1273632	
Cygne noir	0.0013298	0.0	0.009324	0.0014706	0.0	0.0051903	0.0013477	0.0015	0.0017889	0.0	0.0014085	0.0	0.0011062	0.0010799	0.0015	8.258E-4	0.0011236	7.868E-4	0.0	0.0015	0.0015	0.0015	0.0	0.0015	0.0013387	0.0015	9.346E-4	0.0015	0.0015	0.0011737	0.003012	0.0044763	0.003632	0.002656	0.0	0.0072569	0.0057803	0.0046729	0.0	0.0013699	0.0	0.0021459	0.0	0.0	0.0	0.0	0.0026738	0.0039801	
Cygne de Bewick	0.0	0.0	0.0	0.0	0.0	0.0	0.0	0.0	0.0	0.0	0.0	0.0011521	0.0	0.0	0.0	0.0	0.0	0.0	0.0	0.0	0.0	0.0	0.0	0.0	0.0	0.0	0.0	0.0	0.0	0.0	0.0	0.0	0.0	0.0	0.0	0.0	0.0	0.0	0.0	0.0	0.0	0.0	0.0	0.0	0.0	0.0	0.0	0.0	
Cygne chanteur	0.0	0.0	0.0	0.0	0.002193	0.0	0.0015	0.0	0.0	0.0	0.0	0.0	0.0	0.0	0.0	0.0	0.0	0.0	0.0	0.0	0.0	0.0	0.0	0.0	0.0	0.0	0.0	0.0	0.0	0.0	0.0	0.0	0.0	0.0	0.0	0.0	0.0	0.0	0.0	0.0015	0.0	0.0	0.0	0.0	0.0076336	0.0083565	0.0080214	0.0	
cygne sp.	0.0	0.0018182	0.0	0.0	0.0	0.0	0.0	0.0	0.0	0.0018051	0.0015	0.0015	0.0	0.0	9.407E-4	0.0	0.0	7.868E-4	0.0012516	0.0	0.0	0.0	0.0	0.0	0.0	0.0	0.0	6.447E-4	0.0	0.0	0.0	0.0	0.0	0.0	0.0035211	0.0	0.0	0.0015576	0.0	0.0	0.0	0.0	0.0	0.0	0.0	0.0	0.0	0.0	
anatidé sp. (oie sp.)	0.0	0.0	0.0	0.0014706	0.002193	0.0015	0.0	0.0	0.0	0.0	0.0	0.0	0.0	0.0	9.407E-4	0.0	0.0022472	0.0	0.0	0.0	0.0	0.0	0.0	0.0	0.0	0.0	0.0	0.0	0.0	0.0023474	0.0	0.0	0.0012107	0.0	0.0	0.0	0.0	0.0	0.0	0.0015	0.0019342	0.0015	0.0	0.0	0.0	0.0	0.0	9.95E-4	
Ouette d'Égypte	0.0	0.0036364	0.0	0.0014706	0.002193	0.0034602	0.0013477	0.0015	0.0053667	0.0015	0.0	0.0023041	0.0022124	0.0010799	9.407E-4	0.0041288	0.0044944	0.0015736	0.0012516	8.013E-4	0.0052016	0.0045593	0.0014599	0.0	0.0015	0.0033482	9.346E-4	0.0	0.0012346	0.0015	0.0	8.953E-4	0.0012107	0.002656	0.0035211	0.0015	0.0015	0.0015	0.0	0.0015	0.0	0.0	0.003367	0.0021277	0.0025445	0.0	0.0	0.00199	
Tadorne casarca	0.0053191	0.0054545	0.002331	0.0029412	0.002193	0.0034602	0.0040431	0.0015314	0.0015	0.0018051	0.0	0.0011521	0.0	0.0	0.0	0.0015	0.0	0.0	0.0015	8.013E-4	0.0013004	0.0	0.0	0.0	0.0	0.0015	0.0015	0.0015	0.0015	0.0023474	0.001004	8.953E-4	0.0	0.0	0.0015	0.0015	0.0	0.0015	0.0	0.0	0.0	0.0	0.0	0.0	0.0	0.0	0.0053476	0.00199	
Hybride Ouette d'Égypte x Tadorne casarca	0.0	0.0018182	0.0	0.0	0.0	0.0	0.0	0.0	0.0	0.0	0.0	0.0	0.0	0.0	0.0	0.0	0.0	0.0	0.0	0.0	0.0	0.0	0.0	0.0	0.0	0.0	0.0	0.0	0.0	0.0	0.0	0.0	0.0	0.0	0.0	0.0	0.0	0.0	0.0	0.0	0.0	0.0	0.0	0.0	0.0	0.0	0.0	0.0	
Tadorne à tête grise	0.0	0.0	0.0	0.0	0.0	0.0015	0.0	0.0	0.0	0.0	0.0	0.0	0.0	0.0	0.0	0.0	0.0	0.0	0.0	0.0	0.0	0.0	0.0	0.0	0.0	0.0	0.0	0.0	0.0	0.0	0.0	0.0	0.0	0.0	0.0	0.0	0.0	0.0	0.0	0.0	0.0	0.0	0.0	0.0	0.0	0.0	0.0	0.0	
Tadorne de Belon	0.1462766	0.1472727	0.1724942	0.1397059	0.1315789	0.1885813	0.2264151	0.1776417	0.1735242	0.1841155	0.2	0.1831797	0.1946903	0.1987041	0.1759172	0.192403	0.158427	0.1384736	0.0938673	0.099359	0.1404421	0.0881459	0.0992701	0.0876747	0.107095	0.0825893	0.0672897	0.0644745	0.0691358	0.064554	0.0783133	0.0743062	0.0726392	0.0956175	0.0985915	0.0667634	0.0809249	0.0623053	0.0611511	0.0917808	0.1083172	0.1223176	0.1212121	0.1680851	0.1679389	0.1727019	0.1283422	0.1432836	
Hybride Tadorne casarca x T. de Belon	0.0	0.0	0.0	0.0	0.0	0.0	0.0	0.0	0.0	0.0	0.0	0.0	0.0	0.0	0.0	0.0	0.0	0.0	0.0	0.0	0.0	0.0	0.0	0.0	0.0	0.0	0.0	0.0	0.0	0.0	0.0	0.0	0.0	0.0	0.0	0.0	0.0	0.0	0.0	0.0	0.0	0.0	0.0	0.0	0.0	0.0	0.0	9.95E-4	
Canard musqué	0.0066489	0.0036364	0.004662	0.0014706	0.002193	0.0	0.0026954	0.0	0.0035778	0.0	0.0	0.0	0.0011062	0.0032397	0.0	0.0016515	0.0022472	0.0015736	0.0025031	0.0024038	0.0	0.0030395	0.0	0.0012706	0.0013387	0.0	0.0028037	0.0	0.0	0.0011737	0.0	0.003581	0.0012107	0.0	0.0	0.0	0.0	0.0	0.0	0.0015	0.0019342	0.0	0.0	0.0	0.0025445	0.005571	0.0	0.0015	
Canard à collier noir	0.0	0.0	0.0	0.0	0.0	0.0	0.0	0.0	0.0	0.0	0.0	0.0	0.0011062	0.0	0.0	0.0	0.0	0.0	0.0	8.013E-4	0.0	0.0	0.0	0.0	0.0	0.0	0.0	0.0	0.0	0.0	0.0	0.0	0.0	0.0	0.0	0.0	0.0	0.0	0.0035971	0.0	0.0	0.0	0.0	0.0	0.0	0.0	0.0	0.0	
Canard carolin	0.0	0.0	0.002331	0.0	0.0015	0.0	0.0	0.0	0.0017889	0.0015	0.0	0.0	0.0	0.0	0.0	0.0	0.0	0.0015	0.0012516	0.0	0.0	0.0015198	0.0	0.0	0.0	0.0	0.0	0.0	0.0	0.0	0.0	0.0	0.0	0.0	0.0	0.0	0.0	0.0	0.0	0.0015	0.0	0.0015	0.0	0.0	0.0	0.0	0.0	0.0	
Canard mandarin	0.0013298	0.0015	0.002331	0.0029412	0.0	0.0	0.0	0.0015314	0.0017889	0.0	0.0	0.0	0.0015	0.0015	0.0018815	0.0	0.0015	7.868E-4	0.0025031	0.0016026	0.0	0.0	0.0	0.0012706	0.0	0.0	9.346E-4	6.447E-4	0.0	0.0015	0.0	0.0017905	0.0015	0.0	0.0015	0.0	0.0019268	0.0	0.0	0.0013699	0.0019342	0.0021459	0.0	0.0021277	0.0025445	0.0	0.0015	9.95E-4	
Canard amazonette	0.0015	0.0	0.0	0.0	0.0	0.0	0.0	0.0	0.0	0.0	0.0	0.0	0.0	0.0	0.0	0.0	0.0	0.0	0.0	0.0	0.0	0.0	0.0	0.0	0.0	0.0	0.0	0.0	0.0	0.0	0.0	0.0	0.0	0.0	0.0	0.0	0.0	0.0	0.0	0.0	0.0	0.0	0.0	0.0	0.0	0.0	0.0	0.0	
Sarcelle d'été	0.0026596	0.0	0.0	0.0	0.0	0.0	0.0	0.0030628	0.0035778	0.0072202	0.0183099	0.0299539	0.0353982	0.024838	0.0225776	0.0090834	0.011236	0.0086546	0.0037547	0.0024038	0.0039012	0.0045593	0.0015	0.0076239	0.0040161	0.0022321	0.0028037	0.0032237	0.0049383	0.0105634	0.0160643	0.007162	0.0048426	0.0079681	0.0052817	0.0	0.0038536	0.0015576	0.0	0.0	0.0	0.0	0.0	0.0	0.0	0.0	0.0	0.0	
Sarcelle à ailes bleues	0.0	0.0	0.0	0.0	0.0	0.0	0.0	0.0	0.0	0.0	0.0	0.0	0.0	0.0	0.0	0.0	0.0	0.0	0.0	0.0	0.0	0.0	0.0	0.0	0.0	0.0	0.0	0.0	0.0	0.0	0.0	0.0	0.0	0.0	0.0	0.0	0.0	0.0015	0.0	0.0	0.0	0.0	0.0	0.0	0.0	0.0	0.0	0.0	
Canard souchet	0.1156915	0.14	0.1351981	0.1338235	0.1074561	0.1072664	0.106469	0.1087289	0.1288014	0.1425993	0.1380282	0.1394009	0.1349558	0.100432	0.0799624	0.0644096	0.0516854	0.0354052	0.020025	0.0280449	0.0364109	0.0212766	0.020438	0.0228717	0.0147256	0.015625	0.0205607	0.0174081	0.0308642	0.0293427	0.0371486	0.042077	0.0423729	0.0664011	0.1038732	0.08418	0.0693642	0.0700935	0.0503597	0.0684932	0.0793037	0.1072961	0.1245791	0.1234043	0.1577608	0.1532033	0.1256684	0.1104478	
Canard chipeau	0.0691489	0.0745455	0.0629371	0.0558824	0.0416667	0.0449827	0.0363881	0.0336907	0.0322004	0.0523466	0.0492958	0.0449309	0.0486726	0.0356371	0.0470367	0.0445912	0.0438202	0.0354052	0.0375469	0.0216346	0.0325098	0.0182371	0.010219	0.0139771	0.0066934	0.0178571	0.0121495	0.0141844	0.0160494	0.0211268	0.0381526	0.0295434	0.0217918	0.0225764	0.0475352	0.0261248	0.017341	0.017134	0.0125899	0.0232877	0.0309478	0.0429185	0.037037	0.0595745	0.0788804	0.0752089	0.0561497	0.0557214	
Canard siffleur	0.0571809	0.0745455	0.048951	0.0573529	0.0482456	0.0346021	0.0363881	0.0214395	0.0483005	0.0306859	0.0295775	0.0264977	0.0210177	0.0097192	0.0094073	0.0024773	0.0044944	0.0094414	0.0012516	0.0040064	0.0039012	0.0015198	0.0058394	0.0012706	0.0015	0.0011161	9.346E-4	0.0	0.0	0.0035211	0.001004	0.003581	0.0012107	0.002656	0.0088028	0.0101597	0.0077071	0.0124611	0.0125899	0.0246575	0.0270793	0.0407725	0.037037	0.0468085	0.0763359	0.0529248	0.0508021	0.0547264	
Canard à front blanc	0.0	0.0	0.0	0.0	0.0	0.0015	0.0	0.0	0.0	0.0	0.0	0.0	0.0	0.0	0.0	0.0	0.0	0.0	0.0	0.0	0.0	0.0	0.0	0.0	0.0	0.0	0.0	0.0	0.0	0.0	0.0	0.0	0.0	0.0	0.0	0.0	0.0	0.0	0.0	0.0	0.0	0.0	0.0	0.0	0.0	0.0	0.0	0.0	
Hybride Canard siffleur x C. à front blanc	0.0	0.0	0.0	0.0	0.0	0.0	0.0	0.0	0.0	0.0	0.0	0.0	0.0	0.0	0.0	0.0	0.0	0.0	0.0	0.0	0.0	0.0	0.0	0.0	0.0	0.0	0.0	0.0	0.0	0.0	0.0	0.0	0.0	0.0	0.0	0.0	0.0	0.0	0.0	0.0	0.0	0.0021459	0.0	0.0	0.0	0.0	0.0	0.0	
Canard colvert	0.2952128	0.3309091	0.3659674	0.2985294	0.2938596	0.3096886	0.3450135	0.3047473	0.3434705	0.3736462	0.3633803	0.3502304	0.3274336	0.3272138	0.3142051	0.3336086	0.3011236	0.2533438	0.2365457	0.224359	0.2405722	0.1762918	0.1927007	0.180432	0.2115127	0.1629464	0.1831776	0.1818182	0.2135802	0.2183099	0.2369478	0.2435094	0.2288136	0.2974768	0.3257042	0.2612482	0.2312139	0.1978193	0.2032374	0.2452055	0.205029	0.2553648	0.2626263	0.2829787	0.2977099	0.3203343	0.2647059	0.279602	
Hybride Canard chipeau x C. colvert	0.0	0.0	0.0	0.0	0.0	0.0	0.0	0.0	0.0	0.0	0.0	0.0	0.0	0.0	0.0	0.0	0.0	0.0	0.0	0.0	0.0	0.0	0.0	0.0	0.0	0.0	0.0	0.0	0.0	0.0	0.0	0.0	0.0	0.0	0.0	0.0	0.0	0.0	0.0015	0.0	0.0	0.0	0.0	0.0	0.0	0.0	0.0	0.0	
Canard des Bahamas	0.0	0.0	0.0	0.0	0.0	0.0	0.0	0.0	0.0	0.0	0.0	0.0	0.0	0.0	0.0	0.0	0.0	0.0	0.0015	0.0	0.0	0.0	0.0	0.0	0.0	0.0	0.0	0.0	0.0	0.0	0.0	0.0	0.0	0.0	0.0	0.0	0.0	0.0	0.0	0.0	0.0	0.0	0.0	0.0	0.0	0.0	0.0	0.0	
Canard pilet	0.0771277	0.1036364	0.1072261	0.0955882	0.0811404	0.0778547	0.0889488	0.0689127	0.0608229	0.0758123	0.0605634	0.0426267	0.0431416	0.037797	0.0216369	0.0206441	0.011236	0.0102282	0.008761	0.005609	0.0039012	0.0045593	0.0014599	0.0025413	0.0040161	0.0033482	0.0018692	0.002579	0.0012346	0.0046948	0.002008	0.007162	0.0096852	0.0172643	0.0440141	0.04209	0.0404624	0.0389408	0.0323741	0.0479452	0.0541586	0.0515021	0.0707071	0.0829787	0.1195929	0.1002786	0.0802139	0.081592	
Hybride Canard colvert x C. pilet	0.0	0.0	0.0	0.0	0.0	0.0	0.0	0.0	0.0	0.0	0.0	0.0	0.0	0.0	0.0	8.258E-4	0.0011236	7.868E-4	0.0	0.0	0.0	0.0	0.0	0.0	0.0	0.0	0.0	0.0	0.0	0.0	0.0	0.0	0.0	0.0	0.0	0.0	0.0	0.0	0.0	0.0	0.0	0.0	0.0	0.0	0.0	0.0	0.0	0.0	
Sarcelle d'hiver	0.1343085	0.1709091	0.1491841	0.1323529	0.1315789	0.1280277	0.1307278	0.1087289	0.1234347	0.1353791	0.1507042	0.1198157	0.0696903	0.0539957	0.0404516	0.0247729	0.0213483	0.0220299	0.0100125	0.0288462	0.0169051	0.0182371	0.0248175	0.0165184	0.0133869	0.0089286	0.0121495	0.0103159	0.0222222	0.0422535	0.0562249	0.0564011	0.0690073	0.0730412	0.1109155	0.0798258	0.0944123	0.0778816	0.0701439	0.0671233	0.0754352	0.1351931	0.1279461	0.1468085	0.2010178	0.178273	0.1604278	0.1283582	
Hybride Canard colvert x Sarcelle d'hiver	0.0	0.0	0.0	0.0	0.0	0.0	0.0	0.0	0.0	0.0	0.0	0.0	0.0	0.0	0.0	0.0	0.0	0.0	0.0012516	0.0	0.0	0.0	0.0	0.0	0.0	0.0	0.0	0.0	0.0	0.0	0.0	0.0	0.0	0.0	0.0	0.0	0.0	0.0	0.0	0.0	0.0	0.0	0.0	0.0	0.0	0.0	0.0	0.0	
Sarcelle tachetée	0.0	0.0	0.0	0.0	0.0	0.0	0.0	0.0	0.0	0.0	0.0	0.0	0.0	0.0	0.0	0.0	0.0	0.0	0.0	0.0	0.0	0.0	0.0	0.0	0.0	0.0	0.0	0.0	0.0012346	0.0	0.0	0.0	0.0	0.0	0.0	0.0	0.0	0.0	0.0	0.0	0.0	0.0	0.0	0.0	0.0	0.0	0.0	0.0	
Anas sp.	0.0	0.0	0.0	0.0	0.0	0.0	0.0	0.0	0.0	0.0	0.0	0.0	0.0	0.0	0.0	0.0	0.0	0.0	0.0	0.0	0.0	0.0015	0.0	0.0	0.0	0.0	0.0	0.0	0.0	0.0	0.0	0.0	0.0015	0.0	0.0	0.0	0.0	0.0	0.0	0.0	0.0	0.0	0.0	0.0	0.0	0.0	0.0	0.0	
sarcelle sp.	0.0	0.0	0.0	0.0015	0.0	0.0	0.0013477	0.0	0.0	0.0	0.0	0.0	0.0	0.0	0.0	0.0	0.0	0.0	0.0	0.0	0.0	0.0	0.0	0.0	0.0	0.0	0.0	0.0	0.0	0.0	0.0	0.0	0.0	0.0	0.0	0.0	0.0	0.0	0.0	0.0	0.0	0.0	0.0	0.0	0.0	0.0	0.0	0.0	
anatidé sp. (canard barboteur sp.)	0.0013298	0.0	0.0	0.0014706	0.0	0.0015	0.0	0.0015314	0.0	0.0	0.0	0.0	0.0	0.0	0.0	0.0	0.0	0.0	0.0	8.013E-4	0.0013004	0.0	0.0	0.0	0.0013387	0.0011161	0.0	0.0	0.0	0.0011737	0.001004	0.0	0.0012107	0.0015	0.0	0.0	0.0	0.0	0.0017986	0.0	0.0019342	0.0015	0.003367	0.006383	0.0	0.0027855	0.0	9.95E-4	
Nette rousse	0.0026596	0.0036364	0.009324	0.0029412	0.0065789	0.0015	0.0	0.0045942	0.0017889	0.0054152	0.0015	0.0034562	0.0066372	0.0032397	0.0018815	0.0057803	0.0033708	0.0023603	0.0062578	0.005609	0.0039012	0.0015198	0.0029197	0.0015	0.0015	0.0022321	9.346E-4	0.0012895	0.0037037	0.0011737	0.001004	0.003581	0.0024213	0.002656	0.0017606	0.0029028	0.0019268	0.0015576	0.0017986	0.0	0.0	0.0042918	0.0	0.006383	0.0050891	0.0015	0.0	0.0039801	
Fuligule milouin	0.0611702	0.0490909	0.0559441	0.0397059	0.0307018	0.0224913	0.0215633	0.0183767	0.039356	0.0595668	0.0591549	0.0414747	0.050885	0.0291577	0.0272813	0.0322048	0.0314607	0.0141621	0.0250313	0.0216346	0.0338101	0.0136778	0.0408759	0.021601	0.0133869	0.0111607	0.0196262	0.0141844	0.0259259	0.0269953	0.0210843	0.0143241	0.0121065	0.0199203	0.0228873	0.0174165	0.0192678	0.0155763	0.0089928	0.0150685	0.0174081	0.0343348	0.040404	0.0276596	0.0483461	0.0529248	0.0427807	0.0258706	
Fuligule à bec cerclé	0.0	0.0	0.0	0.0015	0.0	0.0	0.0	0.0015	0.0015	0.0018051	0.0	0.0	0.0	0.0	0.0	0.0	0.0	0.0	0.0	0.0	0.0	0.0	0.0	0.0	0.0	0.0	0.0	0.0	0.0	0.0	0.0	0.0	0.0	0.0	0.0	0.0	0.0	0.0	0.0	0.0	0.0015	0.0015	0.003367	0.0015	0.0025445	0.0	0.0	0.0015	
Fuligule nyroca	0.0039894	0.0018182	0.002331	0.0014706	0.002193	0.0	0.0015	0.0	0.0015	0.0	0.0015	0.0015	0.0011062	0.0032397	9.407E-4	0.0015	0.0015	0.0015736	0.0025031	0.0016026	0.0026008	0.0015	0.0029197	0.0012706	0.0015	0.0	0.0	6.447E-4	0.0024691	0.0023474	0.0015	0.0017905	0.0012107	0.001328	0.0	0.0029028	0.0019268	0.0	0.0017986	0.0013699	0.0	0.0	0.0015	0.0042553	0.0	0.0	0.0015	0.0	
Hybride Fuligule milouin x F. nyroca	0.0	0.0	0.0	0.0	0.0015	0.0017301	0.0	0.0	0.0015	0.0	0.0015	0.0	0.0	0.0	0.0	0.0	0.0	0.0	0.0	0.0	0.0	0.0	0.0	0.0	0.0	0.0	0.0	0.0	0.0	0.0	0.0	0.0	0.0	0.0	0.0	0.0	0.0	0.0	0.0	0.0	0.0	0.0	0.0	0.0	0.0	0.0	0.0	0.0	
Fuligule morillon	0.0212766	0.0218182	0.034965	0.0147059	0.0197368	0.0086505	0.0121294	0.0199081	0.0143113	0.0234657	0.0197183	0.0184332	0.0287611	0.012959	0.0075259	0.0090834	0.011236	0.0094414	0.0062578	0.005609	0.0091027	0.0075988	0.0145985	0.0076239	0.0040161	0.0015	0.0037383	0.0045132	0.0061728	0.0058685	0.0080321	0.0089526	0.0060533	0.0079681	0.0088028	0.011611	0.0077071	0.0062305	0.0035971	0.0068493	0.0077369	0.0107296	0.023569	0.0085106	0.0254453	0.0278552	0.0240642	0.0179104	
Hybride Fuligule milouin x F. morillon	0.0013298	0.0	0.0	0.0	0.0	0.0	0.0	0.0015	0.0	0.0	0.0	0.0	0.0011062	0.0	0.0	0.0	0.0	0.0	0.0	0.0	0.0	0.0	0.0	0.0	0.0	0.0	0.0	0.0	0.0	0.0	0.0	0.0	0.0	0.0	0.0	0.0	0.0	0.0	0.0	0.0	0.0	0.0	0.0	0.0	0.0	0.0	0.0	0.0	
Fuligule milouinan	0.0106383	0.0054545	0.009324	0.0073529	0.0065789	0.0086505	0.0067385	0.0091884	0.0143113	0.0252708	0.0112676	0.0046083	0.0	0.0	0.0015	8.258E-4	0.0	0.0	0.0	0.0015	0.0	0.0	0.0	0.0	0.0	0.0	0.0	0.0	0.0	0.0	0.0	0.0	0.0	0.0	0.0	0.0	0.0	0.0	0.0	0.0	0.0019342	0.0021459	0.003367	0.0021277	0.0050891	0.005571	0.0026738	0.00199	
Fuligule à tête noire	0.0013298	0.0	0.0	0.0	0.0	0.0	0.0	0.0	0.0	0.0	0.0	0.0	0.0	0.0	0.0	0.0	0.0	0.0	0.0	0.0	0.0	0.0	0.0	0.0	0.0	0.0	0.0	0.0	0.0	0.0	0.0	0.0	0.0	0.0	0.0	0.0	0.0	0.0	0.0	0.0	0.0015	0.0	0.0015	0.0	0.0025445	0.0027855	0.0026738	0.0	
fuligule sp.	0.0	0.0	0.0	0.0	0.0	0.0	0.0	0.0	0.0	0.0	0.0	0.0	0.0	0.0	0.0	0.0	0.0	0.0	0.0	0.0	0.0	0.0	0.0	0.0	0.0	0.0	0.0	0.0	0.0	0.0	0.0	0.0	0.0	0.0	0.0	0.0	0.0	0.0	0.0	0.0	0.0	0.0	0.0	0.0	0.0	0.0	0.0026738	0.0	
Eider à tête grise	0.0066489	0.0015	0.002331	0.0073529	0.0015	0.0121107	0.0026954	0.0091884	0.0053667	0.0018051	0.0015	0.0011521	0.0015	0.0	0.0	0.0	0.0	0.0	0.0	0.0	0.0	0.0	0.0	0.0	0.0026774	0.0	0.0	0.0	0.0	0.0	0.0	0.0	0.0	0.0	0.0	0.0	0.0	0.0	0.0	0.0	0.0	0.0	0.0	0.0	0.0	0.0	0.0026738	9.95E-4	
Eider à duvet	0.0053191	0.0054545	0.002331	0.0073529	0.0015	0.0103806	0.0040431	0.0091884	0.0089445	0.0090253	0.0042254	0.0034562	0.0033186	0.0010799	0.0018815	0.0016515	0.0015	0.0015	0.0012516	0.0	0.0015	0.0015	0.0	0.0025413	0.0	0.0011161	0.0	0.0015	0.0	0.0	0.002008	0.0015	0.0012107	0.0	0.0017606	0.0	0.0	0.0	0.0071942	0.0013699	0.0019342	0.0064378	0.010101	0.0042553	0.0101781	0.005571	0.0160428	0.0029851	
Macreuse à front blanc	0.0026596	0.0018182	0.002331	0.0	0.0	0.0	0.0	0.0	0.0	0.0	0.0	0.0	0.0	0.0	0.0	0.0	0.0	0.0	0.0	0.0	0.0	0.0	0.0	0.0	0.0	0.0	0.0	0.0	0.0	0.0	0.0	0.0	0.0	0.0	0.0	0.0	0.0	0.0	0.0	0.0	0.0	0.0	0.0	0.0	0.0015	0.0015	0.0106952	0.0059701	
Macreuse brune	0.0039894	0.0036364	0.004662	0.0044118	0.004386	0.0017301	0.0013477	0.0061256	0.0089445	0.0144404	0.0126761	0.0069124	0.0044248	0.0043197	0.0	0.0	0.0	0.0	0.0	0.0	0.0	0.0	0.0	0.0	0.0	0.0	0.0	0.0	0.0	0.0	0.0	0.0	0.0	0.0	0.0015	0.0	0.0	0.0	0.0015	0.0015	0.0019342	0.0021459	0.010101	0.0234043	0.0127226	0.005571	0.0160428	0.0099502	
Macreuse noire	0.0398936	0.0527273	0.037296	0.0294118	0.0328947	0.0276817	0.0363881	0.0367534	0.0411449	0.0379061	0.0408451	0.0288018	0.0165929	0.0107991	0.0047037	0.0066061	0.0044944	0.0055075	0.0012516	0.0016026	0.0013004	0.0015	0.0	0.0025413	0.0015	0.0033482	0.0056075	0.0128949	0.008642	0.0070423	0.0261044	0.0143241	0.027845	0.0265604	0.0264085	0.0203193	0.0154143	0.017134	0.0233813	0.0657534	0.0715667	0.0729614	0.0774411	0.0553191	0.0381679	0.0362117	0.0508021	0.0497512	
Macreuse à bec jaune	0.0	0.0	0.0	0.0	0.0	0.0015	0.0	0.0	0.0	0.0	0.0	0.0	0.0	0.0	0.0	0.0	0.0	0.0	0.0	0.0	0.0	0.0	0.0	0.0	0.0	0.0	0.0	0.0	0.0	0.0	0.0	0.0	0.0	0.0	0.0	0.0	0.0	0.0	0.0	0.0	0.0	0.0	0.0	0.0	0.0	0.0	0.0	0.0	
Harelde boréale	0.0053191	0.0072727	0.006993	0.0	0.002193	0.0015	0.0015	0.0045942	0.0053667	0.0072202	0.0098592	0.0057604	0.0044248	0.0010799	0.0	0.0	0.0011236	0.0	0.0	8.013E-4	0.0	0.0	0.0	0.0	0.0	0.0	0.0	0.0	0.0	0.0	0.0	0.0	0.0	0.0	0.0	0.0	0.0	0.0	0.0	0.0	0.0019342	0.0	0.0015	0.0015	0.0050891	0.0027855	0.0053476	0.0039801	
Garrot à oeil d'or	0.0	0.0090909	0.013986	0.0014706	0.0015	0.0017301	0.0015	0.0045942	0.0015	0.0015	0.0014085	0.0011521	0.0011062	0.0	0.0	0.0	0.0	0.0015	0.0	0.0	0.0	0.0	0.0	0.0	0.0026774	0.0	0.0	0.0	0.0	0.0	0.0	0.0	0.0	0.0	0.0	0.0	0.0	0.0	0.0	0.0	0.0	0.0	0.0	0.0	0.0	0.0015	0.0053476	9.95E-4	
Harle piette	0.0039894	0.0072727	0.011655	0.0015	0.0	0.0015	0.0	0.0	0.0	0.0015	0.0	0.0	0.0	0.0	0.0	0.0	0.0	0.0	0.0015	0.0016026	0.0	0.0	0.0	0.0	0.0	0.0	0.0	0.0	0.0	0.0	0.0	0.0	0.0	0.0	0.0	0.0	0.0	0.0	0.0	0.0	0.0	0.0	0.0	0.0015	0.0015	0.0	0.0015	0.00199	
Harle couronné	0.0015	0.0	0.0	0.0	0.0	0.0	0.0	0.0	0.0	0.0	0.0	0.0	0.0	0.0	0.0	0.0	0.0	0.0	0.0	0.0	0.0	0.0	0.0	0.0	0.0	0.0	0.0	0.0	0.0	0.0	0.0	0.0	0.0	0.0	0.0	0.0	0.0	0.0	0.0	0.0	0.0	0.0	0.0	0.0	0.0	0.0	0.0	0.0	
Harle bièvre	0.0013298	0.0015	0.0015	0.0015	0.0015	0.0017301	0.0013477	0.0015	0.0017889	0.0	0.0015	0.0	0.0	0.0	0.0	0.0	0.0	0.0	0.0	0.0	0.0	0.0	0.0	0.0	0.0	0.0	0.0	0.0	0.0	0.0	0.0	0.0	0.0	0.0	0.0	0.0	0.0	0.0	0.0	0.0013699	0.0	0.0	0.0	0.0015	0.0015	0.0	0.0015	9.95E-4	
Harle huppé	0.0345745	0.0290909	0.018648	0.0191176	0.0065789	0.0155709	0.0161725	0.0290965	0.0053667	0.0018051	0.0084507	0.0034562	0.0066372	0.0032397	0.0015	0.0016515	0.0015	0.0015	0.0	0.0	0.0	0.0	0.0	0.0	0.0	0.0	0.0	0.0	0.0	0.0	0.0	0.0	0.0	0.0	0.0	0.0	0.0	0.0	0.0	0.0027397	0.0019342	0.0085837	0.03367	0.012766	0.0152672	0.0167131	0.026738	0.0447761	
Érismature rousse	0.0	0.0	0.0	0.0	0.0	0.0	0.0	0.0	0.0	0.0	0.0	0.0	0.0	0.0	0.0	0.0	0.0	0.0	0.0015	0.0015	0.0	0.0	0.0	0.0	0.0	0.0022321	0.0	0.0	0.0	0.0	0.0015	0.0015	0.0	0.0	0.0015	0.0	0.0	0.0	0.0	0.0015	0.0	0.0	0.0	0.0	0.0	0.0015	0.0026738	0.0	
Érismature à tête blanche	0.0	0.0	0.006993	0.0014706	0.002193	0.0	0.0	0.0	0.0	0.0	0.0	0.0	0.0	0.0	0.0	0.0	0.0	0.0	0.0	0.0	0.0	0.0	0.0	0.0	0.0	0.0	0.0	0.0	0.0	0.0	0.0	0.0	0.0	0.0	0.0	0.0	0.0	0.0	0.0	0.0	0.0	0.0	0.0	0.0	0.0	0.0	0.0	0.0	
anatidé sp. (canard sp.)	0.0013298	0.0	0.0	0.0029412	0.002193	0.0	0.0	0.0	0.0015	0.0	0.0	0.0	0.0	0.0010799	9.407E-4	0.0	0.0	0.0	0.0	0.0	0.0	0.0	0.0	0.0	0.0	0.0022321	9.346E-4	0.0012895	0.0	0.0011737	0.002008	0.0017905	0.0	0.001328	0.0	0.0	0.0019268	0.0046729	0.0	0.0	0.0077369	0.0	0.003367	0.0021277	0.0	0.0	0.0	9.95E-4	
sauvagine sp.	0.0	0.0	0.0	0.0	0.0	0.0	0.0	0.0	0.0015	0.0	0.0	0.0	0.0	0.0	0.0	0.0	0.0	0.0	0.0	0.0	0.0	0.0	0.0	0.0	0.0	0.0	0.0	0.0	0.0	0.0	0.0	0.0	0.0012107	0.0	0.0017606	0.0	0.0	0.0	0.0	0.0	0.0	0.0021459	0.0	0.0	0.0	0.0	0.0	0.0	
Lagopède alpin	0.0	0.0	0.0	0.0	0.0	0.0	0.0	0.0	0.0	0.0	0.0	0.0	0.0	0.0	0.0	0.0	0.0	0.0	0.0	8.013E-4	0.0	0.0	0.0	0.0	0.0	0.0	0.0	0.0	0.0	0.0	0.0	0.0	0.0	0.0	0.0	0.0	0.0019268	0.0	0.0	0.0	0.0	0.0	0.0	0.0	0.0	0.0	0.0	0.0	
Grand Tétras	0.0	0.0	0.0015	0.0	0.0	0.0	0.0	0.0	0.0	0.0	0.0	0.0	0.0	0.0	0.0	0.0	0.0	0.0	0.0	0.0	0.0	0.0	0.0	0.0	0.0013387	0.0	0.0	0.0	0.0	0.0	0.0	0.0	0.0	0.0	0.0	0.0	0.0	0.0	0.0	0.0	0.0	0.0	0.0	0.0	0.0	0.0	0.0	0.0	
Perdrix grise	0.0053191	0.0072727	0.009324	0.0058824	0.0109649	0.0051903	0.0026954	0.0015314	0.0161002	0.0126354	0.028169	0.0057604	0.0066372	0.0161987	0.0047037	0.0107349	0.0044944	0.0015736	0.0037547	0.0040064	0.0015	0.0015198	0.0014599	0.0063532	0.0026774	0.0011161	9.346E-4	0.0032237	0.0061728	0.0046948	0.0040161	0.0116383	0.0072639	0.002656	0.0088028	0.0072569	0.0077071	0.0015576	0.0035971	0.0150685	0.0212766	0.0128755	0.016835	0.006383	0.0101781	0.0083565	0.0106952	0.0029851	
Faisan vénéré	0.0	0.0	0.0	0.0015	0.0	0.0	0.0	0.0	0.0	0.0	0.0	0.0015	0.0	0.0015	0.0	0.0	0.0	0.0	0.0	0.0	0.0	0.0015198	0.0	0.0	0.0	0.0	0.0	0.0	0.0	0.0	0.0	0.0	0.0	0.0	0.0	0.0	0.0	0.0	0.0	0.0	0.0	0.0	0.0	0.0	0.0	0.0	0.0	0.0	
Faisan de Colchide	0.0585106	0.0563636	0.0769231	0.0617647	0.0482456	0.0432526	0.0754717	0.0551302	0.0751342	0.0902527	0.115493	0.1175115	0.1084071	0.1425486	0.130762	0.1370768	0.1078652	0.0904799	0.0638298	0.0625	0.076723	0.0775076	0.049635	0.047014	0.0374833	0.0435268	0.0429907	0.0206319	0.0296296	0.0340376	0.0381526	0.0546106	0.035109	0.0810093	0.0809859	0.0682148	0.0539499	0.0700935	0.1151079	0.0739726	0.0812379	0.0643777	0.0505051	0.0659574	0.0712468	0.0696379	0.0962567	0.0537313	
Faisan versicolore	0.0013298	0.0	0.0	0.0015	0.0	0.0	0.0	0.0015314	0.0	0.0	0.0	0.0	0.0011062	0.0	0.0	8.258E-4	0.0	0.0	0.0	0.0	0.0	0.0015	0.0	0.0	0.0	0.0	0.0	0.0	0.0	0.0	0.0	0.0	0.0	0.0	0.0035211	0.0014514	0.0	0.0	0.0015	0.0041096	0.0	0.0	0.0	0.0	0.0025445	0.0	0.0	0.0	
Faisan de Colchide ou F. versicolore	0.0	0.0	0.0	0.0015	0.0	0.0	0.0	0.0	0.0	0.0	0.0	0.0011521	0.0022124	0.0010799	0.0	0.0	0.0011236	0.0	0.0	0.0	0.0	0.0	0.0029197	0.0012706	0.0013387	0.0	9.346E-4	6.447E-4	0.0012346	0.0	0.001004	0.0	0.0	0.0	0.0017606	0.0014514	0.0	0.0015576	0.0	0.0013699	0.0019342	0.0	0.0	0.0021277	0.0015	0.0	0.0	0.0	
Paon bleu	0.0	0.0	0.0	0.0	0.0	0.0	0.0	0.0	0.0	0.0	0.0	0.0	0.0011062	0.0	0.0	0.0	0.0	0.0	0.0	0.0	0.0	0.0	0.0	0.0	0.0	0.0	9.346E-4	0.0	0.0	0.0	0.0	0.0	0.0	0.0	0.0	0.0	0.0	0.0	0.0	0.0	0.0	0.0	0.0	0.0	0.0	0.0	0.0	0.0	
faisan sp.	0.0	0.0	0.0	0.0	0.0	0.0	0.0	0.0	0.0	0.0	0.0	0.0	0.0	0.0	0.0	0.0	0.0	0.0	0.0	0.0	0.0	0.0	0.0	0.0	0.0	0.0	0.0	0.0	0.0	0.0	0.0	0.0	0.0	0.0	0.0	0.0	0.0	0.0	0.0	0.0	0.0	0.0	0.0	0.0	0.0	0.0	0.0	0.0015	
Caille des blés	0.0	0.0018182	0.0	0.0015	0.0	0.0	0.0013477	0.0	0.0	0.0036101	0.0015	0.0011521	0.0033186	0.0075594	0.0178739	0.0123865	0.0134831	0.0110149	0.020025	0.0104167	0.0143043	0.0334347	0.0145985	0.0190597	0.0254351	0.0189732	0.017757	0.0161186	0.008642	0.0129108	0.0050201	0.0017905	0.0015	0.001328	0.0	0.0014514	0.0015	0.0	0.0015	0.0013699	0.0	0.0	0.0	0.0015	0.0	0.0	0.0	0.0	
Perdrix rouge	0.0212766	0.0127273	0.020979	0.0176471	0.0219298	0.0155709	0.0296496	0.0352221	0.0500894	0.0613718	0.0816901	0.0495392	0.0431416	0.0464363	0.0338664	0.0495458	0.0393258	0.0228167	0.0125156	0.0200321	0.0169051	0.0136778	0.0175182	0.0127065	0.0107095	0.0122768	0.0130841	0.0141844	0.0123457	0.0211268	0.0140562	0.0223814	0.0169492	0.0265604	0.0299296	0.0203193	0.0134875	0.0155763	0.0269784	0.0424658	0.0483559	0.0364807	0.037037	0.0574468	0.0254453	0.0167131	0.0320856	0.0099502	
Pigeon biset	0.1635638	0.1472727	0.1678322	0.1647059	0.1513158	0.115917	0.1078167	0.1271057	0.1288014	0.1462094	0.1295775	0.1474654	0.1006637	0.1177106	0.1298213	0.1147812	0.0955056	0.1007081	0.1188986	0.1274038	0.1183355	0.1048632	0.1167883	0.1283355	0.1472557	0.1316964	0.1383178	0.1257253	0.1469136	0.1314554	0.1345382	0.1190689	0.1513317	0.123506	0.1584507	0.1857765	0.150289	0.1588785	0.1492806	0.1054795	0.1566731	0.1180258	0.1582492	0.1489362	0.1933842	0.1671309	0.1122995	0.1044776	
Pigeon colombin	0.0093085	0.0036364	0.006993	0.0073529	0.0109649	0.0015	0.009434	0.0153139	0.0053667	0.0072202	0.0070423	0.014977	0.0121681	0.0097192	0.0056444	0.0066061	0.0044944	0.0094414	0.0062578	0.0120192	0.0039012	0.0136778	0.0029197	0.0101652	0.0093708	0.0100446	0.0168224	0.0045132	0.0061728	0.0117371	0.0080321	0.0152193	0.0060533	0.0066401	0.0158451	0.0319303	0.0308285	0.0545171	0.0521583	0.0369863	0.0386847	0.027897	0.016835	0.012766	0.0076336	0.0083565	0.0053476	0.0109453	
Pigeon ramier	0.4720745	0.4636364	0.4312354	0.4764706	0.4671053	0.4740484	0.509434	0.5130168	0.5259392	0.5162455	0.5366197	0.5564516	0.5486726	0.5518359	0.5296331	0.5218827	0.5359551	0.5436664	0.4993742	0.5416667	0.5539662	0.5303951	0.5153285	0.501906	0.5502008	0.5970982	0.6084112	0.55706	0.5333333	0.5211268	0.5341365	0.5210385	0.5242131	0.5059761	0.4859155	0.4020319	0.4315992	0.4158879	0.4622302	0.4821918	0.4081238	0.3841202	0.3872054	0.4106383	0.4351145	0.4066852	0.5347594	0.4457711	
Columba sp.	0.0013298	0.0	0.0	0.0	0.0	0.0	0.0	0.0	0.0	0.0	0.0	0.0	0.0	0.0	0.0	0.0	0.0011236	0.0	0.0	0.0	0.0	0.0	0.0	0.0	0.0	0.0	0.0	0.0	0.0	0.0	0.0	0.0	0.0	0.0	0.0	0.0014514	0.0	0.0031153	0.0017986	0.0027397	0.0	0.0	0.0	0.0	0.0025445	0.0027855	0.0	0.0	
Tourterelle des bois	0.0	0.0	0.0	0.0	0.0	0.0	0.0	0.0	0.0	0.0	0.0	0.0	0.0044248	0.0107991	0.0310442	0.1337737	0.1629213	0.1699449	0.1251564	0.1979167	0.2288687	0.2234043	0.2058394	0.1651842	0.1606426	0.1796875	0.1691589	0.1424887	0.1185185	0.1197183	0.123494	0.1145927	0.0617433	0.0385126	0.0264085	0.0058055	0.0038536	0.0015	0.0	0.0013699	0.0	0.0	0.0015	0.0	0.0	0.0	0.0015	0.0	
Tourterelle turque	0.2699468	0.2018182	0.1818182	0.2411765	0.2039474	0.2283737	0.2291105	0.2511485	0.2987478	0.2960289	0.2915493	0.2476959	0.2831858	0.287257	0.335842	0.3104872	0.3123596	0.2863887	0.2790989	0.3149038	0.3016905	0.2674772	0.259854	0.3227446	0.3226238	0.3426339	0.3158879	0.2836879	0.2728395	0.2769953	0.313253	0.2909579	0.283293	0.2709163	0.2482394	0.2394775	0.2331407	0.2320872	0.2356115	0.230137	0.1992263	0.1566524	0.1919192	0.1680851	0.2264631	0.1977716	0.2486631	0.2298507	
Streptopelia sp.	0.0	0.0	0.0	0.0	0.0	0.0	0.0	0.0	0.0	0.0	0.0	0.0	0.0	0.0	0.0	0.0	0.0	0.0	0.0	0.0	0.0	0.0	0.0	0.0	0.0	0.0	0.0	0.0	0.0015	0.0	0.0	0.0	0.0	0.0	0.0	0.0	0.0	0.0	0.0	0.0	0.0	0.0	0.0	0.0	0.0	0.0	0.0	0.0	
columbidé sp.	0.0	0.0	0.0	0.0	0.0	0.0017301	0.0013477	0.0	0.0	0.0	0.0	0.0	0.0	0.0	0.0	0.0	0.0	0.0	0.0	0.0	0.0	0.0	0.0	0.0	0.0	0.0	0.0	0.0015	0.0	0.0	0.0	0.0	0.0	0.0	0.0	0.0014514	0.0	0.0	0.0035971	0.0	0.0	0.0	0.0	0.0	0.0	0.0	0.0	9.95E-4	
Outarde canepetière	0.0	0.0	0.0	0.0	0.0	0.0	0.0	0.0	0.0	0.0	0.0015	0.0069124	0.0033186	0.0010799	0.0084666	0.0041288	0.0022472	0.0015736	0.0037547	0.0040064	0.0104031	0.0121581	0.0131387	0.0050826	0.0015	0.0011161	0.0028037	0.0012895	0.0	0.0035211	0.002008	8.953E-4	0.0012107	0.0015	0.0017606	0.0014514	0.0015	0.0015576	0.0015	0.0015	0.0	0.0015	0.0	0.0015	0.0	0.0	0.0	0.0015	
Coucou geai	0.0	0.0	0.0	0.0	0.0	0.0	0.0	0.0	0.0	0.0	0.0	0.0015	0.0	0.0	0.0015	8.258E-4	0.0	0.0	0.0	0.0	0.0	0.0	0.0	0.0	0.0	0.0	0.0	0.0	0.0	0.0	0.0	0.0015	0.0012107	0.0	0.0	0.0	0.0	0.0	0.0	0.0	0.0	0.0	0.0	0.0	0.0	0.0	0.0	0.0	
Coucou gris	0.0	0.0	0.0	0.0	0.0	0.0	0.0	0.0	0.0053667	0.0018051	0.0267606	0.0552995	0.1426991	0.1695464	0.190969	0.2113955	0.2123596	0.2195122	0.1702128	0.1682692	0.1547464	0.0805471	0.0686131	0.021601	0.0093708	0.0089286	0.0065421	0.0090264	0.017284	0.0129108	0.0100402	0.0116383	0.0012107	0.002656	0.0015	0.0	0.0019268	0.0	0.0	0.0	0.0	0.0	0.0	0.0	0.0	0.0	0.0	0.0	
Engoulevent d'Europe	0.0	0.0	0.0	0.0	0.0	0.0	0.0	0.0	0.0	0.0018051	0.0	0.0	0.0	0.0015	0.0	0.0024773	0.0033708	0.0055075	0.0137672	0.0136218	0.0117035	0.0182371	0.0116788	0.0076239	0.0120482	0.0089286	0.0056075	0.0083817	0.0049383	0.0070423	0.0120482	0.0044763	0.0012107	0.002656	0.0015	0.0014514	0.0	0.0	0.0	0.0	0.0	0.0	0.0	0.0	0.0	0.0	0.0	0.0	
Martinet à ventre blanc	0.0	0.0	0.0	0.0	0.0	0.0	0.0	0.0	0.0	0.0	0.0	0.0034562	0.0	0.0010799	9.407E-4	0.0016515	0.0044944	0.0015736	0.0	0.0024038	0.0013004	0.0030395	0.0014599	0.0050826	0.0026774	0.0033482	0.0018692	0.0012895	0.0111111	0.0058685	0.0060241	0.003581	0.0012107	0.0015	0.0035211	0.0043541	0.0038536	0.0	0.0	0.0013699	0.0	0.0	0.0	0.0	0.0	0.0	0.0	0.0	
Martinet noir	0.0	0.0	0.0	0.0	0.0	0.0	0.0	0.0	0.0	0.0	0.0014085	0.0034562	0.0121681	0.0529158	0.1693321	0.2576383	0.3146067	0.2824548	0.2916145	0.3597756	0.3511053	0.3723404	0.3270073	0.3799238	0.3614458	0.3337054	0.2728972	0.1566731	0.0950617	0.07277	0.0381526	0.0259624	0.0084746	0.002656	0.0035211	0.0029028	0.0019268	0.0031153	0.0	0.0013699	0.0	0.0015	0.0	0.0	0.0	0.0	0.0	0.0	
Martinet pâle	0.0	0.0	0.0	0.0	0.0	0.0	0.0	0.0	0.0	0.0	0.0	0.0	0.0	0.0	0.0	0.0	0.0	0.0	0.0	8.013E-4	0.0	0.0015198	0.0029197	0.0015	0.0	0.0015	0.0	0.0	0.0015	0.0	0.0	0.0	0.0015	0.0	0.0	0.0	0.0	0.0015576	0.0	0.0013699	0.0	0.0	0.0	0.0	0.0	0.0	0.0	0.0	
Martinet noir ou M. pâle	0.0	0.0	0.0	0.0	0.0	0.0	0.0	0.0	0.0	0.0	0.0	0.0011521	0.0	0.0	0.0	8.258E-4	0.0	0.0	0.0	0.0	0.0	0.0	0.0	0.0	0.0	0.0	0.0015	0.0	0.0	0.0	0.0	0.0	0.0	0.001328	0.0	0.0	0.0	0.0015576	0.0017986	0.0015	0.0	0.0	0.0	0.0	0.0	0.0	0.0	9.95E-4	
Apus sp.	0.0	0.0	0.0	0.0	0.0	0.0	0.0	0.0	0.0	0.0	0.0	0.0	0.0	0.0	0.0	0.0	0.0	0.0	0.0	0.0	0.0	0.0	0.0	0.0	0.0	0.0	0.0	0.0	0.0	0.0	0.0	0.0	0.0	0.0	0.0	0.0	0.0	0.0	0.0	0.0013699	0.0019342	0.0	0.0	0.0	0.0	0.0	0.0	0.0	
Apus ou Tachymarptis sp.	0.0015	0.0	0.0	0.0	0.0	0.0	0.0	0.0	0.0	0.0	0.0	0.0	0.0	0.0	0.0	0.0	0.0	0.0	0.0	0.0	0.0	0.0	0.0	0.0	0.0	0.0	0.0	6.447E-4	0.0012346	0.0	0.0	0.0	0.0	0.0	0.0	0.0	0.0	0.0	0.0	0.0	0.0	0.0	0.0	0.0	0.0	0.0	0.0	0.0	
apodidé sp.	0.0	0.0	0.0	0.0	0.0	0.0	0.0	0.0	0.0	0.0	0.0	0.0	0.0	0.0	0.0	8.258E-4	0.0015	0.0015	0.0	0.0016026	0.0	0.0	0.0	0.0	0.0	0.0	0.0	0.0019342	0.0	0.0	0.002008	0.0026858	0.0	0.0	0.0	0.0	0.0	0.0	0.0	0.0	0.0	0.0	0.0	0.0	0.0	0.0	0.0	0.0	
Râle d'eau	0.043883	0.0509091	0.0652681	0.0455882	0.0394737	0.0415225	0.032345	0.0336907	0.0286225	0.0306859	0.0338028	0.0184332	0.0365044	0.0140389	0.0103481	0.014038	0.0134831	0.0086546	0.008761	0.0112179	0.0143043	0.0106383	0.0145985	0.0114358	0.0120482	0.0133929	0.011215	0.0154739	0.0209877	0.0223005	0.0351406	0.0313339	0.0472155	0.0478088	0.0545775	0.0478955	0.0578035	0.0576324	0.028777	0.0479452	0.0483559	0.0600858	0.0707071	0.0851064	0.0916031	0.0835655	0.0668449	0.0477612	
Râle des genêts	0.0	0.0	0.0	0.0	0.0	0.0	0.0	0.0	0.0	0.0	0.0	0.0	0.0	0.0015	0.0	0.0	0.0	0.0	0.0015	0.0	0.0	0.0	0.0	0.0	0.0	0.0	0.0	0.0	0.0	0.0	0.0	0.0	0.0	0.0	0.0	0.0	0.0	0.0	0.0	0.0	0.0	0.0	0.0	0.0	0.0	0.0	0.0	0.0	
Marouette ponctuée	0.0	0.0	0.0	0.0	0.0	0.0	0.0	0.0	0.0015	0.0015	0.0014085	0.0023041	0.0022124	0.0010799	9.407E-4	0.0	0.0	0.0	0.0	0.0	0.0	0.0	0.0	0.0015	0.0	0.0	9.346E-4	0.0	0.0012346	0.0015	0.0015	0.0017905	0.0012107	0.0015	0.0052817	0.0014514	0.0019268	0.0015576	0.0	0.0015	0.0	0.0	0.0	0.0	0.0	0.0	0.0	0.0	
Gallinule poule-d'eau	0.1476064	0.1472727	0.1888112	0.1647059	0.1447368	0.1297578	0.1455526	0.1424196	0.1645796	0.1750903	0.1704225	0.1705069	0.175885	0.1468683	0.1382879	0.1478117	0.152809	0.122738	0.1426783	0.1378205	0.1417425	0.1261398	0.1328467	0.1232529	0.1419009	0.1261161	0.128972	0.1186331	0.1419753	0.1514085	0.1495984	0.1539839	0.1331719	0.1792829	0.221831	0.1625544	0.1406551	0.1417445	0.1115108	0.1287671	0.1199226	0.1545064	0.1447811	0.1829787	0.1704835	0.189415	0.1818182	0.119403	
Foulque macroule	0.1449468	0.1472727	0.2167832	0.1573529	0.1513158	0.1868512	0.1846361	0.1332312	0.1252236	0.1552347	0.1704225	0.1463134	0.1526549	0.1339093	0.1072437	0.1123039	0.1168539	0.1014949	0.0988736	0.0913462	0.1222367	0.0820669	0.1138686	0.0965693	0.0963855	0.0758929	0.0953271	0.0876854	0.108642	0.1150235	0.1154618	0.1136974	0.1101695	0.1381142	0.1637324	0.1320755	0.1098266	0.0903427	0.0791367	0.1164384	0.1044487	0.1459227	0.1380471	0.1446809	0.178117	0.2033426	0.171123	0.1383085	
Talève sultane	0.0	0.0	0.0	0.0	0.0	0.0	0.0	0.0	0.0	0.0	0.0	0.0	0.0	0.0010799	0.0	0.0	0.0	0.0	0.0	0.0	0.0	0.0	0.0	0.0	0.0	0.0	0.0	0.0	0.0015	0.0	0.0015	0.0	0.0	0.0	0.0	0.0	0.0	0.0	0.0	0.0	0.0	0.0	0.0	0.0	0.0	0.0	0.0	0.0	
Marouette poussin	0.0	0.0	0.0	0.0	0.0	0.0	0.0	0.0	0.0	0.0	0.0	0.0	0.0	0.0	0.0	0.0	0.0	0.0	0.0	0.0	0.0	0.0	0.0	0.0	0.0	0.0	0.0	0.0	0.0	0.0	0.0015	0.0015	0.0	0.0	0.0	0.0	0.0	0.0	0.0	0.0	0.0	0.0	0.0	0.0	0.0	0.0	0.0	0.0	
Marouette de Baillon	0.0	0.0	0.0	0.0	0.0	0.0	0.0	0.0	0.0	0.0	0.0	0.0	0.0	0.0	0.0	0.0	0.0	0.0	0.0	0.0	0.0	0.0015	0.0	0.0	0.0	0.0	0.0	0.0	0.0	0.0	0.0	0.0	0.0	0.0	0.0	0.0	0.0	0.0	0.0	0.0	0.0	0.0	0.0	0.0	0.0	0.0	0.0	0.0	
râle ou marouette sp.	0.0	0.0	0.0	0.0	0.0	0.0	0.0	0.0	0.0	0.0	0.0	0.0	0.0	0.0	0.0	0.0	0.0	0.0	0.0	0.0	0.0	0.0	0.0	0.0	0.0	0.0	0.0	0.0	0.0	0.0	0.0	0.0	0.0	0.0	0.0	0.0	0.0	0.0	0.0	0.0013699	0.0	0.0	0.0	0.0	0.0	0.0	0.0	0.0	
Grue demoiselle	0.0	0.0	0.0	0.0	0.0	0.0	0.0	0.0	0.0	0.0	0.0	0.0	0.0	0.0	0.0	0.0	0.0	0.0	0.0	0.0	0.0015	0.0	0.0	0.0	0.0	0.0	0.0	0.0	0.0	0.0	0.0	0.0	0.0	0.0	0.0	0.0	0.0	0.0	0.0	0.0	0.0	0.0	0.0	0.0	0.0	0.0	0.0	0.0	
Grue du Japon	0.0	0.0	0.0	0.0	0.0	0.0	0.0015	0.0015314	0.0	0.0	0.0	0.0	0.0	0.0	0.0	0.0	0.0	0.0	0.0	0.0	0.0	0.0	0.0	0.0	0.0	0.0	0.0	0.0	0.0	0.0	0.0	0.0	0.0	0.0	0.0	0.0	0.0	0.0	0.0	0.0	0.0	0.0	0.0	0.0	0.0	0.0	0.0	0.0	
Grue cendrée	0.0585106	0.0963636	0.0699301	0.0735294	0.0526316	0.0692042	0.0673854	0.0704441	0.0322004	0.0108303	0.0056338	0.0034562	0.0011062	0.0021598	0.0028222	0.0024773	0.0011236	0.0015736	0.0012516	0.0	0.0	0.0015198	0.0	0.0	0.0	0.0	0.0015	0.0	0.0	0.0011737	0.002008	0.0026858	0.0012107	0.001328	0.0015	0.0029028	0.0057803	0.0202492	0.0665468	0.0876712	0.1199226	0.1072961	0.0774411	0.0851064	0.1068702	0.0947075	0.0989305	0.0686567	
Oedicnème criard	0.0039894	0.0054545	0.002331	0.0015	0.002193	0.0015	0.0015	0.0061256	0.0071556	0.0144404	0.0225352	0.0207373	0.0276549	0.0194384	0.0329257	0.0272502	0.0101124	0.0110149	0.0100125	0.0160256	0.0169051	0.0167173	0.020438	0.0292249	0.0200803	0.0223214	0.0205607	0.0219213	0.0098765	0.028169	0.0120482	0.0107431	0.0096852	0.0079681	0.0088028	0.0029028	0.0019268	0.0046729	0.0015	0.0041096	0.0038685	0.0042918	0.003367	0.006383	0.0025445	0.0027855	0.0080214	0.0015	
Échasse blanche	0.0093085	0.0036364	0.002331	0.0	0.002193	0.0034602	0.0067385	0.0045942	0.0017889	0.0180505	0.0352113	0.0737327	0.119469	0.1166307	0.0950141	0.1279934	0.1078652	0.0928403	0.0713392	0.0793269	0.1079324	0.0851064	0.1007299	0.0800508	0.1017403	0.0848214	0.088785	0.070922	0.0777778	0.0809859	0.0732932	0.0832587	0.0532688	0.0491368	0.040493	0.0232221	0.0038536	0.0062305	0.0035971	0.0015	0.0058027	0.0021459	0.0015	0.0015	0.0	0.0	0.0015	0.0029851	
Avocette élégante	0.0558511	0.0581818	0.0769231	0.0647059	0.0548246	0.067474	0.0525606	0.042879	0.0715564	0.0758123	0.0661972	0.0587558	0.0652655	0.0799136	0.0620884	0.0850537	0.058427	0.0653029	0.048811	0.0600962	0.0793238	0.0516717	0.0686131	0.043202	0.0629183	0.0446429	0.0392523	0.0335268	0.0469136	0.0504695	0.0491968	0.0617726	0.0544794	0.062417	0.0774648	0.0667634	0.0481696	0.0638629	0.028777	0.0452055	0.0541586	0.0364807	0.0572391	0.0638298	0.0763359	0.091922	0.0534759	0.0567164	
Huîtrier pie	0.0492021	0.0327273	0.034965	0.0426471	0.0153509	0.0363322	0.0377358	0.0382848	0.0214669	0.0090253	0.0028169	0.0138249	0.0121681	0.0097192	0.0065851	0.0107349	0.011236	0.0055075	0.0037547	0.0072115	0.0039012	0.0030395	0.0043796	0.0076239	0.0013387	0.0022321	0.0093458	0.0148291	0.0185185	0.0176056	0.0251004	0.0376007	0.0302663	0.0345286	0.0193662	0.0232221	0.0231214	0.0233645	0.0359712	0.0369863	0.0309478	0.0171674	0.026936	0.0319149	0.0356234	0.0194986	0.0481283	0.0527363	
Pluvier argenté	0.1037234	0.0672727	0.1142191	0.0764706	0.0701754	0.0916955	0.0929919	0.0612557	0.0518784	0.0433213	0.0239437	0.0264977	0.0353982	0.0388769	0.0319849	0.0511974	0.0651685	0.0535012	0.0325407	0.0248397	0.023407	0.0106383	0.0072993	0.0050826	0.0133869	0.0066964	0.0084112	0.0161186	0.0209877	0.0223005	0.0371486	0.0393912	0.0653753	0.0703851	0.068662	0.0595065	0.0751445	0.0732087	0.0827338	0.0986301	0.1121857	0.0987124	0.0841751	0.1297872	0.1068702	0.1114206	0.0748663	0.080597	
Pluvier doré	0.0359043	0.0418182	0.034965	0.0191176	0.0460526	0.0224913	0.0188679	0.0183767	0.0214669	0.0054152	0.0014085	0.0011521	0.0033186	0.0010799	9.407E-4	0.0016515	0.0011236	0.0015	0.0025031	0.0015	0.0	0.0015	0.0	0.0012706	0.0	0.0	0.0	0.0	0.0024691	0.0011737	0.003012	0.0026858	0.0072639	0.0079681	0.0088028	0.0087083	0.0115607	0.0140187	0.0125899	0.0328767	0.0251451	0.0407725	0.0740741	0.0425532	0.0330789	0.0417827	0.0427807	0.0189055	
Pluvier bronzé	0.0	0.0	0.0	0.0	0.0	0.0	0.0	0.0	0.0	0.0	0.0	0.0	0.0011062	0.0010799	0.0	0.0015	0.0015	0.0015	0.0	0.0	0.0013004	0.0	0.0	0.0	0.0015	0.0	9.346E-4	0.0012895	0.0	0.0011737	0.0	0.0	0.0	0.0	0.0	0.0	0.0	0.0015576	0.0015	0.0	0.0015	0.0	0.0	0.0	0.0	0.0	0.0	0.0	
Pluvier fauve	0.0	0.0	0.0	0.0	0.0	0.0	0.0	0.0	0.0	0.0	0.0	0.0	0.0	0.0	0.0	0.0	0.0	0.0	0.0	0.0	0.0	0.0	0.0	0.0	0.0	0.0	0.0	0.0	0.0	0.0015	0.0	8.953E-4	0.0	0.0	0.0	0.0	0.0	0.0	0.0	0.0	0.0	0.0	0.0	0.0	0.0	0.0	0.0	0.0	
Pluvialis sp.	0.0	0.0	0.0	0.0	0.0	0.0	0.0	0.0	0.0	0.0	0.0	0.0	0.0	0.0	0.0	0.0	0.0	7.868E-4	0.0	0.0	0.0	0.0	0.0	0.0	0.0	0.0	0.0015	0.0	0.0	0.0	0.0	8.953E-4	0.0	0.0	0.0	0.0	0.0	0.0	0.0	0.0013699	0.0	0.0	0.0	0.0	0.0	0.0	0.0	0.0	
Guignard d’Eurasie	0.0	0.0	0.0	0.0	0.0	0.0	0.0	0.0	0.0	0.0	0.0	0.0	0.0	0.0	9.407E-4	0.0016515	0.0015	0.0	0.0	0.0	0.0	0.0	0.0	0.0	0.0	0.0	0.0	0.0	0.0	0.0	0.002008	8.953E-4	0.0012107	0.002656	0.0015	0.0	0.0	0.0015576	0.0	0.0	0.0	0.0	0.0	0.0	0.0	0.0	0.0	0.0	
Grand Gravelot	0.087766	0.0581818	0.0559441	0.0647059	0.0350877	0.0640138	0.0471698	0.0627871	0.0465116	0.0397112	0.0323944	0.0230415	0.0243363	0.0269978	0.0319849	0.0619323	0.0730337	0.0692368	0.0513141	0.0456731	0.0260078	0.0106383	0.0072993	0.0076239	0.0147256	0.0100446	0.0149533	0.040619	0.0654321	0.0692488	0.1174699	0.129812	0.1476998	0.1752988	0.1549296	0.1277213	0.1348748	0.1012461	0.1258993	0.1164384	0.098646	0.0686695	0.0740741	0.1021277	0.0941476	0.0807799	0.0695187	0.0706468	
Petit Gravelot	0.0	0.0	0.0	0.0	0.0	0.0	0.0	0.0015314	0.0089445	0.0054152	0.0253521	0.0414747	0.0431416	0.0345572	0.028222	0.0264244	0.0269663	0.0188828	0.0212766	0.0168269	0.029909	0.0182371	0.0379562	0.0343075	0.0281124	0.0301339	0.0214953	0.027724	0.0320988	0.036385	0.0341365	0.0331244	0.0242131	0.0146082	0.0140845	0.0029028	0.0038536	0.0046729	0.0015	0.0	0.0	0.0	0.0	0.0	0.0025445	0.0	0.0	0.0	
Grand Gravelot ou Petit Gravelot	0.0	0.0	0.0	0.0	0.0	0.0	0.0	0.0	0.0	0.0	0.0	0.0	0.0	0.0	0.0	0.0	0.0	0.0015736	0.0	0.0	0.0	0.0	0.0014599	0.0	0.0	0.0	0.0	0.0	0.0	0.0	0.0	0.0	0.0	0.0	0.0	0.0	0.0	0.0	0.0	0.0	0.0	0.0	0.0	0.0	0.0	0.0	0.0	0.0	
Vanneau huppé	0.1329787	0.1709091	0.1655012	0.125	0.1162281	0.1626298	0.1199461	0.0765697	0.059034	0.0487365	0.0535211	0.0518433	0.0464602	0.0572354	0.0639699	0.0627581	0.0539326	0.0511408	0.0375469	0.0336538	0.0858257	0.0653495	0.0671533	0.064803	0.0883534	0.0770089	0.0747664	0.0793037	0.0987654	0.1126761	0.0963855	0.1244405	0.0968523	0.1115538	0.1496479	0.0870827	0.0924855	0.0825545	0.1061151	0.0958904	0.1025145	0.1287554	0.1212121	0.1468085	0.1628499	0.1754875	0.1764706	0.1333333	
Vanneau sociable	0.0	0.0	0.0	0.0	0.0	0.0	0.0	0.0	0.0	0.0015	0.0014085	0.0	0.0	0.0	0.0	0.0	0.0	0.0	0.0	0.0	0.0	0.0	0.0	0.0	0.0	0.0	0.0	0.0	0.0	0.0	0.0	0.0	0.0	0.0	0.0	0.0	0.0	0.0	0.0015	0.0015	0.0019342	0.0	0.0	0.0	0.0	0.0	0.0	0.0	
Gravelot de Leschenault	0.0	0.0	0.0	0.0	0.0	0.0	0.0	0.0	0.0	0.0	0.0	0.0	0.0	0.0	0.0	0.0	0.0	0.0	0.0	0.0	0.0	0.0	0.0	0.0	0.0	0.0	0.0	0.0	0.0	0.0011737	0.001004	0.0	0.0	0.0	0.0	0.0	0.0	0.0	0.0	0.0	0.0	0.0	0.0	0.0	0.0	0.0	0.0	0.0	
Gravelot à collier interrompu	0.0026596	0.0018182	0.002331	0.0	0.002193	0.0069204	0.0015	0.0030628	0.0089445	0.0015	0.0014085	0.0057604	0.0099558	0.0086393	0.0047037	0.0082576	0.0044944	0.0047207	0.0037547	0.0064103	0.0130039	0.006079	0.0072993	0.0050826	0.0093708	0.0066964	0.0046729	0.0064475	0.0049383	0.008216	0.0050201	0.0026858	0.0072639	0.0119522	0.0123239	0.0072569	0.0038536	0.0031153	0.0125899	0.0054795	0.0019342	0.0064378	0.006734	0.0042553	0.0050891	0.005571	0.0026738	0.0059701	
Gravelot sp.	0.0	0.0	0.0	0.0	0.0	0.0	0.0	0.0	0.0	0.0	0.0	0.0	0.0	0.0	0.0	0.0015	0.0	0.0	0.0	0.0	0.0	0.0	0.0	0.0	0.0	0.0	0.0	0.0	0.0	0.0	0.0	0.0	0.0	0.0	0.0	0.0	0.0	0.0	0.0	0.0	0.0	0.0	0.0	0.0	0.0	0.0	0.0	0.0	
Charadriidae sp.	0.0	0.0	0.0	0.0	0.0	0.0	0.0	0.0	0.0	0.0	0.0015	0.0	0.0	0.0	9.407E-4	0.0	0.0	0.0	0.0015	0.0	0.0	0.0	0.0	0.0	0.0	0.0	0.0	6.447E-4	0.0	0.0	0.0015	0.0	0.0	0.0	0.0017606	0.0029028	0.0	0.0	0.0	0.0	0.0	0.0	0.0	0.0	0.0	0.0	0.0	0.0	
Courlis corlieu	0.0106383	0.02	0.016317	0.0029412	0.0065789	0.0155709	0.0067385	0.0045942	0.0053667	0.0126354	0.0056338	0.0057604	0.0210177	0.0464363	0.0874882	0.1180842	0.088764	0.0456334	0.0275344	0.0224359	0.0078023	0.0091185	0.0043796	0.0127065	0.0307898	0.0345982	0.0570093	0.0799484	0.082716	0.0786385	0.0903614	0.0922113	0.0762712	0.0664011	0.0457746	0.0261248	0.0211946	0.0124611	0.0125899	0.0178082	0.0154739	0.0042918	0.0	0.0170213	0.0305344	0.0111421	0.0026738	0.0119403	
Courlis cendré	0.1356383	0.1163636	0.1142191	0.1088235	0.0767544	0.1124567	0.1132075	0.1117917	0.0858676	0.0740072	0.0633803	0.0737327	0.0542035	0.0529158	0.0404516	0.0379851	0.0247191	0.0228167	0.0137672	0.0208333	0.0247074	0.0182371	0.0145985	0.0190597	0.0361446	0.0390625	0.0411215	0.0361057	0.0271605	0.0352113	0.0441767	0.0537153	0.0690073	0.0664011	0.0827465	0.053701	0.0751445	0.0669782	0.0665468	0.1041096	0.106383	0.0965665	0.1043771	0.1191489	0.1526718	0.086351	0.0989305	0.119403	
Courlis corlieu ou C. cendré	0.0	0.0	0.0	0.0	0.0	0.0	0.0	0.0	0.0	0.0	0.0	0.0	0.0	0.0	0.0	0.0	0.0	0.0	0.0	0.0	0.0	0.0	0.0	0.0	0.0	0.0	0.0	0.0	0.0	0.0	0.0	0.0	0.0	0.0	0.0	0.0	0.0	0.0	0.0	0.0013699	0.0	0.0	0.0	0.0	0.0	0.0	0.0	0.0	
courlis sp.	0.0	0.0	0.0	0.0	0.0	0.0	0.0	0.0	0.0	0.0	0.0015	0.0	0.0011062	0.0	0.0	0.0015	0.0	0.0	0.0	0.0	0.0	0.0	0.0	0.0	0.0	0.0	0.0	0.0	0.0	0.0	0.0	0.0	0.0	0.0	0.0	0.0	0.0	0.0	0.0	0.0	0.0	0.0	0.0	0.0	0.0	0.0	0.0	0.0	
Barge rousse	0.0332447	0.0254545	0.034965	0.0308824	0.0153509	0.0363322	0.0256065	0.0153139	0.0143113	0.0090253	0.0098592	0.0057604	0.0143805	0.0161987	0.0169332	0.0371594	0.0393258	0.0220299	0.0112641	0.0128205	0.0130039	0.0030395	0.0072993	0.0050826	0.0053548	0.0055804	0.0065421	0.0135397	0.0148148	0.0093897	0.0170683	0.0259624	0.0302663	0.0504648	0.056338	0.04209	0.0385356	0.0389408	0.0197842	0.0273973	0.0425532	0.0193133	0.026936	0.0297872	0.0687023	0.0250696	0.0106952	0.0199005	
Barge à queue noire	0.0651596	0.0545455	0.0722611	0.0735294	0.0548246	0.0813149	0.0606469	0.058193	0.0536673	0.0577617	0.0450704	0.0552995	0.0663717	0.0561555	0.0376294	0.0478943	0.0359551	0.0298977	0.0262829	0.0304487	0.0377113	0.0319149	0.0408759	0.0355781	0.0589023	0.0558036	0.0495327	0.0535139	0.0666667	0.0715962	0.0793173	0.091316	0.0774818	0.1181939	0.125	0.0812772	0.0635838	0.05919	0.0629496	0.0657534	0.0831721	0.0579399	0.0505051	0.0595745	0.1145038	0.0752089	0.0588235	0.0547264	
Barge rouse ou B. à queue noire	0.0	0.0	0.0	0.0	0.0	0.0	0.0	0.0	0.0	0.0	0.0	0.0011521	0.0	0.0	0.0	8.258E-4	0.0	0.0	0.0	8.013E-4	0.0	0.0	0.0	0.0	0.0	0.0	0.0	0.0	0.0	0.0	0.0	0.0	0.0	0.0	0.0	0.0	0.0	0.0	0.0	0.0	0.0	0.0	0.0	0.0	0.0	0.0	0.0	0.0	
barge sp.	0.0	0.0	0.0	0.0	0.0	0.0	0.0	0.0	0.0	0.0015	0.0	0.0	0.0	0.0	0.0	0.0	0.0	0.0	0.0	0.0	0.0	0.0	0.0	0.0	0.0	0.0	9.346E-4	0.0	0.0	0.0	0.0	0.0	0.0	0.0	0.0	0.0	0.0	0.0	0.0	0.0	0.0	0.0042918	0.0	0.0	0.0	0.0	0.0	0.0	
Bécassin à long bec	0.0	0.0	0.0	0.0	0.0	0.0	0.0	0.0	0.0	0.0	0.0	0.0	0.0	0.0	0.0	0.0	0.0	0.0	0.0	0.0	0.0	0.0	0.0	0.0	0.0	0.0	0.0	0.0	0.0015	0.0	0.0	0.0015	0.0	0.001328	0.0035211	0.0	0.0	0.0015	0.0017986	0.0013699	0.0	0.0064378	0.0	0.0	0.0	0.0	0.0	0.0	
Bécassine sourde	0.0066489	0.0036364	0.006993	0.0029412	0.0	0.0034602	0.0040431	0.0030628	0.0035778	0.0108303	0.0015	0.0046083	0.0011062	0.0010799	0.0	0.0	0.0	0.0	0.0	0.0	0.0	0.0	0.0	0.0	0.0	0.0	0.0	6.447E-4	0.0	0.0	0.0	0.0	0.0	0.0	0.0017606	0.0015	0.0	0.0015	0.0015	0.0068493	0.0015	0.0021459	0.0	0.0042553	0.0025445	0.0027855	0.0026738	9.95E-4	
Bécasse des bois	0.0039894	0.0072727	0.004662	0.0044118	0.004386	0.0051903	0.0013477	0.0015314	0.0035778	0.0015	0.0014085	0.0011521	0.0015	0.0	0.0015	0.0015	0.0	7.868E-4	0.0	0.0	0.0	0.0	0.0	0.0	0.0	0.0	0.0	0.0	0.0	0.0	0.0	0.0	0.0	0.0	0.0	0.0	0.0019268	0.0	0.0	0.0013699	0.0019342	0.0015	0.0015	0.0021277	0.0076336	0.0	0.0026738	0.0029851	
Bécassine double	0.0	0.0	0.0	0.0	0.0	0.0	0.0	0.0	0.0	0.0	0.0	0.0	0.0	0.0015	0.0	0.0	0.0	0.0	0.0	0.0	0.0	0.0	0.0	0.0	0.0	0.0	0.0	0.0	0.0	0.0	0.0	0.0	0.0015	0.0	0.0	0.0	0.0	0.0	0.0	0.0	0.0	0.0	0.0	0.0	0.0	0.0	0.0	0.0	
Bécassine des marais	0.0638298	0.06	0.0629371	0.0382353	0.0548246	0.067474	0.0363881	0.0382848	0.0465116	0.0866426	0.0507042	0.0702765	0.0619469	0.0302376	0.0225776	0.0156895	0.0067416	0.0031471	0.0012516	0.0015	0.0	0.0	0.0	0.0012706	0.0013387	0.0022321	0.0046729	0.0070922	0.0209877	0.0269953	0.0522088	0.0581916	0.0581114	0.0810093	0.096831	0.0754717	0.0655106	0.05919	0.0773381	0.069863	0.0464217	0.0815451	0.0639731	0.0808511	0.1221374	0.091922	0.0855615	0.0616915	
Phalarope à bec large	0.0106383	0.0036364	0.018648	0.0058824	0.0065789	0.0017301	0.0067385	0.0	0.0	0.0	0.0	0.0	0.0	0.0	0.0	0.0	0.0	0.0	0.0	0.0	0.0	0.0	0.0	0.0	0.0	0.0	0.0	0.0	0.0	0.0	0.0	0.0	0.0012107	0.0039841	0.0015	0.0072569	0.0096339	0.0015	0.0015	0.0068493	0.0541586	0.0622318	0.047138	0.0234043	0.0178117	0.0167131	0.0015	0.0049751	
Phalarope à bec étroit	0.0	0.0	0.0	0.0	0.0	0.0	0.0	0.0	0.0	0.0	0.0	0.0	0.0	0.0	9.407E-4	0.0049546	0.0	0.0	0.0	0.0015	0.0013004	0.0	0.0	0.0015	0.0	0.0	0.0	0.0015	0.0	0.0	0.001004	0.0026858	0.0048426	0.0039841	0.0035211	0.0015	0.0038536	0.0015576	0.0	0.0015	0.0019342	0.0064378	0.003367	0.0	0.0	0.0	0.0	0.0	
phalarope sp.	0.0	0.0	0.0	0.0	0.0	0.0	0.0	0.0	0.0	0.0	0.0	0.0	0.0	0.0	0.0	0.0	0.0	0.0	0.0	0.0	0.0	0.0	0.0	0.0	0.0	0.0	0.0	0.0	0.0	0.0	0.0	0.0	0.0	0.0	0.0	0.0	0.0	0.0015576	0.0	0.0	0.0038685	0.0	0.0	0.0	0.0	0.0	0.0	0.0	
Chevalier bargette	0.0	0.0	0.0	0.0	0.0	0.0	0.0	0.0	0.0	0.0	0.0	0.0	0.0	0.0	0.0	8.258E-4	0.0	7.868E-4	0.0015	8.013E-4	0.0	0.0	0.0	0.0	0.0	0.0	0.0	0.0	0.0	0.0	0.0	0.0	0.0	0.0	0.0	0.0	0.0	0.0	0.0	0.0	0.0	0.0	0.0	0.0	0.0	0.0	0.0	0.0	
Chevalier guignette	0.0611702	0.0490909	0.0582751	0.0382353	0.0416667	0.0467128	0.0350404	0.0321593	0.0286225	0.0306859	0.0197183	0.0391705	0.0442478	0.0572354	0.0903104	0.1519405	0.1258427	0.0967742	0.0362954	0.0184295	0.006502	0.0030395	0.0014599	0.0114358	0.0535475	0.0982143	0.1383178	0.1508704	0.1555556	0.1807512	0.1997992	0.1951656	0.1767554	0.1806109	0.1707746	0.0783745	0.0732177	0.0529595	0.044964	0.0506849	0.0696325	0.0429185	0.0673401	0.087234	0.1017812	0.0724234	0.0641711	0.0636816	
Chevalier grivelé	0.0	0.0	0.0	0.0	0.0	0.0	0.0	0.0	0.0	0.0	0.0	0.0	0.0	0.0	0.0	0.0	0.0	0.0	0.0	0.0	0.0	0.0	0.0	0.0	0.0	0.0	0.0	0.0	0.0	0.0	0.0	0.0	0.0015	0.0	0.0	0.0	0.0	0.0	0.0	0.0013699	0.0	0.0	0.0	0.0	0.0	0.0	0.0	0.0	
Chevalier culblanc	0.0731383	0.0472727	0.0885781	0.0411765	0.0416667	0.0588235	0.0822102	0.0474732	0.0626118	0.0541516	0.0690141	0.0806452	0.0929204	0.0701944	0.0366886	0.0214699	0.011236	0.0015736	0.0012516	0.0015	0.0039012	0.0121581	0.0335766	0.0355781	0.0522088	0.0513393	0.0607477	0.0618956	0.0851852	0.1068075	0.1204819	0.1136974	0.0859564	0.0836653	0.096831	0.0464441	0.044316	0.0514019	0.0791367	0.0753425	0.0773694	0.0922747	0.047138	0.0638298	0.0966921	0.0445682	0.0641711	0.0437811	
Chevalier solitaire	0.0	0.0	0.0	0.0	0.0	0.0	0.0	0.0	0.0	0.0	0.0	0.0	0.0	0.0	0.0	0.0	0.0	0.0	0.0	0.0	0.0	0.0	0.0	0.0	0.0	0.0	0.0	0.0	0.0	0.0	0.0	0.0	0.0	0.0	0.0	0.0	0.0015	0.0015576	0.0	0.0	0.0	0.0	0.0	0.0	0.0	0.0	0.0	0.0	
Chevalier stagnatile	0.0	0.0	0.0	0.0	0.0	0.0	0.0	0.0	0.0	0.0	0.0	0.0	0.0	0.0010799	9.407E-4	0.0057803	0.0011236	7.868E-4	0.0	0.0	0.0	0.0	0.0	0.0	0.0013387	0.0	0.0015	6.447E-4	0.0015	0.0011737	0.002008	0.003581	0.0015	0.0	0.0015	0.0	0.0	0.0	0.0	0.0	0.0	0.0	0.0	0.0	0.0	0.0	0.0	0.0	
Chevalier sylvain	0.0	0.0	0.002331	0.0015	0.0	0.0	0.0	0.0	0.0	0.0	0.0014085	0.0057604	0.0033186	0.0097192	0.014111	0.0346821	0.0146067	0.0039339	0.0012516	0.0016026	0.0	0.0	0.0043796	0.0088945	0.0093708	0.0111607	0.0140187	0.0186976	0.0209877	0.0457746	0.0592369	0.0367055	0.0242131	0.0185923	0.0176056	0.0145138	0.0057803	0.0031153	0.0107914	0.0041096	0.0015	0.0042918	0.0	0.0	0.0025445	0.0	0.0	9.95E-4	
Chevalier gambette	0.0917553	0.0418182	0.0932401	0.0691176	0.0482456	0.1055363	0.1266846	0.0704441	0.0840787	0.0848375	0.1070423	0.1105991	0.1106195	0.1101512	0.1053622	0.1519405	0.1168539	0.1085759	0.0700876	0.0713141	0.0689207	0.0379939	0.0554745	0.0609911	0.0749665	0.0602679	0.0757009	0.0702772	0.0802469	0.0598592	0.0893574	0.0922113	0.1016949	0.1062417	0.1109155	0.0638607	0.0674374	0.0576324	0.0629496	0.0767123	0.0696325	0.0579399	0.0538721	0.0765957	0.0839695	0.0668524	0.0775401	0.0716418	
Chevalier à pattes jaunes	0.0039894	0.0018182	0.0	0.0	0.0	0.0	0.0	0.0	0.0	0.0	0.0	0.0	0.0	0.0	0.0	0.0	0.0	0.0	0.0015	0.0	0.0	0.0	0.0	0.0	0.0	0.0	0.0	0.0	0.0	0.0	0.0	0.0	0.0	0.0	0.0	0.0	0.0	0.0015576	0.0015	0.0015	0.0019342	0.0021459	0.0	0.0	0.0	0.0	0.0	0.00199	
Chevalier arlequin	0.0226064	0.02	0.039627	0.0205882	0.0197368	0.0224913	0.0350404	0.0183767	0.019678	0.0162455	0.0126761	0.0322581	0.0331858	0.0388769	0.0404516	0.0495458	0.0348315	0.0110149	0.0025031	0.0048077	0.0013004	0.0015198	0.0116788	0.0177891	0.0281124	0.0167411	0.0130841	0.0148291	0.0185185	0.0234742	0.0371486	0.0402865	0.035109	0.0424967	0.0510563	0.030479	0.0346821	0.0358255	0.0233813	0.0246575	0.0309478	0.027897	0.023569	0.0255319	0.0636132	0.0222841	0.0213904	0.0218905	
Chevalier aboyeur	0.0585106	0.0545455	0.0675991	0.0529412	0.0197368	0.0553633	0.0768194	0.0260337	0.0178891	0.0288809	0.0253521	0.0276498	0.034292	0.0691145	0.0903104	0.1131296	0.0775281	0.036192	0.0175219	0.0152244	0.0130039	0.0045593	0.0043796	0.0101652	0.0174029	0.0212054	0.0317757	0.0290135	0.0222222	0.0246479	0.0552209	0.0698299	0.0786925	0.0810093	0.084507	0.0333817	0.0481696	0.0404984	0.0521583	0.0506849	0.0599613	0.0450644	0.040404	0.0382979	0.0636132	0.0362117	0.0427807	0.0457711	
Tringa sp.	0.0	0.0	0.0	0.0	0.0	0.0	0.0	0.0	0.0	0.0	0.0	0.0	0.0	0.0	0.0	0.0	0.0	7.868E-4	0.0	0.0	0.0	0.0015198	0.0	0.0	0.0	0.0	0.0	0.0	0.0	0.0	0.0	0.0	0.0	0.0	0.0	0.0	0.0	0.0	0.0	0.0	0.0	0.0	0.0	0.0	0.0	0.0	0.0	0.0	
Tournepierre à collier	0.1742021	0.1636364	0.1608392	0.1617647	0.0964912	0.1384083	0.1239892	0.1148545	0.0930233	0.0685921	0.0478873	0.0656682	0.0519912	0.0604752	0.0658514	0.0644096	0.0573034	0.0479937	0.0212766	0.0264423	0.0247074	0.0167173	0.010219	0.0165184	0.0066934	0.0078125	0.0214953	0.0586718	0.0765432	0.0856808	0.1204819	0.1172784	0.1198547	0.1181939	0.1197183	0.1117562	0.1021195	0.1074766	0.1492806	0.1780822	0.1895551	0.1523605	0.1616162	0.1851064	0.1577608	0.1476323	0.1096257	0.1701493	
Bécasseau maubèche	0.0146277	0.0036364	0.006993	0.0117647	0.0131579	0.0155709	0.009434	0.0107198	0.0107335	0.0036101	0.0028169	0.0011521	0.0033186	0.0064795	0.0028222	0.0123865	0.0280899	0.0212431	0.0100125	0.0120192	0.0039012	0.0	0.0014599	0.0	0.0040161	0.0033482	0.0046729	0.0064475	0.0111111	0.008216	0.0110442	0.0223814	0.0338983	0.0358566	0.0440141	0.0174165	0.0231214	0.017134	0.0161871	0.0150685	0.0251451	0.0107296	0.013468	0.0170213	0.0229008	0.0083565	0.0015	0.0089552	
Combattant varié	0.0079787	0.0054545	0.009324	0.0073529	0.0109649	0.0069204	0.0107817	0.0030628	0.0089445	0.0108303	0.0084507	0.0218894	0.0232301	0.0259179	0.028222	0.0255987	0.0146067	0.0078678	0.0050063	0.0032051	0.0	0.0015	0.0014599	0.0050826	0.0147256	0.0100446	0.0140187	0.0122502	0.0185185	0.0140845	0.0190763	0.0393912	0.035109	0.0411687	0.0492958	0.0362845	0.026975	0.0249221	0.0071942	0.0150685	0.0116054	0.0214592	0.003367	0.0042553	0.0050891	0.005571	0.0015	0.0049751	
Bécasseau falcinelle	0.0	0.0	0.0	0.0	0.0	0.0	0.0	0.0	0.0	0.0	0.0	0.0	0.0	0.0	0.0	0.0	0.0022472	0.0	0.0	0.0015	0.0	0.0	0.0	0.0	0.0	0.0	0.0	0.0	0.0	0.0	0.0	0.0	0.0012107	0.0	0.0	0.0	0.0	0.0	0.0	0.0	0.0	0.0	0.0	0.0	0.0	0.0	0.0	0.0	
Bécasseau cocorli	0.0	0.0	0.0	0.0	0.0	0.0	0.0	0.0	0.0017889	0.0	0.0	0.0046083	0.0011062	0.0010799	0.0084666	0.014038	0.0235955	0.0094414	0.0050063	0.0024038	0.0039012	0.0	0.0058394	0.0	0.0013387	0.0022321	0.0037383	0.0070922	0.0111111	0.0117371	0.0140562	0.0179051	0.0411622	0.0491368	0.0510563	0.0159652	0.0211946	0.0109034	0.0071942	0.0041096	0.0058027	0.0	0.0	0.0021277	0.0	0.0	0.0	0.0015	
Bécasseau à échasses	0.0	0.0	0.0	0.0	0.0	0.0	0.0	0.0	0.0	0.0	0.0	0.0	0.0	0.0	0.0	0.0	0.0	0.0	0.0	0.0	0.0	0.0	0.0	0.0	0.0	0.0	0.0	0.0	0.0	0.0015	0.0	0.0	0.0	0.0	0.0	0.0	0.0	0.0	0.0	0.0	0.0	0.0	0.0	0.0	0.0	0.0	0.0	0.0	
Bécasseau de Temminck	0.0	0.0	0.0	0.0015	0.0	0.0	0.0	0.0	0.0	0.0	0.0014085	0.0015	0.0015	0.0010799	9.407E-4	0.0033031	0.0078652	0.0031471	0.0	0.0015	0.0	0.0	0.0	0.0	0.0	0.0	0.0	6.447E-4	0.0	0.0011737	0.001004	0.0017905	0.0048426	0.0053121	0.0017606	0.0	0.0	0.0015	0.0	0.0	0.0	0.0	0.0	0.0	0.0	0.0	0.0	0.0	
Bécasseau rousset	0.0	0.0	0.0	0.0	0.0	0.0	0.0	0.0	0.0	0.0	0.0	0.0	0.0	0.0	0.0	0.0	0.0	0.0	0.0	8.013E-4	0.0	0.0	0.0	0.0	0.0	0.0	0.0	0.0	0.0	0.0	0.0	0.0	0.0	0.0092961	0.0	0.0	0.0	0.0	0.0	0.0	0.0	0.0	0.0	0.0	0.0	0.0	0.0	0.0	
Bécasseau sanderling	0.0984043	0.0709091	0.0652681	0.0602941	0.0263158	0.0761246	0.0633423	0.0735069	0.0357782	0.0234657	0.0169014	0.0218894	0.0265487	0.0345572	0.0272813	0.0322048	0.0337079	0.0275374	0.028786	0.0144231	0.0091027	0.0030395	0.0	0.0	0.0	0.0015	0.0046729	0.0264346	0.0407407	0.0340376	0.0491968	0.0608774	0.0811138	0.0770252	0.0545775	0.0522496	0.0500963	0.0529595	0.0629496	0.0945205	0.0754352	0.0407725	0.0639731	0.0787234	0.0636132	0.0612813	0.0508021	0.0945274	
Bécasseau variable	0.1303191	0.1054545	0.1328671	0.1117647	0.0789474	0.1176471	0.1145553	0.0903522	0.0733453	0.0685921	0.0521127	0.0426267	0.045354	0.0367171	0.046096	0.0776218	0.0786517	0.0700236	0.0463079	0.0336538	0.023407	0.0167173	0.0087591	0.0025413	0.0267738	0.0189732	0.0327103	0.0483559	0.0518519	0.0598592	0.0923695	0.1011638	0.0859564	0.1115538	0.1073944	0.0827286	0.0732177	0.0809969	0.0809353	0.1013699	0.1373308	0.0858369	0.1212121	0.1531915	0.178117	0.1671309	0.0748663	0.1144279	
Bécasseau violet	0.037234	0.0363636	0.0606061	0.0264706	0.0219298	0.0242215	0.0161725	0.0229709	0.0125224	0.0036101	0.0084507	0.0069124	0.0088496	0.011879	0.0056444	0.0041288	0.0011236	0.0015	0.0	0.0	0.0	0.0	0.0	0.0	0.0	0.0	0.0	0.0	0.0	0.0	0.0	8.953E-4	0.0	0.0015	0.0	0.0	0.0	0.0	0.0	0.0082192	0.0174081	0.0150215	0.037037	0.0297872	0.0229008	0.0362117	0.026738	0.0497512	
Bécasseau de Baird	0.0	0.0	0.0	0.0	0.0	0.0	0.0	0.0	0.0	0.0	0.0	0.0	0.0	0.0	0.0	0.0	0.0	0.0015	0.0	0.0	0.0	0.0	0.0	0.0	0.0	0.0	0.0	0.0	0.0	0.0	0.0	0.0	0.0012107	0.0066401	0.0	0.0015	0.0015	0.0	0.0	0.0	0.0	0.0	0.0	0.0	0.0	0.0	0.0	0.0	
Bécasseau minute	0.0132979	0.0072727	0.006993	0.0058824	0.0065789	0.0069204	0.0040431	0.0091884	0.0017889	0.0018051	0.0028169	0.0057604	0.005531	0.0032397	0.0056444	0.0148637	0.0123596	0.0086546	0.0050063	0.0024038	0.0026008	0.0	0.0	0.0	0.0015	0.0	0.0056075	0.0096712	0.0111111	0.0105634	0.0271084	0.0277529	0.035109	0.0345286	0.0316901	0.0203193	0.0250482	0.0358255	0.0071942	0.0191781	0.0135397	0.0042918	0.013468	0.0170213	0.0305344	0.0167131	0.0053476	0.0079602	
Bécasseau de Bonaparte	0.0	0.0	0.0	0.0	0.0	0.0	0.0	0.0	0.0	0.0	0.0	0.0	0.0	0.0	0.0	0.0	0.0	0.0	0.0050063	0.0	0.0	0.0	0.0	0.0	0.0	0.0	0.0	0.0012895	0.0	0.0	0.0	0.0	0.0	0.0	0.0	0.0	0.0	0.0	0.0017986	0.0	0.0	0.0015	0.0	0.0	0.0	0.0	0.0	0.0	
Bécasseau minuscule	0.0	0.0	0.0	0.0	0.0	0.0	0.0	0.0	0.0	0.0	0.0	0.0	0.0	0.0	0.0	0.0	0.0	0.0	0.0	0.0	0.0	0.0	0.0	0.0	0.0	0.0	0.0	0.0	0.0	0.0	0.0	0.0	0.0	0.0	0.0	0.0	0.0015	0.0015576	0.0	0.0	0.0	0.0	0.0	0.0	0.0	0.0	0.0	0.0	
Bécasseau tacheté	0.0	0.0	0.0	0.0	0.0	0.0	0.0	0.0	0.0	0.0	0.0	0.0	0.0	0.0	0.0	0.0	0.0	0.0	0.0037547	0.0	0.0	0.0	0.0	0.0	0.0	0.0	0.0	0.0	0.0	0.0	0.0	0.0	0.0015	0.0015	0.0	0.0	0.0015	0.0015	0.0035971	0.0015	0.0	0.0	0.0	0.0	0.0	0.0	0.0	0.0	
Bécasseau semipalmé	0.0	0.0	0.0	0.0	0.0	0.0	0.0	0.0	0.0	0.0	0.0	0.0	0.0	0.0	0.0	0.0	0.0	0.0	0.0	0.0	0.0	0.0	0.0	0.0	0.0	0.0	0.0	0.0	0.0	0.0	0.0	0.0	0.0	0.0015	0.0035211	0.0	0.0	0.0	0.0	0.0054795	0.0015	0.0	0.0	0.0	0.0	0.0	0.0	0.0	
Calidris sp. (petit bécasseau sp.)	0.0026596	0.0	0.0	0.0029412	0.002193	0.0017301	0.0	0.0	0.0	0.0	0.0	0.0011521	0.0	0.0010799	0.0	0.0	0.0	0.0	0.0	8.013E-4	0.0013004	0.0030395	0.0	0.0012706	0.0	0.0	0.0	0.002579	0.0	0.0011737	0.0	0.0026858	0.0	0.0	0.0017606	0.0014514	0.0019268	0.0046729	0.0035971	0.0027397	0.0038685	0.0	0.003367	0.0021277	0.0025445	0.0083565	0.0	0.00199	
Calidris sp.	0.0	0.0	0.0	0.0	0.0	0.0	0.0	0.0	0.0	0.0	0.0	0.0011521	0.0	0.0	0.0	0.0	0.0	0.0	0.0	0.0	0.0	0.0	0.0	0.0	0.0	0.0	0.0	0.0	0.0	0.0	0.0	0.0	0.0012107	0.0	0.0	0.0	0.0015	0.0	0.0	0.0	0.0	0.0	0.0	0.0	0.0	0.0	0.0	0.0	
scolopacidé sp.	0.0	0.0	0.0	0.0	0.0	0.0	0.0	0.0	0.0	0.0	0.0	0.0	0.0	0.0	0.0	0.0	0.0	0.0	0.0	0.0	0.0	0.0	0.0	0.0	0.0	0.0	0.0	0.0	0.0	0.0	0.0	0.0	0.0	0.0	0.0	0.0	0.0	0.0	0.0	0.0	0.0019342	0.0	0.0	0.0	0.0	0.0	0.0	0.0	
grand limicole sp.	0.0	0.0	0.0	0.0	0.0	0.0	0.0	0.0	0.0	0.0	0.0	0.0	0.0	0.0010799	9.407E-4	0.0015	0.0011236	0.0	0.0	0.0016026	0.0	0.0	0.0014599	0.0	0.0	0.0	0.0	0.0	0.0	0.0011737	0.001004	8.953E-4	0.0	0.0	0.0	0.0	0.0	0.0015576	0.0	0.0	0.0	0.0	0.0	0.0	0.0025445	0.0	0.0	0.0015	
Glaréole à collier	0.0	0.0	0.0	0.0	0.0	0.0	0.0	0.0	0.0	0.0	0.0	0.0	0.0	0.0	0.0	8.258E-4	0.0011236	0.0	0.0	8.013E-4	0.0	0.0	0.0043796	0.0025413	0.0	0.0	0.0	0.0	0.0	0.0	0.0	0.0	0.0	0.0	0.0	0.0	0.0	0.0	0.0	0.0	0.0	0.0	0.0	0.0	0.0	0.0	0.0	0.0	
limicole sp.	0.0	0.0	0.0	0.0	0.002193	0.0017301	0.0	0.0	0.0035778	0.0015	0.0014085	0.0	0.0015	0.0	0.0028222	0.0024773	0.0033708	0.0015736	0.0	8.013E-4	0.0	0.0	0.0	0.0	0.0015	0.0022321	0.0018692	6.447E-4	0.0037037	0.0035211	0.0040161	0.0026858	0.0012107	0.0039841	0.0052817	0.0058055	0.0	0.0015576	0.0	0.0	0.0019342	0.0128755	0.0	0.0021277	0.0025445	0.0139276	0.0	0.0015	
Labbe à longue queue	0.0	0.0	0.0	0.0	0.0	0.0	0.0	0.0	0.0	0.0	0.0	0.0	0.0	0.0	0.0	0.0	0.0	0.0	0.0	0.0	0.0	0.0	0.0	0.0	0.0	0.0015	0.0	0.0	0.0	0.0	0.0	8.953E-4	0.0024213	0.0	0.0	0.0014514	0.0015	0.0015576	0.0017986	0.0015	0.0135397	0.0021459	0.0	0.0015	0.0	0.0	0.0	0.0	
Labbe parasite	0.0	0.0015	0.0	0.0	0.0	0.0	0.0	0.0	0.0	0.0	0.0	0.0015	0.005531	0.0097192	0.0018815	0.0049546	0.0033708	0.0	0.0	0.0	0.0013004	0.0	0.0015	0.0	0.0	0.0011161	9.346E-4	0.0045132	0.0024691	0.0023474	0.0190763	0.0098478	0.0254237	0.0146082	0.0211268	0.0275762	0.0096339	0.0093458	0.0143885	0.0328767	0.0367505	0.0107296	0.006734	0.0042553	0.0	0.0027855	0.0	0.0029851	
Labbe pomarin	0.0026596	0.0036364	0.002331	0.0	0.0	0.0	0.0	0.0	0.0	0.0	0.0	0.0	0.0	0.0010799	0.0	0.0	0.0	0.0	0.0	0.0	0.0	0.0	0.0	0.0	0.0	0.0	0.0	0.0015	0.0	0.0015	0.003012	0.0017905	0.003632	0.002656	0.0052817	0.0058055	0.0077071	0.0046729	0.0035971	0.0068493	0.0232108	0.0042918	0.006734	0.0015	0.0	0.0	0.0	9.95E-4	
Labbe parasite ou L. pomarin	0.0	0.0	0.002331	0.0	0.0	0.0	0.0	0.0	0.0	0.0	0.0	0.0	0.0	0.0	0.0	0.0	0.0	0.0	0.0	0.0	0.0	0.0	0.0	0.0	0.0	0.0	0.0	0.0	0.0	0.0	0.0	0.0	0.0	0.0	0.0	0.0	0.0	0.0	0.0	0.0	0.0	0.0021459	0.0	0.0	0.0	0.0	0.0	0.0	
Grand Labbe	0.0066489	0.0015	0.002331	0.0	0.0	0.0017301	0.0040431	0.0045942	0.0017889	0.0	0.0014085	0.0092166	0.0132743	0.0010799	0.0028222	0.0024773	0.0022472	0.0	0.0	0.0	0.0	0.0	0.0	0.0	0.0015	0.0015	0.0028037	0.0019342	0.0	0.0011737	0.001004	0.0062668	0.0157385	0.0015	0.0035211	0.0043541	0.0015	0.0015576	0.0089928	0.009589	0.0154739	0.0193133	0.0	0.0021277	0.0	0.0	0.0015	0.0069652	
Labbe pomarin, L. parasite ou L. à longue queue	0.0	0.0	0.0	0.0	0.0	0.0	0.0026954	0.0	0.0	0.0	0.0	0.0	0.0	0.0	0.0	0.0	0.0	0.0	0.0	0.0	0.0	0.0	0.0	0.0	0.0	0.0	0.0	0.0	0.0	0.0	0.001004	0.0017905	0.003632	0.001328	0.0017606	0.0014514	0.0038536	0.0046729	0.0	0.0013699	0.0058027	0.0021459	0.0	0.0	0.0	0.0	0.0	0.0	
labbe sp. (groupe Catharacta)	0.0	0.0	0.0	0.0	0.0	0.0	0.0013477	0.0	0.0	0.0	0.0	0.0	0.0	0.0	0.0	0.0	0.0	0.0	0.0	0.0	0.0	0.0	0.0	0.0	0.0	0.0	0.0	0.0	0.0	0.0	0.0	0.0	0.0	0.0	0.0015	0.0	0.0	0.0015576	0.0	0.0	0.0019342	0.0	0.0	0.0	0.0	0.0027855	0.0	0.0	
labbe sp.	0.0	0.0	0.0	0.0	0.0	0.0	0.0	0.0	0.0	0.0	0.0	0.0	0.0	0.0010799	0.0	0.0	0.0	0.0	0.0	0.0	0.0	0.0	0.0	0.0	0.0	0.0	0.0	0.0	0.0015	0.0	0.002008	0.0017905	0.0015	0.0015	0.0	0.0014514	0.0	0.0	0.0	0.0	0.0058027	0.0064378	0.0	0.0	0.0	0.0	0.0	0.0	
Macareux moine	0.0013298	0.0	0.002331	0.0	0.0	0.0069204	0.0015	0.0030628	0.0	0.0018051	0.0	0.0	0.0	0.0	0.0	0.0	0.0011236	0.0	0.0	8.013E-4	0.0	0.0	0.0	0.0	0.0	0.0	0.0	0.0	0.0	0.0	0.0	0.0	0.0	0.0	0.0	0.0	0.0	0.0	0.0015	0.0015	0.0019342	0.0	0.0	0.0	0.0	0.0	0.0	0.0	
Guillemot à miroir	0.0	0.0	0.0	0.0	0.0	0.0	0.0	0.0	0.0	0.0	0.0	0.0	0.0	0.0	0.0	0.0	0.0	0.0	0.0	0.0	0.0	0.0	0.0	0.0	0.0	0.0	0.0	0.0	0.0	0.0	0.0	0.0	0.0	0.0	0.0	0.0	0.0	0.0	0.0	0.0	0.0	0.0	0.0015	0.0	0.0	0.0	0.0	0.0	
Pingouin torda	0.0106383	0.0145455	0.011655	0.0029412	0.002193	0.0017301	0.0015	0.0061256	0.0015	0.0	0.0014085	0.0023041	0.0066372	0.0032397	0.0	0.0015	0.0015	0.0	0.0	0.0	0.0	0.0	0.0	0.0	0.0	0.0	0.0	0.0	0.0	0.0	0.0	0.0	0.0	0.0	0.0015	0.0015	0.0015	0.0015	0.0071942	0.0123288	0.0077369	0.0042918	0.020202	0.0085106	0.0025445	0.0	0.0026738	0.0129353	
Mergule nain	0.0	0.0	0.0	0.0	0.0	0.0	0.0	0.0	0.0	0.0	0.0014085	0.0	0.0	0.0	0.0	0.0	0.0	0.0	0.0	0.0	0.0	0.0	0.0	0.0	0.0	0.0	0.0	0.0	0.0	0.0	0.0	0.0	0.0	0.0	0.0	0.0	0.0	0.0	0.0	0.0	0.0019342	0.0021459	0.0	0.0015	0.0	0.0	0.0	0.0015	
Guillemot de Troïl	0.0066489	0.0072727	0.013986	0.0073529	0.002193	0.0069204	0.0053908	0.0030628	0.0035778	0.0018051	0.0015	0.0023041	0.0033186	0.0021598	9.407E-4	0.0015	0.0	0.0015	0.0	0.0	0.0	0.0	0.0	0.0	0.0	0.0	0.0	6.447E-4	0.0	0.0011737	0.0	0.0	0.0	0.0015	0.0017606	0.0	0.0015	0.0015576	0.0035971	0.0054795	0.0038685	0.0064378	0.013468	0.0042553	0.0025445	0.0	0.0026738	0.0039801	
Alca ou Uria sp.	0.0039894	0.0	0.004662	0.0014706	0.0	0.0	0.0	0.0	0.0	0.0	0.0	0.0	0.0	0.0	0.0	8.258E-4	0.0011236	0.0	0.0	0.0	0.0	0.0	0.0	0.0	0.0	0.0	0.0	0.0	0.0	0.0	0.0	0.0	0.0	0.0	0.0	0.0	0.0	0.0031153	0.0	0.0027397	0.0019342	0.0	0.006734	0.0021277	0.0	0.0	0.0053476	0.00199	
alcidé sp.	0.0026596	0.0036364	0.0015	0.0044118	0.002193	0.0	0.0015	0.0030628	0.0	0.0015	0.0	0.0023041	0.0088496	0.0021598	0.0018815	8.258E-4	0.0015	0.0	0.0012516	0.0	0.0	0.0	0.0	0.0	0.0	0.0	0.0	0.0	0.0	0.0	0.0	0.0	0.0	0.0	0.0	0.0	0.0019268	0.0015	0.0017986	0.0027397	0.0058027	0.0171674	0.016835	0.0042553	0.0025445	0.0027855	0.0	0.00199	
Mouette pygmée	0.025266	0.0454545	0.04662	0.0205882	0.0219298	0.0224913	0.0296496	0.0214395	0.0250447	0.0180505	0.0084507	0.0092166	0.0143805	0.0043197	0.0056444	0.0033031	0.005618	0.007081	0.0050063	0.0032051	0.006502	0.0030395	0.0	0.0012706	0.0015	0.0044643	0.0028037	0.0019342	0.0015	0.0023474	0.003012	0.007162	0.0012107	0.0053121	0.0035211	0.0072569	0.0057803	0.0031153	0.0089928	0.0164384	0.0309478	0.0450644	0.026936	0.0595745	0.0381679	0.0362117	0.0080214	0.0199005	
Mouette tridactyle	0.0212766	0.0218182	0.030303	0.0132353	0.004386	0.0155709	0.0107817	0.0107198	0.0015	0.0018051	0.0015	0.0011521	0.0	0.0043197	0.0028222	8.258E-4	0.0044944	0.0023603	0.0037547	0.0016026	0.0013004	0.0030395	0.0	0.0038119	0.0013387	0.0022321	9.346E-4	0.0012895	0.0012346	0.0	0.0015	0.0053715	0.003632	0.0039841	0.0017606	0.0014514	0.0015	0.0046729	0.0017986	0.0123288	0.0251451	0.0193133	0.043771	0.0425532	0.0152672	0.0111421	0.0080214	0.0179104	
Mouette de Sabine	0.0013298	0.0	0.002331	0.0	0.0	0.0017301	0.0	0.0	0.0	0.0	0.0	0.0	0.0	0.0	0.0	0.0	0.0	0.0	0.0	0.0	0.0	0.0	0.0	0.0	0.0	0.0	0.0	0.0	0.0012346	0.0	0.0	0.0017905	0.0217918	0.0066401	0.0035211	0.0130624	0.0057803	0.0	0.0017986	0.0027397	0.0580271	0.0429185	0.026936	0.006383	0.0127226	0.0027855	0.0	9.95E-4	
Goéland railleur	0.0	0.0	0.0	0.0	0.0	0.0	0.0	0.0	0.0	0.0	0.0	0.0	0.0	0.0	0.0	0.0	0.0011236	0.0015	0.0	0.0	0.0	0.0	0.0	0.0	0.0	0.0	0.0	0.0	0.0	0.0	0.0	0.0	0.0	0.0	0.0	0.0	0.0	0.0	0.0	0.0	0.0	0.0	0.0	0.0	0.0	0.0	0.0	0.0	
Mouette de Bonaparte	0.0	0.0	0.0	0.0	0.0015	0.0	0.0013477	0.0030628	0.0017889	0.0	0.0	0.0	0.0	0.0	0.0	0.0	0.0	0.0015	0.0	0.0	0.0	0.0	0.0	0.0	0.0	0.0	0.0	0.0	0.0	0.0	0.0	0.0	0.0	0.0	0.0	0.0	0.0	0.0	0.0	0.0	0.0	0.0	0.0	0.0	0.0	0.0027855	0.0	0.0029851	
Mouette rieuse	0.3603723	0.4090909	0.3962704	0.4117647	0.2894737	0.3391003	0.3638814	0.3445636	0.2898032	0.2635379	0.2056338	0.1785714	0.1426991	0.1468683	0.1317027	0.164327	0.1337079	0.1235248	0.097622	0.0961538	0.130039	0.1079027	0.1474453	0.1931385	0.2088353	0.2198661	0.246729	0.237911	0.2716049	0.2805164	0.2981928	0.3294539	0.3050847	0.3373174	0.3591549	0.2525399	0.2331407	0.2383178	0.2931655	0.3369863	0.3829787	0.3648069	0.3501684	0.4382979	0.4529262	0.4456825	0.3636364	0.3502488	
Mouette atricille	0.0	0.0	0.0	0.0	0.0	0.0	0.0	0.0	0.0	0.0	0.0	0.0	0.0	0.0	0.0	8.258E-4	0.0	0.0	0.0	0.0	0.0	0.0	0.0029197	0.0050826	0.0	0.0	0.0	0.0	0.0	0.0	0.0	0.0015	0.0	0.0015	0.0017606	0.0	0.0	0.0	0.0	0.0	0.0	0.0	0.0	0.0	0.0	0.0	0.0	0.0	
Mouette de Franklin	0.0	0.0015	0.0	0.0014706	0.0	0.0015	0.0013477	0.0	0.0015	0.0	0.0	0.0	0.0	0.0	0.0	0.0	0.0	0.0	0.0	0.0	0.0	0.0	0.0	0.0	0.0	0.0	0.0	0.0	0.0	0.0	0.0	0.0	0.0	0.0	0.0	0.0	0.0	0.0	0.0	0.0	0.0	0.0	0.0	0.0	0.0050891	0.0027855	0.0	0.0015	
Goéland d'Audouin	0.0	0.0	0.0	0.0	0.0	0.0	0.0013477	0.0	0.0	0.0	0.0	0.0	0.0	0.0	0.0	0.0	0.0	0.0015	0.0012516	0.0	0.0	0.0	0.0	0.0	0.0	0.0	0.0	0.0	0.0	0.0015	0.0015	0.0	0.0	0.0	0.0	0.0	0.0	0.0	0.0	0.0	0.0019342	0.0	0.0	0.0	0.0	0.0	0.0	0.0	
Mouette mélanocéphale	0.1276596	0.14	0.1282051	0.1264706	0.0964912	0.1055363	0.1105121	0.1255743	0.09839	0.0884477	0.0605634	0.0564516	0.0575221	0.0485961	0.0263405	0.0462428	0.0202247	0.0110149	0.0187735	0.0176282	0.0260078	0.0319149	0.0335766	0.0406607	0.0414993	0.0535714	0.0971963	0.0889749	0.1061728	0.0997653	0.0903614	0.1119069	0.098063	0.1142098	0.1003521	0.0754717	0.0924855	0.0638629	0.1276978	0.1657534	0.1895551	0.193133	0.1245791	0.1574468	0.1552163	0.1392758	0.1149733	0.1303483	
Hybride Mouette rieuse x M. mélanocéphale	0.0	0.0	0.0	0.0	0.0	0.0	0.0	0.0	0.0	0.0	0.0	0.0	0.0	0.0	0.0	0.0	0.0	7.868E-4	0.0	0.0	0.0	0.0	0.0	0.0	0.0	0.0	0.0015	0.0	0.0	0.0	0.0	0.0	0.0	0.0	0.0	0.0	0.0	0.0	0.0	0.0	0.0	0.0	0.0	0.0	0.0	0.0	0.0	0.0	
Mouette rieuse ou M. mélanocéphale	0.0	0.0	0.0	0.0	0.0	0.0	0.0	0.0	0.0	0.0	0.0	0.0	0.0	0.0	0.0	0.0	0.0	0.0	0.0	0.0	0.0	0.0	0.0	0.0	0.0	0.0	0.0	6.447E-4	0.0	0.0	0.0	0.0	0.0	0.0	0.0	0.0015	0.0	0.0	0.0	0.0	0.0	0.0	0.0	0.0	0.0	0.0	0.0	0.0	
Goéland cendré	0.0651596	0.0854545	0.0675991	0.0735294	0.0504386	0.0605536	0.0687332	0.0704441	0.0661896	0.0559567	0.0394366	0.0368664	0.0099558	0.0064795	0.0075259	0.0123865	0.0022472	0.0	0.0037547	0.0016026	0.0026008	0.0030395	0.0014599	0.0025413	0.0013387	0.0011161	0.0037383	0.005158	0.0049383	0.0035211	0.0090361	0.007162	0.0084746	0.0079681	0.0052817	0.011611	0.0096339	0.0109034	0.0251799	0.0452055	0.0502901	0.0536481	0.0639731	0.0808511	0.086514	0.1002786	0.0508021	0.0517413	
Goéland à bec cerclé	0.0093085	0.0036364	0.006993	0.0073529	0.0065789	0.0069204	0.0053908	0.0107198	0.0015	0.0054152	0.0	0.0011521	0.0015	0.0	0.0	0.0	0.0	0.0	0.0	0.0	0.0	0.0	0.0	0.0	0.0	0.0	0.0	0.0	0.0	0.0	0.0	0.0	0.0	0.0	0.0	0.0	0.0	0.0	0.0035971	0.0015	0.0	0.0021459	0.003367	0.0085106	0.0025445	0.0250696	0.0026738	0.00199	
Goéland pontique	0.018617	0.0072727	0.009324	0.0132353	0.004386	0.0103806	0.009434	0.0153139	0.0214669	0.0036101	0.0056338	0.0023041	0.0011062	0.0032397	9.407E-4	0.0015	0.0033708	7.868E-4	0.0	0.0015	0.0	0.0	0.0014599	0.0	0.0	0.0	0.0015	6.447E-4	0.0	0.0011737	0.001004	0.0015	0.0015	0.0015	0.0015	0.0058055	0.0038536	0.0046729	0.0089928	0.0041096	0.0019342	0.0085837	0.006734	0.012766	0.0076336	0.005571	0.0106952	0.0119403	
Goéland d'Amérique	0.0	0.0	0.0	0.0015	0.0	0.0017301	0.0026954	0.0015	0.0035778	0.0015	0.0	0.0	0.0	0.0	0.0	0.0	0.0	0.0	0.0	0.0	0.0	0.0	0.0	0.0	0.0	0.0	0.0	0.0	0.0	0.0	0.0	0.0	0.0	0.0	0.0	0.0	0.0	0.0	0.0	0.0	0.0	0.0	0.0	0.0	0.0	0.0	0.0	0.0	
Goéland argenté	0.1515957	0.1872727	0.1678322	0.1720588	0.0899123	0.16609	0.1927224	0.179173	0.1538462	0.1462094	0.1408451	0.1140553	0.1084071	0.1144708	0.1091251	0.1090008	0.0910112	0.054288	0.0413016	0.0456731	0.0741222	0.0744681	0.0773723	0.0749682	0.064257	0.0770089	0.1028037	0.1031593	0.1135802	0.1150235	0.1475904	0.1593554	0.1452785	0.1513944	0.1197183	0.0769231	0.0924855	0.0934579	0.1384892	0.1972603	0.1895551	0.1609442	0.1919192	0.1340426	0.1221374	0.091922	0.1657754	0.161194	
Hybride Goéland pontique x G. argenté	0.0	0.0	0.0	0.0	0.0	0.0017301	0.0	0.0015314	0.0	0.0	0.0	0.0	0.0	0.0	0.0	0.0	0.0	0.0	0.0	0.0	0.0	0.0	0.0	0.0	0.0	0.0	0.0	0.0	0.0	0.0	0.0	0.0	0.0	0.0	0.0	0.0	0.0	0.0	0.0	0.0	0.0	0.0	0.0	0.0	0.0025445	0.0	0.0	0.0	
Goéland leucophée	0.2154255	0.24	0.2354312	0.2308824	0.1578947	0.1712803	0.1522911	0.179173	0.2236136	0.2039711	0.1647887	0.1785714	0.1559735	0.150108	0.1298213	0.1478117	0.1157303	0.0896932	0.1088861	0.1017628	0.1118336	0.0759878	0.0890511	0.13723	0.1713521	0.1651786	0.1803738	0.166989	0.1679012	0.1901408	0.2238956	0.1978514	0.1937046	0.2018592	0.1901408	0.1523948	0.1368015	0.1588785	0.1600719	0.1589041	0.205029	0.248927	0.2255892	0.2829787	0.2977099	0.275766	0.1604278	0.2039801	
Goéland pontique ou G. leucophée	0.0	0.0	0.002331	0.0	0.0	0.0	0.0	0.0	0.0017889	0.0	0.0	0.0	0.0	0.0	0.0	0.0	0.0	0.0	0.0	0.0	0.0	0.0	0.0	0.0	0.0	0.0	0.0	0.0	0.0	0.0	0.0	0.0	0.0	0.0	0.0	0.0	0.0	0.0	0.0	0.0	0.0	0.0	0.0	0.0021277	0.0	0.0	0.0	0.0	
Goéland argenté ou G. leucophée	0.0039894	0.0018182	0.004662	0.0029412	0.0	0.0	0.0040431	0.0	0.0017889	0.0	0.0	0.0069124	0.0022124	0.0010799	0.0028222	0.0041288	0.0	0.0047207	0.0037547	0.0016026	0.0026008	0.0030395	0.0	0.0038119	0.0026774	0.0	0.0018692	0.0070922	0.0012346	0.0023474	0.0050201	0.0053715	0.0024213	0.0039841	0.0052817	0.0058055	0.0019268	0.0031153	0.0035971	0.0109589	0.0174081	0.0085837	0.003367	0.0	0.0050891	0.0083565	0.0026738	0.0039801	
Goéland pontique, G. argenté ou G. leucophée	0.0015	0.0015	0.0015	0.0015	0.0	0.0034602	0.0015	0.0	0.0017889	0.0	0.0	0.0	0.0	0.0	0.0	0.0	0.0	0.0	0.0	0.0	0.0	0.0	0.0	0.0	0.0	0.0015	0.0	0.0	0.0	0.0	0.0	0.0	0.0	0.001328	0.0	0.0	0.0	0.0	0.0017986	0.0	0.0015	0.0021459	0.0	0.0021277	0.0	0.0	0.0026738	0.0015	
Goéland marin	0.1981383	0.1872727	0.1655012	0.1573529	0.0964912	0.1695502	0.1832884	0.1592649	0.1323792	0.1083032	0.1197183	0.093318	0.0884956	0.1015119	0.0865475	0.1007432	0.0730337	0.0519276	0.0525657	0.0424679	0.0442133	0.0455927	0.0613139	0.0736976	0.0682731	0.0636161	0.0841121	0.0999355	0.1111111	0.1244131	0.1646586	0.1709937	0.1585956	0.1540505	0.1161972	0.1059507	0.105973	0.0825545	0.1402878	0.1890411	0.2166344	0.1738197	0.1885522	0.1851064	0.178117	0.1448468	0.1657754	0.1940299	
Goéland bourgmestre	0.0013298	0.0018182	0.0	0.0029412	0.0015	0.0034602	0.0015	0.0015	0.0015	0.0018051	0.0	0.0015	0.0	0.0	0.0	0.0	0.0	0.0	0.0	0.0	0.0	0.0	0.0	0.0	0.0	0.0	0.0	0.0	0.0	0.0	0.0	0.0	0.0	0.0	0.0	0.0	0.0	0.0	0.0	0.0	0.0	0.0	0.003367	0.0015	0.0025445	0.0015	0.0015	9.95E-4	
Hybride Goéland argenté x G. bourgmestre	0.0	0.0	0.0	0.0	0.0	0.0	0.0	0.0015	0.0015	0.0	0.0	0.0	0.0	0.0	0.0	0.0	0.0	0.0	0.0	0.0	0.0	0.0	0.0	0.0	0.0	0.0	0.0	0.0	0.0	0.0	0.0	0.0	0.0	0.0	0.0	0.0	0.0	0.0	0.0	0.0	0.0	0.0	0.0	0.0	0.0	0.0	0.0	0.0	
Goéland brun	0.1449468	0.1418182	0.1398601	0.1573529	0.0635965	0.1401384	0.1401617	0.1592649	0.1288014	0.099278	0.1028169	0.09447	0.0674779	0.075594	0.0724365	0.0611065	0.041573	0.0409127	0.0237797	0.0232372	0.0442133	0.0273556	0.0321168	0.0330368	0.0468541	0.0457589	0.0654206	0.0909091	0.1	0.1150235	0.1495984	0.1566697	0.1331719	0.1142098	0.0669014	0.0754717	0.0982659	0.0903427	0.1402878	0.1369863	0.1489362	0.1716738	0.1649832	0.1893617	0.1857506	0.1810585	0.1390374	0.1562189	
Goéland leucophée ou G. brun	0.0	0.0	0.002331	0.0	0.0	0.0	0.0	0.0	0.0	0.0	0.0	0.0	0.0	0.0	9.407E-4	0.0	0.0	0.0	0.0	8.013E-4	0.0	0.0045593	0.0	0.0	0.0	0.0011161	0.0018692	6.447E-4	0.0	0.0	0.0	0.0	0.0	0.002656	0.0017606	0.0029028	0.0	0.0015576	0.0	0.0	0.0	0.0	0.0	0.0021277	0.0	0.0	0.0	0.0	
Goéland à ailes blanches	0.0	0.0015	0.0	0.0014706	0.002193	0.0017301	0.0015	0.0015	0.0015	0.0	0.0	0.0	0.0015	0.0	0.0	0.0	0.0	0.0	0.0	0.0	0.0	0.0	0.0	0.0	0.0	0.0	0.0	0.0	0.0	0.0	0.0	0.0	0.0	0.001328	0.0	0.0	0.0	0.0	0.0	0.0	0.0019342	0.0	0.0	0.0	0.0	0.0	0.0	0.0	
goéland sp. (Larus sp.)	0.0039894	0.0109091	0.013986	0.0073529	0.0015	0.0017301	0.0040431	0.0015314	0.0053667	0.0036101	0.0028169	0.0057604	0.0022124	0.0075594	0.0075259	0.0024773	0.0022472	0.007081	0.0075094	0.0080128	0.0026008	0.006079	0.0058394	0.0063532	0.0013387	0.0066964	0.0084112	6.447E-4	0.0111111	0.0070423	0.0040161	0.0017905	0.0096852	0.002656	0.0052817	0.0058055	0.0038536	0.0031153	0.0107914	0.0109589	0.0077369	0.0042918	0.003367	0.0191489	0.0152672	0.0139276	0.0053476	0.0079602	
goéland ou mouette sp.	0.0039894	0.0109091	0.0	0.0073529	0.0109649	0.0017301	0.0026954	0.0061256	0.0017889	0.0	0.0014085	0.0080645	0.0011062	0.0010799	0.0018815	0.0041288	0.0033708	0.0015736	0.0050063	0.0072115	0.0117035	0.0106383	0.0058394	0.0012706	0.0026774	0.0022321	9.346E-4	0.0058027	0.008642	0.0046948	0.0060241	0.0062668	0.0012107	0.0039841	0.0070423	0.0087083	0.0096339	0.0015	0.0017986	0.0054795	0.0096712	0.0150215	0.006734	0.0021277	0.0050891	0.0167131	0.0053476	0.0069652	
Sterne fuligineuse	0.0	0.0	0.0	0.0	0.0	0.0	0.0	0.0	0.0	0.0	0.0	0.0	0.0	0.0	0.0	0.0	0.0	0.0	0.0	0.0	0.0	0.0	0.0	0.0	0.0	0.0	0.0	0.0012895	0.0049383	0.0015	0.0	0.0	0.0	0.0	0.0	0.0	0.0	0.0	0.0	0.0	0.0	0.0	0.0	0.0	0.0	0.0	0.0	0.0	
Sterne fuligineuse ou S. bridée	0.0	0.0	0.0	0.0	0.0	0.0	0.0	0.0	0.0	0.0	0.0	0.0	0.0	0.0	0.0	0.0	0.0	0.0	0.0	0.0	0.0	0.0	0.0	0.0	0.0	0.0	0.0	0.0015	0.0	0.0	0.0	0.0	0.0	0.0	0.0	0.0	0.0	0.0	0.0	0.0	0.0	0.0	0.0	0.0	0.0	0.0	0.0	0.0	
Sterne naine	0.0	0.0	0.0	0.0	0.0	0.0	0.0	0.0	0.0	0.0	0.0	0.0	0.0011062	0.0021598	9.407E-4	0.0015	0.0011236	0.0023603	0.0037547	0.0016026	0.0026008	0.0015198	0.0043796	0.0050826	0.0040161	0.0011161	0.0084112	0.0096712	0.0111111	0.0176056	0.0271084	0.0322292	0.0302663	0.0398406	0.0299296	0.0072569	0.0038536	0.0015	0.0035971	0.0013699	0.0038685	0.0	0.0	0.0	0.0	0.0	0.0	0.0	
Sterne hansel	0.0	0.0	0.0	0.0015	0.0	0.0	0.0	0.0	0.0017889	0.0	0.0015	0.0	0.0	0.0	0.0	0.0	0.0	0.0	0.0012516	0.0	0.0052016	0.0	0.0	0.0015	0.0026774	0.0033482	0.0	0.0045132	0.0098765	0.0093897	0.0080321	0.007162	0.0	0.001328	0.0	0.0	0.0	0.0	0.0	0.0	0.0	0.0	0.0	0.0	0.0	0.0	0.0	0.0	
Sterne caspienne	0.0	0.0	0.0	0.0	0.0	0.0	0.0	0.0	0.0	0.0	0.0	0.0046083	0.005531	0.0032397	0.0047037	8.258E-4	0.0011236	7.868E-4	0.0025031	0.0	0.0	0.0015	0.0015	0.0	0.0	0.0011161	0.0	0.0	0.0049383	0.0117371	0.0100402	0.0080573	0.0121065	0.0053121	0.0070423	0.0043541	0.0	0.0	0.0	0.0	0.0	0.0	0.0	0.0	0.0	0.0	0.0	0.0	
Guifette moustac	0.0	0.0	0.0	0.0	0.0	0.0	0.0	0.0	0.0	0.0	0.0	0.0015	0.0088496	0.012959	0.0188147	0.0346821	0.0179775	0.0188828	0.020025	0.0136218	0.0091027	0.0075988	0.0029197	0.0076239	0.0053548	0.0055804	0.0037383	0.0038685	0.0024691	0.0011737	0.0040161	0.0017905	0.0015	0.001328	0.0105634	0.0029028	0.0019268	0.0015	0.0017986	0.0013699	0.0015	0.0	0.0	0.0	0.0	0.0	0.0	0.0	
Guifette noire	0.0	0.0	0.0	0.0	0.0	0.0	0.0	0.0	0.0	0.0	0.0	0.0011521	0.0	0.0043197	0.0056444	0.0198183	0.0123596	0.0110149	0.0187735	0.0072115	0.0078023	0.006079	0.0087591	0.0050826	0.0040161	0.0044643	0.0074766	0.0109607	0.017284	0.0211268	0.0281124	0.034915	0.0399516	0.0451527	0.0457746	0.0348331	0.0211946	0.0015576	0.0015	0.0027397	0.0019342	0.0021459	0.0	0.0021277	0.0	0.0	0.0	0.0	
Guifette leucoptère	0.0	0.0	0.0	0.0	0.0	0.0	0.0	0.0	0.0	0.0	0.0	0.0	0.0	0.0	0.0	0.0015	0.0015	7.868E-4	0.0012516	0.0	0.0	0.0	0.0	0.0	0.0013387	0.0	0.0	0.0	0.0	0.0011737	0.003012	0.0062668	0.0096852	0.0066401	0.0017606	0.0014514	0.0015	0.0	0.0	0.0	0.0	0.0	0.0	0.0	0.0	0.0	0.0	0.0	
Sterne arctique	0.0	0.0	0.0	0.0	0.0	0.0	0.0	0.0	0.0	0.0	0.0	0.0	0.0	0.0	0.0	0.0	0.0015	7.868E-4	0.0015	0.0	0.0	0.0	0.0	0.0	0.0	0.0	0.0	0.0015	0.0012346	0.0	0.0040161	0.0026858	0.0060533	0.0079681	0.0017606	0.011611	0.0077071	0.0015576	0.0017986	0.0054795	0.0154739	0.0171674	0.010101	0.0	0.0	0.0	0.0	0.0	
Sterne pierregarin	0.0	0.0	0.0	0.0	0.0	0.0	0.0	0.0	0.0	0.0	0.0042254	0.0115207	0.0331858	0.0529158	0.042333	0.0611065	0.0629213	0.0582219	0.0362954	0.0400641	0.0754226	0.0440729	0.0613139	0.0660737	0.0441767	0.0736607	0.0775701	0.0909091	0.0975309	0.07277	0.1014056	0.1020591	0.0774818	0.0756972	0.0369718	0.0232221	0.0250482	0.0109034	0.0125899	0.0068493	0.032882	0.0150215	0.020202	0.006383	0.0025445	0.0	0.0	9.95E-4	
Sterne pierregarin ou S. arctique	0.0	0.0	0.0	0.0	0.0	0.0	0.0	0.0	0.0	0.0	0.0	0.0	0.0	0.0	0.0	8.258E-4	0.0	0.0015736	0.0	0.0	0.0	0.0	0.0	0.0	0.0	0.0015	0.0015	6.447E-4	0.0	0.0	0.001004	0.0017905	0.0	0.0	0.0	0.0072569	0.0	0.0031153	0.0	0.0	0.0058027	0.0064378	0.0	0.0	0.0	0.0	0.0	0.0	
Sterne de Dougall	0.0	0.0	0.0	0.0	0.0	0.0	0.0	0.0	0.0	0.0	0.0	0.0	0.0	0.0	9.407E-4	0.0	0.0	0.0	0.0	0.0	0.0015	0.0	0.0	0.0	0.0	0.0	0.0	0.0	0.0	0.0011737	0.0	8.953E-4	0.0	0.0	0.0	0.0	0.0	0.0	0.0	0.0013699	0.0	0.0	0.0	0.0	0.0	0.0	0.0	0.0	
Sterne caugek	0.0545213	0.0581818	0.0606061	0.0455882	0.0263158	0.0259516	0.0390836	0.0398162	0.0322004	0.0270758	0.0366197	0.0460829	0.0497788	0.0464363	0.0507996	0.0379851	0.0280899	0.0165224	0.0100125	0.0072115	0.0117035	0.0151976	0.0145985	0.0381194	0.0307898	0.0267857	0.0588785	0.0715667	0.091358	0.0821596	0.123494	0.1217547	0.1162228	0.0996016	0.0739437	0.0740203	0.0558767	0.046729	0.0521583	0.0986301	0.0967118	0.0922747	0.0606061	0.0787234	0.0661578	0.0473538	0.0294118	0.0487562	
Sterne élégante	0.0	0.0	0.0	0.0	0.0	0.0	0.0	0.0	0.0	0.0	0.0	0.0	0.0	0.0	9.407E-4	0.0	0.0	0.0	0.0	0.0015	0.0	0.0	0.0	0.0025413	0.0	0.0	0.0	0.0015	0.0	0.0	0.0	0.0	0.0015	0.0	0.0	0.0015	0.0	0.0	0.0	0.0	0.0	0.0	0.0	0.0	0.0	0.0	0.0	0.0	
Hybride Sterne caugek x S. élégante	0.0	0.0	0.0	0.0	0.0	0.0	0.0	0.0	0.0	0.0	0.0	0.0	0.0	0.0	0.0	8.258E-4	0.0	0.0	0.0	0.0	0.0	0.0	0.0	0.0	0.0	0.0	0.0	0.0015	0.0	0.0	0.0	0.0	0.0015	0.0	0.0	0.0	0.0	0.0	0.0	0.0	0.0	0.0	0.0	0.0	0.0	0.0	0.0	0.0	
Sterne voyageuse	0.0013298	0.0015	0.0	0.0014706	0.0	0.0	0.0	0.0	0.0	0.0	0.0	0.0	0.0	0.0	0.0	0.0	0.0	0.0	0.0	0.0	0.0	0.0	0.0	0.0	0.0	0.0	0.0	0.0	0.0	0.0	0.0	0.0	0.0	0.0	0.0	0.0	0.0	0.0	0.0017986	0.0	0.0	0.0	0.0	0.0	0.0	0.0	0.0	0.0	
sterne sp.	0.0	0.0	0.0	0.0014706	0.0	0.0	0.0	0.0	0.0	0.0	0.0	0.0	0.0	0.0	9.407E-4	0.0016515	0.0022472	0.0015736	0.0037547	0.0016026	0.0013004	0.0	0.0	0.0012706	0.0013387	0.0	0.0	0.0012895	0.0024691	0.0011737	0.0040161	0.0053715	0.003632	0.0039841	0.0017606	0.0043541	0.0019268	0.0031153	0.0017986	0.0	0.0038685	0.0	0.003367	0.0	0.0025445	0.0	0.0	9.95E-4	
goéland ou sterne sp.	0.0	0.0	0.0	0.0	0.0	0.0	0.0	0.0	0.0	0.0	0.0015	0.0	0.0	0.0	0.0	0.0	0.0	0.0	0.0	0.0	0.0	0.0	0.0	0.0	0.0	0.0	0.0	0.0	0.0	0.0	0.0	0.0	0.0	0.0	0.0	0.0	0.0	0.0	0.0	0.0	0.0	0.0	0.0	0.0	0.0	0.0	0.0	0.0	
Flamant rose	0.018617	0.0163636	0.002331	0.0073529	0.002193	0.0017301	0.0	0.0015	0.0017889	0.0015	0.0014085	0.0034562	0.0022124	0.0032397	0.0056444	0.0049546	0.0022472	0.0	0.0062578	0.0040064	0.0052016	0.0030395	0.0	0.0114358	0.0093708	0.0011161	0.0037383	0.0045132	0.0	0.008216	0.0070281	0.003581	0.0048426	0.0092961	0.0088028	0.0188679	0.0057803	0.0046729	0.0053957	0.0054795	0.0154739	0.0107296	0.016835	0.006383	0.0127226	0.0194986	0.0187166	0.0149254	
Grèbe castagneux	0.0864362	0.0672727	0.1305361	0.0911765	0.0942982	0.0865052	0.0929919	0.0658499	0.0822898	0.0776173	0.0985915	0.0679724	0.0542035	0.0421166	0.0301035	0.0355078	0.0494382	0.0346184	0.0362954	0.0344551	0.0585176	0.0440729	0.0510949	0.0533672	0.0481928	0.0457589	0.0570093	0.0515796	0.0592593	0.0704225	0.0833333	0.0760967	0.0677966	0.0783533	0.1443662	0.0812772	0.0809249	0.0856698	0.0557554	0.0890411	0.0773694	0.1008584	0.0808081	0.1021277	0.1145038	0.1337047	0.1363636	0.0646766	
Grèbe à bec bigarré	0.0	0.0	0.0	0.0	0.0	0.0	0.0	0.0	0.0	0.0	0.0	0.0	0.0	0.0	0.0	0.0	0.0	0.0	0.0	0.0	0.0	0.0015198	0.0015	0.0	0.0	0.0	0.0	0.0	0.0	0.0	0.0	0.0	0.0	0.0	0.0	0.0	0.0	0.0	0.0	0.0	0.0	0.0	0.0	0.0	0.0	0.0	0.0	0.0	
Grèbe esclavon	0.0265957	0.0290909	0.009324	0.0191176	0.0175439	0.0224913	0.0107817	0.0199081	0.0053667	0.0018051	0.0042254	0.0023041	0.0022124	0.0021598	0.0	0.0	0.0	0.0	0.0	0.0	0.0	0.0	0.0	0.0	0.0	0.0	0.0	0.0	0.0	0.0	0.0	0.0	0.0	0.0	0.0	0.0	0.0	0.0	0.0	0.0013699	0.0015	0.0021459	0.013468	0.0085106	0.0050891	0.0027855	0.0240642	0.0348259	
Grèbe jougris	0.0026596	0.0054545	0.002331	0.0044118	0.004386	0.0034602	0.0053908	0.0030628	0.0	0.0	0.0015	0.0015	0.0015	0.0015	0.0015	0.0	0.0	0.0	0.0	0.0015	0.0	0.0	0.0	0.0	0.0	0.0	0.0	0.0	0.0	0.0	0.0	0.0	0.0	0.0	0.0	0.0	0.0	0.0	0.0	0.0013699	0.0	0.0015	0.003367	0.0021277	0.0025445	0.0027855	0.0026738	9.95E-4	
Grèbe huppé	0.1077128	0.1145455	0.1328671	0.1147059	0.0986842	0.1038062	0.0768194	0.0903522	0.0840787	0.0920578	0.1084507	0.0841014	0.0785398	0.0604752	0.0479774	0.0445912	0.047191	0.0346184	0.0375469	0.0360577	0.0429129	0.0212766	0.0379562	0.0355781	0.0307898	0.0256696	0.0457944	0.0393295	0.0506173	0.0481221	0.0552209	0.038496	0.0399516	0.0571049	0.0510563	0.0261248	0.0289017	0.029595	0.0179856	0.0438356	0.0290135	0.055794	0.1010101	0.0702128	0.0941476	0.1142061	0.0695187	0.1014925	
Grèbe à cou noir	0.0345745	0.0290909	0.034965	0.0338235	0.0263158	0.032872	0.0309973	0.042879	0.0107335	0.0090253	0.0028169	0.0034562	0.0077434	0.0053996	0.0028222	0.0057803	0.0044944	0.0047207	0.0037547	0.0032051	0.0026008	0.0015	0.0029197	0.0012706	0.0013387	0.0011161	0.0018692	0.0038685	0.0037037	0.0023474	0.0080321	0.0026858	0.0096852	0.0039841	0.0193662	0.0043541	0.0077071	0.0062305	0.0017986	0.0123288	0.0096712	0.0150215	0.020202	0.0191489	0.0330789	0.0362117	0.0294118	0.0318408	
Grèbe esclavon ou G. à cou noir	0.0	0.0	0.002331	0.0	0.0	0.0	0.0	0.0	0.0	0.0	0.0	0.0	0.0	0.0	0.0	0.0	0.0	0.0	0.0	0.0	0.0	0.0015198	0.0	0.0	0.0	0.0	0.0	0.0	0.0	0.0	0.0	0.0	0.0	0.0	0.0	0.0	0.0	0.0	0.0	0.0	0.0	0.0	0.0	0.0	0.0	0.0	0.0	0.00199	
grèbe sp.	0.0	0.0	0.0	0.0	0.0	0.0	0.0	0.0	0.0	0.0	0.0	0.0	0.0	0.0	0.0	0.0	0.0	0.0	0.0	0.0	0.0	0.0	0.0	0.0	0.0	0.0	0.0	0.0	0.0	0.0	0.0	0.0	0.0	0.0	0.0	0.0	0.0	0.0015	0.0	0.0	0.0	0.0	0.0	0.0	0.0	0.0	0.0	0.0	
Plongeon catmarin	0.025266	0.0327273	0.027972	0.0161765	0.0197368	0.0121107	0.0161725	0.0030628	0.0161002	0.0108303	0.0126761	0.0092166	0.005531	0.0015	9.407E-4	0.0016515	0.0	0.0	0.0	0.0	0.0	0.0	0.0	0.0	0.0	0.0	0.0	0.0	0.0	0.0	0.0	0.0	0.0	0.0	0.0017606	0.0	0.0	0.0	0.0015	0.0015	0.0077369	0.0042918	0.020202	0.0106383	0.0101781	0.0194986	0.040107	0.0278607	
Plongeon arctique	0.0026596	0.0090909	0.006993	0.0014706	0.002193	0.0069204	0.0015	0.0061256	0.0017889	0.0018051	0.0028169	0.0023041	0.0022124	0.0010799	9.407E-4	0.0	0.0	0.0	0.0	0.0	0.0	0.0	0.0	0.0	0.0	0.0	0.0	0.0	0.0	0.0	0.0	0.0	0.0	0.0	0.0	0.0	0.0	0.0	0.0	0.0013699	0.0	0.0042918	0.0015	0.0	0.0015	0.0015	0.0026738	0.0069652	
Plongeon imbrin	0.0385638	0.0363636	0.027972	0.0176471	0.0153509	0.0224913	0.0269542	0.0199081	0.0017889	0.0018051	0.0042254	0.0046083	0.0066372	0.0107991	0.0056444	0.0057803	0.005618	0.0015736	0.0015	0.0	0.0	0.0	0.0	0.0	0.0	0.0	0.0	0.0	0.0	0.0	0.0	0.0	0.0	0.0	0.0	0.0	0.0	0.0	0.0017986	0.0013699	0.0019342	0.0107296	0.006734	0.006383	0.0127226	0.0278552	0.0374332	0.041791	
plongeon sp.	0.0039894	0.0036364	0.0	0.0044118	0.002193	0.0	0.0013477	0.0015314	0.0	0.0	0.0	0.0011521	0.0011062	0.0010799	0.0	0.0	0.0015	7.868E-4	0.0	0.0	0.0	0.0	0.0	0.0	0.0	0.0	0.0	0.0	0.0	0.0	0.0	0.0	0.0	0.0	0.0	0.0	0.0	0.0	0.0	0.0015	0.0	0.0	0.0	0.0021277	0.0	0.0	0.0	0.0049751	
Océanite de Wilson	0.0	0.0	0.0	0.0	0.0	0.0	0.0	0.0	0.0	0.0	0.0	0.0	0.0	0.0	0.0	0.0	0.0	0.0	0.0	0.0	0.0	0.0	0.0	0.0	0.0	0.0	9.346E-4	0.0012895	0.0012346	0.0015	0.0050201	0.0	0.0060533	0.0	0.0015	0.0	0.0	0.0	0.0	0.0	0.0077369	0.0	0.0	0.0	0.0	0.0	0.0	0.0	
Oceanites sp.	0.0	0.0	0.0	0.0	0.0	0.0	0.0	0.0	0.0	0.0	0.0	0.0	0.0	0.0	0.0	0.0	0.0	0.0	0.0	0.0	0.0	0.0	0.0	0.0	0.0	0.0	0.0	0.0	0.0	0.0	0.0	0.0	0.0	0.0	0.0	0.0	0.0	0.0	0.0	0.0013699	0.0019342	0.0	0.0	0.0	0.0	0.0	0.0	0.0	
Océanite tempête	0.0026596	0.0	0.0	0.0	0.0	0.0017301	0.0013477	0.0	0.0	0.0	0.0	0.0011521	0.0	0.0	0.0015	0.0	0.0	0.0	0.0	0.0	0.0	0.0	0.0	0.0	0.0	0.0	9.346E-4	0.0045132	0.0049383	0.0035211	0.0190763	0.007162	0.0121065	0.002656	0.0105634	0.0014514	0.0019268	0.0015	0.0035971	0.0041096	0.0174081	0.0015	0.010101	0.0042553	0.0	0.0	0.0	0.0	
Océanite culblanc	0.0013298	0.0	0.002331	0.0	0.0	0.0017301	0.0	0.0	0.0	0.0	0.0	0.0	0.0	0.0	0.0	0.0	0.0	0.0	0.0	0.0	0.0	0.0	0.0	0.0	0.0	0.0	0.0	0.0	0.0	0.0	0.0	0.0	0.0012107	0.0	0.0	0.0058055	0.0019268	0.0	0.0015	0.0315068	0.0618956	0.0171674	0.020202	0.0148936	0.0	0.005571	0.0	0.0	
Hydrobates sp.	0.0	0.0	0.0	0.0	0.0	0.0	0.0	0.0	0.0	0.0	0.0	0.0	0.0	0.0	0.0	0.0	0.0	0.0	0.0	0.0	0.0	0.0	0.0	0.0	0.0	0.0	0.0	0.0	0.0	0.0	0.0	0.0	0.0	0.0	0.0	0.0	0.0	0.0	0.0	0.0	0.0015	0.0	0.003367	0.0021277	0.0	0.0	0.0	0.0	
océanite sp.	0.0	0.0	0.0	0.0	0.0	0.0	0.0	0.0	0.0	0.0	0.0	0.0	0.0	0.0	0.0	0.0	0.0	0.0	0.0	0.0	0.0	0.0	0.0	0.0	0.0	0.0	9.346E-4	0.0	0.0	0.0	0.0	0.0	0.0	0.0	0.0	0.0014514	0.0	0.0	0.0	0.0015	0.0	0.0	0.0	0.0	0.0	0.0	0.0	0.0	
Fulmar boréal	0.0	0.0	0.0015	0.0	0.0	0.0	0.0	0.0	0.0	0.0	0.0	0.0	0.0	0.0010799	0.0015	8.258E-4	0.0	0.0	0.0	8.013E-4	0.0	0.0015	0.0029197	0.0015	0.0	0.0015	0.0	6.447E-4	0.0	0.0015	0.0015	0.0	0.0015	0.0	0.0015	0.0	0.0	0.0	0.0	0.0	0.0	0.0	0.0	0.0	0.0	0.0	0.0	0.0015	
Puffin cendré	0.0	0.0	0.0	0.0	0.0	0.0	0.0	0.0	0.0	0.0	0.0	0.0	0.0	0.0	0.0	0.0	0.0	0.0	0.0	0.0	0.0013004	0.0	0.0	0.0	0.0	0.0022321	0.0046729	0.0038685	0.0024691	0.0035211	0.0050201	0.0026858	0.0072639	0.001328	0.0088028	0.0029028	0.0019268	0.0015576	0.0015	0.0013699	0.0	0.0	0.0	0.0	0.0	0.0	0.0	0.0	
Puffin de Scopoli	0.0	0.0	0.0	0.0	0.0	0.0	0.0	0.0	0.0	0.0	0.0	0.0	0.0	0.0	0.0	0.0	0.0	0.0	0.0	0.0	0.0	0.0	0.0	0.0	0.0	0.0	0.0	0.0	0.0	0.0	0.0	0.0	0.0024213	0.0	0.0015	0.0	0.0	0.0	0.0	0.0	0.0	0.0	0.0	0.0	0.0	0.0	0.0	0.0	
Puffin cendré ou P. de Scopoli	0.0	0.0	0.0	0.0	0.0	0.0	0.0	0.0	0.0	0.0	0.0	0.0	0.0	0.0	0.0	0.0	0.0	0.0	0.0	0.0	0.0	0.0	0.0014599	0.0	0.0015	0.0	0.0028037	0.0103159	0.0111111	0.0035211	0.0120482	0.0098478	0.0072639	0.001328	0.0017606	0.0	0.0019268	0.0015576	0.0	0.0013699	0.0	0.0	0.0	0.0	0.0	0.0	0.0	0.0	
Puffin majeur	0.0	0.0	0.0	0.0	0.0	0.0	0.0	0.0	0.0	0.0	0.0	0.0	0.0	0.0	0.0	0.0	0.0	0.0	0.0	0.0	0.0	0.0	0.0	0.0	0.0	0.0015	0.0	0.0012895	0.0012346	0.0011737	0.0090361	0.003581	0.0024213	0.001328	0.0015	0.0014514	0.0015	0.0031153	0.0035971	0.0041096	0.0	0.0	0.0	0.0	0.0	0.0	0.0	0.0	
Puffin cendré, P. de Scopoli ou P. majeur	0.0	0.0	0.0	0.0	0.0	0.0	0.0	0.0	0.0	0.0	0.0	0.0	0.0	0.0	0.0	0.0	0.0	0.0	0.0	0.0	0.0	0.0	0.0	0.0	0.0	0.0	0.0	0.0015	0.0012346	0.0	0.0	8.953E-4	0.0	0.0	0.0	0.0	0.0	0.0	0.0	0.0	0.0	0.0	0.0	0.0	0.0	0.0	0.0	0.0	
Puffin fuligineux	0.0	0.0015	0.0	0.0	0.0	0.0	0.0	0.0	0.0	0.0	0.0	0.0	0.0	0.0	0.0	8.258E-4	0.0015	0.0	0.0	0.0	0.0	0.0	0.0	0.0	0.0	0.0	0.0028037	0.0012895	0.0024691	0.0011737	0.0090361	0.0053715	0.0060533	0.0039841	0.0017606	0.0058055	0.0057803	0.0077882	0.0017986	0.0027397	0.0019342	0.0042918	0.006734	0.0	0.0	0.0	0.0	0.0	
Puffin des Anglais	0.0013298	0.0015	0.0	0.0	0.0	0.0	0.0	0.0	0.0	0.0015	0.0	0.0011521	0.0011062	0.0	0.0	0.0	0.0011236	0.0015	0.0012516	0.0	0.0013004	0.0	0.0014599	0.0	0.0015	0.0	0.0028037	0.0038685	0.0024691	0.0023474	0.003012	0.0053715	0.0012107	0.002656	0.0015	0.0014514	0.0015	0.0031153	0.0017986	0.0013699	0.0	0.0	0.0	0.0	0.0	0.0	0.0015	0.0	
Puffin des Baléares	0.0013298	0.0015	0.0	0.0029412	0.0	0.0	0.0	0.0	0.0017889	0.0	0.0	0.0	0.005531	0.0021598	0.0028222	0.0041288	0.0033708	0.0031471	0.0012516	0.0016026	0.0039012	0.0030395	0.0029197	0.0038119	0.0015	0.0022321	0.0074766	0.0096712	0.0135802	0.0105634	0.0240964	0.0134288	0.0290557	0.0106242	0.0211268	0.011611	0.0115607	0.0109034	0.0125899	0.0109589	0.0116054	0.0107296	0.010101	0.0042553	0.0	0.0	0.0015	0.0	
Puffin yelkouan ou P. des Baléares	0.0	0.0	0.0	0.0	0.0	0.0	0.0	0.0	0.0	0.0	0.0	0.0	0.0	0.0	0.0	0.0	0.0	0.0	0.0	0.0	0.0	0.0	0.0	0.0	0.0	0.0011161	9.346E-4	6.447E-4	0.0	0.0	0.0	0.0	0.0	0.0	0.0	0.0	0.0	0.0	0.0	0.0	0.0	0.0	0.0	0.0	0.0	0.0	0.0	0.0	
Calonectris, Ardenna ou Puffinus sp.	0.0	0.0015	0.0	0.0	0.0	0.0	0.0	0.0	0.0	0.0	0.0	0.0023041	0.0	0.0	0.0	8.258E-4	0.0	7.868E-4	0.0	8.013E-4	0.0013004	0.0015198	0.0	0.0	0.0	0.0	0.0	0.0	0.0	0.0023474	0.0	0.0015	0.003632	0.002656	0.0017606	0.0043541	0.0019268	0.0015576	0.0017986	0.0	0.0	0.0	0.0	0.0	0.0	0.005571	0.0	0.0	
puffin sp.	0.0	0.0	0.0	0.0	0.0	0.0	0.0	0.0	0.0	0.0	0.0	0.0	0.0	0.0	0.0	0.0015	0.0011236	0.0	0.0	8.013E-4	0.0	0.0	0.0	0.0	0.0015	0.0011161	0.0018692	6.447E-4	0.0015	0.0	0.002008	0.0	0.0	0.0015	0.0	0.0	0.0	0.0	0.0	0.0	0.0	0.0	0.0	0.0	0.0	0.0	0.0	0.0	
Cigogne noire	0.0	0.0018182	0.0	0.0014706	0.0015	0.0	0.0013477	0.0015314	0.0071556	0.0036101	0.0056338	0.0080645	0.0015	0.0010799	0.0015	8.258E-4	0.0022472	0.0015	0.0012516	8.013E-4	0.0015	0.0015198	0.0014599	0.0012706	0.0015	0.0015	0.0018692	0.0019342	0.0074074	0.0164319	0.0120482	0.0161146	0.0108959	0.0079681	0.0158451	0.0261248	0.0096339	0.0093458	0.0	0.0013699	0.0	0.0	0.0	0.0	0.0	0.0	0.0	0.0	
Cigogne blanche	0.0571809	0.1	0.0885781	0.0985294	0.0767544	0.0726644	0.0727763	0.0627871	0.0840787	0.0848375	0.0760563	0.0725806	0.0575221	0.0561555	0.0545626	0.076796	0.0775281	0.0621558	0.0625782	0.0584936	0.0780234	0.0714286	0.0540146	0.0508259	0.0722892	0.0491071	0.0457944	0.0522244	0.045679	0.0762911	0.0722892	0.045658	0.031477	0.0411687	0.0598592	0.0435414	0.044316	0.0358255	0.0233813	0.0287671	0.0270793	0.0536481	0.040404	0.0595745	0.1094148	0.0696379	0.0962567	0.0636816	
cigogne sp.	0.0	0.0	0.0	0.0	0.0	0.0	0.0	0.0	0.0	0.0015	0.0	0.0	0.0	0.0	0.0	0.0	0.0	0.0	0.0	0.0	0.0	0.0	0.0	0.0	0.0	0.0	0.0	0.0	0.0	0.0	0.0015	0.0	0.0	0.0	0.0	0.0	0.0	0.0	0.0	0.0	0.0	0.0	0.0	0.0	0.0	0.0	0.0	0.0	
ciconiidé sp.	0.0	0.0	0.0	0.0	0.0	0.0	0.0	0.0	0.0	0.0	0.0	0.0	0.0	0.0	0.0	0.0	0.0	0.0	0.0	0.0	0.0	0.0	0.0	0.0	0.0	0.0	0.0	6.447E-4	0.0	0.0	0.0	0.0	0.0	0.0	0.0	0.0	0.0	0.0	0.0	0.0	0.0	0.0	0.0	0.0	0.0	0.0	0.0	0.0	
Fou de Bassan	0.0385638	0.0381818	0.020979	0.0338235	0.0131579	0.0103806	0.0148248	0.0260337	0.0035778	0.0018051	0.0098592	0.0241935	0.0243363	0.0151188	0.0112888	0.0074319	0.0101124	0.007081	0.0075094	0.0048077	0.0091027	0.0075988	0.0058394	0.0076239	0.0080321	0.0078125	0.017757	0.0283688	0.0209877	0.0199531	0.0481928	0.0438675	0.059322	0.0332005	0.0316901	0.0348331	0.0385356	0.0404984	0.0467626	0.0712329	0.0618956	0.0579399	0.047138	0.0319149	0.0127226	0.0417827	0.040107	0.0457711	
Fou brun	0.0	0.0	0.0	0.0	0.0	0.0	0.0	0.0	0.0	0.0	0.0	0.0	0.0	0.0	0.0	0.0	0.0	0.0	0.0	0.0	0.0	0.0	0.0	0.0	0.0	0.0011161	0.0	0.0	0.0	0.0	0.0	0.0	0.0	0.001328	0.0	0.0	0.0	0.0015576	0.0	0.0	0.0019342	0.0	0.0	0.0	0.0	0.0	0.0	0.0	
Grand Cormoran	0.4029255	0.4563636	0.4615385	0.4058824	0.3135965	0.3858131	0.3477089	0.3614089	0.3363148	0.3194946	0.3239437	0.2695853	0.2256637	0.1889849	0.1900282	0.2047894	0.1629213	0.1447679	0.1188986	0.1209936	0.1482445	0.1215805	0.1343066	0.1461245	0.1726908	0.171875	0.1429907	0.1715023	0.1802469	0.1960094	0.2399598	0.2220233	0.2300242	0.252324	0.3169014	0.2438316	0.2793834	0.2647975	0.3183453	0.4027397	0.3713733	0.3819742	0.3636364	0.3978723	0.4351145	0.4958217	0.4010695	0.4	
Cormoran huppé	0.0146277	0.0109091	0.002331	0.0176471	0.002193	0.0034602	0.0026954	0.0061256	0.0107335	0.0036101	0.0028169	0.0103687	0.005531	0.0015	0.0028222	0.0024773	0.0011236	7.868E-4	0.0037547	0.0032051	0.0039012	0.0045593	0.0014599	0.0025413	0.0053548	0.0033482	0.011215	0.0096712	0.0111111	0.0129108	0.0160643	0.0134288	0.003632	0.0119522	0.0140845	0.011611	0.0077071	0.0109034	0.0107914	0.0164384	0.0174081	0.0214592	0.026936	0.0085106	0.0076336	0.0139276	0.0026738	0.0099502	
cormoran sp.	0.0	0.0	0.0	0.0	0.0	0.0	0.0	0.0	0.0	0.0	0.0	0.0	0.0	0.0	0.0	0.0	0.0	0.0	0.0012516	0.0040064	0.0	0.0015198	0.0	0.0	0.0	0.0	0.0	0.0	0.0012346	0.0	0.0	0.0015	0.0	0.0	0.0	0.0014514	0.0038536	0.0	0.0	0.0	0.0038685	0.0	0.0	0.0	0.0	0.0	0.0	0.00199	
Ibis rouge	0.0	0.0	0.0	0.0	0.0	0.0	0.0	0.0	0.0	0.0	0.0	0.0	0.0	0.0	0.0	0.0	0.0	0.0	0.0	0.0	0.0015	0.0	0.0	0.0	0.0	0.0	0.0	0.0	0.0	0.0	0.0	0.0	0.0	0.0	0.0	0.0	0.0	0.0	0.0	0.0	0.0	0.0	0.0	0.0	0.0	0.0	0.0	0.0	
Ibis falcinelle	0.0279255	0.0509091	0.041958	0.0338235	0.0175439	0.017301	0.0134771	0.0091884	0.0053667	0.0108303	0.0070423	0.0115207	0.005531	0.0064795	0.0065851	0.0082576	0.0123596	0.0055075	0.0062578	0.0104167	0.0104031	0.0091185	0.0087591	0.0038119	0.0200803	0.0122768	0.0168224	0.0212766	0.0148148	0.0211268	0.0230924	0.0170098	0.0108959	0.0265604	0.0264085	0.0203193	0.0077071	0.0218069	0.0071942	0.0068493	0.0077369	0.0300429	0.003367	0.012766	0.0356234	0.0334262	0.0374332	0.0338308	
Ibis sacré	0.0015	0.0036364	0.016317	0.0029412	0.0015	0.0017301	0.0080863	0.0015314	0.0015	0.0036101	0.0014085	0.0	0.0022124	0.0015	9.407E-4	0.0016515	0.005618	7.868E-4	0.0025031	0.0024038	0.0104031	0.0045593	0.0058394	0.0012706	0.0026774	0.0011161	0.0018692	0.0032237	0.0049383	0.0035211	0.002008	0.0062668	0.0048426	0.001328	0.0088028	0.0029028	0.0019268	0.0077882	0.0035971	0.0013699	0.0038685	0.0064378	0.003367	0.0021277	0.0015	0.0	0.0015	0.0029851	
Ibis chauve	0.0	0.0	0.0	0.0	0.0015	0.0	0.0	0.0015314	0.0017889	0.0	0.0	0.0	0.0	0.0	0.0	0.0	0.0	0.0	0.0	0.0	0.0	0.0	0.0	0.0	0.0	0.0	0.0	0.0	0.0	0.0	0.0	0.0	0.0	0.0	0.0	0.0	0.0	0.0	0.0	0.0	0.0	0.0	0.0	0.0	0.0	0.0	0.0	0.0	
Spatule blanche	0.1023936	0.1109091	0.1398601	0.1044118	0.0570175	0.1072664	0.0956873	0.0719755	0.0572451	0.0451264	0.0647887	0.0552995	0.0497788	0.0453564	0.0413923	0.0602808	0.0539326	0.0424862	0.0362954	0.0440705	0.0481144	0.0303951	0.0408759	0.0343075	0.0548862	0.0368304	0.0429907	0.0522244	0.0592593	0.0680751	0.0943775	0.094897	0.0992736	0.1075697	0.1320423	0.1088534	0.0847784	0.0965732	0.073741	0.069863	0.0967118	0.0987124	0.0639731	0.1042553	0.1704835	0.1086351	0.0962567	0.0995025	
Butor étoilé	0.0015	0.0036364	0.0015	0.0014706	0.0015	0.0017301	0.0026954	0.0015	0.0017889	0.0	0.0	0.0	0.0015	0.0	9.407E-4	0.0	0.0015	0.0	0.0	0.0015	0.0	0.0	0.0	0.0	0.0	0.0	9.346E-4	0.0015	0.0012346	0.0	0.0	0.0	0.0	0.001328	0.0	0.0	0.0015	0.0	0.0	0.0015	0.0	0.0021459	0.0015	0.0	0.0	0.0015	0.0	0.0049751	
Blongios nain	0.0	0.0	0.0	0.0	0.0	0.0	0.0	0.0	0.0	0.0	0.0	0.0	0.0	0.0	0.0	8.258E-4	0.0015	0.0	0.0012516	8.013E-4	0.0013004	0.0015198	0.0014599	0.0012706	0.0	0.0	0.0	0.0015	0.0015	0.0011737	0.001004	0.0015	0.0	0.0015	0.0015	0.0	0.0	0.0	0.0	0.0027397	0.0	0.0	0.0	0.0	0.0	0.0	0.0	0.0	
Bihoreau gris	0.0146277	0.0127273	0.020979	0.0176471	0.0263158	0.0242215	0.0148248	0.0214395	0.0143113	0.0216606	0.0126761	0.0184332	0.0199115	0.012959	0.0188147	0.031379	0.0280899	0.0314713	0.0275344	0.03125	0.0377113	0.0288754	0.0379562	0.0304956	0.0441767	0.0223214	0.0299065	0.040619	0.0432099	0.0410798	0.0321285	0.0322292	0.035109	0.0239044	0.0352113	0.0174165	0.0115607	0.0186916	0.0053957	0.0082192	0.0077369	0.0085837	0.016835	0.0234043	0.0381679	0.0306407	0.026738	0.0149254	
Aigrette garzette	0.2765957	0.2981818	0.3100233	0.2661765	0.1995614	0.2629758	0.277628	0.2557427	0.2146691	0.232852	0.2197183	0.2073733	0.1858407	0.1760259	0.1984948	0.2312139	0.1955056	0.1667978	0.1451815	0.1498397	0.206762	0.1762918	0.1649635	0.1728081	0.2021419	0.2087054	0.2205607	0.235332	0.2320988	0.2394366	0.3022088	0.3097583	0.2869249	0.3253652	0.3362676	0.3033382	0.2678227	0.2507788	0.2733813	0.3273973	0.303675	0.3111588	0.2828283	0.2978723	0.3689567	0.356546	0.342246	0.2905473	
Aigrette des récifs	0.0	0.0	0.0	0.0	0.0	0.0	0.0	0.0	0.0	0.0	0.0	0.0	0.0	0.0	0.0037629	0.0	0.0	0.0	0.0	8.013E-4	0.0026008	0.0015	0.0	0.0	0.0	0.0	0.0	0.0	0.0	0.0	0.0	0.0	0.0	0.0	0.0	0.0	0.0	0.0	0.0	0.0	0.0	0.0	0.0	0.0	0.0	0.0	0.0	0.0	
Hybride Aigrette garzette x A. des récifs	0.0	0.0	0.0	0.0	0.0	0.0	0.0	0.0	0.0	0.0	0.0	0.0	0.0	0.0	0.0	0.0	0.0	0.0	0.0	0.0	0.0	0.0	0.0	0.0	0.0	0.0	0.0	6.447E-4	0.0	0.0	0.0	0.0	0.0	0.0	0.0	0.0	0.0	0.0	0.0	0.0	0.0	0.0	0.0	0.0	0.0	0.0	0.0	0.0	
Crabier chevelu	0.0	0.0	0.0	0.0	0.0	0.0	0.0	0.0	0.0	0.0	0.0	0.0011521	0.0	0.0	0.0	8.258E-4	0.0101124	7.868E-4	0.0012516	0.0040064	0.0013004	0.0015	0.0015	0.0	0.0026774	0.0011161	0.0028037	0.0019342	0.0015	0.0015	0.002008	0.0044763	0.0012107	0.001328	0.0	0.0	0.0	0.0015576	0.0	0.0	0.0	0.0	0.0	0.0	0.0	0.0027855	0.0	0.0	
Héron garde-boeufs	0.0890957	0.1	0.0909091	0.0617647	0.0701754	0.0813149	0.0700809	0.0719755	0.0769231	0.1046931	0.1169014	0.1036866	0.0940265	0.075594	0.0912512	0.1123039	0.1134831	0.1085759	0.0813517	0.0857372	0.1092328	0.100304	0.1021898	0.0749682	0.1124498	0.1272321	0.1457944	0.1411992	0.1259259	0.1138498	0.1285141	0.1145927	0.1125908	0.1181939	0.1408451	0.0914369	0.1021195	0.1012461	0.0917266	0.1136986	0.1044487	0.083691	0.0942761	0.1234043	0.1043257	0.0947075	0.1069519	0.0726368	
Grande Aigrette	0.125	0.1581818	0.1724942	0.1558824	0.127193	0.1435986	0.1010782	0.0811639	0.0948122	0.0920578	0.0985915	0.0725806	0.0619469	0.0399568	0.0479774	0.0445912	0.0449438	0.0464201	0.0250313	0.0336538	0.0377113	0.0258359	0.0408759	0.0444727	0.0548862	0.0357143	0.0429907	0.0490006	0.0703704	0.0622066	0.0823293	0.0895255	0.0956416	0.0916335	0.1285211	0.1001451	0.1098266	0.1137072	0.1007194	0.0931507	0.1005803	0.1523605	0.0942761	0.1723404	0.1806616	0.1699164	0.131016	0.1303483	
Héron cendré	0.3204787	0.2945455	0.3613054	0.2720588	0.2214912	0.2629758	0.2587601	0.2465544	0.2468694	0.2725632	0.2901408	0.2615207	0.2400442	0.2483801	0.2248354	0.2791082	0.2382022	0.2069237	0.1889862	0.2163462	0.236671	0.2142857	0.2175182	0.2210928	0.2382865	0.2511161	0.246729	0.237911	0.2469136	0.3098592	0.3002008	0.3115488	0.2748184	0.3160691	0.3433099	0.2960813	0.2870906	0.2554517	0.2446043	0.2931507	0.2514507	0.2896996	0.2491582	0.3404255	0.3536896	0.356546	0.3529412	0.3074627	
Héron pourpré	0.0	0.0	0.0	0.0	0.0	0.0	0.0	0.0	0.0015	0.0	0.0014085	0.0046083	0.0199115	0.0226782	0.0310442	0.0445912	0.0516854	0.0354052	0.028786	0.0416667	0.0507152	0.0471125	0.0467153	0.0393901	0.0495315	0.0301339	0.0439252	0.040619	0.054321	0.0575117	0.0461847	0.0367055	0.0290557	0.0252324	0.0158451	0.0058055	0.0038536	0.0046729	0.0	0.0	0.0015	0.0	0.0	0.0	0.0	0.0027855	0.0	0.0	
ardeidé sp.	0.0013298	0.0018182	0.0	0.0014706	0.0	0.0	0.0	0.0	0.0	0.0	0.0014085	0.0	0.0	0.0	0.0	0.0	0.0011236	0.0	0.0	0.0016026	0.0	0.0015198	0.0029197	0.0	0.0	0.0	0.0	6.447E-4	0.0	0.0023474	0.0	0.0015	0.0	0.0	0.0	0.0014514	0.0	0.0	0.0	0.0015	0.0019342	0.0	0.0	0.0	0.0	0.0	0.0053476	0.0	
aigrette ou héron blanc sp.	0.0	0.0	0.0	0.0	0.0	0.0	0.0	0.0	0.0	0.0	0.0	0.0	0.0	0.0	0.0	0.0	0.0011236	0.0	0.0	0.0015	0.0	0.0	0.0	0.0	0.0	0.0	0.0	0.0	0.0012346	0.0	0.0	0.0	0.0	0.0	0.0	0.0	0.0019268	0.0	0.0	0.0	0.0	0.0	0.0	0.0	0.0	0.0	0.0	0.0	
Pélican blanc	0.0	0.0	0.0	0.0	0.0	0.0	0.0	0.0	0.0	0.0	0.0	0.0	0.0	0.0	0.0	0.0	0.0	0.0	0.0	8.013E-4	0.0039012	0.0015198	0.0015	0.0015	0.0	0.0	0.0	0.0	0.0	0.0	0.0	0.0	0.0	0.0	0.0	0.0	0.0	0.0	0.0	0.0	0.0	0.0015	0.003367	0.0	0.0	0.0	0.0	0.0	
Balbuzard pêcheur	0.0132979	0.0181818	0.004662	0.0220588	0.0065789	0.0121107	0.0040431	0.0107198	0.0089445	0.0054152	0.0070423	0.0276498	0.0243363	0.0183585	0.0084666	0.0115607	0.0168539	0.0110149	0.0075094	0.005609	0.0091027	0.0106383	0.0043796	0.0063532	0.0107095	0.0078125	0.0065421	0.0103159	0.0111111	0.0164319	0.0230924	0.0429722	0.0460048	0.0544489	0.0739437	0.0449927	0.0346821	0.0264798	0.0107914	0.0150685	0.0038685	0.0085837	0.006734	0.0276596	0.0203562	0.0139276	0.0080214	0.0109453	
Élanion blanc	0.0385638	0.06	0.039627	0.0323529	0.0504386	0.0363322	0.0242588	0.0275651	0.0465116	0.0234657	0.0169014	0.0207373	0.0199115	0.0215983	0.014111	0.0123865	0.0134831	0.0102282	0.0075094	0.0192308	0.0143043	0.0136778	0.020438	0.0177891	0.0254351	0.0301339	0.0233645	0.0290135	0.0074074	0.0246479	0.0321285	0.0205909	0.0217918	0.0239044	0.0140845	0.0275762	0.0327553	0.0342679	0.0305755	0.030137	0.0367505	0.027897	0.0505051	0.0425532	0.0534351	0.0947075	0.0561497	0.041791	
Gypaète barbu	0.0039894	0.0015	0.002331	0.0014706	0.002193	0.0	0.0015	0.0015	0.0035778	0.0015	0.0014085	0.0011521	0.0033186	0.0021598	0.0	8.258E-4	0.0033708	7.868E-4	0.0062578	0.0015	0.0039012	0.0015198	0.0058394	0.0088945	0.0120482	0.0022321	0.0158879	0.0122502	0.017284	0.0105634	0.0140562	0.0152193	0.0084746	0.0053121	0.0017606	0.0087083	0.0096339	0.0155763	0.0053957	0.009589	0.0116054	0.0064378	0.010101	0.0	0.0101781	0.0027855	0.0026738	0.0059701	
Percnoptère d'Égypte	0.0	0.0	0.0	0.0	0.0	0.0	0.0013477	0.0	0.0	0.0018051	0.0014085	0.0011521	0.0015	0.0043197	0.0015	8.258E-4	0.0015	0.0015736	0.0	0.0032051	0.0015	0.0075988	0.0014599	0.0076239	0.0066934	0.0022321	0.0074766	0.0128949	0.0148148	0.0187793	0.0160643	0.0125336	0.0024213	0.001328	0.0035211	0.0029028	0.0019268	0.0	0.0	0.0	0.0	0.0	0.0	0.0	0.0	0.0	0.0	0.0	
Bondrée apivore	0.0	0.0	0.0	0.0	0.0	0.0	0.0	0.0	0.0	0.0	0.0	0.0	0.0011062	0.0	0.0037629	0.0024773	0.0292135	0.0275374	0.0187735	0.0248397	0.0221066	0.0106383	0.0175182	0.0101652	0.0187416	0.0323661	0.028972	0.0444874	0.045679	0.056338	0.0682731	0.0760967	0.0472155	0.0225764	0.0193662	0.0217707	0.0038536	0.0	0.0	0.0	0.0	0.0	0.0	0.0	0.0	0.0	0.0	0.0	
Vautour moine	0.0	0.0	0.0	0.0	0.0	0.0	0.0	0.0	0.0	0.0	0.0	0.0	0.0	0.0010799	0.0	0.0	0.0011236	0.0	0.0	0.0015	0.0013004	0.0	0.0	0.0	0.0013387	0.0011161	0.0018692	6.447E-4	0.0	0.0	0.002008	8.953E-4	0.0	0.0	0.0015	0.0	0.0	0.0	0.0	0.0	0.0	0.0	0.0	0.0	0.0	0.0	0.0	0.0	
Vautour fauve	0.0226064	0.0163636	0.004662	0.0073529	0.0131579	0.0069204	0.0107817	0.0153139	0.0161002	0.0198556	0.0183099	0.0138249	0.0088496	0.0151188	0.0206961	0.0099092	0.0213483	0.0165224	0.0325407	0.0200321	0.0273082	0.0455927	0.0218978	0.043202	0.0495315	0.0345982	0.0504673	0.0722115	0.0876543	0.0798122	0.0783133	0.0931065	0.0460048	0.0398406	0.0633803	0.0449927	0.0481696	0.0498442	0.044964	0.0287671	0.0444874	0.0150215	0.010101	0.0085106	0.0127226	0.0139276	0.0080214	0.0099502	
vautour sp.	0.0	0.0	0.0	0.0	0.0	0.0	0.0	0.0	0.0	0.0	0.0	0.0	0.0	0.0	0.0	0.0	0.0	0.0	0.0	0.0	0.0	0.0015	0.0	0.0	0.0	0.0	0.0	0.0	0.0	0.0	0.0	0.0	0.0	0.0	0.0	0.0	0.0	0.0	0.0	0.0	0.0	0.0	0.0	0.0	0.0	0.0	0.0	0.0	
Circaète Jean-le-Blanc	0.0	0.0	0.0	0.0	0.0	0.0034602	0.0013477	0.0015314	0.0017889	0.0018051	0.0070423	0.016129	0.0088496	0.0086393	0.0169332	0.0156895	0.011236	0.0141621	0.0037547	0.0072115	0.0104031	0.0136778	0.010219	0.0114358	0.0174029	0.0100446	0.0149533	0.0296583	0.0259259	0.0223005	0.0271084	0.0313339	0.0157385	0.0172643	0.0299296	0.0261248	0.017341	0.0046729	0.0035971	0.0	0.0038685	0.0	0.0015	0.0	0.0	0.0	0.0	0.0	
Aigle criard	0.0172872	0.0218182	0.025641	0.0279412	0.0109649	0.0069204	0.009434	0.0045942	0.0035778	0.0	0.0028169	0.0	0.0	0.0	0.0	0.0	0.0	0.0	0.0	0.0	0.0	0.0	0.0	0.0	0.0	0.0	0.0	0.0	0.0	0.0	0.0	0.0	0.0	0.0	0.0	0.0	0.0	0.0	0.0	0.0013699	0.0038685	0.0064378	0.010101	0.012766	0.0203562	0.0111421	0.0213904	0.0079602	
Aigle botté	0.0015	0.0	0.0	0.0	0.002193	0.0086505	0.0013477	0.0	0.0	0.0015	0.0056338	0.0103687	0.0033186	0.0075594	0.0103481	0.0049546	0.0101124	0.0047207	0.0075094	0.0144231	0.0078023	0.0075988	0.0058394	0.0139771	0.0200803	0.015625	0.0205607	0.0245003	0.0246914	0.0269953	0.0311245	0.0286482	0.0242131	0.0252324	0.0176056	0.0203193	0.0019268	0.0015576	0.0	0.0015	0.0	0.0	0.0	0.0	0.0	0.0	0.0	0.0015	
Aigle impérial	0.0	0.0	0.0	0.0	0.0	0.0	0.0	0.0	0.0	0.0	0.0	0.0015	0.0	0.0	0.0	0.0	0.0	0.0	0.0	0.0	0.0	0.0	0.0	0.0	0.0	0.0	0.0	0.0	0.0	0.0	0.0	0.0	0.0	0.0	0.0	0.0	0.0	0.0	0.0	0.0	0.0	0.0	0.0	0.0	0.0	0.0	0.0	0.0	
Aigle royal	0.0013298	0.0018182	0.002331	0.0	0.0	0.0034602	0.0026954	0.0	0.0	0.0	0.0028169	0.0015	0.0	0.0032397	0.0018815	0.0	0.0015	0.0015	0.0012516	0.0024038	0.0052016	0.006079	0.0029197	0.0012706	0.0040161	0.0011161	0.0037383	0.0070922	0.008642	0.0129108	0.0070281	0.0125336	0.0048426	0.002656	0.0052817	0.0087083	0.0134875	0.0093458	0.0089928	0.0068493	0.0096712	0.0042918	0.0	0.0	0.0025445	0.0	0.0	0.0029851	
Aigle de Bonelli	0.0	0.0	0.0	0.0	0.0	0.0	0.0	0.0	0.0	0.0	0.0015	0.0	0.0	0.0010799	0.0	0.0	0.0	0.0	0.0	0.0	0.0	0.0	0.0	0.0	0.0	0.0	0.0	0.0	0.0	0.0	0.0	0.0	0.0	0.0	0.0	0.0	0.0	0.0	0.0	0.0	0.0	0.0	0.0	0.0	0.0	0.0	0.0	0.0	
Aquila sp.	0.0013298	0.0054545	0.0	0.0	0.0	0.0	0.0	0.0	0.0	0.0	0.0	0.0	0.0	0.0	0.0	0.0	0.0	0.0	0.0	0.0	0.0	0.0	0.0	0.0	0.0	0.0	0.0	0.0	0.0	0.0	0.0	0.0	0.0	0.0	0.0	0.0	0.0	0.0	0.0	0.0	0.0	0.0	0.0	0.0	0.0025445	0.0	0.0	0.0	
Épervier d'Europe	0.0598404	0.0527273	0.0536131	0.0455882	0.0328947	0.050173	0.0350404	0.0474732	0.0518784	0.0469314	0.0591549	0.0529954	0.0409292	0.0302376	0.0301035	0.0330306	0.0314607	0.0220299	0.020025	0.0184295	0.0260078	0.0182371	0.0248175	0.0279543	0.0294511	0.0390625	0.0299065	0.0412637	0.0444444	0.064554	0.0522088	0.0778872	0.0435835	0.062417	0.0757042	0.0740203	0.0847784	0.0732087	0.0809353	0.0945205	0.0773694	0.0708155	0.040404	0.0659574	0.0763359	0.0529248	0.0427807	0.039801	
Autour des palombes	0.0026596	0.0090909	0.009324	0.0015	0.004386	0.0069204	0.0040431	0.0045942	0.0125224	0.0072202	0.0056338	0.0080645	0.0044248	0.0053996	0.0047037	8.258E-4	0.0022472	0.0015	0.0025031	8.013E-4	0.0013004	0.0045593	0.0014599	0.0050826	0.0053548	0.0015	0.0028037	0.0038685	0.0111111	0.0046948	0.0090361	0.0053715	0.0012107	0.0039841	0.0070423	0.0014514	0.0057803	0.0015576	0.0035971	0.0027397	0.0019342	0.0015	0.0015	0.0021277	0.0076336	0.0027855	0.0015	0.00199	
Épervier d'Europe ou Autour des palombes	0.0	0.0	0.0	0.0	0.0	0.0	0.0	0.0	0.0	0.0	0.0	0.0	0.0	0.0	0.0	0.0	0.0	0.0	0.0	0.0	0.0	0.0	0.0	0.0	0.0	0.0	0.0	0.0	0.0	0.0	0.0	0.0	0.0	0.0	0.0	0.0015	0.0	0.0	0.0	0.0	0.0	0.0	0.0	0.0021277	0.0	0.0	0.0	0.0	
Busard des roseaux	0.0904255	0.1418182	0.1421911	0.0941176	0.0899123	0.1038062	0.1024259	0.0796325	0.078712	0.0758123	0.0985915	0.0852535	0.0696903	0.0647948	0.0620884	0.0800991	0.0786517	0.043273	0.0350438	0.0328526	0.0611183	0.0425532	0.0671533	0.0419314	0.0401606	0.0401786	0.053271	0.0522244	0.0555556	0.0516432	0.0773092	0.0984781	0.094431	0.0956175	0.1373239	0.0914369	0.061657	0.0934579	0.0845324	0.0876712	0.1121857	0.1330472	0.0808081	0.1319149	0.1679389	0.1532033	0.1283422	0.1154229	
Busard Saint-Martin	0.0212766	0.0218182	0.016317	0.0102941	0.0328947	0.0190311	0.0107817	0.0183767	0.0250447	0.0180505	0.0352113	0.0207373	0.0188053	0.011879	0.0206961	0.0181668	0.0089888	0.0118017	0.0112641	0.0128205	0.0182055	0.0151976	0.0248175	0.0088945	0.0093708	0.0033482	0.0065421	0.0083817	0.0111111	0.0187793	0.0210843	0.0179051	0.0145278	0.0066401	0.0264085	0.0217707	0.0231214	0.0264798	0.0233813	0.0232877	0.0290135	0.0343348	0.013468	0.0361702	0.0127226	0.0389972	0.0213904	0.0238806	
Busard des marais	0.0013298	0.0018182	0.002331	0.0	0.0	0.0	0.0013477	0.0	0.0	0.0	0.0	0.0	0.0	0.0	0.0	0.0	0.0	0.0	0.0	0.0	0.0	0.0	0.0	0.0	0.0	0.0	0.0	0.0	0.0	0.0	0.0	0.0	0.0	0.0	0.0	0.0	0.0	0.0	0.0	0.0	0.0	0.0107296	0.003367	0.0042553	0.0025445	0.0083565	0.0053476	0.0049751	
Busard pâle	0.0013298	0.0018182	0.002331	0.0	0.0	0.0	0.0013477	0.0015314	0.0	0.0015	0.0	0.0015	0.0015	0.0010799	0.0018815	8.258E-4	0.0015	0.0015736	0.0	0.0015	0.0015	0.0	0.0	0.0	0.0013387	0.0	0.0015	0.0	0.0	0.0	0.001004	0.0017905	0.0	0.0015	0.0015	0.0014514	0.0015	0.0	0.0	0.0015	0.0	0.0021459	0.0	0.0042553	0.0015	0.0	0.0	0.0029851	
Busard cendré	0.0	0.0	0.0	0.0	0.0	0.0	0.0	0.0	0.0	0.0018051	0.0015	0.0	0.0011062	0.0215983	0.0301035	0.0305533	0.0235955	0.0204563	0.020025	0.0160256	0.0182055	0.0319149	0.0379562	0.0152478	0.0120482	0.015625	0.017757	0.0219213	0.0222222	0.0316901	0.0291165	0.0295434	0.0060533	0.0039841	0.0015	0.0029028	0.0	0.0031153	0.0	0.0	0.0	0.0	0.0	0.0	0.0	0.0	0.0	0.0	
Busard Saint-Martin ou B. cendré	0.0	0.0	0.0	0.0	0.0	0.0	0.0	0.0	0.0	0.0018051	0.0	0.0	0.0	0.0	0.0	0.0	0.0	0.0	0.0	0.0	0.0	0.0	0.0	0.0	0.0	0.0	0.0015	0.0	0.0	0.0	0.0	0.0	0.0	0.0	0.0017606	0.0	0.0	0.0	0.0	0.0	0.0	0.0	0.0	0.0	0.0	0.0	0.0	0.0	
Busard pâle ou B. cendré	0.0	0.0	0.0	0.0	0.0	0.0	0.0	0.0	0.0	0.0	0.0	0.0	0.0	0.0	9.407E-4	0.0	0.0	0.0	0.0	0.0	0.0	0.0	0.0	0.0	0.0	0.0	0.0	0.0	0.0	0.0	0.0	0.0	0.0	0.0	0.0017606	0.0	0.0	0.0	0.0	0.0	0.0	0.0	0.0	0.0	0.0	0.0	0.0	0.0	
busard sp.	0.0015	0.0036364	0.0	0.0029412	0.0	0.0	0.0	0.0	0.0	0.0	0.0015	0.0011521	0.0015	0.0010799	9.407E-4	0.0016515	0.0022472	7.868E-4	0.0	0.0024038	0.0013004	0.0015198	0.0015	0.0	0.0	0.0011161	0.0	0.0012895	0.0024691	0.0023474	0.0	0.0015	0.0012107	0.0039841	0.0015	0.0	0.0019268	0.0	0.0015	0.0	0.0	0.0015	0.003367	0.0	0.0025445	0.0027855	0.0	9.95E-4	
Milan royal	0.0545213	0.0472727	0.027972	0.0308824	0.0592105	0.0484429	0.0525606	0.0459418	0.0518784	0.0487365	0.0422535	0.0518433	0.034292	0.0323974	0.0329257	0.0264244	0.0370787	0.0369788	0.0513141	0.0456731	0.0403121	0.0547112	0.0394161	0.0381194	0.0522088	0.0334821	0.0485981	0.0509349	0.062963	0.0528169	0.0502008	0.0635631	0.0338983	0.0305445	0.0545775	0.0624093	0.0693642	0.0996885	0.0827338	0.0684932	0.0638298	0.0600858	0.030303	0.0638298	0.0534351	0.0779944	0.0561497	0.0348259	
Milan noir	0.0	0.0	0.0	0.0	0.004386	0.0017301	0.0107817	0.0183767	0.0930233	0.1462094	0.2239437	0.2419355	0.2411504	0.2440605	0.2464722	0.2749794	0.2831461	0.2423289	0.2603254	0.2860577	0.313394	0.2993921	0.2510949	0.2909784	0.3186078	0.3046875	0.2813084	0.2585429	0.1728395	0.1068075	0.0552209	0.0322292	0.0108959	0.0146082	0.0140845	0.0203193	0.0096339	0.0093458	0.0071942	0.0054795	0.0038685	0.0021459	0.003367	0.0021277	0.0	0.0	0.0	0.0	
Milan royal ou M. noir	0.0	0.0	0.0	0.0015	0.0	0.0	0.0	0.0	0.0	0.0018051	0.0	0.0011521	0.0011062	0.0015	0.0015	8.258E-4	0.0022472	7.868E-4	0.0012516	0.0	0.0013004	0.0045593	0.0043796	0.0012706	0.0013387	0.0022321	9.346E-4	0.0012895	0.0	0.0	0.0	0.0	0.0	0.0015	0.0017606	0.0	0.0015	0.0	0.0017986	0.0013699	0.0	0.0	0.0	0.0	0.0	0.0	0.0	0.0	
Pygargue à queue blanche	0.0119681	0.0127273	0.016317	0.0117647	0.0131579	0.0138408	0.0067385	0.007657	0.0053667	0.0018051	0.0	0.0011521	0.0	0.0	0.0	0.0	0.0	0.0	0.0012516	8.013E-4	0.0	0.0	0.0	0.0	0.0	0.0	0.0	0.0	0.0	0.0	0.0	0.0	0.0	0.0	0.0	0.0	0.0	0.0	0.0	0.0	0.0	0.0021459	0.0	0.0021277	0.0101781	0.0167131	0.0080214	0.0129353	
Buse variable	0.2579787	0.2327273	0.1818182	0.2029412	0.1973684	0.2785467	0.2385445	0.2526799	0.2969589	0.2509025	0.3056338	0.2580645	0.244469	0.2224622	0.2201317	0.1668043	0.1921348	0.1612903	0.146433	0.1987179	0.1742523	0.2142857	0.1854015	0.1385006	0.1793842	0.2209821	0.2420561	0.2520954	0.237037	0.2652582	0.2821285	0.2578335	0.1694915	0.1965471	0.2411972	0.2133527	0.2177264	0.1962617	0.2320144	0.2164384	0.1779497	0.1738197	0.2020202	0.1978723	0.2264631	0.2506964	0.2486631	0.2537313	
Buse féroce	0.0	0.0	0.0	0.0	0.0	0.0	0.0	0.0	0.0	0.0	0.0	0.0	0.0	0.0	0.0	0.0	0.0	0.0	0.0	0.0	0.0	0.0	0.0	0.0	0.0	0.0	0.0	0.0	0.0	0.0	0.0	0.0015	0.0	0.0	0.0	0.0	0.0	0.0	0.0	0.0015	0.0	0.0	0.0	0.0	0.0	0.0	0.0	0.0	
Buteo sp.	0.0	0.0	0.0	0.0	0.0	0.0	0.0	0.0	0.0	0.0	0.0	0.0	0.0	0.0	0.0	0.0	0.0	0.0	0.0	8.013E-4	0.0	0.0	0.0	0.0	0.0	0.0	0.0	0.0	0.0	0.0	0.0	8.953E-4	0.0	0.0	0.0017606	0.0	0.0	0.0	0.0	0.0	0.0	0.0	0.0	0.0	0.0	0.0	0.0	0.0	
buse ou aigle sp.	0.0	0.0	0.0	0.0	0.0	0.0	0.0	0.0	0.0	0.0	0.0	0.0	0.0	0.0	0.0	0.0	0.0	0.0	0.0	0.0	0.0	0.0	0.0	0.0	0.0	0.0	9.346E-4	0.0	0.0	0.0011737	0.0	0.0	0.0	0.0	0.0	0.0	0.0	0.0	0.0	0.0	0.0	0.0	0.0	0.0	0.0	0.0	0.0	0.0	
rapace sp.	0.0	0.0	0.0	0.0	0.0	0.0	0.0	0.0	0.0	0.0036101	0.0	0.0011521	0.0	0.0	0.0015	0.0	0.0	0.0031471	0.0025031	8.013E-4	0.0013004	0.0015	0.0	0.0012706	0.0013387	0.0022321	0.0056075	0.0064475	0.0037037	0.0011737	0.002008	0.0053715	0.0012107	0.001328	0.0035211	0.0043541	0.0057803	0.0046729	0.0	0.0	0.0019342	0.0	0.0	0.0021277	0.0	0.0027855	0.0053476	0.00199	
Effraie des clochers	0.0013298	0.0036364	0.004662	0.0014706	0.0065789	0.0034602	0.0067385	0.007657	0.0035778	0.0090253	0.0028169	0.0092166	0.0011062	0.0032397	0.0018815	0.0033031	0.0033708	0.0031471	0.0025031	0.0088141	0.006502	0.006079	0.0131387	0.0063532	0.0093708	0.0055804	0.0037383	0.0116054	0.0098765	0.008216	0.0100402	0.0053715	0.0012107	0.0066401	0.0070423	0.0029028	0.0038536	0.0109034	0.0017986	0.0013699	0.0015	0.0042918	0.0015	0.0015	0.0152672	0.0027855	0.0015	0.0109453	
Petit-duc scops	0.0	0.0	0.0	0.0	0.0	0.0	0.0	0.0	0.0	0.0	0.0	0.0023041	0.0015	0.0010799	0.0037629	0.0115607	0.0044944	0.0047207	0.0075094	0.0104167	0.006502	0.0075988	0.0087591	0.0050826	0.0066934	0.0055804	0.0028037	0.0045132	0.0024691	0.0046948	0.0050201	0.003581	0.0024213	0.002656	0.0	0.0	0.0	0.0015	0.0	0.0	0.0	0.0	0.0	0.0	0.0	0.0	0.0	0.0	
Grand-duc d'Europe	0.0015	0.0015	0.002331	0.0	0.0	0.0	0.0	0.0015	0.0	0.0018051	0.0014085	0.0023041	0.0011062	0.0	0.0015	8.258E-4	0.0	7.868E-4	0.0	0.0	0.0015	0.0015198	0.0	0.0012706	0.0	0.0	0.0015	0.0	0.0024691	0.0	0.001004	0.0	0.0	0.0015	0.0	0.0014514	0.0	0.0	0.0	0.0	0.0	0.0	0.0	0.0	0.0	0.0027855	0.0	0.0	
Chevêche d'Athéna	0.0079787	0.0090909	0.011655	0.0088235	0.0087719	0.0138408	0.0188679	0.0122511	0.0089445	0.0180505	0.0140845	0.0138249	0.0121681	0.0086393	0.0122295	0.0090834	0.0067416	0.0110149	0.0125156	0.0192308	0.0169051	0.0273556	0.0189781	0.025413	0.021419	0.0189732	0.0214953	0.0264346	0.0271605	0.0328638	0.0301205	0.0161146	0.0145278	0.0252324	0.0123239	0.011611	0.0250482	0.0186916	0.0179856	0.0164384	0.0077369	0.0085837	0.003367	0.0170213	0.0025445	0.0167131	0.0080214	0.0109453	
Chouette hulotte	0.0106383	0.0127273	0.004662	0.0279412	0.0131579	0.0224913	0.0107817	0.0199081	0.0125224	0.0144404	0.0084507	0.0172811	0.0066372	0.0172786	0.0131703	0.0156895	0.0179775	0.018096	0.0250313	0.0152244	0.0169051	0.0243161	0.0218978	0.0381194	0.0120482	0.0267857	0.0224299	0.0219213	0.0444444	0.0586854	0.0391566	0.0644584	0.0677966	0.0345286	0.0334507	0.0319303	0.0115607	0.0311526	0.0161871	0.0123288	0.0077369	0.0128755	0.016835	0.012766	0.0203562	0.0139276	0.0160428	0.0119403	
Hibou moyen-duc	0.0015	0.0036364	0.002331	0.0015	0.0087719	0.0017301	0.0053908	0.0061256	0.0071556	0.0018051	0.0042254	0.0057604	0.0022124	0.0010799	9.407E-4	0.0049546	0.0044944	0.0023603	0.0015	0.0016026	0.0091027	0.006079	0.0072993	0.0063532	0.0066934	0.0066964	0.0046729	0.0032237	0.0015	0.0023474	0.0050201	0.0044763	0.0015	0.001328	0.0035211	0.0029028	0.0015	0.0015	0.0017986	0.0041096	0.0	0.0042918	0.0	0.0015	0.0076336	0.0027855	0.0015	0.0099502	
Hibou des marais	0.0013298	0.0018182	0.002331	0.0015	0.0087719	0.0034602	0.0013477	0.0091884	0.0161002	0.0018051	0.0028169	0.0046083	0.0044248	0.0010799	9.407E-4	8.258E-4	0.0011236	0.0015736	0.0012516	8.013E-4	0.0015	0.0	0.0014599	0.0015	0.0	0.0015	0.0	6.447E-4	0.0	0.0	0.001004	0.0015	0.0024213	0.002656	0.0017606	0.0029028	0.0015	0.0093458	0.0071942	0.0013699	0.0077369	0.0021459	0.013468	0.0021277	0.0025445	0.0027855	0.0015	0.0119403	
Hibou moyen-duc ou H. des marais	0.0015	0.0	0.0	0.0	0.0	0.0	0.0	0.0	0.0	0.0	0.0	0.0	0.0	0.0	0.0	0.0	0.0	0.0	0.0	0.0	0.0	0.0	0.0	0.0	0.0	0.0	0.0	0.0	0.0	0.0	0.0	0.0	0.0	0.0	0.0	0.0	0.0	0.0	0.0	0.0	0.0	0.0	0.0	0.0	0.0	0.0	0.0	0.0	
Chouette de Tengmalm	0.0	0.0	0.0	0.0	0.0	0.0	0.0	0.0	0.0	0.0	0.0	0.0	0.0	0.0	0.0	0.0	0.0	0.0	0.0	8.013E-4	0.0	0.0	0.0	0.0	0.0	0.0	0.0	6.447E-4	0.0	0.0	0.0	0.0	0.0	0.0	0.0	0.0	0.0	0.0	0.0	0.0	0.0	0.0	0.0	0.0	0.0	0.0	0.0	0.0	
Strigiformes sp.	0.0	0.0	0.0	0.0	0.0	0.0	0.0	0.0	0.0015	0.0015	0.0	0.0	0.0	0.0015	0.0	0.0015	0.0	0.0	0.0	0.0015	0.0	0.0	0.0	0.0	0.0	0.0	0.0	0.0012895	0.0	0.0	0.0	0.0	0.0	0.0	0.0	0.0	0.0	0.0015576	0.0	0.0	0.0	0.0	0.0	0.0	0.0	0.0	0.0	0.0015	
Huppe fasciée	0.0	0.0	0.0	0.0015	0.0	0.0	0.0013477	0.0015314	0.0107335	0.0126354	0.0478873	0.0391705	0.0674779	0.0993521	0.0799624	0.0883567	0.0831461	0.0873328	0.0888611	0.0865385	0.0819246	0.0957447	0.0788321	0.0825921	0.0696118	0.0613839	0.0514019	0.0490006	0.0395062	0.0410798	0.0451807	0.0331244	0.0181598	0.0132802	0.0035211	0.0043541	0.0038536	0.0015576	0.0	0.0013699	0.0	0.0	0.0	0.0021277	0.0	0.0	0.0	0.0	
Guêpier d'Europe	0.0	0.0	0.0	0.0	0.0	0.0	0.0	0.0	0.0	0.0	0.0	0.0	0.0	0.0010799	0.0	0.0016515	0.0134831	0.0110149	0.0100125	0.0088141	0.0091027	0.0015	0.0029197	0.0076239	0.0066934	0.0044643	0.0102804	0.005158	0.0015	0.0046948	0.003012	0.0017905	0.0060533	0.001328	0.0015	0.0	0.0	0.0015	0.0	0.0	0.0	0.0	0.0	0.0	0.0	0.0	0.0	0.0	
Martin-pêcheur d'Europe	0.1276596	0.12	0.1188811	0.0823529	0.0679825	0.0553633	0.0592992	0.0382848	0.0751342	0.0487365	0.0464789	0.0414747	0.0265487	0.0334773	0.0263405	0.0338563	0.0370787	0.0228167	0.0375469	0.0328526	0.0364109	0.0577508	0.0423358	0.0495553	0.0669344	0.0803571	0.0943925	0.1018698	0.1246914	0.1408451	0.1596386	0.1888988	0.1828087	0.2390438	0.2728873	0.1828737	0.1830443	0.1760125	0.1906475	0.1835616	0.1547389	0.2060086	0.1851852	0.187234	0.2111959	0.2144847	0.1390374	0.1432836	
Rollier d'Europe	0.0	0.0	0.0	0.0	0.0	0.0	0.0	0.0	0.0	0.0	0.0	0.0	0.0	0.0	0.0	0.0	0.0	0.0	0.0	0.0	0.0015	0.0	0.0	0.0	0.0	0.0	0.0	0.0	0.0012346	0.0015	0.002008	8.953E-4	0.0015	0.0	0.0015	0.0	0.0	0.0	0.0	0.0	0.0	0.0	0.0	0.0	0.0	0.0	0.0	0.0	
Torcol fourmilier	0.0	0.0	0.0	0.0015	0.0	0.0	0.0	0.0	0.0	0.0	0.0	0.0023041	0.0022124	0.0043197	0.0075259	0.0041288	0.0078652	7.868E-4	0.0015	8.013E-4	0.0013004	0.0015198	0.0015	0.0012706	0.0013387	0.0033482	0.0028037	6.447E-4	0.0012346	0.0023474	0.0140562	0.0125336	0.0205811	0.0106242	0.0140845	0.0029028	0.0015	0.0015576	0.0017986	0.0013699	0.0019342	0.0	0.0	0.0	0.0	0.0	0.0	0.0	
Pic mar	0.0132979	0.0181818	0.013986	0.0014706	0.0109649	0.0034602	0.0202156	0.0061256	0.0125224	0.0090253	0.015493	0.0126728	0.0033186	0.0043197	0.0084666	0.0066061	0.0022472	0.0062943	0.0137672	0.0176282	0.023407	0.0334347	0.0481752	0.0419314	0.0174029	0.03125	0.035514	0.0264346	0.0283951	0.0164319	0.0210843	0.0179051	0.0145278	0.0079681	0.0140845	0.0145138	0.0096339	0.0155763	0.0125899	0.0205479	0.0116054	0.0128755	0.003367	0.012766	0.0050891	0.0083565	0.0106952	0.0149254	
Pic à dos blanc	0.0013298	0.0018182	0.0	0.0	0.0	0.0	0.0	0.0015314	0.0017889	0.0	0.0014085	0.0015	0.0011062	0.0	0.0	0.0	0.0015	0.0015736	0.0015	8.013E-4	0.0	0.0045593	0.0015	0.0015	0.0013387	0.0011161	9.346E-4	0.0045132	0.0074074	0.0117371	0.003012	0.007162	0.0012107	0.0	0.0	0.0014514	0.0019268	0.0031153	0.0015	0.0015	0.0038685	0.0021459	0.0	0.0	0.0	0.0	0.0	0.0	
Pic épeiche	0.1462766	0.1163636	0.1282051	0.1397059	0.1074561	0.1262976	0.1132075	0.1240429	0.1538462	0.1263538	0.1450704	0.1601382	0.1736726	0.1447084	0.1194732	0.1164327	0.1337079	0.129819	0.1201502	0.1490385	0.1651495	0.1580547	0.129927	0.1257942	0.1646586	0.1584821	0.1607477	0.1579626	0.1469136	0.1877934	0.1636546	0.1727842	0.1355932	0.1301461	0.1496479	0.1233672	0.1098266	0.1401869	0.1366906	0.1506849	0.1237911	0.1266094	0.1212121	0.1382979	0.1348601	0.1754875	0.131016	0.1502488	
Dendrocopos sp.	0.0	0.0	0.0	0.0	0.0	0.0	0.0	0.0	0.0	0.0	0.0	0.0	0.0	0.0	0.0	0.0	0.0	0.0	0.0	0.0	0.0	0.0	0.0	0.0	0.0	0.0011161	0.0018692	0.0	0.0	0.0	0.0	8.953E-4	0.0	0.0	0.0	0.0	0.0	0.0	0.0	0.0	0.0	0.0	0.0	0.0	0.0	0.0	0.0	0.0	
Pic épeichette	0.0119681	0.0109091	0.013986	0.0147059	0.0131579	0.017301	0.0134771	0.0122511	0.0214669	0.0252708	0.0380282	0.014977	0.0199115	0.0215983	0.0084666	0.0115607	0.011236	0.0078678	0.0050063	0.0152244	0.0104031	0.0167173	0.0131387	0.0152478	0.0267738	0.0212054	0.0158879	0.0135397	0.0135802	0.0211268	0.0150602	0.0107431	0.0133172	0.0185923	0.0088028	0.0174165	0.0096339	0.0109034	0.0125899	0.009589	0.0096712	0.0193133	0.003367	0.0148936	0.0305344	0.0306407	0.0160428	0.0189055	
Pic cendré	0.0	0.0	0.0	0.0	0.0	0.0	0.0	0.0	0.0	0.0	0.0	0.0	0.0	0.0	0.0	0.0	0.0	7.868E-4	0.0	0.0	0.0015	0.0	0.0	0.0	0.0	0.0	0.0	0.0	0.0	0.0	0.0	0.0	0.0	0.0	0.0	0.0	0.0	0.0	0.0	0.0	0.0	0.0	0.0	0.0	0.0	0.0	0.0	0.0	
Pic vert	0.1329787	0.1290909	0.0955711	0.1308824	0.1337719	0.1643599	0.1549865	0.1776417	0.1896243	0.2075812	0.243662	0.1993088	0.1792035	0.1814255	0.1420508	0.1412056	0.1404494	0.1306058	0.1251564	0.1113782	0.0897269	0.1155015	0.1036496	0.1613723	0.2048193	0.21875	0.2551402	0.2250161	0.2098765	0.2183099	0.1807229	0.1512981	0.1464891	0.1606906	0.1954225	0.1552975	0.1984586	0.1884735	0.1726619	0.1821918	0.1295938	0.1309013	0.1481481	0.1553191	0.1450382	0.1727019	0.1363636	0.1412935	
Pic de Sharpe	0.0013298	0.0	0.0	0.0	0.0	0.0	0.0013477	0.0015314	0.0035778	0.0	0.0056338	0.0034562	0.0044248	0.0021598	0.0056444	0.0016515	0.0033708	0.0	0.0025031	0.0016026	0.0015	0.0	0.0014599	0.0050826	0.0053548	0.0055804	0.0093458	0.0083817	0.0098765	0.0046948	0.0100402	0.0017905	0.0084746	0.0053121	0.0017606	0.0029028	0.0057803	0.0093458	0.0089928	0.0013699	0.0096712	0.0	0.0	0.0	0.0	0.0	0.0	0.0	
Pic vert ou P. de Sharpe	0.0026596	0.0	0.0	0.0014706	0.0	0.0	0.0	0.0	0.0	0.0015	0.0014085	0.0023041	0.0	0.0010799	0.0	0.0	0.0011236	0.0	0.0	8.013E-4	0.0	0.0	0.0	0.0	0.0	0.0	9.346E-4	0.0	0.0015	0.0011737	0.001004	0.0	0.0	0.001328	0.0	0.0	0.0	0.0	0.0017986	0.0	0.0	0.0	0.0	0.0	0.0	0.0	0.0	0.0	
Pic noir	0.0279255	0.0381818	0.02331	0.025	0.0197368	0.017301	0.0283019	0.0260337	0.0214669	0.0216606	0.0338028	0.0253456	0.0287611	0.0313175	0.0216369	0.0231214	0.0337079	0.0275374	0.0312891	0.0176282	0.0169051	0.0106383	0.0189781	0.0139771	0.0254351	0.0178571	0.0149533	0.0174081	0.0209877	0.0152582	0.0220884	0.0188004	0.0121065	0.0119522	0.0211268	0.0159652	0.017341	0.0155763	0.0179856	0.0136986	0.0193424	0.027897	0.016835	0.0170213	0.0381679	0.0194986	0.0240642	0.0189055	
pic sp.	0.0	0.0	0.0	0.0	0.0	0.0	0.0	0.0	0.0	0.0	0.0	0.0	0.0015	0.0	0.0	0.0	0.0	0.0	0.0	0.0	0.0026008	0.0	0.0	0.0015	0.0013387	0.0011161	0.0018692	0.0015	0.0	0.0011737	0.0	0.0	0.0	0.0	0.0	0.0	0.0	0.0	0.0	0.0	0.0	0.0	0.0	0.0	0.0	0.0	0.0	0.0	
Faucon crécerellette	0.0	0.0	0.0	0.0	0.0	0.0	0.0	0.0	0.0	0.0	0.0	0.0	0.0	0.0010799	0.0	0.0	0.0	0.0	0.0	0.0	0.0	0.0	0.0	0.0	0.0	0.0	0.0	0.0	0.0	0.0	0.0	0.0	0.0	0.0	0.0	0.0	0.0	0.0	0.0	0.0	0.0	0.0	0.0	0.0	0.0	0.0	0.0	0.0	
Faucon crécerelle	0.1742021	0.1290909	0.1655012	0.1308824	0.1096491	0.1626298	0.1549865	0.1531394	0.1914132	0.166065	0.2112676	0.1762673	0.1725664	0.1825054	0.2079022	0.1742362	0.1573034	0.1542093	0.1251564	0.1458333	0.1781534	0.1732523	0.1912409	0.1524778	0.1740295	0.1741071	0.1925234	0.1889104	0.1925926	0.1889671	0.2018072	0.2202328	0.1646489	0.188579	0.2482394	0.1988389	0.2061657	0.2071651	0.2446043	0.2493151	0.2282398	0.1738197	0.1986532	0.1978723	0.1933842	0.1866295	0.1871658	0.1800995	
Faucon crécerellette ou F. crécerelle	0.0	0.0	0.0	0.0	0.0	0.0	0.0	0.0	0.0	0.0	0.0	0.0	0.0	0.0	0.0	8.258E-4	0.0	0.0	0.0	0.0	0.0013004	0.0015198	0.0	0.0025413	0.0	0.0011161	0.0015	6.447E-4	0.0	0.0	0.0	0.0	0.0012107	0.0	0.0	0.0	0.0	0.0	0.0	0.0	0.0	0.0	0.0	0.0	0.0015	0.0	0.0	0.0	
Faucon kobez	0.0	0.0	0.0	0.0	0.0	0.0	0.0	0.0	0.0	0.0	0.0	0.0	0.0	0.0	9.407E-4	0.0016515	0.0	0.0	0.0012516	0.0015	0.0015	0.0045593	0.0043796	0.0025413	0.0013387	0.0	0.0	0.0	0.0	0.0	0.0015	0.0015	0.0012107	0.0015	0.0	0.0	0.0	0.0	0.0	0.0	0.0	0.0	0.0	0.0	0.0	0.0	0.0	0.0	
Faucon d'Éléonore	0.0	0.0	0.0	0.0	0.0	0.0	0.0	0.0	0.0	0.0	0.0	0.0	0.0	0.0	0.0	0.0	0.0	0.0	0.0015	0.0	0.0	0.0	0.0	0.0	0.0	0.0	0.0	0.0	0.0	0.0	0.001004	0.0017905	0.0012107	0.002656	0.0017606	0.0	0.0019268	0.0015576	0.0	0.0	0.0	0.0	0.0	0.0	0.0	0.0	0.0	0.0	
Faucon émerillon	0.0013298	0.0015	0.002331	0.0014706	0.002193	0.0034602	0.0013477	0.0015314	0.0035778	0.0054152	0.0042254	0.0023041	0.0066372	0.0015	0.0018815	0.0024773	0.0011236	7.868E-4	0.0012516	8.013E-4	0.0	0.0	0.0	0.0	0.0	0.0	0.0015	0.0	0.0	0.0	0.0	0.0	0.0012107	0.001328	0.0035211	0.0072569	0.017341	0.0202492	0.0161871	0.0232877	0.0212766	0.0085837	0.016835	0.012766	0.0127226	0.005571	0.0106952	0.0089552	
Faucon hobereau	0.0	0.0	0.0	0.0	0.0	0.0	0.0	0.0	0.0	0.0018051	0.0	0.0015	0.0022124	0.0075594	0.0310442	0.0379851	0.0382022	0.0306845	0.0250313	0.0240385	0.0364109	0.0288754	0.0335766	0.0165184	0.021419	0.0234375	0.0280374	0.0341715	0.0444444	0.0328638	0.0562249	0.0608774	0.0605327	0.0517928	0.0598592	0.0478955	0.0250482	0.0202492	0.0053957	0.0013699	0.0	0.0	0.0	0.0	0.0	0.0	0.0	0.0	
Faucon pèlerin	0.0279255	0.0290909	0.011655	0.0191176	0.0131579	0.0242215	0.0161725	0.0290965	0.0125224	0.0090253	0.015493	0.014977	0.0121681	0.011879	0.0112888	0.014038	0.0134831	0.0047207	0.0062578	0.0152244	0.0104031	0.0075988	0.0058394	0.0050826	0.0093708	0.0100446	0.0149533	0.0116054	0.0135802	0.0187793	0.0110442	0.0107431	0.0145278	0.0066401	0.0140845	0.0159652	0.0192678	0.0249221	0.0215827	0.0246575	0.0348162	0.0386266	0.006734	0.0148936	0.0381679	0.0362117	0.0240642	0.0208955	
gros faucon sp.	0.0	0.0	0.0	0.0	0.0	0.0	0.0	0.0	0.0	0.0	0.0	0.0	0.0	0.0	0.0	0.0	0.0	0.0	0.0	0.0	0.0	0.0	0.0	0.0	0.0	0.0	0.0	0.0	0.0	0.0011737	0.0	0.0	0.0	0.0	0.0	0.0	0.0	0.0015	0.0017986	0.0	0.0	0.0	0.0	0.0	0.0	0.0	0.0	0.0	
petit faucon sp.	0.0	0.0	0.0	0.0	0.0	0.0	0.0	0.0	0.0	0.0	0.0	0.0	0.0	0.0	0.0	0.0	0.0	0.0	0.0	0.0	0.0	0.0	0.0	0.0	0.0	0.0	0.0	0.0	0.0	0.0	0.0	0.0	0.0	0.0	0.0	0.0	0.0	0.0	0.0	0.0	0.0	0.0	0.0	0.0021277	0.0	0.0	0.0	0.0	
Falco sp.	0.0015	0.0	0.002331	0.0014706	0.0	0.0	0.0	0.0015	0.0017889	0.0	0.0014085	0.0011521	0.0015	0.0015	9.407E-4	0.0024773	0.0	7.868E-4	0.0037547	8.013E-4	0.0015	0.0015198	0.0043796	0.0025413	0.0	0.0011161	0.0	0.0012895	0.0012346	0.0	0.001004	0.0026858	0.0012107	0.002656	0.0017606	0.0058055	0.0	0.0031153	0.0017986	0.0013699	0.0	0.0021459	0.003367	0.0021277	0.0015	0.0	0.0	0.0	
rapace diurne sp.	0.0015	0.0	0.002331	0.0	0.0	0.0	0.0	0.0	0.0	0.0015	0.0	0.0011521	0.0	0.0015	0.0015	0.0015	0.0	0.0	0.0	0.0015	0.0	0.0	0.0	0.0012706	0.0	0.0	0.0	0.0012895	0.0012346	0.0	0.0	0.0015	0.0	0.001328	0.0	0.0	0.0	0.0	0.0015	0.0013699	0.0	0.0	0.0	0.0	0.0	0.0	0.0	0.0	
Calopsitte élégante	0.0	0.0015	0.0	0.0	0.0	0.0	0.0	0.0	0.0	0.0	0.0	0.0	0.0	0.0	0.0	0.0	0.0	0.0	0.0	0.0015	0.0	0.0	0.0015	0.0	0.0	0.0	0.0	0.0	0.0	0.0015	0.0	0.0	0.0	0.0	0.0	0.0	0.0	0.0	0.0	0.0	0.0	0.0	0.0	0.0	0.0	0.0	0.0	0.0	
Perruche à collier	0.0013298	0.0015	0.002331	0.0044118	0.0	0.0	0.0	0.0015314	0.0	0.0	0.0	0.0023041	0.0015	0.0	0.0015	0.0	0.0015	0.0	0.0	0.0	0.0	0.0015198	0.0014599	0.0012706	0.0	0.0	0.0	0.0	0.0	0.0	0.0	0.0	0.0	0.0	0.0	0.0015	0.0	0.0	0.0	0.0	0.0	0.0	0.0	0.0	0.0025445	0.0	0.0	0.0	
Perruche alexandre ou P. à collier	0.0	0.0	0.0	0.0	0.0	0.0	0.0	0.0	0.0	0.0	0.0	0.0	0.0	0.0	0.0	0.0	0.0	0.0	0.0	0.0	0.0	0.0	0.0	0.0	0.0	0.0	0.0	0.0	0.0	0.0	0.0	0.0	0.0	0.0	0.0	0.0015	0.0	0.0	0.0	0.0	0.0	0.0	0.0	0.0	0.0	0.0	0.0	0.0	
Perruche ondulée	0.0	0.0	0.0	0.0	0.0	0.0	0.0	0.0015	0.0	0.0	0.0	0.0	0.0	0.0	0.0	0.0	0.0	0.0	0.0	0.0	0.0	0.0	0.0	0.0015	0.0	0.0	0.0	0.0	0.0	0.0	0.0	0.0015	0.0	0.001328	0.0	0.0	0.0015	0.0	0.0	0.0	0.0	0.0	0.0	0.0	0.0	0.0	0.0	9.95E-4	
Inséparable rosegorge	0.0	0.0	0.0	0.0	0.0	0.0	0.0	0.0	0.0	0.0	0.0	0.0	0.0	0.0	0.0	0.0	0.0	0.0	0.0	0.0	0.0	0.0	0.0015	0.0015	0.0	0.0	0.0	0.0	0.0	0.0	0.0	0.0	0.0	0.0	0.0	0.0	0.0	0.0	0.0	0.0	0.0	0.0	0.0	0.0	0.0	0.0	0.0	0.0	
Inséparable de Fischer	0.0	0.0	0.0	0.0	0.0	0.0	0.0	0.0	0.0	0.0	0.0	0.0	0.0	0.0	0.0	0.0	0.0	0.0	0.0	0.0	0.0	0.0	0.0	0.0	0.0	0.0	0.0	0.0	0.0	0.0	0.0	0.0	0.0	0.0	0.0	0.0	0.0	0.0	0.0	0.0015	0.0	0.0	0.0	0.0	0.0	0.0	0.0	0.0	
Inséparable masqué	0.0	0.0	0.0	0.0	0.0	0.0	0.0	0.0	0.0	0.0	0.0	0.0	0.0	0.0	0.0	0.0	0.0	0.0	0.0	0.0	0.0	0.0	0.0	0.0	0.0	0.0	0.0	0.0	0.0	0.0	0.0	0.0	0.0	0.0	0.0015	0.0	0.0	0.0	0.0	0.0	0.0	0.0	0.0	0.0	0.0	0.0	0.0	0.0	
Psittaciformes sp. (Parakeet)	0.0	0.0	0.0	0.0	0.0	0.0	0.0	0.0	0.0	0.0	0.0	0.0	0.0	0.0	0.0	0.0	0.0	0.0	0.0	0.0	0.0	0.0	0.0	0.0	0.0	0.0	0.0	0.0	0.0	0.0	0.0	0.0	0.0	0.001328	0.0	0.0	0.0	0.0	0.0	0.0	0.0	0.0	0.0	0.0	0.0	0.0	0.0	0.0	
Loriot d'Europe	0.0	0.0	0.0	0.0	0.0	0.0	0.0	0.0	0.0	0.0	0.0	0.0011521	0.0022124	0.0097192	0.0338664	0.1131296	0.188764	0.1723053	0.1138924	0.161859	0.1183355	0.1337386	0.1328467	0.1080051	0.1392236	0.1540179	0.1168224	0.0870406	0.0790123	0.0610329	0.0451807	0.0134288	0.0072639	0.002656	0.0088028	0.0015	0.0	0.0	0.0	0.0	0.0	0.0	0.0	0.0	0.0	0.0	0.0	0.0	
Pie-grièche écorcheur	0.0	0.0	0.0	0.0	0.0	0.0	0.0	0.0	0.0	0.0	0.0	0.0	0.0	0.0015	0.0018815	0.0049546	0.0179775	0.0440598	0.048811	0.0673077	0.046814	0.0288754	0.0350365	0.0330368	0.0401606	0.0658482	0.0570093	0.0457769	0.0358025	0.0223005	0.0180723	0.0116383	0.0060533	0.001328	0.0035211	0.0	0.0	0.0	0.0	0.0015	0.0	0.0	0.0	0.0	0.0	0.0	0.0	0.0	
Pie-grièche isabelle	0.0	0.0	0.0	0.0	0.0	0.0	0.0	0.0	0.0	0.0	0.0	0.0	0.0	0.0	0.0	0.0	0.0	0.0	0.0	0.0	0.0	0.0	0.0	0.0	0.0	0.0	0.0	0.0	0.0	0.0	0.0	0.0	0.0	0.0	0.0	0.0	0.0	0.0	0.0	0.0015	0.0	0.0	0.0	0.0	0.0	0.0	0.0	0.0	
Pie-grièche méridionale	0.0015	0.0	0.0	0.0015	0.0015	0.0	0.0015	0.0030628	0.0	0.0	0.0	0.0	0.0	0.0	0.0	0.0	0.0	0.0	0.0	0.0	0.0	0.0	0.0	0.0	0.0	0.0	0.0	0.0	0.0	0.0	0.0	8.953E-4	0.0012107	0.001328	0.0	0.0	0.0	0.0	0.0	0.0015	0.0	0.0	0.0	0.0015	0.0	0.0015	0.0	0.0	
Pie-grièche grise	0.0	0.0015	0.0015	0.0014706	0.0	0.0017301	0.0013477	0.0015	0.0	0.0	0.0	0.0034562	0.0015	0.0010799	0.0	0.0	0.0011236	0.0	0.0	8.013E-4	0.0	0.0	0.0	0.0	0.0	0.0	0.0	0.0	0.0	0.0015	0.0	8.953E-4	0.0015	0.0	0.0	0.0015	0.0	0.0	0.0015	0.0	0.0019342	0.0015	0.0015	0.0015	0.0015	0.0027855	0.0	0.0015	
Pie-grièche méridionale ou P.-g. grise	0.0	0.0	0.0	0.0	0.0	0.0	0.0015	0.0	0.0	0.0	0.0	0.0	0.0	0.0	0.0	0.0	0.0	0.0	0.0	0.0	0.0	0.0	0.0	0.0	0.0	0.0	0.0	0.0	0.0	0.0	0.0	0.0	0.0	0.0	0.0	0.0	0.0	0.0	0.0	0.0	0.0	0.0	0.0	0.0	0.0	0.0	0.0	0.0	
Pie-grièche à tête rousse	0.0	0.0	0.0	0.0	0.0	0.0	0.0	0.0	0.0	0.0	0.0	0.0015	0.0011062	0.0021598	9.407E-4	0.0033031	0.0044944	0.0015736	0.0012516	8.013E-4	0.0	0.0015	0.0015	0.0015	0.0	0.0022321	0.0065421	0.0012895	0.0012346	0.0035211	0.001004	8.953E-4	0.0	0.001328	0.0035211	0.0	0.0	0.0	0.0	0.0	0.0	0.0	0.0	0.0	0.0	0.0	0.0	0.0	
Laniidés sp.	0.0	0.0	0.0	0.0	0.0	0.0	0.0	0.0	0.0	0.0	0.0	0.0	0.0	0.0	0.0	0.0	0.0	0.0	0.0	0.0	0.0	0.0	0.0	0.0	0.0	0.0015	0.0	0.0	0.0	0.0	0.001004	0.0015	0.0	0.0	0.0	0.0	0.0	0.0	0.0	0.0	0.0	0.0	0.0	0.0	0.0	0.0	0.0	0.0	
Geai des chênes	0.1954787	0.18	0.1445221	0.1441176	0.1447368	0.1435986	0.1361186	0.1485452	0.1699463	0.16787	0.1774648	0.1866359	0.1736726	0.1792657	0.1373471	0.1230388	0.1617978	0.1369001	0.1339174	0.1778846	0.1430429	0.1367781	0.1138686	0.1562897	0.1740295	0.1930804	0.1962617	0.1618311	0.145679	0.1502347	0.1777108	0.1951656	0.1622276	0.2204515	0.1989437	0.2162554	0.265896	0.2367601	0.2679856	0.2821918	0.212766	0.2403433	0.1851852	0.2212766	0.1984733	0.2228412	0.2433155	0.1910448	
Pie bavarde	0.3949468	0.3909091	0.4125874	0.3852941	0.3640351	0.4238754	0.4285714	0.3966309	0.3828265	0.4061372	0.3873239	0.3525346	0.3384956	0.3196544	0.3245532	0.3063584	0.3280899	0.288749	0.2891114	0.3389423	0.336801	0.3009119	0.2978102	0.3163914	0.3319946	0.3069196	0.3093458	0.2559639	0.2358025	0.2558685	0.2751004	0.2802149	0.2845036	0.3240372	0.3503521	0.3367199	0.3564547	0.3520249	0.4082734	0.4493151	0.4139265	0.3626609	0.3367003	0.3680851	0.4452926	0.4066852	0.473262	0.3771144	
Crave à bec rouge	0.0026596	0.0018182	0.002331	0.0015	0.002193	0.0015	0.0013477	0.0015314	0.0053667	0.0018051	0.0014085	0.0023041	0.0011062	0.0010799	0.0018815	0.0024773	0.0044944	0.0094414	0.0175219	0.0144231	0.0117035	0.0151976	0.0160584	0.0177891	0.0240964	0.0111607	0.0093458	0.0199871	0.0246914	0.0164319	0.0200803	0.0250671	0.0121065	0.0106242	0.0140845	0.0130624	0.0154143	0.0140187	0.0107914	0.009589	0.0096712	0.0064378	0.003367	0.0021277	0.0076336	0.0	0.0026738	0.0059701	
Chocard à bec jaune	0.0039894	0.0015	0.0015	0.0029412	0.002193	0.0017301	0.0026954	0.0015314	0.0053667	0.0054152	0.0014085	0.0034562	0.0022124	0.0015	0.0028222	0.0024773	0.0101124	0.0094414	0.0212766	0.0144231	0.0104031	0.0167173	0.0175182	0.021601	0.0187416	0.0133929	0.0140187	0.0116054	0.0246914	0.0117371	0.0100402	0.0143241	0.0121065	0.0066401	0.0052817	0.0014514	0.0057803	0.0046729	0.0071942	0.0109589	0.0038685	0.0042918	0.0	0.0042553	0.0127226	0.0	0.0	0.0039801	
Crave à bec rouge ou Chocard à bec jaune	0.0	0.0	0.0	0.0	0.0	0.0	0.0	0.0	0.0	0.0	0.0	0.0	0.0	0.0	0.0	0.0	0.0	0.0	0.0	0.0	0.0	0.0	0.0	0.0012706	0.0	0.0	0.0	0.0	0.0	0.0	0.0	0.0	0.0	0.0	0.0	0.0	0.0	0.0	0.0	0.0	0.0	0.0	0.0	0.0	0.0	0.0	0.0	0.0	
Choucas des tours	0.099734	0.0763636	0.0745921	0.0897059	0.0679825	0.0882353	0.097035	0.0903522	0.118068	0.1173285	0.1253521	0.109447	0.0785398	0.1025918	0.0950141	0.0900083	0.0988764	0.0731707	0.0663329	0.1121795	0.0988296	0.0744681	0.0773723	0.0609911	0.042838	0.0546875	0.0635514	0.0393295	0.0444444	0.0492958	0.0552209	0.0760967	0.0581114	0.0889774	0.0862676	0.1030479	0.105973	0.1292835	0.1420863	0.190411	0.1508704	0.0901288	0.1279461	0.1042553	0.1068702	0.0752089	0.1256684	0.0835821	
Corbeau freux	0.025266	0.0218182	0.02331	0.0308824	0.0197368	0.032872	0.0202156	0.0153139	0.0304114	0.0433213	0.0521127	0.0322581	0.0309735	0.0345572	0.0206961	0.0305533	0.0269663	0.0133753	0.0137672	0.0240385	0.0091027	0.0167173	0.0131387	0.0139771	0.0093708	0.0044643	0.0046729	0.0103159	0.0098765	0.0176056	0.0110442	0.0134288	0.0157385	0.0332005	0.0352113	0.0333817	0.0346821	0.0218069	0.0305755	0.0643836	0.0464217	0.0343348	0.040404	0.0468085	0.0356234	0.0278552	0.0187166	0.0228856	
Corneille noire	0.4853723	0.5072727	0.4498834	0.4558824	0.4429825	0.4982699	0.4946092	0.4732006	0.4561717	0.4927798	0.5098592	0.5	0.4469027	0.4190065	0.4176858	0.402147	0.4202247	0.3705744	0.3779725	0.3990385	0.4070221	0.381459	0.3810219	0.3290978	0.398929	0.4229911	0.4271028	0.3939394	0.3617284	0.3896714	0.4096386	0.4189794	0.4079903	0.4462151	0.4119718	0.4397678	0.4431599	0.5046729	0.4964029	0.5589041	0.4758221	0.4699571	0.4983165	0.493617	0.5521628	0.5125348	0.5240642	0.5104478	
Corneille mantelée	0.0	0.0	0.0	0.0	0.0	0.0	0.0	0.0	0.0	0.0	0.0	0.0	0.0	0.0	0.0	0.0	0.0	0.0	0.0	0.0	0.0	0.0	0.0	0.0	0.0	0.0	0.0	0.0	0.0	0.0	0.0	0.0	0.0	0.0	0.0	0.0	0.0	0.0	0.0	0.0013699	0.0	0.0	0.0	0.0	0.0	0.0	0.0	0.0	
corneille sp.	0.0013298	0.0	0.004662	0.0	0.0	0.0	0.0013477	0.0	0.0	0.0	0.0014085	0.0034562	0.0015	0.0021598	0.0	8.258E-4	0.0022472	0.0039339	0.0	8.013E-4	0.0013004	0.0	0.0	0.0015	0.0015	0.0	0.0018692	0.0012895	0.0024691	0.0	0.0	0.0015	0.003632	0.0015	0.0017606	0.0043541	0.0	0.0046729	0.0017986	0.0	0.0	0.0064378	0.0	0.0021277	0.0	0.0	0.0	0.0	
Grand Corbeau	0.0319149	0.0181818	0.006993	0.0102941	0.0109649	0.0190311	0.0161725	0.0168453	0.0268336	0.0216606	0.0239437	0.0195853	0.0154867	0.0205184	0.0225776	0.0165153	0.0370787	0.0228167	0.0262829	0.0264423	0.0221066	0.0258359	0.0379562	0.0279543	0.021419	0.0212054	0.0242991	0.0361057	0.0419753	0.0446009	0.0421687	0.0581916	0.0230024	0.0225764	0.0475352	0.0319303	0.0539499	0.0514019	0.0503597	0.0315068	0.0212766	0.0236052	0.016835	0.0191489	0.0305344	0.0222841	0.0213904	0.0189055	
corneille ou corbeau sp.	0.0	0.0	0.0	0.0	0.002193	0.0	0.0	0.0	0.0	0.0	0.0	0.0	0.0	0.0	0.0	0.0	0.0011236	0.0	0.0	0.0	0.0	0.0	0.0	0.0	0.0	0.0	0.0	0.0	0.0	0.0	0.0	0.0	0.0	0.001328	0.0	0.0014514	0.0	0.0	0.0	0.0	0.0	0.0	0.0	0.0	0.0	0.0	0.0	0.0	
Mésange noire	0.0119681	0.0145455	0.013986	0.0147059	0.0197368	0.0121107	0.0175202	0.0260337	0.019678	0.032491	0.0183099	0.0184332	0.005531	0.0205184	0.0122295	0.0057803	0.0123596	0.0133753	0.020025	0.0104167	0.0143043	0.006079	0.0233577	0.0139771	0.0254351	0.03125	0.0252336	0.0335268	0.0333333	0.0575117	0.0251004	0.0358102	0.0254237	0.0146082	0.0387324	0.0261248	0.0404624	0.0311526	0.0503597	0.0342466	0.0444874	0.0236052	0.020202	0.0319149	0.0407125	0.0250696	0.013369	0.0218905	
Mésange huppée	0.025266	0.0345455	0.018648	0.0367647	0.0307018	0.0207612	0.0215633	0.0199081	0.0250447	0.0198556	0.0338028	0.0253456	0.0298673	0.0205184	0.0272813	0.0165153	0.0213483	0.0196696	0.0137672	0.0360577	0.0312094	0.0288754	0.0218978	0.021601	0.0334672	0.0301339	0.0542056	0.0490006	0.0617284	0.0528169	0.0552209	0.0635631	0.0411622	0.0424967	0.0264085	0.0275762	0.0423892	0.0404984	0.044964	0.0219178	0.0232108	0.0321888	0.020202	0.0319149	0.0534351	0.0278552	0.0294118	0.038806	
Mésange nonnette	0.0944149	0.0745455	0.0606061	0.0588235	0.0701754	0.0761246	0.06469	0.0719755	0.1073345	0.0776173	0.0760563	0.0587558	0.0608407	0.037797	0.0329257	0.0214699	0.0561798	0.0393391	0.0325407	0.0376603	0.0325098	0.0288754	0.0423358	0.0406607	0.0522088	0.0368304	0.0439252	0.0644745	0.0592593	0.0539906	0.060241	0.0734109	0.0532688	0.0571049	0.0510563	0.0595065	0.0539499	0.0498442	0.057554	0.0369863	0.040619	0.027897	0.0538721	0.0595745	0.0559796	0.0557103	0.0802139	0.0875622	
Mésange boréale	0.0	0.0015	0.0	0.0014706	0.0015	0.0	0.0	0.0	0.0017889	0.0015	0.0	0.0023041	0.0015	0.0015	0.0015	0.0	0.0022472	0.0	0.0	0.0	0.0015	0.0	0.0	0.0012706	0.0	0.0	0.0	0.0	0.0012346	0.0011737	0.0	0.0	0.0015	0.0	0.0	0.0029028	0.0	0.0015576	0.0015	0.0	0.0015	0.0015	0.0015	0.0	0.0015	0.0	0.0	9.95E-4	
Mésange nonnette ou M. boréale	0.0	0.0	0.0	0.0	0.0	0.0	0.0	0.0	0.0	0.0	0.0	0.0	0.0	0.0	0.0	0.0	0.0011236	0.0	0.0	0.0	0.0	0.0	0.0	0.0	0.0	0.0	0.0	0.0	0.0	0.0	0.0	0.0	0.0	0.002656	0.0015	0.0	0.0	0.0	0.0017986	0.0	0.0	0.0	0.0	0.0	0.0	0.0	0.0	0.0	
Mésange bleue	0.3723404	0.3363636	0.3636364	0.3955882	0.3421053	0.3927336	0.3800539	0.3568147	0.3828265	0.3646209	0.3901408	0.4112903	0.420354	0.3671706	0.3151458	0.2543353	0.2966292	0.2871755	0.2728411	0.3293269	0.2847854	0.2355623	0.2540146	0.2261753	0.2570281	0.2790179	0.3037383	0.3023856	0.2814815	0.3086854	0.315261	0.3222919	0.2760291	0.2934927	0.3362676	0.287373	0.300578	0.2897196	0.3111511	0.3342466	0.27853	0.3390558	0.2929293	0.3531915	0.3562341	0.362117	0.3796791	0.3950249	
Mésange charbonnière	0.4454787	0.4618182	0.4289044	0.4279412	0.4539474	0.4740484	0.4811321	0.4578867	0.4883721	0.5036101	0.4929577	0.5115207	0.4756637	0.4632829	0.4252117	0.4153592	0.4505618	0.4067663	0.3704631	0.3661859	0.3146944	0.331307	0.2846715	0.2617535	0.3105756	0.3303571	0.3523364	0.3281754	0.3209877	0.342723	0.3393574	0.3885407	0.3583535	0.3957503	0.3644366	0.4034833	0.4084778	0.4314642	0.4190647	0.4547945	0.3752418	0.3690987	0.3602694	0.406383	0.4300254	0.4150418	0.4812834	0.441791	
paridé sp.	0.0	0.0	0.0	0.0	0.004386	0.0	0.0013477	0.0	0.0017889	0.0	0.0	0.0011521	0.0	0.0	9.407E-4	0.0	0.0	0.0	0.0012516	8.013E-4	0.0	0.0	0.0	0.0	0.0	0.0	0.0	0.0	0.0	0.0	0.0	0.0	0.0012107	0.001328	0.0	0.0014514	0.0019268	0.0	0.0053957	0.0041096	0.0	0.0021459	0.006734	0.0	0.0	0.0	0.0	0.00199	
Rémiz penduline	0.0013298	0.0018182	0.002331	0.0014706	0.0015	0.0017301	0.0026954	0.0015	0.0035778	0.0054152	0.0015	0.0011521	0.0011062	0.0	0.0015	0.0	0.0	7.868E-4	0.0	0.0	0.0	0.0015	0.0	0.0	0.0	0.0	0.0	0.0	0.0	0.0	0.0	8.953E-4	0.0015	0.0	0.0	0.0015	0.0019268	0.0015	0.0071942	0.0136986	0.0116054	0.0042918	0.013468	0.0015	0.0101781	0.005571	0.0015	0.0049751	
Alouette lulu	0.0132979	0.0218182	0.016317	0.0073529	0.0087719	0.0432526	0.0256065	0.0245023	0.0286225	0.0306859	0.0352113	0.0391705	0.039823	0.0421166	0.0404516	0.0511974	0.0595506	0.0456334	0.0475594	0.0600962	0.0637191	0.0334347	0.0262774	0.0368488	0.021419	0.0200893	0.0130841	0.0077369	0.0012346	0.0011737	0.0050201	0.0017905	0.0015	0.0066401	0.040493	0.0391872	0.0539499	0.0685358	0.1007194	0.1082192	0.0290135	0.0536481	0.023569	0.0170213	0.0152672	0.0362117	0.013369	0.0119403	
Alouette des champs	0.0744681	0.1072727	0.0652681	0.0485294	0.0592105	0.0847751	0.1132075	0.1117917	0.1305903	0.1624549	0.1915493	0.15553	0.1460177	0.150108	0.1335842	0.1527663	0.1269663	0.0967742	0.0888611	0.1169872	0.1430429	0.1322188	0.1211679	0.1054638	0.1004016	0.0636161	0.0523364	0.0451322	0.0222222	0.0293427	0.0140562	0.0241719	0.0169492	0.0159363	0.0246479	0.030479	0.0520231	0.0981308	0.2230216	0.2794521	0.2147002	0.2167382	0.1279461	0.1212766	0.1119593	0.1030641	0.0802139	0.0676617	
Cochevis huppé	0.0053191	0.0018182	0.002331	0.0029412	0.004386	0.0017301	0.0026954	0.0030628	0.0053667	0.0054152	0.0070423	0.0092166	0.005531	0.0053996	0.0084666	0.0024773	0.0022472	0.0031471	0.0100125	0.0064103	0.006502	0.0136778	0.010219	0.0101652	0.0053548	0.0022321	0.0028037	0.0032237	0.0024691	0.0011737	0.001004	0.0062668	0.0012107	0.002656	0.0015	0.0043541	0.0057803	0.0093458	0.0107914	0.0123288	0.0077369	0.0085837	0.0015	0.0042553	0.0076336	0.0015	0.0080214	0.00199	
Alouette haussecol	0.0026596	0.0	0.0015	0.0015	0.004386	0.0	0.0040431	0.0030628	0.0017889	0.0018051	0.0014085	0.0011521	0.0011062	0.0	0.0	0.0	0.0	0.0	0.0	0.0015	0.0	0.0	0.0	0.0	0.0	0.0	0.0	0.0015	0.0	0.0	0.0	0.0	0.0	0.0	0.0	0.0	0.0	0.0	0.0	0.0013699	0.0	0.0	0.0	0.0	0.0076336	0.0027855	0.0	9.95E-4	
Alouette calandrelle	0.0	0.0	0.0	0.0	0.0	0.0	0.0	0.0	0.0	0.0	0.0	0.0	0.0	0.0	0.0	0.0	0.0015	0.0	0.0	8.013E-4	0.0	0.0	0.0	0.0	0.0	0.0	0.0	0.0	0.0	0.0	0.0	0.0	0.0	0.0	0.0	0.0	0.0	0.0	0.0	0.0015	0.0	0.0	0.0	0.0	0.0	0.0	0.0	0.0	
alaudidé sp.	0.0	0.0018182	0.0	0.0	0.0	0.0	0.0	0.0015314	0.0	0.0	0.0	0.0	0.0	0.0010799	0.0	0.0	0.0	7.868E-4	0.0	0.0	0.0	0.0	0.0	0.0	0.0	0.0011161	9.346E-4	6.447E-4	0.0	0.0	0.0	0.0	0.0	0.0	0.0	0.0	0.0019268	0.0	0.0017986	0.0	0.0	0.0	0.0	0.0	0.0	0.0	0.0	0.0	
Panure à moustaches	0.0	0.0	0.0	0.0	0.0	0.0	0.0015	0.0	0.0	0.0	0.0	0.0015	0.0	0.0	0.0	0.0	0.0	0.0	0.0	0.0	0.0	0.0	0.0	0.0	0.0	0.0	0.0	0.0	0.0	0.0	0.0	0.0	0.0	0.0	0.0	0.0	0.0	0.0	0.0	0.0015	0.0	0.0015	0.0	0.0	0.0	0.0	0.0	0.0	
Cisticole des joncs	0.037234	0.0290909	0.030303	0.0176471	0.0175439	0.0311419	0.0512129	0.0490046	0.0679785	0.0812274	0.1084507	0.1313364	0.1659292	0.1598272	0.1552211	0.1775392	0.152809	0.1699449	0.1276596	0.1354167	0.1352406	0.112462	0.1255474	0.1207116	0.1419009	0.1272321	0.1457944	0.1347518	0.1111111	0.1384977	0.124498	0.1199642	0.1016949	0.0876494	0.1197183	0.0449927	0.0732177	0.05919	0.0755396	0.1342466	0.1160542	0.1051502	0.0942761	0.0957447	0.0712468	0.0752089	0.040107	0.0328358	
Hypolaïs bottée	0.0	0.0	0.0	0.0	0.0	0.0	0.0	0.0	0.0	0.0	0.0	0.0	0.0	0.0	0.0	0.0	0.0	0.0	0.0	0.0	0.0	0.0	0.0	0.0	0.0	0.0	0.0	0.0	0.0	0.0	0.0	0.0	0.0	0.0	0.0	0.0	0.0	0.0	0.0	0.0013699	0.0	0.0	0.0	0.0	0.0	0.0	0.0	0.0	
Hypolaïs polyglotte	0.0	0.0	0.0	0.0	0.0	0.0	0.0	0.0	0.0	0.0	0.0	0.0	0.0022124	0.0075594	0.0253998	0.1585467	0.2134831	0.195122	0.1989987	0.2564103	0.2158648	0.1808511	0.1386861	0.1232529	0.1097724	0.1071429	0.0813084	0.073501	0.0530864	0.0492958	0.0471888	0.042077	0.0266344	0.0092961	0.0088028	0.0029028	0.0019268	0.0	0.0	0.0	0.0	0.0	0.0	0.0	0.0	0.0	0.0	0.0	
Hypolaïs ictérine	0.0	0.0	0.0	0.0	0.0	0.0	0.0	0.0	0.0	0.0	0.0	0.0	0.0	0.0	0.0	0.0	0.0	0.0	0.0	0.0	0.0	0.0	0.0	0.0	0.0	0.0	0.0	0.0	0.0	0.0	0.0015	0.0017905	0.0012107	0.0015	0.0	0.0015	0.0	0.0	0.0	0.0	0.0	0.0	0.0	0.0	0.0	0.0	0.0	0.0	
Hypolaïs polyglotte ou H. ictérine	0.0	0.0	0.0	0.0	0.0	0.0	0.0	0.0	0.0	0.0	0.0	0.0	0.0	0.0	0.0	0.0	0.0	0.0015	0.0	0.0	0.0	0.0	0.0	0.0	0.0	0.0011161	0.0	0.0	0.0	0.0	0.0	0.0	0.0	0.0	0.0	0.0	0.0	0.0	0.0	0.0	0.0	0.0	0.0	0.0	0.0	0.0	0.0	0.0	
Hippolais sp.	0.0	0.0	0.0	0.0	0.0	0.0	0.0	0.0	0.0	0.0	0.0	0.0	0.0	0.0	0.0	0.0	0.0	0.0	0.0	0.0	0.0	0.0	0.0	0.0	0.0	0.0	0.0	0.0	0.0	0.0	0.0	0.0	0.0	0.0	0.0	0.0	0.0	0.0015576	0.0	0.0	0.0	0.0	0.0	0.0	0.0	0.0	0.0	0.0	
Phragmite aquatique	0.0	0.0	0.0	0.0	0.0	0.0	0.0	0.0	0.0	0.0	0.0	0.0	0.0	0.0	0.0	0.0	0.0	0.0	0.0	0.0	0.0	0.0	0.0	0.0	0.0	0.0	0.0	0.0	0.0	0.0015	0.0015	0.0026858	0.0024213	0.0	0.0	0.0	0.0	0.0	0.0	0.0	0.0	0.0	0.0	0.0	0.0	0.0	0.0	0.0	
Phragmite des joncs	0.0	0.0	0.0	0.0	0.0	0.0	0.0	0.0	0.0	0.0036101	0.0015	0.0103687	0.039823	0.0291577	0.0319849	0.0388109	0.0213483	0.0188828	0.0075094	0.0088141	0.0130039	0.0121581	0.0145985	0.0012706	0.0040161	0.0055804	0.0065421	0.0070922	0.0135802	0.0234742	0.0220884	0.0223814	0.0157385	0.0079681	0.0140845	0.0072569	0.0019268	0.0015	0.0	0.0	0.0	0.0	0.0	0.0	0.0	0.0	0.0	0.0	
Rousserolle verderolle	0.0	0.0	0.0	0.0	0.0	0.0	0.0	0.0	0.0	0.0	0.0	0.0	0.0	0.0	0.0	0.0	0.0	0.0	0.0	0.0	0.0	0.0	0.0	0.0	0.0015	0.0	0.0	0.0	0.0	0.0	0.0	0.0	0.0	0.0	0.0	0.0	0.0	0.0	0.0	0.0	0.0	0.0	0.0	0.0	0.0	0.0	0.0	0.0	
Rousserolle effarvatte	0.0	0.0	0.0	0.0	0.0	0.0	0.0	0.0	0.0	0.0018051	0.0	0.0	0.0143805	0.0291577	0.0366886	0.0933113	0.0955056	0.0841857	0.0788486	0.0897436	0.1105332	0.0577508	0.0817518	0.0711563	0.0896921	0.0390625	0.0420561	0.0348162	0.0358025	0.0504695	0.0582329	0.0483438	0.0399516	0.0411687	0.0492958	0.0261248	0.0231214	0.0046729	0.0233813	0.0027397	0.0	0.0015	0.0	0.0021277	0.0	0.0	0.0	0.0	
Rousserolle verderolle ou R. effarvatte	0.0	0.0	0.0	0.0	0.0	0.0	0.0	0.0	0.0	0.0	0.0	0.0	0.0	0.0	0.0	8.258E-4	0.0	0.0	0.0	8.013E-4	0.0013004	0.0	0.0	0.0	0.0	0.0	0.0	0.0	0.0	0.0	0.0	0.0	0.0	0.0	0.0	0.0	0.0	0.0	0.0	0.0	0.0	0.0	0.0	0.0	0.0	0.0	0.0	0.0	
Rousserolle turdoïde	0.0	0.0	0.0	0.0	0.0	0.0	0.0	0.0	0.0	0.0	0.0	0.0	0.0	0.0010799	0.0028222	0.0057803	0.0022472	0.0015736	0.0012516	0.0015	0.0015	0.0015198	0.0029197	0.0038119	0.0026774	0.0	0.0018692	6.447E-4	0.0012346	0.0015	0.0015	8.953E-4	0.0	0.0	0.0	0.0	0.0	0.0	0.0	0.0	0.0	0.0	0.0	0.0	0.0	0.0	0.0	0.0	
Acrocephalus sp.	0.0	0.0	0.0	0.0	0.0	0.0	0.0	0.0	0.0	0.0	0.0	0.0	0.0	0.0	0.0	0.0	0.0	0.0	0.0	0.0	0.0013004	0.0015198	0.0	0.0	0.0	0.0	0.0	6.447E-4	0.0	0.0	0.0	0.0015	0.0015	0.0	0.0017606	0.0	0.0019268	0.0	0.0	0.0	0.0	0.0	0.0	0.0	0.0	0.0	0.0	0.0	
Locustelle luscinioïde	0.0	0.0	0.0	0.0	0.0	0.0	0.0	0.0	0.0	0.0	0.0	0.0015	0.0099558	0.0032397	0.0075259	0.0074319	0.0033708	0.0023603	0.0012516	0.005609	0.0013004	0.0015198	0.0043796	0.0038119	0.0013387	0.0	0.0	0.0	0.0015	0.0015	0.001004	0.0015	0.0012107	0.0	0.0	0.0	0.0	0.0	0.0	0.0	0.0	0.0	0.0	0.0	0.0	0.0	0.0	0.0	
Locustelle tachetée	0.0	0.0	0.0	0.0	0.0	0.0	0.0	0.0	0.0	0.0	0.0014085	0.0046083	0.0044248	0.0032397	0.0084666	0.0033031	0.0033708	0.0047207	0.0015	0.0032051	0.0026008	0.0075988	0.0014599	0.0012706	0.0013387	0.0033482	0.0028037	0.0032237	0.0049383	0.0046948	0.0050201	0.0044763	0.0015	0.0015	0.0	0.0	0.0015	0.0015	0.0	0.0	0.0	0.0	0.0	0.0	0.0	0.0	0.0	0.0	
locustelle sp.	0.0	0.0	0.0	0.0	0.0	0.0	0.0	0.0	0.0	0.0	0.0	0.0	0.0	0.0	0.0	0.0	0.0	0.0	0.0	0.0	0.0	0.0	0.0	0.0	0.0	0.0	0.0	0.0	0.0	0.0015	0.0	0.0	0.0	0.0	0.0	0.0	0.0	0.0	0.0	0.0	0.0	0.0	0.0	0.0	0.0	0.0	0.0	0.0	
Hirondelle de rivage	0.0	0.0	0.0	0.0	0.0	0.0	0.0	0.0	0.0107335	0.0108303	0.0253521	0.0449309	0.0442478	0.0572354	0.0545626	0.0462428	0.0314607	0.0212431	0.0187735	0.0112179	0.0143043	0.0197568	0.0058394	0.0279543	0.0281124	0.0357143	0.0457944	0.0451322	0.0679012	0.0809859	0.1094378	0.1029543	0.1016949	0.0796813	0.0598592	0.0333817	0.0115607	0.0015576	0.0015	0.0	0.0	0.0	0.0	0.0	0.0	0.0	0.0	0.0	
Hirondelle de rochers	0.0039894	0.0072727	0.004662	0.0044118	0.0015	0.0017301	0.0080863	0.007657	0.0089445	0.0198556	0.0042254	0.0138249	0.0121681	0.011879	0.0188147	0.0090834	0.0191011	0.0173092	0.0162703	0.0144231	0.0130039	0.0334347	0.0160584	0.0152478	0.0321285	0.0267857	0.0271028	0.0232108	0.0333333	0.0211268	0.0261044	0.0259624	0.0169492	0.0079681	0.0211268	0.0174165	0.0211946	0.0155763	0.0305755	0.0150685	0.0038685	0.0021459	0.003367	0.0021277	0.0076336	0.0	0.0	9.95E-4	
Hirondelle rustique	0.0015	0.0036364	0.002331	0.0014706	0.0	0.0	0.0013477	0.0030628	0.0107335	0.0469314	0.1591549	0.2580645	0.3185841	0.3434125	0.3960489	0.3773741	0.3674157	0.3170732	0.2991239	0.3285256	0.2912874	0.275076	0.2817518	0.3290978	0.3266399	0.3627232	0.3869159	0.3887814	0.3382716	0.3779343	0.3524096	0.3616831	0.3208232	0.3041169	0.2429577	0.1901306	0.1541426	0.088785	0.0665468	0.0287671	0.0077369	0.0128755	0.010101	0.0085106	0.0127226	0.0194986	0.0026738	0.0029851	
Hirondelle de fenêtre	0.0	0.0	0.0	0.0	0.0015	0.0	0.0013477	0.0015314	0.0	0.0	0.0112676	0.0230415	0.0542035	0.0831533	0.1260583	0.1156069	0.1494382	0.1266719	0.1426783	0.1554487	0.1560468	0.1930091	0.1474453	0.1766201	0.1914324	0.2053571	0.2280374	0.2011605	0.2049383	0.1948357	0.1957831	0.1924799	0.1416465	0.1102258	0.0915493	0.0856313	0.0404624	0.0093458	0.0089928	0.0013699	0.0	0.0	0.0	0.0	0.0	0.0083565	0.0	0.0	
Hybride Hirondelle rustique x H. de fenêtre	0.0	0.0	0.0	0.0	0.0	0.0	0.0	0.0	0.0	0.0	0.0	0.0	0.0	0.0	0.0	0.0	0.0	0.0	0.0	0.0	0.0	0.0	0.0	0.0	0.0	0.0	0.0	0.0	0.0	0.0	0.0	0.0	0.0	0.0015	0.0	0.0	0.0	0.0	0.0	0.0	0.0	0.0	0.0	0.0	0.0	0.0	0.0	0.0	
Hirondelle rousseline	0.0	0.0	0.0	0.0	0.0	0.0	0.0	0.0	0.0	0.0	0.0	0.0	0.0	0.0010799	0.0015	8.258E-4	0.0	0.0	0.0	0.0015	0.0	0.0	0.0	0.0	0.0	0.0	0.0	6.447E-4	0.0	0.0	0.0	0.0	0.0	0.0	0.0	0.0	0.0	0.0	0.0	0.0	0.0	0.0	0.0	0.0	0.0	0.0	0.0	0.0	
hirondelle sp.	0.0	0.0	0.0	0.0	0.0	0.0	0.0015	0.0015314	0.0	0.0	0.0014085	0.0	0.0022124	0.0032397	0.0018815	0.0016515	0.0015	0.0039339	0.0025031	0.0032051	0.0013004	0.0	0.0014599	0.0012706	0.0015	0.0033482	9.346E-4	0.002579	0.0037037	0.0046948	0.002008	8.953E-4	0.0024213	0.0039841	0.0035211	0.0014514	0.0077071	0.0	0.0035971	0.0	0.0	0.0	0.0	0.0	0.0	0.0	0.0	0.0	
Pouillot siffleur	0.0	0.0	0.0	0.0	0.0	0.0	0.0	0.0	0.0	0.0	0.0	0.0	0.0	0.0021598	0.0047037	0.0024773	0.0033708	0.0015736	0.0012516	0.0024038	0.0052016	0.0015	0.0014599	0.0015	0.0013387	0.0033482	0.0015	0.0	0.0	0.0011737	0.001004	0.0015	0.0	0.0	0.0	0.0	0.0019268	0.0	0.0	0.0	0.0	0.0	0.0	0.0	0.0	0.0	0.0	0.0	
Pouillot de Bonelli	0.0	0.0	0.0	0.0	0.0	0.0	0.0	0.0	0.0	0.0	0.0014085	0.0034562	0.0243363	0.0334773	0.0489182	0.0404624	0.0516854	0.0495673	0.0337922	0.0296474	0.0416125	0.0471125	0.0364964	0.025413	0.0227577	0.0178571	0.0140187	0.0122502	0.0024691	0.0011737	0.0040161	8.953E-4	0.0012107	0.001328	0.0	0.0	0.0	0.0	0.0	0.0	0.0	0.0	0.0	0.0	0.0	0.0	0.0	0.0	
Pouillot à grands sourcils	0.0	0.0	0.0	0.0	0.0015	0.0	0.0	0.0015314	0.0	0.0	0.0	0.0	0.0015	0.0	0.0	0.0	0.0	0.0	0.0	0.0	0.0	0.0	0.0	0.0	0.0	0.0	0.0	0.0	0.0	0.0	0.0	0.0	0.0	0.0	0.0015	0.0	0.0038536	0.0015	0.0143885	0.009589	0.0154739	0.0021459	0.0	0.0021277	0.0	0.0	0.0	0.0	
Pouillot de Hume	0.0013298	0.0015	0.004662	0.0044118	0.0015	0.0034602	0.0013477	0.0122511	0.0017889	0.0015	0.0015	0.0	0.0	0.0	0.0	0.0	0.0	0.0	0.0	0.0	0.0	0.0	0.0	0.0	0.0	0.0	0.0	0.0	0.0	0.0	0.0	0.0	0.0	0.0	0.0	0.0	0.0	0.0	0.0	0.0	0.0	0.0	0.0	0.0	0.0	0.0015	0.0015	0.0	
Pouillot de Pallas	0.0	0.0	0.0	0.0	0.0	0.0	0.0015	0.0	0.0	0.0	0.0	0.0	0.0	0.0	0.0	0.0	0.0	0.0	0.0	0.0	0.0	0.0	0.0	0.0	0.0	0.0	0.0	0.0	0.0	0.0	0.0	0.0	0.0	0.0	0.0	0.0	0.0	0.0	0.0	0.0015	0.0058027	0.0015	0.0	0.0	0.0	0.0	0.0	0.0	
Pouillot brun	0.0	0.0018182	0.0015	0.0015	0.0015	0.0051903	0.0	0.0	0.0	0.0	0.0	0.0	0.0	0.0	0.0	0.0	0.0	0.0	0.0	0.0	0.0	0.0	0.0	0.0	0.0	0.0	0.0	0.0	0.0	0.0	0.0	0.0	0.0	0.0	0.0	0.0	0.0	0.0	0.0015	0.0013699	0.0	0.0042918	0.0	0.0021277	0.0	0.0	0.0026738	0.0015	
Pouillot fitis	0.0	0.0	0.0	0.0	0.0	0.0	0.0	0.0015	0.0071556	0.0126354	0.0704225	0.078341	0.0918142	0.0615551	0.0507996	0.0495458	0.0179775	0.0259638	0.0050063	0.0040064	0.0104031	0.0030395	0.010219	0.0050826	0.0080321	0.0078125	0.0102804	0.0199871	0.0654321	0.1161972	0.1686747	0.1960609	0.1815981	0.1726428	0.1954225	0.1030479	0.0732177	0.0327103	0.0215827	0.0109589	0.0015	0.0	0.0	0.0	0.0	0.0	0.0	0.0	
Pouillot véloce	0.2353723	0.2072727	0.2284382	0.2073529	0.1995614	0.2595156	0.2843666	0.280245	0.3685152	0.4223827	0.5098592	0.4861751	0.4690265	0.450324	0.3621825	0.3856317	0.3955056	0.3556255	0.3116395	0.3293269	0.2912874	0.2993921	0.2890511	0.2325286	0.2356091	0.1886161	0.1635514	0.1644101	0.2222222	0.2230047	0.247992	0.2497762	0.2360775	0.2762284	0.3080986	0.3018868	0.3776493	0.4065421	0.4208633	0.369863	0.3056093	0.3154506	0.2929293	0.2553191	0.2951654	0.2506964	0.2540107	0.2258706	
Pouillot fitis ou P. véloce	0.0	0.0	0.0	0.0	0.0	0.0	0.0	0.0	0.0	0.0	0.0	0.0	0.0	0.0	0.0	0.0	0.0	0.0	0.0	0.0	0.0	0.0	0.0	0.0	0.0	0.0	9.346E-4	0.0	0.0012346	0.0011737	0.0	0.0	0.0	0.0	0.0	0.0	0.0019268	0.0	0.0	0.0013699	0.0	0.0	0.0	0.0	0.0	0.0	0.0	0.0	
Pouillot ibérique	0.0	0.0	0.0	0.0	0.0	0.0	0.0	0.0	0.0	0.0	0.0	0.0015	0.0011062	0.0015	0.0028222	0.0016515	0.0022472	0.0015	0.0012516	0.0015	0.0013004	0.0	0.0015	0.0012706	0.0013387	0.0	9.346E-4	6.447E-4	0.0012346	0.0	0.001004	0.0	0.0	0.0	0.0	0.0	0.0	0.0015576	0.0	0.0	0.0	0.0	0.0	0.0	0.0	0.0	0.0	0.0	
Pouillot fitis, P. véloce ou P. ibérique	0.0	0.0	0.0	0.0	0.0	0.0	0.0	0.0	0.0	0.0	0.0	0.0	0.0	0.0	0.0	0.0	0.0	0.0	0.0	0.0	0.0	0.0	0.0	0.0	0.0	0.0	0.0	0.0	0.0012346	0.0	0.0	0.0	0.0	0.0	0.0	0.0	0.0	0.0	0.0	0.0	0.0	0.0	0.0	0.0	0.0	0.0	0.0	0.0	
Pouillot véloce ou P. ibérique	0.0	0.0	0.0	0.0	0.0	0.0	0.0	0.0	0.0	0.0	0.0	0.0	0.0	0.0	0.0	0.0	0.0	0.0	0.0	0.0	0.0	0.0	0.0	0.0	0.0	0.0	0.0	6.447E-4	0.0	0.0	0.0	0.0	0.0	0.0	0.0	0.0	0.0	0.0	0.0	0.0	0.0	0.0	0.0	0.0	0.0	0.0	0.0	0.0	
pouillot sp.	0.0013298	0.0018182	0.002331	0.0014706	0.002193	0.0017301	0.0	0.0	0.0	0.0018051	0.0028169	0.0011521	0.0022124	0.0021598	9.407E-4	8.258E-4	0.0	0.0	0.0	0.0048077	0.0	0.0	0.0014599	0.0	0.0	0.0022321	0.0037383	0.002579	0.0012346	0.0023474	0.0070281	0.003581	0.0012107	0.0053121	0.0088028	0.0014514	0.0038536	0.0015576	0.0017986	0.0015	0.0019342	0.0	0.0	0.0021277	0.0	0.0	0.0026738	0.0	
Bouscarle de Cetti	0.099734	0.1145455	0.1235431	0.1117647	0.1491228	0.1366782	0.2169811	0.1562021	0.19678	0.1931408	0.2267606	0.2142857	0.2411504	0.224622	0.1928504	0.23782	0.2089888	0.1856806	0.1526909	0.1762821	0.1690507	0.1428571	0.1226277	0.1029225	0.0896921	0.0837054	0.0803738	0.0541586	0.0654321	0.1032864	0.1295181	0.1307073	0.1682809	0.2138114	0.2288732	0.1712627	0.1445087	0.1744548	0.1888489	0.1821918	0.1914894	0.2424893	0.1717172	0.1680851	0.1679389	0.1866295	0.1229947	0.1144279	
Orite à longue queue	0.1662234	0.1909091	0.2027972	0.1720588	0.1907895	0.1903114	0.1603774	0.1837672	0.2021467	0.1967509	0.1760563	0.1612903	0.1238938	0.1403888	0.1232361	0.136251	0.1651685	0.1077891	0.1176471	0.1490385	0.1222367	0.0942249	0.0963504	0.0978399	0.1124498	0.1261161	0.128972	0.139265	0.1222222	0.1068075	0.1706827	0.1700985	0.1380145	0.1567065	0.1725352	0.1465893	0.1811175	0.2009346	0.1960432	0.2136986	0.172147	0.2274678	0.1649832	0.2276596	0.2519084	0.2729805	0.2593583	0.2129353	
Fauvette à tête noire	0.0744681	0.0727273	0.0699301	0.0529412	0.0964912	0.0916955	0.1078167	0.1133231	0.157424	0.198556	0.3380282	0.4124424	0.4889381	0.5237581	0.4656632	0.4715111	0.505618	0.4870181	0.4305382	0.5200321	0.4902471	0.4635258	0.4291971	0.4091487	0.4016064	0.3917411	0.3102804	0.2611219	0.2037037	0.2100939	0.2379518	0.2318711	0.1937046	0.2005312	0.2323944	0.1669086	0.1984586	0.1853583	0.1798561	0.1589041	0.1353965	0.0987124	0.1077441	0.0978723	0.0916031	0.1142061	0.0882353	0.0636816	
Fauvette des jardins	0.0	0.0	0.0	0.0	0.0	0.0	0.0	0.0	0.0	0.0	0.0	0.0034562	0.0121681	0.0140389	0.0319849	0.0561519	0.0550562	0.0338316	0.0250313	0.0504808	0.0442133	0.0455927	0.0452555	0.0393901	0.0187416	0.0223214	0.017757	0.0128949	0.0185185	0.0176056	0.0170683	0.034915	0.0254237	0.0305445	0.0334507	0.0087083	0.0015	0.0015	0.0071942	0.0015	0.0	0.0015	0.0	0.0	0.0	0.0	0.0	0.0	
Fauvette épervière	0.0	0.0	0.0	0.0	0.0	0.0	0.0	0.0	0.0	0.0	0.0	0.0	0.0	0.0	0.0	0.0	0.0	0.0	0.0	0.0	0.0	0.0	0.0	0.0	0.0	0.0	0.0	0.0	0.0	0.0	0.0	0.0	0.0	0.0	0.0	0.0015	0.0	0.0	0.0	0.0	0.0	0.0	0.0	0.0	0.0	0.0	0.0	0.0	
Fauvette babillarde	0.0	0.0	0.0	0.0	0.0	0.0	0.0	0.0	0.0	0.0	0.0	0.0	0.0	0.0	0.0	0.0	0.0	0.0	0.0	0.0	0.0	0.0	0.0	0.0	0.0	0.0	0.0	0.0	0.0	0.0	0.0	0.0	0.0	0.0	0.0015	0.0015	0.0015	0.0015	0.0	0.0013699	0.0	0.0	0.0	0.0	0.0	0.0	0.0	0.0	
Fauvette mélanocéphale	0.0039894	0.0	0.0	0.0	0.002193	0.0017301	0.0026954	0.0015314	0.0	0.0018051	0.0014085	0.0057604	0.0011062	0.0010799	9.407E-4	0.0024773	0.0011236	0.0	0.0025031	0.0024038	0.0026008	0.0030395	0.0014599	0.0012706	0.0013387	0.0022321	0.0037383	0.0019342	0.0037037	0.0035211	0.0040161	0.0053715	0.0024213	0.0053121	0.0035211	0.0029028	0.0019268	0.0062305	0.0071942	0.0068493	0.0019342	0.0064378	0.003367	0.0042553	0.0076336	0.0027855	0.0	0.00199	
Fauvette passerinette	0.0	0.0	0.0	0.0	0.0	0.0	0.0	0.0	0.0	0.0	0.0	0.0	0.0011062	0.0010799	0.0028222	0.0015	0.0	0.0015736	0.0	0.0	0.0	0.0	0.0	0.0	0.0	0.0011161	0.0	0.0	0.0	0.0	0.0	0.0	0.0	0.0	0.0	0.0	0.0	0.0015576	0.0	0.0	0.0	0.0	0.0	0.0	0.0	0.0	0.0	0.0	
Fauvette des Balkans	0.0	0.0	0.0	0.0	0.0	0.0	0.0	0.0	0.0	0.0	0.0	0.0	0.0	0.0	0.0	0.0	0.0015	0.0	0.0	0.0	0.0	0.0	0.0	0.0	0.0	0.0	0.0	0.0	0.0	0.0	0.0	0.0	0.0	0.0	0.0	0.0	0.0	0.0	0.0	0.0	0.0	0.0	0.0	0.0	0.0	0.0	0.0	0.0	
Fauvette passerinette ou F. des Balkans	0.0	0.0	0.0	0.0	0.0	0.0	0.0	0.0	0.0	0.0	0.0	0.0	0.0	0.0	0.0	0.0	0.0	0.0	0.0	0.0	0.0	0.0	0.0	0.0	0.0	0.0	0.0	0.0	0.0	0.0	0.0	0.0	0.0	0.0	0.0	0.0	0.0	0.0015576	0.0	0.0	0.0	0.0	0.0	0.0	0.0	0.0	0.0	0.0	
Fauvette grisette	0.0	0.0	0.0	0.0	0.0	0.0	0.0	0.0	0.0	0.0	0.0042254	0.016129	0.0663717	0.1403888	0.173095	0.2138728	0.1359551	0.1250983	0.0901126	0.125	0.136541	0.0683891	0.1007299	0.0876747	0.0615797	0.0546875	0.0373832	0.0386847	0.0444444	0.0586854	0.0732932	0.0922113	0.0714286	0.063745	0.0721831	0.0188679	0.0134875	0.0062305	0.0017986	0.0041096	0.0019342	0.0	0.0	0.0	0.0	0.0	0.0	0.0	
Fauvette à lunettes	0.0	0.0	0.0	0.0	0.0	0.0	0.0	0.0	0.0	0.0	0.0	0.0	0.0	0.0	0.0	0.0	0.0	0.0	0.0	0.0015	0.0	0.0	0.0	0.0	0.0	0.0	0.0	0.0	0.0	0.0	0.0	0.0	0.0	0.0	0.0	0.0	0.0	0.0	0.0	0.0	0.0	0.0	0.0	0.0	0.0	0.0	0.0	0.0	
Fauvette pitchou	0.0053191	0.0090909	0.004662	0.0014706	0.002193	0.0051903	0.0080863	0.0015314	0.0035778	0.0018051	0.0084507	0.0080645	0.0044248	0.0021598	0.0122295	0.0049546	0.0033708	0.0094414	0.0062578	0.0032051	0.0039012	0.0182371	0.0043796	0.0012706	0.0053548	0.0078125	0.0046729	0.0077369	0.0074074	0.008216	0.0100402	0.003581	0.003632	0.0039841	0.0088028	0.0029028	0.0019268	0.0046729	0.0089928	0.0068493	0.0015	0.0107296	0.003367	0.0042553	0.0101781	0.0111421	0.0080214	0.0079602	
Sylvia ou Curruca sp.	0.0	0.0	0.0	0.0	0.0	0.0	0.0	0.0	0.0017889	0.0	0.0	0.0	0.0	0.0	0.0	0.0	0.0	0.0	0.0	0.0	0.0013004	0.0	0.0015	0.0	0.0	0.0	9.346E-4	0.0012895	0.0	0.0	0.0	0.0	0.0	0.0	0.0	0.0	0.0	0.0	0.0	0.0	0.0	0.0	0.0	0.0	0.0	0.0	0.0	0.0	
Passeriformes sp. (fauvette de l'ancien monde sp.)	0.0	0.0	0.0	0.0	0.0	0.0	0.0	0.0	0.0	0.0	0.0	0.0	0.0	0.0	0.0	0.0	0.0	0.0	0.0	0.0	0.0	0.0	0.0	0.0	0.0	0.0	0.0	0.0	0.0	0.0	0.0	0.0	0.0	0.001328	0.0	0.0	0.0	0.0	0.0	0.0	0.0	0.0	0.0	0.0	0.0	0.0	0.0	0.0	
Léiothrix jaune	0.0159574	0.0109091	0.006993	0.0014706	0.0131579	0.0017301	0.0015	0.0091884	0.0035778	0.0054152	0.0070423	0.0057604	0.0066372	0.012959	0.0084666	0.0024773	0.0089888	0.0094414	0.0037547	0.0072115	0.0052016	0.0091185	0.0072993	0.0038119	0.0080321	0.0055804	0.011215	0.0238556	0.017284	0.0164319	0.0170683	0.0179051	0.0205811	0.0159363	0.0017606	0.0072569	0.0038536	0.0046729	0.0161871	0.0054795	0.0096712	0.0064378	0.016835	0.012766	0.0152672	0.0027855	0.0053476	0.0119403	
Roitelet huppé	0.0531915	0.0418182	0.027972	0.0308824	0.0263158	0.0259516	0.0161725	0.0168453	0.0304114	0.0198556	0.0239437	0.0138249	0.0066372	0.0107991	0.014111	0.0049546	0.0179775	0.0078678	0.0100125	0.0096154	0.0143043	0.0075988	0.0029197	0.0088945	0.0133869	0.0111607	0.0242991	0.0212766	0.0209877	0.0187793	0.0110442	0.0161146	0.0205811	0.0239044	0.0299296	0.0058055	0.0057803	0.0420561	0.1169065	0.109589	0.139265	0.1266094	0.0841751	0.0617021	0.1145038	0.086351	0.0828877	0.0577114	
Roitelet à triple bandeau	0.1529255	0.1509091	0.1188811	0.1147059	0.122807	0.1176471	0.1415094	0.143951	0.1395349	0.1696751	0.1464789	0.1290323	0.1106195	0.1339093	0.1354657	0.1098266	0.1247191	0.1164437	0.0863579	0.1394231	0.1053316	0.0790274	0.0569343	0.0571792	0.0535475	0.0792411	0.0747664	0.0883301	0.0753086	0.1126761	0.1365462	0.126231	0.1065375	0.1354582	0.1355634	0.0856313	0.1811175	0.1775701	0.2122302	0.2273973	0.2030948	0.2296137	0.1481481	0.1829787	0.2086514	0.1643454	0.2139037	0.1562189	
Roitelet huppé ou R. à triple bandeau	0.0013298	0.0018182	0.002331	0.0044118	0.004386	0.0017301	0.0013477	0.0015314	0.0	0.0015	0.0	0.0011521	0.0011062	0.0010799	0.0	0.0016515	0.0015	0.0	0.0012516	8.013E-4	0.0	0.0015198	0.0014599	0.0015	0.0013387	0.0033482	9.346E-4	0.0019342	0.0012346	0.0011737	0.002008	0.0062668	0.0	0.001328	0.0035211	0.0	0.0	0.0015576	0.0071942	0.0027397	0.0019342	0.0085837	0.006734	0.0042553	0.0025445	0.005571	0.0	0.0039801	
Tichodrome échelette	0.0066489	0.0018182	0.004662	0.0014706	0.004386	0.0015	0.0013477	0.0045942	0.0017889	0.0015	0.0042254	0.0011521	0.0015	0.0	0.0	8.258E-4	0.0	0.0	0.0	0.0016026	0.0	0.0	0.0	0.0012706	0.0013387	0.0	0.0015	6.447E-4	0.0024691	0.0011737	0.0	8.953E-4	0.0	0.001328	0.0	0.0	0.0	0.0015576	0.0017986	0.0027397	0.0015	0.0042918	0.006734	0.0021277	0.0152672	0.0015	0.0106952	0.0089552	
Sittelle torchepot	0.1462766	0.1381818	0.1212121	0.1117647	0.1403509	0.1384083	0.1361186	0.151608	0.1466905	0.166065	0.1859155	0.1831797	0.1681416	0.1425486	0.0865475	0.0652353	0.0898876	0.06845	0.0801001	0.1129808	0.1092328	0.0911854	0.1007299	0.0991105	0.1472557	0.1462054	0.164486	0.174726	0.1938272	0.1830986	0.1937751	0.1888988	0.1658596	0.1686587	0.1443662	0.1480406	0.1425819	0.1308411	0.1079137	0.090411	0.0947776	0.0858369	0.1043771	0.1234043	0.1399491	0.1253482	0.1390374	0.1641791	
Grimpereau des bois	0.0039894	0.0054545	0.0	0.0	0.0065789	0.0034602	0.0040431	0.0015	0.0071556	0.0072202	0.0070423	0.0034562	0.0044248	0.0010799	0.0056444	0.0016515	0.0011236	0.0031471	0.0015	0.0032051	0.0039012	0.0030395	0.0014599	0.0012706	0.0053548	0.0089286	0.0065421	0.0096712	0.0037037	0.0176056	0.0050201	0.007162	0.0072639	0.0	0.0140845	0.0014514	0.0019268	0.0140187	0.0	0.0054795	0.0077369	0.0	0.003367	0.0	0.0	0.0	0.0	0.0	
Grimpereau des jardins	0.1117021	0.1381818	0.1328671	0.1117647	0.1162281	0.1280277	0.1105121	0.1485452	0.1413238	0.1299639	0.1690141	0.1543779	0.1637168	0.161987	0.1627469	0.1544178	0.1685393	0.1652242	0.1564456	0.1642628	0.1430429	0.1276596	0.1284672	0.1321474	0.1807229	0.1953125	0.1841121	0.1831077	0.1753086	0.2007042	0.1686747	0.1638317	0.1513317	0.1593625	0.1285211	0.1059507	0.1078998	0.1308411	0.0935252	0.1068493	0.0773694	0.1180258	0.1144781	0.1085106	0.1221374	0.1420613	0.1336898	0.1482587	
Grimpereau des bois ou G. des jardins	0.0	0.0	0.0	0.0	0.0015	0.0	0.0013477	0.0	0.0015	0.0018051	0.0	0.0011521	0.0	0.0010799	0.0	0.0015	0.0011236	7.868E-4	0.0012516	0.0016026	0.0013004	0.0	0.0	0.0015	0.0	0.0	0.0065421	6.447E-4	0.0024691	0.0	0.002008	0.0017905	0.0	0.0	0.0	0.0	0.0015	0.0	0.0017986	0.0	0.0	0.0042918	0.0	0.0	0.0	0.0	0.0	0.0	
Troglodyte mignon	0.2207447	0.1909091	0.1888112	0.1705882	0.1622807	0.1972318	0.2183288	0.1960184	0.2379249	0.2310469	0.2535211	0.2096774	0.2345133	0.2289417	0.2031985	0.1899257	0.2348315	0.2069237	0.175219	0.2179487	0.2197659	0.1854103	0.1868613	0.1702668	0.1941098	0.1830357	0.1448598	0.1353965	0.1320988	0.1244131	0.125502	0.1136974	0.094431	0.0903054	0.0774648	0.0667634	0.0789981	0.135514	0.1942446	0.2328767	0.2108317	0.2832618	0.2188552	0.2468085	0.2391858	0.2479109	0.2593583	0.2288557	
Cincle plongeur	0.0172872	0.0036364	0.006993	0.0073529	0.0109649	0.0034602	0.0026954	0.0015314	0.0071556	0.0015	0.0028169	0.0046083	0.005531	0.0064795	0.0015	0.0057803	0.005618	0.0023603	0.0075094	0.0088141	0.006502	0.006079	0.0043796	0.0101652	0.0187416	0.0078125	0.0121495	0.0109607	0.0074074	0.008216	0.0100402	0.0125336	0.0096852	0.002656	0.0035211	0.0058055	0.0057803	0.0031153	0.0053957	0.0123288	0.0	0.0042918	0.0015	0.006383	0.0015	0.0111421	0.0026738	0.00199	
Étourneau sansonnet	0.3390957	0.3890909	0.3682984	0.35	0.3377193	0.3892734	0.3867925	0.3690658	0.3667263	0.3375451	0.3394366	0.3421659	0.3517699	0.3585313	0.3339605	0.3682907	0.3808989	0.343037	0.3141427	0.3405449	0.3211964	0.3069909	0.3343066	0.3125794	0.2878179	0.2667411	0.253271	0.2450032	0.2481481	0.2558685	0.2751004	0.256043	0.2772397	0.309429	0.3309859	0.3062409	0.3082852	0.3021807	0.3507194	0.4205479	0.4526112	0.3690987	0.4107744	0.4191489	0.43257	0.4178273	0.4411765	0.360199	
Étourneau unicolore	0.0	0.0	0.0	0.0	0.0	0.0	0.0013477	0.0	0.0	0.0	0.0	0.0	0.0	0.0010799	0.0	0.0	0.0	0.0	0.0	0.0	0.0	0.0	0.0	0.0	0.0	0.0	0.0	0.0	0.0	0.0	0.0	0.0	0.0	0.0	0.0015	0.0	0.0019268	0.0	0.0	0.0027397	0.0	0.0	0.0	0.0	0.0025445	0.0	0.0	0.00199	
Étourneau sansonnet ou É. unicolore	0.0013298	0.0	0.0	0.0014706	0.0065789	0.0034602	0.0026954	0.0061256	0.0035778	0.0	0.0	0.0011521	0.0	0.0015	0.0	0.0	0.0022472	0.0	0.0037547	0.0016026	0.0	0.0	0.0014599	0.0	0.0	0.0033482	0.0	0.0012895	0.0	0.0011737	0.001004	0.0044763	0.0084746	0.0	0.0	0.0	0.0	0.0	0.0	0.0027397	0.0	0.0042918	0.0015	0.0042553	0.0025445	0.0	0.0	0.00199	
Étourneau roselin	0.0	0.0	0.0	0.0	0.0	0.0	0.0	0.0	0.0	0.0	0.0	0.0	0.0	0.0	0.0	0.0	0.0	0.0	0.0	0.0	0.0015	0.0015	0.0015	0.0	0.0	0.0	0.0	0.0	0.0	0.0	0.0	0.0015	0.0	0.0	0.0	0.0	0.0	0.0	0.0	0.0015	0.0015	0.0	0.0015	0.0	0.0	0.0	0.0015	0.0	
Grive draine	0.0425532	0.0436364	0.0512821	0.0411765	0.0307018	0.0363322	0.0363881	0.0398162	0.0232558	0.032491	0.0366197	0.0391705	0.0442478	0.037797	0.0432738	0.0255987	0.0494382	0.0314713	0.0362954	0.036859	0.0325098	0.0303951	0.0262774	0.0304956	0.0267738	0.03125	0.0299065	0.0283688	0.0222222	0.0187793	0.0190763	0.0259624	0.0121065	0.0146082	0.0158451	0.0188679	0.0366089	0.0280374	0.0503597	0.0520548	0.0290135	0.0321888	0.043771	0.0319149	0.0279898	0.0417827	0.0481283	0.0467662	
Grive musicienne	0.1954787	0.1636364	0.1328671	0.1514706	0.2214912	0.2301038	0.2587601	0.2434916	0.2647585	0.2563177	0.2591549	0.2281106	0.2323009	0.2073434	0.1900282	0.1552436	0.2078652	0.1872541	0.1927409	0.2011218	0.2093628	0.1884498	0.2087591	0.1766201	0.1432396	0.1104911	0.088785	0.065764	0.062963	0.0422535	0.0431727	0.0376007	0.0266344	0.0451527	0.0528169	0.0551524	0.1098266	0.1370717	0.2356115	0.2493151	0.2069632	0.1995708	0.1750842	0.187234	0.1653944	0.1727019	0.197861	0.1363184	
Grive mauvis	0.0651596	0.0581818	0.044289	0.0382353	0.0482456	0.0519031	0.041779	0.0336907	0.0322004	0.0198556	0.0380282	0.0264977	0.0077434	0.0043197	0.0015	0.0015	0.0	0.0	0.0	0.0	0.0	0.0	0.0	0.0	0.0	0.0	0.0	0.0	0.0	0.0	0.0	0.0	0.0	0.0	0.0	0.0014514	0.0038536	0.0093458	0.0755396	0.1246575	0.1083172	0.1137339	0.0841751	0.0808511	0.1094148	0.0947075	0.1069519	0.0567164	
Merle noir	0.4946809	0.4454545	0.4428904	0.4558824	0.4561404	0.467128	0.4541779	0.474732	0.5420394	0.5451264	0.5408451	0.5564516	0.585177	0.5604752	0.5879586	0.6143683	0.6539326	0.6412274	0.6445557	0.6402244	0.6163849	0.5805471	0.550365	0.4968234	0.4792503	0.4765625	0.435514	0.3571889	0.317284	0.3051643	0.3222892	0.3464637	0.3232446	0.3532537	0.3591549	0.3454282	0.3949904	0.4018692	0.4856115	0.4561644	0.4352031	0.4592275	0.4713805	0.4659574	0.4910941	0.5041783	0.5160428	0.480597	
Grive litorne	0.0079787	0.0109091	0.006993	0.0044118	0.0087719	0.0121107	0.009434	0.0107198	0.0035778	0.0036101	0.0042254	0.0057604	0.0011062	0.0015	0.0015	0.0	0.0	0.0	0.0	0.0	0.0	0.0	0.0	0.0	0.0	0.0	0.0	0.0	0.0	0.0	0.0	0.0	0.0	0.0	0.0	0.0	0.0	0.0046729	0.0233813	0.0219178	0.0135397	0.0193133	0.010101	0.0319149	0.0254453	0.0083565	0.0106952	0.0139303	
Merle à plastron	0.0	0.0	0.0	0.0	0.002193	0.0	0.0015	0.0	0.0	0.0036101	0.0	0.0015	0.0066372	0.0086393	0.0047037	0.0033031	0.0078652	0.0094414	0.0100125	0.0072115	0.0052016	0.0015198	0.0087591	0.0063532	0.0066934	0.0011161	0.0	0.0	0.0012346	0.0	0.001004	8.953E-4	0.0015	0.001328	0.0015	0.0015	0.0077071	0.0046729	0.0107914	0.0150685	0.0096712	0.0	0.0	0.0	0.0	0.0	0.0	9.95E-4	
Turdus sp.	0.0013298	0.0	0.0015	0.0	0.002193	0.0	0.0013477	0.0015314	0.0	0.0	0.0	0.0	0.0	0.0	0.0	0.0	0.0011236	7.868E-4	0.0	0.0	0.0	0.0	0.0	0.0	0.0	0.0	0.0	0.0012895	0.0015	0.0	0.001004	0.0	0.0	0.0	0.0	0.0014514	0.0	0.0015576	0.0035971	0.0027397	0.0058027	0.0021459	0.006734	0.0	0.0025445	0.0027855	0.0	9.95E-4	
turdidé sp.	0.0	0.0	0.0	0.0	0.0	0.0	0.0	0.0	0.0	0.0	0.0	0.0	0.0	0.0	0.0	0.0	0.0	0.0	0.0	0.0	0.0	0.0	0.0	0.0	0.0	0.0	0.0	0.0	0.0	0.0	0.0	0.0	0.0	0.0	0.0	0.0	0.0	0.0	0.0017986	0.0	0.0	0.0	0.0	0.0	0.0	0.0	0.0	0.0	
Gobemouche gris	0.0	0.0	0.0	0.0	0.0	0.0	0.0	0.0	0.0	0.0	0.0	0.0	0.0	0.0	9.407E-4	0.0198183	0.0426966	0.0472069	0.048811	0.0440705	0.0273082	0.0425532	0.0540146	0.0495553	0.0669344	0.0747768	0.0747664	0.0696325	0.0790123	0.0774648	0.0983936	0.1289167	0.1392252	0.1088977	0.1232394	0.0624093	0.0539499	0.0529595	0.0215827	0.0191781	0.0	0.0	0.0	0.0	0.0	0.0	0.0	0.0	
Rougegorge familier	0.606383	0.54	0.5198135	0.5073529	0.4890351	0.5224913	0.5404313	0.4839204	0.4794275	0.467509	0.4887324	0.4792627	0.420354	0.3704104	0.3480715	0.3261767	0.3674157	0.3729347	0.3679599	0.3822115	0.3654096	0.3328267	0.3226277	0.2592122	0.2878179	0.2667411	0.2560748	0.2508059	0.237037	0.2488263	0.2600402	0.3231871	0.374092	0.4661355	0.5316901	0.5297533	0.6743738	0.6728972	0.7014388	0.7356164	0.6692456	0.6587983	0.6397306	0.6340426	0.6386768	0.6239554	0.6470588	0.5542289	
Rossignol philomèle	0.0	0.0	0.0	0.0	0.0	0.0	0.0	0.0	0.0	0.0	0.0	0.0115207	0.0973451	0.2321814	0.2596425	0.3294798	0.2764045	0.2187254	0.1576971	0.2163462	0.1794538	0.1033435	0.0759124	0.0571792	0.0441767	0.0424107	0.0551402	0.0361057	0.0246914	0.0469484	0.0481928	0.0590868	0.035109	0.0106242	0.0052817	0.0	0.0015	0.0015576	0.0	0.0	0.0	0.0	0.0	0.0	0.0	0.0	0.0	0.0	
Gorgebleue à miroir	0.0	0.0	0.0	0.0	0.0	0.0	0.0	0.0	0.0017889	0.0090253	0.0211268	0.0264977	0.0530973	0.0388769	0.0376294	0.0305533	0.0123596	0.025177	0.0175219	0.0184295	0.0338101	0.0258359	0.0306569	0.0127065	0.0120482	0.0145089	0.0028037	0.0064475	0.0148148	0.0093897	0.0140562	0.0188004	0.0157385	0.0132802	0.0158451	0.0014514	0.0019268	0.0015576	0.0	0.0	0.0	0.0021459	0.0	0.0	0.0	0.0	0.0	0.0	
Gobemouche nain	0.0	0.0	0.0	0.0	0.0	0.0	0.0	0.0	0.0	0.0	0.0	0.0	0.0	0.0	0.0	0.0	0.0	0.0	0.0	0.0	0.0	0.0	0.0	0.0	0.0	0.0	0.0	0.0	0.0	0.0	0.0	0.0	0.0	0.0	0.0	0.0015	0.0	0.0015	0.0015	0.0015	0.0	0.0	0.0	0.0	0.0	0.0	0.0	0.0	
Gobemouche noir	0.0	0.0	0.0	0.0	0.0	0.0	0.0	0.0	0.0	0.0	0.0	0.0	0.0033186	0.0021598	0.0112888	0.0165153	0.0101124	0.0110149	0.0037547	0.0032051	0.0026008	0.0075988	0.0029197	0.0012706	0.0013387	0.0	0.0018692	0.0070922	0.0123457	0.0516432	0.2168675	0.3187108	0.3292978	0.3041169	0.2447183	0.1001451	0.0289017	0.0249221	0.0015	0.0013699	0.0	0.0	0.0	0.0	0.0	0.0	0.0	0.0	
Gobemouche à collier	0.0	0.0	0.0	0.0	0.0	0.0	0.0	0.0	0.0	0.0	0.0	0.0	0.0	0.0	0.0	0.0	0.0	0.0	0.0	0.0	0.0	0.0	0.0	0.0	0.0	0.0	0.0	0.0	0.0	0.0	0.0	0.0	0.0	0.0	0.0015	0.0	0.0	0.0	0.0	0.0	0.0	0.0	0.0	0.0	0.0	0.0	0.0	0.0	
Ficedula sp.	0.0	0.0	0.0	0.0	0.0	0.0	0.0	0.0	0.0	0.0	0.0	0.0	0.0	0.0	0.0	0.0	0.0	0.0	0.0	0.0	0.0	0.0	0.0	0.0	0.0	0.0	0.0	0.0	0.0	0.0	0.0	0.0	0.0012107	0.0	0.0	0.0	0.0	0.0	0.0	0.0	0.0	0.0	0.0	0.0	0.0	0.0	0.0	0.0	
Rougequeue à front blanc	0.0	0.0	0.0	0.0	0.0	0.0	0.0	0.0	0.0053667	0.0	0.0015	0.0092166	0.050885	0.0669546	0.0649106	0.0924855	0.0662921	0.0952006	0.1026283	0.0785256	0.046814	0.0638298	0.0467153	0.0330368	0.0334672	0.0390625	0.0271028	0.0245003	0.0246914	0.0164319	0.0451807	0.0689346	0.0714286	0.0664011	0.0739437	0.0435414	0.0308285	0.017134	0.0215827	0.0041096	0.0015	0.0	0.0	0.0	0.0	0.0	0.0	0.0	
Rougequeue noir	0.0678191	0.0236364	0.039627	0.0279412	0.0372807	0.0415225	0.032345	0.0321593	0.078712	0.1209386	0.2295775	0.2557604	0.2632743	0.2602592	0.2229539	0.2031379	0.211236	0.2171518	0.2453066	0.2708333	0.243173	0.2902736	0.2306569	0.2655654	0.2663989	0.2388393	0.2327103	0.2147002	0.1728395	0.1443662	0.1616466	0.1521934	0.1731235	0.1646746	0.2024648	0.1828737	0.2003854	0.1806854	0.2446043	0.2054795	0.1450677	0.0793991	0.0808081	0.0787234	0.0687023	0.0612813	0.040107	0.038806	
Rougequeue à front blanc ou R. noir	0.0	0.0	0.0	0.0	0.0	0.0	0.0	0.0	0.0	0.0	0.0014085	0.0	0.0	0.0	0.0	0.0	0.0	0.0	0.0	0.0	0.0	0.0015198	0.0	0.0	0.0	0.0	0.0	0.0	0.0	0.0	0.0	0.0	0.0	0.0	0.0	0.0	0.0	0.0	0.0	0.0	0.0	0.0	0.0	0.0	0.0	0.0	0.0	0.0	
rougequeue sp.	0.0	0.0	0.0	0.0	0.0	0.0	0.0	0.0	0.0	0.0	0.0	0.0	0.0	0.0	0.0	0.0	0.0	0.0	0.0	0.0	0.0013004	0.0	0.0	0.0	0.0	0.0	0.0	6.447E-4	0.0	0.0	0.0	8.953E-4	0.0	0.0	0.0017606	0.0	0.0	0.0	0.0	0.0	0.0	0.0	0.0	0.0	0.0	0.0	0.0	0.0	
Monticole de roche	0.0	0.0	0.0	0.0	0.0	0.0	0.0	0.0	0.0	0.0	0.0	0.0	0.0	0.0	0.0	0.0	0.0011236	7.868E-4	0.0037547	8.013E-4	0.0	0.0015198	0.0	0.0050826	0.0053548	0.0011161	0.0018692	0.0012895	0.0037037	0.0	0.0	0.003581	0.0048426	0.0	0.0	0.0	0.0019268	0.0	0.0	0.0	0.0	0.0	0.0	0.0	0.0	0.0	0.0	0.0	
Monticole bleu	0.0	0.0	0.0	0.0	0.0	0.0	0.0	0.0	0.0	0.0	0.0	0.0	0.0	0.0015	0.0	0.0	0.0	0.0	0.0012516	0.0	0.0	0.0	0.0	0.0	0.0	0.0	0.0	0.0	0.0	0.0	0.0	8.953E-4	0.0	0.0	0.0	0.0014514	0.0	0.0	0.0	0.0	0.0	0.0	0.0	0.0021277	0.0	0.0	0.0	0.0	
Tarier des prés	0.0	0.0	0.0	0.0	0.0	0.0	0.0	0.0	0.0	0.0018051	0.0014085	0.0034562	0.0033186	0.0107991	0.0197554	0.0189926	0.0078652	0.0055075	0.0015	0.0016026	0.0026008	0.0030395	0.0014599	0.0012706	0.0040161	0.0044643	0.0	0.0012895	0.0	0.0070423	0.0160643	0.0340197	0.0641646	0.0438247	0.0809859	0.0217707	0.0289017	0.0062305	0.0071942	0.009589	0.0	0.0	0.0	0.0	0.0	0.0	0.0	0.0	
Tarier pâtre	0.1077128	0.1072727	0.1048951	0.0823529	0.0789474	0.0778547	0.0902965	0.0964778	0.1001789	0.0685921	0.1056338	0.0898618	0.0873894	0.0982721	0.1081844	0.1123039	0.1146067	0.0999213	0.0951189	0.1017628	0.1027308	0.0911854	0.070073	0.064803	0.0629183	0.0982143	0.0831776	0.0676983	0.0469136	0.0692488	0.0813253	0.080573	0.0544794	0.0584329	0.1197183	0.0769231	0.1156069	0.1168224	0.2068345	0.2178082	0.1934236	0.1759657	0.1481481	0.1319149	0.129771	0.1225627	0.1417112	0.1024876	
Tarier de Sibérie	0.0	0.0	0.0	0.0	0.0	0.0	0.0	0.0	0.0	0.0	0.0	0.0	0.0	0.0010799	0.0	0.0	0.0	0.0	0.0	0.0	0.0	0.0	0.0	0.0	0.0	0.0	0.0	0.0	0.0	0.0	0.0	0.0	0.0	0.0	0.0	0.0	0.0	0.0	0.0	0.0	0.0	0.0	0.0	0.0	0.0	0.0	0.0	0.0	
Traquet motteux	0.0	0.0	0.0	0.0	0.0	0.0	0.0	0.0	0.0017889	0.0036101	0.0211268	0.0126728	0.0331858	0.0561555	0.0479774	0.0511974	0.0303371	0.0196696	0.0225282	0.0160256	0.0104031	0.0136778	0.0189781	0.021601	0.0294511	0.0122768	0.011215	0.0109607	0.0222222	0.0234742	0.0491968	0.087735	0.12954	0.126162	0.1320423	0.0812772	0.0674374	0.0545171	0.0647482	0.0315068	0.0135397	0.0064378	0.0	0.0	0.0	0.0	0.0	0.0	
Traquet isabelle	0.0	0.0	0.0	0.0	0.0	0.0	0.0	0.0	0.0	0.0	0.0	0.0	0.0	0.0	0.0	0.0	0.0	0.0	0.0	0.0	0.0	0.0	0.0	0.0	0.0	0.0	0.0	0.0	0.0	0.0	0.0	0.0	0.0	0.0	0.0	0.0	0.0015	0.0	0.0	0.0041096	0.0	0.0	0.0	0.0	0.0	0.0	0.0	0.0	
Traquet du désert	0.0026596	0.0015	0.0	0.0	0.0	0.0	0.0	0.0	0.0017889	0.0	0.0	0.0	0.0	0.0	0.0	0.0	0.0	0.0	0.0	0.0	0.0	0.0	0.0	0.0	0.0	0.0	0.0	0.0	0.0	0.0	0.0	0.0	0.0	0.0	0.0	0.0	0.0015	0.0	0.0035971	0.0	0.0	0.0021459	0.0	0.0	0.0	0.0	0.0	0.0	
Oenanthe sp.	0.0	0.0	0.0	0.0	0.0	0.0	0.0	0.0	0.0	0.0	0.0	0.0	0.0	0.0	0.0	0.0	0.0011236	0.0	0.0	0.0	0.0	0.0	0.0	0.0	0.0	0.0	0.0	0.0	0.0	0.0	0.0	0.0	0.0	0.0	0.0	0.0	0.0	0.0	0.0	0.0	0.0	0.0	0.0	0.0	0.0	0.0	0.0	0.0	
muscicapidé sp.	0.0	0.0	0.0	0.0	0.0	0.0	0.0	0.0	0.0	0.0	0.0	0.0	0.0	0.0	0.0	0.0	0.0	0.0	0.0	0.0	0.0	0.0	0.0	0.0	0.0	0.0	0.0	6.447E-4	0.0	0.0	0.0	0.0	0.0	0.0	0.0	0.0	0.0	0.0	0.0	0.0	0.0	0.0	0.0	0.0	0.0	0.0	0.0	0.0	
Jaseur boréal	0.0	0.0	0.0015	0.0	0.0	0.0	0.0	0.0	0.0	0.0	0.0	0.0	0.0	0.0	0.0	0.0	0.0	0.0	0.0	0.0	0.0	0.0	0.0	0.0	0.0	0.0	0.0	0.0	0.0	0.0	0.0	0.0	0.0	0.0	0.0	0.0	0.0	0.0	0.0	0.0	0.0	0.0	0.0	0.0	0.0	0.0	0.0	0.0	
Diamant mandarin	0.0	0.0	0.0	0.0	0.0	0.0	0.0	0.0	0.0	0.0	0.0	0.0	0.0	0.0	0.0	0.0	0.0	0.0	0.0	0.0	0.0	0.0	0.0	0.0	0.0	0.0	0.0	6.447E-4	0.0	0.0	0.0	0.0	0.0	0.0	0.0	0.0	0.0	0.0	0.0	0.0	0.0	0.0	0.0	0.0	0.0	0.0	0.0	0.0	
Astrild à joues orange	0.0	0.0	0.0	0.0	0.0	0.0	0.0	0.0	0.0	0.0	0.0	0.0	0.0	0.0	0.0	0.0	0.0	0.0	0.0	0.0	0.0	0.0	0.0	0.0	0.0	0.0011161	0.0	0.0	0.0	0.0	0.0	0.0	0.0	0.0	0.0	0.0	0.0	0.0	0.0	0.0	0.0	0.0	0.0	0.0	0.0	0.0	0.0	0.0	
Accenteur alpin	0.0013298	0.0	0.002331	0.0	0.0015	0.0017301	0.0015	0.0015	0.0015	0.0	0.0	0.0023041	0.0011062	0.0	0.0	0.0	0.0044944	7.868E-4	0.0062578	0.0032051	0.0026008	0.0030395	0.0029197	0.0063532	0.0066934	0.0022321	0.0028037	6.447E-4	0.0049383	0.0011737	0.003012	0.003581	0.003632	0.0053121	0.0017606	0.0029028	0.0015	0.0015576	0.0	0.0	0.0038685	0.0	0.0015	0.0021277	0.0050891	0.0	0.0026738	0.0049751	
Accenteur mouchet	0.1795213	0.1327273	0.1351981	0.1411765	0.1315789	0.2283737	0.2506739	0.179173	0.216458	0.2418773	0.2253521	0.2004608	0.1847345	0.1900648	0.1655691	0.1560694	0.1303371	0.1219512	0.1176471	0.1274038	0.1326398	0.0881459	0.1021898	0.0736976	0.0615797	0.0546875	0.0570093	0.0522244	0.0580247	0.0575117	0.0702811	0.0796777	0.0883777	0.0942895	0.068662	0.0522496	0.1271676	0.1090343	0.1996403	0.2246575	0.1914894	0.2253219	0.1784512	0.2085106	0.1374046	0.1615599	0.1657754	0.1761194	
Moineau domestique	0.2779255	0.2963636	0.2680653	0.2867647	0.2565789	0.2854671	0.2911051	0.287902	0.3416816	0.3104693	0.3619718	0.3467742	0.3683628	0.3563715	0.3838194	0.3757225	0.4146067	0.3823761	0.4292866	0.4463141	0.4369311	0.4726444	0.4335766	0.4498094	0.4444444	0.4542411	0.4495327	0.3894262	0.3679012	0.3579812	0.3363454	0.2873769	0.3171913	0.2868526	0.3292254	0.3134978	0.283237	0.2897196	0.3489209	0.309589	0.3191489	0.2703863	0.2828283	0.3255319	0.3562341	0.2729805	0.2620321	0.2716418	
Moineau friquet	0.0053191	0.0036364	0.006993	0.0117647	0.0131579	0.0121107	0.009434	0.0107198	0.0178891	0.0108303	0.0183099	0.0126728	0.0099558	0.0097192	0.0075259	0.0057803	0.0157303	0.0094414	0.0162703	0.0152244	0.0169051	0.0212766	0.0218978	0.021601	0.0187416	0.0145089	0.0149533	0.0141844	0.0160494	0.0046948	0.0090361	0.0053715	0.0024213	0.0079681	0.0070423	0.0087083	0.0134875	0.0062305	0.0179856	0.0136986	0.0116054	0.0064378	0.010101	0.012766	0.0178117	0.0222841	0.0106952	0.0039801	
Moineau doré	0.0	0.0	0.0	0.0	0.0	0.0	0.0	0.0	0.0	0.0	0.0	0.0	0.0	0.0	0.0	0.0	0.0	0.0	0.0	0.0	0.0	0.0	0.0	0.0	0.0	0.0	0.0	0.0	0.0	0.0	0.0	0.0017905	0.0	0.0	0.0	0.0	0.0	0.0	0.0	0.0	0.0	0.0	0.0	0.0	0.0	0.0	0.0	0.0	
Moineau soulcie	0.0015	0.0015	0.0	0.0029412	0.0015	0.0015	0.0013477	0.0015314	0.0017889	0.0018051	0.0014085	0.0015	0.0033186	0.0010799	0.0028222	0.0033031	0.0044944	0.0015736	0.0012516	0.0040064	0.0078023	0.006079	0.0029197	0.0050826	0.0053548	0.015625	0.0065421	6.447E-4	0.0	0.0015	0.002008	8.953E-4	0.0015	0.0015	0.0	0.0	0.0	0.0015576	0.0035971	0.0013699	0.0019342	0.0042918	0.016835	0.0042553	0.0050891	0.0111421	0.0026738	0.0015	
Niverolle alpine	0.0	0.0015	0.004662	0.0014706	0.0	0.0	0.0	0.0	0.0	0.0	0.0	0.0015	0.0	0.0	0.0	8.258E-4	0.0	0.0	0.0012516	0.0016026	0.0	0.0	0.0	0.0025413	0.0026774	0.0015	0.0037383	6.447E-4	0.0024691	0.0	0.001004	8.953E-4	0.0024213	0.0	0.0	0.0	0.0	0.0015576	0.0	0.0	0.0019342	0.0	0.0	0.0	0.0	0.0	0.0	0.0	
Bergeronnette des ruisseaux	0.0757979	0.0636364	0.048951	0.0676471	0.0657895	0.0467128	0.0566038	0.0704441	0.0572451	0.0577617	0.0323944	0.0483871	0.0287611	0.0399568	0.0451552	0.0363336	0.0449438	0.0464201	0.0438048	0.0512821	0.0585176	0.0653495	0.0656934	0.0520966	0.0843373	0.0803571	0.0588785	0.0573823	0.062963	0.0528169	0.064257	0.0653536	0.0690073	0.0557769	0.0985915	0.095791	0.105973	0.1199377	0.1744604	0.1465753	0.0851064	0.0922747	0.0808081	0.1106383	0.0966921	0.086351	0.0855615	0.0736318	
Bergeronnette printanière	0.0	0.0	0.0	0.0	0.0	0.0	0.0	0.0	0.0	0.0	0.0309859	0.0495392	0.1327434	0.1360691	0.144873	0.1494633	0.1044944	0.0841857	0.0513141	0.068109	0.0806242	0.06231	0.0832117	0.0660737	0.060241	0.0491071	0.0476636	0.0477112	0.0580247	0.0821596	0.1034137	0.1351835	0.1271186	0.1155378	0.1021127	0.0711176	0.044316	0.029595	0.0179856	0.0136986	0.0019342	0.0	0.0	0.0021277	0.0	0.0027855	0.0	0.0	
Bergeronnette orientale	0.0	0.0	0.0015	0.0015	0.0015	0.0017301	0.0015	0.0	0.0	0.0	0.0	0.0	0.0	0.0	0.0	0.0	0.0	0.0	0.0	0.0	0.0	0.0	0.0	0.0	0.0	0.0	0.0	0.0	0.0	0.0	0.0	0.0	0.0	0.0	0.0	0.0	0.0	0.0	0.0	0.0015	0.0	0.0	0.0	0.0	0.0	0.0	0.0	0.0	
Bergeronnette printanière ou B. orientale	0.0	0.0	0.0	0.0	0.0	0.0	0.0	0.0	0.0	0.0	0.0	0.0	0.0	0.0	0.0	0.0	0.0	0.0	0.0	0.0	0.0	0.0	0.0	0.0	0.0	0.0	0.0	0.0	0.0	0.0	0.0	0.0	0.0	0.0	0.0	0.0	0.0	0.0	0.0	0.0	0.0	0.0	0.0	0.0	0.0	0.0	0.0	9.95E-4	
Bergeronnette grise	0.2885638	0.2727273	0.2773893	0.2264706	0.2192982	0.2508651	0.2601078	0.295559	0.3076923	0.3411552	0.3605634	0.2857143	0.284292	0.2483801	0.2483537	0.2146986	0.2640449	0.1966955	0.232791	0.2139423	0.206762	0.1869301	0.2145985	0.2160102	0.2556894	0.28125	0.2588785	0.2469375	0.2185185	0.2359155	0.2720884	0.2542525	0.2276029	0.2324037	0.2764085	0.2322206	0.3102119	0.3629283	0.4208633	0.3876712	0.3945841	0.3540773	0.3232323	0.3468085	0.389313	0.3286908	0.2941176	0.2835821	
bergeronette sp.	0.0	0.0	0.0	0.0	0.0	0.0	0.0	0.0	0.0	0.0	0.0	0.0	0.0011062	0.0	0.0	8.258E-4	0.0015	0.0015736	0.0012516	0.0	0.0013004	0.0	0.0	0.0012706	0.0013387	0.0011161	9.346E-4	0.0	0.0012346	0.0023474	0.001004	0.0017905	0.0	0.0	0.0	0.0029028	0.0019268	0.0015576	0.0017986	0.0	0.0019342	0.0	0.0	0.0	0.0	0.0027855	0.0026738	0.0	
Pipit de Richard	0.0015	0.0	0.0	0.0	0.004386	0.0	0.0	0.0015	0.0	0.0	0.0015	0.0	0.0	0.0	0.0	0.0	0.0	0.0	0.0	0.0	0.0	0.0	0.0	0.0	0.0	0.0	0.0	0.0	0.0	0.0	0.0	0.0	0.0	0.0	0.0	0.0015	0.0	0.0	0.0015	0.0027397	0.0	0.0	0.0015	0.0	0.0025445	0.0	0.0	0.00199	
Pipit rousseline	0.0	0.0	0.0	0.0	0.0	0.0	0.0	0.0	0.0	0.0	0.0	0.0	0.0	0.0053996	0.0188147	0.0148637	0.011236	0.0094414	0.0050063	0.005609	0.0078023	0.0030395	0.0014599	0.0012706	0.0026774	0.0044643	0.0046729	6.447E-4	0.0015	0.0046948	0.0090361	0.0161146	0.0145278	0.0079681	0.0052817	0.0014514	0.0	0.0046729	0.0	0.0	0.0	0.0	0.0	0.0	0.0	0.0	0.0	0.0	
Pipit farlouse	0.2234043	0.2254545	0.2074592	0.1544118	0.1425439	0.1955017	0.2142857	0.2143951	0.2057245	0.1949458	0.2521127	0.1693548	0.1482301	0.0928726	0.046096	0.0272502	0.0089888	0.0	0.0025031	0.0015	0.0026008	0.0015198	0.0014599	0.0015	0.0015	0.0011161	0.0018692	0.0032237	0.0012346	0.0011737	0.003012	0.003581	0.0121065	0.0199203	0.040493	0.1015965	0.1984586	0.2570093	0.3327338	0.3835616	0.3423598	0.3154506	0.2794613	0.2702128	0.2926209	0.2367688	0.2673797	0.2238806	
Pipit des arbres	0.0	0.0	0.0	0.0	0.0	0.0	0.0	0.0015314	0.0015	0.0	0.0112676	0.0138249	0.0719027	0.0734341	0.0856068	0.0726672	0.0550562	0.0574351	0.048811	0.0456731	0.0546164	0.0531915	0.0335766	0.0228717	0.0334672	0.0111607	0.017757	0.0109607	0.0209877	0.0340376	0.0732932	0.0796777	0.0738499	0.0464807	0.0510563	0.0377358	0.017341	0.0109034	0.0215827	0.0123288	0.0	0.0	0.0	0.0	0.0	0.0	0.0	0.0	
Pipit farlouse ou P. des arbres	0.0	0.0	0.0	0.0	0.0	0.0	0.0	0.0	0.0	0.0	0.0	0.0	0.0	0.0	0.0	0.0	0.0	0.0	0.0	0.0	0.0	0.0	0.0	0.0	0.0	0.0	0.0	0.0	0.0	0.0	0.0	0.0	0.0	0.0	0.0	0.0	0.0	0.0	0.0	0.0	0.0	0.0	0.0	0.0021277	0.0	0.0	0.0	0.0	
Pipit à dos olive	0.0	0.0	0.0	0.0	0.0	0.0	0.0	0.0	0.0	0.0	0.0	0.0	0.0	0.0	0.0	0.0	0.0	0.0	0.0	0.0	0.0	0.0	0.0	0.0	0.0	0.0	0.0	0.0	0.0	0.0	0.0	0.0	0.0	0.0	0.0	0.0	0.0	0.0015	0.0017986	0.0013699	0.0	0.0	0.0015	0.0	0.0	0.0	0.0	0.0	
Pipit des arbres ou P. à dos olive	0.0	0.0	0.0	0.0	0.0	0.0	0.0	0.0	0.0	0.0	0.0	0.0	0.0	0.0	0.0	0.0	0.0	0.0	0.0	0.0	0.0	0.0	0.0	0.0	0.0	0.0	0.0	0.0	0.0	0.0	0.0	0.0	0.0	0.0	0.0	0.0	0.0	0.0	0.0017986	0.0013699	0.0	0.0	0.0	0.0	0.0	0.0	0.0	0.0	
Pipit à gorge rousse	0.0	0.0	0.0	0.0	0.0	0.0	0.0	0.0	0.0	0.0	0.0	0.0	0.0	0.0	0.0	0.0	0.0	0.0	0.0	0.0	0.0	0.0	0.0	0.0	0.0	0.0	0.0	0.0	0.0	0.0	0.0	0.0	0.0	0.0	0.0015	0.0015	0.0015	0.0015	0.0071942	0.0	0.0	0.0	0.0	0.0	0.0	0.0	0.0	0.0	
Pipit spioncelle	0.0305851	0.0345455	0.025641	0.025	0.0482456	0.032872	0.0269542	0.0107198	0.0232558	0.0216606	0.0211268	0.0218894	0.0176991	0.0064795	0.0065851	0.0033031	0.005618	0.0125885	0.0212766	0.0136218	0.0117035	0.0243161	0.0189781	0.0190597	0.0294511	0.0100446	0.0130841	0.0141844	0.0308642	0.0164319	0.0150602	0.0188004	0.0217918	0.0092961	0.0123239	0.0101597	0.0192678	0.0342679	0.0773381	0.1	0.0889749	0.1008584	0.0538721	0.0553191	0.0737913	0.0501393	0.0213904	0.0308458	
Pipit farlouse ou P. spioncelle	0.0013298	0.0	0.0	0.0	0.0	0.0	0.0	0.0	0.0	0.0	0.0	0.0	0.0	0.0	0.0	0.0	0.0	0.0	0.0	0.0	0.0	0.0	0.0	0.0	0.0	0.0	0.0	0.0	0.0	0.0	0.0	0.0	0.0	0.0	0.0	0.0	0.0	0.0015576	0.0017986	0.0	0.0019342	0.0085837	0.0	0.0	0.0	0.0027855	0.0	0.0	
Pipit maritime	0.0079787	0.0072727	0.004662	0.0015	0.004386	0.0051903	0.0040431	0.0015	0.0	0.0018051	0.0	0.0015	0.0	0.0	0.0	0.0	0.0	0.0	0.0	0.0015	0.0015	0.0	0.0	0.0	0.0	0.0	0.0	0.0	0.0	0.0	0.0	8.953E-4	0.0	0.0	0.0	0.0015	0.0019268	0.0015	0.0125899	0.0164384	0.0174081	0.0064378	0.0	0.0085106	0.0076336	0.0	0.0080214	0.0029851	
Pipit spioncelle ou P. maritime	0.0	0.0	0.0	0.0	0.0	0.0	0.0	0.0	0.0	0.0	0.0	0.0	0.0	0.0	0.0	0.0	0.0	0.0	0.0	0.0	0.0	0.0	0.0	0.0	0.0	0.0	0.0	0.0	0.0	0.0	0.0	0.0	0.0	0.0	0.0	0.0	0.0	0.0	0.0	0.0	0.0	0.0021459	0.0	0.0	0.0	0.0	0.0	0.0	
Anthus sp.	0.0	0.0	0.002331	0.0029412	0.0	0.0	0.0	0.0	0.0035778	0.0015	0.0014085	0.0011521	0.0022124	0.0021598	0.0015	0.0015	0.0	0.0	0.0	0.0	0.0013004	0.0	0.0	0.0	0.0	0.0	0.0	0.0012895	0.0024691	0.0011737	0.0	0.0017905	0.0048426	0.0	0.0035211	0.0	0.0096339	0.0046729	0.0035971	0.0068493	0.0	0.0021459	0.006734	0.0021277	0.0076336	0.005571	0.0	0.0	
Pinson des arbres	0.5026596	0.4636364	0.4545455	0.4558824	0.3969298	0.4117647	0.4703504	0.4578867	0.4651163	0.4566787	0.4690141	0.4642857	0.4568584	0.4211663	0.388523	0.3715937	0.4539326	0.4138474	0.379224	0.4334936	0.4512354	0.4528875	0.4043796	0.3824651	0.3895582	0.3850446	0.3299065	0.248227	0.2320988	0.2288732	0.2208835	0.2148612	0.1707022	0.1779548	0.1989437	0.2177068	0.256262	0.3691589	0.4064748	0.4835616	0.4564797	0.4592275	0.4747475	0.4957447	0.5165394	0.5041783	0.4973262	0.438806	
Pinson du Nord	0.0398936	0.0490909	0.048951	0.0455882	0.0394737	0.017301	0.0188679	0.0290965	0.0232558	0.032491	0.0295775	0.0103687	0.0077434	0.0010799	0.0028222	0.0024773	0.0	7.868E-4	0.0	0.0	0.0	0.0	0.0	0.0	0.0	0.0	0.0	0.0	0.0	0.0	0.0	0.0	0.0	0.0015	0.0	0.0014514	0.0038536	0.0202492	0.0863309	0.0931507	0.1044487	0.0901288	0.0841751	0.0553191	0.0559796	0.0557103	0.0213904	0.039801	
Pinson des arbres ou P. du Nord	0.0	0.0	0.0	0.0	0.0	0.0	0.0026954	0.0	0.0	0.0	0.0	0.0	0.0	0.0	0.0	0.0	0.0011236	0.0	0.0	0.0	0.0	0.0	0.0	0.0	0.0	0.0	0.0	0.0	0.0	0.0	0.0	0.0	0.0	0.0	0.0	0.0	0.0	0.0015576	0.0	0.0	0.0	0.0021459	0.0	0.0	0.0025445	0.0	0.0	0.0	
Grosbec casse-noyaux	0.0319149	0.0236364	0.02331	0.0264706	0.0241228	0.0519031	0.0283019	0.0413476	0.0304114	0.0306859	0.0366197	0.0437788	0.0265487	0.0172786	0.0112888	0.0049546	0.011236	0.0110149	0.0175219	0.0144231	0.0169051	0.0091185	0.010219	0.0038119	0.0107095	0.0111607	0.0149533	0.0090264	0.0160494	0.0105634	0.0070281	0.0098478	0.0060533	0.0092961	0.0070423	0.0217707	0.0211946	0.0218069	0.0557554	0.0931507	0.0599613	0.0429185	0.043771	0.0297872	0.0305344	0.0501393	0.0374332	0.039801	
Roselin cramoisi	0.0	0.0	0.0	0.0	0.0	0.0	0.0	0.0	0.0	0.0	0.0	0.0	0.0	0.0	0.0	0.0	0.0	0.0	0.0	0.0	0.0	0.0	0.0	0.0015	0.0015	0.0	0.0	0.0	0.0	0.0	0.0	0.0	0.0	0.0	0.0	0.0	0.0	0.0	0.0	0.0	0.0	0.0	0.0	0.0	0.0	0.0	0.0	0.0	
Bouvreuil pivoine	0.0106383	0.0109091	0.013986	0.0044118	0.0087719	0.0051903	0.0107817	0.0153139	0.0107335	0.0090253	0.0197183	0.014977	0.0033186	0.0107991	0.0150517	0.0115607	0.0247191	0.007081	0.0125156	0.0112179	0.006502	0.0030395	0.010219	0.0063532	0.0160643	0.015625	0.0084112	0.0154739	0.0259259	0.0199531	0.0130522	0.0152193	0.0012107	0.002656	0.0017606	0.0029028	0.0038536	0.0046729	0.0089928	0.0164384	0.0154739	0.0085837	0.006734	0.0042553	0.0152672	0.0111421	0.013369	0.0129353	
Verdier d'Europe	0.1143617	0.0836364	0.0839161	0.1	0.0899123	0.1366782	0.1495957	0.1485452	0.1878354	0.1895307	0.2408451	0.218894	0.2035398	0.1846652	0.173095	0.1486375	0.1438202	0.1384736	0.135169	0.1458333	0.1430429	0.1534954	0.1357664	0.1524778	0.1659973	0.1785714	0.1738318	0.1482914	0.1382716	0.1115023	0.0983936	0.0859445	0.0799031	0.0756972	0.0492958	0.0449927	0.0732177	0.0872274	0.1348921	0.1520548	0.098646	0.1030043	0.1010101	0.1085106	0.1119593	0.0947075	0.1096257	0.0965174	
Linotte mélodieuse	0.0385638	0.0290909	0.044289	0.0323529	0.0285088	0.032872	0.0283019	0.0352221	0.0661896	0.0595668	0.1253521	0.1774194	0.2024336	0.163067	0.1900282	0.1577209	0.1146067	0.1109363	0.0951189	0.0977564	0.1196359	0.1155015	0.1051095	0.1041931	0.0896921	0.125	0.1065421	0.1121857	0.0975309	0.0915493	0.1114458	0.0940018	0.0677966	0.063745	0.0792254	0.0798258	0.1040462	0.1448598	0.1744604	0.1726027	0.1237911	0.1094421	0.0841751	0.0765957	0.0814249	0.0668524	0.0641711	0.0457711	
Sizerin flammé	0.0015	0.0018182	0.0015	0.0015	0.0015	0.0	0.0013477	0.0	0.0015	0.0015	0.0015	0.0015	0.0015	0.0	0.0	0.0	0.0	0.0	0.0	0.0	0.0	0.0	0.0	0.0	0.0	0.0	0.0	0.0	0.0	0.0	0.0	0.0	0.0	0.0	0.0	0.0	0.0	0.0015	0.0015	0.0054795	0.0058027	0.0042918	0.006734	0.0042553	0.0025445	0.005571	0.0026738	9.95E-4	
Bec-croisé des sapins	0.0013298	0.0036364	0.0015	0.0014706	0.002193	0.0017301	0.0	0.0	0.0053667	0.0015	0.0	0.0046083	0.0022124	0.0021598	9.407E-4	8.258E-4	0.0033708	0.0015736	0.0012516	0.0048077	0.0013004	0.0015198	0.0029197	0.0025413	0.0026774	0.0	0.0028037	0.0032237	0.0061728	0.0093897	0.0100402	0.0053715	0.0048426	0.0039841	0.0035211	0.0043541	0.0019268	0.0124611	0.0161871	0.009589	0.0015	0.0015	0.003367	0.0021277	0.0015	0.0027855	0.0	9.95E-4	
Chardonneret élégant	0.1954787	0.1709091	0.1771562	0.1279412	0.1381579	0.1626298	0.1819407	0.2128637	0.2021467	0.2202166	0.2450704	0.2523041	0.2820796	0.2883369	0.2982126	0.2584641	0.2438202	0.22738	0.2165207	0.2796474	0.2561769	0.2613982	0.2277372	0.2566709	0.2717537	0.3091518	0.311215	0.2746615	0.2271605	0.2300469	0.2168675	0.1897941	0.1549637	0.1474104	0.1496479	0.1523948	0.1579961	0.2071651	0.2428058	0.2821918	0.2611219	0.22103	0.2255892	0.212766	0.2188295	0.2089136	0.2005348	0.161194	
Venturon montagnard	0.0015	0.0	0.0015	0.0	0.0	0.0	0.0	0.0	0.0	0.0015	0.0	0.0	0.0022124	0.0	9.407E-4	0.0016515	0.0022472	0.0055075	0.0125156	0.0080128	0.0078023	0.0075988	0.0087591	0.0076239	0.0093708	0.0033482	0.0028037	0.0012895	0.0098765	0.0	0.001004	0.0044763	0.0048426	0.0066401	0.0017606	0.0014514	0.0	0.0	0.0017986	0.0	0.0	0.0	0.0	0.0021277	0.0	0.0	0.0	0.0015	
Serin cini	0.0332447	0.0181818	0.002331	0.0191176	0.0219298	0.0311419	0.0431267	0.0765697	0.0769231	0.0649819	0.1253521	0.1221198	0.1283186	0.1306695	0.130762	0.1213873	0.1258427	0.1290323	0.1301627	0.1474359	0.1183355	0.168693	0.1255474	0.0991105	0.1231593	0.1138393	0.1084112	0.0722115	0.0530864	0.0399061	0.0582329	0.0617726	0.0230024	0.0146082	0.0264085	0.0217707	0.044316	0.05919	0.1241007	0.0958904	0.0541586	0.0472103	0.043771	0.0425532	0.0305344	0.0501393	0.0294118	0.0288557	
Tarin des aulnes	0.0757979	0.0636364	0.0769231	0.0794118	0.0460526	0.0553633	0.06469	0.0490046	0.0465116	0.0523466	0.0408451	0.0299539	0.0199115	0.012959	0.0084666	0.0016515	0.0022472	0.0023603	0.0	0.0016026	0.0	0.0	0.0	0.0	0.0	0.0022321	0.0	0.0	0.0	0.0	0.0	0.0	0.0015	0.0015	0.0035211	0.0087083	0.0346821	0.0576324	0.1600719	0.2013699	0.1644101	0.1502146	0.1111111	0.0723404	0.1017812	0.0779944	0.0614973	0.0626866	
fringillidé sp.	0.0	0.0	0.0	0.0	0.0	0.0	0.0	0.0	0.0015	0.0	0.0	0.0	0.0	0.0	0.0	0.0	0.0	0.0015	0.0	0.0	0.0	0.0	0.0015	0.0	0.0	0.0	0.0	0.0	0.0	0.0	0.001004	0.0	0.0012107	0.0	0.0017606	0.0014514	0.0	0.0	0.0035971	0.0027397	0.0	0.0015	0.0015	0.0021277	0.0	0.0027855	0.0026738	0.0	
Bruant lapon	0.0	0.0	0.0	0.0	0.0	0.0	0.0	0.0	0.0	0.0	0.0	0.0	0.0	0.0	0.0	0.0	0.0	0.0	0.0	0.0	0.0	0.0	0.0	0.0	0.0	0.0	0.0	0.0	0.0	0.0	0.0	0.0	0.0	0.0	0.0	0.0	0.0	0.0	0.0	0.0013699	0.0	0.0021459	0.0	0.0212766	0.0	0.0	0.0	0.0	
Bruant des neiges	0.0	0.0	0.0	0.0015	0.0015	0.0015	0.0	0.0015314	0.0	0.0	0.0	0.0	0.0	0.0	0.0	0.0	0.0	0.0	0.0	0.0	0.0	0.0	0.0	0.0	0.0	0.0	0.0	0.0	0.0	0.0	0.0	0.0	0.0	0.0	0.0	0.0	0.0015	0.0015	0.0017986	0.0082192	0.0015	0.0021459	0.0015	0.0015	0.0015	0.0015	0.0	0.0015	
Bruant mélanocéphale	0.0	0.0	0.0	0.0	0.0	0.0	0.0	0.0	0.0	0.0	0.0	0.0	0.0	0.0	0.0	0.0	0.0	0.0	0.0	0.0016026	0.0	0.0	0.0	0.0	0.0	0.0	0.0	0.0	0.0	0.0	0.0	0.0	0.0	0.0	0.0	0.0	0.0	0.0	0.0	0.0	0.0	0.0	0.0	0.0	0.0	0.0	0.0	0.0	
Bruant proyer	0.0093085	0.0127273	0.006993	0.0088235	0.0131579	0.0069204	0.009434	0.0183767	0.0375671	0.0306859	0.0690141	0.0529954	0.0730088	0.0572354	0.0649106	0.0710157	0.0561798	0.0448466	0.048811	0.0769231	0.0975293	0.0607903	0.0686131	0.0330368	0.0174029	0.0234375	0.0140187	0.0135397	0.0098765	0.0046948	0.0080321	0.0080573	0.0108959	0.0092961	0.0176056	0.0174165	0.0231214	0.0046729	0.0107914	0.0534247	0.0290135	0.0386266	0.037037	0.0191489	0.0254453	0.0167131	0.0106952	0.0079602	
Bruant fou	0.0013298	0.0036364	0.0	0.0014706	0.0	0.0015	0.0026954	0.0045942	0.0017889	0.0	0.0014085	0.0023041	0.0	0.0010799	9.407E-4	0.0	0.0011236	0.0015736	0.0	8.013E-4	0.0013004	0.0015198	0.0015	0.0025413	0.0013387	0.0011161	0.0018692	0.0012895	0.0024691	0.0023474	0.001004	0.0026858	0.0	0.0	0.0	0.0014514	0.0	0.0015576	0.0	0.0	0.0	0.0	0.0015	0.0021277	0.0	0.0027855	0.0015	9.95E-4	
Bruant zizi	0.0452128	0.0381818	0.016317	0.0235294	0.0328947	0.0363322	0.0471698	0.0490046	0.0500894	0.0595668	0.0746479	0.0633641	0.0951327	0.0971922	0.0752587	0.0693642	0.0808989	0.0810386	0.0863579	0.1258013	0.1144343	0.1018237	0.0788321	0.0813215	0.1137885	0.1238839	0.1074766	0.0902643	0.0506173	0.0481221	0.0401606	0.0331244	0.0254237	0.0185923	0.0387324	0.030479	0.0520231	0.0700935	0.0989209	0.1246575	0.0638298	0.0665236	0.0639731	0.0382979	0.0381679	0.0724234	0.0320856	0.0497512	
Bruant jaune	0.0119681	0.0036364	0.006993	0.0073529	0.0131579	0.0086505	0.009434	0.0199081	0.0178891	0.0198556	0.015493	0.0184332	0.0110619	0.0205184	0.0319849	0.0214699	0.0348315	0.0212431	0.0300375	0.0336538	0.046814	0.0425532	0.0525547	0.0368488	0.0294511	0.0267857	0.0252336	0.0296583	0.0271605	0.0105634	0.0170683	0.0152193	0.0048426	0.0066401	0.0035211	0.0072569	0.0154143	0.0062305	0.0269784	0.0232877	0.0116054	0.0171674	0.006734	0.0170213	0.0178117	0.0194986	0.0187166	0.0069652	
Bruant ortolan	0.0	0.0	0.0	0.0	0.0	0.0	0.0	0.0	0.0	0.0	0.0	0.0	0.0	0.0	0.0015	0.0015	0.0015	7.868E-4	0.0037547	8.013E-4	0.0013004	0.0045593	0.0043796	0.0038119	0.0013387	0.0	9.346E-4	0.0015	0.0012346	0.0023474	0.0040161	0.0062668	0.0084746	0.002656	0.0017606	0.0015	0.0	0.0	0.0	0.0	0.0	0.0	0.0	0.0	0.0	0.0	0.0	0.0	
Bruant des roseaux	0.0545213	0.0836364	0.0629371	0.0573529	0.0745614	0.0484429	0.0673854	0.0444104	0.0644007	0.0397112	0.0295775	0.0172811	0.0165929	0.0043197	0.0103481	0.0123865	0.0101124	0.0062943	0.0037547	0.0064103	0.0169051	0.0106383	0.0029197	0.0088945	0.0107095	0.0033482	0.0084112	0.0096712	0.008642	0.0093897	0.0100402	0.0089526	0.0072639	0.002656	0.0176056	0.0101597	0.0231214	0.0342679	0.0935252	0.1424658	0.1295938	0.167382	0.1010101	0.1212766	0.1323155	0.1337047	0.0695187	0.0646766	
Bruant nain	0.0	0.0015	0.0	0.0	0.0	0.0	0.0	0.0	0.0	0.0	0.0	0.0	0.0	0.0	0.0	0.0015	0.0	0.0	0.0	0.0	0.0	0.0	0.0	0.0	0.0	0.0	0.0	0.0	0.0	0.0	0.0	0.0	0.0	0.0	0.0	0.0	0.0	0.0015576	0.0	0.0	0.0015	0.0	0.0	0.0	0.0	0.0	0.0	0.0015	
Emberiza sp.	0.0013298	0.0	0.0	0.0	0.002193	0.0	0.0	0.0	0.0	0.0	0.0	0.0	0.0	0.0	0.0	0.0	0.0011236	7.868E-4	0.0	0.0	0.0	0.0	0.0014599	0.0	0.0	0.0	0.0	6.447E-4	0.0	0.0	0.0	0.0017905	0.0	0.0	0.0	0.0	0.0019268	0.0015	0.0017986	0.0	0.0	0.0	0.0	0.006383	0.0	0.0	0.0	0.0	
Quiscale bronzé	0.0	0.0	0.0	0.0	0.0	0.0	0.0	0.0	0.0	0.0	0.0	0.0	0.0	0.0	0.0	0.0	0.0	0.0	0.0	0.0	0.0	0.0	0.0	0.0	0.0	0.0	0.0	0.0	0.0	0.0	0.0	0.0	0.0	0.0	0.0	0.0	0.0	0.0	0.0	0.0	0.0	0.0	0.0015	0.0	0.0	0.0	0.0	0.0	
passereau sp.	0.0053191	0.0	0.0	0.0029412	0.0065789	0.0034602	0.0013477	0.0015314	0.0017889	0.0015	0.0014085	0.0011521	0.0	0.0	0.0	0.0033031	0.0011236	0.0023603	0.0012516	0.0016026	0.0015	0.0	0.0014599	0.0012706	0.0	0.0	0.0084112	0.0257898	0.0209877	0.0269953	0.0110442	0.0223814	0.0012107	0.0066401	0.0070423	0.0087083	0.0134875	0.0140187	0.0197842	0.0178082	0.0251451	0.0085837	0.010101	0.006383	0.0	0.0	0.0015	0.0039801	
oiseau sp.	0.0	0.0015	0.0015	0.0	0.0	0.0	0.0	0.0	0.0015	0.0	0.0015	0.0	0.0022124	0.0	0.0	0.0	0.0	0.0	0.0	0.0	0.0015	0.0	0.0	0.0	0.0015	0.0	0.0	6.447E-4	0.0	0.0	0.0	8.953E-4	0.0	0.0015	0.0	0.0	0.0	0.0	0.0	0.0	0.0	0.0	0.0	0.0	0.0	0.0	0.0	0.0	

