









Frequency of observations in the selected location(s).:
Number of taxa: 	388

	Jan				Feb				Mar				Apr				May				Jun				Jul				Aug				Sep				Oct				Nov				Dec				
Sample Size:	66.0	69.0	58.0	63.0	66.0	60.0	71.0	82.0	74.0	88.0	56.0	119.0	112.0	107.0	103.0	115.0	142.0	167.0	148.0	156.0	90.0	99.0	73.0	137.0	108.0	131.0	92.0	116.0	115.0	87.0	115.0	127.0	111.0	70.0	105.0	121.0	89.0	119.0	109.0	172.0	72.0	78.0	66.0	60.0	44.0	51.0	53.0	103.0	

Oie à tête barrée	0.0	0.0	0.0	0.0	0.0	0.0	0.0	0.0	0.0	0.0	0.0	0.0084034	0.0	0.0	0.0	0.0	0.0	0.0	0.0	0.0	0.0	0.010101	0.0684932	0.0510949	0.0648148	0.0610687	0.0652174	0.0775862	0.0434783	0.045977	0.026087	0.015748	0.027027	0.0142857	0.0190476	0.0015	0.0	0.0	0.0	0.0	0.0	0.0	0.0	0.0	0.0	0.0	0.0	0.0	
Oie empereur	0.0	0.0	0.0	0.0	0.0	0.0	0.0	0.0	0.0	0.0	0.0	0.0	0.0	0.0	0.0	0.0	0.0	0.0	0.0	0.0	0.0	0.0	0.0	0.0	0.0015	0.0	0.0	0.0	0.0	0.0	0.0	0.0	0.0	0.0	0.0	0.0	0.0	0.0	0.0	0.0	0.0	0.0	0.0	0.0	0.0	0.0	0.0	0.0	
Oie cendrée	0.1818182	0.2463768	0.2413793	0.2380952	0.1212121	0.1666667	0.2112676	0.1463415	0.2702703	0.1363636	0.1785714	0.1344538	0.1160714	0.1775701	0.1941748	0.1478261	0.1197183	0.1736527	0.1891892	0.1987179	0.0888889	0.0909091	0.1506849	0.0729927	0.1574074	0.1221374	0.2282609	0.2068966	0.1652174	0.137931	0.1130435	0.1181102	0.0900901	0.1428571	0.0952381	0.1404959	0.0674157	0.0756303	0.1651376	0.0872093	0.0416667	0.0897436	0.0757576	0.1833333	0.3409091	0.1372549	0.1509434	0.0873786	
Oie cygnoïde	0.0	0.0	0.0	0.0	0.0	0.0	0.028169	0.0121951	0.0	0.0	0.0	0.0	0.0	0.0093458	0.0	0.0086957	0.0	0.0	0.0	0.0	0.0	0.0	0.0	0.0	0.0	0.0	0.0	0.0	0.0	0.0	0.0086957	0.0	0.0	0.0142857	0.0	0.0015	0.0	0.0	0.0	0.0	0.0	0.0	0.0151515	0.0	0.0	0.0	0.0	0.0	
Oie rieuse	0.0757576	0.057971	0.0172414	0.047619	0.0454545	0.0333333	0.028169	0.0243902	0.0405405	0.0340909	0.0	0.0015	0.0089286	0.0015	0.0	0.0	0.0140845	0.011976	0.0202703	0.025641	0.0222222	0.020202	0.0410959	0.0583942	0.0277778	0.0152672	0.0	0.0258621	0.0173913	0.0	0.0	0.0	0.0	0.0	0.0	0.0082645	0.011236	0.0252101	0.0366972	0.0290698	0.0015	0.025641	0.0151515	0.05	0.0681818	0.0588235	0.0754717	0.0679612	
Hybride Oie cendrée x O. rieuse	0.030303	0.0289855	0.0172414	0.047619	0.030303	0.0333333	0.056338	0.0365854	0.027027	0.0227273	0.0357143	0.0168067	0.0178571	0.0373832	0.0485437	0.0347826	0.0070423	0.011976	0.0202703	0.025641	0.0222222	0.020202	0.0410959	0.0437956	0.037037	0.0381679	0.0108696	0.0172414	0.0	0.0	0.0	0.0	0.0	0.0	0.0	0.0	0.0	0.0	0.0	0.0	0.0	0.0	0.0	0.0166667	0.0454545	0.0588235	0.0377358	0.0194175	
Oie naine	0.0	0.0	0.0	0.0	0.0	0.0	0.0	0.0	0.0	0.0	0.0	0.0	0.0	0.0	0.0	0.0	0.0	0.0	0.0	0.0	0.0	0.0	0.0	0.0	0.0	0.0152672	0.0108696	0.0258621	0.0	0.0229885	0.0086957	0.007874	0.018018	0.0	0.0	0.0	0.0	0.0084034	0.0275229	0.0	0.0	0.0	0.0	0.0	0.0	0.0	0.0	0.0	
Oie de toundra	0.0151515	0.0144928	0.0172414	0.0	0.0	0.0	0.0	0.0	0.0	0.0	0.0	0.0	0.0	0.0	0.0	0.0	0.0	0.0	0.0	0.0	0.0	0.0	0.0	0.0	0.0	0.0	0.0	0.0	0.0	0.0	0.0	0.0	0.0	0.0	0.0	0.0	0.0	0.0084034	0.0	0.0116279	0.0	0.0	0.0	0.0	0.0	0.0	0.0	0.0097087	
Oie de taïga ou O. de toundra	0.0	0.0	0.0	0.0	0.0	0.0	0.0	0.0	0.0	0.0	0.0	0.0	0.0	0.0	0.0	0.0	0.0	0.0	0.0	0.0	0.0	0.0	0.0	0.0	0.0	0.0	0.0	0.0	0.0	0.0	0.0	0.0	0.0	0.0	0.0095238	0.0	0.0	0.0	0.0	0.0	0.0	0.0	0.0	0.0	0.0	0.0	0.0	0.0	
Oie à bec court	0.0	0.0	0.0	0.0	0.0	0.0	0.0	0.0	0.0	0.0	0.0	0.0	0.0	0.0093458	0.0	0.0	0.0	0.005988	0.0	0.0	0.0	0.0	0.0	0.0	0.0	0.0	0.0	0.0	0.0	0.0	0.0	0.0	0.0	0.0	0.0095238	0.0	0.0	0.0	0.0	0.0	0.0	0.0015	0.0	0.0	0.0	0.0	0.0	0.0	
Anser sp.	0.0	0.0	0.0	0.0	0.0	0.0	0.0140845	0.0	0.0	0.0	0.0	0.0	0.0	0.0	0.0	0.0	0.0	0.0	0.0	0.0	0.0	0.0	0.0	0.0072993	0.0	0.0	0.0108696	0.0	0.0	0.0	0.0	0.0	0.0	0.0	0.0	0.0082645	0.0	0.0	0.0	0.005814	0.0	0.0	0.0	0.0	0.0	0.0015	0.0	0.0	
Bernache cravant	0.0454545	0.0724638	0.0172414	0.0793651	0.0606061	0.0333333	0.056338	0.1097561	0.027027	0.0568182	0.0714286	0.1260504	0.0535714	0.046729	0.0194175	0.0434783	0.028169	0.005988	0.0202703	0.0128205	0.0333333	0.010101	0.0	0.0	0.0	0.0	0.0	0.0	0.0	0.0	0.0	0.0	0.0	0.0	0.0666667	0.0413223	0.0898876	0.1176471	0.1651376	0.1686047	0.1388889	0.1666667	0.1515152	0.0666667	0.0909091	0.1568627	0.0377358	0.038835	
Bernache nonnette	0.1212121	0.115942	0.1551724	0.1111111	0.0606061	0.0833333	0.1126761	0.0731707	0.0810811	0.0568182	0.0178571	0.0252101	0.0357143	0.0654206	0.0485437	0.026087	0.0422535	0.0598802	0.0810811	0.0641026	0.0555556	0.010101	0.0821918	0.0656934	0.1018519	0.0839695	0.0869565	0.0862069	0.0608696	0.0689655	0.0521739	0.023622	0.036036	0.0571429	0.0285714	0.0413223	0.0224719	0.0504202	0.0458716	0.0639535	0.0015	0.0512821	0.0151515	0.0833333	0.1136364	0.0588235	0.0754717	0.0485437	
Hybride Oie cendrée x Bernache nonnette	0.0	0.0	0.0	0.0	0.0	0.0	0.0	0.0	0.0	0.0	0.0	0.0	0.0	0.0	0.0	0.0	0.0	0.005988	0.0	0.0	0.0	0.0	0.0	0.0	0.0	0.0	0.0	0.0	0.0	0.0	0.0	0.0	0.0	0.0	0.0	0.0	0.0	0.0	0.0	0.0	0.0	0.0	0.0	0.0	0.0	0.0	0.0	0.0	
Bernache du Canada	0.1666667	0.2028986	0.2068966	0.2222222	0.0454545	0.1666667	0.1971831	0.1219512	0.2027027	0.1363636	0.1785714	0.1092437	0.0892857	0.2429907	0.223301	0.1826087	0.1478873	0.2095808	0.1824324	0.1923077	0.1666667	0.1212121	0.1917808	0.1021898	0.1574074	0.129771	0.2282609	0.2068966	0.1565217	0.1264368	0.1043478	0.0629921	0.0810811	0.1	0.0666667	0.0909091	0.0561798	0.092437	0.0825688	0.0872093	0.0555556	0.0512821	0.0606061	0.1	0.2272727	0.1176471	0.1132075	0.0679612	
Hybride Oie cygnoïde x Bernache du Canada	0.0	0.0	0.0	0.0	0.0	0.0	0.0	0.0	0.0	0.0	0.0	0.0	0.0	0.0	0.0	0.0	0.0	0.0	0.0	0.0128205	0.0	0.0	0.0	0.0	0.0	0.0	0.0	0.0	0.0	0.0	0.0	0.0	0.0	0.0	0.0	0.0	0.0	0.0	0.0	0.0	0.0	0.0	0.0	0.0	0.0	0.0	0.0	0.0	
Hybride Oie cendrée x Bernache du Canada	0.0	0.0	0.0	0.0	0.0	0.0015	0.0	0.0	0.0	0.0	0.0	0.0	0.0	0.0	0.0	0.0086957	0.0070423	0.0	0.0	0.0	0.0	0.0	0.0	0.0	0.0	0.0	0.0	0.0	0.0	0.0	0.0	0.0	0.0	0.0	0.0	0.0	0.0	0.0084034	0.0091743	0.0	0.0	0.0	0.0151515	0.0	0.0	0.0	0.0	0.0097087	
Bernache à cou roux	0.0	0.0	0.0	0.0	0.0	0.0	0.0	0.0	0.0	0.0	0.0178571	0.0168067	0.0089286	0.0	0.0	0.0	0.0	0.0	0.0	0.0	0.0	0.0	0.0	0.0	0.0	0.0	0.0	0.0	0.0	0.0	0.0	0.0	0.0	0.0	0.0	0.0	0.0	0.0	0.0	0.0	0.0	0.0	0.0	0.0	0.0	0.0	0.0	0.0	
Cygne tuberculé	0.2878788	0.2608696	0.362069	0.3492063	0.1969697	0.1833333	0.2535211	0.1463415	0.1756757	0.2613636	0.25	0.2268908	0.25	0.4485981	0.3106796	0.373913	0.2816901	0.3353293	0.3648649	0.3397436	0.3333333	0.2323232	0.2191781	0.189781	0.1759259	0.2366412	0.25	0.2844828	0.2	0.2183908	0.173913	0.2125984	0.1801802	0.2285714	0.1714286	0.1570248	0.1573034	0.1680672	0.1284404	0.1337209	0.0833333	0.1410256	0.0909091	0.2	0.2954545	0.1568627	0.1320755	0.2621359	
Cygne noir	0.0	0.0	0.0	0.0	0.0	0.0	0.0	0.0121951	0.0	0.0015	0.0	0.0	0.0	0.0	0.0097087	0.0	0.0	0.0	0.0	0.0	0.0	0.0	0.0	0.0	0.0	0.0	0.0	0.0	0.0	0.0	0.0	0.0	0.0	0.0	0.0	0.0015	0.0	0.0	0.0	0.0	0.0	0.0	0.0	0.0	0.0	0.0	0.0	0.0	
Cygne de Bewick	0.0151515	0.0	0.0172414	0.0	0.0	0.0015	0.0	0.0	0.0	0.0	0.0	0.0	0.0	0.0	0.0	0.0	0.0	0.0	0.0	0.0	0.0	0.0	0.0	0.0	0.0	0.0	0.0	0.0	0.0	0.0	0.0	0.0	0.0	0.0	0.0	0.0	0.0	0.0	0.0	0.0	0.0	0.0	0.0	0.0	0.0	0.0	0.0	0.0	
Cygne chanteur	0.0	0.0	0.0	0.0	0.0	0.0	0.0	0.0	0.0	0.0	0.0	0.0084034	0.0	0.0	0.0	0.0	0.0	0.0	0.0	0.0	0.0	0.0	0.0	0.0	0.0	0.0	0.0	0.0	0.0	0.0	0.0	0.0	0.0	0.0	0.0	0.0	0.0	0.0	0.0	0.0	0.0	0.0	0.0	0.0	0.0	0.0	0.0	0.0	
anatidé sp. (oie sp.)	0.0	0.0	0.0	0.0	0.0	0.0	0.0	0.0	0.0	0.0	0.0	0.0	0.0	0.0	0.0	0.0	0.0	0.0	0.0	0.0	0.0	0.0	0.0	0.0	0.0	0.0	0.0	0.0	0.0	0.0	0.0	0.0	0.0	0.0	0.0	0.0	0.0	0.0	0.0	0.005814	0.0	0.0	0.0	0.0	0.0	0.0	0.0	0.0	
Ouette d'Égypte	0.030303	0.057971	0.0344828	0.031746	0.0151515	0.05	0.0704225	0.0365854	0.0675676	0.0795455	0.1428571	0.0504202	0.125	0.1495327	0.0873786	0.0869565	0.0633803	0.1137725	0.0743243	0.1217949	0.0333333	0.0808081	0.0684932	0.0729927	0.1018519	0.0839695	0.0869565	0.137931	0.0521739	0.0804598	0.0869565	0.0472441	0.0540541	0.0285714	0.0190476	0.0165289	0.0224719	0.0336134	0.0550459	0.0523256	0.0138889	0.025641	0.0606061	0.0666667	0.0681818	0.0588235	0.0188679	0.0291262	
Tadorne casarca	0.0	0.0	0.0	0.015873	0.0	0.0	0.0	0.0	0.0	0.0	0.0	0.0	0.0	0.0	0.0	0.0	0.0	0.0	0.0067568	0.0064103	0.0	0.0	0.0	0.0	0.0	0.0076336	0.0	0.0	0.0	0.0114943	0.0086957	0.0	0.0	0.0	0.0	0.0	0.0	0.0	0.0	0.0	0.0	0.0	0.0	0.0	0.0	0.0	0.0	0.0	
Tadorne de Belon	0.3181818	0.3913043	0.3965517	0.4126984	0.2727273	0.3833333	0.3661972	0.2439024	0.2567568	0.3977273	0.4107143	0.3277311	0.2767857	0.411215	0.3883495	0.373913	0.3873239	0.4071856	0.3108108	0.3974359	0.3222222	0.2222222	0.2465753	0.189781	0.1574074	0.2290076	0.1630435	0.2068966	0.1217391	0.1034483	0.1304348	0.1102362	0.0810811	0.1571429	0.1809524	0.107438	0.1011236	0.1428571	0.1376147	0.1627907	0.1805556	0.1923077	0.2878788	0.2666667	0.5	0.3333333	0.2641509	0.2815534	
Canard musqué	0.0	0.0	0.0	0.0	0.0151515	0.0	0.0	0.0	0.0	0.0	0.0	0.0	0.0	0.0	0.0	0.0086957	0.0	0.0	0.0	0.0	0.0	0.0	0.0	0.0	0.0	0.0	0.0	0.0	0.0	0.0	0.0	0.007874	0.009009	0.0	0.0	0.0	0.0	0.0	0.0	0.0	0.0	0.0	0.0	0.0	0.0	0.0	0.0015	0.0	
Canard carolin	0.0	0.0	0.0	0.0	0.0	0.0	0.0	0.0	0.0	0.0	0.0	0.0	0.0	0.0	0.0	0.0	0.0	0.0	0.0	0.0	0.0	0.0	0.0	0.0	0.0	0.0	0.0	0.0	0.0	0.0	0.0	0.0	0.0	0.0	0.0	0.0	0.011236	0.0	0.0	0.0	0.0	0.0	0.0	0.0	0.0	0.0	0.0	0.0	
Canard mandarin	0.0151515	0.0	0.0	0.0	0.0	0.0	0.0	0.0	0.0	0.0	0.0	0.0	0.0	0.0	0.0	0.0	0.0	0.0	0.0	0.0	0.0	0.0	0.0	0.0	0.0	0.0015	0.0	0.0	0.0	0.0015	0.0086957	0.0	0.0	0.0	0.0	0.0	0.0	0.0084034	0.0183486	0.0015	0.0	0.0	0.0	0.0	0.0	0.0	0.0	0.0	
Sarcelle élégante	0.0	0.0	0.0	0.0	0.0	0.0	0.0	0.0	0.0	0.0454545	0.0	0.0	0.0	0.0	0.0	0.0	0.0	0.0	0.0	0.0	0.0	0.0	0.0	0.0	0.0	0.0	0.0	0.0	0.0	0.0	0.0	0.0	0.0	0.0	0.0	0.0	0.0	0.0	0.0	0.0	0.0	0.0	0.0	0.0	0.0	0.0	0.0	0.0	
Sarcelle d'été	0.0	0.0	0.0	0.0	0.0	0.0	0.0	0.0	0.0135135	0.0681818	0.1785714	0.1176471	0.0803571	0.1682243	0.1262136	0.0347826	0.0704225	0.1017964	0.0810811	0.0769231	0.0333333	0.020202	0.0547945	0.0656934	0.0462963	0.0687023	0.076087	0.1206897	0.0608696	0.1034483	0.0521739	0.0629921	0.018018	0.0285714	0.047619	0.0165289	0.0224719	0.0084034	0.0	0.005814	0.0	0.0	0.0	0.0	0.0	0.0	0.0	0.0	
Canard souchet	0.1969697	0.2173913	0.2586207	0.3015873	0.1212121	0.3333333	0.2957746	0.2439024	0.2432432	0.3977273	0.4107143	0.2857143	0.2232143	0.4485981	0.368932	0.3130435	0.2464789	0.239521	0.2297297	0.224359	0.1666667	0.1111111	0.2054795	0.1386861	0.0648148	0.129771	0.2065217	0.1982759	0.1217391	0.1494253	0.1217391	0.1102362	0.0810811	0.0571429	0.1333333	0.1322314	0.0786517	0.1008403	0.0917431	0.127907	0.1111111	0.1153846	0.0909091	0.2	0.3181818	0.1960784	0.1698113	0.1456311	
Canard chipeau	0.2121212	0.2028986	0.2758621	0.2380952	0.1515152	0.2166667	0.2676056	0.2439024	0.2027027	0.2840909	0.3035714	0.2016807	0.1339286	0.2990654	0.2330097	0.2173913	0.1338028	0.2035928	0.1351351	0.1474359	0.0666667	0.0505051	0.109589	0.0875912	0.0740741	0.129771	0.1086957	0.1206897	0.1043478	0.0804598	0.0956522	0.0629921	0.0540541	0.0428571	0.0571429	0.0826446	0.1011236	0.0504202	0.0550459	0.0872093	0.0555556	0.0897436	0.1060606	0.1166667	0.2272727	0.1568627	0.1509434	0.1165049	
Canard siffleur	0.1969697	0.2753623	0.3275862	0.3015873	0.1060606	0.25	0.2676056	0.2439024	0.2567568	0.2613636	0.3035714	0.1764706	0.0982143	0.271028	0.1747573	0.1391304	0.0774648	0.0359281	0.0337838	0.0320513	0.0111111	0.0505051	0.0136986	0.0218978	0.0	0.0229008	0.076087	0.0775862	0.0695652	0.045977	0.0521739	0.0472441	0.0720721	0.1	0.2	0.1570248	0.1460674	0.1428571	0.2018349	0.1569767	0.125	0.1282051	0.1666667	0.2333333	0.3409091	0.2156863	0.1698113	0.1553398	
Hybride Canard chipeau x C. siffleur	0.030303	0.0	0.0	0.0	0.0	0.0	0.0	0.0	0.0	0.0	0.0	0.0168067	0.0	0.0	0.0	0.0086957	0.0	0.0	0.0067568	0.0064103	0.0111111	0.0	0.0	0.0	0.0092593	0.0229008	0.0434783	0.0431034	0.026087	0.045977	0.0173913	0.007874	0.018018	0.0142857	0.0095238	0.0082645	0.0	0.0084034	0.0275229	0.0116279	0.0	0.0	0.0151515	0.05	0.0227273	0.0196078	0.0377358	0.0194175	
Canard colvert	0.3333333	0.3478261	0.362069	0.5079365	0.2727273	0.35	0.3521127	0.304878	0.3243243	0.3863636	0.4464286	0.3529412	0.3482143	0.5514019	0.407767	0.4173913	0.4225352	0.3832335	0.4121622	0.4102564	0.3333333	0.2626263	0.3013699	0.2992701	0.212963	0.3053435	0.3913043	0.3275862	0.2782609	0.3908046	0.3043478	0.2834646	0.3063063	0.3142857	0.3047619	0.3305785	0.2247191	0.1932773	0.2293578	0.25	0.1388889	0.2051282	0.2272727	0.3	0.5454545	0.4117647	0.3207547	0.2718447	
Canard pilet	0.0909091	0.115942	0.1724138	0.1587302	0.1212121	0.2666667	0.2957746	0.2682927	0.2702703	0.2386364	0.3571429	0.2436975	0.0892857	0.271028	0.1456311	0.0782609	0.0352113	0.0419162	0.0135135	0.0192308	0.0333333	0.030303	0.0547945	0.0072993	0.037037	0.0610687	0.0434783	0.0775862	0.0608696	0.045977	0.0173913	0.023622	0.027027	0.0571429	0.0666667	0.0661157	0.0898876	0.1008403	0.0917431	0.1104651	0.0972222	0.1282051	0.1060606	0.0833333	0.1136364	0.0784314	0.0377358	0.0291262	
Hybride Canard colvert x C. pilet	0.0	0.0	0.0	0.0	0.0	0.0166667	0.056338	0.0365854	0.0135135	0.0	0.0	0.0	0.0	0.0	0.0	0.0	0.0	0.0	0.0	0.0	0.0	0.0	0.0	0.0	0.0	0.0	0.0	0.0	0.0	0.0	0.0	0.0	0.0	0.0	0.0095238	0.0	0.0	0.0084034	0.0183486	0.0	0.0	0.0	0.0	0.0333333	0.0	0.0392157	0.0188679	0.0	
Sarcelle d'hiver	0.2878788	0.3478261	0.362069	0.3650794	0.1666667	0.3333333	0.3521127	0.2804878	0.2837838	0.3977273	0.3571429	0.2857143	0.1428571	0.3457944	0.2718447	0.2347826	0.084507	0.0898204	0.0878378	0.0641026	0.0333333	0.0606061	0.0273973	0.0510949	0.0462963	0.0916031	0.1195652	0.1724138	0.0869565	0.137931	0.1652174	0.1732283	0.1261261	0.2	0.2952381	0.1735537	0.1573034	0.1596639	0.2018349	0.1860465	0.0833333	0.1666667	0.1818182	0.2333333	0.4545455	0.2941176	0.2830189	0.2135922	
Sarcelle tachetée	0.0	0.0	0.0	0.0	0.0	0.0	0.0	0.0	0.0	0.0	0.0	0.0	0.0	0.0	0.0	0.0	0.0	0.0	0.0	0.0	0.0	0.0	0.0	0.0	0.0	0.0	0.0108696	0.0	0.0	0.0	0.0	0.0	0.0	0.0	0.0	0.0	0.0	0.0	0.0	0.0	0.0	0.0	0.0	0.0	0.0	0.0	0.0	0.0	
anatidé sp. (canard barboteur sp.)	0.0	0.0	0.0	0.0	0.0	0.0	0.0	0.0	0.0	0.0	0.0015	0.0	0.0	0.0	0.0	0.0	0.0	0.0	0.0	0.0064103	0.0	0.0	0.0	0.0	0.0	0.0	0.0	0.0	0.0	0.0114943	0.0	0.0	0.009009	0.0	0.0	0.0082645	0.0	0.0	0.0	0.0	0.0	0.0	0.0	0.0	0.0	0.0	0.0	0.0097087	
Nette rousse	0.0	0.0144928	0.0	0.015873	0.0	0.0	0.0	0.0	0.0	0.0	0.0178571	0.0084034	0.0	0.0	0.0	0.0	0.0070423	0.0	0.0	0.0	0.0	0.0	0.0	0.0	0.0	0.0	0.0	0.0	0.0	0.0	0.0	0.0	0.0	0.0	0.0	0.0	0.0	0.0	0.0091743	0.0015	0.0	0.0	0.0	0.0	0.0	0.0	0.0	0.0	
Fuligule milouin	0.1818182	0.1884058	0.1896552	0.2063492	0.0909091	0.2166667	0.1690141	0.195122	0.1351351	0.1931818	0.2321429	0.1176471	0.0982143	0.1308411	0.1359223	0.1826087	0.0633803	0.1077844	0.1418919	0.1923077	0.0888889	0.0909091	0.1780822	0.0875912	0.1203704	0.0916031	0.1630435	0.1465517	0.0869565	0.1034483	0.0869565	0.0629921	0.0630631	0.0428571	0.0285714	0.0578512	0.0561798	0.0252101	0.0550459	0.0755814	0.0277778	0.0641026	0.0454545	0.1833333	0.2727273	0.0980392	0.1698113	0.0970874	
Fuligule à bec cerclé	0.0	0.0015	0.0	0.0	0.0	0.0166667	0.0140845	0.0	0.0	0.0	0.0	0.0	0.0	0.0	0.0	0.0	0.0	0.0	0.0	0.0	0.0	0.0	0.0	0.0	0.0	0.0	0.0	0.0	0.0	0.0	0.0	0.0	0.009009	0.0	0.0	0.0	0.0	0.0	0.0	0.0	0.0	0.0	0.0	0.0	0.0227273	0.0	0.0	0.0	
Fuligule nyroca	0.0	0.0	0.0	0.0	0.0	0.0	0.0015	0.0	0.0	0.0	0.0	0.0	0.0	0.0	0.0	0.0	0.0	0.0	0.0	0.0	0.0	0.0	0.0	0.0	0.0	0.0	0.0	0.0	0.0	0.0	0.0	0.0015	0.0	0.0	0.0	0.0	0.0	0.0	0.0	0.0	0.0	0.0	0.0	0.0	0.0	0.0	0.0	0.0	
Fuligule morillon	0.2272727	0.2753623	0.2758621	0.3333333	0.1212121	0.3	0.2253521	0.2439024	0.2027027	0.3181818	0.2678571	0.2184874	0.125	0.2990654	0.2912621	0.2347826	0.1549296	0.2035928	0.2027027	0.25	0.1333333	0.1010101	0.2054795	0.1094891	0.1388889	0.1755725	0.173913	0.1724138	0.1217391	0.1264368	0.1130435	0.1181102	0.1171171	0.0857143	0.0761905	0.1239669	0.0449438	0.0588235	0.1009174	0.1104651	0.0972222	0.1153846	0.0606061	0.2166667	0.4318182	0.1568627	0.1698113	0.1165049	
Hybride Fuligule milouin x F. morillon	0.0	0.0289855	0.0	0.015873	0.0	0.0	0.0	0.0	0.0	0.0	0.0	0.0	0.0	0.0	0.0	0.0	0.0	0.0	0.0	0.0	0.0	0.0	0.0	0.0	0.0	0.0	0.0	0.0	0.0	0.0	0.0	0.0	0.0	0.0	0.0	0.0	0.0	0.0	0.0	0.0	0.0	0.0	0.0	0.0	0.0227273	0.0	0.0	0.0	
Fuligule milouinan	0.030303	0.0289855	0.0517241	0.0	0.0	0.0	0.0140845	0.0121951	0.0	0.0	0.0178571	0.0084034	0.0	0.0	0.0	0.0	0.0	0.0	0.0	0.0	0.0	0.0	0.0	0.0	0.0	0.0	0.0	0.0172414	0.0	0.0	0.0	0.007874	0.027027	0.0142857	0.0190476	0.0247934	0.011236	0.0084034	0.0275229	0.0116279	0.0	0.0128205	0.0151515	0.0166667	0.0454545	0.0588235	0.0188679	0.0194175	
Fuligule à tête noire	0.0	0.0	0.0	0.0	0.0	0.0	0.0	0.0	0.0	0.0	0.0	0.0084034	0.0	0.0	0.0	0.0	0.0	0.0	0.0	0.0	0.0	0.0	0.0	0.0145985	0.0	0.0	0.0	0.0	0.0	0.0	0.0	0.0	0.0	0.0	0.0	0.0	0.0	0.0	0.0	0.0	0.0	0.0	0.0	0.0	0.0	0.0	0.0	0.0	
Eider à duvet	0.030303	0.0	0.0172414	0.015873	0.0454545	0.05	0.0140845	0.0015	0.0540541	0.0340909	0.0535714	0.0420168	0.0535714	0.0280374	0.038835	0.026087	0.0070423	0.0015	0.0067568	0.0192308	0.0222222	0.0	0.0136986	0.0	0.0185185	0.0	0.0108696	0.0086207	0.0086957	0.0229885	0.0347826	0.007874	0.045045	0.0285714	0.0571429	0.0247934	0.0337079	0.0084034	0.0183486	0.0581395	0.0277778	0.0641026	0.0757576	0.05	0.0454545	0.0588235	0.0188679	0.0097087	
Macreuse brune	0.0015	0.0434783	0.0344828	0.031746	0.030303	0.0166667	0.0140845	0.0	0.0135135	0.0340909	0.0357143	0.0084034	0.0089286	0.0280374	0.0194175	0.0434783	0.0	0.0	0.0	0.0	0.0	0.0	0.0	0.0	0.0	0.0	0.0	0.0	0.0	0.0	0.0	0.0	0.009009	0.0	0.0095238	0.0	0.011236	0.0	0.0015	0.0465116	0.0138889	0.0512821	0.0909091	0.0166667	0.0681818	0.0784314	0.0754717	0.0015	
Macreuse noire	0.0909091	0.1304348	0.137931	0.0634921	0.0757576	0.0666667	0.0422535	0.0609756	0.1081081	0.1022727	0.1071429	0.1932773	0.0892857	0.0747664	0.0970874	0.0869565	0.056338	0.0179641	0.0135135	0.0192308	0.0111111	0.0	0.0136986	0.0291971	0.037037	0.0229008	0.076087	0.0948276	0.1130435	0.045977	0.1043478	0.0708661	0.0990991	0.1714286	0.1809524	0.0826446	0.1011236	0.0756303	0.1100917	0.1976744	0.1527778	0.1794872	0.2878788	0.1166667	0.0909091	0.1372549	0.0943396	0.0582524	
Harelde boréale	0.0015	0.0144928	0.0015	0.0015	0.0151515	0.0166667	0.0	0.0	0.0	0.0	0.0	0.0168067	0.0	0.0	0.0	0.0	0.0	0.005988	0.0	0.0	0.0	0.0	0.0	0.0	0.0	0.0	0.0	0.0	0.0	0.0	0.0	0.0	0.0	0.0	0.0	0.0	0.0	0.0	0.0	0.0	0.0	0.0	0.0	0.0	0.0015	0.0	0.0	0.0	
Garrot à oeil d'or	0.0151515	0.0144928	0.0689655	0.0793651	0.030303	0.0333333	0.056338	0.0243902	0.0015	0.0227273	0.0	0.0	0.0	0.0093458	0.0	0.0	0.0	0.0	0.0	0.0	0.0	0.010101	0.0136986	0.0437956	0.0740741	0.0534351	0.0543478	0.0689655	0.0521739	0.045977	0.0173913	0.007874	0.018018	0.0285714	0.0095238	0.0	0.0	0.0084034	0.0	0.0	0.0138889	0.0	0.0151515	0.0166667	0.0454545	0.0588235	0.0377358	0.0194175	
Harle piette	0.0	0.0144928	0.0689655	0.0	0.0	0.0166667	0.0140845	0.0	0.0135135	0.0	0.0	0.0	0.0	0.0	0.0	0.0	0.0	0.0	0.0	0.0	0.0	0.0	0.0	0.0	0.0	0.0	0.0	0.0	0.0	0.0	0.0	0.0	0.0	0.0	0.0	0.0	0.0	0.0	0.0	0.0	0.0	0.0	0.0	0.0	0.0	0.0	0.0	0.0	
Harle bièvre	0.0	0.0	0.0	0.0	0.0	0.0	0.0140845	0.0	0.0	0.0113636	0.0	0.0	0.0	0.0	0.0	0.0	0.0	0.0	0.0	0.0	0.0	0.0	0.0	0.0	0.0	0.0152672	0.0	0.0	0.0	0.0	0.0	0.0	0.0	0.0	0.0	0.0	0.0	0.0	0.0	0.0	0.0	0.0	0.0454545	0.0166667	0.0	0.0	0.0	0.0	
Harle huppé	0.030303	0.0144928	0.0172414	0.031746	0.0151515	0.0333333	0.0	0.0	0.0015	0.0113636	0.0535714	0.0420168	0.0446429	0.0560748	0.0679612	0.0434783	0.0070423	0.0	0.0067568	0.0	0.0	0.0	0.0	0.0	0.0	0.0	0.0	0.0	0.0	0.0	0.0	0.0	0.0	0.0	0.0	0.0082645	0.0015	0.0168067	0.0183486	0.0290698	0.0416667	0.0769231	0.0757576	0.0333333	0.0	0.0196078	0.0188679	0.0194175	
Harle bièvre ou H. huppé	0.0	0.0	0.0	0.0	0.0	0.0	0.0	0.0	0.0	0.0	0.0	0.0	0.0	0.0	0.0	0.0	0.0070423	0.0	0.0	0.0	0.0	0.0	0.0	0.0	0.0	0.0	0.0	0.0	0.0	0.0	0.0	0.0	0.0	0.0	0.0	0.0	0.0	0.0	0.0	0.0	0.0	0.0	0.0	0.0	0.0	0.0	0.0	0.0	
Érismature rousse	0.0	0.0	0.0	0.015873	0.0	0.0	0.0	0.0	0.0	0.0	0.0	0.0	0.0	0.0	0.0	0.0	0.0	0.0	0.0	0.0	0.0	0.0	0.0	0.0	0.0	0.0	0.0	0.0	0.0	0.0114943	0.0	0.0	0.0	0.0	0.0	0.0	0.0	0.0	0.0	0.0	0.0	0.0	0.0	0.0166667	0.0	0.0	0.0	0.0	
anatidé sp. (canard sp.)	0.0	0.0	0.0	0.0	0.0151515	0.0	0.0	0.0	0.0	0.0	0.0	0.0	0.0	0.0	0.0	0.0	0.0	0.005988	0.0	0.0064103	0.0111111	0.0	0.0	0.0	0.0	0.0	0.0108696	0.0	0.0086957	0.0	0.0	0.0015	0.009009	0.0	0.0	0.0082645	0.0	0.0	0.0	0.0116279	0.0	0.0	0.030303	0.0	0.0	0.0	0.0	0.0	
sauvagine sp.	0.0	0.0	0.0	0.0	0.0	0.0	0.0	0.0	0.0	0.0	0.0178571	0.0	0.0	0.0	0.0	0.0	0.0	0.0	0.0	0.0	0.0	0.0	0.0	0.0	0.0	0.0	0.0	0.0	0.0	0.0	0.0	0.0	0.0	0.0	0.0	0.0	0.0	0.0	0.0	0.0	0.0	0.0	0.0	0.0	0.0	0.0	0.0	0.0	
Perdrix grise	0.0454545	0.0434783	0.0689655	0.031746	0.0151515	0.0015	0.028169	0.0121951	0.0015	0.0340909	0.0178571	0.0336134	0.0446429	0.0280374	0.038835	0.026087	0.028169	0.0419162	0.0135135	0.0320513	0.0111111	0.040404	0.0136986	0.0364964	0.0092593	0.0152672	0.0434783	0.0431034	0.026087	0.0229885	0.0173913	0.0314961	0.0630631	0.0142857	0.0380952	0.0330579	0.011236	0.0084034	0.0550459	0.0465116	0.0416667	0.0769231	0.0151515	0.0166667	0.0681818	0.0392157	0.0188679	0.0194175	
Faisan vénéré	0.0	0.0	0.0015	0.0	0.0	0.0015	0.0	0.0	0.0015	0.0	0.0	0.0084034	0.0267857	0.0	0.0	0.0086957	0.0070423	0.0239521	0.0067568	0.0	0.0	0.0	0.0	0.0015	0.0	0.0076336	0.0015	0.0015	0.0086957	0.0	0.0	0.0	0.0	0.0	0.0015	0.0	0.0	0.0084034	0.0	0.0	0.0	0.0128205	0.0151515	0.0	0.0	0.0	0.0	0.0015	
Faisan de Colchide	0.2272727	0.2608696	0.2241379	0.3174603	0.1666667	0.15	0.2676056	0.1585366	0.1486486	0.2386364	0.25	0.2689076	0.375	0.4672897	0.3883495	0.3391304	0.3661972	0.3532934	0.3040541	0.3653846	0.3666667	0.1818182	0.1506849	0.2116788	0.0833333	0.0992366	0.0978261	0.0689655	0.0608696	0.0574713	0.0782609	0.0787402	0.1171171	0.1	0.152381	0.1735537	0.1797753	0.2184874	0.266055	0.1918605	0.1805556	0.1794872	0.1060606	0.15	0.2272727	0.2352941	0.0943396	0.1650485	
Faisan de Colchide ou F. versicolore	0.0	0.0	0.0	0.0	0.0	0.0	0.0	0.0	0.0	0.0	0.0	0.0	0.0	0.0	0.0	0.0	0.0	0.0	0.0067568	0.0	0.0	0.0	0.0	0.0	0.0	0.0	0.0	0.0	0.0	0.0	0.0	0.0	0.0	0.0	0.0	0.0	0.0	0.0	0.0	0.0	0.0	0.0	0.0	0.0	0.0	0.0	0.0	0.0	
Paon bleu	0.0	0.0	0.0	0.0	0.0	0.0	0.0	0.0	0.0	0.0	0.0	0.0	0.0	0.0	0.0	0.0	0.0	0.0	0.0	0.0	0.0	0.0	0.0	0.0	0.0	0.0	0.0	0.0015	0.0	0.0	0.0	0.0	0.0	0.0	0.0	0.0	0.0	0.0	0.0	0.0	0.0	0.0	0.0	0.0	0.0	0.0	0.0	0.0	
Caille des blés	0.0	0.0	0.0	0.0	0.0	0.0	0.0	0.0	0.0	0.0	0.0	0.0	0.0	0.0	0.0015	0.0	0.0	0.0015	0.0067568	0.0	0.0222222	0.0015	0.0	0.0218978	0.0185185	0.0076336	0.0	0.0086207	0.0086957	0.0	0.0	0.007874	0.0	0.0015	0.0190476	0.0	0.0	0.0	0.0	0.0	0.0	0.0	0.0	0.0	0.0	0.0	0.0	0.0	
Perdrix rouge	0.0	0.0	0.0	0.0	0.0	0.0166667	0.0140845	0.0	0.0	0.0227273	0.0015	0.0168067	0.0015	0.0093458	0.0194175	0.0086957	0.0211268	0.011976	0.0067568	0.0	0.0	0.0	0.0	0.0	0.0092593	0.0	0.0	0.0	0.0	0.0	0.0	0.0	0.0	0.0142857	0.0095238	0.0	0.0	0.0084034	0.0	0.005814	0.0	0.0	0.0151515	0.0166667	0.0	0.0	0.0	0.0	
Pigeon biset	0.1363636	0.1304348	0.2413793	0.1746032	0.1515152	0.15	0.1971831	0.1219512	0.1351351	0.0795455	0.1785714	0.1512605	0.1696429	0.1869159	0.1747573	0.2086957	0.0985915	0.1257485	0.1891892	0.2692308	0.1555556	0.2626263	0.1917808	0.2335766	0.25	0.2137405	0.326087	0.2672414	0.1652174	0.2758621	0.2	0.1889764	0.2342342	0.2428571	0.2095238	0.2066116	0.1685393	0.2184874	0.1926606	0.1744186	0.1944444	0.1794872	0.1363636	0.1333333	0.3181818	0.1568627	0.1698113	0.0970874	
Pigeon colombin	0.0151515	0.0289855	0.0344828	0.031746	0.0606061	0.0015	0.028169	0.0365854	0.027027	0.0454545	0.0714286	0.0420168	0.0015	0.0186916	0.0291262	0.0521739	0.028169	0.0239521	0.0405405	0.0384615	0.0444444	0.0505051	0.0684932	0.0364964	0.0092593	0.0305344	0.0434783	0.0603448	0.026087	0.0229885	0.0173913	0.023622	0.036036	0.0	0.0190476	0.0330579	0.0449438	0.0252101	0.0733945	0.0174419	0.0416667	0.0769231	0.0606061	0.0333333	0.0681818	0.0196078	0.0377358	0.0194175	
Pigeon ramier	0.2424242	0.2463768	0.1896552	0.1746032	0.2272727	0.2833333	0.4084507	0.3658537	0.3783784	0.3409091	0.5178571	0.4537815	0.5714286	0.6261682	0.5145631	0.4956522	0.5211268	0.5149701	0.6013514	0.5320513	0.5444444	0.4646465	0.5205479	0.5620438	0.6018519	0.5877863	0.5543478	0.4741379	0.4695652	0.5287356	0.4347826	0.488189	0.5585586	0.4285714	0.4190476	0.4628099	0.3595506	0.2773109	0.3302752	0.244186	0.1805556	0.1794872	0.1818182	0.1333333	0.2272727	0.2941176	0.3584906	0.3009709	
Tourterelle des bois	0.0	0.0	0.0	0.0	0.0	0.0	0.0	0.0	0.0	0.0	0.0	0.0	0.0	0.0	0.0097087	0.0347826	0.0985915	0.1556886	0.1081081	0.1858974	0.1666667	0.1313131	0.2054795	0.1240876	0.1296296	0.1374046	0.1304348	0.112069	0.0608696	0.0229885	0.0347826	0.0472441	0.036036	0.0015	0.0	0.0	0.0	0.0	0.0	0.0	0.0	0.0	0.0	0.0	0.0	0.0	0.0	0.0	
Tourterelle turque	0.0757576	0.115942	0.1551724	0.1587302	0.0454545	0.0833333	0.1830986	0.1707317	0.1621622	0.1136364	0.0714286	0.0588235	0.2410714	0.2429907	0.1262136	0.1913043	0.2464789	0.2934132	0.2702703	0.224359	0.3444444	0.2727273	0.2191781	0.270073	0.212963	0.2061069	0.2608696	0.2413793	0.1913043	0.2183908	0.226087	0.2834646	0.2702703	0.2285714	0.247619	0.1818182	0.1573034	0.1764706	0.1559633	0.1395349	0.1805556	0.1153846	0.0909091	0.1	0.1136364	0.0588235	0.1132075	0.184466	
Coucou gris	0.0	0.0	0.0	0.0	0.0	0.0	0.0	0.0	0.0	0.0	0.0	0.0	0.0178571	0.2056075	0.2524272	0.3130435	0.3943662	0.4071856	0.4594595	0.4166667	0.3444444	0.2828283	0.2191781	0.0583942	0.0277778	0.0076336	0.0217391	0.0086207	0.0173913	0.0	0.0	0.0015	0.009009	0.0	0.0	0.0	0.0	0.0	0.0	0.0	0.0	0.0	0.0	0.0	0.0	0.0	0.0	0.0	
Engoulevent d'Europe	0.0	0.0	0.0	0.0	0.0	0.0	0.0	0.0	0.0	0.0	0.0	0.0	0.0	0.0	0.0	0.0	0.0	0.0	0.0	0.0015	0.0	0.0	0.0136986	0.0072993	0.0	0.0	0.0	0.0015	0.0	0.0	0.0	0.0	0.0	0.0	0.0	0.0	0.0	0.0	0.0	0.0	0.0	0.0	0.0	0.0	0.0	0.0	0.0	0.0	
Martinet noir	0.0	0.0	0.0	0.0	0.0	0.0	0.0	0.0	0.0	0.0	0.0	0.0	0.0	0.0	0.0194175	0.0956522	0.2183099	0.2874251	0.3040541	0.3141026	0.3666667	0.3333333	0.3424658	0.2846715	0.2222222	0.1984733	0.1521739	0.2672414	0.1304348	0.045977	0.0434783	0.0472441	0.0630631	0.0015	0.0015	0.0082645	0.0	0.0	0.0	0.0	0.0	0.0	0.0	0.0	0.0	0.0	0.0	0.0	
Martinet noir ou M. pâle	0.0	0.0	0.0	0.0	0.0	0.0	0.0	0.0	0.0	0.0	0.0	0.0	0.0	0.0	0.0	0.0	0.0	0.0	0.0	0.0	0.0	0.0	0.0	0.0	0.0	0.0	0.0	0.0	0.0	0.0	0.0	0.0	0.0	0.0	0.0	0.0	0.0	0.0	0.0	0.0	0.0015	0.0	0.0	0.0	0.0	0.0	0.0	0.0	
Apus ou Tachymarptis sp.	0.0	0.0	0.0	0.0	0.0	0.0	0.0	0.0	0.0	0.0	0.0	0.0	0.0	0.0	0.0	0.0	0.0	0.0	0.0	0.0	0.0	0.0	0.0	0.0	0.0	0.0	0.0	0.0	0.0	0.0	0.0	0.0	0.0	0.0	0.0	0.0	0.0	0.0	0.0091743	0.0	0.0	0.0	0.0	0.0	0.0	0.0	0.0	0.0	
Râle d'eau	0.1212121	0.0434783	0.0517241	0.047619	0.030303	0.0333333	0.0140845	0.0609756	0.0135135	0.0340909	0.0714286	0.0084034	0.0267857	0.0093458	0.0485437	0.0086957	0.0070423	0.0239521	0.0202703	0.0320513	0.0222222	0.010101	0.0	0.0145985	0.0	0.0076336	0.0326087	0.0258621	0.0173913	0.0114943	0.026087	0.0314961	0.009009	0.0285714	0.0380952	0.0413223	0.0337079	0.0588235	0.0458716	0.0232558	0.0555556	0.1025641	0.0606061	0.05	0.0681818	0.0588235	0.1132075	0.0485437	
Râle des genêts	0.0	0.0	0.0	0.0	0.0	0.0	0.0	0.0	0.0	0.0	0.0	0.0	0.0	0.0	0.0	0.0	0.0	0.0	0.0	0.0015	0.0	0.0	0.0	0.0	0.0	0.0	0.0	0.0	0.0	0.0	0.0	0.0	0.0	0.0	0.0	0.0	0.0	0.0	0.0	0.0	0.0	0.0	0.0	0.0	0.0	0.0	0.0	0.0	
Marouette ponctuée	0.0	0.0	0.0	0.0	0.0	0.0	0.0	0.0	0.0	0.0113636	0.0357143	0.0	0.0089286	0.0	0.0	0.0	0.0	0.0	0.0	0.0	0.0	0.010101	0.0	0.0	0.0	0.0	0.0	0.0086207	0.0	0.0	0.0	0.0	0.0	0.0	0.0	0.0	0.0	0.0	0.0	0.0	0.0	0.0	0.0	0.0	0.0	0.0	0.0	0.0	
Gallinule poule-d'eau	0.2121212	0.1449275	0.1724138	0.1428571	0.1212121	0.15	0.1549296	0.1707317	0.2567568	0.2386364	0.2678571	0.210084	0.2321429	0.3084112	0.1941748	0.2	0.2112676	0.2155689	0.2094595	0.275641	0.1333333	0.1515152	0.2739726	0.2189781	0.1666667	0.2137405	0.25	0.2241379	0.1913043	0.2643678	0.2347826	0.2362205	0.2072072	0.1857143	0.1619048	0.214876	0.1573034	0.1344538	0.146789	0.1511628	0.1111111	0.1282051	0.1363636	0.1166667	0.2045455	0.1764706	0.2264151	0.1747573	
Foulque macroule	0.3636364	0.3333333	0.362069	0.4444444	0.2575758	0.2666667	0.3521127	0.2560976	0.3108108	0.4204545	0.375	0.3445378	0.2857143	0.4953271	0.4174757	0.373913	0.3802817	0.3952096	0.3513514	0.4358974	0.3555556	0.2929293	0.3013699	0.2919708	0.2222222	0.2900763	0.3478261	0.3189655	0.2347826	0.2988506	0.226087	0.2047244	0.1891892	0.2285714	0.1619048	0.2231405	0.1685393	0.1260504	0.1743119	0.1976744	0.125	0.1410256	0.1666667	0.2166667	0.4545455	0.2941176	0.3207547	0.2427184	
Grue cendrée	0.0	0.0015	0.0	0.0	0.0	0.0	0.0	0.0	0.0	0.0	0.0	0.0	0.0	0.0	0.0	0.0	0.0	0.0	0.0	0.0	0.0	0.0	0.0	0.0	0.0	0.0	0.0	0.0	0.0	0.0	0.0	0.0	0.0	0.0	0.0	0.0	0.0	0.0	0.0	0.0	0.0	0.0	0.0015	0.0	0.0	0.0	0.0	0.0	
Oedicnème criard	0.0	0.0	0.0	0.0	0.0	0.0	0.0	0.0	0.0135135	0.0	0.0	0.0168067	0.0	0.0	0.0097087	0.0086957	0.0	0.0179641	0.0	0.0064103	0.0	0.0	0.0	0.0	0.0	0.0015	0.0	0.0	0.0	0.0	0.0	0.0	0.0	0.0	0.0	0.0	0.0	0.0	0.0	0.0	0.0	0.0	0.0	0.0	0.0	0.0	0.0	0.0	
Échasse blanche	0.0	0.0	0.0	0.0	0.0	0.0	0.0	0.0	0.0	0.0	0.0	0.0084034	0.0625	0.1308411	0.0970874	0.1217391	0.0985915	0.1676647	0.1621622	0.1538462	0.0888889	0.0707071	0.0684932	0.0437956	0.0277778	0.0839695	0.0652174	0.0775862	0.0434783	0.0689655	0.0608696	0.015748	0.0015	0.0	0.0	0.0	0.0	0.0	0.0	0.0	0.0	0.0	0.0	0.0	0.0	0.0	0.0	0.0	
Avocette élégante	0.030303	0.0	0.0172414	0.0634921	0.030303	0.0666667	0.0422535	0.097561	0.2027027	0.2272727	0.2678571	0.2184874	0.1517857	0.2616822	0.3009709	0.2173913	0.2112676	0.2634731	0.2297297	0.2564103	0.2	0.2323232	0.2328767	0.1824818	0.1759259	0.1832061	0.1847826	0.1896552	0.0869565	0.0229885	0.026087	0.0551181	0.0540541	0.0285714	0.0	0.0165289	0.011236	0.0	0.0091743	0.005814	0.0	0.025641	0.0	0.0166667	0.0	0.0	0.0377358	0.0097087	
Huîtrier pie	0.1060606	0.057971	0.1034483	0.0793651	0.0909091	0.1166667	0.0704225	0.0609756	0.0810811	0.1590909	0.0892857	0.210084	0.125	0.2056075	0.223301	0.2173913	0.1901408	0.2634731	0.2567568	0.1538462	0.2	0.2222222	0.2054795	0.1532847	0.2407407	0.2519084	0.2934783	0.2672414	0.226087	0.091954	0.0869565	0.0787402	0.1171171	0.1428571	0.1047619	0.0661157	0.0786517	0.0588235	0.0825688	0.0755814	0.125	0.0769231	0.0606061	0.1166667	0.1136364	0.1176471	0.1132075	0.0679612	
Pluvier argenté	0.0757576	0.057971	0.0862069	0.0634921	0.0757576	0.05	0.0422535	0.0121951	0.0015	0.0340909	0.0178571	0.0420168	0.0089286	0.0280374	0.0776699	0.1478261	0.1267606	0.1796407	0.0810811	0.0641026	0.0333333	0.0	0.0136986	0.0145985	0.0092593	0.0	0.0	0.0517241	0.0695652	0.0229885	0.0695652	0.0472441	0.0720721	0.0285714	0.1142857	0.0413223	0.0786517	0.0672269	0.1192661	0.0406977	0.0833333	0.0897436	0.0757576	0.05	0.0909091	0.0	0.0	0.0485437	
Pluvier doré	0.1060606	0.1594203	0.1034483	0.1111111	0.0606061	0.1	0.0704225	0.0487805	0.0540541	0.0227273	0.0178571	0.0084034	0.0178571	0.0	0.0	0.0173913	0.0211268	0.0	0.0	0.0064103	0.0	0.010101	0.0	0.0072993	0.0	0.0152672	0.0108696	0.0775862	0.026087	0.0689655	0.0434783	0.0393701	0.0990991	0.0857143	0.0190476	0.0413223	0.0449438	0.0420168	0.0458716	0.0581395	0.0694444	0.0384615	0.0454545	0.0166667	0.0454545	0.0784314	0.0377358	0.0679612	
Guignard d’Eurasie	0.0	0.0	0.0	0.0	0.0	0.0	0.0	0.0	0.0	0.0	0.0	0.0	0.0	0.0	0.0015	0.0	0.0	0.0015	0.0	0.0	0.0	0.0	0.0	0.0	0.0	0.0	0.0	0.0	0.0	0.0	0.0086957	0.007874	0.009009	0.0142857	0.0	0.0	0.0	0.0	0.0	0.0	0.0	0.0	0.0	0.0	0.0	0.0196078	0.0	0.0	
Grand Gravelot	0.1515152	0.0434783	0.1034483	0.1269841	0.1363636	0.1333333	0.1126761	0.0853659	0.1081081	0.1704545	0.125	0.0756303	0.0892857	0.046729	0.0776699	0.0869565	0.1901408	0.1916168	0.2027027	0.1923077	0.1222222	0.0808081	0.0684932	0.0656934	0.1203704	0.1221374	0.1521739	0.1293103	0.1652174	0.1034483	0.1652174	0.2125984	0.2342342	0.2	0.3047619	0.0909091	0.1235955	0.1008403	0.1376147	0.0872093	0.0833333	0.1282051	0.030303	0.05	0.1136364	0.0980392	0.0943396	0.0873786	
Petit Gravelot	0.0	0.0	0.0	0.0	0.0	0.0	0.0	0.0	0.0135135	0.0	0.0357143	0.0672269	0.0714286	0.1682243	0.1941748	0.1130435	0.0774648	0.1377246	0.1081081	0.1089744	0.1111111	0.0808081	0.1232877	0.1167883	0.1111111	0.129771	0.1521739	0.1551724	0.0869565	0.0804598	0.0347826	0.0551181	0.045045	0.0285714	0.0190476	0.0082645	0.011236	0.0	0.0091743	0.0	0.0	0.0	0.0	0.0	0.0	0.0	0.0	0.0	
Vanneau huppé	0.2727273	0.3333333	0.2931034	0.2539683	0.1515152	0.3	0.3380282	0.2195122	0.2027027	0.375	0.3214286	0.2436975	0.2410714	0.4766355	0.3398058	0.3304348	0.3098592	0.3712575	0.277027	0.3589744	0.2888889	0.2525253	0.2876712	0.2335766	0.2222222	0.2671756	0.3043478	0.3189655	0.2173913	0.1609195	0.1826087	0.1574803	0.2162162	0.1857143	0.1809524	0.1818182	0.1011236	0.1512605	0.2293578	0.0988372	0.1111111	0.1410256	0.1060606	0.2	0.2727273	0.2156863	0.1509434	0.1747573	
Gravelot à collier interrompu	0.0	0.0	0.0	0.0	0.0	0.0	0.0	0.0	0.0	0.0	0.0	0.0084034	0.0178571	0.0093458	0.038835	0.0173913	0.0704225	0.0658683	0.0878378	0.0384615	0.0666667	0.0505051	0.0547945	0.0291971	0.037037	0.0534351	0.0434783	0.0431034	0.0434783	0.0015	0.0434783	0.0472441	0.045045	0.0142857	0.0285714	0.0165289	0.0	0.0168067	0.0	0.0	0.0	0.0	0.0	0.0	0.0	0.0	0.0	0.0	
Charadriidae sp.	0.0	0.0	0.0	0.0	0.0	0.0	0.0	0.0	0.0	0.0	0.0	0.0	0.0	0.0	0.0015	0.0	0.0	0.0	0.0	0.0	0.0	0.0	0.0	0.0	0.0	0.0	0.0	0.0	0.0	0.0	0.0	0.0	0.0	0.0	0.0	0.0	0.0	0.0	0.0	0.0	0.0	0.0	0.0	0.0	0.0	0.0	0.0	0.0	
Courlis corlieu	0.0	0.0	0.0	0.0	0.0	0.0	0.0	0.0	0.0	0.0	0.0	0.0	0.0178571	0.1028037	0.1650485	0.2695652	0.2535211	0.2035928	0.0743243	0.0128205	0.0222222	0.010101	0.0136986	0.0437956	0.0925926	0.1068702	0.2173913	0.2241379	0.2	0.091954	0.1304348	0.1259843	0.0720721	0.1428571	0.0380952	0.0082645	0.011236	0.0	0.0	0.0	0.0	0.0	0.0	0.0	0.0	0.0	0.0	0.0	
Courlis cendré	0.1212121	0.173913	0.1724138	0.1269841	0.1818182	0.1333333	0.084507	0.1097561	0.0945946	0.125	0.1071429	0.092437	0.0357143	0.0654206	0.0582524	0.026087	0.0422535	0.0479042	0.0405405	0.0384615	0.0222222	0.0505051	0.0410959	0.1094891	0.037037	0.0839695	0.0869565	0.0948276	0.0956522	0.045977	0.0782609	0.1023622	0.1171171	0.1428571	0.152381	0.0991736	0.0674157	0.0756303	0.0825688	0.0639535	0.0555556	0.0897436	0.1212121	0.1	0.1590909	0.0196078	0.0754717	0.1553398	
Barge rousse	0.0151515	0.0	0.0172414	0.015873	0.0	0.0333333	0.0	0.0121951	0.0135135	0.0227273	0.0	0.0168067	0.0089286	0.0280374	0.0970874	0.1478261	0.1549296	0.0479042	0.0337838	0.0128205	0.0111111	0.0	0.0136986	0.0072993	0.0	0.0076336	0.0217391	0.0258621	0.026087	0.0	0.0347826	0.007874	0.0990991	0.1428571	0.0380952	0.0330579	0.0337079	0.0168067	0.0183486	0.0174419	0.0277778	0.025641	0.0151515	0.0166667	0.0	0.0	0.0	0.0	
Barge à queue noire	0.0	0.0	0.0	0.0	0.0151515	0.0166667	0.056338	0.0121951	0.0945946	0.1022727	0.1607143	0.0504202	0.0714286	0.1121495	0.0194175	0.0173913	0.0140845	0.0239521	0.0202703	0.025641	0.0111111	0.010101	0.0	0.0510949	0.0277778	0.0381679	0.076087	0.0948276	0.0521739	0.0229885	0.0434783	0.023622	0.018018	0.0142857	0.0095238	0.0082645	0.0015	0.0	0.0	0.0	0.0138889	0.0	0.0	0.0	0.0	0.0	0.0	0.0015	
Barge rouse ou B. à queue noire	0.0	0.0	0.0	0.0	0.0	0.0	0.0	0.0	0.0	0.0	0.0	0.0	0.0	0.0	0.0	0.0086957	0.0	0.0	0.0	0.0	0.0	0.0	0.0	0.0	0.0	0.0	0.0	0.0	0.0	0.0	0.0	0.0	0.0	0.0	0.0	0.0	0.0	0.0	0.0	0.0	0.0	0.0	0.0	0.0	0.0	0.0	0.0	0.0	
Bécassine sourde	0.0015	0.0	0.0	0.031746	0.030303	0.0166667	0.0140845	0.0121951	0.027027	0.0113636	0.0	0.0	0.0	0.0093458	0.0	0.0	0.0	0.0	0.0	0.0	0.0	0.0	0.0	0.0	0.0	0.0	0.0	0.0	0.0	0.0	0.0	0.0	0.0	0.0	0.0	0.0	0.011236	0.0	0.0183486	0.0116279	0.0277778	0.025641	0.0151515	0.0166667	0.0227273	0.0196078	0.0	0.0015	
Bécasse des bois	0.030303	0.0	0.0	0.0	0.0151515	0.0015	0.0140845	0.0	0.0	0.0	0.0178571	0.0	0.0	0.0	0.0	0.0	0.0	0.0	0.0	0.0	0.0	0.0	0.0	0.0	0.0	0.0	0.0	0.0	0.0	0.0	0.0086957	0.0	0.0	0.0	0.0095238	0.0	0.0	0.0	0.0	0.0116279	0.0277778	0.025641	0.0	0.0166667	0.0227273	0.0392157	0.0	0.038835	
Bécassine des marais	0.1363636	0.1594203	0.2068966	0.3015873	0.1212121	0.15	0.1971831	0.0853659	0.0945946	0.1477273	0.1607143	0.1092437	0.0803571	0.1401869	0.1262136	0.1130435	0.0352113	0.005988	0.0067568	0.0128205	0.0	0.010101	0.0136986	0.0145985	0.0	0.0076336	0.0652174	0.1034483	0.0956522	0.1034483	0.1217391	0.1338583	0.1351351	0.1714286	0.0952381	0.0826446	0.1460674	0.1092437	0.2385321	0.0988372	0.0972222	0.0769231	0.1060606	0.1833333	0.3181818	0.1764706	0.0754717	0.1359223	
Gallinago sp.	0.0	0.0	0.0	0.0	0.0	0.0	0.0	0.0	0.0	0.0	0.0	0.0	0.0	0.0	0.0	0.0	0.0	0.0	0.0	0.0	0.0	0.0	0.0	0.0	0.0	0.0	0.0	0.0	0.0	0.0	0.0	0.0	0.0	0.0	0.0	0.0	0.0	0.0	0.0	0.005814	0.0	0.0	0.0	0.0	0.0	0.0	0.0	0.0	
Phalarope à bec large	0.0	0.0	0.0	0.0	0.0	0.0	0.0	0.0	0.0	0.0	0.0	0.0	0.0	0.0	0.0	0.0	0.0	0.0	0.0	0.0	0.0	0.0	0.0	0.0	0.0	0.0	0.0	0.0	0.0	0.0	0.0	0.0	0.0	0.0	0.0	0.0082645	0.011236	0.0168067	0.0091743	0.0116279	0.0277778	0.025641	0.0015	0.0333333	0.0	0.0	0.0	0.0	
Phalarope à bec étroit	0.0	0.0	0.0	0.0	0.0	0.0	0.0	0.0	0.0	0.0	0.0	0.0	0.0	0.0	0.0	0.0	0.0	0.0	0.0	0.0	0.0	0.0	0.0	0.0	0.0	0.0	0.0	0.0	0.0	0.0	0.0	0.0	0.0	0.0	0.0095238	0.0	0.0	0.0	0.0	0.0	0.0	0.0	0.0	0.0	0.0	0.0	0.0	0.0	
Chevalier bargette	0.0	0.0	0.0	0.0	0.0	0.0	0.0	0.0	0.0	0.0	0.0	0.0	0.0	0.0	0.0	0.0	0.0	0.0	0.0	0.0064103	0.0444444	0.0	0.0	0.0	0.0	0.0	0.0	0.0	0.0	0.0	0.0	0.0	0.0	0.0	0.0	0.0	0.0	0.0	0.0	0.0	0.0	0.0	0.0	0.0	0.0	0.0	0.0	0.0	
Chevalier guignette	0.0	0.0	0.0	0.0	0.0	0.0	0.0	0.0	0.0	0.0	0.0	0.0084034	0.0	0.1028037	0.1553398	0.2	0.2464789	0.2874251	0.1351351	0.0769231	0.0222222	0.0	0.0273973	0.0218978	0.0925926	0.2061069	0.3586957	0.4224138	0.2869565	0.2298851	0.2782609	0.2755906	0.1981982	0.2571429	0.152381	0.0909091	0.0561798	0.0336134	0.0183486	0.0290698	0.0	0.025641	0.0	0.0	0.0	0.0	0.0	0.0	
Chevalier culblanc	0.0015	0.0144928	0.0172414	0.0	0.0151515	0.0166667	0.0140845	0.0	0.0135135	0.0113636	0.0015	0.0084034	0.0446429	0.046729	0.1165049	0.0521739	0.0070423	0.011976	0.0067568	0.0	0.0	0.020202	0.0547945	0.1167883	0.1111111	0.0992366	0.2391304	0.2586207	0.1304348	0.1724138	0.1652174	0.1496063	0.1171171	0.1142857	0.047619	0.0413223	0.0337079	0.0252101	0.0183486	0.0116279	0.0138889	0.0128205	0.0015	0.0166667	0.0227273	0.0392157	0.0	0.0	
Chevalier stagnatile	0.0	0.0	0.0	0.0	0.0	0.0	0.0	0.0	0.0	0.0	0.0	0.0	0.0	0.0093458	0.0097087	0.0	0.0	0.0	0.0	0.0	0.0	0.0	0.0	0.0	0.0	0.0	0.0	0.0	0.0	0.0	0.0	0.0	0.0	0.0	0.0	0.0	0.0	0.0	0.0	0.0	0.0	0.0	0.0	0.0	0.0	0.0	0.0	0.0	
Chevalier sylvain	0.0	0.0	0.0	0.0	0.0	0.0	0.0	0.0	0.0	0.0	0.0	0.0	0.0	0.0093458	0.0097087	0.0608696	0.084507	0.0598802	0.027027	0.0320513	0.0	0.0	0.0	0.0218978	0.0	0.0152672	0.0652174	0.0862069	0.026087	0.0574713	0.0695652	0.0708661	0.036036	0.0142857	0.0380952	0.0247934	0.011236	0.0084034	0.0	0.0	0.0	0.0	0.0	0.0	0.0	0.0	0.0	0.0	
Chevalier gambette	0.030303	0.0724638	0.0517241	0.0634921	0.0606061	0.0333333	0.028169	0.0365854	0.0945946	0.1477273	0.1607143	0.1344538	0.1160714	0.1775701	0.1941748	0.2086957	0.2676056	0.2874251	0.1891892	0.1923077	0.1111111	0.1313131	0.1369863	0.0729927	0.0833333	0.1450382	0.1630435	0.1982759	0.0956522	0.0804598	0.1043478	0.1496063	0.1711712	0.1	0.1428571	0.0578512	0.0449438	0.0168067	0.0366972	0.0290698	0.0555556	0.0384615	0.0151515	0.0	0.0454545	0.0	0.0188679	0.038835	
Chevalier à pattes jaunes	0.0	0.0	0.0	0.0	0.0	0.0	0.0	0.0	0.0	0.0	0.0	0.0	0.0	0.0	0.0097087	0.0	0.0	0.0	0.0	0.0	0.0	0.0	0.0	0.0	0.0	0.0	0.0	0.0	0.0	0.0	0.0	0.0	0.0	0.0	0.0	0.0	0.0	0.0	0.0	0.0	0.0	0.0	0.0	0.0	0.0	0.0	0.0	0.0	
Chevalier arlequin	0.0	0.0	0.0172414	0.0	0.0015	0.0166667	0.056338	0.0121951	0.027027	0.0227273	0.0	0.0420168	0.0178571	0.0654206	0.0582524	0.0173913	0.0140845	0.005988	0.0067568	0.0	0.0111111	0.0	0.0	0.0	0.0015	0.0152672	0.0217391	0.0172414	0.026087	0.0344828	0.0173913	0.015748	0.018018	0.0	0.0380952	0.0247934	0.0337079	0.0168067	0.0183486	0.005814	0.0	0.0	0.0151515	0.0166667	0.0	0.0196078	0.0	0.0097087	
Chevalier aboyeur	0.0	0.0	0.0015	0.0	0.0	0.0166667	0.0140845	0.0	0.0	0.0	0.0	0.0	0.0178571	0.1028037	0.1553398	0.1652174	0.2183099	0.1976048	0.0675676	0.0641026	0.0222222	0.040404	0.0136986	0.0510949	0.0092593	0.0916031	0.1086957	0.0775862	0.0347826	0.045977	0.1304348	0.1259843	0.1531532	0.0857143	0.0857143	0.0413223	0.0224719	0.0168067	0.0	0.0116279	0.0	0.0	0.0	0.0	0.0227273	0.0	0.0	0.0	
Tournepierre à collier	0.1363636	0.1014493	0.0862069	0.0952381	0.1515152	0.2	0.056338	0.2073171	0.0945946	0.0909091	0.0714286	0.0420168	0.0714286	0.0186916	0.038835	0.0869565	0.0915493	0.0538922	0.027027	0.0448718	0.0222222	0.010101	0.0	0.0072993	0.0092593	0.0076336	0.0108696	0.0517241	0.0695652	0.045977	0.1217391	0.1181102	0.1351351	0.2	0.1619048	0.0165289	0.0674157	0.0840336	0.0825688	0.1046512	0.1527778	0.1025641	0.030303	0.0833333	0.1363636	0.1372549	0.1132075	0.0776699	
Bécasseau maubèche	0.0151515	0.0289855	0.0172414	0.047619	0.0151515	0.0166667	0.0140845	0.0	0.027027	0.0340909	0.0015	0.0336134	0.0	0.0015	0.0	0.0956522	0.1126761	0.0778443	0.0540541	0.0384615	0.0111111	0.0	0.0136986	0.0072993	0.0185185	0.0015	0.0	0.0172414	0.0869565	0.0229885	0.0521739	0.0472441	0.0990991	0.1428571	0.1619048	0.0330579	0.0449438	0.0168067	0.0458716	0.0290698	0.0138889	0.0512821	0.030303	0.0166667	0.0454545	0.0	0.0188679	0.0291262	
Combattant varié	0.0151515	0.0289855	0.0172414	0.031746	0.0151515	0.0166667	0.0	0.0243902	0.0135135	0.1477273	0.1785714	0.0336134	0.0803571	0.1775701	0.1456311	0.0521739	0.0915493	0.0598802	0.0472973	0.0128205	0.0111111	0.020202	0.0	0.0364964	0.0092593	0.0687023	0.0869565	0.0603448	0.026087	0.0229885	0.0869565	0.0866142	0.0900901	0.0714286	0.0952381	0.0578512	0.0449438	0.0252101	0.0275229	0.005814	0.0138889	0.0	0.0	0.0	0.0	0.0196078	0.0	0.0194175	
Bécasseau falcinelle	0.0	0.0	0.0	0.0	0.0	0.0	0.0	0.0	0.0	0.0	0.0	0.0	0.0	0.0	0.0	0.0	0.0	0.0	0.0	0.0	0.0	0.010101	0.0	0.0	0.0	0.0	0.0	0.0	0.0	0.0	0.0	0.007874	0.0	0.0	0.0	0.0	0.0	0.0	0.0	0.0	0.0	0.0	0.0	0.0	0.0	0.0	0.0	0.0	
Bécasseau cocorli	0.0	0.0	0.0	0.0	0.0	0.0	0.0	0.0	0.0	0.0	0.0	0.0	0.0	0.0	0.0	0.0086957	0.0633803	0.0179641	0.0202703	0.0	0.0111111	0.010101	0.0	0.0072993	0.0	0.0152672	0.0652174	0.0862069	0.026087	0.0	0.0173913	0.0551181	0.0900901	0.0714286	0.0571429	0.0330579	0.0224719	0.0	0.0183486	0.0	0.0	0.0	0.0	0.0	0.0	0.0	0.0	0.0	
Bécasseau de Temminck	0.0	0.0	0.0	0.0	0.0	0.0	0.0	0.0	0.0	0.0	0.0	0.0	0.0	0.0	0.0194175	0.0434783	0.028169	0.0479042	0.027027	0.0	0.0	0.0	0.0	0.0	0.0	0.0	0.0	0.0172414	0.0173913	0.0	0.0	0.007874	0.009009	0.0285714	0.0	0.0	0.0	0.0	0.0	0.0	0.0	0.0	0.0	0.0	0.0	0.0	0.0	0.0	
Bécasseau rousset	0.0	0.0	0.0	0.0	0.0	0.0	0.0	0.0	0.0	0.0	0.0	0.0	0.0	0.0	0.0	0.0	0.0211268	0.0	0.0	0.0	0.0	0.0	0.0	0.0	0.0	0.0	0.0	0.0	0.0	0.0	0.0	0.0	0.0	0.0	0.0	0.0	0.0	0.0	0.0	0.0	0.0	0.0	0.0	0.0	0.0	0.0	0.0	0.0	
Bécasseau sanderling	0.1818182	0.173913	0.1896552	0.1904762	0.1515152	0.1166667	0.1126761	0.0243902	0.0945946	0.0909091	0.0714286	0.0588235	0.0267857	0.046729	0.0291262	0.0695652	0.0492958	0.0838323	0.0878378	0.0641026	0.0222222	0.010101	0.0	0.0072993	0.0092593	0.0229008	0.0108696	0.0689655	0.026087	0.0229885	0.1043478	0.1102362	0.1171171	0.0714286	0.1904762	0.0909091	0.0674157	0.1008403	0.1192661	0.0930233	0.0972222	0.2179487	0.1363636	0.15	0.2272727	0.1960784	0.1698113	0.2038835	
Bécasseau variable	0.1818182	0.1594203	0.1206897	0.1587302	0.1666667	0.0833333	0.0704225	0.0609756	0.1216216	0.25	0.1785714	0.1512605	0.0357143	0.1214953	0.0776699	0.1304348	0.1338028	0.1197605	0.1148649	0.0641026	0.0555556	0.0707071	0.0410959	0.0218978	0.0277778	0.0916031	0.1195652	0.1724138	0.1391304	0.1149425	0.1217391	0.1889764	0.1981982	0.1857143	0.2666667	0.0991736	0.1348315	0.1092437	0.1376147	0.122093	0.1111111	0.2307692	0.2121212	0.15	0.2727273	0.1372549	0.1132075	0.1747573	
Bécasseau violet	0.0606061	0.0434783	0.0172414	0.015873	0.0454545	0.05	0.0	0.0365854	0.0135135	0.0340909	0.0	0.0252101	0.0089286	0.0015	0.0	0.0	0.0	0.0	0.0	0.0	0.0	0.0	0.0	0.0	0.0	0.0	0.0	0.0	0.0	0.0	0.0	0.0	0.018018	0.0	0.0095238	0.0	0.0	0.0	0.0183486	0.0290698	0.0277778	0.0128205	0.0151515	0.05	0.0	0.0588235	0.0188679	0.0097087	
Bécasseau minute	0.0	0.0144928	0.0	0.0	0.0	0.0	0.0	0.0	0.0	0.0	0.0	0.0	0.0	0.0186916	0.0194175	0.026087	0.0492958	0.0419162	0.0472973	0.0320513	0.0111111	0.020202	0.0	0.0	0.0	0.0229008	0.0652174	0.0689655	0.0608696	0.045977	0.0608696	0.0787402	0.0630631	0.1	0.0761905	0.0495868	0.0449438	0.0084034	0.0458716	0.0	0.0	0.025641	0.0	0.0	0.0	0.0	0.0	0.0097087	
Bécasseau de Bonaparte	0.0	0.0	0.0	0.0	0.0	0.0	0.0	0.0	0.0	0.0	0.0	0.0	0.0	0.0	0.0	0.0	0.0140845	0.0	0.0	0.0	0.0	0.0	0.0	0.0	0.0	0.0	0.0	0.0	0.0	0.0	0.0	0.0	0.0	0.0	0.0	0.0	0.0	0.0	0.0	0.0	0.0	0.0	0.0	0.0	0.0	0.0196078	0.0	0.0	
Bécasseau tacheté	0.0	0.0	0.0	0.0	0.0	0.0	0.0	0.0	0.0	0.0	0.0	0.0	0.0	0.0	0.0	0.0	0.0	0.0	0.0135135	0.0064103	0.0	0.0	0.0	0.0	0.0	0.0	0.0	0.0	0.0	0.0	0.0	0.0	0.0	0.0	0.0	0.0	0.0	0.0	0.0	0.0	0.0	0.0	0.0	0.0	0.0	0.0	0.0	0.0	
Calidris sp. (petit bécasseau sp.)	0.0151515	0.0	0.0	0.0	0.0	0.0	0.0	0.0015	0.0	0.0	0.0178571	0.0	0.0	0.0	0.0	0.0086957	0.0	0.005988	0.0	0.0	0.0	0.0	0.0	0.0	0.0	0.0	0.0	0.0	0.0	0.0	0.0	0.0	0.018018	0.0	0.0	0.0	0.0	0.0084034	0.0	0.0	0.0	0.0	0.0015	0.0	0.0	0.0	0.0	0.0	
grand limicole sp.	0.0	0.0	0.0	0.0	0.0	0.0	0.0	0.0	0.0	0.0	0.0	0.0	0.0	0.0	0.0	0.0	0.0	0.0	0.0	0.0	0.0	0.0	0.0	0.0	0.0	0.0	0.0	0.0	0.0	0.0	0.0086957	0.0	0.0	0.0	0.0	0.0	0.0	0.0	0.0	0.0	0.0	0.0	0.0	0.0	0.0	0.0	0.0	0.0	
limicole sp.	0.0	0.0	0.0	0.0	0.0	0.0	0.0140845	0.0	0.0	0.0	0.0	0.0	0.0	0.0	0.0097087	0.0086957	0.0	0.011976	0.0	0.0	0.0	0.0	0.0	0.0	0.0	0.0229008	0.0	0.0	0.0	0.0	0.0173913	0.007874	0.0	0.0	0.0	0.0	0.0	0.0	0.0	0.005814	0.0	0.0	0.0	0.0	0.0	0.0	0.0	0.0	
Labbe à longue queue	0.0	0.0	0.0	0.0	0.0	0.0	0.0	0.0	0.0	0.0	0.0	0.0	0.0	0.0	0.0	0.0	0.0	0.0	0.0	0.0	0.0	0.010101	0.0	0.0	0.0	0.0	0.0	0.0	0.0	0.0	0.0086957	0.0	0.009009	0.0857143	0.0285714	0.0	0.0224719	0.0252101	0.0183486	0.0116279	0.0138889	0.0	0.0	0.0	0.0	0.0	0.0	0.0	
Labbe parasite	0.0015	0.0	0.0	0.0	0.0	0.0	0.0	0.0	0.0135135	0.0113636	0.0	0.0168067	0.0267857	0.0373832	0.0582524	0.0521739	0.0492958	0.011976	0.0	0.0	0.0	0.0	0.0136986	0.0	0.0	0.0076336	0.0	0.0086207	0.0521739	0.0229885	0.0434783	0.0393701	0.0540541	0.1714286	0.0952381	0.0661157	0.1348315	0.0588235	0.0458716	0.0813953	0.0277778	0.0641026	0.0454545	0.0	0.0	0.0392157	0.0	0.0	
Labbe pomarin	0.0	0.0	0.0	0.0	0.0	0.0	0.0	0.0	0.0	0.0	0.0	0.0	0.0	0.0	0.0194175	0.0	0.0070423	0.0	0.0	0.0	0.0	0.0	0.0	0.0	0.0	0.0	0.0	0.0086207	0.0	0.0	0.0015	0.007874	0.009009	0.0428571	0.0380952	0.0330579	0.011236	0.0420168	0.0275229	0.0174419	0.0138889	0.0384615	0.0151515	0.0	0.0	0.0	0.0	0.0015	
Grand Labbe	0.030303	0.057971	0.0689655	0.031746	0.0151515	0.0166667	0.0140845	0.0243902	0.027027	0.0340909	0.0178571	0.0168067	0.0267857	0.0186916	0.0582524	0.0347826	0.0211268	0.011976	0.0	0.0064103	0.0111111	0.0	0.0	0.0	0.0	0.0076336	0.0108696	0.0258621	0.0521739	0.0229885	0.0434783	0.0314961	0.0540541	0.0857143	0.1142857	0.0165289	0.0786517	0.0252101	0.0550459	0.0348837	0.0277778	0.1025641	0.0909091	0.0166667	0.0454545	0.0588235	0.0377358	0.0291262	
Labbe pomarin, L. parasite ou L. à longue queue	0.0	0.0	0.0	0.0	0.0	0.0	0.0	0.0	0.0	0.0	0.0	0.0	0.0	0.0	0.0	0.0	0.0	0.0	0.0	0.0	0.0111111	0.0	0.0	0.0	0.0	0.0	0.0	0.0	0.0	0.0	0.0	0.023622	0.0	0.0142857	0.0095238	0.0165289	0.0337079	0.0084034	0.0	0.0116279	0.0	0.0128205	0.0	0.0	0.0	0.0	0.0	0.0097087	
labbe sp.	0.0	0.0	0.0	0.0	0.0	0.0	0.0	0.0	0.0	0.0	0.0	0.0	0.0	0.0	0.0	0.0	0.0	0.0	0.0	0.0	0.0	0.0	0.0	0.0	0.0	0.0	0.0	0.0	0.0	0.0	0.0	0.0	0.0	0.0	0.0	0.0015	0.0015	0.0	0.0	0.0	0.0015	0.0	0.0	0.0	0.0	0.0	0.0	0.0	
Macareux moine	0.0	0.0144928	0.0	0.0	0.0	0.0	0.0	0.0	0.0	0.0	0.0	0.0	0.0	0.0	0.0	0.0	0.0	0.0	0.0	0.0	0.0	0.0	0.0	0.0	0.0	0.0	0.0	0.0	0.0	0.0	0.0	0.0	0.0	0.0	0.0	0.0	0.0	0.0084034	0.0	0.0116279	0.0	0.0	0.0	0.0	0.0	0.0	0.0	0.0	
Guillemot à miroir	0.0	0.0	0.0	0.0	0.0	0.0	0.0	0.0	0.0	0.0	0.0	0.0	0.0	0.0	0.0	0.0	0.0	0.0	0.0	0.0	0.0	0.0	0.0	0.0	0.0	0.0	0.0	0.0	0.0	0.0	0.0	0.0	0.0	0.0	0.0	0.0082645	0.0	0.0	0.0	0.005814	0.0	0.0	0.0	0.0	0.0	0.0	0.0	0.0	
Pingouin torda	0.0757576	0.1014493	0.137931	0.0793651	0.1060606	0.0833333	0.0140845	0.0609756	0.0540541	0.0227273	0.0535714	0.0336134	0.0	0.0280374	0.0097087	0.0347826	0.0140845	0.005988	0.0	0.0	0.0	0.010101	0.0	0.0	0.0	0.0015	0.0	0.0	0.0173913	0.0015	0.0086957	0.0	0.009009	0.0	0.0190476	0.0330579	0.0898876	0.1008403	0.1192661	0.1511628	0.1388889	0.1666667	0.1515152	0.0666667	0.0454545	0.0588235	0.0566038	0.038835	
Mergule nain	0.0	0.0	0.0	0.0	0.0	0.0	0.0140845	0.0	0.0	0.0	0.0	0.0	0.0	0.0	0.0	0.0	0.0	0.0	0.0	0.0	0.0	0.0	0.0	0.0	0.0	0.0	0.0	0.0	0.0	0.0	0.0	0.0	0.0	0.0	0.0	0.0	0.0	0.0	0.0	0.0015	0.0138889	0.0	0.0015	0.0	0.0	0.0	0.0	0.0015	
Guillemot de Troïl	0.0454545	0.057971	0.1551724	0.1111111	0.0757576	0.05	0.0422535	0.0853659	0.0540541	0.0568182	0.0535714	0.0756303	0.0089286	0.046729	0.038835	0.0434783	0.028169	0.011976	0.0067568	0.0	0.0222222	0.0	0.0	0.0	0.0	0.0015	0.0	0.0	0.0173913	0.0015	0.0	0.0	0.009009	0.0	0.0095238	0.0247934	0.1011236	0.0672269	0.0642202	0.122093	0.0833333	0.0897436	0.1363636	0.05	0.0454545	0.0392157	0.0754717	0.1067961	
Alca ou Uria sp.	0.0151515	0.057971	0.0862069	0.047619	0.0757576	0.0333333	0.028169	0.0365854	0.0	0.0340909	0.0535714	0.0168067	0.0089286	0.0373832	0.0485437	0.0347826	0.0	0.0	0.0	0.0	0.0111111	0.0	0.0	0.0	0.0	0.0	0.0	0.0	0.0173913	0.0	0.0	0.007874	0.0	0.0142857	0.0095238	0.0165289	0.0224719	0.0252101	0.0275229	0.0174419	0.0277778	0.0897436	0.0606061	0.05	0.0681818	0.0392157	0.0	0.0097087	
alcidé sp.	0.0151515	0.0	0.0	0.031746	0.0	0.0166667	0.0	0.0	0.0	0.0	0.0	0.0084034	0.0089286	0.0	0.0	0.0086957	0.0	0.0	0.0	0.0	0.0	0.0	0.0	0.0	0.0	0.0	0.0	0.0	0.0086957	0.0	0.0	0.0	0.0	0.0	0.0095238	0.0165289	0.0224719	0.0084034	0.0015	0.0697674	0.0277778	0.025641	0.030303	0.0166667	0.0	0.0	0.0	0.0097087	
Mouette pygmée	0.030303	0.057971	0.0517241	0.015873	0.0	0.0333333	0.028169	0.0	0.0135135	0.0568182	0.125	0.0840336	0.0446429	0.1121495	0.1165049	0.0869565	0.056338	0.0419162	0.0540541	0.0576923	0.0333333	0.010101	0.0547945	0.0145985	0.0277778	0.0381679	0.0543478	0.0258621	0.0956522	0.0	0.0173913	0.007874	0.018018	0.0142857	0.047619	0.0330579	0.0561798	0.0756303	0.0917431	0.122093	0.1111111	0.1666667	0.1515152	0.05	0.0681818	0.0588235	0.0188679	0.0097087	
Mouette tridactyle	0.1212121	0.1304348	0.137931	0.1269841	0.1363636	0.1166667	0.084507	0.1829268	0.1756757	0.1363636	0.1607143	0.2016807	0.1071429	0.1028037	0.1067961	0.1043478	0.1126761	0.0838323	0.0675676	0.1346154	0.0777778	0.1414141	0.0958904	0.0948905	0.0833333	0.0687023	0.1304348	0.1293103	0.2	0.0689655	0.1130435	0.1102362	0.045045	0.1428571	0.0952381	0.0413223	0.0561798	0.0756303	0.0917431	0.1337209	0.1388889	0.1666667	0.2121212	0.1166667	0.0909091	0.1764706	0.0377358	0.1165049	
Mouette de Sabine	0.0	0.0	0.0	0.0	0.0	0.0	0.0	0.0	0.0	0.0	0.0	0.0	0.0	0.0	0.0	0.0	0.0	0.0	0.0	0.0	0.0	0.0	0.0	0.0	0.0	0.0	0.0	0.0	0.0086957	0.0	0.0	0.0	0.009009	0.0	0.0095238	0.0	0.0337079	0.0252101	0.0275229	0.0116279	0.0277778	0.0	0.0151515	0.0	0.0	0.0	0.0	0.0	
Mouette de Bonaparte	0.0	0.0	0.0	0.0	0.0	0.0	0.0	0.0	0.0	0.0	0.0	0.0	0.0	0.0	0.0	0.0	0.0	0.0	0.0	0.0	0.0	0.0	0.0	0.0	0.0	0.0	0.0	0.0	0.0	0.0	0.0	0.0	0.0	0.0	0.0	0.0	0.0	0.0	0.0	0.0	0.0138889	0.0	0.0	0.0	0.0	0.0	0.0	0.0	
Mouette rieuse	0.7272727	0.5072464	0.637931	0.5873016	0.6212121	0.5666667	0.4929577	0.5365854	0.5675676	0.5227273	0.6071429	0.4705882	0.4375	0.635514	0.4854369	0.4521739	0.5352113	0.4610778	0.4864865	0.4679487	0.4111111	0.4545455	0.4794521	0.4963504	0.5277778	0.6259542	0.6413043	0.7068966	0.5565217	0.5402299	0.6434783	0.6377953	0.5945946	0.6571429	0.6190476	0.5619835	0.5505618	0.6134454	0.6330275	0.5465116	0.5833333	0.5128205	0.6212121	0.4333333	0.6818182	0.627451	0.5849057	0.6116505	
Mouette de Franklin	0.0	0.0	0.0015	0.0	0.0	0.0	0.0	0.0	0.0	0.0	0.0	0.0	0.0	0.0	0.0	0.0	0.0	0.0	0.0	0.0	0.0	0.0	0.0	0.0	0.0	0.0	0.0	0.0	0.0	0.0	0.0	0.0	0.0	0.0	0.0	0.0	0.0	0.0	0.0	0.0	0.0	0.0	0.0	0.0	0.0	0.0	0.0	0.0	
Mouette mélanocéphale	0.1060606	0.0869565	0.1034483	0.0793651	0.1060606	0.1166667	0.1267606	0.2195122	0.2297297	0.3295455	0.2857143	0.2268908	0.1785714	0.4205607	0.3398058	0.3391304	0.1971831	0.1676647	0.1621622	0.2371795	0.2111111	0.1919192	0.2191781	0.1605839	0.2314815	0.1679389	0.2282609	0.2413793	0.2086957	0.137931	0.226087	0.1968504	0.2342342	0.3285714	0.2095238	0.1157025	0.2359551	0.1848739	0.266055	0.2325581	0.2916667	0.2692308	0.1969697	0.1333333	0.1363636	0.1568627	0.1132075	0.0873786	
Hybride Mouette rieuse x M. mélanocéphale	0.0	0.0	0.0	0.0	0.0	0.0	0.0	0.0	0.0	0.0	0.0	0.0	0.0	0.0	0.0	0.0	0.0	0.0	0.0	0.0	0.0111111	0.0	0.0	0.0	0.0	0.0	0.0	0.0	0.0	0.0	0.0	0.0	0.0	0.0	0.0	0.0	0.0	0.0	0.0	0.0	0.0	0.0	0.0	0.0	0.0	0.0	0.0	0.0	
Goéland cendré	0.5151515	0.4202899	0.4482759	0.4761905	0.2424242	0.3833333	0.3098592	0.304878	0.2567568	0.3295455	0.3928571	0.2521008	0.1607143	0.1775701	0.1747573	0.173913	0.0774648	0.1017964	0.0405405	0.1089744	0.0666667	0.0505051	0.0821918	0.0583942	0.1574074	0.1603053	0.2173913	0.2586207	0.2173913	0.2068966	0.1913043	0.1811024	0.2162162	0.2714286	0.3047619	0.1900826	0.2696629	0.2857143	0.293578	0.2848837	0.4305556	0.3974359	0.3333333	0.25	0.4318182	0.3921569	0.3018868	0.3786408	
Goéland à bec cerclé	0.0	0.0	0.0	0.0	0.0	0.0	0.0	0.0	0.0015	0.0	0.0	0.0	0.0089286	0.0	0.0	0.0	0.0	0.0	0.0	0.0	0.0	0.0	0.0	0.0	0.0	0.0	0.0	0.0	0.0	0.0	0.0	0.0	0.0	0.0	0.0	0.0	0.0	0.0	0.0	0.0	0.0	0.0	0.0	0.0	0.0	0.0	0.0	0.0097087	
Goéland pontique	0.0909091	0.0724638	0.0172414	0.0015	0.0606061	0.0333333	0.028169	0.0243902	0.0135135	0.0340909	0.0	0.0	0.0089286	0.0015	0.0	0.0086957	0.0070423	0.0	0.0	0.0128205	0.0	0.0	0.0136986	0.0015	0.0092593	0.0076336	0.0108696	0.0086207	0.0	0.0114943	0.026087	0.0	0.009009	0.0	0.0095238	0.0082645	0.0224719	0.0	0.0091743	0.0116279	0.0138889	0.0384615	0.0606061	0.0833333	0.0909091	0.0784314	0.0566038	0.0679612	
Goéland d'Amérique	0.0	0.0	0.0	0.0	0.030303	0.0	0.0	0.0	0.0	0.0	0.0	0.0	0.0	0.0	0.0	0.0	0.0	0.0	0.0	0.0	0.0	0.0	0.0	0.0	0.0	0.0	0.0	0.0	0.0	0.0	0.0	0.0	0.0	0.0	0.0	0.0	0.0	0.0	0.0	0.0	0.0	0.0	0.0	0.0	0.0	0.0	0.0	0.0	
Goéland argenté	0.6212121	0.5652174	0.6206897	0.6666667	0.530303	0.5833333	0.5070423	0.5609756	0.5135135	0.6477273	0.6071429	0.605042	0.5267857	0.5981308	0.631068	0.5478261	0.5140845	0.4850299	0.4459459	0.4935897	0.3222222	0.4949495	0.4520548	0.5328467	0.5555556	0.6030534	0.5543478	0.6293103	0.5913043	0.4827586	0.6347826	0.5669291	0.5585586	0.6714286	0.7142857	0.4710744	0.6179775	0.6218487	0.6697248	0.5	0.5694444	0.5384615	0.6363636	0.6166667	0.75	0.6862745	0.5283019	0.631068	
Goéland leucophée	0.1060606	0.0869565	0.0689655	0.047619	0.0606061	0.1166667	0.056338	0.0487805	0.0675676	0.0113636	0.0178571	0.0084034	0.0089286	0.0280374	0.0	0.0173913	0.0140845	0.005988	0.0067568	0.0192308	0.0333333	0.040404	0.0136986	0.0218978	0.1666667	0.1068702	0.1304348	0.137931	0.1130435	0.1034483	0.0434783	0.0393701	0.0630631	0.0428571	0.0380952	0.0330579	0.0449438	0.0336134	0.0366972	0.0290698	0.0555556	0.1282051	0.1060606	0.1166667	0.1363636	0.1176471	0.1132075	0.0776699	
Goéland marin	0.4090909	0.3768116	0.2931034	0.3809524	0.3787879	0.3833333	0.2253521	0.2804878	0.3513514	0.3522727	0.2678571	0.302521	0.2767857	0.271028	0.2912621	0.2869565	0.2323944	0.239521	0.1689189	0.25	0.1	0.1818182	0.1506849	0.1167883	0.212963	0.2137405	0.2608696	0.3103448	0.2782609	0.2873563	0.3826087	0.2677165	0.4054054	0.5857143	0.447619	0.2892562	0.2921348	0.394958	0.3853211	0.3604651	0.4027778	0.4230769	0.5151515	0.4	0.4318182	0.5294118	0.3773585	0.3592233	
Goéland bourgmestre	0.0	0.0144928	0.0172414	0.015873	0.0454545	0.0166667	0.0140845	0.0243902	0.027027	0.0113636	0.0	0.0	0.0	0.0015	0.0	0.0086957	0.0015	0.0015	0.0	0.0015	0.0015	0.0	0.0	0.0	0.0	0.0	0.0	0.0	0.0	0.0	0.0	0.0	0.0	0.0	0.0	0.0	0.0	0.0	0.0	0.0	0.0	0.0	0.0015	0.0166667	0.0	0.0	0.0188679	0.0	
Goéland brun	0.3484848	0.2753623	0.2241379	0.3174603	0.1818182	0.3166667	0.2112676	0.2682927	0.2567568	0.3522727	0.25	0.3109244	0.3035714	0.3364486	0.3106796	0.2956522	0.3169014	0.239521	0.2567568	0.2948718	0.2555556	0.2929293	0.2876712	0.2335766	0.287037	0.2824427	0.3695652	0.4396552	0.3478261	0.3218391	0.3652174	0.3307087	0.3423423	0.5428571	0.447619	0.2561983	0.3146067	0.302521	0.293578	0.2383721	0.3194444	0.2948718	0.3939394	0.3	0.2954545	0.3137255	0.245283	0.2330097	
Goéland à ailes blanches	0.0151515	0.0	0.0015	0.0015	0.0	0.0	0.0	0.0	0.0135135	0.0113636	0.0	0.0	0.0	0.0015	0.0	0.0	0.0	0.0	0.0	0.0	0.0	0.0	0.0	0.0	0.0	0.0	0.0	0.0	0.0	0.0	0.0	0.0	0.0	0.0	0.0	0.0	0.0	0.0	0.0	0.0	0.0	0.0	0.0	0.0	0.0	0.0	0.0	0.0	
goéland sp. (Larus sp.)	0.030303	0.0	0.0	0.0	0.0	0.0	0.0422535	0.0	0.0015	0.0113636	0.0	0.0084034	0.0089286	0.0	0.0	0.0086957	0.0070423	0.0	0.0	0.0	0.0	0.0	0.0136986	0.0	0.0185185	0.0	0.0015	0.0	0.0173913	0.0229885	0.0	0.007874	0.018018	0.0142857	0.0095238	0.0	0.011236	0.0084034	0.0091743	0.0	0.0	0.0	0.0	0.0	0.0	0.0	0.0	0.0097087	
goéland ou mouette sp.	0.0015	0.0144928	0.0	0.0015	0.030303	0.0	0.0	0.0	0.0	0.0015	0.0	0.0	0.0015	0.0	0.0194175	0.0086957	0.0015	0.0	0.0	0.0	0.0	0.0505051	0.0	0.0291971	0.0	0.0076336	0.0	0.0	0.0086957	0.0114943	0.0	0.0	0.0	0.0	0.0	0.0082645	0.0449438	0.0840336	0.0015	0.0116279	0.0138889	0.0	0.0151515	0.0166667	0.0	0.0015	0.0	0.0	
Sterne naine	0.0	0.0	0.0	0.0	0.0	0.0	0.0	0.0	0.0	0.0	0.0	0.0	0.0	0.0186916	0.0776699	0.1043478	0.1549296	0.1437126	0.1216216	0.0448718	0.0888889	0.0808081	0.0273973	0.0437956	0.0277778	0.0458015	0.076087	0.0948276	0.0608696	0.0229885	0.0695652	0.0314961	0.0630631	0.0571429	0.0285714	0.0	0.011236	0.0	0.0	0.0	0.0	0.0	0.0	0.0	0.0	0.0	0.0	0.0	
Sterne hansel	0.0	0.0	0.0	0.0	0.0	0.0	0.0	0.0	0.0	0.0	0.0	0.0	0.0	0.0	0.0	0.0	0.0	0.0	0.0	0.0064103	0.0	0.0	0.0	0.0	0.0	0.0	0.0	0.0	0.0	0.0	0.0	0.0	0.0	0.0	0.0	0.0	0.0	0.0	0.0	0.0	0.0	0.0	0.0	0.0	0.0	0.0	0.0	0.0	
Sterne caspienne	0.0	0.0	0.0	0.0	0.0	0.0	0.0	0.0	0.0	0.0	0.0	0.0	0.0	0.0	0.0194175	0.0173913	0.0070423	0.0	0.0	0.0	0.0	0.0	0.0	0.0	0.0	0.0076336	0.0108696	0.0	0.0	0.0114943	0.0	0.0	0.0	0.0	0.0	0.0	0.0	0.0	0.0	0.0	0.0	0.0	0.0	0.0	0.0	0.0	0.0	0.0	
Guifette moustac	0.0	0.0	0.0	0.0	0.0	0.0	0.0	0.0	0.0	0.0	0.0	0.0	0.0	0.0	0.0	0.0015	0.0	0.005988	0.0202703	0.0	0.0	0.0	0.0	0.0	0.0	0.0	0.0	0.0	0.0	0.0015	0.0	0.0	0.0	0.0	0.0	0.0	0.0	0.0	0.0	0.0	0.0	0.0	0.0	0.0	0.0	0.0	0.0	0.0	
Guifette noire	0.0	0.0	0.0	0.0	0.0	0.0	0.0	0.0	0.0	0.0	0.0	0.0	0.0	0.0093458	0.0582524	0.0956522	0.0704225	0.0419162	0.0337838	0.0192308	0.0	0.010101	0.0	0.0	0.0092593	0.0076336	0.0108696	0.0603448	0.0695652	0.0344828	0.0608696	0.0393701	0.0720721	0.1	0.0761905	0.0082645	0.0449438	0.0252101	0.0	0.0	0.0	0.0	0.0	0.0	0.0	0.0	0.0	0.0	
Sterne arctique	0.0	0.0	0.0	0.0	0.0	0.0	0.0	0.0	0.0	0.0	0.0	0.0	0.0015	0.0093458	0.0485437	0.0608696	0.028169	0.0239521	0.0015	0.0	0.0	0.0	0.0	0.0	0.0	0.0	0.0217391	0.0172414	0.0086957	0.0015	0.026087	0.007874	0.018018	0.0428571	0.0095238	0.0082645	0.0337079	0.0504202	0.0183486	0.0290698	0.0138889	0.025641	0.0	0.0	0.0	0.0	0.0	0.0	
Sterne pierregarin	0.0	0.0	0.0	0.0	0.0	0.0	0.0	0.0	0.0	0.0	0.0	0.0252101	0.0803571	0.1401869	0.1262136	0.1565217	0.2535211	0.1976048	0.1824324	0.1923077	0.2444444	0.1414141	0.1232877	0.1678832	0.1388889	0.1984733	0.3043478	0.3017241	0.3043478	0.1609195	0.2521739	0.1574803	0.1801802	0.1571429	0.0857143	0.0743802	0.1011236	0.0672269	0.0550459	0.0116279	0.0138889	0.0128205	0.0	0.0	0.0	0.0	0.0	0.0	
Sterne pierregarin ou S. arctique	0.0	0.0	0.0	0.0	0.0	0.0	0.0	0.0	0.0	0.0	0.0	0.0	0.0	0.0186916	0.0194175	0.0434783	0.0422535	0.0	0.0	0.0	0.0	0.0	0.0	0.0	0.0	0.0	0.0	0.0258621	0.0173913	0.0	0.0	0.015748	0.009009	0.0142857	0.0	0.0165289	0.0015	0.0084034	0.0015	0.005814	0.0138889	0.0	0.0	0.0	0.0	0.0	0.0	0.0	
Sterne de Dougall	0.0	0.0	0.0	0.0	0.0	0.0	0.0	0.0	0.0	0.0	0.0	0.0	0.0	0.0	0.0	0.0	0.0	0.0	0.0	0.0	0.0	0.0015	0.0	0.0	0.0092593	0.0	0.0	0.0	0.0	0.0	0.0	0.0	0.0	0.0	0.0	0.0	0.0	0.0	0.0	0.0	0.0	0.0	0.0	0.0	0.0	0.0	0.0	0.0	
Sterna sp.	0.0	0.0	0.0	0.0	0.0	0.0	0.0	0.0	0.0	0.0	0.0	0.0	0.0	0.0	0.0	0.0	0.0	0.0	0.0	0.0	0.0	0.0	0.0	0.0	0.0	0.0	0.0	0.0	0.0086957	0.0	0.0	0.0	0.0	0.0	0.0	0.0	0.0	0.0	0.0	0.0	0.0	0.0	0.0	0.0	0.0	0.0	0.0	0.0	
Sterne caugek	0.0	0.0	0.0	0.0	0.0	0.0	0.0140845	0.0121951	0.0	0.0454545	0.0892857	0.1932773	0.1696429	0.2336449	0.2330097	0.2173913	0.2042254	0.1856287	0.2027027	0.1666667	0.1777778	0.1313131	0.1643836	0.1021898	0.1481481	0.2137405	0.2391304	0.2672414	0.2086957	0.1494253	0.2695652	0.2519685	0.2792793	0.3428571	0.3428571	0.1570248	0.2696629	0.1428571	0.1192661	0.1453488	0.0694444	0.0769231	0.0454545	0.0166667	0.0	0.0	0.0	0.0015	
Sterne élégante	0.0	0.0	0.0	0.0	0.0	0.0	0.0	0.0	0.0	0.0	0.0	0.0	0.0	0.0	0.0	0.0	0.0	0.0	0.0	0.0	0.0	0.0	0.0	0.0	0.0277778	0.0229008	0.0	0.0	0.0	0.0	0.0	0.0	0.0	0.0	0.0	0.0	0.0	0.0	0.0	0.0	0.0	0.0	0.0	0.0	0.0	0.0	0.0	0.0	
sterne sp.	0.0	0.0	0.0	0.0	0.0	0.0	0.0	0.0	0.0	0.0	0.0	0.0	0.0178571	0.0186916	0.0097087	0.0	0.0070423	0.0	0.0067568	0.0	0.0	0.0	0.0136986	0.0	0.0185185	0.0	0.0	0.0	0.0173913	0.0114943	0.0	0.0015	0.0	0.0	0.0095238	0.0	0.0	0.0	0.0091743	0.0	0.0	0.0	0.0	0.0	0.0	0.0	0.0	0.0	
flamant sp.	0.0	0.0	0.0	0.0	0.0	0.0	0.0	0.0	0.0	0.0	0.0	0.0	0.0	0.0	0.0	0.0	0.0	0.0	0.0	0.0	0.0	0.0	0.0	0.0072993	0.0	0.0	0.0	0.0	0.0	0.0	0.0	0.0	0.0	0.0	0.0	0.0	0.0	0.0	0.0	0.0	0.0	0.0	0.0	0.0	0.0	0.0	0.0	0.0	
Grèbe castagneux	0.2272727	0.2173913	0.1724138	0.3015873	0.1515152	0.15	0.1267606	0.1829268	0.1621622	0.3068182	0.25	0.1680672	0.1160714	0.2336449	0.184466	0.1826087	0.1971831	0.1497006	0.1756757	0.1923077	0.0888889	0.0606061	0.1369863	0.1386861	0.0925926	0.1068702	0.1847826	0.1034483	0.1130435	0.1264368	0.0956522	0.0787402	0.1171171	0.1428571	0.0761905	0.107438	0.0674157	0.1092437	0.0917431	0.0755814	0.0972222	0.1153846	0.0757576	0.1333333	0.2727273	0.1764706	0.1320755	0.0970874	
Grèbe esclavon	0.030303	0.0144928	0.0172414	0.031746	0.0151515	0.0166667	0.0	0.0015	0.027027	0.0454545	0.0015	0.0168067	0.0089286	0.0093458	0.0097087	0.0	0.0	0.0	0.0	0.0	0.0	0.0	0.0	0.0	0.0	0.0	0.0	0.0	0.0	0.0	0.0	0.0	0.0	0.0	0.0	0.0	0.0	0.0	0.0	0.0174419	0.0138889	0.0	0.0	0.0	0.0	0.0196078	0.0377358	0.0015	
Grèbe jougris	0.0151515	0.0144928	0.0172414	0.0	0.0	0.0166667	0.0	0.0121951	0.0	0.0	0.0178571	0.0	0.0	0.0093458	0.0097087	0.0086957	0.0	0.005988	0.0	0.0	0.0	0.0	0.0	0.0	0.0	0.0	0.0	0.0015	0.0	0.0	0.0	0.0	0.0	0.0	0.0	0.0	0.011236	0.0	0.0	0.0290698	0.0	0.0384615	0.0	0.0	0.0015	0.0	0.0377358	0.0015	
Grèbe huppé	0.3484848	0.2173913	0.3448276	0.2539683	0.2727273	0.2333333	0.2535211	0.3170732	0.4054054	0.4204545	0.3392857	0.3445378	0.2232143	0.3457944	0.3009709	0.2608696	0.1901408	0.1497006	0.1756757	0.1858974	0.0888889	0.1111111	0.1369863	0.1605839	0.1388889	0.1832061	0.1195652	0.1810345	0.1391304	0.1264368	0.1478261	0.1181102	0.1351351	0.1714286	0.0857143	0.1570248	0.1348315	0.092437	0.1100917	0.2325581	0.125	0.2051282	0.2424242	0.1333333	0.2727273	0.2352941	0.3584906	0.2038835	
Grèbe à cou noir	0.0015	0.0144928	0.0344828	0.015873	0.030303	0.0015	0.0140845	0.0365854	0.027027	0.0681818	0.0892857	0.0840336	0.0714286	0.1682243	0.1067961	0.0956522	0.0985915	0.0718563	0.0945946	0.0833333	0.0666667	0.030303	0.0821918	0.0218978	0.0462963	0.0381679	0.0543478	0.0172414	0.0173913	0.0574713	0.0347826	0.0393701	0.018018	0.0142857	0.0095238	0.0082645	0.0	0.0084034	0.0	0.0116279	0.0	0.0	0.0	0.0166667	0.0454545	0.0	0.0188679	0.0097087	
Grèbe esclavon ou G. à cou noir	0.0	0.0	0.0	0.0	0.0	0.0	0.0	0.0	0.0	0.0	0.0	0.0	0.0089286	0.0	0.0	0.0	0.0	0.0	0.0	0.0	0.0	0.0	0.0	0.0	0.0	0.0	0.0	0.0	0.0173913	0.0	0.0	0.0	0.0	0.0	0.0	0.0	0.0	0.0	0.0	0.0	0.0	0.0	0.0	0.0	0.0	0.0196078	0.0	0.0	
Plongeon catmarin	0.0757576	0.115942	0.2241379	0.1428571	0.0454545	0.1333333	0.0704225	0.0853659	0.1216216	0.1363636	0.0892857	0.1344538	0.0446429	0.0373832	0.0873786	0.0782609	0.028169	0.011976	0.0067568	0.0064103	0.0	0.0	0.0	0.0	0.0	0.0	0.0	0.0	0.0086957	0.0	0.0	0.0	0.0	0.1	0.1142857	0.0991736	0.1235955	0.1008403	0.0917431	0.127907	0.1388889	0.1794872	0.1969697	0.1	0.1590909	0.1764706	0.1132075	0.1067961	
Plongeon arctique	0.0151515	0.0434783	0.0344828	0.015873	0.0606061	0.0333333	0.028169	0.0121951	0.0135135	0.0340909	0.0535714	0.0588235	0.0446429	0.0373832	0.0679612	0.0608696	0.0422535	0.005988	0.0067568	0.0	0.0	0.0	0.0	0.0	0.0	0.0	0.0	0.0	0.0	0.0	0.0	0.0	0.0	0.0142857	0.0285714	0.0	0.0224719	0.0420168	0.0183486	0.0581395	0.0277778	0.0897436	0.1060606	0.05	0.0227273	0.0588235	0.0188679	0.038835	
Plongeon imbrin	0.0015	0.0	0.0	0.0	0.0	0.0	0.0140845	0.0121951	0.0135135	0.0	0.0	0.0	0.0089286	0.0	0.0	0.0086957	0.0	0.0	0.0	0.0	0.0	0.0	0.0	0.0	0.0	0.0	0.0	0.0	0.0	0.0	0.0	0.0	0.0	0.0	0.0	0.0	0.0015	0.0168067	0.0183486	0.0348837	0.0416667	0.0512821	0.0454545	0.0015	0.0	0.0392157	0.0188679	0.0015	
Plongeon à bec blanc	0.0	0.0	0.0	0.0	0.0	0.0	0.0	0.0	0.0	0.0	0.0	0.0	0.0	0.0	0.0	0.0015	0.0	0.0	0.0	0.0	0.0	0.0	0.0	0.0	0.0	0.0	0.0	0.0	0.0	0.0	0.0	0.0	0.0	0.0	0.0	0.0	0.0	0.0	0.0	0.0	0.0	0.0	0.0015	0.0	0.0	0.0	0.0	0.0	
plongeon sp.	0.0015	0.0144928	0.0	0.031746	0.0	0.0015	0.0	0.0015	0.0	0.0113636	0.0357143	0.0084034	0.0089286	0.0186916	0.0097087	0.0173913	0.0140845	0.0	0.0	0.0	0.0	0.0	0.0	0.0	0.0	0.0	0.0	0.0	0.0	0.0	0.0	0.0	0.0	0.0	0.0	0.0015	0.0015	0.0084034	0.0	0.0	0.0138889	0.0128205	0.0454545	0.0333333	0.0	0.0	0.0	0.0	
Océanite tempête	0.0	0.0	0.0	0.0	0.0	0.0	0.0	0.0	0.0	0.0	0.0	0.0	0.0	0.0	0.0	0.0	0.0	0.0	0.0	0.0	0.0111111	0.0	0.0	0.0	0.0	0.0	0.0	0.0	0.0086957	0.0	0.0	0.0	0.0	0.0	0.0	0.0	0.0	0.0	0.0	0.0	0.0	0.0	0.0	0.0	0.0	0.0	0.0	0.0	
Océanite culblanc	0.0	0.0	0.0	0.0	0.0	0.0	0.0	0.0	0.0	0.0	0.0	0.0	0.0	0.0	0.0	0.0	0.0	0.0	0.0	0.0	0.0	0.0	0.0	0.0	0.0	0.0	0.0	0.0	0.0	0.0	0.0	0.0	0.0	0.0142857	0.0	0.0082645	0.0015	0.0168067	0.0091743	0.0116279	0.0	0.0128205	0.0	0.0	0.0	0.0	0.0	0.0	
Fulmar boréal	0.0454545	0.0434783	0.0344828	0.047619	0.0606061	0.0666667	0.0422535	0.097561	0.0675676	0.0568182	0.0357143	0.1260504	0.0803571	0.0280374	0.0970874	0.0956522	0.0492958	0.0538922	0.0608108	0.0576923	0.0333333	0.0808081	0.0015	0.0729927	0.0277778	0.0381679	0.0543478	0.0603448	0.0695652	0.0344828	0.0782609	0.0629921	0.0540541	0.0571429	0.047619	0.0	0.0224719	0.0084034	0.0	0.0015	0.0138889	0.025641	0.030303	0.0015	0.0227273	0.0392157	0.0188679	0.0776699	
Puffin cendré ou P. de Scopoli	0.0	0.0	0.0	0.0	0.0	0.0	0.0	0.0	0.0	0.0	0.0	0.0	0.0	0.0	0.0	0.0	0.0	0.0	0.0	0.0	0.0	0.0	0.0	0.0	0.0	0.0	0.0	0.0	0.0173913	0.0	0.0	0.0	0.0	0.0	0.0	0.0	0.0	0.0	0.0	0.0	0.0	0.0	0.0	0.0	0.0	0.0	0.0	0.0	
Puffin fuligineux	0.0	0.0	0.0	0.0	0.0	0.0	0.0	0.0	0.0	0.0	0.0	0.0	0.0	0.0	0.0	0.0	0.0	0.0	0.0	0.0	0.0	0.0	0.0	0.0	0.0	0.0	0.0	0.0086207	0.0	0.0015	0.0086957	0.007874	0.009009	0.1285714	0.0285714	0.0165289	0.0786517	0.0420168	0.0275229	0.0406977	0.0138889	0.0641026	0.030303	0.0015	0.0	0.0	0.0	0.0	
Puffin des Anglais	0.0	0.0	0.0	0.0	0.0	0.0	0.0	0.0	0.0	0.0	0.0	0.0	0.0089286	0.0	0.0194175	0.0086957	0.0	0.005988	0.0067568	0.0	0.0111111	0.010101	0.0	0.0	0.0	0.0076336	0.0	0.0258621	0.026087	0.0	0.0173913	0.015748	0.018018	0.1	0.0571429	0.0495868	0.0786517	0.0336134	0.0183486	0.0232558	0.0015	0.025641	0.0	0.0	0.0	0.0196078	0.0	0.0	
Puffin des Baléares	0.0	0.0	0.0	0.0	0.0	0.0	0.0	0.0	0.0	0.0	0.0	0.0	0.0	0.0	0.0	0.0	0.0	0.0	0.0	0.0	0.0111111	0.0	0.0	0.0	0.0	0.0	0.0	0.0172414	0.026087	0.0229885	0.0173913	0.015748	0.018018	0.0571429	0.0095238	0.0247934	0.011236	0.0168067	0.0091743	0.005814	0.0	0.0128205	0.0	0.0	0.0	0.0	0.0	0.0	
Calonectris, Ardenna ou Puffinus sp.	0.0	0.0	0.0	0.0	0.0	0.0	0.0	0.0	0.0	0.0	0.0	0.0084034	0.0089286	0.0	0.0	0.0	0.0	0.0	0.0	0.0	0.0	0.0	0.0	0.0	0.0	0.0	0.0	0.0015	0.0	0.0	0.0086957	0.007874	0.0	0.0	0.0	0.0082645	0.0	0.0	0.0	0.005814	0.0	0.0	0.0	0.0	0.0	0.0	0.0	0.0	
Cigogne noire	0.0	0.0	0.0	0.0	0.0	0.0	0.0	0.0	0.0	0.0	0.0	0.0	0.0	0.0	0.0	0.0	0.0	0.0	0.0	0.0	0.0	0.0	0.0	0.0	0.0	0.0	0.0108696	0.0086207	0.0086957	0.0229885	0.0173913	0.0015	0.0	0.0	0.0015	0.0	0.0	0.0	0.0	0.0	0.0	0.0	0.0	0.0	0.0	0.0	0.0	0.0	
Cigogne blanche	0.030303	0.0434783	0.0	0.031746	0.030303	0.0333333	0.084507	0.0609756	0.0540541	0.0568182	0.0714286	0.0672269	0.0535714	0.1308411	0.0970874	0.0956522	0.0704225	0.1077844	0.0810811	0.0961538	0.0555556	0.0909091	0.0273973	0.0875912	0.1296296	0.0534351	0.1086957	0.1034483	0.0347826	0.0229885	0.0434783	0.0393701	0.009009	0.0285714	0.0095238	0.0495868	0.011236	0.0084034	0.0183486	0.0174419	0.0277778	0.025641	0.0	0.0166667	0.0681818	0.0	0.0377358	0.0097087	
Fou de Bassan	0.2121212	0.1884058	0.2586207	0.2698413	0.1969697	0.2166667	0.1408451	0.2682927	0.1756757	0.1477273	0.1607143	0.1932773	0.1339286	0.1028037	0.1165049	0.1043478	0.0985915	0.0658683	0.0540541	0.1217949	0.0333333	0.0909091	0.0821918	0.0583942	0.0648148	0.0534351	0.1413043	0.1206897	0.2	0.0574713	0.173913	0.1259843	0.1531532	0.2857143	0.2190476	0.1983471	0.2808989	0.2268908	0.2568807	0.25	0.2222222	0.3333333	0.3030303	0.2333333	0.2045455	0.2352941	0.1509434	0.184466	
Cormoran pygmée	0.0	0.0	0.0	0.0	0.0	0.0	0.0	0.0	0.0	0.0	0.0	0.0	0.0267857	0.0093458	0.0	0.0	0.0	0.0	0.0067568	0.0128205	0.0015	0.0	0.0	0.0	0.0	0.0	0.0	0.0	0.0	0.0	0.0173913	0.0	0.0	0.0	0.0	0.0	0.0	0.0	0.0	0.0	0.0	0.0	0.0	0.0	0.0	0.0	0.0	0.0	
Grand Cormoran	0.6666667	0.4927536	0.5689655	0.4444444	0.4545455	0.4833333	0.4366197	0.5121951	0.5135135	0.5568182	0.5	0.512605	0.5089286	0.588785	0.5436893	0.4869565	0.471831	0.4191617	0.4391892	0.4230769	0.3888889	0.4545455	0.3835616	0.4452555	0.4259259	0.480916	0.5326087	0.5689655	0.5304348	0.4712644	0.5391304	0.4488189	0.4864865	0.6285714	0.5714286	0.4710744	0.5280899	0.4537815	0.4862385	0.4767442	0.4305556	0.4487179	0.5454545	0.4833333	0.5681818	0.5686275	0.4716981	0.4271845	
Cormoran huppé	0.0151515	0.0	0.0344828	0.031746	0.0	0.0	0.0140845	0.0609756	0.0135135	0.0227273	0.0	0.0252101	0.0178571	0.0	0.038835	0.0015	0.0140845	0.0	0.0015	0.0064103	0.0	0.010101	0.0136986	0.0	0.0	0.0076336	0.0	0.0086207	0.0521739	0.0229885	0.026087	0.023622	0.036036	0.1142857	0.047619	0.0247934	0.1011236	0.0420168	0.0275229	0.0639535	0.0277778	0.0384615	0.030303	0.0	0.0	0.0588235	0.0015	0.0291262	
Ibis falcinelle	0.0	0.0	0.0	0.0	0.0	0.0	0.0	0.0	0.0	0.0	0.0	0.0084034	0.0015	0.0093458	0.0015	0.0173913	0.0070423	0.0	0.0	0.0064103	0.0111111	0.0	0.0547945	0.0	0.0	0.0076336	0.0	0.0	0.0	0.0	0.0	0.0	0.0	0.0	0.0	0.0	0.0	0.0	0.0091743	0.0	0.0015	0.0	0.0	0.0	0.0	0.0	0.0	0.0	
Spatule blanche	0.0757576	0.1594203	0.0689655	0.0952381	0.0606061	0.0833333	0.084507	0.1707317	0.027027	0.0909091	0.1071429	0.092437	0.0625	0.1962617	0.1650485	0.1826087	0.1126761	0.1856287	0.1891892	0.1987179	0.1555556	0.1717172	0.1643836	0.1313869	0.2592593	0.2519084	0.2065217	0.2586207	0.1652174	0.1494253	0.1391304	0.1732283	0.1441441	0.1857143	0.152381	0.214876	0.1348315	0.1176471	0.0733945	0.0930233	0.0138889	0.1025641	0.0015	0.0666667	0.1363636	0.0784314	0.0566038	0.0485437	
Butor étoilé	0.0606061	0.0	0.0	0.015873	0.0151515	0.0	0.0140845	0.0015	0.0	0.0	0.0178571	0.0084034	0.0089286	0.0373832	0.0097087	0.0086957	0.0211268	0.0179641	0.0135135	0.0192308	0.0222222	0.010101	0.0	0.0	0.0	0.0	0.0	0.0	0.0	0.0	0.0	0.0	0.0	0.0	0.0	0.0	0.0	0.0	0.0	0.0	0.0	0.0	0.0	0.0	0.0	0.0	0.0	0.0097087	
Blongios nain	0.0	0.0	0.0	0.0	0.0	0.0	0.0	0.0	0.0	0.0	0.0	0.0	0.0	0.0	0.0	0.0	0.0	0.005988	0.0	0.0064103	0.0111111	0.0	0.0	0.0	0.0	0.0	0.0	0.0	0.0015	0.0	0.0015	0.007874	0.0	0.0	0.0	0.0	0.0	0.0	0.0	0.0	0.0	0.0	0.0	0.0	0.0	0.0	0.0	0.0	
Bihoreau gris	0.0151515	0.0	0.0172414	0.0	0.0151515	0.0	0.0140845	0.0	0.0	0.0	0.0	0.0	0.0	0.0	0.0097087	0.0	0.0070423	0.005988	0.0135135	0.0064103	0.0222222	0.010101	0.0136986	0.0072993	0.0	0.0	0.0108696	0.0086207	0.0086957	0.0	0.0	0.0	0.0	0.0015	0.0095238	0.0247934	0.011236	0.0	0.0183486	0.0	0.0	0.0	0.0	0.0	0.0	0.0	0.0	0.0	
Aigrette garzette	0.2878788	0.2463768	0.2068966	0.2380952	0.1969697	0.1166667	0.2253521	0.0853659	0.1486486	0.2045455	0.2142857	0.1344538	0.1964286	0.271028	0.2621359	0.2434783	0.2887324	0.257485	0.2702703	0.3589744	0.3222222	0.3030303	0.3424658	0.2627737	0.3333333	0.4274809	0.3913043	0.4137931	0.2347826	0.2298851	0.2521739	0.3228346	0.3333333	0.4142857	0.3904762	0.2892562	0.3370787	0.2689076	0.2568807	0.2267442	0.1805556	0.2564103	0.1666667	0.1833333	0.3181818	0.2352941	0.2264151	0.223301	
Crabier chevelu	0.0	0.0	0.0	0.0	0.0	0.0	0.0	0.0	0.0	0.0	0.0	0.0	0.0	0.0	0.0	0.0	0.0	0.0	0.0	0.0	0.0	0.0	0.0	0.0	0.0	0.0	0.0	0.0086207	0.0	0.0	0.0	0.0015	0.0	0.0	0.0	0.0	0.0	0.0	0.0	0.0	0.0	0.0	0.0	0.0	0.0	0.0	0.0	0.0	
Héron garde-boeufs	0.0757576	0.115942	0.0344828	0.0634921	0.0454545	0.0015	0.056338	0.0487805	0.0810811	0.0340909	0.0535714	0.0504202	0.0982143	0.0841121	0.1165049	0.0347826	0.0704225	0.1077844	0.0878378	0.0769231	0.1333333	0.0909091	0.0958904	0.0948905	0.1481481	0.129771	0.2065217	0.1034483	0.0695652	0.1149425	0.1130435	0.0551181	0.0630631	0.1	0.0761905	0.0991736	0.0674157	0.0252101	0.0825688	0.0581395	0.0015	0.0512821	0.0151515	0.0666667	0.1363636	0.1176471	0.0377358	0.038835	
Grande Aigrette	0.1363636	0.173913	0.0517241	0.0952381	0.0757576	0.0833333	0.1126761	0.0731707	0.0945946	0.1590909	0.1428571	0.0756303	0.0714286	0.1401869	0.0679612	0.0608696	0.028169	0.0419162	0.0675676	0.0641026	0.0444444	0.0808081	0.0136986	0.1021898	0.0648148	0.0458015	0.1086957	0.0948276	0.0521739	0.0804598	0.0956522	0.0629921	0.0720721	0.0714286	0.0857143	0.0991736	0.0674157	0.0588235	0.1559633	0.122093	0.0972222	0.1538462	0.0757576	0.05	0.1136364	0.0784314	0.1132075	0.0485437	
Héron cendré	0.3030303	0.3623188	0.3275862	0.3492063	0.1666667	0.1666667	0.1971831	0.1219512	0.1621622	0.2613636	0.3035714	0.1596639	0.2142857	0.4205607	0.2912621	0.2869565	0.2887324	0.2634731	0.2905405	0.2692308	0.2333333	0.1717172	0.2328767	0.1970803	0.1944444	0.2671756	0.3043478	0.3017241	0.2086957	0.2988506	0.2521739	0.2677165	0.3063063	0.4	0.3047619	0.3884298	0.258427	0.2352941	0.3211009	0.1976744	0.2638889	0.2435897	0.2121212	0.2666667	0.4318182	0.1764706	0.245283	0.2038835	
Héron pourpré	0.0	0.0	0.0	0.0	0.0	0.0	0.0	0.0	0.0	0.0	0.0	0.0	0.0	0.0015	0.0097087	0.0173913	0.0070423	0.0	0.0	0.0064103	0.0	0.0	0.0	0.0	0.0	0.0	0.0108696	0.0	0.0	0.0229885	0.0	0.0	0.0	0.0	0.0	0.0	0.0	0.0	0.0	0.0	0.0	0.0	0.0	0.0	0.0	0.0	0.0	0.0	
Balbuzard pêcheur	0.0	0.0	0.0	0.0	0.0	0.0	0.0	0.0	0.0	0.0	0.0	0.0	0.0	0.0	0.0097087	0.0	0.0	0.005988	0.0067568	0.0064103	0.0111111	0.010101	0.0	0.0	0.0	0.0152672	0.0108696	0.0086207	0.0086957	0.0229885	0.0086957	0.007874	0.045045	0.0571429	0.0380952	0.0165289	0.0449438	0.0	0.0015	0.0116279	0.0	0.0	0.0	0.0	0.0	0.0	0.0	0.0	
Élanion blanc	0.0015	0.0144928	0.0344828	0.0	0.0	0.0333333	0.0	0.0	0.0	0.0113636	0.0	0.0	0.0089286	0.0093458	0.0194175	0.0	0.0	0.0	0.0067568	0.0	0.0	0.0	0.0	0.0	0.0015	0.0	0.0	0.0	0.0	0.0	0.0	0.0	0.0	0.0	0.0	0.0	0.0	0.0	0.0091743	0.0	0.0015	0.0	0.0	0.0166667	0.0	0.0	0.0188679	0.0097087	
Bondrée apivore	0.0	0.0	0.0	0.0	0.0	0.0	0.0	0.0	0.0	0.0	0.0	0.0	0.0	0.0	0.0	0.0	0.0070423	0.0179641	0.0743243	0.0384615	0.0555556	0.020202	0.0684932	0.0291971	0.0648148	0.0381679	0.0543478	0.0862069	0.0434783	0.0114943	0.0521739	0.023622	0.036036	0.0142857	0.0095238	0.0015	0.0	0.0	0.0	0.0	0.0	0.0	0.0	0.0	0.0	0.0	0.0	0.0	
Circaète Jean-le-Blanc	0.0	0.0	0.0	0.0	0.0	0.0	0.0	0.0	0.0	0.0	0.0	0.0	0.0	0.0	0.0	0.0	0.0	0.0	0.0	0.0	0.0	0.0	0.0	0.0	0.0185185	0.0	0.0108696	0.0	0.0	0.0	0.0	0.0	0.0	0.0	0.0	0.0	0.0	0.0	0.0	0.0	0.0	0.0	0.0	0.0	0.0	0.0	0.0	0.0	
Aigle botté	0.0	0.0	0.0	0.0	0.0	0.0	0.0	0.0	0.0	0.0	0.0	0.0	0.0	0.0	0.0	0.0	0.0	0.0	0.0	0.0	0.0	0.0	0.0	0.0	0.0	0.0	0.0	0.0	0.0015	0.0	0.0	0.0	0.0	0.0	0.0	0.0	0.0	0.0	0.0	0.0	0.0	0.0	0.0	0.0	0.0	0.0	0.0	0.0	
Épervier d'Europe	0.030303	0.057971	0.137931	0.1428571	0.0757576	0.0666667	0.0704225	0.0853659	0.0810811	0.0681818	0.0714286	0.1176471	0.125	0.0654206	0.0679612	0.0521739	0.0985915	0.0898204	0.0472973	0.0384615	0.0666667	0.0505051	0.0547945	0.0364964	0.0277778	0.0610687	0.0652174	0.137931	0.0521739	0.091954	0.0782609	0.1181102	0.1081081	0.1	0.0857143	0.0991736	0.1235955	0.1092437	0.1376147	0.1395349	0.1527778	0.1410256	0.1666667	0.15	0.2045455	0.0196078	0.0754717	0.0873786	
Autour des palombes	0.0	0.0	0.0	0.0	0.0	0.0	0.0	0.0	0.0135135	0.0	0.0	0.0	0.0	0.0093458	0.0097087	0.0	0.0	0.0	0.0	0.0	0.0	0.0	0.0	0.0072993	0.0	0.0	0.0	0.0	0.0	0.0	0.0	0.007874	0.018018	0.0	0.0	0.0082645	0.0	0.0	0.0	0.005814	0.0	0.0	0.0	0.0	0.0	0.0	0.0	0.0	
Busard des roseaux	0.0606061	0.0289855	0.0344828	0.015873	0.0015	0.0666667	0.028169	0.0243902	0.0405405	0.0113636	0.125	0.0588235	0.1696429	0.1869159	0.1359223	0.1565217	0.1197183	0.1976048	0.1486486	0.1602564	0.1333333	0.1313131	0.1232877	0.1021898	0.0833333	0.0763359	0.0434783	0.137931	0.1130435	0.1149425	0.1565217	0.1496063	0.1711712	0.1428571	0.0761905	0.0826446	0.0337079	0.0252101	0.0550459	0.0523256	0.0416667	0.0384615	0.030303	0.0833333	0.0909091	0.0588235	0.0188679	0.0485437	
Busard Saint-Martin	0.030303	0.0289855	0.0344828	0.0634921	0.030303	0.0666667	0.0422535	0.0243902	0.0135135	0.0113636	0.0	0.0084034	0.0089286	0.046729	0.0097087	0.0434783	0.0140845	0.0179641	0.0067568	0.0128205	0.0111111	0.0	0.0136986	0.0145985	0.0092593	0.0015	0.0108696	0.0344828	0.026087	0.0015	0.0086957	0.023622	0.027027	0.0285714	0.0095238	0.0165289	0.0015	0.0168067	0.0015	0.0174419	0.0555556	0.025641	0.030303	0.0666667	0.0681818	0.0196078	0.0377358	0.0097087	
Busard pâle	0.0	0.0	0.0	0.0015	0.0	0.0	0.0	0.0	0.0	0.0	0.0	0.0	0.0	0.0015	0.0	0.0	0.0	0.0	0.0	0.0	0.0	0.0	0.0	0.0	0.0	0.0	0.0	0.0	0.0	0.0	0.0	0.0	0.0	0.0	0.0	0.0015	0.0	0.0168067	0.0015	0.005814	0.0	0.0128205	0.0	0.0	0.0	0.0	0.0	0.0	
Busard cendré	0.0	0.0	0.0	0.0	0.0	0.0	0.0	0.0	0.0	0.0	0.0	0.0	0.0	0.0	0.0015	0.0	0.0211268	0.005988	0.0202703	0.0	0.0111111	0.0	0.0136986	0.0	0.0185185	0.0076336	0.0015	0.0258621	0.0	0.0	0.0	0.0	0.0015	0.0	0.0	0.0	0.0015	0.0	0.0	0.0	0.0	0.0	0.0	0.0	0.0	0.0	0.0	0.0	
Busard Saint-Martin ou B. cendré	0.0	0.0	0.0	0.0	0.0	0.0	0.0	0.0	0.0	0.0	0.0	0.0	0.0	0.0	0.0	0.0	0.0	0.0	0.0067568	0.0	0.0	0.0	0.0	0.0	0.0	0.0	0.0	0.0	0.0	0.0	0.0	0.0	0.0	0.0	0.0	0.0	0.0	0.0	0.0	0.0	0.0	0.0	0.0	0.0	0.0	0.0	0.0	0.0	
busard sp.	0.0	0.0	0.0	0.0	0.0	0.0	0.0	0.0	0.0	0.0	0.0	0.0	0.0	0.0	0.0	0.0	0.0	0.005988	0.0	0.0	0.0	0.0	0.0	0.0	0.0	0.0015	0.0	0.0	0.0	0.0	0.0015	0.0015	0.0	0.0	0.0	0.0	0.0	0.0015	0.0	0.005814	0.0	0.0	0.0	0.0	0.0	0.0	0.0	0.0	
Milan royal	0.0	0.0	0.0172414	0.0	0.0	0.0	0.0	0.0243902	0.0	0.0	0.0	0.0168067	0.0	0.0	0.0	0.0173913	0.0070423	0.0015	0.0067568	0.0128205	0.0	0.0	0.0	0.0	0.0277778	0.0	0.0	0.0086207	0.0	0.0	0.0	0.0	0.009009	0.0	0.0	0.0082645	0.011236	0.0084034	0.0	0.0	0.0	0.0015	0.0	0.0	0.0	0.0	0.0	0.0	
Milan noir	0.0	0.0	0.0	0.0	0.0	0.0	0.0	0.0	0.0	0.0	0.0	0.0	0.0	0.0015	0.0	0.0086957	0.0211268	0.0015	0.0067568	0.0064103	0.0	0.0	0.0015	0.0072993	0.0	0.0	0.0108696	0.0172414	0.0086957	0.0	0.0	0.0	0.009009	0.0	0.0	0.0	0.0	0.0015	0.0091743	0.0	0.0	0.0	0.0	0.0	0.0	0.0	0.0	0.0	
Milan royal ou M. noir	0.0	0.0	0.0	0.0	0.0	0.0	0.0	0.0	0.0	0.0	0.0	0.0	0.0	0.0	0.0	0.0	0.0	0.0	0.0	0.0015	0.0	0.0	0.0	0.0	0.0	0.0	0.0	0.0	0.0	0.0	0.0	0.0	0.0	0.0	0.0	0.0	0.0	0.0	0.0	0.0	0.0	0.0	0.0	0.0	0.0	0.0	0.0	0.0	
Pygargue à queue blanche	0.0	0.0	0.0	0.0	0.0	0.0	0.0	0.0015	0.0	0.0	0.0	0.0	0.0	0.0	0.0	0.0	0.0	0.005988	0.0	0.0	0.0	0.0	0.0	0.0	0.0	0.0	0.0	0.0	0.0	0.0	0.0	0.0	0.0	0.0	0.0	0.0	0.0	0.0	0.0015	0.005814	0.0	0.0	0.0	0.0	0.0	0.0	0.0	0.0	
Buse pattue	0.0151515	0.0	0.0172414	0.0	0.0	0.0	0.0140845	0.0	0.0	0.0	0.0	0.0	0.0	0.0	0.0	0.0	0.0	0.0	0.0	0.0	0.0	0.0	0.0	0.0	0.0	0.0	0.0	0.0	0.0	0.0	0.0	0.0	0.0	0.0	0.0	0.0	0.0	0.0	0.0	0.0	0.0	0.0	0.0	0.0	0.0227273	0.0	0.0	0.0097087	
Buse variable	0.2272727	0.2753623	0.2068966	0.1904762	0.1969697	0.1333333	0.1971831	0.1219512	0.0945946	0.1931818	0.3035714	0.1848739	0.2589286	0.1869159	0.1165049	0.1826087	0.0704225	0.1556886	0.1216216	0.0961538	0.1444444	0.0707071	0.1232877	0.0729927	0.1296296	0.129771	0.2065217	0.2241379	0.0695652	0.183908	0.1565217	0.1417323	0.1981982	0.2428571	0.2380952	0.2644628	0.1235955	0.1512605	0.2385321	0.2034884	0.2638889	0.1794872	0.1515152	0.1333333	0.2272727	0.1176471	0.1320755	0.1165049	
Buse féroce	0.0	0.0	0.0	0.0	0.0	0.0	0.0	0.0	0.0	0.0	0.0	0.0	0.0	0.0	0.0	0.0	0.0	0.0	0.0	0.0	0.0	0.0	0.0	0.0	0.0	0.0	0.0	0.0	0.0	0.0	0.0	0.0	0.0	0.0	0.0	0.0	0.0	0.0084034	0.0183486	0.0015	0.0	0.0	0.0	0.0	0.0	0.0	0.0	0.0	
rapace sp.	0.0	0.0	0.0	0.0	0.0	0.0	0.0	0.0	0.0	0.0	0.0	0.0	0.0	0.0	0.0	0.0	0.0	0.0	0.0	0.0	0.0	0.0	0.0015	0.0	0.0	0.0	0.0	0.0086207	0.0	0.0	0.0	0.0	0.0	0.0	0.0	0.0	0.0	0.0	0.0	0.0	0.0	0.0	0.0	0.0	0.0	0.0	0.0	0.0	
Effraie des clochers	0.0	0.0	0.0	0.0	0.0	0.0015	0.0015	0.0	0.0135135	0.0	0.0	0.0	0.0178571	0.0093458	0.0097087	0.0	0.0015	0.0015	0.0067568	0.0	0.0015	0.0	0.0	0.0	0.0015	0.0	0.0015	0.0	0.0	0.0	0.0015	0.0	0.0	0.0015	0.0015	0.0	0.0015	0.0	0.0	0.005814	0.0138889	0.0	0.0	0.0	0.0	0.0	0.0	0.0	
Grand-duc d'Europe	0.0	0.0	0.0	0.0	0.0	0.0	0.0	0.0	0.0	0.0	0.0	0.0084034	0.0	0.0	0.0	0.0	0.0015	0.0	0.0	0.0	0.0	0.0	0.0	0.0072993	0.0	0.0	0.0	0.0	0.0	0.0	0.0	0.007874	0.0	0.0	0.0	0.0	0.0	0.0	0.0	0.0	0.0	0.0	0.0	0.0	0.0	0.0	0.0	0.0	
Chevêche d'Athéna	0.0	0.0	0.0015	0.0	0.0151515	0.0015	0.0140845	0.0	0.0135135	0.0	0.0	0.0	0.0015	0.0	0.0015	0.0015	0.0015	0.0015	0.0	0.0015	0.0	0.0015	0.0015	0.0	0.0	0.0015	0.0	0.0	0.0	0.0	0.0015	0.0	0.0	0.0	0.0	0.0	0.0015	0.0	0.0	0.0	0.0138889	0.0	0.0015	0.0	0.0	0.0015	0.0	0.0015	
Chouette hulotte	0.0	0.0	0.0015	0.0	0.0015	0.0166667	0.0015	0.0	0.0135135	0.0	0.0178571	0.0084034	0.0357143	0.0015	0.0097087	0.0015	0.0140845	0.0179641	0.0067568	0.0	0.0	0.010101	0.0015	0.0	0.0092593	0.0015	0.0108696	0.0086207	0.0173913	0.0114943	0.0015	0.015748	0.0015	0.0015	0.0095238	0.0082645	0.0337079	0.0588235	0.0183486	0.0232558	0.0138889	0.0015	0.030303	0.0	0.0	0.0	0.0188679	0.0097087	
Hibou moyen-duc	0.0	0.0	0.0	0.0	0.0	0.0	0.0	0.0	0.0	0.0	0.0015	0.0	0.0089286	0.0	0.0015	0.0	0.0	0.005988	0.0	0.0015	0.0	0.0	0.0015	0.0	0.0015	0.0015	0.0	0.0	0.0	0.0	0.0	0.0	0.0	0.0015	0.0	0.0	0.0	0.0168067	0.0183486	0.005814	0.0	0.0015	0.0	0.0	0.0	0.0	0.0015	0.0	
Hibou des marais	0.0	0.0	0.0015	0.015873	0.0151515	0.0	0.028169	0.0	0.0	0.0	0.0	0.0	0.0178571	0.0	0.0	0.0	0.0070423	0.011976	0.0	0.0015	0.0	0.0	0.0	0.0	0.0	0.0	0.0	0.0086207	0.0	0.0	0.0	0.0	0.0	0.0	0.0	0.0	0.0224719	0.0	0.0183486	0.0116279	0.0138889	0.025641	0.0151515	0.0	0.0227273	0.0	0.0	0.0015	
Huppe fasciée	0.0	0.0	0.0	0.0	0.0	0.0	0.0	0.0	0.0	0.0	0.0	0.0	0.0	0.0093458	0.0	0.0	0.0070423	0.0	0.0	0.0064103	0.0	0.0	0.0	0.0	0.0	0.0	0.0	0.0	0.0	0.0	0.0	0.0	0.0	0.0015	0.0	0.0	0.0	0.0	0.0	0.0	0.0	0.0	0.0	0.0	0.0	0.0	0.0	0.0	
Guêpier d'Europe	0.0	0.0	0.0	0.0	0.0	0.0	0.0	0.0	0.0	0.0	0.0	0.0	0.0	0.0	0.0	0.0	0.0	0.0	0.0202703	0.0064103	0.0111111	0.0	0.0	0.0	0.0015	0.0	0.0	0.0	0.0	0.0	0.0	0.0	0.0	0.0	0.0	0.0	0.0	0.0	0.0	0.0	0.0	0.0	0.0	0.0	0.0	0.0	0.0	0.0	
Martin-pêcheur d'Europe	0.1363636	0.0434783	0.0344828	0.0952381	0.0757576	0.0333333	0.0	0.0365854	0.0405405	0.0681818	0.0714286	0.0168067	0.0267857	0.0747664	0.0485437	0.0347826	0.056338	0.0718563	0.0540541	0.0705128	0.0555556	0.020202	0.0547945	0.0729927	0.0925926	0.0916031	0.1086957	0.1034483	0.0695652	0.1264368	0.1304348	0.0629921	0.1171171	0.1142857	0.1333333	0.1404959	0.0898876	0.0840336	0.0917431	0.1337209	0.0416667	0.0512821	0.0909091	0.05	0.1590909	0.1568627	0.1320755	0.0582524	
Torcol fourmilier	0.0	0.0	0.0	0.0	0.0	0.0	0.0	0.0	0.0	0.0	0.0	0.0	0.0	0.0	0.0	0.0	0.0	0.0	0.0	0.0	0.0	0.0	0.0	0.0	0.0	0.0	0.0	0.0	0.0	0.0	0.0173913	0.0	0.018018	0.0142857	0.0	0.0	0.0	0.0	0.0	0.005814	0.0	0.0	0.0	0.0	0.0	0.0	0.0	0.0	
Pic mar	0.0	0.0	0.0	0.015873	0.0	0.0	0.0	0.0	0.0	0.0	0.0	0.0	0.0	0.0	0.0	0.0	0.0	0.005988	0.0067568	0.0	0.0	0.0	0.0136986	0.0	0.0	0.0	0.0	0.0	0.0	0.0	0.0	0.0	0.0	0.0	0.0	0.0	0.0	0.0	0.0	0.0	0.0	0.0	0.0	0.0	0.0	0.0	0.0188679	0.0	
Pic épeiche	0.1060606	0.057971	0.0862069	0.1428571	0.0606061	0.0833333	0.0422535	0.0365854	0.1486486	0.0568182	0.0714286	0.0504202	0.1339286	0.1121495	0.038835	0.0608696	0.0492958	0.0838323	0.1283784	0.0705128	0.1111111	0.0606061	0.1506849	0.0875912	0.0833333	0.0610687	0.0869565	0.0603448	0.0608696	0.1264368	0.1043478	0.0629921	0.1081081	0.1142857	0.0761905	0.1157025	0.1460674	0.0840336	0.1376147	0.0930233	0.0833333	0.1794872	0.1363636	0.0833333	0.1590909	0.1764706	0.1132075	0.1067961	
Pic épeichette	0.0151515	0.0	0.0015	0.031746	0.030303	0.0	0.0140845	0.0121951	0.0135135	0.0	0.0	0.0	0.0089286	0.0	0.0097087	0.0173913	0.0070423	0.0179641	0.0	0.0128205	0.0111111	0.0	0.0	0.0072993	0.0092593	0.0076336	0.0	0.0015	0.0	0.0	0.0	0.0	0.009009	0.0	0.0015	0.0082645	0.0	0.0	0.0	0.0015	0.0	0.0	0.0	0.0	0.0	0.0015	0.0	0.0097087	
Pic vert	0.1060606	0.057971	0.1206897	0.1269841	0.030303	0.1166667	0.0704225	0.097561	0.0945946	0.0795455	0.1607143	0.1512605	0.1785714	0.1214953	0.0776699	0.1652174	0.0774648	0.1257485	0.0878378	0.0641026	0.0666667	0.0808081	0.0821918	0.0437956	0.1018519	0.0992366	0.1956522	0.1465517	0.1130435	0.183908	0.1043478	0.1338583	0.1171171	0.1857143	0.1714286	0.1818182	0.1797753	0.2352941	0.2568807	0.0872093	0.0972222	0.1025641	0.0909091	0.0833333	0.0681818	0.1176471	0.1509434	0.0873786	
Pic noir	0.0151515	0.0144928	0.0	0.0	0.0	0.0333333	0.0015	0.0	0.0	0.0113636	0.0	0.0084034	0.0178571	0.0015	0.0097087	0.0173913	0.0070423	0.0	0.0135135	0.0	0.0111111	0.0	0.0136986	0.0	0.0092593	0.0	0.0015	0.0	0.0	0.0	0.0	0.007874	0.009009	0.0	0.0095238	0.0	0.0	0.0084034	0.0	0.0	0.0	0.0	0.030303	0.0333333	0.0	0.0015	0.0	0.0	
pic sp.	0.0	0.0	0.0	0.0	0.0	0.0	0.0	0.0	0.0	0.0	0.0	0.0	0.0089286	0.0	0.0	0.0	0.0	0.0	0.0	0.0	0.0	0.0	0.0	0.0	0.0	0.0	0.0	0.0	0.0	0.0	0.0	0.0	0.0	0.0	0.0	0.0	0.0	0.0	0.0	0.0	0.0	0.0	0.0	0.0	0.0	0.0	0.0	0.0	
Faucon crécerelle	0.1969697	0.173913	0.2241379	0.1746032	0.1212121	0.1333333	0.1971831	0.2195122	0.1756757	0.1022727	0.2678571	0.2184874	0.2232143	0.2336449	0.2718447	0.1913043	0.1901408	0.2035928	0.222973	0.1730769	0.2555556	0.1616162	0.0958904	0.2116788	0.1944444	0.1679389	0.2173913	0.3275862	0.1913043	0.2183908	0.2173913	0.2677165	0.3333333	0.3571429	0.4285714	0.3140496	0.3370787	0.2352941	0.3027523	0.3255814	0.2777778	0.2435897	0.1969697	0.2166667	0.25	0.2745098	0.1509434	0.1456311	
Faucon kobez	0.0	0.0	0.0	0.0	0.0	0.0	0.0	0.0	0.0	0.0	0.0	0.0	0.0	0.0	0.0	0.0	0.0140845	0.0	0.0	0.0015	0.0	0.0	0.0	0.0	0.0	0.0	0.0	0.0	0.0	0.0	0.0	0.0	0.0	0.0	0.0015	0.0165289	0.011236	0.0	0.0	0.0	0.0	0.0	0.0	0.0	0.0	0.0	0.0	0.0	
Faucon émerillon	0.0015	0.0144928	0.0172414	0.031746	0.030303	0.0	0.0	0.0	0.0	0.0113636	0.0	0.0168067	0.0089286	0.0186916	0.0097087	0.0	0.0070423	0.0	0.0135135	0.0064103	0.0111111	0.0	0.0	0.0	0.0	0.0	0.0	0.0	0.0	0.0	0.0	0.0	0.0015	0.0142857	0.0	0.0413223	0.0224719	0.0252101	0.0275229	0.0465116	0.0277778	0.0384615	0.0151515	0.0166667	0.0	0.0392157	0.0	0.0194175	
Faucon hobereau	0.0	0.0	0.0	0.0	0.0	0.0	0.0	0.0	0.0	0.0	0.0	0.0	0.0	0.0	0.0097087	0.0434783	0.0492958	0.0598802	0.0810811	0.0641026	0.0333333	0.0505051	0.0684932	0.0510949	0.0277778	0.0229008	0.0217391	0.1293103	0.0347826	0.0574713	0.0347826	0.0314961	0.0720721	0.0285714	0.0666667	0.0247934	0.011236	0.0084034	0.0091743	0.0	0.0	0.0	0.0	0.0	0.0	0.0	0.0	0.0	
Faucon pèlerin	0.0151515	0.0289855	0.0517241	0.031746	0.030303	0.0	0.0140845	0.0121951	0.027027	0.0227273	0.0357143	0.0840336	0.0446429	0.0015	0.038835	0.0173913	0.028169	0.005988	0.0067568	0.0192308	0.0111111	0.040404	0.0	0.0218978	0.0185185	0.0	0.0015	0.0258621	0.0521739	0.0344828	0.0173913	0.015748	0.027027	0.0285714	0.0380952	0.0	0.0449438	0.0336134	0.0642202	0.0465116	0.0555556	0.0769231	0.0606061	0.0166667	0.0227273	0.0980392	0.0188679	0.0097087	
Falco sp.	0.0	0.0	0.0	0.0	0.0	0.0	0.0	0.0	0.0	0.0	0.0	0.0	0.0	0.0	0.0	0.0	0.0	0.0	0.0	0.0	0.0	0.0	0.0	0.0	0.0	0.0	0.0	0.0	0.0	0.0	0.0	0.0	0.0015	0.0	0.0	0.0	0.0	0.0	0.0	0.0015	0.0	0.0	0.0	0.0	0.0	0.0	0.0	0.0	
rapace diurne sp.	0.0	0.0	0.0	0.0	0.0	0.0	0.0	0.0	0.0	0.0	0.0	0.0	0.0	0.0	0.0	0.0	0.0	0.0	0.0	0.0	0.0	0.0	0.0	0.0	0.0092593	0.0	0.0	0.0	0.0	0.0	0.0	0.0	0.0	0.0	0.0	0.0	0.0	0.0	0.0	0.0	0.0	0.0	0.0	0.0	0.0	0.0	0.0	0.0	
Perruche à collier	0.0	0.0	0.0172414	0.0	0.0	0.0	0.0	0.0	0.0	0.0015	0.0	0.0	0.0	0.0	0.0	0.0	0.0	0.0	0.0	0.0	0.0111111	0.0015	0.0	0.0	0.0	0.0	0.0	0.0015	0.0	0.0	0.0	0.0	0.0	0.0	0.0	0.0	0.011236	0.0	0.0	0.0	0.0138889	0.0	0.0151515	0.0	0.0	0.0	0.0188679	0.0	
Perruche ondulée	0.0	0.0	0.0	0.0	0.0	0.0	0.0015	0.0	0.0	0.0	0.0	0.0	0.0	0.0	0.0	0.0	0.0	0.0	0.0	0.0	0.0	0.0	0.0	0.0	0.0	0.0	0.0015	0.0	0.0	0.0	0.0	0.0	0.0	0.0	0.0	0.0	0.0	0.0	0.0	0.0	0.0	0.0	0.0	0.0	0.0	0.0	0.0	0.0	
Loriot d'Europe	0.0	0.0	0.0	0.0	0.0	0.0	0.0	0.0	0.0	0.0	0.0	0.0	0.0	0.0	0.0	0.0	0.0140845	0.0015	0.0067568	0.0	0.0	0.0015	0.0	0.0	0.0	0.0	0.0	0.0	0.0	0.0	0.0	0.0	0.0	0.0	0.0	0.0	0.0	0.0	0.0	0.0	0.0	0.0	0.0	0.0	0.0	0.0	0.0	0.0	
Pie-grièche écorcheur	0.0	0.0	0.0	0.0	0.0	0.0	0.0	0.0	0.0	0.0	0.0	0.0	0.0	0.0	0.0	0.0	0.0	0.005988	0.0	0.0	0.0	0.010101	0.0	0.0	0.0092593	0.0	0.0108696	0.0086207	0.0	0.0	0.0	0.0	0.0	0.0	0.0	0.0	0.011236	0.0	0.0	0.0	0.0	0.0	0.0	0.0	0.0	0.0	0.0	0.0	
Pie-grièche grise	0.0	0.0	0.0	0.0	0.0	0.0	0.0	0.0	0.0	0.0	0.0	0.0	0.0	0.0	0.0	0.0	0.0	0.0	0.0	0.0	0.0	0.0	0.0	0.0	0.0	0.0	0.0	0.0	0.0	0.0	0.0	0.0	0.0	0.0	0.0	0.0	0.0	0.0	0.0	0.0	0.0	0.0	0.0	0.0	0.0	0.0015	0.0	0.0	
Geai des chênes	0.0909091	0.0869565	0.1551724	0.1111111	0.1060606	0.0333333	0.0422535	0.0365854	0.0540541	0.1022727	0.0892857	0.0420168	0.0892857	0.0934579	0.1165049	0.0782609	0.1126761	0.0778443	0.0743243	0.1025641	0.1111111	0.0909091	0.1369863	0.0583942	0.0833333	0.0610687	0.076087	0.0862069	0.0695652	0.0689655	0.0608696	0.0787402	0.0990991	0.1428571	0.1333333	0.1818182	0.1235955	0.1764706	0.1834862	0.1104651	0.0972222	0.1153846	0.1363636	0.1333333	0.1136364	0.2352941	0.1698113	0.0970874	
Pie bavarde	0.3181818	0.3043478	0.2931034	0.3492063	0.2121212	0.2666667	0.3239437	0.2682927	0.2162162	0.2159091	0.3035714	0.2352941	0.3303571	0.3084112	0.2815534	0.3478261	0.2746479	0.2634731	0.3310811	0.25	0.2555556	0.2121212	0.2876712	0.1970803	0.2777778	0.3587786	0.1956522	0.2672414	0.1913043	0.2298851	0.1304348	0.1889764	0.2432432	0.2714286	0.3238095	0.2809917	0.247191	0.210084	0.3027523	0.2325581	0.2777778	0.2948718	0.1666667	0.2333333	0.4545455	0.372549	0.2641509	0.3203883	
Choucas des tours	0.2121212	0.2463768	0.1034483	0.1587302	0.1818182	0.0666667	0.2535211	0.2073171	0.2837838	0.3295455	0.2678571	0.3109244	0.375	0.2803738	0.2912621	0.2956522	0.3380282	0.3293413	0.3716216	0.3717949	0.3333333	0.3434343	0.1780822	0.3065693	0.1388889	0.1679389	0.1521739	0.1551724	0.1130435	0.137931	0.1565217	0.1732283	0.2612613	0.2857143	0.2952381	0.3636364	0.2696629	0.3865546	0.4220183	0.2674419	0.2638889	0.2307692	0.1969697	0.1	0.2272727	0.1764706	0.1509434	0.1941748	
Corbeau freux	0.0454545	0.0144928	0.0344828	0.047619	0.030303	0.0166667	0.0015	0.0365854	0.0675676	0.0340909	0.0	0.0252101	0.0357143	0.046729	0.0291262	0.0347826	0.0140845	0.0359281	0.0675676	0.0384615	0.0015	0.010101	0.0273973	0.0072993	0.0277778	0.0015	0.0108696	0.0258621	0.0347826	0.0229885	0.0086957	0.007874	0.027027	0.0285714	0.0285714	0.0165289	0.0224719	0.0336134	0.0642202	0.0174419	0.0555556	0.0128205	0.0454545	0.0166667	0.0	0.0588235	0.0566038	0.038835	
Corneille noire	0.2424242	0.2608696	0.3275862	0.3174603	0.2272727	0.2333333	0.3098592	0.3658537	0.2702703	0.2272727	0.3035714	0.2773109	0.3839286	0.317757	0.2912621	0.4173913	0.3450704	0.3413174	0.3175676	0.3333333	0.2666667	0.2525253	0.2465753	0.3065693	0.3425926	0.2366412	0.25	0.2758621	0.1217391	0.2758621	0.2434783	0.1811024	0.2882883	0.3	0.2380952	0.2892562	0.2808989	0.2773109	0.3761468	0.3430233	0.2777778	0.2692308	0.2424242	0.35	0.3636364	0.2941176	0.4150943	0.2815534	
Corneille mantelée	0.0	0.0	0.0	0.0	0.0	0.0015	0.0	0.0	0.0	0.0	0.0	0.0	0.0	0.0	0.0	0.0	0.0	0.0	0.0	0.0	0.0	0.0	0.0	0.0	0.0	0.0	0.0	0.0	0.0	0.0	0.0	0.007874	0.0	0.0	0.0	0.0	0.0	0.0	0.0	0.005814	0.0	0.0	0.0	0.0	0.0	0.0	0.0	0.0	
corneille sp.	0.0	0.0	0.0	0.0	0.0	0.0015	0.028169	0.0	0.0	0.0	0.0	0.0	0.0015	0.0	0.0	0.0	0.0	0.0	0.0135135	0.0	0.0	0.0	0.0	0.0	0.0	0.0	0.0108696	0.0	0.0	0.0114943	0.0	0.0	0.0	0.0	0.0	0.0	0.0	0.0	0.0	0.0	0.0	0.0	0.0	0.0166667	0.0	0.0	0.0	0.0	
Grand Corbeau	0.0	0.0	0.0	0.0	0.0	0.0	0.0	0.0	0.0	0.0	0.0	0.0168067	0.0089286	0.0	0.0	0.0	0.0	0.0015	0.0	0.0	0.0015	0.0	0.0	0.0	0.0	0.0015	0.0	0.0	0.0	0.0	0.0	0.0	0.0	0.0	0.0	0.0	0.0	0.0	0.0	0.0	0.0	0.0	0.0	0.0	0.0	0.0	0.0	0.0	
Mésange noire	0.0151515	0.0144928	0.0344828	0.0	0.0	0.0333333	0.0985915	0.0243902	0.027027	0.0113636	0.0178571	0.0015	0.0015	0.0015	0.0	0.0173913	0.0	0.0239521	0.0135135	0.0128205	0.0	0.0	0.0273973	0.0	0.0185185	0.0015	0.0	0.0086207	0.0086957	0.0	0.0	0.0	0.018018	0.0571429	0.0095238	0.0743802	0.0224719	0.0168067	0.1009174	0.0232558	0.0972222	0.0769231	0.1060606	0.0166667	0.0681818	0.0196078	0.0188679	0.0291262	
Mésange huppée	0.030303	0.0289855	0.0689655	0.0	0.0454545	0.0166667	0.028169	0.0365854	0.027027	0.0340909	0.0357143	0.0084034	0.0267857	0.0186916	0.0	0.0347826	0.0140845	0.0359281	0.027027	0.0320513	0.0015	0.010101	0.0547945	0.0364964	0.0555556	0.0229008	0.0217391	0.0603448	0.0347826	0.045977	0.026087	0.015748	0.045045	0.0571429	0.0285714	0.0165289	0.0449438	0.0336134	0.0458716	0.005814	0.0555556	0.0769231	0.0606061	0.05	0.0909091	0.0588235	0.0943396	0.0291262	
Mésange nonnette	0.0606061	0.0289855	0.0344828	0.015873	0.0454545	0.0166667	0.028169	0.0243902	0.027027	0.0340909	0.0178571	0.0336134	0.0446429	0.0186916	0.0291262	0.0434783	0.028169	0.0359281	0.0067568	0.0192308	0.0333333	0.010101	0.0273973	0.0145985	0.0277778	0.0	0.0108696	0.0	0.026087	0.0114943	0.0173913	0.015748	0.036036	0.0142857	0.0380952	0.0661157	0.0337079	0.0252101	0.0550459	0.0232558	0.0277778	0.0384615	0.0606061	0.0166667	0.0681818	0.1372549	0.0943396	0.0679612	
Mésange boréale	0.0	0.0144928	0.0344828	0.031746	0.0	0.0166667	0.0140845	0.0121951	0.0	0.0	0.0178571	0.0	0.0089286	0.0	0.0	0.0173913	0.0	0.005988	0.0	0.0064103	0.0111111	0.010101	0.0	0.0145985	0.0	0.0	0.0108696	0.0086207	0.0	0.0	0.0	0.0015	0.0015	0.0	0.0095238	0.0082645	0.0	0.0015	0.0	0.0	0.0138889	0.0128205	0.0	0.0	0.0	0.0196078	0.0	0.0	
Mésange nonnette ou M. boréale	0.0	0.0	0.0	0.0	0.0	0.0	0.028169	0.0	0.0	0.0	0.0	0.0	0.0015	0.0093458	0.0	0.0	0.0	0.0	0.0	0.0	0.0	0.0	0.0	0.0	0.0	0.0	0.0	0.0	0.0	0.0	0.0	0.0	0.0	0.0	0.0	0.0	0.0	0.0	0.0	0.0	0.0	0.0	0.0	0.0	0.0	0.0	0.0	0.0	
Mésange bleue	0.3181818	0.2318841	0.362069	0.2539683	0.1969697	0.1666667	0.3802817	0.2439024	0.2027027	0.1931818	0.25	0.2521008	0.3660714	0.364486	0.184466	0.2347826	0.1971831	0.2155689	0.1959459	0.2820513	0.1666667	0.2424242	0.2876712	0.2335766	0.3148148	0.2290076	0.2065217	0.1896552	0.1826087	0.2643678	0.1826087	0.1889764	0.3153153	0.2571429	0.2380952	0.3305785	0.2808989	0.2436975	0.3853211	0.2790698	0.3333333	0.2692308	0.3030303	0.2833333	0.3636364	0.3921569	0.3773585	0.3592233	
Mésange charbonnière	0.2424242	0.2318841	0.3793103	0.3174603	0.1969697	0.1666667	0.4084507	0.2804878	0.2972973	0.2045455	0.1964286	0.3277311	0.4017857	0.3271028	0.2427184	0.3043478	0.2676056	0.2634731	0.2364865	0.3076923	0.2222222	0.1818182	0.3013699	0.1970803	0.1759259	0.2137405	0.173913	0.1465517	0.1217391	0.1609195	0.1652174	0.1732283	0.3153153	0.2571429	0.2857143	0.3719008	0.2921348	0.4369748	0.3486239	0.2267442	0.25	0.2307692	0.2424242	0.2333333	0.2954545	0.2941176	0.2830189	0.3398058	
Rémiz penduline	0.0	0.0	0.0	0.0	0.0	0.0	0.0	0.0	0.0	0.0	0.0	0.0	0.0	0.0	0.0	0.0	0.0	0.0	0.0	0.0	0.0	0.0	0.0	0.0	0.0	0.0	0.0	0.0	0.0	0.0	0.0	0.0	0.0	0.0	0.0	0.0	0.0	0.0	0.0091743	0.0015	0.0	0.0015	0.0	0.0	0.0	0.0	0.0	0.0	
Alouette lulu	0.0	0.0	0.0	0.0	0.0151515	0.0166667	0.0	0.0	0.0135135	0.0113636	0.0178571	0.0168067	0.0	0.0186916	0.0015	0.0086957	0.0015	0.0239521	0.0067568	0.0064103	0.0	0.010101	0.0136986	0.0	0.0	0.0015	0.0	0.0	0.0	0.0	0.0	0.0	0.0	0.0	0.0095238	0.0082645	0.0337079	0.0420168	0.0917431	0.0988372	0.0833333	0.1025641	0.030303	0.0	0.0	0.0196078	0.0	0.0	
Alouette des champs	0.1666667	0.0869565	0.1206897	0.1746032	0.1363636	0.05	0.0985915	0.1341463	0.1081081	0.1818182	0.1607143	0.1764706	0.1964286	0.1869159	0.1359223	0.1391304	0.2112676	0.1916168	0.1891892	0.1858974	0.2555556	0.2121212	0.1506849	0.1605839	0.1759259	0.1984733	0.1413043	0.2586207	0.1217391	0.0344828	0.0173913	0.023622	0.0630631	0.0428571	0.0380952	0.0661157	0.1573034	0.2436975	0.440367	0.2616279	0.3611111	0.1538462	0.1666667	0.0833333	0.2045455	0.1960784	0.1509434	0.1456311	
Cochevis huppé	0.0151515	0.0724638	0.0517241	0.031746	0.030303	0.0166667	0.0015	0.0243902	0.0	0.0113636	0.0357143	0.0168067	0.0089286	0.0015	0.0	0.0	0.0015	0.0015	0.0202703	0.0064103	0.0015	0.0	0.0	0.0	0.0	0.0015	0.0108696	0.0015	0.0015	0.0114943	0.0173913	0.0015	0.009009	0.0142857	0.0190476	0.0	0.0224719	0.0	0.0275229	0.0174419	0.0416667	0.025641	0.0	0.0166667	0.0227273	0.0784314	0.0188679	0.0194175	
Alouette haussecol	0.0606061	0.0289855	0.0517241	0.031746	0.0151515	0.0166667	0.0140845	0.0	0.0	0.0113636	0.0	0.0	0.0	0.0	0.0194175	0.0	0.0070423	0.0	0.0	0.0	0.0	0.0	0.0	0.0	0.0	0.0	0.0	0.0	0.0	0.0	0.0	0.0	0.0	0.0	0.0	0.0	0.0	0.0	0.0275229	0.005814	0.0138889	0.0769231	0.0757576	0.0333333	0.0909091	0.0392157	0.0754717	0.1067961	
Alouette pispolette ou A. de Heine	0.0	0.0	0.0	0.0	0.0	0.0	0.0	0.0	0.0	0.0	0.0	0.0	0.0	0.0	0.0	0.0	0.0	0.0	0.0	0.0	0.0	0.0	0.0	0.0	0.0	0.0	0.0	0.0	0.0	0.0	0.0	0.0	0.0	0.0	0.0	0.0	0.0	0.0	0.0	0.0	0.0	0.0	0.0	0.0	0.0	0.0	0.0	0.0194175	
alaudidé sp.	0.0	0.0	0.0	0.0	0.0151515	0.0	0.0	0.0	0.0	0.0	0.0	0.0	0.0	0.0	0.0	0.0	0.0	0.0	0.0	0.0015	0.0	0.0	0.0	0.0	0.0	0.0	0.0	0.0	0.0	0.0	0.0	0.0	0.0	0.0	0.0	0.0	0.0	0.0	0.0	0.0	0.0	0.0	0.0	0.0	0.0	0.0	0.0	0.0	
Panure à moustaches	0.0	0.0	0.0	0.0	0.0151515	0.0	0.0	0.0	0.0135135	0.0113636	0.0	0.0084034	0.0	0.0186916	0.0	0.0	0.0	0.0	0.0	0.0	0.0	0.0	0.0	0.0072993	0.0	0.0152672	0.0	0.0	0.0	0.0	0.0	0.0	0.0	0.0	0.0	0.0	0.0	0.0	0.0	0.0	0.0	0.0	0.0151515	0.0	0.0	0.0	0.0377358	0.0	
Cisticole des joncs	0.0	0.0	0.0015	0.0	0.0	0.0	0.0	0.0121951	0.027027	0.0227273	0.0357143	0.0252101	0.0357143	0.1214953	0.038835	0.0434783	0.0985915	0.1137725	0.1283784	0.1025641	0.0888889	0.0606061	0.0410959	0.0729927	0.1018519	0.0687023	0.076087	0.112069	0.1130435	0.1264368	0.0782609	0.1023622	0.0720721	0.0714286	0.0190476	0.0165289	0.011236	0.0	0.0	0.0	0.0	0.025641	0.030303	0.0	0.0227273	0.0980392	0.0	0.0194175	
Hypolaïs polyglotte	0.0	0.0	0.0	0.0	0.0	0.0	0.0	0.0	0.0	0.0	0.0	0.0	0.0	0.0	0.0	0.026087	0.0211268	0.0359281	0.0945946	0.0769231	0.0888889	0.020202	0.0136986	0.0437956	0.0555556	0.0229008	0.0108696	0.0015	0.0	0.0114943	0.0015	0.007874	0.0	0.0	0.0	0.0	0.0	0.0	0.0	0.0	0.0	0.0	0.0	0.0	0.0	0.0	0.0	0.0	
Hypolaïs ictérine	0.0	0.0	0.0	0.0	0.0	0.0	0.0	0.0	0.0	0.0	0.0	0.0	0.0	0.0	0.0	0.0086957	0.0070423	0.0658683	0.1013514	0.0833333	0.0777778	0.1313131	0.109589	0.0291971	0.0185185	0.0076336	0.0543478	0.0172414	0.0086957	0.0114943	0.0015	0.007874	0.0	0.0	0.0	0.0	0.0	0.0	0.0	0.0	0.0	0.0	0.0	0.0	0.0	0.0	0.0	0.0	
Hypolaïs polyglotte ou H. ictérine	0.0	0.0	0.0	0.0	0.0	0.0	0.0	0.0	0.0	0.0	0.0	0.0	0.0	0.0	0.0	0.0	0.0	0.0	0.0	0.0	0.0	0.0	0.0	0.0	0.0	0.0	0.0	0.0	0.0	0.0	0.0086957	0.0	0.009009	0.0	0.0	0.0	0.0	0.0	0.0	0.0	0.0	0.0	0.0	0.0	0.0	0.0	0.0	0.0	
Phragmite aquatique	0.0	0.0	0.0	0.0	0.0	0.0	0.0	0.0	0.0	0.0	0.0	0.0	0.0	0.0	0.0	0.0	0.0	0.0	0.0	0.0	0.0	0.0	0.0	0.0	0.0	0.0	0.0	0.0	0.0	0.0114943	0.0086957	0.0	0.0	0.0	0.0	0.0	0.0	0.0	0.0	0.0	0.0	0.0	0.0	0.0	0.0	0.0	0.0	0.0	
Phragmite des joncs	0.0	0.0	0.0	0.0	0.0	0.0	0.0	0.0	0.0	0.0	0.0	0.0168067	0.0714286	0.2242991	0.223301	0.1826087	0.1971831	0.239521	0.1621622	0.1346154	0.1333333	0.1717172	0.0958904	0.1021898	0.0648148	0.0763359	0.076087	0.0517241	0.0347826	0.0689655	0.0782609	0.015748	0.009009	0.0	0.0015	0.0	0.0	0.0	0.0	0.0	0.0	0.0	0.0	0.0	0.0	0.0	0.0	0.0	
Rousserolle des buissons	0.0	0.0	0.0	0.0	0.0	0.0	0.0	0.0	0.0	0.0	0.0	0.0	0.0	0.0	0.0	0.0	0.0	0.0	0.0	0.0	0.0	0.0	0.0	0.0	0.0	0.0	0.0	0.0	0.0	0.0	0.0015	0.0	0.0	0.0	0.0	0.0	0.011236	0.0	0.0	0.0	0.0	0.0	0.0	0.0	0.0	0.0	0.0	0.0	
Rousserolle verderolle	0.0	0.0	0.0	0.0	0.0	0.0	0.0	0.0	0.0	0.0	0.0	0.0	0.0	0.0	0.0	0.0	0.0070423	0.0419162	0.0743243	0.1025641	0.1	0.1616162	0.1643836	0.0875912	0.0185185	0.0305344	0.0108696	0.0086207	0.0015	0.0229885	0.0173913	0.0	0.0	0.0142857	0.0	0.0	0.0	0.0	0.0	0.0	0.0	0.0	0.0	0.0	0.0	0.0	0.0	0.0	
Rousserolle effarvatte	0.0	0.0	0.0	0.0	0.0	0.0	0.0	0.0	0.0	0.0	0.0	0.0	0.0	0.0186916	0.0291262	0.1043478	0.0985915	0.1437126	0.1621622	0.1858974	0.1222222	0.1313131	0.0958904	0.1167883	0.0648148	0.1145038	0.0869565	0.112069	0.0608696	0.137931	0.1130435	0.023622	0.036036	0.0428571	0.0095238	0.0082645	0.0337079	0.0	0.0091743	0.005814	0.0	0.0	0.0	0.0	0.0	0.0	0.0	0.0	
Rousserolle verderolle ou R. effarvatte	0.0	0.0	0.0	0.0	0.0	0.0	0.0	0.0	0.0	0.0	0.0	0.0	0.0	0.0	0.0	0.0	0.0	0.0	0.0067568	0.0	0.0	0.0	0.0	0.0	0.0	0.0	0.0	0.0	0.0	0.0229885	0.0	0.0	0.0	0.0	0.0	0.0	0.0	0.0	0.0	0.0	0.0	0.0	0.0	0.0	0.0	0.0	0.0	0.0	
Rousserolle turdoïde	0.0	0.0	0.0	0.0	0.0	0.0	0.0	0.0	0.0	0.0	0.0	0.0	0.0	0.0	0.0	0.0	0.0140845	0.0	0.0135135	0.0	0.0	0.0	0.0	0.0	0.0	0.0	0.0	0.0	0.0	0.0	0.0	0.0	0.0	0.0	0.0	0.0	0.0	0.0	0.0	0.0	0.0	0.0	0.0	0.0	0.0	0.0	0.0	0.0	
Acrocephalus sp.	0.0	0.0	0.0	0.0	0.0	0.0	0.0	0.0	0.0	0.0	0.0	0.0	0.0	0.0	0.0	0.0	0.0070423	0.0	0.0	0.0	0.0	0.0	0.0	0.0	0.0	0.0	0.0	0.0	0.0	0.0	0.0	0.0	0.0	0.0	0.0	0.0	0.0	0.0	0.0091743	0.0	0.0	0.0	0.0	0.0	0.0	0.0	0.0	0.0	
Locustelle luscinioïde	0.0	0.0	0.0	0.0	0.0	0.0	0.0	0.0	0.0	0.0	0.0	0.0	0.0089286	0.0373832	0.0194175	0.0086957	0.0140845	0.0179641	0.0135135	0.025641	0.0222222	0.010101	0.0136986	0.0218978	0.0185185	0.0	0.0108696	0.0	0.0	0.0	0.0086957	0.0	0.0	0.0	0.0	0.0	0.0	0.0	0.0	0.0	0.0	0.0	0.0	0.0	0.0	0.0	0.0	0.0	
Locustelle tachetée	0.0	0.0	0.0	0.0	0.0	0.0	0.0	0.0	0.0	0.0	0.0	0.0	0.0	0.0654206	0.1165049	0.0956522	0.0704225	0.0778443	0.0540541	0.0769231	0.0555556	0.0606061	0.0684932	0.0291971	0.0277778	0.0076336	0.0326087	0.0172414	0.0015	0.0015	0.0	0.0	0.0	0.0	0.0	0.0	0.0	0.0	0.0	0.0	0.0	0.0	0.0	0.0	0.0	0.0	0.0	0.0	
Hirondelle de rivage	0.0	0.0	0.0	0.0	0.0	0.0	0.0	0.0121951	0.0	0.0	0.0357143	0.0672269	0.1517857	0.2616822	0.2621359	0.2956522	0.2605634	0.1497006	0.1418919	0.1538462	0.1222222	0.0909091	0.1232877	0.1021898	0.1388889	0.129771	0.1956522	0.2068966	0.1652174	0.0804598	0.1304348	0.0393701	0.0630631	0.1	0.0380952	0.0082645	0.011236	0.0015	0.0	0.0	0.0	0.0	0.0	0.0	0.0	0.0	0.0	0.0	
Hirondelle rustique	0.0	0.0	0.0	0.0	0.0	0.0	0.0	0.0	0.0	0.0	0.0015	0.092437	0.3125	0.4299065	0.4757282	0.5217391	0.5211268	0.4610778	0.5337838	0.4487179	0.3666667	0.3737374	0.3287671	0.3065693	0.2962963	0.2748092	0.4673913	0.4655172	0.2869565	0.4367816	0.3478261	0.4173228	0.4684685	0.4428571	0.3428571	0.1404959	0.1348315	0.0420168	0.0366972	0.0872093	0.0416667	0.0128205	0.0151515	0.0166667	0.0	0.0	0.0	0.0	
Hirondelle de fenêtre	0.0	0.0	0.0	0.0	0.0	0.0	0.0	0.0	0.0	0.0	0.0	0.0084034	0.0089286	0.0654206	0.1165049	0.2347826	0.2253521	0.1856287	0.2432432	0.2307692	0.2777778	0.2222222	0.1232877	0.2116788	0.1111111	0.1908397	0.2391304	0.3103448	0.2869565	0.2183908	0.2086957	0.2598425	0.2162162	0.1285714	0.152381	0.0743802	0.0449438	0.0420168	0.0	0.005814	0.0	0.0128205	0.0	0.0	0.0	0.0	0.0	0.0	
hirondelle sp.	0.0	0.0	0.0	0.0	0.0	0.0	0.0	0.0	0.0	0.0	0.0	0.0	0.0	0.0	0.0	0.0	0.0	0.005988	0.0	0.0	0.0	0.0	0.0	0.0072993	0.0	0.0	0.0	0.0	0.0	0.0114943	0.0	0.0	0.0	0.0	0.0	0.0	0.0224719	0.0	0.0	0.0015	0.0	0.0	0.0	0.0	0.0	0.0	0.0	0.0	
Pouillot siffleur	0.0	0.0	0.0	0.0	0.0	0.0	0.0	0.0	0.0	0.0	0.0	0.0	0.0	0.0	0.0	0.0	0.0	0.0	0.0	0.0064103	0.0111111	0.010101	0.0	0.0	0.0	0.0	0.0015	0.0	0.0015	0.0	0.0	0.0	0.0	0.0	0.0	0.0	0.0	0.0	0.0	0.0	0.0	0.0	0.0	0.0	0.0	0.0	0.0	0.0	
Pouillot à grands sourcils	0.0	0.0	0.0	0.0	0.0	0.0	0.0	0.0	0.0	0.0	0.0	0.0	0.0	0.0	0.0	0.0	0.0	0.0	0.0	0.0	0.0	0.0	0.0	0.0	0.0	0.0	0.0	0.0	0.0	0.0	0.0	0.0	0.0	0.0	0.0285714	0.0082645	0.0224719	0.0756303	0.0733945	0.0232558	0.0138889	0.0	0.0	0.0	0.0	0.0	0.0188679	0.0	
Pouillot de Hume	0.0015	0.0289855	0.0	0.0015	0.0	0.0	0.0	0.0	0.0	0.0	0.0	0.0	0.0	0.0	0.0	0.0	0.0	0.0	0.0	0.0	0.0	0.0	0.0	0.0	0.0	0.0	0.0	0.0	0.0	0.0	0.0	0.0	0.0	0.0	0.0	0.0	0.0	0.0	0.0	0.0	0.0	0.0	0.0	0.0	0.0	0.0392157	0.0015	0.0194175	
Pouillot de Pallas	0.0	0.0144928	0.0	0.0	0.0	0.0	0.0	0.0	0.0	0.0	0.0	0.0	0.0	0.0	0.0	0.0	0.0	0.0	0.0	0.0	0.0	0.0	0.0	0.0	0.0	0.0	0.0	0.0	0.0	0.0	0.0	0.0	0.0	0.0	0.0	0.0	0.0	0.0	0.0	0.005814	0.0138889	0.0	0.0	0.0166667	0.0	0.0	0.0188679	0.0015	
Pouillot de Schwarz	0.0	0.0	0.0	0.0	0.0	0.0	0.0	0.0	0.0	0.0	0.0	0.0	0.0	0.0	0.0	0.0	0.0	0.0	0.0	0.0	0.0	0.0	0.0	0.0	0.0	0.0	0.0	0.0	0.0	0.0	0.0	0.0	0.0	0.0	0.0	0.0	0.0	0.0	0.0091743	0.0	0.0	0.0	0.0	0.0	0.0	0.0	0.0	0.0	
Pouillot brun	0.0	0.0144928	0.0	0.0015	0.0	0.0	0.0	0.0	0.0	0.0	0.0	0.0	0.0	0.0	0.0	0.0	0.0	0.0	0.0	0.0	0.0	0.0	0.0	0.0	0.0	0.0	0.0	0.0	0.0	0.0	0.0	0.0	0.0	0.0	0.0	0.0	0.0	0.0	0.0	0.0116279	0.0	0.0	0.0151515	0.0	0.0	0.0	0.0015	0.0097087	
Pouillot fitis	0.0	0.0	0.0	0.0	0.0	0.0	0.0	0.0	0.0	0.0113636	0.0357143	0.0420168	0.125	0.2897196	0.2718447	0.2521739	0.1760563	0.1856287	0.1486486	0.2051282	0.1555556	0.0909091	0.1232877	0.0437956	0.0462963	0.0534351	0.0434783	0.0517241	0.026087	0.0344828	0.0608696	0.0551181	0.1441441	0.0571429	0.0285714	0.0413223	0.0337079	0.0	0.0	0.0174419	0.0138889	0.0	0.0	0.0	0.0	0.0	0.0	0.0	
Pouillot véloce	0.0909091	0.0434783	0.0517241	0.047619	0.0606061	0.1	0.0422535	0.0731707	0.2027027	0.375	0.3571429	0.5210084	0.6517857	0.682243	0.4951456	0.6	0.5422535	0.5329341	0.4932432	0.5192308	0.4444444	0.4141414	0.4383562	0.4379562	0.3888889	0.3664122	0.2717391	0.2758621	0.226087	0.3563218	0.3043478	0.3622047	0.3963964	0.4571429	0.4285714	0.4545455	0.2696629	0.3529412	0.3119266	0.1802326	0.1527778	0.1666667	0.0909091	0.0833333	0.2272727	0.1372549	0.1320755	0.1165049	
Pouillot fitis ou P. véloce	0.0	0.0	0.0	0.0	0.0	0.0	0.0	0.0	0.0	0.0	0.0	0.0	0.0	0.0	0.0097087	0.0	0.0	0.0	0.0067568	0.0064103	0.0111111	0.0	0.0	0.0	0.0	0.0	0.0	0.0	0.0	0.0	0.0	0.0	0.0	0.0	0.0	0.0	0.0	0.0168067	0.0	0.0	0.0	0.0	0.0	0.0	0.0	0.0	0.0	0.0	
Pouillot ibérique	0.0	0.0	0.0	0.0	0.0	0.0	0.0	0.0	0.0	0.0	0.0	0.0	0.0089286	0.0	0.0097087	0.0	0.0	0.0	0.0	0.0	0.0	0.0	0.0	0.0	0.0	0.0	0.0	0.0	0.0	0.0	0.0	0.0	0.0	0.0	0.0	0.0	0.0	0.0	0.0	0.0	0.0	0.0	0.0	0.0	0.0	0.0	0.0	0.0	
Bouscarle de Cetti	0.1060606	0.0724638	0.2068966	0.1746032	0.0454545	0.05	0.1267606	0.1585366	0.1621622	0.2386364	0.2678571	0.2184874	0.3125	0.411215	0.3495146	0.2521739	0.2746479	0.2634731	0.2837838	0.2948718	0.3333333	0.2020202	0.2465753	0.2189781	0.1666667	0.1526718	0.1304348	0.1810345	0.0608696	0.1264368	0.1304348	0.1889764	0.2432432	0.3571429	0.3619048	0.2727273	0.2134831	0.3109244	0.2293578	0.2267442	0.1388889	0.2051282	0.1363636	0.2	0.1590909	0.1764706	0.0943396	0.1165049	
Orite à longue queue	0.1363636	0.1014493	0.137931	0.1269841	0.1212121	0.1	0.1690141	0.1219512	0.1216216	0.1590909	0.1428571	0.0252101	0.1785714	0.1401869	0.0873786	0.1826087	0.0915493	0.1437126	0.1013514	0.1089744	0.0888889	0.0808081	0.0821918	0.0729927	0.0833333	0.1221374	0.1086957	0.1293103	0.0521739	0.1494253	0.0695652	0.1023622	0.1081081	0.0571429	0.1142857	0.1239669	0.1573034	0.1512605	0.2385321	0.122093	0.1527778	0.1153846	0.1515152	0.1166667	0.2045455	0.254902	0.1886792	0.0970874	
Fauvette à tête noire	0.0151515	0.0144928	0.0	0.0	0.030303	0.0333333	0.0422535	0.0487805	0.0540541	0.0340909	0.0714286	0.1008403	0.3392857	0.4205607	0.368932	0.4869565	0.4366197	0.3652695	0.4256757	0.4423077	0.3555556	0.2828283	0.3561644	0.379562	0.462963	0.3206107	0.326087	0.2413793	0.1478261	0.2298851	0.1478261	0.1653543	0.1981982	0.2714286	0.1619048	0.2231405	0.1573034	0.1848739	0.1926606	0.0755814	0.0416667	0.0897436	0.030303	0.0333333	0.0454545	0.0980392	0.0188679	0.0194175	
Fauvette des jardins	0.0	0.0	0.0	0.0	0.0	0.0	0.0	0.0	0.0	0.0	0.0	0.0	0.0	0.046729	0.0485437	0.1565217	0.1408451	0.1437126	0.0945946	0.1730769	0.0777778	0.1313131	0.1232877	0.1021898	0.1111111	0.0687023	0.0326087	0.0431034	0.026087	0.0344828	0.0086957	0.015748	0.027027	0.0285714	0.0095238	0.0082645	0.0	0.0168067	0.0091743	0.0	0.0	0.0	0.0	0.0	0.0	0.0	0.0	0.0	
Fauvette babillarde	0.0	0.0	0.0	0.0	0.0	0.0	0.0	0.0	0.0	0.0	0.0	0.0	0.0	0.0280374	0.1553398	0.1913043	0.2394366	0.1077844	0.1216216	0.2435897	0.1555556	0.1313131	0.0821918	0.0583942	0.0185185	0.0076336	0.0326087	0.0086207	0.0173913	0.0229885	0.0173913	0.015748	0.0540541	0.0428571	0.0190476	0.0082645	0.0	0.0	0.0	0.0	0.0	0.0128205	0.0151515	0.0	0.0	0.0	0.0	0.0	
Fauvette grisette	0.0	0.0	0.0	0.0	0.0	0.0	0.0	0.0	0.0	0.0	0.0	0.0	0.0089286	0.1495327	0.3203883	0.4434783	0.4859155	0.4371257	0.3918919	0.3846154	0.4444444	0.3636364	0.3150685	0.2773723	0.1574074	0.1755725	0.1630435	0.1465517	0.0869565	0.183908	0.1043478	0.0866142	0.1351351	0.1285714	0.0190476	0.0330579	0.0	0.0	0.0	0.0	0.0	0.0	0.0	0.0	0.0	0.0	0.0	0.0	
Roitelet huppé	0.2121212	0.0289855	0.1724138	0.0952381	0.0454545	0.1	0.0704225	0.0487805	0.0675676	0.1136364	0.0892857	0.0252101	0.0357143	0.0280374	0.0194175	0.0608696	0.0070423	0.0718563	0.0472973	0.0384615	0.0333333	0.020202	0.0547945	0.0	0.0740741	0.0916031	0.0652174	0.0603448	0.0521739	0.045977	0.0521739	0.015748	0.0540541	0.0714286	0.047619	0.1157025	0.2134831	0.2016807	0.3211009	0.2034884	0.1944444	0.2564103	0.2424242	0.2	0.2045455	0.1960784	0.1886792	0.1359223	
Roitelet à triple bandeau	0.1060606	0.0289855	0.0517241	0.047619	0.030303	0.0333333	0.084507	0.0609756	0.0135135	0.0568182	0.0357143	0.0084034	0.0357143	0.0186916	0.0194175	0.0434783	0.0070423	0.0299401	0.0135135	0.025641	0.0222222	0.0	0.0136986	0.0072993	0.0092593	0.0076336	0.0	0.0	0.0	0.0229885	0.0086957	0.023622	0.0540541	0.0571429	0.0571429	0.107438	0.1235955	0.1428571	0.1834862	0.0581395	0.1111111	0.1282051	0.0757576	0.15	0.1590909	0.0980392	0.1132075	0.0485437	
Roitelet huppé ou R. à triple bandeau	0.0	0.0	0.0	0.0	0.0151515	0.0166667	0.0	0.0121951	0.0	0.0	0.0	0.0	0.0	0.0	0.0	0.0	0.0	0.0	0.0	0.0	0.0	0.0	0.0	0.0	0.0	0.0	0.0	0.0	0.0	0.0	0.0	0.0	0.0	0.0	0.0	0.0	0.0	0.0	0.0	0.005814	0.0138889	0.0	0.0	0.0	0.0	0.0	0.0	0.0	
Sittelle torchepot	0.0151515	0.0144928	0.0344828	0.0793651	0.1212121	0.0666667	0.0140845	0.0487805	0.0540541	0.0227273	0.0357143	0.0336134	0.0714286	0.0373832	0.0097087	0.0347826	0.028169	0.0479042	0.0472973	0.0320513	0.0222222	0.010101	0.0273973	0.0291971	0.037037	0.0381679	0.0434783	0.0086207	0.0173913	0.045977	0.0347826	0.023622	0.0540541	0.0285714	0.0190476	0.0661157	0.0337079	0.0336134	0.0275229	0.0174419	0.0555556	0.0641026	0.0909091	0.0166667	0.0227273	0.0784314	0.0754717	0.0679612	
Grimpereau des jardins	0.0606061	0.0289855	0.1206897	0.0793651	0.0757576	0.0666667	0.0704225	0.0609756	0.0810811	0.0454545	0.0892857	0.0420168	0.1339286	0.0747664	0.038835	0.0956522	0.056338	0.1257485	0.1351351	0.1153846	0.0666667	0.030303	0.0821918	0.0583942	0.0833333	0.0992366	0.1304348	0.0948276	0.0782609	0.1494253	0.0956522	0.0472441	0.1441441	0.1285714	0.0952381	0.1239669	0.0898876	0.0672269	0.0917431	0.0697674	0.125	0.0897436	0.1060606	0.0666667	0.1136364	0.1960784	0.1320755	0.1067961	
Grimpereau des bois ou G. des jardins	0.0	0.0	0.0	0.0	0.0	0.0	0.0	0.0	0.0	0.0	0.0	0.0	0.0	0.0	0.0097087	0.0	0.0	0.0	0.0	0.0	0.0	0.0	0.0	0.0	0.0	0.0015	0.0	0.0	0.0	0.0	0.0	0.0	0.0	0.0	0.0	0.0	0.0	0.0	0.0	0.0	0.0	0.0	0.0	0.0	0.0	0.0	0.0	0.0	
Troglodyte mignon	0.2727273	0.2608696	0.3793103	0.2698413	0.2121212	0.1666667	0.2394366	0.304878	0.2027027	0.2727273	0.3928571	0.2605042	0.4285714	0.4392523	0.368932	0.373913	0.4084507	0.3652695	0.3378378	0.3653846	0.3222222	0.2323232	0.3972603	0.3138686	0.3240741	0.2900763	0.2608696	0.1637931	0.1565217	0.2643678	0.173913	0.2125984	0.2162162	0.2714286	0.1714286	0.3140496	0.3033708	0.3697479	0.3669725	0.2790698	0.3472222	0.3589744	0.4242424	0.3333333	0.4090909	0.4117647	0.3584906	0.3203883	
Étourneau sansonnet	0.4090909	0.3913043	0.4310345	0.3968254	0.3484848	0.2666667	0.4225352	0.2804878	0.2837838	0.2727273	0.25	0.210084	0.2857143	0.2803738	0.184466	0.2782609	0.2605634	0.2874251	0.25	0.25	0.2444444	0.3535354	0.3013699	0.3065693	0.3240741	0.2290076	0.3369565	0.4137931	0.2086957	0.3103448	0.3217391	0.3149606	0.3783784	0.2857143	0.3619048	0.3140496	0.3707865	0.4201681	0.5321101	0.4593023	0.5694444	0.4358974	0.3787879	0.2833333	0.5227273	0.4901961	0.3773585	0.3398058	
Grive draine	0.030303	0.0289855	0.0517241	0.1428571	0.0757576	0.0833333	0.084507	0.097561	0.0540541	0.0795455	0.0178571	0.0336134	0.0714286	0.0747664	0.0582524	0.0608696	0.0915493	0.0898204	0.0675676	0.1025641	0.0666667	0.1212121	0.1232877	0.0510949	0.0555556	0.0305344	0.0217391	0.0258621	0.0	0.0	0.0173913	0.007874	0.018018	0.0	0.0095238	0.0165289	0.0561798	0.0336134	0.1926606	0.0581395	0.0833333	0.0641026	0.0606061	0.0166667	0.1136364	0.1372549	0.0377358	0.0194175	
Grive musicienne	0.1515152	0.1014493	0.2413793	0.2063492	0.1515152	0.15	0.1830986	0.1463415	0.1756757	0.1590909	0.1785714	0.1008403	0.1964286	0.2056075	0.1747573	0.1478261	0.1901408	0.239521	0.1959459	0.1474359	0.1444444	0.1616162	0.2465753	0.189781	0.1296296	0.1603053	0.1086957	0.0431034	0.0608696	0.1149425	0.0347826	0.0472441	0.1081081	0.0857143	0.1047619	0.1157025	0.2359551	0.2689076	0.4495413	0.1918605	0.25	0.2564103	0.1515152	0.15	0.1590909	0.1764706	0.1698113	0.0873786	
Grive mauvis	0.0757576	0.1014493	0.1724138	0.1904762	0.0909091	0.05	0.056338	0.0243902	0.0540541	0.0340909	0.0178571	0.0252101	0.0089286	0.0093458	0.0	0.0	0.0	0.005988	0.0	0.0	0.0	0.0	0.0	0.0	0.0	0.0	0.0	0.0	0.0	0.0	0.0	0.0	0.0	0.0	0.0	0.0330579	0.1123596	0.2268908	0.412844	0.1976744	0.2222222	0.1923077	0.1666667	0.1666667	0.2045455	0.254902	0.1509434	0.1359223	
Merle noir	0.4848485	0.3768116	0.5	0.3809524	0.2727273	0.25	0.4507042	0.4634146	0.472973	0.2386364	0.4821429	0.3193277	0.5535714	0.5046729	0.4854369	0.5652174	0.5422535	0.5688623	0.5878378	0.5961538	0.5	0.4444444	0.5205479	0.5620438	0.462963	0.4045802	0.3152174	0.3448276	0.2956522	0.3448276	0.2	0.2755906	0.3333333	0.2	0.2571429	0.3057851	0.3033708	0.4453782	0.5321101	0.4069767	0.4861111	0.3717949	0.3939394	0.3833333	0.5681818	0.4705882	0.4716981	0.4951456	
Grive litorne	0.0606061	0.0289855	0.1206897	0.1111111	0.030303	0.0166667	0.0140845	0.0	0.0405405	0.0	0.0	0.0	0.0089286	0.0	0.0097087	0.0	0.0	0.0	0.0	0.0	0.0	0.0	0.0	0.0	0.0	0.0	0.0	0.0	0.0	0.0	0.0	0.0	0.0	0.0	0.0	0.0	0.0	0.0	0.1651376	0.0988372	0.1527778	0.0769231	0.0757576	0.1166667	0.1363636	0.2352941	0.0377358	0.0582524	
Merle à plastron	0.0	0.0	0.0	0.0	0.0	0.0	0.0	0.0	0.0	0.0	0.0	0.0	0.0	0.0093458	0.0485437	0.0086957	0.0070423	0.011976	0.0	0.0	0.0	0.0	0.0	0.0	0.0	0.0	0.0	0.0	0.0	0.0	0.0	0.0	0.0	0.0	0.0	0.0	0.011236	0.0084034	0.0183486	0.005814	0.0	0.0	0.0	0.0	0.0	0.0	0.0	0.0	
Turdus sp.	0.0	0.0	0.0	0.0	0.0151515	0.0	0.0	0.0	0.0	0.0	0.0	0.0	0.0	0.0	0.0	0.0	0.0	0.0	0.0	0.0	0.0	0.0	0.0	0.0	0.0092593	0.0	0.0	0.0	0.0	0.0	0.0	0.0	0.0	0.0	0.0	0.0	0.0	0.0	0.0	0.005814	0.0	0.0	0.0	0.0	0.0	0.0	0.0	0.0	
Gobemouche gris	0.0	0.0	0.0	0.0	0.0	0.0	0.0	0.0	0.0	0.0	0.0	0.0	0.0	0.0	0.0097087	0.0015	0.0140845	0.0658683	0.0743243	0.0769231	0.0666667	0.040404	0.109589	0.0510949	0.1111111	0.0305344	0.0978261	0.0431034	0.0434783	0.0804598	0.0521739	0.023622	0.0810811	0.0285714	0.0095238	0.0165289	0.0	0.0084034	0.0091743	0.0	0.0	0.0	0.0	0.0	0.0	0.0	0.0	0.0	
Rougegorge familier	0.3939394	0.3043478	0.5344828	0.3650794	0.2272727	0.3333333	0.3380282	0.2682927	0.3108108	0.25	0.3571429	0.2857143	0.3660714	0.3925234	0.1456311	0.2695652	0.2112676	0.2754491	0.2027027	0.2692308	0.1555556	0.1212121	0.1780822	0.1678832	0.1203704	0.129771	0.076087	0.1465517	0.1130435	0.2298851	0.1391304	0.1496063	0.2432432	0.3142857	0.3047619	0.4214876	0.4269663	0.5714286	0.6146789	0.5	0.5277778	0.5128205	0.4393939	0.4	0.5227273	0.5098039	0.3773585	0.368932	
Rossignol philomèle	0.0	0.0	0.0	0.0	0.0	0.0	0.0	0.0	0.0	0.0	0.0	0.0	0.0089286	0.1028037	0.1456311	0.1478261	0.1478873	0.1317365	0.1351351	0.1858974	0.0888889	0.0505051	0.0821918	0.0291971	0.0462963	0.0381679	0.0108696	0.0258621	0.0086957	0.0114943	0.0	0.0	0.0	0.0285714	0.0	0.0	0.0	0.0	0.0	0.0	0.0	0.0	0.0	0.0	0.0	0.0	0.0	0.0	
Gorgebleue à miroir	0.0	0.0	0.0	0.0	0.0	0.0	0.0	0.0	0.0	0.0	0.0	0.0084034	0.0714286	0.1214953	0.0679612	0.0347826	0.0211268	0.0658683	0.0540541	0.0512821	0.0333333	0.010101	0.0684932	0.0291971	0.0	0.0076336	0.0217391	0.0086207	0.0	0.0114943	0.026087	0.0	0.0	0.0	0.0	0.0	0.0	0.0	0.0	0.0	0.0	0.0	0.0	0.0	0.0	0.0	0.0	0.0	
Robin à flancs roux	0.0	0.0	0.0	0.0	0.0	0.0	0.0	0.0	0.0	0.0	0.0	0.0	0.0	0.0	0.0	0.0	0.0	0.0	0.0	0.0	0.0	0.0	0.0	0.0	0.0	0.0	0.0	0.0	0.0	0.0	0.0	0.0	0.0	0.0	0.0	0.0	0.0	0.0	0.0091743	0.0	0.0	0.0	0.0	0.0	0.0	0.0	0.0	0.0	
Gobemouche noir	0.0	0.0	0.0	0.0	0.0	0.0	0.0	0.0	0.0	0.0	0.0	0.0	0.0	0.0	0.0	0.0086957	0.0	0.0	0.0	0.0	0.0	0.0	0.0	0.0	0.0	0.0015	0.0	0.0086207	0.0	0.0114943	0.0173913	0.015748	0.0540541	0.0285714	0.0	0.0082645	0.0	0.0	0.0	0.0	0.0	0.0	0.0	0.0	0.0	0.0	0.0	0.0	
Rougequeue à front blanc	0.0	0.0	0.0	0.0	0.0	0.0	0.0	0.0	0.0	0.0	0.0	0.0	0.0015	0.0186916	0.0015	0.0086957	0.0070423	0.0179641	0.0067568	0.0	0.0111111	0.0015	0.0	0.0	0.0	0.0076336	0.0108696	0.0	0.0	0.0015	0.0173913	0.015748	0.0540541	0.0714286	0.0571429	0.0247934	0.011236	0.0084034	0.0183486	0.0	0.0	0.0	0.0	0.0	0.0	0.0	0.0	0.0	
Rougequeue noir	0.0151515	0.0144928	0.0172414	0.0015	0.0	0.0333333	0.0	0.0243902	0.0135135	0.0015	0.0178571	0.092437	0.1339286	0.0747664	0.0194175	0.0695652	0.0352113	0.0718563	0.0337838	0.0448718	0.1	0.010101	0.0273973	0.0729927	0.0740741	0.0458015	0.0217391	0.0258621	0.0434783	0.0229885	0.0173913	0.015748	0.0720721	0.0571429	0.0380952	0.0330579	0.0561798	0.0588235	0.1009174	0.0523256	0.0416667	0.025641	0.0606061	0.0015	0.0	0.0392157	0.0188679	0.0	
Monticole de roche	0.0	0.0	0.0	0.0	0.0	0.0	0.0	0.0	0.0	0.0	0.0	0.0	0.0	0.0	0.0	0.0173913	0.0	0.0	0.0	0.0	0.0	0.0	0.0	0.0	0.0	0.0	0.0	0.0	0.0	0.0	0.0	0.0	0.0	0.0	0.0	0.0	0.0	0.0	0.0	0.0	0.0	0.0	0.0	0.0	0.0	0.0	0.0	0.0	
Tarier des prés	0.0	0.0	0.0	0.0	0.0	0.0	0.0	0.0	0.0	0.0	0.0	0.0	0.0	0.0093458	0.0194175	0.0086957	0.0070423	0.0015	0.0	0.0064103	0.0	0.0	0.0	0.0	0.0	0.0	0.0	0.0	0.0	0.0114943	0.0086957	0.0314961	0.0990991	0.1	0.047619	0.0495868	0.0224719	0.0084034	0.0275229	0.0	0.0	0.0	0.0	0.0	0.0	0.0	0.0	0.0	
Tarier pâtre	0.0606061	0.0015	0.0172414	0.0793651	0.030303	0.0166667	0.056338	0.097561	0.1081081	0.1477273	0.1428571	0.1680672	0.1517857	0.1682243	0.1165049	0.1565217	0.1408451	0.1197605	0.1148649	0.1538462	0.1111111	0.1313131	0.0958904	0.1240876	0.0925926	0.0458015	0.0652174	0.0948276	0.0608696	0.1149425	0.0782609	0.0629921	0.1261261	0.1142857	0.1714286	0.1404959	0.1011236	0.1344538	0.1009174	0.1395349	0.1527778	0.0769231	0.0757576	0.0833333	0.0227273	0.0784314	0.0566038	0.0679612	
Traquet motteux	0.0	0.0	0.0	0.0	0.0	0.0	0.0	0.0	0.0	0.0	0.0357143	0.0588235	0.0535714	0.0654206	0.0873786	0.0608696	0.0633803	0.0479042	0.0067568	0.0	0.0	0.0	0.0	0.0	0.0	0.0	0.0	0.0	0.0	0.0114943	0.026087	0.1102362	0.1801802	0.1571429	0.1047619	0.0909091	0.1685393	0.0015	0.0275229	0.0174419	0.0138889	0.025641	0.030303	0.0	0.0	0.0	0.0	0.0	
Traquet du désert	0.030303	0.0	0.0	0.0	0.0	0.0	0.0	0.0	0.0	0.0	0.0	0.0	0.0	0.0	0.0	0.0	0.0	0.0	0.0	0.0	0.0	0.0	0.0	0.0	0.0	0.0	0.0	0.0	0.0	0.0	0.0	0.0	0.0	0.0	0.0	0.0	0.0	0.0	0.0	0.0	0.0	0.0	0.0	0.0	0.0	0.0	0.0377358	0.0015	
Accenteur mouchet	0.2727273	0.0869565	0.2931034	0.1746032	0.1666667	0.1333333	0.2676056	0.3170732	0.4054054	0.2727273	0.3928571	0.2689076	0.4107143	0.3084112	0.3009709	0.2608696	0.3239437	0.3592814	0.25	0.2820513	0.3333333	0.2323232	0.2739726	0.1970803	0.1388889	0.1145038	0.0869565	0.1034483	0.0869565	0.1609195	0.1217391	0.1496063	0.1981982	0.2285714	0.2095238	0.231405	0.247191	0.3445378	0.440367	0.1976744	0.2638889	0.2820513	0.2121212	0.25	0.2045455	0.2745098	0.3207547	0.2038835	
Moineau domestique	0.0909091	0.1304348	0.1551724	0.047619	0.1212121	0.0666667	0.2816901	0.2073171	0.1756757	0.0568182	0.0892857	0.092437	0.2410714	0.1962617	0.1650485	0.2956522	0.3028169	0.3473054	0.277027	0.2307692	0.3333333	0.2222222	0.2328767	0.2919708	0.2962963	0.259542	0.2934783	0.2068966	0.2173913	0.3218391	0.1565217	0.2125984	0.1891892	0.1571429	0.1428571	0.1900826	0.1797753	0.1848739	0.1651376	0.1511628	0.2222222	0.1282051	0.0757576	0.1	0.0909091	0.1568627	0.0566038	0.1650485	
Moineau friquet	0.0	0.0	0.0	0.0015	0.0	0.0	0.0	0.0	0.0	0.0	0.0	0.0	0.0	0.0	0.0	0.0	0.0	0.0015	0.0	0.0	0.0	0.0015	0.0	0.0072993	0.0	0.0076336	0.0	0.0172414	0.0	0.0	0.0	0.0	0.0	0.0	0.0	0.0	0.0224719	0.0015	0.0	0.0	0.0416667	0.0	0.0	0.0	0.0	0.0	0.0	0.0	
Bergeronnette des ruisseaux	0.030303	0.0015	0.1034483	0.031746	0.030303	0.05	0.028169	0.0609756	0.0135135	0.0454545	0.0178571	0.0015	0.0267857	0.0280374	0.0194175	0.026087	0.0492958	0.0179641	0.0202703	0.0	0.0111111	0.010101	0.0136986	0.0072993	0.0185185	0.0305344	0.0326087	0.0344828	0.026087	0.045977	0.0434783	0.0314961	0.1261261	0.1571429	0.1047619	0.1487603	0.1573034	0.1428571	0.1743119	0.0639535	0.1388889	0.0769231	0.0757576	0.0333333	0.0227273	0.0784314	0.0754717	0.038835	
Bergeronnette printanière	0.0	0.0	0.0	0.0	0.0	0.0	0.0	0.0	0.0	0.0	0.0015	0.0	0.0267857	0.1214953	0.2135922	0.1913043	0.1971831	0.1497006	0.1554054	0.1217949	0.0444444	0.040404	0.0410959	0.0510949	0.0740741	0.0458015	0.0869565	0.1034483	0.0347826	0.0574713	0.0869565	0.1417323	0.1711712	0.0857143	0.047619	0.0330579	0.0337079	0.0	0.0	0.005814	0.0	0.0	0.0	0.0	0.0	0.0	0.0	0.0	
Bergeronnette grise	0.0909091	0.115942	0.1206897	0.0634921	0.030303	0.0833333	0.084507	0.1463415	0.2162162	0.2954545	0.3214286	0.3193277	0.3571429	0.4392523	0.3300971	0.3217391	0.3169014	0.2814371	0.3108108	0.2948718	0.2	0.2929293	0.260274	0.3138686	0.2962963	0.2442748	0.3369565	0.3706897	0.2347826	0.1724138	0.2347826	0.2047244	0.2342342	0.3285714	0.2	0.231405	0.2022472	0.1932773	0.2385321	0.1511628	0.1527778	0.0769231	0.030303	0.1166667	0.1590909	0.1568627	0.0566038	0.0873786	
bergeronette sp.	0.0	0.0	0.0	0.0	0.030303	0.0	0.0	0.0	0.0	0.0	0.0	0.0	0.0	0.0015	0.0	0.0	0.0	0.0	0.0	0.0	0.0	0.0	0.0	0.0	0.0	0.0	0.0	0.0	0.0	0.0	0.0	0.0	0.0	0.0	0.0	0.0	0.0	0.0	0.0	0.005814	0.0	0.0	0.0	0.0	0.0	0.0	0.0	0.0	
Pipit de Richard	0.0	0.0	0.0	0.0	0.0	0.0	0.0	0.0	0.0	0.0113636	0.0	0.0	0.0	0.0093458	0.0	0.0	0.0	0.0	0.0	0.0	0.0	0.0	0.0	0.0	0.0	0.0	0.0	0.0	0.0	0.0	0.0	0.0	0.0	0.0	0.0	0.0165289	0.0	0.0168067	0.0183486	0.0116279	0.0138889	0.0015	0.0151515	0.0015	0.0454545	0.0	0.0	0.0	
Pipit rousseline	0.0	0.0	0.0	0.0	0.0	0.0	0.0	0.0	0.0	0.0	0.0	0.0	0.0	0.0	0.0	0.0	0.0015	0.0	0.0	0.0	0.0	0.0	0.0	0.0	0.0	0.0	0.0	0.0	0.0	0.0	0.0	0.0	0.0	0.0	0.0	0.0	0.0	0.0	0.0	0.0	0.0	0.0	0.0	0.0	0.0	0.0	0.0	0.0	
Pipit farlouse	0.1212121	0.1449275	0.1551724	0.1428571	0.1212121	0.0666667	0.0985915	0.1707317	0.2432432	0.3295455	0.2678571	0.3361345	0.3214286	0.3084112	0.3300971	0.2	0.2323944	0.2814371	0.2635135	0.2435897	0.2555556	0.2525253	0.2054795	0.2481752	0.1666667	0.1908397	0.2391304	0.2327586	0.1652174	0.1149425	0.2086957	0.1259843	0.1711712	0.2142857	0.3714286	0.3471074	0.3595506	0.3865546	0.440367	0.3139535	0.3194444	0.2307692	0.2121212	0.1	0.2045455	0.1960784	0.0943396	0.1456311	
Pipit des arbres	0.0	0.0	0.0	0.0	0.0	0.0	0.0	0.0	0.0	0.0	0.0	0.0	0.0015	0.0560748	0.0291262	0.026087	0.0422535	0.0419162	0.0135135	0.0064103	0.0222222	0.0	0.0410959	0.0145985	0.0277778	0.0076336	0.0	0.0	0.0086957	0.0015	0.0173913	0.0314961	0.0720721	0.0571429	0.0095238	0.0165289	0.0224719	0.0168067	0.0	0.0	0.0	0.0	0.0	0.0	0.0	0.0	0.0	0.0	
Pipit à gorge rousse	0.0	0.0	0.0	0.015873	0.0	0.0	0.0	0.0	0.0	0.0	0.0	0.0	0.0	0.0	0.0	0.0	0.0	0.005988	0.0	0.0	0.0	0.0	0.0	0.0	0.0	0.0	0.0	0.0	0.0	0.0	0.0	0.0	0.0	0.0	0.0	0.0	0.0	0.0	0.0	0.0	0.0	0.0	0.0	0.0	0.0	0.0	0.0	0.0	
Pipit spioncelle	0.0606061	0.057971	0.0344828	0.0634921	0.0454545	0.0333333	0.056338	0.0365854	0.0135135	0.0454545	0.0535714	0.0336134	0.0357143	0.0373832	0.0	0.0	0.0	0.0	0.0	0.0	0.0	0.0	0.0	0.0	0.0	0.0	0.0	0.0	0.0	0.0	0.0	0.0	0.0	0.0	0.0	0.0	0.0224719	0.0336134	0.0642202	0.0581395	0.0555556	0.0384615	0.0151515	0.1	0.1818182	0.1764706	0.0754717	0.0873786	
Pipit farlouse ou P. spioncelle	0.0	0.0	0.0	0.0	0.0	0.0	0.0	0.0	0.0	0.0	0.0	0.0	0.0	0.0	0.0	0.0	0.0	0.0	0.0	0.0	0.0	0.0	0.0	0.0	0.0	0.0	0.0	0.0	0.0	0.0	0.0	0.0	0.0	0.0	0.0	0.0	0.0	0.0	0.0	0.005814	0.0	0.0	0.0	0.0	0.0	0.0	0.0	0.0	
Pipit maritime	0.1363636	0.1014493	0.0862069	0.1428571	0.0757576	0.0666667	0.084507	0.0853659	0.0675676	0.0454545	0.0178571	0.0168067	0.0015	0.0093458	0.0015	0.0	0.0070423	0.0015	0.0067568	0.0	0.0	0.0	0.0	0.0	0.0	0.0	0.0	0.0	0.0	0.0	0.0	0.0	0.009009	0.0	0.0285714	0.0826446	0.1573034	0.0840336	0.2201835	0.0930233	0.1666667	0.1538462	0.1515152	0.05	0.1363636	0.254902	0.0754717	0.1165049	
Anthus sp.	0.0	0.0	0.0	0.0	0.0151515	0.0333333	0.0	0.0	0.0	0.0	0.0	0.0	0.0	0.0	0.0	0.0	0.0070423	0.0	0.0	0.0	0.0	0.0	0.0	0.0	0.0	0.0	0.0	0.0	0.0	0.0	0.0086957	0.0	0.0	0.0	0.0095238	0.0	0.0	0.0	0.0	0.0174419	0.0	0.0	0.0	0.0	0.0	0.0	0.0	0.0097087	
Pinson des arbres	0.4242424	0.2898551	0.4482759	0.2857143	0.2727273	0.2166667	0.3380282	0.3414634	0.2837838	0.25	0.3928571	0.2436975	0.4196429	0.4953271	0.3203883	0.4173913	0.3521127	0.4191617	0.3851351	0.3910256	0.3777778	0.2626263	0.3561644	0.3284672	0.3425926	0.2519084	0.2826087	0.1896552	0.1565217	0.137931	0.1130435	0.1417323	0.1081081	0.1428571	0.1714286	0.2727273	0.3820225	0.4705882	0.6238532	0.4767442	0.5555556	0.474359	0.3333333	0.4333333	0.5454545	0.4705882	0.4716981	0.4174757	
Pinson du Nord	0.0151515	0.0	0.0172414	0.031746	0.0151515	0.0166667	0.0140845	0.0243902	0.027027	0.0	0.0178571	0.0	0.0446429	0.0	0.0	0.0	0.0070423	0.0	0.0	0.0	0.0	0.0	0.0	0.0	0.0	0.0	0.0	0.0	0.0	0.0	0.0	0.0	0.0	0.0	0.0	0.0165289	0.011236	0.1008403	0.293578	0.1337209	0.2361111	0.1282051	0.0606061	0.05	0.0454545	0.0196078	0.0566038	0.0485437	
Grosbec casse-noyaux	0.0	0.0	0.0	0.031746	0.0	0.0015	0.028169	0.0365854	0.027027	0.0113636	0.0	0.0	0.0089286	0.0093458	0.0015	0.0086957	0.0070423	0.0299401	0.0067568	0.0128205	0.0111111	0.0015	0.0136986	0.0145985	0.0	0.0015	0.0	0.0	0.0086957	0.0229885	0.0	0.0015	0.009009	0.0	0.0	0.0082645	0.0	0.0168067	0.0917431	0.0174419	0.0833333	0.0769231	0.0606061	0.0333333	0.0227273	0.0196078	0.0	0.0194175	
Roselin cramoisi	0.0	0.0	0.0	0.0	0.0	0.0	0.0	0.0	0.0	0.0	0.0	0.0	0.0	0.0	0.0	0.0	0.0	0.0	0.0	0.0	0.0015	0.0808081	0.0821918	0.0437956	0.0	0.0229008	0.0	0.0	0.0	0.0	0.0	0.0	0.0	0.0	0.0	0.0	0.0015	0.0	0.0	0.0	0.0	0.0	0.0	0.0	0.0	0.0	0.0	0.0	
Bouvreuil pivoine	0.0454545	0.057971	0.137931	0.0634921	0.0151515	0.0166667	0.028169	0.0243902	0.0405405	0.0568182	0.0	0.0336134	0.0267857	0.046729	0.0291262	0.0521739	0.0492958	0.0598802	0.0337838	0.0705128	0.0555556	0.0606061	0.0410959	0.0218978	0.037037	0.0229008	0.0108696	0.0258621	0.0347826	0.0574713	0.0347826	0.007874	0.027027	0.0285714	0.0285714	0.0330579	0.0337079	0.0504202	0.0917431	0.0523256	0.0972222	0.1025641	0.0909091	0.0166667	0.0909091	0.1372549	0.1320755	0.0485437	
Verdier d'Europe	0.0909091	0.0434783	0.1206897	0.0793651	0.030303	0.0166667	0.0140845	0.0731707	0.1621622	0.0340909	0.0892857	0.0840336	0.1071429	0.1588785	0.0776699	0.1217391	0.1338028	0.0898204	0.0878378	0.0961538	0.0888889	0.1111111	0.0958904	0.0875912	0.0648148	0.1145038	0.0869565	0.0431034	0.0782609	0.0804598	0.0347826	0.0314961	0.009009	0.0428571	0.0666667	0.0991736	0.1235955	0.1176471	0.2293578	0.122093	0.1805556	0.1153846	0.2272727	0.05	0.25	0.1372549	0.1698113	0.1359223	
Linotte à bec jaune	0.0606061	0.0289855	0.0172414	0.015873	0.0	0.0	0.0	0.0	0.0	0.0	0.0	0.0	0.0	0.0	0.0	0.0	0.0	0.0	0.0	0.0	0.0	0.0	0.0	0.0	0.0	0.0	0.0	0.0	0.0	0.0	0.0	0.0	0.0	0.0	0.0	0.0	0.0	0.0	0.0	0.0	0.0015	0.0128205	0.0454545	0.0166667	0.0454545	0.0196078	0.0566038	0.1067961	
Linotte mélodieuse	0.1666667	0.1014493	0.1724138	0.1269841	0.1060606	0.05	0.1267606	0.1219512	0.0945946	0.1477273	0.1964286	0.2352941	0.2946429	0.3364486	0.3300971	0.3130435	0.3661972	0.3712575	0.3243243	0.3589744	0.3222222	0.3232323	0.260274	0.350365	0.2962963	0.2824427	0.3586957	0.4482759	0.3130435	0.2528736	0.2782609	0.2047244	0.2342342	0.2285714	0.3047619	0.2975207	0.247191	0.2436975	0.2385321	0.1802326	0.2083333	0.2051282	0.2121212	0.1333333	0.1590909	0.2745098	0.1698113	0.1747573	
Sizerin flammé	0.0015	0.0144928	0.0	0.0	0.0	0.0	0.0140845	0.0	0.0	0.0	0.0015	0.0	0.0089286	0.0015	0.0097087	0.0086957	0.028169	0.011976	0.0	0.0	0.0015	0.0	0.0	0.0	0.0092593	0.0	0.0	0.0	0.0	0.0	0.0	0.0	0.0	0.0	0.0	0.0015	0.0	0.0168067	0.0917431	0.0406977	0.0694444	0.0512821	0.0757576	0.0333333	0.0	0.0588235	0.0188679	0.0194175	
Bec-croisé des sapins	0.0	0.0144928	0.0	0.0	0.0015	0.0	0.0	0.0	0.0135135	0.0	0.0	0.0	0.0	0.0	0.0015	0.0	0.0070423	0.0179641	0.0	0.0	0.0015	0.0015	0.0136986	0.0	0.0092593	0.0	0.0	0.0	0.0086957	0.0114943	0.0	0.0	0.0	0.0	0.0	0.0	0.0015	0.0168067	0.0366972	0.0174419	0.0555556	0.0512821	0.0454545	0.0	0.0227273	0.0015	0.0	0.0097087	
Chardonneret élégant	0.1363636	0.115942	0.0862069	0.1587302	0.030303	0.05	0.1408451	0.0365854	0.1351351	0.0681818	0.1428571	0.1260504	0.2410714	0.2523364	0.2135922	0.2869565	0.1690141	0.1796407	0.1486486	0.2371795	0.2222222	0.1616162	0.2191781	0.2335766	0.2222222	0.2366412	0.1847826	0.2413793	0.2	0.2528736	0.2086957	0.2047244	0.2342342	0.1857143	0.247619	0.2066116	0.2134831	0.2268908	0.2477064	0.1744186	0.2638889	0.1794872	0.1212121	0.0666667	0.1590909	0.1764706	0.0754717	0.1941748	
Serin cini	0.0	0.0	0.0172414	0.0	0.0	0.0333333	0.0	0.0	0.0135135	0.0113636	0.0178571	0.0420168	0.0446429	0.0093458	0.0194175	0.0869565	0.028169	0.0598802	0.027027	0.0192308	0.0666667	0.010101	0.0547945	0.0510949	0.0185185	0.0458015	0.0108696	0.0086207	0.0347826	0.0114943	0.0086957	0.0314961	0.009009	0.0	0.0190476	0.0247934	0.011236	0.0084034	0.0183486	0.0290698	0.0694444	0.0384615	0.030303	0.0166667	0.0227273	0.0392157	0.0	0.0097087	
Tarin des aulnes	0.0151515	0.0144928	0.0517241	0.047619	0.0606061	0.0166667	0.028169	0.0243902	0.0405405	0.0113636	0.0357143	0.0252101	0.0	0.0186916	0.0291262	0.0608696	0.0211268	0.0239521	0.0067568	0.0	0.0	0.0015	0.0273973	0.0	0.0185185	0.0015	0.0	0.0086207	0.0086957	0.0015	0.0	0.0	0.018018	0.0142857	0.0285714	0.0578512	0.1573034	0.2352941	0.412844	0.2151163	0.2777778	0.1923077	0.1363636	0.0666667	0.0909091	0.1372549	0.1132075	0.0679612	
Bruant lapon	0.0606061	0.0144928	0.0344828	0.047619	0.030303	0.0166667	0.0140845	0.0	0.0	0.0	0.0	0.0	0.0	0.0	0.0	0.0	0.0	0.0	0.0	0.0	0.0	0.0	0.0	0.0	0.0	0.0	0.0	0.0	0.0	0.0	0.0	0.0	0.0	0.0	0.0	0.0	0.0337079	0.0252101	0.1009174	0.0465116	0.0694444	0.025641	0.0454545	0.0	0.0454545	0.0392157	0.0377358	0.0485437	
Bruant des neiges	0.0151515	0.0	0.0015	0.015873	0.030303	0.0015	0.0	0.0	0.0	0.0	0.0	0.0	0.0	0.0	0.0	0.0	0.0	0.0	0.0	0.0	0.0	0.0	0.0	0.0	0.0	0.0	0.0	0.0	0.0	0.0	0.0	0.0	0.0	0.0	0.0	0.0	0.0015	0.0	0.0	0.0116279	0.0277778	0.0128205	0.0	0.0166667	0.0227273	0.0196078	0.0377358	0.0097087	
Bruant proyer	0.0	0.0144928	0.0172414	0.0	0.030303	0.0	0.0	0.0	0.0	0.0	0.0015	0.0084034	0.0089286	0.0093458	0.0194175	0.0173913	0.0015	0.0179641	0.0135135	0.0192308	0.0222222	0.010101	0.0136986	0.0218978	0.0277778	0.0152672	0.0	0.0258621	0.0	0.0114943	0.0086957	0.0	0.0	0.0142857	0.0	0.0	0.011236	0.0168067	0.0366972	0.0116279	0.0138889	0.0	0.0	0.0	0.0	0.0196078	0.0	0.0	
Bruant zizi	0.0	0.0	0.0	0.0	0.0015	0.0	0.0	0.0	0.0	0.0	0.0	0.0	0.0	0.0	0.0	0.0	0.0	0.0	0.0	0.0	0.0	0.0	0.0	0.0	0.0	0.0	0.0	0.0	0.0	0.0	0.0	0.0	0.0	0.0	0.0	0.0	0.0	0.0	0.0	0.0	0.0	0.0	0.0	0.0	0.0	0.0	0.0	0.0	
Bruant jaune	0.030303	0.0144928	0.0172414	0.015873	0.030303	0.0015	0.028169	0.0609756	0.0675676	0.1022727	0.1071429	0.0672269	0.0892857	0.046729	0.0679612	0.0521739	0.0774648	0.0598802	0.0743243	0.0833333	0.1333333	0.0808081	0.0684932	0.0583942	0.0648148	0.0458015	0.0652174	0.0862069	0.0521739	0.0689655	0.0695652	0.023622	0.0900901	0.0571429	0.047619	0.0495868	0.0449438	0.0504202	0.146789	0.0930233	0.1111111	0.0512821	0.0	0.05	0.0227273	0.0392157	0.0188679	0.0	
Bruant ortolan	0.0	0.0	0.0	0.0	0.0	0.0	0.0	0.0	0.0	0.0	0.0	0.0	0.0	0.0	0.0	0.0	0.0	0.0	0.0	0.0	0.0	0.0	0.0	0.0	0.0	0.0	0.0	0.0	0.0	0.0	0.0	0.0	0.009009	0.0	0.0	0.0	0.0	0.0	0.0	0.0	0.0	0.0	0.0	0.0	0.0	0.0	0.0	0.0	
Bruant des roseaux	0.1666667	0.1014493	0.2586207	0.2222222	0.1363636	0.1	0.0704225	0.0731707	0.0810811	0.1477273	0.0892857	0.1260504	0.0446429	0.1495327	0.1067961	0.1043478	0.0985915	0.1437126	0.1554054	0.1282051	0.1222222	0.1111111	0.1232877	0.1021898	0.1111111	0.0992366	0.0869565	0.0431034	0.0434783	0.0344828	0.026087	0.015748	0.0	0.0285714	0.0285714	0.0826446	0.0898876	0.1176471	0.2385321	0.0988372	0.25	0.1025641	0.1363636	0.05	0.2272727	0.2352941	0.1132075	0.1456311	
Bruant nain	0.0	0.0	0.0	0.0	0.0	0.0	0.0	0.0	0.0	0.0	0.0	0.0	0.0	0.0	0.0	0.0	0.0	0.0	0.0	0.0	0.0	0.0	0.0	0.0	0.0	0.0	0.0	0.0	0.0	0.0	0.0	0.0	0.0	0.0	0.0	0.0	0.0	0.0	0.0	0.0015	0.0	0.0	0.0	0.0	0.0	0.0	0.0	0.0	
passereau sp.	0.0015	0.0	0.0	0.0	0.0151515	0.0166667	0.0	0.0	0.0135135	0.0	0.0	0.0	0.0089286	0.0	0.0	0.0086957	0.0	0.0	0.0	0.0	0.0	0.0	0.0	0.0	0.0	0.0	0.0	0.0086207	0.0	0.0	0.0	0.007874	0.009009	0.0	0.0095238	0.0	0.0	0.0	0.0	0.005814	0.0	0.0	0.0	0.0	0.0	0.0	0.0	0.0015	
oiseau sp.	0.0	0.0	0.0	0.0	0.0	0.0	0.0	0.0015	0.0	0.0	0.0	0.0	0.0	0.0	0.0	0.0	0.0	0.0	0.0	0.0	0.0	0.0	0.0	0.0	0.0	0.0	0.0	0.0	0.0	0.0	0.0	0.0	0.0	0.0	0.0	0.0	0.0	0.0	0.0	0.0	0.0	0.0	0.0	0.0	0.0	0.0	0.0	0.0	

