









Frequency of observations in the selected location(s).:
Number of taxa: 	304

	Jan				Feb				Mar				Apr				May				Jun				Jul				Aug				Sep				Oct				Nov				Dec				
Sample Size:	227.0	236.0	216.0	283.0	221.0	218.0	242.0	235.0	159.0	238.0	296.0	452.0	305.0	417.0	391.0	783.0	425.0	535.0	468.0	731.0	468.0	484.0	287.0	512.0	375.0	222.0	189.0	327.0	256.0	224.0	241.0	366.0	202.0	179.0	158.0	200.0	205.0	166.0	122.0	148.0	111.0	134.0	97.0	146.0	118.0	114.0	185.0	278.0	

Oie cendrée	0.0	0.0	0.0	0.0	0.0	0.0	0.0	0.0	0.0	0.0	0.0	0.0	0.0	0.0	0.0	0.0	0.0	0.0	0.0	0.0	0.0	0.0	0.0	0.0	0.0	0.0	0.0	0.0	0.0	0.0	0.0	0.0	0.0	0.0	0.0	0.0	0.0	0.0	0.0	0.0	0.0015	0.0	0.0	0.0	0.0	0.0	0.0	0.0035971	
Cygne tuberculé	0.0	0.0	0.0	0.0	0.0	0.0	0.0	0.0	0.0	0.0	0.0	0.0	0.0	0.0	0.0	0.0	0.0	0.0	0.0	0.0	0.0	0.0	0.0	0.0	0.0	0.0	0.0	0.0	0.0	0.0	0.0	0.0	0.0	0.0	0.0	0.0	0.0	0.0	0.0	0.0067568	0.0	0.0	0.0	0.0	0.0	0.0	0.0	0.0	
Ouette d'Égypte	0.0015	0.0042373	0.0	0.0035336	0.0045249	0.0	0.0	0.0085106	0.0	0.0	0.0	0.0	0.0	0.0	0.0	0.0	0.0	0.0	0.0	0.001368	0.0	0.0	0.0	0.0	0.0	0.0	0.0	0.0	0.0	0.0	0.0	0.0	0.0	0.0	0.0	0.0	0.0	0.0060241	0.0	0.0	0.0	0.0	0.0	0.0	0.0	0.0	0.0	0.0	
Tadorne casarca	0.0	0.0	0.0	0.0	0.0	0.0	0.0015	0.0015	0.0	0.0	0.0	0.0	0.0	0.0	0.0	0.0	0.0023529	0.0018692	0.0	0.0	0.0	0.0015	0.0	0.0	0.0	0.0	0.0	0.0	0.0	0.0	0.0	0.0	0.0049505	0.0	0.0	0.0	0.0	0.0060241	0.0	0.0	0.0	0.0	0.0	0.0	0.0	0.0	0.0	0.0	
Tadorne de Belon	0.0	0.0	0.0	0.0	0.0	0.0	0.0	0.0	0.0	0.0	0.0	0.0	0.0	0.0	0.0	0.0	0.0	0.0	0.0	0.0	0.0	0.0	0.0	0.0	0.0	0.0	0.0	0.0	0.0	0.0	0.0	0.0	0.0	0.0	0.0	0.0	0.0	0.0	0.0	0.0	0.0	0.0	0.0	0.0015	0.0015	0.0	0.0	0.0	
Canard musqué	0.0	0.0084746	0.0	0.0035336	0.0	0.0	0.0	0.0	0.0125786	0.0042017	0.0033784	0.0022124	0.0015	0.0023981	0.0	0.0	0.0	0.0	0.0021368	0.002736	0.0	0.0020661	0.0	0.0	0.0	0.0045045	0.0	0.0061162	0.0	0.0044643	0.0	0.0	0.0049505	0.0	0.0	0.0	0.0	0.0060241	0.0081967	0.0	0.0	0.0	0.0	0.0	0.0	0.0	0.0	0.0035971	
Canard carolin	0.0	0.0	0.0	0.0	0.0	0.0	0.0	0.0	0.0	0.0	0.0	0.0	0.0	0.0	0.0	0.0	0.0	0.0	0.0	0.0	0.0	0.0	0.0	0.0	0.0	0.0	0.0	0.0061162	0.0	0.0	0.0	0.0054645	0.0	0.0	0.0	0.0	0.0	0.0060241	0.0	0.0	0.0	0.0	0.0	0.0	0.0	0.0	0.0	0.0	
Canard mandarin	0.0	0.0042373	0.0	0.0	0.0	0.0	0.0	0.0	0.0	0.0	0.0	0.0	0.0	0.0	0.0	0.0	0.0	0.0	0.0	0.0	0.0	0.0	0.0	0.0	0.0	0.0	0.0	0.0	0.0	0.0	0.0	0.0	0.0	0.0	0.0	0.0	0.0	0.0	0.0	0.0	0.0	0.0	0.0	0.0	0.0	0.0	0.0	0.0	
Sarcelle d'été	0.0	0.0	0.0	0.0	0.0	0.0	0.0	0.0	0.0	0.0	0.0033784	0.0044248	0.0	0.0	0.0	0.0	0.0	0.0	0.0	0.0	0.0	0.0	0.0	0.0	0.0	0.0	0.0	0.0	0.0	0.0	0.0	0.0	0.0	0.0	0.0	0.0	0.0	0.0	0.0	0.0	0.0	0.0	0.0	0.0	0.0	0.0	0.0	0.0	
Canard souchet	0.0044053	0.0	0.0138889	0.0	0.0015	0.0045872	0.0	0.0085106	0.0062893	0.0	0.0101351	0.0022124	0.0	0.0	0.0	0.0	0.0	0.0018692	0.0	0.0	0.0	0.0	0.0	0.0	0.0	0.0	0.0	0.0	0.0	0.0	0.0	0.0081967	0.0148515	0.0055866	0.0189873	0.005	0.004878	0.0	0.0081967	0.0067568	0.009009	0.0074627	0.0015	0.0015	0.0084746	0.0	0.0	0.0035971	
Canard chipeau	0.0	0.0127119	0.0	0.0	0.0	0.0	0.0	0.0	0.0	0.0	0.0033784	0.0044248	0.0	0.0015	0.0	0.0	0.0	0.0	0.0	0.0	0.0	0.0	0.0	0.0	0.0	0.0	0.005291	0.0	0.0	0.0015	0.0	0.0027322	0.0	0.0	0.0	0.0	0.0	0.0060241	0.0	0.0	0.0	0.0	0.0015	0.0068493	0.0	0.0087719	0.0108108	0.0	
Canard siffleur	0.0	0.0042373	0.0046296	0.0106007	0.0015	0.0	0.0	0.0042553	0.0	0.0015	0.0	0.0	0.0	0.0	0.0	0.0	0.0	0.0	0.0	0.0	0.0	0.0	0.0	0.0	0.0	0.0	0.0	0.0	0.0	0.0	0.0	0.0	0.0	0.0	0.0	0.0015	0.004878	0.0060241	0.0	0.0	0.018018	0.0074627	0.0	0.0	0.0	0.0	0.0162162	0.0071942	
Canard colvert	0.0792952	0.0889831	0.0972222	0.155477	0.0995475	0.1192661	0.0826446	0.1021277	0.1383648	0.0798319	0.1587838	0.1039823	0.0885246	0.1031175	0.0767263	0.0587484	0.0494118	0.0635514	0.0448718	0.0341997	0.0470085	0.0289256	0.0313589	0.0390625	0.0373333	0.0630631	0.0529101	0.0733945	0.0546875	0.0669643	0.1078838	0.079235	0.0792079	0.0949721	0.1202532	0.16	0.0682927	0.1084337	0.1639344	0.0675676	0.1081081	0.0895522	0.0515464	0.0684932	0.059322	0.0614035	0.0756757	0.0647482	
Hybride Canard musqué x C. colvert	0.0	0.0	0.0046296	0.0	0.0	0.0	0.0	0.0	0.0	0.0	0.0	0.0	0.0	0.0	0.0	0.0	0.0	0.0	0.0	0.0	0.0	0.0	0.0	0.0	0.0	0.0015	0.0	0.0030581	0.0	0.0	0.0	0.0	0.0	0.0	0.0	0.0	0.0	0.0	0.0	0.0	0.0	0.0	0.0	0.0	0.0	0.0	0.0	0.0	
Canard pilet	0.0044053	0.0	0.0	0.0	0.0015	0.0	0.0041322	0.0	0.0	0.0	0.0101351	0.0	0.0	0.0	0.0	0.0	0.0	0.0	0.0	0.0	0.0	0.0	0.0	0.0	0.0	0.0	0.0	0.0	0.0	0.0	0.0	0.0	0.0	0.0	0.0063291	0.0	0.0	0.0	0.0081967	0.0015	0.009009	0.0223881	0.0103093	0.0	0.0	0.0	0.0	0.0	
Sarcelle d'hiver	0.0132159	0.0127119	0.0046296	0.0388693	0.0180995	0.0137615	0.0123967	0.012766	0.0314465	0.0042017	0.0236486	0.039823	0.0163934	0.0047962	0.0025575	0.0012771	0.0	0.0018692	0.0021368	0.0015	0.0	0.0	0.0069686	0.0039063	0.0053333	0.0	0.005291	0.0	0.0	0.0	0.0041494	0.010929	0.009901	0.0055866	0.0189873	0.04	0.004878	0.0180723	0.0409836	0.0135135	0.009009	0.0149254	0.0206186	0.0068493	0.0169492	0.0175439	0.0324324	0.0107914	
Anas sp.	0.0	0.0	0.0	0.0	0.0	0.0	0.0	0.0	0.0	0.0	0.0	0.0	0.0	0.0	0.0	0.0	0.0	0.0	0.0	0.0	0.0	0.0	0.0	0.0	0.0	0.0	0.0	0.0	0.0	0.0	0.0	0.0	0.0	0.0055866	0.0	0.0	0.0	0.0	0.0081967	0.0	0.0	0.0	0.0	0.0	0.0	0.0	0.0054054	0.0	
sarcelle sp.	0.0	0.0	0.0	0.0	0.0	0.0	0.0	0.0	0.0	0.0	0.0	0.0	0.0	0.0	0.0	0.0	0.0	0.0	0.0	0.0	0.0	0.0	0.0	0.0	0.0	0.0	0.0	0.0	0.0	0.0	0.0	0.0	0.0	0.0	0.0	0.0	0.0	0.0	0.0	0.0	0.0	0.0	0.0	0.0	0.0	0.0	0.0	0.0035971	
anatidé sp. (canard barboteur sp.)	0.0	0.0042373	0.0	0.0	0.0	0.0	0.0	0.0	0.0	0.0	0.0	0.0	0.0	0.0	0.0	0.0	0.0	0.0	0.0	0.0	0.0	0.0	0.0	0.0	0.0	0.0	0.0	0.0	0.0	0.0	0.0	0.0	0.0	0.0	0.0	0.005	0.0	0.0	0.0	0.0	0.0	0.0	0.0	0.0	0.0	0.0	0.0	0.0	
Fuligule milouin	0.0	0.0	0.0	0.0	0.0015	0.0	0.0	0.0	0.0	0.0	0.0	0.0	0.0	0.0	0.0	0.0	0.0	0.0	0.0	0.0	0.0	0.0	0.0	0.0	0.0	0.0	0.0	0.0	0.0	0.0	0.0	0.0	0.0	0.0	0.0	0.0	0.0	0.0	0.0	0.0	0.0	0.0	0.0015	0.0	0.0	0.0	0.0	0.0	
Fuligule morillon	0.0	0.0042373	0.0	0.0	0.0	0.0	0.0	0.0	0.0	0.0	0.0	0.0	0.0	0.0	0.0	0.0	0.0	0.0	0.0	0.0	0.0	0.0	0.0	0.0	0.0	0.0	0.0	0.0	0.0	0.0	0.0	0.0	0.0	0.0	0.0	0.0	0.0	0.0	0.0	0.0	0.0	0.0	0.0103093	0.0	0.0	0.0	0.0	0.0	
anatidé sp. (canard sp.)	0.0	0.0	0.0	0.0	0.0	0.0	0.0	0.0	0.0	0.0	0.0	0.0	0.0	0.0	0.0	0.0	0.0	0.0	0.0	0.0	0.0	0.0	0.0	0.0	0.0	0.0	0.0	0.0	0.0	0.0044643	0.0	0.0054645	0.0	0.0	0.0	0.0	0.0	0.0	0.0	0.0	0.0	0.0	0.0	0.0	0.0	0.0	0.0	0.0	
sauvagine sp.	0.0	0.0	0.0	0.0	0.0	0.0	0.0	0.0	0.0	0.0	0.0	0.0022124	0.0	0.0	0.0	0.0	0.0	0.0	0.0	0.0	0.0	0.0	0.0	0.0	0.0	0.0	0.0	0.0015	0.0	0.0	0.0	0.0027322	0.0	0.0	0.0063291	0.0	0.0	0.0015	0.0	0.0	0.0	0.0	0.0	0.0	0.0	0.0	0.0	0.0	
Faisan de Colchide	0.0	0.0	0.0	0.0	0.0	0.0	0.0	0.0	0.0	0.0	0.0	0.0	0.0	0.0	0.0	0.0	0.0	0.0	0.0	0.0	0.0	0.0	0.0	0.0	0.0	0.0	0.0	0.0	0.0	0.0	0.0	0.0	0.0	0.0	0.0	0.0	0.0015	0.0060241	0.0	0.0	0.0	0.0	0.0	0.0	0.0	0.0	0.0	0.0	
Caille des blés	0.0	0.0042373	0.0	0.0035336	0.0	0.0	0.0041322	0.0042553	0.0314465	0.0462185	0.0101351	0.079646	0.0688525	0.1270983	0.1713555	0.1570881	0.1529412	0.1401869	0.1581197	0.1627907	0.1880342	0.1756198	0.2160279	0.2167969	0.144	0.0855856	0.0793651	0.0428135	0.0195313	0.0133929	0.0082988	0.0081967	0.0049505	0.0055866	0.0015	0.01	0.0146341	0.0015	0.0	0.0015	0.0	0.0	0.0	0.0015	0.0	0.0	0.0015	0.0	
Perdrix rouge	0.0440529	0.059322	0.0277778	0.0636042	0.0633484	0.0275229	0.0495868	0.1021277	0.0691824	0.1008403	0.0777027	0.0752212	0.0852459	0.0911271	0.1176471	0.0842912	0.1270588	0.1158879	0.1089744	0.1025992	0.0811966	0.0971074	0.0731707	0.1015625	0.0426667	0.0585586	0.0529101	0.0519878	0.0234375	0.0267857	0.0373444	0.0409836	0.0445545	0.0614525	0.0506329	0.06	0.0926829	0.0481928	0.0409836	0.027027	0.018018	0.0671642	0.0412371	0.0273973	0.0423729	0.0263158	0.0162162	0.0359712	
Pigeon biset	0.1365639	0.1016949	0.1296296	0.1448763	0.1312217	0.1009174	0.0867769	0.1276596	0.1509434	0.1218487	0.0608108	0.0884956	0.0885246	0.0959233	0.0895141	0.0996169	0.0894118	0.082243	0.0940171	0.1039672	0.0982906	0.0929752	0.0766551	0.078125	0.0826667	0.1126126	0.1111111	0.1223242	0.1523438	0.09375	0.1286307	0.0983607	0.0792079	0.1284916	0.1202532	0.1	0.0731707	0.1204819	0.1721311	0.1216216	0.1081081	0.0671642	0.0618557	0.109589	0.1016949	0.0350877	0.0810811	0.0683453	
Pigeon colombin	0.0088106	0.0	0.0046296	0.0035336	0.0	0.0	0.0041322	0.0	0.0062893	0.0	0.0033784	0.0	0.0	0.0	0.0	0.0	0.0	0.0	0.0	0.0	0.0	0.0	0.0	0.0	0.0	0.0	0.0	0.0	0.0	0.0	0.0	0.0	0.0	0.0	0.0	0.0	0.0	0.0	0.0	0.0	0.0	0.0074627	0.0	0.0	0.0	0.0	0.0	0.0	
Pigeon ramier	0.1585903	0.1610169	0.2546296	0.2438163	0.158371	0.1926606	0.1487603	0.187234	0.2767296	0.2226891	0.3006757	0.2676991	0.2754098	0.3285372	0.3350384	0.3435504	0.3152941	0.3439252	0.3354701	0.3310534	0.3376068	0.322314	0.3310105	0.3242188	0.2826667	0.2882883	0.3015873	0.3058104	0.3203125	0.2991071	0.3070539	0.3060109	0.2277228	0.2793296	0.2405063	0.23	0.2195122	0.1566265	0.2622951	0.2094595	0.1711712	0.1641791	0.0927835	0.1712329	0.1186441	0.1403509	0.1135135	0.1726619	
Columba sp.	0.0	0.0042373	0.0046296	0.0	0.0	0.0	0.0	0.0042553	0.0	0.0	0.0	0.0022124	0.0015	0.0023981	0.0025575	0.0	0.0	0.0	0.0021368	0.0	0.0	0.0	0.0	0.0	0.0	0.0	0.0	0.0	0.0039063	0.0044643	0.0	0.0027322	0.0	0.0	0.0	0.0	0.0	0.0015	0.0	0.0067568	0.0	0.0	0.0	0.0	0.0	0.0	0.0	0.0035971	
Tourterelle des bois	0.0	0.0	0.0	0.0	0.0	0.0	0.0	0.0	0.0	0.0	0.0	0.0	0.0	0.0095923	0.028133	0.0600255	0.0917647	0.1046729	0.1324786	0.128591	0.1730769	0.1694215	0.1567944	0.0917969	0.0773333	0.1261261	0.0687831	0.1314985	0.0625	0.0892857	0.0829876	0.0546448	0.0594059	0.0335196	0.0063291	0.0	0.0	0.0	0.0	0.0	0.0	0.0	0.0	0.0	0.0	0.0	0.0	0.0	
Tourterelle turque	0.0881057	0.0550847	0.1018519	0.1060071	0.1538462	0.1422018	0.1239669	0.1361702	0.163522	0.1470588	0.1283784	0.1659292	0.1377049	0.1798561	0.168798	0.1545338	0.1529412	0.1345794	0.1324786	0.1969904	0.1431624	0.1508264	0.174216	0.1308594	0.1386667	0.2207207	0.1322751	0.1926606	0.1601563	0.15625	0.2323651	0.2240437	0.1930693	0.1340782	0.1772152	0.095	0.1317073	0.1506024	0.1311475	0.0945946	0.1081081	0.0671642	0.0927835	0.0890411	0.0508475	0.0526316	0.0810811	0.0791367	
Streptopelia sp.	0.0	0.0	0.0	0.0	0.0	0.0	0.0	0.0	0.0	0.0	0.0	0.0	0.0	0.0023981	0.0	0.0012771	0.0	0.0	0.0	0.0	0.0	0.0	0.0	0.0	0.0	0.0	0.0	0.0	0.0	0.0	0.0	0.0	0.0	0.0	0.0	0.0	0.004878	0.0	0.0	0.0	0.0	0.0	0.0	0.0	0.0	0.0	0.0	0.0	
Grande Outarde	0.0	0.0	0.0	0.0	0.0	0.0	0.0	0.0	0.0	0.0	0.0	0.0	0.0	0.0	0.0	0.0	0.0	0.0	0.0	0.0	0.0021368	0.0	0.0	0.0	0.0015	0.0	0.0	0.0122324	0.0	0.0044643	0.0	0.0027322	0.0148515	0.0	0.0	0.0	0.0	0.0	0.0	0.0	0.0	0.0	0.0	0.0	0.0	0.0	0.0	0.0	
Coucou geai	0.0	0.0	0.0	0.0	0.0	0.0	0.0	0.0042553	0.0188679	0.0015	0.0067568	0.0154867	0.0196721	0.0143885	0.0153453	0.0012771	0.0023529	0.0093458	0.0106838	0.001368	0.0015	0.0	0.0069686	0.0058594	0.0	0.0	0.010582	0.0	0.0	0.0	0.0	0.0	0.0	0.0	0.0	0.0	0.0	0.0	0.0	0.0	0.0	0.0	0.0	0.0	0.0	0.0	0.0	0.0	
Coucou gris	0.0	0.0	0.0	0.0	0.0	0.0	0.0041322	0.0	0.0062893	0.0420168	0.1959459	0.340708	0.4885246	0.5707434	0.5294118	0.5236271	0.5270588	0.4971963	0.491453	0.4281806	0.2777778	0.1900826	0.0731707	0.0332031	0.016	0.018018	0.005291	0.0091743	0.0039063	0.0	0.0041494	0.0027322	0.0	0.0	0.0	0.0	0.0	0.0	0.0	0.0	0.0	0.0	0.0	0.0	0.0	0.0	0.0	0.0	
Engoulevent à collier roux	0.0	0.0	0.0	0.0	0.0	0.0	0.0	0.0	0.0	0.0	0.0	0.0	0.0	0.0	0.0025575	0.0025543	0.0023529	0.0018692	0.0015	0.001368	0.0128205	0.0041322	0.0069686	0.0058594	0.0015	0.0015	0.0015	0.0015	0.0039063	0.0015	0.0	0.0	0.0	0.0	0.0063291	0.005	0.0	0.0	0.0	0.0	0.0	0.0	0.0	0.0	0.0	0.0	0.0	0.0	
Engoulevent d'Europe	0.0	0.0	0.0	0.0	0.0	0.0	0.0	0.0	0.0	0.0	0.0	0.0	0.0015	0.0	0.0015	0.0012771	0.0047059	0.0037383	0.0192308	0.0095759	0.017094	0.0247934	0.0069686	0.0351563	0.008	0.0135135	0.015873	0.0336391	0.0039063	0.0267857	0.0290456	0.0081967	0.0148515	0.0015	0.0063291	0.0015	0.0146341	0.0015	0.0081967	0.0015	0.0	0.0	0.0	0.0	0.0	0.0	0.0	0.0	
Engoulevent à collier roux ou E. d'Europe	0.0	0.0	0.0	0.0	0.0	0.0	0.0	0.0	0.0	0.0	0.0	0.0	0.0	0.0	0.0	0.0015	0.0	0.0	0.0015	0.0015	0.0	0.0	0.0	0.0019531	0.0015	0.0	0.0	0.0	0.0015	0.0015	0.0	0.0	0.0	0.0	0.0	0.0015	0.004878	0.0	0.0015	0.0	0.0	0.0	0.0	0.0	0.0	0.0	0.0	0.0	
Caprimulgus sp.	0.0	0.0	0.0	0.0	0.0	0.0	0.0	0.0	0.0	0.0	0.0	0.0	0.0	0.0	0.0	0.0	0.0	0.0015	0.0	0.0	0.0	0.0	0.0	0.0	0.0	0.0	0.0	0.0	0.0	0.0	0.0	0.0015	0.0	0.0	0.0	0.0	0.0	0.0	0.0	0.0	0.0	0.0	0.0	0.0	0.0	0.0	0.0	0.0	
engoulevent sp.	0.0	0.0	0.0	0.0	0.0	0.0	0.0	0.0	0.0	0.0	0.0	0.0	0.0	0.0	0.0	0.0	0.0	0.0	0.0	0.0	0.0	0.0	0.0	0.0	0.0	0.0	0.0	0.0030581	0.0	0.0	0.0	0.0	0.0	0.0	0.0	0.0	0.0	0.0	0.0	0.0	0.0	0.0	0.0	0.0	0.0	0.0	0.0	0.0	
Martinet à ventre blanc	0.0	0.0	0.0	0.0	0.0	0.0	0.0	0.0	0.0	0.0	0.0033784	0.0154867	0.0032787	0.0071942	0.0025575	0.0025543	0.0070588	0.0093458	0.0	0.001368	0.0021368	0.0041322	0.010453	0.0058594	0.0015	0.0	0.015873	0.0030581	0.0078125	0.0223214	0.0082988	0.010929	0.0148515	0.0055866	0.0063291	0.0	0.0	0.0	0.0081967	0.0	0.0	0.0	0.0	0.0	0.0	0.0	0.0	0.0	
Martinet noir	0.0	0.0	0.0	0.0	0.0	0.0	0.0	0.0	0.0	0.0	0.0	0.0015	0.0327869	0.0695444	0.1227621	0.1787995	0.2188235	0.2168224	0.2991453	0.3132695	0.3076923	0.3264463	0.2857143	0.3027344	0.288	0.2837838	0.2275132	0.1896024	0.140625	0.1026786	0.1369295	0.0628415	0.029703	0.0111732	0.0063291	0.005	0.0	0.0060241	0.0015	0.0	0.0	0.0	0.0	0.0	0.0	0.0	0.0	0.0	
Martinet pâle	0.0	0.0	0.0	0.0	0.0	0.0	0.0	0.0	0.0	0.0042017	0.0168919	0.0199115	0.0459016	0.0311751	0.0255754	0.0344828	0.0376471	0.0280374	0.034188	0.0410397	0.0491453	0.0433884	0.0731707	0.0742188	0.1466667	0.0855856	0.031746	0.0795107	0.1015625	0.0669643	0.120332	0.0737705	0.1039604	0.0614525	0.0443038	0.035	0.0243902	0.0180723	0.0015	0.0	0.0	0.0	0.0	0.0	0.0	0.0	0.0	0.0	
Martinet noir ou M. pâle	0.0	0.0	0.0	0.0	0.0	0.0	0.0	0.0	0.0	0.0042017	0.0202703	0.0110619	0.042623	0.0359712	0.0306905	0.0446999	0.0635294	0.082243	0.0555556	0.0601915	0.0790598	0.0826446	0.1254355	0.0800781	0.12	0.1351351	0.1216931	0.1192661	0.109375	0.09375	0.0497925	0.0437158	0.0445545	0.0391061	0.0253165	0.01	0.0243902	0.0120482	0.0	0.0015	0.009009	0.0	0.0	0.0	0.0	0.0	0.0	0.0	
Martinet cafre	0.0	0.0	0.0	0.0	0.0	0.0	0.0	0.0	0.0	0.0	0.0	0.0	0.0	0.0	0.0	0.0	0.0	0.0	0.0	0.0	0.0	0.0	0.0034843	0.0	0.0	0.0	0.0	0.0	0.0	0.0	0.0	0.0	0.0	0.0	0.0	0.0	0.0	0.0015	0.0	0.0	0.0	0.0	0.0	0.0	0.0	0.0	0.0	0.0	
Apus ou Tachymarptis sp.	0.0	0.0	0.0	0.0	0.0	0.0	0.0	0.0	0.0	0.0	0.0015	0.0	0.0	0.0	0.0	0.0012771	0.0	0.0	0.0015	0.001368	0.0021368	0.0	0.0	0.0	0.0015	0.0045045	0.010582	0.0030581	0.0	0.0044643	0.0041494	0.0	0.0	0.0	0.0	0.0	0.0015	0.0	0.0081967	0.0	0.0	0.0	0.0	0.0	0.0	0.0	0.0	0.0	
apodidé sp.	0.0	0.0	0.0	0.0	0.0	0.0	0.0	0.0	0.0	0.0	0.0	0.0	0.0	0.0	0.0	0.0015	0.0	0.0	0.0	0.001368	0.0	0.0	0.0	0.0	0.0	0.0	0.0	0.0	0.0	0.0	0.0	0.0	0.0	0.0	0.0	0.0	0.0	0.0	0.0	0.0	0.0	0.0	0.0	0.0	0.0	0.0	0.0	0.0	
Râle d'eau	0.0044053	0.0127119	0.0046296	0.0176678	0.0045249	0.0045872	0.0015	0.0085106	0.0062893	0.0084034	0.0033784	0.0088496	0.0065574	0.0023981	0.0025575	0.0012771	0.0023529	0.0	0.0	0.0	0.0	0.0020661	0.0034843	0.0	0.0026667	0.0045045	0.0	0.0122324	0.0078125	0.0044643	0.0290456	0.0136612	0.019802	0.0167598	0.0126582	0.04	0.0097561	0.0240964	0.0	0.0135135	0.009009	0.0	0.0015	0.0068493	0.0	0.0	0.0216216	0.0107914	
Râle des genêts	0.0	0.0	0.0	0.0	0.0	0.0	0.0	0.0	0.0	0.0	0.0	0.0	0.0	0.0	0.0	0.0	0.0	0.0	0.0	0.0	0.0	0.0	0.0	0.0	0.0	0.0	0.0	0.0	0.0	0.0	0.0	0.0	0.0	0.0	0.0	0.0	0.0015	0.0	0.0	0.0	0.0	0.0	0.0	0.0	0.0	0.0	0.0	0.0	
Gallinule poule-d'eau	0.0220264	0.029661	0.0416667	0.0212014	0.0271493	0.0275229	0.0	0.0297872	0.0377358	0.0420168	0.0439189	0.050885	0.0229508	0.0311751	0.0153453	0.0217114	0.0117647	0.0130841	0.0192308	0.0177839	0.0213675	0.0227273	0.0174216	0.0351563	0.0266667	0.0540541	0.037037	0.058104	0.0390625	0.0223214	0.0580913	0.0273224	0.039604	0.0167598	0.0506329	0.06	0.0439024	0.0481928	0.0409836	0.0540541	0.027027	0.0447761	0.0206186	0.0342466	0.0338983	0.0526316	0.0378378	0.0251799	
Foulque macroule	0.0	0.0	0.0046296	0.0	0.0	0.0	0.0	0.0042553	0.0062893	0.0	0.0	0.0132743	0.0098361	0.0023981	0.0	0.0	0.0	0.0	0.0	0.001368	0.0	0.0	0.0	0.0015	0.0026667	0.0	0.0	0.0	0.0015	0.0	0.0	0.0027322	0.0	0.0	0.0	0.005	0.004878	0.0	0.0081967	0.0	0.0	0.0149254	0.0	0.0068493	0.0	0.0	0.0054054	0.0	
Marouette poussin	0.0	0.0	0.0	0.0	0.0	0.0	0.0	0.0	0.0	0.0	0.0	0.0022124	0.0	0.0	0.0	0.0	0.0	0.0	0.0	0.0	0.0	0.0	0.0	0.0	0.0	0.0	0.0	0.0	0.0	0.0	0.0	0.0	0.0	0.0	0.0	0.0	0.0	0.0	0.0	0.0	0.0	0.0	0.0	0.0	0.0	0.0	0.0	0.0	
Oedicnème criard	0.0	0.0	0.0	0.0	0.0	0.0	0.0	0.0	0.0	0.0	0.0	0.0	0.0	0.0	0.0	0.0025543	0.0	0.0015	0.0	0.0015	0.0021368	0.0020661	0.0	0.0	0.0	0.0015	0.0	0.0015	0.0	0.0	0.0	0.0	0.0	0.0	0.0	0.0	0.0	0.0	0.0	0.0	0.0	0.0	0.0	0.0	0.0	0.0	0.0	0.0	
Échasse blanche	0.0	0.0	0.0	0.0	0.0	0.0	0.0	0.0	0.0	0.0	0.0	0.0088496	0.0065574	0.0023981	0.0025575	0.0	0.0	0.0	0.0	0.0	0.0	0.0020661	0.0015	0.0019531	0.0	0.0045045	0.0	0.0	0.0	0.0044643	0.0	0.0	0.0	0.0	0.0	0.005	0.0	0.0	0.0	0.0	0.0	0.0	0.0	0.0	0.0	0.0	0.0	0.0	
Avocette élégante	0.0044053	0.0	0.0092593	0.0	0.0	0.0	0.0	0.0	0.0	0.0	0.0015	0.0022124	0.0065574	0.0	0.0	0.0	0.0	0.0	0.0	0.0	0.0	0.0	0.0	0.0	0.0	0.0	0.0	0.0	0.0	0.0	0.0	0.0	0.0015	0.0055866	0.0063291	0.0	0.0	0.0	0.0	0.0	0.009009	0.0	0.0	0.0015	0.0084746	0.0	0.0	0.0	
Pluvier doré	0.0044053	0.0042373	0.0185185	0.0141343	0.0045249	0.0275229	0.0015	0.0042553	0.0062893	0.0015	0.0	0.0022124	0.0	0.0	0.0	0.0	0.0	0.0	0.0	0.0	0.0	0.0	0.0	0.0	0.0	0.0	0.0	0.0	0.0	0.0	0.0	0.0	0.0	0.0	0.0	0.0	0.0	0.0	0.0	0.0	0.0	0.0	0.0	0.0015	0.0	0.0015	0.0108108	0.0	
Guignard d’Eurasie	0.0	0.0	0.0	0.0	0.0	0.0	0.0	0.0	0.0	0.0	0.0	0.0	0.0	0.0	0.0	0.0	0.0	0.0	0.0	0.0	0.0	0.0	0.0	0.0	0.0	0.0	0.0	0.0	0.0	0.0	0.0	0.0	0.0	0.0167598	0.0	0.0	0.0	0.0	0.0	0.0	0.0	0.0	0.0	0.0	0.0	0.0	0.0	0.0	
Grand Gravelot	0.0	0.0	0.0	0.0	0.0	0.0	0.0	0.0	0.0	0.0	0.0	0.0	0.0	0.0	0.0015	0.0012771	0.0	0.0018692	0.0015	0.004104	0.0	0.0	0.0	0.0	0.0	0.0	0.0	0.0	0.0	0.0089286	0.0041494	0.0081967	0.0049505	0.0223464	0.0443038	0.02	0.0146341	0.0015	0.0	0.0	0.0	0.0	0.0	0.0	0.0	0.0	0.0	0.0	
Petit Gravelot	0.0	0.0	0.0	0.0	0.0	0.0	0.0	0.0	0.0062893	0.0	0.0067568	0.0154867	0.0065574	0.0119904	0.0051151	0.00894	0.0047059	0.0130841	0.0106838	0.0150479	0.0277778	0.018595	0.0243902	0.0175781	0.016	0.018018	0.021164	0.0214067	0.015625	0.03125	0.0124481	0.0327869	0.0148515	0.0670391	0.0443038	0.025	0.004878	0.0060241	0.0	0.0	0.0	0.0	0.0	0.0	0.0	0.0	0.0	0.0	
Vanneau huppé	0.0528634	0.0550847	0.0601852	0.0530035	0.0316742	0.0458716	0.0289256	0.0340426	0.0188679	0.0015	0.0033784	0.0	0.0	0.0	0.0	0.0	0.0	0.0	0.0	0.0	0.0	0.0	0.0	0.0	0.0	0.0045045	0.005291	0.0030581	0.0078125	0.0044643	0.0	0.0081967	0.009901	0.0111732	0.0253165	0.015	0.0146341	0.0301205	0.0163934	0.0067568	0.0720721	0.0149254	0.0206186	0.0479452	0.0423729	0.0087719	0.0648649	0.028777	
Gravelot sp.	0.0	0.0	0.0	0.0	0.0	0.0	0.0	0.0	0.0	0.0	0.0033784	0.0	0.0	0.0	0.0015	0.0	0.0	0.0	0.0	0.0	0.0	0.0	0.0	0.0	0.0	0.0	0.0	0.0	0.0	0.0089286	0.0	0.0	0.0	0.0167598	0.0063291	0.0	0.004878	0.0	0.0	0.0	0.0	0.0	0.0	0.0	0.0	0.0	0.0	0.0	
Courlis corlieu	0.0	0.0	0.0	0.0	0.0	0.0	0.0	0.0	0.0	0.0	0.0	0.0	0.0	0.0	0.0051151	0.0	0.0	0.0	0.0	0.0	0.0	0.0	0.0	0.0	0.0	0.0	0.0	0.0	0.0	0.0	0.0	0.0	0.0	0.0	0.0	0.0	0.0	0.0	0.0	0.0	0.0	0.0	0.0	0.0	0.0	0.0	0.0	0.0	
Barge à queue noire	0.0	0.0	0.0	0.0	0.0	0.0	0.0	0.0	0.0	0.0	0.0	0.0	0.0	0.0	0.0	0.0	0.0	0.0	0.0	0.0	0.0	0.0	0.0	0.0	0.0	0.0	0.0	0.0061162	0.0	0.0	0.0	0.0	0.0	0.0	0.0015	0.0	0.0	0.0	0.0	0.0	0.0	0.0	0.0	0.0	0.0	0.0	0.0	0.0	
Bécassine sourde	0.0	0.0	0.0	0.0	0.0	0.0	0.0	0.0	0.0	0.0	0.0	0.0	0.0	0.0	0.0	0.0	0.0	0.0	0.0	0.0	0.0	0.0	0.0	0.0	0.0	0.0	0.0	0.0	0.0	0.0	0.0	0.0	0.0	0.0	0.0	0.0	0.0	0.0	0.0	0.0067568	0.0	0.0	0.0	0.0	0.0	0.0	0.0	0.0	
Bécasse des bois	0.0	0.0042373	0.0092593	0.0	0.0090498	0.0045872	0.0	0.0	0.0062893	0.0	0.0	0.0	0.0	0.0	0.0	0.0	0.0	0.0	0.0	0.0	0.0	0.0	0.0	0.0	0.0	0.0	0.0	0.0	0.0	0.0	0.0	0.0	0.0	0.0	0.0	0.0	0.0	0.0	0.0	0.0	0.0	0.0015	0.0	0.0015	0.0015	0.0015	0.0015	0.0015	
Bécassine des marais	0.0132159	0.0084746	0.0046296	0.0212014	0.0090498	0.0045872	0.0041322	0.0015	0.0125786	0.0	0.0015	0.0044248	0.0032787	0.0023981	0.0	0.0	0.0	0.0	0.0	0.0	0.0	0.0	0.0	0.0	0.0	0.0	0.0	0.0	0.0	0.0	0.0082988	0.0054645	0.0	0.0335196	0.0253165	0.015	0.0195122	0.0180723	0.0163934	0.0067568	0.0015	0.0149254	0.0103093	0.0015	0.0169492	0.0	0.0054054	0.0107914	
Gallinago sp.	0.0	0.0	0.0	0.0	0.0	0.0	0.0	0.0	0.0	0.0	0.0	0.0	0.0	0.0	0.0	0.0	0.0	0.0	0.0	0.0	0.0	0.0	0.0	0.0	0.0	0.0	0.0	0.0	0.0	0.0	0.0	0.0	0.0	0.0	0.0	0.0	0.0	0.0	0.0	0.0	0.0015	0.0	0.0	0.0	0.0	0.0	0.0054054	0.0	
Chevalier guignette	0.0132159	0.0169492	0.0138889	0.0141343	0.0045249	0.0045872	0.0082645	0.0085106	0.0125786	0.012605	0.0101351	0.0199115	0.0196721	0.0335731	0.0179028	0.0293742	0.0117647	0.0130841	0.0021368	0.0068399	0.0	0.0	0.0	0.0019531	0.0213333	0.036036	0.015873	0.0611621	0.0585938	0.0892857	0.1369295	0.1502732	0.0990099	0.122905	0.1075949	0.145	0.0243902	0.0542169	0.0409836	0.0135135	0.018018	0.0	0.0103093	0.0136986	0.0169492	0.0087719	0.0162162	0.0251799	
Chevalier culblanc	0.030837	0.0211864	0.0138889	0.024735	0.0090498	0.0137615	0.0082645	0.0085106	0.0314465	0.0084034	0.0202703	0.0287611	0.0065574	0.0119904	0.0	0.0	0.0	0.0	0.0	0.0	0.0	0.0	0.0069686	0.015625	0.008	0.0315315	0.031746	0.0336391	0.015625	0.0491071	0.0705394	0.0628415	0.0841584	0.0782123	0.0759494	0.1	0.0487805	0.0722892	0.0819672	0.0202703	0.027027	0.0373134	0.0309278	0.0136986	0.0254237	0.0175439	0.0324324	0.0359712	
Chevalier sylvain	0.0	0.0	0.0	0.0	0.0	0.0	0.0	0.0	0.0	0.0	0.0	0.0	0.0	0.0	0.0	0.0	0.0	0.0	0.0	0.0	0.0	0.0	0.0	0.0	0.0	0.0	0.0	0.0	0.0	0.0089286	0.0041494	0.0054645	0.0049505	0.0	0.0	0.0	0.0	0.0	0.0	0.0	0.0	0.0	0.0	0.0	0.0	0.0	0.0	0.0	
Chevalier gambette	0.0	0.0	0.0	0.0	0.0	0.0	0.0	0.0	0.0	0.0	0.0	0.0132743	0.0	0.0	0.0025575	0.0015	0.0	0.0015	0.0015	0.004104	0.0	0.0020661	0.0	0.0019531	0.0	0.0	0.0	0.0	0.0	0.0015	0.0	0.0	0.0	0.0167598	0.0	0.0	0.0	0.0	0.0	0.0	0.0	0.0	0.0	0.0	0.0	0.0	0.0	0.0	
Chevalier arlequin	0.0	0.0	0.0	0.0	0.0	0.0	0.0	0.0	0.0	0.0	0.0	0.0	0.0	0.0	0.0	0.0	0.0	0.0	0.0	0.0	0.0	0.0	0.0	0.0	0.0	0.0	0.0	0.0	0.0	0.0	0.0	0.0	0.0	0.0055866	0.0	0.0	0.0	0.0	0.0	0.0	0.0	0.0	0.0	0.0	0.0	0.0	0.0	0.0	
Chevalier aboyeur	0.0	0.0	0.0	0.0	0.0	0.0	0.0	0.0	0.0	0.0	0.0	0.0	0.0	0.0	0.0015	0.0012771	0.0	0.0	0.0015	0.0	0.0	0.0	0.0	0.0	0.0	0.0	0.0	0.0030581	0.0	0.0044643	0.0015	0.0163934	0.0346535	0.0335196	0.0379747	0.03	0.004878	0.0060241	0.0	0.0067568	0.009009	0.0015	0.0103093	0.0	0.0	0.0015	0.0	0.0	
Tringa sp.	0.0044053	0.0	0.0	0.0	0.0	0.0	0.0	0.0	0.0	0.0	0.0	0.0	0.0	0.0	0.0	0.0	0.0	0.0	0.0	0.0	0.0	0.0	0.0	0.0	0.0	0.0	0.0	0.0	0.0	0.0	0.0	0.0027322	0.009901	0.0055866	0.0063291	0.0	0.0015	0.0015	0.0081967	0.0	0.0	0.0	0.0	0.0068493	0.0	0.0	0.0	0.0	
Combattant varié	0.0	0.0	0.0	0.0	0.0	0.0	0.0	0.0	0.0	0.0	0.0	0.0	0.0	0.0	0.0	0.0	0.0	0.0	0.0	0.0	0.0	0.0	0.0	0.0	0.0	0.0	0.0	0.0	0.0	0.0	0.0	0.0027322	0.0015	0.0167598	0.0063291	0.0	0.0	0.0	0.0	0.0	0.0	0.0	0.0	0.0	0.0	0.0	0.0	0.0	
Bécasseau cocorli	0.0	0.0	0.0	0.0	0.0	0.0	0.0	0.0	0.0	0.0	0.0	0.0	0.0	0.0	0.0	0.0	0.0	0.0	0.0	0.0	0.0	0.0	0.0	0.0	0.0	0.0	0.0	0.0015	0.0	0.0	0.0	0.0	0.0015	0.0167598	0.0	0.0	0.0	0.0	0.0	0.0	0.0	0.0	0.0	0.0	0.0	0.0	0.0	0.0	
Bécasseau de Temminck	0.0	0.0	0.0	0.0	0.0	0.0	0.0	0.0	0.0	0.0	0.0	0.0	0.0	0.0	0.0	0.0	0.0	0.0	0.0015	0.0	0.0	0.0	0.0	0.0	0.0	0.0	0.0	0.0	0.0	0.0	0.0	0.0	0.0	0.0	0.0	0.005	0.0	0.0	0.0	0.0	0.0	0.0	0.0	0.0	0.0	0.0	0.0	0.0	
Bécasseau sanderling	0.0	0.0	0.0	0.0	0.0	0.0	0.0	0.0	0.0	0.0	0.0	0.0	0.0	0.0	0.0	0.0	0.0	0.0	0.0	0.0	0.0	0.0	0.0	0.0	0.0	0.0	0.0	0.0	0.0	0.0	0.0	0.0	0.0	0.0	0.0	0.005	0.0	0.0	0.0	0.0	0.0	0.0	0.0	0.0	0.0	0.0	0.0	0.0	
Bécasseau variable	0.0	0.0	0.0	0.0	0.0	0.0	0.0	0.0	0.0	0.0	0.0	0.0	0.0032787	0.0	0.0015	0.0	0.0	0.0	0.0	0.0	0.0	0.0	0.0	0.0	0.0	0.0	0.0	0.0030581	0.0	0.0044643	0.0082988	0.010929	0.0049505	0.0111732	0.0316456	0.035	0.004878	0.0015	0.0	0.0	0.0	0.0	0.0	0.0	0.0	0.0	0.0	0.0	
Bécasseau minute	0.0	0.0	0.0	0.0	0.0	0.0	0.0	0.0	0.0	0.0	0.0	0.0	0.0	0.0	0.0	0.0	0.0	0.0	0.0015	0.0	0.0	0.0	0.0	0.0	0.0	0.0	0.0	0.0	0.0	0.0	0.0	0.0027322	0.0	0.0	0.0	0.0015	0.0	0.0	0.0	0.0	0.0	0.0	0.0	0.0	0.0	0.0	0.0	0.0	
Calidris sp.	0.0	0.0	0.0	0.0	0.0	0.0	0.0	0.0	0.0	0.0	0.0	0.0	0.0	0.0	0.0	0.0	0.0	0.0	0.0	0.0	0.0	0.0	0.0	0.0	0.0	0.0	0.0	0.0	0.0	0.0	0.0	0.0027322	0.0	0.0	0.0	0.0	0.0	0.0	0.0	0.0	0.0	0.0	0.0	0.0	0.0	0.0	0.0	0.0	
scolopacidé sp.	0.0	0.0	0.0	0.0	0.0	0.0	0.0	0.0	0.0	0.0	0.0	0.0	0.0	0.0	0.0	0.0	0.0	0.0	0.0	0.0	0.0	0.0	0.0	0.0	0.0	0.0	0.0	0.0	0.0	0.0	0.0	0.0	0.0	0.0	0.0	0.0	0.0	0.0	0.0	0.0	0.0	0.0	0.0	0.0	0.0	0.0	0.0054054	0.0	
Glaréole à collier	0.0	0.0	0.0	0.0	0.0	0.0	0.0	0.0	0.0	0.0	0.0	0.0	0.0	0.0	0.0	0.0	0.0	0.0015	0.0	0.0	0.0	0.0	0.0	0.0	0.0	0.0	0.0	0.0	0.0	0.0	0.0	0.0	0.0	0.0	0.0	0.0	0.0	0.0	0.0	0.0	0.0	0.0	0.0	0.0	0.0	0.0	0.0	0.0	
limicole sp.	0.0	0.0	0.0	0.0	0.0	0.0	0.0	0.0	0.0	0.0	0.0	0.0	0.0	0.0	0.0	0.0	0.0	0.0	0.0	0.0	0.0	0.0	0.0	0.0	0.0	0.0	0.0	0.0	0.0	0.0	0.0041494	0.0	0.0	0.0	0.0	0.0	0.0	0.0	0.0	0.0	0.0	0.0	0.0	0.0	0.0	0.0	0.0	0.0	
Mouette rieuse	0.0	0.0	0.0	0.0	0.0	0.0015	0.0	0.0042553	0.0	0.0042017	0.0015	0.0044248	0.0	0.0	0.0	0.0012771	0.0	0.0015	0.0	0.001368	0.0	0.0061983	0.0139373	0.0058594	0.0026667	0.018018	0.005291	0.0122324	0.0039063	0.0089286	0.0041494	0.0054645	0.0015	0.0223464	0.0253165	0.005	0.0	0.0	0.0	0.0	0.009009	0.0074627	0.0206186	0.0136986	0.0169492	0.0015	0.0	0.0	
Mouette mélanocéphale	0.0	0.0	0.0	0.0	0.0	0.0	0.0	0.0	0.0	0.0	0.0	0.0	0.0	0.0	0.0	0.0	0.0	0.0	0.0	0.0	0.0	0.0	0.0	0.0	0.0015	0.0	0.0	0.0	0.0	0.0	0.0	0.0	0.0	0.0	0.0	0.0	0.0	0.0	0.0	0.0	0.0	0.0	0.0	0.0	0.0	0.0	0.0	0.0	
Goéland leucophée	0.0	0.0	0.0	0.0	0.0	0.0	0.0	0.0	0.0	0.0	0.0	0.0	0.0	0.0	0.0	0.0	0.0	0.0	0.0	0.0	0.0	0.0	0.0	0.0019531	0.0	0.0	0.0	0.0	0.0	0.0	0.0	0.0	0.0	0.0	0.0	0.0	0.0	0.0	0.0	0.0	0.0	0.0	0.0015	0.0	0.0	0.0	0.0	0.0	
Goéland brun	0.0	0.0	0.0	0.0	0.0	0.0	0.0	0.0	0.0062893	0.0042017	0.0	0.0015	0.0	0.0	0.0	0.0025543	0.0	0.0	0.0	0.001368	0.0	0.0	0.0	0.0	0.0015	0.0045045	0.0	0.0	0.0015	0.0	0.0	0.0	0.0	0.0167598	0.0	0.005	0.0	0.0	0.0	0.0	0.018018	0.0074627	0.0015	0.0	0.0	0.0	0.0054054	0.0	
Goéland leucophée ou G. brun	0.0	0.0	0.0	0.0	0.0	0.0	0.0	0.0	0.0	0.0	0.0	0.0022124	0.0	0.0023981	0.0	0.0	0.0	0.0018692	0.0	0.0	0.0	0.0	0.0	0.0	0.0	0.0	0.0	0.0	0.0	0.0	0.0	0.0	0.0	0.0055866	0.0	0.0	0.004878	0.0	0.0	0.0	0.0	0.0	0.0	0.0	0.0	0.0	0.0	0.0	
goéland sp. (Larus sp.)	0.0	0.0	0.0	0.0	0.0	0.0	0.0	0.0	0.0	0.0	0.0	0.0	0.0	0.0	0.0	0.0	0.0	0.0	0.0	0.0	0.0	0.0	0.0	0.0	0.0	0.0	0.0	0.0	0.0	0.0	0.0	0.0	0.0	0.0	0.0	0.0	0.0	0.0	0.0	0.0015	0.0	0.0	0.0015	0.0	0.0	0.0	0.0	0.0	
goéland ou mouette sp.	0.0	0.0	0.0	0.0	0.0	0.0	0.0	0.0	0.0	0.0	0.0	0.0	0.0	0.0	0.0	0.0	0.0	0.0	0.0	0.0	0.0	0.0	0.0	0.0	0.0	0.0	0.0	0.0	0.0	0.0	0.0	0.0	0.0	0.0	0.0	0.0	0.0	0.0	0.0	0.0	0.0	0.0	0.0015	0.0	0.0	0.0	0.0	0.0	
Sterne naine	0.0	0.0	0.0	0.0	0.0	0.0	0.0	0.0	0.0	0.0	0.0	0.0	0.0	0.0	0.0	0.0	0.0	0.0	0.0021368	0.0	0.0	0.0015	0.0	0.0019531	0.0	0.0	0.0	0.0	0.0	0.0	0.0	0.0	0.0	0.0	0.0	0.0	0.0	0.0	0.0	0.0	0.0	0.0	0.0	0.0	0.0	0.0	0.0	0.0	
Guifette noire	0.0	0.0	0.0	0.0	0.0	0.0	0.0	0.0	0.0	0.0	0.0	0.0	0.0	0.0	0.0025575	0.0025543	0.0023529	0.0037383	0.0	0.001368	0.0	0.0	0.0	0.0019531	0.0026667	0.0	0.0	0.0	0.0	0.0	0.0	0.0027322	0.0	0.0055866	0.0	0.0	0.0	0.0060241	0.0	0.0	0.0	0.0	0.0	0.0	0.0	0.0	0.0	0.0	
Sterne pierregarin	0.0	0.0	0.0	0.0	0.0	0.0	0.0	0.0	0.0	0.0	0.0	0.0	0.0	0.0	0.0	0.0015	0.0	0.0	0.0	0.0	0.0	0.0	0.0	0.0	0.0	0.0	0.0	0.0	0.0	0.0	0.0	0.0	0.0	0.0	0.0	0.0	0.0	0.0	0.0	0.0	0.0	0.0	0.0	0.0	0.0	0.0	0.0	0.0	
Sterne caugek	0.0	0.0	0.0	0.0	0.0	0.0	0.0	0.0	0.0	0.0	0.0	0.0	0.0	0.0	0.0	0.0	0.0	0.0	0.0	0.0	0.0	0.0	0.0	0.0019531	0.0	0.0	0.0	0.0	0.0	0.0	0.0	0.0	0.0	0.0	0.0	0.0	0.0	0.0	0.0	0.0	0.0	0.0	0.0	0.0	0.0	0.0	0.0	0.0	
sterne sp.	0.0	0.0	0.0	0.0	0.0	0.0	0.0	0.0	0.0	0.0	0.0	0.0	0.0	0.0	0.0	0.0	0.0	0.0	0.0	0.0	0.0	0.0020661	0.0	0.0	0.0	0.0	0.0	0.0	0.0	0.0	0.0	0.0	0.0	0.0	0.0	0.0	0.0	0.0	0.0	0.0	0.0	0.0	0.0	0.0	0.0	0.0	0.0	0.0	
Grèbe castagneux	0.0704846	0.0635593	0.0740741	0.0600707	0.0361991	0.0275229	0.0206612	0.0340426	0.0440252	0.0420168	0.0236486	0.0309735	0.0196721	0.0239808	0.0051151	0.00894	0.0141176	0.0074766	0.0149573	0.0109439	0.0192308	0.0144628	0.0069686	0.0234375	0.0213333	0.0315315	0.042328	0.030581	0.0351563	0.0535714	0.0456432	0.0874317	0.0643564	0.0614525	0.0886076	0.145	0.0731707	0.0963855	0.0737705	0.0675676	0.0720721	0.0522388	0.0412371	0.0410959	0.0508475	0.0175439	0.0594595	0.028777	
Grèbe huppé	0.0572687	0.0677966	0.037037	0.0742049	0.0497738	0.0458716	0.0413223	0.0468085	0.0628931	0.0378151	0.0743243	0.079646	0.0590164	0.057554	0.0434783	0.0434227	0.0376471	0.0373832	0.0384615	0.0218878	0.0470085	0.0330579	0.0522648	0.0351563	0.0426667	0.018018	0.015873	0.0397554	0.0429688	0.0446429	0.0746888	0.0928962	0.0792079	0.0949721	0.1075949	0.12	0.0487805	0.0783133	0.0901639	0.0608108	0.0810811	0.0298507	0.0412371	0.0547945	0.0338983	0.0263158	0.0324324	0.0395683	
grèbe sp.	0.0	0.0	0.0	0.0	0.0	0.0045872	0.0	0.0	0.0	0.0	0.0	0.0	0.0	0.0	0.0	0.0	0.0	0.0	0.0	0.0	0.0	0.0	0.0	0.0	0.0	0.0	0.0	0.0	0.0	0.0	0.0	0.0	0.0	0.0	0.0	0.0	0.0	0.0	0.0	0.0	0.0	0.0	0.0	0.0	0.0	0.0	0.0	0.0	
Cigogne noire	0.0	0.0	0.0	0.0035336	0.0	0.0	0.0	0.0015	0.0062893	0.0015	0.0015	0.0132743	0.0032787	0.0095923	0.0076726	0.0038314	0.0141176	0.011215	0.0235043	0.0136799	0.0235043	0.0082645	0.0209059	0.0175781	0.0106667	0.018018	0.031746	0.0275229	0.0117188	0.0133929	0.0207469	0.0191257	0.019802	0.0223464	0.0126582	0.02	0.0	0.0	0.0	0.0	0.0	0.0	0.0	0.0	0.0	0.0	0.0	0.0	
Cigogne blanche	0.0396476	0.0381356	0.0324074	0.1060071	0.0723982	0.0963303	0.0826446	0.093617	0.1572327	0.0882353	0.0709459	0.1084071	0.0983607	0.0911271	0.1074169	0.0715198	0.0752941	0.0915888	0.1410256	0.1176471	0.1068376	0.0991736	0.0905923	0.0917969	0.0506667	0.0630631	0.021164	0.058104	0.0078125	0.0044643	0.0124481	0.0054645	0.0	0.0	0.0	0.0	0.0	0.0	0.0081967	0.0015	0.0	0.0074627	0.0015	0.0	0.0084746	0.0175439	0.0162162	0.0323741	
Grand Cormoran	0.154185	0.190678	0.1666667	0.2402827	0.1493213	0.1697248	0.1239669	0.1106383	0.1823899	0.092437	0.1182432	0.1393805	0.095082	0.059952	0.0511509	0.0280971	0.0235294	0.0205607	0.017094	0.0123119	0.0149573	0.0123967	0.0069686	0.0019531	0.0106667	0.0045045	0.021164	0.0336391	0.0234375	0.0669643	0.0373444	0.0601093	0.0792079	0.0446927	0.1075949	0.115	0.0439024	0.1144578	0.1639344	0.0675676	0.1351351	0.1268657	0.1134021	0.130137	0.1779661	0.1578947	0.1027027	0.205036	
Ibis falcinelle	0.0	0.0	0.0	0.0070671	0.0	0.0	0.0	0.0	0.0	0.0	0.0	0.0044248	0.0	0.0	0.0	0.0	0.0	0.0	0.0021368	0.0	0.0	0.0	0.0	0.0	0.0	0.0	0.0	0.0	0.0	0.0	0.0041494	0.0	0.0015	0.0	0.0	0.0	0.0	0.0	0.0	0.0	0.0	0.0	0.0	0.0	0.0	0.0	0.0	0.0	
Ibis chauve	0.0	0.0	0.0	0.0	0.0	0.0	0.0	0.0	0.0	0.0	0.0	0.0	0.0	0.0	0.0	0.0	0.0	0.0	0.0	0.0	0.0	0.0	0.0	0.0	0.0	0.0	0.0	0.0	0.0	0.0	0.0	0.0	0.0	0.0	0.0	0.0	0.0	0.0	0.0	0.0	0.0	0.0	0.0	0.0015	0.0	0.0	0.0	0.0	
Spatule blanche	0.0	0.0	0.0	0.0	0.0	0.0	0.0	0.0	0.0	0.0	0.0	0.0022124	0.0	0.0	0.0	0.0	0.0	0.0	0.0	0.0015	0.0	0.0	0.0	0.0039063	0.0015	0.0	0.0	0.0030581	0.0039063	0.0044643	0.0	0.0054645	0.0049505	0.0055866	0.0126582	0.01	0.004878	0.0120482	0.0163934	0.0067568	0.0	0.0	0.0	0.0	0.0	0.0	0.0	0.0	
Blongios nain	0.0	0.0	0.0	0.0	0.0	0.0	0.0	0.0	0.0	0.0	0.0	0.0	0.0	0.0	0.0	0.0	0.0	0.0	0.0	0.0	0.0	0.0	0.0	0.0	0.0053333	0.0	0.0	0.0	0.0	0.0	0.0	0.0	0.0	0.0	0.0	0.0	0.0	0.0	0.0	0.0	0.0	0.0	0.0	0.0	0.0	0.0	0.0	0.0	
Aigrette garzette	0.0088106	0.0	0.0	0.0015	0.0045249	0.0	0.0	0.0	0.0	0.0	0.0067568	0.0199115	0.0065574	0.0023981	0.0127877	0.0025543	0.0047059	0.0018692	0.0015	0.002736	0.0021368	0.0	0.0034843	0.0019531	0.0053333	0.0	0.0	0.0	0.0	0.0015	0.0041494	0.0163934	0.019802	0.0167598	0.0316456	0.02	0.0146341	0.0060241	0.0081967	0.0	0.009009	0.0074627	0.0	0.0	0.0015	0.0	0.0054054	0.0035971	
Héron garde-boeufs	0.0044053	0.0	0.0	0.0	0.0	0.0	0.0	0.0	0.0	0.0042017	0.0	0.0	0.0032787	0.0	0.0	0.0015	0.0047059	0.0018692	0.0	0.002736	0.0	0.0	0.0	0.0019531	0.0	0.0	0.0	0.0	0.0039063	0.0	0.0	0.0015	0.0	0.0223464	0.0063291	0.01	0.0097561	0.0015	0.0	0.0	0.0	0.0015	0.0015	0.0	0.0	0.0015	0.0	0.0071942	
Grande Aigrette	0.0	0.0042373	0.0046296	0.0035336	0.0	0.0	0.0015	0.0	0.0	0.0	0.0067568	0.0066372	0.0	0.0	0.0025575	0.0015	0.0	0.0018692	0.0	0.0	0.0	0.0	0.0	0.0	0.0	0.0	0.0	0.0	0.0	0.0	0.0	0.0027322	0.0	0.0055866	0.0063291	0.005	0.0	0.0060241	0.0081967	0.0135135	0.009009	0.0	0.0103093	0.0068493	0.0084746	0.0	0.0108108	0.0	
Héron cendré	0.1409692	0.1186441	0.1388889	0.1731449	0.1085973	0.0963303	0.0785124	0.0765957	0.1383648	0.0714286	0.0641892	0.0619469	0.0360656	0.057554	0.0485934	0.0434227	0.0329412	0.0280374	0.0448718	0.0232558	0.0470085	0.0413223	0.0418118	0.0488281	0.0613333	0.0540541	0.0793651	0.0795107	0.0859375	0.1160714	0.1410788	0.1803279	0.1782178	0.1843575	0.1962025	0.24	0.1707317	0.186747	0.2704918	0.1689189	0.1981982	0.1940299	0.1237113	0.1917808	0.1525424	0.0701754	0.1081081	0.1258993	
Héron pourpré	0.0	0.0	0.0	0.0	0.0	0.0	0.0	0.0	0.0	0.0	0.0	0.0176991	0.0	0.0	0.0	0.0012771	0.0023529	0.0	0.0	0.0	0.0	0.0	0.0	0.0	0.0026667	0.0045045	0.010582	0.0015	0.0015	0.0044643	0.0	0.0081967	0.0049505	0.0	0.0	0.0	0.0	0.0	0.0	0.0	0.0	0.0	0.0	0.0	0.0	0.0	0.0	0.0	
Ardea sp.	0.0	0.0	0.0	0.0	0.0	0.0	0.0041322	0.0	0.0	0.0	0.0	0.0	0.0	0.0	0.0	0.0	0.0023529	0.0	0.0	0.0	0.0	0.0	0.0	0.0	0.0	0.0	0.010582	0.0	0.0	0.0	0.0	0.0	0.0	0.0	0.0	0.0	0.0	0.0	0.0	0.0	0.0	0.0	0.0	0.0	0.0	0.0	0.0	0.0	
ardeidé sp.	0.0	0.0	0.0	0.0	0.0	0.0	0.0	0.0	0.0	0.0015	0.0	0.0	0.0	0.0	0.0	0.0	0.0015	0.0	0.0	0.001368	0.0	0.0	0.0	0.0	0.0	0.0	0.0	0.0	0.0	0.0015	0.0	0.0	0.0	0.0	0.0	0.0	0.0	0.0	0.0	0.0	0.0	0.0	0.0	0.0	0.0	0.0	0.0	0.0	
Balbuzard pêcheur	0.0	0.0	0.0	0.0	0.0	0.0	0.0	0.0	0.0	0.0	0.0	0.0015	0.0	0.0	0.0	0.0	0.0015	0.0018692	0.0	0.001368	0.0	0.0	0.0	0.0	0.0	0.0	0.0	0.0	0.0	0.0	0.0	0.0163934	0.0148515	0.0015	0.0063291	0.03	0.0097561	0.0060241	0.0	0.0015	0.0015	0.0074627	0.0	0.0	0.0	0.0	0.0	0.0	
Élanion blanc	0.0044053	0.0211864	0.0138889	0.0176678	0.0135747	0.0229358	0.0041322	0.0015	0.0015	0.0168067	0.0033784	0.0221239	0.0098361	0.0119904	0.0076726	0.0076628	0.0047059	0.0074766	0.0042735	0.005472	0.0042735	0.0015	0.0034843	0.0058594	0.0053333	0.0045045	0.010582	0.0015	0.0039063	0.0044643	0.0124481	0.0218579	0.019802	0.0111732	0.0126582	0.035	0.0097561	0.0120482	0.0163934	0.0067568	0.009009	0.0074627	0.0015	0.0136986	0.0338983	0.0175439	0.0216216	0.0035971	
Percnoptère d'Égypte	0.0	0.0	0.0	0.0	0.0	0.0	0.0082645	0.0042553	0.0125786	0.0504202	0.0506757	0.0553097	0.0393443	0.0455635	0.0332481	0.037037	0.0494118	0.0485981	0.0448718	0.0451436	0.034188	0.0247934	0.0278746	0.0351563	0.0133333	0.036036	0.037037	0.0091743	0.046875	0.0223214	0.0165975	0.0218579	0.0148515	0.0055866	0.0	0.0	0.0	0.0	0.0	0.0	0.0	0.0	0.0	0.0	0.0	0.0	0.0	0.0	
Bondrée apivore	0.0	0.0	0.0	0.0	0.0	0.0	0.0	0.0	0.0	0.0	0.0	0.0	0.0	0.0015	0.0	0.0025543	0.0117647	0.0280374	0.0363248	0.0355677	0.0235043	0.0392562	0.0209059	0.0488281	0.0293333	0.0630631	0.0740741	0.0336391	0.0625	0.03125	0.0746888	0.0382514	0.029703	0.0111732	0.0126582	0.0	0.004878	0.0	0.0	0.0	0.0	0.0	0.0	0.0	0.0	0.0	0.0	0.0	
Vautour moine	0.0044053	0.0211864	0.0015	0.0035336	0.0	0.0275229	0.0123967	0.0170213	0.0062893	0.0084034	0.0236486	0.0309735	0.0196721	0.0263789	0.0255754	0.0153257	0.0094118	0.0317757	0.0534188	0.0177839	0.0363248	0.0227273	0.010453	0.0390625	0.0266667	0.0225225	0.021164	0.0275229	0.0117188	0.0267857	0.0497925	0.0437158	0.0148515	0.0335196	0.0316456	0.03	0.0731707	0.0060241	0.0163934	0.0067568	0.0630631	0.0074627	0.0103093	0.0136986	0.0	0.0087719	0.0216216	0.0107914	
Vautour fauve	0.1013216	0.0762712	0.0648148	0.1095406	0.0859729	0.1055046	0.1239669	0.093617	0.0754717	0.1512605	0.1925676	0.2278761	0.157377	0.146283	0.1918159	0.1596424	0.2164706	0.2205607	0.215812	0.1641587	0.1623932	0.1487603	0.1358885	0.1972656	0.136	0.1171171	0.1798942	0.1437309	0.1484375	0.1116071	0.1286307	0.1639344	0.2079208	0.1675978	0.1455696	0.115	0.1414634	0.0783133	0.1147541	0.0810811	0.1171171	0.0970149	0.0412371	0.0890411	0.0338983	0.0614035	0.0216216	0.0323741	
vautour sp.	0.0	0.0	0.0	0.0015	0.0	0.0	0.0	0.0	0.0	0.0	0.0	0.0	0.0032787	0.0	0.0025575	0.0	0.0023529	0.0	0.0	0.0015	0.0	0.0	0.0	0.0019531	0.0	0.0015	0.0	0.0	0.0	0.0	0.0041494	0.0	0.0	0.0055866	0.0	0.0	0.004878	0.0	0.0	0.0	0.0	0.0	0.0	0.0	0.0	0.0	0.0	0.0	
Circaète Jean-le-Blanc	0.0	0.0	0.0	0.0	0.0	0.0	0.0	0.0	0.0062893	0.0546218	0.1216216	0.1106195	0.0754098	0.0695444	0.0971867	0.0676884	0.0752941	0.1140187	0.0897436	0.0588235	0.0811966	0.0640496	0.0487805	0.0742188	0.0586667	0.0900901	0.0846561	0.0856269	0.0898438	0.0848214	0.0746888	0.1065574	0.0742574	0.0782123	0.0632911	0.055	0.004878	0.0060241	0.0015	0.0	0.0	0.0	0.0	0.0068493	0.0	0.0	0.0	0.0	
Aigle botté	0.0	0.0	0.0	0.0	0.0	0.0	0.0	0.0	0.0	0.0015	0.0067568	0.0597345	0.1180328	0.17506	0.2071611	0.1532567	0.1529412	0.153271	0.1837607	0.1709986	0.1282051	0.1466942	0.1498258	0.1699219	0.2	0.2297297	0.2116402	0.2018349	0.21875	0.1919643	0.219917	0.3032787	0.2871287	0.2793296	0.2151899	0.1	0.0195122	0.0120482	0.0	0.0	0.0	0.0	0.0	0.0	0.0	0.0	0.0	0.0	
Aigle ibérique	0.0	0.0	0.0	0.0	0.0	0.0045872	0.0041322	0.0	0.0	0.0	0.0	0.0	0.0	0.0	0.0	0.0	0.0	0.0	0.0	0.0	0.0	0.0	0.0	0.0	0.0	0.0	0.0	0.0	0.0	0.0	0.0	0.0	0.0	0.0	0.0	0.0	0.0	0.0	0.0	0.0	0.0	0.0	0.0	0.0	0.0	0.0	0.0	0.0	
Aigle royal	0.0088106	0.0127119	0.0092593	0.0035336	0.0090498	0.0275229	0.0247934	0.0085106	0.0188679	0.0168067	0.0371622	0.0243363	0.0163934	0.0071942	0.0076726	0.0127714	0.0164706	0.0149533	0.0106838	0.002736	0.0042735	0.0061983	0.0	0.0058594	0.0053333	0.0045045	0.010582	0.0091743	0.0078125	0.0	0.0124481	0.0054645	0.009901	0.0015	0.0	0.01	0.0146341	0.0060241	0.0081967	0.0067568	0.0015	0.0015	0.0103093	0.0068493	0.0	0.0087719	0.0	0.0	
Aigle de Bonelli	0.0132159	0.0042373	0.0	0.0	0.0	0.0	0.0041322	0.0015	0.0125786	0.0	0.0101351	0.0132743	0.0032787	0.0047962	0.0051151	0.0025543	0.0047059	0.0037383	0.008547	0.001368	0.0064103	0.0020661	0.0	0.0058594	0.0	0.0	0.0	0.0	0.0	0.0044643	0.0082988	0.0027322	0.0	0.0	0.0	0.005	0.0	0.0060241	0.0	0.0	0.0	0.0	0.0	0.0	0.0	0.0	0.0	0.0015	
Aquila sp.	0.0	0.0	0.0015	0.0	0.0015	0.0	0.0	0.0	0.0	0.0	0.0067568	0.0015	0.0032787	0.0	0.0	0.0	0.0	0.0015	0.0	0.0	0.0021368	0.0	0.0	0.0	0.0	0.0	0.0	0.0	0.0	0.0	0.0041494	0.0	0.0	0.0	0.0	0.0	0.0	0.0	0.0	0.0	0.0	0.0	0.0	0.0	0.0	0.0	0.0	0.0	
Épervier d'Europe	0.0352423	0.0508475	0.0555556	0.0530035	0.0588235	0.0642202	0.0454545	0.0468085	0.0251572	0.0504202	0.0304054	0.039823	0.042623	0.0119904	0.0127877	0.0153257	0.0211765	0.011215	0.017094	0.0136799	0.008547	0.0123967	0.0139373	0.0175781	0.0053333	0.027027	0.010582	0.0030581	0.03125	0.0357143	0.0373444	0.0163934	0.019802	0.0391061	0.0126582	0.035	0.102439	0.060241	0.0245902	0.0337838	0.045045	0.0298507	0.0515464	0.0410959	0.0338983	0.0350877	0.0162162	0.0359712	
Autour des palombes	0.0088106	0.0042373	0.0	0.0015	0.0090498	0.0	0.0123967	0.0042553	0.0062893	0.0336134	0.027027	0.0199115	0.0065574	0.0023981	0.0025575	0.0025543	0.0047059	0.0015	0.0106838	0.0082079	0.0021368	0.0041322	0.010453	0.0	0.0	0.0015	0.0	0.0091743	0.0039063	0.0044643	0.0015	0.0	0.0049505	0.0055866	0.0015	0.005	0.004878	0.0060241	0.0	0.0	0.018018	0.0149254	0.0103093	0.0068493	0.0	0.0175439	0.0	0.0107914	
Aerospiza, Tachyspiza, Accipiter ou Astur sp.	0.0044053	0.0	0.0	0.0035336	0.0	0.0	0.0041322	0.0	0.0	0.0	0.0	0.0088496	0.0032787	0.0	0.0	0.0012771	0.0023529	0.0	0.0	0.0	0.0	0.0	0.0034843	0.0019531	0.0	0.0045045	0.005291	0.0	0.0	0.0	0.0	0.0	0.0049505	0.0055866	0.0	0.0	0.004878	0.0	0.0	0.0	0.0	0.0	0.0	0.0068493	0.0	0.0	0.0162162	0.0035971	
Busard des roseaux	0.0220264	0.0015	0.0231481	0.0212014	0.0090498	0.0137615	0.0	0.0085106	0.0251572	0.0084034	0.0135135	0.0265487	0.0065574	0.0239808	0.0230179	0.0153257	0.0070588	0.011215	0.0064103	0.005472	0.0149573	0.0061983	0.0069686	0.0078125	0.008	0.0	0.0	0.0091743	0.0117188	0.0044643	0.0124481	0.0163934	0.0049505	0.0015	0.0316456	0.025	0.004878	0.0120482	0.0081967	0.0015	0.0015	0.0223881	0.0103093	0.0	0.0338983	0.0087719	0.0054054	0.0035971	
Busard Saint-Martin	0.0088106	0.0127119	0.0277778	0.0106007	0.0180995	0.0045872	0.0015	0.0015	0.0	0.0042017	0.0	0.0066372	0.0015	0.0	0.0	0.0	0.0	0.0	0.0	0.0	0.0	0.0	0.0	0.0	0.0	0.0	0.0	0.0	0.0	0.0	0.0	0.0	0.0015	0.0055866	0.0	0.0	0.004878	0.0240964	0.0081967	0.0067568	0.0	0.0074627	0.0015	0.0136986	0.0	0.0263158	0.0162162	0.0071942	
Busard cendré	0.0	0.0	0.0	0.0	0.0	0.0	0.0	0.0	0.0	0.0	0.0	0.0088496	0.0262295	0.028777	0.0741688	0.0510856	0.0282353	0.0280374	0.042735	0.0465116	0.034188	0.0454545	0.0452962	0.0292969	0.0453333	0.0495495	0.0529101	0.0458716	0.03125	0.0401786	0.0124481	0.0136612	0.009901	0.0	0.0	0.0	0.0	0.0	0.0	0.0	0.0	0.0	0.0	0.0	0.0	0.0	0.0	0.0	
Busard Saint-Martin ou B. cendré	0.0	0.0	0.0	0.0	0.0	0.0	0.0	0.0	0.0	0.0	0.0	0.0015	0.0032787	0.0	0.0	0.0	0.0	0.0	0.0	0.0	0.0	0.0	0.0	0.0019531	0.0	0.0	0.0	0.0	0.0	0.0	0.0	0.0	0.0	0.0055866	0.0	0.0	0.0	0.0	0.0	0.0	0.0	0.0	0.0	0.0	0.0	0.0	0.0	0.0	
busard sp.	0.0	0.0	0.0	0.0	0.0	0.0	0.0	0.0	0.0	0.0	0.0	0.0022124	0.0	0.0023981	0.0025575	0.0015	0.0	0.0015	0.0015	0.0	0.0021368	0.0020661	0.0	0.0	0.0	0.0	0.0	0.0015	0.0	0.0	0.0	0.0027322	0.0	0.0111732	0.0063291	0.0	0.0	0.0	0.0	0.0	0.0	0.0	0.0	0.0	0.0	0.0	0.0	0.0	
Milan royal	0.2070485	0.2372881	0.2083333	0.204947	0.158371	0.1651376	0.1115702	0.1617021	0.1069182	0.105042	0.1114865	0.1438053	0.0786885	0.088729	0.0818414	0.0383142	0.0423529	0.0504673	0.0619658	0.0642955	0.0598291	0.0454545	0.010453	0.0488281	0.016	0.018018	0.026455	0.0244648	0.0195313	0.0133929	0.0373444	0.0245902	0.0346535	0.0391061	0.0632911	0.055	0.0390244	0.1084337	0.1147541	0.1351351	0.1621622	0.1940299	0.1340206	0.2260274	0.2288136	0.1929825	0.1513514	0.1546763	
Milan noir	0.0	0.0	0.0	0.0	0.0	0.0	0.0	0.0	0.0251572	0.0504202	0.1385135	0.1946903	0.1704918	0.1966427	0.1969309	0.1826309	0.2094118	0.1962617	0.2222222	0.254446	0.2393162	0.2004132	0.1986063	0.2421875	0.1813333	0.3108108	0.1904762	0.1834862	0.125	0.0446429	0.0165975	0.0136612	0.0247525	0.0055866	0.0	0.0	0.0	0.0	0.0	0.0	0.0	0.0	0.0	0.0	0.0	0.0	0.0	0.0	
Milan royal ou M. noir	0.0	0.0	0.0	0.0	0.0	0.0	0.0	0.0	0.0062893	0.0042017	0.0	0.0066372	0.0	0.0	0.0051151	0.0012771	0.0023529	0.0018692	0.0021368	0.0	0.0	0.0020661	0.0015	0.0015	0.0026667	0.0	0.0	0.0	0.0039063	0.0	0.0	0.0	0.0	0.0	0.0	0.0	0.0	0.0	0.0	0.0	0.0	0.0	0.0	0.0	0.0	0.0	0.0	0.0	
Buse variable	0.1674009	0.2415254	0.2175926	0.254417	0.2352941	0.2522936	0.231405	0.2425532	0.2578616	0.2521008	0.2567568	0.2212389	0.1868852	0.1342926	0.1508951	0.1021711	0.1152941	0.1327103	0.1538462	0.128591	0.1324786	0.1404959	0.1324042	0.1210938	0.1173333	0.1711712	0.1693122	0.1437309	0.15625	0.1473214	0.1659751	0.1693989	0.1237624	0.2178771	0.1962025	0.19	0.3121951	0.2228916	0.2540984	0.2364865	0.2792793	0.2537313	0.2680412	0.2123288	0.1779661	0.2368421	0.2054054	0.1942446	
rapace sp.	0.0	0.0	0.0	0.0	0.0	0.0	0.0	0.0	0.0	0.0	0.0	0.0	0.0	0.0	0.0025575	0.0	0.0	0.0018692	0.0	0.001368	0.0015	0.0	0.0069686	0.0019531	0.0015	0.0	0.0015	0.0	0.0039063	0.0	0.0041494	0.0027322	0.009901	0.0111732	0.0063291	0.0	0.0	0.0	0.0	0.0	0.0	0.0	0.0	0.0	0.0	0.0	0.0	0.0035971	
Effraie des clochers	0.0044053	0.0015	0.0015	0.0015	0.0015	0.0015	0.0015	0.0042553	0.0188679	0.0378151	0.0067568	0.0088496	0.0032787	0.0023981	0.0076726	0.0015	0.0015	0.0037383	0.0021368	0.004104	0.0106838	0.0	0.0069686	0.0078125	0.0026667	0.009009	0.005291	0.0091743	0.0015	0.0133929	0.0041494	0.0027322	0.0015	0.0	0.0015	0.0015	0.0195122	0.0120482	0.0081967	0.0135135	0.009009	0.0074627	0.0015	0.0068493	0.0015	0.0	0.0	0.0015	
Petit-duc scops	0.0	0.0	0.0	0.0	0.0	0.0	0.0015	0.0015	0.0062893	0.0084034	0.0033784	0.0199115	0.0163934	0.0095923	0.0153453	0.0102171	0.0047059	0.0074766	0.008547	0.0123119	0.0192308	0.0041322	0.0139373	0.0078125	0.0106667	0.018018	0.026455	0.0030581	0.0015	0.0044643	0.0015	0.0015	0.0015	0.0	0.0015	0.0	0.0	0.0	0.0	0.0	0.0	0.0	0.0	0.0	0.0	0.0	0.0	0.0	
Grand-duc d'Europe	0.0044053	0.0	0.0	0.0	0.0	0.0091743	0.0015	0.0	0.0062893	0.0042017	0.0033784	0.0	0.0	0.0	0.0015	0.0025543	0.0	0.0	0.0	0.0	0.0	0.0015	0.0	0.0	0.0	0.0	0.0	0.0	0.0	0.0	0.0	0.0	0.0	0.0015	0.0	0.005	0.0	0.0	0.0	0.0	0.0	0.0	0.0015	0.0	0.0015	0.0	0.0	0.0	
Chevêche d'Athéna	0.0264317	0.0254237	0.0416667	0.0318021	0.040724	0.0137615	0.0082645	0.0212766	0.0188679	0.0588235	0.0168919	0.0066372	0.0262295	0.0143885	0.0153453	0.0127714	0.0023529	0.0130841	0.008547	0.005472	0.0064103	0.0144628	0.0069686	0.0234375	0.0053333	0.0405405	0.015873	0.030581	0.015625	0.0357143	0.0290456	0.0273224	0.029703	0.0223464	0.0189873	0.025	0.0585366	0.0120482	0.0409836	0.0202703	0.009009	0.0015	0.0206186	0.0205479	0.0338983	0.0263158	0.0108108	0.0035971	
Chouette hulotte	0.0088106	0.0084746	0.0015	0.0035336	0.0045249	0.0091743	0.0041322	0.0085106	0.0125786	0.012605	0.0101351	0.0015	0.0015	0.0023981	0.0076726	0.0015	0.0047059	0.0074766	0.0064103	0.004104	0.0064103	0.0061983	0.0034843	0.0058594	0.0015	0.0045045	0.010582	0.0091743	0.0039063	0.0133929	0.0124481	0.0027322	0.0049505	0.0015	0.0015	0.005	0.004878	0.0	0.0245902	0.0015	0.0015	0.0015	0.0103093	0.0	0.0	0.0015	0.0054054	0.0107914	
Hibou moyen-duc	0.0	0.0	0.0	0.0015	0.0	0.0	0.0	0.0	0.0062893	0.0042017	0.0	0.0015	0.0	0.0	0.0	0.0	0.0	0.0	0.0	0.0	0.0	0.0	0.0034843	0.0019531	0.0	0.0045045	0.0	0.0	0.0	0.0	0.0	0.0	0.0	0.0	0.0	0.0	0.004878	0.0	0.0	0.0	0.0	0.0	0.0	0.0015	0.0	0.0	0.0015	0.0	
Hibou des marais	0.0	0.0	0.0	0.0	0.0045249	0.0	0.0	0.0	0.0	0.0	0.0	0.0	0.0	0.0	0.0	0.0	0.0	0.0	0.0	0.0	0.0	0.0	0.0	0.0	0.0	0.0	0.0	0.0	0.0	0.0	0.0	0.0	0.0	0.0	0.0	0.0	0.0	0.0	0.0	0.0	0.0	0.0	0.0	0.0015	0.0	0.0	0.0	0.0	
Asio sp.	0.0	0.0	0.0	0.0	0.0	0.0	0.0	0.0	0.0	0.0	0.0	0.0	0.0	0.0	0.0	0.0	0.0	0.0	0.0	0.0	0.0	0.0	0.0	0.0	0.0	0.0	0.0	0.0	0.0	0.0	0.0	0.0	0.0	0.0	0.0	0.0	0.0	0.0	0.0081967	0.0	0.0	0.0	0.0	0.0	0.0015	0.0	0.0	0.0	
Strigiformes sp.	0.0	0.0	0.0	0.0	0.0	0.0	0.0	0.0	0.0	0.0	0.0	0.0	0.0	0.0	0.0	0.0	0.0	0.0	0.0	0.0	0.0	0.0	0.0	0.0	0.0	0.0	0.005291	0.0	0.0	0.0	0.0	0.0	0.0	0.0	0.0	0.0	0.0	0.0	0.0	0.0	0.0015	0.0	0.0	0.0	0.0	0.0	0.0	0.0035971	
Huppe fasciée	0.0748899	0.059322	0.087963	0.0565371	0.0588235	0.0733945	0.0867769	0.1106383	0.1257862	0.1890756	0.1756757	0.2455752	0.2360656	0.323741	0.2531969	0.2630907	0.2776471	0.2542056	0.267094	0.246238	0.2393162	0.1694215	0.1254355	0.109375	0.0773333	0.1666667	0.0952381	0.1314985	0.1132813	0.0892857	0.1286307	0.1393443	0.0990099	0.122905	0.1202532	0.095	0.1560976	0.0481928	0.1065574	0.0743243	0.0990991	0.0970149	0.0618557	0.0821918	0.0847458	0.0964912	0.0702703	0.0863309	
Guêpier d'Europe	0.0	0.0	0.0	0.0	0.0	0.0	0.0	0.0	0.0	0.0	0.0	0.0132743	0.104918	0.2374101	0.2378517	0.2081737	0.2588235	0.2186916	0.25	0.1928865	0.1688034	0.1859504	0.2020906	0.2089844	0.1946667	0.1846847	0.3492063	0.4281346	0.3710938	0.4285714	0.4647303	0.3989071	0.1782178	0.0558659	0.0015	0.0	0.0	0.0	0.0	0.0	0.0	0.0	0.0	0.0	0.0	0.0	0.0	0.0	
Martin-pêcheur d'Europe	0.0704846	0.059322	0.0787037	0.04947	0.0271493	0.0550459	0.0371901	0.0468085	0.0691824	0.0756303	0.0540541	0.0641593	0.0295082	0.057554	0.0460358	0.0255428	0.0376471	0.0299065	0.0320513	0.0341997	0.042735	0.0433884	0.0487805	0.0527344	0.0666667	0.0855856	0.0793651	0.0856269	0.1015625	0.0758929	0.1825726	0.1612022	0.1683168	0.1731844	0.1202532	0.175	0.1658537	0.1566265	0.1229508	0.1351351	0.1441441	0.1343284	0.1134021	0.0684932	0.059322	0.0614035	0.0594595	0.0611511	
Rollier d'Europe	0.0	0.0	0.0	0.0	0.0	0.0	0.0	0.0	0.0	0.0	0.0	0.0	0.0	0.0	0.0	0.0	0.0015	0.0	0.0021368	0.001368	0.0	0.0	0.0	0.0	0.0	0.0	0.0	0.0015	0.0	0.0	0.0015	0.0	0.0	0.0	0.0	0.0	0.0	0.0	0.0	0.0	0.0	0.0	0.0	0.0	0.0	0.0	0.0	0.0	
Torcol fourmilier	0.0	0.0042373	0.0	0.0	0.0	0.0015	0.0	0.0042553	0.0	0.0	0.0067568	0.0044248	0.0229508	0.0263789	0.0460358	0.0395913	0.0305882	0.0280374	0.0235043	0.0205198	0.0042735	0.0061983	0.0209059	0.015625	0.0026667	0.0135135	0.015873	0.0122324	0.0	0.0	0.0082988	0.0136612	0.0148515	0.0446927	0.0316456	0.015	0.0	0.0	0.0	0.0	0.009009	0.0	0.0103093	0.0	0.0	0.0	0.0	0.0035971	
Pic épeiche	0.1057269	0.1186441	0.1111111	0.1095406	0.1538462	0.1559633	0.1239669	0.1489362	0.1446541	0.1722689	0.1047297	0.1283186	0.1344262	0.1390887	0.1023018	0.0753512	0.0658824	0.0747664	0.0876068	0.0697674	0.0641026	0.1177686	0.097561	0.1269531	0.1226667	0.1801802	0.1428571	0.204893	0.1875	0.2008929	0.1908714	0.1830601	0.2227723	0.1899441	0.1329114	0.125	0.1512195	0.1987952	0.0901639	0.1283784	0.1261261	0.1791045	0.1443299	0.1780822	0.1779661	0.1491228	0.1243243	0.1366906	
Dendrocopos sp.	0.0	0.0	0.0	0.0	0.0	0.0	0.0	0.0	0.0	0.0042017	0.0	0.0	0.0	0.0	0.0	0.0	0.0	0.0	0.0	0.0	0.0	0.0	0.0	0.0	0.0	0.0	0.0	0.0030581	0.0	0.0044643	0.0	0.0	0.0	0.0	0.0	0.0	0.0	0.0	0.0	0.0	0.0	0.0	0.0	0.0	0.0	0.0	0.0	0.0	
Pic épeichette	0.030837	0.029661	0.0277778	0.0424028	0.0497738	0.0366972	0.0495868	0.0765957	0.0566038	0.0630252	0.027027	0.050885	0.0459016	0.0503597	0.0306905	0.0421456	0.0305882	0.0168224	0.0213675	0.0123119	0.0213675	0.0165289	0.0243902	0.0273438	0.0266667	0.036036	0.015873	0.0244648	0.0273438	0.0267857	0.0414938	0.0491803	0.029703	0.0391061	0.0443038	0.03	0.0243902	0.0301205	0.0409836	0.027027	0.027027	0.0298507	0.0618557	0.0136986	0.0015	0.0	0.0216216	0.0143885	
Pic de Sharpe	0.0792952	0.0677966	0.0416667	0.0636042	0.0950226	0.0825688	0.0826446	0.0851064	0.0943396	0.092437	0.0777027	0.0884956	0.0688525	0.0719424	0.0767263	0.0472542	0.0423529	0.035514	0.0405983	0.0259918	0.0299145	0.0392562	0.0452962	0.0488281	0.048	0.0630631	0.0687831	0.088685	0.0546875	0.09375	0.06639	0.0519126	0.0594059	0.0726257	0.0696203	0.105	0.0780488	0.0662651	0.0737705	0.0878378	0.0630631	0.0820896	0.0206186	0.0616438	0.0423729	0.0964912	0.0702703	0.0395683	
pic sp.	0.0	0.0	0.0	0.0	0.0045249	0.0045872	0.0	0.0042553	0.0062893	0.0042017	0.0033784	0.0044248	0.0065574	0.0023981	0.0	0.0012771	0.0047059	0.0018692	0.0042735	0.0	0.0	0.0	0.0	0.0	0.0	0.0135135	0.0	0.0061162	0.0039063	0.0	0.0	0.0027322	0.0049505	0.0	0.0	0.0	0.0	0.0	0.0	0.0	0.0	0.0	0.0	0.0	0.0	0.0	0.0	0.0	
Faucon crécerelle	0.0837004	0.0889831	0.125	0.0777385	0.0678733	0.0642202	0.0743802	0.0468085	0.0628931	0.0588235	0.0506757	0.0641593	0.0491803	0.0263789	0.0613811	0.045977	0.04	0.0299065	0.0320513	0.0424077	0.034188	0.072314	0.0383275	0.0546875	0.0426667	0.0855856	0.037037	0.0642202	0.0625	0.0669643	0.0871369	0.0546448	0.049505	0.0726257	0.0886076	0.08	0.1219512	0.0903614	0.0655738	0.0675676	0.045045	0.0522388	0.0309278	0.0684932	0.0932203	0.0614035	0.0540541	0.0647482	
Faucon émerillon	0.0088106	0.0084746	0.0046296	0.0141343	0.0090498	0.0045872	0.0123967	0.0042553	0.0125786	0.0	0.0033784	0.0022124	0.0	0.0023981	0.0	0.0	0.0	0.0	0.0	0.0	0.0	0.0	0.0	0.0	0.0	0.0	0.0	0.0	0.0	0.0	0.0	0.0	0.0	0.0	0.0	0.0	0.0	0.0	0.0	0.0067568	0.009009	0.0074627	0.0	0.0068493	0.0338983	0.0	0.0054054	0.0035971	
Faucon hobereau	0.0	0.0	0.0	0.0	0.0	0.0	0.0	0.0	0.0	0.0	0.0	0.0	0.0	0.0023981	0.0025575	0.00894	0.0047059	0.0074766	0.0064103	0.0109439	0.0064103	0.0020661	0.0034843	0.0117188	0.0053333	0.0045045	0.005291	0.0152905	0.03125	0.0133929	0.0124481	0.010929	0.009901	0.0335196	0.0189873	0.025	0.0097561	0.0	0.0	0.0	0.0	0.0	0.0	0.0	0.0	0.0	0.0	0.0	
Faucon pèlerin	0.0132159	0.0	0.0092593	0.0070671	0.0090498	0.0091743	0.0041322	0.0042553	0.0015	0.0084034	0.0101351	0.0066372	0.0065574	0.0015	0.0	0.0063857	0.0047059	0.0093458	0.0042735	0.004104	0.008547	0.0020661	0.0209059	0.0	0.016	0.009009	0.0	0.0122324	0.0195313	0.0044643	0.0124481	0.0015	0.0	0.0111732	0.0	0.005	0.0097561	0.0120482	0.0081967	0.027027	0.0	0.0	0.0103093	0.0068493	0.0015	0.0087719	0.0015	0.0143885	
gros faucon sp.	0.0	0.0	0.0	0.0	0.0	0.0	0.0	0.0	0.0	0.0	0.0	0.0	0.0015	0.0	0.0	0.0	0.0	0.0	0.0	0.0	0.0	0.0	0.0	0.0	0.0	0.0	0.0	0.0	0.0	0.0	0.0	0.0	0.0	0.0	0.0	0.0	0.0	0.0060241	0.0	0.0	0.0	0.0	0.0	0.0	0.0	0.0	0.0	0.0	
petit faucon sp.	0.0	0.0	0.0	0.0	0.0	0.0	0.0	0.0	0.0062893	0.0	0.0	0.0022124	0.0	0.0015	0.0	0.0	0.0015	0.0	0.0	0.0	0.0021368	0.0	0.010453	0.0	0.0	0.0	0.0	0.0	0.0	0.0	0.0	0.0	0.0	0.0	0.0	0.005	0.004878	0.0	0.0	0.0	0.0	0.0	0.0	0.0	0.0	0.0	0.0054054	0.0015	
Falco sp.	0.0	0.0042373	0.0	0.0035336	0.0015	0.0	0.0	0.0	0.0062893	0.0	0.0	0.0	0.0	0.0	0.0	0.0025543	0.0023529	0.0	0.0021368	0.0	0.0021368	0.0	0.0	0.0	0.0	0.0	0.005291	0.0061162	0.0078125	0.0	0.0041494	0.0081967	0.0	0.0	0.0	0.005	0.0097561	0.0	0.0	0.0	0.0	0.0	0.0	0.0068493	0.0	0.0	0.0	0.0	
rapace diurne sp.	0.0088106	0.0084746	0.0046296	0.0070671	0.0045249	0.0091743	0.0041322	0.0042553	0.0	0.0042017	0.0067568	0.0066372	0.0262295	0.0119904	0.0127877	0.0038314	0.0094118	0.0130841	0.008547	0.0150479	0.0106838	0.0061983	0.010453	0.0195313	0.0133333	0.0225225	0.010582	0.0214067	0.0117188	0.0089286	0.0041494	0.0191257	0.0148515	0.0111732	0.0063291	0.0	0.0	0.0060241	0.0163934	0.0	0.0	0.0074627	0.0206186	0.0	0.0	0.0	0.0054054	0.0035971	
Perruche à collier	0.0	0.0127119	0.0	0.0035336	0.0	0.0	0.0	0.0042553	0.0	0.0	0.0	0.0	0.0	0.0023981	0.0025575	0.0038314	0.0	0.0	0.0	0.0	0.0015	0.0	0.0	0.0019531	0.0	0.0	0.0	0.0	0.0039063	0.0	0.0	0.0	0.0	0.0	0.0	0.0015	0.0	0.0	0.0	0.0	0.0	0.0	0.0	0.0	0.0	0.0	0.0054054	0.0	
Loriot d'Europe	0.0	0.0	0.0	0.0	0.0	0.0	0.0	0.0	0.0	0.0	0.0	0.0	0.0032787	0.0383693	0.1150895	0.3039591	0.3858824	0.4504673	0.3910256	0.3871409	0.3247863	0.3409091	0.3031359	0.3203125	0.2213333	0.3243243	0.3068783	0.3088685	0.2265625	0.2455357	0.219917	0.1202186	0.0990099	0.0167598	0.0063291	0.0	0.0	0.0	0.0	0.0	0.0	0.0	0.0	0.0	0.0	0.0	0.0	0.0	
Pie-grièche méridionale	0.1585903	0.1483051	0.1851852	0.1590106	0.1266968	0.1100917	0.0991736	0.0553191	0.0754717	0.0504202	0.0405405	0.0464602	0.0360656	0.0503597	0.0588235	0.0446999	0.0376471	0.0299065	0.0448718	0.0410397	0.0491453	0.0557851	0.0487805	0.0664063	0.056	0.0765766	0.0582011	0.0611621	0.078125	0.0625	0.0746888	0.136612	0.1336634	0.0782123	0.0886076	0.12	0.1609756	0.126506	0.0409836	0.0878378	0.1081081	0.1567164	0.1340206	0.1164384	0.1186441	0.0789474	0.1405405	0.1043165	
Pie-grièche à tête rousse	0.0	0.0	0.0	0.0	0.0	0.0	0.0	0.0	0.0	0.0	0.0033784	0.0331858	0.052459	0.117506	0.1432225	0.1455939	0.1788235	0.1682243	0.1581197	0.128591	0.1559829	0.1446281	0.1602787	0.15625	0.096	0.1756757	0.1534392	0.146789	0.1679688	0.1071429	0.0746888	0.0956284	0.0445545	0.0223464	0.0253165	0.01	0.0	0.0	0.0	0.0	0.0	0.0	0.0	0.0	0.0	0.0	0.0	0.0	
Laniidés sp.	0.0	0.0	0.0	0.0	0.0	0.0	0.0	0.0	0.0	0.0	0.0	0.0	0.0	0.0	0.0	0.0	0.0	0.0	0.0	0.0	0.0021368	0.0	0.0	0.0	0.0	0.0	0.0	0.0	0.0	0.0	0.0041494	0.0	0.0	0.0	0.0	0.0	0.0	0.0	0.0	0.0	0.0	0.0	0.0	0.0	0.0	0.0	0.0	0.0	
Geai des chênes	0.1674009	0.2161017	0.1666667	0.1696113	0.158371	0.1697248	0.1735537	0.1787234	0.1823899	0.1302521	0.1385135	0.1460177	0.1540984	0.1438849	0.140665	0.100894	0.1152941	0.1140187	0.1431624	0.1012312	0.1239316	0.1673554	0.1393728	0.1679688	0.1333333	0.1801802	0.1904762	0.2232416	0.1679688	0.1517857	0.253112	0.2322404	0.1534653	0.2067039	0.2341772	0.215	0.2292683	0.2891566	0.3442623	0.3648649	0.3783784	0.3731343	0.2680412	0.2054795	0.1779661	0.1842105	0.1891892	0.1834532	
Pie-bleue ibérique	0.1894273	0.25	0.1990741	0.1978799	0.1900452	0.1926606	0.1446281	0.1489362	0.1886792	0.1806723	0.2195946	0.2079646	0.1868852	0.2685851	0.2685422	0.3001277	0.3035294	0.3252336	0.3547009	0.3009576	0.3739316	0.3285124	0.3554007	0.3261719	0.1866667	0.2657658	0.2222222	0.2446483	0.2148438	0.1785714	0.219917	0.2540984	0.2376238	0.2290503	0.2151899	0.275	0.2195122	0.186747	0.2704918	0.2297297	0.2972973	0.3059701	0.2474227	0.2054795	0.1779661	0.1491228	0.2108108	0.1906475	
Pie bavarde	0.1013216	0.1144068	0.1435185	0.1413428	0.1266968	0.1330275	0.1239669	0.0978723	0.1572327	0.0756303	0.0945946	0.0818584	0.0590164	0.0695444	0.0869565	0.054917	0.0423529	0.0448598	0.0790598	0.0547196	0.0769231	0.0599174	0.0627178	0.0488281	0.0506667	0.045045	0.0634921	0.0336391	0.0625	0.0714286	0.033195	0.0628415	0.0841584	0.0502793	0.0822785	0.09	0.1365854	0.0783133	0.0901639	0.0945946	0.1351351	0.0970149	0.1237113	0.1438356	0.0762712	0.0701754	0.0756757	0.0863309	
Crave à bec rouge	0.0220264	0.0169492	0.0046296	0.0070671	0.0015	0.0015	0.0082645	0.0297872	0.0062893	0.0015	0.0	0.0	0.0032787	0.0	0.0	0.0012771	0.0	0.0	0.0	0.0	0.0	0.0	0.0015	0.0	0.0	0.0045045	0.0	0.0030581	0.0	0.0044643	0.0	0.0	0.0	0.0055866	0.0	0.0	0.0	0.0	0.0	0.0	0.0	0.0149254	0.0206186	0.0068493	0.0084746	0.0350877	0.0108108	0.028777	
Choucas des tours	0.0132159	0.0015	0.0046296	0.0035336	0.0090498	0.0015	0.0015	0.0015	0.0062893	0.0	0.0067568	0.0022124	0.0065574	0.0023981	0.0051151	0.0012771	0.0015	0.0015	0.0	0.001368	0.0	0.0	0.0069686	0.0015	0.0015	0.0015	0.005291	0.0015	0.0039063	0.0089286	0.0	0.0015	0.0015	0.0111732	0.0	0.005	0.0	0.0015	0.0081967	0.0135135	0.0	0.0	0.0	0.0015	0.0	0.0087719	0.0054054	0.0071942	
Corneille noire	0.3964758	0.4661017	0.4490741	0.4487633	0.3846154	0.3853211	0.3719008	0.4297872	0.4716981	0.3823529	0.3716216	0.3119469	0.3213115	0.2398082	0.2071611	0.1685824	0.1905882	0.188785	0.2029915	0.2024624	0.207265	0.1797521	0.2299652	0.2089844	0.1706667	0.2792793	0.1957672	0.3180428	0.2304688	0.2946429	0.3153527	0.3278689	0.3514851	0.3519553	0.3924051	0.4	0.4292683	0.4457831	0.5081967	0.472973	0.4864865	0.4701493	0.4536082	0.4315068	0.3898305	0.4736842	0.427027	0.4172662	
corneille sp.	0.0	0.0042373	0.0	0.0	0.0	0.0	0.0	0.0	0.0	0.0042017	0.0	0.0	0.0	0.0	0.0	0.0	0.0	0.0018692	0.0	0.0	0.0	0.0	0.0	0.0	0.0	0.0	0.0	0.0	0.0	0.0	0.0	0.0	0.0	0.0	0.0	0.0	0.0	0.0	0.0	0.0	0.0	0.0	0.0	0.0	0.0084746	0.0	0.0	0.0015	
Grand Corbeau	0.1145374	0.1610169	0.1111111	0.1095406	0.1040724	0.1284404	0.1942149	0.1191489	0.1572327	0.0798319	0.1486486	0.1460177	0.1245902	0.0695444	0.084399	0.0676884	0.0964706	0.0990654	0.1004274	0.0861833	0.0854701	0.0516529	0.0662021	0.0761719	0.0533333	0.0810811	0.0634921	0.088685	0.0703125	0.0848214	0.0912863	0.1147541	0.1089109	0.0670391	0.0506329	0.1	0.1170732	0.1204819	0.057377	0.1283784	0.1351351	0.0895522	0.1237113	0.1027397	0.1440678	0.122807	0.1081081	0.1546763	
corneille ou corbeau sp.	0.0044053	0.0042373	0.0092593	0.0035336	0.0	0.0045872	0.0041322	0.0042553	0.0062893	0.0	0.0101351	0.0022124	0.0098361	0.0047962	0.0025575	0.0015	0.0023529	0.0	0.0015	0.001368	0.0021368	0.0020661	0.0034843	0.0019531	0.0015	0.0	0.005291	0.0	0.0	0.0044643	0.0041494	0.0027322	0.0	0.0	0.0063291	0.0	0.0	0.0060241	0.0	0.0	0.0	0.0	0.0103093	0.0	0.0084746	0.0	0.0	0.0035971	
Mésange noire	0.1321586	0.1991525	0.0925926	0.1448763	0.1674208	0.146789	0.1694215	0.1489362	0.1446541	0.1386555	0.1317568	0.1725664	0.1245902	0.1031175	0.1227621	0.063857	0.0823529	0.0785047	0.1089744	0.0943912	0.0705128	0.0909091	0.0940767	0.1171875	0.144	0.1171171	0.0846561	0.0917431	0.1171875	0.1026786	0.1410788	0.0956284	0.0544554	0.1173184	0.056962	0.085	0.1219512	0.0963855	0.0737705	0.0810811	0.1081081	0.119403	0.1958763	0.109589	0.1186441	0.1929825	0.1297297	0.147482	
Mésange huppée	0.1277533	0.1694915	0.1111111	0.1060071	0.1176471	0.1146789	0.1280992	0.0680851	0.0566038	0.0714286	0.0506757	0.0951327	0.0885246	0.0671463	0.0639386	0.0280971	0.0541176	0.0523364	0.0470085	0.0560876	0.0384615	0.0619835	0.0662021	0.0839844	0.1013333	0.1126126	0.0846561	0.0978593	0.1210938	0.1517857	0.1369295	0.1038251	0.0891089	0.1284916	0.0886076	0.115	0.1365854	0.0783133	0.0901639	0.0743243	0.1261261	0.1865672	0.1752577	0.1369863	0.220339	0.1666667	0.1459459	0.147482	
Mésange bleue	0.3832599	0.4194915	0.4259259	0.4275618	0.4343891	0.4220183	0.4710744	0.5234043	0.4654088	0.4201681	0.4256757	0.4070796	0.4229508	0.3860911	0.3836317	0.3243934	0.3317647	0.282243	0.3397436	0.2612859	0.2521368	0.2582645	0.2473868	0.2558594	0.2346667	0.2522523	0.2486772	0.235474	0.2773438	0.25	0.3651452	0.3688525	0.3267327	0.3743017	0.335443	0.33	0.302439	0.3433735	0.2459016	0.2702703	0.3423423	0.358209	0.3917526	0.3356164	0.3050847	0.3596491	0.3621622	0.3309353	
Mésange charbonnière	0.4889868	0.5381356	0.5694444	0.5547703	0.5746606	0.5733945	0.6239669	0.6382979	0.6666667	0.6134454	0.5945946	0.5597345	0.6098361	0.5779376	0.57289	0.5300128	0.5270588	0.4504673	0.4764957	0.3570451	0.284188	0.2644628	0.271777	0.25	0.232	0.2747748	0.2328042	0.2844037	0.3046875	0.3348214	0.4024896	0.4453552	0.4207921	0.4469274	0.4303797	0.535	0.3902439	0.4698795	0.442623	0.4459459	0.5675676	0.5597015	0.5257732	0.4931507	0.3813559	0.5263158	0.4378378	0.5179856	
paridé sp.	0.0	0.0	0.0	0.0	0.0	0.0	0.0	0.0	0.0	0.0	0.0	0.0	0.0	0.0	0.0	0.0	0.0	0.0	0.0	0.0	0.0	0.0	0.0	0.0	0.0	0.0	0.0	0.0	0.0	0.0	0.0	0.0	0.0	0.0	0.0	0.0	0.0	0.0	0.0	0.0	0.0	0.0	0.0	0.0	0.0084746	0.0	0.0	0.0	
Alouette lulu	0.154185	0.1822034	0.2083333	0.2155477	0.2488688	0.2706422	0.3264463	0.2851064	0.3081761	0.2647059	0.2567568	0.25	0.2393443	0.3093525	0.3554987	0.2911877	0.2658824	0.3663551	0.3952991	0.3242134	0.3012821	0.2789256	0.2229965	0.1660156	0.112	0.1081081	0.0846561	0.116208	0.0664063	0.0758929	0.120332	0.1311475	0.1683168	0.2513966	0.4050633	0.44	0.404878	0.3373494	0.295082	0.3918919	0.3153153	0.2089552	0.2680412	0.1438356	0.0847458	0.1929825	0.1621622	0.1294964	
Alouette des champs	0.1321586	0.0932203	0.1203704	0.0812721	0.0859729	0.1009174	0.1033058	0.106383	0.0691824	0.0378151	0.0337838	0.0730088	0.0655738	0.0719424	0.0792839	0.0561941	0.0470588	0.0859813	0.0769231	0.0971272	0.1068376	0.0971074	0.0801394	0.0722656	0.024	0.0630631	0.047619	0.0244648	0.046875	0.0714286	0.0165975	0.0382514	0.0247525	0.0558659	0.0443038	0.04	0.1365854	0.0783133	0.0491803	0.0945946	0.0720721	0.0820896	0.0927835	0.0547945	0.1101695	0.0701754	0.0864865	0.0503597	
Cochevis de Thékla	0.0528634	0.0889831	0.0787037	0.0742049	0.0950226	0.0366972	0.0495868	0.0978723	0.0754717	0.0966387	0.0506757	0.0752212	0.0852459	0.1127098	0.140665	0.1072797	0.1364706	0.1364486	0.0961538	0.127223	0.1132479	0.1590909	0.1393728	0.1425781	0.064	0.0495495	0.0582011	0.0489297	0.0234375	0.0401786	0.033195	0.0519126	0.0594059	0.0893855	0.0379747	0.09	0.1073171	0.1325301	0.057377	0.0540541	0.036036	0.0447761	0.0309278	0.0616438	0.0508475	0.1140351	0.0756757	0.0215827	
Cochevis huppé	0.0484581	0.0381356	0.0555556	0.0636042	0.0542986	0.0550459	0.0495868	0.0382979	0.0566038	0.0462185	0.0371622	0.0818584	0.0557377	0.1270983	0.1099744	0.063857	0.0423529	0.0635514	0.0641026	0.0547196	0.0811966	0.0433884	0.0522648	0.0527344	0.0213333	0.036036	0.0582011	0.0152905	0.0429688	0.0267857	0.0165975	0.057377	0.0742574	0.0502793	0.1265823	0.085	0.097561	0.0421687	0.057377	0.0337838	0.0540541	0.0373134	0.0618557	0.0753425	0.0084746	0.0350877	0.0324324	0.0215827	
Cochevis de Thékla ou C. huppé	0.0044053	0.0042373	0.0046296	0.0	0.0045249	0.0091743	0.0041322	0.012766	0.0	0.0084034	0.0033784	0.0110619	0.0065574	0.0119904	0.0	0.0038314	0.0141176	0.0149533	0.0042735	0.0150479	0.0106838	0.0123967	0.0174216	0.0078125	0.0026667	0.0045045	0.010582	0.0	0.0078125	0.0223214	0.0041494	0.0136612	0.009901	0.0055866	0.0063291	0.01	0.0146341	0.0	0.0245902	0.0202703	0.018018	0.0074627	0.0	0.0068493	0.0015	0.0	0.0108108	0.0071942	
Alouette calandrelle	0.0	0.0	0.0	0.0	0.0	0.0	0.0	0.0	0.0	0.0	0.0	0.0066372	0.0098361	0.0215827	0.0383632	0.0255428	0.0164706	0.0224299	0.008547	0.0123119	0.0106838	0.0061983	0.010453	0.0078125	0.0	0.0	0.010582	0.0	0.0117188	0.0	0.0041494	0.0054645	0.0148515	0.0055866	0.0	0.0	0.0	0.0	0.0	0.0	0.0	0.0	0.0	0.0	0.0	0.0	0.0	0.0	
Alouette calandre	0.0044053	0.0	0.0015	0.0070671	0.0	0.0045872	0.0123967	0.0085106	0.0314465	0.0042017	0.0033784	0.0176991	0.0098361	0.0335731	0.0306905	0.0217114	0.0047059	0.0205607	0.017094	0.001368	0.0149573	0.0041322	0.010453	0.0039063	0.0	0.0	0.0	0.0	0.0015	0.0	0.0041494	0.0	0.0	0.0	0.0	0.005	0.004878	0.0	0.0	0.0	0.0015	0.0	0.0	0.0	0.0	0.0	0.0	0.0	
alaudidé sp.	0.0	0.0	0.0	0.0	0.0	0.0	0.0	0.0	0.0015	0.0042017	0.0	0.0	0.0032787	0.0047962	0.0	0.0	0.0	0.0	0.0	0.0	0.0021368	0.0	0.0034843	0.0	0.0	0.0	0.0	0.0015	0.0039063	0.0	0.0	0.0	0.0	0.0	0.0	0.0	0.0	0.0	0.0	0.0	0.0	0.0	0.0	0.0	0.0	0.0087719	0.0	0.0071942	
Cisticole des joncs	0.0352423	0.0169492	0.0462963	0.0742049	0.0588235	0.0504587	0.0702479	0.0680851	0.0943396	0.1386555	0.1081081	0.0929204	0.1409836	0.1103118	0.1713555	0.1609195	0.1694118	0.0953271	0.1346154	0.1709986	0.2029915	0.1487603	0.1916376	0.1523438	0.1173333	0.1396396	0.047619	0.088685	0.0898438	0.0803571	0.033195	0.0655738	0.0544554	0.0446927	0.0632911	0.06	0.0878049	0.0481928	0.0245902	0.0405405	0.1081081	0.0373134	0.0721649	0.0547945	0.0423729	0.0350877	0.027027	0.0359712	
Hypolaïs polyglotte	0.0	0.0	0.0	0.0	0.0	0.0	0.0	0.0	0.0	0.0	0.0	0.0	0.0	0.0	0.028133	0.0561941	0.1294118	0.1570093	0.1987179	0.1928865	0.1559829	0.1363636	0.1916376	0.1132813	0.0853333	0.0990991	0.0687831	0.058104	0.0546875	0.03125	0.0539419	0.0437158	0.0148515	0.0223464	0.0063291	0.005	0.0	0.0	0.0	0.0	0.0	0.0	0.0	0.0	0.0	0.0	0.0	0.0	
Hippolais sp.	0.0	0.0	0.0	0.0	0.0	0.0	0.0	0.0	0.0	0.0	0.0	0.0	0.0	0.0	0.0	0.0	0.0	0.0	0.0	0.0	0.0	0.0	0.0034843	0.0	0.0	0.0	0.0	0.0	0.0	0.0	0.0	0.0	0.0	0.0	0.0	0.0	0.0	0.0	0.0	0.0	0.0	0.0	0.0	0.0	0.0	0.0	0.0	0.0	
Phragmite des joncs	0.0	0.0	0.0	0.0	0.0	0.0	0.0	0.0	0.0	0.0	0.0	0.0154867	0.0	0.0	0.0025575	0.0	0.0	0.0	0.0	0.0	0.0	0.0	0.0	0.0	0.0	0.0	0.005291	0.0030581	0.0	0.0	0.0082988	0.0027322	0.0049505	0.0	0.0063291	0.0	0.0	0.0	0.0	0.0	0.0	0.0	0.0	0.0	0.0	0.0	0.0	0.0	
Rousserolle effarvatte	0.0	0.0	0.0	0.0	0.0	0.0	0.0	0.0	0.0	0.0	0.0	0.0	0.0032787	0.0	0.0	0.0	0.0	0.0	0.0	0.0	0.0	0.0	0.0	0.0	0.0	0.0	0.0	0.0030581	0.0	0.0089286	0.0290456	0.0464481	0.0891089	0.0782123	0.0316456	0.055	0.0243902	0.0120482	0.0	0.0	0.0	0.0	0.0	0.0	0.0	0.0	0.0	0.0	
Rousserolle turdoïde	0.0	0.0	0.0	0.0	0.0	0.0	0.0	0.0	0.0	0.0	0.0	0.0	0.0	0.0	0.0051151	0.0025543	0.0094118	0.011215	0.0128205	0.0068399	0.0128205	0.0123967	0.0069686	0.0097656	0.0106667	0.0045045	0.0	0.0061162	0.0	0.0	0.0082988	0.0027322	0.0	0.0	0.0063291	0.005	0.0	0.0	0.0	0.0	0.0	0.0	0.0	0.0	0.0	0.0	0.0	0.0	
Acrocephalus sp.	0.0	0.0	0.0	0.0	0.0	0.0	0.0	0.0	0.0	0.0	0.0	0.0	0.0	0.0	0.0	0.0	0.0	0.0	0.0	0.0	0.0021368	0.0	0.0	0.0	0.0	0.0	0.0	0.0	0.0	0.0	0.0041494	0.0	0.0	0.0	0.0	0.0	0.0	0.0	0.0	0.0	0.0	0.0	0.0	0.0	0.0	0.0	0.0	0.0	
Locustelle tachetée	0.0	0.0	0.0	0.0	0.0	0.0	0.0	0.0	0.0	0.0	0.0	0.0	0.0	0.0	0.0	0.0	0.0	0.0	0.0	0.0	0.0	0.0	0.0	0.0	0.0	0.0	0.0	0.0	0.0039063	0.0	0.0041494	0.0027322	0.0049505	0.0111732	0.0063291	0.005	0.0	0.0	0.0	0.0	0.0	0.0	0.0	0.0	0.0	0.0	0.0	0.0	
Hirondelle de rivage	0.0	0.0	0.0	0.0	0.0	0.0	0.0	0.0042553	0.0125786	0.012605	0.027027	0.0442478	0.0262295	0.0311751	0.028133	0.0268199	0.0188235	0.0205607	0.017094	0.0246238	0.0235043	0.0123967	0.0383275	0.0136719	0.032	0.0540541	0.021164	0.0336391	0.0273438	0.0133929	0.0497925	0.0218579	0.0247525	0.0111732	0.0316456	0.005	0.0	0.0	0.0	0.0067568	0.0	0.0	0.0	0.0	0.0	0.0	0.0	0.0	
Hirondelle de rochers	0.0704846	0.1101695	0.1388889	0.1484099	0.1447964	0.2110092	0.1942149	0.212766	0.2389937	0.1890756	0.2533784	0.2256637	0.2065574	0.1510791	0.1508951	0.1251596	0.1882353	0.1551402	0.1688034	0.1901505	0.1495726	0.1900826	0.1602787	0.203125	0.1706667	0.2477477	0.2275132	0.2110092	0.2890625	0.1785714	0.2489627	0.2349727	0.1930693	0.2067039	0.1708861	0.2	0.2	0.1807229	0.1885246	0.1554054	0.2432432	0.1716418	0.1546392	0.1575342	0.1101695	0.1315789	0.0864865	0.1151079	
Hirondelle rustique	0.0	0.0	0.0046296	0.0106007	0.0135747	0.0412844	0.0743802	0.1148936	0.2012579	0.2184874	0.2297297	0.2588496	0.2885246	0.2853717	0.2634271	0.2375479	0.2376471	0.2299065	0.2179487	0.2653899	0.224359	0.3119835	0.2891986	0.2753906	0.24	0.3333333	0.3068783	0.3486239	0.3867188	0.3125	0.373444	0.3551913	0.2029703	0.0949721	0.056962	0.07	0.0097561	0.0060241	0.0	0.0	0.0	0.0	0.0	0.0	0.0	0.0	0.0	0.0	
Hirondelle de fenêtre	0.0015	0.0	0.0046296	0.0070671	0.0361991	0.0550459	0.0867769	0.0851064	0.1320755	0.1092437	0.1554054	0.2367257	0.2196721	0.2494005	0.2097187	0.1966794	0.2588235	0.3065421	0.2606838	0.2804378	0.2799145	0.2293388	0.2996516	0.2910156	0.2266667	0.4099099	0.4021164	0.412844	0.3984375	0.3839286	0.4024896	0.4535519	0.3861386	0.2905028	0.2658228	0.265	0.1268293	0.0240964	0.0163934	0.0	0.0015	0.0015	0.0	0.0068493	0.0084746	0.0	0.0015	0.0015	
Hirondelle rousseline	0.0	0.0	0.0	0.0	0.0	0.0	0.0	0.0085106	0.0566038	0.0210084	0.0540541	0.0818584	0.1114754	0.1055156	0.1099744	0.1226054	0.1152941	0.1663551	0.1495726	0.1969904	0.1196581	0.142562	0.174216	0.1582031	0.1546667	0.2072072	0.1587302	0.2110092	0.2148438	0.1875	0.2282158	0.2786885	0.2722772	0.2346369	0.1455696	0.19	0.097561	0.0180723	0.0081967	0.0067568	0.045045	0.0149254	0.0	0.0	0.0	0.0	0.0	0.0	
hirondelle sp.	0.0	0.0	0.0	0.0	0.0	0.0	0.0	0.0	0.0	0.0	0.0033784	0.0	0.0032787	0.0	0.0	0.0012771	0.0047059	0.0056075	0.0021368	0.001368	0.008547	0.0041322	0.0034843	0.0019531	0.0	0.009009	0.005291	0.0	0.0	0.0133929	0.0082988	0.0136612	0.0049505	0.0	0.0253165	0.01	0.0	0.0060241	0.0	0.0	0.0	0.0074627	0.0	0.0	0.0	0.0	0.0	0.0	
Pouillot de Bonelli	0.0	0.0	0.0	0.0	0.0	0.0	0.0	0.0	0.0	0.0	0.0	0.0221239	0.0688525	0.1438849	0.1815857	0.2298851	0.2282353	0.2934579	0.3012821	0.247606	0.1901709	0.2107438	0.1254355	0.1933594	0.1013333	0.1261261	0.1534392	0.1284404	0.1289063	0.0848214	0.06639	0.0409836	0.0049505	0.0	0.0	0.0	0.0	0.0	0.0	0.0	0.0	0.0	0.0	0.0	0.0	0.0	0.0	0.0	
Pouillot à grands sourcils	0.0	0.0	0.0	0.0	0.0	0.0	0.0	0.0	0.0	0.0	0.0	0.0	0.0	0.0	0.0	0.0	0.0	0.0	0.0	0.0	0.0	0.0	0.0	0.0	0.0	0.0	0.0	0.0	0.0	0.0	0.0	0.0	0.0	0.0	0.0	0.0	0.0	0.0	0.0163934	0.0	0.0	0.0	0.0	0.0	0.0	0.0	0.0	0.0	
Pouillot fitis	0.0	0.0	0.0	0.0	0.0	0.0	0.0	0.0	0.0	0.0	0.0033784	0.0353982	0.0163934	0.0071942	0.0025575	0.0	0.0	0.0	0.0	0.0	0.0	0.0	0.0	0.0	0.0	0.0	0.0	0.0061162	0.0234375	0.0446429	0.1120332	0.2540984	0.2376238	0.3463687	0.3544304	0.28	0.1560976	0.126506	0.0163934	0.0067568	0.0	0.0	0.0	0.0	0.0	0.0	0.0	0.0	
Pouillot véloce	0.3700441	0.3728814	0.3703704	0.3957597	0.3031674	0.3211009	0.3057851	0.3234043	0.3081761	0.1848739	0.1385135	0.0973451	0.0131148	0.0095923	0.0025575	0.0051086	0.0023529	0.0018692	0.0064103	0.002736	0.0	0.0020661	0.0	0.0019531	0.008	0.0	0.0	0.0030581	0.0	0.0044643	0.0041494	0.010929	0.0	0.0055866	0.0316456	0.025	0.0682927	0.1626506	0.204918	0.2972973	0.4954955	0.3880597	0.4536082	0.3767123	0.3559322	0.3333333	0.3891892	0.3453237	
Pouillot ibérique	0.0	0.0	0.0	0.0	0.0	0.0	0.0247934	0.0510638	0.0943396	0.105042	0.1418919	0.1415929	0.1344262	0.0959233	0.0997442	0.0664112	0.0823529	0.0747664	0.1047009	0.0642955	0.0662393	0.0764463	0.0557491	0.0585938	0.0666667	0.0990991	0.0793651	0.1284404	0.125	0.0892857	0.186722	0.1693989	0.1188119	0.0558659	0.0632911	0.03	0.004878	0.0	0.0	0.0	0.0	0.0	0.0	0.0	0.0	0.0	0.0	0.0	
Pouillot véloce ou P. ibérique	0.0	0.0	0.0	0.0	0.0	0.0	0.0041322	0.0170213	0.0440252	0.012605	0.0236486	0.0044248	0.0065574	0.0	0.0	0.0	0.0	0.0018692	0.0	0.0	0.0	0.0	0.0034843	0.0	0.0	0.0	0.0	0.0	0.0	0.0	0.0	0.0	0.0049505	0.0055866	0.0	0.005	0.004878	0.0	0.0	0.0	0.0	0.0	0.0	0.0	0.0	0.0	0.0	0.0	
pouillot sp.	0.0	0.0	0.0	0.0070671	0.0	0.0	0.0041322	0.0042553	0.0125786	0.0336134	0.0067568	0.0022124	0.0098361	0.0023981	0.0025575	0.0	0.0023529	0.0018692	0.0	0.002736	0.0021368	0.0020661	0.0015	0.0	0.0	0.0045045	0.0	0.0366972	0.0234375	0.0223214	0.033195	0.0464481	0.049505	0.027933	0.0316456	0.06	0.0292683	0.0542169	0.057377	0.0405405	0.009009	0.0074627	0.0	0.0	0.0	0.0175439	0.0	0.0	
Bouscarle de Cetti	0.0748899	0.0805085	0.125	0.1378092	0.081448	0.1834862	0.161157	0.1957447	0.2767296	0.2310924	0.2668919	0.2323009	0.2459016	0.3117506	0.3273657	0.2234994	0.2282353	0.188785	0.2136752	0.1778386	0.2222222	0.1487603	0.1324042	0.1054688	0.0613333	0.0810811	0.1005291	0.1314985	0.125	0.1294643	0.1825726	0.2295082	0.2475248	0.2067039	0.2658228	0.27	0.2536585	0.1987952	0.1557377	0.1418919	0.2162162	0.1641791	0.1340206	0.0821918	0.0423729	0.0526316	0.1027027	0.0935252	
Orite à longue queue	0.2334802	0.2288136	0.2222222	0.1978799	0.1945701	0.2155963	0.2479339	0.2170213	0.2075472	0.1470588	0.1351351	0.1681416	0.1803279	0.1151079	0.1483376	0.1187739	0.1529412	0.1327103	0.1303419	0.1039672	0.1132479	0.1342975	0.097561	0.09375	0.0746667	0.0945946	0.1428571	0.116208	0.1132813	0.1160714	0.1618257	0.2349727	0.1980198	0.2234637	0.1962025	0.215	0.2292683	0.2168675	0.2540984	0.2567568	0.3243243	0.3507463	0.3092784	0.260274	0.2118644	0.254386	0.2162162	0.2194245	
Fauvette à tête noire	0.30837	0.3135593	0.3194444	0.2897527	0.3076923	0.3302752	0.3057851	0.3191489	0.4654088	0.407563	0.4594595	0.4889381	0.4786885	0.4532374	0.5319693	0.4010217	0.4776471	0.4130841	0.5448718	0.4705882	0.4935897	0.535124	0.5156794	0.53125	0.6106667	0.5045045	0.3809524	0.3455657	0.265625	0.2321429	0.2946058	0.3169399	0.3069307	0.3128492	0.3101266	0.34	0.2878049	0.3313253	0.2622951	0.3716216	0.3873874	0.3432836	0.4226804	0.2808219	0.279661	0.3947368	0.2756757	0.2697842	
Fauvette des jardins	0.0	0.0	0.0	0.0	0.0	0.0	0.0	0.0	0.0	0.0	0.0	0.0	0.0	0.0	0.0025575	0.0012771	0.0	0.0	0.0	0.0	0.0	0.0	0.0	0.0	0.0	0.0	0.0	0.0	0.0	0.0	0.0082988	0.0327869	0.0643564	0.0782123	0.0316456	0.015	0.004878	0.0015	0.0	0.0	0.0	0.0	0.0	0.0	0.0	0.0	0.0	0.0	
Fauvette orphée	0.0	0.0	0.0	0.0	0.0	0.0	0.0	0.0	0.0	0.0	0.0033784	0.0066372	0.0131148	0.0239808	0.0332481	0.0242656	0.0635294	0.0261682	0.0405983	0.0287278	0.0299145	0.0227273	0.0209059	0.0214844	0.0015	0.0	0.0	0.0	0.0039063	0.0	0.0	0.0027322	0.0	0.0055866	0.0	0.0	0.0	0.0	0.0	0.0	0.0	0.0	0.0	0.0	0.0	0.0	0.0	0.0	
Fauvette mélanocéphale	0.3656388	0.3559322	0.3935185	0.3533569	0.3303167	0.3256881	0.3305785	0.3276596	0.4213836	0.3781513	0.3108108	0.2831858	0.2754098	0.2661871	0.3324808	0.2988506	0.3247059	0.2448598	0.2435897	0.2393981	0.2713675	0.2789256	0.2891986	0.2890625	0.192	0.2342342	0.2010582	0.1957187	0.2070313	0.3392857	0.253112	0.3415301	0.4009901	0.3463687	0.3607595	0.47	0.4146341	0.4036145	0.3934426	0.5135135	0.5045045	0.4104478	0.4226804	0.4178082	0.3220339	0.4736842	0.4	0.3633094	
Fauvette passerinette	0.0	0.0	0.0	0.0	0.0	0.0	0.0	0.0042553	0.0314465	0.0588235	0.1047297	0.1327434	0.1934426	0.1558753	0.2046036	0.1673052	0.2258824	0.1869159	0.2115385	0.1559508	0.1495726	0.1756198	0.1811847	0.171875	0.0586667	0.045045	0.0529101	0.0519878	0.0585938	0.0580357	0.1120332	0.1092896	0.0841584	0.122905	0.0506329	0.01	0.0	0.0	0.0	0.0	0.0	0.0	0.0	0.0	0.0	0.0	0.0	0.0	
Fauvette grisette	0.0	0.0	0.0	0.0	0.0	0.0	0.0	0.0	0.0	0.0	0.0	0.0022124	0.0327869	0.0503597	0.1176471	0.0727969	0.1105882	0.117757	0.1816239	0.1477428	0.1324786	0.1342975	0.1149826	0.0839844	0.056	0.0315315	0.015873	0.0366972	0.0234375	0.0446429	0.0456432	0.0819672	0.0643564	0.0837989	0.056962	0.05	0.0195122	0.0180723	0.0	0.0067568	0.0	0.0	0.0	0.0	0.0	0.0	0.0	0.0	
Fauvette à lunettes	0.0	0.0	0.0	0.0	0.0	0.0	0.0	0.0	0.0	0.0	0.0	0.0	0.0098361	0.0	0.0	0.0	0.0	0.0018692	0.0042735	0.0015	0.0021368	0.0061983	0.0034843	0.0058594	0.0	0.0	0.005291	0.0	0.0039063	0.0	0.0	0.0027322	0.0	0.0	0.0	0.0	0.0	0.0	0.0	0.0	0.0	0.0	0.0	0.0	0.0	0.0	0.0	0.0	
Fauvette pitchou	0.1674009	0.1101695	0.1157407	0.0530035	0.0769231	0.0917431	0.0702479	0.1021277	0.0062893	0.0714286	0.0743243	0.0884956	0.0721311	0.0623501	0.1381074	0.1111111	0.1058824	0.0990654	0.1047009	0.119015	0.1474359	0.142562	0.1707317	0.1738281	0.096	0.1081081	0.0687831	0.1039755	0.0625	0.1294643	0.0912863	0.1147541	0.1039604	0.1005587	0.0759494	0.13	0.1609756	0.1024096	0.0983607	0.1148649	0.0720721	0.1044776	0.185567	0.1164384	0.1525424	0.2105263	0.1837838	0.0863309	
Curruca sp.	0.0	0.0	0.0	0.0	0.0	0.0	0.0	0.0	0.0	0.0	0.0	0.0	0.0	0.0	0.0	0.0	0.0	0.0	0.0	0.001368	0.0	0.0	0.0	0.0	0.0	0.0	0.0	0.0	0.0	0.0	0.0	0.0	0.0	0.0	0.0	0.0	0.0	0.0	0.0	0.0	0.0	0.0	0.0	0.0	0.0	0.0	0.0	0.0	
Sylvia ou Curruca sp.	0.0	0.0042373	0.0	0.0	0.0015	0.0	0.0	0.0	0.0	0.0	0.0	0.0022124	0.0	0.0	0.0025575	0.0025543	0.0070588	0.0037383	0.0021368	0.0015	0.0021368	0.0	0.0	0.0039063	0.0	0.0045045	0.005291	0.0061162	0.0117188	0.0178571	0.0041494	0.0027322	0.0049505	0.0015	0.0063291	0.005	0.004878	0.0015	0.0	0.0	0.0	0.0	0.0	0.0	0.0	0.0	0.0	0.0	
Roitelet huppé	0.0132159	0.0211864	0.0092593	0.0070671	0.0045249	0.0	0.0041322	0.0042553	0.0	0.0	0.0	0.0	0.0	0.0	0.0	0.0	0.0	0.0	0.0	0.0	0.0	0.0	0.0	0.0	0.0	0.0	0.0	0.0	0.0	0.0	0.0	0.0	0.0	0.0	0.0	0.0	0.0	0.0	0.0	0.0	0.0	0.0	0.0206186	0.0205479	0.0169492	0.0087719	0.0162162	0.0179856	
Roitelet à triple bandeau	0.0881057	0.0805085	0.0925926	0.0777385	0.1221719	0.1100917	0.1528926	0.1574468	0.1886792	0.1470588	0.1148649	0.1415929	0.1377049	0.0863309	0.1150895	0.0945083	0.08	0.0803738	0.1004274	0.1121751	0.0769231	0.0826446	0.0731707	0.0761719	0.0613333	0.0540541	0.0687831	0.0672783	0.0546875	0.0625	0.0788382	0.0519126	0.0742574	0.0782123	0.1139241	0.095	0.102439	0.0783133	0.0983607	0.0878378	0.1171171	0.119403	0.1649485	0.0958904	0.0847458	0.1929825	0.0648649	0.0827338	
Roitelet huppé ou R. à triple bandeau	0.0	0.0042373	0.0046296	0.0070671	0.0135747	0.0	0.0041322	0.0	0.0062893	0.0	0.0	0.0022124	0.0	0.0	0.0	0.0	0.0	0.0	0.0	0.0	0.0	0.0	0.0	0.0	0.0	0.0	0.0	0.0030581	0.0	0.0	0.0	0.0027322	0.0	0.0	0.0	0.0	0.0	0.0	0.0	0.0	0.0	0.0	0.0	0.0068493	0.0	0.0175439	0.0	0.0035971	
Sittelle torchepot	0.123348	0.1779661	0.1018519	0.1166078	0.0769231	0.1009174	0.1446281	0.1489362	0.1320755	0.105042	0.1216216	0.130531	0.157377	0.117506	0.0920716	0.0702427	0.0847059	0.0635514	0.0641026	0.0683995	0.0598291	0.0929752	0.0696864	0.1210938	0.088	0.1261261	0.1481481	0.1498471	0.109375	0.1428571	0.1369295	0.1530055	0.0990099	0.1452514	0.1518987	0.105	0.0926829	0.1445783	0.1065574	0.0675676	0.1261261	0.0895522	0.1134021	0.1164384	0.0762712	0.0789474	0.1297297	0.147482	
Grimpereau des jardins	0.2511013	0.3262712	0.2546296	0.3003534	0.321267	0.3302752	0.3099174	0.306383	0.3773585	0.3403361	0.3614865	0.3318584	0.3213115	0.2973621	0.3094629	0.2286079	0.2894118	0.2579439	0.284188	0.2995896	0.2649573	0.268595	0.261324	0.2324219	0.232	0.3198198	0.2698413	0.3363914	0.3203125	0.3035714	0.2904564	0.3196721	0.3019802	0.3128492	0.3417722	0.32	0.3170732	0.3554217	0.2540984	0.1351351	0.2882883	0.3880597	0.2989691	0.260274	0.2033898	0.2982456	0.2918919	0.2913669	
Troglodyte mignon	0.2378855	0.2838983	0.2777778	0.3286219	0.3257919	0.3761468	0.4008264	0.4340426	0.4842767	0.4369748	0.4628378	0.449115	0.4852459	0.3884892	0.4219949	0.3358876	0.3552941	0.3495327	0.4102564	0.3488372	0.3205128	0.3202479	0.28223	0.3007813	0.2693333	0.2387387	0.2169312	0.2568807	0.2773438	0.2410714	0.3070539	0.3142077	0.2475248	0.2960894	0.2341772	0.215	0.1756098	0.2168675	0.1885246	0.2432432	0.3603604	0.3731343	0.3505155	0.2739726	0.2288136	0.3596491	0.2702703	0.2625899	
Cincle plongeur	0.0264317	0.0169492	0.0046296	0.0424028	0.0135747	0.0366972	0.0123967	0.0425532	0.0125786	0.012605	0.0168919	0.0154867	0.0196721	0.0071942	0.0076726	0.0127714	0.0070588	0.0149533	0.017094	0.0095759	0.017094	0.0247934	0.0209059	0.0175781	0.0266667	0.036036	0.042328	0.030581	0.0273438	0.03125	0.0456432	0.0081967	0.0346535	0.0335196	0.0316456	0.025	0.0439024	0.0421687	0.0081967	0.0472973	0.036036	0.0597015	0.0206186	0.0273973	0.0169492	0.0175439	0.0216216	0.0503597	
Étourneau sansonnet	0.030837	0.0084746	0.0277778	0.0212014	0.0135747	0.0229358	0.0165289	0.0085106	0.0251572	0.0	0.0033784	0.0	0.0	0.0	0.0	0.0	0.0	0.0	0.0	0.0	0.0	0.0	0.0	0.0	0.0	0.0	0.0	0.0	0.0	0.0	0.0	0.0	0.0	0.0	0.0	0.0	0.0	0.0060241	0.0	0.0015	0.018018	0.0298507	0.0309278	0.0273973	0.0254237	0.0015	0.0162162	0.0035971	
Étourneau unicolore	0.4140969	0.4533898	0.5185185	0.4522968	0.4570136	0.4724771	0.3842975	0.3829787	0.427673	0.4243697	0.4155405	0.3982301	0.3737705	0.41247	0.4092072	0.3563218	0.3741176	0.388785	0.4358974	0.4336525	0.3824786	0.3636364	0.4181185	0.3125	0.264	0.3423423	0.2380952	0.351682	0.296875	0.28125	0.3319502	0.3579235	0.4356436	0.3687151	0.4177215	0.54	0.4780488	0.5060241	0.5081967	0.5540541	0.5585586	0.4328358	0.5360825	0.4452055	0.3813559	0.3947368	0.3945946	0.381295	
Étourneau sansonnet ou É. unicolore	0.0132159	0.029661	0.0231481	0.0212014	0.0045249	0.0045872	0.0082645	0.0	0.0062893	0.012605	0.0067568	0.0022124	0.0	0.0	0.0	0.0	0.0	0.0	0.0	0.0	0.0	0.0	0.0	0.0	0.0	0.0	0.0	0.0	0.0	0.0	0.0	0.0	0.0049505	0.0	0.0063291	0.005	0.004878	0.0	0.0163934	0.0202703	0.009009	0.0074627	0.0	0.0136986	0.0	0.0087719	0.0054054	0.0179856	
Grive draine	0.1277533	0.1355932	0.1203704	0.1519435	0.0723982	0.1238532	0.0950413	0.0765957	0.0754717	0.0756303	0.0810811	0.0774336	0.052459	0.0671463	0.0588235	0.0408685	0.0305882	0.0747664	0.0769231	0.0697674	0.0555556	0.0929752	0.0766551	0.0859375	0.0693333	0.0855856	0.0529101	0.0733945	0.0625	0.0580357	0.0705394	0.0655738	0.009901	0.122905	0.056962	0.04	0.1414634	0.0843373	0.057377	0.1081081	0.045045	0.0746269	0.0824742	0.0890411	0.0677966	0.0614035	0.1297297	0.0935252	
Grive musicienne	0.3127753	0.3940678	0.3425926	0.3250883	0.3574661	0.353211	0.3140496	0.3148936	0.3459119	0.2983193	0.2466216	0.1836283	0.1377049	0.0863309	0.0409207	0.0242656	0.0305882	0.0168224	0.0576923	0.0383037	0.0277778	0.0392562	0.0452962	0.0332031	0.0426667	0.0540541	0.0015	0.0244648	0.03125	0.0133929	0.0124481	0.0245902	0.0247525	0.0055866	0.0126582	0.005	0.0097561	0.0421687	0.0819672	0.1283784	0.2072072	0.2462687	0.2474227	0.2534247	0.2711864	0.3157895	0.2378378	0.2194245	
Grive mauvis	0.0704846	0.0635593	0.125	0.0883392	0.0678733	0.0779817	0.0826446	0.0340426	0.0440252	0.0042017	0.0	0.0044248	0.0	0.0	0.0	0.0	0.0	0.0	0.0	0.0	0.0	0.0	0.0	0.0	0.0	0.0	0.0	0.0	0.0	0.0	0.0	0.0	0.0	0.0	0.0	0.0	0.0	0.0	0.0	0.0135135	0.009009	0.0671642	0.1237113	0.0684932	0.0932203	0.0964912	0.0432432	0.0503597	
Merle noir	0.5770925	0.5762712	0.662037	0.5971731	0.60181	0.5917431	0.6033058	0.587234	0.7169811	0.6386555	0.6587838	0.6349558	0.6622951	0.6570743	0.6547315	0.6155811	0.6541176	0.671028	0.7008547	0.622435	0.5918803	0.6404959	0.6550523	0.5703125	0.4533333	0.527027	0.4708995	0.4984709	0.4609375	0.4508929	0.4854772	0.5355191	0.5	0.547486	0.6012658	0.655	0.4926829	0.5421687	0.5245902	0.4864865	0.5765766	0.5522388	0.5670103	0.5547945	0.4491525	0.5789474	0.4810811	0.5179856	
Grive litorne	0.0088106	0.0127119	0.0015	0.0212014	0.0015	0.0137615	0.0	0.0085106	0.0	0.0	0.0	0.0	0.0	0.0	0.0	0.0	0.0	0.0	0.0	0.0	0.0	0.0	0.0	0.0	0.0	0.0	0.0	0.0	0.0	0.0	0.0	0.0	0.0	0.0	0.0	0.0	0.0	0.0	0.0	0.0	0.0	0.0	0.0103093	0.0136986	0.0338983	0.0087719	0.0162162	0.0107914	
Merle à plastron	0.0044053	0.0	0.0046296	0.0070671	0.0	0.0045872	0.0	0.0	0.0	0.0	0.0	0.0	0.0032787	0.0	0.0	0.0	0.0	0.0	0.0	0.0	0.0	0.0	0.0	0.0	0.0	0.0	0.0	0.0	0.0	0.0	0.0	0.0	0.0	0.0	0.0	0.0	0.0	0.0060241	0.0	0.0135135	0.018018	0.0149254	0.0309278	0.0136986	0.0169492	0.0087719	0.0162162	0.0035971	
Turdus sp.	0.0132159	0.0211864	0.0185185	0.0106007	0.0045249	0.0045872	0.0	0.0042553	0.0251572	0.0	0.0067568	0.0022124	0.0	0.0023981	0.0	0.0	0.0	0.0	0.0021368	0.0	0.0064103	0.0	0.0069686	0.0	0.0	0.0	0.0	0.0	0.0	0.0	0.0	0.0027322	0.0049505	0.0	0.0	0.005	0.0097561	0.0	0.0	0.0	0.009009	0.0074627	0.0309278	0.0068493	0.0084746	0.0526316	0.0054054	0.0071942	
turdidé sp.	0.0	0.0	0.0	0.0	0.0	0.0	0.0	0.0	0.0	0.0	0.0	0.0	0.0	0.0	0.0	0.0	0.0	0.0	0.0	0.0	0.0	0.0	0.0	0.0	0.0	0.0	0.0	0.0	0.0	0.0	0.0	0.0	0.0	0.0	0.0	0.0	0.0	0.0	0.0	0.0	0.0	0.0074627	0.0	0.0	0.0	0.0	0.0	0.0	
Gobemouche gris	0.0	0.0	0.0	0.0	0.0	0.0	0.0	0.0	0.0	0.0	0.0	0.0	0.0	0.0	0.0	0.0	0.0023529	0.0037383	0.0	0.0	0.0	0.0020661	0.0	0.0	0.0026667	0.009009	0.0	0.0030581	0.0039063	0.0133929	0.0705394	0.1229508	0.2574257	0.2346369	0.1898734	0.125	0.0926829	0.0662651	0.0163934	0.0	0.0	0.0	0.0	0.0	0.0	0.0	0.0	0.0	
Rougegorge familier	0.5947137	0.6313559	0.6481481	0.6572438	0.6244344	0.5917431	0.5950413	0.5914894	0.6540881	0.5	0.5608108	0.5331858	0.4295082	0.3381295	0.3248082	0.2886335	0.3317647	0.3140187	0.3760684	0.3160055	0.3333333	0.3367769	0.3310105	0.2519531	0.288	0.2837838	0.2380952	0.3180428	0.3203125	0.3125	0.3983402	0.3743169	0.3861386	0.4748603	0.4936709	0.645	0.595122	0.6325301	0.6311475	0.6554054	0.7117117	0.6343284	0.628866	0.630137	0.5508475	0.6578947	0.5891892	0.5395683	
Rossignol philomèle	0.0	0.0	0.0	0.0	0.0	0.0	0.0	0.0	0.0	0.0	0.0033784	0.0287611	0.1540984	0.4724221	0.5856777	0.5261814	0.5670588	0.5570093	0.5213675	0.4309166	0.465812	0.3987603	0.2682927	0.1914063	0.0826667	0.1171171	0.0793651	0.1009174	0.1015625	0.1071429	0.1244813	0.0601093	0.039604	0.0335196	0.0126582	0.01	0.0	0.0	0.0	0.0	0.0	0.0	0.0	0.0	0.0	0.0	0.0	0.0	
Gorgebleue à miroir	0.0	0.0	0.0	0.0	0.0	0.0	0.0	0.0	0.0	0.0	0.0	0.0022124	0.0	0.0023981	0.0	0.0	0.0	0.0	0.0	0.0	0.0	0.0	0.0	0.0	0.0	0.0	0.0	0.0	0.0	0.0	0.0	0.0	0.0	0.0055866	0.0	0.0	0.0	0.0	0.0	0.0	0.0	0.0	0.0	0.0	0.0	0.0	0.0	0.0	
Gobemouche noir	0.0	0.0	0.0	0.0	0.0	0.0	0.0	0.0	0.0	0.0	0.0	0.0	0.0	0.0015	0.0	0.0	0.0	0.0	0.0	0.0	0.0	0.0	0.0	0.0	0.0	0.0	0.005291	0.0061162	0.0546875	0.0758929	0.1618257	0.3797814	0.5841584	0.6536313	0.6582278	0.525	0.3463415	0.1445783	0.057377	0.027027	0.0015	0.0	0.0	0.0	0.0	0.0	0.0	0.0	
Rougequeue à front blanc	0.0	0.0	0.0	0.0	0.0	0.0	0.0	0.0	0.0	0.0	0.0015	0.0154867	0.0196721	0.0119904	0.0051151	0.0114943	0.0047059	0.0037383	0.0149573	0.0328317	0.0149573	0.0227273	0.0034843	0.0058594	0.0026667	0.027027	0.010582	0.0091743	0.0117188	0.03125	0.0414938	0.0546448	0.0148515	0.0782123	0.0253165	0.01	0.0	0.0060241	0.0	0.0	0.0	0.0	0.0	0.0	0.0	0.0	0.0	0.0	
Rougequeue noir	0.4052863	0.3686441	0.3935185	0.3957597	0.3303167	0.3577982	0.3140496	0.3191489	0.4339623	0.3487395	0.3277027	0.3141593	0.2852459	0.2374101	0.1918159	0.2222222	0.2588235	0.2392523	0.2264957	0.2804378	0.2884615	0.2582645	0.28223	0.265625	0.2506667	0.3963964	0.2857143	0.2446483	0.2578125	0.2633929	0.2904564	0.2595628	0.2475248	0.3128492	0.335443	0.315	0.3365854	0.4698795	0.3688525	0.4189189	0.4684685	0.3059701	0.5257732	0.4383562	0.3983051	0.3947368	0.3351351	0.352518	
rougequeue sp.	0.0	0.0	0.0	0.0	0.0	0.0	0.0	0.0	0.0	0.0	0.0	0.0	0.0	0.0	0.0	0.0	0.0023529	0.0037383	0.0021368	0.0	0.0	0.0	0.0	0.0	0.0	0.0	0.0	0.0	0.0	0.0044643	0.0	0.0	0.0	0.0	0.0	0.0	0.0	0.0	0.0	0.0	0.0	0.0	0.0	0.0	0.0	0.0	0.0	0.0035971	
Monticole de roche	0.0	0.0	0.0	0.0	0.0	0.0	0.0	0.0	0.0	0.0	0.0	0.0	0.0	0.0	0.0025575	0.0063857	0.0164706	0.011215	0.017094	0.0082079	0.0149573	0.018595	0.0243902	0.0136719	0.008	0.0315315	0.021164	0.0152905	0.0117188	0.0044643	0.0165975	0.0027322	0.0	0.0055866	0.0126582	0.0	0.0	0.0	0.0	0.0	0.0	0.0	0.0	0.0	0.0	0.0	0.0	0.0	
Monticole bleu	0.0264317	0.0169492	0.0231481	0.024735	0.0316742	0.0229358	0.0289256	0.0212766	0.0251572	0.0546218	0.0472973	0.039823	0.0459016	0.0383693	0.0588235	0.0523627	0.0752941	0.0635514	0.0641026	0.0725034	0.0619658	0.0805785	0.0522648	0.046875	0.0186667	0.0315315	0.047619	0.0214067	0.015625	0.0178571	0.0207469	0.0327869	0.0643564	0.0446927	0.0253165	0.045	0.0292683	0.0361446	0.0015	0.0202703	0.0540541	0.0298507	0.0412371	0.0136986	0.0338983	0.0350877	0.0108108	0.028777	
monticole sp.	0.0	0.0	0.0	0.0	0.0	0.0	0.0	0.0	0.0	0.0	0.0	0.0	0.0	0.0	0.0	0.0	0.0	0.0	0.0	0.0	0.0021368	0.0	0.0	0.0	0.0	0.0	0.0	0.0	0.0	0.0	0.0	0.0	0.0	0.0	0.0	0.0	0.0	0.0	0.0	0.0	0.0	0.0	0.0	0.0	0.0	0.0	0.0	0.0	
Tarier des prés	0.0	0.0	0.0	0.0	0.0	0.0	0.0	0.0	0.0	0.0	0.0	0.0	0.0	0.0	0.0025575	0.0012771	0.0	0.0	0.0	0.0	0.0	0.0	0.0	0.0	0.0	0.0	0.0	0.0	0.0	0.0	0.0	0.0081967	0.0445545	0.1061453	0.1582278	0.09	0.0682927	0.0361446	0.0245902	0.0	0.0	0.0	0.0	0.0	0.0	0.0	0.0	0.0	
Tarier pâtre	0.2995595	0.3559322	0.4074074	0.3462898	0.3348416	0.3165138	0.3264463	0.3148936	0.3647799	0.3403361	0.3141892	0.2876106	0.2885246	0.294964	0.370844	0.2962963	0.3035294	0.2934579	0.3034188	0.2913817	0.3247863	0.2892562	0.3135889	0.28125	0.2	0.3153153	0.2116402	0.2905199	0.2421875	0.3794643	0.2987552	0.3497268	0.4108911	0.4022346	0.4303797	0.51	0.4731707	0.3674699	0.3688525	0.3513514	0.4234234	0.3955224	0.4742268	0.3493151	0.3389831	0.3333333	0.2972973	0.3021583	
Traquet motteux	0.0	0.0	0.0	0.0	0.0	0.0	0.0	0.0015	0.0	0.0	0.0	0.0221239	0.0295082	0.0407674	0.0332481	0.0306513	0.0282353	0.0280374	0.0192308	0.0341997	0.0598291	0.0681818	0.0452962	0.0429688	0.0373333	0.0900901	0.0582011	0.0336391	0.0390625	0.0625	0.0456432	0.0710383	0.0643564	0.1731844	0.221519	0.15	0.1463415	0.0843373	0.0491803	0.0472973	0.0015	0.0	0.0	0.0	0.0	0.0	0.0	0.0	
Traquet oreillard	0.0	0.0	0.0	0.0	0.0	0.0	0.0	0.0	0.0	0.0	0.0033784	0.0022124	0.0065574	0.0071942	0.0153453	0.0102171	0.0188235	0.0261682	0.0042735	0.0232558	0.0021368	0.0309917	0.0209059	0.0390625	0.0	0.0045045	0.005291	0.0	0.0078125	0.0	0.0	0.0081967	0.0	0.0	0.0015	0.0	0.0	0.0	0.0	0.0	0.0	0.0	0.0	0.0	0.0	0.0	0.0	0.0	
Traquet rieur	0.0	0.0042373	0.0092593	0.0015	0.0045249	0.0	0.0	0.0085106	0.0188679	0.0042017	0.0	0.0022124	0.0015	0.0	0.0051151	0.0012771	0.0023529	0.0018692	0.0021368	0.001368	0.0	0.0061983	0.0	0.0117188	0.0	0.0045045	0.005291	0.0	0.0	0.0015	0.0	0.0027322	0.009901	0.0	0.0	0.0015	0.0	0.0	0.0	0.0	0.0	0.0	0.0	0.0015	0.0084746	0.0	0.0	0.0	
Oenanthe sp.	0.0	0.0	0.0	0.0	0.0	0.0	0.0	0.0	0.0	0.0	0.0	0.0	0.0	0.0	0.0	0.0	0.0	0.0	0.0	0.0	0.0	0.0015	0.0	0.0	0.0026667	0.0	0.0	0.0	0.0	0.0	0.0	0.0	0.0	0.0	0.0	0.005	0.004878	0.0	0.0	0.0	0.0	0.0	0.0	0.0	0.0	0.0	0.0	0.0	
Astrild ondulé	0.0572687	0.029661	0.0509259	0.024735	0.0226244	0.0137615	0.0165289	0.0255319	0.0251572	0.0210084	0.0472973	0.039823	0.0196721	0.0191847	0.0179028	0.0229885	0.0235294	0.0149533	0.0235043	0.0150479	0.017094	0.018595	0.0313589	0.0253906	0.0213333	0.0675676	0.026455	0.0642202	0.0546875	0.0892857	0.0580913	0.0956284	0.1089109	0.1117318	0.0886076	0.145	0.1804878	0.126506	0.0983607	0.1418919	0.1621622	0.0895522	0.0618557	0.0479452	0.0338983	0.0526316	0.027027	0.0359712	
Accenteur alpin	0.0220264	0.029661	0.0231481	0.0035336	0.0135747	0.0137615	0.0082645	0.0085106	0.0188679	0.0015	0.0033784	0.0015	0.0	0.0	0.0	0.0	0.0	0.0	0.0	0.0	0.0	0.0	0.0	0.0	0.0	0.0	0.0	0.0	0.0	0.0	0.0	0.0	0.0	0.0	0.0	0.0	0.0	0.0	0.0	0.0	0.0015	0.0	0.0515464	0.0273973	0.0338983	0.0087719	0.0216216	0.028777	
Accenteur mouchet	0.1013216	0.0932203	0.0787037	0.04947	0.0497738	0.0688073	0.0495868	0.0680851	0.0754717	0.0252101	0.0337838	0.0442478	0.0622951	0.0359712	0.0383632	0.0306513	0.0517647	0.0205607	0.0576923	0.0588235	0.0683761	0.0681818	0.087108	0.0566406	0.0613333	0.0720721	0.047619	0.0519878	0.0820313	0.0982143	0.0954357	0.0628415	0.0346535	0.0726257	0.0696203	0.04	0.0682927	0.0722892	0.0737705	0.0337838	0.045045	0.0671642	0.0618557	0.0684932	0.059322	0.1403509	0.1189189	0.0431655	
Moineau domestique	0.3700441	0.3644068	0.4722222	0.409894	0.4208145	0.4220183	0.3760331	0.4212766	0.509434	0.4411765	0.4121622	0.4026549	0.4360656	0.4196643	0.3759591	0.3524904	0.4164706	0.3626168	0.3995726	0.4692202	0.4358974	0.4297521	0.4703833	0.4140625	0.456	0.518018	0.4126984	0.4740061	0.46875	0.3883929	0.4273859	0.3715847	0.4059406	0.3631285	0.3924051	0.405	0.3268293	0.4578313	0.4754098	0.4391892	0.4144144	0.380597	0.443299	0.369863	0.279661	0.3421053	0.3405405	0.3021583	
Moineau espagnol	0.0440529	0.0211864	0.0231481	0.0106007	0.0180995	0.0091743	0.0015	0.012766	0.0188679	0.0504202	0.027027	0.039823	0.0393443	0.0719424	0.056266	0.0498084	0.0564706	0.0448598	0.0619658	0.0506156	0.0555556	0.0433884	0.0522648	0.0332031	0.0266667	0.009009	0.026455	0.0091743	0.0195313	0.0133929	0.0124481	0.0136612	0.009901	0.027933	0.0126582	0.02	0.004878	0.0060241	0.0	0.0015	0.0015	0.0149254	0.0	0.0205479	0.0	0.0175439	0.0054054	0.0215827	
Hybride Moineau domestique x M. espagnol	0.0	0.0	0.0	0.0	0.0	0.0	0.0	0.0	0.0	0.0	0.0	0.0	0.0	0.0	0.0	0.0015	0.0	0.0	0.0	0.0	0.0	0.0	0.0	0.0	0.0	0.0	0.0	0.0	0.0	0.0	0.0	0.0	0.0	0.0	0.0	0.0	0.0	0.0	0.0	0.0	0.0	0.0	0.0	0.0	0.0	0.0	0.0	0.0	
Moineau domestique ou M. espagnol	0.0	0.0	0.0	0.0035336	0.0	0.0	0.0	0.0	0.0	0.0	0.0067568	0.0	0.0	0.0023981	0.0	0.0	0.0	0.0	0.0	0.0	0.0	0.0	0.0	0.0	0.0	0.0	0.0	0.0	0.0039063	0.0089286	0.0	0.0054645	0.0	0.0	0.0	0.005	0.0	0.0	0.0081967	0.0	0.0	0.0149254	0.0	0.0	0.0	0.0	0.0	0.0035971	
Moineau friquet	0.0528634	0.059322	0.0694444	0.0459364	0.040724	0.0550459	0.0578512	0.0255319	0.0440252	0.0546218	0.0405405	0.0309735	0.0557377	0.0215827	0.0306905	0.0255428	0.0211765	0.0168224	0.025641	0.0314637	0.042735	0.0309917	0.0313589	0.0273438	0.0293333	0.0630631	0.021164	0.0428135	0.0078125	0.0491071	0.0165975	0.0327869	0.0544554	0.027933	0.0316456	0.08	0.0634146	0.0843373	0.0491803	0.0675676	0.0540541	0.0373134	0.0824742	0.0410959	0.0762712	0.0526316	0.0702703	0.0503597	
Moineau domestique ou M. friquet	0.0	0.0042373	0.0046296	0.0035336	0.0	0.0	0.0	0.0	0.0	0.0	0.0	0.0	0.0	0.0047962	0.0	0.0012771	0.0047059	0.0	0.0021368	0.0	0.0	0.0020661	0.0	0.0	0.0	0.0	0.0	0.0061162	0.0039063	0.0015	0.0	0.0027322	0.0	0.0	0.0063291	0.0	0.0	0.0	0.0	0.0	0.0	0.0	0.0	0.0	0.0169492	0.0	0.0	0.0035971	
Passer sp.	0.0	0.0	0.0046296	0.0015	0.0	0.0	0.0082645	0.0	0.0	0.0042017	0.0033784	0.0	0.0	0.0023981	0.0	0.0012771	0.0023529	0.0	0.0	0.0	0.008547	0.0020661	0.0	0.0	0.0026667	0.0	0.0	0.0	0.0	0.0	0.0124481	0.0027322	0.0	0.0055866	0.0	0.0	0.0	0.0	0.0	0.0	0.0	0.0	0.0	0.0	0.0	0.0	0.0	0.0	
Moineau soulcie	0.092511	0.059322	0.0740741	0.0353357	0.040724	0.0229358	0.0495868	0.0553191	0.0566038	0.0630252	0.0439189	0.0420354	0.0590164	0.057554	0.0588235	0.0421456	0.0752941	0.0672897	0.0790598	0.1012312	0.0961538	0.1115702	0.0905923	0.09375	0.0426667	0.0630631	0.031746	0.1131498	0.0820313	0.0580357	0.06639	0.0546448	0.0594059	0.0670391	0.0506329	0.115	0.1073171	0.0662651	0.057377	0.0472973	0.0540541	0.0223881	0.0618557	0.1027397	0.0762712	0.0789474	0.0594595	0.0611511	
Bergeronnette des ruisseaux	0.0969163	0.1313559	0.125	0.130742	0.1176471	0.1330275	0.107438	0.1234043	0.1069182	0.0672269	0.097973	0.0752212	0.0885246	0.0527578	0.0664962	0.0306513	0.0423529	0.0635514	0.0619658	0.0615595	0.0662393	0.0909091	0.1010453	0.0761719	0.1066667	0.0855856	0.0793651	0.0764526	0.0976563	0.1026786	0.1493776	0.1393443	0.1930693	0.1173184	0.1139241	0.195	0.1365854	0.2349398	0.1229508	0.1689189	0.1801802	0.2238806	0.185567	0.109589	0.0932203	0.0789474	0.1189189	0.1618705	
Bergeronnette printanière	0.0	0.0	0.0	0.0	0.0	0.0	0.0	0.0	0.0	0.0	0.0	0.0044248	0.0	0.0	0.0051151	0.0	0.0	0.0	0.0	0.0	0.0	0.0	0.0	0.0	0.0	0.0	0.0	0.0	0.0	0.0015	0.0041494	0.0054645	0.0693069	0.1284916	0.1708861	0.15	0.0878049	0.0120482	0.0163934	0.0	0.0	0.0	0.0	0.0	0.0	0.0	0.0	0.0	
Bergeronnette grise	0.5286344	0.5127119	0.5462963	0.5512367	0.4524887	0.4770642	0.3801653	0.412766	0.5157233	0.3865546	0.4087838	0.340708	0.3213115	0.2757794	0.2455243	0.2298851	0.2564706	0.2411215	0.2735043	0.2859097	0.2991453	0.2933884	0.3797909	0.3066406	0.3253333	0.4864865	0.3862434	0.3486239	0.3632813	0.4196429	0.439834	0.4590164	0.4306931	0.4134078	0.4556962	0.545	0.5317073	0.5722892	0.5081967	0.5405405	0.5495495	0.5447761	0.5876289	0.5616438	0.4745763	0.4824561	0.4702703	0.5035971	
bergeronette sp.	0.0	0.0	0.0015	0.0	0.0	0.0	0.0041322	0.0	0.0	0.0	0.0	0.0022124	0.0	0.0023981	0.0	0.0012771	0.0	0.0	0.0021368	0.0	0.0	0.0	0.0	0.0019531	0.0	0.0	0.0	0.0	0.0	0.0	0.0	0.0027322	0.0049505	0.0111732	0.0	0.0	0.0	0.0	0.0	0.0067568	0.0	0.0	0.0	0.0	0.0	0.0	0.0	0.0	
Pipit de Richard	0.0	0.0	0.0	0.0	0.0	0.0	0.0	0.0	0.0	0.0	0.0	0.0	0.0	0.0	0.0	0.0	0.0	0.0	0.0	0.0	0.0	0.0	0.0	0.0	0.0	0.0	0.0	0.0	0.0	0.0	0.0	0.0	0.0	0.0	0.0	0.0	0.0	0.0	0.0	0.0	0.0	0.0	0.0	0.0	0.0	0.0438596	0.0	0.0035971	
Pipit rousseline	0.0	0.0	0.0	0.0	0.0	0.0	0.0	0.0	0.0	0.0	0.0	0.0022124	0.0	0.0047962	0.0076726	0.0012771	0.0070588	0.0093458	0.0149573	0.0177839	0.0235043	0.018595	0.0243902	0.0214844	0.0293333	0.0540541	0.031746	0.0152905	0.0429688	0.03125	0.0165975	0.0327869	0.019802	0.0446927	0.0189873	0.0	0.0	0.0	0.0	0.0	0.0	0.0	0.0	0.0	0.0	0.0	0.0	0.0	
Pipit farlouse	0.4229075	0.4237288	0.5	0.3780919	0.3529412	0.3348624	0.2479339	0.2595745	0.3144654	0.2352941	0.1824324	0.1415929	0.0557377	0.0143885	0.0	0.0	0.0	0.0	0.0	0.0	0.0	0.0	0.0	0.0	0.0	0.0	0.0	0.0	0.0	0.0	0.0	0.0	0.0	0.0	0.0	0.015	0.1365854	0.2951807	0.3934426	0.4189189	0.4414414	0.3955224	0.5051546	0.4726027	0.3644068	0.4298246	0.4594595	0.3489209	
Pipit des arbres	0.0	0.0	0.0	0.0	0.0	0.0	0.0	0.0	0.0	0.0	0.0	0.0066372	0.0032787	0.0	0.0051151	0.0	0.0023529	0.0037383	0.0	0.001368	0.0064103	0.0061983	0.0034843	0.0097656	0.0026667	0.0	0.0	0.0	0.0078125	0.0044643	0.0082988	0.0300546	0.1287129	0.1564246	0.1139241	0.09	0.0682927	0.0120482	0.0	0.0	0.0	0.0	0.0	0.0	0.0	0.0	0.0	0.0	
Pipit farlouse ou P. des arbres	0.0	0.0	0.0	0.0	0.0	0.0	0.0	0.0	0.0	0.0	0.0	0.0	0.0	0.0	0.0	0.0	0.0	0.0	0.0	0.0	0.0	0.0	0.0	0.0	0.0	0.0	0.0	0.0	0.0	0.0	0.0	0.0	0.0049505	0.0	0.0126582	0.005	0.0	0.0	0.0	0.0	0.0	0.0	0.0	0.0	0.0	0.0	0.0	0.0	
Pipit spioncelle	0.0176211	0.0338983	0.037037	0.0318021	0.0180995	0.0045872	0.0123967	0.0042553	0.0125786	0.012605	0.0067568	0.0088496	0.0032787	0.0	0.0	0.0	0.0	0.0	0.0	0.0	0.0	0.0	0.0	0.0	0.0	0.0	0.0	0.0	0.0	0.0	0.0	0.0	0.0	0.0	0.0	0.005	0.0097561	0.0120482	0.0081967	0.0337838	0.045045	0.0074627	0.0206186	0.0136986	0.0169492	0.0087719	0.027027	0.057554	
Pipit farlouse ou P. spioncelle	0.0	0.0	0.0	0.0035336	0.0	0.0	0.0015	0.0	0.0	0.0	0.0	0.0	0.0	0.0023981	0.0	0.0	0.0	0.0	0.0	0.0	0.0	0.0	0.0	0.0	0.0	0.0	0.0	0.0	0.0	0.0	0.0	0.0	0.0	0.0	0.0	0.0	0.0	0.0	0.0	0.0	0.0	0.0	0.0	0.0	0.0	0.0	0.0054054	0.0035971	
Anthus sp.	0.0	0.0127119	0.0046296	0.0035336	0.0045249	0.0	0.0041322	0.0042553	0.0	0.0	0.0	0.0	0.0	0.0	0.0025575	0.0	0.0	0.0	0.0	0.0	0.0021368	0.0	0.0	0.0	0.0	0.0	0.005291	0.0	0.0	0.0044643	0.0041494	0.0	0.0	0.0	0.0	0.0	0.004878	0.0060241	0.0	0.0	0.018018	0.0	0.0103093	0.0	0.0015	0.0175439	0.0	0.0035971	
Pinson des arbres	0.5242291	0.5677966	0.5509259	0.5229682	0.5972851	0.5550459	0.5743802	0.5744681	0.6037736	0.5672269	0.5	0.4845133	0.4393443	0.4340528	0.4782609	0.5070243	0.5082353	0.5345794	0.6217949	0.5294118	0.4850427	0.5371901	0.4320557	0.3671875	0.3653333	0.3873874	0.3650794	0.3883792	0.40625	0.40625	0.4813278	0.4726776	0.490099	0.4357542	0.4303797	0.43	0.4878049	0.4518072	0.4672131	0.5	0.5315315	0.6343284	0.6082474	0.4726027	0.4745763	0.6140351	0.4810811	0.4892086	
Pinson du Nord	0.0264317	0.0254237	0.0231481	0.0141343	0.0226244	0.0183486	0.0206612	0.012766	0.0062893	0.0042017	0.0033784	0.0015	0.0	0.0015	0.0	0.0	0.0	0.0	0.0	0.0	0.0	0.0	0.0	0.0	0.0	0.0	0.0	0.0	0.0	0.0	0.0	0.0	0.0	0.0	0.0	0.0	0.0	0.0060241	0.0	0.0067568	0.0	0.0298507	0.0618557	0.0342466	0.0338983	0.0087719	0.0162162	0.0071942	
Grosbec casse-noyaux	0.0088106	0.0015	0.0092593	0.0176678	0.0135747	0.0229358	0.0041322	0.0042553	0.0188679	0.0462185	0.0135135	0.0265487	0.0229508	0.0263789	0.0127877	0.0140485	0.0094118	0.0280374	0.0277778	0.0246238	0.0277778	0.0309917	0.0034843	0.0214844	0.0026667	0.0045045	0.0	0.0030581	0.0078125	0.0044643	0.0165975	0.0163934	0.019802	0.0055866	0.0189873	0.01	0.0097561	0.0060241	0.0	0.0202703	0.009009	0.0074627	0.0103093	0.0	0.0084746	0.0015	0.0162162	0.0143885	
Bouvreuil pivoine	0.030837	0.059322	0.0138889	0.0353357	0.0226244	0.0137615	0.0123967	0.0212766	0.0440252	0.012605	0.0168919	0.0066372	0.0015	0.0	0.0	0.0	0.0	0.0	0.0	0.001368	0.0	0.0	0.0	0.0	0.0	0.0	0.0	0.0	0.0	0.0	0.0	0.0	0.0	0.0	0.0	0.0	0.0	0.0060241	0.0081967	0.0202703	0.045045	0.0298507	0.0206186	0.0342466	0.0169492	0.0263158	0.0162162	0.0215827	
Verdier d'Europe	0.2422907	0.2288136	0.2314815	0.2190813	0.2081448	0.2018349	0.1942149	0.2978723	0.3522013	0.3991597	0.4425676	0.4446903	0.4786885	0.4364508	0.4168798	0.3435504	0.3976471	0.3308411	0.3504274	0.3515732	0.3568376	0.3780992	0.4076655	0.3925781	0.3893333	0.3963964	0.3386243	0.351682	0.2734375	0.2544643	0.2738589	0.2650273	0.2673267	0.2178771	0.1582278	0.205	0.1560976	0.1987952	0.1885246	0.2094595	0.2612613	0.2537313	0.1546392	0.1643836	0.0932203	0.1929825	0.1567568	0.1654676	
Linotte mélodieuse	0.2290749	0.190678	0.25	0.1731449	0.1538462	0.1284404	0.1818182	0.2212766	0.2767296	0.2815126	0.3310811	0.3473451	0.3147541	0.3429257	0.3222506	0.3065134	0.2964706	0.271028	0.3119658	0.3419973	0.3461538	0.3946281	0.3658537	0.4296875	0.3093333	0.3963964	0.2962963	0.3975535	0.3828125	0.3883929	0.253112	0.3852459	0.3168317	0.2960894	0.2848101	0.37	0.3707317	0.3554217	0.2868852	0.3175676	0.2702703	0.1716418	0.1958763	0.2123288	0.1271186	0.2719298	0.2	0.1510791	
Bec-croisé des sapins	0.0132159	0.0169492	0.0138889	0.0070671	0.0180995	0.0183486	0.0041322	0.0085106	0.0062893	0.0	0.0	0.0066372	0.0	0.0	0.0025575	0.0	0.0047059	0.0	0.0	0.0	0.0	0.0020661	0.0069686	0.0	0.0026667	0.009009	0.010582	0.0030581	0.0	0.0044643	0.0041494	0.0054645	0.0	0.0	0.0	0.0015	0.004878	0.0	0.0	0.0067568	0.0	0.0223881	0.0309278	0.0	0.0254237	0.0350877	0.0054054	0.0	
Chardonneret élégant	0.1982379	0.1525424	0.1481481	0.1484099	0.158371	0.1926606	0.1404959	0.1744681	0.2578616	0.3403361	0.3581081	0.3362832	0.3803279	0.2973621	0.2813299	0.2975734	0.3341176	0.3084112	0.2884615	0.3447332	0.3333333	0.4194215	0.4216028	0.3867188	0.3786667	0.4864865	0.3439153	0.3792049	0.4257813	0.4017857	0.406639	0.3852459	0.4009901	0.301676	0.3544304	0.41	0.3317073	0.4036145	0.2459016	0.2972973	0.2702703	0.2089552	0.2268041	0.130137	0.1271186	0.2017544	0.1135135	0.1510791	
Serin cini	0.185022	0.1779661	0.1759259	0.1660777	0.2895928	0.3302752	0.3966942	0.5106383	0.5471698	0.5714286	0.5439189	0.5154867	0.5868852	0.5659472	0.5038363	0.4993614	0.5317647	0.5196262	0.482906	0.502052	0.5128205	0.5599174	0.5087108	0.5136719	0.5146667	0.527027	0.3015873	0.2629969	0.2265625	0.2142857	0.2116183	0.2240437	0.2326733	0.1843575	0.1835443	0.255	0.2243902	0.313253	0.2213115	0.2094595	0.2972973	0.1865672	0.257732	0.130137	0.1016949	0.2017544	0.1135135	0.1151079	
Tarin des aulnes	0.2687225	0.2669492	0.2407407	0.2614841	0.1900452	0.1422018	0.1239669	0.1702128	0.1446541	0.0798319	0.152027	0.0486726	0.0262295	0.0167866	0.0	0.0	0.0	0.0	0.0	0.0	0.0	0.0	0.0	0.0	0.0	0.0	0.0	0.0	0.0	0.0	0.0	0.0	0.0	0.0	0.0	0.0	0.0	0.0240964	0.0163934	0.1756757	0.2882883	0.3059701	0.3917526	0.260274	0.2033898	0.2807018	0.2540541	0.2302158	
fringillidé sp.	0.0	0.0	0.0	0.0	0.0	0.0	0.0	0.0	0.0	0.0	0.0	0.0	0.0	0.0	0.0	0.0	0.0	0.0	0.0021368	0.0	0.0	0.0	0.0	0.0	0.0	0.0	0.005291	0.0	0.0039063	0.0	0.0	0.0	0.0	0.0	0.0	0.0	0.0	0.0	0.0	0.0067568	0.0	0.0	0.0	0.0	0.0	0.0	0.0	0.0035971	
Bruant des neiges	0.0044053	0.0211864	0.0092593	0.0035336	0.0045249	0.0091743	0.0082645	0.0085106	0.0062893	0.0015	0.0033784	0.0066372	0.0	0.0047962	0.0	0.0	0.0	0.0	0.0	0.0	0.0	0.0	0.0	0.0	0.0	0.0	0.0	0.0	0.0	0.0	0.0	0.0	0.0	0.0	0.0	0.0	0.0	0.0	0.0	0.0	0.009009	0.0	0.0015	0.0068493	0.0169492	0.0350877	0.027027	0.0251799	
Bruant proyer	0.0792952	0.1228814	0.1296296	0.1095406	0.1266968	0.1100917	0.107438	0.1234043	0.1761006	0.1932773	0.1790541	0.2234513	0.2163934	0.3549161	0.3503836	0.3218391	0.3811765	0.3439252	0.4209402	0.3885089	0.4935897	0.3491736	0.2195122	0.1367188	0.0586667	0.0540541	0.037037	0.0428135	0.0507813	0.0357143	0.0580913	0.0628415	0.0594059	0.0670391	0.0886076	0.14	0.097561	0.0662651	0.0819672	0.0540541	0.0630631	0.0746269	0.0515464	0.0753425	0.0847458	0.0789474	0.0648649	0.057554	
Bruant fou	0.185022	0.1737288	0.1342593	0.1590106	0.1402715	0.1422018	0.1157025	0.1914894	0.0566038	0.1260504	0.1554054	0.1283186	0.1508197	0.1199041	0.1483376	0.1085568	0.1694118	0.1794393	0.1688034	0.1518468	0.1623932	0.161157	0.1289199	0.1875	0.096	0.1171171	0.0582011	0.116208	0.0859375	0.0803571	0.1286307	0.1174863	0.1237624	0.0949721	0.1202532	0.095	0.1512195	0.1024096	0.1229508	0.1148649	0.1711712	0.1119403	0.1752577	0.1369863	0.1016949	0.1666667	0.1567568	0.0971223	
Bruant zizi	0.092511	0.1355932	0.1666667	0.155477	0.1221719	0.1605505	0.1404959	0.106383	0.1257862	0.1092437	0.1182432	0.1438053	0.147541	0.1199041	0.1560102	0.1302682	0.1270588	0.1140187	0.1474359	0.1436389	0.1602564	0.1570248	0.1707317	0.1679688	0.1413333	0.1846847	0.1005291	0.1987768	0.1367188	0.1383929	0.1327801	0.1338798	0.1633663	0.1564246	0.1708861	0.22	0.1902439	0.1807229	0.1967213	0.2432432	0.1801802	0.1940299	0.2371134	0.2328767	0.1355932	0.1491228	0.1081081	0.1079137	
Bruant ortolan	0.0	0.0	0.0	0.0	0.0	0.0	0.0	0.0	0.0	0.0	0.0	0.0	0.0	0.0	0.0102302	0.0127714	0.0094118	0.0299065	0.0320513	0.0369357	0.0470085	0.0413223	0.0348432	0.0449219	0.0186667	0.0225225	0.010582	0.0091743	0.0039063	0.0089286	0.0124481	0.0081967	0.0049505	0.0055866	0.0	0.0	0.0	0.0	0.0	0.0	0.0	0.0	0.0	0.0	0.0	0.0	0.0	0.0	
Bruant des roseaux	0.0088106	0.0127119	0.0092593	0.0035336	0.0045249	0.0	0.0041322	0.0042553	0.0	0.0	0.0067568	0.0022124	0.0032787	0.0023981	0.0	0.0	0.0	0.0	0.0	0.0	0.0	0.0	0.0	0.0	0.0	0.0	0.0	0.0	0.0	0.0	0.0	0.0	0.0	0.0	0.0	0.0	0.0	0.0	0.0	0.0	0.0	0.0	0.0	0.0015	0.0	0.0	0.0	0.0015	
Emberiza sp.	0.0	0.0042373	0.0	0.0	0.0015	0.0	0.0	0.0042553	0.0	0.0	0.0	0.0	0.0	0.0	0.0	0.0	0.0	0.0018692	0.0	0.001368	0.0	0.0	0.0034843	0.0	0.0	0.0	0.0	0.0	0.0117188	0.0015	0.0041494	0.0	0.0	0.0	0.0	0.005	0.0	0.0	0.0	0.0	0.0	0.0074627	0.0	0.0	0.0	0.0	0.0	0.0107914	
passereau sp.	0.0044053	0.0127119	0.0092593	0.0070671	0.0045249	0.0	0.0041322	0.0170213	0.0125786	0.0042017	0.0	0.0044248	0.0032787	0.0	0.0	0.0012771	0.0070588	0.0	0.0021368	0.0082079	0.0	0.0041322	0.0069686	0.0019531	0.0026667	0.0	0.021164	0.0091743	0.0273438	0.0178571	0.0165975	0.0218579	0.009901	0.0055866	0.0126582	0.01	0.0146341	0.0240964	0.0327869	0.0202703	0.009009	0.0149254	0.0	0.0068493	0.0169492	0.0175439	0.0	0.0071942	

