









Frequency of observations in the selected location(s).:
Number of taxa: 	435

	Jan				Feb				Mar				Apr				May				Jun				Jul				Aug				Sep				Oct				Nov				Dec				
Sample Size:	754.0	694.0	648.0	749.0	525.0	478.0	669.0	575.0	590.0	557.0	624.0	948.0	725.0	785.0	690.0	1006.0	855.0	1010.0	722.0	971.0	638.0	646.0	591.0	765.0	664.0	562.0	517.0	727.0	540.0	510.0	444.0	605.0	370.0	411.0	434.0	490.0	420.0	543.0	416.0	550.0	456.0	424.0	364.0	539.0	349.0	428.0	371.0	660.0	

Dendrocygne à ventre noir	0.0	0.0	0.0	0.0	0.0	0.0	0.0	0.0	0.0	0.0	0.0	0.0	0.0	0.0025478	0.0	9.94E-4	0.0	0.0	0.0	0.0	0.0	0.0	0.0	0.0	0.0	0.0	0.0	0.0	0.0	0.0	0.0	0.0	0.0	0.0	0.0	0.0	0.0	0.0	0.0	0.0	0.0	0.0	0.0	0.0	0.0	0.0	0.0	0.0	
Dendrocygne fauve	0.0	0.0	0.0	0.0	0.0	0.0	0.0	0.0	0.0	0.0	0.0	0.0	0.0	0.0025478	0.0	9.94E-4	0.0	0.0	0.0	0.0	0.0	0.0	0.0	0.0	0.0	0.0	0.0	0.0	0.0	0.0	0.0	0.0	0.0	0.0	0.0	0.0	0.0	0.0	0.0	0.0	0.0	0.0	0.0	0.0	0.0	0.0	0.0	0.0	
Oie à tête barrée	0.0	0.0	0.0	0.0	0.0	0.0	0.0	0.0	0.0	0.0	0.0	0.0	0.0	0.0	0.0015	9.94E-4	0.0011696	0.0	0.0	0.0	0.0	0.0	0.0	0.0	0.0	0.0	0.0	0.0	0.0	0.0	0.0	0.0	0.0	0.0	0.0	0.0	0.0	0.0	0.0	0.0	0.0	0.0	0.0	0.0	0.0	0.0	0.0	0.0	
Oie cendrée	0.0013263	0.0014409	0.0030864	0.0093458	0.0133333	0.0020921	0.0059791	0.0	0.0152542	0.0125673	0.0048077	0.0010549	0.0027586	0.0012739	0.0043478	0.0059642	0.0035088	9.901E-4	0.001385	0.0010299	0.0	0.0	0.0015	0.0	0.001506	0.0017794	0.0015	0.002751	0.0018519	0.0019608	0.0	0.0	0.0	0.0	0.0	0.0040816	0.002381	0.0	0.0	0.0036364	0.004386	0.004717	0.0015	0.0015	0.0028653	0.0046729	0.0	0.0060606	
Oie cygnoïde	0.0015	0.0014409	0.0015432	0.0015	0.0	0.0020921	0.0	0.0	0.0	0.0	0.0015	0.0021097	0.0013793	0.0025478	0.0	0.0	0.0	9.901E-4	0.0	0.0	0.0	0.0	0.0	0.0	0.0	0.0	0.0	0.0	0.0	0.0	0.0	0.0	0.0	0.0024331	0.0	0.0	0.0	0.0	0.0024038	0.0	0.0	0.0	0.0	0.0	0.0	0.0	0.0	0.0	
Oie rieuse	0.0026525	0.0028818	0.0046296	0.0026702	0.0019048	0.0020921	0.0	0.0	0.0033898	0.0017953	0.0032051	0.0	0.0	0.0	0.0	0.0	0.0	0.0	0.0	0.0	0.0	0.0	0.0	0.0	0.0	0.0	0.0	0.0	0.0	0.0	0.0	0.0	0.0	0.0	0.0	0.0	0.0	0.0018416	0.0048077	0.0036364	0.004386	0.0	0.0	0.0	0.0028653	0.0	0.0026954	0.0030303	
Anser sp. (forme domestique)	0.005305	0.0129683	0.0138889	0.012016	0.0095238	0.0083682	0.0029895	0.0069565	0.0050847	0.0017953	0.0096154	0.0052743	0.0	0.0038217	0.0014493	0.0019881	0.0035088	0.0039604	0.001385	0.0020597	0.0047022	0.003096	0.0	0.0015	0.0	0.0017794	0.0058027	0.0041265	0.0	0.0	0.0045045	0.0049587	0.0	0.0	0.0092166	0.0081633	0.002381	0.0	0.0072115	0.0054545	0.002193	0.0023585	0.0	0.0018553	0.0114613	0.0163551	0.0080863	0.0151515	
Anser sp.	0.0	0.0	0.0	0.0	0.0	0.0	0.0	0.0	0.0	0.0	0.0	0.0	0.0	0.0	0.0	0.0	0.0	0.0	0.0	0.0	0.0	0.0	0.0	0.0	0.0	0.0	0.0	0.0	0.0	0.0	0.0015	0.0	0.0	0.0	0.0	0.0	0.0	0.0	0.0	0.0	0.0	0.0	0.0	0.0	0.0	0.0	0.0	0.0	
Bernache nonnette	0.0	0.0	0.0	0.0	0.0	0.0	0.0	0.0	0.0	0.0	0.0	0.0	0.0	0.0015	0.0	0.0	0.0	0.0	0.0	0.0	0.0	0.0	0.0	0.0	0.0	0.0	0.0	0.0	0.0	0.0	0.0	0.0	0.0	0.0	0.0	0.0	0.0	0.0	0.0	0.0	0.0	0.0	0.0	0.0	0.0	0.0	0.0	0.0	
Bernache du Canada	0.0	0.0	0.0	0.0	0.0015	0.0	0.0	0.0	0.0	0.0	0.0	0.0	0.0	0.0	0.0	0.0	0.0	0.0	0.0	0.0	0.0	0.0	0.0	0.0	0.0	0.0	0.0	0.0	0.0	0.0	0.0	0.0015	0.0015	0.0	0.0	0.0	0.0	0.0	0.0	0.0	0.0	0.0	0.0	0.0	0.0	0.0	0.0	0.0	
Cygne tuberculé	0.0848806	0.0821326	0.087963	0.0854473	0.0761905	0.0502092	0.0553064	0.0591304	0.0576271	0.0610413	0.0608974	0.0696203	0.0606897	0.0407643	0.0304348	0.0328032	0.0245614	0.0336634	0.0290859	0.0339856	0.0360502	0.0247678	0.0203046	0.0287582	0.0286145	0.0177936	0.032882	0.0247593	0.0388889	0.054902	0.0675676	0.0528926	0.0621622	0.026764	0.062212	0.0755102	0.052381	0.038674	0.03125	0.0345455	0.0394737	0.0400943	0.0549451	0.0705009	0.0716332	0.0654206	0.0889488	0.0984848	
Cygne noir	0.0079576	0.0129683	0.0030864	0.0040053	0.0	0.0020921	0.0	0.0017391	0.0016949	0.0017953	0.0	0.0	0.0	0.0	0.0	0.0	0.0	9.901E-4	0.0	0.0	0.0	0.0	0.001692	0.0	0.0015	0.0	0.0	0.0	0.0	0.0	0.0	0.0016529	0.0	0.0	0.0023041	0.0	0.002381	0.0	0.0	0.0	0.0	0.0	0.0027473	0.0055659	0.008596	0.0046729	0.0026954	0.0136364	
Cygne à cou noir	0.0132626	0.0129683	0.0200617	0.0173565	0.0038095	0.0041841	0.0059791	0.0034783	0.0016949	0.005386	0.0016026	0.0010549	0.0013793	0.0015	0.0	0.0	0.0	0.0	0.0	0.0	0.0015	0.0	0.0	0.0013072	0.0	0.0017794	0.0	0.0013755	0.0018519	0.0	0.0022523	0.0016529	0.0027027	0.0024331	0.0	0.0	0.002381	0.0055249	0.0	0.0054545	0.004386	0.004717	0.0082418	0.0074212	0.0114613	0.0023364	0.0134771	0.0227273	
Cygne de Bewick	0.0	0.0	0.0	0.0026702	0.0	0.0	0.0	0.0	0.0	0.0	0.0	0.0	0.0	0.0	0.0	0.0	0.0	0.0	0.0	0.0	0.0	0.0	0.0	0.0	0.0	0.0	0.0	0.0	0.0	0.0	0.0	0.0	0.0	0.0	0.0	0.0	0.0	0.0	0.0	0.0	0.0	0.0	0.0	0.0	0.0	0.0	0.0	0.0	
Cygne chanteur	0.0	0.0	0.0	0.0	0.0	0.0	0.0	0.0	0.0	0.0	0.0	0.0	0.0	0.0	0.0	0.0	0.0	0.0	0.0	0.0	0.0	0.0	0.0	0.0	0.0	0.0	0.0	0.0	0.0	0.0	0.0	0.0	0.0	0.0	0.0	0.0	0.0	0.0	0.0	0.0	0.0	0.0	0.0	0.0	0.0	0.0	0.0	0.0	
cygne sp.	0.0	0.0	0.0	0.0	0.0015	0.0	0.0	0.0	0.0	0.0	0.0	0.0	0.0	0.0	0.0	0.0	0.0	0.0	0.0	0.0	0.0	0.0	0.0	0.0	0.0	0.0	0.0	0.0	0.0	0.0	0.0	0.0	0.0	0.0	0.0	0.0	0.0	0.0	0.0	0.0	0.0	0.0	0.0	0.0	0.0	0.0	0.0	0.0	
Ouette de l'Orénoque	0.0	0.0	0.0	0.0	0.0	0.0	0.0	0.0	0.0	0.0	0.0	0.0	0.0	0.0	0.0	0.0	0.0	0.0	0.0	0.0	0.0	0.001548	0.0	0.0	0.0	0.0	0.0	0.0	0.0	0.0	0.0	0.0	0.0015	0.0	0.0	0.0	0.0	0.0	0.0	0.0	0.0	0.0	0.0	0.0	0.0	0.0	0.0	0.0	
Ouette d'Égypte	0.0	0.0	0.0	0.0015	0.0	0.0	0.0	0.0	0.0033898	0.0017953	0.0	0.0	0.0	0.0	0.0	0.0	0.0015	0.0	0.0	0.0010299	0.0015674	0.0	0.0	0.0	0.0	0.0017794	0.0019342	0.0	0.0	0.0	0.0	0.0	0.0	0.0	0.0	0.0	0.0	0.0	0.0	0.0	0.0	0.0	0.0	0.0	0.0	0.0	0.0	0.0	
Tadorne casarca	0.0013263	0.0028818	0.007716	0.0040053	0.0095238	0.0104603	0.0029895	0.0069565	0.020339	0.0125673	0.0224359	0.0126582	0.0055172	0.0063694	0.0115942	0.0059642	0.0023392	0.0049505	0.0124654	0.0102987	0.0	0.0015	0.0033841	0.0	0.0	0.0	0.0	0.0015	0.0015	0.0	0.0067568	0.0016529	0.0	0.0024331	0.0	0.0061224	0.0166667	0.0184162	0.0024038	0.0018182	0.0	0.0023585	0.0027473	0.0037106	0.0057307	0.0	0.0053908	0.0075758	
Tadorne à tête grise	0.0	0.0	0.0	0.0	0.0	0.0	0.0	0.0	0.0	0.0	0.0	0.0	0.0	0.0	0.0	0.0	0.0	0.0	0.0	0.0	0.0	0.0	0.0	0.0	0.0	0.0	0.0	0.0	0.0	0.0	0.0	0.0	0.0	0.0	0.0	0.0	0.0	0.0	0.0	0.0	0.0	0.0	0.0	0.0018553	0.0	0.0	0.0	0.0	
Tadorne de Belon	0.0119363	0.0259366	0.0154321	0.0160214	0.007619	0.0230126	0.0358744	0.0191304	0.0440678	0.0341113	0.0448718	0.0759494	0.0455172	0.0382166	0.0391304	0.0526839	0.0385965	0.0287129	0.0069252	0.0061792	0.0031348	0.001548	0.0033841	0.0052288	0.0	0.0017794	0.0015	0.0055021	0.0074074	0.0019608	0.0022523	0.0015	0.0027027	0.0015	0.0138249	0.0122449	0.0	0.0018416	0.0072115	0.0054545	0.0087719	0.0165094	0.010989	0.0092764	0.0315186	0.0093458	0.0053908	0.0151515	
Canard musqué	0.005305	0.0057637	0.0046296	0.0080107	0.0019048	0.0041841	0.0015	0.0017391	0.0067797	0.0017953	0.0048077	0.0052743	0.0013793	0.0012739	0.0014493	0.0019881	0.0046784	0.0029703	0.001385	0.0	0.0015674	0.001548	0.0015	0.0	0.0015	0.0	0.0038685	0.0013755	0.0018519	0.0039216	0.0015	0.0016529	0.0	0.0024331	0.0015	0.0061224	0.0095238	0.0	0.0	0.0036364	0.004386	0.0	0.0027473	0.0	0.0028653	0.0163551	0.0026954	0.0015152	
Canard à collier noir	0.0	0.0028818	0.0	0.0013351	0.0	0.0	0.0014948	0.0034783	0.0016949	0.0017953	0.0	0.0	0.0013793	0.0012739	0.0014493	9.94E-4	0.0	9.901E-4	0.0	0.0	0.0	0.0	0.001692	0.0	0.0	0.0	0.0015	0.0	0.0	0.0	0.0022523	0.0	0.0	0.0	0.0	0.0	0.0	0.0	0.0	0.0018182	0.0	0.0	0.0	0.0	0.0	0.0	0.0	0.0015152	
Canard carolin	0.0	0.0014409	0.0	0.0	0.0	0.0	0.0	0.0	0.0016949	0.0015	0.0064103	0.0042194	0.0013793	0.0025478	0.0014493	9.94E-4	0.0	0.0	0.0027701	0.0	0.0	0.0	0.0	0.0	0.0	0.0	0.0	0.0	0.0	0.0	0.0	0.0	0.0	0.0	0.0	0.0	0.0	0.0018416	0.0	0.0	0.0	0.0	0.0	0.0	0.0	0.0	0.0	0.0015152	
Canard mandarin	0.0132626	0.0086455	0.0061728	0.0040053	0.0114286	0.0062762	0.0074738	0.0069565	0.0152542	0.0089767	0.0352564	0.0105485	0.0096552	0.0140127	0.0130435	0.0049702	0.0035088	0.0039604	0.0124654	0.0061792	0.0031348	0.003096	0.001692	0.0013072	0.0060241	0.0053381	0.0038685	0.0041265	0.0055556	0.0	0.0022523	0.0016529	0.0015	0.0048662	0.0046083	0.0020408	0.0071429	0.0036832	0.0048077	0.0054545	0.0065789	0.0023585	0.010989	0.0074212	0.008596	0.0046729	0.0	0.0075758	
Canard à crinière	0.0	0.0	0.0	0.0	0.0	0.0	0.0	0.0	0.0	0.0	0.0	0.0	0.0	0.0	0.0	0.0	0.0	0.0	0.0	0.0	0.0	0.0	0.0	0.0	0.0	0.0	0.0	0.0	0.0037037	0.0019608	0.0	0.0016529	0.0027027	0.0	0.0023041	0.0020408	0.002381	0.0018416	0.0	0.0	0.0	0.0	0.0	0.0	0.0	0.0	0.0	0.0	
Sarcelle d'été	0.0	0.0	0.0015432	0.0	0.0	0.0	0.0	0.0034783	0.0271186	0.0448833	0.1458333	0.193038	0.16	0.1286624	0.1115942	0.0626243	0.0631579	0.0326733	0.0055402	0.0061792	0.0094044	0.003096	0.0015	0.0013072	0.003012	0.0035587	0.0077369	0.0343879	0.0425926	0.0627451	0.0563063	0.0528926	0.0459459	0.0316302	0.0253456	0.0061224	0.002381	0.0036832	0.0	0.0018182	0.0	0.0	0.0	0.0018553	0.0	0.0	0.0	0.0015152	
Sarcelle à bec bleu	0.0	0.0	0.0	0.0	0.0019048	0.0	0.0	0.0	0.0	0.0	0.0	0.0	0.0	0.0	0.0	0.0	0.0	0.0	0.0	0.0	0.0	0.0	0.0	0.0	0.0	0.0	0.0	0.0	0.0	0.0	0.0	0.0	0.0	0.0	0.0	0.0	0.0	0.0	0.0	0.0	0.0	0.0	0.0	0.0	0.0	0.0	0.0	0.0	
Canard souchet	0.0530504	0.0533141	0.0509259	0.0520694	0.0628571	0.0543933	0.0687593	0.0713043	0.1271186	0.0933573	0.1137821	0.121308	0.0965517	0.0828025	0.0652174	0.0308151	0.0187135	0.0089109	0.0083102	0.0041195	0.0015	0.0123839	0.0033841	0.0	0.003012	0.0035587	0.0038685	0.0123796	0.0111111	0.0058824	0.0112613	0.0280992	0.0756757	0.0656934	0.0576037	0.055102	0.0761905	0.0662983	0.0600962	0.0654545	0.0482456	0.0613208	0.0741758	0.0500928	0.0601719	0.0490654	0.0431267	0.05	
Canard chipeau	0.1286472	0.1282421	0.1296296	0.1121495	0.0990476	0.0878661	0.0807175	0.106087	0.1423729	0.1023339	0.1233974	0.1329114	0.1034483	0.0764331	0.0652174	0.0785288	0.0526316	0.0366337	0.0429363	0.0288363	0.0266458	0.0263158	0.0219966	0.0065359	0.0060241	0.019573	0.0154739	0.0206327	0.0296296	0.0196078	0.036036	0.0479339	0.0594595	0.053528	0.0737327	0.0795918	0.1047619	0.0718232	0.0769231	0.0763636	0.1162281	0.120283	0.1263736	0.1298701	0.1375358	0.1028037	0.1401617	0.1469697	
Canard siffleur	0.071618	0.056196	0.0493827	0.046729	0.0457143	0.0271967	0.038864	0.0365217	0.0305085	0.0125673	0.0096154	0.028481	0.0068966	0.0076433	0.0028986	0.0	0.0	0.0	0.0	0.0	0.0	0.0	0.0	0.0	0.0	0.0	0.0019342	0.0	0.0	0.0	0.0	0.0016529	0.0054054	0.0145985	0.0276498	0.0346939	0.047619	0.0441989	0.0552885	0.0781818	0.0614035	0.0636792	0.0906593	0.0723562	0.0773639	0.0630841	0.0673854	0.0590909	
Canard à front blanc	0.0	0.0	0.0	0.0	0.0	0.0	0.0	0.0	0.0	0.0	0.0	0.0158228	0.0	0.0	0.0	0.0	0.0	0.0	0.0	0.0	0.0	0.0	0.0	0.0	0.0	0.0	0.0	0.0	0.0	0.0	0.0	0.0	0.0	0.0	0.0	0.0	0.0	0.0	0.0	0.0	0.0	0.0	0.0	0.0	0.0	0.0	0.0	0.0	
Canard colvert	0.3766578	0.425072	0.4135802	0.3564753	0.367619	0.4058577	0.3527653	0.4052174	0.5186441	0.5062837	0.5048077	0.5337553	0.502069	0.5019108	0.4695652	0.4691849	0.4304094	0.3970297	0.3947368	0.3141092	0.2884013	0.2275542	0.2165821	0.2379085	0.2364458	0.2686833	0.2727273	0.3232462	0.3018519	0.3137255	0.3265766	0.3123967	0.3675676	0.3430657	0.375576	0.4102041	0.3857143	0.3167587	0.34375	0.3581818	0.3903509	0.3466981	0.3324176	0.3617811	0.4183381	0.3598131	0.3800539	0.3954545	
Hybride Canard musqué x C. colvert	0.0	0.0	0.0	0.0	0.0	0.0	0.0	0.0	0.0	0.0	0.0	0.0	0.0	0.0	0.0	0.0	0.0	9.901E-4	0.0	0.0	0.0	0.0	0.0	0.0	0.0	0.0	0.0	0.0	0.0	0.0	0.0	0.0	0.0	0.0	0.0	0.0	0.0	0.0	0.0	0.0	0.0	0.0	0.0	0.0	0.0	0.0	0.0	0.0	
Canard des Bahamas	0.0	0.0	0.0	0.0	0.0	0.0	0.0015	0.0017391	0.0050847	0.0	0.0016026	0.0	0.0	0.0012739	0.0014493	0.0029821	0.0011696	0.0019802	0.0	0.0	0.0	0.0	0.0	0.0013072	0.0	0.0	0.0	0.0	0.0	0.0	0.0	0.0	0.0	0.0	0.0	0.0	0.0	0.0	0.0	0.0	0.0	0.0	0.0	0.0	0.0028653	0.0	0.0	0.0015152	
Canard pilet	0.0291777	0.0273775	0.0154321	0.0173565	0.0152381	0.0209205	0.0179372	0.0208696	0.0135593	0.0071813	0.0176282	0.0158228	0.0165517	0.0076433	0.0057971	0.0109344	0.0046784	0.0029703	0.0027701	0.0010299	0.0	0.0	0.0	0.0	0.0	0.0015	0.0	0.0	0.0037037	0.0	0.0067568	0.0066116	0.0216216	0.0170316	0.0322581	0.0367347	0.0214286	0.0165746	0.0336538	0.0254545	0.0197368	0.0212264	0.0357143	0.0296846	0.0200573	0.0163551	0.0188679	0.0363636	
Hybride Canard colvert x C. pilet	0.0	0.0014409	0.0015	0.0	0.0	0.0	0.0	0.0	0.0	0.0	0.0	0.0	0.0	0.0	0.0	0.0	0.0	0.0	0.0	0.0	0.0	0.0	0.0	0.0	0.0	0.0	0.0	0.0	0.0	0.0	0.0	0.0	0.0	0.0	0.0	0.0	0.0	0.0	0.0	0.0	0.002193	0.0	0.0	0.0	0.0	0.0	0.0026954	0.0	
Sarcelle d'hiver	0.1962865	0.2247839	0.1666667	0.1815754	0.1752381	0.1694561	0.1823617	0.1913043	0.2525424	0.2118492	0.2147436	0.1793249	0.1034483	0.0636943	0.0434783	0.0218688	0.0152047	0.0069307	0.0069252	0.0072091	0.0047022	0.0092879	0.0118443	0.0156863	0.0120482	0.0266904	0.0174081	0.03989	0.0611111	0.0862745	0.0855856	0.1123967	0.1540541	0.1289538	0.1290323	0.1326531	0.1547619	0.1307551	0.1538462	0.1472727	0.1447368	0.1580189	0.1620879	0.1836735	0.2206304	0.1845794	0.2075472	0.1924242	
Anas sp.	0.0	0.0014409	0.0	0.0	0.0	0.0	0.0	0.0	0.0	0.0	0.0	0.0	0.0	0.0	0.0	0.0	0.0	0.0	0.0	0.0	0.0	0.0	0.0	0.0	0.0	0.0	0.0	0.0	0.0	0.0019608	0.0	0.0	0.0	0.0	0.0	0.0	0.0	0.0	0.0	0.0	0.0	0.0	0.0	0.0	0.0	0.0	0.0	0.0	
anatidé sp. (canard barboteur sp.)	0.0	0.0	0.0	0.0	0.0	0.0	0.0	0.0	0.0	0.0	0.0	0.0	0.0	0.0	0.0	0.0	0.0	0.0	0.0	0.0	0.0	0.0	0.0	0.0	0.0	0.0	0.0	0.0	0.0	0.0	0.0	0.0	0.0	0.0	0.0	0.0	0.0	0.0	0.0	0.0	0.0	0.0	0.0	0.0	0.0	0.0	0.0	0.0015	
Sarcelle marbrée	0.0	0.0	0.0	0.0	0.0	0.0	0.0	0.0	0.0	0.0	0.0	0.0	0.0	0.0	0.0	0.0	0.0	0.0	0.0	0.0	0.0	0.0	0.0	0.0	0.0	0.0017794	0.0	0.0	0.0	0.0	0.0	0.0	0.0015	0.0	0.0	0.0	0.0	0.0	0.0024038	0.0	0.0	0.0	0.0	0.0	0.0	0.0	0.0	0.0	
Nette rousse	0.0172414	0.0201729	0.0262346	0.0186916	0.0114286	0.0376569	0.0254111	0.0347826	0.0355932	0.0251346	0.0208333	0.0221519	0.0275862	0.0216561	0.0318841	0.0218688	0.0152047	0.0168317	0.0152355	0.015448	0.0172414	0.0108359	0.0050761	0.0039216	0.0045181	0.0071174	0.0096712	0.0041265	0.0148148	0.0117647	0.0135135	0.0214876	0.0108108	0.0072993	0.0207373	0.0326531	0.0095238	0.0184162	0.0192308	0.0072727	0.0153509	0.0212264	0.032967	0.0074212	0.017192	0.0116822	0.0188679	0.0287879	
Fuligule milouin	0.1061008	0.0965418	0.0771605	0.0734312	0.0819048	0.0857741	0.0732436	0.0904348	0.1152542	0.0807899	0.0560897	0.0379747	0.0110345	0.0152866	0.0101449	0.0119284	0.0233918	0.0138614	0.0110803	0.0133883	0.0125392	0.0123839	0.0067682	0.0026144	0.0165663	0.0284698	0.0270793	0.0302613	0.0259259	0.0627451	0.0540541	0.0561983	0.0486486	0.053528	0.0529954	0.077551	0.0714286	0.0662983	0.0817308	0.1109091	0.0942982	0.1014151	0.0879121	0.0927644	0.1060172	0.1004673	0.0889488	0.1045455	
Fuligule nyroca	0.0251989	0.0201729	0.0154321	0.0213618	0.0152381	0.0230126	0.0179372	0.0226087	0.0372881	0.0143627	0.0096154	0.021097	0.0151724	0.011465	0.0101449	0.0109344	0.0128655	0.0019802	0.0027701	0.0030896	0.0047022	0.006192	0.001692	0.0026144	0.0120482	0.0053381	0.0096712	0.0192572	0.0333333	0.0372549	0.0405405	0.0264463	0.0162162	0.0243309	0.0299539	0.0326531	0.0380952	0.0405157	0.0264423	0.0345455	0.0372807	0.0377358	0.043956	0.0278293	0.0286533	0.0280374	0.0485175	0.0318182	
Hybride Fuligule milouin x F. nyroca	0.0	0.0	0.0	0.0013351	0.0	0.0020921	0.0014948	0.0017391	0.0	0.0	0.0	0.0	0.0	0.0	0.0	0.0	0.0	0.0	0.0	0.0	0.0	0.0	0.0	0.0	0.0	0.0	0.0	0.0	0.0	0.0	0.0	0.0	0.0	0.0	0.0	0.0	0.0	0.0	0.0	0.0	0.0	0.0	0.0	0.0018553	0.0	0.0	0.0080863	0.0	
Fuligule morillon	0.1419098	0.1282421	0.1188272	0.1188251	0.1409524	0.1129707	0.1016442	0.1426087	0.1576271	0.1472172	0.1233974	0.1276371	0.1144828	0.1121019	0.1130435	0.0984095	0.0912281	0.070297	0.0720222	0.0792997	0.0815047	0.0433437	0.0406091	0.0366013	0.0527108	0.0765125	0.0618956	0.0660248	0.0666667	0.0764706	0.0788288	0.0727273	0.0756757	0.0583942	0.09447	0.1	0.1071429	0.0773481	0.0889423	0.1018182	0.120614	0.125	0.1098901	0.1076067	0.1432665	0.1168224	0.1347709	0.1287879	
Fuligule milouinan	0.0	0.0	0.0108025	0.0026702	0.0019048	0.0083682	0.0029895	0.0069565	0.0050847	0.0	0.0032051	0.0010549	0.0	0.0	0.0	0.0	0.0	0.0	0.0	0.0	0.0	0.0	0.0	0.0	0.0	0.0	0.0	0.0	0.0	0.0	0.0	0.0	0.0	0.0	0.0	0.0	0.0	0.0	0.0	0.0	0.0	0.0	0.0	0.0015	0.0	0.0070093	0.0	0.0	
Macreuse brune	0.0013263	0.0043228	0.0046296	0.0066756	0.0019048	0.0020921	0.0015	0.0034783	0.0033898	0.005386	0.0032051	0.0010549	0.0	0.0	0.0	0.0	0.0	0.0	0.0	0.0	0.0	0.0	0.0	0.0	0.0	0.0	0.0	0.0	0.0	0.0	0.0	0.0	0.0	0.0	0.0	0.0	0.0	0.0	0.0	0.0	0.0	0.0	0.0	0.0	0.0	0.0023364	0.0107817	0.0030303	
Macreuse noire	0.0	0.0	0.0	0.0	0.0	0.0	0.0	0.0	0.0	0.0	0.0	0.0	0.0013793	0.0	0.0	0.0	0.0	0.0	0.0	0.0	0.0	0.0	0.0	0.0	0.0	0.0	0.0	0.0	0.0	0.0	0.0	0.0	0.0	0.0	0.0	0.0	0.0	0.0	0.0	0.0	0.0	0.0	0.0	0.0	0.0	0.0	0.0	0.0	
Garrot à oeil d'or	0.0039788	0.0028818	0.0046296	0.0026702	0.0038095	0.0020921	0.0074738	0.0017391	0.0084746	0.0035907	0.0016026	0.0021097	0.0027586	0.0015	0.0015	0.0	0.0	9.901E-4	0.001385	0.0010299	0.0	0.0	0.0	0.0	0.0	0.0	0.0	0.0	0.0	0.0	0.0	0.0	0.0	0.0	0.0	0.0	0.0	0.0	0.0	0.0	0.0	0.0	0.0	0.0	0.0028653	0.0070093	0.0026954	0.0015152	
Harle piette	0.0159151	0.0057637	0.0	0.0013351	0.0019048	0.0	0.0	0.0	0.0	0.0	0.0	0.0	0.0	0.0	0.0	0.0	0.0	0.0	0.0	0.0	0.0	0.0	0.0	0.0	0.0	0.0	0.0	0.0	0.0	0.0	0.0	0.0	0.0	0.0	0.0	0.0	0.0	0.0	0.0	0.0	0.0	0.0	0.0	0.0	0.0	0.0	0.0	0.0121212	
Harle couronné	0.0013263	0.0014409	0.0	0.0	0.0019048	0.0	0.0	0.0017391	0.0	0.0	0.0	0.0	0.0	0.0	0.0	0.0	0.0	0.0	0.0	0.0	0.0	0.0	0.0	0.0	0.0	0.0	0.0	0.0	0.0	0.0	0.0	0.0	0.0	0.0	0.0	0.0	0.0	0.0	0.0	0.0	0.0	0.0	0.0	0.0	0.0	0.0	0.0	0.0	
Harle bièvre	0.061008	0.0634006	0.0771605	0.0574099	0.072381	0.083682	0.0463378	0.0469565	0.0559322	0.037702	0.0528846	0.0348101	0.0317241	0.0191083	0.0217391	0.028827	0.0187135	0.0207921	0.0263158	0.0185376	0.0141066	0.0123839	0.0050761	0.0026144	0.0165663	0.0106762	0.0212766	0.0137552	0.0185185	0.0098039	0.0135135	0.0198347	0.0243243	0.0243309	0.0276498	0.0367347	0.0190476	0.0202578	0.0240385	0.0327273	0.0307018	0.0400943	0.0274725	0.0519481	0.0401146	0.0654206	0.0673854	0.080303	
Harle huppé	0.0013263	0.0028818	0.0	0.0	0.0015	0.0020921	0.0	0.0	0.0	0.0	0.0	0.0	0.0041379	0.0	0.0	0.0	0.0	0.0	0.0	0.0015	0.0	0.0	0.0	0.0	0.0	0.0	0.0	0.0	0.0	0.0	0.0	0.0	0.0	0.0	0.0	0.0	0.0	0.0	0.0	0.0	0.0	0.0023585	0.0027473	0.0037106	0.0057307	0.0015	0.0026954	0.0015152	
Érismature à tête blanche	0.0	0.0	0.0	0.0	0.0	0.0	0.0	0.0	0.0	0.0	0.0	0.0	0.0	0.0015	0.0	0.0	0.0	0.0	0.0	0.0	0.0	0.0	0.0	0.0	0.0	0.0	0.0	0.0	0.0	0.0	0.0	0.0	0.0	0.0	0.0	0.0	0.0	0.0	0.0	0.0	0.0	0.0	0.0	0.0	0.0	0.0	0.0	0.0	
anatidé sp. (canard sp.)	0.0013263	0.0015	0.0015	0.0013351	0.0015	0.0015	0.0	0.0	0.0016949	0.0	0.0	0.0	0.0	0.0	0.0	0.0	0.0	0.0	0.0	0.0	0.0	0.0	0.0	0.0	0.0	0.0	0.0	0.0	0.0	0.0019608	0.0	0.0	0.0	0.0	0.0	0.0	0.0	0.0	0.0	0.0	0.002193	0.0	0.0	0.0	0.0	0.0	0.0	0.0015	
sauvagine sp.	0.0	0.0	0.0	0.0	0.0	0.0	0.0	0.0	0.0	0.0015	0.0	0.0	0.0	0.0	0.0015	0.0	0.0011696	0.0	0.0	0.0	0.0	0.0015	0.0	0.0	0.0	0.0	0.0	0.0	0.0	0.0015	0.0	0.0	0.0	0.0015	0.0	0.0	0.0	0.0	0.0	0.0	0.0	0.0023585	0.0	0.0	0.0	0.0	0.0026954	0.0	
Colin de Virginie	0.0013263	0.0	0.0	0.0	0.0	0.0	0.0	0.0	0.0	0.0017953	0.0	0.0	0.0	0.0025478	0.0	0.0	0.0	0.0019802	0.001385	0.0020597	0.0047022	0.003096	0.001692	0.0015	0.003012	0.0015	0.0015	0.0013755	0.0015	0.0015	0.0	0.0	0.0	0.0	0.0	0.0	0.002381	0.0	0.0	0.0	0.0	0.0	0.0	0.0	0.0	0.0	0.0	0.0	
Gélinotte des bois	0.0	0.0	0.0	0.0	0.0	0.0	0.0	0.0	0.0	0.0	0.0	0.0010549	0.0	0.0	0.0	0.0	0.0	0.0	0.0	0.0	0.0	0.0	0.0	0.0	0.0	0.0015	0.0019342	0.0013755	0.0	0.0	0.0	0.0	0.0	0.0048662	0.0	0.0	0.0	0.0	0.0	0.0	0.0	0.0	0.0	0.0	0.0	0.0	0.0	0.0	
Lagopède alpin	0.0	0.0	0.0	0.0	0.0	0.0	0.0015	0.0	0.0	0.0	0.0	0.0015	0.0	0.0	0.0	0.0	0.0	9.901E-4	0.0041551	0.0030896	0.0031348	0.003096	0.0050761	0.0052288	0.0045181	0.0035587	0.0077369	0.0013755	0.0015	0.0	0.0	0.0015	0.0054054	0.0	0.0069124	0.0015	0.0047619	0.0018416	0.0024038	0.0018182	0.0015	0.0023585	0.0	0.0	0.0	0.0	0.0	0.0	
Tétras lyre	0.0013263	0.0014409	0.0	0.0	0.0038095	0.0020921	0.0	0.0015	0.0033898	0.0	0.0016026	0.0	0.0013793	0.0025478	0.0014493	0.0019881	0.0093567	0.0118812	0.0110803	0.0072091	0.0094044	0.004644	0.0033841	0.0078431	0.0015	0.0071174	0.0019342	0.002751	0.0055556	0.0039216	0.0022523	0.0066116	0.0015	0.0145985	0.0046083	0.0183673	0.0142857	0.0055249	0.0072115	0.0054545	0.0015	0.0015	0.0027473	0.0018553	0.0057307	0.0	0.0	0.0015152	
Perdrix grise	0.0026525	0.0	0.0015	0.0040053	0.0015	0.0	0.0	0.0	0.0015	0.0	0.0	0.0010549	0.0015	0.0	0.0014493	0.0	0.0011696	9.901E-4	0.001385	0.0030896	0.0015	0.0	0.001692	0.0026144	0.0	0.0	0.0038685	0.0	0.0018519	0.0098039	0.0022523	0.0115702	0.0027027	0.0	0.0023041	0.0	0.0	0.0	0.0024038	0.0018182	0.0015	0.0015	0.0	0.0018553	0.0028653	0.0	0.0	0.0	
Faisan de Colchide	0.0291777	0.0201729	0.0262346	0.0173565	0.0171429	0.0167364	0.0134529	0.0173913	0.0271186	0.0520646	0.036859	0.056962	0.0675862	0.0484076	0.0521739	0.0616302	0.0491228	0.0445545	0.0498615	0.0391349	0.0266458	0.0325077	0.0236887	0.0261438	0.0271084	0.019573	0.0154739	0.0192572	0.0055556	0.0039216	0.0202703	0.0115702	0.0405405	0.0291971	0.0230415	0.022449	0.0309524	0.038674	0.0216346	0.0236364	0.0307018	0.0377358	0.0192308	0.0241187	0.0315186	0.0186916	0.0134771	0.0318182	
Faisan versicolore	0.0	0.0014409	0.0	0.0	0.0019048	0.0	0.0	0.0	0.0	0.0	0.0	0.0010549	0.0	0.0012739	0.0	0.0	0.0	9.901E-4	0.0	0.0	0.0015674	0.0	0.0	0.0	0.0	0.0	0.0	0.0	0.0	0.0	0.0	0.0	0.0	0.0	0.0	0.0	0.0	0.0	0.0	0.0	0.0	0.0	0.0	0.0	0.0	0.0	0.0	0.0	
Faisan de Colchide ou F. versicolore	0.0	0.0	0.0	0.0	0.0	0.0	0.0014948	0.0	0.0	0.0	0.0	0.0	0.0	0.0	0.0	0.0	0.0	9.901E-4	0.0	0.0	0.0	0.0	0.0	0.0	0.0	0.0	0.0	0.0	0.0	0.0	0.0	0.0	0.0	0.0	0.0	0.0	0.0	0.0	0.0	0.0	0.0	0.0	0.0	0.0	0.0	0.0	0.0	0.0	
Paon bleu	0.0	0.0	0.0	0.0	0.0	0.0	0.0	0.0	0.0	0.0	0.0	0.0	0.0	0.0	0.0	0.0	0.0	0.0	0.0	0.0	0.0	0.0	0.0	0.0	0.0	0.0	0.0015	0.0	0.0	0.0	0.0	0.0	0.0	0.0	0.0	0.0	0.0	0.0	0.0	0.0	0.0	0.0	0.0	0.0	0.0	0.0	0.0	0.0	
faisan sp.	0.0	0.0	0.0	0.0	0.0	0.0	0.0	0.0	0.0	0.0	0.0	0.0	0.0	0.0	0.0	0.0	0.0	0.0	0.0	0.0	0.0	0.0	0.0	0.0	0.0	0.0	0.0019342	0.0	0.0	0.0	0.0	0.0	0.0	0.0	0.0	0.0	0.0	0.0	0.0	0.0	0.0	0.0	0.0	0.0	0.0	0.0	0.0	0.0	
Caille des blés	0.0	0.0	0.0	0.0	0.0	0.0	0.0	0.0	0.0	0.0035907	0.0016026	0.0	0.0041379	0.0089172	0.0072464	0.0089463	0.0233918	0.0207921	0.0360111	0.0339856	0.0454545	0.0185759	0.0439932	0.048366	0.0406627	0.0391459	0.0444874	0.0123796	0.0074074	0.0058824	0.0022523	0.0099174	0.0081081	0.0048662	0.0	0.0015	0.0015	0.0018416	0.0015	0.0015	0.0	0.0	0.0	0.0	0.0	0.0	0.0	0.0	
Caille du Japon	0.0	0.0	0.0	0.0	0.0	0.0	0.0	0.0	0.0	0.0	0.0	0.0	0.0	0.0	0.0	0.0	0.0	0.0	0.0	0.0	0.0031348	0.0	0.0	0.0015	0.001506	0.0	0.0	0.0	0.0	0.0	0.0	0.0	0.0	0.0	0.0	0.0	0.0	0.0	0.0	0.0	0.0	0.0	0.0	0.0	0.0	0.0	0.0	0.0	
Perdrix rouge	0.0	0.0	0.0	0.0	0.0	0.0	0.0	0.0	0.0	0.0015	0.0	0.0	0.0013793	0.0025478	0.0014493	9.94E-4	0.0011696	9.901E-4	0.0027701	0.0020597	0.0047022	0.0077399	0.0050761	0.0039216	0.001506	0.0	0.0015	0.002751	0.0037037	0.0015	0.0022523	0.0	0.0027027	0.0	0.0015	0.0	0.0	0.0	0.0024038	0.0	0.0	0.004717	0.0027473	0.0018553	0.0	0.0	0.0026954	0.0	
Perdrix choukar	0.0	0.0	0.0	0.0	0.0	0.0	0.0	0.0015	0.0	0.0	0.0	0.0	0.0	0.0	0.0	0.0	0.0	0.0	0.0	0.0	0.0	0.0	0.0	0.0	0.0	0.0	0.0	0.0	0.0	0.0	0.0	0.0	0.0	0.0	0.0	0.0	0.0	0.0	0.0	0.0	0.0	0.0	0.0	0.0	0.0	0.0	0.0	0.0	
Perdrix bartavelle	0.0015	0.0	0.0015432	0.0026702	0.0038095	0.0020921	0.0015	0.0034783	0.0016949	0.0017953	0.0	0.0010549	0.0041379	0.0012739	0.0028986	0.0019881	0.0035088	0.0069307	0.0180055	0.015448	0.0109718	0.0216718	0.0253807	0.0183007	0.0120482	0.0088968	0.0116054	0.0082531	0.012963	0.0058824	0.0112613	0.0198347	0.0135135	0.0121655	0.0092166	0.0040816	0.002381	0.0092081	0.0072115	0.0036364	0.0015	0.004717	0.0015	0.0055659	0.0	0.0	0.0	0.0015	
Pigeon biset	0.2891247	0.2636888	0.2391975	0.2656876	0.2438095	0.2322176	0.2406577	0.226087	0.2576271	0.2800718	0.2788462	0.2647679	0.2841379	0.2942675	0.2347826	0.2763419	0.2362573	0.2465347	0.2562327	0.2451081	0.2115987	0.24613	0.2233503	0.2601307	0.2665663	0.2758007	0.270793	0.3287483	0.2481481	0.245098	0.1981982	0.2066116	0.1972973	0.2579075	0.2926267	0.2836735	0.2952381	0.2725599	0.2716346	0.2618182	0.2258772	0.2264151	0.2582418	0.2096475	0.2378223	0.271028	0.2749326	0.2409091	
Pigeon roussard	0.0	0.0	0.0	0.0	0.0	0.0	0.0	0.0	0.0	0.0	0.0	0.0	0.0	0.0	0.0	0.0	0.0	0.0	0.0	0.0	0.0	0.0	0.0	0.0013072	0.0	0.0	0.0	0.0	0.0	0.0	0.0	0.0	0.0	0.0	0.0	0.0	0.0	0.0	0.0	0.0	0.0	0.0	0.0	0.0	0.0	0.0	0.0	0.0	
Pigeon colombin	0.0371353	0.018732	0.0154321	0.0280374	0.0285714	0.0271967	0.0508221	0.0330435	0.0559322	0.0502693	0.0496795	0.0506329	0.0413793	0.0458599	0.0536232	0.0497018	0.0421053	0.039604	0.031856	0.0236869	0.0282132	0.0263158	0.0101523	0.0169935	0.0150602	0.0231317	0.0251451	0.042641	0.0277778	0.0215686	0.0247748	0.014876	0.0297297	0.0218978	0.0115207	0.0163265	0.0190476	0.0220994	0.0048077	0.02	0.0153509	0.0235849	0.0192308	0.0241187	0.008596	0.0116822	0.0242588	0.0212121	
Pigeon ramier	0.2453581	0.2319885	0.2746914	0.3044059	0.3009524	0.3535565	0.4349776	0.4834783	0.5338983	0.5368043	0.5608974	0.5611814	0.52	0.5452229	0.542029	0.5119284	0.4888889	0.4950495	0.4944598	0.4346035	0.4717868	0.4226006	0.3739425	0.4156863	0.4292169	0.430605	0.4119923	0.4690509	0.412963	0.3588235	0.3806306	0.3471074	0.3297297	0.3309002	0.3156682	0.277551	0.352381	0.3093923	0.3557692	0.3454545	0.254386	0.1981132	0.1978022	0.1818182	0.1747851	0.1588785	0.2398922	0.2590909	
Columba sp.	0.0	0.0	0.0015432	0.0	0.0	0.0	0.0	0.0	0.0	0.0	0.0	0.0	0.0	0.0	0.0	0.0	0.0	0.0	0.0	0.0	0.0	0.0	0.0	0.0	0.0	0.0	0.0	0.0	0.0	0.0	0.0	0.0	0.0	0.0	0.0	0.0	0.0	0.0	0.0	0.0	0.0	0.0	0.0	0.0	0.0	0.0	0.0	0.0	
Tourterelle des bois	0.0	0.0	0.0	0.0	0.0	0.0	0.0	0.0	0.0	0.0	0.0	0.0	0.0013793	0.0025478	0.0202899	0.082505	0.1134503	0.1168317	0.1191136	0.1040165	0.1144201	0.0866873	0.1116751	0.0862745	0.0993976	0.113879	0.0947776	0.1031637	0.0685185	0.0607843	0.0833333	0.0396694	0.0189189	0.0145985	0.0092166	0.0	0.0	0.0	0.0	0.0	0.0	0.0	0.0	0.0	0.0	0.0	0.0	0.0	
Tourterelle turque	0.1923077	0.1613833	0.1527778	0.1695594	0.1390476	0.1715481	0.1928251	0.213913	0.2237288	0.2351885	0.2339744	0.2236287	0.2027586	0.2216561	0.2347826	0.2415507	0.2035088	0.2138614	0.2313019	0.1791967	0.1708464	0.1656347	0.1590525	0.1843137	0.2259036	0.2064057	0.1953578	0.2049519	0.1944444	0.172549	0.1801802	0.1702479	0.1675676	0.1873479	0.1497696	0.1081633	0.1190476	0.160221	0.1778846	0.16	0.1491228	0.0966981	0.1538462	0.1372913	0.1633238	0.1542056	0.1428571	0.1954545	
Coucou gris	0.0	0.0	0.0	0.0	0.0	0.0	0.0	0.0	0.0	0.0	0.0016026	0.0031646	0.0372414	0.0942675	0.1971014	0.2206759	0.2175439	0.2386139	0.2783934	0.2255407	0.2288401	0.1904025	0.1675127	0.1372549	0.1069277	0.0569395	0.0386847	0.0233838	0.0092593	0.0078431	0.0135135	0.0049587	0.0108108	0.0015	0.0	0.0	0.0	0.0	0.0	0.0	0.0	0.0	0.0	0.0	0.0	0.0	0.0	0.0	
Engoulevent d'Europe	0.0	0.0	0.0	0.0	0.0	0.0	0.0	0.0	0.0	0.0	0.0	0.0	0.0	0.0	0.0	0.0	0.0035088	0.0039604	0.0027701	0.0092688	0.015674	0.0123839	0.0270728	0.020915	0.0195783	0.0160142	0.0077369	0.0068776	0.0055556	0.0039216	0.0	0.0049587	0.0027027	0.0	0.0046083	0.0015	0.002381	0.0	0.0	0.0	0.0	0.0	0.0	0.0	0.0	0.0	0.0	0.0	
Martinet à ventre blanc	0.0	0.0	0.0	0.0	0.0	0.0	0.0	0.0017391	0.0016949	0.0125673	0.0705128	0.0949367	0.1117241	0.1248408	0.1304348	0.1073559	0.1017544	0.0851485	0.1288089	0.1101957	0.1159875	0.128483	0.1099831	0.1372549	0.1490964	0.1352313	0.1876209	0.1540578	0.1222222	0.127451	0.1216216	0.0842975	0.0675676	0.0778589	0.0806452	0.0653061	0.0190476	0.0092081	0.0048077	0.0018182	0.0	0.0	0.0	0.0	0.0	0.0	0.0	0.0	
Martinet noir	0.0	0.0	0.0	0.0	0.0	0.0	0.0	0.0	0.0016949	0.0	0.0016026	0.0137131	0.0648276	0.1414013	0.2130435	0.2634195	0.2538012	0.2831683	0.3310249	0.3645726	0.3777429	0.3900929	0.3857868	0.3908497	0.3960843	0.3754448	0.3268859	0.1843191	0.1314815	0.1176471	0.0157658	0.0132231	0.0	0.0	0.0	0.0	0.0	0.0	0.0	0.0	0.0	0.0	0.0	0.0	0.0	0.0	0.0	0.0	
Martinet pâle	0.0	0.0	0.0	0.0	0.0	0.0	0.0	0.0	0.0	0.0	0.0016026	0.0063291	0.0151724	0.0203822	0.0188406	0.0129225	0.0093567	0.0247525	0.0207756	0.0247168	0.0344828	0.0417957	0.0321489	0.0339869	0.0195783	0.019573	0.0270793	0.0385144	0.0240741	0.0647059	0.0427928	0.0297521	0.0378378	0.0608273	0.0829493	0.0591837	0.0190476	0.0202578	0.0120192	0.0054545	0.0	0.0	0.0	0.0	0.0	0.0	0.0	0.0	
Martinet noir ou M. pâle	0.0	0.0	0.0	0.0	0.0	0.0	0.0	0.0	0.0	0.0	0.0016026	0.0052743	0.0015	0.0012739	0.0	9.94E-4	0.0015	9.901E-4	0.0041551	0.0051493	0.007837	0.006192	0.0101523	0.0065359	0.0105422	0.0124555	0.0058027	0.0110041	0.0111111	0.0156863	0.0135135	0.0015	0.0027027	0.0	0.0	0.0	0.0	0.0	0.0	0.0	0.0	0.0	0.0	0.0	0.0	0.0	0.0	0.0	
Apus ou Tachymarptis sp.	0.0	0.0	0.0	0.0	0.0	0.0	0.0	0.0	0.0	0.0	0.0015	0.0015	0.0015	0.0015	0.0015	0.0015	0.0011696	0.0	0.0	0.0010299	0.0	0.0015	0.0	0.0015	0.0015	0.0053381	0.0	0.0013755	0.0037037	0.0015	0.0067568	0.0016529	0.0015	0.0024331	0.0015	0.0	0.0	0.0	0.0	0.0015	0.0	0.0	0.0	0.0	0.0	0.0	0.0	0.0	
apodidé sp.	0.0	0.0	0.0	0.0	0.0	0.0	0.0	0.0	0.0	0.0	0.0016026	0.0	0.0	0.0012739	0.0	0.0	0.0	0.0	0.0	0.0010299	0.0	0.0	0.0	0.0	0.0	0.0	0.0015	0.002751	0.0015	0.0	0.0022523	0.0	0.0027027	0.0024331	0.0023041	0.0	0.002381	0.0	0.0	0.0	0.0	0.0	0.0	0.0	0.0	0.0	0.0	0.0	
Râle d'eau	0.0755968	0.0706052	0.0401235	0.0280374	0.0266667	0.0355649	0.0523169	0.0365217	0.0644068	0.064632	0.0721154	0.0748945	0.0317241	0.0458599	0.0405797	0.0298211	0.0175439	0.0148515	0.0138504	0.0123584	0.0172414	0.006192	0.0135364	0.0091503	0.0105422	0.0177936	0.0116054	0.0165062	0.0296296	0.027451	0.0292793	0.0363636	0.0459459	0.0413625	0.0599078	0.0612245	0.0809524	0.0644567	0.0625	0.0963636	0.1052632	0.1037736	0.0879121	0.0890538	0.0974212	0.0911215	0.0781671	0.0787879	
Râle des genêts	0.0	0.0	0.0	0.0	0.0	0.0	0.0	0.0	0.0	0.0	0.0	0.0	0.0	0.0	0.0	0.0	0.0	0.0	0.0	0.0030896	0.0047022	0.004644	0.0033841	0.0013072	0.0	0.0	0.0	0.0	0.0	0.0	0.0	0.0	0.0	0.0	0.0	0.0	0.0	0.0	0.0	0.0	0.0	0.0	0.0	0.0	0.0	0.0	0.0	0.0	
Marouette ponctuée	0.0	0.0	0.0	0.0	0.0	0.0	0.0	0.0	0.0084746	0.0089767	0.0288462	0.0516878	0.0303448	0.0152866	0.0115942	0.0039761	0.0023392	0.0	0.0	0.0	0.0	0.0	0.0	0.0	0.0	0.0	0.0015	0.0	0.0	0.0019608	0.0022523	0.0049587	0.0189189	0.0	0.0023041	0.0020408	0.0	0.0	0.0	0.0	0.0	0.0	0.0	0.0	0.0	0.0	0.0	0.0	
Gallinule poule-d'eau	0.2135279	0.2665706	0.1944444	0.1775701	0.1980952	0.2112971	0.1718984	0.1895652	0.2440678	0.2244165	0.2580128	0.2626582	0.2344828	0.2203822	0.2405797	0.2335984	0.2	0.1693069	0.1301939	0.1112255	0.1097179	0.0758514	0.0676819	0.069281	0.0978916	0.1156584	0.1199226	0.1801926	0.1685185	0.1568627	0.1396396	0.1487603	0.1864865	0.189781	0.2119816	0.2306122	0.2404762	0.2044199	0.2235577	0.2272727	0.2149123	0.2216981	0.1978022	0.2170686	0.269341	0.2313084	0.2291105	0.2045455	
Foulque macroule	0.2917772	0.3011527	0.2885802	0.2803738	0.2933333	0.3158996	0.2585949	0.3269565	0.3711864	0.3447038	0.3509615	0.3554852	0.3089655	0.2840764	0.2652174	0.2534791	0.2467836	0.1891089	0.200831	0.184346	0.1833856	0.1640867	0.1455161	0.1581699	0.1807229	0.1975089	0.1992263	0.2393398	0.2462963	0.2215686	0.2364865	0.231405	0.2972973	0.2384428	0.2949309	0.2877551	0.3	0.2430939	0.2740385	0.2636364	0.2807018	0.2783019	0.25	0.2745826	0.3151862	0.2873832	0.3342318	0.3121212	
Talève d'Allen	0.0	0.0	0.0	0.0	0.0	0.0020921	0.0	0.0	0.0	0.0	0.0	0.0	0.0	0.0	0.0	0.0	0.0	0.0	0.0	0.0	0.0	0.0	0.0	0.0	0.0	0.0	0.0	0.0	0.0	0.0	0.0	0.0	0.0	0.0	0.0	0.0	0.0	0.0	0.0	0.0	0.0	0.0	0.0	0.0	0.0	0.0	0.0	0.0	
Marouette poussin	0.0	0.0	0.0	0.0	0.0	0.0	0.0	0.0	0.0	0.005386	0.0016026	0.0305907	0.0110345	0.0076433	0.0014493	9.94E-4	0.0015	9.901E-4	0.0	0.0	0.0	0.0	0.0	0.0	0.0	0.0	0.0	0.0015	0.0	0.0019608	0.0022523	0.0	0.0015	0.0	0.0	0.0015	0.0071429	0.0036832	0.0	0.0	0.0	0.0	0.0	0.0	0.0	0.0	0.0	0.0	
Grue royale	0.0	0.0	0.0	0.0	0.0	0.0	0.0	0.0	0.0	0.0	0.0	0.0	0.0	0.0	0.0	0.0	0.0	0.0	0.0	0.0	0.0	0.0	0.0	0.0	0.0	0.0	0.0	0.0	0.0	0.0	0.0	0.0	0.0	0.0	0.0	0.0	0.002381	0.0	0.0	0.0	0.0	0.0	0.0	0.0	0.0	0.0	0.0	0.0	
Grue cendrée	0.0755968	0.0489914	0.0324074	0.0440587	0.032381	0.0564854	0.0373692	0.026087	0.0440678	0.0125673	0.0128205	0.0042194	0.0013793	0.0025478	0.0043478	9.94E-4	0.0023392	0.0	0.0	0.0	0.0	0.001548	0.0	0.0	0.0	0.0	0.0096712	0.0123796	0.012963	0.0	0.0	0.0	0.0	0.0072993	0.0115207	0.0122449	0.0	0.0165746	0.0456731	0.0654545	0.0877193	0.115566	0.1208791	0.1076067	0.0945559	0.0724299	0.06469	0.0893939	
Oedicnème criard	0.0	0.0	0.0	0.0	0.0	0.0020921	0.0	0.0034783	0.0033898	0.0179533	0.0144231	0.0031646	0.0041379	0.0012739	0.0086957	0.0089463	0.0011696	0.0059406	0.0041551	0.0072091	0.0015674	0.0092879	0.0118443	0.0143791	0.0195783	0.0088968	0.0135397	0.0110041	0.0111111	0.0019608	0.0015	0.0049587	0.0081081	0.0072993	0.0023041	0.0020408	0.0047619	0.0015	0.0	0.0054545	0.004386	0.004717	0.0027473	0.0018553	0.0	0.0	0.0	0.0	
Échasse blanche	0.0	0.0	0.0	0.0	0.0	0.0	0.0	0.0	0.0	0.0179533	0.0977564	0.214135	0.2041379	0.2229299	0.1811594	0.2057654	0.2175439	0.1514851	0.1094183	0.0834192	0.0752351	0.0634675	0.0575296	0.0418301	0.0722892	0.088968	0.0618956	0.0935351	0.1055556	0.1078431	0.0945946	0.0561983	0.0513514	0.0194647	0.0092166	0.0061224	0.0095238	0.0	0.0	0.0054545	0.0	0.0	0.0	0.0	0.0	0.0	0.0	0.0	
Avocette élégante	0.0	0.0	0.0	0.0	0.0	0.0	0.0	0.0015	0.0	0.0	0.0	0.0063291	0.0068966	0.0012739	0.0015	0.0015	0.0070175	0.0089109	0.0015	0.0	0.0	0.0	0.0	0.0	0.0	0.0	0.0	0.0	0.0	0.0039216	0.0	0.0	0.0189189	0.0	0.0	0.0	0.0	0.0	0.0	0.0	0.0	0.0	0.0	0.0	0.0	0.0023364	0.0026954	0.0030303	
Huîtrier pie	0.0	0.0	0.0	0.0	0.0	0.0	0.0	0.0	0.0	0.0	0.0	0.0	0.0027586	0.0012739	0.0	9.94E-4	0.0011696	9.901E-4	0.0	0.0041195	0.0	0.0	0.0	0.0	0.0	0.0	0.0	0.002751	0.0	0.0	0.0	0.0	0.0	0.0	0.0	0.0	0.0	0.0	0.0	0.0	0.0	0.0	0.0	0.0	0.0	0.0	0.0	0.0	
Pluvier argenté	0.0	0.0	0.0	0.0	0.0	0.0	0.0	0.0	0.0	0.0	0.0	0.0	0.0082759	0.0012739	0.0028986	0.0029821	0.019883	0.0118812	0.0041551	0.0	0.0	0.0	0.0	0.0	0.0	0.0	0.0	0.0	0.0	0.0	0.0	0.0	0.0	0.0	0.0	0.0040816	0.002381	0.0	0.0	0.0	0.0	0.0	0.0	0.0	0.0	0.0	0.0	0.0	
Pluvier doré	0.0092838	0.0043228	0.0046296	0.0013351	0.0019048	0.0020921	0.0074738	0.0052174	0.0118644	0.0017953	0.0016026	0.0	0.0013793	0.0025478	0.0	0.0	0.0	9.901E-4	0.0	0.0	0.0	0.0	0.0	0.0	0.0	0.0	0.0	0.0	0.0	0.0	0.0	0.0	0.0	0.0015	0.0	0.0015	0.0	0.0055249	0.0	0.0018182	0.004386	0.009434	0.0027473	0.0055659	0.0057307	0.0093458	0.0026954	0.0060606	
Pluvier bronzé	0.0	0.0	0.0	0.0	0.0	0.0	0.0	0.0	0.0	0.0	0.0	0.0	0.0	0.0	0.0	9.94E-4	0.0233918	9.901E-4	0.0	0.0	0.0	0.0	0.0	0.0	0.0	0.0	0.0	0.0	0.0	0.0	0.0	0.0	0.0	0.0	0.0	0.0	0.0	0.0	0.0	0.0	0.0	0.0	0.0	0.0	0.0	0.0	0.0	0.0	
Guignard d’Eurasie	0.0	0.0	0.0	0.0	0.0	0.0	0.0	0.0	0.0	0.0	0.0	0.0	0.0	0.0	0.0	0.0	0.0	0.0	0.0	0.0	0.0	0.0	0.0	0.0	0.0	0.0	0.0	0.0	0.0	0.0	0.0022523	0.0066116	0.0243243	0.0072993	0.0015	0.0020408	0.0	0.0	0.0	0.0	0.0	0.0	0.0	0.0	0.0	0.0	0.0	0.0	
Grand Gravelot	0.0	0.0	0.0	0.0	0.0	0.0	0.0	0.0	0.0	0.0	0.0015	0.0021097	0.0013793	0.0076433	0.015942	0.0457256	0.0725146	0.0554455	0.0304709	0.0123584	0.0	0.0	0.0	0.0	0.0	0.0017794	0.0019342	0.0	0.0	0.0019608	0.0022523	0.0049587	0.0162162	0.0097324	0.0138249	0.0122449	0.002381	0.0036832	0.0	0.0	0.0	0.0	0.0	0.0	0.0	0.0	0.0	0.0	
Petit Gravelot	0.0	0.0	0.0	0.0	0.0	0.0	0.0014948	0.0069565	0.040678	0.0448833	0.099359	0.1054852	0.0786207	0.0726115	0.0623188	0.0685885	0.0584795	0.0425743	0.033241	0.0267765	0.0141066	0.0309598	0.0287648	0.0222222	0.0301205	0.0391459	0.0232108	0.0302613	0.0333333	0.0529412	0.0202703	0.0132231	0.0162162	0.0121655	0.0207373	0.0061224	0.0	0.0	0.0	0.0	0.0	0.0	0.0	0.0	0.0	0.0	0.0	0.0	
Vanneau huppé	0.0464191	0.0446686	0.0339506	0.0267023	0.0342857	0.0564854	0.0627803	0.1165217	0.1423729	0.1238779	0.1522436	0.1972574	0.2068966	0.1847134	0.1826087	0.1968191	0.2116959	0.170297	0.1052632	0.07724	0.0658307	0.0433437	0.035533	0.0300654	0.0587349	0.069395	0.0483559	0.0687758	0.0703704	0.0509804	0.0585586	0.0528926	0.0540541	0.053528	0.0483871	0.0326531	0.0309524	0.0257827	0.0504808	0.0381818	0.0394737	0.0353774	0.0494505	0.0667904	0.0401146	0.0397196	0.0458221	0.0454545	
Gravelot à collier interrompu	0.0	0.0	0.0	0.0	0.0	0.0	0.0	0.0	0.0	0.0	0.0	0.0	0.0	0.0	0.0	9.94E-4	0.0	0.0039604	0.0015	0.0	0.0	0.0	0.0	0.0	0.0	0.0	0.0	0.0	0.0	0.0	0.0	0.0	0.0	0.0	0.0	0.0	0.0	0.0	0.0	0.0	0.0	0.0	0.0	0.0	0.0	0.0	0.0	0.0	
Courlis corlieu	0.0	0.0	0.0	0.0	0.0	0.0	0.0	0.0	0.0	0.0	0.0016026	0.0063291	0.0606897	0.066242	0.0507246	0.054672	0.0385965	0.0089109	0.001385	0.0	0.0	0.0	0.0	0.0	0.0	0.0	0.0	0.0013755	0.0015	0.0019608	0.0	0.0016529	0.0	0.0	0.0	0.0	0.0	0.0	0.0	0.0	0.0	0.0	0.0	0.0	0.0	0.0	0.0	0.0	
Courlis hudsonien ou corlieu	0.0	0.0	0.0	0.0	0.0	0.0	0.0	0.0	0.0	0.0	0.0015	0.0015	0.0015	0.0015	0.0015	0.0015	0.0015	0.0	0.0	0.0	0.0	0.0	0.0	0.0	0.0	0.0	0.0	0.0	0.0	0.0	0.0	0.0	0.0	0.0	0.0	0.0	0.0	0.0	0.0	0.0	0.0	0.0	0.0	0.0	0.0	0.0	0.0	0.0	
Courlis cendré	0.0079576	0.0100865	0.007716	0.0106809	0.0038095	0.0083682	0.0134529	0.0104348	0.0084746	0.0143627	0.0208333	0.0189873	0.0151724	0.0089172	0.0057971	0.0069583	0.0023392	0.0039604	0.0015	0.0	0.0	0.0015	0.001692	0.0	0.0	0.0017794	0.0015	0.0055021	0.0055556	0.0078431	0.0045045	0.0082645	0.0135135	0.0170316	0.0069124	0.0122449	0.0047619	0.0073665	0.0	0.0090909	0.004386	0.004717	0.0054945	0.0074212	0.008596	0.0116822	0.0134771	0.0121212	
Barge rousse	0.0	0.0	0.0	0.0	0.0	0.0	0.0	0.0	0.0	0.0	0.0	0.0	0.0	0.0012739	0.0014493	0.0039761	0.0023392	0.0015	0.0015	0.0	0.0	0.0	0.0	0.0	0.0	0.0	0.0	0.0	0.0	0.0	0.0	0.0	0.0	0.0	0.0015	0.0061224	0.0	0.0	0.0	0.0	0.0	0.0	0.0	0.0	0.0	0.0	0.0	0.0	
Barge à queue noire	0.0	0.0	0.0	0.0	0.0	0.0020921	0.0074738	0.0052174	0.0067797	0.0089767	0.0304487	0.0516878	0.0565517	0.0343949	0.0246377	0.0367793	0.019883	0.0247525	0.0096953	0.0020597	0.0031348	0.003096	0.0	0.0	0.0	0.0035587	0.0	0.0082531	0.0166667	0.0117647	0.0015	0.0049587	0.0162162	0.0048662	0.0023041	0.0040816	0.0	0.0	0.0	0.0	0.0	0.0	0.0	0.0	0.0	0.0	0.0	0.0	
Bécassine sourde	0.0015	0.0028818	0.0	0.0013351	0.0	0.0	0.0	0.0086957	0.0084746	0.0071813	0.0112179	0.0105485	0.0068966	0.0089172	0.0057971	9.94E-4	0.0011696	0.0	0.0	0.0	0.0	0.0	0.0	0.0	0.0	0.0	0.0	0.0	0.0	0.0019608	0.0	0.0	0.0	0.0	0.0	0.0	0.0	0.0	0.0024038	0.0015	0.002193	0.0023585	0.0	0.0037106	0.0015	0.0	0.0026954	0.0	
Bécasse des bois	0.0039788	0.0043228	0.0015432	0.0015	0.0038095	0.0020921	0.0059791	0.0069565	0.0015	0.005386	0.0015	0.0021097	0.0	0.0	0.0	0.0	0.0	0.0	0.0	0.0	0.0	0.0	0.0	0.0	0.0	0.0	0.0	0.0	0.0	0.0	0.0	0.0	0.0	0.0	0.0	0.0	0.002381	0.0036832	0.0	0.0036364	0.002193	0.004717	0.010989	0.0018553	0.008596	0.0015	0.0053908	0.0030303	
Bécassine double	0.0	0.0	0.0	0.0	0.0	0.0	0.0015	0.0017391	0.0	0.0	0.0016026	0.0	0.0013793	0.0	0.0057971	9.94E-4	0.0015	0.0	0.0	0.0	0.0	0.0	0.0	0.0	0.0	0.0	0.0	0.0	0.0	0.0	0.0	0.0	0.0	0.0	0.0	0.0	0.0	0.0	0.0	0.0	0.0015	0.0	0.0	0.0	0.0	0.0	0.0	0.0	
Bécassine des marais	0.0450928	0.0605187	0.0231481	0.0293725	0.0266667	0.041841	0.0433483	0.0452174	0.0932203	0.0682226	0.0897436	0.100211	0.097931	0.0713376	0.057971	0.054672	0.0339181	0.009901	0.001385	0.0	0.0	0.0	0.0	0.0	0.0	0.0053381	0.0038685	0.0233838	0.0388889	0.0392157	0.0630631	0.061157	0.0918919	0.0997567	0.0737327	0.0612245	0.052381	0.0423573	0.0649038	0.0545455	0.0526316	0.0683962	0.0357143	0.0667904	0.0401146	0.0420561	0.0350404	0.0424242	
Phalarope à bec étroit	0.0	0.0	0.0	0.0	0.0	0.0	0.0	0.0	0.0	0.0	0.0	0.0	0.0	0.0	0.0	0.0	0.0	0.0	0.0	0.0	0.0	0.0	0.0	0.0	0.0	0.0	0.0	0.0	0.0	0.0	0.0	0.0	0.0054054	0.0	0.0	0.0	0.0	0.0	0.0	0.0	0.0	0.0	0.0	0.0	0.0	0.0	0.0	0.0	
Chevalier guignette	0.0384615	0.0389049	0.037037	0.0200267	0.032381	0.039749	0.0284006	0.0208696	0.0440678	0.0448833	0.0288462	0.0316456	0.0275862	0.044586	0.0594203	0.0805169	0.0783626	0.0405941	0.0166205	0.0072091	0.0094044	0.0154799	0.0135364	0.0091503	0.0165663	0.0533808	0.0541586	0.090784	0.1	0.1254902	0.1193694	0.0826446	0.0756757	0.0656934	0.0529954	0.0530612	0.0428571	0.0276243	0.0384615	0.0418182	0.0175439	0.0306604	0.0164835	0.0426716	0.0401146	0.0350467	0.0404313	0.0515152	
Chevalier culblanc	0.0450928	0.0778098	0.0493827	0.0453939	0.0438095	0.041841	0.0568012	0.0747826	0.120339	0.1202873	0.1746795	0.2204641	0.1517241	0.1044586	0.0666667	0.0238569	0.0128655	0.0019802	0.0	0.0020597	0.0062696	0.0108359	0.035533	0.0431373	0.0722892	0.0925267	0.0773694	0.088033	0.1277778	0.1431373	0.1238739	0.1140496	0.1405405	0.1240876	0.0829493	0.0734694	0.0833333	0.0736648	0.0576923	0.0545455	0.0614035	0.0754717	0.0659341	0.0593692	0.0458453	0.0607477	0.0485175	0.0469697	
Chevalier stagnatile	0.0	0.0	0.0	0.0	0.0	0.0	0.0	0.0	0.0	0.0	0.0	0.0	0.0096552	0.0063694	0.0015	0.0	0.0	0.0019802	0.001385	0.0	0.0	0.0	0.0	0.0013072	0.0	0.0	0.0	0.0	0.0	0.0	0.0022523	0.0	0.0	0.0	0.0	0.0	0.0	0.0	0.0	0.0	0.0	0.0	0.0	0.0	0.0	0.0	0.0	0.0	
Chevalier sylvain	0.0	0.0	0.0	0.0	0.0	0.0	0.0	0.0	0.0	0.0017953	0.0128205	0.0464135	0.1296552	0.1834395	0.184058	0.2047714	0.174269	0.0623762	0.0138504	0.0030896	0.0	0.001548	0.0033841	0.0078431	0.0286145	0.0480427	0.0367505	0.0687758	0.0851852	0.1117647	0.1058559	0.0793388	0.0675676	0.0510949	0.0299539	0.0244898	0.0095238	0.0092081	0.0168269	0.0036364	0.0	0.0	0.0	0.0	0.0	0.0	0.0	0.0	
Chevalier gambette	0.0	0.0028818	0.0030864	0.0	0.0	0.0	0.0014948	0.0	0.0067797	0.0089767	0.0320513	0.0485232	0.0468966	0.0394904	0.0434783	0.0258449	0.045614	0.0168317	0.0263158	0.0051493	0.0015674	0.001548	0.0	0.0	0.001506	0.0017794	0.0	0.002751	0.0074074	0.0019608	0.0045045	0.0033058	0.0054054	0.0048662	0.0023041	0.0020408	0.002381	0.0	0.0	0.0	0.0	0.0	0.0	0.0	0.0	0.0	0.0015	0.0	
Chevalier arlequin	0.0015	0.0043228	0.0015432	0.0	0.0	0.0125523	0.0014948	0.0017391	0.0016949	0.0015	0.0192308	0.0421941	0.0675862	0.0547771	0.0492754	0.054672	0.0233918	0.0019802	0.001385	0.0	0.0	0.0	0.0067682	0.0013072	0.0060241	0.0017794	0.0015	0.0013755	0.0037037	0.0019608	0.0022523	0.0132231	0.0081081	0.0218978	0.0230415	0.0081633	0.0142857	0.0073665	0.0048077	0.0109091	0.0015	0.004717	0.0027473	0.0018553	0.0057307	0.0023364	0.0	0.0045455	
Chevalier aboyeur	0.005305	0.0144092	0.0154321	0.0093458	0.007619	0.0146444	0.0104634	0.0104348	0.020339	0.016158	0.0160256	0.056962	0.1213793	0.1426752	0.1623188	0.1600398	0.1005848	0.0366337	0.0069252	0.0030896	0.0047022	0.001548	0.0015	0.0013072	0.0180723	0.024911	0.0367505	0.0550206	0.0351852	0.0254902	0.0405405	0.0512397	0.0513514	0.0486618	0.0552995	0.0489796	0.0333333	0.0165746	0.0216346	0.0109091	0.0219298	0.0283019	0.021978	0.0074212	0.017192	0.0046729	0.0026954	0.0136364	
Tringa sp.	0.0	0.0	0.0	0.0	0.0	0.0	0.0	0.0	0.0	0.0	0.0	0.0	0.0	0.0	0.0015	0.0	0.0	0.0	0.0	0.0	0.0	0.0	0.0	0.0	0.0	0.0	0.0	0.0013755	0.0	0.0	0.0	0.0	0.0	0.0	0.0	0.0	0.0	0.0	0.0	0.0	0.0	0.0	0.0	0.0	0.0	0.0	0.0	0.0	
Tournepierre à collier	0.0	0.0	0.0	0.0	0.0	0.0	0.0	0.0	0.0	0.0	0.0	0.0	0.0	0.0	0.0	0.0	0.0015	9.901E-4	0.0015	0.0	0.0	0.0	0.0	0.0	0.0	0.0	0.0	0.0	0.0	0.0	0.0015	0.0	0.0	0.0	0.0	0.0	0.0	0.0	0.0	0.0	0.0	0.0	0.0	0.0	0.0	0.0	0.0	0.0	
Bécasseau maubèche	0.0	0.0	0.0	0.0	0.0	0.0	0.0	0.0	0.0	0.0	0.0	0.0	0.0	0.0	0.0	0.0019881	0.0	0.0019802	0.0	0.0082389	0.0	0.0	0.0	0.0	0.0	0.0	0.0	0.0	0.0	0.0	0.0	0.0	0.0027027	0.0024331	0.0	0.0	0.0	0.0	0.0	0.0	0.0	0.0	0.0	0.0	0.0	0.0	0.0	0.0	
Combattant varié	0.0026525	0.0028818	0.0015432	0.0	0.0038095	0.0015	0.0014948	0.0069565	0.0525424	0.0466786	0.1153846	0.1413502	0.1337931	0.1261146	0.1304348	0.1282306	0.1146199	0.0336634	0.0180055	0.0051493	0.0	0.0	0.0	0.0	0.0060241	0.0124555	0.0096712	0.0206327	0.0203704	0.0137255	0.0112613	0.0198347	0.0486486	0.0437956	0.0483871	0.0306122	0.0166667	0.0	0.0072115	0.0054545	0.004386	0.0	0.0054945	0.0	0.0028653	0.0023364	0.0	0.0030303	
Bécasseau falcinelle	0.0	0.0	0.0	0.0	0.0	0.0	0.0	0.0	0.0	0.0	0.0	0.0	0.0	0.0	0.0	0.0	0.0	0.0015	0.0	0.0	0.0	0.0	0.0	0.0	0.0	0.0	0.0	0.0	0.0	0.0	0.0	0.0	0.0	0.0	0.0	0.0	0.0	0.0	0.0	0.0	0.0	0.0	0.0	0.0	0.0	0.0	0.0	0.0	
Bécasseau cocorli	0.0	0.0	0.0	0.0	0.0	0.0	0.0	0.0	0.0	0.0	0.0	0.0	0.0013793	0.0025478	0.0028986	0.0258449	0.0432749	0.0128713	0.0027701	0.0030896	0.0	0.0	0.0	0.0	0.0	0.0017794	0.0015	0.0178817	0.0092593	0.0019608	0.0045045	0.0016529	0.0324324	0.0097324	0.0184332	0.0020408	0.0	0.0018416	0.0	0.0	0.0	0.0	0.0	0.0	0.0	0.0	0.0	0.0	
Bécasseau de Temminck	0.0	0.0	0.0	0.0	0.0	0.0	0.0	0.0	0.0	0.0	0.0	0.0010549	0.0	0.0038217	0.0072464	0.027833	0.0374269	0.0178218	0.001385	0.0020597	0.0	0.0	0.0	0.0	0.0	0.0	0.0038685	0.002751	0.0	0.0137255	0.0022523	0.0015	0.0081081	0.0015	0.0046083	0.0	0.0	0.0	0.0	0.0	0.0	0.0	0.0	0.0	0.0	0.0	0.0	0.0	
Bécasseau sanderling	0.0	0.0	0.0	0.0	0.0	0.0	0.0	0.0	0.0	0.0	0.0	0.0	0.0	0.0	0.0	0.0029821	0.0070175	9.901E-4	0.001385	0.0	0.0	0.0	0.0	0.0	0.0	0.0	0.0	0.0	0.0	0.0	0.0	0.0	0.0	0.0024331	0.0015	0.0	0.0	0.0036832	0.0	0.0	0.0	0.0	0.0	0.0	0.0	0.0	0.0	0.0	
Bécasseau variable	0.0066313	0.0057637	0.0046296	0.0053405	0.0038095	0.0041841	0.0044843	0.0086957	0.0033898	0.0125673	0.0160256	0.0327004	0.0275862	0.0178344	0.026087	0.0159046	0.0187135	0.0059406	0.0027701	0.0	0.0	0.0	0.0	0.0	0.0	0.0	0.0	0.0055021	0.0074074	0.0352941	0.0157658	0.0033058	0.0135135	0.0194647	0.0253456	0.0244898	0.0166667	0.0239411	0.0240385	0.0090909	0.0263158	0.0235849	0.0027473	0.0092764	0.0028653	0.0023364	0.0080863	0.0075758	
Bécasseau violet	0.0	0.0	0.0	0.0	0.0	0.0	0.0	0.0	0.0	0.0	0.0	0.0	0.0013793	0.0	0.0	0.0	0.0	0.0	0.0	0.0	0.0	0.0	0.0	0.0	0.0	0.0	0.0	0.0	0.0	0.0	0.0	0.0	0.0	0.0	0.0	0.0	0.0	0.0	0.0	0.0	0.0	0.0	0.0	0.0	0.0	0.0	0.0	0.0	
Bécasseau minute	0.0	0.0	0.0	0.0	0.0	0.0	0.0	0.0	0.0	0.0	0.0016026	0.0010549	0.0027586	0.0025478	0.0086957	0.028827	0.0444444	0.0227723	0.0083102	0.0072091	0.0	0.0	0.0	0.0	0.0	0.0	0.0015	0.0041265	0.0222222	0.0196078	0.0202703	0.0082645	0.0297297	0.0194647	0.0253456	0.0102041	0.002381	0.0036832	0.0	0.0	0.0	0.0	0.0	0.0	0.0	0.0	0.0	0.0	
Bécasseau tacheté	0.0	0.0	0.0	0.0	0.0	0.0	0.0	0.0	0.0	0.0	0.0	0.0010549	0.0	0.0025478	0.0	0.0059642	0.0015	0.0049505	0.0	0.0	0.0	0.0	0.0	0.0	0.0	0.0	0.0	0.0	0.0	0.0	0.0	0.0	0.0	0.0	0.0	0.0	0.0	0.0	0.0	0.0	0.0	0.0	0.0	0.0	0.0	0.0	0.0	0.0	
Calidris sp. (petit bécasseau sp.)	0.0	0.0	0.0	0.0	0.0	0.0	0.0	0.0	0.0	0.0	0.0	0.0	0.0	0.0	0.0	0.0015	0.0	0.0	0.0	0.0	0.0	0.0	0.0	0.0	0.0	0.0	0.0	0.0013755	0.0018519	0.0	0.0	0.0	0.0	0.0	0.0	0.0	0.002381	0.0	0.0	0.0	0.0	0.0	0.0	0.0	0.0	0.0	0.0	0.0	
scolopacidé sp.	0.0	0.0	0.0	0.0	0.0	0.0	0.0	0.0	0.0	0.0	0.0	0.0	0.0	0.0	0.0	0.0	0.0	0.0	0.0	0.0	0.0	0.0	0.0	0.0013072	0.0	0.0	0.0	0.0	0.0	0.0	0.0	0.0	0.0	0.0	0.0	0.0	0.0	0.0	0.0	0.0	0.0	0.0	0.0	0.0	0.0	0.0	0.0	0.0	
Glaréole à collier	0.0	0.0	0.0	0.0	0.0	0.0	0.0	0.0	0.0	0.0	0.0	0.0	0.0013793	0.0012739	0.0028986	9.94E-4	0.0116959	0.0089109	0.001385	0.0015	0.0	0.0	0.0	0.0	0.0	0.0	0.0	0.0	0.0	0.0	0.0	0.0	0.0	0.0024331	0.0	0.0	0.0	0.0	0.0	0.0	0.0	0.0	0.0	0.0	0.0	0.0	0.0	0.0	
limicole sp.	0.0	0.0	0.0	0.0	0.0	0.0	0.0	0.0	0.0	0.0	0.0	0.0	0.0	0.0	0.0	0.0	0.0011696	0.0	0.0	0.0	0.0	0.0	0.0	0.0	0.0	0.0	0.0	0.0	0.0	0.0	0.0	0.0	0.0	0.0	0.0	0.0	0.0	0.0	0.0	0.0018182	0.0	0.0	0.0	0.0	0.0	0.0	0.0	0.0	
Labbe à longue queue	0.0	0.0	0.0	0.0	0.0	0.0	0.0	0.0	0.0	0.0	0.0	0.0	0.0	0.0	0.0	0.0	0.0	0.0	0.0	0.0	0.0	0.0	0.0	0.0	0.0	0.0	0.0	0.0	0.0	0.0	0.0	0.0015	0.0	0.0	0.0	0.0	0.0	0.0	0.0	0.0	0.0	0.0	0.0	0.0	0.0	0.0	0.0	0.0	
Mouette pygmée	0.0039788	0.0100865	0.0061728	0.0066756	0.0095238	0.0083682	0.0104634	0.0104348	0.0050847	0.0017953	0.0016026	0.0015	0.0013793	0.0015	0.0	0.0049702	0.0035088	0.0059406	0.0041551	0.0	0.0	0.0	0.0	0.0	0.0	0.0	0.0	0.0	0.0	0.0	0.0	0.0	0.0015	0.0	0.0	0.0040816	0.002381	0.0	0.0072115	0.0054545	0.0197368	0.004717	0.0054945	0.0185529	0.0057307	0.0023364	0.0026954	0.0106061	
Mouette de Sabine	0.0	0.0	0.0	0.0	0.0	0.0	0.0	0.0	0.0	0.0	0.0	0.0	0.0	0.0	0.0	0.0	0.0	0.0	0.0	0.0	0.0	0.0	0.0	0.0	0.0	0.0	0.0	0.0	0.0	0.0	0.0	0.0	0.0	0.0	0.0	0.0	0.0	0.0	0.0024038	0.0072727	0.002193	0.0015	0.0	0.0	0.0	0.0	0.0	0.0	
Goéland railleur	0.0	0.0	0.0	0.0	0.0	0.0	0.0	0.0	0.0	0.0	0.0	0.0	0.0	0.0	0.0	9.94E-4	0.0015	0.0	0.0	0.0	0.0	0.0	0.0	0.0	0.0	0.0	0.0	0.0	0.0	0.0	0.0	0.0	0.0	0.0	0.0	0.0	0.0	0.0	0.0	0.0	0.0	0.0	0.0	0.0	0.0	0.0	0.0	0.0	
Mouette rieuse	0.1777188	0.20317	0.191358	0.1481976	0.1657143	0.165272	0.1240658	0.1530435	0.1627119	0.1615799	0.1025641	0.085443	0.0717241	0.0687898	0.057971	0.0685885	0.051462	0.0475248	0.0401662	0.0267765	0.0329154	0.0139319	0.0236887	0.0313725	0.0873494	0.1067616	0.106383	0.1458047	0.1111111	0.0764706	0.0990991	0.0909091	0.1162162	0.1216545	0.156682	0.2	0.1738095	0.1178637	0.1514423	0.14	0.1447368	0.1391509	0.1428571	0.1465677	0.1948424	0.1471963	0.1859838	0.1757576	
Mouette mélanocéphale	0.0015	0.0014409	0.0015	0.0015	0.0015	0.0	0.0015	0.0015	0.0033898	0.0035907	0.0015	0.0015	0.0015	0.0012739	0.0	9.94E-4	0.0046784	9.901E-4	0.001385	0.0010299	0.0015674	0.001548	0.0	0.0013072	0.0045181	0.0177936	0.0077369	0.0068776	0.0055556	0.0015	0.0022523	0.0049587	0.0015	0.0121655	0.0092166	0.0102041	0.0071429	0.0055249	0.0024038	0.0054545	0.0	0.0023585	0.0027473	0.0018553	0.0015	0.0015	0.0026954	0.0015152	
Goéland cendré	0.0238727	0.0216138	0.0277778	0.0280374	0.0361905	0.0439331	0.0313901	0.0173913	0.0254237	0.021544	0.0016026	0.0015	0.0015	0.0	0.0	0.0	0.0	0.0	0.0	0.0	0.0	0.003096	0.0	0.0013072	0.001506	0.0	0.0019342	0.0015	0.0	0.0	0.0022523	0.0015	0.0027027	0.0	0.0	0.0	0.0047619	0.0	0.0	0.0	0.0	0.0	0.0054945	0.012987	0.008596	0.0140187	0.0269542	0.0121212	
Goéland pontique	0.0119363	0.0129683	0.0185185	0.0146862	0.0171429	0.0188285	0.0164425	0.0052174	0.0050847	0.0017953	0.0016026	0.0015	0.0015	0.0025478	0.0	0.0	0.0	0.0	0.0	0.0	0.0	0.0	0.0	0.0	0.0	0.0	0.0	0.0	0.0	0.0	0.0	0.0	0.0	0.0	0.0	0.0	0.0	0.0	0.0	0.0	0.0	0.0	0.0	0.0015	0.0057307	0.0140187	0.0161725	0.0060606	
Goéland argenté	0.0015	0.0043228	0.0015432	0.0026702	0.0038095	0.0062762	0.0015	0.0	0.0	0.0	0.0	0.0	0.0	0.0	0.0	0.0	0.0	0.0	0.0	0.0	0.0	0.0	0.0	0.0	0.0	0.0	0.0	0.0	0.0	0.0	0.0	0.0	0.0	0.0	0.0	0.0	0.0	0.0	0.0	0.0	0.0	0.0	0.0	0.0	0.0028653	0.0	0.0026954	0.0060606	
Goéland leucophée	0.2320955	0.2536023	0.2299383	0.2016021	0.2171429	0.2259414	0.1704036	0.1826087	0.2322034	0.2154399	0.2179487	0.2162447	0.1627586	0.1757962	0.1652174	0.1590457	0.148538	0.139604	0.1301939	0.1483007	0.1316614	0.1130031	0.1133672	0.1398693	0.1611446	0.1690391	0.1644101	0.1898212	0.1796296	0.1568627	0.1441441	0.1471074	0.1432432	0.1654501	0.2327189	0.2102041	0.2166667	0.1804788	0.1778846	0.2309091	0.2083333	0.1674528	0.2005495	0.1818182	0.243553	0.1845794	0.2614555	0.2318182	
Goéland brun	0.0132626	0.0244957	0.0231481	0.0173565	0.0266667	0.0209205	0.0179372	0.0069565	0.0186441	0.0125673	0.0064103	0.0031646	0.0041379	0.0127389	0.0028986	0.0039761	0.0011696	9.901E-4	0.0	0.0	0.0	0.0015	0.0	0.0013072	0.0	0.0017794	0.0015	0.0015	0.0018519	0.0015	0.0022523	0.0049587	0.0	0.0024331	0.0069124	0.0015	0.002381	0.0036832	0.0120192	0.0072727	0.0015	0.009434	0.0054945	0.0092764	0.0200573	0.0093458	0.0215633	0.0090909	
goéland sp. (Larus sp.)	0.0	0.0	0.0	0.0	0.0	0.0	0.0	0.0	0.0	0.0	0.0015	0.0	0.0	0.0	0.0	0.0	0.0	0.0	0.0	0.0	0.0	0.0	0.0	0.0	0.0	0.0015	0.0038685	0.002751	0.0	0.0	0.0	0.0	0.0	0.0	0.0	0.0	0.0	0.0	0.0	0.0	0.0	0.0	0.0	0.0	0.0	0.0	0.0	0.0	
goéland ou mouette sp.	0.0039788	0.0043228	0.0030864	0.0013351	0.0	0.0020921	0.0	0.0	0.0016949	0.005386	0.0096154	0.0010549	0.0041379	0.0025478	0.0014493	0.0019881	0.0011696	0.0	0.001385	0.0	0.0	0.001548	0.0033841	0.0052288	0.003012	0.0035587	0.0077369	0.0082531	0.0037037	0.0019608	0.0045045	0.0	0.0027027	0.0015	0.0	0.0020408	0.002381	0.0073665	0.0	0.0054545	0.0015	0.0	0.0027473	0.0018553	0.0	0.0	0.0	0.0015152	
Sterne naine	0.0	0.0	0.0	0.0	0.0	0.0	0.0	0.0	0.0	0.0	0.0	0.0	0.0	0.0	0.0	9.94E-4	0.0011696	0.0015	0.0	0.0010299	0.0015674	0.0	0.001692	0.0	0.001506	0.0017794	0.0	0.0068776	0.0055556	0.0078431	0.0	0.0	0.0	0.0	0.0	0.0	0.0	0.0	0.0	0.0	0.0	0.0	0.0	0.0	0.0	0.0	0.0	0.0	
Sterne hansel	0.0	0.0	0.0	0.0	0.0	0.0	0.0	0.0	0.0	0.0	0.0	0.0	0.0	0.0038217	0.0	0.0019881	0.0023392	0.0015	0.001385	0.0030896	0.0	0.0	0.0033841	0.0013072	0.0	0.0017794	0.0038685	0.0013755	0.0037037	0.0	0.0	0.0	0.0027027	0.0	0.0	0.0	0.0	0.0	0.0	0.0	0.0	0.0	0.0	0.0	0.0	0.0	0.0	0.0	
Sterne hansel ou S. à longues pattes	0.0	0.0	0.0	0.0	0.0	0.0	0.0	0.0	0.0	0.0	0.0	0.0	0.0	0.0	0.0	0.0	0.0015	0.0	0.0	0.0	0.0	0.0	0.0	0.0	0.0	0.0015	0.0	0.0	0.0	0.0	0.0	0.0	0.0	0.0	0.0	0.0	0.0	0.0	0.0	0.0	0.0	0.0	0.0	0.0	0.0	0.0	0.0	0.0	
Sterne caspienne	0.0	0.0	0.0	0.0	0.0	0.0	0.0	0.0	0.0	0.0	0.0	0.0	0.0013793	0.0012739	0.0015	0.0	0.0	0.0019802	0.0	0.0	0.0	0.0015	0.0	0.0026144	0.0	0.0	0.0	0.0	0.0	0.0	0.0	0.0016529	0.0	0.0	0.0046083	0.0	0.0	0.0	0.0	0.0	0.0	0.0	0.0	0.0	0.0	0.0	0.0	0.0	
Guifette moustac	0.0	0.0	0.0	0.0	0.0	0.0	0.0	0.0	0.0	0.0	0.0	0.0042194	0.0041379	0.0038217	0.0057971	0.0099404	0.0152047	0.019802	0.0083102	0.0061792	0.007837	0.001548	0.0033841	0.0039216	0.001506	0.0053381	0.0	0.0013755	0.0	0.0	0.0022523	0.0016529	0.0	0.0	0.0015	0.0	0.0	0.0	0.0	0.0	0.0	0.0	0.0	0.0	0.0	0.0	0.0	0.0	
Guifette noire	0.0	0.0	0.0	0.0	0.0	0.0	0.0	0.0	0.0	0.0	0.0	0.0	0.0	0.0050955	0.0086957	0.0407555	0.0631579	0.0653465	0.0373961	0.0185376	0.0125392	0.001548	0.0015	0.0052288	0.0120482	0.0124555	0.0019342	0.002751	0.0018519	0.0156863	0.0022523	0.0115702	0.0108108	0.0097324	0.0069124	0.0020408	0.002381	0.0018416	0.0	0.0	0.0	0.0	0.0	0.0	0.0	0.0	0.0	0.0	
Guifette leucoptère	0.0	0.0	0.0	0.0	0.0	0.0	0.0	0.0	0.0	0.0	0.0	0.0	0.0	0.0	0.0	9.94E-4	0.0222222	0.0158416	0.0055402	0.0020597	0.0	0.0	0.0	0.0	0.0	0.0	0.0	0.0	0.0	0.0	0.0	0.0	0.0	0.0	0.0	0.0015	0.0	0.0	0.0	0.0	0.0	0.0	0.0	0.0	0.0	0.0	0.0	0.0	
Sterne pierregarin	0.0	0.0	0.0	0.0	0.0	0.0	0.0	0.0	0.0	0.0	0.0	0.0010549	0.0510345	0.0866242	0.1304348	0.1550696	0.1321637	0.0841584	0.0761773	0.0782698	0.0689655	0.0479876	0.0558376	0.0640523	0.0481928	0.0409253	0.0309478	0.0371389	0.0185185	0.0156863	0.0112613	0.0033058	0.0015	0.0015	0.0015	0.0	0.0	0.0	0.0	0.0	0.0	0.0	0.0	0.0	0.0	0.0	0.0	0.0	
Sterne caugek	0.0	0.0	0.0	0.0	0.0	0.0	0.0	0.0	0.0	0.0	0.0	0.0	0.0	0.0	0.0028986	0.0	0.0	0.0	0.0	0.0	0.0	0.0	0.0	0.0	0.0	0.0	0.0	0.0	0.0	0.0	0.0	0.0	0.0	0.0	0.0	0.0	0.0	0.0	0.0	0.0	0.0	0.0	0.0	0.0	0.0	0.0	0.0	0.0	
sterne sp.	0.0	0.0	0.0	0.0	0.0	0.0	0.0	0.0	0.0	0.0	0.0	0.0	0.0	0.0	0.0	0.0	0.0	0.0	0.0	0.0015	0.0	0.0	0.0	0.0	0.0	0.0	0.0	0.0	0.0	0.0019608	0.0022523	0.0	0.0	0.0	0.0	0.0	0.0	0.0	0.0	0.0018182	0.0	0.0	0.0	0.0	0.0	0.0	0.0	0.0	
Flamant rose	0.0	0.0	0.0	0.0	0.0	0.0	0.0	0.0	0.0	0.0015	0.0	0.0	0.0	0.0	0.0	0.0029821	0.0035088	0.0	0.0	0.0	0.0	0.0	0.0	0.0	0.0	0.0	0.0	0.0	0.0018519	0.0	0.0022523	0.0	0.0	0.0048662	0.0046083	0.0	0.0	0.0	0.0	0.0	0.0	0.0	0.0	0.0	0.0	0.0	0.0	0.0	
Grèbe castagneux	0.1538462	0.1945245	0.1496914	0.1388518	0.1619048	0.167364	0.1390135	0.1721739	0.179661	0.1597846	0.1394231	0.1624473	0.142069	0.1528662	0.1710145	0.1252485	0.1111111	0.0940594	0.0969529	0.07724	0.0815047	0.0804954	0.0642978	0.0666667	0.0813253	0.1245552	0.1083172	0.1196699	0.1444444	0.1568627	0.1463964	0.1487603	0.1648649	0.1459854	0.1728111	0.1836735	0.2047619	0.1675875	0.1586538	0.1690909	0.1776316	0.1981132	0.1593407	0.1651206	0.1862464	0.1565421	0.1725067	0.1666667	
Grèbe esclavon	0.0079576	0.0216138	0.0169753	0.0146862	0.0095238	0.0041841	0.0029895	0.0052174	0.0101695	0.0089767	0.0064103	0.0021097	0.0	0.0015	0.0	0.0	0.0	0.0	0.0	0.0	0.0	0.0	0.0	0.0	0.0	0.0	0.0	0.0	0.0	0.0	0.0	0.0	0.0	0.0	0.0	0.0	0.0	0.0	0.0	0.0	0.0	0.0	0.0	0.0	0.0229226	0.0046729	0.0215633	0.019697	
Grèbe jougris	0.0291777	0.0201729	0.0339506	0.0320427	0.0114286	0.0083682	0.0044843	0.0069565	0.0084746	0.0125673	0.0080128	0.0031646	0.0013793	0.0025478	0.0	0.0015	0.0	0.0	0.0	0.0	0.0	0.0	0.0	0.0013072	0.0	0.0	0.0	0.0	0.0015	0.0019608	0.0	0.0	0.0	0.0015	0.0015	0.0	0.002381	0.0036832	0.0	0.0036364	0.004386	0.004717	0.0027473	0.0185529	0.0200573	0.0163551	0.0296496	0.030303	
Grèbe huppé	0.198939	0.1988473	0.212963	0.1775701	0.1866667	0.2112971	0.180867	0.2191304	0.2576271	0.2226212	0.2339744	0.2014768	0.1862069	0.188535	0.1826087	0.1620278	0.128655	0.1376238	0.1301939	0.1503605	0.1394984	0.1130031	0.0896785	0.1045752	0.1084337	0.1227758	0.1179884	0.130674	0.1555556	0.1352941	0.1306306	0.1520661	0.1891892	0.1289538	0.1889401	0.2183673	0.1738095	0.160221	0.1514423	0.1854545	0.1776316	0.1910377	0.1758242	0.1836735	0.2120344	0.1915888	0.2237197	0.230303	
Grèbe à cou noir	0.0583554	0.056196	0.0540123	0.0520694	0.0247619	0.0146444	0.0164425	0.0278261	0.0220339	0.02693	0.0128205	0.0042194	0.0027586	0.0038217	0.0014493	9.94E-4	0.0011696	0.0	0.0	0.0	0.0	0.0015	0.0	0.0	0.0	0.0	0.0	0.0	0.0055556	0.0078431	0.0045045	0.0033058	0.0054054	0.0072993	0.016129	0.0204082	0.0333333	0.0294659	0.0144231	0.0145455	0.0285088	0.0212264	0.0164835	0.0333952	0.0401146	0.0280374	0.0539084	0.0666667	
Podiceps sp.	0.0013263	0.0	0.0	0.0	0.0	0.0	0.0	0.0	0.0	0.0	0.0	0.0	0.0	0.0	0.0	0.0	0.0	0.0	0.0	0.0	0.0	0.0	0.0	0.0	0.0	0.0	0.0	0.0	0.0	0.0	0.0	0.0	0.0	0.0	0.0	0.0	0.0	0.0	0.0	0.0	0.0	0.0	0.0	0.0	0.0	0.0	0.0	0.0	
grèbe sp.	0.0	0.0014409	0.0	0.0	0.0	0.0	0.0	0.0	0.0	0.0	0.0	0.0	0.0	0.0	0.0	0.0	0.0	0.0	0.0	0.0	0.0	0.0	0.0	0.0	0.0	0.0	0.0	0.0	0.0	0.0	0.0	0.0	0.0	0.0	0.0	0.0	0.0	0.0	0.0	0.0	0.0	0.0	0.0	0.0	0.0	0.0	0.0	0.0	
Plongeon catmarin	0.0026525	0.0028818	0.0015432	0.0015	0.0019048	0.0015	0.0015	0.0	0.0	0.0	0.0	0.0	0.0	0.0	0.0	0.0	0.0	0.0	0.0	0.0	0.0	0.0	0.0	0.0	0.0	0.0	0.0	0.0	0.0	0.0	0.0	0.0	0.0	0.0	0.0	0.0	0.0	0.0	0.0	0.0	0.002193	0.0023585	0.0015	0.0037106	0.0	0.0046729	0.0015	0.0	
Plongeon arctique	0.0106101	0.0115274	0.0154321	0.0040053	0.0	0.0020921	0.0029895	0.0	0.0	0.0	0.0	0.0	0.0	0.0	0.0	0.0	0.0	0.0	0.0	0.0	0.0	0.0	0.0	0.0	0.0	0.0	0.0	0.0	0.0	0.0	0.0	0.0	0.0	0.0	0.0	0.0	0.0	0.0	0.0	0.0	0.0015	0.0015	0.0054945	0.0148423	0.0057307	0.0046729	0.0215633	0.0181818	
Plongeon imbrin	0.0	0.0	0.0	0.0	0.0	0.0	0.0015	0.0	0.0	0.0017953	0.0	0.0	0.0	0.0	0.0	0.0	0.0	0.0	0.0	0.0	0.0	0.0	0.0	0.0	0.0	0.0	0.0	0.0	0.0	0.0	0.0	0.0	0.0	0.0	0.0	0.0	0.0	0.0	0.0	0.0	0.0	0.0	0.0	0.0	0.0	0.0	0.0	0.0015	
plongeon sp.	0.0	0.0	0.0	0.0	0.0	0.0	0.0	0.0	0.0	0.0	0.0	0.0	0.0	0.0	0.0	0.0	0.0	0.0	0.0	0.0	0.0	0.0	0.0	0.0	0.0	0.0	0.0	0.0	0.0	0.0	0.0	0.0	0.0	0.0	0.0	0.0	0.0	0.0	0.0	0.0	0.0	0.0	0.0	0.0018553	0.0	0.0	0.0	0.0	
Cigogne noire	0.005305	0.0028818	0.0046296	0.0040053	0.0152381	0.0062762	0.0014948	0.0034783	0.0016949	0.0017953	0.0080128	0.007384	0.0041379	0.0025478	0.0057971	0.0079523	0.0035088	0.0029703	0.0027701	0.0015	0.0031348	0.001548	0.001692	0.0015	0.001506	0.0035587	0.0019342	0.0041265	0.0074074	0.0039216	0.0067568	0.0264463	0.0108108	0.0072993	0.0092166	0.0183673	0.0095238	0.0165746	0.0168269	0.0090909	0.0	0.0117925	0.0054945	0.0074212	0.0015	0.0093458	0.0107817	0.0060606	
Cigogne d'Abdim	0.0	0.0	0.0	0.0	0.0	0.0	0.0	0.0	0.0	0.0	0.0	0.0	0.0	0.0	0.0	0.0	0.0	0.0	0.0	0.0	0.0	0.0	0.0	0.0	0.0	0.0	0.0	0.0	0.0018519	0.0	0.0022523	0.0015	0.0	0.0024331	0.0	0.0	0.0	0.0018416	0.0	0.0	0.0	0.0	0.0	0.0	0.0	0.0	0.0	0.0	
Cigogne blanche	0.0543767	0.0244957	0.0200617	0.0200267	0.0285714	0.0251046	0.038864	0.0365217	0.0694915	0.05386	0.0817308	0.0664557	0.0496552	0.044586	0.057971	0.0636183	0.0631579	0.0485149	0.0706371	0.0401648	0.0407524	0.0433437	0.0321489	0.048366	0.0512048	0.0551601	0.0483559	0.0522696	0.0796296	0.0784314	0.0675676	0.0578512	0.0540541	0.0413625	0.0368664	0.0387755	0.0190476	0.0441989	0.0528846	0.0345455	0.0416667	0.0471698	0.0467033	0.0575139	0.0458453	0.0514019	0.0485175	0.0409091	
Cormoran pygmée	0.0212202	0.0302594	0.0216049	0.0307076	0.0304762	0.0376569	0.0478326	0.0434783	0.0322034	0.05386	0.0849359	0.0822785	0.0786207	0.056051	0.0681159	0.0805169	0.0631579	0.0584158	0.0304709	0.0257467	0.0344828	0.006192	0.0135364	0.020915	0.0466867	0.0320285	0.0174081	0.0536451	0.0203704	0.0137255	0.027027	0.0512397	0.0486486	0.0754258	0.0322581	0.0367347	0.0571429	0.0276243	0.0192308	0.0436364	0.0263158	0.0259434	0.0302198	0.0296846	0.0229226	0.0257009	0.0242588	0.0257576	
Grand Cormoran	0.3408488	0.3991354	0.3950617	0.3391188	0.3314286	0.374477	0.2944694	0.3478261	0.3864407	0.3985637	0.3573718	0.3554852	0.3117241	0.322293	0.2898551	0.2813121	0.2549708	0.2326733	0.2451524	0.2131823	0.1865204	0.1656347	0.1573604	0.1751634	0.2123494	0.2188612	0.205029	0.2365887	0.2407407	0.2294118	0.2117117	0.2247934	0.2675676	0.2457421	0.2834101	0.3387755	0.3357143	0.2744015	0.2980769	0.3545455	0.3508772	0.3443396	0.3324176	0.3487941	0.3724928	0.364486	0.3854447	0.4015152	
Ibis rouge	0.0	0.0	0.0	0.0	0.0	0.0	0.0	0.0	0.0	0.0	0.0	0.0	0.0	0.0	0.0	0.0	0.0015	0.0	0.001385	0.0	0.0	0.0	0.0	0.0	0.0	0.0	0.0	0.0	0.0	0.0	0.0	0.0	0.0015	0.0024331	0.0	0.0	0.0	0.0	0.0	0.0	0.0	0.0	0.0	0.0	0.0	0.0	0.0	0.0	
Ibis falcinelle	0.0013263	0.0014409	0.0015432	0.0	0.0019048	0.0015	0.0059791	0.0015	0.0033898	0.0015	0.0048077	0.028481	0.017931	0.0242038	0.0246377	0.05666	0.0385965	0.0405941	0.0360111	0.0092688	0.0094044	0.006192	0.0033841	0.0104575	0.0120482	0.0231317	0.0077369	0.0220083	0.0203704	0.0058824	0.0135135	0.0066116	0.0027027	0.0048662	0.0023041	0.0020408	0.0015	0.0	0.0	0.0	0.0	0.0	0.0	0.0	0.0	0.0023364	0.0026954	0.0	
Ibis sacré	0.0875332	0.074928	0.0632716	0.0801068	0.0685714	0.0690377	0.0971599	0.0626087	0.0728814	0.0951526	0.1538462	0.1635021	0.1793103	0.1566879	0.1478261	0.166998	0.1859649	0.1465347	0.098338	0.0648816	0.0501567	0.0232198	0.0338409	0.0366013	0.060241	0.0533808	0.0309478	0.0756534	0.0648148	0.0588235	0.0540541	0.0876033	0.0621622	0.0948905	0.0460829	0.0653061	0.0952381	0.0718232	0.0865385	0.0854545	0.0592105	0.0424528	0.0686813	0.0890538	0.0716332	0.1004673	0.0673854	0.0818182	
Ibis chauve	0.0	0.0015	0.0	0.0013351	0.0	0.0015	0.0	0.0	0.0033898	0.0017953	0.0	0.0015	0.0015	0.0012739	0.0014493	0.0019881	0.0015	9.901E-4	0.0015	0.0	0.0015	0.0	0.0	0.0	0.001506	0.0015	0.0	0.0013755	0.0	0.0015	0.0022523	0.0016529	0.0	0.0024331	0.0023041	0.0	0.0	0.0018416	0.0015	0.0	0.0	0.0	0.0015	0.0018553	0.0028653	0.0	0.0	0.0030303	
Spatule blanche	0.0	0.0	0.0	0.0	0.0015	0.0015	0.0015	0.0015	0.0015	0.0	0.0	0.0094937	0.0068966	0.0063694	0.0057971	0.0059642	0.0233918	0.0059406	0.0138504	0.0030896	0.0015674	0.003096	0.001692	0.0015	0.0060241	0.0	0.0019342	0.0055021	0.0018519	0.0019608	0.0022523	0.0016529	0.0081081	0.0015	0.0015	0.0040816	0.0	0.0	0.0048077	0.0015	0.0	0.0	0.0	0.0	0.0	0.0	0.0	0.0	
Butor étoilé	0.0092838	0.0086455	0.0108025	0.0066756	0.0114286	0.0041841	0.0119581	0.0052174	0.0067797	0.005386	0.0096154	0.0253165	0.0248276	0.0343949	0.026087	0.0427435	0.0444444	0.0257426	0.0152355	0.0082389	0.0031348	0.003096	0.0033841	0.0039216	0.0060241	0.0053381	0.0019342	0.0041265	0.0	0.0015	0.0045045	0.0033058	0.0015	0.0048662	0.0	0.0020408	0.002381	0.0015	0.0048077	0.0054545	0.002193	0.004717	0.0027473	0.0111317	0.0057307	0.0093458	0.0188679	0.0090909	
Blongios nain	0.0	0.0	0.0	0.0	0.0	0.0	0.0	0.0	0.0	0.0	0.0	0.0	0.0013793	0.0050955	0.0057971	0.0099404	0.019883	0.0207921	0.0263158	0.0267765	0.0376176	0.0263158	0.0304569	0.0248366	0.0331325	0.019573	0.0154739	0.0178817	0.0111111	0.0117647	0.0045045	0.0099174	0.0015	0.0048662	0.0023041	0.0	0.0	0.0	0.0	0.0	0.0	0.0	0.0	0.0	0.0	0.0	0.0	0.0	
Bihoreau gris	0.0039788	0.0015	0.0015	0.0026702	0.0015	0.0020921	0.0014948	0.0015	0.0015	0.010772	0.0224359	0.0601266	0.0855172	0.0942675	0.1014493	0.140159	0.1625731	0.1544554	0.1163435	0.0988671	0.0815047	0.0804954	0.0862944	0.0771242	0.0963855	0.1120996	0.073501	0.1127923	0.0962963	0.0921569	0.0765766	0.0892562	0.0810811	0.0559611	0.0368664	0.0489796	0.0261905	0.0092081	0.0048077	0.0072727	0.0065789	0.004717	0.0027473	0.0018553	0.0057307	0.0023364	0.0107817	0.0106061	
Aigrette garzette	0.0623342	0.074928	0.0493827	0.0493992	0.0342857	0.0606695	0.064275	0.0608696	0.0711864	0.0915619	0.1089744	0.1603376	0.1737931	0.1910828	0.2086957	0.2425447	0.2233918	0.2178218	0.2049861	0.1658084	0.1269592	0.122291	0.1285956	0.1359477	0.1822289	0.2224199	0.205029	0.2778542	0.2555556	0.2490196	0.25	0.2727273	0.2432432	0.2481752	0.2281106	0.2020408	0.1333333	0.1141805	0.1177885	0.0945455	0.0899123	0.0731132	0.0714286	0.0649351	0.0659026	0.0654206	0.0539084	0.069697	
Aigrette des récifs	0.0	0.0015	0.0	0.0	0.0	0.0	0.0014948	0.0	0.0	0.0	0.0	0.0	0.0	0.0	0.0	0.0	0.0	0.0	0.0	0.0	0.0	0.0	0.0	0.0	0.0	0.0	0.0	0.0	0.0	0.0	0.0	0.0	0.0	0.0	0.0	0.0	0.0015	0.0	0.0	0.0	0.0	0.0	0.0	0.0	0.0	0.0	0.0	0.0	
Hybride Aigrette garzette x A. des récifs	0.0	0.0	0.0015432	0.0	0.0019048	0.0	0.0014948	0.0	0.0	0.0017953	0.0	0.0	0.0	0.0	0.0	0.0	0.0	9.901E-4	0.001385	0.0	0.0	0.0015	0.0	0.0	0.001506	0.0015	0.0	0.0013755	0.0	0.0	0.0	0.0033058	0.0015	0.0	0.0023041	0.0040816	0.002381	0.0018416	0.0024038	0.0018182	0.002193	0.0015	0.0	0.0018553	0.0028653	0.0	0.0	0.0	
Aigrette garzette ou A. des récifs	0.0	0.0	0.0	0.0	0.0	0.0	0.0	0.0	0.0	0.0	0.0	0.0	0.0	0.0	0.0	0.0	0.0	0.0	0.0	0.0	0.0015674	0.0	0.0	0.0	0.0	0.0	0.0	0.0	0.0	0.0	0.0022523	0.0	0.0	0.0	0.0	0.0	0.002381	0.0	0.0	0.0	0.0	0.0	0.0	0.0	0.0028653	0.0	0.0	0.0	
Crabier chevelu	0.0	0.0	0.0	0.0	0.0	0.0	0.0	0.0	0.0	0.0	0.0	0.0	0.0013793	0.0152866	0.0347826	0.0725646	0.071345	0.0564356	0.033241	0.0216272	0.0250784	0.0108359	0.0101523	0.0104575	0.0180723	0.0231317	0.0096712	0.0343879	0.0148148	0.0137255	0.027027	0.0413223	0.0243243	0.0389294	0.0207373	0.0061224	0.0	0.0036832	0.0	0.0	0.0	0.0	0.0	0.0	0.0	0.0	0.0	0.0	
Héron garde-boeufs	0.0822281	0.0965418	0.0601852	0.0761015	0.0457143	0.0481172	0.0478326	0.0295652	0.0372881	0.0466786	0.1121795	0.1371308	0.1544828	0.1643312	0.1913043	0.2166998	0.2093567	0.1831683	0.1578947	0.1338826	0.1144201	0.0928793	0.0862944	0.0993464	0.126506	0.1512456	0.106383	0.1664374	0.1444444	0.1686275	0.1599099	0.1669421	0.1	0.0997567	0.0921659	0.0673469	0.0833333	0.0718232	0.0817308	0.0927273	0.0679825	0.0448113	0.0851648	0.0723562	0.0573066	0.0700935	0.083558	0.0954545	
Grande Aigrette	0.2480106	0.2809798	0.2376543	0.212283	0.2266667	0.2133891	0.2137519	0.1982609	0.2169492	0.2046679	0.2147436	0.1845992	0.1337931	0.1273885	0.1086957	0.1083499	0.071345	0.0693069	0.0623269	0.038105	0.0344828	0.0278638	0.0423012	0.0614379	0.061747	0.0960854	0.0638298	0.1100413	0.1037037	0.1156863	0.1171171	0.1272727	0.1567568	0.1800487	0.1543779	0.1673469	0.1904762	0.1731123	0.1923077	0.2	0.2324561	0.245283	0.2664835	0.2801484	0.2492837	0.2476636	0.2803235	0.2666667	
Héron cendré	0.3580902	0.389049	0.3348765	0.3110814	0.312381	0.2866109	0.2571001	0.3095652	0.3355932	0.3159785	0.3605769	0.3523207	0.3517241	0.3388535	0.3275362	0.3290258	0.3134503	0.290099	0.2797784	0.2193615	0.2147335	0.1749226	0.1658206	0.1830065	0.2409639	0.2491103	0.2572534	0.3163686	0.3296296	0.3137255	0.3130631	0.3239669	0.3405405	0.3187348	0.3294931	0.3285714	0.3785714	0.335175	0.3653846	0.3981818	0.3881579	0.384434	0.3818681	0.3914657	0.3896848	0.3831776	0.4097035	0.3818182	
Héron pourpré	0.0	0.0	0.0	0.0	0.0	0.0	0.0	0.0	0.0	0.0	0.0032051	0.0200422	0.0537931	0.0675159	0.0884058	0.110338	0.0853801	0.0594059	0.0498615	0.0370752	0.0344828	0.0185759	0.0287648	0.0156863	0.0346386	0.0320285	0.0309478	0.0467675	0.0222222	0.0176471	0.045045	0.0363636	0.0432432	0.0462287	0.016129	0.0061224	0.0047619	0.0036832	0.0	0.0018182	0.0	0.0023585	0.0015	0.0018553	0.0	0.0	0.0	0.0	
aigrette ou héron blanc sp.	0.0	0.0	0.0	0.0	0.0	0.0	0.0	0.0	0.0	0.0	0.0	0.0	0.0	0.0	0.0	0.0	0.0	0.0	0.0	0.0	0.0	0.0	0.0	0.0	0.0015	0.0	0.0	0.0	0.0	0.0	0.0	0.0	0.0	0.0	0.0	0.0	0.0	0.0	0.0	0.0	0.0	0.0	0.0	0.0	0.0	0.0	0.0	0.0	
Pélican frisé	0.0	0.0	0.0	0.0	0.0	0.0	0.0	0.0	0.0	0.0	0.0	0.0	0.0	0.0	0.0	0.0	0.0	0.0	0.0	0.0	0.0	0.0	0.0	0.0	0.0	0.0	0.0	0.0	0.0	0.0	0.0	0.0	0.0	0.0	0.0	0.0	0.0	0.0	0.0	0.0	0.0	0.0	0.0	0.0	0.0	0.0	0.0	0.0	
Balbuzard pêcheur	0.0	0.0	0.0	0.0	0.0	0.0	0.0	0.0	0.0	0.0015	0.0015	0.0052743	0.0041379	0.0015	0.0028986	0.0069583	0.0011696	9.901E-4	0.0015	0.0	0.0015674	0.0	0.0015	0.0	0.0	0.0017794	0.0	0.0015	0.0	0.0019608	0.0022523	0.0049587	0.0054054	0.0097324	0.0046083	0.0040816	0.0071429	0.0036832	0.0	0.0015	0.002193	0.0023585	0.0	0.0015	0.0	0.0	0.0	0.0	
Élanion blanc	0.0106101	0.0043228	0.0030864	0.0080107	0.0114286	0.0062762	0.0104634	0.0017391	0.0033898	0.0	0.0	0.0010549	0.0027586	0.0	0.0014493	9.94E-4	0.0035088	0.0039604	0.001385	0.0010299	0.0	0.0015	0.0	0.0	0.0	0.0	0.0	0.0	0.0	0.0015	0.0022523	0.0082645	0.0027027	0.0048662	0.0138249	0.0020408	0.0047619	0.0073665	0.0024038	0.0018182	0.004386	0.004717	0.0027473	0.0015	0.0028653	0.0116822	0.0161725	0.0045455	
Gypaète barbu	0.0106101	0.0028818	0.0030864	0.0013351	0.007619	0.0020921	0.0104634	0.0052174	0.0016949	0.0035907	0.0064103	0.0021097	0.0055172	0.0025478	0.0014493	0.0029821	0.0023392	9.901E-4	0.0110803	0.0082389	0.0047022	0.0092879	0.0135364	0.0065359	0.0120482	0.0231317	0.0174081	0.0151307	0.0037037	0.0058824	0.009009	0.0115702	0.0054054	0.0097324	0.0023041	0.0040816	0.0047619	0.0202578	0.0072115	0.0036364	0.0065789	0.0023585	0.0054945	0.0055659	0.0057307	0.0023364	0.0053908	0.0030303	
Bondrée apivore	0.0	0.0	0.0	0.0	0.0	0.0	0.0	0.0	0.0	0.0	0.0	0.0	0.0	0.0	0.0	0.0015	0.0269006	0.0405941	0.0540166	0.0659114	0.0752351	0.0433437	0.0473773	0.0352941	0.0346386	0.0604982	0.0425532	0.0729023	0.1111111	0.1372549	0.1486486	0.1719008	0.127027	0.026764	0.0115207	0.0163265	0.0015	0.0018416	0.0	0.0	0.0	0.0	0.0	0.0	0.0	0.0	0.0	0.0	
Vautour moine	0.0	0.0	0.0	0.0	0.0	0.0	0.0	0.0	0.0	0.0	0.0	0.0	0.0	0.0	0.0015	0.0	0.0	0.0	0.0	0.0	0.0	0.0015	0.0015	0.0013072	0.0045181	0.0035587	0.0038685	0.0041265	0.0018519	0.0019608	0.0	0.0016529	0.0	0.0	0.0	0.0020408	0.0047619	0.0	0.0	0.0015	0.0	0.0	0.0	0.0	0.0	0.0	0.0	0.0	
Vautour fauve	0.0	0.0	0.0	0.0	0.0015	0.0	0.0	0.0	0.0016949	0.0	0.0	0.0	0.0013793	0.0012739	0.0	0.0	0.0011696	0.0029703	0.0041551	0.0041195	0.0172414	0.0170279	0.0304569	0.0248366	0.0361446	0.0409253	0.0386847	0.0467675	0.0648148	0.0843137	0.0518018	0.0710744	0.0405405	0.0316302	0.0230415	0.0142857	0.0238095	0.0331492	0.0024038	0.0015	0.004386	0.0070755	0.0054945	0.0018553	0.0	0.0	0.0	0.0	
Circaète Jean-le-Blanc	0.0	0.0	0.0	0.0	0.0	0.0	0.0	0.0015	0.0	0.0035907	0.0192308	0.0200422	0.0193103	0.0165605	0.0318841	0.0298211	0.0385965	0.0207921	0.0429363	0.0267765	0.031348	0.0340557	0.0456853	0.0287582	0.0481928	0.0587189	0.0386847	0.0316369	0.0444444	0.0705882	0.0923423	0.1090909	0.0837838	0.0486618	0.0253456	0.0285714	0.0142857	0.0018416	0.0015	0.0054545	0.0	0.0	0.0	0.0	0.0	0.0	0.0	0.0	
Aigle pomarin	0.0	0.0	0.0	0.0	0.0	0.0	0.0	0.0	0.0	0.0	0.0	0.0	0.0	0.0	0.0	0.0	0.0	0.0	0.0	0.0	0.0	0.0	0.0	0.0	0.0	0.0035587	0.0	0.002751	0.0074074	0.0137255	0.0	0.0	0.0	0.0	0.0	0.0	0.0071429	0.0	0.0	0.0	0.0	0.0	0.0	0.0	0.0	0.0	0.0	0.0	
Aigle criard	0.0	0.0	0.0	0.0	0.0	0.0	0.0	0.0015	0.0	0.0	0.0016026	0.0010549	0.0	0.0	0.0	0.0	0.0	0.0	0.0	0.0	0.0	0.0	0.0	0.0	0.0	0.0	0.0	0.0	0.0	0.0	0.0	0.0	0.0	0.0	0.0	0.0	0.0	0.0	0.0	0.0	0.004386	0.0	0.0027473	0.0	0.0	0.0	0.0	0.0	
Aigle pomarin ou A. criard	0.0	0.0	0.0	0.0	0.0	0.0	0.0	0.0	0.0	0.0	0.0015	0.0	0.0015	0.0	0.0	0.0	0.0	0.0	0.0	0.0	0.0	0.0	0.0	0.0	0.0	0.0	0.0	0.0	0.0	0.0	0.0	0.0	0.0	0.0	0.0	0.0	0.0	0.0	0.0	0.0	0.0	0.0	0.0	0.0	0.0	0.0	0.0	0.0	
Aigle botté	0.0013263	0.0	0.0	0.0013351	0.0015	0.0020921	0.0	0.0	0.0	0.0017953	0.0032051	0.0	0.0013793	0.0	0.0015	0.0	0.0023392	0.0	0.0	0.0	0.0	0.0	0.0	0.0	0.0	0.0	0.0	0.0013755	0.0	0.0015	0.0	0.0	0.0	0.0	0.0023041	0.0	0.0015	0.0	0.0072115	0.0090909	0.004386	0.0	0.0082418	0.0	0.0028653	0.0023364	0.0	0.0015152	
Aigle impérial	0.0	0.0	0.0	0.0	0.0	0.0	0.0	0.0	0.0	0.0	0.0	0.0	0.0	0.0	0.0	0.0	0.0	0.0	0.0	0.0	0.0	0.0	0.0	0.0	0.0	0.0	0.0	0.0	0.0	0.0	0.0	0.0	0.0	0.0	0.0	0.0	0.002381	0.0	0.0	0.0	0.0	0.0	0.0	0.0	0.0	0.0	0.0	0.0	
Aigle royal	0.0212202	0.0043228	0.0061728	0.0133511	0.0209524	0.0230126	0.0239163	0.013913	0.0152542	0.0233393	0.0192308	0.0063291	0.0248276	0.0165605	0.0130435	0.0049702	0.0128655	0.0237624	0.0457064	0.0267765	0.0250784	0.0263158	0.0473773	0.0313725	0.0481928	0.0498221	0.0464217	0.0508941	0.087037	0.0843137	0.0720721	0.107438	0.0756757	0.0364964	0.0299539	0.0326531	0.0357143	0.0589319	0.0384615	0.0363636	0.0175439	0.0283019	0.0164835	0.0204082	0.0229226	0.0186916	0.0080863	0.0166667	
Épervier d'Europe	0.0729443	0.0648415	0.066358	0.058745	0.0552381	0.039749	0.0657698	0.0434783	0.0779661	0.0610413	0.0833333	0.0675105	0.0565517	0.0458599	0.0492754	0.0497018	0.0385965	0.0227723	0.033241	0.0288363	0.0297806	0.0247678	0.0152284	0.0248366	0.0271084	0.0391459	0.0309478	0.042641	0.0703704	0.0764706	0.0945946	0.1190083	0.1135135	0.0924574	0.062212	0.0673469	0.102381	0.0939227	0.0985577	0.1127273	0.0964912	0.0660377	0.0989011	0.1020408	0.1031519	0.0794393	0.0916442	0.0742424	
Autour des palombes	0.0331565	0.0345821	0.0308642	0.0333778	0.0380952	0.041841	0.0418535	0.0469565	0.0457627	0.0394973	0.036859	0.028481	0.0206897	0.0318471	0.0231884	0.0178926	0.0140351	0.009901	0.0124654	0.0061792	0.0109718	0.003096	0.0033841	0.0052288	0.001506	0.0106762	0.0058027	0.0151307	0.0240741	0.0254902	0.0225225	0.0429752	0.0243243	0.0170316	0.0253456	0.0326531	0.0309524	0.038674	0.0625	0.0527273	0.0504386	0.0518868	0.0521978	0.0519481	0.0544413	0.0537383	0.0592992	0.030303	
Épervier d'Europe ou Autour des palombes	0.0015	0.0	0.0	0.0015	0.0	0.0	0.0	0.0	0.0	0.0015	0.0	0.0010549	0.0	0.0	0.0	0.0	0.0	0.0015	0.0	0.0	0.0	0.0	0.0	0.0	0.0	0.0015	0.0	0.0	0.0	0.0	0.0	0.0	0.0	0.0	0.0	0.0	0.0	0.0	0.0	0.0015	0.0	0.0	0.0	0.0015	0.0	0.0	0.0	0.0015	
Aerospiza, Tachyspiza, Accipiter ou Astur sp.	0.0	0.0	0.0015	0.0	0.0	0.0015	0.0014948	0.0	0.0	0.0	0.0016026	0.0010549	0.0015	0.0012739	0.0015	0.0	0.0015	9.901E-4	0.0	0.0	0.0	0.0	0.0	0.0	0.0	0.0035587	0.0	0.0013755	0.0018519	0.0	0.0045045	0.0082645	0.0081081	0.0024331	0.0015	0.0	0.002381	0.0055249	0.0	0.0	0.0	0.0	0.0027473	0.0	0.0	0.0015	0.0026954	0.0030303	
Busard des roseaux	0.0106101	0.0201729	0.0108025	0.0066756	0.0171429	0.0146444	0.0164425	0.013913	0.020339	0.0287253	0.0592949	0.1033755	0.0993103	0.0993631	0.1028986	0.1083499	0.1298246	0.0782178	0.0609418	0.0257467	0.015674	0.0092879	0.0152284	0.0078431	0.0225904	0.0266904	0.0058027	0.0233838	0.0314815	0.0392157	0.0608108	0.1256198	0.0756757	0.1192214	0.0806452	0.0959184	0.05	0.0313076	0.0480769	0.0454545	0.0504386	0.0306604	0.0192308	0.0241187	0.0200573	0.0070093	0.0134771	0.0212121	
Busard Saint-Martin	0.0225464	0.0172911	0.0216049	0.0173565	0.0304762	0.0209205	0.0209268	0.0086957	0.0186441	0.0179533	0.025641	0.0179325	0.0068966	0.0012739	0.0043478	0.0029821	0.0023392	0.0	0.0	0.0	0.0	0.0	0.0	0.0	0.0	0.0	0.0	0.0	0.0	0.0	0.0	0.0	0.0	0.0015	0.0023041	0.0	0.0015	0.0036832	0.0072115	0.0090909	0.0131579	0.004717	0.0247253	0.0241187	0.008596	0.0257009	0.0161725	0.0318182	
Busard pâle	0.0	0.0	0.0	0.0	0.0	0.0	0.0	0.0	0.0	0.0	0.0	0.0	0.0015	0.0	0.0115942	0.0019881	0.0015	0.0	0.0	0.0	0.0	0.0	0.0	0.0	0.0	0.0	0.0	0.0	0.0	0.0	0.0	0.0	0.0027027	0.0	0.0	0.0	0.0	0.0	0.0	0.0	0.0	0.0	0.0	0.0	0.0	0.0	0.0	0.0	
Busard cendré	0.0	0.0	0.0	0.0	0.0	0.0	0.0	0.0	0.0	0.0	0.0	0.0	0.0013793	0.0038217	0.0275362	0.0139165	0.0245614	0.0108911	0.0041551	0.0020597	0.0015674	0.0015	0.0033841	0.0013072	0.0	0.0017794	0.0015	0.0013755	0.0018519	0.0039216	0.0067568	0.0198347	0.0135135	0.0048662	0.0023041	0.0020408	0.0	0.0	0.0	0.0	0.0	0.0	0.0	0.0	0.0	0.0	0.0	0.0	
Busard Saint-Martin ou B. cendré	0.0	0.0	0.0	0.0	0.0	0.0	0.0	0.0	0.0	0.0	0.0	0.0	0.0	0.0012739	0.0	0.0	0.0	0.0	0.0	0.0	0.0	0.0	0.0	0.0	0.0	0.0	0.0	0.0	0.0	0.0	0.0	0.0	0.0	0.0	0.0	0.0	0.0	0.0	0.0	0.0	0.0	0.0	0.0	0.0	0.0	0.0	0.0	0.0	
Busard pâle ou B. cendré	0.0	0.0	0.0	0.0	0.0	0.0	0.0	0.0	0.0	0.0	0.0	0.0	0.0013793	0.0	0.0	0.0	0.0	0.0	0.0	0.0	0.0	0.0	0.0	0.0	0.0	0.0	0.0	0.0	0.0	0.0	0.0	0.0	0.0	0.0	0.0	0.0	0.0047619	0.0	0.0	0.0	0.0	0.0	0.0	0.0	0.0	0.0	0.0	0.0	
busard sp.	0.0	0.0	0.0	0.0	0.0	0.0	0.0	0.0	0.0	0.0	0.0015	0.0010549	0.0013793	0.0015	0.0	0.0	0.0023392	0.0	0.001385	0.0015	0.0	0.0	0.0	0.0	0.0	0.0017794	0.0	0.0	0.0	0.0	0.0	0.0016529	0.0027027	0.0	0.0023041	0.0	0.0	0.0	0.0	0.0	0.0	0.0	0.0	0.0	0.0	0.0	0.0	0.0015	
Milan royal	0.0450928	0.0475504	0.0277778	0.0440587	0.0457143	0.0292887	0.0343797	0.0382609	0.0355932	0.02693	0.0528846	0.0337553	0.0372414	0.0203822	0.0188406	0.0258449	0.019883	0.0128713	0.0055402	0.0092688	0.0047022	0.0077399	0.0067682	0.0052288	0.0075301	0.0124555	0.0038685	0.0165062	0.0185185	0.027451	0.0337838	0.0247934	0.0243243	0.0486618	0.0276498	0.0346939	0.0571429	0.0626151	0.0552885	0.0654545	0.0592105	0.0566038	0.0274725	0.0426716	0.0315186	0.0420561	0.0377358	0.0484848	
Milan noir	0.0	0.0028818	0.0	0.0	0.0	0.0	0.0014948	0.0	0.0101695	0.0287253	0.0785256	0.1128692	0.1241379	0.1312102	0.1144928	0.1192843	0.1064327	0.1079208	0.1246537	0.0885685	0.0846395	0.0897833	0.0744501	0.0901961	0.0978916	0.0978648	0.0870406	0.1141678	0.0777778	0.0627451	0.0585586	0.0876033	0.0432432	0.0170316	0.0023041	0.0061224	0.0015	0.0018416	0.0	0.0036364	0.0	0.0023585	0.0	0.0	0.0	0.0	0.0	0.0	
Milan royal ou M. noir	0.0	0.0	0.0	0.0	0.0	0.0	0.0	0.0	0.0	0.0	0.0	0.0	0.0	0.0	0.0	0.0	0.0015	0.0	0.0	0.0	0.0	0.0	0.0	0.0	0.0	0.0	0.0	0.0	0.0	0.0	0.0	0.0	0.0	0.0	0.0	0.0	0.0	0.0	0.0	0.0	0.0	0.0	0.0	0.0	0.0	0.0	0.0	0.0	
Pygargue à queue blanche	0.0	0.0	0.0	0.0013351	0.0	0.0	0.0	0.0	0.0	0.0	0.0	0.0	0.0	0.0	0.0	0.0	0.0	0.0	0.0	0.0	0.0	0.0	0.0	0.0	0.0	0.0	0.0	0.0	0.0	0.0	0.0	0.0	0.0	0.0	0.0	0.0	0.0	0.0	0.0	0.0	0.0	0.0	0.0	0.0	0.0	0.0	0.0	0.0	
Buse variable	0.3421751	0.3414986	0.2993827	0.3030708	0.3161905	0.3221757	0.3363229	0.3356522	0.3372881	0.2854578	0.3397436	0.3122363	0.3186207	0.2509554	0.2898551	0.2634195	0.2654971	0.2237624	0.2534626	0.1864058	0.2257053	0.1965944	0.1725888	0.1385621	0.186747	0.2153025	0.1779497	0.2145805	0.2166667	0.2313725	0.2545045	0.3206612	0.2837838	0.2773723	0.2373272	0.2489796	0.3642857	0.3167587	0.3173077	0.3381818	0.3486842	0.370283	0.4148352	0.3821892	0.3495702	0.3621495	0.3638814	0.3530303	
Buse féroce	0.0225464	0.0057637	0.0092593	0.0066756	0.0171429	0.0041841	0.0029895	0.0034783	0.0	0.0	0.0	0.0	0.0	0.0	0.0	0.0	0.0	0.0	0.0	0.0	0.0	0.0	0.0	0.0	0.0	0.0	0.0	0.0	0.0	0.0	0.0	0.0	0.0	0.0	0.0	0.0	0.0	0.0	0.0	0.0	0.0065789	0.0023585	0.0027473	0.0111317	0.008596	0.0116822	0.0107817	0.0151515	
rapace sp.	0.0	0.0	0.0	0.0	0.0019048	0.0020921	0.0	0.0	0.0016949	0.0	0.0032051	0.0010549	0.0013793	0.0	0.0014493	9.94E-4	0.0023392	9.901E-4	0.001385	0.0010299	0.0	0.0015	0.0033841	0.0	0.001506	0.0	0.0019342	0.0013755	0.0037037	0.0	0.0	0.0049587	0.0015	0.0015	0.0	0.0	0.002381	0.0	0.0	0.0	0.0	0.0	0.0	0.0018553	0.0	0.0	0.0026954	0.0	
Effraie des clochers	0.0015	0.0014409	0.0	0.0013351	0.0038095	0.0015	0.0	0.0015	0.0015	0.0	0.0	0.0010549	0.0	0.0015	0.0	0.0	0.0	0.0	0.0	0.0015	0.0	0.0015	0.0015	0.0015	0.0	0.0017794	0.0015	0.0015	0.0	0.0	0.0	0.0	0.0027027	0.0024331	0.0	0.0	0.002381	0.0	0.0	0.0015	0.002193	0.0	0.0027473	0.0015	0.0	0.0015	0.0015	0.0	
Petit-duc scops	0.0	0.0	0.0	0.0	0.0	0.0	0.0	0.0	0.0	0.0017953	0.0016026	0.0031646	0.0068966	0.0076433	0.0115942	0.0119284	0.0222222	0.0079208	0.0110803	0.0133883	0.007837	0.0123839	0.0135364	0.0196078	0.0135542	0.0124555	0.0116054	0.0082531	0.0185185	0.0058824	0.0067568	0.0016529	0.0027027	0.0	0.0	0.0	0.0	0.0	0.0	0.0	0.0	0.0	0.0	0.0	0.0	0.0	0.0	0.0	
Grand-duc d'Europe	0.0	0.0014409	0.0	0.0015	0.0019048	0.0	0.0	0.0015	0.0	0.0	0.0	0.0021097	0.0	0.0012739	0.0014493	0.0019881	0.0	0.0	0.001385	0.0020597	0.0	0.001548	0.0	0.0	0.001506	0.0015	0.0038685	0.0013755	0.0018519	0.0	0.0022523	0.0	0.0	0.0	0.0	0.0	0.002381	0.0	0.0	0.0	0.0	0.0	0.0015	0.0018553	0.0028653	0.0	0.0	0.0030303	
Chevêchette d'Europe	0.0013263	0.0014409	0.0015	0.0	0.0038095	0.0	0.0044843	0.0017391	0.0016949	0.0	0.0016026	0.0	0.0	0.0	0.0	0.0	0.0	0.0	0.0	0.0	0.0015674	0.0	0.0	0.0013072	0.0	0.0	0.0019342	0.0013755	0.0015	0.0	0.0	0.0	0.0027027	0.0	0.0	0.0040816	0.0047619	0.0036832	0.0120192	0.0036364	0.0	0.0	0.0	0.0	0.0	0.0	0.0	0.0015	
Chevêche d'Athéna	0.0159151	0.0158501	0.0061728	0.0106809	0.0171429	0.0271967	0.0119581	0.0226087	0.0118644	0.02693	0.0208333	0.0221519	0.0124138	0.0152866	0.0115942	0.0218688	0.0105263	0.0158416	0.0277008	0.0164779	0.0109718	0.0309598	0.0186125	0.0287582	0.0376506	0.0320285	0.0251451	0.0178817	0.0203704	0.0254902	0.027027	0.0115702	0.0216216	0.0316302	0.0276498	0.0122449	0.0142857	0.0239411	0.0288462	0.0181818	0.0219298	0.0117925	0.0164835	0.0241187	0.008596	0.0116822	0.0215633	0.0166667	
Chouette hulotte	0.0092838	0.0072046	0.0030864	0.0026702	0.0171429	0.0188285	0.0104634	0.0069565	0.0135593	0.0089767	0.0016026	0.0042194	0.0055172	0.0076433	0.0101449	0.0109344	0.0046784	0.0079208	0.0069252	0.0072091	0.0125392	0.0108359	0.0118443	0.0183007	0.0075301	0.0124555	0.0058027	0.0055021	0.0111111	0.0156863	0.0135135	0.0082645	0.0216216	0.0194647	0.0230415	0.0102041	0.0119048	0.0128913	0.0168269	0.0163636	0.0109649	0.0023585	0.0054945	0.0074212	0.0143266	0.0023364	0.0053908	0.0121212	
Hibou moyen-duc	0.0092838	0.0043228	0.0046296	0.0040053	0.0057143	0.0041841	0.0029895	0.0104348	0.0033898	0.0035907	0.0015	0.0010549	0.0015	0.0012739	0.0014493	0.0019881	0.005848	0.0029703	0.0015	0.0051493	0.0062696	0.003096	0.0050761	0.0013072	0.003012	0.0053381	0.0019342	0.0055021	0.012963	0.0019608	0.0015	0.0015	0.0	0.0024331	0.0023041	0.0015	0.0015	0.0	0.0015	0.0036364	0.0087719	0.004717	0.0137363	0.012987	0.0057307	0.0023364	0.0026954	0.0075758	
Hibou des marais	0.0	0.0	0.0	0.0	0.0057143	0.0015	0.0	0.0	0.0	0.0	0.0	0.0	0.0013793	0.0012739	0.0	9.94E-4	0.0011696	0.0	0.0	0.0	0.0	0.0	0.0	0.0	0.0	0.0	0.0	0.0	0.0	0.0	0.0	0.0	0.0	0.0	0.0	0.0	0.0	0.0	0.0024038	0.0	0.0015	0.0015	0.0015	0.0018553	0.0028653	0.0	0.0	0.0	
Chouette de Tengmalm	0.0	0.0	0.0	0.0013351	0.0015	0.0	0.0014948	0.0	0.0	0.0	0.0016026	0.0	0.0015	0.0	0.0	0.0	0.0	0.0015	0.001385	0.0	0.0	0.0	0.0	0.0	0.0	0.0	0.0	0.0	0.0	0.0	0.0	0.0	0.0054054	0.0	0.0	0.0	0.002381	0.0036832	0.0	0.0	0.0	0.0	0.0	0.0	0.0	0.0	0.0	0.0	
Huppe fasciée	0.0	0.0	0.0	0.0	0.0	0.0	0.0	0.0	0.0	0.0035907	0.0112179	0.0400844	0.0427586	0.0802548	0.0855072	0.1033797	0.0994152	0.0831683	0.1024931	0.0731205	0.0721003	0.0417957	0.0439932	0.0457516	0.060241	0.0747331	0.0425532	0.0563961	0.0425926	0.0392157	0.0495495	0.0115702	0.0054054	0.0024331	0.0	0.0	0.0047619	0.0	0.0024038	0.0	0.0	0.0	0.0	0.0	0.0028653	0.0	0.0	0.0	
Guêpier d'Europe	0.0	0.0	0.0	0.0	0.0	0.0	0.0	0.0	0.0	0.0	0.0	0.0	0.0	0.0025478	0.0043478	0.0646123	0.1497076	0.1851485	0.1620499	0.1493306	0.1285266	0.1021672	0.1032149	0.1006536	0.1310241	0.1690391	0.131528	0.1444292	0.1666667	0.1823529	0.1666667	0.1322314	0.1216216	0.0608273	0.0069124	0.0020408	0.0015	0.0	0.0	0.0	0.0	0.0	0.0	0.0	0.0	0.0	0.0	0.0	
Martin-pêcheur d'Europe	0.0941645	0.1469741	0.117284	0.0720961	0.0666667	0.0627615	0.0523169	0.0556522	0.0457627	0.070018	0.0560897	0.0474684	0.04	0.0369427	0.0318841	0.0298211	0.025731	0.0356436	0.0263158	0.0278064	0.0344828	0.0386997	0.0304569	0.0457516	0.0512048	0.0782918	0.0541586	0.0976616	0.0962963	0.1039216	0.1486486	0.1454545	0.1675676	0.1557178	0.1543779	0.1918367	0.1880952	0.1583794	0.1754808	0.1418182	0.1732456	0.1957547	0.1483516	0.1725417	0.1518625	0.1448598	0.1239892	0.1242424	
Rollier d'Europe	0.0	0.0	0.0	0.0	0.0	0.0	0.0	0.0	0.0	0.0	0.0	0.0	0.0	0.0	0.0043478	0.0079523	0.0163743	0.0267327	0.0290859	0.0267765	0.023511	0.0108359	0.0118443	0.0026144	0.0165663	0.0	0.0019342	0.0055021	0.0055556	0.0039216	0.0157658	0.0264463	0.0108108	0.0097324	0.0069124	0.0015	0.0	0.0	0.0	0.0	0.0	0.0	0.0	0.0	0.0	0.0	0.0	0.0	
Torcol fourmilier	0.0	0.0	0.0	0.0	0.0	0.0	0.0	0.0	0.0	0.0	0.0	0.0084388	0.0151724	0.0229299	0.0231884	0.0188867	0.0105263	0.0128713	0.0180055	0.0185376	0.0109718	0.0232198	0.0152284	0.0091503	0.0135542	0.0035587	0.0038685	0.0110041	0.0037037	0.0019608	0.0067568	0.0115702	0.0135135	0.0145985	0.0046083	0.0081633	0.0071429	0.0018416	0.0	0.0	0.0	0.0	0.0	0.0018553	0.0	0.0	0.0	0.0015152	
Pic épeiche	0.3076923	0.2608069	0.2669753	0.2843792	0.2895238	0.2761506	0.3258595	0.36	0.3288136	0.2854578	0.2339744	0.2869198	0.257931	0.2789809	0.2449275	0.2047714	0.2	0.1980198	0.2202216	0.2327497	0.2445141	0.2430341	0.2030457	0.2130719	0.2213855	0.2099644	0.205029	0.2517194	0.25	0.2313725	0.259009	0.2661157	0.2891892	0.2554745	0.2281106	0.2877551	0.3119048	0.3112339	0.3028846	0.3436364	0.3508772	0.3396226	0.3736264	0.3970315	0.3610315	0.3130841	0.3207547	0.3439394	
Dendrocopos sp.	0.0	0.0	0.0	0.0	0.0	0.0	0.0	0.0	0.0	0.0	0.0	0.0	0.0013793	0.0	0.0	0.0	0.0	0.0	0.0	0.0	0.0015674	0.0	0.0	0.0	0.0	0.0	0.0	0.0	0.0	0.0	0.0	0.0	0.0	0.0	0.0	0.0	0.0	0.0	0.0	0.0	0.0	0.0	0.0	0.0	0.0	0.0	0.0	0.0	
Pic épeichette	0.0318302	0.018732	0.0277778	0.0307076	0.032381	0.0481172	0.0373692	0.0434783	0.0457627	0.0394973	0.0192308	0.0337553	0.0262069	0.0356688	0.0231884	0.0208748	0.0128655	0.0089109	0.0124654	0.0144181	0.0172414	0.0123839	0.0135364	0.0183007	0.0210843	0.0160142	0.0290135	0.0275103	0.0203704	0.0215686	0.0405405	0.0330579	0.0432432	0.0170316	0.0253456	0.0081633	0.0595238	0.0294659	0.0336538	0.0254545	0.0328947	0.0259434	0.0357143	0.0408163	0.0143266	0.0257009	0.0242588	0.0363636	
Pic vert	0.2267905	0.2017291	0.2067901	0.1855808	0.1904762	0.2238494	0.2855007	0.3426087	0.3372881	0.2962298	0.2724359	0.2637131	0.2275862	0.2305732	0.2057971	0.1739563	0.1438596	0.150495	0.1565097	0.1318229	0.1410658	0.128483	0.1302876	0.1764706	0.2228916	0.2686833	0.2882012	0.258597	0.2351852	0.2294118	0.2747748	0.2132231	0.2972973	0.2506083	0.2465438	0.2918367	0.297619	0.3314917	0.28125	0.3	0.3157895	0.2995283	0.3104396	0.2653061	0.277937	0.2640187	0.2479784	0.2424242	
Pic noir	0.066313	0.0432277	0.0432099	0.0547397	0.0590476	0.0502092	0.0523169	0.1008696	0.0389831	0.0574506	0.0384615	0.0379747	0.0372414	0.0394904	0.0463768	0.0318091	0.0304094	0.0237624	0.0443213	0.0319258	0.0360502	0.0356037	0.0270728	0.0143791	0.0105422	0.0106762	0.0193424	0.0247593	0.0296296	0.0470588	0.0405405	0.0528926	0.0594595	0.0437956	0.0230415	0.0326531	0.0690476	0.0847145	0.0480769	0.0581818	0.0745614	0.0589623	0.0659341	0.0779221	0.0544413	0.0514019	0.0700809	0.0666667	
pic sp.	0.0026525	0.0028818	0.0015432	0.0040053	0.0	0.0020921	0.0044843	0.0017391	0.0050847	0.0017953	0.0016026	0.0021097	0.0	0.0	0.0014493	0.0	0.0	9.901E-4	0.0	0.0	0.0	0.0	0.0	0.0013072	0.001506	0.0053381	0.0	0.0	0.0	0.0	0.0	0.0	0.0	0.0	0.0	0.0020408	0.0	0.0018416	0.0	0.0	0.0	0.0	0.0	0.0	0.0	0.0	0.0053908	0.0030303	
Faucon crécerellette	0.0	0.0	0.0	0.0	0.0	0.0	0.0	0.0	0.0	0.0	0.0	0.0031646	0.0	0.0050955	0.0115942	0.0039761	0.0046784	0.0049505	0.0	0.0	0.0015	0.0	0.0	0.0	0.0	0.0	0.0	0.0	0.0	0.0	0.0	0.0	0.0027027	0.0	0.0023041	0.0	0.0015	0.0018416	0.0	0.0	0.0	0.0	0.0	0.0	0.0	0.0	0.0	0.0	
Faucon crécerelle	0.1140584	0.1123919	0.095679	0.0947931	0.0742857	0.0899582	0.0852018	0.0886957	0.0508475	0.0843806	0.1233974	0.1191983	0.1365517	0.1363057	0.1724638	0.1759443	0.1637427	0.1673267	0.1800554	0.1328527	0.1551724	0.1393189	0.1336717	0.145098	0.1641566	0.1494662	0.1431335	0.1458047	0.1833333	0.1882353	0.1734234	0.2297521	0.1837838	0.1751825	0.1728111	0.144898	0.2047619	0.2430939	0.1995192	0.1763636	0.1491228	0.1320755	0.1456044	0.1243043	0.1404011	0.135514	0.1347709	0.1121212	
Faucon crécerellette ou F. crécerelle	0.0015	0.0	0.0015	0.0	0.0	0.0015	0.0	0.0	0.0016949	0.0	0.0	0.0	0.0	0.0	0.0	0.0	0.0011696	9.901E-4	0.001385	0.0	0.0	0.0	0.0	0.0	0.0	0.0	0.0	0.0015	0.0	0.0	0.0	0.0016529	0.0	0.0	0.0023041	0.0	0.0	0.0018416	0.0	0.0	0.002193	0.0	0.0015	0.0015	0.0015	0.0	0.0	0.0015	
Faucon kobez	0.0	0.0	0.0	0.0	0.0	0.0	0.0	0.0	0.0	0.0	0.0	0.0	0.0	0.0038217	0.0015	0.0218688	0.0315789	0.0316832	0.0207756	0.0061792	0.0047022	0.0015	0.0015	0.0039216	0.0045181	0.0	0.0	0.0	0.0055556	0.0137255	0.0022523	0.0033058	0.0027027	0.0145985	0.0184332	0.0122449	0.0047619	0.0018416	0.0	0.0	0.0	0.0	0.0	0.0	0.0	0.0	0.0	0.0	
Faucon d'Éléonore	0.0	0.0	0.0	0.0	0.0	0.0	0.0	0.0	0.0	0.0	0.0	0.0	0.0	0.0	0.0	0.0	0.0	0.0	0.0	0.0015	0.0	0.0	0.0	0.0	0.0	0.0	0.0	0.0	0.0018519	0.0	0.0022523	0.0049587	0.0027027	0.0	0.0023041	0.0	0.0	0.0018416	0.0	0.0	0.0	0.0	0.0	0.0	0.0	0.0	0.0	0.0	
Faucon émerillon	0.0026525	0.0028818	0.0092593	0.012016	0.007619	0.0104603	0.0044843	0.0086957	0.0033898	0.0035907	0.0032051	0.0031646	0.0027586	0.0	0.0	0.0015	0.0011696	0.0	0.0	0.0	0.0	0.0	0.0	0.0	0.0	0.0	0.0	0.0	0.0	0.0	0.0	0.0016529	0.0015	0.0	0.0015	0.0	0.002381	0.0015	0.0015	0.0090909	0.004386	0.0117925	0.0082418	0.0278293	0.0057307	0.0140187	0.0188679	0.0075758	
Faucon hobereau	0.0	0.0	0.0	0.0	0.0	0.0	0.0	0.0	0.0	0.0	0.0	0.0	0.0013793	0.0127389	0.0695652	0.0924453	0.0760234	0.0861386	0.0720222	0.0628218	0.0642633	0.0510836	0.0423012	0.0366013	0.0316265	0.0355872	0.0522244	0.0605227	0.0537037	0.0509804	0.0675676	0.0991736	0.1	0.0948905	0.0852535	0.0673469	0.0214286	0.0110497	0.0048077	0.0	0.0	0.0	0.0	0.0	0.0	0.0	0.0	0.0	
Faucon pèlerin	0.0331565	0.0244957	0.0185185	0.024032	0.0171429	0.0083682	0.0239163	0.026087	0.020339	0.0233393	0.0352564	0.0232068	0.0248276	0.0216561	0.0202899	0.0208748	0.0187135	0.019802	0.0138504	0.015448	0.0219436	0.0077399	0.0084602	0.0117647	0.0150602	0.0177936	0.0096712	0.0206327	0.0259259	0.0254902	0.0202703	0.0231405	0.0108108	0.0170316	0.016129	0.0204082	0.0142857	0.0349908	0.0288462	0.0290909	0.0328947	0.0165094	0.0274725	0.0278293	0.025788	0.0233645	0.0188679	0.0227273	
Falco sp.	0.0	0.0	0.0	0.0	0.0	0.0	0.0	0.0	0.0	0.0017953	0.0016026	0.0010549	0.0	0.0025478	0.0072464	0.0	0.0015	0.0019802	0.0	0.0	0.0	0.0	0.0015	0.0	0.0	0.0017794	0.0019342	0.0013755	0.0092593	0.0	0.0045045	0.0082645	0.0054054	0.0024331	0.0023041	0.0020408	0.002381	0.0018416	0.0024038	0.0036364	0.0	0.0023585	0.0	0.0	0.0028653	0.0	0.0	0.0	
rapace diurne sp.	0.0013263	0.0	0.0	0.0	0.0	0.0015	0.0	0.0	0.0	0.0	0.0015	0.0	0.0	0.0	0.0	0.0	0.0015	0.0	0.0	0.0	0.0	0.0	0.0	0.0	0.0	0.0	0.0	0.0	0.0	0.0	0.0022523	0.0015	0.0	0.0	0.0	0.0	0.0	0.0	0.0	0.0	0.0	0.0	0.0	0.0	0.0	0.0023364	0.0	0.0	
Calopsitte élégante	0.0	0.0	0.0	0.0	0.0	0.0015	0.0	0.0	0.0	0.0	0.0	0.0	0.0	0.0012739	0.0014493	0.0	0.0	0.0	0.0	0.0	0.0	0.0	0.0	0.0	0.0	0.0	0.0	0.0	0.0	0.0	0.0	0.0	0.0	0.0024331	0.0	0.0	0.0	0.0	0.0	0.0	0.0	0.0	0.0	0.0	0.0	0.0	0.0	0.0	
Cacatoès à huppe jaune	0.0	0.0	0.0	0.0	0.0	0.0	0.0	0.0	0.0	0.0	0.0	0.0	0.0	0.0	0.0	0.0	0.0	0.0	0.0	0.0	0.0	0.0	0.0	0.0	0.0	0.0	0.0	0.0	0.0	0.0	0.0	0.0	0.0	0.0	0.0	0.0	0.0	0.0	0.0015	0.0	0.0	0.0	0.0	0.0	0.0	0.0	0.0	0.0	
Perruche à collier	0.0	0.0	0.0	0.0013351	0.0019048	0.0	0.0	0.0	0.0	0.0015	0.0015	0.0	0.0015	0.0	0.0	0.0015	0.0	0.0	0.0	0.0020597	0.0	0.0	0.0	0.0	0.0	0.0	0.0	0.0	0.0	0.0	0.0	0.0	0.0	0.0024331	0.0	0.0	0.0	0.0015	0.0	0.0015	0.0	0.0	0.0015	0.0	0.0015	0.0046729	0.0015	0.0	
Inséparable masqué	0.0	0.0	0.0	0.0	0.0	0.0	0.0	0.0	0.0	0.0	0.0	0.0	0.0015	0.0	0.0	0.0	0.0	0.0	0.0	0.0	0.0	0.0	0.0	0.0	0.0	0.0	0.0	0.0	0.0	0.0	0.0	0.0	0.0	0.0	0.0	0.0	0.0	0.0	0.0	0.0	0.0	0.0	0.0	0.0	0.0	0.0	0.0	0.0	
Perriche veuve	0.0013263	0.0014409	0.0015	0.0013351	0.0015	0.0015	0.0	0.0017391	0.0015	0.0	0.0015	0.0021097	0.0	0.0	0.0	0.0	0.0015	0.0015	0.001385	0.0030896	0.0015	0.0015	0.0015	0.0013072	0.0	0.0	0.0015	0.0015	0.0015	0.0	0.0	0.0	0.0015	0.0024331	0.0	0.0	0.0	0.0	0.0024038	0.0018182	0.0	0.0	0.0	0.0018553	0.0	0.0015	0.0	0.0015152	
Amazone à lores rouges	0.0	0.0	0.0	0.0	0.0	0.0	0.0	0.0	0.0	0.0	0.0	0.0	0.0	0.0	0.0	9.94E-4	0.0	0.0	0.0	0.0	0.0	0.0	0.0	0.0	0.0	0.0	0.0	0.0	0.0	0.0	0.0	0.0	0.0	0.0	0.0	0.0	0.0	0.0	0.0	0.0	0.0	0.0	0.0	0.0	0.0	0.0	0.0	0.0	
Loriot d'Europe	0.0	0.0	0.0	0.0	0.0	0.0	0.0	0.0	0.0	0.0	0.0	0.0010549	0.0	0.0012739	0.015942	0.0576541	0.1216374	0.1336634	0.1274238	0.1328527	0.1316614	0.0959752	0.1032149	0.0797386	0.0963855	0.113879	0.0870406	0.0935351	0.1037037	0.0901961	0.1103604	0.0495868	0.0405405	0.0194647	0.0092166	0.0020408	0.0	0.0	0.0	0.0	0.0	0.0	0.0	0.0	0.0	0.0	0.0	0.0	
Pie-grièche écorcheur	0.0	0.0	0.0	0.0	0.0	0.0	0.0	0.0	0.0	0.0	0.0	0.0	0.0	0.0	0.0144928	0.0497018	0.1192982	0.1485149	0.1855956	0.1112255	0.1112853	0.0851393	0.0930626	0.0771242	0.0858434	0.0765125	0.0773694	0.0811554	0.1018519	0.0941176	0.0833333	0.0876033	0.0756757	0.0316302	0.0138249	0.0081633	0.0	0.0015	0.0	0.0	0.0	0.0	0.0	0.0	0.0	0.0	0.0	0.0	
Pie-grièche méridionale	0.0013263	0.0028818	0.0015432	0.0040053	0.0038095	0.0	0.0	0.0	0.0	0.0	0.0	0.0	0.0	0.0	0.0	0.0	0.0	0.0	0.0	0.0	0.0	0.0	0.0	0.0	0.0	0.0	0.0	0.0	0.0	0.0	0.0	0.0	0.0	0.0	0.0	0.0	0.0071429	0.0110497	0.0120192	0.0072727	0.0015	0.0070755	0.0027473	0.0037106	0.0	0.0015	0.0	0.0	
Pie-grièche grise	0.0198939	0.0302594	0.0277778	0.0213618	0.0228571	0.0292887	0.0149477	0.0156522	0.0101695	0.0017953	0.0016026	0.0015	0.0	0.0	0.0	0.0	0.0	0.0	0.0	0.0	0.0	0.0	0.0	0.0	0.0	0.0	0.0	0.0	0.0	0.0	0.0	0.0	0.0	0.0	0.0	0.0040816	0.0190476	0.0276243	0.0240385	0.0236364	0.0438596	0.0471698	0.0274725	0.0482375	0.0229226	0.0303738	0.0458221	0.0227273	
Pie-grièche à poitrine rose	0.0	0.0	0.0	0.0	0.0	0.0	0.0	0.0	0.0	0.0	0.0	0.0	0.0	0.0	0.0	0.0	0.0	9.901E-4	0.0	0.0	0.0	0.0	0.0	0.0	0.0	0.0	0.0	0.0	0.0	0.0	0.0	0.0	0.0	0.0	0.0	0.0	0.0	0.0	0.0	0.0	0.0	0.0	0.0	0.0	0.0	0.0	0.0	0.0	
Pie-grièche à tête rousse	0.0	0.0	0.0	0.0	0.0	0.0	0.0	0.0	0.0	0.0	0.0	0.0010549	0.0	0.0	0.0	0.0039761	0.0128655	0.0069307	0.001385	0.0015	0.0015	0.0015	0.0	0.0	0.001506	0.0	0.0019342	0.0096286	0.0015	0.0015	0.0045045	0.0	0.0	0.0	0.0	0.0	0.0	0.0	0.0	0.0	0.0	0.0	0.0	0.0	0.0	0.0	0.0	0.0	
Laniidés sp.	0.0	0.0	0.0	0.0	0.0	0.0	0.0	0.0	0.0	0.0	0.0	0.0	0.0	0.0	0.0	0.0	0.0	0.0	0.0	0.0	0.0	0.0	0.0	0.0013072	0.0	0.0	0.0	0.0	0.0	0.0	0.0	0.0	0.0	0.0	0.0	0.0	0.0	0.0	0.0	0.0	0.0	0.0	0.0027473	0.0	0.0	0.0	0.0	0.0	
Geai des chênes	0.331565	0.2824207	0.3040123	0.2817089	0.312381	0.292887	0.2810164	0.3026087	0.279661	0.2603232	0.275641	0.3101266	0.2772414	0.2726115	0.2869565	0.2475149	0.2502924	0.2336634	0.2811634	0.2378991	0.2711599	0.2662539	0.2064298	0.2379085	0.2349398	0.2615658	0.2321083	0.2324622	0.2444444	0.2235294	0.277027	0.2694215	0.3054054	0.2798054	0.2488479	0.3591837	0.397619	0.4290976	0.4543269	0.4472727	0.4232456	0.4316038	0.4093407	0.4304267	0.3954155	0.3738318	0.3827493	0.3772727	
Pie bavarde	0.4456233	0.4308357	0.3904321	0.4566088	0.367619	0.3912134	0.4080717	0.4278261	0.4220339	0.4147217	0.4102564	0.3829114	0.3710345	0.3388535	0.3449275	0.3419483	0.3181287	0.3287129	0.3614958	0.2935118	0.2821317	0.24613	0.2301184	0.275817	0.3012048	0.2918149	0.270793	0.2627235	0.2962963	0.2823529	0.286036	0.246281	0.2783784	0.270073	0.3456221	0.355102	0.3690476	0.3904236	0.4206731	0.4581818	0.4166667	0.4481132	0.4697802	0.4397032	0.4613181	0.4345794	0.5040431	0.4757576	
Cassenoix moucheté	0.0106101	0.0100865	0.0015432	0.0040053	0.0114286	0.0020921	0.0059791	0.0052174	0.0067797	0.0035907	0.0064103	0.0063291	0.0027586	0.0038217	0.0014493	0.0029821	0.0105263	0.0089109	0.0083102	0.0185376	0.015674	0.0232198	0.0321489	0.0352941	0.060241	0.0302491	0.0522244	0.0481431	0.0833333	0.0764706	0.0675676	0.0578512	0.0324324	0.0510949	0.0184332	0.0387755	0.0333333	0.038674	0.0408654	0.0272727	0.0197368	0.0165094	0.0054945	0.0018553	0.017192	0.0046729	0.0080863	0.0060606	
Cassenoix moucheté ou C. de Chine	0.0	0.0	0.0	0.0	0.0	0.0	0.0	0.0	0.0	0.0	0.0	0.0	0.0	0.0	0.0	0.0	0.0	0.0	0.0	0.0	0.0	0.0	0.0	0.0	0.0	0.0	0.0	0.0	0.0	0.0	0.0	0.0	0.0	0.0	0.0	0.0	0.002381	0.0	0.0	0.0	0.0	0.0	0.0	0.0	0.0	0.0	0.0	0.0	
Crave à bec rouge	0.0013263	0.0	0.0	0.0026702	0.0019048	0.0020921	0.0059791	0.0015	0.0033898	0.0035907	0.0032051	0.0010549	0.0041379	0.0012739	0.0015	0.0	0.0023392	0.0069307	0.0069252	0.015448	0.0047022	0.0216718	0.0253807	0.020915	0.0271084	0.024911	0.0290135	0.0343879	0.0388889	0.0431373	0.0315315	0.0396694	0.0243243	0.0340633	0.0276498	0.0163265	0.0190476	0.0202578	0.0144231	0.0054545	0.0109649	0.004717	0.0027473	0.0037106	0.008596	0.0015	0.0	0.0015152	
Chocard à bec jaune	0.0092838	0.0043228	0.0046296	0.0186916	0.0171429	0.0125523	0.0074738	0.0086957	0.0050847	0.0089767	0.0080128	0.0094937	0.0110345	0.0089172	0.0043478	0.0069583	0.0140351	0.0237624	0.034626	0.0267765	0.0250784	0.0696594	0.0761421	0.0653595	0.0783133	0.1014235	0.0812379	0.0770289	0.0592593	0.0588235	0.0427928	0.0495868	0.0432432	0.0462287	0.0322581	0.0326531	0.0380952	0.0699816	0.03125	0.0163636	0.0263158	0.0165094	0.0164835	0.0111317	0.0114613	0.0023364	0.0026954	0.0136364	
Crave à bec rouge ou Chocard à bec jaune	0.0	0.0	0.0015	0.0	0.0	0.0	0.0014948	0.0	0.0	0.0	0.0	0.0	0.0	0.0	0.0015	0.0015	0.0	0.0	0.0	0.0	0.0015	0.0	0.0	0.0	0.0	0.0	0.0	0.0	0.0037037	0.0	0.0015	0.0016529	0.0015	0.0	0.0	0.0	0.0	0.0	0.0	0.0	0.002193	0.0	0.0	0.0	0.0	0.0	0.0	0.0	
Choucas des tours	0.1737401	0.1599424	0.1450617	0.1975968	0.1409524	0.1610879	0.2167414	0.1982609	0.2016949	0.2082585	0.2307692	0.1888186	0.1475862	0.1503185	0.1536232	0.1222664	0.1263158	0.1554455	0.1703601	0.1421215	0.153605	0.120743	0.106599	0.1189542	0.1204819	0.0836299	0.073501	0.0784044	0.0796296	0.0607843	0.0743243	0.077686	0.0837838	0.1240876	0.1336406	0.1183673	0.2	0.2209945	0.2355769	0.2290909	0.247807	0.2240566	0.2032967	0.1910946	0.234957	0.1985981	0.1778976	0.1863636	
Corbeau freux	0.0119363	0.0028818	0.0108025	0.0093458	0.0114286	0.0062762	0.0089686	0.0017391	0.0015	0.0015	0.0	0.0010549	0.0	0.0	0.0	0.0015	0.0	0.0	0.0	0.0	0.0	0.0	0.0	0.0	0.0	0.0	0.0	0.0	0.0	0.0	0.0	0.0	0.0	0.0	0.0	0.0	0.0	0.0	0.0	0.0072727	0.0087719	0.0212264	0.0082418	0.012987	0.008596	0.0116822	0.0134771	0.0136364	
Corneille noire	0.2214854	0.1829971	0.1790123	0.2202937	0.1771429	0.1527197	0.2167414	0.2417391	0.2372881	0.2118492	0.2051282	0.2014768	0.16	0.1643312	0.1724638	0.1312127	0.1298246	0.1752475	0.1855956	0.1740474	0.1724138	0.1578947	0.1962775	0.1934641	0.2033133	0.2135231	0.1934236	0.1774415	0.2055556	0.1823529	0.1441441	0.1669421	0.1297297	0.1484185	0.1474654	0.1795918	0.202381	0.1933702	0.2235577	0.2418182	0.1995614	0.1957547	0.2252747	0.1948052	0.2206304	0.203271	0.2156334	0.2030303	
Corneille mantelée	0.5424403	0.5403458	0.5447531	0.5233645	0.5028571	0.539749	0.509716	0.5373913	0.5711864	0.5960503	0.6201923	0.5843882	0.5475862	0.5363057	0.5072464	0.5188867	0.5005848	0.5227723	0.5304709	0.4850669	0.468652	0.373065	0.3637902	0.3529412	0.375	0.3558719	0.3539652	0.4250344	0.3481481	0.3215686	0.3310811	0.3471074	0.4243243	0.4160584	0.4470046	0.4469388	0.4809524	0.4861878	0.5216346	0.5563636	0.5285088	0.5849057	0.5549451	0.580705	0.5787966	0.6004673	0.5956873	0.5666667	
Corneille noire ou C. mantelée	0.0145889	0.0230548	0.0231481	0.0200267	0.0171429	0.0083682	0.0239163	0.026087	0.0169492	0.010772	0.0112179	0.0063291	0.0027586	0.0089172	0.0086957	0.0019881	0.0046784	0.0059406	0.0180055	0.0123584	0.0219436	0.0201238	0.0236887	0.0196078	0.0256024	0.0177936	0.0386847	0.0247593	0.0185185	0.0196078	0.027027	0.0099174	0.0162162	0.0048662	0.0253456	0.0102041	0.0190476	0.0073665	0.0144231	0.0036364	0.0175439	0.0188679	0.0137363	0.0166976	0.0143266	0.0116822	0.0458221	0.0287879	
Hybride Corneille noire x C. mantelée	0.066313	0.0475504	0.0478395	0.058745	0.0552381	0.0711297	0.0687593	0.053913	0.0644068	0.0502693	0.0240385	0.0495781	0.022069	0.0509554	0.0565217	0.0357853	0.0409357	0.0366337	0.0221607	0.0267765	0.039185	0.0325077	0.0270728	0.0248366	0.0451807	0.0818505	0.0444874	0.0467675	0.0537037	0.0666667	0.0765766	0.0595041	0.0351351	0.0486618	0.0875576	0.0734694	0.0547619	0.0662983	0.0721154	0.0636364	0.0570175	0.0754717	0.0686813	0.0871985	0.0916905	0.0841121	0.097035	0.0575758	
corneille sp.	0.0013263	0.0014409	0.0	0.0	0.0	0.0	0.0	0.0	0.0	0.0	0.0	0.0	0.0	0.0	0.0	9.94E-4	0.0	0.0	0.0	0.0	0.0	0.0	0.0	0.0	0.0	0.0	0.0015	0.0055021	0.0	0.0019608	0.0	0.0	0.0	0.0	0.0	0.0	0.0	0.0018416	0.0	0.0	0.0	0.0	0.0	0.0	0.0	0.0	0.0026954	0.0015	
Grand Corbeau	0.1034483	0.0878963	0.0895062	0.0961282	0.12	0.0899582	0.1150972	0.1147826	0.0508475	0.0718133	0.1041667	0.0812236	0.0896552	0.0764331	0.0913043	0.0656064	0.0502924	0.0623762	0.066482	0.0710608	0.0830721	0.0851393	0.0795262	0.0614379	0.0753012	0.1014235	0.0773694	0.0921596	0.1518519	0.1215686	0.1621622	0.1801653	0.1324324	0.1289538	0.0806452	0.1163265	0.1357143	0.1178637	0.1081731	0.1018182	0.1425439	0.1061321	0.1126374	0.1298701	0.1060172	0.1074766	0.1132075	0.1151515	
Mésange noire	0.0954907	0.0792507	0.0802469	0.0761015	0.0933333	0.0627615	0.122571	0.1078261	0.0423729	0.0664273	0.0608974	0.056962	0.0855172	0.0598726	0.0492754	0.0487078	0.045614	0.0673267	0.0637119	0.0885685	0.1112853	0.1114551	0.1133672	0.1163399	0.1129518	0.1049822	0.1218569	0.1224209	0.1648148	0.1686275	0.1238739	0.1322314	0.0783784	0.1265207	0.0668203	0.0979592	0.1214286	0.1123389	0.1346154	0.1309091	0.0877193	0.1061321	0.0961538	0.096475	0.1375358	0.0957944	0.0566038	0.0878788	
Mésange huppée	0.0331565	0.0331412	0.0262346	0.0293725	0.0457143	0.039749	0.0523169	0.0434783	0.0169492	0.0125673	0.036859	0.021097	0.0234483	0.0152866	0.0188406	0.0198807	0.0128655	0.0188119	0.0180055	0.0216272	0.0470219	0.0433437	0.0507614	0.048366	0.0527108	0.0427046	0.0541586	0.0522696	0.1037037	0.1078431	0.0720721	0.0760331	0.0540541	0.0437956	0.0253456	0.0387755	0.0452381	0.053407	0.0504808	0.0545455	0.0328947	0.0613208	0.0494505	0.0408163	0.0573066	0.0537383	0.032345	0.0333333	
Mésange nonnette	0.1286472	0.1239193	0.1435185	0.1335113	0.1638095	0.1527197	0.1539611	0.1634783	0.1423729	0.1220826	0.099359	0.1054852	0.1158621	0.1031847	0.0695652	0.0656064	0.0643275	0.0633663	0.0609418	0.0741504	0.0673981	0.0557276	0.0456853	0.0614379	0.0451807	0.0765125	0.065764	0.0825309	0.0814815	0.0705882	0.1036036	0.0892562	0.1108108	0.0973236	0.1105991	0.0979592	0.147619	0.1160221	0.1298077	0.1309091	0.1491228	0.1462264	0.1373626	0.148423	0.1833811	0.1378505	0.1105121	0.1621212	
Mésange boréale	0.0212202	0.0172911	0.0169753	0.0186916	0.0285714	0.0125523	0.0298954	0.026087	0.0084746	0.0179533	0.0144231	0.0147679	0.0151724	0.0165605	0.0086957	0.0069583	0.0152047	0.0188119	0.0235457	0.0278064	0.0454545	0.0371517	0.035533	0.0366013	0.0316265	0.0516014	0.0541586	0.0660248	0.0722222	0.0901961	0.0472973	0.061157	0.027027	0.0389294	0.0184332	0.0326531	0.052381	0.0460405	0.0480769	0.0436364	0.0285088	0.0471698	0.0274725	0.0204082	0.0401146	0.021028	0.032345	0.019697	
Mésange nonnette ou M. boréale	0.0013263	0.0	0.0015432	0.0015	0.0	0.0015	0.0029895	0.0	0.0050847	0.0017953	0.0	0.0021097	0.0	0.0	0.0	9.94E-4	0.0	0.0	0.0	0.0010299	0.0	0.001548	0.0033841	0.0	0.001506	0.0	0.0	0.002751	0.0	0.0	0.0022523	0.0016529	0.0	0.0	0.0015	0.0	0.0	0.0018416	0.0	0.0018182	0.0015	0.0	0.0	0.0	0.0028653	0.0	0.0026954	0.0015152	
Mésange bleue	0.3753316	0.3270893	0.3395062	0.3538051	0.3828571	0.3786611	0.431988	0.4	0.3576271	0.3087971	0.3108974	0.257384	0.2675862	0.2866242	0.2449275	0.2037773	0.1777778	0.160396	0.1689751	0.192585	0.2194357	0.1873065	0.1133672	0.1398693	0.1641566	0.1370107	0.1528046	0.1650619	0.137037	0.145098	0.1576577	0.1504132	0.1918919	0.1873479	0.2050691	0.2408163	0.2738095	0.2430939	0.2836538	0.3490909	0.3245614	0.3301887	0.3708791	0.4211503	0.4240688	0.3504673	0.3881402	0.3909091	
Mésange charbonnière	0.494695	0.4538905	0.4799383	0.4993324	0.56	0.5041841	0.568012	0.586087	0.5542373	0.529623	0.536859	0.4957806	0.537931	0.5401274	0.5115942	0.4463221	0.3906433	0.4207921	0.4099723	0.4212152	0.4059561	0.4071207	0.2910321	0.3084967	0.3027108	0.2900356	0.2998066	0.2971114	0.2981481	0.2470588	0.2972973	0.2876033	0.3891892	0.3917275	0.3732719	0.4102041	0.497619	0.46593	0.5144231	0.5563636	0.4846491	0.5212264	0.5384615	0.528757	0.5100287	0.5116822	0.5040431	0.5333333	
paridé sp.	0.0	0.0043228	0.0	0.0	0.0	0.0015	0.0	0.0	0.0016949	0.0	0.0	0.0	0.0	0.0	0.0014493	0.0	0.0	0.0	0.0015	0.0	0.0	0.0	0.0	0.0	0.001506	0.0	0.0019342	0.0013755	0.0	0.0	0.0022523	0.0016529	0.0015	0.0	0.0	0.0	0.0	0.0018416	0.0	0.0015	0.002193	0.0	0.0	0.0	0.0028653	0.0	0.0	0.0015	
Rémiz penduline	0.0026525	0.0014409	0.0030864	0.0093458	0.0019048	0.0062762	0.0104634	0.0034783	0.0067797	0.005386	0.0160256	0.0094937	0.0041379	0.0012739	0.0014493	0.0	0.0	0.0	0.0	0.0	0.0	0.0	0.0	0.0	0.0	0.0	0.0	0.0	0.0	0.0	0.0	0.0	0.0	0.0	0.0015	0.0	0.0119048	0.0165746	0.0144231	0.0127273	0.0175439	0.0117925	0.0054945	0.0055659	0.0028653	0.0070093	0.0107817	0.0121212	
Alouette lulu	0.0026525	0.0072046	0.0061728	0.0066756	0.0209524	0.0104603	0.0104634	0.0243478	0.0186441	0.0143627	0.0128205	0.007384	0.0068966	0.0089172	0.0231884	0.0208748	0.0315789	0.019802	0.0290859	0.0247168	0.0532915	0.0278638	0.0423012	0.0235294	0.0135542	0.0088968	0.0038685	0.002751	0.0	0.0019608	0.0	0.0016529	0.0015	0.0072993	0.0023041	0.0061224	0.0119048	0.0257827	0.0408654	0.0327273	0.0197368	0.0165094	0.0164835	0.0111317	0.0114613	0.0046729	0.0134771	0.0106061	
Alouette des champs	0.030504	0.0216138	0.0154321	0.0267023	0.0304762	0.0292887	0.0418535	0.0469565	0.0389831	0.0251346	0.0336538	0.0495781	0.0331034	0.0433121	0.0550725	0.0506958	0.0631579	0.050495	0.0706371	0.0731205	0.0877743	0.0619195	0.0913706	0.0784314	0.0783133	0.0480427	0.0348162	0.0123796	0.0074074	0.0235294	0.0135135	0.0181818	0.027027	0.0194647	0.0092166	0.0081633	0.0357143	0.0828729	0.1466346	0.1490909	0.1074561	0.0896226	0.0906593	0.0556586	0.034384	0.0350467	0.0512129	0.0439394	
Cochevis huppé	0.0	0.0	0.0	0.0	0.0	0.0	0.0	0.0	0.0	0.0	0.0	0.0010549	0.0	0.0	0.0	0.0	0.0	9.901E-4	0.0	0.0	0.0	0.0	0.0	0.0	0.0	0.0	0.0	0.0	0.0	0.0	0.0	0.0	0.0	0.0	0.0	0.0	0.0	0.0	0.0	0.0018182	0.002193	0.0015	0.0	0.0	0.0	0.0	0.0	0.0	
Alouette calandrelle	0.0	0.0	0.0	0.0	0.0	0.0	0.0	0.0	0.0	0.0	0.0	0.0	0.0	0.0	0.0	0.0	0.0011696	0.0015	0.001385	0.0015	0.0	0.0	0.001692	0.0015	0.0	0.0	0.0	0.0	0.0	0.0	0.0	0.0	0.0	0.0	0.0	0.0	0.0	0.0	0.0	0.0	0.0	0.0	0.0	0.0	0.0	0.0	0.0	0.0	
Alouette calandre	0.0	0.0	0.0	0.0	0.0	0.0	0.0	0.0	0.0	0.0	0.0	0.0	0.0	0.0	0.0	0.0	0.0	0.0	0.0	0.0015	0.0	0.0	0.001692	0.0	0.0	0.0	0.0	0.0	0.0	0.0	0.0	0.0	0.0	0.0	0.0	0.0	0.0	0.0	0.0	0.0	0.0	0.0	0.0	0.0	0.0	0.0	0.0	0.0	
alaudidé sp.	0.0	0.0	0.0	0.0	0.0	0.0	0.0	0.0	0.0	0.0	0.0	0.0	0.0	0.0	0.0	0.0	0.0	0.0	0.0	0.0010299	0.0	0.0	0.0	0.0	0.0	0.0	0.0	0.0	0.0	0.0	0.0	0.0	0.0	0.0	0.0	0.0	0.0	0.0	0.0	0.0	0.0	0.0	0.0	0.0	0.0	0.0	0.0	0.0	
Cisticole des joncs	0.0066313	0.0014409	0.0	0.0015	0.0	0.0	0.0014948	0.0034783	0.0	0.0017953	0.0048077	0.0094937	0.0165517	0.0140127	0.0086957	0.0139165	0.0116959	0.0158416	0.0249307	0.0144181	0.0266458	0.0123839	0.0101523	0.0104575	0.0135542	0.0124555	0.0096712	0.0165062	0.012963	0.0137255	0.018018	0.0181818	0.0135135	0.0389294	0.016129	0.0204082	0.0095238	0.0018416	0.0	0.0054545	0.0	0.004717	0.0027473	0.0018553	0.0	0.0046729	0.0026954	0.0	
Hypolaïs polyglotte	0.0	0.0	0.0	0.0	0.0	0.0	0.0	0.0	0.0	0.0	0.0	0.0	0.0	0.0	0.0	0.0178926	0.0631579	0.0891089	0.1426593	0.1277034	0.1206897	0.0743034	0.0575296	0.0601307	0.0527108	0.0729537	0.0309478	0.0261348	0.0259259	0.0372549	0.0067568	0.0099174	0.0135135	0.0048662	0.0	0.0	0.0	0.0	0.0	0.0	0.0	0.0	0.0	0.0	0.0	0.0	0.0	0.0	
Hypolaïs ictérine	0.0	0.0	0.0	0.0	0.0	0.0	0.0	0.0	0.0	0.0	0.0	0.0	0.0	0.0	0.0014493	0.0015	0.0011696	0.0015	0.0027701	0.0015	0.0	0.0	0.0	0.0	0.0	0.0	0.0	0.0	0.0	0.0015	0.0015	0.0016529	0.0054054	0.0015	0.0	0.0	0.0	0.0	0.0	0.0	0.0	0.0	0.0	0.0	0.0	0.0	0.0	0.0	
Hypolaïs polyglotte ou H. ictérine	0.0	0.0	0.0	0.0	0.0	0.0	0.0	0.0	0.0	0.0	0.0	0.0	0.0	0.0	0.0	0.0	0.0	9.901E-4	0.0027701	0.0	0.0	0.0	0.0	0.0	0.0	0.0	0.0	0.0	0.0	0.0	0.0	0.0	0.0	0.0	0.0	0.0	0.0	0.0	0.0	0.0	0.0	0.0	0.0	0.0	0.0	0.0	0.0	0.0	
Lusciniole à moustaches	0.0	0.0	0.0	0.0	0.0	0.0	0.0014948	0.0	0.0016949	0.0	0.0016026	0.0010549	0.0013793	0.0	0.0	0.0	0.0	0.0	0.0	0.0	0.0	0.0	0.0	0.0	0.0	0.0	0.0	0.0	0.0	0.0	0.0	0.0	0.0	0.0	0.0	0.0	0.0	0.0	0.0	0.0	0.002193	0.004717	0.0	0.0	0.0	0.0	0.0	0.0	
Phragmite des joncs	0.0	0.0	0.0	0.0	0.0	0.0	0.0	0.0	0.0	0.0	0.0	0.0094937	0.0206897	0.0127389	0.0086957	0.0139165	0.0128655	0.0019802	0.0	0.0	0.0	0.0	0.0	0.0	0.0	0.0	0.0	0.0068776	0.0037037	0.0039216	0.0067568	0.0115702	0.0135135	0.0097324	0.0023041	0.0020408	0.0047619	0.0036832	0.0	0.0	0.0	0.0	0.0	0.0	0.0	0.0	0.0	0.0	
Rousserolle verderolle	0.0	0.0	0.0	0.0	0.0	0.0	0.0	0.0	0.0	0.0	0.0	0.0	0.0	0.0	0.0	9.94E-4	0.0070175	0.0168317	0.0706371	0.1019567	0.0956113	0.0758514	0.0744501	0.0640523	0.0692771	0.0818505	0.0580271	0.0687758	0.05	0.0235294	0.0202703	0.0132231	0.0162162	0.0048662	0.0	0.0	0.002381	0.0015	0.0	0.0	0.0	0.0	0.0	0.0	0.0	0.0	0.0	0.0	
Rousserolle effarvatte	0.0	0.0	0.0	0.0	0.0	0.0	0.0	0.0	0.0	0.0	0.0	0.0	0.0	0.0012739	0.0057971	0.0129225	0.0210526	0.0217822	0.0277008	0.0401648	0.0438871	0.0123839	0.0219966	0.0091503	0.0210843	0.0177936	0.0135397	0.0165062	0.0203704	0.0156863	0.0157658	0.014876	0.0297297	0.0559611	0.0276498	0.0163265	0.0095238	0.0055249	0.0048077	0.0072727	0.0	0.0	0.0	0.0	0.0	0.0	0.0	0.0	
Rousserolle verderolle ou R. effarvatte	0.0	0.0	0.0	0.0	0.0	0.0	0.0	0.0	0.0	0.0	0.0	0.0	0.0	0.0	0.0	0.0	0.0	0.0	0.0	0.0	0.0	0.0	0.0	0.0	0.0	0.0017794	0.0	0.0	0.0	0.0	0.0	0.0016529	0.0027027	0.0024331	0.0046083	0.0	0.0	0.0015	0.0	0.0	0.0	0.0	0.0	0.0	0.0	0.0	0.0	0.0	
Rousserolle turdoïde	0.0	0.0	0.0	0.0	0.0	0.0	0.0	0.0	0.0	0.0	0.0	0.0	0.0013793	0.0025478	0.015942	0.0218688	0.045614	0.0287129	0.0290859	0.0401648	0.0407524	0.0247678	0.0152284	0.0196078	0.0120482	0.0017794	0.0058027	0.0123796	0.0074074	0.0176471	0.0067568	0.0033058	0.0108108	0.0072993	0.0023041	0.0	0.0	0.0	0.0	0.0	0.0	0.0	0.0	0.0	0.0	0.0	0.0	0.0	
Acrocephalus sp.	0.0	0.0	0.0	0.0	0.0	0.0	0.0	0.0	0.0	0.0	0.0	0.0	0.0	0.0	0.0	0.0	0.0	0.0019802	0.0	0.0	0.0	0.0	0.0	0.0	0.0	0.0017794	0.0	0.0	0.0	0.0	0.0	0.0	0.0	0.0	0.0	0.0020408	0.0	0.0	0.0	0.0	0.0	0.0	0.0	0.0	0.0	0.0	0.0	0.0	
Locustelle luscinioïde	0.0	0.0	0.0	0.0	0.0	0.0	0.0	0.0	0.0	0.0	0.0	0.0015	0.0015	0.0012739	0.0	0.0015	0.0	0.0	0.0015	0.0	0.0	0.0	0.0	0.0	0.0	0.0	0.0	0.0	0.0	0.0	0.0	0.0	0.0	0.0	0.0	0.0	0.0015	0.0	0.0	0.0	0.0	0.0	0.0	0.0	0.0	0.0	0.0	0.0	
Locustelle tachetée	0.0	0.0	0.0	0.0	0.0	0.0	0.0	0.0	0.0	0.0	0.0	0.0	0.0	0.0	0.0014493	0.0029821	0.0046784	9.901E-4	0.0	0.0	0.0	0.0	0.0	0.0	0.0	0.0	0.0	0.0013755	0.0	0.0	0.0	0.0015	0.0	0.0048662	0.0023041	0.0	0.0	0.0015	0.0	0.0	0.0	0.0	0.0	0.0	0.0	0.0	0.0	0.0	
Hirondelle de rivage	0.0	0.0	0.0	0.0	0.0	0.0	0.0	0.0	0.0	0.0071813	0.0272436	0.0453586	0.0344828	0.056051	0.0492754	0.0427435	0.0362573	0.0227723	0.0083102	0.0072091	0.015674	0.0139319	0.0067682	0.0065359	0.0150602	0.0160142	0.0212766	0.0220083	0.0351852	0.0254902	0.0202703	0.0363636	0.0216216	0.0340633	0.0207373	0.022449	0.0071429	0.0	0.0024038	0.0036364	0.0	0.0	0.0	0.0	0.0	0.0	0.0	0.0	
Hirondelle de rochers	0.0172414	0.0201729	0.0246914	0.0146862	0.0171429	0.0167364	0.0373692	0.0417391	0.0644068	0.0628366	0.0689103	0.0580169	0.0606897	0.0471338	0.0536232	0.0407555	0.0339181	0.0524752	0.0734072	0.0669413	0.0485893	0.0804954	0.0744501	0.0823529	0.1084337	0.1049822	0.1025145	0.0715268	0.1092593	0.1156863	0.0833333	0.0644628	0.0459459	0.0486618	0.0345622	0.0571429	0.052381	0.0405157	0.0264423	0.0163636	0.004386	0.0070755	0.0137363	0.0092764	0.008596	0.0093458	0.0107817	0.0106061	
Hirondelle rustique	0.0	0.0	0.0	0.0	0.0	0.0	0.0	0.0017391	0.0050847	0.0556553	0.1346154	0.3101266	0.3213793	0.3477707	0.4333333	0.4473161	0.4187135	0.4039604	0.4445983	0.3429454	0.3605016	0.2863777	0.2927242	0.2823529	0.3313253	0.4270463	0.3249516	0.4030261	0.4111111	0.4490196	0.4504505	0.4380165	0.3918919	0.2773723	0.2119816	0.1387755	0.1357143	0.0478821	0.0240385	0.0327273	0.0241228	0.0070755	0.0015	0.0	0.0	0.0	0.0	0.0	
Hirondelle de fenêtre	0.0	0.0	0.0	0.0	0.0	0.0	0.0014948	0.0	0.0050847	0.0143627	0.0272436	0.0664557	0.0744828	0.0917197	0.1028986	0.1262425	0.1192982	0.1227723	0.166205	0.1441813	0.153605	0.1919505	0.1641286	0.1843137	0.2138554	0.2864769	0.2669246	0.2819807	0.2962963	0.2862745	0.3310811	0.2528926	0.1648649	0.1386861	0.0760369	0.0591837	0.0238095	0.0165746	0.0024038	0.0018182	0.0	0.0	0.0	0.0	0.0	0.0	0.0	0.0	
Hirondelle rousseline	0.0	0.0	0.0	0.0	0.0	0.0	0.0	0.0	0.0	0.0	0.0016026	0.0	0.0027586	0.0012739	0.0	0.0019881	0.0	0.0	0.0	0.0	0.0	0.0	0.0	0.0	0.0	0.0	0.0	0.0	0.0	0.0	0.0	0.0	0.0	0.0	0.0	0.0	0.0	0.0	0.0	0.0	0.0	0.0	0.0	0.0	0.0	0.0	0.0	0.0	
Hirondelle rousseline, H. de Rüppell ou H. striolée	0.0	0.0	0.0	0.0	0.0	0.0	0.0	0.0	0.0	0.0	0.0	0.0	0.0015	0.0	0.0	0.0015	0.0	0.0	0.0	0.0	0.0	0.0	0.0	0.0	0.0	0.0	0.0	0.0	0.0	0.0	0.0	0.0	0.0	0.0	0.0	0.0	0.0	0.0	0.0	0.0	0.0	0.0	0.0	0.0	0.0	0.0	0.0	0.0	
hirondelle sp.	0.0	0.0	0.0	0.0	0.0	0.0	0.0	0.0	0.0	0.0017953	0.0016026	0.0	0.0	0.0015	0.0014493	9.94E-4	0.0011696	0.0015	0.0	0.0	0.0	0.0	0.0	0.0	0.001506	0.0	0.0038685	0.002751	0.0	0.0015	0.0022523	0.0016529	0.0	0.0	0.0	0.0	0.002381	0.0	0.0	0.0	0.0	0.0	0.0	0.0	0.0	0.0	0.0	0.0	
Pouillot siffleur	0.0	0.0	0.0	0.0	0.0	0.0	0.0	0.0	0.0	0.0	0.0	0.0	0.0041379	0.0203822	0.0275362	0.028827	0.0304094	0.0079208	0.0041551	0.0030896	0.0047022	0.006192	0.0084602	0.0039216	0.0045181	0.0	0.0015	0.0013755	0.0037037	0.0078431	0.0045045	0.0016529	0.0015	0.0	0.0	0.0020408	0.0	0.0	0.0	0.0	0.0	0.0	0.0	0.0	0.0	0.0	0.0	0.0	
Pouillot de Bonelli	0.0	0.0	0.0	0.0	0.0	0.0	0.0	0.0	0.0	0.0	0.0	0.0	0.0041379	0.0216561	0.0333333	0.0367793	0.0385965	0.0544554	0.0623269	0.0679712	0.1081505	0.1037152	0.071066	0.0732026	0.0542169	0.0480427	0.0425532	0.042641	0.0333333	0.0392157	0.0135135	0.0049587	0.0108108	0.0	0.0023041	0.0	0.0	0.0	0.0	0.0	0.0	0.0	0.0	0.0	0.0	0.0	0.0	0.0	
Pouillot de Hume	0.0092838	0.0	0.0138889	0.0080107	0.007619	0.0	0.0014948	0.0017391	0.0015	0.0	0.0	0.0010549	0.0	0.0	0.0	0.0	0.0	0.0	0.0	0.0	0.0	0.0	0.0	0.0	0.0	0.0	0.0	0.0	0.0	0.0	0.0	0.0	0.0	0.0	0.0	0.0	0.0	0.0	0.0	0.0	0.0	0.0	0.0	0.0	0.0	0.0070093	0.0107817	0.0106061	
Pouillot fitis	0.0	0.0	0.0	0.0	0.0	0.0	0.0	0.0	0.0	0.0	0.0032051	0.0464135	0.0731034	0.0687898	0.0608696	0.0427435	0.0222222	0.0069307	0.0027701	0.0030896	0.0	0.0	0.0	0.0	0.0	0.0	0.0	0.0013755	0.0037037	0.0098039	0.0157658	0.0165289	0.0513514	0.0316302	0.0253456	0.0244898	0.0119048	0.0110497	0.0024038	0.0015	0.0	0.0	0.0	0.0	0.0	0.0	0.0	0.0	
Pouillot véloce	0.1816976	0.1657061	0.1635802	0.141522	0.1485714	0.1841004	0.2212257	0.2869565	0.3152542	0.3644524	0.3830128	0.3481013	0.3006897	0.2343949	0.2086957	0.1451292	0.1157895	0.119802	0.1218837	0.1256437	0.153605	0.1811146	0.1370558	0.1372549	0.1400602	0.1316726	0.1160542	0.1196699	0.1166667	0.1137255	0.1396396	0.1421488	0.1189189	0.1289538	0.1428571	0.2061224	0.3857143	0.4217311	0.4807692	0.4563636	0.372807	0.3325472	0.3269231	0.2912801	0.286533	0.2429907	0.2614555	0.2287879	
pouillot sp.	0.0	0.0	0.0	0.0	0.0	0.0	0.0	0.0017391	0.0	0.0	0.0	0.0	0.0	0.0	0.0	0.0	0.0	0.0	0.001385	0.0	0.0	0.0	0.0	0.0	0.0	0.0017794	0.0	0.0	0.0	0.0	0.0022523	0.0	0.0027027	0.0	0.0	0.0	0.0	0.0	0.0	0.0	0.0	0.0	0.0	0.0	0.0	0.0	0.0	0.0	
Bouscarle de Cetti	0.0092838	0.0115274	0.0092593	0.0146862	0.0190476	0.0502092	0.0493274	0.0365217	0.0457627	0.0556553	0.0817308	0.0886076	0.0924138	0.0700637	0.0623188	0.0666004	0.0549708	0.0336634	0.0373961	0.0329557	0.0360502	0.0170279	0.0287648	0.0130719	0.0331325	0.0142349	0.0174081	0.0247593	0.0166667	0.0078431	0.0202703	0.0347107	0.0567568	0.0656934	0.0460829	0.0428571	0.0571429	0.0349908	0.0264423	0.0454545	0.0372807	0.0283019	0.0357143	0.0278293	0.0057307	0.0186916	0.0215633	0.0287879	
Orite à longue queue	0.331565	0.314121	0.3132716	0.3244326	0.3371429	0.3598326	0.4080717	0.4278261	0.3915254	0.3105925	0.2660256	0.2827004	0.2855172	0.2675159	0.2797101	0.2127237	0.1953216	0.1712871	0.1980609	0.1730175	0.1755486	0.1950464	0.1218274	0.124183	0.123494	0.13879	0.1334623	0.1554333	0.1574074	0.1392157	0.2387387	0.1933884	0.2567568	0.2481752	0.2488479	0.2755102	0.3380952	0.3001842	0.3245192	0.3854545	0.370614	0.3773585	0.3928571	0.3821892	0.3495702	0.3271028	0.3369272	0.369697	
Fauvette à tête noire	0.0835544	0.0504323	0.0555556	0.0640854	0.1161905	0.1485356	0.1928251	0.2852174	0.3271186	0.4129264	0.4647436	0.5179325	0.5668966	0.5617834	0.5608696	0.5109344	0.4666667	0.4633663	0.5096953	0.4984552	0.5329154	0.5325077	0.4754653	0.4562092	0.5240964	0.5284698	0.483559	0.4896836	0.3722222	0.2686275	0.2477477	0.1983471	0.2648649	0.2019465	0.1751152	0.1938776	0.1928571	0.1841621	0.1274038	0.1109091	0.125	0.1061321	0.0769231	0.0667904	0.1060172	0.0654206	0.083558	0.0712121	
Fauvette des jardins	0.0	0.0	0.0	0.0	0.0	0.0	0.0	0.0	0.0	0.0	0.0	0.0	0.0	0.0	0.0028986	0.0029821	0.0105263	0.009901	0.0138504	0.0288363	0.0203762	0.0294118	0.0287648	0.0653595	0.0361446	0.0409253	0.0232108	0.0206327	0.0148148	0.0039216	0.009009	0.0132231	0.027027	0.0194647	0.0184332	0.0081633	0.0047619	0.0	0.0	0.0	0.0	0.0	0.0	0.0	0.0	0.0	0.0	0.0	
Fauvette babillarde	0.0	0.0	0.0	0.0	0.0	0.0	0.0	0.0	0.0	0.0	0.0	0.0	0.0055172	0.0025478	0.0188406	0.0168986	0.005848	0.0188119	0.0373961	0.0391349	0.031348	0.0340557	0.0541455	0.048366	0.0557229	0.0427046	0.0251451	0.0275103	0.0240741	0.0215686	0.0247748	0.0363636	0.0432432	0.0364964	0.0092166	0.0081633	0.002381	0.0036832	0.0	0.0	0.0	0.0	0.0	0.0	0.0	0.0	0.0	0.0	
Fauvette orphée	0.0	0.0	0.0	0.0	0.0	0.0	0.0	0.0	0.0	0.0	0.0	0.0	0.0	0.0	0.0014493	0.0019881	0.0011696	0.0019802	0.0027701	0.0041195	0.0	0.0	0.0	0.0	0.0	0.0	0.0	0.0	0.0018519	0.0	0.0	0.0	0.0	0.0	0.0	0.0	0.0	0.0	0.0	0.0	0.0	0.0	0.0	0.0	0.0	0.0	0.0	0.0	
Fauvette mélanocéphale	0.0013263	0.0	0.0015432	0.0015	0.0015	0.0	0.0	0.0	0.0	0.0015	0.0	0.0	0.0027586	0.0025478	0.0014493	9.94E-4	0.0046784	0.0039604	0.001385	0.0082389	0.0047022	0.006192	0.0033841	0.0026144	0.0	0.0035587	0.0019342	0.0	0.0	0.0	0.0	0.0	0.0027027	0.0024331	0.0	0.0020408	0.002381	0.0	0.0	0.0015	0.0	0.0023585	0.0	0.0	0.0028653	0.0070093	0.0026954	0.0015	
Fauvette de Moltoni	0.0	0.0	0.0	0.0	0.0	0.0	0.0	0.0	0.0	0.0	0.0	0.0	0.0	0.0	0.0028986	0.0139165	0.0280702	0.0188119	0.0277008	0.0278064	0.039185	0.0278638	0.0169205	0.0169935	0.0180723	0.0160142	0.0116054	0.0151307	0.0055556	0.0039216	0.0112613	0.0033058	0.0081081	0.0	0.0	0.0020408	0.0	0.0	0.0	0.0	0.0	0.0	0.0	0.0	0.0	0.0	0.0	0.0	
Fauvette passerinette	0.0	0.0	0.0	0.0	0.0	0.0	0.0	0.0	0.0	0.0	0.0	0.0	0.0	0.0012739	0.0014493	0.0029821	0.0023392	0.0029703	0.0055402	0.0102987	0.0094044	0.004644	0.0033841	0.0039216	0.001506	0.0035587	0.0	0.0	0.0	0.0	0.0	0.0016529	0.0	0.0	0.0	0.0	0.0	0.0	0.0	0.0	0.0	0.0	0.0	0.0	0.0	0.0	0.0	0.0	
Fauvette des Balkans	0.0	0.0	0.0	0.0	0.0	0.0	0.0	0.0	0.0	0.0	0.0	0.0	0.0	0.0	0.0014493	0.0019881	0.0023392	0.0015	0.0015	0.0015	0.0	0.0	0.0	0.0015	0.0	0.0	0.0	0.0	0.0	0.0	0.0	0.0	0.0	0.0	0.0	0.0	0.0	0.0	0.0	0.0	0.0	0.0	0.0	0.0	0.0	0.0	0.0	0.0	
Fauvette passerinette ou F. des Balkans	0.0	0.0	0.0	0.0	0.0	0.0	0.0	0.0	0.0	0.0	0.0	0.0	0.0	0.0	0.0	0.0015	0.0	0.0015	0.0027701	0.0010299	0.0015674	0.001548	0.001692	0.0	0.0	0.0	0.0	0.0	0.0	0.0	0.0	0.0015	0.0027027	0.0	0.0	0.0	0.0	0.0	0.0	0.0	0.0	0.0	0.0	0.0	0.0	0.0	0.0	0.0	
Fauvette de Moltoni, F. passerinette ou F. des Balkans	0.0	0.0	0.0	0.0	0.0	0.0	0.0	0.0	0.0	0.0	0.0	0.0	0.0	0.0012739	0.0	0.0	0.0	9.901E-4	0.0	0.0	0.0	0.0	0.0	0.0	0.0	0.0	0.0	0.0	0.0	0.0	0.0	0.0	0.0	0.0	0.0	0.0	0.0	0.0	0.0	0.0	0.0	0.0	0.0	0.0	0.0	0.0	0.0	0.0	
Fauvette grisette	0.0	0.0	0.0	0.0	0.0	0.0	0.0	0.0	0.0	0.0	0.0	0.0015	0.0041379	0.0089172	0.0231884	0.0248509	0.0444444	0.0257426	0.0249307	0.0195675	0.0407524	0.0201238	0.0152284	0.0039216	0.001506	0.0017794	0.0019342	0.0013755	0.0018519	0.0015	0.0067568	0.0115702	0.0135135	0.0170316	0.0069124	0.0020408	0.002381	0.0	0.0	0.0	0.0	0.0	0.0	0.0	0.0	0.0	0.0	0.0	
Fauvette pitchou	0.0013263	0.0	0.0	0.0	0.0	0.0	0.0	0.0	0.0	0.0	0.0	0.0	0.0	0.0	0.0	0.0015	0.0	0.0	0.0	0.0	0.0	0.0	0.0	0.0	0.0	0.0	0.0	0.0	0.0	0.0	0.0	0.0	0.0	0.0	0.0023041	0.0	0.0	0.0	0.0	0.0	0.0	0.0	0.0	0.0	0.0	0.0	0.0	0.0	
Sylvia ou Curruca sp.	0.0	0.0	0.0	0.0	0.0	0.0	0.0	0.0	0.0016949	0.0	0.0	0.0	0.0	0.0	0.0	0.0	0.0	9.901E-4	0.0	0.0	0.0	0.0	0.0	0.0	0.003012	0.0	0.0	0.0013755	0.0	0.0	0.0045045	0.0015	0.0	0.0024331	0.0	0.0020408	0.0	0.0	0.0	0.0	0.0	0.0	0.0	0.0	0.0	0.0	0.0	0.0	
Paradoxornis de Webb	0.0	0.0014409	0.0	0.0	0.0	0.0	0.0	0.0	0.0	0.0015	0.0	0.0	0.0013793	0.0	0.0	9.94E-4	0.0	0.0	0.0	0.0	0.0	0.0	0.0	0.0	0.0	0.0	0.0	0.0	0.0	0.0	0.0	0.0	0.0	0.0	0.0	0.0	0.0	0.0	0.0024038	0.0	0.0	0.0	0.0	0.0	0.0	0.0	0.0	0.0	
Léiothrix jaune	0.0013263	0.0	0.0	0.0	0.0	0.0	0.0	0.0	0.0	0.0	0.0	0.0	0.0	0.0	0.0	0.0	0.0	9.901E-4	0.0	0.0	0.0	0.0	0.0	0.0	0.0	0.0	0.0	0.0	0.0	0.0	0.0	0.0	0.0	0.0	0.0	0.0	0.0	0.0	0.0	0.0	0.0	0.0	0.0	0.0	0.0	0.0	0.0	0.0	
Roitelet huppé	0.2307692	0.1801153	0.1728395	0.1281709	0.1504762	0.1066946	0.1255605	0.0852174	0.0542373	0.048474	0.0384615	0.021097	0.0206897	0.0076433	0.0057971	0.0069583	0.0070175	0.0079208	0.0110803	0.0102987	0.015674	0.0123839	0.0084602	0.0300654	0.0165663	0.0266904	0.0116054	0.0233838	0.0314815	0.0352941	0.0157658	0.0479339	0.0324324	0.0389294	0.0230415	0.044898	0.0714286	0.0847145	0.1298077	0.2090909	0.2587719	0.2806604	0.260989	0.2653061	0.2951289	0.2733645	0.2695418	0.2363636	
Roitelet à triple bandeau	0.0596817	0.074928	0.0570988	0.0600801	0.0533333	0.0439331	0.0538117	0.0747826	0.0542373	0.0574506	0.0705128	0.0527426	0.0689655	0.0611465	0.0463768	0.0387674	0.0397661	0.0257426	0.0429363	0.061792	0.0783699	0.0557276	0.0406091	0.0496732	0.0301205	0.0266904	0.0309478	0.0165062	0.0222222	0.0333333	0.0292793	0.0512397	0.0459459	0.0462287	0.0483871	0.0795918	0.0738095	0.0515654	0.0721154	0.0745455	0.0811404	0.0825472	0.0686813	0.0797774	0.0802292	0.0957944	0.1105121	0.0893939	
Roitelet huppé ou R. à triple bandeau	0.0	0.0	0.0030864	0.0053405	0.0038095	0.0020921	0.0029895	0.0017391	0.0016949	0.0015	0.0016026	0.0	0.0	0.0	0.0	0.0	0.0	0.0	0.0	0.0	0.0	0.0	0.0	0.0	0.0	0.0	0.0	0.0015	0.0018519	0.0	0.0	0.0	0.0	0.0	0.0023041	0.0	0.0	0.0	0.0	0.0018182	0.0015	0.0	0.0054945	0.0055659	0.0057307	0.0	0.0026954	0.0015152	
Tichodrome échelette	0.0066313	0.0086455	0.0061728	0.0066756	0.007619	0.0062762	0.0134529	0.0086957	0.0015	0.0017953	0.0064103	0.0	0.0015	0.0012739	0.0014493	0.0015	0.0	0.0	0.001385	0.0	0.0015674	0.0077399	0.001692	0.0026144	0.003012	0.0015	0.0019342	0.002751	0.0037037	0.0039216	0.0015	0.0	0.0	0.0072993	0.0	0.0020408	0.0047619	0.0092081	0.0048077	0.0054545	0.004386	0.0117925	0.010989	0.0092764	0.0143266	0.0023364	0.0053908	0.0045455	
Sittelle torchepot	0.2015915	0.1700288	0.1805556	0.1668892	0.2095238	0.1820084	0.206278	0.2365217	0.2067797	0.2333932	0.1682692	0.2056962	0.1475862	0.143949	0.1173913	0.0805169	0.0596491	0.0663366	0.0637119	0.0813594	0.1018809	0.0866873	0.0744501	0.0771242	0.0753012	0.0711744	0.106383	0.1100413	0.1	0.1333333	0.213964	0.1570248	0.1783784	0.1313869	0.1382488	0.1795918	0.1833333	0.160221	0.1610577	0.1709091	0.1929825	0.1627358	0.217033	0.1929499	0.1833811	0.1752336	0.2210243	0.2227273	
Grimpereau des bois	0.030504	0.0172911	0.0092593	0.0160214	0.0228571	0.0020921	0.0164425	0.0191304	0.0101695	0.0125673	0.0064103	0.007384	0.0124138	0.011465	0.0072464	0.0039761	0.0105263	0.0118812	0.0180055	0.0175077	0.0297806	0.0309598	0.0236887	0.0366013	0.0240964	0.0284698	0.0386847	0.0412655	0.062963	0.0509804	0.0405405	0.0446281	0.0216216	0.0218978	0.016129	0.0326531	0.0309524	0.0331492	0.0216346	0.0381818	0.0175439	0.0283019	0.0192308	0.0111317	0.0286533	0.0093458	0.0215633	0.0121212	
Grimpereau des jardins	0.1233422	0.1037464	0.1080247	0.1121495	0.1390476	0.1150628	0.1210762	0.1721739	0.1355932	0.1328546	0.1009615	0.1234177	0.142069	0.1477707	0.1188406	0.1053678	0.0830409	0.0930693	0.0844875	0.0968074	0.1206897	0.1083591	0.072758	0.0771242	0.064759	0.0658363	0.0715667	0.0990371	0.0851852	0.0843137	0.1013514	0.1041322	0.0891892	0.0973236	0.0921659	0.1	0.1404762	0.1104972	0.1298077	0.1345455	0.1491228	0.120283	0.1318681	0.1280148	0.1432665	0.1331776	0.1078167	0.1121212	
Grimpereau des bois ou G. des jardins	0.005305	0.0	0.0	0.0	0.0	0.0	0.0014948	0.0	0.0	0.0	0.0016026	0.0	0.0	0.0	0.0	0.0	0.0011696	0.0	0.0	0.0	0.0	0.0	0.0033841	0.0013072	0.0	0.0017794	0.0	0.002751	0.0	0.0	0.0022523	0.0	0.0	0.0024331	0.0	0.0	0.0	0.0018416	0.0024038	0.0	0.004386	0.0	0.0	0.0	0.0028653	0.0	0.0	0.0015152	
Troglodyte mignon	0.3196286	0.2636888	0.2638889	0.271028	0.2857143	0.2468619	0.2421525	0.2643478	0.2355932	0.2190305	0.2003205	0.2014768	0.1572414	0.1286624	0.0971014	0.0765408	0.0725146	0.0871287	0.0955679	0.1019567	0.137931	0.1470588	0.1201354	0.130719	0.121988	0.1352313	0.1450677	0.1265475	0.087037	0.0901961	0.0878378	0.0826446	0.0756757	0.0729927	0.0253456	0.0714286	0.1190476	0.1620626	0.2283654	0.3145455	0.3289474	0.379717	0.4148352	0.4155844	0.4097421	0.3411215	0.3557951	0.3545455	
Cincle plongeur	0.0450928	0.0345821	0.0478395	0.0520694	0.0361905	0.0313808	0.0254111	0.0382609	0.0271186	0.0305206	0.0144231	0.0274262	0.0206897	0.0216561	0.0188406	0.0159046	0.0152047	0.009901	0.0193906	0.0175077	0.0203762	0.0232198	0.0321489	0.0156863	0.0256024	0.0355872	0.0154739	0.0178817	0.0462963	0.054902	0.0292793	0.0231405	0.0324324	0.0291971	0.0322581	0.0081633	0.0404762	0.0276243	0.0264423	0.0472727	0.0416667	0.0283019	0.0467033	0.0538033	0.0573066	0.0350467	0.0566038	0.0575758	
Étourneau sansonnet	0.0769231	0.0720461	0.0694444	0.0881175	0.087619	0.1338912	0.2167414	0.3078261	0.2915254	0.3339318	0.3573718	0.3438819	0.3517241	0.3286624	0.3550725	0.3648111	0.3859649	0.3930693	0.3711911	0.2739444	0.2931034	0.2089783	0.1996616	0.1686275	0.1355422	0.1120996	0.073501	0.0839065	0.0759259	0.0921569	0.0990991	0.1157025	0.127027	0.1557178	0.1589862	0.1387755	0.1285714	0.1307551	0.1322115	0.1490909	0.129386	0.125	0.1318681	0.122449	0.1174785	0.114486	0.1132075	0.1030303	
Étourneau roselin	0.0	0.0	0.0	0.0	0.0	0.0	0.0	0.0	0.0	0.0	0.0	0.0	0.0	0.0	0.0	0.0	0.0	0.0	0.0	0.0082389	0.0047022	0.0	0.0	0.0	0.0	0.0	0.0	0.0	0.0	0.0	0.0	0.0	0.0	0.0	0.0	0.0	0.0	0.0	0.0	0.0	0.0	0.0	0.0	0.0	0.0	0.0	0.0	0.0	
Grive draine	0.0397878	0.0244957	0.0216049	0.0293725	0.0571429	0.0313808	0.064275	0.0765217	0.0389831	0.0502693	0.0416667	0.0379747	0.0289655	0.044586	0.042029	0.026839	0.0327485	0.0455446	0.0747922	0.0607621	0.0815047	0.0789474	0.0862944	0.0732026	0.0512048	0.0587189	0.0580271	0.0495186	0.0462963	0.0235294	0.0382883	0.031405	0.0297297	0.0170316	0.0207373	0.0346939	0.0642857	0.0755064	0.0817308	0.0690909	0.0372807	0.0330189	0.0384615	0.0408163	0.0372493	0.0303738	0.0188679	0.0166667	
Grive musicienne	0.0503979	0.0345821	0.0416667	0.0480641	0.0666667	0.0669456	0.0956652	0.1547826	0.1389831	0.1777379	0.1842949	0.1508439	0.1351724	0.1184713	0.0884058	0.0675944	0.0736842	0.0663366	0.0734072	0.0813594	0.1097179	0.1130031	0.0981387	0.0640523	0.0436747	0.0516014	0.0309478	0.0220083	0.0388889	0.0196078	0.0135135	0.0099174	0.0189189	0.0072993	0.0115207	0.0265306	0.1309524	0.174954	0.2307692	0.1618182	0.1140351	0.0518868	0.0769231	0.0686456	0.0687679	0.0607477	0.0485175	0.0621212	
Grive mauvis	0.0331565	0.0273775	0.0231481	0.0253672	0.0190476	0.0167364	0.0149477	0.0208696	0.0169492	0.010772	0.0208333	0.021097	0.0013793	0.0015	0.0	0.0	0.0	0.0	0.0	0.0	0.0	0.0	0.0	0.0	0.0	0.0	0.0	0.0	0.0	0.0	0.0	0.0	0.0	0.0	0.0	0.0	0.0047619	0.0276243	0.0456731	0.0472727	0.0504386	0.0542453	0.0961538	0.0612245	0.0601719	0.0630841	0.0404313	0.0348485	
Merle noir	0.5026525	0.4207493	0.462963	0.447263	0.4647619	0.4790795	0.5321375	0.5965217	0.6033898	0.6122083	0.6201923	0.5791139	0.6193103	0.633121	0.6275362	0.6202783	0.5614035	0.5980198	0.6371191	0.6220391	0.6896552	0.6331269	0.5668359	0.5581699	0.5316265	0.4679715	0.4197292	0.3755158	0.35	0.254902	0.2657658	0.2561983	0.3135135	0.2725061	0.3087558	0.3163265	0.4047619	0.427256	0.4735577	0.4472727	0.4451754	0.4316038	0.478022	0.5157699	0.52149	0.5116822	0.490566	0.4969697	
Grive litorne	0.0517241	0.0489914	0.0447531	0.0493992	0.0514286	0.0543933	0.0702541	0.0713043	0.0644068	0.043088	0.036859	0.0369198	0.0124138	0.0063694	0.0028986	0.0029821	0.0015	0.0029703	0.0124654	0.0144181	0.0141066	0.0092879	0.0219966	0.020915	0.0135542	0.0088968	0.0174081	0.0123796	0.0092593	0.0137255	0.0067568	0.0033058	0.0054054	0.0048662	0.0023041	0.0061224	0.0142857	0.0055249	0.0144231	0.0163636	0.0219298	0.0259434	0.0521978	0.0705009	0.0687679	0.0560748	0.0485175	0.0530303	
Merle à plastron	0.0013263	0.0	0.0	0.0013351	0.0	0.0	0.0014948	0.0	0.0016949	0.0035907	0.0032051	0.0042194	0.0041379	0.0076433	0.0014493	0.0049702	0.0070175	0.0118812	0.0138504	0.0102987	0.0109718	0.0185759	0.0135364	0.0196078	0.0195783	0.019573	0.0193424	0.0233838	0.0185185	0.0078431	0.0067568	0.0033058	0.0054054	0.0121655	0.0023041	0.0061224	0.0119048	0.0055249	0.0072115	0.0036364	0.0	0.0	0.0	0.0	0.0	0.0	0.0	0.0015	
Turdus sp.	0.0013263	0.0	0.0015	0.0013351	0.0	0.0	0.0	0.0	0.0	0.0	0.0	0.0015	0.0	0.0	0.0	0.0	0.0	0.0	0.0	0.0	0.0	0.0	0.0	0.0	0.0	0.0	0.0015	0.0015	0.0	0.0019608	0.0015	0.0	0.0	0.0	0.0	0.0	0.0	0.0	0.0	0.0015	0.0015	0.0	0.0	0.0	0.0	0.0	0.0	0.0	
turdidé sp.	0.0	0.0	0.0	0.0	0.0	0.0	0.0	0.0	0.0	0.0	0.0	0.0	0.0	0.0	0.0	0.0	0.0	0.0	0.0	0.0	0.0	0.0	0.0	0.0	0.0	0.0	0.0	0.0	0.0	0.0	0.0	0.0	0.0	0.0	0.0	0.0	0.002381	0.0	0.0	0.0	0.0	0.0	0.0	0.0	0.0	0.0	0.0	0.0	
Gobemouche gris	0.0	0.0	0.0	0.0	0.0	0.0	0.0	0.0	0.0	0.0	0.0	0.0	0.0	0.0	0.0072464	0.0079523	0.0339181	0.0544554	0.0747922	0.0803296	0.0783699	0.0665635	0.0389171	0.075817	0.0737952	0.0729537	0.0889749	0.090784	0.0925926	0.0764706	0.0788288	0.0595041	0.072973	0.0510949	0.0299539	0.0306122	0.0166667	0.0	0.0	0.0	0.0	0.0	0.0	0.0	0.0	0.0	0.0	0.0	
Rougegorge familier	0.6007958	0.4985591	0.5169753	0.4686248	0.4647619	0.4351464	0.4394619	0.5008696	0.4525424	0.4775583	0.4455128	0.3829114	0.3448276	0.2828025	0.2362319	0.1709742	0.1824561	0.1831683	0.2077562	0.2018538	0.2351097	0.244582	0.2064298	0.2130719	0.1716867	0.1459075	0.1257253	0.1416781	0.1481481	0.1196078	0.1283784	0.1322314	0.1432432	0.1484185	0.2119816	0.3346939	0.5547619	0.5856354	0.6081731	0.7072727	0.6469298	0.6462264	0.5989011	0.6512059	0.6303725	0.614486	0.5579515	0.5742424	
Rossignol progné	0.0	0.0	0.0	0.0	0.0	0.0	0.0	0.0	0.0	0.0	0.0	0.0	0.0	0.0	0.0	0.0	0.0	0.0	0.0	0.0	0.0	0.0	0.0	0.0	0.0	0.0	0.0	0.0	0.0	0.0	0.0	0.0015	0.0	0.0	0.0	0.0	0.0	0.0	0.0	0.0	0.0	0.0	0.0	0.0	0.0	0.0	0.0	0.0	
Rossignol philomèle	0.0	0.0	0.0	0.0	0.0	0.0	0.0	0.0	0.0	0.0	0.0	0.0021097	0.0358621	0.1019108	0.2057971	0.2982107	0.2923977	0.3009901	0.2797784	0.2440783	0.2492163	0.1718266	0.1759729	0.1856209	0.1626506	0.1227758	0.1102515	0.0866575	0.0592593	0.0823529	0.0878378	0.0661157	0.0675676	0.0729927	0.0230415	0.0183673	0.002381	0.0	0.0	0.0	0.0	0.0	0.0	0.0	0.0	0.0	0.0	0.0	
Gorgebleue à miroir	0.0	0.0	0.0	0.0	0.0	0.0	0.0	0.0	0.0	0.0017953	0.0016026	0.0021097	0.0041379	0.0025478	0.0057971	9.94E-4	0.0	0.0	0.0	0.0	0.0	0.0	0.0	0.0	0.0	0.0	0.0	0.0	0.0	0.0	0.0022523	0.0016529	0.0015	0.0145985	0.0138249	0.0040816	0.0	0.0018416	0.0	0.0	0.0	0.0	0.0	0.0	0.0	0.0	0.0	0.0	
Gobemouche noir	0.0	0.0	0.0	0.0	0.0	0.0	0.0	0.0	0.0	0.0	0.0	0.0010549	0.0068966	0.0165605	0.0507246	0.028827	0.0315789	0.0148515	0.0041551	0.0	0.0	0.0	0.0	0.0	0.0	0.0	0.0	0.0	0.0203704	0.0509804	0.0968468	0.1619835	0.2702703	0.270073	0.1082949	0.0469388	0.0071429	0.0015	0.0	0.0	0.0	0.0	0.0	0.0	0.0	0.0	0.0	0.0	
Gobemouche à collier	0.0	0.0	0.0	0.0	0.0	0.0	0.0	0.0	0.0	0.0	0.0	0.0	0.0	0.0012739	0.0014493	9.94E-4	0.0	0.0	0.0	0.0	0.0	0.0	0.0	0.0	0.0	0.0	0.0	0.0	0.0	0.0	0.0	0.0	0.0	0.0	0.0	0.0	0.0	0.0	0.0	0.0	0.0	0.0	0.0	0.0	0.0	0.0	0.0	0.0	
Rougequeue à front blanc	0.0	0.0	0.0	0.0	0.0	0.0	0.0	0.0	0.0	0.0	0.0064103	0.0379747	0.1048276	0.1464968	0.1855072	0.1729622	0.1181287	0.1455446	0.1551247	0.1493306	0.1661442	0.1764706	0.1759729	0.1267974	0.0873494	0.0622776	0.065764	0.0660248	0.0648148	0.0392157	0.0743243	0.0677686	0.0648649	0.0486618	0.0414747	0.055102	0.0452381	0.0092081	0.0015	0.0015	0.0015	0.0023585	0.0	0.0	0.0	0.0	0.0	0.0	
Rougequeue noir	0.2267905	0.1887608	0.1682099	0.176235	0.1428571	0.1359833	0.161435	0.1321739	0.1237288	0.1597846	0.2403846	0.2194093	0.2193103	0.1910828	0.1942029	0.1441352	0.1345029	0.1445545	0.2091413	0.2142122	0.2100313	0.2368421	0.2538071	0.2052288	0.248494	0.2366548	0.2088975	0.2145805	0.1833333	0.1823529	0.1576577	0.1471074	0.1621622	0.1508516	0.1267281	0.1673469	0.1857143	0.2504604	0.2211538	0.2709091	0.2675439	0.254717	0.2774725	0.2374768	0.1977077	0.1892523	0.2075472	0.2424242	
Rougequeue à front blanc ou R. noir	0.0013263	0.0	0.0015432	0.0	0.0	0.0015	0.0	0.0	0.0015	0.0	0.0	0.0021097	0.0	0.0	0.0	0.0	0.0035088	0.0	0.0015	0.0010299	0.0	0.0	0.0	0.0	0.003012	0.0	0.0058027	0.0	0.0	0.0019608	0.0045045	0.0033058	0.0	0.0	0.0023041	0.0020408	0.0095238	0.0018416	0.0	0.0	0.0	0.0	0.0	0.0	0.0028653	0.0	0.0	0.0015152	
rougequeue sp.	0.0	0.0	0.0	0.0	0.0	0.0	0.0	0.0	0.0	0.0	0.0	0.0	0.0	0.0	0.0	9.94E-4	0.0	0.0	0.0	0.0	0.0	0.0	0.0	0.0	0.0	0.0015	0.0	0.0	0.0	0.0	0.0	0.0	0.0	0.0024331	0.0	0.0	0.0015	0.0	0.0	0.0	0.0	0.0	0.0	0.0	0.0	0.0	0.0	0.0	
Monticole de roche	0.0	0.0	0.0	0.0	0.0	0.0	0.0	0.0	0.0	0.0	0.0	0.0	0.0	0.0	0.0	0.0015	0.0035088	0.0089109	0.0124654	0.0082389	0.0094044	0.0216718	0.0219966	0.0156863	0.0165663	0.0142349	0.0174081	0.0096286	0.0111111	0.0078431	0.009009	0.0132231	0.0108108	0.0121655	0.0046083	0.0015	0.0	0.0	0.0	0.0015	0.0	0.0	0.0	0.0	0.0	0.0	0.0	0.0	
Monticole bleu	0.0	0.0	0.0	0.0	0.0	0.0	0.0029895	0.0052174	0.0050847	0.0035907	0.0	0.0	0.0013793	0.0	0.0014493	0.0	0.0011696	0.0	0.0041551	0.0010299	0.0015674	0.004644	0.0	0.0	0.0	0.0	0.0019342	0.0015	0.0037037	0.0015	0.0	0.0016529	0.0	0.0	0.0	0.0020408	0.0	0.0036832	0.0	0.0018182	0.0	0.0023585	0.0	0.0018553	0.0	0.0	0.0053908	0.0	
Tarier des prés	0.0	0.0	0.0	0.0	0.0019048	0.0	0.0	0.0017391	0.0	0.0	0.0	0.0	0.0041379	0.0101911	0.0318841	0.0536779	0.0573099	0.0405941	0.0470914	0.0494336	0.0485893	0.0743034	0.0862944	0.0797386	0.0813253	0.069395	0.0618956	0.0591472	0.0574074	0.0411765	0.0495495	0.0661157	0.072973	0.0656934	0.0322581	0.0285714	0.0261905	0.0110497	0.0024038	0.0015	0.002193	0.0	0.0	0.0	0.0	0.0	0.0	0.0	
Tarier pâtre	0.0875332	0.0706052	0.0385802	0.0520694	0.0590476	0.0690377	0.0717489	0.066087	0.0627119	0.0466786	0.0496795	0.0327004	0.0289655	0.0267516	0.0391304	0.0367793	0.0561404	0.0356436	0.033241	0.0360453	0.0595611	0.0154799	0.035533	0.0065359	0.0105422	0.0071174	0.0058027	0.0096286	0.0092593	0.0078431	0.0112613	0.0082645	0.0405405	0.0437956	0.016129	0.022449	0.047619	0.0644567	0.1057692	0.1127273	0.1096491	0.1320755	0.1263736	0.1428571	0.1174785	0.0981308	0.1051213	0.1045455	
Traquet motteux	0.0	0.0	0.0	0.0	0.0	0.0	0.0	0.0	0.0	0.0	0.0016026	0.0021097	0.0124138	0.0140127	0.0333333	0.0735586	0.0573099	0.0415842	0.0498615	0.038105	0.0407524	0.0727554	0.1032149	0.0771242	0.0978916	0.1014235	0.0831721	0.090784	0.0777778	0.0862745	0.0743243	0.092562	0.0918919	0.0656934	0.0552995	0.0469388	0.0595238	0.0257827	0.0072115	0.0036364	0.0015	0.0	0.0	0.0	0.0	0.0	0.0	0.0	
Traquet oreillard	0.0	0.0	0.0	0.0	0.0	0.0	0.0	0.0	0.0	0.0	0.0	0.0	0.0	0.0	0.0028986	0.0	0.0023392	0.0	0.0	0.0	0.0	0.0	0.0	0.0	0.0	0.0	0.0	0.0	0.0	0.0	0.0	0.0	0.0	0.0	0.0	0.0	0.0	0.0	0.0	0.0	0.0	0.0	0.0	0.0	0.0	0.0	0.0	0.0	
Traquet oreillard ou T. noir et blanc	0.0	0.0	0.0	0.0	0.0	0.0	0.0	0.0	0.0	0.0	0.0	0.0	0.0	0.0	0.0015	0.0	0.0	0.0	0.0	0.0	0.0	0.0	0.0	0.0	0.0	0.0	0.0	0.0	0.0	0.0	0.0	0.0	0.0	0.0	0.0	0.0	0.0	0.0	0.0	0.0	0.0	0.0	0.0	0.0	0.0	0.0	0.0	0.0	
Oenanthe sp.	0.0	0.0	0.0	0.0	0.0	0.0	0.0	0.0	0.0	0.0	0.0	0.0	0.0	0.0	0.0	0.0	0.0	0.0	0.0	0.0	0.0	0.0015	0.0	0.0	0.0	0.0	0.0	0.0	0.0	0.0019608	0.0	0.0	0.0	0.0	0.0	0.0	0.0	0.0	0.0	0.0	0.0	0.0	0.0	0.0	0.0	0.0	0.0	0.0	
Accenteur alpin	0.0119363	0.0115274	0.0138889	0.0186916	0.0152381	0.0104603	0.0074738	0.0034783	0.0016949	0.0035907	0.0032051	0.0010549	0.0	0.0012739	0.0	0.0	0.0011696	9.901E-4	0.0055402	0.0030896	0.0047022	0.0139319	0.0186125	0.0169935	0.0180723	0.0160142	0.0154739	0.0247593	0.0074074	0.0156863	0.0135135	0.0082645	0.0108108	0.0072993	0.0115207	0.0081633	0.0095238	0.0092081	0.0120192	0.0145455	0.002193	0.004717	0.0164835	0.0055659	0.0200573	0.0116822	0.0053908	0.0166667	
Accenteur mouchet	0.1856764	0.1700288	0.1558642	0.1628838	0.1219048	0.1087866	0.083707	0.0852174	0.0762712	0.0736086	0.0384615	0.0232068	0.0151724	0.011465	0.0086957	0.0079523	0.0152047	0.0207921	0.0207756	0.0360453	0.0266458	0.0526316	0.0609137	0.054902	0.061747	0.0498221	0.0522244	0.0385144	0.037037	0.0156863	0.027027	0.0115702	0.0135135	0.0243309	0.0115207	0.022449	0.0642857	0.0847145	0.1778846	0.2	0.1885965	0.1910377	0.1813187	0.2430427	0.1833811	0.2079439	0.1967655	0.1969697	
Moineau domestique	0.0013263	0.0	0.0015432	0.0	0.0	0.0015	0.0014948	0.0017391	0.0	0.0	0.0	0.0	0.0	0.0	0.0014493	0.0	0.0	0.0	0.0	0.0020597	0.0	0.0015	0.0	0.0	0.0	0.0035587	0.0	0.0015	0.0	0.0	0.0	0.0	0.0	0.0	0.0	0.0	0.0	0.0	0.0	0.0	0.0	0.0	0.0	0.0	0.0	0.0	0.0	0.0	
Moineau cisalpin	0.1949602	0.1340058	0.1311728	0.1508678	0.1619048	0.1924686	0.1898356	0.2330435	0.2118644	0.2621185	0.2884615	0.2299578	0.2303448	0.2382166	0.2507246	0.2475149	0.2304094	0.2712871	0.3310249	0.3202884	0.3557994	0.2910217	0.321489	0.3254902	0.3358434	0.3274021	0.3249516	0.3232462	0.3518519	0.3	0.2297297	0.1900826	0.1864865	0.1751825	0.1520737	0.177551	0.1833333	0.1896869	0.1754808	0.1909091	0.1622807	0.1556604	0.2005495	0.16141	0.1805158	0.1775701	0.1563342	0.1863636	
Hybride Moineau domestique x M. cisalpin	0.0	0.0014409	0.0	0.0	0.0	0.0	0.0	0.0017391	0.0	0.0	0.0	0.0	0.0	0.0	0.0014493	0.0015	0.0	0.0	0.0015	0.0020597	0.0015	0.0	0.0015	0.0026144	0.0	0.0	0.0	0.0	0.0018519	0.0	0.0	0.0	0.0	0.0	0.0	0.0	0.0	0.0	0.0	0.0	0.0	0.0	0.0	0.0	0.0	0.0	0.0	0.0	
Moineau domestique ou M. cisalpin	0.0	0.0014409	0.0015432	0.0013351	0.0	0.0	0.0	0.0	0.0	0.0	0.0	0.0	0.0	0.0	0.0	0.0	0.0023392	0.0	0.0	0.0	0.0	0.0	0.001692	0.0	0.0	0.0017794	0.0	0.0	0.0018519	0.0019608	0.0	0.0	0.0	0.0	0.0023041	0.0	0.0	0.0	0.0	0.0	0.0	0.0	0.0	0.0	0.0	0.0	0.0	0.0015	
Moineau friquet	0.1816976	0.1455331	0.125	0.1455274	0.1447619	0.1422594	0.1689088	0.1791304	0.1627119	0.1543986	0.2003205	0.1708861	0.1365517	0.1248408	0.1550725	0.1650099	0.1497076	0.1514851	0.1634349	0.115345	0.1159875	0.0959752	0.0829103	0.0941176	0.0918675	0.1227758	0.0773694	0.1072902	0.1111111	0.1039216	0.1283784	0.1305785	0.0945946	0.1459854	0.09447	0.1102041	0.1547619	0.1565378	0.1850962	0.2109091	0.2017544	0.1698113	0.1675824	0.2003711	0.1891117	0.1682243	0.1913747	0.2151515	
Passer sp.	0.0015	0.0	0.0	0.0	0.0	0.0	0.0029895	0.0017391	0.0084746	0.0035907	0.0016026	0.0	0.0	0.0012739	0.0	0.0019881	0.0	0.0	0.001385	0.0010299	0.0	0.001548	0.0	0.0	0.0015	0.0	0.0019342	0.0013755	0.0018519	0.0	0.0022523	0.0033058	0.0027027	0.0	0.0	0.0	0.002381	0.0	0.0	0.0018182	0.0	0.0	0.0	0.0018553	0.0	0.0015	0.0026954	0.0015152	
Moineau soulcie	0.0	0.0	0.0	0.0	0.0	0.0	0.0	0.0	0.0	0.0	0.0	0.0	0.0013793	0.0025478	0.0015	0.0	0.0	0.0039604	0.0041551	0.0061792	0.007837	0.0077399	0.0067682	0.0156863	0.0120482	0.0106762	0.0116054	0.0096286	0.0055556	0.0015	0.0022523	0.0033058	0.0	0.0024331	0.0	0.0	0.0	0.0	0.0	0.0	0.0	0.0	0.0	0.0	0.0	0.0	0.0	0.0	
Niverolle alpine	0.0013263	0.0	0.0015	0.0013351	0.0015	0.0015	0.0014948	0.0017391	0.0	0.0	0.0	0.0010549	0.0027586	0.0	0.0	0.0	0.0	9.901E-4	0.001385	0.0010299	0.0031348	0.006192	0.0169205	0.0065359	0.0165663	0.0142349	0.0154739	0.0206327	0.0055556	0.0015	0.0022523	0.0033058	0.0027027	0.0	0.0015	0.0	0.0015	0.0018416	0.0	0.0	0.002193	0.0015	0.0	0.0	0.0	0.0	0.0	0.0015152	
Bergeronnette des ruisseaux	0.1697613	0.1685879	0.1435185	0.11749	0.1047619	0.1443515	0.1076233	0.1356522	0.140678	0.1292639	0.0865385	0.0917722	0.0606897	0.0611465	0.0695652	0.0586481	0.0397661	0.0336634	0.0498615	0.0453141	0.0407524	0.0495356	0.0423012	0.0444444	0.0737952	0.0711744	0.0715667	0.0990371	0.1148148	0.1235294	0.1036036	0.1057851	0.1135135	0.0997567	0.1497696	0.1612245	0.1904762	0.1639042	0.1658654	0.2	0.1469298	0.2075472	0.1895604	0.1725417	0.217765	0.203271	0.1859838	0.1878788	
Bergeronnette printanière	0.0	0.0	0.0	0.0	0.0	0.0	0.0	0.0	0.0	0.0035907	0.0224359	0.0696203	0.1268966	0.1184713	0.1188406	0.1093439	0.128655	0.070297	0.0595568	0.0267765	0.0329154	0.0309598	0.0186125	0.0169935	0.0286145	0.0177936	0.0270793	0.0467675	0.0722222	0.0862745	0.1103604	0.0661157	0.1054054	0.0778589	0.0483871	0.0265306	0.0071429	0.0018416	0.0	0.0015	0.0	0.0	0.0	0.0	0.0	0.0	0.0	0.0	
Bergeronnette grise	0.2214854	0.2377522	0.1820988	0.1682243	0.1580952	0.1966527	0.1913303	0.2556522	0.2932203	0.2890485	0.2788462	0.2457806	0.2206897	0.1719745	0.2014493	0.1580517	0.1637427	0.1445545	0.1911357	0.1709578	0.2053292	0.1904025	0.2115059	0.2130719	0.253012	0.2544484	0.1972921	0.2310867	0.2074074	0.2333333	0.1711712	0.1818182	0.1675676	0.1192214	0.1359447	0.1591837	0.2309524	0.2744015	0.3221154	0.3109091	0.2785088	0.2570755	0.2252747	0.2615955	0.269341	0.2523364	0.245283	0.2181818	
bergeronette sp.	0.0	0.0	0.0	0.0013351	0.0	0.0015	0.0	0.0	0.0016949	0.0	0.0	0.0031646	0.0	0.0	0.0	9.94E-4	0.0015	0.0	0.0	0.0010299	0.0015	0.0	0.0	0.0	0.001506	0.0	0.0	0.0	0.0	0.0015	0.0	0.0	0.0027027	0.0	0.0	0.0061224	0.002381	0.0018416	0.0	0.0018182	0.0	0.0	0.0	0.0	0.0	0.0	0.0	0.0015152	
Pipit de Richard	0.0013263	0.0015	0.0	0.0013351	0.0	0.0	0.0	0.0	0.0016949	0.0	0.0	0.0	0.0	0.0	0.0	9.94E-4	0.0	0.0	0.0	0.0	0.0	0.0	0.0	0.0	0.0	0.0	0.0	0.0	0.0	0.0	0.0	0.0	0.0	0.0	0.0	0.0	0.0	0.0	0.0	0.0036364	0.0	0.0	0.0	0.0	0.0	0.0	0.0	0.0030303	
Pipit rousseline	0.0	0.0	0.0	0.0	0.0	0.0	0.0	0.0	0.0	0.0	0.0	0.0	0.0	0.0025478	0.0014493	0.0079523	0.0046784	9.901E-4	0.0041551	0.0072091	0.0109718	0.001548	0.0084602	0.0052288	0.003012	0.0017794	0.0	0.0	0.0	0.0	0.0015	0.0	0.0054054	0.0015	0.0	0.0	0.0015	0.0	0.0	0.0	0.0	0.0	0.0	0.0	0.0	0.0	0.0	0.0	
Pipit farlouse	0.1206897	0.1224784	0.1141975	0.1028037	0.1142857	0.1129707	0.0956652	0.106087	0.0830508	0.0628366	0.0641026	0.1139241	0.0924138	0.044586	0.0275362	0.0039761	0.0011696	0.0	0.0	0.0	0.0	0.0	0.0	0.0	0.0	0.0	0.0	0.0	0.0	0.0	0.0	0.0	0.0	0.0	0.0	0.0020408	0.0833333	0.2007366	0.2307692	0.2636364	0.2412281	0.2264151	0.2445055	0.2337662	0.1719198	0.1658879	0.148248	0.1575758	
Pipit des arbres	0.0	0.0	0.0	0.0	0.0	0.0	0.0	0.0	0.0	0.0	0.0	0.0031646	0.017931	0.0267516	0.0608696	0.0516899	0.0596491	0.0455446	0.0554017	0.0597322	0.0846395	0.0897833	0.1015228	0.0993464	0.1009036	0.069395	0.0522244	0.0371389	0.0462963	0.0411765	0.0698198	0.1322314	0.1972973	0.189781	0.0829493	0.0612245	0.0595238	0.0405157	0.0168269	0.0018182	0.0	0.0	0.0	0.0	0.0	0.0	0.0	0.0	
Pipit à dos olive	0.0	0.0	0.0	0.0	0.0	0.0	0.0	0.0	0.0	0.0	0.0	0.0	0.0	0.0	0.0	0.0	0.0	0.0	0.0	0.0	0.0	0.0	0.0	0.0	0.0	0.0	0.0	0.0	0.0	0.0	0.0	0.0	0.0	0.0	0.0	0.0	0.0	0.0	0.0	0.0	0.0	0.0023585	0.0137363	0.0	0.0	0.0015	0.0	0.0	
Pipit à gorge rousse	0.0	0.0	0.0	0.0	0.0	0.0	0.0	0.0	0.0	0.0	0.0	0.0	0.0	0.0	0.0028986	0.0029821	0.0023392	0.0	0.0	0.0	0.0	0.0	0.0	0.0	0.0	0.0	0.0	0.0	0.0	0.0	0.0	0.0	0.0015	0.0	0.0	0.0	0.0	0.0073665	0.0048077	0.0036364	0.002193	0.0	0.0	0.0	0.0	0.0	0.0	0.0	
Pipit spioncelle	0.0901857	0.0850144	0.066358	0.0640854	0.0628571	0.0711297	0.083707	0.0643478	0.0728814	0.0789946	0.0897436	0.1149789	0.0993103	0.0509554	0.0434783	0.0218688	0.0140351	0.0178218	0.0277008	0.0298661	0.0266458	0.0557276	0.072758	0.0732026	0.0828313	0.069395	0.0599613	0.0756534	0.0685185	0.0607843	0.0585586	0.061157	0.0513514	0.0778589	0.0345622	0.0306122	0.0952381	0.1473297	0.1850962	0.1818182	0.1557018	0.134434	0.1263736	0.135436	0.0916905	0.1238318	0.0997305	0.1030303	
Anthus sp.	0.0013263	0.0	0.0	0.0015	0.0	0.0	0.0014948	0.0017391	0.0	0.0015	0.0015	0.0	0.0	0.0012739	0.0	0.0	0.0011696	9.901E-4	0.0	0.0010299	0.0	0.0	0.0	0.0	0.0	0.0	0.0	0.0	0.0	0.0019608	0.0	0.0	0.0027027	0.0	0.0	0.0020408	0.0	0.0018416	0.0048077	0.0015	0.0	0.0	0.0	0.0	0.0028653	0.0	0.0	0.0015152	
Pinson des arbres	0.602122	0.5317003	0.5447531	0.5487316	0.552381	0.5062762	0.5366218	0.5773913	0.5559322	0.561939	0.5336538	0.4367089	0.4137931	0.4025478	0.3898551	0.3439364	0.3052632	0.3326733	0.3864266	0.415036	0.4623824	0.4783282	0.4060914	0.4	0.4111446	0.4252669	0.3558994	0.2654746	0.2314815	0.1843137	0.2207207	0.2115702	0.2	0.1703163	0.1820276	0.2081633	0.3261905	0.4346225	0.5360577	0.5781818	0.5877193	0.5849057	0.6758242	0.6716141	0.6131805	0.6191589	0.606469	0.6424242	
Pinson du Nord	0.127321	0.1037464	0.117284	0.1001335	0.0952381	0.1108787	0.1061286	0.1182609	0.0813559	0.0915619	0.0689103	0.0221519	0.0082759	0.0038217	0.0	0.0	0.0	0.0	0.0	0.0	0.0	0.0	0.0	0.0	0.0	0.0	0.0	0.0	0.0	0.0	0.0	0.0	0.0	0.0	0.0	0.0	0.0071429	0.0644567	0.1322115	0.1581818	0.1447368	0.1650943	0.1868132	0.2189239	0.1575931	0.1378505	0.148248	0.1560606	
Grosbec casse-noyaux	0.0411141	0.0317003	0.0216049	0.0307076	0.0361905	0.0543933	0.0373692	0.0469565	0.0220339	0.016158	0.0112179	0.0253165	0.0151724	0.0152866	0.0101449	0.0059642	0.0035088	0.0029703	0.001385	0.0030896	0.0047022	0.004644	0.0015	0.0039216	0.001506	0.0053381	0.0038685	0.002751	0.0074074	0.0019608	0.0112613	0.0033058	0.0	0.0024331	0.0069124	0.0061224	0.0285714	0.0755064	0.1298077	0.0872727	0.0504386	0.0566038	0.0604396	0.0463822	0.0487106	0.0420561	0.0404313	0.05	
Bouvreuil pivoine	0.0291777	0.0201729	0.0154321	0.034713	0.032381	0.0271967	0.0343797	0.0504348	0.0152542	0.0197487	0.0176282	0.0158228	0.0082759	0.0127389	0.0101449	0.0059642	0.0093567	0.0128713	0.0138504	0.0123584	0.015674	0.0170279	0.0219966	0.0196078	0.0240964	0.0302491	0.0232108	0.0330124	0.0444444	0.0529412	0.0225225	0.0363636	0.0027027	0.0072993	0.0069124	0.0122449	0.0190476	0.0294659	0.0456731	0.0454545	0.0285088	0.0283019	0.0384615	0.0166976	0.0286533	0.0186916	0.0107817	0.0287879	
Verdier d'Europe	0.0769231	0.0475504	0.0493827	0.0520694	0.0647619	0.0711297	0.0792227	0.1043478	0.1084746	0.1077199	0.150641	0.1012658	0.0896552	0.0840764	0.0956522	0.0685885	0.0596491	0.0663366	0.0803324	0.0659114	0.0783699	0.0557276	0.0693739	0.069281	0.063253	0.0569395	0.0502901	0.0481431	0.0648148	0.0764706	0.0608108	0.0347107	0.0513514	0.0170316	0.0230415	0.0244898	0.047619	0.0478821	0.0432692	0.0618182	0.0548246	0.0849057	0.0659341	0.0890538	0.0859599	0.1028037	0.0700809	0.0787879	
Linotte mélodieuse	0.066313	0.0475504	0.0416667	0.0534045	0.0419048	0.0690377	0.0508221	0.053913	0.0474576	0.0341113	0.0432692	0.0189873	0.0275862	0.0152866	0.0202899	0.0258449	0.0210526	0.0326733	0.0526316	0.046344	0.0595611	0.0835913	0.0846024	0.0797386	0.0783133	0.0836299	0.0599613	0.0784044	0.0666667	0.0490196	0.0608108	0.0396694	0.0297297	0.0316302	0.0184332	0.0244898	0.0404762	0.0699816	0.125	0.1363636	0.122807	0.0990566	0.0989011	0.096475	0.0802292	0.0794393	0.0916442	0.0590909	
Sizerin flammé	0.0026525	0.0014409	0.0015	0.0026702	0.0038095	0.0020921	0.0	0.0	0.0	0.0	0.0	0.0010549	0.0	0.0	0.0	0.0	0.0011696	0.0029703	0.001385	0.0030896	0.0062696	0.0077399	0.0084602	0.0143791	0.0060241	0.0231317	0.0116054	0.0192572	0.0259259	0.0058824	0.0022523	0.0033058	0.0015	0.0	0.0	0.0	0.002381	0.0018416	0.0048077	0.0036364	0.0	0.0015	0.0	0.0018553	0.0	0.0015	0.0015	0.0030303	
Bec-croisé des sapins	0.0172414	0.0100865	0.0030864	0.0093458	0.0209524	0.0167364	0.0179372	0.0208696	0.0033898	0.010772	0.0160256	0.0052743	0.0055172	0.0038217	0.0028986	0.0039761	0.0081871	0.0118812	0.0124654	0.0102987	0.0141066	0.0201238	0.0253807	0.0261438	0.0301205	0.0266904	0.0367505	0.03989	0.0518519	0.054902	0.0315315	0.0330579	0.0216216	0.0243309	0.0069124	0.0244898	0.0404762	0.0349908	0.0384615	0.0527273	0.0219298	0.0141509	0.0164835	0.0055659	0.0143266	0.0093458	0.0053908	0.0106061	
Chardonneret élégant	0.1830239	0.1556196	0.154321	0.176235	0.16	0.1464435	0.1390135	0.1773913	0.1474576	0.1813285	0.1666667	0.1666667	0.1393103	0.1286624	0.1289855	0.1013917	0.1111111	0.0940594	0.1191136	0.1163749	0.1347962	0.1393189	0.1404399	0.1555556	0.1536145	0.1316726	0.1547389	0.1609354	0.1444444	0.154902	0.1148649	0.1338843	0.0918919	0.0729927	0.062212	0.0693878	0.0666667	0.0994475	0.1442308	0.2018182	0.1907895	0.2028302	0.2335165	0.2263451	0.2063037	0.1985981	0.2021563	0.2045455	
Venturon montagnard	0.0026525	0.0028818	0.0	0.0026702	0.0019048	0.0	0.0014948	0.0017391	0.0	0.0	0.0016026	0.0	0.0	0.0	0.0	0.0	0.0023392	0.0019802	0.0	0.0020597	0.0062696	0.003096	0.0050761	0.0065359	0.003012	0.0	0.0096712	0.0068776	0.0018519	0.0058824	0.0022523	0.0066116	0.0027027	0.0024331	0.0023041	0.0	0.0047619	0.0092081	0.0240385	0.0145455	0.0065789	0.004717	0.0027473	0.0055659	0.0	0.0023364	0.0	0.0	
Serin cini	0.0159151	0.0129683	0.0123457	0.0173565	0.0190476	0.0167364	0.0089686	0.0191304	0.0491525	0.0520646	0.0945513	0.1075949	0.1462069	0.1477707	0.1333333	0.1172962	0.102924	0.1049505	0.1288089	0.1256437	0.153605	0.1718266	0.1539763	0.1607843	0.1475904	0.1370107	0.1353965	0.1141678	0.0814815	0.0705882	0.0630631	0.046281	0.0135135	0.0145985	0.0230415	0.0306122	0.0309524	0.0478821	0.03125	0.0563636	0.0241228	0.0377358	0.0192308	0.0278293	0.017192	0.0303738	0.0107817	0.0166667	
Tarin des aulnes	0.1259947	0.110951	0.1419753	0.1094793	0.12	0.1213389	0.1315396	0.1008696	0.1016949	0.0825853	0.0833333	0.0411392	0.0427586	0.0292994	0.0101449	0.0049702	0.0046784	0.0019802	0.0	0.0010299	0.0	0.0	0.0	0.0	0.0	0.0017794	0.0019342	0.002751	0.0018519	0.0078431	0.0045045	0.0	0.0054054	0.0121655	0.0115207	0.0265306	0.0857143	0.1307551	0.2331731	0.2381818	0.2390351	0.1698113	0.1950549	0.1706865	0.1489971	0.1775701	0.1913747	0.1909091	
fringillidé sp.	0.0	0.0	0.0	0.0	0.0019048	0.0015	0.0	0.0	0.0	0.0035907	0.0	0.0	0.0	0.0	0.0	0.0	0.0	0.0	0.0	0.0	0.0	0.0015	0.001692	0.0013072	0.0	0.0	0.0	0.0	0.0018519	0.0	0.0	0.0015	0.0	0.0	0.0	0.0040816	0.0	0.0	0.0	0.0015	0.0	0.0	0.0	0.0	0.0	0.0	0.0	0.0015152	
Bruant mélanocéphale	0.0	0.0	0.0	0.0	0.0	0.0	0.0	0.0	0.0	0.0	0.0	0.0	0.0	0.0	0.0	0.0	0.0	0.0	0.0027701	0.0092688	0.0188088	0.0077399	0.0067682	0.0	0.0	0.0	0.0	0.0	0.0	0.0	0.0	0.0	0.0	0.0	0.0	0.0	0.0	0.0	0.0	0.0	0.0	0.0	0.0	0.0	0.0	0.0	0.0	0.0	
Bruant proyer	0.005305	0.0028818	0.0108025	0.0080107	0.0038095	0.0167364	0.0119581	0.0226087	0.0135593	0.0035907	0.0192308	0.0116034	0.0165517	0.033121	0.0362319	0.0377734	0.0631579	0.049505	0.0761773	0.0514933	0.0830721	0.0340557	0.0406091	0.0039216	0.0195783	0.0053381	0.0038685	0.0041265	0.0018519	0.0015	0.0022523	0.0049587	0.0027027	0.0048662	0.0015	0.0020408	0.002381	0.0110497	0.0240385	0.0327273	0.0109649	0.0141509	0.0054945	0.0055659	0.0028653	0.0046729	0.0161725	0.0075758	
Bruant fou	0.096817	0.0691643	0.0941358	0.1068091	0.1104762	0.0669456	0.0792227	0.0991304	0.079661	0.0502693	0.0448718	0.0348101	0.04	0.0178344	0.0246377	0.0258449	0.0222222	0.0277228	0.0540166	0.0484037	0.0532915	0.0773994	0.0423012	0.0601307	0.0527108	0.0409253	0.0444874	0.0316369	0.0425926	0.0411765	0.0247748	0.0347107	0.0216216	0.0291971	0.0138249	0.0183673	0.047619	0.0755064	0.0985577	0.0654545	0.0964912	0.0896226	0.1263736	0.1261596	0.1031519	0.1331776	0.115903	0.119697	
Bruant zizi	0.0039788	0.0028818	0.0092593	0.0146862	0.0171429	0.0083682	0.0254111	0.026087	0.020339	0.0251346	0.0288462	0.0274262	0.0234483	0.0254777	0.0391304	0.027833	0.0432749	0.0376238	0.0581717	0.0669413	0.0956113	0.0634675	0.0609137	0.0326797	0.0391566	0.0355872	0.032882	0.0261348	0.0111111	0.0078431	0.018018	0.0066116	0.0081081	0.0048662	0.0069124	0.0040816	0.0166667	0.0073665	0.0216346	0.0145455	0.0153509	0.0259434	0.0137363	0.0222635	0.017192	0.0163551	0.0053908	0.0075758	
Bruant jaune	0.0225464	0.0230548	0.0277778	0.0293725	0.0190476	0.0271967	0.0179372	0.0156522	0.0033898	0.0089767	0.0096154	0.0063291	0.0096552	0.0050955	0.0043478	0.0059642	0.005848	0.0148515	0.031856	0.0278064	0.0423197	0.0510836	0.0778342	0.0718954	0.063253	0.0551601	0.0522244	0.045392	0.037037	0.0235294	0.0112613	0.0132231	0.0135135	0.0097324	0.0069124	0.0061224	0.0285714	0.0257827	0.0384615	0.0436364	0.0394737	0.0212264	0.043956	0.0500928	0.0286533	0.0303738	0.0512129	0.0515152	
Bruant à calotte blanche	0.0066313	0.0057637	0.0123457	0.0186916	0.0057143	0.0041841	0.0029895	0.0015	0.0016949	0.0017953	0.0015	0.0	0.0015	0.0	0.0	0.0	0.0	0.0	0.0	0.0	0.0	0.0	0.0	0.0	0.0	0.0	0.0	0.0	0.0	0.0	0.0	0.0	0.0	0.0	0.0	0.0	0.0	0.0	0.0	0.0	0.0	0.0023585	0.0015	0.0055659	0.0028653	0.0070093	0.0215633	0.0151515	
Hybride Bruant jaune x B. à calotte blanche	0.0	0.0	0.0030864	0.0	0.0	0.0	0.0	0.0	0.0	0.0	0.0	0.0	0.0	0.0	0.0	0.0	0.0	0.0	0.0	0.0	0.0	0.0	0.0	0.0	0.0	0.0	0.0	0.0	0.0	0.0	0.0	0.0	0.0	0.0	0.0	0.0	0.0	0.0	0.0	0.0	0.0	0.0	0.0	0.0	0.0028653	0.0	0.0	0.0	
Bruant ortolan	0.0	0.0	0.0	0.0	0.0	0.0	0.0	0.0	0.0	0.0	0.0	0.0	0.0	0.0	0.0015	0.0029821	0.005848	0.0049505	0.0069252	0.0072091	0.015674	0.0123839	0.0101523	0.0052288	0.0060241	0.0071174	0.0	0.0055021	0.0	0.0	0.0022523	0.0015	0.0027027	0.0015	0.0	0.0	0.0	0.0	0.0	0.0	0.0	0.0	0.0	0.0	0.0	0.0	0.0	0.0	
Bruant des roseaux	0.2002653	0.1613833	0.1604938	0.1708945	0.1657143	0.1715481	0.1778774	0.1947826	0.1813559	0.1256732	0.099359	0.0527426	0.0124138	0.0038217	0.0043478	0.0019881	0.0	9.901E-4	0.001385	0.0	0.0	0.0	0.0	0.0	0.0	0.0	0.0	0.0	0.0	0.0	0.0	0.0	0.0	0.0	0.0	0.0	0.0071429	0.0718232	0.1490385	0.18	0.2149123	0.2358491	0.2527473	0.2467532	0.2320917	0.2102804	0.245283	0.2242424	
Bruant nain	0.0066313	0.0	0.0030864	0.0026702	0.0019048	0.0	0.0014948	0.0104348	0.0015	0.0	0.0015	0.0	0.0	0.0025478	0.0	0.0	0.0	0.0	0.0	0.0	0.0	0.0	0.0	0.0	0.0	0.0	0.0	0.0	0.0	0.0	0.0	0.0	0.0	0.0	0.0	0.0	0.0	0.0165746	0.0048077	0.0018182	0.0	0.0015	0.0082418	0.0018553	0.0057307	0.0046729	0.0080863	0.0030303	
Bruant rustique	0.005305	0.0014409	0.0	0.0015	0.0019048	0.0041841	0.0	0.0034783	0.0050847	0.0	0.0	0.0	0.0	0.0	0.0	0.0	0.0	0.0	0.0	0.0	0.0	0.0	0.0	0.0	0.0	0.0	0.0	0.0	0.0	0.0	0.0	0.0	0.0	0.0	0.0	0.0	0.0	0.0	0.0	0.0015	0.002193	0.0015	0.0082418	0.0074212	0.0028653	0.0070093	0.0053908	0.0060606	
Emberiza sp.	0.0	0.0	0.0	0.0	0.0019048	0.0	0.0	0.0	0.0	0.0	0.0	0.0	0.0	0.0	0.0	0.0	0.0	0.0	0.0	0.0	0.0	0.0	0.0	0.0	0.0	0.0	0.0	0.0	0.0	0.0019608	0.0	0.0	0.0	0.0	0.0	0.0	0.0	0.0018416	0.0	0.0	0.0	0.0	0.0	0.0	0.0	0.0023364	0.0	0.0015152	
passereau sp.	0.0015	0.0	0.0015	0.0	0.0	0.0015	0.0029895	0.0052174	0.0101695	0.005386	0.0016026	0.0010549	0.0	0.0025478	0.0014493	9.94E-4	0.0015	9.901E-4	0.001385	0.0010299	0.0	0.0015	0.0	0.0026144	0.0	0.0017794	0.0019342	0.0013755	0.0	0.0	0.0022523	0.0015	0.0027027	0.0	0.0015	0.0	0.0	0.0015	0.0024038	0.0036364	0.0015	0.0	0.0	0.0	0.0	0.0	0.0	0.0	
oiseau sp.	0.0	0.0	0.0	0.0	0.0	0.0	0.0	0.0	0.0	0.0	0.0	0.0	0.0	0.0	0.0015	0.0015	0.0	0.0	0.0	0.0	0.0	0.0	0.0	0.0	0.001506	0.0	0.0	0.0	0.0	0.0	0.0	0.0	0.0	0.0	0.0015	0.0	0.0	0.0	0.0	0.0	0.0	0.0	0.0	0.0	0.0	0.0	0.0	0.0	

