









Frequency of observations in the selected location(s).:
Number of taxa: 	482

	Jan				Feb				Mar				Apr				May				Jun				Jul				Aug				Sep				Oct				Nov				Dec				
Sample Size:	286.0	94.0	168.0	167.0	94.0	131.0	150.0	149.0	158.0	75.0	116.0	189.0	147.0	173.0	215.0	249.0	140.0	263.0	198.0	188.0	161.0	187.0	130.0	179.0	131.0	202.0	295.0	284.0	256.0	305.0	354.0	348.0	194.0	228.0	179.0	304.0	668.0	1441.0	1167.0	826.0	173.0	108.0	84.0	91.0	69.0	65.0	81.0	338.0	

Oie à tête barrée	0.0	0.0015	0.0	0.0	0.0	0.0	0.0015	0.0	0.0	0.0	0.0	0.0	0.0	0.0	0.0	0.0	0.0	0.0	0.0	0.0	0.0	0.0	0.0	0.0	0.0	0.0	0.0	0.0	0.0	0.0	0.0015	0.0	0.0	0.0	0.0	0.0	0.0	0.0	0.0	0.0	0.0	0.0	0.0	0.0	0.0	0.0	0.0	0.0	
Oie cendrée	0.0104895	0.0015	0.0178571	0.011976	0.0319149	0.0	0.0	0.0067114	0.0126582	0.0	0.0	0.005291	0.0015	0.0	0.0	0.0040161	0.0	0.0	0.020202	0.0053191	0.0062112	0.0160428	0.0076923	0.0	0.0076336	0.0148515	0.0033898	0.0070423	0.0117188	0.0163934	0.0056497	0.0057471	0.0	0.0	0.0	0.0	0.002994	0.0020819	8.569E-4	0.0	0.0057803	0.0	0.0119048	0.010989	0.0	0.0015	0.0	0.0015	
Oie cygnoïde	0.0	0.0	0.0	0.0	0.0	0.0	0.0	0.0	0.0	0.0	0.0	0.0	0.0	0.0	0.0	0.0	0.0	0.0	0.0	0.0	0.0	0.0	0.0	0.0	0.0	0.0	0.0	0.0	0.0	0.0	0.0	0.0	0.0	0.0	0.0	0.0	0.0	0.0	0.0015	0.0	0.0	0.0	0.0	0.0	0.0	0.0	0.0	0.0	
Oie rieuse	0.0	0.0	0.0	0.0015	0.0106383	0.0	0.0015	0.0067114	0.0126582	0.0133333	0.0	0.0	0.0	0.0	0.0	0.0	0.0	0.0	0.0	0.0	0.0	0.0	0.0	0.0	0.0	0.0	0.0	0.0	0.0	0.0	0.0	0.0	0.0	0.0	0.0	0.0	0.0	6.94E-4	0.0	0.0	0.0057803	0.0	0.0	0.0	0.0	0.0	0.0123457	0.0088757	
Oie à bec court	0.0034965	0.0	0.0015	0.0	0.0106383	0.0	0.0	0.0134228	0.0126582	0.0133333	0.0	0.0	0.0	0.0	0.0	0.0	0.0	0.0114068	0.0	0.0053191	0.0062112	0.0015	0.0076923	0.0	0.0	0.0	0.0	0.0	0.0	0.0	0.0	0.0	0.0	0.0	0.0	0.0015	0.0149701	0.0083276	0.0025707	0.0024213	0.017341	0.0	0.0	0.010989	0.0	0.0	0.0015	0.0088757	
Bernache cravant	0.2097902	0.2659574	0.172619	0.1856287	0.1276596	0.221374	0.2866667	0.1610738	0.1772152	0.1466667	0.0689655	0.1058201	0.0952381	0.0751445	0.1023256	0.0321285	0.05	0.0228137	0.010101	0.0	0.0	0.0053476	0.0	0.0	0.0015	0.0049505	0.0	0.0	0.0	0.0	0.0	0.0	0.0257732	0.004386	0.0015	0.0197368	0.0149701	0.0284525	0.0394173	0.0581114	0.1098266	0.2314815	0.2142857	0.2417582	0.2028986	0.2307692	0.1358025	0.1301775	
Bernache nonnette	0.0104895	0.0	0.0	0.011976	0.0015	0.0076336	0.0015	0.0134228	0.0	0.0015	0.0	0.0015	0.0	0.0	0.0	0.0040161	0.0	0.0114068	0.0	0.0	0.0062112	0.0053476	0.0	0.0	0.0	0.0	0.0	0.0	0.0	0.0	0.0	0.0	0.0	0.004386	0.0055866	0.0460526	0.0209581	0.0256766	0.0222793	0.0169492	0.0015	0.0185185	0.0	0.0	0.0	0.0015	0.0123457	0.0147929	
Bernache de Hutchins	0.0	0.0	0.0	0.0	0.0	0.0	0.0	0.0	0.0	0.0	0.0	0.0015	0.0136054	0.0	0.0	0.0	0.0	0.0	0.0	0.0	0.0	0.0	0.0	0.0	0.0	0.0	0.0	0.0	0.0	0.0	0.0	0.0	0.0	0.0	0.0	0.0	0.0	0.0	0.0	0.0	0.0	0.0	0.0	0.0	0.0015	0.0	0.0	0.0	
Bernache du Canada	0.0034965	0.0	0.0	0.0	0.0	0.0	0.0133333	0.0134228	0.0063291	0.0	0.0	0.0015	0.0	0.0	0.0046512	0.0080321	0.0	0.0	0.0	0.0015	0.0	0.0	0.0	0.0	0.0152672	0.0	0.0033898	0.0035211	0.0039063	0.0032787	0.0056497	0.0	0.0015	0.0	0.0	0.0032895	0.0015	0.0020819	0.0	0.0	0.0	0.0015	0.0	0.010989	0.0	0.0	0.0	0.0029586	
Hybride Oie cendrée x Bernache du Canada	0.0034965	0.0	0.0	0.0	0.0	0.0	0.0	0.0067114	0.0	0.0133333	0.0	0.0	0.0136054	0.0	0.0	0.0	0.0	0.0	0.0	0.0	0.0	0.0	0.0	0.0	0.0	0.0	0.0	0.0	0.0	0.0	0.0	0.0	0.0	0.0	0.0	0.0	0.0	0.0	0.0	0.0	0.0	0.0	0.0	0.0	0.0	0.0	0.0	0.0	
Hybride Bernache nonnette x B. du Canada	0.0034965	0.0	0.0	0.0	0.0	0.0	0.0	0.0067114	0.0	0.0133333	0.0	0.0	0.0068027	0.0	0.0	0.0	0.0	0.0	0.0	0.0	0.0	0.0	0.0	0.0	0.0	0.0	0.0	0.0	0.0	0.0	0.0	0.0	0.0	0.0	0.0	0.0	0.0	0.0	0.0	0.0	0.0	0.0	0.0	0.0	0.0	0.0	0.0	0.0	
Cygne tuberculé	0.1573427	0.1382979	0.1130952	0.1317365	0.1595745	0.1068702	0.2	0.1677852	0.1329114	0.1866667	0.1810345	0.1005291	0.1564626	0.0982659	0.0837209	0.0883534	0.1142857	0.0760456	0.0959596	0.1170213	0.136646	0.1069519	0.0846154	0.1061453	0.0610687	0.0693069	0.0677966	0.0915493	0.1015625	0.1639344	0.1045198	0.0948276	0.0824742	0.1798246	0.1340782	0.0690789	0.0464072	0.0284525	0.0179949	0.0581114	0.0809249	0.0925926	0.0714286	0.0879121	0.0434783	0.0615385	0.1111111	0.1301775	
Cygne noir	0.0	0.0	0.0	0.0	0.0	0.0015	0.0	0.0	0.0	0.0	0.0	0.0	0.0	0.0115607	0.0	0.0120482	0.0	0.0	0.0	0.0	0.0	0.0	0.0	0.0	0.0	0.0	0.0	0.0	0.0	0.0	0.0056497	0.0	0.0	0.0	0.0	0.0	0.001497	6.94E-4	0.0	0.0	0.0	0.0	0.0	0.0	0.0	0.0	0.0	0.0	
Cygne chanteur	0.006993	0.0106383	0.0059524	0.011976	0.0106383	0.0076336	0.0066667	0.0134228	0.0126582	0.0	0.0015	0.0	0.0015	0.0	0.0	0.0	0.0	0.0	0.0050505	0.0	0.0	0.0	0.0	0.0055866	0.0	0.0	0.0	0.0	0.0	0.0	0.0	0.0	0.0	0.0	0.0	0.0032895	0.0	0.0055517	0.0015	0.0230024	0.0057803	0.0185185	0.0238095	0.010989	0.0015	0.0	0.0123457	0.0088757	
cygne sp.	0.0	0.0	0.0	0.0	0.0	0.0	0.0	0.0	0.0	0.0	0.0	0.0	0.0	0.0057803	0.0	0.0	0.0	0.0	0.0	0.0053191	0.0	0.0	0.0	0.0	0.0	0.0	0.0	0.0	0.0039063	0.0	0.0	0.0	0.0	0.0	0.0	0.0	0.0	0.0	0.0	0.0	0.0	0.0	0.0	0.0	0.0	0.0	0.0	0.0	
anatidé sp. (oie sp.)	0.0034965	0.0	0.0	0.0	0.0	0.0	0.0	0.0	0.0	0.0	0.0	0.0	0.0	0.0	0.0	0.0	0.0	0.0	0.0	0.0	0.0	0.0	0.0	0.0	0.0	0.0	0.0	0.0	0.0	0.0	0.0028249	0.0	0.0	0.0	0.0	0.0	0.0	0.0015	0.0	0.0012107	0.0	0.0	0.0	0.0015	0.0	0.0	0.0	0.0	
Ouette d'Égypte	0.0	0.0106383	0.0	0.0	0.0	0.0	0.0	0.0	0.0	0.0	0.0	0.0	0.0	0.0	0.0	0.0	0.0	0.0	0.0	0.0	0.0	0.0	0.0	0.0	0.0	0.0	0.0	0.0070423	0.0	0.0	0.0	0.0	0.0	0.0	0.0	0.0	0.0	0.0015	0.0	0.0060533	0.0	0.0	0.0	0.0	0.0	0.0	0.0	0.0	
Tadorne casarca	0.0	0.0	0.0	0.0	0.0	0.0	0.0	0.0	0.0	0.0	0.0	0.0	0.0	0.0	0.0	0.0	0.0	0.0	0.0	0.0	0.0	0.0	0.0	0.0	0.0	0.0	0.0	0.0	0.0	0.0	0.0	0.0	0.0	0.0	0.0	0.0015	0.0015	0.0	0.0	0.0	0.0	0.0	0.0	0.0	0.0	0.0	0.0	0.0	
Tadorne de Belon	0.1468531	0.1914894	0.1904762	0.2095808	0.2021277	0.1832061	0.32	0.261745	0.2594937	0.1866667	0.1637931	0.1587302	0.2517007	0.1965318	0.2465116	0.1686747	0.2	0.1064639	0.1919192	0.1010638	0.1304348	0.1122995	0.1384615	0.0837989	0.0839695	0.0594059	0.0338983	0.028169	0.046875	0.0262295	0.0056497	0.0229885	0.0360825	0.0307018	0.0446927	0.0131579	0.0194611	0.0159611	0.0154242	0.0484262	0.0520231	0.1203704	0.1785714	0.1868132	0.2028986	0.1692308	0.1481481	0.1568047	
Canard musqué	0.0	0.0	0.0	0.0	0.0	0.0	0.0	0.0	0.0	0.0	0.0	0.0	0.0	0.0	0.0	0.0	0.0	0.0	0.0	0.0	0.0	0.0	0.0	0.0	0.0	0.0	0.0	0.0	0.0	0.0	0.0	0.0	0.0	0.0	0.0	0.0	0.0	6.94E-4	0.0	0.0	0.0	0.0	0.0	0.0	0.0	0.0	0.0	0.0	
Canard carolin	0.0034965	0.0	0.0	0.0	0.0	0.0015	0.0	0.0015	0.0	0.0	0.0	0.0	0.0	0.0	0.0	0.0	0.0	0.0	0.0	0.0	0.0	0.0	0.0	0.0	0.0	0.0	0.0	0.0	0.0	0.0	0.0	0.0	0.0	0.0	0.0	0.0	0.0	0.0	0.0	0.0012107	0.0	0.0	0.0	0.0	0.0015	0.0	0.0	0.0	
Canard mandarin	0.0	0.0	0.0	0.0	0.0	0.0	0.0066667	0.0	0.0	0.0	0.0	0.0	0.0	0.0	0.0	0.0	0.0	0.0	0.0	0.0159574	0.0	0.0	0.0	0.0	0.0	0.0	0.0	0.0	0.0	0.0	0.0	0.0	0.0	0.0	0.0	0.0	0.0	6.94E-4	0.0	0.0	0.0	0.0	0.0	0.0	0.0144928	0.0	0.0	0.0	
Sarcelle d'été	0.0	0.0	0.0	0.0	0.0	0.0	0.0	0.0	0.0	0.0	0.0	0.010582	0.0272109	0.0231214	0.0139535	0.0080321	0.0142857	0.0152091	0.0015	0.0053191	0.0	0.0	0.0076923	0.0	0.0	0.0	0.0	0.0	0.0039063	0.0229508	0.0028249	0.0057471	0.0015	0.0087719	0.0	0.0	0.0	0.0	0.0	0.0	0.0015	0.0	0.0	0.0	0.0	0.0	0.0	0.0	
Canard souchet	0.1013986	0.2021277	0.1190476	0.1017964	0.1595745	0.0687023	0.1333333	0.1208054	0.1012658	0.0666667	0.1034483	0.0529101	0.1292517	0.0635838	0.0511628	0.0200803	0.0142857	0.0114068	0.010101	0.0	0.0	0.0	0.0015	0.0	0.0	0.0	0.0033898	0.0035211	0.0273438	0.0295082	0.0	0.0172414	0.0206186	0.0526316	0.0614525	0.0427632	0.0449102	0.0235947	0.0265638	0.0460048	0.0751445	0.1018519	0.047619	0.0769231	0.1594203	0.0769231	0.1234568	0.0887574	
Canard chipeau	0.0839161	0.0638298	0.1011905	0.0898204	0.0851064	0.0534351	0.0866667	0.0805369	0.056962	0.08	0.0775862	0.021164	0.0544218	0.0289017	0.027907	0.0321285	0.0214286	0.0152091	0.0353535	0.0425532	0.0248447	0.0053476	0.0015	0.0111732	0.0152672	0.0049505	0.0033898	0.0070423	0.0234375	0.0721311	0.0310734	0.0574713	0.0309278	0.0964912	0.0893855	0.0263158	0.0164671	0.0062457	0.0051414	0.0266344	0.0635838	0.0740741	0.0595238	0.0549451	0.1014493	0.0769231	0.0493827	0.056213	
Canard siffleur	0.0944056	0.0957447	0.0892857	0.1317365	0.1382979	0.0839695	0.08	0.0805369	0.0949367	0.0133333	0.0775862	0.010582	0.0204082	0.0	0.0046512	0.0	0.0	0.0038023	0.0	0.0	0.0	0.0	0.0	0.0	0.0	0.0	0.0	0.0	0.0	0.0	0.0	0.0	0.0	0.0219298	0.0502793	0.0164474	0.0224551	0.019431	0.0205656	0.0544794	0.0578035	0.1018519	0.0714286	0.043956	0.1304348	0.1076923	0.0864198	0.0769231	
Hybride Canard chipeau x C. siffleur	0.0	0.0	0.0	0.0	0.0	0.0	0.0	0.0	0.0	0.0	0.0	0.0	0.0	0.0	0.0	0.0	0.0	0.0	0.0	0.0	0.0	0.0	0.0	0.0	0.0	0.0	0.0	0.0	0.0	0.0	0.0	0.0	0.0	0.0	0.0	0.0	0.0015	0.0	0.0	0.0	0.0	0.0	0.0	0.0	0.0	0.0	0.0	0.0	
Canard à front blanc	0.0	0.0015	0.0059524	0.0015	0.0	0.0	0.0015	0.0	0.0063291	0.0	0.0	0.0015	0.0	0.0	0.0	0.0	0.0	0.0015	0.0	0.0	0.0	0.0	0.0	0.0	0.0	0.0	0.0	0.0	0.0	0.0	0.0	0.0	0.0	0.0	0.0	0.0015	0.001497	0.0015	0.0	0.0015	0.0	0.0	0.0	0.0015	0.0	0.0015	0.0015	0.0015	
Hybride Canard siffleur x C. à front blanc	0.0	0.0	0.0	0.0	0.0	0.0	0.0	0.0	0.0	0.0	0.0	0.0	0.0	0.0	0.0	0.0	0.0	0.0	0.0	0.0	0.0	0.0	0.0	0.0	0.0	0.0	0.0	0.0	0.0	0.0	0.0	0.0	0.0	0.0	0.0	0.0	0.0	0.0	0.0	0.0015	0.0	0.0	0.0	0.0	0.0	0.0	0.0	0.0	
Canard colvert	0.2972028	0.3191489	0.3095238	0.257485	0.3829787	0.3053435	0.4866667	0.4362416	0.3544304	0.3066667	0.3534483	0.2539683	0.4761905	0.3294798	0.3627907	0.3212851	0.3071429	0.3117871	0.2575758	0.2712766	0.2484472	0.2299465	0.1846154	0.1396648	0.1526718	0.1782178	0.1728814	0.2147887	0.2890625	0.2688525	0.1751412	0.2729885	0.2113402	0.3245614	0.3072626	0.2105263	0.2140719	0.1651631	0.1491003	0.2082324	0.283237	0.25	0.1904762	0.2747253	0.2608696	0.3384615	0.1728395	0.2810651	
Canard des Bahamas	0.0	0.0	0.0	0.0	0.0	0.0	0.0	0.0	0.0	0.0	0.0	0.0	0.0	0.0	0.0	0.0	0.0	0.0	0.0	0.0	0.0	0.0	0.0	0.0	0.0	0.0	0.0	0.0	0.0	0.0	0.0	0.0	0.0015	0.0	0.0	0.0	0.0	0.0	0.0	0.0	0.0	0.0	0.0	0.0	0.0	0.0	0.0	0.0	
Canard pilet	0.0314685	0.0638298	0.0535714	0.0658683	0.0212766	0.0229008	0.02	0.0604027	0.0316456	0.0266667	0.0258621	0.005291	0.0068027	0.0	0.0	0.0	0.0015	0.0038023	0.0	0.0053191	0.0	0.0	0.0076923	0.0	0.0	0.0	0.0015	0.0	0.0	0.0065574	0.0	0.0	0.0206186	0.0087719	0.027933	0.0131579	0.0134731	0.0138793	0.0179949	0.031477	0.017341	0.0648148	0.0357143	0.021978	0.0289855	0.0153846	0.037037	0.035503	
Sarcelle d'hiver	0.1818182	0.2340426	0.1785714	0.1916168	0.2553191	0.1603053	0.2333333	0.2550336	0.1835443	0.2	0.1724138	0.0740741	0.1292517	0.0462428	0.0372093	0.0240964	0.0142857	0.0114068	0.0151515	0.0106383	0.0062112	0.0053476	0.0076923	0.0	0.0	0.0	0.0033898	0.0105634	0.03125	0.052459	0.0310734	0.0574713	0.056701	0.122807	0.0893855	0.0657895	0.0748503	0.0520472	0.0582691	0.0811138	0.1156069	0.1759259	0.0714286	0.1318681	0.2318841	0.1846154	0.1358025	0.1715976	
sarcelle sp.	0.0	0.0	0.0	0.011976	0.0	0.0	0.0	0.0	0.0	0.0	0.0	0.0	0.0	0.0	0.0	0.0	0.0	0.0	0.0	0.0	0.0	0.0	0.0	0.0	0.0	0.0	0.0	0.0	0.0	0.0	0.0	0.0	0.0	0.0	0.0	0.0	0.0	0.0	0.0	0.0	0.0	0.0	0.0	0.0	0.0	0.0	0.0	0.0	
anatidé sp. (canard barboteur sp.)	0.0	0.0	0.0	0.0	0.0	0.0	0.0	0.0	0.0	0.0	0.0	0.0	0.0	0.0	0.0	0.0	0.0	0.0	0.0	0.0	0.0	0.0	0.0	0.0	0.0	0.0	0.0	0.0	0.0	0.0	0.0	0.0	0.0	0.0	0.0	0.0	0.0	0.0	8.569E-4	0.0	0.0	0.0	0.0	0.0	0.0	0.0	0.0	0.0029586	
Nette rousse	0.0	0.0	0.0059524	0.0	0.0	0.0015	0.0015	0.0	0.0	0.0	0.0	0.0	0.0	0.0	0.0	0.0	0.0	0.0	0.0	0.0	0.0	0.0	0.0	0.0	0.0	0.0	0.0	0.0	0.0078125	0.0098361	0.0	0.0028736	0.0	0.0	0.0055866	0.0	0.0	0.0	0.0	0.0012107	0.0057803	0.0	0.0119048	0.0	0.0	0.0	0.0	0.0	
Fuligule milouin	0.0629371	0.0425532	0.1011905	0.1077844	0.1276596	0.0381679	0.04	0.0536913	0.0443038	0.04	0.0172414	0.015873	0.0136054	0.0057803	0.0046512	0.0	0.0	0.0	0.0	0.0053191	0.0062112	0.0053476	0.0	0.0	0.0076336	0.0	0.0067797	0.0015	0.0273438	0.0327869	0.0141243	0.0172414	0.0103093	0.0394737	0.0223464	0.0065789	0.0134731	0.0083276	0.017138	0.031477	0.0809249	0.0833333	0.0714286	0.0659341	0.115942	0.0923077	0.037037	0.0502959	
Fuligule à bec cerclé	0.0314685	0.0319149	0.0416667	0.0419162	0.0638298	0.0229008	0.0266667	0.0134228	0.0189873	0.0533333	0.0258621	0.010582	0.047619	0.0057803	0.0046512	0.0	0.0	0.0	0.0	0.0	0.0062112	0.0	0.0	0.0	0.0	0.0	0.0	0.0	0.0	0.0	0.0	0.0	0.0	0.0	0.0	0.0	0.002994	6.94E-4	0.0025707	0.0169492	0.0346821	0.0185185	0.0119048	0.021978	0.0724638	0.0153846	0.0123457	0.0147929	
Fuligule nyroca	0.0104895	0.0	0.0119048	0.0	0.0	0.0015	0.0066667	0.0201342	0.0063291	0.0	0.0	0.0	0.0	0.0	0.0	0.0	0.0	0.0038023	0.0	0.0	0.0	0.0	0.0	0.0	0.0	0.0	0.0	0.0	0.0	0.0	0.0	0.0	0.0	0.0	0.0	0.0	0.0	0.0	0.0	0.0	0.0	0.0	0.0119048	0.010989	0.0289855	0.0	0.0123457	0.0088757	
Hybride Fuligule milouin x F. nyroca	0.0	0.0	0.0059524	0.0015	0.0	0.0	0.0	0.0	0.0	0.0	0.0	0.0	0.0	0.0	0.0	0.0	0.0	0.0	0.0	0.0	0.0	0.0	0.0	0.0	0.0	0.0	0.0	0.0	0.0	0.0	0.0	0.0	0.0	0.0	0.0	0.0	0.0	0.0	0.0	0.0	0.0	0.0	0.0119048	0.010989	0.0	0.0	0.0	0.0	
Fuligule morillon	0.1223776	0.1276596	0.1309524	0.1437126	0.2340426	0.0992366	0.1066667	0.1208054	0.1012658	0.1333333	0.137931	0.0899471	0.1156463	0.0462428	0.0186047	0.0522088	0.0214286	0.0038023	0.0	0.0212766	0.0062112	0.0160428	0.0076923	0.0111732	0.0076336	0.019802	0.0033898	0.0105634	0.0234375	0.0229508	0.0225989	0.0086207	0.0206186	0.0438596	0.0391061	0.0230263	0.0284431	0.019431	0.0222793	0.0532688	0.1213873	0.0925926	0.0714286	0.0989011	0.1304348	0.0769231	0.0864198	0.1094675	
Hybride Fuligule milouin x F. morillon	0.0	0.0	0.0	0.0015	0.0	0.0	0.0	0.0	0.0	0.0	0.0	0.0	0.0	0.0	0.0	0.0	0.0	0.0	0.0	0.0	0.0	0.0	0.0	0.0	0.0	0.0	0.0	0.0	0.0	0.0	0.0	0.0	0.0	0.0	0.0	0.0	0.001497	0.0	0.0	0.0	0.0	0.0	0.0	0.0	0.0	0.0	0.0	0.0029586	
Fuligule milouinan	0.027972	0.0	0.0059524	0.005988	0.0531915	0.0015	0.02	0.0268456	0.0	0.0	0.0	0.0	0.0	0.0015	0.0	0.0	0.0	0.0	0.0	0.0	0.0	0.0	0.0	0.0	0.0	0.0	0.0	0.0	0.0	0.0	0.0	0.0	0.0	0.0	0.0	0.0	0.0	0.0013879	8.569E-4	0.0133172	0.0231214	0.0015	0.0119048	0.010989	0.0015	0.0307692	0.0015	0.0118343	
Hybride Fuligule morillon x F. milouinan	0.006993	0.0	0.0119048	0.0	0.0	0.0	0.0015	0.0015	0.0	0.0	0.0	0.0	0.0	0.0	0.0	0.0	0.0	0.0	0.0	0.0	0.0	0.0	0.0	0.0	0.0	0.0	0.0	0.0	0.0	0.0	0.0	0.0	0.0	0.0	0.0	0.0	0.001497	6.94E-4	8.569E-4	0.0024213	0.0	0.0	0.0015	0.0	0.0	0.0	0.0	0.0029586	
Fuligule à tête noire	0.020979	0.0319149	0.0119048	0.0479042	0.0319149	0.0152672	0.0066667	0.0015	0.0063291	0.0015	0.0172414	0.005291	0.0	0.0	0.0046512	0.0	0.0	0.0	0.0	0.0	0.0	0.0	0.0	0.0	0.0	0.0	0.0	0.0	0.0	0.0	0.0	0.0	0.0	0.0	0.0	0.0	0.0	0.0	0.0	0.0121065	0.017341	0.0277778	0.0119048	0.0015	0.0724638	0.0153846	0.0123457	0.0059172	
fuligule sp.	0.0	0.0	0.0	0.0	0.0	0.0	0.0	0.0	0.0	0.0	0.0	0.0	0.0	0.0	0.0	0.0	0.0	0.0	0.0	0.0	0.0	0.0	0.0	0.0	0.0	0.0	0.0	0.0	0.0	0.0	0.0	0.0	0.0	0.0	0.0	0.0	0.0	0.0	0.0	0.0	0.0015	0.0	0.0	0.0	0.0	0.0	0.0	0.0	
Eider à tête grise	0.0015	0.0	0.0	0.0	0.0	0.0	0.0	0.0	0.0	0.0	0.0	0.0	0.0	0.0	0.0	0.0	0.0	0.0	0.0	0.0	0.0	0.0	0.0	0.0	0.0	0.0	0.0	0.0	0.0	0.0	0.0	0.0	0.0	0.0	0.0	0.0	0.0	0.0	0.0	0.0	0.0	0.0	0.0	0.0	0.0	0.0	0.0	0.0	
Eider à duvet	0.013986	0.0	0.0015	0.0239521	0.0106383	0.0015	0.0066667	0.0	0.0063291	0.0	0.0	0.0	0.0136054	0.0	0.0046512	0.0015	0.0	0.0	0.0	0.0053191	0.0	0.0	0.0	0.0	0.0076336	0.0	0.0	0.0015	0.0039063	0.0	0.0028249	0.0	0.0	0.0	0.0	0.0015	0.0	0.0	8.569E-4	0.0015	0.0	0.0	0.0015	0.0	0.0	0.0	0.0015	0.0088757	
Macreuse à front blanc	0.013986	0.0	0.0	0.005988	0.0106383	0.0	0.0	0.0015	0.0	0.0	0.0	0.0015	0.0	0.0057803	0.0	0.0	0.0	0.0	0.0	0.0	0.0	0.0	0.0	0.0	0.0	0.0	0.0	0.0	0.0	0.0	0.0	0.0	0.0	0.0	0.0	0.0	0.0	0.0	0.0	0.0015	0.0015	0.0	0.0	0.0	0.0	0.0153846	0.0	0.0029586	
Macreuse brune	0.0244755	0.0	0.0015	0.005988	0.0212766	0.0015	0.0066667	0.0015	0.0	0.0	0.0015	0.005291	0.0015	0.0057803	0.0	0.0	0.0	0.0	0.0	0.0	0.0	0.0	0.0	0.0	0.0	0.0	0.0	0.0	0.0	0.0	0.0	0.0	0.0	0.0	0.0	0.0	0.0	6.94E-4	8.569E-4	0.0015	0.0057803	0.0	0.0	0.0	0.0	0.0153846	0.0015	0.0118343	
Macreuse noire	0.0594406	0.0531915	0.0238095	0.0299401	0.0425532	0.0381679	0.0466667	0.0201342	0.0316456	0.0133333	0.0431034	0.021164	0.0680272	0.0520231	0.0139535	0.0321285	0.0142857	0.0228137	0.010101	0.0212766	0.0	0.0053476	0.0307692	0.0167598	0.0152672	0.0148515	0.0067797	0.0105634	0.03125	0.0196721	0.0084746	0.0114943	0.0154639	0.0307018	0.0223464	0.0328947	0.0389222	0.0437196	0.041988	0.0242131	0.0520231	0.037037	0.0119048	0.021978	0.0289855	0.0153846	0.0246914	0.0650888	
Harelde boréale	0.0244755	0.0106383	0.0059524	0.0179641	0.0212766	0.0152672	0.0266667	0.0015	0.0	0.0015	0.0	0.0	0.0068027	0.0057803	0.0	0.0	0.0	0.0015	0.0	0.0	0.0	0.0	0.0	0.0	0.0	0.0	0.0	0.0	0.0	0.0	0.0	0.0	0.0	0.0	0.0	0.0015	0.0	0.0	0.0119966	0.0024213	0.0	0.0	0.0015	0.0	0.0	0.0015	0.0123457	0.0236686	
Garrot à oeil d'or	0.0174825	0.0	0.0297619	0.0179641	0.0425532	0.0152672	0.0066667	0.033557	0.0316456	0.04	0.0258621	0.0	0.0068027	0.0	0.0	0.0	0.0	0.0	0.0	0.0015	0.0	0.0	0.0	0.0	0.0	0.0	0.0	0.0	0.0	0.0	0.0	0.0	0.0	0.0	0.0	0.0	0.0	0.0	0.0	0.0	0.0	0.0	0.0015	0.0	0.0	0.0015	0.0015	0.0029586	
Harle bièvre	0.0	0.0015	0.0	0.0	0.0	0.0076336	0.0	0.0067114	0.0	0.0015	0.0	0.0	0.0	0.0	0.0	0.0	0.0	0.0	0.0	0.0	0.0	0.0	0.0	0.0	0.0	0.0	0.0	0.0035211	0.0	0.0	0.0	0.0	0.0	0.0	0.0	0.0	0.0	0.0	0.0	0.0	0.0	0.0	0.0	0.0	0.0	0.0	0.0	0.0177515	
Harle huppé	0.034965	0.0851064	0.0297619	0.0718563	0.0744681	0.0152672	0.08	0.0402685	0.0316456	0.0133333	0.0689655	0.010582	0.0136054	0.0231214	0.0046512	0.0	0.0	0.0	0.0	0.0	0.0	0.0	0.0	0.0	0.0	0.0049505	0.0015	0.0	0.0	0.0	0.0	0.0	0.0	0.0	0.0	0.0032895	0.001497	0.0027759	8.569E-4	0.0048426	0.0057803	0.0015	0.047619	0.1208791	0.057971	0.0923077	0.0015	0.0384615	
Érismature rousse	0.0	0.0	0.0	0.0	0.0	0.0	0.0	0.0	0.0	0.0	0.0	0.0	0.0	0.0	0.0	0.0	0.0	0.0	0.0	0.0	0.0062112	0.0	0.0	0.0	0.0	0.0	0.0	0.0	0.0	0.0	0.0	0.0	0.0	0.0	0.0	0.0	0.0	0.0	0.0	0.0	0.0	0.0	0.0	0.0	0.0	0.0	0.0	0.0	
anatidé sp. (canard sp.)	0.0034965	0.0	0.0059524	0.0015	0.0	0.0	0.0066667	0.0	0.0015	0.0	0.0	0.0	0.0	0.0	0.0	0.0	0.0	0.0	0.0050505	0.0	0.0	0.0	0.0	0.0	0.0	0.0	0.0	0.0	0.0	0.0	0.0	0.0	0.0	0.0	0.0	0.0	0.0	0.0	0.0	0.0012107	0.0	0.0092593	0.0	0.0	0.0	0.0	0.0015	0.0015	
Perdrix grise	0.0	0.0	0.0	0.0015	0.0106383	0.0	0.0	0.0	0.0	0.0	0.0015	0.005291	0.0	0.0	0.0093023	0.0	0.0071429	0.0038023	0.0	0.0015	0.0	0.0	0.0	0.0	0.0076336	0.0	0.0	0.0	0.0015	0.0	0.0	0.0028736	0.0	0.0015	0.0055866	0.0098684	0.0	0.0	0.0015	0.0012107	0.0	0.0	0.0	0.0	0.0	0.0	0.0	0.0	
Faisan de Colchide	0.006993	0.0319149	0.0059524	0.005988	0.0212766	0.0152672	0.0	0.0268456	0.0316456	0.0015	0.0344828	0.047619	0.047619	0.2369942	0.0883721	0.1285141	0.0428571	0.2471483	0.0808081	0.0531915	0.0434783	0.026738	0.0384615	0.0055866	0.0	0.0148515	0.0067797	0.0140845	0.0273438	0.0065574	0.0056497	0.0258621	0.0309278	0.0263158	0.0502793	0.1315789	0.1721557	0.165857	0.1482434	0.1755448	0.1156069	0.0185185	0.0357143	0.021978	0.0144928	0.0461538	0.0015	0.0236686	
Faisan de Colchide ou F. versicolore	0.0	0.0	0.0	0.0	0.0	0.0	0.0	0.0	0.0	0.0	0.0	0.0	0.0	0.0	0.0	0.0040161	0.0	0.0	0.0	0.0053191	0.0	0.0	0.0	0.0055866	0.0	0.0	0.0	0.0	0.0	0.0	0.0	0.0	0.0	0.0	0.0	0.0	0.0	0.0	0.0	0.0	0.0	0.0	0.0	0.0	0.0	0.0	0.0	0.0	
Caille des blés	0.0	0.0	0.0	0.0	0.0	0.0	0.0	0.0	0.0	0.0	0.0015	0.0	0.0	0.0	0.0	0.0	0.0015	0.0038023	0.0050505	0.0	0.0	0.0053476	0.0153846	0.0055866	0.0	0.0247525	0.0067797	0.0070423	0.0015	0.0	0.0028249	0.0	0.0	0.004386	0.0	0.0	0.0	6.94E-4	0.0	0.0	0.0	0.0	0.0	0.0	0.0	0.0	0.0	0.0	
Perdrix rouge	0.0	0.0	0.0	0.0	0.0015	0.0	0.0015	0.0	0.0	0.0	0.0	0.0	0.0	0.0	0.0	0.0	0.0015	0.0076046	0.0050505	0.0015	0.0	0.0	0.0	0.0	0.0	0.0	0.0	0.0	0.0015	0.0	0.0	0.0	0.0015	0.0	0.0055866	0.0015	0.007485	0.0069396	0.0059983	0.0024213	0.0	0.0	0.0	0.0	0.0	0.0	0.0	0.0	
Pigeon biset	0.0909091	0.0638298	0.0654762	0.0479042	0.0744681	0.1221374	0.0933333	0.1208054	0.0822785	0.08	0.0689655	0.0582011	0.1156463	0.0635838	0.0418605	0.064257	0.0214286	0.0494297	0.1010101	0.0585106	0.0186335	0.0748663	0.0153846	0.1173184	0.0839695	0.0940594	0.1254237	0.0950704	0.1367188	0.0918033	0.0536723	0.091954	0.1030928	0.0657895	0.0670391	0.1447368	0.0598802	0.03678	0.0642674	0.0605327	0.0982659	0.0555556	0.0833333	0.0879121	0.0434783	0.0307692	0.0864198	0.0710059	
Pigeon colombin	0.0244755	0.0212766	0.0119048	0.005988	0.0425532	0.0381679	0.0133333	0.033557	0.0443038	0.0015	0.0344828	0.026455	0.0204082	0.0289017	0.0232558	0.0281124	0.0214286	0.0152091	0.010101	0.037234	0.0124224	0.0320856	0.0615385	0.0111732	0.0152672	0.0445545	0.0271186	0.028169	0.0429688	0.0163934	0.0056497	0.0114943	0.056701	0.0131579	0.0167598	0.0296053	0.0284431	0.0707842	0.0891174	0.0605327	0.0809249	0.0740741	0.047619	0.010989	0.0289855	0.0461538	0.0123457	0.0147929	
Pigeon ramier	0.4020979	0.4042553	0.3988095	0.3113772	0.4148936	0.480916	0.3533333	0.5033557	0.5253165	0.5066667	0.6293103	0.5185185	0.585034	0.5895954	0.5488372	0.5341365	0.5428571	0.4144487	0.479798	0.5053191	0.5031056	0.5828877	0.5153846	0.4860335	0.6030534	0.5594059	0.5288136	0.5704225	0.546875	0.495082	0.3898305	0.4367816	0.443299	0.4166667	0.3854749	0.4539474	0.4146707	0.3247745	0.2947729	0.3014528	0.3641618	0.3240741	0.4166667	0.2967033	0.3478261	0.4307692	0.4938272	0.3284024	
Columba sp.	0.0	0.0	0.0	0.0	0.0	0.0	0.0	0.0	0.0	0.0	0.0	0.005291	0.0	0.0	0.0	0.0	0.0	0.0	0.0	0.0	0.0	0.0	0.0	0.0	0.0	0.0	0.0	0.0	0.0	0.0	0.0	0.0	0.0	0.0	0.0	0.0	0.0	0.0	0.0	0.0	0.0	0.0	0.0	0.0	0.0	0.0	0.0	0.0	
Tourterelle des bois	0.0	0.0	0.0	0.0	0.0	0.0	0.0	0.0	0.0	0.0	0.0	0.0	0.0	0.0057803	0.0046512	0.0160643	0.05	0.0532319	0.0151515	0.0265957	0.0372671	0.0320856	0.0461538	0.0391061	0.0076336	0.019802	0.0067797	0.0246479	0.0195313	0.0360656	0.0112994	0.0057471	0.0103093	0.0087719	0.027933	0.0098684	0.0164671	0.0097155	0.017138	0.0072639	0.0057803	0.0	0.0	0.0	0.0	0.0	0.0	0.0	
Tourterelle turque	0.0909091	0.0531915	0.125	0.0958084	0.1170213	0.1603053	0.0933333	0.114094	0.1265823	0.0533333	0.0775862	0.1746032	0.170068	0.1965318	0.172093	0.1967871	0.1285714	0.148289	0.1565657	0.2074468	0.136646	0.1604278	0.1076923	0.122905	0.2137405	0.1386139	0.159322	0.1478873	0.1875	0.1868852	0.0988701	0.1206897	0.1546392	0.122807	0.1284916	0.2006579	0.1826347	0.1561416	0.1662382	0.1416465	0.1271676	0.1296296	0.047619	0.021978	0.0434783	0.0769231	0.1234568	0.0828402	
Tourterelle rieuse	0.0	0.0	0.0	0.0	0.0	0.0	0.0	0.0	0.0	0.0	0.0	0.0	0.0	0.0	0.0	0.0	0.0	0.0	0.0	0.0053191	0.0	0.0	0.0	0.0	0.0	0.0	0.0	0.0	0.0	0.0	0.0	0.0	0.0	0.0	0.0	0.0	0.0	0.0	0.0	0.0	0.0	0.0	0.0	0.0	0.0	0.0	0.0	0.0	
Coucou geai	0.0	0.0	0.0	0.0	0.0	0.0	0.0	0.0067114	0.0	0.0	0.0	0.0	0.0	0.0	0.0	0.0	0.0	0.0	0.0	0.0	0.0	0.0	0.0	0.0	0.0	0.0	0.0	0.0	0.0	0.0	0.0	0.0	0.0	0.0	0.0	0.0	0.0	0.0	0.0	0.0	0.0	0.0	0.0	0.0	0.0	0.0	0.0	0.0	
Coucou gris	0.0	0.0	0.0	0.0	0.0	0.0	0.0	0.0	0.0	0.0	0.0	0.0	0.0204082	0.0289017	0.1162791	0.1124498	0.1285714	0.2357414	0.2323232	0.1861702	0.0807453	0.0695187	0.0230769	0.0111732	0.0076336	0.0	0.0015	0.0035211	0.0	0.0032787	0.0028249	0.0028736	0.0	0.0	0.0	0.0	0.0	6.94E-4	0.0	0.0	0.0	0.0	0.0	0.0	0.0	0.0	0.0	0.0	
Engoulevent d'Amérique	0.0	0.0	0.0	0.0	0.0	0.0	0.0	0.0	0.0	0.0	0.0	0.0	0.0	0.0	0.0	0.0	0.0	0.0	0.0	0.0	0.0	0.0	0.0	0.0	0.0	0.0	0.0	0.0	0.0	0.0	0.0	0.0	0.0	0.0	0.0	0.0	0.0	0.0020819	0.0	0.0	0.0	0.0	0.0	0.0	0.0	0.0	0.0	0.0	
Engoulevent d'Europe	0.0	0.0	0.0	0.0	0.0	0.0	0.0	0.0	0.0	0.0	0.0	0.0	0.0	0.0	0.0	0.0120482	0.0071429	0.0114068	0.0015	0.0212766	0.0248447	0.0213904	0.0461538	0.0015	0.0076336	0.009901	0.0101695	0.0211268	0.0390625	0.0327869	0.0169492	0.0172414	0.0257732	0.0	0.0055866	0.0	0.0	0.0	0.0	0.0012107	0.0	0.0	0.0	0.0	0.0	0.0	0.0	0.0	
Martinet à ventre blanc	0.0	0.0	0.0	0.0	0.0	0.0	0.0	0.0	0.0	0.0	0.0	0.0	0.0	0.0	0.0046512	0.0	0.0	0.0	0.0	0.0	0.0	0.0	0.0	0.0	0.0	0.0	0.0	0.0	0.0	0.0	0.0	0.0	0.0	0.0	0.0	0.0	0.0	0.0	0.0	0.0	0.0	0.0	0.0	0.0	0.0	0.0	0.0	0.0	
Martinet noir	0.0	0.0	0.0	0.0	0.0	0.0	0.0	0.0	0.0	0.0	0.0	0.0	0.0068027	0.0115607	0.0651163	0.0923695	0.1714286	0.2471483	0.2676768	0.3138298	0.2608696	0.2780749	0.3538462	0.301676	0.3435115	0.2920792	0.2135593	0.1584507	0.1640625	0.0688525	0.0423729	0.0114943	0.056701	0.0087719	0.0055866	0.0015	0.0	0.0013879	8.569E-4	0.0	0.0	0.0	0.0	0.0	0.0	0.0	0.0	0.0	
Martinet pâle	0.0	0.0	0.0	0.0	0.0	0.0	0.0	0.0	0.0	0.0	0.0	0.0	0.0	0.0	0.0	0.0	0.0	0.0015	0.0	0.0015	0.0	0.0	0.0015	0.0	0.0	0.0	0.0	0.0	0.0	0.0	0.0	0.0028736	0.0	0.0	0.0	0.0	0.0	0.0	0.0015	0.0	0.0057803	0.0	0.0015	0.0	0.0	0.0	0.0	0.0	
Martinet noir ou M. pâle	0.0	0.0	0.0	0.0	0.0	0.0	0.0	0.0	0.0	0.0	0.0	0.0	0.0	0.0	0.0	0.0	0.0	0.0	0.0	0.0	0.0	0.0	0.0	0.0	0.0	0.0	0.0	0.0	0.0	0.0	0.0	0.0	0.0	0.0	0.0	0.0032895	0.0	0.0	0.0	0.0	0.0	0.0	0.0	0.0	0.0	0.0	0.0	0.0	
apodidé sp.	0.0	0.0	0.0	0.0	0.0	0.0	0.0	0.0	0.0	0.0	0.0	0.0	0.0	0.0	0.0046512	0.0	0.0	0.0	0.0	0.0	0.0	0.0	0.0	0.0	0.0	0.0	0.0	0.0	0.0	0.0	0.0	0.0	0.0	0.0	0.0	0.0	0.0	0.0	0.0017138	0.0	0.0	0.0	0.0	0.0	0.0	0.0	0.0	0.0	
Râle d'eau	0.0594406	0.0638298	0.0952381	0.0419162	0.0425532	0.0305344	0.08	0.0671141	0.0822785	0.1333333	0.0862069	0.031746	0.0408163	0.0289017	0.0465116	0.0361446	0.0357143	0.0152091	0.020202	0.0159574	0.0062112	0.0213904	0.0153846	0.0167598	0.0076336	0.0015	0.0101695	0.0457746	0.0859375	0.095082	0.0621469	0.1178161	0.1185567	0.127193	0.1620112	0.2236842	0.247006	0.2692575	0.2347901	0.2142857	0.132948	0.1111111	0.1071429	0.0989011	0.115942	0.0923077	0.0864198	0.0739645	
Râle des genêts	0.0	0.0	0.0	0.0	0.0	0.0	0.0	0.0	0.0	0.0	0.0	0.0	0.0	0.0	0.0	0.0	0.0	0.0	0.0	0.0	0.0	0.0	0.0	0.0	0.0	0.0	0.0	0.0	0.0	0.0	0.0	0.0	0.0	0.0	0.0	0.0	0.001497	0.0020819	0.0017138	0.0	0.0	0.0	0.0	0.0	0.0	0.0	0.0	0.0	
Marouette ponctuée	0.0	0.0	0.0	0.0	0.0	0.0	0.0	0.0	0.0	0.0	0.0	0.0	0.0	0.0	0.0	0.0	0.0	0.0	0.0	0.0	0.0	0.0	0.0	0.0	0.0	0.0	0.0	0.0	0.0015	0.0	0.0056497	0.0086207	0.0015	0.004386	0.0055866	0.0032895	0.0015	0.0	8.569E-4	0.0012107	0.0	0.0	0.0	0.0	0.0	0.0	0.0	0.0	
Gallinule poule-d'eau	0.0664336	0.0425532	0.077381	0.0479042	0.0851064	0.0916031	0.08	0.0536913	0.1265823	0.0666667	0.0948276	0.0740741	0.0884354	0.0867052	0.0837209	0.0963855	0.1	0.0874525	0.0555556	0.0691489	0.0372671	0.0374332	0.0461538	0.0670391	0.0534351	0.0643564	0.0372881	0.0774648	0.109375	0.1311475	0.0706215	0.0977011	0.0824742	0.0745614	0.0893855	0.0888158	0.0703593	0.056211	0.0368466	0.0569007	0.0924855	0.0740741	0.047619	0.0659341	0.0869565	0.1230769	0.0987654	0.0532544	
Foulque macroule	0.1433566	0.1595745	0.1964286	0.1197605	0.1808511	0.1145038	0.18	0.1812081	0.1392405	0.1733333	0.1465517	0.1058201	0.122449	0.0751445	0.0930233	0.1004016	0.0571429	0.0608365	0.0909091	0.106383	0.0931677	0.0909091	0.0692308	0.0614525	0.0916031	0.0693069	0.0847458	0.1302817	0.1835938	0.2163934	0.1214689	0.1752874	0.1546392	0.2236842	0.1452514	0.1019737	0.1047904	0.0631506	0.0454156	0.1016949	0.1965318	0.2037037	0.1428571	0.1318681	0.1594203	0.1692308	0.1358025	0.1656805	
Marouette poussin	0.0	0.0	0.0	0.0	0.0	0.0	0.0	0.0	0.0	0.0	0.0	0.0	0.0	0.0	0.0	0.0	0.0	0.0	0.0	0.0	0.0	0.0	0.0	0.0	0.0	0.0	0.0	0.0	0.0	0.0	0.0	0.0	0.0	0.0	0.0	0.0	0.0	0.0041638	8.569E-4	0.0	0.0	0.0	0.0	0.0	0.0	0.0	0.0	0.0	
Grue cendrée	0.0	0.0015	0.0	0.0	0.0	0.0	0.0	0.0	0.0	0.0	0.0	0.0	0.0	0.0	0.0	0.0	0.0	0.0	0.0	0.0	0.0	0.0	0.0	0.0	0.0	0.0	0.0	0.0	0.0	0.0	0.0	0.0	0.0	0.0	0.0	0.0	0.0	0.0	0.0	0.0	0.0	0.0	0.0	0.0	0.0	0.0015	0.0	0.0015	
Oedicnème criard	0.0	0.0	0.0	0.0	0.0	0.0	0.0	0.0	0.0	0.0	0.0	0.0015	0.0068027	0.0	0.0046512	0.0	0.0	0.0	0.0015	0.0	0.0	0.0	0.0	0.0	0.0	0.0	0.0	0.0	0.0	0.0	0.0	0.0	0.0	0.0	0.0	0.0	0.0	0.0	0.0	0.0	0.0	0.0	0.0	0.0	0.0	0.0	0.0	0.0	
Échasse blanche	0.0015	0.0	0.0	0.011976	0.0	0.0	0.0	0.0	0.0	0.0	0.0086207	0.0	0.0272109	0.017341	0.027907	0.0160643	0.0285714	0.0076046	0.0050505	0.037234	0.0186335	0.0106952	0.0153846	0.0	0.0076336	0.0247525	0.0169492	0.0387324	0.0234375	0.0327869	0.0141243	0.0201149	0.0051546	0.0175439	0.0	0.0	0.001497	0.0027759	0.0	0.0048426	0.0	0.0	0.0015	0.0	0.0	0.0	0.0	0.0	
Avocette élégante	0.0174825	0.0319149	0.0119048	0.005988	0.0106383	0.0076336	0.0066667	0.0268456	0.0126582	0.0266667	0.0086207	0.0	0.0	0.0	0.0	0.0120482	0.0071429	0.0	0.0050505	0.0	0.0	0.0	0.0	0.0	0.0	0.0	0.0015	0.0	0.0039063	0.0	0.0	0.0	0.0103093	0.004386	0.0	0.0	0.0	0.0	0.0	0.0012107	0.0	0.0	0.0119048	0.0	0.0	0.0	0.0	0.0147929	
Huîtrier pie	0.2832168	0.2021277	0.1964286	0.257485	0.2340426	0.2442748	0.2466667	0.1812081	0.2151899	0.1333333	0.0862069	0.1534392	0.1632653	0.150289	0.227907	0.188755	0.1214286	0.148289	0.1969697	0.1329787	0.1428571	0.1016043	0.1538462	0.1340782	0.1145038	0.2227723	0.2372881	0.2077465	0.234375	0.2885246	0.1864407	0.2097701	0.3247423	0.2763158	0.2290503	0.2894737	0.2649701	0.2380291	0.2673522	0.2929782	0.2196532	0.2962963	0.1785714	0.2857143	0.1884058	0.2615385	0.2222222	0.2781065	
Pluvier argenté	0.1258741	0.2021277	0.1666667	0.1736527	0.0744681	0.1526718	0.1733333	0.1342282	0.0822785	0.1066667	0.0086207	0.031746	0.0408163	0.0115607	0.0325581	0.0240964	0.0357143	0.0304183	0.0050505	0.0106383	0.0	0.0	0.0153846	0.0111732	0.0	0.0	0.0101695	0.0	0.0039063	0.0032787	0.0112994	0.0172414	0.0257732	0.0350877	0.0670391	0.125	0.1017964	0.092991	0.1079692	0.090799	0.0404624	0.1296296	0.1309524	0.1758242	0.1884058	0.1076923	0.1111111	0.147929	
Pluvier doré	0.0384615	0.0957447	0.0714286	0.0538922	0.0531915	0.0381679	0.08	0.0536913	0.0126582	0.0133333	0.0172414	0.0015	0.0136054	0.0	0.0	0.0120482	0.0142857	0.0114068	0.010101	0.0015	0.0	0.0	0.0076923	0.0	0.0	0.0	0.0033898	0.0	0.0039063	0.0	0.0141243	0.0143678	0.0463918	0.0438596	0.0614525	0.0888158	0.0808383	0.0777238	0.0694087	0.066586	0.0693642	0.0555556	0.0238095	0.010989	0.0724638	0.0461538	0.0617284	0.035503	
Pluvier bronzé	0.0	0.0	0.0	0.0	0.0	0.0	0.0	0.0	0.0	0.0	0.0	0.0	0.0	0.0	0.0	0.0	0.0	0.0	0.0	0.0015	0.0	0.0	0.0	0.0	0.0	0.0	0.0	0.0	0.0	0.0	0.0015	0.0	0.0	0.0131579	0.0167598	0.0015	0.0	0.0034698	0.0015	0.0	0.0	0.0	0.0	0.0	0.0	0.0	0.0	0.0	
Pluvier fauve	0.0	0.0	0.0	0.0	0.0	0.0	0.0	0.0	0.0	0.0	0.0	0.0	0.0	0.0	0.0	0.0	0.0	0.0	0.0	0.0	0.0	0.0	0.0	0.0	0.0	0.0	0.0	0.0	0.0	0.0	0.0	0.0	0.0051546	0.0	0.0	0.0	0.0	0.0	0.0	0.0	0.0	0.0	0.0	0.0	0.0	0.0	0.0	0.0	
Pluvialis sp.	0.0	0.0	0.0	0.0015	0.0	0.0	0.0	0.0	0.0	0.0	0.0	0.0	0.0	0.0	0.0	0.0	0.0	0.0	0.0	0.0	0.0	0.0053476	0.0	0.0	0.0	0.0	0.0	0.0	0.0	0.0	0.0056497	0.0	0.0	0.0	0.0	0.0	0.0	0.0	0.0	0.0	0.0	0.0	0.0	0.0	0.0	0.0	0.0	0.0	
Guignard d’Eurasie	0.0	0.0	0.0	0.0	0.0	0.0	0.0	0.0	0.0	0.0	0.0	0.0	0.0	0.0	0.0	0.0015	0.0071429	0.0076046	0.0	0.0	0.0	0.0	0.0	0.0	0.0	0.0	0.0	0.0	0.0	0.0	0.0169492	0.0258621	0.0463918	0.0175439	0.0502793	0.0065789	0.002994	0.0041638	0.0	0.0012107	0.0057803	0.0	0.0	0.0	0.0	0.0	0.0	0.0	
Gravelot kildir	0.0	0.0	0.0	0.0419162	0.0319149	0.0	0.0	0.0	0.0	0.0	0.0	0.0	0.0	0.0	0.0	0.0	0.0	0.0	0.0	0.0	0.0	0.0	0.0	0.0	0.0	0.0	0.0	0.0	0.0	0.0	0.0	0.0	0.0	0.0	0.0	0.0	0.0	0.0	0.0	0.0	0.0	0.0	0.0	0.0	0.0	0.0	0.0	0.0	
Grand Gravelot	0.1223776	0.1276596	0.1130952	0.1676647	0.0744681	0.0610687	0.0933333	0.0805369	0.0316456	0.0266667	0.0086207	0.031746	0.0612245	0.0578035	0.0837209	0.0281124	0.0785714	0.0760456	0.0757576	0.0531915	0.0559006	0.0160428	0.0307692	0.027933	0.0076336	0.019802	0.0508475	0.0774648	0.140625	0.157377	0.1440678	0.1896552	0.314433	0.2894737	0.273743	0.2598684	0.2005988	0.1651631	0.1876607	0.1815981	0.0982659	0.0555556	0.0952381	0.1098901	0.1304348	0.1692308	0.0740741	0.0976331	
Gravelot semipalmé	0.0	0.0	0.0	0.0	0.0	0.0	0.0	0.0	0.0	0.0	0.0	0.0	0.0	0.0	0.0	0.0	0.0	0.0	0.0	0.0	0.0	0.0	0.0	0.0	0.0	0.0	0.0	0.0	0.0	0.0	0.0	0.0	0.0	0.0	0.0	0.0131579	0.002994	0.0	0.0	0.0	0.0	0.0	0.0	0.0	0.0	0.0	0.0	0.0	
Petit Gravelot	0.0	0.0	0.0	0.0	0.0	0.0	0.0	0.0	0.0015	0.0	0.0015	0.005291	0.0136054	0.0115607	0.0139535	0.0015	0.0015	0.0	0.0	0.0053191	0.0	0.0	0.0	0.0055866	0.0015	0.0	0.0	0.0035211	0.0078125	0.0065574	0.0028249	0.0028736	0.0154639	0.0131579	0.0111732	0.0	0.001497	0.0	8.569E-4	0.0	0.0	0.0	0.0	0.0	0.0	0.0	0.0	0.0	
Vanneau huppé	0.1643357	0.1914894	0.1547619	0.2155689	0.2021277	0.1145038	0.1533333	0.0939597	0.0443038	0.0266667	0.0344828	0.015873	0.0272109	0.017341	0.0093023	0.0	0.0071429	0.0190114	0.0252525	0.0106383	0.0124224	0.0053476	0.0307692	0.0111732	0.0076336	0.0346535	0.0067797	0.0457746	0.0273438	0.0295082	0.0084746	0.0373563	0.0103093	0.0307018	0.0502793	0.0230263	0.0329341	0.0270645	0.0342759	0.0581114	0.1271676	0.1388889	0.0952381	0.1318681	0.1449275	0.0923077	0.1358025	0.1272189	
Vanneau sociable	0.0	0.0	0.0	0.0	0.0	0.0	0.0533333	0.0268456	0.0	0.0	0.0	0.0	0.0	0.0	0.0	0.0	0.0	0.0	0.0	0.0	0.0	0.0	0.0	0.0	0.0	0.0	0.0	0.0	0.0	0.0	0.0	0.0	0.0	0.0	0.0	0.0	0.0	0.0	0.0	0.0	0.0	0.0	0.0	0.0	0.0	0.0	0.0	0.0	
Gravelot à collier interrompu	0.0034965	0.0212766	0.0119048	0.005988	0.0	0.0076336	0.0066667	0.0134228	0.0189873	0.0133333	0.0086207	0.010582	0.047619	0.0231214	0.0325581	0.0321285	0.05	0.026616	0.0505051	0.0265957	0.068323	0.0160428	0.0307692	0.0558659	0.0305344	0.019802	0.0474576	0.0211268	0.03125	0.0196721	0.0084746	0.0172414	0.056701	0.0482456	0.0111732	0.0032895	0.005988	0.0069396	0.0051414	0.0096852	0.0	0.0	0.0238095	0.0	0.0289855	0.0153846	0.0123457	0.0059172	
Charadriidae sp.	0.0	0.0	0.0	0.0	0.0	0.0	0.0	0.0	0.0	0.0	0.0	0.0	0.0	0.0	0.0	0.0	0.0	0.0	0.0	0.0	0.0	0.0	0.0	0.0	0.0	0.0	0.0	0.0	0.0	0.0065574	0.0	0.0	0.0	0.0	0.0015	0.0	0.0	0.0	0.0	0.0	0.0	0.0	0.0	0.0	0.0	0.0	0.0	0.0	
Bartramie des champs	0.0	0.0	0.0	0.0	0.0	0.0	0.0	0.0	0.0	0.0	0.0	0.0	0.0	0.0	0.0	0.0	0.0	0.0	0.0	0.0	0.0	0.0	0.0	0.0	0.0	0.0	0.0	0.0	0.0	0.0	0.0	0.0	0.0	0.0	0.0	0.0	0.0	0.0020819	0.0015	0.0012107	0.0	0.0	0.0	0.0	0.0	0.0	0.0	0.0	
Courlis corlieu	0.041958	0.0744681	0.0178571	0.0179641	0.0212766	0.0076336	0.0266667	0.0201342	0.0126582	0.0133333	0.0172414	0.031746	0.047619	0.0462428	0.1581395	0.2248996	0.2285714	0.1368821	0.1363636	0.0159574	0.0	0.0053476	0.0230769	0.0111732	0.0229008	0.0594059	0.0983051	0.1126761	0.1445313	0.1836066	0.1271186	0.1408046	0.2164948	0.1798246	0.1340782	0.1480263	0.1062874	0.0867453	0.0934019	0.0617433	0.0115607	0.0277778	0.0119048	0.021978	0.0144928	0.0153846	0.0246914	0.0502959	
Courlis cendré	0.2027972	0.2446809	0.1666667	0.257485	0.1808511	0.221374	0.2466667	0.1610738	0.1329114	0.1466667	0.0689655	0.047619	0.0816327	0.0520231	0.0511628	0.0321285	0.0357143	0.0380228	0.020202	0.0212766	0.0124224	0.0213904	0.0615385	0.0558659	0.0381679	0.0841584	0.0949153	0.0492958	0.0898438	0.0786885	0.0932203	0.112069	0.1958763	0.1447368	0.1843575	0.1875	0.1871257	0.1776544	0.1833762	0.2191283	0.132948	0.2222222	0.1666667	0.2197802	0.2173913	0.2153846	0.1851852	0.1656805	
Courlis corlieu ou C. cendré	0.0	0.0	0.0	0.0	0.0	0.0	0.0	0.0	0.0	0.0	0.0	0.0	0.0	0.0	0.0	0.0	0.0	0.0038023	0.0	0.0	0.0	0.0	0.0	0.0	0.0	0.0	0.0	0.0	0.0	0.0	0.0	0.0028736	0.0	0.0	0.0	0.0	0.0	0.0	0.0	0.0024213	0.0	0.0	0.0	0.0	0.0	0.0	0.0	0.0	
Barge rousse	0.0104895	0.0638298	0.047619	0.0658683	0.0319149	0.0305344	0.0466667	0.0201342	0.0063291	0.0266667	0.0172414	0.005291	0.0204082	0.0057803	0.0651163	0.0722892	0.0285714	0.0038023	0.0151515	0.0	0.0062112	0.0053476	0.0015	0.0	0.0	0.0	0.0033898	0.0	0.0078125	0.0098361	0.0338983	0.0201149	0.0927835	0.1885965	0.1173184	0.1611842	0.0988024	0.0964608	0.1062554	0.0823245	0.0231214	0.0462963	0.0595238	0.021978	0.0724638	0.0015	0.0617284	0.0384615	
Barge à queue noire	0.041958	0.0531915	0.047619	0.0898204	0.106383	0.0381679	0.02	0.033557	0.0443038	0.0533333	0.0258621	0.005291	0.0408163	0.0057803	0.0186047	0.0160643	0.0428571	0.0076046	0.0050505	0.0053191	0.0	0.0	0.0230769	0.0	0.0076336	0.0148515	0.0101695	0.0316901	0.0273438	0.0590164	0.0141243	0.0402299	0.0463918	0.0614035	0.0670391	0.0296053	0.0134731	0.019431	0.0094259	0.0230024	0.0115607	0.0555556	0.0119048	0.043956	0.0724638	0.0153846	0.037037	0.0325444	
Bécassine sourde	0.0015	0.0	0.0015	0.0015	0.0	0.0	0.0015	0.0	0.0	0.0	0.0015	0.0	0.0068027	0.0	0.0093023	0.0	0.0	0.0	0.0	0.0	0.0	0.0	0.0	0.0	0.0	0.0	0.0	0.0	0.0	0.0	0.0	0.0	0.0	0.0	0.0055866	0.0098684	0.002994	0.0083276	0.0488432	0.0133172	0.0115607	0.0	0.0238095	0.0015	0.0015	0.0	0.0	0.0059172	
Bécasse des bois	0.006993	0.0106383	0.0119048	0.011976	0.0015	0.0015	0.0	0.0268456	0.0063291	0.0266667	0.0086207	0.0	0.0	0.0	0.0	0.0	0.0	0.0	0.0	0.0	0.0	0.0	0.0	0.0	0.0	0.0	0.0	0.0	0.0	0.0	0.0	0.0	0.0	0.0	0.0	0.0	0.002994	0.0013879	0.0128535	0.0181598	0.0520231	0.0092593	0.0119048	0.0015	0.0144928	0.0153846	0.0246914	0.0088757	
Bécassine double	0.0	0.0	0.0	0.0	0.0	0.0	0.0	0.0	0.0	0.0	0.0	0.0	0.0	0.0	0.0	0.0	0.0	0.0	0.0	0.0	0.0	0.0	0.0	0.0	0.0	0.0	0.0	0.0	0.0	0.0	0.0	0.0	0.0	0.0	0.0	0.0	0.0	6.94E-4	0.0	0.0	0.0	0.0	0.0	0.0	0.0	0.0	0.0	0.0	
Bécassine des marais	0.0909091	0.106383	0.1369048	0.1736527	0.106383	0.0610687	0.1266667	0.1543624	0.1075949	0.1066667	0.0603448	0.015873	0.0340136	0.0346821	0.027907	0.0160643	0.0015	0.0	0.0	0.0053191	0.0	0.0	0.0	0.0	0.0	0.0	0.0	0.0246479	0.03125	0.0655738	0.0508475	0.0632184	0.0927835	0.1359649	0.1675978	0.1217105	0.1167665	0.1651631	0.1799486	0.1513317	0.1445087	0.1481481	0.0714286	0.1428571	0.173913	0.1384615	0.0740741	0.0621302	
Bécassine des marais ou B. de Wilson	0.0	0.0	0.0	0.0	0.0	0.0	0.0	0.0	0.0	0.0	0.0	0.0	0.0	0.0	0.0	0.0	0.0	0.0	0.0	0.0	0.0	0.0	0.0	0.0	0.0	0.0	0.0	0.0	0.0	0.0	0.0	0.0	0.0	0.0	0.0	0.0	0.0	0.0015	0.0	0.0	0.0	0.0	0.0	0.0	0.0	0.0	0.0	0.0	
Gallinago sp.	0.0	0.0	0.0	0.0	0.0	0.0	0.0	0.0	0.0	0.0	0.0	0.0	0.0	0.0	0.0	0.0	0.0	0.0	0.0	0.0	0.0	0.0	0.0	0.0	0.0	0.0	0.0	0.0	0.0	0.0	0.0	0.0	0.0	0.0	0.0	0.0	0.001497	0.0	0.0015	0.0	0.0	0.0	0.0	0.0	0.0	0.0	0.0	0.0	
Phalarope à bec large	0.0	0.0	0.0	0.0	0.0	0.0	0.0	0.0	0.0063291	0.0	0.0	0.0	0.0	0.0	0.0	0.0	0.0	0.0	0.0	0.0	0.0	0.0	0.0	0.0	0.0	0.0	0.0	0.0	0.0	0.0032787	0.0112994	0.0057471	0.0103093	0.0087719	0.0223464	0.0164474	0.0194611	0.0090215	0.0154242	0.0108959	0.0346821	0.037037	0.0015	0.010989	0.0015	0.0	0.0	0.0029586	
Phalarope à bec étroit	0.0	0.0	0.0	0.0	0.0	0.0	0.0	0.0	0.0	0.0	0.0	0.0	0.0	0.0	0.0	0.0	0.0	0.0	0.0	0.0	0.0	0.0	0.0	0.0	0.0	0.0	0.0	0.0	0.0	0.0	0.0	0.0057471	0.0206186	0.004386	0.0	0.0	0.0	0.0	0.0	0.0	0.0115607	0.0	0.0	0.0	0.0	0.0	0.0	0.0	
Phalarope à bec large ou P. à bec étroit	0.0	0.0	0.0	0.0	0.0	0.0	0.0	0.0	0.0	0.0	0.0	0.0	0.0	0.0	0.0	0.0	0.0	0.0	0.0	0.0	0.0	0.0	0.0	0.0	0.0	0.0	0.0	0.0	0.0	0.0	0.0	0.0	0.0	0.0	0.0	0.0	0.0015	0.0	0.0	0.0	0.0	0.0	0.0	0.0	0.0	0.0	0.0	0.0	
Chevalier guignette	0.020979	0.0531915	0.0416667	0.0179641	0.0106383	0.0534351	0.04	0.0536913	0.0443038	0.0266667	0.0431034	0.005291	0.0748299	0.0693642	0.0651163	0.0923695	0.0714286	0.0494297	0.0050505	0.0053191	0.0	0.0053476	0.0153846	0.0167598	0.0076336	0.0445545	0.0711864	0.1443662	0.1640625	0.2688525	0.1525424	0.2097701	0.2525773	0.25	0.2011173	0.1414474	0.0898204	0.0506593	0.0702656	0.0387409	0.0346821	0.0277778	0.0357143	0.021978	0.0434783	0.0615385	0.037037	0.0414201	
Chevalier grivelé	0.0	0.0	0.0	0.0	0.0	0.0	0.0	0.0	0.0	0.0	0.0	0.0	0.0	0.0	0.0	0.0	0.0015	0.0	0.0	0.0015	0.0	0.0	0.0	0.0	0.0	0.0	0.0	0.0	0.0	0.0032787	0.0112994	0.0015	0.0103093	0.0	0.0	0.0015	0.0	0.0048577	0.0059983	0.0024213	0.0	0.0	0.0	0.0	0.0	0.0	0.0	0.0	
Chevalier culblanc	0.0104895	0.0015	0.0119048	0.005988	0.0106383	0.0152672	0.0133333	0.0067114	0.0253165	0.0133333	0.0172414	0.0	0.0272109	0.0115607	0.0139535	0.0	0.0	0.0	0.0	0.0	0.0	0.0	0.0076923	0.0055866	0.0076336	0.049505	0.020339	0.0492958	0.0898438	0.1311475	0.0649718	0.0689655	0.0824742	0.0394737	0.0502793	0.0328947	0.004491	0.0097155	0.0068552	0.0084746	0.0231214	0.0185185	0.0	0.021978	0.0144928	0.0	0.0246914	0.0118343	
Chevalier sylvain	0.0	0.0	0.0	0.0	0.0	0.0	0.0	0.0	0.0	0.0	0.0	0.0	0.0	0.0	0.0046512	0.0160643	0.0015	0.0015	0.0	0.0	0.0	0.0	0.0	0.0	0.0	0.0	0.0	0.0035211	0.015625	0.0590164	0.0254237	0.0258621	0.0515464	0.0219298	0.0055866	0.0032895	0.001497	6.94E-4	0.0	0.0	0.0	0.0	0.0	0.0	0.0	0.0	0.0	0.0	
Chevalier gambette	0.1783217	0.2234043	0.172619	0.2814371	0.1914894	0.2061069	0.2666667	0.2281879	0.1582278	0.08	0.112069	0.042328	0.1088435	0.0462428	0.027907	0.0281124	0.0071429	0.0228137	0.0050505	0.0159574	0.0186335	0.0106952	0.0230769	0.0167598	0.0381679	0.0594059	0.040678	0.0950704	0.0976563	0.1081967	0.0960452	0.137931	0.1958763	0.1578947	0.2067039	0.1677632	0.1167665	0.092297	0.1019709	0.1343826	0.1445087	0.212963	0.1785714	0.2197802	0.2173913	0.3230769	0.1481481	0.1568047	
Chevalier à pattes jaunes	0.0	0.0	0.0	0.0	0.0	0.0	0.0	0.0	0.0	0.0	0.0	0.0	0.0	0.0	0.0	0.0	0.0	0.0	0.0	0.0	0.0	0.0	0.0	0.0	0.0	0.0	0.0	0.0	0.0	0.0	0.0	0.0	0.0	0.0	0.0	0.0	0.0015	0.0	0.0	0.0	0.0015	0.0	0.0015	0.0	0.0	0.0	0.0	0.0	
Chevalier arlequin	0.0314685	0.0425532	0.0535714	0.1017964	0.0319149	0.0305344	0.04	0.033557	0.0316456	0.0133333	0.0431034	0.0	0.0204082	0.0	0.0139535	0.0160643	0.0142857	0.0	0.0	0.0053191	0.0	0.0	0.0153846	0.0055866	0.0076336	0.0	0.0169492	0.0070423	0.0195313	0.0163934	0.0084746	0.0373563	0.0103093	0.0307018	0.0391061	0.0098684	0.0149701	0.0124913	0.0059983	0.0193705	0.0115607	0.0740741	0.0119048	0.032967	0.0869565	0.0	0.0246914	0.0502959	
Chevalier aboyeur	0.0734266	0.1382979	0.0833333	0.1497006	0.1170213	0.0839695	0.0933333	0.1543624	0.0759494	0.0533333	0.0689655	0.042328	0.0748299	0.0462428	0.0511628	0.0481928	0.0428571	0.0190114	0.010101	0.0265957	0.0124224	0.0	0.0	0.0	0.0076336	0.039604	0.0372881	0.0704225	0.03125	0.0754098	0.0875706	0.0948276	0.1030928	0.0964912	0.0893855	0.0559211	0.0479042	0.0284525	0.0179949	0.0484262	0.0520231	0.1111111	0.1309524	0.0769231	0.1304348	0.1076923	0.037037	0.0946746	
Tournepierre à collier	0.2237762	0.2446809	0.1547619	0.2035928	0.1276596	0.2137405	0.2533333	0.1677852	0.1455696	0.0933333	0.0517241	0.1216931	0.1156463	0.0867052	0.1069767	0.1084337	0.0714286	0.0646388	0.0353535	0.0478723	0.0124224	0.0106952	0.0076923	0.0111732	0.0076336	0.019802	0.0474576	0.0739437	0.125	0.2065574	0.1468927	0.2068966	0.2474227	0.2368421	0.2569832	0.3190789	0.254491	0.2005552	0.2202228	0.2542373	0.150289	0.2407407	0.1666667	0.1978022	0.173913	0.2769231	0.2469136	0.2248521	
Bécasseau maubèche	0.013986	0.0015	0.0178571	0.0419162	0.0	0.0229008	0.0133333	0.0201342	0.0063291	0.0133333	0.0015	0.010582	0.0204082	0.0057803	0.0093023	0.0	0.0015	0.0152091	0.0015	0.0	0.0	0.0	0.0076923	0.0	0.0076336	0.009901	0.0067797	0.0070423	0.0078125	0.0	0.0254237	0.0488506	0.1340206	0.122807	0.0949721	0.1019737	0.0568862	0.054823	0.0634105	0.0217918	0.017341	0.0277778	0.047619	0.021978	0.0289855	0.0015	0.0123457	0.0118343	
Combattant varié	0.0034965	0.0106383	0.0	0.0179641	0.0	0.0	0.0066667	0.0015	0.0126582	0.0	0.0086207	0.0	0.0136054	0.0115607	0.0186047	0.0080321	0.0142857	0.0114068	0.0050505	0.0	0.0	0.0	0.0	0.0	0.0	0.0	0.0	0.0105634	0.0039063	0.0229508	0.019774	0.0431034	0.0876289	0.0745614	0.027933	0.0197368	0.008982	0.0048577	0.0025707	0.0096852	0.0115607	0.0092593	0.0	0.0015	0.0	0.0	0.0123457	0.0118343	
Bécasseau falcinelle	0.0	0.0	0.0	0.0	0.0	0.0	0.0	0.0	0.0	0.0	0.0	0.0	0.0	0.0	0.0	0.0	0.0214286	0.0	0.0	0.0	0.0	0.0	0.0	0.0	0.0	0.0	0.0	0.0	0.0	0.0	0.0	0.0	0.0	0.0	0.0	0.0	0.0	0.0	0.0	0.0	0.0	0.0	0.0	0.0	0.0	0.0	0.0	0.0	
Bécasseau cocorli	0.0	0.0	0.0	0.0	0.0	0.0	0.0	0.0	0.0	0.0	0.0	0.0	0.0	0.0	0.0093023	0.0	0.0015	0.0114068	0.0050505	0.0015	0.0	0.0	0.0	0.0	0.0	0.0	0.0	0.0035211	0.0	0.0	0.0056497	0.0258621	0.0721649	0.122807	0.0726257	0.0657895	0.0389222	0.0201249	0.0231362	0.0133172	0.0	0.0	0.0	0.010989	0.0	0.0	0.0	0.0	
Bécasseau de Temminck	0.0	0.0	0.0	0.0	0.0	0.0	0.0	0.0	0.0	0.0	0.0	0.0	0.0	0.0	0.0046512	0.0040161	0.0071429	0.0076046	0.0	0.0	0.0	0.0	0.0	0.0	0.0	0.0	0.0	0.0	0.0	0.0098361	0.0	0.0028736	0.0103093	0.0	0.0055866	0.0	0.0	0.0	0.0	0.0012107	0.0	0.0	0.0	0.0	0.0	0.0	0.0	0.0	
Bécasseau à cou roux	0.0	0.0	0.0	0.0	0.0	0.0	0.0	0.0	0.0	0.0	0.0	0.0	0.0	0.0	0.0	0.0	0.0	0.0	0.0	0.0	0.0	0.0	0.0	0.0	0.0	0.0	0.0	0.0	0.0	0.0	0.0	0.0	0.0	0.0	0.0	0.0	0.001497	0.0	0.0	0.0	0.0	0.0	0.0	0.0	0.0	0.0	0.0	0.0	
Bécasseau rousset	0.0	0.0	0.0	0.0	0.0	0.0	0.0	0.0	0.0	0.0	0.0	0.0	0.0	0.0	0.0	0.0	0.0	0.0114068	0.0	0.0	0.0	0.0	0.0	0.0	0.0	0.0	0.0	0.0	0.0	0.0	0.0015	0.0028736	0.0103093	0.0219298	0.0111732	0.0	0.0	0.0	0.0	0.0	0.0	0.0	0.0	0.0	0.0	0.0	0.0	0.0	
Bécasseau sanderling	0.1433566	0.1382979	0.1369048	0.1556886	0.1382979	0.1221374	0.1933333	0.0872483	0.1012658	0.0533333	0.0344828	0.0582011	0.0612245	0.0462428	0.0511628	0.0562249	0.0857143	0.0684411	0.0707071	0.0904255	0.0559006	0.0053476	0.0153846	0.0223464	0.0076336	0.019802	0.0338983	0.0704225	0.1132813	0.1213115	0.1186441	0.1666667	0.1907216	0.2280702	0.1955307	0.1644737	0.0943114	0.0624566	0.0762639	0.066586	0.0635838	0.1481481	0.1309524	0.1758242	0.1449275	0.1538462	0.1481481	0.1568047	
Bécasseau variable	0.1503497	0.2659574	0.1369048	0.251497	0.1489362	0.129771	0.1933333	0.1275168	0.0759494	0.0666667	0.0344828	0.026455	0.0544218	0.0289017	0.0697674	0.0441767	0.0857143	0.1026616	0.0707071	0.0638298	0.0434783	0.0160428	0.0076923	0.0167598	0.0015	0.0247525	0.0542373	0.0950704	0.109375	0.1442623	0.1242938	0.1321839	0.257732	0.254386	0.2458101	0.2203947	0.1467066	0.1179736	0.1465296	0.1428571	0.1156069	0.1296296	0.1904762	0.2197802	0.2173913	0.2307692	0.1728395	0.1183432	
Bécasseau violet	0.0244755	0.0106383	0.0238095	0.0359281	0.0015	0.0305344	0.0333333	0.0201342	0.0189873	0.0533333	0.0015	0.026455	0.0408163	0.0231214	0.027907	0.0321285	0.0214286	0.0228137	0.0050505	0.0015	0.0	0.0	0.0	0.0	0.0	0.0	0.0	0.0	0.0039063	0.0	0.0	0.0	0.0309278	0.0131579	0.0111732	0.0789474	0.0583832	0.055517	0.0814053	0.062954	0.0404624	0.037037	0.0357143	0.0549451	0.0144928	0.0461538	0.037037	0.0236686	
Bécasseau de Baird	0.0	0.0	0.0	0.0	0.0	0.0	0.0	0.0	0.0	0.0	0.0	0.0	0.0	0.0	0.0	0.0	0.0	0.0	0.0	0.0	0.0	0.0	0.0	0.0	0.0	0.0	0.0	0.0	0.0	0.0	0.0	0.0028736	0.0257732	0.0087719	0.0015	0.0032895	0.011976	0.0062457	0.0	0.0	0.0	0.0	0.0	0.0	0.0	0.0	0.0	0.0	
Bécasseau minute	0.0	0.0	0.0015	0.011976	0.0	0.0	0.0066667	0.0	0.0	0.0	0.0	0.0015	0.0	0.0	0.0015	0.0040161	0.0	0.0076046	0.0	0.0	0.0	0.0	0.0	0.0	0.0	0.0049505	0.0033898	0.0	0.0	0.0032787	0.0056497	0.0086207	0.0670103	0.0921053	0.0223464	0.0197368	0.0179641	0.0215128	0.0188518	0.0084746	0.0057803	0.0092593	0.0	0.0	0.0	0.0	0.0	0.0	
Bécasseau de Bonaparte	0.0	0.0	0.0	0.0	0.0	0.0	0.0	0.0	0.0	0.0	0.0	0.0	0.0	0.0	0.0	0.0	0.0	0.0	0.0	0.0	0.0	0.0	0.0	0.0	0.0	0.0	0.0	0.0	0.0	0.0	0.0	0.0	0.0	0.0	0.0	0.0032895	0.001497	0.0041638	0.0034276	0.0145278	0.0057803	0.0	0.0	0.0	0.0	0.0	0.0	0.0	
Bécasseau tacheté	0.0	0.0	0.0	0.0	0.0	0.0	0.0	0.0	0.0	0.0	0.0	0.0	0.0	0.0	0.0	0.0	0.0	0.0	0.0	0.0	0.0	0.0	0.0	0.0	0.0	0.0	0.0	0.0035211	0.0	0.0	0.0	0.0015	0.0257732	0.0087719	0.0055866	0.0065789	0.007485	0.0027759	0.0	0.0	0.0	0.0	0.0	0.0	0.0	0.0	0.0	0.0	
Bécasseau d'Alaska	0.0	0.0	0.0	0.0	0.0	0.0	0.0	0.0	0.0	0.0	0.0	0.0	0.0	0.0	0.0	0.0	0.0	0.0	0.0	0.0	0.0	0.0	0.0	0.0	0.0	0.0	0.0	0.0	0.0	0.0	0.0	0.0	0.0	0.004386	0.0015	0.0	0.001497	0.0	0.0	0.0012107	0.0	0.0	0.0	0.0	0.0	0.0	0.0	0.0	
Bécasseau semipalmé	0.0	0.0	0.0	0.0	0.0	0.0	0.0	0.0	0.0	0.0	0.0	0.0	0.0	0.0	0.0	0.0	0.0	0.0	0.0	0.0	0.0	0.0	0.0	0.0	0.0	0.0	0.0	0.0	0.0	0.0	0.0	0.0057471	0.0309278	0.0175439	0.0	0.0	0.0	0.0	0.0	0.0	0.0	0.0	0.0	0.0	0.0	0.0	0.0	0.0	
Calidris sp. (petit bécasseau sp.)	0.0	0.0	0.0	0.0	0.0	0.0	0.0	0.0	0.0	0.0	0.0	0.0	0.0	0.0	0.0	0.0	0.0	0.0	0.0	0.0	0.0	0.0	0.0	0.0	0.0	0.0049505	0.0033898	0.0035211	0.0	0.0065574	0.0028249	0.0028736	0.0051546	0.0015	0.0055866	0.0	0.0	0.0	0.0	0.0	0.0	0.0	0.0	0.0	0.0	0.0	0.0	0.0029586	
scolopacidé sp.	0.0	0.0	0.0	0.0	0.0	0.0	0.0	0.0	0.0	0.0	0.0	0.0	0.0	0.0	0.0	0.0	0.0	0.0	0.0	0.0	0.0	0.0	0.0	0.0	0.0	0.0	0.0	0.0	0.0	0.0	0.0	0.0015	0.0	0.0	0.0	0.0	0.0	0.0	0.0	0.0	0.0	0.0	0.0	0.0	0.0	0.0	0.0	0.0	
limicole sp.	0.0	0.0	0.0	0.0015	0.0	0.0	0.0066667	0.0	0.0	0.0	0.0	0.0	0.0	0.0	0.0	0.0	0.0	0.0	0.0	0.0	0.0062112	0.0	0.0	0.0	0.0	0.0	0.0033898	0.0	0.0	0.0032787	0.0015	0.0	0.0	0.0	0.0055866	0.0032895	0.0	0.0	8.569E-4	0.0012107	0.0	0.0	0.0	0.0	0.0	0.0	0.0015	0.0029586	
Labbe à longue queue	0.0	0.0	0.0	0.0	0.0	0.0	0.0	0.0	0.0	0.0	0.0	0.0	0.0	0.0057803	0.0	0.0	0.0	0.0038023	0.0	0.0	0.0	0.0	0.0	0.0	0.0	0.0	0.0	0.0	0.0	0.0	0.0028249	0.0028736	0.0015	0.0131579	0.0111732	0.0	0.0	0.0015	0.0017138	0.0024213	0.0	0.0092593	0.0	0.0	0.0	0.0	0.0	0.0	
Labbe parasite	0.0	0.0	0.0	0.0	0.0	0.0	0.0	0.0	0.0	0.0	0.0	0.0	0.0340136	0.0231214	0.0186047	0.0160643	0.0071429	0.0038023	0.0050505	0.0053191	0.0015	0.0	0.0076923	0.0	0.0076336	0.009901	0.0067797	0.0070423	0.0117188	0.0163934	0.0225989	0.0316092	0.0412371	0.0438596	0.0837989	0.0953947	0.0464072	0.0534351	0.0497001	0.0387409	0.0404624	0.037037	0.0	0.0	0.0015	0.0	0.0	0.0	
Labbe pomarin	0.0	0.0	0.0	0.0	0.0	0.0	0.0066667	0.0	0.0	0.0	0.0	0.0	0.0068027	0.0057803	0.0	0.0	0.0	0.0076046	0.0	0.0	0.0	0.0	0.0	0.0	0.0	0.0	0.0	0.0035211	0.0039063	0.0065574	0.0028249	0.0172414	0.0051546	0.0087719	0.0335196	0.0131579	0.004491	0.0111034	0.0214225	0.0121065	0.0231214	0.037037	0.0	0.0	0.0	0.0	0.0	0.0	
Labbe parasite ou L. pomarin	0.0	0.0	0.0	0.0	0.0	0.0	0.0	0.0	0.0	0.0	0.0	0.0	0.0	0.0	0.0	0.0	0.0	0.0	0.0	0.0	0.0	0.0	0.0	0.0	0.0	0.0	0.0	0.0	0.0	0.0	0.0	0.0	0.0	0.0	0.0	0.0	0.0	0.0	0.0	0.0012107	0.0	0.0	0.0	0.0	0.0	0.0	0.0	0.0	
Grand Labbe	0.006993	0.0319149	0.0	0.0	0.0	0.0076336	0.0066667	0.0015	0.0015	0.0	0.0015	0.026455	0.0068027	0.0289017	0.0	0.0040161	0.0	0.0114068	0.0	0.0	0.0	0.0	0.0076923	0.0	0.0076336	0.0049505	0.0067797	0.0211268	0.015625	0.0131148	0.0451977	0.0316092	0.0360825	0.0438596	0.0614525	0.0592105	0.0479042	0.0444136	0.0582691	0.0326877	0.0231214	0.0277778	0.0119048	0.021978	0.0	0.0	0.0	0.0015	
Labbe de McCormick	0.0	0.0	0.0	0.0	0.0	0.0	0.0	0.0	0.0	0.0	0.0	0.0	0.0	0.0	0.0	0.0	0.0	0.0	0.0	0.0	0.0	0.0	0.0	0.0	0.0	0.0	0.0	0.0	0.0	0.0	0.0028249	0.0015	0.0015	0.0	0.0	0.0065789	0.0	0.0	0.0	0.0	0.0	0.0	0.0	0.0	0.0	0.0	0.0	0.0	
Labbe pomarin, L. parasite ou L. à longue queue	0.0	0.0	0.0	0.0	0.0	0.0	0.0	0.0	0.0	0.0	0.0	0.0	0.0	0.0	0.0	0.0	0.0	0.0076046	0.0	0.0	0.0	0.0	0.0	0.0	0.0	0.0	0.0	0.0	0.0039063	0.0	0.0	0.0	0.0	0.0	0.0111732	0.0131579	0.007485	0.0097155	0.0034276	0.003632	0.0115607	0.0	0.0	0.0	0.0	0.0	0.0	0.0	
labbe sp. (groupe Catharacta)	0.0	0.0	0.0	0.0	0.0	0.0	0.0	0.0	0.0	0.0	0.0	0.0	0.0	0.0	0.0	0.0	0.0	0.0	0.0	0.0	0.0	0.0	0.0	0.0	0.0	0.0	0.0	0.0	0.0	0.0	0.0	0.0	0.0	0.0	0.0	0.0	0.001497	0.0	0.0	0.0	0.0	0.0	0.0	0.0	0.0	0.0	0.0	0.0	
labbe sp.	0.0	0.0	0.0	0.0	0.0	0.0	0.0	0.0	0.0	0.0	0.0	0.0	0.0015	0.0	0.0	0.0	0.0	0.0	0.0	0.0	0.0	0.0	0.0	0.0	0.0	0.0	0.0	0.0	0.0	0.0032787	0.0028249	0.0028736	0.0015	0.0	0.0	0.0	0.0015	0.0055517	0.0034276	0.003632	0.0115607	0.0	0.0	0.0	0.0	0.0	0.0	0.0	
Macareux moine	0.0104895	0.0106383	0.0	0.0	0.0	0.0152672	0.0066667	0.0134228	0.0126582	0.0	0.0086207	0.0	0.0068027	0.0057803	0.0046512	0.0160643	0.0142857	0.0038023	0.0	0.0053191	0.0	0.0	0.0015	0.0	0.0	0.0049505	0.0	0.0	0.0	0.0	0.0056497	0.0028736	0.0	0.0	0.0055866	0.0065789	0.002994	0.0104094	0.0162811	0.0242131	0.017341	0.0092593	0.0	0.0	0.0	0.0	0.0	0.0	
Guillemot à miroir	0.0015	0.0015	0.0	0.0	0.0	0.0	0.0	0.0	0.0	0.0	0.0015	0.0	0.0	0.0	0.0	0.0	0.0	0.0015	0.0	0.0	0.0	0.0	0.0	0.0	0.0	0.0	0.0033898	0.0	0.0039063	0.0015	0.0	0.0	0.0	0.0	0.0	0.0	0.0	0.0015	0.0025707	0.0024213	0.0057803	0.0	0.0119048	0.0	0.0	0.0	0.0	0.0015	
Pingouin torda	0.0769231	0.0425532	0.0357143	0.0239521	0.0531915	0.0534351	0.08	0.0201342	0.0063291	0.0266667	0.0172414	0.005291	0.0408163	0.0115607	0.0186047	0.0160643	0.0142857	0.0076046	0.0	0.0053191	0.0	0.0	0.0076923	0.0	0.0	0.0	0.0	0.0035211	0.0	0.0	0.0	0.0028736	0.0	0.004386	0.0167598	0.0460526	0.0329341	0.0624566	0.0959726	0.098063	0.0982659	0.0648148	0.0015	0.021978	0.0144928	0.0461538	0.037037	0.0384615	
Mergule nain	0.0034965	0.0	0.0	0.0	0.0	0.0	0.0	0.0	0.0	0.0	0.0	0.0	0.0	0.0	0.0	0.0	0.0	0.0	0.0	0.0	0.0	0.0	0.0	0.0	0.0	0.0	0.0	0.0	0.0	0.0	0.0	0.0	0.0	0.0	0.0	0.0	0.0	6.94E-4	0.0	0.0	0.0015	0.0092593	0.0	0.0015	0.0	0.0	0.0123457	0.0059172	
Guillemot de Troïl	0.0594406	0.0638298	0.0297619	0.0359281	0.0638298	0.0305344	0.0466667	0.0268456	0.0126582	0.04	0.0172414	0.0529101	0.0748299	0.0751445	0.0604651	0.0522088	0.0571429	0.0190114	0.0050505	0.0212766	0.0062112	0.0053476	0.0076923	0.0111732	0.0	0.0049505	0.0135593	0.0211268	0.0078125	0.0065574	0.0028249	0.0028736	0.0103093	0.0087719	0.0335196	0.0197368	0.0464072	0.0603747	0.0908312	0.1041162	0.0751445	0.0648148	0.0119048	0.021978	0.0144928	0.0307692	0.037037	0.0295858	
Alca ou Uria sp.	0.027972	0.0	0.0119048	0.011976	0.0	0.0076336	0.0015	0.0015	0.0126582	0.0	0.0015	0.005291	0.0272109	0.0	0.0	0.0040161	0.0	0.0038023	0.0	0.0	0.0	0.0	0.0	0.0055866	0.0	0.0	0.0	0.0035211	0.0	0.0	0.0	0.0	0.0	0.004386	0.0055866	0.0131579	0.0209581	0.0263706	0.0402742	0.031477	0.0231214	0.0185185	0.0	0.0015	0.0144928	0.0	0.0	0.0236686	
alcidé sp.	0.020979	0.0	0.0	0.0	0.0106383	0.0	0.0133333	0.0067114	0.0063291	0.0133333	0.0	0.010582	0.0136054	0.0057803	0.0093023	0.0200803	0.0	0.0	0.0	0.0106383	0.0	0.0053476	0.0	0.0	0.0	0.0	0.0	0.0035211	0.0	0.0	0.0028249	0.0	0.0	0.0	0.0	0.0296053	0.011976	0.0284525	0.0402742	0.0569007	0.0404624	0.0092593	0.0	0.0	0.0	0.0	0.0	0.0029586	
Mouette pygmée	0.0104895	0.0	0.0059524	0.0	0.0106383	0.0152672	0.0133333	0.0015	0.0015	0.0	0.0015	0.0	0.0	0.0015	0.0	0.0015	0.0	0.0	0.0	0.0053191	0.0	0.0	0.0	0.0	0.0	0.0049505	0.0	0.0	0.0	0.0032787	0.0	0.0028736	0.0051546	0.004386	0.0111732	0.0032895	0.001497	0.0015	0.0051414	0.0012107	0.0057803	0.0185185	0.0119048	0.0015	0.0015	0.0	0.0	0.0059172	
Mouette tridactyle	0.0629371	0.0425532	0.0238095	0.0359281	0.0425532	0.0610687	0.0466667	0.0201342	0.0316456	0.0266667	0.0086207	0.0634921	0.0272109	0.0867052	0.0837209	0.0522088	0.0357143	0.0418251	0.0505051	0.0744681	0.0559006	0.0160428	0.0153846	0.0111732	0.0305344	0.0346535	0.0440678	0.0246479	0.0429688	0.0295082	0.0282486	0.0316092	0.0051546	0.0131579	0.0335196	0.0296053	0.0344311	0.0353921	0.0788346	0.12954	0.1387283	0.1018519	0.0238095	0.0549451	0.0289855	0.0461538	0.0740741	0.0532544	
Mouette de Sabine	0.0	0.0	0.0	0.0	0.0	0.0	0.0	0.0	0.0	0.0	0.0	0.0	0.0	0.0	0.0	0.0	0.0	0.0	0.0	0.0015	0.0	0.0	0.0	0.0	0.0	0.0	0.0	0.0	0.0	0.0131148	0.019774	0.0114943	0.0103093	0.0307018	0.0335196	0.0197368	0.010479	0.0097155	0.0059983	0.0121065	0.0115607	0.0015	0.0	0.0	0.0	0.0	0.0	0.0	
Mouette de Bonaparte	0.0	0.0	0.0015	0.0	0.0	0.0	0.02	0.0067114	0.0063291	0.0	0.0	0.0	0.0	0.0	0.0	0.0	0.0	0.0	0.0	0.0	0.0	0.0	0.0	0.0	0.0	0.0	0.0	0.0	0.0	0.0	0.0	0.0	0.0	0.0	0.0	0.0	0.0	0.0	0.0015	0.0024213	0.0	0.0	0.0	0.0	0.0	0.0015	0.0	0.0059172	
Mouette rieuse	0.6223776	0.4787234	0.5	0.497006	0.5425532	0.4961832	0.56	0.4899329	0.4367089	0.16	0.2241379	0.1058201	0.1088435	0.0809249	0.0418605	0.0682731	0.0142857	0.0494297	0.030303	0.0531915	0.0993789	0.1069519	0.2076923	0.2290503	0.3053435	0.4306931	0.4271186	0.4471831	0.5	0.4918033	0.4067797	0.4712644	0.4742268	0.4868421	0.5139665	0.4375	0.3967066	0.3157529	0.3573265	0.4297821	0.4104046	0.5462963	0.5119048	0.3736264	0.4202899	0.5538462	0.4691358	0.5621302	
Mouette atricille	0.0	0.0	0.0	0.0	0.0	0.0	0.0	0.0	0.0	0.0	0.0	0.0	0.0	0.0	0.0	0.0	0.0	0.0	0.0	0.0	0.0	0.0	0.0	0.0	0.0	0.0	0.0	0.0	0.0	0.0	0.0	0.0	0.0	0.0	0.0	0.0	0.0	0.0	0.0	0.0	0.0	0.0	0.0	0.0	0.0	0.0015	0.0015	0.0	
Mouette de Franklin	0.0	0.0	0.0	0.0	0.0	0.0015	0.0	0.0	0.0	0.0	0.0	0.0	0.0	0.0	0.0	0.0	0.0	0.0	0.0	0.0	0.0	0.0	0.0	0.0	0.0	0.0	0.0	0.0	0.0	0.0	0.0	0.0	0.0	0.0	0.0	0.0	0.0	0.0	0.0	0.0	0.0	0.0	0.0015	0.0	0.0	0.0	0.0	0.0	
Mouette mélanocéphale	0.2132867	0.0957447	0.1845238	0.1137725	0.2234043	0.2061069	0.2466667	0.1677852	0.0949367	0.0933333	0.0775862	0.015873	0.0340136	0.0115607	0.027907	0.0160643	0.0214286	0.0076046	0.0252525	0.0106383	0.0248447	0.0160428	0.0846154	0.1005587	0.1145038	0.2277228	0.2169492	0.165493	0.2382813	0.1836066	0.1864407	0.1695402	0.2628866	0.2587719	0.2178771	0.2368421	0.2305389	0.2109646	0.251928	0.2191283	0.2023121	0.2222222	0.1309524	0.0989011	0.1594203	0.0923077	0.1604938	0.1863905	
Mouette rieuse ou M. mélanocéphale	0.0	0.0	0.0	0.0	0.0	0.0	0.0	0.0067114	0.0	0.0	0.0	0.005291	0.0	0.0	0.0	0.0	0.0	0.0	0.0	0.0	0.0	0.0106952	0.0	0.0	0.0	0.0	0.0	0.0	0.0	0.0015	0.0	0.0	0.0	0.0	0.0	0.0	0.0	6.94E-4	0.0	0.0012107	0.0057803	0.0	0.0	0.0	0.0	0.0	0.0	0.0	
Goéland cendré	0.0979021	0.0851064	0.0892857	0.1736527	0.1276596	0.1145038	0.1666667	0.0805369	0.0506329	0.04	0.0172414	0.010582	0.0068027	0.0231214	0.0139535	0.0015	0.0	0.0076046	0.0555556	0.0053191	0.0062112	0.0	0.0076923	0.0167598	0.0229008	0.0247525	0.0237288	0.0176056	0.0234375	0.0098361	0.0084746	0.0172414	0.0309278	0.0307018	0.0223464	0.0164474	0.0254491	0.0513532	0.0719794	0.0835351	0.0520231	0.1203704	0.0595238	0.1098901	0.1449275	0.0923077	0.1111111	0.1094675	
Goéland à bec cerclé	0.0015	0.0015	0.0059524	0.011976	0.0212766	0.0015	0.0066667	0.0	0.0063291	0.0015	0.0015	0.0015	0.0	0.0	0.0	0.0	0.0	0.0	0.0	0.0	0.0	0.0	0.0	0.0	0.0	0.0	0.0	0.0	0.0	0.0	0.0	0.0	0.0	0.0	0.0	0.0	0.0	0.0	0.0015	0.0	0.0	0.0	0.0	0.0015	0.0015	0.0	0.0	0.0088757	
Goéland pontique	0.0034965	0.0	0.0	0.0015	0.0015	0.0015	0.0	0.0	0.0	0.0	0.0	0.0015	0.0	0.0	0.0015	0.0	0.0	0.0	0.0	0.0	0.0	0.0	0.0	0.0	0.0	0.0	0.0	0.0	0.0015	0.0	0.0	0.0	0.0	0.0	0.0	0.0032895	0.0	0.0020819	0.0094259	0.0024213	0.0	0.0	0.0	0.0	0.0	0.0	0.0	0.0015	
Goéland argenté	0.6293706	0.4574468	0.4761905	0.4550898	0.5744681	0.5877863	0.5933333	0.5100671	0.5443038	0.4533333	0.4741379	0.5185185	0.5918367	0.6069364	0.6325581	0.5542169	0.4642857	0.4980989	0.5151515	0.5851064	0.5652174	0.5454545	0.5153846	0.4636872	0.5954198	0.6534653	0.6779661	0.5387324	0.6757813	0.642623	0.5423729	0.5632184	0.5824742	0.5789474	0.6201117	0.6217105	0.5374251	0.5024289	0.503856	0.5714286	0.5260116	0.5648148	0.4880952	0.3736264	0.4347826	0.5538462	0.6419753	0.6005917	
Hybride Goéland pontique x G. argenté	0.0	0.0	0.0	0.0	0.0	0.0	0.0	0.0	0.0	0.0	0.0	0.0	0.0	0.0	0.0	0.0	0.0	0.0	0.0	0.0	0.0	0.0	0.0	0.0	0.0	0.0	0.0	0.0	0.0	0.0	0.0	0.0	0.0	0.0	0.0	0.0	0.0	0.0	0.0	0.0	0.0	0.0	0.0	0.0	0.0	0.0	0.0	0.0015	
Goéland leucophée	0.0015	0.0015	0.0119048	0.0015	0.0	0.0076336	0.0	0.0134228	0.0	0.0	0.0	0.0	0.0136054	0.017341	0.0093023	0.0015	0.0	0.0114068	0.0252525	0.0106383	0.0	0.0106952	0.0153846	0.0055866	0.0305344	0.009901	0.0135593	0.028169	0.03125	0.0131148	0.0169492	0.0201149	0.0309278	0.0263158	0.0167598	0.0230263	0.008982	0.0097155	0.0119966	0.0060533	0.0115607	0.0092593	0.0	0.0	0.0289855	0.0153846	0.0493827	0.0118343	
Goéland marin	0.4160839	0.2659574	0.2559524	0.3113772	0.287234	0.3969466	0.3733333	0.3624161	0.2848101	0.2666667	0.1982759	0.3333333	0.3129252	0.3526012	0.4232558	0.3975904	0.2714286	0.3460076	0.4141414	0.4255319	0.3726708	0.2834225	0.3230769	0.3128492	0.351145	0.3564356	0.4610169	0.3626761	0.484375	0.4852459	0.3926554	0.3965517	0.4948454	0.3815789	0.396648	0.4802632	0.4505988	0.4122137	0.4584404	0.437046	0.3294798	0.4351852	0.2380952	0.1868132	0.2753623	0.4	0.2962963	0.387574	
Goéland bourgmestre	0.006993	0.0015	0.0059524	0.0	0.0015	0.0076336	0.0	0.0	0.0015	0.0	0.0	0.0015	0.0	0.0	0.0015	0.0	0.0	0.0	0.0	0.0	0.0	0.0	0.0	0.0	0.0	0.0	0.0	0.0	0.0	0.0	0.0	0.0	0.0	0.0	0.0	0.0	0.0	0.0	0.0	0.0	0.0015	0.0	0.0119048	0.0	0.0	0.0	0.0	0.0029586	
Hybride Goéland argenté x G. bourgmestre	0.013986	0.0	0.0	0.0	0.0	0.0	0.0	0.0	0.0	0.0	0.0	0.0	0.0	0.0	0.0	0.0	0.0	0.0	0.0	0.0	0.0	0.0	0.0	0.0	0.0	0.0	0.0	0.0	0.0	0.0	0.0	0.0	0.0	0.0	0.0	0.0	0.0	0.0	0.0	0.0	0.0	0.0	0.0	0.0	0.0	0.0	0.0	0.0	
Goéland brun	0.2272727	0.1382979	0.1428571	0.1257485	0.2446809	0.2519084	0.28	0.261745	0.1708861	0.2666667	0.2241379	0.2910053	0.2585034	0.2196532	0.2186047	0.2449799	0.15	0.2091255	0.2575758	0.2021277	0.1801242	0.1764706	0.2230769	0.1731844	0.2748092	0.1930693	0.1932203	0.2042254	0.28125	0.3278689	0.3220339	0.2270115	0.2319588	0.3026316	0.1675978	0.2697368	0.1961078	0.1450382	0.1988003	0.2288136	0.1965318	0.1666667	0.1547619	0.1098901	0.1594203	0.1692308	0.1728395	0.1923077	
Hybride Goéland argenté x G. brun	0.0034965	0.0015	0.0	0.0	0.0015	0.0	0.0015	0.0015	0.0015	0.0	0.0	0.0	0.0	0.0	0.0	0.0	0.0	0.0	0.0	0.0	0.0	0.0	0.0	0.0	0.0	0.0	0.0	0.0	0.0015	0.0	0.0	0.0	0.0	0.0	0.0	0.0015	0.0	6.94E-4	8.569E-4	0.0015	0.0	0.0	0.0	0.0	0.0	0.0	0.0	0.0029586	
goéland sp. (complexe argentatus ou fuscus)	0.0	0.0	0.0	0.0	0.0	0.0	0.0	0.0	0.0	0.0	0.0	0.0	0.0	0.0	0.0	0.0	0.0	0.0	0.0	0.0	0.0	0.0	0.0	0.0	0.0	0.0	0.0	0.0	0.0	0.0	0.0	0.0	0.0	0.0	0.0111732	0.0	0.0	0.0	0.0	0.0	0.0	0.0	0.0	0.0	0.0	0.0	0.0	0.0	
Goéland à ailes blanches	0.0015	0.0	0.0015	0.005988	0.0106383	0.0229008	0.0133333	0.0015	0.0015	0.0133333	0.0	0.0015	0.0136054	0.0057803	0.0	0.0	0.0	0.0015	0.0	0.0053191	0.0	0.0	0.0	0.0	0.0	0.0	0.0	0.0	0.0	0.0	0.0	0.0	0.0	0.0	0.0	0.0	0.0	0.0	8.569E-4	0.0012107	0.0057803	0.0	0.0	0.0	0.0	0.0	0.0	0.0	
goéland sp. (à ailes blanches)	0.0	0.0	0.0	0.0	0.0	0.0	0.0	0.0	0.0	0.0	0.0	0.0	0.0	0.0	0.0	0.0	0.0	0.0	0.0	0.0	0.0	0.0	0.0	0.0	0.0	0.0	0.0	0.0	0.0	0.0	0.0	0.0	0.0	0.0	0.0	0.0	0.0	0.0	0.0015	0.0	0.0	0.0	0.0	0.0	0.0	0.0	0.0	0.0	
goéland sp. (Larus sp.)	0.027972	0.0	0.0	0.0015	0.0	0.0	0.0	0.0	0.0	0.0133333	0.0	0.015873	0.1156463	0.0057803	0.0	0.0040161	0.0142857	0.0152091	0.010101	0.0	0.0062112	0.0053476	0.0153846	0.0015	0.0152672	0.0	0.0101695	0.0035211	0.0	0.0015	0.0056497	0.0057471	0.0051546	0.0	0.0335196	0.0	0.004491	0.0	0.0034276	0.0205811	0.0346821	0.0185185	0.0	0.0	0.0	0.0153846	0.0	0.0295858	
goéland ou mouette sp.	0.013986	0.0	0.0	0.0	0.0	0.0	0.0	0.0	0.0063291	0.0	0.0	0.005291	0.0	0.0	0.0	0.0160643	0.0071429	0.0038023	0.0151515	0.0	0.0062112	0.0053476	0.0	0.0	0.0	0.029703	0.020339	0.0	0.0117188	0.0065574	0.0169492	0.0028736	0.0	0.0	0.0055866	0.0032895	0.004491	6.94E-4	8.569E-4	0.0108959	0.0057803	0.0092593	0.0	0.0	0.0015	0.0	0.037037	0.0088757	
Sterne bridée	0.0	0.0	0.0	0.0	0.0	0.0	0.0	0.0	0.0	0.0	0.0	0.0	0.0	0.0	0.0	0.0	0.0071429	0.0038023	0.0015	0.0	0.0	0.0	0.0	0.0	0.0152672	0.0148515	0.0067797	0.0015	0.0015	0.0032787	0.0	0.0	0.0	0.0	0.0	0.0	0.0	0.0	0.0	0.0	0.0	0.0	0.0	0.0	0.0	0.0	0.0	0.0	
Sterne naine	0.0	0.0	0.0	0.0	0.0	0.0	0.0	0.0	0.0	0.0	0.0	0.0	0.0	0.0	0.0	0.0015	0.0214286	0.0076046	0.0	0.0106383	0.0015	0.0	0.0076923	0.0055866	0.0076336	0.0148515	0.0135593	0.0	0.0039063	0.0	0.0015	0.0086207	0.0206186	0.0263158	0.0111732	0.0	0.0	6.94E-4	0.0	0.0	0.0	0.0	0.0	0.0	0.0	0.0	0.0	0.0	
Sterne caspienne	0.0	0.0	0.0	0.0	0.0	0.0	0.0	0.0	0.0	0.0	0.0	0.0	0.0	0.0	0.0	0.0	0.0015	0.0	0.0	0.0	0.0	0.0053476	0.0	0.0	0.0	0.0	0.0	0.0	0.0	0.0015	0.0	0.0	0.0	0.0	0.0	0.0	0.0	0.0	0.0	0.0012107	0.0	0.0	0.0	0.0	0.0	0.0	0.0	0.0	
Guifette moustac	0.0	0.0	0.0	0.0	0.0	0.0	0.0	0.0	0.0	0.0	0.0	0.0	0.0068027	0.0057803	0.0	0.0040161	0.0015	0.0	0.0	0.0	0.0	0.0	0.0	0.0	0.0015	0.0	0.0015	0.0	0.0	0.0	0.0	0.0	0.0	0.0	0.0	0.0	0.0	0.0013879	0.0	0.0	0.0	0.0	0.0	0.0	0.0	0.0	0.0	0.0	
Guifette noire	0.0	0.0	0.0	0.0	0.0	0.0	0.0	0.0	0.0	0.0	0.0	0.0	0.0	0.0	0.0	0.0040161	0.0	0.0038023	0.0050505	0.0	0.0015	0.0	0.0	0.0055866	0.0	0.0	0.0033898	0.0015	0.0	0.0015	0.0338983	0.0172414	0.0360825	0.0350877	0.0055866	0.0098684	0.0	0.0041638	0.0102828	0.0024213	0.0115607	0.0	0.0	0.0	0.0	0.0	0.0	0.0	
Guifette leucoptère	0.0	0.0	0.0	0.0	0.0	0.0	0.0	0.0	0.0	0.0	0.0	0.0	0.0	0.0	0.0	0.0	0.0	0.0	0.0	0.0	0.0	0.0	0.0	0.0	0.0	0.0	0.0	0.0	0.0	0.0	0.0	0.0015	0.0	0.0	0.0	0.0	0.0	0.0	0.0	0.0	0.0	0.0	0.0	0.0	0.0	0.0	0.0	0.0	
Sterne de Forster	0.0034965	0.0	0.0059524	0.0	0.0106383	0.0152672	0.02	0.0	0.0015	0.0	0.0	0.0	0.0	0.0	0.0	0.0	0.0	0.0	0.0	0.0	0.0	0.0	0.0	0.0	0.0	0.0	0.0	0.0	0.0	0.0	0.0	0.0	0.0	0.0	0.0	0.0	0.0015	0.0041638	8.569E-4	0.0048426	0.0115607	0.0092593	0.0	0.0	0.0	0.0015	0.0	0.0029586	
Sterne arctique	0.0	0.0	0.0	0.0	0.0	0.0	0.0	0.0	0.0	0.0	0.0	0.0	0.0	0.0	0.0	0.0	0.0071429	0.0038023	0.0	0.0053191	0.0	0.0	0.0	0.0	0.0	0.0	0.0	0.0	0.0039063	0.0015	0.1186441	0.0258621	0.0257732	0.0394737	0.027933	0.0164474	0.005988	0.0090215	0.0239931	0.0084746	0.0289017	0.0	0.0	0.0	0.0	0.0	0.0	0.0	
Sterne pierregarin	0.0	0.0	0.0	0.0	0.0	0.0	0.0	0.0	0.0	0.0	0.0	0.015873	0.0068027	0.0231214	0.0418605	0.0522088	0.0785714	0.0532319	0.0505051	0.0851064	0.0807453	0.0855615	0.0923077	0.0837989	0.0916031	0.1435644	0.1491525	0.1056338	0.109375	0.147541	0.1242938	0.0574713	0.0721649	0.0789474	0.0782123	0.0394737	0.0164671	0.0111034	0.0197087	0.0121065	0.0015	0.0015	0.0	0.0	0.0	0.0	0.0	0.0	
Sterne pierregarin ou S. arctique	0.0	0.0	0.0	0.0	0.0	0.0	0.0	0.0	0.0	0.0	0.0	0.0	0.0	0.0	0.0	0.0040161	0.0	0.0	0.0	0.0	0.0	0.0	0.0	0.0	0.0076336	0.0	0.0067797	0.0	0.0078125	0.0098361	0.0112994	0.0086207	0.0051546	0.0175439	0.0111732	0.0164474	0.005988	0.0041638	0.0042845	0.0048426	0.0	0.0	0.0	0.0	0.0	0.0	0.0	0.0	
Sterne de Dougall	0.0	0.0	0.0	0.0	0.0	0.0	0.0	0.0	0.0	0.0	0.0	0.0	0.0	0.0	0.0	0.0040161	0.0142857	0.0038023	0.0050505	0.0053191	0.0015	0.0	0.0015	0.0055866	0.0152672	0.0148515	0.0101695	0.0070423	0.0039063	0.0032787	0.0056497	0.0015	0.0015	0.0	0.0	0.0	0.0	0.0	0.0	0.0	0.0	0.0	0.0	0.0	0.0	0.0	0.0	0.0	
Sterne caugek	0.0454545	0.0425532	0.0535714	0.0898204	0.0851064	0.0610687	0.1266667	0.033557	0.0253165	0.0133333	0.0258621	0.0846561	0.1360544	0.150289	0.144186	0.1044177	0.1214286	0.0760456	0.0555556	0.1702128	0.1055901	0.0962567	0.1153846	0.1620112	0.1221374	0.1485149	0.2135593	0.1232394	0.1953125	0.2	0.1638418	0.1867816	0.3041237	0.2280702	0.2458101	0.2236842	0.1661677	0.1235253	0.1371037	0.1307506	0.0982659	0.1481481	0.0595238	0.0549451	0.0289855	0.0461538	0.0123457	0.0680473	
sterne sp.	0.0015	0.0	0.0059524	0.0	0.0	0.0076336	0.0	0.0	0.0	0.0	0.0	0.010582	0.0068027	0.0	0.0093023	0.0120482	0.0	0.0076046	0.0	0.0053191	0.0062112	0.0053476	0.0076923	0.0	0.0	0.0148515	0.0135593	0.0070423	0.0	0.0	0.0056497	0.0028736	0.0	0.0	0.0055866	0.0032895	0.0	0.0027759	0.0034276	0.0	0.0	0.0	0.0	0.0	0.0	0.0	0.0	0.0	
goéland ou sterne sp.	0.0	0.0	0.0	0.0	0.0	0.0	0.0	0.0	0.0063291	0.0	0.0	0.0	0.0	0.0	0.0	0.0	0.0	0.0	0.0	0.0	0.0	0.0	0.0	0.0	0.0	0.0	0.0	0.0	0.0	0.0	0.0	0.0	0.0	0.0	0.0	0.0	0.0	0.0	0.0	0.0	0.0	0.0	0.0	0.0	0.0	0.0	0.0	0.0	
Grèbe castagneux	0.1573427	0.2234043	0.1964286	0.1856287	0.1170213	0.1450382	0.18	0.1744966	0.0949367	0.08	0.0775862	0.042328	0.0544218	0.0115607	0.0232558	0.0321285	0.0071429	0.0190114	0.0151515	0.0212766	0.0248447	0.0213904	0.0230769	0.0111732	0.0229008	0.029703	0.020339	0.0387324	0.09375	0.1278689	0.0677966	0.1206897	0.0773196	0.1184211	0.150838	0.0921053	0.0808383	0.0520472	0.0548415	0.094431	0.1560694	0.1574074	0.1309524	0.0659341	0.1594203	0.1846154	0.1111111	0.1656805	
Grèbe esclavon	0.0034965	0.0212766	0.0178571	0.0239521	0.0212766	0.0229008	0.04	0.0201342	0.0015	0.0	0.0086207	0.005291	0.0	0.0	0.0	0.0	0.0	0.0	0.0	0.0	0.0	0.0	0.0	0.0	0.0	0.0	0.0	0.0	0.0	0.0	0.0	0.0	0.0	0.0	0.0055866	0.0	0.0	0.0015	8.569E-4	0.0012107	0.0015	0.0	0.0015	0.0769231	0.0015	0.0307692	0.0246914	0.0059172	
Grèbe jougris	0.0034965	0.0	0.0015	0.0	0.0	0.0	0.0066667	0.0067114	0.0	0.0	0.0	0.0	0.0	0.0	0.0	0.0	0.0	0.0	0.0	0.0	0.0	0.0	0.0	0.0	0.0	0.0	0.0	0.0	0.0	0.0	0.0	0.0	0.0	0.0	0.0	0.0	0.0	0.0	0.0	0.0015	0.0	0.0	0.0	0.0	0.0	0.0	0.0	0.0029586	
Grèbe huppé	0.1888112	0.1489362	0.172619	0.1556886	0.2765957	0.1221374	0.22	0.1744966	0.1898734	0.16	0.112069	0.0899471	0.1292517	0.0693642	0.0604651	0.0682731	0.0571429	0.0532319	0.040404	0.0797872	0.068323	0.0641711	0.0307692	0.0502793	0.0687023	0.019802	0.0542373	0.0457746	0.1132813	0.1213115	0.0677966	0.0890805	0.0463918	0.122807	0.1173184	0.0361842	0.0538922	0.0353921	0.0291345	0.0738499	0.1560694	0.1203704	0.1785714	0.1868132	0.115942	0.2153846	0.1604938	0.1360947	
Grèbe à cou noir	0.0839161	0.0425532	0.0238095	0.0718563	0.0744681	0.0610687	0.06	0.0201342	0.0316456	0.0133333	0.0689655	0.015873	0.0	0.0	0.0	0.0015	0.0	0.0	0.0	0.0	0.0	0.0	0.0	0.0	0.0	0.0	0.0	0.0	0.0	0.0098361	0.0112994	0.0057471	0.0257732	0.004386	0.0335196	0.0032895	0.007485	0.0104094	0.0068552	0.0181598	0.0404624	0.0185185	0.0357143	0.032967	0.0434783	0.0923077	0.0493827	0.0680473	
Grèbe esclavon ou G. à cou noir	0.0034965	0.0106383	0.0	0.005988	0.0015	0.0	0.0	0.0	0.0063291	0.0	0.0	0.0	0.0	0.0	0.0	0.0	0.0	0.0	0.0	0.0	0.0	0.0	0.0	0.0	0.0	0.0	0.0	0.0	0.0	0.0	0.0	0.0	0.0	0.004386	0.0	0.0	0.0	0.0	0.0	0.0	0.0	0.0092593	0.0	0.0	0.0	0.0	0.0	0.0015	
Podiceps sp.	0.0	0.0	0.0	0.0	0.0	0.0	0.0	0.0	0.0	0.0	0.0	0.0	0.0	0.0	0.0	0.0	0.0	0.0	0.0	0.0	0.0	0.0	0.0	0.0	0.0	0.0	0.0	0.0	0.0	0.0	0.0	0.0	0.0	0.0	0.0	0.0	0.0	0.0	0.0	0.0	0.0	0.0	0.0	0.0	0.0	0.0	0.0	0.0015	
Plongeon catmarin	0.0314685	0.0106383	0.0059524	0.0179641	0.0106383	0.0152672	0.0466667	0.0067114	0.0	0.0	0.0086207	0.0	0.0272109	0.0115607	0.0046512	0.0040161	0.0071429	0.0	0.0	0.0	0.0	0.0	0.0	0.0	0.0	0.0	0.0	0.0	0.0	0.0	0.0	0.0	0.0	0.004386	0.0	0.0032895	0.001497	0.0	0.0017138	0.003632	0.0015	0.0185185	0.0119048	0.0015	0.0	0.0307692	0.0123457	0.0266272	
Plongeon arctique	0.0104895	0.0106383	0.0119048	0.0299401	0.0638298	0.0152672	0.02	0.0134228	0.0015	0.0266667	0.0086207	0.0	0.0	0.017341	0.0046512	0.0	0.0015	0.0015	0.0	0.0	0.0	0.0	0.0	0.0	0.0	0.0	0.0	0.0035211	0.0	0.0	0.0	0.0	0.0	0.0	0.0	0.0	0.0	0.0013879	8.569E-4	0.0015	0.0015	0.0	0.0015	0.0015	0.0	0.0015	0.037037	0.0177515	
Plongeon imbrin	0.1048951	0.0957447	0.0654762	0.0718563	0.0851064	0.0839695	0.1333333	0.0201342	0.056962	0.0133333	0.0517241	0.015873	0.0204082	0.0635838	0.0232558	0.0080321	0.0142857	0.0228137	0.0050505	0.0053191	0.0015	0.0053476	0.0015	0.0	0.0	0.0	0.0	0.0	0.0	0.0	0.0	0.0	0.0051546	0.0	0.0	0.0015	0.0015	0.0034698	0.0188518	0.0326877	0.0346821	0.0277778	0.0119048	0.0659341	0.0289855	0.0461538	0.0740741	0.0857988	
plongeon sp.	0.006993	0.0106383	0.0	0.005988	0.0	0.0015	0.0	0.0	0.0	0.0	0.0	0.0	0.0015	0.0	0.0	0.0	0.0	0.0038023	0.0015	0.0	0.0	0.0	0.0	0.0	0.0	0.0	0.0	0.0	0.0	0.0	0.0	0.0	0.0	0.0	0.0	0.0	0.0	6.94E-4	8.569E-4	0.0012107	0.0015	0.0092593	0.0	0.0	0.0	0.0	0.0246914	0.0088757	
Albatros à sourcils noirs	0.0	0.0	0.0	0.0	0.0	0.0	0.0	0.0	0.0	0.0	0.0	0.0	0.0	0.0	0.0	0.0	0.0	0.0	0.0	0.0	0.0	0.0	0.0	0.0	0.0	0.0	0.0	0.0	0.0	0.0	0.0	0.0	0.0	0.0	0.0	0.0	0.0	0.0	0.0	0.0	0.0	0.0	0.0	0.0	0.0	0.0	0.0	0.0015	
Océanite de Wilson	0.0	0.0	0.0	0.0	0.0	0.0	0.0	0.0	0.0	0.0	0.0	0.0	0.0	0.0	0.0	0.0	0.0	0.0	0.0	0.0	0.0	0.0	0.0	0.0	0.0076336	0.0	0.020339	0.0140845	0.0078125	0.0131148	0.0988701	0.0114943	0.0051546	0.0	0.0111732	0.0032895	0.0	0.0	0.0	0.0	0.0	0.0	0.0	0.0	0.0	0.0	0.0	0.0	
Oceanites sp.	0.0	0.0	0.0	0.0	0.0	0.0	0.0	0.0	0.0	0.0	0.0	0.0	0.0	0.0	0.0	0.0	0.0	0.0	0.0	0.0	0.0	0.0	0.0	0.0	0.0	0.0	0.0	0.0	0.0	0.0	0.0028249	0.0	0.0	0.0	0.0	0.0	0.0	0.0	0.0	0.0	0.0	0.0	0.0	0.0	0.0	0.0	0.0	0.0	
Océanite tempête	0.0015	0.0	0.0	0.0015	0.0	0.0	0.0	0.0	0.0	0.0	0.0015	0.0	0.0	0.0	0.0	0.0015	0.0071429	0.0	0.0050505	0.0106383	0.0	0.0015	0.0076923	0.0	0.0152672	0.009901	0.0237288	0.0211268	0.0351563	0.0819672	0.1553672	0.045977	0.0103093	0.0394737	0.0335196	0.0263158	0.0194611	0.0048577	0.0111397	0.003632	0.0289017	0.0092593	0.0	0.0	0.0	0.0	0.0	0.0029586	
Océanite culblanc	0.0034965	0.0	0.0	0.0	0.0	0.0	0.0	0.0	0.0	0.0	0.0	0.0015	0.0	0.0	0.0	0.0	0.0	0.0	0.0	0.0	0.0	0.0	0.0	0.0	0.0	0.0	0.0	0.0	0.0	0.0	0.0	0.0	0.0015	0.0087719	0.0055866	0.0065789	0.007485	0.0020819	0.0059983	0.003632	0.0289017	0.0092593	0.0	0.0	0.0	0.0	0.0	0.0	
Océanite de Castro	0.0	0.0	0.0	0.0	0.0	0.0	0.0	0.0	0.0	0.0	0.0	0.0	0.0	0.0	0.0	0.0	0.0	0.0	0.0	0.0	0.0	0.0	0.0	0.0	0.0	0.0	0.0	0.0	0.0	0.0	0.0	0.0	0.0	0.0	0.0	0.0	0.0	0.0	0.0	0.0012107	0.0	0.0	0.0	0.0	0.0	0.0	0.0	0.0	
Hydrobates sp.	0.0	0.0	0.0	0.0	0.0	0.0	0.0	0.0	0.0	0.0	0.0	0.0	0.0	0.0	0.0	0.0	0.0	0.0	0.0	0.0	0.0	0.0	0.0	0.0	0.0	0.0	0.0	0.0	0.0	0.0	0.0	0.0	0.0	0.0	0.0	0.0015	0.001497	0.0	0.0	0.0012107	0.0	0.0	0.0	0.0	0.0	0.0	0.0	0.0	
océanite sp. (croupion sombre)	0.0	0.0	0.0	0.0	0.0	0.0	0.0	0.0	0.0	0.0	0.0	0.0	0.0	0.0	0.0	0.0	0.0	0.0	0.0	0.0	0.0	0.0	0.0	0.0	0.0	0.0	0.0	0.0	0.0	0.0	0.0	0.0	0.0015	0.0	0.0	0.0	0.0	0.0	0.0	0.0	0.0	0.0	0.0	0.0	0.0	0.0	0.0	0.0	
océanite sp. (croupion pâle)	0.0	0.0	0.0	0.0	0.0	0.0	0.0	0.0	0.0	0.0	0.0	0.0	0.0	0.0	0.0	0.0	0.0	0.0	0.0	0.0	0.0	0.0	0.0	0.0	0.0	0.0049505	0.0101695	0.0	0.0	0.0065574	0.059322	0.0	0.0	0.0	0.0	0.0	0.001497	0.0	0.0015	0.0012107	0.0	0.0	0.0	0.0	0.0	0.0	0.0	0.0	
océanite sp.	0.0	0.0	0.0	0.0	0.0	0.0	0.0	0.0	0.0	0.0	0.0	0.0	0.0	0.0	0.0	0.0	0.0	0.0	0.0	0.0	0.0	0.0	0.0	0.0	0.0	0.0	0.0	0.0	0.0	0.0	0.0	0.0015	0.0	0.0	0.0	0.0	0.001497	0.0	0.0017138	0.0012107	0.0	0.0	0.0	0.0	0.0	0.0	0.0	0.0	
Fulmar boréal	0.0	0.0	0.0059524	0.0015	0.0106383	0.0076336	0.0066667	0.0201342	0.0063291	0.0133333	0.0086207	0.015873	0.0204082	0.0809249	0.0604651	0.1044177	0.0357143	0.0912548	0.0858586	0.1223404	0.0869565	0.0588235	0.0153846	0.0335196	0.0305344	0.0445545	0.0338983	0.0598592	0.0585938	0.104918	0.1384181	0.0517241	0.0670103	0.0350877	0.0223464	0.0131579	0.004491	0.0055517	0.0094259	0.0121065	0.0231214	0.0092593	0.0119048	0.0	0.0	0.0	0.0	0.0029586	
Pétrel gongon ou des Desertas	0.0	0.0	0.0	0.0	0.0	0.0	0.0	0.0	0.0	0.0	0.0	0.0	0.0	0.0	0.0	0.0	0.0	0.0	0.0	0.0	0.0	0.0	0.0	0.0	0.0	0.0	0.0	0.0035211	0.0	0.0032787	0.0	0.0	0.0	0.0	0.0	0.0	0.0	0.0	0.0	0.0	0.0	0.0	0.0	0.0	0.0	0.0	0.0	0.0	
Pétrel de Madère ou P. gongon ou P. des Desertas	0.0	0.0	0.0	0.0	0.0	0.0	0.0	0.0	0.0	0.0	0.0	0.0	0.0	0.0	0.0	0.0	0.0	0.0	0.0	0.0	0.0	0.0	0.0	0.0	0.0	0.0	0.0	0.0	0.0	0.0	0.0028249	0.0	0.0	0.0	0.0	0.0	0.0	0.0	0.0	0.0	0.0	0.0	0.0	0.0	0.0	0.0	0.0	0.0	
Puffin cendré	0.0	0.0	0.0	0.0	0.0	0.0	0.0	0.0	0.0	0.0	0.0	0.0	0.0	0.0	0.0	0.0080321	0.0	0.0	0.0	0.0	0.0	0.0	0.0384615	0.027933	0.0076336	0.019802	0.0372881	0.0316901	0.0195313	0.0786885	0.0903955	0.0229885	0.0309278	0.0307018	0.0391061	0.0493421	0.0374251	0.0235947	0.0145673	0.0145278	0.017341	0.0	0.0	0.010989	0.0	0.0	0.0	0.0	
Puffin de Scopoli	0.0	0.0	0.0	0.0	0.0	0.0	0.0	0.0	0.0	0.0	0.0	0.0	0.0	0.0	0.0	0.0	0.0	0.0	0.0	0.0	0.0	0.0	0.0	0.0	0.0	0.0	0.0033898	0.0	0.0015	0.0065574	0.0015	0.0	0.0015	0.0	0.0	0.0	0.0	0.0	0.0	0.0	0.0	0.0	0.0	0.0	0.0	0.0	0.0	0.0	
Puffin cendré ou P. de Scopoli	0.0	0.0	0.0	0.0	0.0	0.0	0.0	0.0	0.0	0.0	0.0	0.0	0.0	0.0	0.0	0.0	0.0	0.0	0.0	0.0	0.0	0.0	0.0	0.0111732	0.0076336	0.009901	0.020339	0.0176056	0.0273438	0.052459	0.0960452	0.045977	0.0515464	0.0219298	0.0223464	0.0789474	0.0209581	0.0333102	0.0402742	0.0193705	0.0057803	0.0	0.0	0.0	0.0	0.0	0.0	0.0	
Puffin majeur	0.0	0.0	0.0	0.0	0.0	0.0	0.0	0.0	0.0	0.0	0.0	0.0	0.0	0.0	0.0	0.0	0.0	0.0	0.0	0.0	0.0	0.0	0.0	0.0	0.0076336	0.0049505	0.0305085	0.0246479	0.046875	0.0918033	0.1723164	0.0804598	0.0618557	0.0570175	0.0614525	0.1085526	0.0628743	0.0402498	0.0608398	0.0399516	0.0346821	0.0092593	0.0	0.010989	0.0	0.0	0.0	0.0	
Puffin cendré, P. de Scopoli ou P. majeur	0.0	0.0	0.0	0.0	0.0	0.0	0.0	0.0	0.0	0.0	0.0	0.0	0.0	0.0	0.0	0.0	0.0	0.0	0.0	0.0	0.0	0.0	0.0	0.0	0.0	0.0	0.0	0.0	0.0	0.0	0.0	0.0	0.0	0.0	0.0	0.0	0.0	0.0	8.569E-4	0.0	0.0	0.0	0.0	0.0	0.0	0.0	0.0	0.0	
Puffin fuligineux	0.0	0.0	0.0	0.0	0.0	0.0	0.0	0.0	0.0	0.0	0.0	0.0015	0.0	0.0	0.0	0.0040161	0.0071429	0.0038023	0.0	0.0	0.0015	0.0	0.0	0.0055866	0.0015	0.009901	0.0237288	0.0246479	0.0234375	0.0754098	0.0621469	0.0574713	0.0670103	0.0701754	0.0782123	0.125	0.0703593	0.0624566	0.0848329	0.0605327	0.0404624	0.0277778	0.0015	0.010989	0.0	0.0	0.0	0.0	
Puffin des Anglais	0.0034965	0.0	0.0015	0.0	0.0106383	0.0076336	0.0	0.0067114	0.0063291	0.0266667	0.0015	0.0634921	0.0612245	0.1560694	0.0930233	0.1084337	0.05	0.0912548	0.1010101	0.0531915	0.0310559	0.026738	0.0538462	0.0446927	0.129771	0.0544554	0.0813559	0.1197183	0.1328125	0.147541	0.1723164	0.1408046	0.0876289	0.1008772	0.1061453	0.1480263	0.0958084	0.0916031	0.1113967	0.1016949	0.0867052	0.037037	0.0119048	0.021978	0.0289855	0.0	0.0123457	0.0	
Puffin des Baléares	0.0034965	0.0	0.0	0.0	0.0	0.0	0.0066667	0.0067114	0.0	0.0	0.0	0.0015	0.0	0.0057803	0.0046512	0.0080321	0.0	0.0228137	0.020202	0.0425532	0.0310559	0.0213904	0.0384615	0.0614525	0.0381679	0.0544554	0.0745763	0.0457746	0.0742188	0.1114754	0.0649718	0.091954	0.0979381	0.0789474	0.1117318	0.1480263	0.1137725	0.1027065	0.1242502	0.0847458	0.0635838	0.037037	0.0015	0.0015	0.0	0.0	0.0015	0.0	
Puffin de Macaronésie	0.0	0.0	0.0	0.0	0.0	0.0	0.0	0.0	0.0	0.0	0.0	0.0	0.0	0.0	0.0	0.0	0.0	0.0	0.0	0.0	0.0	0.0	0.0	0.0	0.0	0.0	0.0	0.0	0.0	0.0	0.0084746	0.0	0.0	0.0	0.0	0.0	0.0	0.0	0.0	0.0	0.0	0.0	0.0	0.0	0.0	0.0	0.0	0.0	
Puffinus sp. (noir et blanc)	0.0	0.0	0.0	0.0	0.0	0.0	0.0	0.0	0.0	0.0	0.0	0.0	0.0	0.0	0.0	0.0	0.0	0.0	0.0	0.0106383	0.0062112	0.0053476	0.0	0.0	0.0	0.0	0.0135593	0.0035211	0.0	0.0032787	0.0141243	0.0	0.0154639	0.0015	0.0	0.0032895	0.004491	0.0034698	0.0068552	0.0012107	0.0	0.0	0.0	0.0	0.0	0.0	0.0	0.0	
Calonectris, Ardenna ou Puffinus sp.	0.0	0.0	0.0	0.0	0.0	0.0	0.0	0.0015	0.0	0.0	0.0	0.0	0.0	0.0	0.0	0.0	0.0	0.0	0.0050505	0.0106383	0.0	0.0	0.0230769	0.0055866	0.0	0.0049505	0.0237288	0.0140845	0.0039063	0.0032787	0.0084746	0.0114943	0.0	0.0	0.0055866	0.0032895	0.005988	0.0055517	0.0077121	0.0060533	0.0	0.0	0.0	0.0	0.0	0.0	0.0	0.0	
puffin sp.	0.0	0.0	0.0	0.0	0.0	0.0	0.0	0.0	0.0	0.0	0.0	0.0	0.0	0.0	0.0	0.0	0.0	0.0	0.0	0.0	0.0	0.0	0.0	0.0	0.0	0.0	0.0	0.0	0.0	0.0	0.0028249	0.0028736	0.0	0.0	0.0	0.0	0.0	0.0	8.569E-4	0.0012107	0.0	0.0	0.0	0.0	0.0	0.0	0.0	0.0	
Cigogne noire	0.0	0.0	0.0	0.0	0.0	0.0	0.0	0.0	0.0	0.0	0.0	0.0	0.0	0.0	0.0	0.0	0.0	0.0	0.0	0.0	0.0	0.0	0.0	0.0	0.0	0.0	0.0	0.0	0.0039063	0.0032787	0.0028249	0.0015	0.0103093	0.0	0.0	0.0	0.0015	6.94E-4	0.0	0.0	0.0	0.0	0.0	0.0	0.0	0.0	0.0	0.0	
Cigogne blanche	0.0	0.0	0.0	0.0	0.0	0.0	0.0	0.0015	0.0	0.0	0.0172414	0.0	0.0068027	0.0015	0.0046512	0.0015	0.0015	0.0	0.0	0.0	0.0	0.0	0.0	0.0	0.0	0.0	0.0	0.0	0.0	0.0	0.0	0.0	0.0	0.0	0.0	0.0	0.001497	0.0013879	8.569E-4	0.0	0.0	0.0	0.0	0.0	0.0	0.0	0.0	0.0	
Fou de Bassan	0.1713287	0.106383	0.077381	0.0958084	0.0425532	0.1374046	0.1733333	0.1208054	0.1139241	0.12	0.0775862	0.1957672	0.2380952	0.265896	0.2046512	0.2771084	0.1285714	0.2243346	0.2373737	0.1968085	0.1863354	0.0695187	0.1461538	0.1787709	0.2366412	0.1485149	0.220339	0.1443662	0.2695313	0.3180328	0.2090395	0.2442529	0.2371134	0.2368421	0.2513966	0.3453947	0.2724551	0.2873005	0.2793488	0.3171913	0.2023121	0.2037037	0.0595238	0.0879121	0.0289855	0.0615385	0.1234568	0.1508876	
Fou brun	0.0	0.0	0.0	0.0	0.0	0.0	0.0	0.0	0.0	0.0	0.0	0.0	0.0	0.0	0.0	0.0	0.0	0.0	0.0	0.0	0.0	0.0	0.0	0.0	0.0	0.0	0.0	0.0	0.0	0.0	0.0028249	0.0	0.0	0.0	0.0	0.0	0.0	0.0	0.0	0.0	0.0	0.0	0.0	0.0	0.0	0.0	0.0	0.0	
Grand Cormoran	0.4405594	0.3297872	0.3630952	0.3353293	0.3723404	0.3740458	0.4533333	0.3624161	0.3607595	0.32	0.3362069	0.2857143	0.4421769	0.2080925	0.2604651	0.2409639	0.2357143	0.2015209	0.2777778	0.2978723	0.2546584	0.2032086	0.2307692	0.1452514	0.2671756	0.2475248	0.3186441	0.278169	0.40625	0.3934426	0.2937853	0.3477011	0.4123711	0.3991228	0.3519553	0.3848684	0.3428144	0.2428869	0.2485004	0.3208232	0.3410405	0.4537037	0.3214286	0.3516484	0.2898551	0.4153846	0.3580247	0.4201183	
Cormoran huppé	0.2027972	0.1382979	0.0952381	0.1736527	0.106383	0.2137405	0.1933333	0.1208054	0.1265823	0.0666667	0.0948276	0.1534392	0.1632653	0.150289	0.2651163	0.1767068	0.1357143	0.1406844	0.1818182	0.2021277	0.1677019	0.0909091	0.1076923	0.0837989	0.129771	0.1683168	0.2101695	0.1232394	0.2265625	0.2655738	0.1468927	0.1752874	0.2164948	0.1578947	0.1340782	0.25	0.242515	0.2616239	0.2673522	0.2615012	0.1965318	0.1574074	0.0595238	0.1318681	0.1014493	0.1692308	0.2098765	0.1923077	
Grand Cormoran ou C. huppé	0.0	0.0	0.0	0.0	0.0	0.0	0.0	0.0	0.0	0.0	0.0	0.0	0.0	0.0	0.0	0.0	0.0	0.0	0.0	0.0	0.0	0.0	0.0	0.0	0.0	0.0148515	0.0033898	0.0	0.0039063	0.0	0.0	0.0	0.0	0.0	0.0	0.0	0.0	0.0	0.0	0.0	0.0	0.0	0.0	0.0	0.0	0.0	0.0	0.0	
cormoran sp.	0.0	0.0	0.0	0.0	0.0	0.0	0.0	0.0	0.0	0.0	0.0	0.0	0.0	0.0	0.0	0.0	0.0	0.0	0.0	0.0	0.0	0.0	0.0	0.0	0.0	0.0	0.0	0.0	0.0	0.0	0.0	0.0	0.0	0.0	0.0	0.0	0.0	0.0	0.0	0.0012107	0.0	0.0	0.0	0.0	0.0	0.0	0.0	0.0	
Ibis falcinelle	0.0	0.0	0.0	0.0	0.0	0.0015	0.0	0.0067114	0.0	0.0	0.0	0.0	0.0068027	0.0	0.0	0.0040161	0.0	0.0	0.0	0.0	0.0062112	0.0053476	0.0	0.0	0.0	0.0	0.0	0.0	0.0015	0.0	0.0	0.0028736	0.0309278	0.0219298	0.0055866	0.0164474	0.010479	0.0069396	0.0034276	0.0121065	0.0	0.0	0.0	0.0	0.0	0.0	0.0	0.0	
Ibis sacré	0.0	0.0106383	0.0	0.0015	0.0	0.0	0.0	0.0	0.0	0.0	0.0	0.0	0.0	0.0	0.0	0.0	0.0	0.0	0.0	0.0	0.0	0.0	0.0	0.0	0.0	0.0	0.0	0.0	0.0	0.0032787	0.0084746	0.0	0.0	0.0	0.0055866	0.0	0.0	0.0	0.0042845	0.0012107	0.0	0.0	0.0	0.0	0.0	0.0	0.0	0.0	
Spatule blanche	0.048951	0.1276596	0.0833333	0.0778443	0.0851064	0.0534351	0.12	0.1073826	0.0696203	0.04	0.0517241	0.026455	0.0272109	0.0346821	0.0325581	0.0240964	0.0142857	0.0076046	0.0252525	0.0053191	0.0062112	0.0053476	0.0307692	0.0055866	0.0076336	0.0148515	0.0135593	0.028169	0.0351563	0.0360656	0.0056497	0.0172414	0.0257732	0.0350877	0.0726257	0.0197368	0.0164671	0.0152672	0.0188518	0.035109	0.0520231	0.0555556	0.0595238	0.0549451	0.057971	0.0769231	0.0617284	0.0621302	
Butor étoilé	0.020979	0.0106383	0.0	0.0	0.0015	0.0015	0.02	0.0201342	0.0063291	0.0266667	0.0	0.005291	0.0	0.0	0.0	0.0	0.0	0.0	0.0	0.0	0.0	0.0	0.0	0.0055866	0.0	0.0	0.0	0.0	0.0039063	0.0	0.0	0.0028736	0.0	0.0	0.0055866	0.0	0.001497	0.0020819	0.0051414	0.0048426	0.0015	0.0277778	0.0119048	0.0	0.0144928	0.0015	0.0	0.0147929	
Bihoreau gris	0.0	0.0	0.0059524	0.0	0.0015	0.0	0.0	0.0	0.0	0.0	0.0086207	0.0	0.0136054	0.0015	0.0046512	0.0	0.0	0.0038023	0.0151515	0.0	0.0	0.0	0.0	0.0	0.0	0.0	0.0015	0.0035211	0.0	0.0032787	0.0028249	0.0028736	0.0051546	0.0	0.0	0.0	0.001497	6.94E-4	8.569E-4	0.0024213	0.0	0.0092593	0.0	0.0	0.0	0.0	0.0015	0.0	
Aigrette garzette	0.3531469	0.2659574	0.2797619	0.2275449	0.287234	0.3282443	0.34	0.3154362	0.2974684	0.3066667	0.2672414	0.2169312	0.2789116	0.1618497	0.2232558	0.1726908	0.1928571	0.1026616	0.2323232	0.1914894	0.2546584	0.2459893	0.2307692	0.1731844	0.2061069	0.2722772	0.2440678	0.2992958	0.3242188	0.3770492	0.2683616	0.3189655	0.3865979	0.3903509	0.3854749	0.3717105	0.3233533	0.277585	0.2784919	0.3450363	0.2716763	0.3888889	0.3095238	0.3736264	0.2463768	0.3692308	0.2962963	0.3195266	
Crabier chevelu	0.0	0.0	0.0	0.0	0.0	0.0	0.0	0.0	0.0	0.0	0.0	0.0	0.0	0.0	0.0	0.0	0.0	0.0015	0.0	0.0015	0.0	0.0	0.0	0.0	0.0	0.0	0.0	0.0	0.0	0.0	0.0	0.0	0.0	0.0	0.0	0.0	0.0	0.0041638	0.0	0.0	0.0	0.0	0.0	0.0	0.0	0.0	0.0	0.0	
Héron garde-boeufs	0.0594406	0.0319149	0.0416667	0.0419162	0.0638298	0.0534351	0.0533333	0.0671141	0.0379747	0.0266667	0.0689655	0.026455	0.0408163	0.0462428	0.0046512	0.0281124	0.0071429	0.0228137	0.020202	0.037234	0.0496894	0.0213904	0.0384615	0.0670391	0.0458015	0.0594059	0.0372881	0.0704225	0.0859375	0.0754098	0.0649718	0.0804598	0.0773196	0.0877193	0.0670391	0.0328947	0.0359281	0.0173491	0.0222793	0.0423729	0.0693642	0.037037	0.0119048	0.0659341	0.057971	0.0615385	0.0493827	0.0502959	
Grande Aigrette	0.0594406	0.0531915	0.0892857	0.0598802	0.1595745	0.0610687	0.1333333	0.0939597	0.0822785	0.1466667	0.112069	0.037037	0.0748299	0.0520231	0.0604651	0.0321285	0.0357143	0.0228137	0.0151515	0.0265957	0.0186335	0.0160428	0.0230769	0.0223464	0.0305344	0.0049505	0.0169492	0.0352113	0.0507813	0.0393443	0.0310734	0.045977	0.056701	0.1140351	0.1061453	0.0460526	0.0703593	0.0513532	0.0428449	0.0532688	0.0693642	0.1296296	0.0833333	0.0769231	0.0724638	0.1076923	0.0617284	0.0739645	
Héron cendré	0.2097902	0.2234043	0.202381	0.1976048	0.212766	0.1679389	0.2266667	0.2147651	0.1708861	0.2266667	0.1637931	0.1005291	0.2517007	0.1560694	0.1674419	0.2128514	0.1571429	0.1558935	0.1464646	0.1648936	0.1987578	0.1390374	0.1692308	0.1452514	0.1450382	0.1881188	0.1491525	0.2429577	0.2734375	0.295082	0.220339	0.2212644	0.2783505	0.3464912	0.3296089	0.3388158	0.2964072	0.2685635	0.2622108	0.2699758	0.2427746	0.2962963	0.2380952	0.2087912	0.1884058	0.2769231	0.1975309	0.2366864	
Héron pourpré	0.0	0.0	0.0	0.0	0.0	0.0	0.0	0.0	0.0	0.0	0.0	0.0	0.0015	0.017341	0.0186047	0.0	0.0015	0.0304183	0.010101	0.0053191	0.0062112	0.0053476	0.0076923	0.0055866	0.0076336	0.0049505	0.0101695	0.0140845	0.0234375	0.0459016	0.0338983	0.0344828	0.0154639	0.0438596	0.0015	0.0098684	0.007485	0.0020819	0.0017138	0.0048426	0.0	0.0	0.0	0.0	0.0	0.0	0.0	0.0	
aigrette ou héron blanc sp.	0.0034965	0.0	0.0	0.0	0.0	0.0	0.0	0.0	0.0	0.0	0.0	0.0	0.0	0.0	0.0	0.0	0.0	0.0	0.0	0.0	0.0	0.0	0.0	0.0	0.0076336	0.0	0.0	0.0	0.0039063	0.0	0.0	0.0	0.0	0.0	0.0	0.0	0.0	0.0015	0.0	0.0	0.0	0.0	0.0	0.0	0.0	0.0	0.0	0.0	
Balbuzard pêcheur	0.0	0.0	0.0	0.0	0.0	0.0	0.0	0.0015	0.0	0.0133333	0.0	0.010582	0.0	0.0115607	0.0139535	0.0015	0.0071429	0.0	0.0	0.0015	0.0	0.0	0.0	0.0015	0.0	0.0	0.0	0.0015	0.0	0.0	0.0056497	0.0201149	0.0206186	0.0175439	0.0223464	0.0098684	0.010479	0.0104094	0.0042845	0.0015	0.0057803	0.0	0.0119048	0.0	0.0	0.0	0.0	0.0	
Élanion blanc	0.006993	0.0	0.0	0.0	0.0	0.0	0.0	0.0	0.0	0.0	0.0	0.0	0.0	0.0	0.0	0.0	0.0	0.0	0.0	0.0	0.0	0.0	0.0	0.0	0.0	0.0	0.0	0.0	0.0078125	0.0015	0.0015	0.0028736	0.0051546	0.004386	0.0	0.0	0.002994	6.94E-4	0.0034276	0.0012107	0.0	0.0	0.0	0.010989	0.0	0.0	0.0	0.0029586	
Bondrée apivore	0.0	0.0	0.0	0.0	0.0	0.0	0.0	0.0	0.0	0.0	0.0	0.0	0.0	0.0	0.0015	0.0	0.0	0.0	0.0050505	0.0053191	0.0062112	0.0106952	0.0	0.0015	0.0076336	0.0049505	0.0067797	0.0015	0.0117188	0.0065574	0.0028249	0.0172414	0.0360825	0.0131579	0.0	0.0098684	0.0	6.94E-4	0.0	0.0	0.0	0.0	0.0	0.0	0.0	0.0	0.0	0.0	
Circaète Jean-le-Blanc	0.0	0.0	0.0	0.0	0.0	0.0	0.0	0.0	0.0	0.0	0.0	0.0	0.0	0.0	0.0	0.0	0.0	0.0	0.0	0.0053191	0.0	0.0053476	0.0076923	0.0	0.0076336	0.0015	0.0	0.0	0.0	0.0	0.0	0.0	0.0	0.0	0.0	0.0	0.0	6.94E-4	0.0	0.0	0.0	0.0	0.0	0.0	0.0	0.0	0.0	0.0	
Aigle botté	0.0	0.0	0.0	0.0	0.0	0.0	0.0	0.0	0.0	0.0	0.0	0.0	0.0	0.0015	0.0	0.0	0.0	0.0	0.0	0.0	0.0	0.0	0.0	0.0	0.0	0.0	0.0	0.0	0.0	0.0	0.0	0.0	0.0	0.0	0.0	0.0	0.0	0.0	0.0	0.0	0.0	0.0	0.0	0.0	0.0	0.0	0.0	0.0	
Aigle des steppes	0.0	0.0	0.0	0.0	0.0	0.0	0.0	0.0	0.0	0.0	0.0	0.0	0.0	0.0	0.0	0.0	0.0	0.0	0.0	0.0	0.0	0.0	0.0	0.0	0.0	0.0	0.0	0.0	0.0	0.0	0.0	0.0	0.0	0.0	0.0	0.0	0.0	0.0	0.0145673	0.0012107	0.0015	0.0	0.0	0.0	0.0	0.0	0.0	0.0	
Aquila sp.	0.0	0.0	0.0	0.0	0.0	0.0	0.0	0.0	0.0	0.0	0.0	0.0	0.0	0.0	0.0	0.0	0.0	0.0	0.0	0.0	0.0	0.0	0.0	0.0	0.0	0.0	0.0	0.0	0.0	0.0	0.0	0.0	0.0	0.0	0.0	0.0	0.0	0.0	0.0015	0.0	0.0	0.0	0.0	0.0	0.0	0.0	0.0	0.0	
Épervier d'Europe	0.020979	0.0531915	0.0059524	0.0299401	0.0319149	0.0381679	0.02	0.0268456	0.0063291	0.0666667	0.0258621	0.015873	0.0544218	0.0346821	0.0372093	0.0120482	0.0142857	0.0304183	0.0151515	0.0106383	0.0015	0.0053476	0.0015	0.0223464	0.0152672	0.019802	0.0169492	0.0176056	0.0546875	0.0557377	0.0367232	0.0632184	0.1082474	0.1008772	0.0670391	0.2203947	0.1377246	0.1394865	0.1268209	0.0992736	0.1156069	0.0648148	0.047619	0.032967	0.0434783	0.0461538	0.0246914	0.0236686	
Autour des palombes	0.0	0.0	0.0	0.0	0.0	0.0	0.0	0.0	0.0	0.0	0.0	0.0	0.0068027	0.0	0.0015	0.0	0.0	0.0	0.0050505	0.0	0.0062112	0.0	0.0	0.0	0.0076336	0.0	0.0	0.0	0.0	0.0015	0.0	0.0028736	0.0051546	0.0	0.0	0.0	0.002994	0.0034698	0.0017138	0.0012107	0.0	0.0	0.0	0.0	0.0	0.0	0.0	0.0	
Busard des roseaux	0.0699301	0.0957447	0.125	0.0778443	0.0744681	0.0992366	0.1333333	0.1275168	0.0696203	0.1466667	0.1206897	0.047619	0.170068	0.2023121	0.1302326	0.060241	0.0571429	0.1901141	0.0858586	0.0425532	0.068323	0.0320856	0.0538462	0.0502793	0.0534351	0.049505	0.0271186	0.0528169	0.0976563	0.0557377	0.0706215	0.0718391	0.0876289	0.127193	0.1340782	0.1381579	0.1856287	0.2012491	0.1833762	0.1779661	0.0924855	0.1111111	0.047619	0.0769231	0.0724638	0.0	0.0740741	0.0769231	
Busard Saint-Martin	0.0015	0.0	0.0119048	0.0015	0.0106383	0.0015	0.0015	0.0	0.0063291	0.0	0.0086207	0.005291	0.0	0.0115607	0.0093023	0.0015	0.0015	0.0015	0.0151515	0.0	0.0124224	0.0053476	0.0	0.0055866	0.0076336	0.0	0.0015	0.0	0.0	0.0	0.0	0.0	0.0	0.0	0.0015	0.0065789	0.0149701	0.019431	0.0179949	0.0133172	0.0231214	0.0015	0.0119048	0.010989	0.0144928	0.0	0.0123457	0.0118343	
Busard des marais	0.0	0.0	0.0	0.0	0.0	0.0	0.0	0.0	0.0	0.0	0.0	0.005291	0.0136054	0.0115607	0.0046512	0.0	0.0	0.0	0.0	0.0	0.0	0.0	0.0	0.0	0.0	0.0	0.0	0.0	0.0	0.0	0.0	0.0	0.0	0.0	0.0	0.0	0.001497	0.0048577	0.0025707	0.0015	0.0	0.0	0.0	0.0	0.0	0.0	0.0	0.0	
Busard pâle	0.0	0.0	0.0	0.0	0.0	0.0	0.0	0.0	0.0	0.0	0.0	0.0	0.0	0.0	0.0	0.0040161	0.0	0.0	0.0	0.0	0.0	0.0	0.0	0.0	0.0	0.0	0.0	0.0	0.0	0.0	0.0	0.0	0.0	0.0	0.0055866	0.0	0.0015	0.0013879	0.0017138	0.0012107	0.0	0.0	0.0	0.0	0.0	0.0	0.0	0.0	
Busard cendré	0.0	0.0	0.0	0.0	0.0	0.0	0.0	0.0	0.0	0.0	0.0	0.0	0.0	0.0	0.0	0.0015	0.0	0.0076046	0.0050505	0.0015	0.0124224	0.0053476	0.0307692	0.0111732	0.0152672	0.0049505	0.0	0.0035211	0.0039063	0.0	0.0028249	0.0	0.0	0.0	0.0	0.0	0.0	0.0	0.0	0.0	0.0	0.0	0.0	0.0	0.0	0.0	0.0	0.0	
busard sp.	0.0	0.0	0.0	0.0	0.0	0.0	0.0	0.0	0.0	0.0	0.0	0.0	0.0	0.0	0.0	0.0	0.0	0.0038023	0.0050505	0.0	0.0	0.0053476	0.0	0.0	0.0	0.0	0.0	0.0	0.0	0.0032787	0.0	0.0	0.0	0.0	0.0	0.0	0.0	6.94E-4	0.0015	0.0024213	0.0	0.0	0.0	0.0	0.0	0.0	0.0	0.0	
Milan royal	0.0	0.0	0.0059524	0.0	0.0	0.0	0.0	0.0	0.0	0.0	0.0	0.0	0.0	0.0	0.0046512	0.0	0.0	0.0	0.0	0.0	0.0	0.0	0.0	0.0	0.0	0.0	0.0	0.0	0.0	0.0	0.0	0.0	0.0	0.0	0.0	0.0098684	0.001497	0.0027759	0.0059983	0.0024213	0.017341	0.0092593	0.0	0.0	0.0	0.0	0.0015	0.0015	
Milan noir	0.0	0.0	0.0	0.0	0.0	0.0	0.0	0.0	0.0	0.0	0.0	0.0	0.0	0.0057803	0.0093023	0.0160643	0.0071429	0.0114068	0.0	0.0015	0.0062112	0.0	0.0015	0.0	0.0015	0.0015	0.0015	0.0	0.0	0.0032787	0.0	0.0028736	0.0051546	0.0	0.0	0.0	0.0015	0.0027759	0.0042845	0.0012107	0.0	0.0015	0.0	0.0	0.0	0.0	0.0	0.0	
Pygargue à queue blanche	0.0	0.0	0.0	0.0	0.0	0.0	0.0	0.0	0.0	0.0	0.0	0.0	0.0	0.0	0.0	0.0	0.0	0.0	0.0	0.0	0.0	0.0	0.0	0.0	0.0	0.0	0.0	0.0	0.0	0.0	0.0	0.0	0.0	0.0	0.0	0.0015	0.0	0.0	0.0	0.0	0.0	0.0	0.0	0.0	0.0	0.0	0.0	0.0	
Buse variable	0.1293706	0.0531915	0.1785714	0.1077844	0.2234043	0.2061069	0.1466667	0.2348993	0.1835443	0.1866667	0.1724138	0.2380952	0.2312925	0.1445087	0.1395349	0.060241	0.0857143	0.0646388	0.1010101	0.1542553	0.1677019	0.1336898	0.1076923	0.1117318	0.1450382	0.0990099	0.0610169	0.1021127	0.1484375	0.0983607	0.0903955	0.1091954	0.1134021	0.1052632	0.0893855	0.0953947	0.0733533	0.0513532	0.050557	0.0750605	0.1156069	0.1111111	0.1547619	0.0989011	0.1594203	0.2	0.0864198	0.112426	
rapace sp.	0.0	0.0	0.0	0.0	0.0	0.0	0.0066667	0.0	0.0	0.0	0.0	0.0	0.0	0.0	0.0	0.0	0.0	0.0	0.0	0.0	0.0	0.0	0.0	0.0	0.0	0.0	0.0	0.0	0.0	0.0	0.0	0.0	0.0	0.0	0.0	0.0	0.0	0.0	0.0	0.0	0.0	0.0	0.0	0.0	0.0	0.0	0.0	0.0029586	
Effraie des clochers	0.0034965	0.0015	0.0059524	0.0015	0.0015	0.0015	0.0015	0.0015	0.0015	0.0015	0.0172414	0.010582	0.0068027	0.0	0.0093023	0.0080321	0.0	0.0015	0.010101	0.0053191	0.0124224	0.0015	0.0076923	0.0015	0.0152672	0.0049505	0.0015	0.0015	0.0117188	0.0015	0.0112994	0.0201149	0.0257732	0.0131579	0.0055866	0.0098684	0.005988	0.0048577	0.0077121	0.0048426	0.017341	0.0092593	0.0015	0.0	0.0144928	0.0153846	0.0	0.0015	
Petit-duc scops	0.0	0.0	0.0	0.0	0.0	0.0	0.0	0.0	0.0	0.0	0.0	0.0	0.0015	0.0	0.0	0.0	0.0	0.0	0.0	0.0	0.0	0.0	0.0	0.0	0.0	0.0	0.0	0.0	0.0	0.0	0.0	0.0	0.0	0.0	0.0	0.0	0.0	0.0	0.0	0.0	0.0	0.0	0.0	0.0	0.0	0.0	0.0	0.0	
Chevêche d'Athéna	0.0034965	0.0	0.0	0.0	0.0	0.0	0.0	0.0	0.0	0.0	0.0	0.0	0.0	0.0	0.0	0.0	0.0	0.0	0.0	0.0	0.0	0.0015	0.0	0.0	0.0076336	0.0	0.0	0.0	0.0	0.0	0.0	0.0	0.0015	0.0	0.0	0.0	0.0	0.0	0.0	0.0	0.0	0.0	0.0	0.0	0.0	0.0	0.0	0.0015	
Chouette hulotte	0.0174825	0.0015	0.0119048	0.005988	0.0015	0.0076336	0.0015	0.0201342	0.0126582	0.0266667	0.0015	0.005291	0.0136054	0.0057803	0.0093023	0.0080321	0.0071429	0.0015	0.0151515	0.0053191	0.0062112	0.0106952	0.0076923	0.0055866	0.0305344	0.0049505	0.0033898	0.0140845	0.0078125	0.0015	0.0056497	0.0057471	0.0103093	0.004386	0.0015	0.0098684	0.005988	0.0027759	0.0034276	0.0012107	0.0115607	0.0015	0.0238095	0.021978	0.0	0.0015	0.0123457	0.0059172	
Hibou moyen-duc	0.0034965	0.0	0.0	0.0	0.0	0.0	0.0	0.0	0.0	0.0	0.0	0.0	0.0	0.0	0.0	0.0	0.0	0.0	0.0	0.0015	0.0015	0.0	0.0	0.0	0.0	0.0	0.0	0.0	0.0	0.0	0.0028249	0.0	0.0	0.0	0.0	0.0032895	0.005988	0.0055517	0.0034276	0.0048426	0.0057803	0.0015	0.0	0.0	0.0	0.0	0.0	0.0	
Hibou des marais	0.0034965	0.0015	0.0059524	0.0	0.0	0.0	0.0	0.0	0.0063291	0.0	0.0015	0.0	0.0068027	0.0	0.0	0.0	0.0	0.0	0.0	0.0	0.0	0.0	0.0	0.0	0.0	0.0	0.0	0.0	0.0	0.0	0.0056497	0.0057471	0.0103093	0.0015	0.0	0.0098684	0.010479	0.0291464	0.0471294	0.0242131	0.017341	0.0185185	0.0015	0.010989	0.0144928	0.0153846	0.0	0.0015	
Huppe fasciée	0.0	0.0	0.0	0.0	0.0	0.0	0.0	0.0	0.0	0.0	0.0	0.015873	0.0340136	0.017341	0.0046512	0.0040161	0.0015	0.0	0.0015	0.0	0.0	0.0	0.0015	0.0015	0.0	0.0	0.0	0.0015	0.0039063	0.0	0.0056497	0.0	0.0051546	0.0087719	0.0055866	0.0	0.0	0.0	0.0	0.0	0.0	0.0	0.0	0.0	0.0	0.0	0.0	0.0	
Guêpier d'Europe	0.0	0.0	0.0	0.0	0.0	0.0	0.0	0.0	0.0	0.0	0.0	0.0	0.0	0.0057803	0.0015	0.0080321	0.0071429	0.026616	0.040404	0.0265957	0.0124224	0.0053476	0.0015	0.0335196	0.0152672	0.0148515	0.0101695	0.0246479	0.015625	0.0032787	0.0112994	0.0114943	0.0015	0.0	0.0	0.0	0.0	0.0015	0.0025707	0.0	0.0	0.0	0.0	0.0	0.0	0.0	0.0	0.0	
Martin-pêcheur d'Europe	0.0909091	0.1382979	0.0535714	0.0419162	0.0425532	0.0305344	0.0733333	0.0536913	0.0253165	0.0266667	0.0431034	0.015873	0.0272109	0.0	0.0139535	0.0040161	0.0214286	0.0015	0.0050505	0.0106383	0.0372671	0.0320856	0.0076923	0.0111732	0.0015	0.019802	0.0101695	0.0352113	0.078125	0.0852459	0.0734463	0.0775862	0.1340206	0.1710526	0.1620112	0.1184211	0.1437126	0.1172797	0.1079692	0.1113801	0.1271676	0.1111111	0.0952381	0.0879121	0.1449275	0.1076923	0.0864198	0.0857988	
Rollier d'Europe	0.0	0.0	0.0	0.0	0.0	0.0	0.0	0.0	0.0	0.0	0.0	0.0	0.0	0.0	0.0	0.0	0.0	0.0	0.0	0.0	0.0	0.0	0.0	0.0	0.0	0.0	0.0	0.0	0.0	0.0	0.0	0.0	0.0	0.0	0.0	0.0	0.0	0.0	0.0	0.0015	0.0	0.0	0.0	0.0	0.0	0.0	0.0	0.0	
Torcol fourmilier	0.0	0.0	0.0	0.0	0.0	0.0	0.0	0.0	0.0	0.0	0.0	0.0	0.0	0.017341	0.0015	0.0080321	0.0071429	0.0	0.0	0.0	0.0	0.0	0.0	0.0	0.0	0.0	0.0	0.0	0.0	0.0131148	0.0084746	0.045977	0.0824742	0.0614035	0.0335196	0.0953947	0.0464072	0.0201249	0.0102828	0.0015	0.0115607	0.0185185	0.0015	0.0015	0.0	0.0	0.0	0.0	
Pic mar	0.0	0.0212766	0.0238095	0.0	0.0106383	0.0076336	0.02	0.0067114	0.0063291	0.0266667	0.0086207	0.0	0.0136054	0.0115607	0.0093023	0.0040161	0.0071429	0.0	0.0	0.0106383	0.0015	0.0053476	0.0076923	0.0167598	0.0152672	0.0049505	0.0033898	0.0070423	0.0015	0.0	0.0028249	0.0	0.0	0.0	0.0	0.0032895	0.0	6.94E-4	0.0	0.0024213	0.0015	0.0015	0.0119048	0.0	0.0	0.0	0.0	0.0	
Pic épeiche	0.0559441	0.0531915	0.0892857	0.0778443	0.0851064	0.0839695	0.0466667	0.0872483	0.0759494	0.08	0.1034483	0.1164021	0.0952381	0.0635838	0.0465116	0.0441767	0.05	0.0076046	0.0555556	0.1010638	0.1055901	0.0748663	0.0461538	0.0726257	0.0763359	0.0445545	0.0508475	0.0774648	0.0820313	0.0360656	0.0338983	0.0517241	0.0515464	0.0745614	0.0335196	0.0394737	0.0314371	0.0256766	0.0214225	0.035109	0.0809249	0.0833333	0.047619	0.0879121	0.0869565	0.0769231	0.0617284	0.0325444	
Dendrocopos sp.	0.0	0.0	0.0	0.0	0.0	0.0	0.0	0.0	0.0	0.0133333	0.0	0.0	0.0	0.0	0.0	0.0	0.0	0.0	0.0	0.0	0.0	0.0	0.0	0.0	0.0	0.0	0.0	0.0	0.0	0.0	0.0	0.0	0.0	0.0	0.0	0.0	0.0	0.0	0.0	0.0	0.0	0.0	0.0	0.0	0.0	0.0	0.0	0.0	
Pic épeichette	0.0	0.0106383	0.0	0.011976	0.0106383	0.0	0.0	0.0134228	0.0126582	0.0	0.0086207	0.010582	0.0	0.0	0.0015	0.0040161	0.0015	0.0038023	0.0	0.0159574	0.0062112	0.0	0.0	0.0015	0.0015	0.0015	0.0033898	0.0176056	0.0039063	0.0032787	0.0015	0.0	0.0	0.0015	0.0055866	0.0	0.0	6.94E-4	0.0	0.0015	0.0015	0.0	0.0	0.0	0.0	0.0015	0.0	0.0088757	
Pic vert	0.0699301	0.0638298	0.0892857	0.0598802	0.1276596	0.1068702	0.08	0.1946309	0.0949367	0.12	0.1724138	0.1005291	0.1020408	0.0693642	0.0651163	0.0843373	0.1071429	0.0342205	0.0505051	0.1170213	0.1304348	0.0641711	0.0692308	0.0614525	0.0839695	0.0940594	0.1016949	0.1408451	0.15625	0.1278689	0.079096	0.0689655	0.0670103	0.0570175	0.0446927	0.0559211	0.0359281	0.0256766	0.0137104	0.0217918	0.0520231	0.0925926	0.0595238	0.1208791	0.115942	0.1230769	0.0987654	0.0414201	
Pic noir	0.0104895	0.0106383	0.0	0.0	0.0015	0.0	0.0133333	0.0134228	0.0126582	0.0015	0.0	0.005291	0.0	0.0015	0.0	0.0120482	0.0015	0.0	0.010101	0.0015	0.0062112	0.0015	0.0	0.0055866	0.0	0.0049505	0.0	0.0015	0.0	0.0	0.0	0.0015	0.0015	0.0	0.0015	0.0015	0.001497	0.0	0.0	0.0012107	0.0015	0.0	0.0	0.010989	0.0015	0.0	0.0	0.0	
Faucon crécerelle	0.0769231	0.0531915	0.0654762	0.0598802	0.0531915	0.0992366	0.12	0.114094	0.0632911	0.0666667	0.1206897	0.0952381	0.1564626	0.150289	0.1534884	0.1124498	0.0428571	0.0912548	0.1717172	0.1914894	0.1614907	0.0909091	0.1	0.0782123	0.0916031	0.1138614	0.1152542	0.1267606	0.15625	0.1377049	0.1073446	0.1810345	0.1958763	0.1842105	0.2402235	0.3256579	0.3158683	0.2824427	0.293916	0.2663438	0.2427746	0.1111111	0.0833333	0.0879121	0.1304348	0.1076923	0.1481481	0.0680473	
Faucon crécerellette ou F. crécerelle	0.0	0.0	0.0	0.0	0.0	0.0	0.0	0.0	0.0	0.0	0.0	0.0	0.0	0.0	0.0	0.0	0.0	0.0	0.0	0.0015	0.0	0.0	0.0	0.0	0.0	0.0	0.0	0.0	0.0	0.0	0.0	0.0	0.0	0.0	0.0	0.0	0.0	0.0	0.0	0.0	0.0	0.0	0.0	0.0	0.0	0.0	0.0	0.0	
Faucon émerillon	0.0	0.0	0.0119048	0.0179641	0.0	0.0076336	0.0133333	0.0134228	0.0126582	0.0266667	0.0	0.005291	0.0204082	0.0115607	0.0015	0.0	0.0071429	0.0	0.0	0.0	0.0	0.0	0.0	0.0	0.0	0.0	0.0	0.0	0.0	0.0	0.0028249	0.0	0.0	0.0350877	0.0223464	0.0493421	0.0568862	0.0756419	0.1036847	0.0714286	0.0809249	0.0092593	0.0119048	0.021978	0.0144928	0.0153846	0.0	0.0015	
Faucon hobereau	0.0	0.0	0.0	0.0	0.0	0.0	0.0	0.0	0.0	0.0	0.0	0.0015	0.0	0.0057803	0.0186047	0.0080321	0.0214286	0.0228137	0.0151515	0.0319149	0.0186335	0.0106952	0.0015	0.0111732	0.0152672	0.0	0.0033898	0.0070423	0.0039063	0.0032787	0.0056497	0.0143678	0.0257732	0.0526316	0.0335196	0.0230263	0.004491	0.0027759	0.0042845	0.0012107	0.0	0.0	0.0	0.0	0.0	0.0	0.0	0.0	
Faucon pèlerin	0.034965	0.0015	0.0178571	0.0538922	0.0	0.0229008	0.0266667	0.0402685	0.0189873	0.0133333	0.0172414	0.031746	0.047619	0.0462428	0.0325581	0.0281124	0.0071429	0.0342205	0.020202	0.0478723	0.0124224	0.0053476	0.0153846	0.0015	0.0152672	0.0346535	0.0440678	0.0387324	0.046875	0.0295082	0.0310734	0.0402299	0.0721649	0.0964912	0.0558659	0.0888158	0.1197605	0.0999306	0.117395	0.0956416	0.0520231	0.0462963	0.0119048	0.0659341	0.0434783	0.0461538	0.0493827	0.035503	
Falco sp.	0.0	0.0	0.0	0.0	0.0	0.0	0.0	0.0	0.0	0.0	0.0	0.0	0.0	0.0	0.0	0.0	0.0	0.0	0.0	0.0053191	0.0	0.0	0.0	0.0	0.0	0.0	0.0	0.0	0.0	0.0	0.0028249	0.0	0.0	0.0	0.0	0.0	0.0	0.0	0.0	0.0	0.0	0.0	0.0	0.0	0.0	0.0	0.0	0.0	
rapace diurne sp.	0.0	0.0	0.0	0.0	0.0	0.0	0.0	0.0	0.0	0.0	0.0	0.0	0.0	0.0	0.0	0.0	0.0	0.0	0.0	0.0015	0.0	0.0	0.0	0.0	0.0	0.0	0.0	0.0	0.0	0.0032787	0.0028249	0.0	0.0	0.0	0.0	0.0	0.0	0.0	0.0	0.0	0.0	0.0	0.0	0.0	0.0	0.0	0.0	0.0	
Calopsitte élégante	0.0	0.0	0.0	0.0	0.0	0.0	0.0	0.0	0.0	0.0	0.0	0.0	0.0	0.0	0.0	0.0	0.0	0.0	0.0	0.0	0.0	0.0	0.0	0.0	0.0	0.0	0.0033898	0.0	0.0	0.0	0.0	0.0	0.0	0.0	0.0	0.0	0.0	0.0	0.0	0.0	0.0	0.0	0.0	0.0	0.0	0.0	0.0	0.0	
Viréo à œil rouge	0.0	0.0	0.0	0.0	0.0	0.0	0.0	0.0	0.0	0.0	0.0	0.0	0.0	0.0	0.0	0.0	0.0	0.0	0.0	0.0	0.0	0.0	0.0	0.0	0.0	0.0	0.0	0.0	0.0	0.0	0.0	0.0	0.0	0.0	0.0	0.0032895	0.002994	0.0027759	0.0034276	0.0048426	0.0	0.0	0.0	0.0	0.0	0.0	0.0	0.0	
Loriot d'Europe	0.0	0.0	0.0	0.0	0.0	0.0	0.0	0.0	0.0	0.0	0.0	0.0	0.0	0.0	0.0046512	0.0080321	0.0015	0.0114068	0.0050505	0.0015	0.0	0.0	0.0	0.0	0.0	0.0	0.0	0.0	0.0	0.0	0.0	0.0	0.0	0.0	0.0	0.0	0.0	0.0	8.569E-4	0.0	0.0	0.0	0.0	0.0	0.0	0.0	0.0	0.0	
Pie-grièche écorcheur	0.0	0.0	0.0	0.0	0.0	0.0	0.0	0.0	0.0	0.0	0.0	0.005291	0.0	0.0	0.0	0.0	0.0	0.0	0.0050505	0.0015	0.0	0.0	0.0153846	0.0	0.0	0.0	0.0	0.0	0.0	0.0	0.0	0.0028736	0.0	0.0	0.0055866	0.0065789	0.007485	0.0020819	0.0	0.0012107	0.0	0.0015	0.0	0.0	0.0	0.0	0.0	0.0	
Pie-grièche isabelle	0.0	0.0	0.0	0.0	0.0	0.0	0.0	0.0	0.0	0.0	0.0	0.0	0.0	0.0	0.0	0.0	0.0	0.0	0.0	0.0	0.0	0.0	0.0	0.0	0.0	0.0	0.0	0.0	0.0	0.0	0.0	0.0	0.0	0.0	0.0	0.0	0.0	0.0027759	0.0025707	0.0024213	0.0115607	0.0	0.0	0.0	0.0	0.0	0.0	0.0	
Pie-grièche brune	0.0	0.0	0.0	0.0	0.0	0.0	0.0	0.0	0.0	0.0	0.0	0.0	0.0	0.0	0.0	0.0	0.0	0.0	0.0	0.0	0.0	0.0	0.0	0.0	0.0	0.0	0.0	0.0	0.0	0.0	0.0	0.0	0.0	0.0	0.0	0.0	0.0	6.94E-4	0.008569	0.0072639	0.0	0.0	0.0	0.0	0.0	0.0	0.0	0.0	
Pie-grièche grise	0.0	0.0	0.0	0.0	0.0	0.0	0.0	0.0	0.0	0.0015	0.0	0.0	0.0	0.0	0.0	0.0	0.0	0.0	0.0	0.0	0.0	0.0	0.0	0.0	0.0	0.0	0.0	0.0	0.0	0.0	0.0	0.0	0.0	0.0	0.0	0.0	0.0	0.0	0.0119966	0.0	0.0	0.0	0.0119048	0.0	0.0	0.0	0.0	0.0	
Pie-grièche à poitrine rose	0.0	0.0	0.0	0.0	0.0	0.0	0.0	0.0	0.0	0.0	0.0	0.0	0.0	0.0	0.0	0.0	0.0	0.0	0.0	0.0	0.0	0.0	0.0	0.0	0.0076336	0.0148515	0.0	0.0	0.0	0.0	0.0	0.0	0.0	0.0	0.0	0.0	0.0	0.0	0.0	0.0	0.0	0.0	0.0	0.0	0.0	0.0	0.0	0.0	
Pie-grièche à tête rousse	0.0	0.0	0.0	0.0	0.0	0.0	0.0	0.0	0.0	0.0	0.0	0.0	0.0068027	0.0015	0.0093023	0.0	0.0071429	0.0076046	0.0	0.0015	0.0	0.0	0.0	0.0	0.0	0.0	0.0	0.0	0.0	0.0	0.0	0.0057471	0.0	0.0	0.0	0.0	0.002994	0.0015	0.0	0.0	0.0	0.0	0.0	0.0	0.0	0.0	0.0	0.0	
Geai des chênes	0.1328671	0.2021277	0.1666667	0.1017964	0.1382979	0.0839695	0.1133333	0.1879195	0.1898734	0.1466667	0.1637931	0.1534392	0.1496599	0.0867052	0.0511628	0.0763052	0.1	0.0456274	0.0808081	0.1542553	0.1428571	0.1016043	0.0615385	0.1005587	0.0916031	0.0742574	0.0474576	0.0492958	0.0546875	0.0622951	0.0451977	0.0862069	0.0876289	0.1052632	0.0614525	0.0921053	0.0703593	0.0423317	0.033419	0.0823245	0.2138728	0.1111111	0.2142857	0.2197802	0.1449275	0.2769231	0.1234568	0.1213018	
Pie bavarde	0.3041958	0.3617021	0.3928571	0.2814371	0.3404255	0.4656489	0.38	0.4362416	0.3987342	0.2933333	0.4310345	0.3068783	0.3877551	0.2716763	0.2744186	0.2811245	0.2928571	0.1026616	0.2777778	0.2978723	0.2919255	0.3903743	0.2538462	0.2513966	0.3129771	0.2475248	0.2033898	0.2535211	0.2460938	0.2393443	0.1694915	0.158046	0.185567	0.2017544	0.1284916	0.1677632	0.1377246	0.07356	0.0634105	0.1234867	0.2716763	0.3425926	0.3333333	0.2857143	0.3043478	0.4307692	0.345679	0.3609467	
Crave à bec rouge	0.0104895	0.0015	0.0119048	0.0	0.0212766	0.0458015	0.0066667	0.0201342	0.0126582	0.0133333	0.0344828	0.0687831	0.0204082	0.0867052	0.1069767	0.0923695	0.0357143	0.0988593	0.1262626	0.1489362	0.0931677	0.0588235	0.0384615	0.0335196	0.0076336	0.049505	0.0576271	0.0492958	0.0820313	0.104918	0.0310734	0.0574713	0.056701	0.0350877	0.0502793	0.1842105	0.2170659	0.2276197	0.20994	0.1900726	0.1560694	0.0277778	0.0238095	0.010989	0.0289855	0.0461538	0.0246914	0.0295858	
Choucas des tours	0.3356643	0.2446809	0.3452381	0.2874251	0.2978723	0.4580153	0.2933333	0.442953	0.4050633	0.3066667	0.3965517	0.3227513	0.3945578	0.2196532	0.2604651	0.2409639	0.3428571	0.1634981	0.2979798	0.4042553	0.3229814	0.315508	0.1846154	0.2011173	0.1832061	0.1386139	0.1152542	0.1408451	0.2460938	0.2	0.1242938	0.1637931	0.185567	0.1929825	0.2011173	0.1480263	0.1197605	0.0818876	0.0779777	0.1549637	0.2196532	0.3425926	0.3452381	0.2967033	0.3188406	0.4153846	0.382716	0.3254438	
Corbeau freux	0.034965	0.0212766	0.0178571	0.0479042	0.0638298	0.0610687	0.0133333	0.033557	0.0316456	0.0266667	0.0344828	0.031746	0.0204082	0.0057803	0.0093023	0.0080321	0.0071429	0.0038023	0.0015	0.0106383	0.0186335	0.0160428	0.0015	0.0167598	0.0152672	0.0346535	0.0067797	0.0105634	0.0351563	0.0163934	0.0084746	0.0028736	0.0051546	0.0087719	0.0055866	0.0164474	0.005988	0.0020819	0.0034276	0.0157385	0.0231214	0.0	0.0238095	0.0549451	0.057971	0.0	0.0493827	0.0207101	
Corneille noire	0.541958	0.4255319	0.4702381	0.4431138	0.4574468	0.6183206	0.54	0.5704698	0.6139241	0.4666667	0.6034483	0.4285714	0.6326531	0.5375723	0.5255814	0.5301205	0.4857143	0.4942966	0.479798	0.4574468	0.447205	0.4759358	0.4692308	0.3128492	0.480916	0.4356436	0.359322	0.3661972	0.3828125	0.3442623	0.3107345	0.3477011	0.3865979	0.3903509	0.3296089	0.4638158	0.4715569	0.4281749	0.4224507	0.4564165	0.4450867	0.4166667	0.5238095	0.3626374	0.4347826	0.4307692	0.5061728	0.5384615	
Corneille mantelée	0.0	0.0	0.0	0.0	0.0	0.0	0.0	0.0	0.0	0.0	0.0	0.0	0.0	0.017341	0.0	0.0040161	0.0	0.0190114	0.0	0.0	0.0	0.0	0.0	0.0	0.0	0.0	0.0	0.0	0.0	0.0	0.0015	0.0	0.0051546	0.0	0.0015	0.0065789	0.0254491	0.0173491	0.0179949	0.0096852	0.0289017	0.0	0.0	0.0	0.0	0.0	0.0	0.0	
Hybride Corneille noire x C. mantelée	0.0	0.0	0.0	0.0	0.0	0.0	0.0	0.0	0.0	0.0	0.0	0.0	0.0	0.0	0.0	0.0	0.0	0.0038023	0.0	0.0	0.0	0.0	0.0	0.0	0.0	0.0	0.0	0.0	0.0	0.0	0.0	0.0	0.0	0.0	0.0	0.0015	0.0194611	0.0090215	0.0051414	0.0024213	0.0	0.0	0.0	0.0	0.0	0.0	0.0	0.0	
corneille sp.	0.0	0.0	0.0	0.0	0.0015	0.0	0.0	0.0	0.0	0.0	0.0	0.0	0.0	0.0	0.0	0.0	0.0	0.0	0.0	0.0	0.0	0.0	0.0	0.0	0.0	0.0	0.0033898	0.0	0.0	0.0	0.0	0.0	0.0	0.0	0.0	0.0	0.0	0.0	0.0	0.0	0.0	0.0	0.0	0.0	0.0	0.0	0.0	0.0	
Grand Corbeau	0.0104895	0.0	0.0416667	0.0179641	0.0425532	0.0381679	0.0333333	0.0201342	0.0063291	0.0	0.0086207	0.037037	0.0204082	0.0520231	0.0511628	0.0441767	0.0214286	0.0228137	0.030303	0.0425532	0.0186335	0.0160428	0.0307692	0.0	0.0076336	0.0247525	0.0067797	0.0035211	0.0429688	0.0262295	0.0169492	0.0287356	0.0154639	0.0219298	0.027933	0.0460526	0.0479042	0.0312283	0.0368466	0.0326877	0.0578035	0.0092593	0.0238095	0.021978	0.0289855	0.0307692	0.0246914	0.0325444	
Mésange noire	0.0	0.0	0.0	0.011976	0.0	0.0015	0.0133333	0.0015	0.0	0.0	0.0	0.005291	0.0068027	0.0	0.0	0.0040161	0.0	0.0	0.010101	0.0053191	0.0062112	0.0053476	0.0	0.0	0.0015	0.0049505	0.0	0.0070423	0.0	0.0032787	0.0028249	0.0057471	0.0	0.0	0.0	0.0032895	0.008982	0.0090215	0.0034276	0.0024213	0.0115607	0.0092593	0.0119048	0.010989	0.0	0.0	0.0015	0.0	
Mésange huppée	0.0454545	0.0212766	0.047619	0.0179641	0.0425532	0.0687023	0.0266667	0.0469799	0.0506329	0.04	0.0344828	0.042328	0.0272109	0.0346821	0.0139535	0.0361446	0.0142857	0.0038023	0.030303	0.0319149	0.0372671	0.0320856	0.0769231	0.0670391	0.0534351	0.049505	0.0237288	0.0528169	0.03125	0.0360656	0.0225989	0.0316092	0.0360825	0.0307018	0.0335196	0.0263158	0.0179641	0.0083276	0.0077121	0.0181598	0.0231214	0.0555556	0.047619	0.0549451	0.0434783	0.0923077	0.0123457	0.0295858	
Mésange nonnette	0.0244755	0.0425532	0.0238095	0.0419162	0.0106383	0.0152672	0.0066667	0.0268456	0.0316456	0.0015	0.0172414	0.005291	0.0068027	0.0057803	0.0093023	0.0	0.0071429	0.0	0.0015	0.0159574	0.0062112	0.0106952	0.0015	0.0111732	0.0	0.009901	0.0	0.0035211	0.0117188	0.0098361	0.0084746	0.0086207	0.0103093	0.0087719	0.0055866	0.0	0.001497	0.0	0.0015	0.0012107	0.0015	0.0015	0.0238095	0.010989	0.0144928	0.0153846	0.0246914	0.0147929	
Mésange bleue	0.3216783	0.3510638	0.4047619	0.2694611	0.4148936	0.4427481	0.3133333	0.442953	0.4177215	0.2933333	0.4310345	0.3333333	0.3605442	0.3583815	0.2930233	0.2851406	0.1928571	0.1787072	0.2070707	0.2553191	0.2360248	0.3101604	0.1692308	0.1843575	0.221374	0.1732673	0.1559322	0.2007042	0.2617188	0.2622951	0.1497175	0.1724138	0.1752577	0.1798246	0.1675978	0.2730263	0.2949102	0.276891	0.2887746	0.2566586	0.3121387	0.2592593	0.2619048	0.3406593	0.2898551	0.3692308	0.4197531	0.2633136	
Mésange charbonnière	0.2482517	0.2021277	0.3333333	0.2035928	0.3829787	0.3587786	0.3066667	0.409396	0.3291139	0.2666667	0.4224138	0.3068783	0.3877551	0.2890173	0.2511628	0.2329317	0.2142857	0.1292776	0.1919192	0.2712766	0.2049689	0.2352941	0.1615385	0.1340782	0.1984733	0.1485149	0.1186441	0.1690141	0.1601563	0.1606557	0.1186441	0.1436782	0.1494845	0.1403509	0.1452514	0.2006579	0.1916168	0.1825121	0.1568123	0.1840194	0.2485549	0.2037037	0.25	0.2087912	0.2608696	0.3230769	0.3209877	0.1893491	
Rémiz penduline	0.0	0.0	0.0	0.0	0.0	0.0	0.0015	0.0067114	0.0	0.0	0.0	0.0	0.0	0.0	0.0	0.0	0.0	0.0	0.0	0.0	0.0	0.0	0.0	0.0	0.0	0.0	0.0	0.0	0.0	0.0	0.0	0.0	0.0	0.0	0.0	0.0	0.0	0.0062457	0.017138	0.0145278	0.0015	0.0185185	0.0	0.0015	0.0	0.0015	0.0	0.0015	
Alouette lulu	0.006993	0.0	0.0119048	0.005988	0.0	0.0076336	0.0015	0.0	0.0015	0.0	0.0086207	0.010582	0.0068027	0.0057803	0.0093023	0.0015	0.0	0.0	0.0050505	0.0053191	0.0015	0.0053476	0.0015	0.0055866	0.0076336	0.0	0.0033898	0.0015	0.0	0.0	0.0	0.0	0.0	0.0	0.0055866	0.0032895	0.004491	0.0166551	0.0788346	0.0460048	0.0751445	0.037037	0.0238095	0.021978	0.0	0.0	0.0	0.0	
Alouette des champs	0.0804196	0.0744681	0.1428571	0.1257485	0.1489362	0.129771	0.2266667	0.2348993	0.2405063	0.1866667	0.2931034	0.2275132	0.3469388	0.2716763	0.3023256	0.2048193	0.2071429	0.1711027	0.2979798	0.2978723	0.2484472	0.1871658	0.3384615	0.1955307	0.1374046	0.2326733	0.179661	0.1126761	0.1289063	0.052459	0.0338983	0.0488506	0.0515464	0.0877193	0.0614525	0.1151316	0.1317365	0.1908397	0.2913453	0.2663438	0.2601156	0.25	0.1190476	0.1098901	0.1594203	0.1846154	0.0864198	0.0710059	
Alouette haussecol	0.0	0.0	0.0	0.0	0.0	0.0	0.0	0.0	0.0	0.0	0.0	0.0	0.0	0.0	0.0	0.0	0.0	0.0038023	0.010101	0.0015	0.0	0.0	0.0	0.0	0.0	0.0	0.0	0.0	0.0	0.0	0.0	0.0	0.0	0.0	0.0	0.0	0.002994	0.0020819	0.0	0.0048426	0.0	0.0015	0.0	0.0	0.0	0.0	0.0	0.0	
Alouette calandrelle	0.0	0.0	0.0	0.0	0.0	0.0	0.0	0.0	0.0	0.0	0.0	0.0	0.0	0.0057803	0.0093023	0.0015	0.0	0.0038023	0.0	0.0	0.0	0.0	0.0	0.0	0.0	0.0	0.0	0.0	0.0	0.0	0.0	0.0	0.0	0.0	0.0015	0.0	0.001497	0.0041638	0.0059983	0.0012107	0.0	0.0	0.0	0.0	0.0	0.0	0.0	0.0	
alaudidé sp.	0.0	0.0	0.0	0.0	0.0	0.0	0.0	0.0	0.0	0.0	0.0	0.0	0.0	0.0	0.0	0.0015	0.0	0.0	0.0	0.0	0.0	0.0	0.0	0.0	0.0	0.0	0.0015	0.0	0.0	0.0	0.0	0.0	0.0	0.0	0.0	0.0	0.0	0.0	0.0	0.0	0.0	0.0	0.0	0.0	0.0	0.0	0.0	0.0	
Panure à moustaches	0.027972	0.0212766	0.0297619	0.0239521	0.0212766	0.0076336	0.02	0.0067114	0.0063291	0.0266667	0.0431034	0.005291	0.0068027	0.0289017	0.0186047	0.0120482	0.0071429	0.0114068	0.0151515	0.0265957	0.0124224	0.0053476	0.0307692	0.0167598	0.0229008	0.0148515	0.0135593	0.0105634	0.0273438	0.0196721	0.0169492	0.0057471	0.0051546	0.0526316	0.027933	0.0098684	0.010479	0.0124913	0.0111397	0.0302663	0.0057803	0.0462963	0.0119048	0.0	0.0289855	0.0015	0.0	0.0147929	
Cisticole des joncs	0.027972	0.0531915	0.0297619	0.0179641	0.0319149	0.0076336	0.0333333	0.0872483	0.0886076	0.1066667	0.1034483	0.0846561	0.170068	0.1271676	0.1581395	0.1405622	0.1142857	0.0988593	0.1515152	0.1382979	0.1614907	0.1176471	0.1923077	0.150838	0.1526718	0.2029703	0.2101695	0.2464789	0.28125	0.2819672	0.1723164	0.1896552	0.1546392	0.1491228	0.0893855	0.0986842	0.0763473	0.037474	0.0385604	0.0544794	0.0809249	0.0833333	0.0952381	0.021978	0.057971	0.0615385	0.0246914	0.0325444	
Hypolaïs bottée	0.0	0.0	0.0	0.0	0.0	0.0	0.0	0.0	0.0	0.0	0.0	0.0	0.0	0.0	0.0	0.0	0.0	0.0	0.0	0.0	0.0	0.0	0.0	0.0	0.0	0.0	0.0	0.0	0.0	0.0	0.0028249	0.0	0.0	0.0	0.0	0.0	0.0	0.0	0.0154242	0.0	0.0	0.0	0.0	0.0	0.0	0.0	0.0	0.0	
Hypolaïs polyglotte	0.0	0.0	0.0	0.0	0.0	0.0	0.0	0.0	0.0	0.0	0.0	0.0	0.0	0.0	0.0	0.0	0.0071429	0.0015	0.030303	0.0106383	0.0	0.0106952	0.0	0.0111732	0.0152672	0.0049505	0.0	0.0	0.0117188	0.0131148	0.0028249	0.0172414	0.0103093	0.004386	0.0	0.0098684	0.002994	6.94E-4	0.0	0.0	0.0	0.0	0.0	0.0	0.0	0.0	0.0	0.0	
Hypolaïs ictérine	0.0	0.0	0.0	0.0	0.0	0.0	0.0	0.0	0.0	0.0	0.0	0.0	0.0	0.0	0.0	0.0	0.0	0.0	0.0	0.0	0.0	0.0	0.0	0.0	0.0	0.0	0.0	0.0	0.0	0.0	0.0	0.0028736	0.0	0.0	0.0	0.0032895	0.0	0.0015	0.0	0.0	0.0	0.0	0.0	0.0	0.0	0.0	0.0	0.0	
Phragmite aquatique	0.0	0.0	0.0	0.0	0.0	0.0	0.0	0.0	0.0	0.0	0.0	0.0	0.0	0.0	0.0	0.0	0.0	0.0	0.0	0.0	0.0	0.0	0.0	0.0	0.0	0.0	0.0	0.0	0.0117188	0.0015	0.0169492	0.0028736	0.0015	0.0087719	0.0	0.0015	0.0	0.0015	0.0	0.0	0.0	0.0	0.0	0.0	0.0	0.0	0.0	0.0	
Phragmite des joncs	0.0	0.0	0.0	0.0	0.0	0.0	0.0	0.0	0.0	0.0	0.0086207	0.031746	0.1088435	0.0924855	0.144186	0.1405622	0.1071429	0.21673	0.1363636	0.0744681	0.0621118	0.0534759	0.0307692	0.027933	0.0305344	0.0247525	0.0237288	0.0457746	0.0820313	0.0819672	0.0536723	0.0632184	0.0309278	0.0350877	0.0446927	0.0098684	0.007485	0.0020819	0.0	0.0024213	0.0	0.0	0.0	0.0	0.0	0.0	0.0	0.0	
Rousserolle isabelle	0.0	0.0	0.0	0.0	0.0	0.0	0.0	0.0	0.0	0.0	0.0	0.0	0.0	0.0	0.0	0.0	0.0	0.0	0.0	0.0	0.0	0.0	0.0	0.0	0.0	0.0	0.0	0.0	0.0	0.0	0.0	0.0028736	0.0	0.0	0.0	0.0	0.0	0.0015	0.0	0.0	0.0	0.0	0.0	0.0	0.0	0.0	0.0	0.0	
Rousserolle des buissons	0.0	0.0	0.0	0.0	0.0	0.0	0.0	0.0	0.0	0.0	0.0	0.0	0.0	0.0	0.0	0.0	0.0	0.0	0.0	0.0	0.0	0.0	0.0	0.0	0.0	0.0	0.0	0.0	0.0	0.0	0.0	0.0	0.0206186	0.0	0.0	0.0	0.008982	0.0055517	8.569E-4	0.0048426	0.0	0.0	0.0	0.0	0.0	0.0	0.0	0.0	
Rousserolle verderolle	0.0	0.0	0.0	0.0	0.0	0.0	0.0	0.0	0.0	0.0	0.0	0.0	0.0	0.0	0.0	0.0	0.0	0.0	0.0	0.0	0.0	0.0	0.0	0.0	0.0	0.0	0.0	0.0	0.0039063	0.0	0.0	0.0	0.0	0.0	0.0	0.0	0.0	0.0	0.0015	0.0012107	0.0	0.0	0.0	0.0	0.0	0.0	0.0	0.0	
Rousserolle effarvatte	0.0	0.0	0.0	0.0	0.0	0.0	0.0	0.0	0.0	0.0	0.0	0.0	0.0068027	0.0346821	0.055814	0.0803213	0.1357143	0.1254753	0.1161616	0.1010638	0.1552795	0.0802139	0.1076923	0.0558659	0.0381679	0.0544554	0.0474576	0.084507	0.0703125	0.0852459	0.0480226	0.0747126	0.0670103	0.0745614	0.0558659	0.1348684	0.1062874	0.074254	0.0514139	0.027845	0.0115607	0.0092593	0.0	0.0	0.0	0.0	0.0	0.0	
Rousserolle verderolle ou R. effarvatte	0.0	0.0	0.0	0.0	0.0	0.0	0.0	0.0	0.0	0.0	0.0	0.0	0.0	0.0	0.0	0.0	0.0	0.0	0.0	0.0	0.0	0.0	0.0	0.0	0.0	0.0	0.0	0.0	0.0	0.0	0.0028249	0.0	0.0	0.0	0.0	0.0	0.0	6.94E-4	0.0	0.0	0.0	0.0	0.0	0.0	0.0	0.0	0.0	0.0	
Rousserolle turdoïde	0.0	0.0	0.0	0.0	0.0	0.0	0.0	0.0	0.0	0.0	0.0	0.0	0.0	0.0	0.0	0.0	0.0	0.0	0.0	0.0	0.0	0.0	0.0	0.0	0.0	0.0	0.0	0.0015	0.0	0.0	0.0	0.0	0.0	0.0	0.0	0.0	0.0	0.0	0.0	0.0	0.0	0.0	0.0	0.0	0.0	0.0	0.0	0.0	
Acrocephalus sp.	0.0	0.0	0.0	0.0	0.0	0.0	0.0	0.0	0.0	0.0	0.0	0.0	0.0	0.0	0.0	0.0	0.0	0.0	0.0	0.0	0.0	0.0	0.0	0.0	0.0	0.0	0.0	0.0	0.0	0.0032787	0.0	0.0	0.0	0.0	0.0	0.0	0.0	6.94E-4	0.0	0.0012107	0.0	0.0	0.0	0.0	0.0	0.0	0.0	0.0	
Locustelle luscinioïde	0.0	0.0	0.0	0.0	0.0	0.0	0.0	0.0	0.0	0.0	0.0	0.0	0.0068027	0.0	0.0186047	0.0080321	0.0142857	0.0038023	0.0050505	0.0053191	0.0	0.0106952	0.0	0.0223464	0.0152672	0.0015	0.0033898	0.0015	0.0078125	0.0032787	0.0084746	0.0028736	0.0015	0.0	0.0055866	0.0	0.0	0.0	0.0	0.0	0.0	0.0	0.0	0.0	0.0	0.0	0.0	0.0	
Locustelle tachetée	0.0	0.0	0.0	0.0	0.0	0.0	0.0	0.0	0.0	0.0	0.0	0.0	0.0136054	0.017341	0.027907	0.0160643	0.0142857	0.0114068	0.0	0.0053191	0.0062112	0.0	0.0153846	0.0167598	0.0152672	0.0049505	0.0101695	0.0035211	0.03125	0.0327869	0.0112994	0.0086207	0.0051546	0.004386	0.0	0.0098684	0.007485	0.0055517	0.0017138	0.0	0.0	0.0	0.0	0.0	0.0	0.0	0.0	0.0	
Hirondelle de rivage	0.0	0.0	0.0	0.0	0.0	0.0	0.0	0.0201342	0.0063291	0.0133333	0.0775862	0.0899471	0.2312925	0.150289	0.2139535	0.1485944	0.1714286	0.1444867	0.2575758	0.212766	0.2049689	0.1604278	0.2615385	0.1843575	0.1832061	0.2079208	0.1728814	0.2323944	0.21875	0.1213115	0.0960452	0.0948276	0.0721649	0.0657895	0.0167598	0.0164474	0.002994	0.0034698	0.0034276	0.0	0.0015	0.0	0.0	0.0	0.0	0.0	0.0	0.0	
Hirondelle de rochers	0.0	0.0	0.0	0.0015	0.0106383	0.0015	0.0	0.0	0.0063291	0.0	0.0	0.0	0.0	0.0	0.0	0.0	0.0	0.0	0.0	0.0	0.0	0.0	0.0	0.0	0.0	0.0	0.0	0.0	0.0	0.0	0.0	0.0	0.0	0.0	0.0	0.0	0.0	0.0	0.0	0.0	0.0	0.0	0.0	0.0	0.0	0.0	0.0	0.0029586	
Hirondelle rustique	0.0034965	0.0106383	0.0	0.0	0.0	0.0076336	0.0133333	0.0	0.0	0.0133333	0.0344828	0.1322751	0.244898	0.3121387	0.4186047	0.4016064	0.3785714	0.5323194	0.4646465	0.393617	0.3850932	0.3262032	0.3769231	0.3184358	0.4045802	0.3613861	0.3525424	0.3767606	0.4414063	0.3934426	0.2824859	0.3965517	0.4175258	0.3333333	0.301676	0.2631579	0.1152695	0.1013185	0.1165381	0.0726392	0.0231214	0.0015	0.0015	0.010989	0.0289855	0.0015	0.0015	0.0029586	
Hirondelle de fenêtre	0.0034965	0.0	0.0	0.0	0.0	0.0015	0.0	0.0	0.0	0.0	0.0	0.010582	0.0340136	0.0520231	0.0837209	0.0883534	0.05	0.2281369	0.1717172	0.1861702	0.1428571	0.1390374	0.1	0.1396648	0.1984733	0.1732673	0.1084746	0.1373239	0.1640625	0.1311475	0.0960452	0.1408046	0.1391753	0.1052632	0.1061453	0.0953947	0.0359281	0.0256766	0.0154242	0.0024213	0.0015	0.0	0.0	0.010989	0.0	0.0	0.0	0.0	
Hirondelle rousseline	0.0	0.0	0.0	0.0	0.0	0.0	0.0	0.0	0.0	0.0	0.0	0.0015	0.0068027	0.0	0.0	0.0015	0.0	0.0015	0.0	0.0	0.0	0.0	0.0153846	0.0	0.0	0.0	0.0	0.0	0.0	0.0	0.0	0.0	0.0	0.0	0.0	0.0	0.0	6.94E-4	0.0	0.0	0.0	0.0	0.0	0.0	0.0	0.0	0.0	0.0015	
hirondelle sp.	0.0	0.0	0.0	0.0	0.0	0.0	0.0	0.0	0.0	0.0	0.0	0.0015	0.0	0.0	0.0	0.0	0.0	0.0038023	0.0050505	0.0	0.0	0.0	0.0015	0.0	0.0	0.0015	0.0067797	0.0035211	0.0039063	0.0	0.0	0.0	0.0	0.0	0.0	0.0	0.0	0.0	0.0	0.0	0.0	0.0	0.0	0.0	0.0	0.0	0.0	0.0	
Pouillot siffleur	0.0	0.0	0.0	0.0	0.0	0.0	0.0	0.0	0.0	0.0	0.0	0.0	0.0	0.0057803	0.0046512	0.0	0.0	0.0038023	0.0050505	0.0053191	0.0062112	0.0053476	0.0	0.0055866	0.0	0.0	0.0	0.0	0.0	0.0	0.0	0.0028736	0.0103093	0.004386	0.0	0.0032895	0.001497	0.0048577	0.0	0.0	0.0	0.0	0.0	0.0	0.0	0.0	0.0	0.0	
Pouillot de Bonelli	0.0	0.0	0.0	0.0	0.0	0.0	0.0	0.0	0.0	0.0	0.0	0.0	0.0	0.0	0.0	0.0	0.0	0.0	0.0015	0.0	0.0	0.0	0.0	0.0	0.0	0.0	0.0	0.0	0.0	0.0	0.0	0.0	0.0	0.0	0.027933	0.0098684	0.001497	0.0020819	0.0	0.0015	0.0	0.0	0.0	0.0	0.0	0.0	0.0	0.0	
Pouillot à grands sourcils	0.0015	0.0	0.0059524	0.005988	0.0	0.0	0.0	0.0	0.0	0.0	0.0	0.0	0.0	0.0	0.0	0.0	0.0	0.0	0.0	0.0	0.0	0.0	0.0	0.0	0.0	0.0	0.0	0.0	0.0	0.0	0.0	0.0	0.0	0.0	0.0	0.0131579	0.0868263	0.1325468	0.1533847	0.0956416	0.0404624	0.0185185	0.0015	0.0015	0.0015	0.0	0.0	0.0015	
Pouillot de Hume	0.0	0.0	0.0	0.0	0.0	0.0	0.0	0.0	0.0	0.0	0.0	0.0	0.0	0.0	0.0	0.0	0.0	0.0	0.0	0.0	0.0	0.0	0.0	0.0	0.0	0.0	0.0	0.0	0.0	0.0	0.0	0.0	0.0	0.0	0.0	0.0	0.0	0.0	0.0	0.0048426	0.0015	0.0	0.0	0.0	0.0	0.0	0.0	0.0	
Pouillot à grands sourcils ou P. de Hume	0.0	0.0	0.0	0.0	0.0	0.0	0.0	0.0	0.0	0.0	0.0	0.0	0.0	0.0	0.0	0.0	0.0	0.0	0.0	0.0	0.0	0.0	0.0	0.0	0.0	0.0	0.0	0.0	0.0	0.0	0.0	0.0	0.0	0.0	0.0	0.0	0.0	0.0	0.0	0.0024213	0.0	0.0	0.0	0.0	0.0	0.0	0.0	0.0	
Pouillot de Pallas	0.0	0.0	0.0	0.0	0.0	0.0	0.0	0.0	0.0	0.0	0.0	0.0	0.0	0.0	0.0	0.0	0.0	0.0	0.0	0.0	0.0	0.0	0.0	0.0	0.0	0.0	0.0	0.0	0.0	0.0	0.0	0.0	0.0	0.0	0.0	0.0	0.0	0.0034698	0.0034276	0.0024213	0.0015	0.0	0.0015	0.010989	0.0	0.0	0.0	0.0	
Pouillot de Schwarz	0.0	0.0	0.0	0.0	0.0	0.0	0.0	0.0	0.0	0.0	0.0	0.0	0.0	0.0	0.0	0.0	0.0	0.0	0.0	0.0	0.0	0.0	0.0	0.0	0.0	0.0	0.0	0.0	0.0	0.0	0.0	0.0	0.0	0.0	0.0	0.0	0.0	0.0048577	0.0102828	0.0048426	0.0	0.0	0.0	0.0	0.0	0.0	0.0	0.0	
Pouillot brun	0.0034965	0.0	0.0	0.0	0.0	0.0	0.0	0.0	0.0	0.0	0.0	0.0	0.0	0.0	0.0	0.0	0.0	0.0	0.0	0.0	0.0	0.0	0.0	0.0	0.0	0.0	0.0	0.0	0.0	0.0	0.0	0.0	0.0	0.0	0.0	0.0	0.0015	0.0062457	0.0077121	0.0193705	0.017341	0.0015	0.0015	0.0015	0.0	0.0	0.0	0.0	
Pouillot fitis	0.0	0.0	0.0	0.0	0.0	0.0	0.0	0.0	0.0	0.0	0.0015	0.047619	0.0680272	0.0751445	0.1069767	0.0843373	0.0214286	0.1178707	0.0656566	0.0638298	0.0310559	0.0160428	0.0230769	0.0111732	0.0076336	0.0148515	0.0033898	0.0140845	0.0351563	0.042623	0.0480226	0.0833333	0.1030928	0.1052632	0.0670391	0.2072368	0.1287425	0.1172797	0.0908312	0.0266344	0.0015	0.0	0.0	0.0	0.0	0.0153846	0.0	0.0	
Pouillot véloce	0.1958042	0.2021277	0.2142857	0.2035928	0.2659574	0.3206107	0.3066667	0.3221477	0.4113924	0.4133333	0.6034483	0.5873016	0.6870748	0.583815	0.5348837	0.5140562	0.5285714	0.4410646	0.4545455	0.4574468	0.447205	0.4652406	0.4692308	0.3687151	0.389313	0.2673267	0.2338983	0.2042254	0.2773438	0.2360656	0.1779661	0.2068966	0.2680412	0.2675439	0.273743	0.4144737	0.4775449	0.4968772	0.4978578	0.3958838	0.3583815	0.2407407	0.25	0.3186813	0.2753623	0.1692308	0.2469136	0.1863905	
Pouillot fitis ou P. véloce	0.0	0.0	0.0	0.0	0.0	0.0	0.0	0.0	0.0	0.0	0.0	0.0	0.0	0.0	0.0	0.0	0.0	0.0	0.0	0.0053191	0.0015	0.0106952	0.0	0.0	0.0	0.0	0.0	0.0	0.0	0.0	0.0028249	0.0028736	0.0015	0.0	0.0	0.0	0.0	0.0	0.0	0.0	0.0	0.0	0.0	0.0	0.0	0.0	0.0	0.0	
Pouillot ibérique	0.0	0.0	0.0	0.0	0.0	0.0	0.0	0.0	0.0	0.0	0.0	0.0	0.0	0.0	0.0	0.0	0.0	0.0	0.0	0.0	0.0	0.0	0.0	0.0	0.0	0.0	0.0	0.0	0.0	0.0	0.0	0.0	0.0	0.0	0.0	0.0	0.0	0.0020819	0.0	0.0	0.0	0.0	0.0	0.0	0.0	0.0	0.0	0.0	
Pouillot verdâtre	0.0	0.0	0.0	0.0	0.0	0.0	0.0	0.0	0.0	0.0	0.0	0.0	0.0	0.0	0.0	0.0	0.0	0.0	0.0	0.0015	0.0	0.0	0.0	0.0	0.0	0.0	0.0	0.0	0.0	0.0	0.0	0.0	0.0	0.0	0.0	0.0	0.0	0.0	0.0	0.0	0.0	0.0	0.0	0.0	0.0	0.0	0.0	0.0	
Pouillot à pattes sombres	0.0	0.0	0.0	0.0	0.0	0.0	0.0	0.0	0.0	0.0	0.0	0.0	0.0	0.0	0.0	0.0	0.0	0.0	0.0	0.0	0.0	0.0	0.0	0.0	0.0	0.0	0.0	0.0	0.0	0.0	0.0	0.0	0.0	0.0	0.0	0.0	0.0	0.0076336	0.0	0.0	0.0	0.0	0.0	0.0	0.0	0.0	0.0	0.0	
Pouillot boréal	0.0	0.0	0.0	0.0	0.0	0.0	0.0	0.0	0.0	0.0	0.0	0.0	0.0	0.0	0.0	0.0	0.0	0.0	0.0	0.0	0.0	0.0	0.0	0.0	0.0	0.0	0.0	0.0	0.0	0.0	0.0	0.0	0.0	0.0	0.0	0.0	0.0015	0.0013879	8.569E-4	0.0072639	0.0	0.0	0.0	0.0	0.0	0.0	0.0	0.0	
pouillot sp.	0.0	0.0	0.0	0.0	0.0	0.0	0.0	0.0	0.0	0.0	0.0086207	0.0	0.0	0.0	0.0	0.0	0.0	0.0	0.0	0.0	0.0	0.0106952	0.0	0.0	0.0	0.0	0.0033898	0.0035211	0.0039063	0.0	0.0	0.0	0.0	0.004386	0.0	0.0	0.0	0.0020819	0.0	0.0	0.0	0.0	0.0	0.0	0.0	0.0	0.0	0.0029586	
Bouscarle de Cetti	0.0979021	0.0744681	0.1309524	0.0838323	0.1276596	0.1068702	0.1466667	0.1879195	0.2151899	0.1733333	0.2327586	0.1746032	0.2789116	0.2427746	0.2	0.2208835	0.2428571	0.2053232	0.2272727	0.1968085	0.136646	0.1122995	0.1692308	0.0614525	0.0610687	0.0643564	0.040678	0.0352113	0.0859375	0.1147541	0.0903955	0.0977011	0.1030928	0.1666667	0.2011173	0.2072368	0.2110778	0.221374	0.2047986	0.2336562	0.2138728	0.2037037	0.1190476	0.1208791	0.1449275	0.0615385	0.0864198	0.091716	
Orite à longue queue	0.1188811	0.0744681	0.1130952	0.0838323	0.1702128	0.0916031	0.12	0.1342282	0.1582278	0.1866667	0.1637931	0.1005291	0.1360544	0.0693642	0.0465116	0.0522088	0.0785714	0.0304183	0.040404	0.0159574	0.0621118	0.026738	0.0153846	0.0055866	0.0381679	0.0346535	0.0338983	0.0316901	0.0429688	0.0393443	0.0451977	0.0431034	0.1134021	0.0526316	0.0782123	0.0723684	0.0508982	0.0430257	0.0471294	0.0690073	0.1156069	0.1296296	0.1190476	0.0879121	0.0724638	0.1230769	0.0740741	0.1153846	
Fauvette à tête noire	0.0979021	0.0319149	0.0654762	0.1317365	0.0744681	0.0916031	0.06	0.0872483	0.1012658	0.08	0.2327586	0.3015873	0.4353741	0.3930636	0.3348837	0.4136546	0.3357143	0.3612167	0.2525253	0.3297872	0.2670807	0.2620321	0.2538462	0.1955307	0.2748092	0.2623762	0.1762712	0.1302817	0.1054688	0.0983607	0.0762712	0.0948276	0.1340206	0.1008772	0.1396648	0.2598684	0.2649701	0.2706454	0.2810626	0.1840194	0.1213873	0.1296296	0.1309524	0.1098901	0.057971	0.1230769	0.1604938	0.1035503	
Fauvette des jardins	0.0	0.0	0.0	0.0	0.0	0.0	0.0	0.0	0.0	0.0	0.0	0.0	0.0068027	0.017341	0.0511628	0.0923695	0.1	0.1140684	0.0808081	0.0744681	0.0310559	0.1016043	0.0538462	0.0223464	0.0610687	0.039604	0.0237288	0.028169	0.0195313	0.0163934	0.0112994	0.0258621	0.0412371	0.0350877	0.0055866	0.0197368	0.0508982	0.0242887	0.0205656	0.0048426	0.0015	0.0092593	0.0	0.010989	0.0	0.0	0.0	0.0	
Fauvette épervière	0.0	0.0	0.0	0.0	0.0	0.0	0.0	0.0	0.0	0.0	0.0	0.0	0.0	0.0	0.0	0.0	0.0	0.0	0.0	0.0	0.0	0.0	0.0	0.0	0.0	0.0	0.0	0.0	0.0	0.0	0.0	0.0	0.0	0.004386	0.0	0.0065789	0.002994	0.0069396	0.0015	0.0012107	0.0	0.0092593	0.0	0.0	0.0	0.0	0.0	0.0	
Fauvette babillarde	0.0	0.0	0.0	0.0	0.0	0.0	0.0	0.0	0.0	0.0	0.0	0.0	0.0	0.0	0.0	0.0	0.0	0.0038023	0.0	0.0	0.0	0.0	0.0	0.0	0.0	0.0	0.0	0.0	0.0	0.0	0.0	0.0	0.0	0.0	0.0167598	0.0526316	0.0449102	0.03678	0.0368466	0.0242131	0.0231214	0.0092593	0.0	0.0	0.0	0.0	0.0	0.0	
Fauvette passerinette	0.0	0.0	0.0	0.0	0.0	0.0	0.0	0.0	0.0	0.0	0.0	0.0	0.0	0.017341	0.0	0.0	0.0	0.0	0.0	0.0	0.0	0.0	0.0	0.0	0.0	0.0	0.0	0.0	0.0	0.0	0.0	0.0	0.0	0.0087719	0.0167598	0.0	0.0	6.94E-4	0.0025707	0.0015	0.0	0.0	0.0	0.0	0.0	0.0	0.0	0.0	
Fauvette des Balkans	0.0	0.0	0.0	0.0	0.0	0.0	0.0	0.0	0.0	0.0	0.0	0.0	0.0068027	0.0057803	0.0	0.0	0.0	0.0	0.0	0.0	0.0	0.0	0.0	0.0	0.0	0.0	0.0	0.0	0.0	0.0	0.0	0.0	0.0	0.0	0.0	0.0	0.0	0.0013879	0.0	0.0048426	0.0	0.0	0.0	0.0	0.0	0.0	0.0	0.0	
Fauvette passerinette ou F. des Balkans	0.0	0.0	0.0	0.0	0.0	0.0	0.0	0.0	0.0	0.0	0.0	0.0	0.0	0.0057803	0.0	0.0	0.0	0.0	0.0	0.0	0.0	0.0	0.0	0.0	0.0	0.0	0.0	0.0	0.0	0.0	0.0	0.0	0.0	0.0	0.0	0.0	0.001497	0.0	0.0	0.0	0.0	0.0	0.0	0.0	0.0	0.0	0.0	0.0	
Fauvette de Moltoni, F. passerinette ou F. des Balkans	0.0	0.0	0.0	0.0	0.0	0.0	0.0	0.0	0.0	0.0	0.0	0.0	0.0	0.0	0.0	0.0	0.0	0.0	0.0	0.0	0.0	0.0	0.0	0.0	0.0	0.0	0.0	0.0	0.0	0.0	0.0	0.0	0.0	0.0	0.0	0.0	0.0	0.0	8.569E-4	0.0	0.0	0.0	0.0	0.0	0.0	0.0	0.0	0.0	
Fauvette grisette	0.0	0.0	0.0	0.0	0.0	0.0	0.0	0.0	0.0	0.0	0.0086207	0.0	0.0408163	0.1040462	0.1255814	0.1485944	0.1285714	0.1444867	0.1767677	0.1276596	0.136646	0.0802139	0.2153846	0.1005587	0.0305344	0.019802	0.020339	0.0316901	0.0546875	0.0885246	0.0536723	0.0862069	0.1082474	0.0921053	0.0446927	0.125	0.0823353	0.0388619	0.0128535	0.003632	0.0	0.0	0.0	0.0	0.0	0.0	0.0	0.0	
Fauvette pitchou	0.006993	0.0	0.0	0.0015	0.0106383	0.0152672	0.0	0.0067114	0.0189873	0.0	0.0	0.037037	0.0136054	0.0231214	0.0232558	0.0481928	0.0015	0.0494297	0.030303	0.0106383	0.0124224	0.0160428	0.0307692	0.0391061	0.0458015	0.029703	0.0135593	0.0211268	0.0273438	0.0196721	0.0028249	0.0201149	0.0103093	0.0175439	0.0111732	0.1118421	0.1197605	0.1193616	0.125964	0.122276	0.0867052	0.0092593	0.0238095	0.010989	0.0289855	0.0153846	0.0	0.0088757	
Sylvia ou Curruca sp.	0.0	0.0	0.0	0.0	0.0	0.0	0.0	0.0	0.0	0.0	0.0	0.0	0.0	0.0	0.0	0.0	0.0	0.0	0.0	0.0	0.0	0.0	0.0	0.0	0.0	0.0	0.0	0.0	0.0039063	0.0	0.0	0.0	0.0	0.0	0.0	0.0015	0.0	0.0	0.0	0.0	0.0	0.0	0.0	0.0	0.0	0.0	0.0	0.0	
Roitelet huppé	0.0594406	0.0212766	0.0714286	0.0239521	0.0531915	0.0992366	0.0733333	0.0402685	0.0632911	0.0266667	0.0344828	0.037037	0.0408163	0.0231214	0.0325581	0.0281124	0.0428571	0.0190114	0.0252525	0.0425532	0.0372671	0.0427807	0.0538462	0.0335196	0.0458015	0.0	0.0135593	0.0246479	0.0234375	0.0065574	0.019774	0.0114943	0.0051546	0.0263158	0.0335196	0.1348684	0.1571856	0.1894518	0.2245073	0.1682809	0.132948	0.0555556	0.0595238	0.0989011	0.0434783	0.0769231	0.0864198	0.0798817	
Roitelet à triple bandeau	0.1608392	0.1489362	0.1309524	0.1197605	0.1914894	0.1603053	0.1333333	0.2013423	0.1518987	0.0933333	0.1034483	0.1005291	0.0816327	0.0693642	0.0372093	0.0722892	0.1071429	0.0342205	0.0505051	0.0638298	0.0559006	0.0695187	0.0461538	0.0446927	0.0534351	0.019802	0.0305085	0.0492958	0.0546875	0.0327869	0.0310734	0.045977	0.0773196	0.0657895	0.0614525	0.1282895	0.2155689	0.2026371	0.2339332	0.1682809	0.1387283	0.1944444	0.1785714	0.1428571	0.1449275	0.1230769	0.1604938	0.1213018	
Roitelet huppé ou R. à triple bandeau	0.0104895	0.0015	0.0	0.0	0.0425532	0.0	0.0	0.0134228	0.0126582	0.0	0.0086207	0.0	0.0	0.0	0.0	0.0	0.0	0.0	0.0	0.0	0.0	0.0	0.0	0.0	0.0	0.0049505	0.0	0.0	0.0	0.0	0.0028249	0.0	0.0	0.0	0.0	0.0	0.0	0.0013879	8.569E-4	0.0012107	0.0	0.0	0.0119048	0.0	0.0	0.0	0.0	0.0029586	
Sittelle torchepot	0.0524476	0.0851064	0.1130952	0.0898204	0.0957447	0.0687023	0.0666667	0.0805369	0.0949367	0.08	0.0775862	0.1058201	0.0952381	0.0635838	0.0511628	0.0120482	0.0285714	0.0114068	0.0050505	0.0212766	0.0559006	0.0534759	0.0307692	0.0446927	0.0610687	0.0346535	0.0169492	0.0528169	0.0273438	0.0262295	0.0367232	0.0287356	0.0309278	0.0263158	0.0167598	0.0263158	0.0179641	0.0055517	0.0042845	0.0181598	0.0231214	0.0185185	0.1071429	0.0549451	0.0144928	0.0923077	0.0493827	0.0591716	
Grimpereau des bois	0.0	0.0	0.0	0.0	0.0	0.0	0.0	0.0	0.0	0.0	0.0	0.0	0.0	0.0	0.0	0.0	0.0	0.0	0.0	0.0	0.0	0.0	0.0	0.0	0.0	0.0	0.0	0.0	0.0	0.0	0.0	0.0	0.0	0.0	0.0	0.0	0.0	0.0015	0.0	0.0	0.0	0.0	0.0	0.0	0.0	0.0	0.0	0.0	
Grimpereau des jardins	0.0944056	0.0638298	0.1190476	0.0898204	0.1276596	0.1221374	0.0733333	0.147651	0.1329114	0.0933333	0.1293103	0.0952381	0.1020408	0.0693642	0.0651163	0.060241	0.0714286	0.0304183	0.0454545	0.1170213	0.0931677	0.0748663	0.0615385	0.0391061	0.129771	0.0742574	0.0915254	0.084507	0.0546875	0.0459016	0.0451977	0.0488506	0.0412371	0.0657895	0.0335196	0.0296053	0.0194611	0.0083276	0.008569	0.0145278	0.0346821	0.0185185	0.0119048	0.1428571	0.0724638	0.1076923	0.0493827	0.0769231	
Grimpereau des bois ou G. des jardins	0.0	0.0	0.0	0.0	0.0	0.0	0.0	0.0	0.0	0.0	0.0086207	0.0	0.0	0.0	0.0	0.0	0.0	0.0	0.0	0.0	0.0	0.0053476	0.0	0.0	0.0	0.0	0.0	0.0	0.0	0.0	0.0	0.0	0.0	0.0	0.0	0.0	0.0	0.0015	8.569E-4	0.0	0.0	0.0	0.0	0.0	0.0	0.0	0.0015	0.0	
Troglodyte mignon	0.3461538	0.3085106	0.3214286	0.2155689	0.4148936	0.480916	0.4466667	0.5503356	0.5189873	0.4666667	0.6896552	0.5555556	0.5578231	0.5953757	0.5348837	0.5742972	0.5571429	0.5589354	0.4292929	0.4840426	0.4720497	0.4973262	0.4923077	0.3184358	0.3358779	0.2772277	0.2644068	0.2957746	0.3359375	0.252459	0.2090395	0.2126437	0.2164948	0.1622807	0.2290503	0.3421053	0.4640719	0.5100625	0.5107112	0.437046	0.3699422	0.4074074	0.3690476	0.3846154	0.3188406	0.3846154	0.345679	0.2869822	
Étourneau sansonnet	0.3601399	0.2978723	0.3690476	0.3233533	0.3297872	0.4580153	0.3466667	0.3624161	0.2405063	0.0666667	0.0948276	0.0740741	0.1156463	0.1791908	0.1302326	0.1726908	0.1428571	0.1558935	0.1212121	0.1329787	0.1242236	0.0802139	0.1153846	0.1284916	0.1068702	0.1336634	0.1389831	0.1232394	0.1601563	0.1311475	0.0932203	0.1350575	0.1907216	0.1710526	0.1340782	0.2763158	0.2934132	0.2949341	0.3538989	0.3837772	0.3815029	0.3240741	0.2261905	0.3076923	0.3478261	0.3538462	0.3580247	0.3579882	
Étourneau unicolore	0.0	0.0	0.0	0.0	0.0	0.0	0.0	0.0	0.0	0.0	0.0	0.0	0.0	0.0	0.0	0.0	0.0	0.0	0.0	0.0	0.0	0.0	0.0	0.0	0.0	0.0	0.0	0.0	0.0	0.0	0.0	0.0	0.0	0.0	0.0	0.0015	0.004491	0.0041638	0.0025707	0.0015	0.0	0.0015	0.0	0.0	0.0	0.0	0.0	0.0	
Étourneau sansonnet ou É. unicolore	0.0	0.0	0.0	0.0	0.0	0.0	0.0	0.0	0.0	0.0	0.0	0.0	0.0	0.0	0.0	0.0	0.0	0.0	0.0	0.0	0.0	0.0053476	0.0	0.0	0.0	0.0	0.0	0.0	0.0	0.0	0.0	0.0	0.0	0.0	0.0	0.0	0.0	0.0	0.0	0.0	0.0	0.0	0.0	0.0	0.0	0.0	0.0	0.0	
Étourneau roselin	0.0	0.0	0.0	0.0	0.0	0.0	0.0	0.0	0.0	0.0	0.0	0.0	0.0	0.0	0.0	0.0015	0.0	0.0	0.0	0.0	0.0	0.0	0.0	0.0	0.0	0.0	0.0	0.0	0.0015	0.0	0.0	0.0	0.0015	0.004386	0.0055866	0.0098684	0.0194611	0.0111034	0.0051414	0.0108959	0.0057803	0.0	0.0	0.0	0.0	0.0	0.0	0.0	
Grive dorée	0.0	0.0	0.0	0.0	0.0	0.0	0.0	0.0	0.0	0.0	0.0	0.0	0.0	0.0	0.0	0.0	0.0	0.0	0.0	0.0	0.0	0.0	0.0	0.0	0.0	0.0	0.0	0.0	0.0	0.0	0.0	0.0	0.0	0.0	0.0	0.0	0.0	0.0020819	0.0	0.0015	0.0	0.0	0.0	0.0	0.0	0.0	0.0	0.0	
Grive à joues grises	0.0	0.0	0.0	0.0	0.0	0.0	0.0	0.0	0.0	0.0	0.0	0.0	0.0	0.0	0.0	0.0	0.0	0.0	0.0	0.0	0.0	0.0	0.0	0.0	0.0	0.0	0.0	0.0	0.0	0.0	0.0	0.0	0.0	0.0	0.0	0.0	0.0	0.0	0.0042845	0.0012107	0.0	0.0	0.0	0.0	0.0	0.0	0.0	0.0	
Grive à dos olive	0.0	0.0	0.0	0.0	0.0	0.0	0.0	0.0	0.0	0.0	0.0	0.0	0.0	0.0	0.0	0.0	0.0	0.0	0.0	0.0	0.0	0.0	0.0	0.0	0.0	0.0	0.0	0.0	0.0	0.0	0.0	0.0	0.0	0.0	0.0	0.0	0.0	6.94E-4	0.0051414	0.0012107	0.0	0.0	0.0	0.0	0.0	0.0	0.0	0.0	
Grive draine	0.034965	0.0319149	0.047619	0.0299401	0.0531915	0.0839695	0.0533333	0.1073826	0.0506329	0.0266667	0.0862069	0.0529101	0.0680272	0.0462428	0.0372093	0.0321285	0.0642857	0.0076046	0.0252525	0.0319149	0.0248447	0.0213904	0.0230769	0.0111732	0.0229008	0.009901	0.0033898	0.0070423	0.0015	0.0098361	0.0028249	0.0057471	0.0051546	0.004386	0.0167598	0.0065789	0.011976	0.0270645	0.0462725	0.0387409	0.0751445	0.0555556	0.0357143	0.0549451	0.0289855	0.1076923	0.0246914	0.0414201	
Grive musicienne	0.2517483	0.2446809	0.2440476	0.2095808	0.2553191	0.3053435	0.24	0.3422819	0.2848101	0.2133333	0.2844828	0.2539683	0.2244898	0.283237	0.2232558	0.2610442	0.2142857	0.2243346	0.1414141	0.1808511	0.1987578	0.1176471	0.1615385	0.1284916	0.1755725	0.0990099	0.0677966	0.0704225	0.0390625	0.0491803	0.0169492	0.0258621	0.0412371	0.0307018	0.027933	0.1151316	0.2020958	0.2748092	0.3470437	0.2566586	0.3294798	0.2407407	0.2380952	0.2417582	0.1594203	0.2615385	0.2345679	0.1656805	
Grive mauvis	0.1853147	0.1382979	0.2142857	0.1796407	0.2021277	0.2137405	0.1466667	0.147651	0.1329114	0.0666667	0.0172414	0.031746	0.0204082	0.0115607	0.0232558	0.0120482	0.0071429	0.0	0.0	0.0	0.0	0.0	0.0	0.0	0.0	0.0	0.0	0.0	0.0	0.0	0.0	0.0	0.0	0.0	0.0055866	0.0032895	0.0269461	0.1374046	0.2879177	0.2990315	0.3236994	0.2314815	0.2380952	0.1978022	0.2898551	0.3076923	0.1975309	0.1627219	
Merle noir	0.4755245	0.3297872	0.4821429	0.3892216	0.4042553	0.5954198	0.4533333	0.5436242	0.5506329	0.4933333	0.5689655	0.4920635	0.6122449	0.6242775	0.5953488	0.5983936	0.6428571	0.5627376	0.5454545	0.5744681	0.5093168	0.5828877	0.6153846	0.4189944	0.4427481	0.3613861	0.3152542	0.3626761	0.2304688	0.2459016	0.1581921	0.2068966	0.257732	0.2280702	0.2234637	0.4046053	0.492515	0.5086745	0.545844	0.4842615	0.4219653	0.4722222	0.4880952	0.4395604	0.4782609	0.4769231	0.4938272	0.3934911	
Grive litorne	0.0454545	0.0106383	0.0238095	0.0479042	0.0212766	0.0152672	0.0133333	0.0067114	0.0063291	0.0133333	0.0015	0.0015	0.0	0.0057803	0.0	0.0	0.0	0.0	0.0	0.0	0.0	0.0	0.0	0.0	0.0	0.0	0.0	0.0	0.0	0.0	0.0	0.0	0.0	0.0	0.0	0.0	0.002994	0.0263706	0.1782348	0.1452785	0.0982659	0.0648148	0.0833333	0.043956	0.0434783	0.0615385	0.0123457	0.0088757	
Merle à plastron	0.0	0.0	0.0	0.0	0.0	0.0	0.0	0.0	0.0	0.0015	0.0	0.005291	0.0136054	0.0231214	0.0093023	0.0080321	0.0	0.0076046	0.0	0.0015	0.0	0.0	0.0	0.0	0.0	0.0	0.0	0.0	0.0	0.0	0.0	0.0	0.0	0.0	0.0	0.0098684	0.0209581	0.0569049	0.1036847	0.066586	0.017341	0.0185185	0.0015	0.0015	0.0	0.0	0.0	0.0	
Turdus sp.	0.0	0.0	0.0	0.0	0.0	0.0	0.0	0.0015	0.0	0.0	0.0	0.0	0.0	0.0	0.0	0.0	0.0	0.0	0.0	0.0	0.0	0.0	0.0	0.0	0.0	0.0	0.0	0.0	0.0	0.0	0.0	0.0	0.0	0.0	0.0	0.0015	0.0	6.94E-4	0.0	0.0012107	0.0	0.0	0.0	0.0	0.0	0.0	0.0	0.0	
Gobemouche gris	0.0	0.0	0.0	0.0	0.0	0.0	0.0	0.0	0.0	0.0	0.0	0.0	0.0	0.0	0.0046512	0.0200803	0.0071429	0.0228137	0.010101	0.0265957	0.0062112	0.0374332	0.0076923	0.0167598	0.0229008	0.029703	0.0169492	0.0105634	0.015625	0.0295082	0.0480226	0.0804598	0.0824742	0.0701754	0.0670391	0.1447368	0.1107784	0.0707842	0.0608398	0.0181598	0.0	0.0	0.0	0.0	0.0	0.0	0.0	0.0	
Rougegorge familier	0.520979	0.4468085	0.5892857	0.4670659	0.6276596	0.6412214	0.5	0.5973154	0.5822785	0.5066667	0.6551724	0.5449735	0.5442177	0.4971098	0.4	0.4176707	0.4285714	0.2319392	0.3383838	0.4255319	0.3664596	0.3903743	0.3153846	0.2346369	0.3129771	0.2227723	0.2135593	0.2640845	0.2304688	0.2622951	0.220339	0.2873563	0.4536082	0.4122807	0.4636872	0.5953947	0.6541916	0.6620402	0.6426735	0.5605327	0.5202312	0.5925926	0.5833333	0.5274725	0.4782609	0.6	0.4814815	0.4852071	
Rossignol philomèle	0.0	0.0	0.0	0.0	0.0	0.0	0.0	0.0	0.0	0.0	0.0	0.005291	0.0136054	0.017341	0.0046512	0.0160643	0.0	0.0076046	0.030303	0.0106383	0.0	0.0	0.0015	0.0055866	0.0	0.0	0.0	0.0070423	0.0078125	0.0131148	0.0254237	0.0229885	0.0309278	0.0131579	0.0015	0.0065789	0.001497	6.94E-4	8.569E-4	0.0	0.0	0.0	0.0	0.0	0.0	0.0	0.0	0.0	
Gorgebleue à miroir	0.0	0.0	0.0	0.0	0.0	0.0	0.0	0.0	0.0	0.0	0.0	0.0015	0.0136054	0.0	0.0093023	0.0	0.0	0.0	0.0015	0.0053191	0.0	0.0	0.0076923	0.0	0.0	0.0015	0.0	0.0	0.0015	0.0131148	0.0028249	0.0258621	0.0051546	0.0087719	0.0167598	0.0	0.002994	0.0015	0.0	0.0012107	0.0	0.0	0.0	0.0	0.0	0.0	0.0	0.0	
Robin à flancs roux	0.0	0.0	0.0	0.0	0.0	0.0	0.0	0.0	0.0	0.0	0.0	0.0	0.0	0.0	0.0	0.0	0.0	0.0	0.0	0.0	0.0	0.0	0.0	0.0	0.0	0.0	0.0	0.0	0.0	0.0	0.0	0.0	0.0	0.0	0.0	0.0	0.0	0.0020819	0.0	0.0	0.0	0.0	0.0	0.0	0.0	0.0	0.0	0.0	
Gobemouche nain	0.0	0.0	0.0	0.0	0.0	0.0	0.0	0.0	0.0	0.0	0.0	0.0	0.0	0.0	0.0	0.0	0.0	0.0	0.0	0.0	0.0	0.0	0.0	0.0	0.0	0.0	0.0	0.0	0.0	0.0	0.0	0.0	0.0	0.0	0.0015	0.0131579	0.0479042	0.0513532	0.0437018	0.0157385	0.0057803	0.0015	0.0	0.0	0.0	0.0	0.0	0.0	
Gobemouche noir	0.0	0.0	0.0	0.0	0.0	0.0	0.0	0.0	0.0	0.0	0.0	0.0	0.0204082	0.0115607	0.0	0.0040161	0.0071429	0.0038023	0.010101	0.0	0.0	0.0	0.0	0.0	0.0	0.0	0.0	0.0	0.0	0.0229508	0.0480226	0.0603448	0.0721649	0.0657895	0.0670391	0.1118421	0.0508982	0.0319223	0.0197087	0.0012107	0.0057803	0.0	0.0	0.0	0.0	0.0	0.0	0.0	
Rougequeue à front blanc	0.0	0.0	0.0	0.0	0.0	0.0	0.0	0.0	0.0	0.0	0.0	0.015873	0.0408163	0.0115607	0.0186047	0.0200803	0.0071429	0.0038023	0.0050505	0.0053191	0.0	0.0015	0.0	0.0	0.0	0.0	0.0	0.0	0.0	0.0	0.0056497	0.0143678	0.0154639	0.0219298	0.0167598	0.1085526	0.0419162	0.0215128	0.0214225	0.0084746	0.0057803	0.0	0.0	0.0	0.0	0.0	0.0	0.0	
Rougequeue noir	0.0769231	0.0319149	0.0297619	0.0598802	0.0212766	0.129771	0.0933333	0.0134228	0.0886076	0.04	0.0344828	0.047619	0.0544218	0.0404624	0.0232558	0.0080321	0.0015	0.0114068	0.010101	0.0159574	0.0062112	0.0	0.0015	0.0055866	0.0076336	0.0015	0.0	0.0035211	0.0078125	0.0065574	0.0056497	0.0	0.0	0.0087719	0.0015	0.0032895	0.0628743	0.1040944	0.1688089	0.1743341	0.1040462	0.1018519	0.0714286	0.0769231	0.057971	0.1538462	0.1111111	0.0798817	
Tarier des prés	0.0	0.0	0.0	0.0	0.0	0.0	0.0	0.0	0.0	0.0	0.0	0.0	0.0	0.017341	0.0046512	0.0080321	0.0142857	0.0076046	0.020202	0.0053191	0.0	0.0	0.0	0.0	0.0	0.0	0.0	0.0015	0.015625	0.0131148	0.0225989	0.0574713	0.128866	0.0789474	0.0837989	0.1282895	0.0913174	0.056211	0.0514139	0.0242131	0.0057803	0.0	0.0	0.0	0.0	0.0	0.0	0.0	
Tarier pâtre	0.2062937	0.1276596	0.1547619	0.1616766	0.1276596	0.2061069	0.2333333	0.2080537	0.2278481	0.2	0.2068966	0.2116402	0.2653061	0.2774566	0.3395349	0.3052209	0.2785714	0.243346	0.3737374	0.2819149	0.2608696	0.2245989	0.3615385	0.2346369	0.2442748	0.2376238	0.2610169	0.2288732	0.3242188	0.2786885	0.1581921	0.1867816	0.2371134	0.2368421	0.2625698	0.3585526	0.3847305	0.3219986	0.344473	0.3159806	0.2543353	0.2685185	0.2261905	0.1868132	0.173913	0.2307692	0.2592593	0.2455621	
Tarier de Sibérie	0.0	0.0	0.0	0.0	0.0	0.0	0.0	0.0	0.0	0.0	0.0	0.0	0.0	0.0	0.0	0.0	0.0	0.0	0.0	0.0	0.0	0.0	0.0	0.0	0.0	0.0	0.0	0.0	0.0	0.0	0.0	0.0	0.0	0.0	0.0	0.0	0.0	0.0041638	0.0094259	0.0	0.0	0.0	0.0	0.0	0.0	0.0	0.0	0.0	
Traquet motteux	0.0	0.0	0.0	0.0	0.0	0.0	0.0	0.0	0.0189873	0.0133333	0.0172414	0.0529101	0.1088435	0.1618497	0.2651163	0.1686747	0.1071429	0.1254753	0.1010101	0.0531915	0.0310559	0.0106952	0.0230769	0.0	0.0076336	0.009901	0.0338983	0.0246479	0.0585938	0.1016393	0.0960452	0.1666667	0.2371134	0.2850877	0.2681564	0.2993421	0.1736527	0.1804303	0.1808055	0.0992736	0.0231214	0.037037	0.0119048	0.0	0.0	0.0	0.0	0.0	
Traquet isabelle	0.0	0.0	0.0	0.0	0.0	0.0	0.0	0.0	0.0	0.0	0.0	0.0	0.0	0.0	0.0	0.0	0.0	0.0	0.0	0.0	0.0	0.0	0.0	0.0	0.0	0.0	0.0	0.0	0.0	0.0	0.0	0.0	0.0	0.0	0.0	0.0	0.0	0.0	0.0042845	0.0048426	0.0	0.0	0.0	0.0	0.0	0.0	0.0015	0.0059172	
Traquet du désert	0.0	0.0	0.0	0.0	0.0	0.0	0.0	0.0	0.0	0.0	0.0	0.0	0.0	0.0	0.0	0.0	0.0	0.0	0.0	0.0	0.0	0.0	0.0	0.0	0.0	0.0	0.0	0.0	0.0	0.0	0.0	0.0	0.0	0.0	0.0	0.0	0.0	0.0	0.0	0.0	0.0	0.0015	0.0	0.0	0.0015	0.0769231	0.0015	0.0	
Traquet oreillard	0.0	0.0	0.0	0.0	0.0	0.0	0.0	0.0	0.0	0.0	0.0	0.0	0.0	0.0	0.0	0.0	0.0	0.0038023	0.0	0.0	0.0	0.0	0.0	0.0	0.0	0.0	0.0	0.0	0.0	0.0	0.0	0.0	0.0	0.0	0.0	0.0	0.0	0.0	0.0	0.0015	0.0	0.0	0.0	0.0	0.0	0.0	0.0	0.0	
Traquet pie	0.0	0.0	0.0	0.0	0.0	0.0	0.0	0.0	0.0	0.0	0.0	0.0	0.0	0.0	0.0	0.0	0.0	0.0	0.0	0.0	0.0	0.0	0.0	0.0	0.0	0.0	0.0	0.0	0.0	0.0	0.0	0.0	0.0	0.0	0.0	0.0	0.0	0.0	0.0017138	0.0015	0.0	0.0	0.0	0.0	0.0	0.0	0.0	0.0	
Jaseur boréal	0.0	0.0	0.0	0.0	0.0	0.0	0.0	0.0	0.0	0.0	0.0	0.0	0.0	0.0	0.0	0.0	0.0	0.0	0.0	0.0	0.0	0.0	0.0	0.0	0.0	0.0	0.0	0.0	0.0	0.0	0.0	0.0	0.0	0.0	0.0	0.0	0.0	0.0	0.0	0.0	0.0	0.0	0.0357143	0.043956	0.0	0.0	0.0	0.0	
Diamant mandarin	0.0	0.0	0.0	0.0	0.0	0.0	0.0	0.0	0.0	0.0	0.0	0.0	0.0	0.0	0.0	0.0	0.0	0.0	0.0	0.0	0.0	0.0	0.0	0.0	0.0	0.0	0.0	0.0	0.0	0.0	0.0	0.0	0.0	0.0	0.0	0.0	0.0	0.0015	0.0	0.0	0.0	0.0	0.0	0.0	0.0	0.0	0.0	0.0	
Accenteur alpin	0.0	0.0	0.0	0.0	0.0	0.0	0.0	0.0	0.0	0.0	0.0	0.0015	0.0	0.0	0.0	0.0	0.0	0.0	0.0	0.0	0.0	0.0	0.0	0.0	0.0	0.0	0.0	0.0	0.0	0.0	0.0	0.0	0.0	0.0	0.0	0.0	0.0	0.0	0.0	0.0	0.0	0.0	0.0	0.0	0.0	0.0	0.0	0.0	
Accenteur mouchet	0.2972028	0.3191489	0.3035714	0.3173653	0.393617	0.4885496	0.38	0.4966443	0.4556962	0.3866667	0.4913793	0.3809524	0.462585	0.4277457	0.372093	0.3975904	0.3071429	0.3269962	0.3131313	0.356383	0.2981366	0.2727273	0.3	0.2234637	0.2366412	0.1386139	0.1254237	0.0950704	0.1445313	0.1081967	0.0903955	0.1408046	0.242268	0.1666667	0.2122905	0.3486842	0.4116766	0.3865371	0.428449	0.4104116	0.3410405	0.2962963	0.3214286	0.2747253	0.3043478	0.3692308	0.2962963	0.2366864	
Moineau domestique	0.1573427	0.1808511	0.1547619	0.2155689	0.2234043	0.2748092	0.1533333	0.2080537	0.278481	0.2	0.1896552	0.2010582	0.2585034	0.3236994	0.3023256	0.3333333	0.2714286	0.2471483	0.2929293	0.3351064	0.3291925	0.2834225	0.2846154	0.2681564	0.3664122	0.3118812	0.2745763	0.2676056	0.2617188	0.2032787	0.0875706	0.1752874	0.1597938	0.1315789	0.1452514	0.2828947	0.2634731	0.2512144	0.2527849	0.251816	0.2196532	0.1851852	0.2142857	0.1978022	0.1594203	0.2615385	0.2839506	0.1420118	
Moineau friquet	0.0	0.0	0.0	0.0	0.0	0.0	0.0	0.0	0.0	0.0	0.0	0.0	0.0	0.0	0.0	0.0	0.0	0.0	0.0050505	0.0	0.0	0.0	0.0	0.0	0.0	0.0	0.0	0.0	0.0	0.0	0.0	0.0	0.0	0.0	0.0	0.0	0.0	0.0	0.0	0.0	0.0	0.0	0.0	0.0	0.0	0.0	0.0	0.0	
Moineau doré	0.0	0.0	0.0	0.0	0.0	0.0	0.0	0.0	0.0	0.0	0.0	0.0	0.0	0.0	0.0	0.0	0.0	0.0	0.0	0.0	0.0	0.0	0.0	0.0	0.0	0.0	0.0	0.0	0.0	0.0	0.0	0.0	0.0051546	0.0131579	0.0	0.0394737	0.0194611	0.0048577	0.0	0.0	0.0	0.0	0.0	0.0	0.0	0.0	0.0	0.0	
Bergeronnette des ruisseaux	0.041958	0.0638298	0.077381	0.0479042	0.0319149	0.0458015	0.08	0.114094	0.0949367	0.0133333	0.0431034	0.015873	0.0340136	0.0231214	0.027907	0.0200803	0.0428571	0.0076046	0.0252525	0.037234	0.0496894	0.0534759	0.0384615	0.0614525	0.0458015	0.029703	0.0169492	0.0176056	0.0195313	0.0098361	0.0112994	0.0172414	0.0927835	0.0657895	0.0949721	0.2302632	0.2035928	0.185982	0.2262211	0.1380145	0.132948	0.1111111	0.0714286	0.1538462	0.0724638	0.0307692	0.037037	0.0769231	
Bergeronnette printanière	0.0	0.0	0.0	0.0	0.0	0.0	0.0	0.0	0.0	0.0	0.0015	0.005291	0.0136054	0.0346821	0.027907	0.0281124	0.0142857	0.0152091	0.0050505	0.0015	0.0062112	0.0053476	0.0	0.0055866	0.0015	0.0	0.0	0.0	0.0195313	0.0032787	0.0310734	0.0747126	0.1494845	0.127193	0.0837989	0.1611842	0.0718563	0.0409438	0.02485	0.0205811	0.0115607	0.0	0.0	0.0015	0.0	0.0	0.0	0.0	
Bergeronnette orientale	0.0	0.0	0.0	0.0	0.0	0.0	0.0	0.0	0.0	0.0	0.0	0.0	0.0	0.0	0.0	0.0	0.0	0.0	0.0	0.0	0.0	0.0	0.0	0.0	0.0	0.0	0.0	0.0	0.0	0.0	0.0	0.0	0.0	0.0	0.0	0.0065789	0.0	0.0020819	0.0034276	0.0048426	0.0	0.0	0.0	0.0	0.0	0.0	0.0	0.0	
Bergeronnette printanière ou B. orientale	0.0	0.0	0.0	0.0	0.0	0.0	0.0	0.0	0.0	0.0	0.0	0.0	0.0	0.0	0.0	0.0	0.0	0.0	0.0	0.0	0.0	0.0	0.0	0.0	0.0	0.0	0.0	0.0	0.0	0.0	0.0	0.0	0.0	0.0	0.0	0.0032895	0.0	0.0	0.0	0.0	0.0	0.0	0.0	0.0	0.0	0.0	0.0	0.0	
Bergeronnette citrine	0.0	0.0	0.0	0.0	0.0	0.0	0.0	0.0	0.0	0.0	0.0	0.0	0.0	0.0	0.0	0.0	0.0	0.0	0.0	0.0	0.0	0.0	0.0	0.0	0.0	0.0	0.0	0.0	0.0	0.0	0.0	0.0	0.0	0.004386	0.0	0.0	0.0015	0.0	0.0	0.0	0.0	0.0	0.0	0.0	0.0	0.0	0.0	0.0	
Bergeronnette grise	0.3041958	0.2446809	0.2202381	0.1856287	0.1914894	0.3206107	0.28	0.2483221	0.2911392	0.1466667	0.1896552	0.1640212	0.1564626	0.1560694	0.1581395	0.1084337	0.1071429	0.0912548	0.1565657	0.1329787	0.1552795	0.1122995	0.0923077	0.1117318	0.1755725	0.1881188	0.1898305	0.1514085	0.15625	0.1737705	0.0960452	0.1637931	0.2835052	0.3377193	0.2513966	0.3388158	0.2829341	0.2893824	0.3153385	0.3244552	0.3236994	0.287037	0.3095238	0.3186813	0.2463768	0.3076923	0.1975309	0.2840237	
bergeronette sp.	0.0	0.0	0.0	0.0015	0.0106383	0.0	0.0	0.0	0.0	0.0	0.0	0.0	0.0	0.0057803	0.0	0.0	0.0	0.0038023	0.0	0.0	0.0	0.0	0.0	0.0	0.0	0.0	0.0015	0.0	0.0	0.0	0.0	0.0	0.0	0.0	0.0	0.0	0.0	0.0	0.0	0.0	0.0	0.0	0.0	0.0	0.0	0.0	0.0123457	0.0029586	
Pipit de Richard	0.0	0.0	0.0	0.0	0.0	0.0	0.0	0.0	0.0	0.0	0.0	0.0	0.0	0.0	0.0	0.0015	0.0	0.0015	0.0	0.0	0.0	0.0	0.0	0.0	0.0	0.0	0.0	0.0	0.0	0.0	0.0	0.0	0.0	0.0015	0.0015	0.0131579	0.001497	0.0111034	0.0094259	0.0121065	0.0057803	0.0015	0.0	0.0015	0.0015	0.0	0.0	0.0	
Pipit de Godlewski	0.0	0.0	0.0	0.0	0.0	0.0	0.0	0.0	0.0	0.0	0.0	0.0	0.0	0.0	0.0	0.0	0.0	0.0	0.0	0.0	0.0	0.0	0.0	0.0	0.0	0.0	0.0	0.0	0.0	0.0	0.0	0.0	0.0	0.0	0.0	0.0	0.0	0.0013879	0.0059983	0.0096852	0.0015	0.0	0.0	0.0	0.0	0.0	0.0	0.0	
Pipit rousseline	0.0	0.0	0.0	0.0	0.0	0.0	0.0	0.0	0.0	0.0	0.0	0.0	0.0	0.0015	0.0015	0.0015	0.0015	0.0	0.0	0.0	0.0	0.0	0.0	0.0	0.0	0.0	0.0	0.0	0.0	0.0	0.0028249	0.0086207	0.0154639	0.004386	0.0015	0.0164474	0.001497	0.0	0.0	0.0024213	0.0	0.0	0.0	0.0	0.0	0.0	0.0	0.0	
Pipit farlouse	0.3216783	0.2765957	0.3035714	0.2694611	0.287234	0.3969466	0.3333333	0.3087248	0.278481	0.2533333	0.1637931	0.1746032	0.2108844	0.2890173	0.255814	0.2248996	0.0928571	0.2661597	0.3030303	0.2446809	0.2049689	0.1764706	0.2230769	0.1061453	0.1221374	0.1534653	0.1830508	0.1373239	0.171875	0.1803279	0.0847458	0.1350575	0.1958763	0.254386	0.2793296	0.4572368	0.5464072	0.5669674	0.5724079	0.5108959	0.416185	0.4259259	0.3571429	0.3846154	0.3913043	0.4923077	0.3209877	0.3313609	
Pipit des arbres	0.0	0.0	0.0	0.0	0.0	0.0	0.0	0.0	0.0	0.0	0.0015	0.015873	0.0136054	0.0520231	0.0232558	0.0240964	0.0142857	0.0114068	0.0252525	0.0159574	0.0310559	0.0053476	0.0307692	0.0055866	0.0152672	0.009901	0.0	0.0070423	0.0117188	0.052459	0.0536723	0.066092	0.0927835	0.0614035	0.0391061	0.0493421	0.0254491	0.0138793	0.0162811	0.003632	0.0015	0.0015	0.0	0.0015	0.0	0.0	0.0	0.0	
Pipit à dos olive	0.0	0.0	0.0	0.0	0.0	0.0	0.0	0.0	0.0	0.0	0.0	0.0	0.0	0.0	0.0	0.0	0.0	0.0	0.0	0.0	0.0	0.0	0.0	0.0	0.0	0.0	0.0	0.0	0.0	0.0	0.0	0.0	0.0	0.0	0.0	0.0	0.0149701	0.0090215	0.0137104	0.0084746	0.0115607	0.0015	0.0119048	0.0	0.0015	0.0	0.0	0.0	
Pipit des arbres ou P. à dos olive	0.0	0.0	0.0	0.0	0.0	0.0	0.0	0.0	0.0	0.0	0.0	0.0	0.0	0.0	0.0	0.0	0.0	0.0	0.0	0.0	0.0	0.0	0.0	0.0	0.0	0.0	0.0	0.0	0.0	0.0	0.0	0.0	0.0	0.0	0.0	0.0	0.0	0.0	0.0017138	0.0012107	0.0015	0.0	0.0	0.0	0.0	0.0	0.0	0.0	
Pipit de la Petchora	0.0	0.0	0.0	0.0	0.0	0.0	0.0	0.0	0.0	0.0	0.0	0.0	0.0	0.0	0.0	0.0	0.0	0.0	0.0	0.0	0.0	0.0	0.0	0.0	0.0	0.0	0.0	0.0	0.0	0.0	0.0	0.0	0.0	0.0	0.0	0.0	0.004491	0.0	0.0	0.0	0.0	0.0	0.0	0.0	0.0	0.0	0.0	0.0	
Pipit à gorge rousse	0.0	0.0	0.0	0.0	0.0	0.0	0.0	0.0	0.0	0.0	0.0	0.0	0.0	0.0	0.0015	0.0	0.0	0.0	0.0	0.0	0.0	0.0	0.0	0.0	0.0	0.0	0.0	0.0	0.0	0.0	0.0	0.0	0.0	0.0	0.0	0.0032895	0.0134731	0.0069396	0.0094259	0.0015	0.0057803	0.0015	0.0	0.0	0.0	0.0	0.0	0.0	
Pipit spioncelle	0.0384615	0.0531915	0.0178571	0.0419162	0.0106383	0.0534351	0.0866667	0.0134228	0.0506329	0.0	0.0015	0.010582	0.0	0.0	0.0	0.0015	0.0	0.0	0.0	0.0	0.0	0.0	0.0	0.0	0.0	0.0	0.0	0.0	0.0	0.0	0.0	0.0	0.0	0.0	0.0	0.0	0.001497	0.0069396	0.0539846	0.035109	0.0693642	0.0648148	0.0119048	0.010989	0.0289855	0.0461538	0.0246914	0.0207101	
Pipit maritime	0.1538462	0.0851064	0.077381	0.1377246	0.0957447	0.129771	0.1466667	0.1073826	0.1012658	0.08	0.0517241	0.1428571	0.1156463	0.1445087	0.2046512	0.1606426	0.1714286	0.1368821	0.1565657	0.1489362	0.1428571	0.0962567	0.1076923	0.1061453	0.1145038	0.1485149	0.1389831	0.1021127	0.1289063	0.1409836	0.0932203	0.1465517	0.185567	0.1929825	0.2290503	0.3026316	0.2844311	0.2532963	0.277635	0.2723971	0.1618497	0.1944444	0.1190476	0.1758242	0.115942	0.1230769	0.1234568	0.1242604	
Pipit farlousane	0.0	0.0	0.0	0.0	0.0	0.0	0.0	0.0	0.0	0.0	0.0	0.0	0.0	0.0	0.0	0.0	0.0	0.0	0.0	0.0	0.0	0.0	0.0	0.0	0.0	0.0	0.0	0.0	0.0	0.0	0.0	0.0	0.0	0.0	0.0	0.0131579	0.0239521	0.0152672	0.0068552	0.0	0.0057803	0.0	0.0	0.0	0.0	0.0	0.0	0.0	
Anthus sp.	0.0	0.0106383	0.0	0.0015	0.0	0.0	0.0	0.0	0.0	0.0	0.0	0.0	0.0	0.0	0.0	0.0	0.0	0.0	0.0	0.0	0.0062112	0.0	0.0	0.0	0.0	0.0	0.0033898	0.0035211	0.0	0.0	0.0	0.0057471	0.0	0.0	0.0	0.0032895	0.001497	0.0041638	0.0	0.0024213	0.0	0.0	0.0	0.0	0.0	0.0	0.0123457	0.0029586	
Pinson des arbres	0.4125874	0.4042553	0.4642857	0.3532934	0.3617021	0.5648855	0.4266667	0.557047	0.4810127	0.4133333	0.5862069	0.4761905	0.4285714	0.300578	0.3906977	0.3453815	0.4357143	0.2015209	0.3888889	0.4202128	0.447205	0.4491979	0.4076923	0.4022346	0.4427481	0.3712871	0.2677966	0.2464789	0.1445313	0.1147541	0.0819209	0.1178161	0.1185567	0.122807	0.0670391	0.125	0.2260479	0.3004858	0.470437	0.440678	0.3988439	0.3981481	0.4166667	0.3516484	0.4492754	0.5846154	0.4074074	0.3284024	
Pinson du Nord	0.0034965	0.0106383	0.0059524	0.011976	0.0015	0.0152672	0.0	0.0	0.0	0.0	0.0	0.005291	0.0068027	0.0057803	0.0	0.0	0.0	0.0	0.0	0.0	0.0	0.0	0.0	0.0	0.0	0.0	0.0	0.0	0.0	0.0	0.0	0.0	0.0	0.0	0.0	0.0	0.010479	0.0360861	0.1353899	0.1041162	0.1040462	0.0648148	0.0833333	0.0549451	0.0289855	0.0769231	0.037037	0.0118343	
Pinson des arbres ou P. du Nord	0.0	0.0	0.0	0.0	0.0	0.0	0.0	0.0	0.0	0.0	0.0	0.0	0.0	0.0	0.0	0.0	0.0	0.0	0.0	0.0	0.0	0.0	0.0	0.0	0.0	0.0	0.0	0.0	0.0	0.0	0.0	0.0	0.0	0.0	0.0	0.0	0.0	0.0	0.0	0.0	0.0057803	0.0	0.0	0.0	0.0	0.0	0.0	0.0	
Grosbec casse-noyaux	0.0104895	0.0106383	0.0059524	0.0015	0.0106383	0.0	0.0	0.0067114	0.0	0.0133333	0.0086207	0.0	0.0	0.0	0.0046512	0.0080321	0.0	0.0038023	0.0050505	0.0053191	0.0	0.0	0.0	0.0	0.0	0.0	0.0033898	0.0	0.0	0.0032787	0.0	0.0	0.0	0.0	0.0	0.0032895	0.005988	0.0062457	0.0188518	0.0266344	0.0115607	0.0092593	0.0119048	0.010989	0.0144928	0.0307692	0.0123457	0.0029586	
Roselin cramoisi	0.0	0.0	0.0	0.0	0.0	0.0	0.0	0.0	0.0	0.0	0.0	0.0	0.0	0.0	0.0	0.0	0.0	0.0	0.0	0.0	0.0	0.0	0.0	0.0	0.0	0.0	0.0	0.0	0.0	0.0	0.0	0.0	0.0	0.0	0.0	0.0394737	0.007485	0.0097155	0.0119966	0.003632	0.0	0.0	0.0	0.0	0.0	0.0	0.0	0.0	
Bouvreuil pivoine	0.034965	0.0744681	0.0654762	0.0179641	0.0106383	0.0152672	0.0133333	0.033557	0.0316456	0.0133333	0.0344828	0.026455	0.0544218	0.0520231	0.0372093	0.0321285	0.0285714	0.0342205	0.0353535	0.0585106	0.0496894	0.0160428	0.0384615	0.0558659	0.0305344	0.009901	0.0237288	0.0422535	0.046875	0.0360656	0.0141243	0.0287356	0.0463918	0.0263158	0.0223464	0.0921053	0.1032934	0.1450382	0.125964	0.1101695	0.1040462	0.0277778	0.0015	0.0769231	0.0434783	0.0461538	0.0617284	0.0414201	
Verdier d'Europe	0.1083916	0.0851064	0.0833333	0.0658683	0.0851064	0.1603053	0.1133333	0.114094	0.1708861	0.0933333	0.2413793	0.0952381	0.2040816	0.1849711	0.172093	0.1807229	0.0785714	0.1140684	0.1262626	0.1542553	0.0931677	0.1069519	0.0846154	0.1005587	0.129771	0.1435644	0.1525424	0.1478873	0.125	0.1016393	0.0338983	0.0488506	0.0360825	0.0350877	0.027933	0.0921053	0.1107784	0.1256072	0.1585261	0.1162228	0.0867052	0.1481481	0.047619	0.1318681	0.1304348	0.1230769	0.1358025	0.0710059	
Linotte mélodieuse	0.0559441	0.0319149	0.0595238	0.0239521	0.0319149	0.0152672	0.0266667	0.0536913	0.056962	0.0266667	0.0948276	0.2592593	0.3945578	0.5491329	0.4837209	0.4056225	0.3571429	0.4068441	0.4040404	0.3670213	0.378882	0.3368984	0.4538462	0.3184358	0.3969466	0.3514851	0.3898305	0.3204225	0.3632813	0.3114754	0.1779661	0.1810345	0.2628866	0.2587719	0.2625698	0.3421053	0.238024	0.1839001	0.1773779	0.1610169	0.0982659	0.1018519	0.0357143	0.043956	0.1594203	0.0769231	0.0493827	0.0207101	
Sizerin flammé	0.0	0.0	0.0	0.0	0.0	0.0	0.0	0.0	0.0	0.0	0.0	0.0	0.0015	0.0	0.0	0.0	0.0	0.0	0.0	0.0	0.0	0.0	0.0	0.0	0.0	0.0	0.0	0.0	0.0	0.0	0.0	0.0	0.0	0.0	0.0055866	0.0	0.001497	0.0104094	0.0102828	0.0217918	0.0231214	0.0092593	0.0	0.010989	0.0144928	0.0015	0.0	0.0	
Bec-croisé des sapins	0.0034965	0.0	0.0	0.0	0.0	0.0	0.0	0.0	0.0	0.0	0.0	0.005291	0.0	0.0	0.0	0.0	0.0	0.0	0.0	0.0	0.0	0.0	0.0	0.0	0.0	0.0015	0.0	0.0	0.0234375	0.0098361	0.0028249	0.0028736	0.0154639	0.0	0.0015	0.0164474	0.0134731	0.0145732	0.008569	0.003632	0.0057803	0.0015	0.0	0.0	0.0	0.0	0.0	0.0	
Chardonneret élégant	0.1048951	0.1595745	0.0892857	0.0778443	0.0744681	0.1068702	0.04	0.1275168	0.1329114	0.1333333	0.1896552	0.1587302	0.2789116	0.265896	0.2232558	0.2570281	0.1357143	0.2091255	0.1868687	0.1968085	0.2049689	0.1764706	0.2230769	0.1955307	0.1832061	0.2277228	0.159322	0.2394366	0.2382813	0.1639344	0.1214689	0.1235632	0.1030928	0.1008772	0.0949721	0.1973684	0.2245509	0.2248439	0.2416452	0.1791768	0.1907514	0.1388889	0.0952381	0.2087912	0.1449275	0.2307692	0.1234568	0.1183432	
Serin cini	0.013986	0.0106383	0.0059524	0.0179641	0.0015	0.0076336	0.02	0.0671141	0.0759494	0.0266667	0.0775862	0.1111111	0.1428571	0.0809249	0.1116279	0.0682731	0.0428571	0.0304183	0.0555556	0.0851064	0.0248447	0.0427807	0.1076923	0.0893855	0.0381679	0.049505	0.0610169	0.0422535	0.0429688	0.0032787	0.0056497	0.0114943	0.0257732	0.0219298	0.0223464	0.0197368	0.0344311	0.0430257	0.0625536	0.0556901	0.0578035	0.0185185	0.0238095	0.010989	0.057971	0.0461538	0.0123457	0.0177515	
Tarin des aulnes	0.0384615	0.0319149	0.047619	0.0299401	0.0106383	0.0381679	0.0066667	0.0201342	0.0126582	0.0266667	0.0086207	0.015873	0.0	0.0	0.0	0.0	0.0	0.0038023	0.0	0.0015	0.0	0.0	0.0076923	0.0055866	0.0015	0.0	0.0033898	0.0	0.0	0.0	0.0	0.0	0.0	0.004386	0.0	0.0559211	0.0973054	0.2158223	0.3247644	0.2324455	0.1618497	0.1666667	0.0952381	0.1208791	0.1014493	0.1230769	0.0246914	0.0147929	
fringillidé sp.	0.0	0.0	0.0	0.0	0.0	0.0	0.0	0.0	0.0	0.0	0.0	0.0	0.0068027	0.0	0.0	0.0	0.0	0.0	0.0	0.0	0.0	0.0	0.0	0.0	0.0	0.0	0.0	0.0	0.0	0.0	0.0	0.0	0.0	0.0	0.0	0.0	0.0	0.0	8.569E-4	0.0	0.0	0.0	0.0	0.0	0.0	0.0	0.0	0.0	
Bruant lapon	0.0034965	0.0	0.0	0.0	0.0	0.0076336	0.0	0.0	0.0	0.0	0.0	0.0	0.0	0.0	0.0	0.0	0.0	0.0	0.0	0.0	0.0	0.0	0.0	0.0	0.0	0.0	0.0	0.0	0.0	0.0	0.0	0.0	0.0	0.0	0.0391061	0.0032895	0.0149701	0.0249827	0.0428449	0.0230024	0.0057803	0.0015	0.0	0.0015	0.0	0.0	0.0	0.0029586	
Bruant des neiges	0.0	0.0106383	0.0	0.0015	0.0212766	0.0	0.0	0.0	0.0063291	0.0	0.0015	0.0	0.0	0.0	0.0	0.0	0.0	0.0	0.0	0.0	0.0	0.0	0.0	0.0	0.0	0.0	0.0	0.0	0.0	0.0	0.0	0.0	0.0	0.0	0.0	0.0098684	0.002994	0.018737	0.0479863	0.062954	0.017341	0.0185185	0.0015	0.0015	0.0144928	0.0	0.0	0.0059172	
Bruant proyer	0.0034965	0.0	0.0	0.0	0.0	0.0	0.0	0.0067114	0.0253165	0.04	0.0172414	0.021164	0.0408163	0.0115607	0.0046512	0.0080321	0.0357143	0.0228137	0.020202	0.0053191	0.0186335	0.0106952	0.0461538	0.0055866	0.0152672	0.0049505	0.0033898	0.0035211	0.0039063	0.0032787	0.0028249	0.0057471	0.0051546	0.004386	0.0	0.0	0.0	0.0041638	0.0	0.0012107	0.0115607	0.0185185	0.0238095	0.0	0.0	0.0	0.0	0.0	
Bruant zizi	0.0629371	0.0106383	0.0595238	0.0359281	0.0638298	0.0534351	0.0733333	0.1006711	0.0443038	0.0533333	0.0603448	0.047619	0.0884354	0.0751445	0.0976744	0.0562249	0.0642857	0.0494297	0.0656566	0.0691489	0.0621118	0.0855615	0.0769231	0.0782123	0.0916031	0.0792079	0.1152542	0.0739437	0.109375	0.0885246	0.0367232	0.0488506	0.0463918	0.0219298	0.0223464	0.0328947	0.0239521	0.0215128	0.0291345	0.059322	0.1560694	0.1574074	0.1190476	0.032967	0.1014493	0.1384615	0.0493827	0.0502959	
Bruant jaune	0.006993	0.0319149	0.0357143	0.011976	0.0212766	0.0381679	0.0066667	0.0134228	0.0189873	0.0533333	0.0172414	0.042328	0.0544218	0.0404624	0.027907	0.0240964	0.0214286	0.026616	0.0707071	0.0744681	0.0807453	0.0695187	0.0153846	0.0614525	0.0305344	0.049505	0.0338983	0.0598592	0.0546875	0.0196721	0.0084746	0.0201149	0.0257732	0.0131579	0.0	0.0394737	0.0269461	0.019431	0.0197087	0.0302663	0.0635838	0.0092593	0.0595238	0.021978	0.0434783	0.0307692	0.0123457	0.0029586	
Bruant à calotte blanche	0.0	0.0	0.0	0.0	0.0	0.0	0.0	0.0	0.0	0.0	0.0	0.0	0.0	0.0	0.0	0.0	0.0	0.0	0.0	0.0	0.0	0.0	0.0	0.0	0.0	0.0	0.0	0.0	0.0	0.0	0.0	0.0	0.0	0.0	0.0	0.0	0.0	0.0	0.0	0.0	0.0057803	0.0	0.0	0.0	0.0	0.0	0.0	0.0	
Bruant ortolan	0.0	0.0	0.0	0.0	0.0	0.0	0.0	0.0	0.0	0.0	0.0	0.0	0.0	0.0	0.0	0.0	0.0071429	0.0	0.0	0.0	0.0	0.0	0.0	0.0	0.0	0.0	0.0	0.0	0.0	0.0032787	0.0056497	0.0258621	0.056701	0.0087719	0.0055866	0.0	0.0	0.0	0.0	0.0	0.0	0.0	0.0	0.0	0.0	0.0	0.0	0.0	
Bruant des roseaux	0.0454545	0.1170213	0.0535714	0.0479042	0.0319149	0.0534351	0.0733333	0.0805369	0.0506329	0.04	0.0689655	0.0015	0.0272109	0.0115607	0.0511628	0.0321285	0.0285714	0.0190114	0.030303	0.0531915	0.0372671	0.0106952	0.0461538	0.0335196	0.0381679	0.0346535	0.0135593	0.0140845	0.0234375	0.042623	0.0169492	0.0201149	0.0154639	0.0482456	0.0223464	0.0197368	0.0389222	0.0527412	0.1311054	0.1392252	0.1445087	0.0925926	0.0595238	0.043956	0.0724638	0.0615385	0.0617284	0.0414201	
Bruant nain	0.0	0.0	0.0	0.0	0.0	0.0	0.0	0.0	0.0	0.0	0.0	0.0	0.0	0.0	0.0	0.0040161	0.0	0.0	0.0	0.0	0.0	0.0	0.0	0.0	0.0	0.0	0.0	0.0	0.0	0.0	0.0	0.0	0.0	0.0	0.0055866	0.0328947	0.0149701	0.0277585	0.0282776	0.0217918	0.0115607	0.0015	0.0	0.010989	0.0	0.0	0.0	0.0	
Bruant rustique	0.0	0.0	0.0	0.0	0.0	0.0	0.0	0.0	0.0	0.0	0.0	0.0	0.0	0.0	0.0	0.0	0.0	0.0	0.0	0.0	0.0	0.0	0.0	0.0	0.0	0.0	0.0	0.0	0.0	0.0	0.0	0.0	0.0	0.0	0.0	0.0	0.002994	0.0013879	0.0015	0.0048426	0.0	0.0	0.0	0.0	0.0	0.0	0.0	0.0	
Bruant masqué	0.0	0.0	0.0	0.0	0.0	0.0	0.0	0.0	0.0	0.0	0.0	0.0	0.0	0.0	0.0	0.0	0.0	0.0	0.0	0.0	0.0	0.0	0.0	0.0	0.0	0.0	0.0	0.0	0.0	0.0	0.0	0.0	0.0	0.0	0.0	0.0	0.0	0.0	0.008569	0.0157385	0.0	0.0	0.0	0.0	0.0	0.0	0.0	0.0	
Emberiza sp.	0.0	0.0	0.0	0.0	0.0	0.0	0.0	0.0	0.0	0.0	0.0	0.0	0.0	0.0	0.0	0.0040161	0.0	0.0	0.0	0.0	0.0	0.0	0.0	0.0	0.0	0.0	0.0	0.0	0.0	0.0	0.0	0.0	0.0	0.0	0.0	0.0	0.0	6.94E-4	0.0034276	0.0	0.0	0.0	0.0	0.0	0.0	0.0	0.0	0.0	
Bruant à gorge blanche	0.0	0.0	0.0	0.0	0.0	0.0	0.0	0.0	0.0	0.0	0.0	0.0	0.0	0.0	0.0	0.0	0.0	0.0	0.0	0.0	0.0	0.0	0.0	0.0	0.0	0.0	0.0	0.0	0.0	0.0	0.0	0.0	0.0	0.0	0.0	0.0	0.0	0.0	0.0077121	0.0024213	0.0	0.0	0.0	0.0	0.0	0.0	0.0	0.0	
Oriole de Baltimore	0.0	0.0	0.0	0.0	0.0	0.0	0.0	0.0	0.0	0.0	0.0	0.0	0.0	0.0	0.0	0.0	0.0	0.0	0.0	0.0	0.0	0.0	0.0	0.0	0.0	0.0	0.0	0.0	0.0	0.0	0.0	0.0	0.0	0.0	0.0	0.0	0.0	0.0034698	0.0	0.0	0.0	0.0	0.0	0.0	0.0	0.0	0.0	0.0	
Paruline couronnée	0.0	0.0	0.0	0.0	0.0	0.0	0.0	0.0	0.0	0.0	0.0	0.0	0.0	0.0	0.0	0.0	0.0	0.0	0.0	0.0	0.0	0.0	0.0	0.0	0.0	0.0	0.0	0.0	0.0	0.0	0.0	0.0	0.0	0.0	0.0	0.0015	0.001497	0.0	0.0	0.0	0.0	0.0	0.0	0.0	0.0	0.0	0.0	0.0	
Paruline noir et blanc	0.0	0.0	0.0	0.0	0.0	0.0	0.0	0.0	0.0	0.0	0.0	0.0	0.0	0.0	0.0	0.0	0.0	0.0	0.0	0.0	0.0	0.0	0.0	0.0	0.0	0.0	0.0	0.0	0.0	0.0	0.0	0.0	0.0	0.0	0.0	0.0	0.0	0.0	0.0034276	0.0	0.0	0.0	0.0	0.0	0.0	0.0	0.0	0.0	
Paruline obscure	0.0	0.0	0.0	0.0	0.0	0.0	0.0	0.0	0.0	0.0	0.0	0.0	0.0	0.0	0.0	0.0	0.0	0.0	0.0	0.0	0.0	0.0	0.0	0.0	0.0	0.0	0.0	0.0	0.0	0.0	0.0	0.0015	0.0	0.0	0.0	0.0	0.0	0.0	0.0	0.0	0.0	0.0	0.0	0.0	0.0	0.0	0.0	0.0	
Paruline jaune	0.0	0.0	0.0	0.0	0.0	0.0	0.0	0.0	0.0	0.0	0.0	0.0	0.0	0.0	0.0	0.0	0.0	0.0	0.0	0.0	0.0	0.0	0.0	0.0	0.0	0.0	0.0	0.0	0.0	0.0	0.0	0.0	0.0	0.0	0.0	0.0032895	0.004491	0.0076336	0.0	0.0	0.0	0.0	0.0	0.0	0.0	0.0	0.0	0.0	
Paruline rayée	0.0	0.0	0.0	0.0	0.0	0.0	0.0	0.0	0.0	0.0	0.0	0.0	0.0	0.0	0.0	0.0	0.0	0.0	0.0	0.0	0.0	0.0	0.0	0.0	0.0	0.0	0.0	0.0	0.0	0.0	0.0	0.0	0.0	0.0	0.0	0.0	0.001497	0.0	0.0	0.0	0.0	0.0	0.0	0.0	0.0	0.0	0.0	0.0	
passereau sp.	0.0	0.0	0.0	0.0	0.0	0.0	0.0	0.0	0.0	0.0	0.0	0.0	0.0068027	0.0	0.0046512	0.0	0.0	0.0	0.0050505	0.0	0.0	0.0	0.0015	0.0055866	0.0076336	0.0	0.0169492	0.0070423	0.0	0.0032787	0.0084746	0.0	0.0	0.004386	0.0111732	0.0032895	0.004491	6.94E-4	0.0051414	0.0060533	0.0115607	0.0	0.0	0.0	0.0	0.0	0.0864198	0.0147929	

