









Frequency of observations in the selected location(s).:
Number of taxa: 	308

	Jan				Feb				Mar				Apr				May				Jun				Jul				Aug				Sep				Oct				Nov				Dec				
Sample Size:	221.0	155.0	211.0	277.0	171.0	227.0	267.0	218.0	220.0	256.0	521.0	483.0	402.0	385.0	522.0	511.0	358.0	466.0	365.0	394.0	255.0	301.0	274.0	345.0	187.0	232.0	205.0	196.0	168.0	142.0	222.0	190.0	195.0	145.0	235.0	255.0	219.0	209.0	216.0	243.0	196.0	225.0	130.0	188.0	152.0	199.0	133.0	269.0	

Dendrocygne veuf	0.0	0.0	0.0	0.0	0.0	0.0	0.0	0.0045872	0.0	0.0	0.0	0.0	0.0	0.0	0.0	0.0	0.0	0.0	0.0	0.0	0.0	0.0	0.0	0.0	0.0	0.0	0.0	0.0	0.0	0.0	0.0	0.0	0.0	0.0	0.0	0.0	0.0015	0.0	0.0	0.0	0.0	0.0	0.0	0.0	0.0	0.0	0.0	0.0	
Dendrocygne fauve	0.0	0.0	0.0	0.0	0.0	0.0	0.0	0.0	0.0	0.0	0.0	0.0	0.0	0.0	0.0	0.0	0.0	0.0	0.0	0.0	0.0	0.0	0.0	0.0	0.0	0.0	0.0	0.0	0.0	0.0	0.0	0.0	0.0	0.0	0.0	0.0	0.0	0.0	0.0	0.0	0.0	0.0	0.0	0.0053191	0.0	0.0	0.0	0.0	
Oie à tête barrée	0.0	0.0064516	0.0	0.0144404	0.0233918	0.0	0.0	0.0	0.0090909	0.0039063	0.0019194	0.0020704	0.0024876	0.0	0.0	0.0019569	0.0	0.0	0.0	0.0025381	0.0	0.0	0.0	0.0057971	0.0	0.0	0.0	0.005102	0.0	0.0	0.0045045	0.0	0.0	0.0	0.0	0.0	0.0045662	0.0047847	0.0	0.0082305	0.0	0.0133333	0.0153846	0.0106383	0.0	0.0	0.0075188	0.0	
Oie cendrée	0.0045249	0.0193548	0.014218	0.0180505	0.0175439	0.0220264	0.0187266	0.0045872	0.0090909	0.015625	0.0057582	0.0144928	0.0099502	0.012987	0.0076628	0.0019569	0.0083799	0.0150215	0.0015	0.0076142	0.0039216	0.0	0.0072993	0.0115942	0.0053476	0.0086207	0.004878	0.005102	0.0059524	0.0140845	0.0	0.0052632	0.0051282	0.0137931	0.0042553	0.027451	0.0136986	0.0287081	0.0185185	0.0452675	0.0459184	0.0488889	0.0538462	0.0319149	0.0328947	0.0100503	0.037594	0.0074349	
Oie cygnoïde	0.0045249	0.0	0.0047393	0.0	0.0	0.0	0.0	0.0	0.0045455	0.0078125	0.0	0.0	0.0	0.0	0.0	0.0	0.0027933	0.0	0.0	0.0015	0.0	0.0	0.0	0.0057971	0.0	0.0	0.0	0.0	0.0	0.0070423	0.0	0.0	0.0	0.0	0.0	0.0039216	0.0	0.0	0.0	0.0015	0.0	0.0	0.0	0.0	0.0	0.0	0.0	0.0111524	
Oie à bec court	0.0	0.0	0.0	0.0	0.0	0.0	0.0	0.0	0.0	0.0	0.0	0.0	0.0	0.0	0.0	0.0	0.0	0.0	0.0	0.0	0.0	0.0	0.0	0.0	0.0	0.0	0.0	0.0	0.0	0.0	0.0	0.0	0.0	0.0	0.0	0.0	0.0	0.0047847	0.0	0.0041152	0.0	0.0	0.0	0.0	0.0	0.0	0.0	0.0	
Anser sp. (forme domestique)	0.0	0.0	0.0	0.0	0.0	0.0	0.0	0.0	0.0	0.0	0.0	0.0	0.0	0.0	0.0	0.0	0.0	0.0	0.0	0.0	0.0	0.0	0.0	0.0	0.0	0.0	0.0	0.0	0.0	0.0	0.0	0.0	0.0	0.0	0.0	0.0	0.0	0.0	0.0	0.0	0.0	0.0	0.0	0.0053191	0.0	0.0	0.0	0.0	
Bernache cravant	0.0	0.0	0.0	0.0	0.0	0.0015	0.0	0.0	0.0	0.0	0.0	0.0	0.0	0.0	0.0	0.0	0.0	0.0	0.0	0.0	0.0	0.0	0.0	0.0	0.0	0.0	0.0	0.0	0.0	0.0	0.0	0.0	0.0	0.0	0.0	0.0	0.0	0.0	0.0	0.0	0.0	0.0	0.0	0.0	0.0	0.0	0.0	0.0	
Bernache nonnette	0.0	0.0	0.0047393	0.0015	0.005848	0.0044053	0.0074906	0.0	0.0045455	0.0015	0.0019194	0.0015	0.0049751	0.0025974	0.0015	0.0	0.0	0.0015	0.0027397	0.0	0.0	0.0	0.0015	0.0057971	0.0	0.0043103	0.0015	0.0	0.0015	0.0	0.0	0.0	0.0051282	0.0	0.0085106	0.0235294	0.0045662	0.0143541	0.0324074	0.037037	0.0153061	0.0177778	0.0153846	0.0053191	0.0065789	0.0050251	0.0075188	0.0037175	
Bernache du Canada	0.1855204	0.2645161	0.2085308	0.2093863	0.2573099	0.2246696	0.247191	0.2018349	0.2727273	0.3125	0.2226488	0.3022774	0.3333333	0.2883117	0.1992337	0.221135	0.2458101	0.1888412	0.169863	0.2055838	0.1294118	0.1362126	0.1605839	0.1449275	0.1871658	0.1422414	0.1512195	0.2091837	0.1785714	0.1338028	0.1306306	0.2052632	0.2153846	0.2551724	0.1787234	0.2156863	0.2100457	0.1866029	0.2083333	0.2386831	0.255102	0.2488889	0.2538462	0.2765957	0.2368421	0.2060302	0.2932331	0.2118959	
Hybride Oie cygnoïde x Bernache du Canada	0.0	0.0	0.0	0.0	0.0	0.0	0.0	0.0	0.0	0.0	0.0	0.0	0.0	0.0	0.0	0.0	0.0	0.0	0.0	0.0	0.0	0.0	0.0	0.0015	0.0	0.0	0.0	0.0	0.0	0.0	0.0	0.0	0.0	0.0068966	0.0	0.0039216	0.0	0.0	0.0	0.0	0.0	0.0	0.0	0.0	0.0	0.0	0.0	0.0	
Hybride Oie cendrée x Bernache du Canada	0.0045249	0.0258065	0.0047393	0.0036101	0.0	0.0	0.0	0.0	0.0045455	0.0	0.0019194	0.0	0.0024876	0.0	0.0	0.0	0.0	0.0	0.0	0.0	0.0	0.0	0.0	0.0	0.0	0.0	0.0	0.0	0.0059524	0.0	0.0	0.0	0.0	0.0068966	0.0	0.0039216	0.0	0.0047847	0.0046296	0.0041152	0.005102	0.0044444	0.0153846	0.0	0.0	0.0050251	0.0075188	0.0037175	
Hybride Bernache nonnette x B. du Canada	0.0	0.0	0.0047393	0.0	0.0	0.0	0.0	0.0	0.0	0.0	0.0	0.0	0.0049751	0.0	0.0	0.0	0.0	0.0	0.0	0.0	0.0	0.0	0.0	0.0	0.0	0.0	0.0	0.0	0.0	0.0	0.0	0.0	0.0	0.0	0.0	0.0	0.0	0.0	0.0	0.0	0.005102	0.0	0.0	0.0	0.0	0.0	0.0	0.0	
Bernache à cou roux	0.0	0.0	0.0	0.0	0.0	0.0	0.0	0.0	0.0	0.0	0.0	0.0	0.0	0.0	0.0	0.0	0.0	0.0	0.0	0.0	0.0	0.0	0.0	0.0	0.0	0.0	0.0	0.0	0.0	0.0	0.0	0.0	0.0	0.0	0.0	0.0	0.0	0.0	0.0	0.0	0.0	0.0	0.0	0.0	0.0	0.0	0.0	0.0	
Cygne tuberculé	0.2171946	0.2903226	0.2037915	0.2093863	0.251462	0.2070485	0.2022472	0.1651376	0.2045455	0.2070313	0.159309	0.2008282	0.2238806	0.2285714	0.1302682	0.1565558	0.1620112	0.1459227	0.1260274	0.1573604	0.1411765	0.1461794	0.1934307	0.1449275	0.2139037	0.1681034	0.1463415	0.1938776	0.1607143	0.1267606	0.1486486	0.2473684	0.2102564	0.262069	0.2680851	0.2588235	0.2374429	0.2344498	0.2175926	0.255144	0.255102	0.2711111	0.1846154	0.3138298	0.2236842	0.241206	0.3308271	0.2973978	
Cygne noir	0.0045249	0.0	0.0	0.0	0.0	0.0	0.0	0.0	0.0045455	0.0039063	0.0	0.0	0.0	0.0	0.0	0.0	0.0	0.0	0.0	0.0	0.0078431	0.0066445	0.0072993	0.0028986	0.0053476	0.0043103	0.0015	0.0102041	0.0119048	0.0	0.0	0.0157895	0.0102564	0.0068966	0.0	0.0	0.0045662	0.0095694	0.0092593	0.0123457	0.0	0.0044444	0.0076923	0.0	0.0131579	0.0050251	0.0	0.0	
Ouette d'Égypte	0.0	0.0	0.0015	0.0	0.0	0.0	0.0	0.0	0.0090909	0.0015	0.0	0.0062112	0.0	0.0	0.0038314	0.0	0.0	0.0	0.0015	0.0050761	0.0	0.0	0.0	0.0	0.0	0.0	0.0015	0.0	0.0	0.0	0.0	0.0	0.0	0.0	0.0042553	0.0039216	0.0	0.0	0.0015	0.0	0.0	0.0	0.0	0.0	0.0	0.0050251	0.0075188	0.0074349	
Tadorne casarca	0.0015	0.0	0.0047393	0.0072202	0.005848	0.0044053	0.0015	0.0045872	0.0	0.0	0.0019194	0.0	0.0	0.0	0.0	0.0	0.0	0.0015	0.0027397	0.0015	0.0015	0.0015	0.0015	0.0028986	0.0015	0.0015	0.0	0.0	0.0015	0.0015	0.0015	0.0015	0.0	0.0015	0.0015	0.0015	0.0015	0.0	0.0046296	0.0015	0.0015	0.0	0.0	0.0	0.0	0.0050251	0.0	0.0015	
Tadorne de Belon	0.0045249	0.0193548	0.0094787	0.0072202	0.0116959	0.0044053	0.0	0.0	0.0090909	0.0015	0.0076775	0.0062112	0.0223881	0.0233766	0.0076628	0.0097847	0.0139665	0.0171674	0.0027397	0.0050761	0.0078431	0.0015	0.0145985	0.0	0.0015	0.0	0.0	0.005102	0.0059524	0.0	0.0	0.0105263	0.0	0.0068966	0.0	0.0039216	0.0182648	0.0143541	0.0416667	0.0411523	0.0306122	0.0711111	0.0153846	0.0053191	0.0328947	0.0351759	0.0150376	0.0223048	
Canard musqué	0.0	0.0	0.0	0.0	0.0	0.0	0.0	0.0	0.0	0.0	0.0	0.0	0.0	0.0	0.0	0.0015	0.0027933	0.0	0.0	0.0	0.0	0.0	0.0	0.0	0.0	0.0	0.0	0.0	0.0	0.0	0.0	0.0052632	0.0	0.0	0.0	0.0	0.0	0.0	0.0	0.0	0.0	0.0	0.0	0.0	0.0	0.0	0.0075188	0.0	
Canard à collier noir	0.0	0.0	0.0	0.0	0.0	0.0	0.0	0.0	0.0	0.0	0.0	0.0	0.0	0.0	0.0	0.0	0.0	0.0	0.0	0.0	0.0	0.0	0.0	0.0	0.0053476	0.0	0.0	0.0	0.0	0.0	0.0	0.0	0.0	0.0	0.0042553	0.0078431	0.0	0.0	0.0	0.0	0.0	0.0	0.0	0.0	0.0	0.0	0.0	0.0	
Canard carolin	0.0	0.0015	0.0094787	0.0036101	0.0	0.0	0.0	0.0	0.0	0.0	0.0019194	0.0	0.0	0.0	0.0057471	0.0019569	0.0015	0.0	0.0	0.0	0.0	0.0033223	0.0	0.0	0.0	0.0	0.0	0.0	0.0	0.0	0.0015	0.0	0.0	0.0068966	0.0	0.0	0.0	0.0015	0.0	0.0	0.0	0.0044444	0.0	0.0	0.0065789	0.0100503	0.0	0.0111524	
Canard mandarin	0.0452489	0.0516129	0.0379147	0.032491	0.0350877	0.030837	0.0187266	0.0091743	0.0181818	0.0117188	0.0172745	0.010352	0.0149254	0.012987	0.0114943	0.0097847	0.0027933	0.0128755	0.0136986	0.0050761	0.0015	0.0066445	0.0072993	0.0	0.0053476	0.0015	0.004878	0.0102041	0.0119048	0.0070423	0.009009	0.0	0.0102564	0.0206897	0.0085106	0.0039216	0.0091324	0.0015	0.0092593	0.0082305	0.005102	0.0266667	0.0153846	0.037234	0.0657895	0.0502513	0.0526316	0.0855019	
Sarcelle d'été	0.0	0.0	0.0	0.0015	0.0	0.0	0.0	0.0	0.0	0.0	0.0057582	0.010352	0.0149254	0.0155844	0.0076628	0.0039139	0.0	0.0	0.0	0.0	0.0	0.0033223	0.0	0.0028986	0.0053476	0.0	0.0097561	0.0015	0.0059524	0.0	0.0	0.0	0.0102564	0.0068966	0.0042553	0.0039216	0.0045662	0.0095694	0.0046296	0.0	0.0	0.0	0.0	0.0	0.0	0.0050251	0.0	0.0	
Canard souchet	0.1176471	0.1354839	0.1137441	0.1119134	0.1345029	0.123348	0.0786517	0.0550459	0.0818182	0.0664063	0.049904	0.0952381	0.1144279	0.0597403	0.0229885	0.0176125	0.0055866	0.0042918	0.0027397	0.0228426	0.0078431	0.0033223	0.0109489	0.0028986	0.0053476	0.0	0.0	0.0102041	0.0119048	0.0070423	0.009009	0.0368421	0.0923077	0.137931	0.1361702	0.1568627	0.0913242	0.0861244	0.1296296	0.1399177	0.1071429	0.1644444	0.1230769	0.1542553	0.1644737	0.1658291	0.1879699	0.1561338	
Canard chipeau	0.0904977	0.1548387	0.07109	0.0938628	0.122807	0.0969163	0.1011236	0.0825688	0.0954545	0.0820313	0.0518234	0.0538302	0.0696517	0.0311688	0.0095785	0.0293542	0.027933	0.0193133	0.0054795	0.0304569	0.0235294	0.0066445	0.0218978	0.0057971	0.026738	0.0086207	0.004878	0.0153061	0.0178571	0.0070423	0.0225225	0.0473684	0.0871795	0.1034483	0.106383	0.0980392	0.086758	0.0526316	0.1203704	0.1111111	0.1071429	0.16	0.1	0.1382979	0.125	0.1407035	0.1503759	0.1040892	
Canard siffleur	0.0226244	0.0580645	0.014218	0.0108303	0.0233918	0.0220264	0.0149813	0.0015	0.0090909	0.0195313	0.0038388	0.0015	0.0199005	0.0051948	0.0019157	0.0078278	0.0055866	0.0	0.0	0.0101523	0.0	0.0	0.0	0.0	0.0	0.0	0.0	0.0	0.0	0.0	0.0	0.0052632	0.0205128	0.0068966	0.0085106	0.0117647	0.0228311	0.0095694	0.037037	0.0288066	0.0408163	0.0355556	0.0076923	0.0319149	0.0263158	0.0552764	0.0300752	0.0260223	
Hybride Canard chipeau x C. siffleur	0.0	0.0	0.0	0.0	0.0	0.0	0.0	0.0	0.0	0.0	0.0019194	0.0015	0.0	0.0025974	0.0	0.0	0.0	0.0	0.0	0.0	0.0	0.0	0.0	0.0	0.0	0.0	0.0	0.0	0.0	0.0	0.0	0.0	0.0	0.0015	0.0	0.0	0.0	0.0	0.0	0.0	0.0	0.0	0.0	0.0	0.0	0.0	0.0	0.0	
Canard colvert	0.2986425	0.4774194	0.3649289	0.2815884	0.3859649	0.3656388	0.3632959	0.3302752	0.3636364	0.390625	0.3013436	0.3809524	0.3905473	0.361039	0.2643678	0.2935421	0.3324022	0.306867	0.2575342	0.322335	0.2588235	0.2458472	0.2554745	0.2666667	0.2994652	0.2284483	0.2682927	0.3316327	0.2619048	0.2323944	0.2972973	0.3789474	0.3487179	0.3793103	0.3702128	0.3647059	0.3424658	0.3492823	0.2777778	0.3168724	0.3061224	0.4266667	0.3230769	0.4095745	0.3815789	0.3316583	0.443609	0.4200743	
Canard pilet	0.0045249	0.0064516	0.0189573	0.0015	0.005848	0.0088106	0.0037453	0.0045872	0.0045455	0.0039063	0.0057582	0.0186335	0.0149254	0.0025974	0.0019157	0.0	0.0	0.0	0.0	0.0	0.0	0.0033223	0.0036496	0.0	0.0	0.0	0.0	0.005102	0.0	0.0	0.0	0.0	0.0051282	0.0068966	0.0042553	0.0117647	0.0365297	0.0191388	0.0648148	0.0658436	0.0357143	0.04	0.0307692	0.0106383	0.0065789	0.0150754	0.0150376	0.0185874	
Hybride Canard colvert x C. pilet	0.0	0.0	0.0	0.0	0.0	0.0	0.0	0.0	0.0	0.0	0.0	0.0	0.0	0.0	0.0	0.0	0.0	0.0	0.0	0.0	0.0	0.0	0.0	0.0	0.0	0.0	0.0	0.0	0.0	0.0	0.0	0.0	0.0	0.0	0.0	0.0	0.0	0.0	0.0	0.0	0.005102	0.0	0.0	0.0	0.0065789	0.0	0.0	0.0	
Sarcelle d'hiver	0.0588235	0.1806452	0.1327014	0.0722022	0.1052632	0.1101322	0.071161	0.0642202	0.0636364	0.0859375	0.0633397	0.057971	0.0696517	0.0545455	0.0306513	0.0117417	0.0139665	0.0064378	0.0027397	0.0203046	0.0078431	0.0	0.0109489	0.0086957	0.0106952	0.012931	0.0	0.0255102	0.0178571	0.0	0.0135135	0.0473684	0.1025641	0.1241379	0.1276596	0.1686275	0.0913242	0.0909091	0.1203704	0.1399177	0.1020408	0.1733333	0.1	0.1117021	0.1315789	0.120603	0.112782	0.1078067	
anatidé sp. (canard barboteur sp.)	0.0	0.0	0.0	0.0	0.0	0.0	0.0	0.0	0.0	0.0	0.0	0.0	0.0	0.0	0.0	0.0	0.0	0.0	0.0	0.0	0.0	0.0	0.0	0.0	0.0	0.0	0.0	0.0	0.0	0.0	0.0	0.0	0.0	0.0	0.0	0.0	0.0	0.0	0.0	0.0	0.0	0.0	0.0	0.0015	0.0	0.0	0.0	0.0	
Nette rousse	0.0045249	0.0193548	0.0015	0.0072202	0.0	0.0	0.0	0.0	0.0	0.0	0.0019194	0.0015	0.0024876	0.0	0.0019157	0.0	0.0	0.0	0.0027397	0.0025381	0.0039216	0.0	0.0036496	0.0	0.0	0.0	0.0	0.0	0.0	0.0	0.0	0.0	0.0	0.0	0.0	0.0039216	0.0045662	0.0	0.0046296	0.0164609	0.0	0.0088889	0.0	0.0212766	0.0065789	0.0100503	0.0075188	0.0037175	
Fuligule milouin	0.1085973	0.1096774	0.0853081	0.0902527	0.1111111	0.0969163	0.082397	0.059633	0.05	0.0625	0.0287908	0.0414079	0.0472637	0.0233766	0.0019157	0.0117417	0.0195531	0.027897	0.0136986	0.0380711	0.0196078	0.013289	0.0218978	0.0086957	0.0213904	0.012931	0.0146341	0.0204082	0.0059524	0.0070423	0.0225225	0.0421053	0.0461538	0.0275862	0.0297872	0.054902	0.0410959	0.0239234	0.0324074	0.0329218	0.0510204	0.1066667	0.0615385	0.0744681	0.0789474	0.1306533	0.1278195	0.133829	
Fuligule nyroca	0.0090498	0.0129032	0.0047393	0.0072202	0.0116959	0.0132159	0.0074906	0.0091743	0.0	0.0	0.0	0.0	0.0	0.0	0.0	0.0	0.0	0.0	0.0	0.0	0.0	0.0	0.0	0.0	0.0	0.0	0.0	0.0	0.0	0.0	0.0	0.0	0.0	0.0	0.0	0.0	0.0	0.0	0.0	0.0	0.0	0.0	0.0	0.0106383	0.0263158	0.0050251	0.0225564	0.0148699	
Hybride Fuligule milouin x F. nyroca	0.0	0.0064516	0.0	0.0	0.0	0.0	0.0	0.0	0.0	0.0	0.0	0.0	0.0	0.0	0.0	0.0	0.0	0.0	0.0	0.0	0.0	0.0	0.0	0.0	0.0	0.0	0.0	0.0	0.0	0.0	0.0	0.0	0.0	0.0	0.0	0.0	0.0	0.0	0.0	0.0	0.0	0.0	0.0	0.0	0.0	0.0	0.0	0.0	
Fuligule morillon	0.0950226	0.1612903	0.0805687	0.0794224	0.1345029	0.0792952	0.082397	0.0688073	0.0954545	0.078125	0.0383877	0.0641822	0.0671642	0.0571429	0.0287356	0.0234834	0.0502793	0.0321888	0.0246575	0.0659898	0.0392157	0.0431894	0.0474453	0.0463768	0.0534759	0.0172414	0.0292683	0.0663265	0.0119048	0.0	0.0135135	0.0210526	0.0307692	0.0206897	0.0255319	0.0431373	0.0502283	0.0334928	0.0416667	0.037037	0.0612245	0.12	0.0615385	0.0744681	0.1118421	0.0904523	0.1353383	0.1115242	
Hybride Fuligule milouin x F. morillon	0.0015	0.0	0.0	0.0	0.0	0.0	0.0	0.0	0.0	0.0	0.0	0.0	0.0	0.0	0.0	0.0	0.0	0.0	0.0	0.0	0.0	0.0	0.0	0.0	0.0	0.0	0.0	0.0	0.0	0.0	0.0	0.0	0.0	0.0	0.0	0.0	0.0	0.0	0.0	0.0	0.0	0.0	0.0	0.0	0.0	0.0	0.0	0.0	
Hybride Fuligule nyroca x F. morillon	0.0	0.0	0.0	0.0	0.005848	0.0044053	0.0	0.0	0.0045455	0.0	0.0	0.0	0.0	0.0	0.0	0.0	0.0	0.0	0.0	0.0	0.0	0.0	0.0	0.0	0.0	0.0	0.0	0.0	0.0	0.0	0.0	0.0	0.0	0.0	0.0	0.0	0.0	0.0	0.0	0.0	0.0	0.0	0.0	0.0	0.0	0.0	0.0	0.0	
Fuligule milouinan	0.0	0.0322581	0.0094787	0.0072202	0.0116959	0.0220264	0.0074906	0.0	0.0	0.0	0.0	0.0020704	0.0024876	0.0	0.0	0.0	0.0	0.0	0.0	0.0	0.0	0.0	0.0	0.0	0.0	0.0	0.0	0.0	0.0	0.0	0.0	0.0	0.0	0.0	0.0	0.0	0.0	0.0	0.0	0.0	0.0	0.0044444	0.0	0.0	0.0065789	0.0	0.0075188	0.0037175	
Fuligule à tête noire	0.0	0.0258065	0.0015	0.0216606	0.005848	0.0044053	0.0	0.0045872	0.0181818	0.0117188	0.0076775	0.0062112	0.0015	0.0	0.0	0.0	0.0	0.0	0.0	0.0	0.0	0.0	0.0	0.0	0.0	0.0	0.0	0.0	0.0	0.0	0.0	0.0	0.0	0.0	0.0	0.0	0.0	0.0	0.0	0.0	0.0	0.0	0.0	0.0	0.0	0.0	0.0	0.0	
Macreuse brune	0.0	0.0015	0.0	0.0	0.0	0.0	0.0	0.0	0.0	0.0	0.0	0.0	0.0	0.0	0.0	0.0	0.0	0.0	0.0	0.0	0.0	0.0	0.0	0.0	0.0	0.0	0.0	0.0	0.0	0.0	0.0	0.0	0.0	0.0	0.0	0.0	0.0	0.0	0.0	0.0	0.0	0.0	0.0	0.0053191	0.0	0.0150754	0.0300752	0.0	
Macreuse noire	0.0	0.0	0.0	0.0	0.0	0.0	0.0	0.0	0.0	0.0039063	0.0	0.0	0.0	0.0	0.0	0.0	0.0	0.0	0.0	0.0	0.0	0.0	0.0	0.0	0.0	0.0	0.0	0.0	0.0	0.0	0.0	0.0	0.0	0.0	0.0	0.0	0.0	0.0	0.0	0.0	0.0	0.0	0.0	0.0106383	0.0	0.0	0.0	0.0	
Garrot à oeil d'or	0.0090498	0.0193548	0.0047393	0.0072202	0.0116959	0.0044053	0.0149813	0.0045872	0.0	0.0015	0.0015	0.0020704	0.0	0.0	0.0	0.0	0.0	0.0	0.0	0.0	0.0	0.0	0.0	0.0	0.0	0.0	0.0	0.0	0.0	0.0	0.0	0.0052632	0.0	0.0	0.0	0.0	0.0	0.0	0.0	0.0	0.0	0.0	0.0	0.0015	0.0	0.0	0.0075188	0.0037175	
Harle piette	0.0045249	0.0015	0.0047393	0.0	0.0015	0.0	0.0	0.0	0.0	0.0	0.0015	0.0	0.0	0.0	0.0	0.0	0.0	0.0	0.0	0.0	0.0	0.0	0.0	0.0	0.0	0.0	0.0	0.0	0.0	0.0	0.0	0.0	0.0	0.0	0.0	0.0	0.0	0.0047847	0.0	0.0	0.0	0.0	0.0	0.0053191	0.0	0.0	0.0	0.0037175	
Harle bièvre	0.0090498	0.0064516	0.0047393	0.0036101	0.0116959	0.0176211	0.0037453	0.0045872	0.0	0.0	0.0019194	0.0	0.0	0.0	0.0	0.0	0.0	0.0	0.0	0.0	0.0	0.0	0.0	0.0	0.0	0.0	0.0	0.0	0.0	0.0	0.0	0.0	0.0	0.0	0.0	0.0	0.0	0.0	0.0	0.0	0.0	0.0044444	0.0	0.0212766	0.0328947	0.0100503	0.0	0.0074349	
Harle huppé	0.0	0.0129032	0.0047393	0.0	0.0	0.0	0.0	0.0	0.0	0.0	0.0	0.0	0.0	0.0	0.0	0.0	0.0	0.0	0.0	0.0	0.0	0.0	0.0	0.0	0.0	0.0	0.0	0.0	0.0	0.0	0.0	0.0	0.0	0.0	0.0	0.0	0.0	0.0	0.0	0.0041152	0.0	0.0	0.0	0.0	0.0	0.0	0.0	0.0	
Érismature rousse	0.0	0.0	0.0	0.0	0.0	0.0	0.0	0.0	0.0	0.0	0.0	0.0	0.0	0.0	0.0	0.0	0.0	0.0	0.0	0.0	0.0	0.0	0.0	0.0	0.0	0.0	0.0	0.0	0.0	0.0	0.0	0.0	0.0	0.0	0.0	0.0	0.0	0.0	0.0	0.0	0.0	0.0	0.0	0.0015	0.0	0.0	0.0	0.0	
anatidé sp. (canard sp.)	0.0	0.0064516	0.0047393	0.0	0.0	0.0	0.0	0.0	0.0	0.0	0.0	0.0041408	0.0	0.0	0.0	0.0	0.0	0.0	0.0027397	0.0	0.0	0.0	0.0	0.0028986	0.0053476	0.0	0.004878	0.005102	0.0015	0.0	0.0	0.0	0.0015	0.0	0.0	0.0	0.0	0.0	0.0046296	0.0	0.0	0.0	0.0	0.0015	0.0065789	0.0	0.0	0.0037175	
Perdrix grise	0.0135747	0.0064516	0.0189573	0.0072202	0.0015	0.0176211	0.0187266	0.0091743	0.0045455	0.0117188	0.024952	0.0062112	0.0124378	0.0181818	0.01341	0.0156556	0.0139665	0.0321888	0.0082192	0.0126904	0.0588235	0.0015	0.0291971	0.0086957	0.0	0.0086207	0.0097561	0.005102	0.0297619	0.0140845	0.018018	0.0315789	0.025641	0.0137931	0.0340426	0.0117647	0.0091324	0.0191388	0.0231481	0.0205761	0.0102041	0.0177778	0.0153846	0.0319149	0.0131579	0.0050251	0.0225564	0.0037175	
Faisan vénéré	0.0015	0.0129032	0.0	0.0036101	0.0116959	0.0	0.0	0.0	0.0	0.0039063	0.0019194	0.0020704	0.0015	0.0103896	0.0019157	0.0019569	0.0	0.0021459	0.0027397	0.0	0.0	0.0015	0.0015	0.0	0.0	0.0	0.004878	0.0015	0.0	0.0	0.0045045	0.0	0.0051282	0.0068966	0.0015	0.0039216	0.0045662	0.0	0.0046296	0.0	0.0	0.0	0.0	0.0	0.0	0.0	0.0	0.0	
Faisan de Colchide	0.1357466	0.1096774	0.0805687	0.1083032	0.1052632	0.1365639	0.1273408	0.1009174	0.1954545	0.2226563	0.2284069	0.3022774	0.3706468	0.3766234	0.3084291	0.2778865	0.3100559	0.2296137	0.1972603	0.2335025	0.1764706	0.0830565	0.1386861	0.1362319	0.0534759	0.0646552	0.0585366	0.0561224	0.0595238	0.028169	0.0315315	0.0368421	0.0974359	0.0689655	0.0808511	0.0862745	0.0684932	0.0669856	0.1018519	0.0864198	0.0969388	0.1288889	0.1846154	0.1648936	0.2039474	0.1557789	0.1503759	0.1301115	
Faisan versicolore	0.0	0.0	0.0	0.0	0.0	0.0	0.0	0.0	0.0	0.0	0.0015	0.0	0.0	0.0	0.0	0.0	0.0	0.0	0.0	0.0	0.0	0.0	0.0	0.0	0.0	0.0	0.0	0.0	0.0	0.0	0.0	0.0	0.0	0.0	0.0	0.0	0.0	0.0	0.0	0.0	0.0	0.0	0.0	0.0	0.0	0.0	0.0	0.0	
Faisan de Colchide ou F. versicolore	0.0	0.0	0.0	0.0	0.0	0.0	0.0	0.0	0.0	0.0	0.0	0.0	0.0	0.0	0.0	0.0	0.0	0.0	0.0	0.0	0.0	0.0099668	0.0	0.0	0.0	0.0	0.0	0.0	0.0	0.0	0.0	0.0	0.0015	0.0	0.0	0.0	0.0	0.0	0.0	0.0	0.0	0.0	0.0	0.0	0.0	0.0	0.0	0.0	
Paon bleu	0.0	0.0	0.0	0.0	0.0	0.0	0.0	0.0	0.0	0.0	0.0	0.0	0.0	0.0025974	0.0	0.0	0.0	0.0	0.0027397	0.0	0.0	0.0033223	0.0	0.0057971	0.0053476	0.0043103	0.0	0.0	0.0	0.0070423	0.0	0.0	0.0	0.0	0.0	0.0	0.0	0.0	0.0	0.0	0.0	0.0	0.0	0.0	0.0	0.0	0.0	0.0	
Caille des blés	0.0	0.0	0.0	0.0	0.0	0.0	0.0	0.0	0.0	0.0	0.0	0.0	0.0	0.0015	0.0	0.0019569	0.0027933	0.0085837	0.0027397	0.0076142	0.0039216	0.0015	0.0182482	0.0115942	0.0053476	0.0043103	0.0015	0.005102	0.0015	0.0070423	0.0045045	0.0157895	0.0051282	0.0	0.0	0.0	0.0	0.0	0.0	0.0	0.0	0.0	0.0	0.0	0.0	0.0	0.0	0.0	
Perdrix rouge	0.0	0.0129032	0.0047393	0.0036101	0.0	0.0044053	0.0015	0.0091743	0.0045455	0.0	0.0019194	0.0041408	0.0024876	0.0103896	0.0076628	0.0156556	0.0167598	0.0107296	0.0054795	0.0025381	0.0015	0.0	0.0	0.0057971	0.0	0.0	0.0	0.0	0.0015	0.0	0.0	0.0	0.0051282	0.0	0.012766	0.0078431	0.0045662	0.0015	0.0277778	0.0123457	0.0	0.0044444	0.0015	0.0053191	0.0065789	0.0	0.0	0.0	
Pigeon biset	0.321267	0.2129032	0.2701422	0.2057762	0.2982456	0.2511013	0.2134831	0.1559633	0.2681818	0.2539063	0.134357	0.2505176	0.2537313	0.2441558	0.1781609	0.1956947	0.2318436	0.1716738	0.1616438	0.2360406	0.2392157	0.1627907	0.2810219	0.2028986	0.2780749	0.2112069	0.2243902	0.2704082	0.2440476	0.1760563	0.1441441	0.2315789	0.2051282	0.2965517	0.1957447	0.2235294	0.2328767	0.2105263	0.1805556	0.1646091	0.2142857	0.1466667	0.3153846	0.287234	0.3355263	0.1758794	0.3383459	0.2713755	
Pigeon colombin	0.0497738	0.0645161	0.0379147	0.0794224	0.0643275	0.0748899	0.0674157	0.0550459	0.0772727	0.0625	0.0441459	0.0517598	0.0721393	0.0857143	0.0440613	0.0489237	0.0810056	0.0665236	0.0465753	0.0913706	0.0745098	0.0332226	0.0839416	0.1014493	0.1176471	0.0991379	0.097561	0.122449	0.0714286	0.0774648	0.0540541	0.0736842	0.0666667	0.062069	0.0595745	0.0352941	0.0639269	0.0382775	0.0416667	0.0493827	0.0459184	0.0266667	0.0538462	0.0744681	0.0394737	0.0251256	0.075188	0.0260223	
Pigeon ramier	0.6742081	0.716129	0.6066351	0.6714801	0.7309942	0.6563877	0.6479401	0.6100917	0.6363636	0.6796875	0.5681382	0.6811594	0.761194	0.6909091	0.545977	0.5753425	0.6620112	0.6158798	0.6109589	0.677665	0.6941176	0.6611296	0.6824818	0.7130435	0.7647059	0.6637931	0.6536585	0.7755102	0.75	0.7746479	0.7117117	0.7263158	0.7487179	0.7931034	0.8	0.6980392	0.630137	0.5933014	0.6018519	0.5720165	0.5612245	0.5644444	0.6538462	0.6648936	0.5394737	0.5778894	0.7067669	0.6542751	
Tourterelle des bois	0.0	0.0	0.0	0.0	0.0	0.0	0.0	0.0	0.0	0.0	0.0	0.0	0.0	0.0025974	0.0	0.0039139	0.027933	0.0450644	0.0465753	0.0456853	0.0156863	0.0598007	0.0328467	0.0434783	0.026738	0.0474138	0.0487805	0.0306122	0.0238095	0.0140845	0.0315315	0.0105263	0.025641	0.0068966	0.0042553	0.0	0.0	0.0	0.0	0.0	0.0	0.0	0.0	0.0	0.0	0.0	0.0	0.0	
Tourterelle turque	0.2488688	0.2387097	0.1706161	0.1877256	0.2573099	0.246696	0.1348315	0.233945	0.25	0.28125	0.2168906	0.3064182	0.2860697	0.2649351	0.2509579	0.2759295	0.3156425	0.223176	0.2657534	0.2588832	0.2666667	0.2624585	0.2883212	0.2521739	0.2352941	0.2715517	0.2292683	0.2806122	0.3035714	0.1760563	0.1666667	0.2421053	0.2307692	0.3172414	0.2851064	0.2	0.1278539	0.1961722	0.1527778	0.1316872	0.122449	0.1511111	0.2153846	0.1489362	0.2236842	0.1507538	0.2406015	0.1784387	
Tourterelle rieuse	0.0	0.0	0.0	0.0	0.0	0.0	0.0	0.0	0.0	0.0	0.0	0.0	0.0	0.0	0.0	0.0	0.0	0.0	0.0	0.0	0.0	0.0	0.0	0.0	0.0	0.0	0.0	0.0	0.0	0.0	0.0	0.0	0.0	0.0	0.0	0.0015	0.0	0.0	0.0	0.0	0.0	0.0	0.0	0.0	0.0	0.0	0.0	0.0	
Coucou gris	0.0	0.0	0.0	0.0	0.0	0.0	0.0	0.0	0.0	0.0	0.0	0.0207039	0.1144279	0.1922078	0.2356322	0.223092	0.3072626	0.2682403	0.309589	0.2563452	0.2078431	0.1860465	0.1386861	0.0550725	0.0160428	0.0	0.004878	0.0	0.0	0.0070423	0.0	0.0105263	0.0	0.0	0.0	0.0039216	0.0	0.0	0.0	0.0	0.0	0.0	0.0	0.0	0.0	0.0	0.0	0.0	
Engoulevent d'Europe	0.0	0.0	0.0	0.0	0.0	0.0	0.0	0.0	0.0	0.0	0.0	0.0	0.0	0.0	0.0	0.0015	0.0	0.0107296	0.0109589	0.0177665	0.0313725	0.0199336	0.0109489	0.0028986	0.0106952	0.0258621	0.004878	0.0102041	0.0015	0.0015	0.0015	0.0015	0.0015	0.0015	0.0	0.0	0.0	0.0	0.0	0.0	0.0	0.0	0.0	0.0	0.0	0.0	0.0	0.0	
Martinet noir	0.0	0.0	0.0	0.0	0.0	0.0	0.0	0.0	0.0	0.0	0.0	0.0	0.0024876	0.0155844	0.0402299	0.1780822	0.2988827	0.3240343	0.3315068	0.3908629	0.3764706	0.3189369	0.3905109	0.3855072	0.3903743	0.3318966	0.2780488	0.2346939	0.1190476	0.056338	0.045045	0.0157895	0.0051282	0.0137931	0.0	0.0	0.0	0.0	0.0	0.0	0.0	0.0	0.0	0.0	0.0	0.0	0.0	0.0	
Râle d'eau	0.0226244	0.0258065	0.0047393	0.0288809	0.0292398	0.0176211	0.0486891	0.0183486	0.0363636	0.0390625	0.0326296	0.0538302	0.0646766	0.0493506	0.0344828	0.0293542	0.0083799	0.0064378	0.0082192	0.0101523	0.0039216	0.0166113	0.0109489	0.0015	0.0213904	0.0215517	0.0195122	0.0510204	0.0416667	0.0422535	0.0495495	0.0315789	0.0410256	0.0482759	0.093617	0.0745098	0.0456621	0.0669856	0.0648148	0.0699588	0.0714286	0.0488889	0.0307692	0.0797872	0.0657895	0.0552764	0.0601504	0.0334572	
Marouette ponctuée	0.0	0.0	0.0	0.0	0.0	0.0	0.0	0.0	0.0	0.0	0.0	0.0	0.0	0.0	0.0019157	0.0	0.0	0.0	0.0	0.0	0.0	0.0	0.0	0.0	0.0	0.0	0.0	0.0	0.0	0.0	0.0	0.0052632	0.0	0.0	0.0042553	0.0015	0.0	0.0	0.0	0.0	0.0	0.0	0.0	0.0	0.0	0.0	0.0	0.0	
Gallinule poule-d'eau	0.199095	0.2967742	0.2417062	0.1805054	0.251462	0.1806167	0.2359551	0.2018349	0.2	0.2578125	0.193858	0.2339545	0.2512438	0.2233766	0.1360153	0.1272016	0.1480447	0.1652361	0.1150685	0.1751269	0.1254902	0.179402	0.1751825	0.1594203	0.2192513	0.1724138	0.2097561	0.2653061	0.1904762	0.1408451	0.1801802	0.3210526	0.2512821	0.2551724	0.2510638	0.3098039	0.2785388	0.1818182	0.2175926	0.2510288	0.2142857	0.3244444	0.2153846	0.3031915	0.3157895	0.2663317	0.3082707	0.2862454	
Foulque macroule	0.2533937	0.3741935	0.2796209	0.2454874	0.3508772	0.3127753	0.2696629	0.233945	0.2727273	0.3125	0.2380038	0.2753623	0.340796	0.2779221	0.1743295	0.18591	0.2290503	0.1866953	0.1726027	0.2055838	0.1568627	0.1960133	0.2372263	0.2144928	0.2459893	0.1896552	0.2243902	0.2857143	0.2083333	0.1901408	0.2297297	0.3052632	0.2512821	0.3103448	0.2595745	0.2901961	0.2511416	0.2440191	0.2175926	0.2716049	0.2653061	0.3422222	0.2538462	0.3617021	0.3223684	0.3065327	0.3684211	0.3345725	
Grue cendrée	0.0	0.0	0.0	0.0	0.0	0.0	0.0074906	0.0	0.0	0.0015	0.0	0.0	0.0	0.0051948	0.0019157	0.0	0.0	0.0	0.0	0.0	0.0	0.0	0.0	0.0	0.0	0.0	0.0	0.0	0.0	0.0	0.0	0.0	0.0	0.0	0.0	0.0	0.0	0.0047847	0.0138889	0.0082305	0.0	0.0	0.0076923	0.0	0.0	0.0	0.0	0.0	
Oedicnème criard	0.0	0.0	0.0	0.0	0.0	0.0	0.0	0.0	0.0045455	0.0039063	0.0015	0.0041408	0.0074627	0.012987	0.0095785	0.0039139	0.0055866	0.0107296	0.0054795	0.0076142	0.0	0.0033223	0.0072993	0.0057971	0.0106952	0.0015	0.0	0.005102	0.0	0.0	0.0045045	0.0315789	0.0461538	0.0068966	0.0042553	0.0	0.0	0.0	0.0	0.0	0.0	0.0	0.0076923	0.0	0.0	0.0	0.0	0.0	
Échasse blanche	0.0	0.0	0.0	0.0	0.0	0.0	0.0	0.0	0.0	0.0	0.0	0.0020704	0.0074627	0.0	0.0015	0.0	0.0027933	0.0021459	0.0	0.0	0.0	0.0	0.0	0.0	0.0	0.0043103	0.0	0.0	0.0015	0.0	0.0015	0.0	0.0	0.0	0.0	0.0039216	0.0	0.0	0.0	0.0	0.0	0.0	0.0	0.0	0.0	0.0	0.0	0.0	
Avocette élégante	0.0	0.0	0.0	0.0	0.0	0.0	0.0	0.0	0.0	0.0	0.0	0.0	0.0024876	0.0051948	0.0	0.0	0.0027933	0.0042918	0.0	0.0	0.0	0.0	0.0	0.0	0.0	0.0	0.0	0.0	0.0	0.0	0.0	0.0	0.0	0.0	0.0	0.0	0.0	0.0047847	0.0	0.0	0.0	0.0	0.0	0.0	0.0	0.0	0.0	0.0	
Huîtrier pie	0.0	0.0	0.0	0.0	0.0	0.0	0.0	0.0	0.0	0.0	0.0	0.0015	0.0	0.0	0.0	0.0	0.0	0.0	0.0	0.0	0.0	0.0	0.0	0.0	0.0	0.0	0.0	0.0	0.0	0.0	0.0045045	0.0052632	0.0	0.0	0.0	0.0078431	0.0091324	0.0	0.0	0.0	0.0	0.0	0.0	0.0	0.0	0.0	0.0	0.0	
Pluvier argenté	0.0	0.0	0.0	0.0	0.0	0.0	0.0	0.0	0.0	0.0	0.0	0.0	0.0	0.0	0.0	0.0	0.0027933	0.0015	0.0	0.0	0.0	0.0	0.0	0.0	0.0	0.0	0.0	0.0	0.0	0.0	0.0	0.0	0.0	0.0	0.0	0.0117647	0.0045662	0.0095694	0.037037	0.0	0.0	0.0	0.0	0.0	0.0	0.0	0.0	0.0	
Pluvier doré	0.040724	0.0258065	0.0331754	0.0433213	0.0175439	0.0220264	0.0486891	0.0321101	0.0090909	0.0117188	0.0134357	0.0020704	0.0	0.0	0.0	0.0	0.0	0.0	0.0	0.0	0.0	0.0	0.0	0.0	0.0	0.0	0.0	0.0	0.0	0.0	0.0045045	0.0157895	0.0205128	0.0068966	0.0	0.0	0.0136986	0.0143541	0.0138889	0.0041152	0.0306122	0.0311111	0.0153846	0.037234	0.0394737	0.0703518	0.0526316	0.063197	
Guignard d’Eurasie	0.0	0.0	0.0	0.0	0.0	0.0	0.0	0.0	0.0	0.0	0.0	0.0	0.0	0.0	0.0	0.0	0.0	0.0	0.0	0.0	0.0	0.0	0.0	0.0	0.0	0.0	0.0	0.0	0.0	0.0	0.0	0.0015	0.0	0.0015	0.0	0.0	0.0	0.0	0.0	0.0	0.0	0.0	0.0	0.0	0.0	0.0	0.0	0.0	
Grand Gravelot	0.0	0.0	0.0	0.0	0.0	0.0	0.0	0.0	0.0	0.0039063	0.0	0.0	0.0	0.0	0.0	0.0015	0.0015	0.0064378	0.0	0.0126904	0.0	0.0	0.0	0.0	0.0	0.0	0.0	0.0	0.0059524	0.0	0.0045045	0.0210526	0.0205128	0.0413793	0.0297872	0.0313725	0.0547945	0.0047847	0.0138889	0.0082305	0.0	0.0	0.0	0.0	0.0	0.0	0.0	0.0	
Petit Gravelot	0.0	0.0	0.0	0.0	0.0	0.0	0.0	0.0	0.0	0.0	0.0	0.010352	0.0124378	0.0207792	0.0095785	0.0117417	0.0111732	0.0300429	0.0015	0.0152284	0.0078431	0.0066445	0.0145985	0.0	0.0	0.0	0.004878	0.0102041	0.0	0.0	0.009009	0.0315789	0.0102564	0.0068966	0.0255319	0.0039216	0.0	0.0047847	0.0	0.0	0.0	0.0	0.0	0.0	0.0	0.0	0.0	0.0	
Vanneau huppé	0.0633484	0.0709677	0.07109	0.0758123	0.0760234	0.061674	0.0973783	0.0412844	0.0318182	0.0351563	0.0076775	0.0062112	0.0124378	0.0207792	0.01341	0.0015	0.0195531	0.0193133	0.0054795	0.0152284	0.0156863	0.0232558	0.0328467	0.0202899	0.0588235	0.0215517	0.0243902	0.0510204	0.0238095	0.028169	0.036036	0.1052632	0.1179487	0.1172414	0.1021277	0.1137255	0.1004566	0.0861244	0.1157407	0.1193416	0.0918367	0.1511111	0.1384615	0.1010638	0.125	0.120603	0.1203008	0.1078067	
Vanneau sociable	0.0	0.0	0.0	0.0	0.0	0.0	0.0	0.0	0.0	0.0	0.0	0.0	0.0	0.0051948	0.0038314	0.0	0.0	0.0	0.0	0.0	0.0	0.0	0.0	0.0	0.0	0.0	0.0	0.0	0.0	0.0	0.0	0.0	0.0	0.0	0.0	0.0	0.0	0.0	0.0	0.0	0.0015	0.04	0.0	0.0159574	0.0263158	0.0	0.0	0.0	
Gravelot à collier interrompu	0.0	0.0	0.0	0.0	0.0	0.0	0.0	0.0	0.0	0.0	0.0	0.0	0.0	0.0	0.0	0.0	0.0	0.0	0.0	0.0	0.0	0.0	0.0036496	0.0	0.0	0.0	0.0	0.0	0.0	0.0	0.0	0.0	0.0	0.0	0.0	0.0	0.0	0.0	0.0	0.0	0.0	0.0	0.0	0.0	0.0	0.0	0.0	0.0	
Courlis corlieu	0.0	0.0	0.0	0.0	0.0	0.0	0.0	0.0	0.0	0.0	0.0	0.0	0.0	0.0	0.0019157	0.0	0.0083799	0.0	0.0	0.0	0.0	0.0	0.0	0.0	0.0	0.0	0.0	0.0	0.0	0.0	0.0015	0.0263158	0.0	0.0	0.0	0.0	0.0	0.0	0.0	0.0	0.0	0.0	0.0	0.0	0.0	0.0	0.0	0.0	
Courlis cendré	0.0	0.0	0.0	0.0	0.0	0.0	0.0	0.0	0.0	0.0	0.0	0.0	0.0	0.0025974	0.0	0.0	0.0	0.0	0.0	0.0	0.0	0.0	0.0	0.0	0.0	0.0	0.0	0.0	0.0	0.0	0.0045045	0.0052632	0.0051282	0.0	0.0	0.0	0.0	0.0	0.0	0.0	0.0	0.0	0.0	0.0	0.0	0.0	0.0	0.0	
Barge rousse	0.0	0.0	0.0	0.0	0.0	0.0	0.0	0.0	0.0	0.0	0.0	0.0	0.0	0.0	0.0	0.0	0.0	0.0	0.0	0.0	0.0	0.0	0.0	0.0	0.0	0.0	0.0	0.0	0.0	0.0	0.0	0.0	0.0	0.0015	0.0042553	0.0	0.0	0.0	0.0	0.0	0.0	0.0	0.0	0.0	0.0	0.0	0.0	0.0	
Barge à queue noire	0.0	0.0	0.0	0.0	0.0	0.0	0.0	0.0	0.0	0.0	0.0	0.0041408	0.0	0.0	0.0	0.0	0.0	0.0	0.0	0.0	0.0	0.0	0.0	0.0	0.0	0.0	0.0	0.0	0.0	0.0	0.0015	0.0	0.0051282	0.0206897	0.0255319	0.0156863	0.0182648	0.0	0.0	0.0041152	0.0	0.0	0.0	0.0	0.0	0.0	0.0	0.0	
Bécassine sourde	0.0	0.0	0.0	0.0	0.0	0.0	0.0074906	0.0	0.0	0.0015	0.0	0.0	0.0	0.0	0.0	0.0	0.0	0.0	0.0	0.0	0.0	0.0	0.0	0.0	0.0	0.0	0.0	0.0	0.0	0.0	0.0	0.0	0.0	0.0	0.0	0.0039216	0.0091324	0.0	0.0046296	0.0	0.0	0.0	0.0015	0.0015	0.0	0.0	0.0075188	0.0	
Bécasse des bois	0.0045249	0.0064516	0.0	0.0015	0.0	0.0044053	0.0074906	0.0045872	0.0181818	0.0	0.0095969	0.0165631	0.0	0.0015	0.0015	0.0015	0.0027933	0.0064378	0.0054795	0.0203046	0.0196078	0.0166113	0.0109489	0.0015	0.0053476	0.0086207	0.0015	0.005102	0.0	0.0	0.0	0.0	0.0	0.0	0.0015	0.0	0.0	0.0	0.0	0.0	0.0102041	0.0015	0.0	0.0159574	0.0065789	0.0	0.0075188	0.0037175	
Bécassine des marais	0.0135747	0.0064516	0.0189573	0.0072202	0.0	0.0044053	0.0262172	0.0183486	0.0090909	0.0195313	0.0019194	0.0144928	0.0149254	0.012987	0.0057471	0.0078278	0.0027933	0.0	0.0	0.0	0.0	0.0	0.0	0.0	0.0	0.0	0.0015	0.005102	0.0059524	0.0	0.0045045	0.0368421	0.0717949	0.0965517	0.093617	0.0980392	0.0913242	0.062201	0.087963	0.090535	0.0663265	0.0933333	0.0307692	0.0159574	0.0263158	0.0251256	0.0150376	0.0111524	
Phalarope à bec large	0.0	0.0	0.0	0.0	0.0	0.0	0.0	0.0	0.0	0.0	0.0019194	0.0	0.0	0.0	0.0	0.0	0.0	0.0	0.0	0.0	0.0	0.0	0.0	0.0	0.0	0.0	0.0	0.0	0.0	0.0	0.0	0.0	0.0	0.0	0.0	0.0078431	0.0	0.0	0.0	0.0041152	0.0	0.0	0.0	0.0	0.0	0.0	0.0	0.0	
Phalarope à bec étroit	0.0	0.0	0.0	0.0	0.0	0.0	0.0	0.0	0.0	0.0	0.0	0.0	0.0	0.0	0.0	0.0	0.0	0.0	0.0	0.0	0.0	0.0	0.0	0.0	0.0	0.0	0.0	0.0	0.0	0.0	0.0	0.0	0.0	0.0	0.0	0.0078431	0.0182648	0.0	0.0	0.0	0.0	0.0	0.0	0.0	0.0	0.0	0.0	0.0	
Chevalier guignette	0.0180995	0.0129032	0.0	0.0015	0.0	0.0044053	0.0	0.0	0.0	0.0	0.0076775	0.0041408	0.0074627	0.0155844	0.0191571	0.0430528	0.1089385	0.0944206	0.0273973	0.0203046	0.0078431	0.0	0.0	0.0028986	0.026738	0.0387931	0.0634146	0.0663265	0.0535714	0.0492958	0.0720721	0.1473684	0.1230769	0.1448276	0.0978723	0.0862745	0.086758	0.0334928	0.037037	0.037037	0.0153061	0.0088889	0.0076923	0.0212766	0.0263158	0.0015	0.0225564	0.0074349	
Chevalier culblanc	0.0090498	0.0258065	0.0189573	0.0144404	0.0175439	0.0	0.011236	0.0045872	0.0	0.0078125	0.0076775	0.0227743	0.0323383	0.025974	0.0114943	0.0097847	0.0083799	0.0021459	0.0027397	0.0	0.0	0.013289	0.0145985	0.0202899	0.0213904	0.0258621	0.0195122	0.0510204	0.0357143	0.0211268	0.0540541	0.0631579	0.0717949	0.0896552	0.0425532	0.0509804	0.0365297	0.0334928	0.0324074	0.0205761	0.0153061	0.0133333	0.0076923	0.0212766	0.0263158	0.0150754	0.0150376	0.0148699	
Chevalier sylvain	0.0	0.0	0.0	0.0	0.0	0.0	0.0	0.0	0.0	0.0078125	0.0	0.0	0.0	0.0	0.0	0.0039139	0.0	0.0107296	0.0	0.0	0.0	0.0	0.0	0.0	0.0	0.0043103	0.0	0.0153061	0.0119048	0.0	0.0045045	0.0105263	0.0102564	0.0206897	0.0042553	0.0039216	0.0	0.0	0.0	0.0	0.0	0.0	0.0	0.0	0.0	0.0	0.0	0.0	
Chevalier gambette	0.0	0.0	0.0	0.0	0.0	0.0	0.0	0.0	0.0	0.0078125	0.0	0.0020704	0.0024876	0.0025974	0.0057471	0.0015	0.0083799	0.0214592	0.0027397	0.0152284	0.0	0.0	0.0	0.0	0.0	0.0	0.0	0.0153061	0.0059524	0.0	0.0045045	0.0210526	0.0102564	0.0206897	0.0015	0.0039216	0.0	0.0047847	0.0	0.0	0.0	0.0	0.0	0.0	0.0	0.0	0.0	0.0	
Chevalier arlequin	0.0	0.0	0.0	0.0	0.0	0.0	0.0	0.0	0.0	0.0	0.0	0.0	0.0	0.0	0.0019157	0.0039139	0.0	0.0	0.0	0.0	0.0	0.0	0.0	0.0	0.0	0.0043103	0.0	0.0	0.0	0.0	0.0	0.0105263	0.0	0.0	0.0	0.0078431	0.0045662	0.0	0.0	0.0	0.0	0.0	0.0	0.0	0.0	0.0	0.0	0.0	
Chevalier aboyeur	0.0	0.0	0.0	0.0	0.0	0.0	0.0	0.0	0.0	0.0	0.0	0.0	0.0	0.0077922	0.0153257	0.0	0.0195531	0.0128755	0.0	0.0025381	0.0039216	0.0	0.0	0.0	0.0	0.0	0.0	0.0153061	0.0059524	0.0070423	0.018018	0.0210526	0.0461538	0.0758621	0.0382979	0.0392157	0.0091324	0.0047847	0.0092593	0.0	0.0	0.0	0.0	0.0	0.0	0.0100503	0.0	0.0	
Tournepierre à collier	0.0	0.0	0.0	0.0	0.0	0.0	0.0	0.0	0.0	0.0	0.0	0.0	0.0	0.0	0.0	0.0	0.0	0.0	0.0	0.0	0.0	0.0	0.0	0.0	0.0	0.0	0.0	0.0	0.0	0.0	0.0	0.0015	0.0102564	0.0068966	0.0	0.0	0.0	0.0	0.0	0.0	0.0	0.0	0.0	0.0	0.0	0.0	0.0	0.0	
Bécasseau maubèche	0.0	0.0	0.0	0.0	0.0	0.0	0.0	0.0	0.0	0.0	0.0	0.0	0.0	0.0	0.0	0.0	0.0	0.0021459	0.0	0.0	0.0	0.0	0.0	0.0	0.0	0.0	0.0	0.0	0.0	0.0	0.0	0.0	0.0	0.0	0.0042553	0.0078431	0.0045662	0.0	0.0	0.0	0.0	0.0	0.0	0.0	0.0	0.0	0.0	0.0	
Combattant varié	0.0	0.0064516	0.0047393	0.0	0.0	0.0	0.0	0.0	0.0	0.0	0.0	0.0	0.0049751	0.0025974	0.0019157	0.0015	0.0	0.0042918	0.0	0.0	0.0	0.0	0.0	0.0	0.0	0.0	0.0	0.0	0.0	0.0	0.0	0.0157895	0.0307692	0.0551724	0.0340426	0.0235294	0.0410959	0.0	0.0092593	0.0123457	0.0	0.0	0.0	0.0	0.0	0.0100503	0.0	0.0	
Bécasseau cocorli	0.0	0.0	0.0	0.0	0.0	0.0	0.0	0.0	0.0	0.0	0.0	0.0	0.0	0.0	0.0	0.0	0.0	0.0021459	0.0	0.0	0.0	0.0	0.0	0.0	0.0	0.0	0.0	0.0	0.0	0.0	0.0	0.0157895	0.0	0.0344828	0.0212766	0.0078431	0.0045662	0.0	0.0	0.0	0.0	0.0	0.0	0.0	0.0	0.0	0.0	0.0	
Bécasseau de Temminck	0.0	0.0	0.0	0.0	0.0	0.0	0.0	0.0	0.0	0.0	0.0	0.0	0.0	0.0	0.0	0.0019569	0.0	0.0	0.0	0.0	0.0	0.0	0.0	0.0	0.0	0.0	0.0	0.0	0.0	0.0	0.0	0.0	0.0	0.0	0.0	0.0	0.0	0.0	0.0	0.0	0.0	0.0	0.0	0.0	0.0	0.0	0.0	0.0	
Bécasseau sanderling	0.0	0.0	0.0	0.0	0.0	0.0	0.0	0.0	0.0	0.0	0.0	0.0	0.0	0.0	0.0	0.0015	0.0	0.0	0.0	0.0	0.0	0.0	0.0	0.0	0.0	0.0	0.0	0.0	0.0	0.0	0.0	0.0	0.0	0.0	0.0085106	0.0	0.0	0.0	0.0	0.0	0.0	0.0	0.0	0.0	0.0	0.0	0.0	0.0	
Bécasseau variable	0.0045249	0.0064516	0.0094787	0.0	0.0	0.0	0.0	0.0	0.0	0.0	0.0019194	0.0015	0.0	0.0	0.0	0.0	0.0027933	0.0	0.0	0.0025381	0.0	0.0	0.0	0.0	0.0	0.0	0.0	0.005102	0.0	0.0015	0.0015	0.0368421	0.0205128	0.0344828	0.0297872	0.0431373	0.0547945	0.0143541	0.0324074	0.0329218	0.0204082	0.0311111	0.0	0.0159574	0.0	0.0201005	0.0	0.0	
Bécasseau minute	0.0	0.0	0.0	0.0	0.0	0.0	0.0	0.0	0.0	0.0	0.0	0.0	0.0	0.0	0.0	0.0	0.0	0.0021459	0.0	0.0	0.0	0.0	0.0	0.0	0.0	0.0	0.0	0.0	0.0	0.0	0.0	0.0052632	0.0	0.0	0.0170213	0.0117647	0.0091324	0.0047847	0.0	0.0	0.005102	0.0088889	0.0	0.0106383	0.0	0.0150754	0.0	0.0	
Calidris sp. (petit bécasseau sp.)	0.0	0.0	0.0	0.0	0.0	0.0	0.0	0.0	0.0	0.0	0.0	0.0	0.0	0.0	0.0	0.0	0.0	0.0	0.0	0.0	0.0	0.0	0.0	0.0	0.0	0.0	0.0	0.0	0.0	0.0	0.0	0.0	0.0	0.0	0.0	0.0	0.0	0.0	0.0	0.0	0.0	0.0	0.0	0.0015	0.0	0.0	0.0	0.0	
grand limicole sp.	0.0	0.0	0.0	0.0	0.0	0.0	0.0	0.0	0.0	0.0	0.0	0.0	0.0	0.0	0.0	0.0	0.0027933	0.0	0.0	0.0	0.0	0.0	0.0	0.0	0.0	0.0	0.0	0.0	0.0	0.0	0.0	0.0	0.0	0.0	0.0	0.0	0.0	0.0	0.0	0.0	0.0	0.0	0.0	0.0	0.0	0.0	0.0	0.0	
limicole sp.	0.0	0.0	0.0	0.0	0.0	0.0	0.0	0.0	0.0	0.0	0.0	0.0	0.0	0.0	0.0	0.0	0.0	0.0	0.0	0.0	0.0	0.0	0.0	0.0	0.0	0.0	0.0	0.0	0.0	0.0	0.0	0.0	0.0	0.0	0.0	0.0	0.0045662	0.0	0.0092593	0.0	0.0	0.0	0.0	0.0	0.0	0.0	0.0	0.0	
Labbe parasite	0.0	0.0	0.0	0.0	0.0	0.0	0.0	0.0	0.0	0.0	0.0	0.0	0.0	0.0	0.0	0.0	0.0	0.0	0.0	0.0	0.0	0.0	0.0	0.0	0.0	0.0	0.004878	0.0	0.0	0.0	0.0	0.0	0.0	0.0	0.0	0.0	0.0	0.0	0.0	0.0	0.0	0.0	0.0	0.0	0.0	0.0	0.0	0.0	
Labbe pomarin	0.0	0.0	0.0	0.0	0.0	0.0	0.0	0.0	0.0	0.0	0.0	0.0	0.0	0.0	0.0	0.0	0.0015	0.0	0.0	0.0	0.0	0.0	0.0	0.0	0.0	0.0	0.0	0.0	0.0	0.0	0.0	0.0	0.0	0.0	0.0	0.0	0.0	0.0	0.0	0.0	0.0	0.0	0.0	0.0	0.0	0.0	0.0	0.0	
Mouette pygmée	0.0	0.0015	0.0	0.0	0.0	0.0	0.0	0.0	0.0	0.0039063	0.0038388	0.0015	0.0124378	0.0051948	0.0015	0.0019569	0.0055866	0.0	0.0	0.0	0.0	0.0	0.0	0.0	0.0	0.0	0.0	0.0	0.0	0.0	0.0	0.0	0.0	0.0	0.0085106	0.0015	0.0	0.0047847	0.0	0.0082305	0.005102	0.0666667	0.0307692	0.0015	0.0	0.0	0.0015	0.0	
Mouette tridactyle	0.0	0.0	0.0	0.0	0.0	0.0	0.0	0.0	0.0	0.0	0.0	0.0	0.0	0.0	0.0	0.0	0.0	0.0	0.0	0.0	0.0	0.0	0.0	0.0	0.0	0.0	0.0	0.0	0.0	0.0	0.0	0.0	0.0	0.0	0.0	0.0	0.0	0.0	0.0	0.0	0.0	0.0	0.0	0.0106383	0.0	0.0	0.0075188	0.0	
Mouette rieuse	0.3484163	0.4322581	0.3459716	0.3285199	0.4035088	0.3656388	0.3220974	0.2155963	0.3318182	0.2773438	0.2053743	0.2153209	0.2114428	0.187013	0.0996169	0.1448141	0.1368715	0.1888412	0.1342466	0.1827411	0.2117647	0.179402	0.2627737	0.2057971	0.3315508	0.2586207	0.2731707	0.3418367	0.2559524	0.1830986	0.2297297	0.3421053	0.2871795	0.4	0.3574468	0.3882353	0.3105023	0.3157895	0.2777778	0.3703704	0.377551	0.4088889	0.4384615	0.5319149	0.4210526	0.3768844	0.5112782	0.4460967	
Mouette mélanocéphale	0.0	0.0	0.0015	0.0	0.0	0.0044053	0.0074906	0.0229358	0.0181818	0.0429688	0.0268714	0.0662526	0.0547264	0.0623377	0.0210728	0.0176125	0.0307263	0.0214592	0.0027397	0.0228426	0.0156863	0.0166113	0.0218978	0.0057971	0.0106952	0.0043103	0.004878	0.005102	0.0059524	0.0	0.0	0.0	0.0051282	0.0	0.0	0.0	0.0045662	0.0	0.0	0.0	0.0	0.0044444	0.0076923	0.0015	0.0	0.0015	0.0	0.0	
Goéland cendré	0.0045249	0.0064516	0.014218	0.0015	0.0015	0.0044053	0.0	0.0045872	0.0	0.0	0.0019194	0.0041408	0.0024876	0.0	0.0	0.0	0.0	0.0	0.0	0.0	0.0039216	0.0	0.0	0.0	0.0	0.0	0.0	0.0	0.0	0.0	0.0	0.0015	0.0	0.0	0.0	0.0015	0.0	0.0	0.0	0.0041152	0.0102041	0.0	0.0	0.0106383	0.0131579	0.0	0.0150376	0.0015	
Goéland pontique	0.0015	0.0064516	0.014218	0.0036101	0.0015	0.0	0.0	0.0015	0.0	0.0015	0.0	0.0020704	0.0	0.0	0.0	0.0	0.0	0.0	0.0	0.0025381	0.0	0.0	0.0036496	0.0	0.0	0.0	0.0	0.0	0.0	0.0	0.0	0.0	0.0	0.0	0.0	0.0	0.0	0.0047847	0.0	0.0	0.005102	0.0	0.0	0.0106383	0.0	0.0050251	0.0075188	0.0037175	
Goéland argenté	0.0226244	0.0451613	0.0473934	0.0180505	0.0233918	0.0088106	0.0149813	0.0091743	0.0227273	0.0273438	0.0057582	0.0124224	0.0074627	0.0	0.0076628	0.0156556	0.0223464	0.0171674	0.0082192	0.0126904	0.0078431	0.013289	0.0182482	0.026087	0.0213904	0.0215517	0.0146341	0.0153061	0.0178571	0.0492958	0.009009	0.0421053	0.025641	0.0275862	0.0255319	0.0352941	0.0684932	0.0526316	0.037037	0.0329218	0.0510204	0.0311111	0.0538462	0.0904255	0.0197368	0.0251256	0.0827068	0.0260223	
Goéland leucophée	0.0361991	0.0709677	0.028436	0.0361011	0.0467836	0.0176211	0.011236	0.0137615	0.0318182	0.015625	0.0076775	0.0186335	0.0248756	0.012987	0.0057471	0.0097847	0.0139665	0.0193133	0.0027397	0.0203046	0.0196078	0.0199336	0.0109489	0.0144928	0.0160428	0.0344828	0.0390244	0.0459184	0.0297619	0.0422535	0.0135135	0.0473684	0.0923077	0.1448276	0.0893617	0.0666667	0.0913242	0.0861244	0.1018519	0.0987654	0.0867347	0.1111111	0.1	0.0744681	0.1184211	0.0753769	0.112782	0.0446097	
Goéland pontique ou G. leucophée	0.0	0.0	0.0	0.0	0.0	0.0	0.0037453	0.0	0.0	0.0	0.0	0.0	0.0	0.0	0.0	0.0	0.0	0.0	0.0	0.0	0.0	0.0	0.0015	0.0	0.0	0.0	0.0	0.0	0.0	0.0	0.0	0.0	0.0	0.0	0.0042553	0.0	0.0	0.0	0.0	0.0	0.0	0.0	0.0	0.0	0.0	0.0	0.0	0.0	
Goéland argenté ou G. leucophée	0.0	0.0	0.0094787	0.0	0.0	0.0044053	0.0	0.0	0.0045455	0.0	0.0	0.0020704	0.0024876	0.0	0.0	0.0019569	0.0	0.0042918	0.0	0.0	0.0	0.0	0.0	0.0	0.0	0.0	0.0	0.0	0.0	0.0	0.0	0.0052632	0.0051282	0.0068966	0.0	0.0	0.0	0.0	0.0092593	0.0	0.0	0.0044444	0.0	0.0	0.0065789	0.0050251	0.0	0.0074349	
Goéland marin	0.0015	0.0064516	0.0	0.0	0.0	0.0	0.0	0.0	0.0	0.0	0.0	0.0020704	0.0	0.0	0.0	0.0	0.0	0.0	0.0	0.0025381	0.0	0.0	0.0	0.0	0.0	0.0015	0.0	0.0	0.0	0.0	0.0	0.0	0.0	0.0	0.0	0.0	0.0	0.0	0.0046296	0.0	0.0	0.0	0.0	0.0	0.0	0.0	0.0	0.0015	
Goéland brun	0.0316742	0.0387097	0.028436	0.0072202	0.0015	0.0	0.0037453	0.0015	0.0090909	0.0039063	0.0	0.0041408	0.0024876	0.0025974	0.0019157	0.0039139	0.0015	0.0021459	0.0027397	0.0076142	0.0039216	0.0	0.0	0.0	0.0	0.0015	0.0	0.0	0.0059524	0.0070423	0.009009	0.0210526	0.0051282	0.0068966	0.0085106	0.0117647	0.0136986	0.0526316	0.0046296	0.0082305	0.0102041	0.0222222	0.0153846	0.0478723	0.0	0.0050251	0.037594	0.0111524	
Goéland à ailes blanches	0.0	0.0	0.0	0.0	0.0	0.0	0.0	0.0015	0.0	0.0	0.0	0.0	0.0	0.0	0.0	0.0	0.0	0.0	0.0	0.0	0.0	0.0	0.0	0.0	0.0	0.0	0.0	0.0	0.0	0.0	0.0	0.0	0.0	0.0	0.0	0.0	0.0	0.0	0.0	0.0	0.0	0.0	0.0	0.0	0.0	0.0	0.0	0.0	
goéland sp. (Larus sp.)	0.0090498	0.0015	0.0047393	0.0	0.005848	0.0044053	0.0037453	0.0	0.0	0.0	0.0019194	0.0020704	0.0074627	0.0077922	0.0019157	0.0058708	0.0083799	0.0085837	0.0054795	0.0050761	0.0015	0.0	0.0109489	0.0	0.0106952	0.0043103	0.004878	0.0102041	0.0059524	0.0070423	0.0045045	0.0052632	0.0102564	0.0137931	0.0042553	0.0078431	0.0273973	0.0143541	0.0138889	0.0041152	0.0153061	0.0177778	0.0153846	0.0053191	0.0065789	0.0050251	0.0300752	0.0148699	
Sterne naine	0.0	0.0	0.0	0.0	0.0	0.0	0.0	0.0	0.0	0.0	0.0	0.0	0.0	0.0	0.0015	0.0	0.0	0.0015	0.0027397	0.0025381	0.0039216	0.0066445	0.0072993	0.0	0.0	0.0	0.0	0.0102041	0.0	0.0070423	0.0	0.0052632	0.0	0.0	0.0	0.0	0.0	0.0	0.0	0.0	0.0	0.0	0.0	0.0	0.0	0.0	0.0	0.0	
Sterne caspienne	0.0	0.0	0.0	0.0	0.0	0.0	0.0	0.0	0.0	0.0	0.0	0.0	0.0	0.0	0.0	0.0	0.0	0.0	0.0	0.0	0.0	0.0	0.0	0.0028986	0.0	0.0	0.0	0.0	0.0	0.0	0.0	0.0	0.0	0.0275862	0.0	0.0039216	0.0045662	0.0	0.0	0.0	0.0	0.0	0.0	0.0	0.0	0.0	0.0	0.0	
Guifette moustac	0.0	0.0	0.0	0.0	0.0	0.0	0.0	0.0	0.0	0.0	0.0	0.0	0.0099502	0.0077922	0.0015	0.0039139	0.0083799	0.0042918	0.0054795	0.0015	0.0	0.0	0.0	0.0	0.0	0.0	0.0	0.0	0.0	0.0	0.0	0.0	0.0	0.0482759	0.0085106	0.0039216	0.0	0.0	0.0	0.0	0.0	0.0	0.0	0.0	0.0	0.0	0.0	0.0	
Guifette noire	0.0	0.0	0.0	0.0	0.0	0.0	0.0	0.0	0.0	0.0	0.0	0.0	0.0	0.0025974	0.0019157	0.0058708	0.0167598	0.0064378	0.0054795	0.0177665	0.0117647	0.0066445	0.0109489	0.0	0.0053476	0.012931	0.0	0.0102041	0.0	0.0070423	0.027027	0.0578947	0.0358974	0.062069	0.0340426	0.0117647	0.0182648	0.0143541	0.0046296	0.0	0.0	0.0	0.0	0.0	0.0	0.0	0.0	0.0	
Guifette leucoptère	0.0	0.0	0.0	0.0	0.0	0.0	0.0	0.0	0.0	0.0	0.0	0.0	0.0	0.0	0.0	0.0	0.0	0.0	0.0	0.0	0.0039216	0.0	0.0	0.0	0.0	0.0	0.0	0.0	0.0	0.0	0.0	0.0	0.0	0.0	0.0	0.0039216	0.0	0.0	0.0601852	0.0493827	0.0306122	0.08	0.0307692	0.0	0.0	0.0	0.0	0.0	
Sterne arctique	0.0	0.0	0.0	0.0	0.0	0.0	0.0	0.0	0.0	0.0	0.0	0.0	0.0	0.0	0.0	0.0	0.0	0.0	0.0	0.0	0.0	0.0	0.0	0.0	0.0	0.0	0.0	0.0	0.0	0.0	0.0	0.0	0.0	0.0068966	0.0	0.0	0.0	0.0	0.0	0.0	0.0	0.0	0.0	0.0	0.0	0.0	0.0	0.0	
Sterne pierregarin	0.0	0.0	0.0	0.0	0.0	0.0	0.0	0.0	0.0	0.0	0.0	0.0351967	0.0920398	0.0935065	0.0555556	0.0880626	0.0865922	0.0944206	0.0438356	0.1116751	0.0862745	0.0863787	0.1240876	0.1101449	0.1925134	0.1465517	0.1560976	0.1581633	0.1190476	0.0985915	0.0765766	0.1315789	0.1333333	0.1241379	0.0340426	0.0235294	0.0273973	0.0095694	0.0046296	0.0	0.0	0.0	0.0	0.0	0.0	0.0	0.0	0.0	
Sterne caugek	0.0	0.0	0.0	0.0	0.0	0.0	0.0	0.0	0.0	0.0	0.0	0.0	0.0	0.0	0.0	0.0	0.0015	0.0	0.0	0.0	0.0	0.0	0.0	0.0	0.0	0.0043103	0.0	0.0	0.0	0.0	0.0	0.0	0.0	0.0	0.0	0.0	0.0	0.0	0.0	0.0	0.0	0.0	0.0	0.0	0.0	0.0	0.0	0.0	
sterne sp.	0.0	0.0	0.0	0.0	0.0	0.0	0.0	0.0	0.0	0.0	0.0	0.0	0.0	0.0	0.0	0.0	0.0	0.0	0.0	0.0025381	0.0	0.0	0.0	0.0015	0.0	0.0	0.0	0.0	0.0	0.0	0.0	0.0	0.0	0.0	0.0	0.0	0.0	0.0	0.0	0.0	0.0	0.0	0.0	0.0	0.0	0.0	0.0	0.0	
Grèbe castagneux	0.0859729	0.1290323	0.0758294	0.1191336	0.1461988	0.0837004	0.1198502	0.1009174	0.1045455	0.109375	0.1036468	0.1014493	0.1318408	0.0909091	0.0574713	0.0626223	0.0670391	0.0643777	0.0328767	0.0812183	0.0588235	0.0664452	0.0693431	0.0608696	0.0695187	0.0344828	0.0487805	0.0969388	0.0714286	0.028169	0.0495495	0.0789474	0.0871795	0.1241379	0.1319149	0.1372549	0.0730594	0.0861244	0.087963	0.0617284	0.1071429	0.1288889	0.1153846	0.1117021	0.125	0.120603	0.112782	0.1375465	
Grèbe esclavon	0.0	0.0	0.0094787	0.0	0.0	0.0	0.0	0.0	0.0	0.0	0.0	0.0	0.0	0.0	0.0	0.0	0.0	0.0	0.0	0.0	0.0	0.0	0.0	0.0	0.0	0.0	0.0	0.0	0.0	0.0	0.0	0.0	0.0	0.0	0.0	0.0	0.0	0.0	0.0	0.0	0.0	0.0	0.0	0.0	0.0	0.0	0.0	0.0	
Grèbe jougris	0.0	0.0	0.0	0.0	0.0	0.0	0.0	0.0	0.0	0.0	0.0	0.0	0.0	0.0	0.0	0.0	0.0	0.0	0.0	0.0	0.0	0.0	0.0	0.0	0.0	0.0	0.0	0.0	0.0	0.0	0.0	0.0	0.0	0.0	0.0	0.0	0.0	0.0	0.0	0.0	0.0	0.0	0.0	0.0	0.0065789	0.0	0.0	0.0	
Grèbe huppé	0.1719457	0.2258065	0.1042654	0.1299639	0.2046784	0.185022	0.1910112	0.1330275	0.1681818	0.1914063	0.1266795	0.1614907	0.181592	0.1662338	0.0957854	0.0939335	0.1117318	0.0965665	0.0958904	0.1142132	0.0901961	0.0963455	0.1277372	0.0898551	0.1283422	0.0689655	0.102439	0.0867347	0.0714286	0.0774648	0.0855856	0.1263158	0.1230769	0.1586207	0.1276596	0.1843137	0.1278539	0.1100478	0.1296296	0.1769547	0.1683673	0.2044444	0.1769231	0.212766	0.2171053	0.201005	0.2556391	0.2267658	
Grèbe à cou noir	0.0	0.0015	0.0	0.0	0.005848	0.0132159	0.0	0.0	0.0045455	0.0015	0.0019194	0.0015	0.0024876	0.0051948	0.0	0.0015	0.0055866	0.0042918	0.0	0.0015	0.0	0.0066445	0.0109489	0.0	0.0	0.0	0.0	0.0	0.0	0.0	0.0	0.0	0.0051282	0.0	0.0015	0.0	0.0	0.0	0.0	0.0	0.0	0.0	0.0015	0.0	0.0065789	0.0	0.0150376	0.0074349	
Plongeon catmarin	0.0	0.0	0.0	0.0	0.0	0.0	0.0	0.0	0.0	0.0	0.0	0.0	0.0	0.0	0.0	0.0	0.0	0.0	0.0	0.0	0.0	0.0	0.0	0.0	0.0	0.0	0.0	0.0	0.0	0.0	0.0	0.0	0.0	0.0	0.0	0.0	0.0	0.0	0.0	0.0	0.0	0.0044444	0.0	0.0053191	0.0065789	0.0	0.0	0.0	
Plongeon arctique	0.0	0.0	0.0	0.0	0.0	0.0	0.0	0.0	0.0	0.0	0.0	0.0	0.0	0.0	0.0	0.0	0.0	0.0	0.0	0.0	0.0	0.0	0.0	0.0	0.0	0.0	0.0	0.0	0.0	0.0	0.0	0.0	0.0	0.0	0.0	0.0	0.0	0.0	0.0	0.0041152	0.0	0.0	0.0	0.0015	0.0	0.0	0.0	0.0074349	
Plongeon imbrin	0.0135747	0.0193548	0.0015	0.0036101	0.0	0.0	0.0	0.0	0.0	0.0	0.0	0.0	0.0	0.0	0.0	0.0	0.0	0.0	0.0	0.0	0.0	0.0	0.0	0.0	0.0	0.0	0.0	0.0	0.0	0.0	0.0	0.0	0.0	0.0	0.0	0.0	0.0	0.0	0.0	0.0	0.0	0.0	0.0	0.0	0.0	0.0100503	0.0150376	0.0074349	
Océanite culblanc	0.0	0.0	0.0	0.0	0.0	0.0	0.0	0.0	0.0	0.0	0.0	0.0	0.0	0.0	0.0	0.0	0.0	0.0	0.0	0.0	0.0	0.0	0.0	0.0	0.0	0.0	0.0	0.0	0.0	0.0	0.0	0.0	0.0	0.0	0.0	0.0	0.0	0.0	0.0	0.0	0.0153061	0.0	0.0	0.0	0.0	0.0	0.0	0.0	
Cigogne noire	0.0	0.0	0.0	0.0	0.0	0.0	0.0	0.0	0.0	0.0	0.0	0.0	0.0024876	0.0025974	0.0	0.0	0.0	0.0	0.0	0.0	0.0	0.0	0.0	0.0	0.0	0.012931	0.0	0.0	0.0	0.0	0.0015	0.0	0.0	0.0	0.0042553	0.0	0.0	0.0	0.0	0.0	0.0	0.0	0.0	0.0	0.0	0.0	0.0	0.0	
Cigogne blanche	0.0	0.0	0.0047393	0.0015	0.0	0.0	0.0037453	0.0045872	0.0	0.0	0.0019194	0.0020704	0.0024876	0.0051948	0.0019157	0.0	0.0	0.0015	0.0027397	0.0025381	0.0	0.0	0.0	0.0	0.0053476	0.0	0.0	0.0015	0.0015	0.0015	0.0	0.0	0.0051282	0.0344828	0.0	0.0	0.0	0.0047847	0.0015	0.0	0.0	0.0	0.0	0.0	0.0	0.0050251	0.0	0.0	
Grand Cormoran	0.3438914	0.4387097	0.3033175	0.234657	0.3918129	0.3259912	0.2921348	0.2110092	0.3045455	0.2773438	0.2092131	0.2691511	0.2313433	0.2051948	0.1340996	0.1448141	0.1201117	0.1223176	0.0849315	0.1370558	0.1137255	0.1561462	0.1313869	0.1246377	0.1925134	0.1810345	0.204878	0.2295918	0.1607143	0.1197183	0.1621622	0.2526316	0.2410256	0.3172414	0.3021277	0.3019608	0.2968037	0.3014354	0.2962963	0.345679	0.3316327	0.4133333	0.3923077	0.4414894	0.4210526	0.3266332	0.481203	0.4237918	
Cormoran huppé	0.0	0.0	0.0	0.0	0.0	0.0	0.0	0.0	0.0	0.0	0.0	0.0	0.0	0.0	0.0	0.0	0.0	0.0	0.0	0.0	0.0	0.0	0.0	0.0	0.0	0.0	0.0	0.0	0.0	0.0070423	0.0	0.0	0.0	0.0	0.0	0.0	0.0	0.0015	0.0	0.0	0.0	0.0	0.0	0.0	0.0	0.0	0.0	0.0	
Ibis falcinelle	0.0	0.0	0.0	0.0	0.0	0.0	0.0	0.0	0.0	0.0	0.0	0.0	0.0	0.0	0.0	0.0	0.0	0.0	0.0	0.0	0.0	0.0	0.0	0.0	0.0	0.0	0.0	0.0	0.0	0.0	0.0	0.0	0.0	0.0068966	0.0	0.0	0.0	0.0	0.0	0.0	0.0	0.0	0.0	0.0	0.0	0.0	0.0	0.0	
Spatule blanche	0.0	0.0	0.0	0.0072202	0.0	0.0	0.0	0.0	0.0	0.0	0.0038388	0.0062112	0.0024876	0.0	0.0	0.0019569	0.0	0.0	0.0	0.0	0.0	0.0015	0.0	0.0057971	0.0106952	0.0043103	0.004878	0.0	0.0	0.0	0.018018	0.0210526	0.0512821	0.0689655	0.0510638	0.0509804	0.0456621	0.0095694	0.0046296	0.0082305	0.0102041	0.0133333	0.0	0.0106383	0.0065789	0.0050251	0.0	0.0037175	
Butor étoilé	0.0045249	0.0064516	0.0094787	0.0108303	0.005848	0.0015	0.0	0.0	0.0	0.0015	0.0	0.0041408	0.0024876	0.0	0.0	0.0	0.0	0.0	0.0	0.0	0.0	0.0	0.0	0.0	0.0	0.0	0.0	0.0	0.0	0.0	0.0	0.0	0.0051282	0.0068966	0.0042553	0.0039216	0.0045662	0.0047847	0.0015	0.0	0.0153061	0.0266667	0.0461538	0.037234	0.0460526	0.0150754	0.0150376	0.0074349	
Blongios nain	0.0	0.0	0.0	0.0	0.0	0.0	0.0	0.0	0.0	0.0	0.0	0.0	0.0	0.0	0.0	0.0	0.0	0.0021459	0.0027397	0.0050761	0.0039216	0.0166113	0.0072993	0.0	0.0320856	0.0043103	0.0146341	0.005102	0.0178571	0.0070423	0.0	0.0263158	0.0102564	0.0137931	0.0042553	0.0	0.0	0.0	0.0	0.0	0.0	0.0	0.0	0.0	0.0	0.0	0.0	0.0	
Bihoreau gris	0.0090498	0.0322581	0.0094787	0.0108303	0.0350877	0.0132159	0.0074906	0.0	0.0045455	0.0039063	0.0095969	0.0124224	0.0	0.0	0.0	0.0	0.0	0.0	0.0	0.0025381	0.0	0.0015	0.0036496	0.0028986	0.0160428	0.0172414	0.0097561	0.0306122	0.0238095	0.0140845	0.0225225	0.0421053	0.0205128	0.0413793	0.012766	0.0078431	0.0	0.0047847	0.0	0.0123457	0.005102	0.0755556	0.0538462	0.0585106	0.0460526	0.0150754	0.0075188	0.0148699	
Aigrette garzette	0.040724	0.0580645	0.0094787	0.0216606	0.0116959	0.0264317	0.0187266	0.0091743	0.0045455	0.0117188	0.0076775	0.0165631	0.0348259	0.0155844	0.0114943	0.0078278	0.0307263	0.0150215	0.0109589	0.0329949	0.027451	0.0099668	0.0474453	0.0434783	0.0909091	0.0689655	0.0585366	0.0816327	0.0535714	0.056338	0.0630631	0.1210526	0.1641026	0.1793103	0.1531915	0.1529412	0.1187215	0.0526316	0.1018519	0.1193416	0.0714286	0.1244444	0.0692308	0.0797872	0.0526316	0.0100503	0.0300752	0.0260223	
Héron garde-boeufs	0.0	0.0	0.0	0.0036101	0.0	0.0	0.0	0.0	0.0045455	0.0	0.0	0.010352	0.0223881	0.012987	0.0153257	0.0097847	0.0195531	0.027897	0.0164384	0.0456853	0.0392157	0.0232558	0.0474453	0.0115942	0.0802139	0.0301724	0.0390244	0.0357143	0.0238095	0.0140845	0.036036	0.0631579	0.0461538	0.0206897	0.0085106	0.0039216	0.0045662	0.0	0.0277778	0.0041152	0.005102	0.0	0.0	0.0	0.0	0.0	0.0075188	0.0	
Grande Aigrette	0.1493213	0.2193548	0.1090047	0.1191336	0.1520468	0.1145374	0.0861423	0.0963303	0.0863636	0.0820313	0.0652591	0.0641822	0.0646766	0.0285714	0.0363985	0.035225	0.027933	0.0107296	0.0136986	0.0304569	0.027451	0.0299003	0.0145985	0.0173913	0.0641711	0.0732759	0.0536585	0.0867347	0.0833333	0.0492958	0.1036036	0.1368421	0.1692308	0.2068966	0.2	0.1921569	0.1552511	0.15311	0.162037	0.1522634	0.1326531	0.2444444	0.1538462	0.1914894	0.1907895	0.2160804	0.2030075	0.1784387	
Héron cendré	0.2760181	0.4	0.2843602	0.2238267	0.2982456	0.2422907	0.2359551	0.2110092	0.2227273	0.2539063	0.1765835	0.2360248	0.2636816	0.2649351	0.1800766	0.2015656	0.1955307	0.1802575	0.1534247	0.2081218	0.1568627	0.1893688	0.2189781	0.1768116	0.2459893	0.2025862	0.2439024	0.2397959	0.202381	0.2042254	0.2432432	0.3263158	0.3538462	0.3862069	0.3574468	0.3568627	0.3150685	0.2679426	0.2731481	0.2674897	0.2704082	0.3911111	0.2846154	0.3882979	0.3618421	0.3366834	0.3909774	0.3494424	
Héron pourpré	0.0	0.0	0.0	0.0	0.0	0.0	0.0	0.0	0.0	0.0	0.0	0.0	0.0	0.0025974	0.0	0.0019569	0.0111732	0.0	0.0	0.0	0.0	0.0	0.0	0.0	0.0	0.0043103	0.004878	0.0204082	0.0	0.0140845	0.0045045	0.0052632	0.0307692	0.0068966	0.0	0.0	0.0	0.0	0.0	0.0	0.0	0.0	0.0	0.0	0.0	0.0	0.0	0.0	
Pélican frisé	0.0	0.0	0.0	0.0	0.0	0.0	0.0	0.0	0.0	0.0	0.0	0.0	0.0	0.0	0.0	0.0	0.0	0.0	0.0	0.0	0.0	0.0	0.0	0.0	0.0	0.0	0.0	0.0	0.0	0.0	0.0	0.0	0.0	0.0015	0.0	0.0	0.0	0.0	0.0	0.0	0.0	0.0	0.0	0.0	0.0	0.0	0.0	0.0	
Balbuzard pêcheur	0.0	0.0	0.0	0.0	0.0	0.0	0.0	0.0	0.0	0.0	0.0	0.0041408	0.0124378	0.0103896	0.0057471	0.0039139	0.0027933	0.0042918	0.0082192	0.0025381	0.0	0.0	0.0072993	0.0028986	0.0	0.0043103	0.0	0.0255102	0.0178571	0.0015	0.009009	0.0105263	0.0410256	0.0551724	0.0638298	0.0352941	0.0091324	0.0047847	0.0185185	0.0041152	0.0	0.0	0.0	0.0	0.0	0.0	0.0	0.0	
Élanion blanc	0.0015	0.0064516	0.0	0.0	0.0	0.0	0.0	0.0	0.0	0.0	0.0	0.0	0.0	0.0	0.0	0.0	0.0	0.0021459	0.0	0.0	0.0	0.0	0.0036496	0.0	0.0	0.0	0.0	0.0	0.0	0.0	0.0	0.0052632	0.0	0.0068966	0.0	0.0	0.0	0.0015	0.0	0.0	0.0	0.0044444	0.0	0.0	0.0	0.0	0.0	0.0	
Bondrée apivore	0.0	0.0	0.0	0.0	0.0	0.0	0.0	0.0	0.0	0.0	0.0	0.0	0.0	0.0	0.0	0.0019569	0.0055866	0.0171674	0.0219178	0.0177665	0.0156863	0.0232558	0.0036496	0.0115942	0.026738	0.0387931	0.0390244	0.0510204	0.0595238	0.0352113	0.036036	0.0526316	0.0102564	0.0068966	0.0085106	0.0	0.0	0.0	0.0	0.0	0.0	0.0	0.0	0.0	0.0	0.0	0.0	0.0	
Vautour fauve	0.0	0.0	0.0	0.0	0.0	0.0	0.0	0.0	0.0	0.0	0.0	0.0	0.0	0.0	0.0	0.0	0.0	0.0	0.0	0.0	0.0	0.0	0.0036496	0.0	0.0	0.0	0.0	0.0	0.0	0.0	0.0	0.0	0.0	0.0	0.0	0.0	0.0	0.0	0.0	0.0	0.0	0.0	0.0	0.0	0.0	0.0	0.0	0.0	
Circaète Jean-le-Blanc	0.0	0.0	0.0	0.0	0.0	0.0	0.0	0.0	0.0	0.0	0.0	0.0	0.0	0.0	0.0	0.0	0.0	0.0021459	0.0	0.0	0.0015	0.0	0.0	0.0	0.0	0.0	0.0	0.0	0.0	0.0	0.0	0.0	0.0	0.0	0.0	0.0	0.0	0.0	0.0	0.0	0.0	0.0	0.0	0.0	0.0	0.0	0.0	0.0	
Aigle botté	0.0	0.0	0.0	0.0	0.0	0.0	0.0	0.0	0.0	0.0	0.0	0.0	0.0	0.0	0.0	0.0	0.0	0.0015	0.0027397	0.0	0.0	0.0	0.0	0.0	0.0	0.0	0.0	0.0	0.0	0.0015	0.0	0.0	0.0	0.0	0.0	0.0	0.0	0.0	0.0	0.0	0.0	0.0	0.0	0.0	0.0	0.0	0.0	0.0	
Épervier d'Europe	0.0361991	0.0451613	0.0236967	0.0180505	0.0116959	0.030837	0.0374532	0.0321101	0.0409091	0.0195313	0.024952	0.0351967	0.0447761	0.0649351	0.0344828	0.0234834	0.027933	0.0150215	0.0082192	0.0152284	0.0117647	0.0232558	0.0182482	0.0115942	0.026738	0.0086207	0.0097561	0.0561224	0.0416667	0.0422535	0.036036	0.0631579	0.0717949	0.0827586	0.0510638	0.0352941	0.0730594	0.0334928	0.0324074	0.0452675	0.0459184	0.0533333	0.0769231	0.0691489	0.0526316	0.0552764	0.0601504	0.0446097	
Autour des palombes	0.0	0.0064516	0.0094787	0.0036101	0.0015	0.0015	0.0015	0.0	0.0045455	0.0	0.0019194	0.0	0.0	0.0	0.0	0.0	0.0	0.0	0.0	0.0	0.0	0.0015	0.0036496	0.0015	0.0	0.0	0.004878	0.005102	0.0015	0.0015	0.0	0.0015	0.0102564	0.0	0.0	0.0015	0.0	0.0015	0.0	0.0	0.005102	0.0	0.0	0.0	0.0065789	0.0	0.0	0.0037175	
Busard des roseaux	0.0	0.0	0.0	0.0	0.005848	0.0	0.0037453	0.0045872	0.0136364	0.0078125	0.0095969	0.0227743	0.0273632	0.0233766	0.0210728	0.0136986	0.0111732	0.0128755	0.0027397	0.0076142	0.0117647	0.0099668	0.0	0.0144928	0.0053476	0.0	0.0097561	0.0	0.0015	0.0015	0.009009	0.0315789	0.0461538	0.062069	0.0680851	0.0196078	0.0045662	0.0047847	0.0015	0.0082305	0.0	0.0311111	0.0	0.0106383	0.0131579	0.0	0.0	0.0	
Busard Saint-Martin	0.0271493	0.0258065	0.0094787	0.0180505	0.0015	0.0044053	0.011236	0.0137615	0.0090909	0.0078125	0.0038388	0.0062112	0.0223881	0.012987	0.0076628	0.0156556	0.0167598	0.0236052	0.0054795	0.0126904	0.0196078	0.0033223	0.0218978	0.026087	0.0106952	0.0215517	0.004878	0.0	0.0119048	0.0	0.0045045	0.0105263	0.0307692	0.0015	0.0042553	0.0156863	0.0136986	0.0095694	0.0231481	0.0041152	0.0102041	0.0266667	0.0076923	0.0106383	0.0131579	0.0351759	0.0150376	0.0148699	
Busard cendré	0.0	0.0	0.0	0.0	0.0	0.0	0.0	0.0	0.0	0.0	0.0	0.0	0.0	0.0025974	0.0019157	0.0019569	0.0	0.0	0.0	0.0025381	0.0	0.0	0.0	0.0	0.0053476	0.0	0.0	0.0	0.0	0.0	0.0	0.0052632	0.0051282	0.0068966	0.0	0.0	0.0	0.0	0.0	0.0	0.0	0.0	0.0	0.0	0.0	0.0	0.0	0.0	
busard sp.	0.0	0.0	0.0	0.0	0.0	0.0	0.0	0.0	0.0	0.0	0.0	0.0	0.0	0.0025974	0.0	0.0	0.0	0.0	0.0	0.0	0.0	0.0	0.0	0.0	0.0	0.0	0.0	0.0	0.0	0.0	0.0	0.0	0.0	0.0	0.0	0.0	0.0	0.0	0.0	0.0	0.0	0.0	0.0	0.0	0.0	0.0	0.0	0.0	
Milan royal	0.0	0.0064516	0.0015	0.0	0.0	0.0	0.0	0.0	0.0	0.0015	0.0015	0.0015	0.0	0.0051948	0.0	0.0	0.0027933	0.0	0.0027397	0.0	0.0	0.0	0.0036496	0.0	0.0	0.0	0.0	0.0	0.0059524	0.0	0.0	0.0	0.0	0.0	0.0	0.0	0.0	0.0	0.0	0.0	0.0	0.0	0.0	0.0	0.0	0.0	0.0	0.0	
Milan noir	0.0	0.0	0.0	0.0	0.0	0.0	0.0	0.0	0.0	0.0	0.0038388	0.010352	0.0323383	0.0233766	0.0114943	0.0136986	0.0307263	0.0257511	0.0164384	0.0279188	0.0313725	0.0199336	0.0510949	0.0086957	0.0534759	0.0258621	0.0536585	0.0408163	0.0297619	0.0140845	0.0045045	0.0052632	0.0	0.0	0.0042553	0.0	0.0	0.0	0.0	0.0	0.0	0.0	0.0	0.0	0.0	0.0	0.0	0.0	
Buse variable	0.1900452	0.1806452	0.1848341	0.1588448	0.1929825	0.2334802	0.2284644	0.2752294	0.1954545	0.2109375	0.1823417	0.2505176	0.2711443	0.2415584	0.1724138	0.1604697	0.1536313	0.1480687	0.139726	0.1598985	0.1098039	0.1295681	0.1423358	0.1449275	0.1497326	0.2025862	0.195122	0.1836735	0.2440476	0.2042254	0.2072072	0.2052632	0.2461538	0.2758621	0.2553191	0.227451	0.2146119	0.15311	0.1990741	0.1563786	0.1479592	0.1777778	0.1307692	0.1914894	0.1381579	0.2211055	0.1729323	0.1858736	
rapace sp.	0.0015	0.0	0.0	0.0036101	0.0	0.0	0.0	0.0	0.0	0.0	0.0	0.0	0.0	0.0	0.0019157	0.0015	0.0	0.0	0.0	0.0025381	0.0	0.0	0.0036496	0.0	0.0	0.0043103	0.0	0.005102	0.0	0.0	0.0	0.0	0.0051282	0.0	0.0	0.0	0.0045662	0.0	0.0	0.0	0.0	0.0	0.0	0.0	0.0	0.0050251	0.0	0.0	
Effraie des clochers	0.0	0.0	0.0	0.0015	0.0015	0.0	0.0	0.0	0.0015	0.0015	0.0019194	0.0020704	0.0124378	0.0	0.0015	0.0	0.0	0.0015	0.0	0.0015	0.0015	0.0015	0.0	0.0086957	0.0	0.0043103	0.0015	0.0015	0.0059524	0.0140845	0.0045045	0.0210526	0.0051282	0.0137931	0.0015	0.0196078	0.0	0.0047847	0.0015	0.0	0.0	0.0	0.0	0.0	0.0	0.0	0.0	0.0	
Chevêche d'Athéna	0.0	0.0	0.0	0.0	0.0	0.0132159	0.0	0.0	0.0136364	0.0015	0.0115163	0.0124224	0.0174129	0.0025974	0.0019157	0.0	0.0111732	0.0021459	0.0	0.0025381	0.0	0.0	0.0109489	0.0057971	0.0	0.0015	0.0	0.0102041	0.0059524	0.0	0.0045045	0.0368421	0.0205128	0.0206897	0.0	0.0	0.0	0.0	0.0	0.0	0.0	0.0	0.0	0.0	0.0	0.0	0.0	0.0	
Chouette hulotte	0.0090498	0.0258065	0.014218	0.0072202	0.005848	0.0044053	0.0262172	0.0045872	0.0318182	0.0234375	0.0153551	0.0144928	0.0149254	0.025974	0.0076628	0.0078278	0.027933	0.0321888	0.030137	0.0152284	0.0078431	0.0099668	0.0109489	0.0057971	0.0053476	0.0258621	0.0097561	0.0204082	0.0178571	0.0140845	0.018018	0.0105263	0.0512821	0.0827586	0.0468085	0.0392157	0.0456621	0.0382775	0.0416667	0.0288066	0.005102	0.0133333	0.0076923	0.0159574	0.0015	0.0015	0.0225564	0.0074349	
Hibou moyen-duc	0.0045249	0.0	0.0094787	0.0036101	0.005848	0.0044053	0.011236	0.0	0.0	0.0039063	0.0019194	0.0	0.0174129	0.0051948	0.0038314	0.0039139	0.0111732	0.0042918	0.0015	0.0	0.0039216	0.0015	0.0036496	0.0	0.0	0.0015	0.0	0.0	0.0059524	0.0070423	0.0	0.0052632	0.0051282	0.0	0.0	0.0	0.0	0.0	0.0	0.0	0.0	0.0044444	0.0	0.0053191	0.0	0.0050251	0.0150376	0.0037175	
Hibou des marais	0.0135747	0.0	0.0094787	0.0072202	0.005848	0.0015	0.0187266	0.0183486	0.0	0.0015	0.0019194	0.0	0.0	0.0015	0.0	0.0	0.0	0.0	0.0	0.0	0.0	0.0	0.0	0.0	0.0	0.0	0.0	0.0	0.0	0.0	0.0	0.0	0.0	0.0	0.0	0.0	0.0045662	0.0047847	0.0	0.0	0.0	0.0044444	0.0	0.0106383	0.0015	0.0201005	0.0150376	0.0185874	
Huppe fasciée	0.0	0.0	0.0	0.0	0.0	0.0	0.0	0.0	0.0	0.0	0.0	0.0041408	0.0024876	0.0	0.0019157	0.0039139	0.0027933	0.0042918	0.0054795	0.0025381	0.0	0.0	0.0	0.0	0.0053476	0.0	0.0	0.0	0.0	0.0	0.0045045	0.0052632	0.0	0.0	0.0	0.0	0.0	0.0015	0.0	0.0	0.0	0.0	0.0	0.0	0.0	0.0	0.0	0.0	
Guêpier d'Europe	0.0	0.0	0.0	0.0	0.0	0.0	0.0	0.0	0.0	0.0	0.0	0.0	0.0	0.0	0.0	0.0	0.0027933	0.0021459	0.0	0.0025381	0.0	0.0	0.0	0.0028986	0.0	0.0	0.0	0.0	0.0178571	0.0	0.0	0.0	0.0	0.0	0.0	0.0	0.0	0.0	0.0	0.0	0.0	0.0	0.0	0.0	0.0	0.0	0.0	0.0	
Martin-pêcheur d'Europe	0.0995475	0.0967742	0.0758294	0.0613718	0.0409357	0.0396476	0.0898876	0.0321101	0.0227273	0.03125	0.0460653	0.0662526	0.0447761	0.0285714	0.0402299	0.0195695	0.0223464	0.0386266	0.0109589	0.0456853	0.0078431	0.0465116	0.0547445	0.0724638	0.0855615	0.0603448	0.1121951	0.1479592	0.0654762	0.1126761	0.1216216	0.1315789	0.1846154	0.2137931	0.1574468	0.145098	0.1461187	0.1339713	0.1342593	0.1522634	0.1428571	0.2488889	0.1846154	0.1861702	0.2105263	0.1708543	0.2105263	0.1412639	
Torcol fourmilier	0.0	0.0	0.0	0.0	0.0	0.0	0.0	0.0	0.0	0.0	0.0	0.0	0.0	0.0025974	0.0015	0.0039139	0.0015	0.0	0.0	0.0	0.0	0.0	0.0	0.0	0.0	0.0	0.0015	0.0	0.0	0.0	0.0045045	0.0052632	0.0051282	0.0068966	0.0	0.0078431	0.0	0.0	0.0	0.0	0.0	0.0	0.0	0.0	0.0	0.0	0.0	0.0	
Pic mar	0.0678733	0.0903226	0.07109	0.1191336	0.0994152	0.123348	0.1161049	0.059633	0.1045455	0.0585938	0.1017274	0.1118012	0.0696517	0.0701299	0.059387	0.0430528	0.027933	0.0429185	0.0383562	0.0786802	0.0431373	0.076412	0.1277372	0.1246377	0.0909091	0.0905172	0.097561	0.1173469	0.0535714	0.0633803	0.0855856	0.0684211	0.0461538	0.0689655	0.0553191	0.0313725	0.0593607	0.0909091	0.0787037	0.0987654	0.1020408	0.1066667	0.1153846	0.0904255	0.0723684	0.0603015	0.0977444	0.070632	
Pic épeiche	0.361991	0.3870968	0.3222749	0.3429603	0.374269	0.2907489	0.3520599	0.2844037	0.3363636	0.2578125	0.2629559	0.2857143	0.2810945	0.2363636	0.2011494	0.1937378	0.1815642	0.2145923	0.2136986	0.322335	0.2588235	0.3189369	0.2956204	0.2753623	0.3262032	0.2672414	0.2829268	0.3265306	0.3095238	0.3661972	0.3333333	0.2578947	0.3076923	0.3862069	0.2978723	0.372549	0.3926941	0.3110048	0.3657407	0.3786008	0.4387755	0.3911111	0.4153846	0.3457447	0.3289474	0.4522613	0.4661654	0.3011152	
Dendrocopos sp.	0.0	0.0	0.0	0.0	0.0	0.0	0.0	0.0	0.0	0.0015	0.0	0.0	0.0	0.0	0.0	0.0	0.0	0.0	0.0	0.0	0.0	0.0	0.0	0.0	0.0	0.0	0.0	0.0	0.0059524	0.0	0.0015	0.0	0.0	0.0	0.0	0.0	0.0045662	0.0	0.0046296	0.0	0.0	0.0	0.0	0.0	0.0	0.0	0.0	0.0	
Pic épeichette	0.0180995	0.0258065	0.0189573	0.0252708	0.0350877	0.0352423	0.0262172	0.0137615	0.0363636	0.0234375	0.0172745	0.0269151	0.0149254	0.0077922	0.0095785	0.0156556	0.0083799	0.0021459	0.0054795	0.0177665	0.0078431	0.0066445	0.0255474	0.0115942	0.0320856	0.0258621	0.0292683	0.0357143	0.0059524	0.0070423	0.0315315	0.0315789	0.0358974	0.0344828	0.0170213	0.0078431	0.0182648	0.0382775	0.0324074	0.037037	0.0459184	0.0488889	0.0461538	0.0265957	0.0065789	0.0452261	0.0150376	0.0148699	
Pic vert	0.2624434	0.3225806	0.2180095	0.2779783	0.3040936	0.2422907	0.2958801	0.2706422	0.3863636	0.3710938	0.2725528	0.378882	0.3781095	0.3298701	0.2279693	0.2015656	0.2067039	0.2081545	0.1780822	0.215736	0.1568627	0.2026578	0.1934307	0.2608696	0.2834225	0.3189655	0.3268293	0.3928571	0.3452381	0.2183099	0.2927928	0.3368421	0.4	0.4413793	0.3659574	0.3647059	0.347032	0.3253589	0.3472222	0.3251029	0.3367347	0.3244444	0.3076923	0.3031915	0.2236842	0.2964824	0.3458647	0.2453532	
Pic noir	0.0452489	0.0516129	0.0379147	0.0361011	0.0233918	0.0704846	0.0449438	0.0366972	0.0409091	0.0351563	0.0287908	0.0207039	0.0298507	0.0337662	0.0268199	0.0156556	0.0307263	0.0300429	0.0438356	0.0304569	0.0196078	0.0166113	0.0036496	0.0173913	0.0160428	0.012931	0.0341463	0.0102041	0.0238095	0.0070423	0.045045	0.0263158	0.0358974	0.0206897	0.0212766	0.0196078	0.0365297	0.0287081	0.0462963	0.0288066	0.0204082	0.0311111	0.0230769	0.0265957	0.0131579	0.0050251	0.0150376	0.0297398	
pic sp.	0.0045249	0.0	0.0	0.0	0.0	0.0	0.0	0.0	0.0	0.0	0.0	0.0	0.0	0.0	0.0	0.0	0.0	0.0	0.0	0.0	0.0	0.0	0.0	0.0028986	0.0	0.0	0.0	0.0	0.0	0.0	0.0	0.0	0.0	0.0	0.0	0.0	0.0	0.0	0.0	0.0	0.0	0.0	0.0	0.0	0.0	0.0	0.0	0.0	
Faucon crécerelle	0.1221719	0.0903226	0.1469194	0.1155235	0.0701754	0.1057269	0.1011236	0.1100917	0.1045455	0.1132813	0.0825336	0.115942	0.1517413	0.1350649	0.1187739	0.109589	0.1424581	0.1287554	0.1232877	0.1522843	0.1333333	0.1096346	0.149635	0.1043478	0.1657754	0.1077586	0.0829268	0.122449	0.1130952	0.056338	0.0810811	0.1210526	0.1589744	0.1310345	0.2042553	0.1333333	0.1506849	0.15311	0.1481481	0.0946502	0.122449	0.12	0.0846154	0.1329787	0.1315789	0.1356784	0.1278195	0.1189591	
Faucon émerillon	0.0	0.0	0.0	0.0	0.0	0.0	0.0037453	0.0	0.0	0.0039063	0.0	0.0	0.0	0.0	0.0	0.0	0.0	0.0	0.0	0.0	0.0	0.0	0.0	0.0	0.0	0.0	0.0	0.0	0.0	0.0	0.0	0.0015	0.0051282	0.0	0.0	0.0015	0.0	0.0047847	0.0015	0.0	0.0	0.0	0.0	0.0	0.0	0.0	0.0	0.0015	
Faucon hobereau	0.0	0.0	0.0	0.0	0.0	0.0	0.0	0.0	0.0	0.0	0.0	0.0	0.0024876	0.0103896	0.0057471	0.0215264	0.0111732	0.0214592	0.0164384	0.0329949	0.0470588	0.0365449	0.0364964	0.0289855	0.0481283	0.0301724	0.0682927	0.0459184	0.0416667	0.028169	0.036036	0.0947368	0.0923077	0.1172414	0.0851064	0.0392157	0.0365297	0.0047847	0.0	0.0	0.0	0.0	0.0	0.0	0.0	0.0	0.0	0.0	
Faucon pèlerin	0.0	0.0	0.0015	0.0015	0.005848	0.0	0.0	0.0045872	0.0090909	0.0	0.0019194	0.0020704	0.0	0.0025974	0.0015	0.0	0.0015	0.0021459	0.0	0.0015	0.0039216	0.0	0.0	0.0028986	0.0053476	0.0	0.0	0.0102041	0.0015	0.0	0.0	0.0052632	0.0	0.0068966	0.0	0.0039216	0.0	0.0	0.0	0.0041152	0.0	0.0015	0.0076923	0.0053191	0.0	0.0	0.0	0.0074349	
Falco sp.	0.0	0.0	0.0	0.0	0.0	0.0	0.0	0.0	0.0	0.0	0.0	0.0	0.0	0.0	0.0	0.0	0.0	0.0	0.0	0.0	0.0	0.0	0.0	0.0	0.0	0.0	0.0	0.0	0.0	0.0	0.0	0.0	0.0	0.0068966	0.0	0.0	0.0	0.0	0.0	0.0	0.0	0.0	0.0	0.0	0.0	0.0050251	0.0	0.0	
rapace diurne sp.	0.0	0.0	0.0	0.0	0.005848	0.0	0.0	0.0	0.0	0.0	0.0	0.0	0.0	0.0	0.0	0.0	0.0	0.0015	0.0	0.0	0.0	0.0	0.0	0.0	0.0	0.0	0.0	0.0	0.0	0.0	0.0045045	0.0	0.0	0.0	0.0	0.0	0.0	0.0	0.0	0.0	0.0	0.0	0.0	0.0	0.0	0.0	0.0	0.0	
Calopsitte élégante	0.0	0.0	0.0	0.0	0.0	0.0	0.0	0.0	0.0	0.0	0.0	0.0	0.0	0.0	0.0	0.0	0.0	0.0	0.0	0.0	0.0	0.0	0.0	0.0	0.0	0.0	0.0	0.0	0.0	0.0	0.0	0.0	0.0	0.0	0.0	0.0039216	0.0	0.0	0.0	0.0	0.0	0.0	0.0	0.0	0.0	0.0	0.0	0.0	
Perruche alexandre	0.0	0.0	0.0	0.0	0.0	0.0044053	0.0037453	0.0	0.0	0.0	0.0	0.0	0.0	0.0	0.0	0.0	0.0	0.0	0.0	0.0	0.0039216	0.0	0.0	0.0	0.0	0.0	0.0	0.0	0.0	0.0	0.0	0.0	0.0	0.0	0.0	0.0	0.0	0.0	0.0	0.0	0.0	0.0044444	0.0	0.0	0.0	0.0	0.0075188	0.0	
Perruche à collier	0.3348416	0.3290323	0.3222749	0.3212996	0.3567251	0.2643172	0.2546816	0.233945	0.2909091	0.296875	0.1957774	0.2691511	0.2686567	0.2337662	0.1724138	0.183953	0.2318436	0.2017167	0.1780822	0.2538071	0.2784314	0.269103	0.3029197	0.226087	0.2994652	0.1810345	0.2097561	0.244898	0.1964286	0.1690141	0.1981982	0.3842105	0.2820513	0.3517241	0.1957447	0.2509804	0.2785388	0.1722488	0.2546296	0.3868313	0.2908163	0.2933333	0.3846154	0.4255319	0.4078947	0.281407	0.3984962	0.2973978	
Perriche veuve	0.0	0.0	0.0	0.0	0.0	0.0	0.0	0.0	0.0	0.0	0.0	0.0	0.0	0.0025974	0.0	0.0	0.0	0.0	0.0	0.0	0.0	0.0	0.0	0.0	0.0	0.0	0.0	0.0	0.0	0.0	0.0015	0.0	0.0	0.0	0.0	0.0	0.0	0.0	0.0	0.0	0.0	0.0044444	0.0	0.0053191	0.0	0.0	0.0	0.0	
Loriot d'Europe	0.0	0.0	0.0	0.0	0.0	0.0	0.0	0.0	0.0	0.0	0.0	0.0062112	0.0074627	0.012987	0.01341	0.0215264	0.0726257	0.0665236	0.0712329	0.0482234	0.0196078	0.0299003	0.0474453	0.0434783	0.0320856	0.0387931	0.0195122	0.0306122	0.0059524	0.0070423	0.0045045	0.0	0.0	0.0	0.0	0.0	0.0	0.0	0.0	0.0	0.0	0.0	0.0	0.0	0.0	0.0	0.0	0.0	
Pie-grièche écorcheur	0.0	0.0	0.0	0.0	0.0	0.0	0.0	0.0	0.0	0.0	0.0	0.0	0.0	0.0	0.0	0.0	0.0083799	0.0150215	0.0164384	0.0152284	0.0117647	0.0199336	0.0109489	0.0289855	0.026738	0.0301724	0.0146341	0.0255102	0.0119048	0.0211268	0.009009	0.0015	0.0051282	0.0	0.0	0.0	0.0	0.0	0.0	0.0	0.0	0.0	0.0	0.0	0.0	0.0	0.0	0.0	
Pie-grièche à poitrine rose	0.0	0.0	0.0	0.0	0.0	0.0	0.0	0.0	0.0	0.0	0.0	0.0	0.0	0.0	0.0	0.0	0.0	0.0	0.0	0.0	0.0705882	0.0	0.0	0.0	0.0	0.0	0.0	0.0	0.0	0.0	0.0	0.0	0.0	0.0	0.0	0.0	0.0	0.0	0.0	0.0	0.0	0.0	0.0	0.0	0.0	0.0	0.0	0.0	
Geai des chênes	0.3122172	0.3483871	0.2985782	0.3357401	0.3040936	0.2819383	0.2546816	0.1926606	0.2727273	0.21875	0.2322457	0.2753623	0.2562189	0.2025974	0.1609195	0.1291585	0.1480447	0.1309013	0.1534247	0.1700508	0.1607843	0.1561462	0.120438	0.1971014	0.2139037	0.2198276	0.2097561	0.2397959	0.1845238	0.2112676	0.2207207	0.2421053	0.3179487	0.4068966	0.3617021	0.3607843	0.3835616	0.3779904	0.4166667	0.4650206	0.3979592	0.4311111	0.3461538	0.3404255	0.3421053	0.4170854	0.3834586	0.3011152	
Pie bavarde	0.5701357	0.6580645	0.5829384	0.534296	0.6959064	0.5286344	0.5992509	0.4724771	0.5590909	0.5820313	0.3589251	0.494824	0.5124378	0.4623377	0.335249	0.4011742	0.4692737	0.3733906	0.3506849	0.4543147	0.4431373	0.4385382	0.5328467	0.4753623	0.4705882	0.3448276	0.3317073	0.5102041	0.4583333	0.3098592	0.2792793	0.6368421	0.5230769	0.6413793	0.5446809	0.5686275	0.543379	0.4545455	0.4398148	0.5596708	0.5204082	0.5911111	0.6230769	0.6542553	0.6842105	0.5577889	0.6691729	0.5576208	
Choucas des tours	0.199095	0.2193548	0.1516588	0.1696751	0.1695906	0.1409692	0.1048689	0.1513761	0.1590909	0.1796875	0.109405	0.173913	0.1716418	0.1428571	0.1245211	0.1272016	0.1536313	0.111588	0.0986301	0.1091371	0.145098	0.10299	0.1313869	0.0869565	0.0695187	0.0517241	0.0195122	0.0816327	0.0714286	0.0633803	0.0765766	0.1157895	0.1076923	0.1172414	0.1617021	0.1215686	0.1415525	0.138756	0.2222222	0.2098765	0.2346939	0.2311111	0.3076923	0.2287234	0.2368421	0.2211055	0.2706767	0.204461	
Corbeau freux	0.0723982	0.0451613	0.0521327	0.0397112	0.0526316	0.0440529	0.0599251	0.0412844	0.0590909	0.0429688	0.0345489	0.0269151	0.0696517	0.0493506	0.032567	0.035225	0.0726257	0.0858369	0.0273973	0.071066	0.0705882	0.0365449	0.0583942	0.0231884	0.0481283	0.0387931	0.0195122	0.0204082	0.0416667	0.0422535	0.036036	0.0421053	0.0666667	0.0689655	0.106383	0.0431373	0.1050228	0.0574163	0.1018519	0.0823045	0.0867347	0.0888889	0.0615385	0.037234	0.0460526	0.0904523	0.0676692	0.0446097	
Corneille noire	0.6968326	0.7870968	0.6635071	0.66787	0.7719298	0.6872247	0.6779026	0.6788991	0.6954545	0.7070313	0.5604607	0.6480331	0.6641791	0.6519481	0.4655172	0.5362035	0.622905	0.5665236	0.5315068	0.5659898	0.5843137	0.5946844	0.6094891	0.6	0.5989305	0.5560345	0.5365854	0.6428571	0.6607143	0.5633803	0.509009	0.6473684	0.5846154	0.7241379	0.6978723	0.6588235	0.7031963	0.6363636	0.6990741	0.654321	0.6581633	0.7022222	0.7230769	0.6968085	0.6842105	0.6834171	0.7518797	0.6988848	
Mésange noire	0.0361991	0.0064516	0.0047393	0.0144404	0.005848	0.0352423	0.0224719	0.059633	0.0363636	0.0195313	0.0268714	0.0144928	0.0074627	0.0051948	0.0210728	0.0078278	0.0027933	0.0128755	0.0082192	0.0076142	0.0039216	0.0099668	0.0072993	0.0086957	0.0053476	0.0086207	0.0097561	0.005102	0.0059524	0.0070423	0.0015	0.0157895	0.0	0.0068966	0.0085106	0.0039216	0.0319635	0.0334928	0.0092593	0.0576132	0.0459184	0.0088889	0.0015	0.037234	0.0131579	0.0351759	0.0075188	0.0148699	
Mésange huppée	0.1855204	0.116129	0.1327014	0.1913357	0.128655	0.1409692	0.1872659	0.1422018	0.1681818	0.1015625	0.1535509	0.1014493	0.0721393	0.0675325	0.105364	0.0841487	0.0893855	0.0922747	0.1068493	0.1167513	0.1137255	0.1262458	0.1131387	0.1043478	0.1283422	0.1336207	0.1219512	0.122449	0.0892857	0.1126761	0.1171171	0.1315789	0.0923077	0.1517241	0.1404255	0.1254902	0.1643836	0.1913876	0.1898148	0.2222222	0.2755102	0.1644444	0.2461538	0.1755319	0.1776316	0.1959799	0.1503759	0.1152416	
Mésange nonnette	0.3122172	0.3548387	0.2606635	0.3032491	0.2690058	0.3039648	0.247191	0.266055	0.2545455	0.1640625	0.2322457	0.2153209	0.1791045	0.1324675	0.1264368	0.0802348	0.0921788	0.0643777	0.0986301	0.1218274	0.0862745	0.0830565	0.0912409	0.0956522	0.1229947	0.1551724	0.1414634	0.1632653	0.1964286	0.1619718	0.2657658	0.1473684	0.1589744	0.1586207	0.1744681	0.1882353	0.2328767	0.1674641	0.1944444	0.1975309	0.244898	0.2977778	0.3076923	0.2606383	0.2565789	0.3819095	0.3007519	0.2453532	
Mésange boréale	0.0	0.0	0.0	0.0	0.0	0.0	0.0	0.0	0.0	0.0	0.0	0.0	0.0	0.0025974	0.0	0.0	0.0	0.0	0.0	0.0	0.0	0.0	0.0	0.0	0.0	0.0043103	0.0	0.0	0.0	0.0	0.0	0.0	0.0	0.0	0.0	0.0	0.0	0.0	0.0	0.0	0.0	0.0	0.0	0.0053191	0.0	0.0	0.0	0.0	
Mésange bleue	0.7511312	0.7225806	0.8151659	0.7509025	0.7777778	0.7577093	0.7265918	0.7018349	0.6863636	0.6367188	0.5777351	0.6190476	0.6691542	0.6545455	0.532567	0.4637965	0.5055866	0.4034335	0.4410959	0.4441624	0.372549	0.3853821	0.4306569	0.4057971	0.486631	0.362069	0.395122	0.5510204	0.4285714	0.4295775	0.509009	0.5684211	0.6051282	0.6551724	0.6382979	0.6	0.6027397	0.492823	0.625	0.5967078	0.6683673	0.6577778	0.7461538	0.7340426	0.7171053	0.6984925	0.7218045	0.6505576	
Mésange charbonnière	0.6561086	0.6709677	0.6966825	0.7111913	0.8128655	0.7136564	0.7265918	0.7431193	0.6590909	0.6875	0.5854127	0.6749482	0.6716418	0.6519481	0.5900383	0.5655577	0.5893855	0.4914163	0.490411	0.4949239	0.4784314	0.3654485	0.4051095	0.3710145	0.4438503	0.3663793	0.4	0.4183673	0.4761905	0.4647887	0.518018	0.5789474	0.5641026	0.5793103	0.5659574	0.5490196	0.6073059	0.4688995	0.5185185	0.5761317	0.5765306	0.5688889	0.6846154	0.6223404	0.6447368	0.6030151	0.7067669	0.5724907	
Rémiz penduline	0.0	0.0	0.0	0.0	0.0	0.0	0.0	0.0	0.0	0.0	0.0	0.0062112	0.0	0.0051948	0.0	0.0	0.0	0.0	0.0	0.0	0.0	0.0	0.0	0.0	0.0	0.0	0.0	0.0	0.0	0.0	0.0	0.0	0.0	0.0	0.0	0.0	0.0	0.0047847	0.0046296	0.0	0.0	0.0044444	0.0	0.0	0.0	0.0	0.0	0.0	
Alouette lulu	0.0	0.0	0.0047393	0.0	0.0	0.0	0.0037453	0.0045872	0.0227273	0.0078125	0.0019194	0.0	0.0015	0.0	0.0019157	0.0019569	0.0015	0.0015	0.0	0.0025381	0.0	0.0	0.0072993	0.0	0.0	0.0043103	0.0	0.0	0.0	0.0	0.0	0.0	0.0015	0.0	0.0015	0.0039216	0.0045662	0.0191388	0.0462963	0.0041152	0.005102	0.0133333	0.0	0.0015	0.0	0.0	0.0	0.0	
Alouette des champs	0.0497738	0.0322581	0.0189573	0.0252708	0.0116959	0.0264317	0.082397	0.0733945	0.0636364	0.0703125	0.0690979	0.0600414	0.1243781	0.1220779	0.0747126	0.1135029	0.103352	0.1201717	0.0821918	0.1319797	0.1490196	0.1196013	0.1532847	0.1304348	0.0909091	0.0991379	0.0390244	0.0255102	0.0416667	0.0140845	0.018018	0.0315789	0.0512821	0.0344828	0.0382979	0.0235294	0.0502283	0.1818182	0.2361111	0.1728395	0.2295918	0.1333333	0.0846154	0.0425532	0.0263158	0.0301508	0.0225564	0.0334572	
Cochevis huppé	0.0	0.0	0.0015	0.0	0.0	0.0	0.0	0.0	0.0	0.0039063	0.0	0.0	0.0	0.0	0.0	0.0	0.0	0.0	0.0	0.0015	0.0039216	0.0	0.0	0.0	0.0	0.0	0.0	0.0	0.0	0.0	0.0	0.0	0.0	0.0	0.0	0.0	0.0	0.0047847	0.0	0.0	0.0	0.0	0.0	0.0	0.0	0.0	0.0	0.0	
Alouette calandrelle	0.0	0.0	0.0	0.0	0.0	0.0	0.0	0.0	0.0	0.0	0.0	0.0	0.0	0.0	0.0	0.0	0.0	0.0	0.0	0.0	0.0	0.0	0.0	0.0	0.0	0.0	0.0	0.0	0.0	0.0	0.0	0.0	0.0051282	0.0	0.0	0.0	0.0	0.0	0.0	0.0	0.0	0.0	0.0	0.0	0.0	0.0	0.0	0.0	
Panure à moustaches	0.0090498	0.0	0.0	0.0	0.0	0.0	0.0074906	0.0	0.0	0.0	0.0	0.0	0.0	0.0025974	0.0038314	0.0	0.0	0.0	0.0	0.0	0.0	0.0	0.0	0.0	0.0	0.0	0.004878	0.0	0.0	0.0	0.0	0.0	0.0	0.0	0.0	0.0	0.0045662	0.0047847	0.0046296	0.0	0.0102041	0.0	0.0	0.0	0.0	0.0050251	0.0	0.0	
Cisticole des joncs	0.0	0.0	0.0	0.0	0.0	0.0	0.0037453	0.0	0.0	0.0	0.0	0.0020704	0.0	0.0	0.0	0.0019569	0.0027933	0.0	0.0027397	0.0101523	0.0	0.0	0.0036496	0.0028986	0.0	0.0	0.0	0.0	0.0	0.0	0.0	0.0	0.0102564	0.0068966	0.0042553	0.0	0.0	0.0	0.0046296	0.0	0.0	0.0	0.0	0.0	0.0	0.0	0.0	0.0	
Hypolaïs polyglotte	0.0	0.0	0.0	0.0	0.0	0.0	0.0	0.0	0.0	0.0	0.0	0.0	0.0	0.0	0.0019157	0.0489237	0.0837989	0.1244635	0.1232877	0.1878173	0.0901961	0.1096346	0.1167883	0.1043478	0.0641711	0.0344828	0.0390244	0.0408163	0.047619	0.0140845	0.0135135	0.0	0.0	0.0	0.0	0.0	0.0	0.0	0.0	0.0	0.0	0.0	0.0	0.0	0.0	0.0	0.0	0.0	
Phragmite des joncs	0.0	0.0	0.0	0.0	0.0	0.0	0.0	0.0	0.0	0.0	0.0019194	0.0041408	0.0348259	0.0519481	0.0287356	0.0176125	0.0139665	0.0064378	0.0082192	0.0126904	0.0	0.013289	0.0	0.0028986	0.026738	0.0086207	0.004878	0.0	0.0119048	0.0	0.018018	0.0210526	0.0051282	0.0068966	0.0042553	0.0	0.0	0.0	0.0	0.0	0.0	0.0	0.0	0.0	0.0	0.0	0.0	0.0	
Rousserolle verderolle	0.0	0.0	0.0	0.0	0.0	0.0	0.0	0.0	0.0	0.0	0.0	0.0	0.0	0.0	0.0	0.0	0.0	0.0015	0.0054795	0.0304569	0.0313725	0.013289	0.0218978	0.0057971	0.0213904	0.0086207	0.004878	0.0102041	0.0119048	0.0	0.0045045	0.0	0.0	0.0	0.0	0.0	0.0	0.0	0.0	0.0	0.0	0.0	0.0	0.0	0.0	0.0	0.0	0.0	
Rousserolle effarvatte	0.0	0.0	0.0	0.0	0.0	0.0	0.0	0.0	0.0	0.0	0.0	0.0	0.0	0.012987	0.0210728	0.0704501	0.0810056	0.0965665	0.0630137	0.0964467	0.0588235	0.089701	0.0729927	0.0637681	0.1229947	0.0603448	0.0634146	0.0867347	0.0535714	0.056338	0.0585586	0.0578947	0.0205128	0.0137931	0.0255319	0.0	0.0045662	0.0	0.0	0.0041152	0.0	0.0	0.0	0.0	0.0	0.0	0.0	0.0	
Rousserolle turdoïde	0.0	0.0	0.0	0.0	0.0	0.0	0.0	0.0	0.0	0.0	0.0	0.0	0.0	0.0	0.0	0.0	0.0	0.0	0.0	0.0025381	0.0	0.0	0.0	0.0	0.0	0.0	0.0	0.0015	0.0059524	0.0	0.0045045	0.0	0.0	0.0	0.0	0.0	0.0	0.0	0.0	0.0	0.0	0.0	0.0	0.0	0.0	0.0	0.0	0.0	
Acrocephalus sp.	0.0	0.0	0.0	0.0	0.0	0.0	0.0	0.0	0.0	0.0	0.0	0.0	0.0	0.0	0.0	0.0015	0.0	0.0	0.0	0.0	0.0	0.0	0.0	0.0	0.0	0.0	0.0	0.0	0.0	0.0	0.0	0.0	0.0	0.0	0.0	0.0	0.0	0.0	0.0	0.0	0.0	0.0	0.0	0.0	0.0	0.0	0.0	0.0	
Locustelle luscinioïde	0.0	0.0	0.0	0.0	0.0	0.0	0.0	0.0	0.0	0.0	0.0	0.0	0.0	0.0	0.0019157	0.0015	0.0	0.0	0.0	0.0	0.0	0.0015	0.0	0.0	0.0	0.0	0.0	0.0	0.0	0.0	0.0	0.0	0.0	0.0	0.0	0.0	0.0	0.0	0.0	0.0	0.0	0.0	0.0	0.0	0.0	0.0	0.0	0.0	
Locustelle tachetée	0.0	0.0	0.0	0.0	0.0	0.0	0.0	0.0	0.0	0.0	0.0	0.0	0.0049751	0.0103896	0.032567	0.0156556	0.0111732	0.0107296	0.0164384	0.0152284	0.0039216	0.0265781	0.0072993	0.0057971	0.0053476	0.0215517	0.0015	0.005102	0.0	0.0070423	0.0	0.0	0.0	0.0	0.0	0.0	0.0	0.0	0.0	0.0	0.0	0.0	0.0	0.0	0.0	0.0	0.0	0.0	
Hirondelle de rivage	0.0	0.0	0.0	0.0	0.0	0.0	0.0	0.0	0.0	0.0039063	0.0057582	0.0248447	0.0348259	0.0493506	0.0306513	0.0410959	0.0391061	0.0407725	0.0164384	0.0203046	0.0352941	0.0398671	0.0255474	0.0202899	0.0374332	0.0258621	0.0195122	0.0255102	0.0119048	0.0140845	0.027027	0.0210526	0.0410256	0.0551724	0.0425532	0.027451	0.0045662	0.0047847	0.0046296	0.0	0.0	0.0	0.0	0.0	0.0	0.0	0.0	0.0	
Hirondelle rustique	0.0	0.0	0.0	0.0	0.0	0.0	0.0	0.0	0.0	0.0	0.0287908	0.0993789	0.2437811	0.2935065	0.2394636	0.2935421	0.3128492	0.2725322	0.2849315	0.251269	0.2313725	0.2026578	0.2591241	0.2144928	0.2620321	0.2844828	0.2146341	0.2653061	0.2857143	0.2112676	0.2837838	0.2736842	0.2615385	0.2758621	0.2468085	0.172549	0.109589	0.0287081	0.0046296	0.0082305	0.0	0.0	0.0	0.0	0.0	0.0	0.0	0.0	
Hirondelle de fenêtre	0.0	0.0	0.0	0.0	0.0	0.0	0.0	0.0	0.0	0.0	0.0	0.0015	0.0472637	0.0883117	0.1206897	0.1369863	0.226257	0.1888412	0.2246575	0.1852792	0.2392157	0.2159468	0.2737226	0.2289855	0.2513369	0.2456897	0.2146341	0.3163265	0.3154762	0.2323944	0.2387387	0.2842105	0.1948718	0.2413793	0.1361702	0.0784314	0.0182648	0.0095694	0.0046296	0.0	0.0	0.0	0.0	0.0	0.0	0.0	0.0	0.0	
hirondelle sp.	0.0	0.0	0.0	0.0	0.0	0.0	0.0	0.0	0.0	0.0	0.0	0.0	0.0	0.0	0.0019157	0.0	0.0027933	0.0	0.0	0.0025381	0.0	0.0	0.0	0.0	0.0053476	0.0	0.0	0.0	0.0	0.0	0.0	0.0	0.0015	0.0	0.0	0.0	0.0	0.0	0.0	0.0041152	0.0	0.0	0.0	0.0	0.0	0.0	0.0	0.0	
Pouillot siffleur	0.0	0.0	0.0	0.0	0.0	0.0	0.0	0.0	0.0	0.0	0.0	0.0	0.0015	0.0103896	0.0478927	0.0704501	0.027933	0.0965665	0.1041096	0.0558376	0.0352941	0.0664452	0.0145985	0.0347826	0.0106952	0.0215517	0.004878	0.005102	0.0	0.0	0.0	0.0052632	0.0	0.0	0.0	0.0	0.0	0.0	0.0	0.0	0.0	0.0	0.0	0.0	0.0	0.0	0.0	0.0	
Pouillot de Bonelli	0.0	0.0	0.0	0.0	0.0	0.0	0.0	0.0	0.0	0.0	0.0	0.0	0.0049751	0.012987	0.0268199	0.0078278	0.0083799	0.0171674	0.0246575	0.0101523	0.0	0.0066445	0.0015	0.0115942	0.0	0.0	0.004878	0.0	0.0	0.0	0.0	0.0	0.0	0.0	0.0	0.0	0.0	0.0	0.0	0.0	0.0	0.0	0.0	0.0	0.0	0.0	0.0	0.0	
Pouillot à grands sourcils	0.0	0.0	0.0	0.0	0.0	0.0	0.0	0.0	0.0	0.0	0.0	0.0	0.0	0.0	0.0	0.0	0.0	0.0	0.0	0.0	0.0	0.0	0.0	0.0	0.0	0.0	0.0	0.0	0.0	0.0	0.0	0.0	0.0	0.0	0.0	0.0	0.0	0.0	0.0	0.0	0.0	0.0	0.0	0.0053191	0.0131579	0.0	0.0	0.0	
Pouillot fitis	0.0	0.0	0.0	0.0	0.0	0.0	0.0	0.0	0.0	0.0015	0.0134357	0.0559006	0.0895522	0.1766234	0.2318008	0.1448141	0.0893855	0.1330472	0.1534247	0.0786802	0.0862745	0.0465116	0.0218978	0.0115942	0.0053476	0.012931	0.0146341	0.0204082	0.0416667	0.0211268	0.027027	0.0473684	0.0512821	0.0551724	0.0255319	0.0196078	0.0045662	0.0047847	0.0	0.0	0.0	0.0	0.0	0.0	0.0	0.0	0.0	0.0	
Pouillot véloce	0.0497738	0.0322581	0.0236967	0.0216606	0.0467836	0.0220264	0.071161	0.0917431	0.3090909	0.40625	0.6084453	0.6625259	0.6791045	0.5844156	0.6072797	0.5459883	0.6312849	0.5922747	0.5726027	0.5659898	0.4627451	0.538206	0.4927007	0.5768116	0.5080214	0.4827586	0.3707317	0.3520408	0.4940476	0.5070423	0.5540541	0.5842105	0.6512821	0.5241379	0.6553191	0.6	0.5388128	0.3588517	0.3472222	0.2098765	0.1581633	0.1555556	0.1384615	0.1170213	0.0921053	0.0753769	0.1503759	0.0780669	
pouillot sp.	0.0	0.0	0.0	0.0	0.0	0.0	0.0	0.0	0.0	0.0	0.0	0.0020704	0.0	0.0	0.0	0.0	0.0	0.0	0.0027397	0.0	0.0	0.0	0.0	0.0	0.0	0.0	0.0	0.0	0.0	0.0	0.0	0.0	0.0	0.0	0.0	0.0	0.0	0.0	0.0	0.0	0.0	0.0	0.0	0.0	0.0	0.0050251	0.0075188	0.0	
Bouscarle de Cetti	0.0542986	0.0387097	0.028436	0.032491	0.0467836	0.0396476	0.0524345	0.0321101	0.0545455	0.0703125	0.0671785	0.0807453	0.1119403	0.1090909	0.0651341	0.0763209	0.0586592	0.0600858	0.030137	0.0659898	0.0392157	0.0498339	0.0510949	0.026087	0.0481283	0.0387931	0.0195122	0.0408163	0.0357143	0.028169	0.036036	0.0578947	0.0923077	0.0896552	0.1148936	0.1058824	0.0821918	0.0717703	0.1018519	0.0864198	0.0867347	0.1244444	0.0692308	0.0425532	0.0263158	0.0653266	0.0676692	0.0520446	
Orite à longue queue	0.2624434	0.2774194	0.3033175	0.2238267	0.3099415	0.2643172	0.2734082	0.2201835	0.2863636	0.2226563	0.2149712	0.2028986	0.2114428	0.1818182	0.1819923	0.1682975	0.2234637	0.1373391	0.1534247	0.1624365	0.0980392	0.1162791	0.1678832	0.0927536	0.1336898	0.1077586	0.1268293	0.1326531	0.1428571	0.1549296	0.1846847	0.2736842	0.2205128	0.2689655	0.2468085	0.254902	0.2420091	0.1818182	0.2638889	0.3004115	0.377551	0.3377778	0.3230769	0.3510638	0.2960526	0.3065327	0.2857143	0.2713755	
Fauvette à tête noire	0.0090498	0.0193548	0.028436	0.0144404	0.0584795	0.0440529	0.0411985	0.0321101	0.0772727	0.0976563	0.1420345	0.4037267	0.5895522	0.5662338	0.6187739	0.6575342	0.6480447	0.6030043	0.6931507	0.6624365	0.5686275	0.551495	0.5839416	0.5768116	0.5454545	0.4568966	0.3414634	0.3061224	0.2559524	0.2957746	0.3288288	0.2842105	0.3487179	0.2551724	0.2595745	0.1372549	0.1324201	0.0526316	0.0509259	0.0205761	0.005102	0.0355556	0.0153846	0.0159574	0.0131579	0.0150754	0.0225564	0.0297398	
Fauvette des jardins	0.0	0.0	0.0	0.0	0.0	0.0	0.0	0.0	0.0	0.0	0.0	0.0	0.0	0.0207792	0.0632184	0.1682975	0.2318436	0.2317597	0.2547945	0.1624365	0.1254902	0.1063123	0.1386861	0.1304348	0.0588235	0.0775862	0.0439024	0.0306122	0.0238095	0.0070423	0.0135135	0.0157895	0.0102564	0.0137931	0.0042553	0.0015	0.0	0.0	0.0	0.0	0.0	0.0	0.0	0.0	0.0	0.0	0.0	0.0	
Fauvette babillarde	0.0	0.0	0.0	0.0	0.0	0.0	0.0	0.0	0.0	0.0	0.0	0.0	0.0	0.0025974	0.0015	0.0058708	0.0027933	0.0015	0.0054795	0.0126904	0.0039216	0.0	0.0	0.0028986	0.0	0.0086207	0.0097561	0.0	0.0	0.0	0.0045045	0.0	0.0051282	0.0015	0.0	0.0078431	0.0	0.0	0.0	0.0	0.0	0.0	0.0	0.0	0.0	0.0	0.0	0.0	
Fauvette grisette	0.0	0.0	0.0	0.0	0.0	0.0	0.0	0.0	0.0	0.0	0.0	0.0020704	0.0174129	0.0935065	0.1283525	0.183953	0.2234637	0.1909871	0.1589041	0.2081218	0.2117647	0.166113	0.1824818	0.1681159	0.1283422	0.0818966	0.0195122	0.0357143	0.1011905	0.0422535	0.0585586	0.0526316	0.0410256	0.0275862	0.0042553	0.0039216	0.0	0.0	0.0	0.0	0.0	0.0	0.0	0.0	0.0	0.0	0.0	0.0	
Fauvette pitchou	0.0	0.0015	0.0	0.0	0.0	0.0	0.0	0.0	0.0	0.0	0.0	0.0020704	0.0	0.0025974	0.0019157	0.0	0.0	0.0	0.0054795	0.0	0.0	0.013289	0.0	0.0	0.0	0.0	0.0	0.0	0.0	0.0	0.0	0.0	0.0	0.0	0.0	0.0	0.0	0.0	0.0	0.0	0.0	0.0	0.0	0.0	0.0	0.0	0.0	0.0	
Léiothrix jaune	0.0	0.0	0.0	0.0	0.0	0.0	0.0	0.0	0.0	0.0	0.0	0.0	0.0	0.0	0.0	0.0019569	0.0	0.0	0.0	0.0	0.0015	0.0	0.0	0.0028986	0.0	0.0	0.0	0.0	0.0	0.0	0.0	0.0	0.0	0.0	0.0	0.0	0.0	0.0	0.0	0.0	0.0	0.0	0.0	0.0	0.0	0.0	0.0	0.0	
Roitelet huppé	0.2081448	0.1548387	0.1327014	0.1732852	0.1637427	0.154185	0.1498127	0.1926606	0.1727273	0.1523438	0.1746641	0.1511387	0.1393035	0.1220779	0.1398467	0.1232877	0.1256983	0.1008584	0.1178082	0.1015228	0.1137255	0.0863787	0.0766423	0.0637681	0.1069519	0.0948276	0.0439024	0.0459184	0.0892857	0.0422535	0.0675676	0.0842105	0.0410256	0.0896552	0.0510638	0.0745098	0.0821918	0.0909091	0.1111111	0.1193416	0.2142857	0.2133333	0.2461538	0.2393617	0.1776316	0.2261307	0.1804511	0.133829	
Roitelet à triple bandeau	0.0361991	0.0258065	0.0521327	0.0252708	0.0701754	0.0748899	0.071161	0.0642202	0.1363636	0.1171875	0.0998081	0.1428571	0.141791	0.1324675	0.1226054	0.0958904	0.1256983	0.0922747	0.0712329	0.0939086	0.0666667	0.0598007	0.0766423	0.0434783	0.0213904	0.0344828	0.0243902	0.0153061	0.0178571	0.0352113	0.009009	0.0210526	0.025641	0.0275862	0.0425532	0.0235294	0.0502283	0.0574163	0.0277778	0.0246914	0.0612245	0.0666667	0.0615385	0.0851064	0.0328947	0.0552764	0.0526316	0.0408922	
Roitelet huppé ou R. à triple bandeau	0.0	0.0	0.0047393	0.0	0.0	0.0	0.0	0.0	0.0	0.0039063	0.0019194	0.0	0.0	0.0	0.0	0.0	0.0	0.0	0.0	0.0	0.0	0.0	0.0	0.0	0.0	0.0	0.0	0.0	0.0	0.0	0.0	0.0	0.0	0.0	0.0	0.0	0.0	0.0	0.0	0.0082305	0.0	0.0	0.0	0.0	0.0	0.0	0.0	0.0074349	
Sittelle torchepot	0.3303167	0.3806452	0.3175355	0.4115523	0.3684211	0.3612335	0.3333333	0.2844037	0.3136364	0.328125	0.4069098	0.3850932	0.318408	0.2623377	0.2145594	0.111546	0.1312849	0.083691	0.1150685	0.1548223	0.145098	0.179402	0.1824818	0.2144928	0.1764706	0.2413793	0.2829268	0.2653061	0.2738095	0.2887324	0.3288288	0.2578947	0.2666667	0.2896552	0.2893617	0.2392157	0.2739726	0.2440191	0.2361111	0.3251029	0.3571429	0.3377778	0.3461538	0.2659574	0.3552632	0.3266332	0.3684211	0.3048327	
Grimpereau des jardins	0.4117647	0.3870968	0.3886256	0.433213	0.3976608	0.4537445	0.3670412	0.3807339	0.3681818	0.3398438	0.4069098	0.3271222	0.3432836	0.2883117	0.3256705	0.297456	0.3407821	0.3197425	0.3287671	0.3375635	0.2666667	0.2757475	0.3065693	0.284058	0.3101604	0.3362069	0.3902439	0.3520408	0.3869048	0.3521127	0.4684685	0.3473684	0.3076923	0.3241379	0.3914894	0.3882353	0.3652968	0.354067	0.3935185	0.3621399	0.4234694	0.4133333	0.3846154	0.3510638	0.3618421	0.4371859	0.4360902	0.3903346	
Grimpereau des bois ou G. des jardins	0.0	0.0	0.0	0.0036101	0.0	0.0	0.0	0.0	0.0	0.0	0.0	0.0	0.0	0.0	0.0	0.0	0.0	0.0	0.0	0.0	0.0	0.0	0.0	0.0	0.0	0.0	0.0	0.0	0.0	0.0	0.0	0.0	0.0	0.0	0.0	0.0	0.0	0.0	0.0	0.0	0.0	0.0	0.0	0.0	0.0	0.0	0.0	0.0	
Troglodyte mignon	0.4705882	0.4774194	0.4265403	0.4368231	0.4619883	0.4625551	0.4307116	0.4678899	0.5090909	0.484375	0.5431862	0.5921325	0.5298507	0.4935065	0.5306513	0.4618395	0.5027933	0.4957082	0.5232877	0.4974619	0.4431373	0.4817276	0.4525547	0.5362319	0.4705882	0.4310345	0.3170732	0.3214286	0.3511905	0.3521127	0.4144144	0.2631579	0.4102564	0.3034483	0.3446809	0.3098039	0.3515982	0.4019139	0.4583333	0.5185185	0.5561224	0.6177778	0.5615385	0.462766	0.4736842	0.5326633	0.556391	0.4089219	
Étourneau sansonnet	0.3846154	0.5354839	0.3933649	0.4187726	0.4152047	0.4185022	0.3632959	0.3440367	0.3863636	0.421875	0.2994242	0.3581781	0.4353234	0.4441558	0.2796935	0.3522505	0.4106145	0.416309	0.3917808	0.4263959	0.3647059	0.358804	0.4270073	0.3623188	0.3208556	0.237069	0.1560976	0.1836735	0.1845238	0.1056338	0.1351351	0.2578947	0.3025641	0.3724138	0.4042553	0.3529412	0.3515982	0.3397129	0.3888889	0.3621399	0.3622449	0.3155556	0.4692308	0.356383	0.4078947	0.3517588	0.4285714	0.3568773	
Grive draine	0.1674208	0.2516129	0.1327014	0.1624549	0.1695906	0.1409692	0.1048689	0.0779817	0.1136364	0.0664063	0.1113244	0.0745342	0.0970149	0.0961039	0.0766284	0.037182	0.0391061	0.0579399	0.0657534	0.0431472	0.0431373	0.0265781	0.0218978	0.0550725	0.026738	0.0387931	0.0195122	0.0102041	0.0297619	0.0015	0.036036	0.0105263	0.025641	0.0275862	0.0638298	0.0784314	0.0547945	0.0956938	0.1851852	0.0781893	0.127551	0.1511111	0.1769231	0.1648936	0.1447368	0.1758794	0.2105263	0.1821561	
Grive musicienne	0.158371	0.1935484	0.2227488	0.1768953	0.2865497	0.2687225	0.3632959	0.293578	0.3954545	0.359375	0.3243762	0.3146998	0.2860697	0.2649351	0.1992337	0.2113503	0.2122905	0.1759657	0.2575342	0.2538071	0.254902	0.2259136	0.229927	0.2202899	0.1925134	0.2241379	0.1365854	0.0918367	0.1369048	0.1056338	0.0405405	0.0421053	0.0871795	0.1034483	0.1617021	0.1843137	0.2465753	0.3253589	0.3796296	0.2098765	0.2040816	0.2844444	0.2923077	0.1968085	0.2368421	0.1758794	0.2556391	0.1115242	
Grive mauvis	0.2307692	0.2709677	0.2037915	0.1480144	0.1578947	0.1894273	0.1310861	0.1146789	0.15	0.1601563	0.1132438	0.0766046	0.039801	0.012987	0.0	0.0019569	0.0	0.0	0.0	0.0	0.0	0.0	0.0	0.0	0.0	0.0	0.0	0.0	0.0	0.0	0.0	0.0	0.0	0.0	0.0	0.0039216	0.0136986	0.1004785	0.1944444	0.1687243	0.3112245	0.3288889	0.2923077	0.2446809	0.2171053	0.2763819	0.3233083	0.2304833	
Merle noir	0.5656109	0.6645161	0.5971564	0.5812274	0.5789474	0.5859031	0.4868914	0.5091743	0.5181818	0.5859375	0.4894434	0.6149068	0.6218905	0.6207792	0.5804598	0.5596869	0.6703911	0.6030043	0.6684932	0.6852792	0.6666667	0.6744186	0.6678832	0.5652174	0.6042781	0.4956897	0.3902439	0.3367347	0.375	0.3521127	0.3243243	0.2263158	0.3538462	0.3517241	0.4042553	0.3294118	0.3561644	0.4258373	0.4490741	0.4567901	0.494898	0.6088889	0.6	0.5	0.5723684	0.6130653	0.6541353	0.5167286	
Grive litorne	0.0678733	0.0709677	0.1137441	0.0830325	0.0175439	0.0660793	0.0524345	0.0550459	0.0590909	0.0625	0.0364683	0.0165631	0.0223881	0.0077922	0.0015	0.0	0.0	0.0	0.0	0.0	0.0	0.0	0.0	0.0	0.0	0.0	0.0	0.0	0.0	0.0	0.0	0.0	0.0	0.0	0.0042553	0.0	0.0	0.0191388	0.0324074	0.0329218	0.0918367	0.0666667	0.0923077	0.0478723	0.0526316	0.1256281	0.112782	0.0780669	
Merle à plastron	0.0	0.0	0.0	0.0	0.0	0.0	0.0	0.0	0.0	0.0039063	0.0	0.0020704	0.0124378	0.0155844	0.0057471	0.0039139	0.0	0.0015	0.0	0.0	0.0	0.0	0.0	0.0	0.0	0.0	0.0	0.0	0.0	0.0	0.0	0.0	0.0	0.0068966	0.0042553	0.0015	0.0	0.0015	0.0	0.0	0.0	0.0	0.0	0.0	0.0	0.0	0.0	0.0	
Turdus sp.	0.0	0.0129032	0.0	0.0036101	0.005848	0.0	0.0	0.0	0.0	0.0	0.0	0.0	0.0	0.0	0.0	0.0019569	0.0	0.0	0.0	0.0	0.0	0.0	0.0	0.0	0.0	0.0	0.0	0.0	0.0	0.0	0.0	0.0	0.0	0.0	0.0	0.0	0.0	0.0	0.0	0.0041152	0.0	0.0	0.0	0.0106383	0.0	0.0015	0.0	0.0	
Gobemouche gris	0.0	0.0	0.0	0.0	0.0	0.0	0.0	0.0	0.0	0.0	0.0	0.0	0.0	0.0	0.0038314	0.0058708	0.0167598	0.0622318	0.0630137	0.0964467	0.0745098	0.076412	0.080292	0.0811594	0.0641711	0.0732759	0.0780488	0.1173469	0.0654762	0.0985915	0.0990991	0.0473684	0.0871795	0.0137931	0.0340426	0.0235294	0.0091324	0.0	0.0	0.0	0.0	0.0	0.0	0.0	0.0	0.0	0.0	0.0	
Rougegorge familier	0.6289593	0.6967742	0.6729858	0.6859206	0.6608187	0.69163	0.7191011	0.5963303	0.6727273	0.734375	0.6775432	0.747412	0.659204	0.6415584	0.6015326	0.5753425	0.6368715	0.5944206	0.6794521	0.6269036	0.5960784	0.5282392	0.5620438	0.5362319	0.4491979	0.4310345	0.3512195	0.4132653	0.3988095	0.4084507	0.4414414	0.4789474	0.5948718	0.6275862	0.7234043	0.7529412	0.7305936	0.7368421	0.8148148	0.7078189	0.7346939	0.7911111	0.7	0.6329787	0.6447368	0.6482412	0.7293233	0.5650558	
Rossignol philomèle	0.0	0.0	0.0	0.0	0.0	0.0	0.0	0.0	0.0	0.0	0.0	0.0	0.0074627	0.0987013	0.1034483	0.183953	0.1871508	0.1781116	0.1013699	0.1370558	0.0705882	0.0431894	0.0364964	0.0144928	0.0053476	0.0172414	0.004878	0.0153061	0.0238095	0.0070423	0.0045045	0.0052632	0.0	0.0068966	0.0	0.0	0.0	0.0	0.0	0.0	0.0	0.0	0.0	0.0	0.0	0.0	0.0	0.0	
Gorgebleue à miroir	0.0	0.0	0.0	0.0	0.0	0.0	0.0	0.0	0.0	0.0015	0.0019194	0.0062112	0.0	0.0	0.0	0.0	0.0	0.0	0.0	0.0	0.0	0.0	0.0	0.0	0.0	0.0	0.0	0.0	0.0	0.0	0.0	0.0210526	0.0153846	0.0015	0.0	0.0039216	0.0	0.0	0.0	0.0	0.0	0.0	0.0	0.0	0.0	0.0	0.0	0.0	
Gobemouche noir	0.0	0.0	0.0	0.0	0.0	0.0	0.0	0.0	0.0	0.0	0.0	0.0	0.0	0.0	0.0019157	0.0	0.0055866	0.0	0.0054795	0.0025381	0.0	0.0	0.0	0.0	0.0	0.0	0.0	0.005102	0.0	0.0015	0.009009	0.0421053	0.0615385	0.062069	0.0255319	0.0039216	0.0	0.0	0.0	0.0	0.0	0.0	0.0	0.0	0.0	0.0	0.0	0.0	
Rougequeue à front blanc	0.0	0.0	0.0	0.0	0.0	0.0	0.0	0.0	0.0	0.0	0.0	0.0041408	0.0099502	0.0415584	0.0708812	0.0489237	0.0391061	0.0751073	0.0794521	0.0406091	0.0392157	0.0431894	0.0072993	0.0057971	0.0160428	0.0015	0.0146341	0.0153061	0.0119048	0.0015	0.0225225	0.0263158	0.0307692	0.0275862	0.0170213	0.0039216	0.0045662	0.0047847	0.0	0.0	0.0	0.0	0.0	0.0	0.0	0.0	0.0	0.0	
Rougequeue noir	0.0135747	0.0258065	0.0189573	0.0108303	0.0233918	0.0176211	0.0074906	0.0045872	0.0181818	0.0390625	0.0959693	0.1987578	0.2537313	0.2155844	0.1800766	0.1819961	0.2067039	0.1158798	0.1890411	0.1522843	0.1882353	0.1594684	0.1824818	0.1333333	0.1122995	0.1336207	0.0731707	0.0867347	0.0654762	0.0140845	0.0720721	0.0789474	0.0923077	0.1724138	0.1744681	0.1372549	0.1324201	0.1100478	0.0787037	0.0864198	0.0714286	0.0755556	0.0307692	0.0212766	0.0065789	0.0201005	0.0300752	0.0111524	
rougequeue sp.	0.0	0.0	0.0	0.0	0.0	0.0	0.0	0.0	0.0	0.0	0.0	0.0020704	0.0	0.0	0.0	0.0	0.0	0.0	0.0	0.0	0.0	0.0	0.0	0.0	0.0	0.0	0.0	0.0	0.0	0.0	0.0	0.0	0.0	0.0	0.0	0.0	0.0	0.0	0.0	0.0	0.0	0.0	0.0	0.0	0.0	0.0	0.0	0.0	
Tarier des prés	0.0	0.0	0.0	0.0	0.0	0.0	0.0	0.0	0.0	0.0	0.0	0.0	0.0	0.0	0.0019157	0.0078278	0.0027933	0.0042918	0.0	0.0050761	0.0	0.0	0.0	0.0	0.0	0.0	0.0	0.0	0.0059524	0.0	0.0135135	0.0052632	0.0358974	0.0015	0.0255319	0.0117647	0.0	0.0	0.0	0.0	0.0	0.0	0.0	0.0	0.0	0.0	0.0	0.0	
Tarier pâtre	0.0180995	0.0193548	0.014218	0.0072202	0.0116959	0.0044053	0.0299625	0.0321101	0.0318182	0.0429688	0.0575816	0.057971	0.0895522	0.0831169	0.0383142	0.0528376	0.047486	0.0793991	0.0410959	0.0761421	0.0745098	0.0564784	0.0583942	0.0666667	0.0427807	0.0517241	0.0146341	0.0255102	0.0595238	0.056338	0.0675676	0.0368421	0.0717949	0.0344828	0.1234043	0.0470588	0.0502283	0.0191388	0.037037	0.0164609	0.0306122	0.0177778	0.0076923	0.0053191	0.0131579	0.0201005	0.0150376	0.0148699	
Traquet motteux	0.0	0.0	0.0	0.0	0.0	0.0	0.0	0.0	0.0	0.0015	0.0	0.0020704	0.0	0.0285714	0.0172414	0.0156556	0.0167598	0.0085837	0.0054795	0.0	0.0	0.0	0.0	0.0	0.0	0.0	0.0	0.0	0.0059524	0.0015	0.009009	0.0	0.0358974	0.0137931	0.0425532	0.0039216	0.0	0.0095694	0.0	0.0	0.0	0.0	0.0	0.0	0.0	0.0	0.0	0.0	
Accenteur mouchet	0.2443439	0.2451613	0.1469194	0.2418773	0.3040936	0.3171806	0.3370787	0.3348624	0.4136364	0.4257813	0.2859885	0.3271222	0.2985075	0.3142857	0.2318008	0.221135	0.2905028	0.22103	0.1972603	0.251269	0.2117647	0.166113	0.1715328	0.142029	0.1122995	0.0905172	0.0731707	0.0969388	0.077381	0.0492958	0.0900901	0.0526316	0.1333333	0.137931	0.2170213	0.2313725	0.2420091	0.2966507	0.3472222	0.2263374	0.25	0.2355556	0.2769231	0.2234043	0.2236842	0.2663317	0.3233083	0.197026	
Moineau domestique	0.2624434	0.2709677	0.2701422	0.2454874	0.245614	0.2378855	0.2434457	0.2477064	0.2136364	0.3242188	0.2303263	0.3229814	0.3532338	0.3506494	0.2586207	0.2915851	0.3519553	0.2896996	0.3315068	0.3426396	0.372549	0.3488372	0.4124088	0.315942	0.3208556	0.3362069	0.2634146	0.2602041	0.2797619	0.1267606	0.2342342	0.2263158	0.2358974	0.2896552	0.2425532	0.254902	0.1780822	0.2200957	0.162037	0.1522634	0.1530612	0.1733333	0.2769231	0.1595745	0.1973684	0.1708543	0.2631579	0.1524164	
Moineau friquet	0.0045249	0.0064516	0.0	0.0	0.0	0.0	0.0	0.0045872	0.0	0.0039063	0.0019194	0.0015	0.0	0.0	0.0	0.0	0.0027933	0.0064378	0.0054795	0.0015	0.0	0.0	0.0	0.0028986	0.0	0.0	0.0015	0.0	0.0	0.0	0.0	0.0	0.0051282	0.0	0.0015	0.0039216	0.0045662	0.0047847	0.0	0.0	0.0	0.0	0.0	0.0	0.0	0.0	0.0	0.0	
Bergeronnette des ruisseaux	0.0633484	0.0967742	0.056872	0.0361011	0.0643275	0.061674	0.0524345	0.0412844	0.0909091	0.0859375	0.059501	0.0517598	0.0248756	0.0337662	0.0383142	0.0234834	0.0614525	0.0472103	0.0246575	0.0228426	0.0431373	0.0398671	0.0912409	0.0637681	0.0855615	0.0474138	0.0634146	0.0765306	0.0714286	0.0492958	0.027027	0.0684211	0.1230769	0.1586207	0.1319149	0.1568627	0.1552511	0.1483254	0.1342593	0.1563786	0.122449	0.1333333	0.2076923	0.1117021	0.1315789	0.0904523	0.1729323	0.0483271	
Bergeronnette printanière	0.0	0.0	0.0	0.0	0.0	0.0	0.0	0.0	0.0	0.0	0.0019194	0.0082816	0.0223881	0.0415584	0.0478927	0.0430528	0.0418994	0.0321888	0.0054795	0.035533	0.0745098	0.0066445	0.0291971	0.0202899	0.0	0.0086207	0.0	0.005102	0.0119048	0.0070423	0.027027	0.0894737	0.1179487	0.0551724	0.0510638	0.0039216	0.0228311	0.0095694	0.0046296	0.0	0.0	0.0	0.0	0.0	0.0	0.0	0.0	0.0	
Bergeronnette grise	0.0769231	0.116129	0.0947867	0.0685921	0.0292398	0.0396476	0.0749064	0.1146789	0.2181818	0.265625	0.2264875	0.310559	0.3084577	0.2987013	0.1704981	0.1624266	0.2094972	0.1974249	0.1726027	0.1852792	0.1254902	0.1362126	0.1970803	0.1797101	0.144385	0.1077586	0.1170732	0.1479592	0.1369048	0.056338	0.1216216	0.1157895	0.1897436	0.2137931	0.2297872	0.2588235	0.2694064	0.3157895	0.2592593	0.1687243	0.1989796	0.1866667	0.1153846	0.1595745	0.1184211	0.1055276	0.1654135	0.0743494	
bergeronette sp.	0.0	0.0	0.0047393	0.0	0.0	0.0	0.0	0.0	0.0	0.0	0.0	0.0	0.0	0.0	0.0	0.0	0.0	0.0	0.0	0.0	0.0	0.0	0.0	0.0	0.0	0.0	0.0	0.0	0.0	0.0	0.0	0.0	0.0	0.0	0.0	0.0	0.0	0.0	0.0	0.0041152	0.0	0.0	0.0	0.0	0.0	0.0	0.0	0.0	
Pipit rousseline	0.0	0.0	0.0	0.0	0.0	0.0	0.0	0.0	0.0	0.0	0.0	0.0	0.0	0.0	0.0	0.0	0.0	0.0	0.0	0.0	0.0	0.0	0.0	0.0	0.0	0.0	0.0	0.0	0.0	0.0	0.0	0.0263158	0.0512821	0.0068966	0.0042553	0.0015	0.0	0.0	0.0	0.0	0.0	0.0	0.0	0.0	0.0	0.0	0.0	0.0	
Pipit farlouse	0.1085973	0.0387097	0.0616114	0.0577617	0.0467836	0.0572687	0.0486891	0.0458716	0.0409091	0.0742188	0.0422265	0.0600414	0.1069652	0.1194805	0.0689655	0.0176125	0.0083799	0.0107296	0.0054795	0.0	0.0039216	0.0099668	0.0036496	0.0173913	0.0160428	0.0086207	0.0	0.0	0.0015	0.0	0.0135135	0.0	0.0102564	0.0206897	0.1148936	0.1333333	0.196347	0.2440191	0.2638889	0.1604938	0.2142857	0.1155556	0.1153846	0.0638298	0.0986842	0.0904523	0.0827068	0.070632	
Pipit des arbres	0.0	0.0	0.0	0.0	0.0	0.0	0.0	0.0	0.0	0.0	0.0019194	0.0062112	0.0149254	0.038961	0.1264368	0.1056751	0.075419	0.0922747	0.1315068	0.0583756	0.0470588	0.0465116	0.0583942	0.084058	0.0320856	0.0387931	0.0146341	0.0153061	0.0297619	0.0422535	0.0855856	0.1105263	0.1333333	0.0551724	0.0468085	0.0196078	0.0182648	0.0143541	0.0046296	0.0	0.0	0.0	0.0	0.0053191	0.0	0.0	0.0	0.0	
Pipit à gorge rousse	0.0	0.0	0.0	0.0	0.0	0.0	0.0	0.0	0.0	0.0	0.0	0.0	0.0	0.0	0.0019157	0.0	0.0	0.0	0.0	0.0	0.0	0.0	0.0	0.0	0.0	0.0	0.0	0.0	0.0	0.0	0.0	0.0	0.0	0.0	0.0	0.0	0.0	0.0	0.0	0.0	0.0	0.0	0.0	0.0	0.0	0.0	0.0	0.0	
Pipit spioncelle	0.0452489	0.0129032	0.014218	0.0397112	0.0116959	0.0044053	0.011236	0.0137615	0.0136364	0.0078125	0.0191939	0.0144928	0.0248756	0.0051948	0.0057471	0.0019569	0.0	0.0	0.0	0.0	0.0	0.0	0.0	0.0	0.0	0.0	0.0	0.0	0.0	0.0	0.0	0.0	0.0	0.0	0.0	0.0039216	0.0045662	0.0287081	0.0231481	0.0329218	0.0510204	0.0622222	0.0230769	0.0531915	0.0657895	0.0502513	0.0601504	0.0297398	
Pipit farlouse ou P. spioncelle	0.0	0.0	0.0	0.0	0.0	0.0	0.0	0.0	0.0	0.0	0.0	0.0	0.0024876	0.0	0.0	0.0	0.0	0.0	0.0	0.0	0.0	0.0	0.0	0.0	0.0	0.0	0.0	0.0	0.0	0.0	0.0	0.0	0.0	0.0	0.0	0.0	0.0	0.0	0.0	0.0	0.005102	0.0	0.0	0.0	0.0	0.0	0.0	0.0	
Pinson des arbres	0.5520362	0.6	0.492891	0.5884477	0.5847953	0.5418502	0.6142322	0.6559633	0.6545455	0.6328125	0.7044146	0.6832298	0.6467662	0.625974	0.664751	0.6223092	0.650838	0.6609442	0.7041096	0.6598985	0.6313725	0.6245847	0.6167883	0.684058	0.5775401	0.6293103	0.3804878	0.3826531	0.3452381	0.2464789	0.3198198	0.3631579	0.3589744	0.4896552	0.5234043	0.4470588	0.4794521	0.569378	0.6018519	0.4773663	0.6581633	0.6222222	0.6538462	0.6170213	0.6447368	0.5829146	0.6691729	0.5204461	
Pinson du Nord	0.0588235	0.0322581	0.014218	0.0361011	0.0175439	0.0264317	0.0374532	0.0091743	0.0272727	0.0234375	0.0191939	0.0351967	0.0248756	0.0051948	0.0019157	0.0	0.0	0.0	0.0	0.0	0.0	0.0	0.0	0.0	0.0	0.0	0.0	0.0	0.0	0.0	0.0	0.0	0.0	0.0	0.0	0.0	0.0228311	0.076555	0.0648148	0.0452675	0.1326531	0.0933333	0.1307692	0.0478723	0.0657895	0.0854271	0.0526316	0.0408922	
Grosbec casse-noyaux	0.1719457	0.1935484	0.1421801	0.1516245	0.1520468	0.1982379	0.1385768	0.1697248	0.1636364	0.2070313	0.1612284	0.194617	0.1318408	0.1714286	0.1455939	0.0978474	0.1005587	0.083691	0.0794521	0.0837563	0.0745098	0.0564784	0.080292	0.0724638	0.0374332	0.0215517	0.0536585	0.0561224	0.0297619	0.028169	0.027027	0.0315789	0.025641	0.062069	0.0680851	0.0352941	0.0821918	0.1291866	0.125	0.1234568	0.2040816	0.2133333	0.2076923	0.1755319	0.1315789	0.1708543	0.1729323	0.1412639	
Bouvreuil pivoine	0.0678733	0.0967742	0.0521327	0.0866426	0.0233918	0.0176211	0.0374532	0.0321101	0.0318182	0.0117188	0.0364683	0.0393375	0.0298507	0.0571429	0.0498084	0.0469667	0.0139665	0.0257511	0.0164384	0.0253807	0.0078431	0.0232558	0.0015	0.026087	0.026738	0.0387931	0.0487805	0.0612245	0.047619	0.0633803	0.0990991	0.0368421	0.0461538	0.0206897	0.0468085	0.0431373	0.0319635	0.0287081	0.0601852	0.0164609	0.0816327	0.0888889	0.0538462	0.0638298	0.0789474	0.0653266	0.112782	0.0483271	
Verdier d'Europe	0.1538462	0.1548387	0.1516588	0.133574	0.2046784	0.2026432	0.2659176	0.2752294	0.2727273	0.296875	0.2322457	0.3022774	0.2636816	0.2181818	0.1800766	0.2152642	0.2402235	0.1287554	0.1863014	0.1852792	0.2196078	0.1528239	0.2153285	0.1536232	0.1925134	0.1767241	0.1463415	0.1734694	0.1369048	0.1126761	0.1081081	0.0631579	0.1230769	0.1034483	0.1148936	0.0823529	0.0821918	0.1435407	0.1388889	0.0781893	0.1326531	0.1777778	0.2076923	0.1595745	0.1842105	0.160804	0.1654135	0.1486989	
Linotte mélodieuse	0.0271493	0.0451613	0.0047393	0.0361011	0.0116959	0.0132159	0.0674157	0.0504587	0.05	0.0507813	0.0863724	0.1138716	0.261194	0.2545455	0.1915709	0.1976517	0.1815642	0.1716738	0.139726	0.1446701	0.1490196	0.1328904	0.1642336	0.1594203	0.1390374	0.1422414	0.1170732	0.122449	0.1547619	0.1056338	0.1576577	0.1105263	0.1846154	0.1172414	0.1829787	0.1333333	0.1324201	0.1483254	0.1759259	0.0658436	0.0714286	0.1111111	0.1461538	0.0797872	0.0526316	0.0653266	0.0676692	0.0446097	
Sizerin flammé	0.0226244	0.0258065	0.014218	0.0180505	0.005848	0.0088106	0.0149813	0.0137615	0.0181818	0.0078125	0.0076775	0.0062112	0.0149254	0.0103896	0.0038314	0.0039139	0.0	0.0	0.0	0.0	0.0	0.0	0.0	0.0	0.0	0.0	0.0	0.0	0.0	0.0	0.0	0.0	0.0	0.0	0.0	0.0015	0.0	0.0047847	0.0231481	0.0123457	0.0408163	0.04	0.0461538	0.0212766	0.0197368	0.0150754	0.0451128	0.0223048	
Bec-croisé perroquet	0.0	0.0	0.0	0.0015	0.0	0.0	0.0037453	0.0	0.0	0.0	0.0015	0.0	0.0	0.0	0.0	0.0	0.0	0.0	0.0	0.0	0.0	0.0	0.0	0.0	0.0	0.0	0.0	0.0	0.0	0.0	0.0	0.0	0.0	0.0	0.0	0.0	0.0	0.0	0.0	0.0041152	0.005102	0.0	0.0015	0.0	0.0015	0.0	0.0	0.0	
Bec-croisé d'Écosse	0.0	0.0015	0.0	0.0	0.0015	0.0044053	0.0037453	0.0	0.0	0.0	0.0	0.0	0.0	0.0	0.0	0.0	0.0	0.0	0.0	0.0	0.0	0.0	0.0	0.0	0.0	0.0	0.0	0.0	0.0	0.0	0.0	0.0	0.0	0.0	0.0	0.0	0.0	0.0	0.0	0.0	0.0	0.0	0.0	0.0	0.0	0.0015	0.0	0.0	
Bec-croisé des sapins	0.0090498	0.0064516	0.0047393	0.0108303	0.0116959	0.0220264	0.0149813	0.0137615	0.0045455	0.0078125	0.0134357	0.0020704	0.0	0.0	0.0	0.0	0.0	0.0	0.0	0.0025381	0.0015	0.0033223	0.0015	0.0015	0.0053476	0.0015	0.0146341	0.005102	0.0059524	0.0	0.0015	0.0	0.0051282	0.0	0.0	0.0117647	0.0045662	0.0095694	0.0138889	0.0082305	0.0408163	0.0088889	0.0230769	0.0	0.0	0.0050251	0.0015	0.0074349	
Chardonneret élégant	0.2262443	0.2967742	0.1990521	0.1841155	0.1812865	0.1629956	0.1610487	0.1743119	0.2409091	0.2109375	0.184261	0.2318841	0.2313433	0.2441558	0.1609195	0.1878669	0.2206704	0.1502146	0.1643836	0.1573604	0.1764706	0.1196013	0.2043796	0.1913043	0.1657754	0.1422414	0.1317073	0.1785714	0.2202381	0.1760563	0.1666667	0.1631579	0.2102564	0.1793103	0.1829787	0.0980392	0.1004566	0.1339713	0.1898148	0.1728395	0.2704082	0.2311111	0.2615385	0.2659574	0.3618421	0.241206	0.3082707	0.1933086	
Serin cini	0.0135747	0.0	0.0094787	0.0072202	0.005848	0.0	0.0074906	0.0091743	0.0045455	0.0234375	0.0345489	0.0828157	0.0945274	0.0753247	0.0823755	0.0841487	0.103352	0.0579399	0.0821918	0.0609137	0.1019608	0.0564784	0.0547445	0.0492754	0.026738	0.0431034	0.0390244	0.0357143	0.0416667	0.0492958	0.0135135	0.0052632	0.0153846	0.0413793	0.0255319	0.0196078	0.0273973	0.0478469	0.0092593	0.0205761	0.0561224	0.0355556	0.0153846	0.0212766	0.0131579	0.0100503	0.0225564	0.0111524	
Tarin des aulnes	0.1402715	0.2064516	0.1516588	0.1480144	0.128655	0.1585903	0.2172285	0.2293578	0.1863636	0.140625	0.1401152	0.0828157	0.0472637	0.0233766	0.0114943	0.0019569	0.0	0.0	0.0027397	0.0025381	0.0	0.0	0.0	0.0	0.0	0.0	0.004878	0.005102	0.0	0.0015	0.0	0.0	0.0	0.0015	0.0085106	0.0196078	0.0639269	0.1722488	0.2175926	0.2386831	0.3010204	0.2266667	0.2846154	0.1968085	0.1710526	0.2763819	0.2330827	0.1635688	
Bruant proyer	0.0045249	0.0	0.0047393	0.0036101	0.0	0.0	0.0224719	0.0137615	0.0015	0.0117188	0.0134357	0.0082816	0.0099502	0.0233766	0.01341	0.0195695	0.0363128	0.0085837	0.0027397	0.035533	0.0862745	0.0033223	0.0328467	0.0173913	0.0160428	0.012931	0.004878	0.0	0.0	0.0	0.0	0.0	0.0051282	0.0	0.0085106	0.0	0.0045662	0.0047847	0.0092593	0.0	0.0102041	0.0088889	0.0	0.0	0.0065789	0.0100503	0.0075188	0.0037175	
Bruant zizi	0.0226244	0.0064516	0.0015	0.0072202	0.005848	0.0132159	0.0149813	0.0183486	0.0227273	0.0117188	0.0172745	0.0269151	0.0149254	0.0441558	0.0229885	0.0254403	0.0363128	0.0193133	0.0136986	0.0203046	0.0509804	0.0265781	0.0255474	0.0492754	0.0213904	0.0387931	0.0146341	0.0153061	0.0297619	0.0140845	0.009009	0.0052632	0.0102564	0.0068966	0.0170213	0.0015	0.0045662	0.0239234	0.0231481	0.0329218	0.0255102	0.0222222	0.0230769	0.0015	0.0	0.0050251	0.0150376	0.0111524	
Bruant jaune	0.0316742	0.0451613	0.0047393	0.0469314	0.0292398	0.0220264	0.0786517	0.0825688	0.0454545	0.078125	0.049904	0.0517598	0.0721393	0.0779221	0.0900383	0.072407	0.0586592	0.0729614	0.0767123	0.0634518	0.0666667	0.0930233	0.0547445	0.1333333	0.0534759	0.1077586	0.0634146	0.0306122	0.0714286	0.084507	0.0810811	0.0105263	0.0666667	0.0068966	0.0765957	0.0392157	0.0365297	0.0574163	0.1064815	0.0164609	0.0459184	0.0577778	0.0230769	0.037234	0.0855263	0.0703518	0.0300752	0.0669145	
Bruant ortolan	0.0	0.0	0.0	0.0	0.0	0.0	0.0	0.0	0.0	0.0	0.0	0.0	0.0	0.0	0.0	0.0	0.0	0.0	0.0	0.0	0.0	0.0	0.0	0.0	0.0	0.0	0.0	0.0	0.0	0.0	0.009009	0.0473684	0.0461538	0.0206897	0.0	0.0	0.0	0.0	0.0	0.0	0.0	0.0	0.0	0.0	0.0	0.0	0.0	0.0	
Bruant des roseaux	0.0452489	0.0322581	0.028436	0.0613718	0.0409357	0.0220264	0.0599251	0.0825688	0.0772727	0.0625	0.0825336	0.0931677	0.0746269	0.0623377	0.0517241	0.0665362	0.0418994	0.0407725	0.030137	0.0532995	0.0313725	0.0531561	0.0364964	0.0231884	0.0374332	0.0344828	0.004878	0.0102041	0.0357143	0.0211268	0.018018	0.0052632	0.0461538	0.0206897	0.0595745	0.0313725	0.0410959	0.0813397	0.0601852	0.0246914	0.0714286	0.0711111	0.0461538	0.0638298	0.0789474	0.0854271	0.075188	0.0855019	
Bruant nain	0.0	0.0	0.0047393	0.0015	0.0	0.0	0.0	0.0	0.0	0.0	0.0	0.0	0.0	0.0	0.0	0.0	0.0	0.0	0.0	0.0	0.0	0.0	0.0	0.0	0.0	0.0	0.0	0.0	0.0	0.0	0.0	0.0	0.0	0.0	0.0	0.0	0.0	0.0	0.0	0.0	0.0	0.0	0.0	0.0	0.0	0.0015	0.0015	0.0015	
Emberiza sp.	0.0	0.0	0.0	0.0	0.0	0.0	0.0	0.0	0.0	0.0	0.0	0.0	0.0	0.0	0.0	0.0	0.0	0.0	0.0	0.0	0.0	0.0	0.0	0.0	0.0	0.0	0.0	0.0	0.0	0.0	0.0	0.0	0.0	0.0068966	0.0	0.0	0.0	0.0	0.0	0.0	0.0	0.0	0.0	0.0	0.0	0.0	0.0	0.0	
passereau sp.	0.0	0.0064516	0.0	0.0	0.005848	0.0044053	0.0	0.0	0.0	0.0039063	0.0	0.0020704	0.0	0.0	0.0	0.0019569	0.0	0.0	0.0	0.0	0.0	0.0	0.0	0.0028986	0.0053476	0.0	0.004878	0.0102041	0.0	0.0140845	0.0135135	0.0	0.0	0.0015	0.0	0.0039216	0.0	0.0047847	0.0046296	0.0	0.005102	0.0	0.0076923	0.0015	0.0	0.0	0.0	0.0148699	

