









Frequency of observations in the selected location(s).:
Number of taxa: 	328

	Jan				Feb				Mar				Apr				May				Jun				Jul				Aug				Sep				Oct				Nov				Dec				
Sample Size:	51.0	30.0	40.0	56.0	74.0	37.0	67.0	119.0	81.0	58.0	56.0	131.0	136.0	197.0	242.0	328.0	213.0	210.0	199.0	432.0	307.0	123.0	175.0	190.0	137.0	149.0	108.0	204.0	203.0	144.0	219.0	273.0	181.0	130.0	125.0	138.0	92.0	182.0	100.0	141.0	55.0	26.0	44.0	79.0	33.0	8.0	33.0	62.0	

Oie cendrée	0.0392157	0.0	0.025	0.0178571	0.0	0.0	0.0	0.0	0.0	0.0	0.0	0.0	0.0	0.0	0.0041322	0.0	0.0	0.0	0.0	0.0	0.0	0.0	0.0	0.0	0.0	0.0	0.0	0.0	0.0	0.0	0.0	0.0	0.0	0.0	0.0	0.0	0.0	0.0	0.0	0.0	0.0	0.0	0.0	0.0126582	0.0909091	0.0	0.0	0.0	
Anser sp. (forme domestique)	0.0	0.0	0.0	0.0	0.0	0.0	0.0	0.0084034	0.0	0.0172414	0.0	0.0076336	0.0	0.0	0.0	0.0	0.0	0.0	0.0	0.0	0.0	0.0	0.0	0.0	0.0	0.0	0.0	0.0	0.0	0.0	0.0	0.0	0.0	0.0	0.0	0.0	0.0	0.0	0.0	0.0	0.0	0.0	0.0	0.0	0.0	0.0	0.0	0.0	
Cygne tuberculé	0.0	0.0	0.0	0.0	0.0	0.0	0.0	0.0	0.0	0.0	0.0	0.0	0.0	0.0050761	0.0	0.0091463	0.0	0.0	0.0	0.0046296	0.0	0.0	0.0	0.0	0.0	0.0	0.0	0.0	0.0	0.0	0.0	0.0	0.0	0.0	0.0	0.0	0.0	0.0	0.0	0.0	0.0	0.0	0.0	0.0	0.0	0.0	0.0	0.0	
Ouette à tête grise	0.0	0.0	0.0	0.0	0.0	0.0	0.0	0.0	0.0	0.0	0.0	0.0	0.0	0.0	0.0	0.0	0.0	0.0	0.0	0.0015	0.0	0.0	0.0	0.0	0.0	0.0	0.0	0.0	0.0	0.0	0.0	0.0	0.0	0.0	0.0	0.0	0.0	0.0	0.0	0.0	0.0	0.0	0.0	0.0	0.0	0.0	0.0	0.0	
Tadorne casarca	0.0	0.0	0.0	0.0178571	0.0	0.0015	0.0	0.0	0.0123457	0.0	0.0	0.0	0.0073529	0.0	0.0	0.0030488	0.0	0.0	0.0050251	0.0	0.0	0.0	0.0	0.0	0.0	0.0	0.0	0.0	0.0	0.0	0.0045662	0.0	0.0	0.0153846	0.0	0.0	0.0	0.0	0.0	0.0	0.0	0.0	0.0	0.0	0.0	0.0015	0.0	0.0	
Tadorne de Belon	0.3529412	0.1666667	0.25	0.2857143	0.1621622	0.2162162	0.0597015	0.1848739	0.1234568	0.1896552	0.1428571	0.2671756	0.1911765	0.177665	0.1818182	0.1829268	0.1924883	0.2619048	0.1356784	0.1435185	0.0749186	0.1219512	0.1314286	0.1315789	0.1240876	0.0939597	0.1203704	0.0735294	0.0591133	0.0625	0.0410959	0.0586081	0.0497238	0.0538462	0.024	0.0434783	0.0543478	0.021978	0.01	0.0851064	0.0181818	0.0384615	0.0454545	0.1265823	0.3030303	0.0	0.2121212	0.2903226	
Canard musqué	0.0	0.0	0.0	0.0	0.0	0.0	0.0	0.0	0.0	0.0	0.0178571	0.0	0.0	0.0	0.0	0.0	0.0	0.0	0.0050251	0.0	0.0065147	0.0	0.0	0.0	0.0	0.0	0.0	0.0	0.0	0.0	0.0	0.0	0.0	0.0	0.0	0.0	0.0	0.0	0.0	0.0	0.0	0.0	0.0015	0.0	0.0	0.0	0.0	0.0	
Canard mandarin	0.0	0.0	0.0	0.0	0.0	0.0	0.0	0.0	0.0	0.0	0.0178571	0.0	0.0	0.0	0.0	0.0	0.0	0.0	0.0	0.0	0.0	0.0	0.0	0.0	0.0	0.0	0.0	0.0	0.0049261	0.0	0.0	0.0	0.0	0.0	0.0	0.0	0.0	0.0	0.0	0.0	0.0	0.0	0.0	0.0	0.0	0.0	0.0	0.0	
Sarcelle d'été	0.0	0.0	0.0	0.0	0.0	0.0	0.0	0.0	0.0123457	0.0	0.0357143	0.0229008	0.0294118	0.0304569	0.0289256	0.0091463	0.0046948	0.0095238	0.0	0.0023148	0.0	0.0	0.0	0.0052632	0.0	0.0	0.0	0.0	0.0049261	0.0	0.0	0.010989	0.0	0.0153846	0.0	0.0	0.0108696	0.0	0.0	0.0	0.0	0.0	0.0	0.0	0.0	0.0	0.0	0.0	
Canard souchet	0.2941176	0.1333333	0.25	0.25	0.1621622	0.1891892	0.0895522	0.2016807	0.0740741	0.0862069	0.0357143	0.1145038	0.0735294	0.0406091	0.0330579	0.0060976	0.0046948	0.0285714	0.0050251	0.0069444	0.0	0.0081301	0.0057143	0.0	0.0	0.0	0.0	0.0	0.0098522	0.0138889	0.0273973	0.025641	0.0276243	0.0230769	0.032	0.057971	0.0652174	0.0769231	0.12	0.0992908	0.1272727	0.1923077	0.1136364	0.2025316	0.3939394	0.125	0.2424242	0.2419355	
Canard chipeau	0.254902	0.1333333	0.175	0.1071429	0.1351351	0.027027	0.0298507	0.1092437	0.0493827	0.0517241	0.0178571	0.0687023	0.0514706	0.0558376	0.0702479	0.0426829	0.0422535	0.0619048	0.0201005	0.0208333	0.0065147	0.0243902	0.0114286	0.0052632	0.0072993	0.0067114	0.0185185	0.0441176	0.0049261	0.0138889	0.0136986	0.014652	0.0331492	0.0076923	0.016	0.0289855	0.0108696	0.032967	0.03	0.035461	0.0181818	0.1538462	0.0681818	0.0759494	0.1515152	0.0	0.2121212	0.1612903	
Canard siffleur	0.1764706	0.0666667	0.175	0.1071429	0.0945946	0.0810811	0.0	0.1008403	0.037037	0.0344828	0.0178571	0.0381679	0.0073529	0.0101523	0.0	0.0	0.0	0.0	0.0	0.0	0.0	0.0	0.0	0.0	0.0	0.0	0.0	0.0	0.0	0.0	0.0	0.0	0.0	0.0	0.0	0.0072464	0.0	0.032967	0.04	0.0283688	0.0	0.0769231	0.0227273	0.1265823	0.1212121	0.0	0.2121212	0.1290323	
Canard colvert	0.4117647	0.2333333	0.175	0.3214286	0.3243243	0.2972973	0.1791045	0.2941176	0.1111111	0.2758621	0.125	0.2671756	0.1323529	0.2030457	0.2231405	0.2103659	0.1596244	0.247619	0.1356784	0.1203704	0.0846906	0.097561	0.12	0.1263158	0.1459854	0.0671141	0.1481481	0.1666667	0.0985222	0.1805556	0.1141553	0.1648352	0.2099448	0.1153846	0.152	0.2101449	0.2065217	0.1758242	0.29	0.2978723	0.3454545	0.4230769	0.25	0.278481	0.3939394	0.25	0.3939394	0.2903226	
Canard pilet	0.0980392	0.0666667	0.05	0.0535714	0.0810811	0.0	0.0	0.0420168	0.0493827	0.0172414	0.0	0.0229008	0.0073529	0.0050761	0.0	0.0	0.0	0.0	0.0	0.0023148	0.0	0.0	0.0	0.0	0.0	0.0	0.0	0.0	0.0	0.0	0.0	0.0	0.0055249	0.0	0.0	0.0072464	0.0	0.0054945	0.0	0.0141844	0.0545455	0.0384615	0.0681818	0.0886076	0.1212121	0.0	0.0909091	0.0806452	
Sarcelle d'hiver	0.2352941	0.1333333	0.175	0.1607143	0.1081081	0.0540541	0.0597015	0.1260504	0.0740741	0.0517241	0.0178571	0.0610687	0.0661765	0.0253807	0.0015	0.0	0.0	0.0	0.0	0.0	0.0	0.0	0.0	0.0052632	0.0	0.0	0.0092593	0.004902	0.0098522	0.0069444	0.0136986	0.032967	0.0552486	0.0461538	0.056	0.0652174	0.0434783	0.0659341	0.13	0.0851064	0.0909091	0.1153846	0.1136364	0.1898734	0.2727273	0.0	0.1212121	0.1935484	
Nette rousse	0.0	0.0333333	0.025	0.0178571	0.0405405	0.027027	0.0	0.0252101	0.0123457	0.0344828	0.0178571	0.0381679	0.0514706	0.0558376	0.0495868	0.0457317	0.0375587	0.0619048	0.0301508	0.0347222	0.009772	0.0	0.0171429	0.0015	0.0145985	0.0	0.0092593	0.0	0.0	0.0	0.0091324	0.021978	0.0055249	0.0076923	0.024	0.0	0.0108696	0.0494505	0.02	0.0070922	0.0	0.0384615	0.0	0.0253165	0.030303	0.0	0.0606061	0.0	
Fuligule milouin	0.1372549	0.0666667	0.025	0.0535714	0.0675676	0.0540541	0.0597015	0.0420168	0.037037	0.0517241	0.0357143	0.0534351	0.0441176	0.0456853	0.0495868	0.027439	0.0140845	0.047619	0.0150754	0.0115741	0.0130293	0.0162602	0.0114286	0.0052632	0.0145985	0.0067114	0.0185185	0.0245098	0.0098522	0.0138889	0.0228311	0.010989	0.0	0.0076923	0.024	0.0144928	0.0108696	0.043956	0.07	0.0921986	0.0545455	0.1153846	0.0454545	0.0632911	0.0909091	0.0	0.0606061	0.0967742	
Fuligule nyroca	0.0	0.0333333	0.0	0.0	0.0	0.0	0.0	0.0	0.0	0.0	0.0	0.0	0.0073529	0.0101523	0.0165289	0.0	0.0046948	0.0047619	0.0	0.0092593	0.0	0.0	0.0	0.0	0.0	0.0	0.0	0.0	0.0	0.0	0.0	0.003663	0.0110497	0.0076923	0.016	0.0015	0.0	0.021978	0.04	0.0141844	0.0	0.0	0.0227273	0.0253165	0.030303	0.125	0.0	0.0645161	
Fuligule morillon	0.0196078	0.0333333	0.0	0.0	0.0135135	0.0	0.0149254	0.0084034	0.0	0.0172414	0.0	0.0	0.0	0.0050761	0.0	0.0060976	0.0	0.0	0.0	0.0	0.0	0.0	0.0	0.0052632	0.0	0.0	0.0	0.0	0.0	0.0	0.0	0.0	0.0	0.0	0.0	0.0	0.0108696	0.0054945	0.0	0.0070922	0.0	0.0	0.0	0.0126582	0.0	0.0	0.030303	0.0483871	
Harle huppé	0.0	0.0	0.0	0.0	0.0	0.0	0.0	0.0	0.0	0.0	0.0	0.0	0.0	0.0	0.0041322	0.0	0.0	0.0	0.0	0.0	0.0	0.0	0.0	0.0	0.0	0.0	0.0	0.0	0.0	0.0	0.0	0.0	0.0	0.0	0.0	0.0	0.0	0.0	0.0	0.0	0.0	0.0	0.0	0.0126582	0.0	0.0	0.030303	0.0015	
anatidé sp. (canard sp.)	0.0	0.0	0.0	0.0	0.0	0.0	0.0	0.0	0.0	0.0	0.0	0.0	0.0	0.0	0.0	0.0	0.0	0.0	0.0	0.0023148	0.0	0.0	0.0	0.0	0.0	0.0	0.0	0.0	0.0	0.0	0.0045662	0.0	0.0	0.0	0.0	0.0	0.0	0.0	0.0	0.0	0.0	0.0	0.0	0.0	0.0	0.0	0.0	0.0	
Faisan de Colchide	0.0	0.0	0.0	0.0	0.0	0.0	0.0	0.0	0.0	0.0	0.0	0.0	0.0	0.0	0.0	0.0015	0.0	0.0	0.0	0.0	0.0	0.0	0.0	0.0	0.0	0.0	0.0	0.0	0.0	0.0	0.0	0.0015	0.0	0.0	0.0	0.0	0.0	0.0	0.0	0.0	0.0	0.0	0.0	0.0	0.0	0.0	0.0	0.0	
Caille des blés	0.0	0.0	0.0	0.0	0.0	0.0	0.0	0.0252101	0.0	0.0015	0.0	0.0	0.0294118	0.0253807	0.0785124	0.0609756	0.028169	0.047619	0.0603015	0.0625	0.0325733	0.0325203	0.0628571	0.0210526	0.0	0.0134228	0.0092593	0.0	0.0049261	0.0	0.0	0.018315	0.0	0.0	0.0	0.0	0.0	0.0	0.0	0.0070922	0.0	0.0	0.0	0.0	0.0	0.0	0.0	0.0	
Perdrix gambra	0.0392157	0.0	0.025	0.0714286	0.027027	0.0540541	0.0	0.0672269	0.0246914	0.0172414	0.0178571	0.0305344	0.0588235	0.035533	0.0495868	0.0518293	0.028169	0.0285714	0.0301508	0.025463	0.009772	0.0406504	0.0285714	0.0052632	0.0218978	0.0067114	0.0092593	0.0196078	0.0295567	0.0015	0.0136986	0.025641	0.0276243	0.0461538	0.0015	0.0362319	0.0326087	0.010989	0.01	0.035461	0.0363636	0.0384615	0.0227273	0.0759494	0.030303	0.0	0.0	0.016129	
Pigeon biset	0.254902	0.0333333	0.175	0.1964286	0.1486486	0.1351351	0.1940299	0.210084	0.1604938	0.1551724	0.1428571	0.1068702	0.1985294	0.1979695	0.2024793	0.1585366	0.1877934	0.2238095	0.1909548	0.2407407	0.2508143	0.2276423	0.2457143	0.2210526	0.270073	0.2684564	0.3518519	0.25	0.2807882	0.2777778	0.283105	0.2454212	0.2265193	0.1692308	0.168	0.2463768	0.173913	0.3131868	0.15	0.2553191	0.3272727	0.3076923	0.25	0.1392405	0.2424242	0.25	0.0909091	0.2419355	
Pigeon colombin	0.0	0.0	0.0	0.0	0.0135135	0.0	0.0	0.0	0.0	0.0	0.0	0.0	0.0	0.0	0.0	0.0	0.0	0.0	0.0	0.0	0.0	0.0	0.0	0.0	0.0	0.0	0.0	0.0	0.0	0.0	0.0	0.0	0.0	0.0	0.0	0.0	0.0	0.0	0.0	0.0	0.0	0.0769231	0.0	0.0126582	0.0	0.0	0.0	0.0322581	
Pigeon ramier	0.0784314	0.0	0.025	0.0714286	0.1216216	0.2972973	0.3283582	0.1848739	0.0493827	0.137931	0.1607143	0.1145038	0.2058824	0.2233503	0.2892562	0.2073171	0.1455399	0.2	0.2211055	0.1689815	0.1824104	0.2113821	0.3085714	0.1315789	0.1678832	0.1342282	0.212963	0.2254902	0.1970443	0.1597222	0.1872146	0.1904762	0.1712707	0.1076923	0.144	0.1014493	0.1304348	0.1538462	0.2	0.1134752	0.1090909	0.1538462	0.0909091	0.164557	0.1818182	0.25	0.1515152	0.1290323	
Tourterelle des bois	0.0	0.0	0.0	0.0	0.0	0.0	0.0	0.0	0.0	0.0	0.0	0.0	0.0073529	0.0253807	0.0743802	0.0945122	0.1079812	0.0904762	0.0954774	0.1041667	0.1140065	0.1300813	0.1485714	0.1105263	0.1167883	0.0805369	0.0555556	0.0588235	0.0492611	0.0763889	0.0639269	0.021978	0.0441989	0.0307692	0.008	0.0217391	0.0108696	0.0015	0.01	0.0015	0.0	0.0	0.0	0.0	0.0	0.0	0.0	0.0	
Tourterelle turque	0.1960784	0.2333333	0.15	0.25	0.2432432	0.2162162	0.2835821	0.2773109	0.1481481	0.3793103	0.3392857	0.351145	0.3823529	0.2893401	0.392562	0.2835366	0.2816901	0.2666667	0.321608	0.2731481	0.3029316	0.3495935	0.32	0.3105263	0.2773723	0.3288591	0.3796296	0.3823529	0.3004926	0.2986111	0.3607306	0.2893773	0.2375691	0.2	0.24	0.2391304	0.2065217	0.2692308	0.17	0.248227	0.1636364	0.2692308	0.2045455	0.164557	0.1818182	0.125	0.2727273	0.1290323	
Outarde canepetière	0.0	0.0	0.0	0.0	0.0	0.027027	0.0	0.0084034	0.0123457	0.0	0.0357143	0.0	0.0147059	0.0203046	0.0247934	0.0091463	0.0187793	0.0285714	0.0150754	0.0092593	0.0065147	0.0	0.0	0.0	0.0	0.0	0.0	0.0098039	0.0	0.0069444	0.0015	0.003663	0.0	0.0	0.008	0.0	0.0108696	0.0	0.0	0.0015	0.0	0.0	0.0	0.0253165	0.030303	0.0	0.030303	0.016129	
Coucou geai	0.0	0.0	0.0	0.0	0.0	0.0	0.0	0.0	0.0	0.0	0.0178571	0.0	0.0	0.0101523	0.0247934	0.0030488	0.0046948	0.0	0.0015	0.0046296	0.0	0.0	0.0	0.0	0.0	0.0	0.0	0.0	0.0	0.0	0.0	0.0	0.0	0.0	0.0	0.0	0.0	0.0	0.0	0.0	0.0	0.0	0.0	0.0	0.0	0.0	0.0	0.0	
Coucou gris	0.0	0.0	0.0	0.0	0.0	0.0	0.0	0.0	0.0	0.0	0.0	0.0	0.0220588	0.0203046	0.0702479	0.0884146	0.0328638	0.047619	0.0603015	0.0740741	0.0325733	0.0243902	0.0342857	0.0052632	0.0	0.0	0.0	0.0	0.0	0.0	0.0	0.0	0.0055249	0.0	0.0	0.0	0.0217391	0.0	0.0	0.0	0.0	0.0	0.0	0.0	0.0	0.0	0.0	0.0	
Engoulevent d'Europe	0.0	0.0	0.0	0.0	0.0	0.0	0.0	0.0	0.0	0.0	0.0	0.0	0.0	0.0	0.0	0.0	0.0046948	0.0095238	0.0050251	0.0162037	0.019544	0.0081301	0.0342857	0.0105263	0.0145985	0.0067114	0.0185185	0.0147059	0.0098522	0.0277778	0.0182648	0.007326	0.0165746	0.0076923	0.0015	0.0	0.0	0.0	0.0	0.0	0.0	0.0	0.0	0.0	0.0	0.0	0.0	0.0	
Martinet à ventre blanc	0.0	0.0	0.0	0.0	0.0	0.0	0.0	0.0084034	0.0123457	0.0	0.0178571	0.0305344	0.0808824	0.0862944	0.0867769	0.1097561	0.084507	0.1	0.0552764	0.0833333	0.0586319	0.0813008	0.08	0.0631579	0.0583942	0.0671141	0.1111111	0.0833333	0.0246305	0.0347222	0.0593607	0.03663	0.0552486	0.0230769	0.032	0.0144928	0.0217391	0.010989	0.01	0.0141844	0.0	0.0	0.0	0.0	0.0	0.0	0.0	0.0	
Martinet noir	0.0	0.0	0.0	0.0	0.0	0.0	0.0	0.0084034	0.0123457	0.0172414	0.0535714	0.1145038	0.1985294	0.1319797	0.2231405	0.2286585	0.2018779	0.2619048	0.2311558	0.2638889	0.3224756	0.3170732	0.3028571	0.2473684	0.2627737	0.2013423	0.2777778	0.25	0.0591133	0.1111111	0.1004566	0.043956	0.038674	0.0769231	0.016	0.0	0.0	0.0054945	0.0	0.0	0.0	0.0	0.0	0.0	0.0	0.0	0.0	0.0	
Martinet pâle	0.0	0.0	0.0	0.0	0.0	0.0	0.0	0.0	0.0	0.0	0.0	0.0305344	0.0808824	0.0406091	0.0495868	0.070122	0.0610329	0.0666667	0.0452261	0.0694444	0.0716612	0.0650407	0.0971429	0.0368421	0.0656934	0.0939597	0.212963	0.0833333	0.0985222	0.0902778	0.0547945	0.0952381	0.038674	0.0230769	0.016	0.0289855	0.0326087	0.0714286	0.02	0.0141844	0.0	0.0	0.0	0.0	0.0	0.0	0.0	0.0	
Martinet noir ou M. pâle	0.0	0.0	0.0	0.0	0.0	0.0	0.0	0.0	0.0	0.0	0.0	0.0	0.0	0.0	0.0	0.0	0.0	0.0	0.0	0.0	0.0	0.0	0.0	0.0	0.0	0.0	0.0	0.0	0.0015	0.0	0.0	0.0	0.0	0.0	0.0	0.0	0.0	0.0	0.0	0.0	0.0	0.0	0.0	0.0	0.0	0.0	0.0	0.0	
Apus ou Tachymarptis sp.	0.0	0.0	0.0	0.0	0.0	0.0	0.0	0.0	0.0	0.0	0.0	0.0	0.0	0.0	0.0	0.0	0.0046948	0.0	0.0	0.0	0.0	0.0	0.0	0.0	0.0015	0.0201342	0.0092593	0.004902	0.0	0.0	0.0045662	0.0015	0.0	0.0	0.0	0.0	0.0	0.0015	0.0	0.0	0.0	0.0	0.0	0.0	0.0	0.0	0.0	0.0	
apodidé sp.	0.0	0.0	0.0	0.0	0.0	0.0	0.0	0.0	0.0	0.0	0.0	0.0	0.0	0.0	0.0	0.0091463	0.0046948	0.0	0.0201005	0.0092593	0.009772	0.0081301	0.0114286	0.0052632	0.0	0.0134228	0.0015	0.0098039	0.0	0.0069444	0.0091324	0.003663	0.0055249	0.0	0.0	0.0	0.0	0.0	0.0	0.0	0.0	0.0	0.0	0.0	0.0	0.0	0.0	0.0	
Râle d'eau	0.0980392	0.0	0.025	0.0015	0.0540541	0.027027	0.0298507	0.0252101	0.0	0.0172414	0.0178571	0.0229008	0.0147059	0.0152284	0.0041322	0.0152439	0.0046948	0.0095238	0.0050251	0.0023148	0.009772	0.0081301	0.0	0.0052632	0.0015	0.0067114	0.0185185	0.004902	0.0	0.0069444	0.0091324	0.025641	0.0276243	0.0076923	0.04	0.0072464	0.0	0.0274725	0.01	0.0283688	0.0	0.0	0.0454545	0.0379747	0.0909091	0.0	0.030303	0.0322581	
Marouette ponctuée	0.0	0.0	0.0	0.0	0.0	0.0	0.0	0.0	0.0	0.0	0.0	0.0	0.0	0.0	0.0	0.0	0.0	0.0	0.0	0.0	0.0	0.0	0.0	0.0	0.0	0.0	0.0	0.0	0.0015	0.0	0.0	0.0	0.0	0.0	0.0	0.0	0.0	0.0	0.0	0.0	0.0	0.0	0.0	0.0	0.0	0.0	0.0	0.0	
Gallinule poule-d'eau	0.3137255	0.1	0.15	0.1428571	0.1756757	0.1351351	0.1044776	0.1512605	0.0987654	0.0862069	0.0535714	0.129771	0.0808824	0.1116751	0.1280992	0.0792683	0.0751174	0.1238095	0.0603015	0.0601852	0.0651466	0.097561	0.0742857	0.0842105	0.1021898	0.1275168	0.1203704	0.1764706	0.0591133	0.0972222	0.0958904	0.1282051	0.1160221	0.1230769	0.112	0.1449275	0.1630435	0.0879121	0.11	0.1985816	0.1636364	0.3461538	0.0681818	0.1392405	0.1818182	0.125	0.2424242	0.1774194	
Foulque macroule	0.2352941	0.2666667	0.375	0.2321429	0.4459459	0.1351351	0.1641791	0.3193277	0.1111111	0.1206897	0.1428571	0.221374	0.125	0.1573604	0.161157	0.1402439	0.1408451	0.1666667	0.0854271	0.099537	0.0781759	0.0813008	0.1485714	0.1421053	0.1824818	0.0805369	0.0740741	0.1715686	0.0935961	0.0902778	0.1278539	0.1538462	0.1657459	0.1	0.136	0.1231884	0.1304348	0.1098901	0.27	0.2269504	0.1272727	0.4615385	0.1590909	0.2278481	0.2727273	0.0	0.3333333	0.2258065	
Talève sultane	0.1176471	0.1	0.05	0.0357143	0.0675676	0.027027	0.0298507	0.0336134	0.037037	0.0344828	0.0357143	0.0381679	0.0220588	0.0406091	0.0206612	0.0243902	0.0234742	0.0428571	0.0100503	0.0185185	0.0162866	0.0487805	0.0342857	0.0052632	0.0291971	0.0134228	0.0462963	0.0588235	0.0098522	0.0208333	0.0228311	0.032967	0.0220994	0.0153846	0.032	0.0217391	0.0108696	0.032967	0.02	0.0496454	0.0363636	0.1153846	0.0	0.0759494	0.0606061	0.0	0.0606061	0.1129032	
Marouette poussin	0.0	0.0	0.0	0.0	0.0	0.0	0.0	0.0	0.0	0.0	0.0	0.0076336	0.0	0.0101523	0.0041322	0.0	0.0	0.0	0.0	0.0	0.0	0.0	0.0	0.0	0.0	0.0	0.0	0.0	0.0	0.0	0.0	0.0	0.0	0.0	0.0	0.0	0.0	0.0	0.0	0.0	0.0	0.0	0.0	0.0	0.0	0.0	0.0	0.0	
Grue cendrée	0.0196078	0.0	0.0	0.0	0.0	0.1351351	0.0	0.0084034	0.0	0.0	0.0	0.0	0.0	0.0	0.0	0.0	0.0	0.0	0.0	0.0	0.0	0.0	0.0	0.0	0.0	0.0	0.0	0.0	0.0	0.0	0.0	0.0	0.0	0.0	0.0	0.0	0.0	0.0	0.0	0.0015	0.0181818	0.0	0.0227273	0.0	0.030303	0.0	0.0	0.0	
Oedicnème criard	0.1176471	0.0	0.025	0.0535714	0.0405405	0.0	0.0	0.0168067	0.037037	0.0689655	0.0	0.0381679	0.0882353	0.0812183	0.0991736	0.0426829	0.0328638	0.1285714	0.0502513	0.0625	0.0586319	0.0569106	0.08	0.0473684	0.0437956	0.1006711	0.0925926	0.0784314	0.0492611	0.0416667	0.0365297	0.025641	0.0165746	0.0538462	0.016	0.0289855	0.0326087	0.0274725	0.0015	0.0070922	0.0015	0.0	0.0	0.0126582	0.030303	0.0	0.0	0.0806452	
Échasse blanche	0.1176471	0.1	0.05	0.0714286	0.1486486	0.0540541	0.0597015	0.1092437	0.0740741	0.1034483	0.0357143	0.1679389	0.1323529	0.1370558	0.1404959	0.1402439	0.1784038	0.2142857	0.1256281	0.1458333	0.0781759	0.1626016	0.1542857	0.2	0.1459854	0.1677852	0.1574074	0.2156863	0.1477833	0.1458333	0.1187215	0.1465201	0.1657459	0.1307692	0.152	0.115942	0.0978261	0.0934066	0.06	0.1134752	0.0909091	0.1153846	0.0681818	0.0632911	0.2121212	0.0	0.0606061	0.1935484	
Avocette élégante	0.0392157	0.0666667	0.125	0.0357143	0.0810811	0.1081081	0.0149254	0.0336134	0.0493827	0.0689655	0.0178571	0.0305344	0.0661765	0.0456853	0.0330579	0.0670732	0.056338	0.1285714	0.0502513	0.0625	0.0162866	0.0487805	0.0342857	0.0894737	0.0291971	0.0268456	0.037037	0.0147059	0.0147783	0.0069444	0.0091324	0.025641	0.0441989	0.0538462	0.016	0.0217391	0.0217391	0.0384615	0.03	0.0283688	0.0545455	0.0769231	0.0454545	0.0632911	0.0	0.0	0.0	0.0483871	
Huîtrier pie	0.0588235	0.0	0.025	0.0	0.0	0.0	0.0	0.0252101	0.0	0.0015	0.0178571	0.0076336	0.0441176	0.0	0.0082645	0.0091463	0.0140845	0.0142857	0.0050251	0.0	0.0	0.0	0.0	0.0	0.0	0.0	0.0015	0.0098039	0.0295567	0.0277778	0.0045662	0.014652	0.0165746	0.0230769	0.0	0.0	0.0108696	0.0054945	0.0	0.0070922	0.0	0.0	0.0	0.0253165	0.0	0.0	0.0	0.0	
Pluvier argenté	0.1568627	0.1333333	0.2	0.2142857	0.1216216	0.0540541	0.0298507	0.1008403	0.037037	0.0344828	0.0357143	0.0534351	0.0441176	0.0406091	0.0413223	0.0304878	0.0093897	0.0238095	0.0301508	0.0046296	0.0065147	0.0081301	0.0	0.0	0.0	0.0067114	0.0092593	0.0098039	0.0197044	0.0277778	0.0319635	0.03663	0.0497238	0.0692308	0.048	0.0652174	0.076087	0.0824176	0.08	0.1134752	0.1272727	0.0015	0.1136364	0.1518987	0.1515152	0.0	0.0	0.1612903	
Pluvier doré	0.1372549	0.0333333	0.0	0.0178571	0.0135135	0.0810811	0.0149254	0.0	0.0123457	0.0	0.0	0.0	0.0	0.0	0.0041322	0.0	0.0093897	0.0	0.0050251	0.0	0.0	0.0	0.0	0.0	0.0	0.0	0.0	0.0	0.0	0.0	0.0	0.0	0.0	0.0	0.0	0.0	0.0108696	0.0054945	0.0	0.0070922	0.0181818	0.0	0.0454545	0.0759494	0.0909091	0.0	0.0	0.0015	
Guignard d’Eurasie	0.0	0.0015	0.0	0.0015	0.0	0.0	0.0	0.0	0.0	0.0	0.0	0.0	0.0	0.0	0.0	0.0	0.0	0.0	0.0	0.0	0.0	0.0	0.0	0.0	0.0	0.0	0.0	0.0	0.0	0.0	0.0	0.003663	0.0015	0.0	0.0	0.0	0.0	0.0	0.01	0.0	0.0	0.0	0.0	0.0	0.0	0.0	0.0	0.0	
Grand Gravelot	0.1372549	0.1	0.075	0.0357143	0.0675676	0.0540541	0.0	0.0756303	0.0123457	0.0	0.0	0.0381679	0.0147059	0.0253807	0.0082645	0.027439	0.0516432	0.0714286	0.040201	0.0092593	0.0032573	0.0081301	0.0057143	0.0	0.0	0.0134228	0.0092593	0.0098039	0.0098522	0.0277778	0.0547945	0.0915751	0.1546961	0.1153846	0.056	0.1449275	0.1521739	0.0824176	0.08	0.106383	0.0727273	0.0384615	0.0454545	0.0253165	0.0606061	0.0	0.030303	0.0806452	
Petit Gravelot	0.0	0.0	0.0	0.0	0.0	0.0	0.0	0.0252101	0.0246914	0.0862069	0.0	0.0610687	0.0441176	0.0507614	0.0123967	0.0213415	0.0140845	0.0238095	0.0015	0.0138889	0.0065147	0.0	0.0228571	0.0263158	0.0364964	0.0268456	0.0462963	0.0833333	0.0837438	0.0833333	0.0502283	0.0732601	0.0607735	0.0153846	0.048	0.0362319	0.0108696	0.0164835	0.0	0.0070922	0.0181818	0.0	0.0	0.0	0.0	0.0	0.0	0.0	
Vanneau huppé	0.0980392	0.1333333	0.125	0.1071429	0.0405405	0.1081081	0.0	0.0084034	0.0123457	0.0	0.0	0.0	0.0	0.0	0.0041322	0.0	0.0	0.0	0.0	0.0	0.0	0.0	0.0	0.0	0.0	0.0	0.0	0.0	0.0049261	0.0	0.0	0.003663	0.0	0.0	0.0	0.0	0.0108696	0.0274725	0.01	0.0425532	0.0181818	0.0769231	0.0454545	0.1518987	0.2121212	0.0	0.1212121	0.0483871	
Gravelot à collier interrompu	0.1764706	0.0666667	0.1	0.0892857	0.0675676	0.027027	0.0447761	0.0756303	0.0493827	0.0862069	0.0357143	0.0458015	0.0588235	0.0609137	0.0371901	0.054878	0.0657277	0.052381	0.0703518	0.0300926	0.019544	0.0894309	0.0514286	0.0526316	0.0145985	0.0738255	0.037037	0.0637255	0.0492611	0.0416667	0.0639269	0.0879121	0.0883978	0.1076923	0.08	0.0797101	0.076087	0.0494505	0.05	0.070922	0.0545455	0.1153846	0.0909091	0.1265823	0.1212121	0.0	0.0606061	0.1129032	
Charadriidae sp.	0.0	0.0	0.0	0.0	0.0	0.0	0.0	0.0	0.0	0.0	0.0	0.0	0.0	0.0	0.0	0.0	0.0	0.0	0.0050251	0.0	0.0	0.0	0.0057143	0.0	0.0	0.0	0.0	0.0	0.0	0.0	0.0	0.0	0.0	0.0	0.0	0.0	0.0	0.0	0.0	0.0	0.0	0.0	0.0	0.0	0.0	0.0	0.0	0.0	
Courlis corlieu	0.0	0.0	0.0	0.0	0.0135135	0.0	0.0	0.0252101	0.0123457	0.0	0.0178571	0.0152672	0.0073529	0.0101523	0.0123967	0.0121951	0.0046948	0.0	0.0015	0.0023148	0.0	0.0	0.0	0.0	0.0	0.0	0.0092593	0.0196078	0.0197044	0.0416667	0.0228311	0.029304	0.0276243	0.0	0.008	0.0072464	0.0	0.010989	0.01	0.0141844	0.0	0.0015	0.0227273	0.0	0.0	0.0	0.0	0.0	
Courlis cendré	0.0980392	0.1	0.225	0.1785714	0.0945946	0.1081081	0.0149254	0.0756303	0.0740741	0.0517241	0.0357143	0.0916031	0.0367647	0.0406091	0.0289256	0.0213415	0.0234742	0.0047619	0.0100503	0.0092593	0.0	0.0081301	0.0	0.0052632	0.0145985	0.0268456	0.0092593	0.0245098	0.0295567	0.0486111	0.0456621	0.0805861	0.0773481	0.0692308	0.048	0.0507246	0.1086957	0.0934066	0.06	0.0780142	0.0909091	0.0384615	0.0909091	0.1265823	0.2121212	0.0	0.0606061	0.0806452	
Barge rousse	0.0392157	0.0	0.0	0.0178571	0.0	0.0	0.0	0.0	0.0	0.0	0.0178571	0.0	0.0	0.0050761	0.0123967	0.0060976	0.0	0.0047619	0.0050251	0.0	0.0	0.0	0.0	0.0	0.0	0.0	0.0	0.0147059	0.0295567	0.0069444	0.0045662	0.0	0.0110497	0.0076923	0.024	0.0362319	0.0108696	0.0274725	0.01	0.0070922	0.0181818	0.0	0.0	0.0126582	0.0	0.0	0.0	0.016129	
Barge à queue noire	0.0	0.0	0.0	0.0178571	0.027027	0.0	0.0	0.0252101	0.0123457	0.0172414	0.0178571	0.0	0.0073529	0.0	0.0123967	0.0030488	0.0	0.0	0.0	0.0	0.0	0.0	0.0	0.0	0.0	0.0	0.0	0.0	0.0049261	0.0138889	0.0045662	0.007326	0.0165746	0.0	0.008	0.0	0.0	0.0	0.0	0.0141844	0.0181818	0.0384615	0.0	0.0253165	0.1212121	0.0	0.0	0.016129	
Bécassine sourde	0.0	0.0	0.0	0.0	0.0	0.0	0.0	0.0	0.0	0.0	0.0178571	0.0	0.0	0.0	0.0	0.0	0.0	0.0	0.0	0.0	0.0	0.0	0.0	0.0	0.0	0.0	0.0	0.0	0.0	0.0	0.0	0.0	0.0110497	0.0	0.0	0.0	0.0	0.0	0.0	0.0	0.0	0.0	0.0	0.0	0.030303	0.0	0.0	0.0	
Bécasse des bois	0.0	0.0	0.0	0.0	0.0	0.0540541	0.0	0.0	0.0	0.0	0.0	0.0	0.0	0.0	0.0	0.0	0.0	0.0	0.0	0.0	0.0	0.0	0.0	0.0	0.0	0.0	0.0	0.0	0.0	0.0	0.0	0.0	0.0	0.0	0.0	0.0	0.0	0.0	0.0	0.0	0.0	0.0	0.0	0.0	0.030303	0.0	0.0	0.0	
Bécassine des marais	0.0980392	0.0333333	0.1	0.0714286	0.027027	0.027027	0.0149254	0.0588235	0.0246914	0.0172414	0.0178571	0.0076336	0.0073529	0.0203046	0.0041322	0.0	0.0	0.0	0.0	0.0	0.0	0.0	0.0	0.0	0.0	0.0	0.0	0.0	0.0	0.0	0.0	0.014652	0.0220994	0.0230769	0.0	0.0072464	0.0434783	0.0164835	0.01	0.0496454	0.0545455	0.1153846	0.0454545	0.0759494	0.1212121	0.0	0.0606061	0.1129032	
Phalarope à bec étroit	0.0	0.0	0.0	0.0	0.0	0.0	0.0	0.0	0.0	0.0	0.0	0.0	0.0	0.0	0.0	0.0	0.0	0.0	0.0	0.0	0.0	0.0	0.0	0.0	0.0	0.0	0.0	0.0	0.0	0.0	0.0	0.003663	0.0	0.0	0.0	0.0	0.0	0.0	0.0	0.0	0.0	0.0	0.0	0.0	0.0	0.0	0.0	0.0	
Chevalier bargette	0.0	0.0	0.0	0.0	0.0	0.0	0.0	0.0	0.0	0.0	0.0	0.0	0.0	0.0	0.0	0.0	0.0	0.0	0.0	0.0	0.0	0.0	0.0	0.0	0.0	0.0	0.0	0.0	0.0	0.0	0.0	0.0	0.0	0.0	0.0	0.0072464	0.0	0.0	0.0	0.0	0.0	0.0	0.0	0.0	0.0	0.0	0.0	0.0	
Chevalier guignette	0.3529412	0.2	0.275	0.25	0.2567568	0.0810811	0.0298507	0.1932773	0.0864198	0.1724138	0.0535714	0.1832061	0.1176471	0.1472081	0.1487603	0.1189024	0.0704225	0.0666667	0.0201005	0.0015	0.0	0.0	0.0	0.0157895	0.0437956	0.0872483	0.0925926	0.2205882	0.1330049	0.2152778	0.1872146	0.2417582	0.2265193	0.2	0.208	0.1884058	0.1521739	0.1813187	0.21	0.248227	0.1454545	0.3846154	0.1363636	0.2278481	0.3939394	0.0	0.2727273	0.2419355	
Chevalier culblanc	0.0392157	0.0	0.025	0.0535714	0.0810811	0.027027	0.0	0.0672269	0.0246914	0.0344828	0.0535714	0.0534351	0.0514706	0.0152284	0.0123967	0.0	0.0	0.0	0.0	0.0	0.0	0.0	0.0114286	0.0	0.0145985	0.0201342	0.0185185	0.0539216	0.0147783	0.0277778	0.0456621	0.047619	0.0441989	0.0461538	0.008	0.0144928	0.0108696	0.0659341	0.05	0.035461	0.0	0.1153846	0.0	0.0126582	0.030303	0.0	0.0606061	0.0806452	
Chevalier stagnatile	0.0	0.0	0.0	0.0	0.0	0.0	0.0	0.0	0.0	0.0	0.0	0.0076336	0.0073529	0.0050761	0.0041322	0.0	0.0	0.0	0.0	0.0	0.0	0.0	0.0	0.0	0.0	0.0	0.0	0.0	0.0	0.0015	0.0	0.010989	0.0055249	0.0	0.008	0.0	0.0	0.0	0.0015	0.0070922	0.0	0.0	0.0	0.0	0.0	0.0	0.0	0.0015	
Chevalier sylvain	0.0	0.0	0.0	0.0	0.0	0.0	0.0	0.0084034	0.0123457	0.0	0.0	0.0305344	0.0220588	0.0456853	0.0495868	0.0365854	0.0093897	0.0	0.0050251	0.0023148	0.0	0.0	0.0057143	0.0052632	0.0	0.0015	0.0185185	0.0441176	0.0394089	0.0208333	0.0319635	0.0769231	0.0497238	0.0307692	0.032	0.0217391	0.0108696	0.010989	0.02	0.0015	0.0	0.0	0.0	0.0126582	0.030303	0.0	0.0	0.0	
Chevalier gambette	0.254902	0.1	0.3	0.1964286	0.1486486	0.1351351	0.0149254	0.1092437	0.0617284	0.0517241	0.0	0.0763359	0.0441176	0.0304569	0.0289256	0.0365854	0.0046948	0.0428571	0.0351759	0.0162037	0.009772	0.0081301	0.0228571	0.0315789	0.0291971	0.0268456	0.037037	0.0490196	0.0394089	0.0694444	0.0502283	0.0586081	0.0939227	0.1	0.08	0.0942029	0.1195652	0.1263736	0.05	0.1134752	0.2	0.1538462	0.1363636	0.164557	0.3030303	0.0	0.1212121	0.2258065	
Chevalier arlequin	0.0980392	0.1	0.1	0.0535714	0.0405405	0.0810811	0.0298507	0.0672269	0.037037	0.0015	0.0178571	0.0229008	0.0147059	0.0152284	0.0330579	0.0213415	0.0	0.0	0.0015	0.0023148	0.0	0.0	0.0057143	0.0015	0.0072993	0.0067114	0.0	0.0	0.0098522	0.0277778	0.0228311	0.032967	0.0441989	0.0230769	0.016	0.0072464	0.0326087	0.043956	0.03	0.0851064	0.0545455	0.0	0.0454545	0.0253165	0.0909091	0.0	0.030303	0.0806452	
Chevalier aboyeur	0.2745098	0.3	0.25	0.2321429	0.3513514	0.1081081	0.0447761	0.1848739	0.0493827	0.1724138	0.0892857	0.1679389	0.0661765	0.1269036	0.0826446	0.0762195	0.028169	0.0190476	0.0050251	0.0046296	0.0	0.0	0.0057143	0.0157895	0.0145985	0.0536913	0.0555556	0.0882353	0.0541872	0.125	0.0776256	0.1098901	0.1436464	0.1461538	0.088	0.1376812	0.1630435	0.1648352	0.12	0.2553191	0.2181818	0.3076923	0.1363636	0.1772152	0.2727273	0.0	0.2424242	0.2258065	
Tournepierre à collier	0.0392157	0.0333333	0.1	0.0178571	0.0	0.0540541	0.0	0.0420168	0.0246914	0.0172414	0.0178571	0.0076336	0.0147059	0.0203046	0.0082645	0.0121951	0.0093897	0.0047619	0.0100503	0.0046296	0.0	0.0	0.0	0.0	0.0	0.0	0.0092593	0.0	0.0049261	0.0416667	0.0365297	0.0512821	0.0773481	0.0384615	0.016	0.0072464	0.0108696	0.0164835	0.01	0.0212766	0.0	0.0	0.0	0.0253165	0.0015	0.0	0.0	0.016129	
Bécasseau maubèche	0.0196078	0.0	0.025	0.0178571	0.0135135	0.0	0.0	0.0	0.0	0.0	0.0	0.0	0.0	0.0	0.0041322	0.0	0.0	0.0	0.0	0.0023148	0.0	0.0	0.0	0.0	0.0	0.0067114	0.0	0.0	0.0049261	0.0	0.0136986	0.010989	0.0055249	0.0076923	0.0	0.0072464	0.0108696	0.0015	0.0	0.0	0.0	0.0	0.0	0.0	0.0	0.0	0.0	0.016129	
Combattant varié	0.0	0.0	0.0	0.0015	0.0	0.0	0.0	0.0168067	0.0	0.0	0.0	0.0305344	0.0367647	0.0050761	0.0165289	0.027439	0.0	0.0	0.0	0.0023148	0.0	0.0	0.0	0.0	0.0	0.0	0.0	0.0	0.0197044	0.0069444	0.0273973	0.025641	0.0441989	0.0230769	0.024	0.0144928	0.0217391	0.0384615	0.0015	0.0141844	0.0363636	0.0	0.0	0.0253165	0.0015	0.0	0.0	0.016129	
Bécasseau cocorli	0.0	0.0	0.0	0.0	0.0	0.0	0.0	0.0	0.0123457	0.0	0.0	0.0	0.0	0.0	0.0041322	0.0213415	0.0093897	0.0428571	0.0100503	0.0069444	0.0032573	0.0	0.0	0.0	0.0	0.0	0.0092593	0.0441176	0.0295567	0.0486111	0.0273973	0.047619	0.0662983	0.0307692	0.04	0.0144928	0.0	0.0164835	0.04	0.0	0.0	0.0	0.0	0.0	0.0	0.0	0.0	0.016129	
Bécasseau de Temminck	0.0196078	0.0	0.025	0.0	0.0	0.0	0.0	0.0	0.0	0.0	0.0178571	0.0076336	0.0	0.0050761	0.0041322	0.0060976	0.0	0.0047619	0.0050251	0.0023148	0.0	0.0	0.0	0.0	0.0	0.0	0.0	0.0	0.0	0.0069444	0.0045662	0.014652	0.0055249	0.0	0.0	0.0144928	0.0	0.0015	0.0	0.0070922	0.0	0.0	0.0	0.0126582	0.0	0.0	0.0	0.0	
Bécasseau sanderling	0.0588235	0.0333333	0.075	0.0535714	0.027027	0.0	0.0	0.0	0.0123457	0.0172414	0.0178571	0.0	0.0073529	0.0152284	0.0123967	0.0030488	0.0	0.0142857	0.0	0.0	0.0	0.0	0.0	0.0052632	0.0	0.0	0.0	0.0	0.0	0.0	0.0091324	0.043956	0.0441989	0.0076923	0.024	0.0217391	0.0217391	0.010989	0.0	0.0141844	0.0	0.0015	0.0	0.0253165	0.030303	0.0	0.0	0.0645161	
Bécasseau variable	0.2352941	0.1	0.2	0.1607143	0.1486486	0.0810811	0.0	0.0672269	0.0617284	0.0517241	0.0178571	0.0076336	0.0147059	0.0304569	0.0206612	0.0152439	0.0046948	0.0142857	0.0100503	0.0023148	0.0	0.0	0.0	0.0	0.0	0.0	0.0092593	0.004902	0.0295567	0.0486111	0.0547945	0.0769231	0.1049724	0.0692308	0.04	0.0942029	0.0652174	0.0824176	0.03	0.0496454	0.0727273	0.0015	0.0681818	0.1392405	0.2424242	0.0	0.0606061	0.2096774	
Bécasseau minute	0.2745098	0.1666667	0.15	0.0535714	0.0810811	0.0810811	0.0	0.0672269	0.037037	0.0172414	0.0178571	0.0305344	0.0294118	0.035533	0.0165289	0.0335366	0.028169	0.0428571	0.0251256	0.0069444	0.0032573	0.0	0.0	0.0052632	0.0	0.0	0.0092593	0.0588235	0.0689655	0.0902778	0.0410959	0.0805861	0.0939227	0.0692308	0.064	0.057971	0.0652174	0.021978	0.01	0.035461	0.0363636	0.0	0.0227273	0.1012658	0.1515152	0.0	0.0909091	0.1612903	
Calidris sp. (petit bécasseau sp.)	0.0	0.0	0.0	0.0	0.0	0.0	0.0	0.0	0.0	0.0	0.0	0.0	0.0	0.0015	0.0	0.0030488	0.0140845	0.0	0.0050251	0.0	0.0	0.0	0.0	0.0	0.0	0.0	0.0	0.0	0.0	0.0	0.0091324	0.003663	0.0015	0.0	0.0	0.0	0.0108696	0.0054945	0.01	0.0	0.0	0.0384615	0.0	0.0	0.0	0.0	0.0	0.0	
Calidris sp.	0.0	0.0	0.0	0.0	0.0	0.0	0.0	0.0	0.0	0.0	0.0	0.0	0.0	0.0	0.0	0.0	0.0	0.0	0.0	0.0	0.0	0.0	0.0	0.0	0.0	0.0	0.0	0.0	0.0	0.0	0.0	0.0	0.0	0.0	0.0	0.0	0.0	0.0	0.0015	0.0	0.0	0.0	0.0	0.0	0.0	0.0	0.0	0.0	
scolopacidé sp.	0.0	0.0	0.0	0.0	0.0	0.0	0.0	0.0	0.0	0.0	0.0	0.0	0.0	0.0	0.0	0.0	0.0	0.0	0.0	0.0	0.0	0.0	0.0	0.0	0.0	0.0	0.0	0.0	0.0	0.0	0.0	0.0	0.0	0.0	0.0	0.0	0.0	0.0	0.0	0.0	0.0181818	0.0	0.0	0.0	0.0	0.0	0.0	0.0	
Glaréole à collier	0.0	0.0	0.0	0.0	0.0	0.0	0.0	0.0	0.0	0.0	0.0	0.0	0.0	0.0	0.0123967	0.0060976	0.0015	0.0238095	0.0100503	0.0023148	0.0032573	0.0	0.0	0.0	0.0	0.0	0.0	0.0	0.0	0.0	0.0	0.0	0.0	0.0	0.0	0.0	0.0	0.0	0.0	0.0	0.0	0.0	0.0	0.0	0.0	0.0	0.0	0.0	
limicole sp.	0.0	0.0	0.0	0.0	0.0	0.0	0.0	0.0	0.0	0.0	0.0	0.0	0.0	0.0	0.0	0.0	0.0	0.0	0.0015	0.0	0.0	0.0	0.0	0.0	0.0	0.0	0.0	0.0	0.0	0.0	0.0	0.0	0.0	0.0	0.0	0.0	0.0	0.0	0.0	0.0	0.0	0.0	0.0	0.0	0.0	0.0	0.0	0.0	
Labbe parasite	0.0	0.0	0.0	0.0	0.0	0.0	0.0	0.0	0.0	0.0	0.0	0.0	0.0	0.0	0.0041322	0.0	0.0	0.0	0.0	0.0	0.0	0.0	0.0	0.0	0.0	0.0	0.0	0.0	0.0	0.0	0.0	0.0	0.0	0.0	0.0	0.0	0.0	0.0	0.0	0.0	0.0	0.0	0.0	0.0	0.0	0.0	0.0	0.0	
Labbe pomarin	0.0	0.0	0.0	0.0	0.0	0.0	0.0	0.0	0.0	0.0	0.0	0.0	0.0	0.0	0.0041322	0.0	0.0	0.0	0.0	0.0	0.0	0.0	0.0	0.0	0.0	0.0	0.0	0.0	0.0	0.0	0.0	0.003663	0.0	0.0	0.0	0.0	0.0	0.0	0.0	0.0	0.0	0.0	0.0	0.0	0.0	0.0	0.0	0.0	
Grand Labbe	0.0	0.0	0.0	0.0	0.0	0.0	0.0	0.0	0.0	0.0	0.0	0.0	0.0	0.0	0.0041322	0.0	0.0	0.0	0.0	0.0	0.0	0.0	0.0	0.0	0.0	0.0	0.0	0.0	0.0	0.0	0.0	0.0	0.0	0.0	0.0	0.0	0.0	0.0	0.0	0.0	0.0	0.0	0.0	0.0	0.0	0.0	0.0	0.0	
Pingouin torda	0.0015	0.0015	0.0	0.0	0.0	0.0	0.0	0.0	0.0	0.0	0.0	0.0	0.0	0.0	0.0	0.0	0.0	0.0	0.0	0.0	0.0	0.0	0.0	0.0	0.0	0.0	0.0	0.0	0.0	0.0	0.0	0.0	0.0	0.0	0.0	0.0	0.0	0.0	0.0	0.0	0.0	0.0	0.0	0.0126582	0.030303	0.0015	0.0	0.016129	
Mouette pygmée	0.0	0.0	0.0	0.0	0.0	0.0	0.0	0.0	0.0	0.0	0.0	0.0	0.0	0.0	0.0	0.0	0.0	0.0	0.0	0.0	0.0	0.0	0.0	0.0	0.0	0.0	0.0	0.0	0.0	0.0	0.0	0.0	0.0	0.0	0.0	0.0072464	0.0	0.0	0.0	0.0	0.0	0.0	0.0	0.0	0.0	0.0	0.0	0.0	
Mouette tridactyle	0.0	0.0	0.025	0.0	0.0	0.0	0.0	0.0	0.0	0.0	0.0	0.0	0.0	0.0	0.0	0.0	0.0	0.0	0.0	0.0	0.0	0.0	0.0	0.0	0.0	0.0	0.0	0.0	0.0	0.0	0.0	0.0	0.0	0.0	0.0	0.0	0.0	0.0	0.0	0.0	0.0	0.0	0.0	0.0	0.0	0.0	0.0	0.0	
Goéland railleur	0.1568627	0.3	0.275	0.2857143	0.3378378	0.0540541	0.0447761	0.210084	0.0864198	0.2241379	0.1071429	0.1603053	0.1470588	0.1116751	0.1157025	0.1189024	0.1220657	0.1904762	0.120603	0.1087963	0.0814332	0.195122	0.0971429	0.1368421	0.080292	0.1208054	0.1481481	0.1421569	0.0837438	0.1180556	0.1050228	0.1282051	0.1491713	0.1769231	0.096	0.1594203	0.1847826	0.1428571	0.08	0.1631206	0.2363636	0.2692308	0.1363636	0.164557	0.3333333	0.0	0.2424242	0.1774194	
Mouette rieuse	0.2941176	0.4	0.225	0.2857143	0.2702703	0.1351351	0.1044776	0.2773109	0.0987654	0.1551724	0.1071429	0.1526718	0.0735294	0.1015228	0.0950413	0.0762195	0.0798122	0.1190476	0.0502513	0.0671296	0.0228013	0.0650407	0.0685714	0.1157895	0.0875912	0.0671141	0.1203704	0.1617647	0.0935961	0.0972222	0.1004566	0.1391941	0.160221	0.0769231	0.112	0.1521739	0.1847826	0.1043956	0.1	0.1205674	0.0909091	0.1923077	0.1136364	0.2151899	0.3636364	0.0	0.3333333	0.2258065	
Goéland d'Audouin	0.0196078	0.0666667	0.025	0.0178571	0.0810811	0.027027	0.0149254	0.0672269	0.0864198	0.1034483	0.0535714	0.0458015	0.0882353	0.0659898	0.0619835	0.0365854	0.0422535	0.0761905	0.0452261	0.0578704	0.0651466	0.0569106	0.0285714	0.0947368	0.0729927	0.114094	0.0833333	0.1078431	0.0738916	0.0625	0.0502283	0.0549451	0.038674	0.0769231	0.12	0.0797101	0.0326087	0.0604396	0.03	0.0638298	0.0015	0.0384615	0.0227273	0.0	0.1212121	0.0	0.0	0.0483871	
Mouette mélanocéphale	0.0196078	0.0666667	0.05	0.0357143	0.0	0.0	0.0	0.0	0.0123457	0.0172414	0.0015	0.0076336	0.0147059	0.0101523	0.0123967	0.0060976	0.0015	0.0047619	0.0	0.0015	0.0	0.0015	0.0	0.0105263	0.0	0.0	0.0092593	0.0098039	0.0098522	0.0138889	0.0045662	0.003663	0.0110497	0.0	0.008	0.0	0.0108696	0.0	0.0015	0.0070922	0.0	0.0	0.0	0.0253165	0.0	0.0	0.0	0.0322581	
Goéland cendré	0.0	0.0	0.0	0.0	0.0	0.0	0.0	0.0	0.0	0.0015	0.0	0.0	0.0	0.0	0.0	0.0	0.0	0.0	0.0	0.0	0.0	0.0	0.0	0.0	0.0	0.0	0.0	0.0	0.0	0.0	0.0	0.0	0.0	0.0	0.0	0.0	0.0	0.0	0.0	0.0	0.0	0.0	0.0	0.0	0.0	0.0	0.0	0.0	
Goéland argenté	0.0	0.0	0.0	0.0	0.0	0.0	0.0	0.0	0.0	0.0	0.0	0.0	0.0	0.0	0.0	0.0	0.0	0.0	0.0	0.0	0.0032573	0.0	0.0	0.0	0.0	0.0	0.0	0.0	0.0	0.0	0.0	0.0	0.0	0.0	0.0	0.0	0.0	0.0	0.0	0.0	0.0	0.0	0.0	0.0	0.0	0.0	0.0	0.0	
Goéland leucophée	0.5882353	0.6666667	0.725	0.5892857	0.6351351	0.4324324	0.4029851	0.5966387	0.3333333	0.5	0.4464286	0.5267176	0.4338235	0.5025381	0.5578512	0.4878049	0.4460094	0.5238095	0.5477387	0.4722222	0.5667752	0.5447154	0.5257143	0.5315789	0.5182482	0.5234899	0.5277778	0.5196078	0.4679803	0.4305556	0.4520548	0.4212454	0.4198895	0.3230769	0.368	0.4275362	0.4565217	0.5659341	0.44	0.5602837	0.4909091	0.5384615	0.4545455	0.4303797	0.5454545	0.125	0.7575758	0.6612903	
Goéland brun	0.0015	0.0333333	0.05	0.0	0.0675676	0.027027	0.0	0.0420168	0.0246914	0.0172414	0.0178571	0.0229008	0.0073529	0.0050761	0.0082645	0.0030488	0.0	0.0015	0.0	0.0	0.0	0.0	0.0	0.0	0.0	0.0	0.0092593	0.004902	0.0049261	0.0	0.0	0.021978	0.038674	0.0538462	0.0	0.0144928	0.0434783	0.0164835	0.01	0.0212766	0.0545455	0.0384615	0.0	0.0	0.030303	0.0	0.0	0.016129	
goéland sp. (Larus sp.)	0.0	0.0	0.0	0.0	0.0	0.0	0.0	0.0	0.0	0.0	0.0	0.0	0.0	0.0	0.0	0.0	0.0	0.0	0.0	0.0	0.0	0.0	0.0	0.0	0.0	0.0	0.0	0.0	0.0	0.0	0.0015	0.003663	0.0	0.0	0.0	0.0	0.0	0.0	0.0	0.0	0.0	0.0384615	0.0909091	0.0	0.0	0.0	0.0	0.0	
goéland ou mouette sp.	0.0	0.0	0.0	0.0	0.0	0.0	0.0149254	0.0	0.0123457	0.0	0.0178571	0.0076336	0.0073529	0.0	0.0082645	0.0060976	0.0375587	0.0333333	0.0015	0.0023148	0.0162866	0.0081301	0.0114286	0.0015	0.0072993	0.0402685	0.0	0.0	0.0	0.0069444	0.0045662	0.007326	0.0110497	0.0230769	0.016	0.0015	0.0108696	0.0	0.0	0.0	0.0	0.0	0.0	0.0	0.0	0.0	0.0	0.0	
Sterne naine	0.0	0.0	0.0	0.0	0.0	0.0	0.0	0.0	0.0	0.0	0.0	0.0	0.0	0.0	0.0041322	0.0091463	0.0328638	0.1142857	0.0753769	0.1134259	0.0488599	0.0813008	0.0514286	0.0842105	0.1313869	0.0805369	0.1018519	0.0784314	0.0640394	0.0833333	0.0410959	0.0659341	0.0441989	0.0076923	0.0	0.0217391	0.0108696	0.0	0.0	0.0	0.0	0.0	0.0	0.0	0.0	0.0	0.0	0.0	
Sterne hansel	0.0	0.0	0.0	0.0	0.0	0.0	0.0	0.0	0.0	0.0	0.0	0.0076336	0.0147059	0.0203046	0.0371901	0.0518293	0.0938967	0.1285714	0.0150754	0.0486111	0.0162866	0.097561	0.04	0.0526316	0.0218978	0.0536913	0.0277778	0.0490196	0.0246305	0.0138889	0.0045662	0.014652	0.0165746	0.0076923	0.0	0.0144928	0.0108696	0.0	0.01	0.0	0.0	0.0	0.0	0.0	0.0	0.0	0.0	0.0	
Sterne caspienne	0.0	0.0	0.0	0.0	0.0	0.0	0.0	0.0	0.0	0.0	0.0	0.0076336	0.0	0.0	0.0041322	0.0121951	0.0	0.0	0.0050251	0.0	0.0	0.0081301	0.0	0.0	0.0	0.0	0.0	0.0	0.0098522	0.0015	0.0045662	0.0	0.0110497	0.0076923	0.0	0.0	0.0	0.0	0.0	0.0070922	0.0	0.0	0.0	0.0	0.0	0.0	0.0	0.0	
Guifette moustac	0.0	0.0	0.0	0.0	0.0	0.0	0.0	0.0	0.0	0.0	0.0	0.0	0.0073529	0.0	0.0	0.0	0.0	0.0047619	0.0050251	0.0	0.0	0.0	0.0	0.0052632	0.0	0.0	0.0	0.0	0.0	0.0	0.0	0.0	0.0	0.0	0.0	0.0	0.0108696	0.0015	0.0	0.0	0.0	0.0	0.0	0.0	0.0	0.0	0.0	0.0	
Guifette noire	0.0	0.0	0.0	0.0	0.0	0.0	0.0	0.0	0.0	0.0	0.0	0.0	0.0	0.0	0.0041322	0.0	0.0	0.0	0.0050251	0.0	0.0	0.0081301	0.0	0.0105263	0.0	0.0	0.0	0.0	0.0	0.0	0.0	0.003663	0.0	0.0	0.0	0.0	0.0	0.0	0.0	0.0	0.0	0.0	0.0	0.0	0.0	0.0	0.0	0.0	
Guifette leucoptère	0.0	0.0	0.0	0.0	0.0	0.0	0.0	0.0	0.0	0.0	0.0	0.0	0.0	0.0050761	0.0	0.0	0.0	0.0	0.0	0.0	0.0	0.0	0.0	0.0	0.0	0.0	0.0	0.0	0.0	0.0	0.0	0.0	0.0	0.0	0.0	0.0	0.0	0.0	0.0	0.0	0.0	0.0	0.0	0.0	0.0	0.0	0.0	0.0	
Sterne pierregarin	0.0	0.0	0.0	0.0	0.0	0.0	0.0	0.0	0.0	0.0	0.0	0.0458015	0.0514706	0.1319797	0.1280992	0.1554878	0.2018779	0.2428571	0.1155779	0.1597222	0.0944625	0.1138211	0.1085714	0.1315789	0.1678832	0.1946309	0.1388889	0.1715686	0.1083744	0.0972222	0.0821918	0.0732601	0.0552486	0.0307692	0.008	0.0072464	0.0108696	0.010989	0.0	0.0	0.0	0.0	0.0227273	0.0	0.0	0.0	0.0	0.0	
Sterne caugek	0.1960784	0.2333333	0.2	0.1428571	0.1486486	0.1081081	0.0298507	0.1260504	0.1111111	0.0862069	0.0535714	0.0839695	0.0367647	0.0253807	0.053719	0.0304878	0.0046948	0.0095238	0.0150754	0.0092593	0.0162866	0.0	0.0057143	0.0	0.0	0.0067114	0.0092593	0.0147059	0.0147783	0.0416667	0.0319635	0.0512821	0.0497238	0.0461538	0.024	0.0289855	0.0434783	0.0659341	0.04	0.0567376	0.0545455	0.0384615	0.0454545	0.164557	0.2121212	0.0	0.1515152	0.0967742	
Sterne voyageuse	0.0	0.0	0.0	0.0	0.0	0.0	0.0	0.0	0.0	0.0	0.0	0.0	0.0	0.0	0.0	0.0	0.0	0.0	0.0	0.0	0.0	0.0	0.0	0.0	0.0	0.0	0.0	0.0	0.0	0.0	0.0	0.003663	0.0	0.0	0.0	0.0	0.0	0.0	0.0	0.0	0.0	0.0	0.0	0.0	0.0	0.0	0.0	0.0	
sterne sp.	0.0	0.0	0.0	0.0	0.0	0.0	0.0	0.0	0.0	0.0	0.0	0.0	0.0	0.0	0.0082645	0.0030488	0.0	0.0142857	0.0	0.0046296	0.0065147	0.0162602	0.0114286	0.0015	0.0072993	0.0201342	0.0	0.0	0.0	0.0069444	0.0	0.003663	0.0	0.0	0.0	0.0	0.0108696	0.0	0.0	0.0	0.0	0.0	0.0	0.0	0.0	0.0	0.0	0.0	
Flamant rose	0.4705882	0.4333333	0.4	0.4107143	0.4594595	0.3243243	0.238806	0.3865546	0.1728395	0.2758621	0.1607143	0.2671756	0.2132353	0.2284264	0.2190083	0.222561	0.2347418	0.3047619	0.1859296	0.1990741	0.1074919	0.2520325	0.1771429	0.2157895	0.1386861	0.2013423	0.1666667	0.1960784	0.1527094	0.1805556	0.1552511	0.1758242	0.2541436	0.3230769	0.2	0.2536232	0.2608696	0.2197802	0.28	0.3333333	0.3090909	0.4230769	0.25	0.3417722	0.4848485	0.125	0.4545455	0.4032258	
Flamant nain	0.0015	0.0	0.0	0.0178571	0.0	0.0	0.0	0.0	0.0	0.0172414	0.0	0.0	0.0	0.0	0.0	0.0	0.0	0.0	0.0	0.0	0.0	0.0	0.0	0.0	0.0	0.0	0.0	0.0	0.0	0.0	0.0	0.0015	0.0	0.0	0.0	0.0	0.0	0.0	0.0	0.0	0.0	0.0	0.0	0.0	0.0	0.0	0.0	0.0	
Grèbe castagneux	0.2156863	0.1	0.2	0.1607143	0.1621622	0.1351351	0.119403	0.1680672	0.0617284	0.0517241	0.0357143	0.0763359	0.0735294	0.0659898	0.053719	0.0518293	0.028169	0.0619048	0.0201005	0.0231481	0.019544	0.0243902	0.0285714	0.0315789	0.0364964	0.0402685	0.0092593	0.0980392	0.08867	0.0555556	0.0273973	0.0805861	0.0828729	0.0461538	0.056	0.0362319	0.076087	0.0879121	0.1	0.1205674	0.0545455	0.1153846	0.0681818	0.1265823	0.2121212	0.125	0.1818182	0.1451613	
Grèbe huppé	0.0784314	0.2	0.225	0.125	0.1621622	0.0810811	0.0298507	0.1428571	0.037037	0.1206897	0.0535714	0.0992366	0.0294118	0.0304569	0.0619835	0.0731707	0.0234742	0.0428571	0.0452261	0.0300926	0.0162866	0.0325203	0.0628571	0.0210526	0.0145985	0.0201342	0.0277778	0.0196078	0.0197044	0.0277778	0.0547945	0.0586081	0.0220994	0.0230769	0.032	0.0217391	0.0652174	0.0934066	0.05	0.0921986	0.0363636	0.0769231	0.0681818	0.1012658	0.1515152	0.0	0.2121212	0.1129032	
Grèbe à cou noir	0.0392157	0.0	0.075	0.0714286	0.0675676	0.0	0.0	0.0420168	0.0246914	0.0172414	0.0178571	0.0152672	0.0073529	0.0152284	0.0165289	0.0152439	0.0	0.0095238	0.0	0.0023148	0.0065147	0.0243902	0.0114286	0.0052632	0.0	0.0	0.0	0.0	0.0	0.0	0.0045662	0.007326	0.0220994	0.0307692	0.008	0.0289855	0.0543478	0.0604396	0.03	0.0212766	0.0727273	0.0	0.0227273	0.0506329	0.0606061	0.0	0.0909091	0.0645161	
Grèbe esclavon ou G. à cou noir	0.0	0.0	0.0	0.0	0.0	0.0	0.0	0.0	0.0	0.0	0.0	0.0	0.0015	0.0	0.0	0.0	0.0	0.0	0.0	0.0	0.0	0.0	0.0	0.0	0.0	0.0	0.0	0.0	0.0	0.0	0.0	0.0	0.0	0.0	0.0	0.0	0.0	0.0	0.0	0.0	0.0	0.0	0.0	0.0	0.0	0.0	0.0	0.0	
grèbe sp.	0.0	0.0	0.0	0.0	0.0	0.0	0.0	0.0	0.0	0.0	0.0	0.0	0.0	0.0	0.0	0.0	0.0	0.0	0.0	0.0	0.0	0.0	0.0057143	0.0	0.0	0.0	0.0	0.0	0.0	0.0	0.0	0.0	0.0	0.0	0.0	0.0	0.0	0.0	0.0	0.0	0.0	0.0	0.0	0.0	0.0	0.0	0.0	0.0	
Plongeon catmarin	0.0	0.0	0.0	0.0	0.0	0.0	0.0	0.0084034	0.0	0.0	0.0	0.0	0.0	0.0	0.0	0.0	0.0	0.0	0.0	0.0	0.0	0.0	0.0	0.0	0.0	0.0	0.0	0.0	0.0	0.0	0.0	0.0	0.0	0.0	0.0	0.0	0.0	0.0	0.0	0.0	0.0	0.0	0.0	0.0	0.0	0.0	0.0	0.0	
Plongeon arctique	0.0	0.0	0.0	0.0	0.0	0.0	0.0	0.0	0.0	0.0	0.0	0.0	0.0	0.0	0.0	0.0	0.0	0.0	0.0	0.0	0.0	0.0	0.0	0.0	0.0	0.0	0.0	0.0	0.0	0.0	0.0	0.0	0.0	0.0	0.0	0.0	0.0	0.0	0.0	0.0070922	0.0	0.0	0.0	0.0	0.0	0.0	0.0	0.0	
Océanite tempête	0.0	0.0	0.0	0.0	0.0	0.0	0.0	0.0	0.0	0.0	0.0	0.0	0.0073529	0.0	0.0	0.0	0.0	0.0	0.0	0.0046296	0.0065147	0.0	0.0	0.0	0.0	0.0067114	0.0	0.004902	0.0049261	0.0	0.0	0.0	0.0	0.0	0.0	0.0	0.0	0.0	0.0	0.0	0.0	0.0	0.0	0.0126582	0.0	0.0	0.0	0.0	
Puffin cendré	0.0	0.0	0.0	0.0	0.0	0.0	0.0	0.0	0.0	0.0	0.0	0.0	0.0	0.0	0.0041322	0.0	0.0	0.0	0.0	0.0	0.0	0.0	0.0	0.0	0.0	0.0	0.0	0.0	0.0	0.0	0.0	0.0	0.0	0.0	0.0	0.0	0.0	0.0	0.0	0.0	0.0	0.0	0.0	0.0	0.0	0.0	0.0	0.0	
Puffin de Scopoli	0.0015	0.0	0.025	0.0178571	0.0135135	0.027027	0.0149254	0.0672269	0.0987654	0.0344828	0.0357143	0.0305344	0.0514706	0.071066	0.0619835	0.054878	0.056338	0.052381	0.0552764	0.0347222	0.0423453	0.0243902	0.0228571	0.0157895	0.0218978	0.033557	0.037037	0.0392157	0.0591133	0.0902778	0.0502283	0.043956	0.0331492	0.0076923	0.056	0.0217391	0.076087	0.0824176	0.06	0.035461	0.0181818	0.0	0.0	0.0126582	0.0	0.0	0.0	0.0	
Puffin yelkouan	0.0588235	0.0	0.125	0.0	0.0135135	0.027027	0.0149254	0.0588235	0.0246914	0.0517241	0.0178571	0.0152672	0.0367647	0.0507614	0.0371901	0.0304878	0.0469484	0.0285714	0.0351759	0.0231481	0.0162866	0.0081301	0.0057143	0.0	0.0072993	0.0268456	0.0092593	0.0245098	0.0049261	0.0	0.0045662	0.0015	0.0055249	0.0076923	0.0015	0.0144928	0.0326087	0.0164835	0.01	0.0070922	0.0	0.0	0.0	0.0	0.030303	0.0	0.0	0.0015	
Puffin des Baléares	0.0	0.0	0.0	0.0	0.0	0.0	0.0	0.0	0.0	0.0	0.0	0.0	0.0	0.0	0.0041322	0.0030488	0.0	0.0	0.0	0.0	0.0	0.0	0.0	0.0	0.0	0.0	0.0	0.0	0.0	0.0	0.0	0.0	0.0	0.0	0.0	0.0	0.0	0.0	0.0	0.0	0.0	0.0	0.0	0.0	0.0	0.0	0.0	0.0	
Calonectris, Ardenna ou Puffinus sp.	0.0	0.0	0.0	0.0	0.0	0.0	0.0	0.0	0.0	0.0	0.0178571	0.0	0.0	0.0	0.0	0.0030488	0.0	0.0	0.0	0.0046296	0.0032573	0.0	0.0015	0.0	0.0	0.0	0.0	0.004902	0.0	0.0069444	0.0	0.003663	0.0	0.0	0.0	0.0	0.0015	0.0	0.0	0.0	0.0	0.0	0.0	0.0	0.0	0.0	0.0	0.0	
Cigogne noire	0.0	0.0	0.0	0.0	0.0	0.0	0.0	0.0	0.0	0.0	0.0	0.0	0.0	0.0050761	0.0	0.0	0.0	0.0	0.0	0.0	0.0	0.0	0.0	0.0	0.0	0.0	0.0	0.0	0.0	0.0	0.0	0.0	0.0	0.0	0.0	0.0	0.0	0.0	0.01	0.0	0.0	0.0384615	0.0	0.0	0.0	0.0	0.0	0.0	
Cigogne blanche	0.0	0.0	0.0	0.0	0.0	0.0	0.0	0.0	0.0	0.0172414	0.0	0.0	0.0	0.0	0.0123967	0.0015	0.0	0.0	0.0015	0.0015	0.0	0.0	0.0	0.0	0.0	0.0	0.0	0.0	0.0	0.0	0.0	0.0	0.0	0.0015	0.0015	0.0	0.0	0.0	0.0	0.0015	0.0	0.0384615	0.0	0.0	0.0	0.0	0.030303	0.0	
Fou de Bassan	0.0196078	0.0	0.05	0.0178571	0.027027	0.0	0.0	0.0168067	0.0	0.0	0.0	0.0	0.0073529	0.0050761	0.0041322	0.0	0.0	0.0	0.0	0.0	0.0032573	0.0	0.0	0.0	0.0	0.0	0.0	0.0	0.0	0.0	0.0015	0.0	0.0	0.0	0.0	0.0	0.0	0.0	0.0	0.0070922	0.0	0.0	0.0	0.0506329	0.030303	0.0	0.0	0.0	
Grand Cormoran	0.4705882	0.4666667	0.5	0.5	0.5810811	0.2432432	0.2238806	0.3865546	0.2716049	0.3103448	0.1607143	0.2824427	0.1691176	0.1878173	0.1446281	0.1371951	0.1173709	0.052381	0.0653266	0.0648148	0.0586319	0.0894309	0.0342857	0.0263158	0.0072993	0.0536913	0.0648148	0.0441176	0.0246305	0.0277778	0.086758	0.0879121	0.1104972	0.1076923	0.144	0.1884058	0.2065217	0.2362637	0.28	0.3475177	0.2363636	0.4230769	0.2045455	0.2911392	0.4545455	0.125	0.5454545	0.3870968	
Cormoran huppé	0.1568627	0.1333333	0.15	0.0892857	0.1621622	0.0540541	0.0149254	0.1680672	0.1111111	0.1551724	0.0892857	0.0687023	0.0735294	0.0913706	0.0991736	0.070122	0.0892019	0.1142857	0.1155779	0.0671296	0.1074919	0.0731707	0.0685714	0.0894737	0.0875912	0.114094	0.1111111	0.1029412	0.1083744	0.1111111	0.0913242	0.0915751	0.121547	0.0769231	0.168	0.1231884	0.1086957	0.2252747	0.2	0.1205674	0.1090909	0.0769231	0.1818182	0.1772152	0.1818182	0.0	0.0909091	0.1129032	
Grand Cormoran ou C. huppé	0.0	0.0	0.0	0.0	0.0	0.0	0.0	0.0	0.0	0.0	0.0	0.0	0.0	0.0	0.0	0.0	0.0046948	0.0	0.0	0.0	0.0	0.0	0.0	0.0	0.0	0.0	0.0	0.0	0.0	0.0	0.0	0.0	0.0	0.0	0.0	0.0	0.0	0.0	0.0	0.0	0.0	0.0	0.0	0.0	0.0	0.0	0.0	0.0	
cormoran sp.	0.0	0.0	0.0	0.0	0.0	0.0	0.0	0.0	0.0	0.0	0.0	0.0	0.0073529	0.0	0.0	0.0	0.0046948	0.0	0.0	0.0	0.0032573	0.0	0.0	0.0	0.0	0.0	0.0	0.0	0.0	0.0	0.0	0.0	0.0	0.0	0.0	0.0	0.0	0.0	0.0	0.0	0.0	0.0	0.0	0.0	0.0	0.0	0.0	0.0	
Ibis falcinelle	0.0015	0.0	0.025	0.0535714	0.0	0.0	0.0	0.0252101	0.0	0.0344828	0.0	0.0152672	0.0147059	0.0253807	0.0123967	0.0152439	0.0187793	0.0190476	0.0050251	0.0115741	0.0	0.0	0.0171429	0.0052632	0.0072993	0.0067114	0.0	0.0098039	0.0098522	0.0	0.0091324	0.010989	0.0110497	0.0153846	0.008	0.0144928	0.0108696	0.0	0.01	0.0283688	0.0	0.0	0.0	0.0379747	0.0	0.0	0.0	0.0	
Ibis sacré	0.0	0.0	0.0	0.0	0.0	0.0	0.0	0.0	0.0	0.0	0.0	0.0	0.0	0.0	0.0	0.0	0.0	0.0047619	0.0	0.0	0.0	0.0	0.0	0.0	0.0	0.0	0.0	0.0	0.0	0.0	0.0	0.0	0.0	0.0	0.0	0.0	0.0	0.0	0.0	0.0	0.0	0.0	0.0	0.0	0.0	0.0	0.0	0.0	
Spatule blanche	0.1764706	0.2	0.15	0.1964286	0.2837838	0.0540541	0.0597015	0.1680672	0.0493827	0.1034483	0.0714286	0.0763359	0.0147059	0.035533	0.0330579	0.0243902	0.0140845	0.0095238	0.0015	0.0069444	0.0	0.0	0.0114286	0.0052632	0.0072993	0.0134228	0.0	0.0147059	0.0098522	0.0	0.0091324	0.018315	0.0110497	0.0076923	0.008	0.0362319	0.0652174	0.0494505	0.04	0.0780142	0.1272727	0.1153846	0.0681818	0.1139241	0.2121212	0.125	0.1515152	0.2258065	
Butor étoilé	0.0	0.0	0.0	0.0	0.0135135	0.0	0.0	0.0	0.0	0.0	0.0	0.0	0.0	0.0	0.0015	0.0	0.0046948	0.0	0.0	0.0	0.0	0.0	0.0	0.0	0.0	0.0	0.0	0.0	0.0	0.0	0.0	0.0	0.0	0.0	0.0	0.0	0.0	0.0	0.0	0.0	0.0	0.0	0.0	0.0	0.0	0.0	0.0	0.0	
Blongios nain	0.0	0.0	0.0	0.0	0.0135135	0.0	0.0	0.0	0.0123457	0.0172414	0.0	0.0076336	0.0147059	0.0	0.0041322	0.0030488	0.0	0.0142857	0.0050251	0.0	0.0065147	0.0	0.0057143	0.0052632	0.0145985	0.0067114	0.0	0.0245098	0.0049261	0.0069444	0.0091324	0.003663	0.0055249	0.0076923	0.016	0.0217391	0.0	0.0	0.01	0.0070922	0.0	0.0	0.0	0.0126582	0.0	0.0	0.0	0.0	
Bihoreau gris	0.0588235	0.0	0.0	0.0	0.0135135	0.0	0.0	0.0084034	0.0	0.0	0.0	0.0152672	0.0147059	0.0406091	0.0454545	0.0426829	0.0375587	0.0619048	0.0150754	0.0439815	0.029316	0.0487805	0.0628571	0.0578947	0.0437956	0.0469799	0.037037	0.0588235	0.0197044	0.0347222	0.0228311	0.021978	0.0165746	0.0230769	0.016	0.0144928	0.0	0.0054945	0.01	0.0	0.0	0.0384615	0.0227273	0.0126582	0.0	0.0	0.0	0.016129	
Aigrette garzette	0.2352941	0.4	0.3	0.3928571	0.4594595	0.2162162	0.1641791	0.4117647	0.1851852	0.2413793	0.1428571	0.3435115	0.1911765	0.2182741	0.2231405	0.1646341	0.2206573	0.2666667	0.1909548	0.2037037	0.1530945	0.203252	0.1828571	0.2315789	0.2262774	0.2550336	0.25	0.2990196	0.1527094	0.2291667	0.2237443	0.3040293	0.3535912	0.3076923	0.336	0.2971014	0.3369565	0.3021978	0.32	0.3829787	0.2909091	0.5384615	0.2727273	0.3544304	0.4242424	0.125	0.5151515	0.2580645	
Aigrette des récifs	0.0	0.0	0.0	0.0	0.0	0.0	0.0	0.0	0.0	0.0	0.0	0.0	0.0	0.0	0.0	0.0030488	0.0	0.0	0.0	0.0023148	0.0	0.0	0.0015	0.0	0.0	0.0134228	0.0	0.004902	0.0	0.0069444	0.0	0.003663	0.0	0.0	0.0	0.0	0.0	0.0	0.0	0.0	0.0	0.0	0.0	0.0	0.0	0.0	0.0	0.0	
Crabier chevelu	0.0	0.0	0.0	0.0	0.0	0.0	0.0	0.0	0.0	0.0	0.0	0.0	0.0073529	0.0101523	0.0247934	0.0396341	0.0375587	0.0666667	0.0201005	0.0486111	0.0228013	0.0406504	0.04	0.0368421	0.0218978	0.0536913	0.0092593	0.0343137	0.0098522	0.0277778	0.0136986	0.029304	0.0331492	0.0307692	0.024	0.0362319	0.0	0.0	0.0	0.0	0.0	0.0	0.0227273	0.0	0.0	0.0	0.0	0.0	
Héron garde-boeufs	0.1372549	0.1	0.15	0.1428571	0.2297297	0.1351351	0.0597015	0.092437	0.0493827	0.137931	0.1428571	0.129771	0.1102941	0.0761421	0.0991736	0.0762195	0.0751174	0.1	0.0653266	0.1064815	0.0521173	0.0894309	0.0742857	0.0789474	0.1021898	0.114094	0.1296296	0.1666667	0.08867	0.1319444	0.1187215	0.0952381	0.0994475	0.0769231	0.056	0.0724638	0.0869565	0.0824176	0.05	0.0851064	0.0363636	0.1923077	0.0454545	0.1772152	0.1212121	0.125	0.1818182	0.1451613	
Grande Aigrette	0.1960784	0.2333333	0.325	0.2678571	0.3108108	0.2432432	0.0895522	0.2773109	0.1481481	0.1551724	0.0892857	0.1603053	0.0294118	0.0558376	0.0785124	0.0152439	0.0328638	0.0571429	0.040201	0.0416667	0.0325733	0.0406504	0.0342857	0.0210526	0.0291971	0.0268456	0.0277778	0.0343137	0.044335	0.0555556	0.0456621	0.0842491	0.0828729	0.1076923	0.088	0.0869565	0.2173913	0.1758242	0.23	0.3049645	0.2181818	0.2692308	0.1590909	0.2658228	0.4545455	0.0	0.3939394	0.1774194	
Héron cendré	0.3137255	0.3	0.375	0.3214286	0.2567568	0.1891892	0.1044776	0.3361345	0.1234568	0.2068966	0.0892857	0.1755725	0.0808824	0.106599	0.1198347	0.0823171	0.056338	0.1142857	0.0452261	0.0532407	0.0260586	0.0487805	0.0457143	0.0684211	0.0510949	0.1342282	0.1111111	0.1568627	0.0935961	0.1597222	0.1324201	0.2087912	0.2486188	0.2692308	0.296	0.2463768	0.3478261	0.2197802	0.29	0.3617021	0.3272727	0.4615385	0.2045455	0.2658228	0.4242424	0.125	0.5454545	0.2741935	
Héron pourpré	0.0	0.0	0.0	0.0	0.0	0.0	0.0	0.0	0.0	0.0	0.0	0.0229008	0.0441176	0.0609137	0.053719	0.0609756	0.0657277	0.052381	0.0502513	0.0648148	0.0553746	0.0243902	0.0914286	0.0368421	0.0510949	0.0268456	0.0555556	0.0882353	0.0295567	0.1041667	0.0547945	0.040293	0.0552486	0.0153846	0.016	0.0362319	0.0108696	0.0015	0.0	0.0	0.0181818	0.0	0.0	0.0	0.0	0.0	0.0	0.0	
Pélican blanc	0.0392157	0.0333333	0.025	0.0178571	0.0135135	0.0	0.0149254	0.0336134	0.0123457	0.0344828	0.0357143	0.0015	0.0147059	0.0050761	0.0123967	0.0091463	0.0046948	0.0047619	0.0	0.0069444	0.0065147	0.0162602	0.0	0.0	0.0072993	0.0	0.0	0.004902	0.0	0.0069444	0.0015	0.010989	0.0	0.0	0.0	0.0072464	0.0108696	0.010989	0.0015	0.0141844	0.0	0.0	0.0227273	0.0126582	0.0	0.0	0.030303	0.0645161	
Pélican gris	0.0	0.0	0.0	0.0	0.0	0.0	0.0	0.0	0.0	0.0172414	0.0	0.0	0.0	0.0	0.0041322	0.0030488	0.0	0.0	0.0	0.0046296	0.0065147	0.0	0.0	0.0015	0.0072993	0.0	0.0015	0.004902	0.0	0.0	0.0	0.007326	0.0	0.0	0.0	0.0015	0.0	0.0054945	0.0	0.0	0.0	0.0	0.0	0.0	0.0	0.0	0.0	0.016129	
Balbuzard pêcheur	0.1176471	0.1666667	0.125	0.1607143	0.1351351	0.0810811	0.0149254	0.1092437	0.0123457	0.0862069	0.0535714	0.0763359	0.0294118	0.0203046	0.0247934	0.0243902	0.0422535	0.0190476	0.0301508	0.0023148	0.0032573	0.0081301	0.0015	0.0157895	0.0	0.0067114	0.0185185	0.0245098	0.0	0.0069444	0.0365297	0.032967	0.0552486	0.0307692	0.048	0.0797101	0.1195652	0.1098901	0.04	0.1489362	0.1090909	0.1538462	0.0227273	0.1772152	0.2121212	0.0015	0.1212121	0.0806452	
Percnoptère d'Égypte	0.0	0.0	0.0	0.0	0.0	0.0	0.0	0.0	0.0	0.0	0.0	0.0	0.0	0.0	0.0	0.0060976	0.0	0.0	0.0	0.0046296	0.0032573	0.0	0.0	0.0105263	0.0	0.0067114	0.0092593	0.0	0.0	0.0	0.0	0.0	0.0	0.0	0.0	0.0	0.0	0.010989	0.0015	0.0	0.0	0.0	0.0	0.0	0.0	0.0	0.0	0.0	
Bondrée apivore	0.0	0.0	0.0	0.0	0.0	0.0	0.0	0.0	0.0	0.0	0.0	0.0	0.0	0.0050761	0.0	0.0	0.0140845	0.0142857	0.0015	0.0069444	0.009772	0.0081301	0.0	0.0	0.0	0.0	0.0	0.0	0.0	0.0	0.0015	0.0	0.0055249	0.0230769	0.056	0.0507246	0.0108696	0.0	0.0	0.0015	0.0	0.0	0.0	0.0	0.0	0.0	0.0	0.0	
Vautour fauve	0.0	0.0333333	0.025	0.0	0.0135135	0.0	0.0015	0.0168067	0.0246914	0.0172414	0.0357143	0.0	0.0147059	0.0304569	0.0123967	0.0396341	0.0234742	0.052381	0.0351759	0.0115741	0.0228013	0.0015	0.0342857	0.0210526	0.0218978	0.0402685	0.0555556	0.0196078	0.0147783	0.0069444	0.0273973	0.014652	0.0220994	0.0153846	0.008	0.0217391	0.0326087	0.0714286	0.01	0.0141844	0.0	0.0	0.0227273	0.0	0.0606061	0.0	0.030303	0.016129	
vautour sp.	0.0	0.0	0.0	0.0	0.0	0.0	0.0	0.0	0.0	0.0	0.0	0.0	0.0	0.0	0.0	0.0	0.0	0.0	0.0	0.0	0.0	0.0	0.0	0.0	0.0	0.0	0.0	0.0	0.0	0.0	0.0	0.0015	0.0	0.0	0.0	0.0	0.0	0.0	0.0	0.0	0.0	0.0	0.0	0.0	0.0	0.0	0.0	0.0	
Circaète Jean-le-Blanc	0.0	0.0	0.0	0.0	0.0	0.0	0.0	0.0	0.0	0.0	0.0	0.0	0.0073529	0.0	0.0	0.0	0.0	0.0	0.0	0.0023148	0.0	0.0	0.0	0.0	0.0	0.0	0.0	0.0	0.0	0.0	0.0	0.0	0.0	0.0	0.0	0.0072464	0.0015	0.0	0.0	0.0015	0.0	0.0	0.0	0.0	0.0	0.0	0.0	0.0	
Aigle botté	0.0196078	0.0	0.025	0.0357143	0.0	0.0	0.0149254	0.0084034	0.0	0.0	0.0	0.0076336	0.0	0.0015	0.0041322	0.0030488	0.0	0.0047619	0.0	0.0023148	0.0032573	0.0081301	0.0	0.0	0.0	0.0	0.0	0.0	0.0049261	0.0	0.0	0.0	0.0	0.0153846	0.008	0.0	0.0	0.010989	0.0	0.0070922	0.0181818	0.0384615	0.0	0.0126582	0.030303	0.0	0.030303	0.0015	
Aigle royal	0.0	0.0	0.025	0.0015	0.0	0.027027	0.0149254	0.0252101	0.0	0.0344828	0.0178571	0.0076336	0.0294118	0.0050761	0.0289256	0.0182927	0.0234742	0.0142857	0.0100503	0.0046296	0.0	0.0162602	0.0342857	0.0015	0.0072993	0.0067114	0.0092593	0.004902	0.0049261	0.0208333	0.0	0.0015	0.0	0.0230769	0.024	0.0144928	0.0	0.0054945	0.02	0.0070922	0.0015	0.0	0.0	0.0253165	0.030303	0.0	0.0	0.016129	
Aigle de Bonelli	0.0	0.0	0.0	0.0	0.0	0.0	0.0	0.0	0.0	0.0	0.0357143	0.0	0.0	0.0	0.0	0.0	0.0	0.0	0.0	0.0	0.0	0.0	0.0	0.0	0.0	0.0	0.0	0.0	0.0	0.0	0.0	0.0	0.0	0.0076923	0.008	0.0	0.0	0.0	0.0	0.0	0.0	0.0	0.0	0.0	0.0	0.0	0.0	0.0	
Épervier d'Europe	0.1176471	0.0333333	0.0	0.0535714	0.0405405	0.0540541	0.0149254	0.0252101	0.0246914	0.0689655	0.0178571	0.0229008	0.0294118	0.035533	0.0247934	0.0213415	0.0093897	0.0190476	0.0251256	0.0208333	0.0130293	0.0243902	0.0057143	0.0263158	0.0291971	0.0201342	0.0185185	0.0196078	0.044335	0.0486111	0.0136986	0.043956	0.0441989	0.0384615	0.024	0.0362319	0.0434783	0.032967	0.03	0.0070922	0.0363636	0.0	0.0681818	0.0506329	0.030303	0.125	0.1212121	0.0322581	
Autour des palombes	0.0	0.0	0.0	0.0178571	0.0	0.0	0.0	0.0	0.0123457	0.0	0.0	0.0	0.0147059	0.0	0.0041322	0.0	0.0	0.0	0.0050251	0.0	0.0	0.0	0.0	0.0	0.0015	0.0	0.0092593	0.0	0.0049261	0.0069444	0.0136986	0.003663	0.0110497	0.0	0.016	0.0072464	0.0	0.0	0.0015	0.0	0.0	0.0	0.0	0.0126582	0.030303	0.0	0.0	0.0	
Aerospiza, Tachyspiza, Accipiter ou Astur sp.	0.0	0.0	0.0	0.0	0.0	0.0	0.0	0.0	0.0	0.0	0.0	0.0	0.0	0.0	0.0	0.0	0.0	0.0	0.0	0.0	0.0	0.0	0.0	0.0	0.0	0.0	0.0	0.0	0.0	0.0	0.0045662	0.0	0.0	0.0	0.0	0.0	0.0	0.0	0.0	0.0	0.0	0.0	0.0	0.0	0.0	0.0	0.0	0.0	
Busard des roseaux	0.2941176	0.2	0.25	0.3214286	0.3378378	0.4324324	0.1343284	0.302521	0.1728395	0.2068966	0.1607143	0.2519084	0.1617647	0.1928934	0.1694215	0.1341463	0.1126761	0.1904762	0.1155779	0.0925926	0.0846906	0.1626016	0.0971429	0.0947368	0.0729927	0.0536913	0.0740741	0.0784314	0.0640394	0.1111111	0.0821918	0.1575092	0.0994475	0.0846154	0.184	0.1086957	0.1521739	0.1868132	0.23	0.2553191	0.2545455	0.2307692	0.1590909	0.278481	0.3939394	0.0	0.3333333	0.2580645	
Busard Saint-Martin	0.0	0.0	0.0	0.0	0.0	0.0540541	0.0	0.0	0.0123457	0.0	0.0015	0.0076336	0.0	0.0050761	0.0123967	0.0	0.0	0.0	0.0	0.0	0.0	0.0	0.0	0.0	0.0	0.0	0.0	0.0	0.0	0.0	0.0	0.0	0.0	0.0	0.0	0.0072464	0.0	0.0	0.0	0.0	0.0	0.0	0.0	0.0	0.0606061	0.0	0.0606061	0.0015	
Busard cendré	0.0	0.0	0.0	0.0	0.0	0.0	0.0	0.0	0.0	0.0	0.0	0.0	0.0	0.0050761	0.0165289	0.0182927	0.0093897	0.0047619	0.0015	0.0023148	0.0015	0.0	0.0	0.0	0.0	0.0067114	0.0015	0.0098039	0.0	0.0015	0.0	0.003663	0.0055249	0.0076923	0.008	0.0	0.0	0.0	0.0	0.0	0.0	0.0	0.0	0.0	0.0	0.0	0.0	0.0	
busard sp.	0.0	0.0	0.0	0.0	0.0	0.0	0.0	0.0	0.0	0.0	0.0	0.0	0.0	0.0	0.0	0.0	0.0	0.0	0.0	0.0	0.0	0.0	0.0	0.0	0.0	0.0	0.0	0.0	0.0	0.0	0.0	0.0	0.0	0.0	0.0	0.0	0.0015	0.0	0.0	0.0	0.0	0.0	0.0	0.0	0.0	0.0	0.0	0.0	
Milan royal	0.0196078	0.0	0.0	0.0	0.0	0.0	0.0	0.0015	0.0	0.0172414	0.0	0.0015	0.0	0.0	0.0123967	0.0060976	0.0093897	0.0095238	0.0150754	0.0115741	0.0065147	0.0	0.0057143	0.0263158	0.0015	0.0134228	0.0	0.004902	0.0147783	0.0015	0.0	0.0015	0.0	0.0015	0.008	0.0	0.0108696	0.010989	0.0015	0.0015	0.0181818	0.0	0.0015	0.0	0.0	0.0	0.030303	0.0	
Milan noir	0.0	0.0	0.0	0.0	0.0	0.0	0.0	0.0	0.0	0.0172414	0.0	0.0	0.0147059	0.0101523	0.0041322	0.0121951	0.0187793	0.0047619	0.0201005	0.0046296	0.0032573	0.0	0.0015	0.0015	0.0072993	0.0201342	0.0092593	0.0098039	0.0	0.0	0.0045662	0.003663	0.0110497	0.0015	0.008	0.0144928	0.0108696	0.0054945	0.0	0.0	0.0	0.0	0.0	0.0	0.0	0.0	0.0	0.0	
Buse variable	0.0784314	0.1666667	0.2	0.1428571	0.1351351	0.2162162	0.2686567	0.1260504	0.0617284	0.1206897	0.0714286	0.1374046	0.125	0.142132	0.161157	0.1006098	0.1314554	0.0857143	0.1256281	0.087963	0.0684039	0.1056911	0.0857143	0.0736842	0.0364964	0.0536913	0.0925926	0.1078431	0.1083744	0.1111111	0.1050228	0.1282051	0.1381215	0.1384615	0.128	0.0869565	0.2065217	0.1208791	0.12	0.1134752	0.2	0.1538462	0.1136364	0.1392405	0.2121212	0.25	0.2121212	0.1774194	
rapace sp.	0.0	0.0	0.0	0.0	0.0	0.0	0.0	0.0	0.0	0.0	0.0	0.0	0.0	0.0	0.0	0.0030488	0.0046948	0.0	0.0	0.0	0.0	0.0	0.0057143	0.0052632	0.0	0.0	0.0	0.0	0.0	0.0	0.0	0.0015	0.0015	0.0	0.0	0.0	0.0	0.0	0.0	0.0	0.0	0.0	0.0	0.0	0.0	0.0	0.0	0.0	
Effraie des clochers	0.0015	0.0015	0.025	0.0	0.0135135	0.027027	0.0015	0.0084034	0.0123457	0.0	0.0	0.0	0.0	0.0	0.0015	0.0030488	0.0	0.0	0.0015	0.0046296	0.0	0.0	0.0015	0.0157895	0.0015	0.0	0.0092593	0.0015	0.0015	0.0069444	0.0091324	0.010989	0.0055249	0.0076923	0.0	0.0144928	0.0015	0.0015	0.0015	0.0141844	0.0	0.0	0.0	0.0126582	0.0	0.0	0.0	0.016129	
Petit-duc scops	0.0	0.0	0.0	0.0	0.0	0.027027	0.0149254	0.0084034	0.0	0.0172414	0.0178571	0.0152672	0.0514706	0.0253807	0.0454545	0.0182927	0.0328638	0.0142857	0.0050251	0.0300926	0.0162866	0.0081301	0.0457143	0.0157895	0.0072993	0.0268456	0.0277778	0.004902	0.0098522	0.0138889	0.0182648	0.010989	0.0110497	0.0307692	0.0	0.0144928	0.0015	0.0054945	0.01	0.0141844	0.0181818	0.0	0.0015	0.0	0.0	0.0	0.0	0.0	
Chevêche d'Athéna	0.0588235	0.0	0.0	0.0	0.027027	0.0810811	0.0149254	0.0168067	0.0123457	0.0	0.0178571	0.0015	0.0294118	0.0050761	0.0165289	0.0243902	0.0140845	0.052381	0.0301508	0.0231481	0.0130293	0.0243902	0.0457143	0.0210526	0.0145985	0.0402685	0.0462963	0.0343137	0.0295567	0.0208333	0.0136986	0.03663	0.0220994	0.0538462	0.032	0.0144928	0.0108696	0.043956	0.01	0.0283688	0.0181818	0.0	0.0227273	0.0379747	0.030303	0.0	0.0015	0.016129	
Hibou moyen-duc	0.0	0.0	0.0	0.0	0.0	0.027027	0.0	0.0	0.0	0.0	0.0	0.0076336	0.0	0.0	0.0	0.0	0.0	0.0	0.0	0.0046296	0.0032573	0.0	0.0057143	0.0	0.0145985	0.0067114	0.0	0.0	0.0049261	0.0	0.0	0.003663	0.0	0.0	0.008	0.0	0.0	0.0054945	0.0	0.0	0.0	0.0	0.0	0.0015	0.030303	0.0	0.0	0.0	
Hibou des marais	0.0	0.0	0.0	0.0	0.0	0.0	0.0	0.0084034	0.0	0.0	0.0178571	0.0	0.0	0.0015	0.0	0.0030488	0.0	0.0047619	0.0050251	0.0	0.0	0.0	0.0	0.0	0.0	0.0	0.0	0.0	0.0	0.0	0.0	0.0	0.0	0.0	0.0	0.0	0.0	0.0	0.0015	0.0	0.0	0.0	0.0	0.0	0.0	0.0	0.0	0.0	
Strigiformes sp.	0.0	0.0	0.0	0.0	0.0	0.0	0.0	0.0	0.0	0.0	0.0	0.0	0.0	0.0	0.0	0.0	0.0	0.0	0.0	0.0	0.0	0.0	0.0	0.0	0.0	0.0	0.0	0.0	0.0	0.0	0.0	0.0	0.0	0.0	0.0	0.0	0.0	0.0	0.0	0.0	0.0015	0.0	0.0	0.0	0.0	0.0	0.0	0.0	
Huppe fasciée	0.0196078	0.0	0.0	0.0535714	0.0	0.027027	0.0	0.0168067	0.0123457	0.0517241	0.0357143	0.0610687	0.0441176	0.0964467	0.0867769	0.0487805	0.0234742	0.0190476	0.0351759	0.0509259	0.009772	0.0243902	0.0685714	0.0263158	0.0145985	0.0268456	0.0185185	0.0015	0.0147783	0.0277778	0.0091324	0.043956	0.0220994	0.0076923	0.016	0.0072464	0.0	0.010989	0.0015	0.0141844	0.0181818	0.0	0.0015	0.0126582	0.0909091	0.0	0.030303	0.016129	
Guêpier d'Europe	0.0	0.0	0.0	0.0	0.0	0.0	0.0	0.0	0.0	0.0	0.0	0.0	0.0	0.0101523	0.1322314	0.152439	0.1502347	0.1428571	0.0904523	0.0601852	0.0553746	0.0731707	0.0971429	0.0947368	0.0656934	0.0738255	0.1018519	0.0588235	0.0689655	0.0833333	0.0684932	0.0659341	0.0994475	0.1076923	0.048	0.0434783	0.0	0.0	0.0	0.0	0.0	0.0	0.0	0.0	0.0	0.0	0.0	0.0	
Martin-pêcheur d'Europe	0.3137255	0.1666667	0.1	0.1607143	0.2567568	0.0540541	0.0746269	0.1848739	0.0617284	0.1034483	0.0357143	0.0687023	0.0	0.0050761	0.0015	0.0015	0.0	0.0	0.0	0.0	0.0	0.0162602	0.0	0.0	0.0	0.0067114	0.0	0.0147059	0.0147783	0.0694444	0.0730594	0.1025641	0.0994475	0.0769231	0.08	0.0942029	0.1521739	0.1538462	0.15	0.2553191	0.1272727	0.2692308	0.2272727	0.1898734	0.3939394	0.0	0.3030303	0.2903226	
Rollier d'Europe	0.0	0.0	0.0	0.0	0.0	0.0	0.0	0.0	0.0	0.0	0.0	0.0	0.0	0.0	0.0041322	0.0121951	0.0093897	0.0238095	0.0050251	0.0023148	0.0	0.0	0.0057143	0.0	0.0	0.0	0.0	0.0	0.0	0.0	0.0	0.003663	0.0	0.0	0.008	0.0	0.0	0.0054945	0.0	0.0	0.0015	0.0	0.0	0.0	0.0	0.0	0.0	0.0	
Torcol fourmilier	0.0	0.0	0.0	0.0	0.0	0.0	0.0	0.0084034	0.0	0.0	0.0	0.0152672	0.0147059	0.0	0.0015	0.0	0.0093897	0.0	0.0015	0.0046296	0.0015	0.0243902	0.0057143	0.0	0.0	0.0	0.0	0.0	0.0	0.0	0.0	0.003663	0.0	0.0	0.0	0.0	0.0	0.0	0.01	0.0	0.0	0.0	0.0	0.0126582	0.0	0.0	0.0	0.0	
Pic épeiche	0.0980392	0.0333333	0.025	0.0892857	0.0540541	0.0810811	0.119403	0.1176471	0.0617284	0.0862069	0.1964286	0.1221374	0.1102941	0.1015228	0.1404959	0.1036585	0.0704225	0.0571429	0.0552764	0.0972222	0.0749186	0.1300813	0.1142857	0.0368421	0.0583942	0.0402685	0.0648148	0.0931373	0.1034483	0.0972222	0.0821918	0.1208791	0.1491713	0.0846154	0.104	0.0942029	0.076087	0.0879121	0.11	0.1347518	0.0727273	0.0384615	0.0681818	0.0379747	0.0909091	0.25	0.0	0.0806452	
Dendrocopos sp.	0.0	0.0	0.0	0.0	0.0	0.0	0.0	0.0	0.0	0.0	0.0	0.0	0.0	0.0	0.0	0.0	0.0015	0.0	0.0	0.0	0.0	0.0	0.0	0.0	0.0	0.0	0.0	0.0	0.0	0.0	0.0	0.0	0.0	0.0	0.0	0.0	0.0	0.0	0.0	0.0	0.0	0.0	0.0	0.0	0.0	0.0	0.0	0.0	
Faucon crécerellette	0.0	0.0	0.0	0.0	0.0	0.0	0.0	0.0	0.0	0.0015	0.0	0.0229008	0.0	0.0203046	0.0082645	0.0213415	0.0093897	0.0238095	0.0201005	0.0069444	0.0130293	0.0243902	0.0171429	0.0105263	0.0015	0.0067114	0.0	0.0	0.0098522	0.0138889	0.0091324	0.007326	0.0165746	0.0	0.0015	0.0144928	0.0	0.0	0.01	0.0015	0.0	0.0	0.0	0.0	0.0	0.0	0.0	0.0	
Faucon crécerelle	0.2156863	0.3666667	0.2	0.2678571	0.2972973	0.3513514	0.2238806	0.2689076	0.0617284	0.1896552	0.125	0.221374	0.2058824	0.2081218	0.3057851	0.179878	0.1737089	0.1714286	0.1557789	0.1550926	0.1172638	0.1138211	0.1485714	0.2	0.1605839	0.1543624	0.2222222	0.1176471	0.1182266	0.1180556	0.1643836	0.1978022	0.1933702	0.1692308	0.168	0.2101449	0.2826087	0.2417582	0.2	0.2695035	0.3636364	0.3076923	0.2272727	0.2405063	0.4545455	0.125	0.3030303	0.3548387	
Faucon crécerellette ou F. crécerelle	0.0	0.0	0.0	0.0	0.0	0.0	0.0149254	0.0	0.0	0.0	0.0	0.0076336	0.0	0.0050761	0.0082645	0.0091463	0.0	0.0047619	0.0	0.0046296	0.0065147	0.0162602	0.0	0.0	0.0015	0.0	0.0	0.0098039	0.0098522	0.0069444	0.0	0.010989	0.0	0.0015	0.0	0.0072464	0.0108696	0.0	0.0	0.0141844	0.0181818	0.0	0.0	0.0	0.0	0.0	0.0	0.0	
Faucon kobez	0.0	0.0	0.0	0.0	0.0	0.0	0.0	0.0	0.0	0.0	0.0	0.0	0.0	0.0	0.0	0.0030488	0.0093897	0.0095238	0.0150754	0.0023148	0.0065147	0.0015	0.0	0.0	0.0	0.0	0.0	0.0	0.0	0.0	0.0	0.0	0.0	0.0	0.0	0.0	0.0	0.0015	0.0	0.0	0.0	0.0	0.0	0.0	0.0	0.0	0.0	0.0	
Faucon d'Éléonore	0.0	0.0	0.0	0.0	0.0	0.0	0.0	0.0	0.0	0.0	0.0	0.0	0.0073529	0.0015	0.0	0.0121951	0.0187793	0.0285714	0.0150754	0.0208333	0.0162866	0.0325203	0.0114286	0.0526316	0.0218978	0.0134228	0.037037	0.0490196	0.0788177	0.0416667	0.0365297	0.029304	0.0220994	0.0076923	0.056	0.0507246	0.0869565	0.0714286	0.03	0.0141844	0.0	0.0	0.0227273	0.0	0.0	0.125	0.030303	0.0	
Faucon émerillon	0.0	0.0	0.0	0.0	0.0	0.0	0.0	0.0	0.0	0.0	0.0	0.0015	0.0	0.0	0.0	0.0	0.0	0.0	0.0	0.0	0.0	0.0	0.0	0.0	0.0	0.0	0.0	0.0	0.0	0.0	0.0	0.0	0.0	0.0	0.0	0.0	0.0108696	0.0	0.0	0.0	0.0363636	0.0	0.0	0.0126582	0.0	0.0	0.0	0.016129	
Faucon hobereau	0.0	0.0	0.0	0.0	0.0	0.0	0.0	0.0	0.0	0.0	0.0	0.0	0.0073529	0.0101523	0.0123967	0.0060976	0.0046948	0.0095238	0.0050251	0.0046296	0.0015	0.0	0.0057143	0.0052632	0.0	0.0	0.0185185	0.0196078	0.0098522	0.0	0.0091324	0.010989	0.0110497	0.0230769	0.0015	0.0	0.0	0.0054945	0.0	0.0015	0.0	0.0	0.0	0.0	0.0	0.0	0.0	0.0	
Faucon pèlerin	0.0196078	0.0333333	0.075	0.0535714	0.0540541	0.027027	0.119403	0.0504202	0.0493827	0.0172414	0.0178571	0.0305344	0.0514706	0.0406091	0.0289256	0.0396341	0.0516432	0.0619048	0.0201005	0.0185185	0.0130293	0.0243902	0.0171429	0.0052632	0.0364964	0.0134228	0.0648148	0.0098039	0.0197044	0.0208333	0.0091324	0.029304	0.0607735	0.0461538	0.04	0.0144928	0.0434783	0.0769231	0.01	0.0496454	0.0015	0.0	0.0681818	0.0632911	0.0909091	0.0015	0.0	0.016129	
Falco sp.	0.0	0.0	0.0	0.0015	0.0	0.0	0.0149254	0.0	0.0	0.0	0.0	0.0	0.0	0.0	0.0	0.0030488	0.0	0.0015	0.0	0.0015	0.009772	0.0	0.0057143	0.0	0.0	0.0	0.0	0.004902	0.0	0.0	0.0	0.0015	0.0015	0.0076923	0.008	0.0	0.0	0.0	0.02	0.0070922	0.0	0.0	0.0	0.0	0.0	0.0	0.0	0.0	
rapace diurne sp.	0.0	0.0	0.0	0.0	0.0	0.0	0.0	0.0	0.0	0.0	0.0	0.0	0.0	0.0	0.0	0.0	0.0	0.0	0.0	0.0	0.0	0.0	0.0	0.0	0.0	0.0	0.0	0.0	0.0	0.0	0.0	0.0	0.0110497	0.0153846	0.016	0.0	0.0	0.0	0.0	0.0	0.0	0.0	0.0	0.0	0.0	0.0	0.0	0.0	
Calopsitte élégante	0.0	0.0	0.0	0.0	0.0	0.0	0.0	0.0	0.0	0.0	0.0	0.0	0.0	0.0	0.0	0.0	0.0	0.0	0.0	0.0	0.0	0.0	0.0	0.0	0.0	0.0067114	0.0	0.0	0.0	0.0	0.0	0.0	0.0	0.0	0.0	0.0	0.0	0.0	0.0	0.0	0.0	0.0	0.0	0.0	0.0	0.0	0.0	0.0	
Perruche à collier	0.0	0.0	0.0	0.0178571	0.027027	0.0	0.0	0.0084034	0.0	0.0	0.0	0.0	0.0	0.0050761	0.0041322	0.0	0.0	0.0	0.0015	0.0	0.0	0.0	0.0	0.0	0.0	0.0067114	0.0	0.0	0.0	0.0069444	0.0	0.0	0.0	0.0076923	0.0	0.0072464	0.0	0.0	0.0	0.0	0.0	0.0384615	0.0	0.0126582	0.0	0.0	0.0	0.0	
Perriche veuve	0.1960784	0.0666667	0.075	0.1428571	0.1216216	0.0540541	0.0895522	0.0588235	0.037037	0.0344828	0.0357143	0.0763359	0.0661765	0.0304569	0.0495868	0.0396341	0.0328638	0.0952381	0.0201005	0.0462963	0.0325733	0.0406504	0.0685714	0.0368421	0.0437956	0.114094	0.0555556	0.0441176	0.044335	0.0486111	0.0547945	0.029304	0.0220994	0.0153846	0.032	0.057971	0.0326087	0.043956	0.03	0.070922	0.0545455	0.1538462	0.0909091	0.0126582	0.0909091	0.125	0.1515152	0.2258065	
Loriot d'Europe	0.0	0.0	0.0	0.0	0.0	0.0	0.0	0.0	0.0	0.0	0.0	0.0	0.0	0.0050761	0.0041322	0.0152439	0.0093897	0.0015	0.0100503	0.0046296	0.0032573	0.0081301	0.0057143	0.0	0.0	0.0	0.0	0.0	0.0	0.0069444	0.0	0.010989	0.0055249	0.0	0.0	0.0	0.0	0.0	0.0	0.0	0.0	0.0	0.0	0.0	0.0	0.0	0.0	0.0	
Pie-grièche écorcheur	0.0	0.0	0.0	0.0	0.0	0.0	0.0	0.0	0.0	0.0	0.0	0.0	0.0	0.0	0.0	0.0060976	0.0187793	0.0190476	0.0201005	0.0185185	0.019544	0.0081301	0.0285714	0.0015	0.0218978	0.0015	0.0015	0.0196078	0.0098522	0.0069444	0.0045662	0.010989	0.0165746	0.0	0.0015	0.0	0.0108696	0.0	0.0	0.0	0.0	0.0	0.0	0.0	0.0	0.0	0.0	0.0	
Pie-grièche à poitrine rose	0.0	0.0	0.0	0.0	0.0	0.0	0.0	0.0	0.0	0.0	0.0	0.0	0.0	0.0	0.0	0.0	0.0	0.0	0.0	0.0	0.0065147	0.0	0.0	0.0	0.0	0.0	0.0	0.0	0.0	0.0	0.0	0.0	0.0	0.0	0.0	0.0	0.0	0.0	0.0	0.0	0.0	0.0	0.0	0.0	0.0	0.0	0.0	0.0	
Pie-grièche à tête rousse	0.0	0.0	0.0	0.0	0.0	0.0	0.0	0.0	0.0	0.0	0.0357143	0.0076336	0.0147059	0.035533	0.0619835	0.0670732	0.0469484	0.0380952	0.0150754	0.0231481	0.0228013	0.0406504	0.0342857	0.0315789	0.0364964	0.0268456	0.0185185	0.0441176	0.0197044	0.0347222	0.0182648	0.043956	0.0055249	0.0076923	0.0	0.0	0.0	0.0	0.0	0.0	0.0	0.0	0.0	0.0	0.0	0.0	0.0	0.0	
Laniidés sp.	0.0	0.0	0.0	0.0	0.0	0.0	0.0	0.0	0.0	0.0	0.0	0.0	0.0	0.0	0.0	0.0	0.0	0.0	0.0050251	0.0	0.0	0.0	0.0	0.0	0.0	0.0	0.0	0.0	0.0	0.0	0.0	0.0	0.0	0.0	0.0	0.0	0.0	0.0	0.0	0.0	0.0	0.0	0.0	0.0	0.0	0.0	0.0	0.0	
Geai des chênes	0.0784314	0.0333333	0.025	0.0714286	0.027027	0.2432432	0.2089552	0.1008403	0.0617284	0.0344828	0.0535714	0.129771	0.1617647	0.1725888	0.1735537	0.097561	0.1173709	0.0666667	0.1005025	0.0856481	0.0879479	0.1300813	0.16	0.0894737	0.0875912	0.033557	0.1111111	0.1029412	0.1083744	0.125	0.1552511	0.1501832	0.1546961	0.1307692	0.176	0.1304348	0.2173913	0.1483516	0.21	0.1489362	0.2363636	0.0769231	0.1363636	0.1392405	0.1212121	0.375	0.1212121	0.0806452	
Pie bavarde	0.0	0.0	0.0	0.0	0.0	0.0	0.0298507	0.0	0.0	0.0172414	0.0178571	0.0152672	0.0073529	0.0152284	0.0041322	0.0121951	0.0093897	0.0015	0.0100503	0.0023148	0.0065147	0.0162602	0.04	0.0052632	0.0015	0.0	0.0	0.004902	0.0	0.0	0.0091324	0.014652	0.0015	0.0153846	0.008	0.0072464	0.0015	0.0	0.01	0.0141844	0.0	0.0	0.0	0.0253165	0.0	0.0	0.0	0.0	
Crave à bec rouge	0.0	0.0	0.0	0.0	0.0	0.0	0.0447761	0.0336134	0.0	0.0015	0.0	0.0076336	0.0073529	0.0	0.0082645	0.0030488	0.0046948	0.0	0.0050251	0.0023148	0.0	0.0	0.0015	0.0	0.0145985	0.0	0.0	0.0	0.0	0.0069444	0.0	0.003663	0.0	0.0	0.0	0.0	0.0217391	0.0	0.03	0.0070922	0.0	0.0	0.0	0.0	0.030303	0.0	0.0	0.0	
Choucas des tours	0.0784314	0.1333333	0.075	0.0535714	0.0675676	0.2432432	0.0895522	0.1176471	0.1358025	0.1551724	0.1428571	0.1374046	0.1470588	0.1319797	0.1157025	0.1097561	0.1502347	0.1571429	0.1005025	0.0833333	0.0977199	0.097561	0.1085714	0.0894737	0.0875912	0.0805369	0.0740741	0.1029412	0.0738916	0.0208333	0.0958904	0.1135531	0.0773481	0.0923077	0.112	0.1304348	0.0652174	0.1483516	0.13	0.1489362	0.0909091	0.1153846	0.0681818	0.1518987	0.2424242	0.0015	0.1212121	0.1451613	
Corneille noire	0.0	0.0	0.0	0.0	0.0	0.0	0.0	0.0	0.0	0.0	0.0	0.0	0.0	0.0	0.0	0.0	0.0	0.0	0.0	0.0	0.0	0.0	0.0	0.0	0.0	0.0	0.0	0.0	0.0	0.0	0.0	0.0	0.0	0.0	0.016	0.0	0.0	0.0	0.0	0.0	0.0	0.0	0.0	0.0	0.0	0.0	0.0	0.0	
Corneille mantelée	0.5686275	0.6	0.7	0.625	0.5540541	0.5135135	0.5970149	0.5798319	0.4691358	0.6724138	0.6607143	0.5725191	0.5882353	0.4974619	0.5247934	0.5	0.42723	0.5809524	0.5175879	0.4537037	0.52443	0.504065	0.5257143	0.4473684	0.4671533	0.5637584	0.5648148	0.5490196	0.4679803	0.4861111	0.4794521	0.5054945	0.4530387	0.5384615	0.52	0.4710145	0.5108696	0.6263736	0.48	0.5531915	0.7272727	0.7307692	0.5909091	0.4177215	0.5757576	0.5	0.8787879	0.6451613	
Corneille noire ou C. mantelée	0.0	0.0	0.0	0.0	0.0	0.0	0.0	0.0	0.0	0.0	0.0	0.0	0.0	0.0	0.0	0.0	0.0	0.0	0.0	0.0023148	0.0	0.0	0.0	0.0	0.0	0.0	0.0	0.0	0.0	0.0	0.0	0.0	0.0	0.0	0.0	0.0	0.0	0.0	0.0	0.0	0.0	0.0	0.0	0.0	0.0	0.0	0.0	0.0	
corneille sp.	0.0	0.0	0.0	0.0	0.0	0.0	0.0	0.0	0.0	0.0	0.0	0.0	0.0	0.0	0.0	0.0	0.0	0.0	0.0	0.0	0.0	0.0015	0.0	0.0	0.0	0.0	0.0	0.0	0.0	0.0	0.0	0.003663	0.0	0.0	0.0	0.0	0.0	0.0	0.0	0.0	0.0	0.0384615	0.0	0.0	0.0	0.0	0.0	0.0	
Grand Corbeau	0.0196078	0.1333333	0.05	0.0535714	0.0135135	0.1081081	0.1492537	0.1764706	0.1358025	0.0689655	0.0892857	0.0992366	0.125	0.1472081	0.161157	0.125	0.1267606	0.1190476	0.1005025	0.0949074	0.0618893	0.1138211	0.0571429	0.0684211	0.0656934	0.033557	0.0833333	0.0441176	0.0591133	0.0625	0.0913242	0.1135531	0.1270718	0.1384615	0.168	0.1449275	0.1847826	0.1153846	0.13	0.1205674	0.2181818	0.1923077	0.0909091	0.1392405	0.1212121	0.25	0.1212121	0.1451613	
Mésange noire	0.0784314	0.0	0.025	0.0892857	0.0540541	0.0810811	0.119403	0.0504202	0.0246914	0.0689655	0.0535714	0.0839695	0.125	0.0964467	0.1570248	0.0914634	0.084507	0.0571429	0.0201005	0.0648148	0.0358306	0.1219512	0.0914286	0.0421053	0.0437956	0.0	0.0277778	0.0882353	0.0295567	0.0763889	0.0410959	0.032967	0.038674	0.0615385	0.064	0.115942	0.0869565	0.032967	0.08	0.0638298	0.1090909	0.1153846	0.0	0.1012658	0.030303	0.25	0.0015	0.0483871	
Mésange bleue	0.0588235	0.0	0.025	0.0892857	0.0945946	0.1891892	0.3283582	0.1680672	0.0740741	0.2413793	0.2321429	0.1526718	0.1764706	0.1472081	0.1735537	0.1402439	0.1220657	0.0952381	0.0603015	0.0972222	0.0781759	0.1463415	0.1028571	0.0421053	0.0656934	0.033557	0.0925926	0.1029412	0.1133005	0.1041667	0.109589	0.047619	0.1270718	0.1615385	0.136	0.1086957	0.1086957	0.0934066	0.19	0.1276596	0.2	0.0769231	0.0227273	0.1518987	0.1212121	0.375	0.0909091	0.0967742	
Mésange charbonnière	0.254902	0.1333333	0.075	0.25	0.2027027	0.2432432	0.3432836	0.3529412	0.1481481	0.3448276	0.375	0.2366412	0.2941176	0.319797	0.3471074	0.2439024	0.2394366	0.2	0.201005	0.1875	0.1237785	0.1382114	0.1828571	0.0789474	0.1094891	0.0469799	0.0740741	0.1519608	0.1625616	0.1805556	0.2100457	0.1538462	0.2265193	0.1923077	0.184	0.2246377	0.2391304	0.2307692	0.23	0.2695035	0.3272727	0.3461538	0.2045455	0.1898734	0.1515152	0.375	0.2121212	0.2741935	
Alouette lulu	0.0196078	0.0	0.0	0.0357143	0.0540541	0.1621622	0.1044776	0.0588235	0.0123457	0.0344828	0.0357143	0.0534351	0.0882353	0.0659898	0.1528926	0.1097561	0.0469484	0.0619048	0.0954774	0.0902778	0.0521173	0.0731707	0.0342857	0.0157895	0.0218978	0.0201342	0.0277778	0.0098039	0.0098522	0.0277778	0.0091324	0.032967	0.038674	0.0384615	0.064	0.0942029	0.0978261	0.0824176	0.1	0.0141844	0.1818182	0.0769231	0.0227273	0.0632911	0.030303	0.25	0.0	0.0483871	
Alouette des champs	0.1764706	0.0666667	0.075	0.0357143	0.027027	0.1081081	0.0	0.0420168	0.0	0.0172414	0.0357143	0.0076336	0.0294118	0.0101523	0.0413223	0.0182927	0.0046948	0.0333333	0.0201005	0.0231481	0.0065147	0.0081301	0.0057143	0.0105263	0.0	0.0	0.0	0.0098039	0.0049261	0.0	0.0	0.007326	0.0015	0.0	0.0	0.0072464	0.0108696	0.0164835	0.04	0.0851064	0.0545455	0.0769231	0.0681818	0.1518987	0.0909091	0.0	0.0	0.0967742	
Alouette calandrelle	0.0	0.0	0.0	0.0	0.0	0.0	0.0	0.0	0.0	0.0	0.0	0.0	0.0	0.0050761	0.0041322	0.0121951	0.0187793	0.0047619	0.0050251	0.0069444	0.0032573	0.0081301	0.0114286	0.0052632	0.0	0.0	0.0	0.0	0.0049261	0.0	0.0045662	0.003663	0.0015	0.0076923	0.008	0.0	0.0	0.0	0.0	0.0	0.0	0.0	0.0	0.0	0.0	0.0	0.0	0.0	
Alouette calandre	0.0392157	0.0	0.0	0.0	0.0	0.0810811	0.0	0.0015	0.0	0.0	0.0	0.0076336	0.0	0.0101523	0.0041322	0.0121951	0.0140845	0.0047619	0.0050251	0.0069444	0.0065147	0.0081301	0.0114286	0.0052632	0.0	0.0	0.0	0.004902	0.0	0.0	0.0	0.003663	0.0	0.0	0.0	0.0	0.0	0.0054945	0.0015	0.0070922	0.0	0.0	0.0	0.0015	0.0	0.0	0.0	0.0	
alaudidé sp.	0.0	0.0	0.0	0.0	0.0	0.0	0.0	0.0	0.0	0.0	0.0	0.0	0.0	0.0	0.0041322	0.0	0.0046948	0.0	0.0	0.0023148	0.0	0.0081301	0.0	0.0	0.0145985	0.0	0.0	0.0	0.0	0.0069444	0.0	0.0	0.0	0.0015	0.0	0.0	0.0	0.0015	0.0	0.0	0.0015	0.0	0.0	0.0	0.0	0.0	0.0	0.0	
Cisticole des joncs	0.1960784	0.1	0.1	0.0714286	0.1486486	0.3243243	0.1791045	0.2605042	0.1604938	0.2413793	0.0892857	0.129771	0.1764706	0.2182741	0.2231405	0.1646341	0.1549296	0.1809524	0.2110553	0.162037	0.1074919	0.1056911	0.1314286	0.1105263	0.0875912	0.1879195	0.1388889	0.1568627	0.1034483	0.1458333	0.0958904	0.1355311	0.1160221	0.0846154	0.096	0.0434783	0.0326087	0.0604396	0.05	0.1134752	0.1454545	0.0384615	0.0909091	0.1012658	0.1212121	0.125	0.030303	0.1290323	
Hypolaïs polyglotte	0.0	0.0	0.0	0.0	0.0	0.0	0.0	0.0	0.0	0.0	0.0	0.0	0.0	0.0	0.0	0.0030488	0.0	0.0	0.0	0.0	0.0032573	0.0	0.0	0.0	0.0	0.0	0.0	0.0	0.0	0.0	0.0045662	0.003663	0.0	0.0	0.0	0.0	0.0	0.0	0.0	0.0	0.0	0.0	0.0	0.0	0.0	0.0	0.0	0.0	
Hypolaïs ictérine	0.0	0.0	0.0	0.0	0.0	0.0	0.0	0.0	0.0	0.0	0.0	0.0	0.0	0.0	0.0	0.0	0.0093897	0.0238095	0.0015	0.0023148	0.0032573	0.0	0.0	0.0	0.0	0.0	0.0	0.0	0.0049261	0.0	0.0	0.003663	0.0	0.0	0.0	0.0	0.0	0.0	0.0	0.0	0.0	0.0	0.0	0.0	0.0	0.0	0.0	0.0	
Hypolaïs polyglotte ou H. ictérine	0.0	0.0	0.0	0.0	0.0	0.0	0.0	0.0	0.0	0.0	0.0	0.0	0.0	0.0	0.0	0.0	0.0	0.0	0.0	0.0	0.0	0.0	0.0	0.0	0.0	0.0	0.0	0.0	0.0	0.0	0.0	0.0	0.0	0.0	0.008	0.0	0.0	0.0	0.0	0.0	0.0	0.0	0.0	0.0	0.0	0.0	0.0	0.0	
Lusciniole à moustaches	0.0196078	0.0	0.0	0.0	0.0	0.027027	0.0149254	0.0168067	0.0	0.0172414	0.0	0.0076336	0.0	0.0	0.0	0.0	0.0	0.0	0.0	0.0	0.0	0.0	0.0	0.0	0.0	0.0	0.0	0.0	0.0	0.0	0.0	0.0	0.0	0.0	0.0	0.0	0.0	0.0	0.0	0.0	0.0	0.0	0.0	0.0126582	0.0	0.0	0.0	0.0	
Phragmite des joncs	0.0	0.0	0.0	0.0	0.0	0.027027	0.0	0.0	0.0	0.0	0.0178571	0.0229008	0.0073529	0.0	0.0015	0.0091463	0.0046948	0.0	0.0050251	0.0023148	0.0	0.0	0.0	0.0	0.0	0.0	0.0	0.0	0.0049261	0.0	0.0	0.0	0.0	0.0	0.0	0.0	0.0	0.0	0.0	0.0	0.0	0.0	0.0	0.0	0.0	0.0	0.0	0.0	
Rousserolle verderolle	0.0	0.0	0.0	0.0	0.0	0.0	0.0	0.0	0.0	0.0	0.0	0.0	0.0	0.0	0.0	0.0	0.0	0.0	0.0	0.0023148	0.0	0.0	0.0	0.0	0.0	0.0	0.0	0.0	0.0	0.0	0.0	0.003663	0.0	0.0	0.0	0.0	0.0	0.0	0.0	0.0	0.0	0.0	0.0	0.0	0.0	0.0	0.0	0.0	
Rousserolle effarvatte	0.0	0.0	0.0	0.0	0.0	0.0	0.0	0.0	0.0	0.0	0.0	0.0	0.0294118	0.0406091	0.0454545	0.0579268	0.0422535	0.0809524	0.0301508	0.037037	0.029316	0.0487805	0.0342857	0.0210526	0.0291971	0.033557	0.0092593	0.0490196	0.0098522	0.0138889	0.0273973	0.018315	0.0110497	0.0076923	0.008	0.0	0.0108696	0.0	0.0	0.0	0.0015	0.0	0.0	0.0	0.0	0.0	0.0	0.0	
Rousserolle verderolle ou R. effarvatte	0.0	0.0	0.0	0.0	0.0	0.0	0.0	0.0	0.0	0.0	0.0	0.0	0.0	0.0	0.0	0.0	0.0	0.0047619	0.0	0.0	0.0032573	0.0	0.0	0.0	0.0	0.0	0.0	0.0	0.0	0.0	0.0	0.0	0.0	0.0	0.0	0.0	0.0	0.0	0.0	0.0	0.0	0.0	0.0	0.0	0.0	0.0	0.0	0.0	
Rousserolle turdoïde	0.0	0.0	0.0	0.0	0.0	0.0	0.0	0.0	0.0	0.0	0.0	0.0076336	0.0	0.0	0.0247934	0.0060976	0.0015	0.0238095	0.0015	0.0069444	0.0032573	0.0	0.0057143	0.0	0.0072993	0.0	0.0	0.0	0.0098522	0.0069444	0.0	0.003663	0.0055249	0.0	0.0	0.0	0.0	0.0	0.0	0.0070922	0.0	0.0	0.0	0.0	0.0	0.0	0.0	0.0	
Acrocephalus sp.	0.0	0.0	0.0	0.0	0.0	0.0	0.0	0.0	0.0	0.0	0.0	0.0	0.0	0.0	0.0	0.0	0.0	0.0	0.0	0.0	0.0	0.0	0.0	0.0	0.0	0.0	0.0	0.0	0.0	0.0	0.0045662	0.0	0.0	0.0	0.0	0.0	0.0	0.0	0.0	0.0	0.0	0.0	0.0	0.0	0.0	0.0	0.0	0.0	
Locustelle luscinioïde	0.0	0.0	0.0	0.0	0.0	0.0	0.0	0.0	0.0	0.0	0.0	0.0	0.0	0.0	0.0	0.0	0.0	0.0	0.0	0.0	0.0065147	0.0	0.0	0.0	0.0	0.0	0.0	0.0	0.0	0.0	0.0	0.0	0.0	0.0	0.0	0.0	0.0	0.0	0.0	0.0	0.0	0.0	0.0	0.0	0.0	0.0	0.0	0.0	
Locustelle tachetée	0.0	0.0	0.0	0.0	0.0	0.0	0.0	0.0	0.0	0.0	0.0	0.0	0.0	0.0050761	0.0	0.0	0.0	0.0	0.0	0.0	0.0	0.0	0.0	0.0	0.0	0.0	0.0	0.0	0.0	0.0	0.0	0.0	0.0	0.0	0.0	0.0	0.0	0.0	0.0	0.0	0.0	0.0	0.0	0.0	0.0	0.0	0.0	0.0	
Hirondelle de rivage	0.0	0.0	0.0	0.0	0.0	0.0	0.0	0.0	0.0	0.0	0.0535714	0.0305344	0.0147059	0.0253807	0.0165289	0.0304878	0.0187793	0.0047619	0.0050251	0.0115741	0.0032573	0.0015	0.0	0.0105263	0.0	0.0	0.0	0.0	0.0	0.0	0.0136986	0.018315	0.0110497	0.0076923	0.024	0.0434783	0.0108696	0.010989	0.01	0.0	0.0	0.0	0.0	0.0	0.0	0.0	0.0	0.0	
Hirondelle de rochers	0.1372549	0.1333333	0.075	0.0535714	0.0675676	0.027027	0.1492537	0.1260504	0.0987654	0.0689655	0.0892857	0.1068702	0.0808824	0.0964467	0.1033058	0.1036585	0.0892019	0.052381	0.0603015	0.0694444	0.0521173	0.0731707	0.0628571	0.0421053	0.0364964	0.0201342	0.0462963	0.0392157	0.0394089	0.0416667	0.0639269	0.047619	0.0607735	0.0384615	0.024	0.0724638	0.0543478	0.1043956	0.09	0.106383	0.0545455	0.0	0.1363636	0.0632911	0.030303	0.125	0.0	0.0483871	
Hirondelle rustique	0.0	0.0	0.0	0.0	0.027027	0.0540541	0.0447761	0.0756303	0.0493827	0.2068966	0.2321429	0.3206107	0.2132353	0.284264	0.3801653	0.2804878	0.2769953	0.2761905	0.2261307	0.2152778	0.247557	0.2357724	0.1885714	0.3421053	0.2773723	0.295302	0.287037	0.3186275	0.2660099	0.3472222	0.3652968	0.3369963	0.2044199	0.1538462	0.168	0.1594203	0.1086957	0.1098901	0.05	0.070922	0.0181818	0.0384615	0.0227273	0.0126582	0.0606061	0.0	0.0	0.0	
Hirondelle de fenêtre	0.0	0.0	0.0	0.0	0.0405405	0.0540541	0.1044776	0.0252101	0.0493827	0.2241379	0.2321429	0.1832061	0.1470588	0.1878173	0.2520661	0.1920732	0.2065728	0.252381	0.1507538	0.2476852	0.2833876	0.2926829	0.32	0.2947368	0.350365	0.2281879	0.3240741	0.3039216	0.2610837	0.1875	0.1826484	0.1428571	0.1657459	0.1153846	0.08	0.1521739	0.076087	0.032967	0.03	0.0141844	0.0	0.0	0.0	0.0	0.0	0.0	0.0	0.0	
Hirondelle rousseline	0.0	0.0	0.0	0.0	0.0	0.0	0.0	0.0	0.0	0.0	0.0	0.0076336	0.0073529	0.0101523	0.0082645	0.0	0.0	0.0095238	0.0050251	0.0	0.0130293	0.0	0.0	0.0	0.0	0.0	0.0015	0.0	0.0	0.0	0.0045662	0.0	0.0055249	0.0076923	0.0	0.0	0.0	0.0054945	0.0	0.0015	0.0	0.0	0.0	0.0	0.0	0.0	0.0	0.0	
hirondelle sp.	0.0	0.0	0.0	0.0	0.0	0.0	0.0	0.0	0.0	0.0	0.0	0.0	0.0	0.0	0.0	0.0030488	0.0	0.0047619	0.0	0.0	0.0	0.0081301	0.0	0.0	0.0	0.0	0.0	0.0	0.0	0.0	0.0	0.003663	0.0	0.0	0.0	0.0	0.0108696	0.0	0.0015	0.0	0.0	0.0	0.0	0.0	0.0	0.0	0.0	0.0	
Pouillot siffleur	0.0	0.0	0.0	0.0	0.0	0.0	0.0	0.0	0.0	0.0	0.0	0.0	0.0	0.0101523	0.0247934	0.0182927	0.0234742	0.0190476	0.0015	0.0	0.0	0.0	0.0	0.0	0.0	0.0	0.0	0.0	0.0	0.0	0.0045662	0.0	0.0	0.0	0.008	0.0	0.0	0.0	0.0	0.0	0.0	0.0	0.0	0.0	0.0	0.0	0.0	0.0	
Pouillot de Bonelli	0.0	0.0	0.0	0.0	0.0	0.0	0.0	0.0	0.0	0.0	0.0	0.0	0.0	0.0	0.0041322	0.0121951	0.0	0.0	0.0	0.0	0.0	0.0	0.0	0.0	0.0	0.0	0.0	0.0	0.0	0.0	0.0	0.0	0.0	0.0	0.0	0.0	0.0	0.0	0.0	0.0	0.0	0.0	0.0	0.0	0.0	0.0	0.0	0.0	
Pouillot à grands sourcils	0.0	0.0	0.025	0.0	0.0	0.0	0.0	0.0	0.0	0.0	0.0	0.0	0.0	0.0	0.0	0.0	0.0	0.0	0.0	0.0	0.0	0.0	0.0	0.0	0.0	0.0	0.0	0.0	0.0	0.0	0.0	0.0	0.0	0.0	0.0	0.0	0.0015	0.0	0.01	0.0	0.0	0.0	0.0	0.0	0.030303	0.0	0.0	0.0	
Pouillot de Hume	0.0	0.0	0.025	0.0	0.0	0.0	0.0	0.0	0.0	0.0	0.0	0.0	0.0	0.0	0.0	0.0	0.0	0.0	0.0	0.0	0.0	0.0	0.0	0.0	0.0	0.0	0.0	0.0	0.0	0.0	0.0	0.0	0.0	0.0	0.0	0.0	0.0	0.0	0.0	0.0	0.0	0.0	0.0	0.0	0.0	0.0	0.0	0.0	
Pouillot de Pallas	0.0	0.0	0.0	0.0	0.0	0.0	0.0	0.0	0.0	0.0	0.0	0.0	0.0	0.0	0.0	0.0	0.0	0.0	0.0	0.0	0.0	0.0	0.0	0.0	0.0	0.0	0.0	0.0	0.0	0.0	0.0	0.0	0.0	0.0	0.0	0.0	0.0	0.0	0.0	0.0	0.0	0.0	0.0	0.0253165	0.0	0.0	0.0	0.0	
Pouillot fitis	0.0	0.0	0.0	0.0	0.0	0.0	0.0	0.0	0.0	0.0	0.0	0.0229008	0.0367647	0.0507614	0.0661157	0.0487805	0.0140845	0.0190476	0.0050251	0.0	0.0	0.0	0.0	0.0	0.0	0.0	0.0	0.0	0.0	0.0	0.0045662	0.014652	0.0220994	0.0076923	0.008	0.0289855	0.0108696	0.021978	0.01	0.0070922	0.0	0.0	0.0	0.0	0.0	0.0	0.0	0.0	
Pouillot véloce	0.5686275	0.1666667	0.275	0.4107143	0.3378378	0.2972973	0.3880597	0.4201681	0.1358025	0.2413793	0.2142857	0.221374	0.0661765	0.0406091	0.0702479	0.0152439	0.0140845	0.0047619	0.0050251	0.0069444	0.0	0.0406504	0.0057143	0.0	0.0	0.0067114	0.0	0.0	0.0	0.0	0.0182648	0.018315	0.0015	0.0	0.008	0.0217391	0.0015	0.1318681	0.17	0.2553191	0.3636364	0.3076923	0.2727273	0.4177215	0.4545455	0.125	0.4848485	0.5	
pouillot sp.	0.0	0.0	0.0	0.0	0.0	0.0	0.0	0.0	0.0	0.0	0.0	0.0	0.0	0.0	0.0	0.0030488	0.0	0.0	0.0	0.0	0.0	0.0	0.0	0.0	0.0	0.0	0.0	0.0	0.0	0.0	0.0	0.0	0.0	0.0	0.0	0.0	0.0	0.0	0.0	0.0	0.0181818	0.0	0.0	0.0	0.0	0.0	0.0	0.0	
Bouscarle de Cetti	0.254902	0.1333333	0.075	0.1428571	0.1621622	0.0540541	0.1940299	0.2689076	0.1234568	0.2068966	0.1071429	0.1603053	0.1397059	0.1928934	0.1859504	0.1280488	0.1126761	0.1809524	0.1055276	0.099537	0.0781759	0.0569106	0.0514286	0.0157895	0.0364964	0.0067114	0.0648148	0.0490196	0.0394089	0.0625	0.0730594	0.1501832	0.1325967	0.0769231	0.096	0.0942029	0.0978261	0.1153846	0.12	0.212766	0.2545455	0.2307692	0.1590909	0.1012658	0.2424242	0.125	0.2121212	0.1935484	
Fauvette à tête noire	0.1764706	0.0333333	0.05	0.25	0.1621622	0.3513514	0.2985075	0.2689076	0.2345679	0.362069	0.25	0.2366412	0.2279412	0.2538071	0.2355372	0.2042683	0.1877934	0.1761905	0.1859296	0.1875	0.2117264	0.2682927	0.2228571	0.1052632	0.1678832	0.0738255	0.2037037	0.1764706	0.1231527	0.0902778	0.1050228	0.1245421	0.0718232	0.0923077	0.088	0.057971	0.076087	0.1208791	0.2	0.1205674	0.2545455	0.1153846	0.1818182	0.1139241	0.1212121	0.125	0.1212121	0.1451613	
Fauvette des jardins	0.0	0.0	0.0	0.0	0.0	0.0	0.0	0.0	0.0	0.0	0.0	0.0	0.0	0.0	0.0	0.0	0.0046948	0.0047619	0.0050251	0.0023148	0.0	0.0	0.0	0.0	0.0	0.0	0.0	0.004902	0.0015	0.0	0.0015	0.003663	0.0055249	0.0230769	0.008	0.0217391	0.0108696	0.0	0.01	0.0	0.0	0.0	0.0	0.0	0.0	0.0	0.0	0.0	
Fauvette babillarde	0.0	0.0	0.0	0.0	0.0	0.0	0.0	0.0	0.0	0.0	0.0	0.0	0.0	0.0	0.0	0.0	0.0	0.0	0.0	0.0023148	0.0	0.0	0.0057143	0.0	0.0	0.0	0.0	0.0	0.0	0.0069444	0.0	0.003663	0.0055249	0.0	0.008	0.0	0.0	0.0	0.0	0.0015	0.0	0.0	0.0	0.0	0.0	0.0	0.0	0.0	
Fauvette mélanocéphale	0.6078431	0.3333333	0.325	0.5357143	0.6216216	0.3243243	0.5223881	0.5882353	0.4074074	0.5862069	0.5178571	0.4656489	0.4779412	0.3553299	0.5165289	0.4359756	0.4037559	0.4285714	0.3969849	0.3796296	0.3876221	0.398374	0.2971429	0.2894737	0.3576642	0.2483221	0.3796296	0.3039216	0.3497537	0.3958333	0.4109589	0.3882784	0.4530387	0.2538462	0.416	0.4710145	0.4673913	0.5494505	0.47	0.5319149	0.6363636	0.5384615	0.5227273	0.3670886	0.3939394	0.25	0.6363636	0.6451613	
Fauvette de Moltoni	0.0	0.0	0.0	0.0	0.0	0.0	0.0	0.0	0.0	0.0	0.0	0.0	0.0073529	0.0406091	0.0578512	0.0365854	0.0093897	0.0190476	0.0050251	0.025463	0.0130293	0.0406504	0.0171429	0.0210526	0.0145985	0.0	0.037037	0.0343137	0.0098522	0.0208333	0.0365297	0.021978	0.0110497	0.0	0.0	0.0144928	0.0217391	0.0054945	0.0	0.0141844	0.0	0.0	0.0	0.0	0.0	0.0	0.0	0.0	
Fauvette passerinette	0.0	0.0	0.0	0.0	0.0	0.0	0.0	0.0	0.0	0.0	0.0	0.0	0.0	0.0	0.0	0.0	0.0	0.0	0.0	0.0	0.0015	0.0	0.0	0.0	0.0	0.0	0.0	0.0	0.0	0.0	0.0	0.0	0.0	0.0	0.0	0.0	0.0	0.0	0.0	0.0	0.0	0.0	0.0	0.0	0.0	0.0	0.0	0.0	
Fauvette des Balkans	0.0	0.0	0.0	0.0	0.0	0.0	0.0	0.0	0.0	0.0	0.0	0.0	0.0	0.0050761	0.0082645	0.0121951	0.0093897	0.0	0.0	0.0	0.0	0.0081301	0.0	0.0	0.0	0.0	0.0	0.004902	0.0	0.0	0.0	0.003663	0.0	0.0	0.0	0.0	0.0108696	0.0	0.0	0.0	0.0	0.0	0.0	0.0	0.0	0.0	0.0	0.0	
Fauvette passerinette ou F. des Balkans	0.0	0.0	0.0	0.0	0.0	0.0	0.0	0.0	0.0	0.0	0.0	0.0	0.0	0.0	0.0041322	0.0030488	0.0	0.0	0.0	0.0	0.0	0.0	0.0	0.0	0.0	0.0	0.0	0.0	0.0	0.0	0.0	0.0	0.0	0.0	0.0	0.0	0.0	0.0	0.0	0.0	0.0	0.0	0.0	0.0	0.0	0.0	0.0	0.0	
Fauvette de Moltoni, F. passerinette ou F. des Balkans	0.0	0.0	0.0	0.0	0.0	0.0	0.0	0.0	0.0	0.0	0.0	0.0	0.0	0.0	0.0	0.0	0.0	0.0	0.0	0.0	0.0	0.0	0.0	0.0	0.0	0.0	0.0	0.0	0.0	0.0069444	0.0015	0.0	0.0055249	0.0	0.0	0.0	0.0	0.0	0.0	0.0	0.0	0.0	0.0	0.0	0.0	0.0	0.0	0.0	
Fauvette grisette	0.0	0.0	0.0	0.0	0.0	0.0	0.0	0.0	0.0	0.0	0.0	0.0	0.0015	0.0	0.0	0.0243902	0.0046948	0.0238095	0.0	0.0023148	0.0	0.0	0.0	0.0	0.0145985	0.0067114	0.0015	0.0098039	0.0049261	0.0	0.0	0.003663	0.0	0.0153846	0.0	0.0072464	0.0108696	0.0	0.03	0.0070922	0.0	0.0	0.0	0.0	0.0	0.0	0.0	0.0	
Fauvette à lunettes	0.0196078	0.0	0.0	0.0178571	0.0135135	0.027027	0.0	0.0504202	0.0123457	0.0172414	0.0	0.0152672	0.0294118	0.0304569	0.0454545	0.0030488	0.0234742	0.0333333	0.0201005	0.0185185	0.0065147	0.0081301	0.0057143	0.0052632	0.0	0.0	0.0015	0.004902	0.0147783	0.0069444	0.0091324	0.0549451	0.0055249	0.0	0.0	0.0144928	0.0434783	0.0164835	0.01	0.0015	0.0	0.0769231	0.0	0.0126582	0.030303	0.0	0.0	0.0	
Fauvette sarde	0.0015	0.0	0.025	0.0178571	0.027027	0.0540541	0.0447761	0.0504202	0.0617284	0.0172414	0.0357143	0.0152672	0.0441176	0.0456853	0.0950413	0.0365854	0.0469484	0.0047619	0.0100503	0.0416667	0.019544	0.0243902	0.04	0.0368421	0.0364964	0.0134228	0.037037	0.0441176	0.0394089	0.0208333	0.0410959	0.029304	0.0331492	0.0230769	0.064	0.0797101	0.0543478	0.0384615	0.03	0.0141844	0.1090909	0.0384615	0.0454545	0.0379747	0.030303	0.125	0.030303	0.016129	
Fauvette pitchou	0.1176471	0.0	0.025	0.0714286	0.0945946	0.1351351	0.0447761	0.0840336	0.0123457	0.0	0.0357143	0.0229008	0.0588235	0.0507614	0.0619835	0.0365854	0.0140845	0.0428571	0.0201005	0.0486111	0.009772	0.0406504	0.0342857	0.0368421	0.0218978	0.0067114	0.0277778	0.0147059	0.044335	0.0208333	0.0593607	0.040293	0.038674	0.0230769	0.056	0.1086957	0.0326087	0.1263736	0.07	0.035461	0.0727273	0.0769231	0.0454545	0.1012658	0.0	0.0	0.0606061	0.1451613	
Sylvia ou Curruca sp.	0.0	0.0	0.0	0.0357143	0.0	0.0	0.0447761	0.0084034	0.0	0.0	0.0	0.0	0.0	0.0	0.0	0.0	0.0015	0.0	0.0	0.0023148	0.009772	0.0	0.0057143	0.0015	0.0	0.0	0.0092593	0.004902	0.0098522	0.0	0.0	0.014652	0.0	0.0	0.0	0.0	0.0108696	0.0054945	0.0	0.0070922	0.0	0.0	0.0	0.0	0.0	0.0	0.0	0.0	
Passeriformes sp. (fauvette de l'ancien monde sp.)	0.0	0.0	0.0	0.0	0.0	0.0	0.0	0.0	0.0	0.0	0.0	0.0	0.0	0.0	0.0	0.0	0.0	0.0	0.0	0.0	0.0	0.0	0.0	0.0	0.0	0.0	0.0	0.0	0.0	0.0	0.0015	0.0	0.0	0.0	0.0	0.0	0.0	0.0	0.0	0.0	0.0	0.0	0.0	0.0	0.0	0.0	0.0	0.0	
Roitelet huppé	0.0196078	0.0	0.0	0.0015	0.0135135	0.0	0.0298507	0.0252101	0.0	0.0172414	0.0	0.0	0.0	0.0	0.0	0.0	0.0	0.0	0.0	0.0	0.0	0.0	0.0	0.0	0.0	0.0	0.0	0.0	0.0	0.0	0.0	0.0	0.0015	0.0076923	0.008	0.0217391	0.0	0.0054945	0.01	0.035461	0.0	0.0384615	0.0227273	0.0126582	0.0909091	0.0	0.030303	0.016129	
Roitelet à triple bandeau	0.0392157	0.0	0.0	0.0015	0.027027	0.1081081	0.0895522	0.0756303	0.0246914	0.1206897	0.1785714	0.1145038	0.1029412	0.0964467	0.1363636	0.0762195	0.0798122	0.052381	0.0301508	0.0763889	0.0325733	0.1056911	0.04	0.0157895	0.0291971	0.0067114	0.0277778	0.0343137	0.0394089	0.0555556	0.0502283	0.029304	0.0497238	0.0769231	0.032	0.0652174	0.0652174	0.0604396	0.08	0.035461	0.1272727	0.0384615	0.0454545	0.0506329	0.0	0.25	0.0	0.0322581	
Tichodrome échelette	0.0	0.0	0.0	0.0	0.0	0.0	0.0	0.0	0.0	0.0	0.0	0.0	0.0	0.0	0.0	0.0	0.0	0.0	0.0	0.0	0.0	0.0	0.0	0.0	0.0	0.0	0.0	0.0	0.0	0.0	0.0	0.0	0.0	0.0	0.0	0.0	0.0	0.0	0.0	0.0015	0.0	0.0	0.0	0.0	0.0	0.0	0.0	0.0	
Troglodyte mignon	0.0196078	0.0	0.0	0.0015	0.0540541	0.0810811	0.0597015	0.0672269	0.0617284	0.0517241	0.1964286	0.0687023	0.0955882	0.1015228	0.1239669	0.0731707	0.0751174	0.047619	0.0603015	0.0625	0.0358306	0.0731707	0.0514286	0.0210526	0.0145985	0.0268456	0.0277778	0.0147059	0.0147783	0.0208333	0.0273973	0.010989	0.0165746	0.0153846	0.008	0.0507246	0.0652174	0.0549451	0.06	0.0	0.0727273	0.0384615	0.0909091	0.0632911	0.030303	0.0	0.030303	0.016129	
Étourneau sansonnet	0.372549	0.2	0.175	0.2321429	0.2027027	0.2432432	0.1940299	0.1092437	0.0617284	0.0517241	0.0714286	0.0381679	0.0073529	0.0152284	0.0123967	0.0152439	0.0	0.0095238	0.0351759	0.0069444	0.0065147	0.0487805	0.0285714	0.0105263	0.0072993	0.0067114	0.0185185	0.0	0.0	0.0015	0.0136986	0.0015	0.038674	0.0	0.016	0.0362319	0.0978261	0.0769231	0.11	0.2340426	0.2	0.2307692	0.1590909	0.2278481	0.3333333	0.25	0.0909091	0.4193548	
Étourneau unicolore	0.2941176	0.4	0.3	0.2678571	0.2432432	0.3783784	0.1641791	0.3193277	0.1728395	0.2413793	0.25	0.2290076	0.2132353	0.2893401	0.3057851	0.2743902	0.258216	0.3190476	0.2713568	0.2268519	0.267101	0.2357724	0.2228571	0.2157895	0.2846715	0.2214765	0.2314815	0.2156863	0.2118227	0.1527778	0.2511416	0.2783883	0.2541436	0.2153846	0.216	0.1594203	0.1630435	0.2967033	0.18	0.2198582	0.2181818	0.1538462	0.1363636	0.1898734	0.3333333	0.0015	0.2424242	0.3387097	
Étourneau sansonnet ou É. unicolore	0.0	0.0	0.0	0.0535714	0.027027	0.0	0.0447761	0.0084034	0.0123457	0.0689655	0.0178571	0.0	0.0	0.0050761	0.0	0.0060976	0.0140845	0.0190476	0.0015	0.0023148	0.0	0.0162602	0.0	0.0052632	0.0	0.0067114	0.0	0.004902	0.0049261	0.0015	0.0	0.003663	0.0015	0.0	0.008	0.0015	0.0108696	0.0604396	0.02	0.0283688	0.1090909	0.0384615	0.1136364	0.0	0.0	0.0	0.0	0.0	
Grive draine	0.0196078	0.0	0.0	0.0357143	0.0135135	0.2162162	0.0895522	0.0504202	0.0493827	0.0172414	0.0178571	0.0	0.0147059	0.0253807	0.0206612	0.0213415	0.0093897	0.0047619	0.0050251	0.0115741	0.009772	0.0081301	0.0228571	0.0052632	0.0072993	0.0	0.0	0.0	0.0	0.0069444	0.0015	0.003663	0.0110497	0.0	0.016	0.0	0.0326087	0.0274725	0.0	0.0283688	0.0363636	0.0384615	0.0015	0.0759494	0.0909091	0.0	0.0	0.0	
Grive musicienne	0.2156863	0.0666667	0.125	0.1071429	0.1081081	0.1891892	0.1940299	0.2436975	0.1604938	0.0862069	0.0178571	0.0152672	0.0367647	0.0050761	0.0	0.0	0.0	0.0	0.0	0.0	0.0	0.0	0.0	0.0	0.0	0.0	0.0	0.0	0.0	0.0	0.0045662	0.0	0.0	0.0	0.0	0.0	0.0108696	0.1373626	0.09	0.070922	0.2	0.1538462	0.0909091	0.0759494	0.0606061	0.0	0.0606061	0.1935484	
Grive mauvis	0.0	0.0	0.0	0.0	0.0	0.0	0.0	0.0	0.0	0.0	0.0	0.0	0.0	0.0	0.0	0.0	0.0	0.0	0.0	0.0	0.0	0.0	0.0	0.0	0.0	0.0	0.0	0.0	0.0	0.0	0.0	0.0	0.0	0.0	0.0	0.0	0.0	0.0	0.0	0.0	0.0015	0.0	0.0	0.0	0.030303	0.0	0.0	0.0015	
Merle noir	0.3529412	0.0666667	0.15	0.2321429	0.2297297	0.3783784	0.4179104	0.2941176	0.1975309	0.2241379	0.3214286	0.2061069	0.3161765	0.3401015	0.4090909	0.3018293	0.314554	0.347619	0.3316583	0.3263889	0.3941368	0.3658537	0.3828571	0.2421053	0.1459854	0.1275168	0.1296296	0.1960784	0.1330049	0.1805556	0.1415525	0.1135531	0.1381215	0.1230769	0.2	0.1449275	0.1521739	0.2252747	0.2	0.2340426	0.3636364	0.1538462	0.2272727	0.1772152	0.1515152	0.375	0.3636364	0.2903226	
Grive litorne	0.0	0.0	0.0	0.0	0.0	0.0	0.0	0.0	0.0	0.0	0.0	0.0	0.0	0.0	0.0	0.0	0.0	0.0	0.0	0.0	0.0	0.0	0.0	0.0	0.0	0.0	0.0	0.0	0.0	0.0	0.0	0.0	0.0	0.0	0.0	0.0	0.0	0.0	0.0	0.0	0.0181818	0.0	0.0	0.0126582	0.0	0.0	0.0	0.0	
Merle à plastron	0.0	0.0	0.0	0.0178571	0.0	0.0	0.0149254	0.0168067	0.0	0.0	0.0	0.0	0.0	0.0	0.0	0.0	0.0	0.0	0.0050251	0.0	0.0	0.0	0.0	0.0	0.0	0.0	0.0	0.0	0.0	0.0	0.0	0.0	0.0	0.0	0.0	0.0	0.0	0.0054945	0.01	0.0	0.0015	0.0	0.0	0.0	0.030303	0.0	0.0	0.0	
Turdus sp.	0.0	0.0	0.0	0.0	0.0	0.0	0.0149254	0.0	0.0	0.0	0.0	0.0	0.0	0.0	0.0	0.0	0.0	0.0	0.0	0.0	0.0	0.0	0.0	0.0	0.0	0.0	0.0	0.0	0.0	0.0	0.0	0.0	0.0	0.0	0.0	0.0	0.0	0.0	0.0	0.0	0.0	0.0	0.0	0.0	0.0	0.0	0.0	0.0	
Gobemouche gris	0.0	0.0	0.0	0.0	0.0	0.0	0.0	0.0	0.0	0.0	0.0	0.0	0.0	0.0050761	0.0247934	0.0914634	0.1220657	0.1619048	0.1658291	0.1851852	0.1954397	0.2357724	0.2628571	0.2736842	0.2846715	0.261745	0.3611111	0.3333333	0.3251232	0.2708333	0.2146119	0.1648352	0.1933702	0.1153846	0.088	0.0869565	0.0326087	0.010989	0.06	0.0283688	0.0	0.0	0.0	0.0	0.0	0.0	0.0	0.0	
Muscicapa sp.	0.0	0.0	0.0	0.0	0.0	0.0	0.0	0.0	0.0	0.0	0.0	0.0	0.0	0.0	0.0	0.0	0.0	0.0	0.0	0.0	0.0	0.0	0.0	0.0	0.0	0.0	0.0	0.0	0.0	0.0	0.0	0.0	0.0110497	0.0076923	0.0	0.0	0.0	0.0	0.0	0.0	0.0	0.0	0.0	0.0	0.0	0.0	0.0	0.0	
Rougegorge familier	0.5098039	0.2	0.275	0.5	0.4189189	0.3513514	0.5522388	0.487395	0.2716049	0.362069	0.3392857	0.3053435	0.2720588	0.2030457	0.1859504	0.1432927	0.0985915	0.1190476	0.0854271	0.1226852	0.1172638	0.1219512	0.1028571	0.0315789	0.0364964	0.0015	0.0092593	0.0392157	0.0394089	0.0555556	0.0639269	0.0586081	0.0662983	0.0923077	0.12	0.1086957	0.2173913	0.489011	0.51	0.6241135	0.6727273	0.6153846	0.5227273	0.443038	0.5757576	0.5	0.4848485	0.5645161	
Rossignol philomèle	0.0	0.0	0.0	0.0	0.0	0.0	0.0	0.0	0.0	0.0015	0.0	0.0	0.0073529	0.0203046	0.0495868	0.0518293	0.0234742	0.047619	0.0301508	0.0486111	0.0423453	0.0162602	0.0171429	0.0052632	0.0015	0.0067114	0.0015	0.0	0.0	0.0	0.0	0.018315	0.0110497	0.0230769	0.0	0.0	0.0	0.0	0.0	0.0	0.0	0.0	0.0	0.0	0.0	0.0	0.0	0.0	
Gorgebleue à miroir	0.0196078	0.0	0.0	0.0	0.0	0.0	0.0	0.0	0.0	0.0	0.0	0.0	0.0	0.0	0.0	0.0	0.0	0.0	0.0	0.0	0.0	0.0	0.0	0.0	0.0	0.0	0.0	0.0	0.0	0.0	0.0	0.0	0.0	0.0	0.0	0.0	0.0	0.0015	0.0	0.0	0.0	0.0	0.0	0.0126582	0.0606061	0.0	0.0	0.016129	
Gobemouche noir	0.0	0.0	0.0	0.0	0.0	0.0	0.0	0.0	0.0	0.0	0.0	0.0	0.0	0.0050761	0.0330579	0.0609756	0.0	0.0047619	0.0	0.0	0.0	0.0	0.0	0.0	0.0	0.0	0.0	0.0	0.0	0.0	0.0	0.007326	0.0	0.0230769	0.0015	0.0217391	0.0	0.0	0.0	0.0	0.0	0.0	0.0	0.0	0.0	0.0	0.0	0.0	
Gobemouche à collier	0.0	0.0	0.0	0.0	0.0	0.0	0.0	0.0	0.0	0.0	0.0	0.0	0.0	0.0	0.0	0.0030488	0.0	0.0	0.0	0.0	0.0	0.0	0.0	0.0	0.0	0.0	0.0	0.0	0.0	0.0	0.0	0.003663	0.0110497	0.0	0.0	0.0	0.0	0.0	0.0	0.0	0.0	0.0	0.0	0.0	0.0	0.0	0.0	0.0	
Rougequeue à front blanc	0.0	0.0	0.0	0.0	0.0	0.0	0.0	0.0	0.0	0.0344828	0.0	0.0229008	0.0514706	0.0304569	0.0454545	0.0243902	0.0093897	0.0333333	0.0	0.0	0.0	0.0	0.0	0.0	0.0	0.0	0.0	0.0	0.0	0.0	0.0	0.003663	0.0165746	0.0230769	0.016	0.0217391	0.0217391	0.0659341	0.08	0.0283688	0.0	0.0	0.0	0.0	0.0	0.0	0.0	0.0	
Rougequeue noir	0.4705882	0.3	0.225	0.375	0.4189189	0.2972973	0.3731343	0.4201681	0.1481481	0.2413793	0.125	0.1145038	0.0514706	0.0101523	0.0041322	0.0060976	0.0	0.0	0.0	0.0	0.0	0.0081301	0.0	0.0	0.0	0.0	0.0	0.0	0.0	0.0	0.0	0.0	0.0	0.0076923	0.0	0.0	0.0108696	0.0384615	0.12	0.2978723	0.4909091	0.2307692	0.5227273	0.3797468	0.2121212	0.25	0.4848485	0.4354839	
Monticole de roche	0.0	0.0	0.0	0.0	0.0	0.0	0.0	0.0	0.0	0.0	0.0	0.0	0.0	0.0	0.0	0.0060976	0.0046948	0.0	0.0050251	0.0092593	0.0	0.0081301	0.0057143	0.0	0.0	0.0	0.0	0.0	0.0	0.0	0.0	0.003663	0.0	0.0076923	0.0	0.0	0.0	0.0	0.0	0.0	0.0	0.0	0.0	0.0	0.0	0.0	0.0	0.0	
Monticole bleu	0.0196078	0.0	0.0	0.0178571	0.027027	0.027027	0.0597015	0.1008403	0.0	0.1206897	0.0178571	0.0381679	0.0514706	0.0406091	0.0454545	0.054878	0.0610329	0.0428571	0.0502513	0.025463	0.0325733	0.0406504	0.0228571	0.0368421	0.0291971	0.0201342	0.0185185	0.0294118	0.0394089	0.0347222	0.0456621	0.018315	0.0441989	0.0153846	0.104	0.0434783	0.0652174	0.0879121	0.06	0.070922	0.0727273	0.0	0.1363636	0.0886076	0.030303	0.125	0.030303	0.0483871	
Tarier des prés	0.0	0.0	0.0	0.0	0.0	0.0	0.0	0.0	0.0	0.0	0.0	0.0	0.0	0.035533	0.1033058	0.0762195	0.0610329	0.047619	0.0100503	0.0069444	0.0032573	0.0	0.0	0.0	0.0	0.0	0.0	0.0	0.0	0.0	0.0	0.0015	0.0220994	0.0153846	0.008	0.0362319	0.0326087	0.0164835	0.01	0.0283688	0.0	0.0	0.0	0.0	0.0	0.0	0.0	0.0	
Tarier pâtre	0.4117647	0.3333333	0.3	0.4107143	0.3783784	0.3513514	0.2686567	0.4117647	0.2222222	0.2241379	0.125	0.1832061	0.1617647	0.1522843	0.1900826	0.1646341	0.1361502	0.2	0.2211055	0.1319444	0.0912052	0.1138211	0.12	0.0894737	0.1240876	0.1409396	0.0925926	0.1078431	0.0689655	0.0763889	0.086758	0.1684982	0.2044199	0.1538462	0.144	0.1376812	0.2391304	0.3021978	0.26	0.4184397	0.5090909	0.4230769	0.25	0.3670886	0.4242424	0.125	0.4848485	0.3548387	
Tarier de Sibérie	0.0196078	0.0	0.0	0.0	0.0	0.0	0.0	0.0	0.0	0.0	0.0	0.0	0.0	0.0	0.0	0.0	0.0	0.0	0.0	0.0	0.0	0.0	0.0	0.0	0.0	0.0	0.0	0.0	0.0	0.0	0.0	0.0	0.0	0.0	0.0	0.0	0.0	0.0	0.0	0.0	0.0	0.0	0.0	0.0	0.0	0.0	0.0	0.0	
Tarier pâtre ou T. de Sibérie	0.0	0.0	0.0	0.0	0.0	0.0	0.0	0.0	0.0	0.0	0.0	0.0	0.0	0.0	0.0	0.0	0.0	0.0	0.0	0.0	0.0	0.0081301	0.0	0.0	0.0	0.0	0.0	0.0	0.0	0.0	0.0	0.0	0.0	0.0	0.0	0.0	0.0	0.0	0.0	0.0	0.0181818	0.0	0.0	0.0	0.0	0.0	0.0	0.0	
Traquet motteux	0.0	0.0	0.0	0.0	0.0	0.0	0.0	0.0	0.0	0.0	0.0357143	0.0152672	0.0220588	0.035533	0.0785124	0.0823171	0.0704225	0.052381	0.0	0.0138889	0.0	0.0081301	0.0057143	0.0052632	0.0	0.0	0.0015	0.0015	0.0	0.0	0.0015	0.014652	0.0441989	0.0846154	0.032	0.057971	0.0543478	0.0384615	0.02	0.0212766	0.0	0.0	0.0	0.0	0.0	0.0	0.0	0.0	
Traquet oreillard	0.0	0.0	0.0	0.0	0.0	0.0	0.0	0.0	0.0	0.0	0.0	0.0	0.0073529	0.0	0.0123967	0.0	0.0	0.0015	0.0	0.0	0.0	0.0	0.0	0.0	0.0	0.0	0.0	0.0	0.0	0.0	0.0	0.0	0.0	0.0	0.0	0.0	0.0	0.0	0.0	0.0	0.0	0.0	0.0	0.0	0.0	0.0	0.0	0.0	
Traquet noir et blanc	0.0	0.0	0.0	0.0	0.0	0.0	0.0	0.0	0.0	0.0	0.0	0.0	0.0073529	0.0015	0.0	0.0	0.0	0.0	0.0	0.0	0.0	0.0	0.0	0.0	0.0	0.0	0.0	0.0	0.0	0.0	0.0	0.0	0.0	0.0	0.0	0.0	0.0108696	0.0	0.0	0.0	0.0	0.0	0.0	0.0	0.0	0.0	0.0	0.0	
Accenteur alpin	0.0	0.0	0.0	0.0	0.0	0.0	0.0	0.0084034	0.0	0.0	0.0	0.0	0.0	0.0	0.0	0.0	0.0	0.0	0.0	0.0	0.0	0.0	0.0	0.0	0.0	0.0	0.0	0.0	0.0	0.0	0.0	0.0	0.0	0.0	0.0	0.0	0.0	0.0	0.0	0.0	0.0	0.0	0.0	0.0	0.0	0.0	0.0	0.0	
Accenteur mouchet	0.0392157	0.0	0.0	0.0178571	0.0	0.027027	0.0597015	0.0168067	0.0	0.0	0.0	0.0152672	0.0	0.0	0.0	0.0	0.0	0.0	0.0	0.0	0.0	0.0	0.0	0.0	0.0	0.0	0.0	0.0	0.0	0.0	0.0	0.0	0.0	0.0	0.0	0.0	0.0	0.0	0.01	0.0015	0.0545455	0.0769231	0.0	0.0	0.030303	0.0	0.0606061	0.0483871	
Moineau cisalpin	0.0	0.0	0.0	0.0	0.0	0.0	0.0	0.0	0.0	0.0	0.0	0.0	0.0	0.0	0.0	0.0	0.0	0.0	0.0	0.0015	0.0	0.0	0.0	0.0	0.0	0.0	0.0	0.0	0.0	0.0	0.0	0.0	0.0	0.0	0.0	0.0	0.0	0.0	0.0	0.0	0.0	0.0	0.0	0.0	0.0	0.0	0.0	0.0	
Moineau espagnol	0.3529412	0.3666667	0.175	0.2321429	0.2972973	0.2702703	0.1791045	0.3109244	0.1975309	0.2758621	0.1964286	0.2748092	0.2573529	0.2436548	0.3677686	0.2195122	0.2676056	0.3380952	0.2562814	0.2453704	0.2410423	0.2682927	0.3542857	0.3315789	0.3284672	0.2684564	0.2685185	0.254902	0.1970443	0.1944444	0.2009132	0.1978022	0.1657459	0.1384615	0.16	0.173913	0.1195652	0.1923077	0.13	0.2411348	0.2545455	0.3846154	0.2272727	0.2531646	0.3030303	0.0	0.3333333	0.3225806	
Moineau friquet	0.1764706	0.1	0.15	0.1071429	0.0810811	0.0810811	0.1343284	0.1008403	0.0123457	0.0517241	0.0535714	0.0458015	0.0514706	0.0304569	0.0702479	0.0731707	0.0798122	0.0904762	0.080402	0.0740741	0.0716612	0.0813008	0.1085714	0.1105263	0.0948905	0.0805369	0.1481481	0.0735294	0.0344828	0.0277778	0.0410959	0.025641	0.0220994	0.0076923	0.016	0.0217391	0.0217391	0.0879121	0.03	0.0425532	0.0909091	0.0015	0.0227273	0.0759494	0.1515152	0.25	0.0606061	0.1129032	
Moineau soulcie	0.0	0.0	0.0	0.0	0.0	0.027027	0.0149254	0.0168067	0.0123457	0.0	0.0	0.0	0.0220588	0.0	0.0123967	0.0121951	0.0093897	0.0047619	0.0050251	0.0162037	0.0032573	0.0162602	0.0171429	0.0105263	0.0072993	0.0134228	0.0185185	0.0098039	0.0049261	0.0069444	0.0015	0.0	0.0055249	0.0	0.0	0.0289855	0.0217391	0.0	0.02	0.0	0.0545455	0.0	0.0	0.0	0.0	0.0	0.0	0.0322581	
Bergeronnette des ruisseaux	0.0980392	0.0333333	0.025	0.0357143	0.0540541	0.1081081	0.1343284	0.0756303	0.0246914	0.0	0.0178571	0.0152672	0.0441176	0.0050761	0.0413223	0.0365854	0.028169	0.0047619	0.0201005	0.025463	0.009772	0.0487805	0.0114286	0.0157895	0.0145985	0.0	0.0092593	0.004902	0.0197044	0.0	0.0015	0.003663	0.0055249	0.0153846	0.024	0.0	0.076087	0.1318681	0.12	0.1560284	0.1090909	0.1153846	0.0227273	0.1392405	0.030303	0.125	0.0909091	0.0645161	
Bergeronnette printanière	0.0	0.0	0.0	0.0	0.0	0.0	0.0	0.0	0.0	0.0	0.0	0.0381679	0.0294118	0.0456853	0.0495868	0.0579268	0.0375587	0.0238095	0.040201	0.0092593	0.0065147	0.0243902	0.0114286	0.0105263	0.0145985	0.0	0.0092593	0.0098039	0.0147783	0.0555556	0.0456621	0.0732601	0.0718232	0.0230769	0.048	0.0797101	0.0217391	0.032967	0.0	0.0	0.0	0.0	0.0	0.0	0.0	0.0	0.0	0.0	
Bergeronnette grise	0.372549	0.4333333	0.3	0.3214286	0.3378378	0.2972973	0.2686567	0.3277311	0.1111111	0.2586207	0.125	0.0839695	0.0294118	0.0304569	0.0206612	0.0030488	0.0187793	0.0047619	0.0050251	0.0046296	0.0	0.0081301	0.0	0.0	0.0	0.0	0.0092593	0.0	0.0	0.0069444	0.0	0.003663	0.0	0.0	0.008	0.0217391	0.0108696	0.1593407	0.06	0.1560284	0.4363636	0.3461538	0.25	0.3544304	0.3333333	0.0	0.4242424	0.3548387	
bergeronette sp.	0.0	0.0	0.0	0.0	0.0	0.0	0.0298507	0.0	0.0	0.0	0.0	0.0	0.0015	0.0	0.0	0.0	0.0	0.0	0.0050251	0.0	0.0	0.0	0.0	0.0052632	0.0	0.0	0.0	0.0	0.0	0.0	0.0	0.0	0.0	0.0076923	0.0	0.0	0.0	0.0015	0.0	0.0	0.0	0.0	0.0	0.0	0.0	0.0	0.0	0.0	
Pipit rousseline	0.0	0.0	0.0	0.0	0.0	0.0	0.0	0.0	0.0	0.0	0.0	0.0	0.0147059	0.0152284	0.053719	0.0457317	0.0516432	0.0571429	0.0753769	0.0462963	0.029316	0.0650407	0.0628571	0.0315789	0.0583942	0.0201342	0.0092593	0.0196078	0.0197044	0.0015	0.0136986	0.043956	0.0773481	0.0846154	0.032	0.0	0.0217391	0.0	0.0	0.0015	0.0	0.0	0.0	0.0	0.030303	0.0	0.0	0.0	
Pipit farlouse	0.4705882	0.2	0.25	0.2321429	0.2162162	0.2432432	0.1343284	0.2941176	0.1728395	0.1896552	0.0892857	0.1450382	0.0808824	0.0304569	0.0041322	0.0060976	0.0046948	0.0	0.0	0.0	0.0	0.0	0.0	0.0	0.0	0.0	0.0	0.0	0.0	0.0	0.0	0.0	0.0	0.0	0.0	0.0	0.0217391	0.021978	0.05	0.1702128	0.2181818	0.3076923	0.2727273	0.3417722	0.3636364	0.125	0.3030303	0.2903226	
Pipit des arbres	0.0	0.0	0.0	0.0	0.0	0.0	0.0	0.0	0.0	0.0	0.0178571	0.0076336	0.0220588	0.0203046	0.0330579	0.0030488	0.0	0.0	0.0	0.0	0.0	0.0	0.0	0.0	0.0	0.0	0.0	0.0	0.0	0.0	0.0	0.0	0.0165746	0.0	0.0	0.0144928	0.0108696	0.0	0.0	0.0	0.0	0.0	0.0	0.0	0.0	0.0	0.0	0.0	
Pipit à gorge rousse	0.0015	0.0	0.0	0.0	0.0	0.0	0.0	0.0	0.0	0.0	0.0	0.0076336	0.0	0.0050761	0.0	0.0	0.0	0.0015	0.0	0.0023148	0.0	0.0	0.0	0.0	0.0	0.0	0.0	0.0	0.0	0.0	0.0	0.0	0.0	0.0	0.0	0.0	0.0	0.0	0.0	0.0	0.0	0.0	0.0	0.0	0.030303	0.0	0.0	0.0	
Pipit spioncelle	0.1372549	0.0666667	0.075	0.125	0.0945946	0.1351351	0.0298507	0.1260504	0.0123457	0.1034483	0.0178571	0.0305344	0.0220588	0.0253807	0.0082645	0.0030488	0.0046948	0.0	0.0	0.0	0.0	0.0	0.0	0.0	0.0	0.0	0.0	0.004902	0.0	0.0	0.0	0.0	0.0055249	0.0	0.0	0.0072464	0.0108696	0.010989	0.01	0.070922	0.0181818	0.1538462	0.0227273	0.1392405	0.0606061	0.0	0.0909091	0.0322581	
Anthus sp.	0.0	0.0	0.0	0.0	0.0	0.0	0.0149254	0.0	0.0	0.0	0.0	0.0	0.0	0.0	0.0	0.0030488	0.0	0.0047619	0.0	0.0023148	0.0	0.0	0.0057143	0.0052632	0.0	0.0	0.0	0.0	0.0	0.0	0.0	0.0	0.0	0.0	0.008	0.0	0.0	0.0	0.0	0.0	0.0363636	0.0	0.0	0.0	0.0	0.0	0.0	0.0	
Pinson des arbres	0.1568627	0.1333333	0.175	0.1964286	0.2972973	0.3783784	0.4776119	0.3277311	0.1728395	0.2758621	0.3035714	0.2061069	0.2426471	0.2284264	0.2975207	0.2195122	0.1877934	0.2095238	0.1859296	0.224537	0.2410423	0.2276423	0.2457143	0.1	0.0948905	0.0402685	0.0833333	0.0980392	0.1133005	0.1180556	0.0684932	0.0842491	0.0718232	0.0692308	0.12	0.0797101	0.0978261	0.1318681	0.2	0.1631206	0.2909091	0.3076923	0.1590909	0.2658228	0.1515152	0.25	0.3030303	0.2580645	
Pinson du Nord	0.0	0.0	0.0	0.0	0.0135135	0.0	0.0	0.0	0.0	0.0	0.0	0.0	0.0	0.0	0.0	0.0	0.0	0.0	0.0	0.0	0.0	0.0	0.0	0.0	0.0	0.0	0.0	0.0	0.0	0.0	0.0	0.0	0.0	0.0	0.0	0.0	0.0	0.0	0.0	0.0	0.0181818	0.0	0.0	0.0	0.0	0.0	0.0	0.0	
Grosbec casse-noyaux	0.0196078	0.0	0.0	0.0	0.0	0.027027	0.0149254	0.0	0.0246914	0.0	0.0535714	0.0305344	0.0367647	0.0152284	0.0165289	0.0091463	0.0046948	0.0142857	0.0050251	0.0046296	0.009772	0.0081301	0.0285714	0.0105263	0.0145985	0.0	0.0015	0.004902	0.0098522	0.0069444	0.0	0.010989	0.0165746	0.0076923	0.0	0.0	0.0217391	0.0164835	0.01	0.0070922	0.0363636	0.0	0.0	0.0015	0.030303	0.0	0.0	0.0	
Roselin githagine	0.0	0.0	0.0	0.0	0.0	0.0	0.0	0.0	0.0	0.0	0.0	0.0	0.0	0.0	0.0015	0.0	0.0	0.0	0.0	0.0	0.0	0.0	0.0	0.0	0.0	0.0	0.0	0.0	0.0	0.0	0.0	0.0	0.0	0.0	0.0	0.0	0.0	0.0	0.0	0.0	0.0	0.0	0.0	0.0	0.0	0.0	0.0	0.0	
Verdier d'Europe	0.2352941	0.0333333	0.125	0.1785714	0.1756757	0.2432432	0.2835821	0.3445378	0.2469136	0.4655172	0.4464286	0.3664122	0.3014706	0.284264	0.4008264	0.2682927	0.2910798	0.3666667	0.3015075	0.2800926	0.3355049	0.3252033	0.2685714	0.2315789	0.2846715	0.1275168	0.1851852	0.1568627	0.1133005	0.1180556	0.1187215	0.0769231	0.1104972	0.0615385	0.08	0.0362319	0.076087	0.0989011	0.11	0.1560284	0.2	0.0384615	0.1363636	0.1265823	0.030303	0.0	0.030303	0.1935484	
Linotte mélodieuse	0.0784314	0.1	0.15	0.2321429	0.1621622	0.2702703	0.2089552	0.3277311	0.1728395	0.1896552	0.1785714	0.1832061	0.1691176	0.1624365	0.1570248	0.1341463	0.0985915	0.0952381	0.1407035	0.0949074	0.0912052	0.1056911	0.1314286	0.0526316	0.0437956	0.0134228	0.0185185	0.004902	0.0344828	0.0277778	0.0410959	0.047619	0.0441989	0.0461538	0.016	0.0	0.0326087	0.0714286	0.08	0.0780142	0.1636364	0.1538462	0.1136364	0.1265823	0.1515152	0.0	0.2121212	0.0806452	
Chardonneret élégant	0.254902	0.2333333	0.225	0.2857143	0.2972973	0.2702703	0.358209	0.3529412	0.2839506	0.5	0.4285714	0.4656489	0.3602941	0.3654822	0.4669421	0.3841463	0.342723	0.3666667	0.3417085	0.3125	0.3127036	0.3577236	0.2971429	0.2421053	0.2408759	0.1342282	0.1944444	0.1862745	0.1231527	0.1319444	0.0684932	0.1062271	0.0828729	0.0692308	0.08	0.057971	0.173913	0.1153846	0.08	0.1702128	0.2909091	0.4230769	0.1136364	0.2531646	0.1818182	0.125	0.4242424	0.2258065	
Venturon corse	0.0588235	0.0	0.0	0.0535714	0.0	0.0	0.0746269	0.0168067	0.0246914	0.0172414	0.0	0.0076336	0.0588235	0.0558376	0.0826446	0.0426829	0.0328638	0.0095238	0.0301508	0.037037	0.0130293	0.0162602	0.04	0.0105263	0.0072993	0.0067114	0.0015	0.0245098	0.0098522	0.0138889	0.0182648	0.025641	0.0055249	0.0230769	0.04	0.0217391	0.0108696	0.010989	0.0	0.0212766	0.0909091	0.0384615	0.0	0.0	0.0	0.25	0.0	0.0	
Serin cini	0.3137255	0.0333333	0.075	0.1785714	0.2837838	0.2162162	0.2089552	0.2857143	0.2222222	0.4137931	0.3214286	0.2977099	0.2647059	0.2233503	0.2809917	0.179878	0.1502347	0.2	0.1909548	0.1527778	0.1498371	0.1544715	0.1714286	0.1263158	0.080292	0.0738255	0.1388889	0.0686275	0.0640394	0.0416667	0.0319635	0.029304	0.038674	0.0153846	0.024	0.0289855	0.0326087	0.0164835	0.02	0.0425532	0.1636364	0.2307692	0.0227273	0.0632911	0.0909091	0.0	0.1212121	0.3225806	
Tarin des aulnes	0.0980392	0.0333333	0.0	0.0714286	0.027027	0.0	0.0597015	0.0252101	0.0	0.0344828	0.0	0.0305344	0.0220588	0.0	0.0	0.0	0.0	0.0	0.0	0.0	0.0	0.0	0.0	0.0	0.0	0.0	0.0	0.0	0.0	0.0	0.0	0.0	0.0	0.0	0.0	0.0	0.0	0.0	0.0	0.0070922	0.1272727	0.0	0.0681818	0.1265823	0.0	0.0	0.030303	0.1451613	
fringillidé sp.	0.0196078	0.0	0.0	0.0	0.0	0.0	0.0	0.0	0.0	0.0	0.0	0.0	0.0	0.0	0.0	0.0	0.0	0.0	0.0	0.0	0.0	0.0	0.0	0.0	0.0	0.0	0.0	0.0	0.0	0.0	0.0	0.0	0.0	0.0	0.0	0.0	0.0	0.0015	0.0	0.0	0.0	0.0	0.0	0.0	0.0	0.0	0.0	0.0	
Bruant proyer	0.1568627	0.0333333	0.05	0.0714286	0.0810811	0.2702703	0.1044776	0.1428571	0.0987654	0.2068966	0.0892857	0.1832061	0.1838235	0.1979695	0.214876	0.2012195	0.1267606	0.2285714	0.2311558	0.1412037	0.1140065	0.0894309	0.08	0.0210526	0.0218978	0.0201342	0.0	0.0245098	0.0147783	0.0069444	0.0182648	0.040293	0.0276243	0.0384615	0.048	0.0434783	0.0326087	0.0659341	0.01	0.0921986	0.1454545	0.0769231	0.0227273	0.1012658	0.1515152	0.0	0.030303	0.0483871	
Bruant fou	0.0	0.0	0.0	0.0	0.0135135	0.0	0.0	0.0	0.0	0.0	0.0	0.0	0.0	0.0	0.0	0.0	0.0	0.0	0.0	0.0	0.0	0.0	0.0	0.0	0.0	0.0	0.0	0.0	0.0	0.0	0.0	0.0	0.0	0.0	0.0	0.0	0.0	0.0	0.0	0.0	0.0	0.0	0.0	0.0	0.0	0.0	0.0	0.0	
Bruant zizi	0.0588235	0.0333333	0.05	0.0178571	0.0135135	0.1081081	0.238806	0.1008403	0.0493827	0.0517241	0.0535714	0.1221374	0.1470588	0.1725888	0.1694215	0.1310976	0.0892019	0.0761905	0.120603	0.1296296	0.1042345	0.1219512	0.1485714	0.0526316	0.0583942	0.0134228	0.037037	0.0343137	0.0394089	0.0763889	0.0547945	0.0512821	0.0441989	0.0538462	0.12	0.0942029	0.173913	0.1098901	0.11	0.0921986	0.2363636	0.1538462	0.0681818	0.1012658	0.030303	0.0	0.0	0.016129	
Bruant ortolan	0.0	0.0	0.0	0.0	0.0	0.0	0.0	0.0	0.0	0.0	0.0	0.0	0.0	0.0	0.0	0.0060976	0.0	0.0	0.0	0.0	0.0	0.0	0.0	0.0	0.0	0.0	0.0	0.0	0.0	0.0	0.0	0.0	0.0	0.0	0.0	0.0	0.0	0.0	0.0	0.0	0.0	0.0	0.0	0.0	0.0	0.0	0.0	0.0	
Bruant des roseaux	0.0392157	0.0	0.025	0.0	0.027027	0.0	0.0149254	0.0336134	0.0	0.0	0.0	0.0076336	0.0	0.0050761	0.0082645	0.0	0.0	0.0	0.0	0.0	0.0	0.0	0.0	0.0	0.0	0.0	0.0	0.0	0.0	0.0	0.0	0.0	0.0	0.0	0.0	0.0	0.0	0.0	0.0	0.0070922	0.0363636	0.0	0.0454545	0.0379747	0.0606061	0.0	0.0	0.0483871	
Bruant nain	0.0	0.0	0.0	0.0	0.0	0.0	0.0	0.0	0.0	0.0	0.0	0.0	0.0	0.0	0.0	0.0	0.0	0.0	0.0	0.0	0.0	0.0	0.0	0.0	0.0	0.0	0.0	0.0	0.0	0.0	0.0	0.0	0.0	0.0	0.0	0.0	0.0	0.0	0.0	0.0070922	0.0	0.0	0.0	0.0	0.0	0.0	0.0	0.0	
Emberiza sp.	0.0	0.0	0.0	0.0	0.0	0.0	0.0	0.0	0.0123457	0.0	0.0	0.0	0.0	0.0	0.0	0.0	0.0046948	0.0	0.0	0.0	0.0	0.0	0.0	0.0	0.0	0.0	0.0	0.0	0.0	0.0	0.0	0.0	0.0	0.0	0.0	0.0	0.0	0.0	0.0	0.0	0.0	0.0	0.0	0.0	0.0	0.0	0.0	0.0	
passereau sp.	0.0	0.0	0.0	0.0	0.0	0.0	0.0	0.0	0.0	0.0	0.0	0.0	0.0	0.0	0.0	0.0060976	0.0140845	0.0047619	0.0050251	0.0015	0.0	0.0	0.0015	0.0	0.0	0.0015	0.0	0.004902	0.0	0.0	0.0	0.010989	0.0	0.0	0.0	0.0	0.0108696	0.0054945	0.02	0.0015	0.0181818	0.0	0.0	0.0	0.0	0.0	0.030303	0.0	

