









Frequency of observations in the selected location(s).:
Number of taxa: 	339

	Jan				Feb				Mar				Apr				May				Jun				Jul				Aug				Sep				Oct				Nov				Dec				
Sample Size:	231.0	202.0	201.0	293.0	168.0	254.0	217.0	201.0	235.0	250.0	335.0	384.0	308.0	318.0	348.0	423.0	379.0	482.0	291.0	555.0	253.0	308.0	223.0	321.0	223.0	250.0	217.0	274.0	129.0	138.0	126.0	231.0	180.0	173.0	201.0	178.0	171.0	170.0	167.0	160.0	157.0	138.0	114.0	158.0	136.0	118.0	137.0	234.0	

Dendrocygne veuf	0.0	0.0	0.0	0.0	0.0015	0.0	0.0	0.0	0.0	0.0	0.0	0.0	0.0	0.0	0.0	0.0	0.0	0.0	0.0	0.0	0.0	0.0	0.0	0.0	0.0	0.0015	0.0	0.0	0.0	0.0	0.0	0.0	0.0	0.0	0.0	0.0	0.0	0.0	0.0	0.0	0.0	0.0	0.0	0.0	0.0	0.0	0.0	0.0	
Dendrocygne fauve	0.0	0.0	0.0099502	0.0068259	0.0015	0.003937	0.0	0.0	0.0	0.0	0.0	0.0026042	0.0	0.0	0.0	0.0	0.0026385	0.0	0.0	0.0	0.0	0.0	0.0	0.0	0.0044843	0.0015	0.0	0.0	0.0	0.0072464	0.0079365	0.008658	0.0166667	0.0057803	0.0049751	0.011236	0.0116959	0.0	0.0	0.0	0.0063694	0.0	0.0	0.0	0.0	0.0	0.0	0.0	
Oie à tête barrée	0.0	0.0	0.0	0.003413	0.0119048	0.0015	0.0046083	0.0	0.0	0.0	0.0059701	0.0	0.0	0.0	0.0	0.0	0.0	0.0	0.0	0.0	0.0	0.0	0.0044843	0.0062305	0.0015	0.0015	0.0046083	0.0036496	0.0015	0.0144928	0.015873	0.008658	0.0055556	0.0	0.0049751	0.0015	0.005848	0.0015	0.005988	0.0	0.0	0.0	0.0	0.0015	0.0	0.0	0.0	0.0015	
Oie cendrée	0.008658	0.0049505	0.0099502	0.0	0.0119048	0.019685	0.0138249	0.0149254	0.0085106	0.008	0.0149254	0.0078125	0.0	0.0015	0.0028736	0.0023641	0.0	0.0062241	0.0068729	0.0072072	0.0316206	0.0292208	0.0224215	0.0186916	0.0179372	0.012	0.0092166	0.0109489	0.0775194	0.0652174	0.015873	0.0562771	0.0166667	0.0346821	0.0298507	0.0224719	0.0116959	0.0117647	0.005988	0.0375	0.0254777	0.0434783	0.0263158	0.0189873	0.0	0.0084746	0.0072993	0.0	
Oie cygnoïde	0.008658	0.009901	0.0099502	0.0015	0.0119048	0.011811	0.0	0.0099502	0.0042553	0.004	0.0059701	0.0052083	0.0	0.0	0.0	0.0	0.0	0.0020747	0.0	0.0018018	0.0	0.0032468	0.0089686	0.0062305	0.0044843	0.004	0.0	0.0072993	0.0077519	0.0	0.0	0.004329	0.0	0.017341	0.0049751	0.0224719	0.005848	0.0176471	0.011976	0.0	0.0063694	0.0217391	0.0	0.0	0.0073529	0.0015	0.0072993	0.0	
Oie rieuse	0.004329	0.0049505	0.0099502	0.0307167	0.0119048	0.023622	0.0276498	0.0049751	0.0042553	0.0	0.0059701	0.0026042	0.0	0.0	0.0057471	0.0047281	0.0026385	0.0041494	0.0103093	0.0054054	0.0	0.0	0.0	0.0	0.0	0.0	0.0	0.0	0.0	0.0	0.0	0.0	0.0	0.0015	0.0049751	0.0	0.0	0.0058824	0.005988	0.0	0.0063694	0.0	0.0	0.0	0.0	0.0084746	0.0072993	0.008547	
Anser sp. (forme domestique)	0.0	0.0	0.0	0.0	0.0059524	0.0	0.0	0.0	0.0	0.0	0.0	0.0	0.0	0.0	0.0	0.0	0.0	0.0	0.0	0.0018018	0.0	0.0	0.0	0.0	0.0	0.0	0.0	0.0	0.0	0.0	0.0	0.0	0.0	0.0	0.0	0.0	0.0	0.0	0.0	0.0	0.0	0.0	0.0	0.0	0.0	0.0	0.0	0.0	
Anser sp.	0.0	0.0	0.0	0.0	0.0	0.0	0.0	0.0	0.0085106	0.0	0.0	0.0	0.0	0.0	0.0	0.0	0.0	0.0	0.0	0.0	0.0	0.0	0.0	0.0	0.0	0.0	0.0	0.0	0.0	0.0	0.0	0.0	0.0	0.0	0.0	0.0	0.0	0.0	0.0	0.0	0.0	0.0	0.0	0.0	0.0	0.0	0.0	0.0	
Bernache cravant	0.0	0.0	0.0	0.0	0.0	0.0	0.0	0.0	0.0	0.0	0.0	0.0	0.0	0.0	0.0	0.0	0.0	0.0	0.0	0.0	0.0	0.0	0.0	0.0	0.0	0.0	0.0	0.0	0.0	0.0	0.0	0.0	0.0	0.0	0.0	0.0	0.0	0.0	0.0	0.0	0.0	0.0	0.0	0.0126582	0.0	0.0	0.0	0.0042735	
Bernache nonnette	0.004329	0.0148515	0.0149254	0.003413	0.0238095	0.0	0.0	0.0015	0.0	0.004	0.0	0.0026042	0.0	0.0031447	0.0	0.0015	0.005277	0.0015	0.0068729	0.0	0.0039526	0.0227273	0.0134529	0.0124611	0.0015	0.0	0.0046083	0.0072993	0.0465116	0.0289855	0.0015	0.021645	0.0111111	0.0231214	0.0149254	0.0168539	0.005848	0.0058824	0.011976	0.01875	0.0063694	0.0015	0.0087719	0.0063291	0.0147059	0.0015	0.0145985	0.0015	
Bernache de Hutchins	0.0	0.009901	0.0	0.003413	0.0059524	0.0	0.0	0.0	0.012766	0.004	0.0	0.0	0.0	0.0	0.0	0.0	0.0	0.0	0.0	0.0	0.0	0.0	0.0	0.0	0.0	0.0	0.0	0.0	0.0	0.0	0.0	0.0	0.0	0.0	0.0	0.0	0.0	0.0	0.0	0.0	0.0	0.0	0.0	0.0063291	0.0	0.0	0.0072993	0.0	
Hybride Bernache nonnette x B. de Hutchins	0.0	0.0	0.0015	0.003413	0.0059524	0.007874	0.0046083	0.0099502	0.012766	0.008	0.0	0.0026042	0.0032468	0.0031447	0.0057471	0.0023641	0.0	0.0	0.0	0.0018018	0.0	0.0	0.0	0.0	0.0	0.0	0.0	0.0	0.0	0.0	0.0	0.0	0.0	0.0	0.0	0.005618	0.0116959	0.0	0.005988	0.00625	0.0063694	0.0	0.0175439	0.0443038	0.0220588	0.0084746	0.0145985	0.0042735	
Bernache du Canada	0.3506494	0.3267327	0.3532338	0.3720137	0.3809524	0.3346457	0.3410138	0.3731343	0.4425532	0.412	0.4208955	0.4140625	0.4220779	0.4433962	0.3936782	0.4018913	0.353562	0.3921162	0.3676976	0.3207207	0.2806324	0.2792208	0.2466368	0.3021807	0.2914798	0.324	0.2534562	0.2956204	0.379845	0.3043478	0.2857143	0.3636364	0.3	0.4277457	0.278607	0.3595506	0.3157895	0.3588235	0.2874251	0.3	0.3694268	0.3188406	0.3508772	0.3734177	0.3014706	0.3559322	0.3284672	0.3290598	
Hybride Oie à tête barrée x Bernache du Canada	0.0	0.0	0.0	0.0	0.0	0.0	0.0	0.0	0.0	0.0	0.0	0.0	0.0	0.0	0.0	0.0	0.0	0.0	0.0	0.0	0.0	0.0032468	0.0	0.0	0.0	0.0	0.0	0.0	0.0	0.0	0.0	0.0	0.0	0.0	0.0	0.0	0.0	0.0	0.0	0.0	0.0	0.0	0.0	0.0	0.0	0.0	0.0	0.0	
Hybride Oie cygnoïde x Bernache du Canada	0.0	0.0	0.0	0.003413	0.0	0.0	0.0	0.0	0.0	0.0	0.0	0.0	0.0	0.0	0.0	0.0	0.0	0.0	0.0	0.0	0.0	0.0	0.0	0.0	0.0	0.0	0.0	0.0	0.0	0.0	0.0	0.0	0.0	0.0057803	0.0	0.0	0.005848	0.0	0.005988	0.0	0.0	0.0	0.0	0.0063291	0.0	0.0	0.0	0.0	
Hybride Oie cendrée x Bernache du Canada	0.004329	0.0	0.0	0.0	0.0	0.0	0.0	0.0	0.0	0.0	0.0	0.0	0.0	0.0	0.0	0.0047281	0.0	0.0	0.0	0.0036036	0.0079051	0.0194805	0.0044843	0.0031153	0.0015	0.008	0.0	0.0109489	0.0155039	0.0072464	0.015873	0.012987	0.0055556	0.0015	0.0099502	0.005618	0.0015	0.0	0.0	0.0	0.0127389	0.0	0.0	0.0	0.0	0.0	0.0218978	0.0042735	
Hybride Bernache nonnette x B. du Canada	0.0	0.0	0.0049751	0.0	0.0119048	0.0	0.0	0.0	0.0	0.004	0.0029851	0.0	0.0	0.0031447	0.0	0.0	0.0026385	0.0	0.0	0.0	0.0	0.0	0.0044843	0.0	0.0	0.0	0.0046083	0.0	0.0	0.0	0.0	0.004329	0.0	0.0	0.0	0.011236	0.0	0.0	0.0	0.0	0.0063694	0.0	0.0	0.0	0.0	0.0	0.0	0.0	
Cygne tuberculé	0.4891775	0.5148515	0.5223881	0.4334471	0.5119048	0.4055118	0.3870968	0.4378109	0.4553191	0.456	0.4447761	0.4739583	0.4707792	0.4716981	0.408046	0.427896	0.3852243	0.4522822	0.3848797	0.3765766	0.3083004	0.3344156	0.3139013	0.4205607	0.3542601	0.388	0.2672811	0.2883212	0.3643411	0.4057971	0.3650794	0.4761905	0.4611111	0.566474	0.4477612	0.5505618	0.4561404	0.4764706	0.5149701	0.4	0.4649682	0.4130435	0.4736842	0.5189873	0.5294118	0.5254237	0.540146	0.4230769	
Cygne noir	0.0	0.0	0.0	0.0	0.0	0.0	0.0	0.0	0.0	0.004	0.0	0.0	0.0	0.0	0.0	0.0	0.0	0.0020747	0.0	0.0	0.0039526	0.0097403	0.0179372	0.0062305	0.0089686	0.004	0.0	0.0072993	0.0	0.0144928	0.0079365	0.004329	0.0055556	0.0057803	0.0049751	0.005618	0.0	0.0058824	0.0	0.0	0.0063694	0.0	0.0	0.0	0.0	0.0	0.0	0.0	
Cygne chanteur	0.0	0.0	0.0	0.0	0.0	0.0	0.0	0.0	0.0	0.0	0.0	0.0	0.0	0.0	0.0	0.0	0.0	0.0	0.0034364	0.0036036	0.0	0.0064935	0.0044843	0.0124611	0.0	0.0	0.0	0.0036496	0.0	0.0	0.0	0.0	0.0	0.0	0.0099502	0.005618	0.0	0.0	0.0	0.0	0.0	0.0	0.0	0.0	0.0	0.0	0.0	0.0	
Ouette d'Égypte	0.038961	0.0445545	0.0298507	0.0648464	0.0654762	0.0275591	0.0322581	0.0497512	0.0297872	0.044	0.0507463	0.0234375	0.0194805	0.0503145	0.045977	0.0283688	0.0316623	0.0560166	0.0515464	0.0432432	0.0434783	0.0454545	0.0358744	0.0342679	0.0403587	0.06	0.0322581	0.0291971	0.0077519	0.0652174	0.0396825	0.034632	0.0666667	0.0578035	0.039801	0.1123596	0.0760234	0.0470588	0.0538922	0.05	0.0636943	0.0507246	0.0701754	0.0632911	0.0588235	0.0677966	0.0218978	0.0512821	
Tadorne casarca	0.0	0.0	0.0015	0.0	0.0	0.0	0.0	0.0	0.0	0.0	0.0	0.0	0.0064935	0.0	0.0	0.0	0.0	0.0	0.0	0.0	0.0	0.0	0.0	0.0062305	0.0089686	0.012	0.0046083	0.0036496	0.0077519	0.0015	0.0	0.004329	0.0	0.0015	0.0049751	0.0	0.0	0.0	0.0	0.0	0.0127389	0.0	0.0	0.0	0.0	0.0	0.0	0.0	
Tadorne de Belon	0.012987	0.019802	0.0099502	0.0341297	0.0297619	0.011811	0.0092166	0.0447761	0.0170213	0.012	0.0268657	0.0442708	0.0357143	0.0314465	0.0689655	0.0401891	0.0659631	0.060166	0.0137457	0.0288288	0.0237154	0.0162338	0.0269058	0.0124611	0.0179372	0.012	0.0184332	0.0109489	0.0015	0.0	0.0015	0.004329	0.0	0.0	0.0	0.0	0.0	0.0	0.0	0.00625	0.0	0.0072464	0.0087719	0.0	0.0294118	0.0	0.0	0.0	
Canard musqué	0.004329	0.0	0.0	0.0	0.0	0.0	0.0	0.0	0.0	0.0	0.0029851	0.0026042	0.0015	0.0	0.0	0.0	0.0	0.0	0.0	0.0	0.0	0.0	0.0	0.0031153	0.0	0.0	0.0	0.0	0.0	0.0	0.0	0.0	0.0055556	0.0	0.0	0.0	0.0	0.0015	0.0	0.0	0.0	0.0072464	0.0	0.0	0.0	0.0	0.0	0.0042735	
Canard à collier noir	0.0	0.0	0.0	0.0	0.0	0.0	0.0	0.0	0.0	0.0	0.0	0.0	0.0	0.0	0.0	0.0	0.0	0.0	0.0	0.0	0.0	0.0	0.0015	0.0	0.0	0.0	0.0	0.0	0.0015	0.0	0.015873	0.0	0.0	0.017341	0.0	0.0	0.0	0.0	0.0	0.0	0.0063694	0.0	0.0	0.0	0.0	0.0	0.0	0.0	
Canard carolin	0.008658	0.0015	0.0049751	0.003413	0.0	0.0	0.0	0.0049751	0.0042553	0.004	0.0015	0.0026042	0.0015	0.0015	0.0114943	0.0070922	0.0	0.0062241	0.0	0.0036036	0.0039526	0.0064935	0.0	0.0015	0.0	0.0	0.0	0.0	0.0	0.0072464	0.0	0.004329	0.0	0.0	0.0	0.0	0.0	0.0117647	0.0	0.0125	0.0	0.0072464	0.0	0.0	0.0	0.0	0.0	0.0042735	
Canard mandarin	0.0	0.0049505	0.0049751	0.0102389	0.0	0.003937	0.0138249	0.0099502	0.0255319	0.004	0.0029851	0.0234375	0.0097403	0.0062893	0.0172414	0.0165485	0.005277	0.0062241	0.0034364	0.009009	0.0039526	0.012987	0.0089686	0.0124611	0.0044843	0.016	0.0046083	0.0	0.0	0.0015	0.0015	0.0	0.0	0.0057803	0.0015	0.0015	0.005848	0.0117647	0.0239521	0.01875	0.0063694	0.0072464	0.0175439	0.0063291	0.0073529	0.0254237	0.0145985	0.0015	
Canard à crinière	0.0	0.0	0.0	0.0	0.0	0.0	0.0	0.0	0.0	0.0	0.0	0.0	0.0	0.0	0.0	0.0	0.0	0.0	0.0	0.0	0.0039526	0.0	0.0	0.0	0.0	0.0	0.0	0.0	0.0	0.0	0.0	0.0	0.0	0.0	0.0	0.0	0.0	0.0	0.0	0.0	0.0	0.0	0.0087719	0.0015	0.0073529	0.0084746	0.0	0.0	
Sarcelle d'été	0.0	0.0	0.0	0.0	0.0	0.0	0.0	0.0049751	0.0085106	0.008	0.041791	0.0677083	0.0876623	0.0691824	0.0344828	0.0330969	0.0237467	0.0103734	0.0103093	0.0018018	0.0079051	0.0032468	0.0179372	0.0093458	0.0089686	0.004	0.0138249	0.0145985	0.0310078	0.0652174	0.0793651	0.0735931	0.0388889	0.0231214	0.0298507	0.011236	0.0	0.0	0.0	0.0125	0.0	0.0	0.0	0.0	0.0	0.0	0.0	0.0	
Sarcelle bariolée	0.0	0.0	0.0	0.0	0.0	0.0	0.0	0.0	0.0	0.0	0.0	0.0	0.0	0.0	0.0	0.0	0.0	0.0	0.0	0.0	0.0	0.0064935	0.0044843	0.0093458	0.0089686	0.004	0.0230415	0.0072993	0.0155039	0.0072464	0.015873	0.012987	0.0055556	0.0057803	0.0049751	0.011236	0.005848	0.0	0.0	0.0	0.0	0.0	0.0	0.0	0.0	0.0	0.0	0.0	
Canard souchet	0.2424242	0.2673267	0.2487562	0.2320819	0.2380952	0.1811024	0.1428571	0.2039801	0.2085106	0.26	0.2179104	0.2005208	0.2045455	0.172956	0.137931	0.1016548	0.0791557	0.0643154	0.0515464	0.0342342	0.027668	0.038961	0.0224215	0.0311526	0.0493274	0.032	0.0414747	0.0364964	0.1007752	0.0652174	0.0873016	0.1558442	0.1777778	0.1676301	0.1641791	0.2752809	0.2163743	0.1411765	0.1916168	0.16875	0.2420382	0.2101449	0.254386	0.2721519	0.2794118	0.279661	0.3138686	0.2735043	
Canard chipeau	0.2640693	0.3712871	0.3134328	0.3174061	0.25	0.2440945	0.1981567	0.1840796	0.2042553	0.236	0.1731343	0.1744792	0.1558442	0.1540881	0.1063218	0.0827423	0.0844327	0.0767635	0.0618557	0.0756757	0.0513834	0.0519481	0.0717489	0.1121495	0.0762332	0.04	0.0552995	0.0474453	0.1550388	0.1304348	0.1428571	0.1948052	0.1833333	0.1734104	0.159204	0.2359551	0.1812865	0.1588235	0.2155689	0.15	0.2547771	0.2028986	0.1842105	0.3481013	0.2941176	0.2372881	0.3868613	0.2820513	
Canard siffleur	0.1298701	0.1732673	0.1741294	0.1672355	0.1666667	0.1141732	0.0875576	0.119403	0.1148936	0.14	0.0895522	0.0625	0.0584416	0.0345912	0.0172414	0.0165485	0.0079156	0.0145228	0.0	0.0018018	0.0	0.0	0.0	0.0062305	0.0	0.0015	0.0046083	0.0	0.0	0.0	0.0	0.030303	0.0333333	0.0404624	0.0597015	0.0617978	0.0350877	0.0470588	0.0838323	0.04375	0.1273885	0.057971	0.0789474	0.1708861	0.1617647	0.1271186	0.1751825	0.1196581	
Canard colvert	0.5497835	0.5841584	0.5572139	0.5085324	0.5714286	0.4448819	0.437788	0.5074627	0.5446809	0.532	0.5641791	0.5859375	0.5811688	0.572327	0.5718391	0.5650118	0.4934037	0.4896266	0.4982818	0.445045	0.4110672	0.3636364	0.4035874	0.4517134	0.4394619	0.424	0.4285714	0.3832117	0.496124	0.4855072	0.4444444	0.4761905	0.5611111	0.5606936	0.5074627	0.5898876	0.4795322	0.5176471	0.508982	0.4	0.522293	0.4710145	0.5614035	0.5822785	0.5220588	0.5423729	0.5693431	0.4316239	
Canard des Bahamas	0.008658	0.0	0.0099502	0.0	0.0059524	0.003937	0.0092166	0.0099502	0.012766	0.008	0.0149254	0.0130208	0.0227273	0.0062893	0.0114943	0.0070922	0.0079156	0.0062241	0.0034364	0.0108108	0.0197628	0.0227273	0.0134529	0.0124611	0.0089686	0.008	0.0092166	0.0109489	0.0155039	0.0072464	0.0079365	0.017316	0.0055556	0.0057803	0.0049751	0.0280899	0.005848	0.0	0.0	0.01875	0.0318471	0.0072464	0.0087719	0.0063291	0.0147059	0.0169492	0.0291971	0.008547	
Canard pilet	0.017316	0.0148515	0.0248756	0.0238908	0.077381	0.0393701	0.0414747	0.0646766	0.0723404	0.092	0.0835821	0.0807292	0.038961	0.0377358	0.0172414	0.0070922	0.0026385	0.0	0.0	0.0	0.0039526	0.0	0.0	0.0031153	0.0	0.0	0.0	0.0	0.0	0.0	0.0	0.012987	0.0166667	0.0231214	0.0248756	0.0280899	0.0409357	0.0058824	0.0598802	0.0125	0.044586	0.0217391	0.0263158	0.0126582	0.0015	0.0169492	0.0072993	0.008547	
Hybride Canard colvert x C. pilet	0.0	0.0	0.0	0.0	0.0	0.0	0.0	0.0	0.0	0.0	0.0	0.0	0.0	0.0	0.0	0.0023641	0.0	0.0	0.0	0.0	0.0	0.0	0.0	0.0	0.0	0.0	0.0	0.0	0.0	0.0	0.0	0.0	0.0	0.0	0.0049751	0.0	0.0	0.0	0.0	0.0	0.0	0.0	0.0	0.0	0.0	0.0	0.0	0.0	
Sarcelle d'hiver	0.1861472	0.2326733	0.2238806	0.2013652	0.1369048	0.1889764	0.1152074	0.1890547	0.1531915	0.212	0.1671642	0.1666667	0.1688312	0.1100629	0.0689655	0.0661939	0.0395778	0.0352697	0.024055	0.018018	0.0197628	0.0032468	0.0134529	0.0560748	0.0762332	0.028	0.0552995	0.0510949	0.1395349	0.1449275	0.1666667	0.1948052	0.1888889	0.2774566	0.1492537	0.2752809	0.245614	0.1352941	0.2275449	0.18125	0.2229299	0.1956522	0.2280702	0.2341772	0.2058824	0.1779661	0.2262774	0.2008547	
Sarcelle tachetée	0.0015	0.0	0.0	0.0	0.0	0.0	0.0	0.0	0.0	0.0	0.0	0.0	0.0	0.0	0.0	0.0	0.0	0.0	0.0	0.0036036	0.0	0.0	0.0	0.0	0.0	0.0	0.0	0.0	0.0077519	0.0072464	0.0079365	0.0015	0.0	0.0	0.0015	0.0	0.0	0.0	0.0	0.0	0.0063694	0.0	0.0	0.0	0.0	0.0	0.0	0.0	
Nette rousse	0.1385281	0.1534653	0.1691542	0.1365188	0.1428571	0.1062992	0.0967742	0.1393035	0.1361702	0.168	0.1641791	0.1328125	0.1428571	0.1289308	0.1350575	0.1631206	0.2110818	0.2323651	0.1546392	0.181982	0.1264822	0.0909091	0.0807175	0.1495327	0.103139	0.128	0.0875576	0.080292	0.1162791	0.1666667	0.1190476	0.1125541	0.1166667	0.1387283	0.119403	0.0842697	0.0760234	0.1058824	0.1017964	0.1	0.1273885	0.057971	0.122807	0.164557	0.1470588	0.1271186	0.1970803	0.1282051	
Hybride Canard colvert x Nette rousse	0.0	0.0	0.0	0.0	0.0	0.0	0.0	0.0	0.0	0.0	0.0	0.0	0.0	0.0	0.0	0.0	0.0	0.0	0.0	0.0	0.0	0.0	0.0	0.0	0.0	0.0	0.0	0.0	0.0	0.0	0.0	0.0015	0.0	0.0	0.0015	0.0	0.0	0.0	0.0	0.0	0.0063694	0.0	0.0	0.0	0.0	0.0	0.0	0.0	
Fuligule milouin	0.3679654	0.3811881	0.3233831	0.3447099	0.2678571	0.2559055	0.1935484	0.2238806	0.2382979	0.244	0.1880597	0.1614583	0.1038961	0.0943396	0.0804598	0.1016548	0.1029024	0.1182573	0.0893471	0.0972973	0.1225296	0.0714286	0.0896861	0.152648	0.1479821	0.18	0.1336406	0.1350365	0.2635659	0.2391304	0.2460317	0.2857143	0.2277778	0.2890173	0.2288557	0.2865169	0.2280702	0.1823529	0.2934132	0.25	0.3566879	0.3043478	0.2982456	0.4556962	0.4264706	0.4237288	0.4379562	0.3333333	
Fuligule à bec cerclé	0.004329	0.0	0.0	0.0	0.0	0.0	0.0	0.0	0.0	0.0	0.0	0.0026042	0.0	0.0	0.0	0.0	0.0	0.0	0.0	0.0	0.0	0.0	0.0	0.0	0.0	0.0	0.0	0.0	0.0	0.0	0.0	0.0	0.0	0.0	0.0	0.0	0.0	0.0	0.0	0.0	0.0	0.0217391	0.0015	0.0	0.0015	0.0015	0.0145985	0.0	
Fuligule nyroca	0.017316	0.0247525	0.0248756	0.0136519	0.0119048	0.019685	0.0046083	0.0	0.0	0.004	0.0	0.0	0.0	0.0	0.0	0.0	0.0	0.0	0.0	0.0018018	0.0	0.0	0.0044843	0.0	0.0	0.0	0.0092166	0.0036496	0.0155039	0.0434783	0.0079365	0.008658	0.0055556	0.017341	0.0049751	0.005618	0.0350877	0.0117647	0.011976	0.025	0.0254777	0.0362319	0.0087719	0.0063291	0.0073529	0.0084746	0.0218978	0.0213675	
Hybride Fuligule milouin x F. nyroca	0.004329	0.0	0.0015	0.0	0.0	0.0	0.0	0.0	0.0	0.0	0.0	0.0	0.0	0.0	0.0	0.0	0.0	0.0	0.0	0.0	0.0	0.0	0.0	0.0	0.0	0.0	0.0	0.0	0.0	0.0	0.0	0.004329	0.0	0.0	0.0	0.0	0.0175439	0.0	0.0	0.0	0.0	0.0	0.0	0.0	0.0	0.0084746	0.0	0.0	
Fuligule morillon	0.3896104	0.4306931	0.3781095	0.3651877	0.3630952	0.3346457	0.3133641	0.3134328	0.3148936	0.392	0.3223881	0.2890625	0.2402597	0.2138365	0.1609195	0.144208	0.1846966	0.1970954	0.1580756	0.1405405	0.0988142	0.0779221	0.1165919	0.1838006	0.1793722	0.2	0.1520737	0.1277372	0.255814	0.2391304	0.2222222	0.2857143	0.2444444	0.2254335	0.238806	0.241573	0.2046784	0.1529412	0.2634731	0.25625	0.3821656	0.3043478	0.3245614	0.4810127	0.4779412	0.4491525	0.4671533	0.3675214	
Hybride Fuligule milouin x F. morillon	0.004329	0.0015	0.0	0.003413	0.0	0.0015	0.0046083	0.0	0.0042553	0.008	0.0059701	0.0026042	0.0	0.0	0.0	0.0	0.0	0.0	0.0	0.0	0.0	0.0	0.0	0.0	0.0	0.0	0.0	0.0	0.0	0.0	0.0	0.0	0.0	0.0	0.0	0.0	0.005848	0.0	0.005988	0.0	0.0	0.0072464	0.0	0.0063291	0.0	0.0	0.0072993	0.0	
Hybride Fuligule nyroca x F. morillon	0.0	0.0	0.0	0.003413	0.0059524	0.0	0.0	0.0	0.0	0.0	0.0	0.0	0.0	0.0	0.0	0.0	0.0	0.0	0.0	0.0	0.0	0.0	0.0	0.0	0.0	0.0	0.0	0.0	0.0	0.0	0.0	0.004329	0.0	0.0	0.0	0.0	0.0	0.0	0.0	0.0	0.0	0.0072464	0.0	0.0	0.0	0.0	0.0	0.0	
Fuligule milouinan	0.017316	0.009901	0.0049751	0.0136519	0.0535714	0.019685	0.0046083	0.0248756	0.0255319	0.008	0.0029851	0.0052083	0.0	0.0	0.0	0.0	0.0	0.0	0.0	0.0	0.0	0.0	0.0	0.0	0.0	0.0	0.0	0.0	0.0	0.0	0.0	0.0	0.0	0.0	0.0	0.0	0.0	0.0	0.0	0.0	0.0	0.0	0.0	0.0063291	0.0073529	0.0084746	0.0291971	0.0128205	
Hybride Fuligule morillon x F. milouinan	0.0	0.0	0.0	0.0	0.0	0.003937	0.0	0.0	0.0	0.0	0.0	0.0	0.0	0.0	0.0	0.0	0.0	0.0	0.0	0.0	0.0	0.0	0.0	0.0	0.0	0.0	0.0	0.0	0.0	0.0	0.0	0.0	0.0	0.0	0.0	0.0	0.0	0.0	0.0	0.0	0.0	0.0	0.0	0.0	0.0	0.0	0.0	0.0	
Fuligule à tête noire	0.0	0.0	0.0	0.0	0.0	0.0	0.0	0.0	0.0	0.0	0.0	0.0	0.0	0.0	0.0	0.0	0.0	0.0	0.0	0.0	0.0	0.0	0.0	0.0	0.0	0.0	0.0	0.0	0.0	0.0	0.0	0.0	0.0	0.0	0.0	0.0	0.0	0.0	0.0	0.0	0.0	0.0	0.0	0.0015	0.0	0.0	0.0	0.0	
Eider à duvet	0.004329	0.0	0.0049751	0.0	0.0	0.0	0.0	0.0	0.0	0.0	0.0	0.0	0.0	0.0	0.0	0.0	0.0	0.0	0.0	0.0	0.0	0.0	0.0	0.0	0.0	0.0	0.0	0.0	0.0	0.0	0.0	0.0	0.0	0.0	0.0	0.0	0.0	0.0	0.0	0.0	0.0	0.0	0.0	0.0	0.0	0.0	0.0	0.0	
Macreuse brune	0.025974	0.0247525	0.0049751	0.0238908	0.0059524	0.011811	0.0276498	0.0099502	0.0255319	0.004	0.0119403	0.0130208	0.0032468	0.0	0.0114943	0.0023641	0.0	0.0	0.0	0.0	0.0	0.0	0.0	0.0	0.0044843	0.0	0.0	0.0	0.0	0.0	0.0	0.0	0.0	0.0	0.0	0.0	0.0	0.0	0.0	0.0	0.0	0.0	0.0	0.0126582	0.0073529	0.0084746	0.0145985	0.0213675	
Macreuse noire	0.004329	0.0015	0.0	0.003413	0.0119048	0.003937	0.0	0.0	0.0	0.004	0.0	0.0052083	0.0097403	0.0	0.0	0.0	0.0	0.0	0.0	0.0	0.0	0.0	0.0	0.0	0.0	0.0	0.0	0.0	0.0	0.0	0.0	0.0	0.0	0.0	0.0	0.0	0.0	0.0	0.0	0.0	0.0	0.0	0.0	0.0	0.0147059	0.0169492	0.0291971	0.0	
Harelde boréale	0.004329	0.0	0.0015	0.003413	0.0	0.023622	0.0230415	0.0447761	0.0382979	0.024	0.0059701	0.0104167	0.012987	0.009434	0.0028736	0.0	0.0	0.0020747	0.0	0.0	0.0	0.0	0.0	0.0	0.0	0.0	0.0	0.0	0.0	0.0	0.0	0.0	0.0	0.0	0.0	0.0	0.0	0.0	0.0	0.0	0.0	0.0	0.0	0.0	0.0	0.0	0.0	0.0	
Garrot à oeil d'or	0.0519481	0.0940594	0.1094527	0.1228669	0.1369048	0.1062992	0.0737327	0.1094527	0.106383	0.1	0.0776119	0.0625	0.0584416	0.0283019	0.0517241	0.0472813	0.0791557	0.0726141	0.0446735	0.0684685	0.0434783	0.0487013	0.0403587	0.0436137	0.0538117	0.048	0.0138249	0.0072993	0.0	0.0072464	0.0079365	0.017316	0.0277778	0.0	0.0049751	0.0	0.0	0.0	0.0179641	0.01875	0.0254777	0.0144928	0.0263158	0.0886076	0.0588235	0.0762712	0.080292	0.0897436	
Harle piette	0.038961	0.1089109	0.0547264	0.116041	0.0535714	0.019685	0.0414747	0.0497512	0.0382979	0.028	0.0029851	0.0052083	0.0	0.0031447	0.0057471	0.0023641	0.0	0.0	0.0	0.0	0.0	0.0	0.0	0.0	0.0	0.0	0.0	0.0	0.0	0.0	0.0	0.0	0.0	0.0	0.0	0.0	0.0	0.0	0.0	0.0	0.0	0.0	0.0175439	0.056962	0.0661765	0.0677966	0.0729927	0.0897436	
Harle bièvre	0.008658	0.009901	0.0149254	0.0102389	0.0059524	0.011811	0.0	0.0099502	0.0	0.0	0.0029851	0.0	0.0	0.0	0.0	0.0	0.0	0.0	0.0	0.0	0.0	0.0	0.0	0.0	0.0	0.0	0.0	0.0	0.0	0.0	0.0	0.0	0.0	0.0	0.0	0.0	0.0	0.0	0.0	0.0	0.0063694	0.0	0.0	0.0253165	0.0	0.0	0.0218978	0.008547	
Harle huppé	0.0	0.0	0.0	0.0	0.0	0.003937	0.0	0.0	0.0	0.0	0.0	0.0	0.0032468	0.0	0.0	0.0	0.0	0.0	0.0	0.0	0.0	0.0	0.0	0.0	0.0	0.0	0.0	0.0	0.0	0.0	0.0	0.0	0.0	0.0	0.0	0.0	0.0	0.0	0.0	0.0	0.0127389	0.0	0.0	0.0063291	0.0	0.0	0.0	0.0042735	
Érismature rousse	0.0	0.0	0.0	0.0	0.0	0.0	0.0	0.0	0.0	0.0	0.0	0.0	0.0	0.0062893	0.0	0.0015	0.0	0.0	0.0	0.0	0.0	0.0	0.0	0.0	0.0	0.0	0.0	0.0	0.0	0.0	0.0	0.0	0.0	0.0	0.0	0.0	0.0	0.0	0.0	0.0	0.0	0.0	0.0	0.0	0.0	0.0	0.0	0.0	
anatidé sp. (canard sp.)	0.0	0.0	0.0	0.0	0.0	0.0	0.0	0.0	0.0	0.0	0.0029851	0.0026042	0.0	0.0	0.0	0.0	0.0	0.0	0.0	0.0	0.0	0.0	0.0	0.0	0.0	0.0	0.0	0.0	0.0077519	0.0	0.0	0.0	0.0	0.0	0.0	0.0	0.0	0.0	0.0	0.0	0.0	0.0	0.0	0.0015	0.0	0.0	0.0	0.0	
Colin de Californie	0.0	0.0	0.0	0.0	0.0	0.0	0.0	0.0	0.0	0.0	0.0	0.0	0.0	0.0	0.0	0.0	0.0	0.0	0.0	0.0	0.0	0.0	0.0	0.0	0.0	0.0015	0.0	0.0	0.0	0.0	0.0	0.0	0.0	0.0	0.0	0.0	0.0	0.0	0.0	0.0	0.0	0.0	0.0	0.0	0.0	0.0	0.0	0.0	
Perdrix grise	0.008658	0.019802	0.0	0.0	0.0178571	0.023622	0.0184332	0.0049751	0.0042553	0.004	0.0029851	0.0026042	0.012987	0.0125786	0.0172414	0.0070922	0.0290237	0.0186722	0.0068729	0.0144144	0.0158103	0.0064935	0.0089686	0.0015	0.0	0.012	0.0046083	0.0145985	0.0	0.0	0.0079365	0.0015	0.0	0.0057803	0.0015	0.0	0.0	0.0176471	0.0239521	0.0	0.0127389	0.0	0.0087719	0.0063291	0.0147059	0.0084746	0.0	0.0	
Faisan vénéré	0.0	0.0	0.0	0.0	0.0	0.0	0.0	0.0	0.0	0.0	0.0	0.0	0.0	0.0	0.0	0.0	0.0026385	0.0	0.0	0.0	0.0039526	0.0	0.0044843	0.0	0.0	0.0	0.0	0.0	0.0	0.0	0.0	0.0	0.0	0.0	0.0	0.0	0.0	0.0	0.005988	0.0	0.0	0.0	0.0	0.0	0.0	0.0	0.0	0.0	
Faisan de Colchide	0.0779221	0.0445545	0.0248756	0.0750853	0.0714286	0.0551181	0.0645161	0.0646766	0.0978723	0.148	0.1492537	0.1979167	0.211039	0.1792453	0.2097701	0.1985816	0.2163588	0.1950207	0.2130584	0.2	0.1304348	0.1428571	0.1479821	0.1433022	0.1210762	0.112	0.0875576	0.0437956	0.0310078	0.0507246	0.0555556	0.0692641	0.0333333	0.0693642	0.0447761	0.0730337	0.0701754	0.0647059	0.1437126	0.10625	0.1019108	0.0724638	0.0877193	0.0759494	0.1397059	0.059322	0.0656934	0.0555556	
Faisan versicolore	0.0	0.0	0.0	0.0	0.0	0.0	0.0	0.0	0.0	0.0	0.0	0.0	0.0	0.0	0.0	0.0023641	0.0	0.0	0.0	0.0	0.0	0.0	0.0	0.0	0.0015	0.0	0.0	0.0	0.0	0.0	0.0	0.0	0.0	0.0	0.0	0.0	0.0	0.0	0.0	0.0	0.0015	0.0	0.0	0.0	0.0	0.0	0.0	0.0	
Paon bleu	0.0	0.0	0.0	0.0	0.0	0.0	0.0	0.0	0.0	0.0	0.0	0.0	0.0	0.0	0.0	0.0	0.0	0.0	0.0	0.0	0.0	0.0	0.0044843	0.0	0.0	0.0	0.0	0.0	0.0	0.0	0.0	0.0	0.0	0.0	0.0049751	0.0	0.0	0.0	0.0	0.0	0.0	0.0	0.0	0.0	0.0	0.0	0.0	0.0	
Caille des blés	0.0	0.0	0.0	0.0	0.0	0.0	0.0046083	0.0	0.0	0.0	0.0	0.0	0.0015	0.0	0.0028736	0.0023641	0.0105541	0.0103734	0.0	0.0015	0.0015	0.0097403	0.0	0.0093458	0.0134529	0.008	0.0046083	0.0	0.0155039	0.0	0.0079365	0.0	0.0055556	0.0	0.0	0.0	0.0	0.0058824	0.0	0.0	0.0	0.0	0.0	0.0	0.0	0.0	0.0	0.0	
Perdrix rouge	0.004329	0.0049505	0.0015	0.0	0.0	0.0	0.0	0.0	0.0	0.004	0.0	0.0015	0.0015	0.0	0.0028736	0.0047281	0.0026385	0.0062241	0.0034364	0.009009	0.0039526	0.0	0.0	0.0062305	0.0	0.0	0.0015	0.0015	0.0	0.0	0.0	0.0	0.0	0.0	0.0	0.0015	0.0	0.0058824	0.011976	0.0	0.0	0.0072464	0.0	0.0	0.0	0.0	0.0	0.0042735	
Pigeon biset	0.2510823	0.2524752	0.2487562	0.2559727	0.2559524	0.2795276	0.2258065	0.2238806	0.2255319	0.244	0.238806	0.2916667	0.2402597	0.3081761	0.2988506	0.3120567	0.2691293	0.2385892	0.2783505	0.2504505	0.2332016	0.2792208	0.3049327	0.2866044	0.3408072	0.384	0.3271889	0.2335766	0.2403101	0.2681159	0.1984127	0.2683983	0.3555556	0.3294798	0.3880597	0.3539326	0.2631579	0.3588235	0.3173653	0.23125	0.2420382	0.326087	0.3684211	0.278481	0.25	0.3220339	0.2481752	0.2008547	
Pigeon colombin	0.0952381	0.1039604	0.0746269	0.1467577	0.125	0.1023622	0.0737327	0.0995025	0.0638298	0.112	0.0955224	0.1041667	0.1363636	0.1100629	0.1178161	0.1016548	0.116095	0.1224066	0.137457	0.0936937	0.0988142	0.1168831	0.1345291	0.1308411	0.1883408	0.128	0.1520737	0.0912409	0.1007752	0.1086957	0.1031746	0.1601732	0.1666667	0.1965318	0.1542289	0.1404494	0.1637427	0.0941176	0.1736527	0.13125	0.1464968	0.0797101	0.1491228	0.1075949	0.0955882	0.1186441	0.1532847	0.0598291	
Pigeon ramier	0.6623377	0.6336634	0.6915423	0.6416382	0.7619048	0.6692913	0.6497696	0.6666667	0.693617	0.732	0.6746269	0.765625	0.724026	0.7421384	0.704023	0.6808511	0.701847	0.6825726	0.7182131	0.7441441	0.6916996	0.7207792	0.7443946	0.7819315	0.8071749	0.796	0.8387097	0.8175182	0.7596899	0.7826087	0.8333333	0.7748918	0.7833333	0.849711	0.7761194	0.7134831	0.7660819	0.7352941	0.742515	0.61875	0.6687898	0.5869565	0.6754386	0.6898734	0.6911765	0.7372881	0.6934307	0.5897436	
Tourterelle des bois	0.0	0.0	0.0	0.0	0.0	0.0	0.0	0.0	0.0	0.0	0.0	0.0	0.0032468	0.009434	0.0086207	0.0543735	0.1345646	0.1991701	0.1752577	0.2504505	0.1818182	0.2337662	0.1883408	0.1900312	0.2152466	0.236	0.2119816	0.1423358	0.1472868	0.0942029	0.0793651	0.1298701	0.0388889	0.0115607	0.0149254	0.005618	0.0	0.0	0.0	0.0	0.0	0.0	0.0	0.0	0.0	0.0	0.0	0.0	
Tourterelle turque	0.1774892	0.1633663	0.1343284	0.221843	0.1547619	0.2165354	0.1751152	0.2238806	0.212766	0.196	0.1731343	0.2369792	0.224026	0.2798742	0.2557471	0.3026005	0.2585752	0.2095436	0.257732	0.2216216	0.1897233	0.2597403	0.264574	0.2087227	0.2869955	0.288	0.1981567	0.1678832	0.2248062	0.2318841	0.1904762	0.2077922	0.2666667	0.265896	0.2338308	0.1966292	0.1637427	0.2470588	0.1736527	0.125	0.1273885	0.1449275	0.1754386	0.1708861	0.1470588	0.2288136	0.1970803	0.1452991	
Coucou gris	0.0	0.0	0.0	0.0	0.0	0.0	0.0	0.0	0.0	0.0	0.0089552	0.03125	0.1720779	0.2169811	0.2528736	0.3191489	0.353562	0.3589212	0.3539519	0.3963964	0.2490119	0.2207792	0.1883408	0.0654206	0.0089686	0.004	0.0138249	0.0072993	0.0155039	0.0217391	0.0079365	0.0015	0.0	0.0	0.0	0.0	0.0	0.0015	0.0	0.0	0.0	0.0	0.0	0.0	0.0	0.0	0.0	0.0	
Engoulevent d'Europe	0.0	0.0	0.0	0.0	0.0	0.0	0.0	0.0	0.0	0.0	0.0	0.0	0.0	0.0	0.0	0.0	0.0158311	0.0041494	0.0171821	0.0216216	0.0039526	0.0032468	0.0224215	0.0062305	0.0224215	0.012	0.0092166	0.0	0.0	0.0	0.0	0.0	0.0	0.0	0.0	0.0	0.0	0.0	0.0	0.0	0.0	0.0	0.0	0.0	0.0	0.0	0.0	0.0	
Martinet à ventre blanc	0.0	0.0	0.0	0.0	0.0	0.0	0.0	0.0	0.0	0.0	0.0	0.0015	0.0015	0.0	0.0	0.0	0.0	0.0	0.0	0.0	0.0	0.0	0.0	0.0	0.0	0.0	0.0	0.0	0.0	0.0	0.0	0.0	0.0	0.0	0.0	0.0	0.0	0.0	0.0	0.0	0.0	0.0	0.0	0.0	0.0	0.0	0.0	0.0	
Martinet noir	0.0	0.0	0.0	0.0	0.0	0.0	0.0	0.0	0.0	0.0	0.0	0.0026042	0.0	0.009434	0.066092	0.2836879	0.3350923	0.4107884	0.4536082	0.3693694	0.3517787	0.3084416	0.4349776	0.3707165	0.3991031	0.3	0.235023	0.0766423	0.0542636	0.0434783	0.047619	0.025974	0.0015	0.0	0.0	0.0	0.0	0.0	0.0	0.0	0.0	0.0	0.0	0.0	0.0	0.0	0.0	0.0	
Râle d'eau	0.0606061	0.0693069	0.0497512	0.0750853	0.047619	0.0669291	0.0552995	0.0099502	0.0212766	0.036	0.041791	0.03125	0.0324675	0.0125786	0.0143678	0.0118203	0.0079156	0.0062241	0.0206186	0.0396396	0.0158103	0.0227273	0.0313901	0.0311526	0.0134529	0.02	0.0414747	0.0328467	0.0620155	0.057971	0.0555556	0.0649351	0.0388889	0.0289017	0.0497512	0.0842697	0.0233918	0.0529412	0.0419162	0.09375	0.089172	0.0797101	0.0526316	0.1012658	0.1397059	0.0847458	0.1240876	0.0811966	
Râle des genêts	0.0	0.0	0.0	0.0	0.0	0.0	0.0	0.0	0.0	0.0	0.0	0.0	0.0	0.0	0.0	0.0	0.0	0.0	0.0	0.0	0.0	0.0	0.0	0.0	0.0089686	0.0	0.0	0.0	0.0	0.0	0.0	0.0	0.0	0.0	0.0	0.0	0.0	0.0	0.0	0.0	0.0	0.0	0.0	0.0	0.0	0.0	0.0	0.0	
Marouette ponctuée	0.0	0.0	0.0	0.0	0.0	0.0	0.0	0.0	0.0	0.0	0.0	0.0052083	0.0015	0.0	0.0015	0.0070922	0.0015	0.0	0.0	0.0	0.0	0.0	0.0	0.0	0.0	0.0	0.0	0.0	0.0	0.0	0.0	0.004329	0.0166667	0.0	0.0	0.0	0.0	0.0015	0.0	0.0	0.0	0.0	0.0	0.0	0.0	0.0	0.0	0.0	
Gallinule poule-d'eau	0.3593074	0.3069307	0.3333333	0.3105802	0.3452381	0.3228346	0.2626728	0.2985075	0.3787234	0.336	0.3253731	0.3359375	0.3344156	0.336478	0.2988506	0.2884161	0.2031662	0.2219917	0.2233677	0.2306306	0.2490119	0.2337662	0.206278	0.2803738	0.2556054	0.296	0.3041475	0.2737226	0.3953488	0.2898551	0.2857143	0.3290043	0.3777778	0.3872832	0.318408	0.3707865	0.3274854	0.3588235	0.3353293	0.21875	0.3312102	0.2463768	0.3245614	0.3797468	0.3308824	0.3813559	0.3576642	0.2820513	
Foulque macroule	0.5454545	0.5544554	0.5671642	0.4948805	0.5595238	0.4724409	0.4746544	0.5174129	0.5574468	0.58	0.5134328	0.5286458	0.5	0.5251572	0.4741379	0.5035461	0.4406332	0.4585062	0.4329897	0.4432432	0.3992095	0.3668831	0.4035874	0.4641745	0.4304933	0.444	0.3778802	0.3759124	0.503876	0.4492754	0.4365079	0.4502165	0.4666667	0.5317919	0.4726368	0.5955056	0.5204678	0.4352941	0.508982	0.3875	0.5095541	0.4275362	0.5614035	0.556962	0.5367647	0.5508475	0.5693431	0.4871795	
Grue cendrée	0.004329	0.0	0.0	0.0	0.0	0.011811	0.0184332	0.0199005	0.0212766	0.016	0.0029851	0.0026042	0.0032468	0.0062893	0.0015	0.0	0.0	0.0	0.0	0.0	0.0	0.0	0.0	0.0	0.0	0.0	0.0	0.0015	0.0	0.0	0.0	0.0	0.0	0.0	0.0	0.0	0.0	0.0	0.0015	0.00625	0.0	0.0015	0.0087719	0.0	0.0073529	0.0015	0.0072993	0.0015	
Oedicnème criard	0.012987	0.0049505	0.0	0.0102389	0.0238095	0.007874	0.0138249	0.0015	0.0042553	0.012	0.0238806	0.0130208	0.0227273	0.0188679	0.0172414	0.0307329	0.0422164	0.0228216	0.0378007	0.0216216	0.027668	0.0454545	0.0313901	0.0155763	0.0313901	0.024	0.0230415	0.0072993	0.0015	0.0072464	0.0015	0.012987	0.0055556	0.0289017	0.0149254	0.005618	0.0350877	0.0235294	0.0239521	0.025	0.0318471	0.0144928	0.0087719	0.0063291	0.0073529	0.0	0.0072993	0.0015	
Échasse blanche	0.0	0.0	0.0	0.0	0.0	0.0	0.0	0.0	0.0	0.0	0.0	0.0078125	0.0032468	0.009434	0.0114943	0.0165485	0.0211082	0.0207469	0.0068729	0.0198198	0.0039526	0.0162338	0.0044843	0.0311526	0.0224215	0.02	0.0184332	0.0291971	0.0232558	0.0362319	0.031746	0.0	0.0	0.0	0.0	0.0	0.0	0.0	0.0	0.0	0.0	0.0	0.0	0.0	0.0	0.0	0.0	0.0	
Avocette élégante	0.0	0.0	0.0	0.0	0.0	0.0	0.0	0.0	0.0	0.008	0.0	0.0104167	0.0015	0.0015	0.0114943	0.0	0.005277	0.0020747	0.0	0.0018018	0.0	0.0	0.0	0.0	0.0	0.0	0.0	0.0	0.0	0.0	0.0	0.0	0.0	0.0	0.0	0.0	0.0	0.0	0.0	0.0	0.0	0.0	0.0	0.0	0.0	0.0	0.0	0.0	
Huîtrier pie	0.0	0.0049505	0.0	0.0	0.0	0.0	0.0	0.0	0.0	0.0	0.0029851	0.0	0.0	0.0	0.0	0.0	0.0	0.0	0.0	0.0	0.0	0.0	0.0	0.0	0.0	0.0	0.0	0.0	0.0077519	0.0	0.0	0.0	0.0055556	0.0	0.0	0.0	0.0	0.0	0.0	0.0	0.0	0.0	0.0	0.0	0.0	0.0	0.0	0.0	
Pluvier argenté	0.0	0.0	0.0	0.0	0.0	0.0	0.0	0.0	0.0	0.0	0.0	0.0	0.0	0.0	0.0	0.0	0.0	0.0020747	0.0	0.0018018	0.0	0.0064935	0.0	0.0	0.0	0.0	0.0	0.0	0.0	0.0	0.0	0.0	0.0	0.0	0.0	0.005618	0.0	0.0	0.011976	0.0	0.0	0.0072464	0.0087719	0.0	0.0	0.0	0.0	0.0	
Pluvier doré	0.030303	0.0445545	0.0348259	0.0170648	0.0297619	0.0275591	0.0414747	0.0248756	0.012766	0.0	0.0	0.0026042	0.0	0.0	0.0	0.0	0.0	0.0	0.0	0.0	0.0	0.0	0.0	0.0	0.0	0.0	0.0	0.0	0.0	0.0	0.0	0.004329	0.0	0.0057803	0.0	0.0	0.005848	0.0058824	0.0538922	0.025	0.044586	0.0362319	0.0964912	0.0696203	0.0367647	0.0762712	0.080292	0.025641	
Guignard d’Eurasie	0.0	0.0	0.0	0.0	0.0	0.0	0.0	0.0	0.0	0.0	0.0	0.0	0.0	0.0015	0.0	0.0	0.0	0.0	0.0	0.0	0.0	0.0	0.0	0.0	0.0	0.0	0.0	0.0	0.0	0.0	0.0	0.0015	0.0	0.0015	0.0	0.0	0.0	0.0	0.0	0.0	0.0	0.0	0.0	0.0	0.0	0.0	0.0	0.0	
Grand Gravelot	0.0	0.0	0.0	0.0	0.0	0.0	0.0	0.0	0.0	0.0	0.0059701	0.0	0.0	0.0	0.0028736	0.0015	0.0343008	0.0290456	0.024055	0.0234234	0.0118577	0.0162338	0.0	0.0062305	0.0044843	0.0	0.0	0.0036496	0.0	0.0015	0.0079365	0.021645	0.0333333	0.0693642	0.0497512	0.0449438	0.0526316	0.0117647	0.011976	0.0125	0.0127389	0.0	0.0	0.0063291	0.0	0.0	0.0	0.0	
Petit Gravelot	0.0	0.0	0.0	0.0	0.0	0.0	0.0	0.0149254	0.0212766	0.012	0.0507463	0.0859375	0.0974026	0.0786164	0.0718391	0.0685579	0.1002639	0.1120332	0.0618557	0.0900901	0.0671937	0.0584416	0.0627803	0.0841121	0.1076233	0.076	0.0414747	0.040146	0.0465116	0.0434783	0.0079365	0.025974	0.0388889	0.0057803	0.0049751	0.011236	0.005848	0.0	0.0	0.0	0.0	0.0	0.0	0.0	0.0	0.0	0.0	0.0	
Vanneau huppé	0.2987013	0.2920792	0.2537313	0.2423208	0.3333333	0.2480315	0.2304147	0.1641791	0.1148936	0.132	0.1253731	0.1067708	0.0974026	0.0943396	0.091954	0.0921986	0.116095	0.1120332	0.0859107	0.1207207	0.1067194	0.1623377	0.1883408	0.2897196	0.2780269	0.276	0.2258065	0.2153285	0.3255814	0.3405797	0.2539683	0.3593074	0.3222222	0.3468208	0.2039801	0.2865169	0.2280702	0.2176471	0.3293413	0.2375	0.2802548	0.1666667	0.2894737	0.3417722	0.3235294	0.4067797	0.3357664	0.2905983	
Vanneau sociable	0.0	0.0	0.0	0.0	0.0	0.0	0.0	0.0	0.0	0.0	0.0	0.0	0.0	0.0	0.0	0.0	0.0	0.0	0.0	0.0	0.0	0.0	0.0	0.0	0.0	0.0	0.0	0.0	0.0	0.0	0.0	0.0	0.0	0.0	0.0	0.0	0.0	0.0058824	0.005988	0.0	0.0	0.0	0.0	0.0	0.0	0.0	0.0	0.0	
Gravelot à collier interrompu	0.0	0.0	0.0	0.0	0.0	0.0	0.0	0.0	0.0	0.0	0.0	0.0	0.0	0.0	0.0	0.0	0.0	0.0	0.0034364	0.0	0.0	0.0	0.0	0.0	0.0	0.0	0.0	0.0	0.0	0.0	0.0	0.0	0.0	0.0	0.0	0.0	0.0	0.0	0.0	0.0	0.0	0.0	0.0	0.0	0.0	0.0	0.0	0.0	
Courlis corlieu	0.0	0.0	0.0	0.0	0.0	0.0	0.0	0.0	0.0	0.0	0.0	0.0	0.0	0.0031447	0.0172414	0.0047281	0.0131926	0.0020747	0.0034364	0.0018018	0.0	0.0	0.0	0.0	0.0	0.0	0.0046083	0.0	0.0015	0.0072464	0.0	0.0	0.0015	0.0	0.0	0.0	0.0	0.0	0.0	0.0	0.0	0.0	0.0	0.0	0.0	0.0	0.0	0.0	
Courlis cendré	0.004329	0.0	0.0	0.0	0.0059524	0.003937	0.0046083	0.0149254	0.0042553	0.012	0.0059701	0.0	0.0015	0.0031447	0.0057471	0.0	0.0	0.0015	0.0	0.0	0.0	0.0	0.0	0.0	0.0	0.0	0.0	0.0	0.0077519	0.0072464	0.0079365	0.025974	0.0015	0.0057803	0.0015	0.0	0.0	0.0058824	0.0	0.00625	0.0127389	0.0072464	0.0263158	0.0	0.0073529	0.0169492	0.0	0.0042735	
Barge rousse	0.0	0.0	0.0	0.0	0.0	0.0	0.0	0.0	0.0	0.0	0.0	0.0	0.0	0.0	0.0	0.0	0.0	0.0	0.0	0.0	0.0	0.0	0.0	0.0	0.0	0.0	0.0	0.0	0.0	0.0	0.0	0.0	0.0	0.0057803	0.0	0.005618	0.0	0.0	0.0	0.0	0.0	0.0	0.0	0.0	0.0	0.0	0.0	0.0	
Barge à queue noire	0.0	0.0	0.0	0.0	0.0	0.0	0.0	0.0099502	0.0085106	0.004	0.0089552	0.0052083	0.0097403	0.0031447	0.0	0.0047281	0.0	0.0	0.0	0.0	0.0	0.0032468	0.0044843	0.0124611	0.0044843	0.0	0.0092166	0.0036496	0.0077519	0.0	0.0015	0.004329	0.0	0.0	0.0	0.0	0.0	0.0	0.0	0.0	0.0	0.0	0.0	0.0063291	0.0	0.0015	0.0145985	0.0	
Bécassine sourde	0.004329	0.0247525	0.0348259	0.0102389	0.0059524	0.0275591	0.0138249	0.0015	0.0085106	0.004	0.0089552	0.0104167	0.0015	0.0031447	0.0028736	0.0023641	0.0	0.0	0.0	0.0	0.0	0.0	0.0	0.0	0.0	0.0	0.0	0.0	0.0	0.0072464	0.0	0.008658	0.0	0.0	0.0	0.0	0.005848	0.0058824	0.011976	0.0	0.0191083	0.0072464	0.0015	0.0	0.0147059	0.0084746	0.0	0.0	
Bécasse des bois	0.012987	0.0049505	0.0099502	0.0068259	0.0238095	0.011811	0.0046083	0.0	0.0042553	0.004	0.0059701	0.0015	0.0032468	0.0	0.0	0.0	0.005277	0.0	0.0	0.0018018	0.0	0.0	0.0044843	0.0031153	0.0089686	0.0	0.0	0.0	0.0	0.0	0.0	0.0	0.0	0.0	0.0	0.0	0.0	0.0	0.005988	0.00625	0.0	0.0072464	0.0087719	0.0126582	0.0147059	0.0015	0.0072993	0.008547	
Bécassine double	0.0	0.0	0.0	0.0	0.0	0.0	0.0	0.0	0.0	0.0	0.0	0.0	0.0	0.0	0.0	0.0	0.0	0.0	0.0	0.0015	0.0	0.0	0.0	0.0	0.0	0.0	0.0	0.0	0.0	0.0	0.0	0.0	0.0	0.0	0.0	0.0	0.0	0.0	0.0	0.0	0.0	0.0	0.0	0.0	0.0	0.0	0.0	0.0	
Bécassine des marais	0.030303	0.0891089	0.0746269	0.0580205	0.0535714	0.0433071	0.0506912	0.0248756	0.0723404	0.048	0.0328358	0.0598958	0.0616883	0.0377358	0.0316092	0.0236407	0.0131926	0.0041494	0.0	0.0	0.0	0.0	0.0	0.0	0.0	0.016	0.0046083	0.0255474	0.0775194	0.1521739	0.1349206	0.1818182	0.1666667	0.1791908	0.1293532	0.1797753	0.1111111	0.0941176	0.1676647	0.10625	0.0955414	0.0652174	0.122807	0.056962	0.0955882	0.0508475	0.1021898	0.0555556	
Chevalier guignette	0.012987	0.049505	0.0447761	0.0580205	0.0357143	0.023622	0.0092166	0.0199005	0.0170213	0.056	0.0328358	0.015625	0.0454545	0.0660377	0.1091954	0.2222222	0.2823219	0.280083	0.1649485	0.0594595	0.0039526	0.0032468	0.0044843	0.0186916	0.058296	0.152	0.1474654	0.1788321	0.2945736	0.3043478	0.2222222	0.2900433	0.3166667	0.3294798	0.1940299	0.2359551	0.1637427	0.1176471	0.0778443	0.06875	0.044586	0.0144928	0.0614035	0.0443038	0.0441176	0.059322	0.0364964	0.0299145	
Chevalier culblanc	0.034632	0.049505	0.039801	0.0204778	0.0416667	0.0472441	0.0368664	0.039801	0.0297872	0.036	0.0537313	0.0885417	0.1298701	0.1132075	0.0948276	0.0260047	0.0131926	0.0041494	0.0137457	0.0018018	0.0237154	0.0681818	0.0896861	0.1588785	0.1434978	0.116	0.1059908	0.0839416	0.1705426	0.1014493	0.1031746	0.1385281	0.1055556	0.0751445	0.0547264	0.0898876	0.0818713	0.0294118	0.0718563	0.1	0.0636943	0.0724638	0.0877193	0.0379747	0.0661765	0.0762712	0.080292	0.0384615	
Chevalier sylvain	0.0	0.0	0.0	0.0	0.0	0.0	0.0	0.0	0.0	0.0	0.0	0.0	0.0	0.0062893	0.0172414	0.0567376	0.0369393	0.0124481	0.0103093	0.0	0.0039526	0.0032468	0.0	0.0155763	0.0313901	0.032	0.0092166	0.0218978	0.1085271	0.0362319	0.0634921	0.0562771	0.0166667	0.0115607	0.0049751	0.0015	0.0116959	0.0	0.0	0.0	0.0	0.0	0.0	0.0	0.0	0.0	0.0	0.0	
Chevalier gambette	0.0	0.0	0.0	0.0	0.0	0.0	0.0	0.0	0.0	0.012	0.0328358	0.0390625	0.0616883	0.0566038	0.0574713	0.0614657	0.0976253	0.093361	0.0549828	0.0558559	0.0158103	0.0162338	0.0089686	0.0062305	0.0089686	0.02	0.0092166	0.0145985	0.0077519	0.0072464	0.0015	0.017316	0.0055556	0.0115607	0.0049751	0.005618	0.0	0.0058824	0.0	0.0	0.0	0.0	0.0	0.0	0.0	0.0	0.0	0.0	
Chevalier arlequin	0.0	0.0	0.0	0.0	0.0	0.0	0.0	0.0	0.0	0.0	0.0029851	0.0	0.0097403	0.0031447	0.0057471	0.0141844	0.005277	0.0020747	0.0	0.0	0.0	0.0	0.0	0.0031153	0.0044843	0.004	0.0	0.0	0.0	0.0015	0.0079365	0.004329	0.0166667	0.017341	0.0049751	0.005618	0.0015	0.0015	0.0	0.0125	0.0	0.0	0.0	0.0	0.0	0.0	0.0	0.0	
Chevalier aboyeur	0.0	0.0	0.0	0.0	0.0	0.0	0.0	0.0	0.0	0.0	0.0	0.0026042	0.0097403	0.0251572	0.0804598	0.1229314	0.1240106	0.1037344	0.0515464	0.0288288	0.0118577	0.0	0.0089686	0.0031153	0.0089686	0.02	0.0460829	0.0291971	0.0232558	0.0434783	0.0714286	0.0995671	0.0666667	0.0751445	0.0547264	0.0449438	0.0175439	0.0117647	0.0	0.0	0.0	0.0	0.0	0.0	0.0	0.0	0.0	0.0	
Tournepierre à collier	0.0	0.0	0.0	0.0	0.0	0.0	0.0	0.0	0.0	0.0	0.0	0.0	0.0	0.0	0.0	0.0	0.005277	0.0020747	0.0	0.0018018	0.0	0.0	0.0	0.0	0.0	0.0	0.0	0.0	0.0	0.0	0.0	0.0	0.0	0.0	0.0049751	0.0	0.0	0.0	0.0	0.0	0.0	0.0	0.0	0.0	0.0	0.0	0.0	0.0	
Bécasseau maubèche	0.0	0.0	0.0	0.0	0.0	0.0	0.0	0.0	0.0	0.0	0.0	0.0	0.0032468	0.0	0.0	0.0	0.0	0.0124481	0.0	0.0	0.0	0.0	0.0	0.0	0.0	0.0	0.0	0.0	0.0	0.0	0.0015	0.0	0.0	0.0	0.0	0.011236	0.0	0.0	0.0	0.0	0.0	0.0	0.0	0.0	0.0	0.0	0.0	0.0	
Combattant varié	0.004329	0.0	0.0049751	0.0	0.0	0.0	0.0	0.0099502	0.0	0.008	0.0328358	0.0390625	0.025974	0.0251572	0.0603448	0.035461	0.0343008	0.0145228	0.0137457	0.0	0.0	0.0	0.0044843	0.0	0.0089686	0.016	0.0230415	0.0218978	0.0	0.0072464	0.031746	0.008658	0.0388889	0.0057803	0.0248756	0.0168539	0.005848	0.0117647	0.011976	0.00625	0.0063694	0.0	0.0175439	0.0063291	0.0	0.0084746	0.0	0.0	
Bécasseau cocorli	0.0	0.0	0.0	0.0	0.0	0.0	0.0	0.0	0.0	0.0	0.0	0.0	0.0	0.0	0.0	0.0	0.0	0.0	0.0	0.0	0.0	0.0	0.0	0.0	0.0	0.0	0.0	0.0	0.0	0.0	0.0	0.004329	0.0111111	0.0057803	0.0049751	0.0224719	0.0015	0.0	0.0	0.0	0.0	0.0	0.0	0.0	0.0	0.0	0.0	0.0	
Bécasseau de Temminck	0.0	0.0	0.0	0.0	0.0	0.0	0.0	0.0	0.0	0.0	0.0	0.0	0.0	0.0	0.0	0.0023641	0.0105541	0.0124481	0.0034364	0.0	0.0	0.0	0.0	0.0	0.0	0.0	0.0046083	0.0015	0.0	0.0	0.0015	0.0	0.0	0.0	0.0	0.0	0.0	0.0	0.0	0.0	0.0	0.0	0.0	0.0	0.0	0.0	0.0	0.0	
Bécasseau sanderling	0.0	0.0	0.0	0.0	0.0	0.0	0.0	0.0	0.0	0.0	0.0	0.0	0.0032468	0.0	0.0	0.0	0.0079156	0.0103734	0.0034364	0.0	0.0	0.0	0.0	0.0	0.0	0.0	0.0	0.0	0.0	0.0	0.0	0.0	0.0	0.017341	0.0	0.0	0.0	0.0	0.0	0.0	0.0	0.0	0.0	0.0	0.0	0.0	0.0	0.0	
Bécasseau variable	0.0	0.0	0.0	0.0	0.0	0.003937	0.0	0.0099502	0.0015	0.02	0.0179104	0.0286458	0.0064935	0.0031447	0.0015	0.0	0.0026385	0.0186722	0.0068729	0.0054054	0.0	0.0	0.0	0.0	0.0	0.004	0.0138249	0.0036496	0.0077519	0.0144928	0.0396825	0.0562771	0.0555556	0.0982659	0.039801	0.1460674	0.128655	0.0411765	0.0479042	0.025	0.0509554	0.0072464	0.0263158	0.0015	0.0	0.0	0.0072993	0.0042735	
Bécasseau minute	0.0	0.0	0.0	0.0	0.0	0.0	0.0	0.0	0.0	0.0	0.0	0.0	0.0	0.0	0.0	0.0	0.0026385	0.0124481	0.0068729	0.0015	0.0	0.0	0.0	0.0	0.0	0.0	0.0	0.0	0.0	0.0015	0.0015	0.012987	0.0111111	0.0115607	0.0049751	0.0505618	0.0116959	0.0	0.0	0.0	0.0	0.0	0.0	0.0	0.0	0.0	0.0	0.0	
Bécasseau tacheté	0.0	0.0	0.0	0.0	0.0	0.0	0.0	0.0	0.0	0.0	0.0	0.0	0.0	0.0	0.0	0.0	0.0	0.0	0.0	0.0	0.0	0.0	0.0	0.0	0.0	0.0	0.0	0.0	0.0	0.0	0.0	0.0	0.0111111	0.0	0.0	0.0	0.0	0.0	0.0	0.0	0.0	0.0	0.0	0.0	0.0	0.0	0.0	0.0	
limicole sp.	0.0	0.0	0.0	0.0	0.0	0.0	0.0	0.0	0.0	0.0	0.0	0.0	0.0032468	0.0	0.0	0.0	0.0	0.0	0.0	0.0	0.0	0.0	0.0	0.0	0.0	0.004	0.0	0.0	0.0	0.0	0.0	0.004329	0.0	0.0	0.0	0.0	0.0	0.0	0.0	0.0	0.0	0.0	0.0	0.0	0.0	0.0	0.0	0.0	
Labbe parasite	0.0	0.0	0.0	0.0	0.0	0.0	0.0	0.0	0.0	0.0	0.0	0.0	0.0	0.0	0.0	0.0	0.0	0.0	0.0	0.0	0.0	0.0	0.0	0.0	0.0	0.004	0.0	0.0	0.0	0.0	0.0	0.0015	0.0	0.0	0.0099502	0.0	0.0	0.0	0.0	0.0	0.0	0.0	0.0	0.0	0.0	0.0	0.0	0.0	
Grand Labbe	0.0	0.0	0.0	0.0	0.0	0.0	0.0	0.0	0.0	0.0	0.0	0.0	0.0	0.0	0.0	0.0	0.0079156	0.0062241	0.0	0.0	0.0	0.0	0.0	0.0	0.0	0.0	0.0	0.0	0.0	0.0	0.0	0.0	0.0	0.0	0.0	0.0	0.0	0.0	0.0	0.0	0.0	0.0	0.0	0.0	0.0	0.0	0.0	0.0	
Mouette pygmée	0.0	0.0049505	0.0049751	0.0	0.0	0.0	0.0	0.0015	0.0	0.0015	0.0	0.0015	0.0064935	0.0251572	0.0201149	0.0189125	0.0263852	0.0145228	0.0103093	0.0036036	0.0	0.0015	0.0	0.0	0.0	0.0	0.0	0.0	0.0	0.0	0.0	0.0	0.0055556	0.0	0.0	0.005618	0.0	0.0117647	0.0	0.00625	0.0	0.0072464	0.0175439	0.0063291	0.0	0.0	0.0	0.0	
Mouette de Sabine	0.0	0.0	0.0	0.0	0.0	0.0	0.0	0.0	0.0	0.0	0.0	0.0	0.0	0.0	0.0	0.0	0.0	0.0	0.0	0.0	0.0	0.0	0.0	0.0	0.0	0.0	0.0	0.0	0.0	0.0	0.0	0.0	0.0	0.0	0.0	0.0168539	0.0409357	0.0	0.0	0.0	0.0	0.0	0.0	0.0	0.0	0.0	0.0	0.0	
Mouette rieuse	0.6277056	0.7128713	0.6865672	0.5699659	0.6547619	0.5669291	0.5806452	0.5472637	0.5361702	0.592	0.5402985	0.546875	0.5032468	0.5125786	0.4597701	0.4539007	0.4828496	0.473029	0.4020619	0.4126126	0.3952569	0.3928571	0.3856502	0.4579439	0.4798206	0.456	0.40553	0.3905109	0.4263566	0.4202899	0.3492063	0.3809524	0.4722222	0.5433526	0.4626866	0.5505618	0.5204678	0.4823529	0.502994	0.3625	0.522293	0.6014493	0.6666667	0.721519	0.6985294	0.6779661	0.6277372	0.5726496	
Mouette mélanocéphale	0.008658	0.0	0.0049751	0.003413	0.0059524	0.0	0.0276498	0.0199005	0.0297872	0.124	0.1343284	0.140625	0.1655844	0.1698113	0.1436782	0.141844	0.0976253	0.0892116	0.0756014	0.0612613	0.0316206	0.0292208	0.0493274	0.0965732	0.0269058	0.02	0.0184332	0.0036496	0.0	0.0015	0.0079365	0.0015	0.0055556	0.0057803	0.0015	0.0	0.0	0.0	0.005988	0.0	0.0063694	0.0	0.0	0.0	0.0	0.0	0.0	0.0042735	
Hybride Mouette rieuse x M. mélanocéphale	0.0	0.0	0.0	0.0	0.0	0.0	0.0	0.0049751	0.0	0.0	0.0	0.0	0.0032468	0.0062893	0.0	0.0047281	0.0026385	0.0	0.0	0.0	0.0	0.0032468	0.0044843	0.0	0.0	0.0	0.0	0.0	0.0	0.0	0.0	0.0	0.0	0.0	0.0	0.0	0.0	0.0	0.0	0.0	0.0	0.0	0.0	0.0	0.0	0.0	0.0	0.0	
Goéland cendré	0.04329	0.039604	0.0348259	0.0477816	0.047619	0.0354331	0.0414747	0.0199005	0.0255319	0.02	0.0119403	0.0	0.0	0.0062893	0.0028736	0.0023641	0.0079156	0.0041494	0.0015	0.0018018	0.0	0.0	0.0	0.0	0.0	0.0015	0.0	0.0072993	0.0	0.0	0.0	0.0	0.0055556	0.0057803	0.0	0.005618	0.0	0.0	0.0	0.00625	0.0063694	0.0	0.0	0.0063291	0.0220588	0.0	0.0583942	0.025641	
Goéland pontique	0.1082251	0.1287129	0.1492537	0.109215	0.0714286	0.1259843	0.078341	0.0447761	0.0595745	0.028	0.041791	0.0260417	0.0162338	0.009434	0.0114943	0.0141844	0.0105541	0.0124481	0.0034364	0.009009	0.0079051	0.0	0.0	0.0	0.0	0.008	0.0046083	0.0015	0.0	0.0144928	0.0079365	0.017316	0.0166667	0.0115607	0.0149254	0.0449438	0.0350877	0.0058824	0.011976	0.10625	0.1210191	0.057971	0.0964912	0.1582278	0.1470588	0.1271186	0.1313869	0.1111111	
Goéland dominicain	0.0	0.0	0.0	0.0	0.0	0.0	0.0	0.0	0.0	0.0	0.0	0.0	0.0	0.0	0.0	0.0	0.0	0.0	0.0	0.0	0.0	0.0	0.0	0.0	0.0	0.0015	0.0	0.0	0.0	0.0	0.0	0.0	0.0	0.0	0.0	0.0	0.0	0.0	0.0	0.0	0.0	0.0	0.0	0.0	0.0	0.0	0.0	0.0	
Goéland argenté	0.2034632	0.2079208	0.2189055	0.1501706	0.1428571	0.1929134	0.0967742	0.0696517	0.0425532	0.056	0.0507463	0.0234375	0.0194805	0.0125786	0.0143678	0.0236407	0.0184697	0.0103734	0.0171821	0.0126126	0.0079051	0.0097403	0.0044843	0.0124611	0.0313901	0.036	0.0322581	0.0437956	0.0465116	0.0217391	0.031746	0.0562771	0.0611111	0.0404624	0.039801	0.0955056	0.0350877	0.0235294	0.0658683	0.14375	0.1528662	0.115942	0.1578947	0.2088608	0.1985294	0.2118644	0.2262774	0.1495726	
Goéland leucophée	0.2683983	0.3019802	0.2487562	0.2389078	0.2142857	0.2440945	0.1889401	0.159204	0.1531915	0.2	0.161194	0.1614583	0.1363636	0.1352201	0.0977011	0.1583924	0.1662269	0.1887967	0.1546392	0.1657658	0.1383399	0.1493506	0.1434978	0.1962617	0.2466368	0.256	0.235023	0.1678832	0.1782946	0.2028986	0.2380952	0.3073593	0.2777778	0.4104046	0.2835821	0.3539326	0.3274854	0.2647059	0.3473054	0.31875	0.3757962	0.3115942	0.3245614	0.4810127	0.4191176	0.440678	0.3576642	0.2051282	
Goéland pontique ou G. leucophée	0.0	0.0	0.0	0.0	0.0	0.0	0.0	0.0	0.0042553	0.0	0.0	0.0	0.0	0.0	0.0	0.0	0.0	0.0	0.0	0.0	0.0	0.0	0.0	0.0	0.0	0.0	0.0	0.0	0.0	0.0	0.0	0.0	0.0	0.0	0.0	0.0	0.0	0.0	0.0	0.0	0.0	0.0	0.0	0.0	0.0	0.0	0.0	0.0	
Goéland argenté ou G. leucophée	0.0	0.0	0.0049751	0.003413	0.0	0.0	0.0092166	0.0	0.0	0.0	0.0029851	0.0	0.0	0.0	0.0057471	0.0	0.0	0.0	0.0	0.0	0.0039526	0.0	0.0	0.0	0.0	0.0	0.0	0.0	0.0	0.0	0.0	0.0	0.0	0.0015	0.0	0.0	0.0	0.0	0.005988	0.00625	0.0	0.0	0.0087719	0.0	0.0	0.0	0.0072993	0.0	
Goéland bourgmestre	0.004329	0.0	0.0	0.0	0.0	0.0	0.0	0.0	0.0	0.0	0.0	0.0	0.0	0.0	0.0	0.0	0.0	0.0	0.0	0.0	0.0	0.0	0.0	0.0	0.0	0.0	0.0	0.0	0.0	0.0	0.0	0.0	0.0	0.0	0.0	0.0	0.0	0.0	0.0	0.0	0.0	0.0	0.0	0.0	0.0	0.0	0.0	0.0	
Goéland brun	0.2207792	0.2326733	0.2139303	0.1706485	0.1845238	0.2125984	0.1474654	0.1442786	0.0978723	0.104	0.0835821	0.0546875	0.0194805	0.0157233	0.0229885	0.0212766	0.0290237	0.033195	0.024055	0.036036	0.0237154	0.0227273	0.0134529	0.0249221	0.0538117	0.072	0.0875576	0.0364964	0.0310078	0.057971	0.0555556	0.0735931	0.0611111	0.0924855	0.0447761	0.0842697	0.0643275	0.0588235	0.0538922	0.13125	0.133758	0.1014493	0.1666667	0.2151899	0.2205882	0.2372881	0.2335766	0.1452991	
Hybride Goéland argenté x G. brun	0.0	0.0	0.0	0.0	0.0119048	0.003937	0.0046083	0.0	0.0	0.0	0.0	0.0	0.0	0.0	0.0	0.0	0.0	0.0	0.0	0.0	0.0	0.0	0.0	0.0	0.0	0.0	0.0	0.0	0.0	0.0	0.0	0.0	0.0	0.0	0.0	0.0	0.0	0.0	0.0	0.0	0.0	0.0	0.0	0.0	0.0	0.0	0.0072993	0.0	
Goéland à ailes blanches	0.0	0.0	0.0015	0.003413	0.0	0.0	0.0	0.0	0.0	0.0	0.0	0.0	0.0	0.0	0.0	0.0	0.0	0.0	0.0	0.0	0.0	0.0	0.0	0.0	0.0	0.0	0.0	0.0	0.0	0.0	0.0	0.0	0.0	0.0	0.0	0.0	0.0	0.0	0.0	0.0	0.0	0.0	0.0	0.0	0.0	0.0	0.0	0.0	
goéland sp. (Larus sp.)	0.008658	0.0	0.0199005	0.0238908	0.0119048	0.003937	0.0092166	0.0	0.0042553	0.008	0.0029851	0.0052083	0.0097403	0.0031447	0.0028736	0.0	0.0026385	0.0	0.0	0.0018018	0.0039526	0.0032468	0.0	0.0031153	0.0044843	0.012	0.0	0.0109489	0.0232558	0.0072464	0.0079365	0.0	0.0	0.0	0.0	0.005618	0.0015	0.0015	0.0	0.0	0.0063694	0.0	0.0	0.0	0.0073529	0.0084746	0.0072993	0.017094	
goéland ou mouette sp.	0.0	0.0	0.0	0.0	0.0	0.0	0.0	0.0	0.0	0.0	0.0	0.0	0.0	0.0	0.0	0.0023641	0.0	0.0	0.0	0.0	0.0	0.0	0.0	0.0	0.0	0.0	0.0046083	0.0	0.0	0.0	0.0	0.0	0.0	0.0	0.0015	0.0	0.0	0.0	0.0	0.0	0.0	0.0	0.0	0.0	0.0	0.0	0.0	0.0	
Sterne naine	0.0	0.0	0.0	0.0	0.0	0.0	0.0	0.0	0.0	0.0	0.0	0.0	0.0	0.0	0.0	0.0023641	0.0105541	0.0041494	0.0	0.0036036	0.0079051	0.0	0.0044843	0.0	0.0	0.0	0.0	0.0	0.0	0.0	0.0	0.0	0.0055556	0.0	0.0	0.0	0.0	0.0	0.0	0.0	0.0	0.0	0.0	0.0	0.0	0.0	0.0	0.0	
Sterne caspienne	0.0	0.0	0.0	0.0	0.0	0.0	0.0	0.0	0.0	0.0	0.0	0.0	0.0	0.0	0.0	0.0	0.0	0.0	0.0	0.0	0.0	0.0	0.0	0.0	0.0	0.0015	0.0	0.0	0.0	0.0	0.0079365	0.0	0.0	0.0	0.0	0.0	0.0	0.0015	0.0	0.0	0.0	0.0	0.0	0.0	0.0	0.0	0.0	0.0	
Guifette moustac	0.0	0.0	0.0	0.0	0.0	0.0	0.0	0.0	0.0	0.0	0.0	0.0	0.0032468	0.0031447	0.0057471	0.0118203	0.0131926	0.0145228	0.0034364	0.009009	0.0039526	0.0	0.0	0.0	0.0	0.0	0.0	0.0	0.0	0.0	0.0	0.0	0.0	0.0	0.0	0.0	0.0	0.0	0.0	0.0	0.0	0.0	0.0	0.0	0.0	0.0	0.0	0.0	
Guifette noire	0.0	0.0	0.0	0.0	0.0	0.0	0.0	0.0	0.0	0.0	0.0	0.0	0.0032468	0.0157233	0.0143678	0.0094563	0.0527704	0.0435685	0.0274914	0.0234234	0.0118577	0.0162338	0.0089686	0.0062305	0.0044843	0.008	0.0046083	0.0	0.0	0.0072464	0.047619	0.012987	0.0333333	0.0289017	0.0099502	0.0168539	0.0116959	0.0015	0.005988	0.0	0.0	0.0	0.0	0.0	0.0	0.0	0.0	0.0	
Guifette leucoptère	0.0	0.0	0.0	0.0	0.0	0.0	0.0	0.0	0.0	0.0	0.0	0.0	0.0	0.0	0.0	0.0	0.0	0.0	0.0015	0.0015	0.0	0.0	0.0	0.0	0.0	0.0	0.0	0.0	0.0	0.0	0.0	0.0015	0.0222222	0.0	0.0	0.0	0.0	0.0	0.0	0.0	0.0	0.0	0.0	0.0	0.0	0.0	0.0	0.0	
Sterne pierregarin	0.0	0.0	0.0	0.0	0.0	0.0	0.0	0.0	0.0	0.004	0.0029851	0.015625	0.1493506	0.2735849	0.2931034	0.3309693	0.3430079	0.340249	0.3333333	0.3315315	0.3359684	0.3051948	0.3497758	0.4143302	0.3946188	0.412	0.359447	0.3138686	0.3488372	0.3478261	0.2063492	0.1861472	0.1555556	0.0982659	0.0497512	0.0393258	0.0292398	0.0	0.0	0.0	0.0	0.0	0.0	0.0	0.0	0.0	0.0	0.0	
Sterne caugek	0.0	0.0	0.0	0.0	0.0	0.0	0.0	0.0	0.0	0.0	0.0	0.0	0.0	0.0	0.0	0.0	0.0	0.0	0.0	0.0	0.0	0.0	0.0	0.0	0.0	0.0	0.0	0.0	0.0	0.0	0.0	0.004329	0.0	0.0	0.0	0.0	0.0	0.0	0.0	0.0	0.0	0.0	0.0	0.0	0.0	0.0	0.0	0.0	
sterne sp.	0.0	0.0	0.0	0.0	0.0	0.0	0.0	0.0	0.0	0.0	0.0	0.0026042	0.0	0.0	0.0	0.0	0.0	0.0	0.0	0.0	0.0039526	0.0	0.0	0.0	0.0	0.0	0.0	0.0	0.0	0.0	0.0079365	0.0	0.0	0.0	0.0	0.0	0.0	0.0	0.0	0.0	0.0	0.0	0.0	0.0	0.0	0.0	0.0	0.0	
Grèbe castagneux	0.3376623	0.3118812	0.2885572	0.2901024	0.3511905	0.2795276	0.235023	0.2089552	0.2212766	0.244	0.1731343	0.1666667	0.1428571	0.1100629	0.1149425	0.0921986	0.1029024	0.1099585	0.0721649	0.0792793	0.0750988	0.0681818	0.0672646	0.1183801	0.0807175	0.132	0.0921659	0.1131387	0.1937984	0.2101449	0.2142857	0.2554113	0.2444444	0.2774566	0.2189055	0.3314607	0.3040936	0.1764706	0.3053892	0.2625	0.3375796	0.2826087	0.3508772	0.3860759	0.375	0.3813559	0.3576642	0.2948718	
Grèbe esclavon	0.0	0.0	0.0049751	0.003413	0.0	0.0	0.0	0.0149254	0.0	0.0	0.0	0.0	0.0	0.0015	0.0	0.0	0.0	0.0	0.0	0.0	0.0	0.0	0.0	0.0	0.0	0.0	0.0	0.0	0.0	0.0	0.0	0.0	0.0	0.0	0.0	0.0	0.0	0.0	0.0	0.0	0.0	0.0	0.0087719	0.0	0.0147059	0.0	0.0	0.0015	
Grèbe jougris	0.017316	0.0148515	0.0099502	0.0068259	0.0178571	0.0015	0.0138249	0.0049751	0.0042553	0.004	0.0149254	0.0015	0.0032468	0.0031447	0.0114943	0.0023641	0.0	0.0020747	0.0	0.0018018	0.0	0.0	0.0	0.0	0.0	0.0	0.0	0.0	0.0	0.0	0.0	0.0	0.0	0.0	0.0	0.0	0.0	0.0	0.0	0.0	0.0	0.0	0.0	0.0063291	0.0147059	0.0	0.0072993	0.0	
Grèbe huppé	0.4545455	0.4950495	0.4925373	0.4539249	0.5	0.4133858	0.3963134	0.4328358	0.4638298	0.488	0.4716418	0.421875	0.4155844	0.4025157	0.3678161	0.4137116	0.3957784	0.4107884	0.371134	0.3747748	0.3438735	0.2662338	0.2825112	0.3457944	0.3587444	0.372	0.2718894	0.2554745	0.4031008	0.3695652	0.3492063	0.4329004	0.3888889	0.4739884	0.4129353	0.5617978	0.4327485	0.4117647	0.4251497	0.3375	0.4840764	0.3768116	0.5087719	0.5126582	0.4705882	0.4661017	0.5620438	0.4102564	
Grèbe à cou noir	0.0519481	0.0544554	0.0298507	0.0580205	0.0535714	0.023622	0.0322581	0.1144279	0.0893617	0.104	0.0716418	0.078125	0.0551948	0.0440252	0.0517241	0.035461	0.055409	0.0414938	0.024055	0.0198198	0.0118577	0.012987	0.0179372	0.0373832	0.0179372	0.016	0.0230415	0.0255474	0.0077519	0.0144928	0.0079365	0.012987	0.0555556	0.0115607	0.0099502	0.0015	0.0	0.0	0.0179641	0.0	0.0127389	0.0144928	0.0350877	0.0379747	0.0808824	0.059322	0.0729927	0.0299145	
Grèbe esclavon ou G. à cou noir	0.0	0.0	0.0	0.0	0.0	0.0	0.0	0.0	0.0015	0.0	0.0	0.0	0.0	0.0	0.0	0.0	0.0	0.0	0.0	0.0	0.0	0.0	0.0	0.0	0.0	0.0	0.0	0.0	0.0	0.0	0.0	0.0	0.0	0.0	0.0	0.0	0.0	0.0	0.0	0.0	0.0	0.0	0.0	0.0	0.0	0.0	0.0	0.0	
Plongeon catmarin	0.0	0.0	0.0	0.0	0.0	0.0	0.0	0.0	0.0	0.0	0.0	0.0026042	0.0	0.0	0.0	0.0	0.0	0.0	0.0	0.0	0.0	0.0	0.0	0.0	0.0	0.0	0.0	0.0	0.0	0.0	0.0	0.0	0.0	0.0	0.0	0.0	0.0	0.0	0.0	0.0	0.0063694	0.0	0.0	0.0126582	0.0073529	0.0015	0.0218978	0.0	
Plongeon arctique	0.0	0.0	0.0099502	0.0	0.0	0.0	0.0	0.0	0.0	0.0	0.0	0.0	0.0	0.0	0.0	0.0	0.0	0.0	0.0015	0.0	0.0	0.0	0.0	0.0	0.0	0.0	0.0	0.0	0.0	0.0	0.0	0.0	0.0	0.0	0.0	0.0	0.0	0.0	0.0	0.0	0.0	0.0	0.0	0.0126582	0.0220588	0.0	0.0	0.0	
Plongeon imbrin	0.021645	0.019802	0.0199005	0.0136519	0.0238095	0.007874	0.0	0.0	0.0	0.0	0.0	0.0	0.0	0.0	0.0	0.0	0.0	0.0	0.0	0.0	0.0	0.0	0.0	0.0	0.0	0.0	0.0	0.0	0.0	0.0	0.0	0.0	0.0	0.0	0.0	0.0	0.0	0.0	0.0	0.0	0.0191083	0.0217391	0.0175439	0.0253165	0.0294118	0.0254237	0.0218978	0.008547	
Océanite culblanc	0.0	0.0	0.0	0.0	0.0	0.0	0.0	0.0	0.0	0.0	0.0	0.0	0.0	0.0	0.0	0.0	0.0	0.0	0.0	0.0	0.0	0.0	0.0	0.0	0.0	0.0	0.0	0.0	0.0	0.0	0.0	0.0	0.0	0.0	0.0	0.0	0.0	0.0	0.0	0.0	0.0063694	0.0	0.0	0.0	0.0	0.0	0.0	0.0	
Cigogne noire	0.0	0.0	0.0	0.0	0.0	0.0	0.0015	0.0099502	0.0	0.0	0.0	0.0	0.0	0.0062893	0.0	0.0	0.0026385	0.0	0.0034364	0.0018018	0.0	0.0	0.0	0.0031153	0.0015	0.004	0.0092166	0.0	0.0	0.0072464	0.0079365	0.008658	0.0111111	0.0057803	0.0	0.0	0.0	0.0058824	0.0	0.0	0.0	0.0	0.0	0.0	0.0	0.0	0.0	0.0	
Cigogne blanche	0.004329	0.0049505	0.0149254	0.003413	0.0238095	0.0669291	0.0322581	0.0248756	0.0015	0.012	0.0149254	0.0234375	0.0292208	0.0188679	0.0172414	0.0212766	0.0158311	0.0165975	0.0137457	0.0252252	0.0079051	0.0064935	0.0089686	0.0249221	0.0044843	0.008	0.0184332	0.0072993	0.0	0.0217391	0.0396825	0.047619	0.0555556	0.0404624	0.0149254	0.0505618	0.0233918	0.0176471	0.0299401	0.00625	0.0063694	0.0	0.0087719	0.0126582	0.0073529	0.0254237	0.0291971	0.017094	
Grand Cormoran	0.5670996	0.5346535	0.5472637	0.4607509	0.577381	0.476378	0.4792627	0.4825871	0.5021277	0.488	0.438806	0.453125	0.4350649	0.4150943	0.3821839	0.3900709	0.353562	0.3609959	0.3298969	0.3441441	0.3083004	0.2954545	0.3139013	0.3239875	0.3587444	0.416	0.2995392	0.3029197	0.3953488	0.3333333	0.3571429	0.3809524	0.4055556	0.4566474	0.4179104	0.5337079	0.4561404	0.4352941	0.5389222	0.40625	0.4904459	0.4710145	0.6403509	0.5949367	0.5294118	0.6355932	0.5912409	0.4871795	
Ibis falcinelle	0.0	0.0	0.0	0.0	0.0	0.0	0.0	0.0	0.0	0.004	0.0	0.0	0.0	0.0	0.0028736	0.0023641	0.0	0.0020747	0.0034364	0.0	0.0	0.0032468	0.0	0.0	0.0	0.0	0.0	0.0	0.0	0.0217391	0.0079365	0.021645	0.0111111	0.017341	0.0199005	0.0337079	0.0015	0.0117647	0.0299401	0.0015	0.0	0.0	0.0	0.0	0.0	0.0	0.0015	0.0	
Spatule blanche	0.0	0.0	0.0	0.0	0.0	0.0	0.0	0.0	0.0	0.0	0.0	0.0	0.0	0.0	0.0	0.0047281	0.0	0.0020747	0.0034364	0.0018018	0.0	0.0	0.0	0.0	0.0	0.004	0.0184332	0.0255474	0.0232558	0.0072464	0.0079365	0.021645	0.0111111	0.0115607	0.0149254	0.0393258	0.0	0.0	0.0	0.0	0.0	0.0	0.0	0.0	0.0	0.0	0.0	0.0	
Butor étoilé	0.008658	0.0015	0.0149254	0.0	0.0	0.007874	0.0015	0.0049751	0.0042553	0.0	0.0015	0.0	0.0032468	0.0	0.0	0.0	0.0	0.0020747	0.0	0.0	0.0	0.0	0.0	0.0	0.0	0.0	0.0	0.0	0.0	0.0	0.0	0.0	0.0	0.0	0.0	0.0	0.0	0.0	0.0	0.0015	0.0127389	0.0072464	0.0	0.0253165	0.0	0.0	0.0072993	0.0	
Blongios nain	0.0	0.0	0.0	0.0	0.0	0.0	0.0	0.0	0.0	0.0	0.0	0.0	0.0	0.0	0.0	0.0141844	0.0079156	0.0041494	0.0137457	0.0378378	0.0355731	0.025974	0.0179372	0.0436137	0.0313901	0.016	0.0046083	0.0145985	0.0232558	0.0289855	0.0238095	0.008658	0.0222222	0.0015	0.0	0.005618	0.0	0.0015	0.0	0.0	0.0	0.0	0.0	0.0	0.0	0.0	0.0	0.0	
Bihoreau gris	0.0	0.0	0.0	0.0	0.0	0.0	0.0	0.0	0.0	0.0	0.0	0.0026042	0.0	0.0031447	0.0028736	0.0047281	0.0158311	0.0082988	0.0034364	0.0108108	0.0039526	0.0032468	0.0089686	0.0155763	0.0089686	0.016	0.0138249	0.0109489	0.0	0.0072464	0.0555556	0.008658	0.0333333	0.0015	0.0	0.005618	0.0015	0.0	0.0	0.0	0.0	0.0	0.0	0.0	0.0	0.0	0.0	0.0	
Aigrette garzette	0.0692641	0.1089109	0.0895522	0.0614334	0.1190476	0.0905512	0.0506912	0.0547264	0.0723404	0.068	0.0567164	0.0989583	0.0974026	0.1006289	0.1063218	0.1158392	0.116095	0.1410788	0.0721649	0.1369369	0.1027668	0.1136364	0.0941704	0.2180685	0.2107623	0.236	0.1889401	0.1715328	0.2945736	0.2753623	0.2619048	0.3030303	0.2222222	0.3121387	0.2139303	0.2921348	0.1871345	0.1470588	0.1796407	0.15	0.1528662	0.0942029	0.1666667	0.1392405	0.0735294	0.1440678	0.1532847	0.1068376	
Crabier chevelu	0.0	0.0	0.0	0.0	0.0	0.0	0.0	0.0	0.0	0.0	0.0	0.0	0.0	0.0	0.0	0.0	0.0	0.0015	0.0	0.0	0.0	0.0	0.0	0.0	0.0	0.004	0.0	0.0	0.0	0.0	0.0015	0.0015	0.0	0.0	0.0	0.0	0.0	0.0	0.0	0.0	0.0	0.0	0.0	0.0	0.0	0.0	0.0	0.0	
Héron garde-boeufs	0.008658	0.0015	0.0015	0.003413	0.0297619	0.011811	0.0	0.0149254	0.0015	0.02	0.0268657	0.0494792	0.0357143	0.0471698	0.0632184	0.070922	0.0817942	0.0850622	0.0584192	0.0810811	0.0474308	0.0487013	0.0493274	0.0996885	0.0941704	0.08	0.0506912	0.0583942	0.0542636	0.0652174	0.0714286	0.025974	0.0555556	0.0289017	0.0199005	0.0168539	0.005848	0.0058824	0.0179641	0.0	0.0191083	0.0	0.0015	0.0063291	0.0073529	0.0015	0.0	0.0	
Grande Aigrette	0.1948052	0.1980198	0.1442786	0.1433447	0.1547619	0.1574803	0.1382488	0.119403	0.106383	0.1	0.0955224	0.0703125	0.0649351	0.0974843	0.0862069	0.0567376	0.0633245	0.0580913	0.0446735	0.0378378	0.027668	0.0454545	0.0224215	0.0560748	0.0852018	0.072	0.1152074	0.0985401	0.1627907	0.2101449	0.2222222	0.2727273	0.2111111	0.2369942	0.2437811	0.3146067	0.2573099	0.1882353	0.2994012	0.15625	0.2484076	0.1884058	0.2631579	0.2405063	0.1764706	0.2288136	0.2773723	0.1794872	
Héron cendré	0.4112554	0.3861386	0.3930348	0.3447099	0.3988095	0.3464567	0.3133641	0.3283582	0.387234	0.336	0.3402985	0.3489583	0.3376623	0.3962264	0.3505747	0.3664303	0.348285	0.3443983	0.3608247	0.3657658	0.3280632	0.2987013	0.309417	0.4143302	0.3811659	0.412	0.3548387	0.3430657	0.4883721	0.4347826	0.4047619	0.4545455	0.45	0.4913295	0.4129353	0.511236	0.4152047	0.3764706	0.4311377	0.31875	0.4267516	0.3188406	0.4649123	0.443038	0.4485294	0.5	0.4744526	0.3632479	
Héron pourpré	0.0	0.0	0.0	0.0	0.0	0.0	0.0	0.0	0.0	0.0	0.0	0.0026042	0.0	0.0062893	0.0057471	0.0015	0.0079156	0.0062241	0.0068729	0.0108108	0.0039526	0.0032468	0.0	0.0	0.0	0.0	0.0046083	0.0015	0.0465116	0.0652174	0.0396825	0.038961	0.0222222	0.0231214	0.0199005	0.0015	0.005848	0.0058824	0.005988	0.0	0.0	0.0	0.0	0.0	0.0	0.0	0.0	0.0	
Balbuzard pêcheur	0.0	0.0	0.0	0.0	0.0	0.0	0.0	0.0	0.0	0.0	0.0	0.0052083	0.0194805	0.009434	0.0143678	0.0094563	0.005277	0.0062241	0.0068729	0.0036036	0.0079051	0.0	0.0044843	0.0031153	0.0089686	0.0	0.0015	0.0	0.0	0.0144928	0.0079365	0.047619	0.0222222	0.017341	0.039801	0.0224719	0.0116959	0.0	0.005988	0.0	0.0	0.0	0.0	0.0	0.0	0.0	0.0	0.0	
Élanion blanc	0.0	0.0	0.0	0.0	0.0	0.0	0.0	0.0	0.0	0.0	0.0	0.0	0.0	0.0	0.0	0.0	0.0	0.0015	0.0	0.0	0.0	0.0	0.0	0.0	0.0	0.0	0.0	0.0	0.0	0.0	0.0	0.0	0.0	0.0	0.0049751	0.0	0.0	0.0	0.0	0.0	0.0	0.0	0.0	0.0	0.0	0.0	0.0	0.0	
Bondrée apivore	0.0	0.0	0.0	0.0	0.0	0.0	0.0	0.0	0.0	0.0	0.0	0.0	0.0	0.0	0.0	0.0023641	0.0158311	0.0435685	0.0343643	0.045045	0.0474308	0.0487013	0.0403587	0.0218069	0.0493274	0.06	0.0460829	0.0437956	0.1007752	0.0724638	0.0714286	0.0692641	0.0666667	0.0115607	0.0199005	0.0015	0.0	0.0	0.0	0.0	0.0	0.0	0.0	0.0	0.0	0.0	0.0	0.0	
Vautour fauve	0.0	0.0	0.0	0.0	0.0	0.0	0.0	0.0	0.0	0.0	0.0	0.0	0.0	0.0	0.0	0.0	0.0	0.0	0.0	0.0	0.0039526	0.0	0.0015	0.0031153	0.0	0.0	0.0	0.0	0.0	0.0	0.0	0.0	0.0	0.0	0.0	0.0	0.0	0.0	0.0	0.0	0.0	0.0	0.0	0.0	0.0	0.0	0.0	0.0	
Circaète Jean-le-Blanc	0.0	0.0	0.0	0.0	0.0	0.0	0.0	0.0	0.0	0.0	0.0029851	0.0	0.0	0.0	0.0028736	0.0	0.0	0.0015	0.0	0.0072072	0.0118577	0.0	0.0	0.0	0.0089686	0.0	0.0092166	0.0	0.0077519	0.0	0.0015	0.004329	0.0015	0.0	0.0015	0.0	0.0	0.0	0.0	0.0	0.0	0.0	0.0	0.0	0.0	0.0	0.0	0.0	
Aigle botté	0.004329	0.0	0.0	0.0	0.0	0.0	0.0	0.0	0.0	0.0	0.0	0.0	0.0032468	0.0	0.0028736	0.0	0.0	0.0	0.0015	0.0015	0.0015	0.0032468	0.0	0.0	0.0015	0.0	0.0	0.0036496	0.0077519	0.0	0.0	0.0	0.0	0.0	0.0015	0.0	0.0	0.0	0.0	0.0	0.0	0.0	0.0	0.0	0.0	0.0	0.0	0.008547	
Épervier d'Europe	0.0692641	0.0792079	0.0895522	0.0716724	0.077381	0.0393701	0.0460829	0.0746269	0.0468085	0.04	0.0447761	0.0572917	0.038961	0.0408805	0.045977	0.0567376	0.0369393	0.0373444	0.0274914	0.0162162	0.0237154	0.0194805	0.0313901	0.0311526	0.0358744	0.028	0.0276498	0.0474453	0.0620155	0.0724638	0.0793651	0.0735931	0.0833333	0.0635838	0.079602	0.1179775	0.1052632	0.0529412	0.1676647	0.1	0.1273885	0.0942029	0.1052632	0.0759494	0.0588235	0.1101695	0.1021898	0.1367521	
Autour des palombes	0.004329	0.0	0.0049751	0.003413	0.0	0.003937	0.0138249	0.0015	0.0	0.0	0.0	0.0026042	0.0064935	0.0031447	0.0028736	0.0023641	0.0	0.0	0.0	0.0018018	0.0039526	0.0032468	0.0	0.0015	0.0015	0.008	0.0015	0.0015	0.0155039	0.0	0.0238095	0.008658	0.0055556	0.0	0.0	0.0	0.0	0.0117647	0.0179641	0.00625	0.0	0.0072464	0.0	0.0	0.0	0.0084746	0.0218978	0.0042735	
Épervier d'Europe ou Autour des palombes	0.0	0.0	0.0	0.0	0.0	0.0	0.0	0.0	0.0042553	0.0	0.0	0.0	0.0	0.0	0.0	0.0	0.0	0.0	0.0	0.0	0.0	0.0	0.0	0.0	0.0	0.0	0.0	0.0	0.0	0.0	0.0	0.0	0.0	0.0	0.0	0.0	0.0	0.0	0.0	0.0	0.0	0.0	0.0	0.0	0.0	0.0	0.0	0.0	
Aerospiza, Tachyspiza, Accipiter ou Astur sp.	0.0	0.0	0.0	0.0	0.0	0.0	0.0	0.0	0.0	0.0	0.0	0.0	0.0	0.0	0.0	0.0	0.0	0.0	0.0	0.0	0.0	0.0	0.0	0.0	0.0	0.004	0.0	0.0	0.0	0.0	0.0	0.0	0.0	0.0	0.0	0.0	0.0	0.0	0.0	0.0	0.0	0.0	0.0	0.0	0.0	0.0	0.0	0.0	
Busard des roseaux	0.0	0.0148515	0.0	0.0	0.0059524	0.003937	0.0	0.0	0.0042553	0.008	0.038806	0.0442708	0.0616883	0.0534591	0.0316092	0.0260047	0.0343008	0.0248963	0.024055	0.0162162	0.0197628	0.0162338	0.0089686	0.0186916	0.0179372	0.036	0.0368664	0.0145985	0.0232558	0.0434783	0.1111111	0.0995671	0.0944444	0.1040462	0.0746269	0.0393258	0.0233918	0.0352941	0.011976	0.0125	0.0	0.0	0.0087719	0.0126582	0.0	0.0084746	0.0072993	0.0	
Busard Saint-Martin	0.038961	0.009901	0.0149254	0.0102389	0.0178571	0.011811	0.0184332	0.0199005	0.0085106	0.0	0.0089552	0.0026042	0.0032468	0.0031447	0.0143678	0.0023641	0.0184697	0.0165975	0.0068729	0.0054054	0.0039526	0.0097403	0.0015	0.0015	0.0	0.016	0.0	0.0	0.0015	0.0	0.0079365	0.008658	0.0166667	0.0115607	0.0099502	0.0015	0.0015	0.0176471	0.011976	0.0125	0.0015	0.0072464	0.0263158	0.0015	0.0015	0.0084746	0.0218978	0.025641	
Busard pâle	0.0	0.0	0.0	0.0	0.0	0.0	0.0	0.0	0.0	0.0	0.0015	0.0	0.0032468	0.0031447	0.0	0.0	0.0	0.0	0.0	0.0	0.0	0.0	0.0	0.0	0.0	0.0	0.0	0.0	0.0	0.0	0.0	0.0	0.0	0.0	0.0	0.0	0.0	0.0	0.0	0.0	0.0	0.0	0.0	0.0	0.0	0.0	0.0	0.0	
Busard cendré	0.0	0.0	0.0	0.0	0.0	0.0	0.0	0.0	0.0	0.0	0.0	0.0	0.0015	0.0	0.0086207	0.0047281	0.005277	0.0082988	0.0034364	0.0	0.0	0.0	0.0015	0.0031153	0.0015	0.0015	0.0015	0.0036496	0.0	0.0	0.0015	0.004329	0.0	0.0	0.0	0.0	0.0	0.0	0.0	0.0	0.0	0.0	0.0	0.0	0.0	0.0	0.0	0.0	
Busard Saint-Martin ou B. cendré	0.0	0.0	0.0	0.0	0.0059524	0.0	0.0	0.0	0.0	0.0	0.0	0.0	0.0	0.0	0.0	0.0	0.005277	0.0020747	0.0	0.0	0.0	0.0	0.0	0.0	0.0	0.0	0.0	0.0	0.0	0.0	0.0	0.0	0.0	0.0	0.0	0.0	0.0	0.0	0.0	0.0	0.0	0.0	0.0	0.0	0.0	0.0	0.0	0.0	
busard sp.	0.0	0.0	0.0	0.0	0.0	0.0	0.0	0.0	0.0	0.0	0.0	0.0	0.0	0.0	0.0	0.0	0.0	0.0	0.0	0.0018018	0.0	0.0	0.0	0.0	0.0	0.0015	0.0	0.0	0.0	0.0	0.0	0.0	0.0055556	0.0	0.0	0.0015	0.0015	0.0	0.0	0.0	0.0	0.0	0.0	0.0	0.0	0.0	0.0	0.0	
Milan royal	0.004329	0.0	0.0	0.0015	0.0	0.003937	0.0092166	0.0149254	0.0	0.0015	0.0059701	0.0078125	0.0097403	0.009434	0.0086207	0.0070922	0.005277	0.0082988	0.0034364	0.0	0.0	0.0	0.0	0.0031153	0.0	0.0	0.0046083	0.0036496	0.0	0.0	0.0079365	0.012987	0.0166667	0.0015	0.0099502	0.005618	0.0	0.0058824	0.0419162	0.0125	0.0	0.0	0.0	0.0015	0.0	0.0084746	0.0015	0.0015	
Milan noir	0.0	0.0	0.0	0.0	0.0	0.0	0.0	0.0049751	0.012766	0.092	0.1462687	0.2265625	0.2207792	0.1918239	0.2068966	0.1536643	0.1926121	0.2136929	0.1649485	0.2036036	0.1699605	0.1720779	0.161435	0.1900312	0.2197309	0.216	0.156682	0.1569343	0.1317829	0.0724638	0.0238095	0.025974	0.0111111	0.0115607	0.0	0.0015	0.0	0.0	0.0	0.0	0.0	0.0	0.0	0.0	0.0	0.0	0.0	0.0	
Milan royal ou M. noir	0.0	0.0	0.0	0.0	0.0	0.0	0.0	0.0	0.0	0.0	0.0	0.0	0.0	0.0	0.0	0.0	0.0	0.0	0.0	0.0	0.0	0.0	0.0	0.0	0.0	0.0	0.0015	0.0	0.0	0.0	0.0	0.0	0.0	0.0	0.0	0.0	0.0	0.0	0.0	0.0	0.0	0.0	0.0	0.0	0.0	0.0	0.0	0.0	
Pygargue à queue blanche	0.0	0.0	0.0	0.0	0.0	0.0	0.0	0.0	0.0042553	0.0	0.0	0.0	0.0	0.0015	0.0	0.0015	0.0015	0.0015	0.0	0.0018018	0.0	0.0	0.0	0.0	0.0	0.0	0.0	0.0	0.0	0.0	0.0	0.0	0.0	0.0	0.0	0.0	0.0	0.0	0.005988	0.0	0.0	0.0	0.0	0.0	0.0	0.0	0.0	0.0	
Buse variable	0.1601732	0.2227723	0.1791045	0.1672355	0.1845238	0.2362205	0.2304147	0.2736318	0.2468085	0.288	0.2179104	0.265625	0.2272727	0.254717	0.1925287	0.1938534	0.1952507	0.1742739	0.1786942	0.190991	0.1422925	0.1818182	0.1704036	0.1869159	0.1928251	0.204	0.156682	0.1824818	0.2093023	0.1811594	0.2380952	0.2900433	0.2166667	0.3352601	0.2039801	0.2696629	0.3333333	0.2823529	0.3473054	0.1875	0.2165605	0.1231884	0.1754386	0.2658228	0.1764706	0.2542373	0.270073	0.1495726	
rapace sp.	0.0	0.0	0.0	0.0068259	0.0	0.0	0.0	0.0	0.0	0.008	0.0	0.0	0.0	0.0062893	0.0028736	0.0023641	0.0026385	0.0	0.0068729	0.0018018	0.0039526	0.0	0.0	0.0	0.0044843	0.004	0.0	0.0	0.0	0.0	0.0079365	0.0	0.0111111	0.0	0.0	0.0	0.0	0.0	0.0	0.0	0.0	0.0	0.0087719	0.0	0.0	0.0	0.0	0.0	
Effraie des clochers	0.0015	0.0049505	0.0	0.0102389	0.0119048	0.003937	0.0	0.0	0.0042553	0.0015	0.0015	0.0026042	0.0015	0.0031447	0.0028736	0.0023641	0.005277	0.0041494	0.0	0.0018018	0.0015	0.0015	0.0015	0.0015	0.0	0.0015	0.0015	0.0015	0.0	0.0	0.0079365	0.008658	0.0015	0.0	0.0099502	0.0	0.0015	0.0058824	0.0015	0.00625	0.0	0.0	0.0015	0.0	0.0	0.0	0.0015	0.0015	
Chevêche d'Athéna	0.0	0.0	0.0	0.0068259	0.0	0.011811	0.0046083	0.0049751	0.0085106	0.0015	0.0059701	0.0026042	0.0032468	0.0	0.0	0.0	0.005277	0.0015	0.0	0.0036036	0.0039526	0.0015	0.0	0.0015	0.0	0.004	0.0	0.0	0.0077519	0.0	0.0079365	0.0	0.0	0.0	0.0	0.0	0.0	0.0	0.0	0.0	0.0	0.0	0.0	0.0	0.0	0.0	0.0	0.0042735	
Chouette hulotte	0.012987	0.0015	0.0015	0.0136519	0.0238095	0.003937	0.0092166	0.0	0.012766	0.0015	0.0089552	0.0052083	0.0162338	0.0062893	0.0172414	0.0165485	0.0237467	0.0207469	0.0137457	0.0144144	0.0079051	0.0064935	0.0134529	0.0093458	0.0179372	0.008	0.0046083	0.0015	0.0	0.0072464	0.0015	0.012987	0.0015	0.0015	0.0149254	0.0	0.0015	0.0176471	0.005988	0.0125	0.0127389	0.0144928	0.0175439	0.0063291	0.0147059	0.0254237	0.0218978	0.017094	
Hibou moyen-duc	0.004329	0.0	0.0015	0.0	0.0	0.0	0.0092166	0.0	0.0042553	0.0015	0.0029851	0.0015	0.0032468	0.0062893	0.0086207	0.0047281	0.0026385	0.0020747	0.0034364	0.0036036	0.0039526	0.0015	0.0089686	0.0015	0.0	0.0	0.0	0.0015	0.0	0.0	0.0	0.0015	0.0015	0.0	0.0049751	0.0	0.0	0.0	0.0	0.0	0.0	0.0072464	0.0087719	0.0	0.0073529	0.0	0.0145985	0.0042735	
Hibou des marais	0.0	0.0015	0.0	0.0	0.0	0.0	0.0046083	0.0	0.0	0.0	0.0015	0.0015	0.0	0.0	0.0	0.0	0.0026385	0.0020747	0.0015	0.0	0.0	0.0	0.0015	0.0	0.0	0.0	0.0	0.0	0.0	0.0	0.0	0.0	0.0	0.0	0.0	0.0	0.0	0.0058824	0.0	0.0	0.0015	0.0	0.0	0.0	0.0	0.0	0.0015	0.008547	
Huppe fasciée	0.0	0.0	0.0	0.0	0.0	0.0	0.0	0.0	0.0	0.0	0.0	0.0052083	0.0064935	0.0157233	0.0229885	0.0141844	0.0422164	0.0228216	0.0446735	0.0342342	0.0158103	0.0324675	0.0179372	0.0342679	0.0403587	0.024	0.0138249	0.0109489	0.0077519	0.0015	0.0079365	0.0015	0.0	0.0	0.0	0.0	0.0	0.0	0.0	0.0	0.0	0.0	0.0	0.0	0.0	0.0	0.0	0.0	
Guêpier d'Europe	0.0	0.0	0.0	0.0	0.0	0.0	0.0	0.0	0.0	0.0	0.0	0.0	0.0	0.0	0.0	0.0	0.0026385	0.0020747	0.0068729	0.0018018	0.0	0.0	0.0015	0.0	0.0	0.004	0.0138249	0.0072993	0.0	0.0015	0.0	0.0	0.0055556	0.0	0.0	0.0	0.0	0.0	0.0	0.0	0.0	0.0	0.0	0.0	0.0	0.0	0.0	0.0	
Martin-pêcheur d'Europe	0.1688312	0.1732673	0.1542289	0.0955631	0.1785714	0.1377953	0.0921659	0.0845771	0.0851064	0.084	0.0955224	0.109375	0.0746753	0.1037736	0.0890805	0.0803783	0.1134565	0.0995851	0.1099656	0.0936937	0.1264822	0.0876623	0.103139	0.1401869	0.1434978	0.18	0.1751152	0.1423358	0.2170543	0.2463768	0.2142857	0.2727273	0.2888889	0.3583815	0.278607	0.3483146	0.3157895	0.3294118	0.2934132	0.23125	0.2675159	0.2536232	0.2894737	0.2974684	0.3088235	0.2457627	0.2627737	0.2307692	
Rollier d'Europe	0.0	0.0	0.0	0.0	0.0	0.0	0.0	0.0	0.0	0.0	0.0	0.0	0.0	0.0	0.0	0.0	0.0	0.0	0.0	0.0	0.0	0.0	0.0	0.0	0.0	0.0	0.0046083	0.0	0.0	0.0	0.0	0.0	0.0	0.0	0.0	0.0	0.0	0.0	0.0	0.0	0.0	0.0	0.0	0.0	0.0	0.0	0.0	0.0	
Torcol fourmilier	0.0	0.0	0.0	0.0	0.0	0.0	0.0	0.0	0.0	0.0	0.0	0.0	0.0097403	0.0062893	0.0114943	0.0047281	0.0131926	0.0165975	0.0068729	0.0126126	0.0039526	0.0227273	0.0089686	0.0031153	0.0015	0.004	0.0	0.0	0.0	0.0	0.0079365	0.008658	0.0111111	0.0	0.0	0.0015	0.005848	0.0	0.0	0.0	0.0	0.0	0.0	0.0	0.0	0.0	0.0	0.0	
Pic mar	0.021645	0.0148515	0.0348259	0.0375427	0.047619	0.015748	0.0230415	0.0447761	0.0340426	0.048	0.0208955	0.0234375	0.0292208	0.0220126	0.0229885	0.0141844	0.0131926	0.0311203	0.0343643	0.0324324	0.0513834	0.0584416	0.0941704	0.0716511	0.0807175	0.04	0.0322581	0.0218978	0.0620155	0.0507246	0.015873	0.025974	0.0	0.0289017	0.0248756	0.0393258	0.0292398	0.0470588	0.0359281	0.05	0.0318471	0.0289855	0.0350877	0.0316456	0.0073529	0.0254237	0.0364964	0.025641	
Pic épeiche	0.2987013	0.2326733	0.2736318	0.2593857	0.2619048	0.1929134	0.2580645	0.2487562	0.2468085	0.264	0.2567164	0.2265625	0.2175325	0.2484277	0.1724138	0.1820331	0.2031662	0.2053942	0.2439863	0.2702703	0.2648221	0.2987013	0.2600897	0.258567	0.2780269	0.236	0.2258065	0.1715328	0.2868217	0.2318841	0.2539683	0.2900433	0.2388889	0.2947977	0.2636816	0.3089888	0.3040936	0.3529412	0.3532934	0.2375	0.3248408	0.2826087	0.3157895	0.335443	0.3455882	0.279661	0.3868613	0.2350427	
Dendrocopos sp.	0.0	0.0	0.0	0.0	0.0	0.003937	0.0	0.0	0.0	0.0	0.0	0.0	0.0	0.0	0.0	0.0	0.0	0.0	0.0	0.0018018	0.0	0.0032468	0.0	0.0	0.0	0.0	0.0	0.0	0.0	0.0	0.0	0.0	0.0	0.0	0.0	0.0	0.0	0.0	0.0	0.0	0.0	0.0	0.0	0.0	0.0	0.0	0.0	0.0	
Pic épeichette	0.012987	0.0049505	0.0248756	0.0102389	0.0	0.0275591	0.0230415	0.0099502	0.0297872	0.032	0.041791	0.03125	0.0487013	0.0283019	0.0287356	0.0118203	0.0015	0.0062241	0.0137457	0.0198198	0.0197628	0.0194805	0.0313901	0.0186916	0.0134529	0.028	0.0322581	0.0109489	0.0542636	0.0072464	0.0079365	0.021645	0.0111111	0.0404624	0.0248756	0.0449438	0.0233918	0.0470588	0.0419162	0.05	0.0191083	0.0289855	0.0087719	0.0506329	0.0367647	0.0084746	0.0218978	0.008547	
Pic vert	0.2683983	0.1930693	0.2935323	0.2866894	0.3452381	0.3031496	0.3917051	0.3084577	0.3744681	0.392	0.3432836	0.3385417	0.4025974	0.3679245	0.2758621	0.2600473	0.2770449	0.2282158	0.2749141	0.1927928	0.2134387	0.1980519	0.2107623	0.2367601	0.2825112	0.284	0.2857143	0.2627737	0.3953488	0.2101449	0.2857143	0.3549784	0.3277778	0.3872832	0.3283582	0.3764045	0.4035088	0.4352941	0.4311377	0.35	0.343949	0.3623188	0.3070175	0.3860759	0.3602941	0.3305085	0.3138686	0.2136752	
Pic noir	0.04329	0.029703	0.0447761	0.0273038	0.0595238	0.0590551	0.0368664	0.0447761	0.0468085	0.044	0.0358209	0.03125	0.0681818	0.0440252	0.0517241	0.0496454	0.0686016	0.060166	0.0652921	0.0648649	0.0355731	0.0519481	0.0538117	0.0093458	0.0403587	0.036	0.0184332	0.0145985	0.0542636	0.0362319	0.015873	0.038961	0.0166667	0.0289017	0.0497512	0.0168539	0.0233918	0.0411765	0.0419162	0.03125	0.0700637	0.0507246	0.0350877	0.0632911	0.0588235	0.059322	0.0291971	0.0470085	
pic sp.	0.0	0.0	0.0	0.0	0.0	0.0	0.0046083	0.0	0.0	0.0	0.0	0.0	0.0	0.0	0.0	0.0	0.0	0.0	0.0	0.0	0.0	0.0	0.0	0.0	0.0	0.0	0.0	0.0	0.0	0.0	0.0	0.0	0.0	0.0	0.0	0.0	0.0	0.0	0.0	0.0	0.0	0.0	0.0	0.0	0.0	0.0	0.0	0.0	
Faucon crécerelle	0.2294372	0.1534653	0.1243781	0.1877133	0.1607143	0.1299213	0.1520737	0.159204	0.1319149	0.196	0.2029851	0.1901042	0.1915584	0.2232704	0.2155172	0.1702128	0.1583113	0.1618257	0.209622	0.1459459	0.1383399	0.1655844	0.1524664	0.1308411	0.1255605	0.124	0.1290323	0.1058394	0.0852713	0.1376812	0.1507937	0.1341991	0.1944444	0.2601156	0.2238806	0.2134831	0.251462	0.2176471	0.3233533	0.19375	0.1528662	0.1449275	0.2631579	0.2405063	0.2132353	0.1610169	0.2116788	0.1837607	
Faucon kobez	0.0	0.0	0.0	0.0	0.0	0.0	0.0	0.0	0.0	0.0	0.0	0.0	0.0	0.0	0.0	0.0	0.0026385	0.0015	0.0	0.0	0.0039526	0.0	0.0044843	0.0	0.0	0.0	0.0	0.0	0.0	0.0	0.0	0.0	0.0	0.0	0.0	0.0	0.0	0.0	0.0	0.0	0.0	0.0	0.0	0.0	0.0	0.0	0.0	0.0	
Faucon émerillon	0.004329	0.009901	0.0049751	0.003413	0.0059524	0.0	0.0092166	0.0099502	0.0	0.0	0.0029851	0.0052083	0.0032468	0.0031447	0.0086207	0.0023641	0.0026385	0.0041494	0.0	0.0	0.0	0.0	0.0	0.0	0.0	0.0	0.0	0.0	0.0	0.0	0.0	0.0	0.0111111	0.0015	0.0049751	0.011236	0.005848	0.0117647	0.0179641	0.01875	0.0063694	0.0	0.0	0.0015	0.0073529	0.0	0.0	0.0042735	
Faucon hobereau	0.0	0.0	0.0	0.0	0.0	0.0	0.0	0.0	0.0	0.0	0.0	0.0	0.0	0.009434	0.0431034	0.0638298	0.0870712	0.0850622	0.0996564	0.0846847	0.0671937	0.1006494	0.0852018	0.0747664	0.0896861	0.072	0.0737327	0.0948905	0.1627907	0.1014493	0.1111111	0.1861472	0.1	0.1387283	0.1243781	0.0842697	0.0643275	0.0411765	0.005988	0.0	0.0	0.0	0.0	0.0	0.0	0.0	0.0	0.0	
Faucon pèlerin	0.0	0.0148515	0.0049751	0.0068259	0.0119048	0.0	0.0046083	0.0049751	0.0042553	0.0	0.0029851	0.0015	0.0097403	0.0062893	0.0114943	0.0015	0.0026385	0.0103734	0.0034364	0.0072072	0.0118577	0.0015	0.0015	0.0062305	0.0044843	0.004	0.0046083	0.0036496	0.0015	0.0072464	0.0079365	0.025974	0.0	0.017341	0.0348259	0.0168539	0.0116959	0.0015	0.0179641	0.0015	0.0063694	0.0072464	0.0175439	0.0126582	0.0	0.0	0.0015	0.017094	
petit faucon sp.	0.0	0.0	0.0	0.0	0.0	0.0	0.0	0.0	0.0	0.0	0.0	0.0	0.0	0.0	0.0	0.0	0.0	0.0	0.0	0.0	0.0	0.0	0.0	0.0	0.0	0.0	0.0	0.0	0.0	0.0	0.0	0.0	0.0	0.0	0.0	0.005618	0.0	0.0	0.0	0.0	0.0	0.0	0.0	0.0	0.0	0.0	0.0	0.0	
Falco sp.	0.0	0.0	0.0	0.0	0.0	0.0	0.0	0.0	0.0	0.0	0.0	0.0	0.0	0.0	0.0	0.0	0.0	0.0	0.0015	0.0	0.0079051	0.0	0.0	0.0031153	0.0	0.004	0.0	0.0	0.0	0.0	0.0079365	0.0	0.0	0.0	0.0	0.0	0.0	0.0	0.0	0.0	0.0	0.0	0.0	0.0	0.0	0.0	0.0	0.0	
Calopsitte élégante	0.0	0.0	0.0	0.0	0.0	0.0	0.0	0.0	0.0	0.0	0.0	0.0	0.0	0.0	0.0	0.0	0.0	0.0	0.0	0.0	0.0	0.0	0.0	0.0	0.0	0.0	0.0	0.0	0.0	0.0	0.0	0.0	0.0	0.0	0.0	0.0	0.0	0.0	0.0	0.0	0.0	0.0	0.0	0.0	0.0	0.0	0.0015	0.0	
Perruche alexandre	0.0	0.0	0.0	0.0	0.0015	0.003937	0.0	0.0	0.0	0.0	0.0	0.0	0.0	0.0	0.0	0.0	0.0	0.0	0.0	0.0	0.0	0.0	0.0	0.0	0.0	0.0	0.0	0.0	0.0	0.0	0.0	0.0	0.0	0.0	0.0	0.0	0.0	0.0	0.0	0.0	0.0	0.0	0.0	0.0	0.0	0.0	0.0	0.0	
Perruche à collier	0.3160173	0.2722772	0.2338308	0.2764505	0.3809524	0.1889764	0.2211982	0.2487562	0.293617	0.248	0.1880597	0.2473958	0.211039	0.2358491	0.2413793	0.2293144	0.2216359	0.1784232	0.2302405	0.1513514	0.1541502	0.1720779	0.2152466	0.1744548	0.2376682	0.152	0.1428571	0.1386861	0.1472868	0.1521739	0.1031746	0.1818182	0.25	0.2716763	0.2736318	0.3932584	0.2280702	0.3235294	0.2814371	0.25	0.3121019	0.384058	0.3157895	0.3607595	0.3970588	0.3050847	0.4160584	0.2435897	
Perriche veuve	0.0	0.0	0.0	0.0	0.0	0.0	0.0	0.0	0.0	0.0	0.0	0.0	0.0	0.0	0.0	0.0	0.0	0.0	0.0	0.0	0.0	0.0	0.0	0.0031153	0.0	0.0	0.0	0.0	0.0	0.0	0.0	0.0	0.0	0.0	0.0	0.0	0.0	0.0	0.0	0.0	0.0	0.0	0.0	0.0	0.0	0.0	0.0	0.0	
Psittaciformes sp. (Parakeet)	0.0	0.0	0.0	0.0	0.0	0.0	0.0	0.0	0.0	0.0	0.0	0.0	0.0	0.0	0.0	0.0	0.0	0.0	0.0	0.0	0.0	0.0	0.0	0.0	0.0	0.0	0.0	0.0	0.0	0.0	0.0	0.0	0.0	0.0	0.0	0.0	0.0	0.0	0.0	0.0	0.0	0.0072464	0.0	0.0	0.0	0.0	0.0	0.0	
Loriot d'Europe	0.0	0.0	0.0	0.0	0.0	0.0	0.0	0.0	0.0	0.0	0.0	0.0	0.0	0.0	0.0086207	0.035461	0.0923483	0.1182573	0.1134021	0.1009009	0.1067194	0.0746753	0.0807175	0.0934579	0.0986547	0.112	0.0829493	0.0437956	0.0697674	0.0362319	0.0238095	0.017316	0.0	0.0	0.0	0.0	0.0	0.0	0.0	0.0	0.0	0.0	0.0	0.0	0.0	0.0	0.0	0.0	
Pie-grièche écorcheur	0.0	0.0	0.0	0.0	0.0	0.0	0.0	0.0	0.0	0.0	0.0	0.0	0.0	0.0	0.0	0.0047281	0.0105541	0.0352697	0.0515464	0.0648649	0.0671937	0.0811688	0.0627803	0.0685358	0.0627803	0.064	0.0645161	0.0510949	0.0930233	0.0289855	0.0238095	0.004329	0.0	0.0057803	0.0	0.0	0.0	0.0	0.0	0.0	0.0	0.0	0.0	0.0	0.0	0.0	0.0	0.0	
Pie-grièche grise	0.0	0.0	0.0	0.0	0.0	0.0015	0.0092166	0.0049751	0.0	0.0	0.0059701	0.0	0.0	0.0	0.0	0.0	0.0	0.0	0.0	0.0	0.0	0.0	0.0	0.0	0.0	0.0	0.0	0.0	0.0	0.0	0.0	0.0	0.0	0.0	0.0	0.0	0.0	0.0	0.0	0.0	0.0063694	0.0	0.0	0.0	0.0	0.0	0.0	0.0	
Pie-grièche à tête rousse	0.0	0.0	0.0	0.0	0.0	0.0	0.0	0.0	0.0	0.0	0.0	0.0	0.0	0.0	0.0	0.0	0.0	0.0	0.0015	0.0	0.0	0.0	0.0	0.0	0.0	0.0	0.0	0.0	0.0	0.0	0.0	0.0	0.0	0.0	0.0	0.0	0.0	0.0	0.0	0.0	0.0	0.0	0.0	0.0	0.0	0.0	0.0	0.0	
Geai des chênes	0.2857143	0.1930693	0.2089552	0.2593857	0.2797619	0.2125984	0.1843318	0.1542289	0.2042553	0.292	0.2089552	0.2604167	0.2532468	0.2610063	0.1781609	0.1678487	0.171504	0.153527	0.2302405	0.1801802	0.1897233	0.1493506	0.1748879	0.1993769	0.1928251	0.18	0.1290323	0.1094891	0.2403101	0.1956522	0.1825397	0.3333333	0.3055556	0.3930636	0.3880597	0.4438202	0.4210526	0.4529412	0.502994	0.3375	0.3757962	0.3768116	0.3508772	0.3670886	0.3088235	0.3220339	0.3430657	0.2136752	
Pie bavarde	0.6320346	0.5594059	0.641791	0.6075085	0.6130952	0.5708661	0.562212	0.5870647	0.6170213	0.624	0.5373134	0.5911458	0.5746753	0.5880503	0.5316092	0.501182	0.4459103	0.4170124	0.4776632	0.4378378	0.4387352	0.3831169	0.4618834	0.4485981	0.4663677	0.484	0.4285714	0.3832117	0.4573643	0.3985507	0.4206349	0.4199134	0.5166667	0.6300578	0.5472637	0.6179775	0.5847953	0.7058824	0.6706587	0.5375	0.6305732	0.6231884	0.622807	0.664557	0.6397059	0.7288136	0.7007299	0.5213675	
Choucas des tours	0.2900433	0.2277228	0.2437811	0.2696246	0.2916667	0.3110236	0.1843318	0.2039801	0.1404255	0.124	0.1074627	0.1015625	0.0681818	0.072327	0.0804598	0.0945626	0.0844327	0.0995851	0.0756014	0.0990991	0.0948617	0.0941558	0.0896861	0.0872274	0.0403587	0.028	0.0276498	0.0291971	0.0465116	0.0217391	0.031746	0.0779221	0.1277778	0.132948	0.119403	0.1685393	0.1754386	0.2058824	0.2874251	0.28125	0.2993631	0.2753623	0.2894737	0.3101266	0.2720588	0.2457627	0.3065693	0.2051282	
Corbeau freux	0.2510823	0.1980198	0.1691542	0.2423208	0.2142857	0.2795276	0.1751152	0.1741294	0.1744681	0.172	0.1701493	0.1979167	0.1590909	0.1226415	0.137931	0.1394799	0.1477573	0.1576763	0.1340206	0.1441441	0.1462451	0.0941558	0.0986547	0.0903427	0.0807175	0.06	0.0368664	0.0620438	0.0775194	0.0507246	0.0873016	0.1428571	0.2111111	0.2254335	0.159204	0.2191011	0.2690058	0.1941176	0.3113772	0.20625	0.3184713	0.1956522	0.2280702	0.2911392	0.2720588	0.2627119	0.3211679	0.2008547	
Corneille noire	0.8138528	0.7772277	0.8208955	0.7849829	0.8392857	0.7283465	0.7880184	0.7562189	0.7404255	0.772	0.8	0.7760417	0.7532468	0.745283	0.7298851	0.6950355	0.7282322	0.6763485	0.6907216	0.6702703	0.5968379	0.6266234	0.6816143	0.6728972	0.6816143	0.708	0.6497696	0.5145985	0.5968992	0.5797101	0.5793651	0.6406926	0.7555556	0.8554913	0.7462687	0.7865169	0.7777778	0.8470588	0.7964072	0.6875	0.7643312	0.7971014	0.8070175	0.7911392	0.7941176	0.8728814	0.7956204	0.7478632	
corneille sp.	0.0	0.0	0.0	0.0	0.0	0.0	0.0	0.0	0.0	0.0	0.0	0.0	0.0	0.0	0.0	0.0	0.0	0.0	0.0	0.0	0.0	0.0	0.0	0.0	0.0	0.0	0.0	0.0	0.0	0.0	0.0	0.0	0.0	0.0	0.0	0.0	0.0	0.0058824	0.0	0.00625	0.0	0.0	0.0	0.0	0.0	0.0	0.0	0.0	
Grand Corbeau	0.0	0.0	0.0	0.0	0.0	0.0	0.0	0.0	0.0	0.004	0.0	0.0	0.0032468	0.0	0.0	0.0	0.0	0.0	0.0	0.0	0.0	0.0	0.0	0.0	0.0	0.0	0.0	0.0	0.0	0.0	0.0	0.0	0.0	0.0	0.0	0.0	0.0	0.0	0.0	0.0	0.0	0.0	0.0	0.0	0.0	0.0	0.0	0.0	
corvidé sp.	0.0	0.0	0.0	0.0	0.0	0.0	0.0	0.0	0.0	0.0	0.0	0.0	0.0	0.0	0.0	0.0	0.0	0.0	0.0	0.0	0.0	0.0	0.0044843	0.0	0.0	0.0	0.0	0.0	0.0	0.0	0.0	0.0	0.0	0.0	0.0	0.0	0.0	0.0	0.0	0.0	0.0	0.0	0.0	0.0	0.0	0.0	0.0	0.0	
Mésange noire	0.008658	0.0049505	0.0	0.003413	0.0119048	0.003937	0.0230415	0.0149254	0.0212766	0.02	0.0298507	0.0286458	0.0519481	0.0188679	0.0114943	0.0283688	0.0211082	0.0248963	0.0171821	0.0252252	0.0158103	0.0616883	0.044843	0.0218069	0.0269058	0.012	0.0276498	0.0145985	0.0852713	0.0072464	0.0079365	0.008658	0.0	0.0057803	0.0199005	0.0449438	0.0015	0.0529412	0.005988	0.0375	0.0063694	0.0072464	0.0087719	0.0	0.0	0.0	0.0	0.0213675	
Mésange huppée	0.017316	0.0148515	0.0248756	0.0273038	0.0416667	0.007874	0.0414747	0.0298507	0.0297872	0.052	0.0567164	0.0338542	0.0714286	0.0408805	0.0431034	0.0520095	0.0738786	0.0560166	0.0618557	0.0702703	0.0869565	0.1461039	0.0986547	0.0654206	0.0941704	0.024	0.0506912	0.0291971	0.0930233	0.0362319	0.0238095	0.0606061	0.0222222	0.0404624	0.0497512	0.0449438	0.0526316	0.0705882	0.0299401	0.04375	0.0318471	0.0144928	0.0175439	0.0316456	0.0073529	0.0084746	0.0291971	0.0299145	
Mésange nonnette	0.1471861	0.0544554	0.1044776	0.109215	0.1190476	0.1220472	0.1198157	0.1144279	0.1021277	0.152	0.1074627	0.0546875	0.0746753	0.0660377	0.0488506	0.0756501	0.0633245	0.0539419	0.0549828	0.0810811	0.0790514	0.1103896	0.1210762	0.0716511	0.0672646	0.096	0.078341	0.0474453	0.1085271	0.0797101	0.0873016	0.1125541	0.0722222	0.1560694	0.1393035	0.0955056	0.1695906	0.1352941	0.1137725	0.075	0.089172	0.0869565	0.1052632	0.1012658	0.1323529	0.1016949	0.1824818	0.1025641	
Mésange boréale	0.0	0.0148515	0.0049751	0.003413	0.0	0.003937	0.0	0.0099502	0.0	0.0	0.0015	0.0015	0.0032468	0.0015	0.0015	0.0	0.0	0.0020747	0.0	0.0	0.0	0.0	0.0089686	0.0	0.0015	0.0	0.0046083	0.0	0.0077519	0.0072464	0.031746	0.017316	0.0055556	0.0	0.0	0.005618	0.0	0.0058824	0.0	0.0	0.0063694	0.0	0.0	0.0	0.0	0.0	0.0072993	0.0213675	
Mésange bleue	0.5844156	0.5346535	0.5671642	0.5767918	0.6190476	0.5433071	0.59447	0.5771144	0.5191489	0.58	0.5223881	0.5572917	0.6233766	0.581761	0.4195402	0.3687943	0.3588391	0.3319502	0.4467354	0.4072072	0.3992095	0.4188312	0.4618834	0.4205607	0.4349776	0.384	0.3917051	0.2664234	0.4341085	0.4347826	0.4206349	0.4069264	0.5055556	0.5722543	0.4776119	0.5786517	0.5789474	0.6176471	0.6227545	0.54375	0.5796178	0.6231884	0.5877193	0.6265823	0.6176471	0.6355932	0.6569343	0.542735	
Mésange charbonnière	0.5844156	0.5346535	0.6368159	0.6279863	0.7261905	0.6377953	0.6774194	0.6567164	0.6510638	0.688	0.638806	0.6848958	0.6558442	0.672956	0.591954	0.5555556	0.5620053	0.5041494	0.5360825	0.4900901	0.4505929	0.461039	0.470852	0.3925234	0.4843049	0.42	0.3271889	0.2737226	0.4341085	0.3913043	0.3333333	0.4329004	0.5166667	0.5549133	0.4776119	0.6235955	0.6432749	0.6705882	0.5988024	0.50625	0.4968153	0.5724638	0.6491228	0.5949367	0.5147059	0.5847458	0.5693431	0.4957265	
Rémiz penduline	0.0	0.0	0.0	0.0	0.0	0.0	0.0	0.0	0.0	0.0	0.0	0.0078125	0.0	0.0	0.0028736	0.0023641	0.0	0.0	0.0	0.0	0.0	0.0	0.0	0.0	0.0	0.0	0.0	0.0	0.0	0.0	0.0	0.0	0.0	0.0	0.0	0.0	0.0015	0.0	0.0299401	0.00625	0.0	0.0	0.0	0.0	0.0	0.0	0.0	0.0042735	
Alouette lulu	0.008658	0.0	0.0015	0.003413	0.0178571	0.0015	0.0322581	0.0248756	0.0085106	0.036	0.038806	0.0234375	0.0454545	0.0283019	0.0229885	0.0330969	0.0527704	0.0414938	0.0584192	0.0540541	0.0197628	0.0714286	0.058296	0.0249221	0.0179372	0.012	0.0138249	0.0036496	0.0155039	0.0	0.0	0.004329	0.0	0.0057803	0.0	0.0015	0.0292398	0.0588235	0.1137725	0.05625	0.0127389	0.0217391	0.0263158	0.0126582	0.0073529	0.0	0.0	0.0128205	
Alouette des champs	0.1082251	0.0742574	0.0646766	0.0375427	0.0535714	0.0866142	0.1382488	0.159204	0.1191489	0.172	0.1850746	0.1770833	0.1396104	0.1698113	0.1321839	0.106383	0.1503958	0.1701245	0.1546392	0.1531532	0.1304348	0.1396104	0.1524664	0.1152648	0.1165919	0.12	0.0921659	0.0364964	0.0387597	0.0072464	0.015873	0.017316	0.0222222	0.0462428	0.0248756	0.0393258	0.0760234	0.2235294	0.3532934	0.34375	0.3057325	0.173913	0.2017544	0.1962025	0.0588235	0.0847458	0.1021898	0.0897436	
Cochevis huppé	0.004329	0.0049505	0.0	0.0	0.0059524	0.0015	0.0	0.0015	0.0	0.0015	0.0	0.0026042	0.0	0.0	0.0028736	0.0023641	0.005277	0.0062241	0.0015	0.0015	0.0	0.0032468	0.0	0.0	0.0015	0.0	0.0	0.0	0.0	0.0	0.0	0.0	0.0015	0.0	0.0	0.0	0.0	0.0	0.0	0.0	0.0	0.0	0.0	0.0	0.0	0.0	0.0	0.0	
alaudidé sp.	0.0	0.0	0.0	0.0	0.0	0.0	0.0	0.0	0.0	0.004	0.0	0.0	0.0	0.0	0.0	0.0	0.0	0.0	0.0	0.0	0.0	0.0	0.0	0.0	0.0	0.0	0.0	0.0	0.0	0.0	0.0	0.0	0.0	0.0	0.0	0.0	0.0	0.0	0.0	0.0	0.0	0.0	0.0	0.0	0.0	0.0	0.0	0.0	
Panure à moustaches	0.008658	0.0049505	0.0015	0.0	0.0	0.0	0.0	0.0	0.0	0.0	0.0	0.0	0.0	0.0	0.0	0.0	0.0	0.0	0.0	0.0	0.0	0.0	0.0	0.0	0.0	0.0	0.0	0.0	0.0	0.0	0.0	0.0	0.0	0.0	0.0	0.0	0.0	0.0	0.0	0.0	0.0	0.0	0.0087719	0.0126582	0.0073529	0.0	0.0	0.008547	
Cisticole des joncs	0.008658	0.0	0.0049751	0.0	0.0	0.003937	0.0	0.0	0.0	0.0	0.0	0.0026042	0.0	0.0062893	0.0015	0.0047281	0.005277	0.0020747	0.0	0.0018018	0.0	0.0064935	0.0089686	0.0093458	0.0044843	0.028	0.0230415	0.0036496	0.0077519	0.0144928	0.015873	0.004329	0.0055556	0.0	0.0	0.0	0.005848	0.0058824	0.0	0.0	0.0	0.0	0.0	0.0	0.0	0.0	0.0	0.0	
Hypolaïs polyglotte	0.0	0.0	0.0	0.0	0.0	0.0	0.0	0.0	0.0	0.0	0.0	0.0	0.0	0.0	0.0028736	0.0827423	0.1424802	0.2406639	0.2268041	0.2342342	0.2411067	0.2077922	0.1928251	0.1464174	0.161435	0.052	0.0737327	0.0620438	0.0465116	0.0217391	0.0	0.0	0.0111111	0.0057803	0.0	0.0	0.0	0.0	0.0	0.0	0.0	0.0	0.0	0.0	0.0	0.0	0.0	0.0	
Phragmite des joncs	0.0	0.0	0.0	0.0	0.0	0.0	0.0	0.0	0.0	0.0	0.0015	0.015625	0.0584416	0.0314465	0.0431034	0.0496454	0.0131926	0.0394191	0.0171821	0.0378378	0.0079051	0.012987	0.0224215	0.0186916	0.0044843	0.016	0.0092166	0.0145985	0.0232558	0.0144928	0.0238095	0.030303	0.0111111	0.0015	0.0	0.005618	0.0015	0.0	0.0	0.0	0.0	0.0	0.0	0.0	0.0	0.0	0.0	0.0	
Rousserolle verderolle	0.0	0.0	0.0	0.0	0.0	0.0	0.0	0.0	0.0	0.0	0.0	0.0	0.0	0.0	0.0	0.0023641	0.0026385	0.0394191	0.0687285	0.1009009	0.0909091	0.1071429	0.0896861	0.0654206	0.0717489	0.056	0.0276498	0.0145985	0.0077519	0.0	0.0	0.0	0.0	0.0	0.0	0.0	0.0	0.0	0.0	0.0	0.0	0.0	0.0	0.0	0.0	0.0	0.0	0.0	
Rousserolle effarvatte	0.0	0.0	0.0	0.0	0.0	0.0	0.0	0.0	0.0	0.0	0.0	0.0	0.0	0.0125786	0.0258621	0.0992908	0.121372	0.1887967	0.1718213	0.209009	0.1620553	0.1590909	0.1838565	0.1993769	0.1704036	0.16	0.1290323	0.1021898	0.1705426	0.0942029	0.1507937	0.0822511	0.0388889	0.017341	0.0099502	0.0224719	0.0175439	0.0117647	0.0	0.0	0.0063694	0.0015	0.0	0.0	0.0	0.0	0.0	0.0	
Rousserolle verderolle ou R. effarvatte	0.0	0.0	0.0	0.0	0.0	0.0	0.0	0.0	0.0	0.0	0.0	0.0	0.0	0.0	0.0	0.0	0.0	0.0	0.0	0.0018018	0.0	0.0	0.0044843	0.0	0.0	0.0	0.0	0.0	0.0	0.0	0.0	0.0	0.0	0.0	0.0	0.0	0.0	0.0	0.0	0.0	0.0	0.0	0.0	0.0	0.0	0.0	0.0	0.0	
Rousserolle turdoïde	0.0	0.0	0.0	0.0	0.0	0.0	0.0	0.0	0.0	0.0	0.0	0.0	0.0	0.0	0.0	0.0189125	0.0395778	0.06639	0.0618557	0.0666667	0.0671937	0.0357143	0.0269058	0.0716511	0.0358744	0.02	0.0092166	0.0036496	0.0077519	0.0015	0.0	0.0	0.0	0.0	0.0	0.0	0.0	0.0	0.0	0.0	0.0	0.0	0.0	0.0	0.0	0.0	0.0	0.0	
Acrocephalus sp.	0.0	0.0	0.0	0.0	0.0	0.0	0.0	0.0	0.0	0.0	0.0	0.0	0.0	0.0	0.0	0.0	0.0	0.0	0.0	0.0	0.0	0.0	0.0	0.0031153	0.0	0.0	0.0	0.0	0.0	0.0	0.0	0.0	0.0	0.0	0.0	0.0	0.0	0.0	0.0	0.0	0.0	0.0	0.0	0.0	0.0	0.0	0.0	0.0	
Locustelle luscinioïde	0.0	0.0	0.0	0.0	0.0	0.0	0.0	0.0	0.0	0.0	0.0	0.0	0.0	0.0031447	0.0015	0.0047281	0.0015	0.0082988	0.0034364	0.0054054	0.0	0.0032468	0.0044843	0.0062305	0.0179372	0.016	0.0184332	0.0072993	0.0	0.0	0.0	0.0	0.0	0.0	0.0	0.0	0.0	0.0	0.0	0.0	0.0	0.0	0.0	0.0	0.0	0.0	0.0	0.0	
Locustelle tachetée	0.0	0.0	0.0	0.0	0.0	0.0	0.0	0.0	0.0	0.0	0.0	0.0	0.0	0.0157233	0.0344828	0.0330969	0.0211082	0.0228216	0.0171821	0.0234234	0.0079051	0.0292208	0.0269058	0.0249221	0.0224215	0.02	0.0092166	0.0109489	0.0	0.0	0.0	0.0	0.0055556	0.0	0.0	0.0	0.0	0.0	0.0	0.0	0.0	0.0	0.0	0.0	0.0	0.0	0.0	0.0	
Hirondelle de rivage	0.0	0.0	0.0	0.0	0.0	0.0	0.0	0.0	0.0042553	0.008	0.0238806	0.03125	0.0584416	0.0786164	0.0977011	0.144208	0.1978892	0.1639004	0.1477663	0.1045045	0.0909091	0.0779221	0.0717489	0.1152648	0.0807175	0.076	0.0460829	0.0474453	0.0852713	0.0652174	0.047619	0.0735931	0.05	0.0404624	0.0298507	0.0505618	0.0175439	0.0058824	0.0	0.0	0.0	0.0	0.0	0.0	0.0	0.0	0.0	0.0	
Hirondelle rustique	0.0	0.0	0.0	0.0	0.0	0.0	0.0	0.0	0.0	0.0	0.0298507	0.1380208	0.2987013	0.3427673	0.3275862	0.3853428	0.3852243	0.3526971	0.2749141	0.2288288	0.2411067	0.2402597	0.2331839	0.2305296	0.309417	0.264	0.2258065	0.2262774	0.255814	0.1666667	0.2380952	0.2943723	0.2833333	0.2023121	0.119403	0.2022472	0.1578947	0.0823529	0.0778443	0.0125	0.0191083	0.0072464	0.0	0.0	0.0	0.0	0.0	0.0	
Hirondelle de fenêtre	0.0	0.0	0.0	0.0	0.0	0.0	0.0	0.0	0.0	0.004	0.0029851	0.0078125	0.0681818	0.091195	0.1408046	0.1560284	0.1662269	0.2385892	0.2371134	0.2	0.2450593	0.25	0.2825112	0.2492212	0.2600897	0.26	0.2119816	0.2773723	0.1937984	0.2246377	0.2222222	0.2813853	0.2555556	0.1849711	0.0995025	0.1011236	0.0935673	0.0176471	0.011976	0.00625	0.0	0.0	0.0	0.0	0.0	0.0	0.0	0.0	
Hirondelle rousseline	0.0	0.0	0.0	0.0	0.0	0.0	0.0	0.0	0.0	0.0	0.0	0.0	0.0	0.0	0.0	0.0	0.0	0.0	0.0	0.0	0.0	0.0	0.0	0.0	0.0	0.0	0.0	0.0	0.0	0.0	0.0	0.0	0.0	0.0015	0.0	0.0	0.0	0.0	0.0	0.0	0.0	0.0	0.0	0.0	0.0	0.0	0.0	0.0	
hirondelle sp.	0.0	0.0	0.0	0.0	0.0	0.0	0.0	0.0	0.0	0.0	0.0	0.0	0.0032468	0.0031447	0.0028736	0.0023641	0.0026385	0.0	0.0	0.0036036	0.0039526	0.0	0.0	0.0031153	0.0044843	0.0	0.0046083	0.0036496	0.0	0.0	0.0	0.0	0.0	0.0	0.0	0.0	0.0116959	0.0	0.0	0.0	0.0	0.0	0.0	0.0	0.0	0.0	0.0	0.0	
Pouillot siffleur	0.0	0.0	0.0	0.0	0.0	0.0	0.0	0.0	0.0	0.0	0.0	0.0	0.0032468	0.0031447	0.0172414	0.0189125	0.0369393	0.0435685	0.0515464	0.0342342	0.0395257	0.0584416	0.0269058	0.0124611	0.0	0.0	0.0	0.0036496	0.0077519	0.0072464	0.0	0.0	0.0	0.0	0.0	0.0	0.0	0.0	0.0	0.0	0.0	0.0	0.0	0.0	0.0	0.0	0.0	0.0	
Pouillot de Bonelli	0.0	0.0	0.0	0.0	0.0	0.0	0.0	0.0	0.0	0.0	0.0	0.0052083	0.0714286	0.0377358	0.0632184	0.0898345	0.1372032	0.1078838	0.1168385	0.1279279	0.0790514	0.1233766	0.0986547	0.0685358	0.0493274	0.02	0.0230415	0.0072993	0.0077519	0.0	0.0	0.004329	0.0	0.0	0.0	0.0	0.0	0.0	0.0	0.0	0.0	0.0	0.0	0.0	0.0	0.0	0.0	0.0	
Pouillot à grands sourcils	0.0	0.0	0.0	0.0	0.0	0.0	0.0	0.0	0.0	0.0	0.0	0.0	0.0	0.0	0.0	0.0	0.0	0.0	0.0	0.0	0.0	0.0	0.0	0.0	0.0	0.0	0.0	0.0	0.0	0.0	0.0	0.0	0.0	0.0	0.0	0.0	0.0116959	0.0	0.0	0.0	0.0	0.0	0.0	0.0	0.0	0.0	0.0	0.0	
Pouillot brun	0.0	0.0	0.0	0.0	0.0	0.0	0.0	0.0	0.0	0.0	0.0	0.0	0.0	0.0	0.0	0.0	0.0	0.0	0.0	0.0	0.0	0.0	0.0	0.0	0.0	0.0	0.0	0.0	0.0	0.0	0.0	0.0	0.0	0.0	0.0	0.0	0.0	0.0	0.0	0.0	0.0	0.0	0.0	0.0	0.0	0.0084746	0.0145985	0.0	
Pouillot fitis	0.0	0.0	0.0	0.0	0.0	0.0	0.0	0.0	0.0	0.004	0.0208955	0.1041667	0.1655844	0.163522	0.1781609	0.1513002	0.176781	0.153527	0.1477663	0.1063063	0.0948617	0.0909091	0.058296	0.0404984	0.0313901	0.028	0.0368664	0.0036496	0.0077519	0.0434783	0.031746	0.0519481	0.0277778	0.0346821	0.0199005	0.0168539	0.0	0.0	0.005988	0.0	0.0	0.0	0.0	0.0	0.0	0.0	0.0	0.0	
Pouillot véloce	0.1341991	0.1485149	0.1393035	0.112628	0.1130952	0.1299213	0.1612903	0.278607	0.3957447	0.544	0.6179104	0.6796875	0.6818182	0.6477987	0.5517241	0.536643	0.530343	0.5290456	0.5498282	0.4990991	0.5019763	0.5324675	0.4484305	0.4174455	0.4035874	0.344	0.2534562	0.2043796	0.3488372	0.3115942	0.3888889	0.4675325	0.4833333	0.5549133	0.5621891	0.5955056	0.619883	0.4941176	0.6347305	0.33125	0.4076433	0.2681159	0.3245614	0.2911392	0.3382353	0.2372881	0.2919708	0.1367521	
Pouillot ibérique	0.0	0.0	0.0	0.0	0.0	0.0	0.0	0.0	0.0	0.0	0.0	0.0	0.0	0.0	0.0	0.0	0.0	0.0020747	0.0034364	0.0036036	0.0	0.0	0.0015	0.0031153	0.0	0.0	0.0	0.0	0.0	0.0	0.0	0.0	0.0	0.0	0.0	0.0	0.0	0.0	0.0	0.0	0.0	0.0	0.0	0.0	0.0	0.0	0.0	0.0	
pouillot sp.	0.0	0.0	0.0	0.0	0.0	0.0	0.0	0.0	0.0042553	0.0	0.0	0.0	0.0	0.0	0.0	0.0	0.0	0.0	0.0	0.0	0.0	0.0	0.0	0.0	0.0	0.0	0.0	0.0036496	0.0	0.0072464	0.0	0.0	0.0	0.0015	0.0	0.0	0.0	0.0015	0.0	0.0	0.0	0.0	0.0	0.0	0.0	0.0	0.0	0.0	
Bouscarle de Cetti	0.0735931	0.049505	0.079602	0.0648464	0.077381	0.0905512	0.0506912	0.0497512	0.0680851	0.06	0.0776119	0.0729167	0.0876623	0.081761	0.0804598	0.0827423	0.0791557	0.126556	0.1202749	0.1135135	0.0750988	0.0551948	0.0672646	0.0716511	0.0358744	0.04	0.0460829	0.0510949	0.0852713	0.0652174	0.0873016	0.1125541	0.0666667	0.0693642	0.0995025	0.1516854	0.1111111	0.0941176	0.0778443	0.175	0.1273885	0.1521739	0.1052632	0.1075949	0.1176471	0.1186441	0.1167883	0.0897436	
Orite à longue queue	0.2943723	0.2524752	0.2636816	0.2730375	0.3095238	0.2795276	0.359447	0.3383085	0.2723404	0.312	0.280597	0.2395833	0.2532468	0.2389937	0.2270115	0.2269504	0.2110818	0.2053942	0.2371134	0.1981982	0.1699605	0.1785714	0.1704036	0.1495327	0.1928251	0.168	0.1290323	0.1277372	0.2170543	0.1666667	0.1746032	0.2337662	0.2166667	0.2543353	0.238806	0.3089888	0.3684211	0.3294118	0.3652695	0.28125	0.343949	0.3405797	0.4122807	0.3860759	0.3455882	0.3135593	0.3284672	0.2820513	
Fauvette à tête noire	0.012987	0.009901	0.0099502	0.003413	0.0178571	0.0	0.0184332	0.039801	0.0723404	0.104	0.2179104	0.5078125	0.6201299	0.6572327	0.591954	0.6217494	0.6094987	0.6182573	0.5945017	0.618018	0.5731225	0.5779221	0.5784753	0.5482866	0.5246637	0.46	0.3133641	0.1970803	0.2713178	0.1884058	0.2380952	0.3852814	0.2944444	0.3757225	0.2736318	0.3258427	0.2690058	0.1705882	0.1736527	0.04375	0.0318471	0.0072464	0.0015	0.0	0.0073529	0.0084746	0.0	0.008547	
Fauvette des jardins	0.0	0.0	0.0	0.0	0.0	0.0	0.0	0.0	0.0	0.0	0.0	0.0	0.0032468	0.0283019	0.0431034	0.1867612	0.23219	0.2738589	0.209622	0.2216216	0.2213439	0.1590909	0.1838565	0.1744548	0.1524664	0.12	0.0599078	0.0255474	0.0387597	0.0144928	0.0238095	0.030303	0.0166667	0.0115607	0.0049751	0.0	0.0	0.0	0.0	0.0	0.0	0.0	0.0	0.0	0.0	0.0	0.0	0.0	
Fauvette babillarde	0.0	0.0	0.0	0.0	0.0	0.0	0.0	0.0	0.0	0.0	0.0	0.0	0.0	0.0125786	0.0028736	0.0378251	0.0105541	0.0165975	0.0171821	0.0198198	0.0237154	0.012987	0.0089686	0.0124611	0.0179372	0.012	0.0	0.0109489	0.0155039	0.0015	0.031746	0.021645	0.0277778	0.0	0.0	0.005618	0.0	0.0	0.0	0.0	0.0	0.0	0.0	0.0	0.0	0.0	0.0	0.0	
Fauvette grisette	0.0	0.0	0.0	0.0	0.0	0.0	0.0	0.0	0.0	0.0	0.0	0.0026042	0.0681818	0.2264151	0.3247126	0.3900709	0.4406332	0.4273859	0.3917526	0.3657658	0.3359684	0.3019481	0.2869955	0.2679128	0.2869955	0.196	0.0875576	0.1058394	0.1007752	0.0869565	0.0634921	0.1082251	0.0333333	0.0231214	0.0149254	0.005618	0.0	0.0	0.0	0.0	0.0	0.0	0.0	0.0	0.0	0.0	0.0	0.0	
Fauvette pitchou	0.0	0.0	0.0	0.0	0.0	0.0	0.0046083	0.0	0.0	0.0	0.0	0.0	0.0	0.0	0.0	0.0	0.0079156	0.0015	0.0103093	0.0	0.0	0.0032468	0.0	0.0	0.0044843	0.0	0.0	0.0	0.0015	0.0	0.0	0.0	0.0	0.0	0.0	0.0	0.0	0.0	0.0	0.0	0.0	0.0015	0.0	0.0	0.0	0.0	0.0015	0.0	
Roitelet huppé	0.1558442	0.1188119	0.1343284	0.1501706	0.1607143	0.0551181	0.0875576	0.1293532	0.0808511	0.076	0.0656716	0.0520833	0.0551948	0.0628931	0.0402299	0.0307329	0.0527704	0.0311203	0.04811	0.0252252	0.0316206	0.0551948	0.0538117	0.0436137	0.0358744	0.028	0.0276498	0.0218978	0.0232558	0.0289855	0.015873	0.008658	0.0833333	0.0346821	0.0746269	0.0786517	0.0994152	0.1705882	0.1556886	0.175	0.1656051	0.2101449	0.1929825	0.3037975	0.25	0.1864407	0.2408759	0.1324786	
Roitelet à triple bandeau	0.0779221	0.0693069	0.0447761	0.0887372	0.0892857	0.0826772	0.0875576	0.0646766	0.0723404	0.116	0.1044776	0.0755208	0.0779221	0.0880503	0.0718391	0.0661939	0.0817942	0.0726141	0.0687285	0.0540541	0.0395257	0.0681818	0.0538117	0.0311526	0.0224215	0.02	0.0230415	0.0072993	0.0465116	0.0217391	0.0	0.034632	0.0333333	0.0115607	0.0696517	0.0449438	0.0701754	0.0705882	0.1137725	0.06875	0.133758	0.1231884	0.1140351	0.1518987	0.1544118	0.1186441	0.1167883	0.0811966	
Roitelet huppé ou R. à triple bandeau	0.0	0.0049505	0.0	0.0	0.0	0.0	0.0	0.0	0.0042553	0.004	0.0	0.0	0.0	0.0	0.0028736	0.0	0.0	0.0	0.0	0.0	0.0039526	0.0	0.0	0.0	0.0	0.0	0.0	0.0	0.0	0.0	0.0015	0.004329	0.0	0.0	0.0	0.0	0.0	0.0	0.0	0.0	0.0	0.0	0.0	0.0063291	0.0	0.0	0.0072993	0.0042735	
Sittelle torchepot	0.1341991	0.0891089	0.1144279	0.1296928	0.1666667	0.1417323	0.1382488	0.1293532	0.1446809	0.148	0.161194	0.1614583	0.1850649	0.1006289	0.0833333	0.0543735	0.060686	0.06639	0.0790378	0.0918919	0.0711462	0.1461039	0.1793722	0.1028037	0.1345291	0.108	0.1198157	0.0547445	0.1395349	0.0797101	0.0952381	0.1731602	0.15	0.1156069	0.1144279	0.1292135	0.1169591	0.1352941	0.1317365	0.10625	0.089172	0.0797101	0.0789474	0.1012658	0.0882353	0.0847458	0.1313869	0.1111111	
Grimpereau des jardins	0.2380952	0.2376238	0.2835821	0.2593857	0.3333333	0.2598425	0.2949309	0.2736318	0.2382979	0.312	0.2447761	0.2916667	0.3084416	0.2515723	0.2241379	0.2269504	0.2638522	0.2427386	0.3230241	0.2648649	0.2094862	0.2467532	0.2735426	0.2554517	0.3183857	0.224	0.2488479	0.1532847	0.2015504	0.2391304	0.2301587	0.2900433	0.2666667	0.3179191	0.2885572	0.3146067	0.3391813	0.3882353	0.3592814	0.24375	0.2675159	0.3188406	0.2368421	0.3164557	0.3088235	0.2288136	0.2627737	0.2094017	
Troglodyte mignon	0.4372294	0.3712871	0.3830846	0.3549488	0.3869048	0.4055118	0.3870968	0.4427861	0.4468085	0.448	0.4328358	0.4322917	0.4545455	0.4150943	0.3477011	0.3191489	0.3139842	0.2987552	0.3161512	0.3027027	0.3043478	0.3636364	0.3273543	0.305296	0.32287	0.216	0.1935484	0.1313869	0.1937984	0.1521739	0.1746032	0.1818182	0.1222222	0.1791908	0.1791045	0.2247191	0.3333333	0.3588235	0.4431138	0.35625	0.4840764	0.4492754	0.5438596	0.5632911	0.5588235	0.5084746	0.5328467	0.3803419	
Cincle plongeur	0.0	0.0	0.0	0.0	0.0	0.0	0.0	0.0	0.0	0.0	0.0	0.0	0.0	0.0	0.0	0.0	0.0	0.0	0.0	0.0015	0.0	0.0	0.0	0.0	0.0	0.0	0.0	0.0	0.0	0.0	0.0	0.0	0.0	0.0	0.0	0.0	0.0	0.0	0.0	0.0	0.0	0.0	0.0	0.0	0.0	0.0	0.0	0.0	
Étourneau sansonnet	0.4502165	0.3613861	0.4228856	0.4163823	0.4761905	0.4055118	0.4193548	0.4328358	0.4510638	0.516	0.4716418	0.4609375	0.4902597	0.5754717	0.4827586	0.5153664	0.5620053	0.5622407	0.532646	0.5297297	0.4664032	0.4253247	0.4439462	0.4610592	0.4887892	0.356	0.2626728	0.2262774	0.2248062	0.2753623	0.2539683	0.3809524	0.4833333	0.566474	0.4676617	0.5617978	0.4619883	0.5352941	0.5988024	0.375	0.388535	0.4347826	0.4035088	0.5	0.4485294	0.4661017	0.4233577	0.3461538	
Grive draine	0.1904762	0.1584158	0.199005	0.1467577	0.1309524	0.1496063	0.1336406	0.1243781	0.0893617	0.072	0.0567164	0.0338542	0.0422078	0.0314465	0.0344828	0.0307329	0.0290237	0.0435685	0.0274914	0.0306306	0.0355731	0.038961	0.0403587	0.0249221	0.0538117	0.016	0.0230415	0.0182482	0.0232558	0.0144928	0.0	0.012987	0.0	0.0057803	0.0199005	0.0337079	0.1052632	0.1411765	0.2275449	0.1125	0.2101911	0.1521739	0.1842105	0.2088608	0.2205882	0.1525424	0.1605839	0.1367521	
Grive musicienne	0.1212121	0.0990099	0.1791045	0.1467577	0.1845238	0.2086614	0.2304147	0.2885572	0.2468085	0.352	0.2537313	0.2447917	0.2954545	0.2578616	0.1867816	0.1583924	0.1662269	0.1576763	0.1821306	0.1621622	0.173913	0.2012987	0.2242152	0.1869159	0.1838565	0.136	0.1382488	0.0766423	0.0542636	0.057971	0.047619	0.0865801	0.0666667	0.0751445	0.1492537	0.2191011	0.3157895	0.3647059	0.4610778	0.3	0.3566879	0.2173913	0.2631579	0.2531646	0.2132353	0.2033898	0.2481752	0.1282051	
Grive mauvis	0.1515152	0.1633663	0.1741294	0.1365188	0.125	0.0748031	0.1152074	0.0895522	0.1148936	0.12	0.1014925	0.0338542	0.0292208	0.0062893	0.0015	0.0	0.0	0.0	0.0	0.0	0.0	0.0	0.0	0.0	0.0	0.0	0.0	0.0	0.0	0.0	0.0	0.0	0.0	0.0	0.0049751	0.0	0.0175439	0.0705882	0.2035928	0.23125	0.2420382	0.2681159	0.2894737	0.2594937	0.3088235	0.220339	0.2992701	0.1666667	
Merle noir	0.6190476	0.529703	0.5820896	0.5767918	0.5952381	0.511811	0.5529954	0.4925373	0.5234043	0.56	0.5402985	0.5234375	0.6201299	0.6415094	0.5431034	0.607565	0.6226913	0.6348548	0.6151203	0.6144144	0.6047431	0.6201299	0.6143498	0.5358255	0.5784753	0.464	0.3824885	0.2992701	0.3643411	0.2536232	0.2936508	0.2683983	0.2611111	0.283237	0.2736318	0.2977528	0.374269	0.4823529	0.6407186	0.4375	0.5987261	0.6521739	0.6754386	0.6772152	0.6470588	0.6864407	0.6715328	0.508547	
Grive litorne	0.1168831	0.0792079	0.1144279	0.0819113	0.0297619	0.0393701	0.0506912	0.0248756	0.0297872	0.024	0.0179104	0.0130208	0.0097403	0.0062893	0.0028736	0.0	0.0	0.0	0.0	0.0	0.0	0.0	0.0	0.0	0.0	0.0	0.0	0.0	0.0	0.0	0.0	0.0	0.0	0.0	0.0	0.0	0.0015	0.0235294	0.0359281	0.0875	0.0955414	0.0652174	0.1578947	0.1582278	0.1397059	0.1101695	0.0948905	0.0384615	
Merle à plastron	0.0	0.0	0.0	0.0	0.0	0.0	0.0	0.0	0.0	0.0	0.0	0.0	0.025974	0.0377358	0.0114943	0.0015	0.0015	0.0	0.0	0.0	0.0	0.0	0.0	0.0	0.0	0.0	0.0	0.0	0.0	0.0	0.0	0.0	0.0	0.0	0.0	0.005618	0.0015	0.0294118	0.005988	0.0375	0.044586	0.0	0.0	0.0	0.0	0.0	0.0	0.0	
Turdus sp.	0.004329	0.0049505	0.0	0.0	0.0	0.0	0.0	0.0049751	0.0042553	0.0	0.0029851	0.0052083	0.0	0.0	0.0	0.0	0.0	0.0	0.0	0.0	0.0	0.0	0.0	0.0	0.0	0.0	0.0	0.0	0.0	0.0	0.0	0.0	0.0	0.0057803	0.0	0.0	0.005848	0.0015	0.005988	0.0	0.0127389	0.0	0.0175439	0.0189873	0.0073529	0.0084746	0.0072993	0.0	
Gobemouche gris	0.0	0.0	0.0	0.0	0.0	0.0	0.0	0.0	0.0	0.0	0.0	0.0	0.0	0.0	0.0	0.0023641	0.0263852	0.0518672	0.0446735	0.0216216	0.027668	0.0357143	0.0358744	0.0249221	0.0269058	0.024	0.0552995	0.0328467	0.1007752	0.0797101	0.0714286	0.0952381	0.0722222	0.0635838	0.0348259	0.0393258	0.0116959	0.0	0.0	0.0	0.0	0.0	0.0	0.0	0.0	0.0	0.0	0.0	
Rougegorge familier	0.5974026	0.4851485	0.6119403	0.5187713	0.5833333	0.5314961	0.6082949	0.6069652	0.6297872	0.604	0.5970149	0.5833333	0.5422078	0.5062893	0.3649425	0.3356974	0.3799472	0.3049793	0.3814433	0.4054054	0.3636364	0.3798701	0.3721973	0.3021807	0.2869955	0.244	0.1981567	0.1532847	0.248062	0.2536232	0.2698413	0.3030303	0.3	0.4624277	0.4825871	0.6067416	0.6959064	0.7529412	0.7964072	0.6375	0.7197452	0.7318841	0.7280702	0.7025316	0.7647059	0.7372881	0.7080292	0.5641026	
Rossignol philomèle	0.0	0.0	0.0	0.0	0.0	0.0	0.0	0.0	0.0	0.0	0.0	0.0	0.0616883	0.2138365	0.2816092	0.3309693	0.3905013	0.4211618	0.3402062	0.354955	0.284585	0.2207792	0.1838565	0.1464174	0.103139	0.068	0.0552995	0.0510949	0.0232558	0.0144928	0.015873	0.017316	0.0111111	0.0	0.0049751	0.0	0.0	0.0	0.0	0.0	0.0	0.0	0.0	0.0	0.0	0.0	0.0	0.0	
Gorgebleue à miroir	0.0	0.0	0.0	0.0	0.0	0.0	0.0	0.0	0.0	0.004	0.0298507	0.0625	0.0584416	0.0566038	0.0402299	0.0330969	0.0343008	0.0560166	0.0412371	0.0594595	0.055336	0.0584416	0.0717489	0.0654206	0.058296	0.04	0.0322581	0.0182482	0.0775194	0.0289855	0.015873	0.030303	0.0055556	0.0	0.0099502	0.005618	0.0015	0.0	0.0	0.0	0.0	0.0	0.0	0.0	0.0	0.0	0.0	0.0	
Gobemouche noir	0.0	0.0	0.0	0.0	0.0	0.0	0.0	0.0	0.0	0.0	0.0	0.0	0.0064935	0.0031447	0.0086207	0.0236407	0.0263852	0.033195	0.024055	0.0108108	0.0118577	0.0097403	0.0044843	0.0031153	0.0	0.0	0.0046083	0.0036496	0.0	0.0144928	0.015873	0.04329	0.0944444	0.0809249	0.0298507	0.005618	0.0	0.0	0.0	0.0	0.0	0.0	0.0	0.0	0.0	0.0	0.0	0.0	
Rougequeue à front blanc	0.0	0.0	0.0	0.0	0.0	0.0	0.0	0.0	0.0	0.0	0.0015	0.0234375	0.0681818	0.1006289	0.1695402	0.1252955	0.1662269	0.1369295	0.1477663	0.1297297	0.0869565	0.1298701	0.0941704	0.0809969	0.0627803	0.048	0.0230415	0.0109489	0.0387597	0.0942029	0.0396825	0.0606061	0.0611111	0.0578035	0.0447761	0.0337079	0.0175439	0.0176471	0.011976	0.0	0.0	0.0	0.0	0.0	0.0	0.0	0.0	0.0	
Rougequeue noir	0.0015	0.0049505	0.0	0.0102389	0.0119048	0.0015	0.0092166	0.0015	0.0212766	0.06	0.1402985	0.203125	0.275974	0.2704403	0.2270115	0.1536643	0.1345646	0.1182573	0.1683849	0.1387387	0.1620553	0.1590909	0.1793722	0.1495327	0.1255605	0.136	0.0921659	0.0766423	0.1007752	0.0797101	0.0634921	0.0865801	0.1	0.1849711	0.159204	0.1629213	0.1520468	0.2352941	0.2095808	0.0625	0.0318471	0.0362319	0.0175439	0.0253165	0.0147059	0.0084746	0.0072993	0.008547	
Rougequeue à front blanc ou R. noir	0.0	0.0	0.0	0.0	0.0	0.0	0.0	0.0	0.0	0.0	0.0	0.0	0.0	0.0	0.0	0.0	0.0	0.0	0.0	0.0	0.0	0.0	0.0	0.0	0.0	0.0	0.0046083	0.0	0.0	0.0	0.0	0.0	0.0	0.0	0.0	0.0	0.0	0.0	0.0	0.0	0.0	0.0	0.0	0.0	0.0	0.0	0.0	0.0	
Tarier des prés	0.0	0.0	0.0	0.0	0.0	0.0	0.0	0.0	0.0	0.0	0.0	0.0	0.0	0.0031447	0.0114943	0.0094563	0.0158311	0.0041494	0.0	0.0015	0.0	0.0	0.0	0.0	0.0	0.0	0.0	0.0	0.0	0.0	0.015873	0.012987	0.0333333	0.0635838	0.0049751	0.0	0.0015	0.0	0.0	0.0	0.0	0.0	0.0	0.0	0.0	0.0	0.0	0.0	
Tarier pâtre	0.034632	0.009901	0.0298507	0.0136519	0.0238095	0.011811	0.0230415	0.0497512	0.106383	0.128	0.1253731	0.125	0.0909091	0.1383648	0.1034483	0.0898345	0.1319261	0.1244813	0.1271478	0.1225225	0.0948617	0.1038961	0.0852018	0.0716511	0.0941704	0.084	0.0829493	0.080292	0.0775194	0.0797101	0.0238095	0.04329	0.05	0.0635838	0.0696517	0.0449438	0.0526316	0.0647059	0.0718563	0.03125	0.0382166	0.0144928	0.0175439	0.0189873	0.0294118	0.0508475	0.0145985	0.008547	
Traquet motteux	0.0	0.0	0.0	0.0	0.0	0.0	0.0	0.0	0.0	0.0	0.0	0.0015	0.0064935	0.0220126	0.0143678	0.0189125	0.0237467	0.0103734	0.0068729	0.0018018	0.0	0.0	0.0	0.0	0.0	0.0	0.0	0.0	0.0	0.0	0.031746	0.012987	0.0055556	0.0289017	0.0149254	0.005618	0.0	0.0	0.0	0.0	0.0	0.0	0.0	0.0	0.0	0.0	0.0	0.0	
Tisserin à tête noire	0.0	0.0	0.0	0.0	0.0	0.0	0.0	0.0	0.0	0.0	0.0	0.0	0.0	0.0	0.0	0.0	0.0	0.0	0.0	0.0	0.0	0.0	0.0	0.0	0.0	0.0	0.0	0.0	0.0	0.0	0.0	0.0	0.0	0.0	0.0	0.0	0.0	0.0	0.0	0.0	0.0	0.0	0.0	0.0	0.0	0.0	0.0	0.0042735	
Diamant mandarin	0.0	0.0	0.0	0.0	0.0	0.0	0.0	0.0	0.0	0.0	0.0	0.0	0.0	0.0	0.0	0.0	0.0	0.0	0.0	0.0	0.0	0.0	0.0	0.0	0.0	0.004	0.0	0.0	0.0	0.0	0.0	0.0	0.0	0.0	0.0	0.0	0.0	0.0	0.0	0.0	0.0	0.0	0.0	0.0	0.0	0.0	0.0	0.0	
Accenteur mouchet	0.2727273	0.1881188	0.199005	0.221843	0.2738095	0.2716535	0.2304147	0.3482587	0.3361702	0.316	0.3044776	0.3489583	0.3246753	0.2672956	0.2011494	0.2387707	0.2269129	0.1950207	0.1924399	0.1621622	0.1581028	0.1103896	0.1121076	0.0996885	0.0986547	0.084	0.0276498	0.0255474	0.1007752	0.0217391	0.031746	0.0779221	0.1055556	0.1560694	0.1343284	0.2247191	0.2573099	0.2588235	0.4071856	0.2375	0.3057325	0.2971014	0.3070175	0.3037975	0.3823529	0.2457627	0.3430657	0.2350427	
Moineau domestique	0.2294372	0.2376238	0.2537313	0.2696246	0.2797619	0.3307087	0.3225806	0.2835821	0.2510638	0.252	0.2597015	0.3307292	0.3051948	0.3805031	0.3189655	0.3546099	0.3456464	0.3319502	0.4089347	0.3459459	0.4268775	0.3831169	0.4484305	0.3987539	0.4215247	0.36	0.3778802	0.3832117	0.2713178	0.2391304	0.2222222	0.1645022	0.2611111	0.2196532	0.2288557	0.2303371	0.1988304	0.3588235	0.3113772	0.25	0.2101911	0.2971014	0.2807018	0.2594937	0.2205882	0.2627119	0.2116788	0.1923077	
Moineau friquet	0.012987	0.0049505	0.0015	0.0	0.0119048	0.003937	0.0	0.0149254	0.0042553	0.0	0.0059701	0.0015	0.0032468	0.009434	0.0	0.0047281	0.0079156	0.0062241	0.0034364	0.018018	0.0079051	0.0	0.0	0.0062305	0.0	0.016	0.0046083	0.0036496	0.0	0.0	0.0015	0.0	0.0	0.0	0.0015	0.011236	0.0	0.0	0.0179641	0.00625	0.0127389	0.0	0.0175439	0.0	0.0	0.0084746	0.0145985	0.0299145	
Hybride Moineau domestique x M. friquet	0.0	0.0	0.0	0.0	0.0015	0.0	0.0	0.0	0.0	0.0	0.0	0.0	0.0	0.0	0.0	0.0	0.0	0.0	0.0	0.0	0.0	0.0	0.0	0.0	0.0	0.0	0.0	0.0	0.0	0.0	0.0	0.0	0.0	0.0	0.0	0.0	0.0	0.0	0.0	0.0	0.0	0.0	0.0	0.0	0.0	0.0	0.0	0.0	
Bergeronnette des ruisseaux	0.1515152	0.1633663	0.1442786	0.1433447	0.1785714	0.0944882	0.124424	0.1343284	0.1446809	0.1	0.119403	0.1171875	0.1136364	0.1226415	0.1522989	0.1205674	0.0897098	0.0643154	0.0687285	0.0558559	0.0790514	0.0941558	0.0672646	0.0965732	0.103139	0.076	0.0414747	0.0474453	0.0387597	0.0797101	0.0396825	0.0735931	0.1	0.1213873	0.1791045	0.1741573	0.2631579	0.2529412	0.3053892	0.2125	0.3184713	0.3115942	0.2807018	0.3164557	0.2720588	0.2288136	0.189781	0.1452991	
Bergeronnette printanière	0.004329	0.0	0.0	0.0	0.0	0.0	0.0	0.0	0.0	0.0	0.0029851	0.0130208	0.0584416	0.1540881	0.1408046	0.1323877	0.1477573	0.1182573	0.0859107	0.0738739	0.0632411	0.0811688	0.044843	0.0685358	0.0672646	0.092	0.0599078	0.0291971	0.0465116	0.0797101	0.1031746	0.1904762	0.1888889	0.2196532	0.0845771	0.0449438	0.0467836	0.0117647	0.0179641	0.0	0.0	0.0	0.0	0.0	0.0	0.0	0.0	0.0	
Bergeronnette grise	0.1774892	0.1435644	0.1343284	0.0716724	0.172619	0.0905512	0.1751152	0.238806	0.2723404	0.408	0.4328358	0.4140625	0.3896104	0.427673	0.4224138	0.3758865	0.3060686	0.2925311	0.3402062	0.2648649	0.2687747	0.2305195	0.2825112	0.2928349	0.2914798	0.332	0.2626728	0.2591241	0.2170543	0.2173913	0.2619048	0.2251082	0.2888889	0.3179191	0.3233831	0.4438202	0.4853801	0.4235294	0.4850299	0.34375	0.3375796	0.2173913	0.2631579	0.3037975	0.2794118	0.2033898	0.1751825	0.1068376	
bergeronette sp.	0.0	0.0	0.0	0.0	0.0059524	0.0	0.0	0.0	0.0042553	0.0	0.0	0.0	0.0	0.0031447	0.0	0.0023641	0.0	0.0	0.0	0.0018018	0.0	0.0	0.0	0.0	0.0015	0.0	0.0	0.0	0.0	0.0072464	0.0	0.0	0.0	0.0	0.0	0.011236	0.0	0.0	0.0	0.0	0.0	0.0	0.0	0.0	0.0073529	0.0	0.0	0.0	
Pipit rousseline	0.0	0.0	0.0	0.0	0.0	0.0	0.0	0.0	0.0	0.0	0.0	0.0	0.0	0.0015	0.0	0.0015	0.0	0.0	0.0	0.0	0.0	0.0	0.0	0.0	0.0	0.0	0.0	0.0	0.0	0.0	0.0	0.008658	0.0055556	0.0	0.0	0.0	0.0	0.0	0.0	0.0	0.0	0.0	0.0	0.0	0.0	0.0	0.0	0.0	
Pipit farlouse	0.1428571	0.1089109	0.0845771	0.0546075	0.0595238	0.0590551	0.0829493	0.079602	0.0893617	0.068	0.0567164	0.0859375	0.1168831	0.1320755	0.0545977	0.0141844	0.0131926	0.0062241	0.0171821	0.0072072	0.0079051	0.0032468	0.0	0.0031153	0.0044843	0.0	0.0	0.0072993	0.0155039	0.0	0.0	0.004329	0.0055556	0.0289017	0.079602	0.1853933	0.2690058	0.2647059	0.3652695	0.3125	0.2484076	0.1304348	0.1842105	0.2088608	0.1323529	0.0932203	0.1021898	0.0726496	
Pipit des arbres	0.0	0.0	0.0	0.0	0.0	0.0	0.0	0.0	0.0	0.0	0.0029851	0.0026042	0.0584416	0.0377358	0.0775862	0.0874704	0.1002639	0.0995851	0.1030928	0.0936937	0.0750988	0.1103896	0.0762332	0.0498442	0.058296	0.032	0.0138249	0.0036496	0.0232558	0.0144928	0.0238095	0.0909091	0.1277778	0.1560694	0.0895522	0.0337079	0.0409357	0.0	0.0	0.0	0.0	0.0	0.0	0.0	0.0	0.0	0.0	0.0	
Pipit spioncelle	0.1818182	0.1386139	0.1641791	0.1399317	0.1309524	0.1299213	0.1059908	0.0895522	0.0468085	0.108	0.1104478	0.0963542	0.0811688	0.0503145	0.0143678	0.0	0.0	0.0	0.0	0.0	0.0	0.0	0.0	0.0	0.0	0.0	0.0	0.0	0.0	0.0	0.0	0.0	0.0	0.0	0.0049751	0.0280899	0.0409357	0.0647059	0.1856287	0.20625	0.2165605	0.1521739	0.2017544	0.2278481	0.2132353	0.1779661	0.2554745	0.1538462	
Pipit farlouse ou P. spioncelle	0.0	0.0	0.0	0.0	0.0	0.0	0.0	0.0	0.0	0.0	0.0	0.0	0.0	0.0	0.0	0.0	0.0	0.0	0.0	0.0	0.0	0.0	0.0	0.0	0.0	0.0	0.0	0.0	0.0	0.0	0.0	0.0	0.0	0.0	0.0	0.0	0.0	0.0	0.0015	0.0	0.0	0.0	0.0087719	0.0	0.0	0.0	0.0	0.0	
Anthus sp.	0.0	0.0	0.0	0.0	0.0	0.003937	0.0	0.0	0.0	0.0	0.0	0.0	0.0	0.0	0.0	0.0	0.0	0.0	0.0	0.0	0.0	0.0	0.0	0.0	0.0	0.0	0.0	0.0	0.0	0.0	0.0	0.0	0.0055556	0.0057803	0.0	0.0	0.0	0.0	0.0	0.0	0.0	0.0	0.0	0.0	0.0	0.0	0.0	0.0	
Pinson des arbres	0.6623377	0.5594059	0.6318408	0.5085324	0.5535714	0.5393701	0.5253456	0.5771144	0.5148936	0.616	0.5731343	0.5598958	0.5844156	0.5974843	0.5862069	0.5390071	0.5197889	0.5290456	0.5841924	0.5441441	0.4980237	0.5454545	0.5426009	0.5264798	0.5650224	0.444	0.2857143	0.1642336	0.248062	0.2826087	0.1587302	0.2077922	0.2555556	0.2947977	0.278607	0.3426966	0.4561404	0.5647059	0.6706587	0.55	0.6433121	0.557971	0.6754386	0.6835443	0.6764706	0.5847458	0.6788321	0.5769231	
Pinson du Nord	0.030303	0.0148515	0.0447761	0.0238908	0.0238095	0.0472441	0.0230415	0.0199005	0.0297872	0.032	0.0328358	0.0260417	0.0324675	0.0220126	0.0	0.0	0.0	0.0	0.0	0.0	0.0	0.0	0.0	0.0	0.0	0.0	0.0	0.0	0.0	0.0	0.0	0.0	0.0	0.0	0.0	0.0	0.0292398	0.0647059	0.1017964	0.13125	0.133758	0.0797101	0.0350877	0.0696203	0.0882353	0.0169492	0.1313869	0.0512821	
Grosbec casse-noyaux	0.1168831	0.0693069	0.1144279	0.0853242	0.1309524	0.0984252	0.1152074	0.039801	0.0808511	0.128	0.0776119	0.0833333	0.0616883	0.0408805	0.0344828	0.0307329	0.0448549	0.0497925	0.0618557	0.0378378	0.0474308	0.0681818	0.0493274	0.0529595	0.0493274	0.064	0.0599078	0.0255474	0.0465116	0.0217391	0.0396825	0.034632	0.0277778	0.0346821	0.0447761	0.0842697	0.0701754	0.1	0.1137725	0.15625	0.1082803	0.1304348	0.0701754	0.1455696	0.1323529	0.1355932	0.1751825	0.0982906	
Bouvreuil pivoine	0.0909091	0.0792079	0.119403	0.0716724	0.0357143	0.0393701	0.0691244	0.0348259	0.0212766	0.02	0.0328358	0.0260417	0.025974	0.0062893	0.0143678	0.0094563	0.0158311	0.0124481	0.0171821	0.009009	0.0158103	0.0032468	0.0179372	0.0186916	0.0224215	0.024	0.0506912	0.0255474	0.0465116	0.0217391	0.0079365	0.038961	0.0166667	0.0231214	0.0348259	0.0505618	0.0409357	0.0235294	0.0538922	0.05625	0.0955414	0.0434783	0.1052632	0.1012658	0.0808824	0.0677966	0.1605839	0.0683761	
Verdier d'Europe	0.1645022	0.1138614	0.1343284	0.116041	0.1488095	0.1692913	0.1705069	0.1542289	0.2042553	0.188	0.2029851	0.2682292	0.2597403	0.2830189	0.2298851	0.1867612	0.0976253	0.153527	0.1752577	0.1045045	0.1818182	0.1136364	0.1748879	0.1401869	0.1748879	0.172	0.1105991	0.0875912	0.1085271	0.0797101	0.0634921	0.1168831	0.1222222	0.1271676	0.079602	0.1292135	0.1345029	0.1705882	0.2035928	0.2	0.1656051	0.1884058	0.1491228	0.2531646	0.2352941	0.1610169	0.2335766	0.1153846	
Linotte mélodieuse	0.0519481	0.0346535	0.0348259	0.0102389	0.0297619	0.0275591	0.0599078	0.0547264	0.0212766	0.06	0.0597015	0.1197917	0.2142857	0.2389937	0.2356322	0.212766	0.2189974	0.1887967	0.2027491	0.1603604	0.1778656	0.1655844	0.161435	0.165109	0.2376682	0.228	0.2073733	0.1642336	0.1860465	0.2028986	0.0952381	0.1385281	0.1944444	0.2254335	0.1691542	0.2022472	0.2339181	0.2058824	0.257485	0.11875	0.1082803	0.057971	0.0350877	0.0696203	0.0661765	0.0169492	0.0364964	0.0726496	
Sizerin flammé	0.017316	0.0049505	0.0099502	0.0102389	0.0059524	0.023622	0.0138249	0.0049751	0.0085106	0.0015	0.0029851	0.0026042	0.0032468	0.0015	0.0	0.0	0.0	0.0	0.0	0.0	0.0	0.0	0.0	0.0	0.0	0.0	0.0	0.0	0.0	0.0	0.0	0.0	0.0	0.0	0.0	0.0	0.0	0.0058824	0.011976	0.025	0.089172	0.0362319	0.0087719	0.0253165	0.0514706	0.059322	0.0437956	0.025641	
Bec-croisé des sapins	0.0	0.0	0.0	0.0	0.0059524	0.0	0.0	0.0	0.0	0.0	0.0	0.0	0.0	0.0	0.0	0.0	0.0	0.0020747	0.0	0.0	0.0039526	0.0	0.0044843	0.0062305	0.0044843	0.004	0.0138249	0.0072993	0.0155039	0.0015	0.0079365	0.012987	0.0	0.0	0.0015	0.0015	0.0	0.0235294	0.0179641	0.0125	0.0127389	0.0072464	0.0	0.0189873	0.0294118	0.0084746	0.0015	0.008547	
Chardonneret élégant	0.2813853	0.2376238	0.2885572	0.225256	0.2619048	0.1850394	0.2165899	0.1890547	0.1957447	0.232	0.2089552	0.2317708	0.2662338	0.2138365	0.204023	0.1654846	0.1609499	0.1680498	0.1958763	0.1405405	0.1699605	0.1298701	0.1659193	0.1962617	0.2242152	0.24	0.2073733	0.1861314	0.1937984	0.1449275	0.1587302	0.1731602	0.1722222	0.1387283	0.1492537	0.1966292	0.251462	0.2529412	0.3652695	0.3125	0.3248408	0.3043478	0.3596491	0.4177215	0.3088235	0.3728814	0.4890511	0.2606838	
Serin cini	0.012987	0.0	0.0049751	0.003413	0.0	0.019685	0.0015	0.0099502	0.0042553	0.02	0.0268657	0.0390625	0.0519481	0.0471698	0.0574713	0.0330969	0.0395778	0.0290456	0.024055	0.0396396	0.055336	0.0422078	0.0313901	0.0436137	0.0358744	0.024	0.0368664	0.0437956	0.0	0.0144928	0.0238095	0.008658	0.0055556	0.0	0.0149254	0.0280899	0.0175439	0.0470588	0.0419162	0.0	0.0127389	0.0	0.0	0.0015	0.0073529	0.0	0.0072993	0.0042735	
Tarin des aulnes	0.1298701	0.1089109	0.1243781	0.116041	0.1190476	0.1496063	0.1751152	0.0845771	0.0808511	0.112	0.1164179	0.0703125	0.0292208	0.009434	0.0	0.0	0.0	0.0	0.0	0.0	0.0	0.0032468	0.0	0.0	0.0044843	0.0	0.0	0.0015	0.0	0.0	0.0	0.0015	0.0	0.0057803	0.0	0.0393258	0.1169591	0.1705882	0.3113772	0.30625	0.2802548	0.2246377	0.1754386	0.1772152	0.1617647	0.1864407	0.270073	0.1196581	
Bruant des neiges	0.0	0.0	0.0	0.0	0.0	0.0	0.0	0.0	0.0	0.0	0.0	0.0	0.0	0.0	0.0	0.0	0.0	0.0	0.0	0.0	0.0	0.0	0.0	0.0	0.0	0.0	0.0	0.0	0.0	0.0	0.0	0.0	0.0	0.0	0.0	0.0	0.0	0.0	0.0	0.0	0.0	0.0	0.0	0.0	0.0073529	0.0	0.0	0.0	
Bruant proyer	0.008658	0.009901	0.0	0.0068259	0.0059524	0.007874	0.0138249	0.0099502	0.0170213	0.008	0.0268657	0.0260417	0.0357143	0.0345912	0.0229885	0.0189125	0.0501319	0.0560166	0.024055	0.045045	0.0237154	0.0324675	0.0313901	0.0124611	0.0358744	0.028	0.0184332	0.0	0.0155039	0.0	0.0	0.0	0.0	0.017341	0.0	0.0	0.0	0.0117647	0.0179641	0.0125	0.0063694	0.0	0.0	0.0063291	0.0073529	0.0169492	0.0	0.0128205	
Bruant fou	0.004329	0.0	0.0	0.0	0.0	0.0	0.0	0.0	0.0	0.0	0.0	0.0	0.0	0.0	0.0	0.0	0.0	0.0	0.0	0.0	0.0	0.0	0.0	0.0	0.0	0.0	0.0	0.0	0.0	0.0	0.0	0.0	0.0	0.0	0.0	0.0	0.0	0.0	0.0	0.0	0.0	0.0	0.0	0.0	0.0	0.0	0.0	0.008547	
Bruant zizi	0.034632	0.009901	0.0099502	0.0068259	0.0059524	0.0015	0.0184332	0.0099502	0.0170213	0.016	0.0537313	0.0182292	0.0357143	0.0157233	0.0373563	0.0378251	0.0448549	0.0373444	0.0549828	0.0396396	0.0237154	0.0714286	0.0627803	0.046729	0.0313901	0.032	0.0368664	0.0109489	0.0387597	0.0144928	0.0079365	0.0	0.0	0.0057803	0.0049751	0.0	0.0	0.0058824	0.0299401	0.00625	0.0127389	0.0289855	0.0175439	0.0063291	0.0073529	0.0169492	0.0	0.017094	
Bruant jaune	0.034632	0.019802	0.039801	0.0136519	0.0178571	0.019685	0.0414747	0.039801	0.0425532	0.048	0.041791	0.0286458	0.0324675	0.0314465	0.0574713	0.0449173	0.055409	0.0539419	0.04811	0.027027	0.0671937	0.0487013	0.0313901	0.05919	0.0627803	0.044	0.0368664	0.0	0.0155039	0.0	0.0	0.004329	0.0166667	0.0015	0.0049751	0.011236	0.0233918	0.0470588	0.0838323	0.05	0.0382166	0.0289855	0.0614035	0.0443038	0.0294118	0.0338983	0.0437956	0.0213675	
Bruant ortolan	0.0	0.0	0.0	0.0	0.0	0.0	0.0	0.0	0.0	0.0	0.0	0.0	0.0	0.0	0.0	0.0	0.0	0.0	0.0	0.0	0.0	0.0	0.0	0.0	0.0	0.0	0.0	0.0	0.0	0.0015	0.0015	0.0	0.0015	0.0015	0.0	0.0	0.0	0.0	0.0	0.0	0.0	0.0	0.0	0.0	0.0	0.0	0.0	0.0	
Bruant des roseaux	0.1818182	0.1534653	0.1542289	0.1331058	0.1369048	0.1062992	0.1290323	0.1044776	0.1361702	0.152	0.1701493	0.1692708	0.1331169	0.1132075	0.1091954	0.1111111	0.1345646	0.1224066	0.0962199	0.1117117	0.0909091	0.0941558	0.1255605	0.1246106	0.1165919	0.068	0.0552995	0.0291971	0.1007752	0.0724638	0.0952381	0.0909091	0.0777778	0.0693642	0.0597015	0.1235955	0.128655	0.1235294	0.257485	0.2125	0.2165605	0.1956522	0.1929825	0.2405063	0.25	0.1694915	0.270073	0.1666667	
Emberiza sp.	0.0	0.0	0.0	0.0	0.0	0.0	0.0	0.0	0.0	0.0	0.0	0.0	0.0	0.0	0.0	0.0	0.0	0.0	0.0	0.0	0.0	0.0	0.0	0.0015	0.0	0.0	0.0	0.0	0.0	0.0	0.0	0.0	0.0	0.0	0.0	0.0	0.0	0.0	0.0	0.0	0.0	0.0	0.0	0.0	0.0	0.0	0.0	0.0	
passereau sp.	0.008658	0.019802	0.0049751	0.0170648	0.0178571	0.019685	0.0046083	0.0199005	0.0297872	0.052	0.0358209	0.0234375	0.0097403	0.0125786	0.0172414	0.0307329	0.0237467	0.0311203	0.0206186	0.0306306	0.0237154	0.0324675	0.0224215	0.0342679	0.0269058	0.056	0.0138249	0.0218978	0.0155039	0.057971	0.0	0.008658	0.0444444	0.0520231	0.039801	0.0168539	0.0350877	0.0588235	0.0598802	0.0125	0.0254777	0.0217391	0.0350877	0.0126582	0.0073529	0.0084746	0.0218978	0.0015	

