









Frequency of observations in the selected location(s).:
Number of taxa: 	318

	Jan				Feb				Mar				Apr				May				Jun				Jul				Aug				Sep				Oct				Nov				Dec				
Sample Size:	74.0	91.0	67.0	94.0	56.0	52.0	106.0	101.0	101.0	105.0	131.0	205.0	191.0	129.0	165.0	223.0	244.0	202.0	202.0	176.0	172.0	146.0	90.0	134.0	106.0	143.0	195.0	167.0	91.0	71.0	61.0	143.0	117.0	96.0	113.0	137.0	73.0	68.0	70.0	104.0	80.0	87.0	59.0	100.0	36.0	43.0	31.0	70.0	

Oie à tête barrée	0.0	0.0	0.0	0.0	0.0	0.0	0.0	0.0	0.0015	0.0	0.0015	0.0	0.0	0.0	0.0	0.0	0.0015	0.0	0.0	0.0	0.0	0.0	0.0	0.0	0.0	0.0	0.0	0.0	0.0	0.0	0.0	0.0015	0.0	0.0	0.0	0.0	0.0	0.0	0.0	0.0	0.0	0.0	0.0	0.0	0.0	0.0	0.0	0.0	
Oie cendrée	0.0	0.032967	0.0	0.0106383	0.0714286	0.0576923	0.0283019	0.009901	0.019802	0.0190476	0.0015	0.0	0.0015	0.0	0.0	0.0044843	0.0015	0.0	0.009901	0.0015	0.005814	0.0	0.0	0.0	0.0	0.0	0.0	0.0	0.0	0.0	0.0	0.006993	0.0	0.0	0.0	0.0	0.0	0.0	0.0	0.0384615	0.0375	0.0015	0.0169492	0.02	0.0015	0.0015	0.0322581	0.0	
Oie cygnoïde	0.0	0.0	0.0	0.0	0.0	0.0015	0.0	0.0	0.0	0.0	0.0	0.0	0.0	0.0	0.0	0.0044843	0.0122951	0.0049505	0.0	0.0	0.0	0.0	0.0111111	0.0	0.0	0.006993	0.0	0.005988	0.0	0.0	0.0	0.0	0.0	0.0	0.0015	0.0	0.0	0.0294118	0.0	0.0192308	0.0	0.0	0.0	0.0	0.0	0.0	0.0	0.0	
Oie de toundra	0.0	0.0	0.0	0.0	0.0	0.0	0.0	0.0	0.0	0.0	0.0	0.0	0.0	0.0	0.0	0.0	0.0	0.0	0.0	0.0	0.0	0.0	0.0	0.0	0.0	0.0	0.0	0.0	0.0	0.0	0.0	0.0	0.0	0.0	0.0	0.0	0.0	0.0	0.0	0.0	0.0	0.0	0.0	0.0	0.0	0.0	0.0	0.0015	
Bernache cravant	0.0	0.0	0.0	0.0	0.0	0.0	0.0	0.0	0.0015	0.0	0.0015	0.0015	0.0	0.0	0.0	0.0	0.0040984	0.0	0.0	0.0	0.0	0.0	0.0	0.0	0.0	0.0	0.0	0.0	0.0	0.0	0.0	0.0	0.0	0.0	0.0	0.0	0.0	0.0	0.0	0.0	0.0	0.0015	0.0	0.0	0.0	0.0	0.0	0.0	
Bernache nonnette	0.0015	0.0	0.0	0.0	0.0	0.0	0.009434	0.0015	0.0015	0.0	0.0	0.0	0.0	0.0	0.0	0.0	0.0	0.0	0.0	0.0	0.0	0.0	0.0	0.0	0.0	0.0	0.0	0.0	0.0	0.0	0.0	0.0	0.0	0.0	0.0	0.0	0.0	0.0	0.0	0.0	0.0	0.0	0.0	0.0	0.0	0.0	0.0	0.0	
Bernache du Canada	0.0	0.0015	0.0015	0.0015	0.0	0.0015	0.009434	0.009901	0.009901	0.0095238	0.0015	0.0097561	0.0052356	0.0015	0.0	0.0134529	0.0204918	0.0	0.0148515	0.0113636	0.0	0.0136986	0.0333333	0.0298507	0.0	0.0	0.0	0.005988	0.0	0.0	0.0	0.006993	0.0	0.0104167	0.0	0.0015	0.0015	0.0147059	0.0015	0.0	0.0	0.0114943	0.0169492	0.0015	0.0277778	0.0	0.0	0.0142857	
Cygne tuberculé	0.1216216	0.1868132	0.119403	0.1382979	0.1964286	0.1346154	0.1603774	0.1980198	0.2178218	0.1333333	0.1832061	0.1463415	0.0942408	0.2170543	0.2121212	0.206278	0.1680328	0.1435644	0.1980198	0.1818182	0.2093023	0.1643836	0.1444444	0.141791	0.1320755	0.1258741	0.1230769	0.1556886	0.1868132	0.1690141	0.1147541	0.2237762	0.1965812	0.1979167	0.159292	0.1678832	0.1232877	0.2205882	0.2285714	0.2115385	0.1875	0.1494253	0.0847458	0.17	0.0833333	0.1395349	0.2580645	0.2285714	
Cygne noir	0.0	0.021978	0.0	0.0	0.0535714	0.0	0.0188679	0.0	0.009901	0.0095238	0.0076336	0.0	0.0	0.0	0.0	0.0	0.0	0.0	0.0	0.0	0.0	0.0068493	0.0	0.0	0.0015	0.0	0.0	0.0	0.010989	0.0422535	0.0	0.027972	0.0	0.0104167	0.0088496	0.0145985	0.0136986	0.0147059	0.0	0.0	0.0	0.0114943	0.0	0.0	0.0	0.0	0.0	0.0142857	
Cygne de Bewick	0.0	0.0	0.0	0.0	0.0	0.0192308	0.0	0.0	0.0	0.0	0.0	0.0	0.0	0.0	0.0	0.0	0.0	0.0	0.0	0.0	0.0	0.0	0.0	0.0	0.0	0.0	0.0	0.0	0.0	0.0	0.0	0.0	0.0	0.0	0.0	0.0	0.0	0.0	0.0	0.0	0.0	0.0	0.0	0.0	0.0	0.0232558	0.0	0.0	
Ouette d'Égypte	0.0135135	0.010989	0.0	0.0015	0.0	0.0	0.0	0.0	0.0015	0.0	0.0	0.0015	0.0	0.0	0.0	0.0015	0.0015	0.0049505	0.0	0.0	0.0	0.0015	0.0	0.0	0.0	0.0	0.0	0.0015	0.0	0.0	0.0015	0.0	0.0	0.0	0.0	0.0072993	0.0	0.0	0.0	0.0	0.0	0.0	0.0	0.0015	0.0	0.0	0.0	0.0142857	
Tadorne casarca	0.0	0.0	0.0	0.0	0.0	0.0	0.0	0.0	0.0	0.0	0.0076336	0.0	0.0	0.0	0.0	0.0	0.0	0.0	0.0049505	0.0	0.0	0.0	0.0	0.0	0.0	0.0	0.0	0.005988	0.0	0.0	0.0	0.0	0.0	0.0	0.0	0.0	0.0	0.0	0.0	0.0	0.0	0.0	0.0	0.0015	0.0	0.0	0.0	0.0	
Tadorne de Belon	0.027027	0.032967	0.0149254	0.0106383	0.0	0.0015	0.009434	0.009901	0.0	0.0095238	0.0015	0.0015	0.0157068	0.0232558	0.0121212	0.0089686	0.0122951	0.0	0.019802	0.0	0.0	0.0	0.0	0.0015	0.009434	0.0	0.0	0.0	0.0	0.0	0.0163934	0.0015	0.008547	0.0	0.0	0.0072993	0.0136986	0.0	0.0142857	0.0384615	0.0	0.0	0.0015	0.02	0.0277778	0.0015	0.0	0.0	
Canard musqué	0.0	0.0	0.0	0.0	0.0	0.0	0.0	0.0	0.0	0.0	0.0	0.0	0.0	0.0077519	0.0	0.0015	0.0	0.0	0.0	0.0	0.0	0.0068493	0.0	0.0	0.0	0.0	0.0102564	0.0	0.0	0.0	0.0	0.0	0.0	0.0	0.0	0.0	0.0	0.0	0.0	0.0	0.0	0.0	0.0	0.0	0.0	0.0	0.0	0.0	
Canard à collier noir	0.0	0.0	0.0	0.0	0.0	0.0	0.0	0.0	0.0	0.0095238	0.0	0.0	0.0	0.0	0.0	0.0	0.0	0.0	0.0	0.0	0.0	0.0	0.0	0.0	0.0	0.0	0.0	0.0	0.0	0.0	0.0	0.0	0.0	0.0	0.0	0.0	0.0	0.0	0.0	0.0192308	0.0125	0.0015	0.0	0.0	0.0	0.0	0.0	0.0	
Canard carolin	0.0	0.0	0.0	0.0	0.0	0.0	0.0	0.0	0.0	0.0	0.0	0.0	0.0	0.0	0.0	0.0	0.0	0.0	0.0	0.0	0.005814	0.0	0.0	0.0	0.0	0.0	0.0	0.0	0.0	0.0	0.0	0.0	0.0	0.0	0.0	0.0	0.0	0.0	0.0	0.0	0.0	0.0	0.0	0.0	0.0	0.0	0.0	0.0	
Canard mandarin	0.0135135	0.010989	0.0015	0.0	0.0	0.0015	0.0	0.0	0.0015	0.0	0.0	0.0	0.0	0.0	0.0	0.0	0.0015	0.0	0.0	0.0	0.0	0.0	0.0	0.0	0.0	0.0	0.0	0.0	0.0015	0.0140845	0.0	0.006993	0.0	0.0	0.0	0.0	0.0	0.0	0.0	0.0	0.0015	0.0	0.0	0.0015	0.0015	0.0015	0.0015	0.0142857	
Sarcelle d'été	0.0	0.0	0.0	0.0	0.0	0.0	0.0	0.009901	0.019802	0.0190476	0.0458015	0.0390244	0.0104712	0.0077519	0.0242424	0.0224215	0.0081967	0.009901	0.0049505	0.0	0.0116279	0.0	0.0	0.0	0.009434	0.006993	0.0051282	0.0015	0.021978	0.0422535	0.0491803	0.0629371	0.025641	0.0208333	0.0015	0.0072993	0.0	0.0	0.0	0.0	0.0	0.0	0.0	0.0	0.0	0.0	0.0	0.0	
Canard souchet	0.0540541	0.0879121	0.0447761	0.0744681	0.1071429	0.0384615	0.0471698	0.1386139	0.0990099	0.1047619	0.1374046	0.102439	0.0680628	0.1162791	0.1212121	0.0538117	0.0040984	0.009901	0.0049505	0.0056818	0.005814	0.0	0.0	0.0	0.0015	0.013986	0.0051282	0.005988	0.010989	0.028169	0.0327869	0.1188811	0.1111111	0.0833333	0.0619469	0.1021898	0.109589	0.0588235	0.0571429	0.1442308	0.025	0.0804598	0.0338983	0.03	0.0555556	0.0465116	0.0967742	0.0857143	
Canard chipeau	0.0675676	0.1098901	0.1492537	0.0638298	0.1964286	0.0576923	0.0660377	0.1485149	0.1089109	0.0952381	0.0839695	0.0829268	0.0314136	0.0542636	0.0848485	0.0313901	0.0327869	0.019802	0.029703	0.0227273	0.0348837	0.0	0.0015	0.0074627	0.009434	0.0	0.0153846	0.0	0.0015	0.0015	0.0327869	0.034965	0.025641	0.0416667	0.0176991	0.0291971	0.0136986	0.0147059	0.0142857	0.0961538	0.05	0.0344828	0.0508475	0.08	0.1388889	0.0930233	0.1935484	0.0857143	
Canard siffleur	0.0540541	0.0549451	0.0746269	0.0744681	0.1428571	0.0576923	0.0471698	0.1287129	0.0594059	0.0857143	0.0687023	0.0243902	0.026178	0.0015	0.0	0.0015	0.0	0.0	0.0	0.0	0.0	0.0	0.0	0.0015	0.0	0.0	0.0	0.0	0.0	0.0	0.0	0.006993	0.0	0.0	0.0	0.0145985	0.0136986	0.0	0.0714286	0.0480769	0.0625	0.0689655	0.0169492	0.04	0.0555556	0.0465116	0.0645161	0.0857143	
Canard colvert	0.2567568	0.3736264	0.358209	0.2446809	0.4821429	0.2884615	0.4811321	0.3762376	0.4257426	0.4285714	0.480916	0.4292683	0.3926702	0.503876	0.4060606	0.4215247	0.4262295	0.3960396	0.3564356	0.3579545	0.3604651	0.3493151	0.2555556	0.261194	0.254717	0.2587413	0.2512821	0.3712575	0.3626374	0.3098592	0.295082	0.4475524	0.5982906	0.3229167	0.3185841	0.4379562	0.3424658	0.4558824	0.4285714	0.6057692	0.45	0.5057471	0.3220339	0.48	0.3611111	0.4186047	0.516129	0.3142857	
Hybride Canard chipeau x C. colvert	0.0	0.0	0.0	0.0	0.0	0.0	0.0	0.009901	0.0	0.0	0.0	0.0	0.0	0.0	0.0	0.0	0.0	0.0	0.0049505	0.0	0.0	0.0	0.0	0.0	0.0	0.0	0.0	0.0	0.0	0.0	0.0	0.0	0.0	0.0104167	0.0	0.0015	0.0	0.0	0.0	0.0	0.0	0.0	0.0	0.0	0.0	0.0	0.0	0.0	
Canard pilet	0.0135135	0.043956	0.0447761	0.0106383	0.0535714	0.0192308	0.0283019	0.049505	0.029703	0.0857143	0.0152672	0.0146341	0.0052356	0.0077519	0.0	0.0	0.0040984	0.0	0.0049505	0.0	0.0015	0.0	0.0	0.0	0.0	0.0	0.0015	0.005988	0.0	0.0	0.0	0.0	0.0	0.0015	0.0	0.0218978	0.0	0.0	0.0142857	0.0576923	0.0125	0.0114943	0.0169492	0.01	0.0277778	0.0232558	0.0	0.0142857	
Sarcelle d'hiver	0.0945946	0.1318681	0.2537313	0.0851064	0.1964286	0.1346154	0.1132075	0.1683168	0.1584158	0.1809524	0.1603053	0.1073171	0.0575916	0.0465116	0.0242424	0.0179372	0.0081967	0.0	0.0	0.0	0.0	0.0	0.0111111	0.0074627	0.0188679	0.0015	0.0015	0.005988	0.043956	0.0422535	0.0655738	0.0909091	0.1282051	0.1145833	0.1150442	0.1605839	0.1232877	0.1323529	0.1	0.2211538	0.075	0.1034483	0.1186441	0.09	0.0555556	0.1860465	0.0967742	0.1428571	
Sarcelle tachetée	0.0	0.0	0.0	0.0	0.0	0.0	0.0	0.0	0.0	0.0	0.0	0.0	0.0	0.0	0.0	0.0	0.0	0.0	0.0	0.0	0.0	0.0	0.0	0.0	0.0	0.0	0.0	0.0	0.010989	0.0	0.0	0.0	0.0	0.0	0.0	0.0	0.0	0.0	0.0	0.0	0.0	0.0	0.0	0.0	0.0	0.0	0.0	0.0	
anatidé sp. (canard barboteur sp.)	0.0	0.0	0.0	0.0	0.0	0.0	0.0	0.0	0.0	0.0	0.0	0.0	0.0	0.0	0.0	0.0044843	0.0	0.0	0.0	0.0	0.0	0.0	0.0	0.0	0.0	0.0	0.0	0.0	0.0	0.0	0.0	0.0	0.0	0.0015	0.0	0.0	0.0	0.0	0.0	0.0	0.0	0.0	0.0	0.0	0.0	0.0	0.0	0.0	
Nette rousse	0.0015	0.010989	0.0	0.0106383	0.0357143	0.0015	0.009434	0.0594059	0.019802	0.0571429	0.0229008	0.0146341	0.0052356	0.0232558	0.0666667	0.0179372	0.0122951	0.009901	0.009901	0.0056818	0.0290698	0.0	0.0015	0.0015	0.0188679	0.0015	0.0102564	0.011976	0.0015	0.0	0.0163934	0.006993	0.0	0.0015	0.0	0.0	0.0	0.0	0.0015	0.0096154	0.0125	0.0015	0.0	0.0	0.0015	0.0	0.0	0.0	
Nette demi-deuil	0.0	0.0	0.0	0.0	0.0	0.0	0.0	0.0	0.0	0.0	0.0	0.0	0.0	0.0	0.0	0.0	0.0	0.0	0.0	0.0	0.0	0.0	0.0	0.0	0.0	0.0	0.0	0.0	0.0	0.0	0.0	0.0	0.0	0.0	0.0	0.0072993	0.0	0.0	0.0	0.0	0.0	0.0	0.0	0.0	0.0	0.0	0.0	0.0	
Fuligule milouin	0.0810811	0.1208791	0.1641791	0.0851064	0.1071429	0.0576923	0.0566038	0.1386139	0.0594059	0.0857143	0.0458015	0.0439024	0.0575916	0.0542636	0.0848485	0.0941704	0.045082	0.049505	0.0693069	0.0284091	0.0523256	0.0136986	0.0111111	0.0373134	0.0566038	0.034965	0.0410256	0.0299401	0.032967	0.0422535	0.0163934	0.041958	0.0598291	0.0729167	0.0088496	0.0583942	0.0821918	0.0	0.0142857	0.0961538	0.025	0.045977	0.0169492	0.02	0.0555556	0.0697674	0.0015	0.0857143	
Hybride Nette rousse x Fuligule milouin	0.0	0.0	0.0	0.0	0.0	0.0	0.0	0.0	0.009901	0.0	0.0015	0.0	0.0052356	0.0	0.0	0.0	0.0	0.0049505	0.0	0.0	0.005814	0.0	0.0	0.0074627	0.0	0.0	0.0	0.0	0.0	0.0	0.0	0.0	0.0	0.0	0.0	0.0	0.0	0.0	0.0	0.0	0.0	0.0	0.0	0.0	0.0	0.0	0.0	0.0	
Fuligule à bec cerclé	0.0	0.0	0.0	0.0	0.0	0.0	0.0	0.0	0.0	0.0	0.0015	0.0	0.0052356	0.0	0.0	0.0	0.0	0.0	0.0	0.0	0.0	0.0	0.0	0.0	0.0	0.0	0.0	0.0	0.0	0.0	0.0	0.0	0.0	0.0	0.0	0.0	0.0	0.0	0.0	0.0	0.0	0.0	0.0	0.0	0.0	0.0	0.0	0.0	
Fuligule nyroca	0.0	0.0	0.0	0.0	0.0	0.0	0.009434	0.0	0.0	0.0015	0.0	0.0	0.0	0.0	0.0	0.0	0.0	0.0	0.0	0.0	0.0	0.0	0.0	0.0	0.0	0.0	0.0	0.005988	0.0	0.0	0.0	0.0	0.0	0.0	0.0	0.0	0.0	0.0	0.0	0.0	0.0	0.0	0.0	0.0	0.0	0.0	0.0	0.0	
Fuligule morillon	0.0810811	0.0989011	0.0597015	0.0425532	0.0714286	0.0384615	0.0471698	0.1188119	0.039604	0.0666667	0.0687023	0.0292683	0.0471204	0.0310078	0.030303	0.058296	0.0327869	0.0247525	0.0445545	0.0113636	0.0174419	0.0015	0.0015	0.0074627	0.0188679	0.013986	0.0102564	0.0179641	0.0015	0.028169	0.0163934	0.020979	0.042735	0.0520833	0.0	0.0364964	0.0273973	0.0147059	0.0142857	0.0384615	0.025	0.0229885	0.0169492	0.0015	0.0277778	0.0697674	0.0015	0.0714286	
Hybride Fuligule milouin x F. morillon	0.0	0.0	0.0	0.0	0.0	0.0015	0.0	0.0	0.0	0.0	0.0	0.0	0.0	0.0	0.0	0.0	0.0	0.0	0.0	0.0	0.0	0.0	0.0	0.0	0.0	0.0	0.0	0.0	0.0	0.0	0.0	0.0	0.0	0.0	0.0	0.0	0.0	0.0	0.0	0.0	0.0	0.0	0.0	0.0	0.0	0.0	0.0	0.0	
Fuligule milouinan	0.0	0.021978	0.0	0.0106383	0.0	0.0	0.0	0.009901	0.0	0.0	0.0	0.0	0.0	0.0	0.0	0.0	0.0	0.0	0.0	0.0	0.0	0.0	0.0	0.0	0.0	0.0	0.0	0.0	0.0	0.0	0.0	0.0	0.0	0.0	0.0	0.0	0.0	0.0	0.0	0.0	0.0	0.0	0.0	0.0	0.0	0.0	0.0	0.0	
Macreuse noire	0.0	0.0	0.0	0.0	0.0	0.0	0.0	0.0	0.0	0.0015	0.0	0.0	0.0	0.0	0.0	0.0	0.0	0.0	0.0	0.0	0.0	0.0	0.0	0.0	0.0	0.0	0.0	0.0	0.0	0.0	0.0	0.0	0.0	0.0	0.0	0.0	0.0	0.0	0.0	0.0	0.0	0.0	0.0	0.0	0.0	0.0	0.0	0.0	
Garrot à oeil d'or	0.0	0.0	0.0	0.0106383	0.0	0.0	0.0	0.009901	0.029703	0.0015	0.0	0.0	0.0	0.0	0.0	0.0	0.0015	0.0	0.0	0.0	0.0	0.0	0.0	0.0	0.0	0.0	0.0	0.0	0.0	0.0	0.0	0.006993	0.0	0.0	0.0	0.0	0.0	0.0	0.0	0.0	0.0	0.0	0.0	0.0	0.0277778	0.0	0.0	0.0142857	
Harle piette	0.0	0.0	0.0149254	0.0	0.0	0.0	0.0	0.0	0.0	0.0	0.0	0.0	0.0	0.0	0.0	0.0	0.0	0.0	0.0	0.0	0.0	0.0	0.0	0.0	0.0	0.0	0.0	0.0	0.0	0.0	0.0	0.0	0.0	0.0	0.0	0.0	0.0	0.0	0.0	0.0	0.0	0.0	0.0	0.0	0.0	0.0	0.0	0.0	
Harle bièvre	0.027027	0.0015	0.0597015	0.0106383	0.0	0.0192308	0.0	0.0	0.0	0.0	0.0	0.0	0.0104712	0.0	0.0	0.0	0.0	0.0	0.0	0.0	0.0	0.0	0.0	0.0	0.0	0.0	0.0	0.0	0.0	0.0	0.0	0.0	0.0	0.0	0.0	0.0	0.0	0.0	0.0	0.0	0.0	0.0	0.0169492	0.02	0.0277778	0.0232558	0.0015	0.0	
Harle huppé	0.0135135	0.0015	0.0	0.0106383	0.0178571	0.0	0.0	0.0	0.0	0.0	0.0015	0.0	0.0	0.0	0.0	0.0	0.0	0.0	0.0	0.0	0.0	0.0	0.0	0.0	0.0	0.0	0.0	0.0	0.0	0.0	0.0	0.0	0.0	0.0	0.0	0.0	0.0	0.0	0.0	0.0	0.0	0.0	0.0	0.0	0.0015	0.0	0.1290323	0.0	
Érismature rousse	0.0	0.0	0.0	0.0	0.0	0.0	0.0	0.0015	0.0	0.0	0.0	0.0	0.0	0.0	0.0	0.0	0.0	0.0	0.0	0.0	0.0	0.0	0.0	0.0	0.0	0.0	0.0	0.0	0.0	0.0	0.0	0.0	0.008547	0.0	0.0	0.0	0.0	0.0	0.0	0.0	0.0	0.0	0.0	0.0	0.0277778	0.0	0.0	0.0	
anatidé sp. (canard sp.)	0.0	0.0	0.0	0.0	0.0	0.0	0.0	0.0	0.0	0.0	0.0	0.0	0.0052356	0.0	0.0	0.0	0.0040984	0.0	0.0	0.0	0.0	0.0	0.0	0.0	0.0	0.0	0.0	0.005988	0.0	0.0	0.0	0.006993	0.0	0.0104167	0.0	0.0072993	0.0015	0.0147059	0.0	0.0	0.0	0.0	0.0169492	0.0	0.0	0.0	0.0	0.0	
Perdrix grise	0.0015	0.0015	0.0149254	0.0212766	0.0015	0.0015	0.0188679	0.019802	0.0015	0.0190476	0.0229008	0.0536585	0.0418848	0.0465116	0.0606061	0.044843	0.0409836	0.029703	0.029703	0.0056818	0.005814	0.0015	0.0222222	0.0015	0.0015	0.013986	0.0051282	0.0	0.010989	0.0015	0.0327869	0.0	0.025641	0.0208333	0.0088496	0.0145985	0.0	0.0147059	0.0142857	0.0015	0.0875	0.0574713	0.0338983	0.0015	0.0	0.0232558	0.0	0.0142857	
Faisan vénéré	0.0	0.0	0.0	0.0	0.0	0.0	0.0	0.0	0.0	0.0	0.0	0.0015	0.0	0.0015	0.0	0.0	0.0	0.0	0.0	0.0015	0.0	0.0	0.0	0.0015	0.0	0.0	0.0	0.0	0.0	0.0	0.0	0.0	0.0	0.0	0.0	0.0	0.0	0.0	0.0	0.0	0.0015	0.0114943	0.0	0.0	0.0	0.0	0.0	0.0	
Faisan de Colchide	0.1081081	0.0659341	0.0895522	0.1702128	0.0892857	0.1153846	0.0849057	0.0792079	0.1485149	0.2095238	0.1832061	0.2	0.2041885	0.2790698	0.3151515	0.2331839	0.1885246	0.1633663	0.1584158	0.1306818	0.0697674	0.0753425	0.1222222	0.0746269	0.0471698	0.0629371	0.0717949	0.0658683	0.0879121	0.084507	0.0491803	0.0559441	0.034188	0.0625	0.1061947	0.0948905	0.1643836	0.1470588	0.1857143	0.2115385	0.1625	0.2183908	0.220339	0.21	0.1388889	0.1627907	0.1612903	0.1857143	
Faisan versicolore	0.0	0.0	0.0	0.0015	0.0	0.0	0.0	0.0	0.0	0.0015	0.0	0.0	0.0	0.0	0.0	0.0044843	0.0	0.0	0.0	0.0	0.0	0.0	0.0	0.0	0.0	0.0	0.0	0.0	0.0	0.0	0.0	0.0	0.0015	0.0	0.0	0.0	0.0	0.0	0.0015	0.0	0.0	0.0	0.0	0.0	0.0	0.0	0.0	0.0	
Paon bleu	0.0	0.0	0.0	0.0	0.0	0.0	0.0	0.0	0.0	0.0	0.0	0.0	0.0	0.0015	0.0	0.0	0.0	0.0	0.0	0.0	0.0	0.0	0.0	0.0	0.0	0.0	0.0	0.0	0.0	0.0	0.0	0.0	0.0	0.0	0.0	0.0	0.0	0.0	0.0	0.0	0.0	0.0	0.0	0.0	0.0	0.0	0.0	0.0	
Caille des blés	0.0	0.0	0.0	0.0	0.0	0.0	0.0	0.0015	0.009901	0.0095238	0.0152672	0.0146341	0.026178	0.0697674	0.0363636	0.0403587	0.0327869	0.0792079	0.0445545	0.0340909	0.0174419	0.0273973	0.0222222	0.0223881	0.0283019	0.027972	0.0410256	0.0359281	0.032967	0.0015	0.0327869	0.0839161	0.0512821	0.0416667	0.0	0.0145985	0.0015	0.0	0.0015	0.0	0.0	0.0	0.0	0.0	0.0	0.0	0.0	0.0015	
Perdrix rouge	0.0015	0.021978	0.0149254	0.0212766	0.0	0.0	0.0188679	0.009901	0.029703	0.0190476	0.0076336	0.0243902	0.0209424	0.0232558	0.0181818	0.0179372	0.0163934	0.009901	0.0247525	0.0170455	0.005814	0.0068493	0.0	0.0	0.0	0.0015	0.0	0.005988	0.0	0.0	0.0163934	0.0	0.017094	0.0208333	0.0088496	0.0145985	0.0410959	0.0	0.0	0.0015	0.05	0.0229885	0.0169492	0.0	0.0	0.0015	0.0	0.0285714	
Pigeon biset	0.1621622	0.0989011	0.1044776	0.1276596	0.0714286	0.1153846	0.1509434	0.1089109	0.1386139	0.0380952	0.0992366	0.1560976	0.1413613	0.1782946	0.2	0.1748879	0.0819672	0.1831683	0.1336634	0.1590909	0.2034884	0.2534247	0.2222222	0.1567164	0.1981132	0.1678322	0.174359	0.2335329	0.1428571	0.1267606	0.1803279	0.1258741	0.1623932	0.125	0.2566372	0.1532847	0.1506849	0.2058824	0.1571429	0.1634615	0.2375	0.2643678	0.1694915	0.2	0.2222222	0.0697674	0.1612903	0.1571429	
Pigeon colombin	0.1351351	0.0659341	0.0298507	0.0957447	0.0357143	0.0769231	0.0754717	0.0693069	0.1287129	0.0666667	0.1526718	0.1365854	0.104712	0.1937984	0.169697	0.0941704	0.102459	0.1237624	0.0693069	0.0965909	0.1569767	0.1027397	0.1444444	0.0895522	0.1037736	0.0559441	0.0564103	0.0958084	0.0549451	0.084507	0.1147541	0.0979021	0.0940171	0.0625	0.0884956	0.0583942	0.0547945	0.0294118	0.0857143	0.1153846	0.2125	0.091954	0.1355932	0.17	0.1666667	0.0930233	0.0967742	0.1285714	
Pigeon ramier	0.6621622	0.5494505	0.4477612	0.5106383	0.4464286	0.5576923	0.6415094	0.6732673	0.6237624	0.5809524	0.5648855	0.5707317	0.591623	0.6821705	0.6787879	0.5605381	0.352459	0.5346535	0.549505	0.6647727	0.6569767	0.6780822	0.7777778	0.6716418	0.7735849	0.7132867	0.6974359	0.6886228	0.6373626	0.7042254	0.6721311	0.6923077	0.5299145	0.7291667	0.699115	0.6788321	0.4520548	0.5441176	0.5571429	0.5673077	0.5875	0.6436782	0.6271186	0.58	0.3888889	0.4186047	0.5806452	0.5714286	
Tourterelle des bois	0.0	0.0	0.0	0.0	0.0	0.0	0.0	0.0	0.0	0.0	0.0	0.0	0.0052356	0.0155039	0.0727273	0.1165919	0.1721311	0.1683168	0.2574257	0.2613636	0.2965116	0.2328767	0.2	0.2164179	0.2830189	0.2937063	0.3230769	0.2275449	0.2527473	0.1408451	0.1803279	0.2307692	0.1025641	0.0833333	0.0530973	0.0291971	0.0	0.0	0.0142857	0.0	0.0	0.0	0.0	0.0	0.0	0.0	0.0	0.0	
Tourterelle turque	0.2027027	0.2197802	0.1940299	0.2340426	0.25	0.3461538	0.3396226	0.2475248	0.2673267	0.2571429	0.2671756	0.2731707	0.3403141	0.2713178	0.3454545	0.2511211	0.1885246	0.2475248	0.2376238	0.2613636	0.25	0.2945205	0.3333333	0.3656716	0.2358491	0.3566434	0.4051282	0.2694611	0.2967033	0.3521127	0.3278689	0.3076923	0.2136752	0.3020833	0.3362832	0.3065693	0.1780822	0.25	0.1571429	0.2307692	0.225	0.1149425	0.220339	0.15	0.1944444	0.1395349	0.2580645	0.2428571	
Outarde canepetière	0.0	0.0	0.0	0.0	0.0	0.0	0.0	0.0	0.009901	0.0	0.0	0.0097561	0.0015	0.0155039	0.0060606	0.0179372	0.0015	0.009901	0.0445545	0.0113636	0.0015	0.0068493	0.0015	0.0015	0.0015	0.0015	0.0	0.0015	0.0	0.0015	0.0	0.006993	0.0015	0.0015	0.0176991	0.0015	0.0015	0.0015	0.0015	0.0	0.0	0.0	0.0	0.0	0.0	0.0	0.0	0.0	
Coucou gris	0.0	0.0	0.0	0.0	0.0	0.0	0.0	0.0	0.0	0.0095238	0.0381679	0.1121951	0.1727749	0.3875969	0.3939394	0.3721973	0.2622951	0.2623762	0.2524752	0.2840909	0.1802326	0.1369863	0.1111111	0.0373134	0.0283019	0.020979	0.0051282	0.005988	0.021978	0.0140845	0.0015	0.0	0.0	0.0	0.0015	0.0072993	0.0	0.0	0.0	0.0	0.0	0.0	0.0	0.0	0.0	0.0	0.0	0.0	
Engoulevent d'Europe	0.0	0.0	0.0	0.0	0.0	0.0	0.0	0.0	0.0	0.0	0.0	0.0	0.0	0.0	0.0	0.0	0.0081967	0.0	0.0049505	0.0015	0.0116279	0.0015	0.0015	0.0298507	0.0283019	0.006993	0.0153846	0.011976	0.010989	0.0	0.0	0.006993	0.0	0.0	0.0	0.0	0.0	0.0	0.0	0.0	0.0	0.0	0.0	0.0	0.0	0.0	0.0	0.0	
Martinet noir	0.0	0.0	0.0	0.0	0.0	0.0	0.0	0.0	0.0	0.0	0.0	0.0	0.0157068	0.0542636	0.169697	0.2600897	0.2991803	0.4257426	0.3960396	0.3806818	0.4418605	0.4863014	0.4666667	0.4701493	0.4245283	0.3776224	0.3384615	0.1377246	0.1428571	0.084507	0.0819672	0.006993	0.017094	0.0104167	0.0015	0.0	0.0	0.0	0.0	0.0	0.0	0.0	0.0	0.0	0.0	0.0	0.0	0.0	
Râle d'eau	0.0540541	0.0659341	0.0298507	0.0106383	0.0714286	0.0576923	0.0188679	0.029703	0.029703	0.0190476	0.0458015	0.0390244	0.0209424	0.0015	0.0060606	0.0179372	0.0122951	0.0049505	0.0049505	0.0113636	0.005814	0.0068493	0.0015	0.0	0.0188679	0.006993	0.0051282	0.0239521	0.021978	0.028169	0.0163934	0.0559441	0.042735	0.0104167	0.0088496	0.0291971	0.0136986	0.0294118	0.0285714	0.0961538	0.0375	0.045977	0.0677966	0.05	0.0	0.0232558	0.0322581	0.0571429	
Râle des genêts	0.0	0.0	0.0	0.0	0.0	0.0	0.0	0.0	0.0	0.0	0.0	0.0	0.0	0.0	0.0	0.0	0.0081967	0.0	0.0	0.0056818	0.0	0.0	0.0222222	0.0074627	0.0	0.0	0.0	0.0	0.0	0.0	0.0	0.0	0.0	0.0	0.0	0.0	0.0	0.0	0.0	0.0	0.0	0.0	0.0	0.0	0.0	0.0	0.0	0.0	
Marouette ponctuée	0.0	0.0	0.0	0.0	0.0	0.0	0.0	0.0	0.0015	0.0015	0.0015	0.0015	0.0015	0.0015	0.0015	0.0015	0.0015	0.0	0.0	0.0	0.0	0.0	0.0	0.0	0.0	0.006993	0.0	0.0	0.0	0.0	0.0	0.020979	0.017094	0.0	0.0	0.0072993	0.0	0.0	0.0	0.0	0.0	0.0	0.0	0.0	0.0	0.0	0.0	0.0	
Gallinule poule-d'eau	0.1216216	0.1978022	0.0895522	0.1276596	0.2678571	0.1538462	0.2169811	0.2772277	0.2277228	0.2190476	0.259542	0.2097561	0.2356021	0.248062	0.1818182	0.2152466	0.1762295	0.1534653	0.1435644	0.1079545	0.1976744	0.1986301	0.1444444	0.1716418	0.1603774	0.2377622	0.1333333	0.2694611	0.2087912	0.2394366	0.2622951	0.3286713	0.4529915	0.2395833	0.2123894	0.270073	0.3150685	0.3088235	0.3714286	0.4230769	0.2875	0.2988506	0.2033898	0.24	0.3333333	0.2790698	0.3548387	0.2285714	
Foulque macroule	0.1486486	0.1978022	0.1791045	0.1914894	0.3214286	0.1923077	0.1698113	0.2772277	0.2475248	0.2	0.1755725	0.1268293	0.1099476	0.1937984	0.1939394	0.1928251	0.1188525	0.0940594	0.1584158	0.1136364	0.1569767	0.0890411	0.1	0.1044776	0.1132075	0.1048951	0.0974359	0.1077844	0.1868132	0.1690141	0.0819672	0.1678322	0.1282051	0.1666667	0.0884956	0.1678832	0.1506849	0.1764706	0.1714286	0.2980769	0.1	0.137931	0.1355932	0.25	0.2222222	0.2093023	0.3870968	0.2142857	
Grue cendrée	0.0	0.0	0.0149254	0.0212766	0.0	0.0192308	0.0283019	0.019802	0.019802	0.0190476	0.0	0.0097561	0.0015	0.0155039	0.0	0.0	0.0	0.0	0.0	0.0	0.0	0.0	0.0	0.0	0.0	0.0	0.0	0.0	0.0	0.0	0.0	0.0	0.0	0.0	0.0	0.0072993	0.0	0.0015	0.0142857	0.0288462	0.05	0.0	0.0015	0.01	0.0015	0.0	0.0	0.0015	
Oedicnème criard	0.0	0.0	0.0	0.0	0.0	0.0015	0.0015	0.029703	0.0693069	0.0857143	0.0687023	0.1121951	0.0680628	0.1317829	0.1212121	0.1210762	0.102459	0.0940594	0.0742574	0.0568182	0.0406977	0.0273973	0.0666667	0.0597015	0.0377358	0.0629371	0.0205128	0.0359281	0.021978	0.084507	0.0327869	0.0769231	0.0854701	0.0625	0.0530973	0.0291971	0.0136986	0.0441176	0.0142857	0.0288462	0.075	0.0689655	0.0338983	0.0	0.0	0.0	0.0	0.0	
Échasse blanche	0.0	0.0	0.0	0.0	0.0	0.0	0.0	0.0	0.0	0.0	0.0076336	0.0195122	0.0015	0.0310078	0.0606061	0.0403587	0.0286885	0.0247525	0.0346535	0.0227273	0.0523256	0.0136986	0.0222222	0.0074627	0.0283019	0.006993	0.0102564	0.0015	0.021978	0.0	0.0163934	0.006993	0.0	0.0	0.0176991	0.0072993	0.0015	0.0	0.0	0.0	0.0	0.0	0.0	0.0	0.0	0.0	0.0	0.0	
Avocette élégante	0.0	0.0	0.0	0.0	0.0	0.0	0.0	0.0	0.0	0.0	0.0	0.0097561	0.0104712	0.0	0.0	0.0044843	0.0040984	0.0015	0.0	0.0	0.005814	0.0015	0.0	0.0	0.0	0.0	0.0015	0.0	0.0	0.0015	0.0	0.013986	0.0	0.0015	0.0015	0.0	0.0	0.0	0.0142857	0.0096154	0.0	0.0	0.0015	0.0015	0.0	0.0	0.0	0.0142857	
Huîtrier pie	0.0	0.0	0.0	0.0	0.0	0.0	0.0	0.0	0.0	0.0	0.0	0.0	0.0	0.0	0.0	0.0	0.0015	0.0	0.0	0.0	0.0	0.0	0.0	0.0	0.0	0.0	0.0	0.0	0.0	0.0	0.0163934	0.0015	0.0	0.0	0.0	0.0072993	0.0015	0.0	0.0	0.0	0.0	0.0	0.0	0.0	0.0	0.0	0.0	0.0	
Pluvier argenté	0.0	0.0	0.0149254	0.0	0.0	0.0	0.0	0.0	0.0	0.0	0.0	0.0	0.0	0.0	0.0	0.0089686	0.0040984	0.0015	0.0049505	0.0	0.0015	0.0	0.0015	0.0	0.0	0.0	0.0	0.0	0.0015	0.0	0.0163934	0.0015	0.0015	0.0015	0.0265487	0.0072993	0.0015	0.0015	0.0015	0.0384615	0.025	0.0229885	0.0169492	0.0	0.0	0.0	0.0322581	0.0428571	
Pluvier doré	0.1351351	0.1318681	0.1044776	0.0851064	0.1428571	0.0961538	0.0849057	0.039604	0.029703	0.0285714	0.0229008	0.0439024	0.0418848	0.0077519	0.0060606	0.0179372	0.0	0.0	0.0	0.0	0.0	0.0	0.0015	0.0	0.0	0.0	0.0	0.0	0.0	0.0	0.0	0.006993	0.0015	0.0104167	0.0176991	0.0145985	0.0410959	0.0294118	0.0571429	0.0769231	0.25	0.183908	0.2542373	0.12	0.1944444	0.0697674	0.1935484	0.1857143	
Guignard d’Eurasie	0.0	0.0	0.0	0.0	0.0	0.0	0.0	0.0	0.0	0.0	0.0	0.0	0.0052356	0.0	0.0	0.0044843	0.0163934	0.0	0.0	0.0	0.0	0.0	0.0	0.0	0.0	0.0	0.0	0.0	0.0	0.0	0.0163934	0.0015	0.0015	0.0015	0.0015	0.0	0.0	0.0	0.0	0.0	0.0	0.0	0.0	0.0	0.0	0.0	0.0	0.0	
Grand Gravelot	0.0	0.0	0.0	0.0	0.0	0.0	0.0	0.0	0.0	0.0	0.0	0.0	0.0052356	0.0	0.0015	0.0015	0.0737705	0.0346535	0.029703	0.0170455	0.005814	0.0136986	0.0111111	0.0015	0.0	0.0	0.0	0.005988	0.043956	0.0140845	0.0327869	0.0839161	0.034188	0.0208333	0.1150442	0.0583942	0.0958904	0.0441176	0.0714286	0.0673077	0.025	0.0229885	0.0	0.0	0.0	0.0	0.0	0.0	
Petit Gravelot	0.0	0.0	0.0	0.0	0.0	0.0	0.0	0.0	0.009901	0.0095238	0.0152672	0.0829268	0.0732984	0.1317829	0.0909091	0.1210762	0.2991803	0.0990099	0.0940594	0.0568182	0.0988372	0.0684932	0.0333333	0.0597015	0.0566038	0.0699301	0.0512821	0.1137725	0.0879121	0.056338	0.0655738	0.0909091	0.042735	0.0208333	0.0265487	0.0145985	0.0136986	0.0	0.0	0.0	0.0	0.0	0.0	0.0	0.0	0.0	0.0	0.0	
Vanneau huppé	0.2702703	0.2197802	0.1641791	0.212766	0.3035714	0.2115385	0.1981132	0.1485149	0.0990099	0.0761905	0.1832061	0.2	0.0942408	0.1705426	0.169697	0.1255605	0.0860656	0.0792079	0.0742574	0.0852273	0.0988372	0.1027397	0.1222222	0.119403	0.0754717	0.1678322	0.1230769	0.1257485	0.2307692	0.1971831	0.2622951	0.2867133	0.2649573	0.1979167	0.2035398	0.2408759	0.1643836	0.2058824	0.2714286	0.3557692	0.375	0.3563218	0.3220339	0.3	0.3055556	0.2093023	0.3870968	0.4428571	
Vanneau sociable	0.0	0.0	0.0	0.0	0.0	0.0	0.0	0.0	0.0	0.0	0.0	0.0439024	0.0	0.0	0.0	0.0	0.0	0.0	0.0	0.0	0.0	0.0	0.0	0.0	0.0	0.0	0.0	0.0	0.0	0.0	0.0	0.0	0.0	0.0	0.0	0.0	0.0	0.0294118	0.0285714	0.0	0.0	0.0	0.0	0.0	0.0	0.0	0.0	0.0	
Gravelot à collier interrompu	0.0	0.0	0.0	0.0	0.0	0.0	0.0	0.0	0.0	0.0	0.0	0.0	0.0	0.0	0.0	0.0044843	0.0	0.0	0.0	0.0	0.0	0.0	0.0	0.0	0.0	0.0	0.0	0.005988	0.0	0.0140845	0.0491803	0.006993	0.0	0.0	0.0	0.0015	0.0	0.0	0.0	0.0	0.0	0.0	0.0	0.0	0.0	0.0	0.0	0.0	
Charadriidae sp.	0.0	0.0	0.0	0.0	0.0	0.0	0.0	0.0	0.0	0.0	0.0	0.0	0.0	0.0	0.0	0.0	0.0	0.0	0.0	0.0	0.0	0.0068493	0.0	0.0	0.0	0.0	0.0	0.0	0.0	0.0	0.0	0.0	0.0	0.0	0.0	0.0	0.0	0.0	0.0	0.0	0.0	0.0	0.0	0.0	0.0	0.0	0.0	0.0	
Courlis corlieu	0.0	0.0	0.0	0.0	0.0	0.0	0.0	0.0	0.0	0.0	0.0	0.0	0.0	0.0015	0.0121212	0.0089686	0.0015	0.0015	0.0	0.0	0.0	0.0	0.0	0.0	0.0	0.0015	0.0015	0.011976	0.010989	0.0015	0.0015	0.0015	0.0015	0.0015	0.0	0.0	0.0	0.0	0.0	0.0	0.0	0.0	0.0	0.0	0.0	0.0	0.0	0.0	
Courlis cendré	0.0	0.0	0.0	0.0106383	0.0	0.0015	0.0015	0.0015	0.019802	0.0095238	0.0015	0.0195122	0.0052356	0.0232558	0.0181818	0.0134529	0.0040984	0.0049505	0.019802	0.0015	0.0015	0.0015	0.0111111	0.0015	0.0015	0.0	0.0015	0.0	0.021978	0.0	0.0015	0.006993	0.008547	0.0104167	0.0	0.0015	0.0	0.0015	0.0	0.0096154	0.0	0.0	0.0169492	0.0	0.0	0.0	0.0	0.0015	
Barge rousse	0.0	0.0	0.0	0.0	0.0	0.0	0.0	0.0	0.0	0.0	0.0	0.0	0.0	0.0	0.0	0.0015	0.0	0.0	0.0	0.0	0.0015	0.0	0.0	0.0	0.0	0.0	0.0	0.0	0.0	0.0	0.0	0.0	0.0	0.0	0.0353982	0.0072993	0.0	0.0	0.0	0.0	0.0	0.0	0.0	0.0	0.0	0.0	0.0	0.0	
Barge à queue noire	0.0	0.0	0.0	0.0	0.0	0.0	0.0	0.0	0.0015	0.0	0.0015	0.0	0.0	0.0	0.0	0.0044843	0.0	0.0	0.0	0.0	0.0	0.0015	0.0	0.0	0.009434	0.0015	0.0015	0.011976	0.0015	0.0140845	0.0327869	0.020979	0.0	0.0015	0.0088496	0.0072993	0.0	0.0	0.0	0.0	0.0	0.0	0.0	0.0	0.0	0.0	0.0	0.0	
Bécassine sourde	0.0405405	0.1098901	0.0447761	0.0	0.0357143	0.0384615	0.009434	0.0	0.0	0.0095238	0.0458015	0.0243902	0.0	0.0	0.0060606	0.0	0.0	0.0	0.0	0.0	0.0	0.0	0.0	0.0	0.0	0.0	0.0	0.0	0.0	0.0	0.0	0.0	0.0	0.0	0.0	0.0	0.0	0.0	0.0142857	0.0384615	0.0	0.0344828	0.0338983	0.02	0.0277778	0.0232558	0.0322581	0.0428571	
Bécasse des bois	0.0015	0.0015	0.0149254	0.0015	0.0	0.0192308	0.009434	0.029703	0.009901	0.0	0.0076336	0.0	0.0	0.0	0.0	0.0	0.0040984	0.0	0.0	0.0	0.005814	0.0	0.0	0.0149254	0.0188679	0.0	0.0015	0.0	0.0	0.0	0.0	0.0	0.0	0.0	0.0	0.0	0.0	0.0	0.0	0.0096154	0.0	0.0015	0.0338983	0.01	0.0277778	0.0465116	0.0322581	0.0015	
Bécassine des marais	0.1081081	0.1428571	0.119403	0.0425532	0.0714286	0.0576923	0.0471698	0.029703	0.049505	0.0952381	0.0992366	0.1268293	0.0942408	0.0620155	0.0424242	0.0134529	0.0040984	0.0015	0.0	0.0	0.0	0.0	0.0	0.0	0.0	0.0	0.0051282	0.011976	0.0549451	0.084507	0.0655738	0.1818182	0.1709402	0.1354167	0.1150442	0.1313869	0.1780822	0.1617647	0.2142857	0.2980769	0.1375	0.1954023	0.1525424	0.1	0.0555556	0.0697674	0.0645161	0.1	
Phalarope à bec large	0.0	0.0	0.0	0.0	0.0	0.0	0.0	0.0	0.0	0.0	0.0	0.0	0.0	0.0	0.0	0.0	0.0	0.0	0.0	0.0	0.0	0.0	0.0	0.0	0.0	0.0	0.0	0.0	0.0	0.0	0.0	0.0	0.0	0.0	0.0	0.0	0.0	0.0	0.0	0.0	0.025	0.0	0.0	0.0	0.0	0.0	0.0	0.0	
Chevalier guignette	0.027027	0.021978	0.0149254	0.0212766	0.0178571	0.0015	0.009434	0.009901	0.019802	0.0015	0.0152672	0.0195122	0.0366492	0.0775194	0.1090909	0.2286996	0.3770492	0.2277228	0.1188119	0.0511364	0.0174419	0.0205479	0.0111111	0.0447761	0.0377358	0.1188811	0.1076923	0.257485	0.2857143	0.2957746	0.2622951	0.2797203	0.3076923	0.1354167	0.1415929	0.1459854	0.1643836	0.0882353	0.0285714	0.0576923	0.025	0.0344828	0.0338983	0.07	0.0	0.0	0.0015	0.0285714	
Chevalier grivelé	0.0	0.0	0.0	0.0	0.0	0.0	0.0	0.0	0.0	0.0	0.0	0.0	0.0	0.0	0.0	0.0	0.0	0.0	0.0	0.0	0.0	0.0	0.0	0.0	0.0	0.0	0.0	0.0	0.0	0.0	0.0	0.0	0.0	0.0	0.0	0.0	0.0	0.0	0.0	0.0	0.0125	0.0229885	0.0	0.0	0.0	0.0	0.0	0.0	
Chevalier culblanc	0.027027	0.0549451	0.0447761	0.0212766	0.0535714	0.0015	0.0283019	0.009901	0.039604	0.047619	0.0610687	0.0780488	0.0471204	0.0852713	0.030303	0.0134529	0.0081967	0.0	0.0	0.0056818	0.0174419	0.0205479	0.0444444	0.0149254	0.0283019	0.1118881	0.0461538	0.0838323	0.1208791	0.1830986	0.1639344	0.1958042	0.1282051	0.0833333	0.1327434	0.1021898	0.109589	0.0588235	0.1428571	0.1826923	0.0375	0.1149425	0.0677966	0.1	0.0277778	0.0465116	0.2580645	0.1428571	
Chevalier stagnatile	0.0	0.0	0.0	0.0	0.0	0.0	0.0	0.0	0.0	0.0	0.0	0.0	0.0	0.0	0.0	0.0	0.0	0.0	0.0	0.0	0.0	0.0	0.0	0.0015	0.0	0.0	0.0051282	0.0	0.0	0.0	0.0	0.0	0.0	0.0	0.0	0.0	0.0	0.0	0.0	0.0	0.0	0.0	0.0	0.0	0.0	0.0	0.0	0.0	
Chevalier sylvain	0.0	0.0	0.0	0.0	0.0	0.0	0.0	0.0	0.0	0.0	0.0	0.0	0.0	0.0015	0.0363636	0.0313901	0.0532787	0.0	0.0049505	0.0	0.0	0.0	0.0015	0.0074627	0.0188679	0.020979	0.0051282	0.011976	0.043956	0.084507	0.1147541	0.1118881	0.0683761	0.0208333	0.0	0.0072993	0.0	0.0	0.0	0.0	0.0	0.0	0.0	0.0	0.0	0.0	0.0	0.0	
Chevalier gambette	0.0	0.0	0.0	0.0	0.0	0.0	0.0	0.0	0.0	0.0190476	0.0015	0.0243902	0.0104712	0.0077519	0.0181818	0.0627803	0.1393443	0.0841584	0.1039604	0.0113636	0.0116279	0.0068493	0.0111111	0.0074627	0.0188679	0.020979	0.0015	0.005988	0.010989	0.0015	0.0015	0.006993	0.025641	0.0015	0.0088496	0.0072993	0.0	0.0	0.0	0.0	0.0	0.0	0.0	0.0	0.0	0.0	0.0	0.0	
Chevalier arlequin	0.0	0.0	0.0	0.0	0.0	0.0	0.0	0.0	0.0	0.0	0.0	0.0	0.0	0.0	0.0060606	0.0224215	0.0040984	0.0	0.0	0.0	0.0	0.0	0.0	0.0015	0.0	0.0	0.0	0.005988	0.0	0.0	0.0	0.020979	0.0683761	0.0	0.0088496	0.0145985	0.0273973	0.0	0.0142857	0.0480769	0.0	0.0	0.0015	0.0	0.0	0.0	0.0	0.0	
Chevalier aboyeur	0.0	0.0	0.0	0.0	0.0	0.0	0.0	0.0	0.0	0.0	0.0076336	0.0015	0.0015	0.0465116	0.0727273	0.1255605	0.1680328	0.009901	0.009901	0.0056818	0.0	0.0	0.0111111	0.0	0.0015	0.006993	0.0102564	0.011976	0.0549451	0.028169	0.0983607	0.0909091	0.1196581	0.0729167	0.0707965	0.0437956	0.0410959	0.0441176	0.0285714	0.0480769	0.0125	0.0015	0.0015	0.01	0.0	0.0	0.0	0.0	
Tournepierre à collier	0.0	0.0	0.0	0.0	0.0	0.0	0.0	0.0	0.0	0.0	0.0	0.0	0.0	0.0	0.0015	0.0015	0.0081967	0.0049505	0.0	0.0	0.0	0.0	0.0	0.0	0.0	0.0	0.0	0.0	0.0	0.0	0.0	0.0	0.008547	0.0104167	0.0	0.0015	0.0136986	0.0	0.0	0.0	0.0	0.0	0.0	0.0	0.0	0.0	0.0	0.0	
Bécasseau maubèche	0.0	0.0	0.0	0.0	0.0	0.0	0.0	0.0	0.0	0.0	0.0	0.004878	0.0	0.0015	0.0	0.0	0.0081967	0.0049505	0.0	0.0	0.0	0.0	0.0	0.0	0.0	0.0	0.0	0.0	0.010989	0.0	0.0	0.006993	0.0	0.0015	0.0	0.0	0.0	0.0	0.0	0.0096154	0.0	0.0	0.0	0.0	0.0	0.0	0.0	0.0	
Combattant varié	0.0	0.0	0.0	0.0	0.0178571	0.0	0.0	0.009901	0.009901	0.0	0.0076336	0.0341463	0.0015	0.0	0.0181818	0.0044843	0.0204918	0.0015	0.0049505	0.0	0.0	0.0	0.0	0.0	0.0188679	0.0	0.0	0.0015	0.021978	0.028169	0.0819672	0.0909091	0.0512821	0.0416667	0.079646	0.0656934	0.0547945	0.0441176	0.0428571	0.0288462	0.0375	0.0344828	0.0	0.0	0.0	0.0	0.0322581	0.0	
Bécasseau cocorli	0.0	0.0	0.0	0.0	0.0	0.0	0.0	0.0	0.0	0.0	0.0	0.0	0.0	0.0	0.0	0.0	0.0081967	0.0	0.0049505	0.0	0.0	0.0	0.0	0.0	0.0	0.0	0.0	0.005988	0.0	0.0	0.0	0.0	0.017094	0.0015	0.0176991	0.0218978	0.0410959	0.0	0.0	0.0	0.0	0.0	0.0	0.0	0.0	0.0	0.0	0.0	
Bécasseau de Temminck	0.0	0.0	0.0	0.0	0.0	0.0	0.0	0.0	0.0	0.0	0.0	0.0	0.0	0.0	0.0	0.0044843	0.0286885	0.0015	0.0049505	0.0	0.0	0.0	0.0	0.0	0.0	0.0	0.0	0.0	0.0	0.0	0.0327869	0.006993	0.017094	0.0104167	0.0088496	0.0015	0.0	0.0	0.0	0.0	0.0	0.0	0.0	0.0	0.0	0.0	0.0	0.0	
Bécasseau sanderling	0.0	0.0	0.0	0.0	0.0	0.0	0.0	0.0	0.0	0.0	0.0	0.0	0.0	0.0015	0.0242424	0.0089686	0.0245902	0.0346535	0.019802	0.0	0.0	0.0	0.0	0.0	0.0	0.0	0.0	0.0	0.0	0.0	0.0	0.0	0.0	0.0	0.0	0.0	0.0	0.0	0.0	0.0	0.0	0.0	0.0	0.0	0.0	0.0	0.0	0.0	
Bécasseau variable	0.0	0.010989	0.0149254	0.0015	0.0178571	0.0	0.0188679	0.0015	0.0015	0.0015	0.0076336	0.0146341	0.0015	0.0015	0.0	0.0015	0.0204918	0.029703	0.0015	0.0015	0.0015	0.0	0.0	0.0	0.0	0.006993	0.0	0.011976	0.032967	0.0140845	0.0655738	0.0769231	0.008547	0.0625	0.1061947	0.0437956	0.1506849	0.0441176	0.1285714	0.0961538	0.075	0.0574713	0.0169492	0.0015	0.0277778	0.0	0.0322581	0.0285714	
Bécasseau minute	0.0	0.0	0.0	0.0	0.0	0.0	0.0	0.0	0.0	0.0	0.0	0.0	0.0	0.0	0.0	0.0015	0.0040984	0.0015	0.0	0.0	0.0	0.0	0.0	0.0	0.0	0.0	0.0	0.0179641	0.021978	0.0015	0.0015	0.034965	0.042735	0.0208333	0.0530973	0.0291971	0.0821918	0.0147059	0.0142857	0.0	0.0015	0.0	0.0	0.0	0.0	0.0	0.0	0.0	
Bécasseau de Bonaparte	0.0	0.0	0.0	0.0	0.0	0.0	0.0	0.0	0.0	0.0	0.0	0.0	0.0	0.0	0.0	0.0	0.0015	0.0015	0.0	0.0	0.0	0.0	0.0	0.0	0.0	0.0	0.0	0.0	0.0	0.0	0.0	0.020979	0.0	0.0	0.0	0.0	0.0	0.0	0.0	0.0	0.0	0.0	0.0	0.0	0.0	0.0	0.0	0.0	
Bécasseau tacheté	0.0	0.0	0.0	0.0	0.0	0.0	0.0	0.0	0.0	0.0	0.0	0.0	0.0	0.0	0.0	0.0	0.0	0.0	0.0	0.0	0.0	0.0	0.0	0.0	0.0	0.0	0.0	0.0	0.0	0.0	0.0	0.0	0.017094	0.0015	0.0088496	0.0015	0.0	0.0	0.0	0.0	0.0	0.0	0.0	0.0	0.0	0.0	0.0	0.0	
limicole sp.	0.0	0.0	0.0	0.0	0.0	0.0	0.0	0.0	0.0	0.0	0.0	0.0	0.0052356	0.0	0.0060606	0.0	0.0	0.0	0.0	0.0	0.0	0.0	0.0	0.0	0.0	0.0	0.0	0.0	0.0	0.0	0.0	0.0	0.0	0.0	0.0	0.0	0.0	0.0147059	0.0	0.0096154	0.0	0.0	0.0	0.0	0.0	0.0232558	0.0	0.0	
Labbe parasite	0.0	0.0	0.0	0.0	0.0	0.0	0.0	0.0	0.0	0.0	0.0	0.0	0.0	0.0	0.0	0.0	0.0	0.0	0.0	0.0	0.0	0.0	0.0	0.0	0.0	0.0	0.0	0.0	0.0	0.0	0.0015	0.013986	0.008547	0.0	0.0	0.0	0.0	0.0	0.0	0.0	0.0	0.0	0.0	0.0	0.0	0.0	0.0	0.0	
labbe sp.	0.0	0.0	0.0	0.0	0.0	0.0	0.0	0.0	0.0	0.0	0.0	0.0	0.0	0.0	0.0	0.0	0.0	0.0	0.0	0.0	0.0	0.0	0.0	0.0	0.0	0.0	0.0	0.0	0.0	0.0	0.0	0.0	0.0	0.0015	0.0	0.0	0.0	0.0	0.0	0.0	0.0	0.0	0.0	0.0	0.0	0.0	0.0	0.0	
Mouette pygmée	0.0	0.0015	0.0	0.0015	0.0015	0.0015	0.0	0.009901	0.0	0.0095238	0.0	0.004878	0.0015	0.0077519	0.0060606	0.0044843	0.0	0.0	0.0049505	0.0	0.0	0.0	0.0	0.0	0.0	0.0	0.0	0.0	0.0	0.0	0.0	0.0	0.0	0.0	0.0088496	0.0	0.0	0.0	0.0	0.0096154	0.025	0.0015	0.0169492	0.06	0.0	0.0232558	0.0	0.0	
Mouette tridactyle	0.0	0.0	0.0	0.0	0.0	0.0	0.0	0.0	0.0	0.0	0.0	0.0	0.0	0.0	0.0	0.0	0.0	0.0	0.0	0.0	0.0	0.0	0.0	0.0	0.0	0.0	0.0	0.0	0.0	0.0	0.0	0.0	0.0	0.0	0.0	0.0	0.0	0.0	0.0	0.0	0.0	0.0	0.0169492	0.05	0.0	0.0	0.0	0.0142857	
Mouette rieuse	0.2567568	0.2967033	0.2686567	0.2021277	0.3392857	0.2884615	0.254717	0.2970297	0.3267327	0.2	0.2137405	0.2146341	0.1937173	0.3178295	0.2	0.2286996	0.1516393	0.1485149	0.1584158	0.1420455	0.2209302	0.1643836	0.1333333	0.2089552	0.1886792	0.1888112	0.1897436	0.3952096	0.3296703	0.2816901	0.295082	0.4265734	0.4871795	0.2604167	0.2300885	0.3138686	0.2465753	0.2794118	0.4285714	0.3942308	0.375	0.2988506	0.2542373	0.45	0.3888889	0.2790698	0.483871	0.4	
Goéland d'Audouin	0.0	0.0	0.0	0.0	0.0	0.0	0.0	0.0	0.0	0.0	0.0	0.0	0.0	0.0	0.0	0.0	0.0040984	0.0	0.0	0.0	0.0	0.0	0.0	0.0	0.0	0.0	0.0	0.0	0.0	0.0	0.0	0.0	0.0	0.0	0.0	0.0	0.0	0.0	0.0	0.0	0.0	0.0	0.0	0.0	0.0	0.0	0.0	0.0	
Mouette mélanocéphale	0.0015	0.0015	0.0015	0.0015	0.0357143	0.0384615	0.0660377	0.0990099	0.1386139	0.0761905	0.0687023	0.1365854	0.1413613	0.2325581	0.1757576	0.1434978	0.0655738	0.0594059	0.0445545	0.0340909	0.0348837	0.0890411	0.0777778	0.0298507	0.0283019	0.027972	0.0015	0.0359281	0.021978	0.0	0.0163934	0.006993	0.008547	0.0	0.0088496	0.0015	0.0	0.0	0.0	0.0	0.0	0.0015	0.0	0.0	0.0	0.0	0.0	0.0	
Hybride Mouette rieuse x M. mélanocéphale	0.0	0.0	0.0	0.0	0.0	0.0	0.0	0.009901	0.0	0.0	0.0	0.0015	0.0	0.0	0.0	0.0	0.0	0.0	0.0	0.0	0.0	0.0	0.0	0.0	0.0	0.0	0.0015	0.0	0.0	0.0	0.0	0.0	0.0	0.0	0.0	0.0	0.0	0.0	0.0	0.0	0.0	0.0	0.0	0.0	0.0	0.0	0.0	0.0	
Goéland cendré	0.0135135	0.010989	0.0149254	0.0015	0.0714286	0.0576923	0.0015	0.009901	0.0015	0.0015	0.0	0.0015	0.0	0.0	0.0	0.0	0.0	0.0	0.0	0.0	0.0	0.0	0.0	0.0	0.0	0.0	0.0	0.0	0.0	0.0	0.0	0.0	0.0	0.0	0.0	0.0	0.0	0.0	0.0	0.0	0.0	0.0	0.0	0.02	0.0277778	0.0015	0.0322581	0.0015	
Goéland pontique	0.0405405	0.010989	0.0298507	0.0015	0.0714286	0.0769231	0.0015	0.009901	0.009901	0.0095238	0.0015	0.0015	0.0015	0.0015	0.0060606	0.0015	0.0015	0.0	0.0015	0.0	0.0	0.0	0.0	0.0	0.0	0.0	0.0	0.0	0.0	0.0	0.0	0.0	0.0	0.0	0.0	0.0	0.0	0.0	0.0	0.0	0.0	0.0015	0.0338983	0.03	0.0015	0.0015	0.0015	0.0015	
Goéland argenté	0.0405405	0.043956	0.0298507	0.0106383	0.0714286	0.0961538	0.0015	0.009901	0.009901	0.0095238	0.0015	0.0015	0.0015	0.0015	0.0060606	0.0015	0.0040984	0.0015	0.0	0.0015	0.0015	0.0068493	0.0015	0.0015	0.0	0.0015	0.0015	0.0015	0.0	0.0	0.0327869	0.0015	0.0	0.0015	0.0265487	0.0145985	0.0	0.0294118	0.0	0.0	0.0	0.0015	0.0508475	0.1	0.0555556	0.0015	0.0322581	0.0142857	
Hybride Goéland pontique x G. argenté	0.0	0.0	0.0149254	0.0015	0.0178571	0.0192308	0.0	0.0	0.0	0.0	0.0	0.0	0.0	0.0	0.0	0.0	0.0	0.0	0.0	0.0	0.0	0.0	0.0	0.0	0.0	0.0	0.0	0.0	0.0	0.0	0.0	0.0	0.0	0.0	0.0	0.0	0.0	0.0	0.0	0.0	0.0	0.0	0.0	0.0	0.0	0.0	0.0	0.0	
Goéland leucophée	0.2567568	0.2637363	0.1940299	0.1808511	0.2857143	0.2884615	0.2264151	0.2079208	0.2673267	0.2190476	0.221374	0.2195122	0.2879581	0.2713178	0.1939394	0.206278	0.2336066	0.2623762	0.1732673	0.2272727	0.255814	0.2328767	0.1888889	0.2462687	0.1320755	0.1888112	0.1487179	0.3053892	0.1868132	0.2253521	0.1967213	0.2517483	0.2820513	0.1354167	0.2035398	0.189781	0.2054795	0.2941176	0.2857143	0.3076923	0.375	0.3448276	0.3050847	0.36	0.1666667	0.255814	0.2258065	0.3285714	
Goéland pontique ou G. leucophée	0.0	0.0	0.0	0.0	0.0	0.0	0.0	0.009901	0.0	0.0	0.0	0.0	0.0	0.0	0.0	0.0	0.0	0.0	0.0	0.0	0.0	0.0	0.0	0.0	0.0	0.0	0.0	0.0	0.0	0.0	0.0	0.0	0.0	0.0	0.0	0.0	0.0	0.0	0.0	0.0	0.0	0.0	0.0	0.0	0.0	0.0	0.0	0.0	
Goéland marin	0.0	0.010989	0.0	0.0015	0.0	0.0	0.0	0.009901	0.0	0.0	0.0	0.0	0.0	0.0	0.0	0.0	0.0	0.0	0.0	0.0056818	0.0	0.0	0.0	0.0	0.0	0.0015	0.0	0.005988	0.010989	0.0015	0.0015	0.006993	0.008547	0.0	0.0015	0.0072993	0.0	0.0	0.0142857	0.0096154	0.0	0.0	0.0	0.02	0.0	0.0	0.0322581	0.0	
Goéland brun	0.1351351	0.1098901	0.0746269	0.0638298	0.1785714	0.1153846	0.0660377	0.049505	0.049505	0.0190476	0.0152672	0.0146341	0.0104712	0.0232558	0.0181818	0.0089686	0.0286885	0.0148515	0.0049505	0.0056818	0.0116279	0.0136986	0.0	0.0074627	0.0	0.006993	0.0153846	0.011976	0.021978	0.028169	0.0327869	0.027972	0.008547	0.0208333	0.0265487	0.0	0.0	0.0441176	0.0571429	0.0673077	0.025	0.0229885	0.0677966	0.18	0.1111111	0.0697674	0.1290323	0.1142857	
Goéland à ailes blanches	0.0	0.010989	0.0	0.0	0.0	0.0	0.0	0.0	0.0	0.0	0.0	0.0	0.0	0.0	0.0	0.0	0.0	0.0	0.0	0.0	0.0	0.0	0.0	0.0	0.0	0.0	0.0	0.0	0.0	0.0	0.0	0.0	0.0	0.0	0.0	0.0	0.0	0.0	0.0	0.0	0.0	0.0	0.0	0.0	0.0	0.0	0.0	0.0	
goéland sp. (Larus sp.)	0.0	0.0	0.0	0.0212766	0.0	0.0	0.0	0.0	0.0	0.0	0.0015	0.0	0.0052356	0.0077519	0.0242424	0.0089686	0.0	0.0015	0.0049505	0.0056818	0.0	0.0	0.0	0.0	0.0	0.006993	0.0	0.005988	0.0	0.0	0.0	0.006993	0.008547	0.0208333	0.0088496	0.0072993	0.0	0.0	0.0	0.0	0.0	0.0015	0.0	0.01	0.0	0.0	0.0	0.0	
goéland ou mouette sp.	0.0135135	0.0	0.0	0.0	0.0	0.0	0.0	0.0	0.0	0.0	0.0	0.004878	0.0052356	0.0	0.0	0.0	0.0	0.0	0.0	0.0056818	0.0	0.0	0.0	0.0	0.0	0.006993	0.0	0.0	0.010989	0.0	0.0	0.013986	0.0	0.0208333	0.0	0.0015	0.0	0.0	0.0	0.0	0.0	0.0114943	0.0015	0.02	0.0277778	0.0	0.0	0.0	
Sterne naine	0.0	0.0	0.0	0.0	0.0	0.0	0.0	0.0	0.0	0.0	0.0	0.0	0.0	0.0	0.0	0.0089686	0.1516393	0.1287129	0.1534653	0.1022727	0.1104651	0.1438356	0.0777778	0.0970149	0.0566038	0.0699301	0.0358974	0.1077844	0.0989011	0.0140845	0.1147541	0.0769231	0.017094	0.0	0.0015	0.0	0.0	0.0	0.0	0.0	0.0	0.0	0.0	0.0	0.0	0.0	0.0	0.0	
Sterne hansel	0.0	0.0	0.0	0.0	0.0	0.0	0.0	0.0	0.0	0.0	0.0	0.0	0.0	0.0	0.0	0.0	0.0	0.0	0.0	0.0	0.0	0.0	0.0	0.0	0.0	0.013986	0.0	0.0	0.0	0.0015	0.0	0.0	0.0	0.0	0.0	0.0	0.0	0.0	0.0	0.0	0.0	0.0	0.0	0.0	0.0	0.0	0.0	0.0	
Sterne caspienne	0.0	0.0	0.0	0.0	0.0	0.0	0.0	0.0	0.0	0.0	0.0	0.0	0.0015	0.0	0.0	0.0	0.0	0.0	0.0	0.0	0.0	0.0	0.0	0.0	0.0	0.0	0.0	0.0	0.0	0.0	0.0	0.0	0.0	0.0015	0.0088496	0.0145985	0.0	0.0	0.0	0.0	0.0	0.0	0.0	0.0	0.0	0.0	0.0	0.0	
Guifette moustac	0.0	0.0	0.0	0.0	0.0	0.0	0.0	0.0	0.0	0.0	0.0	0.0097561	0.0157068	0.0465116	0.0424242	0.058296	0.057377	0.0346535	0.0544554	0.0113636	0.0232558	0.0068493	0.0333333	0.0298507	0.009434	0.020979	0.0102564	0.0419162	0.0549451	0.0422535	0.0	0.006993	0.0	0.0104167	0.0088496	0.0015	0.0015	0.0	0.0	0.0	0.0	0.0	0.0	0.0	0.0	0.0	0.0	0.0	
Guifette noire	0.0	0.0	0.0	0.0	0.0	0.0	0.0	0.0	0.0	0.0	0.0	0.0	0.0	0.0015	0.0	0.0089686	0.0245902	0.0148515	0.039604	0.0170455	0.0015	0.0	0.0111111	0.0	0.0015	0.0	0.0051282	0.005988	0.0015	0.0140845	0.0163934	0.034965	0.0683761	0.0416667	0.0088496	0.0072993	0.0	0.0	0.0	0.0096154	0.0	0.0	0.0	0.0	0.0	0.0	0.0	0.0	
Guifette leucoptère	0.0	0.0	0.0	0.0	0.0	0.0	0.0	0.0	0.0	0.0	0.0	0.0	0.0	0.0	0.0	0.0	0.0040984	0.0049505	0.0	0.0	0.0	0.0	0.0	0.0	0.0	0.0	0.0	0.0	0.0	0.0	0.0163934	0.0	0.008547	0.0015	0.0	0.0	0.0	0.0	0.0	0.0	0.0	0.0	0.0	0.0	0.0	0.0	0.0	0.0	
Sterne arctique	0.0	0.0	0.0	0.0	0.0	0.0	0.0	0.0	0.0	0.0	0.0	0.0	0.0	0.0	0.0	0.0	0.0	0.0	0.0	0.0	0.0	0.0	0.0	0.0	0.0	0.0	0.0	0.0	0.0	0.0	0.0	0.0	0.0	0.0	0.0	0.0	0.0	0.0	0.0	0.0288462	0.025	0.0	0.0	0.0	0.0	0.0	0.0	0.0	
Sterne pierregarin	0.0	0.0	0.0	0.0	0.0	0.0	0.0	0.0	0.0	0.0015	0.0076336	0.0390244	0.1413613	0.2248062	0.2181818	0.2017937	0.3565574	0.3118812	0.2722772	0.2386364	0.3197674	0.2739726	0.1777778	0.261194	0.1981132	0.2167832	0.1384615	0.3413174	0.2307692	0.2816901	0.2295082	0.1608392	0.1025641	0.0208333	0.0176991	0.0072993	0.0	0.0	0.0	0.0	0.05	0.0	0.0	0.0	0.0	0.0	0.0	0.0	
Sterne caugek	0.0	0.0	0.0	0.0	0.0	0.0	0.0	0.0	0.0	0.0	0.0	0.0	0.0	0.0	0.0	0.0	0.0	0.0015	0.0	0.0	0.0	0.0	0.0	0.0	0.0	0.0015	0.0	0.0	0.010989	0.0	0.0	0.0	0.0	0.0	0.0	0.0	0.0	0.0	0.0	0.0	0.0	0.0	0.0	0.0	0.0	0.0	0.0	0.0	
sterne sp.	0.0	0.0	0.0	0.0	0.0	0.0	0.0	0.0	0.0	0.0	0.0	0.0	0.0	0.0	0.0015	0.0089686	0.0040984	0.0	0.0	0.0056818	0.0	0.0	0.0	0.0	0.0	0.0	0.0	0.005988	0.0	0.0	0.0163934	0.0	0.0	0.0	0.0	0.0	0.0	0.0	0.0	0.0	0.0	0.0	0.0	0.0	0.0	0.0	0.0	0.0	
Grèbe castagneux	0.0675676	0.0879121	0.0895522	0.0638298	0.1607143	0.1153846	0.0660377	0.1386139	0.1188119	0.1142857	0.1068702	0.0634146	0.0628272	0.1085271	0.0909091	0.0852018	0.0327869	0.0445545	0.0742574	0.0340909	0.0348837	0.0205479	0.0444444	0.0597015	0.0849057	0.0769231	0.0615385	0.0598802	0.1538462	0.0704225	0.0983607	0.1538462	0.1709402	0.1145833	0.0973451	0.1459854	0.1232877	0.1911765	0.1571429	0.2596154	0.15	0.1724138	0.1016949	0.13	0.1944444	0.0697674	0.2258065	0.0714286	
Grèbe esclavon	0.0	0.0	0.0	0.0	0.0	0.0	0.0	0.0	0.0	0.0	0.0	0.0	0.0	0.0	0.0	0.0179372	0.0040984	0.0	0.0	0.0	0.0	0.0	0.0	0.0	0.0	0.0	0.0	0.0	0.0	0.0	0.0	0.0	0.0	0.0	0.0	0.0	0.0	0.0	0.0	0.0	0.0	0.0	0.0	0.0	0.0	0.0232558	0.0	0.0	
Grèbe jougris	0.0	0.0	0.0	0.0	0.0	0.0	0.0	0.0	0.0	0.0	0.0	0.0	0.0	0.0	0.0	0.0	0.0	0.0	0.0	0.0	0.0	0.0	0.0	0.0	0.0	0.0	0.0	0.0	0.0	0.0	0.0	0.0	0.0	0.0	0.0	0.0	0.0	0.0	0.0	0.0192308	0.0	0.0	0.0	0.0	0.0	0.0	0.0	0.0	
Grèbe huppé	0.1216216	0.1868132	0.2089552	0.1595745	0.2321429	0.1153846	0.1132075	0.2079208	0.1683168	0.1333333	0.1374046	0.0780488	0.078534	0.1395349	0.1515152	0.1524664	0.0778689	0.0891089	0.1089109	0.0625	0.0872093	0.0342466	0.0666667	0.0373134	0.0754717	0.0559441	0.0512821	0.0598802	0.0769231	0.0704225	0.0491803	0.0839161	0.0854701	0.125	0.0442478	0.080292	0.109589	0.1323529	0.1	0.1730769	0.075	0.0804598	0.0677966	0.19	0.1388889	0.1627907	0.3548387	0.2857143	
Grèbe à cou noir	0.0	0.0	0.0	0.0	0.0	0.0	0.009434	0.0	0.029703	0.0285714	0.0305344	0.0243902	0.0314136	0.0232558	0.0181818	0.0493274	0.0245902	0.009901	0.0247525	0.0113636	0.0	0.0068493	0.0015	0.0074627	0.009434	0.013986	0.0015	0.011976	0.0015	0.028169	0.0163934	0.020979	0.025641	0.03125	0.0088496	0.0072993	0.0015	0.0	0.0	0.0288462	0.0	0.0114943	0.0169492	0.0	0.0	0.0015	0.0	0.0	
Plongeon catmarin	0.0	0.0	0.0	0.0	0.0	0.0	0.0	0.0	0.0	0.0	0.0	0.0	0.0	0.0	0.0	0.0	0.0	0.0	0.0	0.0	0.0	0.0	0.0	0.0	0.0	0.0	0.0	0.0	0.0	0.0	0.0	0.0	0.0	0.0	0.0	0.0	0.0	0.0	0.0	0.0	0.0	0.0	0.0	0.0	0.0	0.0	0.0	0.0142857	
Plongeon arctique	0.0	0.0	0.0	0.0	0.0	0.0	0.0	0.0	0.0	0.0	0.0	0.0	0.0	0.0	0.0	0.0	0.0	0.0	0.0	0.0	0.0	0.0	0.0	0.0	0.0	0.0	0.0	0.0	0.0	0.0	0.0	0.0	0.0	0.0	0.0	0.0	0.0	0.0	0.0	0.0	0.0	0.0	0.0	0.01	0.0	0.0	0.0	0.0	
Plongeon imbrin	0.0	0.0	0.0	0.0	0.0	0.0	0.0	0.0	0.0	0.0	0.0	0.0	0.0	0.0	0.0	0.0	0.0	0.0	0.0	0.0	0.0	0.0	0.0	0.0	0.0	0.0	0.0	0.0	0.0	0.0	0.0	0.0	0.0	0.0	0.0	0.0	0.0	0.0	0.0	0.0	0.0	0.0	0.0169492	0.01	0.0	0.0	0.0	0.0142857	
Océanite culblanc	0.0	0.0	0.0	0.0	0.0	0.0	0.0	0.0	0.0	0.0	0.0	0.0	0.0	0.0	0.0	0.0	0.0	0.0	0.0	0.0	0.0	0.0	0.0	0.0	0.0	0.0	0.0	0.0	0.0	0.0	0.0	0.0	0.0	0.0	0.0	0.0	0.0	0.0	0.0	0.0	0.05	0.0	0.0	0.0	0.0	0.0	0.0	0.0	
Cigogne noire	0.0	0.0	0.0	0.0	0.0	0.0	0.0	0.0	0.0	0.0	0.0152672	0.004878	0.026178	0.0077519	0.0424242	0.0089686	0.0122951	0.019802	0.0247525	0.0170455	0.0116279	0.0205479	0.0444444	0.0223881	0.0283019	0.013986	0.025641	0.011976	0.0879121	0.056338	0.0327869	0.020979	0.042735	0.0208333	0.0353982	0.0072993	0.0136986	0.0	0.0	0.0	0.0	0.0	0.0	0.0	0.0	0.0	0.0	0.0	
Cigogne blanche	0.0	0.0	0.0	0.0	0.0178571	0.0384615	0.009434	0.029703	0.039604	0.0190476	0.0305344	0.0146341	0.0052356	0.0232558	0.0242424	0.0224215	0.0081967	0.0049505	0.0148515	0.0056818	0.005814	0.0068493	0.0111111	0.0074627	0.0	0.0015	0.0015	0.0015	0.0	0.0140845	0.0163934	0.013986	0.008547	0.0015	0.0015	0.0072993	0.0	0.0015	0.0	0.0	0.0	0.0114943	0.0	0.0	0.0	0.0	0.0	0.0142857	
cigogne sp.	0.0	0.0	0.0	0.0	0.0	0.0	0.0	0.0	0.0	0.0	0.0	0.0	0.0	0.0	0.0	0.0	0.0015	0.0	0.0	0.0	0.0	0.0	0.0	0.0	0.0	0.0	0.0	0.0	0.0	0.0	0.0	0.0	0.0	0.0	0.0	0.0	0.0	0.0	0.0	0.0	0.0	0.0	0.0	0.0	0.0	0.0	0.0	0.0	
Grand Cormoran	0.3783784	0.2747253	0.2835821	0.2765957	0.4107143	0.3461538	0.2735849	0.3168317	0.3366337	0.2761905	0.259542	0.1853659	0.2198953	0.2403101	0.1818182	0.1569507	0.1311475	0.0990099	0.1039604	0.1022727	0.0639535	0.130137	0.0444444	0.1044776	0.0566038	0.1468531	0.1128205	0.1976048	0.2197802	0.2112676	0.1967213	0.2587413	0.3931624	0.2916667	0.2389381	0.270073	0.3150685	0.2941176	0.5	0.5288462	0.4875	0.4367816	0.3389831	0.5	0.3611111	0.4418605	0.5806452	0.5	
Ibis falcinelle	0.0	0.0	0.0	0.0	0.0	0.0	0.0	0.0	0.0	0.0	0.0	0.0	0.0	0.0	0.0	0.0015	0.0015	0.009901	0.0049505	0.0170455	0.005814	0.0068493	0.0	0.0074627	0.009434	0.0	0.0	0.005988	0.021978	0.028169	0.0	0.013986	0.0	0.0	0.0176991	0.0	0.0015	0.0	0.0	0.0	0.0	0.0	0.0	0.0	0.0	0.0	0.0	0.0	
Ibis sacré	0.0	0.0	0.0	0.0	0.0	0.0	0.0	0.0	0.0	0.0	0.0	0.0	0.0	0.0	0.0	0.0	0.0	0.0	0.0	0.0	0.0	0.0	0.0	0.0	0.0	0.0	0.0	0.0	0.0	0.0	0.0	0.0	0.0	0.0015	0.0	0.0	0.0	0.0	0.0	0.0	0.0	0.0	0.0	0.0	0.0	0.0	0.0	0.0	
Spatule blanche	0.0015	0.0	0.0149254	0.0	0.0	0.0	0.0	0.0	0.0	0.0	0.0	0.0	0.0	0.0	0.0	0.0089686	0.0040984	0.0	0.0	0.0	0.005814	0.0	0.0	0.0074627	0.0015	0.006993	0.0	0.0015	0.010989	0.028169	0.0655738	0.020979	0.042735	0.0104167	0.0619469	0.0364964	0.0547945	0.0147059	0.0015	0.0288462	0.075	0.0574713	0.0015	0.02	0.0	0.0	0.0015	0.0285714	
Butor étoilé	0.0	0.0	0.0015	0.0	0.0	0.0	0.0	0.0	0.0	0.0	0.0015	0.0	0.0	0.0	0.0	0.0	0.0	0.0	0.0	0.0	0.0	0.0	0.0	0.0	0.0	0.0	0.0	0.0	0.0	0.0	0.0	0.0	0.0	0.0	0.0015	0.0	0.0	0.0015	0.0	0.0	0.0125	0.0229885	0.0	0.01	0.0	0.0	0.0	0.0142857	
Blongios nain	0.0	0.0	0.0	0.0	0.0	0.0	0.0	0.0	0.0	0.0	0.0015	0.0	0.0	0.0	0.0	0.0015	0.0040984	0.009901	0.009901	0.0170455	0.005814	0.0205479	0.0222222	0.0447761	0.0283019	0.027972	0.0307692	0.011976	0.010989	0.056338	0.0015	0.006993	0.0015	0.0015	0.0088496	0.0015	0.0	0.0015	0.0015	0.0	0.0	0.0	0.0	0.0	0.0	0.0	0.0	0.0	
Bihoreau gris	0.027027	0.0015	0.0298507	0.0212766	0.0178571	0.0192308	0.009434	0.0015	0.009901	0.0190476	0.0015	0.004878	0.0104712	0.0465116	0.0121212	0.0179372	0.0286885	0.0445545	0.0544554	0.0568182	0.0988372	0.0821918	0.0111111	0.0970149	0.0566038	0.048951	0.0564103	0.0718563	0.0879121	0.1267606	0.0819672	0.1258741	0.0683761	0.0833333	0.0619469	0.0145985	0.0273973	0.0294118	0.0142857	0.0192308	0.0375	0.0114943	0.0	0.01	0.0555556	0.0465116	0.0015	0.0285714	
Aigrette garzette	0.1351351	0.1208791	0.0895522	0.106383	0.2142857	0.0576923	0.1037736	0.0693069	0.1584158	0.152381	0.1526718	0.102439	0.1308901	0.1705426	0.1212121	0.1434978	0.2131148	0.2277228	0.2227723	0.2215909	0.2616279	0.2671233	0.2	0.2537313	0.1886792	0.2867133	0.2153846	0.4251497	0.3956044	0.2394366	0.3770492	0.3986014	0.6153846	0.28125	0.3097345	0.3357664	0.2465753	0.3382353	0.3714286	0.4423077	0.325	0.3218391	0.1864407	0.34	0.3055556	0.1860465	0.3225806	0.2428571	
Crabier chevelu	0.0	0.0	0.0	0.0	0.0	0.0	0.0	0.0	0.0	0.0	0.0	0.0	0.0	0.0	0.0	0.0	0.0015	0.0	0.0015	0.0	0.0	0.0015	0.0111111	0.0074627	0.0015	0.006993	0.0051282	0.0015	0.0015	0.0015	0.0327869	0.013986	0.0015	0.0015	0.0	0.0	0.0	0.0	0.0	0.0	0.0	0.0	0.0	0.0	0.0	0.0	0.0	0.0	
Héron garde-boeufs	0.1891892	0.1428571	0.0298507	0.0851064	0.1071429	0.1346154	0.1037736	0.049505	0.049505	0.0761905	0.0992366	0.1219512	0.0890052	0.1627907	0.1212121	0.1390135	0.0942623	0.0891089	0.1287129	0.1477273	0.1744186	0.1780822	0.1666667	0.1567164	0.1792453	0.1818182	0.1487179	0.1437126	0.2417582	0.2112676	0.2459016	0.2377622	0.1794872	0.2083333	0.1946903	0.1459854	0.2191781	0.2058824	0.3285714	0.2884615	0.1875	0.1264368	0.1525424	0.13	0.1388889	0.1162791	0.1290323	0.2142857	
Grande Aigrette	0.1891892	0.2637363	0.238806	0.2340426	0.2321429	0.3076923	0.1981132	0.1782178	0.1782178	0.1428571	0.1832061	0.1317073	0.1413613	0.124031	0.0909091	0.1300448	0.0696721	0.0544554	0.0891089	0.0795455	0.0755814	0.0821918	0.0444444	0.0970149	0.1226415	0.1118881	0.0923077	0.1077844	0.1538462	0.2394366	0.1639344	0.2447552	0.2564103	0.1875	0.2300885	0.2773723	0.2191781	0.2647059	0.3428571	0.375	0.3875	0.3218391	0.3389831	0.41	0.1944444	0.1860465	0.3870968	0.4428571	
Héron cendré	0.2837838	0.2857143	0.3134328	0.3404255	0.3035714	0.3653846	0.2735849	0.3267327	0.2475248	0.3238095	0.3129771	0.2878049	0.2722513	0.3875969	0.3030303	0.309417	0.2909836	0.2623762	0.2475248	0.2727273	0.2906977	0.2739726	0.2333333	0.2835821	0.2830189	0.3076923	0.2512821	0.3532934	0.4065934	0.2957746	0.3934426	0.4755245	0.5384615	0.375	0.3628319	0.4744526	0.4520548	0.3676471	0.5714286	0.4903846	0.525	0.4482759	0.4237288	0.52	0.4166667	0.3953488	0.3870968	0.4714286	
Héron pourpré	0.0	0.0	0.0	0.0	0.0	0.0	0.0	0.0	0.0	0.0	0.0	0.004878	0.0052356	0.0232558	0.0424242	0.0403587	0.0245902	0.0247525	0.0643564	0.0511364	0.0348837	0.0616438	0.0444444	0.0597015	0.0660377	0.0769231	0.0717949	0.0419162	0.043956	0.1126761	0.0163934	0.0909091	0.0769231	0.0208333	0.0176991	0.0218978	0.0015	0.0	0.0	0.0	0.0125	0.0	0.0	0.0	0.0	0.0	0.0	0.0	
Balbuzard pêcheur	0.0	0.010989	0.0	0.0	0.0	0.0	0.009434	0.0	0.0015	0.0190476	0.0305344	0.0146341	0.052356	0.0465116	0.0484848	0.0313901	0.0327869	0.0346535	0.0346535	0.0227273	0.0290698	0.0479452	0.0111111	0.0522388	0.0188679	0.0629371	0.0615385	0.0419162	0.010989	0.028169	0.0655738	0.048951	0.0940171	0.0625	0.079646	0.0291971	0.0410959	0.0147059	0.0	0.0	0.0	0.0015	0.0	0.0	0.0	0.0	0.0	0.0	
Élanion blanc	0.0135135	0.043956	0.0149254	0.0425532	0.0357143	0.0015	0.0283019	0.009901	0.009901	0.0095238	0.0015	0.0292683	0.0052356	0.0232558	0.0121212	0.0015	0.0040984	0.0049505	0.009901	0.0056818	0.005814	0.0068493	0.0222222	0.0074627	0.009434	0.013986	0.0015	0.011976	0.032967	0.0015	0.0163934	0.013986	0.008547	0.0015	0.0265487	0.0015	0.0410959	0.0147059	0.0142857	0.0288462	0.0125	0.0114943	0.0015	0.02	0.0277778	0.0465116	0.0322581	0.0015	
Bondrée apivore	0.0	0.0	0.0	0.0	0.0	0.0	0.0	0.0	0.0	0.0	0.0	0.0	0.0	0.0	0.0	0.0089686	0.0327869	0.0594059	0.0445545	0.0909091	0.0348837	0.0479452	0.0555556	0.0671642	0.1132075	0.0629371	0.0717949	0.0718563	0.0659341	0.056338	0.0163934	0.048951	0.034188	0.0015	0.0015	0.0	0.0	0.0	0.0	0.0	0.0	0.0	0.0	0.0	0.0	0.0	0.0	0.0	
Vautour fauve	0.0	0.0	0.0	0.0	0.0	0.0	0.0	0.0	0.0	0.0	0.0	0.0	0.0	0.0	0.0	0.0	0.0	0.0	0.0	0.0	0.0015	0.0	0.0	0.0	0.0	0.0	0.0	0.0	0.0	0.0	0.0	0.0	0.0	0.0	0.0	0.0	0.0	0.0	0.0	0.0	0.0	0.0	0.0	0.0	0.0	0.0	0.0	0.0	
Circaète Jean-le-Blanc	0.0	0.0	0.0	0.0	0.0	0.0	0.0	0.0	0.0	0.0015	0.0305344	0.0243902	0.0366492	0.0232558	0.0848485	0.0224215	0.0163934	0.009901	0.029703	0.0284091	0.0290698	0.0479452	0.0333333	0.0298507	0.0283019	0.020979	0.0153846	0.011976	0.0659341	0.0015	0.0327869	0.013986	0.034188	0.0208333	0.0176991	0.0015	0.0	0.0	0.0	0.0	0.0	0.0	0.0	0.0	0.0	0.0	0.0	0.0	
Aigle botté	0.0	0.0	0.0	0.0	0.0	0.0	0.0	0.0	0.0	0.0	0.0	0.0	0.0	0.0	0.0015	0.0044843	0.0	0.0	0.0	0.0056818	0.0015	0.0068493	0.0111111	0.0015	0.009434	0.0	0.0153846	0.011976	0.021978	0.0	0.0	0.0	0.0	0.0015	0.0015	0.0015	0.0	0.0	0.0	0.0	0.0	0.0	0.0	0.0	0.0	0.0	0.0	0.0	
Aigle impérial	0.0	0.0	0.0	0.0	0.0	0.0	0.0	0.0	0.0	0.0	0.0	0.0	0.0052356	0.0	0.0	0.0	0.0	0.0	0.0	0.0	0.0	0.0	0.0	0.0	0.0	0.0	0.0	0.0	0.0	0.0	0.0	0.0	0.0	0.0	0.0	0.0	0.0	0.0	0.0	0.0	0.0	0.0	0.0	0.0	0.0	0.0	0.0	0.0	
Épervier d'Europe	0.0810811	0.0769231	0.0597015	0.0638298	0.0892857	0.1153846	0.0849057	0.0693069	0.1188119	0.0952381	0.1603053	0.1512195	0.1151832	0.1162791	0.1454545	0.0672646	0.0327869	0.0148515	0.019802	0.0227273	0.0348837	0.0205479	0.0444444	0.0597015	0.1132075	0.020979	0.0461538	0.0538922	0.0549451	0.1126761	0.0327869	0.0699301	0.0512821	0.09375	0.0619469	0.0510949	0.0547945	0.0588235	0.1	0.1826923	0.2375	0.183908	0.1525424	0.08	0.1111111	0.0232558	0.0645161	0.1428571	
Autour des palombes	0.0135135	0.010989	0.0015	0.0	0.0178571	0.0576923	0.0	0.009901	0.029703	0.0190476	0.0534351	0.0195122	0.0418848	0.0155039	0.0121212	0.0089686	0.0081967	0.0148515	0.009901	0.0056818	0.005814	0.0015	0.0222222	0.0149254	0.0377358	0.006993	0.0015	0.005988	0.010989	0.0	0.0	0.006993	0.017094	0.0015	0.0015	0.0072993	0.0015	0.0015	0.0285714	0.0192308	0.0375	0.0229885	0.0	0.02	0.0277778	0.0	0.0015	0.0285714	
Épervier d'Europe ou Autour des palombes	0.0	0.0	0.0	0.0	0.0	0.0	0.0	0.0	0.0	0.0	0.0	0.0	0.0	0.0	0.0	0.0	0.0	0.0	0.0	0.0	0.0	0.0	0.0015	0.0	0.0	0.0	0.0	0.0	0.0	0.0	0.0	0.0	0.0	0.0	0.0	0.0	0.0	0.0	0.0	0.0	0.0	0.0	0.0	0.0	0.0	0.0	0.0	0.0	
Busard des roseaux	0.0015	0.010989	0.0	0.0106383	0.0357143	0.0192308	0.009434	0.0	0.009901	0.0380952	0.0610687	0.0292683	0.0680628	0.0620155	0.0606061	0.0358744	0.0204918	0.019802	0.039604	0.0397727	0.0290698	0.0342466	0.0111111	0.0373134	0.0377358	0.013986	0.0102564	0.0239521	0.032967	0.028169	0.0015	0.027972	0.0512821	0.0625	0.0619469	0.0291971	0.0273973	0.0294118	0.0285714	0.0769231	0.0375	0.045977	0.0	0.0	0.0	0.0	0.0	0.0	
Busard Saint-Martin	0.0540541	0.0549451	0.0298507	0.0744681	0.0714286	0.0961538	0.0377358	0.0594059	0.1089109	0.0571429	0.1221374	0.0829268	0.0732984	0.0542636	0.1454545	0.0627803	0.045082	0.0544554	0.019802	0.0625	0.0174419	0.0479452	0.1111111	0.0223881	0.0471698	0.027972	0.0051282	0.0179641	0.010989	0.0422535	0.0491803	0.0559441	0.0598291	0.0833333	0.0176991	0.0291971	0.0410959	0.0147059	0.0428571	0.0865385	0.1	0.1034483	0.1016949	0.06	0.0277778	0.0465116	0.0645161	0.1285714	
Busard pâle	0.0	0.0	0.0	0.0	0.0	0.0	0.0	0.0	0.0	0.0	0.0	0.0	0.0104712	0.0	0.0	0.0015	0.0015	0.0	0.0015	0.0	0.0	0.0015	0.0	0.0	0.0015	0.0015	0.0	0.0	0.0	0.0	0.0	0.0	0.0	0.0	0.0	0.0015	0.0	0.0	0.0	0.0	0.0	0.0	0.0	0.0	0.0	0.0	0.0	0.0	
Busard cendré	0.0	0.0	0.0	0.0	0.0	0.0	0.0	0.0	0.0	0.0	0.0	0.0	0.0052356	0.0232558	0.030303	0.0313901	0.0163934	0.0346535	0.0693069	0.0340909	0.0232558	0.0273973	0.0444444	0.0223881	0.0015	0.013986	0.0102564	0.011976	0.021978	0.0422535	0.0015	0.0015	0.008547	0.0015	0.0	0.0015	0.0	0.0	0.0	0.0	0.0	0.0	0.0	0.0	0.0	0.0	0.0	0.0	
Busard Saint-Martin ou B. cendré	0.0	0.0	0.0	0.0	0.0	0.0	0.0	0.0	0.0	0.0	0.0	0.0	0.0	0.0	0.0	0.0	0.0	0.0	0.0	0.0	0.0	0.0	0.0	0.0	0.0	0.0	0.0102564	0.0	0.0	0.0	0.0	0.0	0.0	0.0	0.0	0.0	0.0	0.0	0.0	0.0	0.0	0.0	0.0	0.0	0.0	0.0	0.0	0.0	
busard sp.	0.0	0.0	0.0	0.0	0.0	0.0	0.0	0.0	0.0	0.0	0.0	0.004878	0.0	0.0	0.0	0.0	0.0	0.0	0.0	0.0	0.0	0.0015	0.0	0.0	0.0015	0.0015	0.0	0.0	0.0	0.0	0.0	0.0	0.0	0.0	0.0	0.0	0.0	0.0	0.0	0.0	0.0	0.0	0.0	0.0	0.0	0.0	0.0	0.0	
Milan royal	0.0	0.0	0.0	0.0	0.0	0.0	0.0	0.0	0.009901	0.0015	0.0152672	0.0097561	0.0104712	0.0015	0.0060606	0.0089686	0.0040984	0.0015	0.0049505	0.0015	0.0	0.0	0.0	0.0	0.0	0.0015	0.0015	0.0015	0.010989	0.0	0.0	0.0	0.008547	0.0	0.0	0.0145985	0.0	0.0015	0.0142857	0.0096154	0.0125	0.0229885	0.0169492	0.02	0.0015	0.0	0.0	0.0	
Milan noir	0.0	0.0	0.0	0.0	0.0	0.0	0.0	0.0	0.009901	0.0285714	0.1145038	0.0682927	0.104712	0.1937984	0.2181818	0.1748879	0.1311475	0.0841584	0.1435644	0.125	0.1569767	0.109589	0.0777778	0.1044776	0.1226415	0.1188811	0.1128205	0.0838323	0.0769231	0.0422535	0.0	0.0	0.0015	0.0	0.0	0.0	0.0	0.0	0.0	0.0	0.0	0.0	0.0	0.0	0.0	0.0	0.0	0.0	
Milan royal ou M. noir	0.0	0.0	0.0	0.0	0.0	0.0	0.0	0.0	0.0	0.0	0.0	0.0	0.0	0.0	0.0	0.0	0.0	0.0	0.0	0.0	0.0	0.0	0.0015	0.0	0.0	0.0	0.0	0.0	0.0	0.0	0.0	0.0	0.0	0.0	0.0	0.0	0.0	0.0	0.0	0.0	0.0	0.0	0.0	0.0	0.0	0.0	0.0	0.0	
Buse variable	0.2432432	0.1868132	0.1791045	0.2234043	0.25	0.2692308	0.2169811	0.2673267	0.2673267	0.2571429	0.3740458	0.2731707	0.3403141	0.4263566	0.4	0.2780269	0.1762295	0.1980198	0.1980198	0.2215909	0.1976744	0.1643836	0.2	0.1716418	0.1981132	0.2377622	0.2153846	0.1856287	0.3186813	0.3098592	0.2459016	0.3426573	0.1367521	0.3020833	0.3097345	0.2481752	0.369863	0.2647059	0.3857143	0.3461538	0.3625	0.2988506	0.2881356	0.21	0.3611111	0.1860465	0.3225806	0.3142857	
rapace sp.	0.0	0.0	0.0	0.0	0.0	0.0	0.0	0.0	0.009901	0.0	0.0076336	0.0	0.0104712	0.0	0.0	0.0	0.0	0.0	0.0049505	0.0	0.0	0.0068493	0.0	0.0	0.0	0.0	0.0	0.0	0.0	0.0015	0.0	0.006993	0.0	0.0	0.0	0.0072993	0.0	0.0	0.0	0.0096154	0.0	0.0	0.0	0.01	0.0277778	0.0	0.0	0.0	
Effraie des clochers	0.0135135	0.0015	0.0015	0.0106383	0.0178571	0.0015	0.0015	0.029703	0.009901	0.0380952	0.0305344	0.0146341	0.0209424	0.0077519	0.0015	0.0179372	0.0040984	0.0049505	0.0148515	0.0015	0.005814	0.0015	0.0015	0.0074627	0.0188679	0.006993	0.025641	0.0179641	0.0015	0.0	0.0015	0.006993	0.0	0.03125	0.0353982	0.0291971	0.0273973	0.0015	0.0015	0.0015	0.0625	0.0689655	0.0508475	0.0015	0.0015	0.0015	0.0322581	0.0142857	
Petit-duc scops	0.0	0.0	0.0	0.0	0.0	0.0	0.0	0.0	0.0	0.0	0.0	0.0	0.0	0.0	0.0	0.0044843	0.0	0.0	0.0049505	0.0015	0.0	0.0015	0.0111111	0.0	0.009434	0.0	0.0015	0.0	0.0	0.0	0.0	0.0	0.0	0.0	0.0	0.0	0.0	0.0	0.0	0.0	0.0	0.0	0.0	0.0	0.0	0.0	0.0	0.0	
Chevêche d'Athéna	0.027027	0.021978	0.0015	0.0212766	0.0357143	0.0192308	0.009434	0.0015	0.019802	0.0857143	0.0534351	0.0341463	0.0418848	0.0155039	0.030303	0.0044843	0.0081967	0.019802	0.0148515	0.0015	0.0348837	0.0410959	0.0111111	0.0149254	0.0377358	0.048951	0.0102564	0.011976	0.032967	0.028169	0.0655738	0.0979021	0.034188	0.0520833	0.0707965	0.0729927	0.0821918	0.0882353	0.1285714	0.0673077	0.1125	0.137931	0.0847458	0.02	0.0277778	0.0232558	0.0322581	0.0142857	
Chouette hulotte	0.0135135	0.010989	0.0298507	0.0212766	0.0	0.0192308	0.0015	0.0594059	0.029703	0.047619	0.0381679	0.0097561	0.0366492	0.0155039	0.0015	0.0134529	0.0286885	0.0148515	0.0148515	0.0227273	0.0232558	0.0068493	0.0111111	0.0149254	0.0377358	0.006993	0.0307692	0.011976	0.021978	0.0422535	0.0163934	0.041958	0.0598291	0.09375	0.0707965	0.0437956	0.0684932	0.0147059	0.0571429	0.0192308	0.0625	0.0689655	0.0847458	0.0	0.0015	0.0697674	0.0015	0.0428571	
Hibou moyen-duc	0.0015	0.0015	0.0015	0.0212766	0.0015	0.0015	0.0015	0.019802	0.0	0.0285714	0.0229008	0.004878	0.0052356	0.0015	0.0060606	0.0015	0.0081967	0.0015	0.009901	0.0015	0.005814	0.0068493	0.0015	0.0015	0.009434	0.0015	0.0015	0.005988	0.0	0.0	0.0	0.013986	0.0015	0.0	0.0	0.0015	0.0	0.0	0.0015	0.0015	0.0	0.0	0.0015	0.0015	0.0015	0.0232558	0.0015	0.0	
Hibou des marais	0.0	0.010989	0.0015	0.0	0.0178571	0.0192308	0.0015	0.009901	0.0	0.0095238	0.0076336	0.0015	0.0015	0.0015	0.0015	0.0	0.0	0.0049505	0.0	0.0	0.0	0.0	0.0	0.0	0.0	0.0	0.0	0.0	0.0	0.0	0.0	0.0	0.0	0.0	0.0015	0.0	0.0136986	0.0	0.0	0.0	0.0125	0.0114943	0.0015	0.0	0.0015	0.0232558	0.0	0.0142857	
Huppe fasciée	0.0	0.0	0.0	0.0	0.0	0.0	0.0	0.0	0.0	0.0	0.0	0.0243902	0.0157068	0.0852713	0.0848485	0.0358744	0.0286885	0.0346535	0.029703	0.0795455	0.0813953	0.0342466	0.0333333	0.0074627	0.009434	0.034965	0.0307692	0.0239521	0.0	0.0422535	0.0327869	0.013986	0.0	0.0	0.0015	0.0	0.0	0.0	0.0	0.0	0.0	0.0	0.0	0.0	0.0	0.0	0.0	0.0	
Guêpier d'Europe	0.0	0.0	0.0	0.0	0.0	0.0	0.0	0.0	0.0	0.0	0.0	0.0	0.0	0.0	0.0	0.0	0.0163934	0.0247525	0.029703	0.0170455	0.0174419	0.0136986	0.0111111	0.0	0.0015	0.006993	0.0153846	0.0015	0.010989	0.0	0.0	0.006993	0.008547	0.0	0.0	0.0	0.0	0.0	0.0	0.0	0.0	0.0	0.0	0.0	0.0	0.0	0.0	0.0	
Martin-pêcheur d'Europe	0.1216216	0.1538462	0.0597015	0.0638298	0.125	0.0	0.0660377	0.0594059	0.0792079	0.0380952	0.1145038	0.0243902	0.0418848	0.1007752	0.0848485	0.0672646	0.0614754	0.039604	0.0445545	0.0681818	0.0697674	0.0753425	0.0555556	0.1044776	0.1037736	0.1048951	0.1538462	0.1916168	0.2527473	0.2816901	0.2131148	0.3846154	0.3846154	0.2604167	0.2920354	0.2408759	0.2328767	0.2794118	0.4142857	0.3365385	0.2625	0.3448276	0.3050847	0.38	0.25	0.2325581	0.1612903	0.1714286	
Rollier d'Europe	0.0	0.0	0.0	0.0	0.0	0.0	0.0	0.0	0.0	0.0	0.0	0.0	0.0	0.0	0.0	0.0	0.0	0.0	0.0	0.0	0.0	0.0	0.0	0.0	0.0	0.0	0.0	0.0	0.0	0.0	0.0015	0.0	0.0	0.0	0.0	0.0	0.0	0.0	0.0	0.0	0.0	0.0	0.0	0.0	0.0	0.0	0.0	0.0	
Torcol fourmilier	0.0	0.0	0.0	0.0	0.0	0.0	0.0	0.0	0.0	0.0	0.0	0.0015	0.0	0.0232558	0.0242424	0.0089686	0.0081967	0.0049505	0.0049505	0.0056818	0.005814	0.0	0.0	0.0074627	0.0015	0.0	0.0	0.0	0.0	0.028169	0.0	0.006993	0.0015	0.0015	0.0	0.0	0.0	0.0	0.0	0.0	0.0	0.0	0.0	0.0	0.0	0.0	0.0	0.0	
Pic mar	0.0405405	0.0769231	0.0746269	0.0212766	0.0535714	0.1538462	0.0377358	0.0693069	0.1089109	0.0285714	0.0992366	0.0390244	0.0366492	0.0697674	0.0121212	0.0179372	0.0081967	0.029703	0.019802	0.0454545	0.0639535	0.0684932	0.0555556	0.1119403	0.1132075	0.027972	0.1076923	0.0419162	0.1098901	0.1126761	0.0491803	0.1468531	0.0512821	0.1041667	0.0265487	0.1021898	0.0547945	0.0294118	0.0428571	0.1057692	0.075	0.0689655	0.0847458	0.06	0.0277778	0.0697674	0.0645161	0.1	
Pic épeiche	0.2702703	0.2197802	0.2835821	0.1489362	0.2321429	0.2307692	0.1509434	0.2178218	0.2574257	0.2571429	0.259542	0.1853659	0.1570681	0.248062	0.1515152	0.1479821	0.1106557	0.1435644	0.1237624	0.2102273	0.1453488	0.2328767	0.1666667	0.238806	0.2264151	0.3006993	0.3230769	0.2814371	0.2747253	0.3521127	0.2459016	0.3496503	0.1709402	0.28125	0.2831858	0.2627737	0.2739726	0.25	0.3714286	0.2884615	0.325	0.3333333	0.4067797	0.35	0.2777778	0.372093	0.3225806	0.3714286	
Pic épeichette	0.0135135	0.010989	0.0447761	0.0212766	0.0357143	0.0576923	0.0283019	0.039604	0.0693069	0.0380952	0.0381679	0.0390244	0.0366492	0.0465116	0.0242424	0.0089686	0.0015	0.0049505	0.0049505	0.0170455	0.005814	0.0273973	0.0333333	0.0373134	0.0471698	0.013986	0.0307692	0.0239521	0.0549451	0.0704225	0.0015	0.0559441	0.034188	0.0520833	0.0353982	0.0364964	0.0273973	0.0294118	0.0285714	0.0192308	0.0625	0.0689655	0.0338983	0.03	0.0	0.0697674	0.0322581	0.0571429	
Pic cendré	0.0	0.0	0.0	0.0	0.0	0.0	0.0	0.0	0.0	0.0	0.0	0.004878	0.0015	0.0015	0.0	0.0044843	0.0040984	0.0049505	0.009901	0.0	0.005814	0.0068493	0.0	0.0	0.0015	0.0	0.0	0.0	0.0	0.0	0.0	0.0	0.0	0.0	0.0	0.0	0.0	0.0	0.0	0.0	0.0	0.0	0.0	0.0	0.0	0.0	0.0	0.0	
Pic vert	0.1756757	0.1868132	0.1940299	0.1595745	0.3571429	0.4230769	0.2830189	0.4158416	0.3663366	0.3333333	0.4351145	0.3560976	0.3350785	0.3875969	0.3333333	0.1569507	0.1680328	0.1485149	0.1980198	0.1704545	0.1569767	0.1506849	0.1777778	0.2313433	0.2830189	0.4195804	0.4461538	0.3532934	0.2417582	0.2957746	0.3442623	0.3566434	0.2222222	0.3958333	0.2743363	0.379562	0.2054795	0.3529412	0.3142857	0.4519231	0.375	0.4022989	0.440678	0.29	0.3055556	0.3023256	0.3870968	0.4285714	
Pic noir	0.027027	0.021978	0.0447761	0.0531915	0.0714286	0.0576923	0.0377358	0.039604	0.049505	0.0285714	0.0763359	0.0585366	0.026178	0.0620155	0.0545455	0.044843	0.0245902	0.0148515	0.0247525	0.0340909	0.005814	0.0273973	0.0444444	0.0522388	0.0188679	0.020979	0.0205128	0.0239521	0.010989	0.0015	0.0327869	0.0559441	0.008547	0.0015	0.0442478	0.0145985	0.0015	0.0015	0.0571429	0.0288462	0.0015	0.0229885	0.0169492	0.05	0.0015	0.0697674	0.0322581	0.0714286	
pic sp.	0.0	0.0	0.0	0.0	0.0	0.0	0.0	0.0	0.0	0.0	0.0	0.0	0.0	0.0	0.0060606	0.0	0.0	0.0	0.0	0.0	0.0	0.0	0.0	0.0	0.0	0.0	0.0	0.0	0.0	0.0	0.0	0.0	0.0	0.0	0.0	0.0	0.0	0.0	0.0142857	0.0	0.0	0.0	0.0	0.0	0.0	0.0	0.0	0.0	
Faucon crécerelle	0.3648649	0.2197802	0.1343284	0.1914894	0.2142857	0.2307692	0.1981132	0.1782178	0.2277228	0.1619048	0.2671756	0.2634146	0.2146597	0.3255814	0.3272727	0.206278	0.1516393	0.1732673	0.1980198	0.1875	0.1860465	0.1780822	0.1666667	0.141791	0.2264151	0.2027972	0.1384615	0.1077844	0.1868132	0.1408451	0.1311475	0.1958042	0.1965812	0.15625	0.2566372	0.2189781	0.2328767	0.2058824	0.2857143	0.3076923	0.2625	0.183908	0.3559322	0.24	0.4722222	0.2093023	0.2580645	0.4285714	
Faucon kobez	0.0	0.0	0.0	0.0	0.0	0.0	0.0	0.0	0.0	0.0	0.0	0.0	0.0	0.0	0.0	0.0044843	0.0015	0.0148515	0.019802	0.0015	0.0	0.0	0.0	0.0	0.0	0.0	0.0	0.0	0.0	0.0	0.0	0.0	0.0	0.0	0.0	0.0	0.0	0.0	0.0	0.0	0.0	0.0	0.0	0.0	0.0	0.0	0.0	0.0	
Faucon émerillon	0.0	0.010989	0.0	0.0212766	0.0	0.0	0.009434	0.0	0.019802	0.0190476	0.0015	0.004878	0.0015	0.0077519	0.0242424	0.0134529	0.0015	0.0049505	0.0049505	0.0	0.0	0.0	0.0	0.0	0.0	0.0	0.0	0.0	0.0	0.0	0.0	0.0	0.0	0.0	0.0015	0.0145985	0.0015	0.0015	0.0	0.0096154	0.0125	0.0	0.0169492	0.01	0.0	0.0232558	0.0015	0.0015	
Faucon hobereau	0.0	0.0	0.0	0.0	0.0	0.0	0.0	0.0	0.0	0.0	0.0	0.0	0.0104712	0.0232558	0.030303	0.1076233	0.0655738	0.0693069	0.0742574	0.0454545	0.0639535	0.0410959	0.0777778	0.0597015	0.0849057	0.0699301	0.0666667	0.0598802	0.0659341	0.0985915	0.0983607	0.0979021	0.0598291	0.0416667	0.0619469	0.0437956	0.0547945	0.0	0.0	0.0	0.0	0.0	0.0	0.0	0.0	0.0	0.0	0.0	
Faucon pèlerin	0.0135135	0.010989	0.0149254	0.0212766	0.0015	0.0384615	0.009434	0.019802	0.019802	0.0	0.0229008	0.0015	0.0104712	0.0077519	0.0	0.0044843	0.0122951	0.009901	0.0	0.0170455	0.0015	0.0015	0.0111111	0.0074627	0.0	0.013986	0.0102564	0.005988	0.010989	0.0015	0.0	0.020979	0.008547	0.0208333	0.0176991	0.0145985	0.0136986	0.0441176	0.0428571	0.0192308	0.025	0.0344828	0.0677966	0.01	0.0555556	0.0	0.0322581	0.0015	
Falco sp.	0.0	0.0	0.0	0.0	0.0	0.0	0.0	0.0	0.0	0.0	0.0	0.0	0.0	0.0	0.0	0.0044843	0.0040984	0.0	0.0	0.0	0.0	0.0	0.0	0.0	0.0	0.0	0.0	0.0	0.0	0.0	0.0	0.0	0.0	0.0104167	0.0	0.0	0.0	0.0	0.0	0.0	0.0125	0.0	0.0	0.0	0.0	0.0	0.0	0.0	
Calopsitte élégante	0.0	0.0	0.0	0.0015	0.0	0.0	0.0	0.0	0.0	0.0	0.0	0.0	0.0	0.0	0.0	0.0	0.0	0.0	0.0	0.0	0.0015	0.0	0.0	0.0	0.0	0.0	0.0	0.0	0.0	0.0	0.0	0.0015	0.0015	0.0	0.0	0.0	0.0	0.0	0.0	0.0	0.0	0.0	0.0	0.0	0.0	0.0	0.0	0.0	
Perruche à collier	0.0	0.0	0.0	0.0	0.0	0.0	0.0	0.0	0.0	0.0	0.0	0.0	0.0	0.0	0.0	0.0	0.0	0.0	0.0	0.0	0.0	0.0	0.0	0.0	0.0	0.0	0.0015	0.0	0.0	0.0	0.0	0.0	0.0	0.0	0.0	0.0	0.0	0.0	0.0	0.0	0.0	0.0	0.0	0.0	0.0	0.0	0.0	0.0	
Perruche omnicolore	0.0	0.0	0.0	0.0	0.0	0.0192308	0.0	0.0	0.0	0.0	0.0	0.0	0.0	0.0	0.0	0.0	0.0	0.0	0.0	0.0	0.0	0.0	0.0	0.0	0.0	0.0	0.0	0.0	0.0	0.0	0.0	0.0	0.0	0.0	0.0	0.0	0.0	0.0	0.0	0.0	0.0	0.0	0.0	0.0	0.0	0.0	0.0	0.0	
Perruche ondulée	0.0	0.0	0.0	0.0	0.0	0.0	0.0	0.0	0.0	0.0	0.0	0.0	0.0	0.0	0.0	0.0	0.0	0.0	0.0	0.0	0.0	0.0	0.0	0.0	0.0	0.0	0.0	0.0	0.0	0.0	0.0015	0.0	0.0	0.0	0.0	0.0	0.0	0.0	0.0	0.0	0.0015	0.0	0.0	0.0	0.0	0.0	0.0	0.0	
Inséparable rosegorge	0.0	0.0	0.0	0.0	0.0178571	0.0	0.0	0.0	0.0	0.0	0.0	0.0	0.0	0.0	0.0	0.0	0.0	0.0	0.0	0.0	0.0	0.0	0.0	0.0	0.0	0.0	0.0	0.0	0.0	0.0	0.0	0.0	0.0	0.0	0.0	0.0	0.0	0.0	0.0	0.0	0.0	0.0	0.0	0.0	0.0	0.0	0.0	0.0	
Inséparable masqué	0.0	0.0	0.0	0.0	0.0	0.0	0.0	0.0	0.0	0.0	0.0	0.0	0.0	0.0	0.0	0.0	0.0	0.0	0.0	0.0	0.0	0.0	0.0	0.0	0.0	0.0	0.0	0.0	0.0	0.0	0.0	0.0	0.0	0.0	0.0	0.0015	0.0	0.0	0.0	0.0	0.0	0.0	0.0	0.0	0.0	0.0	0.0	0.0	
Loriot d'Europe	0.0	0.0	0.0	0.0	0.0	0.0	0.0	0.0	0.0	0.0	0.0	0.0	0.0	0.0232558	0.030303	0.161435	0.1885246	0.1633663	0.1534653	0.1761364	0.1744186	0.130137	0.1888889	0.1641791	0.1981132	0.2237762	0.2410256	0.1497006	0.1098901	0.1126761	0.0819672	0.0629371	0.0	0.0	0.0	0.0	0.0	0.0	0.0	0.0	0.0	0.0	0.0	0.0	0.0	0.0	0.0	0.0	
Pie-grièche écorcheur	0.0	0.0	0.0	0.0	0.0	0.0	0.0	0.0	0.0	0.0	0.0	0.0	0.0	0.0	0.0	0.0134529	0.0204918	0.0346535	0.0742574	0.0909091	0.0755814	0.0479452	0.1	0.0671642	0.0566038	0.0629371	0.0769231	0.0598802	0.0769231	0.0422535	0.0655738	0.0699301	0.0015	0.0	0.0088496	0.0	0.0	0.0	0.0	0.0	0.0	0.0	0.0	0.0	0.0	0.0	0.0	0.0	
Pie-grièche grise	0.0	0.0	0.0	0.0	0.0	0.0	0.0	0.0	0.0	0.0	0.0	0.0	0.0	0.0	0.0	0.0	0.0	0.0	0.0	0.0	0.0	0.0	0.0	0.0	0.0	0.0	0.0	0.0	0.0	0.0	0.0	0.0	0.0	0.0	0.0	0.0	0.0	0.0	0.0	0.0	0.0	0.0	0.0	0.01	0.0	0.0	0.0015	0.0015	
Pie-grièche à tête rousse	0.0	0.0	0.0	0.0	0.0	0.0	0.0	0.0	0.0	0.0	0.0	0.0	0.0	0.0015	0.0	0.0	0.0040984	0.009901	0.0049505	0.0056818	0.0	0.0	0.0111111	0.0015	0.0	0.0015	0.0	0.0015	0.0	0.0	0.0	0.0	0.0	0.0	0.0	0.0	0.0	0.0	0.0	0.0	0.0	0.0	0.0	0.0	0.0	0.0	0.0	0.0	
Geai des chênes	0.2702703	0.2417582	0.1791045	0.2234043	0.25	0.1730769	0.1320755	0.1980198	0.1881188	0.2190476	0.221374	0.1756098	0.1884817	0.2248062	0.1939394	0.1255605	0.0614754	0.0841584	0.0990099	0.1534091	0.1511628	0.1369863	0.1333333	0.1119403	0.1415094	0.1328671	0.1333333	0.1257485	0.1318681	0.1267606	0.1311475	0.2587413	0.1367521	0.2708333	0.300885	0.2992701	0.3150685	0.3088235	0.4285714	0.3653846	0.4375	0.4022989	0.4576271	0.33	0.2222222	0.255814	0.2580645	0.3857143	
Pie bavarde	0.3648649	0.3846154	0.3134328	0.3617021	0.4107143	0.3846154	0.3867925	0.4455446	0.4455446	0.3619048	0.3435115	0.3463415	0.3089005	0.2868217	0.3272727	0.2376682	0.192623	0.2821782	0.2227723	0.2556818	0.2383721	0.2739726	0.3	0.2686567	0.2735849	0.2517483	0.2410256	0.3113772	0.1758242	0.2253521	0.1803279	0.2587413	0.2564103	0.25	0.3274336	0.2554745	0.2191781	0.3529412	0.3428571	0.375	0.45	0.3333333	0.5084746	0.37	0.5	0.4418605	0.2903226	0.4857143	
Choucas des tours	0.1756757	0.1978022	0.1641791	0.1382979	0.1071429	0.1730769	0.0849057	0.1287129	0.1089109	0.1428571	0.1221374	0.1268293	0.0994764	0.1317829	0.1272727	0.0403587	0.0614754	0.0940594	0.0742574	0.0681818	0.1453488	0.1986301	0.1555556	0.0746269	0.0471698	0.1118881	0.0307692	0.0179641	0.021978	0.0140845	0.0327869	0.0909091	0.042735	0.09375	0.1681416	0.1386861	0.0958904	0.2647059	0.1857143	0.2403846	0.3	0.2068966	0.2033898	0.24	0.1944444	0.1162791	0.0967742	0.2	
Corbeau freux	0.1891892	0.1648352	0.0895522	0.0851064	0.1607143	0.0769231	0.1037736	0.0990099	0.1089109	0.1047619	0.0839695	0.1609756	0.0994764	0.1317829	0.1212121	0.0493274	0.0655738	0.1089109	0.0594059	0.0681818	0.1104651	0.0753425	0.0555556	0.0447761	0.009434	0.020979	0.0153846	0.0179641	0.021978	0.0015	0.0327869	0.048951	0.0598291	0.125	0.0619469	0.1021898	0.0410959	0.1617647	0.1142857	0.1634615	0.1625	0.137931	0.2033898	0.22	0.1666667	0.0465116	0.0645161	0.1428571	
Corneille noire	0.5945946	0.5274725	0.4179104	0.4468085	0.5	0.5961538	0.5943396	0.6138614	0.5940594	0.4952381	0.5648855	0.5414634	0.4921466	0.5658915	0.6	0.4663677	0.3565574	0.4405941	0.4455446	0.4772727	0.4418605	0.4931507	0.4555556	0.4402985	0.5	0.4755245	0.4871795	0.4550898	0.4505495	0.5774648	0.5245902	0.5734266	0.4188034	0.53125	0.5486726	0.5766423	0.4520548	0.6176471	0.6428571	0.5865385	0.6125	0.6896552	0.7288136	0.65	0.6111111	0.4883721	0.4193548	0.6857143	
corneille sp.	0.0	0.0	0.0	0.0	0.0	0.0	0.0	0.0	0.0	0.0	0.0	0.0	0.0	0.0	0.0	0.0	0.0	0.0	0.0	0.0056818	0.0	0.0	0.0	0.0074627	0.0	0.0	0.0051282	0.005988	0.0	0.0	0.0	0.0	0.0	0.0	0.0	0.0072993	0.0	0.0	0.0	0.0	0.0	0.0	0.0	0.0	0.0	0.0	0.0	0.0	
Mésange noire	0.0015	0.021978	0.0298507	0.0319149	0.0015	0.0192308	0.0188679	0.0015	0.0	0.0095238	0.0076336	0.004878	0.0	0.0	0.0	0.0044843	0.0	0.0	0.0	0.0113636	0.0	0.0	0.0111111	0.0	0.0	0.0	0.0	0.0	0.0	0.0015	0.0163934	0.0	0.0	0.0104167	0.0	0.0072993	0.0015	0.0	0.0428571	0.0192308	0.025	0.0689655	0.1186441	0.03	0.0277778	0.1162791	0.0322581	0.0285714	
Mésange huppée	0.0135135	0.0769231	0.0746269	0.0531915	0.0357143	0.0961538	0.009434	0.029703	0.0594059	0.0285714	0.0534351	0.0195122	0.0157068	0.0387597	0.030303	0.0269058	0.0081967	0.0247525	0.0247525	0.0397727	0.0581395	0.0342466	0.0222222	0.0447761	0.0471698	0.027972	0.0410256	0.0359281	0.032967	0.0704225	0.0163934	0.027972	0.017094	0.0015	0.0176991	0.0218978	0.0273973	0.0294118	0.0571429	0.0384615	0.2	0.0574713	0.0508475	0.02	0.0277778	0.0697674	0.0645161	0.0571429	
Mésange nonnette	0.0945946	0.043956	0.1044776	0.0638298	0.0714286	0.1153846	0.0566038	0.1386139	0.1188119	0.0571429	0.0687023	0.0292683	0.026178	0.0852713	0.0424242	0.0313901	0.0040984	0.0148515	0.0148515	0.0340909	0.0174419	0.0205479	0.0444444	0.0671642	0.0283019	0.020979	0.025641	0.0239521	0.021978	0.0140845	0.0015	0.034965	0.034188	0.03125	0.0265487	0.0218978	0.0136986	0.0441176	0.0714286	0.0576923	0.0625	0.091954	0.0847458	0.08	0.1944444	0.0930233	0.0967742	0.1714286	
Mésange nonnette ou M. boréale	0.0	0.0	0.0	0.0	0.0	0.0	0.0	0.0	0.0	0.0	0.0	0.0	0.0	0.0	0.0	0.0	0.0	0.0	0.0	0.0	0.0	0.0	0.0	0.0	0.0	0.0	0.0	0.0	0.0	0.0	0.0	0.0	0.0	0.0	0.0	0.0	0.0	0.0	0.0	0.0	0.0	0.0	0.0	0.0	0.0	0.0232558	0.0	0.0	
Mésange bleue	0.5675676	0.4835165	0.5074627	0.4893617	0.4821429	0.6153846	0.6603774	0.6039604	0.6336634	0.552381	0.5419847	0.4878049	0.460733	0.620155	0.4606061	0.3991031	0.192623	0.3366337	0.2970297	0.3295455	0.2848837	0.2739726	0.3444444	0.3507463	0.3207547	0.3006993	0.3487179	0.3473054	0.3076923	0.4788732	0.4098361	0.4405594	0.3247863	0.4895833	0.4690265	0.4087591	0.3835616	0.4117647	0.5142857	0.5096154	0.55	0.5172414	0.5762712	0.47	0.4166667	0.6046512	0.6774194	0.6857143	
Mésange charbonnière	0.5540541	0.4615385	0.4925373	0.5106383	0.4821429	0.5384615	0.5754717	0.5742574	0.5742574	0.5714286	0.519084	0.4780488	0.4764398	0.6434109	0.4727273	0.3991031	0.25	0.4356436	0.2772277	0.4034091	0.2674419	0.2739726	0.2666667	0.3134328	0.2735849	0.2937063	0.2615385	0.257485	0.2417582	0.4084507	0.3114754	0.4265734	0.2649573	0.4375	0.4778761	0.4452555	0.4520548	0.4705882	0.6142857	0.5096154	0.525	0.5402299	0.559322	0.48	0.4444444	0.6046512	0.483871	0.5714286	
Rémiz penduline	0.0135135	0.0	0.0	0.0319149	0.0178571	0.0	0.009434	0.009901	0.019802	0.0190476	0.0	0.004878	0.0052356	0.0	0.0	0.0	0.0	0.0	0.0	0.0	0.0	0.0	0.0	0.0	0.0	0.0	0.0	0.0	0.0	0.0	0.0	0.0	0.0	0.0	0.0	0.0	0.0	0.0	0.0285714	0.0288462	0.025	0.0	0.0169492	0.0015	0.0	0.0	0.0015	0.0	
Alouette lulu	0.0810811	0.021978	0.0597015	0.0425532	0.0892857	0.1346154	0.0849057	0.0693069	0.0891089	0.0666667	0.0534351	0.0878049	0.0628272	0.1550388	0.1030303	0.0896861	0.0532787	0.039604	0.0148515	0.0625	0.0290698	0.0547945	0.0555556	0.0373134	0.0188679	0.006993	0.0102564	0.011976	0.0	0.0	0.0015	0.0	0.0015	0.0	0.0353982	0.0729927	0.0273973	0.1323529	0.1428571	0.125	0.25	0.1609195	0.1864407	0.09	0.1388889	0.0697674	0.0645161	0.1571429	
Alouette des champs	0.2297297	0.2197802	0.1044776	0.0957447	0.1428571	0.2115385	0.1981132	0.1980198	0.2277228	0.247619	0.2977099	0.2926829	0.2513089	0.372093	0.369697	0.2914798	0.1639344	0.1831683	0.2425743	0.1647727	0.1395349	0.1712329	0.1888889	0.1716418	0.2264151	0.1608392	0.1384615	0.0598802	0.0769231	0.028169	0.0327869	0.0629371	0.0512821	0.0729167	0.0353982	0.0948905	0.0821918	0.2058824	0.3857143	0.3846154	0.475	0.4022989	0.4745763	0.2	0.3333333	0.2093023	0.1612903	0.2428571	
Cochevis huppé	0.0135135	0.032967	0.0447761	0.0	0.0178571	0.0384615	0.009434	0.019802	0.0	0.0095238	0.0152672	0.0097561	0.0209424	0.0077519	0.0181818	0.0134529	0.0122951	0.0015	0.019802	0.0015	0.0015	0.0068493	0.0015	0.0149254	0.0015	0.006993	0.0015	0.0015	0.0	0.0015	0.0	0.0	0.0	0.0	0.0015	0.0072993	0.0015	0.0015	0.0015	0.0	0.0015	0.0114943	0.0169492	0.01	0.0015	0.0015	0.0322581	0.0142857	
Cisticole des joncs	0.027027	0.0769231	0.0447761	0.0319149	0.0357143	0.0384615	0.0188679	0.019802	0.039604	0.1142857	0.0687023	0.0780488	0.1204188	0.1782946	0.1818182	0.1300448	0.0983607	0.0841584	0.0990099	0.1079545	0.1162791	0.0684932	0.0777778	0.1119403	0.1698113	0.0629371	0.1128205	0.1077844	0.1208791	0.2535211	0.1147541	0.1678322	0.0512821	0.0625	0.079646	0.0510949	0.0410959	0.0441176	0.0428571	0.0961538	0.0625	0.0574713	0.1186441	0.07	0.0277778	0.0930233	0.0645161	0.1142857	
Hypolaïs polyglotte	0.0	0.0	0.0	0.0	0.0	0.0	0.0	0.0	0.0	0.0	0.0	0.0	0.0	0.0310078	0.0606061	0.1838565	0.1639344	0.1831683	0.1980198	0.2386364	0.2209302	0.1780822	0.1444444	0.1492537	0.0943396	0.0979021	0.0615385	0.0538922	0.0659341	0.0422535	0.0163934	0.027972	0.0	0.0	0.0015	0.0072993	0.0	0.0	0.0	0.0	0.0	0.0	0.0	0.0	0.0	0.0	0.0	0.0	
Phragmite des joncs	0.0	0.0	0.0	0.0	0.0	0.0	0.0	0.0	0.0	0.0	0.0015	0.0097561	0.0209424	0.0387597	0.0363636	0.044843	0.0245902	0.0049505	0.0	0.0056818	0.0	0.0068493	0.0015	0.0074627	0.009434	0.006993	0.0	0.011976	0.0015	0.0	0.0	0.013986	0.0015	0.0	0.0	0.0072993	0.0	0.0	0.0	0.0	0.0	0.0	0.0	0.0	0.0	0.0	0.0	0.0	
Rousserolle effarvatte	0.0	0.0	0.0	0.0	0.0	0.0	0.0	0.0	0.0	0.0	0.0	0.0	0.0	0.0077519	0.0727273	0.1345291	0.0614754	0.1039604	0.1138614	0.1022727	0.0697674	0.0753425	0.0666667	0.1119403	0.0943396	0.0559441	0.0666667	0.0419162	0.043956	0.1126761	0.0491803	0.0699301	0.034188	0.0208333	0.0176991	0.0145985	0.0	0.0147059	0.0	0.0096154	0.0	0.0	0.0	0.0	0.0	0.0	0.0	0.0	
Rousserolle turdoïde	0.0	0.0	0.0	0.0	0.0	0.0	0.0	0.0	0.0	0.0	0.0	0.0	0.0	0.0	0.0	0.0	0.0	0.0	0.0049505	0.0056818	0.005814	0.0068493	0.0	0.0	0.0	0.0	0.0	0.0	0.0	0.0	0.0	0.0	0.0	0.0	0.0	0.0	0.0	0.0	0.0	0.0	0.0	0.0	0.0	0.0	0.0	0.0	0.0	0.0	
Locustelle luscinioïde	0.0	0.0	0.0	0.0	0.0	0.0	0.0	0.0	0.0	0.0	0.0	0.0	0.0	0.0015	0.0	0.0044843	0.0	0.0	0.0	0.0	0.0	0.0	0.0	0.0	0.0	0.0	0.0	0.0	0.0	0.0	0.0	0.0	0.0	0.0	0.0	0.0	0.0	0.0	0.0	0.0	0.0	0.0	0.0	0.0	0.0	0.0	0.0	0.0	
Locustelle tachetée	0.0	0.0	0.0	0.0	0.0	0.0	0.0	0.0	0.0	0.0	0.0076336	0.0	0.0015	0.0077519	0.0181818	0.0134529	0.0081967	0.0	0.0049505	0.0056818	0.0	0.0	0.0111111	0.0149254	0.009434	0.0	0.0	0.0	0.0	0.0	0.0	0.006993	0.0	0.0	0.0	0.0072993	0.0	0.0	0.0	0.0	0.0	0.0	0.0	0.0	0.0	0.0	0.0	0.0	
Hirondelle de rivage	0.0	0.0	0.0	0.0	0.0	0.0	0.0	0.0	0.0	0.0015	0.0381679	0.0341463	0.0575916	0.1162791	0.1090909	0.0896861	0.1229508	0.1237624	0.1237624	0.0795455	0.1046512	0.0547945	0.0555556	0.0298507	0.0754717	0.0699301	0.0564103	0.0179641	0.0989011	0.0422535	0.0819672	0.034965	0.0598291	0.03125	0.0353982	0.0510949	0.0136986	0.0147059	0.0	0.0	0.0	0.0	0.0	0.0	0.0	0.0	0.0	0.0	
Hirondelle rustique	0.0	0.0	0.0	0.0	0.0	0.0	0.0	0.0	0.0	0.0285714	0.2137405	0.2195122	0.3507853	0.5116279	0.4727273	0.3811659	0.295082	0.3217822	0.3366337	0.3125	0.2790698	0.260274	0.2222222	0.2238806	0.3584906	0.4195804	0.4205128	0.2994012	0.4615385	0.4225352	0.3934426	0.4475524	0.2136752	0.28125	0.2654867	0.189781	0.1780822	0.0147059	0.0142857	0.0096154	0.025	0.0	0.0	0.0	0.0	0.0	0.0	0.0	
Hirondelle de fenêtre	0.0	0.0	0.0	0.0	0.0	0.0	0.0	0.0	0.0	0.0015	0.0152672	0.0292683	0.0837696	0.0775194	0.1272727	0.161435	0.1065574	0.2376238	0.1881188	0.2443182	0.2790698	0.3082192	0.3222222	0.2537313	0.2735849	0.2727273	0.2923077	0.1976048	0.3076923	0.1549296	0.3114754	0.2517483	0.1709402	0.1770833	0.079646	0.0948905	0.0410959	0.0	0.0	0.0	0.0	0.0	0.0	0.0	0.0	0.0	0.0	0.0	
hirondelle sp.	0.0	0.0	0.0	0.0	0.0	0.0	0.0	0.0	0.0	0.0	0.0	0.0	0.0	0.0	0.0	0.0	0.0	0.0	0.0	0.0	0.0	0.0	0.0	0.0	0.0	0.0	0.0	0.0	0.0	0.0	0.0	0.0	0.008547	0.0	0.0265487	0.0145985	0.0	0.0	0.0	0.0	0.0	0.0	0.0	0.0	0.0	0.0	0.0	0.0	
Pouillot siffleur	0.0	0.0	0.0	0.0	0.0	0.0	0.0	0.0	0.0	0.0	0.0	0.0	0.0	0.0077519	0.0121212	0.0224215	0.0122951	0.019802	0.0148515	0.0284091	0.0015	0.0068493	0.0111111	0.0149254	0.0	0.006993	0.0051282	0.0	0.0	0.0	0.0	0.0	0.0	0.0	0.0	0.0	0.0	0.0	0.0	0.0	0.0	0.0	0.0	0.0	0.0	0.0	0.0	0.0	
Pouillot de Bonelli	0.0	0.0	0.0	0.0	0.0	0.0	0.0	0.0	0.0	0.0	0.0	0.0015	0.026178	0.0232558	0.0242424	0.0269058	0.0245902	0.009901	0.0346535	0.0227273	0.0465116	0.0136986	0.0222222	0.0223881	0.009434	0.006993	0.0102564	0.005988	0.0	0.0	0.0	0.0	0.0	0.0	0.0	0.0	0.0	0.0	0.0	0.0	0.0	0.0	0.0	0.0	0.0	0.0	0.0	0.0	
Pouillot à grands sourcils	0.0	0.0	0.0	0.0	0.0	0.0	0.0	0.0	0.0	0.0	0.0	0.0	0.0	0.0	0.0	0.0	0.0	0.0	0.0	0.0	0.0	0.0	0.0	0.0	0.0	0.0	0.0	0.0	0.0	0.0	0.0	0.0	0.0	0.0	0.0	0.0	0.0015	0.0	0.0	0.0	0.025	0.0114943	0.0	0.0	0.0	0.0	0.0	0.0	
Pouillot fitis	0.0	0.0	0.0	0.0	0.0	0.0	0.0	0.0	0.0	0.0	0.0076336	0.0439024	0.0680628	0.1472868	0.0909091	0.0672646	0.0	0.0015	0.0049505	0.0056818	0.005814	0.0	0.0111111	0.0	0.0	0.0	0.0	0.0015	0.032967	0.0704225	0.0983607	0.1118881	0.0683761	0.0833333	0.0353982	0.0072993	0.0136986	0.0	0.0	0.0	0.0	0.0	0.0	0.0	0.0	0.0	0.0	0.0	
Pouillot véloce	0.1216216	0.1428571	0.0746269	0.1276596	0.125	0.0769231	0.1132075	0.2574257	0.3663366	0.5428571	0.5725191	0.5073171	0.486911	0.6434109	0.4484848	0.4394619	0.2704918	0.2970297	0.3415842	0.3125	0.3546512	0.3287671	0.2666667	0.2761194	0.3018868	0.2097902	0.174359	0.2155689	0.2417582	0.4507042	0.3278689	0.4965035	0.3247863	0.46875	0.4690265	0.4087591	0.3287671	0.4117647	0.4714286	0.4423077	0.375	0.3218391	0.3220339	0.25	0.1388889	0.1627907	0.1612903	0.1857143	
Pouillot ibérique	0.0	0.0	0.0	0.0	0.0	0.0	0.0	0.0	0.0	0.0	0.0	0.0	0.0	0.0	0.0060606	0.0044843	0.0	0.0	0.0	0.0	0.0	0.0	0.0	0.0	0.0	0.0	0.0	0.0	0.0	0.0	0.0	0.0	0.0	0.0	0.0	0.0	0.0	0.0	0.0	0.0	0.0	0.0	0.0	0.0	0.0	0.0	0.0	0.0	
pouillot sp.	0.0	0.0	0.0	0.0	0.0	0.0	0.0	0.0	0.009901	0.0	0.0	0.0	0.0	0.0	0.0060606	0.0	0.0	0.0	0.0015	0.0	0.0	0.0	0.0	0.0	0.0	0.0	0.0051282	0.005988	0.0	0.0140845	0.0	0.013986	0.0	0.0	0.0	0.0	0.0136986	0.0	0.0	0.0096154	0.0	0.0	0.0	0.0	0.0	0.0	0.0	0.0142857	
Bouscarle de Cetti	0.1486486	0.1538462	0.1492537	0.106383	0.2321429	0.1346154	0.1886792	0.1980198	0.2574257	0.2095238	0.1679389	0.1707317	0.2041885	0.2868217	0.1575758	0.206278	0.1721311	0.1435644	0.1782178	0.1420455	0.1337209	0.1438356	0.0666667	0.1343284	0.0943396	0.1048951	0.0666667	0.1257485	0.1208791	0.1830986	0.1803279	0.2867133	0.2222222	0.2291667	0.2389381	0.2554745	0.2876712	0.2794118	0.4142857	0.375	0.2125	0.3218391	0.3050847	0.26	0.1111111	0.1860465	0.2580645	0.2285714	
Orite à longue queue	0.2027027	0.1978022	0.0746269	0.1489362	0.1607143	0.2115385	0.1981132	0.2772277	0.2970297	0.1809524	0.221374	0.1170732	0.1151832	0.3178295	0.1939394	0.1748879	0.0942623	0.1237624	0.0742574	0.1193182	0.0697674	0.0958904	0.0777778	0.0522388	0.0849057	0.1188811	0.1025641	0.0538922	0.0769231	0.1267606	0.0983607	0.1398601	0.1111111	0.1354167	0.1504425	0.1386861	0.1780822	0.2352941	0.4285714	0.2596154	0.275	0.2758621	0.3050847	0.32	0.25	0.3023256	0.2903226	0.2857143	
Fauvette à tête noire	0.0015	0.032967	0.0298507	0.0425532	0.0892857	0.0576923	0.0188679	0.0891089	0.1287129	0.1047619	0.3282443	0.4536585	0.4712042	0.7054264	0.5212121	0.5112108	0.352459	0.4752475	0.4356436	0.5	0.494186	0.4452055	0.3888889	0.5298507	0.5	0.4335664	0.3076923	0.239521	0.1758242	0.2112676	0.1967213	0.3496503	0.1452991	0.2083333	0.2477876	0.1605839	0.1917808	0.0882353	0.1	0.125	0.125	0.1264368	0.1186441	0.03	0.0015	0.0232558	0.0967742	0.1	
Fauvette des jardins	0.0	0.0	0.0	0.0	0.0	0.0	0.0	0.0	0.0	0.0	0.0	0.0	0.0	0.0155039	0.0484848	0.0538117	0.045082	0.0148515	0.0544554	0.0454545	0.0697674	0.0547945	0.0333333	0.0149254	0.0188679	0.006993	0.0051282	0.011976	0.0	0.0140845	0.0163934	0.013986	0.025641	0.0104167	0.0015	0.0072993	0.0	0.0	0.0	0.0	0.0	0.0	0.0	0.0	0.0	0.0	0.0	0.0	
Fauvette babillarde	0.0	0.0	0.0	0.0	0.0	0.0	0.0	0.0	0.0	0.0	0.0	0.0	0.0	0.0077519	0.0	0.0134529	0.0040984	0.0015	0.0	0.0	0.0	0.0	0.0	0.0	0.0	0.0	0.0	0.0	0.0	0.0	0.0163934	0.0	0.0	0.0	0.0	0.0	0.0	0.0	0.0	0.0	0.0	0.0	0.0	0.0	0.0	0.0	0.0	0.0	
Fauvette grisette	0.0	0.0	0.0	0.0	0.0	0.0	0.0	0.0	0.0	0.0	0.0	0.0195122	0.078534	0.248062	0.2848485	0.264574	0.1803279	0.1534653	0.1831683	0.0909091	0.1162791	0.0547945	0.0777778	0.141791	0.0849057	0.041958	0.0307692	0.0419162	0.043956	0.0422535	0.0819672	0.0979021	0.042735	0.0729167	0.0015	0.0015	0.0015	0.0	0.0	0.0	0.0	0.0	0.0	0.0	0.0	0.0	0.0322581	0.0	
Fauvette pitchou	0.0	0.0	0.0149254	0.0212766	0.0178571	0.0015	0.0	0.009901	0.0	0.0	0.0076336	0.0015	0.0052356	0.0155039	0.0060606	0.0015	0.0015	0.0049505	0.0148515	0.0170455	0.0116279	0.0068493	0.0	0.0149254	0.0015	0.027972	0.0153846	0.005988	0.0	0.0	0.0	0.0	0.0	0.0	0.0	0.0	0.0	0.0	0.0	0.0	0.0015	0.0	0.0169492	0.0	0.0	0.0232558	0.0	0.0015	
Sylvia ou Curruca sp.	0.0	0.0	0.0	0.0	0.0	0.0	0.0	0.0	0.0	0.0	0.0	0.0	0.0	0.0	0.0	0.0	0.0	0.0	0.0	0.0	0.0	0.0	0.0	0.0	0.0	0.0	0.0	0.0	0.0	0.0	0.0	0.0	0.0	0.0	0.0	0.0	0.0	0.0	0.0285714	0.0	0.0	0.0	0.0	0.0	0.0	0.0	0.0	0.0	
Roitelet huppé	0.0	0.043956	0.0447761	0.0851064	0.0178571	0.0769231	0.0283019	0.019802	0.049505	0.047619	0.0152672	0.0	0.0157068	0.0155039	0.0181818	0.0044843	0.0040984	0.0049505	0.0	0.0015	0.0	0.0015	0.0015	0.0074627	0.0	0.020979	0.0153846	0.005988	0.0	0.0015	0.0163934	0.0	0.008547	0.0104167	0.0088496	0.0291971	0.0273973	0.0	0.0428571	0.0015	0.175	0.0689655	0.1525424	0.11	0.0833333	0.1162791	0.0967742	0.0857143	
Roitelet à triple bandeau	0.0540541	0.1428571	0.0895522	0.0531915	0.0892857	0.2307692	0.1226415	0.1485149	0.1287129	0.1142857	0.1832061	0.1073171	0.0942408	0.1860465	0.0969697	0.1300448	0.0532787	0.0891089	0.049505	0.0909091	0.0930233	0.0753425	0.0666667	0.0671642	0.0566038	0.020979	0.0102564	0.0179641	0.043956	0.0704225	0.0983607	0.0699301	0.0598291	0.0833333	0.1504425	0.1167883	0.109589	0.1176471	0.2571429	0.1153846	0.2125	0.2068966	0.3050847	0.18	0.1944444	0.1395349	0.0645161	0.2142857	
Roitelet huppé ou R. à triple bandeau	0.0	0.0	0.0	0.0	0.0	0.0	0.009434	0.0	0.0	0.0	0.0	0.0	0.0	0.0	0.0	0.0	0.0	0.0	0.0	0.0	0.0	0.0	0.0	0.0	0.0	0.0	0.0	0.0015	0.0	0.0	0.0	0.0	0.0	0.0	0.0	0.0	0.0	0.0	0.0142857	0.0	0.0	0.0	0.0	0.01	0.0	0.0	0.0	0.0	
Tichodrome échelette	0.0	0.0	0.0149254	0.0106383	0.0	0.0	0.0	0.0	0.0	0.0	0.0	0.0	0.0	0.0	0.0	0.0	0.0	0.0	0.0	0.0	0.0	0.0	0.0	0.0	0.0	0.0	0.0	0.0	0.0	0.0	0.0	0.0	0.0	0.0	0.0	0.0	0.0	0.0	0.0	0.0015	0.0015	0.0114943	0.0338983	0.0	0.0	0.0	0.0	0.0	
Sittelle torchepot	0.1351351	0.1098901	0.119403	0.106383	0.0892857	0.1538462	0.1698113	0.2079208	0.1485149	0.1809524	0.2061069	0.1560976	0.1727749	0.2170543	0.1333333	0.0807175	0.0368852	0.0544554	0.0594059	0.1931818	0.1104651	0.1232877	0.1222222	0.119403	0.0943396	0.1118881	0.1692308	0.1077844	0.0989011	0.1830986	0.0655738	0.2167832	0.1196581	0.1770833	0.1769912	0.1386861	0.1643836	0.1176471	0.1714286	0.1730769	0.275	0.2298851	0.2542373	0.14	0.1111111	0.1627907	0.1935484	0.2428571	
Grimpereau des jardins	0.1891892	0.1868132	0.1940299	0.1595745	0.1785714	0.2692308	0.1981132	0.2871287	0.2277228	0.2	0.2442748	0.1853659	0.1884817	0.3255814	0.1939394	0.1838565	0.102459	0.1831683	0.1336634	0.1931818	0.1337209	0.1780822	0.1111111	0.1791045	0.2075472	0.1678322	0.174359	0.1916168	0.1978022	0.2394366	0.1967213	0.2587413	0.1709402	0.2395833	0.2831858	0.2116788	0.2465753	0.2352941	0.3857143	0.2788462	0.325	0.2643678	0.2711864	0.29	0.25	0.2093023	0.2258065	0.3142857	
Grimpereau des bois ou G. des jardins	0.0	0.0	0.0	0.0106383	0.0	0.0	0.009434	0.0	0.0	0.0	0.0	0.0	0.0	0.0015	0.0	0.0	0.0	0.0	0.0049505	0.0	0.0	0.0	0.0	0.0	0.0	0.0	0.0	0.0179641	0.0	0.0	0.0	0.006993	0.0	0.0	0.0	0.0072993	0.0	0.0	0.0	0.0	0.0	0.0	0.0	0.01	0.0	0.0	0.0	0.0	
Troglodyte mignon	0.2432432	0.3186813	0.1641791	0.1914894	0.25	0.2307692	0.2264151	0.3267327	0.3267327	0.2380952	0.2977099	0.1853659	0.1884817	0.3875969	0.2424242	0.2376682	0.1680328	0.2326733	0.1584158	0.2670455	0.2674419	0.2671233	0.1777778	0.1865672	0.2358491	0.2027972	0.1589744	0.1377246	0.1208791	0.1408451	0.1803279	0.2447552	0.0854701	0.125	0.1238938	0.189781	0.1506849	0.2058824	0.4428571	0.4038462	0.4625	0.4137931	0.4576271	0.43	0.3055556	0.3255814	0.3870968	0.4857143	
Étourneau sansonnet	0.5405405	0.4395604	0.3134328	0.3829787	0.375	0.4230769	0.5	0.4554455	0.4158416	0.3428571	0.4198473	0.404878	0.3769634	0.503876	0.4909091	0.309417	0.2909836	0.4158416	0.3267327	0.3465909	0.3662791	0.3424658	0.3666667	0.4104478	0.2830189	0.2797203	0.2666667	0.245509	0.2967033	0.3239437	0.3770492	0.4405594	0.2564103	0.3229167	0.4070796	0.3576642	0.3424658	0.3823529	0.4	0.3942308	0.525	0.5172414	0.5084746	0.46	0.5	0.4883721	0.4193548	0.5571429	
Étourneau roselin	0.0	0.0	0.0	0.0	0.0	0.0	0.0	0.0	0.0	0.0	0.0	0.0	0.0	0.0	0.0	0.0	0.0	0.0	0.0	0.0113636	0.0	0.0	0.0	0.0	0.0	0.0	0.0	0.0	0.0	0.0	0.0	0.0	0.0	0.0	0.0	0.0	0.0	0.0	0.0	0.0	0.0	0.0	0.0	0.0	0.0	0.0	0.0	0.0	
Grive draine	0.1891892	0.1538462	0.119403	0.1914894	0.1428571	0.1538462	0.1603774	0.1485149	0.1782178	0.1619048	0.1374046	0.1170732	0.1204188	0.1937984	0.1454545	0.103139	0.045082	0.0346535	0.0693069	0.0965909	0.0639535	0.0410959	0.0666667	0.0671642	0.0471698	0.013986	0.0358974	0.0359281	0.0769231	0.0704225	0.0819672	0.0629371	0.017094	0.0520833	0.1150442	0.1021898	0.109589	0.1176471	0.2714286	0.2211538	0.25	0.2988506	0.2711864	0.2	0.1666667	0.2325581	0.1935484	0.3428571	
Grive musicienne	0.1621622	0.1098901	0.1791045	0.1808511	0.1607143	0.25	0.2169811	0.3168317	0.3366337	0.247619	0.259542	0.2439024	0.2774869	0.3333333	0.1636364	0.1569507	0.1434426	0.1089109	0.1237624	0.1534091	0.1686047	0.1780822	0.1555556	0.1641791	0.1603774	0.0909091	0.0564103	0.0359281	0.1098901	0.056338	0.0655738	0.0769231	0.0683761	0.0729167	0.0353982	0.0656934	0.1917808	0.1323529	0.3428571	0.3173077	0.3	0.3218391	0.3220339	0.22	0.1388889	0.1860465	0.2580645	0.2	
Grive mauvis	0.0675676	0.1538462	0.0746269	0.1276596	0.0714286	0.0576923	0.0566038	0.0891089	0.1287129	0.0666667	0.0687023	0.0243902	0.0015	0.0015	0.0015	0.0	0.0	0.0	0.0	0.0	0.0	0.0	0.0	0.0	0.0	0.0	0.0	0.0	0.0	0.0	0.0	0.0	0.0	0.0	0.0	0.0015	0.0015	0.0294118	0.1285714	0.0576923	0.3	0.2758621	0.3389831	0.22	0.1111111	0.1395349	0.0645161	0.2285714	
Merle noir	0.4864865	0.5274725	0.4328358	0.5	0.6071429	0.5576923	0.6132075	0.5940594	0.6138614	0.552381	0.5419847	0.5707317	0.5287958	0.6821705	0.5818182	0.5156951	0.3893443	0.5742574	0.549505	0.6704545	0.5988372	0.609589	0.6	0.5671642	0.5188679	0.4755245	0.3794872	0.2874251	0.2307692	0.2676056	0.295082	0.3216783	0.2564103	0.4375	0.3362832	0.3649635	0.4109589	0.3823529	0.4857143	0.4711538	0.625	0.5747126	0.6271186	0.61	0.4444444	0.5813953	0.5483871	0.6	
Grive litorne	0.0675676	0.0989011	0.0895522	0.0744681	0.0535714	0.0576923	0.0471698	0.049505	0.039604	0.0380952	0.0610687	0.0292683	0.0104712	0.0015	0.0	0.0	0.0	0.0	0.0	0.0	0.0	0.0	0.0	0.0	0.0	0.0	0.0	0.0	0.0	0.0	0.0	0.0	0.0	0.0	0.0	0.0	0.0	0.0147059	0.0428571	0.0288462	0.1	0.1149425	0.2033898	0.11	0.0833333	0.0232558	0.1612903	0.1285714	
Merle à plastron	0.0	0.0	0.0	0.0	0.0	0.0	0.0	0.0	0.0	0.0	0.0	0.0015	0.0052356	0.0387597	0.0181818	0.0089686	0.0	0.0	0.0	0.0	0.0	0.0	0.0	0.0	0.0	0.0	0.0	0.0	0.0	0.0	0.0	0.0	0.0	0.0	0.0	0.0015	0.0015	0.0015	0.0015	0.0015	0.0015	0.0	0.0015	0.0	0.0	0.0	0.0	0.0	
Turdus sp.	0.0	0.0	0.0	0.0	0.0	0.0	0.0	0.0	0.0	0.0	0.0	0.0	0.0	0.0	0.0	0.0	0.0	0.0	0.0	0.0	0.0	0.0	0.0	0.0	0.0	0.0	0.0	0.0	0.0	0.0	0.0	0.0	0.0	0.0	0.0	0.0	0.0	0.0	0.0142857	0.0	0.0	0.0	0.0	0.0	0.0	0.0	0.0	0.0	
Gobemouche gris	0.0	0.0	0.0	0.0	0.0	0.0	0.0	0.0	0.0	0.0	0.0	0.0	0.0	0.0	0.0	0.0134529	0.0122951	0.029703	0.0544554	0.0511364	0.0639535	0.0479452	0.0888889	0.0447761	0.0566038	0.027972	0.0923077	0.0299401	0.1208791	0.084507	0.0983607	0.1888112	0.1025641	0.1458333	0.1238938	0.0583942	0.0410959	0.0147059	0.0	0.0	0.0	0.0	0.0	0.0	0.0	0.0	0.0	0.0	
Rougegorge familier	0.5675676	0.5714286	0.4328358	0.4680851	0.5714286	0.5384615	0.6698113	0.6534653	0.5841584	0.5619048	0.4961832	0.4780488	0.4240838	0.5193798	0.4181818	0.3542601	0.2418033	0.3861386	0.3118812	0.3693182	0.377907	0.4246575	0.2777778	0.261194	0.3018868	0.2657343	0.2615385	0.2095808	0.1538462	0.2112676	0.2295082	0.3846154	0.3418803	0.5104167	0.5663717	0.620438	0.630137	0.7058824	0.7428571	0.6442308	0.725	0.6436782	0.6949153	0.67	0.4722222	0.6046512	0.6774194	0.6285714	
Rossignol philomèle	0.0	0.0	0.0	0.0	0.0	0.0	0.0	0.0	0.0	0.0	0.0	0.0146341	0.0994764	0.4418605	0.3939394	0.3587444	0.2622951	0.1831683	0.2475248	0.1875	0.122093	0.0753425	0.0444444	0.0223881	0.009434	0.006993	0.0102564	0.0239521	0.032967	0.0140845	0.0327869	0.027972	0.0	0.0015	0.0	0.0	0.0	0.0	0.0	0.0	0.0	0.0	0.0	0.0	0.0	0.0	0.0	0.0	
Gorgebleue à miroir	0.0	0.0	0.0	0.0	0.0	0.0	0.0	0.0	0.0	0.0015	0.0	0.0195122	0.0015	0.0077519	0.0015	0.0015	0.0	0.0015	0.0015	0.0015	0.0015	0.0015	0.0015	0.0	0.0	0.0	0.0	0.0	0.0	0.0015	0.0	0.006993	0.025641	0.0104167	0.0	0.0	0.0	0.0	0.0	0.0	0.0	0.0	0.0	0.0	0.0	0.0	0.0	0.0	
Gobemouche noir	0.0	0.0	0.0	0.0	0.0	0.0	0.0	0.0	0.0	0.0	0.0076336	0.0	0.0	0.0015	0.0	0.0	0.0015	0.0	0.0015	0.0056818	0.0	0.0	0.0	0.0	0.0	0.0	0.0015	0.0015	0.0	0.084507	0.1967213	0.3216783	0.2307692	0.2083333	0.0442478	0.0291971	0.0015	0.0	0.0	0.0	0.0	0.0	0.0	0.0	0.0	0.0	0.0	0.0	
Rougequeue à front blanc	0.0	0.0	0.0	0.0	0.0	0.0	0.0	0.0	0.0	0.0	0.0	0.004878	0.0732984	0.1860465	0.1272727	0.1165919	0.0860656	0.0940594	0.0544554	0.0738636	0.0755814	0.1027397	0.0666667	0.0671642	0.0015	0.006993	0.0461538	0.005988	0.021978	0.028169	0.0655738	0.1118881	0.0683761	0.1041667	0.0442478	0.0145985	0.0015	0.0015	0.0142857	0.0015	0.0015	0.0	0.0	0.0	0.0	0.0	0.0	0.0	
Rougequeue noir	0.0405405	0.021978	0.0298507	0.0015	0.0178571	0.0	0.0015	0.039604	0.0693069	0.1142857	0.2748092	0.3463415	0.2513089	0.3100775	0.2787879	0.1659193	0.0819672	0.2029703	0.1386139	0.1931818	0.2209302	0.2534247	0.2444444	0.2238806	0.1320755	0.2027972	0.2	0.1077844	0.1208791	0.0985915	0.147541	0.2097902	0.0854701	0.1770833	0.2477876	0.1824818	0.2465753	0.2058824	0.2571429	0.0865385	0.075	0.0804598	0.0169492	0.04	0.0015	0.0232558	0.0	0.0285714	
Tarier des prés	0.0	0.0	0.0	0.0	0.0	0.0	0.0	0.0	0.0	0.0	0.0	0.0	0.0	0.0155039	0.030303	0.0269058	0.0122951	0.0049505	0.009901	0.0113636	0.0015	0.0	0.0222222	0.0074627	0.0	0.0	0.0	0.005988	0.0	0.0	0.0015	0.0769231	0.0854701	0.09375	0.0265487	0.0291971	0.0136986	0.0	0.0	0.0	0.0	0.0	0.0	0.0	0.0	0.0	0.0	0.0	
Tarier pâtre	0.1216216	0.1098901	0.0298507	0.0851064	0.1428571	0.0769231	0.0849057	0.0891089	0.2079208	0.1904762	0.1984733	0.2	0.2251309	0.3100775	0.3090909	0.1973094	0.1598361	0.1386139	0.1336634	0.1193182	0.1104651	0.0958904	0.1444444	0.0970149	0.0943396	0.1258741	0.1230769	0.1017964	0.0879121	0.0985915	0.1311475	0.2167832	0.0854701	0.125	0.1327434	0.1532847	0.1232877	0.2058824	0.1857143	0.2596154	0.1125	0.1149425	0.220339	0.13	0.1111111	0.0465116	0.1612903	0.0714286	
Traquet motteux	0.0	0.0	0.0	0.0	0.0	0.0	0.0	0.0	0.0	0.0	0.0015	0.0097561	0.0157068	0.0542636	0.1090909	0.058296	0.0532787	0.0148515	0.0	0.0	0.0015	0.0	0.0015	0.0	0.0	0.0015	0.0	0.0	0.0	0.0	0.0163934	0.041958	0.0598291	0.0625	0.0176991	0.0145985	0.0015	0.0147059	0.0015	0.0	0.0	0.0	0.0	0.0	0.0	0.0	0.0	0.0	
Accenteur alpin	0.0135135	0.0	0.0015	0.0	0.0	0.0	0.0	0.0	0.0	0.0	0.0	0.0	0.0	0.0	0.0	0.0	0.0	0.0	0.0	0.0	0.0	0.0	0.0	0.0	0.0	0.0	0.0	0.0	0.0	0.0	0.0	0.0	0.0	0.0	0.0	0.0	0.0	0.0	0.0	0.0	0.0	0.0	0.0	0.0	0.0	0.0	0.0	0.0285714	
Accenteur mouchet	0.2432432	0.2637363	0.2238806	0.1914894	0.1964286	0.2884615	0.3207547	0.3267327	0.2871287	0.3047619	0.259542	0.2439024	0.1780105	0.2868217	0.2606061	0.1255605	0.1147541	0.0940594	0.1089109	0.1420455	0.1046512	0.0479452	0.0555556	0.0970149	0.0660377	0.0699301	0.0461538	0.0239521	0.032967	0.0704225	0.0327869	0.1048951	0.042735	0.125	0.1327434	0.1459854	0.1506849	0.1911765	0.3571429	0.2692308	0.3375	0.3678161	0.4745763	0.35	0.3055556	0.1860465	0.2903226	0.3714286	
Moineau domestique	0.3243243	0.2967033	0.238806	0.2446809	0.1607143	0.2115385	0.3490566	0.2970297	0.2178218	0.2666667	0.2900763	0.2829268	0.3246073	0.3488372	0.3878788	0.3004484	0.2008197	0.3168317	0.3019802	0.4431818	0.3546512	0.4383562	0.3555556	0.4253731	0.4622642	0.4545455	0.4564103	0.3293413	0.2857143	0.2253521	0.2786885	0.2167832	0.1111111	0.1145833	0.2212389	0.1751825	0.3150685	0.1617647	0.2285714	0.2115385	0.225	0.2298851	0.3050847	0.3	0.2777778	0.0697674	0.2258065	0.3142857	
Moineau friquet	0.0	0.010989	0.0	0.0106383	0.0	0.0	0.0	0.0	0.009901	0.0	0.0	0.0146341	0.0052356	0.0015	0.0060606	0.0044843	0.0	0.0015	0.009901	0.0170455	0.0015	0.0273973	0.0015	0.0	0.0	0.006993	0.0	0.0	0.0015	0.0	0.0	0.0	0.0	0.0	0.0	0.0015	0.0	0.0	0.0	0.0	0.0	0.0015	0.0	0.0	0.0277778	0.0	0.0	0.0142857	
Bergeronnette des ruisseaux	0.0405405	0.1208791	0.0895522	0.0957447	0.125	0.0384615	0.0377358	0.0792079	0.1386139	0.1047619	0.0839695	0.0292683	0.0366492	0.0542636	0.1090909	0.0717489	0.0286885	0.0643564	0.049505	0.0284091	0.0872093	0.0958904	0.0777778	0.0895522	0.0849057	0.0909091	0.1076923	0.0958084	0.0989011	0.0985915	0.0655738	0.1398601	0.1282051	0.0520833	0.159292	0.1605839	0.2328767	0.2205882	0.2857143	0.2403846	0.2	0.3563218	0.2542373	0.21	0.1388889	0.2093023	0.1290323	0.2142857	
Bergeronnette printanière	0.0	0.0	0.0	0.0	0.0	0.0	0.0	0.0	0.0	0.0	0.0229008	0.0390244	0.1204188	0.2325581	0.2606061	0.1748879	0.0901639	0.0643564	0.0841584	0.0454545	0.0465116	0.0479452	0.0777778	0.0671642	0.0566038	0.0559441	0.0410256	0.0359281	0.0659341	0.056338	0.1311475	0.1678322	0.1282051	0.1354167	0.1150442	0.0364964	0.0015	0.0147059	0.0	0.0	0.0	0.0	0.0	0.0	0.0	0.0	0.0	0.0	
Bergeronnette grise	0.0810811	0.1538462	0.1492537	0.1276596	0.25	0.2115385	0.1509434	0.2673267	0.2574257	0.2857143	0.4656489	0.3268293	0.2984293	0.5116279	0.4484848	0.3497758	0.3319672	0.3366337	0.2326733	0.3125	0.3023256	0.3287671	0.2444444	0.2985075	0.254717	0.3286713	0.3179487	0.2874251	0.3406593	0.3098592	0.295082	0.3636364	0.2649573	0.1979167	0.2920354	0.350365	0.3972603	0.3529412	0.4428571	0.4519231	0.3875	0.3793103	0.4067797	0.28	0.3055556	0.2093023	0.1935484	0.2	
bergeronette sp.	0.0	0.0	0.0	0.0	0.0	0.0	0.0	0.0	0.0	0.0	0.0	0.0	0.0	0.0	0.0	0.0	0.0	0.0	0.0049505	0.0	0.0	0.0	0.0	0.0	0.0	0.0	0.0	0.0015	0.0	0.0140845	0.0	0.0	0.0	0.0	0.0	0.0	0.0	0.0	0.0	0.0096154	0.0	0.0	0.0	0.0	0.0	0.0	0.0	0.0	
Pipit de Richard	0.0	0.0	0.0	0.0	0.0	0.0	0.0	0.0	0.0015	0.0	0.0	0.0	0.0	0.0	0.0	0.0	0.0	0.0	0.0	0.0	0.0	0.0	0.0	0.0	0.0	0.0	0.0	0.0	0.0	0.0	0.0	0.0	0.0	0.0	0.0	0.0015	0.0	0.0015	0.0	0.0	0.0	0.0	0.0	0.0	0.0	0.0	0.0	0.0	
Pipit rousseline	0.0	0.0	0.0	0.0	0.0	0.0	0.0	0.0	0.0	0.0	0.0	0.0	0.0	0.0	0.0	0.0	0.0	0.0	0.0	0.0	0.0	0.0	0.0	0.0	0.0	0.0	0.0	0.0	0.0	0.0	0.0015	0.0015	0.008547	0.0104167	0.0088496	0.0	0.0	0.0	0.0	0.0	0.0	0.0	0.0	0.0	0.0	0.0	0.0	0.0	
Pipit farlouse	0.2972973	0.2637363	0.1940299	0.1595745	0.2678571	0.1923077	0.1792453	0.1683168	0.1683168	0.1714286	0.2137405	0.2146341	0.1989529	0.1937984	0.0666667	0.0089686	0.0015	0.0	0.0	0.0	0.0	0.0	0.0	0.0	0.0	0.0	0.0	0.0	0.0	0.0	0.0	0.0	0.0	0.0015	0.0884956	0.1386861	0.1917808	0.2794118	0.5714286	0.4519231	0.425	0.4712644	0.4745763	0.28	0.4722222	0.2093023	0.3548387	0.4571429	
Pipit des arbres	0.0	0.0	0.0	0.0	0.0	0.0	0.0	0.0	0.0	0.0095238	0.0015	0.0390244	0.0994764	0.2170543	0.1939394	0.1121076	0.0696721	0.0544554	0.0742574	0.1136364	0.0988372	0.0958904	0.0888889	0.0820896	0.0566038	0.020979	0.025641	0.0239521	0.032967	0.028169	0.0819672	0.1188811	0.1025641	0.09375	0.0442478	0.0875912	0.0015	0.0015	0.0015	0.0096154	0.0015	0.0015	0.0	0.0	0.0	0.0	0.0	0.0	
Pipit à dos olive	0.0015	0.010989	0.0015	0.0106383	0.0	0.0	0.0	0.0	0.0	0.0	0.0	0.0	0.0	0.0	0.0	0.0	0.0	0.0	0.0	0.0	0.0	0.0	0.0	0.0	0.0	0.0	0.0	0.0	0.0	0.0	0.0	0.0	0.0	0.0	0.0	0.0	0.0	0.0	0.0	0.0	0.0	0.0	0.0	0.0	0.0	0.0	0.0	0.0	
Pipit à gorge rousse	0.0	0.0	0.0	0.0	0.0	0.0	0.0	0.0	0.0	0.0	0.0	0.0	0.0	0.0	0.0	0.0015	0.0	0.0	0.0	0.0	0.0	0.0	0.0	0.0	0.0	0.0	0.0	0.0	0.0	0.0	0.0	0.0	0.0	0.0	0.0	0.0	0.0	0.0	0.0	0.0	0.0	0.0	0.0	0.0	0.0	0.0	0.0	0.0	
Pipit spioncelle	0.1081081	0.1098901	0.1343284	0.0957447	0.1071429	0.1153846	0.0566038	0.0891089	0.0693069	0.0666667	0.0916031	0.0536585	0.026178	0.0155039	0.0	0.0	0.0	0.0	0.0	0.0	0.0	0.0	0.0	0.0	0.0	0.0	0.0	0.0	0.0	0.0	0.0	0.0	0.0	0.0	0.0	0.0	0.0	0.0294118	0.1714286	0.2980769	0.1375	0.1724138	0.1355932	0.14	0.0833333	0.0232558	0.0645161	0.1571429	
Anthus sp.	0.0	0.0	0.0	0.0	0.0	0.0	0.0	0.0	0.0	0.0	0.0	0.0	0.0	0.0	0.0	0.0	0.0	0.0	0.0	0.0	0.0	0.0	0.0	0.0	0.0	0.0	0.0051282	0.0	0.0	0.0	0.0	0.0	0.0	0.0	0.0	0.0072993	0.0	0.0	0.0	0.0	0.0	0.0	0.0	0.0	0.0	0.0	0.0	0.0	
Pinson des arbres	0.5945946	0.5274725	0.5373134	0.4574468	0.5178571	0.3846154	0.4150943	0.4950495	0.5346535	0.4952381	0.519084	0.4926829	0.408377	0.6356589	0.5454545	0.4394619	0.295082	0.3960396	0.3762376	0.4318182	0.4476744	0.4726027	0.4666667	0.4402985	0.5660377	0.4755245	0.2974359	0.1796407	0.2527473	0.1971831	0.2459016	0.2727273	0.1367521	0.3333333	0.3893805	0.3868613	0.3561644	0.3676471	0.5285714	0.4615385	0.575	0.5402299	0.7118644	0.55	0.6111111	0.5581395	0.6129032	0.6571429	
Pinson du Nord	0.1216216	0.1098901	0.1343284	0.0425532	0.0892857	0.0576923	0.0943396	0.0891089	0.0693069	0.0857143	0.1068702	0.0243902	0.0104712	0.0077519	0.0015	0.0	0.0	0.0	0.0	0.0	0.0	0.0	0.0	0.0	0.0	0.0	0.0	0.0	0.0	0.0	0.0	0.0	0.0	0.0	0.0	0.0	0.0	0.0147059	0.0714286	0.125	0.125	0.1954023	0.2372881	0.17	0.1666667	0.1627907	0.1612903	0.1	
Grosbec casse-noyaux	0.0945946	0.1538462	0.2089552	0.1382979	0.1785714	0.0384615	0.1226415	0.1089109	0.1980198	0.0761905	0.1145038	0.1707317	0.0994764	0.1472868	0.0969697	0.0358744	0.0204918	0.029703	0.039604	0.0454545	0.0523256	0.0479452	0.0333333	0.0746269	0.0660377	0.041958	0.0717949	0.0479042	0.0879121	0.028169	0.0163934	0.034965	0.017094	0.0015	0.0176991	0.0291971	0.0821918	0.1029412	0.2	0.1730769	0.225	0.2298851	0.1864407	0.17	0.1666667	0.1162791	0.1290323	0.1285714	
Bouvreuil pivoine	0.0135135	0.0549451	0.0447761	0.0212766	0.0357143	0.0192308	0.0	0.009901	0.009901	0.0190476	0.0076336	0.004878	0.0052356	0.0077519	0.0242424	0.0	0.0081967	0.0049505	0.0049505	0.0	0.0116279	0.0136986	0.0	0.0074627	0.0	0.0015	0.0051282	0.0015	0.0	0.0	0.0163934	0.0	0.0	0.0	0.0	0.0	0.0	0.0	0.0142857	0.0384615	0.0625	0.0689655	0.1525424	0.03	0.0277778	0.0465116	0.0322581	0.0857143	
Verdier d'Europe	0.3108108	0.2307692	0.1641791	0.1914894	0.1964286	0.2115385	0.1886792	0.1980198	0.1683168	0.1714286	0.2366412	0.2439024	0.2303665	0.2248062	0.2363636	0.1524664	0.0819672	0.1089109	0.1138614	0.1363636	0.1686047	0.1643836	0.1666667	0.1641791	0.1603774	0.2727273	0.2410256	0.1856287	0.2197802	0.1126761	0.1803279	0.0979021	0.0598291	0.0729167	0.0707965	0.0875912	0.0958904	0.0882353	0.1571429	0.1730769	0.225	0.2988506	0.3898305	0.2	0.2222222	0.2325581	0.2903226	0.2857143	
Linotte mélodieuse	0.1216216	0.1208791	0.0746269	0.106383	0.1071429	0.0769231	0.1226415	0.1188119	0.0990099	0.1142857	0.2366412	0.2439024	0.2408377	0.2713178	0.3151515	0.1973094	0.1557377	0.1039604	0.1287129	0.1079545	0.1511628	0.109589	0.1555556	0.0970149	0.1226415	0.1048951	0.1333333	0.0538922	0.1098901	0.056338	0.147541	0.1258741	0.0683761	0.0833333	0.079646	0.1021898	0.109589	0.1323529	0.1428571	0.1442308	0.3	0.2643678	0.3220339	0.17	0.3611111	0.1627907	0.1290323	0.3	
Sizerin flammé	0.0	0.021978	0.0	0.0106383	0.0	0.0	0.0	0.0	0.0	0.0	0.0	0.0	0.0	0.0	0.0	0.0	0.0	0.0	0.0	0.0	0.0	0.0	0.0	0.0	0.0	0.0	0.0	0.0	0.0	0.0	0.0	0.0	0.0	0.0	0.0	0.0	0.0	0.0	0.0	0.0192308	0.05	0.045977	0.0677966	0.0015	0.0	0.0015	0.0015	0.0142857	
Bec-croisé des sapins	0.0	0.0	0.0	0.0	0.0178571	0.0	0.0	0.0	0.0	0.0	0.0	0.0	0.0	0.0	0.0	0.0	0.0	0.0	0.0	0.0	0.0	0.0	0.0	0.0	0.0	0.0	0.0	0.0015	0.0	0.0	0.0	0.006993	0.0	0.0104167	0.0	0.0145985	0.0015	0.0147059	0.0015	0.0015	0.025	0.0114943	0.0	0.0	0.0277778	0.0	0.0	0.0	
Chardonneret élégant	0.4324324	0.3186813	0.3283582	0.1489362	0.2321429	0.2307692	0.2075472	0.2970297	0.2673267	0.247619	0.2671756	0.2926829	0.2460733	0.372093	0.3030303	0.2331839	0.1393443	0.1584158	0.2079208	0.2272727	0.3139535	0.2465753	0.2888889	0.261194	0.3679245	0.3776224	0.4102564	0.251497	0.2747253	0.2394366	0.2459016	0.2937063	0.1452991	0.1875	0.1504425	0.189781	0.1506849	0.25	0.4	0.4134615	0.375	0.4252874	0.5254237	0.33	0.4166667	0.2790698	0.3548387	0.4428571	
Serin cini	0.0405405	0.032967	0.0149254	0.0106383	0.0	0.0015	0.0283019	0.039604	0.039604	0.0190476	0.0458015	0.0585366	0.1204188	0.0620155	0.0787879	0.0493274	0.0532787	0.029703	0.0445545	0.0284091	0.1104651	0.0684932	0.1	0.0820896	0.1320755	0.1258741	0.1025641	0.0718563	0.032967	0.0140845	0.0491803	0.0015	0.017094	0.0	0.0353982	0.0364964	0.0410959	0.0147059	0.0285714	0.0865385	0.1	0.0689655	0.0169492	0.03	0.0555556	0.0015	0.0322581	0.0571429	
Serin des Canaries	0.0	0.0015	0.0	0.0	0.0	0.0	0.0	0.0	0.0	0.0	0.0	0.0	0.0	0.0	0.0	0.0	0.0	0.0	0.0	0.0	0.0	0.0	0.0	0.0	0.0	0.0	0.0	0.0	0.0	0.0	0.0	0.0	0.0	0.0	0.0	0.0	0.0	0.0	0.0	0.0	0.0	0.0	0.0	0.0	0.0	0.0	0.0	0.0	
Tarin des aulnes	0.1216216	0.1208791	0.0746269	0.1170213	0.0892857	0.1538462	0.1226415	0.1287129	0.1188119	0.0952381	0.129771	0.0439024	0.026178	0.0155039	0.0015	0.0	0.0	0.0	0.0049505	0.0	0.0	0.0	0.0	0.0	0.0	0.0	0.0	0.0	0.0	0.0	0.0	0.0	0.0	0.0104167	0.0176991	0.0145985	0.0410959	0.1029412	0.2285714	0.1826923	0.2625	0.2643678	0.3559322	0.18	0.1111111	0.1860465	0.0967742	0.1285714	
Bruant proyer	0.0675676	0.0549451	0.0015	0.0638298	0.0178571	0.0	0.0283019	0.009901	0.039604	0.0666667	0.0458015	0.1609756	0.0994764	0.1472868	0.1636364	0.1704036	0.1270492	0.0990099	0.0990099	0.0909091	0.1162791	0.0890411	0.0888889	0.0447761	0.1037736	0.020979	0.0153846	0.005988	0.021978	0.0422535	0.0327869	0.020979	0.017094	0.0208333	0.0088496	0.0291971	0.0273973	0.0147059	0.0	0.0576923	0.075	0.045977	0.0677966	0.05	0.0	0.0465116	0.0322581	0.1	
Bruant zizi	0.1891892	0.1318681	0.0597015	0.1382979	0.1428571	0.1538462	0.1415094	0.1782178	0.2079208	0.152381	0.1832061	0.1658537	0.1884817	0.2713178	0.2848485	0.1748879	0.1393443	0.1138614	0.1089109	0.1590909	0.1627907	0.1643836	0.1444444	0.1641791	0.1981132	0.1328671	0.174359	0.1257485	0.1318681	0.1690141	0.0819672	0.1608392	0.1025641	0.1458333	0.1061947	0.1094891	0.0958904	0.0735294	0.1571429	0.2692308	0.3	0.2413793	0.2881356	0.21	0.1944444	0.1860465	0.1935484	0.3285714	
Bruant jaune	0.0540541	0.043956	0.0298507	0.0531915	0.0714286	0.0384615	0.0660377	0.0594059	0.0594059	0.0095238	0.0381679	0.102439	0.0628272	0.0930233	0.0787879	0.1076233	0.0491803	0.039604	0.049505	0.0397727	0.0406977	0.0410959	0.0333333	0.0298507	0.0849057	0.0559441	0.0307692	0.0179641	0.032967	0.0	0.0163934	0.0015	0.017094	0.03125	0.0015	0.0072993	0.0136986	0.0441176	0.0428571	0.0288462	0.1125	0.1034483	0.0338983	0.06	0.1388889	0.0465116	0.0322581	0.1142857	
Bruant ortolan	0.0	0.0	0.0	0.0	0.0	0.0	0.0	0.0	0.0	0.0	0.0	0.0	0.0	0.0	0.0	0.0015	0.0	0.0	0.0	0.0	0.0	0.0	0.0015	0.0074627	0.009434	0.0015	0.0	0.0	0.0	0.0	0.0015	0.0015	0.0015	0.0015	0.0088496	0.0072993	0.0	0.0	0.0	0.0	0.0	0.0	0.0	0.0	0.0	0.0	0.0	0.0	
Bruant des roseaux	0.2567568	0.3406593	0.1641791	0.1702128	0.25	0.2307692	0.0943396	0.1386139	0.1485149	0.152381	0.1679389	0.1219512	0.0628272	0.0542636	0.030303	0.0627803	0.045082	0.029703	0.0346535	0.0113636	0.0290698	0.0273973	0.0555556	0.0074627	0.0471698	0.013986	0.0015	0.011976	0.021978	0.0140845	0.0163934	0.0629371	0.0683761	0.03125	0.0176991	0.0437956	0.0273973	0.1029412	0.2285714	0.4423077	0.3625	0.4022989	0.4745763	0.38	0.25	0.2790698	0.4516129	0.3571429	
passereau sp.	0.0135135	0.0	0.0	0.0	0.0178571	0.0	0.0	0.0	0.0	0.0	0.0	0.0	0.0	0.0	0.0	0.0	0.0040984	0.0049505	0.0	0.0	0.0015	0.0068493	0.0	0.0	0.0	0.0	0.0	0.0	0.0	0.0	0.0	0.0	0.008547	0.0104167	0.0	0.0	0.0	0.0	0.0	0.0	0.0	0.0	0.0	0.01	0.0	0.0	0.0	0.0	
oiseau sp.	0.0	0.0	0.0	0.0	0.0	0.0	0.0	0.0	0.0	0.0	0.0	0.0	0.0	0.0	0.0	0.0	0.0	0.0	0.0	0.0	0.0	0.0	0.0	0.0	0.0	0.0	0.0051282	0.0	0.0	0.0	0.0	0.0	0.0	0.0	0.0	0.0	0.0	0.0	0.0	0.0	0.0	0.0	0.0	0.0	0.0	0.0	0.0	0.0	

