









Frequency of observations in the selected location(s).:
Number of taxa: 	351

	Jan				Feb				Mar				Apr				May				Jun				Jul				Aug				Sep				Oct				Nov				Dec				
Sample Size:	218.0	273.0	274.0	406.0	306.0	337.0	425.0	429.0	376.0	433.0	487.0	698.0	462.0	463.0	497.0	707.0	486.0	526.0	371.0	596.0	405.0	386.0	329.0	371.0	340.0	382.0	331.0	318.0	163.0	251.0	290.0	346.0	200.0	210.0	272.0	342.0	295.0	298.0	323.0	395.0	183.0	161.0	260.0	381.0	183.0	209.0	255.0	211.0	

Oie à tête barrée	0.0183486	0.007326	0.0072993	0.0098522	0.0098039	0.0	0.0015	0.002331	0.0	0.0	0.0	0.0	0.0021645	0.0107991	0.0020121	0.0042433	0.0	0.0	0.0053908	0.0	0.0	0.0	0.0	0.0	0.0	0.0	0.0	0.0	0.006135	0.0	0.0	0.0	0.01	0.0047619	0.0	0.0	0.0033898	0.0	0.0	0.0	0.0	0.0124224	0.0	0.0	0.0	0.0047847	0.0039216	0.0	
Oie cendrée	0.1284404	0.0915751	0.0729927	0.0788177	0.1535948	0.0801187	0.0941176	0.1212121	0.125	0.0808314	0.0965092	0.1074499	0.0952381	0.0799136	0.1046278	0.0792079	0.0761317	0.0684411	0.0377358	0.0419463	0.054321	0.0336788	0.0668693	0.0296496	0.0470588	0.0287958	0.0181269	0.0377358	0.0981595	0.0916335	0.0827586	0.0895954	0.165	0.1428571	0.0551471	0.0672515	0.0915254	0.057047	0.0588235	0.0962025	0.147541	0.173913	0.0692308	0.0734908	0.0819672	0.0574163	0.0745098	0.1990521	
Oie cygnoïde	0.0	0.0	0.0	0.0	0.0	0.0	0.0	0.0	0.0	0.0	0.0	0.0	0.0	0.0	0.0	0.0	0.0	0.0	0.0	0.0	0.0	0.0	0.0	0.0	0.0015	0.0	0.0	0.0	0.0	0.0	0.0	0.0	0.0	0.0	0.0	0.0	0.0	0.0	0.0	0.0	0.0	0.0	0.0	0.0015	0.0	0.0	0.0	0.0	
Hybride Oie cendrée x O. cygnoïde	0.0	0.0	0.0	0.0	0.0	0.0	0.0	0.0	0.0	0.0	0.0	0.0	0.0	0.0	0.0	0.0	0.0	0.0	0.0	0.0	0.0	0.0	0.0	0.0	0.0	0.0	0.0	0.0	0.0	0.0	0.0	0.0	0.0	0.0	0.0	0.0	0.0	0.0	0.0	0.0	0.0	0.0	0.0038462	0.0	0.0	0.0047847	0.0	0.0	
Oie rieuse	0.0091743	0.0	0.0145985	0.0073892	0.0196078	0.0178042	0.0070588	0.009324	0.0	0.0	0.0	0.0	0.0	0.0	0.0040241	0.0	0.0	0.0	0.0	0.0	0.0	0.0	0.0	0.0	0.0	0.0	0.0	0.0	0.0	0.0	0.0	0.0	0.0	0.0	0.0	0.0	0.0	0.0	0.0	0.0075949	0.0054645	0.0	0.0	0.0	0.0054645	0.0095694	0.0078431	0.0331754	
Oie naine	0.0	0.0	0.0	0.0015	0.0	0.0	0.0	0.0	0.0	0.0	0.0	0.0	0.0	0.0	0.0	0.0	0.0	0.0	0.0	0.0	0.0	0.0	0.0	0.0	0.0	0.0	0.0	0.0	0.0	0.0	0.0	0.0	0.0	0.0	0.0	0.0	0.0033898	0.0033557	0.0	0.0	0.0	0.0	0.0	0.0	0.0	0.0	0.0	0.0	
Oie de toundra	0.0	0.0	0.0	0.0	0.0065359	0.0059347	0.0	0.0	0.0	0.0	0.0	0.0	0.0	0.0	0.0	0.0	0.0	0.0	0.0026954	0.0	0.0	0.0	0.0	0.0	0.0	0.0	0.0	0.0	0.0	0.0	0.0	0.0	0.0	0.0	0.0	0.0	0.0	0.0	0.0	0.0	0.0	0.0	0.0	0.0	0.0	0.0047847	0.0	0.0189573	
Anser sp.	0.0	0.0	0.0	0.0	0.0	0.0	0.0023529	0.0	0.0	0.0	0.0	0.0	0.0	0.0	0.0	0.0	0.0	0.0	0.0	0.0	0.0	0.0	0.0	0.0	0.0	0.0	0.0	0.0	0.0	0.0	0.0	0.0	0.0	0.0	0.0	0.0	0.0	0.0	0.0	0.0	0.0	0.0	0.0	0.0	0.0	0.0	0.0	0.0	
Bernache nonnette	0.0091743	0.0	0.0036496	0.0049261	0.003268	0.0	0.0	0.002331	0.0	0.0369515	0.0082136	0.0028653	0.004329	0.0064795	0.0160966	0.009901	0.0061728	0.0019011	0.0015	0.0	0.0	0.0	0.0030395	0.0	0.0	0.0	0.0	0.0031447	0.006135	0.0	0.0034483	0.0057803	0.02	0.0095238	0.0073529	0.005848	0.0101695	0.0100671	0.006192	0.0050633	0.0163934	0.0248447	0.0153846	0.0026247	0.0015	0.0047847	0.0	0.0094787	
Hybride Oie cendrée x Bernache nonnette	0.0	0.003663	0.0	0.0	0.0	0.0	0.0	0.0	0.0	0.0	0.0	0.0	0.0	0.0	0.0	0.0	0.0	0.0	0.0	0.0	0.0	0.0	0.0	0.0	0.0	0.0	0.0	0.0	0.0	0.0	0.0	0.0	0.0	0.0	0.0	0.0	0.0	0.0	0.0	0.0	0.0	0.0	0.0	0.0	0.0	0.0	0.0	0.0	
Bernache du Canada	0.0091743	0.0	0.0145985	0.0049261	0.0098039	0.0207715	0.0047059	0.020979	0.0265957	0.0069284	0.0143737	0.030086	0.0324675	0.0259179	0.0362173	0.0268741	0.0452675	0.0152091	0.0053908	0.0067114	0.0074074	0.0	0.0030395	0.0015	0.0	0.0078534	0.0090634	0.0062893	0.006135	0.0119522	0.0103448	0.0144509	0.01	0.0190476	0.0036765	0.005848	0.0015	0.0	0.003096	0.0025316	0.0054645	0.0	0.0015	0.0	0.0015	0.0047847	0.0	0.0047393	
Hybride Oie cendrée x Bernache du Canada	0.0	0.0	0.0	0.0	0.0	0.0029674	0.0023529	0.004662	0.0026596	0.0	0.0	0.0	0.0	0.0	0.0	0.0	0.0	0.0019011	0.0	0.0	0.0	0.0025907	0.0030395	0.0026954	0.0	0.0	0.0	0.0	0.0	0.0	0.0034483	0.0	0.0	0.0	0.0	0.0	0.0	0.0	0.0	0.0	0.0	0.0	0.0	0.0	0.0	0.0	0.0039216	0.0047393	
Cygne tuberculé	0.2522936	0.2637363	0.189781	0.1896552	0.2254902	0.1454006	0.1905882	0.1748252	0.2473404	0.1616628	0.1560575	0.1590258	0.1818182	0.1187905	0.138833	0.1287129	0.1502058	0.1254753	0.097035	0.1291946	0.1308642	0.0932642	0.1428571	0.06469	0.0911765	0.0942408	0.0694864	0.1194969	0.1717791	0.1752988	0.1413793	0.1791908	0.215	0.252381	0.0882353	0.1374269	0.1864407	0.1275168	0.1114551	0.1772152	0.1256831	0.3540373	0.1346154	0.1863517	0.1803279	0.1291866	0.1490196	0.2938389	
Cygne noir	0.0	0.0	0.0	0.0	0.0	0.0	0.0	0.0	0.0	0.0023095	0.0	0.0	0.0	0.0	0.0	0.0	0.0	0.0	0.0	0.0	0.0	0.0	0.0	0.0	0.0	0.0	0.0	0.0	0.0	0.0	0.0	0.0	0.0	0.0	0.0	0.002924	0.0	0.0	0.0	0.0	0.0	0.0	0.0	0.0	0.0	0.0	0.0	0.0	
Cygne chanteur	0.0045872	0.0015	0.0072993	0.0147783	0.0065359	0.0118694	0.0023529	0.0	0.0	0.0	0.0	0.0	0.0	0.0	0.0	0.0	0.0	0.0	0.0	0.0	0.0	0.0	0.0	0.0	0.0	0.0	0.0	0.0	0.0	0.0	0.0	0.0	0.0	0.0	0.0	0.0	0.0	0.0	0.0	0.0	0.0	0.0	0.0	0.0	0.0	0.0	0.0	0.0047393	
cygne sp.	0.0	0.0	0.0	0.0	0.0	0.0	0.0	0.0	0.0	0.0	0.0	0.0	0.0021645	0.0	0.0	0.0	0.0	0.0	0.0	0.0	0.0	0.0	0.0	0.0	0.0	0.0	0.0	0.0	0.0	0.0	0.0	0.0	0.0	0.0	0.0	0.0	0.0	0.0	0.0	0.0	0.0	0.0	0.0	0.0	0.0	0.0	0.0	0.0	
anatidé sp. (oie sp.)	0.0	0.0	0.0	0.0024631	0.0	0.0	0.0	0.0	0.0026596	0.0	0.0020534	0.0	0.0	0.0	0.0	0.0	0.0	0.0	0.0	0.0	0.0	0.0	0.0	0.0	0.0	0.0	0.0	0.0	0.0	0.0	0.0	0.0	0.005	0.0047619	0.0	0.002924	0.0	0.0	0.0	0.0050633	0.0	0.0	0.0	0.0	0.0	0.0015	0.0	0.0	
Ouette d'Égypte	0.2981651	0.2490842	0.1715328	0.1748768	0.2320261	0.1424332	0.1317647	0.1958042	0.1648936	0.1685912	0.1355236	0.1633238	0.1450216	0.1425486	0.1348089	0.1329562	0.1481481	0.1254753	0.0943396	0.0822148	0.0814815	0.0518135	0.0911854	0.0431267	0.0647059	0.0732984	0.0543807	0.0880503	0.1349693	0.0876494	0.1034483	0.1127168	0.225	0.1904762	0.0882353	0.0994152	0.1627119	0.1308725	0.0990712	0.1797468	0.1584699	0.310559	0.1692308	0.1706037	0.1912568	0.1770335	0.1843137	0.3127962	
Tadorne casarca	0.146789	0.0622711	0.0766423	0.0837438	0.0653595	0.0385757	0.0305882	0.0559441	0.0398936	0.0692841	0.0410678	0.0358166	0.0411255	0.0280778	0.028169	0.0240453	0.0308642	0.0209125	0.032345	0.0234899	0.037037	0.0284974	0.0364742	0.0134771	0.0264706	0.0078534	0.0030211	0.0062893	0.0245399	0.0079681	0.0413793	0.0144509	0.095	0.0809524	0.0477941	0.0409357	0.0779661	0.0503356	0.0247678	0.0506329	0.0710383	0.1055901	0.0346154	0.0551181	0.0437158	0.0669856	0.0588235	0.1137441	
Hybride Ouette d'Égypte x Tadorne casarca	0.0	0.0	0.0	0.0	0.0	0.0	0.0	0.0	0.0	0.0	0.0	0.0	0.0	0.0	0.0020121	0.0	0.0	0.0	0.0	0.0	0.0	0.0	0.0	0.0	0.0	0.0	0.0	0.0	0.0	0.0	0.0	0.0	0.0	0.0	0.0	0.0	0.0	0.0	0.0	0.0	0.0	0.0	0.0	0.0	0.0	0.0	0.0	0.0	
Tadorne à tête grise	0.0045872	0.003663	0.0	0.0	0.0	0.0	0.0	0.0	0.0	0.0	0.0020534	0.0	0.0	0.0	0.0	0.0	0.0	0.0	0.0	0.0	0.0	0.0	0.0	0.0	0.0	0.0	0.0	0.0	0.0	0.0	0.0	0.0	0.0	0.0	0.0	0.0	0.0033898	0.0	0.0	0.0	0.0	0.0062112	0.0	0.0	0.0	0.0	0.0	0.0015	
Tadorne de Belon	0.0412844	0.007326	0.0072993	0.0098522	0.0130719	0.0	0.0117647	0.013986	0.0026596	0.0069284	0.0061602	0.0057307	0.0021645	0.0021598	0.0060362	0.0042433	0.0061728	0.0015	0.0015	0.0	0.0	0.0	0.0030395	0.0	0.0	0.0	0.0	0.0	0.0	0.0	0.0034483	0.0	0.0	0.0047619	0.0	0.002924	0.0101695	0.0067114	0.0	0.0075949	0.0	0.0186335	0.0076923	0.0104987	0.0054645	0.0	0.0039216	0.0473934	
Canard musqué	0.0091743	0.0	0.0	0.0	0.0	0.0	0.0	0.0	0.0	0.0	0.0	0.0	0.0	0.0	0.0	0.0014144	0.0020576	0.0	0.0015	0.0	0.0	0.0	0.0030395	0.0	0.0	0.0	0.0	0.0015	0.0	0.0	0.0	0.0028902	0.0	0.0	0.0	0.0	0.0	0.0	0.0	0.0	0.010929	0.0062112	0.0015	0.0026247	0.0	0.0047847	0.0039216	0.0	
Canard à collier noir	0.0	0.0	0.0036496	0.0	0.0	0.0	0.0	0.0	0.0	0.0	0.0	0.0	0.0	0.0	0.0	0.0	0.0	0.0	0.0	0.0	0.0	0.0	0.0	0.0	0.0	0.0	0.0	0.0	0.0	0.0	0.0	0.0	0.0	0.0	0.0	0.0	0.0	0.0	0.0	0.0	0.0	0.0	0.0	0.0	0.0	0.0	0.0	0.0	
Canard carolin	0.0	0.0	0.0	0.0	0.0	0.0	0.0023529	0.0	0.0	0.0	0.0	0.0014327	0.0	0.0	0.0	0.0	0.0	0.0	0.0	0.0016779	0.0	0.0025907	0.0	0.0026954	0.0	0.0	0.0	0.0	0.0	0.0	0.0	0.0	0.0	0.0	0.0	0.005848	0.0	0.0	0.0	0.0	0.0	0.0	0.0	0.0	0.0	0.0	0.0039216	0.0	
Canard mandarin	0.0	0.003663	0.0	0.0049261	0.0	0.0029674	0.0023529	0.002331	0.0	0.0	0.0041068	0.0014327	0.0	0.0	0.0	0.0	0.0	0.0019011	0.0	0.0016779	0.0	0.0	0.0	0.0	0.0	0.0	0.0	0.0	0.0	0.0	0.0	0.0	0.0	0.0	0.0	0.0	0.0015	0.0	0.0	0.0025316	0.0	0.0124224	0.0015	0.0	0.0	0.0	0.0	0.014218	
Sarcelle d'été	0.0	0.0	0.0	0.0	0.0	0.0	0.0	0.0	0.0	0.0	0.026694	0.0386819	0.0454545	0.0323974	0.0362173	0.0113154	0.0164609	0.0038023	0.0	0.0	0.0049383	0.0	0.0030395	0.0	0.0	0.0026178	0.0030211	0.009434	0.0368098	0.0119522	0.0206897	0.0375723	0.04	0.0285714	0.0036765	0.002924	0.0	0.0033557	0.003096	0.0	0.0	0.0	0.0	0.0	0.0	0.0	0.0	0.0	
Sarcelle à bec bleu	0.0	0.0	0.0	0.0	0.0	0.0	0.0	0.0	0.0	0.0	0.0	0.0	0.0	0.0	0.0	0.0	0.0	0.0	0.0	0.0	0.0	0.0	0.0	0.0	0.0088235	0.0	0.0	0.0	0.0	0.0	0.0	0.0	0.0	0.0	0.0	0.0	0.0	0.0	0.0	0.0	0.0	0.0	0.0	0.0	0.0	0.0	0.0	0.0	
Sarcelle cannelle	0.0	0.0	0.0	0.0	0.0	0.0	0.0	0.0	0.0	0.0	0.0	0.0	0.0	0.0	0.0	0.0	0.0	0.0	0.0	0.0	0.0	0.0	0.0	0.0	0.0	0.0	0.0	0.0	0.0	0.0	0.0	0.0	0.0	0.0	0.0	0.0	0.0	0.0	0.0	0.0	0.0	0.0062112	0.0	0.0	0.0	0.0	0.0	0.0	
Canard souchet	0.0321101	0.029304	0.0218978	0.0098522	0.0392157	0.0207715	0.0352941	0.030303	0.018617	0.0230947	0.026694	0.0587393	0.04329	0.0388769	0.0382294	0.0155587	0.0123457	0.0019011	0.0053908	0.0033557	0.0	0.0	0.0	0.0	0.0	0.0	0.0	0.0031447	0.0	0.0159363	0.0172414	0.0404624	0.07	0.0380952	0.0183824	0.0321637	0.0372881	0.0167785	0.0247678	0.0506329	0.0655738	0.068323	0.0346154	0.0262467	0.0054645	0.0239234	0.0235294	0.0663507	
Canard chipeau	0.1422018	0.1868132	0.1021898	0.1256158	0.1176471	0.0623145	0.1082353	0.1095571	0.1170213	0.0877598	0.0718686	0.0659026	0.0649351	0.0539957	0.0422535	0.019802	0.0246914	0.0342205	0.0134771	0.0234899	0.0345679	0.015544	0.0212766	0.0053908	0.0147059	0.0052356	0.0271903	0.0251572	0.0552147	0.0756972	0.0482759	0.0578035	0.095	0.0952381	0.0441176	0.0672515	0.0847458	0.0805369	0.0650155	0.0835443	0.1147541	0.1925466	0.0884615	0.1076115	0.0874317	0.0861244	0.1098039	0.1990521	
Canard siffleur	0.1009174	0.0915751	0.0620438	0.0689655	0.0555556	0.0237389	0.0211765	0.048951	0.0425532	0.0161663	0.0143737	0.0100287	0.0151515	0.0043197	0.0020121	0.0	0.0020576	0.0	0.0026954	0.0015	0.0	0.0025907	0.0030395	0.0	0.0	0.0	0.0	0.0	0.0	0.0039841	0.0	0.0	0.025	0.0190476	0.0110294	0.0204678	0.0372881	0.0503356	0.0247678	0.0556962	0.0546448	0.0869565	0.0384615	0.0577428	0.0437158	0.0478469	0.0352941	0.1279621	
Canard colvert	0.2889908	0.2673993	0.2116788	0.2216749	0.254902	0.189911	0.2188235	0.2261072	0.2712766	0.256351	0.2731006	0.282235	0.2835498	0.1987041	0.2474849	0.2319661	0.2674897	0.2110266	0.1563342	0.1644295	0.1580247	0.134715	0.1762918	0.0889488	0.1323529	0.1570681	0.1299094	0.2075472	0.2699387	0.247012	0.1793103	0.2080925	0.25	0.3047619	0.1397059	0.2017544	0.2542373	0.1812081	0.2074303	0.243038	0.2185792	0.4223602	0.2	0.2230971	0.2185792	0.1818182	0.2	0.3364929	
Hybride Canard chipeau x C. colvert	0.0	0.003663	0.0	0.0	0.0	0.0	0.0	0.0	0.0	0.0023095	0.0	0.0	0.0	0.0	0.0	0.0	0.0	0.0	0.0	0.0	0.0	0.0	0.0	0.0	0.0	0.0	0.0	0.0	0.0	0.0	0.0	0.0	0.0	0.0047619	0.0	0.0	0.0	0.0	0.0	0.0	0.0	0.0	0.0	0.0	0.0	0.0	0.0	0.0	
Canard pilet	0.0550459	0.014652	0.0291971	0.0246305	0.0392157	0.0118694	0.0282353	0.027972	0.0159574	0.0254042	0.0164271	0.0100287	0.004329	0.0086393	0.0120724	0.0070721	0.0020576	0.0	0.0	0.0016779	0.0	0.0	0.0030395	0.0	0.0	0.0	0.0	0.0	0.0	0.0	0.0	0.0028902	0.025	0.0238095	0.0036765	0.0146199	0.0135593	0.0100671	0.0154799	0.0303797	0.0491803	0.0745342	0.0307692	0.0314961	0.0327869	0.0191388	0.0313725	0.0758294	
Sarcelle d'hiver	0.1972477	0.1575092	0.1131387	0.1108374	0.1437908	0.0830861	0.1129412	0.1118881	0.106383	0.1362587	0.1047228	0.1060172	0.0909091	0.075594	0.0764588	0.0282885	0.0144033	0.0	0.0	0.0	0.0024691	0.0051813	0.0030395	0.0026954	0.0147059	0.0026178	0.0090634	0.0251572	0.0490798	0.0398406	0.0448276	0.0780347	0.16	0.1190476	0.0294118	0.0906433	0.0949153	0.0771812	0.0650155	0.1139241	0.1256831	0.1614907	0.0923077	0.0971129	0.0765027	0.076555	0.0901961	0.2180095	
Sarcelle d'été ou S. d'hiver	0.0	0.0	0.0	0.0	0.0	0.0	0.0	0.0	0.0	0.0	0.0	0.0	0.0	0.0	0.0	0.0	0.0	0.0	0.0	0.0	0.0	0.0	0.0	0.0	0.0	0.0	0.0	0.0	0.0	0.0	0.0	0.0028902	0.0	0.0	0.0	0.0	0.0	0.0	0.0	0.0	0.0	0.0	0.0	0.0	0.0	0.0	0.0	0.0	
anatidé sp. (canard barboteur sp.)	0.0045872	0.0	0.0	0.0	0.0	0.0	0.0	0.0	0.0	0.0	0.0020534	0.0	0.0	0.0	0.0	0.0	0.0	0.0	0.0	0.0	0.0024691	0.0	0.0	0.0	0.0	0.0	0.0	0.0	0.0	0.0039841	0.0	0.0	0.0	0.0	0.0	0.0	0.0	0.0	0.0	0.0	0.0054645	0.0	0.0	0.0026247	0.0	0.0	0.0	0.0	
Nette rousse	0.0183486	0.018315	0.0	0.0073892	0.0065359	0.0089021	0.0117647	0.002331	0.0159574	0.0092379	0.0123203	0.0315186	0.017316	0.0302376	0.0362173	0.0367751	0.0349794	0.0323194	0.0296496	0.0385906	0.0419753	0.0259067	0.0364742	0.0269542	0.0235294	0.0183246	0.021148	0.0251572	0.0613497	0.0677291	0.0344828	0.0404624	0.055	0.0571429	0.0036765	0.005848	0.0169492	0.0067114	0.006192	0.0202532	0.010929	0.0248447	0.0115385	0.007874	0.010929	0.0047847	0.0156863	0.014218	
Nette demi-deuil	0.0	0.0	0.0	0.0	0.0	0.0	0.0	0.0	0.0	0.0	0.0	0.0	0.0	0.0	0.0	0.0	0.0	0.0	0.0	0.0	0.0	0.0	0.0	0.0	0.0	0.0	0.0	0.0	0.0	0.0	0.0	0.0	0.0	0.0	0.0	0.0	0.0	0.0	0.0	0.0	0.0	0.0	0.0	0.0	0.0	0.0	0.0039216	0.0	
Fuligule milouin	0.1559633	0.1428571	0.120438	0.1157635	0.0947712	0.0623145	0.0847059	0.1025641	0.0718085	0.0254042	0.0184805	0.025788	0.0108225	0.0107991	0.0100604	0.0056577	0.0041152	0.0019011	0.0053908	0.0067114	0.0049383	0.0	0.006079	0.0026954	0.0029412	0.0026178	0.0151057	0.009434	0.0245399	0.0398406	0.062069	0.0549133	0.125	0.1047619	0.0147059	0.0555556	0.0644068	0.0503356	0.0402477	0.0632911	0.0382514	0.1242236	0.0538462	0.0708661	0.0655738	0.0526316	0.0862745	0.1421801	
Fuligule nyroca	0.0	0.0	0.0036496	0.0024631	0.0	0.0059347	0.0023529	0.0	0.0	0.0	0.0	0.0028653	0.0	0.0043197	0.0060362	0.0	0.0020576	0.0	0.0	0.0016779	0.0	0.0	0.0030395	0.0	0.0	0.0052356	0.0030211	0.0	0.006135	0.0199203	0.0137931	0.0015	0.015	0.0047619	0.0073529	0.0087719	0.0101695	0.0	0.0	0.0025316	0.0054645	0.0	0.0	0.0026247	0.0	0.0	0.0	0.0047393	
Fuligule morillon	0.1743119	0.1904762	0.1313869	0.137931	0.1405229	0.1186944	0.1788235	0.1631702	0.1808511	0.1016166	0.1129363	0.1146132	0.1082251	0.0928726	0.1086519	0.0919378	0.1111111	0.0760456	0.0943396	0.0838926	0.0987654	0.0777202	0.1033435	0.0431267	0.0617647	0.0628272	0.0543807	0.0691824	0.1042945	0.1314741	0.0965517	0.1011561	0.095	0.1380952	0.0441176	0.0497076	0.0847458	0.0369128	0.0526316	0.0607595	0.0819672	0.1304348	0.0730769	0.0866142	0.0546448	0.0813397	0.0862745	0.1469194	
Hybride Fuligule milouin x F. morillon	0.0	0.0	0.0	0.0	0.0	0.0	0.0	0.0	0.0	0.0	0.0	0.0	0.0	0.0	0.0	0.0	0.0	0.0	0.0	0.0	0.0	0.0	0.0	0.0	0.0	0.0	0.0	0.0	0.0	0.0	0.0	0.0	0.0	0.0	0.0	0.0	0.0	0.0	0.0	0.0	0.0	0.0	0.0	0.0026247	0.0	0.0	0.0	0.0	
Fuligule milouinan	0.0045872	0.018315	0.0036496	0.0098522	0.0065359	0.0178042	0.0141176	0.013986	0.0079787	0.0092379	0.0	0.0	0.0	0.0	0.0	0.0015	0.0	0.0	0.0	0.0	0.0	0.0	0.0	0.0	0.0	0.0	0.0	0.0	0.0	0.0	0.0	0.0	0.0	0.0	0.0	0.0	0.0	0.0	0.0	0.0	0.0	0.0	0.0038462	0.0	0.0	0.0	0.0	0.0047393	
Fuligule à tête noire	0.0	0.0	0.0	0.0049261	0.003268	0.0	0.0	0.002331	0.0	0.0	0.0	0.0	0.0	0.0	0.0	0.0	0.0	0.0	0.0	0.0	0.0	0.0	0.0	0.0	0.0	0.0	0.0	0.0	0.0	0.0	0.0	0.0	0.0	0.0	0.0	0.0	0.0	0.0	0.0	0.0	0.0	0.0	0.0	0.0	0.0	0.0	0.0	0.0	
Macreuse brune	0.0045872	0.0	0.0036496	0.0	0.003268	0.0059347	0.0	0.009324	0.0132979	0.0069284	0.0061602	0.0100287	0.004329	0.0086393	0.0040241	0.009901	0.0061728	0.0	0.0	0.0	0.0	0.0	0.0	0.0	0.0	0.0	0.0	0.0	0.0	0.0	0.0	0.0	0.0	0.0	0.0	0.0	0.0	0.0	0.0	0.0050633	0.0327869	0.0186335	0.0076923	0.0	0.0	0.0	0.0039216	0.0	
Macreuse noire	0.0	0.0	0.0	0.0	0.0	0.0	0.0	0.0	0.0	0.0	0.0	0.0	0.0	0.0	0.0	0.0	0.0	0.0	0.0	0.0	0.0	0.0	0.0	0.0	0.0	0.0	0.0	0.0	0.0	0.0	0.0	0.0	0.0	0.0	0.0	0.0015	0.0	0.0	0.0	0.0	0.0	0.0	0.0	0.0	0.0	0.0	0.0	0.0	
Harelde boréale	0.0	0.0	0.0	0.0015	0.0	0.0	0.0	0.0	0.0	0.0	0.0	0.0	0.0	0.0	0.0	0.0	0.0	0.0	0.0	0.0	0.0	0.0	0.0	0.0	0.0	0.0	0.0	0.0	0.0	0.0	0.0	0.0	0.0	0.0	0.0	0.0	0.0	0.0	0.0	0.0	0.0	0.0	0.0	0.0	0.0	0.0	0.0	0.0	
Garrot à oeil d'or	0.0091743	0.007326	0.0109489	0.0123153	0.0065359	0.0029674	0.0117647	0.011655	0.0079787	0.0046189	0.0020534	0.0057307	0.0	0.0	0.0	0.0	0.0	0.0	0.0	0.0	0.0	0.0	0.0	0.0	0.0	0.0	0.0	0.0	0.0	0.0	0.0	0.0	0.0	0.0	0.0	0.0	0.0	0.0	0.0	0.0	0.0054645	0.0	0.0	0.0104987	0.0054645	0.0047847	0.0078431	0.0189573	
Harle piette	0.0091743	0.010989	0.0109489	0.0147783	0.0163399	0.0089021	0.0	0.002331	0.0053191	0.0	0.0	0.0014327	0.0	0.0	0.0	0.0	0.0	0.0	0.0	0.0	0.0	0.0	0.0	0.0	0.0	0.0	0.0	0.0	0.0	0.0	0.0	0.0	0.0	0.0	0.0	0.0	0.0	0.0	0.0	0.0	0.0	0.0	0.0	0.0	0.0	0.0	0.0039216	0.0094787	
Harle bièvre	0.233945	0.2857143	0.1313869	0.1921182	0.1470588	0.1008902	0.1317647	0.1282051	0.1303191	0.0715935	0.0698152	0.0587393	0.0562771	0.0475162	0.0583501	0.0254597	0.0493827	0.013308	0.0107817	0.0167785	0.0197531	0.0129534	0.0151976	0.0107817	0.0117647	0.0104712	0.0030211	0.0125786	0.0429448	0.0119522	0.0206897	0.0231214	0.04	0.0428571	0.0330882	0.0321637	0.0813559	0.0637584	0.0712074	0.0962025	0.1256831	0.2546584	0.1730769	0.167979	0.1967213	0.1435407	0.1294118	0.2748815	
Harle huppé	0.0045872	0.007326	0.0072993	0.0073892	0.0065359	0.0059347	0.0047059	0.002331	0.0079787	0.0046189	0.0	0.0	0.0	0.0	0.0	0.0014144	0.0	0.0	0.0	0.0	0.0	0.0	0.0	0.0	0.0	0.0	0.0	0.0	0.0	0.0	0.0	0.0	0.0	0.0	0.0	0.0	0.0	0.0	0.003096	0.0050633	0.010929	0.0062112	0.0076923	0.0131234	0.0	0.0	0.0015	0.0236967	
anatidé sp. (canard sp.)	0.0	0.003663	0.0	0.0	0.003268	0.0	0.0023529	0.002331	0.0	0.0023095	0.0	0.0	0.0015	0.0021598	0.0	0.0014144	0.0	0.0019011	0.0026954	0.0	0.0	0.0	0.0	0.0	0.0029412	0.0	0.0030211	0.0031447	0.0	0.0079681	0.0	0.0057803	0.0	0.0095238	0.0036765	0.005848	0.0	0.0033557	0.003096	0.0126582	0.010929	0.0062112	0.0038462	0.0026247	0.0163934	0.0	0.0078431	0.0094787	
Gélinotte des bois	0.0	0.0	0.0	0.0	0.0	0.0	0.0	0.0	0.0	0.0	0.0	0.0	0.0	0.0	0.0	0.0	0.0	0.0	0.0	0.0	0.0	0.0	0.0	0.0015	0.0	0.0	0.0060423	0.0	0.0	0.0	0.0	0.0	0.0	0.0	0.0	0.0	0.0	0.0	0.0	0.0	0.0	0.0	0.0	0.0	0.0	0.0	0.0	0.0	
Grand Tétras	0.0	0.0	0.0	0.0	0.0	0.0	0.0	0.0	0.0	0.0	0.0	0.0	0.0	0.0	0.0020121	0.0	0.0	0.0	0.0	0.0	0.0	0.0	0.0	0.0	0.0	0.0	0.0	0.0	0.0	0.0	0.0	0.0	0.0	0.0	0.0	0.0	0.0	0.0	0.0	0.0	0.0	0.0	0.0	0.0	0.0	0.0	0.0	0.0	
Perdrix grise	0.0	0.0	0.0	0.0	0.0	0.0	0.0	0.002331	0.0	0.0	0.0020534	0.0	0.0	0.0	0.0020121	0.0	0.0020576	0.0019011	0.0	0.0	0.0	0.0025907	0.0030395	0.0	0.0029412	0.0052356	0.0	0.0	0.0	0.0	0.0	0.0	0.0	0.0	0.0	0.0	0.0	0.0	0.003096	0.0015	0.0	0.0	0.0	0.0	0.0	0.0	0.0	0.0	
Faisan vénéré	0.0	0.0	0.0	0.0	0.0	0.0029674	0.0	0.0	0.0	0.0	0.0020534	0.0	0.0	0.0	0.0	0.0	0.0	0.0	0.0	0.0	0.0024691	0.0	0.0	0.0	0.0	0.0	0.0	0.0	0.0	0.0	0.0	0.0	0.0	0.0	0.0	0.0	0.0	0.0	0.0	0.0	0.0	0.0	0.0	0.0015	0.0	0.0	0.0	0.0	
Faisan de Colchide	0.0183486	0.003663	0.0109489	0.0024631	0.003268	0.0118694	0.0047059	0.009324	0.0159574	0.0277136	0.026694	0.0315186	0.0649351	0.0842333	0.0724346	0.0608204	0.0658436	0.0589354	0.0458221	0.0285235	0.0518519	0.0310881	0.0212766	0.0053908	0.0235294	0.0026178	0.0	0.009434	0.006135	0.0119522	0.0015	0.0057803	0.0	0.0095238	0.0036765	0.002924	0.0033898	0.0015	0.0216718	0.0202532	0.0327869	0.0248447	0.0038462	0.0209974	0.0054645	0.0047847	0.0039216	0.028436	
Paon bleu	0.0	0.0	0.0	0.0	0.0	0.0	0.0	0.0	0.0	0.0	0.0	0.0014327	0.0	0.0	0.0	0.0	0.0	0.0	0.0	0.0	0.0	0.0	0.0	0.0	0.0	0.0	0.0	0.0	0.0	0.0	0.0	0.0	0.0	0.0	0.0	0.0	0.0	0.0	0.0	0.0	0.0	0.0	0.0	0.0	0.0	0.0	0.0	0.0	
Caille des blés	0.0	0.0	0.0	0.0	0.0	0.0	0.0	0.0	0.0	0.0	0.0	0.0	0.0	0.0	0.0	0.0028289	0.0020576	0.0076046	0.0015	0.0100671	0.0074074	0.0025907	0.0151976	0.0026954	0.0117647	0.0104712	0.0	0.0031447	0.0	0.0	0.0034483	0.0	0.0	0.0	0.0	0.0	0.0	0.0	0.0	0.0	0.0	0.0	0.0	0.0	0.0	0.0	0.0	0.0	
Perdrix rouge	0.0045872	0.0	0.0	0.0	0.0	0.0	0.0	0.0	0.0026596	0.0023095	0.0	0.0	0.0	0.0	0.0	0.0	0.0020576	0.0019011	0.0	0.0	0.0	0.0	0.0	0.0026954	0.0	0.0	0.0	0.0015	0.0	0.0	0.0	0.0	0.0	0.0	0.0	0.0	0.0	0.0	0.0	0.0	0.0015	0.0	0.0	0.0	0.0	0.0015	0.0	0.0047393	
Pigeon biset	0.1376147	0.1501832	0.149635	0.1502463	0.1633987	0.0919881	0.1035294	0.1118881	0.1090426	0.0946882	0.1314168	0.2034384	0.1969697	0.1965443	0.2052314	0.1867044	0.2283951	0.1977186	0.1455526	0.1057047	0.1308642	0.0906736	0.1215805	0.1536388	0.1	0.117801	0.1057402	0.1446541	0.1717791	0.1035857	0.0793103	0.1213873	0.13	0.0952381	0.0772059	0.0877193	0.1288136	0.090604	0.1083591	0.164557	0.1857923	0.2608696	0.1730769	0.1207349	0.1584699	0.1961722	0.1176471	0.1421801	
Pigeon colombin	0.0091743	0.003663	0.0	0.0024631	0.0098039	0.0118694	0.0188235	0.02331	0.0345745	0.0577367	0.0431211	0.0458453	0.0670996	0.0539957	0.0422535	0.0608204	0.0534979	0.0494297	0.0377358	0.0369128	0.0246914	0.0181347	0.0303951	0.0377358	0.0411765	0.0340314	0.0453172	0.0503145	0.0245399	0.0438247	0.0172414	0.0433526	0.025	0.0428571	0.0220588	0.0233918	0.0169492	0.0469799	0.0495356	0.0278481	0.0163934	0.0062112	0.0038462	0.0015	0.0	0.0047847	0.0	0.0094787	
Pigeon ramier	0.2889908	0.2161172	0.2372263	0.2487685	0.3398693	0.3412463	0.3482353	0.4405594	0.4946809	0.4757506	0.5400411	0.6117479	0.6017316	0.537797	0.5171026	0.5162659	0.4917695	0.5247148	0.5256065	0.4563758	0.4666667	0.4896373	0.4528875	0.5040431	0.5176471	0.539267	0.5649547	0.4811321	0.5214724	0.5697211	0.4793103	0.4508671	0.425	0.4095238	0.2941176	0.2690058	0.3016949	0.3120805	0.3034056	0.3088608	0.2349727	0.1925466	0.1807692	0.1889764	0.1748634	0.1339713	0.1529412	0.3696682	
Columba sp.	0.0	0.0	0.0	0.0	0.0	0.0	0.0	0.0	0.0	0.0	0.0	0.0	0.0	0.0021598	0.0	0.0	0.0	0.0	0.0	0.0016779	0.0	0.0015	0.0	0.0	0.0	0.0	0.0	0.0	0.0	0.0	0.0	0.0	0.0	0.0047619	0.0	0.0	0.0	0.0	0.0	0.0	0.0	0.0	0.0	0.0	0.0	0.0	0.0	0.0	
Tourterelle des bois	0.0	0.0	0.0	0.0	0.0	0.0	0.0	0.0	0.0	0.0	0.0	0.0	0.0	0.0064795	0.0040241	0.0282885	0.0493827	0.0665399	0.083558	0.0889262	0.1209877	0.0725389	0.0851064	0.0350404	0.0470588	0.052356	0.0634441	0.0440252	0.0306748	0.0358566	0.0	0.0086705	0.005	0.0047619	0.0	0.0	0.0	0.0	0.0	0.0	0.0	0.0	0.0	0.0	0.0	0.0	0.0	0.0	
Tourterelle turque	0.0825688	0.014652	0.0255474	0.0369458	0.0359477	0.0563798	0.0329412	0.0559441	0.0505319	0.0577367	0.0677618	0.0716332	0.0714286	0.0863931	0.1167002	0.0636492	0.0884774	0.0798479	0.06469	0.0671141	0.0790123	0.0466321	0.0790274	0.0592992	0.05	0.0471204	0.0392749	0.0566038	0.0920245	0.063745	0.0586207	0.0549133	0.04	0.0428571	0.0183824	0.0292398	0.0305085	0.0134228	0.0216718	0.0531646	0.0601093	0.0621118	0.0384615	0.0367454	0.0437158	0.0239234	0.0156863	0.0853081	
Streptopelia sp.	0.0	0.0	0.0	0.0	0.0	0.0	0.0	0.0	0.0	0.0	0.0	0.0	0.0	0.0	0.0	0.0	0.0	0.0	0.0	0.0	0.0	0.0	0.0	0.0	0.0	0.0	0.0	0.0	0.0	0.0039841	0.0	0.0	0.0	0.0	0.0	0.0	0.0	0.0	0.0	0.0	0.0	0.0	0.0	0.0	0.0	0.0	0.0	0.0	
columbidé sp.	0.0	0.0	0.0	0.0	0.0	0.0	0.0023529	0.002331	0.0	0.0	0.0	0.0	0.0	0.0	0.0	0.0	0.0	0.0019011	0.0	0.0	0.0	0.0	0.0	0.0	0.0	0.0	0.0	0.0	0.0	0.0	0.0	0.0	0.0	0.0	0.0	0.0	0.0	0.0033557	0.0	0.0	0.0	0.0	0.0	0.0	0.0	0.0	0.0	0.0	
Coucou gris	0.0	0.0	0.0	0.0	0.0	0.0	0.0	0.0	0.0	0.0	0.0	0.0057307	0.0584416	0.0863931	0.1408451	0.1782178	0.2037037	0.2148289	0.2156334	0.1778523	0.1777778	0.0958549	0.0942249	0.0107817	0.0117647	0.0026178	0.0	0.0031447	0.0	0.0079681	0.0034483	0.0028902	0.0015	0.0	0.0036765	0.002924	0.0	0.0	0.0	0.0	0.0	0.0	0.0	0.0	0.0	0.0	0.0	0.0	
Martinet à ventre blanc	0.0	0.0	0.0	0.0	0.0	0.0	0.0	0.0	0.0	0.0	0.0020534	0.0114613	0.0151515	0.0172786	0.0160966	0.0226308	0.0102881	0.0095057	0.0107817	0.0134228	0.0024691	0.0	0.0121581	0.0026954	0.0088235	0.0026178	0.0030211	0.0031447	0.0184049	0.0039841	0.0068966	0.0144509	0.015	0.0142857	0.0073529	0.002924	0.0033898	0.0033557	0.0	0.0	0.0	0.0	0.0	0.0	0.0	0.0	0.0	0.0	
Martinet noir	0.0	0.0	0.0	0.0	0.0	0.0	0.0	0.0	0.0	0.0	0.0	0.0	0.0	0.0043197	0.0583501	0.1711457	0.3230453	0.3098859	0.2857143	0.2332215	0.2419753	0.1813472	0.2462006	0.2749326	0.2323529	0.2094241	0.1933535	0.1949686	0.1288344	0.0557769	0.0344828	0.0433526	0.02	0.0	0.0110294	0.002924	0.0067797	0.0	0.003096	0.0	0.0	0.0	0.0	0.0	0.0	0.0	0.0	0.0	
Apus ou Tachymarptis sp.	0.0	0.0	0.0	0.0	0.0	0.0	0.0	0.0	0.0	0.0	0.0	0.0	0.0	0.0	0.0	0.0	0.0	0.0	0.0	0.0	0.0	0.0	0.0	0.0	0.0	0.0	0.0	0.0	0.0	0.0	0.0	0.0	0.005	0.0	0.0	0.0	0.0	0.0	0.0	0.0	0.0	0.0	0.0	0.0	0.0	0.0	0.0	0.0	
Râle d'eau	0.0688073	0.040293	0.0328467	0.0320197	0.0849673	0.0593472	0.04	0.020979	0.0478723	0.0254042	0.0472279	0.0444126	0.0367965	0.0453564	0.0362173	0.0268741	0.0308642	0.0247148	0.0350404	0.0234899	0.0246914	0.0129534	0.0273556	0.0080863	0.0147059	0.0157068	0.0241692	0.0314465	0.0368098	0.0717131	0.037931	0.0635838	0.095	0.0619048	0.0294118	0.0584795	0.0644068	0.0503356	0.0743034	0.0607595	0.0546448	0.0869565	0.0423077	0.0708661	0.0874317	0.0287081	0.0588235	0.1042654	
Marouette ponctuée	0.0	0.0	0.0	0.0	0.0	0.0	0.0	0.0	0.0	0.0	0.0	0.0014327	0.0021645	0.0043197	0.0	0.0	0.0	0.0	0.0026954	0.0	0.0	0.0	0.0	0.0	0.0	0.0	0.0	0.0	0.0122699	0.0039841	0.0	0.0086705	0.0	0.0	0.0	0.0	0.0	0.0	0.0	0.0	0.0	0.0	0.0	0.0	0.0	0.0	0.0	0.0	
Gallinule poule-d'eau	0.059633	0.03663	0.0510949	0.0246305	0.0359477	0.0267062	0.0282353	0.025641	0.0398936	0.0323326	0.0410678	0.0616046	0.0497835	0.0431965	0.0462777	0.0424328	0.037037	0.0380228	0.0404313	0.0302013	0.0395062	0.0233161	0.0455927	0.0161725	0.0411765	0.0471204	0.0422961	0.0786164	0.0736196	0.0717131	0.0689655	0.066474	0.07	0.0380952	0.0183824	0.0116959	0.0474576	0.033557	0.0371517	0.0405063	0.0765027	0.0434783	0.05	0.0262467	0.0163934	0.0287081	0.0196078	0.0331754	
Foulque macroule	0.2155963	0.1428571	0.149635	0.1502463	0.1764706	0.1097923	0.1364706	0.1445221	0.1462766	0.0969977	0.1170431	0.1260745	0.1277056	0.1058315	0.1227364	0.1074965	0.117284	0.1102662	0.0943396	0.0855705	0.108642	0.0647668	0.118541	0.0458221	0.0823529	0.0706806	0.060423	0.0880503	0.1472393	0.1593625	0.1103448	0.1387283	0.185	0.1619048	0.0441176	0.0730994	0.1016949	0.0771812	0.0804954	0.0860759	0.1147541	0.2049689	0.1038462	0.0866142	0.1147541	0.0382775	0.0862745	0.2132701	
gallinule, foulque ou talève sp.	0.0	0.0	0.0	0.0	0.003268	0.0	0.0	0.0	0.0	0.0	0.0	0.0	0.0	0.0	0.0	0.0	0.0	0.0	0.0	0.0	0.0	0.0	0.0	0.0	0.0	0.0	0.0	0.0	0.0	0.0	0.0	0.0	0.0	0.0	0.0	0.0	0.0	0.0	0.0	0.0	0.0	0.0	0.0	0.0	0.0	0.0	0.0	0.0	
Grue cendrée	0.0015	0.003663	0.0036496	0.0098522	0.0065359	0.0	0.0047059	0.0	0.0026596	0.0023095	0.0102669	0.0100287	0.0064935	0.0	0.0	0.0014144	0.0	0.0	0.0	0.0	0.0015	0.0	0.0	0.0	0.0	0.0	0.0	0.0	0.0	0.0	0.0	0.0015	0.0	0.0	0.0015	0.0	0.0	0.0	0.006192	0.0202532	0.0491803	0.0124224	0.0115385	0.0026247	0.0015	0.0047847	0.0039216	0.0094787	
Oedicnème criard	0.0	0.0	0.0	0.0	0.0	0.0	0.0	0.0	0.0	0.0	0.0	0.0015	0.0015	0.0015	0.0020121	0.0014144	0.0	0.0019011	0.0	0.0	0.0024691	0.0025907	0.0	0.0015	0.0	0.0	0.0030211	0.0031447	0.0	0.0	0.0	0.0015	0.0	0.0047619	0.0	0.002924	0.0	0.0015	0.0015	0.0	0.0	0.0	0.0	0.0	0.0	0.0	0.0	0.0	
Échasse blanche	0.0	0.0	0.0	0.0	0.0	0.0	0.0	0.0	0.0	0.0	0.0	0.0	0.0	0.0043197	0.0020121	0.0	0.0061728	0.0	0.0	0.0	0.0	0.0	0.0	0.0	0.0	0.0	0.0	0.0	0.0	0.0	0.0	0.0	0.005	0.0	0.0	0.0	0.0	0.0	0.0	0.0	0.0	0.0	0.0	0.0	0.0	0.0	0.0	0.0	
Avocette élégante	0.0	0.0	0.0	0.0	0.0	0.0	0.0	0.0	0.0	0.0	0.0	0.0	0.0	0.0	0.0	0.0	0.0	0.0	0.0	0.0	0.0	0.0025907	0.0	0.0	0.0	0.0	0.0	0.0	0.0	0.0	0.0	0.0	0.005	0.0	0.0	0.0	0.0	0.0	0.0	0.0	0.0	0.0	0.0015	0.0	0.0	0.0	0.0	0.0	
Pluvier argenté	0.0	0.0	0.0	0.0	0.0	0.0	0.0	0.0	0.0	0.0	0.0020534	0.0	0.0	0.0	0.0	0.0	0.0	0.0	0.0	0.0	0.0	0.0	0.0	0.0	0.0	0.0	0.0	0.0	0.0	0.0	0.0	0.0	0.0	0.0015	0.0015	0.0015	0.0169492	0.0167785	0.006192	0.0075949	0.0	0.0	0.0	0.0	0.0	0.0047847	0.0	0.0	
Pluvier doré	0.0	0.0	0.0	0.0	0.0	0.0	0.0015	0.006993	0.0079787	0.0046189	0.0041068	0.0	0.0	0.0	0.0	0.0	0.0	0.0	0.0	0.0	0.0	0.0	0.0	0.0	0.0	0.0	0.0	0.0	0.0	0.0	0.0	0.0	0.0	0.0	0.0015	0.0015	0.0	0.0	0.0	0.0	0.0054645	0.0	0.0038462	0.007874	0.0015	0.0	0.0	0.0	
Guignard d’Eurasie	0.0	0.0	0.0	0.0	0.0	0.0	0.0	0.0	0.0	0.0	0.0	0.0	0.0	0.0	0.0	0.0	0.0	0.0	0.0	0.0	0.0	0.0	0.0	0.0	0.0	0.0	0.0	0.0	0.0	0.0	0.0015	0.0086705	0.01	0.0095238	0.0	0.0	0.0	0.0033557	0.0	0.0	0.0	0.0	0.0	0.0	0.0	0.0	0.0	0.0	
Grand Gravelot	0.0	0.0	0.0	0.0	0.0	0.0	0.0	0.0	0.0	0.0	0.0041068	0.0	0.0021645	0.0	0.0020121	0.0028289	0.0164609	0.0057034	0.0215633	0.0	0.0024691	0.0	0.0	0.0	0.0	0.0026178	0.0	0.0	0.006135	0.0039841	0.0103448	0.0144509	0.065	0.0809524	0.0183824	0.0350877	0.0542373	0.0201342	0.003096	0.0	0.0	0.0	0.0	0.0	0.0	0.0	0.0	0.0	
Petit Gravelot	0.0	0.0	0.0	0.0	0.0	0.0	0.0	0.0	0.0106383	0.0161663	0.026694	0.0386819	0.038961	0.0561555	0.0724346	0.0523338	0.0720165	0.0418251	0.0485175	0.0553691	0.0469136	0.0362694	0.0516717	0.0215633	0.0352941	0.0366492	0.0241692	0.0314465	0.0184049	0.0079681	0.0172414	0.017341	0.1	0.0714286	0.0147059	0.002924	0.0101695	0.0033557	0.0	0.0	0.0054645	0.0	0.0	0.0	0.0	0.0	0.0	0.0	
Vanneau huppé	0.0091743	0.003663	0.0	0.0049261	0.0065359	0.0118694	0.0141176	0.027972	0.0345745	0.0854503	0.036961	0.0429799	0.04329	0.0367171	0.0583501	0.0424328	0.0555556	0.0380228	0.0296496	0.0184564	0.0395062	0.0233161	0.0182371	0.0053908	0.0117647	0.026178	0.0030211	0.009434	0.0184049	0.0039841	0.0034483	0.0057803	0.005	0.0142857	0.0036765	0.0116959	0.0101695	0.0100671	0.0015	0.0151899	0.0491803	0.0186335	0.0076923	0.007874	0.0	0.0239234	0.0	0.0094787	
Vanneau sociable	0.0	0.0	0.0	0.0	0.0	0.0	0.0	0.0	0.0	0.0207852	0.0	0.004298	0.0	0.0	0.0	0.0	0.0	0.0	0.0	0.0	0.0	0.0	0.0	0.0	0.0	0.0	0.0	0.0	0.0	0.0	0.0	0.0	0.0	0.0	0.0	0.0	0.0	0.0	0.0	0.0	0.0	0.0	0.0	0.0	0.0	0.0	0.0	0.0	
Courlis corlieu	0.0	0.0	0.0	0.0	0.0	0.0	0.0	0.0	0.0	0.0	0.0	0.0	0.0021645	0.0021598	0.0	0.0	0.0	0.0019011	0.0	0.0	0.0	0.0	0.0	0.0	0.0	0.0	0.0	0.0	0.0	0.0	0.0015	0.0	0.0	0.0	0.0	0.0	0.0	0.0	0.0	0.0	0.0	0.0	0.0	0.0	0.0	0.0	0.0	0.0	
Courlis cendré	0.0015	0.0	0.0	0.0024631	0.0	0.0	0.0	0.0	0.0	0.0092379	0.0020534	0.0	0.0064935	0.0021598	0.0040241	0.0014144	0.0041152	0.0	0.0015	0.0	0.0049383	0.0025907	0.0	0.0026954	0.0	0.0	0.0	0.0	0.0	0.0039841	0.0015	0.0015	0.0	0.0047619	0.0	0.002924	0.0	0.0	0.0	0.0	0.0054645	0.0	0.0038462	0.0	0.0	0.0	0.0	0.0	
Barge rousse	0.0	0.0	0.0	0.0	0.0	0.0	0.0	0.0	0.0	0.0	0.0	0.0	0.0	0.0	0.0	0.0	0.0	0.0	0.0	0.0	0.0	0.0	0.0	0.0	0.0	0.0	0.0	0.0	0.0	0.0	0.0	0.0	0.005	0.0047619	0.0	0.0	0.0	0.0	0.0	0.0	0.0	0.0	0.0	0.0	0.0	0.0	0.0	0.0	
Barge à queue noire	0.0	0.0	0.0	0.0	0.0	0.0	0.0	0.0	0.0	0.0023095	0.0020534	0.0	0.0	0.0	0.0	0.0015	0.0	0.0	0.0	0.0	0.0	0.0	0.0	0.0	0.0	0.0	0.0	0.0015	0.0	0.0	0.0	0.0	0.0	0.0	0.0	0.0	0.0	0.0	0.0	0.0025316	0.0	0.0	0.0	0.0	0.0	0.0	0.0	0.0	
Bécassine sourde	0.0091743	0.007326	0.0036496	0.0049261	0.0065359	0.0	0.0	0.004662	0.0053191	0.0015	0.0061602	0.0071633	0.008658	0.0064795	0.0080483	0.009901	0.0020576	0.0019011	0.0	0.0	0.0	0.0	0.0	0.0	0.0	0.0	0.0	0.0	0.0	0.0	0.0	0.0	0.0	0.0	0.0	0.0	0.0	0.0	0.0	0.0	0.0	0.0015	0.0076923	0.0052493	0.0054645	0.0047847	0.0	0.014218	
Bécasse des bois	0.0045872	0.014652	0.0072993	0.0	0.0	0.0029674	0.0	0.002331	0.0015	0.0023095	0.0015	0.0028653	0.0	0.0021598	0.0	0.0	0.0	0.0	0.0015	0.0	0.0024691	0.0025907	0.0	0.0	0.0	0.0	0.0	0.0	0.0	0.0	0.0	0.0	0.0	0.0	0.0	0.0	0.0	0.0	0.0	0.0015	0.0	0.0	0.0076923	0.0052493	0.0	0.0047847	0.0	0.0094787	
Bécassine des marais	0.0275229	0.014652	0.0109489	0.0073892	0.0130719	0.0118694	0.0047059	0.018648	0.0079787	0.0230947	0.0287474	0.017192	0.0238095	0.0302376	0.0160966	0.019802	0.0144033	0.0095057	0.0026954	0.0	0.0	0.0	0.0	0.0	0.0	0.0052356	0.0030211	0.0220126	0.0490798	0.0438247	0.0344828	0.0693642	0.135	0.147619	0.0477941	0.0497076	0.0711864	0.0402685	0.0278638	0.0253165	0.0382514	0.0434783	0.0153846	0.0131234	0.0054645	0.0143541	0.0156863	0.0236967	
Gallinago sp.	0.0045872	0.003663	0.0036496	0.0	0.0	0.0	0.0	0.0	0.0	0.0	0.0	0.0014327	0.0	0.0	0.0	0.0	0.0	0.0	0.0	0.0	0.0	0.0	0.0	0.0	0.0	0.0	0.0	0.0	0.0	0.0	0.0	0.0	0.0	0.0	0.0	0.0	0.0	0.0	0.0	0.0	0.0	0.0	0.0	0.0	0.0054645	0.0047847	0.0	0.0047393	
Chevalier guignette	0.0229358	0.018315	0.0182482	0.0246305	0.0065359	0.0089021	0.0070588	0.011655	0.0079787	0.0023095	0.0041068	0.0057307	0.004329	0.0151188	0.0261569	0.0480905	0.0432099	0.0228137	0.0107817	0.0033557	0.0	0.0025907	0.006079	0.0	0.0058824	0.0209424	0.0120846	0.0345912	0.0858896	0.0557769	0.062069	0.0693642	0.17	0.1714286	0.0367647	0.0584795	0.040678	0.0369128	0.0092879	0.0151899	0.0327869	0.0248447	0.0307692	0.0131234	0.0163934	0.0430622	0.0117647	0.028436	
Chevalier culblanc	0.0091743	0.018315	0.0109489	0.0049261	0.0130719	0.0089021	0.0094118	0.011655	0.0132979	0.0184758	0.0184805	0.034384	0.0454545	0.0323974	0.0261569	0.0028289	0.0	0.0019011	0.0026954	0.0033557	0.0074074	0.0129534	0.0243161	0.0107817	0.0411765	0.0418848	0.0271903	0.0660377	0.0858896	0.059761	0.062069	0.0549133	0.04	0.0380952	0.0183824	0.0087719	0.0338983	0.0134228	0.0092879	0.0151899	0.0163934	0.0186335	0.0115385	0.0131234	0.0163934	0.0047847	0.0313725	0.0189573	
Chevalier stagnatile	0.0	0.0	0.0	0.0	0.0	0.0	0.0	0.0	0.0	0.0	0.0	0.0	0.0	0.0	0.0140845	0.0070721	0.0	0.0	0.0	0.0	0.0	0.0	0.0015	0.0	0.0	0.0	0.0	0.0	0.0	0.0	0.0	0.0	0.0	0.0	0.0	0.0	0.0	0.0	0.0	0.0	0.0	0.0	0.0	0.0	0.0	0.0	0.0	0.0	
Chevalier sylvain	0.0	0.0	0.0	0.0	0.0	0.0	0.0	0.0	0.0	0.0	0.0	0.0	0.004329	0.0107991	0.0181087	0.0282885	0.0493827	0.0152091	0.0	0.0050336	0.0	0.0	0.0151976	0.0053908	0.0117647	0.0287958	0.0030211	0.0157233	0.0368098	0.0398406	0.0310345	0.0462428	0.05	0.0238095	0.0036765	0.0087719	0.0	0.0	0.0	0.0	0.0	0.0	0.0	0.0	0.0	0.0	0.0	0.0	
Chevalier gambette	0.0	0.0	0.0	0.0	0.0	0.0	0.0	0.0	0.0026596	0.0023095	0.0020534	0.0	0.004329	0.0043197	0.0020121	0.0070721	0.0205761	0.0152091	0.0188679	0.0	0.0	0.0	0.0030395	0.0	0.0	0.0	0.0	0.0	0.006135	0.0	0.0034483	0.0086705	0.04	0.0	0.0	0.0	0.0	0.0	0.0	0.0	0.0	0.0	0.0	0.0	0.0	0.0	0.0	0.0	
Chevalier arlequin	0.0	0.0	0.0	0.0	0.0	0.0	0.0	0.0	0.0	0.0	0.0	0.0	0.0	0.0021598	0.0020121	0.0	0.0061728	0.0	0.0	0.0	0.0	0.0	0.0	0.0	0.0	0.0	0.0	0.0	0.0	0.0039841	0.0068966	0.0015	0.01	0.0	0.0	0.002924	0.0033898	0.0	0.0	0.0025316	0.0	0.0	0.0	0.0	0.0	0.0	0.0	0.0	
Chevalier aboyeur	0.0	0.0	0.0	0.0	0.0	0.0	0.0	0.0	0.0	0.0	0.0	0.0	0.0021645	0.0151188	0.0160966	0.0212164	0.0411523	0.0114068	0.0188679	0.0	0.0	0.0025907	0.0	0.0	0.0029412	0.0104712	0.0030211	0.0125786	0.0122699	0.0159363	0.0310345	0.0606936	0.03	0.047619	0.0147059	0.0175439	0.0101695	0.0067114	0.0	0.0050633	0.010929	0.0	0.0	0.0026247	0.0	0.0	0.0	0.0	
Tringa sp.	0.0	0.0	0.0	0.0	0.0	0.0	0.0	0.0	0.0	0.0	0.0	0.0	0.0	0.0	0.0	0.0	0.0	0.0	0.0	0.0	0.0	0.0015	0.0	0.0	0.0029412	0.0	0.0030211	0.0	0.0	0.0	0.0	0.0	0.005	0.0	0.0	0.0	0.0	0.0	0.003096	0.0	0.0	0.0	0.0	0.0	0.0	0.0	0.0	0.0	
Tournepierre à collier	0.0	0.0	0.0	0.0	0.0	0.0	0.0	0.0	0.0	0.0	0.0	0.0	0.0	0.0	0.0	0.0	0.0	0.0	0.0026954	0.0	0.0	0.0	0.0	0.0	0.0	0.0	0.0	0.0	0.0	0.0	0.0	0.0	0.02	0.0047619	0.0	0.0	0.0	0.0	0.0	0.0	0.0	0.0	0.0	0.0	0.0	0.0	0.0	0.0	
Bécasseau maubèche	0.0	0.0	0.0	0.0	0.0	0.0	0.0	0.0	0.0	0.0	0.0	0.0	0.0	0.0	0.0	0.0	0.0	0.0	0.0	0.0	0.0	0.0	0.0	0.0	0.0	0.0	0.0	0.0	0.0	0.0	0.0	0.0	0.005	0.0	0.0	0.0	0.0	0.0	0.0	0.0	0.0	0.0	0.0	0.0	0.0	0.0	0.0	0.0	
Combattant varié	0.0	0.0	0.0	0.0	0.0	0.0	0.0	0.0	0.0	0.0069284	0.0061602	0.0057307	0.008658	0.0107991	0.0221328	0.0127298	0.0164609	0.0019011	0.0053908	0.0033557	0.0	0.0	0.0	0.0	0.0029412	0.0052356	0.0	0.0	0.006135	0.0	0.0034483	0.0144509	0.055	0.0095238	0.0073529	0.005848	0.0	0.0033557	0.0	0.0	0.0	0.0	0.0	0.0	0.0	0.0	0.0	0.0	
Bécasseau cocorli	0.0	0.0	0.0	0.0	0.0	0.0	0.0	0.0	0.0	0.0	0.0	0.0	0.0	0.0	0.0	0.0	0.0041152	0.0019011	0.0	0.0	0.0	0.0	0.0	0.0	0.0	0.0	0.0	0.0	0.0	0.0	0.0	0.0028902	0.01	0.0142857	0.0	0.005848	0.0	0.0	0.0	0.0	0.0	0.0	0.0	0.0	0.0	0.0	0.0	0.0	
Bécasseau de Temminck	0.0	0.0	0.0	0.0	0.0	0.0	0.0	0.0	0.0	0.0	0.0020534	0.0	0.0	0.0	0.0	0.0042433	0.0082305	0.0057034	0.0	0.0	0.0	0.0	0.0	0.0	0.0	0.0026178	0.0	0.0	0.0	0.0	0.0	0.0015	0.015	0.0190476	0.0015	0.0	0.0033898	0.0	0.0	0.0	0.0	0.0	0.0	0.0	0.0	0.0	0.0	0.0	
Bécasseau sanderling	0.0	0.0	0.0	0.0	0.0	0.0	0.0	0.0	0.0	0.0	0.0	0.0	0.0	0.0	0.0	0.0	0.0061728	0.0	0.0	0.0	0.0	0.0	0.0	0.0	0.0	0.0	0.0	0.0	0.0	0.0	0.0	0.0	0.0	0.0	0.0	0.002924	0.0	0.0	0.0	0.0	0.0	0.0	0.0	0.0	0.0	0.0	0.0	0.0	
Bécasseau variable	0.0045872	0.003663	0.0	0.0	0.0	0.0	0.0	0.0	0.0	0.0	0.0020534	0.0	0.0	0.0043197	0.0	0.0	0.0102881	0.0038023	0.0	0.0	0.0	0.0	0.0	0.0	0.0	0.0	0.0	0.0	0.0	0.0	0.0068966	0.0015	0.06	0.0619048	0.0220588	0.0497076	0.0644068	0.0436242	0.0092879	0.0101266	0.0273224	0.0062112	0.0038462	0.0	0.0	0.0	0.0	0.0	
Bécasseau minute	0.0	0.0	0.0	0.0	0.0	0.0	0.0	0.0	0.0	0.0	0.0	0.0	0.0	0.0	0.0	0.0	0.0	0.0019011	0.0	0.0016779	0.0	0.0	0.0	0.0	0.0	0.0	0.0	0.0	0.0	0.0	0.0137931	0.0057803	0.03	0.0333333	0.0183824	0.0204678	0.0101695	0.0067114	0.0	0.0	0.0	0.0	0.0	0.0	0.0	0.0	0.0	0.0	
Calidris sp. (petit bécasseau sp.)	0.0	0.0	0.0	0.0	0.0	0.0	0.0	0.0	0.0	0.0	0.0	0.0	0.0	0.0	0.0	0.0	0.0	0.0	0.0	0.0	0.0	0.0	0.0	0.0	0.0	0.0	0.0	0.0	0.0	0.0	0.0	0.0015	0.0	0.0	0.0	0.0	0.0	0.0	0.0	0.0	0.0	0.0	0.0	0.0	0.0	0.0	0.0	0.0	
limicole sp.	0.0	0.0	0.0	0.0	0.0	0.0	0.0	0.0	0.0	0.0	0.0	0.0	0.0	0.0	0.0	0.0	0.0	0.0	0.0	0.0	0.0	0.0	0.0	0.0	0.0	0.0	0.0	0.0	0.0	0.0	0.0	0.0	0.0	0.0047619	0.0	0.0	0.0	0.0	0.0	0.0	0.0	0.0	0.0	0.0	0.0	0.0	0.0	0.0	
Mouette pygmée	0.0	0.0015	0.0	0.0	0.0	0.0	0.0023529	0.0	0.0	0.0	0.0	0.0	0.0	0.0	0.0	0.0056577	0.0041152	0.0019011	0.0	0.0	0.0	0.0	0.0	0.0	0.0	0.0	0.0	0.0	0.0122699	0.0	0.0	0.0	0.005	0.0	0.0	0.0	0.0	0.0	0.0092879	0.0101266	0.0054645	0.0015	0.0	0.0	0.0054645	0.0	0.0	0.0	
Mouette rieuse	0.087156	0.1098901	0.0510949	0.0615764	0.0490196	0.0385757	0.0352941	0.034965	0.0239362	0.0600462	0.0123203	0.0229226	0.021645	0.0323974	0.028169	0.0325318	0.0288066	0.0152091	0.0161725	0.0134228	0.0123457	0.0025907	0.0212766	0.0134771	0.0176471	0.0314136	0.0120846	0.0345912	0.0613497	0.0239044	0.0310345	0.0260116	0.045	0.0571429	0.0110294	0.0380117	0.0440678	0.0302013	0.0309598	0.0278481	0.0437158	0.068323	0.0692308	0.0682415	0.0491803	0.0574163	0.0392157	0.0947867	
Mouette mélanocéphale	0.0	0.0	0.0	0.0	0.0	0.0	0.0	0.0	0.0	0.0023095	0.0	0.0014327	0.0	0.0021598	0.0	0.0028289	0.0	0.0	0.0	0.0	0.0	0.0	0.0030395	0.0	0.0	0.0	0.0	0.0031447	0.0	0.0	0.0	0.0028902	0.0	0.0	0.0	0.0	0.0	0.0	0.0	0.0	0.0	0.0	0.0	0.0	0.0054645	0.0047847	0.0	0.0	
Goéland cendré	0.0321101	0.032967	0.0364964	0.0221675	0.0163399	0.0059347	0.0	0.006993	0.0026596	0.0046189	0.0082136	0.0057307	0.0015	0.0021598	0.0	0.0	0.0	0.0	0.0	0.0	0.0	0.0025907	0.0	0.0	0.0	0.0015	0.0	0.0	0.0	0.0	0.0	0.0	0.0	0.0	0.0	0.0	0.0	0.0	0.0	0.0	0.010929	0.0	0.0	0.0026247	0.010929	0.0095694	0.0117647	0.0189573	
Goéland pontique	0.0091743	0.007326	0.0036496	0.0073892	0.0098039	0.0059347	0.0	0.006993	0.0026596	0.0023095	0.0	0.0	0.0021645	0.0	0.0020121	0.0	0.0	0.0	0.0	0.0	0.0	0.0	0.0	0.0	0.0	0.0	0.0	0.0	0.0	0.0	0.0015	0.0057803	0.0	0.0	0.0	0.0	0.0	0.0	0.0	0.0	0.0054645	0.0	0.0	0.0	0.0	0.0	0.0	0.0047393	
Goéland argenté	0.0045872	0.0	0.0109489	0.0	0.0	0.0029674	0.0	0.006993	0.0	0.0023095	0.0020534	0.0014327	0.0	0.0	0.0	0.0	0.0	0.0	0.0	0.0	0.0	0.0	0.0	0.0	0.0	0.0	0.0	0.0	0.0	0.0	0.0	0.0	0.0	0.0	0.0	0.0	0.0	0.0	0.0	0.0	0.0	0.0	0.0	0.0	0.0	0.0	0.0	0.0	
Hybride Goéland pontique x G. argenté	0.0045872	0.003663	0.0	0.0	0.0	0.0	0.0	0.0	0.0	0.0	0.0	0.0	0.0	0.0	0.0	0.0	0.0	0.0	0.0	0.0	0.0	0.0	0.0	0.0	0.0	0.0	0.0	0.0	0.0	0.0	0.0	0.0	0.0	0.0	0.0	0.0	0.0	0.0	0.0	0.0	0.0	0.0	0.0	0.0	0.0	0.0	0.0	0.0	
Goéland leucophée	0.1651376	0.1538462	0.1131387	0.1034483	0.0947712	0.0445104	0.0847059	0.0932401	0.1037234	0.0669746	0.0574949	0.0659026	0.0844156	0.0604752	0.0784708	0.0565771	0.0987654	0.0703422	0.0512129	0.0469799	0.0567901	0.0336788	0.0577508	0.0215633	0.0323529	0.0445026	0.0271903	0.0566038	0.0552147	0.0318725	0.0655172	0.0491329	0.06	0.1095238	0.0147059	0.0292398	0.0610169	0.0302013	0.0371517	0.0556962	0.0437158	0.0807453	0.05	0.0656168	0.0928962	0.076555	0.0588235	0.1658768	
Goéland pontique ou G. leucophée	0.0091743	0.003663	0.0036496	0.0049261	0.003268	0.0	0.0	0.0	0.0026596	0.0046189	0.0	0.0	0.0021645	0.0	0.0060362	0.0014144	0.0	0.0	0.0026954	0.0	0.0	0.0	0.0	0.0	0.0	0.0	0.0	0.0	0.0	0.0	0.0	0.0	0.0	0.0	0.0	0.0	0.0	0.0	0.0	0.0	0.0	0.0	0.0	0.0	0.0	0.0	0.0078431	0.0	
Goéland pontique, G. argenté ou G. leucophée	0.0	0.0	0.0	0.0	0.0	0.0	0.0	0.002331	0.0	0.0	0.0	0.0	0.0	0.0	0.0	0.0	0.0	0.0	0.0	0.0	0.0	0.0	0.0	0.0	0.0	0.0	0.0	0.0	0.0	0.0	0.0	0.0	0.0	0.0	0.0	0.0	0.0	0.0	0.0	0.0	0.0	0.0	0.0	0.0	0.0	0.0	0.0	0.0	
Goéland bourgmestre	0.0	0.0	0.0	0.0	0.0	0.0	0.0	0.004662	0.0026596	0.0	0.0	0.0	0.0	0.0	0.0	0.0	0.0	0.0	0.0	0.0	0.0	0.0	0.0	0.0	0.0	0.0	0.0	0.0	0.0	0.0	0.0	0.0	0.0	0.0	0.0	0.0	0.0	0.0	0.0	0.0	0.0	0.0	0.0	0.0	0.0	0.0	0.0	0.0	
Goéland brun	0.0091743	0.003663	0.0109489	0.0	0.0	0.0	0.0	0.002331	0.0053191	0.0069284	0.0	0.0028653	0.0021645	0.0043197	0.0100604	0.0014144	0.0	0.0019011	0.0	0.0015	0.0	0.0	0.0030395	0.0	0.0	0.0	0.0	0.0	0.0	0.0039841	0.0103448	0.017341	0.015	0.0142857	0.0036765	0.005848	0.0101695	0.0067114	0.006192	0.0	0.0054645	0.0	0.0038462	0.0026247	0.0	0.0095694	0.0	0.0047393	
Goéland leucophée ou G. brun	0.0	0.0	0.0	0.0	0.0	0.0	0.0	0.0	0.0	0.0	0.0	0.0	0.0	0.0	0.0	0.0	0.0	0.0	0.0	0.0	0.0	0.0	0.0	0.0	0.0	0.0	0.0	0.0	0.0	0.0	0.0	0.0	0.0	0.0	0.0	0.0	0.0	0.0033557	0.0	0.0	0.0	0.0	0.0	0.0	0.0	0.0	0.0	0.0	
goéland sp. (Larus sp.)	0.0	0.003663	0.0072993	0.0	0.0098039	0.0	0.0023529	0.0015	0.0015	0.0023095	0.0061602	0.0028653	0.0	0.0	0.0	0.0014144	0.0020576	0.0	0.0	0.0	0.0	0.0	0.0030395	0.0	0.0	0.0	0.0	0.0	0.0	0.0039841	0.0	0.0	0.0	0.0	0.0	0.0	0.0	0.0	0.0	0.0	0.0	0.0	0.0	0.0026247	0.0	0.0	0.0039216	0.0	
goéland ou mouette sp.	0.0	0.003663	0.0	0.0	0.0	0.0	0.0023529	0.0	0.0026596	0.0	0.0	0.0	0.0	0.0	0.0	0.0	0.0	0.0	0.0	0.0	0.0	0.0	0.0030395	0.0	0.0	0.0	0.0	0.0	0.0	0.0	0.0	0.0057803	0.005	0.0	0.0	0.005848	0.0015	0.0	0.0	0.0	0.0	0.0	0.0	0.0	0.0	0.0	0.0	0.0094787	
Sterne naine	0.0	0.0	0.0	0.0	0.0	0.0	0.0	0.0	0.0	0.0	0.0	0.0	0.0	0.0	0.0	0.0	0.0	0.0	0.0	0.0016779	0.0	0.0	0.0	0.0	0.0	0.0	0.0	0.0	0.0	0.0	0.0	0.0	0.0	0.0	0.0	0.0	0.0	0.0	0.0	0.0	0.0	0.0	0.0	0.0	0.0	0.0	0.0	0.0	
Sterne caspienne	0.0	0.0	0.0	0.0	0.0	0.0	0.0	0.0	0.0	0.0	0.0	0.0	0.0	0.0	0.0	0.0	0.0	0.0	0.0	0.0	0.0	0.0	0.0	0.0	0.0	0.0	0.0	0.0	0.0	0.0	0.0	0.0057803	0.01	0.0	0.0	0.0015	0.0033898	0.0	0.0	0.0	0.0	0.0	0.0	0.0	0.0	0.0	0.0	0.0	
Guifette moustac	0.0	0.0	0.0	0.0	0.0	0.0	0.0	0.0	0.0	0.0	0.0	0.0	0.0	0.0	0.0	0.0	0.0041152	0.0038023	0.0	0.0	0.0	0.0	0.0	0.0	0.0	0.0	0.0	0.0	0.0	0.0039841	0.0	0.0	0.0	0.0	0.0	0.0	0.0	0.0	0.0	0.0	0.0	0.0	0.0	0.0	0.0	0.0	0.0	0.0	
Guifette noire	0.0	0.0	0.0	0.0	0.0	0.0	0.0	0.0	0.0	0.0	0.0	0.0	0.0	0.0	0.0	0.0028289	0.0061728	0.0095057	0.0053908	0.0033557	0.0024691	0.0	0.0030395	0.0	0.0	0.0	0.0	0.0031447	0.0	0.0	0.0034483	0.0057803	0.04	0.0238095	0.0036765	0.002924	0.0033898	0.0	0.0	0.0	0.0	0.0	0.0	0.0	0.0	0.0	0.0	0.0	
Sterne pierregarin	0.0	0.0	0.0	0.0	0.0	0.0	0.0	0.0	0.0	0.0	0.0	0.0	0.0	0.0	0.0060362	0.019802	0.0288066	0.026616	0.0242588	0.0268456	0.0296296	0.0051813	0.0455927	0.0080863	0.0264706	0.0104712	0.0090634	0.0283019	0.0368098	0.0159363	0.0	0.0028902	0.005	0.0	0.0	0.002924	0.0067797	0.0	0.0	0.0	0.0	0.0	0.0	0.0	0.0	0.0	0.0	0.0	
Sterne caugek	0.0	0.0	0.0	0.0	0.0	0.0	0.0	0.0	0.0	0.0	0.0	0.0	0.0	0.0	0.0	0.0	0.0	0.0038023	0.0	0.0	0.0	0.0	0.0	0.0	0.0	0.0	0.0	0.0	0.0	0.0	0.0	0.0	0.0	0.0	0.0	0.0	0.0	0.0	0.0	0.0	0.0	0.0	0.0	0.0	0.0	0.0	0.0	0.0	
Grèbe castagneux	0.059633	0.0695971	0.040146	0.044335	0.0359477	0.0296736	0.04	0.037296	0.0851064	0.0369515	0.0616016	0.0759312	0.0649351	0.0561555	0.0462777	0.0438472	0.037037	0.0380228	0.0431267	0.0503356	0.0469136	0.0181347	0.0425532	0.0107817	0.0352941	0.0418848	0.0332326	0.0566038	0.0736196	0.0876494	0.0448276	0.0751445	0.145	0.0952381	0.0404412	0.0438596	0.0610169	0.0268456	0.0185759	0.0481013	0.0601093	0.0807453	0.0423077	0.0551181	0.0273224	0.0191388	0.0470588	0.0663507	
Grèbe esclavon	0.0	0.0	0.0	0.0	0.0	0.0	0.0	0.0	0.0	0.0	0.0	0.0	0.0	0.0	0.0	0.0	0.0	0.0	0.0	0.0	0.0	0.0	0.0	0.0	0.0	0.0	0.0	0.0	0.0	0.0	0.0	0.0	0.0	0.0	0.0	0.0	0.0	0.0	0.0	0.0025316	0.0	0.0	0.0	0.0	0.0	0.0	0.0	0.0	
Grèbe jougris	0.0045872	0.0	0.0036496	0.0	0.0	0.0	0.0070588	0.009324	0.0132979	0.0046189	0.0061602	0.0057307	0.004329	0.0	0.0020121	0.0056577	0.0061728	0.0	0.0	0.0	0.0	0.0	0.0	0.0	0.0	0.0	0.0	0.0	0.0	0.0	0.0	0.0	0.0	0.0	0.0	0.0	0.0	0.0	0.0	0.0	0.0	0.0	0.0	0.0	0.0	0.0	0.0039216	0.0094787	
Grèbe huppé	0.1743119	0.1465201	0.120438	0.1256158	0.1013072	0.0712166	0.0894118	0.1048951	0.0638298	0.0554273	0.0410678	0.0644699	0.0757576	0.0712743	0.082495	0.0735502	0.0740741	0.0570342	0.032345	0.0604027	0.0641975	0.0388601	0.0577508	0.0161725	0.0411765	0.0340314	0.0422961	0.0377358	0.0858896	0.1075697	0.0862069	0.1127168	0.17	0.152381	0.0477941	0.0730994	0.1050847	0.0939597	0.0650155	0.0886076	0.1092896	0.2049689	0.0692308	0.0656168	0.0601093	0.0861244	0.0588235	0.1563981	
Grèbe à cou noir	0.0	0.018315	0.0072993	0.0098522	0.003268	0.0	0.0015	0.0	0.0	0.0	0.0	0.0028653	0.0021645	0.0	0.0120724	0.0042433	0.0	0.0	0.0	0.0	0.0	0.0	0.0	0.0026954	0.0	0.0	0.0	0.0031447	0.0245399	0.0119522	0.0068966	0.0	0.01	0.0095238	0.0036765	0.002924	0.0	0.0033557	0.003096	0.0101266	0.0382514	0.0310559	0.0230769	0.0104987	0.0054645	0.0047847	0.0156863	0.0	
Plongeon catmarin	0.0229358	0.014652	0.0072993	0.0147783	0.0065359	0.0118694	0.0023529	0.013986	0.0106383	0.0046189	0.0061602	0.0057307	0.004329	0.0	0.0020121	0.0056577	0.0082305	0.0019011	0.0	0.0016779	0.0	0.0	0.0	0.0	0.0	0.0	0.0	0.0	0.0	0.0	0.0	0.0	0.0	0.0	0.0	0.0	0.0	0.0	0.0	0.0	0.0	0.0	0.0	0.0	0.0054645	0.0	0.0039216	0.0236967	
Plongeon arctique	0.0	0.0	0.0	0.0	0.0	0.0059347	0.0023529	0.006993	0.0079787	0.0023095	0.0061602	0.0057307	0.004329	0.0	0.0020121	0.0042433	0.0	0.0	0.0	0.0	0.0	0.0	0.0	0.0	0.0	0.0	0.0	0.0	0.0	0.0	0.0	0.0	0.0	0.0	0.0	0.0	0.0	0.0	0.0	0.0025316	0.0	0.0015	0.0038462	0.0	0.0	0.0	0.0	0.0	
Plongeon imbrin	0.0275229	0.003663	0.0072993	0.0	0.0	0.0	0.0	0.002331	0.0026596	0.0023095	0.0020534	0.0	0.0	0.0043197	0.0020121	0.0	0.0	0.0	0.0	0.0	0.0	0.0	0.0	0.0	0.0	0.0	0.0	0.0	0.0	0.0	0.0	0.0	0.0	0.0	0.0	0.0	0.0	0.0	0.0	0.0	0.0	0.0	0.0	0.0	0.0	0.0	0.0	0.0047393	
Cigogne noire	0.0	0.0	0.0	0.0	0.0	0.0	0.0	0.002331	0.0	0.0023095	0.0123203	0.0057307	0.0021645	0.0086393	0.0020121	0.0014144	0.0020576	0.0057034	0.0026954	0.0016779	0.0024691	0.0	0.0	0.0	0.0	0.0026178	0.0	0.0031447	0.0184049	0.0015	0.0103448	0.0115607	0.02	0.0047619	0.0	0.002924	0.0067797	0.0033557	0.0	0.0	0.0054645	0.0	0.0	0.0	0.0	0.0	0.0	0.0	
Cigogne blanche	0.0642202	0.03663	0.0145985	0.0541872	0.1143791	0.0682493	0.0847059	0.1188811	0.1196809	0.1316397	0.1663244	0.1532951	0.1731602	0.1511879	0.2112676	0.1909477	0.191358	0.2148289	0.1644205	0.1577181	0.1901235	0.1036269	0.1914894	0.1266846	0.1029412	0.1387435	0.1268882	0.1415094	0.202454	0.1434263	0.1	0.0780347	0.085	0.0809524	0.0220588	0.0350877	0.0237288	0.0134228	0.006192	0.0177215	0.0163934	0.0015	0.0076923	0.015748	0.0163934	0.0095694	0.0196078	0.0236967	
Cormoran pygmée	0.0	0.0	0.0	0.0	0.0	0.0	0.0	0.0	0.0	0.0	0.0	0.0	0.0	0.0	0.0	0.0	0.0	0.0	0.0	0.0	0.0	0.0	0.0	0.0	0.0	0.0	0.0	0.0	0.006135	0.0119522	0.0103448	0.0	0.0	0.0	0.0	0.0	0.0	0.0	0.0	0.0	0.0	0.0	0.0	0.0	0.0	0.0	0.0	0.0	
Grand Cormoran	0.3119266	0.3076923	0.2043796	0.2167488	0.2189542	0.1216617	0.1952941	0.1911422	0.2473404	0.1732102	0.1786448	0.1633238	0.2012987	0.1425486	0.1629779	0.1499293	0.1707819	0.1159696	0.1132075	0.1258389	0.1308642	0.1010363	0.1215805	0.0673854	0.1	0.0994764	0.081571	0.1477987	0.2269939	0.2151394	0.1448276	0.1531792	0.185	0.2761905	0.1029412	0.1929825	0.3118644	0.204698	0.1857585	0.2379747	0.2404372	0.3664596	0.2461538	0.2467192	0.1857923	0.138756	0.172549	0.3222749	
Ibis falcinelle	0.0	0.0	0.0	0.0	0.0	0.0	0.0	0.0	0.0	0.0	0.0	0.0	0.0	0.0	0.0	0.0	0.0020576	0.0	0.0	0.0	0.0	0.0	0.0	0.0	0.0	0.0	0.0	0.0	0.0	0.0	0.0	0.0	0.0	0.0	0.0	0.0	0.0	0.0	0.0	0.0	0.0	0.0	0.0	0.0	0.0	0.0	0.0	0.0	
Ibis chauve	0.0	0.0	0.0	0.0	0.0	0.0	0.0	0.0	0.0	0.0	0.0	0.0028653	0.0	0.0	0.0	0.0	0.0	0.0	0.0	0.0	0.0	0.0	0.0	0.0	0.0	0.0	0.0	0.0	0.0	0.0	0.0	0.0	0.0	0.0	0.0	0.0	0.0	0.0	0.0	0.0	0.0	0.0	0.0	0.0	0.0	0.0	0.0	0.0	
Spatule blanche	0.0	0.0	0.0	0.0	0.0	0.0	0.0	0.0	0.0	0.0	0.0	0.0	0.0	0.0	0.0	0.0014144	0.0	0.0	0.0026954	0.0	0.0	0.0	0.0	0.0	0.0	0.0	0.0	0.0	0.006135	0.0	0.0034483	0.0	0.0	0.0095238	0.0036765	0.0	0.0	0.0	0.0	0.0	0.0	0.0	0.0	0.0	0.0	0.0	0.0	0.0	
Butor étoilé	0.0	0.003663	0.0036496	0.0	0.0	0.0029674	0.0	0.002331	0.0	0.0	0.0020534	0.0	0.0	0.0	0.0	0.0	0.0	0.0	0.0	0.0	0.0	0.0	0.0	0.0	0.0	0.0	0.0	0.0	0.006135	0.0	0.0	0.0057803	0.0	0.0	0.0	0.0	0.0	0.0	0.0	0.0025316	0.0	0.0	0.0	0.0	0.0	0.0	0.0	0.0	
Blongios nain	0.0	0.0	0.0	0.0	0.0	0.0	0.0	0.0	0.0	0.0	0.0	0.0	0.0	0.0	0.0	0.0	0.0020576	0.0	0.0	0.0067114	0.0	0.0	0.0	0.0080863	0.0058824	0.0026178	0.0060423	0.0062893	0.006135	0.0039841	0.0	0.0028902	0.015	0.0047619	0.0	0.0	0.0	0.0	0.0	0.0	0.0	0.0	0.0	0.0	0.0	0.0	0.0	0.0	
Bihoreau gris	0.0	0.0	0.0	0.0	0.0	0.0	0.0	0.0	0.0026596	0.0	0.0	0.0	0.0	0.0	0.0020121	0.0028289	0.0020576	0.0076046	0.0015	0.0151007	0.0123457	0.007772	0.0091185	0.0080863	0.0058824	0.0183246	0.0030211	0.0157233	0.0368098	0.0119522	0.0206897	0.0202312	0.015	0.0	0.0	0.0	0.0	0.0	0.0	0.0	0.0	0.0	0.0	0.0	0.0	0.0	0.0	0.0	
Aigrette garzette	0.0	0.0	0.0	0.0	0.0	0.0015	0.0	0.0	0.0026596	0.0	0.0	0.0057307	0.021645	0.0302376	0.0382294	0.029703	0.0596708	0.0456274	0.0350404	0.0436242	0.0716049	0.0466321	0.0516717	0.0296496	0.0441176	0.0628272	0.0392749	0.0628931	0.1288344	0.0796813	0.0551724	0.0578035	0.085	0.0809524	0.0477941	0.0087719	0.0	0.0100671	0.003096	0.0	0.0054645	0.0	0.0	0.0	0.0015	0.0	0.0	0.0	
Crabier chevelu	0.0	0.0	0.0	0.0	0.0	0.0	0.0	0.0	0.0	0.0	0.0	0.0	0.0	0.0	0.0	0.0	0.0	0.0	0.0	0.0067114	0.0024691	0.0	0.0	0.0	0.0	0.0026178	0.0015	0.0015	0.0	0.0	0.0	0.0	0.005	0.0	0.0	0.0	0.0	0.0	0.0	0.0	0.0	0.0	0.0	0.0	0.0	0.0	0.0	0.0	
Héron garde-boeufs	0.0	0.0	0.0	0.0	0.0	0.0	0.0	0.0	0.0	0.0	0.0	0.0	0.0	0.0	0.0	0.0	0.0020576	0.0038023	0.0015	0.0	0.0024691	0.0051813	0.0	0.0053908	0.0058824	0.0026178	0.0	0.0031447	0.0	0.0	0.0	0.0	0.0	0.0	0.0	0.0	0.0	0.0	0.0	0.0	0.0	0.0	0.0	0.0	0.0	0.0	0.0	0.0	
Grande Aigrette	0.2798165	0.1794872	0.120438	0.1477833	0.2124183	0.1038576	0.1223529	0.1328671	0.1090426	0.0946882	0.0841889	0.0515759	0.0562771	0.0453564	0.0603622	0.0466761	0.0390947	0.0247148	0.0188679	0.0318792	0.0419753	0.0233161	0.0395137	0.0161725	0.0382353	0.0418848	0.0392749	0.1037736	0.1226994	0.1115538	0.1103448	0.1473988	0.255	0.247619	0.1102941	0.1374269	0.1932203	0.114094	0.1145511	0.1746835	0.1857923	0.2981366	0.1538462	0.160105	0.2076503	0.1626794	0.172549	0.2748815	
Héron cendré	0.3577982	0.2234432	0.1715328	0.1724138	0.2156863	0.1186944	0.16	0.1631702	0.1888298	0.182448	0.174538	0.1633238	0.2056277	0.1835853	0.2193159	0.1881188	0.2283951	0.1806084	0.1320755	0.1577181	0.1604938	0.1165803	0.1793313	0.0997305	0.1352941	0.1753927	0.1480363	0.2578616	0.3190184	0.2709163	0.2137931	0.2398844	0.275	0.3619048	0.1691176	0.1959064	0.2847458	0.1644295	0.2352941	0.2607595	0.2295082	0.3850932	0.1846154	0.2388451	0.2131148	0.1483254	0.2392157	0.3744076	
Héron pourpré	0.0	0.0	0.0	0.0	0.0	0.0	0.0	0.0	0.0	0.0	0.0	0.0	0.0064935	0.0	0.0020121	0.0042433	0.0041152	0.0038023	0.0080863	0.0100671	0.0123457	0.0051813	0.0091185	0.0026954	0.0015	0.0078534	0.0151057	0.0157233	0.0184049	0.0239044	0.0068966	0.0289017	0.01	0.0047619	0.0	0.002924	0.0033898	0.0	0.003096	0.0025316	0.0015	0.0	0.0038462	0.0	0.0	0.0	0.0	0.0015	
Ardea sp.	0.0	0.0	0.0	0.0	0.0	0.0	0.0	0.0	0.0	0.0	0.0	0.0	0.0	0.0	0.0	0.0	0.0	0.0	0.0	0.0	0.0	0.0	0.0030395	0.0	0.0	0.0	0.0	0.0	0.0	0.0	0.0	0.0	0.0	0.0	0.0	0.0	0.0	0.0	0.0	0.0	0.0	0.0	0.0	0.0	0.0	0.0	0.0	0.0	
aigrette ou héron blanc sp.	0.0	0.0	0.0	0.0	0.0	0.0	0.0	0.0	0.0	0.0	0.0	0.0	0.0	0.0	0.0	0.0	0.0	0.0	0.0	0.0	0.0	0.0	0.0	0.0	0.0	0.0	0.0	0.0	0.0	0.0	0.0	0.0	0.0	0.0	0.0	0.0	0.0	0.0033557	0.0	0.0	0.0	0.0	0.0	0.0	0.0	0.0	0.0	0.0	
Pélican gris	0.0	0.0	0.0	0.0	0.0	0.0	0.0	0.0	0.0	0.0	0.0	0.0	0.0	0.0	0.0	0.0	0.0	0.0	0.0	0.0	0.0	0.0	0.0	0.0	0.0	0.0	0.0	0.0	0.0	0.0	0.0	0.0028902	0.005	0.0	0.0	0.002924	0.0	0.0	0.0	0.0	0.0	0.0	0.0	0.0	0.0	0.0	0.0	0.0	
Balbuzard pêcheur	0.0	0.0	0.0	0.0	0.0	0.0	0.0	0.0	0.0	0.0	0.0123203	0.008596	0.0194805	0.0064795	0.0080483	0.0014144	0.0061728	0.0	0.0080863	0.0033557	0.0	0.0	0.0	0.0	0.0	0.0026178	0.0	0.0	0.0	0.0079681	0.0172414	0.0231214	0.065	0.0571429	0.0367647	0.0175439	0.0101695	0.0134228	0.0	0.0	0.0015	0.0	0.0	0.0	0.0	0.0	0.0	0.0	
Élanion blanc	0.0	0.0	0.0	0.0	0.0	0.0	0.0	0.0	0.0	0.0	0.0	0.0	0.0	0.0	0.0	0.0	0.0020576	0.0	0.0	0.0	0.0	0.0	0.0	0.0	0.0	0.0	0.0	0.0	0.0	0.0	0.0	0.0	0.0	0.0	0.0	0.0	0.0	0.0	0.0	0.0	0.0	0.0	0.0	0.0	0.0	0.0	0.0	0.0	
Bondrée apivore	0.0	0.0	0.0	0.0	0.0	0.0	0.0	0.0	0.0	0.0	0.0	0.0	0.0	0.0	0.0015	0.0014144	0.0123457	0.0684411	0.0566038	0.0218121	0.0246914	0.0233161	0.0303951	0.0107817	0.0294118	0.0287958	0.0181269	0.0377358	0.0368098	0.063745	0.0310345	0.0751445	0.055	0.0238095	0.0073529	0.005848	0.0	0.0	0.003096	0.0	0.0	0.0	0.0	0.0	0.0	0.0	0.0	0.0	
Vautour fauve	0.0	0.0	0.0	0.0	0.0	0.0	0.0	0.0	0.0	0.0	0.0	0.0	0.0	0.0	0.0	0.0	0.0	0.0	0.0026954	0.0	0.0024691	0.0	0.0	0.0	0.0	0.0	0.0	0.0	0.0	0.0	0.0	0.0	0.0	0.0	0.0	0.0	0.0	0.0	0.0	0.0	0.0	0.0	0.0	0.0	0.0	0.0	0.0	0.0	
Circaète Jean-le-Blanc	0.0	0.0	0.0	0.0	0.0	0.0	0.0	0.0	0.0	0.0	0.0	0.0	0.0	0.0	0.0	0.0	0.0020576	0.0	0.0	0.0033557	0.0098765	0.0	0.0	0.0	0.0029412	0.0	0.0	0.0015	0.0	0.0	0.0	0.0028902	0.005	0.0	0.0	0.0	0.0	0.0	0.0	0.0	0.0	0.0	0.0	0.0	0.0	0.0	0.0	0.0	
Aigle criard	0.0	0.0	0.0	0.0	0.0	0.0	0.0	0.0	0.0	0.0	0.0	0.0	0.0	0.0	0.0	0.0	0.0	0.0	0.0	0.0	0.0	0.0	0.0	0.0	0.0	0.0	0.0	0.0	0.0	0.0	0.0	0.0	0.0	0.0	0.0	0.0	0.0	0.0	0.0	0.0	0.0054645	0.0	0.0	0.0	0.0	0.0	0.0	0.0	
Épervier d'Europe	0.087156	0.0512821	0.0364964	0.0369458	0.0392157	0.0296736	0.0188235	0.037296	0.0452128	0.0531178	0.073922	0.0730659	0.1017316	0.0647948	0.0523139	0.0367751	0.0349794	0.026616	0.0269542	0.0285235	0.0246914	0.0051813	0.0121581	0.0242588	0.0235294	0.0209424	0.0151057	0.0503145	0.0429448	0.0756972	0.0413793	0.0722543	0.085	0.0857143	0.0330882	0.0555556	0.0711864	0.0805369	0.0959752	0.1088608	0.0983607	0.0807453	0.05	0.0341207	0.0327869	0.0430622	0.0509804	0.056872	
Autour des palombes	0.0229358	0.043956	0.0182482	0.0369458	0.0359477	0.0296736	0.0164706	0.02331	0.0265957	0.0323326	0.0513347	0.030086	0.0367965	0.0194384	0.0080483	0.0183876	0.0144033	0.0152091	0.0134771	0.0100671	0.0222222	0.0025907	0.006079	0.0107817	0.0088235	0.0052356	0.0030211	0.009434	0.0184049	0.0398406	0.0068966	0.0231214	0.04	0.0238095	0.0073529	0.0087719	0.0237288	0.033557	0.0588235	0.035443	0.0273224	0.0621118	0.0076923	0.0314961	0.0163934	0.0191388	0.0235294	0.0379147	
Épervier d'Europe ou Autour des palombes	0.0	0.0	0.0	0.0024631	0.003268	0.0	0.0	0.0	0.0079787	0.0023095	0.0	0.0	0.0	0.0021598	0.0	0.0014144	0.0	0.0	0.0	0.0	0.0	0.0	0.0030395	0.0	0.0	0.0	0.0	0.0	0.0	0.0	0.0	0.0	0.01	0.0	0.0	0.0	0.0	0.0	0.003096	0.0	0.0	0.0	0.0	0.0	0.010929	0.0	0.0	0.0	
Aerospiza, Tachyspiza, Accipiter ou Astur sp.	0.0	0.0	0.0	0.0	0.0	0.0	0.0	0.0	0.0	0.0	0.0	0.0	0.0	0.0	0.0	0.0	0.0	0.0	0.0	0.0	0.0	0.0	0.0	0.0	0.0	0.0	0.0	0.0	0.0	0.0	0.0	0.0	0.0	0.0	0.0	0.002924	0.0	0.0	0.0	0.0	0.0054645	0.0	0.0	0.0	0.0054645	0.0	0.0	0.0	
Busard des roseaux	0.0	0.0	0.0	0.0	0.0	0.0	0.0	0.0	0.0026596	0.0092379	0.0390144	0.0487106	0.0714286	0.0323974	0.0181087	0.0240453	0.0329218	0.0285171	0.0188679	0.0218121	0.0098765	0.0025907	0.0091185	0.0	0.0	0.0052356	0.0	0.0062893	0.0122699	0.0079681	0.0103448	0.0144509	0.055	0.047619	0.0220588	0.0292398	0.0169492	0.0167785	0.0123839	0.0101266	0.0163934	0.0	0.0038462	0.0026247	0.0	0.0	0.0	0.0	
Busard Saint-Martin	0.0137615	0.029304	0.0182482	0.0098522	0.0196078	0.0207715	0.0141176	0.006993	0.0079787	0.0277136	0.0164271	0.0100287	0.0021645	0.0107991	0.0020121	0.0	0.0	0.0	0.0	0.0	0.0	0.0	0.0	0.0	0.0	0.0	0.0	0.0031447	0.0	0.0	0.0	0.0	0.005	0.0	0.0	0.002924	0.0	0.0067114	0.0185759	0.0101266	0.0163934	0.0062112	0.0076923	0.0209974	0.0054645	0.0382775	0.0235294	0.014218	
Busard cendré	0.0	0.0	0.0	0.0	0.0	0.0	0.0	0.0	0.0	0.0	0.0	0.0	0.0015	0.0	0.0020121	0.0042433	0.0020576	0.0038023	0.0053908	0.0050336	0.0	0.0	0.0	0.0	0.0015	0.0	0.0	0.0	0.0	0.0039841	0.0	0.0	0.005	0.0	0.0	0.0	0.0	0.0	0.0	0.0	0.0	0.0	0.0	0.0	0.0	0.0	0.0	0.0	
busard sp.	0.0	0.0	0.0	0.0	0.0	0.0	0.0	0.0	0.0	0.0	0.0015	0.0015	0.0021645	0.0	0.0	0.0	0.0	0.0	0.0	0.0016779	0.0	0.0	0.0	0.0	0.0	0.0	0.0	0.0	0.0	0.0	0.0	0.0	0.0	0.0047619	0.0	0.0015	0.0033898	0.0	0.0	0.0	0.0	0.0	0.0	0.0	0.0	0.0	0.0	0.0	
Milan royal	0.0825688	0.029304	0.0291971	0.0541872	0.0816993	0.0593472	0.0941176	0.1165501	0.1223404	0.1108545	0.1416838	0.1389685	0.1406926	0.112311	0.1287726	0.1287129	0.1296296	0.1064639	0.0889488	0.0738255	0.0864198	0.0569948	0.0638298	0.0485175	0.0470588	0.0759162	0.0543807	0.0534591	0.0920245	0.059761	0.0344828	0.0578035	0.1	0.0857143	0.0698529	0.1140351	0.1355932	0.1308725	0.1176471	0.0886076	0.1147541	0.068323	0.0346154	0.0472441	0.0601093	0.062201	0.0588235	0.0331754	
Milan noir	0.0	0.0	0.0	0.0	0.0	0.0	0.0023529	0.0	0.0079787	0.0669746	0.1334702	0.1733524	0.2640693	0.1684665	0.2173038	0.2008487	0.2201646	0.1977186	0.180593	0.159396	0.1555556	0.0880829	0.1155015	0.1401617	0.0911765	0.1387435	0.1087613	0.1352201	0.1288344	0.0478088	0.0241379	0.0404624	0.06	0.0142857	0.0110294	0.0015	0.0101695	0.0	0.0	0.0025316	0.0	0.0	0.0	0.0	0.0	0.0	0.0	0.0	
Milan royal ou M. noir	0.0	0.0	0.0	0.0	0.0	0.0	0.0023529	0.0	0.0	0.0015	0.0020534	0.0	0.0015	0.0	0.0020121	0.0014144	0.0020576	0.0	0.0	0.0	0.0	0.0025907	0.0	0.0	0.0	0.0026178	0.0	0.0	0.0015	0.0	0.0	0.0	0.0	0.0	0.0	0.0	0.0015	0.0	0.0	0.0	0.0	0.0	0.0	0.0	0.0	0.0	0.0	0.0	
Buse variable	0.4633028	0.2271062	0.2627737	0.2389163	0.2777778	0.2047478	0.2235294	0.2703963	0.3271277	0.3140878	0.2587269	0.265043	0.2683983	0.224622	0.2414487	0.2121641	0.2613169	0.2319392	0.2371968	0.204698	0.2148148	0.1917098	0.1854103	0.1455526	0.1558824	0.3010471	0.2990937	0.2515723	0.3251534	0.3466135	0.2965517	0.2919075	0.3	0.2952381	0.2242647	0.245614	0.2576271	0.2583893	0.2167183	0.2278481	0.2295082	0.2981366	0.2269231	0.2335958	0.1857923	0.2057416	0.2470588	0.2938389	
rapace sp.	0.0045872	0.0	0.0	0.0024631	0.0	0.0	0.0	0.0015	0.0	0.0	0.0041068	0.0014327	0.0021645	0.0021598	0.0	0.0014144	0.0061728	0.0019011	0.0053908	0.0	0.0024691	0.0	0.006079	0.0	0.0029412	0.0	0.0	0.0	0.0	0.0	0.0	0.0	0.005	0.0	0.0	0.0	0.0	0.0067114	0.006192	0.0025316	0.0	0.0	0.0	0.0	0.0	0.0	0.0	0.0	
Effraie des clochers	0.0	0.0	0.0036496	0.0	0.0	0.0	0.0	0.002331	0.0	0.0	0.0015	0.0014327	0.0	0.0021598	0.0	0.0014144	0.0	0.0	0.0	0.0015	0.0015	0.0	0.0091185	0.0	0.0	0.0015	0.0	0.0031447	0.0015	0.0015	0.0015	0.0	0.0015	0.0015	0.0	0.0	0.0	0.0	0.0	0.0	0.0	0.0	0.0	0.0	0.0	0.0	0.0	0.0	
Petit-duc scops	0.0	0.0	0.0	0.0	0.0	0.0	0.0	0.0	0.0	0.0	0.0	0.0	0.0	0.0	0.0	0.0	0.0	0.0	0.0	0.0	0.0	0.0	0.0	0.0	0.0	0.0	0.0015	0.0	0.0	0.0	0.0	0.0	0.0	0.0	0.0	0.0	0.0	0.0	0.0	0.0	0.0	0.0	0.0	0.0	0.0	0.0	0.0	0.0	
Grand-duc d'Europe	0.0	0.0	0.0036496	0.0015	0.003268	0.0059347	0.0047059	0.002331	0.0	0.0	0.0	0.0028653	0.0015	0.0021598	0.0	0.0014144	0.0020576	0.0057034	0.0	0.0	0.0015	0.0	0.0015	0.0	0.0029412	0.0	0.0030211	0.0031447	0.0	0.0	0.0015	0.0015	0.0	0.0015	0.0	0.002924	0.0015	0.0	0.0015	0.0	0.0	0.0	0.0015	0.0	0.0	0.0047847	0.0	0.0015	
Chevêchette d'Europe	0.0	0.0	0.0036496	0.0	0.0	0.0	0.0094118	0.0	0.0	0.0023095	0.0015	0.0014327	0.0	0.0	0.0	0.0014144	0.0	0.0019011	0.0	0.0016779	0.0	0.0	0.0	0.0	0.0	0.0	0.0	0.0	0.0015	0.0	0.0	0.0015	0.0	0.0	0.0	0.0	0.0	0.0	0.0	0.0015	0.0	0.0	0.0038462	0.0	0.0	0.0	0.0	0.0	
Chevêche d'Athéna	0.0	0.0	0.0	0.0	0.0	0.0015	0.0047059	0.004662	0.0	0.0	0.0	0.0014327	0.004329	0.0	0.0	0.0	0.0020576	0.0015	0.0080863	0.0016779	0.0	0.0015	0.0	0.0	0.0	0.0	0.0	0.0	0.0	0.0	0.0	0.0015	0.0	0.0015	0.0	0.0	0.0	0.0	0.0	0.0	0.0	0.0	0.0	0.0	0.0	0.0	0.0	0.0015	
Chouette hulotte	0.0015	0.007326	0.0109489	0.0015	0.0	0.0029674	0.0094118	0.006993	0.0053191	0.0015	0.0061602	0.0028653	0.004329	0.0043197	0.0040241	0.0070721	0.0	0.0095057	0.0080863	0.0033557	0.0024691	0.0015	0.0030395	0.0026954	0.0029412	0.0026178	0.0030211	0.0015	0.0122699	0.0119522	0.0015	0.0057803	0.015	0.0047619	0.0147059	0.002924	0.0033898	0.0033557	0.003096	0.0025316	0.0054645	0.0	0.0015	0.0052493	0.0	0.0	0.0	0.0015	
Hibou moyen-duc	0.0	0.0	0.0036496	0.0024631	0.0015	0.0015	0.0023529	0.0	0.0	0.0023095	0.0020534	0.0015	0.0021645	0.0021598	0.0040241	0.0015	0.0061728	0.0038023	0.0080863	0.0016779	0.0024691	0.0015	0.0030395	0.0026954	0.0029412	0.0	0.0	0.0	0.006135	0.0	0.0	0.0	0.0	0.0015	0.0	0.0015	0.0	0.0	0.0	0.0	0.0	0.0062112	0.0	0.0026247	0.0	0.0	0.0	0.0015	
Hibou des marais	0.0	0.0	0.0	0.0	0.0	0.0029674	0.0	0.0	0.0	0.0	0.0	0.0014327	0.0021645	0.0	0.0020121	0.0	0.0	0.0	0.0	0.0	0.0	0.0	0.0	0.0	0.0	0.0	0.0	0.0	0.0	0.0	0.0	0.0015	0.0	0.0	0.0	0.0	0.0	0.0	0.0	0.0	0.0	0.0	0.0	0.0	0.0	0.0	0.0	0.0	
Chouette de Tengmalm	0.0	0.0	0.0	0.0	0.0	0.0	0.0	0.0	0.0	0.0	0.0	0.0	0.0	0.0	0.0	0.0014144	0.0	0.0038023	0.0	0.0	0.0	0.0	0.0	0.0	0.0	0.0	0.0	0.0	0.0	0.0	0.0	0.0	0.0	0.0	0.0	0.0	0.0	0.0	0.0	0.0	0.0	0.0	0.0	0.0	0.0	0.0	0.0	0.0	
Strigiformes sp.	0.0	0.0	0.0	0.0	0.0	0.0029674	0.0	0.0	0.0	0.0	0.0	0.0	0.0	0.0	0.0	0.0	0.0	0.0	0.0	0.0	0.0	0.0	0.0	0.0	0.0	0.0	0.0	0.0	0.0	0.0	0.0	0.0	0.0	0.0	0.0	0.0	0.0	0.0	0.0	0.0	0.0	0.0	0.0	0.0	0.0	0.0	0.0	0.0	
Huppe fasciée	0.0	0.0	0.0	0.0	0.0	0.0	0.0	0.0	0.0	0.0	0.0	0.0028653	0.0064935	0.0086393	0.0160966	0.0042433	0.0185185	0.0209125	0.0161725	0.0151007	0.0320988	0.0051813	0.006079	0.0134771	0.0058824	0.0104712	0.0060423	0.0015	0.0	0.0039841	0.0015	0.0015	0.0015	0.0	0.0	0.0	0.0	0.0	0.0	0.0	0.0	0.0	0.0	0.0	0.0	0.0	0.0	0.0	
Guêpier d'Europe	0.0	0.0	0.0	0.0	0.0	0.0	0.0	0.0	0.0	0.0	0.0	0.0	0.0	0.0	0.0	0.0014144	0.0226337	0.026616	0.032345	0.0167785	0.0049383	0.0051813	0.006079	0.0	0.0029412	0.0078534	0.0060423	0.009434	0.0245399	0.0119522	0.0206897	0.0260116	0.08	0.0238095	0.0110294	0.0	0.0	0.0	0.0	0.0	0.0	0.0	0.0	0.0	0.0	0.0	0.0	0.0	
Martin-pêcheur d'Europe	0.1559633	0.1135531	0.0474453	0.0418719	0.0816993	0.0682493	0.0352941	0.044289	0.0425532	0.034642	0.0472279	0.0544413	0.0584416	0.0561555	0.0684105	0.0480905	0.0596708	0.0513308	0.0458221	0.0587248	0.054321	0.0466321	0.0577508	0.032345	0.0558824	0.091623	0.0513595	0.1352201	0.1840491	0.1713147	0.1241379	0.1618497	0.195	0.2333333	0.125	0.1929825	0.2271186	0.1442953	0.1578947	0.1949367	0.1639344	0.2857143	0.1423077	0.1863517	0.1530055	0.0813397	0.1215686	0.1895735	
Rollier d'Europe	0.0	0.0	0.0	0.0	0.0	0.0	0.0	0.0	0.0	0.0	0.0	0.0	0.0	0.0	0.0	0.0	0.0	0.0	0.0	0.0	0.0	0.0	0.0	0.0	0.0	0.0	0.0	0.0	0.0	0.0	0.0034483	0.0	0.0	0.0	0.0	0.0	0.0	0.0	0.0	0.0	0.0	0.0	0.0	0.0	0.0	0.0	0.0	0.0	
Torcol fourmilier	0.0	0.0	0.0	0.0	0.0	0.0	0.0	0.0	0.0	0.0	0.0020534	0.0114613	0.0562771	0.1058315	0.1408451	0.1202263	0.1316872	0.1007605	0.0916442	0.0855705	0.0691358	0.0310881	0.0547112	0.0296496	0.0323529	0.013089	0.0090634	0.0188679	0.006135	0.0199203	0.0034483	0.0057803	0.015	0.0047619	0.0	0.0	0.0	0.0	0.0	0.0	0.0	0.0	0.0	0.0	0.0	0.0	0.0	0.0	
Pic mar	0.1009174	0.043956	0.1021898	0.08867	0.1176471	0.1127596	0.1364706	0.1631702	0.2101064	0.1385681	0.1889117	0.1432665	0.1385281	0.0863931	0.0865191	0.0579915	0.0288066	0.0361217	0.0566038	0.0604027	0.1555556	0.119171	0.1458967	0.1347709	0.1294118	0.1675393	0.1389728	0.1132075	0.0858896	0.1553785	0.1137931	0.1445087	0.21	0.1666667	0.1433824	0.1666667	0.1288136	0.1677852	0.1671827	0.156962	0.1147541	0.0869565	0.1038462	0.0708661	0.0601093	0.0287081	0.0627451	0.1137441	
Pic épeiche	0.4816514	0.3809524	0.350365	0.3522167	0.3660131	0.3916914	0.3741176	0.3356643	0.4414894	0.2725173	0.3285421	0.2965616	0.3073593	0.2462203	0.2877264	0.2135785	0.2283951	0.2186312	0.2695418	0.3372483	0.3382716	0.3367876	0.3069909	0.2641509	0.2823529	0.3324607	0.3202417	0.3647799	0.3742331	0.4023904	0.4413793	0.4479769	0.385	0.4190476	0.375	0.380117	0.3661017	0.3959732	0.380805	0.3746835	0.3060109	0.4037267	0.3384615	0.312336	0.3224044	0.1913876	0.3529412	0.436019	
Dendrocopos sp.	0.0	0.0	0.0	0.0	0.0	0.0	0.0	0.0	0.0	0.0	0.0	0.0	0.0	0.0	0.0	0.0014144	0.0020576	0.0	0.0	0.0	0.0	0.0	0.0	0.0	0.0	0.0	0.0	0.0031447	0.006135	0.0	0.0034483	0.0	0.0	0.0	0.0	0.0	0.0169492	0.0	0.0	0.0	0.0	0.0062112	0.0038462	0.0	0.0	0.0	0.0039216	0.0	
Pic épeichette	0.0183486	0.003663	0.0036496	0.0172414	0.0163399	0.0118694	0.0329412	0.039627	0.0425532	0.0254042	0.0308008	0.0415473	0.025974	0.0323974	0.028169	0.0183876	0.0041152	0.0152091	0.0134771	0.011745	0.0197531	0.007772	0.0303951	0.0134771	0.0176471	0.0209424	0.0120846	0.0220126	0.0122699	0.0438247	0.0206897	0.0549133	0.045	0.047619	0.0147059	0.0263158	0.0237288	0.0268456	0.0309598	0.0202532	0.0327869	0.0248447	0.0038462	0.0104987	0.0218579	0.0095694	0.0117647	0.0189573	
Pic cendré	0.0183486	0.0	0.0109489	0.0024631	0.0098039	0.0148368	0.0070588	0.009324	0.018617	0.0207852	0.0184805	0.025788	0.0108225	0.0151188	0.0140845	0.0056577	0.0020576	0.0057034	0.0015	0.0067114	0.0049383	0.0025907	0.006079	0.0	0.0117647	0.0052356	0.0120846	0.0031447	0.0015	0.0	0.0034483	0.0	0.03	0.0	0.0	0.005848	0.0067797	0.0033557	0.006192	0.0050633	0.0054645	0.0124224	0.0115385	0.0	0.0273224	0.0047847	0.0	0.014218	
Pic vert	0.1513761	0.1172161	0.0985401	0.1206897	0.1568627	0.115727	0.1835294	0.2167832	0.3005319	0.2009238	0.2772074	0.230659	0.2164502	0.1965443	0.1851107	0.1386139	0.1193416	0.0931559	0.0727763	0.0704698	0.0716049	0.0699482	0.0486322	0.0727763	0.1705882	0.1884817	0.2688822	0.2484277	0.2208589	0.2350598	0.2586207	0.2369942	0.195	0.2190476	0.1764706	0.251462	0.2237288	0.238255	0.2105263	0.2126582	0.1693989	0.136646	0.1	0.1154856	0.1202186	0.062201	0.1019608	0.1706161	
Pic cendré ou P. vert	0.0	0.0	0.0	0.0	0.0	0.0	0.0	0.0	0.0	0.0	0.0	0.0	0.0	0.0	0.0	0.0	0.0	0.0	0.0	0.0	0.0	0.0	0.0	0.0	0.0	0.0	0.0	0.0	0.006135	0.0	0.0	0.0	0.0	0.0	0.0	0.0	0.0	0.0	0.0	0.0	0.0	0.0	0.0	0.0	0.0	0.0	0.0	0.0	
Picus sp.	0.0	0.0	0.0	0.0	0.0	0.0	0.0023529	0.0	0.0	0.0	0.0	0.0	0.0	0.0	0.0	0.0	0.0	0.0	0.0	0.0	0.0	0.0	0.0	0.0	0.0	0.0	0.0015	0.0	0.0	0.0	0.0	0.0	0.0	0.0	0.0	0.0	0.0	0.0	0.0	0.0	0.0	0.0	0.0	0.0	0.0	0.0	0.0	0.0	
Pic noir	0.0504587	0.047619	0.0510949	0.0615764	0.0490196	0.0385757	0.0376471	0.0582751	0.0638298	0.0484988	0.0574949	0.0487106	0.0367965	0.0410367	0.0684105	0.0466761	0.0349794	0.0418251	0.0458221	0.045302	0.0345679	0.0414508	0.0364742	0.032345	0.0323529	0.0340314	0.021148	0.0314465	0.0306748	0.0278884	0.0586207	0.0635838	0.05	0.0666667	0.0183824	0.0438596	0.0745763	0.057047	0.0743034	0.0405063	0.0382514	0.0248447	0.0692308	0.0577428	0.0218579	0.0382775	0.0509804	0.042654	
pic sp.	0.0	0.0	0.0036496	0.0	0.003268	0.0	0.0023529	0.0	0.0053191	0.0069284	0.0020534	0.0	0.0	0.0	0.0	0.0	0.0	0.0038023	0.0	0.0	0.0024691	0.0	0.0	0.0	0.0	0.0	0.0	0.0	0.0	0.0039841	0.0	0.0	0.005	0.0047619	0.0	0.0	0.0	0.0033557	0.0	0.0	0.0	0.0	0.0	0.0	0.0	0.0	0.0	0.0094787	
Faucon crécerelle	0.1238532	0.0622711	0.0656934	0.0615764	0.0588235	0.0445104	0.0494118	0.0606061	0.0585106	0.0623557	0.1149897	0.1131805	0.1796537	0.1555076	0.1851107	0.2022631	0.1934156	0.1901141	0.1590296	0.1224832	0.1654321	0.0984456	0.1428571	0.0997305	0.0823529	0.1465969	0.1329305	0.163522	0.190184	0.1434263	0.1482759	0.1069364	0.18	0.1571429	0.125	0.1491228	0.1152542	0.1442953	0.1083591	0.0987342	0.0655738	0.0869565	0.0576923	0.0892388	0.0983607	0.1148325	0.1098039	0.1421801	
Faucon kobez	0.0	0.0	0.0	0.0	0.0	0.0	0.0	0.0	0.0	0.0	0.0	0.0	0.0	0.0	0.0	0.0028289	0.0041152	0.0	0.0	0.0	0.0	0.0	0.0	0.0	0.0	0.0	0.0	0.0	0.0	0.0	0.0	0.0	0.0	0.0	0.0	0.002924	0.0	0.0	0.0	0.0	0.0	0.0	0.0	0.0	0.0	0.0	0.0	0.0	
Faucon émerillon	0.0229358	0.007326	0.0072993	0.0073892	0.0065359	0.0118694	0.0047059	0.002331	0.0015	0.0092379	0.0061602	0.004298	0.004329	0.0021598	0.0040241	0.0	0.0020576	0.0	0.0	0.0	0.0	0.0	0.0	0.0	0.0	0.0	0.0	0.0	0.0	0.0	0.0	0.0	0.0	0.0	0.0	0.0	0.0033898	0.0100671	0.003096	0.0050633	0.010929	0.0	0.0	0.007874	0.0	0.0015	0.0015	0.0189573	
Faucon hobereau	0.0	0.0	0.0	0.0	0.0	0.0	0.0	0.0	0.0	0.0	0.0	0.0014327	0.0021645	0.0	0.0020121	0.0311174	0.037037	0.0228137	0.0431267	0.0268456	0.0419753	0.007772	0.0151976	0.0053908	0.0088235	0.0104712	0.0151057	0.0220126	0.0245399	0.0159363	0.0137931	0.0317919	0.02	0.0285714	0.0183824	0.005848	0.0101695	0.0	0.0	0.0	0.0	0.0	0.0	0.0	0.0	0.0	0.0	0.0	
Faucon pèlerin	0.0275229	0.029304	0.0291971	0.0147783	0.0098039	0.0059347	0.0070588	0.006993	0.0159574	0.0138568	0.0041068	0.0071633	0.0151515	0.0107991	0.0100604	0.0113154	0.0144033	0.0114068	0.0026954	0.0083893	0.0024691	0.0015	0.0030395	0.0053908	0.0088235	0.0015	0.0151057	0.0220126	0.0245399	0.0159363	0.0068966	0.0086705	0.025	0.0095238	0.0036765	0.0175439	0.020339	0.0268456	0.0185759	0.0151899	0.010929	0.0186335	0.0076923	0.0052493	0.0163934	0.0015	0.0078431	0.0189573	
Falco sp.	0.0045872	0.003663	0.0	0.0	0.0	0.0	0.0	0.002331	0.0026596	0.0	0.0	0.0071633	0.0064935	0.0	0.0040241	0.0056577	0.0	0.0114068	0.0026954	0.0	0.0	0.0025907	0.006079	0.0	0.0	0.0	0.0	0.0	0.0	0.0	0.0	0.0	0.0	0.0047619	0.0	0.005848	0.0101695	0.0100671	0.006192	0.0025316	0.0	0.0062112	0.0	0.0	0.0	0.0	0.0	0.0	
rapace diurne sp.	0.0	0.0	0.0	0.0	0.003268	0.0	0.0	0.002331	0.0	0.0023095	0.0020534	0.0014327	0.0	0.0	0.0020121	0.0	0.0020576	0.0019011	0.0026954	0.0016779	0.0	0.0025907	0.0030395	0.0026954	0.0029412	0.0026178	0.0	0.0015	0.0	0.0039841	0.0	0.0057803	0.01	0.0	0.0036765	0.002924	0.0067797	0.0033557	0.0	0.0	0.0	0.0	0.0038462	0.0	0.0	0.0	0.0	0.0	
Calopsitte élégante	0.0	0.0	0.0	0.0	0.0	0.0	0.0	0.0	0.0	0.0	0.0	0.0	0.0	0.0021598	0.0	0.0	0.0	0.0	0.0	0.0	0.0	0.0	0.0	0.0	0.0	0.0	0.0	0.0	0.0	0.0	0.0	0.0	0.0	0.0	0.0	0.0	0.0	0.0	0.0	0.0	0.0	0.0	0.0	0.0	0.0	0.0	0.0	0.0	
Cacatoès blanc	0.0	0.0	0.0	0.0	0.0	0.0	0.0	0.0	0.0	0.0	0.0	0.0	0.0	0.0	0.0	0.0	0.0	0.0	0.0	0.0	0.0015	0.0	0.0	0.0	0.0	0.0	0.0	0.0	0.0	0.0	0.0	0.0	0.0	0.0	0.0	0.0	0.0	0.0	0.0	0.0	0.0	0.0	0.0	0.0	0.0	0.0	0.0	0.0	
Inséparable masqué	0.0	0.0	0.0	0.0	0.0	0.0	0.0	0.0	0.0	0.0015	0.0	0.0	0.0	0.0	0.0	0.0	0.0	0.0	0.0	0.0	0.0	0.0	0.0	0.0	0.0	0.0	0.0	0.0	0.0	0.0	0.0	0.0	0.0	0.0	0.0	0.0	0.0	0.0	0.0	0.0	0.0	0.0	0.0	0.0	0.0	0.0	0.0	0.0	
Loriot d'Europe	0.0	0.0	0.0	0.0	0.0	0.0	0.0	0.0	0.0	0.0	0.0	0.0	0.0	0.0	0.0040241	0.0594059	0.1378601	0.1806084	0.148248	0.1560403	0.1358025	0.1165803	0.1458967	0.1132075	0.1470588	0.1492147	0.0966767	0.1257862	0.1042945	0.0557769	0.0275862	0.0115607	0.0	0.0	0.0	0.0	0.0	0.0	0.0	0.0	0.0	0.0	0.0	0.0	0.0	0.0	0.0	0.0	
Pie-grièche écorcheur	0.0	0.0	0.0	0.0	0.0	0.0	0.0	0.0	0.0	0.0	0.0	0.0	0.0	0.0	0.0060362	0.0424328	0.127572	0.1444867	0.1832884	0.2281879	0.2296296	0.1839378	0.1762918	0.1105121	0.1735294	0.1439791	0.1208459	0.172956	0.1656442	0.0876494	0.0551724	0.0433526	0.0	0.0142857	0.0015	0.005848	0.0	0.0	0.0	0.0	0.0	0.0	0.0	0.0	0.0	0.0	0.0	0.0	
Pie-grièche grise	0.0458716	0.0512821	0.0620438	0.0492611	0.0228758	0.0296736	0.0282353	0.013986	0.0053191	0.0115473	0.0041068	0.0028653	0.0021645	0.0	0.0015	0.0	0.0	0.0	0.0	0.0	0.0015	0.0	0.0	0.0	0.0	0.0	0.0	0.0	0.0	0.0	0.0	0.0	0.0	0.0	0.0	0.0015	0.0237288	0.0402685	0.0557276	0.0582278	0.0491803	0.0124224	0.05	0.0472441	0.0546448	0.0430622	0.0235294	0.0379147	
Geai des chênes	0.3302752	0.2234432	0.2664234	0.2241379	0.2777778	0.2581602	0.24	0.2027972	0.2446809	0.1732102	0.1991786	0.1819484	0.1774892	0.1792657	0.1911469	0.1471004	0.1419753	0.1235741	0.1455526	0.1459732	0.1530864	0.1580311	0.1580547	0.1509434	0.15	0.1596859	0.1601208	0.1540881	0.1533742	0.2549801	0.237931	0.2485549	0.28	0.3142857	0.2977941	0.3216374	0.2813559	0.3926174	0.3281734	0.3088608	0.2404372	0.3229814	0.2692308	0.3333333	0.3060109	0.2488038	0.2980392	0.3222749	
Pie bavarde	0.3027523	0.1355311	0.1240876	0.1403941	0.1928105	0.189911	0.1341176	0.1678322	0.1542553	0.1547344	0.1765914	0.2034384	0.1796537	0.187905	0.1649899	0.1301273	0.127572	0.1178707	0.1078167	0.0721477	0.1580247	0.1062176	0.1306991	0.0943396	0.1470588	0.065445	0.0936556	0.1603774	0.1595092	0.1513944	0.1275862	0.1300578	0.16	0.147619	0.1066176	0.1315789	0.1898305	0.1375839	0.120743	0.1974684	0.2295082	0.2111801	0.1461538	0.1627297	0.1584699	0.1291866	0.2039216	0.3270142	
Cassenoix moucheté	0.0	0.0	0.0	0.0	0.0	0.0	0.0	0.0	0.0	0.0	0.0	0.0015	0.0	0.0	0.0	0.0	0.0	0.0019011	0.0015	0.0	0.0	0.0051813	0.0	0.0015	0.0088235	0.0052356	0.0060423	0.0125786	0.0015	0.0	0.0103448	0.0015	0.0	0.0015	0.0015	0.0	0.0	0.0	0.0	0.0	0.0	0.0062112	0.0	0.0	0.0	0.0	0.0039216	0.0	
Choucas des tours	0.1513761	0.0915751	0.0766423	0.08867	0.1111111	0.0830861	0.0729412	0.1165501	0.0904255	0.0900693	0.0780287	0.0959885	0.1147186	0.0820734	0.0925553	0.0848656	0.1213992	0.1102662	0.0727763	0.0469799	0.0790123	0.0362694	0.0577508	0.0512129	0.0352941	0.0340314	0.021148	0.0283019	0.0490798	0.0358566	0.0586207	0.0780347	0.075	0.0428571	0.0772059	0.1081871	0.1254237	0.090604	0.1021672	0.1544304	0.1639344	0.1552795	0.1346154	0.0892388	0.0710383	0.0956938	0.0745098	0.0758294	
Corbeau freux	0.2110092	0.1245421	0.0912409	0.1034483	0.1633987	0.1097923	0.1082353	0.1212121	0.1090426	0.108545	0.1540041	0.1762178	0.1645022	0.2095032	0.2112676	0.1824611	0.2201646	0.1825095	0.148248	0.0805369	0.0740741	0.0466321	0.0547112	0.0269542	0.0235294	0.0235602	0.0302115	0.0440252	0.0797546	0.0358566	0.0344828	0.1184971	0.075	0.1047619	0.0955882	0.1374269	0.1559322	0.1677852	0.2012384	0.2050633	0.1803279	0.1304348	0.1307692	0.167979	0.1311475	0.138756	0.0980392	0.1421801	
Corneille noire	0.6605505	0.5201465	0.580292	0.5665025	0.6437908	0.5637982	0.5105882	0.5314685	0.6675532	0.5427252	0.6016427	0.5716332	0.5930736	0.5053996	0.498994	0.4681754	0.5041152	0.4790875	0.4070081	0.3775168	0.4271605	0.3678756	0.3799392	0.3638814	0.3764706	0.3691099	0.3625378	0.4213836	0.3742331	0.4223108	0.4068966	0.4277457	0.4	0.5047619	0.3602941	0.4766082	0.4915254	0.5	0.5603715	0.5974684	0.5245902	0.5962733	0.5115385	0.5564304	0.5737705	0.5215311	0.5568627	0.6303318	
Hybride Corneille noire x C. mantelée	0.0	0.0	0.0	0.0	0.0	0.0	0.0	0.0	0.0	0.0	0.0	0.0	0.0	0.0	0.0	0.0	0.0	0.0	0.0	0.0	0.0	0.0	0.0	0.0	0.0	0.0	0.0	0.0	0.0	0.0	0.0	0.0	0.0	0.0	0.0	0.0	0.0	0.0	0.0	0.0	0.0	0.0	0.0	0.0	0.0	0.0	0.0039216	0.0	
corneille sp.	0.0	0.0	0.0036496	0.0	0.0	0.0	0.0	0.0015	0.0	0.0023095	0.0020534	0.0014327	0.0	0.0	0.0	0.0014144	0.0020576	0.0019011	0.0	0.0016779	0.0049383	0.0	0.0	0.0015	0.0029412	0.0	0.0	0.0	0.0122699	0.0039841	0.0	0.0	0.0	0.0047619	0.0036765	0.0	0.0	0.0	0.003096	0.0	0.0	0.0	0.0	0.0	0.0054645	0.0047847	0.0	0.0	
Grand Corbeau	0.1376147	0.1245421	0.1240876	0.1403941	0.1045752	0.0801187	0.0776471	0.0769231	0.0611702	0.0900693	0.0698152	0.0616046	0.0627706	0.0583153	0.0583501	0.0579915	0.0411523	0.0532319	0.0727763	0.0536913	0.0469136	0.0595855	0.0455927	0.0431267	0.0588235	0.0549738	0.0513595	0.0534591	0.0797546	0.0796813	0.1068966	0.0924855	0.1	0.0285714	0.0772059	0.0672515	0.0338983	0.0771812	0.0495356	0.0506329	0.0382514	0.0496894	0.0307692	0.0787402	0.1147541	0.0574163	0.0745098	0.1042654	
corneille ou corbeau sp.	0.0	0.0	0.0	0.0024631	0.0	0.0	0.0	0.0	0.0	0.0	0.0	0.0	0.0	0.0	0.0	0.0	0.0	0.0	0.0	0.0	0.0	0.0	0.0	0.0	0.0	0.0	0.0	0.0	0.0	0.0	0.0	0.0	0.0	0.0	0.0	0.0	0.0	0.0	0.0	0.0	0.0	0.0	0.0	0.0	0.0	0.0	0.0	0.0	
corvidé sp.	0.0	0.0	0.0	0.0	0.0	0.0	0.0	0.0	0.0	0.0023095	0.0	0.0	0.0	0.0	0.0	0.0	0.0	0.0019011	0.0	0.0	0.0	0.0	0.0	0.0	0.0	0.0	0.0	0.0	0.0	0.0	0.0	0.0	0.0	0.0	0.0	0.0	0.0	0.0	0.0	0.0	0.0	0.0062112	0.0	0.0	0.0	0.0	0.0	0.0	
Mésange noire	0.059633	0.0512821	0.0729927	0.0862069	0.0915033	0.1364985	0.0917647	0.0699301	0.0159574	0.0554273	0.0390144	0.0501433	0.0324675	0.0561555	0.0382294	0.0254597	0.0246914	0.0722433	0.0916442	0.0805369	0.0716049	0.1398964	0.1306991	0.0916442	0.0882353	0.1020942	0.060423	0.0503145	0.0736196	0.12749	0.1344828	0.0693642	0.075	0.0333333	0.0919118	0.0614035	0.020339	0.0805369	0.0650155	0.043038	0.0382514	0.0124224	0.0192308	0.0446194	0.0	0.0143541	0.0117647	0.0663507	
Mésange huppée	0.0321101	0.032967	0.0437956	0.0665025	0.0849673	0.1008902	0.0635294	0.0512821	0.0132979	0.0323326	0.0123203	0.0114613	0.012987	0.0086393	0.0160966	0.0015	0.0082305	0.0171103	0.0188679	0.0201342	0.0123457	0.0647668	0.0516717	0.0539084	0.0588235	0.0942408	0.0513595	0.0597484	0.0306748	0.1075697	0.0931034	0.0606936	0.04	0.0285714	0.0477941	0.0263158	0.0135593	0.0402685	0.0464396	0.0151899	0.0163934	0.0124224	0.0192308	0.0341207	0.0546448	0.0095694	0.0470588	0.042654	
Mésange nonnette	0.2293578	0.2124542	0.2189781	0.226601	0.3104575	0.2225519	0.2117647	0.2261072	0.2180851	0.1755196	0.1355236	0.1303725	0.1082251	0.0799136	0.084507	0.0636492	0.0534979	0.1007605	0.0781671	0.1107383	0.0592593	0.134715	0.0820669	0.1051213	0.1117647	0.1125654	0.1570997	0.1226415	0.1472393	0.2390438	0.2896552	0.2716763	0.165	0.1952381	0.2904412	0.1549708	0.1355932	0.2583893	0.1950464	0.1518987	0.147541	0.1304348	0.1961538	0.2257218	0.147541	0.138756	0.2392157	0.2938389	
Mésange boréale	0.0	0.007326	0.0036496	0.0049261	0.0163399	0.0118694	0.0047059	0.004662	0.0053191	0.0046189	0.0082136	0.008596	0.008658	0.0043197	0.0040241	0.0014144	0.0	0.0076046	0.0053908	0.0033557	0.0049383	0.0025907	0.0121581	0.0015	0.0029412	0.013089	0.0090634	0.0251572	0.006135	0.0159363	0.0034483	0.0086705	0.01	0.0142857	0.0015	0.0087719	0.0033898	0.0100671	0.003096	0.0025316	0.0	0.0062112	0.0	0.0131234	0.0	0.0	0.0196078	0.0094787	
Mésange nonnette ou M. boréale	0.0091743	0.0	0.0	0.0024631	0.0	0.0029674	0.0	0.0015	0.0026596	0.0	0.0015	0.0	0.0	0.0	0.0	0.0	0.0020576	0.0	0.0	0.0	0.0	0.0025907	0.0	0.0	0.0	0.0	0.0	0.0031447	0.006135	0.0	0.0	0.0	0.0	0.0	0.0	0.0	0.0	0.0	0.0	0.0025316	0.0	0.0062112	0.0	0.0	0.0	0.0	0.0	0.0	
Mésange bleue	0.559633	0.4835165	0.5182482	0.5541872	0.6535948	0.7032641	0.6752941	0.6107226	0.7047872	0.5150115	0.5831622	0.6232092	0.6255411	0.537797	0.4708249	0.4299859	0.4032922	0.3954373	0.3207547	0.3355705	0.3308642	0.4300518	0.4224924	0.3504043	0.3411765	0.4685864	0.4169184	0.408805	0.4355828	0.5418327	0.5275862	0.517341	0.555	0.5095238	0.5404412	0.5263158	0.4983051	0.5067114	0.4829721	0.521519	0.4043716	0.5031056	0.4307692	0.4671916	0.4644809	0.3397129	0.427451	0.5829384	
Mésange charbonnière	0.6697248	0.6007326	0.5875912	0.6625616	0.7614379	0.7952522	0.7552941	0.7156177	0.8111702	0.6258661	0.7433265	0.7793696	0.7467532	0.6609071	0.61167	0.5388967	0.5432099	0.539924	0.541779	0.4932886	0.4320988	0.4326425	0.3647416	0.3881402	0.4205882	0.4712042	0.4984894	0.4559748	0.4846626	0.5537849	0.6172414	0.583815	0.61	0.6571429	0.7205882	0.7280702	0.6881356	0.6946309	0.6656347	0.6708861	0.5846995	0.6708075	0.6	0.656168	0.6448087	0.5263158	0.5686275	0.5829384	
Rémiz penduline	0.0045872	0.0	0.0072993	0.0	0.0	0.0	0.0	0.0	0.0015	0.0046189	0.0041068	0.004298	0.0108225	0.0043197	0.0080483	0.0	0.0	0.0019011	0.0	0.0	0.0	0.0	0.0	0.0	0.0	0.0	0.0	0.0	0.0	0.0	0.0	0.0	0.0	0.0	0.0	0.002924	0.0033898	0.033557	0.0371517	0.0075949	0.0054645	0.0	0.0038462	0.007874	0.0	0.0	0.0	0.0015	
Alouette lulu	0.0045872	0.003663	0.0	0.0024631	0.0	0.0029674	0.0047059	0.039627	0.0212766	0.0230947	0.0123203	0.008596	0.008658	0.012959	0.0261569	0.0254597	0.0329218	0.0285171	0.0269542	0.0083893	0.0148148	0.0129534	0.006079	0.0015	0.0088235	0.0078534	0.0090634	0.0	0.0	0.0	0.0	0.0	0.0	0.0	0.0036765	0.0116959	0.0237288	0.090604	0.0866873	0.0734177	0.0218579	0.0186335	0.0038462	0.0026247	0.0	0.0047847	0.0	0.0	
Alouette des champs	0.0963303	0.0842491	0.0583942	0.0763547	0.0588235	0.0860534	0.0964706	0.0699301	0.0691489	0.1524249	0.1067762	0.0931232	0.1363636	0.1339093	0.1730382	0.1202263	0.1831276	0.1311787	0.1105121	0.0838926	0.0938272	0.0621762	0.0638298	0.0619946	0.0647059	0.052356	0.0664653	0.0628931	0.0245399	0.0119522	0.0103448	0.0317919	0.02	0.0238095	0.0036765	0.0292398	0.0542373	0.114094	0.1919505	0.2101266	0.1584699	0.1552795	0.1269231	0.1312336	0.0765027	0.0717703	0.1137255	0.0947867	
Cochevis huppé	0.0	0.0	0.0015	0.0	0.003268	0.0059347	0.0	0.0	0.0053191	0.0069284	0.0061602	0.004298	0.0015	0.0064795	0.0020121	0.0014144	0.0020576	0.0038023	0.0	0.0	0.0	0.0	0.0030395	0.0	0.0	0.0026178	0.0	0.0	0.006135	0.0	0.0015	0.0	0.0	0.0	0.0	0.002924	0.0	0.0	0.0	0.0	0.0	0.0	0.0	0.0	0.0	0.0	0.0	0.0015	
Alouette calandre	0.0	0.0	0.0	0.0	0.0	0.0	0.0	0.0	0.0	0.0	0.0	0.0	0.0	0.0	0.0	0.0014144	0.0	0.0	0.0	0.0	0.0	0.0	0.0	0.0	0.0	0.0	0.0	0.0	0.0	0.0	0.0	0.0	0.0	0.0	0.0	0.0	0.0	0.0	0.0	0.0	0.0	0.0	0.0	0.0	0.0	0.0	0.0	0.0	
alaudidé sp.	0.0	0.0	0.0	0.0	0.0	0.0	0.0	0.0	0.0	0.0	0.0	0.0014327	0.0	0.0	0.0	0.0	0.0	0.0	0.0	0.0	0.0	0.0	0.0	0.0	0.0	0.0	0.0	0.0	0.0	0.0	0.0	0.0	0.0	0.0	0.0	0.0	0.0	0.0	0.003096	0.0025316	0.0	0.0	0.0	0.0	0.0	0.0	0.0	0.0	
Panure à moustaches	0.0	0.0	0.0	0.0	0.0	0.0	0.0	0.0	0.0	0.0	0.0	0.0	0.0	0.0021598	0.0	0.0	0.0	0.0	0.0	0.0	0.0	0.0	0.0	0.0	0.0	0.0	0.0	0.0	0.0	0.0	0.0	0.0	0.0	0.0	0.0	0.0	0.0	0.0033557	0.0123839	0.0	0.0218579	0.0	0.0	0.0	0.0	0.0	0.0	0.0	
Hypolaïs polyglotte	0.0	0.0	0.0	0.0	0.0	0.0	0.0	0.0	0.0	0.0	0.0	0.0	0.0	0.0	0.0	0.0212164	0.0226337	0.0456274	0.0431267	0.0486577	0.0444444	0.0362694	0.0212766	0.0134771	0.0	0.0026178	0.0030211	0.0031447	0.006135	0.0	0.0034483	0.0	0.0	0.0	0.0	0.0	0.0	0.0	0.0	0.0	0.0	0.0	0.0	0.0	0.0	0.0	0.0	0.0	
Hypolaïs ictérine	0.0	0.0	0.0	0.0	0.0	0.0	0.0	0.0	0.0	0.0	0.0	0.0	0.0	0.0	0.0	0.0028289	0.0	0.0019011	0.0080863	0.0050336	0.0	0.0	0.0	0.0	0.0	0.0	0.0	0.0	0.0	0.0	0.0	0.0	0.005	0.0	0.0	0.0	0.0	0.0	0.0	0.0	0.0	0.0	0.0	0.0	0.0	0.0	0.0	0.0	
Hypolaïs polyglotte ou H. ictérine	0.0	0.0	0.0	0.0	0.0	0.0	0.0	0.0	0.0	0.0	0.0	0.0	0.0	0.0	0.0	0.0014144	0.0	0.0	0.0	0.0	0.0	0.0	0.0	0.0	0.0	0.0	0.0	0.0	0.0	0.0	0.0	0.0	0.0	0.0	0.0	0.0	0.0	0.0	0.0	0.0	0.0	0.0	0.0	0.0	0.0	0.0	0.0	0.0	
Phragmite des joncs	0.0	0.0	0.0	0.0	0.0	0.0	0.0	0.0	0.0	0.0	0.0	0.0014327	0.004329	0.0043197	0.0060362	0.0042433	0.0041152	0.0038023	0.0	0.0	0.0	0.0	0.0	0.0	0.0	0.0	0.0	0.0	0.006135	0.0	0.0034483	0.0	0.005	0.0	0.0	0.0	0.0	0.0	0.0	0.0	0.0	0.0	0.0	0.0	0.0	0.0	0.0	0.0	
Rousserolle verderolle	0.0	0.0	0.0	0.0	0.0	0.0	0.0	0.0	0.0	0.0	0.0	0.0	0.0	0.0	0.0	0.0	0.0061728	0.0152091	0.0485175	0.0536913	0.0419753	0.0259067	0.0243161	0.0053908	0.0058824	0.0026178	0.0030211	0.0062893	0.006135	0.0039841	0.0	0.0	0.0	0.0	0.0	0.0	0.0	0.0	0.0	0.0	0.0	0.0	0.0	0.0	0.0	0.0	0.0	0.0	
Rousserolle effarvatte	0.0	0.0	0.0	0.0	0.0	0.0	0.0	0.0	0.0	0.0	0.0	0.0	0.004329	0.0064795	0.0362173	0.0806223	0.0843621	0.108365	0.1266846	0.135906	0.0987654	0.0777202	0.100304	0.0404313	0.1058824	0.1099476	0.0634441	0.0566038	0.0981595	0.0717131	0.037931	0.0404624	0.03	0.0095238	0.0073529	0.0	0.0015	0.0	0.0	0.0025316	0.0	0.0	0.0	0.0	0.0	0.0	0.0	0.0	
Rousserolle verderolle ou R. effarvatte	0.0	0.0	0.0	0.0	0.0	0.0	0.0	0.0	0.0	0.0	0.0	0.0	0.0	0.0	0.0	0.0	0.0	0.0	0.0	0.0	0.0	0.0	0.0	0.0	0.0	0.0026178	0.0	0.0031447	0.0	0.0039841	0.0	0.0	0.01	0.0	0.0	0.0	0.0	0.0	0.0	0.0	0.0	0.0	0.0	0.0	0.0	0.0	0.0	0.0	
Rousserolle turdoïde	0.0	0.0	0.0	0.0	0.0	0.0	0.0	0.0	0.0	0.0	0.0	0.0	0.0	0.0	0.0020121	0.0014144	0.0	0.0057034	0.0107817	0.0050336	0.0197531	0.0103627	0.0151976	0.0	0.0029412	0.0	0.0030211	0.0	0.006135	0.0	0.0034483	0.0	0.0	0.0	0.0	0.0	0.0	0.0	0.0	0.0	0.0	0.0	0.0	0.0	0.0	0.0	0.0	0.0	
Acrocephalus sp.	0.0	0.0	0.0	0.0	0.0	0.0	0.0	0.0	0.0	0.0	0.0	0.0	0.0	0.0	0.0	0.0	0.0020576	0.0	0.0	0.0	0.0	0.0	0.0	0.0	0.0	0.0	0.0	0.0	0.0	0.0	0.0	0.0028902	0.0	0.0	0.0	0.0	0.0	0.0	0.0	0.0	0.0	0.0	0.0	0.0	0.0	0.0	0.0	0.0	
Locustelle luscinioïde	0.0	0.0	0.0	0.0	0.0	0.0	0.0	0.0	0.0	0.0	0.0	0.0	0.004329	0.0043197	0.0221328	0.0282885	0.0288066	0.026616	0.0242588	0.0151007	0.0197531	0.007772	0.006079	0.0053908	0.0294118	0.0104712	0.0030211	0.0031447	0.0	0.0	0.0	0.0	0.0015	0.0	0.0	0.0	0.0	0.0	0.0	0.0	0.0	0.0	0.0	0.0	0.0	0.0	0.0	0.0	
Locustelle tachetée	0.0	0.0	0.0	0.0	0.0	0.0	0.0	0.0	0.0	0.0	0.0	0.0	0.0	0.0237581	0.0603622	0.0792079	0.0658436	0.0437262	0.0377358	0.0436242	0.037037	0.0362694	0.0273556	0.0053908	0.0147059	0.0026178	0.0030211	0.0	0.006135	0.0039841	0.0068966	0.0028902	0.0015	0.0	0.0036765	0.0	0.0	0.0	0.0	0.0	0.0	0.0	0.0	0.0	0.0	0.0	0.0	0.0	
locustelle sp.	0.0	0.0	0.0	0.0	0.0	0.0	0.0	0.0	0.0	0.0	0.0	0.0	0.0	0.0	0.0	0.0014144	0.0	0.0	0.0026954	0.0016779	0.0	0.0	0.0	0.0	0.0	0.0026178	0.0	0.0	0.0	0.0	0.0	0.0	0.0	0.0	0.0	0.0	0.0	0.0	0.0	0.0	0.0	0.0	0.0	0.0	0.0	0.0	0.0	0.0	
Hirondelle de rivage	0.0	0.0	0.0	0.0	0.0	0.0	0.0	0.0	0.0	0.0	0.0020534	0.0014327	0.0151515	0.0237581	0.0181087	0.0367751	0.0329218	0.0380228	0.0404313	0.0251678	0.0493827	0.0284974	0.0425532	0.0188679	0.0294118	0.0314136	0.0332326	0.0220126	0.0245399	0.0557769	0.0310345	0.0289017	0.035	0.0380952	0.0147059	0.0087719	0.0	0.0	0.0	0.0	0.0	0.0	0.0	0.0	0.0	0.0	0.0	0.0	
Hirondelle de rochers	0.0	0.0	0.0	0.0	0.0	0.0	0.0	0.0	0.0015	0.0	0.0020534	0.0014327	0.0021645	0.0	0.0	0.0	0.0041152	0.0019011	0.0026954	0.0067114	0.0015	0.0015	0.006079	0.0080863	0.0117647	0.013089	0.0060423	0.0157233	0.0184049	0.0015	0.0103448	0.0028902	0.01	0.0	0.0036765	0.0	0.0	0.0	0.0	0.0	0.0	0.0	0.0	0.0	0.0	0.0	0.0	0.0	
Hirondelle rustique	0.0	0.0	0.0	0.0	0.0	0.0	0.0	0.0	0.0	0.0	0.0061602	0.0716332	0.1774892	0.2051836	0.2454728	0.2376238	0.3045267	0.2452471	0.245283	0.1543624	0.182716	0.1321244	0.1671733	0.1239892	0.1470588	0.2068063	0.2356495	0.2327044	0.2944785	0.3306773	0.3310345	0.3526012	0.31	0.252381	0.1911765	0.1432749	0.1355932	0.0738255	0.0402477	0.0101266	0.0054645	0.0	0.0	0.0	0.0	0.0	0.0	0.0	
Hirondelle de fenêtre	0.0	0.0	0.0	0.0	0.0	0.0	0.0	0.0	0.0	0.0	0.0	0.0143266	0.0411255	0.0604752	0.0925553	0.0806223	0.1296296	0.1197719	0.1212938	0.1342282	0.1753086	0.1321244	0.1641337	0.1644205	0.1529412	0.1989529	0.2114804	0.2610063	0.3680982	0.2629482	0.3172414	0.2803468	0.185	0.1761905	0.0919118	0.1111111	0.0508475	0.0302013	0.006192	0.0015	0.0	0.0	0.0	0.0	0.0	0.0	0.0	0.0	
Hybride Hirondelle rustique x H. de fenêtre	0.0	0.0	0.0	0.0	0.0	0.0	0.0	0.0	0.0	0.0	0.0	0.0	0.0	0.0	0.0	0.0	0.0	0.0	0.0	0.0	0.0	0.0	0.0	0.0	0.0	0.0	0.0	0.0	0.0	0.0	0.0	0.0	0.0	0.0	0.0	0.0015	0.0	0.0	0.0	0.0	0.0	0.0	0.0	0.0	0.0	0.0	0.0	0.0	
hirondelle sp.	0.0	0.0	0.0	0.0	0.0	0.0	0.0	0.0	0.0	0.0	0.0	0.0014327	0.0	0.0043197	0.0100604	0.0	0.0020576	0.0	0.0053908	0.0	0.0	0.0	0.0030395	0.0	0.0029412	0.0	0.0	0.0	0.0122699	0.0079681	0.0034483	0.0115607	0.01	0.0095238	0.0015	0.002924	0.0067797	0.0	0.003096	0.0	0.0	0.0	0.0	0.0	0.0	0.0	0.0	0.0	
Pouillot siffleur	0.0	0.0	0.0	0.0	0.0	0.0	0.0	0.0	0.0	0.0	0.0	0.0	0.0021645	0.0	0.0241449	0.0240453	0.0144033	0.039924	0.0431267	0.0167785	0.0074074	0.0259067	0.0151976	0.0080863	0.0	0.0052356	0.0	0.0031447	0.0	0.0039841	0.0034483	0.0	0.0	0.0	0.0	0.0	0.0	0.0	0.0	0.0	0.0	0.0	0.0	0.0	0.0	0.0	0.0	0.0	
Pouillot de Bonelli	0.0	0.0	0.0	0.0	0.0	0.0	0.0	0.0	0.0	0.0	0.0	0.0	0.0	0.0021598	0.0	0.0028289	0.0	0.0114068	0.0053908	0.0083893	0.0098765	0.007772	0.0091185	0.0026954	0.0029412	0.0	0.0	0.0	0.0	0.0039841	0.0	0.0	0.0	0.0	0.0	0.0	0.0	0.0	0.0	0.0	0.0	0.0	0.0	0.0	0.0	0.0	0.0	0.0	
Pouillot à grands sourcils	0.0	0.0	0.0	0.0	0.0	0.0	0.0	0.0	0.0	0.0	0.0	0.0	0.0	0.0	0.0	0.0	0.0	0.0	0.0	0.0	0.0	0.0	0.0	0.0	0.0	0.0	0.0	0.0	0.0	0.0	0.0	0.0	0.0	0.0	0.0	0.0	0.0033898	0.0	0.0	0.0	0.0	0.0	0.0	0.0	0.0	0.0	0.0	0.0	
Pouillot fitis	0.0	0.0	0.0	0.0	0.0	0.0	0.0	0.0	0.0	0.0	0.0	0.0458453	0.1818182	0.1943844	0.249497	0.251768	0.1213992	0.1121673	0.1778976	0.1241611	0.0814815	0.0854922	0.0334347	0.0080863	0.0058824	0.026178	0.021148	0.0220126	0.0306748	0.0318725	0.0344828	0.0317919	0.015	0.0428571	0.0036765	0.0116959	0.0	0.0	0.006192	0.0	0.0	0.0	0.0	0.0	0.0	0.0	0.0	0.0	
Pouillot véloce	0.0550459	0.018315	0.0328467	0.0344828	0.0457516	0.0029674	0.0305882	0.0745921	0.2606383	0.2863741	0.5071869	0.5902579	0.6428571	0.5226782	0.5110664	0.5261669	0.4814815	0.4809886	0.4824798	0.4798658	0.454321	0.5259067	0.4468085	0.4420485	0.4411765	0.4528796	0.3897281	0.2610063	0.3312883	0.4262948	0.5103448	0.5	0.4	0.4428571	0.4485294	0.4415205	0.3762712	0.3255034	0.2600619	0.2075949	0.1147541	0.0931677	0.0615385	0.0446194	0.0273224	0.0287081	0.0196078	0.0331754	
Pouillot fitis ou P. véloce	0.0	0.0	0.0	0.0	0.0	0.0	0.0	0.0	0.0	0.0	0.0	0.0014327	0.0021645	0.0021598	0.0	0.0	0.0	0.0	0.0	0.0	0.0	0.0	0.0030395	0.0	0.0	0.0	0.0060423	0.0031447	0.0	0.0039841	0.0	0.0057803	0.0	0.0	0.0	0.0	0.0	0.0	0.0	0.0	0.0	0.0	0.0	0.0	0.0	0.0	0.0	0.0	
pouillot sp.	0.0	0.0	0.0	0.0	0.0	0.0	0.0	0.0	0.0	0.0	0.0	0.0	0.0	0.0	0.0	0.0	0.0	0.0	0.0	0.0	0.0	0.0	0.0	0.0	0.0	0.0	0.0	0.0	0.0	0.0	0.0	0.0028902	0.005	0.0	0.0	0.0	0.0	0.0	0.0	0.0	0.0	0.0	0.0	0.0	0.0	0.0	0.0	0.0	
Bouscarle de Cetti	0.0	0.0	0.0	0.0	0.0	0.0	0.0	0.0	0.0	0.0	0.0	0.0	0.0	0.0	0.0	0.0	0.0	0.0	0.0	0.0	0.0	0.0	0.0	0.0	0.0	0.0	0.0	0.0	0.0	0.0	0.0	0.0	0.0	0.0	0.0	0.0	0.0	0.0	0.0	0.0	0.0	0.0	0.0	0.0	0.0	0.0	0.0039216	0.0	
Orite à longue queue	0.1834862	0.1465201	0.1277372	0.1280788	0.1764706	0.115727	0.1764706	0.1678322	0.1755319	0.1224018	0.1211499	0.1088825	0.1212121	0.0928726	0.110664	0.0862801	0.1213992	0.0912548	0.097035	0.0687919	0.0765432	0.0518135	0.0638298	0.0512129	0.05	0.0732984	0.0543807	0.1069182	0.1104294	0.1314741	0.1137931	0.1213873	0.135	0.152381	0.1360294	0.1374269	0.1661017	0.1610738	0.1826625	0.2126582	0.1639344	0.242236	0.2192308	0.1627297	0.147541	0.1196172	0.1372549	0.2511848	
Fauvette à tête noire	0.0091743	0.0015	0.0015	0.0	0.0	0.0029674	0.0117647	0.011655	0.0478723	0.073903	0.3059548	0.6289398	0.7792208	0.7559395	0.6861167	0.6958982	0.6728395	0.6958175	0.6873315	0.635906	0.6345679	0.7046632	0.6717325	0.7169811	0.6676471	0.6649215	0.5619335	0.3742138	0.4662577	0.4661355	0.462069	0.4537572	0.31	0.352381	0.2610294	0.2251462	0.1559322	0.0738255	0.0557276	0.0455696	0.010929	0.0062112	0.0076923	0.0	0.0	0.0	0.0039216	0.014218	
Fauvette des jardins	0.0	0.0	0.0	0.0	0.0	0.0	0.0	0.0	0.0	0.0	0.0	0.0	0.0021645	0.0043197	0.0140845	0.0763791	0.0925926	0.1235741	0.1401617	0.1191275	0.1037037	0.0958549	0.0851064	0.0485175	0.0647059	0.0602094	0.0151057	0.0157233	0.0122699	0.0079681	0.0	0.0057803	0.0	0.0142857	0.0036765	0.0	0.0015	0.0033557	0.0	0.0	0.0	0.0	0.0	0.0	0.0	0.0	0.0	0.0	
Fauvette babillarde	0.0	0.0	0.0	0.0	0.0	0.0	0.0	0.0	0.0	0.0	0.0	0.0	0.0108225	0.0302376	0.0744467	0.0891089	0.0329218	0.0285171	0.032345	0.0369128	0.0296296	0.0259067	0.0273556	0.0080863	0.0029412	0.0026178	0.0015	0.0062893	0.0122699	0.0079681	0.0068966	0.0086705	0.0	0.0095238	0.0	0.002924	0.0	0.0	0.0	0.0	0.0	0.0	0.0	0.0	0.0	0.0	0.0	0.0	
Fauvette grisette	0.0	0.0	0.0	0.0	0.0	0.0	0.0	0.0	0.0	0.0	0.0	0.0	0.0194805	0.0647948	0.1227364	0.1881188	0.1481481	0.1558935	0.1212938	0.1208054	0.1185185	0.0880829	0.0638298	0.0458221	0.0352941	0.0235602	0.0060423	0.0251572	0.0122699	0.0278884	0.0103448	0.0144509	0.02	0.0142857	0.0036765	0.0	0.0	0.0	0.0	0.0	0.0	0.0	0.0	0.0	0.0	0.0	0.0	0.0	
Roitelet huppé	0.1100917	0.0842491	0.0474453	0.0541872	0.0947712	0.0712166	0.08	0.0979021	0.0771277	0.0461894	0.0246407	0.0243553	0.017316	0.0237581	0.0201207	0.0240453	0.0144033	0.0494297	0.0512129	0.057047	0.0469136	0.1010363	0.0547112	0.0431267	0.0205882	0.052356	0.0332326	0.0283019	0.0368098	0.063745	0.0448276	0.0289017	0.0015	0.0238095	0.0220588	0.0116959	0.020339	0.0268456	0.0557276	0.0810127	0.0983607	0.0745342	0.0692308	0.0708661	0.0546448	0.0430622	0.0627451	0.1753555	
Roitelet à triple bandeau	0.059633	0.047619	0.0145985	0.0147783	0.0228758	0.0178042	0.0352941	0.044289	0.0851064	0.0785219	0.1765914	0.1489971	0.1493506	0.1295896	0.1167002	0.096181	0.0843621	0.1273764	0.1401617	0.1543624	0.1382716	0.1943005	0.100304	0.097035	0.0411765	0.0287958	0.0422961	0.0188679	0.0122699	0.0318725	0.062069	0.0231214	0.05	0.0380952	0.0514706	0.0175439	0.0237288	0.0234899	0.0402477	0.0455696	0.0437158	0.0559006	0.0307692	0.0498688	0.0163934	0.0239234	0.054902	0.056872	
Roitelet huppé ou R. à triple bandeau	0.0045872	0.007326	0.0015	0.0049261	0.0	0.0015	0.0047059	0.0	0.0026596	0.0069284	0.0	0.0028653	0.0	0.0	0.0	0.0	0.0	0.0	0.0	0.0	0.0	0.0015	0.0	0.0	0.0	0.0	0.0030211	0.0	0.0	0.0199203	0.0034483	0.0	0.005	0.0	0.0073529	0.002924	0.0067797	0.0067114	0.0092879	0.0025316	0.0	0.0186335	0.0076923	0.0052493	0.0	0.0	0.0039216	0.0	
Tichodrome échelette	0.0091743	0.0	0.0072993	0.0024631	0.0	0.0059347	0.0023529	0.0015	0.0	0.0	0.0	0.0	0.0	0.0	0.0	0.0	0.0	0.0	0.0	0.0	0.0	0.0	0.0	0.0	0.0	0.0	0.0	0.0	0.0	0.0	0.0	0.0	0.0	0.0	0.0	0.0	0.0	0.0	0.0	0.0	0.0	0.0015	0.0	0.0015	0.0	0.0047847	0.0039216	0.0047393	
Sittelle torchepot	0.3073394	0.2197802	0.2554745	0.2684729	0.3267974	0.3086053	0.2941176	0.2564103	0.2978723	0.2101617	0.2792608	0.239255	0.2077922	0.1274298	0.1126761	0.0834512	0.0596708	0.0551331	0.0458221	0.1258389	0.1234568	0.1813472	0.1428571	0.1859838	0.1735294	0.2041885	0.2537764	0.172956	0.2638037	0.2749004	0.3172414	0.3034682	0.29	0.252381	0.3051471	0.2748538	0.2067797	0.2818792	0.2693498	0.2126582	0.1639344	0.1552795	0.2192308	0.2047244	0.1693989	0.1196172	0.2117647	0.2654028	
Grimpereau des bois	0.0229358	0.003663	0.0182482	0.0221675	0.0196078	0.0267062	0.04	0.0652681	0.0718085	0.0600462	0.0451745	0.0444126	0.0497835	0.0431965	0.0321932	0.019802	0.026749	0.0608365	0.0700809	0.0687919	0.0444444	0.0284974	0.0273556	0.0296496	0.0029412	0.0157068	0.0181269	0.0157233	0.0184049	0.0358566	0.0137931	0.0086705	0.03	0.0285714	0.0110294	0.005848	0.0	0.0167785	0.0092879	0.0151899	0.0054645	0.0124224	0.0153846	0.0052493	0.010929	0.0	0.0117647	0.0189573	
Grimpereau des jardins	0.1880734	0.2344322	0.1824818	0.2561576	0.3071895	0.2373887	0.3105882	0.3053613	0.375	0.2378753	0.2731006	0.1977077	0.2943723	0.224622	0.22334	0.2065064	0.1481481	0.2110266	0.2264151	0.2080537	0.1580247	0.1502591	0.1641337	0.1455526	0.1676471	0.2591623	0.2719033	0.1981132	0.3067485	0.2868526	0.2689655	0.3150289	0.31	0.2857143	0.3198529	0.2982456	0.3016949	0.2986577	0.2662539	0.2759494	0.2131148	0.2732919	0.2807692	0.2467192	0.2513661	0.1435407	0.1764706	0.2417062	
Grimpereau des bois ou G. des jardins	0.0	0.003663	0.0	0.0024631	0.0	0.0	0.0	0.002331	0.0026596	0.0023095	0.0020534	0.0028653	0.0015	0.0015	0.0	0.0028289	0.0041152	0.0019011	0.0	0.0016779	0.0024691	0.0	0.0	0.0026954	0.0058824	0.013089	0.0030211	0.0031447	0.0	0.0239044	0.0068966	0.0086705	0.01	0.0047619	0.0036765	0.005848	0.0067797	0.0033557	0.0	0.0025316	0.0	0.0124224	0.0038462	0.0	0.0	0.0047847	0.0015	0.0047393	
grimpereau sp.	0.0	0.0	0.0	0.0	0.0	0.0	0.0	0.002331	0.0	0.0	0.0	0.0	0.0	0.0	0.0	0.0	0.0	0.0	0.0	0.0	0.0	0.0	0.0	0.0	0.0	0.0	0.0	0.0	0.0	0.0	0.0	0.0	0.0	0.0095238	0.0	0.0	0.0	0.0	0.0	0.0	0.0	0.0	0.0	0.0	0.0	0.0	0.0	0.0	
Troglodyte mignon	0.3027523	0.3113553	0.270073	0.273399	0.3333333	0.2789318	0.3035294	0.3426573	0.4015957	0.3256351	0.3778234	0.3338109	0.3354978	0.2786177	0.2635815	0.2545969	0.2242798	0.3003802	0.2803235	0.3255034	0.2567901	0.357513	0.2917933	0.3153639	0.3264706	0.3638743	0.2598187	0.1509434	0.196319	0.2549801	0.2586207	0.1936416	0.22	0.2	0.2132353	0.1842105	0.2237288	0.2986577	0.3498452	0.3240506	0.2513661	0.4223602	0.3576923	0.4409449	0.3661202	0.2535885	0.3529412	0.3554502	
Cincle plongeur	0.0137615	0.003663	0.0036496	0.0049261	0.003268	0.0089021	0.0	0.009324	0.0026596	0.0023095	0.0020534	0.0015	0.0021645	0.0015	0.0	0.0	0.0082305	0.0057034	0.0026954	0.0016779	0.0049383	0.0	0.006079	0.0053908	0.0029412	0.0	0.0015	0.0125786	0.0015	0.0039841	0.0034483	0.0	0.0	0.0	0.0	0.0	0.0	0.0	0.0	0.0015	0.0054645	0.0	0.0076923	0.0104987	0.0015	0.0047847	0.0117647	0.0189573	
Étourneau sansonnet	0.1834862	0.0695971	0.080292	0.1083744	0.1339869	0.1661721	0.2211765	0.3216783	0.3856383	0.3048499	0.3593429	0.3681948	0.4047619	0.3412527	0.3983903	0.3960396	0.4588477	0.4543726	0.3369272	0.2768456	0.3308642	0.253886	0.2522796	0.1293801	0.1382353	0.078534	0.1057402	0.1477987	0.1226994	0.1354582	0.1310345	0.1618497	0.145	0.2190476	0.125	0.1900585	0.2474576	0.2483221	0.2105263	0.243038	0.2021858	0.0993789	0.0884615	0.1023622	0.0437158	0.1004785	0.1294118	0.0947867	
Grive draine	0.1146789	0.1245421	0.149635	0.1330049	0.1960784	0.1928783	0.1647059	0.1958042	0.1223404	0.1547344	0.1149897	0.0902579	0.0692641	0.0993521	0.110664	0.0806223	0.0555556	0.1064639	0.0754717	0.0788591	0.0617284	0.0829016	0.0455927	0.0485175	0.0676471	0.0549738	0.0453172	0.0534591	0.0429448	0.059761	0.0655172	0.0606936	0.05	0.0285714	0.0441176	0.0789474	0.0949153	0.147651	0.0990712	0.0962025	0.1256831	0.1180124	0.0423077	0.1207349	0.1038251	0.1052632	0.1254902	0.0947867	
Grive musicienne	0.0504587	0.043956	0.0364964	0.0270936	0.0490196	0.0890208	0.24	0.3962704	0.5239362	0.4295612	0.4414784	0.3280802	0.3268398	0.2980562	0.2977867	0.2956153	0.2736626	0.3098859	0.3746631	0.3489933	0.3604938	0.380829	0.343465	0.2938005	0.2411765	0.2041885	0.1903323	0.091195	0.1349693	0.1553785	0.1862069	0.1560694	0.1	0.1761905	0.2095588	0.3040936	0.3627119	0.3053691	0.2414861	0.1696203	0.1038251	0.068323	0.0307692	0.0656168	0.0655738	0.0239234	0.0352941	0.0331754	
Grive mauvis	0.0275229	0.03663	0.0291971	0.0147783	0.0163399	0.0326409	0.0235294	0.02331	0.018617	0.034642	0.0903491	0.0501433	0.047619	0.0172786	0.0181087	0.0	0.0	0.0	0.0	0.0	0.0	0.0	0.0	0.0	0.0	0.0	0.0	0.0	0.0	0.0	0.0	0.0	0.0	0.0	0.0	0.0	0.0015	0.0536913	0.0835913	0.0835443	0.147541	0.136646	0.0538462	0.0577428	0.0655738	0.0382775	0.0352941	0.0189573	
Merle noir	0.6009174	0.5714286	0.5291971	0.5147783	0.5718954	0.578635	0.6094118	0.6293706	0.6329787	0.5450346	0.6468172	0.7020057	0.7402597	0.699784	0.6720322	0.6859972	0.6872428	0.7091255	0.6792453	0.6224832	0.6493827	0.6476684	0.6382979	0.6226415	0.5647059	0.4633508	0.4108761	0.3459119	0.3680982	0.3625498	0.362069	0.3323699	0.31	0.3857143	0.2941176	0.3654971	0.4677966	0.5	0.5139319	0.5493671	0.5081967	0.7080745	0.55	0.5721785	0.5355191	0.4688995	0.5490196	0.5402844	
Grive litorne	0.1009174	0.0659341	0.0875912	0.0517241	0.0653595	0.0534125	0.0329412	0.0792541	0.0425532	0.0300231	0.0677618	0.0372493	0.038961	0.0151188	0.0160966	0.0028289	0.0061728	0.0076046	0.0026954	0.0100671	0.0074074	0.007772	0.0091185	0.0134771	0.0205882	0.013089	0.0	0.009434	0.006135	0.0239044	0.0137931	0.0231214	0.035	0.0380952	0.0110294	0.0292398	0.0474576	0.0402685	0.0588235	0.0607595	0.1038251	0.0559006	0.0730769	0.0708661	0.0546448	0.076555	0.1019608	0.1042654	
Merle à plastron	0.0	0.0	0.0	0.0	0.0	0.0	0.0	0.0	0.0	0.0	0.0	0.0015	0.0021645	0.0021598	0.0020121	0.0014144	0.0041152	0.0019011	0.0015	0.0033557	0.0	0.0025907	0.0	0.0015	0.0029412	0.0026178	0.0	0.0	0.0	0.0	0.0	0.0	0.0	0.0	0.0	0.002924	0.0033898	0.0100671	0.0154799	0.0015	0.010929	0.0	0.0	0.0	0.0	0.0	0.0	0.0	
Turdus sp.	0.0	0.0	0.0036496	0.0	0.0	0.0	0.0	0.0	0.0	0.0023095	0.0020534	0.0014327	0.0064935	0.0	0.0020121	0.0	0.0	0.0	0.0	0.0	0.0	0.0	0.0	0.0	0.0	0.0	0.0	0.0	0.0	0.0	0.0	0.0	0.0	0.0	0.0	0.0	0.0067797	0.0134228	0.0247678	0.0015	0.010929	0.0124224	0.0038462	0.0026247	0.0	0.0047847	0.0	0.0	
turdidé sp.	0.0	0.0	0.0	0.0	0.0	0.0	0.0	0.0	0.0	0.0	0.0	0.0014327	0.0	0.0	0.0	0.0	0.0	0.0	0.0	0.0	0.0	0.0	0.0	0.0	0.0	0.0	0.0	0.0	0.0	0.0	0.0	0.0	0.0	0.0	0.0	0.0	0.0	0.0	0.0	0.0	0.0	0.0	0.0	0.0	0.0	0.0	0.0	0.0	
Gobemouche gris	0.0	0.0	0.0	0.0	0.0	0.0	0.0	0.0	0.0	0.0	0.0	0.0	0.0	0.0	0.0	0.0070721	0.0205761	0.0646388	0.1078167	0.1057047	0.0592593	0.0932642	0.0668693	0.0943396	0.1235294	0.1204188	0.1359517	0.072327	0.1349693	0.1115538	0.0931034	0.0722543	0.085	0.0428571	0.0147059	0.005848	0.0135593	0.0	0.0	0.0	0.0	0.0	0.0	0.0	0.0	0.0	0.0	0.0	
Rougegorge familier	0.4908257	0.4065934	0.4087591	0.3275862	0.3267974	0.3293769	0.3835294	0.4708625	0.6276596	0.5103926	0.6550308	0.5773639	0.5	0.4103672	0.3440644	0.2828854	0.2921811	0.3231939	0.393531	0.3708054	0.3654321	0.4352332	0.3465046	0.3207547	0.3588235	0.3612565	0.3141994	0.2358491	0.3067485	0.3505976	0.4241379	0.3554913	0.285	0.4095238	0.3345588	0.4327485	0.5355932	0.6442953	0.6934985	0.6708861	0.579235	0.6583851	0.6076923	0.5748031	0.4863388	0.3157895	0.4156863	0.4834123	
Rossignol philomèle	0.0	0.0	0.0	0.0	0.0	0.0	0.0	0.0	0.0	0.0	0.0	0.0014327	0.030303	0.1382289	0.249497	0.3182461	0.281893	0.230038	0.2048518	0.1979866	0.1703704	0.1088083	0.0729483	0.0215633	0.0411765	0.0104712	0.0090634	0.0188679	0.0184049	0.0159363	0.0137931	0.0015	0.0015	0.0	0.0	0.0	0.0	0.0	0.0	0.0	0.0	0.0	0.0	0.0	0.0	0.0	0.0	0.0	
Gorgebleue à miroir	0.0	0.0	0.0	0.0	0.0	0.0	0.0	0.0	0.0	0.0	0.0	0.0014327	0.004329	0.0	0.0	0.0	0.0	0.0	0.0	0.0	0.0	0.0	0.0	0.0	0.0	0.0	0.0	0.0	0.0	0.0	0.0	0.0028902	0.0	0.0	0.0	0.0	0.0	0.0	0.0	0.0	0.0	0.0	0.0	0.0	0.0	0.0	0.0	0.0	
Gobemouche noir	0.0	0.0	0.0	0.0	0.0	0.0	0.0	0.0	0.0	0.0	0.0	0.0	0.0021645	0.012959	0.0181087	0.019802	0.0246914	0.0057034	0.0134771	0.0033557	0.0	0.0025907	0.0	0.0	0.0	0.0	0.0030211	0.0031447	0.006135	0.0239044	0.1	0.1098266	0.145	0.1095238	0.0367647	0.0116959	0.0033898	0.0	0.0	0.0	0.0	0.0	0.0	0.0	0.0	0.0	0.0	0.0	
Rougequeue à front blanc	0.0	0.0	0.0	0.0	0.0	0.0	0.0	0.0	0.0	0.0	0.0	0.0057307	0.038961	0.0842333	0.0804829	0.0707214	0.0555556	0.0608365	0.0431267	0.033557	0.0469136	0.0233161	0.0303951	0.0015	0.0058824	0.013089	0.0	0.0062893	0.0306748	0.0119522	0.0275862	0.0404624	0.015	0.0285714	0.0183824	0.0350877	0.0135593	0.0033557	0.0	0.0	0.0	0.0	0.0	0.0	0.0	0.0	0.0	0.0	
Rougequeue noir	0.0137615	0.014652	0.0182482	0.0295567	0.0130719	0.0089021	0.0094118	0.020979	0.018617	0.0369515	0.1355236	0.2765043	0.2857143	0.3131749	0.2877264	0.2432815	0.2222222	0.2053232	0.1778976	0.159396	0.1925926	0.1865285	0.2340426	0.1940701	0.1823529	0.1518325	0.1299094	0.1572327	0.1288344	0.1075697	0.1448276	0.1300578	0.115	0.1761905	0.2279412	0.2222222	0.2067797	0.1812081	0.1052632	0.1037975	0.0327869	0.0434783	0.0192308	0.0052493	0.0054645	0.0095694	0.0156863	0.0189573	
Hybride Rougequeue à front blanc x R. noir	0.0	0.0	0.0	0.0	0.0	0.0	0.0	0.0	0.0	0.0	0.0	0.0	0.0	0.0015	0.0	0.0	0.0	0.0	0.0	0.0	0.0	0.0	0.0	0.0	0.0	0.0	0.0	0.0	0.0	0.0	0.0	0.0	0.0	0.0	0.0	0.0	0.0	0.0	0.0	0.0	0.0	0.0	0.0	0.0	0.0	0.0	0.0	0.0	
Tarier des prés	0.0	0.0	0.0	0.0	0.0	0.0	0.0	0.0	0.0	0.0	0.0	0.0	0.0	0.0172786	0.0261569	0.0509194	0.0432099	0.0228137	0.0107817	0.0067114	0.0	0.0	0.0	0.0	0.0058824	0.0052356	0.0030211	0.0031447	0.0	0.0039841	0.0137931	0.0231214	0.02	0.0238095	0.0110294	0.0087719	0.0169492	0.0033557	0.0	0.0	0.0	0.0062112	0.0	0.0	0.0	0.0	0.0	0.0	
Tarier pâtre	0.0045872	0.007326	0.0109489	0.0024631	0.0065359	0.0	0.0	0.013986	0.0478723	0.0877598	0.073922	0.0744986	0.0930736	0.1403888	0.1509054	0.1329562	0.1460905	0.1444867	0.1239892	0.1124161	0.1037037	0.0803109	0.0668693	0.0512129	0.0470588	0.0314136	0.0241692	0.0566038	0.0306748	0.063745	0.0310345	0.0462428	0.025	0.0333333	0.0294118	0.0292398	0.0169492	0.0167785	0.0154799	0.0253165	0.0054645	0.0	0.0115385	0.0026247	0.0	0.0047847	0.0	0.0047393	
Tarier des prés ou T. pâtre	0.0	0.0	0.0	0.0	0.0	0.0	0.0	0.0	0.0	0.0	0.0	0.0	0.0	0.0	0.0	0.0	0.0	0.0019011	0.0	0.0	0.0	0.0	0.0	0.0	0.0	0.0	0.0	0.0	0.0	0.0	0.0	0.0	0.0	0.0	0.0	0.0	0.0	0.0	0.0	0.0	0.0	0.0	0.0	0.0	0.0	0.0	0.0	0.0	
Traquet motteux	0.0	0.0	0.0	0.0	0.0	0.0	0.0	0.0	0.0	0.0	0.0	0.0	0.004329	0.0064795	0.0181087	0.029703	0.0452675	0.0304183	0.0053908	0.0016779	0.0	0.0	0.0030395	0.0	0.0	0.0026178	0.0	0.0	0.006135	0.0	0.0137931	0.017341	0.025	0.0333333	0.0147059	0.0292398	0.0305085	0.0234899	0.0015	0.0025316	0.0	0.0	0.0	0.0	0.0	0.0	0.0	0.0	
Traquet isabelle	0.0	0.0	0.0	0.0	0.0	0.0	0.0	0.0	0.0	0.0	0.0	0.0	0.0	0.0	0.0	0.0	0.0	0.0	0.0	0.0	0.0	0.0	0.0	0.0	0.0	0.0	0.0	0.0	0.0	0.0	0.0	0.0	0.0	0.0	0.0	0.0	0.0033898	0.0	0.0	0.0	0.0	0.0	0.0	0.0	0.0	0.0	0.0	0.0	
muscicapidé sp.	0.0	0.0	0.0	0.0	0.0	0.0	0.0	0.0	0.0	0.0	0.0	0.0	0.0	0.0	0.0	0.0	0.0	0.0	0.0	0.0	0.0	0.0	0.0	0.0	0.0	0.0026178	0.0	0.0	0.0	0.0	0.0	0.0	0.0	0.0	0.0	0.0	0.0	0.0	0.0	0.0	0.0	0.0	0.0	0.0	0.0	0.0	0.0	0.0	
Accenteur alpin	0.0	0.0	0.0	0.0	0.0	0.0	0.0	0.0	0.0	0.0	0.0	0.0	0.0	0.0	0.0015	0.0	0.0	0.0	0.0	0.0	0.0	0.0	0.0	0.0	0.0	0.0	0.0	0.0	0.0	0.0	0.0	0.0	0.0	0.0	0.0	0.0	0.0	0.0	0.0	0.0	0.0	0.0	0.0	0.0	0.0	0.0	0.0	0.0	
Accenteur mouchet	0.087156	0.0879121	0.0583942	0.0763547	0.0718954	0.041543	0.0329412	0.034965	0.0398936	0.0415704	0.0780287	0.0716332	0.0800866	0.0799136	0.0643863	0.0848656	0.0226337	0.0722433	0.0539084	0.0436242	0.0617284	0.0492228	0.0243161	0.0269542	0.0205882	0.0104712	0.0060423	0.0062893	0.0	0.0119522	0.0241379	0.0144509	0.025	0.0190476	0.0514706	0.0818713	0.0881356	0.1208054	0.1331269	0.0911392	0.1311475	0.0993789	0.1269231	0.1496063	0.0546448	0.0956938	0.0862745	0.1184834	
Moineau domestique	0.4036697	0.2234432	0.2773723	0.2610837	0.2647059	0.2700297	0.2211765	0.2261072	0.2367021	0.1963048	0.2997947	0.3853868	0.3896104	0.3671706	0.3440644	0.3479491	0.3641975	0.351711	0.3126685	0.25	0.3185185	0.2979275	0.3738602	0.393531	0.3235294	0.3115183	0.3504532	0.3805031	0.3190184	0.3306773	0.3103448	0.2774566	0.265	0.2333333	0.25	0.248538	0.2372881	0.2348993	0.247678	0.2734177	0.2622951	0.2298137	0.2307692	0.2257218	0.2622951	0.2727273	0.2039216	0.2796209	
Moineau friquet	0.0229358	0.029304	0.0109489	0.0320197	0.0130719	0.0148368	0.0094118	0.018648	0.0015	0.0161663	0.0287474	0.0100287	0.008658	0.0194384	0.0181087	0.0127298	0.0041152	0.0304183	0.0080863	0.0134228	0.0024691	0.0025907	0.0121581	0.0026954	0.0029412	0.0104712	0.0120846	0.0220126	0.0245399	0.0079681	0.0034483	0.0202312	0.01	0.0	0.0110294	0.0146199	0.0101695	0.0100671	0.0216718	0.0151899	0.0218579	0.0496894	0.0115385	0.023622	0.0163934	0.0191388	0.0156863	0.028436	
Bergeronnette des ruisseaux	0.1192661	0.1318681	0.0948905	0.0714286	0.0751634	0.0296736	0.0517647	0.0699301	0.0797872	0.039261	0.0431211	0.0272206	0.030303	0.0280778	0.0342052	0.029703	0.0452675	0.0285171	0.0188679	0.0201342	0.0345679	0.0129534	0.0547112	0.032345	0.0264706	0.0287958	0.0090634	0.0345912	0.0429448	0.0278884	0.0344828	0.0375723	0.075	0.0809524	0.0882353	0.1111111	0.1084746	0.1241611	0.1578947	0.1113924	0.136612	0.1552795	0.1	0.1023622	0.0928962	0.076555	0.0666667	0.1658768	
Bergeronnette printanière	0.0	0.0	0.0	0.0	0.0	0.0	0.0	0.0	0.0	0.0	0.0	0.0014327	0.021645	0.0453564	0.0724346	0.0650636	0.0452675	0.0304183	0.0242588	0.0100671	0.0024691	0.0025907	0.0030395	0.0026954	0.0015	0.0026178	0.0030211	0.0015	0.0	0.0039841	0.0137931	0.0895954	0.11	0.0857143	0.0477941	0.0292398	0.020339	0.0100671	0.003096	0.0	0.0054645	0.0	0.0	0.0	0.0	0.0	0.0	0.0	
Bergeronnette grise	0.1238532	0.1391941	0.0839416	0.0812808	0.0522876	0.0534125	0.0917647	0.1468531	0.2287234	0.2471132	0.2648871	0.230659	0.2510823	0.2203024	0.2334004	0.2277228	0.2386831	0.1939163	0.1644205	0.2030201	0.2395062	0.1683938	0.1854103	0.1078167	0.1558824	0.2015707	0.163142	0.2232704	0.2269939	0.1513944	0.1586207	0.1849711	0.18	0.2190476	0.1213235	0.2222222	0.240678	0.3120805	0.2662539	0.2506329	0.1038251	0.1677019	0.0923077	0.1181102	0.0601093	0.076555	0.054902	0.1184834	
bergeronette sp.	0.0	0.0	0.0	0.0	0.0	0.0	0.0	0.0	0.0	0.0	0.0	0.0	0.0	0.0043197	0.0	0.0	0.0	0.0	0.0	0.0016779	0.0	0.0	0.0	0.0026954	0.0	0.0026178	0.0	0.0	0.0	0.0039841	0.0034483	0.0	0.005	0.0	0.0	0.0	0.0067797	0.0	0.0	0.0	0.0	0.0	0.0038462	0.0	0.0	0.0	0.0	0.0	
Pipit rousseline	0.0	0.0	0.0	0.0	0.0	0.0	0.0	0.0	0.0	0.0	0.0	0.0	0.0	0.0	0.0020121	0.0028289	0.0082305	0.0038023	0.0	0.0	0.0	0.0	0.0	0.0	0.0	0.0	0.0	0.0	0.0	0.0	0.0	0.0028902	0.0	0.0	0.0	0.0	0.0	0.0	0.0	0.0	0.0	0.0	0.0	0.0	0.0	0.0	0.0	0.0	
Pipit farlouse	0.0412844	0.040293	0.0364964	0.0517241	0.0326797	0.0207715	0.0188235	0.018648	0.0531915	0.0554273	0.0759754	0.0458453	0.0627706	0.0993521	0.0442656	0.0240453	0.0144033	0.0152091	0.0161725	0.0067114	0.0098765	0.007772	0.0121581	0.0107817	0.0117647	0.0235602	0.0181269	0.0220126	0.0429448	0.0199203	0.0241379	0.0289017	0.025	0.0095238	0.0073529	0.0380117	0.0983051	0.1442953	0.2136223	0.1772152	0.1038251	0.0869565	0.1115385	0.0708661	0.0273224	0.0287081	0.0509804	0.0758294	
Pipit des arbres	0.0	0.0	0.0	0.0	0.0	0.0	0.0	0.0	0.0	0.0	0.0	0.0	0.0238095	0.0410367	0.0744467	0.0735502	0.0473251	0.0570342	0.0566038	0.0637584	0.0567901	0.0336788	0.0516717	0.0296496	0.0176471	0.0183246	0.0120846	0.0125786	0.006135	0.0438247	0.0793103	0.0693642	0.09	0.0809524	0.0625	0.0526316	0.040678	0.033557	0.003096	0.0	0.0	0.0	0.0	0.0	0.0	0.0	0.0	0.0	
Pipit farlouse ou P. des arbres	0.0	0.0	0.0	0.0	0.0	0.0	0.0	0.0	0.0	0.0	0.0	0.0	0.0	0.0	0.0	0.0	0.0	0.0	0.0	0.0	0.0	0.0015	0.0	0.0	0.0	0.0	0.0	0.0	0.0	0.0	0.0	0.0	0.0	0.0	0.0	0.0	0.0	0.0	0.0	0.0	0.0	0.0	0.0	0.0	0.0	0.0	0.0	0.0	
Pipit à gorge rousse	0.0	0.0	0.0	0.0	0.0	0.0	0.0	0.0	0.0	0.0	0.0	0.0	0.0	0.0	0.0	0.0014144	0.0	0.0	0.0	0.0	0.0	0.0	0.0	0.0	0.0	0.0	0.0	0.0	0.0	0.0	0.0	0.0	0.0	0.0	0.0	0.0	0.0	0.0	0.0	0.0	0.0	0.0	0.0	0.0	0.0	0.0	0.0	0.0	
Pipit spioncelle	0.059633	0.0879121	0.0729927	0.0369458	0.0196078	0.0118694	0.0329412	0.039627	0.0505319	0.0207852	0.0328542	0.0243553	0.034632	0.0215983	0.0100604	0.0070721	0.0020576	0.0019011	0.0026954	0.0016779	0.0	0.0	0.0	0.0	0.0	0.0026178	0.0015	0.0062893	0.006135	0.0	0.0103448	0.0028902	0.0	0.0	0.0	0.0	0.0067797	0.0369128	0.0371517	0.0632911	0.0491803	0.068323	0.0730769	0.0577428	0.0273224	0.0287081	0.027451	0.0521327	
Pipit farlouse ou P. spioncelle	0.0137615	0.003663	0.0	0.0024631	0.0	0.0	0.0	0.002331	0.0	0.0	0.0	0.0028653	0.004329	0.0021598	0.0040241	0.0	0.0020576	0.0	0.0	0.0	0.0	0.0	0.0	0.0	0.0	0.0	0.0	0.0	0.0	0.0	0.0034483	0.0	0.0	0.0	0.0	0.002924	0.0015	0.0100671	0.0092879	0.0	0.0	0.0062112	0.0038462	0.007874	0.0054645	0.0	0.0	0.0	
Anthus sp.	0.0	0.0	0.0	0.0	0.0	0.0	0.0023529	0.0	0.0	0.0	0.0020534	0.0	0.0064935	0.0021598	0.0040241	0.0028289	0.0	0.0019011	0.0	0.0	0.0	0.0	0.0	0.0	0.0	0.0	0.0	0.0	0.0	0.0039841	0.0	0.0	0.0	0.0047619	0.0	0.0	0.0033898	0.0033557	0.003096	0.0	0.0	0.0	0.0038462	0.0	0.0	0.0	0.0	0.0	
Pinson des arbres	0.7385321	0.5714286	0.5510949	0.4827586	0.5588235	0.5192878	0.5741176	0.6083916	0.7021277	0.5612009	0.6427105	0.6246418	0.5995671	0.524838	0.4828974	0.4823197	0.4526749	0.513308	0.5148248	0.5268456	0.5135802	0.5777202	0.4711246	0.5256065	0.4911765	0.4581152	0.2990937	0.2515723	0.3067485	0.2908367	0.2931034	0.2861272	0.25	0.2666667	0.3125	0.3976608	0.420339	0.5838926	0.5448916	0.5544304	0.4644809	0.4906832	0.5346154	0.6167979	0.5409836	0.4880383	0.5411765	0.5876777	
Pinson du Nord	0.1972477	0.1098901	0.1167883	0.091133	0.1078431	0.0830861	0.0564706	0.048951	0.0478723	0.0600462	0.0574949	0.0200573	0.017316	0.0107991	0.0	0.0	0.0	0.0	0.0	0.0	0.0	0.0	0.0	0.0	0.0	0.0	0.0	0.0	0.0	0.0	0.0	0.0	0.0	0.0	0.0	0.005848	0.0338983	0.1275168	0.1857585	0.1594937	0.136612	0.1490683	0.1115385	0.1417323	0.1147541	0.1052632	0.1176471	0.1800948	
Pinson des arbres ou P. du Nord	0.0045872	0.0	0.0	0.0	0.0	0.0	0.0	0.0	0.0026596	0.0	0.0	0.0014327	0.0021645	0.0	0.0	0.0	0.0	0.0	0.0	0.0	0.0	0.0	0.0	0.0	0.0	0.0	0.0	0.0	0.0	0.0	0.0	0.0	0.0	0.0	0.0	0.0	0.0	0.0	0.0	0.0	0.0	0.0	0.0038462	0.0	0.0	0.0	0.0	0.0047393	
Grosbec casse-noyaux	0.1330275	0.1098901	0.1094891	0.0935961	0.0849673	0.1335312	0.1129412	0.1118881	0.143617	0.0877598	0.110883	0.1232092	0.1277056	0.1187905	0.1428571	0.0905233	0.063786	0.0703422	0.1185984	0.0788591	0.0691358	0.0647668	0.0972644	0.083558	0.0941176	0.1099476	0.0966767	0.072327	0.0490798	0.0996016	0.0689655	0.066474	0.06	0.0571429	0.0404412	0.1052632	0.0983051	0.261745	0.2693498	0.2101266	0.1530055	0.1055901	0.1192308	0.0997375	0.0710383	0.0669856	0.0588235	0.1184834	
Roselin cramoisi	0.0	0.0	0.0	0.0	0.0	0.0	0.0	0.0	0.0	0.0	0.0	0.0	0.0	0.0	0.0	0.0	0.0	0.0	0.0	0.0015	0.0	0.0	0.0	0.0	0.0	0.0	0.0	0.0	0.0	0.0	0.0	0.0	0.0	0.0	0.0	0.0	0.0	0.0	0.0	0.0	0.0	0.0	0.0	0.0	0.0	0.0	0.0	0.0	
Bouvreuil pivoine	0.0321101	0.03663	0.0510949	0.0541872	0.0457516	0.0356083	0.0282353	0.018648	0.0159574	0.0046189	0.0020534	0.004298	0.0064935	0.0086393	0.0120724	0.0028289	0.0061728	0.0057034	0.0015	0.0033557	0.0074074	0.0181347	0.0243161	0.0377358	0.0294118	0.0602094	0.0513595	0.0377358	0.0429448	0.0478088	0.0724138	0.0346821	0.03	0.0	0.0367647	0.002924	0.0	0.057047	0.0495356	0.0405063	0.0546448	0.068323	0.0269231	0.0761155	0.0546448	0.0191388	0.0313725	0.07109	
Verdier d'Europe	0.2018349	0.1318681	0.149635	0.1871921	0.2875817	0.2967359	0.2564706	0.2960373	0.337766	0.2517321	0.3675565	0.4140401	0.4004329	0.3218143	0.3078471	0.281471	0.2942387	0.2604563	0.2318059	0.159396	0.2395062	0.2046632	0.2158055	0.1994609	0.2	0.2774869	0.2839879	0.2735849	0.208589	0.1992032	0.137931	0.1213873	0.09	0.1	0.0808824	0.125731	0.1559322	0.1375839	0.1950464	0.2126582	0.1748634	0.1925466	0.1653846	0.191601	0.1584699	0.1004785	0.1568627	0.2274882	
Linotte mélodieuse	0.0733945	0.0512821	0.0474453	0.0418719	0.0359477	0.0207715	0.0094118	0.048951	0.0478723	0.0531178	0.0800821	0.0730659	0.1190476	0.1706263	0.1629779	0.135785	0.1378601	0.1140684	0.0943396	0.0704698	0.0962963	0.0595855	0.0790274	0.06469	0.0705882	0.0837696	0.0966767	0.1226415	0.0920245	0.0876494	0.1103448	0.083815	0.065	0.0714286	0.0514706	0.0584795	0.1016949	0.1040268	0.0866873	0.1341772	0.0983607	0.1242236	0.0615385	0.0682415	0.0218579	0.0430622	0.027451	0.0853081	
Sizerin flammé	0.0137615	0.003663	0.0218978	0.0049261	0.0	0.0029674	0.0	0.0	0.0	0.0	0.0	0.0014327	0.0	0.0	0.0	0.0	0.0	0.0	0.0	0.0	0.0	0.0	0.0	0.0	0.0	0.0	0.0	0.0	0.0	0.0	0.0	0.0	0.0	0.0	0.0	0.0	0.0	0.0	0.003096	0.0	0.0	0.0	0.0230769	0.007874	0.0054645	0.0143541	0.0078431	0.0236967	
Bec-croisé des sapins	0.0045872	0.003663	0.0255474	0.0172414	0.0130719	0.0267062	0.0188235	0.0	0.0	0.0046189	0.0020534	0.0057307	0.0064935	0.0021598	0.0060362	0.0	0.0020576	0.0095057	0.0080863	0.0033557	0.0	0.0103627	0.0151976	0.0134771	0.0294118	0.013089	0.0181269	0.0125786	0.0184049	0.0119522	0.0206897	0.0144509	0.005	0.0142857	0.0183824	0.0146199	0.0033898	0.0268456	0.0464396	0.0126582	0.0163934	0.0	0.0038462	0.0052493	0.0	0.0	0.0039216	0.0	
Chardonneret élégant	0.1743119	0.1062271	0.1167883	0.1009852	0.130719	0.1424332	0.12	0.1048951	0.1409574	0.108545	0.1314168	0.1747851	0.2056277	0.1835853	0.2112676	0.1796322	0.2386831	0.1787072	0.148248	0.1493289	0.1604938	0.1295337	0.1793313	0.1590296	0.1470588	0.1623037	0.1510574	0.1666667	0.2208589	0.1992032	0.1655172	0.1242775	0.12	0.1571429	0.0919118	0.0935673	0.1355932	0.1543624	0.1764706	0.2531646	0.2076503	0.2608696	0.1769231	0.1574803	0.1202186	0.1100478	0.1333333	0.2085308	
Venturon montagnard	0.0	0.0	0.0	0.0	0.0	0.0	0.0	0.0	0.0	0.0	0.0	0.0	0.0	0.0	0.0	0.0	0.0	0.0019011	0.0015	0.0	0.0	0.0	0.0	0.0	0.0029412	0.0	0.0	0.0	0.0	0.0039841	0.0	0.0	0.0	0.0	0.0	0.0	0.0	0.0	0.0	0.0	0.0	0.0	0.0	0.0	0.0	0.0	0.0	0.0	
Serin cini	0.0137615	0.007326	0.0036496	0.0	0.0065359	0.0029674	0.0047059	0.006993	0.018617	0.0184758	0.0657084	0.1404011	0.1948052	0.2051836	0.1810865	0.1626591	0.1460905	0.1406844	0.1212938	0.1057047	0.1061728	0.1088083	0.1367781	0.1374663	0.1235294	0.1151832	0.102719	0.091195	0.0490798	0.0398406	0.0344828	0.0375723	0.015	0.0095238	0.0147059	0.0175439	0.0338983	0.0637584	0.0464396	0.0556962	0.0437158	0.0062112	0.0230769	0.0052493	0.0	0.0	0.0039216	0.0047393	
Tarin des aulnes	0.1972477	0.1575092	0.1678832	0.1477833	0.1601307	0.1958457	0.12	0.1025641	0.0611702	0.0323326	0.0657084	0.0544413	0.025974	0.0302376	0.0241449	0.0056577	0.0061728	0.0057034	0.0	0.0033557	0.0015	0.0025907	0.0	0.0015	0.0	0.0026178	0.0030211	0.0062893	0.0	0.0	0.0	0.0057803	0.0	0.0047619	0.0036765	0.0409357	0.1457627	0.2080537	0.2383901	0.2582278	0.2131148	0.1987578	0.2192308	0.1732283	0.1803279	0.1339713	0.1607843	0.2559242	
Bruant des neiges	0.0	0.0	0.0	0.0	0.0	0.0	0.0	0.0	0.0	0.0	0.0	0.0	0.0	0.0	0.0	0.0	0.0	0.0	0.0	0.0	0.0	0.0	0.0	0.0	0.0	0.0	0.0	0.0	0.0	0.0	0.0	0.0	0.0	0.0	0.0	0.0	0.0	0.0	0.0	0.0	0.0	0.0	0.0115385	0.0052493	0.0	0.0	0.0	0.0	
Bruant proyer	0.0091743	0.007326	0.0145985	0.0049261	0.0	0.0089021	0.0023529	0.004662	0.0053191	0.0115473	0.0020534	0.0	0.008658	0.0064795	0.0120724	0.0169731	0.0123457	0.0152091	0.0161725	0.0151007	0.0197531	0.0129534	0.0121581	0.0	0.0029412	0.0	0.0030211	0.0031447	0.006135	0.0	0.0034483	0.0	0.0	0.0	0.0	0.0	0.0101695	0.0067114	0.003096	0.0	0.010929	0.0	0.0	0.0	0.0	0.0	0.0078431	0.0094787	
Bruant fou	0.0045872	0.0	0.0036496	0.0024631	0.0	0.0029674	0.0047059	0.002331	0.0015	0.0015	0.0020534	0.0028653	0.004329	0.0015	0.0015	0.0015	0.0020576	0.0038023	0.0080863	0.0016779	0.0049383	0.0	0.006079	0.0	0.0015	0.0	0.0	0.009434	0.0015	0.0	0.0	0.0	0.0	0.0	0.0015	0.0	0.0	0.0	0.0	0.0015	0.0	0.0	0.0	0.0026247	0.0	0.0	0.0	0.0236967	
Bruant zizi	0.0183486	0.0	0.0	0.0049261	0.0065359	0.0059347	0.0070588	0.027972	0.0106383	0.0277136	0.0308008	0.0272206	0.0281385	0.0237581	0.0422535	0.0282885	0.0514403	0.026616	0.0431267	0.0268456	0.0567901	0.0181347	0.0273556	0.0080863	0.0205882	0.0	0.0151057	0.0188679	0.006135	0.0	0.0137931	0.0202312	0.0	0.0	0.0	0.0175439	0.0033898	0.0201342	0.006192	0.035443	0.0054645	0.0062112	0.0076923	0.0026247	0.0015	0.0287081	0.0078431	0.0094787	
Bruant jaune	0.0963303	0.0915751	0.0547445	0.0935961	0.0555556	0.074184	0.0823529	0.1025641	0.1675532	0.1385681	0.1190965	0.0974212	0.1038961	0.1641469	0.1750503	0.1584158	0.1563786	0.161597	0.1347709	0.1325503	0.1604938	0.1476684	0.1428571	0.1320755	0.1470588	0.1544503	0.1178248	0.1415094	0.0674847	0.0717131	0.0482759	0.0375723	0.03	0.0380952	0.0220588	0.0292398	0.0576271	0.090604	0.1486068	0.0734177	0.0710383	0.0745342	0.05	0.0918635	0.0382514	0.0669856	0.054902	0.0947867	
Bruant ortolan	0.0	0.0	0.0	0.0	0.0	0.0	0.0	0.0	0.0	0.0	0.0	0.0	0.0	0.0	0.0040241	0.0155587	0.0041152	0.0	0.0	0.0	0.0	0.0	0.0	0.0	0.0	0.0	0.0	0.0	0.0	0.0	0.0015	0.0028902	0.0	0.0	0.0	0.0	0.0	0.0	0.0	0.0	0.0	0.0	0.0	0.0	0.0	0.0	0.0	0.0	
Bruant des roseaux	0.1238532	0.0659341	0.0620438	0.0812808	0.0718954	0.0593472	0.0635294	0.0862471	0.0638298	0.0785219	0.0882957	0.0673352	0.0454545	0.0302376	0.028169	0.0339463	0.0246914	0.0342205	0.0269542	0.0234899	0.0518519	0.0336788	0.0303951	0.0080863	0.0323529	0.0104712	0.0030211	0.0062893	0.0184049	0.0199203	0.0034483	0.0086705	0.0	0.0095238	0.0036765	0.0087719	0.0305085	0.0704698	0.120743	0.0987342	0.0874317	0.1242236	0.1192308	0.1154856	0.0819672	0.0382775	0.1019608	0.0947867	
Emberiza sp.	0.0	0.0	0.0	0.0	0.0	0.0	0.0	0.0	0.0	0.0	0.0020534	0.0	0.0	0.0	0.0	0.0	0.0	0.0	0.0	0.0	0.0	0.0	0.0	0.0	0.0	0.0	0.0	0.0	0.0	0.0	0.0	0.0	0.0	0.0	0.0	0.0	0.0	0.0	0.0	0.0	0.0	0.0	0.0	0.0	0.0	0.0	0.0	0.0	
passereau sp.	0.0045872	0.021978	0.0036496	0.0	0.0	0.0	0.0	0.0	0.0053191	0.0092379	0.0082136	0.0028653	0.0021645	0.0064795	0.0	0.0	0.0	0.0019011	0.0026954	0.0	0.0	0.0	0.0	0.0015	0.0	0.0026178	0.0030211	0.0	0.0	0.0	0.0	0.0028902	0.005	0.0047619	0.0	0.005848	0.0271186	0.033557	0.0309598	0.0050633	0.0	0.0062112	0.0038462	0.0052493	0.010929	0.0047847	0.0039216	0.0094787	
oiseau sp.	0.0	0.0	0.0	0.0	0.0	0.0	0.0	0.0	0.0	0.0	0.0	0.0	0.0	0.0	0.0	0.0	0.0	0.0	0.0	0.0	0.0	0.0	0.0	0.0	0.0	0.0	0.0030211	0.0031447	0.0	0.0	0.0	0.0	0.0	0.0	0.0	0.0	0.0	0.0	0.003096	0.0	0.0	0.0	0.0	0.0	0.0	0.0	0.0	0.0	

