









Frequency of observations in the selected location(s).:
Number of taxa: 	448

	Jan				Feb				Mar				Apr				May				Jun				Jul				Aug				Sep				Oct				Nov				Dec				
Sample Size:	1763.0	1417.0	1176.0	1821.0	1277.0	1309.0	1710.0	1475.0	1195.0	1396.0	1571.0	2617.0	2341.0	2103.0	2415.0	2684.0	2437.0	2281.0	2118.0	2206.0	1349.0	1411.0	1157.0	1500.0	1036.0	927.0	961.0	1366.0	1178.0	1121.0	1309.0	1875.0	1006.0	1030.0	1090.0	1342.0	970.0	1274.0	1071.0	1369.0	991.0	1043.0	984.0	1185.0	1233.0	1034.0	1118.0	1613.0	

Dendrocygne veuf	0.0	0.0	0.0	0.0	0.0	0.0	0.0	0.0	0.0	0.0	0.0	0.0	0.0	0.0	0.0	0.0	0.0	0.0	0.0	0.0	0.0	0.0	0.0	0.0	0.0	0.0	0.0	0.0	0.0	0.0	0.0	0.0	0.0	0.0	0.0	0.0	0.0015	0.0	0.0	0.0	0.0	0.0	0.0	0.0	0.0	0.0	0.0	0.0	
Oie cendrée	0.0714691	0.0825688	0.085034	0.0873147	0.0845732	0.0947288	0.077193	0.0752542	0.0728033	0.0580229	0.0541057	0.0699274	0.0692012	0.0637185	0.0583851	0.0666915	0.0693476	0.0587462	0.0524079	0.0457842	0.0452187	0.0361446	0.039758	0.0433333	0.034749	0.0507012	0.0301769	0.0424597	0.0322581	0.0365745	0.0511841	0.0389333	0.0487078	0.0601942	0.066055	0.0394933	0.0639175	0.0588697	0.0522876	0.0540541	0.0544904	0.0498562	0.0609756	0.0751055	0.0835361	0.089942	0.078712	0.0805952	
Oie cygnoïde	0.0011344	0.0	8.503E-4	5.491E-4	0.0	7.639E-4	0.0017544	6.78E-4	0.0033473	0.0014327	0.0012731	3.821E-4	0.0012815	9.51E-4	0.0012422	0.0014903	0.0015	0.0	4.721E-4	4.533E-4	0.0	0.0	8.643E-4	0.0	9.653E-4	0.0	0.0031217	0.0	0.0	0.0	0.0	0.0016	0.0	0.0	9.174E-4	0.0	0.0	0.0	0.0	0.0	0.0	0.0	0.0010163	8.439E-4	0.0016221	9.671E-4	8.945E-4	0.0	
Oie rieuse	0.0	0.0015	0.0	0.0015	0.0	0.0015279	0.0015	0.0	0.0	0.0	0.0	0.0	0.0	0.0	0.0	0.0	0.0	0.0	0.0	0.0	0.0	0.0	0.0	0.0	0.0	0.0	0.0	0.0	0.0	0.0	0.0	0.0	0.0	0.0	0.0	0.0	0.0	0.0	0.0	0.0	0.0	0.0	0.0	0.0	0.0	0.0	0.0	0.0	
Oie de toundra	0.0	0.0	0.0	0.0	0.0	0.0	0.0	0.0	0.0	0.0	0.0	0.0	0.0	0.0	0.0	0.0	0.0	0.0	0.0	0.0	0.0	7.087E-4	0.0	0.0	9.653E-4	0.0010787	0.0	7.321E-4	0.0	0.0	0.0	0.0	0.0	9.709E-4	0.0	0.0	0.0	0.0	0.0	0.0	0.0	9.588E-4	0.0	0.0	0.0	0.0	0.0	0.0	
Anser sp. (forme domestique)	0.0	0.0	0.0	0.0	7.831E-4	0.0	0.0	0.0	0.0	0.0	0.0	0.0	0.0	0.0	0.0	0.0	0.0	0.0	0.0	0.0	0.0	0.0	0.0	0.0	0.0	0.0	0.0	0.0	0.0	8.921E-4	0.0	0.0	0.0	0.0	0.0	0.0	0.0	0.0	0.0	7.305E-4	0.0	0.0	0.0	0.0	0.0	9.671E-4	0.0	0.0	
Anser sp.	0.0	0.0	0.0	0.0	0.0	0.0	0.0	0.0	0.0	0.0	6.365E-4	0.0	0.0	4.755E-4	0.0	3.726E-4	0.0	0.0	0.0	0.0	0.0	0.0	0.0	0.0	0.0	0.0	0.0	0.0	0.0	0.0	0.0	0.0	0.0	0.0	0.0	0.0	0.0	0.0	0.0	0.0015	0.0	0.0	0.0010163	0.0	0.0	0.0	8.945E-4	0.0	
Bernache nonnette	0.0011344	0.0	8.503E-4	0.0010983	0.0	0.0015	5.848E-4	6.78E-4	0.0	0.0	0.0	0.0	0.0	0.0	0.0	0.0	0.0	0.0	0.0	0.0	0.0	0.0	0.0	0.0	0.0	0.0	0.0	0.0	0.0	0.0	0.0	0.0	0.0	0.0	0.0	0.0	0.0	0.0	0.0	0.0	0.0	0.0	0.0	0.0025316	0.0015	0.0029014	0.0	0.0012399	
Hybride Oie cendrée x Bernache nonnette	0.0	0.0	0.0	0.0	0.0	0.0	0.0	0.0	0.0	0.0	0.0	0.0	0.0	0.0	0.0	0.0	0.0	0.0	0.0	0.0	0.0	0.0	0.0	0.0	0.0	0.0	0.0	0.0	0.0	0.0	0.0	0.0	0.0	0.0	0.0	0.0	0.0	0.0	0.0015	0.0	0.0	0.0	0.0	0.0	0.0	0.0	0.0	0.0	
Bernache du Canada	0.0	0.0	0.0	0.0	0.0	0.0	0.0	0.0	0.0	0.0	0.0	0.0	0.0	0.0	0.0	0.0	0.0	4.384E-4	0.0	0.0	0.0	0.0	0.0	0.0	0.0	0.0	0.0	0.0	0.0	0.0	0.0	0.0	0.0	0.0	0.0	0.0	0.0	0.0	0.0	0.0	0.0	0.0	0.0	0.0	0.0	0.0	0.0	0.0	
Cygne tuberculé	0.0	0.0	0.0	0.0	0.0	0.0	0.0	0.0	0.0	0.0014327	0.0	0.0015	4.272E-4	0.0	0.0015	0.0	0.0015	8.768E-4	4.721E-4	0.0	0.0	0.0	0.0	0.0	0.0	0.0	0.0	0.0	0.0	0.0	0.0	0.0	0.0	0.0	0.0	0.0	0.0	0.0	0.0	0.0	0.0	0.0	0.0	8.439E-4	0.0	0.0	0.0	0.0	
Cygne noir	0.0015	0.0	0.0	0.0	7.831E-4	0.0	0.0	0.0	0.0	0.0	0.0015	0.0011464	4.272E-4	0.0014265	0.0	0.0	0.0	0.0	0.0	0.0013599	0.0	0.0	0.0	6.667E-4	9.653E-4	0.0010787	0.0	0.0	0.0	0.0	0.0	0.0	0.0	0.0	0.0	0.0	0.0	0.0	0.0018674	0.0	0.0	0.0015	0.0	0.0	8.11E-4	0.0	0.0	0.0	
Ouette d'Égypte	0.0175837	0.0112915	0.0340136	0.0280066	0.0172279	0.0206264	0.0222222	0.0230508	0.0267782	0.0207736	0.0190961	0.0221628	0.0247757	0.0256776	0.0256729	0.0387481	0.0434961	0.0324419	0.0321058	0.0231188	0.0207561	0.0127569	0.019879	0.02	0.019305	0.021575	0.0176899	0.0204978	0.0203735	0.014273	0.0190985	0.0090667	0.0178926	0.023301	0.0165138	0.0134128	0.0226804	0.0149137	0.0261438	0.0197224	0.0272452	0.012464	0.0060976	0.0177215	0.0089213	0.0241779	0.0241503	0.0216987	
Tadorne casarca	0.0034033	7.057E-4	0.0034014	0.0032949	0.0031323	0.0061115	0.0040936	0.0054237	0.0108787	0.0050143	0.0044558	0.0042033	0.005126	0.0033286	0.0045549	0.0111773	0.0036931	0.0039456	0.0028329	9.066E-4	0.0014826	7.087E-4	0.0034572	0.0013333	0.0015	0.0	0.0010406	0.0073206	0.0067912	0.0080285	0.0061115	0.0085333	0.0079523	0.007767	0.0082569	0.0119225	0.0123711	0.0094192	0.0046685	0.0058437	0.0010091	0.0019175	0.0010163	0.0084388	0.0064882	0.0019342	8.945E-4	0.0012399	
Tadorne de Belon	0.1072036	0.1326747	0.1309524	0.1779242	0.1769773	0.1940413	0.1561404	0.1620339	0.1832636	0.1661891	0.1750477	0.173099	0.1683041	0.1735616	0.189648	0.2000745	0.2109151	0.1867602	0.1983003	0.1550317	0.1275019	0.1084337	0.0924806	0.084	0.0859073	0.0733549	0.057232	0.0739385	0.0670628	0.0615522	0.0618793	0.0714667	0.0745527	0.0796117	0.0633028	0.0991058	0.0649485	0.0518053	0.0504202	0.0467495	0.0363269	0.0786194	0.1168699	0.1223629	0.1240876	0.1257253	0.1296959	0.1103534	
Canard musqué	0.0056721	0.00988	0.0059524	0.0049423	0.0046985	7.639E-4	0.0023392	0.0027119	0.0050209	0.002149	0.0031827	0.0038212	0.0034173	0.0042796	0.0037267	0.0022355	0.0016414	4.384E-4	0.0028329	0.0022665	0.0	7.087E-4	0.0017286	6.667E-4	0.0019305	0.0021575	0.0041623	0.0036603	8.489E-4	0.0017841	0.0030558	0.0026667	0.0039761	0.0019417	0.0055046	0.0052161	0.0030928	0.0023548	0.0018674	0.0029218	0.0060545	0.0019175	0.0050813	0.0075949	0.0048662	0.0029014	0.0062612	0.0037198	
Canard à collier noir	5.672E-4	7.057E-4	0.0	0.0	0.0015	0.0	5.848E-4	0.0015	8.368E-4	7.163E-4	0.0012731	3.821E-4	4.272E-4	9.51E-4	4.141E-4	0.0	0.0	0.0	0.0	4.533E-4	0.0	7.087E-4	0.0	0.0	0.0	0.0	0.0	0.0015	0.0	0.0	0.0	0.0010667	0.0	0.0	0.0	0.0	0.0	0.0	0.0	0.0	0.0	0.0015	0.0010163	0.0025316	0.0024331	0.0	0.0	0.0	
Canard carolin	0.0	0.0	0.0	0.0	0.0	0.0	0.0	0.0	0.0	0.0	0.0	0.0	0.0	0.0	0.0	0.0	0.0	0.0	0.0	0.0	0.0	0.0	0.0	6.667E-4	0.0	0.0	0.0	0.0	0.0	0.0	0.0	5.333E-4	0.0	0.0	0.0	0.0	0.0	7.849E-4	0.0	7.305E-4	0.0	0.0	0.0	0.0	0.0	0.0	0.0	0.0	
Canard mandarin	5.672E-4	0.0021171	0.0	0.0027457	0.0031323	0.0	5.848E-4	6.78E-4	8.368E-4	7.163E-4	0.0	3.821E-4	0.0	0.0	0.0	0.0	0.0	0.0	0.0	0.0	0.0	0.0	0.0	0.0	0.0	0.0	0.0	0.0	0.0	0.0	0.0	5.333E-4	0.0	0.0	0.0	0.0	0.0010309	0.0	0.0	7.305E-4	0.0	0.0015	0.0	0.0	0.0	0.0	8.945E-4	6.2E-4	
Sarcelle d'été	0.0	0.0	0.0	0.0054915	7.831E-4	0.0022918	0.0035088	0.0067797	0.0108787	0.015043	0.0369192	0.0320978	0.0452798	0.0347123	0.0256729	0.014158	0.0053344	0.0048224	0.0051936	0.0045331	0.0029652	7.087E-4	8.643E-4	6.667E-4	0.0019305	0.0	0.0020812	0.0029283	0.008489	0.0062444	0.0068755	0.0106667	0.0089463	0.0106796	0.0146789	0.0119225	0.0051546	0.0070644	0.0065359	0.0021914	0.0	9.588E-4	0.0010163	0.0	0.0016221	0.0	0.0	0.0	
Sarcelle à ailes bleues	0.0	0.0	0.0	0.0	0.0	0.0	0.0	0.0	0.0	0.0	0.0	0.0	0.0	0.0	0.0	0.0	0.0	0.0	0.0	0.0	0.0	0.0	0.0	0.0	0.0	0.0	0.0	0.0	0.0	0.0	0.0	0.0	0.0	0.0	0.0	0.0	0.0	0.0	0.0056022	0.0109569	0.0020182	0.0	0.0	0.0	0.0	0.0	0.0	0.0	
Canard souchet	0.1690301	0.1785462	0.1692177	0.2196595	0.220047	0.2223071	0.1807018	0.1986441	0.2334728	0.1977077	0.1871419	0.1776844	0.1640325	0.1402758	0.1196687	0.0886736	0.0947887	0.0710215	0.0571294	0.0534905	0.04596	0.0396882	0.0492653	0.0366667	0.0357143	0.0269687	0.024974	0.0417277	0.0534805	0.0660125	0.0741024	0.0896	0.1212724	0.1485437	0.1623853	0.1885246	0.1649485	0.1514914	0.1512605	0.1512053	0.1220989	0.1524449	0.1697154	0.1890295	0.1865369	0.1982592	0.1681574	0.1649101	
Canard chipeau	0.1015315	0.1460833	0.125	0.1361889	0.1393892	0.1359817	0.1146199	0.1383051	0.1715481	0.1439828	0.1311267	0.1425296	0.1311405	0.149786	0.152795	0.1736215	0.1858843	0.1595791	0.1487252	0.1228468	0.1000741	0.0708717	0.0751945	0.064	0.046332	0.0550162	0.0489074	0.0739385	0.0755518	0.0802855	0.0886173	0.1066667	0.1192843	0.138835	0.1550459	0.1624441	0.1484536	0.1373626	0.124183	0.1205259	0.09889	0.1160115	0.1239837	0.12827	0.135442	0.1286267	0.1162791	0.1084935	
Canard à faucilles	0.0	0.0	0.0	0.0	0.0	0.0	0.0	0.0	0.0	0.0	0.0	0.0	0.0	0.0	0.0	0.0	4.103E-4	4.384E-4	0.0	0.0	0.0	0.0	0.0	0.0	0.0	0.0	0.0	0.0	0.0	0.0	0.0	0.0	0.0	0.0	0.0	0.0	0.0	0.0	0.0	0.0	0.0	0.0	0.0	0.0	0.0	0.0	0.0	0.0	
Canard siffleur	0.0181509	0.0134086	0.0127551	0.0170236	0.0258418	0.0198625	0.0134503	0.0142373	0.023431	0.008596	0.0063654	0.006496	0.005126	0.0028531	0.0024845	0.002608	0.0	0.0	4.721E-4	0.0	0.0	0.0	0.0	0.0	0.0	0.0	0.0	7.321E-4	0.0	0.0	0.0	0.0	0.0015	0.0	0.0018349	0.0014903	0.0051546	0.0062794	0.0093371	0.0087655	0.012109	0.0134228	0.0264228	0.0278481	0.0332522	0.0386847	0.0250447	0.017359	
Canard à front blanc	0.0	0.0	0.0	0.0	0.0	0.0	0.0	0.0027119	0.0083682	0.0015	0.0	0.0	0.0	0.0	0.0	0.0	0.0	0.0	0.0	0.0	0.0	0.0	0.0	0.0	0.0	0.0	0.0	0.0	0.0	0.0	0.0	0.0	0.0	0.0	0.0	0.0	0.0	0.0	0.0	0.0	0.0	0.0	0.0	0.0	0.0	0.0	0.0	0.0	
Canard colvert	0.2938174	0.3479181	0.329932	0.3443163	0.3234143	0.3697479	0.3292398	0.3823729	0.4384937	0.4126074	0.3940165	0.4073366	0.3844511	0.3789824	0.342029	0.3804024	0.3652031	0.3516002	0.329084	0.2941976	0.2594514	0.2062367	0.207433	0.228	0.2200772	0.206041	0.2362123	0.2445095	0.2410866	0.2123104	0.2589763	0.2266667	0.2683897	0.3097087	0.3091743	0.3278689	0.3072165	0.3084772	0.2651727	0.3082542	0.2704339	0.2847555	0.2764228	0.2911392	0.3163017	0.3181818	0.3166369	0.2944823	
Hybride Canard musqué x C. colvert	0.0	0.0	0.0	0.0	0.0	0.0	0.0	0.0	0.0	7.163E-4	0.0	0.0	0.0	0.0	0.0	0.0	0.0	0.0	0.0	0.0	0.0	0.0	0.0	0.0	0.0	0.0	0.0	0.0	0.0	0.0	0.0	0.0	0.0	0.0	0.0	0.0	0.0	7.849E-4	0.0	0.0	0.0	0.0	0.0	0.0	0.0	0.0	0.0	0.0	
Hybride Canard chipeau x C. colvert	5.672E-4	0.0014114	0.0	0.0	0.0	0.0	0.0	0.0	8.368E-4	0.0	0.0	3.821E-4	0.0	0.0	8.282E-4	3.726E-4	0.0	4.384E-4	0.0	4.533E-4	0.0	0.0	0.0	0.0	0.0	0.0	0.0	0.0	0.0	0.0	0.0	0.0	0.0	0.0	0.0	0.0	0.0	0.0	0.0	0.0	0.0	9.588E-4	0.0	0.0	0.0016221	9.671E-4	0.0	0.0012399	
Canard des Bahamas	0.0	0.0	0.0	0.0	0.0	0.0	0.0	0.0	0.0	0.0	0.0	0.0	0.0	0.0	0.0	0.0	0.0	0.0	0.0015	0.0	0.0	0.0	0.0	0.0	0.0	0.0	0.0	0.0	0.0	0.0	0.0	0.0	0.0	9.709E-4	0.0036697	0.0029806	0.0	0.0	0.0	0.0	0.0	0.0	0.0	0.0	0.0	0.0	0.0	0.0	
Canard pilet	0.0136132	0.0254058	0.0221088	0.0208677	0.0227095	0.0206264	0.0181287	0.0169492	0.0276151	0.0157593	0.0280076	0.0187237	0.0162324	0.0076082	0.0070393	0.0078241	0.0028724	0.0013152	0.0014164	0.0	0.0	0.0015	0.0	0.0	0.0	0.0010787	0.0	0.0	0.0	8.921E-4	0.0015279	0.0021333	0.0029821	0.0048544	0.012844	0.023845	0.0350515	0.022763	0.0233427	0.0241052	0.0171544	0.0143816	0.0345528	0.0261603	0.0283861	0.0270793	0.0286225	0.0117793	
Sarcelle d'hiver	0.1355644	0.136909	0.1326531	0.15486	0.1581832	0.1520244	0.1304094	0.1179661	0.1799163	0.1196275	0.1101209	0.0917081	0.0657839	0.0351878	0.0173913	0.009687	0.0069758	0.0048224	0.0042493	0.0036265	0.0014826	0.0	0.0025929	0.0046667	9.653E-4	0.004315	0.0052029	0.0102489	0.0144312	0.0223015	0.0252101	0.0538667	0.05666	0.0834951	0.0990826	0.1222057	0.1164948	0.1130298	0.1055089	0.119065	0.1069627	0.1112176	0.1371951	0.1434599	0.1492295	0.1673114	0.147585	0.132672	
Anas sp.	0.0	7.057E-4	0.0	0.0	0.0	0.0	0.0	0.0	0.0	0.0	0.0	0.0	0.0	0.0	0.0	0.0	0.0	0.0	0.0	0.0	0.0	0.0	0.0	0.0	0.0	0.0	0.0	0.0	0.0	8.921E-4	0.0	0.0	0.0	0.0	0.0	0.0	0.0	0.0	0.0	0.0	0.0	0.0	0.0	0.0	0.0	0.0	0.0	0.0	
anatidé sp. (canard barboteur sp.)	0.0	0.0	0.0	5.491E-4	0.0015662	7.639E-4	0.0	6.78E-4	8.368E-4	7.163E-4	0.0	0.0019106	0.0017087	0.0015	4.141E-4	0.0	0.0	0.0	0.0	0.0013599	0.0	0.0	0.0	0.0	0.0	0.0	0.0	0.0014641	8.489E-4	0.0017841	7.639E-4	0.0	9.94E-4	0.0	0.0	0.0	0.0010309	7.849E-4	0.0	0.0014609	0.0010091	0.0028763	0.0020325	8.439E-4	0.0016221	0.0029014	8.945E-4	6.2E-4	
Sarcelle marbrée	0.0119115	0.0084686	0.0042517	0.0082372	0.0078309	0.0190985	0.0116959	0.0094915	0.0133891	0.0057307	0.0095481	0.0175774	0.0243486	0.0247266	0.0240166	0.0279434	0.0402134	0.0236738	0.0344665	0.0217588	0.02298	0.0177179	0.0172861	0.016	0.0164093	0.0140237	0.0156087	0.0219619	0.0118846	0.0089206	0.0122231	0.0096	0.0089463	0.0135922	0.0165138	0.0104322	0.0175258	0.0211931	0.015873	0.0131483	0.0191726	0.021093	0.0162602	0.0084388	0.0113544	0.0135397	0.0152057	0.0142591	
Nette rousse	0.0493477	0.0628088	0.0493197	0.0763317	0.0924041	0.0939649	0.0812865	0.1037288	0.1104603	0.1189112	0.1183959	0.1432938	0.1580521	0.1569187	0.1619048	0.1766021	0.2035289	0.1915826	0.1704438	0.1160471	0.0978503	0.070163	0.0708729	0.0686667	0.0598456	0.0463862	0.0561915	0.0424597	0.0466893	0.0553078	0.0481283	0.0581333	0.0457256	0.0582524	0.0779817	0.0797317	0.0556701	0.0541601	0.0662932	0.0409058	0.0343088	0.063279	0.0813008	0.0700422	0.081914	0.0676983	0.0715564	0.0551767	
Hybride Canard colvert x Nette rousse	0.0	0.0	0.0	0.0	0.0	0.0	0.0	0.0	0.0	0.0	0.0	0.0	0.0	0.0	0.0	0.0	0.0	0.0	0.0	0.0	0.0	0.0	0.0	6.667E-4	0.0	0.0	0.0	0.0	0.0	0.0	0.0	0.0	0.0	0.0	0.0	0.0	0.0	0.0	0.0	0.0	0.0	0.0	0.0	0.0	0.0	0.0	0.0	0.0	
Fuligule milouin	0.0578559	0.0755116	0.0697279	0.0807249	0.0861394	0.0932009	0.0847953	0.1016949	0.1054393	0.1038682	0.0980267	0.117692	0.1238787	0.1269615	0.1345756	0.1497765	0.1780878	0.1639632	0.1397545	0.1142339	0.0956264	0.0772502	0.0700086	0.068	0.0714286	0.0550162	0.074922	0.0805271	0.0645161	0.0677966	0.065699	0.0677333	0.0735586	0.0815534	0.0788991	0.099851	0.0680412	0.0706436	0.0653595	0.0518627	0.0433905	0.0651965	0.0721545	0.0700422	0.0786699	0.0676983	0.0661896	0.0619963	
Fuligule à bec cerclé	0.0045377	0.0035286	0.0076531	0.0027457	0.0039154	7.639E-4	0.0035088	0.0020339	0.0058577	7.163E-4	0.0	0.0	0.0	0.0	0.0	0.0	0.0	0.0	4.721E-4	0.0	0.0	0.0	0.0	0.0	0.0	0.0	0.0	0.0	0.0	0.0	0.0	0.0	0.0	0.0	0.0	0.0	0.0	0.0	0.0	0.0	0.0	0.0	0.0	0.0042194	0.0056772	0.0038685	0.0053667	0.0018599	
Fuligule nyroca	0.015882	0.0239944	0.0195578	0.0175728	0.0281911	0.0175707	0.0134503	0.0176271	0.0142259	0.0121777	0.0140038	0.0221628	0.0269116	0.0175939	0.0215321	0.0242176	0.0315962	0.0236738	0.0236072	0.0140526	0.0163084	0.009922	0.0077787	0.0106667	0.0144788	0.0075512	0.0104058	0.0095168	0.0093379	0.0196253	0.013751	0.0106667	0.0149105	0.023301	0.0229358	0.0268256	0.0206186	0.0188383	0.0196078	0.0124178	0.0141271	0.0201342	0.0142276	0.0160338	0.0283861	0.0222437	0.0152057	0.017359	
Hybride Nette rousse x Fuligule nyroca	0.0	0.0	0.0	0.0	0.0	0.0	0.0	0.0	0.0	0.0	0.0	0.0	4.272E-4	4.755E-4	4.141E-4	3.726E-4	8.207E-4	4.384E-4	0.0	4.533E-4	0.0	0.0	0.0	0.0	0.0	0.0	0.0	0.0	0.0	0.0	0.0	0.0	0.0	0.0	0.0	0.0	0.0	0.0	0.0	0.0	0.0	0.0	0.0	0.0	0.0	0.0	0.0	0.0	
Hybride Fuligule milouin x F. nyroca	0.0	7.057E-4	0.0	0.0	7.831E-4	0.0030558	5.848E-4	0.0013559	0.0016736	0.002149	6.365E-4	3.821E-4	0.0	0.0	0.0	3.726E-4	0.0	0.0	0.0	0.0	0.0	0.0	0.0	0.0	0.0	0.0	0.0	0.0	0.0	0.0	0.0	0.0	0.0	0.0	0.0	0.0	0.0	0.0	0.0	0.0	0.0	0.0	0.0	8.439E-4	0.0	0.0019342	0.0	0.0	
Fuligule morillon	0.0039705	0.0070572	0.0093537	0.0082372	0.018794	0.0145149	0.0099415	0.0067797	0.0058577	0.0035817	0.0057288	0.0049675	0.0068347	0.0023776	0.0028986	0.002608	0.001231	0.0035072	4.721E-4	0.0013599	7.413E-4	0.0015	0.0	6.667E-4	0.0019305	0.0010787	0.0020812	7.321E-4	0.0016978	0.0	7.639E-4	0.0010667	0.0	0.0	9.174E-4	7.452E-4	0.0041237	0.0039246	9.337E-4	0.0021914	0.0060545	0.0067114	0.0071138	0.0126582	0.0145985	0.0125725	0.0089445	0.0037198	
Fuligule milouinan	0.0	7.057E-4	0.0	0.0	0.0	0.0	0.0	0.0	0.0	0.0	0.0	0.0	0.0	0.0	0.0	0.0	0.0	0.0	0.0	0.0	0.0	0.0	0.0	0.0	0.0	0.0	0.0	0.0	0.0	0.0	0.0	0.0	0.0	0.0	0.0	0.0	0.0	0.0	0.0	0.0	0.0	0.0	0.0	0.0	0.0	0.0	0.0	0.0	
Fuligule à tête noire	0.0	0.0	0.0	0.0071389	0.0164448	0.0	0.0023392	0.0	0.0	0.0	0.0	0.0	0.0	0.0	0.0	0.0	0.0	0.0	0.0	0.0	0.0	0.0	0.0	0.0	0.0	0.0	0.0	0.0	0.0	0.0	0.0	0.0	0.0	0.0	0.0	0.0	0.0	0.0	0.0	0.0	0.0	0.0	0.0	0.0	0.0	0.0	0.0	0.0	
fuligule sp.	0.0	0.0	0.0	0.0	0.0	0.0	0.0	0.0	0.0	0.0	6.365E-4	0.0	0.0	0.0	0.0	0.0	0.0	0.0	0.0	0.0	0.0	0.0	0.0	0.0	0.0	0.0	0.0	0.0	0.0	0.0	0.0	5.333E-4	0.0	0.0	0.0	0.0	0.0	0.0	0.0018674	0.0	0.0	0.0	0.0	0.0	0.0	0.0	0.0	0.0	
Harle piette	0.0	0.0	0.0	0.0	0.0	0.0	0.0	0.0	0.0	0.0	0.0	0.0	0.0	0.0	0.0	0.0	4.103E-4	0.0	0.0	0.0	0.0	0.0	0.0	0.0	0.0	0.0	0.0	0.0	0.0	0.0	0.0	0.0	0.0	0.0	0.0	0.0	0.0	0.0	0.0	0.0	0.0	0.0	0.0	0.0	0.0	0.0	0.0	0.0	
Érismature rousse	0.0	0.0	0.0	0.0	0.0	0.0	0.0	0.0	0.0	0.0	0.0	0.0	0.0	0.0	0.0	0.0	0.0	0.0	0.0	4.533E-4	7.413E-4	0.0	0.0	0.0	0.0	0.0	0.0	0.0	0.0	0.0	0.0	0.0	0.0	0.0	0.0	0.0	0.0	0.0	0.0	0.0	0.0	0.0	0.0	0.0	0.0	0.0	0.0	0.0	
Érismature à tête blanche	0.0436756	0.0366972	0.039966	0.0450302	0.0555991	0.0458365	0.0403509	0.0562712	0.0627615	0.0680516	0.0579249	0.071838	0.0773174	0.0860675	0.0853002	0.0834575	0.0980714	0.0767207	0.0812087	0.055757	0.056338	0.0432318	0.0622299	0.048	0.0472973	0.0420712	0.0395421	0.0461201	0.0432937	0.0454951	0.0450726	0.0426667	0.0586481	0.0640777	0.0770642	0.085693	0.0463918	0.0604396	0.0392157	0.0401753	0.0332997	0.0402685	0.0325203	0.0464135	0.0502839	0.0425532	0.039356	0.0297582	
anatidé sp. (canard sp.)	5.672E-4	0.0	8.503E-4	0.0	7.831E-4	0.0022918	0.0015	6.78E-4	8.368E-4	0.0	6.365E-4	7.642E-4	8.543E-4	0.0015	0.0015	0.0015	4.103E-4	4.384E-4	4.721E-4	0.0	0.0022239	0.0014174	0.0	0.0	0.0	0.0	0.0	7.321E-4	8.489E-4	8.921E-4	0.0	0.0010667	9.94E-4	0.0	0.0036697	7.452E-4	0.0010309	0.0015699	9.337E-4	0.0	0.0	9.588E-4	0.0020325	8.439E-4	8.11E-4	0.0	0.0026834	6.2E-4	
Faisan de Colchide	0.0028361	0.0014114	0.0017007	0.0049423	0.0015662	7.639E-4	0.0035088	0.0020339	0.0025105	0.004298	0.0031827	0.0061139	0.0046988	0.0042796	0.0045549	0.0067064	0.0065654	0.0052609	0.003305	0.0045331	0.005189	7.087E-4	0.0025929	0.002	0.003861	0.0032362	0.0031217	7.321E-4	0.0	8.921E-4	0.0015279	0.0016	0.0039761	0.0038835	0.0018349	0.0044709	0.0030928	0.0023548	9.337E-4	0.0014609	0.0050454	0.0028763	0.0010163	8.439E-4	0.0024331	0.0019342	0.0017889	0.0030998	
Paon bleu	0.0	0.0	8.503E-4	0.0	0.0	0.0	0.0015	0.0	0.0	0.0	0.0	0.0	0.0	0.0	0.0	0.0	8.207E-4	0.0	0.0	0.0	0.0	0.0	0.0015	0.0015	0.0	0.0	0.0010406	0.0	0.0	0.0	0.0	0.0	0.0	0.0	0.0	0.0	0.0	0.0	0.0	0.0	0.0	0.0	0.0	0.0	0.0	0.0	8.945E-4	0.0	
Caille des blés	0.0017016	0.0014114	8.503E-4	0.0016474	0.0015662	0.0022918	0.005848	0.0061017	0.0133891	0.0250716	0.0280076	0.0336263	0.061085	0.0789349	0.0902692	0.1389717	0.1460812	0.1262604	0.0991501	0.0970082	0.102298	0.092842	0.0959378	0.088	0.0955598	0.0981661	0.0863684	0.0505124	0.040747	0.0267618	0.0198625	0.0133333	0.0178926	0.0145631	0.0027523	0.0014903	0.0041237	0.0031397	0.0037348	0.0036523	0.0	0.0057526	0.0010163	0.0016878	0.0032441	9.671E-4	0.0015	0.0030998	
Perdrix rouge	0.137266	0.1524347	0.1335034	0.1592532	0.1738449	0.1749427	0.2274854	0.219661	0.2192469	0.2249284	0.1616805	0.1815055	0.1747117	0.1902045	0.1714286	0.1710134	0.1776775	0.1828146	0.1576959	0.1350861	0.148258	0.1240255	0.1356958	0.104	0.1138996	0.1067961	0.1477627	0.136896	0.1222411	0.1222123	0.1153552	0.1184	0.1421471	0.1330097	0.140367	0.1147541	0.1391753	0.1302983	0.1213819	0.1227173	0.1190716	0.1102589	0.1117886	0.1172996	0.1103001	0.1353965	0.1216458	0.1351519	
Pigeon biset	0.2960862	0.2999294	0.3103741	0.287754	0.2850431	0.2612681	0.2789474	0.3138983	0.2937238	0.2922636	0.2705283	0.3144822	0.2815036	0.2872087	0.2782609	0.2939642	0.2901108	0.2643577	0.2582625	0.2511333	0.2594514	0.2204111	0.2411409	0.2593333	0.2683398	0.2686084	0.251821	0.2693997	0.2631579	0.2899197	0.2467532	0.2336	0.2743539	0.2786408	0.3100917	0.2958271	0.271134	0.2731554	0.2997199	0.2958364	0.2734612	0.2665388	0.300813	0.2995781	0.2854826	0.2630561	0.3014311	0.2591445	
Pigeon colombin	0.0300624	0.0275229	0.0229592	0.0280066	0.0258418	0.026738	0.0345029	0.0359322	0.0301255	0.0229226	0.0292807	0.0256018	0.0341734	0.0318592	0.0293996	0.0353949	0.0471892	0.0477861	0.03305	0.038078	0.0407709	0.0340184	0.0518583	0.0413333	0.042471	0.030205	0.0332986	0.0373353	0.0390492	0.0356824	0.0244461	0.0501333	0.0308151	0.038835	0.0275229	0.023845	0.0278351	0.032967	0.0205415	0.018992	0.0312815	0.0201342	0.0142276	0.0202532	0.0178427	0.0125725	0.0313059	0.0204588	
Pigeon ramier	0.4651163	0.4834157	0.4982993	0.5035695	0.5129209	0.5355233	0.5181287	0.5545763	0.5698745	0.5723496	0.5595162	0.601452	0.6155489	0.6271992	0.5979296	0.6199702	0.6331555	0.624726	0.6496695	0.6450589	0.6493699	0.6130404	0.6637857	0.7	0.6814672	0.6914779	0.7127992	0.681552	0.7071307	0.6672614	0.6462949	0.6218667	0.6172962	0.5805825	0.5834862	0.5461997	0.5257732	0.5313972	0.5266106	0.504748	0.445005	0.4362416	0.4552846	0.4540084	0.4168694	0.434236	0.4355993	0.4414135	
Columba sp.	0.0	0.0014114	8.503E-4	5.491E-4	0.0015662	0.0	5.848E-4	0.0	0.0	0.0	0.0012731	0.0	0.0012815	0.0014265	8.282E-4	0.0	0.0	8.768E-4	0.0018886	9.066E-4	7.413E-4	0.0	0.0	6.667E-4	9.653E-4	0.0	0.0010406	7.321E-4	8.489E-4	0.0015	7.639E-4	5.333E-4	9.94E-4	0.0	0.0	0.0014903	0.0	0.0	0.0	7.305E-4	0.0020182	9.588E-4	0.0	8.439E-4	0.0	9.671E-4	0.0	0.0018599	
Tourterelle des bois	0.0	0.0	0.0	0.0	0.0	0.0	0.0	0.0	0.0	0.0	0.0	7.642E-4	0.0046988	0.0137898	0.0385093	0.0946349	0.1485433	0.1595791	0.1647781	0.1545784	0.1704967	0.1459957	0.1728608	0.1506667	0.1554054	0.1995685	0.1966701	0.1486091	0.1460102	0.1498662	0.1138273	0.1066667	0.1073559	0.0932039	0.0633028	0.0298063	0.0185567	0.0070644	0.0028011	0.0014609	0.0	0.0	0.0	0.0	0.0	0.0	0.0	0.0	
Tourterelle turque	0.2115712	0.2131263	0.2585034	0.2174629	0.2333594	0.2391138	0.2450292	0.2555932	0.2736402	0.267192	0.2794398	0.3060757	0.2921828	0.3095578	0.2915114	0.2921013	0.3249897	0.2875932	0.2983947	0.2751587	0.3098592	0.27073	0.2852204	0.29	0.3088803	0.3354908	0.3257024	0.3345534	0.3505942	0.3425513	0.3101604	0.2757333	0.3359841	0.3524272	0.3495413	0.2764531	0.2721649	0.266876	0.264239	0.2403214	0.2270434	0.219559	0.222561	0.2050633	0.2060016	0.1992263	0.206619	0.1878487	
Streptopelia sp.	0.0	0.0	0.0	0.0	0.0	0.0	0.0	0.0	0.0	0.0	0.0	0.0	0.0	0.0	0.0	0.0	0.0	0.0	0.0	0.0	0.0	0.0	0.0	0.0	0.0	0.0	0.0	0.0	0.0	8.921E-4	0.0	0.0	0.0	0.0	0.0	0.0	0.0	0.0	0.0	0.0	0.0	0.0	0.0	0.0	0.0	0.0	0.0	0.0	
Ganga cata	0.0425411	0.052223	0.039966	0.0510708	0.0657792	0.0374332	0.051462	0.0379661	0.0443515	0.0573066	0.042648	0.0408865	0.043144	0.0480266	0.0542443	0.0637109	0.0685269	0.0648838	0.0741265	0.0856754	0.0934025	0.092842	0.108038	0.0886667	0.1023166	0.1111111	0.1050989	0.1010249	0.1129032	0.1016949	0.0901451	0.0869333	0.0914513	0.1019417	0.0752294	0.061848	0.0391753	0.0353218	0.0354809	0.0277575	0.025227	0.0431448	0.0396341	0.0345992	0.0308191	0.0357834	0.0509839	0.0384377	
Ganga unibande	0.0153148	0.0190543	0.0161565	0.0153762	0.0313234	0.0160428	0.0233918	0.0128814	0.01841	0.0200573	0.0159134	0.0106993	0.0123879	0.0123633	0.0140787	0.0119225	0.0118999	0.0100833	0.0103872	0.0167724	0.0126019	0.0106308	0.0103717	0.012	0.0164093	0.0107875	0.0270552	0.0161054	0.0169779	0.0071365	0.0152788	0.0101333	0.026839	0.0126214	0.0155963	0.0126677	0.0092784	0.0149137	0.0186741	0.0124178	0.0110999	0.0095877	0.0091463	0.014346	0.0089213	0.0135397	0.0178891	0.0198388	
ganga sp.	0.0	0.0	0.0017007	0.0	0.0	0.0	0.0	0.0	0.0	0.0	0.0	0.0	0.0	0.0	0.0	0.0	0.0	0.0	0.0	0.0	0.0	0.0	0.0015	0.0	0.0	0.0	0.0	0.0	0.0	0.0	0.0	0.0	0.0	0.0	0.0	0.0	0.0	0.0	0.0	0.0	0.0	0.0	0.0	0.0	0.0	0.0	0.0	6.2E-4	
Grande Outarde	0.0476461	0.0494001	0.047619	0.0565623	0.0634299	0.0557678	0.0719298	0.0610169	0.074477	0.0802292	0.0649268	0.0626672	0.0640752	0.0741797	0.063354	0.0681818	0.0471892	0.0482245	0.0481586	0.0426111	0.0541142	0.0382707	0.0371651	0.0273333	0.0299228	0.0280475	0.0530697	0.0395315	0.0229202	0.0338983	0.0275019	0.04	0.0616302	0.0650485	0.0743119	0.076006	0.0381443	0.0463108	0.0569561	0.0445581	0.0403633	0.0441035	0.0538618	0.0481013	0.0316302	0.0473888	0.0581395	0.0514569	
Outarde canepetière	0.023823	0.0225829	0.0136054	0.0230643	0.0164448	0.0152788	0.0245614	0.0237288	0.0292887	0.0293696	0.0337365	0.0366832	0.0478428	0.0537328	0.0604555	0.0633383	0.0443168	0.0521701	0.0368272	0.0235721	0.0311342	0.0191354	0.0138289	0.0113333	0.0086873	0.0118662	0.0187305	0.010981	0.0110357	0.015165	0.0145149	0.0117333	0.0178926	0.0194175	0.0155963	0.0186289	0.0113402	0.0188383	0.0140056	0.0146092	0.0171544	0.021093	0.0172764	0.0151899	0.0145985	0.0203095	0.0205725	0.0192188	
Coucou geai	0.0	0.0015	0.0	0.0027457	0.0140955	0.0313216	0.0333333	0.0467797	0.0677824	0.0938395	0.0700191	0.0664883	0.0739	0.0851165	0.0712215	0.0685544	0.0537546	0.0385796	0.0212465	0.030825	0.0363232	0.0453579	0.0440795	0.0313333	0.0202703	0.0097087	0.0062435	0.0029283	0.0033956	0.0	0.0	5.333E-4	0.0015	0.0	0.0	7.452E-4	0.0	0.0	0.0	0.0	0.0	0.0	0.0	0.0	0.0	0.0	0.0	0.0	
Coucou gris	0.0	0.0	0.0	0.0	0.0	0.0	0.0	0.0	8.368E-4	0.002149	0.0108211	0.0534964	0.1063648	0.1298146	0.1325052	0.1557377	0.1350021	0.1411662	0.1553352	0.1504986	0.1282431	0.1396173	0.0535869	0.0233333	0.0106178	0.0118662	0.0041623	0.0051245	0.0050934	0.0017841	7.639E-4	0.0010667	9.94E-4	0.0019417	0.0	0.0	0.0	0.0	0.0	0.0	0.0	0.0	0.0	0.0	0.0	0.0	0.0	0.0	
Engoulevent à collier roux	0.0	0.0	0.0	0.0	0.0	0.0	0.0	0.0	0.0	0.0	0.0015	3.821E-4	4.272E-4	0.001902	0.0041408	0.0115499	0.0213377	0.0188514	0.0160529	0.0158658	0.0222387	0.0205528	0.0276577	0.0186667	0.0395753	0.02589	0.0312175	0.0292826	0.0203735	0.0214095	0.0152788	0.0154667	0.0139165	0.0116505	0.0091743	0.0089419	0.0041237	0.0031397	0.0	0.0	0.0	0.0	0.0	0.0	0.0	0.0	0.0	0.0	
Engoulevent d'Europe	0.0	0.0	0.0	0.0	0.0	0.0	0.0	0.0	0.0	0.0	0.0	0.0015	0.0015	0.0	4.141E-4	0.0014903	0.0057448	0.0039456	0.0042493	0.0104261	0.0126019	0.0063785	0.0069144	0.012	0.0125483	0.00863	0.012487	0.0073206	0.0101868	0.0187333	0.0053476	0.0069333	0.0029821	0.0029126	0.006422	0.0014903	0.0020619	7.849E-4	0.0015	0.0	0.0	0.0	0.0	0.0	0.0	0.0	0.0	0.0	
Engoulevent à collier roux ou E. d'Europe	0.0	0.0	0.0	0.0	0.0	0.0	0.0	0.0	0.0	0.0	0.0	0.0	0.0	0.0	0.0	0.0	0.0	0.0	0.0	9.066E-4	0.0	0.0	0.0	0.0	0.0	0.0	0.0	7.321E-4	0.0	0.0	7.639E-4	0.0015	0.0	9.709E-4	0.0018349	0.0	0.0	0.0	0.0	0.0	0.0	0.0	0.0	0.0	0.0	0.0	0.0	0.0	
Caprimulgus sp.	0.0	0.0	0.0	0.0	0.0	0.0	0.0	0.0	0.0	0.0	0.0	0.0	0.0	0.0	0.0	0.0	0.0	0.0	0.0	4.533E-4	0.0	7.087E-4	0.0	6.667E-4	9.653E-4	0.0	0.0	0.0	0.0	0.0	0.0	0.0	0.0	0.0	0.0	0.0	0.0010309	0.0	0.0	0.0	0.0	0.0	0.0	0.0	0.0	0.0	0.0	0.0	
engoulevent sp.	0.0	0.0	0.0	0.0	0.0	0.0	0.0	0.0	0.0	0.0	0.0	0.0	0.0	0.0	0.0	0.0	0.0	0.0	0.0	4.533E-4	0.0	0.0	0.0	0.0	0.0	0.0	0.0	0.0	0.0	0.0	0.0	0.0	0.0	0.0	0.0015	0.0	0.0	0.0	0.0	0.0	0.0	0.0	0.0	0.0	0.0	0.0	0.0	0.0	
Martinet à ventre blanc	0.0	0.0	0.0	0.0	0.0	0.0	0.0	0.0	0.0025105	0.004298	0.0203692	0.025984	0.0256301	0.0228245	0.0161491	0.023845	0.019286	0.0223586	0.0217186	0.0294651	0.028169	0.0340184	0.0665514	0.074	0.0530888	0.0431499	0.0509886	0.0373353	0.0645161	0.0365745	0.0481283	0.0554667	0.0397614	0.0165049	0.0165138	0.009687	0.0061856	0.0070644	9.337E-4	0.0014609	0.0	0.0	0.0	0.0	0.0	0.0	0.0	0.0	
Martinet noir	0.0	0.0	0.0	0.0	0.0	0.0	0.0	0.0	8.368E-4	0.0028653	0.0101846	0.035919	0.0956856	0.1540656	0.2447205	0.3688525	0.4513746	0.4743534	0.5240793	0.4977335	0.51149	0.4847626	0.5946413	0.594	0.5588803	0.5318231	0.5119667	0.4494876	0.3641766	0.2845674	0.2047364	0.1184	0.1043738	0.0398058	0.0174312	0.0029806	0.0	7.849E-4	0.0	0.0	0.0	0.0	0.0	0.0	0.0	0.0	0.0	0.0	
Martinet pâle	0.0	0.0	0.0	0.0	0.0	7.639E-4	0.0015	6.78E-4	0.0025105	0.006447	0.0070019	0.0168131	0.0123879	0.0133143	0.015735	0.0152757	0.0160033	0.0122753	0.01322	0.0126927	0.0252039	0.0163005	0.0164218	0.022	0.0183398	0.021575	0.0208117	0.0278184	0.0263158	0.0196253	0.013751	0.0133333	0.0159046	0.0145631	0.0165138	0.0111773	0.0072165	0.0031397	0.0015	7.305E-4	0.0	0.0	0.0	0.0	0.0	0.0	0.0	0.0	
Martinet noir ou M. pâle	0.0	0.0	0.0	0.0	0.0	0.0	0.0	0.0	0.0016736	0.0071633	0.0044558	0.0061139	0.0046988	0.0114123	0.0062112	0.0108048	0.0135412	0.016221	0.0075543	0.0176791	0.0185322	0.0170092	0.0121003	0.014	0.0183398	0.0248112	0.0145682	0.0241581	0.0178268	0.0178412	0.0221543	0.0122667	0.0079523	0.0048544	0.0018349	0.0014903	0.0010309	7.849E-4	0.0	7.305E-4	0.0	0.0	0.0	0.0	0.0	0.0	0.0	0.0	
Martinet cafre	0.0	0.0	0.0	0.0	0.0	0.0	0.0	0.0	0.0	0.0	0.0	0.0	0.0	0.0	0.0	0.0	4.103E-4	0.0013152	9.443E-4	0.0013599	0.0022239	0.0014174	0.0017286	0.0053333	0.0028958	0.0064725	0.0020812	0.0021962	0.0033956	0.0035682	0.0022918	0.0015	0.0	0.0015	0.0	0.0	0.0	0.0015	0.0	0.0	0.0	0.0	0.0	0.0	0.0	0.0	0.0	0.0	
Apus ou Tachymarptis sp.	0.0	0.0	0.0	0.0	0.0	0.0	0.0	6.78E-4	0.0015	0.0015	6.365E-4	0.0034391	0.002563	0.0028531	0.0049689	0.0052161	0.0057448	0.0078913	0.0056657	0.0022665	0.0037064	0.004961	0.0017286	0.006	0.0048263	0.0140237	0.0072841	0.0073206	0.0110357	0.0044603	0.0045837	0.0042667	0.0079523	0.0029126	0.0045872	0.0029806	0.0010309	0.0023548	9.337E-4	0.0	0.0	0.0	0.0	0.0	0.0	0.0	0.0	0.0	
Râle d'eau	0.0487805	0.062103	0.0654762	0.0631521	0.0665623	0.078686	0.0561404	0.0833898	0.0979079	0.0766476	0.0757479	0.0664883	0.0627937	0.0646695	0.0521739	0.0536513	0.0508822	0.0377028	0.0533522	0.0403445	0.0481838	0.0439405	0.0509939	0.0433333	0.0511583	0.0711974	0.0718002	0.0885798	0.0925297	0.0874219	0.118411	0.0933333	0.0964215	0.115534	0.1100917	0.1035768	0.1226804	0.099686	0.0812325	0.0737765	0.0605449	0.0767018	0.0670732	0.0675105	0.0616383	0.0696325	0.0635063	0.0650961	
Râle des genêts	0.0	0.0	0.0	0.0	0.0	0.0	0.0	0.0	0.0	0.0	0.0	0.0	0.0	0.0	0.0	0.0	0.0	0.0	0.0	0.0	0.0	0.0	0.0	0.0	0.0	0.0	0.0	0.0	0.0	0.0	0.0	0.0	0.0	0.0	0.0	0.0	0.0	0.0	9.337E-4	0.0	0.0	9.588E-4	0.0	0.0	0.0	0.0	0.0	0.0	
Marouette ponctuée	5.672E-4	0.0	0.0	0.0	0.0	0.0	0.0	6.78E-4	0.0066946	0.004298	0.0025461	0.0022927	0.002563	0.0023776	0.0	0.0	0.0	0.0	0.0	0.0	0.0	0.0	0.0	0.0	0.0	0.0010787	0.0	0.0	0.0	0.0	0.0	0.0	0.0	0.0	0.0	0.0	0.0010309	0.0	0.0	0.0	0.0	0.0	0.0	0.0	0.0	0.0	0.0	0.0	
Gallinule poule-d'eau	0.1656268	0.1884263	0.1573129	0.1729819	0.1613156	0.1688312	0.151462	0.1755932	0.1949791	0.1826648	0.1674093	0.1753917	0.1695856	0.1645269	0.1532091	0.1721311	0.1715224	0.1402893	0.1600567	0.1409791	0.1512231	0.1332388	0.1486603	0.1466667	0.1554054	0.171521	0.1633715	0.1683748	0.1629881	0.1480821	0.1818182	0.1504	0.1878728	0.2126214	0.2192661	0.2168405	0.2216495	0.2048666	0.1914099	0.1782323	0.1786075	0.1677852	0.152439	0.1763713	0.1800487	0.1711799	0.1520572	0.1587105	
Foulque macroule	0.1996597	0.2074806	0.1836735	0.1938495	0.1989037	0.2291826	0.1988304	0.2135593	0.2292887	0.2184814	0.2094208	0.2300344	0.2306707	0.2211127	0.2281573	0.2414307	0.2671317	0.253836	0.233711	0.2026292	0.1830986	0.1530829	0.1771824	0.188	0.1621622	0.162891	0.1467222	0.1617862	0.1561969	0.1578947	0.1825821	0.1690667	0.193837	0.2194175	0.2238532	0.2451565	0.2123711	0.1970173	0.162465	0.182615	0.1453078	0.1380633	0.1554878	0.1915612	0.1670722	0.1731141	0.1654741	0.1549907	
Foulque caronculée	0.0011344	7.057E-4	8.503E-4	0.0010983	0.0015662	0.0015	0.0	0.0	0.0	0.0	0.0	0.0	0.0	0.0015	0.0	3.726E-4	0.0016414	0.002192	0.0014164	9.066E-4	7.413E-4	0.0014174	8.643E-4	0.0013333	0.007722	0.004315	0.0	0.0	0.0	8.921E-4	7.639E-4	0.0032	9.94E-4	0.0048544	0.0	7.452E-4	0.0	7.849E-4	0.0	0.0	0.0	0.0	0.0	8.439E-4	8.11E-4	0.0	0.0	0.0	
Hybride Foulque macroule x F. caronculée	0.0	0.0	0.0	0.0	0.0	0.0	0.0	0.0	0.0	0.0	0.0	0.0	0.0	0.0	0.0	0.0	0.001231	0.0013152	0.0	0.0	0.0	0.0	0.0	0.0	0.0	0.0	0.0	0.0	0.0	0.0	0.0	0.0	0.0	0.0	0.0	0.0	0.0	0.0	0.0	0.0	0.0	0.0	0.0	0.0	0.0	0.0	0.0	0.0	
Talève sultane	0.0499149	0.0465773	0.0603741	0.0571115	0.0634299	0.0519481	0.0397661	0.0508475	0.0585774	0.0436963	0.0413749	0.0324799	0.0273387	0.040894	0.026501	0.0268256	0.03611	0.018413	0.0339943	0.0285585	0.0311342	0.0240964	0.0363008	0.0253333	0.0222008	0.0323625	0.0332986	0.0358712	0.0373514	0.0383586	0.0420168	0.0416	0.0347913	0.0553398	0.0633028	0.0536513	0.0525773	0.0470958	0.0373483	0.0387144	0.0292634	0.0441035	0.0436992	0.0438819	0.0389294	0.0522244	0.0339893	0.0347179	
Marouette poussin	0.0	0.0	0.0	0.0	0.0	0.0	0.0	0.0	0.0	7.163E-4	0.0	3.821E-4	4.272E-4	4.755E-4	0.0	0.0	0.0	0.0	0.0	0.0	0.0	7.087E-4	0.0	6.667E-4	0.0	0.0	0.0	0.0	0.0	0.0	0.0	0.0	0.0	0.0	0.0	0.0	0.0030928	0.0023548	0.0	0.0	0.0	0.0	0.0	0.0	0.0	0.0	0.0	0.0	
Marouette poussin ou M. de Baillon	0.0	0.0	0.0	0.0	0.0	0.0	0.0	0.0	0.0	0.0	0.0	0.0	0.0	0.0	0.0	0.0	0.0	0.0	0.0	0.0	0.0	0.0	0.0	0.0	0.0	0.0	0.0	0.0	0.0	0.0	0.0	0.0	0.0	0.0	0.0	0.0	0.0	0.0	0.0	0.0	0.0	0.0	0.0	0.0015	0.0	0.0	0.0	0.0	
Grue demoiselle	0.0	0.0	0.0	0.0	0.0	0.0	0.0	0.0	0.0	0.0	0.0	0.0	0.0	0.0	0.0	0.0	0.0	0.0	0.0	0.0	0.0	0.0	0.0	0.0	0.0	0.0	0.0	0.0	0.0	0.0	0.0	0.0	0.0	0.0	9.174E-4	0.0365127	0.0041237	0.0031397	0.0	0.0	0.0	0.0	0.0	0.0	0.0	0.0	0.0	0.0	
Grue cendrée	0.1616563	0.1524347	0.1462585	0.1570566	0.1268598	0.1588999	0.1912281	0.1783051	0.1096234	0.0637536	0.0356461	0.0156668	0.012815	0.0057061	0.0049689	0.0085693	0.0098482	0.0078913	0.0061379	0.0018132	0.0022239	0.0021262	0.0017286	6.667E-4	9.653E-4	0.0	0.0	0.0	8.489E-4	0.0026762	0.0	0.0032	0.0019881	0.0048544	0.0036697	0.038003	0.0175258	0.0463108	0.0980392	0.1490139	0.2371342	0.2818792	0.2662602	0.2582278	0.2400649	0.237911	0.2397138	0.2107874	
Oedicnème criard	0.0062394	0.0112915	0.0085034	0.0093355	0.0164448	0.0206264	0.0292398	0.0325424	0.0552301	0.0723496	0.0623806	0.0592281	0.0709099	0.0884451	0.0699793	0.1013413	0.0824785	0.0863656	0.0769594	0.074796	0.084507	0.0616584	0.0812446	0.0686667	0.0839768	0.0819849	0.0926119	0.079795	0.0475382	0.0401427	0.0343774	0.0357333	0.0437376	0.0291262	0.0266055	0.023845	0.0175258	0.0164835	0.0121382	0.0087655	0.0090817	0.0095877	0.0091463	0.0067511	0.0072993	0.0087041	0.0053667	0.0024799	
Échasse blanche	0.0703347	0.084686	0.0790816	0.1087315	0.1135474	0.1298701	0.0842105	0.1077966	0.1422594	0.1318052	0.1616805	0.1987008	0.2191371	0.2106515	0.2302277	0.25	0.2609766	0.2362999	0.2209632	0.1894832	0.1771683	0.1481219	0.1616249	0.1493333	0.1621622	0.1467098	0.1269511	0.1530015	0.1511036	0.1516503	0.1489687	0.1274667	0.1242545	0.1747573	0.1798165	0.1788376	0.1340206	0.110675	0.1185808	0.1081081	0.0696266	0.0776606	0.0995935	0.0818565	0.0786699	0.0802708	0.0849732	0.0706758	
Avocette élégante	0.0243902	0.0296401	0.0204082	0.0274574	0.0352388	0.0504202	0.0298246	0.0488136	0.0786611	0.0766476	0.0859325	0.081773	0.0875694	0.0974798	0.099793	0.1207154	0.1280263	0.1209996	0.1137866	0.0942883	0.0837658	0.0680369	0.0674157	0.054	0.0501931	0.0420712	0.0405827	0.0373353	0.0365025	0.0321142	0.038961	0.0362667	0.0397614	0.061165	0.0715596	0.0700447	0.0463918	0.0384615	0.031746	0.0372535	0.025227	0.0306807	0.0294715	0.0421941	0.0308191	0.0212766	0.0232558	0.0142591	
Huîtrier pie	0.0	0.0	0.0	0.0	0.0	0.0	0.0	0.0	0.0	0.0	6.365E-4	3.821E-4	0.0	0.0	0.0	0.0	0.0	4.384E-4	0.0	0.0	0.0	0.0	0.0	0.0	0.0	0.0	0.0	0.0	0.0	8.921E-4	0.0015	0.0	0.0	0.0	0.0	0.0	0.0	0.0	0.0	0.0	0.0	0.0	0.0	0.0	0.0	0.0	0.0	0.0	
Pluvier argenté	0.0	0.0021171	8.503E-4	0.0	0.0	7.639E-4	0.0	0.0	0.0	0.0	0.0	0.0	0.0	9.51E-4	0.0024845	0.0078241	0.0225687	0.0315651	0.0349386	0.0072529	0.0022239	0.0	0.0	0.0	0.0	0.0	0.0	0.0	0.0	0.0	0.0	0.0	0.0029821	9.709E-4	0.0036697	0.0067064	0.0061856	0.0054945	0.0046685	0.0036523	0.0030272	0.0028763	0.0010163	0.0050633	0.0040552	0.0	0.0017889	0.0	
Pluvier doré	0.039705	0.0543402	0.0467687	0.040637	0.0501175	0.0343774	0.0321637	0.0277966	0.0368201	0.023639	0.0095481	0.0030569	8.543E-4	4.755E-4	4.141E-4	0.0015	8.207E-4	0.0	0.0	0.0	0.0	0.0	0.0	0.0	0.0015	0.0	0.0	7.321E-4	0.0	0.0	0.0	0.0	0.0	0.0	0.0	0.0	0.0010309	0.0	9.337E-4	0.0036523	0.0040363	0.0067114	0.0060976	0.0185654	0.0170316	0.0261122	0.0411449	0.0254185	
Pluvier bronzé	0.0	0.0	0.0	0.0	0.0	0.0	0.0	0.0	0.0	0.0	0.0	0.0	0.0	0.0	0.0	0.0	0.0	0.0	0.0	0.0	0.0	0.0	0.0	0.0	0.0	0.0	0.0	0.0	0.0	0.0	0.0	0.0	0.0	0.0	0.0	0.0	0.0	0.0	9.337E-4	0.0	0.0	0.0	0.0	0.0	0.0	0.0	0.0	0.0	
Pluvialis sp.	0.0	7.057E-4	0.0	0.0	0.0	0.0	0.0	0.0	0.0	7.163E-4	0.0	0.0	0.0	0.0	0.0	0.0	0.0	4.384E-4	0.0	0.0	0.0	0.0	0.0	0.0	0.0	0.0	0.0	0.0	0.0	0.0	0.0	0.0	0.0	0.0	0.0	0.0	0.0	0.0	0.0	0.0	0.0	0.0	0.0010163	0.0	8.11E-4	0.0	0.0	0.0	
Guignard d’Eurasie	0.0051049	0.0028229	0.0017007	0.0076881	0.0015662	0.0015279	0.0035088	6.78E-4	0.0016736	0.0014327	0.0012731	0.0019106	0.0038445	0.0033286	0.0016563	0.0014903	0.0028724	0.0015	0.0	0.0	0.0	0.0	0.0	0.0	0.0	0.0	0.0	0.0	0.0	0.0015	0.0038197	0.0101333	0.0159046	0.0194175	0.0220183	0.0186289	0.014433	0.0141287	0.0149393	0.0109569	0.0030272	0.0067114	0.0010163	0.0015	0.0024331	0.0019342	0.0017889	0.0024799	
Grand Gravelot	0.0051049	0.00494	0.002551	0.0082372	0.0086139	0.0114591	0.0087719	0.0054237	0.0167364	0.0121777	0.0140038	0.0171953	0.0145237	0.0142653	0.0364389	0.0737705	0.1214608	0.1249452	0.1388102	0.0621034	0.0296516	0.0141743	0.0025929	0.002	0.0019305	0.004315	0.0114464	0.0190337	0.0152801	0.0205174	0.0206264	0.032	0.0636183	0.0951456	0.0963303	0.1154993	0.0814433	0.05573	0.0485528	0.0423667	0.0171544	0.0239693	0.0203252	0.0126582	0.0081103	0.0067698	0.0053667	0.0074396	
Petit Gravelot	0.0090754	0.0091743	0.0102041	0.0153762	0.0109632	0.0190985	0.0140351	0.0264407	0.0728033	0.0795129	0.0897518	0.1035537	0.0995301	0.0936757	0.0985507	0.1102832	0.115716	0.0903113	0.0849858	0.074796	0.0726464	0.0609497	0.0847018	0.0753333	0.0984556	0.0841424	0.094693	0.1068814	0.1103565	0.1150758	0.1130634	0.1232	0.1242545	0.1572816	0.1440367	0.1363636	0.1113402	0.0541601	0.0420168	0.0321402	0.0151362	0.0182167	0.0152439	0.0118143	0.0081103	0.0067698	0.0044723	0.0111593	
Grand Gravelot ou Petit Gravelot	0.0	0.0	0.0	5.491E-4	0.0	0.0	0.0015	0.0	0.0	0.0	6.365E-4	0.0011464	4.272E-4	4.755E-4	0.0015	7.452E-4	8.207E-4	0.0013152	4.721E-4	4.533E-4	7.413E-4	0.0	8.643E-4	6.667E-4	0.0	0.0	0.0	7.321E-4	0.0	0.0	7.639E-4	0.0	0.0	0.0	0.0	0.0	0.0	0.0	0.0	7.305E-4	0.0030272	0.0	0.0	0.0	0.0015	0.0	0.0	0.0	
Vanneau huppé	0.1701645	0.2152435	0.1870748	0.2114223	0.2145654	0.2223071	0.1795322	0.1816949	0.1958159	0.1332378	0.0980267	0.0985862	0.0897053	0.0794104	0.0989648	0.1125186	0.110792	0.0986409	0.1048159	0.1092475	0.084507	0.0885897	0.0726016	0.082	0.0859073	0.0744337	0.074922	0.0929722	0.0747029	0.0847458	0.0993125	0.0917333	0.1063618	0.1174757	0.1330275	0.1482861	0.1587629	0.1711146	0.1531279	0.1453616	0.1564077	0.1620326	0.1737805	0.1797468	0.163017	0.1982592	0.1887299	0.1779293	
Vanneau à éperons	0.0	0.0	0.0	0.0	0.0	0.0	0.0	0.0	0.0	0.0	0.0	0.0	0.0	0.0	0.0	0.0011177	0.0	0.0	0.0	9.066E-4	0.0	0.0	0.0	0.0	0.0	0.0	0.0	0.0	0.0	0.0	0.0	0.0	0.0	0.0	0.0	0.0	0.0	0.0	0.0	0.0	0.0	0.0	0.0	0.0	0.0	0.0	0.0	0.0	
Vanneau sociable	0.0	0.0035286	0.0	5.491E-4	0.0	7.639E-4	0.0	0.0	0.0025105	0.004298	0.0025461	0.0011464	0.0	0.0	0.0	0.0	0.0	0.0	0.0	0.0	0.0	0.0	0.0	0.0	0.0	0.0	0.0	0.0	0.0	0.0	0.0	0.0	0.0	0.0	0.0	0.0	0.0	0.0	0.0	0.0	0.0	0.0	0.0	0.0	0.0	0.0	0.0	0.0	
Gravelot à collier interrompu	0.0153148	0.0232886	0.0212585	0.02581	0.0281911	0.0351413	0.0239766	0.019661	0.0309623	0.0372493	0.0394653	0.0534964	0.0439983	0.0504042	0.0679089	0.0722802	0.0943783	0.0885577	0.0944287	0.06301	0.0400297	0.0418143	0.0466724	0.0453333	0.0395753	0.0280475	0.0197711	0.0300146	0.0314092	0.0419269	0.0229183	0.0266667	0.0437376	0.0495146	0.0587156	0.0752608	0.0216495	0.022763	0.0102708	0.017531	0.0131181	0.0201342	0.0254065	0.0261603	0.027575	0.0174081	0.0241503	0.0136392	
Gravelot sp.	0.0	0.0	0.0	0.0	0.0	0.0	0.0	0.0	0.0	0.0	0.0	0.0	0.0	0.0	0.0	0.0	0.0	0.0	0.0	0.0	0.0	0.0	0.0	0.0	0.0	0.0	0.0	0.0	0.0	0.0	7.639E-4	0.0	0.0	0.0	0.0	0.0	0.0	0.0	0.0	0.0	0.0	0.0	0.0	0.0	0.0	0.0	0.0	0.0	
Charadriidae sp.	5.672E-4	0.0014114	0.0	0.0010983	0.0	0.0	0.0011696	0.0013559	0.0	0.0	0.0	7.642E-4	4.272E-4	0.001902	8.282E-4	3.726E-4	4.103E-4	4.384E-4	4.721E-4	0.0018132	7.413E-4	0.0	0.0	0.0	0.0	0.0021575	0.0	0.0	8.489E-4	0.0017841	0.0	5.333E-4	9.94E-4	0.0019417	9.174E-4	0.0	0.0010309	0.0023548	0.0	7.305E-4	0.0	0.0	0.0010163	0.0	8.11E-4	0.0	0.0015	6.2E-4	
Courlis corlieu	0.0	0.0	0.0	0.0	0.0	0.0	0.0	0.0	0.0	0.0	0.0	0.0011464	0.0021358	0.0038041	0.0124224	0.0119225	0.0032827	0.0017536	9.443E-4	9.066E-4	0.0	7.087E-4	0.0	0.0	0.0	0.0	0.0	0.0	0.0	0.0	0.0	0.0	0.0	0.0	0.0	7.452E-4	0.0	0.0	0.0	0.0	0.0	0.0	0.0	0.0	0.0	0.0	0.0	0.0	
Courlis cendré	0.0045377	0.0021171	0.002551	0.0082372	0.0062647	0.0053476	0.0076023	0.0013559	0.0100418	0.0078797	0.0038192	0.0022927	0.0021358	4.755E-4	0.0016563	0.0011177	0.001231	4.384E-4	4.721E-4	9.066E-4	0.0029652	0.0021262	0.0034572	0.0013333	0.0057915	0.0097087	0.0041623	0.0021962	0.0033956	0.0026762	0.0022918	0.0021333	0.0029821	0.0038835	0.0055046	0.0044709	0.0082474	0.0047096	0.0037348	0.0014609	0.0020182	0.0067114	0.0030488	0.0016878	0.0024331	0.0	0.0071556	0.0018599	
Courlis corlieu ou C. cendré	0.0	7.057E-4	0.0	0.0	0.0	0.0	0.0011696	0.0	0.0	0.0	0.0	0.0	0.0	0.0	4.141E-4	3.726E-4	0.0	0.0	4.721E-4	0.0	0.0	0.0	0.0	0.0	0.0	0.0	0.0	0.0	0.0	0.0	7.639E-4	0.0	0.0	0.0	0.0	0.0	0.0	0.0	0.0	0.0	0.0	0.0	0.0	8.439E-4	0.0	0.0	0.0	0.0	
Barge rousse	0.0	0.0	0.0	0.0	0.0	0.0	0.0	0.0	0.0	0.0	0.0	0.0	0.0	0.0	4.141E-4	7.452E-4	0.0	0.0	4.721E-4	0.0	0.0	7.087E-4	0.0	6.667E-4	0.0	0.0	0.0	0.0014641	0.0	0.0	0.0	0.0	0.0	0.0	0.0	0.0014903	0.0	0.0	0.0	0.0	0.0	0.0	0.0	0.0	0.0	0.0	0.0	0.0	
Barge à queue noire	0.0073738	0.0105857	0.0119048	0.0115321	0.0219264	0.0381971	0.028655	0.0420339	0.0627615	0.0444126	0.0330999	0.0263661	0.0213584	0.0147408	0.0086957	0.0048435	0.0069758	0.0078913	0.009915	0.0081596	0.0266864	0.02764	0.0267934	0.0233333	0.0318533	0.0226537	0.0239334	0.0248902	0.0288625	0.0249777	0.0328495	0.0336	0.0457256	0.0533981	0.0568807	0.0543964	0.0412371	0.0313972	0.031746	0.0306793	0.0201816	0.0134228	0.0132114	0.0126582	0.0024331	0.0096712	0.0143113	0.0030998	
barge sp.	0.0	0.0	0.0	0.0	0.0	0.0	0.0	0.0	0.0	0.0	0.0	0.0	0.0015	0.0	0.0	0.0	0.0	0.0	0.0	0.0	0.0	0.0	0.0	0.0	0.0	0.0	0.0	0.0	0.0	0.0	0.0	0.0	0.0	0.0	0.0	0.0	0.0	0.0	0.0	0.0	0.0	0.0	0.0	0.0	0.0	0.0	8.945E-4	0.0	
Bécassine sourde	0.0045377	0.00494	0.0085034	0.003844	0.0023493	7.639E-4	5.848E-4	0.0020339	8.368E-4	7.163E-4	0.0019096	7.642E-4	0.0	4.755E-4	4.141E-4	7.452E-4	0.0	0.0	0.0	0.0	0.0	0.0	0.0	0.0	0.0	0.0	0.0	0.0	0.0	0.0	0.0	0.0	0.0	0.0	0.0	7.452E-4	0.0	0.0	0.0	0.0014609	0.0	0.0028763	0.0	0.0059072	0.0040552	0.0019342	0.0015	0.0024799	
Bécasse des bois	0.0017016	0.00494	0.0017007	0.0021966	0.0015662	0.0030558	0.002924	6.78E-4	0.0025105	0.0014327	0.0031827	0.0022927	8.543E-4	0.0015	0.0	3.726E-4	0.001231	0.0	9.443E-4	0.0015	0.0	0.0	0.0	0.0	0.0	0.0	0.0	0.0	0.0	0.0	0.0	0.0	0.0	0.0	0.0	0.0	0.0	0.0	0.0	7.305E-4	0.0020182	0.0038351	0.0060976	0.0067511	0.0032441	0.0038685	0.0035778	0.0049597	
Bécassine double	0.0	0.0	0.0	0.0	0.0	0.0	0.0	0.0	0.0	0.0	0.0	0.0	0.0	0.0	0.0	0.0	0.0	0.0	0.0	9.066E-4	0.0	0.0	0.0	0.0	0.0	0.0	0.0	0.0	0.0	0.0	0.0	0.0	0.0	0.0	0.0	0.0	0.0	0.0	0.0	0.0	0.0	0.0	0.0	0.0	0.0	0.0	0.0	0.0	
Bécassine des marais	0.0709019	0.0691602	0.0739796	0.0669962	0.0720439	0.0771581	0.0631579	0.0888136	0.1104603	0.0802292	0.0808402	0.0611387	0.0529688	0.0366144	0.03147	0.0137854	0.0045137	0.002192	9.443E-4	9.066E-4	0.0	0.0	0.0	6.667E-4	0.0	0.0	0.0	0.0021962	0.0042445	0.014273	0.0168067	0.0405333	0.0765408	0.1087379	0.1165138	0.1393443	0.1360825	0.1059655	0.1120448	0.1146822	0.0686176	0.1016299	0.1026423	0.0962025	0.0746148	0.0793037	0.0554562	0.0582765	
Gallinago sp.	0.0	0.0	0.0	0.0	0.0	0.0	5.848E-4	0.0	0.0	0.0	0.0	0.0	0.0	0.0	0.0	0.0	0.0	0.0	0.0	0.0	0.0	0.0	0.0	0.0	0.0	0.0	0.0	0.0	0.0	0.0	0.0	0.0	0.0	0.0	0.0	0.0	0.0	0.0	0.0	0.0	0.0	0.0	0.0	0.0	0.0	0.0	0.0	0.0	
Phalarope de Wilson	0.0	0.0	0.0	0.0	0.0	0.0	0.0	0.0	0.0	0.0	0.0	0.0	0.0	0.0	0.0	0.0	0.0	0.0	0.0014164	0.0	0.0	0.0	0.0	0.0	0.0	0.0	0.0	0.0	0.0	0.0	0.0	0.0	0.0	0.0	0.0	0.0	0.0	0.0	0.0	0.0	0.0	0.0	0.0	0.0	0.0	0.0	0.0	0.0	
Phalarope à bec large	0.0	0.0	8.503E-4	0.0032949	0.0	0.0	0.0	0.0	0.0	0.0	0.0	0.0	0.0	0.0	0.0	3.726E-4	0.0	0.0	0.0028329	0.0	0.0	0.0	0.0	0.0	0.0	0.0	0.0	0.0	0.0	0.0	0.0	0.0	0.0	0.0	0.0	0.0	0.0	0.0	0.0	7.305E-4	0.0010091	0.0153404	0.0111789	0.0059072	0.0024331	0.0029014	0.0044723	0.0	
Phalarope à bec étroit	0.0	0.0	0.0	0.0	0.0	0.0	0.0	0.0	0.0	0.0	0.0	0.0	0.0	0.0	0.0	0.0	0.0	0.0	0.0	0.0	0.0	0.0	0.0	0.0	0.0	0.0053937	0.0	0.0	8.489E-4	0.0	0.0	0.0032	0.0	0.0	0.0	0.0029806	0.0051546	0.0	0.0	0.0	0.0	0.0	0.0	0.0	8.11E-4	0.0	0.0	6.2E-4	
Phalarope à bec large ou P. à bec étroit	0.0	0.0	0.0	0.0	0.0	0.0	0.0	0.0	0.0	0.0	0.0	0.0	0.0	0.0	0.0	0.0	0.0	0.0	0.0	0.0	0.0	0.0	0.0	0.0	0.0	0.0	0.0	0.0	0.0	0.0	0.0	0.0	0.0	0.0	0.0	0.0	0.0	7.849E-4	0.0	0.0	0.0	0.0	0.0	0.0	0.0	0.0	0.0	0.0	
Chevalier bargette	0.0	0.0	0.0	0.0	0.0	0.0	0.0	0.0	0.0	0.0	0.0	0.0	0.0	0.0	0.0	0.0085693	0.0151826	0.0201666	0.0	0.0	0.0	0.0	0.0	0.0	0.0	0.0	0.0	0.0	0.0	0.0	0.0	0.0	0.0	0.0	0.0	0.0	0.0	0.0	0.0	0.0	0.0	0.0	0.0	0.0	0.0	0.0	0.0	0.0	
Chevalier guignette	0.0470788	0.0317572	0.0382653	0.0280066	0.0352388	0.0183346	0.022807	0.0264407	0.0343096	0.0272206	0.0222788	0.0370653	0.0572405	0.0984308	0.1635611	0.2276453	0.2392286	0.1972819	0.1463645	0.043971	0.0044477	0.0063785	0.0138289	0.0273333	0.0666023	0.1057174	0.1383975	0.1793558	0.1672326	0.1596789	0.1489687	0.1456	0.1500994	0.1854369	0.1642202	0.1393443	0.1123711	0.0926217	0.0672269	0.0613587	0.0413724	0.0460211	0.0345528	0.0396624	0.0300081	0.0386847	0.0286225	0.0384377	
Chevalier culblanc	0.0674986	0.0839802	0.0918367	0.0840198	0.0986688	0.0840336	0.0754386	0.0894915	0.1263598	0.1124642	0.1183959	0.1119603	0.104229	0.0770328	0.0637681	0.0394933	0.0311859	0.0179746	0.0061379	0.0027199	0.0081542	0.0198441	0.0674157	0.08	0.1042471	0.1024811	0.1092612	0.1288433	0.1298812	0.1293488	0.131398	0.1290667	0.140159	0.1669903	0.1688073	0.1490313	0.1670103	0.1263736	0.1157796	0.1197955	0.0948537	0.1073826	0.0955285	0.0978903	0.0892133	0.0976789	0.0903399	0.0712957	
Chevalier stagnatile	5.672E-4	0.0	0.0	0.0	0.0	0.0	0.0	0.0	0.0	7.163E-4	0.0012731	0.0019106	0.0	0.0	0.0015	0.0	0.0	4.384E-4	0.0015	0.0	0.0	0.0	0.0	0.0	0.0	0.0	0.0	0.0	0.0	0.0	0.0	5.333E-4	0.0	0.0	0.0	0.0	0.0	0.0	0.0	0.0	0.0	0.0	0.0	0.0	0.0	0.0	8.945E-4	0.0	
Chevalier sylvain	0.0034033	0.00494	0.0059524	0.0065898	0.0046985	0.0045837	0.0035088	0.0081356	0.0083682	0.0114613	0.008275	0.0252197	0.0290474	0.042796	0.0625259	0.0674367	0.0406237	0.0170978	0.0047214	4.533E-4	0.0	0.0014174	8.643E-4	0.004	0.0096525	0.0226537	0.0270552	0.033675	0.0339559	0.0392507	0.0404889	0.0485333	0.0576541	0.0708738	0.0614679	0.0588674	0.028866	0.0274725	0.0130719	0.0168006	0.0080727	0.0028763	0.0010163	0.0059072	0.0032441	0.0048356	8.945E-4	0.0018599	
Chevalier gambette	0.0113443	0.0105857	0.0093537	0.0137287	0.0117463	0.0122231	0.0122807	0.0155932	0.0426778	0.0451289	0.0712922	0.0825373	0.0909868	0.0794104	0.0935818	0.0983607	0.13254	0.1166155	0.1298395	0.0539438	0.0192735	0.0106308	0.0095073	0.0046667	0.011583	0.0269687	0.0239334	0.0300146	0.024618	0.0205174	0.0236822	0.0256	0.0337972	0.0495146	0.0486239	0.0655738	0.0515464	0.0368917	0.0298786	0.0277575	0.0141271	0.0249281	0.023374	0.0151899	0.0170316	0.0203095	0.0080501	0.0074396	
Chevalier à pattes jaunes	0.0	0.0	0.0	0.0	0.0	0.0	0.0	0.0	0.0	0.0	0.0	0.0	0.0	0.0	0.0	0.0	0.0	0.0	0.0	0.0	0.0	0.0	0.0	0.0	0.0	0.0	0.0	0.0	0.0	0.0	0.0	0.0	0.0	0.0	0.0	0.0	0.0	0.0	0.0	0.0	0.0090817	9.588E-4	0.0	0.0	0.0	0.0	0.0	0.0	
Chevalier arlequin	0.0085082	0.0091743	0.0042517	0.0076881	0.0086139	0.0084034	0.0017544	0.0040678	0.0167364	0.0093123	0.008275	0.0168131	0.0111064	0.021398	0.0173913	0.0175112	0.0082068	0.0074529	0.0047214	0.0013599	7.413E-4	0.0	0.0017286	0.0026667	0.0048263	0.0021575	0.0052029	0.0021962	0.0033956	0.0098127	0.0068755	0.0117333	0.0218688	0.0330097	0.0568807	0.0365127	0.0226804	0.0164835	0.0261438	0.0292184	0.0080727	0.0220518	0.0162602	0.0092827	0.0113544	0.016441	0.0107335	0.0030998	
Chevalier aboyeur	0.0113443	0.0112915	0.0093537	0.0054915	0.0117463	0.0068755	0.0087719	0.0094915	0.0100418	0.004298	0.0120942	0.0160489	0.015378	0.0342368	0.0666667	0.0726528	0.0763233	0.0420868	0.0372993	0.0104261	0.0074129	0.0035436	0.0043215	0.0013333	0.0019305	0.0053937	0.0093652	0.0241581	0.0212224	0.0347904	0.0229183	0.0341333	0.0516899	0.0873786	0.0825688	0.0752608	0.0618557	0.066719	0.0429505	0.0474799	0.0211907	0.0306807	0.0355691	0.0219409	0.0218978	0.0174081	0.0152057	0.0136392	
Tringa sp.	0.0	0.0	0.0	5.491E-4	0.0	0.0	0.0	0.0	0.0	0.0	0.0	0.0	0.0	4.755E-4	0.0	3.726E-4	0.0	0.0	0.0	0.0	0.0	0.0	0.0	0.0	0.0	0.0	0.0	0.0	0.0	0.0	0.0	5.333E-4	0.0	0.0	0.0	7.452E-4	0.0	0.0	9.337E-4	0.0	0.0	0.0	0.0	0.0	8.11E-4	0.0	8.945E-4	0.0	
Tournepierre à collier	0.0	0.0	0.0	0.0	0.0	0.0	0.0	0.0	0.0	0.0	0.0	0.0	0.0	9.51E-4	0.0020704	0.0018629	0.001231	0.0048224	0.0014164	9.066E-4	0.0	0.0	0.0	0.0	0.0	0.0	0.0	0.0014641	0.0	0.0	7.639E-4	0.0	0.0089463	0.0165049	0.0073394	0.0134128	0.0010309	0.0	0.0	0.0	0.0	0.0	0.0121951	8.439E-4	0.0	0.0	0.0	0.0	
Bécasseau maubèche	0.0	0.0	0.0	0.0	0.0	0.0	0.0	0.0	0.0	0.0	0.0	7.642E-4	0.0	0.0	4.141E-4	3.726E-4	0.0045137	0.0035072	0.0075543	0.0036265	0.0	0.0	0.0	0.0	0.0	0.0	0.0	0.0	8.489E-4	0.0	0.0	0.0	0.0	0.0058252	0.0073394	0.0014903	0.0030928	0.0	0.0	0.0	0.0	0.0	0.0	8.439E-4	0.0	0.0	0.0	0.0	
Combattant varié	0.031764	0.0352858	0.0280612	0.0444811	0.0430697	0.0435447	0.0251462	0.0420339	0.074477	0.0587393	0.0623806	0.0615208	0.0546775	0.0551593	0.0571429	0.0640835	0.0443168	0.0333187	0.0221907	0.0036265	7.413E-4	0.0	0.0	0.002	0.0135135	0.021575	0.0291363	0.0461201	0.0466893	0.0517395	0.0443086	0.064	0.0815109	0.1087379	0.1348624	0.1408346	0.1092784	0.0800628	0.070028	0.0613587	0.0363269	0.0527325	0.0528455	0.0514768	0.052717	0.040619	0.0420394	0.0241785	
Bécasseau cocorli	0.0	7.057E-4	0.0017007	0.0	7.831E-4	0.0015279	5.848E-4	6.78E-4	8.368E-4	7.163E-4	6.365E-4	0.0015285	0.0068347	0.0066572	0.0140787	0.0286885	0.038572	0.0377028	0.0245515	0.0031732	7.413E-4	0.0	0.0	0.0	0.0	0.0010787	0.0093652	0.0153734	0.0280136	0.0321142	0.0221543	0.0202667	0.0208748	0.0281553	0.033945	0.0193741	0.0164948	0.0070644	0.0037348	0.0058437	0.0010091	9.588E-4	0.0	0.0	0.0	0.0	0.0	0.0	
Bécasseau de Temminck	5.672E-4	0.0	0.0	0.0032949	0.0015662	0.0038197	0.0040936	0.0	0.0016736	0.0	0.0012731	0.0038212	0.0055532	0.0028531	0.0033126	0.0201192	0.0213377	0.0166594	0.003305	4.533E-4	0.0	0.0	0.0	0.0	0.0	0.0	0.0	7.321E-4	0.0025467	0.0071365	0.0053476	0.0058667	0.0029821	0.0019417	0.0293578	0.0298063	0.0061856	0.0031397	0.0037348	0.0021914	0.0010091	0.0028763	0.0	8.439E-4	8.11E-4	0.0	8.945E-4	0.0	
Bécasseau sanderling	0.0017016	0.0014114	0.002551	0.0021966	7.831E-4	0.0030558	0.0017544	0.0020339	0.0	0.0014327	0.0012731	0.0015285	0.0012815	4.755E-4	0.0037267	0.0063338	0.0114895	0.0214818	0.0363551	0.0049864	0.0022239	0.0	0.0	0.0	0.0	0.0	0.0	0.0	8.489E-4	0.0017841	7.639E-4	0.0037333	0.0039761	0.0029126	0.0027523	0.0029806	0.0030928	7.849E-4	0.0018674	0.0014609	0.0	0.0057526	0.0081301	0.0050633	0.0040552	0.0019342	0.0035778	0.0012399	
Bécasseau variable	0.0306296	0.0465773	0.0340136	0.055464	0.0579483	0.0580596	0.0315789	0.0311864	0.0401674	0.0379656	0.034373	0.0340084	0.0324648	0.0256776	0.0364389	0.0383756	0.0640131	0.0613766	0.0491029	0.0090662	0.0044477	0.0021262	8.643E-4	6.667E-4	0.0015	0.0032362	0.0062435	0.0058565	0.0093379	0.0196253	0.0152788	0.0234667	0.0437376	0.0436893	0.0623853	0.0812221	0.0618557	0.0431711	0.047619	0.0518627	0.0262361	0.0479386	0.0650407	0.0624473	0.053528	0.0435203	0.0483005	0.0285183	
Bécasseau minute	0.0255247	0.0388144	0.0255102	0.0400879	0.0422866	0.0519481	0.0181287	0.0210169	0.0284519	0.027937	0.0311903	0.0301872	0.0307561	0.0252021	0.0351967	0.0439642	0.0672959	0.0491013	0.0372993	0.0099728	0.0022239	0.0	0.0017286	0.0	0.0	0.0	0.0062435	0.0153734	0.0297114	0.0312221	0.0282659	0.0325333	0.0487078	0.061165	0.066055	0.0827124	0.0556701	0.0368917	0.0364146	0.0357925	0.0201816	0.0287632	0.0355691	0.0489451	0.0316302	0.0319149	0.0304114	0.0204588	
Bécasseau tacheté	0.0	0.0	0.0	0.0	0.0	0.0	0.0	0.0	0.0	0.0	0.0	0.0	0.0	0.0	0.0	0.0	0.0	0.0017536	4.721E-4	0.0	0.0	0.0	0.0	0.0	0.0	0.0	0.0	0.0	0.0	0.0	0.0	0.0	0.0	0.0	0.006422	0.0	0.0	0.0031397	0.0093371	0.0014609	0.0010091	0.0	0.0	0.0	0.0	0.0	0.0	0.0	
Calidris sp. (petit bécasseau sp.)	5.672E-4	7.057E-4	0.0017007	0.0021966	0.0	0.0030558	5.848E-4	0.0	8.368E-4	7.163E-4	0.0	7.642E-4	4.272E-4	0.0	0.0	3.726E-4	0.0016414	0.0017536	0.0037771	4.533E-4	7.413E-4	7.087E-4	0.0	6.667E-4	0.0	0.0	0.0010406	0.0	0.0	8.921E-4	0.0030558	0.0010667	9.94E-4	9.709E-4	0.0018349	7.452E-4	0.0041237	0.0015699	0.0037348	7.305E-4	0.0	0.0028763	0.0	0.0025316	8.11E-4	0.0019342	0.0035778	0.0024799	
scolopacidé sp.	0.0	0.0	0.0	0.0	0.0	0.0	0.0	0.0	0.0	0.0	0.0	0.0	0.0	0.0	0.0	0.0	0.0	0.0	0.0	0.0	7.413E-4	0.0	0.0	0.0	0.0	0.0	0.0	0.0	0.0	0.0	0.0	0.0	0.0	0.0	0.0	0.0	0.0	0.0	0.0	0.0	0.0	0.0	0.0	0.0	0.0	0.0	0.0	0.0	
grand limicole sp.	0.0	0.0	0.0	0.0	0.0	0.0	0.0	0.0	0.0	0.0	0.0	0.0	0.0	0.0	0.0	0.0	0.0	0.0	0.0	0.0	0.0	0.0	0.0	0.0	0.0	0.0	0.0	0.0	0.0	0.0	0.0	0.0	0.0	0.0	0.0	0.0	0.0	0.0	0.0	0.0	0.0	0.0	0.0	0.0	0.0	0.0	8.945E-4	0.0	
Courvite isabelle	0.0	0.0	0.0	0.0	0.0	0.0	0.0	0.0	0.0	0.0	0.0	0.0	0.0	0.0	0.0	0.0	0.0	0.0	0.0	0.0	0.0	0.0	0.0	0.0	0.0	0.0	0.0270552	0.0051245	0.0	8.921E-4	7.639E-4	0.0	0.0	0.0	0.0	0.0	0.0	0.0	0.0	0.0	0.0	0.0	0.0	0.0	0.0	0.0	0.0	0.0	
Glaréole à collier	0.0	0.0	0.0	0.0	0.0	0.0	0.0	0.0	0.0	7.163E-4	6.365E-4	0.0213985	0.0384451	0.0613409	0.0596273	0.0558867	0.0611407	0.0420868	0.0514636	0.0507706	0.0370645	0.0382707	0.0501296	0.0466667	0.0530888	0.0582524	0.0426639	0.0373353	0.0314092	0.0285459	0.0175707	0.0069333	0.0099404	0.007767	0.006422	0.0089419	0.0010309	0.0	0.0	0.0	0.0	0.0	0.0	0.0	0.0	0.0	0.0	0.0	
limicole sp.	5.672E-4	0.0	8.503E-4	0.0	0.0	0.0	5.848E-4	0.0	8.368E-4	0.002149	0.0	0.0015285	4.272E-4	0.0014265	0.0016563	3.726E-4	8.207E-4	4.384E-4	4.721E-4	0.0	0.0	0.0	8.643E-4	0.0	0.0	0.0	0.0	0.0	8.489E-4	0.0	0.0015279	0.0016	0.0	9.709E-4	0.0018349	0.0	0.0	0.0015699	9.337E-4	0.0	0.0010091	0.0	0.0010163	8.439E-4	0.0	0.0	0.0017889	0.0012399	
Labbe parasite	0.0	0.0	0.0	0.0	0.0	0.0	0.0	0.0	0.0	0.0	0.0	0.0	0.0	0.0	0.0	0.0	0.0	0.0	0.0	0.0	0.0	0.0	0.0	0.0	0.0	0.0	0.0	0.0	0.0	0.0	0.0	0.0	9.94E-4	0.0	0.0	0.0	0.0	0.0	0.0	0.0	0.0	0.0	0.0	0.0	0.0	0.0	0.0	0.0	
Mouette pygmée	5.672E-4	0.0028229	0.0017007	0.0010983	0.0023493	0.0045837	0.0011696	0.0	8.368E-4	0.0	0.0	0.0	4.272E-4	4.755E-4	8.282E-4	0.0	0.0	4.384E-4	4.721E-4	4.533E-4	0.0	0.0	0.0	0.0	0.0	0.0	0.0	0.0	0.0	0.0	0.0	0.0	0.0069583	0.0048544	0.0	7.452E-4	0.0	0.0031397	0.0	0.0	0.0	0.0	0.0	0.0033755	0.0024331	9.671E-4	0.0017889	0.0	
Mouette tridactyle	0.0	0.0	0.0	0.0	0.0	7.639E-4	0.0	0.0	0.0	0.0	0.0	0.0	0.0	0.0	0.0	0.0	0.0	0.0	0.0	0.0	0.0	0.0	0.0	0.0	0.0	0.0	0.0	0.0	0.0	0.0	0.0	0.0	0.0	0.0	0.0	0.0	0.0	0.0	0.0	0.0	0.0	0.0	0.0010163	0.0016878	0.0	0.0019342	0.0053667	6.2E-4	
Goéland railleur	0.0	0.0	0.0	0.0	0.0	0.0	0.0	0.0	0.0	0.0	0.0	0.0	0.0	0.0	0.0	0.0	0.0	0.0	0.0	0.0	0.0	0.0	8.643E-4	0.0	0.0	0.0	0.0	0.0	0.0	0.0	0.0	0.0	0.0	0.0	0.0	0.0	0.0	0.0	0.0	0.0	0.0	0.0	0.0	0.0	0.0	0.0	0.0	0.0	
Mouette rieuse	0.1418037	0.1178546	0.1079932	0.1482702	0.1644479	0.1848739	0.1730994	0.2033898	0.232636	0.1984241	0.18014	0.1845625	0.1768475	0.171184	0.1755694	0.1829359	0.1883463	0.1753617	0.1661945	0.1282865	0.1260193	0.107725	0.1063094	0.1026667	0.0994208	0.1046386	0.1082206	0.114202	0.1179966	0.1070473	0.0954927	0.1029333	0.1163022	0.1563107	0.1633028	0.1915052	0.1608247	0.1475667	0.1353875	0.1409788	0.1220989	0.1198466	0.1443089	0.1696203	0.1330089	0.1441006	0.1404293	0.1078735	
Mouette de Franklin	0.0	0.0	0.0	0.0	0.0	0.0	0.0	0.0	0.0	0.0	0.0	0.0	0.0	0.0	0.0	0.0	0.0	0.0	0.0018886	0.0	0.0	0.0	0.0	0.0	0.0	0.0	0.0	0.0	0.0	0.0	0.0	0.0	0.0	0.0	0.0	0.0067064	0.0	0.0	0.0	0.0	0.0	0.0	0.0	0.0	0.0	0.0	0.0	0.0	
Goéland d'Audouin	0.0	0.0	0.0	0.0	0.0	0.0	0.0	0.0	0.0	0.0	0.0	0.0	0.0	4.755E-4	0.0	0.0	4.103E-4	4.384E-4	4.721E-4	4.533E-4	0.0	0.0	0.0	0.0	9.653E-4	0.0021575	0.0031217	0.0036603	0.0025467	0.0017841	0.0	5.333E-4	0.0	9.709E-4	0.0	7.452E-4	0.0	0.0	0.0	0.0	0.0	0.0	0.0	0.0	0.0	0.0	0.0	0.0	
Mouette mélanocéphale	0.0	7.057E-4	0.002551	0.003844	0.0015662	0.0068755	0.005848	0.0054237	0.0083682	0.0143266	0.01655	0.0103172	0.0123879	0.0152164	0.0074534	0.0100596	0.0053344	0.0061377	0.0056657	0.005893	0.0111193	0.0063785	0.0043215	0.004	0.0067568	0.0075512	0.0010406	0.0021962	0.0	0.0	7.639E-4	5.333E-4	9.94E-4	0.0	0.0018349	0.0022355	0.0010309	0.0015699	9.337E-4	0.0	0.0	9.588E-4	0.0010163	0.0016878	0.0016221	9.671E-4	0.0017889	6.2E-4	
Mouette rieuse ou M. mélanocéphale	0.0	0.0	0.0	0.0	0.0	0.0	0.0	0.0	0.0	0.0	0.0	0.0	8.543E-4	0.0015	4.141E-4	3.726E-4	0.0	0.0	0.0	4.533E-4	0.0	0.0	0.0	0.0	0.0	0.0	0.0	0.0	0.0	0.0	0.0	0.0	0.0	0.0	0.0	0.0	0.0	0.0	0.0	0.0	0.0	0.0	0.0	0.0	0.0	0.0	0.0	0.0	
Goéland cendré	0.0011344	0.0014114	0.0	0.0010983	0.0	7.639E-4	0.0	0.0	0.0	0.0	0.0	0.0	0.0	4.755E-4	0.0	0.0	0.0	0.0	4.721E-4	0.0	0.0	0.0	0.0	0.0	0.0	0.0	0.0	0.0	0.0	0.0	0.0	0.0	0.0	0.0	0.0	0.0	0.0	0.0	0.0	0.0	0.0	0.0	0.0	0.0	0.0	0.0	8.945E-4	0.0	
Goéland pontique	0.0	0.0	8.503E-4	5.491E-4	0.0015662	0.0038197	5.848E-4	0.0013559	0.0	0.0	0.0	0.0	0.0	0.0	0.0	0.0	0.0	0.0	0.0	0.0	0.0	0.0	0.0	0.0	0.0	0.0	0.0	0.0	0.0	0.0	0.0	0.0	0.0	0.0	0.0	0.0	0.0	0.0	0.0	0.0	0.0	0.0	0.0	0.0	0.0	0.0	0.0	0.0	
Goéland argenté	0.0	0.0	0.0	0.0016474	7.831E-4	0.0015279	0.0	6.78E-4	0.0	0.0	0.0	0.0	0.0	0.0	0.0	3.726E-4	0.0	0.0	0.0	0.0	0.0	0.0	0.0	0.0	0.0	0.0	0.0	0.0	0.0	0.0	0.0	0.0	0.0	0.0	0.0	0.0	0.0	0.0	0.0	0.0	0.0	0.0	0.0	8.439E-4	0.0	0.0	0.0	6.2E-4	
Goéland leucophée	0.0283607	0.0331687	0.0314626	0.0280066	0.0336727	0.0244461	0.025731	0.0250847	0.0192469	0.0250716	0.0350095	0.0256018	0.0183682	0.0290062	0.0227743	0.0331595	0.0348789	0.0355107	0.0325779	0.0294651	0.0363232	0.0170092	0.0164218	0.0173333	0.0250965	0.0334412	0.0260146	0.0270864	0.0237691	0.0258698	0.0305577	0.0426667	0.0308151	0.0359223	0.0256881	0.0484352	0.028866	0.0368917	0.0196078	0.0146092	0.0171544	0.029722	0.0193089	0.0227848	0.0300081	0.0232108	0.0268336	0.0291383	
Goéland brun	0.1996597	0.2067749	0.1794218	0.2278968	0.2372749	0.2421696	0.1935673	0.2088136	0.2133891	0.1755014	0.1419478	0.1245701	0.1020931	0.1027104	0.0832298	0.0767511	0.1054575	0.0933801	0.0745987	0.043971	0.0392884	0.0255138	0.0302506	0.026	0.03861	0.0409924	0.037461	0.0446559	0.0543294	0.0606601	0.0565317	0.0794667	0.1053678	0.1446602	0.1431193	0.1900149	0.1453608	0.1287284	0.1419234	0.1548576	0.1271443	0.1418984	0.1819106	0.1974684	0.1841038	0.2069632	0.2039356	0.1773094	
Goéland leucophée ou G. brun	0.0011344	7.057E-4	8.503E-4	0.0010983	0.0015	0.0	0.0017544	0.0013559	8.368E-4	0.0035817	0.0025461	0.0015285	0.0017087	4.755E-4	4.141E-4	0.0	8.207E-4	8.768E-4	9.443E-4	0.0	7.413E-4	0.0	0.0	0.0	0.0	0.0	0.0010406	7.321E-4	0.0	0.0	7.639E-4	5.333E-4	0.0	0.0	0.0	0.0	0.0010309	0.0015699	9.337E-4	7.305E-4	0.0	0.0019175	0.0015	8.439E-4	8.11E-4	9.671E-4	0.0015	0.0018599	
goéland sp. (Larus sp.)	0.0028361	0.0035286	0.0042517	0.0043932	0.0031323	0.0015279	0.0023392	0.0020339	0.0033473	0.0028653	0.0025461	0.0034391	0.0021358	0.001902	0.0012422	0.0018629	0.002462	0.0017536	0.0014164	0.0018132	7.413E-4	0.0	0.0017286	0.002	9.653E-4	0.0010787	0.0	0.0021962	8.489E-4	8.921E-4	0.0022918	5.333E-4	0.0	9.709E-4	0.0018349	0.0029806	0.0010309	7.849E-4	0.0018674	0.0014609	0.0	0.0019175	0.0010163	0.0016878	0.0032441	0.0048356	0.0035778	6.2E-4	
goéland ou mouette sp.	0.0011344	7.057E-4	0.0	5.491E-4	7.831E-4	7.639E-4	0.0	0.0	8.368E-4	0.0	0.0012731	3.821E-4	0.0	4.755E-4	0.0012422	0.0011177	0.0016414	8.768E-4	4.721E-4	4.533E-4	0.0	7.087E-4	8.643E-4	6.667E-4	0.0	0.0	0.0010406	0.0	8.489E-4	8.921E-4	0.0	0.0010667	0.0	0.0	0.0	7.452E-4	0.0010309	7.849E-4	0.0028011	7.305E-4	0.0010091	9.588E-4	0.0030488	0.0	0.0015	9.671E-4	0.0	0.0012399	
Sterne naine	0.0	0.0	0.0	0.0	0.0	0.0	0.0	0.0	0.0	0.0	0.0	0.0	0.0	0.0014265	0.0012422	0.0	0.0036931	0.0	0.0018886	0.0031732	0.0014826	0.0042523	0.0025929	0.002	9.653E-4	0.0015	0.0041623	0.0043924	0.0033956	0.0017841	0.0015	0.0	0.0	0.0	9.174E-4	0.0	0.0	0.0	0.0	0.0	0.0	0.0	0.0	0.0	0.0	0.0	0.0	0.0	
Sterne hansel	0.0	0.0	0.0	0.0	0.0	0.0	5.848E-4	0.0	0.0	0.0	0.0038192	0.0343905	0.0773174	0.1027104	0.126294	0.140462	0.1473123	0.1315213	0.098678	0.0738894	0.0778354	0.070163	0.0656871	0.0653333	0.0723938	0.03452	0.074922	0.0358712	0.0144312	0.015165	0.0038197	0.0042667	0.0019881	0.0029126	0.0018349	0.0014903	0.0	0.0	0.0	0.0	0.0	0.0	0.0	0.0	0.0	0.0	0.0	0.0	
Sterne caspienne	0.0	0.0	0.0	0.0	0.0	0.0	0.0	0.0	0.0	0.0	0.0	0.0	0.0012815	4.755E-4	4.141E-4	0.0	0.0015	0.0	0.0	0.0	7.413E-4	0.0	0.0	0.0	0.0	0.0	0.0	0.0	0.0	0.0	0.0015279	0.0026667	0.0039761	0.0038835	0.0036697	0.0	0.0	0.0	9.337E-4	7.305E-4	0.0	0.0	0.0	0.0	0.0	0.0	0.0	0.0	
Guifette moustac	0.0045377	0.0091743	0.0068027	0.0043932	0.0046985	0.0068755	0.0070175	0.0047458	0.0058577	0.0035817	0.0127307	0.0351548	0.0696284	0.0974798	0.1225673	0.1415797	0.1464916	0.1293292	0.1274788	0.0856754	0.0800593	0.0623671	0.0708729	0.072	0.0608108	0.0507012	0.0385016	0.0556369	0.0458404	0.0579839	0.0504202	0.0432	0.0367793	0.0368932	0.0311927	0.0111773	0.014433	0.0102041	0.015873	0.0153397	0.0040363	0.0143816	0.0223577	0.0067511	0.0072993	0.0077369	0.0080501	0.0055797	
Guifette noire	5.672E-4	0.0	0.0	0.0	0.0	0.0	0.0	0.0	0.0	0.0	0.0	3.821E-4	0.0089705	0.0142653	0.0202899	0.0566319	0.0701682	0.0429636	0.0406043	0.0235721	0.0140845	0.0127569	0.0121003	0.0073333	0.0106178	0.0053937	0.0031217	0.0058565	0.0059423	0.0098127	0.0068755	0.0064	0.0059642	0.0145631	0.0238532	0.0074516	0.0010309	0.0015	0.0196078	7.305E-4	0.0020182	9.588E-4	0.0	0.0	0.0	0.0	0.0	0.0	
Guifette leucoptère	0.0	0.0	0.0	0.0	0.0	0.0	0.0	0.0	0.0	0.0	0.0	0.0	0.0	0.0	0.0	7.452E-4	4.103E-4	8.768E-4	0.0	4.533E-4	0.0	0.0021262	0.0	0.0	0.0	0.0	0.0	0.0021962	0.0	0.0	0.0	0.0032	0.0089463	0.0	0.0	7.452E-4	0.0010309	0.0	9.337E-4	7.305E-4	0.0	0.0	0.0	0.0025316	0.0024331	0.0	0.0	0.0	
guifette sp.	0.0	0.0	0.0	0.0	0.0	0.0	0.0	0.0	0.0	0.0	0.0	0.0	0.0	4.755E-4	0.0	0.0	0.0	0.0	0.0	0.0	0.0	0.0	0.0	0.0	0.0	0.0	0.0	0.0	0.0	0.0	0.0	0.0	0.0	0.0	0.0	0.0	0.0	0.0	0.0	0.0	0.0	0.0	0.0	0.0	0.0	0.0	0.0	0.0	
Sterne pierregarin	0.0	0.0	0.0	0.0	0.0	0.0	0.0	0.0	0.0	0.0	0.0	3.821E-4	0.0	0.0	0.0	0.0	0.0020517	0.0	4.721E-4	4.533E-4	0.0	0.0	8.643E-4	0.0	0.0	0.0	0.0	7.321E-4	0.0	0.0	0.0	0.0	0.0	0.0	9.174E-4	0.0	0.0	0.0	0.0	0.0	0.0	0.0	0.0	0.0	0.0	0.0	0.0	0.0	
Sterne caugek	0.0	0.0	0.0	0.0	0.0	0.0	0.0	0.0	0.0	0.0	0.0	0.0	4.272E-4	0.0	0.0	0.0	0.0	0.0	0.0	0.0	0.0	7.087E-4	0.0	0.0	0.0	0.0	0.0	0.0	0.0	0.0	0.0	0.0	0.0	0.0	0.0	0.0	0.0	0.0	0.0	0.0	0.0	0.0	0.0	0.0	0.0	0.0	0.0	0.0	
Sterne voyageuse	0.0	0.0	0.0	0.0	0.0	0.0	0.0	0.0	0.0	0.0	0.0	0.0	0.0	0.0	0.0	0.0	0.0016414	0.0	0.0	0.0015	0.0	0.0	0.0	0.0	0.0	0.0	0.0	0.0	0.0	0.0	0.0	0.0	0.0	0.0	0.0	0.0	0.0	0.0	0.0	0.0	0.0	0.0	0.0	0.0	0.0	0.0	0.0	0.0	
sterne sp.	0.0	0.0	0.0	0.0	0.0	0.0	0.0	0.0	0.0	0.0	0.0	0.0	0.0015	0.0	4.141E-4	3.726E-4	4.103E-4	4.384E-4	9.443E-4	0.0	7.413E-4	0.0	0.0017286	0.0	0.0	0.0	0.0010406	7.321E-4	0.0	0.0	0.0	0.0	0.0	0.0	9.174E-4	0.0	0.0	0.0	0.0	0.0	0.0	0.0	0.0	0.0	0.0	0.0	0.0	0.0	
Flamant rose	0.1117413	0.114326	0.1181973	0.1647446	0.1550509	0.1787624	0.1321637	0.1355932	0.1748954	0.1568768	0.1597708	0.1578143	0.1559163	0.1768902	0.1755694	0.1911326	0.1998359	0.1696624	0.1784703	0.1310063	0.1171238	0.0956768	0.1140882	0.0966667	0.1100386	0.0862999	0.0905307	0.1061493	0.1018676	0.1097235	0.1298701	0.1322667	0.1530815	0.1912621	0.1981651	0.2198212	0.1835052	0.1562009	0.1409897	0.1314828	0.1150353	0.1409396	0.1463415	0.1459916	0.1467964	0.1411992	0.1261181	0.1122133	
Flamant nain	0.0	0.0	0.0034014	0.0087864	0.018794	0.013751	0.0122807	0.0013559	0.0025105	0.0035817	0.0019096	0.0019106	0.0046988	0.0047551	0.0037267	0.0011177	8.207E-4	0.0017536	0.0051936	4.533E-4	0.0	0.0014174	0.0043215	0.004	0.0	0.0	0.0010406	0.0	0.0	0.0	0.0	0.0	0.0	0.0	0.0	0.0	0.0	0.0	0.0	0.0	0.0	0.0038351	0.0050813	0.0	0.0	0.0	0.0	0.0	
Grèbe castagneux	0.1349972	0.1609033	0.1556122	0.1504668	0.1456539	0.1673033	0.1374269	0.159322	0.1640167	0.1547278	0.1534055	0.1616355	0.1473729	0.1350452	0.1345756	0.1408346	0.151826	0.1424814	0.1208687	0.1115141	0.1060044	0.1070163	0.1184097	0.1193333	0.1235521	0.1251348	0.1300728	0.1383602	0.12309	0.1275647	0.1634836	0.1424	0.1590457	0.1873786	0.193578	0.1967213	0.1793814	0.1624804	0.1484594	0.1329438	0.1251261	0.1275168	0.1239837	0.1611814	0.1427413	0.1470019	0.1314848	0.1357719	
Grèbe esclavon	0.0	0.0	0.0	0.0	0.0	0.0	0.0	0.0	0.0	0.0	0.0	0.0	0.0	0.0	0.0	3.726E-4	0.0	0.0	0.0	4.533E-4	0.0	0.0	0.0	0.0	0.0	0.0	0.0	0.0	0.0	0.0	0.0	0.0	0.0	0.0	0.0	0.0	0.0	0.0	0.0	0.0	0.0	0.0	0.0	0.0	0.0	0.0	0.0	0.0	
Grèbe jougris	0.0022689	0.0	0.0	0.0	0.0	0.0	0.0	0.0	0.0	0.0	0.0	0.0	0.0	0.0	0.0	0.0	0.0	0.0	0.0	0.0	0.0	0.0	0.0	0.0	0.0	0.0	0.0	0.0	0.0	0.0	0.0	0.0	0.0	0.0	0.0	0.0	0.0	0.0	0.0	0.0	0.0	0.0	0.0	0.0	0.0	0.0	0.0	6.2E-4	
Grèbe huppé	0.0754396	0.0712773	0.0612245	0.0527183	0.0618637	0.0626432	0.074269	0.0732203	0.0686192	0.0838109	0.0814768	0.0974398	0.109355	0.0893961	0.0923395	0.0950075	0.1378744	0.1218764	0.1100094	0.0902085	0.0837658	0.0659107	0.0743302	0.0846667	0.0694981	0.0895361	0.074922	0.0856515	0.073854	0.0856378	0.0939649	0.0896	0.1023857	0.1291262	0.1055046	0.1087928	0.1020619	0.088697	0.0634921	0.0686633	0.0575177	0.05465	0.0792683	0.0691983	0.0510949	0.0541586	0.0715564	0.0551767	
Grèbe à cou noir	0.0391378	0.042343	0.0442177	0.05162	0.0618637	0.065699	0.051462	0.0725424	0.0669456	0.0795129	0.0757479	0.088269	0.0871422	0.08369	0.0973085	0.1002235	0.1194091	0.1065322	0.1067044	0.0711695	0.0607858	0.0559887	0.0700086	0.0593333	0.0588803	0.0355987	0.0437045	0.0431918	0.0390492	0.0463872	0.0374332	0.0384	0.0497018	0.0640777	0.0642202	0.0976155	0.0474227	0.0463108	0.0457516	0.0336012	0.0302725	0.0431448	0.0426829	0.0523207	0.0486618	0.0454545	0.0420394	0.0371978	
Grèbe esclavon ou G. à cou noir	5.672E-4	0.0	0.0	0.0	0.0	0.0	0.0	0.0	0.0	0.0	0.0	0.0	0.0	0.0	0.0	0.0	0.0	0.0	0.0	0.0	0.0	0.0	0.0	0.0	0.0	0.0	0.0	0.0	0.0	8.921E-4	0.0	0.0	0.0	0.0	0.0	0.0	0.0	0.0	0.0	0.0	0.0	0.0	0.0	0.0	0.0	0.0	0.0	0.0	
grèbe sp.	0.0	0.0	0.0	0.0	0.0	0.0	0.0	0.0	0.0	0.0	0.0	7.642E-4	0.0	0.0	0.0	0.0	0.0	0.0	4.721E-4	0.0	0.0	0.0	0.0	0.0	0.0	0.0	0.0	0.0	0.0	0.0	0.0	0.0	0.0	0.0	0.0	0.0	0.0	0.0	0.0	0.0	0.0	0.0	0.0	0.0	0.0	0.0	0.0	0.0	
Plongeon imbrin	0.0028361	0.0014114	0.0034014	5.491E-4	0.0	0.0	0.0	0.0	0.0	0.0	0.0	0.0	0.0	0.0	0.0	3.726E-4	0.0	0.0	0.0	0.0	0.0	0.0	0.0	0.0	0.0	0.0	0.0	0.0	0.0	0.0	0.0	0.0	0.0	0.0	0.0	0.0	0.0	0.0	0.0	0.0	0.0	0.0	0.0	0.0	0.0015	0.0	0.0080501	0.0024799	
Océanite tempête	0.0	0.0	0.0	0.0015	0.0046985	0.0	0.0	0.0	0.0	0.0	0.0	0.0	0.0	0.0	0.0	0.0	0.0	0.0	0.0	0.0	0.0	0.0	0.0	0.0	0.0	0.0	0.0	0.0	0.0	0.0	0.0	0.0	0.0	0.0	0.0	0.0	0.0	0.0	0.0	0.0	0.0	0.0	0.0	0.0	0.0	0.0	0.0	0.0	
Cigogne noire	5.672E-4	7.057E-4	8.503E-4	0.0	7.831E-4	7.639E-4	0.0017544	0.0047458	0.0066946	0.0078797	0.0057288	0.0068781	0.0068347	0.0071327	0.0078675	0.0081967	0.0082068	0.0056993	0.0051936	0.0031732	0.0088955	0.0042523	0.0017286	0.0026667	0.0028958	0.0032362	0.0020812	0.0087848	0.0059423	0.0089206	0.012987	0.0101333	0.0248509	0.0330097	0.0201835	0.0171386	0.014433	0.0133438	0.0056022	0.0043828	0.0	9.588E-4	0.0010163	0.0015	0.0015	9.671E-4	8.945E-4	6.2E-4	
Cigogne blanche	0.1463415	0.146789	0.1828231	0.2042834	0.2028191	0.2398778	0.2023392	0.2372881	0.2552301	0.222063	0.2081477	0.2273596	0.2272533	0.2401331	0.2066253	0.2298808	0.2338941	0.2099956	0.2228517	0.1776972	0.1690141	0.1559178	0.1719965	0.1473333	0.1515444	0.1456311	0.132154	0.1046852	0.1018676	0.0981267	0.0993125	0.0853333	0.0984095	0.1116505	0.1146789	0.1281669	0.1010309	0.0934066	0.0756303	0.092038	0.086781	0.0834132	0.101626	0.1122363	0.1143552	0.1382979	0.1216458	0.1308122	
Grand Cormoran	0.2308565	0.2293578	0.2227891	0.210324	0.1934221	0.2177235	0.1900585	0.1932203	0.1966527	0.1626074	0.1616805	0.1604891	0.1319949	0.1217309	0.0993789	0.085693	0.095199	0.0815432	0.0670444	0.0607434	0.0719051	0.0566974	0.0570441	0.0713333	0.0714286	0.0830636	0.0915713	0.0878477	0.0865874	0.0776093	0.0832697	0.0768	0.1083499	0.1368932	0.1293578	0.1363636	0.1701031	0.1758242	0.162465	0.1994156	0.184662	0.1764142	0.1859756	0.2109705	0.2206002	0.2088975	0.2200358	0.2200868	
Ibis rouge	0.0	0.0	0.0	0.0	0.0	0.0	0.0	0.0	0.0	0.0	0.0	0.0	0.0	0.0	0.0	0.0	0.0	0.0	0.0	0.0	0.0	0.0	0.0	0.0	0.0	0.0015	0.0	0.0	0.0	0.0	0.0	0.0	0.0	0.0	0.0	0.0	0.0	0.0	0.0	0.0	0.0	0.0	0.0	0.0	0.0	0.0	0.0	0.0	
Ibis falcinelle	0.0062394	0.00494	0.0093537	0.0142779	0.0101801	0.025974	0.0298246	0.0555932	0.0878661	0.0702006	0.0942075	0.0890332	0.1055105	0.1088921	0.0944099	0.1162444	0.1317193	0.1188075	0.1260623	0.112874	0.1401038	0.0935507	0.1235955	0.11	0.1187259	0.1294498	0.1155047	0.1266471	0.1086587	0.1204282	0.1222307	0.1077333	0.1371769	0.1456311	0.1238532	0.1348733	0.0865979	0.0745683	0.0513539	0.0255661	0.0343088	0.0115053	0.0121951	0.014346	0.0064882	0.0174081	0.0035778	0.0061996	
Ibis chauve	0.0	0.0	0.0	0.0	0.0	0.0	0.0	0.0015	0.0	0.0	0.0	3.821E-4	4.272E-4	0.0	0.0	0.0018629	0.001231	8.768E-4	0.0015	0.0	0.0037064	0.0042523	0.0	0.0	0.0	0.0	0.0010406	0.0	0.0025467	0.0	7.639E-4	0.0010667	0.0	9.709E-4	0.0015	0.0015	0.0	0.0	0.0	0.0	0.0020182	0.0	0.0	0.0	0.0	0.0	0.0	0.0	
Spatule blanche	0.0141804	0.00988	0.0170068	0.0104338	0.0109632	0.0152788	0.0181287	0.0210169	0.0259414	0.012894	0.0267346	0.0278945	0.0239214	0.0328103	0.0285714	0.0417288	0.0484202	0.0416484	0.0358829	0.0335449	0.0489251	0.0311836	0.0371651	0.0353333	0.030888	0.0355987	0.0343392	0.0395315	0.0382003	0.0330062	0.0435447	0.0506667	0.0487078	0.0553398	0.0550459	0.0506706	0.0608247	0.0510204	0.0410831	0.0321402	0.0272452	0.0153404	0.0172764	0.021097	0.0162206	0.0212766	0.0214669	0.016119	
Butor étoilé	0.0	7.057E-4	0.0	0.0	0.0039154	0.0	5.848E-4	0.0	0.0	0.0	6.365E-4	0.0015	0.0	0.0	0.0012422	0.0	0.0015	4.384E-4	0.0	4.533E-4	0.0	0.0	0.0	0.0	0.0	0.0	0.0	0.0	0.0	0.0	0.0015	0.0	0.0	0.0	0.0	7.452E-4	0.0	0.0	0.0	0.0	0.0010091	0.0	0.0010163	0.0016878	0.0	0.0	8.945E-4	0.0	
Blongios nain	0.0107771	0.0070572	0.005102	0.0027457	0.0039154	7.639E-4	0.0023392	0.0027119	0.0083682	0.0035817	0.0076384	0.0026748	0.0064075	0.0057061	0.0049689	0.007079	0.0143619	0.0109601	0.0203022	0.0208522	0.0170497	0.0177179	0.0250648	0.0193333	0.0289575	0.0194175	0.0322581	0.0278184	0.0195246	0.0231936	0.0198625	0.0208	0.0238569	0.0165049	0.0137615	0.014158	0.014433	0.0164835	0.0028011	0.0124178	0.0040363	0.0057526	0.0020325	0.0016878	0.0032441	0.0048356	0.0017889	0.0086795	
Bihoreau gris	0.0102099	0.00988	0.0119048	0.0054915	0.0046985	0.0053476	0.0035088	0.0088136	0.0075314	0.0121777	0.0076384	0.0168131	0.0145237	0.0290062	0.0256729	0.0298063	0.0406237	0.0377028	0.0406043	0.0489574	0.0607858	0.0439405	0.048401	0.0566667	0.0588803	0.0679612	0.0645161	0.0732064	0.0619694	0.0517395	0.0611154	0.0533333	0.0417495	0.0398058	0.0321101	0.0208644	0.0134021	0.0078493	0.0093371	0.0058437	0.0030272	0.0038351	0.004065	0.0050633	0.0024331	0.0038685	8.945E-4	0.0049597	
Aigrette garzette	0.0521838	0.0515173	0.0433673	0.0334981	0.0305403	0.0336134	0.0339181	0.039322	0.0317992	0.0329513	0.0464672	0.0504394	0.0615122	0.0665716	0.0766046	0.1039493	0.1185884	0.1034634	0.0944287	0.082049	0.0889548	0.0666194	0.0812446	0.0693333	0.0830116	0.0873786	0.0770031	0.101757	0.0874363	0.0963426	0.1038961	0.112	0.1242545	0.1631068	0.1220183	0.1147541	0.1216495	0.11146	0.1027077	0.0898466	0.0918264	0.0690316	0.0711382	0.07173	0.0494728	0.05706	0.0483005	0.0508369	
Aigrette des récifs	0.0	0.0	0.0	0.0	0.0	0.0	0.0	0.0	0.0	0.0	0.0	0.0	0.0	0.0	0.0	0.0	0.0	0.0048224	0.0084986	4.533E-4	0.0	0.0	0.0	0.0	0.0	0.0	0.0	0.0	0.0	0.0	0.0	0.0	0.0	0.0	0.0	0.0	0.0	0.0	0.0	0.0	0.0	0.0	0.0	0.0	0.0	0.0	0.0	0.0	
Crabier chevelu	0.0017016	0.0021171	8.503E-4	5.491E-4	0.0	0.0015279	0.0	6.78E-4	8.368E-4	7.163E-4	0.0	0.0011464	0.0	0.0023776	0.0045549	0.0089419	0.0254411	0.0214818	0.016525	0.013146	0.0081542	0.0092133	0.0095073	0.0126667	0.011583	0.0183387	0.0176899	0.0168375	0.0169779	0.0223015	0.0190985	0.0144	0.0099404	0.007767	0.006422	0.0059613	0.0051546	0.0039246	0.0037348	0.0051132	0.0030272	9.588E-4	0.0	0.0025316	8.11E-4	9.671E-4	8.945E-4	6.2E-4	
Héron garde-boeufs	0.0391378	0.0310515	0.039966	0.0307523	0.0227095	0.0374332	0.0309942	0.0474576	0.0485356	0.0472779	0.0611076	0.0768055	0.0922683	0.086543	0.084058	0.0923994	0.0935577	0.0876808	0.0882908	0.0861287	0.097109	0.0765415	0.0829732	0.096	0.1003861	0.1067961	0.0863684	0.1010249	0.0891341	0.0785013	0.0779221	0.0714667	0.0934394	0.0883495	0.0752294	0.0916542	0.0804124	0.0722135	0.0560224	0.0562454	0.0474268	0.0479386	0.0355691	0.0464135	0.0478508	0.0512573	0.0339893	0.0402976	
Grande Aigrette	0.0499149	0.0458716	0.0442177	0.0362438	0.0415035	0.0412529	0.0292398	0.0386441	0.0384937	0.0243553	0.0350095	0.0427971	0.0354549	0.0394674	0.0356108	0.0368852	0.0558063	0.0517317	0.0533522	0.0426111	0.0481838	0.0333097	0.0414866	0.0413333	0.0337838	0.0528587	0.0457856	0.0395315	0.0517827	0.0677966	0.0664629	0.0650667	0.0636183	0.0825243	0.0678899	0.076006	0.0969072	0.066719	0.0550887	0.0577064	0.0645812	0.050815	0.054878	0.0523207	0.0446067	0.0522244	0.0474061	0.0489771	
Héron cendré	0.1809416	0.2018349	0.1845238	0.1685887	0.1425215	0.157372	0.1502924	0.1816949	0.1899582	0.1396848	0.1565882	0.1432938	0.1264417	0.1245839	0.0973085	0.1102832	0.1165367	0.1096011	0.1071766	0.1060743	0.1171238	0.0864635	0.1019879	0.1186667	0.1245174	0.1477886	0.1394381	0.1515373	0.1536503	0.1382694	0.1772345	0.1797333	0.2007952	0.2281553	0.2247706	0.2354694	0.2680412	0.2433281	0.2016807	0.2162162	0.1796165	0.1744966	0.1778455	0.1881857	0.1727494	0.2098646	0.1762075	0.1872288	
Héron pourpré	0.0	0.0	0.0	0.0	0.0	0.0	0.0	0.0	0.0	0.002149	0.008275	0.0397402	0.0623665	0.063243	0.073706	0.0752608	0.0931473	0.0903113	0.0972616	0.0757026	0.102298	0.0722892	0.0786517	0.076	0.0965251	0.1046386	0.1082206	0.0988287	0.082343	0.0900981	0.0634072	0.0538667	0.0497018	0.038835	0.0174312	0.0089419	0.0072165	0.0023548	9.337E-4	7.305E-4	0.0010091	0.0	0.0	8.439E-4	0.0	0.0	0.0	0.0	
Héron cendré ou H. pourpré	0.0	0.0	0.0	0.0	0.0	0.0	0.0	0.0	0.0	0.0014327	0.0	7.642E-4	8.543E-4	0.0	0.0	0.0	0.0	0.0	0.0	0.0	0.0	0.0	0.0	0.0	0.0015	0.0015	0.0	0.0015	0.0	0.0	0.0	0.0	0.0	0.0	0.0	0.0	0.0	0.0	0.0	0.0	0.0	0.0	0.0	0.0	8.11E-4	0.0	0.0	0.0	
ardeidé sp.	0.0	0.0	0.0	0.0	0.0	0.0	0.0	0.0	0.0	0.0	0.0	0.0	0.0	0.0	0.0	0.0	0.0	0.0	4.721E-4	0.0	0.0	0.0	0.0015	6.667E-4	0.0	0.0	0.0	0.0	0.0	0.0	0.0	0.0	0.0	0.0	0.0	0.0	0.0	0.0	0.0	0.0	0.0	0.0	0.0	0.0	0.0	0.0	0.0	0.0	
aigrette ou héron blanc sp.	0.0	0.0	0.0	5.491E-4	0.0	0.0	0.0	0.0	0.0	7.163E-4	0.0	0.0	4.272E-4	0.0	4.141E-4	3.726E-4	0.0	0.0	0.0	0.0013599	7.413E-4	0.0	0.0	0.0	0.0015	0.0	0.0	7.321E-4	0.0	0.0	0.0	0.0	0.0	0.0	0.0	0.0	0.0	0.0	0.0	0.0	0.0	0.0015	0.0	0.0	0.0	0.0	0.0	0.0	
Cathartes sp.	0.0	0.0	0.0	0.0	0.0	0.0	0.0	0.0	0.0	0.0	0.0	0.0	0.0	0.0	0.0	0.0	0.0	0.0	0.0	0.0	0.0	0.0	0.0	0.0	0.0	0.0	0.0	0.0	0.0	0.0	0.0	0.0015	0.0	0.0	0.0	0.0	0.0	0.0	0.0	0.0	0.0	0.0	0.0	0.0	0.0	0.0	0.0	0.0	
Balbuzard pêcheur	0.0	7.057E-4	8.503E-4	5.491E-4	0.0	7.639E-4	0.0011696	0.0	0.0016736	0.006447	0.0159134	0.0221628	0.015378	0.0080837	0.0066253	0.0033532	0.0073861	0.0017536	0.0014164	0.0013599	0.0015	0.0015	0.0015	0.0	0.0028958	0.0010787	0.0	0.0015	0.0	0.0017841	0.0015279	0.0138667	0.0208748	0.0320388	0.0412844	0.0402385	0.0134021	0.010989	0.0056022	0.0014609	0.0015	0.0015	0.0010163	8.439E-4	0.0	0.0	0.0	0.0	
Élanion blanc	0.0102099	0.0056457	0.0110544	0.010983	0.009397	0.012987	0.0064327	0.0074576	0.0100418	0.006447	0.0044558	0.0045854	0.0038445	0.0042796	0.005383	0.0055887	0.0032827	0.0078913	0.0037771	0.0063463	0.0081542	0.0063785	0.0077787	0.006	0.0048263	0.0075512	0.0166493	0.0124451	0.0110357	0.0071365	0.0122231	0.0117333	0.0178926	0.0126214	0.0055046	0.0052161	0.014433	0.0188383	0.0112045	0.0197224	0.0151362	0.0115053	0.0071138	0.0135021	0.0105434	0.016441	0.009839	0.0086795	
Gypaète barbu	0.0011344	7.057E-4	0.0	0.0010983	0.0015	0.0015	5.848E-4	6.78E-4	8.368E-4	7.163E-4	6.365E-4	0.0015	4.272E-4	0.0	0.0	3.726E-4	0.0015	0.0	0.0015	4.533E-4	7.413E-4	7.087E-4	8.643E-4	6.667E-4	9.653E-4	0.0021575	0.0010406	0.0015	0.0015	8.921E-4	0.0015279	5.333E-4	0.0015	0.0	0.0	0.0022355	0.0030928	0.0	0.0	0.0014609	0.0010091	0.0	0.0	8.439E-4	0.0016221	0.0	0.0017889	0.0018599	
Percnoptère d'Égypte	0.0	0.0	0.0	5.491E-4	0.0	7.639E-4	5.848E-4	0.0040678	0.0117155	0.023639	0.0286442	0.0278945	0.0277659	0.0185449	0.0161491	0.0208644	0.0217481	0.0328803	0.0250236	0.0317316	0.0311342	0.0432318	0.0587727	0.0506667	0.0444015	0.0377562	0.0405827	0.0380673	0.0382003	0.0481713	0.0359053	0.0618667	0.0387674	0.015534	0.0082569	0.0022355	0.0010309	0.0	0.0015	0.0	0.0	0.0	0.0	0.0	0.0	0.0015	0.0	0.0	
Bondrée apivore	0.0	0.0	0.0	0.0	0.0	0.0	0.0	0.0	0.0	7.163E-4	0.0	0.0	0.0021358	0.001902	0.0024845	0.0119225	0.0262618	0.0341955	0.0146364	0.0176791	0.0103781	0.0063785	0.0025929	0.0066667	0.007722	0.0032362	0.0041623	0.0043924	0.0033956	0.0089206	0.0160428	0.0570667	0.0705765	0.0281553	0.0165138	0.0089419	0.0010309	0.0031397	0.0	7.305E-4	0.0	0.0	0.0	0.0	0.0	0.0	0.0	0.0	
Vautour moine	0.0334657	0.0338744	0.0416667	0.0417353	0.0211433	0.0313216	0.0304094	0.0298305	0.0368201	0.0565903	0.0502864	0.0603745	0.0726185	0.0532573	0.0687371	0.0607303	0.0701682	0.0591846	0.0623229	0.0516772	0.0659748	0.0531538	0.0518583	0.0486667	0.0434363	0.0431499	0.0478668	0.0622255	0.0382003	0.0508475	0.0481283	0.0528	0.05666	0.0873786	0.0651376	0.0722802	0.0824742	0.0729984	0.0812325	0.0708546	0.0766902	0.0651965	0.0619919	0.0599156	0.0413625	0.0396518	0.0339893	0.0297582	
Vautour fauve	0.1435054	0.1270289	0.1488095	0.1427787	0.1166797	0.1084798	0.1385965	0.1538983	0.1757322	0.1826648	0.2138765	0.2193351	0.2199915	0.1921065	0.2033126	0.1859165	0.1932704	0.2095572	0.2082153	0.1872167	0.1964418	0.2126152	0.2022472	0.212	0.2123552	0.193096	0.2008325	0.1852123	0.196944	0.206066	0.2139037	0.2517333	0.2196819	0.1796117	0.1678899	0.1698957	0.2	0.2166405	0.2184874	0.2344777	0.2280525	0.1946309	0.1778455	0.1957806	0.1914031	0.1769826	0.118068	0.1568506	
vautour sp.	0.0	7.057E-4	0.0	0.0	0.0	0.0	0.0	0.0	0.0	7.163E-4	0.0	0.0	0.0	0.0	0.0	0.0	0.0	0.0	0.0	4.533E-4	0.0	0.0	0.0	6.667E-4	0.0	0.0	0.0	7.321E-4	0.0	0.0	0.0	0.0	0.0	0.0	0.0	0.0	0.0	0.0015	0.0	0.0	0.0	0.0	0.0	0.0	0.0	0.0	0.0	0.0	
Circaète Jean-le-Blanc	0.0	0.0	0.0	0.0	7.831E-4	0.0	5.848E-4	0.0013559	0.0292887	0.0687679	0.0789306	0.0538785	0.0427168	0.0389919	0.0459627	0.0421013	0.0521133	0.0609382	0.0571294	0.0435177	0.0467013	0.0489015	0.0630942	0.0673333	0.0666023	0.0711974	0.0853278	0.0702782	0.0543294	0.0749331	0.0733384	0.088	0.0785288	0.0650485	0.0605505	0.076006	0.0309278	0.0086342	0.0028011	0.0021914	0.0010091	0.0	0.0015	0.0	0.0	0.0	0.0	0.0	
Aigle criard	0.0	0.0	0.0	0.0	0.0	0.0	0.0	0.0	0.0	0.0	0.0	0.0	0.0	4.755E-4	0.0	3.726E-4	0.0	0.0	0.0	0.0	0.0	0.0	0.0	0.0	0.0	0.0	0.0	0.0	0.0	0.0	0.0	0.0	0.0	0.0	0.0	0.0	0.0	0.0	0.0	0.0	0.0	0.0	0.0	0.0	0.0	0.0	0.0	0.0015	
Aigle botté	0.0034033	0.0042343	0.002551	0.0032949	0.0031323	0.0038197	0.0046784	0.0067797	0.0058577	0.0143266	0.0280076	0.0706916	0.1059376	0.1017594	0.0956522	0.0935171	0.1042265	0.1087242	0.1180359	0.1074343	0.1171238	0.1367824	0.1503889	0.134	0.1438224	0.1370011	0.1363163	0.1281113	0.1460102	0.1552186	0.1642475	0.1914667	0.1868787	0.1242718	0.0899083	0.0700447	0.0350515	0.0180534	0.0121382	0.0080351	0.0070636	0.0115053	0.004065	0.0016878	0.0032441	0.0077369	0.0044723	0.0043397	
Aigle des steppes	0.0	0.0	0.0	0.0	0.0	0.0	0.0	0.0	0.0	0.0	0.0	0.0	0.0	0.0	0.0	0.0	0.0	0.0	0.0	0.0	0.0	0.0	0.0	0.0	0.0	0.0	0.0	0.0	0.0	0.0	0.0	0.0	0.0	0.0	0.0	0.0	0.0	0.0	0.0	0.0	0.0015	0.0	0.0	0.0	0.0	0.0	0.0	0.0	
Aigle ibérique	0.0680658	0.0592802	0.0867347	0.0730368	0.0751762	0.0756303	0.0783626	0.0691525	0.0728033	0.0644699	0.0719287	0.0683989	0.0649295	0.0637185	0.0625259	0.0581222	0.0586787	0.0552389	0.0486308	0.0480508	0.0593032	0.0439405	0.0605013	0.0433333	0.0337838	0.030205	0.049948	0.0534407	0.0305603	0.0392507	0.0443086	0.0544	0.0447316	0.0786408	0.0752294	0.0842027	0.0670103	0.0620094	0.0634921	0.0606282	0.0716448	0.0671141	0.0650407	0.0843882	0.0681265	0.073501	0.059034	0.066956	
Aigle royal	0.0391378	0.0409315	0.039966	0.0439319	0.0242756	0.0427807	0.0397661	0.0433898	0.0343096	0.0422636	0.0407384	0.0355369	0.0333191	0.0304327	0.026501	0.0290611	0.0242101	0.024989	0.0212465	0.0213055	0.017791	0.0198441	0.0319793	0.0153333	0.019305	0.021575	0.012487	0.0300146	0.0212224	0.0169492	0.0206264	0.0309333	0.0208748	0.0223301	0.0266055	0.0357675	0.0278351	0.033752	0.0326797	0.0423667	0.0282543	0.029722	0.0365854	0.0371308	0.0332522	0.0473888	0.0384615	0.0353379	
Aigle de Bonelli	0.0073738	0.0112915	0.0059524	0.0126304	0.0054816	0.0114591	0.005848	0.0054237	0.0058577	0.0100287	0.0070019	0.0045854	0.005126	0.0023776	0.0049689	0.0074516	0.0069758	0.004384	0.003305	0.0040798	0.0059303	0.0070872	0.0129646	0.0086667	0.0067568	0.0097087	0.0052029	0.0036603	0.0033956	0.0044603	0.0038197	0.008	0.0059642	0.0038835	0.0091743	0.0081967	0.0103093	0.0117739	0.0093371	0.0087655	0.0090817	0.0105465	0.0111789	0.0067511	0.0089213	0.0087041	0.0178891	0.0080595	
Aquila sp.	0.0011344	7.057E-4	0.0	0.0	0.0031323	0.0	0.0017544	0.0013559	8.368E-4	0.0	0.0	7.642E-4	8.543E-4	9.51E-4	0.0012422	3.726E-4	8.207E-4	0.0013152	0.0	4.533E-4	0.0022239	0.0	8.643E-4	6.667E-4	0.0	0.0	0.0	7.321E-4	8.489E-4	8.921E-4	0.0030558	0.0021333	9.94E-4	0.0015	0.0	7.452E-4	0.0015	0.0023548	0.0	0.0021914	0.0020182	0.0	0.0010163	8.439E-4	8.11E-4	0.0015	8.945E-4	0.0012399	
Clanga ou Aquila sp.	0.0	0.0	0.0	0.0	0.0	0.0	0.0	0.0	0.0	0.0	0.0	0.0	0.0	0.0	0.0	0.0	0.0	0.0	0.0	0.0	0.0	0.0	0.0	0.0	0.0	0.0	0.0010406	0.0	0.0	0.0	0.0	0.0	0.0	0.0	0.0	0.0	0.0	0.0	0.0	0.0	0.0	0.0	0.0	0.0	0.0	0.0	0.0	0.0	
Épervier d'Europe	0.0623936	0.0712773	0.0510204	0.0576606	0.0501175	0.0511841	0.0526316	0.0454237	0.0635983	0.0565903	0.0413749	0.0427971	0.0333191	0.022349	0.0186335	0.0059613	0.0123102	0.0100833	0.009915	0.0067996	0.0140845	0.0148831	0.0121003	0.0126667	0.011583	0.0118662	0.0104058	0.0102489	0.0144312	0.0196253	0.0175707	0.0309333	0.0258449	0.0398058	0.0477064	0.0581222	0.0927835	0.088697	0.0877684	0.0956903	0.0918264	0.0939597	0.0873984	0.078481	0.0851582	0.0744681	0.0644007	0.0737756	
Autour des palombes	0.0170164	0.0169372	0.0263605	0.021966	0.018011	0.0206264	0.0157895	0.0237288	0.0142259	0.0121777	0.0140038	0.0137562	0.0123879	0.0080837	0.0099379	0.0119225	0.0077965	0.0092065	0.0061379	0.0104261	0.0088955	0.0077959	0.0103717	0.0086667	0.0106178	0.0075512	0.0072841	0.0080527	0.008489	0.0089206	0.0106952	0.0128	0.0168986	0.0184466	0.0146789	0.0208644	0.0278351	0.0211931	0.0233427	0.0168006	0.0221998	0.0249281	0.0264228	0.0202532	0.0178427	0.0222437	0.0143113	0.0198388	
Épervier d'Europe ou Autour des palombes	0.0017016	0.0014114	8.503E-4	5.491E-4	7.831E-4	0.0	0.0	0.0	0.0025105	0.0	0.0	0.0011464	0.0	0.0	4.141E-4	0.0	4.103E-4	0.0	0.0	4.533E-4	0.0	0.0	0.0	0.0	9.653E-4	0.0	0.0	0.0	8.489E-4	0.0	7.639E-4	5.333E-4	0.0019881	0.0019417	0.0	0.0037258	0.0010309	0.0	9.337E-4	0.0	0.0020182	0.0015	0.0	0.0033755	8.11E-4	9.671E-4	0.0017889	0.0024799	
Aerospiza, Tachyspiza, Accipiter ou Astur sp.	0.0	0.0	0.0	0.0	0.0	0.0	0.0	0.0	0.0	0.0	0.0	0.0	0.0	0.0	0.0	0.0	0.0	0.0	0.0	0.0	0.0	0.0	0.0	0.0	0.0	0.0	0.0	0.0	0.0	0.0	0.0	0.0	0.0	0.0	0.0	0.0	0.0	0.0	0.0	0.0	0.0	0.0	0.0	0.0	8.11E-4	0.0	0.0	0.0	
Busard des roseaux	0.3062961	0.3345095	0.3027211	0.3646348	0.3437745	0.368984	0.3052632	0.3362712	0.3732218	0.3366762	0.3259071	0.3450516	0.3366083	0.3433191	0.3134576	0.3315946	0.3262208	0.3191583	0.3338055	0.2787851	0.2987398	0.2260808	0.2722558	0.242	0.2355212	0.2168285	0.2455775	0.2122987	0.1977929	0.1900089	0.2276547	0.2101333	0.2594433	0.3300971	0.3440367	0.3479881	0.3061856	0.2896389	0.2791783	0.2797663	0.2865792	0.2943432	0.3150407	0.3223629	0.3122466	0.3471954	0.3372093	0.316801	
Busard Saint-Martin	0.0465116	0.0430487	0.0467687	0.0455794	0.0493344	0.0488923	0.0473684	0.040678	0.0585774	0.0472779	0.0318269	0.0175774	0.0200769	0.0175939	0.0136646	0.009687	0.0057448	0.0078913	0.0080264	0.0140526	0.0103781	0.0063785	0.008643	0.0033333	0.0019305	0.0064725	0.0062435	0.0043924	0.0025467	0.0017841	0.0061115	0.0026667	0.0039761	0.0048544	0.0110092	0.0163934	0.0185567	0.0204082	0.0336134	0.0321402	0.0302725	0.0345158	0.0345528	0.0405063	0.0421736	0.0589942	0.0599284	0.049597	
Busard pâle	0.0	0.0014114	0.0	5.491E-4	0.0	7.639E-4	0.0011696	6.78E-4	8.368E-4	7.163E-4	0.0012731	0.0034391	8.543E-4	0.0	0.0	0.0	0.0	0.0	0.0	0.0	0.0	0.0	0.0	0.0	0.0	0.0	0.0	0.0	0.0	0.0	0.0015	0.0	0.0	0.0	9.174E-4	0.0	0.0010309	0.0	0.0015	0.0	0.0	9.588E-4	0.0	0.0	8.11E-4	9.671E-4	0.0017889	0.0012399	
Busard cendré	0.0	0.0	0.0	0.0	0.0	0.0	0.0	0.0	8.368E-4	0.0028653	0.0089115	0.0137562	0.0401538	0.0504042	0.0567288	0.0502981	0.0434961	0.0438404	0.0311615	0.0335449	0.0474426	0.0297661	0.0406223	0.0253333	0.030888	0.03452	0.0780437	0.0549048	0.0424448	0.0553078	0.0626432	0.0576	0.0318091	0.0242718	0.0100917	0.0067064	0.0030928	0.0031397	9.337E-4	7.305E-4	0.0	0.0	0.0	0.0	0.0	0.0	0.0	0.0	
busard sp.	5.672E-4	0.0	8.503E-4	5.491E-4	0.0	7.639E-4	5.848E-4	0.0013559	8.368E-4	0.0014327	6.365E-4	0.0030569	0.005126	0.0023776	0.0033126	0.0048435	0.0016414	0.0017536	9.443E-4	0.0022665	0.0014826	7.087E-4	0.0	0.0015	0.0019305	0.0010787	0.0020812	0.0	0.0025467	0.0017841	0.0045837	5.333E-4	0.0019881	0.0	9.174E-4	7.452E-4	0.0020619	0.0	0.0018674	0.0014609	0.0010091	0.0	0.0010163	0.0	0.0	0.0019342	0.0	6.2E-4	
Milan royal	0.2711288	0.2484121	0.2593537	0.291598	0.256852	0.2551566	0.2491228	0.2366102	0.2108787	0.1755014	0.1654997	0.1482614	0.1358394	0.1093676	0.0993789	0.0920268	0.0648338	0.0609382	0.0538244	0.0444243	0.0548554	0.0340184	0.0319793	0.0233333	0.0328185	0.0140237	0.0301769	0.0322108	0.0305603	0.0312221	0.0404889	0.0357333	0.0437376	0.0436893	0.0431193	0.0692996	0.1103093	0.1577708	0.2436975	0.2512783	0.2875883	0.2751678	0.2936992	0.27173	0.2684509	0.2756286	0.2683363	0.2684439	
Milan noir	0.0011344	0.0014114	0.0017007	0.0016474	0.0031323	0.0099312	0.019883	0.04	0.0728033	0.1081662	0.1406747	0.1673672	0.1644596	0.1697575	0.1358178	0.1669151	0.1768568	0.1701008	0.1619452	0.1337262	0.1504818	0.1233168	0.1339672	0.1193333	0.1322394	0.1035599	0.1477627	0.1573939	0.1451613	0.1364853	0.1061879	0.0624	0.0497018	0.0213592	0.0165138	0.0089419	0.0020619	0.0023548	0.0018674	0.0014609	0.0010091	9.588E-4	0.0030488	0.0	8.11E-4	0.0	8.945E-4	6.2E-4	
Milan royal ou M. noir	0.0	7.057E-4	8.503E-4	0.0010983	7.831E-4	0.0	5.848E-4	0.0	0.0015	0.0015	0.0025461	0.0011464	0.002563	0.0014265	4.141E-4	0.0011177	0.001231	8.768E-4	0.0014164	0.0022665	0.0014826	0.0	8.643E-4	0.0	0.0015	0.004315	0.0010406	7.321E-4	0.0	8.921E-4	0.0015279	5.333E-4	9.94E-4	9.709E-4	0.0015	7.452E-4	0.0	0.0015699	0.0	0.0015	0.0	0.0	0.0010163	0.0	8.11E-4	0.0	0.0	0.0	
Buse de Harris	0.0	0.0	0.0	0.0	0.0	0.0	0.0	0.0	0.0	0.0	0.0	0.0	8.543E-4	0.0	0.0	0.0015	0.0	0.0	0.0	0.0	7.413E-4	0.0015	0.0	0.0	0.0	0.0	0.0	0.0	0.0	0.0	0.0	0.0	0.0	0.0	0.0	0.0	0.0	0.0	0.0	0.0	0.0	9.588E-4	0.0	0.0	8.11E-4	0.0	0.0015	0.0	
Buse variable	0.2563812	0.2766408	0.2772109	0.2839099	0.2795615	0.2574484	0.2660819	0.2555932	0.2644351	0.2428367	0.2126034	0.2074895	0.2080308	0.1944841	0.1933747	0.1963487	0.1776775	0.1797457	0.1784703	0.1500453	0.2008895	0.1651311	0.1547105	0.142	0.1660232	0.1574973	0.1862643	0.1530015	0.1307301	0.1427297	0.1596639	0.1674667	0.1838966	0.207767	0.2256881	0.2421759	0.2257732	0.2072214	0.2521008	0.2308254	0.2532795	0.261745	0.2936992	0.2447257	0.2416869	0.2533849	0.2477639	0.2368258	
Buse féroce	0.0	0.0	0.0	0.0	0.0	0.0	0.0	0.0	0.0	0.0	0.0	0.0	0.0	0.0	0.0	0.0	0.0	0.0	0.0	0.0	0.0	7.087E-4	8.643E-4	0.002	0.0015	0.0	0.0	0.0	0.0	0.0	0.0	5.333E-4	0.0	0.0	0.0	0.0	0.0	0.0	0.0	7.305E-4	0.0	0.0	0.0	0.0	0.0	0.0	0.0	0.0	
Buse variable ou B. féroce	0.0	0.0	0.0	0.0	0.0	0.0	0.0	0.0	0.0	0.0	0.0	0.0	0.0	0.0	0.0	0.0	0.0015	0.0	0.0	0.0	0.0	0.0	0.0	0.0	0.0	0.0	0.0	0.0	0.0	0.0	0.0	0.0	0.0	0.0	0.0	0.0	0.0	0.0	0.0	0.0	0.0	0.0	0.0	0.0	0.0	0.0	0.0	0.0	
buse ou aigle sp.	0.0	0.0	0.0	0.0	0.0	0.0	0.0	0.0	0.0	0.0	6.365E-4	0.0	4.272E-4	0.0	4.141E-4	0.0	0.0	0.0	0.0	0.0	0.0	0.0	0.0	0.0	0.0	0.0	0.0	0.0	0.0	0.0	0.0	0.0	0.0	0.0	0.0	0.0	0.0	0.0	0.0	7.305E-4	0.0	9.588E-4	0.0	8.439E-4	0.0	0.0	0.0	0.0	
rapace sp.	0.0011344	7.057E-4	8.503E-4	0.0021966	0.0015662	7.639E-4	0.0017544	0.0013559	0.0	0.0028653	0.0019096	3.821E-4	8.543E-4	9.51E-4	8.282E-4	7.452E-4	0.001231	0.0013152	0.0014164	0.0027199	0.0022239	0.0	0.0	6.667E-4	0.0	0.0	0.0010406	0.0029283	0.0025467	0.0035682	0.0022918	5.333E-4	0.0039761	0.0019417	0.0036697	0.0014903	0.0010309	7.849E-4	9.337E-4	0.0	0.0010091	9.588E-4	0.0015	8.439E-4	8.11E-4	9.671E-4	0.0017889	0.0024799	
aigle ou pygargue sp.	0.0	0.0	0.0	0.0	0.0	0.0	0.0	0.0	0.0	0.0	6.365E-4	3.821E-4	0.0	0.0	0.0	0.0	0.0	0.0	0.0	0.0	0.0	0.0	0.0	0.0	0.0	0.0	0.0	0.0	0.0	0.0	0.0	0.0	0.0	0.0	0.0	0.0	0.0	0.0	0.0	0.0	0.0	0.0	0.0	0.0	0.0	0.0	0.0	0.0	
Effraie des clochers	0.0039705	0.0014114	0.0034014	0.0010983	0.0031323	0.0015279	0.0023392	0.0020339	8.368E-4	0.004298	0.0012731	0.0022927	0.0029902	0.0014265	0.0037267	0.0014903	0.0036931	0.0026304	0.0051936	0.0022665	0.0037064	0.0014174	0.0043215	0.0046667	0.0096525	0.0053937	0.0031217	7.321E-4	0.0025467	0.0017841	0.0015279	0.0016	0.0019881	0.007767	0.0055046	0.0029806	0.0015	0.0015699	0.0028011	0.0021914	0.0010091	0.0028763	0.0030488	8.439E-4	8.11E-4	9.671E-4	0.0015	0.0015	
Petit-duc scops	0.0	0.0	0.0	5.491E-4	0.0	7.639E-4	0.0023392	0.0033898	0.0050209	0.0071633	0.017823	0.0210164	0.0256301	0.0385164	0.0401656	0.0391207	0.0529339	0.0451556	0.0500472	0.0543971	0.051149	0.0396882	0.0518583	0.0333333	0.034749	0.0442287	0.0405827	0.0212299	0.0229202	0.0169492	0.0122231	0.0032	0.0029821	0.0038835	0.0018349	0.0015	0.0030928	0.0	0.0	0.0015	0.0	0.0	0.0	0.0015	0.0	0.0	8.945E-4	0.0	
Grand-duc d'Europe	0.0226886	0.0254058	0.0306122	0.0302032	0.0227095	0.0229183	0.0181287	0.0237288	0.0251046	0.02149	0.0190961	0.0114635	0.0106792	0.0123633	0.0078675	0.0119225	0.0143619	0.0092065	0.0118036	0.0108794	0.0126019	0.0070872	0.011236	0.008	0.0144788	0.0140237	0.0176899	0.010981	0.0127334	0.0133809	0.0099312	0.0048	0.0119284	0.0116505	0.0201835	0.0171386	0.0175258	0.0133438	0.0168067	0.0146092	0.0201816	0.0220518	0.0162602	0.0177215	0.0210868	0.0290135	0.0259392	0.016119	
Chevêche d'Athéna	0.0589904	0.0564573	0.0612245	0.0565623	0.0649961	0.0565317	0.0783626	0.0630508	0.0610879	0.0587393	0.050923	0.0508216	0.0568133	0.0599144	0.0521739	0.0540238	0.0545753	0.0482245	0.0542965	0.049864	0.0615271	0.0574061	0.0734659	0.058	0.0714286	0.0658037	0.0655567	0.0475842	0.0517827	0.0472792	0.052712	0.0496	0.0586481	0.0679612	0.0486239	0.057377	0.0701031	0.0565149	0.0774977	0.0562454	0.0524723	0.042186	0.0426829	0.049789	0.0283861	0.0415861	0.0411449	0.0471172	
Chouette hulotte	0.0051049	0.0035286	0.0042517	0.0060406	0.0046985	0.0061115	0.005848	0.0067797	0.0025105	0.0014327	0.0057288	0.0038212	0.0064075	0.0028531	0.0070393	0.0014903	0.0057448	0.0056993	0.0056657	0.0086129	0.0118606	0.0070872	0.0043215	0.0053333	0.007722	0.0053937	0.0041623	0.0058565	0.0076401	0.0035682	0.0076394	0.0085333	0.0109344	0.0067961	0.0036697	0.0029806	0.0061856	0.0078493	0.0084034	0.0058437	0.0020182	9.588E-4	0.0050813	0.0033755	8.11E-4	0.0038685	0.0044723	0.0055797	
Hibou moyen-duc	0.0062394	0.0056457	0.0042517	0.0027457	0.0101801	0.0061115	0.0070175	0.0033898	0.0016736	0.004298	0.0019096	0.006496	0.005126	0.0061816	0.0095238	0.0111773	0.0160033	0.0153441	0.0075543	0.0090662	0.0096368	0.0092133	0.011236	0.0046667	0.0096525	0.0118662	0.0104058	0.0073206	0.0101868	0.0071365	0.0030558	0.0069333	0.0049702	0.0038835	0.0018349	0.0037258	0.0030928	0.0039246	0.0037348	0.0029218	0.0040363	0.0028763	0.0020325	0.0016878	0.0024331	0.0048356	0.0080501	0.0030998	
Hibou des marais	0.0022689	0.0042343	0.0017007	0.0043932	0.0015	0.0091673	0.002924	0.0027119	0.0025105	0.0050143	0.0012731	0.0015285	8.543E-4	9.51E-4	4.141E-4	7.452E-4	8.207E-4	0.0056993	9.443E-4	0.0018132	0.0014826	0.0014174	8.643E-4	6.667E-4	0.0	0.0	0.0010406	0.0	0.0	0.0	0.0	0.0	0.0	0.0019417	0.0	0.0	0.0	7.849E-4	9.337E-4	7.305E-4	0.0030272	0.0028763	0.0050813	8.439E-4	0.0064882	0.0038685	0.0089445	0.0037198	
Hibou moyen-duc ou H. des marais	0.0	0.0	0.0	0.0	0.0	0.0	0.0	0.0	0.0	0.0	0.0	0.0	0.0	0.0	0.0	0.0	0.0	0.0	0.0	0.0	0.0	0.0	0.0	0.0	0.0015	0.0	0.0	0.0	0.0	0.0	0.0	0.0	0.0	0.0	0.0	0.0	0.0	0.0	0.0	0.0	0.0	0.0	0.0	0.0015	0.0	0.0	0.0	0.0	
Asio sp.	0.0	0.0	0.0	0.0	0.0	0.0	0.0	0.0	0.0	0.0	0.0	0.0	0.0	0.0	0.0	0.0	0.0	0.0	0.0	0.0	0.0	0.0	0.0	0.0	0.0	0.0	0.0	0.0	0.0	0.0	0.0	0.0	0.0	0.0	0.0	0.0	0.0	0.0	0.0	0.0	0.0	0.0	0.0	0.0015	0.0	9.671E-4	0.0	0.0	
Strigiformes sp.	0.0	0.0	8.503E-4	0.0	7.831E-4	7.639E-4	0.0	0.0	0.0	0.0	0.0	0.0	0.0	0.0	0.0	3.726E-4	0.0	0.0	0.0	4.533E-4	0.0	7.087E-4	0.0015	0.0	0.0	0.0	0.0	7.321E-4	0.0	0.0	0.0	0.0	0.0	0.0	0.0	0.0	0.0	0.0	0.0	0.0	0.0	0.0	0.0	0.0	0.0	0.0	0.0	0.0	
Huppe fasciée	0.0907544	0.0825688	0.0841837	0.088413	0.082224	0.0970206	0.1040936	0.1084746	0.1740586	0.2127507	0.2062381	0.24188	0.2695429	0.2962435	0.2832298	0.2909836	0.3163726	0.311267	0.3347498	0.2996374	0.2935508	0.238129	0.2705272	0.2166667	0.1940154	0.1898598	0.2247659	0.1903367	0.2011885	0.2007136	0.1833461	0.1605333	0.1898608	0.1718447	0.1834862	0.1117735	0.1226804	0.1036107	0.1055089	0.0971512	0.1009082	0.0805369	0.097561	0.1147679	0.1224655	0.0957447	0.0840787	0.0793552	
Guêpier d'Europe	0.0	0.0	0.0	0.0	0.0	0.0	0.0	0.0	0.0	7.163E-4	6.365E-4	0.0332442	0.1794105	0.2705659	0.3118012	0.3561848	0.4000821	0.3739588	0.3720491	0.3268359	0.3365456	0.3068746	0.366465	0.3366667	0.3706564	0.3851133	0.4037461	0.3872621	0.4074703	0.4157003	0.4140565	0.4016	0.3011928	0.1553398	0.0238532	0.0089419	0.0015	0.0	0.0	0.0	0.0	0.0	0.0	0.0	0.0	0.0	0.0	0.0	
Martin-pêcheur d'Europe	0.0669314	0.0564573	0.0527211	0.0411862	0.0344558	0.038961	0.0450292	0.040678	0.041841	0.0336676	0.0273711	0.0206343	0.0239214	0.0233	0.0120083	0.0152757	0.0246204	0.0232354	0.0250236	0.0294651	0.0303929	0.0240964	0.0371651	0.0466667	0.0723938	0.0755124	0.0842872	0.0995608	0.0916808	0.0856378	0.0932009	0.0976	0.1252485	0.1368932	0.1256881	0.1125186	0.1268041	0.1350078	0.1036415	0.1081081	0.0776993	0.0853308	0.0772358	0.0902954	0.0697486	0.0725338	0.0626118	0.0712957	
Rollier d'Europe	0.0	0.0	0.0	0.0	0.0	0.0	0.0	0.0	0.0	0.0	6.365E-4	0.0	0.0046988	0.0161674	0.0293996	0.0473174	0.0480098	0.0508549	0.0646837	0.057117	0.0622683	0.0616584	0.0760588	0.0553333	0.0540541	0.0582524	0.0353798	0.0417277	0.0356537	0.0223015	0.012987	0.0117333	0.0039761	0.0029126	9.174E-4	0.0015	0.0	0.0	0.0	0.0	0.0	0.0	0.0	0.0	0.0	0.0	0.0	0.0	
Torcol fourmilier	0.0011344	7.057E-4	0.0042517	0.0010983	0.0023493	0.0015	0.0023392	0.0013559	8.368E-4	0.002149	0.0025461	0.012992	0.0269116	0.0347123	0.0252588	0.030924	0.0217481	0.018413	0.0207743	0.0167724	0.0163084	0.0212615	0.0164218	0.0173333	0.0086873	0.0194175	0.012487	0.0043924	0.0059423	0.0107047	0.0122231	0.0133333	0.026839	0.0359223	0.0302752	0.0126677	0.0195876	0.0102041	0.0084034	0.0036523	0.0040363	0.0057526	0.004065	0.0075949	0.0	0.0048356	8.945E-4	6.2E-4	
Pic épeiche	0.150312	0.1199718	0.0943878	0.1087315	0.0986688	0.1023682	0.1169591	0.119322	0.1322176	0.1124642	0.1241248	0.1039358	0.1085006	0.1103186	0.1039337	0.0748882	0.0763233	0.0692679	0.0802644	0.0843155	0.1067457	0.1360737	0.1296456	0.1706667	0.1389961	0.1499461	0.1612903	0.1464129	0.1901528	0.1935772	0.1894576	0.2085333	0.1600398	0.1223301	0.1275229	0.1147541	0.1185567	0.1522763	0.1372549	0.17458	0.1251261	0.1428571	0.129065	0.1316456	0.1549067	0.1353965	0.1135957	0.1605704	
Pic épeichette	0.015882	0.0077629	0.0085034	0.0104338	0.009397	0.0106952	0.0204678	0.0169492	0.0142259	0.0078797	0.0127307	0.0126099	0.0140965	0.0114123	0.0095238	0.0059613	0.0061551	0.0052609	0.0075543	0.0054397	0.0081542	0.0042523	0.0060501	0.0166667	0.019305	0.01726	0.0280957	0.0278184	0.0135823	0.0080285	0.0084034	0.0128	0.0178926	0.0165049	0.0146789	0.0134128	0.0092784	0.0086342	0.0130719	0.0080351	0.0080727	0.008629	0.0091463	0.0084388	0.0081103	0.0077369	0.0062612	0.0080595	
Pic de Sharpe	0.1304594	0.1115032	0.1122449	0.1213619	0.1339076	0.1344538	0.148538	0.1281356	0.1548117	0.1446991	0.1584978	0.1268628	0.1307134	0.1431289	0.1358178	0.1136364	0.1001231	0.130206	0.1128423	0.1196736	0.1445515	0.1296953	0.1408816	0.1586667	0.1640927	0.1531823	0.1706556	0.1427526	0.1757216	0.1712756	0.1657754	0.1664	0.1520875	0.1213592	0.1495413	0.1110283	0.1443299	0.1436421	0.1605976	0.1592403	0.1321897	0.1294343	0.1351626	0.1097046	0.1313869	0.1353965	0.1162791	0.1233726	
pic sp.	0.0	7.057E-4	0.0	5.491E-4	0.0	0.0	0.0	6.78E-4	8.368E-4	0.0	0.0	0.0	8.543E-4	0.0	0.0	0.0	4.103E-4	0.0	0.0	0.0	7.413E-4	0.0	0.0	0.0	0.0	0.0010787	0.0	0.0	0.0	0.0	0.0	5.333E-4	0.0	0.0015	0.0	0.0	0.0	0.0	0.0	0.0	0.0010091	0.0	0.0	0.0	0.0	0.0	0.0	0.0	
Faucon crécerellette	0.0	0.0021171	0.0	0.0010983	0.0031323	0.012987	0.0298246	0.0555932	0.0644351	0.0995702	0.0776575	0.0875048	0.0862879	0.1012839	0.0869565	0.1017139	0.0956094	0.100833	0.0830973	0.0770626	0.1000741	0.0878809	0.0933449	0.0733333	0.0810811	0.0949299	0.1030177	0.0724744	0.049236	0.029438	0.0504202	0.0496	0.0487078	0.0582524	0.0458716	0.0283159	0.0103093	0.0054945	0.0037348	0.0029218	0.0	0.0015	0.0010163	8.439E-4	0.0	0.0	0.0	0.0	
Faucon crécerelle	0.2353942	0.246295	0.2346939	0.2311917	0.2223962	0.2330023	0.2070175	0.2128814	0.2317992	0.213467	0.19669	0.1925869	0.2093123	0.2016167	0.1817805	0.1807004	0.1542881	0.1315213	0.1458924	0.1097008	0.1593773	0.1176471	0.147796	0.1406667	0.1206564	0.1197411	0.1363163	0.1120059	0.106961	0.0963426	0.1000764	0.1157333	0.1600398	0.1543689	0.2055046	0.2362146	0.2134021	0.2229199	0.254902	0.2483565	0.2189707	0.2492809	0.2398374	0.2540084	0.2514193	0.2427466	0.2423971	0.2634842	
Faucon crécerellette ou F. crécerelle	0.0017016	0.0014114	0.0017007	0.0016474	0.0039154	0.0030558	0.0081871	0.0074576	0.0100418	0.0121777	0.0152769	0.012992	0.0115335	0.0104612	0.0095238	0.0160209	0.0139516	0.0127137	0.0136922	0.0122393	0.0074129	0.0113395	0.008643	0.0066667	0.0106178	0.0107875	0.0104058	0.0073206	0.0093379	0.0026762	0.0084034	0.0058667	0.0059642	0.0087379	0.0091743	0.0037258	0.0051546	0.0015699	9.337E-4	7.305E-4	0.0010091	9.588E-4	0.0015	0.0025316	0.0016221	0.0019342	0.0026834	0.0012399	
Faucon kobez	0.0	0.0	0.0	0.0	0.0	0.0	0.0	0.0	0.0	0.0	0.0	0.0	0.0	0.0	4.141E-4	0.0015	8.207E-4	0.0030688	0.0075543	0.0036265	0.0074129	0.0028349	0.0	0.0	0.0	0.0	0.0	0.0	0.0	0.0	0.0	0.0	0.0	0.0	0.0	7.452E-4	0.0010309	0.0	0.0	0.0	0.0	0.0	0.0	0.0	0.0	0.0	0.0	0.0	
Faucon d'Éléonore	0.0	0.0	0.0	0.0	0.0	0.0	0.0	0.0	0.0	0.0	0.0	0.0	0.0	0.0	0.0	0.0	0.0	4.384E-4	0.0	4.533E-4	0.0037064	0.0127569	0.0440795	0.038	0.0328185	0.0107875	0.0062435	0.0029283	8.489E-4	0.0017841	0.0	0.0	0.0	0.0	0.0	0.0	0.0	0.0	0.0	0.0	0.0	0.0	0.0	0.0	0.0	0.0	0.0	0.0	
Faucon émerillon	0.0266591	0.0204658	0.0263605	0.029654	0.0195771	0.0175707	0.022807	0.0094915	0.0117155	0.0157593	0.0140038	0.0080245	0.0064075	0.0042796	0.0028986	0.0018629	0.0	0.0	0.0	0.0	0.0	0.0	0.0	0.0	0.0	0.0	0.0	0.0	0.0	0.0	0.0	0.0	0.0015	0.0015	0.0018349	0.0014903	0.0030928	0.0102041	0.0130719	0.0219138	0.024218	0.0230105	0.0284553	0.0236287	0.026764	0.0309478	0.0241503	0.0223187	
Faucon hobereau	0.0	0.0	0.0	0.0	0.0	0.0	0.0	0.0	0.0	0.0	0.0	3.821E-4	0.0015	0.001902	0.0062112	0.0085693	0.0069758	0.0109601	0.0084986	0.0086129	0.0074129	0.0113395	0.0138289	0.0106667	0.011583	0.0064725	0.0093652	0.0043924	0.0025467	0.0107047	0.0076394	0.0090667	0.0089463	0.0087379	0.0082569	0.009687	0.0061856	0.0039246	0.0028011	0.0029218	0.0	0.0	0.0	8.439E-4	0.0	0.0	0.0	0.0	
Faucon lanier	0.0	0.0	0.0	0.0	0.0	0.0	0.0	0.0	0.0	0.0	0.0	0.0	0.0	0.0	0.0	0.0	0.0	0.0	0.0	0.0	0.0	0.0	0.0	0.0	0.0028958	0.0010787	0.0	0.0	0.0	0.0	0.0045837	0.0042667	0.0	0.0	0.0	0.0	0.0	0.0	0.0	0.0	0.0	0.0	0.0	0.0	0.0	0.0	0.0	0.0	
Faucon sacre	0.0	7.057E-4	0.0015	0.0	0.0015	0.0	0.0	0.0	0.0	0.0	0.0	0.0	0.0	0.0	0.0	0.0	0.0	0.0	0.0	0.0	0.0	0.0	0.0	0.0	0.0	0.0	0.0	0.0	0.0	0.0	0.0	0.0	0.0	0.0	0.0	0.0	0.0015	0.0	0.0	0.0	0.0	0.0	0.0	0.0	0.0	0.0	0.0	0.0	
Faucon pèlerin	0.0226886	0.0134086	0.0178571	0.0131796	0.0086139	0.0122231	0.0192982	0.0115254	0.0217573	0.0136103	0.0127307	0.0145204	0.0085434	0.0118878	0.0070393	0.0104322	0.0131309	0.0087681	0.0122757	0.0135993	0.0200148	0.0198441	0.0190147	0.0106667	0.0202703	0.0140237	0.0187305	0.0146413	0.0152801	0.0169492	0.0114591	0.0138667	0.0238569	0.0126214	0.0110092	0.0149031	0.0226804	0.0180534	0.0121382	0.0197224	0.0141271	0.0162991	0.0203252	0.0151899	0.0162206	0.0183752	0.0205725	0.0142591	
Falco sp.	0.0	0.0021171	0.0034014	5.491E-4	7.831E-4	7.639E-4	0.0011696	0.0013559	0.0025105	0.0028653	0.0012731	0.0015	4.272E-4	0.0014265	8.282E-4	0.0	8.207E-4	4.384E-4	0.0018886	0.0013599	0.0022239	0.0014174	0.0017286	0.002	0.0015	0.0032362	0.0010406	7.321E-4	8.489E-4	0.0017841	0.0015279	0.0021333	9.94E-4	9.709E-4	0.0018349	0.0022355	0.0010309	7.849E-4	0.0018674	0.0021914	0.0030272	0.0028763	0.0010163	0.0015	0.0024331	0.0	8.945E-4	6.2E-4	
rapace diurne sp.	5.672E-4	7.057E-4	8.503E-4	0.0	7.831E-4	7.639E-4	0.0	0.0	0.0016736	0.0014327	6.365E-4	3.821E-4	4.272E-4	0.0015	8.282E-4	3.726E-4	0.001231	0.0013152	9.443E-4	0.0013599	0.0014826	7.087E-4	8.643E-4	0.002	0.0028958	0.0021575	0.0020812	0.0014641	0.0025467	0.0	0.0030558	0.0021333	0.0	0.0	0.0	7.452E-4	0.0010309	0.0015699	0.0	0.0	0.0	0.0	0.0020325	0.0025316	0.0	9.671E-4	0.0	0.0012399	
Calopsitte élégante	0.0	0.0	0.0	0.0	0.0	0.0	0.0	0.0	0.0	0.0	0.0	0.0	0.0	0.0	0.0	0.0	4.103E-4	0.0	0.0	4.533E-4	0.0	0.0	0.0	0.0	0.0	0.0	0.0	0.0	0.0	0.0	0.0	0.0	0.0	0.0	0.0	0.0	0.0	0.0	0.0	0.0	0.0	0.0	0.0	0.0	0.0	0.0	0.0	0.0	
Cacatoès à huppe jaune	0.0	0.0	0.0	0.0	0.0	0.0	0.0	0.0	0.0	0.0	0.0	0.0	0.0	0.0	4.141E-4	0.0	0.0	0.0	0.0	0.0	0.0	0.0	0.0	0.0	0.0	0.0	0.0	0.0	0.0	0.0	0.0	0.0	0.0	0.0	0.0	0.0	0.0	0.0	0.0	0.0	0.0	0.0	0.0	0.0	0.0	0.0	0.0	0.0	
Perruche à collier	0.0	0.0	0.0	0.0	0.0	0.0	5.848E-4	0.0	0.0	0.0	0.0012731	0.0	0.0	0.0	0.0	0.0	0.0	0.0	0.0	0.0	0.0	0.0	0.0	0.0	0.0	0.0	0.0	0.0015	0.0	0.0	0.0	0.0	0.0	0.0	0.0	0.0	0.0	0.0	0.0	0.0	0.0	0.0	0.0	0.0	0.0	0.0	0.0	0.0	
Perruche ondulée	0.0	0.0	0.0	0.0	0.0	0.0	0.0	0.0	0.0	0.0	0.0	0.0	0.0	0.0	0.0	0.0	0.0	0.0	0.0	0.0	0.0	0.0015	0.0	0.0	0.0	0.0	0.0	0.0	0.0	0.0	0.0	0.0	0.0	0.0	0.0	0.0	0.0	0.0	0.0015	0.0015	0.0	0.0	0.0	0.0	0.0	0.0	0.0	0.0	
Inséparable rosegorge	0.0	0.0	0.0	0.0	0.0	0.0	0.0	0.0	0.0	0.0	0.0	0.0	0.0	0.0	0.0	0.0	0.0	0.0	0.0	0.0	7.413E-4	0.0	0.0	0.0	0.0	0.0	0.0	0.0	8.489E-4	8.921E-4	0.0	0.0	9.94E-4	0.0	0.0	0.0	0.0	0.0	0.0	0.0	0.0	0.0015	0.0	0.0	0.0	0.0	0.0	0.0	
Inséparable de Fischer	0.0	0.0	0.0	0.0	0.0	0.0	0.0	0.0	0.0	0.0	0.0	0.0	0.0	0.0	0.0	0.0	0.0	0.0	0.0	0.0	0.0	0.0	0.0	0.0	0.0	0.0	0.0	0.0	8.489E-4	0.0	0.0	0.0	0.0	0.0	0.0027523	0.0	0.0	0.0	0.0	0.0	0.0	0.0	0.0	0.0	0.0	0.0	0.0	0.0	
Inséparable masqué	0.0	0.0	0.0	0.0	0.0	0.0	0.0	0.0	0.0	0.0	0.0	0.0	0.0	0.0	0.0015	0.0	0.0	0.0	0.0	0.0	0.0	0.0	0.0	0.0	0.0	0.0	0.0	0.0	0.0	0.0	0.0	0.0	0.0	0.0	0.0	0.0	0.0	0.0	0.0	0.0	0.0	0.0	0.0	0.0	0.0	0.0	0.0	0.0	
inséparable sp.	0.0015	0.0	0.0	0.0015	0.0	0.0	0.0	0.0	0.0	0.0	0.0	0.0	0.0	0.0	0.0	0.0	0.0	0.0	0.0	0.0	7.413E-4	0.0	0.0	0.0	0.0	0.0	0.0	0.0015	0.0	0.0	0.0	0.0	0.0	0.0	0.0	0.0	0.0	0.0	0.0	0.0	0.0015	0.0	0.0	0.0	0.0	0.0	0.0	0.0	
Perriche veuve	0.0034033	0.0014114	0.002551	0.0016474	0.0015662	0.0015279	0.0040936	0.0020339	0.0041841	0.004298	0.0019096	0.0022927	0.002563	0.001902	0.0024845	0.0018629	4.103E-4	0.0015	0.0023607	0.0013599	0.0014826	0.0021262	0.0025929	0.0026667	0.0028958	0.0021575	0.0031217	0.0014641	0.0033956	0.0044603	0.0015	0.0026667	0.0015	9.709E-4	0.0027523	0.0044709	0.0015	7.849E-4	0.0018674	7.305E-4	0.0010091	9.588E-4	0.0030488	0.0033755	0.0032441	0.0029014	0.0035778	6.2E-4	
Loriot d'Europe	0.0	0.0	0.0	0.0015	0.0	7.639E-4	0.0	0.0	0.0	7.163E-4	0.0019096	0.0011464	0.0072619	0.0142653	0.0534161	0.1449329	0.226508	0.2424375	0.2559018	0.2923844	0.2816901	0.2551382	0.2817632	0.3206667	0.2992278	0.2934196	0.3111342	0.2679356	0.2758913	0.2756467	0.223071	0.1637333	0.0705765	0.0330097	0.0110092	0.0022355	0.0	0.0	0.0018674	7.305E-4	0.0	0.0	0.0	0.0	0.0	0.0	0.0	0.0	
Pie-grièche écorcheur	0.0	0.0	0.0	0.0	0.0	0.0	0.0	0.0	0.0	0.0	0.0	0.0	0.0	0.0	0.0	0.0	4.103E-4	0.0030688	0.00661	0.0086129	0.0118606	0.0170092	0.0043215	0.0133333	0.011583	0.021575	0.0114464	0.0095168	0.0059423	0.0071365	0.0053476	0.0026667	9.94E-4	0.0	0.0	0.0	0.0	0.0	0.0	0.0	0.0	0.0	0.0	0.0	0.0	0.0	0.0	0.0	
Pie-grièche méridionale	0.1571185	0.1686662	0.1658163	0.1350906	0.1205951	0.1092437	0.1157895	0.0854237	0.0803347	0.0838109	0.0757479	0.0515858	0.053396	0.0542083	0.0418219	0.0540238	0.0467788	0.0578694	0.0467422	0.0407978	0.0652335	0.0496102	0.0777874	0.0673333	0.0569498	0.0841424	0.0978148	0.1120059	0.1103565	0.1266726	0.1306341	0.1301333	0.1590457	0.138835	0.1642202	0.1564829	0.1443299	0.1452119	0.1484594	0.1373265	0.136226	0.1572387	0.1514228	0.1611814	0.1735604	0.1702128	0.1511628	0.150651	
Pie-grièche à tête rousse	0.0	0.0	0.0	0.0	0.0	0.0	0.0	0.0	0.0	0.006447	0.0133673	0.0546427	0.0897053	0.1203043	0.1407867	0.147541	0.150595	0.1293292	0.128423	0.1155938	0.130467	0.1141035	0.1607606	0.192	0.2210425	0.2750809	0.3236212	0.3433382	0.3582343	0.3693131	0.3101604	0.2282667	0.1819085	0.0980583	0.0256881	0.0044709	0.0010309	7.849E-4	9.337E-4	0.0015	0.0	0.0015	0.0	0.0	0.0	0.0	0.0	0.0	
Laniidés sp.	0.0	0.0	0.0	0.0	0.0	0.0	0.0	0.0	0.0	0.0	0.0	0.0015	0.0	0.0	4.141E-4	3.726E-4	4.103E-4	0.0	0.0	0.0	0.0	0.0	0.0	0.0013333	0.0028958	0.0010787	0.0020812	0.0029283	8.489E-4	8.921E-4	0.0022918	0.0010667	0.0	0.0	0.0027523	0.0	0.0	0.0	0.0	0.0	0.0	0.0	0.0	0.0	0.0	0.0	0.0	0.0	
Geai des chênes	0.0623936	0.0494001	0.047619	0.0433828	0.0438528	0.0336134	0.0450292	0.0440678	0.0502092	0.0422636	0.0655633	0.0405044	0.0529688	0.0499287	0.0592133	0.0413562	0.0545753	0.0429636	0.0486308	0.0580236	0.0963677	0.0878809	0.1140882	0.12	0.0965251	0.0830636	0.0936524	0.1083455	0.1451613	0.1605709	0.1359817	0.1642667	0.111332	0.084466	0.1018349	0.0961252	0.114433	0.1295133	0.1260504	0.1176041	0.0958628	0.1169703	0.0630081	0.0708861	0.0835361	0.0696325	0.0348837	0.066336	
Pie-bleue ibérique	0.0640953	0.0529287	0.0697279	0.0505217	0.0407204	0.0466005	0.0526316	0.0562712	0.0577406	0.0522923	0.0490134	0.0573175	0.04827	0.0527817	0.0438923	0.04769	0.0586787	0.0714599	0.075543	0.0761559	0.0978503	0.0779589	0.0829732	0.092	0.0868726	0.0927724	0.0894901	0.079063	0.0645161	0.0677966	0.0741024	0.0672	0.0715706	0.0883495	0.0733945	0.0648286	0.0845361	0.0824176	0.076564	0.0715851	0.0676085	0.0460211	0.0558943	0.0666667	0.0656934	0.0464217	0.0411449	0.0595164	
Pie bavarde	0.4690868	0.4961186	0.4872449	0.5074135	0.495693	0.4713522	0.4555556	0.4813559	0.4962343	0.4749284	0.4417568	0.4382881	0.4237505	0.4165478	0.4041408	0.4079732	0.4205991	0.4147304	0.4220963	0.3821396	0.4188288	0.3316797	0.4010372	0.3646667	0.3445946	0.3710895	0.351717	0.3609078	0.3429542	0.3443354	0.302521	0.32	0.4135189	0.4533981	0.4366972	0.4552906	0.4360825	0.4277865	0.4761905	0.4638422	0.4379415	0.4314477	0.4542683	0.4700422	0.4622871	0.4516441	0.4910555	0.4569126	
Crave à bec rouge	0.0357345	0.0381087	0.0365646	0.0351455	0.0360219	0.0466005	0.0421053	0.0535593	0.0661088	0.0830946	0.0782941	0.0683989	0.0623665	0.0670471	0.0567288	0.0614754	0.0508822	0.0539237	0.0533522	0.0507706	0.0533729	0.0411056	0.0354365	0.0386667	0.034749	0.0280475	0.0437045	0.0300146	0.0288625	0.0205174	0.0282659	0.04	0.0457256	0.0262136	0.0284404	0.0506706	0.056701	0.0478807	0.0774977	0.0664719	0.0585267	0.0479386	0.0447154	0.0438819	0.0405515	0.0319149	0.0411449	0.0409175	
Choucas des tours	0.1145774	0.1284404	0.1215986	0.1576057	0.1660141	0.1558442	0.1497076	0.1755932	0.1690377	0.1618911	0.1502228	0.1474971	0.1362666	0.147884	0.1341615	0.1318927	0.1423882	0.1455502	0.1822474	0.1287398	0.1275019	0.1254429	0.159032	0.11	0.0714286	0.0852211	0.074922	0.0549048	0.0526316	0.0481713	0.0611154	0.0677333	0.0874751	0.1116505	0.1275229	0.14307	0.1381443	0.1326531	0.1605976	0.1278305	0.1079717	0.1495686	0.1128049	0.1383966	0.1167883	0.1170213	0.1296959	0.1053937	
Corneille noire	0.1610891	0.1446718	0.1241497	0.1372872	0.1393892	0.1382735	0.1461988	0.1355932	0.1573222	0.1432665	0.1725016	0.1410011	0.132422	0.1345697	0.1233954	0.133383	0.1231022	0.1284524	0.1288952	0.1133273	0.1148999	0.1162296	0.1166811	0.1353333	0.1225869	0.1154261	0.1290323	0.125183	0.1400679	0.1382694	0.1512605	0.1712	0.1411531	0.1417476	0.1422018	0.1497765	0.1268041	0.1436421	0.1577965	0.1592403	0.1594349	0.1457335	0.148374	0.1510549	0.1557178	0.1653772	0.1413238	0.16677	
corneille sp.	0.0	7.057E-4	0.002551	0.0	0.0	0.0015279	0.0011696	6.78E-4	0.0	0.0	0.0012731	3.821E-4	0.0012815	9.51E-4	0.0016563	7.452E-4	4.103E-4	8.768E-4	0.0	9.066E-4	0.0	0.0	0.0	6.667E-4	0.0	0.0	0.0	7.321E-4	0.0016978	0.0	0.0	0.0	0.0	9.709E-4	9.174E-4	0.0	0.0	0.0015699	0.0	0.0014609	0.0010091	9.588E-4	0.0	0.0	0.0	9.671E-4	0.0	0.0	
Grand Corbeau	0.0969938	0.1150318	0.1181973	0.092257	0.1096319	0.0939649	0.0976608	0.099661	0.1029289	0.1081662	0.1285805	0.1039358	0.1238787	0.1126961	0.1093168	0.1084203	0.1029955	0.1166155	0.1170916	0.0924751	0.1000741	0.1091425	0.1123596	0.1	0.0916988	0.0744337	0.0874089	0.0812592	0.089983	0.0847458	0.0993125	0.1269333	0.1133201	0.1009709	0.0853211	0.1050671	0.1082474	0.1028257	0.1195145	0.1490139	0.1261352	0.1160115	0.0965447	0.107173	0.1289538	0.1005803	0.1162791	0.1184129	
corneille ou corbeau sp.	0.0011344	0.0015	8.503E-4	0.0	7.831E-4	0.0	5.848E-4	0.0020339	0.0	0.002149	0.0012731	0.0015	8.543E-4	0.0014265	0.0016563	7.452E-4	4.103E-4	8.768E-4	0.0014164	0.0013599	0.0	7.087E-4	0.0017286	0.0	9.653E-4	0.0015	0.0	0.0014641	0.0	0.0	7.639E-4	0.0021333	0.0019881	0.0	0.0018349	7.452E-4	0.0010309	0.0015699	0.0	0.0021914	0.0	0.0	0.0	8.439E-4	0.0072993	0.0	0.0	6.2E-4	
Mésange noire	0.0572887	0.0494001	0.042517	0.0472268	0.0595145	0.0496562	0.0766082	0.0508475	0.0468619	0.036533	0.0585614	0.0546427	0.0580948	0.0584879	0.06294	0.0584948	0.0537546	0.0517317	0.0434372	0.0548504	0.0593032	0.112686	0.0743302	0.0813333	0.0588803	0.0593312	0.0530697	0.0475842	0.082343	0.0892061	0.0741024	0.0832	0.0337972	0.0378641	0.0366972	0.0387481	0.0536082	0.0675039	0.0532213	0.0474799	0.0585267	0.0699904	0.0436992	0.0506329	0.0502839	0.0609284	0.0402504	0.0719157	
Mésange huppée	0.0629609	0.0437544	0.042517	0.0521691	0.0555991	0.0420168	0.0567251	0.0454237	0.0317992	0.030086	0.0420115	0.0435613	0.0341734	0.0290062	0.0335404	0.0316692	0.0274928	0.0267427	0.0387158	0.0353581	0.0504077	0.0574061	0.0535869	0.0773333	0.0627413	0.0420712	0.049948	0.0431918	0.0636672	0.0606601	0.0825057	0.0949333	0.0417495	0.038835	0.040367	0.0320417	0.057732	0.0486656	0.0625584	0.06355	0.0443996	0.0690316	0.054878	0.07173	0.0608273	0.0580271	0.0536673	0.0588965	
Mésange bleue	0.279637	0.2498236	0.2568027	0.2575508	0.2693814	0.2788388	0.2695906	0.2738983	0.2644351	0.2449857	0.2520687	0.2350019	0.2426314	0.2301474	0.226501	0.1907601	0.1821912	0.1683472	0.1751653	0.1722575	0.1986657	0.1977321	0.1737252	0.2073333	0.1978764	0.184466	0.1831426	0.1837482	0.1935484	0.2185549	0.2223071	0.2538667	0.2425447	0.2427184	0.2449541	0.2309985	0.2824742	0.2817896	0.2530345	0.2783053	0.2421796	0.2444871	0.2489837	0.2759494	0.2781833	0.2669246	0.2173524	0.2696838	
Mésange charbonnière	0.3380601	0.3274524	0.3358844	0.3437672	0.3516053	0.3575248	0.3777778	0.3857627	0.3698745	0.3624642	0.3991088	0.3668323	0.3793251	0.3775559	0.3449275	0.3297317	0.3093968	0.2897852	0.2823418	0.2633726	0.2638992	0.2523033	0.2108902	0.236	0.2181467	0.2524272	0.2403746	0.2437775	0.2699491	0.2765388	0.3009931	0.3226667	0.333996	0.3106796	0.3155963	0.3219076	0.3618557	0.3940345	0.3417367	0.3988313	0.3440969	0.3652924	0.3414634	0.3308017	0.3373885	0.3423598	0.322898	0.3589585	
paridé sp.	0.0	0.0	0.0	0.0	0.0	0.0	0.0	0.0	0.0	7.163E-4	0.0	0.0	0.0	0.0	0.0	0.0	0.0	0.0	0.0	0.0	0.0	0.0	0.0	0.0	9.653E-4	0.0	0.0	7.321E-4	0.0	0.0	7.639E-4	0.0	9.94E-4	0.0	0.0	0.0	0.0	0.0	0.0	0.0	0.0	0.0	0.0	0.0	0.0	0.0	0.0	0.0	
Rémiz penduline	0.020987	0.0282287	0.0263605	0.0274574	0.0399374	0.0252101	0.0280702	0.0637288	0.0577406	0.0630372	0.0541057	0.0557891	0.0491243	0.0584879	0.0484472	0.052161	0.0594994	0.0420868	0.0509915	0.0480508	0.0585619	0.0382707	0.0544512	0.0393333	0.0482625	0.0409924	0.0385016	0.0402635	0.033107	0.0374665	0.0282659	0.0304	0.0337972	0.0407767	0.0550459	0.0365127	0.0556701	0.0525903	0.0513539	0.055515	0.0353179	0.0450623	0.0355691	0.0320675	0.0251419	0.0309478	0.0339893	0.0241785	
Alouette lulu	0.0391378	0.0479887	0.0697279	0.066447	0.0751762	0.1008403	0.1116959	0.0888136	0.0953975	0.0967049	0.094844	0.0798624	0.1008116	0.1065145	0.1093168	0.1054396	0.0997128	0.1034634	0.1005666	0.1051677	0.1245367	0.1226081	0.1011236	0.102	0.0608108	0.0571737	0.0468262	0.0461201	0.0696095	0.088314	0.0649351	0.0501333	0.05666	0.0679612	0.106422	0.1058122	0.128866	0.1350078	0.1232493	0.1029949	0.0898083	0.093001	0.0833333	0.0540084	0.0502839	0.0415861	0.0277281	0.0371978	
Alouette des champs	0.1179807	0.1298518	0.1164966	0.1202636	0.1237275	0.1100076	0.1140351	0.0983051	0.1138075	0.0945559	0.0630172	0.0470004	0.058522	0.0608654	0.0654244	0.0681818	0.0599097	0.0688295	0.0476865	0.0666364	0.0681987	0.0552799	0.0440795	0.0433333	0.027027	0.021575	0.0218522	0.0248902	0.0135823	0.015165	0.0183346	0.0144	0.0258449	0.0281553	0.0284404	0.0298063	0.0412371	0.0761381	0.1297852	0.1329438	0.1644803	0.1658677	0.1493902	0.1206751	0.1192214	0.1073501	0.1261181	0.1072536	
Cochevis de Thékla	0.0533182	0.0649259	0.0569728	0.0499725	0.0720439	0.0763942	0.0883041	0.080678	0.0845188	0.1002865	0.1094844	0.0970577	0.1110636	0.1126961	0.110559	0.123696	0.1276159	0.1310829	0.1222852	0.1287398	0.1378799	0.1211906	0.1296456	0.0973333	0.0801158	0.0906149	0.0936524	0.0878477	0.0925297	0.0936664	0.0756303	0.0874667	0.111332	0.1174757	0.1201835	0.1154993	0.1030928	0.1271586	0.1111111	0.0883857	0.0756811	0.0699904	0.0924797	0.0810127	0.0567721	0.0628627	0.0706619	0.0644761	
Cochevis huppé	0.2297221	0.2427664	0.2721088	0.2800659	0.3132341	0.3193277	0.3245614	0.3423729	0.3748954	0.3502865	0.3176321	0.3270921	0.3306279	0.3547313	0.352795	0.3815201	0.3881822	0.3722052	0.3739377	0.3572076	0.363232	0.3153792	0.3344857	0.298	0.3069498	0.3128371	0.2965661	0.2891654	0.2682513	0.2595897	0.250573	0.2357333	0.3190855	0.338835	0.3788991	0.3889717	0.371134	0.3406593	0.4005602	0.3279766	0.3501514	0.3211889	0.3170732	0.2666667	0.2570965	0.2601547	0.265653	0.2380657	
Cochevis de Thékla ou C. huppé	0.0141804	0.0127029	0.0178571	0.014827	0.0156617	0.0152788	0.0163743	0.0189831	0.023431	0.0143266	0.0101846	0.0156668	0.0187954	0.0114123	0.0111801	0.0186289	0.0147723	0.0175362	0.0169972	0.0172257	0.0133432	0.0120482	0.0129646	0.0153333	0.011583	0.00863	0.0197711	0.0087848	0.0050934	0.0115968	0.0152788	0.0149333	0.0139165	0.0106796	0.0146789	0.0126677	0.0216495	0.022763	0.0140056	0.0160701	0.0262361	0.0162991	0.0162602	0.0126582	0.0089213	0.0067698	0.0107335	0.0216987	
Alouette calandrelle	0.0	0.0	0.0	0.0	0.0	0.0	0.0	6.78E-4	0.0	0.002149	0.0038192	0.0160489	0.0397266	0.0499287	0.0654244	0.0853204	0.0956094	0.084612	0.0670444	0.0811423	0.0637509	0.0715804	0.0553155	0.0446667	0.027027	0.0280475	0.0530697	0.033675	0.0203735	0.0231936	0.0275019	0.0325333	0.0576541	0.0466019	0.0458716	0.0193741	0.0051546	0.0031397	9.337E-4	0.0014609	0.0010091	0.0	0.0	0.0	0.0	0.0	0.0017889	0.0	
Alouette calandre	0.0476461	0.0599859	0.0459184	0.0735859	0.0806578	0.0695187	0.0976608	0.0840678	0.1062762	0.1010029	0.0872056	0.0821551	0.0850064	0.1065145	0.0869565	0.1222057	0.1005334	0.1039018	0.0934844	0.0947416	0.0896961	0.0744153	0.059637	0.0386667	0.0318533	0.0204962	0.0332986	0.0204978	0.0118846	0.0187333	0.0122231	0.0154667	0.0298211	0.0320388	0.0513761	0.0491803	0.028866	0.0463108	0.0429505	0.0379839	0.0423814	0.0316395	0.046748	0.043038	0.0446067	0.0415861	0.0465116	0.0489771	
Sirli de Dupont	0.0	0.0	0.0	5.491E-4	0.0	0.0015	5.848E-4	0.0020339	8.368E-4	0.004298	0.0025461	0.0022927	0.0029902	0.0057061	0.0033126	0.0029806	0.002462	0.002192	0.0037771	9.066E-4	0.005189	0.0014174	0.0017286	6.667E-4	0.0015	0.0	0.0	0.0	0.0	0.0	0.0	0.0	0.0	0.0015	0.0	7.452E-4	0.0	0.0	0.0	7.305E-4	0.0	0.0	0.0	0.0	0.0	0.0	0.0	0.0	
Alouette pispolette	0.0017016	0.0	0.0	0.003844	0.0015662	0.0038197	0.002924	0.0013559	0.0033473	7.163E-4	0.0019096	3.821E-4	4.272E-4	0.001902	0.0016563	0.002608	0.0032827	0.0030688	0.0023607	0.0013599	7.413E-4	0.0014174	0.0	0.0013333	9.653E-4	0.0010787	0.0	0.0	8.489E-4	0.0	0.0	5.333E-4	0.0	0.0	0.0018349	0.0014903	0.0	7.849E-4	0.0	0.0	0.0	9.588E-4	0.0010163	8.439E-4	0.0024331	0.0	0.0	0.0012399	
alaudidé sp.	0.0051049	0.0035286	0.0	0.0016474	0.0015662	0.0061115	0.005848	0.0020339	0.0058577	0.004298	0.0038192	0.0015285	0.0021358	0.001902	0.0020704	0.0022355	0.0028724	0.0026304	0.0	0.0018132	0.0014826	0.0028349	0.0017286	0.002	0.0028958	0.0	0.0041623	0.0021962	0.0025467	0.0026762	0.0015279	0.0026667	0.0019881	9.709E-4	9.174E-4	0.0014903	0.0041237	0.0031397	0.0037348	0.0021914	0.0040363	9.588E-4	0.0030488	8.439E-4	0.0016221	0.0029014	0.0035778	0.0037198	
Panure à moustaches	0.0073738	0.0134086	0.0093537	0.0126304	0.018794	0.0145149	0.0105263	0.0223729	0.0209205	0.0250716	0.0299173	0.0145204	0.0175139	0.0185449	0.0165631	0.0111773	0.0135412	0.0144673	0.0174693	0.0145059	0.0207561	0.0198441	0.0267934	0.0233333	0.027027	0.02589	0.0301769	0.0278184	0.0127334	0.015165	0.013751	0.0176	0.0159046	0.023301	0.0293578	0.0290611	0.0247423	0.0290424	0.0112045	0.0160701	0.0110999	0.0115053	0.0172764	0.0126582	0.0121655	0.0058027	0.0169946	0.0092994	
Cisticole des joncs	0.0618264	0.0691602	0.0620748	0.0697419	0.0626468	0.0725745	0.105848	0.1586441	0.139749	0.1618911	0.1718651	0.2101643	0.226399	0.2339515	0.2376812	0.2637854	0.2913418	0.2560281	0.2658168	0.2398005	0.2631579	0.2175762	0.2324978	0.1933333	0.1776062	0.1941748	0.1644121	0.1420205	0.1264856	0.1195361	0.1222307	0.1050667	0.1371769	0.1436893	0.1321101	0.1400894	0.1164948	0.0894819	0.1363212	0.1051863	0.1039354	0.0939597	0.0904472	0.0886076	0.0948905	0.0841393	0.0697674	0.0843149	
Hypolaïs obscure	0.0	0.0	0.0	0.0	0.0	0.0	0.0	0.0	0.0	0.0	0.0	0.0	0.0	0.0	0.0	0.0	0.0	0.0	0.0	4.533E-4	0.0	0.0	8.643E-4	6.667E-4	0.0	0.0	0.0	0.0	0.0	0.0	0.0	0.0	0.0	0.0	0.0	7.452E-4	0.0	0.0	0.0	0.0	0.0	0.0	0.0	0.0	0.0	0.0	0.0	0.0	
Hypolaïs polyglotte	0.0	0.0	0.0	0.0	0.0	0.0	0.0	0.0	0.0	0.0	0.0	7.642E-4	8.543E-4	0.0095102	0.0389234	0.076006	0.1042265	0.1341517	0.1487252	0.1350861	0.120089	0.1233168	0.1218669	0.1493333	0.1071429	0.1218986	0.1144641	0.1054173	0.1052632	0.103479	0.0809778	0.0576	0.0427435	0.0281553	0.0192661	0.0089419	0.0010309	0.0	0.0	0.0	0.0	0.0	0.0	0.0	0.0	9.671E-4	0.0	0.0	
Phragmite aquatique	0.0	0.0	0.0	0.0	0.0	0.0	0.0	0.0	0.0	0.0	0.0	0.0	0.0	0.0	0.0	0.0	0.0	0.0	0.0	0.0	0.0	0.0	0.0	0.0	0.0	0.0	0.0	0.0	0.0	0.0	0.0015279	5.333E-4	0.0	0.0	0.0	0.0	0.0	0.0	0.0	0.0	0.0	0.0	0.0	0.0	0.0	0.0	0.0	0.0	
Lusciniole à moustaches	0.0028361	0.0035286	0.0034014	0.0027457	0.0039154	0.0045837	0.0011696	0.0067797	0.0058577	0.006447	0.0025461	0.0045854	0.0068347	0.0066572	0.0062112	0.0048435	0.0069758	0.0092065	0.0084986	0.0036265	0.0059303	0.0028349	8.643E-4	0.0033333	0.0057915	0.0053937	0.0020812	7.321E-4	0.0	0.0044603	0.0015279	0.0021333	0.0029821	0.0058252	0.0055046	7.452E-4	0.0041237	0.0039246	0.0018674	0.0043828	0.0	0.0028763	0.0060976	0.0050633	0.0024331	0.0038685	0.0053667	0.0024799	
Phragmite des joncs	0.0	0.0	0.0	0.0	0.0	0.0	0.0	0.0	0.0025105	0.006447	0.0108211	0.0156668	0.0320376	0.0304327	0.0207039	0.0115499	0.0049241	0.0026304	0.0023607	0.0	7.413E-4	0.0	0.0	0.0	0.0	0.0	0.0104058	0.0139092	0.0203735	0.0187333	0.0221543	0.0138667	0.0149105	0.0116505	0.0174312	0.0037258	0.0051546	0.0047096	0.0028011	7.305E-4	0.0	0.0	0.0	0.0	8.11E-4	0.0	0.0	0.0	
Rousserolle effarvatte	0.0	0.0	0.0	0.0	0.0	0.0	0.0	0.0	0.0033473	0.0078797	0.0070019	0.0416507	0.1008116	0.1436044	0.1407867	0.1747392	0.2129668	0.185445	0.2115203	0.180417	0.1838399	0.1445783	0.1711322	0.1426667	0.1544402	0.1423948	0.1311134	0.1303075	0.1332767	0.1338091	0.1673033	0.136	0.1560636	0.1679612	0.1504587	0.1348733	0.1206186	0.0832025	0.0616246	0.0321402	0.0050454	0.0028763	0.0	0.0	0.0	0.0	0.0	0.0	
Rousserolle turdoïde	0.0	0.0	0.0	0.0	0.0	0.0	0.0	0.0	0.0	0.0	0.0	0.0038212	0.0277659	0.0703757	0.0993789	0.123696	0.1739844	0.1587023	0.1931067	0.1622847	0.1756857	0.1339476	0.1486603	0.1226667	0.0897683	0.0636462	0.0395421	0.0373353	0.0220713	0.0187333	0.0114591	0.008	0.0049702	0.0097087	0.006422	0.0014903	0.0015	0.0	0.0	0.0	0.0	0.0	0.0	0.0	0.0	0.0	0.0	0.0	
Acrocephalus sp.	0.0	0.0	0.0	0.0	0.0	7.639E-4	0.0	0.0	0.0	0.0	6.365E-4	0.0	8.543E-4	0.0014265	0.0024845	0.0	4.103E-4	4.384E-4	9.443E-4	9.066E-4	7.413E-4	7.087E-4	8.643E-4	6.667E-4	0.0	0.0	0.0010406	0.0014641	0.0	8.921E-4	7.639E-4	0.0	9.94E-4	9.709E-4	0.0	0.0	0.0	0.0	0.0	0.0	0.0	0.0	0.0	0.0	0.0	0.0	0.0	0.0	
Iduna, Hippolais ou Acrocephalus sp.	0.0	0.0	0.0	0.0	0.0	0.0	0.0	0.0	0.0	0.0	0.0	0.0	0.0	0.0	0.0	0.0	0.0	0.0	0.0	0.0	0.0	0.0	0.0	0.0	0.0	0.0010787	0.0	0.0	0.0	0.0	0.0	0.0	0.0	0.0	0.0	0.0	0.0	0.0	0.0	0.0	0.0	0.0	0.0	0.0	0.0	0.0	0.0	0.0	
Locustelle luscinioïde	0.0	0.0	0.0	0.0	0.0	0.0	0.0	6.78E-4	8.368E-4	0.0014327	0.0229153	0.0397402	0.0640752	0.0727532	0.0703934	0.0737705	0.074682	0.0482245	0.0632672	0.0489574	0.0615271	0.0538625	0.0751945	0.0466667	0.0366795	0.0204962	0.0156087	0.0087848	0.0076401	0.0062444	0.0099312	0.0037333	0.0029821	0.0038835	9.174E-4	7.452E-4	0.0	0.0	0.0	0.0	0.0	0.0	0.0	0.0	0.0	0.0	0.0	0.0	
Locustelle tachetée	0.0	0.0	0.0	0.0	0.0	0.0	0.0	0.0	0.0	0.0	0.0	7.642E-4	0.0017087	9.51E-4	0.0015	3.726E-4	0.0020517	0.0	0.0	0.0	0.0	0.0	0.0	0.0	0.0	0.0	0.0	0.0	8.489E-4	8.921E-4	0.0061115	0.0085333	0.0099404	0.0135922	0.0027523	0.0089419	0.0072165	0.0031397	9.337E-4	0.0	0.0	0.0	0.0	0.0	0.0	0.0	0.0	0.0	
locustelle sp.	0.0	0.0	0.0	0.0	0.0	0.0	0.0	0.0	0.0	0.0	0.0	0.0	0.0	0.0	0.0	7.452E-4	4.103E-4	0.0	0.0	4.533E-4	0.0	0.0	0.0	0.0	0.0	0.0	0.0	0.0	0.0	0.0	0.0	0.0	0.0	0.0	0.0	0.0	0.0	0.0	0.0	0.0	0.0	0.0	0.0	0.0	0.0	0.0	0.0	0.0	
Hirondelle de rivage	0.0	0.0	0.0	5.491E-4	0.0015	0.0022918	0.0023392	0.0108475	0.032636	0.032235	0.0496499	0.0932365	0.0777446	0.0803614	0.0741201	0.0864382	0.092737	0.0723367	0.0750708	0.0543971	0.0630096	0.0559887	0.0613656	0.0673333	0.0830116	0.0722762	0.1009365	0.0915081	0.1018676	0.0963426	0.0825057	0.1013333	0.1322068	0.1601942	0.112844	0.0797317	0.0164948	0.0070644	0.0046685	0.0014609	0.0010091	9.588E-4	0.0	0.0	0.0	0.0	0.0	0.0	
Hirondelle de rochers	0.0300624	0.0197601	0.0187075	0.0247117	0.0250587	0.0351413	0.0461988	0.0528814	0.0476987	0.0573066	0.0719287	0.0630493	0.0674925	0.0608654	0.0596273	0.0581222	0.0488305	0.0556773	0.0557129	0.0679964	0.0667161	0.070163	0.0812446	0.0953333	0.0839768	0.0733549	0.0770031	0.0732064	0.0865874	0.0767172	0.092437	0.0986667	0.0815109	0.0495146	0.0431193	0.0394933	0.0597938	0.0651491	0.0485528	0.0504018	0.0363269	0.0287632	0.0284553	0.0194093	0.0348743	0.0280464	0.0232558	0.0204588	
Hirondelle rustique	0.0034033	0.0028229	0.002551	0.0060406	0.0219264	0.0702827	0.1064327	0.2169492	0.2887029	0.3151862	0.3711012	0.5189148	0.539513	0.5287684	0.5171843	0.5461997	0.5510874	0.5072337	0.5207743	0.4728015	0.5159377	0.476258	0.5194468	0.5006667	0.5878378	0.587918	0.6191467	0.6237189	0.6154499	0.6413916	0.5897632	0.5157333	0.5109344	0.4368932	0.3844037	0.2935917	0.2350515	0.1389325	0.0896359	0.0248356	0.0090817	9.588E-4	0.0030488	8.439E-4	8.11E-4	0.0019342	0.0053667	0.0024799	
Hirondelle de fenêtre	5.672E-4	0.0021171	0.0017007	0.0186711	0.0313234	0.0580596	0.0695906	0.0766102	0.1171548	0.1325215	0.1406747	0.2136034	0.2268261	0.2244413	0.2078675	0.2283905	0.2482561	0.2792635	0.2705382	0.2466002	0.2779837	0.2579731	0.2947277	0.34	0.3416988	0.4217907	0.4203954	0.4326501	0.4524618	0.4281891	0.4056532	0.3658667	0.3161034	0.2669903	0.233945	0.1676602	0.0876289	0.022763	0.0102708	0.0014609	0.0010091	0.0	0.0010163	0.0	0.0	0.0	0.0	0.0	
Hirondelle rousseline	0.0	0.0	0.0	0.0	0.0015	7.639E-4	0.002924	0.0074576	0.0309623	0.0351003	0.0356461	0.0573175	0.0696284	0.0689491	0.0774327	0.1013413	0.095199	0.0859272	0.0991501	0.1083409	0.1097109	0.1105599	0.099395	0.1186667	0.1196911	0.1380798	0.1248699	0.1508053	0.1468591	0.1516503	0.145149	0.1381333	0.1491054	0.1436893	0.1412844	0.0901639	0.043299	0.0156986	0.0084034	0.0073046	0.0030272	0.0	0.0010163	8.439E-4	0.0	0.0	0.0	0.0	
hirondelle sp.	0.0	7.057E-4	0.0	5.491E-4	0.0	0.0	0.0	0.0013559	0.0	7.163E-4	0.0025461	0.0011464	0.002563	0.0014265	8.282E-4	7.452E-4	8.207E-4	0.002192	0.0014164	0.0018132	0.0029652	7.087E-4	8.643E-4	0.0033333	0.0019305	0.0010787	0.0015	0.0015	8.489E-4	0.0035682	0.0	0.0015	0.0	0.0019417	0.0045872	0.0022355	0.0	7.849E-4	0.0018674	0.0	0.0010091	0.0	0.0	0.0	0.0	0.0	0.0	0.0	
Pouillot siffleur	0.0	0.0	0.0	0.0	0.0	0.0	0.0	0.0	0.0	0.0	0.0	0.0	0.0	0.0066572	0.0037267	0.0014903	4.103E-4	0.0	0.0	0.0	0.0	0.0	0.0	0.0	0.0	0.0	0.0	0.0	0.0	0.0	0.0	0.0	9.94E-4	9.709E-4	0.0	0.0	0.0	0.0	0.0	0.0	0.0	0.0	0.0	0.0	0.0	0.0	0.0	0.0	
Pouillot de Bonelli	0.0	0.0	0.0	0.0	0.0	0.0	0.0	0.0	0.0	0.0014327	0.0012731	0.012992	0.0546775	0.08369	0.1109731	0.1009687	0.1001231	0.0885577	0.0958451	0.1124207	0.1119348	0.172927	0.1287813	0.148	0.1158301	0.1024811	0.1279917	0.1090776	0.1213922	0.1204282	0.092437	0.0752	0.0417495	0.0242718	0.0174312	0.0022355	0.0	0.0	0.0	0.0	0.0	0.0	0.0	0.0	0.0	0.0	0.0	0.0	
Pouillot à grands sourcils	0.0	0.0	0.0	0.0	0.0	0.0	0.0	0.0	0.0	0.0	0.0	0.0	0.0	4.755E-4	8.282E-4	0.0	0.0	0.0	0.0	0.0	0.0	0.0	0.0	0.0	0.0	0.0	0.0	0.0	0.0	0.0	0.0	0.0	0.0	0.0	0.0	0.0	0.0	7.849E-4	0.0028011	0.0116874	0.0010091	0.0019175	0.0020325	0.0126582	0.0040552	9.671E-4	0.0	0.0	
Pouillot fitis	0.0	0.0	0.0	0.0	0.0	0.0	0.0	6.78E-4	0.0033473	0.0057307	0.0133673	0.0385938	0.053396	0.0599144	0.0546584	0.0409836	0.0209274	0.0105217	0.0037771	0.0022665	7.413E-4	0.0	8.643E-4	0.0	0.0	0.0010787	0.0015	0.0036603	0.0220713	0.0526316	0.1275783	0.2074667	0.2564612	0.2854369	0.2587156	0.1780924	0.1628866	0.0871272	0.0308123	0.0131483	0.0010091	0.0	0.0	8.439E-4	0.0	0.0	0.0	0.0	
Pouillot véloce	0.3794668	0.398024	0.3639456	0.3701263	0.3680501	0.3773873	0.3538012	0.3905085	0.3941423	0.3603152	0.298536	0.2262132	0.134985	0.0485021	0.0401656	0.0190015	0.0065654	0.0078913	0.0136922	0.0104261	0.0044477	0.0092133	0.0051858	0.0073333	0.0067568	0.0032362	0.0072841	0.0073206	0.0059423	0.0089206	0.0084034	0.0128	0.0129225	0.0398058	0.0697248	0.0625931	0.1917526	0.3296703	0.4715219	0.541271	0.5085772	0.4908917	0.453252	0.4793249	0.4387672	0.4061896	0.40161	0.4209547	
Pouillot fitis ou P. véloce	5.672E-4	0.0	0.0	0.0	0.0	0.0	0.0	6.78E-4	8.368E-4	0.0014327	0.0	0.0019106	0.0034173	0.0014265	0.0016563	0.0011177	0.001231	8.768E-4	0.0	0.0015	0.0	0.0	0.0	6.667E-4	0.0	0.0	0.0	0.0	8.489E-4	0.0	0.0030558	0.0053333	0.0029821	0.0019417	0.0036697	0.0044709	0.0123711	0.0023548	0.0046685	0.0014609	0.0	0.0015	0.0	8.439E-4	8.11E-4	0.0	0.0	0.0	
Pouillot ibérique	0.0	0.0	0.0	0.0	0.0	0.0	0.0	0.0	0.0016736	0.0028653	0.008275	0.0068781	0.0072619	0.0028531	0.0024845	0.0022355	0.0020517	4.384E-4	0.0	0.0013599	0.0	0.0	0.0017286	0.0	0.0	0.0	0.0010406	0.0014641	0.0059423	0.0071365	0.026738	0.024	0.0228628	0.0116505	0.0100917	0.0059613	0.0072165	0.0015699	0.0018674	0.0	0.0	0.0	0.0	0.0	0.0	0.0	0.0	0.0	
Pouillot fitis, P. véloce ou P. ibérique	0.0	0.0	0.0	0.0	0.0	0.0	0.0	0.0	8.368E-4	0.0	6.365E-4	0.0022927	0.0012815	0.0	0.0020704	0.0	0.0	0.0	0.0	0.0	0.0	0.0	0.0	0.0	0.0	0.0	0.0	0.0	8.489E-4	0.0017841	7.639E-4	0.0021333	0.0019881	0.0019417	9.174E-4	0.0	0.0030928	0.0023548	0.0	0.0	0.0	0.0	0.0	0.0015	0.0	0.0	0.0	0.0	
Pouillot véloce ou P. ibérique	0.0	0.0	0.0	0.0	0.0	0.0	0.0011696	6.78E-4	0.0025105	0.0035817	0.0025461	0.006496	0.0021358	0.001902	0.0024845	0.0015	0.001231	4.384E-4	0.0018886	0.0013599	7.413E-4	0.0021262	8.643E-4	6.667E-4	0.0	0.0	0.0010406	7.321E-4	0.0025467	0.0035682	0.0045837	0.0069333	0.0029821	0.0019417	0.0018349	0.0014903	0.0041237	0.0023548	0.0018674	7.305E-4	0.0010091	0.0019175	0.0	8.439E-4	0.0	9.671E-4	0.0	0.0	
pouillot sp.	0.0	0.0014114	8.503E-4	5.491E-4	0.0031323	0.0015279	0.0040936	0.0027119	0.0	0.0035817	0.0057288	0.0038212	0.0064075	0.0061816	0.0049689	0.0029806	0.002462	0.002192	0.0014164	0.0013599	0.0029652	0.0014174	0.0034572	6.667E-4	9.653E-4	0.0021575	0.0052029	0.0058565	0.0050934	0.0107047	0.012987	0.0128	0.0228628	0.0097087	0.0100917	0.0059613	0.0113402	0.0133438	0.0093371	0.0029218	0.0040363	0.0028763	0.0	0.0	0.0016221	0.0029014	0.0	0.0012399	
Bouscarle de Cetti	0.1996597	0.2110092	0.1777211	0.2114223	0.2458888	0.2605042	0.225731	0.2813559	0.3179916	0.2872493	0.2718014	0.2724494	0.2964545	0.3052782	0.2902692	0.2842772	0.2876487	0.2709338	0.2691218	0.2697189	0.2594514	0.2246634	0.2316335	0.188	0.1534749	0.1693635	0.1581686	0.1691069	0.1918506	0.1819804	0.2131398	0.2592	0.3190855	0.3194175	0.3311927	0.3263785	0.3556701	0.3210361	0.2838469	0.3272462	0.2734612	0.2387344	0.2357724	0.2270042	0.214923	0.196325	0.2316637	0.2176069	
Orite à longue queue	0.1497448	0.136909	0.127551	0.1241076	0.1362569	0.1329259	0.1561404	0.1586441	0.1548117	0.1232092	0.1381286	0.1108139	0.1033746	0.1093676	0.0968944	0.0782414	0.0902749	0.0736519	0.0864023	0.099728	0.0993328	0.0914245	0.0976664	0.104	0.0994208	0.0895361	0.1207076	0.1259151	0.1256367	0.1248885	0.1420932	0.1578667	0.1361829	0.1271845	0.1284404	0.1304024	0.1649485	0.1852433	0.1643324	0.182615	0.1786075	0.1706616	0.1646341	0.1881857	0.1759935	0.1402321	0.1243292	0.16677	
Fauvette à tête noire	0.1247873	0.0980946	0.0952381	0.0906096	0.0814409	0.0741024	0.0935673	0.1233898	0.1179916	0.1189112	0.1648631	0.1872373	0.1917984	0.1688065	0.1548654	0.1248137	0.114485	0.1122315	0.131728	0.1409791	0.1541883	0.1445783	0.1443388	0.1906667	0.1486486	0.1553398	0.1248699	0.0849195	0.0780985	0.0811775	0.0901451	0.1018667	0.0884692	0.0815534	0.1247706	0.1512668	0.2247423	0.2252747	0.2175537	0.2074507	0.1735621	0.1342282	0.1443089	0.1147679	0.1370641	0.1218569	0.1046512	0.100434	
Fauvette des jardins	0.0	0.0	0.0	0.0	0.0	0.0	0.0	0.0	0.0	0.0	0.0	0.0	8.543E-4	0.0052306	0.0066253	0.0216095	0.0160033	0.016221	0.0146364	0.0158658	0.017791	0.0191354	0.011236	0.016	0.0164093	0.0151025	0.0072841	0.0080527	0.008489	0.015165	0.0359053	0.0378667	0.0447316	0.0621359	0.0302752	0.0283159	0.0226804	0.0086342	0.0028011	0.0	0.0	0.0	0.0	0.0	0.0	0.0	0.0	0.0	
Fauvette babillarde	0.0	0.0	0.0	0.0	0.0	0.0	0.0	0.0	0.0	0.0	0.0	0.0	0.0	0.0	0.0	0.0	0.0	0.0	0.0	0.0	0.0	0.0	0.0	0.0	0.0	0.0	0.0	0.0	0.0	0.0	0.0	0.0	9.94E-4	0.0	0.0	0.0	0.0	0.0	0.0	0.0	0.0	0.0	0.0	0.0	0.0	0.0	0.0	0.0	
Fauvette orphée	0.0	0.0	0.0	0.0	0.0	0.0	0.0	0.0	0.0	0.0	0.0	0.0011464	0.0029902	0.0152164	0.0335404	0.0342772	0.0512926	0.0543621	0.0694051	0.0562103	0.0704225	0.0836286	0.0544512	0.066	0.0279923	0.0204962	0.0228928	0.0248902	0.0237691	0.044603	0.0473644	0.0490667	0.0347913	0.0106796	0.0036697	0.0014903	0.0020619	0.0	0.0	7.305E-4	0.0	0.0	0.0	0.0	0.0	0.0	0.0	0.0	
Fauvette mélanocéphale	0.1922859	0.1799577	0.1709184	0.1416804	0.1417384	0.1596639	0.1865497	0.1932203	0.18159	0.1740688	0.1718651	0.1708063	0.1606151	0.1616738	0.1349896	0.1363636	0.1423882	0.1367821	0.1298395	0.1278332	0.1467754	0.1325301	0.1417459	0.1506667	0.1467181	0.1639698	0.1592092	0.1669107	0.1740238	0.1882248	0.1825821	0.1946667	0.1998012	0.1970874	0.1981651	0.204918	0.2453608	0.2503925	0.2343604	0.2622352	0.2502523	0.2511985	0.2560976	0.2540084	0.2141119	0.2234043	0.226297	0.1909485	
Fauvette passerinette	0.0	0.0	0.0	0.0	0.0	0.0	0.0	0.0	0.0033473	0.0078797	0.0146404	0.0347726	0.0692012	0.0589634	0.0691511	0.0629657	0.0648338	0.0526085	0.0727101	0.0693563	0.0659748	0.080085	0.0726016	0.0846667	0.0550193	0.0485437	0.049948	0.0592972	0.0585739	0.0838537	0.0733384	0.0885333	0.0536779	0.0223301	0.0165138	0.0104322	0.0051546	0.0039246	9.337E-4	0.0	0.0	0.0	0.0	0.0	0.0	0.0	0.0	0.0	
Fauvette passerinette ou F. des Balkans	0.0	0.0	0.0	0.0	0.0	0.0	0.0	0.0	0.0	0.0	0.0	0.0	0.0	0.0	0.0	0.0	0.0	0.0	0.0	0.0	0.0	0.0	0.0	0.0	0.0	0.0	0.0	0.0	0.0	0.0	0.0	0.0	9.94E-4	0.0	0.0	0.0	0.0	0.0	0.0	0.0	0.0	0.0	0.0	0.0	0.0	0.0	0.0	0.0	
Fauvette grisette	0.0	0.0	0.0	0.0	0.0	0.0	0.0	0.0	0.0	0.0	0.0	0.0038212	0.0192226	0.021398	0.0190476	0.0149031	0.0110792	0.0074529	0.0037771	0.0018132	0.0044477	0.0042523	0.0017286	0.0033333	0.0028958	0.0053937	0.0052029	0.0080527	0.0237691	0.044603	0.0641711	0.0789333	0.0994036	0.076699	0.0724771	0.0357675	0.0195876	0.0086342	0.0037348	7.305E-4	0.0	0.0	0.0	0.0	8.11E-4	0.0	0.0	0.0	
Fauvette à lunettes	0.0	0.0	0.0	0.0	0.0	0.0	0.0	6.78E-4	0.0	0.0014327	0.0038192	0.0068781	0.0123879	0.0123633	0.0140787	0.016766	0.018055	0.0170978	0.0179415	0.0140526	0.0148258	0.0170092	0.011236	0.0133333	0.0067568	0.0107875	0.0135276	0.010981	0.008489	0.0133809	0.0152788	0.0144	0.0109344	0.0029126	0.0073394	0.0029806	0.0030928	0.0	9.337E-4	7.305E-4	0.0	0.0	0.0	0.0	0.0	0.0	0.0	0.0	
Fauvette pitchou	0.0703347	0.0642202	0.0663265	0.0549149	0.054816	0.0435447	0.0473684	0.040678	0.0301255	0.0315186	0.0299173	0.0263661	0.0303289	0.0218735	0.0236025	0.0230999	0.0291342	0.0276195	0.01983	0.0335449	0.0437361	0.042523	0.0371651	0.0433333	0.0202703	0.0323625	0.024974	0.0197657	0.0365025	0.0490633	0.0550038	0.0528	0.0387674	0.0320388	0.0284404	0.0327869	0.0463918	0.0533752	0.0980392	0.0986121	0.0807265	0.0891659	0.0945122	0.0869198	0.1005677	0.0880077	0.0813953	0.083695	
Sylvia ou Curruca sp.	0.0017016	7.057E-4	0.0	0.0032949	7.831E-4	0.0015279	0.0	0.0020339	0.0033473	0.0035817	0.0031827	0.0026748	0.002563	0.0052306	0.0028986	0.002608	0.0041034	0.0039456	0.0028329	0.0045331	0.0059303	0.0063785	0.0034572	0.0046667	0.0048263	0.0107875	0.0041623	0.0043924	0.0076401	0.015165	0.0190985	0.0085333	0.0089463	0.0038835	0.0073394	0.014158	0.0092784	0.0094192	0.0084034	0.0058437	0.0080727	0.0	0.0030488	0.0025316	0.0024331	0.0	0.0026834	0.0030998	
Passeriformes sp. (fauvette de l'ancien monde sp.)	0.0	0.0	0.0	0.0	0.0	0.0	0.0	0.0	0.0	0.0	0.0	0.0	0.0	0.0	0.0	0.0	0.0	0.0	0.0	0.0	0.0	0.0	0.0	0.0	0.0	0.0	0.0	0.0	0.0	0.0015	0.0	0.0	0.0	0.0	0.0	0.0	0.0	0.0	0.0	0.0	0.0	0.0	0.0	0.0	0.0	0.0	0.0	0.0	
Roitelet huppé	0.0164492	0.0119972	0.0085034	0.0071389	0.0046985	0.0091673	0.0035088	0.0027119	0.0050209	7.163E-4	0.0012731	7.642E-4	4.272E-4	4.755E-4	4.141E-4	0.0	8.207E-4	0.0	4.721E-4	0.0013599	0.0022239	7.087E-4	0.0	0.0	0.0	0.0	0.0020812	7.321E-4	8.489E-4	8.921E-4	0.0	0.0010667	0.0	0.0	9.174E-4	0.0	0.0	7.849E-4	0.0018674	0.0058437	0.0060545	0.0249281	0.0101626	0.0236287	0.0218978	0.0232108	0.0178891	0.0204588	
Roitelet à triple bandeau	0.0709019	0.0606916	0.0646259	0.0510708	0.0689115	0.0511841	0.0608187	0.0461017	0.0627615	0.0393983	0.0547422	0.0378296	0.0354549	0.0318592	0.0331263	0.0402385	0.0320066	0.0381412	0.0401322	0.0494107	0.0570793	0.1006378	0.0380294	0.06	0.0337838	0.01726	0.024974	0.0190337	0.0288625	0.0321142	0.0320856	0.0432	0.0298211	0.0194175	0.0229358	0.0283159	0.0752577	0.0761381	0.0774977	0.0774288	0.0544904	0.0767018	0.0802846	0.0751055	0.1005677	0.089942	0.0652952	0.0719157	
Roitelet huppé ou R. à triple bandeau	0.0017016	0.0014114	8.503E-4	0.0010983	0.0	0.0015	0.0	6.78E-4	0.0	7.163E-4	0.0	0.0	0.0	0.0015	0.0	0.0	8.207E-4	4.384E-4	0.0	0.0	0.0	0.0	0.0	6.667E-4	9.653E-4	0.0	0.0	0.0	0.0	0.0	0.0	0.0	0.0	0.0	0.0	0.0	0.0	0.0	0.0	7.305E-4	0.0010091	0.0019175	0.0010163	0.0059072	0.0015	0.0029014	0.0017889	0.0024799	
Tichodrome échelette	0.0028361	7.057E-4	0.0034014	0.0027457	0.0015662	0.0015279	0.0	6.78E-4	8.368E-4	0.0	0.0	0.0	0.0015	0.0	0.0	0.0	0.0	0.0	0.0	0.0	0.0	0.0	0.0	0.0	0.0	0.0	0.0	0.0	0.0	0.0	0.0	0.0	0.0	0.0	0.0	0.0	0.0	0.0	0.0028011	0.0021914	0.0040363	9.588E-4	0.0081301	0.0016878	0.0056772	0.0058027	0.0026834	0.0055797	
Sittelle torchepot	0.0890528	0.0649259	0.0663265	0.0724876	0.0493344	0.0618793	0.0631579	0.0718644	0.0669456	0.0723496	0.0782941	0.0661062	0.0670654	0.0817879	0.0757764	0.054769	0.0475995	0.0530469	0.0509915	0.0621034	0.0652335	0.0772502	0.0708729	0.1066667	0.0878378	0.0701187	0.0801249	0.0739385	0.0925297	0.1293488	0.1168831	0.1381333	0.1043738	0.0563107	0.0761468	0.0670641	0.0876289	0.0863422	0.0961718	0.1117604	0.0857719	0.1102589	0.0670732	0.0911392	0.1005677	0.0831721	0.068873	0.1041538	
Grimpereau des jardins	0.1049348	0.084686	0.0705782	0.0900604	0.0814409	0.0802139	0.1076023	0.0969492	0.1004184	0.0967049	0.1171229	0.0909438	0.1038018	0.0965288	0.100207	0.0871833	0.0882232	0.0793512	0.0930123	0.1042611	0.1119348	0.1516655	0.1132239	0.1566667	0.1293436	0.1089536	0.1404787	0.1054173	0.1162988	0.1123996	0.1298701	0.1194667	0.1133201	0.0776699	0.0990826	0.0923994	0.1020619	0.1185243	0.092437	0.1110299	0.0948537	0.1093001	0.078252	0.0953586	0.0884023	0.0754352	0.0742397	0.1103534	
Grimpereau des bois ou G. des jardins	0.0	0.0	0.0	0.0	0.0	0.0	5.848E-4	0.0	0.0	0.0	6.365E-4	0.0	0.0015	0.0	0.0	0.0	4.103E-4	0.0	9.443E-4	0.0	0.0	0.0	0.0	0.0	0.0015	0.0	0.0	0.0	0.0	0.0	0.0	0.0	0.0	0.0	0.0018349	0.0	0.0010309	0.0	0.0	0.0	0.0	0.0	0.0	0.0	0.0	0.0	0.0	0.0	
Troglodyte mignon	0.0777085	0.0663373	0.0493197	0.0582098	0.0509005	0.0687548	0.0701754	0.0752542	0.0878661	0.0744986	0.0910248	0.0833015	0.0952584	0.1036614	0.0886128	0.0868107	0.0763233	0.0819816	0.085458	0.1078876	0.1230541	0.1105599	0.0898876	0.1193333	0.0791506	0.0733549	0.0676379	0.0732064	0.0730051	0.0633363	0.0771581	0.096	0.0656064	0.0514563	0.046789	0.0514158	0.0680412	0.0604396	0.0737628	0.1139518	0.0837538	0.0834132	0.0599593	0.0818565	0.0794809	0.082205	0.0608229	0.0867948	
Cincle plongeur	0.0028361	0.0	0.0	0.0010983	0.0015662	0.0015279	0.0011696	0.0033898	8.368E-4	0.0014327	0.0044558	0.0015285	0.0021358	0.0023776	0.0041408	0.0037258	0.001231	0.0026304	0.0042493	0.0027199	0.0044477	0.0070872	0.0017286	0.0046667	0.0048263	0.0021575	0.0031217	0.0029283	0.0042445	0.0026762	0.0022918	0.0048	0.0039761	0.0029126	0.0036697	0.0022355	0.0082474	0.0015699	0.0028011	0.0043828	0.0030272	0.0019175	0.0015	0.0025316	0.0016221	9.671E-4	0.0	0.0024799	
Étourneau sansonnet	0.0436756	0.052223	0.0629252	0.0488742	0.0712608	0.0466005	0.0397661	0.020339	0.0242678	0.0114613	0.0070019	0.0057318	0.0038445	0.0014265	8.282E-4	0.0	4.103E-4	0.0	0.0	0.0	0.0015	0.0	0.0	0.0	0.0	0.0	0.0	0.0	0.0	0.0	0.0	5.333E-4	0.0059642	0.0038835	0.0073394	0.0052161	0.0216495	0.0204082	0.0438842	0.0504018	0.0403633	0.0604027	0.0487805	0.0649789	0.0486618	0.0560928	0.059034	0.0619963	
Étourneau unicolore	0.4475326	0.4396613	0.4506803	0.4519495	0.4440094	0.4484339	0.4309942	0.4854237	0.4761506	0.4613181	0.4614895	0.4593045	0.4237505	0.490252	0.4703934	0.4977645	0.5281083	0.5295923	0.5155807	0.486854	0.5018532	0.4131821	0.4252377	0.4353333	0.4160232	0.3700108	0.3735692	0.3506589	0.3879457	0.4183764	0.3628724	0.36	0.4284294	0.492233	0.4981651	0.4649776	0.4804124	0.4466248	0.4799253	0.4901388	0.445005	0.4669223	0.4359756	0.4244726	0.4184915	0.417795	0.4320215	0.4147551	
Étourneau sansonnet ou É. unicolore	0.0363018	0.0317572	0.0365646	0.0252608	0.0328896	0.0305577	0.0169591	0.0149153	0.0158996	0.010745	0.0057288	0.0022927	0.002563	0.0014265	0.0024845	7.452E-4	8.207E-4	0.002192	0.0014164	4.533E-4	7.413E-4	0.0014174	8.643E-4	0.0013333	0.0	0.0010787	0.0	0.0036603	8.489E-4	8.921E-4	0.0038197	0.0026667	0.0089463	0.0087379	0.0082569	0.0067064	0.014433	0.0188383	0.0280112	0.0262966	0.0282543	0.0287632	0.0335366	0.0362869	0.0405515	0.0512573	0.049195	0.0322381	
Grive draine	0.1106069	0.0875088	0.0833333	0.0840198	0.0892717	0.0695187	0.1	0.0759322	0.0778243	0.0537249	0.0541057	0.0527321	0.050833	0.0423205	0.0380952	0.0428465	0.0418547	0.045594	0.0462701	0.049864	0.0644922	0.0857548	0.0553155	0.0686667	0.046332	0.0614887	0.0530697	0.0431918	0.0764007	0.0454951	0.0542399	0.0410667	0.0337972	0.0291262	0.0238532	0.0245902	0.0484536	0.0729984	0.0877684	0.100073	0.0756811	0.1016299	0.0711382	0.0936709	0.1094891	0.0909091	0.0840787	0.0936144	
Grive musicienne	0.190017	0.1785462	0.1760204	0.1762768	0.1511355	0.1634836	0.1631579	0.1925424	0.1882845	0.1511461	0.1266709	0.1020252	0.0649295	0.0470756	0.0322981	0.023845	0.0188757	0.0214818	0.02644	0.0335449	0.0318755	0.0311836	0.0293863	0.0433333	0.023166	0.01726	0.0166493	0.0124451	0.0169779	0.0214095	0.0183346	0.0128	0.0069583	0.0087379	0.0027523	0.0044709	0.0247423	0.0910518	0.1690009	0.1957633	0.1866801	0.2262704	0.2235772	0.1966245	0.2051906	0.1972921	0.1788909	0.1853689	
Grive mauvis	0.0442428	0.0359915	0.0331633	0.0252608	0.0140955	0.0229183	0.0292398	0.0216949	0.0133891	0.0050143	0.0025461	0.0011464	0.0	0.0	0.0	0.0	0.0	0.0	0.0	0.0	0.0	0.0	0.0	0.0	0.0	0.0	0.0	0.0	0.0	0.0	0.0	0.0	0.0	0.0	0.0	0.0	0.0	0.0015699	0.0056022	0.0204529	0.0282543	0.0527325	0.0386179	0.0278481	0.0405515	0.0319149	0.0250447	0.0353379	
Merle noir	0.4197391	0.383204	0.3877551	0.3827567	0.3797964	0.3850267	0.4035088	0.44	0.4142259	0.4154728	0.4481222	0.4371418	0.4305852	0.4617214	0.4227743	0.4157973	0.4123923	0.4094695	0.4069877	0.4233908	0.4581171	0.4528703	0.414866	0.44	0.4150579	0.3937433	0.3922997	0.4026354	0.4533107	0.4353256	0.4285714	0.4613333	0.4552684	0.3825243	0.3972477	0.3502235	0.4	0.4270016	0.4229692	0.4433893	0.4127144	0.4276127	0.3831301	0.3907173	0.4225466	0.4071567	0.3756708	0.4184749	
Grive litorne	0.0130459	0.0127029	0.0076531	0.003844	0.0156617	0.0084034	0.0070175	0.0033898	8.368E-4	0.002149	6.365E-4	0.0	4.272E-4	0.0	0.0	0.0	0.0	0.0	0.0	0.0	0.0	0.0	0.0	0.0	0.0	0.0	0.0	0.0	0.0	0.0	0.0	0.0	0.0	0.0	0.0	0.0	0.0	7.849E-4	0.0	0.0	0.0	0.0019175	0.0060976	0.0050633	0.0089213	0.0019342	0.0116279	0.0105394	
Merle à plastron	0.0062394	0.0056457	0.0017007	0.0021966	0.0	0.0	0.0023392	0.0020339	8.368E-4	0.0	0.0012731	0.0030569	0.0068347	9.51E-4	4.141E-4	3.726E-4	0.0	0.0	0.0	0.0	0.0	0.0	0.0	0.0	0.0	0.0	0.0	0.0	0.0	0.0	0.0	0.0	0.0	9.709E-4	0.0	0.0	0.0010309	0.0054945	0.0112045	0.0058437	0.0030272	0.0095877	0.004065	0.0059072	0.0048662	0.0029014	0.0080501	0.0018599	
Turdus sp.	0.0119115	0.00494	0.0093537	0.0087864	0.0086139	0.0076394	0.0093567	0.0094915	0.0075314	0.006447	0.0057288	0.0026748	0.0012815	0.0014265	0.0	0.0	4.103E-4	8.768E-4	9.443E-4	0.0018132	0.0014826	7.087E-4	0.0025929	0.0	9.653E-4	0.0010787	0.0020812	7.321E-4	0.0	0.0	0.0	0.0010667	9.94E-4	0.0029126	0.0	0.0	0.0020619	0.0023548	0.0065359	0.0109569	0.0070636	0.0076702	0.0142276	0.0067511	0.0121655	0.0067698	0.0080501	0.0117793	
Gobemouche gris	0.0	0.0	0.0	0.0	0.0	0.0	0.0	0.0	8.368E-4	0.0	0.0	0.0	8.543E-4	0.0014265	0.0082816	0.0271982	0.037341	0.0609382	0.0448536	0.0326383	0.033358	0.0297661	0.028522	0.0453333	0.0337838	0.0366775	0.0353798	0.0380673	0.0458404	0.0793934	0.1222307	0.1882667	0.2624254	0.2349515	0.2018349	0.1199702	0.0917526	0.0400314	0.0233427	0.0065741	0.0010091	0.0	0.0	0.0	0.0	0.0	8.945E-4	0.0	
Rougegorge familier	0.3896767	0.388144	0.3869048	0.3503569	0.3093187	0.2971734	0.2859649	0.2949153	0.2945607	0.269341	0.257161	0.2277417	0.1764203	0.1436044	0.1180124	0.085693	0.0796061	0.0841736	0.0897073	0.1019946	0.130467	0.1481219	0.1002593	0.134	0.0974903	0.0960086	0.1134235	0.1149341	0.1426146	0.1400535	0.1688312	0.1813333	0.1451292	0.0961165	0.1247706	0.1676602	0.2824742	0.3799058	0.4229692	0.4989043	0.4924319	0.4880153	0.4857724	0.4556962	0.4533658	0.4332689	0.411449	0.4147551	
Rossignol philomèle	0.0	0.0	0.0	0.0	0.0	0.0	0.0	0.0	8.368E-4	0.0014327	0.0025461	0.0305694	0.1524989	0.2734189	0.3271222	0.3766766	0.3894132	0.3849189	0.3621341	0.3535811	0.3380282	0.2898653	0.2687986	0.212	0.1776062	0.1585761	0.1716961	0.1676428	0.1646859	0.1944692	0.1604278	0.1306667	0.0586481	0.0475728	0.0183486	0.0052161	0.0020619	0.0015699	0.0018674	7.305E-4	0.0	0.0	0.0	0.0	0.0	0.0	0.0	0.0	
Gorgebleue à miroir	0.0272263	0.0268172	0.0272109	0.0225151	0.0227095	0.0381971	0.0163743	0.0210169	0.023431	0.023639	0.0222788	0.0061139	0.0072619	4.755E-4	0.0	0.0	0.0	0.0	0.0	0.0	0.0	0.0	0.0	0.0	0.0	0.0	0.0020812	7.321E-4	8.489E-4	0.0	0.0022918	0.0042667	0.0119284	0.0330097	0.0348624	0.0439642	0.0525773	0.0408163	0.0466853	0.0321402	0.0221998	0.029722	0.0223577	0.0227848	0.0218978	0.0212766	0.0169946	0.0278983	
Robin à flancs roux	0.0034033	0.0035286	8.503E-4	0.0016474	0.0015662	0.0	5.848E-4	0.0013559	8.368E-4	0.0	0.0	0.0	0.0	0.0	0.0	0.0	0.0	0.0	0.0	0.0	0.0	0.0	0.0	0.0	0.0	0.0	0.0	0.0	0.0	0.0	0.0	0.0	0.0	0.0	0.0	0.0	0.0	0.0	0.0	0.0	0.0	0.0	0.0	0.0	0.0	0.0	0.0	0.0	
Gobemouche noir	0.0	0.0	0.0	0.0	0.0	0.0	5.848E-4	0.0	0.0016736	0.0	0.0	0.0038212	0.012815	0.0342368	0.0728778	0.0767511	0.0356996	0.0276195	0.009915	0.0013599	0.0022239	7.087E-4	0.0017286	0.0026667	0.0019305	0.0010787	0.0015	0.0021962	0.0093379	0.0303301	0.1061879	0.2410667	0.3797217	0.431068	0.4422018	0.3002981	0.2453608	0.1020408	0.0364146	0.0160701	0.0060545	0.0015	0.0	0.0	8.11E-4	0.0	0.0	0.0	
Ficedula sp.	0.0	0.0	0.0	0.0	0.0	0.0	0.0	0.0	0.0	0.0	0.0	0.0	0.0	0.0	0.0	0.0	0.0	0.0	0.0	0.0	0.0	0.0	0.0	0.0	0.0	0.0	0.0	0.0	0.0	0.0	0.0	0.0	0.0019881	0.0	0.0	0.0	0.0	0.0	0.0	0.0	0.0	0.0	0.0	0.0	0.0	0.0	0.0	0.0	
Rougequeue à front blanc	0.0	0.0	0.0	0.0	0.0	0.0	0.0	0.0	0.0033473	0.002149	0.0076384	0.0313336	0.0388723	0.0290062	0.0269151	0.0149031	0.0069758	0.0061377	0.0051936	0.0036265	0.005189	0.0148831	0.0017286	0.004	0.0048263	0.0010787	0.0010406	7.321E-4	8.489E-4	0.0196253	0.0366692	0.0853333	0.1043738	0.1339806	0.1449541	0.0774963	0.0845361	0.0400314	0.0233427	0.0116874	0.0050454	0.0	0.0	0.0	0.0015	0.0	0.0	0.0	
Rougequeue noir	0.2915485	0.2787579	0.3248299	0.2690829	0.2545027	0.223071	0.2304094	0.2494915	0.2920502	0.269341	0.231063	0.1650745	0.1512174	0.1279125	0.1072464	0.0909091	0.077144	0.0933801	0.0939566	0.0961015	0.1156412	0.1169383	0.1132239	0.1553333	0.1138996	0.1078749	0.10718	0.1237189	0.1298812	0.1418376	0.1069519	0.1210667	0.1153082	0.0805825	0.1321101	0.1073025	0.1257732	0.1695447	0.2782446	0.3476991	0.3864783	0.3969319	0.3821138	0.3679325	0.3584753	0.3056093	0.2853309	0.3031618	
Rougequeue à front blanc ou R. noir	0.0	0.0	0.0	0.0	0.0	0.0	0.0	0.0	0.0	0.0	0.0	0.0	0.0	0.0	0.0	0.0	0.0	0.0	0.0	0.0	0.0	0.0	0.0	0.0	0.0	0.0	0.0	0.0	0.0	8.921E-4	0.0	0.0	0.0	0.0	0.0	0.0	0.0	7.849E-4	0.0	0.0	0.0	0.0	0.0	0.0	0.0	0.0	0.0	0.0	
rougequeue sp.	0.0	0.0	0.0	0.0	0.0	0.0	0.0	0.0	0.0	0.0	0.0	0.0	0.0	0.0	4.141E-4	0.0	0.0	0.0	0.0	0.0	0.0	0.0	0.0	0.0	0.0	0.0	0.0	0.0	0.0	0.0	0.0	0.0	0.0	0.0	0.0	0.0	0.0	0.0	0.0	0.0	0.0	0.0	0.0	0.0	0.0	0.0	0.0	0.0	
Monticole de roche	0.0	0.0	0.0	0.0	0.0	0.0	0.0	0.0	0.0	0.0	6.365E-4	7.642E-4	0.0017087	0.0014265	0.0049689	0.0014903	0.0020517	0.002192	0.0018886	0.0054397	0.005189	0.0070872	0.0043215	0.0026667	9.653E-4	0.0053937	0.0041623	7.321E-4	8.489E-4	0.0017841	7.639E-4	5.333E-4	9.94E-4	0.0019417	0.0	0.0	0.0	0.0015	0.0028011	0.0	0.0	0.0	0.0	0.0	0.0	0.0	0.0	0.0	
Monticole bleu	0.0277935	0.0254058	0.0246599	0.0181219	0.0227095	0.013751	0.0263158	0.0237288	0.0175732	0.02149	0.0292807	0.0340084	0.0380179	0.0318592	0.0248447	0.0268256	0.0242101	0.0311267	0.0339943	0.0358114	0.0429948	0.0361446	0.0406223	0.0393333	0.0328185	0.02589	0.0239334	0.0300146	0.0314092	0.0267618	0.0244461	0.0389333	0.0228628	0.0281553	0.0247706	0.0275708	0.0319588	0.0274725	0.0345472	0.0248356	0.025227	0.0239693	0.027439	0.0202532	0.025953	0.0183752	0.0259392	0.0278983	
monticole sp.	0.0	0.0	0.0	0.0	0.0	0.0	0.0	0.0	0.0	0.0	0.0	0.0	0.0	0.0	0.0	0.0	0.0	0.0	0.0	4.533E-4	0.0	0.0	0.0	0.0	0.0	0.0	0.0	0.0	0.0	0.0	0.0	0.0	0.0	0.0	0.0	0.0	0.0	0.0	0.0	0.0	0.0	0.0	0.0	0.0	0.0	0.0	0.0	0.0	
Tarier des prés	0.0	0.0	0.0	0.0	0.0	0.0	0.0	0.0	0.0	0.0014327	6.365E-4	3.821E-4	0.0093977	0.021398	0.0293996	0.0361401	0.0139516	0.0122753	0.0047214	4.533E-4	0.0	7.087E-4	0.0	0.0	0.0	0.0	0.0	7.321E-4	0.0	8.921E-4	0.0038197	0.0101333	0.0407555	0.1058252	0.1431193	0.0909091	0.0731959	0.0211931	0.0130719	0.0073046	0.0	0.0	0.0	8.439E-4	0.0	0.0	0.0	0.0	
Tarier pâtre	0.2813386	0.2829922	0.2670068	0.2668863	0.2717306	0.2673797	0.2766082	0.2732203	0.2878661	0.2077364	0.1521324	0.1276271	0.1422469	0.1245839	0.1275362	0.1225782	0.1263849	0.1174923	0.1270066	0.118767	0.1223128	0.1162296	0.1184097	0.1393333	0.1138996	0.1272923	0.1217482	0.1083455	0.1154499	0.132917	0.1352177	0.1530667	0.1510934	0.1757282	0.187156	0.1877794	0.2731959	0.2841444	0.3258637	0.3038714	0.3128153	0.3240652	0.2723577	0.2970464	0.3130576	0.2959381	0.3076923	0.2895226	
Tarier des prés ou T. pâtre	0.0	0.0	0.0	0.0	0.0	0.0	0.0	0.0	0.0	0.0	0.0	0.0	0.0	0.0	0.0	0.0	0.0	0.0015	0.0	0.0	0.0	0.0	0.0	0.0	0.0	0.0	0.0	0.0	0.0	0.0	0.0	0.0	0.0	0.0	9.174E-4	7.452E-4	0.0	0.0	0.0	0.0	0.0	0.0	0.0	0.0	0.0	0.0	0.0	0.0	
Traquet motteux	0.0	0.0	0.0	0.0	0.0	0.0	0.0011696	0.0027119	0.009205	0.0272206	0.0197327	0.0435613	0.0704827	0.0779838	0.0712215	0.0562593	0.0369307	0.0293731	0.0217186	0.0285585	0.0355819	0.0382707	0.0242005	0.034	0.030888	0.02589	0.0301769	0.0322108	0.0314092	0.043711	0.0435447	0.0576	0.0984095	0.1446602	0.1642202	0.1497765	0.1061856	0.0910518	0.0616246	0.0284879	0.0090817	0.0067114	0.0010163	0.0	0.0	0.0	0.0	0.0	
Traquet oreillard	0.0	0.0	0.0	0.0	0.0	0.0	0.0	0.0	0.0	7.163E-4	0.0044558	0.0160489	0.0410081	0.0366144	0.0376812	0.0417288	0.0365203	0.0442788	0.0335222	0.032185	0.0252039	0.0233877	0.0259291	0.03	0.0125483	0.0183387	0.0176899	0.0153734	0.0186757	0.0231936	0.0244461	0.0314667	0.0308151	0.0097087	0.0036697	0.0014903	0.0	0.0015699	0.0018674	0.0	0.0	0.0	0.0	0.0	0.0	0.0	0.0	0.0	
Traquet rieur	0.0124787	0.0091743	0.0093537	0.0082372	0.0086139	0.0068755	0.0052632	0.0061017	0.009205	0.0057307	0.0057288	0.0110814	0.010252	0.0090347	0.0070393	0.0093145	0.0114895	0.0070145	0.0061379	0.0099728	0.0111193	0.0070872	0.0069144	0.0073333	0.011583	0.0161812	0.0052029	0.0058565	0.0110357	0.0080285	0.0038197	0.0053333	0.0039761	0.0058252	0.006422	0.0052161	0.0103093	0.0070644	0.0112045	0.0087655	0.0060545	0.0028763	0.0050813	0.0033755	0.0048662	0.0106383	0.0062612	0.0074396	
Oenanthe sp.	0.0	0.0	0.0	0.0	0.0	0.0	0.0	0.0	0.0	7.163E-4	0.0	0.0	4.272E-4	0.0	0.0	0.0	0.0	4.384E-4	0.0	0.0	0.0	0.0	0.0	0.0	0.0	0.0032362	0.0010406	7.321E-4	8.489E-4	8.921E-4	0.0	0.0010667	0.0	0.0019417	0.0	0.0	0.0015	0.0	0.0	0.0	0.0	0.0	0.0	0.0	0.0	0.0015	0.0	0.0	
muscicapidé sp.	0.0	0.0	0.0	0.0	0.0	0.0	0.0	0.0	0.0	0.0	0.0	0.0	0.0	0.0	0.0	0.0	0.0	0.0	0.0	0.0	0.0	0.0	0.0	0.0	0.0	0.0010787	0.0	0.0	0.0	0.0	0.0	0.0	0.0	0.0	0.0	0.0	0.0	0.0	0.0	0.0	0.0	0.0	0.0	0.0	0.0	0.0	0.0	0.0	
Diamant mandarin	0.0	0.0	0.0	0.0	0.0	0.0	0.0	0.0	0.0	0.0	0.0	0.0	0.0	0.0	0.0	0.0	0.0	0.0	0.0	0.0	0.0	0.0	0.0	0.0	0.0	0.0015	0.0	0.0	0.0	0.0	0.0	0.0	0.0	0.0	0.0	0.0	0.0	0.0	0.0	0.0	0.0	0.0	0.0	0.0	0.0	0.0	0.0	0.0	
Astrild ondulé	0.0	0.0	0.0015	0.0	0.0	0.0	0.0	0.0	0.0	0.0	6.365E-4	0.0	0.0	0.0	0.0	0.0	0.0	0.0	0.0	0.0	0.0	0.0	0.0	0.0015	0.0	0.0	0.0	0.0	0.0	0.0	7.639E-4	5.333E-4	9.94E-4	0.0	0.0	0.0	0.0010309	0.0	0.0	0.0	0.0010091	0.0	0.0	8.439E-4	0.0016221	9.671E-4	0.0	0.0	
Bengali rouge	5.672E-4	0.0021171	0.0017007	5.491E-4	7.831E-4	7.639E-4	0.0023392	0.0	8.368E-4	7.163E-4	0.0	3.821E-4	8.543E-4	9.51E-4	4.141E-4	0.0	0.0	0.0	0.0	0.0	7.413E-4	0.0015	0.0	0.0	0.0	0.0	0.0	0.0029283	0.0016978	0.0026762	7.639E-4	0.0010667	0.0019881	0.0	9.174E-4	0.0014903	0.0082474	0.0015699	9.337E-4	0.0029218	0.0010091	0.0019175	0.0	8.439E-4	0.0040552	0.0019342	0.0026834	0.0	
Accenteur alpin	0.0141804	0.0077629	0.0042517	0.003844	0.0039154	0.0030558	5.848E-4	0.0047458	0.0033473	7.163E-4	6.365E-4	0.0	0.0	0.0	0.0	0.0	0.0	0.0	0.0	0.0	0.0	0.0	0.0	0.0	0.0	0.0	0.0	0.0	0.0	0.0	0.0	0.0	0.0	0.0	0.0	0.0	0.0015	0.0	0.0	0.0029218	0.0070636	0.0038351	0.0071138	0.0075949	0.0056772	0.0145068	0.009839	0.0185989	
Accenteur mouchet	0.039705	0.0508116	0.0484694	0.0384404	0.027408	0.0252101	0.0239766	0.0223729	0.0209205	0.0157593	0.0044558	0.0053496	0.002563	0.0028531	0.0057971	0.0018629	0.0020517	0.0017536	0.0018886	0.0054397	0.0044477	0.0092133	0.0043215	0.0026667	0.0019305	0.0021575	0.0052029	0.0036603	0.0101868	0.0035682	0.0045837	0.0010667	0.0019881	0.0019417	9.174E-4	7.452E-4	0.0030928	0.0094192	0.0345472	0.0387144	0.0332997	0.0498562	0.0497967	0.0447257	0.052717	0.0464217	0.0500894	0.0477371	
Moineau domestique	0.3448667	0.2949894	0.3188776	0.291598	0.3014879	0.3055768	0.3204678	0.3674576	0.3539749	0.3681948	0.3793762	0.3981658	0.3938488	0.4227294	0.4169772	0.4154247	0.4435782	0.4506795	0.4542021	0.442883	0.4692365	0.4259391	0.4520311	0.466	0.4826255	0.5059331	0.5098855	0.4568082	0.4617997	0.4228368	0.3216196	0.3376	0.3548708	0.3349515	0.3688073	0.3271237	0.3298969	0.3288854	0.3221289	0.339664	0.3390515	0.3298178	0.3191057	0.3375527	0.2935929	0.270793	0.2826476	0.2920025	
Moineau espagnol	0.1764039	0.194072	0.2117347	0.2086766	0.2067345	0.1894576	0.1701754	0.1932203	0.2133891	0.2084527	0.1814131	0.1715705	0.1819735	0.1716595	0.1445135	0.1330104	0.1247435	0.1148619	0.1336166	0.1264733	0.1460341	0.1282778	0.1564391	0.1573333	0.1515444	0.1499461	0.1456816	0.1310395	0.1196944	0.132025	0.1199389	0.1093333	0.1312127	0.1398058	0.1513761	0.147541	0.171134	0.1530612	0.1820728	0.1658145	0.172553	0.189837	0.1686992	0.1696203	0.2003244	0.2234043	0.2182469	0.2107874	
Hybride Moineau domestique x M. espagnol	0.0	0.0	0.0	0.0	0.0	0.0	0.0	0.0	0.0	0.0	0.0	0.0	0.0	4.755E-4	0.0	3.726E-4	4.103E-4	0.0	0.0	0.0	0.0	0.0	0.0	0.0	0.0	0.0	0.0	0.0	0.0	0.0	0.0	0.0	0.0	0.0	0.0	0.0	0.0	0.0	0.0	0.0	0.0	0.0	0.0	0.0	0.0	0.0	0.0	0.0015	
Moineau domestique ou M. espagnol	0.0045377	0.0035286	0.0076531	0.0060406	0.0015662	0.0122231	0.005848	0.0067797	0.0050209	0.0078797	0.0063654	0.0026748	0.0059804	0.0033286	0.0016563	0.0018629	0.0036931	0.004384	0.0023607	0.011786	0.005189	0.0042523	0.0025929	0.0073333	0.0057915	0.004315	0.0041623	0.0043924	0.0033956	0.0080285	0.0061115	0.0042667	0.0029821	0.0097087	0.0027523	0.0052161	0.0051546	0.0054945	0.0018674	0.0029218	0.0100908	0.0038351	0.0030488	0.0025316	0.0032441	0.0116054	0.0116279	0.0043397	
Moineau friquet	0.0692002	0.0557516	0.0654762	0.0571115	0.0595145	0.0572956	0.0637427	0.0698305	0.0753138	0.0680516	0.0642903	0.0615208	0.0760359	0.0779838	0.0741201	0.0808495	0.0796061	0.080228	0.0930123	0.0761559	0.084507	0.0722892	0.0630942	0.0713333	0.0781853	0.0970874	0.082206	0.0622255	0.0636672	0.0338983	0.0443086	0.024	0.0328032	0.0436893	0.0559633	0.0506706	0.0824742	0.0722135	0.0746965	0.0745069	0.0676085	0.0575264	0.054878	0.0658228	0.05515	0.0580271	0.0483005	0.0446373	
Moineau domestique ou M. friquet	5.672E-4	0.0015	0.0	0.0	0.0	0.0015	0.0	0.0	0.0	0.0	6.365E-4	0.0	0.0	0.0	0.0015	3.726E-4	0.0	4.384E-4	0.0	4.533E-4	0.0	0.0	0.0	0.0	0.0	0.0	0.0	0.0	0.0	0.0	0.0	0.0	0.0	0.0	0.0	0.0	0.0	0.0	0.0	0.0	0.0	0.0	0.0015	0.0	8.11E-4	0.0	0.0	0.0012399	
Passer sp.	0.0	0.0	8.503E-4	5.491E-4	0.0	0.0	0.0	0.0	0.0	0.0	0.0	0.0	0.0	0.0	0.0	0.0	0.0	4.384E-4	0.0	0.0	7.413E-4	0.0015	0.0	6.667E-4	0.0	0.0	0.0	7.321E-4	8.489E-4	8.921E-4	0.0	5.333E-4	9.94E-4	0.0	0.0	0.0	0.0010309	0.0	0.0	0.0	0.0	0.0	0.0	0.0	8.11E-4	0.0	0.0	0.0	
Moineau soulcie	0.0567215	0.052223	0.0612245	0.0455794	0.0438528	0.0412529	0.0608187	0.0549153	0.0828452	0.0608883	0.0738383	0.0714559	0.0867151	0.0936757	0.0910973	0.1020864	0.0988921	0.1153003	0.1303116	0.1527652	0.1793921	0.1693834	0.1642178	0.186	0.1351351	0.1175836	0.1207076	0.0944363	0.0755518	0.0785013	0.0618793	0.0490667	0.0626243	0.0485437	0.0522936	0.0558867	0.0659794	0.05573	0.0737628	0.0818115	0.0696266	0.0747843	0.0660569	0.0590717	0.0705596	0.049323	0.0402504	0.0613763	
Bergeronnette des ruisseaux	0.0918888	0.0804517	0.0943878	0.0834706	0.0767424	0.0809778	0.0614035	0.0732203	0.0736402	0.0623209	0.0483768	0.039358	0.0290474	0.0328103	0.0285714	0.0279434	0.0221584	0.0346339	0.0292729	0.0394379	0.0444774	0.0347271	0.0276577	0.04	0.0357143	0.0355987	0.0218522	0.033675	0.0475382	0.0410348	0.0420168	0.0485333	0.055666	0.0359223	0.0504587	0.0663189	0.1051546	0.1208791	0.1409897	0.1577794	0.1089808	0.1208054	0.097561	0.1105485	0.0940795	0.0860735	0.0796064	0.0867948	
Bergeronnette printanière	0.0	0.0	0.0017007	0.0010983	0.0015662	7.639E-4	0.0017544	0.0067797	0.0150628	0.0250716	0.0515595	0.1031716	0.1366937	0.1236329	0.1407867	0.1445604	0.1169471	0.0797896	0.0764873	0.0684497	0.0726464	0.0588235	0.0717373	0.0673333	0.0723938	0.0852211	0.0894901	0.0944363	0.106961	0.1097235	0.1306341	0.1424	0.1739563	0.2339806	0.2247706	0.1937407	0.1268041	0.0588697	0.0420168	0.0138787	0.0030272	0.0	0.0020325	0.0	0.0016221	0.0	8.945E-4	0.0	
Bergeronnette grise	0.4100964	0.4241355	0.4430272	0.405821	0.3649178	0.3712758	0.3526316	0.3742373	0.3933054	0.3553009	0.3169955	0.2380588	0.1742845	0.169282	0.1440994	0.1195976	0.1083299	0.1082858	0.0967894	0.1087942	0.1237954	0.0963855	0.119274	0.158	0.1476834	0.1380798	0.1550468	0.1434846	0.1612903	0.14719	0.1604278	0.1504	0.2027833	0.2019417	0.1788991	0.1937407	0.2257732	0.3014129	0.3678805	0.4463112	0.4682139	0.4697987	0.4786585	0.4312236	0.4395783	0.4235977	0.4221825	0.4209547	
bergeronette sp.	5.672E-4	7.057E-4	0.0	0.0010983	7.831E-4	7.639E-4	0.0011696	0.0013559	0.0	0.0014327	0.0	7.642E-4	4.272E-4	0.0	0.0016563	0.0	4.103E-4	0.0	0.0015	0.0	0.0022239	0.0	8.643E-4	6.667E-4	0.0	0.0	0.0010406	7.321E-4	0.0015	0.0	0.0015279	0.0	0.0019881	0.0	0.0015	7.452E-4	0.0010309	7.849E-4	0.0018674	0.0	0.0010091	0.0019175	0.0	0.0	0.0024331	0.0	0.0017889	6.2E-4	
Pipit de Richard	0.0	0.0	8.503E-4	0.0015	0.0	0.0	0.0	0.0	0.0	0.0	0.0	0.0	0.0	0.0	0.0	0.0	0.0	0.0	0.0	0.0	0.0	0.0	0.0	0.0	0.0	0.0	0.0	0.0	0.0	0.0	0.0	0.0	0.0	0.0	0.0	0.0	0.0	0.0	0.0	0.0	0.0	0.0	0.0	0.0	0.0	0.0	0.0	0.0	
Pipit rousseline	0.0	0.0	0.0	0.0	0.0	0.0	0.0	0.0	8.368E-4	0.0	0.0	0.0026748	0.0119607	0.0161674	0.0219462	0.0178838	0.0217481	0.0153441	0.0188857	0.0176791	0.0222387	0.032601	0.0233362	0.0353333	0.019305	0.0269687	0.024974	0.0183016	0.0144312	0.0240856	0.0221543	0.0202667	0.026839	0.0359223	0.0311927	0.0119225	0.0041237	0.0031397	0.0015	7.305E-4	0.0	0.0	0.0	0.0	0.0	0.0	0.0	0.0	
Pipit farlouse	0.2552467	0.3154552	0.2959184	0.2822625	0.2858262	0.2543927	0.2216374	0.2183051	0.2359833	0.2106017	0.1807766	0.1757738	0.1251602	0.0370899	0.0045549	0.0018629	8.207E-4	0.0	0.0	0.0	0.0	0.0	0.0	0.0	0.0	0.0	0.0	0.0	0.0	0.0	0.0	0.0	0.0	0.0	0.0018349	0.0074516	0.0474227	0.1193093	0.2726424	0.2863404	0.3360242	0.3576222	0.3506098	0.3738397	0.3284672	0.3375242	0.3282648	0.2752635	
Pipit des arbres	0.0	0.0	0.0	0.0	0.0	0.0	0.0	0.0	0.0	0.0	0.0015	0.0030569	0.0093977	0.0047551	0.0028986	0.0044709	0.0016414	0.0017536	0.0028329	0.0036265	0.0044477	0.0070872	0.0060501	0.0033333	0.0019305	0.0021575	0.0	0.0021962	0.0	8.921E-4	0.0038197	0.0053333	0.0079523	0.0135922	0.0073394	0.0059613	0.0051546	0.0023548	9.337E-4	7.305E-4	0.0	0.0	0.0	0.0	0.0	0.0	0.0	0.0	
Pipit à gorge rousse	0.0	0.0	0.0	0.0	0.0	0.0	0.0	0.0	0.0	0.0	0.0	0.0	0.0	0.0	4.141E-4	3.726E-4	0.0	0.0	0.0	0.0	0.0	0.0	0.0	0.0	0.0	0.0	0.0	0.0	0.0	0.0	0.0	0.0	0.0	0.0	0.0	0.0	0.0	0.0	0.0	0.0	0.0	0.0	0.0	0.0	0.0	0.0	0.0	0.0	
Pipit spioncelle	0.0504821	0.0804517	0.0748299	0.0752334	0.0806578	0.092437	0.0467836	0.0528814	0.0769874	0.0680516	0.0521961	0.0439434	0.0311833	0.0185449	0.0033126	3.726E-4	0.001231	4.384E-4	0.0	0.0	0.0	0.0	0.0	0.0	0.0	0.0010787	0.0	0.0021962	0.0	0.0017841	0.0015279	0.0	0.0	9.709E-4	0.0	7.452E-4	0.0020619	0.0117739	0.0457516	0.0504018	0.0605449	0.0709492	0.0945122	0.0776371	0.0697486	0.0802708	0.0483005	0.0533168	
Anthus sp.	0.0017016	0.0028229	0.0017007	0.0010983	0.0031323	0.0045837	0.0011696	0.0013559	8.368E-4	0.0050143	6.365E-4	0.0019106	0.0021358	0.0014265	0.0016563	3.726E-4	4.103E-4	4.384E-4	4.721E-4	0.0	0.0	0.0	0.0	0.0	0.0	0.0015	0.0	0.0	0.0	8.921E-4	0.0015279	0.0010667	0.0019881	0.0	9.174E-4	7.452E-4	0.0020619	0.0023548	0.0	0.0014609	0.0030272	0.0028763	0.0010163	0.0050633	0.0032441	0.0019342	0.0026834	6.2E-4	
Pinson des arbres	0.4588769	0.4594213	0.4727891	0.4272378	0.4205168	0.4033613	0.3953216	0.4013559	0.390795	0.3696275	0.3488224	0.3022545	0.2699701	0.2553495	0.247619	0.228763	0.2359458	0.2341078	0.2492918	0.2737987	0.3009637	0.3947555	0.2938634	0.2866667	0.222973	0.1984898	0.2216441	0.2188873	0.2529711	0.2551293	0.2421696	0.2922667	0.2206759	0.1747573	0.1899083	0.1833085	0.2309278	0.2762951	0.3650794	0.4989043	0.4904137	0.464046	0.4471545	0.464135	0.5239254	0.4825919	0.4436494	0.466832	
Pinson du Nord	0.0124787	0.0084686	0.0144558	0.0164745	0.0101801	0.0114591	0.0035088	0.0054237	0.0083682	0.008596	0.0038192	0.0022927	0.0012815	0.0	8.282E-4	0.0	0.0	0.0	0.0	0.0	0.0	0.0	0.0	0.0	0.0	0.0	0.0	0.0	0.0	0.0	0.0	0.0	0.0	0.0	0.0	0.0	0.0	0.0023548	0.0028011	0.0138787	0.0191726	0.0162991	0.0172764	0.0185654	0.0154096	0.0145068	0.0169946	0.016119	
Grosbec casse-noyaux	0.0555871	0.0494001	0.0459184	0.0472268	0.046202	0.0458365	0.0421053	0.0562712	0.0736402	0.0537249	0.0394653	0.0473825	0.045707	0.0332858	0.0215321	0.0197466	0.0283135	0.0236738	0.0250236	0.0344515	0.0422535	0.0531538	0.0501296	0.0446667	0.0521236	0.0453074	0.0416233	0.0409956	0.0441426	0.0347904	0.0420168	0.0474667	0.0357853	0.0466019	0.0376147	0.0320417	0.0536082	0.0431711	0.0494865	0.0657414	0.0544904	0.0373921	0.0518293	0.0548523	0.0559611	0.0531915	0.049195	0.0526968	
Bouvreuil pivoine	0.0022689	7.057E-4	0.002551	0.0021966	7.831E-4	7.639E-4	0.0	0.0	8.368E-4	0.0	6.365E-4	0.0	0.0	0.0	0.0	0.0	0.0	0.0	0.0	4.533E-4	0.0	0.0	0.0	0.0	0.0	0.0	0.0	0.0	0.0	0.0	0.0	0.0	0.0	0.0	0.0	0.0	0.0	0.0	0.0	0.0	0.0	0.0038351	0.0	0.0016878	0.0024331	0.0019342	0.0017889	0.0012399	
Verdier d'Europe	0.1792399	0.1785462	0.1853741	0.1416804	0.1331245	0.1627196	0.1760234	0.1654237	0.1966527	0.2113181	0.273711	0.3056935	0.343443	0.362815	0.3412008	0.3051416	0.3208863	0.2805787	0.3144476	0.3227561	0.3328391	0.3061658	0.3543647	0.3786667	0.3494208	0.377562	0.3600416	0.3023426	0.2894737	0.2622658	0.2184874	0.1813333	0.2067594	0.1631068	0.1779817	0.1557377	0.1690722	0.188383	0.2446312	0.2220599	0.1755802	0.2186002	0.1829268	0.185654	0.18897	0.1663443	0.1636852	0.183509	
Linotte mélodieuse	0.2546795	0.2872265	0.2653061	0.3020319	0.2881754	0.276547	0.294152	0.2623729	0.3205021	0.3209169	0.3061744	0.300726	0.3169586	0.2952924	0.2774327	0.2529806	0.262618	0.245068	0.2322946	0.2361741	0.2424018	0.2175762	0.2368194	0.2546667	0.1959459	0.2081985	0.2278876	0.2079063	0.2011885	0.1998216	0.1627196	0.1274667	0.1431412	0.1417476	0.166055	0.1691505	0.1659794	0.2095761	0.2745098	0.2644266	0.2855701	0.2818792	0.2987805	0.2886076	0.2798054	0.2765957	0.2844365	0.2777433	
Bec-croisé des sapins	0.0374362	0.0190543	0.0221088	0.0170236	0.0125294	0.012987	0.019883	0.0230508	0.0150628	0.010745	0.0190961	0.0114635	0.0136694	0.0175939	0.0132505	0.0093145	0.0086172	0.0096449	0.01322	0.0122393	0.0185322	0.0368533	0.0337079	0.0566667	0.0241313	0.0291262	0.0280957	0.0219619	0.0441426	0.0356824	0.0381971	0.064	0.0367793	0.0252427	0.0174312	0.023845	0.0216495	0.0361068	0.0448179	0.0423667	0.0282543	0.0383509	0.0182927	0.021097	0.027575	0.0222437	0.0223614	0.0297582	
Chardonneret élégant	0.3919455	0.4481299	0.4039116	0.3931906	0.385278	0.3758594	0.3871345	0.4101695	0.4410042	0.4319484	0.4334819	0.4875812	0.4634771	0.4945316	0.4695652	0.45231	0.4583504	0.4436651	0.4419263	0.4116047	0.4225352	0.4309001	0.4477096	0.5	0.4797297	0.4983819	0.4890739	0.4707174	0.4414261	0.4335415	0.3857907	0.3733333	0.3767396	0.3572816	0.3743119	0.3233979	0.3804124	0.377551	0.4070962	0.4433893	0.4803229	0.442953	0.4542683	0.4270042	0.4201135	0.4090909	0.4069767	0.3967762	
Venturon montagnard	0.0085082	0.0084686	0.002551	0.0060406	0.0031323	0.0038197	0.0023392	0.0013559	0.0025105	0.0028653	0.0044558	0.0015285	0.0017087	0.0023776	0.0041408	0.0029806	0.0020517	8.768E-4	0.0018886	0.0018132	0.0014826	0.0092133	0.0034572	0.0013333	0.0	0.0	0.0010406	0.0	0.0067912	0.0026762	0.0015279	0.0	9.94E-4	0.0	0.0	7.452E-4	0.0	0.0015699	9.337E-4	0.0043828	0.0030272	0.0038351	0.0030488	0.0042194	0.0081103	0.0087041	0.0080501	0.0142591	
Serin cini	0.1781055	0.1961891	0.1845238	0.1949478	0.1871574	0.2475172	0.2777778	0.3240678	0.3389121	0.3488539	0.3653724	0.3618647	0.3793251	0.3675701	0.3412008	0.3237705	0.2979073	0.3147742	0.3101983	0.2987307	0.2942921	0.2976612	0.298185	0.31	0.2413127	0.2351672	0.1883455	0.1405564	0.1460102	0.1409456	0.1283422	0.1301333	0.1063618	0.0699029	0.0963303	0.1050671	0.1484536	0.1648352	0.1895425	0.1891892	0.1886983	0.2080537	0.2063008	0.1890295	0.1930251	0.1702128	0.2057245	0.1723497	
Serin des Canaries	0.0	0.0	0.0	0.0015	0.0	0.0	0.0	0.0	0.0	0.0	0.0	0.0	0.0	0.0	4.141E-4	0.0	0.0	0.0	0.0	0.0	0.0	0.0	0.0015	0.0	0.0	0.0	0.0	0.0	0.0	0.0	0.0	0.0	0.0	0.0	0.0	0.0	0.0	0.0	0.0	0.0	0.0	0.0	0.0	0.0	0.0	0.0	0.0	0.0	
Tarin des aulnes	0.0674986	0.0790402	0.0603741	0.0593081	0.0438528	0.0420168	0.0263158	0.0325424	0.023431	0.0222063	0.0222788	0.0179595	0.0136694	0.0123633	0.0037267	0.0014903	4.103E-4	4.384E-4	0.0018886	4.533E-4	0.0	0.0014174	0.0	0.0	0.0015	0.0	0.0	0.0	0.0	0.0	0.0	0.0	9.94E-4	0.0	0.0	0.0	0.0020619	0.0039246	0.0326797	0.0905771	0.1220989	0.1169703	0.1026423	0.0962025	0.1046229	0.098646	0.088551	0.0762554	
fringillidé sp.	5.672E-4	0.0014114	0.0034014	0.0016474	0.0015662	7.639E-4	0.0023392	0.0	0.0016736	0.0	0.0	7.642E-4	0.0	0.0	0.0012422	0.0	0.0	0.0	0.0	0.0013599	0.0022239	0.0	0.0	0.0015	0.0	0.0	0.0	0.0021962	8.489E-4	0.0017841	7.639E-4	5.333E-4	0.0029821	0.0	9.174E-4	0.0014903	0.0	7.849E-4	0.0028011	0.0051132	0.0070636	0.0047939	0.0030488	0.0	8.11E-4	0.0048356	0.0116279	0.0012399	
Bruant des neiges	0.0	0.0	0.0	0.0	0.0	0.0	0.0	0.0	0.0	0.0	0.0	0.0	0.0	0.0	0.0	0.0	0.0	0.0	0.0	0.0	0.0	0.0	0.0	0.0	0.0	0.0	0.0	0.0	0.0	0.0	0.0	0.0	0.0	0.0	0.0	0.0	0.0	0.0	0.0	0.0	0.0	0.008629	0.0132114	8.439E-4	8.11E-4	0.0	0.0	0.0	
Bruant proyer	0.2183778	0.2279464	0.2602041	0.2668863	0.2654659	0.3086325	0.3005848	0.3335593	0.3598326	0.3696275	0.3545512	0.3805885	0.4186245	0.4355682	0.4385093	0.4843517	0.4772261	0.4480491	0.3928234	0.4097915	0.4188288	0.3203402	0.2679343	0.2166667	0.1611969	0.1650485	0.1592092	0.1427526	0.1315789	0.1382694	0.1291062	0.1242667	0.1829026	0.2067961	0.2366972	0.2421759	0.2463918	0.2417582	0.2661064	0.2330168	0.2078708	0.2368169	0.2174797	0.228692	0.2497972	0.2591876	0.2692308	0.2430254	
Bruant fou	0.0657969	0.057163	0.0552721	0.0472268	0.0430697	0.0374332	0.051462	0.0549153	0.0393305	0.032235	0.0464672	0.0363011	0.0346006	0.0266286	0.0318841	0.0316692	0.0295445	0.0306883	0.0316336	0.0417044	0.0622683	0.0609497	0.0518583	0.0653333	0.0472973	0.0399137	0.0395421	0.0366032	0.0670628	0.0677966	0.0679908	0.0656	0.0506958	0.0378641	0.0311927	0.033532	0.0556701	0.0596546	0.0522876	0.073046	0.0504541	0.0690316	0.0416667	0.0675105	0.0713706	0.0580271	0.0527728	0.0688159	
Bruant zizi	0.0499149	0.0430487	0.037415	0.0307523	0.0289742	0.0374332	0.0397661	0.0386441	0.0527197	0.0358166	0.0630172	0.039358	0.0427168	0.042796	0.0513458	0.0376304	0.0480098	0.0548005	0.0571294	0.0539438	0.0667161	0.0864635	0.0786517	0.1086667	0.0830116	0.0841424	0.0801249	0.0549048	0.0874363	0.0802855	0.0855615	0.0810667	0.0536779	0.0242718	0.0440367	0.0387481	0.0453608	0.0392465	0.0690943	0.0686633	0.0474268	0.0536913	0.0284553	0.0413502	0.053528	0.0319149	0.0313059	0.0446373	
Bruant jaune	0.0017016	0.0063514	0.0042517	0.0021966	7.831E-4	0.0015279	0.002924	0.0013559	8.368E-4	0.0	6.365E-4	0.0011464	4.272E-4	4.755E-4	0.0	0.0	0.0	0.0	0.0	0.0	0.0	0.0	0.0	0.0	0.0	0.0	0.0	0.0	0.0	0.0	0.0	0.0	0.0	0.0	0.0	0.0	0.0	0.0	9.337E-4	0.0	0.0010091	0.0019175	0.0	0.0	0.0024331	0.0019342	0.0035778	0.0037198	
Bruant à calotte blanche	0.0	0.0015	0.0	0.0	0.0	0.0	0.0	0.0	0.0	0.0	0.0	0.0	0.0	0.0	0.0	0.0	0.0	0.0	0.0	0.0	0.0	0.0	0.0	0.0	0.0	0.0	0.0	0.0	0.0	0.0	0.0	0.0	0.0	0.0	0.0	0.0	0.0	0.0	0.0	0.0	0.0	0.0	0.0	0.0	0.0	0.0	0.0	0.0	
Bruant ortolan	0.0	0.0	0.0	0.0	0.0	0.0	0.0	0.0	0.0	0.0	0.0	0.0	8.543E-4	0.0015	8.282E-4	0.0040984	0.0057448	0.0056993	0.0037771	0.0049864	0.0066716	0.0106308	0.0095073	0.008	0.0028958	0.0021575	0.0041623	0.0029283	8.489E-4	0.0035682	7.639E-4	0.0	9.94E-4	0.0029126	9.174E-4	7.452E-4	0.0	0.0	0.0	0.0	0.0	0.0	0.0	0.0	0.0	0.0	0.0	0.0	
Bruant des roseaux	0.0516166	0.0691602	0.0654762	0.0691928	0.0861394	0.078686	0.0584795	0.0725424	0.1020921	0.0551576	0.0369192	0.0145204	0.0093977	0.0066572	0.0024845	0.0033532	0.0090275	0.002192	0.0028329	0.0027199	0.005189	0.0028349	0.0025929	0.0013333	9.653E-4	0.0010787	0.0010406	0.0014641	8.489E-4	0.0	0.0	0.0	0.0019881	0.0029126	0.0018349	0.0014903	0.0010309	0.0023548	0.0093371	0.0116874	0.0302725	0.0527325	0.0497967	0.0616034	0.0486618	0.049323	0.0661896	0.0681959	
Emberiza sp.	0.0022689	0.0014114	0.0017007	0.0	0.0	0.0	0.0017544	0.0020339	8.368E-4	0.0014327	6.365E-4	3.821E-4	0.0021358	4.755E-4	0.0012422	3.726E-4	0.0	0.0	4.721E-4	0.0	0.0	0.0	0.0	6.667E-4	0.0	0.0010787	0.0015	0.0	0.0025467	8.921E-4	0.0030558	0.0016	9.94E-4	0.0	9.174E-4	0.0	0.0	0.0	0.0	0.0021914	0.0	0.0028763	0.0	0.0	8.11E-4	0.0019342	8.945E-4	0.0037198	
passereau sp.	0.0017016	0.0042343	0.0017007	0.0016474	0.0031323	7.639E-4	0.0023392	6.78E-4	0.0016736	0.0014327	0.0019096	3.821E-4	4.272E-4	4.755E-4	4.141E-4	0.0011177	4.103E-4	8.768E-4	9.443E-4	9.066E-4	7.413E-4	7.087E-4	0.0015	0.0013333	0.0	0.0	0.0	7.321E-4	0.0025467	0.0026762	0.0061115	0.0016	0.0019881	0.0019417	9.174E-4	0.0014903	0.0010309	0.0015699	0.0	7.305E-4	0.0030272	0.0028763	0.0020325	0.0025316	0.0032441	0.0019342	0.0017889	0.0024799	
oiseau sp.	0.0	7.057E-4	0.0	0.0	7.831E-4	0.0022918	5.848E-4	0.0	0.0	7.163E-4	0.0	3.821E-4	4.272E-4	0.0	0.0	0.0	4.103E-4	4.384E-4	0.0015	0.0013599	0.0	0.0	0.0	0.0	0.0	0.0	0.0	0.0	0.0	0.0	7.639E-4	0.0	9.94E-4	9.709E-4	0.0	0.0	0.0	0.0	0.0	0.0	0.0	0.0	0.0015	0.0	0.0	0.0	8.945E-4	0.0	

