









Frequency of observations in the selected location(s).:
Number of taxa: 	405

	Jan				Feb				Mar				Apr				May				Jun				Jul				Aug				Sep				Oct				Nov				Dec				
Sample Size:	119.0	92.0	81.0	133.0	121.0	122.0	125.0	135.0	78.0	101.0	139.0	150.0	181.0	169.0	190.0	256.0	175.0	206.0	187.0	245.0	130.0	120.0	119.0	173.0	135.0	143.0	163.0	190.0	100.0	93.0	115.0	161.0	177.0	184.0	111.0	196.0	119.0	149.0	94.0	124.0	122.0	94.0	73.0	125.0	119.0	100.0	86.0	173.0	

Oie à tête barrée	0.0	0.0	0.0	0.0	0.0	0.0	0.0	0.0	0.0	0.0	0.0	0.0	0.0	0.0	0.0	0.0	0.0	0.0	0.0	0.0	0.0	0.0015	0.0	0.0	0.0	0.0	0.0	0.0	0.0	0.0	0.0	0.0	0.0	0.0	0.0	0.0	0.0	0.0	0.0	0.0	0.0	0.0	0.0	0.0	0.0	0.0	0.0	0.0	
Oie cendrée	0.0420168	0.0326087	0.037037	0.0526316	0.0578512	0.0901639	0.096	0.0666667	0.0769231	0.1287129	0.1007194	0.0933333	0.1546961	0.0828402	0.1	0.1132813	0.1085714	0.0970874	0.0695187	0.0857143	0.0615385	0.0333333	0.0420168	0.0520231	0.0666667	0.041958	0.0245399	0.0315789	0.02	0.0215054	0.0608696	0.0745342	0.0338983	0.048913	0.027027	0.0459184	0.0336134	0.0402685	0.0638298	0.0967742	0.057377	0.1170213	0.0958904	0.088	0.0840336	0.05	0.0697674	0.0520231	
Oie cygnoïde	0.0015	0.0	0.0123457	0.0075188	0.0	0.0	0.0	0.0	0.0	0.0	0.0	0.0	0.0	0.0	0.0	0.0	0.0	0.0	0.0	0.0	0.0	0.0015	0.0	0.0	0.0	0.0	0.0	0.0	0.0	0.0	0.0	0.0	0.0	0.0	0.0	0.005102	0.0	0.0	0.0	0.0	0.0	0.0	0.0	0.0	0.0	0.0	0.0	0.0	
Oie rieuse	0.0	0.0	0.0	0.0	0.0	0.0	0.0	0.0	0.0	0.0	0.0	0.0	0.0	0.0	0.0	0.0	0.0	0.0	0.0	0.0040816	0.0076923	0.0	0.0	0.0	0.0	0.0	0.0	0.0	0.0	0.0	0.0	0.0	0.0	0.0	0.0	0.0	0.0	0.0	0.0	0.0	0.0	0.0	0.0	0.0	0.0	0.0	0.0	0.0	
Anser sp. (forme domestique)	0.0	0.0	0.0	0.0	0.0	0.0	0.008	0.0	0.0	0.0	0.0	0.0	0.0	0.0	0.0	0.0	0.0	0.0	0.0	0.0	0.0	0.0	0.0	0.0	0.0	0.0	0.0	0.0	0.0	0.0	0.0	0.0	0.0	0.0	0.0	0.0	0.0	0.0	0.0	0.0	0.0	0.0	0.0	0.0	0.0	0.0	0.0	0.0	
Bernache cravant	0.1428571	0.1521739	0.0987654	0.1729323	0.0413223	0.1311475	0.112	0.1333333	0.0384615	0.039604	0.0719424	0.0466667	0.0110497	0.0059172	0.0105263	0.0015	0.0	0.0	0.0	0.0	0.0	0.0	0.0	0.0	0.0	0.006993	0.0	0.0	0.0	0.0	0.0	0.0	0.0	0.0	0.009009	0.005102	0.0420168	0.114094	0.0638298	0.1774194	0.1311475	0.1170213	0.0958904	0.208	0.2184874	0.28	0.0697674	0.2485549	
Bernache nonnette	0.0	0.0	0.0	0.0075188	0.0247934	0.0	0.0	0.0	0.0	0.0	0.0	0.0	0.0	0.0	0.0	0.0	0.0	0.0	0.0	0.0	0.0	0.0	0.0	0.0	0.0	0.0	0.0	0.0	0.0	0.0	0.0	0.0	0.0	0.0	0.0	0.0	0.0	0.0	0.0	0.0	0.0015	0.0015	0.0136986	0.008	0.0084034	0.0	0.0	0.0015	
Bernache du Canada	0.0	0.0	0.0123457	0.0075188	0.0082645	0.0	0.016	0.0074074	0.0	0.0015	0.0	0.0015	0.0	0.0015	0.0210526	0.015625	0.0228571	0.0145631	0.0106952	0.0122449	0.0076923	0.0166667	0.0168067	0.017341	0.0015	0.006993	0.0	0.0	0.0	0.0	0.0015	0.0	0.0056497	0.0	0.027027	0.0204082	0.0	0.0134228	0.0106383	0.0080645	0.0015	0.0106383	0.0136986	0.008	0.0084034	0.0	0.0116279	0.0015	
Hybride Oie cendrée x Bernache du Canada	0.0	0.0	0.0	0.0	0.0	0.0	0.0	0.0	0.0	0.0	0.0	0.0	0.0	0.0	0.0	0.0	0.0	0.0097087	0.0	0.0081633	0.0	0.0	0.0	0.0	0.0	0.0	0.0	0.0052632	0.0	0.0	0.0	0.0	0.0	0.0	0.0	0.0	0.0	0.0	0.0	0.0	0.0	0.0	0.0	0.0	0.0	0.0	0.0116279	0.0	
Bernache à cou roux	0.0	0.0	0.0	0.0	0.0	0.0	0.0	0.0	0.0	0.0	0.0	0.0	0.0	0.0	0.0	0.0	0.0	0.0	0.0	0.0	0.0	0.0	0.0	0.0	0.0	0.0	0.0	0.0	0.0	0.0	0.0	0.0	0.0	0.0	0.0	0.0	0.0	0.0	0.0	0.0	0.0	0.0	0.0	0.016	0.0084034	0.0	0.0	0.0	
Cygne tuberculé	0.1596639	0.1847826	0.1975309	0.1804511	0.1652893	0.204918	0.16	0.162963	0.1666667	0.1980198	0.2014388	0.2333333	0.3093923	0.1775148	0.1684211	0.2109375	0.1771429	0.2815534	0.1764706	0.2040816	0.2	0.15	0.1092437	0.1676301	0.2518519	0.1888112	0.1533742	0.1947368	0.14	0.2150538	0.2869565	0.2670807	0.2033898	0.2065217	0.3603604	0.1836735	0.1512605	0.2147651	0.1702128	0.2016129	0.1639344	0.1914894	0.1643836	0.272	0.2773109	0.28	0.1976744	0.2196532	
Cygne noir	0.0	0.0	0.0	0.0	0.0	0.0081967	0.0	0.0	0.0	0.0	0.0	0.0	0.0	0.0	0.0	0.0	0.0	0.0	0.0	0.0	0.0	0.0	0.0	0.0	0.0	0.0	0.0	0.0	0.0	0.0	0.0	0.0	0.0	0.0	0.0	0.0	0.0	0.0	0.0	0.0015	0.0	0.0	0.0	0.0	0.0	0.0	0.0	0.0	
Cygne de Bewick	0.0	0.0	0.0	0.0	0.0	0.0	0.0	0.0	0.0	0.0	0.0	0.0066667	0.0	0.0	0.0	0.0	0.0	0.0	0.0	0.0	0.0	0.0	0.0	0.0	0.0	0.0	0.0	0.0	0.0	0.0	0.0	0.0	0.0	0.0	0.0	0.0	0.0	0.0	0.0	0.0	0.0	0.0	0.0	0.0	0.0	0.0	0.0	0.0	
cygne sp.	0.0	0.0	0.0	0.0	0.0	0.0	0.0	0.0	0.0	0.0	0.0015	0.0	0.0	0.0	0.0	0.0	0.0	0.0	0.0053476	0.0	0.0	0.0	0.0	0.0	0.0	0.0	0.0	0.0052632	0.0	0.0	0.0	0.0	0.0	0.0	0.018018	0.0	0.0	0.0067114	0.0	0.0	0.0	0.0	0.0	0.0	0.0	0.0	0.0	0.0	
anatidé sp. (oie sp.)	0.0	0.0	0.0	0.0075188	0.0082645	0.0015	0.0	0.0	0.0	0.0	0.0	0.0	0.0	0.0	0.0	0.0	0.0057143	0.0	0.0	0.0	0.0	0.0	0.0	0.0	0.0	0.0	0.0	0.0	0.0	0.0	0.0	0.0	0.0056497	0.0	0.0	0.0	0.0	0.0	0.0	0.0	0.0081967	0.0015	0.0	0.0	0.0	0.0	0.0	0.0	
Ouette d'Égypte	0.0	0.0108696	0.0	0.0075188	0.0	0.0	0.008	0.0	0.0	0.0	0.0	0.0066667	0.0055249	0.0	0.0052632	0.0078125	0.0114286	0.0097087	0.0053476	0.0040816	0.0076923	0.0083333	0.0084034	0.0	0.0015	0.020979	0.0	0.0	0.0	0.0	0.0	0.0	0.0015	0.0	0.018018	0.0	0.0	0.0	0.0	0.0	0.0	0.0	0.0136986	0.008	0.0084034	0.0	0.0	0.0015	
Tadorne de Belon	0.1596639	0.1521739	0.1851852	0.2330827	0.0991736	0.1803279	0.136	0.1777778	0.1025641	0.1485149	0.2086331	0.2133333	0.3038674	0.1775148	0.1789474	0.1953125	0.1714286	0.2912621	0.144385	0.1795918	0.1692308	0.1333333	0.1008403	0.1156069	0.2	0.1328671	0.1288344	0.1736842	0.13	0.0967742	0.1652174	0.1055901	0.1412429	0.1086957	0.1531532	0.1020408	0.1428571	0.147651	0.106383	0.1290323	0.1065574	0.1170213	0.1369863	0.2	0.210084	0.23	0.1511628	0.2196532	
Canard musqué	0.0084034	0.0	0.0	0.0	0.0	0.0	0.008	0.0	0.0	0.0	0.0	0.0	0.0	0.0059172	0.0	0.0	0.0	0.0097087	0.0053476	0.0081633	0.0	0.0	0.0	0.0	0.0	0.0	0.006135	0.0	0.0	0.0	0.0	0.0	0.0	0.0	0.0	0.0	0.0	0.0	0.0	0.0015	0.0	0.0	0.0	0.0	0.0084034	0.0	0.0	0.0	
Canard carolin	0.0	0.0	0.0123457	0.0	0.0	0.0	0.0	0.0	0.0	0.0	0.0	0.0	0.0	0.0	0.0	0.0	0.0	0.0	0.0053476	0.0	0.0	0.0083333	0.0	0.0	0.0	0.0	0.0	0.0	0.0	0.0	0.0	0.0	0.0	0.0	0.0	0.0	0.0	0.0	0.0	0.0015	0.0	0.0	0.0	0.0	0.0	0.0	0.0	0.0	
Canard mandarin	0.0	0.0	0.0015	0.0	0.0	0.0	0.0	0.0	0.0	0.0	0.0	0.0	0.0	0.0	0.0	0.0	0.0	0.0	0.0053476	0.0040816	0.0	0.0	0.0	0.0	0.0	0.0	0.0	0.0	0.0	0.0	0.0	0.0	0.0	0.0	0.0	0.0	0.0	0.0	0.0	0.0	0.0	0.0	0.0	0.0	0.0084034	0.0	0.0	0.0	
Sarcelle d'été	0.0	0.0	0.0	0.0	0.0	0.0	0.0	0.0	0.0	0.009901	0.057554	0.04	0.0552486	0.0295858	0.0473684	0.015625	0.0057143	0.0194175	0.0	0.0	0.0	0.0083333	0.0	0.0115607	0.0222222	0.0	0.0	0.0052632	0.0	0.0	0.0086957	0.0062112	0.0056497	0.0108696	0.018018	0.0	0.0084034	0.0067114	0.0	0.0	0.0	0.0	0.0	0.0	0.0	0.0	0.0	0.0	
Sarcelle à ailes bleues	0.0	0.0	0.0	0.0	0.0	0.0	0.0	0.0	0.0	0.0	0.0	0.0	0.0	0.0	0.0	0.0	0.0	0.0	0.0	0.0	0.0	0.0	0.0	0.0	0.0	0.0	0.0	0.0	0.0	0.0	0.0	0.0	0.0	0.0	0.0	0.0	0.0	0.0015	0.0	0.0	0.0	0.0	0.0	0.0	0.0	0.0	0.0	0.0	
Canard souchet	0.1176471	0.1086957	0.1481481	0.1804511	0.1570248	0.1885246	0.144	0.1037037	0.1410256	0.1782178	0.1726619	0.1533333	0.2209945	0.1301775	0.1	0.078125	0.0514286	0.0582524	0.0106952	0.0612245	0.0230769	0.0416667	0.0	0.0231214	0.0222222	0.013986	0.0306748	0.0157895	0.03	0.0752688	0.0347826	0.0496894	0.079096	0.1086957	0.2432432	0.1479592	0.1176471	0.147651	0.1276596	0.1129032	0.1229508	0.0957447	0.1369863	0.176	0.1932773	0.17	0.1627907	0.1618497	
Canard chipeau	0.0168067	0.0217391	0.037037	0.0225564	0.0247934	0.057377	0.016	0.0518519	0.025641	0.0693069	0.0719424	0.0466667	0.0718232	0.0532544	0.0736842	0.0585938	0.0457143	0.0776699	0.026738	0.0163265	0.0015	0.0166667	0.0084034	0.0115607	0.0074074	0.027972	0.0245399	0.0421053	0.01	0.0107527	0.0521739	0.0310559	0.0282486	0.0108696	0.0810811	0.0102041	0.0084034	0.0134228	0.0212766	0.0322581	0.057377	0.0106383	0.0273973	0.056	0.092437	0.01	0.0465116	0.0635838	
Canard siffleur	0.0252101	0.0108696	0.0	0.0225564	0.0165289	0.0081967	0.0	0.0148148	0.0384615	0.029703	0.028777	0.02	0.0331492	0.0118343	0.0157895	0.0	0.0015	0.038835	0.0053476	0.0	0.0	0.0	0.0	0.0	0.0015	0.006993	0.006135	0.0	0.0	0.0	0.0	0.0062112	0.0056497	0.0015	0.018018	0.0102041	0.0	0.0067114	0.0212766	0.0080645	0.0081967	0.0106383	0.0273973	0.04	0.0672269	0.02	0.0116279	0.0289017	
Canard colvert	0.3193277	0.2934783	0.382716	0.3308271	0.338843	0.3278689	0.36	0.237037	0.2948718	0.3762376	0.3165468	0.36	0.4475138	0.295858	0.3052632	0.3515625	0.2971429	0.4174757	0.315508	0.2938776	0.2692308	0.2	0.1932773	0.1965318	0.3037037	0.2307692	0.2147239	0.3	0.33	0.2688172	0.3391304	0.3664596	0.2768362	0.298913	0.4774775	0.3418367	0.2689076	0.3020134	0.2021277	0.25	0.2622951	0.287234	0.3150685	0.28	0.3193277	0.31	0.2790698	0.3815029	
Canard pilet	0.0840336	0.076087	0.1481481	0.1052632	0.0826446	0.1393443	0.096	0.0962963	0.0897436	0.1485149	0.1294964	0.0933333	0.1160221	0.0710059	0.0526316	0.0351563	0.0342857	0.0436893	0.0106952	0.0204082	0.0	0.0083333	0.0	0.0057803	0.0222222	0.006993	0.0	0.0	0.0	0.0	0.0086957	0.0248447	0.0225989	0.0271739	0.1351351	0.0561224	0.1008403	0.1006711	0.0744681	0.1048387	0.0819672	0.0851064	0.1506849	0.12	0.1680672	0.15	0.1046512	0.1387283	
Hybride Canard colvert x C. pilet	0.0	0.0	0.0	0.0	0.0	0.0	0.0	0.0	0.0	0.0	0.0	0.0	0.0	0.0	0.0	0.0039063	0.0057143	0.0048544	0.0	0.0	0.0	0.0	0.0	0.0	0.0	0.0	0.0	0.0	0.0	0.0	0.0	0.0	0.0	0.0	0.0	0.0	0.0	0.0	0.0	0.0	0.0	0.0	0.0	0.0	0.0	0.0	0.0	0.0	
Sarcelle d'hiver	0.1260504	0.1413043	0.1481481	0.1654135	0.1487603	0.1803279	0.152	0.1185185	0.1025641	0.1881188	0.1654676	0.1733333	0.1823204	0.1183432	0.0842105	0.0859375	0.0628571	0.0825243	0.0160428	0.0979592	0.0307692	0.0333333	0.0252101	0.0231214	0.037037	0.034965	0.0245399	0.0105263	0.02	0.0967742	0.1130435	0.0931677	0.1299435	0.0923913	0.2612613	0.1173469	0.1428571	0.1610738	0.1489362	0.1370968	0.1147541	0.1276596	0.1643836	0.184	0.2184874	0.15	0.1627907	0.150289	
Hybride Canard colvert x Sarcelle d'hiver	0.0	0.0	0.0	0.0	0.0	0.0	0.0	0.0	0.0	0.0	0.0	0.0	0.0	0.0	0.0	0.0	0.0	0.0	0.0	0.0040816	0.0	0.0	0.0	0.0	0.0	0.0	0.0	0.0	0.0	0.0	0.0	0.0	0.0	0.0	0.0	0.0	0.0	0.0	0.0	0.0	0.0	0.0	0.0	0.0	0.0	0.0	0.0	0.0	
sarcelle sp.	0.0	0.0	0.0	0.0	0.0	0.0	0.008	0.0	0.0	0.0	0.0	0.0	0.0	0.0	0.0	0.0	0.0	0.0	0.0	0.0	0.0	0.0	0.0	0.0	0.0	0.0	0.0	0.0	0.0	0.0	0.0	0.0	0.0	0.0	0.0	0.0	0.0	0.0	0.0	0.0	0.0	0.0	0.0	0.0	0.0	0.0	0.0	0.0	
anatidé sp. (canard barboteur sp.)	0.0	0.0	0.0	0.0	0.0	0.0	0.0	0.0074074	0.0	0.0	0.0	0.0	0.0	0.0	0.0	0.0	0.0	0.0	0.0	0.0	0.0076923	0.0	0.0	0.0	0.0	0.0	0.0	0.0	0.0	0.0	0.0086957	0.0	0.0015	0.0	0.0	0.0	0.0	0.0	0.0	0.0	0.0	0.0015	0.0	0.008	0.0	0.0	0.0	0.0	
Nette rousse	0.0084034	0.0217391	0.0493827	0.0075188	0.0165289	0.0	0.0	0.0074074	0.0128205	0.009901	0.0	0.0	0.0	0.0059172	0.0	0.0078125	0.0057143	0.0	0.0160428	0.0081633	0.0	0.0	0.0	0.0	0.0	0.0	0.006135	0.0	0.0	0.0	0.0	0.0	0.0056497	0.0	0.0	0.0	0.0	0.0067114	0.0	0.0	0.0	0.0	0.0	0.0	0.0084034	0.0	0.0	0.0057803	
Fuligule milouin	0.0336134	0.0326087	0.0864198	0.0225564	0.0247934	0.0163934	0.008	0.0148148	0.025641	0.009901	0.0	0.0	0.0110497	0.0177515	0.0	0.0117188	0.0	0.0048544	0.0053476	0.0081633	0.0	0.0083333	0.0084034	0.0015	0.0148148	0.0	0.0	0.0105263	0.01	0.0	0.0	0.0062112	0.0112994	0.0	0.009009	0.0255102	0.0084034	0.0134228	0.0	0.0080645	0.0327869	0.0212766	0.0547945	0.008	0.0420168	0.02	0.0348837	0.017341	
Fuligule à bec cerclé	0.0	0.0	0.0	0.0	0.0	0.0	0.0	0.0015	0.0	0.009901	0.0	0.0	0.0	0.0	0.0	0.0	0.0	0.0	0.0	0.0	0.0	0.0	0.0	0.0	0.0	0.0	0.0	0.0	0.0	0.0	0.0	0.0	0.0	0.0	0.0	0.0	0.0	0.0	0.0	0.0	0.0015	0.0015	0.0136986	0.0015	0.0084034	0.0	0.0	0.0015	
Fuligule nyroca	0.0084034	0.0	0.0	0.0075188	0.0	0.0	0.0	0.0	0.0	0.0	0.0	0.0	0.0	0.0059172	0.0052632	0.0	0.0	0.0	0.0	0.0	0.0	0.0	0.0	0.0	0.0	0.0	0.0	0.0	0.0	0.0	0.0	0.0	0.0	0.0	0.0	0.0	0.0	0.0	0.0	0.0	0.0	0.0	0.0	0.008	0.0	0.0	0.0	0.0	
Fuligule morillon	0.0252101	0.0326087	0.0493827	0.037594	0.0330579	0.0	0.008	0.0222222	0.025641	0.009901	0.0	0.0066667	0.0	0.0	0.0052632	0.0	0.0015	0.0048544	0.0	0.0	0.0	0.0166667	0.0	0.0	0.0148148	0.0	0.0	0.0015	0.0015	0.0	0.0	0.0062112	0.0	0.0108696	0.009009	0.0102041	0.0	0.0067114	0.0	0.0080645	0.0015	0.0319149	0.0410959	0.008	0.0252101	0.03	0.0232558	0.0346821	
Hybride Fuligule milouin x F. morillon	0.0084034	0.0	0.0	0.0	0.0	0.0	0.0	0.0	0.0	0.0	0.0	0.0	0.0	0.0	0.0	0.0	0.0	0.0	0.0	0.0	0.0	0.0	0.0	0.0	0.0	0.0	0.0	0.0	0.0	0.0	0.0	0.0	0.0	0.0	0.0	0.0	0.0	0.0	0.0	0.0	0.0	0.0	0.0	0.0	0.0	0.0	0.0	0.0	
Fuligule milouinan	0.0	0.0	0.0	0.0015	0.0	0.0015	0.0	0.0074074	0.0	0.0	0.0	0.0	0.0	0.0	0.0	0.0	0.0	0.0	0.0	0.0	0.0	0.0	0.0	0.0	0.0	0.0	0.0	0.0	0.0	0.0	0.0	0.0	0.0	0.0	0.0	0.0	0.0	0.0	0.0	0.0	0.0	0.0	0.0	0.0	0.0	0.0	0.0	0.0	
Fuligule à tête noire	0.0	0.0	0.0	0.0	0.0	0.0	0.0	0.0	0.0	0.0	0.0	0.0	0.0	0.0	0.0	0.0	0.0	0.0	0.0	0.0	0.0	0.0	0.0	0.0	0.0	0.0	0.0	0.0	0.0	0.0	0.0	0.0	0.0	0.0	0.0	0.0	0.0	0.0	0.0	0.0	0.0	0.0	0.0015	0.0	0.0	0.0	0.0	0.0	
Eider à tête grise	0.0420168	0.0015	0.0123457	0.0225564	0.0	0.0	0.008	0.037037	0.0	0.0	0.0	0.0066667	0.0	0.0	0.0	0.0	0.0	0.0	0.0	0.0	0.0	0.0	0.0	0.0	0.0	0.0	0.0	0.0	0.0	0.0	0.0	0.0	0.0	0.0	0.0	0.0	0.0	0.0	0.0	0.0	0.0	0.0	0.0	0.0	0.0	0.0	0.0116279	0.0057803	
Eider à duvet	0.0	0.0	0.0	0.0	0.0	0.0	0.0	0.0	0.0	0.0	0.0	0.0	0.0	0.0	0.0	0.0	0.0	0.0	0.0	0.0	0.0	0.0	0.0	0.0	0.0	0.0	0.0	0.0015	0.0	0.0	0.0	0.0	0.0	0.0	0.0	0.0	0.0	0.0	0.0	0.0	0.0	0.0	0.0273973	0.0	0.0	0.0	0.0	0.0	
Macreuse brune	0.0	0.0	0.0123457	0.0075188	0.0	0.0	0.0	0.0148148	0.0128205	0.0	0.0	0.0	0.0	0.0	0.0	0.0	0.0	0.0	0.0	0.0	0.0	0.0	0.0	0.0	0.0	0.0	0.0	0.0	0.0	0.0	0.0	0.0	0.0	0.0	0.0	0.0	0.0	0.0	0.0	0.0	0.0	0.0015	0.0	0.008	0.0084034	0.0	0.0	0.0	
Macreuse noire	0.0015	0.0	0.0	0.0	0.0	0.0081967	0.008	0.0	0.0	0.0	0.0015	0.0	0.0	0.0	0.0052632	0.0	0.0	0.0015	0.0	0.0	0.0	0.0	0.0	0.0057803	0.0	0.0	0.006135	0.0052632	0.01	0.0107527	0.0173913	0.0124224	0.0508475	0.0271739	0.0015	0.005102	0.0015	0.0201342	0.0106383	0.0403226	0.0163934	0.0212766	0.0136986	0.032	0.0168067	0.0	0.0	0.017341	
Harelde boréale	0.0015	0.0	0.0123457	0.0	0.0	0.0	0.0	0.0074074	0.0	0.0	0.0	0.0	0.0	0.0	0.0	0.0	0.0	0.0	0.0	0.0	0.0	0.0	0.0	0.0	0.0	0.0	0.0	0.0	0.0	0.0	0.0	0.0	0.0	0.0	0.0	0.0	0.0	0.0	0.0	0.0	0.0	0.0	0.0	0.0	0.0	0.0	0.0	0.0	
Garrot à oeil d'or	0.0	0.0326087	0.0493827	0.0	0.0	0.0	0.0	0.0074074	0.0	0.0	0.0	0.0	0.0	0.0	0.0	0.0	0.0	0.0	0.0	0.0	0.0	0.0	0.0	0.0	0.0148148	0.0	0.0	0.0	0.0	0.0	0.0	0.0	0.0	0.0	0.0	0.0	0.0	0.0	0.0	0.0	0.0	0.0	0.0	0.0	0.0	0.0	0.0116279	0.0015	
Harle piette	0.0252101	0.0326087	0.0617284	0.0015	0.0	0.0	0.0	0.0	0.0	0.0	0.0	0.0	0.0	0.0	0.0	0.0	0.0	0.0	0.0	0.0	0.0	0.0	0.0	0.0	0.0	0.0	0.0	0.0	0.0	0.0	0.0	0.0	0.0	0.0	0.0	0.0	0.0	0.0	0.0	0.0	0.0	0.0	0.0	0.0	0.0	0.0	0.0	0.0015	
Harle huppé	0.0015	0.0	0.0015	0.0	0.0	0.0	0.0	0.0074074	0.0	0.0	0.0071942	0.0	0.0	0.0	0.0015	0.0015	0.0	0.0015	0.0	0.0	0.0	0.0	0.0	0.0	0.0	0.0	0.0	0.0	0.0	0.0	0.0	0.0	0.0	0.0	0.0	0.0	0.0	0.0	0.0	0.0	0.0	0.0106383	0.0	0.008	0.0252101	0.0015	0.0	0.0057803	
anatidé sp. (canard sp.)	0.0084034	0.0	0.0	0.0075188	0.0	0.0	0.0	0.0	0.0	0.0	0.0	0.0	0.0	0.0059172	0.0	0.0	0.0	0.0	0.0	0.0	0.0	0.0	0.0	0.0	0.0	0.006993	0.006135	0.0052632	0.0	0.0107527	0.0086957	0.0062112	0.0	0.0	0.0	0.0	0.0	0.0067114	0.0	0.0	0.0081967	0.0	0.0136986	0.008	0.0	0.0	0.0	0.0	
Faisan de Colchide	0.0168067	0.0543478	0.037037	0.0225564	0.0413223	0.0409836	0.064	0.0296296	0.0384615	0.049505	0.0359712	0.0733333	0.0441989	0.0532544	0.0105263	0.0390625	0.0228571	0.0970874	0.0374332	0.0408163	0.0307692	0.025	0.0015	0.0289017	0.0074074	0.020979	0.0245399	0.0015	0.01	0.0215054	0.0347826	0.0124224	0.0169492	0.0326087	0.036036	0.0204082	0.0252101	0.0201342	0.0319149	0.016129	0.0327869	0.0106383	0.0410959	0.064	0.0756303	0.04	0.0348837	0.0462428	
Faisan versicolore	0.0	0.0	0.0	0.0	0.0	0.0	0.0	0.0	0.0	0.0	0.0	0.0	0.0	0.0	0.0	0.0	0.0	0.0	0.0	0.0	0.0	0.0015	0.0	0.0	0.0	0.0	0.0	0.0	0.0	0.0	0.0	0.0	0.0	0.0	0.0	0.0	0.0	0.0	0.0	0.0	0.0	0.0	0.0	0.0	0.0084034	0.0	0.0	0.0	
Faisan de Colchide ou F. versicolore	0.0	0.0	0.0	0.0015	0.0	0.0	0.0	0.0	0.0	0.0	0.0	0.0	0.0	0.0	0.0	0.0	0.0	0.0	0.0	0.0	0.0	0.0	0.0	0.0	0.0	0.0	0.0	0.0	0.0	0.0	0.0	0.0	0.0	0.0	0.0	0.0	0.0	0.0	0.0	0.0080645	0.0	0.0	0.0	0.0	0.0	0.0	0.0	0.0	
Paon bleu	0.0	0.0	0.0	0.0	0.0	0.0	0.0	0.0	0.0	0.0	0.0	0.0	0.0055249	0.0	0.0	0.0	0.0	0.0	0.0	0.0	0.0	0.0	0.0	0.0	0.0	0.0	0.0	0.0	0.0	0.0	0.0	0.0	0.0	0.0	0.0	0.0	0.0	0.0	0.0	0.0	0.0	0.0	0.0	0.0	0.0	0.0	0.0	0.0	
Caille des blés	0.0	0.0	0.0	0.0	0.0	0.0	0.0	0.0	0.0	0.0	0.0	0.0	0.0	0.0	0.0052632	0.0	0.0	0.0	0.0	0.0	0.0	0.0	0.0	0.0	0.0	0.0	0.0	0.0	0.0	0.0015	0.0	0.0	0.0	0.0	0.0	0.0	0.0	0.0	0.0	0.0	0.0	0.0	0.0	0.0015	0.0	0.0	0.0	0.0	
Perdrix rouge	0.0	0.0	0.0	0.0	0.0	0.0081967	0.0	0.0148148	0.0	0.0	0.0	0.0	0.0055249	0.0	0.0052632	0.0	0.0	0.0	0.0053476	0.0081633	0.0	0.0	0.0	0.0015	0.0074074	0.0	0.006135	0.0	0.0	0.0	0.0	0.0	0.0	0.0163043	0.0015	0.0	0.0015	0.0	0.0106383	0.0080645	0.0	0.0	0.0015	0.0	0.0	0.0	0.0	0.0	
Pigeon biset	0.3109244	0.3586957	0.3333333	0.2706767	0.322314	0.3114754	0.32	0.2444444	0.2692308	0.3960396	0.2086331	0.3133333	0.2209945	0.2662722	0.3263158	0.2226563	0.2114286	0.2378641	0.2887701	0.277551	0.2461538	0.1833333	0.2352941	0.2023121	0.2740741	0.2307692	0.208589	0.2105263	0.24	0.1182796	0.1826087	0.1801242	0.2372881	0.2119565	0.3603604	0.3826531	0.3109244	0.2751678	0.2659574	0.1290323	0.2868852	0.2446809	0.369863	0.232	0.2352941	0.3	0.1860465	0.1965318	
Pigeon colombin	0.0015	0.0	0.0	0.0075188	0.0082645	0.0	0.0	0.0	0.0	0.0	0.0	0.0066667	0.0110497	0.0177515	0.0052632	0.0039063	0.0	0.0048544	0.0015	0.0040816	0.0015	0.0	0.0	0.0015	0.0	0.027972	0.0122699	0.0	0.0	0.0215054	0.0	0.0062112	0.0	0.0108696	0.009009	0.0153061	0.0252101	0.0469799	0.0425532	0.0241935	0.0409836	0.0319149	0.0136986	0.008	0.0	0.0	0.0	0.0057803	
Pigeon ramier	0.5462185	0.576087	0.5308642	0.593985	0.553719	0.5245902	0.528	0.437037	0.5897436	0.6534653	0.4388489	0.5	0.519337	0.5621302	0.5526316	0.5195313	0.5485714	0.5631068	0.5347594	0.4693878	0.5076923	0.5416667	0.4537815	0.4393064	0.562963	0.5944056	0.5582822	0.5684211	0.68	0.5698925	0.5217391	0.5962733	0.559322	0.6086957	0.5945946	0.4387755	0.5210084	0.4228188	0.4787234	0.5	0.4180328	0.5	0.4246575	0.512	0.4621849	0.51	0.6046512	0.5144509	
Columba sp.	0.0084034	0.0	0.0	0.0	0.0	0.0	0.0	0.0	0.0	0.0	0.0	0.0	0.0	0.0	0.0	0.0	0.0057143	0.0	0.0	0.0	0.0	0.0	0.0	0.0	0.0	0.0	0.0	0.0	0.0	0.0	0.0	0.0	0.0	0.0	0.0	0.0	0.0	0.0	0.0	0.0	0.0	0.0	0.0	0.0	0.0084034	0.01	0.0	0.0	
Tourterelle des bois	0.0	0.0	0.0	0.0	0.0	0.0	0.0	0.0	0.0	0.0	0.0	0.0	0.0	0.0236686	0.0105263	0.0117188	0.0114286	0.0436893	0.0481283	0.0163265	0.0615385	0.1333333	0.0420168	0.0115607	0.0666667	0.0909091	0.0245399	0.0578947	0.03	0.0537634	0.0347826	0.0248447	0.0	0.0054348	0.0015	0.0	0.0084034	0.0	0.0	0.0	0.0	0.0	0.0	0.0	0.0	0.0	0.0	0.0	
Tourterelle turque	0.3445378	0.3043478	0.2098765	0.2932331	0.2066116	0.3032787	0.28	0.3037037	0.3846154	0.3564356	0.3741007	0.32	0.3977901	0.3964497	0.4789474	0.375	0.4571429	0.3543689	0.3368984	0.2938776	0.3153846	0.3666667	0.3529412	0.4219653	0.4444444	0.3986014	0.3558282	0.2894737	0.35	0.3225806	0.4086957	0.3416149	0.3050847	0.3315217	0.2522523	0.2397959	0.2016807	0.2751678	0.212766	0.2258065	0.2295082	0.1702128	0.2876712	0.168	0.302521	0.28	0.2674419	0.2774566	
Streptopelia sp.	0.0	0.0	0.0	0.0	0.0	0.0	0.0	0.0	0.0	0.0	0.0	0.0	0.0	0.0	0.0	0.0	0.0	0.0	0.0	0.0	0.0	0.0	0.0	0.0	0.0	0.0	0.0	0.0	0.0015	0.0	0.0	0.0	0.0	0.0	0.0	0.0	0.0	0.0	0.0	0.0	0.0	0.0	0.0	0.0	0.0	0.0	0.0	0.0	
columbidé sp.	0.0	0.0	0.0	0.0	0.0	0.0081967	0.0	0.0	0.0	0.0	0.0	0.0	0.0	0.0	0.0	0.0	0.0	0.0	0.0	0.0	0.0	0.0	0.0	0.0	0.0	0.0	0.0	0.0015	0.0	0.0	0.0	0.0	0.0	0.0	0.0	0.005102	0.0	0.0	0.0212766	0.0	0.0	0.0	0.0	0.0	0.0	0.0	0.0	0.0057803	
Coucou gris	0.0	0.0	0.0	0.0	0.0	0.0	0.0	0.0	0.0015	0.0015	0.0431655	0.0533333	0.0939227	0.1005917	0.1368421	0.140625	0.1371429	0.1456311	0.1122995	0.0367347	0.0384615	0.0083333	0.0084034	0.0057803	0.0	0.0	0.0015	0.0052632	0.02	0.0215054	0.0086957	0.0062112	0.0	0.0	0.0	0.0	0.0	0.0	0.0	0.0	0.0	0.0	0.0	0.0	0.0	0.0	0.0	0.0	
Engoulevent d'Europe	0.0	0.0	0.0	0.0	0.0	0.0	0.0	0.0	0.0	0.0	0.0	0.0	0.0	0.0	0.0	0.0	0.0015	0.0048544	0.0213904	0.0081633	0.0153846	0.0	0.0015	0.017341	0.0074074	0.006993	0.006135	0.0015	0.01	0.0322581	0.0015	0.0015	0.0056497	0.0054348	0.0015	0.0	0.0	0.0	0.0	0.0	0.0	0.0	0.0	0.0	0.0	0.0	0.0	0.0	
Martinet à ventre blanc	0.0	0.0	0.0	0.0	0.0	0.0	0.0	0.0	0.0	0.0	0.0	0.0	0.0	0.0	0.0	0.0	0.0	0.0	0.0	0.0	0.0	0.0	0.0	0.0	0.0	0.0	0.0	0.0	0.0	0.0	0.0	0.0	0.0	0.0	0.0	0.0	0.0	0.0	0.0	0.0080645	0.0	0.0	0.0	0.0	0.0	0.0	0.0	0.0	
Martinet noir	0.0	0.0	0.0	0.0	0.0	0.0	0.0	0.0	0.0	0.0	0.0	0.0	0.0110497	0.0414201	0.2263158	0.2929688	0.3828571	0.3980583	0.3529412	0.4122449	0.4230769	0.4083333	0.3865546	0.4566474	0.2666667	0.3496503	0.1779141	0.1052632	0.07	0.0322581	0.0086957	0.0124224	0.0056497	0.0054348	0.0	0.0	0.0	0.0067114	0.0	0.0080645	0.0	0.0	0.0	0.0	0.0	0.0	0.0	0.0	
Martinet pâle	0.0	0.0	0.0	0.0	0.0	0.0	0.0	0.0	0.0	0.0	0.0	0.0	0.0	0.0	0.0	0.0	0.0	0.0	0.0	0.0040816	0.0	0.0083333	0.0	0.0	0.0	0.0	0.0	0.0	0.0	0.0	0.0	0.0	0.0	0.0	0.0	0.0	0.0	0.0067114	0.0	0.0	0.0	0.0	0.0	0.0	0.0	0.0	0.0	0.0	
Martinet noir ou M. pâle	0.0	0.0	0.0	0.0	0.0	0.0	0.0	0.0	0.0	0.0	0.0	0.0	0.0	0.0	0.0	0.0	0.0	0.0	0.0	0.0	0.0	0.0	0.0	0.0	0.0	0.0	0.0	0.0	0.0	0.0	0.0	0.0	0.0	0.0	0.0	0.0	0.0	0.0067114	0.0	0.0	0.0	0.0	0.0	0.0	0.0	0.0	0.0	0.0	
Apus sp.	0.0	0.0	0.0	0.0	0.0	0.0	0.0	0.0	0.0	0.0	0.0	0.0	0.0	0.0	0.0	0.0	0.0	0.0	0.0	0.0	0.0	0.0	0.0	0.0	0.0	0.0	0.0	0.0	0.0	0.0	0.0	0.0	0.0	0.0	0.0	0.0	0.0	0.0	0.0	0.0080645	0.0	0.0	0.0	0.0	0.0	0.0	0.0	0.0	
Apus ou Tachymarptis sp.	0.0	0.0	0.0	0.0	0.0	0.0	0.0	0.0	0.0	0.0	0.0	0.0	0.0	0.0	0.0	0.0	0.0	0.0	0.0	0.0	0.0	0.0	0.0	0.0	0.0	0.0	0.0	0.0052632	0.01	0.0	0.0	0.0	0.0	0.0	0.0	0.0	0.0	0.0	0.0	0.0	0.0	0.0	0.0	0.0	0.0	0.0	0.0	0.0	
apodidé sp.	0.0	0.0	0.0	0.0	0.0	0.0	0.0	0.0	0.0	0.0	0.0	0.0	0.0	0.0	0.0	0.0	0.0015	0.0015	0.0	0.0	0.0	0.0	0.0	0.0	0.0	0.0	0.0	0.0	0.0	0.0	0.0	0.0	0.0	0.0	0.0	0.0	0.0	0.0	0.0	0.0	0.0	0.0	0.0	0.0	0.0	0.0	0.0	0.0	
Râle d'eau	0.0840336	0.0869565	0.1358025	0.0827068	0.0743802	0.1065574	0.112	0.0592593	0.0769231	0.0792079	0.0935252	0.04	0.0828729	0.0473373	0.0315789	0.046875	0.0514286	0.0339806	0.026738	0.0204082	0.0384615	0.025	0.0336134	0.0231214	0.0444444	0.041958	0.0613497	0.0473684	0.03	0.0860215	0.1130435	0.0931677	0.1129944	0.125	0.1621622	0.0969388	0.1260504	0.1543624	0.0744681	0.1048387	0.0409836	0.0957447	0.1506849	0.2	0.1428571	0.11	0.1162791	0.0982659	
Râle des genêts	0.0	0.0	0.0	0.0	0.0	0.0	0.0	0.0	0.0	0.0	0.0	0.0	0.0	0.0	0.0	0.0	0.0	0.0	0.0015	0.0	0.0	0.0	0.0	0.0	0.0	0.0	0.0	0.0	0.0	0.0	0.0	0.0	0.0	0.0	0.0	0.0	0.0	0.0	0.0	0.0	0.0	0.0	0.0	0.0	0.0	0.0	0.0	0.0	
Marouette ponctuée	0.0	0.0	0.0	0.0	0.0	0.0	0.0	0.0	0.0	0.0	0.0	0.0066667	0.0	0.0	0.0	0.0	0.0	0.0	0.0	0.0	0.0	0.0	0.0	0.0	0.0	0.0	0.0	0.0	0.01	0.0	0.0	0.0	0.0	0.0	0.009009	0.005102	0.0084034	0.0067114	0.0	0.0	0.0	0.0	0.0	0.0	0.0	0.0	0.0	0.0	
Gallinule poule-d'eau	0.2184874	0.2608696	0.2345679	0.2330827	0.2231405	0.2459016	0.304	0.1925926	0.2051282	0.3267327	0.1942446	0.2333333	0.2651934	0.2130178	0.1947368	0.21875	0.2514286	0.315534	0.2727273	0.2816327	0.2461538	0.2	0.1932773	0.1791908	0.2592593	0.2237762	0.196319	0.2263158	0.22	0.2043011	0.2521739	0.2298137	0.180791	0.2173913	0.4054054	0.3010204	0.2521008	0.2885906	0.1914894	0.1612903	0.1393443	0.2234043	0.260274	0.288	0.2941176	0.18	0.244186	0.2716763	
Foulque macroule	0.2436975	0.2065217	0.308642	0.2105263	0.2231405	0.2377049	0.264	0.1185185	0.1025641	0.2178218	0.2086331	0.2	0.2154696	0.1005917	0.0894737	0.1015625	0.12	0.1650485	0.1283422	0.1836735	0.1230769	0.1	0.1176471	0.1156069	0.1925926	0.1398601	0.1472393	0.1736842	0.13	0.172043	0.2434783	0.2546584	0.1864407	0.201087	0.3693694	0.244898	0.1932773	0.1946309	0.1595745	0.1612903	0.1721311	0.2234043	0.2054795	0.248	0.2857143	0.25	0.244186	0.283237	
Grue cendrée	0.0336134	0.0434783	0.0246914	0.0300752	0.0330579	0.0819672	0.08	0.1037037	0.025641	0.019802	0.0	0.0133333	0.0	0.0	0.0	0.0039063	0.0	0.0	0.0	0.0	0.0	0.0	0.0	0.0	0.0	0.0	0.0	0.0	0.0	0.0	0.0	0.0062112	0.0	0.0	0.0	0.0	0.0	0.0201342	0.0531915	0.0645161	0.1147541	0.1170213	0.0684932	0.08	0.0672269	0.04	0.0697674	0.0635838	
Oedicnème criard	0.0084034	0.0217391	0.0	0.0	0.0	0.0	0.0	0.0	0.0128205	0.0	0.0015	0.0	0.0	0.0	0.0105263	0.0	0.0	0.0015	0.0106952	0.0040816	0.0	0.0	0.0	0.0	0.0	0.0	0.0	0.0	0.0	0.0	0.0	0.0	0.0	0.0	0.0	0.0	0.0	0.0	0.0	0.0	0.0	0.0	0.0	0.016	0.0084034	0.0	0.0	0.0	
Échasse blanche	0.0	0.0	0.0	0.0	0.0	0.0	0.0	0.0	0.0	0.049505	0.0359712	0.1133333	0.2044199	0.1360947	0.1157895	0.1601563	0.1657143	0.2038835	0.1069519	0.155102	0.1307692	0.1333333	0.1008403	0.1040462	0.1925926	0.1328671	0.1411043	0.1473684	0.1	0.1397849	0.1652174	0.1242236	0.1016949	0.0978261	0.0540541	0.0357143	0.0015	0.0134228	0.0	0.0	0.0	0.0	0.0	0.0	0.0	0.0	0.0	0.0	
Avocette élégante	0.0840336	0.0869565	0.1234568	0.1353383	0.0991736	0.1229508	0.096	0.0814815	0.0769231	0.1386139	0.0935252	0.0933333	0.1546961	0.1065089	0.0842105	0.1132813	0.0742857	0.1116505	0.0695187	0.1102041	0.0923077	0.0666667	0.0756303	0.0462428	0.0888889	0.0699301	0.0674847	0.0842105	0.09	0.1075269	0.1565217	0.1242236	0.1355932	0.1032609	0.2432432	0.1377551	0.1176471	0.1543624	0.106383	0.1048387	0.0901639	0.0851064	0.109589	0.144	0.1428571	0.15	0.1046512	0.0924855	
Huîtrier pie	0.0	0.0108696	0.0123457	0.0225564	0.0165289	0.0	0.016	0.037037	0.0128205	0.0	0.0	0.0266667	0.0110497	0.0	0.0015	0.0078125	0.0	0.0097087	0.0053476	0.0122449	0.0	0.0083333	0.0	0.0057803	0.0074074	0.0	0.006135	0.0315789	0.0015	0.0	0.0015	0.0248447	0.0225989	0.0271739	0.009009	0.0204082	0.0084034	0.0201342	0.0212766	0.016129	0.0245902	0.0	0.0136986	0.04	0.0252101	0.01	0.0015	0.0231214	
Pluvier argenté	0.0756303	0.076087	0.0987654	0.112782	0.0495868	0.0737705	0.048	0.0444444	0.0512821	0.019802	0.0431655	0.04	0.0607735	0.0532544	0.0368421	0.0859375	0.1028571	0.1213592	0.0534759	0.0571429	0.0307692	0.0333333	0.0252101	0.0115607	0.0222222	0.006993	0.0245399	0.0526316	0.08	0.0752688	0.1391304	0.0931677	0.1412429	0.0978261	0.1801802	0.0663265	0.092437	0.114094	0.0744681	0.1209677	0.0737705	0.0638298	0.0958904	0.2	0.1092437	0.17	0.0813953	0.0809249	
Pluvier doré	0.0	0.0108696	0.0123457	0.0	0.0	0.0081967	0.0	0.0074074	0.0	0.009901	0.0	0.0	0.0	0.0	0.0015	0.0	0.0	0.0015	0.0106952	0.0	0.0	0.0	0.0	0.0057803	0.0	0.0	0.0	0.0	0.0	0.0	0.0	0.0	0.0	0.0054348	0.018018	0.005102	0.0084034	0.0268456	0.0015	0.0241935	0.0	0.0106383	0.0410959	0.032	0.0252101	0.0015	0.0116279	0.0057803	
Pluvier fauve	0.0	0.0	0.0	0.0	0.0	0.0	0.0	0.0	0.0	0.0	0.0	0.0	0.0	0.0	0.0	0.0	0.0	0.0	0.0	0.0	0.0	0.0	0.0	0.0	0.0	0.0	0.0	0.0	0.0	0.0015	0.0	0.0062112	0.0	0.0	0.0	0.0	0.0	0.0	0.0	0.0	0.0	0.0	0.0	0.0	0.0	0.0	0.0	0.0	
Pluvialis sp.	0.0	0.0	0.0	0.0	0.0	0.0	0.0	0.0	0.0	0.0	0.0	0.0	0.0	0.0	0.0	0.0	0.0	0.0048544	0.0	0.0	0.0	0.0	0.0	0.0	0.0	0.0	0.0	0.0	0.0	0.0	0.0	0.0	0.0	0.0	0.0	0.0	0.0	0.0	0.0	0.0	0.0	0.0	0.0	0.0	0.0	0.0	0.0	0.0	
Grand Gravelot	0.0588235	0.076087	0.0493827	0.0902256	0.0330579	0.0737705	0.032	0.0666667	0.0769231	0.039604	0.0719424	0.0533333	0.0607735	0.0532544	0.0526316	0.078125	0.1314286	0.1650485	0.0695187	0.0897959	0.0153846	0.0083333	0.0168067	0.017341	0.0518519	0.006993	0.0306748	0.0526316	0.05	0.0645161	0.1478261	0.1180124	0.2146893	0.2119565	0.2252252	0.1122449	0.1344538	0.1342282	0.1170213	0.1370968	0.0983607	0.0531915	0.0821918	0.144	0.1008403	0.13	0.0697674	0.0635838	
Petit Gravelot	0.0	0.0	0.0	0.0	0.0	0.0	0.0	0.0	0.0	0.0	0.0143885	0.0733333	0.0883978	0.0473373	0.0210526	0.0273438	0.0228571	0.0242718	0.0160428	0.0204082	0.0153846	0.0083333	0.0015	0.0404624	0.0444444	0.027972	0.0490798	0.0157895	0.06	0.0430108	0.0608696	0.0434783	0.039548	0.0054348	0.018018	0.005102	0.0084034	0.0	0.0	0.0	0.0	0.0	0.0	0.0	0.0	0.0	0.0	0.0	
Grand Gravelot ou Petit Gravelot	0.0	0.0	0.0	0.0	0.0	0.0	0.0	0.0	0.0	0.0	0.0	0.0	0.0	0.0	0.0	0.0	0.0	0.0097087	0.0	0.0	0.0	0.0	0.0	0.0	0.0	0.0	0.0	0.0	0.0	0.0	0.0	0.0	0.0	0.0	0.0	0.0	0.0	0.0	0.0	0.0	0.0	0.0	0.0	0.0	0.0	0.0	0.0	0.0	
Vanneau huppé	0.0840336	0.0869565	0.1234568	0.0977444	0.1239669	0.1885246	0.112	0.0296296	0.025641	0.009901	0.0143885	0.0466667	0.0165746	0.0177515	0.0263158	0.015625	0.0	0.0048544	0.0374332	0.0244898	0.0615385	0.0416667	0.0420168	0.0462428	0.1259259	0.1048951	0.1165644	0.1421053	0.11	0.1505376	0.173913	0.1925466	0.1186441	0.1304348	0.2522523	0.1122449	0.1176471	0.114094	0.106383	0.0645161	0.0737705	0.0744681	0.1232877	0.136	0.1008403	0.09	0.127907	0.132948	
Gravelot de Leschenault	0.0	0.0	0.0	0.0	0.0	0.0	0.0	0.0	0.0	0.0	0.0	0.0	0.0	0.0	0.0	0.0	0.0	0.0	0.0	0.0	0.0	0.0	0.0	0.0	0.0	0.0	0.0	0.0	0.0	0.0107527	0.0086957	0.0	0.0	0.0	0.0	0.0	0.0	0.0	0.0	0.0	0.0	0.0	0.0	0.0	0.0	0.0	0.0	0.0	
Gravelot à collier interrompu	0.0015	0.0	0.0	0.0	0.0	0.0081967	0.0	0.0015	0.0128205	0.0	0.0015	0.0	0.0	0.0	0.0210526	0.0117188	0.0015	0.0015	0.0106952	0.0081633	0.0015	0.0083333	0.0	0.0	0.0222222	0.0015	0.0122699	0.0105263	0.02	0.0107527	0.0173913	0.0015	0.0225989	0.0271739	0.0	0.0153061	0.0168067	0.0067114	0.0212766	0.0241935	0.0081967	0.0	0.0136986	0.008	0.0084034	0.02	0.0	0.0115607	
Charadriidae sp.	0.0	0.0	0.0	0.0	0.0	0.0	0.0	0.0	0.0	0.0	0.0	0.0	0.0	0.0	0.0	0.0	0.0	0.0	0.0	0.0	0.0	0.0	0.0	0.0	0.0	0.0	0.0	0.0	0.0	0.0	0.0	0.0	0.0	0.0	0.0	0.0102041	0.0	0.0	0.0	0.0	0.0	0.0	0.0	0.0	0.0	0.0	0.0	0.0	
Courlis corlieu	0.0	0.0217391	0.0246914	0.0075188	0.0	0.0327869	0.0	0.0015	0.0	0.0	0.0143885	0.0066667	0.038674	0.0177515	0.1157895	0.09375	0.0857143	0.0970874	0.0427807	0.0653061	0.0153846	0.025	0.0084034	0.0231214	0.0518519	0.034965	0.0797546	0.0947368	0.05	0.0860215	0.1478261	0.0621118	0.1129944	0.0706522	0.0810811	0.0204082	0.0336134	0.0201342	0.0319149	0.0322581	0.0081967	0.0106383	0.0	0.024	0.0588235	0.02	0.0	0.0289017	
Courlis cendré	0.092437	0.0543478	0.0864198	0.1203008	0.0330579	0.0901639	0.08	0.1037037	0.0641026	0.029703	0.0647482	0.1066667	0.0773481	0.0414201	0.0526316	0.0429688	0.0457143	0.0485437	0.0374332	0.0612245	0.0307692	0.025	0.0168067	0.0289017	0.0666667	0.0559441	0.0920245	0.1105263	0.08	0.0860215	0.1130435	0.0869565	0.1073446	0.076087	0.1531532	0.0612245	0.092437	0.0805369	0.0744681	0.0887097	0.0655738	0.0851064	0.0821918	0.128	0.1176471	0.06	0.0581395	0.0635838	
Barge rousse	0.0336134	0.0326087	0.0246914	0.0601504	0.0165289	0.0163934	0.024	0.0222222	0.0	0.029703	0.0143885	0.0266667	0.0331492	0.0177515	0.0421053	0.078125	0.0628571	0.0776699	0.0213904	0.0326531	0.0384615	0.0166667	0.0084034	0.0231214	0.0074074	0.013986	0.0306748	0.0263158	0.05	0.0	0.0434783	0.0372671	0.0621469	0.0706522	0.0990991	0.0510204	0.0588235	0.0738255	0.0106383	0.0564516	0.0245902	0.0106383	0.0547945	0.024	0.0840336	0.05	0.0	0.017341	
Barge à queue noire	0.0588235	0.0978261	0.1358025	0.1428571	0.0991736	0.147541	0.096	0.0666667	0.0641026	0.1485149	0.1079137	0.1066667	0.1933702	0.112426	0.0894737	0.1171875	0.0857143	0.1019417	0.0695187	0.1142857	0.0692308	0.0916667	0.092437	0.0693642	0.1481481	0.1118881	0.1165644	0.1263158	0.1	0.1290323	0.173913	0.1925466	0.1299435	0.1413043	0.2792793	0.1479592	0.1092437	0.1543624	0.0851064	0.1129032	0.0655738	0.0851064	0.109589	0.12	0.1596639	0.13	0.127907	0.0867052	
Barge rouse ou B. à queue noire	0.0	0.0	0.0	0.0	0.0	0.0	0.0	0.0	0.0	0.0	0.0	0.0066667	0.0	0.0	0.0	0.0039063	0.0	0.0	0.0	0.0040816	0.0	0.0	0.0	0.0	0.0	0.0	0.0	0.0	0.0	0.0	0.0	0.0	0.0	0.0	0.0	0.0	0.0	0.0	0.0	0.0	0.0	0.0	0.0	0.0	0.0	0.0	0.0	0.0	
Bécassine sourde	0.0	0.0	0.0	0.0	0.0	0.0163934	0.0	0.0	0.0	0.0	0.0	0.0066667	0.0055249	0.0	0.0	0.0	0.0	0.0	0.0	0.0	0.0	0.0	0.0	0.0	0.0	0.0	0.0	0.0	0.0	0.0	0.0	0.0	0.0	0.0	0.0	0.0	0.0	0.0015	0.0	0.0	0.0	0.0	0.0	0.008	0.0	0.0	0.0	0.0015	
Bécasse des bois	0.0015	0.0108696	0.0	0.0015	0.0015	0.0015	0.0015	0.0015	0.0	0.0	0.0	0.0	0.0	0.0	0.0	0.0	0.0	0.0	0.0	0.0	0.0	0.0	0.0	0.0	0.0	0.0	0.0	0.0	0.0	0.0	0.0	0.0	0.0	0.0	0.0	0.0	0.0	0.0	0.0	0.0015	0.0	0.0	0.0	0.0	0.0084034	0.0	0.0	0.0057803	
Bécassine des marais	0.0756303	0.0869565	0.0987654	0.0526316	0.0743802	0.1147541	0.072	0.0518519	0.0512821	0.1386139	0.057554	0.0866667	0.1436464	0.0473373	0.0578947	0.03125	0.0342857	0.0048544	0.0	0.0015	0.0	0.0	0.0	0.0	0.0	0.0015	0.006135	0.0052632	0.01	0.0322581	0.0695652	0.0621118	0.0847458	0.0978261	0.1801802	0.1071429	0.092437	0.0939597	0.1170213	0.1048387	0.0737705	0.0957447	0.0958904	0.136	0.1596639	0.06	0.1162791	0.0982659	
Phalarope à bec large	0.0	0.0	0.0	0.0	0.0	0.0081967	0.024	0.0	0.0	0.0	0.0	0.0	0.0	0.0	0.0	0.0	0.0	0.0	0.0	0.0	0.0	0.0	0.0	0.0	0.0	0.0	0.0	0.0	0.0	0.0	0.0	0.0	0.0	0.0	0.0	0.005102	0.0084034	0.0015	0.0015	0.016129	0.0015	0.0106383	0.0410959	0.016	0.0168067	0.01	0.0	0.0	
Phalarope à bec étroit	0.0	0.0	0.0	0.0	0.0	0.0	0.0	0.0	0.0	0.0	0.0	0.0	0.0	0.0	0.0	0.0	0.0	0.0	0.0	0.0	0.0	0.0	0.0	0.0	0.0	0.0	0.0	0.0	0.0	0.0	0.0	0.0124224	0.0056497	0.0015	0.0	0.0	0.0	0.0	0.0	0.0	0.0	0.0	0.0	0.0	0.0	0.0	0.0	0.0	
phalarope sp.	0.0	0.0	0.0	0.0	0.0	0.0	0.0	0.0	0.0	0.0	0.0	0.0	0.0	0.0	0.0	0.0	0.0	0.0	0.0	0.0	0.0	0.0	0.0	0.0	0.0	0.0	0.0	0.0	0.0	0.0	0.0	0.0	0.0	0.0	0.0	0.0	0.0	0.0067114	0.0	0.0	0.0	0.0	0.0	0.0	0.0	0.0	0.0	0.0	
Chevalier guignette	0.0252101	0.0326087	0.0617284	0.0526316	0.0330579	0.0819672	0.032	0.0592593	0.025641	0.029703	0.0431655	0.0866667	0.0773481	0.0710059	0.1315789	0.1796875	0.1428571	0.1553398	0.0427807	0.044898	0.0230769	0.0083333	0.0015	0.0115607	0.1037037	0.0909091	0.196319	0.2684211	0.19	0.2365591	0.2869565	0.2732919	0.2259887	0.2336957	0.2432432	0.0765306	0.1008403	0.0671141	0.0638298	0.1290323	0.0819672	0.0851064	0.1369863	0.144	0.1344538	0.08	0.0581395	0.1156069	
Chevalier culblanc	0.0084034	0.0108696	0.0123457	0.0150376	0.0	0.0245902	0.04	0.0148148	0.025641	0.029703	0.028777	0.06	0.121547	0.0532544	0.0368421	0.015625	0.0228571	0.0048544	0.0	0.0	0.0	0.0083333	0.0252101	0.0115607	0.0814815	0.027972	0.0736196	0.0842105	0.07	0.1182796	0.1565217	0.1242236	0.0903955	0.0869565	0.0900901	0.0357143	0.0336134	0.0469799	0.0212766	0.0483871	0.0409836	0.0744681	0.0273973	0.072	0.0	0.05	0.0232558	0.0057803	
Chevalier stagnatile	0.0	0.0	0.0	0.0	0.0	0.0	0.0	0.0	0.0	0.0	0.0	0.0	0.0	0.0	0.0	0.0078125	0.0057143	0.0	0.0	0.0	0.0	0.0	0.0	0.0	0.0074074	0.0	0.0	0.0	0.0	0.0	0.0	0.0	0.0	0.0	0.0	0.0	0.0	0.0	0.0	0.0	0.0	0.0	0.0	0.0	0.0	0.0	0.0	0.0	
Chevalier sylvain	0.0	0.0	0.0	0.0	0.0	0.0	0.0	0.0	0.0	0.0	0.0071942	0.0133333	0.0055249	0.0118343	0.0157895	0.0546875	0.0057143	0.0097087	0.0053476	0.0081633	0.0	0.0	0.0	0.017341	0.0222222	0.006993	0.0122699	0.0157895	0.03	0.0537634	0.1130435	0.0621118	0.0169492	0.0163043	0.0630631	0.0153061	0.0	0.0067114	0.0106383	0.0	0.0	0.0	0.0	0.0	0.0	0.0	0.0	0.0	
Chevalier gambette	0.0504202	0.0217391	0.0987654	0.0977444	0.0495868	0.0901639	0.056	0.037037	0.0641026	0.0990099	0.1438849	0.1466667	0.1933702	0.1360947	0.1421053	0.1679688	0.1942857	0.2524272	0.1016043	0.1591837	0.0923077	0.075	0.0756303	0.0809249	0.162963	0.1188811	0.1042945	0.1421053	0.13	0.1075269	0.173913	0.1801242	0.1581921	0.1032609	0.2252252	0.0765306	0.0840336	0.114094	0.0744681	0.1048387	0.0491803	0.0531915	0.0684932	0.112	0.0756303	0.09	0.0581395	0.0751445	
Chevalier à pattes jaunes	0.0	0.0	0.0	0.0	0.0	0.0	0.0	0.0	0.0	0.0	0.0	0.0	0.0	0.0	0.0	0.0	0.0	0.0	0.0015	0.0	0.0	0.0	0.0	0.0	0.0	0.0	0.0	0.0	0.0	0.0	0.0	0.0	0.0	0.0	0.0	0.0	0.0	0.0	0.0	0.0	0.0	0.0	0.0	0.0	0.0	0.0	0.0	0.0	
Chevalier arlequin	0.0168067	0.0108696	0.0493827	0.037594	0.0082645	0.0327869	0.024	0.0148148	0.0128205	0.029703	0.0359712	0.0666667	0.0883978	0.0710059	0.0789474	0.125	0.1142857	0.0533981	0.0053476	0.0122449	0.0076923	0.0015	0.0336134	0.0520231	0.0962963	0.0559441	0.0613497	0.0631579	0.07	0.0860215	0.1130435	0.1180124	0.0903955	0.0652174	0.1081081	0.0714286	0.0588235	0.1073826	0.0319149	0.0483871	0.0163934	0.0425532	0.0684932	0.032	0.092437	0.04	0.0465116	0.0231214	
Chevalier aboyeur	0.0336134	0.0434783	0.0123457	0.0225564	0.0	0.0327869	0.0	0.0015	0.0015	0.019802	0.0431655	0.0333333	0.1104972	0.0710059	0.1105263	0.171875	0.1371429	0.1407767	0.0481283	0.0204082	0.0307692	0.0083333	0.0168067	0.0289017	0.037037	0.048951	0.0429448	0.0631579	0.06	0.0537634	0.1043478	0.0807453	0.1129944	0.1032609	0.1531532	0.0306122	0.0588235	0.0671141	0.0425532	0.0725806	0.057377	0.0319149	0.0547945	0.056	0.0420168	0.05	0.0348837	0.0346821	
Tournepierre à collier	0.0168067	0.0326087	0.0246914	0.0300752	0.0082645	0.0245902	0.024	0.0074074	0.0	0.009901	0.0215827	0.0266667	0.0	0.0177515	0.0368421	0.0351563	0.0685714	0.0631068	0.0213904	0.0408163	0.0076923	0.0	0.0168067	0.0	0.0074074	0.0	0.0	0.0263158	0.06	0.0537634	0.0608696	0.0434783	0.0847458	0.1032609	0.0720721	0.0561224	0.0336134	0.0604027	0.0531915	0.0806452	0.0983607	0.0638298	0.0547945	0.128	0.092437	0.12	0.0232558	0.0578035	
Bécasseau maubèche	0.0084034	0.0	0.0	0.0015	0.0165289	0.0081967	0.0	0.0074074	0.0128205	0.0	0.0	0.0	0.0	0.0118343	0.0052632	0.03125	0.0514286	0.0533981	0.026738	0.0285714	0.0	0.0	0.0	0.0	0.0074074	0.006993	0.0245399	0.0210526	0.03	0.0215054	0.0521739	0.0186335	0.079096	0.048913	0.1441441	0.0357143	0.0336134	0.0469799	0.0319149	0.0241935	0.0081967	0.0	0.0	0.024	0.0168067	0.01	0.0	0.0015	
Combattant varié	0.0	0.0	0.0	0.0075188	0.0	0.0	0.0	0.0074074	0.0	0.0	0.0071942	0.0133333	0.0607735	0.035503	0.0210526	0.0273438	0.0171429	0.0194175	0.0053476	0.0163265	0.0	0.0015	0.0015	0.0015	0.0296296	0.006993	0.006135	0.0052632	0.02	0.0107527	0.0086957	0.0372671	0.0451977	0.0434783	0.0720721	0.0357143	0.0252101	0.0536913	0.0106383	0.016129	0.0081967	0.0212766	0.0136986	0.008	0.0	0.0015	0.0	0.0	
Bécasseau falcinelle	0.0	0.0	0.0	0.0	0.0	0.0	0.0	0.0	0.0	0.0	0.0	0.0	0.0	0.0	0.0	0.0	0.0	0.0	0.0	0.0	0.0	0.0	0.0	0.0	0.0	0.0	0.0	0.0	0.0	0.0	0.0	0.0	0.0056497	0.0	0.0	0.0	0.0	0.0	0.0	0.0	0.0	0.0	0.0	0.0	0.0	0.0	0.0	0.0	
Bécasseau cocorli	0.0	0.0	0.0	0.0	0.0	0.0	0.0	0.0	0.0	0.0	0.0	0.0133333	0.0055249	0.0	0.0263158	0.0273438	0.0342857	0.0145631	0.0106952	0.0122449	0.0230769	0.0	0.0	0.0	0.0	0.0	0.0122699	0.0315789	0.02	0.0322581	0.0695652	0.0434783	0.0960452	0.0543478	0.1351351	0.0204082	0.0252101	0.0268456	0.0	0.0	0.0	0.0	0.0	0.008	0.0	0.0	0.0	0.0	
Bécasseau à échasses	0.0	0.0	0.0	0.0	0.0	0.0	0.0	0.0	0.0	0.0	0.0	0.0	0.0	0.0	0.0	0.0	0.0	0.0	0.0	0.0	0.0	0.0	0.0	0.0	0.0	0.0	0.0	0.0	0.0	0.0015	0.0	0.0	0.0	0.0	0.0	0.0	0.0	0.0	0.0	0.0	0.0	0.0	0.0	0.0	0.0	0.0	0.0	0.0	
Bécasseau de Temminck	0.0	0.0	0.0	0.0	0.0	0.0	0.0	0.0	0.0	0.0	0.0	0.0	0.0	0.0	0.0052632	0.0	0.0	0.0	0.0	0.0	0.0	0.0	0.0	0.0	0.0	0.0	0.0	0.0	0.0	0.0	0.0	0.0	0.0	0.0	0.009009	0.0	0.0	0.0015	0.0	0.0	0.0	0.0	0.0	0.0	0.0	0.0	0.0	0.0	
Bécasseau sanderling	0.0252101	0.076087	0.037037	0.0225564	0.0082645	0.0327869	0.032	0.0296296	0.0512821	0.0	0.0015	0.02	0.0055249	0.0177515	0.0473684	0.015625	0.0285714	0.0097087	0.0160428	0.0081633	0.0153846	0.0083333	0.0	0.0	0.0	0.0015	0.006135	0.0052632	0.02	0.0215054	0.0173913	0.0310559	0.1016949	0.1141304	0.0900901	0.0306122	0.0588235	0.0536913	0.0957447	0.1048387	0.0655738	0.0319149	0.0136986	0.08	0.0504202	0.05	0.0116279	0.0520231	
Bécasseau variable	0.0840336	0.1195652	0.0987654	0.1278195	0.0743802	0.0901639	0.096	0.1037037	0.0897436	0.049505	0.1151079	0.0733333	0.0828729	0.0532544	0.1	0.1015625	0.12	0.1456311	0.0588235	0.0612245	0.0230769	0.025	0.0168067	0.0057803	0.0740741	0.0629371	0.0674847	0.0842105	0.06	0.0322581	0.1391304	0.1428571	0.1468927	0.1413043	0.2162162	0.0867347	0.0756303	0.1342282	0.0744681	0.1048387	0.1229508	0.0744681	0.1369863	0.2	0.1848739	0.19	0.0813953	0.1445087	
Bécasseau violet	0.0	0.0	0.0	0.0	0.0	0.0	0.0	0.0	0.0	0.0	0.0	0.0	0.0	0.0	0.0	0.0	0.0	0.0	0.0	0.0	0.0	0.0	0.0	0.0	0.0	0.0	0.0	0.0	0.0	0.0	0.0	0.0	0.0	0.0	0.0	0.0	0.0	0.0	0.0	0.0	0.0163934	0.0106383	0.0	0.016	0.0084034	0.02	0.0	0.0057803	
Bécasseau minute	0.0084034	0.0108696	0.0246914	0.0225564	0.0082645	0.0081967	0.008	0.0296296	0.0128205	0.009901	0.0143885	0.0066667	0.0165746	0.0059172	0.0157895	0.0234375	0.0057143	0.0194175	0.0106952	0.0040816	0.0076923	0.0	0.0	0.0	0.0	0.0	0.0245399	0.0105263	0.0	0.0	0.026087	0.0310559	0.0734463	0.048913	0.0630631	0.0153061	0.0168067	0.0604027	0.0	0.0403226	0.0081967	0.0106383	0.0410959	0.056	0.0672269	0.05	0.0116279	0.0231214	
Bécasseau de Bonaparte	0.0	0.0	0.0	0.0	0.0	0.0	0.0	0.0	0.0	0.0	0.0	0.0	0.0	0.0	0.0	0.0	0.0	0.0	0.0	0.0	0.0	0.0	0.0	0.0	0.0	0.0	0.0	0.0	0.0	0.0	0.0	0.0	0.0	0.0	0.0	0.0	0.0	0.0	0.0106383	0.0	0.0	0.0	0.0	0.0	0.0	0.0	0.0	0.0	
Bécasseau semipalmé	0.0	0.0	0.0	0.0	0.0	0.0	0.0	0.0	0.0	0.0	0.0	0.0	0.0	0.0	0.0	0.0	0.0	0.0	0.0	0.0	0.0	0.0	0.0	0.0	0.0	0.0	0.0	0.0	0.0	0.0	0.0	0.0	0.0	0.0015	0.018018	0.0	0.0	0.0	0.0	0.0	0.0	0.0	0.0	0.0	0.0	0.0	0.0	0.0	
Calidris sp. (petit bécasseau sp.)	0.0084034	0.0	0.0	0.0075188	0.0	0.0081967	0.0	0.0	0.0	0.0	0.0	0.0066667	0.0	0.0	0.0	0.0	0.0	0.0	0.0	0.0	0.0	0.0	0.0	0.0	0.0	0.0	0.0	0.0	0.0	0.0	0.0	0.0	0.0	0.0	0.009009	0.005102	0.0084034	0.0067114	0.0	0.0	0.0	0.0	0.0	0.0	0.0	0.0	0.0	0.0	
scolopacidé sp.	0.0	0.0	0.0	0.0	0.0	0.0	0.0	0.0	0.0	0.0	0.0	0.0	0.0	0.0	0.0	0.0	0.0	0.0	0.0	0.0	0.0	0.0	0.0	0.0	0.0	0.0	0.0	0.0	0.0	0.0	0.0	0.0	0.0	0.0	0.0	0.0	0.0	0.0	0.0	0.0	0.0081967	0.0	0.0	0.0	0.0	0.0	0.0	0.0	
grand limicole sp.	0.0	0.0	0.0	0.0	0.0	0.0	0.0	0.0	0.0	0.0	0.0	0.0	0.0	0.0	0.0	0.0	0.0	0.0	0.0	0.0040816	0.0	0.0	0.0084034	0.0	0.0	0.0	0.0	0.0	0.0	0.0107527	0.0086957	0.0	0.0	0.0	0.0	0.0	0.0	0.0	0.0	0.0	0.0	0.0	0.0	0.0	0.0	0.0	0.0	0.0015	
Glaréole à collier	0.0	0.0	0.0	0.0	0.0	0.0	0.0	0.0	0.0	0.0	0.0	0.0	0.0	0.0	0.0	0.0039063	0.0	0.0	0.0	0.0	0.0	0.0	0.0	0.0	0.0	0.0	0.0	0.0	0.0	0.0	0.0	0.0	0.0	0.0	0.0	0.0	0.0	0.0	0.0	0.0	0.0	0.0	0.0	0.0	0.0	0.0	0.0	0.0	
limicole sp.	0.0	0.0	0.0	0.0	0.0	0.0081967	0.0	0.0	0.0	0.0	0.0071942	0.0	0.0	0.0	0.0015	0.0039063	0.0057143	0.0	0.0	0.0040816	0.0	0.0	0.0	0.0	0.0	0.0	0.0	0.0	0.0	0.0107527	0.0086957	0.0062112	0.0015	0.0054348	0.009009	0.0	0.0	0.0	0.0	0.0	0.0	0.0	0.0	0.0	0.0	0.01	0.0	0.0015	
Labbe à longue queue	0.0	0.0	0.0	0.0	0.0	0.0	0.0	0.0	0.0	0.0	0.0	0.0	0.0	0.0	0.0	0.0	0.0	0.0	0.0	0.0	0.0	0.0	0.0	0.0	0.0	0.0015	0.0	0.0	0.0	0.0	0.0	0.0	0.0	0.0	0.0	0.005102	0.0	0.0067114	0.0	0.0	0.0	0.0	0.0	0.0	0.0	0.0	0.0	0.0	
Labbe parasite	0.0	0.0	0.0	0.0	0.0	0.0	0.0	0.0	0.0	0.0	0.0	0.0	0.0	0.0059172	0.0	0.0	0.0	0.0	0.0	0.0	0.0	0.0	0.0	0.0	0.0	0.0	0.006135	0.0	0.0015	0.0107527	0.0	0.0	0.0112994	0.0108696	0.0	0.0153061	0.0168067	0.0201342	0.0106383	0.0645161	0.0409836	0.0319149	0.0136986	0.008	0.0	0.01	0.0	0.0	
Labbe pomarin	0.0	0.0	0.0	0.0	0.0	0.0	0.0	0.0	0.0	0.0	0.0	0.0	0.0	0.0	0.0	0.0	0.0	0.0	0.0	0.0	0.0	0.0	0.0	0.0	0.0	0.0	0.0	0.0	0.0	0.0	0.0086957	0.0	0.0	0.0	0.0	0.0102041	0.0084034	0.0134228	0.0	0.0080645	0.0	0.0	0.0	0.0015	0.0	0.0	0.0	0.0	
Grand Labbe	0.0	0.0	0.0015	0.0	0.0	0.0081967	0.0	0.0	0.0	0.0	0.0	0.0	0.0	0.0	0.0015	0.0	0.0	0.0	0.0	0.0	0.0	0.0	0.0	0.0	0.0	0.0	0.0	0.0	0.0	0.0	0.0	0.0062112	0.0056497	0.0	0.0015	0.005102	0.0	0.0067114	0.0212766	0.016129	0.0245902	0.0	0.0	0.008	0.0	0.0	0.0	0.0	
Labbe pomarin, L. parasite ou L. à longue queue	0.0	0.0	0.0	0.0	0.0	0.0	0.0	0.0	0.0	0.0	0.0	0.0	0.0	0.0	0.0	0.0	0.0	0.0	0.0	0.0	0.0	0.0	0.0	0.0	0.0	0.0	0.0	0.0	0.0	0.0	0.0	0.0	0.0	0.0015	0.0	0.005102	0.0	0.0067114	0.0	0.0	0.0081967	0.0	0.0	0.0	0.0	0.0	0.0	0.0	
labbe sp. (groupe Catharacta)	0.0	0.0	0.0	0.0	0.0	0.0	0.0	0.0	0.0	0.0	0.0	0.0	0.0	0.0	0.0	0.0	0.0	0.0	0.0	0.0	0.0	0.0	0.0	0.0	0.0	0.0	0.0	0.0	0.0	0.0	0.0	0.0	0.0	0.0	0.0015	0.0	0.0	0.0067114	0.0	0.0	0.0	0.0	0.0	0.0	0.0	0.01	0.0	0.0	
Macareux moine	0.0	0.0	0.0	0.0	0.0	0.0081967	0.0	0.0	0.0	0.0	0.0	0.0	0.0	0.0	0.0	0.0	0.0	0.0	0.0	0.0	0.0	0.0	0.0	0.0	0.0	0.0	0.0	0.0	0.0	0.0	0.0	0.0	0.0	0.0	0.0	0.0	0.0	0.0	0.0	0.0	0.0	0.0	0.0	0.0	0.0	0.0	0.0	0.0	
Pingouin torda	0.0	0.0	0.0015	0.0	0.0	0.0	0.0	0.0	0.0	0.0	0.0	0.0	0.0	0.0015	0.0	0.0	0.0	0.0	0.0	0.0	0.0	0.0	0.0	0.0	0.0	0.0	0.0	0.0	0.0	0.0	0.0	0.0	0.0	0.0	0.0	0.0	0.0	0.0	0.0	0.0080645	0.0	0.0106383	0.0273973	0.008	0.0084034	0.0	0.0	0.0	
Guillemot de Troïl	0.0	0.0	0.0	0.0075188	0.0	0.0	0.0	0.0015	0.0	0.0	0.0	0.0	0.0	0.0	0.0	0.0	0.0	0.0015	0.0	0.0	0.0	0.0	0.0	0.0	0.0	0.0	0.0	0.0052632	0.0	0.0107527	0.0	0.0	0.0	0.0	0.0	0.0	0.0	0.0	0.0	0.0080645	0.0081967	0.0106383	0.0273973	0.016	0.0084034	0.0	0.0	0.0	
Alca ou Uria sp.	0.0	0.0	0.0	0.0	0.0	0.0	0.0	0.0	0.0	0.0	0.0	0.0	0.0	0.0	0.0	0.0	0.0	0.0	0.0	0.0	0.0	0.0	0.0	0.0	0.0	0.0	0.0	0.0	0.0	0.0	0.0	0.0	0.0	0.0	0.0	0.0	0.0	0.0067114	0.0	0.0	0.0	0.0	0.0273973	0.008	0.0	0.0	0.0	0.0	
alcidé sp.	0.0	0.0	0.0015	0.0	0.0	0.0	0.0	0.0	0.0	0.0	0.0	0.0	0.0	0.0	0.0	0.0	0.0	0.0	0.0	0.0	0.0	0.0	0.0	0.0	0.0	0.0	0.0	0.0	0.0	0.0	0.0	0.0	0.0	0.0	0.0	0.0	0.0	0.0	0.0106383	0.0	0.0245902	0.0212766	0.0136986	0.008	0.0084034	0.0	0.0	0.0057803	
Mouette pygmée	0.0	0.0	0.0	0.0150376	0.0082645	0.0015	0.032	0.0	0.0	0.0	0.0	0.0	0.0	0.0015	0.0052632	0.0	0.0057143	0.0	0.0	0.0122449	0.0	0.0	0.0	0.0	0.0	0.006993	0.0	0.0	0.0	0.0015	0.0	0.0062112	0.0	0.0108696	0.0	0.0	0.0015	0.0015	0.0106383	0.016129	0.0081967	0.0106383	0.0410959	0.048	0.0084034	0.01	0.0	0.0015	
Mouette tridactyle	0.0015	0.0015	0.0	0.0	0.0	0.0409836	0.0	0.0	0.0	0.0	0.0	0.0	0.0	0.0	0.0	0.0	0.0	0.0	0.0	0.0	0.0076923	0.0083333	0.0	0.0	0.0	0.0	0.0	0.0	0.0	0.0	0.0	0.0248447	0.0169492	0.0108696	0.0015	0.0	0.0	0.0067114	0.0	0.0	0.0	0.0212766	0.0410959	0.024	0.0	0.0	0.0	0.0015	
Mouette de Sabine	0.0	0.0	0.0	0.0	0.0	0.0081967	0.0	0.0	0.0	0.0	0.0	0.0	0.0	0.0	0.0	0.0	0.0	0.0	0.0	0.0	0.0	0.0	0.0	0.0	0.0	0.0	0.0	0.0	0.0	0.0	0.0	0.0	0.0056497	0.0054348	0.0	0.0	0.0	0.0	0.0106383	0.016129	0.0081967	0.0	0.0	0.0	0.0168067	0.0	0.0	0.0	
Mouette rieuse	0.3529412	0.3913043	0.3950617	0.3609023	0.2644628	0.3688525	0.352	0.2962963	0.2820513	0.2376238	0.2230216	0.2	0.2596685	0.147929	0.1684211	0.1992188	0.1771429	0.2475728	0.1229947	0.2081633	0.1769231	0.1333333	0.1008403	0.1560694	0.2888889	0.2727273	0.2822086	0.4105263	0.29	0.3333333	0.3391304	0.4223602	0.4124294	0.3913043	0.4234234	0.2193878	0.2016807	0.2885906	0.2234043	0.3145161	0.3360656	0.2765957	0.3424658	0.48	0.4369748	0.46	0.3837209	0.433526	
Mouette de Franklin	0.0	0.0015	0.0	0.0	0.0	0.0	0.0	0.0	0.0	0.0	0.0	0.0	0.0	0.0	0.0	0.0	0.0	0.0	0.0	0.0	0.0	0.0	0.0	0.0	0.0	0.0	0.0	0.0	0.0	0.0	0.0	0.0	0.0	0.0	0.0	0.0	0.0	0.0	0.0	0.0	0.0	0.0	0.0	0.0	0.0	0.0	0.0	0.0	
Mouette mélanocéphale	0.0252101	0.0543478	0.0617284	0.0526316	0.0082645	0.0409836	0.048	0.1037037	0.0128205	0.009901	0.0071942	0.02	0.038674	0.0236686	0.0263158	0.0234375	0.0171429	0.0048544	0.0106952	0.0163265	0.0	0.0083333	0.0084034	0.017341	0.0222222	0.027972	0.0552147	0.0631579	0.06	0.0537634	0.0173913	0.0496894	0.0677966	0.1032609	0.0015	0.0408163	0.0420168	0.0469799	0.106383	0.0645161	0.0983607	0.0744681	0.0684932	0.096	0.0672269	0.11	0.0232558	0.0578035	
Hybride Mouette rieuse x M. mélanocéphale	0.0	0.0	0.0	0.0	0.0	0.0	0.0	0.0	0.0	0.0	0.0	0.0	0.0	0.0	0.0	0.0	0.0	0.0	0.0	0.0	0.0	0.0	0.0	0.0	0.0	0.0	0.0015	0.0	0.0	0.0	0.0	0.0	0.0	0.0	0.0	0.0	0.0	0.0	0.0	0.0	0.0	0.0	0.0	0.0	0.0	0.0	0.0	0.0	
Mouette rieuse ou M. mélanocéphale	0.0	0.0	0.0	0.0	0.0	0.0	0.0	0.0	0.0	0.0	0.0	0.0	0.0	0.0	0.0	0.0	0.0	0.0	0.0	0.0	0.0	0.0	0.0	0.0	0.0	0.0	0.0	0.0	0.0	0.0	0.0	0.0	0.0	0.0	0.0	0.0015	0.0	0.0	0.0	0.0	0.0	0.0	0.0	0.0	0.0	0.0	0.0	0.0	
Goéland cendré	0.0672269	0.1086957	0.037037	0.1203008	0.0247934	0.0655738	0.088	0.0888889	0.0641026	0.039604	0.0431655	0.0666667	0.0165746	0.0059172	0.0105263	0.0039063	0.0	0.0	0.0	0.0	0.0	0.0083333	0.0015	0.0	0.0	0.0	0.0015	0.0105263	0.0	0.0	0.0086957	0.0062112	0.0	0.0	0.0015	0.0015	0.0252101	0.0067114	0.0425532	0.016129	0.0491803	0.0212766	0.0684932	0.104	0.1008403	0.2	0.0116279	0.0867052	
Goéland à bec cerclé	0.0168067	0.0015	0.0	0.0015	0.0165289	0.0163934	0.032	0.0222222	0.0	0.009901	0.0	0.0066667	0.0	0.0	0.0	0.0	0.0	0.0	0.0	0.0	0.0	0.0	0.0	0.0	0.0	0.0	0.0	0.0	0.0	0.0	0.0	0.0	0.0	0.0	0.0	0.0	0.0	0.0	0.0212766	0.0015	0.0	0.0106383	0.0136986	0.016	0.0084034	0.09	0.0116279	0.0057803	
Goéland pontique	0.0	0.0	0.0	0.0	0.0	0.0015	0.0	0.0	0.0	0.0	0.0	0.0066667	0.0	0.0	0.0	0.0	0.0	0.0	0.0	0.0	0.0	0.0	0.0	0.0	0.0	0.0	0.0	0.0	0.0	0.0	0.0	0.0	0.0	0.0	0.0	0.0	0.0	0.0	0.0	0.0	0.0	0.0	0.0	0.0	0.0084034	0.0	0.0	0.0	
Goéland argenté	0.0168067	0.0326087	0.0015	0.0300752	0.0082645	0.0409836	0.04	0.037037	0.0384615	0.009901	0.0431655	0.0266667	0.0607735	0.0177515	0.0157895	0.015625	0.0114286	0.0097087	0.0	0.0081633	0.0384615	0.0166667	0.0015	0.0289017	0.0592593	0.0559441	0.0858896	0.0473684	0.04	0.0322581	0.0521739	0.1304348	0.1242938	0.1576087	0.027027	0.0357143	0.0756303	0.0402685	0.0851064	0.1048387	0.0163934	0.0851064	0.0684932	0.048	0.0420168	0.08	0.0116279	0.0404624	
Goéland leucophée	0.210084	0.1956522	0.2098765	0.2255639	0.1239669	0.2786885	0.224	0.2444444	0.2179487	0.1584158	0.1510791	0.24	0.2044199	0.1538462	0.1947368	0.1640625	0.12	0.1796117	0.144385	0.155102	0.1384615	0.075	0.0588235	0.132948	0.2	0.1748252	0.2331288	0.2736842	0.16	0.2150538	0.2608696	0.2608696	0.2937853	0.2880435	0.2702703	0.1428571	0.1512605	0.2080537	0.2234043	0.2016129	0.2540984	0.2446809	0.2465753	0.32	0.2773109	0.38	0.127907	0.283237	
Goéland argenté ou G. leucophée	0.0	0.0	0.0	0.0	0.0	0.0	0.0	0.0	0.0128205	0.0	0.0	0.0133333	0.0110497	0.0	0.0052632	0.0078125	0.0	0.0194175	0.0015	0.0040816	0.0153846	0.0	0.0	0.0015	0.0074074	0.0	0.0122699	0.0105263	0.0	0.0107527	0.026087	0.0248447	0.0056497	0.0054348	0.009009	0.005102	0.0084034	0.0067114	0.0106383	0.0322581	0.057377	0.0	0.0	0.0	0.0084034	0.01	0.0	0.0057803	
Goéland pontique, G. argenté ou G. leucophée	0.0015	0.0	0.0015	0.0	0.0	0.0163934	0.0	0.0	0.0	0.0	0.0	0.0	0.0	0.0	0.0	0.0	0.0	0.0	0.0	0.0	0.0	0.0	0.0	0.0	0.0	0.0	0.0	0.0	0.0	0.0	0.0	0.0	0.0	0.0	0.0	0.0	0.0	0.0	0.0	0.0	0.0	0.0	0.0	0.0	0.0	0.0	0.0	0.0015	
Goéland marin	0.0420168	0.0434783	0.0493827	0.0902256	0.0247934	0.0983607	0.056	0.0814815	0.0384615	0.019802	0.0647482	0.0666667	0.0441989	0.035503	0.0421053	0.03125	0.0571429	0.0291262	0.0374332	0.0285714	0.0230769	0.025	0.0084034	0.0231214	0.0444444	0.020979	0.0368098	0.0631579	0.02	0.0860215	0.1043478	0.0807453	0.1355932	0.1358696	0.0540541	0.0765306	0.0588235	0.0872483	0.0957447	0.1290323	0.0655738	0.0638298	0.0821918	0.136	0.1260504	0.15	0.0348837	0.0924855	
Goéland bourgmestre	0.0084034	0.0	0.0	0.0	0.0	0.0081967	0.0	0.0	0.0	0.0	0.0	0.0	0.0	0.0	0.0	0.0	0.0	0.0	0.0	0.0	0.0	0.0	0.0	0.0	0.0	0.0	0.0	0.0	0.0	0.0	0.0	0.0	0.0	0.0	0.0	0.0	0.0	0.0	0.0	0.0	0.0	0.0	0.0	0.0	0.0084034	0.0	0.0	0.0	
Goéland brun	0.092437	0.0869565	0.0246914	0.0676692	0.0330579	0.0901639	0.04	0.0814815	0.0128205	0.009901	0.0503597	0.0666667	0.0165746	0.0236686	0.0526316	0.0234375	0.0015	0.0048544	0.0015	0.0	0.0153846	0.0166667	0.0	0.0057803	0.0148148	0.034965	0.0368098	0.0631579	0.05	0.0430108	0.0782609	0.0745342	0.1412429	0.1793478	0.027027	0.0459184	0.1092437	0.1208054	0.1276596	0.0967742	0.1147541	0.0957447	0.1506849	0.168	0.2016807	0.19	0.0348837	0.0924855	
Goéland leucophée ou G. brun	0.0	0.0	0.0	0.0	0.0	0.0	0.0	0.0	0.0	0.0	0.0	0.0	0.0	0.0	0.0	0.0	0.0	0.0	0.0	0.0	0.0	0.0166667	0.0	0.0	0.0	0.0	0.0	0.0	0.0	0.0	0.0	0.0	0.0	0.0	0.0	0.0	0.0	0.0	0.0	0.0	0.0	0.0	0.0	0.0	0.0	0.0	0.0	0.0	
Goéland à ailes blanches	0.0	0.0	0.0	0.0	0.0	0.0	0.0	0.0015	0.0	0.0	0.0	0.0	0.0	0.0	0.0	0.0	0.0	0.0	0.0	0.0	0.0	0.0	0.0	0.0	0.0	0.0	0.0	0.0	0.0	0.0	0.0	0.0	0.0	0.0054348	0.0	0.0	0.0	0.0	0.0	0.0	0.0	0.0	0.0	0.0	0.0	0.0	0.0	0.0	
goéland sp. (Larus sp.)	0.0	0.0326087	0.0123457	0.0150376	0.0	0.0	0.008	0.0	0.025641	0.0	0.0	0.0133333	0.0	0.0	0.0105263	0.0039063	0.0	0.0145631	0.0	0.0081633	0.0076923	0.0083333	0.0	0.0057803	0.0	0.0	0.0122699	0.0052632	0.03	0.0322581	0.0086957	0.0124224	0.0225989	0.0	0.0	0.0153061	0.0168067	0.0	0.0212766	0.016129	0.0081967	0.0106383	0.0	0.056	0.0168067	0.0	0.0116279	0.017341	
goéland ou mouette sp.	0.0	0.0	0.0	0.0	0.0082645	0.0	0.0	0.0074074	0.0	0.0	0.0	0.0	0.0055249	0.0	0.0052632	0.0039063	0.0057143	0.0048544	0.0053476	0.0204082	0.0	0.0	0.0084034	0.0	0.0074074	0.013986	0.0	0.0105263	0.0	0.0215054	0.0086957	0.0062112	0.0056497	0.0054348	0.009009	0.0102041	0.0084034	0.0	0.0	0.0	0.0081967	0.0	0.0	0.0	0.0	0.02	0.0116279	0.0231214	
Sterne naine	0.0	0.0	0.0	0.0	0.0	0.0	0.0	0.0	0.0	0.0	0.0	0.0	0.0	0.0	0.0	0.0	0.0	0.0048544	0.0106952	0.0040816	0.0	0.0	0.0	0.0015	0.0	0.006993	0.006135	0.0052632	0.01	0.0215054	0.0347826	0.0434783	0.0451977	0.048913	0.0810811	0.0102041	0.0	0.0015	0.0	0.0	0.0	0.0	0.0	0.0	0.0	0.0	0.0	0.0	
Sterne hansel	0.0	0.0	0.0	0.0	0.0	0.0	0.0	0.0	0.0	0.0	0.0015	0.0	0.0	0.0	0.0	0.0	0.0	0.0	0.0	0.0	0.0153846	0.0	0.0	0.0	0.0	0.0	0.0	0.0	0.0	0.0	0.0	0.0062112	0.0	0.0	0.0	0.0	0.0	0.0	0.0	0.0	0.0	0.0	0.0	0.0	0.0	0.0	0.0	0.0	
Sterne caspienne	0.0	0.0	0.0	0.0	0.0	0.0	0.0	0.0	0.0	0.0	0.0	0.0	0.0	0.0	0.0	0.0015	0.0	0.0048544	0.0053476	0.0	0.0	0.0015	0.0015	0.0	0.0	0.0	0.0	0.0	0.01	0.0	0.0173913	0.0186335	0.0225989	0.0163043	0.027027	0.005102	0.0	0.0	0.0	0.0	0.0	0.0	0.0	0.0	0.0	0.0	0.0	0.0	
Guifette moustac	0.0	0.0	0.0	0.0	0.0	0.0	0.0	0.0	0.0	0.0	0.0	0.0	0.0055249	0.0118343	0.0210526	0.0429688	0.0015	0.038835	0.026738	0.0244898	0.0076923	0.0	0.0084034	0.0	0.0	0.006993	0.0	0.0	0.0	0.0107527	0.0086957	0.0015	0.0	0.0054348	0.009009	0.0	0.0	0.0	0.0	0.0	0.0	0.0	0.0	0.0	0.0	0.0	0.0	0.0	
Guifette noire	0.0	0.0	0.0	0.0	0.0	0.0	0.0	0.0	0.0	0.0	0.0	0.0	0.0	0.0059172	0.0105263	0.0078125	0.0	0.0436893	0.0053476	0.0040816	0.0	0.0	0.0	0.0	0.0	0.013986	0.0	0.0	0.01	0.0215054	0.0173913	0.0062112	0.0451977	0.0380435	0.036036	0.0153061	0.0084034	0.0067114	0.0	0.0	0.0	0.0	0.0	0.0	0.0	0.0	0.0	0.0	
Guifette leucoptère	0.0	0.0	0.0	0.0	0.0	0.0	0.0	0.0	0.0	0.0	0.0	0.0	0.0	0.0	0.0	0.0	0.0	0.0	0.0	0.0	0.0	0.0	0.0	0.0	0.0	0.0	0.0	0.0	0.0	0.0	0.0015	0.0	0.0	0.0	0.0	0.0	0.0	0.0	0.0	0.0	0.0	0.0	0.0	0.0	0.0	0.0	0.0	0.0	
Sterne arctique	0.0	0.0	0.0	0.0	0.0	0.0	0.0	0.0	0.0	0.0	0.0	0.0	0.0	0.0	0.0	0.0	0.0	0.0	0.0	0.0	0.0	0.0	0.0	0.0	0.0	0.0	0.0	0.0	0.0	0.0	0.0	0.0	0.0	0.0	0.0	0.005102	0.0	0.0	0.0	0.0080645	0.0	0.0	0.0	0.0	0.0	0.0	0.0	0.0	
Sterne pierregarin	0.0	0.0	0.0	0.0	0.0	0.0	0.0	0.0	0.0	0.0	0.0071942	0.0	0.0	0.0118343	0.0052632	0.0117188	0.0114286	0.0048544	0.0160428	0.0081633	0.0230769	0.0083333	0.0168067	0.0057803	0.0148148	0.013986	0.0122699	0.0210526	0.02	0.0215054	0.0015	0.0248447	0.0056497	0.0380435	0.0015	0.005102	0.0252101	0.0134228	0.0	0.0080645	0.0	0.0	0.0	0.0	0.0	0.0	0.0	0.0	
Sterne pierregarin ou S. arctique	0.0	0.0	0.0	0.0	0.0	0.0	0.0	0.0	0.0	0.0	0.0	0.0	0.0	0.0	0.0	0.0	0.0	0.0	0.0	0.0	0.0	0.0	0.0	0.0	0.0	0.0	0.0015	0.0	0.0	0.0	0.0086957	0.0	0.0	0.0	0.0	0.0102041	0.0	0.0	0.0	0.0	0.0081967	0.0	0.0	0.0	0.0	0.0	0.0	0.0	
Sterne caugek	0.0168067	0.0326087	0.0123457	0.0150376	0.0	0.0163934	0.024	0.0148148	0.0128205	0.0015	0.0215827	0.0666667	0.0441989	0.0414201	0.0526316	0.0117188	0.0114286	0.0048544	0.0015	0.0081633	0.0	0.0083333	0.0	0.0115607	0.0296296	0.006993	0.0368098	0.1105263	0.06	0.0537634	0.0695652	0.1118012	0.1412429	0.1086957	0.045045	0.0459184	0.0588235	0.0604027	0.0744681	0.0806452	0.1065574	0.0744681	0.0410959	0.072	0.0252101	0.1	0.0015	0.017341	
Sterne élégante	0.0	0.0	0.0	0.0	0.0	0.0	0.0	0.0	0.0	0.0	0.0	0.0	0.0	0.0	0.0	0.0	0.0	0.0	0.0	0.0	0.0	0.0	0.0	0.0	0.0	0.0	0.0	0.0	0.0	0.0	0.0	0.0	0.0	0.0	0.0	0.0015	0.0	0.0	0.0	0.0	0.0	0.0	0.0	0.0	0.0	0.0	0.0	0.0	
sterne sp.	0.0	0.0	0.0	0.0	0.0	0.0	0.0	0.0	0.0	0.0	0.0	0.0	0.0	0.0	0.0	0.0039063	0.0057143	0.0	0.0	0.0	0.0	0.0	0.0	0.0	0.0	0.0	0.0	0.0105263	0.01	0.0	0.0173913	0.0062112	0.0056497	0.0108696	0.0	0.005102	0.0	0.0	0.0	0.0	0.0	0.0	0.0	0.0	0.0	0.0	0.0	0.0	
Flamant rose	0.0084034	0.0	0.0	0.0075188	0.0	0.0081967	0.0	0.0	0.0128205	0.0	0.0071942	0.0	0.0	0.0	0.0015	0.0039063	0.0	0.0	0.0	0.0	0.0	0.0	0.0	0.0057803	0.0	0.0	0.0	0.0015	0.0	0.0	0.0015	0.0	0.0056497	0.0	0.0	0.0102041	0.0	0.0067114	0.0106383	0.0080645	0.0	0.0	0.0136986	0.0	0.0	0.0	0.0	0.017341	
Grèbe castagneux	0.1344538	0.0869565	0.1851852	0.1879699	0.1404959	0.1721311	0.128	0.0888889	0.1025641	0.1584158	0.1438849	0.0866667	0.0497238	0.0414201	0.0210526	0.03125	0.0228571	0.0533981	0.0588235	0.0530612	0.0692308	0.0916667	0.0504202	0.0693642	0.1333333	0.0909091	0.1104294	0.1368421	0.09	0.1505376	0.2434783	0.1925466	0.1525424	0.1630435	0.3243243	0.1683673	0.1596639	0.2147651	0.1489362	0.1209677	0.1557377	0.1702128	0.1232877	0.16	0.1932773	0.17	0.2093023	0.1734104	
Grèbe esclavon	0.0084034	0.0	0.0015	0.0	0.0015	0.0163934	0.0	0.0074074	0.0	0.0	0.0143885	0.0	0.0	0.0	0.0	0.0	0.0	0.0	0.0	0.0	0.0	0.0	0.0	0.0	0.0	0.0	0.0	0.0	0.0	0.0	0.0	0.0	0.0	0.0	0.0	0.0	0.0	0.0	0.0	0.0	0.0	0.0	0.0	0.0	0.0084034	0.0015	0.0	0.0	
Grèbe jougris	0.0	0.0108696	0.0123457	0.0	0.0015	0.0015	0.0	0.0	0.0	0.0	0.0	0.0	0.0	0.0	0.0	0.0	0.0	0.0	0.0	0.0	0.0	0.0	0.0	0.0	0.0	0.0	0.0	0.0	0.0	0.0	0.0	0.0	0.0	0.0	0.0	0.0	0.0	0.0	0.0	0.0	0.0	0.0	0.0	0.0	0.0084034	0.0	0.0	0.0057803	
Grèbe huppé	0.092437	0.076087	0.1111111	0.112782	0.0578512	0.0983607	0.088	0.1111111	0.0769231	0.0693069	0.0719424	0.0266667	0.0220994	0.0236686	0.0421053	0.0429688	0.0342857	0.0242718	0.026738	0.0530612	0.0153846	0.025	0.0252101	0.0289017	0.037037	0.041958	0.0245399	0.0263158	0.04	0.0215054	0.0347826	0.0310559	0.0677966	0.0597826	0.0540541	0.0357143	0.0168067	0.033557	0.0015	0.0403226	0.0409836	0.0319149	0.0958904	0.04	0.0756303	0.12	0.0232558	0.1040462	
Grèbe à cou noir	0.0015	0.0434783	0.0246914	0.0676692	0.0495868	0.0409836	0.056	0.0592593	0.0128205	0.009901	0.0071942	0.0	0.0	0.0	0.0	0.0078125	0.0057143	0.0048544	0.0053476	0.0	0.0	0.0	0.0	0.0	0.0	0.0	0.006135	0.0	0.0	0.0	0.0	0.0	0.0112994	0.0108696	0.0	0.0	0.0	0.0067114	0.0	0.0322581	0.0081967	0.0319149	0.0410959	0.032	0.0504202	0.09	0.0116279	0.0231214	
Plongeon catmarin	0.0	0.0108696	0.0015	0.0	0.0	0.0	0.0	0.0015	0.0	0.009901	0.0	0.0	0.0	0.0	0.0	0.0	0.0	0.0	0.0	0.0	0.0	0.0	0.0	0.0	0.0	0.0	0.0	0.0	0.0	0.0	0.0	0.0	0.0	0.0	0.0	0.0	0.0	0.0	0.0	0.0	0.0081967	0.0106383	0.0273973	0.024	0.0015	0.01	0.0015	0.0115607	
Plongeon arctique	0.0	0.0	0.0	0.0	0.0	0.0	0.0	0.0	0.0	0.0	0.0	0.0	0.0	0.0	0.0	0.0	0.0	0.0	0.0	0.0	0.0	0.0	0.0	0.0	0.0	0.0	0.0	0.0	0.0	0.0	0.0	0.0	0.0	0.0	0.0	0.0	0.0	0.0	0.0	0.0080645	0.0	0.0	0.0	0.0	0.0	0.0	0.0	0.0	
Plongeon imbrin	0.0168067	0.0217391	0.0246914	0.0	0.0	0.0081967	0.032	0.0074074	0.0	0.0	0.0	0.0	0.0055249	0.0	0.0	0.0	0.0	0.0	0.0	0.0	0.0	0.0	0.0	0.0	0.0	0.0	0.0	0.0	0.0	0.0	0.0	0.0	0.0	0.0	0.0	0.0	0.0	0.0	0.0	0.0	0.0	0.0	0.0015	0.0015	0.0336134	0.05	0.0015	0.0231214	
plongeon sp.	0.0	0.0	0.0	0.0	0.0	0.0	0.0	0.0074074	0.0	0.0	0.0	0.0	0.0	0.0	0.0	0.0	0.0	0.0	0.0	0.0	0.0	0.0	0.0	0.0	0.0	0.0	0.0	0.0	0.0	0.0	0.0	0.0	0.0	0.0	0.0	0.0	0.0	0.0	0.0	0.0	0.0	0.0	0.0	0.0	0.0	0.0	0.0	0.0	
Océanite tempête	0.0	0.0	0.0	0.0	0.0	0.0081967	0.0	0.0	0.0	0.0	0.0	0.0	0.0	0.0	0.0	0.0	0.0	0.0	0.0	0.0	0.0	0.0	0.0	0.0	0.0	0.0	0.0	0.0	0.0	0.0	0.0	0.0	0.0	0.0	0.0	0.0	0.0	0.0	0.0	0.0080645	0.0015	0.0	0.0	0.0	0.0	0.0	0.0	0.0	
Océanite culblanc	0.0	0.0	0.0	0.0	0.0	0.0081967	0.0	0.0	0.0	0.0	0.0	0.0	0.0	0.0	0.0	0.0	0.0	0.0	0.0	0.0	0.0	0.0	0.0	0.0	0.0	0.0	0.0	0.0	0.0	0.0	0.0	0.0	0.0	0.0	0.0	0.005102	0.0	0.0	0.0015	0.0403226	0.0163934	0.0	0.0410959	0.016	0.0	0.0	0.0	0.0	
Hydrobates sp.	0.0	0.0	0.0	0.0	0.0	0.0	0.0	0.0	0.0	0.0	0.0	0.0	0.0	0.0	0.0	0.0	0.0	0.0	0.0	0.0	0.0	0.0	0.0	0.0	0.0	0.0	0.0	0.0	0.0	0.0	0.0	0.0	0.0	0.0	0.0	0.0	0.0	0.0	0.0	0.0	0.0	0.0	0.0	0.008	0.0	0.0	0.0	0.0	
Fulmar boréal	0.0	0.0	0.0015	0.0	0.0	0.0	0.0	0.0	0.0	0.0	0.0	0.0	0.0	0.0	0.0	0.0	0.0	0.0	0.0	0.0	0.0	0.0	0.0	0.0	0.0	0.0	0.0	0.0	0.0	0.0	0.0	0.0	0.0	0.0	0.0	0.0	0.0	0.0	0.0	0.0	0.0	0.0	0.0	0.0	0.0	0.0	0.0	0.0	
Puffin cendré	0.0	0.0	0.0	0.0	0.0	0.0	0.0	0.0	0.0	0.0	0.0	0.0	0.0	0.0	0.0	0.0	0.0	0.0	0.0	0.0	0.0	0.0	0.0	0.0	0.0	0.0	0.0	0.0052632	0.0	0.0	0.0	0.0	0.0015	0.0	0.0	0.0	0.0084034	0.0067114	0.0	0.0	0.0	0.0	0.0	0.0	0.0	0.0	0.0	0.0	
Puffin cendré ou P. de Scopoli	0.0	0.0	0.0	0.0	0.0	0.0	0.0	0.0	0.0	0.0	0.0	0.0	0.0	0.0	0.0	0.0	0.0	0.0	0.0	0.0	0.0	0.0	0.0	0.0	0.0	0.0	0.006135	0.0105263	0.0	0.0	0.0	0.0	0.0056497	0.0054348	0.0	0.0	0.0084034	0.0067114	0.0	0.0	0.0	0.0	0.0	0.0	0.0	0.0	0.0	0.0	
Puffin majeur	0.0	0.0	0.0	0.0	0.0	0.0	0.0	0.0	0.0	0.0	0.0	0.0	0.0	0.0	0.0	0.0	0.0	0.0	0.0	0.0	0.0	0.0	0.0	0.0	0.0	0.0	0.0	0.0	0.0	0.0	0.0	0.0	0.0	0.0	0.0	0.005102	0.0	0.0067114	0.0	0.0080645	0.0	0.0	0.0	0.0	0.0	0.0	0.0	0.0	
Puffin fuligineux	0.0	0.0	0.0	0.0	0.0	0.0	0.0	0.0	0.0	0.0	0.0	0.0	0.0	0.0	0.0	0.0	0.0	0.0	0.0	0.0	0.0	0.0	0.0	0.0	0.0	0.0	0.0	0.0	0.01	0.0	0.0	0.0	0.0	0.0	0.0	0.005102	0.0	0.0134228	0.0	0.0	0.0	0.0	0.0273973	0.0	0.0	0.0	0.0	0.0	
Puffin des Anglais	0.0	0.0	0.0	0.0	0.0	0.0	0.0	0.0	0.0	0.0015	0.0	0.0	0.0	0.0	0.0	0.0	0.0	0.0	0.0	0.0	0.0	0.0	0.0	0.0	0.0	0.0	0.0	0.0052632	0.01	0.0	0.0	0.0062112	0.0	0.0	0.0	0.005102	0.0	0.0067114	0.0106383	0.0	0.0	0.0	0.0	0.0	0.0	0.0	0.0	0.0	
Puffin des Baléares	0.0	0.0	0.0	0.0	0.0	0.0	0.0	0.0	0.0	0.0	0.0	0.0	0.0	0.0	0.0	0.0	0.0	0.0	0.0	0.0	0.0	0.0	0.0	0.0	0.0	0.0	0.006135	0.0052632	0.01	0.0215054	0.0173913	0.0	0.0338983	0.0054348	0.0	0.0102041	0.0168067	0.0201342	0.0319149	0.0241935	0.0245902	0.0106383	0.0273973	0.016	0.0	0.0	0.0	0.0	
Calonectris, Ardenna ou Puffinus sp.	0.0	0.0	0.0	0.0	0.0	0.0	0.0	0.0	0.0	0.0	0.0	0.0	0.0	0.0	0.0	0.0	0.0	0.0	0.0	0.0	0.0	0.0	0.0	0.0	0.0	0.0	0.0	0.0	0.0	0.0107527	0.0	0.0015	0.0112994	0.0	0.0	0.005102	0.0	0.0067114	0.0	0.0	0.0	0.0	0.0	0.0	0.0	0.01	0.0	0.0	
Cigogne noire	0.0	0.0	0.0	0.0	0.0	0.0	0.0	0.0	0.0	0.0	0.0015	0.0	0.0015	0.0059172	0.0	0.0	0.0	0.0015	0.0	0.0	0.0	0.0	0.0	0.0	0.0	0.0	0.0	0.0015	0.0	0.0107527	0.0	0.0062112	0.0112994	0.0054348	0.0	0.0	0.0	0.0	0.0	0.0	0.0	0.0	0.0	0.0	0.0	0.0	0.0	0.0	
Cigogne blanche	0.0588235	0.0869565	0.0987654	0.0676692	0.0743802	0.0983607	0.12	0.0592593	0.1538462	0.1188119	0.1366906	0.16	0.1712707	0.1242604	0.0789474	0.0859375	0.0971429	0.1359223	0.1550802	0.0979592	0.1076923	0.075	0.0588235	0.1040462	0.1333333	0.0909091	0.1042945	0.0947368	0.07	0.172043	0.1652174	0.068323	0.0508475	0.076087	0.0900901	0.0561224	0.1008403	0.0604027	0.0319149	0.0241935	0.057377	0.0957447	0.0684932	0.096	0.1596639	0.08	0.1162791	0.0751445	
Fou de Bassan	0.0015	0.0108696	0.0015	0.0075188	0.0	0.0245902	0.0015	0.0074074	0.0	0.0015	0.0015	0.0066667	0.0055249	0.0059172	0.0157895	0.0	0.0015	0.0048544	0.0	0.0	0.0	0.0083333	0.0	0.0015	0.0074074	0.0	0.0184049	0.0157895	0.02	0.0215054	0.0173913	0.0186335	0.079096	0.0326087	0.0015	0.0204082	0.0504202	0.0536913	0.0531915	0.0564516	0.0327869	0.0425532	0.0273973	0.04	0.0252101	0.07	0.0	0.017341	
Fou brun	0.0	0.0	0.0	0.0	0.0	0.0	0.0	0.0	0.0	0.0	0.0	0.0	0.0	0.0	0.0	0.0	0.0	0.0	0.0	0.0	0.0	0.0	0.0	0.0	0.0	0.0	0.0	0.0	0.0	0.0	0.0	0.0	0.0	0.0	0.0	0.0	0.0	0.0067114	0.0	0.0	0.0081967	0.0	0.0	0.0	0.0	0.0	0.0	0.0	
Grand Cormoran	0.2436975	0.3369565	0.3580247	0.3308271	0.2396694	0.3360656	0.296	0.2962963	0.2051282	0.2772277	0.2517986	0.2933333	0.3038674	0.1775148	0.1894737	0.21875	0.16	0.2475728	0.1390374	0.1918367	0.1769231	0.1333333	0.1176471	0.1618497	0.2518519	0.2167832	0.190184	0.2578947	0.23	0.2903226	0.2782609	0.2298137	0.2316384	0.2771739	0.3063063	0.1989796	0.2521008	0.3087248	0.287234	0.2983871	0.3032787	0.2765957	0.3013699	0.392	0.3697479	0.44	0.3255814	0.4046243	
Cormoran huppé	0.0	0.0015	0.0	0.0	0.0	0.0	0.0	0.0	0.0	0.0	0.0	0.0	0.0055249	0.0	0.0	0.0	0.0	0.0	0.0	0.0	0.0015	0.0	0.0	0.0	0.0074074	0.0	0.0122699	0.0105263	0.0	0.0015	0.0	0.0	0.0056497	0.0108696	0.0	0.005102	0.0	0.0	0.0106383	0.0080645	0.0	0.0	0.0	0.0	0.0	0.0	0.0	0.0	
Ibis falcinelle	0.0	0.0108696	0.0123457	0.0	0.0	0.0	0.0	0.0	0.0	0.009901	0.0071942	0.0066667	0.0	0.0059172	0.0052632	0.0117188	0.0	0.0097087	0.0106952	0.0204082	0.0076923	0.0083333	0.0	0.0	0.0222222	0.006993	0.0122699	0.0157895	0.01	0.0215054	0.0086957	0.0	0.0056497	0.0054348	0.018018	0.0	0.0	0.0201342	0.0	0.0	0.0	0.0	0.0	0.0	0.0168067	0.0	0.0	0.0	
Ibis sacré	0.0	0.0	0.0123457	0.0	0.0015	0.0081967	0.008	0.0	0.0	0.0	0.0	0.0	0.0	0.0	0.0	0.0	0.0	0.0	0.0	0.0	0.0	0.0	0.0	0.0	0.0	0.0	0.0	0.0	0.0	0.0	0.0	0.0	0.0	0.0	0.0	0.0	0.0	0.0	0.0	0.0	0.0	0.0	0.0	0.0	0.0	0.0	0.0	0.0	
Spatule blanche	0.1176471	0.1304348	0.2098765	0.1879699	0.0826446	0.1639344	0.12	0.1111111	0.1025641	0.1188119	0.1366906	0.1733333	0.1436464	0.1183432	0.1	0.125	0.1085714	0.1504854	0.0962567	0.1102041	0.0923077	0.05	0.0756303	0.0693642	0.1555556	0.0629371	0.1042945	0.1105263	0.14	0.1505376	0.2347826	0.1863354	0.180791	0.1847826	0.2972973	0.1785714	0.1428571	0.2013423	0.1808511	0.1854839	0.1229508	0.1595745	0.1232877	0.2	0.2268908	0.18	0.1511628	0.2196532	
Butor étoilé	0.0	0.0	0.0	0.0	0.0	0.0081967	0.0	0.0	0.0	0.0	0.0	0.0	0.0	0.0	0.0052632	0.0	0.0	0.0	0.0	0.0	0.0	0.0	0.0	0.0	0.0	0.0	0.0	0.0	0.0	0.0	0.0	0.0	0.0	0.0	0.0	0.0	0.0	0.0	0.0	0.0	0.0	0.0	0.0	0.0	0.0	0.0	0.0	0.0	
Blongios nain	0.0	0.0	0.0	0.0	0.0	0.0	0.0	0.0	0.0	0.0	0.0	0.0	0.0	0.0	0.0	0.0039063	0.0	0.0	0.0	0.0	0.0	0.0083333	0.0	0.0	0.0	0.0	0.0	0.0	0.0	0.0	0.0	0.0	0.0	0.0	0.0	0.0	0.0	0.0	0.0	0.0	0.0	0.0	0.0	0.0	0.0	0.0	0.0	0.0	
Bihoreau gris	0.0756303	0.076087	0.0740741	0.075188	0.0661157	0.1065574	0.072	0.0666667	0.0512821	0.0693069	0.028777	0.04	0.0110497	0.0177515	0.0	0.015625	0.0171429	0.0097087	0.0320856	0.0408163	0.0307692	0.025	0.0	0.0289017	0.0074074	0.020979	0.0184049	0.0473684	0.09	0.0645161	0.0782609	0.0372671	0.0451977	0.0217391	0.0990991	0.0357143	0.0336134	0.0738255	0.0319149	0.016129	0.0163934	0.0212766	0.0410959	0.072	0.1092437	0.09	0.0813953	0.0809249	
Aigrette garzette	0.2184874	0.2608696	0.2962963	0.2631579	0.1487603	0.2377049	0.248	0.2	0.1666667	0.2079208	0.2446043	0.3	0.3425414	0.2011834	0.2473684	0.25	0.2342857	0.3058252	0.2192513	0.2326531	0.2230769	0.2083333	0.1428571	0.2023121	0.2962963	0.2097902	0.2883436	0.4105263	0.29	0.3548387	0.3478261	0.3913043	0.3050847	0.3315217	0.4054054	0.3061224	0.2773109	0.2885906	0.2446809	0.3548387	0.2786885	0.2446809	0.3013699	0.352	0.3529412	0.28	0.2674419	0.3815029	
Crabier chevelu	0.0	0.0	0.0	0.0	0.0	0.0	0.0	0.0	0.0	0.0	0.0	0.0	0.0	0.0	0.0	0.0	0.0	0.0	0.0015	0.0	0.0	0.0	0.0	0.0	0.0	0.0	0.0	0.0052632	0.0	0.0	0.0	0.0	0.0	0.0	0.0	0.0	0.0	0.0	0.0	0.0	0.0	0.0	0.0	0.0	0.0	0.0	0.0	0.0	
Héron garde-boeufs	0.0588235	0.076087	0.1234568	0.0451128	0.0413223	0.0737705	0.064	0.0444444	0.0769231	0.0792079	0.1007194	0.1066667	0.0718232	0.0414201	0.0263158	0.0351563	0.0228571	0.0728155	0.0802139	0.0816327	0.0769231	0.05	0.0672269	0.0520231	0.1185185	0.0699301	0.1042945	0.1	0.15	0.1182796	0.1478261	0.1304348	0.0903955	0.1195652	0.0990991	0.1071429	0.0588235	0.0671141	0.0744681	0.0725806	0.1393443	0.0638298	0.109589	0.128	0.0840336	0.06	0.0697674	0.0693642	
Grande Aigrette	0.1428571	0.1413043	0.1975309	0.1954887	0.107438	0.1557377	0.128	0.0888889	0.1410256	0.1188119	0.1366906	0.1733333	0.160221	0.0887574	0.0421053	0.0859375	0.0514286	0.0873786	0.0481283	0.0530612	0.0538462	0.025	0.0084034	0.0751445	0.1185185	0.0699301	0.0736196	0.0789474	0.09	0.1397849	0.1913043	0.1801242	0.1581921	0.1576087	0.2342342	0.1479592	0.1596639	0.147651	0.1276596	0.1209677	0.1721311	0.1382979	0.1643836	0.248	0.2268908	0.19	0.2093023	0.2543353	
Héron cendré	0.2352941	0.25	0.2839506	0.2556391	0.1570248	0.2131148	0.24	0.162963	0.2307692	0.2079208	0.2158273	0.26	0.3149171	0.2544379	0.1789474	0.2382813	0.16	0.2718447	0.2192513	0.2571429	0.2230769	0.1833333	0.1512605	0.2312139	0.2518519	0.3006993	0.2576687	0.3368421	0.31	0.3763441	0.3304348	0.3602484	0.2824859	0.2934783	0.3783784	0.2806122	0.2689076	0.2348993	0.2659574	0.233871	0.204918	0.2659574	0.2191781	0.344	0.2941176	0.33	0.2674419	0.3641618	
Héron pourpré	0.0	0.0	0.0	0.0	0.0	0.0	0.0	0.0	0.0	0.0	0.0	0.0	0.0220994	0.0118343	0.0052632	0.0273438	0.0228571	0.0048544	0.0160428	0.0081633	0.0153846	0.0083333	0.0168067	0.0057803	0.0296296	0.020979	0.0490798	0.0421053	0.05	0.0322581	0.026087	0.0124224	0.0225989	0.0108696	0.0	0.005102	0.0	0.0067114	0.0	0.0	0.0	0.0	0.0	0.0	0.0	0.0	0.0	0.0	
ardeidé sp.	0.0084034	0.0	0.0	0.0	0.0	0.0	0.0	0.0	0.0	0.0	0.0	0.0	0.0	0.0	0.0	0.0	0.0	0.0	0.0	0.0081633	0.0	0.0	0.0168067	0.0	0.0	0.0	0.0	0.0	0.0	0.0	0.0	0.0	0.0	0.0	0.0	0.0	0.0	0.0	0.0	0.0	0.0	0.0	0.0	0.0	0.0	0.0	0.0	0.0	
aigrette ou héron blanc sp.	0.0	0.0	0.0	0.0	0.0	0.0	0.0	0.0	0.0	0.0	0.0	0.0	0.0	0.0	0.0	0.0	0.0	0.0	0.0	0.0015	0.0	0.0	0.0	0.0	0.0	0.0	0.0	0.0	0.01	0.0	0.0	0.0	0.0	0.0	0.0	0.0	0.0	0.0	0.0	0.0	0.0	0.0	0.0	0.0	0.0	0.0	0.0	0.0	
Balbuzard pêcheur	0.0420168	0.0326087	0.0246914	0.0451128	0.0082645	0.0409836	0.008	0.0148148	0.0128205	0.009901	0.0143885	0.02	0.0331492	0.0177515	0.0157895	0.015625	0.0057143	0.0194175	0.0053476	0.0	0.0076923	0.0	0.0	0.0015	0.0	0.0	0.006135	0.0315789	0.01	0.0107527	0.0347826	0.0496894	0.0621469	0.0543478	0.1171171	0.0357143	0.0672269	0.0738255	0.0531915	0.0564516	0.0015	0.0106383	0.0136986	0.072	0.0588235	0.03	0.0232558	0.017341	
Élanion blanc	0.0168067	0.0652174	0.0617284	0.0225564	0.0413223	0.0491803	0.024	0.0074074	0.0641026	0.029703	0.0015	0.0266667	0.0220994	0.0473373	0.0052632	0.0117188	0.0114286	0.0145631	0.0	0.0122449	0.0153846	0.0083333	0.0084034	0.0231214	0.0296296	0.034965	0.0306748	0.0263158	0.01	0.0430108	0.026087	0.0124224	0.0282486	0.0271739	0.0015	0.0153061	0.0084034	0.0067114	0.0212766	0.0241935	0.0245902	0.0638298	0.0547945	0.072	0.0504202	0.06	0.0465116	0.0462428	
Percnoptère d'Égypte	0.0	0.0	0.0	0.0	0.0	0.0	0.0	0.0	0.0	0.0	0.0	0.0	0.0	0.0059172	0.0	0.0	0.0	0.0	0.0	0.0	0.0	0.0	0.0	0.0	0.0	0.0	0.0	0.0	0.0	0.0	0.0	0.0	0.0	0.0	0.0	0.0	0.0	0.0	0.0	0.0	0.0	0.0	0.0	0.0	0.0	0.0	0.0	0.0	
Bondrée apivore	0.0	0.0	0.0	0.0	0.0	0.0	0.0	0.0	0.0	0.0	0.0	0.0	0.0	0.0	0.0	0.0015	0.0114286	0.0485437	0.026738	0.0040816	0.0153846	0.0015	0.0084034	0.0057803	0.0015	0.020979	0.0552147	0.0210526	0.01	0.0430108	0.0347826	0.0248447	0.0225989	0.0054348	0.0	0.005102	0.0	0.0	0.0	0.0	0.0	0.0	0.0	0.0	0.0	0.0	0.0	0.0	
Vautour fauve	0.0	0.0	0.0	0.0	0.0	0.0	0.0	0.0	0.0	0.0	0.0015	0.0	0.0	0.0	0.0	0.0	0.0	0.0	0.0	0.0	0.0	0.0	0.0	0.0	0.0	0.0	0.0	0.0	0.0	0.0	0.0	0.0	0.0	0.0	0.0	0.0	0.0	0.0	0.0	0.0	0.0	0.0	0.0	0.0	0.0	0.0	0.0	0.0	
Circaète Jean-le-Blanc	0.0	0.0	0.0	0.0	0.0	0.0	0.0	0.0	0.0	0.009901	0.0071942	0.0133333	0.0055249	0.0118343	0.0105263	0.0078125	0.0015	0.0048544	0.0015	0.0040816	0.0076923	0.0083333	0.0015	0.0115607	0.0148148	0.020979	0.006135	0.0105263	0.02	0.0107527	0.0173913	0.0124224	0.0112994	0.0108696	0.0	0.0102041	0.0	0.0	0.0	0.0	0.0	0.0	0.0	0.0	0.0	0.0	0.0	0.0	
Aigle botté	0.0	0.0	0.0	0.0	0.0	0.0	0.0	0.0	0.0	0.0	0.0015	0.0	0.0055249	0.0015	0.0	0.0	0.0	0.0015	0.0	0.0040816	0.0076923	0.0	0.0	0.0057803	0.0222222	0.013986	0.0184049	0.0052632	0.0	0.0015	0.0	0.0015	0.0015	0.0015	0.0	0.0	0.0	0.0	0.0	0.0	0.0	0.0	0.0	0.0	0.0	0.0	0.0	0.0	
Aigle de Bonelli	0.0	0.0	0.0	0.0	0.0	0.0	0.0	0.0	0.0	0.0	0.0015	0.0	0.0	0.0	0.0	0.0	0.0	0.0	0.0	0.0	0.0	0.0	0.0	0.0	0.0	0.0	0.0	0.0	0.0	0.0	0.0	0.0	0.0	0.0	0.0	0.0	0.0	0.0	0.0	0.0	0.0	0.0	0.0	0.0	0.0	0.0	0.0	0.0	
Épervier d'Europe	0.0252101	0.0326087	0.0617284	0.0300752	0.0247934	0.0327869	0.024	0.0074074	0.0128205	0.009901	0.028777	0.02	0.0276243	0.0236686	0.0315789	0.0117188	0.0057143	0.0048544	0.0106952	0.0015	0.0076923	0.0083333	0.0084034	0.0	0.0148148	0.034965	0.0306748	0.0315789	0.03	0.0537634	0.026087	0.0559006	0.0225989	0.0543478	0.027027	0.0255102	0.0756303	0.0671141	0.0851064	0.0806452	0.0491803	0.0851064	0.0	0.064	0.0840336	0.05	0.0348837	0.0635838	
Autour des palombes	0.0	0.0	0.0493827	0.0	0.0	0.0	0.0	0.0	0.0	0.0015	0.0	0.0	0.0055249	0.0	0.0	0.0039063	0.0	0.0	0.0	0.0	0.0	0.0	0.0	0.0	0.0074074	0.0	0.0	0.0015	0.0	0.0	0.0	0.0	0.0	0.0	0.0	0.0	0.0	0.0015	0.0106383	0.0	0.0	0.0	0.0	0.0	0.0	0.0	0.0	0.0	
Busard des roseaux	0.1008403	0.1304348	0.1604938	0.1052632	0.0578512	0.1393443	0.112	0.0592593	0.1282051	0.0891089	0.1079137	0.1066667	0.0828729	0.0414201	0.0315789	0.0625	0.0571429	0.0291262	0.0374332	0.0244898	0.0153846	0.0333333	0.0252101	0.0346821	0.0222222	0.020979	0.0368098	0.0473684	0.02	0.0322581	0.0695652	0.0434783	0.0734463	0.0597826	0.1261261	0.0459184	0.0420168	0.0805369	0.106383	0.0887097	0.0901639	0.1276596	0.1369863	0.184	0.2184874	0.17	0.1511628	0.1734104	
Busard Saint-Martin	0.0252101	0.0108696	0.0246914	0.0015	0.0413223	0.0081967	0.008	0.0222222	0.0128205	0.019802	0.0143885	0.0015	0.0	0.0015	0.0052632	0.0078125	0.0114286	0.0048544	0.0	0.0015	0.0015	0.0	0.0	0.0	0.0	0.006993	0.0	0.0	0.01	0.0	0.0521739	0.0124224	0.0	0.0	0.0015	0.0	0.0	0.0134228	0.0531915	0.0015	0.0	0.0425532	0.0136986	0.04	0.0084034	0.01	0.0465116	0.0231214	
Busard des marais	0.0084034	0.0108696	0.0123457	0.0	0.0	0.0	0.008	0.0	0.0	0.0	0.0	0.0	0.0	0.0	0.0	0.0	0.0	0.0	0.0	0.0	0.0	0.0	0.0	0.0	0.0	0.0	0.0	0.0	0.0	0.0	0.0	0.0	0.0	0.0	0.0	0.0	0.0	0.0	0.0	0.0	0.0	0.0531915	0.0136986	0.016	0.0084034	0.03	0.0232558	0.0289017	
Busard pâle	0.0	0.0	0.0	0.0	0.0	0.0	0.0	0.0	0.0	0.0	0.0	0.0	0.0	0.0	0.0052632	0.0	0.0	0.0	0.0	0.0	0.0	0.0	0.0	0.0	0.0	0.0	0.0	0.0	0.0	0.0	0.0	0.0	0.0	0.0	0.0	0.0	0.0	0.0	0.0	0.0	0.0	0.0	0.0	0.016	0.0	0.0	0.0	0.0	
Busard cendré	0.0	0.0	0.0	0.0	0.0	0.0	0.0	0.0	0.0	0.0	0.0	0.0	0.0	0.0059172	0.0052632	0.0015	0.0057143	0.0048544	0.0	0.0	0.0015	0.0015	0.0084034	0.0	0.0	0.0	0.006135	0.0	0.02	0.0107527	0.0	0.0062112	0.0	0.0	0.0015	0.0	0.0	0.0	0.0	0.0	0.0	0.0	0.0	0.0	0.0	0.0	0.0	0.0	
Busard pâle ou B. cendré	0.0	0.0	0.0	0.0	0.0	0.0	0.0	0.0	0.0	0.0	0.0	0.0	0.0	0.0	0.0052632	0.0	0.0	0.0	0.0	0.0	0.0	0.0	0.0	0.0	0.0	0.0	0.0	0.0	0.0	0.0	0.0	0.0	0.0	0.0	0.009009	0.0	0.0	0.0	0.0	0.0	0.0	0.0	0.0	0.0	0.0	0.0	0.0	0.0	
busard sp.	0.0	0.0108696	0.0	0.0	0.0	0.0	0.0	0.0	0.0	0.0	0.0	0.0	0.0	0.0	0.0	0.0039063	0.0	0.0	0.0	0.0	0.0	0.0	0.0	0.0	0.0	0.0	0.0	0.0	0.0	0.0	0.0	0.0	0.0	0.0	0.0	0.0	0.0	0.0	0.0	0.0	0.0	0.0	0.0136986	0.0	0.0	0.0	0.0	0.0057803	
Milan royal	0.0084034	0.0	0.0	0.0	0.0	0.0015	0.0	0.0296296	0.0128205	0.009901	0.0	0.0133333	0.0220994	0.0236686	0.0157895	0.0015	0.0114286	0.0097087	0.0	0.0	0.0076923	0.0	0.0	0.0	0.0148148	0.041958	0.0245399	0.0368421	0.0	0.0	0.0	0.0	0.0	0.0	0.0	0.005102	0.0084034	0.0469799	0.0531915	0.0322581	0.0245902	0.0425532	0.0136986	0.016	0.0252101	0.01	0.0	0.0	
Milan noir	0.0	0.0	0.0	0.0	0.0	0.0	0.04	0.0444444	0.2179487	0.3267327	0.3669065	0.38	0.5082873	0.4201183	0.3368421	0.40625	0.4	0.4951456	0.4491979	0.4571429	0.4615385	0.45	0.4033613	0.4682081	0.4592593	0.4195804	0.4785276	0.3631579	0.24	0.1182796	0.0173913	0.0186335	0.0	0.0	0.018018	0.0	0.0015	0.0067114	0.0106383	0.0	0.0	0.0	0.0	0.0	0.0	0.0	0.0	0.0	
Milan royal ou M. noir	0.0	0.0	0.0	0.0015	0.0	0.0	0.0	0.0	0.0	0.0	0.0	0.0066667	0.0	0.0	0.0	0.0	0.0	0.0	0.0	0.0	0.0	0.0	0.0168067	0.0057803	0.0	0.0	0.006135	0.0	0.0	0.0	0.0	0.0	0.0	0.0	0.0	0.0	0.0	0.0	0.0	0.0080645	0.0	0.0	0.0	0.0	0.0	0.0	0.0	0.0	
Buse variable	0.1092437	0.1086957	0.0740741	0.0601504	0.0743802	0.1639344	0.104	0.1185185	0.1923077	0.1089109	0.1870504	0.08	0.121547	0.1005917	0.1210526	0.078125	0.04	0.0776699	0.1069519	0.0897959	0.0923077	0.1	0.1092437	0.0404624	0.0666667	0.1258741	0.1349693	0.1052632	0.08	0.1505376	0.1304348	0.1180124	0.0508475	0.0978261	0.1261261	0.0816327	0.092437	0.0738255	0.0744681	0.0645161	0.0655738	0.1276596	0.109589	0.136	0.1932773	0.12	0.1511628	0.1560694	
rapace sp.	0.0	0.0	0.0	0.0	0.0	0.0	0.0	0.0	0.0	0.019802	0.0	0.0	0.0	0.0	0.0	0.0	0.0	0.0048544	0.0	0.0	0.0	0.0	0.0	0.0	0.0	0.0	0.0	0.0052632	0.0	0.0	0.0	0.0	0.0	0.0	0.0	0.0	0.0	0.0	0.0	0.0	0.0	0.0	0.0	0.0	0.0	0.01	0.0	0.0	
Effraie des clochers	0.0	0.0	0.0	0.0015	0.0015	0.0081967	0.0	0.0	0.0015	0.0	0.0	0.0	0.0015	0.0015	0.0	0.0	0.0	0.0	0.0	0.0	0.0	0.0	0.0015	0.0	0.0	0.0015	0.0015	0.0015	0.0	0.0015	0.0	0.0062112	0.0	0.0054348	0.0	0.0	0.0	0.0	0.0	0.0	0.0	0.0	0.0	0.0	0.0336134	0.0	0.0	0.0	
Petit-duc scops	0.0	0.0	0.0	0.0	0.0	0.0	0.0	0.0	0.0	0.0	0.0	0.0	0.0	0.0	0.0	0.0	0.0	0.0	0.0053476	0.0	0.0015	0.0	0.0084034	0.0	0.0	0.0	0.0	0.0	0.0	0.0	0.0	0.0	0.0	0.0	0.0	0.0	0.0	0.0	0.0	0.0	0.0	0.0	0.0	0.0	0.0	0.0	0.0	0.0	
Chevêche d'Athéna	0.0015	0.0108696	0.0246914	0.0015	0.0247934	0.0163934	0.024	0.0296296	0.0128205	0.009901	0.0071942	0.0133333	0.0	0.0177515	0.0105263	0.0078125	0.0057143	0.0097087	0.0213904	0.0204082	0.0153846	0.0583333	0.0252101	0.0404624	0.0222222	0.041958	0.0306748	0.0105263	0.01	0.0430108	0.0434783	0.0310559	0.0169492	0.0217391	0.018018	0.0102041	0.0084034	0.0134228	0.0106383	0.0080645	0.0163934	0.0106383	0.0015	0.0015	0.0	0.01	0.0232558	0.0	
Chouette hulotte	0.0084034	0.0108696	0.0015	0.0150376	0.0247934	0.0015	0.008	0.0074074	0.0128205	0.0015	0.0015	0.0015	0.0220994	0.0059172	0.0015	0.0039063	0.0057143	0.0048544	0.0053476	0.0040816	0.0153846	0.0	0.0	0.0404624	0.0074074	0.013986	0.0122699	0.0105263	0.01	0.0430108	0.0347826	0.0372671	0.0225989	0.0163043	0.0015	0.0015	0.0015	0.0067114	0.0106383	0.0015	0.0015	0.0212766	0.0015	0.0015	0.0252101	0.01	0.0581395	0.0015	
Hibou moyen-duc	0.0	0.0	0.0	0.0	0.0	0.0	0.0	0.0	0.0	0.0015	0.0	0.0	0.0055249	0.0	0.0	0.0	0.0	0.0	0.0	0.0015	0.0015	0.0	0.0	0.0	0.0	0.013986	0.0122699	0.0	0.0	0.0015	0.0	0.0	0.0	0.0	0.0	0.0	0.0	0.0	0.0	0.0	0.0	0.0106383	0.0	0.0	0.0	0.0	0.0	0.0	
Hibou des marais	0.0	0.0	0.0	0.0	0.0	0.0	0.0	0.0	0.0128205	0.0	0.0	0.0	0.0	0.0	0.0	0.0	0.0	0.0	0.0	0.0	0.0	0.0	0.0015	0.0	0.0	0.0	0.0	0.0	0.0	0.0	0.0	0.0	0.0056497	0.0054348	0.009009	0.0	0.0	0.0015	0.0015	0.0	0.0163934	0.0	0.0	0.0	0.0	0.0	0.0	0.0	
Strigiformes sp.	0.0	0.0	0.0	0.0	0.0	0.0	0.0	0.0	0.0	0.0	0.0	0.0	0.0	0.0	0.0	0.0	0.0	0.0	0.0	0.0	0.0	0.0	0.0	0.0	0.0	0.0	0.0	0.0	0.0	0.0	0.0	0.0	0.0	0.0	0.0	0.0	0.0	0.0067114	0.0	0.0	0.0	0.0	0.0	0.0	0.0	0.0	0.0	0.0	
Huppe fasciée	0.0	0.0	0.0	0.0	0.0	0.0	0.0	0.0	0.025641	0.009901	0.0359712	0.0466667	0.0773481	0.0887574	0.0526316	0.0625	0.0742857	0.0970874	0.0909091	0.0938776	0.0615385	0.075	0.0840336	0.0751445	0.0592593	0.0769231	0.0552147	0.0631579	0.01	0.0107527	0.0434783	0.0248447	0.0056497	0.0163043	0.009009	0.005102	0.0	0.0	0.0	0.0	0.0	0.0	0.0	0.0	0.0	0.0	0.0	0.0	
Guêpier d'Europe	0.0	0.0	0.0	0.0	0.0	0.0	0.0	0.0	0.0	0.0	0.0	0.0	0.0	0.0059172	0.0	0.0078125	0.0171429	0.0097087	0.0106952	0.0163265	0.0076923	0.0	0.0015	0.0115607	0.0296296	0.0	0.0184049	0.0263158	0.0	0.0215054	0.0086957	0.0	0.0	0.0	0.0	0.0	0.0	0.0015	0.0	0.0	0.0	0.0	0.0	0.0	0.0	0.0	0.0	0.0	
Martin-pêcheur d'Europe	0.2268908	0.1304348	0.1728395	0.1654135	0.0991736	0.0655738	0.168	0.0148148	0.0769231	0.1188119	0.0503597	0.0533333	0.0276243	0.0473373	0.0263158	0.0195313	0.04	0.0339806	0.0374332	0.0244898	0.0230769	0.0333333	0.0168067	0.0404624	0.0444444	0.1048951	0.1411043	0.1315789	0.16	0.2258065	0.2086957	0.2981366	0.2146893	0.3043478	0.3783784	0.2346939	0.2184874	0.2483221	0.2340426	0.2258065	0.1639344	0.287234	0.2739726	0.296	0.2268908	0.28	0.1976744	0.2427746	
Rollier d'Europe	0.0	0.0	0.0	0.0	0.0	0.0	0.0	0.0	0.0	0.0	0.0	0.0	0.0	0.0	0.0	0.0	0.0	0.0	0.0	0.0	0.0015	0.0	0.0	0.0	0.0	0.0	0.0	0.0	0.0	0.0	0.0	0.0	0.0	0.0	0.0	0.0	0.0	0.0	0.0	0.0	0.0	0.0	0.0	0.0	0.0	0.0	0.0	0.0	
Torcol fourmilier	0.0	0.0	0.0	0.0	0.0	0.0	0.0	0.0	0.0	0.0	0.0	0.0066667	0.0055249	0.0	0.0105263	0.0078125	0.0228571	0.0048544	0.0	0.0015	0.0	0.0	0.0015	0.0015	0.0	0.006993	0.0	0.0	0.0	0.0015	0.0	0.0062112	0.0112994	0.0163043	0.036036	0.0	0.0	0.0067114	0.0	0.0	0.0	0.0	0.0	0.0	0.0	0.0	0.0	0.0	
Pic épeiche	0.1596639	0.0869565	0.1604938	0.1428571	0.0743802	0.0983607	0.088	0.1333333	0.1153846	0.1782178	0.0863309	0.1133333	0.160221	0.112426	0.0894737	0.09375	0.12	0.1165049	0.0962567	0.0979592	0.1230769	0.075	0.0672269	0.0578035	0.1407407	0.1048951	0.0920245	0.0947368	0.08	0.1827957	0.1391304	0.1118012	0.0960452	0.1032609	0.0630631	0.0714286	0.0840336	0.114094	0.0851064	0.1209677	0.0655738	0.0957447	0.0958904	0.112	0.1428571	0.17	0.0697674	0.0982659	
Dendrocopos sp.	0.0	0.0	0.0	0.0	0.0	0.0	0.0	0.0	0.0	0.0	0.0	0.0	0.0	0.0	0.0	0.0	0.0	0.0	0.0	0.0	0.0	0.0	0.0	0.0	0.0	0.0	0.006135	0.0	0.0	0.0	0.0	0.0	0.0	0.0	0.0	0.0	0.0	0.0	0.0	0.0	0.0	0.0	0.0	0.0	0.0	0.0	0.0	0.0	
Pic épeichette	0.0168067	0.0217391	0.037037	0.0225564	0.0	0.0491803	0.04	0.0296296	0.025641	0.0792079	0.057554	0.0333333	0.0331492	0.035503	0.0105263	0.03125	0.0285714	0.0097087	0.0	0.0122449	0.0307692	0.0015	0.0	0.017341	0.0444444	0.020979	0.0122699	0.0	0.0015	0.0430108	0.0434783	0.0186335	0.039548	0.0326087	0.036036	0.0204082	0.0252101	0.0201342	0.0212766	0.0	0.0	0.0531915	0.0	0.048	0.0420168	0.09	0.0232558	0.017341	
Pic vert	0.1932773	0.2391304	0.1728395	0.2255639	0.1404959	0.2295082	0.28	0.2074074	0.2820513	0.3069307	0.3165468	0.2333333	0.2486188	0.2189349	0.1894737	0.2226563	0.1828571	0.2427184	0.1657754	0.1428571	0.1	0.2166667	0.0840336	0.1907514	0.237037	0.2587413	0.2638037	0.2210526	0.27	0.2580645	0.1913043	0.1863354	0.1694915	0.2554348	0.2432432	0.1377551	0.2016807	0.2281879	0.2234043	0.2096774	0.1639344	0.1276596	0.2054795	0.224	0.2184874	0.18	0.2093023	0.1965318	
Pic noir	0.0168067	0.0326087	0.0246914	0.0150376	0.0082645	0.0163934	0.016	0.0074074	0.0128205	0.009901	0.0215827	0.02	0.0055249	0.0118343	0.0210526	0.0234375	0.0285714	0.0145631	0.0374332	0.0122449	0.0307692	0.0166667	0.0084034	0.0	0.0296296	0.0	0.0245399	0.0210526	0.02	0.0430108	0.0015	0.0124224	0.0056497	0.0054348	0.018018	0.0102041	0.0015	0.0	0.0	0.0015	0.0081967	0.0319149	0.0136986	0.008	0.0420168	0.01	0.0232558	0.0115607	
pic sp.	0.0	0.0	0.0	0.0	0.0	0.0	0.0	0.0	0.0	0.0	0.0	0.0	0.0	0.0	0.0	0.0	0.0	0.0	0.0	0.0	0.0076923	0.0	0.0	0.0	0.0074074	0.0	0.0	0.0	0.0	0.0	0.0	0.0	0.0	0.0	0.0	0.0	0.0	0.0	0.0	0.0	0.0	0.0	0.0	0.0	0.0	0.0	0.0	0.0	
Faucon crécerelle	0.1428571	0.1195652	0.1604938	0.112782	0.107438	0.1885246	0.088	0.0888889	0.1666667	0.1287129	0.1223022	0.1533333	0.160221	0.1005917	0.1105263	0.0820313	0.0457143	0.0776699	0.1657754	0.0897959	0.0846154	0.1166667	0.0840336	0.1213873	0.1111111	0.0559441	0.0920245	0.1105263	0.12	0.1075269	0.1304348	0.0745342	0.0564972	0.0815217	0.0810811	0.0765306	0.0672269	0.1342282	0.1170213	0.1774194	0.1393443	0.1276596	0.1369863	0.168	0.1512605	0.12	0.1627907	0.1618497	
Faucon crécerellette ou F. crécerelle	0.0	0.0	0.0	0.0	0.0	0.0	0.0	0.0	0.0	0.0	0.0	0.0	0.0	0.0	0.0	0.0	0.0	0.0	0.0	0.0	0.0	0.0	0.0	0.0057803	0.0	0.0	0.0	0.0052632	0.0	0.0	0.0	0.0	0.0056497	0.0	0.0	0.0	0.0	0.0	0.0	0.0	0.0	0.0	0.0	0.0	0.0015	0.0	0.0	0.0	
Faucon d'Éléonore	0.0	0.0	0.0	0.0	0.0	0.0	0.0	0.0	0.0	0.0	0.0	0.0	0.0	0.0	0.0	0.0	0.0	0.0	0.0	0.0	0.0	0.0	0.0	0.0	0.0	0.0	0.0	0.0	0.0	0.0	0.0	0.0015	0.0	0.0108696	0.0	0.0	0.0	0.0067114	0.0	0.0	0.0	0.0	0.0	0.0	0.0	0.0	0.0	0.0	
Faucon émerillon	0.0	0.0	0.0	0.0	0.0	0.0081967	0.0	0.0	0.0	0.009901	0.0	0.0	0.0015	0.0	0.0052632	0.0015	0.0015	0.0	0.0	0.0	0.0	0.0	0.0	0.0	0.0	0.0	0.0	0.0	0.0	0.0	0.0	0.0	0.0056497	0.0054348	0.0	0.0102041	0.0252101	0.0402685	0.0319149	0.016129	0.0081967	0.0106383	0.0	0.008	0.0084034	0.01	0.0232558	0.0057803	
Faucon hobereau	0.0	0.0	0.0	0.0	0.0	0.0	0.0	0.0	0.0	0.0	0.0	0.0	0.0015	0.0118343	0.0105263	0.0234375	0.0285714	0.0339806	0.0213904	0.0122449	0.0538462	0.0166667	0.0084034	0.0057803	0.0222222	0.034965	0.0184049	0.0315789	0.02	0.0322581	0.0434783	0.0248447	0.0621469	0.048913	0.0810811	0.0306122	0.0168067	0.033557	0.0319149	0.0080645	0.0	0.0	0.0	0.0	0.0	0.0	0.0	0.0	
Faucon pèlerin	0.0168067	0.0	0.0123457	0.0075188	0.0082645	0.0163934	0.008	0.0222222	0.0	0.0	0.0	0.0133333	0.0276243	0.0	0.0052632	0.0078125	0.0057143	0.0015	0.0106952	0.0040816	0.0076923	0.0083333	0.0084034	0.0	0.0	0.0015	0.006135	0.0052632	0.0	0.0107527	0.0173913	0.0062112	0.0056497	0.0	0.0	0.005102	0.0	0.0201342	0.0212766	0.016129	0.0327869	0.0425532	0.0	0.0015	0.0084034	0.02	0.0	0.017341	
gros faucon sp.	0.0	0.0	0.0	0.0	0.0	0.0	0.0	0.0	0.0	0.0	0.0	0.0	0.0	0.0	0.0	0.0	0.0	0.0	0.0	0.0	0.0	0.0	0.0	0.0	0.0	0.0	0.0	0.0	0.0	0.0	0.0	0.0	0.0	0.0	0.0	0.0	0.0	0.0015	0.0106383	0.0	0.0	0.0	0.0	0.0	0.0	0.0	0.0	0.0	
Falco sp.	0.0	0.0	0.0	0.0	0.0	0.0	0.0	0.0	0.0	0.0	0.0	0.0066667	0.0	0.0	0.0052632	0.0078125	0.0	0.0	0.0053476	0.0	0.0	0.0	0.0084034	0.0057803	0.0	0.0	0.0	0.0052632	0.0	0.0	0.0	0.0062112	0.0	0.0108696	0.009009	0.0	0.0	0.0067114	0.0	0.0080645	0.0	0.0	0.0	0.0	0.0	0.0	0.0	0.0	
rapace diurne sp.	0.0015	0.0	0.0	0.0	0.0	0.0	0.0	0.0	0.0	0.0	0.0	0.0	0.0	0.0	0.0	0.0	0.0	0.0	0.0	0.0	0.0	0.0	0.0	0.0	0.0	0.0	0.0	0.0105263	0.0	0.0	0.0	0.0	0.0	0.0	0.0	0.0	0.0	0.0	0.0	0.0	0.0	0.0	0.0	0.0	0.0	0.0	0.0	0.0	
Calopsitte élégante	0.0	0.0015	0.0	0.0	0.0	0.0	0.0	0.0	0.0	0.0	0.0	0.0	0.0	0.0	0.0	0.0	0.0	0.0	0.0	0.0	0.0	0.0	0.0	0.0	0.0	0.0	0.0	0.0	0.0	0.0	0.0	0.0	0.0	0.0	0.0	0.0	0.0	0.0	0.0	0.0	0.0	0.0	0.0	0.0	0.0	0.0	0.0	0.0	
Perruche à collier	0.0	0.0	0.0	0.0	0.0	0.0	0.0	0.0	0.0	0.0	0.0	0.0	0.0015	0.0	0.0	0.0	0.0	0.0	0.0	0.0	0.0	0.0	0.0	0.0057803	0.0	0.0	0.0	0.0	0.0	0.0	0.0	0.0	0.0	0.0	0.0	0.0015	0.0	0.0	0.0	0.0	0.0	0.0	0.0	0.0	0.0	0.0	0.0	0.0	
Perruche ondulée	0.0	0.0	0.0	0.0	0.0	0.0	0.0	0.0	0.0	0.0	0.0	0.0	0.0	0.0	0.0	0.0	0.0	0.0	0.0	0.0	0.0	0.0	0.0	0.0	0.0	0.0	0.0	0.0	0.0	0.0	0.0	0.0015	0.0	0.0054348	0.0	0.0	0.0	0.0	0.0	0.0	0.0	0.0	0.0	0.0	0.0	0.0	0.0	0.0	
Inséparable rosegorge	0.0	0.0	0.0	0.0	0.0	0.0	0.0	0.0	0.0	0.0	0.0	0.0	0.0	0.0	0.0	0.0	0.0	0.0	0.0	0.0	0.0	0.0	0.0015	0.0	0.0	0.0	0.0	0.0	0.0	0.0	0.0	0.0	0.0	0.0	0.0	0.0	0.0	0.0	0.0	0.0	0.0	0.0	0.0	0.0	0.0	0.0	0.0	0.0	
Inséparable de Fischer	0.0	0.0	0.0	0.0	0.0	0.0	0.0	0.0	0.0	0.0	0.0	0.0	0.0	0.0	0.0	0.0	0.0	0.0	0.0	0.0	0.0	0.0	0.0	0.0	0.0	0.0	0.0	0.0	0.0	0.0	0.0	0.0	0.0	0.0	0.0	0.0	0.0	0.0	0.0	0.0015	0.0	0.0	0.0	0.0	0.0	0.0	0.0	0.0	
Loriot d'Europe	0.0	0.0	0.0	0.0	0.0	0.0	0.0	0.0	0.0	0.0	0.0	0.0	0.0055249	0.0059172	0.0421053	0.0859375	0.16	0.131068	0.0695187	0.0734694	0.0769231	0.075	0.092437	0.0520231	0.1333333	0.1048951	0.1104294	0.0894737	0.05	0.0430108	0.0086957	0.0062112	0.0	0.0	0.0	0.0	0.0	0.0	0.0	0.0	0.0	0.0	0.0	0.0	0.0	0.0	0.0	0.0	
Pie-grièche écorcheur	0.0	0.0	0.0	0.0	0.0	0.0	0.0	0.0	0.0	0.0	0.0	0.0	0.0	0.0	0.0	0.0	0.0057143	0.0582524	0.0427807	0.0367347	0.0015	0.0166667	0.0168067	0.017341	0.0296296	0.020979	0.0184049	0.0368421	0.02	0.0215054	0.0086957	0.0062112	0.0	0.0	0.0	0.0	0.0	0.0	0.0	0.0	0.0	0.0	0.0	0.0	0.0	0.0	0.0	0.0	
Pie-grièche grise	0.0	0.0	0.0	0.0075188	0.0	0.0081967	0.008	0.0	0.0	0.0	0.0	0.0	0.0	0.0	0.0	0.0	0.0	0.0	0.0	0.0	0.0	0.0	0.0	0.0	0.0	0.0	0.0	0.0	0.0	0.0	0.0	0.0	0.0	0.0	0.0	0.0	0.0	0.0	0.0	0.0	0.0	0.0	0.0	0.0	0.0	0.0	0.0	0.0	
Pie-grièche à tête rousse	0.0	0.0	0.0	0.0	0.0	0.0	0.0	0.0	0.0	0.0	0.0	0.0015	0.0	0.0	0.0	0.0015	0.0114286	0.0	0.0	0.0	0.0	0.0	0.0	0.0	0.0	0.0	0.0	0.0052632	0.0	0.0	0.0	0.0062112	0.0	0.0	0.0	0.0	0.0	0.0	0.0	0.0	0.0	0.0	0.0	0.0	0.0	0.0	0.0	0.0	
Geai des chênes	0.1764706	0.173913	0.1358025	0.1203008	0.0991736	0.0901639	0.096	0.1037037	0.1025641	0.1782178	0.1007194	0.1266667	0.1436464	0.0710059	0.1157895	0.1015625	0.0971429	0.131068	0.1016043	0.1061224	0.1	0.0333333	0.0756303	0.0924855	0.0962963	0.1468531	0.1288344	0.0894737	0.11	0.0860215	0.1043478	0.1242236	0.079096	0.1576087	0.1171171	0.122449	0.1932773	0.147651	0.2340426	0.1532258	0.1721311	0.212766	0.1232877	0.224	0.2268908	0.16	0.1744186	0.1676301	
Pie bavarde	0.4537815	0.4891304	0.5555556	0.4962406	0.5123967	0.5819672	0.416	0.3555556	0.4871795	0.5049505	0.352518	0.3666667	0.3867403	0.3905325	0.3789474	0.28125	0.4171429	0.3786408	0.4010695	0.4081633	0.3846154	0.375	0.4117647	0.3179191	0.3481481	0.3356643	0.2699387	0.2157895	0.27	0.2258065	0.2173913	0.2670807	0.2768362	0.4293478	0.3963964	0.4132653	0.4117647	0.4161074	0.4680851	0.4112903	0.442623	0.4255319	0.5205479	0.448	0.5378151	0.51	0.5348837	0.4104046	
Choucas des tours	0.0252101	0.0108696	0.0123457	0.0075188	0.0082645	0.0245902	0.016	0.0666667	0.0128205	0.019802	0.0215827	0.0133333	0.0331492	0.0295858	0.0210526	0.0039063	0.0571429	0.0339806	0.0748663	0.0326531	0.0692308	0.05	0.0336134	0.0346821	0.0	0.013986	0.0122699	0.0	0.02	0.0	0.0173913	0.0186335	0.0	0.0054348	0.027027	0.0357143	0.0588235	0.1006711	0.0638298	0.1129032	0.0245902	0.0531915	0.1232877	0.048	0.0504202	0.04	0.0	0.0115607	
Corbeau freux	0.0015	0.0	0.0	0.0	0.0	0.0	0.0	0.0	0.0015	0.0015	0.0	0.0066667	0.0055249	0.0059172	0.0	0.0015	0.0057143	0.0	0.0015	0.0	0.0	0.0	0.0	0.0115607	0.0074074	0.0	0.0015	0.0	0.0015	0.0	0.0	0.0	0.0	0.0	0.0	0.0	0.0084034	0.0	0.0	0.0	0.0	0.0	0.0015	0.0	0.0	0.0	0.0	0.0	
Corneille noire	0.512605	0.576087	0.4320988	0.5037594	0.4710744	0.5737705	0.464	0.4074074	0.4871795	0.5445545	0.4460432	0.5466667	0.4696133	0.3905325	0.4105263	0.3398438	0.36	0.4174757	0.3903743	0.3142857	0.3461538	0.3333333	0.3529412	0.2543353	0.3555556	0.4265734	0.398773	0.3052632	0.42	0.3870968	0.3478261	0.3354037	0.3785311	0.451087	0.3783784	0.4132653	0.3865546	0.4161074	0.4361702	0.516129	0.4918033	0.5319149	0.630137	0.52	0.5714286	0.54	0.4069767	0.4797688	
corneille sp.	0.0	0.0	0.0	0.0	0.0	0.0	0.0	0.0	0.0	0.0	0.0	0.0	0.0	0.0	0.0	0.0	0.0	0.0015	0.0	0.0	0.0	0.0	0.0	0.0	0.0015	0.0	0.0	0.0	0.0	0.0	0.0	0.0	0.0	0.0	0.009009	0.005102	0.0	0.0	0.0	0.0	0.0	0.0319149	0.0	0.0	0.0	0.0	0.0	0.0	
Grand Corbeau	0.0084034	0.0	0.0	0.0	0.0	0.0	0.0	0.0	0.0	0.019802	0.0	0.0066667	0.0	0.0118343	0.0052632	0.0117188	0.0057143	0.0	0.0053476	0.0	0.0076923	0.0166667	0.0	0.0115607	0.0	0.006993	0.006135	0.0	0.0	0.0322581	0.026087	0.0248447	0.0	0.0	0.0	0.0015	0.0	0.0	0.0	0.0	0.0	0.0	0.0	0.008	0.0168067	0.04	0.0	0.0057803	
Mésange noire	0.0084034	0.0	0.0493827	0.0075188	0.0247934	0.0245902	0.0015	0.0148148	0.0128205	0.019802	0.0143885	0.0	0.0	0.0059172	0.0105263	0.0	0.0	0.0	0.0106952	0.0040816	0.0	0.0015	0.0084034	0.0	0.0148148	0.006993	0.006135	0.0052632	0.02	0.0	0.0	0.0062112	0.0056497	0.0	0.009009	0.0153061	0.0084034	0.0015	0.0212766	0.016129	0.057377	0.0531915	0.0	0.056	0.0504202	0.04	0.0116279	0.0115607	
Mésange huppée	0.0420168	0.0217391	0.0123457	0.0150376	0.0082645	0.0163934	0.032	0.0148148	0.0512821	0.009901	0.0215827	0.0133333	0.0276243	0.0059172	0.0421053	0.0234375	0.0114286	0.0291262	0.0053476	0.0244898	0.0076923	0.0333333	0.0168067	0.0346821	0.0518519	0.027972	0.0736196	0.0736842	0.12	0.0537634	0.0608696	0.0807453	0.0508475	0.0706522	0.009009	0.0255102	0.0168067	0.0536913	0.0851064	0.0322581	0.0163934	0.0212766	0.0273973	0.048	0.092437	0.04	0.0465116	0.0289017	
Mésange nonnette	0.0084034	0.0	0.0	0.0015	0.0	0.0015	0.008	0.0148148	0.0015	0.0015	0.0071942	0.0	0.0165746	0.0059172	0.0	0.0039063	0.0114286	0.0048544	0.0053476	0.0	0.0015	0.0083333	0.0420168	0.017341	0.0015	0.006993	0.006135	0.0105263	0.03	0.0215054	0.0086957	0.0248447	0.0056497	0.0	0.0	0.005102	0.0	0.0	0.0106383	0.0080645	0.0081967	0.0106383	0.0136986	0.008	0.0084034	0.02	0.0116279	0.0057803	
Mésange bleue	0.3781513	0.3695652	0.4197531	0.4210526	0.3140496	0.442623	0.432	0.2814815	0.3076923	0.4059406	0.4028777	0.4266667	0.4640884	0.3668639	0.2736842	0.2148438	0.2571429	0.3058252	0.2887701	0.3387755	0.3	0.175	0.1764706	0.1560694	0.2814815	0.2097902	0.202454	0.2368421	0.34	0.4086022	0.2869565	0.310559	0.2372881	0.3152174	0.3603604	0.2142857	0.2521008	0.2483221	0.2234043	0.2741935	0.2377049	0.4148936	0.2876712	0.448	0.4201681	0.41	0.4069767	0.4277457	
Mésange charbonnière	0.4033613	0.4130435	0.4567901	0.4962406	0.446281	0.5737705	0.44	0.3851852	0.5	0.6138614	0.4532374	0.4933333	0.5027624	0.4792899	0.4473684	0.40625	0.3942857	0.4174757	0.3636364	0.3673469	0.2923077	0.25	0.2268908	0.1965318	0.3185185	0.2727273	0.2822086	0.2315789	0.33	0.4516129	0.3391304	0.3354037	0.3333333	0.3804348	0.3513514	0.3571429	0.3361345	0.3758389	0.393617	0.3951613	0.295082	0.4255319	0.4794521	0.432	0.4789916	0.43	0.5232558	0.4739884	
paridé sp.	0.0	0.0	0.0	0.0	0.0082645	0.0	0.008	0.0	0.0128205	0.0	0.0	0.0066667	0.0	0.0	0.0052632	0.0	0.0	0.0	0.0	0.0040816	0.0	0.0	0.0	0.0	0.0	0.0	0.0	0.0	0.0	0.0	0.0	0.0	0.0056497	0.0054348	0.0	0.005102	0.0084034	0.0	0.0319149	0.016129	0.0	0.0106383	0.0	0.0	0.0	0.0	0.0	0.0057803	
Rémiz penduline	0.0	0.0	0.0	0.0015	0.0	0.0	0.0	0.0015	0.0	0.0	0.0	0.0	0.0	0.0	0.0	0.0	0.0	0.0048544	0.0	0.0	0.0	0.0015	0.0	0.0	0.0	0.0	0.0	0.0	0.0	0.0	0.0	0.0062112	0.0	0.0	0.0	0.0	0.0	0.0	0.0015	0.0	0.0015	0.0015	0.0136986	0.0015	0.0336134	0.0015	0.0	0.0	
Alouette lulu	0.0015	0.0108696	0.0	0.0	0.0015	0.0163934	0.0015	0.0015	0.0	0.0015	0.0071942	0.0066667	0.0165746	0.0059172	0.0157895	0.0234375	0.0171429	0.0194175	0.0481283	0.0326531	0.0076923	0.0166667	0.0168067	0.017341	0.0148148	0.013986	0.0122699	0.0	0.01	0.0	0.0	0.0015	0.0015	0.0	0.0015	0.0306122	0.0336134	0.0536913	0.0638298	0.0806452	0.0163934	0.0106383	0.0	0.0	0.0084034	0.0	0.0	0.0057803	
Alouette des champs	0.0015	0.0108696	0.0246914	0.0	0.0165289	0.0327869	0.016	0.0015	0.0384615	0.009901	0.0071942	0.0266667	0.0331492	0.0015	0.0210526	0.0078125	0.0114286	0.0097087	0.0427807	0.0081633	0.0153846	0.0166667	0.0084034	0.0	0.0222222	0.0	0.006135	0.0	0.01	0.0	0.0	0.0062112	0.0	0.0	0.0	0.0	0.0015	0.0469799	0.0957447	0.1048387	0.0655738	0.1382979	0.0684932	0.056	0.0168067	0.03	0.0116279	0.0346821	
Cochevis huppé	0.0	0.0	0.0	0.0	0.0	0.0081967	0.0	0.0	0.0	0.0	0.0	0.0133333	0.0	0.0	0.0157895	0.0	0.0	0.0	0.0015	0.0081633	0.0076923	0.0083333	0.0	0.0057803	0.0074074	0.0	0.0122699	0.0	0.0	0.0	0.0	0.0	0.0	0.0	0.0015	0.005102	0.0168067	0.0268456	0.0212766	0.0403226	0.0245902	0.0212766	0.0	0.008	0.0	0.0	0.0	0.0	
Alouette haussecol	0.0	0.0	0.0	0.0	0.0	0.0	0.0	0.0	0.0	0.0	0.0	0.0	0.0	0.0	0.0	0.0	0.0	0.0	0.0	0.0	0.0	0.0	0.0	0.0	0.0	0.0	0.0	0.0	0.0	0.0	0.0	0.0	0.0	0.0	0.0	0.0	0.0	0.0	0.0	0.0080645	0.0	0.0	0.0	0.0	0.0	0.0	0.0	0.0	
Alouette calandrelle	0.0	0.0	0.0	0.0	0.0	0.0	0.0	0.0	0.0	0.0	0.0	0.0	0.0	0.0	0.0	0.0	0.0015	0.0	0.0	0.0	0.0	0.0	0.0	0.0	0.0	0.0	0.0	0.0	0.0	0.0	0.0	0.0	0.0	0.0	0.0	0.0	0.0	0.0	0.0	0.0	0.0	0.0	0.0	0.0	0.0	0.0	0.0	0.0	
Panure à moustaches	0.0	0.0	0.0	0.0	0.0	0.0	0.0	0.0	0.0	0.0	0.0	0.0	0.0	0.0	0.0	0.0	0.0	0.0	0.0	0.0	0.0	0.0	0.0	0.0	0.0	0.0	0.0	0.0	0.0	0.0	0.0	0.0	0.0	0.0	0.0	0.0	0.0	0.0	0.0	0.0	0.0	0.0015	0.0	0.0	0.0	0.0	0.0	0.0	
Cisticole des joncs	0.0588235	0.0543478	0.0246914	0.0150376	0.0082645	0.0163934	0.04	0.0296296	0.0641026	0.0693069	0.0791367	0.16	0.1823204	0.183432	0.1421053	0.1796875	0.1542857	0.2524272	0.171123	0.1673469	0.0923077	0.1083333	0.1008403	0.0809249	0.2222222	0.1538462	0.1533742	0.2	0.09	0.2043011	0.2	0.0745342	0.079096	0.0652174	0.0540541	0.0153061	0.0336134	0.0805369	0.0212766	0.0483871	0.057377	0.0638298	0.0958904	0.144	0.0756303	0.05	0.0465116	0.0346821	
Hypolaïs polyglotte	0.0	0.0	0.0	0.0	0.0	0.0	0.0	0.0	0.0	0.0	0.0	0.0	0.0055249	0.0118343	0.0526316	0.1601563	0.1885714	0.2912621	0.2192513	0.1918367	0.1846154	0.175	0.0504202	0.0751445	0.1333333	0.0769231	0.0613497	0.0421053	0.02	0.0430108	0.0434783	0.0372671	0.0225989	0.0108696	0.027027	0.0	0.0	0.0	0.0	0.0	0.0	0.0	0.0	0.0	0.0	0.0	0.0	0.0	
Hypolaïs polyglotte ou H. ictérine	0.0	0.0	0.0	0.0	0.0	0.0	0.0	0.0	0.0	0.0	0.0	0.0	0.0	0.0	0.0	0.0	0.0	0.0015	0.0	0.0	0.0	0.0	0.0	0.0	0.0	0.006993	0.0	0.0	0.0	0.0	0.0	0.0	0.0	0.0	0.0	0.0	0.0	0.0	0.0	0.0	0.0	0.0	0.0	0.0	0.0	0.0	0.0	0.0	
Phragmite aquatique	0.0	0.0	0.0	0.0	0.0	0.0	0.0	0.0	0.0	0.0	0.0	0.0	0.0	0.0	0.0	0.0	0.0	0.0	0.0	0.0	0.0	0.0	0.0	0.0	0.0	0.0	0.0	0.0	0.0	0.0015	0.0	0.0	0.0	0.0	0.0	0.0	0.0	0.0	0.0	0.0	0.0	0.0	0.0	0.0	0.0	0.0	0.0	0.0	
Phragmite des joncs	0.0	0.0	0.0	0.0	0.0	0.0	0.0	0.0	0.0	0.0015	0.0	0.02	0.0718232	0.0591716	0.0315789	0.0390625	0.0285714	0.038835	0.0053476	0.0	0.0230769	0.0083333	0.0	0.0015	0.0148148	0.006993	0.006135	0.0052632	0.02	0.0107527	0.0086957	0.0124224	0.0112994	0.0054348	0.0	0.0	0.0	0.0	0.0	0.0	0.0	0.0	0.0	0.0	0.0	0.0	0.0	0.0	
Rousserolle effarvatte	0.0	0.0	0.0	0.0	0.0	0.0	0.0	0.0	0.0	0.0	0.0	0.0	0.0607735	0.0946746	0.0894737	0.1601563	0.1542857	0.223301	0.1764706	0.1591837	0.1615385	0.0916667	0.0588235	0.0809249	0.1333333	0.0559441	0.1042945	0.0789474	0.04	0.0967742	0.0956522	0.0434783	0.0282486	0.0434783	0.0630631	0.0204082	0.0084034	0.0	0.0212766	0.016129	0.0	0.0	0.0	0.008	0.0	0.0	0.0	0.0	
Rousserolle verderolle ou R. effarvatte	0.0	0.0	0.0	0.0	0.0	0.0	0.0	0.0	0.0	0.0	0.0	0.0	0.0	0.0	0.0	0.0	0.0	0.0	0.0	0.0	0.0015	0.0	0.0	0.0	0.0	0.0	0.0	0.0	0.0	0.0	0.0	0.0	0.0	0.0	0.0	0.0	0.0	0.0	0.0	0.0	0.0	0.0	0.0	0.0	0.0	0.0	0.0	0.0	
Rousserolle turdoïde	0.0	0.0	0.0	0.0	0.0	0.0	0.0	0.0	0.0	0.0	0.0	0.0	0.0	0.0059172	0.0105263	0.0039063	0.0057143	0.0	0.0	0.0	0.0	0.0083333	0.0	0.0	0.0148148	0.0	0.006135	0.0	0.0	0.0015	0.0	0.0062112	0.0	0.0	0.0	0.0	0.0	0.0	0.0	0.0	0.0	0.0	0.0	0.0	0.0	0.0	0.0	0.0	
Acrocephalus sp.	0.0	0.0	0.0	0.0	0.0	0.0	0.0	0.0	0.0	0.0	0.0	0.0	0.0	0.0	0.0	0.0	0.0	0.0	0.0	0.0	0.0	0.0	0.0	0.0	0.0	0.0	0.0	0.0052632	0.0	0.0	0.0	0.0	0.0	0.0	0.0	0.0	0.0	0.0	0.0	0.0	0.0	0.0	0.0	0.0	0.0	0.0	0.0	0.0	
Locustelle luscinioïde	0.0	0.0	0.0	0.0	0.0	0.0	0.0	0.0	0.0	0.0	0.0	0.0015	0.0165746	0.0118343	0.0	0.0039063	0.0	0.0048544	0.0	0.0081633	0.0	0.0	0.0084034	0.0115607	0.0	0.0	0.0	0.0	0.0	0.0015	0.0	0.0	0.0	0.0	0.0	0.0	0.0	0.0	0.0	0.0	0.0	0.0	0.0	0.0	0.0	0.0	0.0	0.0	
Locustelle tachetée	0.0	0.0	0.0	0.0	0.0	0.0	0.0	0.0	0.0	0.0	0.0	0.0	0.0055249	0.0015	0.0052632	0.0039063	0.0114286	0.0048544	0.0	0.0015	0.0	0.0	0.0	0.0	0.0	0.0	0.0	0.0	0.01	0.0015	0.0086957	0.0	0.0	0.0	0.0	0.0	0.0	0.0	0.0	0.0	0.0	0.0	0.0	0.0	0.0	0.0	0.0	0.0	
locustelle sp.	0.0	0.0	0.0	0.0	0.0	0.0	0.0	0.0	0.0	0.0	0.0	0.0	0.0	0.0	0.0	0.0	0.0	0.0	0.0	0.0	0.0	0.0	0.0	0.0	0.0	0.0	0.0	0.0	0.0	0.0015	0.0	0.0	0.0	0.0	0.0	0.0	0.0	0.0	0.0	0.0	0.0	0.0	0.0	0.0	0.0	0.0	0.0	0.0	
Hirondelle de rivage	0.0	0.0	0.0	0.0	0.0	0.0	0.0	0.0	0.025641	0.009901	0.0215827	0.0333333	0.038674	0.0532544	0.0736842	0.0351563	0.0285714	0.0194175	0.0213904	0.0	0.0153846	0.0083333	0.0084034	0.0231214	0.0074074	0.0015	0.0613497	0.0473684	0.04	0.0645161	0.1130435	0.0807453	0.1016949	0.1141304	0.0540541	0.0204082	0.0084034	0.0	0.0	0.0	0.0	0.0	0.0	0.0	0.0	0.0	0.0	0.0	
Hirondelle rustique	0.0015	0.0	0.0	0.0075188	0.0	0.0	0.0	0.0	0.0384615	0.019802	0.1007194	0.26	0.3149171	0.2781065	0.3421053	0.3046875	0.2971429	0.3980583	0.2887701	0.2489796	0.2307692	0.2166667	0.1512605	0.2369942	0.3555556	0.2587413	0.3435583	0.3631579	0.27	0.483871	0.2869565	0.3602484	0.3163842	0.3641304	0.1891892	0.1122449	0.0840336	0.0805369	0.0851064	0.0241935	0.0081967	0.0212766	0.0	0.008	0.0084034	0.01	0.0116279	0.0	
Hirondelle de fenêtre	0.0	0.0	0.0	0.0	0.0	0.0	0.0	0.0	0.0	0.0	0.0143885	0.0066667	0.0441989	0.0650888	0.1421053	0.125	0.1428571	0.1213592	0.1550802	0.1795918	0.0846154	0.1166667	0.1008403	0.1734104	0.1925926	0.1958042	0.208589	0.1526316	0.14	0.2043011	0.1826087	0.1428571	0.079096	0.0869565	0.036036	0.0408163	0.0168067	0.0134228	0.0	0.0080645	0.0	0.0	0.0	0.0	0.0	0.0	0.0	0.0	
Hirondelle rousseline	0.0	0.0	0.0	0.0	0.0	0.0	0.0	0.0	0.0	0.0	0.0	0.0	0.0	0.0059172	0.0	0.0039063	0.0	0.0	0.0	0.0	0.0	0.0	0.0	0.0	0.0	0.0	0.0	0.0052632	0.0	0.0	0.0	0.0	0.0	0.0	0.0	0.0	0.0	0.0	0.0	0.0	0.0	0.0	0.0	0.0	0.0	0.0	0.0	0.0	
hirondelle sp.	0.0	0.0	0.0	0.0	0.0	0.0	0.0	0.0	0.0	0.0	0.0071942	0.0	0.0	0.0	0.0	0.0	0.0	0.0048544	0.0053476	0.0	0.0	0.0	0.0	0.0	0.0	0.0	0.0	0.0052632	0.0	0.0107527	0.0	0.0062112	0.0	0.0054348	0.009009	0.0	0.0	0.0	0.0	0.0	0.0	0.0	0.0	0.0	0.0	0.0	0.0	0.0	
Pouillot siffleur	0.0	0.0	0.0	0.0	0.0	0.0	0.0	0.0	0.0	0.0	0.0	0.0	0.0	0.0	0.0105263	0.0	0.0	0.0	0.0	0.0	0.0	0.0	0.0	0.0	0.0	0.0	0.0	0.0	0.0	0.0	0.0	0.0	0.0	0.0	0.0	0.0	0.0	0.0	0.0	0.0	0.0	0.0	0.0	0.0	0.0	0.0	0.0	0.0	
Pouillot de Bonelli	0.0	0.0	0.0	0.0	0.0	0.0	0.0	0.0	0.0	0.0	0.0	0.0066667	0.0110497	0.0236686	0.0526316	0.0664063	0.04	0.0533981	0.026738	0.0326531	0.0461538	0.0416667	0.0	0.0115607	0.0444444	0.013986	0.0306748	0.0105263	0.0	0.0	0.0	0.0	0.0	0.0	0.0	0.0	0.0	0.0	0.0	0.0	0.0	0.0	0.0	0.0	0.0	0.0	0.0	0.0	
Pouillot à grands sourcils	0.0	0.0	0.0	0.0	0.0	0.0	0.0	0.0	0.0	0.0	0.0	0.0	0.0	0.0	0.0	0.0	0.0	0.0	0.0	0.0	0.0	0.0	0.0	0.0	0.0	0.0	0.0	0.0	0.0	0.0	0.0	0.0	0.0	0.0	0.0	0.0	0.0	0.0015	0.0015	0.0015	0.0	0.0106383	0.0	0.0	0.0	0.0	0.0	0.0	
Pouillot de Pallas	0.0	0.0	0.0	0.0	0.0	0.0	0.0015	0.0	0.0	0.0	0.0	0.0	0.0	0.0	0.0	0.0	0.0	0.0	0.0	0.0	0.0	0.0	0.0	0.0	0.0	0.0	0.0	0.0	0.0	0.0	0.0	0.0	0.0	0.0	0.0	0.0	0.0	0.0	0.0	0.0	0.0245902	0.0	0.0	0.0	0.0	0.0	0.0	0.0	
Pouillot brun	0.0	0.0	0.0	0.0	0.0	0.0	0.0	0.0	0.0	0.0	0.0	0.0	0.0	0.0	0.0	0.0	0.0	0.0	0.0	0.0	0.0	0.0	0.0	0.0	0.0	0.0	0.0	0.0	0.0	0.0	0.0	0.0	0.0	0.0	0.0	0.0	0.0	0.0	0.0	0.0015	0.0	0.0212766	0.0	0.0	0.0	0.0	0.0116279	0.0	
Pouillot fitis	0.0	0.0	0.0	0.0	0.0	0.0	0.0	0.0	0.0128205	0.0	0.0359712	0.0933333	0.0883978	0.0414201	0.0210526	0.015625	0.0114286	0.0291262	0.0053476	0.0015	0.0015	0.0015	0.0015	0.0	0.0	0.020979	0.0015	0.0105263	0.06	0.1505376	0.1217391	0.0993789	0.1242938	0.201087	0.2522523	0.0969388	0.0420168	0.0402685	0.0212766	0.0015	0.0	0.0	0.0	0.0	0.0	0.0	0.0	0.0	
Pouillot véloce	0.1764706	0.1521739	0.2839506	0.2857143	0.1900826	0.3114754	0.312	0.1555556	0.3076923	0.4356436	0.3884892	0.44	0.441989	0.408284	0.3157895	0.4140625	0.3371429	0.4029126	0.2620321	0.3265306	0.3153846	0.2666667	0.2521008	0.132948	0.2962963	0.1748252	0.202454	0.1578947	0.21	0.2258065	0.2956522	0.2919255	0.2711864	0.3206522	0.4054054	0.3061224	0.3865546	0.442953	0.4361702	0.3387097	0.2540984	0.2978723	0.3424658	0.272	0.2857143	0.25	0.1744186	0.2196532	
Pouillot fitis ou P. véloce	0.0	0.0	0.0	0.0	0.0	0.0	0.0	0.0	0.0	0.0	0.0	0.0	0.0	0.0	0.0	0.0	0.0	0.0	0.0	0.0	0.0	0.0	0.0	0.0	0.0	0.0	0.0	0.0	0.01	0.0	0.0	0.0	0.0	0.0	0.0	0.0	0.0	0.0	0.0	0.0080645	0.0	0.0	0.0	0.0	0.0	0.0	0.0	0.0	
Pouillot ibérique	0.0	0.0	0.0	0.0	0.0	0.0	0.0	0.0	0.0	0.0	0.0	0.0015	0.0	0.0015	0.0	0.0015	0.0	0.0015	0.0	0.0	0.0	0.0	0.0	0.0	0.0074074	0.0	0.0	0.0	0.0	0.0	0.0	0.0	0.0	0.0	0.0	0.0	0.0	0.0	0.0	0.0	0.0	0.0	0.0	0.0	0.0	0.0	0.0	0.0	
Pouillot fitis, P. véloce ou P. ibérique	0.0	0.0	0.0	0.0	0.0	0.0	0.0	0.0	0.0	0.0	0.0	0.0	0.0	0.0	0.0	0.0	0.0	0.0	0.0	0.0	0.0	0.0	0.0	0.0	0.0	0.0	0.0	0.0	0.01	0.0	0.0	0.0	0.0	0.0	0.0	0.0	0.0	0.0	0.0	0.0	0.0	0.0	0.0	0.0	0.0	0.0	0.0	0.0	
pouillot sp.	0.0	0.0	0.0	0.0	0.0	0.0	0.0	0.0	0.0	0.0	0.0	0.0	0.0	0.0	0.0	0.0039063	0.0	0.0	0.0	0.0040816	0.0	0.0	0.0	0.0	0.0	0.0	0.0122699	0.0	0.0	0.0107527	0.0086957	0.0062112	0.0056497	0.0015	0.0	0.0	0.0084034	0.0	0.0	0.0015	0.0081967	0.0	0.0	0.0	0.0	0.0	0.0	0.0	
Bouscarle de Cetti	0.1092437	0.0978261	0.1975309	0.1203008	0.1239669	0.1721311	0.24	0.1185185	0.1794872	0.2376238	0.2014388	0.28	0.3812155	0.3076923	0.2473684	0.3125	0.2457143	0.3009709	0.2032086	0.244898	0.2230769	0.175	0.1344538	0.0982659	0.1259259	0.1188811	0.1288344	0.0789474	0.06	0.172043	0.1913043	0.1677019	0.1920904	0.2608696	0.3423423	0.1530612	0.1260504	0.1677852	0.1595745	0.1370968	0.1721311	0.2659574	0.2054795	0.264	0.1596639	0.18	0.1395349	0.150289	
Orite à longue queue	0.210084	0.2826087	0.2222222	0.2556391	0.214876	0.2868852	0.2	0.1777778	0.3076923	0.3168317	0.2014388	0.18	0.1712707	0.147929	0.1421053	0.1523438	0.1885714	0.2087379	0.171123	0.1959184	0.1538462	0.0833333	0.1428571	0.1387283	0.1333333	0.1888112	0.1717791	0.2210526	0.21	0.2365591	0.2347826	0.2670807	0.1525424	0.2228261	0.2252252	0.1479592	0.210084	0.2013423	0.0957447	0.2016129	0.2295082	0.2978723	0.1780822	0.32	0.302521	0.29	0.3139535	0.283237	
Fauvette à tête noire	0.2016807	0.1413043	0.1111111	0.0902256	0.107438	0.1393443	0.184	0.2074074	0.1538462	0.3366337	0.2733813	0.3533333	0.441989	0.4201183	0.3947368	0.3984375	0.4	0.4126214	0.3582888	0.4040816	0.4230769	0.3833333	0.3193277	0.3063584	0.3777778	0.3216783	0.202454	0.1631579	0.1	0.1182796	0.1478261	0.1055901	0.1186441	0.2119565	0.2162162	0.1530612	0.1848739	0.1946309	0.1808511	0.2016129	0.1557377	0.1595745	0.1506849	0.112	0.1092437	0.21	0.1744186	0.1213873	
Fauvette des jardins	0.0	0.0	0.0	0.0	0.0	0.0	0.0	0.0	0.0	0.0	0.0	0.0	0.0055249	0.0118343	0.0	0.0351563	0.0228571	0.0097087	0.0160428	0.0015	0.0230769	0.0	0.0	0.0057803	0.0074074	0.0	0.0122699	0.0052632	0.01	0.0107527	0.0086957	0.0248447	0.0112994	0.0217391	0.0900901	0.005102	0.0	0.0	0.0	0.0	0.0	0.0	0.0	0.0	0.0	0.0	0.0	0.0	
Fauvette mélanocéphale	0.0	0.0	0.0	0.0	0.0	0.0	0.0	0.0	0.0	0.0	0.0	0.0	0.0	0.0	0.0	0.0	0.0	0.0	0.0053476	0.0	0.0	0.0	0.0	0.0	0.0	0.0	0.0	0.0	0.0	0.0	0.0086957	0.0124224	0.0	0.0	0.0	0.0	0.0	0.0	0.0	0.0	0.0	0.0	0.0	0.0	0.0168067	0.0	0.0	0.0	
Fauvette passerinette	0.0	0.0	0.0	0.0	0.0	0.0	0.0	0.0	0.0	0.0	0.0	0.0	0.0	0.0	0.0	0.0	0.0	0.0	0.0	0.0	0.0	0.0	0.0	0.0	0.0	0.0	0.0	0.0	0.0	0.0	0.0	0.0	0.0	0.0	0.0	0.0	0.0	0.0067114	0.0	0.0	0.0	0.0	0.0	0.0	0.0	0.0	0.0	0.0	
Fauvette passerinette ou F. des Balkans	0.0	0.0	0.0	0.0	0.0	0.0	0.0	0.0	0.0	0.0	0.0	0.0	0.0	0.0	0.0	0.0	0.0	0.0	0.0	0.0	0.0	0.0	0.0	0.0	0.0	0.0	0.0	0.0	0.0	0.0	0.0	0.0	0.0	0.0	0.0	0.0	0.0	0.0067114	0.0	0.0	0.0	0.0	0.0	0.0	0.0	0.0	0.0	0.0	
Fauvette grisette	0.0	0.0	0.0	0.0	0.0	0.0	0.0	0.0	0.0	0.0	0.0071942	0.0066667	0.0552486	0.1065089	0.0473684	0.0703125	0.0457143	0.0825243	0.0427807	0.0326531	0.0384615	0.0083333	0.0336134	0.017341	0.0444444	0.0	0.0245399	0.0	0.02	0.0430108	0.0347826	0.0186335	0.0225989	0.0543478	0.045045	0.005102	0.0252101	0.0134228	0.0	0.0	0.0	0.0	0.0	0.0	0.0	0.0	0.0	0.0	
Fauvette pitchou	0.0	0.0217391	0.0123457	0.0	0.0082645	0.0163934	0.024	0.0	0.0128205	0.0015	0.0143885	0.0133333	0.0055249	0.0118343	0.0105263	0.0	0.0057143	0.0048544	0.0053476	0.0	0.0076923	0.025	0.0	0.0	0.0148148	0.006993	0.006135	0.0052632	0.04	0.0322581	0.0086957	0.0062112	0.0015	0.0054348	0.027027	0.005102	0.0015	0.0067114	0.0319149	0.0080645	0.0	0.0106383	0.0136986	0.008	0.0168067	0.01	0.0348837	0.0057803	
Sylvia ou Curruca sp.	0.0	0.0	0.0	0.0	0.0	0.0	0.0	0.0	0.0	0.0	0.0	0.0	0.0	0.0	0.0	0.0	0.0	0.0	0.0	0.0	0.0	0.0	0.0015	0.0	0.0	0.0	0.0	0.0	0.0	0.0	0.0	0.0	0.0	0.0	0.0	0.0	0.0	0.0	0.0	0.0	0.0	0.0	0.0	0.0	0.0	0.0	0.0	0.0	
Léiothrix jaune	0.0	0.0	0.0	0.0	0.0	0.0	0.0	0.0	0.0	0.0	0.0	0.0	0.0	0.0	0.0	0.0	0.0	0.0	0.0	0.0	0.0	0.0	0.0	0.0	0.0	0.0	0.0	0.0	0.0015	0.0	0.0	0.0	0.0	0.0	0.0	0.0	0.0	0.0	0.0	0.0	0.0	0.0	0.0	0.0	0.0	0.0	0.0	0.0	
Roitelet huppé	0.0588235	0.0217391	0.0	0.0150376	0.0247934	0.0163934	0.032	0.0	0.025641	0.019802	0.0071942	0.0066667	0.0110497	0.0059172	0.0263158	0.0117188	0.0057143	0.0048544	0.0106952	0.0122449	0.0076923	0.0	0.0	0.0	0.0	0.006993	0.0184049	0.0157895	0.02	0.0215054	0.0	0.0	0.039548	0.0597826	0.027027	0.0015	0.0	0.0067114	0.0212766	0.0080645	0.0737705	0.1595745	0.0684932	0.072	0.1764706	0.1	0.0581395	0.0115607	
Roitelet à triple bandeau	0.1764706	0.1304348	0.1358025	0.1503759	0.1157025	0.1803279	0.168	0.1703704	0.1153846	0.1782178	0.1510791	0.14	0.121547	0.1183432	0.1684211	0.1445313	0.1542857	0.1601942	0.0962567	0.1428571	0.0769231	0.0666667	0.0588235	0.0809249	0.1037037	0.1328671	0.1042945	0.0842105	0.09	0.2258065	0.2	0.1863354	0.1412429	0.1630435	0.1441441	0.1020408	0.210084	0.1610738	0.1489362	0.1854839	0.147541	0.287234	0.0958904	0.216	0.2773109	0.14	0.2325581	0.1156069	
Roitelet huppé ou R. à triple bandeau	0.0084034	0.0	0.0123457	0.0075188	0.0082645	0.0	0.0	0.0	0.0	0.0	0.0	0.0	0.0	0.0	0.0	0.0039063	0.0015	0.0	0.0	0.0	0.0	0.0	0.0	0.0	0.0074074	0.0	0.0	0.0052632	0.0	0.0	0.0	0.0	0.0	0.0054348	0.0	0.0	0.0	0.0	0.0106383	0.0	0.0	0.0106383	0.0	0.016	0.0	0.01	0.0	0.0057803	
Tichodrome échelette	0.0015	0.0015	0.0	0.0015	0.0015	0.0	0.0015	0.0074074	0.0	0.0	0.0	0.0	0.0	0.0	0.0	0.0	0.0	0.0	0.0	0.0	0.0	0.0	0.0	0.0	0.0	0.0	0.0	0.0	0.0	0.0	0.0	0.0	0.0	0.0	0.0	0.0	0.0	0.0	0.0	0.0	0.0	0.0015	0.0015	0.0	0.0	0.0	0.0	0.0015	
Sittelle torchepot	0.1344538	0.1847826	0.1851852	0.1654135	0.1735537	0.1557377	0.144	0.1925926	0.1025641	0.2277228	0.2158273	0.16	0.2099448	0.0887574	0.0684211	0.0820313	0.08	0.131068	0.1016043	0.1020408	0.1230769	0.0583333	0.0840336	0.0635838	0.1333333	0.1188811	0.1656442	0.0894737	0.19	0.2043011	0.2347826	0.1614907	0.1581921	0.1847826	0.1351351	0.0867347	0.1344538	0.1208054	0.0957447	0.0806452	0.0409836	0.1170213	0.109589	0.136	0.2184874	0.18	0.2093023	0.1849711	
Grimpereau des jardins	0.1260504	0.1304348	0.1728395	0.1353383	0.0991736	0.1147541	0.136	0.162963	0.1025641	0.1881188	0.1798561	0.1533333	0.1878453	0.1893491	0.1789474	0.1953125	0.1942857	0.2281553	0.1604278	0.1673469	0.1538462	0.2	0.1176471	0.1213873	0.2740741	0.2027972	0.2269939	0.1578947	0.22	0.311828	0.226087	0.2049689	0.1694915	0.2119565	0.1171171	0.0918367	0.0840336	0.1006711	0.0531915	0.1048387	0.0491803	0.1382979	0.1232877	0.128	0.1596639	0.15	0.127907	0.0751445	
Grimpereau des bois ou G. des jardins	0.0	0.0	0.0	0.0	0.0	0.0	0.0	0.0	0.0	0.0	0.0	0.0	0.0	0.0	0.0	0.0	0.0	0.0	0.0	0.0	0.0	0.0	0.0	0.0	0.0	0.0	0.0	0.0	0.0	0.0	0.0	0.0	0.0	0.0	0.0	0.0	0.0	0.0	0.0	0.0	0.0	0.0106383	0.0	0.0	0.0	0.0	0.0	0.0	
Troglodyte mignon	0.1512605	0.0543478	0.1481481	0.1353383	0.0743802	0.1721311	0.136	0.1185185	0.1666667	0.1584158	0.1510791	0.1	0.1657459	0.1597633	0.1210526	0.171875	0.1542857	0.1504854	0.1604278	0.1755102	0.1769231	0.1333333	0.1428571	0.1098266	0.1407407	0.1328671	0.0920245	0.0842105	0.04	0.1182796	0.0608696	0.0496894	0.0508475	0.0597826	0.018018	0.0255102	0.0252101	0.0067114	0.1489362	0.0887097	0.0819672	0.2340426	0.1780822	0.216	0.2352941	0.22	0.1627907	0.1734104	
Étourneau sansonnet	0.487395	0.4891304	0.4938272	0.518797	0.5371901	0.5655738	0.512	0.3703704	0.4230769	0.4950495	0.4100719	0.5066667	0.519337	0.4497041	0.4157895	0.4101563	0.48	0.592233	0.4652406	0.4204082	0.3923077	0.4416667	0.4705882	0.4624277	0.4296296	0.3636364	0.3251534	0.3789474	0.25	0.3870968	0.4608696	0.2981366	0.3728814	0.4184783	0.4504505	0.4336735	0.4117647	0.4563758	0.4893617	0.483871	0.5245902	0.4787234	0.5616438	0.584	0.512605	0.55	0.5697674	0.566474	
Étourneau unicolore	0.0	0.0	0.0	0.0	0.0	0.0	0.008	0.0	0.0	0.0	0.0	0.0	0.0	0.0	0.0	0.0	0.0	0.0	0.0	0.0	0.0	0.0	0.0	0.0	0.0	0.0	0.0	0.0	0.0	0.0	0.0	0.0	0.0	0.0	0.0	0.0	0.0	0.0	0.0	0.0	0.0	0.0	0.0	0.0	0.0	0.0	0.0	0.0	
Étourneau sansonnet ou É. unicolore	0.0	0.0	0.0	0.0075188	0.0082645	0.0163934	0.008	0.0296296	0.025641	0.0	0.0	0.0066667	0.0	0.0015	0.0	0.0	0.0114286	0.0	0.0106952	0.0081633	0.0	0.0	0.0	0.0	0.0	0.006993	0.0	0.0052632	0.0	0.0	0.0086957	0.0310559	0.0169492	0.0	0.0	0.0	0.0	0.0	0.0	0.0	0.0	0.0212766	0.0015	0.0	0.0	0.0	0.0	0.0	
Grive draine	0.0	0.0108696	0.0123457	0.0150376	0.0165289	0.0081967	0.008	0.0074074	0.0015	0.019802	0.0071942	0.0066667	0.0220994	0.0	0.0052632	0.0	0.0114286	0.0048544	0.0053476	0.0	0.0076923	0.0083333	0.0168067	0.017341	0.0074074	0.013986	0.0122699	0.0052632	0.0	0.0	0.0	0.0248447	0.0	0.0054348	0.0	0.0	0.0	0.0134228	0.0212766	0.0403226	0.0081967	0.0	0.0136986	0.0015	0.0168067	0.0015	0.0	0.017341	
Grive musicienne	0.1512605	0.1956522	0.1481481	0.1578947	0.2644628	0.295082	0.232	0.2	0.2564103	0.2574257	0.1654676	0.1666667	0.1933702	0.1775148	0.1578947	0.203125	0.2742857	0.2572816	0.2032086	0.2612245	0.2692308	0.2416667	0.1512605	0.1387283	0.162963	0.1188811	0.1104294	0.0421053	0.07	0.0645161	0.0608696	0.0124224	0.0225989	0.0380435	0.0720721	0.0153061	0.0588235	0.1208054	0.212766	0.1854839	0.1393443	0.1595745	0.1780822	0.208	0.1428571	0.12	0.1860465	0.132948	
Grive mauvis	0.0840336	0.0978261	0.0246914	0.0225564	0.0495868	0.0245902	0.032	0.0074074	0.0769231	0.019802	0.0	0.0015	0.0015	0.0059172	0.0	0.0	0.0	0.0	0.0	0.0	0.0	0.0	0.0	0.0	0.0	0.0	0.0	0.0	0.0	0.0	0.0	0.0	0.0	0.0	0.0	0.0	0.0	0.0	0.0744681	0.0322581	0.0327869	0.0744681	0.0684932	0.056	0.0840336	0.07	0.1395349	0.0693642	
Merle noir	0.5630252	0.4456522	0.4567901	0.6090226	0.5041322	0.5245902	0.528	0.5185185	0.6025641	0.6435644	0.4892086	0.56	0.5856354	0.6272189	0.5947368	0.6132813	0.6857143	0.6650485	0.684492	0.6489796	0.5692308	0.55	0.5630252	0.4682081	0.4444444	0.3986014	0.3496933	0.3157895	0.34	0.2795699	0.3304348	0.3478261	0.3163842	0.375	0.3873874	0.3673469	0.4285714	0.4161074	0.5531915	0.4193548	0.4590164	0.5212766	0.6027397	0.504	0.4957983	0.54	0.627907	0.5433526	
Grive litorne	0.0	0.0	0.0	0.0	0.0	0.0	0.0	0.0	0.0015	0.009901	0.0	0.0	0.0	0.0	0.0	0.0	0.0	0.0	0.0	0.0	0.0	0.0	0.0	0.0	0.0	0.0	0.0	0.0	0.0	0.0	0.0	0.0	0.0	0.0	0.0	0.0	0.0	0.0	0.0212766	0.0403226	0.0081967	0.0015	0.0136986	0.024	0.0	0.01	0.0116279	0.0	
Merle à plastron	0.0	0.0	0.0	0.0	0.0	0.0	0.0	0.0	0.0	0.0	0.0	0.0	0.0	0.0177515	0.0	0.0015	0.0	0.0	0.0	0.0	0.0	0.0	0.0	0.0	0.0	0.0	0.0	0.0	0.0	0.0	0.0	0.0	0.0	0.0054348	0.0	0.0	0.0	0.0067114	0.0106383	0.0403226	0.0081967	0.0	0.0	0.0	0.0	0.0	0.0	0.0	
Turdus sp.	0.0	0.0	0.0	0.0	0.0082645	0.0	0.008	0.0074074	0.0	0.0	0.0	0.0	0.0	0.0	0.0	0.0	0.0	0.0	0.0	0.0	0.0	0.0	0.0	0.0	0.0	0.0	0.0	0.0	0.0015	0.0	0.0086957	0.0	0.0	0.0	0.0	0.0	0.0	0.0	0.0	0.0	0.0	0.0	0.0136986	0.0	0.0084034	0.01	0.0	0.0	
Gobemouche gris	0.0	0.0	0.0	0.0	0.0	0.0	0.0	0.0	0.0	0.0	0.0	0.0	0.0	0.0	0.0	0.015625	0.0514286	0.0533981	0.0427807	0.0612245	0.0461538	0.0166667	0.0336134	0.0520231	0.0666667	0.0699301	0.0920245	0.0842105	0.08	0.1182796	0.1217391	0.1614907	0.1186441	0.1195652	0.1531532	0.0663265	0.0252101	0.0536913	0.0106383	0.0241935	0.0	0.0	0.0	0.0	0.0	0.0	0.0	0.0	
Rougegorge familier	0.5966387	0.5	0.5308642	0.5864662	0.446281	0.5491803	0.544	0.437037	0.474359	0.4851485	0.4676259	0.4066667	0.3701657	0.3786982	0.3578947	0.3359375	0.3371429	0.3106796	0.3262032	0.3510204	0.3076923	0.2833333	0.2184874	0.1618497	0.2666667	0.2237762	0.1840491	0.1736842	0.19	0.2365591	0.1826087	0.3416149	0.4011299	0.4891304	0.6666667	0.5612245	0.7310924	0.704698	0.7340426	0.6370968	0.6721311	0.6595745	0.7260274	0.664	0.6722689	0.68	0.7093023	0.6647399	
Rossignol philomèle	0.0	0.0	0.0	0.0	0.0	0.0	0.0	0.0	0.0	0.0	0.0	0.0133333	0.1160221	0.3195266	0.2473684	0.3125	0.28	0.2912621	0.2085561	0.2163265	0.1461538	0.0666667	0.0420168	0.0289017	0.0222222	0.034965	0.0490798	0.0052632	0.0015	0.0537634	0.0434783	0.0186335	0.0338983	0.0054348	0.027027	0.0	0.0	0.0067114	0.0	0.0	0.0	0.0	0.0	0.0	0.0	0.0	0.0	0.0	
Gorgebleue à miroir	0.0	0.0	0.0	0.0	0.0	0.0	0.0	0.0	0.0128205	0.0	0.0359712	0.06	0.0497238	0.0059172	0.0368421	0.0234375	0.0114286	0.0194175	0.0160428	0.0163265	0.0153846	0.0	0.0	0.0057803	0.0148148	0.020979	0.006135	0.0052632	0.0	0.0107527	0.0	0.0062112	0.0282486	0.0271739	0.027027	0.0015	0.0084034	0.0	0.0	0.0	0.0	0.0	0.0	0.0	0.0	0.0	0.0	0.0	
Gobemouche noir	0.0	0.0	0.0	0.0	0.0	0.0	0.0	0.0	0.0	0.0	0.0	0.0	0.0110497	0.0	0.0052632	0.0039063	0.0	0.0097087	0.0	0.0	0.0	0.0166667	0.0	0.0057803	0.0	0.0	0.0	0.0052632	0.01	0.0645161	0.1478261	0.2670807	0.3107345	0.2826087	0.3243243	0.0867347	0.0336134	0.0201342	0.0	0.0	0.0	0.0	0.0	0.0	0.0	0.0	0.0	0.0	
Gobemouche à collier	0.0	0.0	0.0	0.0	0.0	0.0	0.0	0.0	0.0	0.0	0.0	0.0	0.0	0.0	0.0	0.0	0.0	0.0	0.0	0.0	0.0	0.0	0.0	0.0	0.0	0.0	0.0	0.0	0.0	0.0	0.0	0.0	0.0	0.0	0.0015	0.0	0.0	0.0	0.0	0.0	0.0	0.0	0.0	0.0	0.0	0.0	0.0	0.0	
Rougequeue à front blanc	0.0	0.0	0.0	0.0	0.0	0.0	0.0	0.0	0.0	0.0	0.0	0.0266667	0.038674	0.1065089	0.0631579	0.0898438	0.0628571	0.0631068	0.1069519	0.0612245	0.0538462	0.075	0.0756303	0.0231214	0.0148148	0.041958	0.0245399	0.0105263	0.01	0.0107527	0.0347826	0.0372671	0.0508475	0.0380435	0.036036	0.005102	0.0252101	0.0	0.0106383	0.016129	0.0	0.0	0.0	0.0	0.0	0.0	0.0	0.0	
Rougequeue noir	0.0672269	0.0217391	0.0246914	0.0225564	0.0330579	0.0737705	0.032	0.0296296	0.0897436	0.0693069	0.1294964	0.2066667	0.2320442	0.260355	0.2105263	0.1757813	0.24	0.1941748	0.2192513	0.2204082	0.1692308	0.3166667	0.1596639	0.1965318	0.1925926	0.1748252	0.190184	0.1842105	0.14	0.1397849	0.1913043	0.1242236	0.1468927	0.201087	0.1711712	0.1479592	0.1596639	0.1946309	0.212766	0.1854839	0.1065574	0.1170213	0.0684932	0.08	0.0168067	0.06	0.0348837	0.0231214	
Rougequeue à front blanc ou R. noir	0.0	0.0	0.0	0.0	0.0	0.0	0.0	0.0	0.0	0.0	0.0071942	0.0	0.0	0.0	0.0	0.0	0.0	0.0	0.0	0.0	0.0	0.0	0.0	0.0	0.0	0.0	0.0	0.0	0.0	0.0	0.0	0.0	0.0	0.0	0.0	0.0	0.0	0.0	0.0	0.0	0.0	0.0	0.0	0.0	0.0	0.0	0.0	0.0	
Tarier des prés	0.0	0.0	0.0	0.0	0.0	0.0	0.0	0.0	0.0	0.0	0.0	0.0	0.0110497	0.0177515	0.0105263	0.0078125	0.0057143	0.0097087	0.0	0.0	0.0	0.0	0.0	0.0	0.0074074	0.006993	0.0	0.0	0.0	0.0107527	0.0173913	0.0248447	0.0282486	0.0434783	0.0630631	0.0153061	0.0084034	0.0134228	0.0319149	0.016129	0.0	0.0	0.0	0.0	0.0	0.0	0.0	0.0	
Tarier pâtre	0.0420168	0.1086957	0.0617284	0.0526316	0.0330579	0.0409836	0.08	0.0222222	0.1025641	0.039604	0.0719424	0.0666667	0.1104972	0.0710059	0.0526316	0.046875	0.0514286	0.1262136	0.1122995	0.0571429	0.0692308	0.05	0.0168067	0.0231214	0.0518519	0.0699301	0.0490798	0.0578947	0.04	0.0430108	0.0521739	0.0621118	0.0451977	0.0380435	0.0540541	0.0357143	0.0420168	0.1342282	0.1276596	0.1048387	0.1147541	0.0744681	0.1643836	0.136	0.092437	0.1	0.0930233	0.0867052	
Traquet motteux	0.0	0.0	0.0	0.0	0.0	0.0	0.0	0.0	0.0	0.0	0.0071942	0.02	0.0331492	0.0591716	0.0421053	0.0273438	0.0057143	0.0	0.0053476	0.0	0.0	0.0	0.0	0.0	0.0	0.0	0.0	0.0	0.0	0.0430108	0.0434783	0.068323	0.1299435	0.1576087	0.1351351	0.122449	0.0672269	0.0872483	0.0851064	0.0564516	0.0163934	0.0212766	0.0	0.0	0.0	0.0	0.0	0.0	
Traquet du désert	0.0	0.0	0.0	0.0	0.0	0.0	0.0	0.0	0.0	0.0	0.0	0.0	0.0	0.0	0.0	0.0	0.0	0.0	0.0	0.0	0.0	0.0	0.0	0.0	0.0	0.0	0.0	0.0	0.0	0.0	0.0	0.0	0.0	0.0	0.0	0.0	0.0	0.0	0.0	0.0	0.0	0.0106383	0.0	0.0	0.0	0.0	0.0	0.0	
muscicapidé sp.	0.0	0.0	0.0	0.0	0.0	0.0	0.0	0.0	0.0	0.0	0.0	0.0	0.0	0.0	0.0	0.0	0.0	0.0	0.0	0.0	0.0	0.0	0.0	0.0	0.0	0.0	0.0	0.0052632	0.0	0.0	0.0	0.0	0.0	0.0	0.0	0.0	0.0	0.0	0.0	0.0	0.0	0.0	0.0	0.0	0.0	0.0	0.0	0.0	
Accenteur alpin	0.0	0.0	0.0	0.0	0.0	0.0	0.0	0.0	0.0	0.0	0.0	0.0	0.0	0.0	0.0	0.0	0.0	0.0	0.0	0.0	0.0	0.0	0.0	0.0	0.0	0.0	0.0	0.0	0.0	0.0	0.0	0.0	0.0	0.0	0.0	0.0	0.0	0.0015	0.0	0.0	0.0081967	0.0	0.0	0.0	0.0084034	0.0	0.0	0.0	
Accenteur mouchet	0.1512605	0.0978261	0.1481481	0.1428571	0.0661157	0.2131148	0.304	0.1259259	0.1538462	0.2178218	0.1294964	0.2133333	0.1270718	0.1775148	0.1315789	0.0859375	0.0628571	0.1359223	0.0962567	0.1061224	0.1153846	0.0666667	0.0504202	0.0520231	0.0296296	0.020979	0.0429448	0.0210526	0.03	0.0215054	0.026087	0.0807453	0.0621469	0.0652174	0.0540541	0.0153061	0.0672269	0.0604027	0.1276596	0.1129032	0.1147541	0.1382979	0.1232877	0.216	0.0756303	0.15	0.0930233	0.1271676	
Moineau domestique	0.2689076	0.423913	0.3209877	0.443609	0.3140496	0.4836066	0.448	0.362963	0.4358974	0.3861386	0.3597122	0.4533333	0.4530387	0.4911243	0.5105263	0.4960938	0.4857143	0.5582524	0.540107	0.5755102	0.4769231	0.5583333	0.5966387	0.5028902	0.4814815	0.5104895	0.5214724	0.4736842	0.36	0.3870968	0.3913043	0.3850932	0.4124294	0.4293478	0.4504505	0.3622449	0.2857143	0.3288591	0.393617	0.2903226	0.3688525	0.3085106	0.3013699	0.352	0.4117647	0.41	0.2674419	0.4104046	
Moineau friquet	0.0	0.0	0.0	0.0075188	0.0082645	0.0	0.008	0.0222222	0.0015	0.0	0.0143885	0.02	0.0165746	0.0236686	0.0052632	0.0039063	0.0514286	0.0097087	0.0213904	0.0122449	0.0153846	0.025	0.0336134	0.0231214	0.0148148	0.020979	0.0122699	0.0105263	0.01	0.0107527	0.0173913	0.0124224	0.0056497	0.0271739	0.009009	0.0153061	0.0252101	0.0	0.0106383	0.0403226	0.0163934	0.0015	0.0273973	0.008	0.0168067	0.01	0.0	0.0115607	
Bergeronnette des ruisseaux	0.0336134	0.0434783	0.037037	0.0526316	0.0495868	0.0327869	0.048	0.0444444	0.025641	0.039604	0.0071942	0.02	0.0110497	0.035503	0.0105263	0.015625	0.0057143	0.0097087	0.0213904	0.0285714	0.0384615	0.0	0.0168067	0.0057803	0.0074074	0.027972	0.0122699	0.0105263	0.02	0.0	0.0	0.0186335	0.0169492	0.0217391	0.045045	0.0408163	0.0420168	0.0872483	0.1489362	0.0725806	0.0409836	0.0957447	0.0684932	0.072	0.0420168	0.06	0.0697674	0.0462428	
Bergeronnette printanière	0.0	0.0	0.0	0.0	0.0	0.0	0.0	0.0	0.0	0.0	0.0071942	0.0533333	0.2044199	0.183432	0.1368421	0.171875	0.1142857	0.1796117	0.0855615	0.1469388	0.1230769	0.0583333	0.0756303	0.0751445	0.0962963	0.0699301	0.0797546	0.0789474	0.05	0.1075269	0.1391304	0.0931677	0.1299435	0.1358696	0.0630631	0.0408163	0.0588235	0.033557	0.0425532	0.0322581	0.0	0.0	0.0	0.0	0.0	0.01	0.0	0.0	
Bergeronnette grise	0.2184874	0.1847826	0.2716049	0.1654135	0.1652893	0.3606557	0.208	0.2296296	0.2564103	0.2277228	0.2374101	0.2266667	0.2872928	0.2840237	0.2736842	0.1914063	0.2171429	0.2524272	0.2673797	0.2	0.1538462	0.175	0.1428571	0.1387283	0.2444444	0.2517483	0.2392638	0.2473684	0.21	0.2795699	0.3217391	0.2111801	0.2937853	0.2608696	0.3333333	0.1734694	0.2184874	0.3020134	0.287234	0.2903226	0.2786885	0.2978723	0.2465753	0.4	0.3697479	0.33	0.1976744	0.3236994	
bergeronette sp.	0.0	0.0	0.0	0.0	0.0	0.0	0.0	0.0	0.0	0.0	0.0	0.0	0.0	0.0	0.0	0.0039063	0.0	0.0048544	0.0	0.0	0.0	0.0	0.0	0.0057803	0.0	0.0	0.0	0.0	0.0	0.0107527	0.0086957	0.0	0.0	0.0	0.0	0.0	0.0	0.0	0.0106383	0.0	0.0081967	0.0	0.0	0.0	0.0	0.01	0.0116279	0.0	
Pipit de Richard	0.0	0.0	0.0	0.0	0.0	0.0	0.0	0.0	0.0	0.0	0.0	0.0	0.0	0.0	0.0	0.0	0.0	0.0	0.0	0.0	0.0	0.0	0.0	0.0	0.0	0.0	0.0	0.0	0.0	0.0	0.0	0.0	0.0	0.0	0.0	0.0	0.0	0.0	0.0	0.0	0.0	0.0	0.0	0.0	0.0084034	0.0	0.0	0.0	
Pipit rousseline	0.0	0.0	0.0	0.0	0.0	0.0	0.0	0.0	0.0	0.0	0.0	0.0	0.0	0.0059172	0.0105263	0.0039063	0.0015	0.0015	0.0	0.0081633	0.0015	0.0	0.0015	0.0	0.0	0.0015	0.0	0.0052632	0.0	0.0107527	0.0086957	0.0062112	0.0056497	0.0054348	0.0015	0.005102	0.0	0.0067114	0.0	0.0	0.0	0.0	0.0	0.0	0.0	0.0	0.0	0.0	
Pipit farlouse	0.1092437	0.1304348	0.2222222	0.1203008	0.0413223	0.1065574	0.112	0.0814815	0.1282051	0.0693069	0.1223022	0.0866667	0.1049724	0.0414201	0.0210526	0.0015	0.0057143	0.0	0.0	0.0	0.0	0.0	0.0	0.0	0.0	0.0	0.0	0.0	0.0	0.0	0.0	0.0	0.0056497	0.0	0.009009	0.0255102	0.1092437	0.147651	0.1914894	0.266129	0.1803279	0.2446809	0.2328767	0.272	0.2521008	0.18	0.0930233	0.132948	
Pipit des arbres	0.0	0.0	0.0	0.0	0.0	0.0	0.0	0.0	0.0	0.0	0.0	0.0015	0.0165746	0.0236686	0.0157895	0.03125	0.0114286	0.0145631	0.0160428	0.0040816	0.0076923	0.0083333	0.0168067	0.0	0.0074074	0.0	0.0122699	0.0	0.02	0.0322581	0.0608696	0.0559006	0.0282486	0.0163043	0.009009	0.0204082	0.0	0.0201342	0.0212766	0.0322581	0.0	0.0	0.0	0.0	0.0	0.0	0.0	0.0	
Pipit à dos olive	0.0	0.0	0.0	0.0	0.0	0.0	0.0	0.0	0.0	0.0	0.0	0.0	0.0	0.0	0.0	0.0	0.0	0.0	0.0	0.0	0.0	0.0	0.0	0.0	0.0	0.0	0.0	0.0	0.0	0.0	0.0	0.0	0.0	0.0	0.0	0.0	0.0	0.0015	0.0	0.0015	0.0	0.0	0.0015	0.0	0.0	0.0	0.0	0.0	
Pipit des arbres ou P. à dos olive	0.0	0.0	0.0	0.0	0.0	0.0	0.0	0.0	0.0	0.0	0.0	0.0	0.0	0.0	0.0	0.0	0.0	0.0	0.0	0.0	0.0	0.0	0.0	0.0	0.0	0.0	0.0	0.0	0.0	0.0	0.0	0.0	0.0	0.0	0.0	0.0	0.0	0.0	0.0106383	0.0080645	0.0	0.0	0.0	0.0	0.0	0.0	0.0	0.0	
Pipit spioncelle	0.0015	0.0108696	0.0246914	0.0150376	0.0247934	0.0245902	0.032	0.0074074	0.0384615	0.009901	0.0143885	0.0133333	0.0220994	0.0059172	0.0	0.0039063	0.0	0.0	0.0	0.0	0.0	0.0	0.0	0.0	0.0	0.0	0.0	0.0	0.0	0.0	0.0	0.0	0.0	0.0	0.0	0.0	0.0	0.0	0.0319149	0.0241935	0.0245902	0.0425532	0.0410959	0.04	0.0168067	0.02	0.0232558	0.0346821	
Pipit maritime	0.0	0.0	0.0	0.0	0.0	0.0	0.0	0.0015	0.0	0.0	0.0	0.0	0.0	0.0	0.0	0.0	0.0	0.0	0.0	0.0	0.0	0.0	0.0	0.0	0.0	0.0	0.0	0.0	0.0	0.0	0.0	0.0	0.0	0.0	0.0	0.0	0.0	0.0	0.0	0.0080645	0.0081967	0.0	0.0	0.0	0.0	0.0	0.0	0.0	
Anthus sp.	0.0	0.0	0.0123457	0.0150376	0.0	0.0	0.0	0.0	0.0	0.0	0.0	0.0	0.0	0.0118343	0.0	0.0	0.0	0.0	0.0	0.0	0.0	0.0	0.0	0.0	0.0	0.0	0.0	0.0	0.0	0.0	0.0	0.0	0.0056497	0.0	0.0	0.0	0.0	0.0	0.0	0.0	0.0	0.0	0.0136986	0.0	0.0	0.0	0.0	0.0	
Pinson des arbres	0.4453782	0.3804348	0.4691358	0.4962406	0.3553719	0.4672131	0.432	0.3037037	0.5	0.4158416	0.3381295	0.3733333	0.4033149	0.3431953	0.3315789	0.3476563	0.2857143	0.3737864	0.2887701	0.3387755	0.3076923	0.325	0.2689076	0.2196532	0.3259259	0.3146853	0.196319	0.1421053	0.17	0.2688172	0.1652174	0.173913	0.1242938	0.201087	0.1801802	0.1122449	0.1512605	0.261745	0.2340426	0.3306452	0.3278689	0.4468085	0.5616438	0.536	0.5294118	0.51	0.4418605	0.4797688	
Pinson du Nord	0.0084034	0.0217391	0.0123457	0.0	0.0413223	0.0163934	0.016	0.0148148	0.0	0.0	0.0015	0.0	0.0110497	0.0	0.0	0.0	0.0	0.0	0.0	0.0	0.0	0.0	0.0	0.0	0.0	0.0	0.0	0.0	0.0	0.0	0.0	0.0	0.0	0.0	0.0	0.0	0.0	0.0015	0.0531915	0.0403226	0.0409836	0.0531915	0.0410959	0.04	0.0084034	0.01	0.0	0.017341	
Pinson des arbres ou P. du Nord	0.0	0.0	0.0	0.0	0.0	0.0	0.0	0.0	0.0	0.0	0.0	0.0	0.0	0.0	0.0	0.0	0.0057143	0.0	0.0	0.0	0.0	0.0	0.0	0.0	0.0	0.0	0.0	0.0	0.0	0.0	0.0	0.0	0.0	0.0	0.0	0.0	0.0	0.0	0.0	0.0	0.0	0.0	0.0	0.0	0.0	0.0	0.0	0.0	
Grosbec casse-noyaux	0.0336134	0.0108696	0.0123457	0.0300752	0.0247934	0.0819672	0.016	0.037037	0.0128205	0.009901	0.0143885	0.0133333	0.0110497	0.0118343	0.0	0.0015	0.0015	0.0048544	0.0053476	0.0040816	0.0	0.0015	0.0	0.0	0.0074074	0.006993	0.006135	0.0	0.0	0.0	0.0	0.0	0.0	0.0	0.0	0.0204082	0.0084034	0.0201342	0.0319149	0.0241935	0.0245902	0.0319149	0.0136986	0.04	0.0168067	0.05	0.0232558	0.017341	
Bouvreuil pivoine	0.0252101	0.0015	0.0246914	0.0075188	0.0	0.0015	0.008	0.0	0.0128205	0.009901	0.028777	0.0133333	0.0015	0.0118343	0.0	0.0117188	0.0171429	0.0145631	0.0053476	0.0204082	0.0076923	0.0015	0.0	0.0	0.0222222	0.006993	0.0	0.0	0.01	0.0	0.0086957	0.0062112	0.0	0.0	0.0	0.0102041	0.0015	0.0	0.0	0.0080645	0.0	0.0015	0.0273973	0.008	0.0252101	0.01	0.0116279	0.0115607	
Verdier d'Europe	0.1680672	0.0652174	0.0864198	0.1503759	0.1570248	0.2377049	0.328	0.1925926	0.2692308	0.2178218	0.2086331	0.3333333	0.281768	0.3254438	0.2368421	0.1835938	0.2285714	0.2378641	0.2192513	0.1673469	0.1461538	0.2083333	0.1764706	0.1676301	0.2666667	0.1818182	0.1840491	0.1421053	0.17	0.0860215	0.1130435	0.1304348	0.1129944	0.1358696	0.0630631	0.0510204	0.092437	0.0872483	0.1702128	0.1370968	0.1311475	0.1489362	0.0958904	0.072	0.1428571	0.05	0.0813953	0.1098266	
Linotte mélodieuse	0.0084034	0.0	0.0246914	0.0015	0.0	0.0081967	0.0015	0.0074074	0.0512821	0.019802	0.0503597	0.1133333	0.1436464	0.0946746	0.1368421	0.0859375	0.0914286	0.1165049	0.0748663	0.0612245	0.0384615	0.0333333	0.0252101	0.0231214	0.0592593	0.034965	0.0429448	0.0368421	0.03	0.0537634	0.1043478	0.0434783	0.0451977	0.0380435	0.027027	0.0306122	0.0420168	0.1543624	0.1170213	0.1129032	0.057377	0.0744681	0.0410959	0.016	0.0168067	0.02	0.0	0.0057803	
Sizerin flammé	0.0	0.0	0.0	0.0	0.0	0.0	0.0	0.0	0.0	0.0	0.0	0.0	0.0	0.0	0.0	0.0	0.0	0.0	0.0	0.0	0.0	0.0	0.0	0.0	0.0	0.0	0.0	0.0	0.0	0.0	0.0	0.0	0.0	0.0	0.0	0.0	0.0	0.0	0.0015	0.0	0.0	0.0015	0.0	0.0	0.0	0.01	0.0	0.0	
Bec-croisé des sapins	0.0	0.0	0.0	0.0	0.0	0.0	0.0	0.0	0.0	0.0	0.0	0.0	0.0	0.0	0.0	0.0	0.0	0.0	0.0	0.0	0.0	0.0	0.0	0.0	0.0	0.0	0.0	0.0	0.0	0.0	0.0	0.0015	0.0	0.0	0.0	0.0015	0.0	0.0015	0.0	0.016129	0.0	0.0	0.0	0.0	0.0	0.0	0.0	0.0	
Chardonneret élégant	0.1092437	0.1086957	0.1234568	0.0526316	0.1404959	0.1311475	0.144	0.1703704	0.1410256	0.1881188	0.1870504	0.2133333	0.2762431	0.3195266	0.3052632	0.234375	0.2171429	0.2572816	0.2513369	0.2204082	0.1230769	0.25	0.1428571	0.1734104	0.2148148	0.3076923	0.190184	0.1526316	0.19	0.2688172	0.2	0.136646	0.1525424	0.1413043	0.0990991	0.1071429	0.0672269	0.1677852	0.1170213	0.1532258	0.1557377	0.1489362	0.1917808	0.176	0.210084	0.12	0.1162791	0.1156069	
Serin cini	0.0252101	0.0108696	0.0	0.0225564	0.0330579	0.0409836	0.04	0.0740741	0.1025641	0.019802	0.1007194	0.1066667	0.1049724	0.1538462	0.1578947	0.1367188	0.1371429	0.1650485	0.197861	0.1959184	0.1	0.1333333	0.1764706	0.0693642	0.0518519	0.1188811	0.0429448	0.0210526	0.03	0.0430108	0.0434783	0.0621118	0.0112994	0.0108696	0.018018	0.0255102	0.0	0.0268456	0.106383	0.0645161	0.0409836	0.0638298	0.0273973	0.024	0.0	0.05	0.0	0.0057803	
Tarin des aulnes	0.0840336	0.0434783	0.0493827	0.0526316	0.0413223	0.0491803	0.08	0.0222222	0.025641	0.0693069	0.0215827	0.0133333	0.0055249	0.0059172	0.0105263	0.0015	0.0015	0.0	0.0	0.0	0.0	0.0	0.0	0.0	0.0	0.0	0.0	0.0	0.0	0.0	0.0	0.0	0.0	0.0	0.0	0.005102	0.0252101	0.0536913	0.0957447	0.1370968	0.0819672	0.0744681	0.0684932	0.064	0.0420168	0.09	0.0581395	0.0578035	
fringillidé sp.	0.0	0.0	0.0	0.0	0.0	0.0	0.0	0.0	0.0	0.0	0.0	0.0	0.0	0.0	0.0	0.0	0.0	0.0	0.0	0.0	0.0	0.0	0.0	0.0	0.0	0.0	0.0	0.0	0.0	0.0	0.0	0.0	0.0	0.0	0.0	0.0	0.0	0.0	0.0	0.0	0.0	0.0	0.0	0.0	0.0	0.0	0.0116279	0.0	
Bruant des neiges	0.0	0.0	0.0	0.0	0.0	0.0	0.0	0.0	0.0	0.0	0.0	0.0	0.0	0.0	0.0	0.0	0.0	0.0	0.0	0.0	0.0	0.0	0.0	0.0	0.0	0.0	0.0	0.0	0.0	0.0	0.0	0.0	0.0	0.0	0.0	0.0	0.0	0.0	0.0	0.016129	0.0	0.0	0.0	0.0015	0.0	0.0	0.0	0.0	
Bruant proyer	0.0	0.0	0.0	0.0	0.0	0.0	0.0	0.0	0.0	0.0	0.0	0.0066667	0.0110497	0.0118343	0.0105263	0.0078125	0.0	0.0097087	0.0015	0.0	0.0076923	0.0083333	0.0084034	0.0	0.0015	0.0	0.0	0.0	0.0015	0.0	0.0086957	0.0	0.0	0.0	0.0015	0.005102	0.0	0.0	0.0	0.0080645	0.0	0.0	0.0	0.0	0.0	0.0	0.0	0.0	
Bruant zizi	0.0015	0.0217391	0.0	0.0150376	0.0082645	0.0409836	0.016	0.0222222	0.0015	0.0	0.0143885	0.0066667	0.0165746	0.0591716	0.0263158	0.0351563	0.0342857	0.0436893	0.0641711	0.077551	0.0538462	0.0833333	0.0756303	0.0231214	0.0740741	0.048951	0.0613497	0.0315789	0.02	0.0107527	0.0086957	0.0248447	0.0	0.0054348	0.018018	0.005102	0.0336134	0.033557	0.0638298	0.0887097	0.0081967	0.0425532	0.0273973	0.016	0.0	0.02	0.0	0.0057803	
Bruant jaune	0.0084034	0.0	0.0	0.0	0.0	0.0	0.0	0.0	0.0	0.0	0.0	0.0	0.0	0.0	0.0	0.0	0.0	0.0	0.0	0.0	0.0	0.0	0.0	0.0	0.0074074	0.0	0.0	0.0	0.0	0.0	0.0	0.0	0.0	0.0	0.0	0.005102	0.0	0.0067114	0.0	0.0241935	0.0	0.0	0.0	0.0	0.0	0.0	0.0	0.0	
Bruant ortolan	0.0	0.0	0.0	0.0	0.0	0.0	0.0	0.0	0.0	0.0	0.0	0.0	0.0	0.0	0.0	0.0	0.0	0.0	0.0	0.0	0.0	0.0	0.0	0.0	0.0	0.0	0.0	0.0	0.0	0.0	0.0	0.0062112	0.0	0.0	0.009009	0.0	0.0	0.0	0.0	0.0	0.0	0.0	0.0	0.0	0.0	0.0	0.0	0.0	
Bruant des roseaux	0.0420168	0.1195652	0.037037	0.0601504	0.0578512	0.0491803	0.096	0.0222222	0.0897436	0.039604	0.0071942	0.0066667	0.0220994	0.0059172	0.0105263	0.0195313	0.0057143	0.0048544	0.0106952	0.0040816	0.0153846	0.0083333	0.0	0.0	0.0148148	0.0	0.0122699	0.0157895	0.01	0.0107527	0.0	0.0062112	0.0056497	0.0	0.0	0.0	0.0	0.0268456	0.0638298	0.0645161	0.0655738	0.1170213	0.0958904	0.136	0.092437	0.05	0.0581395	0.0693642	
Bruant nain	0.0	0.0	0.0	0.0	0.0	0.0	0.0	0.0	0.0	0.0	0.0	0.0	0.0	0.0	0.0	0.0015	0.0	0.0	0.0	0.0	0.0	0.0	0.0	0.0	0.0	0.0	0.0	0.0	0.0	0.0	0.0	0.0	0.0	0.0	0.0	0.0	0.0	0.0067114	0.0	0.0	0.0	0.0	0.0	0.0	0.0	0.0	0.0	0.0	
Emberiza sp.	0.0	0.0	0.0	0.0	0.0082645	0.0	0.0	0.0	0.0	0.0	0.0	0.0	0.0	0.0	0.0	0.0	0.0	0.0	0.0	0.0	0.0	0.0	0.0	0.0	0.0	0.0	0.0	0.0	0.0	0.0	0.0	0.0	0.0	0.0	0.0	0.0	0.0	0.0	0.0	0.0	0.0	0.0	0.0	0.0	0.0	0.0	0.0	0.0	
passereau sp.	0.0252101	0.0	0.0	0.0	0.0	0.0081967	0.0	0.0074074	0.0128205	0.0	0.0	0.0	0.0	0.0	0.0	0.0039063	0.0	0.0048544	0.0	0.0	0.0	0.0	0.0	0.0	0.0	0.0	0.0	0.0052632	0.0	0.0107527	0.0	0.0062112	0.0	0.0	0.009009	0.0	0.0084034	0.0	0.0106383	0.0322581	0.0163934	0.0212766	0.0	0.008	0.0	0.0	0.0	0.0057803	
oiseau sp.	0.0	0.0	0.0	0.0	0.0	0.0	0.0	0.0	0.0	0.0	0.0	0.0	0.0	0.0	0.0	0.0	0.0	0.0	0.0	0.0	0.0015	0.0	0.0	0.0	0.0	0.0	0.0	0.0	0.0	0.0	0.0	0.0062112	0.0	0.0	0.0	0.0	0.0	0.0	0.0	0.0	0.0	0.0	0.0	0.0	0.0	0.0	0.0	0.0	

