









Frequency of observations in the selected location(s).:
Number of taxa: 	483

	Jan				Feb				Mar				Apr				May				Jun				Jul				Aug				Sep				Oct				Nov				Dec				
Sample Size:	1778.0	1637.0	1685.0	2486.0	1872.0	2229.0	2065.0	2047.0	2112.0	1848.0	1440.0	2191.0	1410.0	1333.0	1422.0	1680.0	1216.0	1093.0	893.0	1090.0	627.0	614.0	596.0	814.0	763.0	841.0	822.0	1258.0	929.0	935.0	942.0	1200.0	901.0	1022.0	1042.0	1232.0	855.0	1058.0	1175.0	1527.0	1205.0	1245.0	1176.0	1489.0	1235.0	1312.0	1140.0	2034.0	

Oie à tête barrée	0.0	0.0	0.0	0.0	0.0	0.0	0.0	0.0	0.0	0.0	0.0	0.0	0.0	0.0	0.0	0.0	0.0	0.0	0.0	9.174E-4	0.0	0.0	0.0	0.0	0.0	0.0	0.0	0.0	0.0	0.0	0.0	0.0	0.0	0.0	0.0	0.0	0.0	9.452E-4	0.0	0.0	0.0	0.0	0.0	0.0	0.0	0.0	0.0	0.0	
Oie cendrée	0.0	0.0	0.0	4.023E-4	0.0	0.0	0.0	0.0	0.0	0.0	0.0	0.0	0.0	0.0	0.0	0.0	0.0	0.0	0.0	0.0	0.0	0.0	0.0	0.0	0.0	0.0	0.0	0.0	0.0	0.0	0.0	0.0	0.0	0.0	0.0	0.0	0.0	0.0	0.0	0.0	0.0	0.0	0.0	0.0	0.0	0.0	0.0	0.0	
Oie cygnoïde	0.0	0.0	5.935E-4	0.0	0.0	0.0	0.001937	4.885E-4	4.735E-4	5.411E-4	0.0013889	0.0	0.0	0.0	7.032E-4	0.0	8.224E-4	0.0	0.0	9.174E-4	0.0	0.0	0.0	0.0	0.0	0.0	0.0	0.0	0.0	0.0	0.0	0.0	0.0	0.0	0.0	0.0	0.0	9.452E-4	0.0	6.549E-4	0.0	0.0	0.0	0.0	8.097E-4	7.622E-4	0.0	0.0	
Hybride Oie cendrée x O. cygnoïde	0.0	0.0	5.935E-4	0.0015	0.0	0.0	0.001937	4.885E-4	0.0	5.411E-4	0.0	0.0	0.0	0.0015	7.032E-4	0.0	0.0015	0.0	0.0	0.0027523	0.0	0.0	0.0	0.0	0.0	0.0	0.0	0.0	0.0	0.0	0.0	0.0	0.0	0.0	0.0	0.0	0.0	0.0	0.0	0.0	0.0	0.0	0.0	6.716E-4	0.0	0.0	0.0	0.0	
Oie rieuse	0.0	0.0012217	0.0017804	8.045E-4	5.342E-4	0.0017945	0.0	4.885E-4	0.0	0.0015	0.0013889	0.0	7.092E-4	0.0	0.0	0.0	8.224E-4	0.0	0.0	9.174E-4	0.0031898	0.0016287	0.0033557	0.0	0.0013106	0.0	0.0	0.0	0.0	0.0	0.0010616	0.0	0.0	0.0	0.0	0.0048701	0.0046784	0.0018904	0.0042553	0.0039293	0.0033195	8.032E-4	0.0	6.716E-4	0.0	0.0	0.0	4.916E-4	
Oie de toundra	0.0	0.0	0.0	0.0	0.0	0.0	0.0	4.885E-4	0.0	5.411E-4	0.0	0.0	0.0	0.0	0.0	0.0	0.0	0.0	0.0	0.0	0.0	0.0	0.0	0.0	0.0	0.0	0.0	0.0	0.0	0.0	0.0010616	0.0	0.0	0.0	0.0	0.0	0.0	0.0	0.0	0.0	0.0	0.0	0.0	0.0	0.0	0.0	0.0	0.0	
Anser sp. (forme domestique)	0.0	0.0	0.0	0.0	0.0	0.0	0.0	0.0	0.0	0.0	0.0	0.0	0.0	0.0	0.0	0.0	0.0	0.0	0.0	0.0	0.0	0.0	0.0	0.0	0.0	0.0	0.0	0.0	0.0	0.0	0.0	0.0	0.0	0.0	0.0	0.0	0.0	0.0	0.0	0.0	0.0	0.0	0.0	0.0	0.0	0.0	0.0	4.916E-4	
Bernache nonnette	0.0	0.0	0.0	0.0	0.0	4.486E-4	0.0	0.0	4.735E-4	0.0	0.0	0.0	0.0	0.0	0.0	0.0	0.0	0.0	0.0	0.0	0.0	0.0	0.0	0.0036855	0.0	0.0011891	0.0	0.0015	0.0	0.0	0.0	0.0	0.0033296	0.0019569	0.0	0.0	0.0	0.0	8.511E-4	0.0	8.299E-4	8.032E-4	0.0	0.0	8.097E-4	0.0	0.0	0.0	
Cygne noir	0.0	0.0	5.935E-4	0.0	0.0	0.0015	0.0	0.0	0.0	0.0	6.944E-4	0.0	0.0	7.502E-4	0.0	5.952E-4	0.0	0.0	0.0	0.0	0.0	0.0	0.0	0.0	0.0	0.0	0.0015	0.0	0.0	0.0010695	0.0	0.0025	0.0	9.785E-4	0.0	0.0	0.0	0.0	0.0015	0.0	0.0015	0.0	0.0	0.0	0.0	7.622E-4	0.0	0.0	
Ouette d'Égypte	0.0	0.0	0.0	0.0	0.0	0.0	0.0	0.0	0.0	0.0	0.0	0.0	0.0	0.0	0.0	0.0	0.0	0.0	0.0	0.0	0.0	0.0	0.0	0.0	0.0	0.0	0.0	0.0	0.0	0.0	0.0015	0.0	0.0	0.0	0.0	0.0	0.0	0.0	0.0	0.0	0.0	0.0	0.0	0.0	0.0	0.0	0.0	0.0	
Tadorne casarca	0.1541057	0.1582162	0.1554896	0.1427997	0.1485043	0.1458053	0.1578692	0.1753786	0.1789773	0.1818182	0.1333333	0.1433136	0.1531915	0.168042	0.1385373	0.122619	0.1241776	0.1180238	0.0895857	0.1165138	0.0909091	0.0765472	0.0771812	0.0528256	0.0642202	0.0558859	0.0486618	0.0596184	0.050592	0.0705882	0.0838641	0.0908333	0.0976693	0.1154599	0.1401152	0.1371753	0.1157895	0.1332703	0.147234	0.1669941	0.1543568	0.1799197	0.1505102	0.1806582	0.1433198	0.1516768	0.1333333	0.1238938	
Tadorne de Belon	0.0022497	0.0067196	0.0017804	8.045E-4	0.0	8.973E-4	0.0015	0.0	0.0	0.0	0.0015	0.0	0.0	0.0	0.0	0.0	0.0	0.0	0.0	0.0	0.0	0.0	0.0	0.0	0.0	0.0	0.0	0.0	0.0	0.0	0.0	0.0	0.0	0.0	0.0	0.0	0.0	0.0	0.0	0.0015	8.299E-4	0.0015	8.503E-4	0.0134318	0.005668	0.0091463	0.0070175	0.0029499	
Canard musqué	0.0421822	0.0616982	0.0658754	0.0563154	0.0357906	0.0551817	0.0450363	0.0444553	0.0388258	0.0395022	0.0465278	0.0465541	0.0489362	0.0585146	0.0407876	0.0446429	0.0386513	0.0301921	0.0481523	0.0522936	0.0669856	0.0700326	0.045302	0.0528256	0.0353866	0.039239	0.0450122	0.0429253	0.0322928	0.0352941	0.0435244	0.05	0.0554939	0.0450098	0.0479846	0.0551948	0.0467836	0.0661626	0.0714894	0.0674525	0.0688797	0.0497992	0.0527211	0.0564137	0.0558704	0.0525915	0.0517544	0.0516224	
Canard à collier noir	0.0033746	0.0030544	0.0011869	0.0012068	5.342E-4	0.0017945	0.0024213	0.0024426	0.0018939	5.411E-4	6.944E-4	4.564E-4	0.0	7.502E-4	0.0	0.0	0.0	0.0	0.0	0.0	0.0	0.0	0.0	0.0	0.0	0.0	0.0024331	7.949E-4	0.0010764	0.0010695	0.0010616	0.0	0.0022198	0.0029354	0.0	0.0	0.0	0.0	0.0	0.0	0.0024896	8.032E-4	0.0017007	0.0	8.097E-4	0.0030488	0.0061404	0.0049164	
Canard carolin	0.0	0.0	0.0	4.023E-4	0.0	0.0	0.0	0.0	4.735E-4	0.0015	0.0013889	0.0	0.0	0.0	0.0	0.0	0.0	0.0	0.0	0.0	0.0	0.0	0.0	0.0	0.0	0.0	0.0	0.0	0.0	0.0	0.0	0.0	0.0	0.0	0.0	0.0	0.0	0.0	0.0	0.0	0.0	0.0	0.0	0.0	0.0	0.0	0.0	0.0	
Canard mandarin	0.0	0.0	0.0	0.0	0.0	4.486E-4	0.0	0.0	0.0	0.0	0.0	0.0	0.0	0.0	0.0	0.0	0.0	0.0	0.0	0.0	0.0015949	0.0016287	0.0	0.0	0.0	0.0	0.0	0.0	0.0	0.0	0.0010616	8.333E-4	0.0	0.0	0.0019194	0.0	0.0	0.0	0.0	6.549E-4	0.0	8.032E-4	0.0	0.0	0.0	0.0	0.0	0.0	
Sarcelle d'été	0.0067492	0.0061087	0.0017804	8.045E-4	0.0021368	0.0035891	0.0058111	0.0053737	0.0037879	0.0037879	0.0041667	0.0041077	0.0014184	0.0037509	0.0035162	0.0	0.0	0.0	0.0	0.0091743	0.0015949	0.0	0.0	0.0	0.0	0.0	0.0	0.0015898	0.0	0.0	0.0	0.0	0.0	0.0	0.0	0.0073052	0.0011696	0.0018904	0.0017021	6.549E-4	0.0016598	0.0024096	0.0042517	0.0013432	0.0032389	0.0022866	0.0052632	0.0024582	
Sarcelle à ailes bleues	0.0011249	0.0018326	0.0053412	0.0040225	0.0053419	0.0040377	0.0048426	0.0034196	0.0023674	0.0037879	0.0020833	0.0013692	7.092E-4	0.0	0.0	0.0	0.0	0.0	0.0	0.0	0.0	0.0	0.0	0.0	0.0	0.0	0.0	0.0	0.0	0.0	0.0	0.0	0.0	0.0	0.0	0.0	0.0	0.0	0.0068085	0.0072037	0.0033195	0.0048193	0.0042517	0.0026864	8.097E-4	0.0015244	0.0015	0.0058997	
Canard souchet	0.0084364	0.0067196	0.0059347	0.0024135	0.0016026	0.0062808	0.0029056	0.0014656	0.0023674	0.0032468	0.0048611	0.0045641	0.0028369	0.0030008	0.0014065	0.0	0.0	0.0	0.0011198	0.0	0.0015949	0.0	0.0	0.0012285	0.0013106	0.0	0.0	0.0	0.0	0.0010695	0.0	0.0041667	0.0055494	0.0	0.0019194	0.0016234	0.0	9.452E-4	0.0	0.0019646	0.0016598	0.0032129	0.0068027	0.0154466	0.0121457	0.007622	0.0070175	0.0044248	
Canard chipeau	0.0011249	0.0	0.0	0.0	0.0	0.0	0.0	0.0	0.0	0.0	0.0	0.0	0.0	0.0	0.0	0.0	0.0	0.0	0.0	0.0	0.0	0.0	0.0	0.0	0.0	0.0	0.0012165	0.0015898	0.0032293	0.002139	0.0021231	0.0016667	0.0	0.0	0.0	0.0	0.0	0.0	0.0	0.0019646	0.0	8.032E-4	8.503E-4	0.0026864	0.0016194	0.0015244	0.0017544	9.833E-4	
Canard siffleur	0.0016873	0.0054979	0.0059347	0.0056315	0.0117521	0.0076267	0.0043584	0.0039082	0.0023674	0.0016234	0.0034722	4.564E-4	0.0	0.0015004	0.0	0.0	0.0	0.0	0.0	0.0	0.0	0.0	0.0	0.0	0.0	0.0	0.0	0.0	0.0	0.0	0.0	0.0	0.0	0.0	0.0	0.0	0.0035088	0.0037807	0.0034043	0.0078585	0.0107884	0.0136546	0.0110544	0.0094023	0.0048583	0.0045732	0.0026316	0.0014749	
Canard à front blanc	0.0	0.0015	0.0	8.045E-4	5.342E-4	0.0	0.0	4.885E-4	4.735E-4	0.0	0.0	0.0041077	0.0056738	0.0030008	0.0021097	5.952E-4	0.0	0.0	0.0	0.0	0.0	0.0	0.0	0.0	0.0	0.0	0.0	0.0	0.0	0.0	0.0	0.0	0.0	0.0	0.0	0.0	0.0011696	0.0018904	0.0	0.0	0.0	8.032E-4	0.0	6.716E-4	0.0016194	0.0015244	0.0	0.0015	
Canard siffleur ou C. à front blanc	0.0	0.0	0.0	0.0	0.0	0.0	0.0	0.0	0.0	0.0	0.0	0.0	0.0	0.0	0.0	0.0	0.0	0.0	0.0	0.0	0.0	0.0	0.0	0.0	0.0	0.0	0.0	0.0	0.0	0.0	0.0	0.0	0.0	0.0	0.0	0.0	0.0	0.0	0.0	0.0	0.0	0.0	0.0	6.716E-4	0.0	0.0	0.0	0.0	
Canard colvert	0.0061867	0.0085522	0.0094955	0.0080451	0.0069444	0.0094213	0.0062954	0.0073278	0.0037879	0.0054113	0.0055556	0.0059334	0.0014184	0.0052513	0.0021097	0.002381	0.0	0.0015	0.0	0.0	0.0	0.0015	0.0016779	0.0	0.0	0.0	0.0	0.0	0.0	0.0	0.0	8.333E-4	0.0	9.785E-4	0.0019194	0.0024351	0.0070175	0.0141777	0.0119149	0.0137525	0.0165975	0.015261	0.0127551	0.0194762	0.0145749	0.0106707	0.0087719	0.0044248	
Hybride Canard musqué x C. colvert	0.0	0.0	5.935E-4	0.0	5.342E-4	8.973E-4	0.0	4.885E-4	9.47E-4	0.0	6.944E-4	0.0	0.0	7.502E-4	0.0	0.0	0.0	0.0	0.0011198	0.0	0.0	0.0	0.0	0.002457	0.0	0.0	0.0	0.0	0.0	0.0	0.0010616	0.0015	0.0	0.0	0.0	8.117E-4	0.0	0.0018904	0.0	0.0	0.0	0.0	0.0	0.0	0.0	0.0	8.772E-4	0.0	
Canard des Bahamas	0.0	0.0	0.0	0.0	0.0	4.486E-4	0.0	0.0	0.0	0.0	6.944E-4	0.0	0.0	0.0	0.0	5.952E-4	0.0	0.0	0.0	0.0	0.0015949	0.0	0.0016779	0.0	0.0	0.0	0.0	0.0	0.0	0.0	0.0	0.0	0.0	0.0	0.0	0.0	0.0	0.0	8.511E-4	0.0	0.0016598	8.032E-4	0.0017007	6.716E-4	8.097E-4	0.0	0.0	0.0	
Canard pilet	0.003937	0.0061087	0.0059347	0.0056315	0.0032051	0.0026918	0.0038741	0.0043967	0.0028409	0.0	0.0	0.0	0.0	0.0030008	0.0	0.0	8.224E-4	0.0	0.0	0.0	0.0	0.0	0.0	0.0	0.0	0.0	0.0	0.0	0.0	0.0	0.0	0.0	0.0	0.0	0.0	0.0	0.0023392	9.452E-4	0.0	0.0072037	0.0082988	0.0048193	0.0068027	0.0040296	0.0024291	0.0060976	0.0070175	0.0113078	
Sarcelle d'hiver	0.0286839	0.0323763	0.0332344	0.0257442	0.0267094	0.0318528	0.0290557	0.0239375	0.0170455	0.0140693	0.0131944	0.0136924	0.0085106	0.0090023	0.0070323	5.952E-4	0.0	0.0	0.0	9.174E-4	0.0015949	0.0	0.0	0.0	0.0	0.0	0.0	0.0	0.0	0.0	0.0	0.0	0.0	9.785E-4	9.597E-4	0.0	0.0070175	0.0037807	0.0059574	0.0137525	0.0124481	0.0289157	0.0365646	0.0483546	0.0469636	0.035061	0.0438596	0.0290069	
Anas sp.	0.0	0.0	0.0	0.0	0.0	0.0	0.0	0.0	0.0	0.0	0.0	0.0	0.0	0.0	0.0	0.0	0.0	0.0	0.0	0.0	0.0	0.0	0.0	0.0	0.0	0.0	0.0	0.0	0.0	0.0	0.0	0.0	0.0	0.0	0.0	0.0	0.0	9.452E-4	0.0	0.0	0.0	0.0	0.0	0.0	0.0	0.0	0.0	0.0	
anatidé sp. (canard barboteur sp.)	0.0	0.0	0.0	0.0	0.0	0.0	0.0	0.0	0.0	0.0	0.0	0.0	0.0	0.0	0.0	0.0	0.0	0.0	0.0	0.0	0.0	0.0016287	0.0	0.0	0.0	0.0	0.0	0.0	0.0	0.0	0.0	0.0	0.0	0.0	0.0	0.0	0.0	0.0	0.0	0.0	0.0	0.0	0.0	0.0	0.0	0.0	0.0	0.0	
Sarcelle marbrée	0.0	0.0	0.0	0.0	0.0	0.0	0.0	0.0	0.0	0.0	0.0	0.0	0.0	0.0	0.0	0.0	0.0	0.0	0.0	0.0	0.0	0.0	0.011745	0.0	0.0	0.0	0.0	0.0	0.0	0.0	0.0	0.0	0.0	0.0	0.0	0.0	0.0	0.0	0.0	0.0	0.0	0.0	0.0	0.0	0.0	0.0	0.0	0.0	
Nette rousse	0.0011249	0.0012217	0.0011869	0.001609	0.0026709	0.0035891	0.0033898	0.0014656	0.0014205	0.0016234	0.0013889	4.564E-4	0.0	0.0015	7.032E-4	5.952E-4	0.0	0.0	0.0011198	0.0	0.0015949	0.0	0.0016779	0.0012285	0.0026212	0.0	0.0	7.949E-4	0.0	0.0	0.0	8.333E-4	0.0	9.785E-4	9.597E-4	0.0016234	0.0011696	9.452E-4	0.0051064	0.0013098	0.0024896	0.0040161	0.005102	0.0013432	0.0040486	0.0060976	0.0052632	0.0014749	
Fuligule milouin	0.0028121	0.0024435	0.0017804	0.0012068	0.0016026	0.0031404	0.0024213	0.0019541	9.47E-4	5.411E-4	0.0	0.0	0.0	0.0	0.0	0.0	0.0	0.0	0.0	0.0	0.0	0.0	0.0	0.0	0.0	0.0	0.0	0.0	0.0	0.0	0.0	0.0	0.0	0.0	0.0	0.0	0.0	0.0047259	0.0034043	0.0	0.0016598	0.0016064	0.002551	6.716E-4	0.0072874	0.0068598	0.0017544	0.0024582	
Fuligule à bec cerclé	0.0050619	0.0054979	0.0083086	0.0068383	0.0074786	0.0107672	0.0077482	0.0092819	0.0089962	0.0075758	0.00625	0.0091283	0.0085106	0.0082521	0.0049226	0.0017857	8.224E-4	0.0	0.0	0.0	0.0	0.0	0.0	0.0	0.0	0.0	0.0	0.0	0.0	0.0	0.0	0.0	0.0	0.0	0.0	0.0	0.0	0.0	0.0085106	0.0058939	0.0074689	0.0088353	0.0127551	0.0107455	0.011336	0.0083841	0.0070175	0.0108161	
Fuligule nyroca	0.0	0.0	0.0	0.0	0.0	0.0	0.0	0.0	0.0	0.0	0.0	0.0	0.0	0.0	0.0	0.0	0.0	0.0	0.0	0.0	0.0	0.0	0.0	0.0	0.0	0.0	0.0	0.0	0.0	0.0	0.0	0.0	0.0	0.0	0.0	0.0	0.0	0.0	0.0	0.0013098	8.299E-4	0.0024096	8.503E-4	6.716E-4	0.0	0.0030488	8.772E-4	4.916E-4	
Fuligule morillon	0.0073116	0.0073305	0.0071217	0.0052293	0.0053419	0.0058322	0.0077482	0.0063508	0.0042614	0.0021645	0.0027778	0.0027385	0.0	7.502E-4	0.0	0.0	0.0	0.0	0.0	0.0	0.0	0.0	0.0	0.0	0.0	0.0	0.0	0.0	0.0	0.0	0.0	0.0	0.0	0.0	0.0	0.0	0.0	0.0	0.0	0.0045842	0.0016598	0.0024096	0.0068027	0.0073875	0.0080972	0.007622	0.0070175	0.0029499	
Fuligule milouinan	0.0016873	0.0012217	5.935E-4	4.023E-4	0.0010684	4.486E-4	0.0	4.885E-4	0.0	0.0	0.0	0.0	0.0	0.0	0.0	0.0	0.0	0.0	0.0	0.0	0.0	0.0	0.0	0.0	0.0	0.0	0.0	0.0	0.0	0.0	0.0	0.0	0.0	0.0	0.0	0.0	0.0	0.0	0.0	0.0	8.299E-4	8.032E-4	0.0	0.0	0.0	0.003811	0.0052632	0.0014749	
Fuligule à tête noire	0.0050619	0.0067196	0.0047478	0.0056315	0.0101496	0.0080754	0.0024213	0.0029311	0.0023674	0.0032468	0.0020833	0.0031949	0.0028369	0.0015004	0.0014065	0.0035714	0.0	9.149E-4	0.0011198	0.0	0.0015949	0.0	0.0	0.0	0.0013106	0.0	0.0	0.0031797	0.0	0.0010695	0.0031847	0.0016667	0.0011099	0.0	0.0047985	0.0	0.0	0.0	0.0017021	6.549E-4	0.0058091	0.0064257	0.0068027	0.0040296	0.0048583	0.0030488	8.772E-4	9.833E-4	
fuligule sp.	0.0	0.0	0.0	0.0	0.0	0.0	4.843E-4	0.0	0.0	0.0	0.0	0.0	0.0	0.0	0.0	0.0	0.0	0.0	0.0	0.0	0.0	0.0	0.0	0.0	0.0	0.0	0.0	0.0	0.0	0.0	0.0	0.0	0.0	0.0	0.0	0.0	0.0	0.0	0.0	0.0	0.0	0.0015	0.0	0.0	0.0	7.622E-4	0.0	0.0	
Macreuse noire	0.0	6.109E-4	0.0	0.0	0.0	0.0	0.0	0.0	0.0	0.0	6.944E-4	0.0	0.0	0.0	0.0	0.0	0.0	0.0	0.0	0.0	0.0	0.0	0.0	0.0	0.0	0.0	0.0	0.0	0.0	0.0	0.0	0.0	0.0	0.0	0.0	0.0	0.0	9.452E-4	0.0	0.0	8.299E-4	0.0015	0.0	6.716E-4	0.0	7.622E-4	0.0015	0.0	
sauvagine sp.	0.0	0.0	0.0	0.0	0.0	0.0	0.0	0.0	0.0	0.0	0.0	0.0	0.0	0.0	0.0	0.0	0.0	0.0	0.0	0.0	0.0	0.0	0.0	0.0	0.0	0.0	0.0	0.0	0.0	0.0	0.0	0.0	0.0	0.0	0.0	0.0	0.0	0.0	0.0	6.549E-4	0.0	0.0	0.0	0.0	0.0	0.0	0.0	4.916E-4	
Pintade de Numidie	0.0	0.0024435	0.0011869	0.0	5.342E-4	8.973E-4	4.843E-4	4.885E-4	0.0	0.0	0.0	0.0	0.0	7.502E-4	0.0	5.952E-4	0.0	0.0	0.0	0.0	0.0015949	0.0015	0.0	0.0	0.0	0.0	0.0	0.0	0.0021529	0.0010695	0.0042463	0.0	0.0	9.785E-4	9.597E-4	8.117E-4	0.0	0.0018904	8.511E-4	6.549E-4	0.0	0.0	0.0	0.0013432	0.0032389	0.0030488	0.0	0.0	
Dindon sauvage	0.0	6.109E-4	0.0	0.0	0.0	0.0	0.0	0.0	0.0	0.0	0.0	0.0	0.0	0.0	0.0	0.0	0.0	0.0	0.0	0.0	0.0	0.0	0.0	0.0	0.0	0.0	0.0	0.0	0.0	0.0	0.0	0.0	0.0	0.0	0.0	0.0	0.0	0.0	0.0	0.0	0.0	0.0	0.0	0.0	0.0	0.0	0.0	0.0	
Faisan de Colchide	0.0	0.0	0.0	0.0	0.0	0.0	0.0	0.0	0.0	0.0	0.0	0.0	0.0	0.0	0.0	0.0	0.0	0.0	0.0	0.0	0.0	0.0	0.0	0.0	0.0	0.0	0.0	0.0	0.0	0.0	0.0	0.0	0.0	0.0	0.0	0.0	0.0	0.0	0.0	6.549E-4	0.0	0.0	0.0	0.0	0.0	0.0	0.0	0.0	
Paon bleu	0.0	0.0	0.0	8.045E-4	0.0	4.486E-4	4.843E-4	4.885E-4	4.735E-4	0.0	6.944E-4	4.564E-4	0.0	0.0	0.0021097	0.0	8.224E-4	9.149E-4	0.0011198	0.0	0.0	0.0	0.0	0.0012285	0.0	0.0	0.0012165	7.949E-4	0.0010764	0.0	0.0010616	8.333E-4	0.0	0.0	0.0	0.0	0.0	0.0	0.0	0.0	0.0	0.0	8.503E-4	6.716E-4	0.0	0.0	8.772E-4	9.833E-4	
Coq bankiva	5.624E-4	6.109E-4	5.935E-4	4.023E-4	0.0016026	8.973E-4	0.0	4.885E-4	0.0	0.0010823	6.944E-4	0.0031949	7.092E-4	0.0030008	7.032E-4	0.002381	0.0015	9.149E-4	0.0	9.174E-4	0.0015949	0.0032573	0.0	0.0012285	0.0	0.0035672	0.0048662	0.0023847	0.0021529	0.002139	0.0010616	0.0016667	0.0011099	0.0	0.0	8.117E-4	0.0011696	0.0	0.0	6.549E-4	8.299E-4	0.0	0.0	0.0	0.0	0.0	8.772E-4	0.0014749	
Caille des blés	0.0016873	0.004887	0.0023739	0.003218	0.0042735	0.0044863	0.0029056	0.0087934	0.0047348	0.0048701	0.0013889	0.0127796	0.0134752	0.0112528	0.0049226	0.0053571	0.0090461	0.0064044	0.012318	0.0155963	0.0239234	0.0130293	0.0234899	0.007371	0.0065531	0.0071344	0.0036496	0.0031797	0.0021529	0.002139	0.0010616	0.0025	0.0	0.0039139	0.0	0.0	0.0023392	9.452E-4	0.0	6.549E-4	0.0033195	0.0016064	0.0015	0.0020148	8.097E-4	0.0030488	0.0035088	0.0039331	
Perdrix gambra	0.0821147	0.0708613	0.0872404	0.0836685	0.0753205	0.0708838	0.0663438	0.0845139	0.0710227	0.0757576	0.0729167	0.0780466	0.093617	0.0802701	0.07173	0.0571429	0.0559211	0.0713632	0.0403135	0.0623853	0.0653907	0.0586319	0.0553691	0.0577396	0.0602883	0.0701546	0.0523114	0.0707472	0.0484392	0.0620321	0.0541401	0.0558333	0.0554939	0.0577299	0.0556622	0.0446429	0.0619883	0.0586011	0.04	0.0366732	0.0481328	0.0578313	0.0646259	0.062458	0.0647773	0.0678354	0.0824561	0.0855457	
Perdrix rouge	0.0269966	0.033598	0.0278932	0.0273532	0.0235043	0.0318528	0.033414	0.025403	0.0213068	0.0286797	0.0305556	0.0333181	0.0340426	0.0195049	0.0274262	0.0208333	0.0296053	0.0237877	0.0358343	0.0366972	0.0334928	0.02443	0.0385906	0.029484	0.0144168	0.0321046	0.0218978	0.0238474	0.0247578	0.0181818	0.022293	0.0191667	0.0199778	0.0136986	0.0230326	0.0275974	0.019883	0.0132325	0.0187234	0.0176817	0.0182573	0.0216867	0.0136054	0.0208193	0.0089069	0.023628	0.0184211	0.0285152	
Pigeon biset	0.416198	0.4471594	0.4403561	0.4139179	0.4107906	0.4468371	0.4445521	0.4430874	0.4583333	0.4280303	0.4576389	0.4180739	0.4588652	0.4576144	0.4451477	0.4047619	0.4111842	0.4226898	0.4445689	0.4862385	0.4497608	0.4462541	0.466443	0.4619165	0.440367	0.4577883	0.419708	0.4077901	0.4273412	0.4342246	0.4649682	0.4216667	0.4195339	0.3600783	0.3243762	0.4082792	0.3789474	0.4073724	0.3982979	0.3634578	0.3983402	0.3791165	0.3758503	0.3431833	0.3797571	0.3833841	0.4	0.4051131	
Pigeon roussard	0.0	0.0	0.0	0.0	0.0	0.0	0.0015	4.885E-4	0.0	5.411E-4	0.0	0.0	0.0	0.0	0.0	0.0	0.0	0.0	0.0	0.0	0.0	0.0	0.0	0.0	0.0	0.0	0.0	0.0	0.0	0.0	0.0	0.0	0.0	0.0	0.0	0.0	0.0	0.0	0.0	0.0	0.0	0.0	0.0	0.0	0.0	0.0	0.0	0.0	
Pigeon colombin	0.0	0.0	0.0	0.0	0.0	0.0	0.0	0.0	0.0	0.0	0.0	0.0	0.0	0.0	0.0	0.0	0.0	0.0	0.0	0.0	0.0	0.0	0.0	0.0	0.0	0.0	0.0	0.0	0.0	0.0	0.0	0.0	0.0	0.0	0.0	0.0	0.0023392	0.0	0.0	0.0	0.0	0.0	0.0	0.0	0.0	0.0	0.0	0.0	
Pigeon ramier	0.0011249	0.0	0.0	0.0	0.0	8.973E-4	0.0	0.0	0.0	0.0	0.0013889	0.0	0.0	7.502E-4	7.032E-4	0.0	0.0	9.149E-4	0.0	0.0	0.0	0.0	0.0	0.0	0.0	0.0	0.0	0.0015898	0.0	0.0	0.0	0.0	0.0015	0.0	0.0	0.0	0.0	0.0	0.0	0.0	0.0	0.0	0.0	0.0	0.0	0.0	0.0017544	0.0019666	
Pigeon de Bolle	0.0399325	0.0256567	0.0290801	0.031778	0.0304487	0.0206371	0.0227603	0.0278456	0.0255682	0.0335498	0.0319444	0.0305796	0.0255319	0.0307577	0.0274262	0.0392857	0.0370066	0.0384263	0.0291153	0.0357798	0.0334928	0.0325733	0.0469799	0.0380835	0.0249017	0.0511296	0.0596107	0.0532591	0.0516685	0.0449198	0.0509554	0.0508333	0.0288568	0.037182	0.0431862	0.0373377	0.0350877	0.036862	0.0442553	0.043222	0.0340249	0.0297189	0.0382653	0.0282069	0.0518219	0.0457317	0.0491228	0.0462144	
Pigeon des lauriers	0.0292463	0.0268784	0.0231454	0.0257442	0.0304487	0.0233288	0.0280872	0.025403	0.0260417	0.0319264	0.0333333	0.0415335	0.0390071	0.0405101	0.0365682	0.0285714	0.0378289	0.0503202	0.0403135	0.0385321	0.0334928	0.0260586	0.0385906	0.0552826	0.0445609	0.0523187	0.0583942	0.0532591	0.0409042	0.0374332	0.0456476	0.0458333	0.0233074	0.0303327	0.0268714	0.0194805	0.019883	0.0245747	0.0221277	0.02685	0.0240664	0.0176707	0.0246599	0.0127602	0.0331984	0.0342988	0.0324561	0.0245821	
Columba sp.	0.0050619	0.0024435	0.0041543	0.0012068	0.0010684	0.0013459	0.0014528	0.0014656	0.0018939	0.0048701	0.0027778	9.128E-4	7.092E-4	7.502E-4	0.0021097	0.002381	0.0015	0.0015	0.0	0.0	0.0015949	0.0032573	0.0	0.0012285	0.0039318	0.0047562	0.0012165	0.0	0.0021529	0.0010695	0.0031847	0.0033333	0.0022198	9.785E-4	9.597E-4	0.0056818	0.0	0.0037807	8.511E-4	0.0	0.0016598	0.0016064	8.503E-4	0.0013432	0.0016194	0.0	0.0035088	0.0054081	
Tourterelle des bois	0.0011249	6.109E-4	0.0011869	0.0012068	0.0010684	0.0015	0.0067797	0.0102589	0.0189394	0.0243506	0.0458333	0.0492926	0.0553191	0.0660165	0.0604782	0.0672619	0.0707237	0.0869167	0.0593505	0.0825688	0.0637959	0.0960912	0.0738255	0.0761671	0.0642202	0.0642093	0.0437956	0.0461049	0.0527449	0.0363636	0.044586	0.0341667	0.0266371	0.0156556	0.012476	0.0154221	0.005848	0.0066163	0.0042553	0.0013098	0.0	8.032E-4	0.002551	0.0	0.0	0.0022866	0.0	0.0	
Tourterelle turque	0.3892013	0.3860721	0.3715134	0.4062751	0.4022436	0.401974	0.4062954	0.455789	0.4578598	0.4258658	0.4208333	0.4340484	0.4276596	0.4223556	0.4247539	0.4261905	0.4325658	0.4098811	0.4053751	0.4183486	0.4545455	0.4185668	0.4127517	0.4115479	0.4154653	0.4280618	0.3686131	0.3513514	0.3638321	0.3903743	0.42569	0.3883333	0.3795782	0.3659491	0.3598848	0.3928571	0.3555556	0.3487713	0.3753191	0.4243615	0.3825726	0.3654618	0.3503401	0.3505709	0.3417004	0.3330793	0.327193	0.3623402	
Tourterelle rieuse	0.0309336	0.0219914	0.021365	0.0309735	0.0299145	0.0287124	0.0232446	0.0268686	0.0246212	0.0281385	0.025	0.0333181	0.0283688	0.0202551	0.0218003	0.0309524	0.0378289	0.0301921	0.0257559	0.0275229	0.030303	0.019544	0.0503356	0.036855	0.0301442	0.0380499	0.0328467	0.0206677	0.0376749	0.0374332	0.0573248	0.0316667	0.0221976	0.0244618	0.0201536	0.0227273	0.0222222	0.0151229	0.026383	0.0203012	0.019917	0.0184739	0.0161565	0.0161182	0.0323887	0.0358232	0.0245614	0.0221239	
Hybride Tourterelle turque x T. rieuse	5.624E-4	0.0012217	5.935E-4	8.045E-4	0.0015	0.0013459	0.0014528	4.885E-4	4.735E-4	0.0010823	0.0	0.0	0.0	0.0	0.0014065	5.952E-4	8.224E-4	0.0015	0.0011198	9.174E-4	0.0	0.0016287	0.0	0.0012285	0.0	0.0011891	0.0	0.0039746	0.0	0.0	0.0	0.0	0.0	9.785E-4	0.0	8.117E-4	0.0	0.0018904	0.0	0.0	8.299E-4	0.0	0.0	0.0020148	0.0	7.622E-4	0.0	9.833E-4	
Tourterelle turque ou T. rieuse	0.0028121	0.0012217	0.0023739	0.0024135	5.342E-4	4.486E-4	4.843E-4	9.77E-4	0.0015	0.0016234	6.944E-4	9.128E-4	0.0106383	7.502E-4	0.0014065	5.952E-4	0.0	9.149E-4	0.0011198	9.174E-4	0.0	0.0016287	0.0	0.0012285	0.0026212	0.0011891	0.0048662	0.0015898	0.0	0.0064171	0.007431	0.0041667	0.0033296	0.0039139	0.0038388	0.0024351	0.0011696	0.0	0.0025532	0.0026195	0.0016598	0.0024096	0.0017007	0.003358	0.0024291	7.622E-4	0.0	0.0039331	
Streptopelia sp.	0.0	0.0012217	0.0	0.0	5.342E-4	8.973E-4	0.0	4.885E-4	9.47E-4	0.0	0.0	0.0	7.092E-4	0.0015	7.032E-4	0.0011905	0.0032895	9.149E-4	0.0011198	0.0	0.0	0.0	0.0	0.0	0.0013106	0.0023781	0.0	0.0015898	0.0	0.0	0.0031847	8.333E-4	0.0011099	0.0	0.0	0.0	0.0	0.0	0.0	0.0	0.0	0.0	0.0	0.0	8.097E-4	0.0	0.0	0.0	
Tourterelle maillée	0.0388076	0.0329872	0.0373887	0.041432	0.045406	0.0345446	0.0513317	0.0464094	0.0482955	0.0454545	0.0347222	0.0387951	0.0347518	0.0457614	0.0421941	0.0416667	0.0328947	0.042086	0.0223964	0.0385321	0.0398724	0.0374593	0.033557	0.0380835	0.0301442	0.0451843	0.0279805	0.0373609	0.0301399	0.0203209	0.044586	0.0158333	0.0199778	0.0234834	0.0239923	0.0275974	0.0210526	0.0189036	0.0204255	0.0189915	0.0298755	0.0289157	0.0297619	0.0315648	0.0315789	0.0457317	0.0254386	0.0334317	
columbidé sp.	0.0	0.0	0.0	0.0015	5.342E-4	0.0	0.0	0.0	0.0	5.411E-4	0.0	0.0	0.0	0.0	0.0	0.0	0.0	0.0	0.0	9.174E-4	0.0	0.0	0.0	0.0	0.0	0.0	0.0	0.0	0.0	0.0	0.0	0.0	0.0	0.0	0.0	0.0	0.0	0.0	0.0	0.0	0.0015	0.0	0.0	0.0	0.0	0.0	0.0	0.0	
Ganga unibande	0.0253093	0.0232132	0.0320475	0.0257442	0.0267094	0.0273665	0.0232446	0.0322423	0.03125	0.0270563	0.0229167	0.0223642	0.0241135	0.0232558	0.021097	0.0255952	0.0172697	0.0182983	0.019037	0.0256881	0.0239234	0.014658	0.0234899	0.007371	0.0196592	0.0225922	0.0158151	0.0286169	0.0139935	0.0203209	0.0106157	0.0116667	0.0155383	0.0127202	0.0134357	0.0073052	0.0140351	0.0179584	0.0187234	0.0157171	0.0323651	0.0353414	0.0280612	0.032908	0.0259109	0.027439	0.0192982	0.0235988	
ganga sp.	0.0	6.109E-4	0.0	0.0	0.0	0.0	0.0	0.0	0.0	0.0	0.0	0.0	0.0	0.0	0.0	0.0	0.0	0.0	0.0	0.0	0.0	0.0	0.0	0.0	0.0	0.0	0.0	0.0	0.0	0.0	0.0	0.0	0.0	0.0	0.0	0.0	0.0	0.0	0.0	0.0	0.0	0.0	0.0	0.0	0.0	0.0	0.0	0.0	
Outarde houbara	0.0393701	0.0299328	0.0344214	0.0386163	0.0331197	0.0381337	0.0416465	0.0415242	0.0331439	0.0373377	0.0291667	0.0301232	0.0347518	0.0285071	0.0274262	0.0255952	0.0213816	0.0265325	0.0179171	0.0284404	0.0175439	0.0325733	0.0285235	0.02457	0.0249017	0.0237812	0.0194647	0.036566	0.0236814	0.028877	0.0233546	0.0216667	0.0344062	0.0332681	0.0220729	0.0178571	0.0210526	0.0170132	0.0212766	0.0170269	0.0307054	0.0305221	0.0238095	0.0369375	0.0283401	0.0396341	0.0368421	0.0363815	
Touraco gris	0.0	0.0	0.0	0.0	0.0	0.0	4.843E-4	0.0	0.0	0.0	0.0	0.0	0.0	0.0	0.0	0.0	0.0	0.0	0.0	0.0	0.0	0.0	0.0	0.0	0.0	0.0	0.0	0.0	0.0	0.0	0.0	0.0	0.0015	0.0	0.0	0.0	0.0	0.0	0.0	0.0	0.0	0.0	0.0	0.0	0.0	0.0	0.0	0.0	
Coucou geai	0.0	0.0015	0.0	0.0	5.342E-4	0.0	0.0	4.885E-4	4.735E-4	0.0	0.0	0.0	0.0	0.0	0.0	0.0	0.0	0.0	0.0	0.0	0.0	0.0	0.0	0.0	0.0013106	0.0	0.0	0.0	0.0	0.0	0.0	0.0	0.0	0.0	0.0	0.0	0.0	0.0	0.0	0.0	0.0	0.0	0.0	0.0	0.0015	0.0	8.772E-4	0.0	
Coucou gris	0.0	0.0	0.0	0.0	0.0	0.0	0.0	0.0	0.0	0.0	0.0	0.0	0.0	7.502E-4	7.032E-4	5.952E-4	0.0	0.0	0.0	0.0	0.0	0.0	0.0	0.0	0.0	0.0011891	0.0015	0.0	0.0032293	0.002139	0.0	0.0016667	0.0011099	9.785E-4	0.0	8.117E-4	0.0	0.0	0.0	0.0	0.0	0.0	0.0	0.0	0.0	0.0	0.0	0.0	
Caprimulgus sp.	0.0	0.0	0.0	0.0	0.0	0.0	0.0	0.0	0.0	0.0	0.0	0.0	0.0	7.502E-4	0.0	0.0	0.0	0.0	0.0	0.0	0.0	0.0	0.0	0.0	0.0	0.0	0.0	0.0	0.0015	0.0	0.0	0.0	0.0	0.0	0.0	0.0	0.0	0.0	0.0	0.0	0.0	0.0	0.0	0.0	0.0	0.0	0.0	0.0	
Martinet à ventre blanc	0.0	0.0	0.0	0.0	0.0	0.0	0.0	9.77E-4	0.0018939	0.0010823	6.944E-4	9.128E-4	0.0028369	7.502E-4	0.0028129	0.0011905	8.224E-4	0.0	0.0	0.0018349	0.0015949	0.0016287	0.0050336	0.0036855	0.0117955	0.0107015	0.0121655	0.0119237	0.0010764	0.0010695	0.0031847	0.0016667	0.0044395	0.0039139	0.0028791	0.0073052	0.0070175	0.0028355	0.0017021	6.549E-4	0.0	0.0	0.0	0.0015	0.0	0.0	0.0	0.0	
Martinet noir	0.0	0.0	0.0	0.0015	0.0	0.0013459	0.0	0.0019541	0.0	0.0016234	0.0041667	0.005477	0.012766	0.0112528	0.0203938	0.0125	0.0106908	0.0128088	0.0111982	0.0183486	0.0111643	0.019544	0.0067114	0.014742	0.0013106	0.0015	0.0024331	7.949E-4	0.0258342	0.0106952	0.007431	0.0175	0.0055494	0.0078278	0.0076775	0.0081169	0.0070175	0.0037807	0.0051064	0.0026195	8.299E-4	0.0	0.0	0.0	0.0	0.0	0.0	0.0	
Martinet unicolore	0.0607424	0.0574221	0.0682493	0.0913113	0.0897436	0.0960072	0.1060533	0.1465559	0.1467803	0.1872294	0.2208333	0.2692834	0.2914894	0.3098275	0.2735584	0.3	0.3766447	0.3247941	0.3325868	0.3541284	0.3604466	0.3469055	0.3674497	0.3906634	0.3892529	0.4102259	0.4124088	0.4077901	0.3778256	0.3561497	0.3800425	0.3225	0.2697003	0.2338552	0.184261	0.1761364	0.1497076	0.1096408	0.0902128	0.0779306	0.0589212	0.0658635	0.0586735	0.0449966	0.0558704	0.0381098	0.0605263	0.0521141	
Martinet pâle	0.0016873	0.0018326	5.935E-4	0.0024135	0.0037393	0.0058322	0.0038741	0.0097704	0.0127841	0.0156926	0.0201389	0.0141488	0.0397163	0.0427607	0.021097	0.0119048	0.0197368	0.0182983	0.0347144	0.033945	0.0239234	0.0179153	0.0536913	0.0233415	0.0314548	0.0273484	0.0255474	0.0317965	0.0172228	0.0278075	0.0244161	0.0308333	0.0155383	0.0195695	0.0067179	0.0056818	0.0081871	0.0037807	8.511E-4	0.0039293	0.0016598	0.0	0.0017007	6.716E-4	0.0	0.0	8.772E-4	4.916E-4	
Martinet des maisons	0.0	0.0	0.0	0.0	0.0	0.0	0.0	4.885E-4	0.0	0.0	0.0015	0.0	0.0	0.0	0.0	0.0	0.0	0.0	0.0	0.0	0.0	0.0	0.0	0.0	0.0	0.0011891	0.0	0.0	0.0015	0.0	0.0	0.0	0.0	0.0	0.0	0.0	0.0011696	0.0	0.0	0.0	0.0	0.0	0.0	0.0	0.0	0.0	0.0	0.0	
Apus sp.	0.0	0.0	0.0	0.0	0.0	0.0	0.0	0.0015	4.735E-4	0.0	0.0	0.0	0.0	0.0	7.032E-4	0.0	0.0	0.0	0.0	0.0	0.0	0.0	0.0	0.0	0.0	0.0	0.0	0.0	0.0	0.0	0.0	0.0015	0.0	0.0	0.0	0.0	0.0	0.0	0.0	0.0	0.0	0.0	0.0	0.0	0.0	0.0	0.0	0.0	
Apus ou Tachymarptis sp.	0.0	0.0012217	0.0	0.0012068	0.0016026	4.486E-4	0.0	0.0014656	0.0023674	0.0016234	6.944E-4	0.0027385	0.0035461	0.0067517	0.0014065	0.002381	8.224E-4	9.149E-4	0.0022396	0.0	0.0015949	0.0	0.0033557	0.004914	0.0078637	0.0047562	0.0	0.0039746	0.0	0.0010695	0.0021231	0.005	0.0022198	9.785E-4	9.597E-4	8.117E-4	0.0	0.0	0.0	0.0	0.0	0.0	0.0	0.0	0.0	0.0	0.0	0.0	
apodidé sp.	0.0011249	0.0018326	0.0011869	0.0024135	0.0042735	0.0040377	0.0024213	0.0024426	0.0033144	0.0037879	0.0020833	0.0031949	0.0070922	0.0052513	0.0112518	0.0077381	0.0057566	0.010064	0.0111982	0.0073394	0.0063796	0.0032573	0.0100671	0.014742	0.0052425	0.0011891	0.0012165	0.0079491	0.0010764	0.002139	0.0010616	0.005	0.0022198	0.0058708	0.0028791	0.0024351	0.0046784	0.0018904	0.0017021	0.0013098	8.299E-4	0.0024096	0.0	0.0020148	8.097E-4	0.0	8.772E-4	9.833E-4	
Râle d'eau	0.0	0.0	5.935E-4	0.0	5.342E-4	0.0	0.0	0.0	0.0	0.0	0.0	0.0	0.0	0.0	0.0	0.0	0.0	0.0	0.0	0.0	0.0	0.0	0.0	0.0	0.0	0.0	0.0	0.0	0.0	0.0	0.0	0.0	0.0	0.0	0.0	0.0	0.0	0.0	0.0	0.0	0.0	0.0	0.0	0.0	0.0	0.0	0.0	0.0	
Râle des genêts	0.0	0.0	0.0	0.0	0.0	0.0	0.0	0.0	0.0	0.0	0.0	0.0	0.0	0.0	0.0	0.0	0.0	0.0	0.0	0.0	0.0	0.0	0.0	0.0	0.0	0.0	0.0	0.0	0.0	0.0	0.0	0.0	0.0	0.0	0.0	0.0	0.0023392	0.0	0.0	0.0	0.0	0.0	0.0	0.0	0.0	0.0	0.0	0.0	
Râle des prés	0.0	0.0	0.0	8.045E-4	0.0	0.0	0.0	0.0	0.0	0.0	0.0020833	4.564E-4	0.0	0.0015004	0.0	5.952E-4	0.0	0.0	0.0	0.0	0.0	0.0	0.0	0.0	0.0	0.0	0.0	0.0	0.0015	0.0	0.0	0.0	0.0	0.0	0.0	0.0	0.0	0.0	0.0	0.0	0.0	0.0	0.0	0.0	0.0	0.0	0.0015	0.0014749	
Marouette ponctuée	0.0	0.0	0.0	0.0	0.0	4.486E-4	4.843E-4	0.0014656	0.0042614	0.0010823	0.0027778	4.564E-4	7.092E-4	0.0015	0.0	5.952E-4	0.0	0.0	0.0	0.0	0.0	0.0	0.0	0.0	0.0	0.0	0.0	0.0	0.0	0.0	0.0	0.0	0.0	0.0	0.0	0.0	0.0	0.0	0.0	0.0	0.0	0.0	0.0	0.0	0.0	0.0	0.0	0.0	
Gallinule poule-d'eau	0.1096738	0.1343922	0.1507418	0.1222848	0.1014957	0.1117093	0.1133172	0.1074744	0.1017992	0.1098485	0.13125	0.1282519	0.1283688	0.1222806	0.0977496	0.1077381	0.1175987	0.1125343	0.1231803	0.1504587	0.1403509	0.1433225	0.1510067	0.1326781	0.1323722	0.1117717	0.1021898	0.1073132	0.1151776	0.1197861	0.118896	0.1216667	0.1431743	0.1213307	0.1074856	0.1420455	0.1426901	0.1332703	0.1651064	0.167649	0.1344398	0.124498	0.1232993	0.1215581	0.1425101	0.1219512	0.1219298	0.1175025	
Foulque macroule	0.0584927	0.0800244	0.0759644	0.0587289	0.0571581	0.0672948	0.0600484	0.0571568	0.0487689	0.0600649	0.0548611	0.0748517	0.0673759	0.0675169	0.0534459	0.0458333	0.0641447	0.0539799	0.0459127	0.0715596	0.0733652	0.0814332	0.0637584	0.0552826	0.0550459	0.0380499	0.0437956	0.0524642	0.0527449	0.0545455	0.0562633	0.0591667	0.0643729	0.0518591	0.0671785	0.0706169	0.0643275	0.0765595	0.0876596	0.0779306	0.06639	0.0674699	0.0680272	0.0698455	0.0704453	0.0708841	0.0684211	0.0663717	
Foulque d'Amérique	0.0	0.0	0.0	0.0	0.0	0.0	0.0	0.0	0.0	0.0	0.0	0.0	0.0	0.0	0.0	0.0	0.0	0.0	0.0	0.0	0.0	0.0	0.0	0.004914	0.0	0.0	0.0	0.0	0.0	0.0	0.0	0.0	0.0	0.0	0.0	0.0	0.0	0.0	0.0	0.0	0.0	0.0	0.0	0.0	0.0	0.0	0.0	0.0	
Talève d'Allen	0.0016873	0.0012217	0.0029674	0.003218	5.342E-4	8.973E-4	0.0014528	0.0014656	0.0	0.0	0.0	0.0015	7.092E-4	0.0	0.0	0.0	0.0	0.0	0.0	0.0	0.0	0.0	0.0	0.0	0.0	0.0	0.0	0.0	0.0	0.0	0.0	0.0	0.0	0.0	0.0	0.0	0.0	0.0	0.0	0.0	0.0	0.0	0.0	0.0	0.0	0.0	0.0	0.0	
Marouette poussin	0.0	0.0	0.0	0.0	0.0	0.0	0.0	0.0	0.0	0.0015	0.0	0.0	0.0	0.0	0.0	0.0	8.224E-4	0.0	0.0	0.0	0.0	0.0	0.0	0.0	0.0	0.0	0.0	0.0	0.0	0.0	0.0	0.0	0.0	0.0	0.0	0.0	0.0	0.0	0.0	0.0	0.0	0.0	0.0	0.0	0.0	0.0	0.0	0.0	
Marouette de Baillon	0.0	0.0	0.0	0.0	0.0	0.0	0.0	4.885E-4	0.0	0.0	0.0015	0.0	0.0	7.502E-4	0.0	0.0	8.224E-4	0.0	0.0	0.0	0.0	0.0	0.0	0.0	0.0	0.0	0.0	0.0	0.0	0.0	0.0	0.0	0.0	0.0	0.0	0.0	0.0	0.0	0.0	0.0	0.0	0.0	0.0	0.0	0.0	0.0	0.0	0.0	
Grue demoiselle	0.0	0.0	0.0	0.0	0.0	0.0	0.0	0.0	0.0	0.0	0.0	0.0	0.0	0.0	0.0	0.0	0.0	0.0	0.0	0.0	0.0	0.0	0.0	0.0	0.0	0.0	0.0	0.0	0.0	0.0	0.0	0.0	0.0	0.0	0.0	0.0	0.0	0.0	0.0	6.549E-4	0.0	0.0	0.0	0.0	0.0	0.0	0.0	0.0	
Grue cendrée	0.0011249	6.109E-4	0.0	0.0015	5.342E-4	0.0	0.0	0.0	0.0	0.0	0.0	0.0	0.0	0.0	0.0	0.0	0.0	0.0	0.0	0.0	0.0	0.0	0.0	0.0	0.0	0.0	0.0	0.0	0.0	0.0	0.0	0.0	0.0	0.0	0.0	0.0	0.0	0.0	0.0	0.0	0.0	0.0	0.0	0.0	0.0	0.0	0.0	0.0015	
Oedicnème criard	0.0202475	0.0244349	0.0267062	0.0289622	0.0235043	0.0336474	0.0300242	0.0288227	0.0317235	0.0319264	0.0277778	0.0401643	0.0446809	0.0427607	0.035865	0.0291667	0.0501645	0.0393413	0.0369541	0.0568807	0.0382775	0.0521173	0.0503356	0.041769	0.0471822	0.0439952	0.0279805	0.0492846	0.0322928	0.0427807	0.0286624	0.0191667	0.0299667	0.0225049	0.0182342	0.0202922	0.0280702	0.0132325	0.0178723	0.0117878	0.0157676	0.0216867	0.0136054	0.0141034	0.0178138	0.0144817	0.0149123	0.019174	
Échasse blanche	0.0899888	0.0800244	0.0682493	0.069992	0.0673077	0.0803051	0.0871671	0.0815828	0.0776515	0.0914502	0.0833333	0.0848927	0.0744681	0.0892723	0.068917	0.0857143	0.0822368	0.0768527	0.0593505	0.0908257	0.0845295	0.0700326	0.1006711	0.0737101	0.0668414	0.0642093	0.0474453	0.0588235	0.0409042	0.0524064	0.0700637	0.0575	0.0588235	0.0665362	0.0758157	0.075487	0.0666667	0.0689981	0.0902128	0.1041257	0.0987552	0.0779116	0.0765306	0.1128274	0.0882591	0.097561	0.0938596	0.0678466	
Avocette élégante	5.624E-4	0.0	0.0015	4.023E-4	0.0015	0.0	0.0	4.885E-4	0.0015	0.0016234	0.0013889	0.0	7.092E-4	7.502E-4	7.032E-4	0.0	0.0	0.0015	0.0	0.0	0.0	0.0	0.0	0.0	0.0	0.0015	0.0012165	0.0	0.0	0.0	0.0	8.333E-4	0.0	0.0029354	0.0038388	8.117E-4	0.0	0.0	0.0	6.549E-4	0.0	0.0	0.0	6.716E-4	0.0	0.0	8.772E-4	0.0015	
Huîtrier pie	0.0056243	0.0042761	0.0017804	0.0028158	0.0048077	0.0022432	0.001937	0.0039082	0.0061553	0.0021645	0.0083333	0.005477	0.0014184	0.0022506	0.0035162	0.002381	0.0041118	0.0027447	0.0033595	0.0045872	0.0095694	0.0032573	0.0083893	0.0012285	0.0052425	0.0059453	0.0024331	0.0127186	0.0053821	0.0096257	0.0021231	0.0108333	0.0055494	0.0068493	0.0038388	0.0064935	0.005848	0.0018904	0.0076596	0.0026195	0.0041494	0.0048193	0.0059524	0.0047011	8.097E-4	0.0015	8.772E-4	0.0014749	
Pluvier argenté	0.056243	0.0623091	0.0540059	0.0563154	0.0411325	0.0533872	0.0411622	0.0468979	0.0430871	0.047619	0.04375	0.0410771	0.0496454	0.0337584	0.0281294	0.0279762	0.0172697	0.0155535	0.019037	0.0146789	0.0127592	0.0032573	0.0067114	0.002457	0.0026212	0.0071344	0.0060827	0.0023847	0.0032293	0.0096257	0.007431	0.0091667	0.0199778	0.0273973	0.0153551	0.0081169	0.0280702	0.0293006	0.0280851	0.0288147	0.0232365	0.0417671	0.0493197	0.0597717	0.042915	0.0480183	0.0473684	0.0309735	
Pluvier doré	0.0	0.0024435	0.0017804	0.0036203	0.0021368	4.486E-4	9.685E-4	4.885E-4	0.0	0.0015	0.0	0.0	0.0	0.0	0.0	5.952E-4	0.0	0.0	0.0	0.0	0.0	0.0	0.0	0.0	0.0	0.0	0.0	0.0	0.0010764	0.0	0.0	0.0	0.0	9.785E-4	0.0	8.117E-4	0.0015	0.0	8.511E-4	6.549E-4	8.299E-4	0.0	0.0	0.0	0.0	7.622E-4	0.0	9.833E-4	
Pluvier bronzé	0.0	0.0	0.0015	0.0020113	0.0	0.0	4.843E-4	9.77E-4	0.0	5.411E-4	0.0	0.0	7.092E-4	0.0075019	0.0042194	0.0	0.0	0.0	0.0	9.174E-4	0.0	0.0	0.0	0.0	0.0	0.0	0.0	0.0	0.0	0.0	0.0	0.0	0.0	0.0	0.0	0.0	0.0	0.0028355	8.511E-4	0.0078585	0.0058091	0.0024096	0.002551	6.716E-4	0.0	0.0	0.0	0.0	
Pluvier fauve	0.0	0.0	0.0	0.0	0.0	0.0	0.0	0.0	0.0	0.0	0.0	0.0	0.0	0.0	0.0	0.0	0.0	0.0	0.0	0.0	0.0	0.0	0.0	0.0	0.0026212	0.0	0.0	0.0063593	0.0	0.0	0.0	0.0	0.0	0.0	9.597E-4	8.117E-4	0.0	0.0	0.0	0.0	0.0	0.0	0.0	0.0	0.0	0.0	0.0	0.0	
Pluvialis sp.	0.0	0.0	0.0	0.0	0.0	0.0	0.0	0.0015	0.0	0.0015	6.944E-4	0.0	0.0	0.0	7.032E-4	0.0	0.0	0.0	0.0	0.0	0.0	0.0	0.0	0.0	0.0	0.0	0.0	0.0015898	0.0	0.0	0.0	0.0	0.0	9.785E-4	0.0	0.0	0.0	0.0	8.511E-4	0.0	0.0	0.0	0.0	0.0	8.097E-4	0.0	0.0	4.916E-4	
Guignard d’Eurasie	0.0	0.0	0.0011869	0.0	5.342E-4	0.0013459	0.0	0.0	4.735E-4	0.0021645	0.0	0.0	0.0	7.502E-4	0.0	0.0	0.0	0.0	0.0	0.0	0.0	0.0	0.0	0.0	0.0	0.0	0.0	0.0	0.0	0.0	0.0	0.0	0.0022198	0.0	0.0019194	8.117E-4	0.0011696	0.0	0.0	0.0013098	0.0	0.0	0.0	0.0015	0.0	0.0	0.0	9.833E-4	
Grand Gravelot	0.1124859	0.1154551	0.1002967	0.1001609	0.1004274	0.1031853	0.0886199	0.1035662	0.092803	0.0995671	0.1097222	0.0985851	0.0907801	0.084021	0.0822785	0.072619	0.0427632	0.032022	0.0380739	0.0229358	0.0239234	0.0162866	0.0251678	0.014742	0.0196592	0.0142687	0.0121655	0.0158983	0.0484392	0.0962567	0.111465	0.1291667	0.1598224	0.1360078	0.1401152	0.1704545	0.1883041	0.1483932	0.1438298	0.1362148	0.1244813	0.1429719	0.1284014	0.1296172	0.1052632	0.1044207	0.1061404	0.0850541	
Gravelot semipalmé	0.0016873	0.0018326	0.0059347	0.0052293	0.0016026	0.0035891	0.0029056	0.0029311	9.47E-4	0.0016234	0.0027778	0.0036513	0.0028369	0.0	7.032E-4	5.952E-4	0.0	9.149E-4	0.0011198	9.174E-4	0.0	0.0	0.0	0.0	0.0	0.0	0.0	0.0	0.0	0.0	0.0	8.333E-4	0.0022198	0.0029354	0.0	0.0	0.0	0.0	0.0	0.0019646	8.299E-4	0.0024096	8.503E-4	0.0013432	0.0024291	0.0022866	0.0026316	9.833E-4	
Petit Gravelot	0.0815523	0.0849114	0.0807122	0.0836685	0.0844017	0.0834455	0.0794189	0.0933073	0.1126894	0.0930736	0.1	0.0994979	0.1170213	0.1102776	0.0850914	0.1011905	0.1118421	0.0960659	0.1007839	0.1165138	0.1164274	0.1123779	0.1392617	0.0958231	0.0943644	0.0868014	0.0754258	0.0874404	0.0861141	0.1197861	0.1210191	0.105	0.1243063	0.1125245	0.1161228	0.1038961	0.1076023	0.100189	0.0995745	0.1165684	0.0904564	0.0738956	0.0705782	0.0893217	0.0736842	0.0785061	0.0692982	0.0688299	
Vanneau huppé	0.0016873	0.0018326	0.0023739	0.0020113	5.342E-4	0.0	0.0	4.885E-4	0.0015	0.0	0.0	0.0	0.0	0.0	0.0	0.0	0.0	0.0	0.0	9.174E-4	0.0	0.0	0.0	0.0	0.0	0.0	0.0	0.0	0.0	0.0	0.0	0.0025	0.0	9.785E-4	9.597E-4	0.0	0.0	9.452E-4	0.0	0.0	0.0074689	0.0040161	8.503E-4	0.0047011	0.0064777	0.003811	0.0026316	9.833E-4	
Gravelot à collier interrompu	0.0286839	0.0268784	0.021365	0.0201126	0.0213675	0.0273665	0.020339	0.0229604	0.0213068	0.0313853	0.0361111	0.0319489	0.0255319	0.0202551	0.0253165	0.027381	0.0222039	0.0219579	0.0145577	0.0192661	0.0095694	0.0211726	0.0402685	0.022113	0.0222805	0.019025	0.0206813	0.0190779	0.0204521	0.0342246	0.0254777	0.0241667	0.0233074	0.0342466	0.0297505	0.0324675	0.0444444	0.0302457	0.0238298	0.0189915	0.0182573	0.0305221	0.0297619	0.0221625	0.0178138	0.0190549	0.0236842	0.0176991	
Gravelot sp.	0.0	0.0	0.0	0.0012068	0.0	0.0	0.0	0.0	0.0	0.0	0.0	0.0	0.0	0.0	0.0	0.0	0.0	0.0	0.0	0.0	0.0	0.0	0.0	0.0	0.0	0.0	0.0	0.0	0.0	0.0	0.0	0.0	0.0	0.0	0.0	0.0	0.0	0.0	0.0	0.0	0.0	0.0	0.0	0.0	0.0	0.0	0.0	0.0	
Charadriidae sp.	5.624E-4	0.0	5.935E-4	0.0	5.342E-4	0.0	0.0	4.885E-4	0.0	5.411E-4	6.944E-4	4.564E-4	0.0	0.0015004	0.0021097	0.0011905	8.224E-4	9.149E-4	0.0015	0.0	0.0	0.0	0.0	0.0	0.0	0.0	0.0	7.949E-4	0.0	0.002139	0.0	0.0	0.0	9.785E-4	0.0	8.117E-4	0.0011696	0.0	0.0015	0.0	0.0	0.0	0.0	0.0013432	0.0016194	7.622E-4	0.0	0.0024582	
Bartramie des champs	0.0	0.0015	0.0	0.0	0.0	0.0	0.0	0.0	0.0	0.0	0.0	0.0	0.0	0.0	0.0	0.0	0.0	0.0	0.0	0.0	0.0	0.0	0.0	0.0	0.0	0.0	0.0	0.0	0.0	0.0	0.0	0.0	0.0	0.0	0.0	0.0	0.0	0.0	0.0	0.0	0.0	0.0	0.0	0.0	0.0	0.0	0.0	0.0	
Courlis hudsonien	0.0	0.0015	0.0	4.023E-4	0.0	0.0	0.0	4.885E-4	0.0	0.0	0.0	0.0015	0.0	0.0	0.0	0.0	0.0	0.0	0.0	0.0	0.0	0.0	0.0	0.0	0.0	0.0	0.0	0.0	0.0	0.0	0.0	0.0	0.0	0.0	0.0	0.0	0.0	0.0	0.0	0.0	0.0	0.0	0.0	0.0	0.0	0.0	0.0	0.0	
Courlis corlieu	0.1541057	0.1417227	0.135905	0.148029	0.142094	0.1336922	0.1331719	0.1338544	0.1401515	0.1331169	0.1423611	0.130534	0.1156028	0.1290323	0.125879	0.1154762	0.0847039	0.0686185	0.075028	0.0688073	0.0558214	0.0553746	0.0503356	0.039312	0.0393185	0.0439952	0.0510949	0.0667727	0.1033369	0.1582888	0.1804671	0.1858333	0.1853496	0.1663405	0.1525912	0.1680195	0.1871345	0.1465028	0.1634043	0.1630648	0.1394191	0.1485944	0.1394558	0.1470786	0.1214575	0.1356707	0.1394737	0.1204523	
Courlis hudsonien ou corlieu	0.0	0.0	0.0	0.0	0.0	0.0	0.0	0.0	0.0	0.0	0.0	0.0	0.0	0.0	0.0	0.0	0.0	0.0	0.0	0.0	0.0	0.0	0.0	0.0	0.0	0.0	0.0	0.0	0.0	0.0	0.0	0.0	0.0	0.0	0.0	0.0	0.0	0.0	0.0	0.0013098	0.0	0.0016064	8.503E-4	0.0	0.0	0.0	0.0	0.0	
Courlis cendré	0.003937	0.0024435	0.0011869	0.001609	0.0037393	0.0022432	0.0014528	0.0014656	9.47E-4	0.0010823	6.944E-4	4.564E-4	0.0021277	7.502E-4	0.0	0.0015	0.0024671	0.0036597	0.0	0.0018349	0.0015949	0.0	0.0	0.0012285	0.0	0.0035672	0.0012165	7.949E-4	0.0010764	0.0010695	0.0	8.333E-4	0.0022198	9.785E-4	0.0028791	8.117E-4	0.0011696	0.0037807	0.0034043	6.549E-4	0.0016598	0.0016064	0.0	0.0013432	0.0032389	7.622E-4	0.0	0.0019666	
Courlis corlieu ou C. cendré	0.0011249	0.0	0.0015	0.0012068	0.0	0.0017945	4.843E-4	0.0015	0.0015	0.0	6.944E-4	4.564E-4	0.0	0.0022506	0.0014065	5.952E-4	0.0016447	0.0015	0.0	0.0015	0.0047847	0.0	0.0	0.0	0.0	0.0011891	0.0	0.0	0.0015	0.0010695	0.0	0.0025	0.0	0.0015	0.0	8.117E-4	0.0011696	9.452E-4	0.0	6.549E-4	0.0016598	0.0024096	0.0017007	0.0015	8.097E-4	0.0015244	0.0	0.0	
Barge rousse	0.011811	0.0164936	0.0089021	0.0120676	0.0138889	0.0152535	0.0121065	0.0161212	0.0108902	0.008658	0.0152778	0.0109539	0.012766	0.012003	0.0070323	0.014881	0.0213816	0.0173833	0.0100784	0.006422	0.0095694	0.0162866	0.0218121	0.0012285	0.0052425	0.0035672	0.0036496	0.009539	0.007535	0.0042781	0.0042463	0.0091667	0.0044395	0.0097847	0.0047985	0.0016234	0.0116959	0.0113422	0.013617	0.0196464	0.0149378	0.0208835	0.0229592	0.0154466	0.0210526	0.0175305	0.0149123	0.0113078	
Barge à queue noire	0.0101237	0.0067196	0.0118694	0.0112631	0.0251068	0.0125617	0.0082324	0.0073278	0.0108902	0.0059524	0.0104167	0.0031949	0.0049645	0.0045011	0.0035162	0.0053571	8.224E-4	0.0045746	0.0022396	0.0018349	0.0015949	0.0	0.0033557	0.002457	0.0026212	0.0011891	0.0	0.0015898	0.0021529	0.0010695	0.0021231	0.0016667	0.0044395	0.0078278	0.0115163	0.025974	0.0116959	0.0094518	0.0204255	0.0104781	0.0024896	0.0016064	0.0042517	0.0060443	0.0097166	0.0053354	0.0052632	0.0044248	
Bécassine sourde	5.624E-4	6.109E-4	0.0	0.0	0.0	0.0	0.0	0.0	4.735E-4	0.0027056	0.0015	4.564E-4	0.0	0.0	0.0042194	0.0011905	0.0	0.0	0.0	0.0	0.0	0.0	0.0	0.0	0.0	0.0	0.0	0.0	0.0	0.0	0.0	0.0	0.0	0.0	0.0	0.0	0.0	0.0	0.0	6.549E-4	0.0	0.0	0.0	0.0	0.0	0.0	0.0	0.0	
Bécasse des bois	0.0016873	6.109E-4	0.0011869	4.023E-4	5.342E-4	0.0015	4.843E-4	9.77E-4	0.0018939	0.0010823	0.0013889	9.128E-4	7.092E-4	0.0015	0.0014065	0.0011905	0.0032895	0.0018298	0.0015	0.0055046	0.0015949	0.0016287	0.0015	0.0036855	0.0013106	0.0023781	0.0060827	0.0055644	0.0107643	0.0064171	0.0063694	0.0083333	0.0033296	0.0058708	0.0076775	0.0024351	0.0046784	0.0018904	8.511E-4	0.0019646	0.0016598	0.0016064	0.0	0.0020148	8.097E-4	0.0015244	8.772E-4	9.833E-4	
Bécassine des marais	0.0185602	0.0201588	0.0130564	0.0100563	0.0128205	0.013459	0.0125908	0.0156326	0.0179924	0.0189394	0.0152778	0.0041077	0.0028369	0.0082521	0.0021097	0.0	0.0	9.149E-4	0.0	0.0	0.0	0.0	0.0	0.0	0.0	0.0	0.0	0.0	0.0	0.0	0.0021231	0.0	0.0	0.0	0.0019194	0.0113636	0.0081871	0.0056711	0.0093617	0.0137525	0.013278	0.011245	0.0136054	0.0161182	0.0105263	0.0152439	0.0140351	0.0152409	
Bécassine de Wilson	0.0	0.0	0.0	0.0015	0.0	0.0	0.0	0.0	0.0	0.0	0.0	0.0	0.0	0.0	0.0	0.0	0.0	0.0	0.0	0.0	0.0	0.0	0.0	0.0	0.0	0.0	0.0	0.0	0.0	0.0	0.0	0.0	0.0	0.0	0.0	0.0	0.0	0.0015	0.0	0.0	0.0	0.0	0.0	0.0	0.0	0.0	0.0	0.0	
Phalarope à bec large	0.0	0.0015	0.0	0.0	0.0	0.0	0.0	0.0	0.0	0.0	0.0	0.0	0.0	0.0	0.0	0.0	0.0	0.0	0.0	0.0	0.0	0.0	0.0	0.0	0.0	0.0	0.0	0.0	0.0	0.0	0.0	0.0	0.0	9.785E-4	0.0	0.0	0.0	0.0	0.0	0.0	0.0	0.0	0.0	6.716E-4	0.0	0.0	0.0017544	0.0	
Phalarope à bec étroit	0.0	0.0	0.0	0.0	0.0	0.0	0.0	0.0	0.0	0.0	0.0	0.0	0.0	0.0	0.0	0.0	0.0	0.0	0.0	0.0	0.0	0.0	0.0	0.0	0.0	0.0	0.0	0.0	0.0	0.0	0.0	0.0	0.0	0.0	0.0	0.0	0.0	0.0	0.0	0.0	0.0	0.0032129	0.0	0.0	0.0	0.0	0.0	0.0	
phalarope sp.	0.0	0.0015	0.0	0.0	0.0	0.0	0.0	0.0	0.0	0.0	0.0	0.0	0.0	0.0	0.0	0.0	0.0	0.0	0.0	0.0	0.0	0.0	0.0	0.0	0.0	0.0	0.0	0.0	0.0	0.0	0.0	0.0	0.0	0.0	0.0	0.0	0.0	0.0	0.0	0.0	0.0	0.0	0.0	0.0	0.0	0.0	0.0	0.0	
Chevalier guignette	0.1782902	0.193036	0.1964392	0.1653258	0.1495726	0.1444594	0.1539952	0.1651197	0.1586174	0.1655844	0.1534722	0.1551803	0.151773	0.1515379	0.1237693	0.0994048	0.0707237	0.0274474	0.0078387	0.0036697	0.0031898	0.0016287	0.0	0.0	0.0026212	0.0011891	0.0072993	0.0135135	0.0441335	0.0898396	0.1348195	0.1691667	0.1864595	0.1966732	0.2178503	0.2386364	0.2210526	0.1956522	0.2068085	0.210871	0.2049793	0.2128514	0.1802721	0.2008059	0.1651822	0.1852134	0.1877193	0.1509341	
Chevalier grivelé	0.0022497	0.0015	0.0017804	0.004827	0.0026709	0.0026918	0.0024213	0.0015	4.735E-4	5.411E-4	6.944E-4	0.0	0.0035461	0.0015004	0.0021097	0.0017857	0.0032895	9.149E-4	0.0011198	0.0	0.0	0.0	0.0	0.0	0.0	0.0	0.0	0.0	0.0	0.0	0.0	0.0	0.0	0.0	0.0	0.0	0.0	0.0	0.0	0.0	0.0024896	0.0032129	0.0119048	0.0040296	0.0016194	7.622E-4	0.0	0.0	
Chevalier guignette ou C. grivelé	0.0	0.0	0.0	0.0	5.342E-4	4.486E-4	0.0	0.0	0.0	0.0	0.0	0.0	0.0	0.0	0.0	0.0	0.0	0.0	0.0	0.0	0.0	0.0	0.0	0.0	0.0	0.0	0.0	0.0	0.0	0.0	0.0	0.0	0.0	0.0	0.0	0.0	0.0	0.0	0.0	0.0	0.0016598	0.0016064	8.503E-4	6.716E-4	0.0	0.0	0.0	0.0	
Chevalier culblanc	0.011811	0.0256567	0.0172107	0.0209171	0.0186966	0.0080754	0.0193705	0.0239375	0.0213068	0.021645	0.01875	0.013236	0.0191489	0.0180045	0.0028129	0.0011905	0.0024671	0.0	0.0	0.0	0.0	0.0	0.0	0.0012285	0.0013106	0.0083234	0.0048662	0.0063593	0.0053821	0.0117647	0.0233546	0.0175	0.0221976	0.0215264	0.0201536	0.0243506	0.0105263	0.020794	0.0178723	0.0130976	0.0232365	0.0208835	0.0127551	0.0214909	0.0129555	0.0160061	0.0122807	0.0142576	
Chevalier stagnatile	0.0	0.0	0.0	0.0	0.0	0.0	0.0	0.0	0.0	0.0	0.0	0.0	0.0	0.0	0.0	0.0	0.0	0.0	0.0	0.0	0.0	0.0	0.0	0.0	0.0	0.0	0.0	0.0	0.0	0.0	0.0	0.0	0.0	0.0	0.0	8.117E-4	0.0	0.0	0.0	0.0	0.0	0.0	0.0	0.0	0.0	0.0	0.0	0.0	
Chevalier sylvain	0.003937	0.0024435	0.0017804	4.023E-4	0.0021368	8.973E-4	4.843E-4	0.0014656	0.0014205	0.0021645	0.0020833	0.0045641	0.0092199	0.0150038	0.0014065	0.0017857	0.0041118	0.0018298	0.0022396	9.174E-4	0.0015	0.0	0.0	0.0	0.0013106	0.0	0.0	0.0	0.0	0.002139	0.0138004	0.0125	0.0055494	0.0176125	0.0067179	0.0089286	0.0046784	0.0066163	0.0076596	0.0058939	0.0016598	0.0024096	0.0017007	0.0013432	0.0015	0.0	0.0015	4.916E-4	
Chevalier gambette	0.0461192	0.0372633	0.0249258	0.0386163	0.036859	0.0435173	0.0387409	0.0385931	0.0326705	0.0384199	0.0347222	0.0200822	0.0177305	0.0150038	0.0154712	0.010119	0.0074013	0.0128088	0.0145577	0.0137615	0.0127592	0.009772	0.0083893	0.0061425	0.0091743	0.0047562	0.0097324	0.0151033	0.0269107	0.0438503	0.0573248	0.0516667	0.0699223	0.0450098	0.0585413	0.0608766	0.0479532	0.0567108	0.0748936	0.0628684	0.046473	0.053012	0.042517	0.0523842	0.0421053	0.0320122	0.0377193	0.026057	
Chevalier à pattes jaunes	0.0033746	0.0018326	0.0065282	0.0020113	0.0010684	0.0031404	0.0033898	0.0034196	0.0037879	0.0037879	0.0027778	0.0022821	0.0014184	0.0052513	0.0049226	0.0011905	8.224E-4	0.0	0.0	0.0	0.0	0.0	0.0	0.0	0.0	0.0	0.0	0.0	0.0	0.0	0.0	0.0033333	0.0033296	0.0029354	0.0038388	0.0032468	0.0023392	9.452E-4	0.0	0.0	0.0033195	0.0056225	0.0059524	0.0047011	0.0024291	7.622E-4	8.772E-4	9.833E-4	
Chevalier arlequin	0.0033746	6.109E-4	0.0029674	0.0044248	0.0037393	0.0013459	0.0029056	0.0029311	0.0028409	0.0027056	0.0013889	4.564E-4	0.0	0.0	0.0	0.0017857	0.0049342	0.0027447	0.0011198	0.0	0.0	0.0	0.0	0.0	0.0	0.0	0.0	0.0	0.0	0.0	0.0010616	0.0016667	0.0011099	0.0	0.0	0.0	0.0	9.452E-4	0.0	6.549E-4	0.0	0.0	0.0017007	0.0013432	0.0024291	7.622E-4	8.772E-4	0.0024582	
Chevalier aboyeur	0.1029246	0.1007941	0.0848665	0.078037	0.0918803	0.0843428	0.083293	0.0879336	0.0899621	0.0790043	0.0854167	0.0789594	0.0765957	0.0915229	0.0646976	0.0625	0.0345395	0.0182983	0.0145577	0.0165138	0.0207337	0.0114007	0.011745	0.007371	0.0104849	0.0047562	0.0085158	0.027027	0.0312164	0.059893	0.066879	0.07	0.0854606	0.0821918	0.0825336	0.1112013	0.1017544	0.0916824	0.1123404	0.1218075	0.1087137	0.0803213	0.0892857	0.1188717	0.0931174	0.097561	0.0973684	0.0801377	
Chevalier criard	0.0016873	0.0	0.0011869	0.0	0.0	0.0	0.0	0.0	0.0	0.0010823	0.0	0.0	0.0	0.0	0.0	0.0	0.0	0.0	0.0	0.0	0.0	0.0	0.0	0.0	0.0	0.0	0.0	0.0	0.0	0.0	0.0	0.0	0.0	0.0	0.0	0.0	0.0	0.0	0.0	0.0	0.0	0.0	0.0	6.716E-4	0.0	0.0	0.0114035	9.833E-4	
Tournepierre à collier	0.0961755	0.0995724	0.0967359	0.0941271	0.0892094	0.107223	0.0866828	0.0933073	0.0909091	0.0909091	0.0965278	0.0921953	0.0680851	0.0750188	0.0794655	0.0738095	0.0435855	0.0274474	0.0369541	0.0211009	0.0143541	0.0162866	0.0184564	0.012285	0.0183486	0.0118906	0.0218978	0.0222576	0.0473628	0.0802139	0.0997877	0.1308333	0.1032186	0.1007828	0.0998081	0.0925325	0.102924	0.1020794	0.0944681	0.0851343	0.0821577	0.1068273	0.1096939	0.0926797	0.0744939	0.0967988	0.0842105	0.0791544	
Bécasseau maubèche	0.0011249	0.0012217	0.0011869	0.0012068	5.342E-4	4.486E-4	0.0014528	0.0014656	4.735E-4	0.0010823	6.944E-4	4.564E-4	0.0021277	0.0	7.032E-4	0.0	0.0	9.149E-4	0.0	0.0	0.0	0.0	0.0	0.0	0.0	0.0	0.0	0.0031797	0.0043057	0.0106952	0.0106157	0.0133333	0.0166482	0.0088063	0.0038388	0.0105519	0.0105263	0.0018904	0.0051064	6.549E-4	0.0	0.0	0.0034014	0.0053727	0.0024291	0.0053354	0.0035088	0.0015	
Combattant varié	0.0073116	0.0030544	0.0053412	0.004827	0.0026709	0.0058322	0.0067797	0.0087934	0.0042614	0.0048701	0.00625	0.0082154	0.0099291	0.0105026	0.0063291	0.0041667	0.0024671	9.149E-4	0.0	0.0	0.0	0.0	0.0	0.0	0.0	0.0	0.0	0.0	0.0032293	0.0053476	0.0063694	0.0191667	0.0099889	0.0215264	0.0134357	0.025974	0.0128655	0.0094518	0.0144681	0.0098232	0.0099585	0.0064257	0.0068027	0.0161182	0.0121457	0.0099085	0.004386	0.0044248	
Bécasseau à queue pointue	0.0	0.0	0.0	0.0	0.0	0.0	0.0	0.0	0.0	0.0	0.0	0.0	0.0	0.0	0.0	0.0	0.0	0.0	0.0	0.0	0.0	0.0	0.0	0.0	0.0	0.0	0.0	0.0	0.0	0.0	0.0	8.333E-4	0.0	0.0	0.0	0.0	0.0	0.0	0.0	0.0	0.0	0.0	0.0	0.0	0.0	0.0	0.0	0.0	
Bécasseau cocorli	0.0073116	0.0036652	0.0041543	0.0044248	0.0021368	0.0035891	0.0014528	0.0043967	0.0042614	0.0037879	0.0034722	0.0031949	0.0163121	0.0157539	0.0098453	0.0059524	0.0024671	0.0	0.0	0.0027523	0.0	0.0	0.0	0.0	0.0	0.0011891	0.0	0.0023847	0.0010764	0.002139	0.0063694	0.0175	0.0321865	0.0215264	0.0364683	0.0584416	0.0643275	0.0283554	0.0289362	0.0288147	0.0215768	0.0184739	0.0102041	0.014775	0.011336	0.0045732	0.0096491	0.0103245	
Bécasseau de Temminck	5.624E-4	6.109E-4	0.0011869	4.023E-4	5.342E-4	4.486E-4	4.843E-4	4.885E-4	4.735E-4	5.411E-4	0.0013889	0.0	0.0021277	7.502E-4	0.0014065	0.0011905	8.224E-4	0.0027447	0.0	0.0	0.0	0.0	0.0	0.0	0.0	0.0	0.0	0.0	0.0	0.0	0.0	0.0	0.0	0.0	0.0	0.0	0.0023392	0.0018904	0.0015	0.0	0.0016598	8.032E-4	0.0	0.0	0.0	0.0	0.0	0.0	
Bécasseau rousset	0.0	0.0	0.0	0.0	0.0	0.0	0.0	0.0	0.0	0.0	0.0	0.0	0.0	0.0	0.0	0.0	0.0	0.0	0.0	0.0	0.0	0.0	0.0	0.0	0.0	0.0	0.0	0.0	0.0	0.0	0.0	0.0	0.0	0.0	9.597E-4	0.0056818	0.0011696	9.452E-4	0.0	0.0	0.0	0.0	0.0	0.0	0.0	0.0	0.0	0.0	
Bécasseau sanderling	0.0978628	0.0971289	0.0836795	0.0836685	0.0892094	0.0883804	0.0707022	0.0737665	0.0767045	0.0725108	0.06875	0.0657234	0.0468085	0.0607652	0.0562588	0.0458333	0.0279605	0.0164684	0.012318	0.0091743	0.0127592	0.0065147	0.0083893	0.0061425	0.0091743	0.0059453	0.0097324	0.0103339	0.0269107	0.0502674	0.0509554	0.075	0.0854606	0.1144814	0.1026871	0.1314935	0.1555556	0.13138	0.1046809	0.1021611	0.0804979	0.1036145	0.0960884	0.095366	0.0923077	0.086128	0.0947368	0.072763	
Bécasseau variable	0.0489314	0.0562004	0.0391691	0.0422365	0.0384615	0.0399282	0.0280872	0.0356619	0.0369318	0.0243506	0.0333333	0.0196257	0.0340426	0.0427607	0.0428973	0.0386905	0.0411184	0.0375114	0.0268757	0.0311927	0.0255183	0.0130293	0.011745	0.0159705	0.0222805	0.0107015	0.0085158	0.0135135	0.0322928	0.0363636	0.0498938	0.0508333	0.0887902	0.0733855	0.0652591	0.0982143	0.0982456	0.0765595	0.0689362	0.064833	0.0489627	0.0481928	0.0493197	0.0584285	0.0558704	0.0403963	0.0377193	0.0447394	
Bécasseau violet	0.0	0.0	0.0	0.0	0.0	0.0	0.0	0.0	0.0	0.0	0.0	0.0	0.0	0.0	0.0	0.0	0.0	0.0	0.0	0.0	0.0	0.0016287	0.0	0.0	0.0	0.0	0.0	0.0	0.0	0.0	0.0	0.0	0.0	0.0	0.0	0.0	0.0	0.0	0.0	0.0	0.0	0.0	0.0	0.0	0.0	0.0	0.0	0.0	
Bécasseau de Baird	0.0	0.0	0.0	0.0	0.0	0.0	0.0	0.0	0.0	0.0	0.0	0.0	0.0	0.0	0.0	0.0	0.0	0.0	0.0	0.0	0.0	0.0	0.0	0.0	0.0	0.0	0.0	0.0	0.0	0.0	0.0	0.0	0.0	0.0039139	0.0038388	0.0	0.0011696	0.0	0.0	0.0	0.0	0.0	0.0059524	0.003358	0.0024291	0.0015244	0.0	0.0	
Bécasseau minute	0.0101237	0.0109957	0.0023739	0.0036203	0.0048077	0.0049349	0.001937	0.0029311	9.47E-4	0.0021645	0.0027778	0.0018257	0.0049645	0.0030008	0.0084388	0.0041667	8.224E-4	0.0036597	0.0022396	9.174E-4	0.0	0.0	0.0	0.0	0.0	0.0	0.0	0.0	0.0	0.0042781	0.0042463	0.0083333	0.0244173	0.0166341	0.0163148	0.025974	0.0152047	0.0189036	0.0085106	0.0026195	0.0016598	0.0040161	0.005102	0.0053727	0.0016194	0.0045732	0.0026316	0.0063913	
Bécasseau de Bonaparte	0.0	0.0	0.0	0.0	0.0	0.0	0.0	0.0	0.0	0.0	0.0	0.0	0.0	0.0	0.0	0.0	0.0	0.0	0.0	0.0	0.0	0.0	0.0	0.0	0.0	0.0	0.0	0.0	0.0	0.0	0.0	0.0	0.0033296	0.0029354	0.0	0.0	0.0	0.0037807	0.0017021	6.549E-4	0.0082988	0.0016064	0.0	6.716E-4	0.0	0.0	0.0	0.0	
Bécasseau tacheté	0.0	0.0	0.0	0.0	0.0	0.0	0.0	0.0	0.0	0.0	0.0	0.0	0.0	0.0	0.0	0.0	8.224E-4	0.0	0.0	0.0	0.0	0.0	0.0	0.0	0.0	0.0	0.0	0.0	0.0	0.0	0.0	0.0108333	0.0122087	0.0136986	0.0220729	0.023539	0.0152047	0.0028355	0.0017021	0.0045842	0.0	0.0	0.0	0.0	0.0	0.0	0.0	0.0	
Bécasseau d'Alaska	0.0	0.0	0.0	0.0	0.0	0.0	0.0	0.0	0.0	0.0	0.0	0.0	0.0	0.0	0.0	0.0	0.0	0.0	0.0	0.0	0.0	0.0	0.0	0.0	0.0	0.0	0.0	0.0	0.0	0.0	0.0	0.0	0.0	0.0	9.597E-4	0.0	0.0	0.0	0.0	0.0	0.0	0.0	0.0	0.0	0.0	0.0	0.0	0.0	
Bécasseau semipalmé	0.0	0.0	0.0	0.0	0.0	0.0	0.0	0.0	0.0	0.0	0.0	0.0	0.0	0.0	0.0	0.0	0.0	0.0	0.0	0.0	0.0	0.0	0.0	0.0	0.0	0.0	0.0	0.0	0.0	0.0074866	0.0	0.0	0.0	0.0	0.0038388	0.0016234	0.0081871	0.0047259	0.0034043	0.0	0.0	0.0	0.0	0.0	0.0	0.0	0.0	0.0	
Calidris sp. (petit bécasseau sp.)	5.624E-4	0.0012217	0.0	4.023E-4	0.0010684	4.486E-4	0.0	0.0	0.0015	0.0010823	6.944E-4	0.0	7.092E-4	7.502E-4	0.0	5.952E-4	0.0	0.0	0.0	0.0	0.0	0.0	0.0	0.0	0.0	0.0	0.0	0.0	0.0	0.0015	0.0	8.333E-4	0.0011099	0.0019569	0.0015	8.117E-4	0.0	0.0018904	0.0	0.0	0.0015	0.0015	0.0017007	0.0015	8.097E-4	0.0	0.0	0.0	
Calidris sp.	0.0	0.0	0.0	0.0	0.0	0.0	0.0	0.0	0.0	0.0	0.0	0.0	0.0	0.0	0.0	0.0	0.0	0.0	0.0	0.0	0.0	0.0	0.0	0.0	0.0	0.0	0.0	0.0	0.0	0.0	0.0	0.0	0.0	0.0	0.0	0.0	0.0	0.0	0.0	0.0	0.0	0.0	0.0	0.0	0.0	0.0	0.0	4.916E-4	
scolopacidé sp.	0.0	0.0	0.0	0.0	0.0	0.0	0.0	0.0	0.0	0.0	0.0	0.0	0.0	0.0	0.0	0.0	0.0	0.0	0.0	0.0	0.0	0.0	0.0	0.0	0.0	0.0	0.0	0.0	0.0	0.0	0.0	0.0	0.0	0.0	0.0	0.0	0.0	0.0	0.0	0.0	0.0	0.0	0.0	6.716E-4	0.0	0.0	0.0	0.0	
Courvite isabelle	0.0129359	0.0152718	0.0136499	0.0148833	0.019765	0.0273665	0.0213075	0.0278456	0.0208333	0.0265152	0.0166667	0.0173437	0.0212766	0.0180045	0.0161744	0.0119048	0.0139803	0.0118939	0.0100784	0.0155963	0.0127592	0.0228013	0.0201342	0.009828	0.0183486	0.0166468	0.0085158	0.018283	0.01507	0.0224599	0.0106157	0.0108333	0.0155383	0.0136986	0.0095969	0.0056818	0.0093567	0.010397	0.012766	0.0104781	0.0141079	0.0160643	0.0127551	0.0107455	0.0137652	0.0167683	0.0219298	0.0162242	
Glaréole à collier	0.0	0.0	0.0	0.0	0.0	0.0	0.0	0.0	0.0	0.0	0.0	0.0013692	0.0049645	0.0097524	0.0021097	5.952E-4	0.0016447	0.0	0.0033595	9.174E-4	0.0	0.0015	0.0	0.0	0.0013106	0.0	0.0036496	0.0	0.0	0.0	0.0	0.0	0.0	0.0	0.0	0.0	0.0	0.0	0.0	0.0	0.0	0.0	0.0	0.0	0.0	0.0	0.0	0.0	
limicole sp.	0.0	0.0	0.0011869	0.0	0.0010684	8.973E-4	0.0	0.0	9.47E-4	5.411E-4	0.0	0.0	0.0	0.0	7.032E-4	0.0	0.0	0.0	0.0	0.0015	0.0	0.0016287	0.0	0.0	0.0	0.0023781	0.0	0.0	0.0	0.0	0.0	0.0	0.0015	0.0	9.597E-4	0.0032468	0.0	0.0	8.511E-4	0.0013098	0.0	0.0	0.0	0.0	0.0	7.622E-4	0.0	0.0	
Labbe à longue queue	0.0	0.0	0.0	0.0	0.0	0.0	0.0	0.0	0.0	0.0	0.0	4.564E-4	0.0	0.0	0.0	0.0	0.0	0.0	0.0	0.0	0.0	0.0016287	0.0	0.0	0.0	0.0	0.0	0.0	0.0010764	0.002139	0.0063694	8.333E-4	0.0033296	0.0078278	9.597E-4	0.0016234	0.0	0.0	0.0	0.0	8.299E-4	0.0	0.0	0.0	0.0	0.0	0.0	0.0	
Labbe parasite	0.0	0.0	0.0	0.0	0.0	4.486E-4	0.0	0.0	0.0	0.0010823	6.944E-4	4.564E-4	7.092E-4	0.0015004	0.0014065	0.0011905	8.224E-4	0.0	0.0011198	0.0	0.0	0.0	0.0	0.0	0.0	0.0	0.0015	0.0	0.0021529	0.002139	0.0042463	0.0025	0.0055494	0.0088063	0.0019194	0.0040584	0.0011696	0.0018904	8.511E-4	0.0013098	0.0	0.0	8.503E-4	0.0013432	8.097E-4	0.0	0.0	0.0	
Labbe pomarin	0.0	0.0	0.0	0.0	0.0	0.0	0.0	0.0	0.0	5.411E-4	0.0013889	0.0	0.0	7.502E-4	0.0014065	0.0011905	0.0024671	0.0	0.0	0.0	0.0	0.0	0.0	0.0	0.0	0.0011891	0.0	0.0	0.0053821	0.0042781	0.0084926	0.0025	0.0055494	0.0136986	0.0028791	0.0048701	0.0023392	0.0028355	0.0042553	0.0026195	0.0	8.032E-4	8.503E-4	6.716E-4	0.0	0.0	8.772E-4	0.0	
Grand Labbe	5.624E-4	0.0015	5.935E-4	0.0	0.0	8.973E-4	0.0	9.77E-4	0.0015	0.0010823	0.0027778	4.564E-4	0.0014184	0.0022506	0.0014065	5.952E-4	0.0016447	0.0	0.0	0.0	0.0	0.0	0.0	0.0	0.0	0.0	0.0	0.0	0.0021529	0.0	0.0010616	0.0	0.0011099	0.0	9.597E-4	8.117E-4	0.0011696	0.0018904	0.0025532	0.0032744	8.299E-4	0.0	0.0017007	6.716E-4	0.0	0.0	0.0026316	4.916E-4	
Labbe de McCormick	0.0	0.0	0.0	0.0	0.0	0.0	0.0	0.0	0.0	0.0	0.0	0.0	0.0	0.0	0.0	0.0	0.0	0.0	0.0	0.0	0.0	0.0	0.0	0.0	0.0	0.0	0.0	0.0	0.0	0.0	0.0	0.0	0.0	0.0	0.0	8.117E-4	0.0	0.0	0.0	0.0	0.0	0.0	0.0	0.0	0.0	0.0	0.0	0.0	
Labbe pomarin, L. parasite ou L. à longue queue	0.0	0.0	0.0	0.0	0.0	0.0	0.0	0.0	0.0	0.0	0.0020833	0.0	0.0	0.0	7.032E-4	0.0	0.0016447	0.0	0.0	0.0	0.0	0.0	0.0	0.0	0.0	0.0	0.0	0.0	0.0021529	0.0010695	0.0042463	0.0016667	0.0022198	0.0068493	0.0038388	0.0024351	0.0011696	9.452E-4	0.0	6.549E-4	0.0	0.0	8.503E-4	0.0	0.0	0.0	0.0	0.0	
labbe sp. (groupe Catharacta)	0.0	0.0	0.0	0.0	0.0	0.0	0.0	0.0	0.0	0.0	0.0	0.0	0.0	0.0	0.0	0.0	0.0	0.0	0.0	0.0	0.0	0.0	0.0	0.0	0.0	0.0	0.0	0.0	0.0	0.0	0.0	0.0	0.0	9.785E-4	0.0	0.0	0.0	0.0	0.0	0.0	0.0	0.0	0.0	6.716E-4	0.0	0.0	0.0	0.0	
labbe sp.	0.0	0.0	0.0	0.0	0.0	0.0	0.0	0.0	0.0	0.0	0.0	0.0	7.092E-4	0.0	0.0	0.0	0.0	0.0	0.0	0.0	0.0	0.0	0.0	0.0	0.0	0.0	0.0	0.0	0.0	0.0	0.0	0.0	0.0	0.0	0.0	0.0	0.0	0.0	0.0	0.0	0.0	0.0	0.0	0.0	0.0	0.0	0.0	0.0	
Macareux moine	5.624E-4	6.109E-4	0.0023739	0.0	0.0	4.486E-4	0.0	0.0	0.0	0.0	0.0	0.0	0.0	0.0	0.0	0.0	0.0	0.0	0.0	0.0	0.0	0.0	0.0	0.0	0.0	0.0	0.0	0.0	0.0	0.0	0.0	0.0	0.0	0.0	0.0	0.0	0.0	0.0	0.0	0.0	0.0	0.0	0.0	0.0	0.0	0.0	8.772E-4	0.0019666	
Mouette pygmée	0.0	0.0	0.0	0.0	0.0	0.0	0.0	0.0	0.0	0.0	0.0	0.0	0.0	0.0	0.0	0.0	0.0	0.0	0.0	0.0	0.0	0.0	0.0	0.0	0.0	0.0	0.0	0.0	0.0	0.0	0.0	0.0	0.0011099	0.0039139	0.0028791	0.0	0.0	0.0	0.0	0.0	0.0	0.0	0.0	0.0	0.0	0.0	0.0	0.0	
Mouette tridactyle	5.624E-4	0.0018326	5.935E-4	0.0012068	0.0010684	0.0013459	0.0	4.885E-4	4.735E-4	0.0015	0.0013889	0.0	0.0015	0.0	0.0	0.0	0.0	0.0	0.0	0.0	0.0	0.0	0.0	0.0	0.0	0.0	0.0	0.0	0.0	0.0	0.0	0.0	0.0	0.0	0.0	0.0	0.0	0.0	0.0	0.0	0.0	0.0	8.503E-4	0.0026864	0.0024291	7.622E-4	0.0035088	4.916E-4	
Mouette de Sabine	0.0	0.0	0.0	0.0	0.0	0.0	0.0	0.0	0.0	0.0	0.0	0.0	0.0	0.0	0.0	0.0	0.0	0.0	0.0	0.0	0.0015949	0.0	0.0	0.0	0.0	0.0	0.0	0.0	0.0	0.0	0.0	0.0	0.0	0.0019569	0.0015	0.0	0.0	0.0	0.0	0.0	0.0	0.0	0.0	0.0013432	0.0	0.0	0.0	0.0	
Goéland railleur	0.0	0.0	0.0	0.0	0.0	0.0	0.0	0.0	0.0	0.0	0.0015	4.564E-4	0.0	0.0	0.0	5.952E-4	0.0	0.0	0.0	0.0	0.0	0.0	0.0	0.0	0.0	0.0	0.0	0.0	0.0	0.0	0.0021231	0.0133333	0.0	0.0	9.597E-4	0.0	0.0	0.0	0.0	0.0	0.0	0.0	0.0	0.0	0.0	0.0	0.0	0.0	
Mouette rieuse	0.0444319	0.033598	0.0302671	0.0181014	0.0181624	0.0233288	0.0251816	0.0234489	0.0189394	0.0108225	0.0097222	0.007759	0.0042553	0.0060015	0.0035162	0.0017857	8.224E-4	9.149E-4	0.0033595	0.0	0.0	0.0	0.0033557	0.0	0.0	0.0011891	0.0012165	0.0039746	0.0032293	0.0064171	0.007431	0.0125	0.0166482	0.0176125	0.0143954	0.0162338	0.0116959	0.0094518	0.0085106	0.0117878	0.0107884	0.0192771	0.0229592	0.0275353	0.0275304	0.0228659	0.0289474	0.0245821	
Mouette atricille	0.0028121	6.109E-4	0.0	0.0024135	0.0	0.0	0.0	4.885E-4	0.0	0.0	0.0	0.0	0.0	0.0	0.0	0.0	0.0	0.0	0.0	0.0	0.0	0.0	0.0	0.0	0.0	0.0	0.0	0.0	0.0	0.0	0.0	0.0	0.0	0.0	0.0	0.0	0.0	0.0	8.511E-4	0.0032744	0.0024896	8.032E-4	0.0	0.0013432	0.0016194	0.0	8.772E-4	0.0014749	
Goéland d'Audouin	0.0106862	0.0134392	0.0059347	0.004827	0.0117521	0.0044863	0.0048426	0.0053737	0.0018939	0.0037879	0.0034722	0.0027385	0.0021277	0.0060015	0.0042194	0.0041667	0.0041118	0.0018298	0.0033595	0.0027523	0.0063796	0.004886	0.011745	0.0036855	0.0065531	0.0035672	0.0036496	0.0063593	0.0161464	0.0438503	0.044586	0.0366667	0.0355161	0.0430528	0.0134357	0.0292208	0.0163743	0.020794	0.0144681	0.0137525	0.0124481	0.0096386	0.0085034	0.0154466	0.0129555	0.0053354	0.0078947	0.0058997	
Mouette mélanocéphale	0.007874	0.0091631	0.0083086	0.0108608	0.0053419	0.0044863	0.0033898	0.0034196	0.0018939	0.0010823	0.0020833	0.0	0.0	0.0	7.032E-4	0.0	0.0	0.0	0.0	9.174E-4	0.0015949	0.0	0.0	0.0	0.0	0.0	0.0	0.0	0.0	0.0074866	0.0063694	0.0058333	0.0011099	0.0	9.597E-4	0.0032468	0.0046784	0.0028355	0.0034043	0.0072037	0.0107884	0.0032129	0.0093537	0.0094023	0.0121457	0.0091463	0.0078947	0.006883	
Goéland cendré	0.0	0.0024435	5.935E-4	0.0012068	5.342E-4	8.973E-4	4.843E-4	4.885E-4	0.0	0.0	6.944E-4	4.564E-4	0.0	0.0	0.0	0.0	0.0	0.0	0.0	0.0	0.0	0.0	0.0	0.0	0.0	0.0	0.0	0.0	0.0	0.0	0.0015	0.0	0.0	0.0	0.0	0.0	0.0	0.0	0.0	0.0	0.0016598	8.032E-4	8.503E-4	0.0020148	0.0015	0.0	0.0	0.0	
Goéland à bec cerclé	5.624E-4	0.0015	0.0041543	0.001609	0.0015	0.0026918	9.685E-4	0.0039082	0.0018939	5.411E-4	0.0015	4.564E-4	0.0	0.0015	0.0015	5.952E-4	8.224E-4	0.0	0.0	0.0	0.0	0.0	0.0	0.0	0.0	0.0	0.0	0.0	0.0	0.0	0.0	0.0	0.0	0.0	0.0	0.0	0.0	0.0	0.0	0.0	0.0	0.0	0.0	0.0	0.0	7.622E-4	0.0	0.0	
Goéland dominicain	0.0	0.0	0.0	0.0	0.0	0.0	0.0	0.0	0.0	0.0	6.944E-4	0.0	0.0	0.0	0.0	0.0	0.0	0.0	0.0	0.0	0.0	0.0	0.0	0.0	0.0	0.0	0.0	0.0	0.0	0.0	0.0	0.0	0.0	0.0	0.0	0.0	0.0	0.0	0.0	0.0	0.0	8.032E-4	0.0	0.0020148	0.0	0.0	0.0	0.0	
Goéland d'Amérique	0.0	0.0	0.0	0.0	0.0	0.0	0.0	9.77E-4	0.0	0.0	0.0	4.564E-4	0.0	0.0	0.0	0.0	0.0	0.0	0.0	0.0	0.0	0.0	0.0	0.0	0.0	0.0	0.0	0.0	0.0	0.0	0.0	0.0	0.0	0.0	0.0	0.0	0.0	0.0	0.0	0.0	0.0	0.0	0.0	0.0	0.0	0.0	0.0	0.0	
Goéland argenté	0.0	0.0	0.0	4.023E-4	0.0	4.486E-4	0.0	0.0	4.735E-4	5.411E-4	6.944E-4	0.0	0.0	0.0	0.0	0.0	0.0	0.0	0.0	0.0	0.0	0.0	0.0	0.0	0.0	0.0	0.0	0.0	0.0	0.0	0.0	0.0	0.0	0.0	0.0	0.0	0.0	0.0	0.0	0.0	0.0	0.0	0.0	0.0	0.0	7.622E-4	0.0	0.0	
Goéland leucophée	0.3880765	0.400733	0.3833828	0.4086887	0.4038462	0.414087	0.4188862	0.4396678	0.4308712	0.4632035	0.4555556	0.4262894	0.4255319	0.4111028	0.4008439	0.4166667	0.4095395	0.3632205	0.3896976	0.4211009	0.4417863	0.4185668	0.385906	0.3931204	0.4534731	0.412604	0.3759124	0.3712242	0.3745963	0.4160428	0.4458599	0.4183333	0.4006659	0.3816047	0.4097889	0.4090909	0.3684211	0.4111531	0.4204255	0.4151932	0.3917012	0.3991968	0.3911565	0.4237743	0.4040486	0.3910061	0.4192982	0.366765	
Goéland marin	0.0	0.0	0.0011869	8.045E-4	5.342E-4	0.0	0.0	4.885E-4	0.0	0.0	0.0	0.0	0.0	0.0	0.0	0.0	0.0	0.0	0.0	0.0	0.0	0.0	0.0	0.0	0.0	0.0	0.0	0.0	0.0	0.0	0.0	0.0	0.0	0.0	0.0	0.0	0.0	0.0	0.0	0.0	0.0	0.0	8.503E-4	0.0020148	0.0015	7.622E-4	0.0	4.916E-4	
Hybride Goéland marin x G. bourgmestre	0.0	0.0	5.935E-4	0.0	0.0	0.0	0.0	4.885E-4	0.0	0.0	0.0	4.564E-4	0.0	0.0	0.0	0.0	0.0	0.0	0.0	0.0	0.0	0.0	0.0	0.0	0.0	0.0	0.0	0.0	0.0	0.0	0.0	0.0	0.0	0.0	0.0	0.0	0.0	0.0	0.0	0.0	0.0	0.0	0.0	0.0	0.0	0.0	0.0	4.916E-4	
Goéland brun	0.0427447	0.0525351	0.0540059	0.0462591	0.0411325	0.0524899	0.0571429	0.0615535	0.0482955	0.0443723	0.0402778	0.0324053	0.0304965	0.0255064	0.0126582	0.0119048	0.0115132	0.0082342	0.0089586	0.0073394	0.0063796	0.0309446	0.0251678	0.0159705	0.0275229	0.0166468	0.013382	0.0111288	0.0182992	0.0224599	0.0244161	0.0258333	0.0255272	0.0322896	0.024952	0.0357143	0.0304094	0.0283554	0.0280851	0.02685	0.0406639	0.0473896	0.0535714	0.0483546	0.0421053	0.0480183	0.0587719	0.0530973	
Goéland leucophée ou G. brun	0.0016873	0.004887	0.0011869	0.0044248	0.0021368	0.0031404	0.001937	0.0024426	0.0014205	5.411E-4	0.0013889	0.0027385	0.0021277	0.0022506	7.032E-4	0.0017857	0.0032895	0.0036597	0.0078387	0.0091743	0.0047847	0.009772	0.0050336	0.0061425	0.0078637	0.0035672	0.0036496	0.0039746	0.0043057	0.0053476	0.0031847	0.0041667	0.0044395	0.0019569	0.0028791	0.0048701	0.0046784	0.0037807	0.0042553	0.0019646	0.0033195	8.032E-4	0.0017007	0.003358	8.097E-4	0.0015244	0.0026316	0.0034415	
Goéland à ailes blanches	0.0	0.0	0.0	0.0	0.0	0.0	0.0	9.77E-4	4.735E-4	0.0	0.0	0.0	0.0	0.0	0.0	0.0	0.0	0.0	0.0	0.0	0.0	0.0	0.0	0.0	0.0	0.0	0.0	0.0	0.0	0.0	0.0	0.0	0.0	0.0	0.0	0.0	0.0	0.0	0.0	0.0	0.0	0.0	0.0	0.0	0.0	0.0015	0.0	0.0	
goéland sp. (Larus sp.)	0.0050619	0.0012217	0.0035608	0.0024135	0.0037393	0.0017945	9.685E-4	0.0014656	4.735E-4	0.0037879	0.0020833	0.0013692	7.092E-4	0.0015004	0.0049226	0.002381	0.0	0.0045746	0.0044793	9.174E-4	0.0015	0.0016287	0.0016779	0.0036855	0.0	0.0	0.0036496	0.0063593	0.0043057	0.0010695	0.0042463	0.0041667	0.0044395	0.0	0.0019194	0.0032468	0.0011696	0.0028355	0.0042553	6.549E-4	0.0016598	0.0104418	0.005102	0.0015	0.0016194	0.0022866	0.0017544	0.0142576	
goéland ou mouette sp.	0.0028121	0.0018326	0.0041543	0.0036203	0.0016026	8.973E-4	0.001937	9.77E-4	9.47E-4	0.0016234	0.0034722	0.0013692	0.0015	0.0037509	0.0014065	5.952E-4	8.224E-4	0.0015	0.0022396	0.0015	0.0015	0.0015	0.0015	0.0012285	0.0015	0.0083234	0.0036496	0.0	0.0021529	0.0010695	0.0010616	8.333E-4	0.0022198	0.0015	0.0028791	8.117E-4	0.0023392	0.0028355	0.0	0.0019646	0.0015	0.0016064	0.0034014	0.0026864	0.0097166	7.622E-4	0.004386	0.0049164	
Sterne naine	0.0	0.0	0.0	0.0	0.0	0.0	0.0	0.0	0.0	0.0	0.0	0.0	0.0	0.0	0.0	0.0	0.0	0.0	0.0	0.0	0.0	0.0	0.0	0.0012285	0.0	0.0011891	0.0	0.0	0.0	0.0	0.0	8.333E-4	0.0	0.0	9.597E-4	0.0	0.0	0.0	0.0	0.0	0.0	0.0	0.0	0.0	0.0	0.0	0.0	0.0	
Sterne hansel	0.0	0.0	0.0	0.0	0.0	0.0	0.0	4.885E-4	0.0	0.0	0.0	0.0022821	7.092E-4	0.0015004	7.032E-4	0.0047619	0.0024671	0.0	0.0	0.0	0.0	0.0016287	0.0234899	0.0061425	0.0	0.0	0.0	7.949E-4	0.0	0.0	0.0	0.0016667	0.0	9.785E-4	9.597E-4	8.117E-4	0.0	0.0	0.0	0.0	0.0	0.0	0.0	0.0	0.0	0.0	0.0	0.0	
Sterne caspienne	0.0	0.0	0.0	0.0	0.0	0.0	0.0	0.0	4.735E-4	0.0	0.0	4.564E-4	0.0	0.0	0.0	0.0	0.0	0.0	0.0015	0.0	0.0	0.0	0.0	0.0	0.0	0.0	0.0	0.0	0.0	0.0	0.0	0.0	0.0	0.0	0.0	0.0015	0.0	0.0	8.511E-4	0.0	0.0	0.0	0.0	0.0	0.0	0.0	0.0	0.0	
Guifette moustac	0.0	0.0	0.0	0.0	0.0	0.0	0.0	0.0	0.0	0.0	0.0	0.0	0.0	0.0	0.0	0.0	0.0	9.149E-4	0.0	0.0	0.0	0.0	0.0	0.0	0.0	0.0	0.0	0.0	0.0	0.002139	0.0	0.0	0.0	0.0	9.597E-4	0.0040584	0.0116959	0.0132325	0.0119149	0.0111329	0.0	0.0	0.0	0.0	0.0	0.0	0.0	0.0	
Guifette noire	0.0	0.0	0.0	0.0	0.0	0.0	0.0	0.0	0.0	0.0	0.0	0.0	0.0	0.0	0.0	5.952E-4	0.0	0.0	0.0	0.0	0.0	0.0	0.0	0.0	0.0	0.0	0.0	0.0	0.0	0.0	0.0	0.0	0.0022198	0.0029354	0.0	0.0	0.0	0.0	0.0	0.0	0.0	0.0	0.0	0.0	0.0	0.0	0.0	0.0	
Guifette leucoptère	0.0	0.0	0.0	0.0	0.0	0.0	0.0	0.0	0.0	0.0	0.0	0.0	0.0	0.0	0.0	0.0	0.0	0.0	0.0	0.0	0.0	0.0	0.0	0.0	0.0	0.0	0.0	0.0	0.0	0.0	0.0	0.0	0.0	0.0019569	0.0	0.0	0.0	0.0	0.0	0.0	0.0	0.0	0.0	0.0	0.0	0.0	0.0	0.0	
guifette sp.	0.0	0.0	0.0	0.0	0.0	0.0	0.0	0.0	0.0	0.0	0.0	0.0	0.0	0.0	0.0	0.0	0.0	0.0	0.0	0.0	0.0	0.0	0.0	0.0	0.0	0.0	0.0	0.0	0.0	0.0	0.0	0.0	0.0	0.0	0.0	0.0	0.0015	0.0	0.0	0.0	0.0	0.0	0.0	0.0	0.0	0.0	0.0	0.0	
Sterne arctique	0.0	0.0	0.0	0.0	0.0	0.0	0.0	0.0	0.0	0.0	0.0	0.0	7.092E-4	0.0	0.0021097	0.0	8.224E-4	0.0	0.0	0.0	0.0	0.0	0.0	0.0	0.0	0.0	0.0	0.0	0.0	0.0	0.0010616	0.0	0.0022198	0.0107632	0.0	0.0	0.0	0.0	8.511E-4	0.0	0.0	8.032E-4	0.0	0.0	0.0	0.0	0.0	0.0	
Sterne pierregarin	0.0	0.0	0.0015	0.0	0.0	0.0	0.0038741	0.0039082	0.0061553	0.0135281	0.0145833	0.0114103	0.0156028	0.0127532	0.0168776	0.0214286	0.0164474	0.021043	0.0268757	0.0357798	0.0334928	0.0211726	0.0268456	0.019656	0.0235911	0.0237812	0.0218978	0.0143084	0.0129171	0.0064171	0.0031847	0.01	0.0077691	0.0127202	9.597E-4	0.0024351	0.0023392	0.0015	0.0017021	0.0013098	0.0	0.0	0.0	0.0	0.0	0.0	8.772E-4	0.0	
Sterne pierregarin ou S. arctique	0.0	0.0	0.0	0.0	0.0	0.0	0.0	0.0	4.735E-4	5.411E-4	6.944E-4	4.564E-4	0.0014184	0.0	0.0021097	5.952E-4	0.0	0.0	0.0	0.0015	0.0	0.0	0.0	0.0012285	0.0	0.0	0.0	0.0	0.0021529	0.0	0.0053079	0.0	0.0044395	0.0048924	9.597E-4	0.0016234	0.0011696	9.452E-4	0.0	0.0	0.0	0.0	0.0	0.0	0.0	0.0	0.0	0.0	
Sterne de Dougall	0.0	0.0	0.0	0.0	0.0	0.0	0.0	0.0015	4.735E-4	0.0	0.0	0.0	0.0	0.0	0.0	0.0	0.0	0.0	0.0	0.0	0.0	0.0	0.0	0.0	0.0	0.0	0.0	0.0	0.0	0.0	0.0	0.0	0.0	0.0	0.0	0.0	0.0	0.0	0.0	0.0	0.0	0.0	0.0	0.0	0.0	0.0	0.0	0.0	
Sterna sp.	0.0	0.0	0.0	0.0	0.0	0.0	0.0	0.0	0.0	0.0	0.0020833	0.0	0.0	0.0	0.0	0.0	0.0	0.0	0.0	0.0	0.0	0.0	0.0	0.0	0.0	0.0	0.0	0.0	0.0	0.0	0.0	0.0	0.0011099	0.0	0.0	0.0	0.0	9.452E-4	0.0	0.0	0.0	0.0	0.0	0.0	0.0	0.0	0.0	0.0	
Sterne caugek	0.0714286	0.0653635	0.0545994	0.0547064	0.0555556	0.0520413	0.0498789	0.0571568	0.0501894	0.0687229	0.0506944	0.036513	0.0184397	0.024006	0.0105485	0.0059524	0.0057566	9.149E-4	0.0	0.0027523	0.0015949	0.0	0.0050336	0.0012285	0.0013106	0.0011891	0.0012165	0.0031797	0.0010764	0.0032086	0.0042463	0.0041667	0.008879	0.0107632	0.0230326	0.0300325	0.0245614	0.0406427	0.0374468	0.0464964	0.0473029	0.0706827	0.0756803	0.047683	0.0461538	0.054878	0.0578947	0.046706	
Sterne voyageuse	0.0	0.0	0.0	0.0	0.0	0.0015	0.0	4.885E-4	0.0	0.0	0.0015	0.0	0.0	0.0	0.0	0.0	0.0	0.0	0.0	0.0	0.0	0.0	0.0	0.0	0.0	0.0	0.0	0.0	0.0	0.0	0.0	0.0	0.0	0.0	0.0	0.0	0.0	0.0	0.0	0.0	0.0	0.0	0.0	0.0	0.0	0.0	0.0	0.0	
Sterne d'Afrique	0.0	0.0	0.0	0.0	0.0	0.0	0.0	0.0	0.0	0.0	0.0	0.0	0.0	0.0	0.0	0.0	0.0	0.0	0.0	0.0	0.0	0.0	0.0	0.0	0.0	0.0	0.0	0.0	0.0010764	0.0	0.0	0.0	0.0	0.0	0.0	0.0	0.0	0.0	0.0	0.0	0.0	0.0	0.0	0.0	0.0	0.0	0.0	0.0	
sterne sp.	5.624E-4	0.0	0.0	0.0	0.0	0.0	4.843E-4	0.0	0.0	5.411E-4	0.0	4.564E-4	7.092E-4	0.0015	0.0021097	0.0011905	8.224E-4	9.149E-4	0.0	0.0	0.0	0.0	0.0050336	0.0	0.0	0.0015	0.0012165	0.0015	0.0	0.0	0.0	8.333E-4	0.0011099	9.785E-4	0.0019194	0.0016234	0.0	0.0	0.0	6.549E-4	8.299E-4	0.0	0.0	0.0	0.0	0.0	0.0	4.916E-4	
Flamant rose	0.0028121	0.0024435	0.0017804	0.0024135	0.0026709	0.0017945	0.0014528	0.0024426	0.0028409	0.0010823	0.0	4.564E-4	0.0	0.0	0.0	5.952E-4	0.0	0.0	0.0	0.0	0.0031898	0.0016287	0.0	0.0012285	0.0026212	0.0	0.0	0.0047695	0.0	0.0032086	0.0010616	0.0058333	0.0033296	9.785E-4	0.0076775	0.0048701	0.0011696	9.452E-4	0.0051064	0.005239	0.0041494	8.032E-4	0.002551	0.003358	0.0016194	0.0060976	0.0017544	0.0014749	
Flamant nain	0.0	0.0	0.0	0.0	0.0	0.0	0.0	0.0	0.0	0.0	0.0	0.0	0.0	0.0	0.0	0.0	0.0	0.0	0.0	0.0	0.0	0.0	0.0	0.0	0.0	0.0	0.0	0.0	0.0	0.0	0.0	0.0	0.0	0.0	0.0	0.0	0.0	0.0	0.0	0.0015	0.0	0.0	0.0	0.0	0.0	0.0	0.0	0.0	
flamant sp.	0.0	0.0	0.0	0.0	0.0	0.0	0.0	0.0	0.0	0.0	0.0	0.0	0.0	0.0	0.0	0.0	0.0	0.0	0.0	0.0	0.0	0.0	0.0	0.0	0.0	0.0	0.0	0.0	0.0	0.0	0.0	0.0	0.0	0.0	0.0	0.0	0.0	0.0	0.0	0.0	0.0	0.0	0.0	0.0	0.0	0.0015	0.0	0.0	
Grèbe castagneux	0.0	0.0	0.0	0.0	0.0	0.0	0.0	0.0	0.0	0.0	0.0	0.0	0.0	0.0052513	0.0015	5.952E-4	0.0	0.0	0.0	0.0	0.0	0.0	0.0	0.0	0.0	0.0	0.0	0.0	0.0	0.0	0.0	0.0	0.0	0.0	0.0	0.0	0.0	0.0	0.0	0.0	0.0	0.0	0.0	0.0	0.0	0.0	0.0	0.0	
Grèbe à cou noir	0.0101237	0.0103849	0.0053412	0.0116653	0.0037393	0.0116644	0.0062954	0.0068393	0.0033144	0.0075758	0.0048611	9.128E-4	0.0	0.0	0.0015	0.0	0.0	0.0	0.0	0.0	0.0	0.0	0.0016779	0.0012285	0.0026212	0.0011891	0.0	0.0031797	0.0010764	0.0106952	0.0042463	0.0133333	0.0033296	0.0088063	0.0172745	0.0121753	0.005848	0.010397	0.0085106	0.0157171	0.0099585	0.0136546	0.0119048	0.0127602	0.0105263	0.0114329	0.0149123	0.0098328	
Phaéton à bec rouge	0.0033746	0.0012217	5.935E-4	0.0040225	0.0042735	0.0022432	0.0029056	0.0024426	0.0042614	0.0102814	0.0097222	0.0100411	0.0156028	0.012003	0.0070323	0.0065476	0.0090461	0.0091491	0.0111982	0.0110092	0.0047847	0.0032573	0.0050336	0.0015	0.0026212	0.0047562	0.0024331	0.0015898	0.0015	0.0010695	0.0010616	8.333E-4	0.0011099	9.785E-4	0.0	8.117E-4	0.0	0.0	0.0	0.0015	0.0	0.0015	0.0	0.0	0.0	0.0	0.0	4.916E-4	
Plongeon imbrin	0.0	0.0	0.0015	4.023E-4	0.0	0.0	0.0	0.0	0.0	0.0	0.0	0.0	0.0	0.0	0.0	0.0	0.0	0.0	0.0	0.0	0.0	0.0	0.0	0.0	0.0	0.0	0.0	0.0	0.0	0.0	0.0	0.0	0.0	0.0	0.0	0.0	0.0	0.0	0.0	0.0	0.0	0.0	0.0	0.0	0.0	0.0	0.0015	0.0	
Océanite de Wilson	0.0	0.0	0.0	0.0	0.0	0.0	0.0	0.0	0.0	0.0	0.0	0.0	0.0	0.0	0.0	0.0	0.0	0.0	0.0	9.174E-4	0.0	0.0	0.0	0.0	0.0	0.0	0.0	0.0	0.0	0.0015	0.0	0.0	0.0044395	0.0146771	0.0015	0.0	0.0	0.0	0.0	0.0	0.0	0.0	0.0	0.0	0.0	0.0	0.0	0.0	
Océanite frégate	0.0	6.109E-4	0.0	0.0	0.0	0.0	0.0	0.0024426	0.0	0.0	0.0	4.564E-4	0.0	7.502E-4	0.0021097	5.952E-4	8.224E-4	0.0036597	0.0	0.0018349	0.0063796	0.0016287	0.0016779	0.0	0.0013106	0.0	0.0	0.0023847	0.0021529	0.0	0.0	8.333E-4	0.0022198	0.0127202	0.0015	0.0	0.0	0.0	0.0015	0.0	8.299E-4	0.0	8.503E-4	0.0	0.0	0.0	0.0	0.0	
Océanite tempête	0.0	0.0	0.0	0.0	0.0	0.0	0.0	0.0	0.0	0.0	0.0015	0.0	0.0	0.0	0.0	0.0	0.0	0.0	0.0022396	9.174E-4	0.0031898	0.004886	0.0050336	0.0036855	0.0091743	0.0035672	0.0072993	0.0047695	0.0053821	0.002139	0.0063694	0.0033333	0.0033296	0.0029354	0.0028791	8.117E-4	0.0011696	9.452E-4	8.511E-4	0.0	0.0	0.0015	8.503E-4	0.0	8.097E-4	0.0	0.0	0.0	
Océanite culblanc	0.0	0.0	0.0	0.0	0.0	0.0	0.0	0.0	0.0	0.0	0.0	4.564E-4	7.092E-4	0.0	0.0	0.0	0.0	0.0036597	0.0	0.0	0.0	0.0	0.0	0.0	0.0	0.0	0.0	0.0	0.0	0.0	0.0	0.0	0.0	9.785E-4	0.0015	0.0	0.0	0.0	0.0015	0.0032744	0.0016598	0.0015	0.0	6.716E-4	8.097E-4	0.0	8.772E-4	0.0	
Océanite de Castro	0.0015	0.0	5.935E-4	4.023E-4	0.0	0.0	0.0	4.885E-4	0.0	0.0	0.0	0.0	0.0021277	0.0	7.032E-4	0.0	0.0	9.149E-4	0.0	0.0	0.0031898	0.0	0.0033557	0.0	0.0	0.0	0.0048662	0.0031797	0.0010764	0.0015	0.0021231	8.333E-4	0.0066593	0.0244618	0.0015	0.0015	0.0011696	9.452E-4	0.0017021	6.549E-4	0.0016598	8.032E-4	0.0034014	0.0013432	0.0015	7.622E-4	0.0017544	0.0014749	
Hydrobates sp.	0.0	0.0	0.0	0.0	0.0	0.0	0.0	0.0	0.0	0.0	0.0	0.0	0.0	0.0	0.0	0.0	0.0	0.0	0.0	0.0	0.0	0.0	0.0015	0.0	0.0	0.0	0.0	0.0	0.0010764	0.0	0.0021231	0.0016667	0.0	0.0	0.0	0.0	0.0	0.0	0.0	0.0	0.0	0.0	0.0	0.0013432	0.0	7.622E-4	0.0	0.0	
océanite sp. (croupion pâle)	0.0	0.0	0.0011869	0.0	0.0	0.0	0.0	0.0	0.0	0.0	0.0	0.0	0.0028369	0.0	7.032E-4	0.0	0.0	0.0	0.0	0.0	0.0	0.0	0.0	0.0	0.0	0.0	0.0	0.0	0.0010764	0.0	0.0	0.0	0.0	9.785E-4	0.0	0.0	0.0	0.0	0.0	0.0	0.0	0.0	0.0	0.0	0.0	0.0	0.0	0.0	
océanite sp.	0.0	0.0	0.0	0.0	0.0	0.0	0.0	0.0	0.0	0.0	0.0	0.0	0.0	0.0	0.0	0.0	0.0	9.149E-4	0.0	0.0	0.0	0.0	0.0	0.0	0.0	0.0	0.0	0.0	0.0	0.0	0.0	0.0	0.0	0.0	0.0	0.0	0.0	0.0	0.0	0.0	8.299E-4	0.0	8.503E-4	0.0	0.0	0.0	8.772E-4	0.0	
Pétrel gongon ou des Desertas	0.0	0.0	0.0	0.0	0.0	0.0	0.0	0.0	0.0	0.0	0.0	0.0	7.092E-4	0.0	7.032E-4	0.0	0.0	0.0	0.0	0.0	0.0	0.0	0.0	0.0	0.0	0.0	0.0	0.0	0.0	0.0	0.0	0.0	0.0	0.0	0.0	0.0	0.0	0.0	0.0	0.0	0.0	0.0	0.0	0.0	0.0	0.0	0.0	0.0	
Pétrel de Madère ou P. gongon ou P. des Desertas	0.0	0.0	0.0	0.0	0.0	0.0	0.0	0.0	0.0	0.0	0.0	0.0	7.092E-4	0.0	0.0	0.0	0.0	0.0	0.0	0.0	0.0	0.0	0.0	0.0	0.0	0.0	0.0	0.0	0.0	0.0	0.0010616	0.0	0.0	0.0	0.0015	0.0	0.0	0.0	0.0	0.0	0.0	0.0	0.0	6.716E-4	0.0	0.0	0.0	0.0	
Pétrel diablotin	0.0	0.0	0.0	0.0	0.0	0.0	0.0	0.0	0.0	0.0	0.0	0.0	0.0	0.0	0.0	0.0	0.0	0.0	0.0	0.0	0.0	0.0	0.0	0.0	0.0	0.0	0.0	0.0	0.0	0.0	0.0	0.0	0.0	0.0	0.0	0.0	0.0	0.0	0.0	0.0	0.0	8.032E-4	0.0	0.0	0.0	0.0	0.0	0.0	
Pétrel de Bulwer	0.0	0.0	0.0	0.0	0.0	0.0	0.0	0.0	0.0	0.0	6.944E-4	4.564E-4	0.0078014	0.0015004	0.0133615	0.0071429	0.0106908	0.0301921	0.019037	0.0073394	0.015949	0.0081433	0.0033557	0.0135135	0.0131062	0.0083234	0.0170316	0.0214626	0.0236814	0.0149733	0.0212314	0.0175	0.0221976	0.0420744	0.012476	0.0048701	0.0011696	9.452E-4	8.511E-4	0.0	0.0	0.0	0.0	6.716E-4	0.0	0.0	0.0	0.0	
Puffin cendré	0.0011249	0.0015	0.0	0.0028158	0.0058761	0.0157021	0.0276029	0.0371275	0.0714962	0.0714286	0.0763889	0.0725696	0.0702128	0.0787697	0.0864979	0.0970238	0.09375	0.094236	0.0705487	0.0752294	0.062201	0.0667752	0.0721477	0.0798526	0.1192661	0.1105826	0.080292	0.1200318	0.1130248	0.1229947	0.1284501	0.105	0.1054384	0.1360078	0.0988484	0.0527597	0.0444444	0.0415879	0.0519149	0.0373281	0.0622407	0.0546185	0.0280612	0.0073875	8.097E-4	0.0022866	8.772E-4	4.916E-4	
Puffin de Scopoli	0.0	0.0	0.0	0.0	0.0	4.486E-4	0.0	0.0	0.0	0.0	0.0	0.0	0.0	7.502E-4	0.0	0.0	0.0	0.0027447	0.0	0.0	0.0	0.0	0.0	0.0	0.0015	0.0	0.0012165	0.0	0.0	0.0	0.0	0.0	0.0	0.0	0.0	0.0	0.0	0.0	8.511E-4	6.549E-4	0.0015	0.0	0.0	0.0	0.0	0.0	0.0	0.0	
Puffin cendré ou P. de Scopoli	5.624E-4	0.0012217	0.0017804	0.003218	0.0080128	0.0116644	0.0276029	0.0337079	0.0255682	0.0443723	0.0430556	0.0301232	0.029078	0.0345086	0.0485232	0.0339286	0.0320724	0.0292772	0.0246361	0.0348624	0.0574163	0.0374593	0.0419463	0.0307125	0.0288336	0.0321046	0.0632603	0.0492846	0.0527449	0.0395722	0.0360934	0.0508333	0.0377358	0.0430528	0.0422265	0.0243506	0.0385965	0.0330813	0.026383	0.016372	0.0298755	0.0297189	0.0187075	0.0114171	0.0072874	0.0053354	0.0035088	4.916E-4	
Puffin du Cap-Vert	0.0	0.0	0.0	0.0	0.0	0.0	0.0	0.0	0.0	0.0	0.0	0.0	0.0	0.0	7.032E-4	0.0	0.0	0.0	0.0	0.0	0.0	0.0	0.0	0.0	0.0013106	0.0015	0.0012165	0.0015	0.0	0.0	0.0	0.0015	0.0	0.0	0.0	0.0	0.0	0.0	0.0	0.0	0.0	0.0	0.0	0.0	0.0	0.0	0.0	0.0	
Puffin majeur	0.0	0.0	0.0	0.0	0.0	0.0	0.0	0.0	0.0	0.0	0.0	0.0	0.0	0.0	7.032E-4	0.0	0.0	0.0	0.0	0.0	0.0	0.0	0.0	0.0	0.0	0.0	0.0	7.949E-4	0.0010764	0.002139	0.0084926	0.0016667	0.0066593	0.0117417	0.0038388	0.0016234	0.0	0.0	0.0017021	6.549E-4	8.299E-4	0.0016064	0.0042517	0.0073875	0.0040486	0.0015244	0.0	0.0	
Puffin fuligineux	0.0	0.0	0.0	0.0	0.0	0.0	0.0	0.0	0.0	0.0	0.0	0.0	0.0	0.0022506	7.032E-4	5.952E-4	8.224E-4	9.149E-4	0.0	0.0	0.0015949	0.0	0.0016779	0.0	0.0	0.0	0.0012165	0.0	0.0	0.0	0.0	0.0016667	0.0011099	0.0088063	0.0028791	8.117E-4	0.0011696	0.0018904	8.511E-4	0.0032744	8.299E-4	0.0016064	8.503E-4	0.0047011	0.0024291	0.0	0.0	0.0	
Puffin des Anglais	5.624E-4	6.109E-4	0.0011869	0.0	0.0010684	0.0013459	0.001937	0.0029311	0.0047348	0.0064935	0.0069444	0.0036513	7.092E-4	0.0037509	0.0028129	0.0029762	0.0049342	0.0073193	0.0044793	0.006422	0.0079745	0.004886	0.0083893	0.0061425	0.0013106	0.0023781	0.0012165	0.0039746	0.0064586	0.0053476	0.0169851	0.0075	0.0155383	0.0626223	0.0297505	0.0137987	0.0023392	0.0056711	0.0025532	0.0026195	8.299E-4	8.032E-4	0.0017007	0.0053727	0.0016194	0.0	0.0035088	0.0	
Puffin de Macaronésie	5.624E-4	0.0012217	0.0011869	0.001609	0.0010684	0.0013459	0.0038741	0.0039082	0.0075758	0.0027056	0.0048611	0.0036513	0.0049645	0.0030008	0.0049226	0.0011905	0.0	0.0082342	0.0033595	0.0	0.0015949	0.0016287	0.0050336	0.0036855	0.0039318	0.0023781	0.0072993	0.0071542	0.0107643	0.0096257	0.0095541	0.0041667	0.0133185	0.0068493	0.0047985	0.0024351	0.0011696	0.0018904	0.0017021	0.0	0.0016598	8.032E-4	0.002551	0.0020148	0.0024291	0.0	0.0035088	4.916E-4	
Puffin de Boyd	0.0	0.0	0.0	0.0	0.0	0.0	0.0	0.0	0.0014205	0.0	0.0	0.0	0.0	0.0	0.0	0.0	0.0	0.0	0.0	0.0	0.0	0.0	0.0	0.0	0.0	0.0	0.0	0.0	0.0	0.0	0.0	0.0	0.0	0.0	0.0	0.0	0.0	0.0	0.0	0.0	0.0	0.0	0.0	0.0	0.0	0.0	0.0	0.0	
Puffinus sp. (noir et blanc)	0.0	0.0	0.0	0.0	0.0	0.0	0.0	0.0	0.0	0.0	0.0	0.0	0.0	0.0	0.0	0.0	0.0	0.0	0.0	0.0	0.0	0.0	0.0	0.0	0.0	0.0	0.0	0.0	0.0	0.0	0.0	0.0	0.0	9.785E-4	0.0	0.0	0.0	0.0	0.0	0.0	0.0	0.0	0.0	0.0	0.0	0.0	0.0	0.0	
Calonectris, Ardenna ou Puffinus sp.	0.0015	6.109E-4	5.935E-4	0.0	0.0010684	0.0017945	9.685E-4	9.77E-4	4.735E-4	0.0010823	6.944E-4	4.564E-4	0.0	0.0022506	7.032E-4	0.0017857	0.0015	0.0015	0.0033595	0.0018349	0.0031898	0.0032573	0.0050336	0.0012285	0.0052425	0.0023781	0.0048662	0.0015898	0.0015	0.0	0.0031847	8.333E-4	0.0044395	9.785E-4	0.0038388	0.0	0.0023392	9.452E-4	0.0017021	0.0019646	0.0041494	0.0016064	8.503E-4	6.716E-4	0.0016194	0.0	0.0017544	4.916E-4	
Cigogne noire	0.0	0.0	0.0	0.0	0.0	0.0017945	0.0	9.77E-4	4.735E-4	0.0	0.0	0.0	0.0	0.0	0.0	0.0	0.0	0.0	0.0	0.0	0.0	0.0	0.0	0.0	0.0	0.0	0.0	0.0	0.0	0.0	0.0	0.0	0.0	0.0	0.0	0.0	0.0	0.0	0.0025532	0.0013098	0.0	0.0	0.0	0.018133	0.0048583	0.0	0.0	4.916E-4	
Cigogne blanche	0.0022497	0.0042761	5.935E-4	0.0036203	0.0016026	0.0026918	0.0014528	0.0034196	0.0018939	0.0021645	0.0013889	0.0	7.092E-4	7.502E-4	7.032E-4	5.952E-4	0.0016447	0.0018298	0.0	0.0	0.0015949	0.0	0.0	0.0012285	0.0013106	0.0047562	0.0	0.0	0.0	0.0010695	0.0010616	0.0025	0.0	0.0019569	9.597E-4	0.0016234	0.0	0.0037807	0.0042553	0.0032744	0.0033195	0.0064257	0.0017007	6.716E-4	0.0024291	0.0015244	8.772E-4	0.0014749	
Marabout d'Afrique	0.0	0.0	0.0	0.0	0.0	0.0	0.0	0.0	0.0	0.0	0.0	0.0	0.0	0.0	0.0	0.0	0.0	0.0	0.0	0.0	0.0	0.0	0.0	0.0	0.0	0.0	0.0	0.0015	0.0	0.0	0.0	0.0	0.0	0.0	0.0	0.0	0.0	0.0	0.0	0.0	0.0	0.0	0.0	0.0	0.0	0.0	0.0	0.0	
Tantale ibis	0.0	0.0	0.0	0.0	0.0	0.0	0.0	0.0	0.0	0.0	0.0	0.0	0.0	0.0	0.0	0.0	0.0	0.0	0.0	0.0	0.0	0.0	0.0	0.0	0.0	0.0011891	0.0	0.0	0.0	0.0	0.0	0.0	0.0	0.0	0.0	0.0	0.0	0.0	0.0	0.0	0.0	0.0	0.0	0.0	0.0	0.0	0.0	0.0	
Fou de Bassan	0.0044994	0.0061087	0.0094955	0.0120676	0.0096154	0.0107672	0.0159806	0.0185638	0.0217803	0.0265152	0.0222222	0.0123231	0.0106383	0.0135034	0.0112518	0.0077381	0.0106908	0.0018298	0.0033595	0.0	0.0	0.0016287	0.0	0.0	0.0013106	0.0	0.0	7.949E-4	0.0	0.002139	0.0	0.0	0.0	0.0	0.0	8.117E-4	0.0	9.452E-4	0.0017021	6.549E-4	0.0	0.0040161	8.503E-4	0.0013432	8.097E-4	0.0053354	0.0052632	0.0054081	
Fou à pieds rouges	0.0	0.0	0.0	0.0	0.0	0.0	0.0	0.0	0.0	0.0	0.0	0.0	0.0	7.502E-4	0.0014065	0.0	0.0	0.0	0.0	0.0	0.0	0.0	0.0	0.0	0.0	0.0	0.0	0.0	0.0	0.0	0.0	0.0	0.0	0.0	0.0	0.0	0.0	0.0	0.0	0.0	0.0	0.0	0.0	0.0	0.0	0.0	0.0	0.0	
Fou brun	0.0	0.0	5.935E-4	0.0	0.0	0.0	0.0	0.0	0.0	0.0	6.944E-4	0.0	0.0	0.0	0.0	0.0	0.0	0.0	0.0	0.0	0.0	0.0	0.0	0.0	0.0	0.0	0.0	0.0	0.0	0.0	0.0	0.0	0.0	0.0	0.0	0.0	0.0	0.0	0.0	0.0	0.0	0.0040161	0.0	0.0	0.0	0.0	8.772E-4	0.0015	
Cormoran africain	0.0	0.0	0.0	0.0	0.0	0.0	0.0	0.0	0.0	0.0	6.944E-4	0.0	0.0	0.0	0.0	0.0	0.0	0.0	0.0	0.0	0.0	0.0	0.0	0.0	0.0	0.0	0.0	0.0	0.0	0.0	0.0	0.0	0.0	0.0	0.0	0.0	0.0	0.0	0.0	0.0	0.0	0.0	0.0	0.0	0.0	0.0	0.0	0.0	
Grand Cormoran	0.0134983	0.014661	0.0059347	0.0124698	0.0122863	0.0080754	0.0053269	0.0068393	0.0108902	0.0075758	0.0041667	0.0018257	0.0014184	7.502E-4	0.0	5.952E-4	0.0	0.0	0.0	0.0	0.0	0.0	0.0016779	0.0012285	0.0	0.0011891	0.0	0.0	0.0010764	0.0139037	0.0180467	0.0025	0.0	0.0	9.597E-4	8.117E-4	0.0023392	0.0056711	0.0017021	0.0058939	0.0058091	0.0232932	0.0212585	0.0107455	0.0234818	0.0175305	0.0131579	0.0132743	
Ibis falcinelle	0.0286839	0.019548	0.0249258	0.0176991	0.028312	0.0197398	0.0179177	0.0190523	0.0179924	0.0189394	0.0284722	0.0255591	0.0219858	0.0195049	0.011955	0.0232143	0.0222039	0.0274474	0.0167973	0.0293578	0.0287081	0.0179153	0.0251678	0.0233415	0.0144168	0.0118906	0.0145985	0.0103339	0.0172228	0.0203209	0.0244161	0.025	0.0377358	0.0391389	0.0383877	0.0478896	0.0374269	0.0378072	0.0476596	0.037983	0.0340249	0.0128514	0.0127551	0.0214909	0.0364372	0.0221037	0.0184211	0.0162242	
Ibis sacré	0.0022497	0.0012217	0.0015	0.0012068	0.0021368	0.0013459	0.0014528	0.0015	0.0023674	0.0016234	0.0015	0.0018257	0.0035461	0.0015004	0.0042194	0.0015	0.0049342	0.0018298	0.0015	0.0045872	0.0	0.0	0.0	0.0015	0.0015	0.0023781	0.0036496	0.0023847	0.0010764	0.0010695	0.0042463	8.333E-4	0.0011099	0.0015	0.0	0.0016234	0.0	0.0037807	8.511E-4	0.0	0.0	0.0016064	0.0017007	6.716E-4	0.0015	0.0022866	0.0026316	4.916E-4	
Ibis sacré ou I. malgache	0.0	0.0	0.0	0.0	0.0	0.0	0.0	0.0	0.0	0.0	0.0	0.0	0.0	0.0	0.0	0.0	0.0	0.0	0.0	0.0	0.0	0.0	0.0	0.0	0.0	0.0	0.0	0.0	0.0	0.0	0.0	0.0	0.0	0.0	0.0	0.0	0.0	9.452E-4	0.0	0.0	0.0	0.0	0.0	0.0	0.0	0.0	0.0	0.0	
Ibis hagedash	0.0067492	0.009774	0.0029674	0.0040225	0.0096154	0.0058322	0.0082324	0.0107474	0.0094697	0.0113636	0.00625	0.0073026	0.0085106	0.0075019	0.0140647	0.0095238	0.0131579	0.0064044	0.0111982	0.0045872	0.0111643	0.0015	0.0033557	0.004914	0.0131062	0.0166468	0.0097324	0.0119237	0.0043057	0.002139	0.0106157	0.0033333	0.0055494	0.0097847	0.012476	0.0089286	0.0081871	0.0066163	0.0076596	0.0026195	0.0024896	0.0024096	0.0076531	0.0040296	0.0064777	0.0060976	0.0035088	0.0044248	
ibis sp.	0.0	0.0	0.0	0.0	0.0	0.0	0.0	0.0	0.0	0.0	0.0	0.0	0.0	0.0	0.0	0.0	0.0	0.0	0.0	0.0	0.0	0.0	0.0	0.0015	0.0	0.0	0.0	0.0	0.0	0.0	0.0	0.0	0.0	0.0	0.0	0.0	0.0	0.0	0.0	0.0	0.0	0.0	0.0	0.0	0.0	0.0	0.0	0.0	
Spatule blanche	0.06018	0.0537569	0.0551929	0.0567176	0.0625	0.0619112	0.0561743	0.0659502	0.061553	0.0633117	0.0631944	0.0593336	0.0453901	0.0532633	0.0372714	0.0404762	0.0370066	0.0265325	0.0268757	0.046789	0.0558214	0.0309446	0.0469799	0.0429975	0.068152	0.0309156	0.0279805	0.0325914	0.0279871	0.0395722	0.0414013	0.03	0.0344062	0.0342466	0.0364683	0.0551948	0.0608187	0.0708885	0.0893617	0.0903733	0.0605809	0.0706827	0.0663265	0.062458	0.0550607	0.070122	0.0736842	0.0496559	
Butor étoilé	0.0	0.0	0.0	0.0	0.0	0.0	0.0	0.0	0.0	0.0	0.0	0.0	0.0	0.0	0.0	0.0	0.0	0.0	0.0	0.0	0.0	0.0	0.0	0.0	0.0	0.0	0.0	0.0	0.0	0.0	0.0	0.0	0.0	0.0	0.0	0.0	0.0	0.0	0.0	0.0	0.0	0.0	0.0	0.0015	0.0	0.0	0.0	0.0	
Blongios de Sturm	0.0011249	6.109E-4	0.0	0.0012068	0.0021368	0.0013459	9.685E-4	4.885E-4	4.735E-4	0.0010823	0.0	0.0015	0.0	0.0015	0.0	5.952E-4	8.224E-4	9.149E-4	0.0	0.0	0.0	0.0	0.0	0.0	0.0	0.0	0.0	0.0	0.0	0.0	0.0	0.0	0.0	0.0	9.597E-4	0.0024351	0.0	0.0	8.511E-4	0.0	0.0016598	0.0040161	0.0	6.716E-4	0.0015	0.0030488	0.0	0.0	
Blongios nain	0.0	0.0	0.0	4.023E-4	5.342E-4	4.486E-4	0.0	0.0	0.0	5.411E-4	0.0020833	0.0	0.0014184	0.0037509	0.0	0.0	0.0	9.149E-4	0.0	9.174E-4	0.0	0.0	0.0	0.0	0.0	0.0	0.0	0.0	0.0	0.0	0.0010616	0.0	0.0	0.0	0.0	0.0	0.0	0.0	0.0	6.549E-4	0.0015	0.0	0.0	0.0	0.0	0.0	0.0	0.0	
Bihoreau gris	0.0275591	0.0189371	0.0136499	0.0197104	0.0208333	0.0139076	0.0106538	0.0156326	0.0170455	0.0243506	0.0375	0.0278412	0.0404255	0.0390098	0.0295359	0.0535714	0.0476974	0.0503202	0.0571109	0.0788991	0.092504	0.0586319	0.0771812	0.0712531	0.051114	0.0404281	0.040146	0.04531	0.0387513	0.0620321	0.052017	0.0433333	0.0388457	0.0342466	0.0230326	0.023539	0.0432749	0.0396975	0.0425532	0.0458415	0.019917	0.015261	0.0178571	0.0235057	0.0226721	0.0228659	0.0184211	0.0211406	
Aigrette garzette	0.212036	0.2162492	0.2130564	0.1983105	0.1944444	0.1897712	0.1820823	0.1919883	0.1998106	0.1845238	0.1979167	0.172524	0.1702128	0.1635409	0.1420534	0.1440476	0.1167763	0.115279	0.1075028	0.1302752	0.1323764	0.1107492	0.1157718	0.1007371	0.1218873	0.0915577	0.0924574	0.100159	0.0925727	0.1144385	0.1348195	0.1308333	0.1664817	0.1624266	0.1660269	0.2199675	0.245614	0.2410208	0.2434043	0.275704	0.2348548	0.2506024	0.2117347	0.2404298	0.2105263	0.2164634	0.2157895	0.1814159	
Aigrette des récifs	0.0	0.0	0.0	0.0	0.0	0.0	0.0	0.0	0.0	0.0	0.0	0.0	0.0	0.0	0.0	0.0	0.0	0.0	0.0	0.0	0.0	0.0	0.0	0.0	0.0	0.0	0.0	0.0	0.0	0.0010695	0.0	0.0	0.0	0.0	0.0	0.0	0.0	0.0	0.0	0.0	0.0	0.0	0.0	0.0	0.0	0.0	0.0	0.0	
Crabier chevelu	0.0067492	0.004887	0.0023739	0.0040225	0.0096154	0.0040377	0.0033898	0.0068393	0.0094697	0.0054113	0.0076389	0.007759	0.0070922	0.0075019	0.0084388	0.010119	0.0090461	0.0091491	0.0078387	0.0110092	0.0111643	0.0114007	0.0083893	0.0135135	0.0183486	0.0035672	0.0072993	7.949E-4	0.0021529	0.002139	0.0031847	0.005	0.0077691	0.0039139	9.597E-4	8.117E-4	0.0105263	0.0075614	0.0110638	0.0058939	0.0033195	0.0016064	8.503E-4	0.0053727	0.005668	0.0022866	0.004386	0.0049164	
Héron garde-boeufs	0.0770529	0.0843005	0.0658754	0.0711987	0.0854701	0.0820996	0.0784504	0.0723009	0.0752841	0.086039	0.0743056	0.0798722	0.0723404	0.0990248	0.080872	0.1	0.0847039	0.074108	0.0761478	0.0990826	0.1164274	0.0781759	0.1291946	0.0982801	0.1192661	0.1058264	0.0815085	0.0890302	0.0861141	0.1069519	0.1199575	0.0933333	0.0921199	0.0772994	0.1055662	0.0974026	0.122807	0.0964083	0.1080851	0.1303209	0.0863071	0.0819277	0.0790816	0.0873069	0.0817814	0.0914634	0.0824561	0.0811209	
Grande Aigrette	0.0067492	0.009774	0.010089	0.0124698	0.0122863	0.0058322	0.0043584	0.0117245	0.014678	0.0108225	0.0083333	0.0109539	0.0141844	0.0165041	0.0105485	0.0107143	0.0090461	0.0045746	0.0067189	0.0091743	0.0223285	0.0130293	0.0167785	0.0085995	0.0091743	0.0011891	0.0	0.0	0.0	0.0	0.0	0.0	0.0	0.0015	0.0	0.0	0.0035088	0.0018904	0.0161702	0.0144073	0.0107884	0.0064257	0.005102	0.0087307	0.0121457	0.0121951	0.0087719	0.0078663	
Héron cendré	0.1647919	0.1734881	0.1738872	0.1536605	0.1383547	0.1511889	0.1399516	0.1455789	0.1429924	0.1542208	0.1340278	0.1319032	0.1304965	0.1207802	0.0970464	0.1089286	0.1019737	0.094236	0.0884658	0.1192661	0.1180223	0.1026059	0.1275168	0.0958231	0.1100917	0.0523187	0.0900243	0.0858506	0.0861141	0.1122995	0.1380042	0.135	0.1564928	0.1643836	0.1650672	0.2077922	0.2163743	0.2296786	0.2229787	0.2298625	0.186722	0.1863454	0.1709184	0.2222968	0.1789474	0.179878	0.1798246	0.1499508	
Héron pourpré	0.0050619	0.0024435	0.0011869	8.045E-4	0.0037393	0.0031404	0.0029056	0.0039082	0.0042614	0.0054113	0.0118056	0.0082154	0.0070922	0.0082521	0.0021097	0.0017857	0.0016447	0.0027447	0.0033595	0.0018349	0.0031898	0.0032573	0.0	0.002457	0.0015	0.0	0.0	7.949E-4	0.0021529	0.0010695	0.0010616	8.333E-4	0.0011099	9.785E-4	0.0038388	0.0016234	0.0	9.452E-4	8.511E-4	0.0	0.0	0.0015	0.0015	0.0013432	0.0	0.0	0.0017544	4.916E-4	
ardeidé sp.	0.0	0.0	5.935E-4	0.0	0.0	0.0	0.0	0.0	0.0	0.0	0.0	0.0	0.0	0.0	0.0	0.0	0.0	0.0	0.0	0.0	0.0	0.0	0.0	0.0	0.0	0.0	0.0	0.0	0.0	0.0	0.0	0.0	0.0	0.0	0.0	0.0	0.0	0.0	0.0	0.0	0.0	0.0	0.0	0.0	0.0	0.0	0.0	0.0	
aigrette ou héron blanc sp.	5.624E-4	0.0	0.0	0.0	0.0	8.973E-4	0.0	9.77E-4	0.0023674	0.0010823	0.0	0.0	7.092E-4	0.0	0.0015	0.0015	0.0	0.0	0.0	0.0	0.0	0.0	0.0	0.0	0.0	0.0	0.0	0.0	0.0015	0.0	0.0	0.0015	0.0	0.0	0.0	0.0	0.0	0.0	0.0	0.0032744	0.0016598	0.0	8.503E-4	0.0	0.0	0.0	8.772E-4	0.0	
Ombrette africaine	0.0	0.0	0.0	0.0	0.0	0.0	0.0	0.0	0.0	0.0	0.0	0.0	0.0	0.0	0.0	0.0	0.0	0.0	0.0	0.0	0.0	0.0	0.0	0.0	0.0	0.0	0.0012165	0.0	0.0	0.0	0.0	0.0	0.0	0.0	0.0	0.0	0.0	0.0	0.0	0.0	0.0	0.0	0.0	0.0	0.0	0.0	0.0	0.0	
Balbuzard pêcheur	0.0033746	0.0036652	0.0023739	0.0052293	0.0058761	0.0031404	0.0033898	0.0048852	0.0014205	0.0021645	0.0034722	0.0041077	0.0056738	0.0015004	0.0014065	0.0035714	8.224E-4	0.0018298	0.0011198	9.174E-4	0.0015949	0.0016287	0.0067114	0.0015	0.0026212	0.0	0.0012165	0.0015898	0.0032293	0.002139	0.0021231	0.0033333	0.0077691	0.0058708	0.0028791	0.0064935	0.0070175	0.0047259	0.0034043	0.0026195	8.299E-4	0.0024096	0.005102	0.003358	0.0089069	0.0030488	0.0061404	0.0039331	
Percnoptère d'Égypte	0.0286839	0.0488699	0.0397626	0.0313757	0.0502137	0.0412741	0.053753	0.0556913	0.063447	0.0551948	0.0506944	0.0456413	0.0567376	0.0457614	0.0520394	0.0541667	0.0419408	0.0466606	0.0257559	0.0486239	0.0382775	0.0358306	0.0385906	0.0208845	0.0458716	0.0439952	0.0231144	0.0278219	0.0193757	0.0160428	0.022293	0.0216667	0.0244173	0.0205479	0.0153551	0.0162338	0.0070175	0.0236295	0.0221277	0.021611	0.0315353	0.0393574	0.0221088	0.0282069	0.0210526	0.0365854	0.0149123	0.0280236	
Bondrée apivore	0.0	0.0	0.0	0.0	0.0	0.0	0.0	0.0	0.0	0.0	0.0	0.0	0.0	0.0	0.0	0.0	0.0	0.0	0.0	0.0	0.0	0.0	0.0	0.0	0.0	0.0	0.0	0.0	0.0	0.0	0.0	0.0	0.0	0.0	0.0	8.117E-4	0.0	0.0	0.0	0.0	0.0	0.0	0.0	0.0	0.0	0.0	0.0	0.0	
Circaète Jean-le-Blanc	0.0	0.0	0.0	0.0	0.0	0.0	0.0	0.0	0.0	0.0	0.0	0.0	0.0	0.0	0.0	0.0	0.0	0.0	0.0	0.0	0.0	0.0	0.0	0.0	0.0	0.0	0.0	0.0	0.0	0.0	0.0	0.0	0.0	0.0	0.0	0.0	0.0	0.0	0.0	0.0	0.0	0.0	0.0	6.716E-4	0.0015	0.0	0.0	0.0	
Aigle botté	0.0028121	0.0030544	0.0023739	0.003218	0.0021368	0.0013459	0.0029056	0.0034196	0.0014205	0.0037879	0.0020833	0.0027385	0.0056738	0.0015004	7.032E-4	0.0015	0.0024671	0.0	0.0011198	0.0027523	0.0015949	0.0032573	0.0016779	0.0015	0.0015	0.0023781	0.0	7.949E-4	0.0015	0.002139	0.0	8.333E-4	0.0011099	9.785E-4	0.0019194	0.0	0.0023392	0.0018904	8.511E-4	6.549E-4	0.0049793	8.032E-4	0.0017007	0.0040296	0.0032389	0.0030488	0.0017544	0.0034415	
Épervier d'Europe	0.0202475	0.0122175	0.0130564	0.0160901	0.0101496	0.0107672	0.0150121	0.0224719	0.0099432	0.0135281	0.0131944	0.0173437	0.0241135	0.0082521	0.0084388	0.0095238	0.0082237	0.0128088	0.0111982	0.0119266	0.0175439	0.0130293	0.0285235	0.02457	0.0144168	0.0344828	0.0498783	0.0254372	0.0269107	0.0096257	0.0159236	0.0216667	0.0188679	0.0176125	0.0191939	0.023539	0.0187135	0.0170132	0.0110638	0.0196464	0.0149378	0.0120482	0.0212585	0.0167898	0.0129555	0.0152439	0.0201754	0.0172075	
Busard des roseaux	0.003937	6.109E-4	0.0035608	0.0040225	0.0037393	0.0049349	0.0033898	0.0053737	0.0047348	0.0021645	0.0034722	0.0095847	0.0049645	0.0030008	0.0147679	0.0083333	0.0032895	0.0	0.0011198	9.174E-4	0.0	0.0	0.0	0.0	0.0	0.0	0.0	0.0	0.0	0.0010695	0.0010616	0.0	0.0011099	0.0	0.0	0.0081169	0.0	0.0056711	0.0076596	0.0058939	0.0049793	0.0072289	0.0042517	0.0060443	0.0080972	0.0099085	0.0096491	0.0049164	
Busard Saint-Martin	5.624E-4	6.109E-4	5.935E-4	0.001609	5.342E-4	0.0	0.0	0.0	4.735E-4	5.411E-4	0.0013889	0.0	0.0	0.0015004	0.0	0.0	8.224E-4	0.0	0.0	0.0	0.0	0.0	0.0	0.0	0.0	0.0	0.0	0.0	0.0	0.0	0.0	0.0	0.0	0.0	0.0	0.0	0.0	0.0	0.0	0.0	0.0	8.032E-4	0.0017007	0.0015	8.097E-4	0.0015244	0.0	0.0	
Busard pâle	5.624E-4	0.0	0.0	8.045E-4	0.0015	8.973E-4	0.0	9.77E-4	9.47E-4	0.0	0.0	0.0013692	0.0021277	0.0	0.0	0.0	0.0	0.0	0.0	0.0	0.0	0.0	0.0	0.0	0.0	0.0	0.0	0.0	0.0	0.0	0.0	0.0	0.0011099	0.0	0.0	0.0	0.0	0.0	0.0	0.0	0.0	0.0	0.0	0.0	0.0	0.0	0.0	0.0	
Busard cendré	0.0016873	6.109E-4	5.935E-4	0.0	0.0	0.0015	0.0	4.885E-4	0.0	5.411E-4	6.944E-4	0.0045641	0.0049645	0.0015004	0.0021097	0.0041667	0.0016447	0.0	0.0	0.0	0.0	0.0	0.0	0.0	0.0	0.0	0.0	0.0	0.0	0.0	0.0	0.0	0.0011099	0.0	0.0	0.0	0.0	0.0	0.0	0.0	0.0	0.0	0.0	0.0	0.0015	0.0030488	8.772E-4	0.0019666	
busard sp.	0.0	0.0	5.935E-4	0.0	5.342E-4	0.0	0.0	4.885E-4	0.0	0.0	0.0	4.564E-4	0.0	7.502E-4	0.0015	0.0	8.224E-4	0.0	0.0	0.0	0.0	0.0	0.0	0.0	0.0	0.0	0.0	0.0	0.0	0.0	0.0	0.0	0.0	0.0	0.0	0.0015	0.0011696	0.0	0.0	0.0013098	0.0	0.0	0.0015	0.0	0.0	0.0	0.0	0.0015	
Milan royal	0.0	0.0	0.0015	0.0	0.0	0.0	0.0	0.0	0.0	0.0	0.0	0.0	0.0	0.0	0.0	0.0	0.0	0.0	0.0	0.0	0.0	0.0	0.0	0.0	0.0	0.0	0.0	0.0	0.0	0.0	0.0	0.0	0.0	0.0	0.0	0.0	0.0	0.0	0.0	0.0	0.0	0.0	0.0	0.0	0.0015	0.0	0.0	0.0	
Milan noir	0.0022497	0.0036652	0.0017804	0.0024135	0.0021368	0.0044863	0.0048426	0.0078163	0.0047348	0.004329	0.0083333	0.0050205	0.0056738	0.0037509	0.0035162	0.0029762	0.0082237	0.0045746	0.0044793	0.0027523	0.0031898	0.0081433	0.0083893	0.0036855	0.0052425	0.0130797	0.0072993	0.0055644	0.0064586	0.0032086	0.0063694	0.0058333	0.0044395	0.0048924	0.0019194	8.117E-4	0.0011696	0.0047259	0.0025532	0.0032744	0.0016598	0.0048193	0.0034014	0.003358	0.0024291	0.0030488	0.0026316	0.0024582	
Milan royal ou M. noir	0.0	6.109E-4	0.0015	4.023E-4	5.342E-4	0.0	0.0	0.0015	4.735E-4	0.0	0.0	0.0	0.0	0.0	0.0	0.0	0.0	0.0	0.0	9.174E-4	0.0	0.0	0.0016779	0.0	0.0	0.0	0.0012165	0.0	0.0	0.0	0.0	0.0	0.0011099	0.0	0.0	0.0	0.0	0.0	0.0	0.0	8.299E-4	0.0	0.0	6.716E-4	0.0	0.0	0.0	4.916E-4	
Buse de Harris	0.0	6.109E-4	0.0011869	4.023E-4	5.342E-4	0.0	0.0	0.0	4.735E-4	0.0	0.0013889	4.564E-4	0.0	0.0	0.0	0.0015	8.224E-4	0.0	0.0	0.0	0.0015949	0.0016287	0.0	0.0012285	0.0	0.0	0.0	0.0	0.0010764	0.0	0.0	0.0	0.0	0.0	0.0	8.117E-4	0.0011696	0.0015	0.0	0.0	0.0	0.0	0.0	0.0015	0.0	7.622E-4	0.0	4.916E-4	
Buse variable	0.1113611	0.1191203	0.1163205	0.1110217	0.1148504	0.1233737	0.1225182	0.1245725	0.1122159	0.1147186	0.1236111	0.1154724	0.1092199	0.0952738	0.0752461	0.0904762	0.0945724	0.0988106	0.1243001	0.112844	0.0861244	0.0977199	0.1191275	0.1130221	0.1048493	0.1510107	0.1326034	0.1573927	0.1205597	0.1294118	0.1199575	0.1008333	0.1109878	0.0998043	0.0959693	0.1079545	0.1052632	0.1275992	0.1259574	0.1185331	0.1311203	0.1228916	0.1241497	0.1061115	0.1311741	0.1295732	0.1166667	0.1204523	
Buteo sp.	0.0	0.0	0.0	0.0	0.0	0.0	0.0	0.0	0.0	0.0	0.0	0.0	0.0	0.0	0.0	0.0	0.0	0.0	0.0	0.0	0.0	0.0	0.0	0.0	0.0	0.0	0.0	0.0	0.0	0.0	0.0	0.0	0.0	0.0	0.0	0.0015	0.0	0.0	0.0	0.0	0.0	0.0	0.0	0.0	0.0	0.0	0.0	9.833E-4	
rapace sp.	0.0	0.0	5.935E-4	0.0	0.0	0.0	0.0	0.0	0.0	0.0	0.0	0.0	0.0	0.0	0.0	0.0	0.0	0.0	0.0	0.0	0.0	0.0	0.0	0.0	0.0	0.0	0.0	0.0	0.0	0.0	0.0	0.0	0.0	0.0	0.0	0.0	0.0	0.0	0.0	0.0	0.0	0.0	0.0	0.0	0.0	0.0	0.0	0.0	
Effraie des clochers	5.624E-4	0.0015	5.935E-4	0.0015	0.0016026	8.973E-4	9.685E-4	4.885E-4	4.735E-4	0.0010823	0.0	0.0013692	7.092E-4	0.0015	0.0015	0.0	0.0	0.0	0.0	0.0018349	0.0015949	0.0015	0.0	0.0	0.0015	0.0015	0.0	0.0015898	0.0015	0.0010695	0.0010616	8.333E-4	0.0015	9.785E-4	0.0019194	0.0024351	0.0011696	9.452E-4	0.0015	0.0015	0.0016598	0.0016064	0.0017007	6.716E-4	8.097E-4	0.0022866	0.0015	4.916E-4	
Grand-duc d'Europe	0.0011249	0.0	0.0	4.023E-4	5.342E-4	0.0	0.0	4.885E-4	0.0	0.0	0.0	0.0	0.0	0.0	0.0	0.0	0.0	0.0	0.0	0.0	0.0	0.0	0.0	0.0	0.0	0.0	0.0	0.0	0.0	0.0	0.0	0.0	0.0	0.0	0.0	0.0	0.0	0.0	0.0	0.0	0.0015	0.0015	0.0	0.0	0.0	0.0	0.0015	0.0	
Hibou moyen-duc	0.0044994	0.0061087	0.0041543	0.0036203	0.0042735	0.0031404	0.0072639	0.0014656	0.0047348	0.0081169	0.00625	0.0063898	0.0056738	0.0037509	0.0028129	0.002381	0.0106908	0.0155535	0.0100784	0.0110092	0.0079745	0.004886	0.0050336	0.0061425	0.0065531	0.0142687	0.0085158	0.0111288	0.0107643	0.0117647	0.007431	0.0083333	0.0099889	0.0088063	0.0115163	0.0048701	0.005848	0.0047259	0.0059574	0.005239	0.0074689	0.0024096	0.005102	0.0040296	0.0089069	0.0045732	0.0070175	0.0049164	
Hibou des marais	0.0	0.0015	0.0	8.045E-4	0.0015	0.0	0.0	0.0	0.0	0.0	0.0	0.0	7.092E-4	0.0	0.0	0.0	0.0	0.0	0.0	0.0	0.0	0.0	0.0	0.0	0.0	0.0	0.0	0.0	0.0	0.0	0.0	0.0	0.0	0.0	0.0	8.117E-4	0.0023392	0.0015	0.0	0.0	0.0016598	0.0	0.0017007	0.0	0.0	0.0015244	8.772E-4	0.0	
Asio sp.	0.0	0.0	0.0	0.0	0.0	0.0	0.0	0.0	0.0	0.0	0.0	0.0	0.0	0.0	0.0	0.0	0.0	0.0	0.0	0.0	0.0	0.0	0.0	0.0	0.0	0.0	0.0	0.0	0.0	0.0	0.0	0.0	0.0	0.0	9.597E-4	0.0	0.0	0.0	0.0	0.0	0.0	0.0	0.0	0.0	0.0	0.0	0.0	0.0	
Strigiformes sp.	0.0	0.0	0.0	4.023E-4	0.0	0.0	0.0	0.0	0.0	0.0	0.0	0.0	0.0	0.0	0.0	0.0	0.0	0.0	0.0	0.0	0.0	0.0	0.0	0.0	0.0	0.0	0.0	0.0	0.0	0.0	0.0	0.0	0.0	0.0	0.0	0.0	0.0	0.0	0.0	0.0	0.0	0.0	0.0	0.0	0.0	0.0	0.0	0.0	
Huppe fasciée	0.0776153	0.0769701	0.0735905	0.0800483	0.0769231	0.0906236	0.0823245	0.0942843	0.0942235	0.112013	0.0958333	0.0949338	0.1007092	0.0990248	0.0984529	0.1053571	0.1003289	0.1107045	0.0929451	0.1036697	0.0940989	0.0928339	0.1040268	0.1031941	0.0891219	0.0856124	0.0778589	0.0858506	0.0699677	0.0941176	0.1125265	0.095	0.0710322	0.0900196	0.1074856	0.1071429	0.1064327	0.0812854	0.0944681	0.1001965	0.0879668	0.0915663	0.0680272	0.0893217	0.0939271	0.0807927	0.0789474	0.0732547	
Guêpier d'Europe	0.0	0.0	0.0	0.0	0.0	0.0	0.0	0.0019541	0.0014205	0.0	6.944E-4	0.0082154	0.0085106	0.0075019	0.0063291	0.0071429	0.0015	9.149E-4	0.0011198	9.174E-4	0.0	0.0015	0.0	0.0012285	0.0	0.0	0.0	0.0	0.0	0.0	0.0	0.0016667	0.0011099	0.0	0.0015	0.0	0.0	0.0	0.0	6.549E-4	0.0	0.0	0.0	0.0	0.0	0.0	0.0	0.0	
Martin-pêcheur d'Europe	0.0	0.0	0.0	4.023E-4	0.0010684	0.0	0.0	4.885E-4	0.0	0.0	0.0	0.0	0.0	0.0	0.0	0.0	0.0	0.0	0.0	0.0	0.0	0.0	0.0	0.0	0.0	0.0	0.0	0.0	0.0	0.0	0.0	0.0	0.0	0.0	0.0	0.0	0.0	9.452E-4	0.0	0.0	0.0	0.0	0.0	0.0	0.0	0.0	0.0	0.0	
Martin-pêcheur d'Amérique	0.0	0.0	5.935E-4	0.0	0.0	0.0	0.0	0.0	0.0	0.0	0.0	0.0	0.0	0.0	0.0	0.0	0.0	0.0	0.0	0.0	0.0	0.0	0.0	0.0	0.0	0.0	0.0	0.0	0.0	0.0	0.0	0.0	0.0	0.0	0.0	0.0	0.0	0.0	0.0	0.0	0.0	8.032E-4	0.0034014	0.0	0.0	0.0	0.0	0.0	
Rollier d'Europe	0.0	0.0	0.0	0.0	0.0	0.0	0.0	0.0	0.0	0.0	0.0	9.128E-4	7.092E-4	0.0	0.0	0.0	0.0	0.0	0.0	0.0018349	0.0015949	0.004886	0.0015	0.0	0.0013106	0.0023781	0.0012165	0.0	0.0	0.0053476	0.0053079	0.0015	0.0	0.0	9.597E-4	0.0016234	0.0	0.0	8.511E-4	0.0	8.299E-4	0.0	0.0	0.0	0.0	0.0	0.0	0.0	
Rollier d'Abyssinie	0.0	0.0	0.0	0.001609	0.0015	0.0022432	4.843E-4	0.0043967	0.0033144	0.0021645	6.944E-4	0.0	0.0	0.0	0.0	0.0	0.0015	0.0	0.0	0.0	0.0	0.0	0.0	0.0	0.0	0.0	0.0	0.0	0.0	0.0	0.0	0.0	0.0	0.0	0.0	0.0	0.0	0.0	0.0	0.0	0.0	0.0	8.503E-4	0.0013432	0.0	0.0	0.0	0.0	
Torcol fourmilier	0.0	0.0	0.0	0.0	0.0	0.0	0.0	0.0	0.0	0.0015	0.0	0.0018257	0.0042553	0.0075019	0.0035162	5.952E-4	8.224E-4	9.149E-4	0.0	9.174E-4	0.0	0.0	0.0	0.0	0.0	0.0	0.0	0.0	0.0	0.0	0.0	0.0	0.0022198	9.785E-4	9.597E-4	0.0048701	0.0035088	0.0018904	0.0	0.0	0.0	0.0	0.0	0.0	0.0	0.0	0.0	0.0	
Pic épeiche	0.0388076	0.0470373	0.0261128	0.034996	0.0384615	0.0417227	0.0319613	0.0371275	0.0383523	0.0373377	0.04375	0.0356002	0.0390071	0.0307577	0.0309423	0.0297619	0.0435855	0.053065	0.0671892	0.053211	0.0366826	0.0602606	0.045302	0.0565111	0.0419397	0.059453	0.0729927	0.0659777	0.0667384	0.0342246	0.052017	0.0458333	0.0421754	0.0420744	0.0364683	0.0316558	0.0269006	0.0378072	0.0331915	0.0406025	0.0497925	0.0369478	0.0306122	0.0335796	0.048583	0.0396341	0.0394737	0.0486726	
Faucon crécerellette	0.0	0.0	0.0	0.0	0.0	0.0	0.0	0.0	4.735E-4	0.0	0.0	0.0	0.0	7.502E-4	0.0	0.0	0.0	0.0	0.0011198	0.0018349	0.0047847	0.004886	0.0016779	0.0	0.0026212	0.0	0.0	0.0	0.0	0.0	0.0	0.0	0.0	0.0	0.0	0.0	0.0	0.0	0.0	0.0	0.0	0.0	0.0	0.0	0.0	0.0	0.0	0.0	
Faucon crécerelle	0.303712	0.3133781	0.3038576	0.3028962	0.2911325	0.3010319	0.2866828	0.2911578	0.2784091	0.3051948	0.3131944	0.3044272	0.2921986	0.2910728	0.2679325	0.2892857	0.3141447	0.294602	0.2956327	0.3311927	0.3620415	0.3566775	0.3489933	0.3550369	0.3368283	0.3281807	0.350365	0.3553259	0.3315393	0.3379679	0.3418259	0.3141667	0.3207547	0.3111546	0.2907869	0.3108766	0.3263158	0.3071834	0.3157447	0.3064833	0.3112033	0.3060241	0.3163265	0.3143049	0.3263158	0.3003049	0.3464912	0.3284169	
Faucon kobez	0.0	0.0	0.0	0.0	0.0	0.0	0.0	0.0	0.0	0.0	0.0	0.0	0.0	7.502E-4	0.0	0.0	0.0024671	0.0	0.0011198	0.0018349	0.0031898	0.0065147	0.0016779	0.0012285	0.0026212	0.0	0.0	0.0	0.0010764	0.0	0.0	0.0	0.0	0.0	0.0	0.0	0.0	0.0	0.0	6.549E-4	8.299E-4	0.0	0.0	0.0	0.0	0.0	0.0	0.0	
Faucon de l'Amour	0.0	0.0	0.0	0.0	0.0	0.0	0.0	0.0	0.0	0.0	0.0	0.0	0.0	0.0	0.0	0.0	0.0	0.0	0.0	0.0	0.0	0.0	0.0	0.0	0.0	0.0	0.0	0.0	0.0	0.0	0.0	0.0	0.0	0.0	0.0	0.0	0.0	0.0	0.0	0.0	0.0015	0.0	0.0	0.0	0.0	0.0	0.0	0.0	
Faucon d'Éléonore	0.0	0.0	0.0	0.0	0.0	0.0	0.0	0.0	0.0	0.0	0.0	0.0	0.0	0.0	0.0014065	0.0011905	0.0032895	0.0064044	0.0067189	0.0110092	0.0111643	0.0081433	0.011745	0.009828	0.0131062	0.0142687	0.0182482	0.0246423	0.0172228	0.0224599	0.0106157	0.0075	0.0255272	0.0225049	0.0134357	0.0089286	0.0081871	0.0066163	0.0015	0.0026195	8.299E-4	0.0	0.0	0.0	0.0	0.0	0.0	0.0	
Faucon émerillon	0.0	0.0	0.0	0.0	0.0	0.0	4.843E-4	4.885E-4	0.0	5.411E-4	0.0	0.0	0.0	0.0	0.0	0.0	0.0	0.0	0.0	0.0	0.0	0.0	0.0	0.0	0.0	0.0	0.0	0.0	0.0	0.0	0.0	0.0	0.0	0.0	0.0	0.0	0.0	0.0	0.0	0.0019646	0.0024896	8.032E-4	0.0	0.0015	0.0	7.622E-4	0.0	0.0	
Faucon hobereau	0.0	0.0	0.0	0.0	0.0	0.0	0.0	0.0	0.0	0.0	0.0	0.0	0.0	0.0	0.0	0.0	0.0	0.0	0.0015	0.0015	0.0047847	0.0016287	0.0016779	0.0	0.0	0.0	0.0012165	0.0	0.0	0.0	0.0	0.0	0.0	0.0	0.0	0.0	0.0	0.0	0.0	0.0	0.0	0.0	0.0	0.0	0.0	0.0	0.0	0.0	
Faucon lanier	0.0	0.0	0.0	0.0	0.0	0.0	0.0	0.0	0.0	0.0	0.0	0.0	0.0	0.0	0.0	0.0	0.0	0.0	0.0	0.0	0.0	0.0	0.0	0.0	0.0	0.0	0.0	0.0	0.0	0.0	0.0	0.0	0.0011099	0.0	0.0	0.0	0.0	0.0	0.0	0.0	0.0	0.0	0.0	0.0	0.0	0.0	0.0	0.0	
Faucon pèlerin	0.0421822	0.0348198	0.0362018	0.0353982	0.0373932	0.0260206	0.0324455	0.0351734	0.030303	0.0481602	0.04375	0.0273848	0.041844	0.0465116	0.0471167	0.0327381	0.0411184	0.0430009	0.0481523	0.0431193	0.0685805	0.0586319	0.0654362	0.0454545	0.0589777	0.0760999	0.0450122	0.0532591	0.0462863	0.0513369	0.0456476	0.0583333	0.0688124	0.0636008	0.0412668	0.0584416	0.0467836	0.0434783	0.0578723	0.0445318	0.0506224	0.0522088	0.042517	0.0423103	0.0502024	0.0426829	0.0429825	0.0358899	
gros faucon sp.	0.0	6.109E-4	5.935E-4	0.0	0.0	0.0	0.0	0.0015	0.0	0.0	6.944E-4	0.0	7.092E-4	7.502E-4	0.0	0.0	0.0	9.149E-4	0.0011198	0.0	0.0015	0.0032573	0.0016779	0.0015	0.0	0.0011891	0.0012165	7.949E-4	0.0032293	0.0010695	0.0021231	0.0	0.0	9.785E-4	0.0	8.117E-4	0.0	0.0	0.0	6.549E-4	8.299E-4	0.0	0.0	0.0	0.0015	0.0	0.0	4.916E-4	
Falco sp.	0.0	0.0012217	0.0	8.045E-4	5.342E-4	0.0	4.843E-4	9.77E-4	4.735E-4	0.0	0.0	4.564E-4	7.092E-4	0.0	0.0014065	0.0	0.0	9.149E-4	0.0	0.0	0.0	0.0	0.0	0.002457	0.0	0.0	0.0	0.0015	0.0010764	0.0010695	0.0010616	0.0016667	0.0033296	0.0019569	0.0015	8.117E-4	0.0	0.0015	8.511E-4	6.549E-4	8.299E-4	8.032E-4	0.0	0.0	0.0	0.0	0.0	9.833E-4	
rapace diurne sp.	0.0011249	0.0	5.935E-4	0.0	0.0	0.0	0.0	0.0	0.0	0.0	6.944E-4	0.0	0.0	0.0	0.0	0.0	0.0	0.0	0.0	0.0	0.0	0.0	0.0	0.0	0.0	0.0	0.0	0.0	0.0	0.0	0.0	0.0	0.0	0.0	0.0	0.0	0.0	0.0	0.0	0.0	0.0	0.0	0.0	0.0	0.0	0.0	0.0	9.833E-4	
Calopsitte élégante	0.0	0.0	0.0	0.0	0.0	0.0	9.685E-4	0.0	0.0	5.411E-4	0.0	4.564E-4	0.0	0.0	0.0	5.952E-4	0.0	0.0	0.0	9.174E-4	0.0	0.0	0.0016779	0.002457	0.0	0.0	0.0	0.0	0.0	0.0010695	0.0015	8.333E-4	0.0011099	0.0	0.0	0.0	0.0	9.452E-4	0.0	0.0	0.0	0.0	8.503E-4	0.0	0.0	7.622E-4	0.0	0.0	
Perruche mélanure	0.0	0.0	0.0	0.0	0.0	0.0	0.0	0.0	0.0	0.0	0.0	0.0	0.0	0.0	0.0	0.0	0.0	0.0	0.0	0.0	0.0	0.0	0.0	0.0	0.0	0.0	0.0	0.0	0.0	0.0	0.0	0.0	0.0	0.0	0.0	0.0015	0.0	0.0	0.0	0.0	0.0	0.0	0.0	0.0	0.0	0.0	0.0	0.0	
Perruche à collier	0.0804274	0.0763592	0.074184	0.0876911	0.0860043	0.0771646	0.0653753	0.0806058	0.0776515	0.0622294	0.0944444	0.0712004	0.0673759	0.0870218	0.0724332	0.0958333	0.0855263	0.0704483	0.0716685	0.0688073	0.0956938	0.0586319	0.0855705	0.0724816	0.0773263	0.0725327	0.0656934	0.0556439	0.073197	0.0909091	0.0934183	0.065	0.0710322	0.0694716	0.0547025	0.0836039	0.0982456	0.0652174	0.0851064	0.1015062	0.0979253	0.0618474	0.047619	0.0819342	0.0793522	0.0571646	0.0701754	0.0786627	
Perruche de Pennant	0.0	0.0	0.0	0.0	0.0	0.0	0.0	0.0	0.0	0.0	0.0	0.0	0.0015	0.0	0.0	0.0	0.0	0.0	0.0	0.0	0.0	0.0	0.0	0.0	0.0	0.0	0.0	0.0	0.0	0.0	0.0	0.0	0.0	0.0	0.0	8.117E-4	0.0	0.0	0.0	0.0	0.0	0.0	0.0	0.0	0.0	0.0	0.0	0.0	
Perruche ondulée	0.0	0.0	0.0	0.0	0.0	0.0	0.0	0.0	0.0	0.0	0.0	0.0	0.0	0.0	7.032E-4	0.0015	0.0	9.149E-4	0.0	0.0	0.0	0.0	0.0	0.0012285	0.0	0.0	0.0	0.0	0.0010764	0.0	0.0	0.0	0.0011099	0.0	0.0	0.0	0.0	0.0	0.0	0.0	0.0	0.0	0.0	0.0	0.0	0.0	8.772E-4	0.0	
Inséparable rosegorge	0.0	0.0	5.935E-4	4.023E-4	0.0021368	8.973E-4	0.0014528	0.0015	4.735E-4	5.411E-4	0.0	0.0018257	0.0	0.0	0.0014065	5.952E-4	0.0	0.0	0.0011198	0.0	0.0015949	0.0	0.0015	0.0	0.0	0.0	0.0	0.0	0.0	0.0	0.0	8.333E-4	0.0	9.785E-4	0.0038388	0.0	0.0	0.0018904	0.0017021	6.549E-4	0.0	0.0	0.0015	6.716E-4	8.097E-4	0.0022866	8.772E-4	4.916E-4	
Inséparable de Fischer	0.0	0.0	0.0	0.0	0.0	0.0	0.0015	0.0	0.0	0.0	6.944E-4	0.0	0.0	0.0	0.0014065	0.0	0.0	0.0	0.0	0.0	0.0015949	0.0	0.0015	0.0	0.0	0.0	0.0	0.0	0.0010764	0.0	0.0	0.0	0.0	0.0	0.0015	0.0	0.0	0.0	0.0	0.0	0.0	0.0	0.0	0.0	0.0	0.0	0.0	0.0014749	
Inséparable masqué	0.0	0.0015	0.0	0.0	5.342E-4	0.0	0.0	4.885E-4	0.0015	0.0	0.0	0.0	0.0	0.0	0.0	0.0	0.0	0.0015	0.0	0.0	0.0	0.0	0.0	0.0	0.0	0.0	0.0	7.949E-4	0.0010764	0.0	0.0	0.0	0.0	0.0019569	0.0	0.0	0.0	0.0	0.0	6.549E-4	0.0	0.0	0.0	0.0015	0.0015	0.0	0.0	0.0	
inséparable sp. (forme domestique)	0.0	0.0	0.0	0.0	0.0	4.486E-4	0.0	0.0	0.0	0.0	0.0	0.0	0.0	0.0	0.0	0.0	0.0	0.0	0.0	0.0	0.0	0.0016287	0.0	0.0	0.0	0.0	0.0	0.0	0.0	0.0	0.0	0.0	0.0	0.0	0.0	0.0	0.0	0.0	0.0	0.0	0.0	8.032E-4	0.0	6.716E-4	0.0	7.622E-4	0.0	0.0	
inséparable sp.	0.0	0.0012217	0.0	0.0	0.0	0.0	0.0	0.0	0.0	0.0	0.0	0.0	0.0	0.0	0.0	0.0	0.0	0.0	0.0	0.0	0.0	0.0015	0.0	0.0	0.0	0.0	0.0	0.0	0.0	0.0	0.0	0.0	0.0	0.0	0.0	0.0	0.0	0.0	0.0	0.0	0.0	0.0	0.0	0.0	0.0	0.0	0.0	0.0	
Perroquet jaco	0.0	0.0	0.0	0.0	0.0	0.0	0.0	0.0	0.0	0.0	0.0	0.0	0.0	0.0	0.0	0.0015	0.0	0.0	0.0	0.0	0.0	0.0	0.0	0.0	0.0	0.0	0.0	0.0	0.0010764	0.0	0.0	0.0	0.0	0.0	0.0	0.0	0.0	0.0	0.0	0.0	0.0	0.0	0.0	0.0	0.0	0.0	0.0	0.0	
Perroquet youyou	0.0016873	6.109E-4	5.935E-4	8.045E-4	5.342E-4	0.0015	4.843E-4	9.77E-4	9.47E-4	5.411E-4	0.0041667	0.0	0.0014184	7.502E-4	0.0	0.0017857	8.224E-4	9.149E-4	0.0022396	9.174E-4	0.0	0.0	0.0033557	0.0036855	0.0013106	0.0011891	0.0	0.0	0.0021529	0.002139	0.0	8.333E-4	0.0011099	9.785E-4	0.0	8.117E-4	0.0011696	0.0	8.511E-4	0.0013098	8.299E-4	8.032E-4	0.0	0.0	0.0	7.622E-4	0.0	9.833E-4	
Perriche veuve	0.0472441	0.0409285	0.0367953	0.0442478	0.0480769	0.0331987	0.0416465	0.0468979	0.0359848	0.0378788	0.0430556	0.0392515	0.0390071	0.0405101	0.035865	0.0547619	0.0534539	0.0558097	0.0515118	0.0577982	0.0637959	0.0390879	0.0553691	0.046683	0.0589777	0.0535077	0.0450122	0.0508744	0.0409042	0.055615	0.0605096	0.0366667	0.0510544	0.0440313	0.0393474	0.0357143	0.0608187	0.0349716	0.0544681	0.0517354	0.0365145	0.0313253	0.0272109	0.0436535	0.0518219	0.0487805	0.0350877	0.0358899	
Amazone à front jaune	0.0	0.0	0.0	0.0	0.0	0.0	0.0	0.0	0.0	0.0	0.0	0.0	0.0	0.0	0.0	5.952E-4	0.0	0.0	0.0	0.0	0.0	0.0	0.0	0.0	0.0	0.0	0.0	0.0	0.0	0.0	0.0	0.0	0.0	0.0	0.0	0.0	0.0	0.0	0.0	0.0	0.0	0.0	0.0	0.0	0.0	0.0	0.0	0.0	
Amazone aourou	0.0	0.0	0.0	0.0	0.0	0.0	0.0	0.0	0.0	0.0	0.0	0.0	0.0	0.0	0.0	0.0	8.224E-4	0.0	0.0	0.0	0.0	0.0	0.0	0.0	0.0	0.0	0.0	0.0	0.0015	0.0	0.0	0.0	0.0	0.0	0.0	0.0	0.0	0.0	0.0	0.0	0.0	0.0016064	0.0	0.0	8.097E-4	0.0	0.0015	0.0	
Pyrrhura sp.	0.0	0.0	0.0	0.0	0.0	0.0	0.0	0.0	0.0	0.0	0.0	0.0	0.0	0.0	0.0	0.0	8.224E-4	0.0	0.0	0.0	0.0	0.0	0.0	0.0	0.0	0.0	0.0	0.0	0.0	0.0	0.0	0.0	0.0	0.0	0.0	0.0	0.0	0.0	0.0	0.0	0.0	0.0	0.0	0.0	0.0	0.0	0.0	0.0	
Conure nanday	0.0033746	0.0054979	0.0035608	0.0148833	0.0032051	0.0049349	0.0082324	0.0087934	0.0104167	0.0075758	0.0090278	0.0159744	0.006383	0.0067517	0.0049226	0.0029762	0.0041118	9.149E-4	0.0022396	0.0036697	0.0031898	0.0081433	0.0016779	0.0012285	0.0039318	0.0023781	0.0145985	0.0103339	0.0129171	0.0096257	0.0095541	0.01	0.0015	0.0019569	0.0047985	0.0056818	0.005848	0.0028355	0.0042553	0.0019646	0.0058091	0.0072289	0.0059524	0.0067159	0.0032389	0.0091463	0.0026316	0.0039331	
Ara bleu	0.0	0.0	0.0	0.0	0.0	0.0	0.0	0.0	0.0	0.0	0.0	0.0	0.0	0.0	0.0	0.0	0.0	0.0	0.0	9.174E-4	0.0	0.0	0.0	0.0	0.0	0.0	0.0	0.0	0.0	0.0	0.0	0.0	0.0	0.0	0.0	0.0	0.0	0.0	0.0	0.0	0.0	0.0	0.0	0.0	0.0	0.0	0.0	0.0	
Conure à tête bleue	0.0	0.0	0.0	4.023E-4	0.0	4.486E-4	0.0	0.0	0.0	0.0	0.0	0.0	0.0015	0.0	0.0	0.0	0.0	0.0	0.0	0.0	0.0	0.0	0.0	0.0	0.0	0.0011891	0.0	0.0	0.0	0.0015	0.0	0.0	0.0	9.785E-4	9.597E-4	0.0	0.0	0.0	0.0	0.0	0.0	0.0	8.503E-4	0.0	0.0	0.0	8.772E-4	0.0	
Conure de Wagler ou C. casquée	5.624E-4	0.0	0.0	0.0	0.0	0.0	0.0	0.0	4.735E-4	0.0	0.0	0.0	0.0	0.0	0.0	0.0	0.0	0.0	0.0	0.0	0.0	0.0	0.0	0.0	0.0	0.0	0.0	0.0	0.0	0.0	0.0	0.0	0.0	0.0	0.0	0.0	0.0	0.0	0.0	0.0	0.0	0.0	0.0	0.0	0.0	0.0	0.0	0.0	
Psittaciformes sp. (Parakeet)	0.0	0.0	0.0	0.0	0.0	0.0	0.0	0.0	0.0	0.0	0.0	0.0	0.0	0.0	0.0	0.0	0.0	0.0	0.0	0.0	0.0	0.0	0.0	0.0	0.0	0.0	0.0	0.0	0.0	0.0	0.0	0.0	0.0	0.0	0.0	0.0	0.0	0.0	0.0	0.0	0.0	0.0	0.0	0.0	0.0	0.0	0.0	4.916E-4	
Loriot d'Europe	0.0	0.0	0.0	0.0	0.0	0.0	0.0	0.0	0.0	0.0	0.0	0.0	0.0	0.0060015	0.0042194	0.0041667	0.0041118	0.0128088	0.0022396	0.0055046	0.0031898	0.0	0.0015	0.0	0.0	0.0	0.0	0.0	0.0	0.0	0.0	0.0	0.0011099	0.0	0.0	0.0	0.0	0.0	0.0	0.0	8.299E-4	0.0	0.0	0.0	0.0	0.0	0.0	0.0	
Pie-grièche écorcheur	0.0	0.0	0.0	0.0	0.0	0.0	0.0	0.0	0.0	0.0	0.0	0.0	0.0	0.0	0.0	0.0	0.0	0.0	0.0011198	0.0	0.0	0.0	0.0	0.0	0.0	0.0	0.0	0.0	0.0	0.0	0.0	0.0	0.0	0.0	0.0	0.0	0.0	0.0	0.0	0.0	0.0	0.0	0.0	0.0	0.0	0.0	0.0	0.0	
Pie-grièche grise	0.1484814	0.1490531	0.1341246	0.1331456	0.1431624	0.1462539	0.1399516	0.1348315	0.1349432	0.1444805	0.1173611	0.1259699	0.1382979	0.1252813	0.1441632	0.1196429	0.1266447	0.1207685	0.1086226	0.1449541	0.1371611	0.1254072	0.135906	0.1228501	0.1546527	0.1652794	0.107056	0.1383148	0.1367061	0.1540107	0.1518047	0.1258333	0.1420644	0.1526419	0.1401152	0.1542208	0.154386	0.1342155	0.1455319	0.1394892	0.146888	0.1702811	0.1598639	0.1813298	0.1271255	0.1623476	0.1175439	0.1302852	
Pie-grièche à tête rousse	0.0	0.0	0.0	0.0	0.0015	0.0	0.0014528	0.011236	0.0033144	0.004329	0.0027778	0.0063898	0.0056738	0.0075019	0.011955	0.0047619	0.0032895	9.149E-4	0.0015	9.174E-4	0.0	0.0	0.0	0.0	0.0	0.0	0.0	0.0023847	0.0	0.002139	0.0031847	8.333E-4	0.0022198	9.785E-4	0.0038388	0.0016234	0.0023392	0.0018904	0.0	6.549E-4	0.0	0.0	0.0	0.0	0.0	0.0	0.0	4.916E-4	
Laniidés sp.	0.0	0.0	0.0015	4.023E-4	0.0016026	4.486E-4	4.843E-4	4.885E-4	0.0	0.0015	6.944E-4	0.0	0.0	0.0	0.0021097	5.952E-4	0.0016447	0.0	0.0015	9.174E-4	0.0	0.0	0.0016779	0.002457	0.0013106	0.0	0.0	0.0	0.0	0.0	0.0	0.0	0.0011099	9.785E-4	0.0	0.0015	0.0	0.0	8.511E-4	0.0	0.0	0.0	0.0	0.0	0.0016194	7.622E-4	0.0	9.833E-4	
Crave à bec rouge	0.0084364	0.0091631	0.0059347	0.0096541	0.0058761	0.0112158	0.0237288	0.012213	0.0137311	0.0221861	0.0222222	0.0200822	0.0212766	0.0262566	0.0196906	0.0232143	0.0197368	0.0137237	0.0078387	0.0073394	0.0175439	0.0179153	0.0251678	0.019656	0.017038	0.0130797	0.0316302	0.0174881	0.0236814	0.0224599	0.0095541	0.0133333	0.0110988	0.0136986	0.0115163	0.0137987	0.025731	0.0226843	0.0170213	0.016372	0.0091286	0.0088353	0.0059524	0.0067159	0.011336	0.027439	0.054386	0.0122911	
Corneille noire	0.0	0.0	0.0	0.0	0.0	0.0	0.0	0.0	9.47E-4	0.0	0.0013889	0.0	0.0	0.0	0.0	0.0011905	0.0	0.0	0.0	0.0	0.0	0.0	0.0	0.0	0.0	0.0	0.0	0.0	0.0	0.0	0.0	0.0	0.0	0.0	0.0	0.0	0.0	0.0	0.0	0.0	0.0	0.0	0.0	0.0	0.0	0.0	0.0	0.0	
Corneille mantelée	0.0028121	0.0030544	0.0023739	4.023E-4	0.0026709	8.973E-4	0.0015	0.0029311	4.735E-4	5.411E-4	0.0027778	0.0031949	0.0021277	0.0030008	0.0028129	0.0011905	0.0024671	0.0	0.0	9.174E-4	0.0015949	0.0016287	0.0033557	0.0012285	0.0	0.0011891	0.0	7.949E-4	0.0	0.0010695	0.0	8.333E-4	0.0	0.0029354	9.597E-4	8.117E-4	0.0023392	0.0028355	0.0017021	0.0032744	0.0041494	0.0040161	0.0	0.0053727	0.0016194	0.0022866	8.772E-4	9.833E-4	
Corbeau pie	0.0011249	0.0054979	0.0035608	0.0020113	0.0021368	0.0015	4.843E-4	9.77E-4	0.0018939	0.0027056	0.0048611	0.0036513	0.0028369	0.0022506	0.0035162	0.0029762	0.0024671	0.0015	0.0	0.0018349	0.0015	0.0032573	0.0016779	0.0	0.0	0.0011891	0.0	0.0015898	0.0010764	0.002139	0.0	0.0016667	0.0011099	0.0019569	0.0019194	0.0024351	0.0035088	0.0018904	0.0034043	0.0019646	0.0024896	0.0040161	0.0017007	0.003358	0.0024291	7.622E-4	8.772E-4	9.833E-4	
corneille sp.	0.0	0.0	0.0	0.0	0.0	0.0	0.0	0.0	0.0	0.0	0.0	0.0	7.092E-4	0.0	0.0	0.0	0.0	0.0	0.0	0.0	0.0	0.0	0.0	0.0	0.0	0.0	0.0	0.0	0.0	0.0	0.0	0.0	0.0	0.0	0.0	0.0	0.0	0.0	0.0	0.0	0.0	0.0	0.0	0.0	0.0	0.0	0.0	0.0	
Grand Corbeau	0.1867267	0.1820403	0.1727003	0.184634	0.2083333	0.2059219	0.2053269	0.2144602	0.2362689	0.2316017	0.1916667	0.1916933	0.1921986	0.1762941	0.1821378	0.164881	0.1661184	0.1408966	0.1254199	0.1449541	0.1275917	0.1302932	0.1442953	0.1289926	0.1730013	0.1938169	0.1703163	0.190779	0.1582347	0.1625668	0.1602972	0.1416667	0.2019978	0.1771037	0.1516315	0.1436688	0.1426901	0.1795841	0.1642553	0.156516	0.2049793	0.1879518	0.1896259	0.1833445	0.1975709	0.226372	0.1912281	0.2192724	
corbeau sp.	0.0	6.109E-4	0.0	0.0	0.0	0.0	0.0	4.885E-4	0.0	0.0	0.0	4.564E-4	0.0	0.0	0.0	0.0	0.0	0.0	0.0	0.0	0.0	0.0	0.0	0.0	0.0	0.0	0.0	0.0	0.0	0.0	0.0	0.0	0.0011099	0.0	0.0	0.0	0.0	9.452E-4	0.0	0.0	0.0	0.0	0.0	0.0	0.0	0.0	0.0	0.0	
corneille ou corbeau sp.	0.0	0.0	0.0	0.0	0.0	0.0	0.0	0.0	0.0	0.0	0.0	0.0	0.0	0.0	0.0	0.0	0.0	0.0	0.0	0.0	0.0	0.0	0.0	0.0	0.0	0.0	0.0	0.0	0.0	0.0	0.0	0.0	0.0	0.0	0.0	8.117E-4	0.0	0.0	0.0	0.0	0.0	0.0	0.0	0.0	0.0	0.0	0.0	0.0	
Mésange nord-africaine	0.2148481	0.207697	0.1952522	0.2115849	0.2142094	0.2305967	0.1990315	0.2046898	0.2064394	0.2094156	0.2430556	0.2309448	0.2390071	0.2355589	0.2362869	0.2107143	0.2508224	0.2433669	0.2474804	0.2486239	0.23126	0.252443	0.2248322	0.2776413	0.1887287	0.2366231	0.2846715	0.2448331	0.2443488	0.2203209	0.2186837	0.2058333	0.2286349	0.2201566	0.21881	0.1883117	0.2081871	0.210775	0.2059574	0.2082515	0.2257261	0.2040161	0.2032313	0.1893889	0.2202429	0.2035061	0.1921053	0.2350049	
Mésange charbonnière	5.624E-4	0.0	0.0	0.0	0.0	0.0	0.0	0.0	0.0	0.0	0.0	0.0	0.0	0.0	0.0	0.0	0.0	0.0	0.0	0.0	0.0	0.0	0.0	0.0	0.0	0.0	0.0	0.0	0.0	0.0	0.0	0.0	0.0	0.0	0.0	0.0	0.0	0.0	0.0	0.0	0.0	0.0040161	8.503E-4	0.0013432	0.0	0.0	0.0	0.0	
Sirli du désert	0.0	0.0	0.0	0.0	0.0	0.0	0.0	4.885E-4	0.0	0.0	0.0	0.0	0.0	0.0	0.0	0.0	0.0	0.0	0.0	0.0	0.0	0.0	0.0	0.0	0.0	0.0	0.0	0.0	0.0	0.0	0.0	0.0	0.0	0.0	0.0	0.0	0.0	0.0	0.0	0.0	0.0	0.0	0.0	0.0	0.0	0.0	0.0	0.0	
Ammomane élégante	0.0	0.0	0.0	0.0	0.0	0.0	0.0	9.77E-4	0.0018939	0.0010823	0.0	0.0	0.0	0.0	0.0	0.0	0.0	0.0	0.0	0.0	0.0	0.0	0.0	0.0	0.0	0.0	0.0	0.0	0.0	0.0	0.0	0.0	0.0	0.0	0.0	0.0	0.0	0.0	0.0	0.0	0.0	0.0	0.0	0.0	0.0	0.0	0.0	0.0	
Alouette des champs	0.0	6.109E-4	5.935E-4	8.045E-4	0.0032051	0.0026918	0.0024213	0.0014656	0.0015	0.0010823	0.0	0.0	0.0	0.0	0.0	0.0	0.0	0.0	0.0	0.0	0.0	0.0	0.0	0.0	0.0	0.0	0.0	0.0	0.0	0.0	0.0	0.0	0.0	0.0	0.0	0.0	0.0	0.0	8.511E-4	0.0013098	0.0016598	0.0040161	0.0034014	0.003358	0.0	0.0015	8.772E-4	0.0014749	
Alouette calandrelle	0.0	0.0	0.0	0.0	0.0	0.0	4.843E-4	0.0073278	0.0075758	0.0048701	0.0020833	0.0022821	0.0021277	7.502E-4	0.0028129	0.0011905	8.224E-4	0.0036597	0.0011198	9.174E-4	0.0	0.0	0.0	0.0	0.0	0.0	0.0	0.0	0.0	0.0	0.0	0.0	0.0	9.785E-4	0.0057582	0.0073052	0.0023392	0.0018904	0.0015	6.549E-4	0.0	0.0	0.0	0.0	0.0	0.0	0.0	0.0	
Alouette pispolette	0.0478065	0.0445938	0.0486647	0.0623492	0.0683761	0.0655002	0.0590799	0.0639961	0.0667614	0.0627706	0.0604167	0.0465541	0.0723404	0.0540135	0.0611814	0.052381	0.0567434	0.0466606	0.0347144	0.0376147	0.030303	0.0439739	0.045302	0.017199	0.0196592	0.0356718	0.0194647	0.0341812	0.0269107	0.0342246	0.0191083	0.0183333	0.0299667	0.0303327	0.0278311	0.0243506	0.0292398	0.0349716	0.0357447	0.0275049	0.046473	0.0465863	0.0382653	0.0456682	0.037247	0.0457317	0.0429825	0.0452311	
alaudidé sp.	5.624E-4	0.0	0.0011869	4.023E-4	0.0	4.486E-4	0.0	0.0	4.735E-4	5.411E-4	0.0	0.0	0.0	0.0	0.0014065	5.952E-4	8.224E-4	0.0	0.0	0.0	0.0	0.0	0.0	0.0	0.0	0.0015	0.0	0.0	0.0	0.0	0.0	0.0	0.0011099	0.0	0.0	0.0	0.0	0.0	0.0	0.0	0.0	0.0016064	0.0	0.0	0.0	7.622E-4	8.772E-4	0.0014749	
Hypolaïs pâle	0.0	0.0	0.0	0.0	0.0	0.0	0.0	0.0	0.0	0.0	0.0	0.0	0.0	0.0	7.032E-4	0.0035714	0.0	0.0	0.0	0.0	0.0	0.0	0.0	0.0	0.0	0.0	0.0	0.0	0.0	0.0	0.0	0.0	0.0	0.0	0.0	0.0	0.0	0.0	0.0	0.0	0.0	0.0	0.0	0.0	0.0	0.0	0.0	0.0	
Hypolaïs obscure	0.0	0.0	0.0	0.0	0.0	0.0	0.0	0.0	0.0	0.0	0.0	0.0	0.0	0.0022506	0.0035162	0.0041667	0.0	0.0	0.0	0.0	0.0	0.0	0.0	0.0	0.0	0.0	0.0	0.0	0.0	0.002139	0.0010616	0.0	0.0	0.0	9.597E-4	0.0	0.0	0.0	0.0	0.0	0.0	0.0	0.0	0.0	0.0	0.0	0.0	0.0	
Hypolaïs pâle ou H. obscure	0.0	0.0	0.0	0.0	0.0	0.0	0.0	0.0	0.0	0.0	0.0	0.0	0.0	0.0	0.0	5.952E-4	0.0	0.0	0.0	0.0	0.0	0.0	0.0	0.0	0.0	0.0	0.0	0.0	0.0	0.0	0.0	0.0	0.0	0.0	0.0	0.0	0.0	0.0	0.0	0.0	0.0	0.0	0.0	0.0	0.0	0.0	0.0	0.0	
Iduna sp.	0.0	0.0	0.0	0.0	0.0	0.0	0.0	0.0	0.0	0.0	0.0	0.0	0.0	0.0	7.032E-4	0.0	0.0	0.0	0.0	0.0	0.0	0.0	0.0	0.0	0.0	0.0	0.0	0.0	0.0	0.0	0.0	0.0	0.0	0.0	0.0	0.0	0.0	0.0	0.0	0.0	0.0	0.0	0.0	0.0	0.0	0.0	0.0	0.0	
Hypolaïs polyglotte	0.0	0.0	0.0	0.0	0.0	0.0	0.0	0.0	0.0	0.0	0.0	0.0018257	0.0014184	0.0090023	0.0112518	0.0083333	0.0024671	0.0054895	0.0022396	0.0	0.0031898	0.0	0.0	0.0	0.0	0.0011891	0.0012165	0.0015898	0.0010764	0.0074866	0.014862	0.0091667	0.0066593	0.0039139	0.0115163	0.0015	0.0035088	0.0018904	0.0	0.0	0.0	0.0	8.503E-4	0.0	0.0	0.0	0.0	0.0	
Phragmite des joncs	0.0	0.0	0.0	0.0	0.0	0.0013459	0.0014528	0.0087934	0.0037879	0.0037879	0.0034722	0.0013692	0.0078014	0.0075019	0.0014065	0.0017857	0.0	9.149E-4	0.0	0.0	0.0	0.0	0.0	0.0	0.0	0.0	0.0	0.0	0.0	0.0010695	0.0	8.333E-4	0.0011099	0.0	0.0038388	8.117E-4	0.0011696	0.0028355	0.0051064	0.0	0.0	0.0	0.0	0.0	0.0	0.0	0.0	0.0	
Rousserolle effarvatte	0.0	0.0	0.0	0.0	0.0	4.486E-4	9.685E-4	0.0	0.0	0.0	0.0	0.0	0.0021277	0.0015004	0.0028129	0.0011905	0.0016447	0.0045746	0.0	9.174E-4	0.0	0.0	0.0	0.0	0.0	0.0	0.0	0.0	0.0	0.0	0.0021231	0.0016667	0.0011099	9.785E-4	0.0086372	0.0048701	0.005848	0.0028355	0.0017021	0.0	0.0	8.032E-4	0.0	6.716E-4	0.0	0.0	0.0	0.0	
Rousserolle turdoïde	0.0	0.0	0.0	0.0	0.0	0.0	0.0	0.0	0.0	0.0	6.944E-4	0.0	0.0014184	0.0015004	7.032E-4	0.0047619	0.0	0.0	0.0	0.0	0.0	0.0	0.0	0.0	0.0	0.0	0.0	0.0	0.0	0.0	0.0	0.0	0.0	0.0	0.0	0.0	0.0	0.0	0.0	0.0	0.0	0.0	0.0	0.0	0.0	0.0	0.0	0.0	
Acrocephalus sp.	0.0	0.0	0.0	0.0	0.0	4.486E-4	0.0	0.0	0.0	0.0	0.0	0.0	0.0	0.0	0.0	0.0	0.0	0.0	0.0	0.0	0.0	0.0	0.0	0.0	0.0	0.0	0.0	0.0	0.0	0.0	0.0	0.0	0.0	0.0	0.0	0.0	0.0	0.0	0.0	0.0	0.0	0.0	0.0	0.0	0.0	0.0	0.0	0.0	
Iduna, Hippolais ou Acrocephalus sp.	0.0	0.0	0.0	0.0	0.0	0.0	0.0	4.885E-4	0.0	0.0	0.0	0.0	0.0	0.0	0.0	0.0	0.0	0.0	0.0	0.0	0.0	0.0	0.0	0.0	0.0	0.0	0.0	0.0	0.0	0.0	0.0	0.0	0.0	0.0	0.0	0.0	0.0	0.0	0.0	0.0	0.0	0.0	0.0	0.0	0.0	0.0	0.0	0.0	
Locustelle tachetée	0.0	0.0	0.0	0.0	0.0010684	0.0	0.0	0.0014656	4.735E-4	0.0	0.0	0.0	7.092E-4	0.0015	0.0021097	0.0	8.224E-4	9.149E-4	0.0	0.0	0.0	0.0	0.0	0.0	0.0	0.0	0.0	0.0	0.0015	0.0	0.0	0.0	0.0	9.785E-4	0.0028791	0.0	0.0011696	9.452E-4	8.511E-4	0.0	0.0	0.0	0.0	0.0	0.0	0.0	0.0	0.0	
Locustella sp.	0.0	0.0	0.0	0.0	0.0	0.0	0.0	4.885E-4	0.0	0.0	0.0	0.0	0.0	0.0	0.0	0.0	0.0	0.0	0.0	0.0	0.0	0.0	0.0	0.0	0.0	0.0	0.0	0.0	0.0	0.0	0.0	0.0	0.0	0.0	0.0	0.0	0.0	0.0	0.0	0.0	0.0	0.0	0.0	0.0	0.0	0.0	0.0	0.0	
locustelle sp.	0.0	0.0	0.0	0.0	0.0	0.0	0.0	0.0	0.0	0.0	0.0	0.0	0.0	0.0	0.0	0.0	0.0	0.0	0.0	0.0	0.0	0.0	0.0	0.0	0.0	0.0	0.0	0.0	0.0	0.0	0.0	0.0	0.0	0.0	0.0	8.117E-4	0.0	0.0	0.0	0.0	0.0	0.0	0.0	0.0	0.0	0.0	0.0	0.0	
Hirondelle de rivage	0.0	0.0	0.0011869	4.023E-4	5.342E-4	8.973E-4	0.0029056	0.012213	0.0066288	0.0124459	0.0097222	0.013236	0.0092199	0.0112528	0.0203938	0.0309524	0.0074013	0.0045746	0.0	0.0027523	0.0031898	0.0	0.0033557	0.002457	0.0026212	0.0011891	0.0012165	7.949E-4	0.0010764	0.0010695	0.0010616	8.333E-4	0.0011099	0.0166341	0.0095969	0.0113636	0.0105263	0.0028355	0.0025532	0.0	0.0	0.0	0.0	0.0	8.097E-4	0.0	8.772E-4	0.0	
Hirondelle de rochers	0.0	0.0	0.0	4.023E-4	0.0	0.0	0.0	0.0	0.0	0.0	0.0	0.0	0.0	0.0	0.0	0.0	0.0	0.0	0.0	0.0	0.0	0.0	0.0	0.0	0.0	0.0	0.0	0.0	0.0	0.0	0.0	0.0	0.0	0.0	0.0	0.0	0.0	0.0	0.0	0.0	0.0	0.0	0.0017007	0.0	0.0	0.0	0.0	0.0	
Hirondelle rustique	0.0208099	0.0262676	0.0296736	0.0257442	0.0486111	0.0506954	0.0377724	0.0713239	0.0359848	0.047619	0.0479167	0.0565952	0.0836879	0.072018	0.1336146	0.1357143	0.0731908	0.0576395	0.0503919	0.0458716	0.0318979	0.0211726	0.011745	0.0208845	0.0262123	0.0154578	0.0182482	0.0079491	0.0096878	0.026738	0.0169851	0.0225	0.0255272	0.0293542	0.0335893	0.0357143	0.0280702	0.0170132	0.0170213	0.0176817	0.0099585	0.0128514	0.0136054	0.0094023	0.0048583	0.0083841	0.0140351	0.019174	
Hirondelle de fenêtre	0.0028121	0.0042761	0.0065282	0.0100563	0.0235043	0.0278152	0.0256659	0.0649731	0.0340909	0.0384199	0.0180556	0.0301232	0.0375887	0.0337584	0.04782	0.0636905	0.0279605	0.0365965	0.0347144	0.0311927	0.0111643	0.004886	0.0050336	0.0135135	0.0196592	0.0118906	0.0158151	0.0166932	0.0086114	0.0139037	0.0063694	0.01	0.0144284	0.0078278	0.0134357	0.0097403	0.0140351	0.0094518	0.0059574	0.0065488	0.0049793	8.032E-4	0.0034014	0.0020148	8.097E-4	0.0015244	0.0017544	0.0019666	
Delichon sp.	0.0	0.0	0.0	0.0	0.0	0.0	4.843E-4	0.0	0.0	0.0	0.0	0.0	0.0	0.0	0.0	0.0	0.0	0.0	0.0	0.0	0.0	0.0	0.0	0.0	0.0	0.0	0.0	0.0	0.0	0.0	0.0	0.0	0.0	0.0	0.0	0.0	0.0	0.0	0.0	0.0	0.0	0.0	0.0	0.0	0.0	0.0	0.0	0.0	
Hirondelle rousseline	0.0	0.0	0.0	8.045E-4	0.0021368	0.0049349	0.0067797	0.0258915	0.0179924	0.0200216	0.0083333	0.0118667	0.0092199	0.0075019	0.0133615	0.0196429	8.224E-4	0.0045746	0.0	0.0036697	0.0	0.0	0.0	0.0	0.0013106	0.0011891	0.0012165	0.0015898	0.0021529	0.0010695	0.0031847	0.0025	0.0022198	9.785E-4	0.0038388	8.117E-4	0.0	0.0	0.0	0.005239	0.0016598	0.0	0.0017007	6.716E-4	0.0032389	0.0022866	0.0017544	0.0	
Hirondelle à front blanc	0.0	0.0	0.0	0.0	0.0	0.0	0.0	0.0	0.0	0.0	0.0	0.0	0.0	0.0	0.0	0.0	0.0	0.0	0.0	0.0	0.0	0.0	0.0	0.0	0.0	0.0	0.0	0.0	0.0	0.0	0.0	0.0	0.0	0.0	0.0038388	0.0024351	0.0	0.0	0.0	0.0	0.0	0.0	0.0	0.0	0.0	0.0	0.0	0.0	
hirondelle sp.	5.624E-4	6.109E-4	0.0	0.0	0.0	0.0	4.843E-4	4.885E-4	0.0	0.0	0.0	4.564E-4	7.092E-4	0.0	0.0021097	5.952E-4	0.0	9.149E-4	0.0	9.174E-4	0.0	0.0	0.0	0.0	0.0	0.0	0.0	7.949E-4	0.0	0.0	0.0	0.0	0.0011099	0.0	0.0	0.0	0.0	9.452E-4	0.0	0.0	0.0	0.0	0.0	0.0	0.0	0.0	0.0	9.833E-4	
Bulbul à ventre rouge	0.0106862	0.0109957	0.0029674	0.0068383	0.0106838	0.0125617	0.0121065	0.0117245	0.0089962	0.0156926	0.0069444	0.0082154	0.0092199	0.0067517	0.0049226	0.0107143	0.0123355	0.0091491	0.0044793	0.0073394	0.0047847	0.004886	0.0067114	0.0036855	0.0144168	0.020214	0.0121655	0.0071542	0.0032293	0.0032086	0.0116773	0.0133333	0.0033296	0.0127202	0.0115163	0.0064935	0.0081871	0.0056711	0.0051064	0.005239	0.0099585	0.0040161	0.0085034	0.0141034	0.0105263	0.0198171	0.0105263	0.0078663	
Pouillot siffleur	0.0	0.0	0.0	0.0	0.0	0.0	0.0	0.0	0.0	0.0	0.0	0.0	0.0028369	0.0067517	0.0035162	0.0011905	0.0	0.0027447	0.0	0.0	0.0015949	0.0	0.0	0.0	0.0	0.0	0.0	0.0	0.0	0.0	0.0	0.0	0.0	9.785E-4	0.0	0.0	0.0	0.0	0.0	0.0	0.0	0.0	0.0	0.0	0.0	0.0	0.0	0.0	
Pouillot de Bonelli	0.0	0.0	0.0	0.0	0.0	0.0	4.843E-4	0.0048852	0.0014205	0.0016234	0.0027778	0.0036513	0.0056738	0.0082521	0.0154712	0.0083333	0.0016447	0.0018298	0.0	9.174E-4	0.0	0.0	0.0015	0.0	0.0	0.0	0.0	7.949E-4	0.0	0.0032086	0.0084926	0.0025	0.0022198	0.0029354	0.0057582	0.0016234	0.0	0.0	8.511E-4	0.0	8.299E-4	8.032E-4	0.0	0.0	0.0	0.0	0.0	0.0	
Pouillot à grands sourcils	0.0151856	0.0201588	0.0124629	0.0168946	0.0186966	0.0161507	0.0121065	0.0107474	0.0113636	0.0124459	0.0090278	0.0146052	0.0092199	0.0022506	0.0021097	0.0	0.0	0.0	0.0	0.0	0.0	0.0	0.0	0.0	0.0	0.0	0.0	0.0	0.0	0.0	0.0	0.0	0.0	0.0	0.0	0.0	0.0	0.0	0.0025532	0.0026195	0.0107884	0.0216867	0.0119048	0.0154466	0.0145749	0.0190549	0.0192982	0.0181908	
Pouillot brun	0.0	0.0	0.0	0.0	0.0	0.0	0.0	0.0	0.0	0.0	0.0	0.0	0.0	0.0	0.0	0.0	0.0	0.0	0.0	0.0	0.0	0.0	0.0	0.0	0.0	0.0	0.0	0.0	0.0	0.0	0.0	0.0	0.0	0.0	0.0	0.0	0.0	0.0	0.0	0.0	0.0	0.0016064	0.0	0.0	0.0	0.0	0.0	0.0	
Pouillot fitis	5.624E-4	6.109E-4	5.935E-4	4.023E-4	0.0	0.0013459	0.0014528	0.0078163	0.0033144	0.0167749	0.0236111	0.0241899	0.0375887	0.0450113	0.0548523	0.0261905	0.0032895	0.0146386	0.0022396	0.0027523	0.0	0.0	0.0016779	0.0012285	0.0	0.0	0.0	0.0	0.0	0.0	0.007431	0.0141667	0.0188679	0.0225049	0.0710173	0.0422078	0.0421053	0.0302457	0.0238298	0.0117878	0.0016598	0.0024096	8.503E-4	0.0020148	0.0	0.0015244	0.0	4.916E-4	
Pouillot des Canaries	0.3644544	0.367135	0.3649852	0.385358	0.3568376	0.3781965	0.3651332	0.3488031	0.3480114	0.3365801	0.3944444	0.3952533	0.3836879	0.3848462	0.3677918	0.3714286	0.3988487	0.4007319	0.4300112	0.4082569	0.3811802	0.3452769	0.3724832	0.3992629	0.3237221	0.3353151	0.419708	0.3783784	0.386437	0.3497326	0.3630573	0.3533333	0.3418424	0.3375734	0.2955854	0.3482143	0.3695906	0.3610586	0.3982979	0.4073346	0.3842324	0.3188755	0.3358844	0.3149765	0.3975709	0.3628049	0.3780702	0.4198623	
Pouillot véloce	0.0376828	0.0293219	0.0391691	0.0301689	0.0400641	0.0399282	0.0445521	0.0605765	0.0374053	0.0367965	0.0215278	0.0246463	0.0184397	0.0105026	0.0133615	0.0130952	0.0	9.149E-4	0.0	0.0	0.0	0.0	0.0033557	0.0	0.0	0.0	0.0	0.0	0.0	0.0	0.0	0.0	0.0033296	0.0097847	0.0076775	0.0137987	0.0046784	0.0047259	0.0110638	0.0144073	0.0215768	0.0273092	0.0331633	0.0369375	0.0315789	0.0457317	0.0289474	0.0363815	
Pouillot ibérique	5.624E-4	0.0	0.0	8.045E-4	0.0	4.486E-4	0.0	4.885E-4	9.47E-4	0.0010823	6.944E-4	0.0	0.0	0.0	0.0	0.0	0.0	0.0	0.0	0.0	0.0	0.0	0.0	0.0	0.0	0.0	0.0	0.0	0.0	0.0	0.0	0.0	0.0	9.785E-4	0.0	0.0	0.0	0.0	0.0	0.0	0.0	0.0	8.503E-4	0.0	0.0	0.0	0.0	0.0	
Pouillot véloce ou P. ibérique	0.0	0.0	0.0	0.0	0.0	0.0	4.843E-4	0.0	0.0	0.0	0.0	0.0	0.0	0.0	0.0	0.0	0.0	0.0	0.0	0.0	0.0	0.0	0.0	0.0	0.0	0.0	0.0	0.0	0.0	0.0	0.0	0.0	0.0	0.0	0.0	0.0	0.0	0.0	0.0	0.0	0.0	0.0	0.0	0.0	0.0	0.0	0.0	0.0	
pouillot sp.	0.0011249	6.109E-4	0.0047478	0.0024135	5.342E-4	0.0	4.843E-4	9.77E-4	9.47E-4	5.411E-4	0.0	4.564E-4	0.0	0.0030008	0.0021097	0.0035714	8.224E-4	0.0018298	0.0	0.0	0.0015949	0.0	0.0016779	0.0012285	0.0013106	0.0	0.0012165	0.0	0.0010764	0.0	0.0010616	0.0025	0.0011099	0.0029354	9.597E-4	0.0	0.0	0.0018904	0.0017021	0.0013098	0.0	8.032E-4	8.503E-4	0.0	0.0	7.622E-4	0.0015	0.0014749	
Fauvette à tête noire	0.1046119	0.1044594	0.1103858	0.1359614	0.1383547	0.1606101	0.1786925	0.1665852	0.171875	0.1888528	0.1965278	0.1848471	0.1964539	0.1620405	0.1596343	0.1440476	0.1661184	0.1802379	0.1791713	0.1825688	0.1945774	0.2198697	0.1879195	0.1941032	0.1349934	0.1046373	0.1216545	0.0826709	0.088267	0.0877005	0.0774947	0.0766667	0.0699223	0.0499022	0.059501	0.0551948	0.0701754	0.0708885	0.0740426	0.0615586	0.0780083	0.075502	0.0901361	0.0826058	0.097166	0.0960366	0.1192982	0.1111111	
Fauvette des jardins	0.0	0.0	0.0	0.0	0.0	0.0	0.0	0.0	0.0	0.0	0.0013889	0.0	0.0021277	0.012003	0.0021097	5.952E-4	0.0	0.0	0.0	0.0	0.0	0.0	0.0	0.0	0.0	0.0	0.0	0.0	0.0	0.0	0.0010616	0.0	0.0	0.0	0.0038388	0.0040584	0.0011696	9.452E-4	8.511E-4	6.549E-4	0.0	0.0	0.0	6.716E-4	0.0	0.0015	0.0	0.0014749	
Fauvette orphée	0.0	0.0	0.0	0.0	0.0	0.0	0.0	0.0058622	0.0014205	0.0016234	0.0	0.0	0.0014184	0.0045011	0.0021097	0.0	0.0	0.0	0.0	0.0	0.0	0.0	0.0	0.0	0.0	0.0	0.0	0.0	0.0	0.0	0.0010616	8.333E-4	0.0	0.0	9.597E-4	0.0	0.0	0.0	0.0	0.0	0.0	8.032E-4	0.0	0.0	0.0	0.0	0.0	0.0	
Fauvette du désert	0.0	0.0	0.0	0.0	0.0	0.0	0.0	9.77E-4	0.0	0.0	0.0	0.0	0.0	0.0	0.0	0.0	0.0	0.0	0.0	0.0	0.0	0.0	0.0	0.0	0.0	0.0	0.0	0.0	0.0	0.0	0.0	0.0	0.0	0.0	0.0	0.0	0.0	0.0	0.0	0.0	0.0	0.0	0.0	0.0	0.0	0.0	0.0	0.0	
Fauvette de l'Atlas	0.0	0.0	0.0	0.0	0.0	0.0	0.0	4.885E-4	0.0	0.0	0.0	0.0	0.0	0.0	0.0	0.0	0.0	0.0	0.0	0.0	0.0	0.0	0.0	0.0	0.0	0.0	0.0	0.0	0.0	0.0	0.0	0.0	0.0	0.0	0.0	0.0	0.0	0.0	0.0	0.0	0.0	0.0	0.0	0.0	0.0	0.0	0.0	0.0	
Fauvette mélanocéphale	0.1271091	0.1282834	0.1246291	0.1395817	0.1378205	0.1318977	0.146247	0.1304348	0.1202652	0.116342	0.1104167	0.1232314	0.1248227	0.1035259	0.0766526	0.0982143	0.1159539	0.1079597	0.1030235	0.1091743	0.0940989	0.0944625	0.1191275	0.1216216	0.0982962	0.1117717	0.1216545	0.1232114	0.1248654	0.1080214	0.1231423	0.1108333	0.1065483	0.1164384	0.1132438	0.1185065	0.1239766	0.1361059	0.147234	0.1525868	0.1352697	0.1253012	0.1267007	0.1249161	0.1417004	0.1333841	0.1421053	0.1342183	
Fauvette passerinette	0.0	0.0	0.0	4.023E-4	0.0	4.486E-4	0.0014528	0.0302882	0.0142045	0.0091991	0.0055556	0.0031949	0.0092199	0.0082521	0.0035162	5.952E-4	0.0015	0.0018298	0.0022396	0.0015	0.0	0.0	0.0	0.0	0.0	0.0	0.0	0.0	0.0	0.0	0.0	0.0025	0.0033296	0.0	0.0019194	0.0032468	0.0046784	0.0028355	0.0025532	6.549E-4	0.0	0.0	0.0	6.716E-4	0.0	0.0	0.0	0.0	
Fauvette des Balkans	0.0	0.0	0.0	0.0	0.0	0.0	0.0	4.885E-4	0.0	0.0	0.0	0.0	0.0	0.0	0.0	0.0	0.0	0.0	0.0	0.0	0.0	0.0	0.0	0.0	0.0	0.0	0.0	0.0	0.0	0.0	0.0	0.0	0.0	0.0	0.0	0.0	0.0	0.0	0.0	0.0	0.0	0.0	0.0	0.0	0.0	0.0	0.0	0.0	
Fauvette grisette	0.0	0.0	0.0	0.0	0.0	0.0	0.0	0.0019541	0.0014205	0.0016234	0.0020833	0.0018257	0.0028369	0.0105026	0.0112518	0.0029762	8.224E-4	9.149E-4	0.0	9.174E-4	0.0	0.0	0.0	0.0	0.0	0.0	0.0	0.0	0.0015	0.0	0.0010616	0.0041667	0.0055494	0.0019569	0.0153551	0.0113636	0.0163743	0.0094518	0.0051064	6.549E-4	0.0	0.0	0.0	0.0013432	0.0	0.0	0.0	0.0	
Fauvette à lunettes	0.0922385	0.1093464	0.0919881	0.0860821	0.0876068	0.0874832	0.0842615	0.0952614	0.0913826	0.0963203	0.0763889	0.0757645	0.0865248	0.0570143	0.0710267	0.0630952	0.0625	0.0576395	0.0414334	0.0568807	0.0606061	0.0390879	0.0436242	0.0429975	0.0642202	0.0546968	0.0389294	0.0429253	0.0570506	0.0631016	0.0690021	0.0525	0.0432852	0.0596869	0.0758157	0.0649351	0.0561404	0.0822306	0.0944681	0.0844794	0.0987552	0.1060241	0.1028912	0.1208865	0.08583	0.0983232	0.0938596	0.0850541	
Sylvia ou Curruca sp.	0.003937	0.0042761	0.0017804	0.0028158	0.0021368	0.0017945	0.0024213	9.77E-4	9.47E-4	0.0037879	0.0013889	0.0018257	0.0021277	0.0015004	0.0014065	0.0011905	0.0	0.0027447	0.0	0.0	0.0047847	0.004886	0.0016779	0.004914	0.0052425	0.0023781	0.0036496	0.0023847	0.007535	0.002139	0.0021231	0.0016667	0.0077691	0.0019569	0.0038388	0.0016234	0.0011696	9.452E-4	8.511E-4	0.0019646	0.0024896	0.0024096	0.0017007	0.0013432	0.0016194	0.0015244	0.0017544	0.006883	
Passeriformes sp. (fauvette de l'ancien monde sp.)	0.0	0.0	0.0	0.0	0.0	0.0	0.0	0.0	0.0	5.411E-4	0.0	0.0	0.0	0.0	0.0	0.0	0.0	0.0	0.0	0.0	0.0	0.0	0.0	0.0	0.0	0.0	0.0	0.0	0.0	0.0	0.0	0.0	0.0	0.0	0.0	0.0	0.0	0.0	0.0	0.0	0.0	0.0	0.0	0.0	0.0	0.0	0.0	0.0	
Roitelet huppé	0.0416198	0.0293219	0.0249258	0.031778	0.0299145	0.0287124	0.0368039	0.0278456	0.0284091	0.0367965	0.0388889	0.0374258	0.0368794	0.0300075	0.0428973	0.0464286	0.0592105	0.042086	0.0526316	0.0513761	0.0414673	0.0439739	0.0536913	0.0552826	0.0327654	0.059453	0.0827251	0.0739269	0.0678149	0.0417112	0.059448	0.0516667	0.0421754	0.0469667	0.0393474	0.0413961	0.0374269	0.0444234	0.0519149	0.0471513	0.0365145	0.026506	0.0416667	0.0342512	0.0510121	0.0472561	0.0526316	0.0560472	
Étourneau sansonnet	0.0050619	0.0061087	0.0041543	0.006436	0.0042735	0.0044863	0.0072639	0.0053737	4.735E-4	0.0016234	0.0	9.128E-4	0.0014184	0.0015004	0.0014065	0.0	0.0	0.0018298	0.0	0.0	0.0	0.0	0.0	0.0012285	0.0	0.0	0.0	0.0	0.0	0.0	0.0	0.0016667	0.0011099	0.0	0.0	0.0	0.0	0.0	0.0	6.549E-4	0.0082988	0.0297189	0.0144558	0.0107455	0.011336	0.0114329	0.0026316	0.0058997	
Étourneau roselin	0.0	0.0	0.0	0.0	0.0	0.0	0.0	0.0	0.0	0.0	0.0	0.0	0.0	0.0	0.0	0.0	8.224E-4	0.0	0.0	0.0	0.0	0.0	0.0	0.0	0.0	0.0	0.0	0.0	0.0	0.0	0.0	0.0	0.0	0.0	0.0	0.0	0.0	0.0	0.0	0.0	0.0	0.0	0.0	0.0	0.0	0.0	0.0	0.0	
Choucador à longue queue	5.624E-4	6.109E-4	0.0011869	4.023E-4	0.0010684	0.0	4.843E-4	0.0	0.0	0.0	0.0	0.0	0.0	0.0	0.0	0.0	0.0	0.0	0.0	0.0	0.0	0.0	0.0	0.0	0.0	0.0	0.0	0.0	0.0	0.0	0.0	0.0	0.0	9.785E-4	0.0	0.0	0.0011696	9.452E-4	0.0	0.0	0.0	0.0016064	0.0	6.716E-4	0.0	0.0	8.772E-4	0.0014749	
Choucador pourpré	0.0	0.0	0.0	0.0	0.0	0.0	0.0	0.0	0.0	0.0	0.0	0.0	0.0	0.0	0.0	0.0	0.0	0.0	0.0	0.0	0.0	0.0	0.0	0.0	0.0	0.0	0.0	0.0	0.0	0.0	0.0	0.0	0.0	0.0	0.0	0.0	0.0	0.0	0.0	0.0	0.0	0.0	0.0	6.716E-4	0.0	0.0	0.0	0.0	
Grive draine	5.624E-4	0.0	0.0	0.0	0.0	8.973E-4	0.0	0.0	0.0	0.0	0.0	0.0	0.0	0.0	0.0	0.0	0.0	0.0	0.0	0.0	0.0	0.0	0.0	0.0	0.0	0.0	0.0	0.0	0.0	0.0	0.0	0.0	0.0	0.0	0.0	0.0	0.0	0.0	0.0	0.0	0.0	0.0	0.0	0.0	0.0	0.0	0.0	4.916E-4	
Grive musicienne	0.0134983	0.0140501	0.0136499	0.0144811	0.0144231	0.0107672	0.0106538	0.0151441	0.0113636	0.0167749	0.0152778	0.0059334	0.0070922	0.0015004	0.0021097	0.0017857	8.224E-4	0.0018298	0.0022396	0.0	0.0	0.0	0.0	0.0	0.0	0.0	0.0	0.0	0.0	0.0	0.0	0.0	0.0	0.0	0.0019194	0.0	0.0015	0.0	0.0	0.0078585	0.0124481	0.0305221	0.0323129	0.0248489	0.0097166	0.0182927	0.0114035	0.0162242	
Grive mauvis	0.0	6.109E-4	0.0017804	0.001609	0.0	0.0	9.685E-4	0.0014656	0.0015	5.411E-4	0.0	0.0	7.092E-4	0.0	0.0	0.0	0.0	0.0	0.0	0.0	0.0	0.0	0.0	0.0	0.0	0.0	0.0	0.0	0.0	0.0	0.0	0.0	0.0	0.0	0.0	0.0	0.0	0.0	0.0	0.0	8.299E-4	0.0024096	0.0042517	0.003358	8.097E-4	0.0	8.772E-4	4.916E-4	
Merle noir	0.2530934	0.2480147	0.2557864	0.2799678	0.2938034	0.2943024	0.2726392	0.2892037	0.2992424	0.2965368	0.3569444	0.341853	0.3553191	0.3608402	0.338256	0.35	0.3700658	0.378774	0.3818589	0.3844037	0.3795853	0.3680782	0.3892617	0.3722359	0.2621232	0.2508918	0.2712895	0.2241653	0.2174381	0.2171123	0.2197452	0.2175	0.1886792	0.204501	0.2072937	0.2045455	0.2491228	0.2353497	0.2706383	0.2449247	0.2365145	0.2120482	0.212585	0.2249832	0.2801619	0.2248476	0.2649123	0.2920354	
Grive litorne	0.0	0.0	0.0	4.023E-4	0.0016026	4.486E-4	0.0	0.0	4.735E-4	0.0016234	0.0	0.0	0.0	0.0	0.0	0.0	0.0	0.0	0.0	0.0	0.0	0.0	0.0	0.0	0.0	0.0	0.0	0.0	0.0	0.0	0.0	0.0	0.0	0.0	0.0	0.0	0.0	0.0	0.0	0.0	0.0	8.032E-4	8.503E-4	0.0	0.0	7.622E-4	0.0	0.0	
Merle à plastron	0.0016873	0.0012217	5.935E-4	8.045E-4	0.0010684	0.0017945	0.001937	0.0014656	4.735E-4	0.0010823	0.0	4.564E-4	0.0014184	0.0	0.0	0.0	0.0	0.0	0.0	0.0	0.0	0.0	0.0	0.0	0.0	0.0	0.0	0.0	0.0	0.0	0.0	0.0	0.0	0.0	0.0	0.0	0.0	9.452E-4	0.0	0.0	0.0	8.032E-4	0.0034014	6.716E-4	8.097E-4	0.003811	8.772E-4	0.0014749	
Turdus sp.	0.0	0.0	5.935E-4	0.0	0.0	0.0	0.0	0.0	0.0	0.0	6.944E-4	0.0	0.0	7.502E-4	0.0015	0.0	0.0	0.0	0.0011198	0.0	0.0	0.0	0.0	0.0	0.0	0.0	0.0	0.0	0.0015	0.0	0.0	0.0	0.0	0.0	0.0	0.0	0.0	0.0	0.0	0.0	0.0	0.0	0.0	0.0	0.0	0.0	0.0	0.0	
turdidé sp.	5.624E-4	0.0	0.0	0.0	0.0	0.0	0.0	0.0	0.0	0.0	0.0	0.0	0.0	0.0	0.0	0.0	0.0	0.0	0.0	0.0	0.0	0.0	0.0	0.0	0.0	0.0	0.0	0.0	0.0	0.0	0.0	0.0	0.0	0.0	0.0	0.0	0.0	0.0	0.0	0.0	0.0	0.0	0.0	0.0	0.0	0.0	0.0	0.0	
Gobemouche gris	0.0	0.0	0.0	0.0	0.0	0.0	0.0	0.0	0.0	0.0	0.0	0.0	0.0035461	0.0075019	0.0161744	0.0077381	0.0115132	0.0393413	0.0055991	0.0091743	0.0047847	0.0	0.0015	0.0012285	0.0	0.0011891	0.0	0.0	0.0010764	0.0010695	0.0	0.0041667	0.0110988	0.0273973	0.1055662	0.0706169	0.0690058	0.0378072	0.0204255	0.0032744	0.0033195	0.0	0.0017007	6.716E-4	0.0	0.0	0.0	0.0	
Agrobate roux	0.0	0.0	0.0	0.0	0.0	0.0	0.0	0.0	0.0	0.0	0.0	4.564E-4	0.0	0.0015	0.0014065	0.0	0.0016447	0.0	0.0	0.0018349	0.0	0.0	0.0	0.0	0.0	0.0	0.0	0.0	0.0	0.0	0.0	8.333E-4	0.0	0.0	0.0	0.0	0.0	0.0	0.0	0.0	0.0	0.0	0.0	0.0	0.0	0.0	0.0	0.0	
Rougegorge familier	0.0978628	0.0812462	0.0836795	0.084473	0.0934829	0.0924181	0.0823245	0.0815828	0.0828598	0.08171	0.0895833	0.0739388	0.1028369	0.0930233	0.0900141	0.085119	0.1077303	0.1097896	0.1052632	0.1119266	0.0829346	0.0993485	0.0989933	0.1142506	0.0694626	0.0808561	0.0948905	0.0763116	0.0839612	0.0663102	0.0647558	0.0808333	0.0621532	0.0714286	0.0767754	0.086039	0.0923977	0.1115312	0.1234043	0.1034709	0.0979253	0.0931727	0.1020408	0.0826058	0.1004049	0.1067073	0.0929825	0.1106195	
Rossignol philomèle	0.0	0.0	0.0	0.0	0.0	0.0	0.0	0.0	0.0	0.0	0.0	0.0018257	0.0042553	0.0030008	0.0049226	0.002381	0.0	9.149E-4	0.0	9.174E-4	0.0	0.0	0.0	0.0	0.0	0.0	0.0	0.0	0.0	0.0	0.0	0.0	0.0011099	0.0	0.0019194	0.0	0.0011696	0.0	0.0	0.0	0.0	8.032E-4	0.0	0.0	0.0	0.0	0.0	0.0	
Gorgebleue à miroir	5.624E-4	0.0	0.0	0.0012068	0.0016026	4.486E-4	4.843E-4	0.0039082	9.47E-4	0.0015	0.0	0.0	0.0	0.0	0.0	0.0	0.0	0.0	0.0	0.0	0.0	0.0	0.0	0.0	0.0	0.0	0.0	0.0	0.0	0.0	0.0	0.0	0.0	0.0	0.0	0.0	0.0011696	0.0	0.0	0.0	0.0	0.0	0.0	0.0	0.0	0.0	0.0	4.916E-4	
Gobemouche nain	0.0022497	0.0012217	5.935E-4	4.023E-4	0.0010684	0.0	0.0	4.885E-4	4.735E-4	5.411E-4	0.0013889	4.564E-4	7.092E-4	0.0	7.032E-4	0.0	0.0	0.0	0.0	0.0	0.0	0.0	0.0	0.0	0.0	0.0	0.0	0.0	0.0	0.0	0.0	0.0	0.0	0.0	0.0	0.0	0.0	0.0	0.0	0.0	0.0	0.0	0.0017007	0.0	0.0	0.0	0.0	0.0044248	
Gobemouche noir	0.0	0.0	0.0	0.0	0.0	0.0	0.0	0.0	0.0	0.0015	0.0015	0.0013692	0.0035461	0.0195049	0.0225035	0.0113095	8.224E-4	0.0146386	0.0011198	0.0036697	0.0015949	0.0	0.0015	0.0012285	0.0	0.0	0.0	0.0	0.0010764	0.002139	0.0021231	0.01	0.0332963	0.0420744	0.1429942	0.1201299	0.0959064	0.0765595	0.0502128	0.0058939	0.0033195	0.0016064	0.0017007	6.716E-4	0.0	0.0	0.0	0.0	
Rougequeue à front blanc	0.0	0.0	0.0	0.0	0.0	0.0	0.0	4.885E-4	0.0015	5.411E-4	0.0034722	0.0104975	0.0312057	0.0255064	0.0295359	0.0059524	0.0049342	0.0054895	0.0033595	0.0	0.0	0.0	0.0	0.0	0.0	0.0	0.0	0.0	0.0	0.0	0.0010616	0.0	0.0044395	9.785E-4	0.0115163	0.0105519	0.0175439	0.0122873	0.0076596	0.0032744	0.0024896	0.0016064	8.503E-4	0.0	0.0	0.0	8.772E-4	0.0	
Rougequeue noir	0.0073116	0.0054979	0.0065282	0.0028158	0.0042735	0.0044863	0.0014528	0.0024426	0.0033144	5.411E-4	0.0015	0.0013692	0.0049645	7.502E-4	7.032E-4	0.0011905	0.0	9.149E-4	0.0011198	0.0	0.0	0.0	0.0	0.0	0.0	0.0	0.0	0.0	0.0	0.0	0.0	0.0	0.0	0.0015	0.0028791	0.0	0.0011696	9.452E-4	8.511E-4	0.0026195	0.0074689	0.0160643	0.0204082	0.0094023	0.0032389	0.0030488	0.0087719	0.0044248	
rougequeue sp.	0.0	0.0	0.0	0.0	0.0	0.0	0.0	0.0	0.0	0.0	0.0	0.0	0.0	0.0	0.0	0.0	0.0	0.0	0.0	0.0	0.0	0.0	0.0	0.0	0.0	0.0	0.0	0.0	0.0	0.0	0.0	0.0	0.0	0.0	0.0	0.0	0.0	0.0	0.0	6.549E-4	0.0	0.0	0.0	0.0	0.0	0.0	0.0	0.0	
Monticole de roche	0.0	0.0	0.0	0.0	0.0	0.0	0.0	0.0	0.0	0.0	0.0	0.0	0.0	0.0	0.0021097	0.0011905	0.0	0.0	0.0	0.0	0.0	0.0	0.0	0.0	0.0	0.0	0.0	0.0	0.0	0.0	0.0	0.0	0.0	0.0	0.0	0.0	0.0	0.0	0.0	0.0	0.0	0.0	0.0	0.0	0.0	0.0	0.0	0.0	
Monticole bleu	0.0	0.0	0.0	0.0	0.0	0.0	0.0	0.0	0.0	0.0	0.0	0.0	0.0	0.0	0.0	0.0	0.0	0.0	0.0	0.0	0.0	0.0	0.0	0.0	0.0	0.0	0.0	0.0	0.0	0.0	0.0	0.0	0.0	0.0	0.0	0.0	0.0	9.452E-4	0.0	0.0	0.0	0.0	0.0	0.0	0.0	0.0	0.0	0.0	
Tarier des prés	0.0	0.0	0.0	0.0	0.0	0.0	0.0	0.0	0.0	5.411E-4	0.0	9.128E-4	0.0028369	0.0060015	0.0077356	0.002381	8.224E-4	0.0045746	0.0033595	0.0	0.0	0.0	0.0	0.0	0.0	0.0	0.0	0.0	0.0	0.0	0.0	0.0	0.0	9.785E-4	0.0057582	0.0056818	0.0093567	0.0047259	0.0034043	0.0	0.0	0.0	8.503E-4	6.716E-4	0.0	7.622E-4	0.0	0.0	
Tarier des Canaries	0.0382452	0.0366524	0.031454	0.0261464	0.0352564	0.0336474	0.0363196	0.0390816	0.0392992	0.0492424	0.0375	0.0264719	0.0297872	0.0210053	0.0302391	0.0220238	0.0148026	0.0228728	0.012318	0.0247706	0.0255183	0.0114007	0.011745	0.0061425	0.0249017	0.0273484	0.0255474	0.0262321	0.01507	0.0171123	0.0318471	0.0225	0.0210877	0.0264188	0.0316699	0.0243506	0.0128655	0.0302457	0.0357447	0.0222659	0.0315353	0.0425703	0.0391156	0.0322364	0.0307692	0.0472561	0.0210526	0.0250737	
Tarier pâtre	0.0067492	0.0061087	0.0053412	0.003218	0.0069444	0.0067295	0.0062954	0.0024426	0.0	5.411E-4	6.944E-4	0.0018257	0.0	7.502E-4	0.0014065	0.0	0.0	0.0	0.0011198	0.0	0.0	0.0	0.0	0.0	0.0	0.0	0.0	0.0	0.0	0.0	0.0	0.0	0.0	0.0	9.597E-4	0.0	0.0011696	0.0	0.0017021	0.0019646	0.0058091	0.0096386	0.0085034	0.0094023	0.0032389	0.0060976	0.0070175	0.0083579	
Traquet motteux	0.0011249	6.109E-4	0.0017804	0.0020113	0.0026709	0.0	0.0038741	0.01319	0.0118371	0.0081169	0.00625	0.007759	0.006383	0.0060015	0.0084388	0.0029762	0.0	0.0	0.0022396	0.0018349	0.0	0.0	0.0	0.0	0.0	0.0	0.0	0.0	0.0010764	0.0	0.0	8.333E-4	0.0011099	0.0068493	0.0182342	0.0219156	0.0222222	0.0179584	0.0093617	0.0019646	0.0033195	0.0	0.0017007	0.0040296	0.0024291	0.0030488	8.772E-4	0.0019666	
Traquet de Seebohm	0.0	0.0	0.0	0.0	0.0	0.0	0.0	0.0	0.0	0.0	0.0	0.0	0.0	0.0	0.0	0.0	0.0	0.0	0.0	0.0	0.0	0.0	0.0	0.0	0.0	0.0	0.0	0.0	0.0	0.0	0.0	0.0	0.0	0.0	9.597E-4	0.0	0.0	0.0	0.0	0.0	0.0	0.0	0.0	0.0	0.0	0.0	0.0	0.0	
Traquet isabelle	0.0	0.0	0.0	0.0	0.0	0.0	0.0	0.0019541	0.0047348	0.0048701	0.0015	0.0	0.0	0.0	0.0	0.0	0.0	0.0	0.0	0.0	0.0	0.0	0.0	0.0	0.0	0.0	0.0	0.0	0.0	0.0	0.0	0.0	0.0	0.0	0.0	0.0	0.0	0.0	0.0	0.0	0.0	0.0	0.0	0.0	0.0	0.0	0.0	0.0015	
Traquet du désert	5.624E-4	0.0	0.0	0.0	0.0	4.486E-4	0.0	0.0083048	0.0052083	0.0021645	0.0	0.0	0.0	0.0	0.0	0.0	0.0	0.0	0.0	0.0	0.0	0.0	0.0	0.0	0.0	0.0	0.0	0.0	0.0	0.0	0.0	0.0	0.0	0.0	0.0	0.0	0.0	0.0	0.0	0.0	0.0	0.0	0.0	0.0	0.0	0.0	0.0	0.0	
Traquet oreillard	0.0	0.0	0.0	0.0	0.0	0.0	0.0	4.885E-4	0.0	0.0	0.0015	4.564E-4	7.092E-4	0.0	0.0021097	0.0	0.0	0.0	0.0	0.0	0.0	0.0	0.0	0.0	0.0	0.0	0.0	0.0	0.0	0.0	0.0	0.0	0.0	0.0	0.0	0.0	0.0	0.0	0.0	0.0	0.0	0.0	0.0	0.0	0.0	0.0	0.0	0.0	
Oenanthe sp.	0.0	0.0	0.0	0.0	0.0	0.0	0.0	0.0	0.0	0.0	0.0	0.0	0.0	7.502E-4	0.0	5.952E-4	0.0	0.0	0.0	0.0	0.0	0.0	0.0	0.0	0.0	0.0	0.0	0.0	0.0	0.0	0.0	8.333E-4	0.0	0.0	0.0	0.0	0.0	0.0	0.0	0.0	0.0	0.0	0.0	0.0	0.0	0.0	0.0	0.0	
Tisserin gendarme	0.0	0.0	0.0	0.0	0.0	0.0	0.0	0.0	0.0	0.0	0.0	0.0	0.0	0.0	0.0	0.0	0.0	0.0	0.0	9.174E-4	0.0	0.0	0.0	0.0	0.0	0.0	0.0	0.0	0.0	0.0	0.0	0.0	0.0	0.0	0.0	0.0	0.0	0.0	0.0	0.0	0.0	0.0	0.0	0.0	0.0	0.0	0.0	0.0	
Diamant mandarin	0.0	0.0	0.0	0.0	0.0	0.0	0.0	0.0	0.0	0.0	0.0	0.0015	0.0	0.0	0.0	0.0	0.0	0.0	0.0	0.0	0.0	0.0	0.0	0.0	0.0	0.0	0.0	0.0	0.0	0.0	0.0	0.0	0.0	0.0	0.0015	0.0	0.0	0.0	0.0	0.0	0.0	0.0	0.0	0.0	0.0	0.0	0.0	0.0	
Capucin bec-de-plomb	0.0	0.0	0.0	0.0	0.0	0.0	0.0	0.0	0.0	0.0	0.0	0.0	0.0	0.0	0.0	0.0	0.0	0.0	0.0	0.0	0.0	0.0	0.0	0.0012285	0.0	0.0	0.0	0.0	0.0	0.0	0.0	0.0	0.0	0.0	0.0	0.0	0.0	0.0	0.0	0.0	0.0	0.0	0.0	0.0	0.0	0.0	0.0	0.0	
Astrild queue-de-vinaigre	0.0	0.0	0.0	0.0	0.0	4.486E-4	0.0	0.0	0.0015	0.0	0.0	0.0	0.0	0.0	0.0	0.0	0.0	9.149E-4	0.0	0.0	0.0	0.0	0.0	0.0	0.0	0.0	0.0	0.0	0.0	0.0010695	0.0	0.0	0.0	0.0	0.0	0.0	0.0	0.0	0.0	0.0	0.0	0.0	0.0	0.0	0.0015	0.0	0.0	0.0	
Astrild à joues orange	0.0	0.0	0.0	0.0	0.0	0.0	0.0	0.0	0.0	0.0	0.0	0.0	0.0	0.0	0.0	0.0	8.224E-4	0.0	0.0	0.0	0.0	0.0	0.0	0.0	0.0	0.0	0.0	0.0	0.0	0.0	0.0	0.0	0.0	0.0	0.0	0.0	0.0	0.0	0.0	0.0	0.0	0.0	0.0	0.0	0.0	0.0	0.0	0.0	
Astrild ondulé	0.0348706	0.0323763	0.0231454	0.0281577	0.0251068	0.0251234	0.0256659	0.0312653	0.0288826	0.0254329	0.0340278	0.0374258	0.0262411	0.0382596	0.02391	0.022619	0.0353618	0.0375114	0.043673	0.0541284	0.0637959	0.0407166	0.057047	0.0638821	0.0432503	0.0332937	0.0389294	0.0421304	0.0527449	0.0459893	0.0583864	0.0358333	0.054384	0.0547945	0.037428	0.0584416	0.0643275	0.0378072	0.0553191	0.059594	0.0439834	0.0337349	0.0272109	0.0355944	0.0283401	0.03125	0.0192982	0.0299902	
Amadine cou-coupé	0.0	0.0	0.0	0.0	0.0	0.0	0.0	0.0	0.0	0.0	0.0	0.0	0.0	0.0	0.0	0.0	0.0	0.0	0.0	0.0	0.0	0.0	0.0	0.0012285	0.0	0.0	0.0	0.0	0.0	0.0	0.0	0.0	0.0	0.0	0.0	0.0	0.0	0.0	0.0	0.0	0.0	0.0	0.0	0.0	0.0	0.0	0.0	0.0	
Cordonbleu à joues rouges	0.0	0.0	0.0	0.0	0.0	0.0	0.0	0.0	9.47E-4	5.411E-4	0.0015	0.0015	0.0	0.0	0.0	0.0	0.0	0.0	0.0	0.0	0.0	0.0	0.0	0.0	0.0	0.0	0.0	0.0	0.0	0.0	0.0	0.0	0.0	0.0	0.0	0.0	0.0	0.0	0.0	0.0	0.0	0.0	0.0	0.0	0.0	0.0	0.0	0.0	
Moineau domestique	0.0056243	0.0061087	0.0053412	0.0052293	0.008547	0.0125617	0.0072639	0.0043967	0.0066288	0.0054113	0.0048611	0.005477	0.006383	0.0030008	0.0077356	0.014881	0.0115132	0.0137237	0.0078387	0.0073394	0.015949	0.0130293	0.0100671	0.004914	0.0091743	0.0047562	0.0024331	0.0031797	0.01507	0.0074866	0.0063694	0.0041667	0.0022198	9.785E-4	0.0047985	0.0089286	0.0105263	0.0056711	0.0068085	0.0065488	0.0058091	0.0024096	0.0034014	0.0040296	0.0048583	0.0045732	0.0017544	0.0024582	
Moineau espagnol	0.2457818	0.2529016	0.2344214	0.2860016	0.3151709	0.3212203	0.3070218	0.3610161	0.3787879	0.3977273	0.3333333	0.3308991	0.3723404	0.3593398	0.3614627	0.3946429	0.3643092	0.3302836	0.3303471	0.3513761	0.3620415	0.3745928	0.3892617	0.3464373	0.3460026	0.3376932	0.2749392	0.2400636	0.2325081	0.2406417	0.2781316	0.21	0.2075472	0.2181996	0.2418426	0.2386364	0.2245614	0.2173913	0.2229787	0.2554028	0.2257261	0.2337349	0.2287415	0.2330423	0.1902834	0.2202744	0.172807	0.2241888	
Hybride Moineau domestique x M. espagnol	0.0016873	0.0024435	0.0017804	0.0	0.0021368	0.0017945	9.685E-4	0.0019541	0.0014205	0.0016234	0.0034722	0.0013692	0.0014184	0.0	0.0014065	0.002381	0.0032895	0.0045746	0.0011198	0.0027523	0.0	0.0	0.0016779	0.0012285	0.0013106	0.0	0.0024331	7.949E-4	0.0010764	0.0010695	0.0021231	0.0	0.0	9.785E-4	9.597E-4	0.0024351	0.0011696	0.0	0.0025532	0.0013098	0.0049793	0.0072289	8.503E-4	0.0026864	8.097E-4	0.0	0.0	9.833E-4	
Moineau domestique ou M. espagnol	0.0	0.0012217	5.935E-4	0.001609	0.0010684	0.0022432	9.685E-4	9.77E-4	4.735E-4	0.0	0.0	0.0013692	7.092E-4	0.0	0.0	0.0011905	0.0016447	0.0018298	0.0011198	0.0018349	0.0015949	0.0016287	0.0016779	0.002457	0.0	0.0011891	0.0	0.0	0.0043057	0.0010695	0.0	8.333E-4	0.0	0.0	0.0	0.0	0.0	0.0	8.511E-4	6.549E-4	0.0	8.032E-4	0.0	0.0	8.097E-4	7.622E-4	0.0	0.0014749	
Moineau friquet	0.003937	0.0067196	0.0053412	0.004827	0.0032051	0.0053836	0.0062954	0.0048852	0.0052083	0.004329	0.0055556	0.0063898	0.0049645	0.0060015	0.0084388	0.010119	0.0189145	0.0091491	0.0111982	0.0110092	0.0143541	0.0114007	0.011745	0.0085995	0.0052425	0.0059453	0.0036496	0.0047695	0.0096878	0.0085561	0.0053079	0.0025	0.0044395	0.0039139	0.0047985	0.0048701	0.0023392	0.0075614	0.0051064	0.005239	0.0	0.0024096	8.503E-4	6.716E-4	0.0040486	7.622E-4	8.772E-4	0.0034415	
Moineau doré	0.0011249	0.0012217	0.0	0.0020113	0.0021368	4.486E-4	0.0024213	0.0019541	0.0023674	0.0016234	0.0034722	0.0027385	0.0028369	7.502E-4	0.0042194	0.0059524	0.0049342	0.0036597	0.0022396	0.0018349	0.0015949	0.0016287	0.0033557	0.0036855	0.0013106	0.0	0.0012165	7.949E-4	0.0010764	0.0010695	0.0	0.0025	0.0011099	0.0019569	0.0019194	0.0	0.0011696	0.0028355	8.511E-4	0.0072037	0.0049793	0.0040161	0.0	0.0013432	0.0040486	0.0	0.0	0.0019666	
Passer sp.	0.0016873	0.0012217	5.935E-4	4.023E-4	5.342E-4	0.0015	9.685E-4	0.0029311	0.0056818	0.0010823	0.0	0.0013692	0.0	0.0	0.0021097	0.0	8.224E-4	0.0	0.0011198	0.0	0.0	0.0	0.0	0.0036855	0.0	0.0011891	0.0	7.949E-4	0.0032293	0.0010695	0.0021231	0.0015	0.0	0.0019569	0.0076775	8.117E-4	0.0	0.0018904	8.511E-4	6.549E-4	8.299E-4	8.032E-4	0.0	0.0	0.0016194	0.0	0.0	0.0	
Moineau soulcie	0.0022497	6.109E-4	0.0029674	8.045E-4	5.342E-4	8.973E-4	0.0024213	0.0024426	0.0014205	0.0010823	6.944E-4	0.0031949	0.0014184	7.502E-4	7.032E-4	0.0	0.0032895	0.0027447	0.0033595	0.0027523	0.0015949	0.004886	0.0016779	0.0036855	0.0	0.0023781	0.0012165	0.0	0.0010764	0.0032086	0.0021231	0.0016667	0.0022198	9.785E-4	0.0028791	0.0040584	0.0023392	0.0018904	8.511E-4	6.549E-4	8.299E-4	0.0	0.002551	0.0020148	8.097E-4	0.0015244	0.0017544	0.0014749	
Bergeronnette des ruisseaux	0.068054	0.0940745	0.0949555	0.0760257	0.0721154	0.0708838	0.0711864	0.0727894	0.0629735	0.0573593	0.0569444	0.0775901	0.0765957	0.0757689	0.0471167	0.0636905	0.0649671	0.063129	0.0739082	0.0779817	0.0813397	0.0814332	0.0637584	0.0970516	0.0471822	0.0665874	0.0620438	0.0588235	0.0742734	0.0823529	0.0711253	0.0816667	0.0899001	0.0802348	0.0921305	0.0998377	0.0888889	0.110586	0.12	0.1041257	0.1029046	0.1052209	0.0994898	0.1000672	0.0890688	0.086128	0.0789474	0.072763	
Bergeronnette printanière	0.0	0.0	0.0	8.045E-4	0.0032051	0.0022432	0.0062954	0.0136786	0.0061553	0.0108225	0.0097222	0.0136924	0.0134752	0.0285071	0.0344585	0.0178571	0.0090461	0.021043	0.0044793	0.0045872	0.0	0.0	0.0015	0.0	0.0	0.0	0.0	0.0	0.0	0.0	0.0021231	0.0066667	0.0144284	0.035225	0.0460653	0.0462662	0.045614	0.0311909	0.0187234	0.0045842	0.0033195	0.0016064	0.0034014	0.003358	8.097E-4	0.0	0.0015	0.0	
Bergeronnette orientale	0.0033746	0.0018326	0.0035608	0.0024135	0.0042735	0.0053836	0.0048426	0.0053737	0.0056818	0.0064935	0.0013889	0.0027385	0.0035461	0.0067517	0.0042194	5.952E-4	0.0	0.0	0.0	0.0	0.0	0.0	0.0	0.0	0.0	0.0	0.0	0.0	0.0	0.0	0.0	0.0	0.0	0.0	0.0	0.0	0.0	0.0	8.511E-4	0.0	0.0024896	8.032E-4	0.002551	0.003358	0.0024291	0.003811	0.0026316	0.0039331	
Bergeronnette citrine	0.0	0.0	0.0017804	4.023E-4	0.0	0.0	0.001937	4.885E-4	0.0	0.0	6.944E-4	0.0	0.0	0.0	0.0	5.952E-4	0.0	0.0	0.0	0.0	0.0	0.0	0.0	0.0	0.0	0.0	0.0	0.0	0.0	0.0	0.0	0.0	0.0	0.0	0.0	0.0	0.0	0.0	0.0	0.0015	0.0033195	0.0032129	0.0	0.0	0.0	0.0	0.0	0.0	
Bergeronnette grise	0.0652418	0.0604765	0.0522255	0.0583266	0.0566239	0.0538358	0.051816	0.0547142	0.0407197	0.0373377	0.0138889	0.0146052	0.0163121	0.0052513	0.0070323	0.0035714	0.0057566	0.0018298	0.0022396	0.0036697	0.0	0.0016287	0.0015	0.0	0.0	0.0	0.0	0.0	0.0	0.0	0.0	0.0	0.0011099	0.0029354	0.0201536	0.0332792	0.0409357	0.0340265	0.0255319	0.0307793	0.0489627	0.0714859	0.0714286	0.0859637	0.0688259	0.0678354	0.0561404	0.0521141	
bergeronette sp.	5.624E-4	0.0	5.935E-4	0.0015	0.0010684	0.0	4.843E-4	0.0	9.47E-4	5.411E-4	0.0	0.0	0.0015	7.502E-4	0.0	0.0011905	8.224E-4	0.0015	0.0	0.0	0.0015949	0.0	0.0	0.0	0.0	0.0	0.0	0.0	0.0	0.0	0.0	8.333E-4	0.0	0.0019569	0.0	8.117E-4	0.0	9.452E-4	0.0	0.0	0.0	0.0	8.503E-4	0.0	0.0	0.0	0.0017544	0.0	
Pipit de Richard	0.0	0.0	0.0	0.0	0.0	0.0	0.0	0.0	0.0	0.0	0.0	0.0	0.0	0.0	0.0021097	0.0	0.0	0.0	0.0	0.0	0.0	0.0	0.0	0.0	0.0	0.0	0.0	0.0	0.0	0.0	0.0	0.0	0.0	0.0	0.0	0.0	0.0	0.0	0.0	0.0	0.0	0.0	0.0	0.0	0.0	0.0	0.0	0.0	
Pipit rousseline	5.624E-4	0.0	0.0015	0.0	0.0010684	4.486E-4	9.685E-4	0.0141671	0.0094697	0.0048701	6.944E-4	4.564E-4	0.0021277	0.0	7.032E-4	0.0	0.0	0.0	0.0015	0.0	0.0	0.0	0.0	0.0	0.0	0.0	0.0	0.0	0.0	0.0015	0.0	8.333E-4	0.0011099	0.0	0.0	0.0	0.0011696	0.0018904	0.0025532	0.0	0.0016598	0.0015	0.0	0.0	0.0	0.0	0.0015	4.916E-4	
Pipit de Berthelot	0.2868391	0.309102	0.2890208	0.2819791	0.2692308	0.2848811	0.2784504	0.2691744	0.2916667	0.3106061	0.2798611	0.2916476	0.3078014	0.276069	0.2798875	0.2422619	0.2730263	0.2817932	0.2463606	0.2899083	0.2886762	0.3159609	0.2734899	0.2407862	0.2450852	0.2818074	0.2335766	0.2496025	0.2648009	0.2887701	0.2919321	0.2841667	0.3152053	0.2720157	0.3128599	0.2897727	0.297076	0.3289225	0.2859574	0.2665357	0.2863071	0.3325301	0.3316327	0.3096038	0.2744939	0.3140244	0.2649123	0.2910521	
Pipit farlouse	0.0067492	0.0054979	0.0065282	0.0044248	0.0058761	0.0058322	0.0048426	0.0092819	0.0047348	0.0032468	0.0013889	9.128E-4	0.0	0.0	7.032E-4	5.952E-4	0.0	0.0	0.0	9.174E-4	0.0	0.0	0.0	0.0	0.0	0.0	0.0	0.0	0.0	0.0	0.0	0.0	0.0	0.0	0.0	8.117E-4	0.0	0.0018904	8.511E-4	6.549E-4	0.0058091	0.011245	0.0110544	0.0073875	0.0032389	0.007622	0.0061404	0.0039331	
Pipit des arbres	0.0	0.0	0.0	0.0	0.0026709	4.486E-4	4.843E-4	0.0063508	0.0028409	0.0070346	0.0048611	0.0091283	0.0134752	0.0165041	0.0175809	0.0089286	0.0057566	0.0091491	0.0022396	9.174E-4	0.0	0.0	0.0	0.0	0.0	0.0	0.0	0.0	0.0	0.0	0.0	0.0	0.0022198	9.785E-4	0.0134357	8.117E-4	0.0035088	0.0018904	0.0017021	0.0	0.0016598	8.032E-4	8.503E-4	6.716E-4	0.0	0.0	0.0	0.0	
Pipit à dos olive	0.0	0.0	0.0	4.023E-4	0.0	0.0	0.0014528	4.885E-4	4.735E-4	0.0032468	6.944E-4	0.0	0.0	0.0	0.0	0.0	0.0	0.0	0.0	0.0	0.0	0.0	0.0	0.0	0.0	0.0	0.0	0.0	0.0	0.0	0.0	0.0	0.0	0.0	0.0	0.0	0.0	0.0	0.0	0.0	0.0	0.0016064	0.0	0.0020148	0.0	7.622E-4	0.0017544	0.0	
Pipit à gorge rousse	0.0011249	6.109E-4	0.0023739	8.045E-4	0.0016026	8.973E-4	0.0	0.0014656	0.0014205	0.0027056	0.0013889	9.128E-4	0.0028369	0.0022506	0.0028129	0.0035714	8.224E-4	9.149E-4	0.0	0.0	0.0	0.0	0.0	0.0	0.0	0.0	0.0	0.0	0.0	0.0	0.0	0.0	0.0	0.0	0.0	0.0	0.0	0.0	8.511E-4	0.0	8.299E-4	0.0016064	0.0034014	0.0026864	8.097E-4	0.0030488	8.772E-4	0.0024582	
Pipit spioncelle	0.0	0.0	0.0	0.0	0.0	0.0	0.0	0.0	4.735E-4	0.0	0.0	0.0	0.0	0.0	0.0	0.0	0.0	0.0	0.0	0.0	0.0	0.0	0.0	0.0	0.0	0.0	0.0	0.0	0.0	0.0	0.0	0.0	0.0	0.0	0.0	0.0	0.0	0.0	0.0	0.0	0.0	0.0	0.0	0.0	0.0015	0.0	0.0	4.916E-4	
Pipit farlousane	0.0	0.0	0.0	0.0	0.0	0.0	0.0	0.0	0.0	0.0	0.0	0.0	0.0	0.0	0.0	0.0	0.0	0.0	0.0	0.0	0.0	0.0	0.0	0.0	0.0	0.0	0.0	0.0	0.0	0.0	0.0	0.0	0.0	0.0	0.0	0.0	0.0	0.0	0.0	0.0	0.0	0.0056225	0.0017007	6.716E-4	0.0	0.0	0.0	0.0	
Anthus sp.	0.0	6.109E-4	0.0017804	4.023E-4	0.0016026	0.0	4.843E-4	0.0	0.0	0.0	0.0	4.564E-4	0.0	0.0	7.032E-4	0.0	0.0	0.0	0.0	0.0018349	0.0	0.0	0.0	0.0	0.0	0.0	0.0	0.0	0.0	0.0010695	0.0	0.0	0.0	0.0	0.0	8.117E-4	0.0011696	0.0	0.0	0.0	8.299E-4	0.0016064	8.503E-4	0.0013432	8.097E-4	7.622E-4	0.0	0.0014749	
Pinson des arbres	5.624E-4	0.0	0.0	4.023E-4	0.0	0.0017945	0.0	9.77E-4	0.0	5.411E-4	6.944E-4	0.0	7.092E-4	0.0	0.0	0.0	0.0	0.0	0.0	0.0	0.0	0.0	0.0	0.0	0.0	0.0	0.0	0.0	0.0	0.0010695	0.0	0.0	0.0	0.0	0.0	0.0	0.0	0.0	0.0034043	0.0013098	8.299E-4	0.0016064	8.503E-4	0.0026864	0.0024291	0.003811	0.0017544	4.916E-4	
Pinson des Canaries	0.0770529	0.0592547	0.0617211	0.0631537	0.0587607	0.064603	0.0687651	0.0547142	0.0591856	0.0708874	0.0861111	0.0657234	0.0687943	0.0757689	0.0752461	0.0815476	0.0921053	0.0960659	0.1097424	0.1146789	0.0893142	0.1074919	0.1308725	0.1253071	0.0969856	0.1165279	0.1545012	0.1232114	0.1087191	0.0919786	0.0721868	0.0816667	0.0665927	0.0665362	0.0585413	0.0641234	0.0690058	0.0642722	0.0774468	0.0667976	0.0614108	0.0514056	0.0569728	0.0496978	0.08583	0.0678354	0.0903509	0.0801377	
Pinson bleu	0.0275591	0.0274893	0.0189911	0.0193081	0.0235043	0.0215343	0.0227603	0.0210064	0.0250947	0.0265152	0.0256944	0.028754	0.022695	0.0202551	0.0161744	0.0178571	0.0197368	0.0283623	0.0291153	0.0211009	0.0223285	0.0276873	0.0167785	0.027027	0.0144168	0.0321046	0.0377129	0.0381558	0.0236814	0.0149733	0.0212314	0.0325	0.0166482	0.0293542	0.0163148	0.0170455	0.0128655	0.0179584	0.0178723	0.0189915	0.0215768	0.0208835	0.0195578	0.0248489	0.0218623	0.0282012	0.0201754	0.026057	
Pinson de Grande Canarie	0.0061867	0.0079414	0.0047478	0.0072405	0.0058761	0.008524	0.0053269	0.0078163	0.0071023	0.0108225	0.0097222	0.005477	0.0085106	0.0045011	0.0091421	0.0065476	0.0115132	0.0091491	0.0167973	0.0110092	0.0095694	0.0065147	0.0134228	0.0159705	0.0091743	0.0118906	0.0121655	0.0174881	0.0086114	0.0064171	0.0063694	0.0033333	0.0077691	0.0078278	0.0057582	0.0024351	0.0046784	0.0047259	0.0025532	0.0078585	0.0107884	0.0056225	0.0068027	0.0020148	0.0064777	0.0099085	0.0061404	0.0088496	
Pinson du Nord	0.0016873	6.109E-4	0.0011869	0.0	0.0015	8.973E-4	0.0	9.77E-4	0.0	0.0010823	0.0	0.0	7.092E-4	0.0	0.0	0.0	0.0	0.0	0.0044793	0.0018349	0.0	0.0	0.0	0.0	0.0	0.0	0.0	0.0	0.0	0.0	0.0	0.0	0.0	0.0	0.0	0.0	0.0	0.0	0.0	0.0	8.299E-4	0.0016064	0.0015	6.716E-4	8.097E-4	0.0022866	0.0	4.916E-4	
Grosbec casse-noyaux	0.0	0.0	0.0	0.0	0.0	0.0	0.0	0.0	0.0	0.0	0.0	0.0	0.0	0.0	0.0	0.0	0.0	0.0	0.0	0.0	0.0	0.0	0.0	0.0	0.0	0.0	0.0	0.0	0.0	0.0	0.0	0.0	0.0	0.0	0.0	0.0	0.0	0.0	0.0	6.549E-4	0.0	0.0	0.0	0.0	0.0	0.0	0.0	0.0	
Roselin cramoisi	0.0	0.0	0.0	0.0	0.0	0.0	0.0	0.0	0.0	0.0	0.0	0.0	0.0	0.0	0.0	0.0	0.0	0.0	0.0	0.0	0.0	0.0	0.0	0.0	0.0	0.0	0.0	0.0	0.0	0.0	0.0	0.0	0.0	0.0	0.0	0.0	0.0	0.0	0.0	0.0	8.299E-4	8.032E-4	0.0	0.0	0.0	0.0	0.0	0.0	
Roselin githagine	0.064117	0.0616982	0.0593472	0.0707965	0.0721154	0.0704352	0.0765133	0.0796287	0.0823864	0.077381	0.0708333	0.0625285	0.0716312	0.072018	0.0731364	0.0720238	0.0567434	0.0677036	0.0324748	0.066055	0.0558214	0.0521173	0.0536913	0.0331695	0.0353866	0.0439952	0.0364964	0.054849	0.0441335	0.0545455	0.052017	0.035	0.036626	0.0547945	0.037428	0.036526	0.0421053	0.0538752	0.0544681	0.0445318	0.0514523	0.0738956	0.045068	0.0597717	0.0404858	0.0594512	0.0508772	0.0565388	
Verdier d'Europe	0.0309336	0.0305437	0.031454	0.0337892	0.0331197	0.0296097	0.0280872	0.0307767	0.0331439	0.0384199	0.04375	0.0438156	0.0411348	0.0510128	0.0471167	0.0482143	0.0435855	0.042086	0.0470325	0.040367	0.0669856	0.0521173	0.0553691	0.0503686	0.0275229	0.0273484	0.0291971	0.0127186	0.0333692	0.0331551	0.0307856	0.03	0.0355161	0.0166341	0.0383877	0.0275974	0.0397661	0.0274102	0.0357447	0.0399476	0.0273859	0.0305221	0.0280612	0.0315648	0.0251012	0.0251524	0.0236842	0.0319567	
Linotte mélodieuse	0.0556805	0.0329872	0.0403561	0.0478681	0.0592949	0.0529385	0.0460048	0.0537372	0.0411932	0.0643939	0.0479167	0.0470105	0.0609929	0.0337584	0.0541491	0.0636905	0.0534539	0.053065	0.031355	0.0458716	0.0606061	0.0456026	0.057047	0.0552826	0.0458716	0.0416171	0.0316302	0.036566	0.0247578	0.0385027	0.0276008	0.02	0.0144284	0.0322896	0.0335893	0.0292208	0.0280702	0.0255198	0.0238298	0.0288147	0.033195	0.0409639	0.0459184	0.0577569	0.0299595	0.0556402	0.0359649	0.0403147	
Chardonneret élégant	0.0438695	0.0494808	0.0456973	0.0434433	0.0518162	0.0574249	0.0479419	0.0517831	0.0464015	0.0487013	0.0486111	0.0561387	0.0496454	0.0555139	0.0513361	0.0607143	0.0567434	0.0567246	0.0503919	0.0697248	0.0733652	0.0651466	0.0838926	0.0995086	0.0629096	0.0570749	0.0559611	0.0556439	0.0570506	0.0588235	0.0711253	0.0483333	0.0377358	0.0401174	0.047025	0.049513	0.045614	0.0434783	0.0578723	0.0471513	0.0456432	0.0281124	0.0306122	0.0409671	0.042915	0.0472561	0.0447368	0.0496559	
Serin cini	0.003937	0.004887	0.0065282	0.0088496	0.0128205	0.0112158	0.0087167	0.0087934	0.0099432	0.0097403	0.0083333	0.0082154	0.0056738	0.0082521	0.0070323	0.0089286	0.0057566	0.0082342	0.0089586	0.0091743	0.0111643	0.009772	0.011745	0.007371	0.0091743	0.0059453	0.0048662	0.0023847	0.0021529	0.002139	0.0010616	0.0058333	0.0044395	0.0	0.0015	0.0016234	0.0046784	0.0018904	0.0059574	0.0026195	0.0033195	0.0064257	8.503E-4	0.003358	0.0024291	0.0083841	0.0078947	0.0058997	
Serin des Canaries	0.3087739	0.3304826	0.3234421	0.3362832	0.3130342	0.3494841	0.327845	0.3194919	0.3304924	0.2997835	0.3340278	0.3569147	0.3333333	0.3368342	0.3213783	0.3267857	0.3429276	0.3604758	0.3572228	0.3706422	0.3397129	0.3452769	0.340604	0.3427518	0.2241153	0.2877527	0.3394161	0.2559618	0.2874058	0.2812834	0.2823779	0.2825	0.2652608	0.2573386	0.2619962	0.2743506	0.3169591	0.2939509	0.3387234	0.3431565	0.3526971	0.3116466	0.3205782	0.2961719	0.3659919	0.3018293	0.3622807	0.3829892	
Tarin des aulnes	0.0061867	0.0012217	0.0065282	0.0040225	0.0026709	0.0026918	4.843E-4	0.0039082	0.0075758	0.0081169	0.0055556	0.0036513	0.0	7.502E-4	0.0	0.0	0.0	0.0	0.0	0.0	0.0	0.0	0.0	0.0	0.0	0.0	0.0	0.0	0.0	0.0	0.0	0.0	0.0	0.0	0.0	0.0	0.0011696	0.0	8.511E-4	0.0	0.0024896	0.0032129	0.0085034	0.0073875	0.0048583	0.0091463	0.0026316	0.0024582	
fringillidé sp.	5.624E-4	6.109E-4	0.0	4.023E-4	5.342E-4	0.0	4.843E-4	0.0	0.0	0.0	0.0	4.564E-4	0.0	0.0	0.0	0.0	0.0	0.0	0.0	9.174E-4	0.0	0.0	0.0	0.0012285	0.0015	0.0	0.0012165	0.0015898	0.0021529	0.0	0.0010616	8.333E-4	0.0022198	0.0	0.0	8.117E-4	0.0011696	0.0	0.0	0.0	8.299E-4	8.032E-4	8.503E-4	0.0	0.0	0.0	0.0	0.0039331	
Bruant des neiges	0.0	0.0	0.0	0.0	0.0	0.0	0.0	0.0	0.0	0.0	0.0	0.0	0.0	0.0	0.0	0.0	0.0	0.0	0.0	0.0	0.0	0.0	0.0	0.0	0.0	0.0	0.0	0.0	0.0	0.0	0.0	0.0	0.0	0.0	0.0	0.0	0.0	0.0	0.0	0.0	0.0	0.0	0.0	0.0	8.097E-4	0.0	0.0	0.0	
Bruant proyer	0.007874	0.0061087	0.0065282	0.0080451	0.0074786	0.0094213	0.0072639	0.0102589	0.0080492	0.0070346	0.0034722	0.015518	0.0099291	0.0082521	0.0056259	0.0095238	0.0131579	0.0073193	0.012318	0.0155963	0.0143541	0.0065147	0.0100671	0.002457	0.0	0.0047562	0.0036496	7.949E-4	0.0015	0.0064171	0.0031847	0.0033333	0.0066593	0.0019569	0.0028791	0.0032468	0.0105263	0.0047259	0.0034043	0.005239	0.0058091	0.0024096	0.0017007	0.0060443	0.0040486	0.0022866	0.004386	0.0058997	
Bruant ortolan	0.0	0.0	0.0	0.0	0.0	0.0	0.0	0.0	0.0	0.0	0.0	0.0	7.092E-4	0.0022506	0.0021097	0.0	0.0	0.0	0.0	0.0	0.0	0.0	0.0	0.0	0.0	0.0	0.0	0.0	0.0	0.0	0.0	0.0	0.0	0.0015	0.0	0.0	0.0011696	0.0	0.0	0.0	0.0	0.0	0.0	0.0	0.0	0.0	0.0	0.0	
Bruant nain	0.0	0.0	0.0	0.0	0.0	0.0	0.0	0.0	0.0015	0.0	0.0	0.0	0.0	0.0	0.0	0.0	0.0	0.0	0.0	0.0	0.0	0.0	0.0	0.0	0.0	0.0	0.0	0.0	0.0	0.0	0.0	0.0	0.0	0.0	0.0	0.0	0.0	9.452E-4	0.0017021	0.0	0.0	0.0015	0.0	0.0013432	0.0	0.0	0.0	0.0	
Emberiza sp.	0.0	0.0	0.0	0.0	0.0	0.0	0.0	0.0	0.0	0.0	0.0	0.0	7.092E-4	0.0	0.0	0.0	0.0	0.0	0.0	0.0	0.0	0.0	0.0	0.0	0.0	0.0	0.0	0.0	0.0	0.0	0.0	0.0	0.0	0.0	0.0	0.0	0.0	0.0	0.0	0.0	0.0	0.0	0.0	0.0	0.0	0.0	0.0	0.0	
Goglu des prés	0.0	0.0	0.0	0.0	0.0	0.0	0.0	0.0	0.0	0.0	0.0	0.0	0.0	0.0	0.0	0.0	0.0	0.0	0.0	0.0	0.0	0.0	0.0	0.0	0.0	0.0	0.0	0.0	0.0	0.0	0.0	0.0	0.0	0.0	0.0015	0.0	0.0	0.0	0.0	0.0	0.0	0.0	0.0	0.0	0.0	0.0	0.0	0.0	
Quiscale à longue queue	0.0	0.0	0.0	0.0	0.0	0.0	0.0	0.0	0.0	0.0	0.0	0.0	0.0	0.0	0.0	0.0	0.0	0.0	0.0	0.0	0.0	0.0	0.0	0.0	0.0	0.0	0.0	0.0	0.0	0.0	0.0	0.0	0.0	0.0	0.0	0.0	0.0	0.0	0.0	0.0	0.0	0.0	0.0	0.0	0.0	0.0	0.0	4.916E-4	
Paruline rayée	0.0	0.0	0.0	0.0	0.0	0.0	0.0	0.0	0.0	0.0	0.0	0.0	0.0	0.0	0.0	0.0	0.0	0.0	0.0	0.0	0.0	0.0	0.0	0.0	0.0	0.0	0.0	0.0	0.0	0.0	0.0	0.0	0.0	0.0	0.0	0.0	0.0	0.0	0.0	0.0	0.0	8.032E-4	0.0	0.0	0.0	0.0	0.0	0.0	
Cardinal à poitrine rose	0.0	0.0	0.0	0.0	0.0	0.0	0.0	0.0	0.0	0.0	0.0	0.0	0.0	0.0	0.0	0.0	0.0	0.0	0.0	0.0	0.0	0.0	0.0	0.0	0.0	0.0	0.0	0.0	0.0	0.0	0.0	0.0	0.0	0.0	0.0	0.0	0.0011696	0.0	0.0	0.0	0.0	0.0	0.0	0.0	0.0	0.0	0.0	0.0	
passereau sp.	0.0011249	0.0018326	0.0041543	0.001609	0.0058761	0.0040377	0.001937	0.0039082	0.0042614	0.0021645	0.0013889	0.0	0.0014184	0.0	0.0021097	0.0017857	0.0041118	9.149E-4	0.0	0.0	0.0031898	0.004886	0.0067114	0.0	0.0052425	0.0011891	0.0024331	0.0015898	0.0	0.0	0.0015	0.0015	0.0033296	9.785E-4	0.0067179	0.0040584	0.0011696	9.452E-4	0.0025532	6.549E-4	8.299E-4	8.032E-4	0.0	0.0	0.0015	7.622E-4	8.772E-4	0.0044248	
oiseau sp.	0.0	0.0	5.935E-4	4.023E-4	0.0	0.0	0.0	0.0	4.735E-4	0.0	0.0	0.0	0.0	7.502E-4	0.0	5.952E-4	0.0	0.0	0.0	0.0	0.0	0.0	0.0	0.0	0.0	0.0	0.0	0.0	0.0	0.0	0.0	0.0	0.0	0.0	0.0	0.0015	0.0	0.0	8.511E-4	0.0	0.0	0.0	0.0	0.0	0.0	0.0	0.0	0.0	

