









Frequency of observations in the selected location(s).:
Number of taxa: 	569

	Jan				Feb				Mar				Apr				May				Jun				Jul				Aug				Sep				Oct				Nov				Dec				
Sample Size:	3140.0	2373.0	2332.0	3145.0	2295.0	2265.0	2623.0	2416.0	2164.0	2529.0	2401.0	4113.0	3148.0	3019.0	3195.0	3583.0	2919.0	2866.0	2309.0	2703.0	1714.0	1837.0	1601.0	1991.0	1529.0	1511.0	1596.0	2115.0	1404.0	1682.0	1597.0	2122.0	1574.0	1632.0	1651.0	1993.0	1597.0	1893.0	1671.0	2150.0	1564.0	1560.0	1439.0	1902.0	1819.0	1641.0	1551.0	2875.0	

Dendrocygne veuf	0.0	0.0	0.0015	0.0	0.0	0.0	0.0	0.0	0.0	0.0	0.0	0.0	0.0	0.0	0.0	0.0	0.0	0.0	0.0	0.0	0.0	0.0	0.0	0.0	0.0	0.0	0.0	0.0	0.0	0.0	0.0	4.713E-4	0.0	0.0	0.0	0.0	0.0012523	0.0	0.0	0.0	0.0	0.0	0.0	0.0	0.0	0.0	6.447E-4	0.0015	
Oie cendrée	0.0015	0.0015	0.0015	3.18E-4	0.0015	0.0015	3.812E-4	4.139E-4	0.0	7.908E-4	0.0	0.0	0.0	0.0	0.0	0.0	0.0010277	0.0	0.0	0.0	0.0	0.0	0.0	0.0	0.0015	0.0	0.0	0.0	0.0	0.0	0.0	0.0	6.353E-4	6.127E-4	0.0	0.0	0.0015	0.0015	0.0	0.0015	0.0	0.0	0.0015	5.258E-4	0.0015	6.094E-4	6.447E-4	3.478E-4	
Oie cygnoïde	0.0	0.0	0.0	0.0	0.0	0.0	0.0	0.0	0.0	0.0	0.0	0.0	0.0	0.0015	0.0	0.0	0.0	0.0	0.0	0.0	0.0	0.0	0.0	0.0	0.0	0.0	0.0	0.0	0.0	0.0	0.0	0.0	0.0	0.0	0.0	0.0	0.0	0.0	0.0	0.0	0.0	0.0	0.0	0.0	0.0	0.0	0.0	0.0	
Hybride Oie cendrée x O. cygnoïde	3.185E-4	0.0	0.0	0.0	0.0	0.0	0.0	0.0	0.0	0.0	0.0	0.0	0.0	0.0	0.0	0.0	0.0	0.0	0.0	0.0	0.0	0.0	0.0	0.0	0.0	0.0	0.0	0.0	0.0	0.0	0.0	0.0	0.0	0.0	0.0	0.0	0.0	0.0	0.0	0.0	0.0	0.0	0.0	0.0	0.0	0.0	0.0	0.0	
Anser sp. (forme domestique)	0.0	0.0	0.0	0.0	0.0	0.0	0.0	0.0	0.0	0.0	0.0	0.0	0.0	0.0	0.0	0.0	0.0	0.0	0.0	0.0	0.0	0.0	0.0	0.0	0.0	0.0	0.0	0.0	0.0	0.0	0.0	4.713E-4	0.0	0.0	0.0	0.0	0.0	0.0	0.0	0.0	0.0	0.0	0.0	0.0	0.0	0.0	0.0	0.0	
Bernache cravant	0.0	0.0	0.0	0.0	0.0	0.0	0.0	0.0	0.0	0.0	0.0	0.0	0.0	0.0	0.0	0.0	0.0	0.0	0.0	0.0	0.0	0.0	0.0	0.0	0.0	0.0	0.0	0.0	0.0	0.0	0.0	0.0	0.0	0.0	0.0	0.0	0.0	0.0	0.0	0.0	0.0	0.0	0.0	0.0	0.0	0.0030469	0.0032237	3.478E-4	
Hybride Bernache nonnette x B. du Canada	0.0015	0.0	0.0	0.0	0.0	0.0	0.0	0.0	0.0	0.0	0.0	0.0	0.0	0.0	0.0	0.0	0.0	0.0	0.0	0.0	0.0	0.0	0.0	0.0	0.0	0.0	0.0	0.0	0.0	0.0	0.0	0.0	0.0	0.0	0.0	0.0	0.0	0.0	0.0	0.0	0.0	0.0	0.0	0.0	0.0	0.0	0.0	0.0	
Cygne tuberculé	0.0019108	0.0016856	0.0021441	0.0012719	0.0017429	0.0013245	0.0011437	8.278E-4	0.0013863	3.954E-4	8.33E-4	9.725E-4	9.53E-4	0.0013249	0.001252	0.0011164	0.0017129	0.0031403	8.662E-4	0.0011099	5.834E-4	0.0015	6.246E-4	0.0030136	0.001308	0.0015	0.0012531	0.0047281	0.0	0.0011891	0.0018785	0.001885	0.0025413	0.0012255	0.0015	0.0010035	0.0031309	0.0036978	0.0011969	4.651E-4	6.394E-4	0.0012821	0.0027797	0.0042061	0.0054975	0.0048751	0.0045132	0.0013913	
Cygne noir	9.554E-4	4.214E-4	4.288E-4	3.18E-4	4.357E-4	4.415E-4	0.0	0.0	0.0	0.0	0.0	0.0	0.0	0.0	0.0	0.0	0.0	0.0	0.0	3.7E-4	0.0	0.0	6.246E-4	0.0	0.0	0.0	0.0	0.0	0.0	0.0	0.0	0.0	0.0	0.0	0.0	0.0	0.0015	0.0	0.0	0.0	0.0	0.0	0.0	0.0	0.0	6.094E-4	6.447E-4	3.478E-4	
Ouette d'Égypte	0.0	0.0	0.0	3.18E-4	0.0	0.0	0.0	0.0	0.0	0.0	0.0	2.431E-4	0.0	0.0	0.0	0.0	0.0	0.0	0.0	0.0	0.0	0.0	0.0	0.0	0.0	0.0	0.0	0.0	0.0	0.0	0.0	0.0	0.0	0.0	0.0	0.0	0.0	0.0	0.0	0.0	0.0	0.0	0.0	0.0	0.0	0.0	0.0	0.0	
Tadorne casarca	0.0	4.214E-4	0.0	0.0	4.357E-4	4.415E-4	0.0	0.0	0.0	0.0	0.0	0.0015	0.0	0.0	0.0	0.0	0.0	0.0	4.331E-4	7.399E-4	5.834E-4	0.0015	0.0012492	0.0015	0.0	0.0	0.0	0.0018913	7.123E-4	5.945E-4	0.0	9.425E-4	6.353E-4	0.0	0.0	5.018E-4	0.0025047	0.0015	0.0	0.0	0.0012788	0.0	0.0	0.0010515	0.0016493	0.0012188	0.0	0.0	
Tadorne de Belon	0.1117834	0.109566	0.1153516	0.1300477	0.1132898	0.1368653	0.1284788	0.1349338	0.1344732	0.1542112	0.1411912	0.1563336	0.1572427	0.1513746	0.1555556	0.1389897	0.1377184	0.1339846	0.1320918	0.1065483	0.0933489	0.0968971	0.1068082	0.1125063	0.0784827	0.1151555	0.0964912	0.0855792	0.0797721	0.1058264	0.0964308	0.0867107	0.0832274	0.0723039	0.0581466	0.0832915	0.0801503	0.0972002	0.0807899	0.08	0.0594629	0.0615385	0.0521195	0.0825447	0.1429357	0.1048141	0.101225	0.096	
Canard musqué	0.0127389	0.0160135	0.0145798	0.0216216	0.0217865	0.0172185	0.0118185	0.0190397	0.0143253	0.0098853	0.0137443	0.0121566	0.0076239	0.0142431	0.0100156	0.011722	0.0119904	0.0118632	0.0112603	0.0085091	0.0116686	0.0114317	0.0131168	0.013561	0.0117724	0.0099272	0.0100251	0.0113475	0.0121083	0.0083234	0.0093926	0.0113101	0.0076239	0.0098039	0.0133253	0.0145509	0.0162805	0.0084522	0.0077798	0.0144186	0.0076726	0.0153846	0.0208478	0.0131441	0.0109951	0.0115783	0.0199871	0.0194783	
Canard à collier noir	3.185E-4	0.0	0.0	0.0	0.0	0.0	0.0	0.0	0.0	0.0	0.0	0.0	0.0	0.0	0.0	0.0	0.0	0.0	0.0	0.0	0.0	0.0	0.0	0.0	0.0	0.0	0.0	0.0	0.0	5.945E-4	0.0	0.0	6.353E-4	6.127E-4	0.0	0.0010035	0.0	0.0	0.0	0.0	0.0	0.0	0.0	0.0	0.0	0.0	6.447E-4	0.0010435	
Canard carolin	6.369E-4	0.0	4.288E-4	0.0	0.0026144	0.0015	0.0	0.0	4.621E-4	3.954E-4	4.165E-4	0.0	0.0	0.0	0.0	0.0	0.0	0.0	0.0	0.0	0.0	0.0	6.246E-4	0.0	0.0	0.0	0.0	4.728E-4	0.0	0.0	0.0	0.0	0.0	0.0	0.0	0.0	0.0015	0.0	0.0	4.651E-4	0.0	0.0	0.0	0.0	5.498E-4	0.0	0.0	0.0	
Canard mandarin	0.0	0.0025284	0.0012864	0.0015	0.0	0.0	0.0	0.0015	0.0015	0.0011862	0.0	0.0	3.177E-4	6.625E-4	0.0	2.791E-4	6.852E-4	0.0010468	8.662E-4	3.7E-4	0.0	0.0	0.0	0.0	6.54E-4	0.0	0.0015	0.0	0.0	0.0	0.0	0.0	0.0	0.0	0.0	0.0	0.0	0.0	0.0	4.651E-4	0.0012788	0.0	0.0	0.0	0.0	6.094E-4	0.0	3.478E-4	
Sarcelle d'été	0.0025478	0.002107	0.0012864	0.0015898	0.0015	0.0022075	0.001525	0.0020695	0.0078558	0.0189798	0.0437318	0.0352541	0.0463787	0.022524	0.0162754	0.0106056	0.0034258	3.489E-4	0.0030316	3.7E-4	0.0029172	0.0010887	6.246E-4	0.0015068	0.001308	0.0013236	0.0031328	0.0099291	0.011396	0.0095125	0.0169067	0.0136664	0.0088945	0.0104167	0.0048455	0.0035123	0.0093926	0.0052826	0.0029922	0.0018605	0.0012788	6.41E-4	0.0015	0.002103	0.002199	0.0012188	0.0015	0.0024348	
Sarcelle à bec bleu	0.0	0.0	0.0	0.0	0.0	0.0	0.0	0.0	0.0	0.0	0.0	0.0	0.0	0.0	0.0	0.0	0.0	0.0	0.0	0.0	0.0	0.0	0.0	0.0	0.0	0.0	0.0	0.0	0.0	0.0	0.0	0.0	0.0	0.0	0.0	0.0	0.0	0.0010565	0.0011969	0.0	0.0	0.0	0.0	0.0	0.0	0.0	0.0	0.0	
Sarcelle à ailes bleues	0.0	0.0	0.0	0.0	0.0	0.0	0.0	0.0	0.0	0.0	0.0	0.0	0.0	0.0	0.0	0.0	0.0	0.0	0.0	0.0	0.0	0.0	0.0	0.0	0.0	0.0	0.0	0.0	0.0	0.0	0.0	0.0	0.0	0.0	0.0	0.0	0.0	0.0	0.0	0.0	0.0	6.41E-4	0.0	0.0	0.0	0.0	0.0	0.0	
Sarcelle cannelle	0.0	0.0	0.0	0.0	0.0	0.0	0.0	4.139E-4	0.0	0.0	0.0	0.0	0.0	6.625E-4	3.13E-4	0.0	0.0	3.489E-4	4.331E-4	0.0	0.0	0.0	0.0	0.0	0.0	0.0	0.0	0.0	0.0	5.945E-4	0.0	0.0	0.0	0.0	0.0	0.0	0.0	0.0	0.0	0.0	0.0	0.0	0.0	0.0	0.0	0.0	0.0	0.0	
Canard souchet	0.1372611	0.1361146	0.1530875	0.1599364	0.1498911	0.1514349	0.1456348	0.1576987	0.1557301	0.1814947	0.154519	0.1422319	0.1315121	0.0937396	0.0751174	0.0482836	0.0359712	0.0219819	0.0225206	0.0147984	0.0192532	0.0092542	0.0199875	0.0160723	0.0183126	0.0291198	0.0357143	0.0373522	0.0462963	0.0707491	0.082655	0.0942507	0.0933926	0.120098	0.1465778	0.1535374	0.1390106	0.1415742	0.1585877	0.132093	0.1381074	0.1512821	0.1271716	0.1382755	0.1709731	0.150518	0.1573179	0.1363478	
Canard chipeau	0.0382166	0.0467762	0.0493139	0.0502385	0.0448802	0.0463576	0.0510865	0.057947	0.0549908	0.0759193	0.0745523	0.0787746	0.0870394	0.0814839	0.0723005	0.066983	0.0620075	0.0460572	0.049372	0.0344062	0.0151692	0.0179641	0.0224859	0.0175791	0.0111184	0.0231635	0.0194236	0.0236407	0.0270655	0.0273484	0.0325611	0.0405278	0.0349428	0.0398284	0.0399758	0.0491721	0.0457107	0.0475436	0.0526631	0.0488372	0.0543478	0.0570513	0.0493398	0.0452156	0.0527763	0.0469226	0.0496454	0.0410435	
Canard à faucilles	0.0	0.0	0.0	0.0	0.0	0.0	0.0	0.0	0.0015	0.0015	0.0	0.0	0.0	0.0	0.0	0.0	0.0	0.0	0.0	0.0	0.0	0.0	0.0	0.0	0.0	0.0	0.0	0.0	0.0	0.0	0.0	0.0	0.0	0.0	0.0	0.0	0.0	0.0	0.0	0.0	0.0	0.0	0.0	0.0	0.0	0.0	0.0	0.0	
Canard siffleur	0.0073248	0.0101138	0.0085763	0.0082671	0.004793	0.0066225	0.0076249	0.0057947	0.0032348	0.0019771	0.0029155	0.0021882	0.0012706	3.312E-4	9.39E-4	0.0	3.426E-4	0.0	0.0	0.0	5.834E-4	0.0	0.0	0.0	0.0	0.0	0.0	4.728E-4	0.0	0.0	0.0	0.0	0.0015	6.127E-4	0.0018171	0.0010035	0.0025047	0.0068674	0.0029922	0.0060465	0.0051151	0.0070513	0.0027797	0.0084122	0.0098955	0.0030469	0.0103159	0.0083478	
Canard de Chiloé	0.0	0.0	0.0	0.0	0.0	0.0	3.812E-4	0.0015	4.621E-4	0.0011862	0.0012495	9.725E-4	6.353E-4	0.0	0.0	0.0	0.0	0.0	0.0	0.0	0.0	0.0	0.0	0.0	0.0	0.0	0.0	0.0	0.0	0.0	0.0	0.0	0.0	0.0	0.0	0.0	0.0	0.0	0.0	0.0	0.0	0.0	0.0	0.0	0.0	0.0	0.0	3.478E-4	
Canard colvert	0.2665605	0.2815002	0.2765866	0.3036566	0.2941176	0.3245033	0.3415936	0.3754139	0.3798521	0.4203242	0.3915035	0.3989788	0.3827827	0.3892017	0.3646322	0.3578007	0.3508051	0.3014655	0.3070593	0.2841287	0.2654609	0.2547632	0.2998126	0.2682069	0.2616089	0.2759762	0.2850877	0.3106383	0.3190883	0.324019	0.348779	0.3515551	0.3252859	0.3167892	0.3258631	0.3492223	0.3030683	0.3291072	0.3070018	0.2888372	0.2672634	0.2724359	0.2543433	0.2602524	0.3001649	0.2815356	0.2778852	0.2702609	
Hybride Canard musqué x C. colvert	0.0012739	4.214E-4	0.0	3.18E-4	0.0015	0.0015	3.812E-4	4.139E-4	9.242E-4	0.0	0.0	2.431E-4	3.177E-4	6.625E-4	0.0	0.0	0.0	0.0	4.331E-4	0.0	0.0	0.0	0.0	0.0	0.0	0.0013236	0.0	0.0	0.0	0.0	0.0	0.0	0.0	0.0	6.057E-4	5.018E-4	0.0	0.0	5.984E-4	0.0015	0.0015	0.0015	0.0015	0.0015	5.498E-4	0.0015	6.447E-4	0.0027826	
Hybride Canard chipeau x C. colvert	0.0	0.0	0.0	0.0	0.0	4.415E-4	0.0	0.0	0.0	7.908E-4	0.0	0.0	0.0	0.0	0.0	0.0	0.0	0.0	0.0	0.0	0.0	0.0	0.0	0.0	0.0	0.0	0.0	0.0	0.0	0.0	0.0	0.0	0.0	0.0	0.0	0.0	0.0	0.0	0.0	0.0	0.0	0.0	0.0	0.0	0.0	0.0	0.0	0.0	
Canard des Bahamas	0.0	0.0	0.0	0.0	0.0	0.0	0.0	0.0015	0.0	0.0	0.0	0.0015	0.0022236	6.625E-4	0.0	5.582E-4	3.426E-4	3.489E-4	0.0	0.0	0.0	0.0010887	6.246E-4	5.023E-4	0.0	0.0	0.0	0.0	0.0015	0.0	0.0	4.713E-4	0.0015	6.127E-4	0.0	5.018E-4	6.262E-4	0.0015848	5.984E-4	4.651E-4	0.0	0.0	0.0	0.0	5.498E-4	0.0	0.0	0.0	
Canard pilet	0.0105096	0.0155921	0.0167238	0.0139905	0.0122004	0.0154525	0.0129623	0.0120033	0.0092421	0.0055358	0.0066639	0.0060783	0.0034943	3.312E-4	0.0021909	5.582E-4	0.0	6.978E-4	0.0012993	3.7E-4	0.0015	0.0010887	0.0	0.0	0.0	0.0	0.0	0.0	0.0	5.945E-4	0.0	4.713E-4	6.353E-4	0.0018382	6.057E-4	0.0065228	0.0062617	0.01215	0.0113704	0.0102326	0.0147059	0.0211538	0.0104239	0.0131441	0.0203408	0.0097502	0.0174081	0.0156522	
Sarcelle d'hiver	0.1140127	0.1243152	0.1252144	0.1383148	0.1102397	0.1298013	0.1101792	0.1146523	0.1113678	0.1269276	0.1082882	0.094335	0.0594028	0.0321298	0.0147105	0.0055819	0.0020555	0.0031403	0.0034647	0.0018498	0.0011669	0.0016331	0.0037477	0.0030136	0.0052322	0.0066181	0.0087719	0.0052009	0.0071225	0.0166468	0.0281778	0.0395853	0.0489199	0.0692402	0.0702604	0.0707476	0.0707577	0.0892763	0.0939557	0.0934884	0.0920716	0.1115385	0.1021543	0.1225026	0.1280924	0.134674	0.144423	0.1217391	
Hybride Sarcelle d'été x S. d'hiver	9.554E-4	8.428E-4	4.288E-4	0.0	0.0	0.0	0.0	0.0	0.0	0.0	0.0	0.0	0.0	0.0	0.0	0.0	0.0	0.0	0.0	0.0	0.0	0.0	0.0	0.0	0.0	0.0	0.0	0.0	0.0	0.0	0.0	0.0	0.0	0.0	0.0	0.0	0.0	0.0	0.0	0.0	0.0	0.0	0.0	0.0	0.0015	6.094E-4	0.0015	0.0	
sarcelle sp.	0.0	0.0	0.0	0.0	0.0	0.0	0.0	0.0	0.0	0.0	0.0	0.0	0.0	0.0	0.0	0.0	0.0	0.0	0.0	0.0	0.0	0.0	0.0	0.0	0.0	0.0	0.0	0.0	0.0	0.0	0.0	0.0	6.353E-4	0.0	0.0	0.0	0.0	0.0	0.0	0.0	0.0	0.0	0.0	0.0	0.0	0.0	0.0	0.0	
anatidé sp. (canard barboteur sp.)	9.554E-4	0.0012642	0.0015	0.0	0.0	0.0	0.0	4.139E-4	0.0015	3.954E-4	0.0015	2.431E-4	6.353E-4	0.0	6.26E-4	2.791E-4	0.0	0.0	4.331E-4	3.7E-4	5.834E-4	0.0	0.0	0.0	6.54E-4	6.618E-4	0.0	0.0	0.0	0.0011891	6.262E-4	9.425E-4	0.0025413	0.002451	6.057E-4	5.018E-4	6.262E-4	5.283E-4	0.0	0.0018605	0.0	6.41E-4	0.0	5.258E-4	0.0010995	6.094E-4	6.447E-4	0.0010435	
Sarcelle marbrée	0.0273885	0.0193847	0.0265866	0.0216216	0.0296296	0.0269316	0.0289745	0.0364238	0.0355823	0.070779	0.0695544	0.0773158	0.0914867	0.097052	0.1001565	0.0923807	0.0832477	0.0879274	0.0957124	0.0717721	0.0589265	0.0511704	0.065584	0.0632848	0.0555919	0.0608868	0.075188	0.0586288	0.0698006	0.0731272	0.0619912	0.070688	0.0457433	0.0606618	0.0563295	0.0531862	0.0713838	0.0686741	0.0616397	0.0330233	0.0338875	0.0326923	0.019458	0.0173502	0.0351842	0.0304692	0.0283688	0.0250435	
Nette rousse	0.0589172	0.0670038	0.0784734	0.0871224	0.0814815	0.0913907	0.1040793	0.1142384	0.1266174	0.1621194	0.1603499	0.1714077	0.1864676	0.1748923	0.1762128	0.139827	0.1325797	0.1182833	0.1255955	0.081391	0.0589265	0.0549809	0.0718301	0.0662983	0.0549379	0.0701522	0.0726817	0.0562648	0.0512821	0.049346	0.0482154	0.0532516	0.047014	0.0447304	0.0405815	0.0456598	0.0381966	0.0549392	0.0604428	0.0525581	0.0658568	0.0589744	0.0646282	0.0567823	0.0808136	0.0609385	0.0747905	0.0612174	
Hybride Canard colvert x Nette rousse	0.0	0.0015	0.0	0.0	0.0	0.0	0.0	0.0	0.0	0.0	0.0015	0.0	0.0	3.312E-4	0.0	0.0	0.0	0.0	0.0	0.0	0.0	0.0	0.0	0.0	0.0	0.0	0.0	0.0	0.0	0.0	0.0	0.0	0.0	0.0	0.0	0.0	0.0	0.0	0.0	0.0	0.0	0.0	0.0015	5.258E-4	0.0	0.0	0.0	0.0	
Fuligule milouin	0.0579618	0.068268	0.0763293	0.0864865	0.087146	0.0958057	0.0983607	0.1154801	0.1136784	0.1534203	0.1403582	0.1475808	0.1477128	0.1503809	0.1533646	0.1214066	0.1147653	0.111305	0.1294933	0.0928598	0.0729288	0.0675014	0.076827	0.0738322	0.0614781	0.0787558	0.0864662	0.0765957	0.0826211	0.0642093	0.0632436	0.0721018	0.0457433	0.0545343	0.0520896	0.0667336	0.0632436	0.0676175	0.0837822	0.0674419	0.0895141	0.0974359	0.0736623	0.0746583	0.0819131	0.0822669	0.0767247	0.0598261	
Fuligule à bec cerclé	0.0	0.0	0.0	0.0015	0.0030501	0.002649	0.0011437	0.0	0.0	3.954E-4	0.0	0.0	0.0	0.0	0.0	0.0	0.0	0.0	0.0	0.0	0.0	0.0	0.0	0.0	0.0	0.0	0.0	0.0	0.0	0.0	0.0	0.0	0.0	0.0	0.0	0.0	0.0	0.0	0.0	0.0	6.394E-4	0.0	0.0	0.0015773	0.0	0.0036563	0.0	0.0	
Fuligule nyroca	0.0159236	0.0147493	0.0253002	0.027345	0.0244009	0.0238411	0.0236371	0.0161424	0.0115527	0.0217477	0.0183257	0.014831	0.0168361	0.0135807	0.0106416	0.0133966	0.0092497	0.0111654	0.0090948	0.0070292	0.0029172	0.0065324	0.0106184	0.0060271	0.0098103	0.0152217	0.0181704	0.012766	0.0135328	0.0065398	0.0075141	0.0117813	0.0025413	0.004902	0.0072683	0.0120421	0.0175329	0.0126783	0.0149611	0.0116279	0.0159847	0.0230769	0.0180681	0.0168244	0.0159428	0.0201097	0.0174081	0.0132174	
Hybride Fuligule milouin x F. nyroca	0.0012739	4.214E-4	0.0017153	0.0015898	0.0030501	0.0013245	0.0019062	8.278E-4	9.242E-4	7.908E-4	0.002499	2.431E-4	3.177E-4	6.625E-4	6.26E-4	2.791E-4	0.0013703	6.978E-4	0.0012993	7.399E-4	5.834E-4	0.0010887	0.0018738	0.0015068	0.001308	0.0	0.0012531	9.456E-4	0.0014245	5.945E-4	6.262E-4	0.0	0.0	6.127E-4	0.0	0.0	6.262E-4	0.0	0.0015	0.0018605	0.0019182	0.0044872	0.0013899	0.002103	0.0027488	6.094E-4	6.447E-4	3.478E-4	
Fuligule morillon	9.554E-4	0.0075853	0.0042882	0.0060413	0.0061002	0.0110375	0.0080061	0.0078642	0.0055453	0.0043495	0.0037484	0.0024313	0.0015	0.0023186	0.001252	0.0011164	6.852E-4	0.0017446	4.331E-4	0.0015	0.0	0.0	0.0	0.0	0.0	6.618E-4	6.266E-4	0.0023641	0.0035613	5.945E-4	0.0	0.0	6.353E-4	0.0012255	6.057E-4	5.018E-4	0.0	0.0015	5.984E-4	9.302E-4	0.0038363	0.0057692	0.0069493	0.0057834	0.0109951	0.0042657	0.0038685	0.0034783	
Hybride Fuligule milouin x F. morillon	0.0	0.0	0.0	0.0	0.0	0.0	0.0	0.0	0.0	0.0	0.0	0.0	0.0	0.0	0.0	0.0	0.0	0.0	0.0	0.0	0.0	0.0	0.0	0.0	0.0	0.0	0.0	0.0	0.0	0.0	0.0	0.0	0.0	0.0	0.0	0.0	0.0	0.0	0.0	0.0	0.0	6.41E-4	0.0	0.0	0.0	0.0	0.0	0.0015	
Hybride Fuligule nyroca x F. morillon	0.0	0.0	0.0	0.0015	0.0015	0.0	0.0015	0.0	0.0	0.0	0.0	0.0	0.0	0.0	0.0	0.0	0.0	0.0	0.0	0.0	0.0	0.0	0.0	0.0	0.0	0.0	0.0	0.0	0.0	0.0	0.0	0.0	0.0	0.0	0.0	0.0	0.0	0.0	0.0	0.0	0.0	0.0	0.0	0.0	0.0	0.0	0.0	0.0	
fuligule sp.	0.0	0.0	0.0	0.0	0.0	0.0	3.812E-4	0.0	0.0	0.0	0.0	0.0	0.0	0.0	0.0	0.0	0.0	0.0	0.0	0.0	0.0	0.0	0.0	0.0	0.0	0.0	0.0	0.0	0.0	0.0	0.0	0.0	0.0	0.0	0.0	0.0	0.0	0.0	0.0	0.0	0.0	0.0	0.0	0.0	0.0	0.0	0.0	0.0	
Eider à duvet	0.0	0.0058997	0.0090051	0.0104928	0.0069717	0.0039735	0.001525	8.278E-4	0.0013863	0.0	0.0	0.0	0.0	0.0	3.13E-4	0.0	0.0	0.0	0.0	0.0	0.0	0.0	0.0	0.0	0.0	0.0	0.0	0.0	0.0	0.0	0.0	0.0	0.0	0.0	0.0	0.0	0.0	0.0010565	0.0011969	0.0037209	0.0102302	0.0012821	0.0	0.0	0.0	0.0	0.0	0.0	
Macreuse à front blanc	0.005414	0.0029499	0.0	0.0034976	0.0043573	0.0022075	0.0019062	0.0012417	0.0027726	0.0035587	4.165E-4	0.0024313	0.0034943	0.0019874	0.0	2.791E-4	0.0010277	0.0	0.0	0.0	0.0	0.0	0.0	0.0	0.0	0.0	0.0	0.0	0.0	0.0	0.0	0.0	0.0	0.0	0.0	0.0	0.0	0.0	0.0	0.0	0.0	0.0	0.0	0.0	0.0	0.0	0.0	0.0052174	
Macreuse brune	0.0	4.214E-4	0.0	0.0	0.0	0.0	0.0	0.0	0.0	0.0	0.0	0.0	0.0	0.0	0.0	0.0	0.0	0.0	0.0	0.0	0.0	0.0	0.0	0.0	0.0	0.0	0.0	0.0	0.0	0.0	0.0	0.0	0.0	0.0	0.0	0.0	0.0	0.0	0.0	0.0	0.0	0.0	0.0	0.0	0.0	0.0	0.0015	0.0017391	
Macreuse noire	0.0028662	0.0029499	0.0021441	0.0019078	8.715E-4	0.004415	0.0022875	8.278E-4	0.0027726	0.0031633	0.0020825	9.725E-4	0.0012706	0.0	0.0	2.791E-4	0.0	0.0	0.0	0.0	0.0	0.0	0.0	0.0	0.0	0.0	0.0	0.0	0.0	0.0	0.0	0.0	0.0	0.0	0.0	0.0	0.0	5.283E-4	0.0	0.0	0.0	0.0	0.0027797	0.0057834	0.0049478	0.007922	0.0083817	0.005913	
Garrot à oeil d'or	0.0	0.0	0.0	0.0	0.0	0.0057395	0.0045749	0.0024834	0.0	0.0	0.0	0.0	0.0	0.0	0.0	0.0	0.0	0.0	0.0	0.0	0.0	0.0	0.0	0.0	0.0	0.0	0.0	0.0	0.0	0.0	0.0	0.0	0.0	0.0	0.0	0.0	0.0	0.0	0.0	0.0	0.0	0.0	0.0	0.0	0.0	0.0	0.0	0.0015	
Harle couronné	0.0	0.0	0.0	0.0	0.0	0.0	0.0	0.0	0.0	0.0	0.0	0.0	0.0	0.0	0.0	0.0	0.0	0.0	0.0	0.0	0.0	0.0	0.0	0.0	0.0	0.0	0.0	0.0	0.0015	5.945E-4	0.0	0.0015	0.0	0.0	6.057E-4	0.0	0.0	0.0	0.0	0.0	0.0	0.0	0.0	0.0	0.0	0.0	0.0	0.0	
Harle bièvre	0.0	4.214E-4	0.0	0.0028617	0.0017429	0.0	0.0	0.0	0.0	0.0	0.0	0.0	0.0	0.0	0.0	0.0	0.0	0.0	0.0	0.0	0.0	0.0	0.0	0.0	0.0	0.0	0.0	0.0	0.0	0.0	0.0	0.0	0.0	0.0	0.0	0.0	0.0	0.0	0.0	0.0	0.0	0.0	0.0	0.0	5.498E-4	0.0	0.0	0.0	
Harle huppé	0.0035032	0.0042141	0.0055746	0.0015898	0.0017429	0.0039735	3.812E-4	0.0037252	9.242E-4	0.0019771	4.165E-4	2.431E-4	0.0	0.0	0.0	0.0	0.0	0.0	0.0	0.0	0.0	0.0	0.0	0.0	0.0	0.0	0.0	0.0	0.0	0.0	0.0	0.0	0.0	0.0	0.0	0.0	0.0	0.0	0.0	0.0	0.0	0.0	0.0020848	0.0078864	0.0071468	0.0054845	0.0038685	0.0034783	
Érismature à tête blanche	0.0353503	0.0442478	0.0544597	0.0534181	0.0579521	0.0547461	0.0625238	0.0662252	0.0656192	0.0921313	0.0862141	0.1006565	0.0975222	0.0963895	0.0995305	0.0834496	0.0811922	0.077111	0.0957124	0.0695523	0.0490082	0.0577028	0.0730793	0.050226	0.0497057	0.0615486	0.0645363	0.0510638	0.0676638	0.059453	0.0607389	0.0584354	0.0425667	0.0490196	0.053301	0.0511791	0.0450845	0.0464871	0.0616397	0.032093	0.0485934	0.0557692	0.0430855	0.0352261	0.0472787	0.0438757	0.0477112	0.0344348	
anatidé sp. (canard sp.)	0.0019108	0.002107	0.0	3.18E-4	4.357E-4	0.0022075	3.812E-4	0.0016556	4.621E-4	7.908E-4	0.001666	2.431E-4	6.353E-4	3.312E-4	9.39E-4	5.582E-4	3.426E-4	0.0	0.0015	0.0011099	0.0	5.444E-4	6.246E-4	0.0030136	0.0	0.0019854	0.0025063	0.0	7.123E-4	0.0023781	0.0012523	0.0	0.0012706	0.0012255	6.057E-4	0.0010035	6.262E-4	0.0010565	5.984E-4	4.651E-4	0.0019182	0.0012821	0.0020848	0.0015773	0.0016493	6.094E-4	0.002579	6.957E-4	
sauvagine sp.	0.0	0.0	0.0	0.0	0.0	0.0	0.0	0.0	0.0	0.0	0.0	0.0	0.0	0.0	0.0	0.0	0.0	0.0	0.0	0.0	0.0	0.0	0.0	0.0	0.0	0.0	0.0	0.0	0.0	0.0	0.0	0.0	0.0	0.0	0.0	0.0	0.0	0.0	0.0	0.0	0.0	0.0	0.0	0.0	0.0	0.0	0.0	3.478E-4	
Pintade de Numidie	0.0	0.0	0.0	0.0	0.0	0.0	0.0	0.0	0.0	0.0	0.0	0.0	0.0	0.0	0.0	0.0	0.0	0.0	0.0	0.0	0.0	0.0	0.0	0.0	0.0	0.0	0.0	0.0	0.0	0.0	0.0	0.0	0.0	0.0	0.0	0.0	0.0	0.0	0.0	0.0	0.0	0.0	0.0	0.0015	0.0	0.0	0.0	0.0	
Faisan vénéré	0.0	0.0	0.0	0.0	0.0	0.0	0.0	0.0	0.0	0.0	0.0	0.0	0.0	0.0	0.0	0.0	0.0015	0.0	0.0	0.0	0.0	0.0	0.0	0.0	0.0	0.0	0.0	0.0	0.0	0.0	0.0	0.0	0.0	0.0	0.0	0.0	0.0	0.0	0.0	0.0	0.0	0.0	0.0	0.0	0.0	0.0	0.0	0.0	
Faisan de Colchide	9.554E-4	0.0	8.576E-4	9.539E-4	0.0030501	0.0039735	0.0019062	0.0012417	0.0013863	0.004745	0.0020825	0.0019451	0.0047649	0.0043061	0.0018779	0.0025119	0.0027407	0.0020935	0.0043309	0.0014798	0.0017503	5.444E-4	0.0024984	5.023E-4	0.001308	0.0	0.0	4.728E-4	0.0	5.945E-4	0.0012523	0.0	6.353E-4	0.002451	0.0012114	0.002007	6.262E-4	0.002113	0.0035907	0.0023256	0.0019182	0.0044872	0.0041696	0.0015773	5.498E-4	0.0015	0.0038685	0.0024348	
Paon bleu	0.0	0.0015	0.0	0.0	4.357E-4	0.0	0.0	8.278E-4	9.242E-4	0.0011862	8.33E-4	7.294E-4	3.177E-4	3.312E-4	9.39E-4	0.0015	0.0010277	0.0017446	0.0017324	3.7E-4	0.0	0.0010887	6.246E-4	0.0	0.0015	0.0	0.0	4.728E-4	7.123E-4	0.0011891	0.0	0.0	0.0	0.0	0.0	0.0	0.0012523	0.0	0.0015	4.651E-4	0.0	0.0012821	0.0015	0.0	0.0	0.0	0.0	0.0	
Coq bankiva	0.0	0.0	0.0	3.18E-4	4.357E-4	0.0	7.625E-4	4.139E-4	0.0	0.0	0.0	0.0015	0.0015	0.0	0.0	0.0	3.426E-4	0.0	0.0	0.0	0.0	0.0	0.0	0.0	0.0	0.0	0.0	0.0	7.123E-4	5.945E-4	0.0	0.0	0.0	0.0	0.0	0.0	0.0	0.0	0.0	0.0	0.0	0.0	0.0	0.0	0.0	0.0	0.0	0.0	
Caille peinte	0.0	0.0	0.0	0.0	0.0	0.0	0.0	0.0	0.0	0.0	0.0	0.0	0.0	0.0	0.0	0.0	0.0	0.0	0.0	0.0	0.0	0.0	0.0	0.0	0.0	0.0	0.0	0.0	0.0	0.0	0.0	0.0	0.0	0.0	0.0	0.0	0.0	0.0	0.0	0.0015	0.0	0.0	0.0	0.0	0.0	0.0	0.0	0.0	
Caille des blés	3.185E-4	0.0	4.288E-4	0.0	0.0015	0.0015	3.812E-4	0.0016556	4.621E-4	0.0011862	0.002499	0.0024313	0.0047649	0.0046373	0.0043818	0.0075356	0.0068517	0.0118632	0.0138588	0.0136885	0.0140023	0.0179641	0.0149906	0.013561	0.0124264	0.0112508	0.0050125	0.0028369	0.005698	0.0023781	0.0025047	4.713E-4	0.0012706	0.0015	6.057E-4	0.0025088	0.0012523	0.0010565	0.0	4.651E-4	0.0	0.0	0.0	0.0	0.0	6.094E-4	6.447E-4	3.478E-4	
Caille du Japon	0.0	0.0	0.0	0.0	0.0	0.0	0.0	0.0	0.0	0.0	0.0	0.0	0.0	0.0	0.0	0.0	0.0	0.0015	0.0	0.0	0.0	0.0	0.0	0.0	0.0	0.0	0.0	0.0	0.0015	0.0	0.0	0.0	0.0	0.0	0.0	0.0	0.0	0.0	0.0	0.0	0.0	0.0	0.0	0.0	0.0	0.0	0.0	0.0	
Perdrix rouge	0.0643312	0.0636325	0.0596055	0.0801272	0.0793028	0.0803532	0.0724361	0.0794702	0.0743993	0.0893634	0.0932945	0.0768296	0.0908513	0.0960583	0.0735524	0.093218	0.0866735	0.0778088	0.0779558	0.081391	0.0775963	0.0664126	0.0705809	0.0527373	0.0542838	0.0589014	0.0614035	0.0553191	0.0584046	0.0451843	0.0513463	0.061263	0.0609911	0.0533088	0.045427	0.0602107	0.068253	0.0676175	0.0658288	0.0655814	0.0613811	0.0570513	0.0514246	0.0520505	0.0549753	0.03961	0.0599613	0.0633043	
Pigeon biset	0.1907643	0.1993257	0.186964	0.1993641	0.1982571	0.1986755	0.2032024	0.1990894	0.1825323	0.1850534	0.2049146	0.2134695	0.2322109	0.2219278	0.2159624	0.2294167	0.235012	0.2023726	0.1784322	0.1886792	0.214119	0.1834513	0.2098688	0.1993973	0.2138653	0.2005295	0.193609	0.2042553	0.1930199	0.1908442	0.1847214	0.1927427	0.1899619	0.1862745	0.1774682	0.1966884	0.2222918	0.2007396	0.2040694	0.2204651	0.2007673	0.2025641	0.1938846	0.1855941	0.1836174	0.1992687	0.2166344	0.1993043	
Pigeon colombin	0.0066879	0.0050569	0.0055746	0.0044515	0.0017429	0.001766	0.0041937	0.0028974	0.0023105	0.0023725	0.0029155	0.0017019	0.0015883	0.0013249	6.26E-4	5.582E-4	0.0023981	0.004187	0.0025985	0.0022198	0.008168	0.0038106	0.0024984	0.0015068	0.0026161	0.0019854	0.0012531	0.0018913	0.0021368	0.0017836	0.0012523	4.713E-4	0.0025413	6.127E-4	0.0012114	5.018E-4	0.003757	0.0052826	0.0023938	0.0069767	0.0070332	0.0025641	6.949E-4	0.0015	0.0016493	0.0024375	0.002579	0.0041739	
Pigeon ramier	0.2184713	0.2498946	0.238422	0.2623211	0.2762527	0.2891832	0.3122379	0.3381623	0.3327172	0.3736655	0.392753	0.4208607	0.4501271	0.4710169	0.4622848	0.4845102	0.50531	0.4556874	0.4673019	0.4883463	0.4854142	0.5051715	0.5128045	0.5389252	0.5225638	0.5009927	0.4774436	0.521513	0.519943	0.5059453	0.5021916	0.4792648	0.4485388	0.4185049	0.4118716	0.4144506	0.4151534	0.3845747	0.3734291	0.3725581	0.2973146	0.2737179	0.2696317	0.2539432	0.2347444	0.2608166	0.2598324	0.2587826	
Columba sp.	3.185E-4	4.214E-4	0.0	3.18E-4	4.357E-4	4.415E-4	0.0	0.0	0.0	7.908E-4	8.33E-4	9.725E-4	9.53E-4	0.0	0.0015649	8.373E-4	3.426E-4	6.978E-4	0.0012993	0.0	5.834E-4	0.0010887	0.0	0.0015	0.0	6.618E-4	0.0	0.0	7.123E-4	0.0017836	6.262E-4	0.0	6.353E-4	6.127E-4	6.057E-4	5.018E-4	0.0	5.283E-4	5.984E-4	4.651E-4	0.0	0.0	6.949E-4	0.0	0.0	6.094E-4	0.0	0.0	
Tourterelle des bois	0.0	0.0	0.0	3.18E-4	4.357E-4	0.0	0.0	4.139E-4	4.621E-4	0.0015	4.165E-4	0.0012157	0.0066709	0.0443856	0.0813772	0.1543399	0.1788284	0.1608514	0.1593764	0.1720311	0.1691949	0.1480675	0.1992505	0.1607233	0.1615435	0.1442753	0.1259398	0.1177305	0.1225071	0.1129608	0.1145899	0.1112158	0.0959339	0.091299	0.0587523	0.0426493	0.025047	0.0073957	0.0017953	0.0018605	0.0019182	0.0015	0.0	5.258E-4	0.0015	0.0	6.447E-4	0.0010435	
Tourterelle turque	0.3184713	0.3244838	0.3383362	0.3418124	0.3681917	0.3611479	0.3663744	0.3754139	0.3849353	0.3803875	0.3881716	0.4310722	0.435197	0.4643922	0.4676056	0.4945576	0.4693388	0.4473133	0.4170637	0.4428413	0.4533256	0.4093631	0.401624	0.4510296	0.4558535	0.4103243	0.4110276	0.4382979	0.4344729	0.4387634	0.4057608	0.395853	0.433291	0.4068627	0.3979406	0.3843452	0.4251722	0.3560486	0.36924	0.384186	0.334399	0.349359	0.3342599	0.3264984	0.3188565	0.3479586	0.3533204	0.3422609	
Géopélie diamant	0.0	0.0	0.0	0.0	0.0	0.0	0.0	0.0	0.0	0.0	0.0	0.0	0.0	0.0	0.0	0.0	0.0	0.0	0.0	0.0	0.0	0.0	0.0	0.0	0.0	0.0	0.0	0.0	0.0	0.0	0.0	0.0	6.353E-4	0.0	0.0	0.0	0.0	0.0	0.0	0.0	0.0	0.0	0.0	0.0	0.0	0.0	0.0	0.0	
columbidé sp.	0.0	0.0	0.0	0.0	0.0	0.0	0.0	0.0	0.0	0.0	4.165E-4	0.0	0.0	0.0	0.0	0.0	0.0	0.0	0.0	0.0	0.0	0.0	6.246E-4	0.0	0.0	6.618E-4	0.0	0.0	0.0	0.0	0.0	0.0	0.0	0.0	0.0	0.0	0.0	0.0	0.0	0.0015	0.0	0.0	0.0	0.0	0.0	0.0	0.0	0.0	
Ganga cata	6.369E-4	8.428E-4	0.0012864	0.0012719	4.357E-4	4.415E-4	7.625E-4	0.0012417	0.0018484	0.0023725	0.0029155	0.0031607	0.0038119	0.0049685	0.0043818	0.0036282	0.0044536	0.0024424	0.0038978	0.0025897	0.004084	0.0021775	0.0074953	0.0010045	0.0026161	0.0033091	0.0018797	0.0023641	7.123E-4	0.0011891	6.262E-4	4.713E-4	0.0	0.0018382	6.057E-4	5.018E-4	0.0	0.0	0.0	9.302E-4	6.394E-4	0.0012821	6.949E-4	0.0026288	0.0010995	0.0018282	0.0	3.478E-4	
Ganga unibande	0.0	0.0015	0.0	9.539E-4	0.0	4.415E-4	3.812E-4	8.278E-4	0.0	3.954E-4	0.0012495	7.294E-4	0.0022236	0.0013249	9.39E-4	0.0016746	0.0017129	0.0010468	4.331E-4	7.399E-4	0.0023337	5.444E-4	0.0	0.0010045	0.0	6.618E-4	6.266E-4	0.0014184	0.0	5.945E-4	6.262E-4	0.0	0.0	6.127E-4	0.0	5.018E-4	6.262E-4	5.283E-4	0.0	4.651E-4	0.0	0.0	0.0	0.0	0.0	0.0	0.0	3.478E-4	
Grande Outarde	0.0	0.0015	0.0	0.0	0.0	0.0	0.0011437	0.0	0.0	0.0	0.0012495	7.294E-4	3.177E-4	6.625E-4	0.0	5.582E-4	0.0	3.489E-4	0.0012993	3.7E-4	0.0	5.444E-4	6.246E-4	0.0010045	6.54E-4	0.0	0.0015	9.456E-4	0.0	5.945E-4	0.0	0.0	6.353E-4	6.127E-4	0.0015	5.018E-4	0.0	0.0	0.0011969	0.0015	0.0	0.0	0.0	0.0	0.0	0.0	0.0	0.0	
Outarde canepetière	0.0	0.0	0.0	0.0	0.0	0.0	0.0	0.0	0.0	0.0	0.0	9.725E-4	0.0025413	0.0016562	0.0018779	0.0013955	0.0010277	0.0010468	0.0012993	0.0014798	5.834E-4	5.444E-4	0.0	0.0010045	0.0	0.0	0.0	0.0	0.0	5.945E-4	0.0	0.0	6.353E-4	0.0036765	6.057E-4	5.018E-4	0.0	0.0	0.0	0.0	0.0	0.0	0.0	0.0	0.0015	0.0	0.0	0.0	
Coucou geai	0.0	4.214E-4	4.288E-4	3.18E-4	8.715E-4	8.83E-4	0.0034312	0.0078642	0.0101664	0.0126532	0.0087464	0.0119134	0.0149301	0.0218615	0.0181534	0.0200949	0.0181569	0.0191905	0.0138588	0.0122087	0.008168	0.0092542	0.0137414	0.0080362	0.0058862	0.0066181	0.0050125	0.0042553	0.002849	0.0023781	0.0018785	9.425E-4	0.0012706	0.0	0.0	0.0	0.0	0.0	0.0	0.0	0.0	0.0	0.0	0.0	0.0	0.0	0.0	3.478E-4	
Coucou gris	0.0	0.0	0.0	0.0	0.0	0.0	3.812E-4	0.0	0.0015	7.908E-4	8.33E-4	0.0199368	0.0397078	0.0539914	0.0760563	0.0627965	0.0739979	0.0792045	0.0814205	0.0651128	0.0618436	0.0402831	0.0306059	0.0120542	0.0045782	0.0066181	0.0012531	0.0023641	0.002849	0.0053508	0.0031309	0.005655	0.0012706	0.0042892	6.057E-4	5.018E-4	0.0	5.283E-4	0.0	0.0	0.0	0.0	0.0	0.0	0.0	0.0	0.0	0.0	
Engoulevent à collier roux	0.0	0.0	0.0	0.0	0.0	0.0	0.0	0.0	0.0	0.0	0.0	0.0015	3.177E-4	0.0039748	0.0065728	0.0195367	0.0270641	0.0436148	0.02945	0.0318165	0.0262544	0.0332063	0.0281074	0.0291311	0.0340092	0.028458	0.0350877	0.0260047	0.0377493	0.0321046	0.0281778	0.0221489	0.019695	0.0147059	0.0109025	0.0075263	0.003757	5.283E-4	0.0015	4.651E-4	0.0	0.0	0.0	0.0	0.0	0.0	0.0	0.0	
Engoulevent d'Europe	0.0	0.0	0.0	0.0	0.0	0.0	0.0	0.0	0.0	0.0	0.0	0.0	0.0	0.0015	0.0015649	0.0080938	0.0102775	0.0115143	0.0090948	0.0077691	0.008168	0.0146979	0.0099938	0.0140633	0.0124264	0.0066181	0.0100251	0.0104019	0.0128205	0.0047562	0.0081403	0.005655	0.0031766	0.0036765	0.0018171	0.002007	0.0	0.0015	0.0015	9.302E-4	0.0	0.0	0.0	0.0	0.0	0.0	0.0	0.0	
Engoulevent à collier roux ou E. d'Europe	0.0	0.0	0.0	0.0	0.0	0.0	0.0	0.0	0.0	0.0	0.0	0.0	0.0	0.0	3.13E-4	5.582E-4	0.0015	3.489E-4	0.0015	0.0015	0.0	0.0	0.0	0.0	0.0	0.0	0.0	9.456E-4	0.0015	0.0015	0.0015	0.0	0.0031766	0.0	0.0	0.0	0.0	0.0015	5.984E-4	0.0	0.0	0.0	0.0	0.0	0.0	0.0	0.0	0.0	
Caprimulgus sp.	0.0	0.0	0.0	0.0	0.0	0.0	0.0	0.0	0.0	0.0	0.0	0.0	0.0	0.0	0.0	0.0	0.0	0.0	0.0	3.7E-4	0.0	0.0	0.0	0.0	0.0	0.0	0.0	0.0	0.0	0.0	0.0	0.0	0.0	0.0	6.057E-4	0.0	0.0	0.0	0.0	0.0	0.0	0.0	0.0	0.0	0.0	0.0	0.0	0.0	
engoulevent sp.	0.0	0.0	0.0	0.0	0.0	0.0	0.0	0.0	0.0	0.0	0.0	0.0	0.0	0.0	3.13E-4	0.0	0.0	0.0	0.0	0.0	0.0	0.0	0.0	0.0	0.0	0.0	0.0	0.0	0.0	0.0	0.0	0.0	0.0	6.127E-4	0.0	0.0	0.0	0.0	0.0	0.0	0.0	0.0	0.0	0.0	0.0	0.0	0.0	0.0	
Martinet à ventre blanc	0.0	0.0	0.0	0.0	0.0	0.0	0.0	0.0016556	0.0138632	0.0415184	0.0587255	0.0651593	0.0492376	0.0211991	0.027543	0.0150712	0.0253511	0.0181438	0.0216544	0.0262671	0.0274212	0.0364725	0.028732	0.0356605	0.028777	0.0277962	0.0319549	0.0401891	0.0299145	0.0178359	0.0212899	0.0245052	0.0298602	0.0183824	0.0193822	0.0140492	0.0112711	0.0031696	0.0035907	0.0088372	0.0031969	0.0012821	0.0	5.258E-4	0.0	0.0	0.0	0.0	
Martinet noir	6.369E-4	0.0015	0.0015	0.0	0.0	8.83E-4	0.0	4.139E-4	0.0069316	0.022934	0.0587255	0.166302	0.3040025	0.3617092	0.4397496	0.4733464	0.5327167	0.4794138	0.4915548	0.4972253	0.5180863	0.5008165	0.4946908	0.5032647	0.442119	0.4129715	0.3502506	0.2903073	0.25	0.2027348	0.1734502	0.1493874	0.0965693	0.0723039	0.0490612	0.0255896	0.0118973	0.0036978	0.0023938	0.0013953	0.0	0.0	0.0	0.0	5.498E-4	0.0018282	0.0012895	0.002087	
Martinet pâle	6.369E-4	0.0025284	0.0	0.0015	0.0015	0.0030905	0.0019062	0.004553	0.0060074	0.0387505	0.0574761	0.0892293	0.1111817	0.1040079	0.1183099	0.1060564	0.1236725	0.1085136	0.118233	0.1050684	0.1044341	0.0996189	0.0905684	0.1356102	0.1360366	0.1164792	0.1290727	0.1456265	0.1566952	0.1296076	0.1346274	0.1163996	0.08831	0.0949755	0.0690491	0.0476668	0.0244208	0.0158479	0.0077798	0.0083721	0.0025575	0.0012821	0.0013899	5.258E-4	5.498E-4	0.0015	0.0012895	0.0	
Martinet noir ou M. pâle	6.369E-4	0.0	0.0	0.0015	4.357E-4	8.83E-4	0.0011437	0.0033113	0.0023105	0.0106762	0.031237	0.0396304	0.0603558	0.057635	0.0391236	0.0421435	0.0356286	0.0345429	0.0368125	0.0307066	0.0344224	0.034295	0.0437227	0.0452034	0.0464356	0.039047	0.0482456	0.0468085	0.0470085	0.0457788	0.0319349	0.0461828	0.0304956	0.0269608	0.023622	0.0160562	0.0068879	0.0031696	0.0035907	9.302E-4	0.0025575	6.41E-4	0.0	0.0010515	0.0015	0.0015	0.0	3.478E-4	
Martinet des maisons	0.0	0.0	0.0	0.0	0.0	0.0	0.0	0.0	0.0	0.0	4.165E-4	0.0	0.0	0.0	0.0	0.0	0.0	0.0	0.0	0.0	0.0	0.0	0.0	0.0	0.0	0.0	0.0	0.0	0.0	0.0	0.0	0.0	0.0	6.127E-4	0.0	0.0	0.0	0.0	0.0	0.0	0.0	0.0	0.0	0.0	0.0	0.0	0.0	0.0	
Martinet cafre	0.0	0.0	0.0	0.0	0.0	0.0	0.0	0.0	0.0	0.0	0.0	0.0	0.0	0.0	0.0	0.0	0.0	0.0	0.0015	0.0	0.0	0.0	0.0	0.0	0.0	0.0	0.0	0.0	0.0	0.0	0.0	0.0	0.0	6.127E-4	0.0	0.0	0.0	0.0	0.0	0.0	0.0	0.0	0.0	0.0	0.0	0.0	0.0	0.0	
Apus sp.	0.0	0.0	0.0	0.0	0.0	0.0	0.0	0.0	0.0	0.0015	0.0	0.0	0.0	0.0	0.0	0.0	0.0	0.0	0.0	0.0	0.0	0.0	0.0	0.0	0.0	0.0	0.0	0.0	0.0	0.0	0.0	0.0	0.0	0.0	0.0	0.0	0.0	0.0	0.0	0.0	0.0	0.0	0.0	0.0	0.0	0.0	0.0	0.0	
Apus ou Tachymarptis sp.	0.0	4.214E-4	0.0	3.18E-4	0.0	0.0	0.0015	0.0	0.0	3.954E-4	0.0	2.431E-4	0.0022236	3.312E-4	0.0	0.0	0.0	3.489E-4	0.0	0.0	5.834E-4	0.0	0.0	0.0010045	6.54E-4	6.618E-4	0.0	4.728E-4	0.0	0.0	0.0	4.713E-4	0.0	0.0	0.0	0.0	0.0	0.0	5.984E-4	0.0	0.0	0.0	0.0	0.0	0.0	0.0	0.0	0.0	
apodidé sp.	0.0	0.0	0.0	0.0	0.0	0.0	0.0	0.0	0.0	0.0	0.0	0.0	0.0	0.0	0.0	0.0	0.0	0.0	0.0	0.0	0.0	0.0	0.0	0.0	0.0	0.0	0.0	0.0	0.0	0.0	0.0	0.0	0.0	0.0	0.0	0.0	0.0	0.0	5.984E-4	0.0	0.0	6.41E-4	0.0	0.0	0.0	0.0	0.0	0.0	
Râle d'eau	0.072293	0.0716393	0.0698971	0.0737679	0.0875817	0.0750552	0.081586	0.0831954	0.086414	0.090945	0.0683049	0.066618	0.0721093	0.0609473	0.0547731	0.046609	0.0332306	0.0275645	0.0303162	0.027377	0.0250875	0.028307	0.0343535	0.0331492	0.030739	0.0344143	0.037594	0.0449173	0.0548433	0.0772889	0.1020664	0.0824694	0.0724269	0.0882353	0.0745003	0.0888108	0.0895429	0.100898	0.1035308	0.0967442	0.0869565	0.0929487	0.076442	0.0767613	0.0885102	0.0883608	0.0851064	0.0702609	
Râle des genêts	0.0	0.0	0.0	0.0	0.0	0.0	0.0	0.0	0.0	0.0	0.0	0.0	0.0	0.0	0.0	0.0	0.0	0.0	0.0	0.0	0.0	0.0	0.0	0.0	0.0	0.0	0.0	0.0	0.0	0.0	0.0	0.0	0.0	0.0	0.0015	5.018E-4	0.0	0.0	0.0	0.0	0.0	0.0	0.0	0.0	0.0	0.0	0.0	0.0	
Marouette ponctuée	0.0	0.0	0.0	0.0	8.715E-4	8.83E-4	0.0038124	0.0173841	0.0175601	0.0166074	0.0133278	0.0155604	0.0155654	0.0115932	0.0040689	0.0016746	3.426E-4	3.489E-4	4.331E-4	0.0	0.0	0.0	0.0	0.0	0.0	0.0	0.0	0.0	7.123E-4	0.0011891	0.0012523	4.713E-4	6.353E-4	0.0	0.0	0.0030105	0.0012523	0.0	0.0011969	0.0	0.0	0.0	0.0	0.0	0.0	0.0	0.0	0.0	
Gallinule poule-d'eau	0.3006369	0.3034134	0.3151801	0.3166932	0.3246187	0.3205298	0.3354937	0.3625828	0.3553604	0.3708976	0.3473553	0.3372234	0.3351334	0.3398476	0.3242567	0.3187273	0.3086674	0.2505234	0.2819402	0.27266	0.2572929	0.2384322	0.2710806	0.2631843	0.2531066	0.2792852	0.2863409	0.2747045	0.3069801	0.2895363	0.3256105	0.2964185	0.2814485	0.2867647	0.3064809	0.3331661	0.3256105	0.3518225	0.3602633	0.3209302	0.326087	0.299359	0.2939541	0.3107256	0.3375481	0.3193175	0.3204384	0.3182609	
Foulque macroule	0.2235669	0.2203961	0.2281304	0.2349762	0.2335512	0.2366446	0.2222646	0.2450331	0.2347505	0.2653223	0.2598917	0.2426453	0.2414231	0.2302087	0.2344288	0.2034608	0.1911614	0.1755059	0.1914249	0.1616722	0.1493582	0.150245	0.182386	0.1712707	0.1569653	0.1952349	0.1954887	0.1839243	0.2001425	0.1926278	0.2035066	0.202639	0.1817027	0.1966912	0.2083586	0.2202709	0.2254227	0.2408875	0.2477558	0.2144186	0.2468031	0.2442308	0.2195969	0.2281809	0.2523364	0.2352224	0.2321083	0.2302609	
Foulque caronculée	0.0353503	0.0282343	0.0390223	0.0419714	0.0440087	0.0317881	0.0217308	0.0343543	0.0318854	0.0431	0.0379009	0.0466813	0.0406607	0.0404107	0.0450704	0.0293051	0.0298047	0.0369853	0.0372456	0.0277469	0.0239207	0.0201415	0.0249844	0.0291311	0.0209287	0.0271343	0.0281955	0.0250591	0.0270655	0.0344828	0.0331872	0.0348728	0.0343075	0.0398284	0.0363416	0.0316106	0.0400751	0.0348653	0.0311191	0.0362791	0.0351662	0.0352564	0.0236275	0.033123	0.0417812	0.0310786	0.0232108	0.0306087	
Foulque macroule ou F. caronculée	0.0	0.0	0.0	0.0	0.0	0.0	0.0	0.0	0.0	0.0	0.0	0.0	0.0	0.0	0.0	0.0	0.0	0.0	0.0	0.0	0.0	0.0	0.0	0.0	0.0	0.0	0.0	0.0	0.0	0.0	6.262E-4	0.0	0.0	0.0	0.0	0.0	0.0	0.0	0.0	0.0	0.0	0.0	0.0	0.0	0.0	0.0	0.0	0.0	
foulque sp.	0.0	0.0	0.0	0.0	0.0	0.0	0.0	0.0	0.0	0.0	0.0	0.0	0.0	0.0	0.0	0.0	0.0	0.0	0.0	0.0	0.0	0.0	0.0	0.0	0.0	0.0	0.0	0.0	0.0	5.945E-4	0.0	0.0	0.0	0.0	0.0	0.0	0.0	0.0	0.0	0.0	0.0	0.0	0.0	0.0	0.0	0.0	0.0	0.0	
Talève sultane	0.1404459	0.1348504	0.1337907	0.1500795	0.1481481	0.1554084	0.1429661	0.1663907	0.1621996	0.1735864	0.1561849	0.1541454	0.1651842	0.1520371	0.1527387	0.1361987	0.1205892	0.102582	0.1030749	0.0891602	0.0886814	0.0816549	0.1068082	0.1049724	0.0981033	0.1184646	0.1184211	0.1248227	0.1381766	0.1385256	0.1640576	0.1465598	0.139136	0.1354167	0.1296184	0.1480181	0.1471509	0.1790808	0.1502095	0.147907	0.1483376	0.1435897	0.1223072	0.1424816	0.166575	0.1304083	0.1431335	0.1370435	
Marouette poussin	0.0	0.0	0.0015	3.18E-4	0.0	0.0	3.812E-4	0.0	9.242E-4	0.0023725	8.33E-4	0.0048626	0.0060356	0.0079497	0.0040689	0.0050237	0.0013703	0.0	0.0	0.0	0.0	0.0	0.0	0.0	0.0	0.0	0.0	0.0	0.0	0.0	0.0	4.713E-4	0.0	0.0	0.0	0.0	0.0	0.0	0.0	0.0	0.0	0.0	0.0	0.0	0.002199	0.0	0.0015	0.0	
Marouette de Baillon	0.0	0.0	0.0	0.0	0.0	0.0	0.0	0.0	0.0	0.0	0.0	0.0	3.177E-4	3.312E-4	3.13E-4	0.0011164	0.0	0.0	0.0	0.0	0.0	0.0	0.0	0.0	0.0	0.0	0.0	0.0	0.0	0.0	0.0	0.0	0.0	0.0	0.0	0.0	0.0	0.0	0.0	0.0	0.0	0.0	0.0	0.0	0.0	0.0	0.0	0.0	
râle ou marouette sp.	0.0	0.0	0.0	0.0	0.0	0.0	0.0	0.0	0.0	3.954E-4	0.0	0.0	6.353E-4	3.312E-4	0.0	0.0	0.0	0.0	0.0	0.0	0.0	0.0	0.0	0.0	0.0	0.0	0.0	0.0	0.0	5.945E-4	0.0	0.0	0.0	0.0	6.057E-4	0.0	0.0	0.0	0.0	0.0	0.0	0.0	0.0	0.0	0.0	0.0	0.0	0.0	
Grue cendrée	0.0171975	0.0155921	0.0132933	0.0111288	0.0087146	0.007064	0.0053374	0.0074503	0.0078558	0.0019771	0.0012495	4.863E-4	3.177E-4	3.312E-4	0.0	2.791E-4	0.0	0.0	0.0	0.0	0.0	0.0	0.0	0.0	0.0	0.0	0.0	0.0	0.0	0.0	0.0	0.0	0.0015	0.0	0.0	0.0	6.262E-4	0.0	0.0041891	0.0097674	0.0153453	0.0192308	0.0180681	0.0325973	0.0214404	0.0249848	0.030303	0.0205217	
Oedicnème criard	0.0171975	0.0176991	0.0167238	0.0219396	0.0244009	0.0295806	0.0331681	0.0318709	0.0402033	0.0482404	0.0549771	0.0551909	0.0495553	0.0592912	0.056964	0.0513536	0.0500171	0.0516399	0.0554353	0.0488346	0.0443407	0.0473598	0.0493442	0.048217	0.0477436	0.0569159	0.0701754	0.0572104	0.0584046	0.0648038	0.0588604	0.0466541	0.0425667	0.0422794	0.0357359	0.0291019	0.0375704	0.0290544	0.0305206	0.0293023	0.0255754	0.0262821	0.0132036	0.0189274	0.0274876	0.0249848	0.0109607	0.0191304	
Échasse blanche	0.1207006	0.0952381	0.1132075	0.1281399	0.1163399	0.1209713	0.1166603	0.1212748	0.1548059	0.1969158	0.2157434	0.2657428	0.2839898	0.279894	0.2713615	0.244767	0.2559096	0.2215632	0.2347337	0.2186459	0.2036173	0.2035928	0.2435978	0.2591662	0.2426422	0.2845797	0.2694236	0.308747	0.3226496	0.3097503	0.3180964	0.295476	0.2833545	0.2365196	0.2313749	0.2047165	0.1678147	0.1748547	0.1430281	0.1325581	0.1003836	0.100641	0.0771369	0.0962145	0.1368884	0.1200488	0.0954223	0.1092174	
Avocette élégante	0.043949	0.0286557	0.0368782	0.0346582	0.0296296	0.0344371	0.0346931	0.0389073	0.0494455	0.0695927	0.0687214	0.0991977	0.1086404	0.1275257	0.1311424	0.1088473	0.1089414	0.1144452	0.1074058	0.0921199	0.0735123	0.0713119	0.0918176	0.1029633	0.0837148	0.1111846	0.1002506	0.0950355	0.0947293	0.1111772	0.0920476	0.0933082	0.0908513	0.0833333	0.0866142	0.0707476	0.0513463	0.0776545	0.0460802	0.0595349	0.0338875	0.0391026	0.0319666	0.0431125	0.0764156	0.0499695	0.03804	0.0452174	
Huîtrier pie	0.0015	4.214E-4	0.0	0.0	0.0	0.0	3.812E-4	0.0028974	0.0036969	7.908E-4	0.0037484	0.0029176	0.0025413	0.0029811	0.0034429	0.0039073	0.0037684	0.0020935	0.0017324	0.0014798	0.0011669	0.0	0.0012492	5.023E-4	0.001308	0.0026473	0.0075188	0.0094563	0.0235043	0.0243757	0.0187852	0.0193214	0.0158831	0.0171569	0.0084797	0.0215755	0.0050094	0.0026413	0.0029922	0.0046512	0.0012788	6.41E-4	6.949E-4	0.0	0.0	6.094E-4	6.447E-4	0.0	
Pluvier argenté	0.0194268	0.0155921	0.0154374	0.0197138	0.0126362	0.0136865	0.0133435	0.0070364	0.00878	0.0110716	0.0112453	0.0114272	0.0079416	0.0076184	0.0087637	0.0136757	0.0095923	0.008723	0.0073625	0.0036996	0.0023337	0.0016331	0.0015	0.0015068	0.001308	0.0015	0.004386	0.0089835	0.0042735	0.0237812	0.0388228	0.0348728	0.0241423	0.0122549	0.0102968	0.0130457	0.0275517	0.0290544	0.0305206	0.0367442	0.019821	0.0153846	0.0138985	0.0231335	0.0313359	0.0286411	0.0154739	0.0153043	
Pluvier doré	0.0442675	0.0316056	0.0338765	0.027663	0.0331155	0.0317881	0.0217308	0.0103477	0.012939	0.0027679	8.33E-4	7.294E-4	3.177E-4	3.312E-4	0.0	0.0015	0.0	0.0015	0.0	3.7E-4	0.0	0.0	0.0	0.0	6.54E-4	0.0	0.0	0.0	0.0014245	5.945E-4	0.0	0.001885	0.0	0.0	0.0018171	0.0010035	0.0012523	0.0052826	0.0035907	0.0027907	0.0063939	0.0096154	0.0229326	0.0567823	0.055525	0.047532	0.0373952	0.0382609	
Pluvier bronzé	9.554E-4	0.0	0.0	0.0	0.0	0.0	0.0	0.0	0.0	0.0	0.0	0.0	0.0	0.0	0.0	0.0	0.0	0.0	0.0	0.0	0.0	0.0	0.0018738	0.0	0.0	0.0	0.0	0.0	0.0	0.0	0.0	0.0	0.0	0.0	0.0	0.0	0.003757	0.0010565	0.0	0.0	0.0	0.0	0.0	0.0	0.0	0.0	0.0	0.0	
Pluvier fauve	0.0	0.0	0.0	0.0	0.0	0.0	0.0	0.0	0.0	0.0	0.0	0.0	0.0	0.0	0.0	0.0	0.0	0.0	0.0	0.0	0.0	0.0	0.0	0.0	0.0	0.0	0.0	0.0	7.123E-4	0.0017836	0.0018785	0.0	0.0	0.0	6.057E-4	0.0	0.0	0.0	0.0	4.651E-4	6.394E-4	0.0	0.0	0.0	0.0	0.0	0.0	0.0	
Pluvialis sp.	0.0	0.0	0.0	0.0	8.715E-4	0.0	7.625E-4	4.139E-4	0.0015	3.954E-4	0.0	2.431E-4	0.0	0.0	0.0	0.0	0.0	0.0	0.0	0.0	0.0	0.0	0.0	0.0	0.0	0.0	0.0	0.0	7.123E-4	5.945E-4	0.0	0.0015	0.0	0.0	0.0	0.0	6.262E-4	0.0010565	0.0	9.302E-4	0.0	0.0	6.949E-4	0.0	0.0	6.094E-4	6.447E-4	0.0010435	
Guignard d’Eurasie	0.0	0.0	0.0	0.0	0.0	0.0	0.0	0.0	0.0	0.0	0.0	0.0	0.0	0.0	0.0	0.0	0.0	0.0	0.0	0.0	0.0	0.0	0.0	0.0	0.0	0.0	0.0	0.0	0.0	0.0	0.0012523	0.00377	0.0044473	0.0128676	0.0096911	0.002007	0.0018785	0.0	0.0	0.0	0.0	0.0015	0.0	0.0	0.0	0.0	0.0	0.0	
Grand Gravelot	0.0369427	0.0257059	0.0321612	0.0282989	0.0235294	0.0256071	0.0209684	0.0157285	0.0235675	0.0201661	0.0166597	0.0143448	0.0158831	0.0188804	0.0253521	0.0555401	0.0698869	0.0568737	0.049372	0.0295967	0.0070012	0.0038106	0.0043723	0.0025113	0.0039241	0.0198544	0.0219298	0.0543735	0.0833333	0.1206897	0.1208516	0.1423186	0.1683609	0.1599265	0.1568746	0.1590567	0.1289919	0.1172742	0.0694195	0.055814	0.0428389	0.0435897	0.0271022	0.033123	0.0428807	0.0377818	0.0264346	0.0368696	
Petit Gravelot	0.0095541	0.009271	0.0132933	0.0076312	0.0152505	0.011479	0.0167747	0.0306291	0.0697782	0.1198102	0.1103707	0.1186482	0.1273825	0.1112951	0.1120501	0.0979626	0.0873587	0.0823447	0.0779558	0.0806511	0.0729288	0.0718563	0.0793254	0.0853842	0.0967953	0.1211118	0.1610276	0.1867612	0.2001425	0.2033294	0.2066374	0.1819039	0.1702668	0.1685049	0.1629316	0.1344706	0.0870382	0.0612784	0.0263315	0.0218605	0.0185422	0.0141026	0.0020848	0.0152471	0.0131941	0.007922	0.0090264	0.0170435	
Vanneau huppé	0.0929936	0.0863885	0.0926244	0.0855326	0.0867102	0.0900662	0.0575677	0.031043	0.0203327	0.0086991	0.0033319	0.0038901	0.0031766	0.0066247	0.0040689	0.0016746	0.0020555	0.0017446	0.0030316	0.0014798	0.0011669	0.0010887	0.0037477	0.0010045	0.0052322	0.0066181	0.014411	0.0146572	0.0099715	0.0184304	0.0219161	0.0221489	0.0368488	0.026348	0.029679	0.0331159	0.057608	0.0734284	0.0616397	0.0539535	0.0722506	0.0775641	0.0729673	0.1177708	0.100055	0.0920171	0.103804	0.0963478	
Vanneau soldat	0.0	0.0	0.0	0.0	0.0	0.0	0.0	0.0	0.0	0.0	0.0	0.0	0.0	0.0	0.0	0.0	0.0	0.0	0.0	0.0	0.0	0.0	0.0	0.0	0.0	0.0	0.0	0.0	0.0	0.0	0.0	0.0	0.0	0.0	0.0	0.0	0.0	5.283E-4	5.984E-4	0.0	0.0	0.0	0.0	0.0	0.0	0.0	0.0	0.0	
Vanneau sociable	0.0	0.0	0.0	0.0	0.0	0.0	0.0	8.278E-4	0.0	0.0	0.0	0.0	0.0	0.0	0.0	0.0	0.0	0.0	0.0	0.0	0.0	0.0	0.0	0.0	0.0	0.0	0.0	0.0	0.0	0.0	0.0	0.0	0.0	0.0	0.0	0.0	0.0	0.0	0.0	0.0	0.0	6.41E-4	0.0027797	0.0047319	0.0126443	0.0060938	6.447E-4	0.0017391	
Vanneau à queue blanche	0.0	0.0	0.0	0.0	0.0	0.0	0.0	0.0	0.0	0.0	0.0	0.0	0.0	0.0	0.0	0.0	0.0	0.0	0.0	0.0	0.0	0.0	0.0	0.0	6.54E-4	0.0	0.0	0.0	0.0	0.0	0.0	0.0	0.0	0.0	0.0	0.0	0.0	0.0	0.0	0.0	0.0	0.0	0.0	0.0	0.0	0.0	0.0	0.0	
Vanellus sp.	0.0	0.0	0.0	0.0	0.0	0.0	0.0	0.0	0.0	0.0	0.0	0.0	0.0	0.0	0.0	0.0	0.0	0.0	0.0	0.0	0.0	0.0	0.0	0.0	0.0	0.0	0.0	0.0	0.0	0.0	0.0	0.0	0.0015	0.0	0.0	0.0	0.0	0.0	0.0	0.0	0.0	0.0	0.0	0.0	0.0	0.0	0.0	0.0	
Gravelot de Leschenault	0.0	0.0	0.0	0.0	0.0	0.0	0.0	0.0	0.0	0.0	0.0	0.0	0.0	0.0	0.0	0.0	0.0	0.0	0.0	0.0	0.0	0.0	0.0	5.023E-4	0.0	0.0	0.0	0.0	0.0	0.0	0.0	0.0	0.0	0.0	0.0	0.0	0.0	0.0	0.0	0.0	0.0	0.0	0.0	0.0	0.0	0.0	0.0	0.0	
Gravelot à collier interrompu	0.0353503	0.0324484	0.0274443	0.027345	0.0244009	0.0220751	0.0240183	0.0231788	0.0341959	0.0324239	0.0466472	0.0595672	0.0581321	0.063266	0.056651	0.0678203	0.0746831	0.064201	0.0601992	0.0480947	0.0513419	0.0435493	0.0505934	0.0748368	0.0693264	0.0761085	0.0902256	0.1040189	0.0918803	0.1206897	0.1139637	0.1050895	0.0991105	0.0827206	0.0678377	0.0772704	0.0613651	0.0501849	0.0359066	0.0260465	0.0313299	0.0282051	0.0243224	0.0299685	0.0412314	0.0329068	0.0283688	0.0365217	
Charadriidae sp.	6.369E-4	4.214E-4	0.0	3.18E-4	8.715E-4	8.83E-4	3.812E-4	4.139E-4	0.0	3.954E-4	4.165E-4	0.0	3.177E-4	6.625E-4	6.26E-4	5.582E-4	3.426E-4	3.489E-4	0.0012993	0.0	0.0	0.0	0.0015	0.0010045	0.0	0.0013236	6.266E-4	0.0	7.123E-4	0.0017836	6.262E-4	9.425E-4	0.0	0.0012255	0.0	5.018E-4	0.0018785	0.0015848	0.0	0.0013953	0.0019182	6.41E-4	0.0015	0.0015773	5.498E-4	0.0012188	0.0	6.957E-4	
Courlis corlieu	0.0085987	0.0058997	0.0098628	0.0057234	0.0039216	0.007064	0.0045749	0.0037252	0.0050832	0.0043495	0.0079134	0.0070508	0.0127065	0.0129182	0.0140845	0.0156294	0.0085646	0.0080251	0.0051971	3.7E-4	0.0011669	5.444E-4	0.0012492	0.0075339	0.0124264	0.0225017	0.0369674	0.0463357	0.0548433	0.0558859	0.0507201	0.0362865	0.0330368	0.0183824	0.0205936	0.0150527	0.0087664	0.01215	0.0095751	0.0074419	0.0070332	0.0064103	0.0041696	0.0057834	0.008796	0.007922	0.0109607	0.0073043	
Courlis hudsonien ou corlieu	0.0	0.0	0.0	0.0	0.0	0.0	0.0	0.0	0.0	0.0	0.0	0.0	0.0	0.0	0.0	0.0	0.0	0.0	0.0	0.0	0.0	0.0	0.0	0.0	0.0	0.0	0.0	0.0	0.0	0.0	0.0	4.713E-4	0.0	0.0	0.0	0.0	0.0	0.0	0.0	0.0	0.0	0.0	0.0	0.0	0.0	0.0	0.0	0.0	
Courlis cendré	0.0047771	0.0037927	0.0042882	0.0022258	0.0030501	0.0048565	0.0068624	0.004553	0.0027726	7.908E-4	8.33E-4	4.863E-4	0.001906	3.312E-4	0.0015649	0.0011164	6.852E-4	3.489E-4	0.0015	0.0015	0.0015	0.0010887	0.0024984	5.023E-4	0.0019621	0.0026473	0.0037594	0.0061466	0.008547	0.0059453	0.0068879	0.001885	6.353E-4	0.002451	0.0012114	0.0015053	0.0062617	0.0089805	0.005386	0.0065116	0.0031969	0.0038462	0.0034746	0.0063091	0.0049478	0.0024375	0.0045132	0.0038261	
Barge rousse	0.0022293	8.428E-4	4.288E-4	6.359E-4	0.0	0.0	0.0015	0.0015	9.242E-4	0.0015	4.165E-4	4.863E-4	0.0015	0.0026499	0.0018779	0.0061401	0.0068517	0.0062805	0.0025985	0.0022198	5.834E-4	0.0015	0.0	0.0	0.0	0.0	0.0	4.728E-4	0.0	0.0011891	0.0025047	0.0014138	0.0076239	0.0110294	0.0230164	0.0250878	0.0087664	0.0184892	0.0083782	0.0069767	0.0031969	0.0032051	0.0013899	5.258E-4	5.498E-4	0.0012188	0.0012895	6.957E-4	
Barge à queue noire	0.0105096	0.0143279	0.0171527	0.0295707	0.0335512	0.0463576	0.040793	0.0463576	0.0573013	0.0561487	0.0445648	0.0415755	0.0336722	0.0268301	0.0241002	0.0120011	0.0078794	0.0076762	0.009961	0.0096189	0.0064177	0.0092542	0.0237352	0.023104	0.0241988	0.0350761	0.0526316	0.0444444	0.0669516	0.0832342	0.0757671	0.0574929	0.0698856	0.0625	0.0520896	0.0506774	0.0344396	0.0475436	0.0293238	0.0213953	0.019821	0.0185897	0.0152884	0.0162986	0.0307861	0.0225472	0.0174081	0.0114783	
barge sp.	0.0	0.0	0.0	0.0	0.0	0.0	0.0	0.0	0.0	0.0	0.0	0.0	0.0	0.0	0.0	0.0	0.0	0.0	0.0	0.0	0.0	0.0	0.0	0.0	0.0	0.0	0.0	0.0	0.0	0.0	0.0	4.713E-4	0.0	0.0	0.0	0.0	0.0	0.0	0.0	0.0	0.0	0.0	0.0	0.0	0.0	0.0	0.0	0.0	
Bécassin à long bec	6.369E-4	0.0050569	0.0	0.0	0.0	0.0	0.0	0.0	0.0	0.0083037	0.0066639	0.0019451	0.0	0.0	0.0	0.0	0.0	0.0	0.0	0.0	0.0	0.0	0.0	0.0	0.0	0.0	0.0	0.0	0.0	0.0	0.0	0.0	0.0	0.0	0.0	5.018E-4	0.0012523	0.010037	0.0071813	0.0046512	0.0012788	0.0015	0.0015	0.0	0.0	0.0	0.0	3.478E-4	
Bécassine sourde	0.0085987	0.0080067	0.0038593	0.0079491	0.0087146	0.0066225	0.0064811	0.0086921	0.0073937	0.0083037	0.0058309	0.0087527	0.0044473	0.0049685	0.0037559	0.0011164	3.426E-4	0.0	4.331E-4	0.0	0.0	0.0	0.0	0.0	0.0	0.0	0.0	0.0	0.0	0.0	0.0	0.0	0.0	0.0	0.0	5.018E-4	0.0012523	0.0010565	0.0011969	9.302E-4	6.394E-4	0.0012821	0.0013899	0.0042061	0.0104453	0.0054845	0.0064475	0.0041739	
Bécasse des bois	3.185E-4	0.0016856	4.288E-4	6.359E-4	0.0017429	8.83E-4	0.0015	4.139E-4	4.621E-4	3.954E-4	8.33E-4	0.0015	0.0	0.0	0.0	0.0	0.0	0.0	0.0	0.0	0.0	0.0	0.0	0.0	0.0	0.0	0.0	0.0	0.0	0.0	0.0	0.0	0.0	0.0	0.0015	0.0	0.0	0.0	0.0	0.0	6.394E-4	6.41E-4	0.0027797	0.0015773	0.0010995	0.0015	0.0012895	6.957E-4	
Bécassine double	0.0	0.0	0.0	0.0	0.0	0.0	0.0	0.0	0.0	0.0	0.0	0.0	0.0	6.625E-4	0.0	0.0	0.0	0.0	0.0	0.0	0.0	0.0	0.0	0.0	0.0	0.0	0.0	0.0	0.0	0.0	0.0	0.0	0.0	0.0	0.0	0.0	0.0	0.0	0.0	0.0	0.0	0.0	0.0	0.0	0.0	0.0	0.0	0.0	
Bécassine des marais	0.1073248	0.0990308	0.1003431	0.1052464	0.1137255	0.1156733	0.106748	0.1254139	0.1367837	0.1372084	0.1062057	0.096037	0.0825921	0.061941	0.058529	0.0253977	0.0119904	0.0048849	0.0030316	0.0033296	5.834E-4	5.444E-4	0.0024984	0.0010045	0.0	6.618E-4	0.0018797	0.0033097	0.0149573	0.0208086	0.0582342	0.0702168	0.092122	0.096201	0.112659	0.0933266	0.0901691	0.1204437	0.0999402	0.0888372	0.0933504	0.0916667	0.0826963	0.097266	0.1264431	0.1102986	0.1096067	0.112	
Gallinago sp.	0.0	0.0	0.0	0.0	0.0	0.0	0.0	0.0	0.0	0.0	0.0	2.431E-4	0.0	0.0	0.0	0.0	0.0	3.489E-4	0.0	0.0	0.0	0.0	0.0	0.0	0.0	0.0	0.0	0.0	0.0	0.0	0.0	0.0	0.0	0.0	0.0	0.0	0.0	0.0	0.0	0.0	0.0	0.0	0.0	0.0	0.0	0.0	0.0	0.0	
Phalarope à bec large	0.0	0.0	0.0	0.0	0.0	0.0	0.0	0.0	0.0	0.0	0.0	0.0	0.0	0.0	0.0	0.0	0.0	0.0	0.0	0.0	0.0	0.0	0.0	0.0	0.0	0.0	0.0	0.0	0.0	0.0	0.0	0.0	0.0	0.0	0.0	0.0	0.0	0.0	0.0	0.0	0.0057545	0.0	0.0020848	0.0	0.0	0.0048751	0.0	0.0	
Phalarope à bec étroit	0.0	4.214E-4	0.0	0.0	0.0	0.0	0.0022875	0.0	0.0	0.0	0.0	0.0	0.0	0.0	0.0	2.791E-4	0.0	0.0	0.0	0.0	0.0	0.0	0.0	0.0	0.0	0.0	0.0	0.0014184	0.0	0.0	6.262E-4	0.0098963	0.0050826	0.0030637	0.0090854	0.0090316	0.0	0.0	0.0	0.0	0.0	0.0	6.949E-4	5.258E-4	0.0	0.0	0.0	0.0	
Chevalier bargette	0.0	0.0	0.0	0.0	0.0	0.0	0.0	0.0	0.0	0.0	0.0	0.0	0.0	0.0	0.0	0.0	0.0	0.0	0.0	0.0	0.0	0.0	0.0	0.0	0.0	0.0	0.0	0.0	0.0	0.0011891	0.0	0.0	0.0	0.0	0.0	0.0	0.0	0.0	0.0	0.0	0.0	0.0	0.0	0.0	0.0	0.0	0.0	0.0	
Chevalier guignette	0.072293	0.0606827	0.0634648	0.0616852	0.0527233	0.0490066	0.0411742	0.0480132	0.0591497	0.0549624	0.0520616	0.0539752	0.0540025	0.0738655	0.1035994	0.1624337	0.138061	0.0903699	0.0472066	0.0122087	0.0029172	0.0038106	0.0049969	0.0105475	0.0255069	0.0721377	0.1246867	0.1815603	0.2136752	0.1944114	0.1997495	0.2040528	0.1880559	0.1482843	0.1556632	0.1279478	0.0901691	0.0813524	0.0616397	0.0553488	0.0690537	0.0570513	0.0416956	0.0720294	0.0681693	0.0700792	0.0612508	0.0737391	
Chevalier culblanc	0.0843949	0.0809102	0.0746141	0.081717	0.0740741	0.0825607	0.0754861	0.0844371	0.1039741	0.1257414	0.1137026	0.1057622	0.0841804	0.0596224	0.0447574	0.0242813	0.0099349	0.0034892	0.0025985	0.0036996	0.0029172	0.0097986	0.0299813	0.0587644	0.0843689	0.0953011	0.1058897	0.1196217	0.1495726	0.1331748	0.169067	0.1611687	0.1709022	0.1439951	0.1550575	0.1329654	0.1089543	0.1225568	0.0909635	0.0893023	0.0799233	0.0711538	0.0562891	0.086225	0.0863112	0.0755637	0.0896196	0.0991304	
Chevalier stagnatile	0.0	0.0	0.0015	0.0	0.0	0.0	0.0	0.0	0.0	3.954E-4	4.165E-4	0.0043764	3.177E-4	0.0	0.001252	0.0025119	0.0	0.0	4.331E-4	0.0	0.0	5.444E-4	0.0062461	0.0015068	6.54E-4	0.0092654	0.0081454	0.0061466	0.0035613	0.008918	0.0056356	0.0028275	0.0038119	0.0073529	0.0060569	0.0045158	0.003757	0.0073957	0.0017953	0.0023256	6.394E-4	0.0012821	0.0	0.0010515	5.498E-4	6.094E-4	6.447E-4	3.478E-4	
Chevalier sylvain	0.010828	0.0096924	0.0167238	0.0149444	0.0156863	0.015894	0.0102936	0.0211093	0.0277264	0.0359826	0.0341524	0.0474106	0.0654384	0.068897	0.0895149	0.0784259	0.0486468	0.0244243	0.0090948	0.0025897	5.834E-4	0.0010887	0.0093691	0.0095429	0.0353172	0.0489742	0.066416	0.0780142	0.1011396	0.1040428	0.1158422	0.1159284	0.1283355	0.1182598	0.1181102	0.0908179	0.0663745	0.0618067	0.0221424	0.0125581	0.0095908	0.0096154	0.0104239	0.0141956	0.0175921	0.0073126	0.0103159	0.0184348	
Chevalier gambette	0.0363057	0.0252845	0.0253002	0.0324324	0.0235294	0.0251656	0.0224933	0.0252483	0.0499076	0.0636615	0.0666389	0.0722101	0.0952986	0.0738655	0.084507	0.0831705	0.0784515	0.059665	0.0554353	0.0192379	0.0075846	0.005988	0.0149906	0.0195881	0.028123	0.060225	0.0601504	0.0704492	0.0648148	0.0778835	0.0895429	0.0589067	0.0660737	0.0686275	0.0539067	0.0612142	0.0457107	0.0655045	0.0514662	0.0469767	0.0319693	0.0314103	0.0132036	0.0257624	0.0390324	0.023766	0.0238556	0.026087	
Chevalier à pattes jaunes	0.0	0.0	0.0	0.0	0.0013072	0.0030905	3.812E-4	0.0012417	0.0027726	0.0059312	0.0066639	0.0072939	3.177E-4	6.625E-4	0.0068858	2.791E-4	0.0	6.978E-4	0.0012993	3.7E-4	0.0015	0.0	0.0037477	0.0	0.0	0.0	0.0	0.0	0.0	0.0	0.0	0.0	0.0	0.0	0.0012114	5.018E-4	0.0	0.0	0.0	0.0023256	0.0012788	6.41E-4	0.0	0.0	0.0	0.0	0.0	0.0	
Chevalier arlequin	0.0178344	0.022756	0.0184391	0.018442	0.0117647	0.0229581	0.0190621	0.0165563	0.0272643	0.0284698	0.0199917	0.0192074	0.0120712	0.0092746	0.0169014	0.0092102	0.0023981	0.0	4.331E-4	0.0015	0.0	0.0	0.0024984	0.0055249	0.0098103	0.0238253	0.0275689	0.0189125	0.0242165	0.0356718	0.0488416	0.0320452	0.045108	0.0447304	0.0405815	0.0481686	0.0375704	0.0570523	0.0347098	0.0330233	0.0274936	0.024359	0.0145935	0.0157729	0.0241891	0.0140158	0.0180529	0.0166957	
Chevalier gambette ou C. arlequin	0.0	0.0	0.0	0.0	0.0	0.0	0.0	0.0	0.0	0.0	0.0	0.0	0.0	0.0	0.0	0.0	0.0	0.0	0.0	0.0	0.0	0.0	0.0	0.0	0.0	0.0	0.0	0.0	0.0	0.0	0.0	0.0	0.0	0.0	0.0	0.0	0.0	0.0	0.0	0.0	0.0	0.0	0.0	5.258E-4	0.0	0.0	0.0	0.0	
Chevalier aboyeur	0.0375796	0.0467762	0.0291595	0.0387917	0.0296296	0.0397351	0.0343119	0.0343543	0.051756	0.0514037	0.0483132	0.0505714	0.0336722	0.0453793	0.0447574	0.0413062	0.0270641	0.0153524	0.0186228	0.0044395	0.0029172	0.0032662	0.0087445	0.0040181	0.0196207	0.0337525	0.0538847	0.0638298	0.0712251	0.0737218	0.0926738	0.106032	0.1238882	0.1133578	0.1053907	0.119418	0.0901691	0.110935	0.0813884	0.0646512	0.0402813	0.0358974	0.0222377	0.0304942	0.0412314	0.0322974	0.0361057	0.0361739	
Chevalier criard	0.0038217	0.0029499	0.0	0.0	0.0	0.0013245	0.0011437	0.0016556	0.0	0.0	0.0029155	0.0031607	0.0	0.0	0.0	0.0	0.0	0.0	0.0	0.0	0.0	0.0	0.0	0.0	0.0	0.0	0.0	0.0	0.0	0.0	0.0	0.0	0.0	0.0	0.0	0.0	0.0	0.0	0.0	0.0	0.0	0.0	0.0	0.0036803	5.498E-4	0.0	0.0	0.0	
Tringa sp.	0.0	0.0	0.0	0.0	0.0	0.0	3.812E-4	0.0	0.0	0.0	0.0	0.0	0.0	0.0	0.0	0.0	0.0	0.0	0.0	0.0	0.0	0.0	0.0	0.0	6.54E-4	0.0	6.266E-4	0.0	0.0	0.0	0.0	0.0	0.0	0.0	0.0	0.0	0.0	5.283E-4	0.0	0.0	0.0	0.0	0.0	0.0	0.0	0.0	0.0	0.0	
Tournepierre à collier	0.0375796	0.0269701	0.025729	0.0254372	0.0183007	0.019426	0.0076249	0.0082781	0.0147874	0.0110716	0.0141608	0.0116703	0.0114358	0.0109308	0.0068858	0.0097684	0.0130182	0.0069784	0.0056301	0.0033296	0.0029172	0.0027218	0.0012492	0.0	6.54E-4	6.618E-4	0.0015	0.0066194	0.014245	0.0237812	0.0212899	0.0381715	0.0343075	0.0269608	0.0333131	0.0346212	0.0194114	0.0258848	0.0149611	0.02	0.0313299	0.0230769	0.0215427	0.0231335	0.0373832	0.0304692	0.027724	0.0316522	
Bécasseau maubèche	3.185E-4	0.0	4.288E-4	3.18E-4	0.0015	8.83E-4	0.0011437	8.278E-4	9.242E-4	3.954E-4	8.33E-4	7.294E-4	0.0	0.0	6.26E-4	2.791E-4	0.0047962	0.0027913	0.0082287	0.0025897	0.0	0.0015	0.0015	5.023E-4	0.0	0.0	0.0	0.0018913	0.0021368	0.008918	0.0018785	0.0051838	0.0108005	0.0183824	0.0284676	0.0291019	0.010645	0.0105652	0.005386	0.0015	0.0019182	0.0012821	6.949E-4	0.002103	0.0016493	0.0012188	6.447E-4	6.957E-4	
Combattant varié	0.0152866	0.0122208	0.0192967	0.018442	0.0270153	0.0295806	0.0243995	0.0335265	0.0323475	0.0312376	0.0345689	0.0291758	0.0371665	0.0397483	0.0316119	0.0295841	0.0157588	0.0073273	0.004764	7.399E-4	0.0	0.0	0.0	0.0045203	0.0222368	0.039047	0.0513784	0.0728132	0.0854701	0.0939358	0.0882905	0.0819981	0.1048285	0.1017157	0.1029679	0.0983442	0.0757671	0.0676175	0.0400958	0.0339535	0.0255754	0.0205128	0.0138985	0.0241851	0.0335349	0.015844	0.0206319	0.0173913	
Bécasseau falcinelle	0.0	0.0	0.0	0.0	0.0	0.0	0.0	0.0	0.0	0.0	0.0	0.0	0.0	0.0	0.0	0.0	0.0	0.0	0.0	0.0	0.0	0.0	0.0	0.0	0.0	6.618E-4	0.0	4.728E-4	0.0	0.0	0.0	0.0	0.0	0.0	0.0	0.0	0.0	0.0	0.0	0.0	0.0	0.0	0.0	0.0	0.0	0.0	0.0	0.0	
Bécasseau cocorli	0.0	8.428E-4	0.0	0.0	4.357E-4	4.415E-4	0.0	0.0015	0.0015	0.0015817	0.0037484	0.0065646	0.0219187	0.0367671	0.0419405	0.0572146	0.0589243	0.0240754	0.0103941	0.0055494	5.834E-4	0.0015	0.0015	5.023E-4	0.0019621	0.0066181	0.0488722	0.1030733	0.1339031	0.148038	0.1340013	0.1032045	0.0965693	0.0759804	0.067232	0.0587055	0.0344396	0.0264131	0.0119689	0.0065116	0.0019182	0.0012821	6.949E-4	0.0	0.0010995	6.094E-4	6.447E-4	0.0	
Bécasseau de Temminck	0.0038217	0.0067425	0.0055746	0.0047695	0.004793	0.0083885	0.0034312	0.0028974	0.0050832	0.0075129	0.0116618	0.0085096	0.0085769	0.0066247	0.0128326	0.0122802	0.0137033	0.008374	0.0021654	0.0	0.0	0.0	0.0	0.0	0.0	0.0013236	0.0093985	0.0236407	0.0277778	0.0309156	0.0225423	0.0245052	0.0336722	0.026348	0.037553	0.0381335	0.0225423	0.0253566	0.0101735	0.0139535	0.008312	0.0038462	6.949E-4	0.0036803	0.0032985	0.0012188	0.0012895	0.0027826	
Bécasseau rousset	0.0	0.0	0.0	0.0	0.0	0.0	0.0	0.0	0.0	0.0	0.0	0.0	0.0	0.0	0.0	0.0	0.0	0.0	0.0	0.0	0.0	0.0	0.0	5.023E-4	0.0	0.0	0.0	0.0	0.0	0.0	0.0	9.425E-4	0.0	0.002451	0.0109025	0.0075263	6.262E-4	0.0	0.0	0.0	0.0	0.0	0.0	0.0	0.0	0.0	0.0	0.0	
Bécasseau sanderling	0.0535032	0.0438264	0.0347341	0.0445151	0.0331155	0.0344371	0.0285932	0.0260762	0.0360444	0.0292606	0.0349854	0.0320934	0.0266836	0.02948	0.027543	0.0301423	0.028777	0.0115143	0.0090948	0.0036996	0.0017503	5.444E-4	0.0	0.0010045	0.0015	0.0033091	0.0012531	0.0104019	0.0178063	0.0225922	0.0294302	0.0259189	0.0368488	0.0251225	0.0405815	0.0366282	0.0350657	0.034337	0.0209455	0.024186	0.0338875	0.0378205	0.0319666	0.0457413	0.0610225	0.0627666	0.0477112	0.056	
Bécasseau variable	0.0745223	0.0539402	0.0497427	0.0461049	0.0374728	0.0503311	0.0438429	0.0298013	0.0406654	0.0272835	0.0349854	0.0301483	0.021601	0.0192117	0.0237872	0.0253977	0.0294621	0.0237264	0.0112603	0.0066593	0.0017503	0.0016331	0.0012492	0.0010045	0.001308	0.0019854	0.0119048	0.0468085	0.0790598	0.1105826	0.1127113	0.1154571	0.1067344	0.1060049	0.1078134	0.1184145	0.0951785	0.1067089	0.0789946	0.0655814	0.0383632	0.0455128	0.0507297	0.0651945	0.0929082	0.0719074	0.0606061	0.0730435	
Bécasseau cocorli ou B. variable	0.0	0.0	0.0	0.0	0.0	0.0	0.0	0.0	0.0	0.0	0.0	0.0	3.177E-4	0.0	3.13E-4	2.791E-4	0.0	0.0	0.0	0.0	0.0	0.0	0.0	0.0	0.0	0.0	6.266E-4	0.0	7.123E-4	0.0	0.0	0.0	0.0	0.0	0.0	0.0	0.0	0.0	0.0	4.651E-4	6.394E-4	0.0	0.0	0.0	0.0	0.0	6.447E-4	0.0	
Bécasseau violet	0.0015924	8.428E-4	8.576E-4	9.539E-4	8.715E-4	0.0	0.0	0.0	0.0	0.0	0.0	0.0	3.177E-4	0.0	0.0	0.0	0.0	0.0	0.0	0.0	0.0	0.0	0.0	0.0	0.0	0.0	0.0	0.0	0.0	0.0	0.0	0.0	0.0	0.0	0.0	0.0	0.0	0.0	0.0	0.0	0.0	6.41E-4	0.0	0.0036803	0.0	0.0	0.0019342	0.0017391	
Bécasseau minute	0.0340764	0.0202276	0.0278731	0.0232114	0.0283224	0.0278146	0.0259245	0.0169702	0.0295749	0.0209569	0.0291545	0.0272307	0.0317662	0.0377608	0.0300469	0.037957	0.0431655	0.0240754	0.0129926	0.0051794	0.0011669	0.0	6.246E-4	0.0	0.0	0.0015	0.0206767	0.0647754	0.1132479	0.1337693	0.1246086	0.1206409	0.1194409	0.0931373	0.0950939	0.1023583	0.068253	0.0792393	0.0562537	0.0437209	0.0262148	0.0282051	0.0201529	0.0378549	0.0500275	0.0341255	0.0270793	0.034087	
Bécasseau de Bonaparte	0.0	0.0	0.0	0.0	0.0	0.0	0.0	0.0	0.0	0.0	0.0	0.0	0.0	0.0	0.0	0.0	0.0	0.0	8.662E-4	0.0022198	0.0	0.0	0.0	0.0	0.0	0.0	0.0	0.0	0.0	0.0	0.0	0.0	0.0	0.0	0.0	0.0	0.0	0.0	0.0	0.0	0.0	0.0	0.0	0.0	0.0010995	0.0	0.0	0.0	
Bécasseau tacheté	0.0	0.0	0.0	0.0	0.0	0.0	0.0	0.0	0.0	0.0	0.0	0.0	0.0	0.0066247	0.0	0.0041864	3.426E-4	0.0	0.0	0.0	0.0	0.0	0.0	0.0	0.0	0.0	0.0	0.0	7.123E-4	0.0	0.003757	0.0032988	0.0139771	0.0110294	0.0187765	0.0055193	0.0031309	0.0052826	0.0	0.0	0.0	0.0	0.0	0.0	0.0	0.0	0.0	0.0	
Bécasseau semipalmé	0.0	0.0	0.0	0.0	0.0	0.0	0.0	0.0	0.0	0.0	0.0	0.0	0.0	0.0	0.0	0.0	0.0	0.0	0.0	0.0	0.0	0.0	0.0	0.0	0.0	0.0	0.0	0.0	0.0	0.0	0.0	0.0	0.0	0.0	6.057E-4	0.0080281	0.0	0.0	0.0	0.0	0.0	0.0	0.0	0.0	0.0	0.0	0.0	0.0	
Calidris sp. (petit bécasseau sp.)	0.0012739	8.428E-4	4.288E-4	0.0	0.0021786	0.0	0.0	0.0016556	0.0023105	0.0015	0.0012495	7.294E-4	0.001906	6.625E-4	0.0	8.373E-4	6.852E-4	6.978E-4	0.0	0.0	5.834E-4	0.0	0.0	0.0	0.0	0.0	0.0012531	0.0014184	0.0021368	0.0023781	0.0025047	9.425E-4	6.353E-4	0.002451	6.057E-4	0.0010035	0.0018785	0.0026413	0.0	0.0023256	0.0012788	0.0	0.0013899	0.002103	0.002199	0.0012188	0.0	0.0010435	
Calidris sp.	0.0	0.0	0.0	0.0	0.0	0.0	3.812E-4	0.0	0.0	0.0	0.0	0.0	0.0	0.0	0.0	0.0	0.0	0.0	0.0	0.0	0.0	0.0	0.0	0.0	0.0	0.0	0.0	0.0	0.0	0.0	0.0	4.713E-4	0.0	0.0	0.0	0.0	0.0	0.0	0.0	0.0	0.0	0.0	0.0	0.0	0.0	0.0	0.0	0.0	
scolopacidé sp.	0.0	0.0	0.0	0.0	0.0	0.0	0.0	0.0	0.0	0.0	0.0	0.0015	0.0	0.0	0.0	0.0	0.0	0.0	0.0	0.0	0.0	0.0	0.0	0.0	0.0	0.0	0.0	0.0	0.0	0.0	0.0	0.0	0.0	0.0	0.0	0.0	0.0	5.283E-4	0.0	0.0	0.0	6.41E-4	0.0	0.0	0.0	0.0	0.0	0.0	
Glaréole à collier	0.0015	0.0015	4.288E-4	0.0	0.0015	0.0	0.0	0.0	0.0	0.0	8.33E-4	0.0505714	0.1067344	0.119576	0.1289515	0.1113592	0.0955807	0.085485	0.0805544	0.0662227	0.0606768	0.0555253	0.065584	0.0788548	0.0608241	0.0635341	0.0626566	0.0723404	0.0925926	0.0903686	0.0882905	0.0904807	0.0825921	0.057598	0.0302847	0.0260913	0.0118973	0.0026413	0.0041891	0.0013953	0.0012788	0.0012821	0.0048645	0.002103	0.0010995	0.0012188	0.0019342	3.478E-4	
limicole sp.	9.554E-4	0.0016856	8.576E-4	0.0019078	0.0013072	4.415E-4	0.0011437	0.0020695	0.0013863	0.0019771	8.33E-4	0.0012157	0.0015883	0.0013249	6.26E-4	0.0011164	6.852E-4	3.489E-4	8.662E-4	3.7E-4	5.834E-4	0.0010887	6.246E-4	5.023E-4	0.0	0.0013236	6.266E-4	9.456E-4	0.0014245	0.0035672	0.0012523	9.425E-4	0.0012706	6.127E-4	6.057E-4	0.0010035	0.0012523	0.0015848	5.984E-4	4.651E-4	6.394E-4	0.0019231	0.0020848	0.0010515	5.498E-4	6.094E-4	6.447E-4	0.0010435	
Labbe parasite	0.0025478	0.0042141	0.0017153	0.0034976	0.0017429	0.004415	0.0041937	0.0057947	0.0092421	0.0063266	0.0033319	0.0070508	0.0038119	0.0066247	0.0018779	0.0033491	0.0037684	0.0017446	0.0	3.7E-4	0.0	0.0	0.0	0.0	6.54E-4	0.0	0.0	0.0015	0.0	0.0023781	0.0018785	4.713E-4	6.353E-4	6.127E-4	6.057E-4	0.0	0.0	0.0026413	5.984E-4	0.0013953	0.0038363	0.0019231	0.0034746	0.0031546	0.0010995	0.0024375	0.002579	0.0013913	
Labbe pomarin	0.0	0.0015	0.0	0.0	0.0	0.0	0.0	0.0	0.0	0.0015	0.0015	4.863E-4	9.53E-4	0.0029811	0.0018779	0.0025119	0.0034258	0.0010468	8.662E-4	0.0015	0.0	0.0	0.0	5.023E-4	0.0	0.0	0.0	0.0	0.0	5.945E-4	0.0	0.0	0.0	0.0	0.0	0.0	0.0	0.0	0.0	0.0015	6.394E-4	0.0	0.0	0.0	0.0	0.0	0.0	0.0	
Labbe parasite ou L. pomarin	0.0	0.0	0.0	0.0	0.0	4.415E-4	0.0	0.0	0.0	0.0	0.0	2.431E-4	0.0	0.0	3.13E-4	0.0	0.0	0.0	0.0	0.0	0.0	0.0	0.0	0.0	0.0	0.0	0.0	0.0	0.0	0.0	0.0	0.0	0.0	0.0	0.0	0.0	0.0	0.0	0.0	0.0	0.0	0.0	0.0	0.0	0.0	0.0	0.0	0.0015	
Grand Labbe	0.0076433	0.0105352	0.0060034	0.0054054	0.0069717	0.013245	0.0068624	0.0099338	0.0092421	0.0075129	0.0079134	0.005592	0.0041296	0.0023186	0.0018779	0.0022328	6.852E-4	0.0017446	0.0017324	3.7E-4	5.834E-4	0.0	0.0	0.0010045	6.54E-4	0.0	6.266E-4	4.728E-4	0.0	5.945E-4	6.262E-4	0.0	0.0	0.0015	0.0	0.0	0.0	5.283E-4	0.0017953	4.651E-4	0.0012788	0.0012821	0.0013899	0.0047319	0.0015	0.0042657	0.002579	0.0052174	
Labbe pomarin, L. parasite ou L. à longue queue	3.185E-4	4.214E-4	8.576E-4	9.539E-4	4.357E-4	4.415E-4	0.0	0.0	0.0	0.0	8.33E-4	7.294E-4	0.0012706	0.0019874	6.26E-4	8.373E-4	6.852E-4	0.0010468	4.331E-4	0.0	0.0	0.0	0.0	5.023E-4	0.0	0.0	0.0	0.0	0.0	0.0	0.0	0.0	0.0	0.0	0.0	0.0	0.0	0.0	0.0	4.651E-4	6.394E-4	6.41E-4	0.0	0.0010515	5.498E-4	0.0	0.0	3.478E-4	
labbe sp.	0.0	0.0	0.0	0.0	0.0	0.0	0.0	0.0	0.0	0.0	0.0	0.0	0.0	0.0	0.0	0.0	0.0	0.0	0.0	0.0	0.0	0.0	0.0	0.0	0.0	0.0	0.0	0.0	0.0	0.0	0.0	0.0	0.0	0.0	0.0	0.0	0.0	0.0	0.0	4.651E-4	0.0	0.0	0.0	0.0	0.0	0.0	0.0	0.0	
Macareux moine	3.185E-4	4.214E-4	0.0	6.359E-4	0.0	0.0013245	0.0011437	0.0041391	4.621E-4	0.0043495	0.0020825	0.0021882	0.0025413	0.0016562	0.0031299	0.002791	6.852E-4	6.978E-4	8.662E-4	0.0	0.0015	0.0	6.246E-4	5.023E-4	6.54E-4	0.0	0.0	0.0	0.0	0.0	0.0	0.0	0.0	0.0	0.0	0.0	0.0	0.0	0.0	0.0	0.0	0.0	0.0	0.0	0.0	0.0	0.0	0.0	
Pingouin torda	0.0210191	0.0189633	0.009434	0.0124006	0.011329	0.0119205	0.0060999	0.009106	0.0064695	0.006722	0.002499	0.0029176	0.0044473	0.0033124	0.0040689	0.0019537	0.0010277	3.489E-4	4.331E-4	0.0	0.0	0.0	0.0	0.0	0.0	0.0	0.0	0.0	0.0	0.0	0.0	0.0	0.0	0.0	0.0	0.0	0.0	0.0	0.0	0.0	0.0019182	0.0012821	0.0145935	0.0289169	0.0357339	0.0426569	0.0251451	0.0253913	
Alca ou Uria sp.	0.0	4.214E-4	0.0	0.0	0.0	0.0	0.0	0.0	0.0	0.0	0.0	7.294E-4	3.177E-4	3.312E-4	0.0	5.582E-4	0.0	0.0	0.0	0.0	0.0	0.0	0.0	0.0	0.0	0.0	0.0	0.0	0.0	0.0	0.0	0.0	0.0	0.0	0.0	0.0	0.0	0.0	0.0	0.0	6.394E-4	0.0	0.0	0.0	0.0	0.0	0.0	0.0	
alcidé sp.	0.0	8.428E-4	0.0	0.0	0.0	0.0	3.812E-4	4.139E-4	0.0	3.954E-4	8.33E-4	7.294E-4	0.001906	3.312E-4	9.39E-4	8.373E-4	3.426E-4	3.489E-4	0.0	0.0	0.0	0.0	0.0	0.0	0.0	0.0	0.0	0.0	0.0	0.0	0.0	0.0	0.0	0.0	0.0	0.0	0.0	0.0	0.0	0.0	0.0	0.0	0.0	0.0	0.0	0.0	0.0	3.478E-4	
Mouette pygmée	0.0019108	0.0	0.0015	9.539E-4	4.357E-4	0.002649	0.0080061	0.0078642	0.0050832	0.0090945	0.0045814	0.0063214	0.0050826	0.0049685	0.0071987	0.005861	0.0058239	0.0038381	4.331E-4	0.0014798	5.834E-4	5.444E-4	0.0	0.002009	0.0078483	0.0066181	0.0068922	4.728E-4	0.0	0.0	0.0	0.0023563	0.0031766	0.002451	0.0024228	0.0025088	6.262E-4	5.283E-4	5.984E-4	9.302E-4	0.0	0.0	0.0	5.258E-4	0.0010995	0.0	0.0	3.478E-4	
Mouette tridactyle	6.369E-4	0.0016856	0.0017153	0.0028617	0.0039216	0.0075055	0.0030499	0.0024834	0.0032348	0.004745	0.001666	0.0	3.177E-4	0.0	3.13E-4	0.0	0.0	0.0	0.0	0.0	0.0	0.0	0.0	0.0	0.0	0.0	0.0	0.0	0.0	0.0	0.0	0.0	0.0	0.0	0.0	0.0	0.0	0.0	0.0	0.0	0.0	6.41E-4	0.0	0.011041	0.0027488	6.094E-4	0.002579	0.002087	
Goéland railleur	0.0468153	0.0316056	0.0364494	0.0483307	0.0331155	0.0304636	0.0259245	0.0231788	0.0351201	0.0454725	0.0437318	0.0571359	0.0555909	0.0785028	0.0741784	0.0731231	0.080507	0.0893231	0.0766566	0.0669626	0.0507585	0.072945	0.0824485	0.0979407	0.089601	0.1191264	0.1052632	0.0851064	0.0840456	0.097503	0.0857858	0.0744581	0.0679797	0.0594363	0.0430042	0.0536879	0.0544771	0.0681458	0.0424895	0.0525581	0.0249361	0.0294872	0.0236275	0.0352261	0.0439802	0.0414381	0.0315925	0.037913	
Mouette de Bonaparte	0.0	0.0	0.0	0.0	0.0	0.0	0.0	0.0	0.0	0.0	0.0	0.0	0.0015	0.0	0.0	0.0	0.0	0.0	0.0	0.0	0.0	0.0	0.0	0.0	0.0	0.0	0.0	0.0	0.0	0.0	0.0	0.0	0.0	0.0	0.0	0.0	0.0	0.0	0.0	0.0	0.0	0.0	0.0	0.0	0.0	0.0	0.0	0.0	
Mouette rieuse	0.2471338	0.2654867	0.2131218	0.2120827	0.2056645	0.213245	0.2127335	0.2326159	0.2772643	0.2898379	0.2603082	0.2416727	0.251906	0.2272276	0.2416275	0.2093218	0.2326139	0.18388	0.192291	0.1886792	0.1785298	0.1796407	0.1898813	0.2194877	0.1975147	0.2309729	0.2318296	0.2368794	0.2535613	0.2312723	0.23732	0.2384543	0.2337992	0.2077206	0.1883707	0.2097341	0.2035066	0.1965135	0.1597846	0.1734884	0.1867008	0.2038462	0.1667825	0.2392219	0.262232	0.2431444	0.2437137	0.2577391	
Hybride Goéland railleur x Mouette rieuse	0.0	0.0	0.0	0.0	0.0	0.0	0.0015	0.0	0.0	0.0	0.0	0.0	0.0	0.0	0.0	0.0	0.0	0.0	0.0	0.0	0.0	0.0	0.0	0.0	0.0	0.0	0.0	0.0	0.0	0.0	0.0	0.0	0.0	0.0	0.0	0.0	0.0	0.0	0.0	0.0	0.0	0.0	0.0	0.0	0.0	0.0	0.0	0.0	
Mouette atricille	0.0	0.0	0.0	0.0	0.0	0.0	0.0	0.0	0.0	0.0	0.0	0.0	0.0	0.0	0.0	0.0	0.0	0.0	0.0	0.0	0.0	0.0	0.0	0.0	0.0	0.0	0.0	0.0	0.0	0.0	0.0	0.0	0.0	0.0	0.0	0.0	6.262E-4	0.0	0.0	0.0	0.0	0.0	0.0	0.0	0.0	0.0	0.0	0.0	
Mouette de Franklin	0.0	0.0	0.0	0.0	0.0	0.0	0.0	0.0	0.0	0.0	0.0	0.0	3.177E-4	0.0	0.0	0.0	0.0	0.0	0.0	0.0	0.0	0.0	0.0	0.0	0.0	0.0	0.0	0.0	0.0	0.0	0.0	0.0	0.0	0.0	0.0	0.0	0.0	0.0	0.0	0.0	0.0	0.0	0.0	0.0	0.0	0.0	0.0	0.0	
Goéland d'Audouin	0.1047771	0.1390645	0.123928	0.16407	0.1734205	0.207947	0.2016775	0.2206126	0.2426063	0.2412021	0.242399	0.2460491	0.2414231	0.2086784	0.200313	0.2059726	0.2353546	0.1908583	0.1866609	0.2105068	0.2007001	0.2030484	0.2236102	0.2446007	0.2105952	0.1853077	0.1710526	0.1985816	0.1965812	0.1640904	0.1671885	0.163525	0.1442186	0.1262255	0.1144761	0.1219267	0.1108328	0.1215003	0.1071215	0.0934884	0.1067775	0.0955128	0.0903405	0.1019979	0.0907092	0.1011578	0.1128304	0.1137391	
Mouette mélanocéphale	0.0458599	0.0636325	0.0403087	0.0604134	0.0714597	0.0830022	0.0876859	0.1142384	0.1280037	0.1340451	0.1203665	0.1380987	0.1566074	0.1735674	0.1680751	0.1409433	0.1360055	0.0959525	0.0844521	0.0935997	0.1003501	0.0876429	0.091193	0.1170266	0.0954872	0.1091992	0.0983709	0.0737589	0.0619658	0.0546968	0.0544771	0.035344	0.0425667	0.0386029	0.0248334	0.0280983	0.0331872	0.0311675	0.032316	0.0427907	0.0370844	0.0538462	0.0347464	0.0536278	0.0560748	0.0517977	0.0638298	0.0556522	
Hybride Mouette rieuse x M. mélanocéphale	6.369E-4	0.0	4.288E-4	0.0	4.357E-4	0.0	0.0	0.0	0.0	0.0	0.0	0.0	0.0	0.0	0.0	0.0	0.0	0.0	0.0	0.0	0.0	0.0	0.0	0.0	0.0	0.0	0.0	0.0	0.0	0.0	0.0	0.0	0.0	0.0	0.0	0.0	0.0	0.0	0.0	0.0	6.394E-4	0.0	0.0	0.0	0.0	0.0	0.0	0.0	
Mouette rieuse ou M. mélanocéphale	0.0	8.428E-4	0.0	0.0012719	0.0	0.0	0.0	4.139E-4	9.242E-4	3.954E-4	8.33E-4	4.863E-4	3.177E-4	0.0013249	6.26E-4	0.0011164	0.0015	0.0027913	0.0	0.0	0.0023337	5.444E-4	0.0012492	0.0	0.0	6.618E-4	6.266E-4	0.0	0.0	0.0011891	0.0	9.425E-4	0.0	6.127E-4	0.0012114	0.0010035	0.0012523	5.283E-4	0.0011969	9.302E-4	0.0	0.0	0.0	0.0	0.0	0.0	0.0	6.957E-4	
Goéland cendré	0.0012739	8.428E-4	0.0012864	0.0028617	0.0082789	0.006181	0.0099123	0.0086921	0.0036969	0.0015817	0.001666	2.431E-4	0.0	3.312E-4	6.26E-4	2.791E-4	0.0015	0.0	0.0015	3.7E-4	5.834E-4	0.0	0.0	0.0	0.0	0.0	0.0015	9.456E-4	0.0015	0.0	0.0	0.0	0.001906	0.0012255	6.057E-4	0.0015053	0.0018785	0.0	5.984E-4	0.0	0.0	0.0	0.0	0.0010515	5.498E-4	0.0	6.447E-4	0.0013913	
Goéland à bec cerclé	9.554E-4	0.0042141	0.0060034	0.0054054	0.0034858	0.006181	0.0076249	0.0037252	0.004159	0.004745	8.33E-4	4.863E-4	0.0	0.0	0.0	0.0	0.0	0.0	0.0	0.0	0.0	0.0	0.0	0.0	0.0	0.0	0.0	0.0	0.0	0.0	0.0	0.0	0.0	0.0	0.0	0.0	0.0	0.0	0.0	0.0	0.0	0.0	0.0	0.0031546	0.0038483	0.0012188	0.0032237	0.0034783	
Goéland pontique	0.0	0.0	0.0	0.0028617	0.0065359	0.010596	0.0102936	0.0124172	0.004159	0.0090945	0.002499	7.294E-4	0.0	0.0	0.0	0.0	0.0	0.0	0.0	0.0	0.0	0.0015	0.0	0.0	0.0	0.0	0.0	0.0	0.0	0.0	0.0	0.0	0.0	0.0	0.0	0.0	0.0	0.0	0.0	0.0	0.0	0.0	0.0	0.0	0.0	0.0	0.0	0.0	
Goéland argenté	0.0	0.0	0.0	3.18E-4	0.0034858	0.003532	0.0034312	0.0037252	0.0036969	0.0035587	0.0	0.0	0.0	0.0	0.0	0.0	0.0	0.0	0.0	0.0	0.0	0.0	0.0	0.0	0.0	0.0	0.0	0.0	0.0	0.0	0.0	0.0	0.0	0.0	0.0	0.0	6.262E-4	0.0	0.0	0.0	0.0	0.0	0.0	0.0	0.0	0.0	0.0	6.957E-4	
Hybride Goéland pontique x G. argenté	0.0	0.0	0.0	0.0	4.357E-4	8.83E-4	0.0	0.0	0.0	0.0	0.0	0.0	0.0	0.0	0.0	0.0	0.0	0.0	0.0	0.0	0.0	0.0	0.0	0.0	0.0	0.0	0.0	0.0	0.0	0.0	0.0	0.0	0.0	0.0	0.0	0.0	0.0	0.0	0.0	0.0	0.0	0.0	0.0	0.0	0.0	0.0	0.0	0.0	
Goéland leucophée	0.3401274	0.3544037	0.3464837	0.3786963	0.3481481	0.3788079	0.373618	0.3985927	0.4071165	0.366548	0.3777593	0.3685874	0.3535578	0.3607155	0.3314554	0.3432877	0.3744433	0.3241452	0.3131226	0.3103959	0.2905484	0.2836146	0.2948157	0.3229533	0.3106606	0.2931833	0.2606516	0.2638298	0.2350427	0.2526754	0.2398247	0.2610745	0.2337992	0.2383578	0.2453059	0.2594079	0.2604884	0.2725832	0.2890485	0.3167442	0.3318414	0.3217949	0.3022933	0.3228181	0.3584387	0.3698964	0.3687943	0.3631304	
Goéland pontique ou G. leucophée	0.0	0.0	0.0	0.0	0.0	0.0	0.0	0.0015	0.0	0.0	0.0	0.0	3.177E-4	0.0	0.0	0.0	0.0	0.0	0.0	0.0	0.0	0.0	0.0	0.0	0.0	0.0	0.0	0.0	0.0	0.0	0.0	0.0	0.0	0.0	0.0	0.0	0.0	0.0	0.0	0.0	0.0	0.0	0.0	0.0	0.0	0.0	0.0	0.0	
Goéland marin	0.0	0.0	0.0	0.0	0.0	0.0	0.0015	8.278E-4	0.0015	0.0019771	0.0	0.0	0.0	0.0	0.0	0.0	0.0	3.489E-4	0.0	0.0	0.0	0.0	0.0	0.0	0.0	0.0	0.0015	0.0	0.0	0.0	0.0	0.0	0.0	0.0	0.0	0.0	0.0	0.0	0.0	0.0	0.0	0.0	0.0	0.0	0.0	0.0	0.0	0.0	
Goéland brun	0.0993631	0.1196797	0.0930532	0.0988871	0.0997821	0.1169978	0.1136104	0.1307947	0.1289279	0.090945	0.0841316	0.0564065	0.0333545	0.0245114	0.0175274	0.0142339	0.012333	0.0090719	0.004764	0.0051794	0.0023337	0.0038106	0.0024984	0.0070316	0.0085023	0.0079418	0.0087719	0.0094563	0.0135328	0.019025	0.0281778	0.0490104	0.0654384	0.060049	0.0539067	0.0607125	0.0500939	0.0670893	0.0598444	0.047907	0.0543478	0.0660256	0.0597637	0.0904311	0.0923584	0.07922	0.1031593	0.1067826	
Hybride Goéland argenté x G. brun	0.0	0.0	0.0	0.0	8.715E-4	8.83E-4	0.0015	0.0	0.0	0.0	0.0	0.0	0.0	0.0	0.0	0.0	0.0	0.0	0.0	0.0	0.0	0.0	0.0	0.0	0.0	0.0	0.0	0.0	0.0	0.0	0.0	0.0	0.0	0.0	0.0	0.0	0.0	0.0	0.0	0.0	0.0	0.0	0.0	0.0	0.0	0.0	0.0	0.0	
Goéland leucophée ou G. brun	0.0028662	8.428E-4	8.576E-4	0.0012719	0.0017429	0.001766	0.0011437	0.0037252	0.0032348	0.0027679	0.002499	2.431E-4	0.0031766	0.0016562	0.0018779	0.0011164	6.852E-4	0.0015	0.0015	3.7E-4	0.0	0.0010887	0.0	0.0	0.0019621	6.618E-4	6.266E-4	9.456E-4	7.123E-4	0.0	0.0	0.0	6.353E-4	0.0012255	0.0	0.002007	0.0012523	0.0026413	0.0017953	0.0018605	6.394E-4	0.0025641	0.0013899	0.0015773	0.0016493	0.0030469	0.0032237	0.0024348	
goéland sp. (Larus sp.)	0.0050955	0.0122208	0.0072899	0.0057234	0.0104575	0.015894	0.0106748	0.009106	0.0143253	0.0071174	0.0058309	0.0082665	0.0041296	0.0046373	0.0059468	0.005861	0.0051387	0.0048849	0.0043309	0.0066593	0.0058343	0.0032662	0.0037477	0.0090407	0.0045782	0.0026473	0.0062657	0.0056738	0.0106838	0.0059453	0.0050094	0.0061263	0.0050826	0.0085784	0.0042399	0.0085299	0.0031309	0.0052826	0.005386	0.0051163	0.0070332	0.0089744	0.0055594	0.008938	0.0093458	0.0048751	0.005158	0.0076522	
goéland ou mouette sp.	0.0057325	0.0012642	0.0030017	0.0028617	4.357E-4	4.415E-4	0.0045749	0.0012417	0.0018484	0.0039541	0.0020825	0.0038901	9.53E-4	0.0026499	0.0021909	0.0041864	0.0017129	0.0015	0.0017324	0.0011099	0.0	0.0	0.0	0.0010045	0.0019621	6.618E-4	0.004386	9.456E-4	0.0021368	0.0047562	0.0012523	0.0032988	0.0038119	0.0018382	0.0012114	0.002007	0.0	0.002113	0.0015	0.0013953	0.0031969	0.0019231	0.0013899	0.0010515	0.0038483	0.0018282	0.0032237	0.0052174	
Sterne naine	0.0	0.0015	4.288E-4	0.0	0.0	0.0	0.0	0.0	0.0	7.908E-4	0.0	0.0	0.0063532	0.0331236	0.0638498	0.1054982	0.1243577	0.1221214	0.1177999	0.1120977	0.1015169	0.0860098	0.1161774	0.1089905	0.1026815	0.1058901	0.10401	0.0884161	0.0918803	0.1046373	0.0807765	0.0810556	0.0730623	0.0422794	0.023622	0.0180632	0.0043832	0.0015848	5.984E-4	0.0	0.0	0.0	0.0	0.0	0.0	0.0	0.0	0.0	
Sterne hansel	0.0	0.0	0.0	3.18E-4	8.715E-4	8.83E-4	0.0011437	0.0016556	4.621E-4	0.0035587	0.0037484	0.0165329	0.0295426	0.0470354	0.0663537	0.0876361	0.0781089	0.0533845	0.064097	0.0647429	0.0729288	0.0675014	0.0999375	0.1130085	0.1137999	0.1237591	0.1134085	0.1248227	0.1253561	0.098692	0.086412	0.0579642	0.0495553	0.0196078	0.0036342	0.0060211	6.262E-4	0.0042261	0.0017953	0.0	0.0	0.0	0.0	0.0	0.0	0.0	0.0	0.0	
Sterne caspienne	0.0022293	0.0016856	0.0030017	0.0041335	0.0017429	0.002649	0.0011437	0.0	0.0013863	0.0011862	0.0012495	0.0068077	0.0104828	0.0135807	0.0150235	0.011722	0.0061665	0.0024424	0.0030316	0.0036996	0.0023337	0.0016331	0.0018738	0.0035158	0.0052322	0.0039709	0.0037594	0.0042553	0.0071225	0.0112961	0.0156544	0.0150801	0.0222363	0.026348	0.0278619	0.0130457	0.018159	0.0084522	0.0059844	0.0027907	0.0	6.41E-4	6.949E-4	0.0	0.0	6.094E-4	0.0012895	0.002087	
Guifette moustac	0.0111465	0.0101138	0.0072899	0.0047695	0.0095861	0.0128035	0.0095311	0.0136589	0.012939	0.018189	0.0229071	0.0551909	0.1073698	0.1215634	0.1555556	0.1588055	0.1548476	0.1427076	0.1403205	0.1198668	0.1091015	0.1072401	0.1542786	0.1295831	0.116416	0.1542025	0.1466165	0.1361702	0.1574074	0.1593341	0.1446462	0.1272385	0.1099111	0.0631127	0.0460327	0.0416458	0.018159	0.0132066	0.0143627	0.0111628	0.0121483	0.0070513	0.0027797	0.0052576	0.0104453	0.0073126	0.0070922	0.0090435	
Guifette noire	0.0	0.0	0.0	0.0	0.0	0.0	0.0	0.0	0.0	0.0	0.0	0.0	0.0015883	0.0029811	0.0071987	0.0195367	0.0202124	0.0181438	0.0077956	0.0062893	0.0046674	0.0032662	0.003123	0.0075339	0.0235448	0.0370615	0.0307018	0.0463357	0.0413105	0.0511296	0.0419537	0.0301602	0.0374841	0.0251225	0.0205936	0.0085299	0.003757	0.0058109	0.0065829	9.302E-4	0.0	0.0	6.949E-4	0.0	0.0	0.0	0.0	0.0	
Guifette leucoptère	0.0047771	0.0033713	0.0030017	9.539E-4	0.0043573	0.002649	0.0034312	0.004553	0.0013863	0.0015	4.165E-4	7.294E-4	0.0012706	0.0019874	9.39E-4	2.791E-4	0.0010277	6.978E-4	0.0015	0.0015	0.0	0.0	6.246E-4	0.0	0.0058862	0.0079418	0.0087719	0.0066194	0.011396	0.0107015	0.0025047	0.0032988	0.0057179	0.0061275	0.0018171	0.0045158	0.003757	0.0026413	0.0077798	0.0037209	0.0	0.0	6.949E-4	5.258E-4	0.0054975	0.0024375	0.002579	0.0041739	
guifette sp.	0.0	0.0	0.0	0.0	0.0	0.0	0.0	0.0	0.0	0.0	0.0	0.0	0.0	0.0	0.0	0.0	0.0	3.489E-4	0.0	0.0	0.0	0.0	0.0	0.0	0.0	0.0	0.0	0.0	0.0	0.0	0.0	0.0	6.353E-4	0.0	0.0	0.0	0.0	5.283E-4	0.0	0.0	0.0	0.0	0.0	0.0	0.0	0.0	0.0	0.0	
Sterne arctique	0.0	0.0	0.0	0.0	0.0	0.0	0.0	0.0	0.0	0.0	0.0	0.0	0.0	0.0	0.0	0.0	0.0	0.0	0.0	0.0	0.0	0.0	0.0	0.0	0.0	0.0015	0.0015	9.456E-4	7.123E-4	0.0	0.0	0.0	0.0015	0.0	0.0	0.0	0.0	0.0	0.0	0.0	0.0	0.0	0.0	0.0	0.0	0.0	0.0	0.0	
Sterne pierregarin	0.0	0.0	0.0	3.18E-4	0.0	0.0	0.0	0.0	0.0013863	0.0023725	0.0079134	0.0556771	0.1073698	0.1149387	0.1173709	0.1295004	0.1277835	0.1182833	0.1095712	0.1235664	0.1172695	0.1094175	0.1217989	0.1461577	0.1249182	0.1363336	0.1284461	0.1238771	0.1175214	0.1141498	0.1001879	0.0857681	0.0743329	0.0643382	0.0351302	0.0275966	0.014402	0.0063391	5.984E-4	0.0018605	6.394E-4	6.41E-4	0.0	0.0	0.0	0.0	0.0	0.0	
Sterne pierregarin ou S. arctique	0.0	0.0	0.0	0.0	0.0	0.0	0.0	0.0	0.0	0.0	0.0	0.0	0.0	0.0	0.0	0.0	0.0	0.0	0.0	0.0	0.0	0.0	0.0	0.0	0.0	0.0	0.0	0.0	0.0	0.0	0.0	0.0	0.0	0.0	6.057E-4	0.0	0.0	0.0	0.0	0.0	0.0	0.0	0.0	0.0	0.0	0.0	0.0	0.0	
Sterne de Dougall	0.0	0.0	0.0	0.0	0.0	0.0	0.0	0.0	0.0	0.0	0.0	0.0	0.0	0.0	0.0	0.0066983	6.852E-4	0.004187	0.0056301	0.0018498	0.0011669	0.0	0.0012492	0.0	0.0026161	0.0013236	0.0	9.456E-4	0.0	0.0	0.0	0.0	0.0	0.0	0.0	0.0	0.0	0.0	0.0	0.0	0.0	0.0	0.0	0.0	0.0	0.0	0.0	0.0	
Sterna sp.	0.0	0.0	0.0	0.0	0.0	0.0	0.0	0.0	0.0	0.0	0.0	0.0	0.0	0.0	0.0	0.0	0.0	0.0	0.0	0.0	0.0	0.0	6.246E-4	0.0	0.0	0.0	0.0	0.0	0.0	0.0	0.0	0.0	0.0	0.0	0.0	0.0	0.0	0.0	0.0	0.0	0.0	0.0	0.0	0.0	5.498E-4	0.0	0.0	0.0	
Sterne caugek	0.1089172	0.1150442	0.0754717	0.0801272	0.0705882	0.0768212	0.0621426	0.0629139	0.0813309	0.0763147	0.0966264	0.1115974	0.1210292	0.119576	0.1198748	0.1230812	0.1305242	0.098395	0.1017757	0.1102479	0.1026838	0.1017964	0.1118051	0.1295831	0.1052976	0.1085374	0.0958647	0.0903073	0.0933048	0.0998811	0.1051972	0.1008483	0.0895807	0.0931373	0.0635978	0.0777722	0.0607389	0.0755415	0.0969479	0.0967442	0.0920716	0.0865385	0.0820014	0.1219769	0.1198461	0.1115174	0.1199226	0.1165217	
Sterne élégante	0.0	0.0	0.0	0.0	0.0	0.0	0.0	0.0	0.0	0.0	0.0	0.0015	0.0031766	0.0152368	0.0125196	0.014513	0.0137033	0.0146546	0.0138588	0.0136885	0.0087515	0.0076211	0.0099938	0.0060271	0.0111184	0.0132363	0.0031328	0.0066194	0.005698	0.0059453	0.0025047	0.0014138	0.0	0.0	0.0	0.0	0.0	0.0	0.0	0.0	0.0	0.0	0.0	0.0	0.0	0.0	0.0	0.0	
Hybride Sterne caugek x S. élégante	0.0	0.0	0.0	0.0	0.0	0.0	0.0	0.0	0.0	0.0	0.0	0.0	9.53E-4	0.0015	9.39E-4	2.791E-4	0.0015	0.0015	0.0015	7.399E-4	0.0015	0.0015	0.0015	0.0010045	0.0026161	0.0033091	6.266E-4	0.0015	0.0015	0.0	0.0	0.0	0.0	0.0	0.0	0.0	0.0	0.0	0.0	0.0	0.0	0.0	0.0	0.0	0.0	0.0	0.0	0.0	
Sterne voyageuse	0.0025478	0.0025284	0.0012864	0.0012719	0.0026144	0.0	3.812E-4	0.0015	0.0	3.954E-4	0.0	0.0015	3.177E-4	0.0023186	0.0031299	0.0015	0.0015	3.489E-4	0.0015	0.0	0.0	0.0	6.246E-4	0.0	0.0	0.0	0.0018797	0.0015	0.0	5.945E-4	6.262E-4	0.0	0.0	0.0	0.0	0.0	0.0	0.0	0.0	0.0015	0.0012788	0.0012821	0.0	0.0	0.0016493	0.0036563	0.0015	6.957E-4	
grosse sterne sp.	0.0	0.0	0.0	0.0	0.0	0.0	0.0	0.0	0.0	3.954E-4	0.0	0.0	3.177E-4	0.0	0.0	2.791E-4	0.0	0.0	0.0	3.7E-4	0.0	0.0	0.0	0.0	0.0	0.0	0.0	0.0	0.0	5.945E-4	0.0	0.0	0.0	0.0	0.0	0.0	0.0	0.0	0.0	0.0	0.0	0.0	0.0	0.0	0.0	0.0	0.0	0.0	
sterne sp.	0.0	0.0	4.288E-4	3.18E-4	0.0	0.0	0.0	0.0	0.0	0.0015	4.165E-4	7.294E-4	0.0015883	0.0029811	0.0037559	0.0041864	3.426E-4	0.0027913	0.0012993	0.0033296	0.0023337	0.0027218	0.0024984	0.0010045	6.54E-4	0.0033091	0.0025063	0.0018913	0.002849	0.0041617	0.0043832	0.0014138	0.0050826	0.0030637	0.0024228	0.0025088	0.0018785	0.0010565	0.0017953	9.302E-4	0.0	6.41E-4	0.0	5.258E-4	0.0	0.0	0.0	0.0	
goéland ou sterne sp.	3.185E-4	0.0	0.0	0.0	0.0015	0.0	0.0	0.0	0.0	0.0	0.0	4.863E-4	0.0	0.0	0.0	0.0	0.0	0.0	0.0	3.7E-4	0.0	0.0	0.0	0.0	0.0	0.0	6.266E-4	0.0	0.0	0.0	0.0	0.0	0.0	0.0	0.0	0.0	0.0	0.0	0.0	0.0	0.0	0.0	0.0	0.0	0.0	0.0	0.0	0.0	
Flamant rose	0.1350318	0.1179941	0.1406518	0.1411765	0.1416122	0.1368653	0.1494472	0.1672185	0.1617375	0.1897983	0.2036651	0.2044736	0.2236341	0.2119907	0.2165884	0.1920179	0.1921891	0.1737613	0.1641403	0.1372549	0.1190198	0.1137725	0.1530294	0.1818182	0.1497711	0.2230311	0.2011278	0.2217494	0.218661	0.2294887	0.2341891	0.2375118	0.2477764	0.2261029	0.2222895	0.2328149	0.222918	0.2282092	0.1741472	0.1646512	0.1329923	0.1307692	0.0833912	0.1156677	0.1698736	0.1450335	0.1173436	0.1262609	
Flamant nain	6.369E-4	4.214E-4	0.0	0.0	0.0	0.0	0.0041937	0.0028974	0.0015	7.908E-4	8.33E-4	9.725E-4	0.0	0.0015	9.39E-4	0.0	0.0	0.0	0.0	3.7E-4	0.0	0.0	0.0	0.0	0.0	0.0	0.0	0.0	0.0	0.0011891	6.262E-4	0.0	0.0012706	0.0	0.0	0.0	0.0	0.0	0.0	0.0	0.0	0.0	0.0	0.0026288	0.004398	0.0036563	0.0032237	6.957E-4	
flamant sp.	0.0	0.0	0.0	0.0	0.0	0.0	0.0	0.0	0.0	0.0	0.0	0.0	0.0	0.0	0.0	0.0	0.0	0.0015	0.0	0.0	0.0	0.0	0.0	0.0	0.0	0.0	0.0	0.0	0.0	0.0	0.0	0.0	0.0	0.0	0.0	0.0	0.0	0.0	0.0	0.0	0.0	0.0	0.0	0.0	0.0	0.0	0.0	0.0	
Grèbe castagneux	0.1974522	0.2077539	0.207976	0.2213037	0.2130719	0.2128035	0.2096836	0.2214404	0.2259704	0.2487149	0.2324032	0.2224654	0.2163278	0.1980788	0.1868545	0.1747139	0.1603289	0.1444522	0.1619749	0.1439142	0.1283547	0.1491562	0.1642723	0.1551984	0.1386527	0.1720715	0.183584	0.1654846	0.1858974	0.1765755	0.2066374	0.2191329	0.1975858	0.2009804	0.2010902	0.226292	0.208516	0.2187005	0.2315978	0.2009302	0.2109974	0.2185897	0.1980542	0.2050473	0.2308961	0.2102377	0.2134107	0.2125217	
Grèbe esclavon	0.006051	0.0	0.0	0.0	0.0	0.0	0.0	0.0	0.0	0.0	0.0	0.0	0.0	0.0	0.0	0.0	0.0	0.0	0.0	0.0	0.0	0.0	0.0	0.0	0.0	0.0	0.0	0.0	0.0	0.0	0.0	0.0	0.0	0.0	0.0	0.0	0.0	0.0	0.0	0.0	0.0	0.0	0.0	0.0	0.0	0.0	0.0	0.0066087	
Grèbe huppé	0.0592357	0.0577328	0.0544597	0.0511924	0.0509804	0.0640177	0.0751048	0.0728477	0.0813309	0.1032028	0.0978759	0.1140287	0.1092757	0.1010268	0.1114241	0.0915434	0.0945529	0.0886253	0.0965786	0.0802812	0.07993	0.078933	0.0986883	0.0969362	0.0961413	0.0986102	0.1027569	0.1044917	0.1125356	0.0939358	0.1026925	0.1328935	0.1067344	0.1017157	0.0902483	0.1169092	0.1026925	0.1072372	0.0837822	0.0772093	0.064578	0.0762821	0.0618485	0.0583596	0.0637713	0.0566728	0.0548034	0.0486957	
Grèbe à cou noir	0.0773885	0.0830173	0.0746141	0.0753577	0.0736383	0.0688742	0.0712924	0.0649834	0.0586876	0.0664294	0.061641	0.0629711	0.0555909	0.0599536	0.0594679	0.0440971	0.0414526	0.0519888	0.0580338	0.0381058	0.0256709	0.0288514	0.0437227	0.0371673	0.0372793	0.0476506	0.0526316	0.0406619	0.0498575	0.0511296	0.0482154	0.0574929	0.064803	0.0588235	0.0654149	0.0832915	0.0788979	0.0850502	0.0969479	0.0781395	0.07289	0.0942308	0.0597637	0.0667718	0.0764156	0.0749543	0.0715667	0.0667826	
grèbe sp.	0.0	0.0	0.0	3.18E-4	0.0	0.0	0.0	0.0	0.0	0.0	0.0	0.0	0.0	0.0	0.0	0.0	0.0	0.0	0.0	0.0	0.0	0.0	0.0	0.0	0.0	0.0	0.0	0.0	0.0	0.0	0.0	0.0	0.0	0.0	0.0	0.0	6.262E-4	0.0	0.0	0.0	0.0	0.0	0.0	0.0	0.0	0.0	0.0	0.0	
Plongeon catmarin	0.0	0.0	0.0	0.0	0.0	0.0	3.812E-4	0.0	0.0	0.0	0.0	0.0	0.0	0.0	0.0	0.0	0.0	0.0	0.0	0.0	0.0	0.0	0.0	0.0	0.0	0.0	0.0	0.0	0.0	0.0	0.0	0.0	0.0	0.0	0.0	0.0	0.0	0.0	0.0	0.0	0.0	0.0	0.0	0.0	0.0	0.0	0.0038685	3.478E-4	
Plongeon arctique	3.185E-4	4.214E-4	4.288E-4	0.0	0.0	0.0	0.0	0.0	0.0	0.0	0.0	0.0	0.0	0.0	0.0	0.0	0.0	0.0	0.0	0.0	0.0	0.0	0.0	0.0	0.0	0.0	0.0	0.0	0.0	0.0	0.0	0.0	0.0	0.0	0.0	0.0	0.0	0.0	0.0	0.0	0.0	0.0	0.0	0.0	0.0	0.0	0.0	0.0	
Plongeon imbrin	0.0076433	0.0101138	8.576E-4	6.359E-4	4.357E-4	0.0013245	0.0022875	4.139E-4	0.0	7.908E-4	0.0	2.431E-4	0.0	0.0	3.13E-4	0.0	0.0	0.0	0.0	0.0	0.0	0.0	0.0	0.0	0.0	0.0	0.0	0.0	0.0	0.0	0.0	0.0	0.0	0.0	0.0	0.0	0.0	0.0	0.0	0.0	0.0	0.0	0.0	0.0010515	0.002199	0.0048751	0.0090264	0.0062609	
plongeon sp.	3.185E-4	8.428E-4	0.0	0.0	0.0	0.0	7.625E-4	0.0	0.0	0.0	0.0	0.0	0.0	0.0	0.0	0.0	0.0	0.0	0.0	0.0	0.0	0.0	0.0	0.0	0.0	0.0	0.0	0.0	0.0	0.0	0.0	0.0	0.0	0.0	0.0	0.0	0.0	0.0	0.0	0.0	0.0	0.0	0.0	0.0	0.0	0.0	0.0	0.0	
Océanite tempête	0.0	0.0	0.0	0.0	8.715E-4	0.002649	7.625E-4	0.0033113	4.621E-4	0.0011862	8.33E-4	0.0046195	0.0069886	0.0052998	0.0028169	0.0055819	0.0058239	0.0066294	0.0021654	0.0029597	5.834E-4	0.0038106	0.0012492	0.0030136	0.0032701	0.0039709	0.0012531	9.456E-4	0.0071225	0.0023781	0.0018785	0.0014138	6.353E-4	6.127E-4	0.0	0.0	0.0	0.0	0.0	9.302E-4	0.0	0.0	0.0	0.0	0.0	0.0	0.0	0.0	
Puffin cendré	0.0	0.0	0.0	0.0	0.0	0.0	0.0	0.0	0.0	0.0011862	0.0015	0.0	0.0	0.0	0.0	8.373E-4	6.852E-4	0.0013957	0.0015	3.7E-4	0.0	0.0	0.0	0.0	0.0	6.618E-4	0.0	0.0	0.0	0.0	0.0	0.0	0.0	0.0	0.0	0.0	0.0	0.0	0.0	0.0	6.394E-4	0.0	0.0	0.0	0.0	0.0	0.0	0.0	
Puffin de Scopoli	3.185E-4	0.0	0.0	0.0	0.0	4.415E-4	0.0	0.0037252	0.0120148	0.013444	0.0079134	0.005592	0.0025413	0.0046373	0.0062598	0.0097684	0.0184995	0.0132589	0.0073625	0.0070292	0.0093349	0.0114317	0.0106184	0.0075339	0.0078483	0.0112508	0.0018797	0.0047281	0.005698	0.0112961	0.0075141	0.005655	0.001906	0.0036765	0.0018171	0.0045158	0.0056356	0.0036978	0.0023938	0.0144186	0.0063939	0.0025641	0.0013899	0.0010515	5.498E-4	0.0	0.0	3.478E-4	
Puffin cendré ou P. de Scopoli	0.0	0.0	0.0	0.0	8.715E-4	4.415E-4	0.0	4.139E-4	9.242E-4	0.0019771	0.0033319	0.0024313	0.0057179	0.0033124	0.0043818	0.0022328	0.0058239	0.0097697	0.0043309	0.0055494	0.0017503	0.0043549	0.0049969	0.0080362	0.0052322	0.0046327	0.0050125	0.0033097	0.0049858	0.0071344	0.0075141	0.0075401	0.0063532	0.0042892	0.0036342	5.018E-4	6.262E-4	0.0026413	0.0047876	0.0032558	0.0108696	0.0044872	0.0034746	5.258E-4	0.0010995	6.094E-4	0.0	3.478E-4	
Puffin majeur	0.0	0.0	0.0	0.0	0.0	0.0	0.0	0.0	0.0	0.0	0.0	0.0	0.0	0.0	0.0	0.0	0.0	0.0	0.0	0.0	0.0	0.0	6.246E-4	0.0	0.0	0.0	0.0	0.0015	0.0	0.0	0.0	0.0	0.0	0.0	0.0	0.0	0.0	0.0	0.0	0.0	0.0	0.0	0.0	0.0	0.0	0.0	0.0	0.0	
Puffin fuligineux	0.0	0.0	0.0	0.0	4.357E-4	0.0	0.0	0.0012417	4.621E-4	7.908E-4	0.0	0.0	0.0	0.0	0.0	0.0	0.0	0.0	0.0	0.0	0.0	0.0	0.0	0.0	0.0	0.0	0.0	4.728E-4	0.0	0.0	0.0	0.0	0.0	0.0	0.0	0.0	0.0	0.0	0.0	0.0	0.0	0.0	0.0	0.0	0.0	0.0	6.447E-4	0.0	
Puffin yelkouan	0.0044586	0.0105352	0.0025729	0.0054054	0.0056645	0.0039735	0.0	0.0020695	0.0036969	0.0043495	0.0020825	9.725E-4	0.0015883	0.0013249	0.0015649	8.373E-4	0.0030832	6.978E-4	8.662E-4	0.0011099	0.0	0.0	6.246E-4	0.0	0.0	6.618E-4	6.266E-4	4.728E-4	0.0	0.0	0.0	0.0	0.0	0.0	6.057E-4	0.0	0.0	0.0	0.0	4.651E-4	0.0025575	0.0012821	0.0020848	0.0015773	0.0038483	0.0054845	0.0058027	0.005913	
Puffin des Baléares	0.0493631	0.0602613	0.0283019	0.0387917	0.0418301	0.0366446	0.0232558	0.0335265	0.0295749	0.0312376	0.0241566	0.0136154	0.0136595	0.0119245	0.0150235	0.0173039	0.020555	0.0184927	0.0095279	0.0085091	0.0058343	0.0097986	0.0074953	0.0070316	0.0071942	0.0059563	0.0037594	0.0042553	0.0035613	0.0023781	0.003757	0.0023563	0.0	6.127E-4	0.0018171	5.018E-4	0.0012523	0.0063391	0.0089767	0.0125581	0.0255754	0.0230769	0.0257123	0.0325973	0.0450797	0.0469226	0.0554481	0.0546087	
Puffin yelkouan ou P. des Baléares	9.554E-4	0.0025284	0.0034305	0.0031797	0.0021786	0.0013245	0.0011437	0.0012417	0.0018484	7.908E-4	8.33E-4	4.863E-4	0.0015883	6.625E-4	0.0021909	0.0	0.0010277	0.0010468	4.331E-4	0.0022198	5.834E-4	5.444E-4	0.0015	5.023E-4	0.0	0.0	0.0	0.0	0.0021368	0.0017836	0.0012523	4.713E-4	6.353E-4	0.0	6.057E-4	0.0	6.262E-4	5.283E-4	5.984E-4	0.0	0.0019182	0.0025641	0.0013899	0.0036803	0.0027488	0.0036563	0.0019342	0.0027826	
Calonectris, Ardenna ou Puffinus sp.	0.0019108	0.0012642	0.0021441	6.359E-4	4.357E-4	0.0013245	0.0	4.139E-4	0.0032348	0.0011862	0.0012495	0.0	3.177E-4	6.625E-4	9.39E-4	2.791E-4	0.0023981	0.0013957	8.662E-4	7.399E-4	0.0011669	5.444E-4	6.246E-4	0.0010045	0.0	0.0	0.0	9.456E-4	7.123E-4	0.0011891	0.0012523	9.425E-4	6.353E-4	0.0	6.057E-4	5.018E-4	0.0	0.0010565	5.984E-4	0.0013953	6.394E-4	0.0025641	0.0013899	0.002103	0.0	0.0	6.447E-4	0.0017391	
Cigogne noire	0.0133758	0.013485	0.011578	0.0104928	0.0156863	0.0242826	0.0228746	0.0128311	0.0018484	0.0027679	0.0045814	0.0021882	0.002859	0.0013249	6.26E-4	8.373E-4	0.0013703	0.0	0.0015	0.0	5.834E-4	0.0	0.0	0.0	0.0	0.0015	0.0	0.0	0.0	5.945E-4	0.0	0.001885	0.0015	0.004902	0.0042399	0.0065228	0.0075141	0.0095087	0.0095751	0.0074419	0.0089514	0.0044872	0.0062543	0.0094637	0.0131941	0.0121877	0.0128949	0.0125217	
Cigogne d'Abdim	0.0	0.0	0.0	0.0	0.0	0.0	0.0	0.0	0.0	0.0	0.0	0.0	0.0	0.0	0.0	0.0	0.0	0.0	0.0	0.0	0.0	0.0	0.0	0.0	0.0	0.0	0.0	0.0	0.0015	0.0	0.0	0.0	0.0	0.0	0.0	0.0	0.0	0.0	0.0	0.0	0.0	0.0	0.0	0.0	0.0	0.0	0.0	0.0	
Cigogne blanche	0.0031847	0.0016856	0.0030017	0.0054054	0.0122004	0.0110375	0.011056	0.0099338	0.00878	0.0083037	0.0070804	0.0121566	0.0136595	0.0099371	0.0115806	0.0066983	0.0071942	0.0031403	0.0025985	7.399E-4	0.0023337	0.0	6.246E-4	0.0010045	0.0015	0.0019854	6.266E-4	9.456E-4	0.0021368	0.0029727	0.0118973	0.0051838	0.0076239	0.0042892	0.0109025	0.004014	0.0043832	0.0015848	5.984E-4	9.302E-4	0.0015	0.0025641	0.0013899	0.002103	0.0038483	0.0042657	0.0019342	0.0024348	
ciconiidé sp.	0.0	0.0	0.0	0.0	0.0	0.0	0.0	0.0	0.0	0.0	0.0	0.0	3.177E-4	0.0	0.0	0.0	0.0	0.0	0.0	0.0	0.0	0.0	0.0	0.0	0.0	0.0	0.0	0.0	0.0	0.0	0.0	0.0	0.0	0.0	0.0	0.0	0.0	5.283E-4	0.0	0.0	0.0	0.0	0.0	0.0	0.0	0.0	0.0	0.0	
Fou de Bassan	0.083758	0.0931311	0.0540309	0.0667727	0.059695	0.0803532	0.0602364	0.0637417	0.0526802	0.0458679	0.0374844	0.0289327	0.0276366	0.0115932	0.0134585	0.0106056	0.0126756	0.0073273	0.0051971	0.0029597	0.0070012	0.0048993	0.0087445	0.0110497	0.0039241	0.0059563	0.0025063	9.456E-4	0.002849	0.0017836	0.0018785	9.425E-4	0.0012706	6.127E-4	6.057E-4	0.0015053	0.0043832	0.0147913	0.0275284	0.0376744	0.0530691	0.0346154	0.0416956	0.0657203	0.0670698	0.0737355	0.0825274	0.0824348	
Grand Cormoran	0.4184713	0.4298357	0.4163808	0.4327504	0.4095861	0.411479	0.3884865	0.4031457	0.3914048	0.3847371	0.3431903	0.2844639	0.2322109	0.1831732	0.1295775	0.0909852	0.0719424	0.0401256	0.0389779	0.0251572	0.0198366	0.016331	0.0268582	0.0220994	0.0196207	0.0231635	0.0156642	0.0316785	0.0206553	0.0249703	0.0225423	0.0306315	0.0565438	0.0625	0.0799515	0.121425	0.179712	0.2271527	0.235787	0.2776744	0.334399	0.3275641	0.3217512	0.4074658	0.4502474	0.416819	0.4364926	0.4382609	
Cormoran huppé	0.0353503	0.0497261	0.0244425	0.027663	0.0222222	0.0233996	0.0247808	0.0248344	0.0244917	0.0221431	0.0274885	0.0150742	0.025413	0.0172242	0.0197183	0.0253977	0.0308325	0.0314027	0.0268515	0.0229375	0.0204201	0.0217746	0.0181137	0.0306379	0.0268149	0.0172071	0.0112782	0.0156028	0.0192308	0.0237812	0.0206637	0.0146089	0.023507	0.0238971	0.0199879	0.0220773	0.0206637	0.0227153	0.0305206	0.035814	0.0383632	0.0365385	0.0416956	0.0488959	0.0346344	0.0359537	0.0560928	0.0406957	
Grand Cormoran ou C. huppé	0.0	0.0	0.0	0.0	0.0	0.0	0.0	0.0	0.0	7.908E-4	0.0	2.431E-4	0.0	6.625E-4	0.0	2.791E-4	3.426E-4	0.0	4.331E-4	3.7E-4	0.0015	0.0	6.246E-4	0.0	0.0	0.0	0.0	0.0	0.0	0.0	6.262E-4	0.0	0.0	0.0	0.0	0.0	0.0	0.0	0.0	0.0	0.0	0.0	0.0	0.0	0.0	0.0	0.0	3.478E-4	
cormoran sp.	0.0	0.0	0.0	0.0	0.0	0.0	0.0	0.0	0.0	0.0	0.0	2.431E-4	0.0	0.0	0.0	0.0	0.0	0.0	0.0	0.0	0.0	0.0	0.0	0.0	0.0	0.0	0.0	0.0	0.0	0.0	0.0	0.0	0.0	0.0	0.0	0.0	0.0	0.0	0.0	0.0	0.0	0.0	0.0	0.0	0.0	0.0	0.0	0.0	
Ibis falcinelle	0.1378981	0.1306363	0.1282161	0.136407	0.1328976	0.1434879	0.1330538	0.182947	0.2185767	0.280348	0.2586422	0.2725504	0.294155	0.2901623	0.3014085	0.2793748	0.2798904	0.2466853	0.2425292	0.2293748	0.214119	0.2030484	0.2311056	0.245103	0.2262917	0.2620781	0.2424812	0.2330969	0.2514245	0.2437574	0.2780213	0.2436381	0.2325286	0.2058824	0.2077529	0.1936779	0.1753287	0.18542	0.1567923	0.1525581	0.1381074	0.1173077	0.1125782	0.1303891	0.1484332	0.1237051	0.1405545	0.138087	
Ibis sacré	0.0012739	8.428E-4	4.288E-4	9.539E-4	0.0	8.83E-4	0.0022875	0.0049669	0.0023105	0.0059312	0.001666	0.0017019	9.53E-4	0.0013249	3.13E-4	2.791E-4	0.0	0.0	0.0	0.0	5.834E-4	0.0	0.0015	5.023E-4	0.0	0.0015	0.0	4.728E-4	0.0	5.945E-4	6.262E-4	9.425E-4	6.353E-4	0.004902	0.0036342	0.0015053	6.262E-4	5.283E-4	0.0015	4.651E-4	6.394E-4	6.41E-4	0.0013899	5.258E-4	0.0016493	0.0030469	0.0019342	0.0017391	
Ibis chauve	0.0	0.0	0.0	0.0	0.0	0.0	0.0	0.0	0.0	0.0	0.0	0.0	0.0	0.0	0.0	0.0	0.0	0.0	0.0	0.0	0.0	0.0	0.0	0.0	0.0	0.0	0.0	0.0	0.0	0.0	0.0	0.0	0.0	0.0018382	6.057E-4	0.0	0.0	0.0	0.0	0.0	0.0	0.0	0.0	0.0	0.0	0.0	0.0	0.0	
Spatule blanche	0.0149682	0.013485	0.0128645	0.0165342	0.0196078	0.015894	0.0144872	0.0115894	0.0207948	0.0355872	0.0254061	0.0201799	0.0222363	0.0251739	0.0341158	0.0259559	0.0263789	0.0205862	0.024686	0.018128	0.0110852	0.0087099	0.0124922	0.0100452	0.0052322	0.0099272	0.0081454	0.012766	0.017094	0.019025	0.0156544	0.0226202	0.0203304	0.0208333	0.0333131	0.0351229	0.0313087	0.0607501	0.048474	0.047907	0.0217391	0.0134615	0.0138985	0.0141956	0.0252886	0.0170628	0.0103159	0.0184348	
Butor étoilé	3.185E-4	0.0029499	8.576E-4	3.18E-4	8.715E-4	0.0015	0.001525	0.0024834	0.0032348	0.0019771	0.001666	7.294E-4	6.353E-4	0.0	6.26E-4	5.582E-4	0.0	0.0	0.0015	0.0	0.0	5.444E-4	0.0	0.0015	0.0	0.0	0.0	0.0	0.0	0.0	0.0	0.0	0.0	0.0	0.0	5.018E-4	0.0	0.0	0.0	0.0	6.394E-4	0.0	0.0	5.258E-4	0.0010995	0.0018282	6.447E-4	0.0013913	
Blongios nain	0.0324841	0.0412979	0.0308748	0.0251192	0.020915	0.0163355	0.0217308	0.0165563	0.0184843	0.0260973	0.0266556	0.0262582	0.044155	0.0649222	0.0741784	0.0775886	0.080507	0.0806001	0.108272	0.0902701	0.0869312	0.0898204	0.1224235	0.112004	0.116416	0.1323627	0.1209273	0.1205674	0.1210826	0.1111772	0.1170946	0.1079171	0.0762389	0.0778186	0.0581466	0.0511791	0.0356919	0.0438457	0.0424895	0.0283721	0.0377238	0.0435897	0.028492	0.033123	0.0357339	0.0347349	0.0393295	0.0424348	
Bihoreau gris	0.0082803	0.0096924	0.004717	0.0104928	0.0078431	0.005298	0.0064811	0.0078642	0.0078558	0.0083037	0.0195752	0.0374423	0.0489199	0.0602849	0.0657277	0.081775	0.0729702	0.072575	0.0853183	0.0802812	0.0892649	0.0778443	0.1143036	0.0959317	0.1079137	0.1303772	0.112782	0.1130024	0.1267806	0.1195006	0.1352536	0.1248822	0.0876747	0.0808824	0.0599637	0.0401405	0.0231684	0.0184892	0.0179533	0.0065116	0.0127877	0.0089744	0.0069493	0.0068349	0.0093458	0.0067032	0.0064475	0.0052174	
Aigrette garzette	0.2828025	0.270965	0.2324185	0.2515103	0.2261438	0.2467991	0.240183	0.2731788	0.2920518	0.3171214	0.2890462	0.2978361	0.3078145	0.3070553	0.2895149	0.2687692	0.2757794	0.2400558	0.2485925	0.2278949	0.2007001	0.2052259	0.2404747	0.2466097	0.234794	0.2667108	0.2706767	0.3096927	0.3176638	0.3287753	0.356293	0.3543827	0.3684879	0.3504902	0.3567535	0.3903663	0.3500313	0.3697834	0.34231	0.3190698	0.3158568	0.2820513	0.2494788	0.2933754	0.3210555	0.2711761	0.3049645	0.2928696	
Aigrette des récifs	0.0	0.0	0.0	0.0	0.0	0.0	0.0	0.0	0.0	0.0	0.0	0.0	0.0	0.0	0.0	0.0	0.0	0.0	0.0	0.0	5.834E-4	5.444E-4	0.0012492	0.0010045	0.0026161	0.0026473	6.266E-4	4.728E-4	0.0042735	0.0	0.0012523	4.713E-4	0.0015	0.0	0.0	0.0	0.0	0.0	0.0	0.0	0.0	0.0	0.0	0.0	0.0	0.0	0.0	0.0	
Hybride Aigrette garzette x A. des récifs	0.0012739	8.428E-4	0.0	6.359E-4	0.0013072	8.83E-4	0.0034312	0.0037252	0.0018484	0.0015	4.165E-4	0.0	0.0	0.0	0.0	0.0	3.426E-4	0.0	0.0	0.0	5.834E-4	0.0	0.0	0.0	6.54E-4	0.0	0.0	0.0015	7.123E-4	0.0	6.262E-4	0.0015	0.0	0.0015	6.057E-4	0.0010035	6.262E-4	0.002113	0.0	0.0015	0.0	0.0012821	0.0	0.0015	5.498E-4	0.0012188	0.0012895	0.0010435	
Aigrette garzette ou A. des récifs	0.0	0.0	0.0	0.0	0.0	0.0	0.0	0.0	0.0	0.0	0.0	0.0	0.0	0.0	0.0	0.0	0.0	0.0	0.0	0.0	0.0	0.0	0.0	0.0	0.0	0.0	0.0	0.0	0.0	0.0	6.262E-4	0.0	0.0	0.0	0.0	0.0	0.0	0.0	0.0	0.0	0.0	0.0	0.0	0.0	0.0	0.0	0.0	0.0	
Crabier chevelu	0.0085987	0.0084282	0.004717	0.0063593	0.0082789	0.0083885	0.0057186	0.0082781	0.0069316	0.0055358	0.0079134	0.0155604	0.0387548	0.0652534	0.0826291	0.1038236	0.1205892	0.1228193	0.1385881	0.1283759	0.1026838	0.1039739	0.1399126	0.1431441	0.1406148	0.1581734	0.1735589	0.1806147	0.1958689	0.1789536	0.1897307	0.1701225	0.158831	0.1133578	0.0872199	0.0466633	0.0350657	0.0216587	0.0221424	0.0125581	0.008312	0.0108974	0.0062543	0.0099895	0.0049478	0.0054845	0.0090264	0.0083478	
Héron garde-boeufs	0.1710191	0.1635061	0.1445111	0.1647059	0.16122	0.1571744	0.1486847	0.1680464	0.1769871	0.1767497	0.1553519	0.1670314	0.1753494	0.1782047	0.170892	0.1557354	0.1593011	0.1381717	0.1468168	0.1498335	0.1499417	0.1420795	0.1617739	0.1667504	0.1491171	0.1813369	0.1578947	0.187234	0.215812	0.2057075	0.2210394	0.2196041	0.2217281	0.2285539	0.2077529	0.2007025	0.2216656	0.2065504	0.1759425	0.1865116	0.1873402	0.1717949	0.1514941	0.1882229	0.1836174	0.1864717	0.2018053	0.1749565	
Héron garde-boeufs ou H. de Coromandel	0.0	0.0	0.0	0.0	0.0	0.0	0.0	0.0	0.0	0.0	0.0	0.0	0.0	0.0	0.0	0.0	0.0	0.0	4.331E-4	0.0	0.0	0.0	0.0	0.0	0.0	0.0	0.0	0.0	0.0	0.0	0.0	0.0	0.0	0.0	0.0	0.0	0.0	0.0	0.0	0.0	0.0	0.0	0.0	0.0	0.0	0.0	0.0	0.0	
Grande Aigrette	0.1028662	0.0927097	0.0831904	0.0969793	0.0928105	0.1055188	0.1120854	0.1171358	0.1016636	0.1099249	0.0758017	0.0709944	0.0768742	0.0741968	0.0754304	0.070053	0.057554	0.0558269	0.0567345	0.0569737	0.050175	0.0484486	0.0687071	0.0693119	0.0621321	0.0721377	0.066416	0.078487	0.0797721	0.0790725	0.0914214	0.1036758	0.0844981	0.0845588	0.0738946	0.0883091	0.1045711	0.1225568	0.0987433	0.0874419	0.0786445	0.0820513	0.0646282	0.0846477	0.097856	0.0920171	0.0960671	0.0966957	
Héron cendré	0.2863057	0.2705436	0.2705832	0.2785374	0.2583878	0.2750552	0.2645825	0.2880795	0.2934381	0.3084223	0.2786339	0.2706054	0.2776366	0.2557138	0.2497653	0.2483952	0.2322713	0.2002791	0.2026851	0.2049575	0.1995333	0.1932499	0.2173641	0.2114515	0.2001308	0.2283256	0.2393484	0.2387707	0.2635328	0.2598098	0.2955542	0.3044298	0.3182973	0.3223039	0.3307087	0.3577521	0.334377	0.3423138	0.2944345	0.2911628	0.2960358	0.2602564	0.2578179	0.2870662	0.2941176	0.269348	0.2804642	0.2650435	
Hybride Grande Aigrette x Héron cendré	0.0	0.0	0.0	0.0	8.715E-4	0.0	0.0	0.0	0.0	0.0	0.0	0.0	0.0	0.0	0.0	0.0	0.0	0.0	0.0	0.0	0.0	0.0	0.0	0.0	0.0	0.0	0.0	0.0	0.0	0.0	0.0	0.0	0.0	0.0	0.0	0.0	0.0	0.0	0.0	0.0	0.0	0.0	0.0	0.0	0.0	0.0	0.0	0.0	
Héron pourpré	9.554E-4	4.214E-4	0.0	3.18E-4	4.357E-4	0.0	0.0	8.278E-4	4.621E-4	0.0059312	0.027905	0.0685631	0.1191233	0.1291818	0.1348983	0.1214066	0.113395	0.1018842	0.1247293	0.1006289	0.1102684	0.1105063	0.1267958	0.121547	0.1236102	0.1323627	0.1140351	0.1026005	0.1096866	0.1099881	0.1239825	0.1008483	0.0800508	0.0502451	0.0363416	0.0306071	0.0194114	0.0110935	0.005386	0.0051163	0.0015	0.0019231	0.0013899	0.0010515	5.498E-4	0.0	0.0012895	0.0	
Héron cendré ou H. pourpré	0.0	0.0	0.0	0.0	0.0	0.0	0.0	0.0	0.0	0.0	0.0	0.0	0.0	0.0	0.0	0.0	0.0	0.0	0.0	0.0	0.0	0.0	0.0	0.0	0.0	0.0	0.0	0.0	7.123E-4	0.0	0.0	0.0	0.0	0.0	0.0	5.018E-4	0.0	0.0	0.0	0.0	0.0	0.0	0.0	0.0	0.0	0.0	0.0	0.0	
Ardea sp.	3.185E-4	0.0	0.0	0.0015	0.0	0.0	0.0	4.139E-4	0.0	0.0	0.0	0.0	6.353E-4	3.312E-4	0.0	0.0	0.0015	0.0	0.0	0.0	0.0	0.0	6.246E-4	0.0	0.0	0.0	0.0	0.0	0.0	0.0	0.0	0.0	0.0	0.0	6.057E-4	0.0	0.0	0.0	0.0	0.0	0.0	0.0	0.0	0.0	0.0	0.0	0.0	0.0	
ardeidé sp.	0.0	0.0	4.288E-4	0.0015	0.0	4.415E-4	7.625E-4	0.0016556	9.242E-4	0.0	0.0015	0.0	6.353E-4	3.312E-4	0.0	2.791E-4	0.0	0.0	4.331E-4	0.0	0.0	0.0	0.0	0.0	6.54E-4	0.0	0.0	0.0	0.0	0.0	0.0	0.0	0.0015	0.0	0.0	0.0	0.0	0.0	0.0	0.0	0.0	0.0	0.0	0.0	0.0	0.0	6.447E-4	0.0	
aigrette ou héron blanc sp.	0.0	0.0	0.0	3.18E-4	0.0	0.0	0.0	0.0	0.0	0.0	0.0	0.0	0.0	0.0	0.0	0.0	0.0	0.0	0.0	0.0	0.0	0.0	0.0	0.0	0.0015	0.0	0.0	0.0	0.0	0.0	0.0	0.0	0.0	0.0	0.0	0.0	0.0	0.0	0.0	0.0	6.394E-4	0.0	0.0	0.0	0.0	0.0	0.0	0.0	
Balbuzard pêcheur	0.0283439	0.0307627	0.0377358	0.0257552	0.020915	0.0238411	0.0243995	0.0298013	0.0268022	0.0268881	0.0216576	0.0260151	0.0149301	0.0188804	0.0109546	0.0114429	0.0061665	0.0052338	0.0034647	0.0014798	0.0011669	0.0010887	0.0012492	0.002009	0.0019621	0.0072799	0.0050125	0.0066194	0.0192308	0.0142687	0.0212899	0.0216777	0.0266836	0.0404412	0.0460327	0.0486703	0.0419537	0.0412044	0.0394973	0.047907	0.0383632	0.025641	0.0243224	0.033123	0.0461792	0.031688	0.0373952	0.0302609	
Élanion blanc	9.554E-4	0.0012642	0.004717	0.0041335	8.715E-4	8.83E-4	0.0030499	0.0012417	4.621E-4	0.0	0.0012495	2.431E-4	0.0015	3.312E-4	0.0	0.0	0.0	0.0	0.0	0.0015	5.834E-4	0.0	0.0012492	0.0	0.0	0.0	0.0	4.728E-4	7.123E-4	5.945E-4	0.0012523	0.0028275	0.0031766	0.0018382	0.0030285	5.018E-4	0.0018785	0.0036978	0.0023938	0.0018605	6.394E-4	0.0025641	0.0020848	0.0015773	0.002199	0.0015	0.0012895	0.0010435	
Gypaète barbu	0.0	0.0015	8.576E-4	3.18E-4	8.715E-4	0.0	0.0	0.0	0.0	0.0	0.0	0.0015	0.0012706	0.0	0.0015	0.0	0.0015	0.0	0.0	0.0	5.834E-4	0.0	6.246E-4	5.023E-4	0.001308	0.0	6.266E-4	9.456E-4	0.0	0.0011891	0.0012523	4.713E-4	0.0	6.127E-4	0.0	0.0010035	6.262E-4	0.0	5.984E-4	0.0	0.0	6.41E-4	6.949E-4	0.0010515	5.498E-4	6.094E-4	6.447E-4	3.478E-4	
Percnoptère d'Égypte	0.0	0.0	0.0	0.0	0.0	0.0015	0.0	0.0	0.0	0.0011862	4.165E-4	0.0029176	0.0054003	0.0029811	0.0018779	0.0025119	0.0034258	0.0031403	0.0021654	0.0055494	0.0064177	0.0087099	0.0062461	0.0045203	0.0078483	0.0052945	0.0050125	0.0028369	0.002849	0.0059453	0.0062617	0.0051838	0.0031766	0.004902	0.0024228	5.018E-4	0.0	0.0	5.984E-4	0.0	0.0	0.0	0.0	0.0	0.0	0.0	0.0	0.0	
Bondrée apivore	0.0	0.0	0.0	0.0	0.0	0.0	0.0	0.0	0.0	0.0	0.0	0.0	3.177E-4	3.312E-4	3.13E-4	0.0030701	0.0263789	0.0205862	0.0177566	0.0066593	0.0017503	0.0016331	0.0012492	5.023E-4	6.54E-4	6.618E-4	6.266E-4	4.728E-4	7.123E-4	5.945E-4	0.0031309	0.0155514	0.0273189	0.0275735	0.0411872	0.0451581	0.018159	0.0073957	0.0017953	9.302E-4	6.394E-4	0.0	0.0	0.0	0.0	0.0	0.0	0.0	
Vautour moine	9.554E-4	8.428E-4	4.288E-4	6.359E-4	0.0	0.0	3.812E-4	0.0	0.0	0.0015	0.0015	4.863E-4	6.353E-4	0.0	3.13E-4	0.0015	0.0015	0.0	4.331E-4	3.7E-4	0.0	0.0	0.0	0.0	0.0	0.0	0.0	0.0	7.123E-4	0.0	0.0	0.0	0.0	0.0	0.0	0.0	0.0	0.0	5.984E-4	4.651E-4	6.394E-4	0.0012821	0.0034746	0.0010515	0.0016493	6.094E-4	6.447E-4	6.957E-4	
Vautour de Rüppell	0.0	0.0	0.0	0.0	0.0	0.0	0.0	0.0	0.0	0.0	0.001666	0.0031607	3.177E-4	0.0	0.0	0.0	0.0	0.0	0.0	0.0	0.0	0.0	0.0	0.0	0.0	0.0	0.0	0.0	0.0	0.0	0.0	0.0	6.353E-4	0.0	0.0	5.018E-4	0.0	0.0	0.0	0.0	0.0	0.0	0.0	0.0	0.0	6.094E-4	6.447E-4	0.0	
Vautour fauve	0.0369427	0.0353982	0.037307	0.0337043	0.0366013	0.0388521	0.0297369	0.031457	0.0244917	0.0375643	0.0395668	0.0444931	0.0628971	0.0404107	0.0422535	0.0371197	0.0465913	0.0533845	0.0545691	0.0525342	0.0595099	0.0636908	0.0524672	0.0426921	0.0405494	0.0423561	0.0294486	0.0397163	0.0270655	0.029132	0.0369443	0.0409991	0.043202	0.0435049	0.0314961	0.0286001	0.0425798	0.0375066	0.043088	0.04	0.0390026	0.0461538	0.0465601	0.0394322	0.0401319	0.0420475	0.035461	0.0333913	
Circaète Jean-le-Blanc	0.0	0.0	0.0	0.0	0.0	0.0015	0.001525	0.0053808	0.0134011	0.0486358	0.0354019	0.0452225	0.047967	0.028155	0.0350548	0.0337706	0.0349435	0.0317516	0.0389779	0.0344062	0.0262544	0.0321176	0.0318551	0.0296334	0.0353172	0.0397088	0.0338346	0.0312057	0.02849	0.0243757	0.0294302	0.0400566	0.0457433	0.0428922	0.0260448	0.0190667	0.0194114	0.0158479	0.0059844	0.0055814	0.0038363	6.41E-4	0.0027797	0.0010515	0.0010995	6.094E-4	6.447E-4	0.0	
Aigle pomarin	0.0	0.0	0.0	0.0	0.0	0.0	0.0	0.0	0.0	0.0	0.0	0.0	0.0	0.0	0.0	0.0	0.0	0.0	0.0	0.0	0.0	0.0	0.0	0.0	0.0	0.0	0.0	0.0	0.0	0.0	0.0	0.0	0.0	0.0	0.0	0.0	0.0	0.0015	0.0	0.0	0.0	0.0	0.0	0.0	0.0	0.0	0.0	0.0	
Aigle criard	0.0165605	0.0122208	0.0158662	0.0108108	0.0104575	0.0092715	0.0091498	0.0111755	0.0050832	0.0063266	4.165E-4	7.294E-4	0.0	0.0	0.0	0.0	0.0	0.0	0.0	0.0	0.0	0.0	0.0	0.0	0.0	0.0	0.0	0.0	0.0	0.0	0.0	0.0	0.0	0.0	0.0	0.0	0.0	0.0015848	0.0011969	0.0032558	0.0038363	0.0044872	0.0048645	0.0084122	0.0214404	0.0146252	0.0141844	0.0114783	
Aigle botté	0.1343949	0.145807	0.1286449	0.1408585	0.11939	0.1214128	0.1105604	0.1225166	0.1122921	0.1312772	0.0987089	0.0882567	0.0819568	0.063266	0.0544601	0.0418644	0.0311751	0.0321005	0.0333478	0.0355161	0.0320887	0.03865	0.0424735	0.034656	0.030739	0.028458	0.0307018	0.0387707	0.039886	0.039239	0.0425798	0.0673893	0.0819568	0.0906863	0.0999394	0.0963372	0.1202254	0.1183307	0.1268701	0.1269767	0.1323529	0.1096154	0.1250869	0.1267087	0.1407367	0.1102986	0.134107	0.1266087	
Aigle ibérique	9.554E-4	0.0	4.288E-4	0.0	0.0015	0.0015	3.812E-4	0.0	4.621E-4	3.954E-4	8.33E-4	0.0021882	0.0022236	0.0019874	0.0015	2.791E-4	0.0	0.0010468	4.331E-4	7.399E-4	5.834E-4	0.0	0.0015	0.0	6.54E-4	0.0	0.0	9.456E-4	0.0	0.0	0.0	0.0	0.0	0.0	0.0	0.0	0.0	0.0	0.0	4.651E-4	0.0	0.0	6.949E-4	5.258E-4	5.498E-4	0.0015	0.0	0.0015	
Aigle royal	0.0121019	0.0122208	0.0077187	0.0111288	0.0156863	0.0101545	0.0106748	0.0111755	0.0110906	0.0102807	0.0154102	0.0153173	0.0181067	0.0105995	0.0090767	0.0114429	0.0085646	0.0111654	0.0134257	0.0073992	0.0099183	0.0076211	0.0074953	0.0065294	0.0078483	0.0039709	0.0075188	0.0085106	0.0099715	0.0047562	0.0100188	0.0141376	0.0177891	0.0073529	0.0109025	0.0105369	0.0125235	0.0105652	0.0101735	0.0102326	0.0127877	0.0070513	0.0145935	0.0115668	0.0093458	0.0109689	0.0116054	0.0114783	
Aigle de Bonelli	0.0079618	0.0084282	0.0132933	0.0104928	0.0056645	0.0092715	0.0102936	0.0070364	0.0101664	0.0110716	0.0112453	0.0131291	0.0120712	0.0109308	0.0059468	0.0089311	0.0085646	0.0073273	0.0077956	0.0073992	0.0046674	0.005988	0.0087445	0.0055249	0.0085023	0.0059563	0.0056391	0.0070922	0.0071225	0.0029727	0.0075141	0.0075401	0.0069886	0.0085784	0.0048455	0.0090316	0.0050094	0.0105652	0.0035907	0.0097674	0.011509	0.0108974	0.0111188	0.0115668	0.0098955	0.0091408	0.0070922	0.0076522	
Aquila sp.	9.554E-4	4.214E-4	0.0	6.359E-4	0.0	0.0013245	0.0	0.0	9.242E-4	0.0	8.33E-4	7.294E-4	0.0015883	3.312E-4	0.0015	2.791E-4	6.852E-4	0.0010468	4.331E-4	3.7E-4	0.0015	0.0	0.0012492	0.0015068	0.0	0.0	6.266E-4	4.728E-4	7.123E-4	0.0011891	6.262E-4	4.713E-4	0.0025413	0.0012255	0.0	5.018E-4	0.0012523	0.0	0.0	0.0	6.394E-4	0.0012821	0.0	5.258E-4	0.0016493	0.0	0.0	3.478E-4	
Épervier d'Europe	0.0366242	0.0425622	0.0407376	0.0381558	0.0248366	0.0335541	0.0274495	0.0260762	0.0304991	0.0367734	0.0362349	0.036956	0.0327192	0.0158993	0.0128326	0.0103265	0.0126756	0.008723	0.0064963	0.0048095	0.0134189	0.0043549	0.0062461	0.0090407	0.0078483	0.0059563	0.0062657	0.0080378	0.005698	0.0059453	0.0137758	0.0259189	0.0298602	0.0410539	0.053301	0.0536879	0.068253	0.0739567	0.0526631	0.0595349	0.0639386	0.0570513	0.0458652	0.0557308	0.0417812	0.0463132	0.0477112	0.0434783	
Autour des palombes	0.0031847	0.0012642	8.576E-4	0.0034976	0.0056645	0.005298	0.0034312	0.004553	0.0036969	0.0019771	0.0066639	0.0029176	0.0085769	0.0039748	0.0021909	0.0030701	6.852E-4	0.0031403	4.331E-4	0.0014798	0.0035006	0.0021775	0.003123	0.0010045	0.0019621	0.0046327	0.0018797	0.0014184	7.123E-4	0.0011891	0.0043832	0.0075401	0.001906	0.0030637	0.0054512	0.0070246	0.0081403	0.0042261	0.0035907	0.0051163	0.0051151	0.0044872	0.0083391	0.0015773	0.0032985	0.0036563	0.0019342	0.0038261	
Épervier d'Europe ou Autour des palombes	0.0	4.214E-4	0.0	0.0	0.0	0.0	3.812E-4	0.0	0.0	0.0	0.0	0.0	0.0	3.312E-4	3.13E-4	0.0	0.0	0.0	0.0015	0.0	5.834E-4	0.0	0.0	0.0	0.0	0.0	0.0012531	0.0	0.0	5.945E-4	0.0	0.0	0.0	0.0	0.0	0.0	0.0	0.0	0.0	0.0	0.0	0.0	0.0	0.0	0.0	0.0	6.447E-4	3.478E-4	
Busard des roseaux	0.2678344	0.2684366	0.2534305	0.2677266	0.2501089	0.2763797	0.2550515	0.2822848	0.2652495	0.2843021	0.2548938	0.2596645	0.2318933	0.1944352	0.1790297	0.1445716	0.1233299	0.0963015	0.0879168	0.0776915	0.0770128	0.0680457	0.0843223	0.0878955	0.0758666	0.0661813	0.0513784	0.0695035	0.0876068	0.097503	0.1208516	0.1262959	0.1912325	0.2328431	0.254997	0.281987	0.2874139	0.3011094	0.2794734	0.2637209	0.2563939	0.2435897	0.2223767	0.2607781	0.2968664	0.282145	0.2901354	0.2653913	
Busard Saint-Martin	0.0082803	0.009271	0.0055746	0.0038156	0.0034858	0.004415	0.0045749	0.0020695	0.0023105	0.004745	0.001666	0.0014588	0.0012706	0.0013249	0.0	2.791E-4	0.0	0.0	0.0	0.0	0.0	0.0	0.0	0.0	0.0	0.0	0.0	0.0	0.0	0.0	0.0	0.0	0.0	0.0	0.0	5.018E-4	6.262E-4	0.0042261	5.984E-4	0.0032558	0.0038363	0.0019231	0.0041696	0.0052576	0.0093458	0.0048751	0.0070922	0.0062609	
Busard pâle	0.0079618	0.0075853	0.0034305	0.0034976	0.0017429	8.83E-4	7.625E-4	0.0020695	0.0018484	7.908E-4	8.33E-4	2.431E-4	6.353E-4	9.937E-4	0.0	0.0	3.426E-4	0.0	0.0	0.0	0.0	0.0	0.0	0.0	0.0	0.0	0.0	0.0	0.0	0.0	0.0	0.0	0.0	0.0	0.0	0.0015	6.262E-4	0.0042261	0.0011969	9.302E-4	0.0015	6.41E-4	0.0	0.0015	0.0016493	0.0042657	0.0038685	0.0041739	
Busard cendré	0.0	0.0	0.0	0.0	0.0	0.0	0.0	0.0	4.621E-4	3.954E-4	8.33E-4	0.0060783	0.0133418	0.0149056	0.0162754	0.011722	0.0140459	0.0090719	0.0125595	0.0096189	0.012252	0.0108873	0.0081199	0.0110497	0.0111184	0.0152217	0.0087719	0.0137116	0.0064103	0.0112961	0.0131497	0.0174364	0.0120712	0.0183824	0.0096911	0.0060211	6.262E-4	0.0	5.984E-4	0.0	0.0	0.0	0.0	0.0	0.0	0.0	0.0	0.0	
Busard Saint-Martin ou B. cendré	0.0	0.0	0.0	0.0	0.0	0.0	0.0	0.0	4.621E-4	0.0	0.0	0.0	0.0	3.312E-4	0.0	0.0	0.0	0.0	0.0	0.0	0.0	0.0	0.0	0.0	0.0	0.0	0.0	0.0	0.0	0.0	0.0	0.0	0.0	6.127E-4	0.0	0.0	0.0	0.0	0.0	0.0	0.0	0.0	0.0	0.0	0.0	0.0	0.0	0.0	
busard sp.	3.185E-4	4.214E-4	4.288E-4	3.18E-4	4.357E-4	4.415E-4	0.0	0.0	0.0	3.954E-4	0.0	7.294E-4	9.53E-4	3.312E-4	9.39E-4	8.373E-4	0.0010277	0.0	0.0015	0.0	0.0	0.0	0.0	0.0	0.0	0.0	0.0	0.0	0.0	5.945E-4	0.0	0.0	0.0012706	0.0	6.057E-4	5.018E-4	0.0	5.283E-4	0.0011969	9.302E-4	0.0	6.41E-4	0.0	0.0015	0.0	6.094E-4	6.447E-4	0.0	
Milan royal	0.0063694	8.428E-4	0.0012864	0.0012719	0.0021786	4.415E-4	3.812E-4	0.0016556	0.0	0.0023725	0.0033319	0.0014588	0.0050826	0.0043061	0.001252	5.582E-4	0.0017129	3.489E-4	0.0012993	0.0	5.834E-4	0.0	0.0012492	0.0	6.54E-4	6.618E-4	0.0	4.728E-4	0.0014245	0.0	0.0	0.0	0.001906	6.127E-4	6.057E-4	0.002007	0.0131497	0.0110935	0.0095751	0.0074419	0.0051151	0.0032051	0.0062543	0.0026288	0.0027488	0.0030469	0.0038685	0.0045217	
Milan noir	0.0	0.0	0.0	0.0	8.715E-4	8.83E-4	0.0	8.278E-4	0.0013863	0.0039541	0.0058309	0.0114272	0.0149301	0.0092746	0.0078247	0.0075356	0.0143885	0.0062805	0.0090948	0.0085091	0.0035006	0.0027218	0.0037477	0.0015068	0.0019621	0.0019854	0.0025063	0.0042553	0.0042735	0.0023781	0.0081403	0.0075401	0.0095299	0.0067402	0.0060569	0.0065228	0.0025047	0.0010565	5.984E-4	0.0015	6.394E-4	0.0	0.0	0.0	5.498E-4	0.0	0.0	0.0015	
Milan royal ou M. noir	0.0	0.0	0.0	0.0015	0.0	0.0	3.812E-4	4.139E-4	0.0	0.0	0.0	0.0	0.0	0.0	0.0	0.0	0.0	0.0	4.331E-4	3.7E-4	0.0	5.444E-4	0.0	0.0015	0.0	0.0	0.0	0.0	0.0	0.0	0.0	4.713E-4	6.353E-4	0.0	0.0	5.018E-4	0.0	0.0	0.0	0.0	0.0	0.0	0.0	0.0	0.0	0.0	0.0	0.0	
Buse de Harris	0.0	0.0	0.0	0.0	0.0015	0.0015	0.0	0.0	0.0	0.0	0.0	0.0	0.0	0.0	0.0	0.0	3.426E-4	3.489E-4	0.0	0.0	0.0	0.0	0.0	0.0	0.0	0.0	0.0	0.0	0.0	0.0	0.0	0.0	0.0	0.0	0.0015	0.0	0.0	0.0	0.0	0.0	0.0	0.0	0.0	0.0	0.0015	0.0	0.0	0.0	
Buse variable	0.0955414	0.1053519	0.1003431	0.0931638	0.0915033	0.0949227	0.0892108	0.0687086	0.0508318	0.0684065	0.0603915	0.0476538	0.044155	0.0380921	0.028169	0.0242813	0.024666	0.0303559	0.0242529	0.027007	0.0320887	0.0326619	0.0374766	0.0336514	0.028123	0.0205162	0.0194236	0.0184397	0.019943	0.0219976	0.0281778	0.0240339	0.0317662	0.033701	0.0369473	0.0446563	0.0588604	0.0596936	0.0658288	0.0716279	0.0882353	0.0596154	0.086171	0.0977918	0.1006047	0.0999391	0.1044487	0.1022609	
Buteo sp.	0.0	0.0015	0.0	0.0	0.0	0.0	0.0	0.0	0.0	0.0	0.0	0.0	0.0	0.0	0.0	0.0	0.0	0.0	0.0	0.0	0.0	0.0	0.0	0.0	0.0	0.0	0.0	0.0	0.0	0.0	0.0	0.0	0.0	0.0	0.0	0.0	0.0	0.0	0.0	0.0	0.0	0.0	0.0	0.0	0.0	0.0	0.0	0.0	
rapace sp.	9.554E-4	4.214E-4	0.0	0.0	0.0015	0.0	7.625E-4	0.0015	0.0	3.954E-4	8.33E-4	0.0012157	6.353E-4	3.312E-4	0.001252	2.791E-4	6.852E-4	6.978E-4	4.331E-4	0.0	5.834E-4	5.444E-4	0.0	0.0	0.001308	0.0026473	6.266E-4	0.0	0.0	0.0	0.0	9.425E-4	6.353E-4	0.0018382	0.0018171	0.0030105	0.0018785	0.0010565	0.0	0.0	6.394E-4	0.0	0.0	0.002103	0.0010995	0.0	0.0	3.478E-4	
aigle ou pygargue sp.	0.0	0.0	0.0	0.0	0.0	0.0	0.0	0.0	0.0	0.0	0.0	2.431E-4	0.0	0.0	0.0	0.0	0.0	0.0	0.0	0.0	0.0	0.0	0.0	0.0	0.0	0.0	0.0	0.0	0.0	0.0	0.0	0.0	0.0	0.0	0.0	0.0	0.0	0.0	0.0	0.0	0.0	0.0	0.0	0.0	0.0	0.0	0.0	0.0	
Effraie des clochers	0.0019108	0.0016856	0.0021441	6.359E-4	0.0013072	0.0013245	0.0015	0.0020695	9.242E-4	0.0011862	0.001666	7.294E-4	0.0022236	3.312E-4	6.26E-4	8.373E-4	3.426E-4	0.0020935	0.0017324	0.0029597	0.0035006	0.0043549	0.0012492	0.0015068	0.001308	0.0046327	0.0018797	0.0033097	0.0042735	0.0041617	0.0031309	4.713E-4	0.001906	0.004902	0.0018171	0.0025088	0.003757	0.002113	5.984E-4	9.302E-4	0.0015	0.0012821	6.949E-4	0.0015773	0.0027488	0.0012188	0.0019342	0.0024348	
Petit-duc scops	3.185E-4	4.214E-4	4.288E-4	0.0015	4.357E-4	0.0022075	0.001525	0.0016556	0.0027726	0.0031633	0.0074969	0.0099684	0.0104828	0.0109308	0.0100156	0.0164666	0.0154162	0.0191905	0.0203551	0.0162782	0.0099183	0.0130648	0.011243	0.0040181	0.0078483	0.0026473	0.0093985	0.0085106	0.005698	0.0059453	0.0050094	0.00377	0.001906	0.0030637	0.0024228	0.0010035	0.0012523	0.0015848	5.984E-4	0.0015	0.0	0.0	6.949E-4	0.0015	0.0015	0.0015	0.0015	0.0015	
Harfang des neiges	0.0	0.0	0.0	0.0	0.0	0.0	0.0	0.0	0.0	0.0	0.0	0.0	0.0	0.0	0.0	0.0	0.0	0.0	0.0	0.0	0.0	0.0	0.0	0.0	0.0	0.0	0.0	0.0	0.0	0.0	0.0	0.0	0.0	0.0	0.0	0.0	0.0	0.0	0.0	0.0	0.0	0.0	0.0	5.258E-4	0.0	0.0	0.0	0.0	
Grand-duc d'Europe	0.011465	0.0101138	0.011578	0.0050874	0.0104575	0.0092715	0.0060999	0.0082781	0.00878	0.0086991	0.0087464	0.0043764	0.0047649	0.0046373	0.0040689	0.0039073	0.0037684	0.0069784	0.004764	0.0036996	0.008168	0.0087099	0.0043723	0.0050226	0.0071942	0.0072799	0.0075188	0.0056738	0.005698	0.0041617	0.0050094	0.0061263	0.0082592	0.0079657	0.0060569	0.0060211	0.0081403	0.0047544	0.0035907	0.0051163	0.0108696	0.0134615	0.0048645	0.0084122	0.0054975	0.0060938	0.0070922	0.0073043	
Chevêche d'Athéna	0.0394904	0.0429836	0.0385935	0.0340223	0.0514161	0.0459161	0.042318	0.0484272	0.0522181	0.0553578	0.0570596	0.0559203	0.0530496	0.0596224	0.0475743	0.0499581	0.0479616	0.0586183	0.0580338	0.0673326	0.0834306	0.0767556	0.0843223	0.0703164	0.0745585	0.0694904	0.0551378	0.0562648	0.0541311	0.0505351	0.0544771	0.0494816	0.0540025	0.0631127	0.059358	0.0612142	0.0651221	0.066561	0.0478755	0.052093	0.0428389	0.0442308	0.0326616	0.0320715	0.0225399	0.0298598	0.0361057	0.0330435	
Chouette hulotte	0.0025478	0.0029499	0.0038593	0.0044515	0.0017429	0.0022075	0.0038124	0.0028974	0.0032348	0.0031633	0.001666	0.0021882	0.0025413	0.0029811	0.0021909	0.0030701	0.0027407	0.0048849	0.0069294	0.0051794	0.0046674	0.0043549	0.0062461	0.0040181	0.0039241	0.0026473	0.0031328	0.0056738	0.0064103	0.0041617	0.0087664	0.005655	0.0031766	0.0036765	0.0018171	0.0030105	0.0018785	0.0036978	0.005386	9.302E-4	0.0012788	0.0025641	0.0013899	0.0036803	5.498E-4	0.0024375	0.0019342	3.478E-4	
Hibou moyen-duc	0.0019108	0.0029499	0.0012864	6.359E-4	8.715E-4	0.0022075	0.0022875	0.0020695	0.0013863	0.0023725	0.0029155	0.0014588	6.353E-4	0.0016562	0.001252	0.0019537	0.0051387	0.0059316	0.0038978	0.0033296	0.0035006	0.005988	0.0043723	5.023E-4	6.54E-4	0.0015	0.0037594	0.0033097	0.002849	0.0065398	0.0012523	0.001885	0.001906	0.0012255	0.0012114	0.0025088	0.0018785	0.002113	5.984E-4	4.651E-4	0.0019182	0.0019231	0.0020848	0.0026288	0.0016493	0.0012188	0.0019342	3.478E-4	
Hibou des marais	0.005414	0.0084282	0.0021441	0.0038156	0.0034858	0.0013245	7.625E-4	0.0028974	0.0032348	0.0015817	0.0020825	0.0014588	0.0015883	6.625E-4	6.26E-4	0.0033491	0.0	0.0	0.0	0.0	0.0	0.0	0.0	0.0	0.0	0.0	0.0	0.0	0.0	0.0	0.0	0.0	0.0	6.127E-4	6.057E-4	0.0	0.0012523	0.0010565	0.0	9.302E-4	0.0012788	0.0032051	0.0013899	0.0057834	0.0060473	0.0042657	0.0077369	0.0055652	
Hibou moyen-duc ou H. des marais	0.0	4.214E-4	0.0	0.0	0.0	0.0015	0.0	0.0	0.0	3.954E-4	0.0	0.0	0.0	0.0	0.0	0.0	0.0015	0.0	0.0	0.0	0.0	0.0	0.0	0.0	0.0	0.0	0.0	0.0	0.0	0.0	6.262E-4	0.0	0.0	0.0	0.0	0.0	0.0	0.0	0.0	0.0	0.0	0.0	0.0	0.0	0.0	0.0	0.0	0.0	
Strigiformes sp.	0.0	0.0	0.0	0.0	0.0	0.0	0.0	0.0	0.0	0.0	0.0	2.431E-4	0.0	0.0	0.0	0.0	0.0	0.0	0.0	0.0	0.0	0.0	0.0	0.0	0.0	0.0	0.0	0.0	0.0	0.0	0.0	0.0	0.0	0.0	0.0	0.0	0.0	0.0	0.0	0.0	0.0	0.0	0.0	0.0	0.0	0.0	0.0	0.0	
Huppe fasciée	0.1378981	0.1470712	0.1410806	0.1344992	0.1324619	0.1112583	0.1204727	0.1291391	0.1534196	0.1791222	0.2069971	0.210795	0.2229987	0.2272276	0.2097027	0.2316495	0.2202809	0.19679	0.2022521	0.2142064	0.2088681	0.1829069	0.1842598	0.1722752	0.1621975	0.1416281	0.1566416	0.1550827	0.1559829	0.1337693	0.1371321	0.1423186	0.1543837	0.1348039	0.1338583	0.1204215	0.14402	0.131009	0.1322561	0.1446512	0.1265985	0.1320513	0.1306463	0.1340694	0.1280924	0.1523461	0.1715023	0.1575652	
Guêpier d'Europe	0.0	0.0015	0.0	0.0	0.0	0.0	0.0	0.0	0.0	0.0015	0.0	0.012886	0.0752859	0.137794	0.1699531	0.195367	0.2792052	0.175157	0.1580771	0.1472438	0.1551925	0.1529668	0.1661462	0.1652436	0.1491171	0.1528789	0.1672932	0.2042553	0.232906	0.2300832	0.2686287	0.2643732	0.2935197	0.2634804	0.1756511	0.0732564	0.0062617	0.0042261	5.984E-4	0.0	0.0015	0.0	0.0	0.0	0.0	0.0	0.0	0.0	
Martin-pêcheur d'Europe	0.1815287	0.1866835	0.1479417	0.1379968	0.1233115	0.1165563	0.1044605	0.1187914	0.1048983	0.0945038	0.0741358	0.0435205	0.0349428	0.0354422	0.029108	0.0240022	0.0130182	0.0146546	0.0151581	0.0233074	0.0210035	0.0217746	0.0331043	0.0301356	0.0412034	0.0476506	0.0551378	0.0917258	0.1296296	0.1397146	0.1865999	0.2144204	0.2210928	0.2622549	0.2610539	0.2814852	0.269881	0.2974115	0.2842609	0.2539535	0.2327366	0.2288462	0.2008339	0.2250263	0.2358439	0.2090189	0.2321083	0.218087	
Rollier d'Europe	0.0	0.0	0.0	0.0	0.0	0.0	0.0	0.0	0.0	0.0015	0.0	2.431E-4	9.53E-4	0.0023186	0.0031299	0.0097684	0.0184995	0.0188416	0.0190559	0.0159083	0.0110852	0.016331	0.0181137	0.0165746	0.0111184	0.0225017	0.0119048	0.012766	0.0128205	0.0172414	0.0156544	0.0075401	0.0057179	0.0030637	0.0018171	0.0030105	6.262E-4	0.0	0.0015	0.0	0.0	0.0	0.0	0.0	0.0	0.0	0.0	0.0	
Torcol fourmilier	0.0047771	0.0046355	0.0051458	0.0054054	0.0056645	0.0048565	0.0026687	0.0041391	0.0060074	0.0118624	0.0179092	0.0230975	0.0314485	0.0334548	0.0431925	0.0351661	0.0298047	0.021284	0.0155912	0.0218276	0.0239207	0.0277627	0.0187383	0.0170768	0.0098103	0.0019854	0.0050125	0.0028369	0.0021368	0.0035672	0.0043832	0.0070688	0.0114358	0.0098039	0.0109025	0.0150527	0.0187852	0.0142631	0.0137642	0.0134884	0.0121483	0.0134615	0.0083391	0.0073607	0.0054975	0.0060938	0.0038685	0.0083478	
Pic épeiche	0.0191083	0.0202276	0.0253002	0.0203498	0.0270153	0.0203091	0.0202059	0.0161424	0.0189464	0.0162119	0.0191587	0.0182349	0.0200127	0.0218615	0.0159624	0.017583	0.0119904	0.0150035	0.0233867	0.027377	0.0274212	0.0315732	0.0318551	0.023104	0.0241988	0.017869	0.0175439	0.0198582	0.0106838	0.0237812	0.0162805	0.0179076	0.0152478	0.0189951	0.015748	0.0160562	0.0175329	0.0227153	0.0155595	0.0213953	0.0249361	0.0230769	0.0236275	0.0205047	0.0208906	0.0213285	0.0251451	0.0267826	
Pic épeichette	0.0	0.0	0.0	3.18E-4	0.0	0.0	0.0	0.0012417	0.0	0.0	0.0012495	0.0	0.0	6.625E-4	0.0	0.0	0.0	0.0	0.0	0.0	5.834E-4	5.444E-4	6.246E-4	5.023E-4	0.001308	0.0	0.0	0.0	0.0	5.945E-4	0.0	0.0	0.0	0.0	0.0	0.0	6.262E-4	0.0	0.0	0.0	0.0	0.0	6.949E-4	0.0010515	0.0	0.0	0.0012895	0.0	
Pic de Sharpe	0.0621019	0.0741677	0.067753	0.072814	0.0923747	0.0856512	0.0842547	0.0765728	0.0743993	0.1067616	0.1053728	0.1008996	0.0918043	0.0960583	0.0838811	0.0937762	0.0996917	0.0956036	0.0874838	0.0876804	0.096266	0.0979858	0.0993129	0.100452	0.1066056	0.0946393	0.0971178	0.0732861	0.0719373	0.0576694	0.07201	0.0805844	0.0838628	0.0704657	0.0617807	0.0847968	0.086412	0.0839937	0.0736086	0.0753488	0.0690537	0.0769231	0.0771369	0.0746583	0.0522265	0.0700792	0.0702772	0.0733913	
Faucon crécerellette	0.0	0.0	0.0	0.0	0.0	4.415E-4	0.0019062	0.0012417	0.0036969	0.0083037	0.0116618	0.0119134	0.0111182	0.0115932	0.0087637	0.008652	0.0075368	0.0090719	0.0086618	0.0055494	0.0093349	0.0087099	0.0124922	0.0085384	0.0091563	0.0059563	0.0025063	0.0052009	0.0035613	5.945E-4	0.0025047	0.0014138	0.0012706	0.002451	0.0018171	0.0035123	0.0018785	0.0015848	0.0011969	0.0	6.394E-4	0.0	0.0	0.0	0.0	0.0	0.0	0.0	
Faucon crécerelle	0.3098726	0.3147914	0.2838765	0.2899841	0.287146	0.2834437	0.2531453	0.276904	0.2740296	0.3183076	0.303207	0.3255531	0.3233799	0.3014243	0.2935837	0.2777003	0.27852	0.2519191	0.2308359	0.2438032	0.2625438	0.2476864	0.2598376	0.2742341	0.2812296	0.2422237	0.1879699	0.1877069	0.1994302	0.1652794	0.1815905	0.2059378	0.2318933	0.2855392	0.3216233	0.3502258	0.3857232	0.3681986	0.3704369	0.3544186	0.3299233	0.2871795	0.2981237	0.331756	0.3095107	0.3120049	0.3301096	0.3151304	
Faucon crécerellette ou F. crécerelle	9.554E-4	8.428E-4	4.288E-4	0.0012719	4.357E-4	4.415E-4	0.0019062	4.139E-4	0.0	0.0019771	0.0029155	0.0019451	0.0047649	0.0036436	0.0015649	0.0025119	0.0013703	0.0013957	0.0030316	7.399E-4	0.0029172	0.0010887	0.0012492	5.023E-4	0.0	0.0019854	0.0012531	9.456E-4	0.0	5.945E-4	0.0012523	4.713E-4	0.0012706	0.0012255	0.0	0.002007	0.0031309	0.0015848	0.0017953	4.651E-4	0.0012788	0.0015	6.949E-4	0.0	5.498E-4	0.0	0.0	3.478E-4	
Faucon kobez	0.0	0.0	0.0	0.0	0.0	0.0	0.0	0.0	0.0	0.0	0.0	0.0	0.0	0.0	3.13E-4	8.373E-4	0.0015	0.0	0.0017324	0.0014798	0.0	0.0	6.246E-4	0.0	0.0	6.618E-4	0.0	0.0	0.0	0.0	0.0	0.0	0.0	0.0	0.0	0.0010035	0.0	0.0063391	5.984E-4	0.0	0.0	0.0	0.0	0.0	0.0	0.0	0.0	0.0	
Faucon d'Éléonore	0.0	0.0	0.0	0.0	0.0	0.0	0.0	0.0	0.0	0.0	0.0	0.0	0.0	3.312E-4	0.001252	0.0100474	0.0109627	0.0076762	0.0043309	0.0066593	0.0058343	0.0054437	0.0168645	0.0155701	0.0202747	0.010589	0.0093985	0.0066194	0.008547	0.0112961	0.0112711	0.0131951	0.0127065	0.0110294	0.0121139	0.0095334	0.003757	0.0026413	0.0059844	0.0125581	0.0038363	0.0012821	0.0	0.0	0.0	0.0	0.0	0.0	
Faucon émerillon	0.0149682	0.0151707	0.0167238	0.0085851	0.0104575	0.0075055	0.0060999	0.0095199	0.0069316	0.0019771	0.0049979	0.0043764	0.002859	0.0013249	9.39E-4	5.582E-4	0.0	0.0	0.0	0.0	0.0	0.0	0.0	0.0	0.0	0.0	0.0	0.0	0.0	0.0	0.0	0.0	0.0	0.0	0.0	5.018E-4	0.0056356	0.0116218	0.0065829	0.0083721	0.0147059	0.0108974	0.0118138	0.011041	0.0142936	0.0091408	0.0154739	0.0163478	
Faucon hobereau	0.0	0.0	0.0	0.0	0.0	0.0	0.0	0.0	0.0	0.0	0.0	2.431E-4	9.53E-4	0.0023186	0.0043818	0.0041864	0.0027407	0.004187	0.0043309	0.0062893	0.0029172	0.0027218	6.246E-4	0.0015	6.54E-4	6.618E-4	0.0012531	4.728E-4	0.0015	0.0015	0.0018785	0.001885	0.0031766	0.0067402	0.0060569	0.0195685	0.0244208	0.0216587	0.0059844	0.0037209	0.0012788	0.0019231	0.0	0.0	0.0	0.0	0.0	0.0	
Faucon pèlerin	0.0318471	0.0358196	0.0235849	0.0241653	0.0183007	0.0264901	0.0217308	0.0227649	0.0277264	0.0197707	0.0233236	0.0206662	0.0184244	0.0192117	0.0178404	0.017583	0.0167866	0.01291	0.0190559	0.0233074	0.0215869	0.0190528	0.0199875	0.0220994	0.0176586	0.0112508	0.0137845	0.0141844	0.0128205	0.0112961	0.014402	0.0155514	0.0127065	0.0165441	0.021805	0.0280983	0.0300564	0.0237718	0.0239378	0.0237209	0.0338875	0.0179487	0.028492	0.0262881	0.0274876	0.0268129	0.0251451	0.0285217	
Falco sp.	0.0	0.0016856	8.576E-4	0.0	0.0015	0.0	7.625E-4	0.0015	0.0	0.0	8.33E-4	4.863E-4	9.53E-4	9.937E-4	0.0015649	8.373E-4	3.426E-4	6.978E-4	8.662E-4	0.0	0.0017503	0.0016331	6.246E-4	0.0025113	6.54E-4	0.0	0.0015	0.0015	0.0015	5.945E-4	0.0012523	4.713E-4	0.0012706	6.127E-4	0.0030285	0.0030105	0.0018785	0.0015848	0.0011969	0.0018605	6.394E-4	0.0	0.0	0.0	0.0027488	0.0012188	0.0	0.0017391	
rapace diurne sp.	0.0	0.0	0.0	0.0015	0.0	0.0	0.0	0.0	0.0	3.954E-4	0.0	7.294E-4	0.0015	0.0	0.0	0.0	0.0	3.489E-4	0.0	0.0	0.0	0.0	0.0	0.0	0.0	0.0	0.0	0.0	0.0	0.0	0.0	0.0	6.353E-4	0.0012255	0.0018171	0.0015	6.262E-4	0.0015	5.984E-4	4.651E-4	0.0	0.0015	0.0	0.0	0.0	0.0	0.0	0.0	
Calopsitte élégante	0.0	4.214E-4	0.0	3.18E-4	0.0	0.0	0.0	0.0	0.0015	3.954E-4	0.0	0.0	3.177E-4	0.0	6.26E-4	2.791E-4	0.0015	0.0	4.331E-4	0.0	0.0	5.444E-4	6.246E-4	0.0	6.54E-4	6.618E-4	6.266E-4	4.728E-4	0.0	0.0	6.262E-4	0.0015	6.353E-4	0.0015	0.0	0.0015	0.0	0.0015	0.0011969	9.302E-4	6.394E-4	0.0	6.949E-4	0.0	0.0	0.0	0.0015	0.0	
Cacatoès à huppe jaune	0.0	0.0	0.0	0.0	0.0	0.0	0.0	0.0	0.0	0.0	0.0	0.0	0.0	0.0	0.0	0.0	0.0	0.0	0.0	0.0	0.0	0.0	0.0	0.0	0.0015	0.0	0.0	0.0	0.0	0.0	0.0	0.0	0.0	0.0	0.0	0.0	0.0	0.0	0.0	0.0	0.0	0.0	0.0	0.0	0.0	0.0	0.0	0.0	
éclectus sp.	0.0	0.0	0.0	0.0	0.0	0.0	0.0	0.0	0.0	0.0	0.0	0.0	0.0015	0.0	0.0	0.0	0.0	0.0	0.0	0.0	0.0	0.0	0.0	0.0	0.0	0.0	0.0	0.0	0.0	0.0	0.0	0.0	0.0	0.0	0.0	0.0	0.0	0.0	0.0	0.0	0.0	0.0	0.0	0.0	0.0	0.0	0.0	0.0	
Perruche à collier	0.0226115	0.0358196	0.0355918	0.0378378	0.0422658	0.0534216	0.0526115	0.044702	0.0415896	0.0419138	0.0512287	0.0600535	0.0511436	0.0539914	0.0594679	0.0588892	0.0496745	0.0502442	0.0411434	0.0473548	0.0490082	0.0495373	0.0449719	0.0487192	0.0398954	0.0363997	0.0407268	0.0392435	0.025641	0.039239	0.025047	0.0273327	0.0457433	0.0422794	0.0442156	0.0441545	0.0519724	0.0412044	0.0550569	0.0562791	0.0370844	0.0538462	0.0410007	0.044164	0.0401319	0.0481414	0.0502901	0.042087	
Perruche de Finsch	0.0	0.0	0.0	0.0	0.0	0.0	0.0	0.0	0.0	0.0	0.0	2.431E-4	0.0	0.0	0.0	0.0	0.0	0.0	0.0	0.0	0.0	0.0	0.0	0.0	0.0	0.0	0.0	0.0	0.0	0.0	0.0	0.0	0.0	0.0	0.0	0.0	0.0	0.0	0.0	0.0	0.0	0.0	0.0	0.0	0.0	0.0	0.0	0.0	
Perruche de Derby	3.185E-4	4.214E-4	0.0	3.18E-4	4.357E-4	4.415E-4	0.0	4.139E-4	0.0	0.0015	8.33E-4	7.294E-4	3.177E-4	9.937E-4	3.13E-4	5.582E-4	0.0013703	0.0015	4.331E-4	0.0	0.0	0.0	0.0	0.0	6.54E-4	0.0	0.0	0.0	0.0	0.0	0.0	0.0	0.0	0.0012255	0.0	0.0	6.262E-4	5.283E-4	0.0	9.302E-4	6.394E-4	0.0	0.0013899	0.0015	0.0	0.0	6.447E-4	0.0	
Perruche à moustaches	0.0	0.0	0.0	0.0	0.0	0.0	0.0	0.0	0.0	0.0	0.0	0.0	0.0	0.0015	0.0	0.0	0.0	0.0	0.0	0.0	0.0	0.0	0.0	0.0	0.0	0.0	0.0	0.0	0.0	0.0	0.0	0.0	0.0	0.0	0.0	0.0	0.0	0.0	0.0	0.0	0.0	0.0	0.0	0.0	0.0	0.0	0.0	0.0	
Perruche omnicolore	0.0	0.0	0.0	0.0	0.0015	0.0	0.0	0.0	0.0	0.0	0.0	0.0	0.0	0.0	0.0	0.0	0.0	0.0	0.0	0.0	0.0	0.0	0.0	0.0	0.0	0.0	0.0	0.0	0.0	0.0	0.0015	0.0	0.0	0.0	0.0	0.0	0.0	5.283E-4	0.0	0.0	0.0	0.0	0.0	0.0	0.0	0.0	0.0	0.0	
Perruche ondulée	0.0	4.214E-4	0.0	0.0	0.0015	0.0	3.812E-4	0.0	4.621E-4	0.0015	0.0	0.0	0.0	0.0	3.13E-4	0.0	0.0015	0.0	0.0	0.0015	0.0	0.0	0.0015	5.023E-4	0.0	6.618E-4	0.0	4.728E-4	0.0	5.945E-4	0.0015	0.0	6.353E-4	6.127E-4	6.057E-4	0.0025088	0.0018785	0.0	5.984E-4	0.0	0.0	0.0	0.0	0.0	0.0	0.0	0.0	0.0	
Inséparable rosegorge	0.0	0.0	4.288E-4	0.0	4.357E-4	4.415E-4	0.0	0.0	0.0	0.0	0.0015	2.431E-4	0.0015	3.312E-4	0.0015	0.0	0.0	0.0015	0.0	3.7E-4	5.834E-4	0.0	0.0	0.0	6.54E-4	6.618E-4	0.0	0.0	0.0	0.0	0.0	0.0	6.353E-4	0.0	0.0	5.018E-4	0.0	0.0	0.0	0.0	0.0	0.0	0.0	0.0	0.0	0.0	0.0	0.0	
Inséparable de Fischer	0.0015	4.214E-4	8.576E-4	6.359E-4	4.357E-4	4.415E-4	3.812E-4	0.0	4.621E-4	0.0	4.165E-4	4.863E-4	3.177E-4	3.312E-4	0.0015	2.791E-4	0.0	0.0	4.331E-4	0.0015	0.0	0.0	0.0	0.0010045	6.54E-4	0.0013236	6.266E-4	4.728E-4	7.123E-4	0.0015	6.262E-4	0.0014138	6.353E-4	6.127E-4	6.057E-4	0.0015	0.0	0.0015	0.0	4.651E-4	0.0	0.0012821	6.949E-4	0.0015	0.0	0.0012188	0.0015	0.0015	
Inséparable masqué	3.185E-4	8.428E-4	8.576E-4	9.539E-4	0.0017429	4.415E-4	0.0	0.0	0.0	7.908E-4	0.0	2.431E-4	9.53E-4	9.937E-4	6.26E-4	5.582E-4	0.0	3.489E-4	8.662E-4	7.399E-4	0.0	0.0	6.246E-4	0.0010045	0.0	0.0026473	6.266E-4	9.456E-4	0.0014245	5.945E-4	6.262E-4	4.713E-4	0.0	6.127E-4	0.0	0.0	0.0	5.283E-4	0.0	0.0	0.0	0.0	6.949E-4	5.258E-4	0.0	0.0018282	6.447E-4	0.0010435	
Hybride Inséparable de Fischer x I. masqué	0.0	0.0	0.0	0.0	0.0	0.0	0.0	0.0	0.0	0.0	0.0	0.0	0.0	0.0	0.0	2.791E-4	0.0	0.0	0.0	0.0	0.0	0.0	0.0	0.0	0.0	0.0	0.0	0.0	0.0	0.0	0.0	0.0	0.0	0.0	0.0	0.0	0.0	0.0	0.0	0.0	0.0	0.0	0.0	0.0	0.0	0.0	0.0	0.0	
inséparable sp.	0.0	0.0	0.0	0.0	0.0	0.0	0.0	4.139E-4	0.0	0.0	0.0	0.0015	0.0	0.0	0.0	0.0	0.0	3.489E-4	0.0015	0.0	0.0	0.0	0.0	5.023E-4	0.0	0.0	0.0	0.0	0.0015	0.0	0.0	0.0	0.0	0.0	0.0	0.0	0.0	0.0	0.0015	0.0	0.0	0.0	0.0	0.0	0.0	0.0	0.0	0.0	
Perroquet jaco	3.185E-4	0.0	0.0015	0.0	0.0	4.415E-4	0.0	0.0	0.0	0.0	0.0	0.0	0.0015	0.0	0.0	0.0	0.0015	0.0	0.0	0.0	0.0	0.0	0.0	0.0	0.0	0.0	0.0	0.0	7.123E-4	0.0	0.0	0.0	0.0	0.0	0.0	0.0	0.0	0.0	0.0	0.0	0.0	0.0	0.0	0.0	0.0	6.094E-4	0.0015	0.0	
Perriche veuve	0.0484076	0.0598399	0.0656089	0.0750397	0.0701525	0.0777042	0.0789173	0.0633278	0.0577634	0.0806643	0.0733028	0.0833941	0.0819568	0.0718781	0.0719875	0.0734022	0.0654334	0.0631542	0.0645301	0.072512	0.0665111	0.0626021	0.0693317	0.0698142	0.0483976	0.0423561	0.0601504	0.0539007	0.0562678	0.0499405	0.053851	0.0504241	0.0590851	0.064951	0.053301	0.0677371	0.0914214	0.0707871	0.0927588	0.0911628	0.076087	0.1070513	0.086171	0.0788644	0.0753161	0.0962828	0.0863959	0.0723478	
Amazone à front jaune	0.0	0.0	0.0015	9.539E-4	4.357E-4	8.83E-4	3.812E-4	0.0	0.0015	3.954E-4	0.0015	4.863E-4	9.53E-4	0.0	6.26E-4	0.0015	0.0	0.0015	0.0015	3.7E-4	0.0	0.0	0.0	0.0	0.0	0.0	0.0	0.0	0.0	0.0	0.0	0.0	6.353E-4	0.0	0.0	0.0	0.0	5.283E-4	5.984E-4	0.0015	0.0	0.0	0.0	0.0	5.498E-4	0.0	0.0	3.478E-4	
Amazone à front bleu	0.0	0.0	0.0	0.0	0.0	0.0	3.812E-4	8.278E-4	0.0	0.0015	0.0	0.0015	0.0	0.0	0.0	0.0	3.426E-4	0.0	0.0	3.7E-4	0.0	0.0	0.0	0.0	0.0	0.0	0.0	0.0	0.0	0.0	0.0	0.0	0.0	0.0	0.0015	0.0	0.0	0.0	0.0	0.0	0.0	0.0012821	0.0	0.0	0.0	0.0	0.0	3.478E-4	
Amazone aourou	0.0	0.0	0.0	0.0012719	0.0	0.0	0.0015	0.0012417	4.621E-4	3.954E-4	0.0	2.431E-4	6.353E-4	0.0	0.0	0.0	0.0	0.0	0.0	0.0	0.0	0.0	0.0	0.0	0.0	0.0	0.0012531	0.0015	0.0	0.0	0.0	0.0	0.0	6.127E-4	0.0	0.0	0.0	0.0	0.0	0.0	0.0	0.0	0.0	0.0	0.0	0.0	0.0012895	0.0	
Amazona sp.	0.0	0.0	0.0	0.0	0.0	4.415E-4	0.0	0.0	0.0	0.0	0.0	0.0	0.0	0.0	0.0	0.0	0.0	3.489E-4	0.0	0.0	0.0	0.0	0.0	0.0	0.0	0.0	0.0	0.0	7.123E-4	5.945E-4	0.0	0.0	0.0	0.0	0.0	0.0	0.0	0.0	0.0	0.0	0.0	0.0	0.0	0.0	0.0	0.0015	0.0	0.0	
Conure de Molina	0.0	0.0	0.0	0.0	0.0	0.0	0.0	0.0	0.0	0.0	0.0	0.0	0.0	0.0	0.0	0.0	0.0	0.0	0.0015	0.0	0.0	0.0	0.0	0.0	0.0	0.0	0.0	0.0	0.0	0.0	0.0	0.0	0.0	0.0	0.0	0.0	0.0	0.0	0.0	0.0	0.0	0.0	0.0	0.0	0.0015	0.0	0.0	0.0	
Conure soleil	0.0	0.0	0.0	0.0	0.0	0.0	0.0	0.0	0.0	0.0	0.0	0.0	0.0	0.0	0.0	0.0	0.0	0.0	0.0	0.0	0.0	0.0	0.0	0.0	0.0	6.618E-4	0.0	0.0	0.0	0.0	0.0	0.0	0.0	0.0	0.0	0.0	0.0	0.0	0.0	0.0	0.0	0.0	0.0	0.0	5.498E-4	0.0	0.0	0.0	
Ara bleu	0.0	0.0	0.0	0.0	0.0	0.0	0.0	0.0	0.0	0.0	4.165E-4	0.0	0.0	0.0	0.0	0.0	0.0	0.0	0.0	0.0	0.0	0.0	0.0	0.0	0.0	0.0	0.0	0.0	0.0	0.0	0.0	0.0	0.0	0.0	0.0	0.0	0.0	0.0	0.0	0.0	0.0	0.0015	0.0	0.0	0.0	0.0	0.0	0.0	
Ara chloroptère	0.0	0.0	0.0	0.0	0.0	0.0	0.0	0.0	0.0	0.0	0.0	0.0	0.0	0.0	0.0	0.0	0.0	0.0	0.0	0.0	0.0	0.0	0.0	0.0	0.0	0.0	0.0	0.0	0.0	0.0	0.0	0.0	0.0	0.0	0.0	0.0	0.0	0.0015	0.0	0.0	0.0	0.0	0.0	0.0	0.0	0.0	0.0	0.0	
Ara sp. (genre scientif.)	0.0	0.0	0.0	0.0	0.0	0.0	0.0	0.0	0.0	0.0	0.0	0.0	0.0	0.0	0.0	0.0	0.0	0.0	0.0	0.0	0.0	0.0	0.0015	0.0	0.0	0.0	0.0	0.0	0.0	0.0	0.0	0.0	0.0	0.0	0.0	0.0	0.0	0.0	0.0	0.0	0.0	0.0	0.0	0.0	0.0	0.0	0.0	0.0	
Conure mitrée	0.0	0.0	0.0	0.0	0.0	0.0	0.0	0.0	0.0	0.0	0.0	0.0	0.0	0.0	0.0	0.0	0.0	0.0	0.0	0.0	0.0	0.0	0.0	0.0	6.54E-4	0.0	0.0	0.0	0.0	0.0	0.0	0.0	0.0	0.0	0.0	0.0	0.0	0.0	0.0	0.0	0.0	0.0	0.0	0.0	0.0	0.0	0.0	0.0	
Conure à tête rouge	0.0092357	0.0139064	0.009434	0.0165342	0.0152505	0.018543	0.0167747	0.017798	0.0143253	0.0177936	0.0195752	0.0255288	0.0282719	0.0205366	0.0234742	0.020374	0.0202124	0.0202373	0.0207882	0.0229375	0.0239207	0.0244965	0.028732	0.0246107	0.0104644	0.0119126	0.0181704	0.0094563	0.0149573	0.0166468	0.010645	0.0098963	0.0228717	0.0238971	0.021805	0.0160562	0.0187852	0.0206022	0.0227409	0.0186047	0.0063939	0.0205128	0.019458	0.0131441	0.0197911	0.0213285	0.0212766	0.0156522	
Conure mitrée ou C. à tête rouge	0.0	0.0	0.0015	0.0	0.0	0.0	0.0	0.0	0.0	0.0	0.0	0.0	0.0	0.0	0.0	0.0	0.0	0.0	0.0	0.0	0.0	0.0	0.0	0.0	0.0	0.0	0.0	0.0	0.0	0.0	0.0	0.0	0.0	0.0	0.0	0.0	0.0	0.0	0.0	0.0	0.0	0.0	0.0	0.0	0.0	0.0	0.0	0.0	
Psittaciformes sp. (Parakeet)	0.0	0.0	0.0	0.0	0.0	0.0	0.0	0.0	0.0	0.0	0.0	0.0	0.0	0.0	0.0	0.0	0.0	0.0	0.0	0.0	0.0	0.0	0.0	0.0	0.0	0.0	0.0	0.0	0.0	5.945E-4	0.0	0.0	6.353E-4	0.0	0.0	0.0	0.0	0.0	0.0	0.0	0.0	0.0	0.0	0.0	0.0	0.0	0.0	0.0	
Loriot d'Europe	0.0	0.0	0.0	0.0	0.0	0.0	0.0	0.0	0.0	0.0	0.0	9.725E-4	0.0025413	0.0059622	0.028795	0.0982417	0.1240151	0.128402	0.142919	0.1524232	0.1516919	0.1388133	0.1336665	0.1225515	0.1321125	0.0979484	0.0914787	0.0955083	0.0740741	0.06956	0.0857858	0.0541942	0.0311309	0.0091912	0.0030285	0.0	0.0	5.283E-4	0.0	0.0	0.0	0.0	0.0	0.0	0.0	0.0	0.0	3.478E-4	
Pie-grièche écorcheur	0.0	0.0	0.0	0.0	0.0	0.0	0.0	0.0	0.0	0.0	0.0	0.0	0.0	0.0	0.0	0.0	3.426E-4	0.0010468	0.0034647	0.0048095	0.0058343	0.0038106	0.0043723	0.0040181	0.0019621	0.0052945	0.004386	0.0033097	0.0035613	0.0011891	6.262E-4	9.425E-4	0.0	6.127E-4	0.0	0.0	6.262E-4	0.0	0.0	0.0	0.0	0.0	0.0	0.0	0.0	0.0	0.0	0.0	
Pie-grièche méridionale	0.1458599	0.1403287	0.1385077	0.1211447	0.1154684	0.0922737	0.0865421	0.0769868	0.0725508	0.0854093	0.0803832	0.0680768	0.0692503	0.0622723	0.0629108	0.0614011	0.0647482	0.0736218	0.0684279	0.0665927	0.0659277	0.0696788	0.0824485	0.0823707	0.0837148	0.1085374	0.10401	0.1040189	0.1189459	0.108799	0.1170946	0.1215834	0.1308767	0.1366422	0.1259843	0.1334671	0.1314966	0.1378764	0.1400359	0.1269767	0.1393862	0.1262821	0.1278666	0.1356467	0.1341396	0.1066423	0.1495809	0.141913	
Pie-grièche grise	0.0012739	0.0016856	0.0012864	3.18E-4	4.357E-4	0.0015	7.625E-4	0.0	0.0	7.908E-4	0.0	0.0	0.0	0.0	0.0	0.0	0.0	0.0	0.0	0.0	0.0	0.0	0.0	0.0	0.0	0.0	0.0	0.0	0.0	0.0	0.0	0.0	0.0	0.0	0.0	0.0	0.0	0.0	0.0	0.0	0.0	0.0	0.0	0.0	0.0	0.0	0.0	6.957E-4	
Pie-grièche à tête rousse	0.0	0.0	0.0	0.0	0.0	0.0	0.0	0.0	9.242E-4	0.0110716	0.0387339	0.0527595	0.090216	0.1122888	0.114554	0.1509908	0.129839	0.1018842	0.0840191	0.0902701	0.0735123	0.0778443	0.0805746	0.0813661	0.0824068	0.0853739	0.0682957	0.0893617	0.0790598	0.0790725	0.0688791	0.0461828	0.0292249	0.0251225	0.0121139	0.0045158	0.0012523	0.0	0.0	0.0	0.0	0.0	0.0	0.0	0.0	0.0015	0.0	0.0	
Hybride Pie-grièche écorcheur x P.-g. à tête rousse	0.0	0.0	0.0	0.0	0.0	0.0	0.0	0.0	0.0	0.0	0.0	0.0	0.0	0.0	0.0	0.0	0.0	0.0	0.0	0.0	0.0	0.0	0.0	0.0015	0.0	6.618E-4	6.266E-4	0.0015	0.0021368	0.0015	0.0	0.0	0.0	0.0	0.0	0.0	0.0	0.0	0.0	0.0	0.0	0.0	0.0	0.0	0.0	0.0	0.0	0.0	
Laniidés sp.	6.369E-4	0.0	4.288E-4	0.0	0.0	0.0	7.625E-4	0.0	0.0	0.0	0.0	2.431E-4	0.0	3.312E-4	0.0	5.582E-4	3.426E-4	6.978E-4	0.0	0.0015	5.834E-4	0.0	0.0	0.0	0.0	6.618E-4	0.0	0.0015	7.123E-4	5.945E-4	6.262E-4	9.425E-4	0.0	6.127E-4	0.0	0.0	0.0	0.0	0.0	0.0015	0.0	0.0	0.0	0.0	0.0	0.0	0.0	0.0	
Geai des chênes	0.0283439	0.034134	0.0184391	0.0254372	0.0291939	0.01766	0.0304994	0.0219371	0.0207948	0.0217477	0.0249896	0.0257719	0.0330368	0.0278238	0.0303599	0.034887	0.028777	0.034194	0.0311823	0.0406955	0.0472579	0.0522591	0.0524672	0.0532396	0.0529758	0.0403706	0.0513784	0.0439716	0.0405983	0.0463734	0.0450845	0.0409991	0.0520966	0.0471814	0.0393701	0.0466633	0.0500939	0.0512414	0.0490724	0.0553488	0.0466752	0.0519231	0.0500347	0.0399579	0.0263881	0.0292505	0.0431979	0.0358261	
Pie-bleue ibérique	6.369E-4	8.428E-4	0.0017153	0.0019078	0.0017429	4.415E-4	7.625E-4	4.139E-4	0.0015	0.0031633	0.0012495	4.863E-4	9.53E-4	0.0019874	9.39E-4	0.0011164	0.0010277	0.0010468	0.0056301	0.0018498	0.0011669	0.0010887	6.246E-4	5.023E-4	0.0	0.0026473	6.266E-4	4.728E-4	0.0	5.945E-4	0.0015	0.0	6.353E-4	0.0	6.057E-4	5.018E-4	0.0025047	0.0010565	5.984E-4	9.302E-4	0.0015	0.0038462	6.949E-4	5.258E-4	5.498E-4	0.0012188	6.447E-4	0.0010435	
Pie bavarde	0.3410828	0.3670459	0.3580617	0.3399046	0.3494553	0.3527594	0.3553183	0.3712748	0.3609057	0.3946224	0.366514	0.3994651	0.38723	0.3746274	0.3536776	0.3572425	0.3559438	0.3070482	0.3113902	0.3266741	0.3494749	0.3162765	0.3385384	0.3239578	0.323741	0.2759762	0.2550125	0.2699764	0.2799145	0.2526754	0.2617408	0.2884072	0.3151207	0.3321078	0.3476681	0.3853487	0.4082655	0.3861595	0.4045482	0.4106977	0.3913043	0.3679487	0.3724809	0.3806519	0.3639362	0.3711152	0.4184397	0.3777391	
Crave à bec rouge	0.0175159	0.0198062	0.0231561	0.0244833	0.027451	0.0233996	0.0228746	0.031457	0.0272643	0.0415184	0.0387339	0.0420618	0.0498729	0.0457105	0.0322379	0.0399107	0.0414526	0.0460572	0.0472066	0.0473548	0.0472579	0.0430049	0.039975	0.0281266	0.0215827	0.0191926	0.0194236	0.0245863	0.0206553	0.0166468	0.0237946	0.0207352	0.0266836	0.0214461	0.0163537	0.0220773	0.0262993	0.0311675	0.0239378	0.0283721	0.0210997	0.0269231	0.0277971	0.0278654	0.0186916	0.0182815	0.0174081	0.0121739	
Choucas des tours	0.0302548	0.0265487	0.0248714	0.027345	0.0326797	0.0247241	0.0331681	0.0285596	0.0309612	0.0308422	0.0308205	0.0282033	0.0270013	0.0301424	0.0237872	0.0186994	0.0219253	0.0230286	0.0251191	0.0221976	0.0250875	0.0250408	0.0274828	0.0180814	0.0137345	0.0132363	0.0175439	0.0118203	0.0178063	0.0219976	0.0294302	0.0282752	0.0324015	0.0453431	0.0417929	0.0486703	0.0594865	0.0723719	0.0526631	0.0627907	0.0537084	0.0448718	0.0277971	0.0378549	0.0401319	0.0371725	0.0361057	0.0365217	
Corneille noire	0.0133758	0.0122208	0.0107204	0.0114467	0.0100218	0.00883	0.0129623	0.0103477	0.0069316	0.0146303	0.0179092	0.0172623	0.0171537	0.0152368	0.0162754	0.0156294	0.0102775	0.0233775	0.019489	0.0218276	0.0204201	0.0185084	0.0181137	0.0210949	0.0163506	0.0145599	0.0100251	0.020331	0.0121083	0.0184304	0.0194114	0.0155514	0.0158831	0.0183824	0.0102968	0.0110386	0.0150282	0.0195457	0.0179533	0.015814	0.016624	0.0051282	0.0152884	0.0168244	0.0159428	0.015844	0.0212766	0.0170435	
corneille sp.	6.369E-4	0.0	4.288E-4	0.0	0.0015	0.0	0.0	0.0	0.0	7.908E-4	0.0	0.0	0.0	0.0	3.13E-4	0.0	0.0	6.978E-4	0.0015	0.0	0.0	5.444E-4	0.0	0.0	0.0	6.618E-4	0.0	0.0	0.0	0.0	6.262E-4	4.713E-4	0.0	0.0	0.0015	5.018E-4	0.0	5.283E-4	5.984E-4	0.0	0.0012788	0.0	0.0	0.0	5.498E-4	0.0	0.0	0.0	
Grand Corbeau	0.0347134	0.0375053	0.0287307	0.0337043	0.0396514	0.0313466	0.0385055	0.031043	0.0203327	0.0344009	0.0441483	0.0420618	0.047967	0.0443856	0.0388106	0.0390734	0.0376841	0.0460572	0.0407103	0.0469848	0.0396733	0.0462711	0.0468457	0.0321447	0.030739	0.0344143	0.0162907	0.0288416	0.0242165	0.0231867	0.028804	0.031574	0.0343075	0.0373775	0.0333131	0.0255896	0.0331872	0.0380349	0.0371035	0.0353488	0.0332481	0.0461538	0.0521195	0.0457413	0.0384827	0.0438757	0.0431979	0.0351304	
corneille ou corbeau sp.	0.0	0.0	0.0	0.0	0.0	0.0	0.0	0.0	0.0	0.0	0.0	2.431E-4	0.0	0.0	0.0	0.0	3.426E-4	0.0	0.0	0.0	0.0	0.0	0.0	5.023E-4	0.0	0.0	0.0	0.0	0.0	0.0	0.0	0.0	0.0	0.0	0.0	0.0	0.0	0.0	0.0	0.0	6.394E-4	0.0	0.0	0.0	0.0	0.0	0.0	0.0	
Mésange noire	0.0764331	0.0851243	0.0810463	0.0842607	0.1019608	0.0825607	0.0819672	0.0728477	0.0600739	0.0695927	0.0733028	0.0748845	0.0819568	0.0834713	0.08482	0.0862406	0.088729	0.0806001	0.0822867	0.0972993	0.0939323	0.0947197	0.1011868	0.0954294	0.089601	0.0787558	0.0714286	0.0869976	0.0733618	0.0618312	0.068253	0.072573	0.0838628	0.0827206	0.0678377	0.0747617	0.0670006	0.0670893	0.0718133	0.0790698	0.07289	0.074359	0.0750521	0.0699264	0.0615723	0.0694698	0.0902643	0.082087	
Mésange huppée	0.0713376	0.077539	0.067753	0.0683625	0.0788671	0.0684327	0.069005	0.0608444	0.0522181	0.0541716	0.0649729	0.0615123	0.067662	0.0573037	0.0532081	0.0608429	0.0647482	0.059665	0.068861	0.081761	0.0956826	0.0919978	0.0924422	0.0853842	0.0771746	0.0661813	0.0607769	0.0685579	0.0512821	0.0523187	0.053851	0.0664467	0.0730623	0.0680147	0.0629921	0.0677371	0.07201	0.0739567	0.0748055	0.0669767	0.0716113	0.0929487	0.0903405	0.086225	0.0571743	0.063376	0.0741457	0.0761739	
Mésange bleue	0.0372611	0.0412979	0.0360206	0.0419714	0.0470588	0.0415011	0.0430804	0.0393212	0.0304991	0.0340055	0.0428988	0.0352541	0.0403431	0.0367671	0.0378717	0.0351661	0.0346009	0.0380321	0.0389779	0.0540141	0.0408401	0.0402831	0.0387258	0.0431944	0.0418574	0.0344143	0.0382206	0.0411348	0.0405983	0.0416171	0.0419537	0.0414703	0.0368488	0.0435049	0.0308904	0.0265931	0.0313087	0.0433175	0.0394973	0.0427907	0.0294118	0.0384615	0.0347464	0.0394322	0.0219901	0.0255941	0.0419084	0.029913	
Mésange charbonnière	0.2697452	0.2857143	0.3010292	0.3157393	0.3533769	0.3368653	0.3408311	0.3410596	0.340573	0.3629893	0.3823407	0.3941162	0.3999365	0.4309374	0.4178404	0.4292492	0.41247	0.376134	0.3564314	0.3699593	0.3623104	0.3140991	0.2754528	0.23556	0.2164814	0.1853077	0.1729323	0.18487	0.1752137	0.1730083	0.1865999	0.2196041	0.2547649	0.2745098	0.2761962	0.3186152	0.3168441	0.3475964	0.3614602	0.3627907	0.3017903	0.3378205	0.3085476	0.2939012	0.2506872	0.2797075	0.3185042	0.317913	
paridé sp.	0.0	0.0	0.0	0.0	0.0	0.0	0.0	0.0	0.0	0.0	0.0	0.0	0.0	0.0	0.0	0.0	0.0	0.0	0.0	0.0	0.0	0.0	0.0	0.0	0.0	0.0	0.0	4.728E-4	0.0	0.0	0.0	0.0	0.0	0.0	0.0	0.0	0.0	0.0	0.0	0.0	0.0	0.0	0.0	0.0	0.0	0.0	0.0	0.0	
Rémiz penduline	0.0251592	0.0235988	0.0278731	0.0235294	0.037037	0.0282561	0.0385055	0.044702	0.0378928	0.0676157	0.0441483	0.0444931	0.0374841	0.033786	0.0347418	0.037957	0.0298047	0.0240754	0.0168904	0.0159083	0.0087515	0.0152422	0.0156152	0.0165746	0.0137345	0.0112508	0.0169173	0.01513	0.0156695	0.0124851	0.010645	0.0122526	0.0063532	0.0030637	0.0054512	0.0055193	0.0087664	0.0158479	0.032316	0.0460465	0.0345269	0.0326923	0.0250174	0.0299685	0.0274876	0.0225472	0.0335268	0.0326957	
Ammomane élégante	0.0	0.0	0.0	0.0	0.0	0.0	0.0	0.0	0.0	0.0	0.0	0.0	0.0	3.312E-4	0.0	0.0	0.0	0.0	0.0	0.0	0.0	0.0	0.0	0.0	0.0	0.0	0.0	0.0	0.0	0.0	0.0	0.0	0.0	0.0	0.0	0.0	0.0	0.0	0.0	0.0	0.0	0.0	0.0	0.0	0.0	0.0	0.0	0.0	
Alouette lulu	0.0171975	0.0155921	0.0154374	0.0219396	0.0287582	0.0295806	0.0369806	0.0240066	0.0184843	0.022934	0.0266556	0.0238269	0.0295426	0.0308049	0.0303599	0.0410271	0.0335731	0.0526867	0.0532698	0.0532741	0.0466744	0.056614	0.0374766	0.0396786	0.0222368	0.0158835	0.0137845	0.0137116	0.0106838	0.0136742	0.010645	0.0084826	0.0165184	0.0275735	0.0321018	0.0326141	0.0407013	0.0375066	0.0406942	0.0372093	0.0249361	0.0217949	0.0243224	0.0231335	0.0153931	0.0121877	0.0245003	0.0212174	
Alouette des champs	0.0576433	0.0543616	0.0527444	0.0445151	0.0352941	0.0304636	0.0373618	0.0277318	0.0221811	0.0355872	0.0266556	0.018478	0.0184244	0.0132494	0.0153365	0.0133966	0.0130182	0.0153524	0.0134257	0.018498	0.0204201	0.016331	0.0231106	0.0150678	0.0117724	0.0052945	0.0056391	0.0066194	0.0049858	0.0053508	0.0087664	0.0032988	0.0038119	0.0030637	0.0024228	0.0050176	0.0175329	0.0359218	0.0670257	0.1097674	0.1016624	0.0730769	0.0715775	0.0757098	0.0643211	0.0609385	0.0702772	0.0622609	
Cochevis de Thékla	0.0238854	0.0202276	0.0321612	0.027345	0.0335512	0.0326711	0.0320244	0.0339404	0.034658	0.0458679	0.0537276	0.0505714	0.0559085	0.0483604	0.0485133	0.0586101	0.0541281	0.059665	0.0597661	0.0776915	0.071762	0.0685901	0.0649594	0.0492215	0.0483976	0.0423561	0.0319549	0.0330969	0.025641	0.0154578	0.028804	0.0263902	0.0266836	0.0251225	0.0369473	0.0306071	0.0356919	0.0427892	0.043088	0.0339535	0.0300512	0.0352564	0.0326616	0.0325973	0.0258384	0.0231566	0.0348162	0.0257391	
Cochevis huppé	0.0968153	0.0918668	0.077187	0.0985692	0.1054466	0.0935982	0.0983607	0.1109272	0.1243068	0.1565836	0.1391087	0.1449064	0.1480305	0.1344816	0.1295775	0.1364778	0.1322371	0.1448011	0.1433521	0.1246763	0.1312719	0.1192161	0.1261711	0.1290809	0.1157619	0.1078756	0.0908521	0.0761229	0.0861823	0.0862069	0.0713838	0.0871819	0.1041931	0.1237745	0.134464	0.1304566	0.1465247	0.1426307	0.1412328	0.1511628	0.1202046	0.1070513	0.1035441	0.1041009	0.113249	0.0975015	0.1057382	0.0914783	
Cochevis de Thékla ou C. huppé	0.0076433	0.0071639	0.0051458	0.0047695	0.0069717	0.0066225	0.0068624	0.0062086	0.0083179	0.004745	0.0087464	0.0070508	0.0085769	0.0086121	0.0065728	0.0069774	0.0085646	0.0076762	0.0086618	0.009249	0.0099183	0.0070768	0.0099938	0.0075339	0.0085023	0.0059563	0.0081454	0.0061466	0.0035613	0.0041617	0.0031309	0.0061263	0.0076239	0.0042892	0.0054512	0.004014	0.0081403	0.0068674	0.0041891	0.007907	0.0076726	0.0038462	0.0062543	0.0068349	0.0060473	0.0036563	0.0045132	0.0045217	
cochevis sp.	0.0	0.0	0.0	0.0	0.0	0.0	0.0	0.0	0.0	0.0	0.0	0.0	0.0	0.0	0.0	0.0	0.0	3.489E-4	0.0	0.0	0.0	0.0	0.0	0.0	0.0	0.0	0.0	0.0	0.0	0.0	0.0	0.0	0.0	0.0	0.0	0.0	0.0	0.0	0.0	0.0	0.0	0.0	0.0	0.0	0.0	0.0	0.0	0.0	
Alouette calandrelle	0.0	0.0	0.0	0.0	0.0	0.0	0.0	0.0	4.621E-4	0.0039541	0.0066639	0.0094821	0.0184244	0.0155681	0.0187793	0.0209322	0.0171292	0.0167481	0.0134257	0.0133185	0.0110852	0.0157866	0.0181137	0.011552	0.0085023	0.0039709	0.0025063	0.0042553	0.0035613	0.0029727	0.0043832	0.0042413	0.0057179	0.0079657	0.0018171	0.002007	0.0012523	5.283E-4	0.0	0.0	0.0	0.0	0.0	0.0	0.0	0.0	0.0	0.0	
Alouette calandre	0.0019108	0.009271	0.0042882	0.0022258	0.0026144	0.0013245	0.0064811	0.0033113	0.0036969	0.0059312	0.0070804	0.0065646	0.0101652	0.0115932	0.0078247	0.0080938	0.0071942	0.0080251	0.0086618	0.0085091	0.0087515	0.0087099	0.0081199	0.0030136	0.0019621	0.0	6.266E-4	9.456E-4	0.0015	0.0011891	0.0	0.0014138	0.0	0.002451	0.0012114	0.0015053	0.0031309	0.0031696	0.0029922	0.0023256	0.0025575	0.0012821	6.949E-4	0.0036803	0.0016493	0.0012188	0.0032237	0.0017391	
Sirli de Dupont	0.0	0.0012642	0.004717	0.0015898	0.0	0.0	0.0	0.0	0.0	0.0	4.165E-4	7.294E-4	3.177E-4	3.312E-4	3.13E-4	0.0	0.0	0.0	8.662E-4	0.0011099	5.834E-4	5.444E-4	0.0012492	0.0	0.0	0.0	0.0	0.0	0.0	0.0	0.0	0.0	0.0	0.0	0.0	0.0	0.0	0.0	0.0	0.0	0.0	0.0	0.0	0.0	0.0	0.0	0.0	0.0	
Alouette pispolette	3.185E-4	4.214E-4	0.0	3.18E-4	0.0	0.0	7.625E-4	0.0012417	4.621E-4	0.0011862	0.001666	7.294E-4	9.53E-4	0.0013249	0.001252	0.0016746	6.852E-4	0.0013957	0.0012993	0.0011099	0.0011669	0.0	0.0012492	5.023E-4	0.0	0.0019854	0.0	0.0	0.0	5.945E-4	6.262E-4	4.713E-4	0.0	0.0012255	0.0	5.018E-4	6.262E-4	0.0	0.0	0.0015	0.0	6.41E-4	0.0	5.258E-4	5.498E-4	0.0	0.0	6.957E-4	
alaudidé sp.	0.0015924	0.0015	4.288E-4	3.18E-4	8.715E-4	0.0013245	0.0	4.139E-4	0.0015	0.0011862	0.0033319	4.863E-4	0.0012706	9.937E-4	9.39E-4	2.791E-4	6.852E-4	0.0013957	0.0015	0.0018498	0.0029172	0.0010887	6.246E-4	0.0	0.0015	6.618E-4	0.0025063	4.728E-4	0.0	0.0	0.0012523	9.425E-4	0.0	6.127E-4	6.057E-4	0.0015053	0.0	0.002113	0.0011969	0.0023256	0.0031969	0.0	0.0	5.258E-4	0.0010995	0.0012188	0.0	0.0017391	
Panure à moustaches	3.185E-4	4.214E-4	0.0	0.0012719	4.357E-4	8.83E-4	0.0041937	0.0024834	0.0	0.0019771	0.0037484	0.0014588	0.0012706	3.312E-4	9.39E-4	8.373E-4	3.426E-4	3.489E-4	0.0030316	7.399E-4	0.0	0.0010887	0.0015	0.0010045	0.0	0.0	0.0	0.0	0.0	0.0029727	0.0	0.0	0.001906	0.0	0.0	0.0015	0.0012523	0.0010565	0.0	0.0013953	0.0019182	0.0	0.0	0.0010515	0.0010995	6.094E-4	6.447E-4	6.957E-4	
Cisticole des joncs	0.1063694	0.1007164	0.0767581	0.0960254	0.1115468	0.1298013	0.1361037	0.1572848	0.1344732	0.2158956	0.1957518	0.2317044	0.2550826	0.2424644	0.2710485	0.2723974	0.2792052	0.2327285	0.2555219	0.2604514	0.2672112	0.2378879	0.2610868	0.2712205	0.2419882	0.2442091	0.2199248	0.2387707	0.2378917	0.2086801	0.23732	0.2012253	0.2071156	0.2064951	0.1695942	0.1515304	0.1527865	0.1537242	0.1585877	0.1711628	0.137468	0.1608974	0.1382905	0.1498423	0.1385377	0.1310177	0.1450677	0.1349565	
Hypolaïs obscure	0.0	0.0	0.0	0.0	0.0	0.0	0.0	0.0	0.0	0.0	0.0	0.0	0.0	6.625E-4	9.39E-4	0.0044655	0.0047962	0.0062805	0.0069294	0.0040696	0.0116686	0.0032662	0.0118676	0.0070316	0.0058862	0.0079418	0.0012531	0.0018913	0.0042735	0.0011891	0.0012523	0.0014138	0.0	6.127E-4	0.0012114	0.0	0.0	0.0	0.0015	0.0	0.0	0.0	0.0	0.0	0.0	0.0	0.0	0.0	
Hypolaïs pâle ou H. obscure	0.0	0.0	0.0	0.0	0.0	0.0	0.0	0.0	0.0	0.0	0.0	0.0	0.0	0.0	0.0	0.0	0.0	0.0	0.0	0.0	0.0	0.0	0.0	0.0	0.0	0.0	0.0	0.0	0.0	0.0	6.262E-4	0.0	0.0	0.0	0.0	0.0	0.0	0.0	0.0	0.0	0.0	0.0	0.0	0.0	0.0	0.0	0.0	0.0	
Hypolaïs polyglotte	0.0	0.0	0.0	0.0	0.0	0.0	0.0	0.0	0.0	0.0	0.0	2.431E-4	0.0015883	0.0039748	0.0181534	0.0600056	0.0900993	0.089672	0.0965786	0.1021088	0.1009335	0.0838323	0.0774516	0.0612757	0.0477436	0.0383852	0.0244361	0.0316785	0.0235043	0.0166468	0.010645	0.0089538	0.0082592	0.0067402	0.0012114	0.0015053	6.262E-4	0.0	0.0	0.0	0.0	0.0	0.0	0.0	0.0	0.0	0.0	0.0	
Hypolaïs ictérine	0.0	0.0	0.0	0.0	0.0	0.0	0.0	0.0	0.0	0.0	0.0	0.0	0.0	0.0	0.0	0.0	3.426E-4	0.0010468	0.0	0.0015	0.0	0.0	0.0	0.0	0.0	0.0	0.0	0.0	0.0	0.0	0.0	0.0	0.0	0.0	0.0	0.0	0.0	0.0	0.0	0.0	0.0	0.0	0.0	0.0	0.0	0.0	0.0	0.0	
Phragmite aquatique	0.0	0.0	0.0	0.0	0.0	0.0	0.0	0.0	0.0	0.0	0.0	0.0	3.177E-4	0.0013249	3.13E-4	5.582E-4	0.0	0.0	0.0	0.0	0.0	0.0	0.0	0.0	0.0	0.0	0.0	0.0	0.0	0.0	0.0	0.0	0.0	0.0	6.057E-4	0.0	0.0	0.0	0.0	0.0	0.0	0.0	0.0	0.0	0.0	0.0	0.0	0.0	
Lusciniole à moustaches	0.0165605	0.0126422	0.0184391	0.0292528	0.0527233	0.0534216	0.0606176	0.0658113	0.0739372	0.0834322	0.0699708	0.0649161	0.0708386	0.0626035	0.0613459	0.0482836	0.0335731	0.0373343	0.0355132	0.0299667	0.0221704	0.022319	0.0193629	0.0155701	0.0170046	0.0158835	0.0112782	0.0113475	0.0121083	0.0107015	0.018159	0.0169651	0.0177891	0.0134804	0.0121139	0.0195685	0.0169067	0.0190174	0.021544	0.024186	0.0268542	0.0262821	0.0229326	0.0205047	0.0225399	0.0176722	0.0219213	0.0149565	
Phragmite des joncs	0.0	0.0	0.0	0.0	0.0	0.0015	3.812E-4	0.0020695	0.0050832	0.0142349	0.027905	0.0447362	0.0540025	0.0486916	0.0363067	0.0189785	0.0095923	0.0059316	0.0034647	3.7E-4	0.0	5.444E-4	6.246E-4	0.0010045	0.0	0.0019854	0.0031328	0.0042553	0.014245	0.0160523	0.0187852	0.0174364	0.0114358	0.0085784	0.0084797	0.004014	0.0043832	0.0015848	0.0023938	0.0	0.0	0.0	0.0	0.0	0.0	0.0	0.0	0.0	
Rousserolle isabelle	0.0015	0.0	0.0	0.0	0.0	0.0	0.0	0.0	0.0	0.0	0.0	0.0	3.177E-4	0.0	0.0	0.0	0.0	0.0	0.0	0.0	0.0	0.0	0.0	0.0	0.0	0.0	0.0	0.0	0.0	0.0	0.0	0.0	0.0	0.0	0.0	0.0	0.0	0.0	0.0015	0.0	0.0	0.0	0.0	0.0	0.0	0.0015	0.0	0.0015	
Rousserolle effarvatte	0.0	0.0	0.0	0.0	0.0013072	0.0013245	0.0045749	0.0062086	0.0055453	0.0150257	0.0170762	0.0564065	0.1219822	0.153362	0.1899844	0.1872732	0.1925317	0.1702722	0.18233	0.1694414	0.1604434	0.1415351	0.1698938	0.1637368	0.1334205	0.1647915	0.1290727	0.1328605	0.1531339	0.1492271	0.179712	0.163525	0.1581957	0.1678922	0.1514234	0.1319619	0.1233563	0.1230851	0.0783962	0.0427907	0.0179028	0.0108974	0.0048645	0.0015773	5.498E-4	6.094E-4	0.0	3.478E-4	
Rousserolle turdoïde	0.0	0.0	4.288E-4	0.0	0.0	0.0	0.0	0.0	0.0	0.0055358	0.0108288	0.0435205	0.1010165	0.1447499	0.1680751	0.1560145	0.1517643	0.1346825	0.1580771	0.1428043	0.1295216	0.1083288	0.1511555	0.1315922	0.118378	0.1052283	0.0839599	0.0553191	0.0512821	0.0439952	0.0494678	0.033459	0.0349428	0.0177696	0.015748	0.0180632	0.0206637	0.022187	0.0077798	0.0018605	0.0	6.41E-4	0.0	0.0	0.0	0.0	0.0	3.478E-4	
Acrocephalus sp.	0.0	0.0	0.0	0.0	4.357E-4	4.415E-4	3.812E-4	0.0	0.0	0.0	4.165E-4	0.0	6.353E-4	0.0013249	3.13E-4	0.0013955	0.0013703	3.489E-4	0.0021654	0.0	0.0	0.0	0.0012492	5.023E-4	6.54E-4	6.618E-4	0.0015	4.728E-4	7.123E-4	0.0023781	0.0012523	0.0023563	6.353E-4	6.127E-4	0.0030285	0.0010035	0.0025047	0.0	0.0	4.651E-4	6.394E-4	0.0	0.0	0.0	5.498E-4	0.0	0.0	0.0015	
Iduna, Hippolais ou Acrocephalus sp.	0.0	0.0	0.0	0.0	0.0	0.0	0.0	0.0	0.0	0.0	4.165E-4	0.0	3.177E-4	0.0	3.13E-4	0.0	3.426E-4	0.0	0.0	0.0	5.834E-4	0.0	0.0	0.0	0.0	0.0	0.0	0.0	0.0	0.0	0.0	0.0	0.0	0.0	0.0	0.0	0.0	0.0	0.0	0.0	0.0015	0.0	0.0	0.0	0.0	0.0	0.0	0.0	
Locustelle luscinioïde	0.0	0.0	0.0	0.0	0.0	0.0	0.0015	0.0015	0.0055453	0.0177936	0.0299875	0.0542183	0.071474	0.0682345	0.0685446	0.0614011	0.0363138	0.0338451	0.034647	0.0307066	0.029755	0.0234077	0.0324797	0.0286288	0.0202747	0.0205162	0.0125313	0.0089835	0.0071225	0.0118906	0.0206637	0.0146089	0.0133418	0.0091912	0.0024228	0.0035123	6.262E-4	0.0010565	0.0	0.0	0.0	0.0	0.0	0.0	0.0	0.0	0.0	0.0	
Locustelle tachetée	0.0	0.0	0.0	0.0	0.0	0.0	0.0	0.0015	0.0	7.908E-4	0.0012495	4.863E-4	0.0041296	0.0039748	0.0031299	0.0094893	0.0078794	0.0010468	0.0021654	7.399E-4	0.0	0.0	0.0	0.0	0.0	0.0	0.0	0.0	0.0	0.0015	0.0015	0.0015	6.353E-4	0.0012255	0.0	5.018E-4	0.0	0.0	0.0	0.0	0.0	0.0	0.0	0.0	0.0	0.0	0.0	0.0	
locustelle sp.	0.0	0.0	0.0	0.0	0.0	0.0	0.0	0.0	0.0	0.0	4.165E-4	0.0	0.0	3.312E-4	0.0015	0.0	0.0	0.0	0.0	0.0	5.834E-4	0.0	0.0	5.023E-4	0.0	0.0	0.0	0.0	0.0	0.0	0.0	0.0	0.0	0.0	0.0	0.0	0.0	0.0	0.0	0.0	0.0	0.0	0.0	0.0	0.0	0.0	0.0	0.0	
Hirondelle de rivage	3.185E-4	4.214E-4	0.0015	0.0	4.357E-4	0.001766	0.0038124	0.0136589	0.0231054	0.0521945	0.0716368	0.0989545	0.094028	0.0725406	0.0895149	0.0770304	0.053443	0.0307048	0.0251191	0.0240474	0.0186698	0.0157866	0.0243598	0.027122	0.0209287	0.0397088	0.0413534	0.0543735	0.0733618	0.06956	0.068253	0.0678605	0.1099111	0.1292892	0.1187159	0.0968389	0.0688791	0.044374	0.0197487	0.0069767	0.0025575	0.0019231	6.949E-4	5.258E-4	0.0	0.0015	6.447E-4	0.0	
Hirondelle de rochers	0.2882166	0.3021492	0.2637221	0.2559618	0.2230937	0.2419426	0.1776592	0.2131623	0.2356747	0.1735864	0.1020408	0.0559203	0.0349428	0.0175555	0.0197183	0.0147921	0.0202124	0.0181438	0.0229537	0.0292268	0.0163361	0.0250408	0.014366	0.0200904	0.0202747	0.021178	0.018797	0.0122931	0.0149573	0.0118906	0.0200376	0.0183789	0.0146125	0.0183824	0.0096911	0.0150527	0.0369443	0.0792393	0.165769	0.195814	0.2448849	0.2230769	0.2334955	0.2728707	0.3128092	0.2730043	0.2598324	0.2813913	
Hirondelle rustique	0.016879	0.0151707	0.0068611	0.0136725	0.0104575	0.0207506	0.0400305	0.1096854	0.1792976	0.2744168	0.3890046	0.5263798	0.5498729	0.5531633	0.5336463	0.556796	0.5477903	0.4762736	0.4690342	0.4439512	0.4591599	0.424061	0.4372267	0.4655952	0.5120994	0.5076109	0.4962406	0.5371158	0.5705128	0.539239	0.5447714	0.5306315	0.5324015	0.5257353	0.5608722	0.4816859	0.4627426	0.4120444	0.2860563	0.1818605	0.0875959	0.0474359	0.0312717	0.0336488	0.0357339	0.0164534	0.0135397	0.0149565	
Hirondelle de fenêtre	0.0066879	0.0181205	0.0141509	0.0235294	0.0217865	0.0445916	0.06443	0.1324503	0.2010166	0.2174773	0.2565598	0.3296864	0.3373571	0.3342166	0.3392801	0.3661736	0.3915725	0.3569435	0.3473365	0.3525712	0.3856476	0.340773	0.3579013	0.4063285	0.4257685	0.4209133	0.4028822	0.4416076	0.4401709	0.4060642	0.3850971	0.3468426	0.3233799	0.3094363	0.2834646	0.2453588	0.2028804	0.1288959	0.0849791	0.0362791	0.0230179	0.0166667	0.0118138	0.0068349	0.008796	0.0030469	0.0045132	0.0086957	
Hybride Hirondelle rustique x H. de fenêtre	0.0	0.0	0.0	0.0	0.0	0.0	0.0	0.0	0.0	0.0	0.0	0.0	0.0	0.0	0.0	0.0	0.0	0.0	0.0	0.0	0.0	0.0	0.0	0.0	0.0	0.0	0.0	4.728E-4	0.0	0.0	0.0	0.0	0.0	0.0	0.0	0.0	0.0	0.0	0.0	0.0	0.0	0.0	0.0	0.0	0.0	0.0	0.0	0.0	
Hirondelle rousseline	6.369E-4	8.428E-4	0.0017153	0.0041335	0.0013072	0.0022075	0.0083873	0.0339404	0.0642329	0.0636615	0.0787172	0.0909312	0.1051461	0.1059954	0.1070423	0.10801	0.1116821	0.1011863	0.1095712	0.1206067	0.1131855	0.1094175	0.102436	0.1145153	0.1262263	0.1389808	0.1403509	0.1390071	0.1602564	0.1545779	0.1571697	0.1606975	0.1442186	0.1685049	0.1568746	0.123432	0.0832812	0.054411	0.032316	0.0209302	0.0147059	0.0115385	0.0055594	0.0026288	0.004398	0.0012188	6.447E-4	3.478E-4	
Hirondelle rousseline, H. de Rüppell ou H. striolée	0.0	0.0	0.0	0.0	0.0	0.0	0.0	0.0	0.0	0.0	0.0	0.0	0.0	0.0	0.0	0.0	0.0	0.0	0.0	0.0	0.0	0.0	0.0	0.0	0.0	0.0	0.0	0.0	0.0	0.0	0.0	0.0	0.0	0.0	0.0	0.0	0.0	0.0	0.0	4.651E-4	0.0	0.0	0.0	0.0	0.0	0.0	0.0	0.0	
hirondelle sp.	0.0	0.0	0.0	3.18E-4	4.357E-4	0.0013245	0.0	8.278E-4	0.0032348	0.0015817	0.001666	0.0017019	0.001906	0.0019874	0.0015649	8.373E-4	0.0017129	0.0010468	8.662E-4	7.399E-4	0.0	5.444E-4	6.246E-4	5.023E-4	0.0015	0.0013236	0.0031328	4.728E-4	7.123E-4	0.0023781	0.0018785	0.0032988	6.353E-4	0.0012255	0.0060569	0.0035123	0.0018785	0.0010565	0.0029922	0.0018605	0.0019182	0.0012821	6.949E-4	0.0015	0.0	6.094E-4	6.447E-4	0.0	
Bulbul orphée	0.0117834	0.013485	0.0132933	0.0200318	0.0165577	0.018543	0.0148685	0.0219371	0.0198706	0.0233294	0.0187422	0.0243132	0.0228717	0.0264988	0.0262911	0.0287469	0.0222679	0.0209351	0.0173235	0.0240474	0.0221704	0.0201415	0.0212367	0.0215972	0.0183126	0.0172071	0.023183	0.0174941	0.0163818	0.0249703	0.0150282	0.0164939	0.019695	0.0165441	0.0181708	0.0155544	0.0225423	0.020074	0.0191502	0.0223256	0.0147059	0.0134615	0.0208478	0.0173502	0.0159428	0.0249848	0.0257898	0.0236522	
Bulbul cul-d'or	0.0	0.0	0.0	0.0	0.0	0.0	0.0	0.0	0.0	0.0	0.0	0.0	0.0	0.0	0.0	0.0	6.852E-4	0.0	0.0	0.0	0.0	0.0	0.0	0.0	0.0	0.0	0.0	0.0	0.0	0.0	0.0	0.0	0.0	0.0	0.0	0.0	0.0	0.0	0.0	0.0	0.0	0.0	0.0	0.0	0.0	0.0	0.0	0.0	
Pycnonotus sp.	0.0	0.0	0.0	0.0	0.0	0.0	0.0	0.0	0.0	0.0	0.0	0.0	0.0	0.0	0.0	0.0	0.0	0.0	0.0	0.0	0.0	0.0	0.0	0.0	0.0	0.0	0.0	4.728E-4	0.0	0.0	0.0	0.0	0.0	0.0	0.0	0.0	0.0	0.0	0.0	0.0	0.0	0.0	0.0	0.0	0.0	0.0	0.0	0.0	
Microtarsus, Rubigula ou Pycnonotus sp.	0.0	0.0	0.0	0.0	0.0	0.0	0.0	0.0	0.0	0.0	0.0	0.0	0.0	0.0	0.0015	0.0	0.0	0.0	0.0	0.0	0.0	0.0	0.0	0.0	0.0	0.0	0.0	0.0	0.0	0.0	0.0	0.0	0.0	0.0	0.0	0.0	0.0	0.0	0.0	0.0	0.0	0.0	0.0	0.0	0.0	0.0	0.0	0.0	
Pouillot siffleur	0.0	0.0	0.0	0.0	0.0	0.0	0.0	0.0	0.0	0.0	0.0	0.0015	0.0085769	0.0420669	0.0359937	0.0309796	0.0140459	0.0034892	0.0017324	0.0	0.0	0.0	0.0	0.0	0.0	0.0	0.0	0.0	0.0	0.0	0.0	0.0	0.0	0.0	0.0	0.0	0.0	0.0	0.0	0.0	0.0	0.0	0.0	0.0	0.0	0.0	0.0	0.0	
Pouillot de Bonelli	0.0	0.0	0.0	0.0	0.0	0.0	0.0	0.0	0.0	3.954E-4	0.0079134	0.0308777	0.0724269	0.0881086	0.0942097	0.1013117	0.088729	0.0722261	0.0671286	0.0850906	0.084014	0.0860098	0.0924422	0.0828729	0.0654022	0.0628723	0.0588972	0.048227	0.0263533	0.0124851	0.0118973	0.0098963	0.0088945	0.004902	0.0018171	0.0	0.0	0.0	0.0	0.0	0.0	0.0	0.0	0.0	0.0	0.0	0.0	0.0	
Pouillot à grands sourcils	0.0	0.0	0.0	0.0	0.0	0.0	0.0	0.0	0.0	0.0	0.0	0.0	0.0	0.0	0.0	0.0	0.0	0.0	0.0	0.0	0.0	0.0	0.0	0.0	0.0	0.0	0.0	0.0	0.0	0.0	0.0	0.0	0.0	0.0	0.0	0.0	0.0015	5.283E-4	0.0065829	0.0088372	0.0063939	0.0064103	0.0034746	0.0015	0.0	6.094E-4	0.0	3.478E-4	
Pouillot fitis	0.0	0.0	0.0	0.0	0.0	0.0	0.0	0.0	0.0	0.0059312	0.0462307	0.0965232	0.1435832	0.1298443	0.1286385	0.1278258	0.0726276	0.0327983	0.0108272	0.0033296	0.0	0.0	6.246E-4	0.0	0.0	0.0	0.0	4.728E-4	0.0014245	0.0083234	0.0275517	0.0659755	0.1016518	0.1170343	0.1072078	0.1013547	0.0638698	0.0285261	0.0221424	0.0144186	0.0012788	0.0	0.0	5.258E-4	0.0	0.0	0.0	0.0	
Pouillot véloce	0.5006369	0.5069532	0.5064322	0.5135135	0.5111111	0.5139073	0.5146778	0.5335265	0.5009242	0.4907078	0.4227405	0.3194748	0.1934562	0.0960583	0.0525822	0.0265141	0.016444	0.0080251	0.0086618	0.0070292	0.0099183	0.0043549	0.0062461	0.0070316	0.0032701	6.618E-4	0.0031328	0.0018913	0.0049858	0.0015	0.0025047	0.0028275	0.0076239	0.0036765	0.0151423	0.0230808	0.0657483	0.2017961	0.347696	0.4683721	0.4910486	0.5282051	0.523975	0.5315457	0.526663	0.5027422	0.5383623	0.5561739	
Pouillot fitis ou P. véloce	0.0	0.0	0.0	0.0	0.0	0.0	0.0	0.0	0.0	0.0	0.0	0.0	0.0	0.0	0.0	0.0	0.0	0.0	0.0	0.0	0.0	0.0	0.0	0.0	0.0	0.0	0.0	0.0	0.0	0.0	0.0	0.0	0.0	0.0	0.0	0.0	0.0	0.0	0.0	4.651E-4	0.0	6.41E-4	0.0	0.0	0.0	0.0	0.0	0.0	
Pouillot ibérique	0.0	0.0	0.0	0.0	0.0	0.0	3.812E-4	0.0016556	0.0018484	0.0023725	0.0066639	0.0034038	0.0022236	3.312E-4	0.001252	8.373E-4	0.0	0.0010468	0.0012993	0.0011099	0.0029172	0.0016331	0.003123	5.023E-4	0.0	0.0013236	0.0	0.0	0.0021368	5.945E-4	6.262E-4	0.0032988	0.0038119	0.0036765	0.0015	0.0015053	0.0012523	0.0010565	5.984E-4	9.302E-4	6.394E-4	0.0	0.0	0.0	0.0	0.0	0.0	0.0	
Pouillot fitis, P. véloce ou P. ibérique	0.0	0.0	0.0	0.0	0.0	0.0	0.0	0.0	0.0	3.954E-4	0.0	0.0014588	0.001906	0.0	9.39E-4	2.791E-4	0.0	0.0	0.0	0.0	0.0	0.0	0.0	0.0	0.0	0.0	0.0	0.0	0.0	0.0	0.0015	0.0	0.0	0.0	0.0	0.0	0.0012523	0.0	0.0	0.0	0.0	0.0	0.0	0.0	0.0	0.0	0.0	0.0	
Pouillot véloce ou P. ibérique	0.0	0.0	0.0	0.0	0.0	0.0	0.0	0.0	4.621E-4	3.954E-4	0.0012495	7.294E-4	9.53E-4	3.312E-4	0.0	2.791E-4	3.426E-4	0.0	0.0	3.7E-4	0.0	0.0	0.0	0.0	0.0	0.0	0.0	0.0	0.0	0.0	0.0	0.0	0.0	0.0	0.0	0.0015	0.0	0.0	0.0	0.0	6.394E-4	0.0	0.0	0.0	0.0	0.0	0.0	0.0	
pouillot sp.	0.0025478	0.002107	0.0030017	0.0012719	0.0026144	8.83E-4	0.0041937	0.0028974	0.004159	0.0015817	0.0041649	0.0082665	0.0108005	0.0086121	0.0062598	0.0097684	0.0030832	0.0010468	0.0017324	0.0011099	0.0011669	0.0010887	0.0	0.0010045	6.54E-4	0.0013236	0.0012531	4.728E-4	0.0021368	0.0011891	0.003757	0.0023563	0.0031766	0.0036765	0.0048455	0.0050176	0.0087664	0.0068674	0.0047876	0.0032558	0.0025575	0.0012821	0.0069493	0.0015773	0.002199	6.094E-4	0.0038685	0.0038261	
Bouscarle de Cetti	0.1707006	0.1761483	0.1959691	0.2120827	0.2457516	0.2494481	0.2508578	0.2851821	0.2680222	0.2882562	0.2586422	0.2620958	0.2630241	0.2550513	0.2638498	0.2383478	0.2141144	0.1870202	0.1918579	0.2027377	0.1896149	0.1437126	0.1486571	0.1109995	0.0732505	0.0641959	0.066416	0.0671395	0.0868946	0.0963139	0.1565435	0.1781338	0.1925032	0.2181373	0.2356148	0.2865028	0.3011897	0.3169572	0.2956314	0.2832558	0.2826087	0.2391026	0.2362752	0.2266036	0.2352941	0.2260817	0.2069632	0.2170435	
Orite à longue queue	0.1232484	0.125158	0.1093482	0.126868	0.1337691	0.1192053	0.117804	0.1121689	0.1058226	0.0850138	0.1037068	0.1050328	0.0975222	0.1079828	0.1054773	0.1124756	0.1253854	0.1151431	0.1104374	0.1228265	0.1248541	0.1099619	0.1124297	0.1230537	0.1007194	0.0721377	0.0726817	0.0964539	0.0861823	0.0939358	0.0958046	0.0980207	0.1124524	0.1170343	0.1181102	0.1374812	0.1346274	0.1399894	0.1633752	0.1423256	0.1457801	0.1525641	0.1452397	0.1409043	0.1083013	0.1249238	0.1334623	0.1426087	
Fauvette à tête noire	0.2531847	0.2520017	0.2542882	0.2381558	0.2649237	0.2313466	0.2470454	0.2516556	0.2319778	0.239225	0.2715535	0.2650134	0.2681067	0.2033786	0.1564945	0.1239185	0.1003768	0.1001396	0.0892161	0.1113578	0.1306884	0.127926	0.1193004	0.1140131	0.1118378	0.0840503	0.0714286	0.0543735	0.0356125	0.0315101	0.0219161	0.0240339	0.0336722	0.0545343	0.0617807	0.1113899	0.1966187	0.2329635	0.2633154	0.3176744	0.2953964	0.3115385	0.2911744	0.2644585	0.2649808	0.2705667	0.2823985	0.282087	
Fauvette des jardins	0.0	0.0	0.0	0.0	0.0	0.0	0.0	0.0	0.0	0.0	0.0	4.863E-4	9.53E-4	0.0013249	0.0071987	0.0220486	0.0239808	0.0143057	0.004764	0.0077691	0.0064177	0.0048993	0.0062461	0.0095429	0.0032701	0.0033091	0.0018797	0.0028369	0.0014245	0.0017836	0.0025047	0.0065975	0.0127065	0.0226716	0.0121139	0.0130457	0.0169067	0.0089805	0.0023938	9.302E-4	0.0	0.0	0.0	0.0	0.0	0.0	0.0	0.0	
Fauvette épervière	0.0	0.0	0.0	0.0	0.0	0.0	0.0	0.0	0.0	0.0	0.0	0.0	0.0	0.0	0.0	0.0	0.0	0.0	0.0	0.0	0.0	0.0	0.0	0.0	0.0	0.0	0.0	0.0	0.0	0.0	0.0	0.0	0.0	0.0	0.0	0.0	0.0	0.0	0.0	0.0	0.0	6.41E-4	0.0	0.0	0.0	0.0	0.0	0.0	
Fauvette babillarde	0.0	0.0	0.0	0.0	0.0	0.0	0.0	0.0	0.0	0.0	0.0	0.0	0.0	0.0	0.0	0.0	0.0	0.0	0.0	0.0	0.0	0.0	0.0	0.0	0.0	0.0	0.0	0.0	0.0	0.0	0.0	0.0	0.0	0.0	0.0	0.0	0.0	0.0	0.0	4.651E-4	0.0	0.0	0.0	0.0	0.0	0.0	0.0	0.0	
Fauvette orphée	0.0	0.0	0.0	0.0	0.0	0.0	0.0	0.0	4.621E-4	0.0	4.165E-4	0.0	0.0012706	0.0043061	0.0103286	0.0181412	0.0171292	0.0251221	0.0186228	0.0332963	0.0262544	0.0310289	0.0293567	0.0180814	0.0071942	0.0046327	0.0018797	0.0056738	0.0014245	0.0029727	0.003757	0.0023563	0.0038119	0.0012255	0.0012114	5.018E-4	0.0	0.0	0.0	0.0	0.0	0.0	0.0	0.0	0.0	0.0	0.0	0.0	
Fauvette de l'Atlas	0.0	0.0	0.0	0.0	0.0	0.0	0.0	0.0	0.0	0.0	0.0	0.0	0.0	3.312E-4	0.0	0.0	0.0	0.0	0.0	0.0	0.0	0.0	0.0	0.0	0.0	0.0	0.0	0.0	0.0	0.0	0.0	0.0	0.0	0.0	0.0	0.0	0.0	0.0	0.0	0.0	0.0	0.0	0.0	0.0	0.0	0.0	0.0	0.0	
Fauvette mélanocéphale	0.460828	0.4572271	0.4279588	0.4531002	0.4653595	0.4362031	0.4559665	0.4482616	0.4468577	0.4812179	0.4739692	0.4814004	0.47554	0.4723418	0.4522692	0.443204	0.4611168	0.4483601	0.4257254	0.4446911	0.4632439	0.4213391	0.4172392	0.4269211	0.3754088	0.3309067	0.3214286	0.3319149	0.3183761	0.324019	0.3462743	0.3751178	0.3710292	0.4178922	0.4312538	0.4530858	0.4702567	0.4722662	0.4931179	0.5116279	0.4878517	0.5166667	0.505212	0.5026288	0.4826828	0.4893358	0.4874275	0.496	
Fauvette de Moltoni	0.0	0.0	0.0	0.0	0.0	0.0	0.0	0.0	0.0	0.0	0.0	0.0	0.0	0.0	0.0	0.0016746	0.0044536	0.0015	0.0	0.0	0.0	0.0	0.0	0.0	0.0	0.0	0.0	0.0	0.0	0.0	0.0	0.0	0.0	0.0	0.0	0.0	0.0	0.0	0.0	0.0	0.0	0.0	0.0	0.0	0.0	0.0	0.0	0.0	
Fauvette passerinette	0.0	0.0	0.0	0.0	0.0	0.0	0.0	4.139E-4	0.0032348	0.0126532	0.0524781	0.0865548	0.1197586	0.0907585	0.0613459	0.0608429	0.0373416	0.0324494	0.0268515	0.0329264	0.0396733	0.0304845	0.0343535	0.0301356	0.0137345	0.010589	0.014411	0.0165485	0.0213675	0.0261593	0.0356919	0.0433553	0.0908513	0.098652	0.0950939	0.10286	0.0776456	0.0385631	0.0155595	0.0065116	0.0	6.41E-4	0.0	0.0	0.0	6.094E-4	0.0	0.0	
Fauvette des Balkans	0.0	0.0	0.0	0.0	0.0	0.0	0.0	0.0	0.0	0.0	0.0	0.0	0.0	3.312E-4	0.0	0.0	0.0	0.0	0.0	0.0	0.0	0.0	0.0	0.0	0.0	0.0	0.0	0.0	0.0	0.0	0.0	0.0	0.0	0.0	0.0	0.0	0.0	0.0	0.0	0.0	0.0	0.0	0.0	0.0	0.0	0.0	0.0	0.0	
Fauvette passerinette ou F. des Balkans	0.0	0.0	0.0	0.0	0.0	0.0	0.0	0.0	0.0	0.0	0.0	0.0	3.177E-4	3.312E-4	0.0	0.0	0.0	0.0	0.0	0.0	0.0	0.0	0.0	0.0	0.0	0.0	0.0	0.0	0.0	0.0	0.0	0.0	0.0	0.0	6.057E-4	0.0	0.0	0.0	0.0	0.0	0.0	0.0	0.0	0.0	0.0	0.0	0.0	0.0	
Fauvette de Moltoni, F. passerinette ou F. des Balkans	0.0	0.0	0.0	0.0	0.0	0.0	0.0	0.0	0.0	0.0	0.0	0.0	0.0	0.0	0.0	0.0	3.426E-4	0.0	0.0	0.0	0.0	0.0	0.0	0.0	0.0	0.0	0.0	0.0	0.0	0.0	0.0	0.0	0.0	0.0	0.0	0.0	0.0	0.0	0.0	0.0	0.0	0.0	0.0	0.0	0.0	0.0	0.0	0.0	
Fauvette grisette	0.0	0.0	0.0	0.0	0.0	0.0	0.0	0.0	0.0	0.0	0.0074969	0.0087527	0.019695	0.0284863	0.029734	0.0477254	0.024666	0.0097697	0.0030316	0.0011099	0.0017503	0.0021775	0.003123	0.0015068	6.54E-4	0.0019854	0.0	0.0023641	0.0042735	0.0023781	0.0087664	0.0098963	0.0266836	0.0294118	0.0205936	0.018565	0.0131497	0.0052826	0.0011969	4.651E-4	0.0	0.0	0.0	0.0	0.0	0.0	0.0	0.0	
Fauvette à lunettes	0.0	4.214E-4	0.0	0.0	0.0	0.0	0.0	0.0015	4.621E-4	0.0015817	0.0054144	0.0038901	0.0038119	0.0072872	0.0053208	0.0080938	0.008222	0.0108165	0.0090948	0.0099889	0.012252	0.011976	0.0131168	0.0080362	0.0058862	0.0072799	0.0056391	0.0099291	0.0042735	0.0035672	0.0018785	0.0028275	0.0031766	0.0036765	0.0048455	0.004014	0.0018785	0.0036978	5.984E-4	0.0	0.0	0.0	0.0	0.0	0.0	0.0	0.0	0.0	
Fauvette pitchou	0.0748408	0.0695322	0.0518868	0.0559618	0.0527233	0.0445916	0.0457491	0.0264901	0.0212569	0.0288652	0.0324865	0.0223681	0.021601	0.0139119	0.0159624	0.0198158	0.0191847	0.0244243	0.0277176	0.0340363	0.029755	0.0353838	0.0312305	0.0226017	0.0274689	0.0185308	0.018797	0.0255319	0.011396	0.0130797	0.0137758	0.0174364	0.0184244	0.0159314	0.0211993	0.0230808	0.0325611	0.0406762	0.0616397	0.0534884	0.0709719	0.0794872	0.0674079	0.0788644	0.0709181	0.0578915	0.0689877	0.0709565	
Fauvette des Baléares	0.0	0.0	0.0	0.0	0.0	0.0	0.0	0.0	0.0	0.0	0.0	0.0	0.0	0.0	0.0	0.0	0.0	0.0	0.0	0.0	0.0	0.0	0.0	0.0	0.0	0.0	0.0	0.0	0.0	0.0	0.0	0.0	0.0	0.0	0.0	0.0015053	0.0	0.0	0.0	0.0	0.0	0.0	0.0	5.258E-4	0.0	0.0	0.0	3.478E-4	
Curruca sp.	0.0	0.0	0.0	0.0	0.0	0.0	0.0	0.0	0.0	0.0	0.0	0.0	6.353E-4	0.0	3.13E-4	0.0	6.852E-4	0.0	0.0	0.0	0.0	0.0	0.0	0.0	0.0	6.618E-4	0.0	0.0	0.0	0.0	0.0	4.713E-4	0.0	0.0012255	0.0	5.018E-4	6.262E-4	0.0	0.0	0.0	0.0	0.0	0.0	0.0	0.0	0.0	0.0	0.0	
Sylvia ou Curruca sp.	0.0015924	8.428E-4	8.576E-4	0.0015898	0.0017429	0.0015	7.625E-4	0.0012417	0.0013863	0.0011862	0.001666	0.0017019	0.0012706	0.0016562	6.26E-4	0.002791	0.0013703	0.0013957	4.331E-4	0.0014798	0.0035006	0.0021775	0.0012492	5.023E-4	0.0026161	0.0026473	0.0025063	0.0014184	0.0014245	0.0023781	0.0031309	0.00377	0.0044473	0.002451	0.0042399	0.0030105	0.0018785	0.0010565	0.0011969	0.0018605	0.0038363	0.0012821	6.949E-4	5.258E-4	5.498E-4	0.0024375	6.447E-4	0.0010435	
Roitelet huppé	0.0082803	0.0096924	0.0077187	0.0069952	0.004793	0.005298	0.0057186	0.0057947	0.004159	0.0023725	0.002499	0.0	0.0	3.312E-4	0.0	0.0	0.0	0.0	0.0	0.0	0.0	0.0	0.0	0.0	0.0	0.0	0.0	0.0	0.0	0.0	0.0	0.0015	0.0	6.127E-4	0.0	0.0	0.0	0.0010565	5.984E-4	0.0013953	0.0038363	0.0108974	0.0145935	0.0120925	0.0120946	0.0115783	0.0077369	0.0093913	
Roitelet à triple bandeau	0.0305732	0.0332912	0.030446	0.0381558	0.0344227	0.0410596	0.0442242	0.0413907	0.0295749	0.0423092	0.0445648	0.0357403	0.0473316	0.0380921	0.0391236	0.0418644	0.0548133	0.0464061	0.0554353	0.0688124	0.0670945	0.0593359	0.0430981	0.0371673	0.029431	0.0311052	0.0288221	0.0293144	0.0192308	0.0214031	0.0281778	0.0259189	0.0304956	0.0392157	0.0272562	0.0376317	0.0350657	0.0496566	0.05386	0.052093	0.0428389	0.0467949	0.0465601	0.0452156	0.0335349	0.0341255	0.0425532	0.04	
Roitelet huppé ou R. à triple bandeau	9.554E-4	0.0	8.576E-4	0.0	0.0	4.415E-4	3.812E-4	0.0	4.621E-4	0.0	0.0	2.431E-4	0.0	0.0	0.0	2.791E-4	0.0	0.0	0.0	0.0	0.0	0.0	0.0	0.0	0.0	0.0	0.0	0.0	0.0	0.0	0.0	0.0015	0.0	0.0	6.057E-4	0.0	0.0	0.0	0.0	0.0	0.0	0.0	6.949E-4	0.0	5.498E-4	0.0012188	0.0019342	3.478E-4	
Tichodrome échelette	0.0019108	0.002107	4.288E-4	0.0050874	0.004793	0.0013245	3.812E-4	4.139E-4	0.0	3.954E-4	8.33E-4	0.0015	3.177E-4	3.312E-4	0.0	0.0	0.0	0.0	0.0	0.0	0.0	0.0	0.0	0.0	0.0	0.0	0.0	0.0	0.0	0.0	0.0	0.0	0.0	0.0	0.0	0.0	0.0	0.0010565	5.984E-4	9.302E-4	0.0019182	0.0012821	0.0020848	0.0015773	0.0016493	0.0024375	6.447E-4	0.002087	
Sittelle torchepot	0.0063694	0.0037927	0.0017153	0.0054054	0.0030501	0.002649	0.0038124	0.0024834	0.0027726	0.0027679	0.0054144	0.0026744	0.0031766	0.0046373	0.0037559	0.002791	0.0030832	0.0031403	0.0060632	0.0066593	0.0058343	0.0054437	0.003123	0.0015068	0.0065402	0.0052945	0.0031328	0.0052009	0.0021368	0.0071344	0.0056356	0.00377	0.0069886	0.0073529	0.0030285	0.004014	0.0050094	0.0036978	0.0071813	0.0055814	0.0044757	0.0057692	0.0076442	0.0068349	0.0032985	0.0067032	0.0058027	0.0031304	
Grimpereau des jardins	0.066879	0.0737463	0.0626072	0.0747218	0.0949891	0.0852097	0.0934045	0.0827815	0.0683919	0.0771056	0.0787172	0.0792609	0.0857687	0.0781716	0.0807512	0.0823332	0.0911271	0.0949058	0.0991771	0.1194969	0.1277713	0.1252041	0.1005621	0.1064792	0.1059516	0.0747849	0.0657895	0.0761229	0.0662393	0.0760999	0.0776456	0.0900094	0.0800508	0.0863971	0.0775288	0.0797792	0.0707577	0.0839937	0.0831837	0.0711628	0.0620205	0.0910256	0.075747	0.0715037	0.0593733	0.0688605	0.0754352	0.0678261	
Troglodyte mignon	0.0232484	0.020649	0.0201544	0.0174881	0.0230937	0.0339956	0.0274495	0.031457	0.0286506	0.0383551	0.0487297	0.0508145	0.0641677	0.0529977	0.057903	0.0499581	0.0620075	0.0579204	0.0671286	0.0710322	0.0735123	0.0707676	0.0574641	0.0351582	0.030739	0.0238253	0.0269424	0.0330969	0.0263533	0.0243757	0.0237946	0.0212064	0.0171537	0.0220588	0.021805	0.020572	0.0212899	0.0348653	0.0245362	0.0362791	0.0236573	0.0288462	0.0277971	0.0231335	0.0214404	0.023766	0.0257898	0.0243478	
Cincle plongeur	6.369E-4	4.214E-4	4.288E-4	0.0	0.0	8.83E-4	7.625E-4	8.278E-4	9.242E-4	3.954E-4	0.0	7.294E-4	3.177E-4	0.0013249	0.0	0.0	0.0010277	6.978E-4	0.0017324	0.0022198	5.834E-4	0.0027218	0.0012492	0.0015	0.0019621	0.0013236	6.266E-4	0.0015	7.123E-4	5.945E-4	0.0012523	0.001885	0.0	0.0	0.0	0.0	0.0012523	0.0	5.984E-4	0.0015	0.0	6.41E-4	0.0015	0.0	0.0015	0.0	0.0	0.0	
Étourneau sansonnet	0.2363057	0.2338812	0.2041166	0.2054054	0.1882353	0.1770419	0.1673656	0.156043	0.107671	0.0767102	0.0324865	0.0260151	0.0092122	0.005631	0.0025039	0.0022328	0.0023981	0.0	0.0	7.399E-4	0.0	0.0	0.0	0.0	0.0015	0.0019854	0.0025063	0.0042553	0.0071225	0.0184304	0.014402	0.0207352	0.0317662	0.0300245	0.0496669	0.0747617	0.1239825	0.1442155	0.198085	0.2283721	0.2468031	0.2435897	0.23836	0.2471083	0.2407916	0.2681292	0.2765957	0.2566957	
Étourneau unicolore	0.2987261	0.3219553	0.3113208	0.3236884	0.3381264	0.3324503	0.3316813	0.330298	0.3359519	0.3618031	0.3702624	0.3836616	0.3935832	0.4272938	0.4184664	0.4691599	0.4785886	0.4417306	0.4560416	0.4398816	0.4434072	0.379423	0.3635228	0.3445505	0.3270111	0.2739907	0.25	0.2680851	0.287037	0.2711058	0.3036944	0.3232799	0.3449809	0.379902	0.3688674	0.3838435	0.3901064	0.3798204	0.3764213	0.3781395	0.331202	0.3480769	0.3293954	0.3222923	0.3216053	0.337599	0.3578337	0.338087	
Étourneau sansonnet ou É. unicolore	0.0442675	0.0463548	0.037307	0.0403816	0.037037	0.0379691	0.0385055	0.0393212	0.0355823	0.0225386	0.0166597	0.0085096	0.0054003	0.0052998	0.0050078	0.0041864	0.0037684	0.0034892	0.0038978	0.0055494	0.0017503	0.0021775	0.0037477	0.0070316	0.0019621	0.0092654	0.004386	0.0094563	0.0042735	0.0053508	0.0131497	0.0164939	0.0203304	0.0269608	0.0339188	0.0386352	0.0482154	0.0369783	0.0496709	0.0646512	0.0613811	0.0538462	0.0583739	0.0630915	0.0582738	0.0481414	0.0664088	0.0566957	
Étourneau roselin	0.0	0.0025284	0.0	0.0	0.0	0.0	0.0	0.0	0.0	0.0	0.0	0.0	0.0	0.0	0.0	0.0015	0.0	0.0	0.0	0.0	0.0	0.0	0.0	0.0	0.0	0.0	0.0	0.0	0.0	0.0	0.0	0.0	0.0	0.0	0.0	0.0	0.0	0.0	0.0	0.0	6.394E-4	0.0	0.0	0.0	0.0	0.0	0.0	0.0	
Moqueur chat	0.0	0.0	0.0	0.0	0.0	0.0	0.0	0.0	0.0	0.0	0.0	0.0	0.0	0.0	0.0	0.0	0.0010277	0.0	0.0	0.0	0.0	0.0	0.0	0.0	0.0	0.0	0.0	0.0	0.0	0.0	0.0	0.0	0.0	0.0	0.0	0.0	0.0	0.0	0.0	0.0	0.0	0.0	0.0	0.0	0.0	0.0	0.0	0.0	
Grive draine	0.0474522	0.0484619	0.035163	0.0413355	0.0466231	0.0392936	0.0373618	0.0376656	0.0304991	0.0288652	0.0345689	0.0262582	0.0292249	0.0284863	0.0253521	0.0337706	0.0280918	0.0474529	0.0311823	0.0373659	0.0437573	0.0468155	0.0418488	0.0331492	0.0340092	0.0218398	0.018797	0.0217494	0.0135328	0.0231867	0.0162805	0.0141376	0.0171537	0.0128676	0.0102968	0.0190667	0.025047	0.0290544	0.0341113	0.0465116	0.0441176	0.0474359	0.0535094	0.0509989	0.0346344	0.0493601	0.0509349	0.050087	
Grive musicienne	0.1426752	0.1474926	0.1333619	0.1319555	0.1376906	0.1214128	0.119329	0.1216887	0.1261553	0.1051799	0.0924615	0.0644299	0.0365311	0.0284863	0.0172144	0.0184203	0.0095923	0.0118632	0.009961	0.0151683	0.0192532	0.0190528	0.0162399	0.0075339	0.0111184	0.0132363	0.0031328	0.0018913	0.0014245	0.0023781	0.0012523	0.00377	0.0063532	0.0042892	0.0036342	0.0120421	0.0331872	0.1019546	0.138839	0.2009302	0.2039642	0.1891026	0.1688673	0.1561514	0.1247938	0.1492992	0.1644101	0.1495652	
Grive mauvis	0.0238854	0.0214918	0.0180103	0.0108108	0.0213508	0.0189845	0.0152497	0.0082781	0.0083179	0.0051404	0.0012495	2.431E-4	0.0	3.312E-4	3.13E-4	2.791E-4	0.0	0.0	0.0	0.0	0.0	0.0	0.0	0.0	0.0	0.0	0.0	0.0	0.0	0.0	0.0	0.0	0.0	0.0	0.0	0.0	0.0	0.0015848	0.0035907	0.0106977	0.0127877	0.0153846	0.0250174	0.0226078	0.0186916	0.0225472	0.0251451	0.0250435	
Merle noir	0.3675159	0.3716814	0.3919383	0.3984102	0.4305011	0.3960265	0.4048799	0.410596	0.4205176	0.432582	0.4485631	0.4519815	0.4552097	0.4928784	0.4967136	0.4987441	0.5087359	0.5226797	0.5084452	0.5530892	0.5513419	0.519325	0.5146783	0.4912104	0.4368869	0.3706155	0.3270677	0.3309693	0.2934473	0.2669441	0.2561052	0.2643732	0.2878018	0.2922794	0.2998183	0.3166081	0.3456481	0.3586899	0.4093357	0.4213953	0.3900256	0.3865385	0.3974983	0.3790747	0.3556899	0.3723339	0.3913604	0.3996522	
Grive litorne	0.0050955	0.0075853	0.0051458	0.0038156	0.0039216	0.0030905	0.0030499	0.0028974	0.0018484	0.0	4.165E-4	0.0	0.0	0.0	0.0	0.0	0.0	0.0	0.0	0.0	0.0	0.0	0.0	0.0	0.0	0.0	0.0	0.0	0.0	0.0	0.0	0.0	0.0	0.0	0.0	0.0	0.0	0.0	0.0	4.651E-4	6.394E-4	6.41E-4	0.0013899	0.0042061	0.0049478	0.0067032	0.0032237	0.008	
Merle à plastron	0.016242	0.0176991	0.009434	0.0130366	0.0130719	0.012362	0.0099123	0.0053808	0.0032348	0.0051404	0.0074969	0.0046195	0.0047649	0.0036436	0.001252	0.0	0.0015	0.0	0.0	0.0	0.0	0.0	0.0	0.0	0.0	0.0	0.0	0.0	0.0	0.0	0.0	0.0	0.0	0.0	6.057E-4	0.002007	0.0012523	0.0063391	0.0143627	0.0223256	0.0185422	0.0121795	0.0180681	0.0168244	0.0142936	0.0170628	0.0199871	0.0194783	
Turdus sp.	0.0015924	0.0012642	0.0012864	3.18E-4	8.715E-4	8.83E-4	7.625E-4	0.0012417	0.0	7.908E-4	0.0	4.863E-4	0.0	0.0	0.0	2.791E-4	0.0	3.489E-4	4.331E-4	3.7E-4	0.0	0.0	0.0	0.0	6.54E-4	0.0	0.0	4.728E-4	7.123E-4	5.945E-4	0.0015	0.0	0.0	0.0	0.0	0.0	0.0012523	5.283E-4	0.0	9.302E-4	0.0012788	0.0	0.0013899	0.002103	5.498E-4	0.0	0.0032237	0.0013913	
turdidé sp.	0.0	0.0	0.0	0.0	0.0	0.0	0.0	0.0	0.0	0.0	0.0	0.0	0.0	0.0	0.0	0.0	0.0	0.0	0.0	0.0	0.0	0.0	0.0	0.0	0.0	0.0	0.0	0.0	0.0	0.0	0.0	0.0	0.0	0.0	0.0	0.0	0.0	0.0	0.0	0.0	0.0	0.0	0.0013899	0.0	0.0	0.0	0.0	0.0	
Gobemouche gris	3.185E-4	4.214E-4	0.0	0.0	8.715E-4	8.83E-4	7.625E-4	4.139E-4	0.0015	7.908E-4	0.002499	0.0019451	0.0073062	0.0115932	0.0241002	0.0934971	0.1514217	0.1664341	0.1736683	0.208657	0.1907818	0.2003266	0.1998751	0.2204922	0.2419882	0.2217075	0.212406	0.2425532	0.2435897	0.2217598	0.1997495	0.2186616	0.203939	0.1752451	0.1405209	0.1098846	0.0732624	0.0470153	0.0335129	0.0148837	0.0038363	6.41E-4	6.949E-4	0.0015	0.0027488	6.094E-4	0.0015	3.478E-4	
Agrobate roux	0.0	0.0	0.0	0.0	0.0	0.0	0.0	0.0	0.0	0.0	0.0	0.0	0.0	0.0	0.0	0.0	3.426E-4	3.489E-4	8.662E-4	0.0014798	0.0023337	0.0015	0.0	5.023E-4	0.0026161	0.0015	0.0025063	4.728E-4	0.0	0.0	0.0	0.0	0.0	0.0	0.0	0.0	0.0	0.0	0.0	0.0	0.0	0.0	0.0	0.0	0.0	0.0	0.0	0.0	
Rougegorge familier	0.4792994	0.4972609	0.4639794	0.4794913	0.4601307	0.4181015	0.3995425	0.4010762	0.3914048	0.3353104	0.3219492	0.2555312	0.2042567	0.1348129	0.1039124	0.1029863	0.0894142	0.0861828	0.0913816	0.1139475	0.1114352	0.1121394	0.0905684	0.0788548	0.0712884	0.0575778	0.0551378	0.0751773	0.0705128	0.0600476	0.0807765	0.0758718	0.0819568	0.0980392	0.1029679	0.146011	0.2504696	0.4030639	0.5056852	0.6139535	0.5984655	0.6365385	0.6080612	0.5725552	0.5321605	0.5149299	0.5589942	0.5193043	
Rossignol philomèle	0.0	0.0	0.0	0.0	0.0	0.0	0.0	0.0	0.0	3.954E-4	0.0020825	0.0170192	0.0860864	0.1682676	0.2356808	0.26235	0.2517986	0.2292394	0.221741	0.2230855	0.2333722	0.1807295	0.1467833	0.0954294	0.058862	0.039047	0.0413534	0.0241135	0.0334758	0.0445898	0.0582342	0.0551367	0.0457433	0.0330882	0.0163537	0.0065228	0.003757	0.0010565	0.0011969	9.302E-4	0.0	0.0	0.0	0.0	0.0	0.0	0.0	0.0	
Gorgebleue à miroir	0.0910828	0.079646	0.0844768	0.082035	0.0849673	0.0635762	0.0789173	0.0914735	0.0836414	0.0901542	0.0603915	0.0342815	0.0127065	0.0016562	6.26E-4	0.0	0.0	0.0	0.0	0.0	0.0	0.0	0.0	0.0	0.0	0.0	0.0	0.0	0.0	0.0	0.0025047	0.0098963	0.0247776	0.0300245	0.0484555	0.0647265	0.082655	0.1156894	0.1101137	0.1032558	0.084399	0.1	0.075747	0.0946372	0.1050027	0.0761731	0.0954223	0.1029565	
Gobemouche nain	0.0	0.0	4.288E-4	6.359E-4	0.0	0.0	0.0	0.0	0.0	0.0	0.0	0.0	0.0	0.0	0.0	0.0	0.0	0.0	0.0	0.0	0.0	0.0	0.0	0.0	0.0	0.0	0.0	0.0	0.0	0.0	0.0	4.713E-4	0.0	0.0	0.0	0.0	0.0	0.0	0.0	0.0015	6.394E-4	0.0	0.0	0.0	0.0	0.0	0.0	0.0	
Gobemouche noir	0.0	0.0	0.0	0.0	0.0	0.0	0.0	0.0	0.0	0.0	8.33E-4	0.0034038	0.0200127	0.0864525	0.1017214	0.1588055	0.0890716	0.0348918	0.0095279	0.0040696	0.0015	0.0	6.246E-4	0.0	0.0	6.618E-4	6.266E-4	0.0023641	0.0014245	0.0023781	0.0093926	0.0485391	0.090216	0.1237745	0.1247729	0.0993477	0.0644959	0.0258848	0.0131658	0.0023256	6.394E-4	0.0	0.0	0.0	0.0	0.0	0.0	3.478E-4	
Gobemouche à collier	0.0	0.0	0.0	0.0	0.0	0.0	0.0	0.0	0.0	0.0	0.0	0.0	0.0	0.0	0.0	2.791E-4	0.0	0.0	0.0	0.0	0.0	0.0	0.0	0.0	0.0	0.0	0.0	0.0	0.0	0.0	0.0	0.0	0.0	0.0	0.0	0.0	0.0	0.0	0.0	0.0	0.0	0.0	0.0	0.0	0.0	0.0	0.0	0.0	
Ficedula sp.	0.0	0.0	0.0	0.0	0.0	0.0	0.0	0.0	0.0	0.0	0.0	0.0	0.0	0.0013249	6.26E-4	5.582E-4	0.0015	0.0	0.0	0.0	5.834E-4	0.0	0.0	0.0	6.54E-4	0.0	0.0	0.0	0.0014245	0.0	6.262E-4	0.0	0.0	0.0	0.0012114	5.018E-4	0.0	0.0	5.984E-4	0.0	0.0	0.0	0.0	0.0	0.0	0.0	0.0	0.0	
Rougequeue de Moussier	0.0	0.0	0.0	0.0	0.0	0.0	0.0	0.0	0.004159	0.0051404	0.0	0.0060783	0.0	0.0	0.0	0.0	0.0	0.0	0.0	0.0	0.0	0.0	0.0	0.0	0.0	0.0	0.0	0.0	0.0	0.0	0.0	0.0	0.0	0.0	0.0	0.0	0.0	0.0	0.0	0.0	0.0	0.0	0.0	0.0	0.0	0.0	0.0	0.0	
Rougequeue à front blanc	0.0	0.0	0.0	0.0	0.0	0.0	0.0	0.0015	4.621E-4	0.004745	0.028738	0.0583516	0.0810038	0.0622723	0.0463224	0.0541446	0.0373416	0.0108165	0.0038978	0.0011099	0.0	0.0	6.246E-4	0.0	0.0	0.0	0.0	0.0	0.0	5.945E-4	0.003757	0.0202639	0.0336722	0.0557598	0.0787402	0.0702459	0.0738885	0.0491284	0.0185518	0.0106977	6.394E-4	6.41E-4	0.0	0.0	5.498E-4	0.0	0.0	0.0	
Rougequeue noir	0.4904459	0.4917826	0.4596913	0.4693164	0.4662309	0.4291391	0.3968738	0.4002483	0.4020333	0.3764334	0.3027905	0.1908583	0.091169	0.0533289	0.0394366	0.0326542	0.0428229	0.0474529	0.0528367	0.0558639	0.0606768	0.0620577	0.0524672	0.0577599	0.0431655	0.0436797	0.0263158	0.0340426	0.0363248	0.0344828	0.0344396	0.0329877	0.0279543	0.028799	0.0260448	0.0291019	0.0463369	0.1082937	0.171155	0.375814	0.4955243	0.5365385	0.5399583	0.5241851	0.473337	0.4832419	0.5170858	0.496	
Rougequeue à front blanc ou R. noir	0.0	0.0	0.0	0.0	0.0	0.0	0.0	0.0	0.0	0.0	0.0	0.0	0.0	0.0	0.0	0.0	0.0	0.0	0.0	0.0	0.0	0.0	0.0	0.0	0.0	0.0	0.0	0.0	0.0	0.0	0.0	0.0	0.0	0.0	0.0	0.0	0.0	0.0015	0.0	0.0	0.0	0.0	0.0	0.0	0.0	0.0	0.0	0.0	
rougequeue sp.	0.0	0.0	0.0	0.0	0.0	0.0	0.0	0.0	0.0	0.0	0.0	0.0	0.0	0.0	0.0	0.0	0.0	0.0	0.0	0.0	5.834E-4	0.0	0.0	0.0	0.0	0.0	0.0	0.0	0.0	0.0	0.0	0.0	0.0	0.0	0.0	5.018E-4	0.0	0.0	0.0	0.0	0.0	0.0	0.0	0.0	0.0	0.0	0.0	0.0	
Monticole de roche	0.0	0.0	0.0	0.0	0.0	0.0	0.0	0.0	0.0	0.0	0.0	0.0	0.0015	3.312E-4	0.0018779	8.373E-4	0.0027407	0.0034892	0.0025985	0.0040696	0.0093349	0.0032662	0.0037477	0.0035158	0.0039241	0.0052945	0.0018797	0.0033097	0.002849	5.945E-4	6.262E-4	0.0	0.0	0.0018382	0.0018171	0.0	6.262E-4	5.283E-4	0.0	0.0	0.0	0.0	0.0	0.0	0.0	0.0	0.0	6.957E-4	
Monticole bleu	0.0328025	0.0290771	0.0308748	0.0213037	0.0422658	0.0225166	0.0247808	0.0306291	0.0231054	0.0383551	0.0445648	0.0486263	0.0549555	0.0390858	0.0403756	0.0460508	0.047619	0.0523378	0.0524036	0.0595634	0.0554259	0.0582471	0.0362274	0.0436966	0.0313931	0.0205162	0.0225564	0.027896	0.019943	0.0142687	0.0187852	0.0183789	0.0184244	0.0294118	0.0302847	0.0296036	0.0356919	0.0417327	0.037702	0.0390698	0.0300512	0.0352564	0.0326616	0.0262881	0.0280374	0.0262035	0.0257898	0.0309565	
monticole sp.	0.0	0.0	0.0	0.0	0.0	0.0	0.0	0.0	0.0	0.0	0.0	0.0	0.0	0.0	0.0	0.0	0.0	0.0	0.0	0.0	0.0	0.0	6.246E-4	0.0	0.0	0.0	0.0	0.0	0.0	0.0	0.0	0.0	0.0	0.0	0.0	0.0	0.0	0.0	0.0	0.0	0.0	0.0	0.0	0.0	0.0	0.0	0.0	0.0	
Tarier des prés	0.0	0.0	0.0015	3.18E-4	0.0	0.0	0.0	0.0	4.621E-4	7.908E-4	4.165E-4	0.0041332	0.0073062	0.0205366	0.0306729	0.0457717	0.0260363	0.0118632	0.0043309	7.399E-4	0.0	0.0	0.0	0.0	0.0	0.0	0.0	0.0	0.0	0.0	6.262E-4	0.005655	0.0165184	0.0379902	0.0442156	0.039137	0.0225423	0.0195457	0.005386	0.0013953	6.394E-4	0.0	0.0015	0.0	0.0	0.0	0.0	0.0	
Tarier pâtre	0.3802548	0.3729456	0.3301887	0.3478537	0.3267974	0.3209713	0.2954632	0.2748344	0.2407579	0.2123369	0.1145356	0.096037	0.0924396	0.0685658	0.0676056	0.0778677	0.0757109	0.0753664	0.0736249	0.0858306	0.0770128	0.0805661	0.0893192	0.0818684	0.0627861	0.0549305	0.0432331	0.063357	0.0405983	0.0439952	0.0513463	0.065033	0.0654384	0.0692402	0.0684434	0.0692423	0.1358798	0.2482831	0.3381209	0.3855814	0.3861893	0.3730769	0.3801251	0.3774974	0.3892248	0.3583181	0.4003868	0.4125217	
Traquet motteux	0.0	0.0	0.0	0.0	0.0	0.0	0.0	0.0	0.0013863	0.0055358	0.0141608	0.0213956	0.0492376	0.0467042	0.0553991	0.0686575	0.0500171	0.0331472	0.0203551	0.0258972	0.0268378	0.0185084	0.0231106	0.0220994	0.0156965	0.017869	0.0112782	0.020331	0.0149573	0.0160523	0.0237946	0.0249764	0.043202	0.0716912	0.0805572	0.0712494	0.0594865	0.0628632	0.0209455	0.0167442	0.0095908	0.0019231	0.0	0.0	0.0	0.0	0.0	0.0	
Traquet isabelle	0.0	0.0	0.0	0.0	0.0148148	0.0048565	0.0	0.0	0.0	0.0	0.0	0.0	0.0069886	0.0029811	0.0	0.0	0.0	0.0	0.0	0.0	0.0	0.0	0.0	0.0	0.0	0.0	0.0	0.0	0.0	0.0	0.0	0.0	0.0	0.0	0.0	0.0	0.0	0.0	0.0	0.0	0.0	0.0	0.0	0.0	0.0	0.0	0.0	0.0	
Traquet oreillard	0.0	0.0	0.0	0.0	0.0	0.0	0.0	0.0	0.0	0.0019771	0.0133278	0.0179917	0.0400254	0.0284863	0.027856	0.0287469	0.0267215	0.0181438	0.0316154	0.0325564	0.0268378	0.0304845	0.0218613	0.0125565	0.0196207	0.0099272	0.0081454	0.0108747	0.0099715	0.0095125	0.0100188	0.0122526	0.0108005	0.0018382	0.0042399	0.0015053	0.0012523	5.283E-4	0.0	0.0	0.0	0.0	0.0	0.0	0.0	0.0	0.0	0.0	
Traquet rieur	0.0207006	0.0164349	0.0222985	0.0174881	0.0217865	0.019426	0.0221121	0.0169702	0.0212569	0.0253064	0.0291545	0.029662	0.0298602	0.0202054	0.0237872	0.0265141	0.0318602	0.0261689	0.0272845	0.0384758	0.0326721	0.0272183	0.0218613	0.0286288	0.0274689	0.0258107	0.0244361	0.0241135	0.022792	0.020214	0.0244208	0.0245052	0.0158831	0.0134804	0.0199879	0.0160562	0.018159	0.0179609	0.0251346	0.0181395	0.0223785	0.0185897	0.009729	0.0173502	0.0148433	0.0201097	0.0180529	0.0205217	
Oenanthe sp.	0.0	0.0	0.0	0.0	0.0	0.0	0.0	4.139E-4	4.621E-4	0.0	0.0	2.431E-4	6.353E-4	0.0	0.0	2.791E-4	3.426E-4	0.0	0.0	0.0	0.0	0.0	0.0	0.0	6.54E-4	0.0	0.0	0.0	0.0	0.0	6.262E-4	0.0	0.0	0.0015	6.057E-4	0.0	0.0	0.0	0.0	0.0	0.0	0.0	0.0	0.0	0.0	6.094E-4	0.0	0.0	
Tisserin à tête noire	0.0	0.0	0.0	0.0	0.0	0.0	0.0	0.0	0.0	0.0	0.0	0.0	0.0	0.0	0.0	0.0	0.0	0.0	0.0	0.0	5.834E-4	0.0	0.0	0.0	0.0	0.0	0.0	0.0	0.0	0.0	0.0	0.0	0.0	0.0	0.0	0.0	0.0	0.0	0.0	0.0	0.0	0.0	0.0	0.0	0.0	0.0	0.0	0.0	
Euplecte vorabé	0.0	0.0	0.0	0.0	0.0	0.0	0.0	0.0	0.0	0.0	0.0	0.0	0.0	0.0	0.0	0.0	0.0	0.0	0.0	0.0	0.0	0.0	0.0	0.0	0.0	0.0	0.0	0.0	0.0	0.0	6.262E-4	0.0	0.0	6.127E-4	0.0	0.0	0.0	5.283E-4	0.0	4.651E-4	0.0	0.0	0.0	5.258E-4	0.0	0.0	0.0	0.0	
Diamant mandarin	0.0	0.0	0.0	0.0	0.0	0.0	0.0	0.0015	0.0015	0.0	0.0	0.0	0.0	0.0	0.0015	0.0	0.0	0.0015	0.0	0.0	0.0	0.0	0.0	0.0	0.0	0.0	0.0	0.0	7.123E-4	0.0	0.0015	0.0	6.353E-4	0.0	0.0	5.018E-4	0.0	0.0	0.0	0.0	0.0	0.0015	0.0	0.0	0.0	0.0	0.0	0.0	
Capucin bec-d'argent	0.0	0.0	0.0	0.0	0.0	0.0	0.0	0.0	0.0	0.0	0.0	0.0	0.0	0.0	0.0	0.0	0.0	0.0	0.0	0.0	0.0	0.0	0.0	0.0	0.0	0.0	0.0	0.0	0.0	0.0	0.0	0.0	0.0	0.0	0.0	0.0	0.0	0.0	0.0	0.0	0.0	0.0	0.0	0.0	0.0	0.0	0.0	0.0	
Astrild à joues orange	6.369E-4	0.0025284	0.0015	0.0015	4.357E-4	8.83E-4	0.0	4.139E-4	0.0	0.0	8.33E-4	2.431E-4	0.0015	6.625E-4	6.26E-4	2.791E-4	3.426E-4	3.489E-4	0.0012993	0.0022198	0.0017503	5.444E-4	0.0012492	0.0010045	0.0015	0.0026473	0.0012531	0.0028369	7.123E-4	0.0017836	0.0012523	0.0014138	0.001906	0.0012255	0.0036342	0.0035123	6.262E-4	0.0042261	0.0023938	0.0037209	0.0025575	0.0032051	0.0055594	0.0026288	0.0032985	0.0024375	0.0019342	0.0031304	
Astrild ondulé	0.0238854	0.0231774	0.0214408	0.0213037	0.0187364	0.01766	0.0175372	0.0153146	0.0189464	0.0209569	0.0254061	0.020423	0.0270013	0.0231865	0.0256651	0.023444	0.0188421	0.0177948	0.019922	0.0170181	0.0204201	0.011976	0.0149906	0.0160723	0.0189666	0.017869	0.0269424	0.0288416	0.042735	0.0410226	0.0450845	0.0518379	0.0393901	0.0453431	0.0648092	0.0561967	0.0544771	0.0633914	0.0568522	0.055814	0.0620205	0.0525641	0.0590688	0.0425868	0.0500275	0.0457038	0.0425532	0.034087	
Accenteur alpin	0.0127389	0.0160135	0.0107204	0.0127186	0.0091503	0.0092715	0.0053374	0.0070364	0.0046211	0.0023725	0.0037484	0.0012157	0.0031766	6.625E-4	3.13E-4	0.0	0.0015	0.0	0.0	0.0	0.0	0.0	0.0	0.0	0.0	0.0	0.0	0.0	0.0	0.0	0.0	0.0	0.0	6.127E-4	0.0	0.0	0.0	0.0	0.0029922	0.0083721	0.0038363	0.0108974	0.0159833	0.0147213	0.0126443	0.0127971	0.0128949	0.0184348	
Accenteur mouchet	0.0124204	0.0198062	0.0205832	0.0133545	0.0183007	0.0119205	0.0102936	0.0111755	0.0124769	0.006722	0.0045814	0.0012157	0.0025413	0.0013249	3.13E-4	0.0013955	6.852E-4	3.489E-4	0.0	7.399E-4	0.0	5.444E-4	6.246E-4	0.0010045	0.0015	0.0013236	0.0	0.0018913	7.123E-4	5.945E-4	0.0015	0.0	0.0	0.0	0.0	0.0	0.0	5.283E-4	0.0029922	0.0144186	0.0191816	0.0198718	0.0180681	0.0162986	0.0126443	0.0164534	0.0174081	0.0173913	
Moineau domestique	0.4426752	0.4593342	0.4528302	0.454372	0.469281	0.4816777	0.4765536	0.4834437	0.5004621	0.5029656	0.5085381	0.5387795	0.5476493	0.5833057	0.5784038	0.6187552	0.6142515	0.5997906	0.5872672	0.5978542	0.6353559	0.5552531	0.5915053	0.6022099	0.6088947	0.5751158	0.5682957	0.5758865	0.5320513	0.5041617	0.4877896	0.4651272	0.4485388	0.4362745	0.436705	0.446563	0.4865373	0.4622293	0.459605	0.4990698	0.4699488	0.449359	0.4391939	0.4421661	0.4425509	0.4594759	0.4771115	0.466087	
Moineau espagnol	9.554E-4	8.428E-4	0.0012864	0.0019078	0.004793	0.0030905	0.0019062	0.0012417	0.0018484	0.0027679	0.001666	0.0031607	6.353E-4	0.0	9.39E-4	0.0025119	0.0013703	0.0017446	8.662E-4	0.0011099	0.0035006	5.444E-4	0.0024984	0.002009	0.001308	6.618E-4	0.0012531	0.0015	0.0014245	0.0	6.262E-4	0.0	0.0	0.0	0.0030285	0.0010035	0.0012523	0.002113	0.0035907	4.651E-4	0.0031969	0.0025641	0.0034746	0.0036803	0.002199	0.0024375	0.0019342	0.002087	
Hybride Moineau domestique x M. espagnol	0.0	0.0	0.0	0.0	0.0	0.0	0.0	0.0	0.0	0.0	0.0	0.0	0.0	0.0	3.13E-4	0.0	0.0	0.0	0.0	0.0	0.0	0.0	0.0	0.0	0.0	0.0	0.0	0.0	0.0	0.0	0.0	0.0	0.0	0.0	0.0	0.0	0.0	0.0	0.0	0.0	0.0	0.0	0.0	0.0	0.0	0.0	0.0	0.0	
Moineau domestique ou M. espagnol	0.0	0.0	0.0	0.0	0.0	0.0	0.0	0.0	0.0	3.954E-4	0.0	0.0	0.0	0.0	0.0	0.0	3.426E-4	0.0	0.0	0.0	0.0	0.0	6.246E-4	0.0	0.0	6.618E-4	0.0	0.0015	0.0	0.0	0.0	0.0	0.0	0.0	0.0	0.0	0.0	0.0	0.0	0.0	0.0	0.0	0.0	5.258E-4	0.0	0.0	0.0	0.0	
Moineau friquet	0.0799363	0.0872314	0.0801887	0.0839428	0.0718954	0.0794702	0.0934045	0.0951987	0.0767098	0.1063662	0.0907955	0.0882567	0.1016518	0.1003644	0.1164319	0.1113592	0.1123672	0.111305	0.1043742	0.1080281	0.1056009	0.0941753	0.1161774	0.1059769	0.0791367	0.0794176	0.0657895	0.0742317	0.0861823	0.0743163	0.0695053	0.0721018	0.068615	0.0680147	0.0666263	0.0807827	0.1127113	0.1114633	0.1154997	0.1227907	0.1016624	0.1019231	0.0979847	0.0909569	0.0879604	0.0816575	0.0967118	0.1012174	
Moineau domestique ou M. friquet	0.0	0.0	0.0	0.0	0.0	0.0	0.0	0.0	0.0	0.0	0.0	0.0	0.0	0.0	0.0	0.0	0.0	0.0	0.0	0.0	0.0	0.0	0.0	0.0	0.0	0.0	0.0	0.0	0.0	0.0	0.0	0.0	0.0	0.0	0.0	0.0	0.0	0.0	0.0	0.0	0.0	0.0	0.0	5.258E-4	0.0	0.0	0.0	0.0	
Passer sp.	9.554E-4	0.0	0.0	0.0	0.0	0.0	3.812E-4	8.278E-4	4.621E-4	3.954E-4	4.165E-4	2.431E-4	9.53E-4	3.312E-4	9.39E-4	5.582E-4	0.0	0.0010468	8.662E-4	0.0018498	0.0011669	0.0021775	0.0	0.0	6.54E-4	6.618E-4	0.0	0.0	0.002849	0.0041617	6.262E-4	0.0	0.0	6.127E-4	0.0	0.0	0.0	0.0	5.984E-4	4.651E-4	0.0	0.0	6.949E-4	5.258E-4	5.498E-4	0.0	0.0	3.478E-4	
Moineau soulcie	0.010828	0.011378	0.0150086	0.0136725	0.0074074	0.007947	0.0114373	0.0120033	0.0115527	0.0150257	0.0166597	0.0179917	0.0203304	0.0175555	0.0206573	0.0270723	0.0256937	0.0380321	0.0316154	0.045505	0.0548425	0.0495373	0.051218	0.038674	0.0431655	0.0330907	0.0256892	0.0236407	0.0135328	0.020214	0.0169067	0.0117813	0.0165184	0.0128676	0.0090854	0.0120421	0.0118973	0.0195457	0.0101735	0.0181395	0.0147059	0.0128205	0.0152884	0.0147213	0.0093458	0.0085314	0.0161186	0.0121739	
Niverolle alpine	9.554E-4	8.428E-4	4.288E-4	6.359E-4	8.715E-4	8.83E-4	0.0	0.0	0.0	0.0	0.0	0.0	0.0	0.0	0.0	0.0	0.0	0.0	0.0	0.0	0.0	0.0	0.0	0.0	0.0	0.0	0.0	0.0	0.0	0.0	0.0	0.0	0.0	0.0	0.0	0.0	0.0	0.0	0.0	0.0	0.0	0.0012821	0.0015	0.0	0.0	6.094E-4	6.447E-4	6.957E-4	
Bergeronnette des ruisseaux	0.1343949	0.1495997	0.1350772	0.1310016	0.128976	0.1112583	0.117804	0.1059603	0.1030499	0.0589166	0.032903	0.0245563	0.0219187	0.0162305	0.0190923	0.0186994	0.0119904	0.0125611	0.0151581	0.018128	0.0169195	0.0174197	0.0181137	0.011552	0.0176586	0.0112508	0.0100251	0.0104019	0.0106838	0.0065398	0.0156544	0.0150801	0.0133418	0.0202206	0.0260448	0.0531862	0.1045711	0.1315372	0.1861161	0.192093	0.1713555	0.1564103	0.1577484	0.1577287	0.1572292	0.1456429	0.1470019	0.1481739	
Bergeronnette printanière	0.0095541	0.0067425	0.0072899	0.0104928	0.0039216	0.0030905	0.0095311	0.0140728	0.0221811	0.059312	0.0949604	0.1276441	0.1651842	0.1354753	0.1273865	0.1085682	0.084618	0.0582694	0.044175	0.0340363	0.0215869	0.0212303	0.028732	0.0291311	0.0261609	0.0165453	0.0213033	0.0335697	0.0434473	0.0576694	0.0820288	0.1093308	0.1645489	0.1795343	0.2059358	0.1620672	0.125861	0.0760697	0.0359066	0.024186	0.0089514	0.0057692	0.0013899	0.0057834	0.0060473	0.0036563	0.0064475	0.0107826	
Bergeronnette orientale	0.0	0.0	0.0	0.0	0.0	0.0	0.0	0.0	0.0	0.0	0.0	0.0	0.0	0.0	0.0	0.0	0.0	0.0	0.0	0.0	0.0	0.0	0.0	0.0	0.0	0.0	0.0	0.0	0.0	0.0	0.0	0.0	0.0	0.0	0.0	0.0	0.0	0.0	0.0	0.0	0.0	0.0	0.0	0.0	0.0	0.0	0.0	0.0013913	
Bergeronnette printanière ou B. orientale	3.185E-4	0.0	4.288E-4	0.0	0.0	0.0	0.0	0.0	0.0	0.0	0.0	0.0	0.0	0.0	0.0	0.0	0.0	0.0	0.0	0.0	0.0	0.0	0.0	0.0	0.0	0.0	0.0	0.0	0.0	0.0	0.0	0.0	0.0	0.0	0.0	0.0	0.0	0.0	0.0	0.0	0.0	0.0	0.0	0.0	0.0	0.0	0.0	6.957E-4	
Bergeronnette citrine	0.0	0.0	0.0	0.0	0.0	0.0015	0.0	0.0	0.0	0.0	0.0041649	4.863E-4	0.0	0.0	0.0	2.791E-4	0.0	0.0	0.0	0.0	0.0	0.0	0.0	0.0	0.0	0.0	0.0	0.0	0.0	0.0	0.0	0.0	0.0044473	0.0061275	0.0	0.0010035	0.0	0.0	0.0	0.0	0.0	0.0	0.0	0.0	0.0	0.0	0.0	0.0	
Bergeronnette grise	0.5681529	0.5646861	0.5690395	0.5675676	0.5416122	0.5373068	0.5131529	0.5376656	0.5471349	0.4922894	0.4348188	0.3581327	0.2795426	0.2427956	0.227856	0.227463	0.2034943	0.2142359	0.1853616	0.2019978	0.1936989	0.1910724	0.1980012	0.1813159	0.2007848	0.1932495	0.1867168	0.1820331	0.201567	0.1884661	0.1972448	0.1998115	0.22554	0.223652	0.2192611	0.2498746	0.2961803	0.3349181	0.3949731	0.5065116	0.5485934	0.5371795	0.5371786	0.5883281	0.5992303	0.5904936	0.6157318	0.5895652	
bergeronette sp.	3.185E-4	8.428E-4	4.288E-4	6.359E-4	0.0017429	8.83E-4	7.625E-4	0.0	4.621E-4	0.0	4.165E-4	2.431E-4	3.177E-4	3.312E-4	6.26E-4	0.0011164	0.0020555	0.0	8.662E-4	0.0	0.0011669	5.444E-4	0.0	0.0	0.0	0.0	0.0	4.728E-4	0.0014245	5.945E-4	0.0	0.001885	6.353E-4	0.0	0.0030285	0.0025088	0.0025047	5.283E-4	0.0011969	0.0023256	6.394E-4	0.0	0.0	5.258E-4	5.498E-4	0.0	0.0	6.957E-4	
Pipit de Richard	0.0028662	0.0046355	0.0034305	0.0022258	0.0013072	0.0013245	0.0015	4.139E-4	0.0023105	0.0019771	0.001666	0.0017019	0.0015883	0.0026499	9.39E-4	2.791E-4	0.0	0.0	0.0	0.0	0.0	0.0	0.0	0.0	0.0	0.0	0.0	0.0	0.0	0.0	0.0	0.0	0.0	0.0	0.0	0.0	0.0	5.283E-4	0.0017953	0.0032558	0.0031969	0.0025641	0.0013899	0.0031546	0.0032985	0.0042657	0.0045132	0.002087	
Pipit rousseline	0.0	0.0	0.0	0.0	0.0	0.0	0.0	0.0	0.0	0.0011862	0.0020825	0.0019451	0.0047649	0.0052998	0.0093897	0.0094893	0.0130182	0.0163992	0.0134257	0.0225675	0.0198366	0.022319	0.0237352	0.0210949	0.0170046	0.0172071	0.0100251	0.0165485	0.0078348	0.0124851	0.0112711	0.0080113	0.0120712	0.0153186	0.0102968	0.0085299	0.0012523	0.0	0.0	0.0	0.0	0.0	0.0	0.0	0.0	0.0	0.0	0.0	
Pipit farlouse	0.2815287	0.280236	0.2444254	0.2575517	0.243573	0.2534216	0.2256958	0.2446192	0.2439926	0.2423883	0.1957518	0.1609531	0.0984752	0.0324611	0.0090767	0.002791	6.852E-4	0.0	0.0	0.0	0.0	0.0	0.0	0.0	0.0	0.0	0.0	0.0	0.0	0.0	0.0	0.0	0.0	6.127E-4	0.0012114	0.002007	0.0100188	0.0581088	0.1855177	0.275814	0.2921995	0.2961538	0.2897846	0.3133544	0.3062122	0.2717855	0.3120567	0.3081739	
Pipit des arbres	0.0	0.0	0.0	0.0	0.0	0.0	0.0	0.0	0.0	0.0	0.001666	0.005592	0.0152478	0.0155681	0.0165884	0.011722	0.0099349	0.0034892	8.662E-4	0.0011099	0.0015	0.0	0.0	0.0	0.0	0.0015	0.0	0.0	0.0	0.0	0.0012523	0.00377	0.0165184	0.0324755	0.023622	0.0210738	0.0125235	0.0116218	0.0041891	0.0046512	6.394E-4	0.0	0.0	0.0	0.0	0.0	0.0	0.0	
Pipit à dos olive	0.0	0.0	0.0	0.0	0.0	0.0	0.0	0.0	0.0	0.0	0.0	0.0	0.0	0.0	0.0	0.0	0.0	0.0	0.0	0.0	0.0	0.0	0.0	0.0	0.0	0.0	0.0	0.0	0.0	0.0	0.0	0.0	0.0	0.0	0.0	0.0	0.0	0.0	0.0	0.0	0.0	0.0	0.0	0.0	0.0	0.0	0.0012895	0.0	
Pipit à gorge rousse	3.185E-4	8.428E-4	0.0	9.539E-4	0.0013072	0.0	0.0026687	4.139E-4	4.621E-4	0.0015817	0.0029155	0.0017019	0.0015883	0.0013249	0.0050078	0.0055819	0.0027407	3.489E-4	0.0	0.0	5.834E-4	0.0	0.0	0.0	0.0	0.0	0.0	0.0	0.0	0.0	0.0	0.0	0.0	0.0	0.0	0.0	0.0	0.0010565	0.0015	9.302E-4	0.0	0.0	0.0015	5.258E-4	0.0	0.0	0.0	3.478E-4	
Pipit spioncelle	0.0732484	0.0691108	0.0638937	0.0744038	0.0636166	0.0565121	0.0609989	0.0666391	0.0693161	0.0822459	0.0662224	0.0649161	0.0343075	0.0188804	0.0050078	0.0011164	0.0	0.0	0.0	0.0	0.0	0.0	0.0	0.0	0.0	0.0	0.0	0.0	0.0	0.0	0.0	0.0	0.0	0.0	0.0	0.0	0.0015	0.0047544	0.0203471	0.0576744	0.0594629	0.0692308	0.04795	0.0746583	0.0775151	0.055454	0.0689877	0.072	
Pipit maritime	0.0	0.0	4.288E-4	3.18E-4	0.0	0.0	0.0	0.0	0.0	0.0	0.0	0.0	0.0	0.0	0.0	0.0	0.0	0.0	0.0	0.0	0.0	0.0	0.0	0.0	0.0	0.0	0.0	0.0	0.0	0.0	0.0	0.0	0.0	0.0	0.0	0.0	0.0	0.0	0.0	0.0	0.0	0.0	0.0	0.0	0.0	0.0	0.0	0.0	
Anthus sp.	0.0019108	0.0016856	0.0025729	9.539E-4	0.0017429	4.415E-4	0.0019062	0.0024834	0.0013863	7.908E-4	0.0020825	0.0043764	0.0034943	0.0039748	0.0018779	0.0013955	6.852E-4	0.0	0.0	3.7E-4	0.0	0.0	0.0	0.0	0.0	6.618E-4	0.0	0.0	0.0	0.0	0.0	4.713E-4	6.353E-4	0.0018382	6.057E-4	5.018E-4	0.0018785	0.002113	0.0029922	0.0018605	0.0012788	0.0051282	0.0034746	0.002103	0.0010995	0.0012188	0.0032237	0.002087	
Pinson des arbres	0.3754777	0.3851665	0.3589194	0.3736089	0.362963	0.3099338	0.3267251	0.3278146	0.3123845	0.2752076	0.2253228	0.1519572	0.1184879	0.0887711	0.0932707	0.096288	0.0962658	0.1088625	0.1177999	0.1350351	0.1534422	0.1573217	0.1542786	0.1330989	0.1013734	0.0807412	0.0601504	0.0780142	0.0605413	0.0648038	0.0757671	0.0744581	0.0597205	0.064951	0.0642035	0.061716	0.0801503	0.1215003	0.2573309	0.3613953	0.3919437	0.3884615	0.3926338	0.3943218	0.3589885	0.3717246	0.410058	0.3944348	
Pinson du Nord	0.0085987	0.0080067	0.0055746	0.0054054	0.0052288	0.0057395	0.0038124	0.004553	0.0013863	0.0019771	0.0020825	9.725E-4	9.53E-4	3.312E-4	0.0	2.791E-4	0.0	0.0	0.0	0.0	0.0	0.0	0.0	0.0	0.0	0.0	0.0	0.0	0.0	0.0	0.0	0.0	0.0	0.0	0.0	0.0	0.0	5.283E-4	0.0	0.0088372	0.0057545	0.0076923	0.0132036	0.0084122	0.0054975	0.0036563	0.0109607	0.0052174	
Grosbec casse-noyaux	0.0152866	0.0143279	0.0141509	0.0133545	0.0152505	0.014128	0.0095311	0.009106	0.0115527	0.0083037	0.0083299	0.0119134	0.0057179	0.0023186	0.0015	2.791E-4	0.0	0.0	4.331E-4	0.0	0.0	0.0015	0.0	5.023E-4	0.0	0.0	0.0	9.456E-4	7.123E-4	0.0	0.0025047	0.001885	0.0	6.127E-4	0.0012114	0.0015053	0.0012523	0.0047544	0.0119689	0.0204651	0.0306905	0.0237179	0.0250174	0.0184017	0.0142936	0.0127971	0.0225661	0.0153043	
Roselin cramoisi	0.0	0.0	0.0	0.0	0.0	0.0	0.0	0.0	0.0	0.0	0.0	0.0	0.0	0.0	0.0	0.0	0.0	0.0	0.0	0.0	0.0	0.0	0.0	0.0	0.0	0.0	0.0	0.0	0.0	0.0	0.0	0.0	0.0	0.0	6.057E-4	5.018E-4	0.0015	0.0	0.0	0.0	0.0	0.0	0.0	0.0	0.0	0.0	0.0	0.0	
Roselin githagine	3.185E-4	0.0	0.0	0.0	0.0	0.0013245	0.0	0.0016556	0.0023105	0.0031633	0.0037484	0.0026744	0.002859	3.312E-4	6.26E-4	5.582E-4	0.0020555	0.0013957	0.0025985	0.0066593	0.004084	0.0032662	6.246E-4	0.0010045	0.001308	0.0013236	0.004386	9.456E-4	7.123E-4	0.0	0.0	4.713E-4	0.0012706	6.127E-4	6.057E-4	0.0015053	0.0	5.283E-4	0.0	0.0	0.0	0.0	0.0	0.0	0.0	0.0	0.0	3.478E-4	
Roselin familier	0.0	0.0	0.0	0.0	0.0	0.0	0.0	0.0	0.0	0.0	0.0	0.0	0.0	0.0	0.0	2.791E-4	0.0	0.0	0.0	0.0	0.0	0.0	0.0	0.0	0.0	0.0	0.0	0.0	0.0	0.0	0.0	0.0	0.0	0.0	0.0	0.0	0.0	0.0	0.0	0.0	0.0	0.0	0.0	0.0	0.0	0.0	0.0	0.0	
Verdier d'Europe	0.206051	0.2136536	0.214837	0.2337043	0.2422658	0.2273731	0.2649638	0.2918046	0.3003697	0.3262159	0.3544357	0.3608072	0.3678526	0.365684	0.342723	0.3589171	0.344296	0.3143754	0.2893027	0.309286	0.3243874	0.2879695	0.2648345	0.2682069	0.2485284	0.2131039	0.197995	0.1749409	0.1403134	0.1260404	0.1421415	0.1536287	0.1505718	0.1685049	0.1677771	0.1876568	0.212273	0.2255679	0.2651107	0.2813953	0.2480818	0.2121795	0.2070883	0.2060988	0.1891149	0.2090189	0.207608	0.2274783	
Linotte mélodieuse	0.1003185	0.1032448	0.0994854	0.0868045	0.0910675	0.0891832	0.0873046	0.0798841	0.0720887	0.1209964	0.1245314	0.1249696	0.1226175	0.1000331	0.0820031	0.0940553	0.0801644	0.0886253	0.0870507	0.0913799	0.0985998	0.0925422	0.1036852	0.0909091	0.0850229	0.0913302	0.0689223	0.0680851	0.0541311	0.0439952	0.0450845	0.0414703	0.0412961	0.0435049	0.0327075	0.0396387	0.0613651	0.1014263	0.1514063	0.1683721	0.1438619	0.1044872	0.1167477	0.1235542	0.0890599	0.102986	0.1031593	0.101913	
Bec-croisé des sapins	0.0289809	0.0332912	0.0283019	0.0282989	0.0352941	0.0269316	0.0308807	0.0206954	0.0221811	0.0166074	0.0220741	0.022125	0.0212834	0.0211991	0.0241002	0.0248395	0.0215827	0.0230286	0.0251191	0.027007	0.0309218	0.0375612	0.0374766	0.0351582	0.0261609	0.028458	0.018797	0.0312057	0.022792	0.0267539	0.0219161	0.0325165	0.0273189	0.0330882	0.0290733	0.0311089	0.028804	0.0306392	0.0400958	0.0427907	0.0345269	0.0339744	0.0340514	0.03102	0.0252886	0.0304692	0.0361057	0.0281739	
Chardonneret élégant	0.3372611	0.3320691	0.3289022	0.3338633	0.3446623	0.3461369	0.3678994	0.3845199	0.3687616	0.4215105	0.4294044	0.4476052	0.4390089	0.4461742	0.4353678	0.4485068	0.4511819	0.4263782	0.4231269	0.4461709	0.453909	0.4311377	0.427233	0.4339528	0.4068018	0.3587028	0.3320802	0.3479905	0.3062678	0.2859691	0.2811522	0.2879359	0.2719187	0.2689951	0.2562084	0.3040642	0.3262367	0.3217116	0.3602633	0.3730233	0.3785166	0.3608974	0.3662265	0.3533123	0.3369984	0.345521	0.3700838	0.3634783	
Venturon montagnard	0.0012739	0.0025284	0.0034305	0.0025437	0.0017429	8.83E-4	0.0019062	4.139E-4	0.0018484	0.0	4.165E-4	2.431E-4	0.0	0.0	0.0	0.0	0.0	0.0	8.662E-4	3.7E-4	0.0011669	0.0	0.0	5.023E-4	0.0	0.0	0.0	4.728E-4	0.0	0.0	0.0	0.0	0.0	0.0	0.0	0.0	0.0	0.0010565	0.0011969	0.0018605	0.0025575	0.0038462	0.0041696	0.002103	0.0016493	0.0042657	0.0032237	0.0017391	
Serin cini	0.3767516	0.3839022	0.3687822	0.3860095	0.4326797	0.4556291	0.4822722	0.4805464	0.4833641	0.5168051	0.544773	0.5487479	0.5390724	0.5521696	0.5402191	0.5492604	0.5467626	0.5324494	0.497618	0.5253422	0.5350058	0.4774088	0.4472205	0.3947765	0.3106606	0.2495036	0.1867168	0.1730496	0.1317664	0.1385256	0.1289919	0.1475024	0.1423126	0.1666667	0.134464	0.1620672	0.1959925	0.187533	0.2393776	0.3125581	0.2774936	0.2852564	0.2814454	0.2839117	0.2853216	0.3174893	0.3571889	0.3930435	
Serin des Canaries	0.0	0.0	0.0	0.0	0.0	0.0	3.812E-4	0.0	0.0	0.0	0.0	0.0	0.0	0.0	0.0	0.0	0.0	0.0	0.0	0.0	0.0	0.0	0.0	0.0	6.54E-4	0.0	0.0	0.0	0.0	0.0	0.0	0.0015	0.0	0.0	0.0	0.0	0.0	0.0	0.0	0.0	0.0	0.0	0.0	0.0	0.0	0.0	0.0	0.0	
Hybride Chardonneret élégant x Serin des Canaries	0.0	0.0	0.0	0.0	0.0	0.0	0.0	0.0	0.0	0.0	0.0	0.0	0.0	0.0	0.0	0.0	0.0	0.0	0.0	3.7E-4	0.0	0.0	0.0	0.0	0.0	0.0	0.0	0.0	0.0	0.0	0.0	0.0	0.0	0.0	0.0	0.0	0.0	0.0	0.0	0.0	0.0	0.0	0.0	0.0	0.0	0.0	0.0	0.0	
Tarin des aulnes	0.0582803	0.0564686	0.0480274	0.0489666	0.0666667	0.0375276	0.0430804	0.0438742	0.0374307	0.0367734	0.0437318	0.0301483	0.0247776	0.0119245	0.0021909	5.582E-4	3.426E-4	0.0	0.0	0.0	0.0	0.0	0.0	0.0	0.0	0.0	0.0	0.0	0.0	0.0	0.0	0.0	0.0	0.0015	0.0	5.018E-4	0.0018785	0.0126783	0.0436864	0.1013953	0.1361893	0.1423077	0.123697	0.0962145	0.0852117	0.0810481	0.0780142	0.0765217	
fringillidé sp.	0.0015	0.0	0.0012864	0.0012719	0.0	4.415E-4	7.625E-4	0.0016556	0.0	7.908E-4	8.33E-4	0.0012157	3.177E-4	3.312E-4	3.13E-4	8.373E-4	3.426E-4	3.489E-4	0.0	0.0	5.834E-4	5.444E-4	0.0015	5.023E-4	0.0	0.0	6.266E-4	4.728E-4	7.123E-4	0.0	6.262E-4	4.713E-4	6.353E-4	0.0	0.0	5.018E-4	0.0012523	0.0010565	0.0023938	0.0018605	0.0044757	0.0044872	0.0034746	0.0010515	0.002199	0.0030469	6.447E-4	6.957E-4	
Bruant des neiges	0.0	0.0	0.0	0.0	0.0026144	0.0030905	3.812E-4	0.0	0.0	0.0	0.0	0.0	0.0	0.0	0.0	0.0	0.0	0.0	0.0	0.0	0.0	0.0	0.0	0.0	0.0	0.0	0.0	0.0	0.0	0.0	0.0	0.0	0.0	0.0	0.0	0.0	0.0	0.0	0.0	0.0	0.0	0.0	0.0	0.0	0.0	0.0	0.0	0.0	
Bruant proyer	0.0210191	0.0176991	0.0150086	0.0133545	0.0139434	0.011479	0.0202059	0.0215232	0.0203327	0.0367734	0.0437318	0.0495988	0.0574968	0.0679033	0.0644757	0.070053	0.0613224	0.068388	0.0658294	0.0832408	0.071762	0.0631464	0.0474703	0.0311401	0.0228908	0.0158835	0.0131579	0.0085106	0.0128205	0.0130797	0.0118973	0.0094251	0.0095299	0.0098039	0.0060569	0.0095334	0.0131497	0.0179609	0.021544	0.0367442	0.0428389	0.0192308	0.0229326	0.0262881	0.0170423	0.0195003	0.0206319	0.0222609	
Bruant fou	0.0213376	0.0231774	0.0218696	0.0213037	0.0305011	0.0172185	0.0194434	0.0173841	0.0106285	0.0170028	0.0137443	0.0150742	0.0146125	0.0132494	0.0156495	0.017583	0.020555	0.0237264	0.0255522	0.0336663	0.0233372	0.0408274	0.0356027	0.0296334	0.0209287	0.0231635	0.0244361	0.0255319	0.0220798	0.0184304	0.0175329	0.0179076	0.0127065	0.0159314	0.0084797	0.0120421	0.0162805	0.0174326	0.0197487	0.0283721	0.0210997	0.0262821	0.0291869	0.0262881	0.0153931	0.0188909	0.0193424	0.0264348	
Bruant zizi	0.0235669	0.0176991	0.0154374	0.0187599	0.0217865	0.0145695	0.0186809	0.0161424	0.0115527	0.013444	0.0141608	0.0170192	0.0184244	0.0178867	0.0184664	0.0192576	0.0294621	0.0324494	0.0307492	0.0381058	0.0449242	0.0419162	0.0480949	0.0447012	0.0431655	0.0330907	0.0288221	0.0307329	0.0163818	0.0160523	0.0150282	0.0155514	0.0146125	0.0147059	0.0121139	0.0140492	0.0225423	0.0264131	0.0221424	0.0237209	0.0210997	0.0217949	0.0264072	0.0247108	0.0214404	0.0170628	0.0290135	0.0243478	
Bruant jaune	0.0012739	0.0037927	8.576E-4	0.0022258	0.0017429	0.0022075	0.0019062	8.278E-4	0.0018484	0.0027679	4.165E-4	0.0	0.0	0.0	0.0	0.0	0.0	0.0	0.0	0.0	0.0	0.0	0.0	0.0	0.0	0.0	0.0	0.0	0.0	0.0	0.0	0.0	0.0	0.0	0.0	0.0	0.0	0.0	0.0	9.302E-4	0.0031969	0.0025641	0.0041696	0.0036803	0.0010995	6.094E-4	0.0058027	0.0041739	
Bruant ortolan	0.0	0.0	0.0	0.0	0.0	0.0	0.0	0.0	0.0	0.0	0.0	0.0	0.0	3.312E-4	0.0018779	0.0047446	0.0020555	0.0034892	0.0038978	0.0040696	0.0070012	0.0048993	0.0074953	0.0035158	0.0052322	0.0026473	0.0018797	0.0033097	0.0015	0.0017836	6.262E-4	9.425E-4	6.353E-4	0.0018382	6.057E-4	5.018E-4	0.0	0.0	0.0	0.0	0.0	0.0	0.0	0.0	0.0	0.0	0.0	0.0	
Bruant des roseaux	0.0974522	0.0965023	0.0891938	0.0985692	0.1019608	0.1050773	0.0983607	0.1030629	0.1053604	0.0972716	0.0491462	0.0260151	0.0127065	0.0039748	0.0053208	0.002791	0.0023981	0.0017446	0.0012993	3.7E-4	0.0	5.444E-4	0.0	0.0	0.0	0.0	6.266E-4	0.0	0.0	0.0	0.0	0.0	0.0	0.0	0.0	0.0010035	0.0025047	0.002113	0.0143627	0.0390698	0.0639386	0.0871795	0.0868659	0.0904311	0.0945574	0.0859232	0.1102515	0.0977391	
Bruant nain	0.0	0.0	4.288E-4	0.0	0.0	0.0	0.0	0.0	0.0	0.0	0.0	0.0	0.0	0.0015	6.26E-4	0.0	0.0	0.0	0.0	0.0	0.0	0.0	0.0	0.0	0.0	0.0	0.0	0.0	0.0	0.0	0.0	0.0	0.0	0.0	0.0	0.0	6.262E-4	0.0	5.984E-4	0.0	0.0	0.0	6.949E-4	0.0	0.0	0.0	0.0	3.478E-4	
Bruant rustique	0.0	0.0	0.0	0.0	0.0	0.0	0.0	0.0	0.0	0.0	0.0	0.0	0.0	0.0	0.0	0.0	0.0	0.0	0.0	0.0	0.0	0.0	0.0	0.0	0.0	0.0	0.0	0.0	0.0	0.0	0.0	0.0	0.0	0.0	0.0	0.0	0.0	0.0	0.0	0.0	0.0	0.0	0.0	0.0	5.498E-4	0.0	0.0	0.0	
Bruant masqué	0.0	0.0	0.0	0.0	0.0	0.007947	0.015631	0.0103477	0.0036969	0.0	0.0	0.0	0.0	0.0	0.0	0.0	0.0	0.0	0.0	0.0	0.0	0.0	0.0	0.0	0.0	0.0	0.0	0.0	0.0	0.0	0.0	0.0	0.0	0.0	0.0	0.0	0.0	0.0	0.0	0.0	0.0	0.0	0.0	0.0	0.0	0.0	0.0	0.0	
Emberiza sp.	6.369E-4	4.214E-4	0.0	6.359E-4	8.715E-4	0.0013245	0.0011437	0.0	0.0	0.0	0.0	2.431E-4	3.177E-4	3.312E-4	3.13E-4	0.0011164	3.426E-4	3.489E-4	0.0	0.0	5.834E-4	5.444E-4	0.0	0.0	0.0	0.0013236	6.266E-4	0.0	0.0	0.0011891	6.262E-4	0.0	0.0	6.127E-4	0.0	0.0	0.0	0.0	0.0	4.651E-4	0.0	6.41E-4	0.0013899	0.0	5.498E-4	0.0012188	0.0	3.478E-4	
passereau sp.	0.0050955	0.0012642	0.0030017	0.0025437	0.0021786	0.001766	0.0064811	0.0033113	0.0013863	7.908E-4	0.0029155	0.0087527	0.0047649	0.0026499	0.0034429	0.0019537	0.0020555	0.0020935	8.662E-4	0.0014798	5.834E-4	0.0032662	0.0018738	0.0015068	0.001308	6.618E-4	0.0137845	0.0033097	0.0064103	0.0047562	0.003757	0.0051838	0.0031766	0.0018382	0.007874	0.0060211	0.0025047	0.0068674	0.0035907	0.0055814	0.0127877	0.0051282	0.0041696	0.0010515	0.002199	0.0	6.447E-4	0.0038261	
oiseau sp.	3.185E-4	0.0	0.0	0.0015	0.0	0.0	3.812E-4	0.0	0.0	0.0	0.0	2.431E-4	0.0	0.0	0.0	0.0	0.0	0.0	0.0	0.0	0.0	0.0	0.0	0.0	0.0	6.618E-4	0.0	4.728E-4	0.0	0.0	6.262E-4	0.0	6.353E-4	0.0	0.0	0.0	0.0	0.0	0.0	0.0	0.0	0.0	0.0	0.0	0.0	6.094E-4	6.447E-4	0.0	

