









Frequency of observations in the selected location(s).:
Number of taxa: 	346

	Jan				Feb				Mar				Apr				May				Jun				Jul				Aug				Sep				Oct				Nov				Dec				
Sample Size:	235.0	144.0	112.0	198.0	128.0	171.0	207.0	222.0	300.0	187.0	261.0	325.0	229.0	283.0	231.0	333.0	262.0	306.0	305.0	444.0	310.0	282.0	253.0	373.0	277.0	407.0	384.0	436.0	274.0	239.0	229.0	363.0	235.0	203.0	173.0	249.0	227.0	191.0	159.0	197.0	152.0	150.0	109.0	160.0	108.0	133.0	126.0	258.0	

Oie cendrée	0.0	0.0	0.0	0.0	0.0	0.005848	0.0	0.0045045	0.0	0.0053476	0.0015	0.0030769	0.0	0.0015	0.0	0.0	0.0038168	0.0	0.0	0.0	0.0032258	0.0	0.0039526	0.0053619	0.0	0.0	0.0	0.0022936	0.0015	0.0041841	0.0	0.0015	0.0	0.0	0.0	0.0	0.0088106	0.0015	0.0	0.0101523	0.0	0.0	0.0	0.0	0.0	0.0	0.0079365	0.0	
Oie de toundra	0.0	0.0	0.0	0.0	0.0	0.0	0.0	0.0	0.0	0.0	0.0	0.0	0.0	0.0	0.0	0.0	0.0	0.0	0.0	0.0	0.0	0.0	0.0	0.0	0.0	0.0	0.0	0.0	0.0	0.0	0.0	0.0	0.0	0.0049261	0.0	0.0	0.0	0.0	0.0	0.0	0.0	0.0	0.0	0.0	0.0	0.0	0.0	0.0	
Bernache nonnette	0.0	0.0	0.0	0.0	0.0	0.0	0.0	0.0045045	0.0	0.0	0.0	0.0015	0.0043668	0.0015	0.0015	0.0	0.0076336	0.0	0.0	0.0	0.0	0.0	0.0	0.0	0.0	0.0	0.0	0.0	0.0	0.0	0.0	0.0	0.0	0.0	0.0	0.0	0.0	0.0	0.0	0.0	0.0	0.0066667	0.0	0.0	0.0	0.0	0.0	0.0	
Bernache de Hutchins	0.0	0.0	0.0	0.0050505	0.0	0.0	0.0	0.0	0.0	0.0	0.0	0.0	0.0	0.0	0.0	0.0	0.0	0.0	0.0	0.0	0.0	0.0	0.0	0.0	0.0	0.0	0.0	0.0	0.0	0.0	0.0	0.0	0.0	0.0	0.0	0.0	0.0	0.0	0.0	0.0	0.0	0.0	0.0	0.0	0.0	0.0	0.0	0.0	
Hybride Oie cendrée x Bernache du Canada	0.0	0.0	0.0	0.0	0.0	0.0	0.0	0.0	0.0	0.0	0.0	0.0	0.0	0.0	0.0	0.0	0.0	0.0	0.0	0.0	0.0032258	0.0	0.0	0.0	0.0	0.0	0.0	0.0	0.0	0.0	0.0	0.0	0.0	0.0	0.0	0.0	0.0	0.0	0.0	0.0	0.0	0.0	0.0	0.0	0.0	0.0	0.0	0.0	
Cygne tuberculé	0.0808511	0.1458333	0.1428571	0.1818182	0.1796875	0.1345029	0.1062802	0.1351351	0.1466667	0.144385	0.1685824	0.1261538	0.1659389	0.1766784	0.1645022	0.1321321	0.1221374	0.1633987	0.147541	0.0833333	0.0806452	0.0957447	0.0790514	0.0616622	0.0938628	0.0958231	0.0390625	0.0688073	0.040146	0.0711297	0.0829694	0.0661157	0.1404255	0.1674877	0.1271676	0.1767068	0.1938326	0.1151832	0.1194969	0.1472081	0.1578947	0.18	0.2110092	0.19375	0.1759259	0.1654135	0.1746032	0.1317829	
Cygne noir	0.0	0.0	0.0	0.0	0.0	0.0	0.0	0.0	0.0	0.0	0.0	0.0	0.0	0.0	0.0	0.0	0.0	0.0	0.0	0.0	0.0	0.0	0.0	0.0	0.0	0.0	0.0	0.0068807	0.0	0.0	0.0	0.0	0.0	0.0	0.0	0.0	0.0	0.0	0.0	0.0	0.0	0.0	0.0	0.0	0.0	0.0	0.0	0.0	
Cygne chanteur	0.0	0.0	0.0	0.0	0.0	0.0	0.0	0.0	0.0	0.0	0.0	0.0	0.0	0.0	0.0	0.0	0.0	0.0	0.0	0.0	0.0	0.0	0.0	0.0	0.0	0.0	0.0	0.0	0.0	0.0	0.0	0.0	0.0	0.0	0.0	0.0	0.0	0.0	0.0	0.0	0.0	0.0	0.0	0.0	0.0	0.0	0.0015	0.0	
cygne sp.	0.0	0.0	0.0	0.0	0.0	0.0	0.0	0.0	0.0	0.0	0.0	0.0	0.0	0.0	0.0015	0.0	0.0	0.0	0.0	0.0	0.0	0.0	0.0	0.0015	0.0	0.0	0.0	0.0	0.0036496	0.0	0.0	0.0	0.0	0.0	0.0015	0.0	0.0	0.0052356	0.0	0.0	0.0	0.0	0.0	0.0	0.0	0.0	0.0	0.0	
anatidé sp. (oie sp.)	0.0	0.0	0.0	0.0	0.0	0.0	0.0	0.0	0.0	0.0	0.0	0.0	0.0	0.0	0.0	0.0	0.0	0.0	0.0	0.0	0.0	0.0	0.0	0.0	0.0	0.0	0.0	0.0	0.0	0.0	0.0043668	0.0	0.0	0.0	0.0057803	0.0	0.0	0.0	0.0	0.0	0.0	0.0	0.0	0.00625	0.0	0.0	0.0	0.0	
Ouette d'Égypte	0.0042553	0.0069444	0.0089286	0.0050505	0.0078125	0.005848	0.0048309	0.0	0.0066667	0.0106952	0.0	0.0123077	0.0174672	0.0141343	0.004329	0.003003	0.0	0.003268	0.0	0.0	0.0	0.0	0.0	0.0	0.0	0.0	0.0	0.0	0.0	0.0	0.0043668	0.0027548	0.0085106	0.0147783	0.0057803	0.0160643	0.0176211	0.0052356	0.0	0.0152284	0.0131579	0.02	0.0275229	0.0125	0.0185185	0.0150376	0.015873	0.0077519	
Tadorne casarca	0.0	0.0	0.0	0.0	0.0	0.005848	0.0	0.0	0.0	0.0106952	0.0	0.0	0.0015	0.0	0.004329	0.0	0.0076336	0.003268	0.0032787	0.0	0.0	0.0	0.0	0.002681	0.0	0.0	0.0	0.0	0.0	0.0	0.0	0.0	0.0085106	0.0	0.0	0.0	0.0	0.0	0.0	0.0	0.0	0.0066667	0.0	0.0	0.0	0.0075188	0.0	0.0	
Tadorne de Belon	0.0	0.0069444	0.0089286	0.0050505	0.0390625	0.0	0.0048309	0.018018	0.0133333	0.0	0.0038314	0.0	0.0043668	0.0015	0.0	0.006006	0.0038168	0.003268	0.0098361	0.0022523	0.0	0.0	0.0015	0.0	0.0	0.0	0.0	0.0	0.0	0.0	0.0	0.0	0.0	0.0	0.0	0.0	0.0	0.0	0.0	0.0	0.0	0.0	0.0	0.0	0.0	0.0	0.0	0.0	
Canard musqué	0.0	0.0	0.0	0.0	0.0	0.0	0.0	0.0	0.0	0.0	0.0	0.0	0.0	0.0035336	0.0	0.0	0.0	0.0	0.0	0.0	0.0	0.0	0.0	0.0	0.0	0.0	0.0	0.0	0.0	0.0	0.0	0.0027548	0.0	0.0	0.0	0.0	0.0	0.0052356	0.0	0.0	0.0	0.0066667	0.0	0.0	0.0	0.0	0.0	0.003876	
Canard carolin	0.0042553	0.0	0.0	0.0	0.0	0.0	0.0	0.0	0.0	0.0	0.0	0.0	0.0	0.0	0.0	0.0	0.0015	0.0	0.0	0.0	0.0	0.0	0.0	0.0	0.0	0.0	0.0	0.0	0.0	0.0	0.0	0.0	0.0	0.0	0.0	0.0	0.0	0.0	0.0	0.0	0.0	0.0	0.0	0.0	0.0	0.0	0.0	0.0	
Canard mandarin	0.0042553	0.0069444	0.0	0.010101	0.0390625	0.0	0.0048309	0.018018	0.0033333	0.0015	0.0076628	0.0215385	0.0043668	0.0035336	0.008658	0.003003	0.019084	0.0065359	0.0065574	0.0	0.0	0.0	0.0	0.0	0.0	0.004914	0.0052083	0.0015	0.0036496	0.0	0.0	0.0	0.0042553	0.0	0.0057803	0.0040161	0.0	0.0209424	0.0062893	0.0	0.0	0.0	0.0	0.0	0.0092593	0.0075188	0.0079365	0.003876	
Sarcelle d'été	0.0	0.0	0.0	0.0	0.0	0.0	0.0	0.0	0.0	0.0106952	0.0306513	0.0123077	0.0393013	0.0070671	0.004329	0.006006	0.0076336	0.0130719	0.0065574	0.0	0.0	0.0035461	0.0	0.0	0.0	0.0	0.0	0.0	0.0	0.0	0.0	0.0027548	0.0	0.0049261	0.0057803	0.0	0.0	0.0	0.0	0.0	0.0	0.0	0.0	0.0	0.0	0.0	0.0	0.0	
Canard souchet	0.012766	0.0	0.0	0.0	0.0	0.005848	0.0	0.0	0.0	0.0053476	0.0038314	0.0	0.0087336	0.0070671	0.008658	0.006006	0.0015	0.003268	0.0	0.0	0.0	0.0035461	0.0	0.0	0.0	0.0	0.0	0.0022936	0.0	0.0	0.0	0.0	0.0	0.0098522	0.0057803	0.0	0.0044053	0.0	0.0	0.0	0.0	0.0066667	0.0183486	0.00625	0.0092593	0.0075188	0.0015	0.003876	
Canard chipeau	0.0340426	0.0486111	0.0357143	0.0505051	0.0546875	0.0526316	0.0144928	0.0495495	0.0266667	0.0481283	0.0268199	0.0184615	0.0218341	0.0176678	0.004329	0.0	0.0114504	0.0098039	0.0032787	0.0045045	0.0	0.0	0.0	0.0053619	0.0	0.0	0.0026042	0.0068807	0.0015	0.0	0.0	0.0027548	0.0170213	0.0147783	0.0057803	0.0160643	0.0352423	0.0052356	0.0188679	0.0152284	0.0394737	0.06	0.0733945	0.05	0.0277778	0.075188	0.0555556	0.0271318	
Canard siffleur	0.0085106	0.0277778	0.0015	0.0	0.0	0.0	0.0048309	0.0	0.0	0.0	0.0	0.0	0.0043668	0.0035336	0.008658	0.0	0.0	0.0	0.0	0.0	0.0	0.0	0.0	0.0	0.0036101	0.0	0.0	0.0	0.0	0.0	0.0043668	0.0	0.0	0.0015	0.0057803	0.0120482	0.0	0.0052356	0.0125786	0.0203046	0.0197368	0.02	0.0366972	0.0	0.0	0.0	0.0238095	0.0232558	
Canard de Chiloé	0.0	0.0	0.0	0.0	0.0	0.0	0.0	0.0	0.0	0.0	0.0	0.0	0.0	0.0	0.0	0.0	0.0	0.0	0.0	0.0	0.0	0.0	0.0	0.0	0.0	0.0	0.0	0.0	0.0	0.0	0.0	0.0	0.0015	0.0	0.0	0.0	0.0	0.0	0.0	0.0	0.0	0.0	0.0	0.0	0.0	0.0	0.0	0.0	
Canard colvert	0.2	0.3125	0.2321429	0.2222222	0.2265625	0.1754386	0.2028986	0.2432432	0.2633333	0.2834225	0.3409962	0.32	0.3100437	0.3215548	0.2770563	0.3273273	0.3549618	0.2908497	0.295082	0.1711712	0.2129032	0.1631206	0.1501976	0.152815	0.1624549	0.1916462	0.1276042	0.1651376	0.0875912	0.1297071	0.1572052	0.1680441	0.212766	0.270936	0.1965318	0.253012	0.2643172	0.2094241	0.1886792	0.2893401	0.3157895	0.2733333	0.2752294	0.28125	0.2037037	0.2481203	0.2539683	0.2286822	
Canard pilet	0.0	0.0069444	0.0	0.0	0.0	0.0	0.0	0.0	0.0	0.0	0.0	0.0092308	0.0087336	0.0	0.0	0.0	0.0038168	0.0	0.0	0.0	0.0	0.0	0.0	0.0	0.0	0.0	0.0	0.0	0.0	0.0	0.0	0.0	0.0	0.0	0.0	0.0	0.0	0.0	0.0	0.0	0.0	0.0	0.0	0.0	0.0	0.0150376	0.0	0.0	
Sarcelle d'hiver	0.0553191	0.0416667	0.0535714	0.0252525	0.046875	0.0409357	0.0096618	0.036036	0.0333333	0.0481283	0.045977	0.0615385	0.0436681	0.0318021	0.012987	0.0	0.0038168	0.0	0.0	0.0	0.0032258	0.0	0.0	0.0	0.0	0.0	0.0	0.0	0.0036496	0.0041841	0.0	0.0110193	0.0212766	0.0197044	0.017341	0.0120482	0.0220264	0.0209424	0.0125786	0.0152284	0.0263158	0.0466667	0.0642202	0.025	0.0648148	0.0676692	0.0396825	0.0387597	
anatidé sp. (canard barboteur sp.)	0.0	0.0	0.0	0.0	0.0	0.0	0.0	0.0	0.0	0.0	0.0038314	0.0	0.0	0.0	0.0	0.0	0.0	0.0	0.0	0.0	0.0	0.0015	0.0	0.0015	0.0	0.0	0.0	0.0022936	0.0	0.0	0.0	0.0	0.0	0.0	0.0	0.0	0.0	0.0	0.0	0.0	0.0	0.0	0.0	0.0	0.0	0.0	0.0	0.0	
Nette rousse	0.0340426	0.0347222	0.0625	0.0858586	0.0625	0.0584795	0.0241546	0.0630631	0.06	0.0802139	0.1034483	0.0523077	0.1266376	0.1519435	0.0865801	0.1231231	0.1450382	0.124183	0.147541	0.0585586	0.0903226	0.0957447	0.0869565	0.0402145	0.0685921	0.0565111	0.0416667	0.0275229	0.0255474	0.0292887	0.0480349	0.0165289	0.012766	0.0591133	0.0115607	0.0160643	0.030837	0.0052356	0.0015	0.0304569	0.0197368	0.0333333	0.0275229	0.025	0.0462963	0.0451128	0.047619	0.0116279	
Hybride Canard colvert x Nette rousse	0.0	0.0	0.0	0.0	0.0	0.0	0.0	0.0	0.0	0.0	0.0	0.0	0.0015	0.0	0.0	0.0	0.0	0.0	0.0	0.0	0.0	0.0	0.0	0.0	0.0	0.0	0.0	0.0	0.0	0.0	0.0	0.0	0.0	0.0	0.0	0.0	0.0	0.0	0.0	0.0	0.0	0.0	0.0	0.0	0.0	0.0	0.0	0.0	
Fuligule milouin	0.0553191	0.0625	0.0625	0.0757576	0.0546875	0.0584795	0.0386473	0.045045	0.0233333	0.0588235	0.0306513	0.0153846	0.0567686	0.0353357	0.0606061	0.0570571	0.0305344	0.0098039	0.0163934	0.0067568	0.016129	0.0177305	0.0158103	0.0053619	0.0216606	0.004914	0.0052083	0.0068807	0.0036496	0.0041841	0.0131004	0.0247934	0.0297872	0.0492611	0.0462428	0.060241	0.0704846	0.0680628	0.0691824	0.0659898	0.0855263	0.08	0.0917431	0.05625	0.0925926	0.075188	0.0714286	0.0503876	
Hybride Nette rousse x Fuligule milouin	0.0	0.0	0.0	0.0	0.0	0.0	0.0	0.0	0.0	0.0	0.0	0.0	0.0	0.0	0.0	0.0	0.0	0.003268	0.0032787	0.0	0.0	0.0	0.0	0.0	0.0	0.0	0.0	0.0	0.0	0.0	0.0	0.0	0.0	0.0	0.0	0.0	0.0	0.0	0.0	0.0	0.0	0.0	0.0	0.0	0.0	0.0	0.0	0.0	
Fuligule nyroca	0.0	0.0	0.0	0.010101	0.0	0.0	0.0241546	0.018018	0.01	0.0015	0.0114943	0.0030769	0.0043668	0.0	0.0	0.003003	0.0	0.0	0.0	0.0	0.0	0.0	0.0	0.0	0.0	0.0	0.0	0.0	0.0	0.0	0.0	0.0027548	0.0	0.0049261	0.0	0.0	0.0	0.0	0.0	0.0	0.0	0.0	0.0	0.0	0.0	0.0	0.0	0.003876	
Hybride Fuligule milouin x F. nyroca	0.0	0.0	0.0	0.0	0.0078125	0.0	0.0	0.0	0.0	0.0	0.0	0.0	0.0	0.0	0.0	0.0	0.0	0.0	0.0	0.0	0.0	0.0	0.0	0.0	0.0	0.0	0.0	0.0	0.0	0.0	0.0	0.0	0.0	0.0	0.0	0.0	0.0	0.0052356	0.0	0.0	0.0065789	0.0	0.0091743	0.0	0.0	0.0075188	0.0	0.0	
Fuligule morillon	0.0468085	0.1041667	0.0803571	0.0757576	0.0703125	0.0935673	0.0048309	0.0585586	0.0366667	0.0427807	0.0613027	0.0369231	0.0349345	0.0282686	0.008658	0.033033	0.0114504	0.0196078	0.0229508	0.0067568	0.0129032	0.0141844	0.0197628	0.0160858	0.0252708	0.029484	0.0208333	0.0298165	0.0109489	0.0209205	0.0131004	0.030303	0.0382979	0.0788177	0.0520231	0.060241	0.0969163	0.0575916	0.0566038	0.0812183	0.0789474	0.12	0.146789	0.11875	0.1203704	0.1052632	0.0714286	0.0697674	
Hybride Fuligule milouin x F. morillon	0.0042553	0.0	0.0	0.0050505	0.0078125	0.0	0.0	0.0	0.0	0.0106952	0.0	0.0	0.0	0.0	0.0	0.0	0.0	0.0	0.0	0.0	0.0	0.0	0.0	0.0	0.0	0.0	0.0	0.0	0.0	0.0	0.0	0.0	0.0	0.0	0.0	0.0	0.0	0.0	0.0	0.0050761	0.0131579	0.0066667	0.0091743	0.00625	0.0185185	0.0	0.0	0.0077519	
Fuligule milouinan	0.0085106	0.0	0.0	0.0050505	0.0	0.005848	0.0	0.0	0.0	0.0	0.0	0.0	0.0015	0.0	0.0	0.0	0.0	0.0	0.0	0.0	0.0	0.0	0.0	0.0	0.0	0.0	0.0	0.0	0.0	0.0	0.0	0.0	0.0	0.0	0.0	0.0	0.0	0.0	0.0	0.0	0.0	0.0	0.0	0.0	0.0	0.0	0.0	0.003876	
Fuligule à tête noire	0.0	0.0	0.0	0.0	0.0	0.0	0.0	0.0	0.0	0.0053476	0.0	0.0	0.0015	0.0	0.0	0.0	0.0038168	0.0	0.0	0.0	0.0	0.0	0.0	0.0	0.0	0.0	0.0	0.0	0.0	0.0	0.0	0.0	0.0	0.0	0.0	0.0	0.0	0.0	0.0	0.0	0.0	0.0	0.0	0.0	0.0	0.0	0.0	0.0	
Eider à duvet	0.0042553	0.0	0.0	0.0050505	0.0015	0.0	0.0	0.0	0.0033333	0.0	0.0	0.0	0.0043668	0.0035336	0.0	0.0	0.0038168	0.003268	0.0032787	0.0	0.0	0.0	0.0015	0.0	0.0	0.0	0.0	0.0	0.0	0.0	0.0	0.0	0.0	0.0	0.0	0.0	0.0	0.0	0.0	0.0	0.0	0.0	0.0	0.0	0.0092593	0.0	0.0	0.0	
Macreuse brune	0.0085106	0.0	0.0267857	0.040404	0.0	0.0116959	0.0	0.018018	0.0033333	0.0053476	0.0038314	0.0061538	0.0043668	0.0070671	0.0	0.0	0.0	0.0	0.0	0.0	0.0	0.0	0.0	0.0	0.0	0.0	0.0	0.0	0.0	0.0	0.0	0.0	0.0	0.0	0.0	0.0	0.0	0.0	0.0	0.0	0.0	0.0	0.0	0.0	0.0092593	0.0225564	0.0396825	0.003876	
Macreuse noire	0.0	0.0	0.0	0.0	0.0	0.0	0.0	0.0	0.0	0.0	0.0	0.0	0.0	0.0070671	0.0	0.0	0.0	0.0	0.0032787	0.0	0.0	0.0	0.0	0.0	0.0	0.0	0.0	0.0	0.0	0.0	0.0	0.0	0.0	0.0	0.0	0.0	0.0	0.0	0.0	0.0	0.0	0.0	0.0	0.0	0.0	0.0	0.031746	0.003876	
Harelde boréale	0.0	0.0	0.0	0.0151515	0.0	0.0116959	0.0	0.0	0.0	0.0	0.0	0.0030769	0.0	0.0035336	0.0	0.0	0.0	0.0	0.0	0.0	0.0	0.0	0.0	0.0	0.0	0.0	0.0	0.0	0.0	0.0	0.0	0.0	0.0	0.0	0.0	0.0	0.0	0.0	0.0	0.0	0.0	0.0	0.0	0.0	0.0	0.0	0.0	0.0	
Garrot à oeil d'or	0.0170213	0.0208333	0.0178571	0.0656566	0.0625	0.0584795	0.0193237	0.0315315	0.03	0.0213904	0.0076628	0.0030769	0.0087336	0.0035336	0.0	0.0	0.0	0.003268	0.0	0.0	0.0	0.0	0.0	0.0	0.0	0.0	0.0	0.0	0.0	0.0	0.0	0.0	0.0	0.0	0.0	0.0	0.0	0.0	0.0	0.0	0.0	0.02	0.0091743	0.03125	0.0462963	0.0526316	0.0396825	0.0193798	
Harle bièvre	0.1106383	0.2361111	0.1517857	0.1919192	0.171875	0.1520468	0.1062802	0.1531532	0.17	0.171123	0.183908	0.1569231	0.1703057	0.2226148	0.1558442	0.1711712	0.1679389	0.1535948	0.1836066	0.0788288	0.1032258	0.070922	0.083004	0.0321716	0.0649819	0.0663391	0.0234375	0.0412844	0.0291971	0.0251046	0.0567686	0.0385675	0.0468085	0.0837438	0.0867052	0.1004016	0.123348	0.0890052	0.081761	0.1218274	0.1644737	0.18	0.2110092	0.15625	0.1944444	0.1879699	0.1428571	0.1550388	
Harle huppé	0.0	0.0208333	0.0015	0.010101	0.0078125	0.0233918	0.0096618	0.0135135	0.0166667	0.0160428	0.0153257	0.0092308	0.0087336	0.0	0.0	0.0	0.0	0.0	0.0	0.0	0.0	0.0	0.0	0.0	0.0	0.0	0.0	0.0	0.0	0.0	0.0	0.0	0.0	0.0	0.0	0.0	0.0044053	0.0	0.0	0.0	0.0	0.0066667	0.0366972	0.0	0.0185185	0.0	0.0	0.0	
anatidé sp. (canard sp.)	0.0	0.0	0.0	0.0	0.0	0.0	0.0	0.0	0.0	0.0	0.0	0.0	0.0	0.0	0.0	0.003003	0.0	0.0	0.0	0.0	0.0032258	0.0015	0.0	0.0	0.0	0.002457	0.0052083	0.0	0.0015	0.0	0.0	0.0	0.0	0.0	0.0015	0.0	0.0	0.0	0.0	0.0	0.0065789	0.0	0.0	0.00625	0.0	0.0	0.0	0.0	
Gélinotte des bois	0.0	0.0	0.0	0.0	0.0	0.0015	0.0	0.0	0.0033333	0.0106952	0.0038314	0.0092308	0.0043668	0.0106007	0.008658	0.012012	0.0015	0.0065359	0.0131148	0.0015	0.0129032	0.0	0.0039526	0.0	0.0015	0.002457	0.0052083	0.0045872	0.0036496	0.0015	0.0043668	0.0027548	0.0015	0.0049261	0.0	0.0	0.0	0.0	0.0	0.0050761	0.0065789	0.0015	0.0	0.0015	0.0015	0.0	0.0	0.0	
Lagopède alpin	0.0	0.0	0.0	0.0	0.0015	0.0116959	0.0	0.0015	0.0015	0.0015	0.0	0.0	0.0	0.0	0.008658	0.006006	0.0152672	0.0015	0.0065574	0.0045045	0.016129	0.0106383	0.0158103	0.0187668	0.0036101	0.004914	0.0026042	0.0137615	0.0036496	0.0015	0.0	0.0027548	0.0	0.0049261	0.0	0.0	0.0220264	0.0052356	0.0062893	0.0101523	0.0065789	0.0066667	0.0091743	0.00625	0.0	0.0	0.0015	0.0015	
Tétras lyre	0.0212766	0.0347222	0.0178571	0.010101	0.03125	0.0116959	0.0096618	0.009009	0.01	0.0053476	0.0114943	0.0061538	0.0262009	0.0141343	0.017316	0.027027	0.0534351	0.0294118	0.052459	0.0855856	0.0387097	0.0319149	0.0197628	0.0080429	0.0	0.0015	0.0	0.0	0.0036496	0.0	0.0131004	0.0015	0.012766	0.044335	0.0462428	0.0321285	0.0220264	0.026178	0.0188679	0.0253807	0.0131579	0.0333333	0.0183486	0.00625	0.0	0.0075188	0.0079365	0.0116279	
Faisan de Colchide	0.0	0.0015	0.0089286	0.0050505	0.0	0.005848	0.0	0.009009	0.0066667	0.0053476	0.0076628	0.0061538	0.0087336	0.0424028	0.008658	0.027027	0.0229008	0.0261438	0.0098361	0.0112613	0.0129032	0.0141844	0.0118577	0.0	0.0072202	0.004914	0.0026042	0.0015	0.0	0.0	0.0	0.0	0.0042553	0.0098522	0.0	0.0040161	0.0176211	0.0209424	0.0314465	0.0203046	0.0131579	0.0066667	0.0275229	0.00625	0.0015	0.0075188	0.0079365	0.003876	
Caille des blés	0.0	0.0	0.0	0.0	0.0	0.0	0.0	0.0	0.0	0.0	0.0	0.0	0.0	0.0	0.0	0.0	0.0	0.003268	0.0131148	0.0045045	0.0032258	0.0070922	0.0079051	0.002681	0.0036101	0.014742	0.0015	0.0045872	0.0	0.0	0.0	0.0	0.0	0.0	0.0	0.0	0.0044053	0.0	0.0	0.0	0.0	0.0	0.0	0.0	0.0	0.0	0.0	0.0	
Perdrix bartavelle	0.0	0.0	0.0	0.0	0.0	0.0	0.0	0.0	0.0	0.0	0.0	0.0	0.0	0.0	0.0	0.0	0.0	0.0130719	0.0229508	0.0563063	0.0290323	0.0319149	0.0316206	0.0160858	0.0	0.009828	0.0	0.0045872	0.0036496	0.0125523	0.0043668	0.0027548	0.0042553	0.0	0.017341	0.0015	0.0044053	0.0104712	0.0015	0.0050761	0.0065789	0.0	0.0091743	0.0015	0.0	0.0	0.0	0.003876	
Pigeon biset	0.0893617	0.0833333	0.0535714	0.0808081	0.015625	0.0526316	0.0241546	0.0675676	0.1133333	0.0802139	0.1226054	0.0707692	0.0655022	0.0706714	0.0865801	0.0840841	0.0687023	0.0849673	0.0852459	0.0923423	0.1	0.0815603	0.0988142	0.1045576	0.1046931	0.0982801	0.140625	0.1605505	0.0948905	0.0711297	0.0567686	0.046832	0.0638298	0.0591133	0.1040462	0.0803213	0.0748899	0.0837696	0.0377358	0.1116751	0.0328947	0.0733333	0.0458716	0.09375	0.1203704	0.1052632	0.0873016	0.0891473	
Pigeon colombin	0.0085106	0.0138889	0.0089286	0.020202	0.015625	0.0292398	0.0144928	0.018018	0.0133333	0.0427807	0.0344828	0.0553846	0.0393013	0.0565371	0.038961	0.033033	0.0229008	0.0130719	0.0295082	0.0067568	0.0258065	0.0141844	0.0118577	0.0080429	0.0036101	0.007371	0.0052083	0.0091743	0.0072993	0.0041841	0.0043668	0.0055096	0.0042553	0.0197044	0.0346821	0.0200803	0.0088106	0.0314136	0.0062893	0.0203046	0.0065789	0.0133333	0.0366972	0.025	0.0185185	0.0075188	0.0238095	0.0155039	
Pigeon ramier	0.2978723	0.3888889	0.2678571	0.3636364	0.359375	0.497076	0.3768116	0.472973	0.4366667	0.5882353	0.6206897	0.6461538	0.580786	0.639576	0.6753247	0.5675676	0.5725191	0.4771242	0.4295082	0.4144144	0.4129032	0.3439716	0.3913043	0.3485255	0.3393502	0.3587224	0.3515625	0.3761468	0.3467153	0.3723849	0.4541485	0.3168044	0.3829787	0.3793103	0.3930636	0.4056225	0.3612335	0.3455497	0.3144654	0.3096447	0.3092105	0.2133333	0.3302752	0.24375	0.287037	0.2330827	0.4206349	0.2906977	
Columba sp.	0.0	0.0	0.0	0.0	0.0	0.0	0.0	0.0	0.0	0.0	0.0	0.0	0.0	0.0	0.0	0.0	0.0	0.0	0.0	0.0	0.0	0.0	0.0	0.0053619	0.0	0.0	0.0	0.0	0.0	0.0	0.0	0.0	0.0	0.0	0.0	0.0	0.0	0.0	0.0	0.0	0.0	0.0	0.0	0.0	0.0	0.0	0.0	0.0	
Tourterelle des bois	0.0	0.0	0.0	0.0	0.0	0.0	0.0	0.0	0.0	0.0	0.0	0.0	0.0	0.0	0.0	0.0	0.0	0.0098039	0.0098361	0.0045045	0.0032258	0.0035461	0.0118577	0.0053619	0.0036101	0.004914	0.0	0.0022936	0.0	0.0	0.0	0.0027548	0.0	0.0	0.0	0.0	0.0	0.0	0.0	0.0	0.0	0.0	0.0	0.0	0.0	0.0	0.0	0.0	
Tourterelle turque	0.0553191	0.0555556	0.0803571	0.0606061	0.078125	0.0526316	0.0531401	0.0765766	0.1033333	0.1016043	0.137931	0.12	0.0917031	0.1448763	0.1471861	0.1441441	0.1412214	0.0947712	0.052459	0.0990991	0.0806452	0.0815603	0.0869565	0.0589812	0.0649819	0.0786241	0.0651042	0.0802752	0.0656934	0.0711297	0.0305677	0.0495868	0.0680851	0.0591133	0.0693642	0.0763052	0.0748899	0.0575916	0.0377358	0.0659898	0.0789474	0.0866667	0.1559633	0.0625	0.0555556	0.037594	0.0634921	0.0465116	
columbidé sp.	0.0	0.0	0.0	0.0	0.0	0.0	0.0	0.0	0.0	0.0	0.0	0.0	0.0	0.0	0.0	0.0	0.0	0.0	0.0	0.0	0.0	0.0	0.0	0.0	0.0	0.0	0.0	0.0022936	0.0	0.0	0.0	0.0	0.0	0.0	0.0	0.0	0.0	0.0	0.0	0.0	0.0	0.0	0.0	0.0	0.0	0.0	0.0	0.0	
Outarde canepetière	0.0	0.0	0.0	0.0	0.0	0.0	0.0	0.0	0.0	0.0	0.0	0.0	0.0	0.0	0.0	0.0	0.0	0.0	0.0	0.0	0.0	0.0	0.0	0.0	0.0	0.0	0.0	0.0	0.0	0.0	0.0	0.0	0.0015	0.0	0.0	0.0	0.0	0.0	0.0	0.0	0.0	0.0	0.0	0.0	0.0	0.0	0.0	0.0	
Coucou gris	0.0	0.0	0.0	0.0	0.0	0.0	0.0	0.0	0.0	0.0	0.0	0.0061538	0.0174672	0.1024735	0.0779221	0.1651652	0.1908397	0.2385621	0.2	0.259009	0.1709677	0.1524823	0.1106719	0.0670241	0.0288809	0.009828	0.0078125	0.0091743	0.0	0.0	0.0043668	0.0	0.0	0.0049261	0.0	0.0	0.0	0.0	0.0	0.0	0.0	0.0	0.0	0.0	0.0	0.0	0.0	0.0	
Engoulevent d'Europe	0.0	0.0	0.0	0.0	0.0	0.0	0.0	0.0	0.0	0.0	0.0	0.0	0.0	0.0	0.0015	0.0015	0.0	0.0	0.0	0.0	0.0	0.0	0.0	0.0	0.0	0.0	0.0	0.0	0.0	0.0015	0.0	0.0	0.0042553	0.0	0.0	0.0	0.0	0.0	0.0	0.0	0.0	0.0	0.0	0.0	0.0	0.0	0.0	0.0	
Martinet à ventre blanc	0.0	0.0	0.0	0.0	0.0	0.0	0.0	0.0	0.0	0.0015	0.0015	0.0061538	0.0218341	0.0282686	0.017316	0.012012	0.019084	0.0130719	0.0098361	0.0135135	0.016129	0.0248227	0.055336	0.0536193	0.0252708	0.034398	0.046875	0.0504587	0.0547445	0.0334728	0.0480349	0.0330579	0.0212766	0.0295567	0.0057803	0.0160643	0.0	0.0	0.0	0.0	0.0	0.0	0.0	0.0	0.0	0.0	0.0	0.0	
Martinet noir	0.0	0.0	0.0	0.0	0.0	0.0	0.0	0.0	0.0	0.0	0.0	0.0	0.0	0.0070671	0.047619	0.1201201	0.240458	0.369281	0.3409836	0.3085586	0.3387097	0.2978723	0.3754941	0.386059	0.4043321	0.4422604	0.4010417	0.3279817	0.1715328	0.1046025	0.0786026	0.0385675	0.0212766	0.044335	0.0115607	0.0080321	0.0	0.0	0.0	0.0	0.0	0.0	0.0	0.0	0.0	0.0	0.0	0.0	
Apus ou Tachymarptis sp.	0.0	0.0	0.0	0.0	0.0	0.0	0.0	0.0	0.0	0.0	0.0	0.0030769	0.0	0.0	0.0	0.0	0.0	0.0065359	0.0	0.0	0.0	0.0	0.0	0.0	0.0	0.0015	0.0	0.0	0.0	0.0	0.0	0.0	0.0	0.0	0.0	0.0	0.0	0.0	0.0	0.0	0.0	0.0	0.0	0.0	0.0	0.0	0.0	0.0	
apodidé sp.	0.0	0.0	0.0	0.0	0.0	0.0	0.0	0.0	0.0	0.0	0.0	0.0	0.0	0.0	0.0	0.0	0.0038168	0.0	0.0	0.0015	0.0	0.0	0.0	0.002681	0.0	0.0	0.0	0.0	0.0	0.0	0.0	0.0027548	0.0	0.0	0.0	0.0	0.0	0.0	0.0	0.0	0.0	0.0	0.0	0.0	0.0	0.0	0.0	0.0	
Râle d'eau	0.0212766	0.0347222	0.0267857	0.0252525	0.015625	0.0584795	0.0144928	0.0225225	0.0266667	0.0213904	0.0344828	0.0553846	0.0480349	0.0777385	0.034632	0.027027	0.019084	0.0163399	0.0098361	0.0067568	0.0032258	0.0177305	0.0	0.0	0.0036101	0.004914	0.0078125	0.0091743	0.0	0.0	0.0087336	0.0055096	0.0085106	0.0049261	0.0289017	0.0240964	0.0176211	0.052356	0.0503145	0.0761421	0.0789474	0.0333333	0.0550459	0.0375	0.0092593	0.0225564	0.0634921	0.0271318	
Marouette ponctuée	0.0	0.0	0.0	0.0	0.0	0.0	0.0	0.0	0.0	0.0	0.0	0.0	0.0043668	0.0035336	0.012987	0.0	0.0	0.0	0.0	0.0	0.0	0.0	0.0	0.0	0.0	0.0	0.0	0.0	0.0	0.0	0.0	0.0	0.0042553	0.0	0.0	0.0040161	0.0	0.0	0.0062893	0.0	0.0	0.0	0.0	0.0	0.0	0.0	0.0	0.0	
Gallinule poule-d'eau	0.0297872	0.0277778	0.0178571	0.0353535	0.046875	0.0643275	0.0193237	0.0405405	0.0333333	0.0641711	0.0574713	0.0369231	0.069869	0.0459364	0.047619	0.0570571	0.0496183	0.0261438	0.0295082	0.0337838	0.0225806	0.0177305	0.0039526	0.0107239	0.0108303	0.012285	0.0130208	0.0137615	0.0182482	0.0251046	0.0131004	0.0220386	0.0212766	0.0246305	0.0115607	0.0200803	0.0440529	0.0471204	0.0377358	0.0609137	0.0526316	0.06	0.0366972	0.03125	0.0185185	0.0451128	0.0555556	0.0465116	
Foulque macroule	0.1787234	0.2291667	0.1964286	0.2373737	0.2265625	0.1812865	0.1835749	0.2432432	0.2333333	0.2245989	0.2835249	0.2461538	0.2532751	0.2756184	0.2770563	0.2762763	0.2519084	0.2614379	0.2360656	0.1599099	0.1709677	0.1595745	0.1462451	0.1420912	0.1949458	0.1842752	0.1197917	0.1651376	0.0948905	0.1171548	0.1484716	0.1570248	0.187234	0.2364532	0.2080925	0.248996	0.2687225	0.2094241	0.2201258	0.2791878	0.3223684	0.2533333	0.266055	0.25625	0.1851852	0.2481203	0.1984127	0.1821705	
Marouette poussin	0.0	0.0	0.0	0.0	0.0	0.0	0.0	0.0	0.0	0.0	0.0	0.0	0.0	0.0	0.0015	0.0	0.0	0.0	0.0032787	0.0	0.0	0.0	0.0	0.0	0.0	0.0	0.0	0.0	0.0	0.0	0.0	0.0	0.0	0.0	0.0	0.0	0.0	0.0	0.0	0.0	0.0	0.0	0.0	0.0	0.0	0.0	0.0	0.0	
Grue cendrée	0.0015	0.0015	0.0	0.0	0.0	0.0	0.0048309	0.0	0.0015	0.0106952	0.0038314	0.0061538	0.0043668	0.0	0.0	0.0	0.0	0.0	0.0	0.0	0.0	0.0	0.0	0.0	0.0	0.0	0.0	0.0	0.0	0.0	0.0	0.0	0.0	0.0	0.0	0.0	0.0	0.0	0.0	0.0050761	0.0065789	0.0015	0.0091743	0.0	0.0	0.0	0.0	0.0	
Échasse blanche	0.0	0.0	0.0	0.0	0.0	0.0	0.0	0.0	0.0	0.0	0.0	0.0	0.0	0.0141343	0.0	0.006006	0.0114504	0.0098039	0.0	0.0	0.0032258	0.0	0.0	0.0	0.0	0.0	0.0	0.0	0.0	0.0	0.0	0.0	0.0	0.0	0.0	0.0	0.0	0.0	0.0	0.0	0.0	0.0	0.0	0.0	0.0	0.0	0.0	0.0	
Avocette élégante	0.0	0.0	0.0	0.0	0.0	0.0	0.0	0.0	0.0	0.0	0.0	0.0	0.0	0.0	0.0	0.0	0.0038168	0.0	0.0	0.0	0.0	0.0	0.0	0.0	0.0	0.0	0.0	0.0	0.0	0.0	0.0	0.0	0.0	0.0	0.0	0.0	0.0	0.0	0.0	0.0	0.0	0.0	0.0	0.0	0.0	0.0	0.0	0.0	
Huîtrier pie	0.0	0.0	0.0	0.0	0.0	0.0	0.0	0.0	0.0	0.0	0.0	0.0	0.0	0.0	0.0	0.0	0.0	0.0130719	0.0	0.0045045	0.0	0.0	0.0	0.0	0.0	0.0	0.0	0.0	0.0	0.0	0.0	0.0	0.0	0.0	0.0	0.0	0.0	0.0	0.0	0.0	0.0	0.0	0.0	0.0	0.0	0.0	0.0	0.0	
Pluvier argenté	0.0	0.0	0.0	0.0	0.0	0.0	0.0	0.0	0.0	0.0	0.0	0.0	0.0	0.0	0.0	0.0	0.0038168	0.003268	0.0	0.0	0.0	0.0	0.0	0.0	0.0	0.0	0.0	0.0	0.0	0.0	0.0	0.0	0.0	0.0	0.0	0.0	0.0	0.0	0.0	0.0	0.0	0.0	0.0	0.0	0.0	0.0	0.0	0.0	
Pluvier doré	0.0	0.0	0.0	0.0	0.0	0.0	0.0	0.0	0.0	0.0	0.0	0.0	0.0	0.0	0.0	0.0	0.0	0.0	0.0	0.0	0.0	0.0	0.0	0.0	0.0	0.0	0.0	0.0	0.0	0.0	0.0	0.0	0.0	0.0	0.0	0.0	0.0015	0.0	0.0	0.0	0.0	0.0	0.0	0.0	0.0	0.0225564	0.0	0.0	
Guignard d’Eurasie	0.0	0.0	0.0	0.0	0.0	0.0	0.0	0.0	0.0	0.0	0.0	0.0	0.0	0.0	0.0	0.0	0.0	0.0	0.0	0.0	0.0	0.0	0.0	0.0	0.0	0.0	0.0	0.0	0.0	0.0	0.0	0.0110193	0.0015	0.0147783	0.0231214	0.0	0.0	0.0	0.0	0.0	0.0	0.0	0.0	0.0	0.0	0.0	0.0	0.0	
Grand Gravelot	0.0	0.0	0.0	0.0	0.0	0.0	0.0	0.0	0.0033333	0.0	0.0	0.0	0.0	0.0035336	0.0	0.0	0.0114504	0.0196078	0.0098361	0.0	0.0	0.0035461	0.0	0.0	0.0	0.0	0.0	0.0	0.0	0.0	0.0	0.0	0.0085106	0.0098522	0.0057803	0.0080321	0.0132159	0.0015	0.0	0.0	0.0	0.0	0.0	0.0	0.0	0.0	0.0	0.0	
Petit Gravelot	0.0	0.0	0.0	0.0	0.0	0.0	0.0	0.0	0.0	0.0106952	0.0344828	0.0123077	0.0305677	0.0282686	0.012987	0.015015	0.0267176	0.0098039	0.0065574	0.0045045	0.0032258	0.0035461	0.0	0.0	0.0	0.004914	0.0	0.0	0.0	0.0	0.0	0.0	0.0	0.0	0.0	0.0	0.0	0.0052356	0.0	0.0	0.0	0.0	0.0	0.0	0.0	0.0	0.0	0.0	
Vanneau huppé	0.0	0.0	0.0	0.0	0.0	0.0	0.0	0.0	0.0	0.0106952	0.0038314	0.0030769	0.0	0.0	0.004329	0.0	0.0	0.0	0.0	0.0	0.0032258	0.0070922	0.0	0.0	0.0072202	0.002457	0.0	0.0022936	0.0	0.0	0.0	0.0	0.0042553	0.0	0.0057803	0.0	0.0	0.0	0.0	0.0	0.0	0.0	0.0	0.0	0.0092593	0.0	0.0	0.003876	
Gravelot à collier interrompu	0.0	0.0	0.0	0.0	0.0	0.0	0.0	0.0	0.0	0.0	0.0	0.0	0.0	0.0035336	0.0	0.0	0.0	0.0	0.0	0.0	0.0	0.0	0.0	0.0	0.0	0.0	0.0	0.0	0.0	0.0	0.0	0.0	0.0	0.0	0.0	0.0	0.0	0.0	0.0	0.0	0.0	0.0	0.0	0.0	0.0	0.0	0.0	0.0	
Courlis corlieu	0.0	0.0	0.0	0.0	0.0	0.0	0.0	0.0	0.0	0.0	0.0	0.0	0.0043668	0.0106007	0.0	0.0	0.0	0.0	0.0	0.0	0.0	0.0	0.0	0.0	0.0	0.0	0.0015	0.0	0.0	0.0	0.0	0.0027548	0.0	0.0	0.0057803	0.0	0.0	0.0	0.0	0.0	0.0	0.0	0.0	0.0	0.0	0.0	0.0	0.0	
Courlis cendré	0.0	0.0	0.0	0.0	0.0	0.0	0.0	0.0	0.0	0.0	0.0	0.0	0.0	0.0	0.0	0.0	0.0	0.0	0.0	0.0	0.0032258	0.0	0.0	0.0	0.0	0.0	0.0	0.0	0.0	0.0	0.0	0.0	0.0	0.0049261	0.0057803	0.0040161	0.0	0.0	0.0	0.0	0.0015	0.0	0.0	0.0	0.0	0.0	0.0	0.0	
Bécassine sourde	0.012766	0.0069444	0.0089286	0.0	0.0	0.0	0.0	0.0015	0.0	0.0	0.0038314	0.0	0.0	0.0	0.0	0.0	0.0	0.0	0.0	0.0	0.0	0.0	0.0	0.0	0.0	0.0	0.0	0.0	0.0	0.0	0.0	0.0	0.0	0.0	0.0	0.0	0.0	0.0	0.0062893	0.0	0.0	0.0	0.0	0.0	0.0	0.0	0.015873	0.003876	
Bécasse des bois	0.0	0.0	0.0089286	0.0050505	0.0	0.005848	0.0	0.0045045	0.0066667	0.0053476	0.0	0.0	0.0	0.0	0.0	0.0	0.0	0.0	0.0032787	0.0045045	0.0	0.0	0.0015	0.0	0.0	0.0	0.0	0.0	0.0036496	0.0	0.0	0.0	0.0	0.0	0.0	0.0	0.0015	0.0052356	0.0	0.0050761	0.0	0.0	0.0015	0.00625	0.0	0.0075188	0.0079365	0.0	
Bécassine des marais	0.0170213	0.0069444	0.0089286	0.010101	0.0	0.0116959	0.0096618	0.009009	0.0233333	0.0213904	0.0229885	0.0246154	0.0349345	0.0353357	0.012987	0.012012	0.0076336	0.0	0.0	0.0	0.0	0.0	0.0	0.0	0.0	0.0	0.0	0.0	0.0	0.0	0.0	0.0	0.0042553	0.0049261	0.0057803	0.0040161	0.0088106	0.0052356	0.0062893	0.0050761	0.0131579	0.0066667	0.0015	0.0	0.0	0.0	0.031746	0.003876	
Chevalier guignette	0.0085106	0.0347222	0.0	0.0151515	0.015625	0.0233918	0.0048309	0.0	0.0066667	0.0053476	0.0076628	0.0030769	0.0131004	0.024735	0.030303	0.039039	0.1030534	0.0620915	0.0295082	0.0112613	0.0032258	0.0	0.0039526	0.0	0.0108303	0.009828	0.015625	0.0252294	0.0182482	0.0209205	0.0131004	0.0358127	0.0382979	0.044335	0.0289017	0.0080321	0.0396476	0.0104712	0.0062893	0.0050761	0.0065789	0.0	0.0015	0.025	0.0277778	0.0150376	0.015873	0.0193798	
Chevalier culblanc	0.0	0.0	0.0	0.0	0.0	0.0	0.0	0.0	0.0033333	0.0	0.0268199	0.0430769	0.0349345	0.0141343	0.021645	0.009009	0.0	0.0	0.0	0.0	0.0	0.0	0.0	0.002681	0.0015	0.002457	0.0052083	0.0045872	0.0015	0.0	0.0131004	0.0110193	0.0	0.0049261	0.0	0.0	0.0	0.0	0.0	0.0	0.0	0.0	0.0	0.0	0.0	0.0	0.0	0.0	
Chevalier sylvain	0.0	0.0	0.0	0.0	0.0	0.0	0.0	0.0	0.0	0.0	0.0	0.0092308	0.0087336	0.0035336	0.004329	0.009009	0.0038168	0.0	0.0	0.0	0.0	0.0	0.0	0.0	0.0	0.0	0.0	0.0022936	0.0	0.0	0.0043668	0.0027548	0.0	0.0	0.0	0.0	0.0	0.0	0.0	0.0	0.0	0.0	0.0	0.0	0.0	0.0	0.0	0.0	
Chevalier gambette	0.0	0.0	0.0	0.0	0.0	0.0	0.0	0.0	0.0	0.0	0.0	0.0030769	0.0087336	0.0	0.0	0.015015	0.0076336	0.003268	0.0065574	0.0	0.0	0.0035461	0.0	0.0	0.0	0.0	0.0	0.0	0.0	0.0	0.0	0.0	0.0015	0.0	0.0	0.0	0.0	0.0	0.0	0.0	0.0	0.0	0.0	0.0	0.0	0.0	0.0	0.0	
Chevalier arlequin	0.0	0.0	0.0	0.0	0.0	0.0	0.0	0.0	0.0	0.0	0.0	0.0	0.0	0.0	0.0	0.003003	0.0	0.0	0.0	0.0	0.0	0.0	0.0	0.0	0.0	0.0	0.0	0.0	0.0	0.0	0.0	0.0	0.0	0.0	0.0	0.0	0.0	0.0	0.0	0.0	0.0	0.0	0.0	0.0	0.0	0.0	0.0	0.0	
Chevalier aboyeur	0.0	0.0	0.0	0.0	0.0	0.0	0.0	0.0	0.0	0.0	0.0	0.0	0.0	0.0176678	0.008658	0.006006	0.0152672	0.0163399	0.0	0.0	0.0	0.0	0.0	0.002681	0.0	0.0	0.0	0.0	0.0	0.0	0.0	0.0027548	0.0	0.0	0.0057803	0.0040161	0.0	0.0	0.0	0.0050761	0.0	0.0	0.0	0.00625	0.0	0.0	0.0	0.0	
Tournepierre à collier	0.0085106	0.0138889	0.0089286	0.0050505	0.015625	0.0	0.0	0.0045045	0.0015	0.0	0.0	0.0	0.0043668	0.0	0.0	0.0	0.0	0.0	0.0	0.0	0.0	0.0	0.0	0.0	0.0	0.0	0.0	0.0	0.0	0.0	0.0	0.0	0.0	0.0	0.0115607	0.0	0.0	0.0	0.0	0.0	0.0	0.0066667	0.0	0.0125	0.0185185	0.0150376	0.0238095	0.003876	
Bécasseau maubèche	0.0	0.0	0.0	0.0	0.0	0.0	0.0	0.0	0.0	0.0	0.0	0.0	0.0	0.0	0.0	0.0	0.0	0.0	0.0	0.0	0.0	0.0	0.0	0.0	0.0	0.0	0.0	0.0	0.0	0.0	0.0	0.0	0.0	0.0098522	0.0	0.0	0.0	0.0	0.0	0.0	0.0	0.0	0.0	0.0	0.0	0.0	0.0	0.0	
Combattant varié	0.0	0.0	0.0	0.0	0.0	0.0	0.0	0.0	0.0	0.0053476	0.0	0.0092308	0.0043668	0.0070671	0.0	0.003003	0.0015	0.0	0.0032787	0.0	0.0	0.0	0.0	0.0	0.0	0.0	0.0	0.0	0.0	0.0	0.0	0.0	0.0	0.0	0.0	0.0	0.0	0.0	0.0	0.0	0.0	0.0	0.0	0.0	0.0	0.0	0.0	0.0	
Bécasseau de Temminck	0.0	0.0	0.0	0.0	0.0	0.0	0.0	0.0	0.0	0.0	0.0	0.0	0.0	0.0	0.0	0.0	0.0	0.003268	0.0	0.0	0.0	0.0	0.0	0.0	0.0	0.0	0.0026042	0.0	0.0	0.0	0.0	0.0	0.0	0.0	0.0	0.0	0.0	0.0	0.0	0.0	0.0	0.0	0.0	0.0	0.0	0.0	0.0	0.0	
Bécasseau sanderling	0.0	0.0	0.0	0.0	0.0	0.0	0.0	0.0	0.0	0.0	0.0	0.0	0.0	0.0035336	0.0	0.003003	0.0	0.0098039	0.0	0.0	0.0	0.0	0.0	0.0	0.0	0.0	0.0	0.0	0.0	0.0	0.0	0.0	0.0042553	0.0	0.0	0.0160643	0.0	0.0	0.0	0.0	0.0	0.0	0.0	0.0	0.0	0.0	0.0	0.0	
Bécasseau variable	0.0	0.0	0.0	0.0	0.0	0.0	0.0	0.0045045	0.0	0.0	0.0038314	0.0	0.0	0.0035336	0.0	0.003003	0.0038168	0.0	0.0	0.0	0.0	0.0	0.0	0.0	0.0	0.0	0.0	0.0	0.0	0.0	0.0043668	0.0	0.0085106	0.0147783	0.0057803	0.0080321	0.0088106	0.0052356	0.0188679	0.0	0.0	0.0	0.0	0.0	0.0	0.0	0.0	0.0	
Bécasseau minute	0.0	0.0	0.0	0.0	0.0	0.0	0.0	0.0	0.0	0.0	0.0	0.0	0.0	0.0	0.0	0.0015	0.0	0.0	0.0	0.0	0.0	0.0	0.0	0.0	0.0	0.0	0.0	0.0	0.0	0.0	0.0	0.0	0.0	0.0	0.0057803	0.0	0.0	0.0015	0.0	0.0	0.0	0.0	0.0	0.0	0.0	0.0	0.0	0.0	
Calidris sp. (petit bécasseau sp.)	0.0	0.0	0.0	0.0	0.0	0.0	0.0	0.0	0.0	0.0	0.0	0.0	0.0	0.0	0.0	0.0	0.0	0.0	0.0	0.0	0.0	0.0	0.0	0.0	0.0	0.0	0.0	0.0	0.0	0.0	0.0	0.0	0.0	0.0	0.0015	0.0	0.0	0.0	0.0	0.0	0.0	0.0	0.0	0.0	0.0	0.0	0.0	0.0	
limicole sp.	0.0	0.0	0.0	0.0050505	0.0	0.0	0.0	0.0	0.0	0.0	0.0	0.0030769	0.0	0.0	0.0	0.0	0.0	0.0	0.0032787	0.0	0.0	0.0	0.0	0.0	0.0	0.0	0.0	0.0	0.0	0.0	0.0	0.0	0.0	0.0049261	0.0	0.0	0.0	0.0	0.0	0.0	0.0	0.0	0.0	0.0	0.0	0.0	0.0	0.0	
Labbe à longue queue	0.0	0.0	0.0	0.0	0.0	0.0	0.0	0.0	0.0	0.0	0.0	0.0	0.0	0.0	0.0	0.0	0.0	0.0	0.0	0.0	0.0	0.0	0.0	0.0	0.0	0.0	0.0	0.0	0.0	0.0	0.0	0.0	0.0	0.0	0.0057803	0.0	0.0	0.0	0.0	0.0	0.0	0.0	0.0	0.0	0.0	0.0	0.0	0.0	
Labbe parasite	0.0	0.0	0.0	0.0	0.0	0.0	0.0	0.0	0.0	0.0	0.0	0.0	0.0	0.0	0.0	0.0	0.0	0.0	0.0	0.0	0.0	0.0	0.0	0.0	0.0	0.0	0.0	0.0	0.0	0.0	0.0	0.0	0.0042553	0.0	0.0057803	0.0	0.0	0.0	0.0	0.0	0.0	0.0	0.0	0.0	0.0	0.0	0.0	0.0	
Mouette pygmée	0.0	0.0	0.0	0.0	0.0	0.0	0.0	0.0	0.0	0.0	0.0	0.0	0.0	0.0	0.0	0.0	0.0	0.0	0.0	0.0	0.0	0.0	0.0	0.0	0.0	0.0	0.0	0.0	0.0	0.0015	0.0	0.0	0.0	0.0049261	0.0	0.0080321	0.0088106	0.0015	0.0	0.0	0.0	0.0	0.0183486	0.0	0.0	0.0075188	0.0	0.0	
Mouette tridactyle	0.0	0.0	0.0	0.0	0.0	0.0	0.0	0.0	0.0	0.0	0.0	0.0	0.0	0.0	0.0	0.0	0.0	0.0	0.0	0.0	0.0	0.0	0.0	0.0	0.0	0.0	0.0	0.0	0.0	0.0	0.0	0.0	0.0	0.0	0.0	0.0	0.0	0.0	0.0	0.0	0.0	0.0	0.0	0.00625	0.0	0.0	0.0	0.0	
Mouette de Sabine	0.0	0.0	0.0	0.0	0.0	0.0	0.0	0.0	0.0	0.0	0.0	0.0	0.0	0.0	0.0	0.0	0.0	0.0	0.0	0.0	0.0	0.0	0.0	0.0	0.0	0.0	0.0	0.0	0.0	0.0	0.0	0.0	0.0	0.0	0.0	0.0015	0.0	0.0	0.0	0.0	0.0	0.0	0.0	0.0	0.0	0.0	0.0	0.0	
Mouette rieuse	0.1489362	0.2291667	0.2321429	0.2323232	0.1796875	0.1169591	0.1352657	0.1711712	0.1266667	0.1229947	0.0996169	0.0276923	0.0349345	0.0812721	0.025974	0.033033	0.0496183	0.0718954	0.0721311	0.009009	0.0193548	0.0531915	0.0711462	0.0536193	0.101083	0.1154791	0.0859375	0.103211	0.0656934	0.0878661	0.1484716	0.0964187	0.1404255	0.2068966	0.1676301	0.2168675	0.2599119	0.1675393	0.2201258	0.213198	0.2763158	0.2733333	0.2477064	0.2625	0.1851852	0.2556391	0.2063492	0.2248062	
Mouette mélanocéphale	0.0	0.0	0.0	0.0	0.0	0.0	0.0	0.0	0.0	0.0	0.0	0.0	0.0	0.0	0.0	0.003003	0.0114504	0.0	0.0065574	0.0	0.0	0.0	0.0	0.002681	0.0	0.0015	0.0	0.0022936	0.0	0.0	0.0015	0.0055096	0.0042553	0.0147783	0.0231214	0.0080321	0.0044053	0.0	0.0062893	0.0015	0.0065789	0.0	0.0	0.0	0.0	0.0	0.0	0.0	
Goéland cendré	0.012766	0.0555556	0.0446429	0.0757576	0.046875	0.0233918	0.0193237	0.027027	0.02	0.0374332	0.0268199	0.0184615	0.0174672	0.024735	0.004329	0.003003	0.0	0.003268	0.0098361	0.0	0.0032258	0.0	0.0015	0.002681	0.0036101	0.0	0.0	0.0	0.0	0.0041841	0.0	0.0	0.0085106	0.0049261	0.0057803	0.0	0.0	0.0	0.0	0.0050761	0.0	0.0133333	0.0	0.0	0.037037	0.037594	0.0714286	0.0155039	
Goéland pontique	0.0	0.0	0.0	0.0050505	0.0	0.0	0.0	0.0	0.0	0.0	0.0	0.0	0.0	0.0	0.0	0.0	0.0	0.0	0.0	0.0	0.0	0.0	0.0	0.0	0.0	0.0	0.0	0.0	0.0	0.0	0.0	0.0	0.0	0.0	0.0	0.0	0.0	0.0	0.0	0.0	0.0	0.0	0.0	0.0	0.0	0.0	0.0	0.0	
Goéland leucophée	0.1191489	0.1875	0.1964286	0.2171717	0.1875	0.1754386	0.1304348	0.1891892	0.1666667	0.1657754	0.2068966	0.2061538	0.2532751	0.2155477	0.1991342	0.2012012	0.2557252	0.2156863	0.2098361	0.1261261	0.1290323	0.1241135	0.1422925	0.080429	0.1444043	0.1572482	0.1015625	0.1055046	0.0437956	0.0627615	0.1266376	0.0936639	0.1276596	0.1576355	0.1560694	0.2128514	0.2114537	0.1204188	0.1886792	0.2030457	0.25	0.2533333	0.2110092	0.2	0.2037037	0.2105263	0.2222222	0.1356589	
Goéland marin	0.0	0.0	0.0	0.0	0.0	0.0	0.0	0.0	0.0	0.0	0.0	0.0	0.0	0.0	0.0	0.0	0.0	0.0	0.0	0.0	0.0	0.0	0.0	0.0	0.0	0.0	0.0	0.0	0.0	0.0	0.0	0.0	0.0	0.0	0.0	0.0040161	0.0	0.0	0.0	0.0	0.0	0.0	0.0	0.0	0.0	0.0	0.0	0.0	
Goéland brun	0.0	0.0	0.0089286	0.0	0.0	0.0	0.0	0.0	0.0	0.0	0.0015	0.0	0.0	0.0	0.0	0.009009	0.0	0.003268	0.0	0.0	0.0	0.0035461	0.0	0.0	0.0	0.002457	0.0026042	0.0022936	0.0	0.0	0.0	0.0027548	0.0	0.0	0.0057803	0.0040161	0.0	0.0	0.0015	0.0101523	0.0	0.0	0.0	0.0	0.0	0.0075188	0.0	0.0077519	
goéland sp. (Larus sp.)	0.0212766	0.0208333	0.0357143	0.0252525	0.0234375	0.0175439	0.0096618	0.009009	0.0066667	0.0106952	0.0114943	0.0092308	0.0043668	0.0176678	0.021645	0.003003	0.0015	0.0	0.0	0.0	0.0	0.0015	0.0	0.0	0.0	0.0	0.0015	0.0	0.0	0.0	0.0	0.0	0.0	0.0098522	0.0057803	0.0	0.0	0.0	0.0	0.0101523	0.0	0.0066667	0.0183486	0.0	0.0185185	0.0	0.0079365	0.0077519	
goéland ou mouette sp.	0.0042553	0.0	0.0	0.0	0.0	0.005848	0.0	0.0	0.0	0.0	0.0	0.0061538	0.0087336	0.0	0.004329	0.003003	0.0	0.0	0.0032787	0.0022523	0.0	0.0	0.0	0.0080429	0.0036101	0.004914	0.0078125	0.0022936	0.0109489	0.0	0.0	0.0027548	0.0	0.0	0.0015	0.0	0.0132159	0.0052356	0.0062893	0.0050761	0.0197368	0.02	0.0091743	0.0	0.0	0.0	0.0	0.0116279	
Sterne caspienne	0.0	0.0	0.0	0.0	0.0	0.0	0.0	0.0	0.0	0.0	0.0	0.0	0.0	0.0	0.0	0.0	0.0	0.0	0.0	0.0	0.0	0.0	0.0	0.0	0.0	0.0	0.0	0.0	0.0	0.0	0.0	0.0082645	0.0	0.0	0.0057803	0.0	0.0	0.0	0.0	0.0	0.0	0.0	0.0	0.0	0.0	0.0	0.0	0.0	
Guifette moustac	0.0	0.0	0.0	0.0	0.0	0.0	0.0	0.0	0.0	0.0	0.0	0.0	0.0	0.0035336	0.0	0.0	0.0	0.0	0.0	0.0	0.0	0.0	0.0	0.0	0.0015	0.0	0.0	0.0	0.0	0.0	0.0	0.0	0.0	0.0	0.0	0.0	0.0	0.0	0.0	0.0	0.0	0.0	0.0	0.0	0.0	0.0	0.0	0.0	
Guifette noire	0.0	0.0	0.0	0.0	0.0	0.0	0.0	0.0	0.0	0.0	0.0	0.0	0.0	0.0	0.0	0.0	0.0152672	0.0065359	0.0032787	0.0022523	0.0	0.0035461	0.0	0.0	0.0015	0.0	0.0	0.0	0.0	0.0	0.0087336	0.0	0.0042553	0.0246305	0.0057803	0.0	0.0	0.0	0.0	0.0	0.0	0.0	0.0	0.0	0.0	0.0	0.0	0.0	
Sterne pierregarin	0.0	0.0	0.0	0.0	0.0	0.0	0.0	0.0	0.0	0.0	0.0	0.0	0.0	0.0176678	0.0015	0.018018	0.0229008	0.0392157	0.0393443	0.009009	0.0096774	0.0035461	0.0118577	0.0080429	0.0108303	0.004914	0.0	0.0068807	0.0	0.0	0.0	0.0165289	0.0170213	0.0098522	0.0289017	0.0160643	0.0044053	0.0	0.0	0.0	0.0	0.0066667	0.0	0.0	0.0	0.0	0.0	0.0	
Sterne caugek	0.0	0.0	0.0	0.0	0.0	0.0	0.0	0.0	0.0	0.0	0.0	0.0	0.0	0.0	0.0	0.0	0.0	0.0	0.0	0.0	0.0	0.0	0.0	0.0	0.0015	0.0	0.0	0.0	0.0	0.0	0.0	0.0	0.0	0.0	0.0	0.0	0.0	0.0	0.0	0.0	0.0	0.0	0.0	0.0	0.0	0.0	0.0	0.0	
sterne sp.	0.0	0.0	0.0	0.0	0.0	0.0	0.0	0.0	0.0	0.0	0.0	0.0	0.0	0.0	0.0	0.0	0.0	0.0	0.0	0.0	0.0	0.0	0.0	0.002681	0.0	0.0	0.0026042	0.0	0.0	0.0	0.0	0.0	0.0	0.0	0.0	0.0	0.0	0.0	0.0	0.0	0.0	0.0	0.0	0.0	0.0	0.0	0.0	0.0	
Grèbe castagneux	0.0340426	0.0902778	0.0535714	0.0959596	0.078125	0.0994152	0.0289855	0.0720721	0.0533333	0.0802139	0.0727969	0.0461538	0.0262009	0.0459364	0.017316	0.024024	0.0114504	0.0196078	0.0098361	0.0	0.0193548	0.0035461	0.0158103	0.0053619	0.0216606	0.007371	0.015625	0.0183486	0.0072993	0.0125523	0.0262009	0.046832	0.0382979	0.0689655	0.0520231	0.064257	0.0881057	0.0680628	0.0691824	0.0812183	0.0855263	0.12	0.1743119	0.1	0.1296296	0.1052632	0.0634921	0.0503876	
Grèbe esclavon	0.0	0.0	0.0	0.0050505	0.0078125	0.0	0.0096618	0.0	0.0	0.0	0.0	0.0	0.0	0.0	0.0	0.0	0.0	0.0	0.0	0.0	0.0	0.0	0.0	0.0	0.0	0.0	0.0	0.0	0.0	0.0	0.0	0.0	0.0	0.0	0.0	0.0	0.0	0.0104712	0.0	0.0050761	0.0065789	0.0	0.0091743	0.0125	0.0092593	0.0150376	0.0079365	0.0	
Grèbe jougris	0.0042553	0.0069444	0.0	0.0	0.0	0.0	0.0096618	0.0015	0.0	0.0	0.0	0.0	0.0	0.0	0.0	0.0	0.0	0.0	0.0	0.0	0.0	0.0	0.0	0.0	0.0	0.0	0.0	0.0	0.0	0.0	0.0	0.0	0.0	0.0	0.0	0.0	0.0	0.0	0.0	0.0050761	0.0526316	0.0	0.0	0.0	0.0	0.0	0.0	0.0	
Grèbe huppé	0.1148936	0.1944444	0.1696429	0.2222222	0.2265625	0.1812865	0.1400966	0.1711712	0.1633333	0.1604278	0.183908	0.1353846	0.1921397	0.1872792	0.1471861	0.1861862	0.1679389	0.1797386	0.1770492	0.1193694	0.1096774	0.1170213	0.1185771	0.0831099	0.1119134	0.1031941	0.0833333	0.1123853	0.0547445	0.083682	0.1353712	0.0964187	0.1191489	0.1871921	0.150289	0.1967871	0.246696	0.1623037	0.1761006	0.2335025	0.2565789	0.2466667	0.2844037	0.19375	0.1759259	0.2180451	0.1825397	0.127907	
Grèbe à cou noir	0.0468085	0.0625	0.0357143	0.0808081	0.0625	0.0584795	0.0338164	0.0540541	0.04	0.0802139	0.0383142	0.0461538	0.0436681	0.0388693	0.025974	0.012012	0.0	0.0	0.0032787	0.0022523	0.0	0.0035461	0.0039526	0.0	0.0072202	0.0	0.0	0.0022936	0.0072993	0.0083682	0.0174672	0.0110193	0.0340426	0.0295567	0.0635838	0.0763052	0.0881057	0.0628272	0.0503145	0.0558376	0.0921053	0.0933333	0.1100917	0.09375	0.0925926	0.0676692	0.0873016	0.0310078	
Grèbe esclavon ou G. à cou noir	0.0	0.0	0.0	0.0	0.0	0.0	0.0	0.0	0.0	0.0	0.0	0.0	0.0	0.0035336	0.012987	0.003003	0.0	0.0	0.0	0.0	0.0	0.0	0.0	0.0	0.0	0.0	0.0	0.0	0.0	0.0	0.0	0.0	0.0	0.0	0.0	0.0	0.0	0.0	0.0	0.0	0.0065789	0.0	0.0	0.0	0.0	0.0	0.0	0.0	
Plongeon catmarin	0.0	0.0	0.0	0.010101	0.0	0.005848	0.0	0.0	0.0	0.0	0.0	0.0061538	0.0043668	0.0035336	0.0	0.0	0.0	0.0	0.0	0.0	0.0	0.0	0.0	0.0	0.0	0.0	0.0	0.0	0.0	0.0	0.0	0.0	0.0	0.0	0.0	0.0	0.0	0.0	0.0	0.0	0.0	0.0	0.0	0.0	0.0	0.0	0.0	0.0077519	
Plongeon arctique	0.0	0.0	0.0178571	0.0252525	0.015625	0.0	0.0096618	0.0	0.0033333	0.0	0.0	0.0	0.0	0.0035336	0.0	0.0	0.0	0.0	0.0	0.0	0.0	0.0	0.0	0.0	0.0	0.0	0.0	0.0	0.0	0.0	0.0	0.0	0.0	0.0	0.0	0.0	0.0	0.0	0.0	0.0	0.0065789	0.0	0.0	0.0	0.0	0.0075188	0.0	0.0	
Plongeon imbrin	0.0	0.0	0.0	0.0050505	0.0	0.0	0.0	0.0	0.0	0.0	0.0038314	0.0	0.0	0.0035336	0.0	0.0	0.0	0.0	0.0	0.0	0.0	0.0	0.0	0.0	0.0	0.0	0.0	0.0	0.0	0.0	0.0	0.0	0.0	0.0	0.0	0.0	0.0	0.0	0.0	0.0	0.0	0.0	0.0	0.0	0.0	0.0	0.0	0.0	
Cigogne noire	0.0	0.0	0.0	0.0	0.0	0.0	0.0	0.0	0.0033333	0.0	0.0	0.0015	0.0043668	0.0	0.008658	0.003003	0.0	0.0	0.0032787	0.0	0.0	0.0	0.0	0.0	0.0	0.0	0.0	0.0	0.0	0.0	0.0	0.0082645	0.0085106	0.0049261	0.0346821	0.0	0.0	0.0	0.0	0.0	0.0	0.0	0.0	0.0	0.0	0.0	0.0	0.0	
Cigogne blanche	0.0	0.0	0.0089286	0.0	0.0	0.0	0.0048309	0.0	0.0	0.0015	0.0015	0.0	0.0015	0.0035336	0.0	0.003003	0.0038168	0.0	0.0032787	0.0	0.0015	0.0	0.0	0.002681	0.0	0.004914	0.0	0.0015	0.0015	0.0041841	0.0087336	0.0055096	0.0170213	0.0197044	0.0346821	0.0120482	0.0044053	0.0104712	0.0062893	0.0050761	0.0	0.0133333	0.0	0.0	0.0	0.0	0.0	0.0	
Cormoran pygmée	0.0	0.0	0.0	0.0	0.0	0.0	0.0	0.0	0.0	0.0	0.0	0.0	0.0	0.0	0.0	0.0	0.0	0.0	0.0	0.0	0.0	0.0	0.0	0.0	0.0	0.0	0.0	0.0	0.0	0.0	0.0	0.0	0.0	0.0	0.0	0.0	0.0	0.0	0.0	0.0050761	0.0	0.0	0.0	0.0	0.0	0.0	0.0	0.0	
Grand Cormoran	0.1404255	0.1944444	0.1785714	0.2070707	0.1875	0.1578947	0.1256039	0.1981982	0.15	0.1604278	0.1800766	0.1846154	0.2227074	0.2014134	0.1601732	0.1771772	0.1679389	0.1437908	0.1508197	0.0472973	0.0612903	0.0673759	0.0869565	0.0428954	0.0758123	0.0933661	0.0572917	0.0573394	0.0145985	0.0627615	0.0829694	0.0991736	0.1234043	0.1477833	0.1791908	0.184739	0.246696	0.1623037	0.1823899	0.2741117	0.2763158	0.2666667	0.2844037	0.23125	0.1851852	0.2180451	0.1984127	0.1434109	
Ibis falcinelle	0.0	0.0	0.0	0.0	0.0	0.0	0.0	0.0	0.0	0.0	0.0	0.0	0.0	0.0	0.0	0.0	0.0	0.0015	0.0	0.0	0.0	0.0	0.0	0.0	0.0	0.0	0.0	0.0	0.0	0.0	0.0	0.0	0.0	0.0	0.0	0.0	0.0	0.0	0.0	0.0	0.0	0.0	0.0	0.0	0.0	0.0	0.0	0.0	
Ibis chauve	0.0	0.0	0.0	0.0	0.0	0.0	0.0	0.0	0.0	0.0	0.0	0.0	0.0	0.0	0.0	0.0	0.0	0.0	0.0	0.0	0.0	0.0	0.0	0.0	0.0	0.0	0.0	0.0	0.0	0.0	0.0	0.0	0.0	0.0	0.0	0.0	0.0	0.0	0.0062893	0.0050761	0.0131579	0.0	0.0	0.0	0.0	0.0	0.0	0.0	
Butor étoilé	0.0	0.0	0.0	0.0	0.0078125	0.0	0.0	0.0	0.0	0.0015	0.0	0.0	0.0	0.0	0.0	0.0	0.0	0.0	0.0	0.0	0.0	0.0	0.0	0.0	0.0	0.0	0.0	0.0	0.0	0.0	0.0	0.0	0.0	0.0	0.0	0.0	0.0	0.0	0.0	0.0	0.0	0.0	0.0	0.0	0.0	0.0	0.0	0.0	
Blongios nain	0.0	0.0	0.0	0.0	0.0	0.0	0.0	0.0	0.0	0.0	0.0	0.0	0.0	0.0	0.0	0.009009	0.0	0.0065359	0.0163934	0.0157658	0.0193548	0.0177305	0.0	0.0053619	0.0072202	0.004914	0.0026042	0.0068807	0.0072993	0.0041841	0.0	0.0	0.0	0.0	0.0	0.0	0.0	0.0	0.0	0.0	0.0	0.0	0.0	0.0	0.0	0.0	0.0	0.0	
Bihoreau gris	0.0	0.0	0.0	0.0	0.0	0.0	0.0	0.0	0.0	0.0	0.0	0.0	0.0	0.0070671	0.021645	0.003003	0.0229008	0.0228758	0.0032787	0.0067568	0.0096774	0.0177305	0.0	0.002681	0.0072202	0.004914	0.0	0.0068807	0.0072993	0.0	0.0043668	0.0	0.0	0.0	0.0	0.0	0.0	0.0	0.0	0.0	0.0	0.0	0.0	0.0	0.0	0.0	0.0	0.0	
Aigrette garzette	0.0	0.0	0.0	0.0	0.0	0.0	0.0048309	0.0	0.0	0.0	0.0	0.0	0.0	0.0070671	0.0	0.024024	0.0343511	0.0294118	0.0295082	0.0112613	0.0032258	0.0070922	0.0039526	0.0015	0.0036101	0.0	0.0	0.0022936	0.0	0.0	0.0	0.0082645	0.0042553	0.0049261	0.0115607	0.0040161	0.0	0.0	0.0	0.0050761	0.0	0.0	0.0	0.0	0.0	0.0	0.0	0.0	
Egretta sp.	0.0	0.0	0.0	0.0	0.0	0.0	0.0	0.0	0.0	0.0	0.0	0.0	0.0	0.0	0.0	0.0	0.0	0.0	0.0	0.0	0.0	0.0	0.0	0.0	0.0	0.0	0.0	0.0	0.0	0.0	0.0	0.0	0.0	0.0015	0.0	0.0	0.0	0.0	0.0	0.0	0.0	0.0	0.0	0.0	0.0	0.0	0.0	0.0	
Crabier chevelu	0.0	0.0	0.0	0.0	0.0	0.0	0.0	0.0	0.0	0.0	0.0	0.0	0.0	0.0	0.0	0.0	0.0	0.0065359	0.0032787	0.0	0.0032258	0.0035461	0.0	0.0	0.0	0.0	0.0	0.0	0.0	0.0	0.0043668	0.0027548	0.0	0.0	0.0	0.0	0.0	0.0	0.0	0.0	0.0	0.0	0.0	0.0	0.0	0.0	0.0	0.0	
Héron garde-boeufs	0.0	0.0	0.0	0.0	0.0	0.0	0.0	0.0	0.0	0.0	0.0	0.0030769	0.0	0.0035336	0.004329	0.006006	0.0038168	0.003268	0.0098361	0.0	0.0	0.0	0.0	0.0	0.0	0.0	0.0	0.0	0.0	0.0	0.0	0.0027548	0.0	0.0	0.0	0.0	0.0	0.0	0.0	0.0	0.0	0.0	0.0091743	0.0	0.0	0.0	0.0	0.0	
Grande Aigrette	0.0212766	0.0069444	0.0178571	0.0015	0.015625	0.0175439	0.0241546	0.0135135	0.0133333	0.0106952	0.0114943	0.0307692	0.0043668	0.0106007	0.017316	0.003003	0.0	0.0	0.0065574	0.0	0.0032258	0.0070922	0.0	0.0	0.0	0.0	0.0	0.0	0.0	0.0	0.0087336	0.0055096	0.0170213	0.0098522	0.0231214	0.0080321	0.0088106	0.0052356	0.0125786	0.0304569	0.0065789	0.0266667	0.0091743	0.00625	0.0	0.0015	0.015873	0.003876	
Héron cendré	0.1404255	0.2222222	0.1607143	0.1969697	0.25	0.2573099	0.115942	0.1981982	0.17	0.2032086	0.2260536	0.2492308	0.2358079	0.254417	0.2294372	0.2582583	0.259542	0.1960784	0.157377	0.1283784	0.116129	0.1276596	0.1225296	0.0938338	0.0830325	0.1130221	0.0807292	0.0756881	0.0656934	0.0794979	0.0524017	0.1157025	0.1404255	0.1625616	0.2196532	0.2128514	0.2114537	0.1937173	0.2138365	0.213198	0.2171053	0.2	0.2568807	0.2	0.2222222	0.1353383	0.1587302	0.1317829	
Héron pourpré	0.0	0.0	0.0	0.0	0.0	0.0	0.0	0.0	0.0	0.0	0.0	0.0030769	0.0	0.0070671	0.025974	0.027027	0.0038168	0.0098039	0.0065574	0.0067568	0.0064516	0.0141844	0.0015	0.0053619	0.0	0.002457	0.0	0.0	0.0	0.0041841	0.0	0.0055096	0.0	0.0	0.017341	0.0040161	0.0	0.0	0.0	0.0	0.0	0.0	0.0	0.0	0.0	0.0	0.0	0.0	
ardeidé sp.	0.0	0.0	0.0	0.0	0.0	0.005848	0.0	0.0	0.0	0.0	0.0	0.0	0.0	0.0	0.0	0.0	0.0	0.0	0.0	0.0	0.0	0.0	0.0	0.0	0.0	0.0	0.0	0.0	0.0036496	0.0083682	0.0043668	0.0082645	0.0	0.0	0.0	0.0	0.0	0.0	0.0	0.0	0.0	0.0	0.0	0.0	0.0	0.0	0.0	0.0	
Urubu à tête rouge	0.0	0.0	0.0	0.0	0.0	0.0	0.0	0.0	0.0	0.0	0.0	0.0030769	0.0	0.0	0.0	0.0	0.0	0.0	0.0	0.0	0.0	0.0	0.0	0.0	0.0	0.0	0.0	0.0	0.0	0.0	0.0	0.0	0.0	0.0	0.0	0.0	0.0	0.0	0.0	0.0	0.0	0.0	0.0	0.0	0.0	0.0	0.0	0.0	
Balbuzard pêcheur	0.0	0.0	0.0	0.0	0.0	0.0	0.0	0.0	0.0	0.0	0.0	0.0	0.0	0.0035336	0.004329	0.0	0.0	0.0	0.0	0.0	0.0	0.0	0.0	0.0	0.0	0.0	0.0	0.0	0.0	0.0	0.0087336	0.0027548	0.0170213	0.0394089	0.0462428	0.0080321	0.0132159	0.0052356	0.0062893	0.0050761	0.0	0.0	0.0	0.0	0.0	0.0	0.0	0.0	
Élanion blanc	0.0	0.0	0.0	0.0	0.0	0.0	0.0	0.0	0.0	0.0	0.0	0.0	0.0	0.0	0.0	0.0	0.0	0.0	0.0	0.0	0.0	0.0106383	0.0	0.0	0.0	0.0	0.0	0.0	0.0	0.0	0.0	0.0	0.0	0.0	0.0	0.0040161	0.0	0.0	0.0	0.0	0.0	0.0	0.0	0.0	0.0	0.0	0.0	0.0	
Gypaète barbu	0.0255319	0.0015	0.0357143	0.0252525	0.03125	0.0233918	0.0531401	0.018018	0.0166667	0.0374332	0.0306513	0.0153846	0.0305677	0.0353357	0.012987	0.033033	0.0114504	0.0653595	0.0655738	0.0900901	0.0645161	0.0815603	0.0671937	0.0482574	0.0722022	0.0663391	0.0677083	0.0665138	0.0839416	0.1129707	0.1222707	0.0881543	0.0808511	0.0541872	0.1156069	0.1004016	0.1057269	0.0680628	0.0754717	0.0862944	0.0197368	0.0866667	0.0275229	0.0125	0.0092593	0.0150376	0.015873	0.0232558	
Bondrée apivore	0.0	0.0	0.0	0.0	0.0	0.0	0.0	0.0	0.0	0.0	0.0	0.0	0.0	0.0	0.008658	0.003003	0.0	0.0457516	0.0655738	0.0540541	0.0290323	0.0177305	0.0118577	0.0160858	0.032491	0.014742	0.0208333	0.0458716	0.1021898	0.083682	0.0960699	0.0853994	0.0978723	0.0935961	0.0924855	0.0281124	0.0088106	0.0	0.0	0.0	0.0	0.0	0.0	0.0	0.0	0.0	0.0	0.0	
Vautour moine	0.0	0.0	0.0	0.0	0.0	0.0	0.0	0.0	0.0	0.0	0.0	0.0	0.0	0.0	0.0	0.0	0.0	0.0	0.0032787	0.0045045	0.0032258	0.0	0.0118577	0.0107239	0.0108303	0.004914	0.0078125	0.0045872	0.0291971	0.0125523	0.0131004	0.0220386	0.0212766	0.0197044	0.0115607	0.0120482	0.0088106	0.0015	0.0	0.0	0.0	0.0	0.0	0.0	0.0	0.0	0.0	0.0	
Vautour fauve	0.0	0.0	0.0	0.0	0.0	0.005848	0.0	0.0	0.0	0.0	0.0	0.0	0.0087336	0.0	0.004329	0.006006	0.0114504	0.0130719	0.0295082	0.0788288	0.0580645	0.0851064	0.1225296	0.1126005	0.1552347	0.1523342	0.1328125	0.1399083	0.2043796	0.2343096	0.2270742	0.1707989	0.1744681	0.182266	0.2080925	0.1405622	0.092511	0.0837696	0.0503145	0.071066	0.0065789	0.0	0.0	0.0	0.0	0.0	0.0	0.0	
Circaète Jean-le-Blanc	0.0	0.0	0.0	0.0	0.0	0.0	0.0	0.0	0.0	0.0	0.0	0.0030769	0.0131004	0.0106007	0.0	0.0	0.0076336	0.0196078	0.0327869	0.0315315	0.0225806	0.0141844	0.027668	0.0348525	0.0433213	0.029484	0.0442708	0.0298165	0.0583942	0.0585774	0.0480349	0.0385675	0.0382979	0.0344828	0.0115607	0.0120482	0.0044053	0.0	0.0	0.0	0.0	0.0	0.0	0.0	0.0	0.0	0.0	0.0	
Aigle botté	0.0	0.0	0.0	0.0	0.0	0.0	0.0	0.0	0.0	0.0	0.0	0.0	0.0	0.0	0.0	0.0	0.0	0.0	0.0	0.0	0.0	0.0	0.0	0.0	0.0	0.0	0.0015	0.0015	0.0	0.0	0.0	0.0	0.0	0.0	0.0	0.0	0.0	0.0	0.0	0.0	0.0	0.0	0.0	0.0	0.0	0.0	0.0	0.0	
Aigle royal	0.0510638	0.0208333	0.0625	0.0858586	0.0546875	0.0701754	0.1111111	0.0585586	0.0366667	0.0802139	0.0842912	0.0923077	0.1091703	0.0777385	0.0692641	0.0690691	0.0496183	0.0555556	0.0786885	0.0743243	0.0677419	0.0460993	0.0790514	0.0563003	0.0361011	0.0712531	0.0520833	0.0688073	0.1240876	0.0878661	0.1310044	0.0964187	0.1489362	0.0935961	0.1445087	0.0963855	0.0837004	0.0680628	0.1194969	0.0964467	0.0460526	0.0733333	0.0366972	0.0375	0.037037	0.0300752	0.0555556	0.0426357	
Aquila sp.	0.0	0.0	0.0	0.0	0.0	0.0	0.0	0.0	0.0	0.0	0.0	0.0	0.0	0.0	0.0	0.0	0.0	0.003268	0.0	0.0	0.0032258	0.0035461	0.0	0.0	0.0	0.002457	0.0	0.0	0.0	0.0	0.0	0.0	0.0042553	0.0	0.0	0.0	0.0	0.0	0.0	0.0	0.0	0.0	0.0	0.0	0.0	0.0	0.0	0.0	
Épervier d'Europe	0.0893617	0.0833333	0.0714286	0.0707071	0.125	0.0818713	0.0676329	0.0630631	0.0633333	0.0588235	0.1187739	0.1292308	0.1615721	0.1625442	0.1471861	0.1171171	0.0954198	0.0915033	0.052459	0.0833333	0.0451613	0.035461	0.0711462	0.0482574	0.0649819	0.0614251	0.0520833	0.0642202	0.1058394	0.0920502	0.1310044	0.1157025	0.1319149	0.1527094	0.2023121	0.1285141	0.1365639	0.1413613	0.1320755	0.142132	0.1315789	0.1133333	0.146789	0.125	0.1481481	0.112782	0.0952381	0.0310078	
Autour des palombes	0.0170213	0.0	0.0089286	0.0050505	0.0234375	0.0175439	0.0144928	0.0225225	0.0133333	0.0160428	0.0421456	0.0369231	0.0480349	0.0530035	0.025974	0.012012	0.0152672	0.0228758	0.0015	0.0045045	0.0129032	0.0035461	0.0079051	0.0053619	0.0072202	0.012285	0.0052083	0.0068807	0.0145985	0.0125523	0.0349345	0.0192837	0.012766	0.0344828	0.017341	0.0120482	0.0264317	0.026178	0.0125786	0.0406091	0.0263158	0.02	0.0091743	0.0125	0.0277778	0.0150376	0.0079365	0.0155039	
Aerospiza, Tachyspiza, Accipiter ou Astur sp.	0.0	0.0	0.0	0.0	0.0	0.0	0.0	0.0	0.0	0.0	0.0	0.0015	0.0	0.0	0.0	0.0	0.0	0.0	0.0	0.0	0.0	0.0	0.0	0.0	0.0	0.0	0.0026042	0.0	0.0	0.0	0.0	0.0	0.0	0.0	0.0	0.0	0.0	0.0	0.0015	0.0	0.0	0.0	0.0	0.0	0.0092593	0.0	0.0	0.0	
Busard des roseaux	0.0	0.0	0.0	0.0	0.0	0.0	0.0	0.0	0.0	0.0	0.0038314	0.0492308	0.0349345	0.0424028	0.0519481	0.042042	0.0343511	0.0130719	0.0131148	0.0067568	0.0096774	0.0106383	0.0	0.0	0.0	0.0	0.0	0.0	0.0	0.0041841	0.0131004	0.0110193	0.0510638	0.0788177	0.1040462	0.0401606	0.0176211	0.0209424	0.0125786	0.0203046	0.0	0.0	0.0	0.0	0.0	0.0	0.0	0.0	
Busard Saint-Martin	0.0	0.0	0.0	0.0050505	0.0015	0.0	0.0	0.0	0.0	0.0	0.0	0.0030769	0.0087336	0.0	0.004329	0.003003	0.0038168	0.0	0.0	0.0	0.0	0.0	0.0	0.0	0.0	0.0	0.0	0.0015	0.0	0.0	0.0	0.0	0.0015	0.0	0.0057803	0.0015	0.0	0.0104712	0.0	0.0050761	0.0131579	0.0133333	0.0091743	0.0	0.0015	0.0	0.0015	0.0	
Busard pâle	0.0	0.0	0.0	0.0	0.0	0.0	0.0	0.0	0.0	0.0	0.0	0.0	0.0	0.0	0.004329	0.0	0.0	0.0	0.0	0.0	0.0	0.0	0.0	0.0	0.0	0.0	0.0	0.0	0.0	0.0	0.0	0.0	0.0	0.0049261	0.0	0.0	0.0	0.0052356	0.0	0.0	0.0	0.0	0.0	0.0	0.0	0.0	0.0	0.0	
Busard cendré	0.0	0.0	0.0	0.0	0.0	0.0	0.0	0.0	0.0	0.0	0.0	0.0	0.0	0.0015	0.0	0.006006	0.0038168	0.0	0.0	0.0022523	0.0	0.0	0.0	0.0	0.0	0.0	0.0	0.0	0.0036496	0.0041841	0.0015	0.0055096	0.0085106	0.0	0.0015	0.0	0.0	0.0	0.0	0.0	0.0	0.0	0.0	0.0	0.0	0.0	0.0	0.0	
Busard pâle ou B. cendré	0.0	0.0	0.0	0.0	0.0	0.0	0.0	0.0	0.0	0.0	0.0	0.0	0.0	0.0	0.0	0.0	0.0	0.0	0.0	0.0	0.0	0.0	0.0	0.0	0.0	0.0	0.0	0.0	0.0	0.0	0.0	0.0	0.0	0.0	0.0057803	0.0	0.0	0.0	0.0	0.0	0.0	0.0	0.0	0.0	0.0	0.0	0.0	0.0	
busard sp.	0.0	0.0	0.0	0.0	0.0	0.0	0.0	0.0	0.0	0.0	0.0	0.0	0.0	0.0015	0.0	0.0	0.0038168	0.0	0.0	0.0	0.0	0.0	0.0	0.0	0.0	0.0	0.0	0.0	0.0	0.0	0.0	0.0	0.0	0.0	0.0057803	0.0	0.0	0.0052356	0.0062893	0.0	0.0	0.0	0.0	0.0	0.0	0.0	0.0	0.0	
Milan royal	0.0085106	0.0416667	0.0267857	0.0151515	0.03125	0.0409357	0.0724638	0.1396396	0.1166667	0.1176471	0.2222222	0.1784615	0.2139738	0.1660777	0.1645022	0.1081081	0.0992366	0.1405229	0.104918	0.1216216	0.0806452	0.1134752	0.1146245	0.0884718	0.101083	0.0884521	0.0859375	0.1009174	0.0839416	0.1380753	0.1266376	0.0881543	0.1191489	0.1330049	0.132948	0.0763052	0.0704846	0.0890052	0.0691824	0.0507614	0.0131579	0.04	0.0366972	0.0015	0.0185185	0.0075188	0.031746	0.0077519	
Milan noir	0.0	0.0	0.0	0.0	0.0015	0.0015	0.0015	0.0045045	0.0133333	0.1229947	0.2796935	0.3815385	0.4978166	0.4982332	0.4588745	0.4654655	0.4160305	0.4019608	0.3967213	0.3085586	0.2870968	0.2624113	0.3280632	0.2493298	0.3032491	0.3415233	0.2864583	0.293578	0.189781	0.1589958	0.0611354	0.0137741	0.0340426	0.0394089	0.0520231	0.0321285	0.0015	0.0052356	0.0	0.0152284	0.0	0.0015	0.0	0.0	0.0	0.0	0.0	0.0	
Milan royal ou M. noir	0.0	0.0	0.0	0.0	0.0	0.0	0.0	0.0	0.0015	0.0	0.0153257	0.0	0.0	0.0015	0.0	0.0	0.0	0.0	0.0	0.0022523	0.0	0.0	0.0	0.0	0.0036101	0.017199	0.0	0.0045872	0.0	0.0	0.0	0.0	0.0	0.0	0.0	0.0	0.0	0.0	0.0	0.0	0.0	0.0	0.0	0.0	0.0	0.0	0.0	0.0	
Pygargue à queue blanche	0.0	0.0015	0.0015	0.0015	0.0	0.0	0.0	0.0	0.0	0.0015	0.0038314	0.0	0.0	0.0	0.0	0.0015	0.0	0.0	0.0	0.0022523	0.0	0.0	0.0	0.0	0.0	0.0	0.0	0.0	0.0	0.0	0.0	0.0	0.0	0.0	0.0	0.0040161	0.0015	0.0209424	0.0062893	0.0	0.0	0.0015	0.0	0.0	0.0	0.0	0.0	0.003876	
Buse variable	0.2851064	0.3680556	0.3392857	0.3383838	0.4140625	0.5263158	0.3961353	0.3918919	0.3733333	0.4331551	0.4904215	0.4153846	0.4585153	0.4452297	0.4242424	0.4144144	0.3778626	0.4019608	0.3344262	0.3378378	0.2612903	0.2588652	0.3359684	0.2707775	0.2851986	0.2948403	0.2760417	0.3188073	0.3357664	0.3389121	0.4279476	0.3608815	0.4212766	0.408867	0.4797688	0.4176707	0.3788546	0.3612565	0.3647799	0.4467005	0.3815789	0.3933333	0.4311927	0.3375	0.3703704	0.2255639	0.2857143	0.2403101	
Buteo sp.	0.0	0.0	0.0	0.0	0.0	0.0	0.0	0.0	0.0	0.0	0.0	0.0	0.0	0.0	0.0	0.003003	0.0	0.0	0.0	0.0	0.0	0.0	0.0	0.0053619	0.0072202	0.0	0.0	0.0045872	0.0	0.0	0.0	0.0	0.0	0.0	0.0	0.0	0.0	0.0	0.0	0.0	0.0	0.0	0.0	0.0	0.0	0.0	0.0	0.0	
rapace sp.	0.0015	0.0069444	0.0	0.0	0.0	0.0	0.0	0.0	0.0	0.0	0.0	0.0	0.0043668	0.0035336	0.004329	0.003003	0.0038168	0.0	0.0	0.009009	0.0	0.0	0.0039526	0.002681	0.0	0.007371	0.0	0.0045872	0.0072993	0.0125523	0.0	0.0	0.012766	0.0049261	0.0115607	0.0040161	0.0	0.0	0.0	0.0101523	0.0	0.0066667	0.0	0.0	0.0	0.0	0.0	0.0	
Effraie des clochers	0.0	0.0	0.0	0.0	0.0	0.0	0.0	0.0	0.0	0.0	0.0	0.0	0.0	0.0141343	0.0	0.0	0.0015	0.0	0.0	0.0	0.0032258	0.0070922	0.0039526	0.0015	0.0036101	0.002457	0.0	0.0022936	0.0036496	0.0	0.0	0.0	0.0	0.0	0.0	0.0	0.0	0.0	0.0	0.0	0.0	0.0	0.0	0.0	0.0	0.0015	0.0	0.0	
Petit-duc scops	0.0	0.0	0.0	0.0	0.0	0.0	0.0	0.0	0.0	0.0	0.0	0.0	0.0	0.0	0.0	0.003003	0.0	0.0	0.0	0.0	0.0	0.0	0.0039526	0.002681	0.0	0.0	0.0	0.0	0.0	0.0	0.0	0.0	0.0	0.0	0.0	0.0	0.0	0.0	0.0	0.0	0.0	0.0	0.0	0.0	0.0	0.0	0.0	0.0	
Grand-duc d'Europe	0.0	0.0015	0.0015	0.0015	0.0015	0.005848	0.0048309	0.0015	0.0015	0.0015	0.0038314	0.0061538	0.0087336	0.0035336	0.008658	0.006006	0.0038168	0.0098039	0.0065574	0.0067568	0.0096774	0.0177305	0.0158103	0.0015	0.0036101	0.002457	0.0	0.0022936	0.0036496	0.0041841	0.0043668	0.0055096	0.0015	0.0	0.0	0.0040161	0.0	0.0	0.0	0.0101523	0.0	0.0	0.0	0.0	0.0	0.0	0.0	0.0	
Chevêchette d'Europe	0.0042553	0.0069444	0.0	0.0353535	0.0015	0.0116959	0.0193237	0.0225225	0.04	0.0106952	0.0038314	0.0246154	0.0087336	0.0106007	0.0519481	0.024024	0.0114504	0.0015	0.0131148	0.0337838	0.0193548	0.0177305	0.0197628	0.0107239	0.0036101	0.0	0.0015	0.0045872	0.0015	0.0015	0.0	0.0	0.0085106	0.0049261	0.0	0.0	0.0015	0.0052356	0.0	0.0015	0.0065789	0.02	0.0183486	0.01875	0.0092593	0.0	0.0015	0.0232558	
Chevêche d'Athéna	0.0042553	0.0015	0.0	0.0	0.0	0.0	0.0015	0.0	0.0	0.0015	0.0015	0.0030769	0.0	0.0141343	0.0	0.003003	0.0	0.003268	0.0	0.0135135	0.0064516	0.0035461	0.0079051	0.0053619	0.0036101	0.007371	0.0	0.0045872	0.0036496	0.0	0.0	0.0	0.0	0.0	0.0	0.0	0.0	0.0	0.0	0.0	0.0	0.0	0.0	0.0	0.0	0.0	0.0	0.0015	
Chouette hulotte	0.0255319	0.0347222	0.0535714	0.0505051	0.046875	0.0467836	0.0434783	0.0405405	0.0366667	0.0213904	0.0191571	0.0123077	0.0174672	0.024735	0.025974	0.048048	0.0343511	0.0163399	0.0196721	0.027027	0.0354839	0.0212766	0.0039526	0.0214477	0.0072202	0.019656	0.0104167	0.0183486	0.0145985	0.0125523	0.0436681	0.0220386	0.0382979	0.0344828	0.0289017	0.0120482	0.0132159	0.026178	0.0628931	0.0406091	0.0394737	0.0066667	0.0183486	0.03125	0.0277778	0.0150376	0.015873	0.0465116	
Hibou moyen-duc	0.0	0.0	0.0089286	0.0	0.0	0.005848	0.0048309	0.0045045	0.0	0.0	0.0015	0.0	0.0043668	0.0015	0.0	0.0	0.0038168	0.003268	0.0032787	0.0022523	0.0032258	0.0070922	0.0039526	0.0107239	0.0036101	0.0	0.0078125	0.0022936	0.0072993	0.0015	0.0	0.0	0.0	0.0049261	0.0057803	0.0015	0.0015	0.0104712	0.0	0.0015	0.0	0.0	0.0	0.0	0.0	0.0	0.0	0.0	
Chouette de Tengmalm	0.0085106	0.0069444	0.0015	0.020202	0.0	0.0	0.0096618	0.009009	0.0166667	0.0106952	0.0076628	0.0061538	0.0	0.0070671	0.025974	0.012012	0.0114504	0.0065359	0.0098361	0.018018	0.016129	0.0141844	0.0118577	0.002681	0.0015	0.0	0.0	0.0	0.0036496	0.0041841	0.0	0.0	0.0	0.0	0.0	0.0	0.0044053	0.0	0.0	0.0	0.0	0.0066667	0.0	0.00625	0.0092593	0.0	0.0	0.0387597	
Strigiformes sp.	0.0	0.0	0.0	0.0	0.0	0.0	0.0	0.0	0.0	0.0	0.0	0.0015	0.0	0.0	0.0	0.0	0.0	0.0	0.0	0.0	0.0	0.0	0.0	0.0	0.0	0.0	0.0	0.0	0.0	0.0	0.0	0.0	0.0	0.0	0.0	0.0	0.0	0.0	0.0	0.0	0.0	0.0	0.0	0.0	0.0	0.0	0.0	0.0	
Huppe fasciée	0.0	0.0	0.0	0.0	0.0	0.0	0.0	0.0045045	0.0	0.0	0.0	0.0061538	0.0131004	0.0070671	0.021645	0.024024	0.0114504	0.0130719	0.0065574	0.0045045	0.0	0.0015	0.0039526	0.0	0.0	0.002457	0.0	0.0015	0.0	0.0	0.0	0.0055096	0.0042553	0.0	0.0	0.0015	0.0	0.0	0.0	0.0	0.0	0.0	0.0	0.0	0.0	0.0	0.0	0.0	
Guêpier d'Europe	0.0	0.0	0.0	0.0	0.0	0.0	0.0	0.0	0.0	0.0	0.0	0.0	0.0	0.0	0.004329	0.0015	0.0152672	0.0294118	0.0229508	0.0135135	0.0064516	0.0106383	0.0039526	0.002681	0.0036101	0.012285	0.0	0.0091743	0.0036496	0.0041841	0.0087336	0.0055096	0.0212766	0.044335	0.0231214	0.0	0.0	0.0	0.0	0.0	0.0	0.0	0.0	0.0	0.0	0.0	0.0	0.0	
Martin-pêcheur d'Europe	0.0468085	0.0277778	0.0089286	0.040404	0.015625	0.0526316	0.0144928	0.0225225	0.0366667	0.0427807	0.0344828	0.0246154	0.0174672	0.0212014	0.012987	0.006006	0.0152672	0.0261438	0.0131148	0.0022523	0.0193548	0.0177305	0.0079051	0.0107239	0.0144404	0.007371	0.0130208	0.0344037	0.0255474	0.0167364	0.0436681	0.0495868	0.0595745	0.0541872	0.0578035	0.0923695	0.0792952	0.1099476	0.0628931	0.071066	0.0921053	0.1266667	0.0917431	0.08125	0.0833333	0.0601504	0.0793651	0.0271318	
Rollier d'Europe	0.0	0.0	0.0	0.0	0.0	0.0	0.0	0.0	0.0	0.0	0.0	0.0	0.0	0.0	0.0	0.0	0.0	0.0	0.0	0.0	0.0	0.0	0.0	0.0	0.0	0.0	0.0	0.0	0.0036496	0.0041841	0.0043668	0.0055096	0.0042553	0.0	0.0	0.0	0.0	0.0	0.0	0.0	0.0	0.0	0.0	0.0	0.0	0.0	0.0	0.0	
Torcol fourmilier	0.0	0.0	0.0	0.0	0.0	0.0	0.0	0.0	0.0	0.0	0.0	0.0	0.0262009	0.0282686	0.047619	0.045045	0.0305344	0.0196078	0.0196721	0.0067568	0.0032258	0.0035461	0.0039526	0.002681	0.0108303	0.007371	0.0	0.0	0.0072993	0.0041841	0.0087336	0.0082645	0.0	0.0	0.0	0.0	0.0044053	0.0	0.0	0.0	0.0	0.0	0.0	0.0	0.0	0.0	0.0	0.0	
Pic tridactyle	0.0	0.0	0.0	0.0	0.0	0.005848	0.0	0.0	0.0033333	0.0	0.0	0.0092308	0.0043668	0.0	0.008658	0.009009	0.0	0.0015	0.0065574	0.0022523	0.0032258	0.0	0.0	0.002681	0.0015	0.0	0.0015	0.0022936	0.0015	0.0	0.0	0.0	0.0	0.0	0.0	0.0040161	0.0	0.0052356	0.0	0.0	0.0	0.0	0.0	0.0	0.0	0.0	0.0015	0.0	
Pic mar	0.0680851	0.0555556	0.0625	0.0707071	0.109375	0.1111111	0.0966184	0.0720721	0.02	0.0374332	0.0191571	0.0338462	0.0305677	0.0176678	0.012987	0.033033	0.0267176	0.0130719	0.0131148	0.0135135	0.0032258	0.0141844	0.0316206	0.0670241	0.0613718	0.036855	0.0416667	0.0711009	0.0255474	0.0251046	0.069869	0.0495868	0.0765957	0.0344828	0.0578035	0.0361446	0.0704846	0.0575916	0.1006289	0.1725888	0.1052632	0.0533333	0.146789	0.0875	0.1296296	0.075188	0.1111111	0.0658915	
Pic épeiche	0.387234	0.4236111	0.4196429	0.4242424	0.484375	0.4678363	0.3623188	0.3198198	0.33	0.3903743	0.4521073	0.4246154	0.4323144	0.4275618	0.3766234	0.3603604	0.3740458	0.2973856	0.2360656	0.2792793	0.2903226	0.2659574	0.284585	0.2225201	0.2093863	0.1769042	0.1875	0.233945	0.2189781	0.2552301	0.349345	0.3250689	0.3531915	0.3251232	0.3872832	0.2851406	0.3303965	0.3612565	0.3522013	0.4568528	0.4539474	0.4533333	0.4954128	0.5125	0.537037	0.4210526	0.5238095	0.3643411	
Dendrocopos sp.	0.0015	0.0	0.0	0.0	0.0	0.0	0.0	0.0	0.0	0.0	0.0	0.0	0.0	0.0	0.004329	0.0	0.0	0.0	0.0032787	0.0022523	0.0	0.0	0.0	0.0053619	0.0	0.0	0.0	0.0	0.0	0.0	0.0	0.0	0.0	0.0	0.0	0.0	0.0	0.0	0.0	0.0	0.0	0.0	0.0	0.0	0.0	0.0	0.0	0.0	
Pic épeichette	0.012766	0.0138889	0.0267857	0.0151515	0.015625	0.0233918	0.0338164	0.0225225	0.0266667	0.0160428	0.0153257	0.0153846	0.0218341	0.0212014	0.021645	0.021021	0.0114504	0.003268	0.0	0.0135135	0.0032258	0.0035461	0.0118577	0.0053619	0.0036101	0.007371	0.0052083	0.016055	0.0109489	0.0041841	0.0087336	0.0137741	0.0170213	0.0015	0.0404624	0.0120482	0.0176211	0.0104712	0.0062893	0.035533	0.0131579	0.0266667	0.0091743	0.00625	0.0185185	0.0075188	0.015873	0.003876	
Pic vert	0.1787234	0.2569444	0.2767857	0.2525253	0.390625	0.3918129	0.3285024	0.3063063	0.3266667	0.4117647	0.4521073	0.44	0.3580786	0.335689	0.2640693	0.2702703	0.2519084	0.1928105	0.1737705	0.1599099	0.1677419	0.1170213	0.1778656	0.1849866	0.198556	0.2162162	0.2161458	0.2775229	0.2518248	0.2594142	0.3537118	0.2809917	0.3617021	0.2955665	0.3583815	0.2771084	0.2643172	0.3507853	0.3018868	0.3553299	0.3815789	0.3533333	0.4036697	0.31875	0.2592593	0.2105263	0.2619048	0.1627907	
Picus sp.	0.0	0.0	0.0	0.0	0.0	0.0	0.0	0.0	0.0	0.0	0.0	0.0	0.0	0.0	0.0	0.0	0.0	0.0	0.0	0.0	0.0	0.0	0.0	0.002681	0.0	0.0	0.0	0.0	0.0	0.0	0.0	0.0	0.0	0.0	0.0	0.0	0.0	0.0	0.0	0.0	0.0	0.0	0.0	0.0	0.0	0.0	0.0	0.0	
Pic noir	0.0808511	0.0972222	0.0535714	0.1313131	0.1171875	0.0994152	0.1062802	0.0900901	0.0933333	0.0962567	0.1149425	0.1046154	0.0786026	0.0777385	0.1212121	0.0690691	0.0534351	0.0849673	0.0721311	0.0945946	0.1096774	0.0886525	0.083004	0.0884718	0.0830325	0.0614251	0.0572917	0.059633	0.0474453	0.0502092	0.0786026	0.0716253	0.1446809	0.1133005	0.1271676	0.1044177	0.0969163	0.104712	0.1132075	0.1167513	0.125	0.12	0.1834862	0.075	0.0833333	0.0526316	0.0952381	0.1085271	
pic sp.	0.0	0.0	0.0	0.0	0.0	0.0	0.0	0.0	0.0	0.0	0.0038314	0.0061538	0.0	0.0	0.004329	0.003003	0.0	0.003268	0.0015	0.0	0.0	0.0	0.0	0.002681	0.0036101	0.004914	0.0	0.0022936	0.0	0.0041841	0.0043668	0.0	0.0042553	0.0	0.0	0.0	0.0088106	0.0	0.0	0.0	0.0	0.0	0.0	0.0	0.0	0.0	0.0	0.0	
Faucon crécerelle	0.0638298	0.0902778	0.0803571	0.0454545	0.0546875	0.0701754	0.0531401	0.0585586	0.0666667	0.0855615	0.0957854	0.1107692	0.1353712	0.1696113	0.1428571	0.2312312	0.1984733	0.2058824	0.2065574	0.2657658	0.1903226	0.212766	0.2608696	0.1849866	0.1949458	0.2014742	0.2005208	0.146789	0.2080292	0.292887	0.3144105	0.292011	0.3021277	0.2807882	0.3526012	0.2329317	0.2555066	0.2303665	0.1949686	0.1472081	0.1184211	0.1466667	0.1651376	0.1	0.0648148	0.0451128	0.047619	0.0542636	
Faucon kobez	0.0	0.0	0.0	0.0	0.0	0.0	0.0	0.0	0.0	0.0	0.0	0.0	0.0	0.0	0.0	0.021021	0.0229008	0.0130719	0.0196721	0.009009	0.0	0.0	0.0	0.0	0.0	0.0	0.0	0.0	0.0	0.0	0.0	0.0	0.0	0.0	0.0	0.0	0.0015	0.0	0.0	0.0	0.0	0.0	0.0	0.0	0.0	0.0	0.0	0.0	
Faucon émerillon	0.0	0.0	0.0	0.0015	0.0	0.0	0.0	0.0	0.0	0.0	0.0038314	0.0061538	0.0043668	0.0070671	0.0	0.003003	0.0	0.0	0.0	0.0	0.0	0.0	0.0	0.0	0.0	0.0	0.0	0.0	0.0	0.0	0.0	0.0	0.0042553	0.0049261	0.0115607	0.0040161	0.0044053	0.0015	0.0188679	0.035533	0.0	0.0015	0.0	0.0	0.0	0.0	0.0	0.0	
Faucon hobereau	0.0	0.0	0.0	0.0	0.0	0.0	0.0	0.0	0.0	0.0	0.0	0.0	0.0	0.0	0.017316	0.024024	0.019084	0.0228758	0.0065574	0.018018	0.0129032	0.0177305	0.0237154	0.0214477	0.0216606	0.012285	0.0234375	0.0298165	0.040146	0.0167364	0.0436681	0.0413223	0.0553191	0.0837438	0.0751445	0.0441767	0.0396476	0.0	0.0062893	0.0050761	0.0	0.0	0.0	0.0	0.0	0.0	0.0	0.0	
Faucon pèlerin	0.0042553	0.0069444	0.0	0.010101	0.0234375	0.0116959	0.0096618	0.0135135	0.0033333	0.0106952	0.0114943	0.0430769	0.0218341	0.0070671	0.04329	0.024024	0.0229008	0.0294118	0.0163934	0.0225225	0.0129032	0.0141844	0.0039526	0.0214477	0.0216606	0.02457	0.015625	0.0137615	0.0255474	0.0125523	0.0218341	0.0247934	0.0510638	0.044335	0.0578035	0.0120482	0.0176211	0.0366492	0.0062893	0.0304569	0.0131579	0.0066667	0.0183486	0.0015	0.0015	0.0	0.031746	0.003876	
Falco sp.	0.0	0.0	0.0089286	0.0	0.0	0.0	0.0	0.0	0.0	0.0053476	0.0	0.0061538	0.0043668	0.0	0.004329	0.006006	0.0	0.0	0.0	0.0022523	0.0	0.0	0.0	0.0	0.0	0.0	0.0	0.0015	0.0	0.0083682	0.0	0.0	0.0042553	0.0	0.0057803	0.0080321	0.0	0.0	0.0	0.0	0.0	0.0	0.0	0.0	0.0	0.0	0.0	0.0	
rapace diurne sp.	0.0	0.0	0.0	0.0	0.0	0.0	0.0	0.0	0.0033333	0.0	0.0	0.0	0.0	0.0	0.0	0.0	0.0	0.0	0.0	0.0	0.0	0.0	0.0	0.0	0.0	0.002457	0.0015	0.0	0.0	0.0	0.0	0.0	0.0	0.0	0.0	0.0	0.0	0.0	0.0	0.0	0.0	0.0	0.0	0.0	0.0	0.0	0.0	0.0	
Loriot d'Europe	0.0	0.0	0.0	0.0	0.0	0.0	0.0	0.0	0.0	0.0	0.0	0.0	0.0	0.0070671	0.0	0.03003	0.0916031	0.0915033	0.0622951	0.0630631	0.0387097	0.035461	0.0474308	0.0294906	0.0216606	0.04914	0.0130208	0.0229358	0.0109489	0.0292887	0.0087336	0.0	0.0	0.0	0.0	0.0	0.0	0.0	0.0	0.0	0.0	0.0	0.0	0.0	0.0	0.0	0.0	0.0	
Pie-grièche écorcheur	0.0	0.0	0.0	0.0	0.0	0.0	0.0	0.0	0.0	0.0	0.0	0.0	0.0	0.0	0.0	0.018018	0.0572519	0.1339869	0.0983607	0.1689189	0.116129	0.1099291	0.1343874	0.0938338	0.1299639	0.1056511	0.1067708	0.1077982	0.1094891	0.0753138	0.0960699	0.030303	0.0510638	0.0541872	0.0231214	0.0040161	0.0	0.0	0.0	0.0	0.0	0.0	0.0	0.0	0.0	0.0	0.0	0.0	
Pie-grièche isabelle	0.0	0.0	0.0	0.0	0.0	0.0	0.0	0.0	0.0	0.0	0.0	0.0	0.0	0.0	0.0	0.003003	0.0038168	0.0	0.0	0.0	0.0	0.0	0.0	0.0	0.0	0.0	0.0	0.0	0.0	0.0	0.0	0.0	0.0	0.0	0.0	0.0	0.0	0.0	0.0	0.0	0.0	0.0	0.0	0.0	0.0	0.0	0.0	0.0	
Pie-grièche grise	0.0	0.0	0.0	0.0	0.0	0.0	0.0	0.0	0.0	0.0	0.0	0.0	0.0	0.0	0.0	0.0	0.0	0.0	0.0	0.0	0.0	0.0	0.0	0.0	0.0	0.0	0.0	0.0	0.0	0.0	0.0	0.0	0.0	0.0	0.0	0.0	0.0	0.0052356	0.0	0.0050761	0.0015	0.0066667	0.0	0.0	0.0	0.0	0.0	0.0	
Pie-grièche à poitrine rose	0.0	0.0	0.0	0.0	0.0	0.0	0.0	0.0	0.0	0.0	0.0	0.0	0.0	0.0	0.0	0.0	0.0	0.0	0.0032787	0.0	0.0	0.0	0.0	0.0	0.0	0.0	0.0	0.0	0.0	0.0	0.0	0.0	0.0	0.0	0.0	0.0	0.0	0.0	0.0	0.0	0.0	0.0	0.0	0.0	0.0	0.0	0.0	0.0	
Pie-grièche à tête rousse	0.0	0.0	0.0	0.0	0.0	0.0	0.0	0.0	0.0	0.0	0.0	0.0	0.0	0.0	0.0	0.0	0.0038168	0.0	0.0	0.0022523	0.0	0.0	0.0	0.0	0.0	0.0	0.0	0.0022936	0.0	0.0	0.0	0.0	0.0	0.0	0.0	0.0	0.0	0.0	0.0	0.0	0.0	0.0	0.0	0.0	0.0	0.0	0.0	0.0	
Geai des chênes	0.3234043	0.375	0.3928571	0.3080808	0.5234375	0.3918129	0.3236715	0.2522523	0.2366667	0.3262032	0.3754789	0.3876923	0.3668122	0.3568905	0.3549784	0.2822823	0.2671756	0.251634	0.2065574	0.2252252	0.2354839	0.1914894	0.2727273	0.2466488	0.2021661	0.1916462	0.203125	0.2224771	0.2262774	0.2175732	0.3318777	0.2947658	0.3319149	0.3546798	0.3757225	0.3935743	0.3832599	0.434555	0.4150943	0.4568528	0.5	0.5	0.5688073	0.45625	0.4444444	0.406015	0.4206349	0.3255814	
Pie bavarde	0.293617	0.3611111	0.3392857	0.3333333	0.3515625	0.3567251	0.2850242	0.2882883	0.3133333	0.4010695	0.3869732	0.3476923	0.3231441	0.3109541	0.2943723	0.2162162	0.2557252	0.1895425	0.1639344	0.2004505	0.183871	0.177305	0.2490119	0.1983914	0.2021661	0.1818182	0.1744792	0.1743119	0.1678832	0.1631799	0.2139738	0.1983471	0.2212766	0.2413793	0.265896	0.2851406	0.2687225	0.2513089	0.3522013	0.3756345	0.3684211	0.3	0.4220183	0.38125	0.3703704	0.3157895	0.3888889	0.2596899	
Cassenoix moucheté	0.0255319	0.0208333	0.0357143	0.0505051	0.03125	0.0350877	0.0193237	0.0405405	0.0366667	0.0481283	0.0191571	0.0338462	0.0262009	0.0282686	0.030303	0.036036	0.0381679	0.0620915	0.0393443	0.0563063	0.0612903	0.0531915	0.0474308	0.0643432	0.0361011	0.0565111	0.0651042	0.1238532	0.1240876	0.125523	0.231441	0.184573	0.2170213	0.2019704	0.1907514	0.188755	0.1321586	0.1675393	0.1572327	0.1319797	0.0986842	0.08	0.0458716	0.06875	0.0648148	0.0451128	0.047619	0.0503876	
Crave à bec rouge	0.0	0.0	0.0	0.010101	0.0	0.0	0.0	0.0	0.0066667	0.0	0.0	0.0030769	0.0043668	0.0	0.0	0.0	0.0	0.0	0.0032787	0.027027	0.0258065	0.0106383	0.0237154	0.0	0.0072202	0.009828	0.0052083	0.0114679	0.0036496	0.0083682	0.0174672	0.0137741	0.012766	0.0	0.0057803	0.0040161	0.030837	0.0052356	0.0188679	0.0152284	0.0131579	0.0066667	0.0183486	0.0015	0.0092593	0.0	0.0	0.0	
Chocard à bec jaune	0.1021277	0.0763889	0.1517857	0.0808081	0.09375	0.0760234	0.1304348	0.0630631	0.09	0.0802139	0.0651341	0.0892308	0.0960699	0.0530035	0.0562771	0.0840841	0.0572519	0.0980392	0.1278689	0.1801802	0.1774194	0.1879433	0.1936759	0.1957105	0.198556	0.1867322	0.1666667	0.1926606	0.2153285	0.1799163	0.1659389	0.15427	0.1531915	0.0985222	0.1965318	0.1526104	0.1585903	0.1518325	0.1509434	0.1725888	0.0592105	0.08	0.1192661	0.05625	0.0462963	0.037594	0.1031746	0.0852713	
Crave à bec rouge ou Chocard à bec jaune	0.0	0.0	0.0	0.0	0.0	0.0	0.0	0.0	0.0	0.0	0.0	0.0	0.0	0.0	0.0	0.0	0.0	0.0	0.0032787	0.0	0.0	0.0	0.0	0.0	0.0	0.0	0.0	0.0	0.0	0.0	0.0	0.0	0.0	0.0	0.0	0.0	0.0	0.0	0.0	0.0	0.0	0.0	0.0	0.0	0.0	0.0	0.0	0.0	
Choucas des tours	0.0170213	0.0015	0.0535714	0.0151515	0.03125	0.0233918	0.0144928	0.027027	0.0566667	0.0320856	0.0344828	0.0338462	0.0218341	0.0318021	0.0519481	0.036036	0.019084	0.0359477	0.0262295	0.009009	0.0258065	0.0106383	0.0158103	0.0160858	0.0144404	0.004914	0.0078125	0.0045872	0.0015	0.0041841	0.0043668	0.0110193	0.0042553	0.0049261	0.0231214	0.0321285	0.0484581	0.0418848	0.0566038	0.0609137	0.0394737	0.0266667	0.0183486	0.01875	0.0185185	0.0300752	0.0238095	0.0348837	
Corbeau freux	0.0212766	0.0208333	0.0178571	0.020202	0.03125	0.0175439	0.0144928	0.018018	0.0266667	0.0320856	0.0229885	0.0123077	0.0349345	0.0459364	0.034632	0.027027	0.0229008	0.0196078	0.0295082	0.0157658	0.0193548	0.0212766	0.027668	0.0080429	0.0216606	0.007371	0.0	0.0068807	0.0072993	0.0	0.0043668	0.0110193	0.012766	0.0147783	0.0404624	0.0321285	0.0484581	0.0575916	0.0566038	0.0761421	0.0263158	0.04	0.0366972	0.0375	0.0277778	0.0225564	0.015873	0.0155039	
Corneille noire	0.5914894	0.7152778	0.6875	0.6212121	0.671875	0.7368421	0.5700483	0.6081081	0.5466667	0.6898396	0.7318008	0.6523077	0.6419214	0.6713781	0.6666667	0.6426426	0.6450382	0.5784314	0.5508197	0.5675676	0.5193548	0.4574468	0.4743083	0.538874	0.4476534	0.4496314	0.4739583	0.4701835	0.4233577	0.4560669	0.5283843	0.4490358	0.5191489	0.5566502	0.5895954	0.6064257	0.5814978	0.5602094	0.6918239	0.751269	0.7236842	0.7066667	0.7431193	0.7625	0.8055556	0.6691729	0.7460317	0.620155	
Corneille mantelée	0.0	0.0	0.0	0.0	0.0	0.0	0.0	0.0045045	0.0	0.0	0.0	0.0	0.0	0.0	0.0	0.0	0.0	0.0	0.0	0.0	0.0	0.0	0.0	0.0015	0.0036101	0.002457	0.0	0.0	0.0	0.0015	0.0	0.0	0.0	0.0	0.0	0.0	0.0	0.0052356	0.0	0.0	0.0	0.0	0.0	0.0	0.0	0.0	0.0	0.0	
Hybride Corneille noire x C. mantelée	0.0	0.0	0.0	0.0	0.0	0.0	0.0048309	0.0	0.0	0.0	0.0	0.0	0.0	0.0	0.0	0.0	0.0	0.0	0.0	0.0	0.0	0.0	0.0	0.002681	0.0	0.0	0.0	0.0	0.0	0.0	0.0	0.0	0.0015	0.0	0.0	0.0	0.0	0.0	0.0	0.0050761	0.0	0.0	0.0	0.0	0.0	0.0	0.0	0.0	
corneille sp.	0.0	0.0	0.0	0.0	0.0	0.0	0.0	0.0	0.0	0.0053476	0.0	0.0	0.0	0.0035336	0.012987	0.006006	0.0	0.0015	0.0	0.0022523	0.0	0.0	0.0039526	0.0053619	0.0216606	0.012285	0.0	0.0022936	0.0036496	0.0	0.0	0.0027548	0.0085106	0.0049261	0.0015	0.0	0.0	0.0	0.0	0.0	0.0	0.0	0.0	0.0	0.0	0.0	0.0	0.0	
Grand Corbeau	0.2340426	0.1805556	0.2857143	0.2272727	0.3359375	0.374269	0.2657005	0.2027027	0.2333333	0.197861	0.2068966	0.2646154	0.2882096	0.2614841	0.2380952	0.2102102	0.1526718	0.2091503	0.1639344	0.240991	0.1612903	0.1631206	0.201581	0.1769437	0.1949458	0.2014742	0.1848958	0.2247706	0.2445255	0.2677824	0.3406114	0.3002755	0.3021277	0.2610837	0.3410405	0.253012	0.2599119	0.2565445	0.2515723	0.3299492	0.2368421	0.2666667	0.2018349	0.24375	0.2685185	0.1879699	0.2698413	0.2131783	
corneille ou corbeau sp.	0.0	0.0	0.0	0.0	0.0	0.0	0.0	0.0	0.0	0.0	0.0	0.0	0.0	0.0	0.0	0.0	0.0	0.0	0.0	0.0	0.0	0.0	0.0	0.002681	0.0	0.0	0.0	0.0	0.0	0.0	0.0	0.0	0.0	0.0	0.0	0.0	0.0	0.0	0.0	0.0	0.0	0.0	0.0	0.0	0.0	0.0	0.0	0.0	
corvidé sp.	0.0	0.0	0.0	0.0	0.0	0.0	0.0	0.0	0.0	0.0	0.0	0.0	0.0	0.0	0.0	0.0	0.0	0.0	0.0	0.0	0.0	0.0	0.0	0.0	0.0	0.0	0.0	0.0	0.0	0.0	0.0	0.0	0.0	0.0	0.0	0.0	0.0044053	0.0	0.0	0.0	0.0	0.0	0.0	0.0	0.0	0.0	0.0	0.0	
Mésange noire	0.2978723	0.25	0.2767857	0.2979798	0.3359375	0.3918129	0.3768116	0.2972973	0.3	0.2406417	0.2988506	0.3046154	0.3056769	0.2826855	0.2727273	0.2702703	0.259542	0.2287582	0.1803279	0.240991	0.1967742	0.2021277	0.1857708	0.1930295	0.1805054	0.1597052	0.1848958	0.1536697	0.1824818	0.1966527	0.2576419	0.2534435	0.2680851	0.2068966	0.2601156	0.2329317	0.2114537	0.2408377	0.2830189	0.2741117	0.2894737	0.3	0.3577982	0.26875	0.3055556	0.2556391	0.2698413	0.2984496	
Mésange huppée	0.1914894	0.1736111	0.1607143	0.2424242	0.2109375	0.2339181	0.2173913	0.1261261	0.1666667	0.1336898	0.1340996	0.1384615	0.139738	0.1095406	0.1298701	0.1231231	0.110687	0.0816993	0.0459016	0.1306306	0.1322581	0.1134752	0.1304348	0.0938338	0.1155235	0.1031941	0.1119792	0.1169725	0.0766423	0.1380753	0.1877729	0.1625344	0.1489362	0.137931	0.1445087	0.1445783	0.1497797	0.1780105	0.163522	0.2233503	0.2434211	0.2466667	0.3119266	0.20625	0.2407407	0.1729323	0.1746032	0.1782946	
Mésange nonnette	0.3361702	0.3263889	0.2767857	0.2828283	0.3984375	0.3508772	0.3768116	0.3063063	0.2733333	0.3101604	0.3371648	0.3169231	0.2838428	0.2367491	0.1948052	0.1621622	0.148855	0.120915	0.0918033	0.1103604	0.1	0.0815603	0.1225296	0.1206434	0.101083	0.1105651	0.109375	0.1605505	0.1386861	0.209205	0.2270742	0.2258953	0.2468085	0.2660099	0.2774566	0.2248996	0.185022	0.2513089	0.3018868	0.3299492	0.3881579	0.28	0.4220183	0.40625	0.5	0.3458647	0.4365079	0.3604651	
Mésange boréale	0.0851064	0.0416667	0.1071429	0.1161616	0.0703125	0.1111111	0.0676329	0.0855856	0.08	0.0748663	0.0689655	0.0707692	0.0436681	0.0565371	0.047619	0.045045	0.0343511	0.0490196	0.0229508	0.0225225	0.0548387	0.0460993	0.055336	0.0455764	0.0288809	0.0540541	0.078125	0.0412844	0.0729927	0.041841	0.0829694	0.0909091	0.0638298	0.0394089	0.0809249	0.0481928	0.030837	0.026178	0.0754717	0.035533	0.0460526	0.0466667	0.0733945	0.075	0.1481481	0.1203008	0.1031746	0.1550388	
Mésange nonnette ou M. boréale	0.0085106	0.0	0.0	0.010101	0.0078125	0.005848	0.0048309	0.0	0.0	0.0	0.0	0.0	0.0087336	0.0070671	0.0	0.0	0.0	0.0	0.0	0.0022523	0.0	0.0	0.0039526	0.0	0.0	0.0	0.0	0.0091743	0.0036496	0.0041841	0.0	0.0027548	0.0042553	0.0197044	0.0	0.0040161	0.0	0.0052356	0.0125786	0.0	0.0	0.0	0.0	0.0	0.0092593	0.0075188	0.0	0.0077519	
Mésange bleue	0.5574468	0.6180556	0.5803571	0.5505051	0.6640625	0.6725146	0.589372	0.5900901	0.5366667	0.6524064	0.7049808	0.6215385	0.628821	0.6360424	0.5670996	0.5345345	0.5229008	0.4346405	0.3672131	0.3198198	0.3322581	0.2411348	0.3083004	0.308311	0.2382671	0.2235872	0.28125	0.3325688	0.3248175	0.376569	0.4366812	0.3911846	0.4510638	0.408867	0.4566474	0.437751	0.5022026	0.5026178	0.5786164	0.5989848	0.6315789	0.6333333	0.7247706	0.60625	0.6944444	0.6165414	0.6666667	0.5930233	
Mésange charbonnière	0.5617021	0.6527778	0.5982143	0.5656566	0.7265625	0.6959064	0.6183575	0.6486486	0.6	0.7165775	0.7088123	0.6738462	0.6724891	0.6819788	0.5714286	0.5825826	0.5992366	0.4542484	0.4590164	0.4436937	0.3709677	0.2978723	0.3557312	0.30563	0.2888087	0.2727273	0.2473958	0.3279817	0.3138686	0.3305439	0.441048	0.399449	0.4638298	0.4729064	0.5549133	0.4899598	0.5022026	0.5706806	0.5660377	0.6649746	0.6776316	0.6533333	0.733945	0.6625	0.75	0.6165414	0.7301587	0.5852713	
Rémiz penduline	0.0	0.0	0.0	0.0	0.0	0.0	0.0	0.0	0.0	0.0	0.0015	0.0092308	0.0262009	0.0141343	0.008658	0.006006	0.0	0.0	0.0	0.0	0.0	0.0	0.0	0.0	0.0	0.0	0.0	0.0	0.0	0.0	0.0	0.0	0.0	0.0	0.0	0.0	0.0044053	0.0157068	0.0440252	0.0304569	0.0065789	0.0133333	0.0	0.0	0.0	0.0075188	0.0	0.0	
Alouette lulu	0.0	0.0	0.0	0.0	0.0	0.0	0.0	0.0	0.0	0.0	0.0038314	0.0030769	0.0043668	0.0106007	0.004329	0.0	0.0114504	0.003268	0.0	0.0	0.0	0.0070922	0.0079051	0.0053619	0.0036101	0.007371	0.0052083	0.0068807	0.0	0.0	0.0015	0.0	0.0	0.0	0.0057803	0.0040161	0.0	0.0209424	0.0125786	0.0253807	0.0065789	0.0	0.0	0.0	0.0	0.0	0.0	0.0	
Alouette des champs	0.012766	0.0069444	0.0267857	0.0151515	0.015625	0.0116959	0.0289855	0.0045045	0.0066667	0.0160428	0.0191571	0.0153846	0.0087336	0.024735	0.04329	0.0600601	0.0572519	0.0490196	0.0360656	0.027027	0.0419355	0.0319149	0.0355731	0.0321716	0.0072202	0.022113	0.0104167	0.0114679	0.0	0.0	0.0131004	0.0192837	0.0170213	0.0197044	0.0289017	0.0040161	0.0044053	0.026178	0.0503145	0.0812183	0.0526316	0.0333333	0.0366972	0.01875	0.0092593	0.0075188	0.015873	0.0116279	
Alouette calandrelle	0.0	0.0	0.0	0.0	0.0	0.0	0.0	0.0	0.0	0.0	0.0	0.0	0.0	0.0	0.0	0.003003	0.0038168	0.0	0.0065574	0.0	0.0	0.0	0.0	0.0	0.0	0.0	0.0	0.0	0.0	0.0	0.0	0.0	0.0	0.0	0.0	0.0	0.0	0.0	0.0	0.0	0.0	0.0	0.0	0.0	0.0	0.0	0.0	0.0	
Panure à moustaches	0.0	0.0015	0.0	0.0	0.0	0.0	0.0	0.0	0.0	0.0	0.0	0.0	0.0	0.0	0.0	0.0	0.0	0.0	0.0	0.0	0.0	0.0	0.0	0.0	0.0	0.0	0.0	0.0	0.0	0.0	0.0	0.0	0.0	0.0	0.0	0.0	0.0	0.0	0.0	0.0	0.0	0.0	0.0	0.00625	0.0	0.0	0.0	0.0	
Cisticole des joncs	0.0	0.0	0.0	0.0	0.0	0.0	0.0	0.0	0.0	0.0	0.0	0.0	0.0	0.0	0.0	0.0	0.0038168	0.0	0.0	0.0	0.0032258	0.0	0.0	0.0	0.0	0.0	0.0	0.0	0.0	0.0	0.0	0.0	0.0	0.0	0.0	0.0	0.0	0.0	0.0	0.0	0.0	0.0	0.0	0.0	0.0	0.0	0.0	0.0	
Hypolaïs polyglotte	0.0	0.0	0.0	0.0	0.0	0.0	0.0	0.0	0.0	0.0	0.0	0.0	0.0	0.0	0.004329	0.0	0.0038168	0.003268	0.0098361	0.0045045	0.016129	0.0106383	0.0	0.0053619	0.0	0.0	0.0	0.0	0.0	0.0041841	0.0015	0.0	0.0	0.0	0.0	0.0015	0.0	0.0	0.0	0.0	0.0	0.0	0.0	0.0	0.0	0.0	0.0	0.0	
Phragmite des joncs	0.0	0.0	0.0	0.0	0.0	0.0	0.0	0.0	0.0	0.0	0.0	0.0	0.0	0.0	0.017316	0.045045	0.0267176	0.0065359	0.0065574	0.0022523	0.0032258	0.0035461	0.0	0.0	0.0	0.0	0.0	0.0	0.0	0.0	0.0043668	0.0	0.0042553	0.0	0.0	0.0	0.0	0.0	0.0	0.0	0.0	0.0	0.0	0.0	0.0	0.0	0.0	0.0	
Rousserolle verderolle	0.0	0.0	0.0	0.0	0.0	0.0	0.0	0.0	0.0	0.0	0.0	0.0	0.0	0.0	0.0	0.0	0.0	0.0	0.0065574	0.0247748	0.0258065	0.0496454	0.0395257	0.0160858	0.0144404	0.019656	0.0130208	0.0022936	0.0109489	0.0083682	0.0015	0.0027548	0.0	0.0	0.0	0.0	0.0	0.0	0.0	0.0	0.0	0.0	0.0	0.0	0.0	0.0	0.0	0.0	
Rousserolle effarvatte	0.0	0.0	0.0	0.0	0.0	0.0	0.0	0.0	0.0	0.0	0.0	0.0	0.0	0.0035336	0.025974	0.0840841	0.1450382	0.1568627	0.1409836	0.0788288	0.0870968	0.0744681	0.1027668	0.0482574	0.0541516	0.036855	0.0260417	0.0389908	0.0218978	0.0251046	0.0480349	0.0220386	0.012766	0.0295567	0.0057803	0.0080321	0.0176211	0.0052356	0.0188679	0.0050761	0.0	0.0	0.0	0.0	0.0	0.0	0.0	0.0	
Rousserolle verderolle ou R. effarvatte	0.0	0.0	0.0	0.0	0.0	0.0	0.0	0.0	0.0	0.0	0.0	0.0	0.0	0.0	0.0	0.0	0.0	0.0	0.0	0.0	0.0	0.0	0.0	0.0	0.0	0.0	0.0	0.0022936	0.0	0.0	0.0	0.0	0.0042553	0.0	0.0	0.0	0.0	0.0	0.0	0.0	0.0	0.0	0.0	0.0	0.0	0.0	0.0	0.0	
Rousserolle turdoïde	0.0	0.0	0.0	0.0	0.0	0.0	0.0	0.0	0.0	0.0	0.0	0.0	0.0	0.0	0.004329	0.009009	0.0152672	0.0490196	0.0459016	0.0405405	0.0451613	0.0283688	0.0197628	0.0187668	0.0108303	0.004914	0.0	0.0022936	0.0	0.0041841	0.0	0.0	0.0	0.0	0.0	0.0	0.0	0.0	0.0	0.0	0.0	0.0	0.0	0.0	0.0	0.0	0.0	0.0	
Acrocephalus sp.	0.0	0.0	0.0	0.0	0.0	0.0	0.0	0.0	0.0	0.0	0.0	0.0	0.0	0.0	0.0	0.0	0.0	0.0	0.0	0.0	0.0	0.0	0.0	0.002681	0.0	0.0	0.0	0.0	0.0	0.0	0.0	0.0	0.0	0.0	0.0	0.0	0.0	0.0	0.0	0.0	0.0	0.0	0.0	0.0	0.0	0.0	0.0	0.0	
Locustelle luscinioïde	0.0	0.0	0.0	0.0	0.0	0.0	0.0	0.0	0.0	0.0	0.0	0.0	0.0	0.0035336	0.0	0.009009	0.0076336	0.0065359	0.0065574	0.009009	0.0032258	0.0070922	0.0039526	0.002681	0.0108303	0.004914	0.0	0.0022936	0.0	0.0	0.0	0.0	0.0	0.0	0.0	0.0	0.0	0.0	0.0	0.0	0.0	0.0	0.0	0.0	0.0	0.0	0.0	0.0	
Locustelle tachetée	0.0	0.0	0.0	0.0	0.0	0.0	0.0	0.0	0.0	0.0	0.0	0.0	0.0	0.0	0.0	0.009009	0.0267176	0.0065359	0.0	0.0	0.0	0.0	0.0	0.0	0.0	0.0	0.0026042	0.0	0.0	0.0015	0.0	0.0	0.0	0.0	0.0	0.0040161	0.0	0.0052356	0.0	0.0	0.0	0.0	0.0	0.0	0.0	0.0	0.0	0.0	
Hirondelle de rivage	0.0	0.0	0.0	0.0	0.0	0.0	0.0	0.0	0.0	0.0	0.0	0.0030769	0.0131004	0.0106007	0.0	0.009009	0.0038168	0.0163399	0.0163934	0.0112613	0.0	0.0	0.0015	0.0080429	0.0	0.009828	0.0	0.0137615	0.0072993	0.0125523	0.0218341	0.0055096	0.0	0.0147783	0.0289017	0.0160643	0.0044053	0.0	0.0	0.0	0.0	0.0	0.0	0.0	0.0	0.0	0.0	0.0	
Hirondelle de rochers	0.012766	0.0069444	0.0178571	0.010101	0.0078125	0.0015	0.0048309	0.018018	0.0666667	0.0641711	0.1187739	0.1292308	0.1179039	0.0777385	0.0822511	0.0900901	0.0496183	0.0686275	0.0655738	0.1216216	0.0741935	0.0673759	0.0948617	0.0643432	0.0758123	0.0933661	0.09375	0.0848624	0.0912409	0.1046025	0.1266376	0.0853994	0.0510638	0.0591133	0.0751445	0.064257	0.0704846	0.0418848	0.0188679	0.0406091	0.0	0.0133333	0.0	0.0125	0.0277778	0.0300752	0.0079365	0.0155039	
Hirondelle rustique	0.0	0.0	0.0	0.0	0.0	0.0	0.0	0.0	0.0033333	0.0	0.0076628	0.08	0.2358079	0.2685512	0.3030303	0.3543544	0.3778626	0.2777778	0.2819672	0.2252252	0.1935484	0.177305	0.2094862	0.1715818	0.234657	0.3243243	0.2291667	0.2591743	0.2518248	0.3179916	0.3362445	0.292011	0.2595745	0.2906404	0.2023121	0.1084337	0.0881057	0.0890052	0.0377358	0.035533	0.0197368	0.0	0.0	0.0	0.0	0.0	0.0	0.0	
Hirondelle de fenêtre	0.0	0.0	0.0	0.0	0.0	0.0	0.0	0.0045045	0.0	0.0	0.0015	0.0092308	0.0655022	0.0954064	0.1038961	0.1471471	0.1908397	0.1699346	0.2491803	0.2162162	0.1870968	0.1879433	0.1976285	0.1849866	0.2057762	0.3046683	0.2838542	0.3004587	0.2627737	0.292887	0.3930131	0.3360882	0.3276596	0.2955665	0.2890173	0.184739	0.0748899	0.0104712	0.0062893	0.0050761	0.0	0.0	0.0	0.0	0.0	0.0	0.0	0.0	
hirondelle sp.	0.0	0.0	0.0	0.0	0.0	0.0	0.0	0.0	0.0033333	0.0053476	0.0	0.0	0.0087336	0.0141343	0.004329	0.006006	0.0076336	0.003268	0.0	0.0067568	0.0015	0.0	0.0	0.002681	0.0036101	0.0	0.0026042	0.0	0.0036496	0.0041841	0.0087336	0.0027548	0.0	0.0147783	0.0404624	0.0361446	0.0	0.0104712	0.0062893	0.0	0.0	0.0	0.0	0.0	0.0	0.0	0.0	0.0	
Pouillot siffleur	0.0	0.0	0.0	0.0	0.0	0.0	0.0	0.0	0.0	0.0	0.0	0.0	0.0015	0.0035336	0.004329	0.006006	0.0114504	0.003268	0.0032787	0.0067568	0.0129032	0.0070922	0.0039526	0.0	0.0036101	0.0	0.0026042	0.0015	0.0036496	0.0	0.0043668	0.0	0.0	0.0	0.0	0.0	0.0	0.0	0.0	0.0	0.0	0.0	0.0	0.0	0.0	0.0	0.0	0.0	
Pouillot de Bonelli	0.0	0.0	0.0	0.0	0.0	0.0	0.0	0.0	0.0	0.0	0.0	0.0	0.0043668	0.024735	0.030303	0.0630631	0.0381679	0.0294118	0.0229508	0.0810811	0.0451613	0.035461	0.027668	0.0214477	0.0108303	0.007371	0.015625	0.0091743	0.0072993	0.0083682	0.0043668	0.0110193	0.0085106	0.0	0.0	0.0	0.0	0.0	0.0	0.0	0.0	0.0	0.0	0.0	0.0	0.0	0.0	0.0	
Pouillot à grands sourcils	0.0	0.0	0.0	0.0	0.0	0.0	0.0	0.0	0.0	0.0	0.0	0.0	0.0	0.0	0.0	0.0	0.0	0.0	0.0	0.0	0.0	0.0	0.0	0.0	0.0	0.0	0.0	0.0	0.0	0.0	0.0	0.0	0.0	0.0	0.0	0.0	0.0	0.0	0.0062893	0.0050761	0.0	0.0	0.0	0.0	0.0	0.0	0.0	0.0	
Pouillot fitis	0.0	0.0	0.0	0.0	0.0	0.0	0.0	0.0	0.0	0.0	0.0	0.0215385	0.0567686	0.0671378	0.0562771	0.0690691	0.0458015	0.0163399	0.0229508	0.0112613	0.016129	0.0141844	0.0118577	0.0080429	0.0072202	0.007371	0.0078125	0.0183486	0.0145985	0.0669456	0.0742358	0.0826446	0.0638298	0.0837438	0.0635838	0.0080321	0.0044053	0.0104712	0.0062893	0.0	0.0	0.0	0.0	0.0	0.0	0.0	0.0	0.0	
Pouillot véloce	0.0340426	0.0555556	0.0178571	0.0454545	0.03125	0.0350877	0.0531401	0.0720721	0.1266667	0.197861	0.3831418	0.4276923	0.4978166	0.4240283	0.3852814	0.4084084	0.4389313	0.3660131	0.3245902	0.2972973	0.2645161	0.2340426	0.3478261	0.2949062	0.2093863	0.1547912	0.1302083	0.1215596	0.1167883	0.1715481	0.1921397	0.2672176	0.2297872	0.2413793	0.3410405	0.2971888	0.3832599	0.3612565	0.4150943	0.284264	0.2565789	0.1333333	0.1100917	0.11875	0.1203704	0.0827068	0.0634921	0.0658915	
Pouillot fitis ou P. véloce	0.0	0.0	0.0	0.0	0.0	0.0	0.0	0.0	0.0	0.0	0.0	0.0	0.0	0.0	0.0	0.0	0.0	0.0	0.0	0.0	0.0	0.0	0.0	0.0	0.0	0.0	0.0	0.0	0.0	0.0	0.0	0.0027548	0.0	0.0	0.0	0.0	0.0	0.0	0.0	0.0	0.0	0.0	0.0	0.0	0.0	0.0	0.0	0.0	
Pouillot ibérique	0.0	0.0	0.0	0.0	0.0	0.0	0.0	0.0	0.0	0.0	0.0	0.0	0.0	0.0	0.0	0.009009	0.0038168	0.003268	0.0032787	0.0	0.0	0.0	0.0	0.0	0.0	0.0	0.0	0.0	0.0	0.0	0.0	0.0	0.0	0.0	0.0	0.0	0.0	0.0	0.0	0.0	0.0	0.0	0.0	0.0	0.0	0.0	0.0	0.0	
pouillot sp.	0.0	0.0	0.0	0.0	0.0	0.0	0.0	0.0	0.0	0.0	0.0	0.0	0.0	0.0	0.0	0.0	0.0038168	0.0	0.0	0.0015	0.0	0.0	0.0	0.0	0.0	0.002457	0.0	0.0068807	0.0036496	0.0125523	0.0087336	0.0055096	0.0	0.0197044	0.0	0.0080321	0.0	0.0052356	0.0062893	0.0	0.0	0.0	0.0	0.0	0.0	0.0	0.0	0.0	
Bouscarle de Cetti	0.0212766	0.0	0.0089286	0.0	0.0078125	0.0175439	0.0096618	0.027027	0.01	0.0053476	0.0191571	0.0369231	0.0262009	0.0530035	0.04329	0.0510511	0.0267176	0.0098039	0.0196721	0.0157658	0.0064516	0.0177305	0.0079051	0.0053619	0.0072202	0.012285	0.0	0.0045872	0.0	0.0083682	0.0174672	0.0027548	0.012766	0.0	0.0	0.0040161	0.0088106	0.0052356	0.0125786	0.0152284	0.0197368	0.0	0.0	0.00625	0.0	0.0	0.0079365	0.003876	
Orite à longue queue	0.1617021	0.2013889	0.25	0.2070707	0.2890625	0.3216374	0.2463768	0.2252252	0.2233333	0.2299465	0.2337165	0.16	0.1441048	0.1590106	0.1428571	0.1261261	0.1335878	0.0686275	0.0459016	0.0495495	0.0677419	0.0390071	0.0395257	0.0294906	0.0288809	0.039312	0.0364583	0.0412844	0.0145985	0.0669456	0.0742358	0.077135	0.0851064	0.0738916	0.1156069	0.1164659	0.1321586	0.1570681	0.1949686	0.2233503	0.1842105	0.1866667	0.2568807	0.19375	0.1851852	0.1954887	0.2619048	0.2170543	
Fauvette à tête noire	0.0042553	0.0069444	0.0267857	0.0151515	0.015625	0.0233918	0.0386473	0.0810811	0.1666667	0.2780749	0.4252874	0.5015385	0.5764192	0.6360424	0.5714286	0.5825826	0.6526718	0.5261438	0.5114754	0.5292793	0.5032258	0.4929078	0.5731225	0.5013405	0.4512635	0.4742015	0.3932292	0.3899083	0.2335766	0.2426778	0.3580786	0.3085399	0.3574468	0.2955665	0.3410405	0.2168675	0.185022	0.1675393	0.163522	0.0659898	0.0065789	0.02	0.0091743	0.00625	0.0	0.0225564	0.0079365	0.0271318	
Fauvette des jardins	0.0	0.0	0.0	0.0	0.0	0.0	0.0	0.0	0.0	0.0	0.0	0.0	0.0	0.0	0.004329	0.009009	0.0076336	0.0065359	0.0163934	0.0337838	0.0322581	0.0248227	0.0434783	0.0241287	0.0397112	0.012285	0.015625	0.0022936	0.0	0.0125523	0.0087336	0.0110193	0.012766	0.0	0.0015	0.0040161	0.0088106	0.0052356	0.0	0.0	0.0	0.0	0.0	0.0	0.0	0.0	0.0	0.0	
Fauvette babillarde	0.0	0.0	0.0	0.0	0.0	0.0	0.0	0.0	0.0	0.0	0.0	0.0	0.0	0.0	0.0	0.006006	0.0	0.0228758	0.0196721	0.0720721	0.0322581	0.0390071	0.0434783	0.0321716	0.0072202	0.009828	0.015625	0.0068807	0.0145985	0.0167364	0.0087336	0.0165289	0.012766	0.0098522	0.0015	0.0080321	0.0044053	0.0	0.0	0.0	0.0	0.0	0.0	0.0	0.0	0.0	0.0	0.0	
Fauvette grisette	0.0	0.0	0.0	0.0	0.0	0.0	0.0	0.0	0.0	0.0	0.0	0.0	0.0	0.0	0.0	0.012012	0.0152672	0.0130719	0.0098361	0.0022523	0.0096774	0.0	0.0015	0.0	0.0	0.004914	0.0078125	0.0022936	0.0072993	0.0	0.0131004	0.0192837	0.0042553	0.0147783	0.0015	0.0015	0.0	0.0	0.0	0.0	0.0	0.0	0.0	0.0	0.0	0.0	0.0	0.0	
Sylvia ou Curruca sp.	0.0	0.0	0.0	0.0	0.0	0.0	0.0	0.0	0.0	0.0	0.0	0.0	0.0	0.0	0.0	0.0	0.0038168	0.0	0.0	0.0022523	0.0	0.0	0.0	0.0	0.0	0.0	0.0	0.0	0.0	0.0	0.0	0.0	0.0	0.0	0.0	0.0040161	0.0	0.0	0.0	0.0	0.0	0.0	0.0	0.0	0.0	0.0	0.0	0.0	
Roitelet huppé	0.1021277	0.0833333	0.0267857	0.1262626	0.0625	0.0818713	0.0772947	0.0720721	0.1233333	0.0748663	0.0842912	0.0892308	0.0960699	0.0671378	0.1255411	0.0960961	0.0610687	0.0849673	0.0655738	0.1036036	0.1387097	0.1028369	0.0711462	0.0857909	0.0541516	0.0614251	0.0729167	0.0848624	0.0948905	0.0878661	0.1048035	0.1212121	0.0765957	0.0640394	0.1271676	0.0883534	0.0748899	0.1256545	0.2075472	0.1370558	0.1710526	0.1533333	0.1926606	0.1375	0.1018519	0.0977444	0.1111111	0.1666667	
Roitelet à triple bandeau	0.0680851	0.0972222	0.0535714	0.0555556	0.0703125	0.0760234	0.1062802	0.0855856	0.1133333	0.171123	0.2145594	0.24	0.2489083	0.2402827	0.2294372	0.2132132	0.2061069	0.2222222	0.1672131	0.1959459	0.1483871	0.177305	0.1422925	0.1072386	0.0758123	0.0515971	0.0416667	0.0458716	0.0656934	0.0460251	0.0917031	0.0964187	0.0808511	0.0788177	0.1387283	0.1004016	0.1057269	0.0680628	0.1257862	0.1218274	0.1184211	0.0733333	0.1376147	0.1	0.0648148	0.037594	0.0793651	0.0581395	
Roitelet huppé ou R. à triple bandeau	0.0042553	0.0	0.0	0.0	0.015625	0.0116959	0.0	0.009009	0.0033333	0.0	0.0	0.0	0.0087336	0.0	0.004329	0.0	0.0	0.0015	0.0	0.0022523	0.0064516	0.0	0.0	0.002681	0.0	0.002457	0.0	0.0022936	0.0036496	0.0041841	0.0087336	0.0055096	0.0042553	0.0	0.0	0.0	0.0	0.0	0.0125786	0.0	0.0131579	0.0	0.0091743	0.0	0.0092593	0.0	0.0079365	0.0	
Tichodrome échelette	0.0085106	0.0	0.0	0.0015	0.0015	0.0015	0.0144928	0.0015	0.0066667	0.0015	0.0038314	0.0030769	0.0	0.0	0.0	0.0	0.0038168	0.003268	0.0	0.009009	0.0032258	0.0141844	0.0237154	0.002681	0.0072202	0.012285	0.0052083	0.0045872	0.0036496	0.0083682	0.0131004	0.0055096	0.0085106	0.0049261	0.0015	0.0040161	0.0088106	0.0052356	0.0125786	0.0101523	0.0065789	0.0066667	0.0275229	0.0125	0.0092593	0.0075188	0.0	0.003876	
Sittelle torchepot	0.2893617	0.3055556	0.3035714	0.3181818	0.3515625	0.4152047	0.3333333	0.3243243	0.2866667	0.3582888	0.3908046	0.4030769	0.4061135	0.3215548	0.2943723	0.2072072	0.1603053	0.120915	0.1114754	0.1126126	0.1258065	0.1347518	0.1857708	0.1126005	0.1155235	0.1425061	0.1328125	0.1513761	0.1423358	0.2050209	0.2707424	0.1983471	0.2340426	0.270936	0.3121387	0.2851406	0.2246696	0.2670157	0.3207547	0.4213198	0.4473684	0.3733333	0.4770642	0.4	0.3240741	0.2406015	0.3571429	0.251938	
Grimpereau des bois	0.0297872	0.0277778	0.0535714	0.0353535	0.0234375	0.0526316	0.0628019	0.0585586	0.0766667	0.0160428	0.0536398	0.0707692	0.0611354	0.0600707	0.0692641	0.0510511	0.0419847	0.0392157	0.0327869	0.0653153	0.0709677	0.0638298	0.0158103	0.0482574	0.0469314	0.041769	0.0520833	0.059633	0.0364964	0.041841	0.0786026	0.0991736	0.0510638	0.0394089	0.0231214	0.0240964	0.0660793	0.078534	0.081761	0.0456853	0.0855263	0.08	0.0642202	0.05625	0.0462963	0.0075188	0.015873	0.0775194	
Grimpereau des jardins	0.0978723	0.1875	0.125	0.1363636	0.1015625	0.1520468	0.1594203	0.1576577	0.1466667	0.1871658	0.1800766	0.1538462	0.1266376	0.204947	0.1385281	0.1471471	0.1793893	0.1470588	0.1508197	0.1238739	0.116129	0.0744681	0.1383399	0.0857909	0.0866426	0.0810811	0.0963542	0.1146789	0.0729927	0.1506276	0.1353712	0.1239669	0.1276596	0.1133005	0.1156069	0.1164659	0.154185	0.1256545	0.1823899	0.2233503	0.2171053	0.1066667	0.2385321	0.2125	0.1944444	0.0902256	0.1269841	0.1511628	
Grimpereau des bois ou G. des jardins	0.0042553	0.0138889	0.0178571	0.0050505	0.0	0.0	0.0048309	0.018018	0.0	0.0	0.0114943	0.0	0.0015	0.0015	0.004329	0.0	0.0	0.0	0.0	0.0022523	0.0096774	0.0	0.0	0.0053619	0.0108303	0.014742	0.0	0.0022936	0.0072993	0.0041841	0.0	0.0027548	0.0085106	0.0197044	0.0057803	0.0	0.0044053	0.0157068	0.0188679	0.0	0.0	0.0066667	0.0	0.0015	0.0	0.0075188	0.0	0.0077519	
Troglodyte mignon	0.1957447	0.2152778	0.1339286	0.1717172	0.21875	0.2690058	0.178744	0.2432432	0.24	0.3208556	0.3831418	0.32	0.3362445	0.3568905	0.3636364	0.3393393	0.3549618	0.2745098	0.2590164	0.259009	0.3	0.2659574	0.2885375	0.2600536	0.2021661	0.2235872	0.1822917	0.1743119	0.1277372	0.1129707	0.2008734	0.1487603	0.1489362	0.1773399	0.1791908	0.1164659	0.1409692	0.1989529	0.2767296	0.3654822	0.3552632	0.3733333	0.3761468	0.28125	0.2592593	0.2030075	0.2619048	0.2054264	
Cincle plongeur	0.0468085	0.0833333	0.0446429	0.0505051	0.0390625	0.0584795	0.0338164	0.009009	0.0366667	0.0427807	0.0306513	0.0153846	0.0262009	0.0176678	0.012987	0.015015	0.0152672	0.0015	0.0065574	0.009009	0.0193548	0.0177305	0.0316206	0.0348525	0.0108303	0.007371	0.0208333	0.0229358	0.0109489	0.0041841	0.0174672	0.0165289	0.0170213	0.0147783	0.0346821	0.0441767	0.0176211	0.026178	0.0628931	0.035533	0.0131579	0.0533333	0.0366972	0.025	0.0925926	0.0150376	0.0793651	0.0465116	
Étourneau sansonnet	0.106383	0.1805556	0.1607143	0.1616162	0.140625	0.2631579	0.1980676	0.2252252	0.2366667	0.2459893	0.2911877	0.32	0.2620087	0.3074205	0.2900433	0.3003003	0.3740458	0.2810458	0.2459016	0.1914414	0.1774194	0.1489362	0.1541502	0.1313673	0.0794224	0.1031941	0.046875	0.0504587	0.0328467	0.041841	0.0655022	0.0633609	0.0893617	0.0935961	0.150289	0.1686747	0.1938326	0.1623037	0.1949686	0.1827411	0.1447368	0.1333333	0.1651376	0.09375	0.1111111	0.1052632	0.1190476	0.0658915	
Grive draine	0.2893617	0.3402778	0.3660714	0.3080808	0.4921875	0.4327485	0.3091787	0.2567568	0.3033333	0.2994652	0.3218391	0.3076923	0.279476	0.2473498	0.3116883	0.2342342	0.2366412	0.2222222	0.1967213	0.2905405	0.2225806	0.1737589	0.2964427	0.1849866	0.1877256	0.1228501	0.1484375	0.1261468	0.1094891	0.0878661	0.1484716	0.15427	0.1617021	0.1773399	0.1907514	0.2208835	0.2643172	0.3089005	0.3144654	0.3350254	0.3552632	0.2666667	0.3302752	0.36875	0.2777778	0.3233083	0.3095238	0.2751938	
Grive musicienne	0.0553191	0.0763889	0.0357143	0.0606061	0.0546875	0.1052632	0.1932367	0.3243243	0.3	0.4652406	0.4636015	0.3723077	0.441048	0.4063604	0.4025974	0.3183183	0.351145	0.2810458	0.2622951	0.3085586	0.2677419	0.248227	0.2766798	0.2412869	0.1949458	0.0933661	0.0729167	0.0940367	0.0620438	0.041841	0.0829694	0.0330579	0.0595745	0.0640394	0.0809249	0.0803213	0.0881057	0.1151832	0.1572327	0.1269036	0.1973684	0.0133333	0.0275229	0.05	0.0277778	0.0225564	0.0634921	0.0426357	
Grive mauvis	0.0510638	0.0347222	0.0089286	0.0050505	0.015625	0.0233918	0.0048309	0.0135135	0.0266667	0.0427807	0.0344828	0.0553846	0.0087336	0.0	0.0	0.0	0.0	0.0	0.0	0.0	0.0	0.0	0.0	0.0	0.0	0.0	0.0	0.0	0.0	0.0	0.0	0.0	0.0	0.0	0.0	0.0	0.0044053	0.0157068	0.0188679	0.0558376	0.0789474	0.0333333	0.0275229	0.05	0.0277778	0.0225564	0.0396825	0.0465116	
Merle noir	0.5531915	0.6180556	0.5625	0.540404	0.5703125	0.6374269	0.5942029	0.6126126	0.63	0.7272727	0.7662835	0.7476923	0.7336245	0.745583	0.8095238	0.7597598	0.7366412	0.7058824	0.6655738	0.6981982	0.6451613	0.6312057	0.6086957	0.5790885	0.5054152	0.4717445	0.4557292	0.4770642	0.3613139	0.3514644	0.4104803	0.3581267	0.3659574	0.408867	0.5028902	0.4538153	0.5330396	0.5497382	0.5597484	0.6395939	0.6447368	0.64	0.706422	0.675	0.7592593	0.6616541	0.6507937	0.5387597	
Grive litorne	0.0510638	0.0694444	0.1160714	0.0858586	0.1484375	0.0877193	0.0821256	0.0495495	0.07	0.1229947	0.1264368	0.1415385	0.1179039	0.0600707	0.04329	0.0630631	0.0534351	0.0294118	0.0360656	0.0495495	0.0419355	0.0567376	0.055336	0.0723861	0.0722022	0.039312	0.0286458	0.0252294	0.0218978	0.0292887	0.0305677	0.0358127	0.0042553	0.0394089	0.0404624	0.0080321	0.0132159	0.0209424	0.0251572	0.035533	0.0526316	0.02	0.0642202	0.075	0.1111111	0.1203008	0.0714286	0.0426357	
Merle à plastron	0.0042553	0.0	0.0	0.0	0.0	0.0	0.0	0.0045045	0.0066667	0.0053476	0.0268199	0.0584615	0.069869	0.0530035	0.0649351	0.0660661	0.0419847	0.0588235	0.0819672	0.1463964	0.1	0.1028369	0.1146245	0.0670241	0.0252708	0.031941	0.0182292	0.0298165	0.0218978	0.0083682	0.0087336	0.0137741	0.0212766	0.0492611	0.0520231	0.0401606	0.0352423	0.0157068	0.0251572	0.0101523	0.0131579	0.0066667	0.0	0.00625	0.0	0.0075188	0.0079365	0.0	
Turdus sp.	0.012766	0.0	0.0089286	0.0	0.0	0.0	0.0	0.0	0.0	0.0	0.0	0.0	0.0	0.0	0.0	0.0	0.0	0.0	0.0	0.0	0.0	0.0	0.0	0.0080429	0.0	0.002457	0.0	0.0	0.0	0.0	0.0	0.0027548	0.0042553	0.0	0.0	0.0	0.0044053	0.0104712	0.0062893	0.0	0.0131579	0.0066667	0.0091743	0.00625	0.0	0.0	0.0079365	0.0	
Gobemouche gris	0.0	0.0	0.0	0.0	0.0	0.0	0.0	0.0	0.0	0.0	0.0	0.0	0.0	0.0	0.0	0.003003	0.0572519	0.0424837	0.0885246	0.0788288	0.0580645	0.035461	0.0671937	0.0482574	0.0758123	0.0737101	0.0598958	0.0756881	0.0875912	0.1129707	0.0917031	0.0688705	0.0680851	0.0394089	0.0115607	0.0120482	0.0264317	0.0157068	0.0251572	0.0050761	0.0	0.0	0.0	0.0	0.0	0.0	0.0	0.0	
Rougegorge familier	0.4212766	0.5	0.5178571	0.4292929	0.5	0.497076	0.3864734	0.4369369	0.4433333	0.5668449	0.6896552	0.5907692	0.6069869	0.565371	0.5108225	0.4954955	0.5152672	0.375817	0.347541	0.3896396	0.3129032	0.3191489	0.3320158	0.2761394	0.2238267	0.2334152	0.2239583	0.2385321	0.2591241	0.2343096	0.3231441	0.2947658	0.306383	0.3103448	0.4566474	0.4578313	0.4845815	0.5759162	0.6289308	0.7106599	0.6644737	0.64	0.6972477	0.60625	0.6666667	0.5112782	0.5714286	0.3914729	
Rossignol philomèle	0.0	0.0	0.0	0.0	0.0	0.0	0.0	0.0	0.0	0.0	0.0	0.0	0.0	0.0141343	0.0649351	0.0840841	0.0916031	0.0555556	0.0459016	0.0518018	0.0612903	0.0531915	0.0434783	0.0107239	0.0072202	0.009828	0.0026042	0.0022936	0.0	0.0041841	0.0	0.0	0.0	0.0049261	0.0	0.0	0.0	0.0	0.0	0.0	0.0	0.0	0.0	0.0	0.0	0.0	0.0	0.0	
Gorgebleue à miroir	0.0	0.0	0.0	0.0	0.0	0.0	0.0	0.0	0.0	0.0	0.0038314	0.0	0.0	0.0	0.0	0.0	0.0	0.0	0.0	0.0	0.0	0.0	0.0	0.0	0.0	0.0	0.0	0.0	0.0	0.0	0.0	0.0	0.0	0.0015	0.0	0.0	0.0044053	0.0	0.0	0.0	0.0	0.0	0.0	0.0	0.0	0.0	0.0	0.0	
Gobemouche noir	0.0	0.0	0.0	0.0	0.0	0.0	0.0	0.0	0.0	0.0	0.0	0.0	0.0218341	0.0353357	0.034632	0.018018	0.0610687	0.0130719	0.0032787	0.0	0.0064516	0.0	0.0	0.0053619	0.0036101	0.004914	0.0052083	0.0022936	0.0145985	0.0585774	0.1965066	0.2534435	0.2510638	0.182266	0.0809249	0.0361446	0.0220264	0.0	0.0	0.0050761	0.0065789	0.0	0.0	0.0	0.0	0.0	0.0	0.0	
Ficedula sp.	0.0	0.0	0.0	0.0	0.0	0.0	0.0	0.0	0.0	0.0	0.0	0.0	0.0	0.0	0.0	0.0	0.0	0.0	0.0	0.0	0.0	0.0	0.0	0.0	0.0	0.0	0.0	0.0	0.0	0.0	0.0	0.0055096	0.0	0.0	0.0	0.0	0.0	0.0	0.0	0.0	0.0	0.0	0.0	0.0	0.0	0.0	0.0	0.0	
Rougequeue à front blanc	0.0	0.0	0.0	0.0	0.0	0.0	0.0	0.0	0.0	0.0	0.0	0.0123077	0.0567686	0.0777385	0.0649351	0.0540541	0.0572519	0.0457516	0.0459016	0.0653153	0.0483871	0.0390071	0.0355731	0.0107239	0.0216606	0.02457	0.03125	0.0229358	0.0328467	0.0334728	0.0786026	0.0716253	0.0510638	0.0640394	0.0867052	0.0763052	0.0704846	0.026178	0.0015	0.0	0.0	0.0	0.0	0.0	0.0	0.0	0.0	0.0	
Rougequeue noir	0.0255319	0.0277778	0.0446429	0.010101	0.0015	0.0292398	0.0289855	0.0315315	0.0366667	0.1176471	0.3141762	0.4830769	0.5065502	0.5229682	0.5541126	0.4684685	0.4541985	0.3856209	0.4295082	0.5112613	0.4548387	0.4787234	0.5256917	0.4530831	0.3935018	0.3808354	0.4010417	0.396789	0.419708	0.4016736	0.4366812	0.4297521	0.4297872	0.4236453	0.5433526	0.4698795	0.5066079	0.4450262	0.3647799	0.3045685	0.1513158	0.1133333	0.1009174	0.0375	0.0555556	0.037594	0.015873	0.0271318	
Rougequeue à front blanc ou R. noir	0.0	0.0	0.0	0.0	0.0	0.0	0.0	0.0	0.0	0.0	0.0	0.0	0.0	0.0	0.0	0.0	0.0	0.0	0.0	0.0	0.0	0.0	0.0	0.0	0.0	0.0	0.0	0.0	0.0	0.0	0.0	0.0	0.0	0.0049261	0.0	0.0	0.0044053	0.0	0.0	0.0	0.0	0.0	0.0	0.0	0.0	0.0	0.0	0.0	
rougequeue sp.	0.0	0.0	0.0	0.0	0.0	0.0	0.0	0.0	0.0	0.0	0.0	0.0	0.0	0.0	0.0	0.0	0.0	0.0	0.0	0.0	0.0	0.0	0.0	0.0	0.0	0.007371	0.0015	0.0	0.0	0.0	0.0	0.0	0.0	0.0	0.0	0.0	0.0176211	0.0	0.0	0.0	0.0	0.0	0.0	0.0	0.0	0.0	0.0	0.0	
Monticole de roche	0.0	0.0	0.0	0.0	0.0	0.0	0.0	0.0	0.0	0.0	0.0	0.0	0.0	0.0	0.0	0.003003	0.0152672	0.0163399	0.0360656	0.0653153	0.0258065	0.0531915	0.0671937	0.0187668	0.0433213	0.02457	0.0260417	0.016055	0.0145985	0.0376569	0.0305677	0.0137741	0.0042553	0.0049261	0.0057803	0.0080321	0.0	0.0	0.0	0.0050761	0.0	0.0	0.0	0.0	0.0	0.0	0.0	0.0	
Tarier des prés	0.0	0.0	0.0	0.0	0.0	0.0	0.0	0.0	0.0	0.0	0.0	0.0	0.0043668	0.0070671	0.021645	0.045045	0.0954198	0.0588235	0.0754098	0.1216216	0.0580645	0.0815603	0.0909091	0.0938338	0.0830325	0.031941	0.046875	0.0229358	0.040146	0.0376569	0.0524017	0.0661157	0.012766	0.0492611	0.0115607	0.0	0.0088106	0.0	0.0	0.0	0.0	0.0	0.0	0.0	0.0	0.0	0.0	0.0	
Tarier pâtre	0.012766	0.0069444	0.0	0.0	0.0	0.0116959	0.0	0.018018	0.0166667	0.0481283	0.0498084	0.0338462	0.0480349	0.0706714	0.0519481	0.0810811	0.0992366	0.0555556	0.0360656	0.036036	0.0483871	0.0567376	0.0395257	0.0214477	0.0144404	0.007371	0.0052083	0.0137615	0.0182482	0.0125523	0.0131004	0.0220386	0.0085106	0.0147783	0.0231214	0.0361446	0.0264317	0.026178	0.0062893	0.0253807	0.0197368	0.0066667	0.0091743	0.0	0.0	0.0	0.0	0.0116279	
Traquet motteux	0.0	0.0	0.0	0.0	0.0	0.0	0.0	0.0	0.0	0.0	0.0	0.0015	0.0043668	0.0141343	0.012987	0.048048	0.0954198	0.0653595	0.0721311	0.1238739	0.0806452	0.0886525	0.1106719	0.075067	0.0613718	0.0909091	0.0729167	0.0619266	0.0766423	0.0711297	0.1004367	0.0964187	0.0723404	0.0837438	0.0924855	0.0401606	0.0220264	0.0366492	0.0062893	0.0101523	0.0	0.0	0.0	0.0	0.0	0.0	0.0	0.0	
Traquet oreillard	0.0	0.0	0.0	0.0	0.0	0.0	0.0	0.0	0.0	0.0	0.0	0.0	0.0	0.0	0.0	0.0	0.0	0.0	0.0	0.0	0.0	0.0	0.0	0.002681	0.0	0.0	0.0	0.0	0.0	0.0	0.0	0.0	0.0	0.0	0.0	0.0	0.0	0.0	0.0	0.0	0.0	0.0	0.0	0.0	0.0	0.0	0.0	0.0	
Euplecte vorabé	0.0	0.0	0.0	0.0	0.0	0.0	0.0	0.0	0.0	0.0	0.0	0.0	0.0	0.0	0.0	0.0	0.0	0.0	0.0	0.0	0.0	0.0	0.0	0.0	0.0	0.0	0.0	0.0	0.0036496	0.0	0.0	0.0	0.0	0.0	0.0	0.0	0.0	0.0	0.0	0.0	0.0	0.0	0.0	0.0	0.0	0.0	0.0	0.0	
Accenteur alpin	0.0297872	0.0208333	0.0803571	0.0555556	0.0234375	0.0409357	0.0241546	0.0135135	0.0033333	0.0160428	0.0038314	0.0123077	0.0087336	0.024735	0.012987	0.015015	0.0114504	0.0098039	0.0131148	0.0157658	0.0258065	0.0744681	0.0513834	0.0563003	0.032491	0.041769	0.0338542	0.0366972	0.0364964	0.0167364	0.0262009	0.0495868	0.0170213	0.0197044	0.0057803	0.0120482	0.0264317	0.0209424	0.0188679	0.0152284	0.0263158	0.0133333	0.0275229	0.05625	0.0648148	0.0526316	0.015873	0.0193798	
Accenteur mouchet	0.0255319	0.0416667	0.0267857	0.0505051	0.0234375	0.0350877	0.0096618	0.0135135	0.0133333	0.026738	0.0229885	0.0153846	0.0436681	0.0424028	0.0606061	0.0780781	0.0458015	0.0555556	0.0688525	0.1306306	0.0709677	0.1134752	0.0711462	0.0643432	0.0361011	0.0540541	0.0390625	0.0206422	0.0218978	0.0015	0.0043668	0.0220386	0.012766	0.044335	0.0346821	0.0240964	0.0440529	0.0418848	0.0377358	0.071066	0.0789474	0.0015	0.0275229	0.05	0.0740741	0.0225564	0.0396825	0.0310078	
Moineau domestique	0.3404255	0.3472222	0.3214286	0.3333333	0.296875	0.3391813	0.4202899	0.3963964	0.42	0.5026738	0.559387	0.4892308	0.4759825	0.5088339	0.4935065	0.4204204	0.4694656	0.3856209	0.4098361	0.4031532	0.3774194	0.3546099	0.3715415	0.3753351	0.4115523	0.4545455	0.4505208	0.4288991	0.2627737	0.3012552	0.2882096	0.2176309	0.2808511	0.2807882	0.2774566	0.2931727	0.3480176	0.3403141	0.3144654	0.3705584	0.3618421	0.3666667	0.3394495	0.375	0.3611111	0.2330827	0.3412698	0.3604651	
Moineau cisalpin	0.0	0.0	0.0	0.0	0.0	0.0	0.0	0.0015	0.0	0.0	0.0	0.0	0.0	0.0	0.0	0.0	0.0	0.0065359	0.0	0.0	0.0	0.0	0.0015	0.002681	0.0	0.0	0.0	0.0045872	0.0	0.0015	0.0	0.0	0.0	0.0015	0.0	0.0	0.0	0.0	0.0	0.0	0.0	0.0	0.0	0.0	0.0	0.0	0.0	0.0	
Hybride Moineau domestique x M. cisalpin	0.0	0.0	0.0	0.0	0.0	0.0	0.0	0.0	0.0	0.0	0.0	0.0	0.0	0.0	0.0	0.0	0.0	0.0	0.0	0.0	0.0	0.0	0.0	0.0	0.0	0.0	0.0	0.0	0.0	0.0	0.0	0.0	0.0042553	0.0	0.0	0.0015	0.0	0.0	0.0	0.0	0.0	0.0	0.0	0.0	0.0	0.0	0.0	0.0	
Moineau domestique ou M. cisalpin	0.0042553	0.0069444	0.0	0.0	0.0	0.0	0.0048309	0.0015	0.0033333	0.0	0.0	0.0	0.0	0.0	0.0	0.0	0.0114504	0.0098039	0.0065574	0.0022523	0.0	0.0015	0.0	0.0	0.0015	0.004914	0.0	0.0	0.0	0.0	0.0	0.0	0.0	0.0	0.0	0.0	0.0	0.0	0.0	0.0	0.0	0.0	0.0	0.0	0.0	0.0	0.0	0.0	
Moineau friquet	0.0085106	0.0138889	0.0178571	0.0050505	0.0015	0.0175439	0.0096618	0.0045045	0.0166667	0.0053476	0.0153257	0.0092308	0.0043668	0.0106007	0.008658	0.021021	0.0267176	0.0098039	0.0163934	0.009009	0.0064516	0.0015	0.0079051	0.0053619	0.0036101	0.009828	0.0078125	0.0137615	0.0036496	0.0167364	0.0087336	0.0137741	0.0	0.0098522	0.0057803	0.0040161	0.0132159	0.0104712	0.0125786	0.0050761	0.0065789	0.0133333	0.0183486	0.00625	0.0092593	0.0015	0.015873	0.0116279	
Niverolle alpine	0.0042553	0.0015	0.0	0.0050505	0.0015	0.0116959	0.0048309	0.0045045	0.0066667	0.0053476	0.0038314	0.0061538	0.0043668	0.0106007	0.0	0.0	0.0	0.0098039	0.0131148	0.027027	0.0322581	0.0319149	0.0434783	0.0348525	0.0108303	0.014742	0.0104167	0.0183486	0.0072993	0.0083682	0.0043668	0.0082645	0.0085106	0.0	0.0	0.0080321	0.0088106	0.0	0.0	0.0050761	0.0131579	0.0066667	0.0015	0.01875	0.0015	0.0	0.0015	0.0015	
Bergeronnette des ruisseaux	0.1106383	0.1666667	0.1160714	0.0808081	0.0703125	0.0994152	0.0628019	0.0900901	0.0766667	0.0962567	0.0957854	0.0769231	0.0480349	0.0530035	0.1038961	0.0510511	0.0381679	0.0457516	0.0360656	0.0495495	0.0903226	0.0460993	0.0355731	0.0321716	0.0577617	0.0565111	0.0572917	0.0550459	0.0328467	0.0292887	0.069869	0.0798898	0.0680851	0.1083744	0.1213873	0.1124498	0.1321586	0.1361257	0.1572327	0.1472081	0.1710526	0.18	0.1192661	0.16875	0.1388889	0.1954887	0.1428571	0.1124031	
Bergeronnette printanière	0.0	0.0	0.0	0.0	0.0	0.0	0.0	0.0	0.0	0.0015	0.0038314	0.0061538	0.0436681	0.0318021	0.021645	0.0660661	0.0877863	0.0261438	0.0196721	0.0067568	0.0	0.0	0.0015	0.0	0.0	0.0015	0.0052083	0.0022936	0.0072993	0.0041841	0.0043668	0.0358127	0.0510638	0.08867	0.0809249	0.0321285	0.0352423	0.0209424	0.0062893	0.0	0.0	0.0	0.0	0.0	0.0	0.0	0.0	0.0	
Bergeronnette citrine	0.0	0.0	0.0	0.0	0.0	0.0	0.0	0.0	0.0	0.0	0.0	0.0	0.0	0.0	0.0	0.003003	0.0	0.0	0.0	0.0	0.0	0.0	0.0	0.0	0.0	0.0	0.0	0.0	0.0	0.0	0.0	0.0	0.0	0.0	0.0	0.0	0.0	0.0	0.0	0.0	0.0	0.0	0.0	0.0	0.0	0.0	0.0	0.0	
Bergeronnette grise	0.0765957	0.1458333	0.1339286	0.1161616	0.0859375	0.0994152	0.1014493	0.1801802	0.2666667	0.3743316	0.4367816	0.4307692	0.5021834	0.4876325	0.3722944	0.4534535	0.4618321	0.4084967	0.3770492	0.4436937	0.3645161	0.2943262	0.3478261	0.3592493	0.3465704	0.2850123	0.2994792	0.2821101	0.2153285	0.2468619	0.2445415	0.2644628	0.3702128	0.3596059	0.4046243	0.37751	0.4537445	0.4921466	0.4465409	0.3401015	0.2697368	0.1933333	0.1926606	0.20625	0.1481481	0.112782	0.1428571	0.0813953	
bergeronette sp.	0.0042553	0.0	0.0	0.0	0.0	0.0	0.0	0.0	0.0	0.0	0.0	0.0015	0.0	0.0	0.0	0.0	0.0038168	0.0065359	0.0	0.0	0.0032258	0.0	0.0	0.002681	0.0	0.0	0.0	0.0	0.0	0.0015	0.0	0.0	0.0	0.0049261	0.0231214	0.0	0.0	0.0	0.0	0.0	0.0065789	0.0	0.0	0.0	0.0	0.0	0.0	0.0	
Pipit de Richard	0.0	0.0	0.0	0.0	0.0	0.0	0.0	0.0	0.0	0.0	0.0	0.0	0.0	0.0	0.0	0.0	0.0	0.0	0.0	0.0	0.0	0.0	0.0	0.0	0.0	0.0	0.0	0.0	0.0	0.0	0.0	0.0	0.0	0.0	0.0	0.0	0.0044053	0.0	0.0	0.0	0.0	0.0	0.0	0.0	0.0	0.0	0.0	0.0	
Pipit rousseline	0.0	0.0	0.0	0.0	0.0	0.0	0.0	0.0	0.0	0.0	0.0	0.0	0.0	0.0	0.004329	0.003003	0.0152672	0.0	0.0065574	0.0022523	0.0	0.0	0.0	0.0	0.0	0.0	0.0	0.0	0.0	0.0	0.0	0.0082645	0.0	0.0049261	0.0	0.0	0.0	0.0	0.0	0.0	0.0	0.0	0.0	0.0	0.0	0.0	0.0	0.0	
Pipit farlouse	0.0297872	0.0277778	0.0267857	0.030303	0.015625	0.0175439	0.0	0.0135135	0.0133333	0.0320856	0.0383142	0.0369231	0.0262009	0.04947	0.021645	0.018018	0.0152672	0.0	0.0098361	0.0	0.0096774	0.0070922	0.0118577	0.0107239	0.0108303	0.012285	0.0130208	0.0045872	0.0015	0.0083682	0.0087336	0.0110193	0.012766	0.0197044	0.0346821	0.0120482	0.0704846	0.078534	0.1006289	0.106599	0.0921053	0.0466667	0.0642202	0.025	0.0277778	0.0075188	0.0238095	0.0232558	
Pipit des arbres	0.0	0.0	0.0	0.0	0.0	0.0	0.0	0.0	0.0	0.0	0.0	0.0061538	0.0087336	0.0353357	0.030303	0.0900901	0.0458015	0.0751634	0.0655738	0.1509009	0.0612903	0.0921986	0.1383399	0.0857909	0.0469314	0.036855	0.0260417	0.0183486	0.0182482	0.041841	0.0567686	0.0853994	0.0765957	0.1182266	0.1040462	0.0240964	0.0088106	0.026178	0.0	0.0	0.0	0.0	0.0	0.0	0.0	0.0	0.0	0.0	
Pipit à gorge rousse	0.0	0.0	0.0	0.0	0.0	0.0	0.0	0.0	0.0	0.0	0.0	0.0	0.0	0.0	0.0	0.003003	0.0114504	0.0	0.0	0.0	0.0	0.0	0.0	0.0	0.0	0.0	0.0	0.0	0.0	0.0	0.0	0.0	0.0	0.0049261	0.0	0.0	0.0	0.0052356	0.0015	0.0	0.0	0.0	0.0	0.0	0.0	0.0	0.0	0.0	
Pipit spioncelle	0.0851064	0.0486111	0.0803571	0.0353535	0.0390625	0.0818713	0.0386473	0.0405405	0.0533333	0.0320856	0.0613027	0.0769231	0.0480349	0.0918728	0.0562771	0.048048	0.0496183	0.0653595	0.0918033	0.1306306	0.1225806	0.1595745	0.1462451	0.1340483	0.0866426	0.0786241	0.0807292	0.0688073	0.0875912	0.0920502	0.0829694	0.0881543	0.0723404	0.0738916	0.1213873	0.0722892	0.1013216	0.0942408	0.1383648	0.1319797	0.1184211	0.0666667	0.0825688	0.05	0.0277778	0.0300752	0.0873016	0.0232558	
Pipit farlouse ou P. spioncelle	0.0042553	0.0	0.0	0.0	0.0	0.0	0.0	0.0	0.0	0.0	0.0	0.0	0.0	0.0	0.0	0.0	0.0	0.0	0.0	0.0	0.0	0.0	0.0	0.0	0.0	0.0015	0.0	0.0	0.0	0.0	0.0	0.0015	0.0	0.0	0.0	0.0	0.0	0.0	0.0	0.0050761	0.0	0.0	0.0	0.00625	0.0	0.0	0.0	0.0	
Anthus sp.	0.0	0.0	0.0	0.0	0.0	0.0	0.0	0.0	0.0	0.0	0.0	0.0	0.0	0.0	0.0	0.0	0.0038168	0.003268	0.0	0.0022523	0.0	0.0	0.0	0.0	0.0	0.0	0.0	0.0	0.0036496	0.0	0.0	0.0055096	0.0	0.0049261	0.0	0.0	0.0015	0.0	0.0314465	0.0	0.0065789	0.0	0.0	0.00625	0.0	0.0	0.0	0.0	
Pinson des arbres	0.4553191	0.5625	0.5446429	0.4848485	0.6171875	0.6315789	0.5458937	0.509009	0.59	0.6631016	0.7279693	0.6769231	0.6593886	0.6713781	0.6536797	0.6516517	0.6870229	0.6111111	0.5868852	0.6216216	0.6	0.5460993	0.6007905	0.5683646	0.4909747	0.4447174	0.359375	0.3440367	0.3941606	0.3179916	0.4061135	0.3526171	0.4085106	0.3743842	0.5375723	0.4176707	0.4933921	0.5340314	0.591195	0.6548223	0.6710526	0.6	0.7247706	0.68125	0.712963	0.5864662	0.6666667	0.496124	
Pinson du Nord	0.1957447	0.2361111	0.3125	0.2424242	0.28125	0.245614	0.1642512	0.1306306	0.1233333	0.144385	0.1685824	0.12	0.0611354	0.0141343	0.008658	0.0	0.0	0.0	0.0	0.0022523	0.0	0.0	0.0	0.0	0.0	0.0	0.0	0.0	0.0	0.0	0.0	0.0	0.0	0.0	0.0	0.0015	0.0396476	0.078534	0.1006289	0.2791878	0.3026316	0.2333333	0.2568807	0.3125	0.3518519	0.2481203	0.2460317	0.2015504	
Pinson des arbres ou P. du Nord	0.0	0.0	0.0	0.0	0.0	0.0	0.0	0.009009	0.0	0.0053476	0.0038314	0.0	0.0	0.0015	0.0	0.0	0.0	0.0	0.0	0.0	0.0	0.0	0.0	0.0	0.0	0.0	0.0	0.0	0.0	0.0	0.0	0.0	0.0	0.0	0.0	0.0	0.0	0.0	0.0	0.0152284	0.0	0.0	0.0	0.0125	0.0	0.0	0.0	0.0	
Grosbec casse-noyaux	0.1957447	0.2430556	0.2232143	0.1969697	0.234375	0.2807018	0.1884058	0.1576577	0.1166667	0.1283422	0.0766284	0.0646154	0.0436681	0.0459364	0.030303	0.03003	0.0458015	0.0294118	0.0229508	0.0337838	0.016129	0.0177305	0.0316206	0.0187668	0.0180505	0.034398	0.0208333	0.0344037	0.0291971	0.0292887	0.0393013	0.0247934	0.0723404	0.0147783	0.0346821	0.0281124	0.061674	0.1204188	0.2138365	0.3045685	0.1973684	0.2	0.2477064	0.2625	0.25	0.1879699	0.2301587	0.2015504	
Roselin cramoisi	0.0	0.0	0.0	0.0	0.0	0.0	0.0	0.0	0.0	0.0	0.0	0.0	0.0	0.0	0.0	0.0	0.0	0.0	0.0	0.0	0.0	0.0035461	0.0	0.0	0.0	0.0	0.0	0.0	0.0	0.0	0.0	0.0	0.0	0.0	0.0	0.0	0.0	0.0	0.0	0.0	0.0	0.0	0.0	0.0	0.0	0.0	0.0	0.0	
Bouvreuil pivoine	0.1446809	0.1597222	0.1696429	0.1313131	0.1640625	0.1169591	0.1304348	0.1171171	0.11	0.1550802	0.1226054	0.1230769	0.1091703	0.1024735	0.1341991	0.1111111	0.1259542	0.1078431	0.1180328	0.1283784	0.1322581	0.1028369	0.1264822	0.1206434	0.0830325	0.0810811	0.0677083	0.0802752	0.1167883	0.083682	0.1091703	0.0798898	0.1106383	0.0935961	0.1040462	0.1004016	0.0837004	0.1361257	0.1383648	0.1827411	0.1973684	0.14	0.1651376	0.2125	0.1574074	0.1503759	0.1507937	0.1317829	
Verdier d'Europe	0.1702128	0.2361111	0.2410714	0.2626263	0.3515625	0.4385965	0.2995169	0.2702703	0.2533333	0.3208556	0.4099617	0.3538462	0.3537118	0.3745583	0.2987013	0.2882883	0.2862595	0.2385621	0.2196721	0.1891892	0.1935484	0.1489362	0.1857708	0.1849866	0.1841155	0.1941032	0.1041667	0.1766055	0.1350365	0.0962343	0.1266376	0.0853994	0.093617	0.0837438	0.1676301	0.0963855	0.1277533	0.1884817	0.1761006	0.2893401	0.3552632	0.3266667	0.3944954	0.35	0.4351852	0.3233083	0.2936508	0.1937984	
Linotte mélodieuse	0.0015	0.0	0.0178571	0.010101	0.0	0.0116959	0.0048309	0.0135135	0.02	0.0160428	0.0153257	0.0092308	0.0262009	0.0848057	0.0865801	0.1321321	0.1030534	0.0882353	0.1508197	0.1554054	0.116129	0.106383	0.1422925	0.0697051	0.0758123	0.0810811	0.0859375	0.0642202	0.0583942	0.0711297	0.0567686	0.0606061	0.0468085	0.044335	0.0809249	0.0763052	0.0748899	0.0575916	0.0503145	0.0609137	0.0197368	0.0133333	0.0	0.00625	0.0092593	0.0075188	0.0	0.003876	
Sizerin flammé	0.0085106	0.0069444	0.0	0.0	0.0	0.005848	0.0048309	0.0015	0.01	0.0	0.0	0.0153846	0.0	0.0035336	0.012987	0.009009	0.0305344	0.0098039	0.0065574	0.0157658	0.0096774	0.0390071	0.0237154	0.0241287	0.0108303	0.009828	0.03125	0.0114679	0.0291971	0.0083682	0.0043668	0.0055096	0.012766	0.0344828	0.0	0.0015	0.0044053	0.0	0.0062893	0.0203046	0.0263158	0.0066667	0.0	0.00625	0.0092593	0.0	0.0	0.0077519	
Bec-croisé des sapins	0.0851064	0.0277778	0.0357143	0.0909091	0.0625	0.0701754	0.0193237	0.045045	0.0433333	0.0427807	0.045977	0.0492308	0.0349345	0.0459364	0.047619	0.024024	0.0305344	0.0392157	0.0295082	0.0472973	0.0516129	0.0567376	0.0513834	0.0482574	0.0361011	0.029484	0.0494792	0.0275229	0.0510949	0.0376569	0.0305677	0.0358127	0.0425532	0.0492611	0.0982659	0.0481928	0.0352423	0.0471204	0.0566038	0.071066	0.1118421	0.0666667	0.0825688	0.0375	0.0185185	0.0601504	0.047619	0.0736434	
Chardonneret élégant	0.2085106	0.2847222	0.3125	0.2929293	0.3671875	0.380117	0.2463768	0.2072072	0.2466667	0.3101604	0.3333333	0.3384615	0.4061135	0.4275618	0.4155844	0.3993994	0.3587786	0.2745098	0.3114754	0.3018018	0.2741935	0.2163121	0.2885375	0.233244	0.267148	0.2850123	0.3020833	0.2545872	0.2153285	0.2970711	0.3100437	0.2837466	0.2978723	0.2610837	0.3179191	0.2168675	0.2026432	0.2879581	0.2641509	0.4213198	0.4144737	0.3533333	0.3577982	0.29375	0.4351852	0.3233083	0.3174603	0.2248062	
Venturon montagnard	0.0015	0.0	0.0	0.0015	0.0015	0.0175439	0.0048309	0.0045045	0.01	0.0	0.0015	0.0061538	0.0131004	0.0106007	0.008658	0.015015	0.0076336	0.0261438	0.0131148	0.0202703	0.0193548	0.0212766	0.027668	0.0160858	0.0216606	0.014742	0.0338542	0.0183486	0.0291971	0.0167364	0.0087336	0.0137741	0.012766	0.0147783	0.0057803	0.0160643	0.0132159	0.0104712	0.0125786	0.0101523	0.0328947	0.0066667	0.0	0.0125	0.0	0.0075188	0.0079365	0.0116279	
Serin cini	0.0	0.0	0.0089286	0.0050505	0.0	0.0116959	0.0338164	0.036036	0.0533333	0.1390374	0.2068966	0.2430769	0.279476	0.3250883	0.3593074	0.2882883	0.278626	0.2581699	0.2327869	0.240991	0.2096774	0.2056738	0.2252964	0.1823056	0.1877256	0.2088452	0.15625	0.1192661	0.0766423	0.0543933	0.1179039	0.0440771	0.0595745	0.0246305	0.0231214	0.0481928	0.0528634	0.1099476	0.0314465	0.0558376	0.0394737	0.0	0.0091743	0.0	0.0277778	0.0	0.0	0.0	
Tarin des aulnes	0.2468085	0.1805556	0.2678571	0.2525253	0.3203125	0.3040936	0.2173913	0.1756757	0.1333333	0.144385	0.137931	0.1076923	0.0873362	0.0600707	0.0692641	0.027027	0.0038168	0.0196078	0.0015	0.036036	0.0129032	0.0212766	0.0039526	0.0134048	0.0216606	0.017199	0.0208333	0.0183486	0.0109489	0.0083682	0.0087336	0.0110193	0.0340426	0.0541872	0.0635838	0.0682731	0.0969163	0.1570681	0.2327044	0.3857868	0.4078947	0.3066667	0.2568807	0.26875	0.25	0.2556391	0.3015873	0.1821705	
fringillidé sp.	0.0	0.0	0.0	0.0	0.0	0.0	0.0	0.0	0.0	0.0	0.0	0.0	0.0	0.0	0.0	0.0	0.0	0.0	0.0	0.0	0.0	0.0	0.0	0.002681	0.0	0.0	0.0	0.0	0.0	0.0	0.0	0.0015	0.0	0.0	0.0	0.0	0.0	0.0052356	0.0125786	0.0203046	0.0	0.0066667	0.0	0.0	0.0	0.0	0.0	0.0	
Bruant des neiges	0.0	0.0	0.0	0.0	0.0	0.0	0.0	0.0	0.0	0.0	0.0	0.0	0.0	0.0	0.0	0.0	0.0	0.0	0.0	0.0	0.0	0.0	0.0	0.0	0.0	0.0	0.0	0.0	0.0	0.0	0.0	0.0	0.0	0.0	0.0	0.0	0.0	0.0	0.0	0.0	0.0	0.0	0.0	0.0125	0.0	0.0	0.0	0.0	
Bruant proyer	0.0	0.0	0.0	0.0	0.0	0.0	0.0	0.0	0.0	0.0	0.0	0.0	0.0	0.0	0.004329	0.003003	0.0267176	0.0	0.0065574	0.0045045	0.0064516	0.0106383	0.0	0.0	0.0	0.0	0.0	0.0	0.0072993	0.0	0.0	0.0	0.0	0.0	0.0	0.0	0.0	0.0	0.0	0.0	0.0	0.0	0.0	0.0	0.0	0.0	0.0	0.0	
Bruant fou	0.0170213	0.0277778	0.0267857	0.0015	0.015625	0.0116959	0.0	0.0135135	0.02	0.026738	0.0	0.0123077	0.0087336	0.0176678	0.012987	0.015015	0.0	0.0326797	0.0196721	0.0563063	0.0258065	0.0283688	0.0355731	0.0160858	0.0180505	0.012285	0.0130208	0.0068807	0.0	0.0167364	0.0043668	0.0055096	0.0085106	0.0098522	0.0057803	0.0120482	0.0088106	0.0104712	0.0188679	0.035533	0.0131579	0.0133333	0.0275229	0.01875	0.0092593	0.0075188	0.0396825	0.0015	
Bruant zizi	0.0042553	0.0069444	0.0178571	0.0	0.0	0.005848	0.0048309	0.0	0.01	0.0053476	0.0191571	0.0184615	0.0131004	0.0035336	0.017316	0.006006	0.0114504	0.0130719	0.0229508	0.0067568	0.0096774	0.0070922	0.0	0.0080429	0.0	0.034398	0.0078125	0.0045872	0.0145985	0.0041841	0.0	0.0137741	0.0085106	0.0	0.0	0.0	0.0088106	0.026178	0.0062893	0.0	0.0065789	0.0266667	0.0183486	0.0	0.0	0.0	0.0	0.0	
Bruant jaune	0.1361702	0.1805556	0.2589286	0.2020202	0.265625	0.2280702	0.173913	0.1441441	0.11	0.144385	0.1762452	0.1538462	0.1659389	0.1272085	0.1255411	0.1411411	0.1183206	0.0784314	0.0754098	0.1441441	0.1032258	0.0815603	0.1106719	0.075067	0.0469314	0.0737101	0.0572917	0.0458716	0.0145985	0.0334728	0.0349345	0.0413223	0.0085106	0.0246305	0.0231214	0.064257	0.0704846	0.1151832	0.0754717	0.2030457	0.2039474	0.2066667	0.2293578	0.225	0.3425926	0.2406015	0.2619048	0.1395349	
Bruant à calotte blanche	0.0	0.0	0.0	0.0	0.0	0.0	0.0	0.0	0.0	0.0	0.0	0.0	0.0	0.0	0.0	0.0	0.0	0.0	0.0	0.0	0.0	0.0	0.0	0.0	0.0	0.0	0.0	0.0	0.0	0.0	0.0	0.0	0.0	0.0	0.0	0.0	0.0	0.0	0.0	0.0	0.0	0.0	0.0183486	0.0	0.0	0.0	0.0	0.0	
Bruant ortolan	0.0	0.0	0.0	0.0	0.0	0.0	0.0	0.0	0.0	0.0	0.0	0.0	0.0	0.0	0.0	0.003003	0.0152672	0.0	0.0032787	0.0	0.0	0.0	0.0	0.002681	0.0	0.0	0.0	0.0	0.0	0.0	0.0	0.0027548	0.0	0.0098522	0.0057803	0.0	0.0	0.0	0.0	0.0	0.0	0.0	0.0	0.0	0.0	0.0	0.0	0.0	
Bruant des roseaux	0.0553191	0.0625	0.0267857	0.040404	0.03125	0.0175439	0.0289855	0.0540541	0.0666667	0.0481283	0.0689655	0.0646154	0.0349345	0.0070671	0.012987	0.009009	0.0038168	0.003268	0.0065574	0.0067568	0.0	0.0035461	0.0039526	0.0	0.0036101	0.0	0.0026042	0.0	0.0	0.0	0.0	0.0	0.0	0.0	0.0	0.0	0.0088106	0.0157068	0.0251572	0.0913706	0.0789474	0.04	0.0733945	0.04375	0.037037	0.0075188	0.047619	0.0232558	
Emberiza sp.	0.0	0.0	0.0	0.0	0.0	0.0	0.0	0.0	0.0	0.0	0.0	0.0	0.0	0.0	0.004329	0.0	0.0	0.0	0.0	0.0	0.0	0.0	0.0	0.0	0.0	0.0	0.0	0.0	0.0	0.0	0.0	0.0	0.0	0.0	0.0	0.0	0.0	0.0	0.0	0.0050761	0.0	0.0	0.0	0.0	0.0	0.0	0.0	0.0	
passereau sp.	0.0085106	0.0069444	0.0	0.0	0.0	0.0	0.0	0.0	0.0	0.0053476	0.0076628	0.0	0.0	0.0	0.0	0.006006	0.0	0.003268	0.0	0.0	0.0	0.0	0.0039526	0.0241287	0.0	0.004914	0.0026042	0.0091743	0.0145985	0.0041841	0.0015	0.0082645	0.0	0.0147783	0.0404624	0.0321285	0.030837	0.0104712	0.0188679	0.0456853	0.0	0.0	0.0091743	0.0	0.0	0.0075188	0.0	0.0193798	
oiseau sp.	0.0042553	0.0	0.0	0.0	0.0	0.0	0.0	0.0	0.0033333	0.0	0.0	0.0	0.0	0.0	0.0	0.0	0.0	0.0	0.0	0.0	0.0	0.0	0.0	0.0	0.0	0.0	0.0	0.0068807	0.0	0.0	0.0	0.0	0.0	0.0	0.0	0.0	0.0	0.0	0.0	0.0	0.0	0.0	0.0	0.0	0.0	0.0	0.0	0.0	

