









Frequency of observations in the selected location(s).:
Number of taxa: 	425

	Jan				Feb				Mar				Apr				May				Jun				Jul				Aug				Sep				Oct				Nov				Dec				
Sample Size:	284.0	194.0	159.0	232.0	204.0	177.0	230.0	205.0	232.0	293.0	424.0	434.0	387.0	348.0	327.0	445.0	359.0	384.0	334.0	325.0	216.0	212.0	143.0	212.0	113.0	107.0	124.0	190.0	147.0	102.0	126.0	181.0	116.0	134.0	120.0	248.0	169.0	164.0	140.0	181.0	123.0	94.0	91.0	161.0	105.0	148.0	107.0	246.0	

Dendrocygne à ventre noir	0.0	0.0	0.0	0.0	0.0	0.0	0.0	0.0	0.0	0.0	0.0	0.0046083	0.0	0.0	0.0	0.0	0.0	0.0	0.0	0.0	0.0	0.0	0.0	0.0141509	0.0	0.0015	0.0	0.0	0.0	0.0015	0.0	0.0055249	0.0	0.0	0.0015	0.0	0.0	0.0	0.0	0.0055249	0.0	0.0	0.0	0.0	0.0	0.0	0.0	0.0	
Oie cendrée	0.0	0.0	0.0	0.0	0.0	0.0	0.0	0.0	0.0	0.0	0.0	0.0	0.0	0.0	0.0	0.0022472	0.0	0.0	0.0	0.0	0.0	0.0	0.0	0.0	0.0	0.0	0.0	0.0	0.0	0.0	0.0	0.0	0.0	0.0	0.0	0.0	0.0	0.0	0.0	0.0	0.0	0.0	0.0	0.0	0.0095238	0.0	0.0	0.0	
Oie cygnoïde	0.0316901	0.0206186	0.0314465	0.0086207	0.0098039	0.039548	0.0217391	0.0195122	0.0258621	0.0	0.0283019	0.016129	0.0103359	0.0143678	0.0183486	0.0179775	0.0194986	0.0015	0.0149701	0.0061538	0.0046296	0.004717	0.006993	0.0	0.0	0.0093458	0.0	0.0015	0.0068027	0.0196078	0.015873	0.0110497	0.0086207	0.0149254	0.0333333	0.0282258	0.0236686	0.054878	0.0071429	0.0110497	0.0243902	0.0212766	0.010989	0.0	0.0095238	0.0015	0.0	0.0162602	
Hybride Oie cendrée x O. cygnoïde	0.0	0.0051546	0.0	0.0	0.0	0.0	0.0	0.0	0.0	0.0	0.0	0.0	0.0	0.0	0.0	0.0	0.0	0.0	0.0	0.0	0.0	0.0	0.0	0.0	0.0	0.0	0.0	0.0	0.0	0.0	0.0	0.0	0.0	0.0	0.0	0.0	0.0	0.0	0.0	0.0	0.0	0.0	0.0	0.0	0.0	0.0	0.0	0.0	
Oie rieuse	0.0	0.0	0.0	0.0	0.0	0.0	0.0	0.0	0.0	0.0	0.0	0.0	0.0	0.0	0.0	0.0	0.0	0.0	0.0	0.0	0.0	0.0	0.0	0.0	0.0	0.0	0.0	0.0	0.0	0.0	0.0	0.0	0.0	0.0	0.0	0.0	0.0	0.0	0.0	0.0	0.0	0.0	0.0	0.0	0.0	0.0	0.0	0.004065	
Anser sp. (forme domestique)	0.0352113	0.0412371	0.0440252	0.0474138	0.0196078	0.0112994	0.0173913	0.0341463	0.0387931	0.0102389	0.0141509	0.0207373	0.0284238	0.0143678	0.030581	0.0292135	0.0139276	0.015625	0.0269461	0.0184615	0.0046296	0.009434	0.0015	0.0	0.0	0.0	0.0015	0.0052632	0.0272109	0.0196078	0.0079365	0.0276243	0.0172414	0.0074627	0.0166667	0.0241935	0.0118343	0.0243902	0.0214286	0.0165746	0.0162602	0.0106383	0.021978	0.0310559	0.0285714	0.0202703	0.0093458	0.0243902	
Bernache cravant	0.0	0.0	0.0	0.0172414	0.0147059	0.0056497	0.0	0.0	0.0	0.0	0.0	0.0	0.0	0.0	0.0	0.0	0.0	0.0	0.0	0.0	0.0	0.0	0.0	0.0	0.0	0.0	0.0	0.0	0.0	0.0	0.0	0.0	0.0	0.0	0.0	0.0	0.0	0.0	0.0	0.0	0.0	0.0	0.0	0.0	0.0	0.0	0.0	0.0	
Hybride Bernache nonnette x B. de Hutchins	0.0035211	0.0	0.0	0.0	0.004902	0.0	0.0	0.0	0.0043103	0.0	0.0	0.0023041	0.002584	0.0	0.0	0.0	0.0	0.0	0.0	0.0	0.0	0.0	0.0	0.0	0.0	0.0	0.0	0.0	0.0	0.0	0.0	0.0	0.0	0.0	0.0	0.0	0.0	0.0	0.0	0.0	0.0	0.0	0.0	0.0	0.0	0.0	0.0	0.0	
Hybride Oie cendrée x Bernache du Canada	0.0	0.0	0.0	0.0	0.0	0.0	0.0	0.0	0.0	0.0	0.0	0.0	0.002584	0.0	0.0	0.0	0.0	0.0	0.0	0.0	0.0	0.0	0.0	0.0	0.0	0.0	0.0	0.0052632	0.0	0.0	0.0	0.0	0.0	0.0	0.0	0.0	0.0	0.0	0.0	0.0	0.0	0.0	0.0	0.0	0.0	0.0	0.0	0.0	
Bernache à cou roux	0.0	0.0	0.0	0.0	0.0	0.0	0.0	0.0	0.0	0.0	0.0	0.0	0.0	0.0	0.0	0.0	0.0	0.0	0.0	0.0	0.0	0.0015	0.0	0.0	0.0	0.0	0.0	0.0	0.0	0.0	0.0	0.0	0.0	0.0	0.0	0.0	0.0	0.0	0.0	0.0	0.0	0.0	0.0	0.0	0.0	0.0	0.0	0.0	
Cygne tuberculé	0.0528169	0.0979381	0.0628931	0.0301724	0.0294118	0.0847458	0.0565217	0.0780488	0.0732759	0.0921502	0.0943396	0.1198157	0.1111111	0.0833333	0.1100917	0.0719101	0.097493	0.0911458	0.1137725	0.0830769	0.0416667	0.0566038	0.034965	0.0518868	0.0353982	0.0560748	0.0322581	0.0368421	0.0408163	0.0392157	0.047619	0.0662983	0.0948276	0.0746269	0.0916667	0.0564516	0.0769231	0.0670732	0.0642857	0.0331492	0.0325203	0.0425532	0.032967	0.0496894	0.0380952	0.0608108	0.0934579	0.1056911	
Cygne noir	0.0	0.0	0.0	0.0	0.0	0.0	0.0	0.0	0.0	0.0	0.0	0.0015	0.0	0.0	0.0	0.0	0.0	0.0	0.0	0.0	0.0	0.0	0.0	0.0	0.0	0.0	0.0	0.0	0.0	0.0	0.0	0.0	0.0	0.0	0.0	0.0	0.0	0.0	0.0	0.0	0.0	0.0	0.0	0.0	0.0	0.0	0.0	0.0	
Ouette d'Égypte	0.028169	0.0206186	0.0440252	0.0172414	0.0098039	0.039548	0.0130435	0.0243902	0.0086207	0.0102389	0.0117925	0.0184332	0.0155039	0.0086207	0.0152905	0.0247191	0.0194986	0.0078125	0.0149701	0.0123077	0.0092593	0.0235849	0.006993	0.0	0.0088496	0.0	0.0080645	0.0052632	0.0204082	0.0196078	0.0238095	0.0165746	0.0172414	0.0074627	0.0166667	0.0282258	0.035503	0.0243902	0.05	0.0165746	0.0406504	0.0212766	0.032967	0.0248447	0.0190476	0.0202703	0.0093458	0.0447154	
Tadorne casarca	0.0	0.0	0.0	0.0	0.0	0.0	0.0	0.0	0.0	0.0	0.0	0.0	0.0	0.0	0.0	0.0015	0.0	0.0	0.0	0.0	0.0	0.0	0.0	0.0	0.0	0.0	0.0	0.0	0.0136054	0.0	0.0	0.0	0.0	0.0	0.0	0.0	0.0	0.0	0.0	0.0	0.0	0.0	0.0	0.0	0.0	0.0	0.0	0.0	
Tadorne de Belon	0.0140845	0.0103093	0.0	0.0	0.0245098	0.0169492	0.0652174	0.0487805	0.0086207	0.0102389	0.0070755	0.0115207	0.005168	0.0517241	0.0458716	0.0067416	0.005571	0.0026042	0.0149701	0.0015	0.0	0.004717	0.0	0.0	0.0176991	0.0	0.0080645	0.0	0.0272109	0.0784314	0.015873	0.0	0.0	0.0	0.0	0.0	0.0	0.0	0.0	0.0015	0.0	0.0106383	0.010989	0.0124224	0.0	0.0067568	0.0	0.0203252	
Canard musqué	0.0457746	0.0670103	0.0377358	0.0474138	0.0441176	0.0903955	0.0391304	0.0341463	0.0517241	0.0409556	0.0377358	0.0368664	0.0387597	0.0344828	0.0152905	0.0314607	0.0111421	0.0104167	0.0209581	0.0153846	0.0015	0.0015	0.020979	0.0	0.0	0.0015	0.016129	0.0210526	0.0068027	0.0098039	0.015873	0.0276243	0.0258621	0.0	0.025	0.0524194	0.0591716	0.0365854	0.0142857	0.0441989	0.0162602	0.0425532	0.021978	0.0186335	0.0	0.0135135	0.0280374	0.0406504	
Canard à collier noir	0.0	0.0	0.0015	0.0	0.004902	0.0056497	0.0043478	0.0	0.0043103	0.0	0.0	0.0023041	0.0	0.0	0.0	0.0	0.0	0.0	0.0	0.0	0.0	0.0	0.0	0.0	0.0	0.0	0.0	0.0	0.0	0.0	0.0	0.0	0.0	0.0	0.0	0.0	0.0	0.0	0.0	0.0110497	0.0	0.0	0.0	0.0062112	0.0	0.0	0.0	0.004065	
Canard carolin	0.0	0.0015	0.0	0.0	0.0	0.0056497	0.0	0.0	0.0	0.0	0.0	0.0	0.0	0.0	0.0	0.0	0.0	0.0	0.0	0.0	0.0	0.0	0.0	0.0	0.0	0.0	0.0	0.0	0.0	0.0	0.0	0.0	0.0	0.0	0.0	0.0	0.0	0.0	0.0	0.0	0.0	0.0	0.0	0.0	0.0	0.0	0.0	0.0	
Canard mandarin	0.0105634	0.0051546	0.0062893	0.0043103	0.004902	0.0169492	0.0086957	0.0097561	0.0043103	0.0	0.0165094	0.0023041	0.005168	0.0	0.0	0.0	0.0027855	0.0	0.0	0.0	0.0	0.0	0.0	0.0	0.0	0.0	0.0	0.0	0.0	0.0	0.0	0.0	0.0	0.0	0.0	0.0	0.0059172	0.0	0.0	0.0165746	0.0325203	0.0106383	0.010989	0.0	0.0	0.0202703	0.0093458	0.0121951	
Sarcelle d'été	0.0	0.0	0.0	0.0	0.0	0.0	0.0	0.004878	0.012931	0.0204778	0.0660377	0.062212	0.0620155	0.0574713	0.0366972	0.0067416	0.0027855	0.0	0.0	0.0	0.0	0.0	0.0	0.0	0.0088496	0.0	0.0	0.0	0.0068027	0.0015	0.0	0.0	0.0086207	0.0	0.0	0.0040323	0.0	0.0121951	0.0	0.0	0.0081301	0.0	0.0	0.0	0.0	0.0202703	0.0093458	0.0	
Sarcelle à ailes bleues	0.0	0.0	0.0	0.0	0.0	0.0	0.0	0.0	0.0	0.0	0.0188679	0.0460829	0.002584	0.0	0.0	0.0	0.0	0.0	0.0	0.0	0.0	0.0	0.0	0.0	0.0	0.0	0.0	0.0	0.0	0.0	0.0	0.0	0.0	0.0	0.0	0.0	0.0	0.0	0.0	0.0	0.0	0.0	0.0	0.0	0.0	0.0	0.0	0.0	
Canard souchet	0.0	0.0	0.0062893	0.0086207	0.004902	0.0056497	0.0086957	0.0146341	0.0086207	0.0170648	0.0259434	0.0414747	0.0206718	0.0316092	0.0214067	0.0089888	0.0	0.0026042	0.0	0.0	0.0	0.0	0.006993	0.0	0.0	0.0	0.0	0.0263158	0.0	0.0	0.0	0.0220994	0.0172414	0.0074627	0.0083333	0.0	0.0118343	0.0182927	0.0	0.0110497	0.0	0.0	0.0	0.0	0.0	0.0067568	0.0	0.0162602	
Canard chipeau	0.0211268	0.0206186	0.0125786	0.0043103	0.0098039	0.0	0.0043478	0.0195122	0.0086207	0.0	0.0	0.0046083	0.0	0.0	0.0	0.0	0.0	0.0	0.0	0.0	0.0	0.0	0.0	0.0	0.0	0.0	0.0	0.0	0.0	0.0015	0.0079365	0.0	0.0086207	0.0	0.0166667	0.0040323	0.0059172	0.0060976	0.0	0.0055249	0.0	0.0	0.0	0.0062112	0.0015	0.0	0.0	0.0081301	
Canard siffleur	0.0176056	0.0015	0.0	0.0	0.0098039	0.0056497	0.0043478	0.0	0.0	0.0	0.0	0.0	0.0	0.0	0.0	0.0	0.0	0.0	0.0	0.0	0.0	0.0	0.0	0.0	0.0	0.0	0.0	0.0	0.0	0.0	0.0	0.0	0.0086207	0.0074627	0.025	0.0322581	0.035503	0.0487805	0.0214286	0.0165746	0.0	0.0106383	0.021978	0.0248447	0.0	0.0	0.0	0.0081301	
Canard colvert	0.3274648	0.3659794	0.3647799	0.3405172	0.2843137	0.3841808	0.373913	0.3902439	0.4482759	0.3583618	0.4103774	0.4953917	0.4160207	0.4137931	0.4434251	0.447191	0.4011142	0.3098958	0.3682635	0.2984615	0.1851852	0.2075472	0.1608392	0.1839623	0.1150442	0.1588785	0.2177419	0.2894737	0.3061224	0.2843137	0.2777778	0.3646409	0.4051724	0.3134328	0.35	0.3306452	0.3372781	0.2195122	0.2928571	0.3370166	0.300813	0.3404255	0.2637363	0.3540373	0.352381	0.3581081	0.3271028	0.3821138	
Hybride Canard musqué x C. colvert	0.0	0.0	0.0	0.0043103	0.0	0.0	0.0	0.0	0.0	0.0	0.0	0.0	0.0	0.0	0.0	0.0	0.0	0.0	0.0	0.0	0.0	0.0	0.0	0.0	0.0	0.0	0.0	0.0	0.0	0.0	0.0	0.0	0.0	0.0	0.0	0.0	0.0059172	0.0121951	0.0	0.0	0.0	0.0	0.0	0.0062112	0.0	0.0	0.0	0.0	
Canard pilet	0.0176056	0.0412371	0.0188679	0.012931	0.0196078	0.0112994	0.0391304	0.0243902	0.0172414	0.0068259	0.009434	0.0023041	0.0	0.0	0.0030581	0.0	0.0	0.0	0.0	0.0	0.0	0.0	0.0	0.0	0.0	0.0	0.0	0.0	0.0	0.0	0.0	0.0	0.0	0.0	0.0083333	0.016129	0.0118343	0.0060976	0.0071429	0.0055249	0.0081301	0.0106383	0.0	0.0	0.0095238	0.0337838	0.046729	0.0162602	
Sarcelle d'hiver	0.0598592	0.056701	0.0377358	0.0431034	0.0490196	0.0282486	0.0478261	0.0926829	0.0689655	0.0238908	0.0377358	0.0207373	0.0284238	0.0172414	0.0122324	0.0	0.0	0.0	0.0	0.0	0.0	0.0	0.0	0.0	0.0	0.0	0.0	0.0	0.0204082	0.0294118	0.0396825	0.038674	0.0948276	0.0447761	0.0583333	0.0645161	0.0473373	0.0304878	0.0571429	0.0276243	0.0487805	0.0425532	0.0659341	0.0434783	0.0571429	0.0540541	0.046729	0.0650407	
Anas sp.	0.0	0.0	0.0	0.0	0.0	0.0	0.0	0.0	0.0	0.0	0.0	0.0	0.0	0.0	0.0	0.0	0.0	0.0	0.0	0.0	0.0	0.0	0.0	0.0	0.0	0.0	0.0	0.0	0.0	0.0	0.0	0.0	0.0015	0.0	0.0	0.0	0.0	0.0	0.0	0.0	0.0	0.0	0.0	0.0	0.0	0.0	0.0	0.0	
sarcelle sp.	0.0	0.0	0.0	0.0	0.0	0.0	0.0	0.004878	0.0	0.0	0.0023585	0.0023041	0.0	0.0	0.0	0.0	0.0	0.0	0.0	0.0	0.0	0.0	0.0	0.0	0.0	0.0	0.0	0.0	0.0	0.0	0.0	0.0	0.0	0.0	0.0	0.0	0.0	0.0	0.0	0.0	0.0	0.0	0.0	0.0	0.0	0.0	0.0	0.0	
Nette rousse	0.0	0.0	0.0	0.0	0.0	0.0	0.0	0.004878	0.0	0.0	0.0070755	0.0138249	0.0	0.0	0.0015	0.0022472	0.0027855	0.0	0.0	0.0	0.0	0.0	0.0	0.0	0.0088496	0.0	0.0	0.0052632	0.0	0.0098039	0.0	0.0	0.0	0.0	0.0	0.0080645	0.0118343	0.0121951	0.0428571	0.0110497	0.0	0.0	0.0	0.0	0.0	0.0	0.0	0.0	
Fuligule milouin	0.0070423	0.0103093	0.0188679	0.0172414	0.004902	0.0112994	0.0217391	0.0146341	0.0172414	0.0068259	0.0023585	0.0046083	0.002584	0.0143678	0.0091743	0.0022472	0.0111421	0.0	0.002994	0.0	0.0	0.0	0.0	0.0	0.0	0.0	0.0	0.0315789	0.0	0.0	0.0	0.0055249	0.0	0.0074627	0.0166667	0.0322581	0.0177515	0.0243902	0.0285714	0.0220994	0.0406504	0.0638298	0.032967	0.0186335	0.0	0.0135135	0.0	0.0015	
Fuligule nyroca	0.0105634	0.0	0.0	0.0	0.0	0.0	0.0	0.0	0.0086207	0.003413	0.0070755	0.0069124	0.002584	0.0028736	0.0	0.0	0.0	0.0	0.0	0.0	0.0	0.0	0.0	0.0	0.0088496	0.0	0.0	0.0052632	0.0	0.0098039	0.0079365	0.0110497	0.0	0.0074627	0.0	0.0	0.0	0.0	0.0	0.0	0.0	0.0	0.0	0.0	0.0	0.0	0.0	0.0	
Fuligule morillon	0.0176056	0.0412371	0.0377358	0.012931	0.0147059	0.0169492	0.0173913	0.0146341	0.0086207	0.0	0.0023585	0.0	0.0	0.0	0.0	0.0	0.0015	0.0	0.0	0.0	0.0	0.0	0.0	0.0	0.0	0.0	0.0	0.0	0.0	0.0	0.0	0.0055249	0.0	0.0	0.0	0.0	0.0	0.0	0.0	0.0165746	0.0406504	0.0319149	0.021978	0.0310559	0.0285714	0.0405405	0.0186916	0.0365854	
Fuligule milouinan	0.0	0.0	0.0	0.0	0.0	0.0	0.0	0.0	0.0	0.0	0.0	0.0	0.0	0.0	0.0	0.0	0.0	0.0	0.0	0.0	0.0	0.0	0.0	0.0	0.0	0.0	0.0	0.0	0.0	0.0	0.0	0.0	0.0	0.0	0.0	0.0	0.0	0.0	0.0	0.0	0.0	0.0	0.0	0.0	0.0	0.0	0.0	0.004065	
Eider à duvet	0.0	0.0015	0.0	0.0043103	0.0	0.0	0.0	0.0	0.0015	0.0	0.0	0.0	0.0	0.0	0.0	0.0	0.0	0.0	0.0	0.0	0.0	0.0	0.0	0.0	0.0	0.0	0.0	0.0	0.0	0.0	0.0	0.0	0.0	0.0	0.0	0.0040323	0.0	0.0	0.0	0.0	0.0	0.0	0.0	0.0124224	0.0	0.0	0.0	0.0	
Macreuse brune	0.0035211	0.0103093	0.0251572	0.0086207	0.004902	0.0169492	0.0173913	0.0097561	0.0086207	0.0102389	0.0070755	0.016129	0.0	0.0	0.0	0.0	0.0	0.0	0.0	0.0	0.0	0.0	0.0	0.0	0.0	0.0	0.0	0.0	0.0	0.0	0.0	0.0	0.0	0.0	0.0	0.0	0.0	0.0	0.0	0.0	0.0	0.0	0.0	0.0	0.0	0.0202703	0.0093458	0.0203252	
Garrot à oeil d'or	0.0	0.0	0.0	0.0	0.0	0.0	0.0	0.0	0.0	0.0	0.0	0.0	0.0	0.0	0.0	0.0	0.0	0.0	0.0	0.0	0.0	0.0	0.0	0.0	0.0	0.0	0.0	0.0	0.0	0.0	0.0	0.0	0.0	0.0	0.0	0.0	0.0	0.0	0.0	0.0	0.0	0.0	0.0	0.0	0.0	0.0067568	0.0	0.0	
Harle bièvre	0.0015	0.0103093	0.0	0.0	0.0	0.0056497	0.0015	0.0	0.0	0.003413	0.0023585	0.0069124	0.002584	0.0	0.0	0.0	0.0	0.0	0.0	0.0	0.0	0.0	0.0	0.0	0.0	0.0	0.0	0.0	0.0	0.0	0.0	0.0	0.0	0.0	0.0	0.0	0.0	0.0	0.0	0.0	0.0	0.0	0.0	0.0062112	0.0015	0.0067568	0.0	0.0	
Harle huppé	0.0211268	0.0257732	0.0062893	0.0043103	0.0	0.0112994	0.0	0.0	0.0043103	0.003413	0.0	0.0046083	0.002584	0.0028736	0.0030581	0.0022472	0.0	0.0	0.0	0.0	0.0	0.0	0.0	0.0	0.0	0.0	0.0	0.0	0.0	0.0	0.0	0.0	0.0	0.0	0.0	0.0	0.0	0.0	0.0	0.0	0.0	0.0106383	0.032967	0.0434783	0.0285714	0.0675676	0.0747664	0.0284553	
anatidé sp. (canard sp.)	0.0	0.0	0.0	0.0	0.0	0.0	0.0043478	0.0097561	0.0086207	0.003413	0.004717	0.0046083	0.0	0.0057471	0.0	0.0	0.0	0.0	0.0	0.0	0.0	0.0	0.0	0.004717	0.0088496	0.0	0.0	0.0	0.0	0.0	0.0	0.0110497	0.0172414	0.0	0.0	0.0	0.0	0.0015	0.0	0.0	0.0	0.0	0.0	0.0	0.0095238	0.0	0.0	0.0	
sauvagine sp.	0.0	0.0	0.0	0.0	0.0	0.0	0.0	0.0	0.0	0.0	0.0023585	0.0	0.0	0.0	0.0	0.0022472	0.0	0.0	0.0	0.0	0.0	0.0	0.0	0.0	0.0	0.0	0.0	0.0	0.0	0.0098039	0.0	0.0	0.0	0.0	0.0	0.0	0.0	0.0	0.0	0.0	0.0	0.0	0.0	0.0	0.0	0.0	0.0	0.0	
Tétras lyre	0.0	0.0	0.0	0.0	0.004902	0.0	0.0	0.0	0.0	0.0	0.0	0.0	0.0	0.0	0.0	0.0	0.0	0.0026042	0.0	0.0061538	0.0046296	0.0	0.0	0.0	0.0	0.0	0.0	0.0	0.0	0.0	0.0	0.0	0.0	0.0	0.0166667	0.0	0.0	0.0	0.0	0.0055249	0.0	0.0	0.0	0.0	0.0	0.0	0.0	0.0	
Perdrix grise	0.0	0.0	0.0	0.0	0.0	0.0	0.0	0.0	0.0	0.0	0.0	0.0	0.0015	0.0015	0.0015	0.0	0.0	0.0	0.002994	0.0	0.0	0.0	0.0	0.0	0.0	0.0	0.0015	0.0	0.0015	0.0098039	0.0	0.0015	0.0	0.0	0.0083333	0.0	0.0	0.0015	0.0	0.0	0.0	0.0	0.0	0.0	0.0	0.0	0.0	0.004065	
Faisan de Colchide	0.0387324	0.0309278	0.0125786	0.0646552	0.0294118	0.0338983	0.0782609	0.0585366	0.0948276	0.0477816	0.1037736	0.1313364	0.1731266	0.1522989	0.1681957	0.1460674	0.1532033	0.0885417	0.1287425	0.0830769	0.0462963	0.0377358	0.048951	0.0283019	0.0265487	0.046729	0.0403226	0.0315789	0.0272109	0.0196078	0.0396825	0.038674	0.0948276	0.0522388	0.0833333	0.0927419	0.0650888	0.0426829	0.0714286	0.0607735	0.097561	0.0744681	0.032967	0.0186335	0.0285714	0.0472973	0.0560748	0.0284553	
Faisan de Colchide ou F. versicolore	0.0	0.0	0.0	0.0	0.0	0.0	0.0	0.0	0.0	0.0	0.0	0.0	0.0	0.0	0.0	0.0	0.0	0.0	0.0	0.0	0.0	0.0	0.0	0.0	0.0	0.0	0.0	0.0	0.0	0.0	0.0	0.0	0.0	0.0	0.0	0.0	0.0	0.0	0.0	0.0	0.0081301	0.0	0.0	0.0	0.0	0.0	0.0	0.0	
Paon bleu	0.0	0.0	0.0	0.0	0.0015	0.0056497	0.0	0.0	0.0043103	0.0	0.004717	0.0046083	0.0015	0.0	0.0	0.0022472	0.0	0.0130208	0.011976	0.0030769	0.0046296	0.0	0.006993	0.004717	0.0	0.0	0.0015	0.0052632	0.0015	0.0098039	0.0079365	0.0055249	0.0	0.0	0.0	0.0	0.0	0.0	0.0	0.0	0.0	0.0	0.0	0.0	0.0	0.0	0.0	0.0	
Caille des blés	0.0	0.0	0.0	0.0	0.0	0.0	0.0	0.0	0.0	0.0	0.0	0.0015	0.0	0.0	0.0152905	0.0089888	0.0111421	0.0078125	0.002994	0.0030769	0.0	0.009434	0.006993	0.0	0.0	0.0	0.0015	0.0	0.0	0.0098039	0.0079365	0.0	0.0	0.0	0.0	0.0	0.0	0.0	0.0	0.0	0.0	0.0	0.0	0.0	0.0	0.0	0.0	0.0	
Perdrix rouge	0.0	0.0	0.0	0.0	0.004902	0.0	0.0086957	0.004878	0.0	0.0102389	0.0	0.0023041	0.0015	0.0057471	0.0061162	0.0044944	0.005571	0.0130208	0.005988	0.0030769	0.0092593	0.0	0.0	0.0015	0.0	0.0093458	0.0	0.0052632	0.0204082	0.0294118	0.0079365	0.0165746	0.0258621	0.0149254	0.0166667	0.0040323	0.0059172	0.0015	0.0071429	0.0	0.0081301	0.0	0.0	0.0	0.0	0.0067568	0.0093458	0.004065	
Pigeon biset	0.3838028	0.3505155	0.3333333	0.3146552	0.3137255	0.3389831	0.3652174	0.3804878	0.387931	0.3959044	0.3962264	0.4239631	0.4005168	0.4310345	0.4250765	0.4494382	0.3955432	0.3697917	0.4371257	0.3723077	0.3518519	0.4103774	0.3426573	0.4056604	0.4159292	0.4485981	0.4193548	0.3631579	0.3877551	0.4705882	0.3968254	0.3756906	0.3189655	0.3432836	0.45	0.4274194	0.3905325	0.3231707	0.5071429	0.4309392	0.4065041	0.4893617	0.3516484	0.3602484	0.3619048	0.3851351	0.3831776	0.4227642	
Pigeon colombin	0.0	0.0	0.0	0.0	0.0	0.0	0.0	0.0	0.0043103	0.003413	0.004717	0.0015	0.0	0.0	0.0	0.0	0.0	0.0	0.0	0.0	0.0	0.0	0.0	0.0	0.0	0.0	0.0	0.0	0.0	0.0	0.0	0.0	0.0	0.0	0.0	0.0	0.0	0.0	0.0	0.0055249	0.0	0.0	0.0	0.0	0.0	0.0	0.0	0.0	
Pigeon ramier	0.1373239	0.128866	0.1257862	0.2025862	0.1715686	0.2090395	0.2304348	0.2780488	0.2672414	0.2901024	0.3679245	0.3179724	0.3591731	0.2816092	0.2629969	0.2853933	0.270195	0.2760417	0.2904192	0.2707692	0.1666667	0.1792453	0.2097902	0.1415094	0.1415929	0.2242991	0.1129032	0.2157895	0.1632653	0.2058824	0.2142857	0.2762431	0.2413793	0.2462687	0.2166667	0.2137097	0.2426036	0.2743902	0.2571429	0.2154696	0.2439024	0.2234043	0.0769231	0.0869565	0.0285714	0.1216216	0.1121495	0.1910569	
Tourterelle des bois	0.0	0.0	0.0	0.0	0.0	0.0	0.0	0.0	0.0	0.0	0.0	0.0	0.0	0.0172414	0.0611621	0.1033708	0.1114206	0.0859375	0.0628743	0.0584615	0.0324074	0.0188679	0.041958	0.0141509	0.0088496	0.0093458	0.0015	0.0157895	0.0	0.0015	0.0	0.0110497	0.0	0.0149254	0.0015	0.0040323	0.0	0.0	0.0	0.0	0.0	0.0	0.0	0.0	0.0	0.0	0.0	0.0	
Tourterelle turque	0.2042254	0.2113402	0.1572327	0.1939655	0.1960784	0.259887	0.2652174	0.2634146	0.3318966	0.2969283	0.3325472	0.3686636	0.3643411	0.3706897	0.3792049	0.4179775	0.4206128	0.3697917	0.4041916	0.3261538	0.3101852	0.2877358	0.2447552	0.3160377	0.3539823	0.3271028	0.3467742	0.3315789	0.3061224	0.3529412	0.3888889	0.359116	0.4051724	0.2985075	0.3833333	0.358871	0.2899408	0.2682927	0.3928571	0.2541436	0.2439024	0.2978723	0.1978022	0.1677019	0.2	0.2364865	0.2056075	0.1707317	
Coucou geai	0.0	0.0	0.0	0.0	0.0	0.0	0.0	0.0	0.0015	0.0	0.0023585	0.0	0.0	0.0	0.0	0.0	0.0	0.0	0.0	0.0	0.0	0.0	0.0	0.0	0.0	0.0	0.0	0.0	0.0	0.0	0.0	0.0015	0.0	0.0	0.0	0.0	0.0	0.0	0.0	0.0	0.0	0.0	0.0	0.0	0.0	0.0	0.0	0.0	
Coucou gris	0.0	0.0	0.0	0.0	0.0	0.0	0.0	0.0	0.0	0.0	0.0023585	0.0138249	0.0155039	0.0517241	0.0703364	0.0786517	0.086351	0.0729167	0.0628743	0.1107692	0.0972222	0.0707547	0.0699301	0.0330189	0.0	0.0	0.0	0.0052632	0.0	0.0	0.0	0.0	0.0	0.0	0.0	0.0040323	0.0	0.0	0.0	0.0	0.0	0.0	0.0	0.0	0.0	0.0	0.0	0.0	
cuculidé sp.	0.0	0.0	0.0	0.0	0.0	0.0	0.0	0.0	0.0043103	0.0	0.0	0.0	0.0	0.0	0.0	0.0	0.0	0.0	0.0	0.0	0.0	0.0	0.0	0.0	0.0	0.0	0.0	0.0	0.0	0.0	0.0	0.0	0.0	0.0	0.0	0.0	0.0	0.0	0.0	0.0	0.0	0.0	0.0	0.0	0.0	0.0	0.0	0.0	
Engoulevent d'Europe	0.0	0.0	0.0	0.0	0.0	0.0	0.0	0.0	0.0	0.0	0.0	0.0	0.0	0.0057471	0.0	0.0067416	0.0015	0.0078125	0.0149701	0.0246154	0.0046296	0.009434	0.013986	0.0141509	0.0176991	0.0093458	0.0080645	0.0210526	0.0136054	0.0015	0.0079365	0.0110497	0.0	0.0	0.0015	0.0	0.0	0.0	0.0	0.0	0.0	0.0	0.0	0.0	0.0	0.0	0.0	0.0	
Martinet à ventre blanc	0.0	0.0	0.0	0.0	0.0	0.0	0.0	0.0	0.012931	0.0614334	0.125	0.078341	0.0620155	0.0804598	0.0672783	0.0629213	0.0640669	0.1119792	0.0419162	0.08	0.0787037	0.0471698	0.0629371	0.0566038	0.0707965	0.0841121	0.0483871	0.0789474	0.047619	0.0784314	0.0714286	0.1049724	0.0517241	0.0597015	0.05	0.0040323	0.0118343	0.0182927	0.0071429	0.0	0.0	0.0	0.0	0.0	0.0	0.0	0.0	0.0	
Martinet noir	0.0	0.0	0.0	0.0	0.0	0.0	0.0	0.0	0.0	0.0	0.0188679	0.0184332	0.1162791	0.25	0.4373089	0.5325843	0.551532	0.5703125	0.5868263	0.5784615	0.5462963	0.5849057	0.5454545	0.5424528	0.4159292	0.588785	0.3629032	0.2315789	0.0952381	0.0490196	0.0396825	0.0441989	0.0086207	0.0074627	0.0	0.0	0.0	0.0	0.0	0.0	0.0	0.0	0.0	0.0	0.0	0.0	0.0	0.0	
Martinet pâle	0.0	0.0	0.0	0.0	0.0	0.0	0.0	0.0	0.0	0.003413	0.0	0.0046083	0.0129199	0.0229885	0.0244648	0.0359551	0.0306407	0.0416667	0.0479042	0.0584615	0.0277778	0.0235849	0.048951	0.0283019	0.0530973	0.0560748	0.0322581	0.0421053	0.1292517	0.1078431	0.0873016	0.0994475	0.0603448	0.1044776	0.075	0.0725806	0.035503	0.0182927	0.0285714	0.0165746	0.0162602	0.0106383	0.0	0.0	0.0	0.0	0.0	0.0	
Martinet noir ou M. pâle	0.0	0.0	0.0	0.0	0.0	0.0	0.0	0.0	0.0	0.0	0.004717	0.0046083	0.0077519	0.0229885	0.0122324	0.011236	0.0027855	0.0104167	0.005988	0.0215385	0.0138889	0.004717	0.006993	0.009434	0.0015	0.0373832	0.016129	0.0210526	0.0340136	0.0015	0.0238095	0.0165746	0.0086207	0.0223881	0.0333333	0.0080645	0.0	0.0015	0.0	0.0	0.0	0.0	0.0	0.0	0.0	0.0	0.0	0.0	
Martinet des maisons	0.0	0.0	0.0	0.0	0.0	0.0	0.0	0.0	0.0	0.0	0.0	0.0	0.0	0.0	0.0	0.0	0.0027855	0.0	0.0	0.0	0.0	0.0	0.0	0.0	0.0	0.0	0.0	0.0	0.0	0.0	0.0	0.0	0.0	0.0	0.0	0.0	0.0	0.0	0.0	0.0	0.0	0.0	0.0	0.0	0.0	0.0	0.0	0.0	
Apus ou Tachymarptis sp.	0.0	0.0	0.0	0.0	0.0	0.0	0.0	0.0	0.0	0.0	0.0	0.0	0.0	0.0	0.0	0.0	0.0	0.0	0.0015	0.0	0.0	0.004717	0.020979	0.0	0.0	0.0	0.0	0.0	0.0	0.0	0.0	0.0	0.0172414	0.0	0.0	0.0	0.0	0.0	0.0	0.0	0.0	0.0	0.0	0.0	0.0	0.0	0.0	0.0	
apodidé sp. (gros martinet sp.)	0.0	0.0	0.0	0.0043103	0.0	0.0	0.0	0.0	0.0	0.003413	0.004717	0.0	0.0	0.0	0.0	0.0	0.0	0.0	0.0	0.0	0.0	0.0	0.0	0.0	0.0	0.0	0.0	0.0	0.0	0.0	0.0	0.0	0.0	0.0	0.0	0.0	0.0	0.0	0.0	0.0	0.0	0.0	0.0	0.0	0.0	0.0	0.0	0.0	
apodidé sp.	0.0	0.0	0.0	0.0	0.0	0.0	0.0	0.0	0.0	0.0	0.0	0.0	0.0	0.0	0.0	0.0	0.0	0.0	0.0	0.0	0.0	0.0	0.0	0.0	0.0	0.0	0.0	0.0	0.0068027	0.0	0.0	0.0055249	0.0	0.0	0.0	0.0040323	0.0	0.0	0.0	0.0	0.0	0.0	0.0	0.0	0.0	0.0	0.0	0.0	
Râle d'eau	0.0352113	0.0463918	0.0503145	0.0603448	0.0343137	0.0451977	0.0521739	0.0536585	0.0387931	0.0341297	0.0424528	0.0691244	0.0335917	0.0316092	0.0366972	0.0044944	0.005571	0.0	0.0	0.0	0.0	0.0	0.0	0.0	0.0015	0.0	0.0015	0.0	0.0	0.0098039	0.0079365	0.0220994	0.0344828	0.0074627	0.025	0.016129	0.0414201	0.0609756	0.0285714	0.0331492	0.0406504	0.0638298	0.043956	0.068323	0.0285714	0.0608108	0.0560748	0.0609756	
Rallus sp.	0.0	0.0	0.0	0.0	0.0	0.0	0.0	0.0	0.0	0.0	0.0	0.0	0.0	0.0	0.0	0.0022472	0.0	0.0	0.0	0.0	0.0	0.0	0.0	0.0	0.0	0.0	0.0	0.0	0.0	0.0	0.0	0.0	0.0	0.0	0.0	0.0	0.0	0.0	0.0	0.0	0.0	0.0	0.0	0.0	0.0	0.0	0.0	0.0	
Râle des genêts	0.0	0.0	0.0	0.0	0.0	0.0	0.0	0.0	0.0	0.0	0.0	0.0	0.0	0.0	0.0	0.0	0.0	0.0	0.0	0.0	0.0046296	0.0	0.0	0.0	0.0	0.0	0.0	0.0	0.0	0.0	0.0	0.0	0.0	0.0	0.0	0.0	0.0	0.0	0.0	0.0	0.0	0.0	0.0	0.0	0.0	0.0	0.0	0.0	
Marouette ponctuée	0.0	0.0	0.0	0.0	0.0	0.0	0.0	0.0	0.0015	0.0102389	0.009434	0.0368664	0.0335917	0.0143678	0.0183486	0.0	0.0	0.0	0.0	0.0	0.0	0.0	0.0	0.0	0.0	0.0	0.0	0.0	0.0	0.0	0.0	0.0	0.0	0.0	0.0	0.0	0.0059172	0.0	0.0	0.0	0.0	0.0	0.0	0.0062112	0.0	0.0	0.0	0.0	
Gallinule poule-d'eau	0.2359155	0.2525773	0.2327044	0.2025862	0.2352941	0.2485876	0.2217391	0.204878	0.2456897	0.2013652	0.259434	0.3156682	0.3074935	0.2643678	0.2996942	0.2966292	0.2367688	0.1380208	0.1646707	0.1323077	0.0555556	0.0660377	0.041958	0.0283019	0.0530973	0.0560748	0.1209677	0.1157895	0.1360544	0.2058824	0.2142857	0.2320442	0.2758621	0.1865672	0.2166667	0.2217742	0.2011834	0.1585366	0.2357143	0.1767956	0.2113821	0.2340426	0.1538462	0.1863354	0.1714286	0.277027	0.2149533	0.2642276	
Foulque macroule	0.1830986	0.2268041	0.1823899	0.1465517	0.1519608	0.1694915	0.1782609	0.2195122	0.1724138	0.116041	0.1462264	0.1889401	0.2273902	0.1752874	0.1681957	0.1617978	0.1337047	0.125	0.1227545	0.0984615	0.0601852	0.0707547	0.0909091	0.0471698	0.0530973	0.0934579	0.0564516	0.0736842	0.122449	0.0980392	0.1587302	0.2430939	0.2844828	0.1492537	0.1583333	0.2258065	0.1893491	0.1646341	0.1571429	0.160221	0.1869919	0.1808511	0.1868132	0.1863354	0.1619048	0.1824324	0.1869159	0.199187	
Talève d'Allen	0.0015	0.0	0.0	0.0	0.0	0.0	0.0	0.0	0.0	0.0	0.0	0.0	0.0	0.0	0.0	0.0	0.0	0.0	0.0	0.0	0.0	0.0	0.0	0.0	0.0	0.0	0.0	0.0	0.0	0.0	0.0	0.0	0.0	0.0	0.0	0.0	0.0	0.0	0.0	0.0	0.0	0.0	0.0	0.0	0.0	0.0	0.0	0.0	
Marouette poussin	0.0	0.0	0.0	0.0	0.0	0.0	0.0	0.0	0.0015	0.0015	0.0212264	0.0299539	0.0542636	0.0517241	0.0336391	0.0247191	0.0083565	0.0026042	0.002994	0.0030769	0.0	0.0	0.0	0.0	0.0	0.0	0.0	0.0	0.0	0.0	0.0	0.0	0.0	0.0	0.0	0.0	0.0	0.0	0.0	0.0	0.0	0.0	0.0	0.0	0.0	0.0	0.0	0.0	
Marouette de Baillon	0.0	0.0	0.0	0.0	0.0	0.0	0.0	0.0	0.0	0.0	0.0	0.0	0.005168	0.0057471	0.0015	0.0	0.0	0.0	0.0	0.0	0.0	0.0	0.0	0.0	0.0	0.0	0.0	0.0	0.0	0.0	0.0	0.0	0.0	0.0	0.0	0.0	0.0	0.0	0.0	0.0	0.0	0.0	0.0	0.0	0.0	0.0	0.0	0.0	
Grue cendrée	0.0	0.0103093	0.0	0.0	0.0	0.0169492	0.0913043	0.0780488	0.0689655	0.0716724	0.0400943	0.0	0.0	0.0	0.0030581	0.0	0.0	0.0	0.0	0.0	0.0	0.0	0.0015	0.0	0.0	0.0	0.0	0.0	0.0	0.0	0.0	0.0	0.0	0.0	0.0	0.0	0.0	0.0	0.0015	0.0015	0.0325203	0.0015	0.0015	0.0124224	0.0015	0.0	0.0	0.0	
Oedicnème criard	0.0	0.0	0.0	0.0	0.004902	0.0056497	0.0043478	0.0243902	0.0	0.0170648	0.004717	0.0138249	0.005168	0.0086207	0.0091743	0.0022472	0.0	0.0	0.005988	0.0	0.0	0.0	0.0	0.0	0.0	0.0	0.0080645	0.0	0.0	0.0	0.0	0.0	0.0	0.0	0.0	0.0	0.0	0.0	0.0	0.0	0.0	0.0	0.0	0.0	0.0	0.0	0.0	0.0	
Échasse blanche	0.0	0.0	0.0	0.0	0.0	0.0	0.0	0.0	0.0	0.0170648	0.0235849	0.09447	0.0930233	0.112069	0.116208	0.0853933	0.1086351	0.0234375	0.0269461	0.0307692	0.0231481	0.0283019	0.013986	0.0235849	0.0088496	0.0093458	0.0080645	0.0315789	0.0272109	0.0392157	0.0079365	0.0110497	0.0	0.0	0.0	0.0	0.0	0.0	0.0	0.0	0.0	0.0	0.0	0.0	0.0	0.0	0.0	0.0	
Avocette élégante	0.0	0.0	0.0	0.0	0.0	0.0	0.0	0.0	0.0043103	0.0	0.0070755	0.0	0.0129199	0.0028736	0.0030581	0.0	0.0027855	0.0	0.0	0.0030769	0.0231481	0.0	0.0	0.0	0.0	0.0	0.0	0.0052632	0.0	0.0	0.0	0.0	0.0	0.0	0.0	0.0	0.0	0.0	0.0015	0.0	0.0	0.0	0.0	0.0	0.0	0.0	0.0	0.0	
Huîtrier pie	0.0	0.0	0.0	0.0	0.0	0.0	0.0	0.004878	0.0	0.0	0.009434	0.0023041	0.0	0.0114943	0.0061162	0.0157303	0.0083565	0.0026042	0.005988	0.0	0.0	0.0141509	0.0	0.0	0.0	0.0	0.0	0.0105263	0.0136054	0.0	0.0	0.0	0.0	0.0	0.0	0.0015	0.0	0.0	0.0	0.0	0.0	0.0	0.0	0.0	0.0	0.0	0.0093458	0.0	
Pluvier argenté	0.0	0.0	0.0	0.0043103	0.0	0.0112994	0.0	0.0146341	0.012931	0.0	0.0	0.0023041	0.005168	0.0028736	0.0030581	0.0	0.0167131	0.015625	0.0	0.0	0.0	0.004717	0.0	0.0	0.0	0.0	0.0	0.0	0.0068027	0.0196078	0.047619	0.0331492	0.0	0.0	0.0	0.0120968	0.0177515	0.0182927	0.0214286	0.0055249	0.0	0.0	0.0	0.0	0.0	0.0067568	0.0	0.004065	
Pluvier doré	0.0	0.0	0.0	0.0	0.0	0.0	0.0043478	0.004878	0.0043103	0.003413	0.0	0.0023041	0.0	0.0	0.0	0.0	0.0	0.0	0.0	0.0	0.0	0.0	0.0	0.0	0.0	0.0	0.0	0.0	0.0	0.0	0.0	0.0015	0.0	0.0	0.0083333	0.0080645	0.0	0.0	0.0	0.0	0.0	0.0	0.010989	0.0015	0.0	0.0067568	0.0	0.0	
Pluvier bronzé	0.0	0.0	0.0	0.0	0.0	0.0	0.0	0.0	0.0	0.0	0.0	0.0	0.0	0.0	0.0	0.0022472	0.0	0.0	0.0	0.0	0.0	0.0	0.0	0.0	0.0	0.0	0.0	0.0	0.0	0.0	0.0	0.0	0.0	0.0	0.0	0.0	0.0	0.0	0.0	0.0	0.0	0.0	0.0	0.0	0.0	0.0	0.0	0.0	
Guignard d’Eurasie	0.0	0.0	0.0	0.0	0.0	0.0	0.0	0.0	0.0	0.0	0.0	0.0	0.0	0.0028736	0.0	0.0	0.0	0.0	0.0	0.0	0.0	0.0	0.0	0.0	0.0	0.0	0.0	0.0	0.0	0.0	0.0	0.0	0.0086207	0.0	0.0	0.0	0.0	0.0	0.0	0.0	0.0	0.0	0.0	0.0	0.0	0.0	0.0	0.0	
Grand Gravelot	0.0	0.0	0.0	0.0	0.0	0.0	0.0	0.0	0.0	0.0	0.009434	0.0046083	0.0	0.0057471	0.0214067	0.0898876	0.1559889	0.1380208	0.1047904	0.0646154	0.0092593	0.004717	0.0	0.0	0.0	0.0	0.0	0.0	0.0	0.0	0.015873	0.0331492	0.0517241	0.0149254	0.025	0.0282258	0.0177515	0.0121951	0.0	0.0	0.0	0.0	0.0	0.0	0.0	0.0	0.0	0.0	
Petit Gravelot	0.0	0.0	0.0	0.0	0.0	0.0	0.0	0.004878	0.0344828	0.0716724	0.1108491	0.2004608	0.1550388	0.1408046	0.2385321	0.2	0.1671309	0.1041667	0.0808383	0.0769231	0.0509259	0.0330189	0.020979	0.0377358	0.0353982	0.0280374	0.0645161	0.0631579	0.0272109	0.0980392	0.0555556	0.0276243	0.0431034	0.0074627	0.0166667	0.0201613	0.0059172	0.0	0.0	0.0	0.0	0.0	0.0	0.0	0.0	0.0	0.0	0.0	
Vanneau huppé	0.0035211	0.0103093	0.0	0.0043103	0.004902	0.0169492	0.0304348	0.0292683	0.0301724	0.0068259	0.0	0.0023041	0.005168	0.0057471	0.0061162	0.0015	0.0	0.0	0.0	0.0	0.0	0.0	0.0	0.0	0.0176991	0.0	0.0	0.0	0.0	0.0196078	0.0	0.0	0.0	0.0	0.0083333	0.0	0.0	0.0	0.0071429	0.0055249	0.0081301	0.0106383	0.010989	0.0	0.0015	0.0067568	0.0	0.0081301	
Gravelot à collier interrompu	0.0	0.0	0.0	0.0	0.0	0.0	0.0	0.0	0.0	0.003413	0.0023585	0.0023041	0.0	0.0086207	0.0061162	0.0044944	0.0027855	0.0052083	0.005988	0.0	0.0	0.0	0.0	0.0	0.0	0.0	0.0	0.0	0.0	0.0	0.0	0.0	0.0	0.0	0.0	0.0	0.0	0.0	0.0	0.0	0.0	0.0	0.0	0.0	0.0	0.0	0.0	0.0	
Courlis corlieu	0.0	0.0	0.0	0.0	0.0	0.0	0.0	0.0	0.0	0.0	0.0	0.0	0.0206718	0.0603448	0.0336391	0.0179775	0.0083565	0.0052083	0.005988	0.0030769	0.0	0.0	0.0	0.004717	0.0	0.0093458	0.0	0.0052632	0.0	0.0	0.015873	0.0110497	0.0	0.0	0.0	0.0	0.0	0.0	0.0	0.0	0.0	0.0	0.0	0.0	0.0	0.0	0.0	0.0	
Courlis cendré	0.0	0.0	0.0	0.0	0.0	0.0	0.0	0.0	0.0	0.0	0.0	0.0023041	0.0	0.0015	0.0030581	0.0	0.0	0.0	0.002994	0.0030769	0.0	0.0	0.0	0.0	0.0	0.0015	0.0	0.0	0.0	0.0	0.0	0.0	0.0	0.0	0.0015	0.0	0.0	0.0	0.0	0.0	0.0	0.0	0.0	0.0	0.0	0.0	0.0	0.0	
courlis sp.	0.0	0.0	0.0	0.0	0.0	0.0	0.0	0.0	0.0	0.0	0.0	0.0	0.0	0.0028736	0.0	0.0	0.0	0.0	0.0	0.0	0.0	0.0	0.0	0.0	0.0	0.0	0.0	0.0	0.0	0.0	0.0	0.0	0.0	0.0	0.0	0.0	0.0	0.0	0.0	0.0	0.0	0.0	0.0	0.0	0.0	0.0	0.0	0.0	
Barge rousse	0.0	0.0	0.0	0.0	0.0	0.0	0.0	0.0	0.0	0.0	0.0	0.0	0.0	0.0028736	0.0	0.0	0.0	0.0026042	0.0	0.0	0.0	0.0	0.0	0.0	0.0	0.0	0.0	0.0	0.0	0.0	0.0	0.0	0.0	0.0	0.0166667	0.0080645	0.0	0.0060976	0.0	0.0	0.0	0.0	0.0	0.0	0.0	0.0	0.0	0.0	
Barge à queue noire	0.0	0.0	0.0	0.0	0.0	0.0056497	0.0	0.0	0.0	0.0	0.0	0.0	0.0	0.0	0.0	0.0	0.0	0.0	0.0	0.0	0.0	0.0	0.0	0.0	0.0	0.0	0.0	0.0	0.0	0.0	0.0	0.0	0.0	0.0	0.0	0.0	0.0059172	0.0	0.0	0.0	0.0	0.0	0.0	0.0	0.0	0.0	0.0	0.0	
Bécassine sourde	0.0035211	0.0	0.0	0.0	0.0	0.0	0.0	0.0	0.0015	0.0	0.0023585	0.0023041	0.0	0.0057471	0.0030581	0.0	0.0	0.0	0.0	0.0	0.0	0.0	0.0	0.0	0.0	0.0	0.0	0.0	0.0	0.0	0.0	0.0	0.0	0.0	0.0	0.0	0.0	0.0	0.0	0.0	0.0	0.0	0.0	0.0	0.0	0.0	0.0	0.0	
Bécasse des bois	0.0035211	0.0051546	0.0062893	0.0043103	0.0015	0.0	0.0015	0.0015	0.0015	0.0068259	0.0	0.0	0.002584	0.0	0.0	0.0	0.0	0.0	0.0	0.0	0.0	0.0	0.0015	0.0	0.0	0.0	0.0	0.0	0.0	0.0	0.0	0.0	0.0	0.0	0.0	0.0	0.0	0.0	0.0	0.0015	0.0243902	0.0106383	0.032967	0.0015	0.0015	0.0015	0.0015	0.004065	
Bécassine double	0.0	0.0	0.0	0.0	0.0	0.0	0.0	0.0	0.0	0.0	0.0	0.0	0.0	0.0028736	0.0	0.0	0.0	0.0	0.0	0.0	0.0	0.0	0.0	0.0	0.0	0.0	0.0	0.0	0.0	0.0	0.0	0.0	0.0	0.0	0.0	0.0	0.0	0.0	0.0	0.0	0.0	0.0	0.0	0.0	0.0	0.0	0.0	0.0	
Bécassine des marais	0.0070423	0.0051546	0.0062893	0.0086207	0.0	0.0056497	0.0043478	0.0146341	0.012931	0.0170648	0.0259434	0.0368664	0.0155039	0.0172414	0.0183486	0.0022472	0.0	0.0	0.0	0.0	0.0	0.0	0.0	0.0	0.0	0.0	0.0	0.0	0.0	0.0098039	0.0	0.0	0.0	0.0	0.0	0.0	0.0059172	0.0060976	0.0	0.0055249	0.0	0.0	0.010989	0.0062112	0.0	0.0067568	0.0	0.004065	
Phalarope à bec large ou P. à bec étroit	0.0	0.0	0.0	0.0	0.0	0.0	0.0	0.0	0.0	0.0	0.0	0.0	0.0	0.0	0.0	0.0	0.0	0.0	0.0	0.0	0.0	0.0	0.0	0.0	0.0	0.0	0.0	0.0	0.0068027	0.0	0.0	0.0	0.0	0.0	0.0	0.0	0.0	0.0	0.0	0.0	0.0	0.0	0.0	0.0	0.0	0.0	0.0	0.0	
Chevalier guignette	0.0246479	0.0257732	0.0314465	0.0172414	0.0147059	0.0225989	0.0217391	0.0390244	0.0344828	0.0204778	0.0377358	0.0599078	0.0801034	0.137931	0.1987768	0.2561798	0.1866295	0.1380208	0.0898204	0.0015	0.0	0.004717	0.013986	0.0	0.0176991	0.0186916	0.0725806	0.1052632	0.1292517	0.1568627	0.0793651	0.1381215	0.0689655	0.0746269	0.1083333	0.0645161	0.0532544	0.0121951	0.0214286	0.0165746	0.0	0.0425532	0.021978	0.0062112	0.0190476	0.0135135	0.046729	0.0203252	
Chevalier culblanc	0.0070423	0.0	0.0	0.0043103	0.0	0.0	0.0043478	0.0195122	0.0344828	0.0375427	0.0566038	0.1013825	0.0775194	0.0833333	0.0489297	0.0292135	0.0083565	0.0078125	0.0	0.0	0.0	0.0	0.006993	0.0	0.0176991	0.0093458	0.0015	0.0157895	0.0	0.0294118	0.0396825	0.0331492	0.0258621	0.0074627	0.0083333	0.0	0.0	0.0	0.0	0.0015	0.0	0.0	0.0	0.0	0.0095238	0.0	0.0	0.0	
Chevalier stagnatile	0.0	0.0	0.0	0.0	0.0	0.0	0.0	0.0	0.0	0.0	0.0	0.0	0.0	0.0015	0.0061162	0.0089888	0.0	0.0	0.0	0.0	0.0	0.0	0.0	0.0	0.0	0.0	0.0	0.0	0.0	0.0	0.0	0.0	0.0	0.0	0.0	0.0	0.0	0.0	0.0	0.0	0.0	0.0	0.0	0.0	0.0	0.0	0.0	0.0	
Chevalier sylvain	0.0	0.0	0.0	0.0	0.0	0.0	0.0	0.0	0.0	0.0015	0.0023585	0.0230415	0.0594315	0.1149425	0.1834862	0.1348315	0.0584958	0.0260417	0.002994	0.0	0.0	0.0	0.0	0.0	0.0088496	0.0	0.0080645	0.0263158	0.0136054	0.0490196	0.0555556	0.0110497	0.0172414	0.0074627	0.0166667	0.0040323	0.0	0.0	0.0	0.0	0.0	0.0	0.0	0.0	0.0	0.0	0.0	0.0	
Chevalier gambette	0.0	0.0	0.0	0.0	0.0	0.0	0.0	0.0	0.0	0.003413	0.0	0.0207373	0.0232558	0.0172414	0.0244648	0.0337079	0.0250696	0.0416667	0.0389222	0.0184615	0.0	0.0	0.0	0.0141509	0.0015	0.0	0.0	0.0052632	0.0015	0.0015	0.0015	0.0220994	0.0344828	0.0	0.0	0.0	0.0059172	0.0	0.0	0.0	0.0	0.0	0.0	0.0	0.0	0.0	0.0	0.0	
Chevalier arlequin	0.0	0.0	0.0	0.0	0.0	0.0	0.0	0.0	0.0	0.0	0.0	0.0046083	0.0	0.0028736	0.0	0.0067416	0.0	0.0	0.0	0.0	0.0	0.0	0.0	0.0	0.0	0.0	0.0	0.0	0.0	0.0	0.0	0.0	0.0086207	0.0	0.0	0.0	0.0	0.0	0.0	0.0	0.0	0.0	0.0	0.0	0.0	0.0	0.0	0.0	
Chevalier aboyeur	0.0	0.0	0.0	0.0	0.0	0.0	0.0	0.0	0.0	0.003413	0.004717	0.0046083	0.0206718	0.0747126	0.1039755	0.0764045	0.0389972	0.0026042	0.0	0.0123077	0.0	0.0	0.0	0.009434	0.0	0.0186916	0.0080645	0.0015	0.0204082	0.0294118	0.015873	0.0276243	0.0258621	0.0	0.0	0.0040323	0.0059172	0.0	0.0	0.0	0.0	0.0	0.0	0.0	0.0	0.0	0.0	0.0	
Tournepierre à collier	0.0	0.0	0.0	0.0	0.0	0.0	0.0043478	0.0243902	0.0	0.0	0.0	0.0	0.0	0.0	0.0	0.0022472	0.0222841	0.0	0.002994	0.0	0.0	0.0	0.0	0.0	0.0	0.0	0.0	0.0	0.0	0.0098039	0.0	0.0110497	0.0015	0.0074627	0.0166667	0.0040323	0.0015	0.0060976	0.0	0.0	0.0	0.0	0.0	0.0062112	0.0	0.0	0.0093458	0.0081301	
Bécasseau maubèche	0.0	0.0	0.0	0.0	0.0	0.0	0.0	0.0	0.0043103	0.0	0.0	0.0	0.0077519	0.0028736	0.0	0.0	0.0027855	0.0	0.0	0.0	0.0	0.0	0.0	0.0	0.0	0.0	0.0	0.0	0.0	0.0	0.0	0.0	0.0086207	0.0	0.0	0.0	0.0	0.0	0.0	0.0	0.0	0.0	0.0	0.0	0.0	0.0	0.0	0.0	
Combattant varié	0.0	0.0	0.0	0.0	0.0	0.0	0.0	0.0	0.0	0.003413	0.004717	0.0138249	0.002584	0.0114943	0.0397554	0.0179775	0.0278552	0.0130208	0.002994	0.0030769	0.0	0.0	0.0	0.0	0.0	0.0	0.0	0.0105263	0.0	0.0	0.0	0.0055249	0.0	0.0	0.0	0.0	0.0	0.0	0.0	0.0	0.0	0.0	0.0	0.0	0.0	0.0	0.0	0.0	
Bécasseau falcinelle	0.0	0.0	0.0	0.0	0.0	0.0	0.0	0.0	0.0	0.0	0.0	0.0	0.0	0.0	0.0	0.0	0.0015	0.0	0.0	0.0	0.0	0.0	0.0	0.0	0.0	0.0	0.0	0.0	0.0	0.0	0.0555556	0.0	0.0	0.0	0.0	0.0	0.0	0.0	0.0	0.0	0.0	0.0	0.0	0.0	0.0	0.0	0.0	0.0	
Bécasseau cocorli	0.0	0.0	0.0	0.0	0.0	0.0	0.0	0.0	0.0	0.0	0.0	0.0015	0.0	0.0	0.0030581	0.0157303	0.0334262	0.0104167	0.0	0.0030769	0.0138889	0.0	0.0	0.0	0.0	0.0093458	0.0	0.0	0.0015	0.0	0.0079365	0.0055249	0.0	0.0	0.0	0.0	0.0	0.0	0.0	0.0	0.0	0.0	0.0	0.0	0.0	0.0	0.0	0.0	
Bécasseau de Temminck	0.0	0.0	0.0	0.0	0.0	0.0	0.0	0.0	0.0	0.0	0.0	0.0	0.0	0.0057471	0.0061162	0.0202247	0.0167131	0.0182292	0.002994	0.0	0.0	0.0	0.0	0.0	0.0	0.0	0.0	0.0	0.0068027	0.0	0.015873	0.0	0.0	0.0	0.0	0.0015	0.0	0.0	0.0	0.0	0.0	0.0	0.0	0.0	0.0	0.0	0.0	0.0	
Bécasseau sanderling	0.0	0.0	0.0	0.0	0.0	0.0	0.0	0.0	0.0	0.0	0.0	0.0	0.0	0.0	0.0122324	0.0292135	0.0724234	0.046875	0.0389222	0.0061538	0.0	0.0	0.0	0.0	0.0	0.0	0.0	0.0	0.0	0.0	0.0	0.0	0.0	0.0074627	0.025	0.0201613	0.0059172	0.0	0.0	0.0	0.0015	0.0	0.0	0.0	0.0	0.0	0.0	0.0	
Bécasseau variable	0.0	0.0	0.0	0.0	0.0	0.0	0.0	0.0	0.0	0.003413	0.0023585	0.0115207	0.005168	0.0028736	0.0091743	0.0157303	0.0083565	0.0	0.0	0.0	0.0	0.0	0.0	0.0	0.0	0.0	0.016129	0.0157895	0.0204082	0.0686275	0.0634921	0.0331492	0.0431034	0.0671642	0.025	0.0524194	0.0532544	0.0487805	0.0214286	0.0015	0.0162602	0.0212766	0.0	0.0	0.0	0.0	0.0	0.0	
Bécasseau minute	0.0	0.0	0.0	0.0	0.0	0.0	0.0	0.0	0.0	0.0	0.0	0.0	0.0	0.0114943	0.0244648	0.0179775	0.0083565	0.0364583	0.008982	0.0123077	0.0138889	0.004717	0.0	0.0	0.0	0.0	0.0	0.0368421	0.0340136	0.0196078	0.0079365	0.0055249	0.0172414	0.0	0.0	0.016129	0.0	0.0	0.0	0.0	0.0	0.0	0.0	0.0	0.0	0.0	0.0	0.0	
Calidris sp. (petit bécasseau sp.)	0.0	0.0	0.0	0.0	0.0	0.0	0.0	0.0	0.0	0.0	0.0	0.0023041	0.0	0.0	0.0	0.0022472	0.0	0.0	0.002994	0.0	0.0	0.0	0.0	0.0	0.0	0.0	0.0	0.0	0.0	0.0	0.0	0.0	0.0	0.0	0.0083333	0.0	0.0	0.0	0.0	0.0	0.0	0.0	0.0	0.0	0.0	0.0	0.0	0.0	
scolopacidé sp.	0.0	0.0	0.0	0.0	0.0	0.0	0.0	0.0	0.0	0.0	0.0	0.0	0.0	0.0	0.0	0.0	0.0	0.0	0.0	0.0	0.0	0.0	0.0	0.0	0.0	0.0	0.0	0.0	0.0	0.0098039	0.0	0.0	0.0	0.0	0.0	0.0	0.0	0.0	0.0	0.0	0.0	0.0	0.0	0.0	0.0	0.0	0.0	0.0	
Glaréole à collier	0.0	0.0	0.0	0.0	0.0	0.0	0.0	0.0	0.0	0.0	0.0	0.0	0.0	0.0	0.0030581	0.0044944	0.005571	0.0015	0.002994	0.0	0.0	0.0	0.0	0.0	0.0	0.0	0.0	0.0	0.0	0.0	0.0	0.0	0.0	0.0	0.0	0.0	0.0	0.0	0.0	0.0	0.0	0.0	0.0	0.0	0.0	0.0	0.0	0.0	
limicole sp.	0.0	0.0	0.0	0.0	0.0	0.0	0.0043478	0.0	0.0043103	0.0	0.0015	0.0046083	0.0129199	0.0028736	0.0	0.0022472	0.0	0.0026042	0.0	0.0	0.0	0.0	0.0	0.0	0.0	0.0	0.0	0.0015	0.0	0.0098039	0.0	0.0110497	0.0172414	0.0	0.0083333	0.0	0.0	0.0	0.0	0.0	0.0	0.0	0.0	0.0	0.0	0.0	0.0	0.0	
Labbe à longue queue	0.0	0.0	0.0	0.0	0.0	0.0	0.0	0.0	0.0	0.0	0.0	0.0	0.0	0.0	0.0	0.0	0.0	0.0	0.002994	0.0	0.0	0.0	0.0	0.0	0.0	0.0	0.0	0.0	0.0	0.0	0.0015	0.0	0.0	0.0	0.0	0.0	0.0	0.0	0.0	0.0	0.0	0.0	0.0	0.0	0.0	0.0	0.0	0.0	
Labbe parasite	0.0035211	0.0	0.0	0.0043103	0.0	0.0	0.0	0.0	0.0	0.0	0.0	0.0	0.0	0.0028736	0.0061162	0.0067416	0.0015	0.0	0.002994	0.0092308	0.0046296	0.004717	0.0	0.004717	0.0088496	0.0	0.016129	0.0	0.0068027	0.0	0.0	0.0	0.0015	0.0	0.0	0.0	0.0	0.0	0.0	0.0	0.0	0.0	0.0	0.0	0.0	0.0	0.0	0.0	
Labbe pomarin	0.0035211	0.0	0.0	0.0	0.0	0.0	0.0	0.0	0.0	0.0	0.0	0.0	0.0	0.0015	0.0	0.0	0.0	0.0	0.0	0.0	0.0046296	0.0015	0.0	0.0	0.0088496	0.0	0.0	0.0	0.0	0.0	0.0	0.0	0.0	0.0	0.0	0.0	0.0	0.0	0.0	0.0	0.0	0.0	0.0	0.0	0.0	0.0	0.0	0.0	
labbe sp. (groupe Catharacta)	0.0	0.0	0.0	0.0	0.0	0.0	0.0	0.0	0.0	0.0	0.0	0.0	0.0	0.0	0.0	0.0	0.0	0.0	0.0	0.0	0.0	0.0	0.0	0.0	0.0	0.0093458	0.0	0.0	0.0	0.0	0.0	0.0	0.0	0.0	0.0	0.0	0.0	0.0	0.0	0.0	0.0	0.0	0.0	0.0	0.0	0.0	0.0	0.0	
Macareux moine	0.0	0.0	0.0	0.0	0.0	0.0	0.0	0.0	0.0	0.0	0.0	0.0	0.005168	0.0086207	0.0122324	0.011236	0.0	0.0	0.008982	0.0153846	0.0185185	0.0	0.020979	0.0	0.0015	0.0186916	0.0	0.0105263	0.0	0.0	0.0	0.0	0.0	0.0	0.0015	0.0	0.0	0.0	0.0	0.0	0.0	0.0	0.0	0.0	0.0	0.0	0.0	0.0	
Pingouin torda	0.0211268	0.0206186	0.0	0.0	0.0	0.0056497	0.0043478	0.004878	0.0	0.0	0.0	0.0	0.0	0.0	0.0	0.0022472	0.0	0.0	0.0	0.0	0.0	0.0	0.0	0.0	0.0	0.0	0.0	0.0	0.0	0.0	0.0	0.0	0.0	0.0	0.0	0.0	0.0	0.0	0.0	0.0	0.0	0.0	0.032967	0.1677019	0.0190476	0.0608108	0.0093458	0.0121951	
Mouette pygmée	0.0	0.0	0.0062893	0.0043103	0.0	0.0282486	0.0043478	0.0	0.0	0.0	0.0	0.0	0.0077519	0.0114943	0.0244648	0.011236	0.0027855	0.0015	0.0	0.0	0.0	0.004717	0.0	0.0	0.0	0.0	0.0	0.0	0.0	0.0	0.0	0.0	0.0	0.0015	0.0	0.0	0.0	0.0	0.0	0.0	0.0	0.0	0.0	0.0	0.0	0.0	0.0	0.004065	
Mouette tridactyle	0.0	0.0	0.0	0.0	0.0	0.0	0.0	0.0	0.0	0.0	0.0	0.0	0.0	0.0057471	0.0244648	0.0	0.0027855	0.0026042	0.0	0.0061538	0.0015	0.004717	0.0015	0.004717	0.0	0.0	0.0	0.0	0.0	0.0	0.0	0.0	0.0	0.0015	0.0	0.0	0.0	0.0	0.0	0.0	0.0	0.0	0.010989	0.0	0.0	0.0	0.0	0.0	
Goéland railleur	0.0	0.0	0.0	0.0	0.0	0.0	0.0	0.0	0.0	0.0	0.0	0.0	0.0	0.0	0.0	0.0	0.0	0.0026042	0.002994	0.0153846	0.0	0.0	0.0	0.0	0.0	0.0	0.0015	0.0	0.0	0.0	0.0079365	0.0	0.0	0.0	0.0	0.0	0.0	0.0	0.0	0.0	0.0	0.0	0.0	0.0	0.0	0.0	0.0	0.0	
Mouette rieuse	0.4542254	0.6030928	0.4150943	0.3836207	0.3431373	0.4463277	0.3913043	0.4292683	0.4439655	0.2627986	0.2570755	0.1866359	0.1033592	0.0804598	0.0795107	0.0426966	0.0529248	0.0364583	0.0239521	0.0246154	0.0185185	0.0330189	0.034965	0.0707547	0.1858407	0.2149533	0.3225806	0.3315789	0.3945578	0.3921569	0.2936508	0.3867403	0.3965517	0.2835821	0.4166667	0.375	0.3372781	0.2134146	0.3642857	0.3370166	0.3252033	0.4042553	0.4615385	0.4906832	0.4857143	0.4527027	0.4579439	0.4715447	
Mouette de Franklin	0.0	0.0	0.0	0.0	0.0	0.0	0.0	0.0	0.0172414	0.003413	0.0070755	0.0	0.0	0.0	0.0	0.0	0.0	0.0	0.0	0.0	0.0	0.0	0.0	0.0	0.0	0.0	0.0	0.0	0.0	0.0	0.0	0.0	0.0	0.0	0.0	0.0	0.0	0.0	0.0	0.0	0.0	0.0	0.0	0.0	0.0	0.0	0.0	0.0	
Goéland d'Audouin	0.0	0.0	0.0015	0.0	0.0	0.0	0.0	0.0	0.0	0.0	0.0	0.0	0.0	0.0	0.0061162	0.0022472	0.005571	0.0026042	0.0	0.0030769	0.0046296	0.0	0.0015	0.0	0.0	0.0	0.0	0.0	0.0	0.0	0.0	0.0	0.0	0.0	0.0	0.0	0.0	0.0	0.0	0.0	0.0	0.0	0.0	0.0	0.0	0.0	0.0	0.0	
Mouette mélanocéphale	0.1584507	0.2113402	0.1509434	0.137931	0.1372549	0.1638418	0.173913	0.2536585	0.1982759	0.1877133	0.1650943	0.1428571	0.0956072	0.0603448	0.0825688	0.0382022	0.0250696	0.0364583	0.0149701	0.0123077	0.0092593	0.009434	0.013986	0.0141509	0.0088496	0.0560748	0.0564516	0.0315789	0.0680272	0.1078431	0.0714286	0.0220994	0.0258621	0.0074627	0.0416667	0.0524194	0.0591716	0.0304878	0.05	0.0939227	0.1382114	0.1170213	0.1208791	0.1863354	0.1333333	0.0810811	0.1495327	0.1544715	
Goéland cendré	0.0246479	0.0257732	0.0628931	0.0172414	0.0147059	0.0225989	0.0086957	0.0341463	0.0215517	0.0068259	0.0	0.0	0.0	0.0	0.0	0.0	0.0	0.0	0.0	0.0	0.0	0.0	0.0	0.0	0.0	0.0	0.0	0.0	0.0	0.0	0.0	0.0	0.0	0.0015	0.0083333	0.0	0.0	0.0	0.0142857	0.0	0.0	0.0	0.0	0.0062112	0.0	0.0	0.0	0.0	
Goéland pontique	0.0015	0.0	0.0125786	0.0043103	0.004902	0.0	0.0043478	0.0	0.0	0.0	0.0	0.0023041	0.0	0.0	0.0030581	0.0015	0.0	0.0	0.0	0.0	0.0	0.0	0.0	0.0	0.0	0.0	0.0	0.0	0.0	0.0	0.0	0.0	0.0	0.0	0.0	0.0	0.0	0.0	0.0015	0.0	0.0	0.0	0.0	0.0	0.0	0.0	0.0	0.004065	
Goéland argenté	0.0	0.0	0.0	0.0	0.0	0.0	0.0	0.0	0.0	0.0	0.0	0.0	0.0	0.0	0.0	0.0	0.0	0.0	0.0	0.0	0.0	0.0	0.0	0.0	0.0	0.0	0.0	0.0	0.0	0.0	0.0	0.0	0.0	0.0015	0.0	0.0	0.0	0.0060976	0.0	0.0	0.0	0.0	0.0	0.0	0.0	0.0	0.0	0.0	
Goéland leucophée	0.6267606	0.7164948	0.5786164	0.6293103	0.5147059	0.6666667	0.6130435	0.6829268	0.7068966	0.6791809	0.6367925	0.7142857	0.6614987	0.6666667	0.6666667	0.6606742	0.6629526	0.6041667	0.6467066	0.6	0.587963	0.6509434	0.5524476	0.6886792	0.7256637	0.7009346	0.6935484	0.5526316	0.6122449	0.6078431	0.5952381	0.6022099	0.6034483	0.5895522	0.6833333	0.6169355	0.5207101	0.4634146	0.7214286	0.5801105	0.5609756	0.606383	0.6373626	0.6273292	0.5904762	0.6486486	0.5700935	0.6463415	
Goéland pontique ou G. leucophée	0.0	0.0	0.0	0.0	0.0	0.0	0.0	0.0	0.0	0.0	0.0	0.0	0.0	0.0	0.0	0.0022472	0.0	0.0	0.0	0.0	0.0	0.0	0.0	0.0	0.0	0.0	0.0	0.0	0.0	0.0	0.0	0.0	0.0	0.0	0.0	0.0	0.0	0.0	0.0	0.0	0.0	0.0	0.0	0.0	0.0	0.0	0.0	0.0	
Goéland brun	0.0070423	0.0103093	0.0062893	0.012931	0.0	0.0225989	0.0173913	0.0243902	0.0086207	0.0238908	0.0165094	0.0184332	0.0180879	0.0229885	0.0214067	0.011236	0.005571	0.0	0.005988	0.0015	0.0092593	0.0	0.0015	0.0015	0.0	0.0015	0.0080645	0.0052632	0.0	0.0	0.0	0.0055249	0.0	0.0015	0.0083333	0.016129	0.0	0.0	0.0142857	0.0055249	0.0081301	0.0	0.010989	0.0186335	0.0015	0.0067568	0.0	0.004065	
goéland sp. (Larus sp.)	0.0	0.0	0.0	0.0	0.0	0.0	0.0	0.0	0.0043103	0.0102389	0.0	0.0	0.0	0.0	0.0030581	0.0022472	0.0027855	0.0	0.0	0.0015	0.0	0.0	0.0	0.0	0.0	0.0	0.0	0.0	0.0	0.0	0.0	0.0	0.0	0.0	0.0	0.0015	0.0059172	0.0	0.0	0.0	0.0081301	0.0	0.0	0.0	0.0	0.0	0.0	0.0	
goéland ou mouette sp.	0.0	0.0	0.0	0.0	0.0	0.0056497	0.0043478	0.0	0.0	0.003413	0.0	0.0115207	0.002584	0.0	0.0	0.0022472	0.0027855	0.0026042	0.002994	0.0030769	0.0092593	0.004717	0.0	0.0	0.0088496	0.0	0.0	0.0105263	0.0068027	0.0098039	0.0079365	0.0055249	0.0015	0.0015	0.0	0.0362903	0.0015	0.0060976	0.0071429	0.0015	0.0081301	0.0	0.0	0.0	0.0095238	0.0	0.0186916	0.004065	
Sterne naine	0.0	0.0	0.0	0.0	0.0	0.0	0.0	0.0	0.0	0.0	0.0	0.0	0.0	0.0028736	0.0061162	0.0	0.005571	0.0	0.0	0.0030769	0.0	0.0	0.0	0.0	0.0	0.0	0.0	0.0	0.0	0.0	0.0	0.0	0.0	0.0	0.0	0.0	0.0	0.0	0.0	0.0	0.0	0.0	0.0	0.0	0.0	0.0	0.0	0.0	
Sterne hansel	0.0	0.0	0.0	0.0	0.0	0.0	0.0	0.0	0.0	0.0	0.0	0.0	0.0	0.0	0.0275229	0.0022472	0.005571	0.0052083	0.005988	0.0123077	0.0092593	0.0	0.0	0.004717	0.0	0.0	0.0	0.0052632	0.0	0.0	0.0079365	0.0	0.0	0.0	0.0	0.0040323	0.0	0.0	0.0	0.0	0.0	0.0	0.0	0.0	0.0	0.0	0.0	0.0	
Sterne caspienne	0.0	0.0051546	0.0	0.0	0.0	0.0	0.0	0.0	0.0	0.003413	0.0	0.0092166	0.0103359	0.0	0.0214067	0.0134831	0.005571	0.0026042	0.0	0.0	0.0092593	0.004717	0.006993	0.0	0.0	0.0	0.0	0.0	0.0068027	0.0	0.0	0.0	0.0	0.0	0.0	0.0	0.0059172	0.0	0.0	0.0	0.0	0.0	0.0	0.0	0.0	0.0	0.0	0.0	
Guifette moustac	0.0	0.0	0.0	0.0	0.0	0.0	0.0	0.0	0.0	0.0	0.0	0.0	0.0	0.0028736	0.0214067	0.0044944	0.0111421	0.0026042	0.0015	0.0	0.0	0.0	0.0	0.0	0.0	0.0	0.0	0.0	0.0	0.0	0.0	0.0	0.0	0.0	0.0083333	0.0	0.0	0.0	0.0	0.0	0.0	0.0	0.0	0.0	0.0	0.0	0.0	0.0	
Guifette noire	0.0	0.0	0.0	0.0	0.0	0.0	0.0	0.0	0.0	0.0	0.0	0.0	0.0	0.0015	0.0030581	0.0067416	0.0083565	0.0104167	0.008982	0.0061538	0.0046296	0.0	0.006993	0.0188679	0.0	0.0	0.016129	0.0	0.0068027	0.0	0.0015	0.0055249	0.0015	0.0	0.0	0.0040323	0.0	0.0	0.0	0.0	0.0	0.0	0.0	0.0	0.0	0.0	0.0	0.0	
Guifette leucoptère	0.0	0.0	0.0	0.0	0.0	0.0	0.0	0.0	0.0	0.0	0.0	0.0	0.0	0.0015	0.0	0.0	0.0027855	0.0026042	0.005988	0.0030769	0.0	0.0	0.0	0.0	0.0	0.0	0.0	0.0	0.0	0.0	0.0	0.0	0.0	0.0	0.0	0.0	0.0	0.0	0.0	0.0	0.0	0.0	0.0	0.0062112	0.0	0.0	0.0	0.0	
Sterne pierregarin	0.0	0.0	0.0	0.0	0.0	0.0	0.0	0.0	0.0	0.0	0.0	0.0023041	0.0103359	0.0086207	0.0122324	0.011236	0.0167131	0.0130208	0.011976	0.0092308	0.0046296	0.0	0.020979	0.0283019	0.0088496	0.0373832	0.0322581	0.0	0.0068027	0.0098039	0.015873	0.0055249	0.0086207	0.0	0.0166667	0.0	0.0	0.0	0.0	0.0	0.0	0.0	0.0	0.0	0.0	0.0	0.0	0.0	
Sterna sp.	0.0	0.0	0.0	0.0	0.0	0.0	0.0	0.0	0.0	0.0	0.0	0.0	0.0	0.0	0.0	0.0	0.0	0.0	0.002994	0.0	0.0	0.0015	0.0	0.0015	0.0	0.0	0.0	0.0	0.0	0.0	0.0	0.0	0.0	0.0	0.0	0.0	0.0	0.0	0.0	0.0	0.0	0.0	0.0	0.0	0.0	0.0	0.0	0.0	
Sterne caugek	0.1126761	0.1907216	0.0880503	0.0732759	0.1323529	0.1242938	0.0608696	0.1463415	0.0948276	0.0614334	0.0613208	0.0391705	0.0413437	0.0057471	0.030581	0.0044944	0.0027855	0.0	0.005988	0.0	0.0092593	0.009434	0.013986	0.0235849	0.0	0.0093458	0.016129	0.0210526	0.0612245	0.0294118	0.047619	0.038674	0.0603448	0.0149254	0.025	0.0403226	0.0414201	0.0243902	0.0428571	0.0441989	0.0731707	0.106383	0.1208791	0.1925466	0.1142857	0.1283784	0.1028037	0.1138211	
sterne sp.	0.0	0.0	0.0	0.0	0.0	0.0	0.0	0.0	0.0	0.0	0.0	0.0023041	0.002584	0.0028736	0.0091743	0.0044944	0.0027855	0.0	0.0015	0.0015	0.0	0.0	0.006993	0.0	0.0	0.0186916	0.0	0.0	0.0	0.0	0.015873	0.0	0.0	0.0	0.0	0.0040323	0.0	0.0060976	0.0	0.0	0.0	0.0	0.0	0.0	0.0	0.0	0.0	0.0	
goéland ou sterne sp.	0.0	0.0	0.0	0.0	0.0	0.0	0.0	0.0	0.0	0.0	0.0	0.0	0.0	0.0	0.0	0.0	0.0	0.0	0.0	0.0	0.0	0.0	0.0	0.0	0.0	0.0	0.0	0.0	0.0	0.0	0.0015	0.0	0.0	0.0	0.0	0.0	0.0	0.0	0.0	0.0	0.0	0.0	0.0	0.0	0.0	0.0	0.0	0.0	
Flamant rose	0.0035211	0.0051546	0.0	0.0	0.0015	0.0	0.0086957	0.0015	0.0	0.0	0.0	0.0	0.005168	0.0015	0.0	0.0044944	0.0	0.0026042	0.0	0.0	0.0015	0.0	0.0	0.0	0.0	0.0	0.0	0.0	0.0204082	0.0	0.0015	0.0055249	0.0172414	0.0	0.0	0.0015	0.0	0.0	0.0071429	0.0110497	0.0	0.0	0.0	0.0	0.0015	0.0	0.0	0.0	
Grèbe castagneux	0.0492958	0.0670103	0.0503145	0.0517241	0.0588235	0.0621469	0.0826087	0.0780488	0.0775862	0.0443686	0.0613208	0.0852535	0.0645995	0.0402299	0.030581	0.0179775	0.0194986	0.0182292	0.0179641	0.0	0.0092593	0.009434	0.0	0.009434	0.0	0.0	0.016129	0.0210526	0.0408163	0.0392157	0.0555556	0.0441989	0.0344828	0.0373134	0.075	0.0685484	0.0591716	0.0670732	0.0142857	0.0552486	0.0569106	0.0638298	0.043956	0.0807453	0.0285714	0.0608108	0.1121495	0.0772358	
Grèbe esclavon	0.0	0.0	0.0	0.0086207	0.0147059	0.0	0.0	0.0	0.0	0.0	0.0	0.0	0.0	0.0	0.0	0.0	0.0	0.0	0.0	0.0	0.0	0.0	0.0	0.0	0.0	0.0	0.0	0.0	0.0	0.0	0.0	0.0	0.0	0.0	0.0	0.0	0.0	0.0	0.0	0.0	0.0	0.0	0.0	0.0	0.0	0.0	0.0	0.0	
Grèbe jougris	0.0	0.0	0.0	0.0	0.0	0.0	0.0	0.0	0.0	0.0	0.0	0.0	0.0	0.0	0.0	0.0	0.0	0.0	0.0	0.0	0.0	0.0	0.0	0.0	0.0	0.0	0.0	0.0	0.0	0.0	0.0	0.0	0.0	0.0	0.0	0.0	0.0	0.0	0.0	0.0	0.0	0.0212766	0.0	0.0	0.0	0.0067568	0.0	0.0	
Grèbe huppé	0.028169	0.0257732	0.0125786	0.0344828	0.0441176	0.0225989	0.0130435	0.0146341	0.012931	0.0204778	0.009434	0.0138249	0.005168	0.0086207	0.0061162	0.0022472	0.0	0.0	0.0	0.0	0.0	0.0	0.0	0.0	0.0	0.0	0.0080645	0.0052632	0.0	0.0	0.0	0.0	0.0	0.0	0.0083333	0.0080645	0.0	0.0	0.0	0.0	0.0	0.0	0.0	0.0062112	0.047619	0.0	0.0	0.0162602	
Grèbe à cou noir	0.0070423	0.0	0.0015	0.0015	0.0098039	0.0056497	0.0086957	0.0	0.012931	0.0	0.0	0.0	0.0	0.0028736	0.0	0.0	0.0	0.0	0.0	0.0	0.0	0.0	0.0	0.0	0.0	0.0	0.0	0.0	0.0	0.0	0.0079365	0.0055249	0.0	0.0	0.0166667	0.0120968	0.0118343	0.0	0.0	0.0	0.0	0.0015	0.0	0.0186335	0.0285714	0.0067568	0.0373832	0.0203252	
Plongeon catmarin	0.0070423	0.0015	0.0	0.0086207	0.0	0.0	0.0	0.0	0.0	0.0	0.0	0.0023041	0.0	0.0	0.0	0.0	0.0	0.0	0.0	0.0	0.0	0.0	0.0	0.0	0.0	0.0	0.0	0.0	0.0	0.0	0.0	0.0	0.0	0.0	0.0	0.0	0.0	0.0	0.0	0.0	0.0	0.0	0.0	0.0310559	0.0761905	0.0202703	0.0015	0.0162602	
Plongeon arctique	0.0211268	0.0309278	0.0188679	0.0086207	0.0098039	0.0338983	0.0086957	0.004878	0.0043103	0.0	0.0023585	0.0	0.0	0.0	0.0	0.0	0.0	0.0	0.0	0.0	0.0	0.0	0.0	0.0	0.0	0.0	0.0	0.0	0.0	0.0	0.0	0.0	0.0	0.0	0.0	0.0	0.0	0.0	0.0	0.0	0.0	0.0	0.0	0.0186335	0.0	0.0067568	0.046729	0.0121951	
Plongeon imbrin	0.0211268	0.0051546	0.0	0.0	0.004902	0.0	0.0	0.004878	0.0	0.0	0.0	0.0	0.0	0.0	0.0	0.0	0.0	0.0	0.0	0.0	0.0	0.0	0.0	0.0	0.0	0.0	0.0	0.0	0.0	0.0	0.0	0.0	0.0	0.0	0.0	0.0	0.0	0.0	0.0	0.0	0.0	0.0	0.0	0.0	0.0	0.0	0.0	0.0081301	
plongeon sp.	0.0	0.0	0.0015	0.0	0.0	0.0056497	0.0	0.0	0.0	0.0	0.0023585	0.0	0.002584	0.0	0.0	0.0	0.0	0.0	0.0	0.0	0.0	0.0	0.0	0.0	0.0	0.0	0.0	0.0	0.0	0.0	0.0	0.0	0.0	0.0	0.0	0.0	0.0	0.0	0.0	0.0	0.0	0.0	0.010989	0.0	0.0	0.0	0.0	0.0	
albatros sp.	0.0	0.0	0.0	0.0	0.0	0.0	0.0	0.0	0.0	0.0	0.0	0.0	0.0	0.0	0.0	0.0	0.0027855	0.0	0.0	0.0	0.0	0.0	0.0	0.0	0.0	0.0	0.0	0.0	0.0	0.0	0.0	0.0	0.0	0.0	0.0	0.0	0.0	0.0	0.0	0.0	0.0	0.0	0.0	0.0	0.0	0.0	0.0	0.0	
Océanite tempête	0.0	0.0	0.0	0.0	0.0	0.0	0.0	0.0	0.0	0.0	0.0	0.0	0.0	0.0114943	0.0061162	0.0044944	0.0027855	0.0052083	0.005988	0.0061538	0.0138889	0.0	0.0	0.004717	0.0	0.0015	0.0080645	0.0	0.0	0.0196078	0.0015	0.0	0.0	0.0	0.0083333	0.0	0.0	0.0	0.0	0.0	0.0	0.0	0.0	0.0	0.0	0.0	0.0	0.0	
Puffin de Scopoli	0.0	0.0	0.0	0.0	0.0	0.0	0.0015	0.0	0.0	0.0	0.0023585	0.0115207	0.0155039	0.0143678	0.0550459	0.0494382	0.086351	0.1302083	0.1227545	0.1169231	0.1157407	0.0707547	0.0629371	0.0943396	0.0442478	0.0654206	0.0725806	0.0421053	0.0748299	0.0392157	0.015873	0.0276243	0.0172414	0.0223881	0.025	0.016129	0.0236686	0.0182927	0.0071429	0.0110497	0.0081301	0.0	0.0	0.0	0.0095238	0.0	0.0	0.0	
Puffin cendré ou P. de Scopoli	0.0	0.0	0.0	0.0	0.0	0.0	0.0	0.0	0.0	0.0	0.0	0.0	0.0	0.0	0.0	0.0	0.0	0.0	0.0	0.0	0.0015	0.0	0.0	0.0	0.0	0.0	0.0	0.0	0.0068027	0.0	0.0	0.0	0.0	0.0	0.0	0.0	0.0	0.0	0.0	0.0	0.0	0.0	0.0	0.0	0.0	0.0	0.0	0.0	
Puffin yelkouan	0.028169	0.0103093	0.0062893	0.0043103	0.004902	0.0225989	0.0130435	0.0390244	0.0086207	0.0102389	0.0212264	0.0092166	0.0258398	0.0201149	0.0550459	0.0426966	0.0501393	0.0911458	0.0988024	0.0923077	0.037037	0.0377358	0.048951	0.0283019	0.0265487	0.0186916	0.0241935	0.0210526	0.0272109	0.0098039	0.015873	0.0276243	0.0172414	0.0223881	0.025	0.0201613	0.0236686	0.0121951	0.0071429	0.0165746	0.0015	0.0	0.0	0.0186335	0.0190476	0.0135135	0.0	0.004065	
Puffin des Baléares	0.0	0.0	0.0	0.0	0.0	0.0	0.0	0.0	0.0	0.0	0.0	0.0	0.0	0.0	0.0	0.0	0.0	0.0015	0.0	0.0	0.0	0.0	0.0	0.0	0.0	0.0	0.0	0.0	0.0	0.0	0.0	0.0	0.0	0.0	0.0	0.0	0.0	0.0015	0.0	0.0	0.0	0.0	0.0	0.0	0.0	0.0	0.0	0.0	
Calonectris, Ardenna ou Puffinus sp.	0.0	0.0	0.0	0.0	0.0	0.0	0.0	0.0	0.0	0.0	0.0	0.0	0.0	0.0	0.0015	0.0	0.0	0.0	0.008982	0.0030769	0.0	0.004717	0.0	0.0	0.0	0.0	0.0	0.0	0.0	0.0	0.0	0.0	0.0	0.0074627	0.0	0.0040323	0.0	0.0	0.0	0.0	0.0	0.0	0.0	0.0	0.0	0.0	0.0	0.0	
Cigogne noire	0.0	0.0	0.0	0.0	0.0	0.0015	0.0	0.004878	0.0043103	0.0273038	0.0212264	0.0023041	0.0	0.0	0.0	0.0	0.0027855	0.0052083	0.002994	0.0	0.0	0.0	0.0	0.0	0.0	0.0	0.0	0.0	0.0	0.0	0.0	0.0	0.0086207	0.0	0.0	0.0040323	0.0	0.0	0.0	0.0	0.0	0.0	0.0	0.0	0.0	0.0	0.0	0.0	
Cigogne blanche	0.0	0.0	0.0	0.0	0.0	0.0	0.0	0.004878	0.0015	0.003413	0.0117925	0.0069124	0.002584	0.0057471	0.0015	0.0015	0.0	0.0078125	0.002994	0.0	0.0	0.0	0.0	0.0	0.0	0.0	0.0	0.0	0.0	0.0098039	0.0	0.0110497	0.0	0.0	0.0	0.0015	0.0	0.0	0.0	0.0	0.0	0.0	0.0	0.0	0.0	0.0	0.0	0.0	
Fou de Bassan	0.0669014	0.1030928	0.0251572	0.0431034	0.0147059	0.0451977	0.0086957	0.0292683	0.012931	0.0	0.0	0.0069124	0.005168	0.0	0.0061162	0.0134831	0.0167131	0.015625	0.005988	0.0184615	0.0185185	0.0424528	0.034965	0.0518868	0.0176991	0.0093458	0.016129	0.0105263	0.0	0.0098039	0.0	0.0	0.0	0.0	0.0	0.0	0.0	0.0060976	0.0071429	0.0110497	0.0325203	0.0425532	0.010989	0.068323	0.0380952	0.0337838	0.0280374	0.0365854	
Fou brun	0.0	0.0	0.0	0.0	0.0	0.0	0.0	0.0	0.0	0.0	0.0	0.0	0.0	0.0	0.0	0.0	0.0	0.0015	0.0	0.0	0.0	0.0	0.0	0.0	0.0	0.0	0.0	0.0	0.0	0.0	0.0	0.0	0.0	0.0	0.0	0.0	0.0	0.0	0.0	0.0	0.0	0.0	0.0	0.0015	0.0095238	0.0135135	0.0186916	0.0	
Cormoran pygmée	0.0070423	0.0	0.0	0.0	0.0	0.0	0.0	0.004878	0.0	0.0	0.0	0.0	0.0	0.0	0.0061162	0.0022472	0.0111421	0.0104167	0.005988	0.0	0.0	0.004717	0.0	0.0	0.0	0.0	0.0015	0.0052632	0.0	0.0	0.0079365	0.0	0.0	0.0	0.0	0.0	0.0	0.0	0.0	0.0	0.0	0.0	0.0	0.0	0.0095238	0.0	0.0	0.0	
Grand Cormoran	0.3978873	0.4639175	0.3144654	0.3060345	0.2794118	0.4293785	0.2956522	0.3804878	0.3836207	0.4027304	0.3891509	0.3870968	0.3023256	0.3132184	0.2905199	0.258427	0.2033426	0.1510417	0.1197605	0.1107692	0.0925926	0.1179245	0.0909091	0.0801887	0.0442478	0.0654206	0.1129032	0.1157895	0.1632653	0.1666667	0.1269841	0.160221	0.112069	0.1641791	0.225	0.1975806	0.1656805	0.1768293	0.2071429	0.2651934	0.2926829	0.3191489	0.2747253	0.4285714	0.4285714	0.3783784	0.4392523	0.3943089	
Cormoran huppé	0.056338	0.0721649	0.0314465	0.0344828	0.0245098	0.0225989	0.0173913	0.0390244	0.0215517	0.0068259	0.0070755	0.0115207	0.0129199	0.0143678	0.0152905	0.0292135	0.0278552	0.0234375	0.0479042	0.0615385	0.0462963	0.0660377	0.0909091	0.0943396	0.1061947	0.0560748	0.1290323	0.0842105	0.0816327	0.0490196	0.031746	0.038674	0.0775862	0.0149254	0.0666667	0.0725806	0.0650888	0.054878	0.0785714	0.038674	0.0487805	0.0212766	0.0989011	0.1552795	0.047619	0.0608108	0.0560748	0.0691057	
Grand Cormoran ou C. huppé	0.0	0.0	0.0	0.0	0.0	0.0	0.0	0.0	0.0	0.0	0.0	0.0	0.0	0.0	0.0	0.0	0.0	0.0	0.0	0.0	0.0	0.0	0.0	0.0	0.0	0.0	0.0	0.0	0.0	0.0098039	0.0	0.0	0.0	0.0	0.0	0.0	0.0	0.0	0.0	0.0	0.0	0.0	0.0	0.0	0.0	0.0	0.0	0.0	
cormoran sp.	0.0015	0.0	0.0	0.0	0.0	0.0	0.0	0.0	0.0	0.0	0.0	0.0	0.0	0.0	0.0	0.0	0.0	0.0	0.0	0.0	0.0	0.004717	0.0	0.0	0.0	0.0	0.0	0.0	0.0	0.0098039	0.0	0.0	0.0	0.0	0.0	0.0	0.0	0.0	0.0	0.0015	0.0	0.0	0.0	0.0	0.0	0.0	0.0	0.0	
Ibis rouge	0.0	0.0	0.0	0.0	0.0	0.0	0.0	0.0	0.0	0.0	0.0	0.0	0.0	0.0	0.0	0.0	0.0	0.0	0.0	0.0	0.0	0.0	0.0	0.0	0.0	0.0	0.0	0.0	0.0	0.0	0.0	0.0	0.0086207	0.0	0.0	0.0	0.0	0.0	0.0	0.0	0.0	0.0	0.0	0.0	0.0	0.0	0.0	0.0	
Ibis falcinelle	0.0	0.0	0.0015	0.0015	0.0015	0.0	0.0	0.0	0.0	0.0015	0.004717	0.0138249	0.0103359	0.0373563	0.0397554	0.0359551	0.0167131	0.0104167	0.0149701	0.0123077	0.0	0.0	0.0	0.004717	0.0	0.0015	0.0080645	0.0157895	0.0	0.0098039	0.0079365	0.0	0.0	0.0	0.0083333	0.0	0.0	0.0	0.0	0.0	0.0	0.0	0.0	0.0	0.0	0.0015	0.0	0.0	
Ibis sacré	0.0	0.0015	0.0	0.0086207	0.004902	0.0	0.0	0.0	0.0	0.0015	0.0023585	0.0023041	0.005168	0.0057471	0.0030581	0.0	0.0	0.0	0.002994	0.0	0.0046296	0.009434	0.006993	0.0015	0.0	0.0015	0.016129	0.0052632	0.0068027	0.0	0.015873	0.0	0.0	0.0	0.0083333	0.0	0.0	0.0060976	0.0071429	0.0	0.0081301	0.0106383	0.0	0.0	0.0	0.0135135	0.0	0.0	
Ibis chauve	0.0	0.0	0.0	0.0	0.0	0.0	0.0	0.0	0.0	0.0	0.0	0.0	0.005168	0.0	0.0	0.0	0.0	0.0	0.0	0.0	0.0	0.0	0.0	0.0	0.0	0.0	0.0	0.0	0.0	0.0	0.0	0.0055249	0.0	0.0	0.0	0.0	0.0	0.0	0.0	0.0	0.0	0.0	0.0	0.0	0.0	0.0	0.0093458	0.004065	
Spatule blanche	0.0	0.0	0.0	0.0	0.0	0.0	0.0	0.0	0.0	0.003413	0.0	0.0	0.0015	0.0	0.0	0.0	0.0167131	0.0052083	0.0	0.0	0.0	0.0	0.0	0.0	0.0	0.0	0.0	0.0	0.0	0.0	0.0	0.0	0.0	0.0	0.0	0.0	0.0	0.0	0.0	0.0	0.0	0.0	0.0	0.0	0.0	0.0	0.0	0.0	
Butor étoilé	0.0	0.0	0.0	0.0	0.0	0.0	0.0	0.0	0.0	0.0	0.0	0.0	0.0	0.0028736	0.0	0.0	0.0	0.0	0.0	0.0	0.0	0.0	0.0	0.0	0.0	0.0	0.0	0.0	0.0	0.0	0.0	0.0	0.0	0.0	0.0	0.0	0.0	0.0	0.0	0.0	0.0	0.0	0.0	0.0	0.0	0.0	0.0	0.0	
Blongios nain	0.0	0.0	0.0	0.0	0.0	0.0	0.0	0.0	0.0	0.0	0.0	0.0023041	0.0	0.0028736	0.0183486	0.0292135	0.0250696	0.0104167	0.0239521	0.0184615	0.0015	0.004717	0.0	0.0	0.0	0.0	0.0	0.0	0.0136054	0.0	0.0	0.0	0.0172414	0.0	0.0	0.0	0.0	0.0	0.0	0.0	0.0	0.0	0.0	0.0	0.0	0.0	0.0	0.0	
Bihoreau gris	0.0	0.0	0.0	0.0	0.0	0.0	0.0	0.004878	0.0	0.0015	0.004717	0.0391705	0.0361757	0.0747126	0.058104	0.0696629	0.0668524	0.0442708	0.0658683	0.0246154	0.0324074	0.0188679	0.0015	0.009434	0.0088496	0.0093458	0.016129	0.0157895	0.0136054	0.0	0.0079365	0.0220994	0.0086207	0.0074627	0.0083333	0.0	0.0	0.0	0.0	0.0	0.0	0.0	0.0	0.0	0.0	0.0	0.0093458	0.0	
Aigrette garzette	0.0880282	0.0618557	0.0377358	0.0301724	0.0147059	0.0112994	0.0304348	0.0341463	0.0646552	0.0443686	0.0731132	0.1612903	0.1886305	0.2729885	0.3394495	0.3168539	0.3008357	0.2109375	0.254491	0.1969231	0.1111111	0.1179245	0.0629371	0.0707547	0.0530973	0.0654206	0.1290323	0.1263158	0.1836735	0.254902	0.1507937	0.1767956	0.2327586	0.1119403	0.225	0.1330645	0.0946746	0.0609756	0.1071429	0.0662983	0.0569106	0.0319149	0.032967	0.0372671	0.0285714	0.0675676	0.046729	0.0609756	
Aigrette des récifs	0.0	0.0	0.0	0.0	0.0	0.0	0.0	0.0	0.0	0.0	0.0	0.0	0.0	0.0	0.0	0.0	0.0027855	0.0	0.0	0.0	0.0	0.0	0.0	0.0	0.0	0.0	0.0	0.0	0.0	0.0	0.0	0.0	0.0	0.0	0.0	0.0	0.0	0.0	0.0	0.0	0.0	0.0	0.0	0.0	0.0	0.0	0.0	0.0	
Crabier chevelu	0.0	0.0	0.0	0.0	0.0	0.0	0.0	0.0	0.0	0.0	0.0	0.0015	0.002584	0.0201149	0.0795107	0.0921348	0.0752089	0.0703125	0.0628743	0.0584615	0.0046296	0.0141509	0.013986	0.0	0.0	0.0	0.0	0.0	0.0	0.0098039	0.0	0.0015	0.0	0.0149254	0.0	0.0040323	0.0	0.0	0.0	0.0	0.0	0.0	0.0	0.0	0.0	0.0	0.0	0.0	
Héron garde-boeufs	0.0422535	0.0773196	0.0566038	0.0560345	0.0196078	0.0508475	0.073913	0.0829268	0.0603448	0.0443686	0.1108491	0.1290323	0.1317829	0.1522989	0.1039755	0.1213483	0.0668524	0.0416667	0.0449102	0.04	0.0046296	0.009434	0.006993	0.0188679	0.0176991	0.0186916	0.0080645	0.0315789	0.0340136	0.0784314	0.015873	0.0165746	0.0517241	0.0074627	0.0083333	0.0524194	0.0295858	0.0609756	0.0428571	0.0220994	0.0325203	0.0319149	0.021978	0.0496894	0.0190476	0.0675676	0.0841121	0.0406504	
Grande Aigrette	0.0105634	0.0103093	0.0062893	0.0215517	0.0098039	0.0225989	0.0130435	0.0243902	0.012931	0.0170648	0.0235849	0.0322581	0.0155039	0.0229885	0.0244648	0.0179775	0.0222841	0.0234375	0.008982	0.0184615	0.0	0.009434	0.0015	0.0	0.0	0.0093458	0.0080645	0.0157895	0.0136054	0.0980392	0.0555556	0.0220994	0.0431034	0.0074627	0.0416667	0.0322581	0.0414201	0.0304878	0.0071429	0.0165746	0.0162602	0.0425532	0.010989	0.0062112	0.0190476	0.027027	0.0186916	0.0162602	
Héron cendré	0.2112676	0.2474227	0.1886792	0.1508621	0.1617647	0.1864407	0.1826087	0.2829268	0.2155172	0.2150171	0.259434	0.2788018	0.2248062	0.2729885	0.2691131	0.2337079	0.2284123	0.1614583	0.1766467	0.1661538	0.1064815	0.1650943	0.1538462	0.1179245	0.1238938	0.1869159	0.1370968	0.2263158	0.2108844	0.2352941	0.1984127	0.2099448	0.2672414	0.2089552	0.3083333	0.3024194	0.2485207	0.1646341	0.2285714	0.1823204	0.2520325	0.1914894	0.1648352	0.2111801	0.2190476	0.2297297	0.1962617	0.2682927	
Héron pourpré	0.0	0.0	0.0	0.0	0.0	0.0	0.0	0.0	0.0	0.0015	0.0070755	0.0184332	0.0620155	0.1005747	0.1253823	0.0831461	0.0529248	0.0286458	0.0329341	0.0338462	0.0	0.0	0.0015	0.004717	0.0	0.0093458	0.0	0.0052632	0.0	0.0	0.0079365	0.0055249	0.0	0.0	0.0166667	0.0040323	0.0	0.0060976	0.0	0.0	0.0	0.0	0.0	0.0062112	0.0	0.0	0.0	0.0	
ardeidé sp.	0.0	0.0	0.0	0.0	0.0	0.0	0.0	0.0	0.0	0.0	0.0	0.0	0.002584	0.0	0.0	0.0	0.0	0.0	0.0	0.0	0.0	0.0	0.0	0.0	0.0	0.0	0.0	0.0	0.0	0.0	0.0	0.0	0.0	0.0	0.0	0.0	0.0	0.0	0.0	0.0	0.0	0.0	0.0	0.0	0.0	0.0	0.0	0.0	
aigrette ou héron blanc sp.	0.0	0.0	0.0	0.0	0.0	0.0	0.0	0.0	0.0	0.0	0.0	0.0	0.0	0.0	0.0	0.0022472	0.0	0.0	0.0	0.0	0.0	0.0	0.0	0.0	0.0	0.0	0.0	0.0	0.0	0.0	0.0	0.0	0.0	0.0	0.0	0.0	0.0	0.0	0.0	0.0	0.0	0.0	0.0	0.0	0.0	0.0	0.0	0.0	
Balbuzard pêcheur	0.0	0.0	0.0	0.0	0.0	0.0	0.0	0.0	0.0	0.0	0.009434	0.0023041	0.005168	0.0086207	0.0061162	0.0022472	0.0	0.0	0.002994	0.0	0.0	0.0	0.0	0.0	0.0	0.0	0.0	0.0	0.0	0.0	0.0	0.0	0.0086207	0.0	0.0	0.0	0.0	0.0	0.0	0.0055249	0.0	0.0	0.0	0.0	0.0	0.0	0.0	0.0	
Élanion blanc	0.0	0.0	0.0	0.0	0.0	0.0	0.0	0.0	0.0	0.0	0.0	0.0	0.0	0.0	0.0	0.0	0.0	0.0	0.0	0.0	0.0	0.0	0.0	0.0	0.0	0.0	0.0	0.0	0.0	0.0	0.0	0.0	0.0	0.0	0.0	0.0	0.0	0.0060976	0.0	0.0	0.0	0.0	0.0	0.0	0.0	0.0	0.0	0.0	
Bondrée apivore	0.0	0.0	0.0	0.0	0.0	0.0	0.0	0.0	0.0	0.0	0.0	0.0	0.0	0.0	0.0015	0.0202247	0.1058496	0.15625	0.1167665	0.0707692	0.0277778	0.0141509	0.027972	0.0141509	0.0088496	0.0186916	0.0	0.0315789	0.0068027	0.0294118	0.0	0.0165746	0.0689655	0.0671642	0.0583333	0.0241935	0.0059172	0.0060976	0.0	0.0	0.0	0.0	0.0	0.0	0.0	0.0	0.0	0.0	
Vautour moine	0.0	0.0	0.0	0.0	0.0	0.0	0.0	0.0	0.0	0.0015	0.0	0.0	0.0	0.0	0.0	0.0	0.0	0.0	0.0	0.0	0.0	0.0	0.0	0.0	0.0	0.0	0.0	0.0	0.0	0.0	0.0	0.0	0.0	0.0	0.0	0.0	0.0	0.0	0.0	0.0	0.0	0.0	0.0	0.0	0.0	0.0	0.0	0.0	
Vautour fauve	0.0	0.0	0.0	0.0	0.0	0.0	0.0	0.0	0.0	0.0	0.0070755	0.0023041	0.0	0.0	0.0	0.0	0.0	0.0130208	0.002994	0.0092308	0.0	0.009434	0.006993	0.0	0.0	0.0	0.0015	0.0	0.0	0.0	0.0079365	0.0	0.0	0.0	0.0166667	0.0080645	0.0	0.0	0.0	0.0015	0.0081301	0.0015	0.0	0.0	0.0	0.0	0.0	0.004065	
Circaète Jean-le-Blanc	0.0	0.0	0.0	0.0	0.0	0.0	0.0	0.0341463	0.1508621	0.2116041	0.2924528	0.1082949	0.0930233	0.0545977	0.0428135	0.0516854	0.0724234	0.0963542	0.0479042	0.0707692	0.0509259	0.0377358	0.034965	0.0141509	0.0088496	0.0560748	0.0080645	0.0210526	0.0068027	0.0098039	0.015873	0.0607735	0.0948276	0.0597015	0.1	0.0685484	0.0414201	0.0121951	0.0	0.0	0.0	0.0	0.0	0.0	0.0	0.0	0.0	0.0	
Aigle criard	0.0	0.0	0.0	0.0	0.0	0.0	0.0	0.0	0.0	0.0	0.004717	0.0	0.0	0.0	0.0	0.0	0.0	0.0	0.0	0.0	0.0	0.0	0.0	0.0	0.0	0.0	0.0	0.0	0.0	0.0	0.0	0.0	0.0	0.0	0.0	0.0	0.0	0.0	0.0	0.0	0.0	0.0	0.0	0.0	0.0	0.0	0.0	0.0	
Aigle botté	0.0	0.0	0.0015	0.0	0.0	0.0	0.0043478	0.0097561	0.0517241	0.1023891	0.2028302	0.078341	0.0258398	0.0344828	0.0091743	0.0044944	0.0139276	0.0078125	0.008982	0.0	0.0015	0.0015	0.0	0.0	0.0	0.0015	0.0015	0.0	0.0	0.0	0.0015	0.0055249	0.0086207	0.0298507	0.0166667	0.0322581	0.0118343	0.0304878	0.0214286	0.0110497	0.0081301	0.0106383	0.0	0.0	0.0	0.0	0.0	0.0	
Aigle royal	0.0035211	0.0051546	0.0125786	0.0086207	0.0147059	0.0056497	0.0130435	0.0195122	0.0344828	0.0375427	0.0801887	0.0230415	0.0258398	0.0114943	0.0091743	0.0044944	0.0250696	0.0286458	0.008982	0.0276923	0.0185185	0.009434	0.006993	0.004717	0.0	0.0	0.0	0.0015	0.0	0.0	0.0079365	0.0015	0.0086207	0.0298507	0.0166667	0.0080645	0.0177515	0.0121951	0.0071429	0.0220994	0.0243902	0.0106383	0.021978	0.0062112	0.0	0.0	0.0093458	0.0162602	
Aigle de Bonelli	0.0	0.0	0.0	0.0	0.0	0.0	0.0	0.0	0.0	0.0	0.0	0.0	0.0	0.0	0.0	0.0	0.0	0.0015	0.0	0.0	0.0	0.0	0.0	0.0	0.0	0.0	0.0	0.0	0.0	0.0	0.0	0.0	0.0	0.0	0.0	0.0	0.0	0.0	0.0	0.0	0.0	0.0	0.0	0.0	0.0	0.0	0.0	0.0	
Aquila sp.	0.0	0.0	0.0	0.0	0.0	0.0	0.0	0.0	0.0	0.0	0.0	0.0023041	0.0	0.0	0.0	0.0	0.0	0.0	0.0	0.0	0.0	0.0	0.0	0.0	0.0	0.0	0.0	0.0	0.0	0.0	0.0	0.0	0.0	0.0	0.0	0.0	0.0	0.0	0.0	0.0	0.0	0.0	0.0	0.0	0.0	0.0	0.0	0.0	
Épervier d'Europe	0.0422535	0.0670103	0.0314465	0.0646552	0.0147059	0.0338983	0.0652174	0.0878049	0.1206897	0.1535836	0.1792453	0.0898618	0.0645995	0.0689655	0.0489297	0.047191	0.0194986	0.0494792	0.0299401	0.0492308	0.0324074	0.0235849	0.020979	0.0141509	0.0176991	0.0373832	0.0080645	0.0368421	0.0272109	0.0588235	0.015873	0.0718232	0.0517241	0.0373134	0.1083333	0.0524194	0.0532544	0.0426829	0.0428571	0.0718232	0.0731707	0.1489362	0.0989011	0.0248447	0.0666667	0.027027	0.0654206	0.0121951	
Autour des palombes	0.0105634	0.0051546	0.0	0.0043103	0.0098039	0.0	0.0130435	0.0146341	0.0172414	0.0068259	0.0283019	0.0092166	0.005168	0.0057471	0.0	0.0022472	0.0	0.0026042	0.0015	0.0030769	0.0015	0.0	0.0015	0.0	0.0	0.0	0.0080645	0.0052632	0.0	0.0	0.0	0.0055249	0.0086207	0.0	0.0166667	0.016129	0.0015	0.0060976	0.0214286	0.0055249	0.0162602	0.0	0.0	0.0	0.0	0.0015	0.0093458	0.004065	
Épervier d'Europe ou Autour des palombes	0.0	0.0	0.0	0.0	0.0	0.0	0.0	0.0	0.0	0.0	0.0015	0.0	0.0	0.0	0.0	0.0	0.0	0.0	0.0	0.0	0.0	0.0	0.0	0.0	0.0	0.0	0.0	0.0	0.0	0.0	0.0	0.0015	0.0	0.0	0.0	0.0	0.0	0.0	0.0	0.0	0.0	0.0	0.0	0.0	0.0	0.0	0.0	0.0	
Aerospiza, Tachyspiza, Accipiter ou Astur sp.	0.0	0.0	0.0	0.0	0.0	0.0	0.0043478	0.0	0.0	0.0	0.0	0.0	0.002584	0.0	0.0030581	0.0022472	0.0	0.0026042	0.0	0.0	0.0	0.0	0.0	0.0	0.0	0.0	0.0	0.0	0.0	0.0	0.0	0.0	0.0	0.0074627	0.0	0.0040323	0.0	0.0	0.0071429	0.0055249	0.0	0.0	0.0	0.0	0.0	0.0	0.0	0.004065	
Busard des roseaux	0.0	0.0	0.0	0.0	0.0	0.0	0.0	0.004878	0.0172414	0.109215	0.1745283	0.156682	0.0697674	0.1178161	0.0611621	0.0606742	0.0668524	0.03125	0.0239521	0.0061538	0.0	0.004717	0.0	0.0	0.0	0.0	0.0	0.0	0.0	0.0	0.0	0.0110497	0.0258621	0.0149254	0.0583333	0.016129	0.0177515	0.0121951	0.0	0.0055249	0.0081301	0.0	0.0	0.0062112	0.0	0.0	0.0	0.0	
Busard Saint-Martin	0.0015	0.0	0.0062893	0.0	0.0	0.0056497	0.0	0.0	0.0	0.003413	0.0070755	0.0023041	0.0	0.0015	0.0	0.0	0.0	0.0	0.0	0.0	0.0	0.0	0.0	0.0	0.0	0.0	0.0	0.0	0.0	0.0	0.0	0.0	0.0	0.0	0.0	0.0	0.0	0.0	0.0	0.0	0.0015	0.0	0.0	0.0062112	0.0	0.0	0.0	0.004065	
Busard pâle	0.0	0.0	0.0	0.0	0.0	0.0	0.0	0.0	0.0	0.0015	0.0070755	0.0023041	0.005168	0.0	0.0	0.0	0.0	0.0	0.0	0.0	0.0	0.0	0.0	0.0	0.0	0.0	0.0	0.0	0.0	0.0	0.0	0.0	0.0	0.0	0.0	0.0	0.0	0.0	0.0	0.0	0.0	0.0	0.0	0.0	0.0	0.0	0.0	0.0	
Busard cendré	0.0	0.0	0.0	0.0	0.0	0.0	0.0	0.0	0.0	0.0	0.0023585	0.0046083	0.005168	0.0086207	0.0275229	0.0269663	0.005571	0.0078125	0.002994	0.0	0.0	0.0	0.0	0.0	0.0	0.0	0.0	0.0	0.0	0.0	0.0	0.0015	0.0	0.0	0.0	0.0	0.0	0.0	0.0	0.0	0.0	0.0	0.0	0.0	0.0	0.0	0.0	0.0	
Busard pâle ou B. cendré	0.0	0.0	0.0	0.0	0.0	0.0	0.0	0.0	0.0	0.0	0.0	0.0	0.0	0.0028736	0.0	0.0	0.0	0.0	0.0	0.0	0.0	0.0	0.0	0.0	0.0	0.0	0.0	0.0	0.0	0.0	0.0	0.0	0.0	0.0	0.0	0.0040323	0.0	0.0	0.0	0.0	0.0	0.0	0.0	0.0	0.0	0.0	0.0	0.0	
busard sp.	0.0	0.0	0.0	0.0	0.0	0.0	0.0	0.0	0.0	0.0	0.004717	0.0	0.0	0.0	0.0	0.0	0.0	0.0	0.0	0.0	0.0	0.0	0.0	0.0	0.0	0.0	0.0	0.0	0.0	0.0	0.0	0.0	0.0	0.0	0.0	0.0	0.0	0.0	0.0	0.0	0.0	0.0	0.0	0.0	0.0	0.0	0.0	0.0	
Milan royal	0.0	0.0	0.0	0.0	0.0	0.0	0.0	0.0	0.0086207	0.0238908	0.0542453	0.0046083	0.0077519	0.0086207	0.0	0.0022472	0.005571	0.0104167	0.0	0.0015	0.0	0.0	0.0	0.0	0.0	0.0	0.0	0.0	0.0	0.0	0.0079365	0.0055249	0.0	0.0	0.0166667	0.0040323	0.0295858	0.0121951	0.0285714	0.0055249	0.0081301	0.0106383	0.0	0.0062112	0.0	0.0	0.0	0.0	
Milan noir	0.0	0.0	0.0	0.0	0.0	0.0	0.0	0.0	0.012931	0.0648464	0.1650943	0.0714286	0.0542636	0.0488506	0.0091743	0.0224719	0.0306407	0.03125	0.0329341	0.0184615	0.0	0.004717	0.0	0.0015	0.0	0.0	0.0	0.0	0.0	0.0	0.0	0.0055249	0.0086207	0.0074627	0.0166667	0.0	0.0059172	0.0	0.0	0.0015	0.0	0.0	0.0	0.0	0.0	0.0	0.0	0.0	
Milan royal ou M. noir	0.0	0.0	0.0	0.0	0.0	0.0	0.0	0.0	0.0	0.0	0.0	0.0	0.002584	0.0	0.0	0.0	0.0	0.0	0.0	0.0	0.0	0.0	0.0	0.0	0.0	0.0	0.0	0.0	0.0	0.0	0.0	0.0	0.0	0.0	0.0	0.0	0.0059172	0.0	0.0	0.0	0.0	0.0	0.0	0.0	0.0	0.0	0.0	0.0	
Buse variable	0.1056338	0.0721649	0.1069182	0.0991379	0.0931373	0.0960452	0.1086957	0.1268293	0.2155172	0.2320819	0.2806604	0.1428571	0.1162791	0.0977011	0.0611621	0.1078652	0.0947075	0.1015625	0.0598802	0.1138462	0.0833333	0.0896226	0.0629371	0.0424528	0.0707965	0.0654206	0.0483871	0.0789474	0.0544218	0.0490196	0.0238095	0.0939227	0.1034483	0.1343284	0.15	0.1169355	0.1360947	0.097561	0.1285714	0.1270718	0.1463415	0.0957447	0.0879121	0.0745342	0.1238095	0.1148649	0.0934579	0.1463415	
Buteo sp.	0.0015	0.0	0.0	0.0	0.0	0.0	0.0	0.0	0.0043103	0.0	0.0	0.0	0.0	0.0	0.0	0.0	0.0	0.0	0.0	0.0	0.0	0.0	0.0	0.0	0.0	0.0	0.0	0.0	0.0	0.0	0.0	0.0	0.0	0.0	0.0	0.0	0.0	0.0	0.0	0.0	0.0	0.0	0.0	0.0	0.0	0.0	0.0	0.0	
rapace sp.	0.0	0.0	0.0	0.0	0.0	0.0	0.0	0.0	0.0	0.003413	0.0	0.0023041	0.005168	0.0	0.0	0.0022472	0.0083565	0.0026042	0.002994	0.0030769	0.0092593	0.0	0.0	0.0	0.0	0.0	0.0	0.0015	0.0	0.0	0.0	0.0165746	0.0258621	0.0373134	0.0166667	0.0040323	0.0118343	0.0121951	0.0015	0.0055249	0.0	0.0	0.0	0.0	0.0	0.0	0.0	0.0	
Effraie des clochers	0.0	0.0	0.0	0.0	0.0	0.0056497	0.0	0.0	0.0	0.0	0.0	0.0	0.0	0.0	0.0	0.0	0.0015	0.0	0.0	0.0	0.0	0.0	0.0	0.0	0.0	0.0	0.0	0.0	0.0	0.0	0.0	0.0	0.0	0.0	0.0	0.0	0.0	0.0	0.0	0.0	0.0	0.0	0.0	0.0	0.0	0.0	0.0	0.0	
Petit-duc scops	0.0	0.0	0.0	0.0	0.0	0.0	0.0043478	0.0	0.0	0.0068259	0.0015	0.0138249	0.0155039	0.0344828	0.0122324	0.0269663	0.0278552	0.0260417	0.002994	0.0123077	0.0138889	0.0015	0.020979	0.0141509	0.0015	0.0186916	0.0015	0.0315789	0.0015	0.0196078	0.0	0.0110497	0.0086207	0.0074627	0.0083333	0.0015	0.0	0.0	0.0	0.0	0.0	0.0	0.0	0.0	0.0	0.0	0.0	0.0	
Grand-duc d'Europe	0.0211268	0.0051546	0.0251572	0.0043103	0.0245098	0.0112994	0.0086957	0.0146341	0.0	0.0102389	0.0	0.0015	0.002584	0.0028736	0.0015	0.0044944	0.0015	0.0	0.0	0.0	0.0015	0.0015	0.0	0.0015	0.0	0.0	0.0080645	0.0015	0.0	0.0	0.0015	0.0110497	0.0086207	0.0	0.0015	0.0040323	0.0177515	0.0121951	0.0071429	0.0110497	0.0162602	0.0106383	0.010989	0.0124224	0.0	0.0202703	0.0	0.0243902	
Chevêchette d'Europe	0.0	0.0	0.0	0.0	0.0	0.0	0.0	0.0	0.0	0.0	0.0	0.0	0.0	0.0	0.0	0.0	0.0	0.0	0.0	0.0	0.0	0.0	0.0	0.004717	0.0	0.0	0.0	0.0	0.0	0.0	0.0	0.0055249	0.0	0.0	0.0	0.0	0.0059172	0.0	0.0	0.0	0.0	0.0015	0.0	0.0	0.0	0.0	0.0	0.0	
Chevêche d'Athéna	0.0140845	0.0103093	0.0062893	0.0086207	0.0196078	0.0169492	0.026087	0.0292683	0.0086207	0.0204778	0.0070755	0.0046083	0.0103359	0.0114943	0.0122324	0.0022472	0.0139276	0.0026042	0.0015	0.0015	0.0185185	0.004717	0.006993	0.004717	0.0015	0.0093458	0.0080645	0.0368421	0.0068027	0.0196078	0.047619	0.0276243	0.0015	0.0671642	0.0333333	0.0040323	0.0177515	0.0182927	0.0015	0.0220994	0.0081301	0.0106383	0.021978	0.0015	0.047619	0.0135135	0.0	0.0081301	
Chouette hulotte	0.0140845	0.0051546	0.0251572	0.0172414	0.0015	0.0056497	0.0043478	0.0015	0.0	0.003413	0.0	0.0015	0.005168	0.0057471	0.0015	0.0134831	0.0083565	0.0052083	0.0	0.0092308	0.0	0.004717	0.0015	0.004717	0.0088496	0.0015	0.0080645	0.0157895	0.0204082	0.0294118	0.0079365	0.0220994	0.0172414	0.0223881	0.0083333	0.0040323	0.0177515	0.0060976	0.0071429	0.0220994	0.0162602	0.0015	0.010989	0.0124224	0.0095238	0.0015	0.0560748	0.0121951	
Hibou moyen-duc	0.0140845	0.0051546	0.0062893	0.012931	0.0	0.0	0.0086957	0.004878	0.0	0.0	0.0023585	0.0	0.0	0.0	0.0	0.0	0.0	0.0	0.0	0.0	0.0046296	0.0	0.0	0.0	0.0	0.0	0.0	0.0	0.0	0.0	0.0	0.0	0.0	0.0	0.0	0.0	0.0	0.0	0.0	0.0	0.0	0.0212766	0.0	0.0062112	0.0190476	0.0015	0.0186916	0.0121951	
Hibou des marais	0.0	0.0	0.0	0.0	0.0	0.0	0.0	0.0	0.0	0.0	0.004717	0.0	0.0015	0.0	0.0030581	0.0044944	0.0	0.0	0.0	0.0	0.0	0.0	0.0	0.0	0.0	0.0	0.0	0.0	0.0	0.0	0.0	0.0	0.0	0.0	0.0	0.0	0.0	0.0	0.0	0.0	0.0	0.0	0.0	0.0	0.0	0.0	0.0	0.0015	
Huppe fasciée	0.0	0.0	0.0	0.0	0.004902	0.0	0.0	0.0097561	0.012931	0.0102389	0.0448113	0.1152074	0.1007752	0.1178161	0.0795107	0.0898876	0.0389972	0.015625	0.0179641	0.0061538	0.0185185	0.009434	0.013986	0.004717	0.0015	0.0093458	0.0241935	0.0210526	0.0272109	0.0392157	0.0238095	0.0276243	0.0431034	0.0	0.0083333	0.0	0.0	0.0	0.0	0.0	0.0	0.0	0.0	0.0	0.0	0.0	0.0	0.0	
Guêpier d'Europe	0.0	0.0	0.0	0.0	0.0	0.0	0.0	0.0	0.0	0.0	0.0	0.0	0.0103359	0.0028736	0.0244648	0.1213483	0.2144847	0.1901042	0.1077844	0.0676923	0.037037	0.0235849	0.013986	0.0141509	0.0353982	0.0093458	0.016129	0.0210526	0.0272109	0.0015	0.0238095	0.0331492	0.1293103	0.0820896	0.0166667	0.0080645	0.0	0.0	0.0	0.0	0.0	0.0	0.0	0.0	0.0	0.0	0.0	0.0	
Martin-pêcheur d'Europe	0.1126761	0.0773196	0.1006289	0.0474138	0.0343137	0.0451977	0.0521739	0.0390244	0.0862069	0.0375427	0.0448113	0.0599078	0.0310078	0.0028736	0.0	0.0157303	0.0027855	0.0015	0.002994	0.0	0.0	0.0	0.0	0.0015	0.0	0.0	0.0322581	0.0684211	0.1156463	0.1078431	0.1031746	0.1712707	0.2241379	0.1567164	0.1916667	0.1975806	0.1775148	0.1402439	0.15	0.0883978	0.1626016	0.1489362	0.0769231	0.1677019	0.1619048	0.1418919	0.1308411	0.1178862	
Rollier d'Europe	0.0	0.0	0.0	0.0	0.0	0.0	0.0	0.0	0.0	0.0	0.0	0.0023041	0.0	0.0	0.0061162	0.0202247	0.0278552	0.0260417	0.0209581	0.0369231	0.0092593	0.009434	0.0	0.0	0.0	0.0	0.0	0.0052632	0.0068027	0.0	0.0	0.0	0.0172414	0.0	0.0	0.0	0.0	0.0	0.0	0.0	0.0	0.0	0.0	0.0	0.0	0.0	0.0	0.0	
Torcol fourmilier	0.0035211	0.0	0.0	0.0	0.0	0.0	0.0	0.0	0.0	0.0	0.004717	0.0069124	0.0129199	0.0057471	0.0061162	0.0067416	0.005571	0.0	0.0	0.0030769	0.0	0.0	0.0	0.0015	0.0	0.0	0.0	0.0	0.0	0.0015	0.0015	0.0	0.0	0.0	0.0	0.0	0.0	0.0	0.0	0.0	0.0	0.0	0.0	0.0	0.0	0.0067568	0.0	0.0	
Pic épeiche	0.0492958	0.0206186	0.0314465	0.0689655	0.0490196	0.0451977	0.0304348	0.0292683	0.0387931	0.0409556	0.0353774	0.0299539	0.0284238	0.0201149	0.0244648	0.0426966	0.0445682	0.046875	0.0299401	0.0615385	0.0601852	0.0330189	0.0559441	0.0518868	0.0265487	0.046729	0.0403226	0.0210526	0.0408163	0.0490196	0.0079365	0.0552486	0.0775862	0.0671642	0.1	0.0806452	0.0532544	0.0670732	0.0714286	0.1325967	0.0406504	0.0638298	0.032967	0.0310559	0.047619	0.0405405	0.1028037	0.0447154	
Pic épeichette	0.0035211	0.0015	0.0015	0.0	0.0	0.0	0.0015	0.004878	0.0015	0.0068259	0.0015	0.0046083	0.002584	0.0	0.0	0.0044944	0.0	0.0052083	0.002994	0.0015	0.0	0.0	0.006993	0.0	0.0088496	0.0093458	0.0	0.0	0.0068027	0.0098039	0.0079365	0.0	0.0	0.0015	0.0	0.0120968	0.0177515	0.0015	0.0142857	0.0110497	0.0015	0.0	0.0	0.0062112	0.0	0.0067568	0.0280374	0.0015	
Pic vert	0.0422535	0.0257732	0.0188679	0.0689655	0.0784314	0.0564972	0.073913	0.102439	0.1163793	0.1706485	0.1320755	0.0990783	0.1007752	0.1321839	0.1039755	0.0921348	0.1225627	0.0885417	0.0808383	0.0861538	0.0509259	0.0330189	0.0909091	0.0707547	0.1327434	0.0934579	0.1129032	0.1736842	0.1088435	0.1078431	0.0952381	0.121547	0.1810345	0.1641791	0.1666667	0.1733871	0.1065089	0.1036585	0.1428571	0.1546961	0.0894309	0.0638298	0.0879121	0.0496894	0.0952381	0.0878378	0.1121495	0.0772358	
Pic noir	0.0070423	0.0154639	0.0125786	0.0086207	0.0196078	0.0056497	0.0130435	0.0	0.0086207	0.0102389	0.0117925	0.0092166	0.0077519	0.0086207	0.0061162	0.011236	0.0194986	0.0182292	0.008982	0.0276923	0.0138889	0.009434	0.027972	0.0	0.0088496	0.0093458	0.016129	0.0	0.0068027	0.0	0.0079365	0.0015	0.0015	0.0149254	0.0166667	0.0201613	0.0118343	0.0304878	0.0214286	0.0662983	0.0081301	0.0212766	0.010989	0.0248447	0.0	0.0067568	0.0373832	0.0162602	
Faucon crécerellette	0.0	0.0	0.0	0.0	0.0	0.0	0.0	0.0	0.0	0.0	0.0	0.0023041	0.0155039	0.0086207	0.0183486	0.0044944	0.0027855	0.0052083	0.002994	0.0015	0.0046296	0.0	0.0	0.0	0.0	0.0	0.0	0.0	0.0	0.0	0.0	0.0	0.0	0.0	0.0083333	0.0	0.0	0.0	0.0	0.0	0.0	0.0	0.0	0.0062112	0.0	0.0	0.0	0.0	
Faucon crécerelle	0.1126761	0.0927835	0.1006289	0.0775862	0.0637255	0.1299435	0.0956522	0.097561	0.1551724	0.1808874	0.2476415	0.1543779	0.1576227	0.1206897	0.1192661	0.1348315	0.1476323	0.1276042	0.0958084	0.1230769	0.1342593	0.0849057	0.0559441	0.0566038	0.0530973	0.0654206	0.0645161	0.0473684	0.0340136	0.0588235	0.015873	0.0773481	0.1206897	0.0970149	0.1583333	0.1169355	0.1065089	0.097561	0.1285714	0.0773481	0.0487805	0.1382979	0.0659341	0.0807453	0.0761905	0.0675676	0.1121495	0.0650407	
Faucon crécerellette ou F. crécerelle	0.0	0.0	0.0	0.0	0.0	0.0	0.0	0.0	0.0	0.003413	0.0023585	0.0046083	0.0155039	0.0201149	0.0061162	0.011236	0.0027855	0.0052083	0.0	0.0	0.0	0.0	0.0	0.0	0.0	0.0	0.0	0.0	0.0	0.0	0.0	0.0	0.0	0.0	0.0	0.0080645	0.0	0.0	0.0	0.0	0.0	0.0	0.0	0.0015	0.0	0.0	0.0	0.0	
Faucon kobez	0.0	0.0	0.0	0.0	0.0	0.0	0.0	0.0	0.0	0.0	0.0	0.0	0.0	0.0057471	0.0	0.0089888	0.0306407	0.0208333	0.0179641	0.0061538	0.0	0.0	0.0	0.0	0.0	0.0	0.0	0.0	0.0	0.0	0.0	0.0	0.0	0.0	0.0	0.0	0.0	0.0	0.0	0.0	0.0	0.0	0.0	0.0	0.0	0.0	0.0	0.0	
Faucon d'Éléonore	0.0	0.0	0.0	0.0	0.0	0.0	0.0	0.0	0.0	0.0	0.0	0.0	0.002584	0.0	0.0	0.0	0.0027855	0.0	0.0015	0.0030769	0.0	0.0	0.0015	0.0	0.0	0.0	0.0	0.0	0.0	0.0	0.0015	0.0055249	0.0	0.0	0.0083333	0.0	0.0015	0.0015	0.0	0.0	0.0	0.0	0.0	0.0	0.0	0.0	0.0	0.0	
Faucon émerillon	0.0	0.0	0.0	0.0043103	0.0	0.0	0.0	0.004878	0.0	0.0	0.004717	0.0	0.0	0.0	0.0015	0.0015	0.0	0.0	0.0	0.0	0.0	0.0	0.0	0.0	0.0	0.0	0.0	0.0	0.0	0.0	0.0	0.0	0.0	0.0	0.0	0.0	0.0	0.0	0.0	0.0	0.0	0.0	0.0	0.0015	0.0095238	0.0	0.0	0.0015	
Faucon hobereau	0.0	0.0	0.0	0.0	0.0	0.0	0.0	0.0	0.0	0.0	0.0	0.0	0.0129199	0.0229885	0.030581	0.0404494	0.0668524	0.0625	0.0568862	0.0461538	0.0138889	0.004717	0.020979	0.0	0.0088496	0.0015	0.0	0.0	0.0	0.0	0.0079365	0.0055249	0.0172414	0.0223881	0.05	0.0362903	0.0177515	0.0121951	0.0071429	0.0	0.0	0.0	0.0	0.0	0.0	0.0	0.0	0.0	
Faucon pèlerin	0.0211268	0.0103093	0.0062893	0.0172414	0.0147059	0.0056497	0.0043478	0.0292683	0.0301724	0.0409556	0.0683962	0.0414747	0.0206718	0.0201149	0.0122324	0.0134831	0.0083565	0.0442708	0.0269461	0.0061538	0.0324074	0.009434	0.013986	0.009434	0.0088496	0.0186916	0.0080645	0.0052632	0.0068027	0.0196078	0.0	0.0110497	0.0258621	0.0298507	0.025	0.016129	0.0059172	0.0182927	0.0015	0.0331492	0.0243902	0.0106383	0.021978	0.0124224	0.0285714	0.0202703	0.0373832	0.0081301	
petit faucon sp.	0.0	0.0	0.0	0.0	0.0	0.0	0.0	0.0	0.0	0.0	0.0	0.0	0.0	0.0	0.0030581	0.0	0.0	0.0	0.0	0.0	0.0	0.0	0.0	0.0	0.0	0.0	0.0	0.0	0.0	0.0	0.0	0.0	0.0	0.0	0.0	0.0	0.0	0.0	0.0	0.0	0.0	0.0	0.0	0.0	0.0	0.0	0.0	0.0	
Falco sp.	0.0015	0.0	0.0	0.0	0.0	0.0	0.0	0.0	0.0	0.0	0.0070755	0.0023041	0.0103359	0.0057471	0.0091743	0.011236	0.005571	0.0078125	0.005988	0.0	0.0	0.0	0.013986	0.0	0.0	0.0	0.0	0.0052632	0.0068027	0.0	0.0	0.0	0.0086207	0.0298507	0.0083333	0.0120968	0.0	0.0060976	0.0071429	0.0	0.0	0.0	0.010989	0.0	0.0	0.0	0.0	0.0	
rapace diurne sp.	0.0	0.0	0.0	0.0	0.0	0.0	0.0043478	0.0	0.0	0.0068259	0.0	0.0023041	0.0	0.0	0.0	0.0022472	0.0	0.0026042	0.0	0.0	0.0046296	0.0	0.0	0.0	0.0	0.0	0.0	0.0	0.0	0.0	0.0015	0.0055249	0.0	0.0074627	0.0	0.0040323	0.0118343	0.0015	0.0	0.0	0.0	0.0	0.0	0.0062112	0.0	0.0	0.0	0.0	
Calopsitte élégante	0.0	0.0	0.0	0.0	0.0	0.0	0.0	0.0	0.0	0.0	0.0	0.0	0.0	0.0	0.0	0.0	0.0	0.0	0.0	0.0	0.0	0.0	0.0	0.0	0.0	0.0	0.0	0.0	0.0	0.0	0.0	0.0	0.0	0.0	0.0	0.0015	0.0	0.0	0.0	0.0	0.0	0.0	0.0	0.0	0.0	0.0	0.0	0.0	
Éclectus des Moluques	0.0	0.0	0.0	0.0	0.0	0.0	0.0	0.0	0.0	0.0	0.0023585	0.0	0.0	0.0	0.0	0.0	0.0	0.0	0.0	0.0	0.0	0.0	0.0	0.0	0.0	0.0	0.0	0.0	0.0	0.0	0.0	0.0	0.0	0.0	0.0	0.0	0.0	0.0	0.0	0.0	0.0	0.0	0.0	0.0	0.0	0.0	0.0	0.0	
éclectus sp.	0.0	0.0	0.0	0.0	0.0	0.0	0.0	0.0	0.0	0.0	0.0023585	0.0	0.0	0.0	0.0	0.0	0.0	0.0	0.0	0.0	0.0	0.0	0.0	0.0	0.0	0.0	0.0	0.0	0.0	0.0	0.0	0.0	0.0	0.0	0.0	0.0	0.0	0.0	0.0	0.0	0.0	0.0	0.0	0.0	0.0	0.0	0.0	0.0	
Perruche à collier	0.0598592	0.0309278	0.0377358	0.0646552	0.0588235	0.0734463	0.0826087	0.0682927	0.0560345	0.0716724	0.0589623	0.0921659	0.0568475	0.1149425	0.1100917	0.0606742	0.0362117	0.0520833	0.0718563	0.0338462	0.0509259	0.0330189	0.0839161	0.0660377	0.0973451	0.0934579	0.0403226	0.0578947	0.0612245	0.0588235	0.047619	0.0607735	0.0172414	0.0373134	0.0416667	0.0362903	0.035503	0.0670732	0.05	0.0441989	0.0650407	0.0744681	0.0769231	0.068323	0.0761905	0.0945946	0.0841121	0.0731707	
Perruche ondulée	0.0	0.0	0.0	0.0	0.0	0.0	0.0	0.0	0.0	0.0015	0.0	0.0	0.0	0.0	0.0	0.0	0.0	0.0	0.0	0.0	0.0	0.0	0.0	0.0	0.0	0.0	0.0	0.0	0.0	0.0	0.0	0.0	0.0	0.0	0.0	0.0	0.0	0.0	0.0	0.0	0.0	0.0	0.0	0.0	0.0	0.0	0.0	0.0	
Inséparable rosegorge	0.0	0.0	0.0	0.0	0.0	0.0	0.0	0.0	0.0	0.0	0.0	0.0	0.0	0.0	0.0	0.0	0.0	0.0	0.0	0.0	0.0	0.0	0.0	0.0	0.0	0.0	0.0	0.0	0.0	0.0	0.0	0.0	0.0	0.0	0.0	0.0	0.0015	0.0	0.0	0.0	0.0	0.0	0.0	0.0	0.0	0.0	0.0	0.0	
Inséparable de Fischer	0.0	0.0	0.0	0.0	0.0	0.0	0.0	0.0	0.0	0.0	0.0	0.0	0.0	0.0	0.0	0.0015	0.0015	0.0026042	0.0	0.0030769	0.0	0.0	0.0	0.0	0.0	0.0	0.0	0.0	0.0	0.0	0.0	0.0	0.0	0.0	0.0	0.0	0.0	0.0	0.0	0.0	0.0	0.0015	0.0	0.0	0.0	0.0	0.0	0.0	
Perroquet jaco	0.0	0.0	0.0	0.0	0.0	0.0	0.0	0.0	0.0	0.0	0.0	0.0	0.0	0.0	0.0	0.0	0.0	0.0	0.0	0.0	0.0	0.0	0.0	0.0	0.0	0.0	0.0	0.0015	0.0	0.0	0.0	0.0	0.0	0.0	0.0	0.0	0.0	0.0	0.0	0.0	0.0	0.0	0.0	0.0	0.0	0.0	0.0	0.0	
Perriche veuve	0.0	0.0	0.0	0.0	0.0	0.0	0.0	0.0	0.0	0.003413	0.004717	0.0023041	0.002584	0.0	0.0	0.0022472	0.0	0.0	0.0	0.0	0.0046296	0.004717	0.0	0.0	0.0	0.0	0.0	0.0	0.0	0.0	0.0	0.0	0.0	0.0	0.0	0.0	0.0	0.0	0.0	0.0	0.0	0.0	0.0	0.0	0.0	0.0015	0.0	0.0	
Amazone à front bleu	0.0	0.0051546	0.0062893	0.012931	0.0	0.0015	0.0043478	0.004878	0.0015	0.0015	0.0023585	0.0023041	0.0015	0.0057471	0.0122324	0.0044944	0.0027855	0.0052083	0.002994	0.0092308	0.0015	0.009434	0.006993	0.009434	0.0	0.0	0.016129	0.0015	0.0	0.0	0.015873	0.0	0.0	0.0149254	0.0083333	0.0	0.0015	0.0015	0.0142857	0.0015	0.0015	0.0	0.0015	0.0	0.0	0.0135135	0.0	0.0015	
Loriot d'Europe	0.0	0.0	0.0	0.0	0.0	0.0	0.0	0.0	0.0	0.0	0.0	0.0	0.002584	0.0	0.0015	0.0179775	0.0222841	0.0416667	0.0269461	0.0184615	0.0046296	0.0188679	0.0015	0.0	0.0088496	0.0093458	0.0080645	0.0	0.0136054	0.0	0.0079365	0.038674	0.0258621	0.0149254	0.0083333	0.0	0.0	0.0	0.0	0.0	0.0	0.0	0.0	0.0	0.0	0.0	0.0	0.0	
Pie-grièche écorcheur	0.0	0.0	0.0	0.0	0.0	0.0	0.0	0.0	0.0	0.0	0.0	0.0	0.0	0.0	0.0	0.0022472	0.0167131	0.0338542	0.0449102	0.0615385	0.0231481	0.0188679	0.0629371	0.004717	0.0	0.0280374	0.0015	0.0210526	0.0204082	0.0294118	0.0396825	0.0055249	0.0517241	0.0074627	0.0166667	0.016129	0.0059172	0.0	0.0	0.0055249	0.0	0.0	0.0	0.0062112	0.0	0.0	0.0	0.0	
Pie-grièche grise	0.0035211	0.0618557	0.0	0.0172414	0.0147059	0.0225989	0.0130435	0.0146341	0.012931	0.0102389	0.0259434	0.0299539	0.0	0.0	0.0	0.0	0.0	0.0	0.0	0.0	0.0	0.0	0.0	0.0	0.0	0.0	0.0	0.0	0.0	0.0	0.0	0.0	0.0	0.0	0.0	0.0	0.0	0.0	0.0	0.0	0.0081301	0.0	0.0	0.0	0.0	0.0	0.0	0.0	
Pie-grièche à poitrine rose	0.0	0.0	0.0	0.0	0.0	0.0	0.0	0.0	0.0	0.0	0.0	0.0	0.0	0.0	0.0	0.0	0.0	0.0	0.0	0.0030769	0.0	0.0	0.0	0.0	0.0	0.0	0.0	0.0	0.0	0.0	0.0	0.0	0.0	0.0	0.0	0.0	0.0	0.0	0.0	0.0	0.0	0.0	0.0	0.0	0.0	0.0	0.0	0.0	
Pie-grièche à tête rousse	0.0	0.0	0.0	0.0	0.0	0.0	0.0	0.0	0.0	0.0068259	0.0141509	0.0046083	0.0206718	0.0431034	0.0152905	0.0404494	0.0083565	0.0	0.008982	0.0	0.0	0.0	0.0	0.0	0.0	0.0	0.0	0.0	0.0	0.0	0.0	0.0	0.0	0.0	0.0	0.0	0.0	0.0	0.0	0.0	0.0	0.0	0.0	0.0	0.0	0.0	0.0	0.0	
Laniidés sp.	0.0	0.0	0.0	0.0	0.0	0.0	0.0	0.0	0.0	0.0	0.0	0.0	0.0	0.0	0.0	0.0	0.0	0.0	0.0	0.0	0.0	0.0	0.0	0.0	0.0	0.0	0.0	0.0	0.0	0.0	0.0	0.0	0.0	0.0	0.0	0.0	0.0	0.0	0.0	0.0	0.0	0.0	0.0	0.0	0.0095238	0.0	0.0	0.0	
Geai des chênes	0.1161972	0.0979381	0.0754717	0.1594828	0.127451	0.1129944	0.1086957	0.097561	0.0818966	0.2013652	0.1415094	0.1082949	0.1472868	0.1494253	0.1253823	0.1820225	0.1977716	0.2109375	0.1946108	0.2061538	0.2361111	0.2169811	0.1748252	0.2028302	0.079646	0.2149533	0.0967742	0.1210526	0.1564626	0.0784314	0.1190476	0.1436464	0.1896552	0.2313433	0.2666667	0.25	0.2426036	0.3109756	0.2428571	0.3480663	0.300813	0.1595745	0.1978022	0.1242236	0.1904762	0.1351351	0.1775701	0.1382114	
Pie bavarde	0.4084507	0.4175258	0.3710692	0.4439655	0.377451	0.4689266	0.4956522	0.497561	0.5172414	0.4641638	0.495283	0.5	0.4651163	0.4683908	0.4434251	0.4719101	0.448468	0.375	0.4281437	0.3384615	0.2962963	0.254717	0.1678322	0.2216981	0.2389381	0.2616822	0.2258065	0.2578947	0.2244898	0.245098	0.2301587	0.3149171	0.3103448	0.358209	0.4833333	0.4153226	0.443787	0.3780488	0.5285714	0.4696133	0.4146341	0.4680851	0.3626374	0.3540373	0.4857143	0.4932432	0.4859813	0.4756098	
Cassenoix moucheté	0.0	0.0	0.0	0.0	0.004902	0.0056497	0.0	0.0	0.0	0.0	0.0	0.0	0.0	0.0	0.0	0.0	0.0	0.0	0.0	0.0	0.0046296	0.0	0.0	0.0	0.0	0.0	0.0	0.0	0.0	0.0	0.0	0.0	0.0	0.0	0.0166667	0.0040323	0.0059172	0.0060976	0.0	0.0	0.0	0.0	0.0	0.0	0.0	0.0	0.0	0.004065	
Crave à bec rouge	0.0070423	0.0051546	0.0062893	0.0	0.004902	0.0	0.0	0.004878	0.0	0.0	0.0	0.0023041	0.002584	0.0	0.0	0.0	0.0	0.0026042	0.002994	0.0092308	0.0046296	0.009434	0.006993	0.0	0.0088496	0.0093458	0.0	0.0052632	0.0	0.0	0.0	0.0	0.0	0.0	0.0166667	0.0040323	0.0	0.0	0.0	0.0055249	0.0	0.0	0.0	0.0	0.0	0.0	0.0	0.0121951	
Chocard à bec jaune	0.0	0.0	0.0	0.0	0.0	0.0015	0.0	0.0	0.0	0.0	0.0	0.0	0.002584	0.0	0.0015	0.0	0.0027855	0.0182292	0.005988	0.0061538	0.0	0.009434	0.0	0.0	0.0176991	0.0	0.0080645	0.0052632	0.0	0.0	0.0	0.0	0.0	0.0	0.0166667	0.0040323	0.0	0.0	0.0	0.0	0.0081301	0.0	0.0	0.0062112	0.0	0.0015	0.0	0.004065	
Choucas des tours	0.221831	0.2628866	0.2075472	0.1810345	0.1862745	0.2316384	0.1782609	0.2292683	0.2198276	0.2116041	0.2099057	0.2534562	0.2041344	0.1925287	0.2018349	0.1752809	0.1392758	0.1145833	0.1377246	0.1384615	0.1064815	0.0943396	0.0629371	0.1226415	0.0442478	0.0280374	0.0645161	0.0684211	0.0952381	0.127451	0.1349206	0.1381215	0.0948276	0.0895522	0.175	0.1653226	0.2071006	0.1585366	0.2214286	0.1712707	0.1788618	0.2234043	0.1538462	0.173913	0.2285714	0.1418919	0.1308411	0.2479675	
Corbeau freux	0.0	0.0	0.0	0.0	0.0	0.0	0.0043478	0.0	0.0	0.0	0.004717	0.0	0.0	0.0	0.0	0.0	0.0	0.0	0.0	0.0	0.0	0.0	0.0	0.0	0.0	0.0	0.0	0.0	0.0	0.0	0.0	0.0	0.0	0.0	0.0	0.0	0.0	0.0	0.0	0.0	0.0	0.0	0.0	0.0	0.0	0.0	0.0	0.0	
Corneille noire	0.1866197	0.1804124	0.1446541	0.2198276	0.1764706	0.2485876	0.2217391	0.2585366	0.2284483	0.1467577	0.2051887	0.2373272	0.2609819	0.2298851	0.2232416	0.211236	0.2172702	0.21875	0.1796407	0.1507692	0.1111111	0.0896226	0.0769231	0.0707547	0.0353982	0.0560748	0.0403226	0.0631579	0.0748299	0.0980392	0.1031746	0.1712707	0.1982759	0.1492537	0.175	0.1491935	0.112426	0.1402439	0.2357143	0.1491713	0.1382114	0.2446809	0.1538462	0.1552795	0.1142857	0.1621622	0.1495327	0.1747967	
Corneille mantelée	0.1478873	0.1701031	0.1698113	0.137931	0.1323529	0.1977401	0.1826087	0.2634146	0.2284483	0.3003413	0.259434	0.235023	0.1886305	0.2126437	0.1957187	0.2157303	0.2451253	0.1875	0.2245509	0.1630769	0.1805556	0.1698113	0.1188811	0.1603774	0.1238938	0.1588785	0.1451613	0.0947368	0.1632653	0.0784314	0.0952381	0.1049724	0.1206897	0.119403	0.1666667	0.2137097	0.147929	0.1768293	0.2857143	0.2707182	0.1869919	0.1276596	0.1758242	0.2049689	0.2666667	0.1756757	0.2056075	0.1585366	
Corneille noire ou C. mantelée	0.0	0.0	0.0	0.0	0.0	0.0056497	0.0	0.0	0.0043103	0.0	0.0	0.0023041	0.005168	0.0028736	0.0	0.0	0.0	0.0	0.0	0.0030769	0.0	0.0015	0.0	0.004717	0.0	0.0	0.0	0.0	0.0	0.0	0.0	0.0	0.0	0.0	0.0	0.0	0.0	0.0	0.0	0.0	0.0162602	0.0	0.0	0.0	0.0	0.0	0.0	0.0	
Hybride Corneille noire x C. mantelée	0.0492958	0.0618557	0.0188679	0.0818966	0.0441176	0.0621469	0.0695652	0.1073171	0.1034483	0.0648464	0.0801887	0.078341	0.0645995	0.0747126	0.0917431	0.0988764	0.091922	0.0807292	0.0449102	0.0492308	0.0277778	0.0283019	0.020979	0.0188679	0.0176991	0.0373832	0.0080645	0.0263158	0.0204082	0.0490196	0.015873	0.0441989	0.0344828	0.0298507	0.0416667	0.0443548	0.0295858	0.0609756	0.1142857	0.0552486	0.0243902	0.0638298	0.0769231	0.0310559	0.047619	0.0405405	0.0560748	0.0406504	
corneille sp.	0.0035211	0.0	0.0	0.0	0.0	0.0	0.0	0.0	0.0	0.0102389	0.0	0.0023041	0.0	0.0	0.0	0.0	0.0	0.0026042	0.002994	0.0	0.0	0.0015	0.006993	0.0	0.0	0.0	0.0	0.0	0.0136054	0.0	0.0	0.0	0.0	0.0	0.0	0.0	0.0	0.0	0.0071429	0.0	0.0	0.0	0.021978	0.0	0.0	0.0	0.0093458	0.004065	
Grand Corbeau	0.0422535	0.0206186	0.0628931	0.0474138	0.0245098	0.0169492	0.0347826	0.0390244	0.0732759	0.0750853	0.1037736	0.0460829	0.0361757	0.0258621	0.0183486	0.0337079	0.0306407	0.0520833	0.011976	0.04	0.0277778	0.0330189	0.034965	0.0188679	0.0088496	0.0	0.0	0.0368421	0.0204082	0.0294118	0.0238095	0.0441989	0.0603448	0.0522388	0.0583333	0.0725806	0.0591716	0.0670732	0.05	0.0662983	0.0406504	0.0531915	0.043956	0.0124224	0.0571429	0.0405405	0.0747664	0.0609756	
Mésange noire	0.1267606	0.0927835	0.1698113	0.1422414	0.1617647	0.1412429	0.1173913	0.1219512	0.0689655	0.0477816	0.0542453	0.0875576	0.0413437	0.0517241	0.0336391	0.047191	0.0501393	0.0494792	0.0329341	0.0553846	0.0416667	0.0707547	0.0769231	0.0330189	0.0619469	0.0186916	0.0241935	0.0157895	0.0136054	0.0098039	0.015873	0.0331492	0.0431034	0.1119403	0.05	0.0564516	0.1005917	0.1402439	0.15	0.198895	0.1463415	0.1914894	0.1098901	0.1304348	0.1428571	0.1418919	0.2056075	0.1544715	
Mésange huppée	0.1267606	0.0773196	0.1383648	0.1163793	0.1176471	0.1016949	0.1	0.097561	0.0603448	0.0477816	0.0872642	0.0829493	0.0516796	0.0488506	0.0489297	0.0561798	0.0529248	0.0703125	0.0628743	0.08	0.1111111	0.0660377	0.0839161	0.0518868	0.0530973	0.0373832	0.016129	0.0473684	0.0272109	0.0294118	0.015873	0.1104972	0.1465517	0.119403	0.0916667	0.1129032	0.0650888	0.1280488	0.0928571	0.121547	0.1544715	0.106383	0.1428571	0.1614907	0.1428571	0.0945946	0.1588785	0.1422764	
Mésange nonnette	0.0105634	0.0051546	0.0377358	0.0215517	0.0245098	0.0112994	0.0217391	0.0146341	0.0258621	0.0238908	0.0117925	0.0023041	0.0155039	0.0086207	0.0030581	0.0157303	0.0362117	0.0130208	0.008982	0.0246154	0.0185185	0.0330189	0.034965	0.0141509	0.0088496	0.0186916	0.0080645	0.0210526	0.0136054	0.0490196	0.0238095	0.0220994	0.0086207	0.0149254	0.025	0.0322581	0.0650888	0.0243902	0.0142857	0.0883978	0.0243902	0.0106383	0.021978	0.0186335	0.0285714	0.0135135	0.0841121	0.0284553	
Mésange boréale	0.0070423	0.0	0.0	0.0	0.004902	0.0	0.0	0.004878	0.0	0.0	0.0	0.0	0.0	0.0	0.0	0.0	0.0	0.0052083	0.0	0.0	0.0046296	0.004717	0.006993	0.0	0.0	0.0	0.0	0.0	0.0	0.0	0.0	0.0	0.0	0.0	0.0083333	0.0080645	0.0059172	0.0	0.0	0.0110497	0.0	0.0	0.0	0.0	0.0	0.0	0.0	0.0	
Mésange nonnette ou M. boréale	0.0	0.0	0.0	0.0	0.0	0.0	0.0	0.0	0.0	0.0	0.0	0.0	0.0	0.0	0.0	0.0	0.005571	0.0	0.0	0.0	0.0	0.0	0.0	0.0	0.0	0.0	0.0	0.0	0.0	0.0	0.0	0.0	0.0	0.0	0.0	0.0040323	0.0	0.0	0.0	0.0	0.0	0.0	0.0	0.0	0.0	0.0	0.0	0.0	
Mésange bleue	0.2676056	0.2216495	0.3207547	0.3275862	0.2745098	0.2429379	0.3	0.2926829	0.2068966	0.1331058	0.1320755	0.1682028	0.1705426	0.1954023	0.1743119	0.1460674	0.1587744	0.1588542	0.1137725	0.1353846	0.1481481	0.1320755	0.1048951	0.0990566	0.079646	0.0654206	0.0645161	0.0842105	0.1020408	0.1176471	0.047619	0.0939227	0.0862069	0.141791	0.125	0.1733871	0.2011834	0.2195122	0.2357143	0.2928177	0.2439024	0.1914894	0.2417582	0.242236	0.3238095	0.2702703	0.2897196	0.2886179	
Mésange charbonnière	0.3239437	0.2319588	0.408805	0.4353448	0.3284314	0.4124294	0.3869565	0.3707317	0.375	0.3481229	0.3207547	0.3894009	0.4547804	0.4511494	0.4036697	0.3955056	0.4233983	0.375	0.4041916	0.3230769	0.2175926	0.2028302	0.1748252	0.1698113	0.1327434	0.1401869	0.0725806	0.0947368	0.1088435	0.1470588	0.1269841	0.1104972	0.137931	0.2313433	0.225	0.2741935	0.2899408	0.4146341	0.4	0.2928177	0.300813	0.287234	0.3296703	0.2670807	0.352381	0.3445946	0.3831776	0.3373984	
Parus sp.	0.0015	0.0	0.0	0.0	0.0	0.0	0.0	0.0	0.0	0.0	0.0	0.0015	0.0	0.0	0.0	0.0	0.0027855	0.0	0.0	0.0	0.0	0.0	0.0	0.0	0.0	0.0	0.0	0.0	0.0	0.0	0.0	0.0	0.0	0.0	0.0	0.0	0.0	0.0	0.0	0.0	0.0	0.0	0.0	0.0	0.0	0.0	0.0	0.0	
Rémiz penduline	0.0035211	0.0	0.0	0.0	0.0	0.0	0.0	0.0	0.0	0.0	0.0023585	0.0046083	0.0103359	0.0	0.0	0.0	0.0	0.0	0.0	0.0	0.0	0.0	0.0	0.0	0.0	0.0	0.0	0.0	0.0	0.0	0.0	0.0	0.0	0.0	0.0	0.0	0.0	0.0060976	0.0142857	0.0055249	0.0162602	0.0	0.0	0.0	0.0	0.0	0.0	0.0	
Alouette lulu	0.0140845	0.0360825	0.0188679	0.0258621	0.0196078	0.0282486	0.0304348	0.0243902	0.0387931	0.003413	0.0	0.0023041	0.005168	0.0028736	0.0015	0.0089888	0.0111421	0.0026042	0.005988	0.0061538	0.0138889	0.004717	0.013986	0.004717	0.0088496	0.0	0.0	0.0	0.0	0.0	0.0	0.0	0.0	0.0	0.0	0.0080645	0.0177515	0.0243902	0.0642857	0.0552486	0.0015	0.0319149	0.021978	0.0062112	0.0095238	0.0135135	0.0186916	0.0121951	
Alouette des champs	0.0105634	0.0103093	0.0062893	0.0086207	0.0196078	0.0282486	0.0434783	0.0585366	0.0732759	0.0955631	0.0683962	0.0460829	0.0413437	0.0201149	0.0183486	0.0067416	0.0111421	0.0104167	0.011976	0.0276923	0.0416667	0.0235849	0.041958	0.0	0.0088496	0.0093458	0.0015	0.0	0.0	0.0098039	0.0	0.0055249	0.0	0.0	0.025	0.0040323	0.0059172	0.0304878	0.0571429	0.038674	0.0081301	0.0319149	0.021978	0.0062112	0.0190476	0.0067568	0.0	0.004065	
Cochevis huppé	0.0	0.0	0.0	0.0	0.0	0.0	0.0	0.0	0.0	0.0	0.0	0.0	0.0	0.0	0.0015	0.0	0.0	0.0	0.0	0.0	0.0	0.0	0.0	0.0	0.0	0.0	0.0	0.0	0.0	0.0	0.0	0.0	0.0	0.0	0.0	0.0	0.0	0.0	0.0	0.0	0.0	0.0	0.0	0.0	0.0	0.0	0.0	0.0	
Alouette calandrelle	0.0	0.0	0.0	0.0	0.0	0.0	0.0	0.0	0.0	0.0	0.0	0.0	0.0	0.0114943	0.0244648	0.0224719	0.0167131	0.0026042	0.002994	0.0030769	0.0	0.0	0.0	0.0	0.0	0.0	0.0	0.0	0.0	0.0	0.0	0.0	0.0	0.0	0.0	0.0	0.0	0.0	0.0	0.0	0.0	0.0	0.0	0.0	0.0	0.0	0.0	0.0	
alaudidé sp.	0.0	0.0	0.0062893	0.0	0.0	0.0	0.0	0.0	0.0	0.0	0.0	0.0	0.0	0.0028736	0.0	0.0	0.0	0.0	0.0	0.0	0.0	0.0	0.0	0.0	0.0	0.0	0.0	0.0	0.0	0.0	0.0	0.0	0.0	0.0074627	0.0	0.0	0.0	0.0	0.0	0.0	0.0	0.0	0.0	0.0	0.0	0.0	0.0	0.0	
Cisticole des joncs	0.0070423	0.0154639	0.0062893	0.012931	0.0	0.0056497	0.0173913	0.0195122	0.0172414	0.0136519	0.0117925	0.0253456	0.0232558	0.0287356	0.0214067	0.0269663	0.0167131	0.0208333	0.0299401	0.0153846	0.0092593	0.0141509	0.0	0.0015	0.0176991	0.0093458	0.0080645	0.0105263	0.0136054	0.0015	0.0	0.0055249	0.0258621	0.0074627	0.0083333	0.0080645	0.0059172	0.0015	0.0071429	0.0	0.0325203	0.0531915	0.021978	0.0186335	0.0380952	0.0135135	0.0093458	0.0121951	
Hypolaïs polyglotte	0.0	0.0	0.0	0.0	0.0	0.0	0.0	0.0	0.0	0.0	0.0	0.0	0.0	0.0	0.0061162	0.0269663	0.0445682	0.0494792	0.0688623	0.0307692	0.0324074	0.009434	0.0	0.004717	0.0088496	0.0	0.0080645	0.0157895	0.0136054	0.0490196	0.0	0.0055249	0.0	0.0149254	0.0	0.0	0.0	0.0	0.0	0.0	0.0	0.0	0.0	0.0	0.0	0.0	0.0	0.0	
Hypolaïs ictérine	0.0	0.0	0.0	0.0	0.0	0.0	0.0	0.0	0.0	0.0	0.0	0.0	0.0	0.0	0.0	0.0044944	0.0139276	0.0052083	0.0149701	0.0030769	0.0	0.0	0.0	0.0	0.0	0.0	0.0	0.0	0.0	0.0	0.0	0.0110497	0.0	0.0074627	0.0015	0.0	0.0	0.0	0.0	0.0	0.0	0.0	0.0	0.0	0.0	0.0	0.0	0.0	
Hypolaïs polyglotte ou H. ictérine	0.0	0.0	0.0	0.0	0.0	0.0	0.0	0.0	0.0	0.0	0.0	0.0	0.0	0.0	0.0030581	0.0022472	0.0	0.0052083	0.0	0.0	0.0	0.0	0.0	0.0	0.0	0.0	0.0	0.0	0.0	0.0	0.0	0.0	0.0	0.0	0.0	0.0	0.0	0.0	0.0	0.0	0.0	0.0	0.0	0.0	0.0	0.0	0.0	0.0	
Lusciniole à moustaches	0.0	0.0	0.0	0.0	0.0	0.0	0.0	0.0	0.0	0.0	0.0023585	0.016129	0.0	0.0028736	0.0	0.0	0.0	0.0	0.0	0.0	0.0	0.0	0.0	0.0	0.0	0.0	0.0	0.0	0.0	0.0	0.0	0.0	0.0	0.0	0.0	0.0	0.0	0.0	0.0	0.0	0.0	0.0	0.0	0.0	0.0	0.0	0.0	0.0	
Phragmite des joncs	0.0	0.0	0.0	0.0	0.0	0.0	0.0	0.0	0.0	0.0	0.0070755	0.0115207	0.005168	0.0172414	0.0611621	0.0606742	0.0139276	0.015625	0.011976	0.0	0.0	0.0	0.0	0.0	0.0	0.0	0.0	0.0	0.0	0.0	0.0	0.0	0.0	0.0	0.0083333	0.0120968	0.0	0.0	0.0	0.0	0.0	0.0	0.0	0.0	0.0	0.0	0.0	0.0	
Rousserolle verderolle	0.0	0.0	0.0	0.0	0.0	0.0	0.0	0.0	0.0	0.0	0.0	0.0	0.0	0.0	0.0	0.0	0.0015	0.0	0.002994	0.0061538	0.0046296	0.0	0.0	0.0	0.0015	0.0093458	0.0241935	0.0	0.0	0.0	0.0	0.0	0.0	0.0	0.0	0.0	0.0	0.0	0.0	0.0	0.0	0.0	0.0	0.0	0.0	0.0	0.0	0.0	
Rousserolle effarvatte	0.0	0.0	0.0	0.0	0.0	0.0	0.0	0.0	0.0	0.0	0.0	0.0023041	0.002584	0.0057471	0.0458716	0.058427	0.0724234	0.0911458	0.1047904	0.0646154	0.0092593	0.0188679	0.013986	0.0	0.0	0.0	0.0	0.0	0.0	0.0	0.0079365	0.0220994	0.0	0.0	0.025	0.0282258	0.0118343	0.0	0.0214286	0.0055249	0.0	0.0	0.0	0.0	0.0	0.0	0.0	0.0	
Rousserolle verderolle ou R. effarvatte	0.0	0.0	0.0	0.0	0.0	0.0	0.0	0.0	0.0	0.0	0.0	0.0	0.0	0.0	0.0	0.0	0.0	0.0	0.002994	0.0	0.0	0.0	0.0	0.0015	0.0	0.0	0.0	0.0	0.0	0.0	0.0	0.0	0.0	0.0	0.0083333	0.0	0.0	0.0060976	0.0	0.0	0.0	0.0	0.0	0.0	0.0	0.0	0.0	0.0	
Rousserolle turdoïde	0.0	0.0	0.0	0.0	0.0	0.0	0.0	0.0	0.0	0.0015	0.0	0.0	0.005168	0.0057471	0.0336391	0.0426966	0.0250696	0.0260417	0.0359281	0.0246154	0.0138889	0.009434	0.0	0.0	0.0	0.0	0.0	0.0	0.0	0.0	0.0	0.0	0.0	0.0	0.0	0.0	0.0	0.0	0.0	0.0	0.0	0.0	0.0	0.0	0.0	0.0	0.0	0.0	
Acrocephalus sp.	0.0	0.0	0.0	0.0	0.0	0.0	0.0	0.0	0.0	0.0	0.0	0.0	0.002584	0.0	0.0	0.0	0.0	0.0	0.0	0.0	0.0	0.0	0.0	0.0	0.0	0.0	0.0	0.0	0.0	0.0	0.0	0.0055249	0.0	0.0	0.0	0.0	0.0	0.0	0.0	0.0	0.0	0.0	0.0	0.0	0.0	0.0	0.0	0.0	
Locustelle luscinioïde	0.0	0.0	0.0	0.0	0.0	0.0	0.0	0.0	0.0	0.0	0.0	0.0	0.002584	0.0	0.0	0.0067416	0.0	0.0	0.0	0.0	0.0	0.0	0.0	0.0	0.0	0.0	0.0	0.0	0.0	0.0	0.0	0.0	0.0	0.0	0.0	0.0	0.0	0.0	0.0	0.0	0.0	0.0	0.0	0.0	0.0	0.0	0.0	0.0	
Locustelle tachetée	0.0	0.0	0.0	0.0	0.0	0.0	0.0	0.0	0.0	0.0	0.0	0.0	0.0	0.0028736	0.0015	0.0067416	0.0	0.0	0.0	0.0	0.0	0.0	0.0	0.0	0.0	0.0	0.0	0.0	0.0	0.0	0.0	0.0	0.0	0.0	0.0	0.0	0.0	0.0	0.0	0.0	0.0	0.0	0.0	0.0	0.0	0.0	0.0	0.0	
Hirondelle de rivage	0.0	0.0	0.0	0.0	0.0	0.0	0.0	0.0	0.0	0.0136519	0.0306604	0.062212	0.0697674	0.112069	0.1345566	0.105618	0.0724234	0.0416667	0.0179641	0.0061538	0.0046296	0.004717	0.0	0.004717	0.0	0.0	0.0	0.0	0.0068027	0.0	0.0	0.0015	0.0172414	0.0149254	0.0166667	0.0120968	0.0118343	0.0	0.0	0.0	0.0	0.0	0.0	0.0	0.0	0.0	0.0	0.0	
Hirondelle de rochers	0.1161972	0.2113402	0.2075472	0.2068966	0.127451	0.1920904	0.1913043	0.2878049	0.25	0.2423208	0.2523585	0.156682	0.1550388	0.1034483	0.0795107	0.1078652	0.0724234	0.0494792	0.0928144	0.1107692	0.0740741	0.0801887	0.0559441	0.0377358	0.0088496	0.0373832	0.0403226	0.1263158	0.0544218	0.0588235	0.0714286	0.0552486	0.0948276	0.0447761	0.05	0.0483871	0.0769231	0.0914634	0.0571429	0.1160221	0.1138211	0.0744681	0.1428571	0.0869565	0.0666667	0.0608108	0.1588785	0.0894309	
Hirondelle rustique	0.0	0.0	0.0	0.0	0.0	0.0	0.0086957	0.004878	0.0689655	0.1911263	0.3490566	0.3663594	0.4521964	0.4770115	0.559633	0.5932584	0.5348189	0.4635417	0.4371257	0.3538462	0.2407407	0.259434	0.1468531	0.2169811	0.1061947	0.2523364	0.1854839	0.2526316	0.2244898	0.1960784	0.1904762	0.2154696	0.2413793	0.2089552	0.1666667	0.1975806	0.147929	0.0792683	0.0928571	0.0662983	0.0243902	0.0106383	0.0	0.0015	0.0	0.0	0.0	0.0	
Hirondelle de fenêtre	0.0035211	0.0	0.0	0.0043103	0.0	0.0056497	0.0173913	0.0585366	0.1206897	0.2013652	0.2311321	0.1912442	0.2609819	0.2787356	0.3149847	0.3505618	0.3342618	0.375	0.4041916	0.3323077	0.2824074	0.2924528	0.2797203	0.1981132	0.1504425	0.2242991	0.2983871	0.3052632	0.2993197	0.254902	0.2698413	0.3093923	0.3448276	0.2164179	0.1916667	0.1330645	0.0828402	0.0365854	0.0	0.0055249	0.0	0.0	0.0	0.0	0.0	0.0	0.0	0.0	
Hirondelle rousseline	0.0	0.0	0.0	0.0	0.0015	0.0	0.0	0.0	0.0015	0.0	0.009434	0.0115207	0.0310078	0.0373563	0.0152905	0.0269663	0.0278552	0.015625	0.002994	0.0030769	0.0138889	0.004717	0.006993	0.0	0.0015	0.0093458	0.016129	0.0	0.0204082	0.0015	0.0	0.0055249	0.0015	0.0074627	0.0083333	0.0	0.0	0.0	0.0	0.0	0.0	0.0	0.0	0.0	0.0	0.0	0.0	0.0	
hirondelle sp.	0.0	0.0	0.0	0.0	0.0	0.0	0.0	0.0	0.0043103	0.0102389	0.0	0.0046083	0.0	0.0	0.0	0.0	0.0	0.0	0.002994	0.0	0.0	0.0	0.0	0.0	0.0088496	0.0015	0.0	0.0	0.0	0.0	0.0	0.0	0.0	0.0	0.0	0.0040323	0.0	0.0060976	0.0071429	0.0	0.0	0.0106383	0.0	0.0	0.0	0.0	0.0	0.0	
Pouillot siffleur	0.0	0.0	0.0	0.0	0.0	0.0	0.0	0.0	0.0	0.0	0.0	0.0046083	0.0077519	0.0488506	0.0519878	0.0629213	0.0278552	0.0052083	0.0015	0.0061538	0.0	0.009434	0.0	0.0	0.0	0.0	0.0	0.0	0.0	0.0	0.0079365	0.0055249	0.0086207	0.0074627	0.0083333	0.0	0.0	0.0060976	0.0	0.0	0.0	0.0	0.0	0.0	0.0	0.0	0.0	0.0	
Pouillot de Bonelli	0.0	0.0	0.0	0.0	0.0	0.0	0.0	0.0	0.0	0.0	0.0	0.0	0.0015	0.0057471	0.0214067	0.0247191	0.0278552	0.015625	0.0239521	0.0492308	0.037037	0.0377358	0.048951	0.0141509	0.0265487	0.0280374	0.0241935	0.0052632	0.0015	0.0098039	0.0	0.0	0.0	0.0	0.0	0.0	0.0	0.0	0.0	0.0	0.0	0.0	0.0	0.0	0.0	0.0	0.0	0.0	
Pouillot de Hume	0.0	0.0	0.0062893	0.0086207	0.0490196	0.0015	0.0	0.0	0.0	0.0	0.0	0.0	0.0	0.0	0.0	0.0	0.0	0.0	0.0	0.0	0.0	0.0	0.0	0.0	0.0	0.0	0.0	0.0	0.0	0.0	0.0	0.0	0.0	0.0	0.0	0.0	0.0	0.0	0.0	0.0	0.0	0.0	0.0	0.0	0.0	0.0	0.0	0.0	
Pouillot brun	0.0	0.0	0.0	0.0	0.0	0.0	0.0	0.0	0.0	0.0	0.0	0.0	0.0	0.0	0.0	0.0	0.0	0.0	0.0	0.0	0.0	0.0	0.0	0.0	0.0	0.0	0.0	0.0	0.0	0.0	0.0	0.0	0.0	0.0	0.0	0.0	0.0	0.0	0.0	0.0	0.0	0.0	0.0	0.0	0.0	0.0067568	0.0	0.0	
Pouillot fitis	0.0	0.0	0.0	0.0	0.0	0.0	0.0	0.0	0.0043103	0.0068259	0.0117925	0.062212	0.0775194	0.183908	0.1406728	0.1213483	0.0389972	0.03125	0.002994	0.0030769	0.0	0.0	0.0	0.0	0.0	0.0	0.0	0.0	0.0	0.0	0.0	0.0165746	0.0172414	0.0074627	0.0166667	0.0040323	0.0177515	0.0121951	0.0	0.0	0.0	0.0	0.0	0.0	0.0	0.0	0.0	0.0	
Pouillot véloce	0.3802817	0.4690722	0.3207547	0.3836207	0.3382353	0.3785311	0.3652174	0.3756098	0.487069	0.4573379	0.4669811	0.4147465	0.3617571	0.2988506	0.1559633	0.141573	0.0779944	0.0598958	0.0419162	0.0953846	0.0972222	0.0990566	0.0979021	0.0424528	0.0353982	0.0186916	0.0241935	0.0157895	0.0068027	0.0196078	0.0	0.0497238	0.0775862	0.0895522	0.1916667	0.1854839	0.2071006	0.3780488	0.4428571	0.4198895	0.4227642	0.4255319	0.2637363	0.2857143	0.2952381	0.3513514	0.3831776	0.4186992	
pouillot sp.	0.0035211	0.0	0.0062893	0.0	0.0	0.0	0.0	0.0	0.0086207	0.0	0.0070755	0.0115207	0.0077519	0.0086207	0.0030581	0.0	0.0	0.0	0.0	0.0	0.0	0.0	0.0	0.0	0.0	0.0	0.0	0.0	0.0	0.0	0.0	0.0055249	0.0	0.0074627	0.0	0.0	0.0	0.0	0.0	0.0	0.0081301	0.0	0.0	0.0	0.0	0.0067568	0.0	0.004065	
Bouscarle de Cetti	0.1161972	0.1134021	0.1194969	0.125	0.1078431	0.1355932	0.1521739	0.1804878	0.1853448	0.1467577	0.1863208	0.2211982	0.255814	0.204023	0.2293578	0.2359551	0.1949861	0.171875	0.1766467	0.1261538	0.0833333	0.0754717	0.0559441	0.0471698	0.0442478	0.0280374	0.016129	0.0421053	0.0340136	0.0588235	0.0555556	0.1270718	0.2586207	0.1567164	0.1916667	0.2016129	0.1656805	0.1890244	0.1857143	0.121547	0.1626016	0.1702128	0.1208791	0.1180124	0.1238095	0.1216216	0.1028037	0.1504065	
Orite à longue queue	0.0739437	0.0206186	0.0943396	0.0948276	0.0882353	0.0734463	0.0695652	0.0731707	0.0646552	0.0921502	0.0683962	0.0483871	0.0671835	0.066092	0.0366972	0.0741573	0.0696379	0.0572917	0.0359281	0.0646154	0.0601852	0.0613208	0.0559441	0.0754717	0.0442478	0.0	0.0080645	0.0526316	0.047619	0.0490196	0.047619	0.0607735	0.0948276	0.0820896	0.1	0.1008065	0.112426	0.1036585	0.1142857	0.1546961	0.0813008	0.0957447	0.0549451	0.0745342	0.0761905	0.0675676	0.0747664	0.0569106	
Fauvette à tête noire	0.4014085	0.371134	0.3899371	0.4181034	0.3137255	0.3446328	0.3956522	0.4	0.3836207	0.4061433	0.3726415	0.5	0.5503876	0.6178161	0.4923547	0.5235955	0.4428969	0.4479167	0.4850299	0.4492308	0.4027778	0.3773585	0.4825175	0.3632075	0.2654867	0.3551402	0.3467742	0.3421053	0.3265306	0.245098	0.1984127	0.1160221	0.1206897	0.1119403	0.1916667	0.2419355	0.2721893	0.3597561	0.4071429	0.320442	0.3495935	0.4148936	0.3406593	0.3229814	0.4095238	0.4594595	0.3831776	0.4837398	
Fauvette des jardins	0.0	0.0	0.0	0.0	0.0	0.0	0.0	0.0	0.0	0.0	0.0	0.0046083	0.002584	0.0057471	0.0152905	0.0044944	0.0139276	0.0182292	0.0209581	0.0061538	0.0	0.004717	0.006993	0.0	0.0015	0.0	0.0	0.0052632	0.0	0.0015	0.0079365	0.0110497	0.0172414	0.0149254	0.025	0.016129	0.0118343	0.0	0.0	0.0	0.0	0.0	0.0	0.0	0.0	0.0	0.0	0.0	
Fauvette babillarde	0.0	0.0	0.0	0.0	0.0	0.0	0.0	0.0	0.0	0.0	0.0023585	0.0	0.0	0.0	0.0061162	0.0044944	0.0	0.0	0.002994	0.0061538	0.0046296	0.004717	0.006993	0.0	0.0	0.0	0.0	0.0	0.0	0.0	0.0	0.0	0.0344828	0.0074627	0.025	0.0	0.0	0.0	0.0	0.0	0.0	0.0	0.0	0.0	0.0	0.0	0.0	0.0015	
Fauvette orphée	0.0	0.0	0.0	0.0	0.0	0.0	0.0	0.0	0.0	0.0	0.0	0.0	0.0	0.0	0.0	0.0022472	0.0	0.0	0.0	0.0123077	0.0	0.0	0.006993	0.0	0.0	0.0	0.0	0.0	0.0	0.0	0.0	0.0	0.0	0.0	0.0	0.0	0.0	0.0	0.0	0.0	0.0	0.0	0.0	0.0	0.0	0.0	0.0	0.0	
Fauvette mélanocéphale	0.3274648	0.2835052	0.245283	0.2801724	0.2303922	0.3163842	0.2782609	0.3219512	0.3491379	0.3276451	0.3419811	0.3110599	0.3410853	0.2873563	0.3058104	0.2831461	0.3231198	0.2708333	0.254491	0.2	0.1990741	0.1981132	0.1678322	0.0990566	0.1061947	0.1682243	0.1209677	0.1473684	0.1292517	0.1176471	0.1587302	0.2430939	0.2672414	0.2910448	0.2666667	0.2580645	0.3017751	0.2621951	0.35	0.198895	0.3333333	0.4255319	0.3516484	0.2981366	0.2095238	0.2837838	0.2429907	0.3252033	
Fauvette de Moltoni	0.0	0.0	0.0	0.0	0.0	0.0	0.0	0.0	0.0	0.0	0.0	0.0092166	0.005168	0.0287356	0.0336391	0.0696629	0.0529248	0.0625	0.0329341	0.0092308	0.0231481	0.0518868	0.027972	0.0424528	0.0088496	0.0186916	0.0080645	0.0157895	0.0272109	0.0196078	0.0	0.0110497	0.0086207	0.0074627	0.0083333	0.0080645	0.0059172	0.0060976	0.0	0.0	0.0	0.0	0.0	0.0	0.0	0.0	0.0	0.0	
Fauvette passerinette	0.0	0.0	0.0	0.0	0.0	0.0	0.0	0.0	0.0	0.0	0.0	0.0	0.0	0.0028736	0.0030581	0.0044944	0.0027855	0.0	0.005988	0.0215385	0.0092593	0.004717	0.006993	0.004717	0.0	0.0	0.0	0.0	0.0	0.0	0.0	0.0055249	0.0086207	0.0	0.0	0.0	0.0	0.0	0.0	0.0	0.0	0.0	0.0	0.0	0.0	0.0	0.0	0.0	
Fauvette des Balkans	0.0	0.0	0.0	0.0	0.0	0.0	0.0	0.0	0.0	0.0	0.0	0.0069124	0.0129199	0.0373563	0.0091743	0.0224719	0.0027855	0.0078125	0.0	0.0030769	0.0	0.0	0.0	0.0141509	0.0	0.0093458	0.0	0.0	0.0	0.0	0.0	0.0	0.0	0.0	0.0	0.0	0.0	0.0	0.0	0.0	0.0	0.0	0.0	0.0	0.0	0.0	0.0	0.0	
Fauvette passerinette ou F. des Balkans	0.0	0.0	0.0	0.0	0.0	0.0	0.0	0.0	0.0	0.0	0.0023585	0.0046083	0.0	0.0028736	0.0061162	0.0067416	0.005571	0.0026042	0.0	0.0092308	0.0015	0.0	0.0	0.0	0.0	0.0	0.0	0.0	0.0	0.0	0.0	0.0	0.0086207	0.0074627	0.0	0.0015	0.0	0.0	0.0	0.0	0.0	0.0	0.0	0.0	0.0	0.0	0.0	0.0	
Fauvette de Moltoni, F. passerinette ou F. des Balkans	0.0	0.0	0.0	0.0	0.0	0.0	0.0	0.0	0.0	0.0	0.0	0.0092166	0.002584	0.0	0.0030581	0.0089888	0.0027855	0.0026042	0.0	0.0	0.0	0.0	0.013986	0.0	0.0	0.0	0.0	0.0	0.0	0.0	0.0	0.0	0.0	0.0	0.0	0.0040323	0.0	0.0	0.0	0.0	0.0	0.0	0.0	0.0	0.0	0.0	0.0	0.0	
Fauvette grisette	0.0	0.0	0.0	0.0	0.0	0.0	0.0	0.0	0.0	0.0	0.009434	0.0184332	0.0206718	0.0632184	0.1284404	0.0853933	0.0167131	0.015625	0.011976	0.0092308	0.0092593	0.0	0.020979	0.0	0.0	0.0	0.0	0.0052632	0.0	0.0	0.0	0.0	0.0086207	0.0	0.0	0.0015	0.0	0.0	0.0	0.0	0.0	0.0	0.0	0.0	0.0	0.0	0.0	0.0	
Fauvette à lunettes	0.0	0.0	0.0	0.0	0.0	0.0	0.0	0.0	0.0	0.003413	0.0	0.0	0.0	0.0	0.0061162	0.0	0.0	0.0	0.0	0.0	0.0	0.0	0.0	0.0	0.0	0.0	0.0	0.0	0.0068027	0.0	0.0	0.0	0.0	0.0	0.0	0.0	0.0	0.0	0.0	0.0	0.0	0.0	0.0	0.0	0.0	0.0	0.0	0.0	
Fauvette pitchou	0.0	0.0051546	0.0	0.0086207	0.0	0.0056497	0.0043478	0.0097561	0.0474138	0.0921502	0.1037736	0.0345622	0.0232558	0.0086207	0.0091743	0.0044944	0.0111421	0.0286458	0.011976	0.0215385	0.0092593	0.0	0.006993	0.0	0.0015	0.0	0.0	0.0052632	0.0068027	0.0	0.0	0.0	0.0172414	0.0074627	0.0	0.0080645	0.0236686	0.0121951	0.0142857	0.0055249	0.0	0.0106383	0.0	0.0310559	0.0	0.0	0.0	0.004065	
Sylvia ou Curruca sp.	0.0	0.0	0.0	0.0	0.0	0.0	0.0	0.0	0.0	0.0	0.0	0.0	0.002584	0.0	0.0	0.0022472	0.0	0.0	0.0	0.0	0.0	0.0	0.0	0.0	0.0088496	0.0	0.0	0.0	0.0	0.0	0.0	0.0	0.0	0.0	0.0	0.0	0.0	0.0	0.0	0.0	0.0	0.0	0.0	0.0	0.0	0.0	0.0	0.0	
Léiothrix jaune	0.028169	0.0	0.0251572	0.0086207	0.0147059	0.0338983	0.0173913	0.0146341	0.0043103	0.0136519	0.009434	0.0230415	0.0206718	0.0287356	0.0061162	0.0202247	0.0306407	0.0625	0.0359281	0.0338462	0.0648148	0.0235849	0.0629371	0.0471698	0.0619469	0.046729	0.0322581	0.0368421	0.0680272	0.0294118	0.0793651	0.0165746	0.0086207	0.0447761	0.0416667	0.0403226	0.0532544	0.0853659	0.0857143	0.0497238	0.0325203	0.0531915	0.021978	0.0434783	0.0285714	0.0067568	0.0280374	0.0243902	
Roitelet huppé	0.1161972	0.1082474	0.0754717	0.112069	0.0833333	0.0508475	0.0956522	0.0536585	0.0474138	0.0546075	0.0613208	0.0184332	0.002584	0.0028736	0.0	0.0	0.0	0.0052083	0.005988	0.0092308	0.0046296	0.004717	0.0	0.004717	0.0176991	0.0	0.0	0.0052632	0.0	0.0	0.0	0.0015	0.0	0.0015	0.0083333	0.0080645	0.0414201	0.0365854	0.0357143	0.0718232	0.1626016	0.1489362	0.0989011	0.136646	0.1619048	0.1216216	0.1401869	0.0813008	
Roitelet à triple bandeau	0.1267606	0.1185567	0.1132075	0.1293103	0.122549	0.0960452	0.1043478	0.1170732	0.0775862	0.109215	0.0778302	0.078341	0.0697674	0.0890805	0.0733945	0.0808989	0.0557103	0.0807292	0.0658683	0.0461538	0.0694444	0.0471698	0.034965	0.0471698	0.0176991	0.0093458	0.016129	0.0315789	0.0544218	0.0196078	0.015873	0.0331492	0.0431034	0.0820896	0.0416667	0.1008065	0.1538462	0.1707317	0.1214286	0.1160221	0.1626016	0.1702128	0.1758242	0.1490683	0.1904762	0.1418919	0.1495327	0.1504065	
Roitelet huppé ou R. à triple bandeau	0.0070423	0.0015	0.0125786	0.0	0.0	0.0056497	0.0	0.004878	0.0	0.0	0.0023585	0.0023041	0.0	0.0	0.0	0.0	0.0	0.0	0.0	0.0	0.0	0.0	0.0	0.0	0.0	0.0	0.0	0.0	0.0	0.0	0.0	0.0	0.0	0.0074627	0.0	0.0	0.0118343	0.0121951	0.0071429	0.0165746	0.0	0.0	0.021978	0.0186335	0.0	0.0015	0.0093458	0.004065	
Tichodrome échelette	0.0035211	0.0051546	0.0062893	0.0	0.004902	0.0015	0.0043478	0.0	0.0	0.0	0.0	0.0	0.002584	0.0	0.0	0.0	0.0	0.0	0.0	0.0	0.0	0.0	0.0	0.0	0.0	0.0	0.0	0.0	0.0	0.0	0.0	0.0	0.0	0.0	0.0	0.0	0.0	0.0	0.0015	0.0	0.0081301	0.0106383	0.010989	0.0	0.0	0.0	0.0186916	0.0	
Sittelle torchepot	0.0669014	0.0412371	0.0880503	0.0517241	0.0686275	0.0338983	0.0434783	0.0390244	0.0258621	0.0136519	0.0188679	0.0345622	0.0180879	0.0201149	0.0122324	0.0359551	0.0278552	0.0338542	0.0269461	0.0523077	0.0231481	0.0330189	0.048951	0.0424528	0.0088496	0.046729	0.0015	0.0105263	0.0136054	0.0392157	0.0	0.0331492	0.0	0.0149254	0.025	0.0524194	0.035503	0.0426829	0.05	0.0773481	0.0406504	0.0531915	0.0549451	0.0807453	0.1047619	0.0608108	0.1308411	0.1056911	
Grimpereau des bois	0.0070423	0.0	0.0	0.0	0.004902	0.0056497	0.0043478	0.0	0.0043103	0.0	0.0	0.0	0.0	0.0015	0.0	0.0	0.0	0.0026042	0.0	0.0092308	0.0138889	0.0141509	0.013986	0.0	0.0176991	0.0	0.0	0.0052632	0.0	0.0	0.015873	0.0055249	0.0	0.0074627	0.0083333	0.0080645	0.0118343	0.0121951	0.0	0.0055249	0.0	0.0106383	0.0	0.0124224	0.0	0.0	0.0	0.0	
Grimpereau des jardins	0.0316901	0.0257732	0.0440252	0.0775862	0.0784314	0.0451977	0.0608696	0.0439024	0.0344828	0.0307167	0.0283019	0.0322581	0.0155039	0.045977	0.0214067	0.0426966	0.0501393	0.0390625	0.0179641	0.0430769	0.0462963	0.0613208	0.0559441	0.0424528	0.0353982	0.0186916	0.0322581	0.0157895	0.0272109	0.0588235	0.0396825	0.0497238	0.0172414	0.0597015	0.0583333	0.0806452	0.0710059	0.0426829	0.05	0.0994475	0.0015	0.0425532	0.032967	0.0310559	0.0571429	0.0405405	0.0841121	0.0487805	
Grimpereau des bois ou G. des jardins	0.0	0.0	0.0	0.0	0.0	0.0	0.0	0.0	0.0	0.0	0.0	0.0	0.0	0.0	0.0	0.0	0.0	0.0	0.0	0.0	0.0	0.0	0.0	0.0	0.0	0.0	0.0	0.0	0.0	0.0098039	0.0	0.0	0.0	0.0	0.0	0.0	0.0015	0.0	0.0	0.0	0.0	0.0106383	0.0	0.0	0.0	0.0	0.0	0.0	
Troglodyte mignon	0.2429577	0.2371134	0.245283	0.2543103	0.2107843	0.2485876	0.2	0.1902439	0.1594828	0.1194539	0.129717	0.0898618	0.0594315	0.0172414	0.0030581	0.0179775	0.0083565	0.0130208	0.008982	0.0061538	0.0324074	0.0235849	0.0699301	0.0188679	0.0176991	0.0	0.0015	0.0105263	0.0136054	0.0098039	0.015873	0.0015	0.0015	0.0149254	0.05	0.0282258	0.0473373	0.0792683	0.2357143	0.2320442	0.2682927	0.3829787	0.3626374	0.2049689	0.2761905	0.3040541	0.2336449	0.2520325	
Cincle plongeur	0.0211268	0.0154639	0.0062893	0.0086207	0.004902	0.0112994	0.0043478	0.0097561	0.0043103	0.0068259	0.0023585	0.0	0.0077519	0.0	0.0061162	0.0	0.0015	0.0	0.0015	0.0061538	0.0	0.004717	0.0	0.004717	0.0	0.0	0.0080645	0.0052632	0.0	0.0196078	0.0	0.0055249	0.0	0.0015	0.0166667	0.0	0.0118343	0.0015	0.0142857	0.0165746	0.0162602	0.0	0.0015	0.0124224	0.0190476	0.0337838	0.0015	0.0162602	
Étourneau sansonnet	0.1091549	0.1391753	0.0503145	0.137931	0.1372549	0.1525424	0.1695652	0.1902439	0.237069	0.2559727	0.2169811	0.1082949	0.0878553	0.0603448	0.0642202	0.0921348	0.0724234	0.0703125	0.0359281	0.0584615	0.037037	0.0377358	0.027972	0.004717	0.0619469	0.0	0.0403226	0.0052632	0.0068027	0.0	0.0238095	0.0110497	0.0172414	0.0015	0.0416667	0.0443548	0.035503	0.0792683	0.2142857	0.1823204	0.1707317	0.3085106	0.1648352	0.1180124	0.1047619	0.1486486	0.1962617	0.1544715	
Étourneau roselin	0.0	0.0	0.0	0.0	0.0	0.0	0.0	0.0	0.0	0.0	0.0	0.0	0.0	0.0	0.0	0.0	0.0	0.0	0.0	0.0030769	0.0	0.0	0.0	0.0	0.0	0.0	0.0	0.0	0.0	0.0	0.0	0.0	0.0	0.0	0.0	0.0	0.0	0.0	0.0	0.0	0.0	0.0	0.0	0.0	0.0	0.0	0.0	0.0	
Grive draine	0.0140845	0.0103093	0.0188679	0.0043103	0.0294118	0.0056497	0.026087	0.0390244	0.0387931	0.0443686	0.0283019	0.0253456	0.0258398	0.0201149	0.0366972	0.0404494	0.0194986	0.03125	0.0269461	0.0461538	0.0324074	0.0660377	0.0699301	0.0188679	0.0	0.0186916	0.0	0.0	0.0	0.0	0.0	0.0055249	0.0086207	0.0	0.0083333	0.0282258	0.0177515	0.0365854	0.0142857	0.0773481	0.0325203	0.0319149	0.032967	0.0186335	0.0190476	0.0202703	0.0373832	0.0284553	
Grive musicienne	0.0774648	0.0618557	0.0880503	0.125	0.0637255	0.1242938	0.1217391	0.1560976	0.0818966	0.1672355	0.125	0.1152074	0.0775194	0.0603448	0.0275229	0.0404494	0.0222841	0.0286458	0.0389222	0.0492308	0.0231481	0.0566038	0.0629371	0.0283019	0.0176991	0.0	0.0015	0.0052632	0.0	0.0	0.0	0.0	0.0015	0.0	0.0166667	0.016129	0.0473373	0.1646341	0.1857143	0.1325967	0.1138211	0.1489362	0.0549451	0.0496894	0.0571429	0.0675676	0.0186916	0.0447154	
Grive mauvis	0.0	0.0154639	0.0	0.0215517	0.0147059	0.0225989	0.0043478	0.0097561	0.0	0.003413	0.0023585	0.0046083	0.0015	0.0	0.0	0.0	0.0	0.0	0.0	0.0	0.0	0.0	0.0	0.0	0.0	0.0	0.0	0.0	0.0	0.0	0.0	0.0	0.0	0.0	0.0	0.0	0.0	0.0121951	0.0142857	0.0441989	0.0081301	0.0212766	0.021978	0.0062112	0.0015	0.0067568	0.0	0.0203252	
Merle noir	0.4542254	0.4072165	0.4528302	0.4956897	0.4509804	0.5480226	0.5217391	0.5268293	0.512931	0.5836177	0.504717	0.59447	0.627907	0.6436782	0.5779817	0.6674157	0.6490251	0.6666667	0.6946108	0.6338462	0.5925926	0.6509434	0.5664336	0.5	0.3097345	0.3551402	0.3145161	0.1526316	0.1768707	0.1470588	0.1507937	0.1933702	0.2586207	0.2164179	0.2916667	0.3145161	0.3431953	0.4207317	0.4571429	0.5027624	0.4471545	0.5425532	0.4725275	0.3664596	0.4857143	0.3986486	0.5327103	0.4674797	
Grive litorne	0.0	0.0	0.0062893	0.0	0.0	0.0169492	0.0043478	0.0	0.0	0.0	0.0	0.0	0.0	0.0	0.0	0.0	0.0	0.0	0.0	0.0	0.0	0.0	0.0	0.0	0.0	0.0	0.0	0.0	0.0	0.0	0.0	0.0	0.0	0.0	0.0	0.0	0.0	0.0	0.0	0.0110497	0.0	0.0	0.0	0.0062112	0.0	0.0067568	0.0093458	0.004065	
Merle à plastron	0.0	0.0	0.0	0.0043103	0.0	0.0	0.0	0.0	0.0	0.0	0.0	0.0	0.0	0.0	0.0	0.0	0.0	0.0	0.0	0.0030769	0.0	0.0	0.0	0.0	0.0	0.0	0.0	0.0	0.0	0.0	0.0	0.0	0.0	0.0	0.0	0.0	0.0	0.0	0.0	0.0	0.0	0.0	0.0	0.0	0.0	0.0	0.0	0.0	
turdidé sp.	0.0	0.0	0.0	0.0	0.0	0.0	0.0	0.0	0.0	0.0	0.0023585	0.0	0.0	0.0	0.0	0.0	0.0	0.0	0.0	0.0	0.0	0.004717	0.0	0.0	0.0	0.0	0.0	0.0	0.0	0.0	0.0	0.0	0.0	0.0	0.0	0.0	0.0	0.0	0.0	0.0	0.0	0.0	0.0	0.0	0.0	0.0	0.0	0.0	
Gobemouche gris	0.0	0.0	0.0	0.0	0.0	0.0	0.0	0.0	0.0	0.0	0.0	0.0	0.002584	0.0	0.0183486	0.0426966	0.0584958	0.1015625	0.1137725	0.0492308	0.0324074	0.0377358	0.048951	0.0801887	0.0353982	0.0280374	0.0564516	0.0368421	0.0136054	0.0196078	0.0079365	0.0220994	0.0775862	0.0671642	0.0666667	0.0443548	0.0177515	0.0365854	0.0285714	0.0276243	0.0081301	0.0	0.0	0.0	0.0	0.0	0.0	0.0	
Rougegorge familier	0.5704225	0.6134021	0.5849057	0.5905172	0.4754902	0.5762712	0.5347826	0.502439	0.5	0.5153584	0.4646226	0.4354839	0.2971576	0.3706897	0.2201835	0.2202247	0.1754875	0.1848958	0.2275449	0.1938462	0.162037	0.1745283	0.2097902	0.1179245	0.1150442	0.0373832	0.0241935	0.0368421	0.0408163	0.0882353	0.0634921	0.0883978	0.0431034	0.1940299	0.1833333	0.4193548	0.5621302	0.7682927	0.7428571	0.7624309	0.7073171	0.7446809	0.7032967	0.5652174	0.647619	0.5608108	0.682243	0.6829268	
Rossignol philomèle	0.0	0.0	0.0	0.0	0.0	0.0	0.0	0.0	0.0	0.0	0.0	0.0069124	0.0284238	0.0574713	0.1314985	0.1033708	0.0835655	0.0598958	0.0479042	0.0369231	0.0462963	0.0377358	0.013986	0.009434	0.0176991	0.0093458	0.0	0.0105263	0.0068027	0.0	0.0	0.0165746	0.0	0.0015	0.0083333	0.0	0.0	0.0	0.0	0.0	0.0	0.0	0.0	0.0	0.0	0.0	0.0	0.0	
Gorgebleue à miroir	0.0	0.0	0.0	0.0	0.0	0.0	0.0	0.0	0.0043103	0.0170648	0.0589623	0.0483871	0.0180879	0.0	0.0152905	0.0	0.0	0.0	0.0	0.0	0.0	0.0	0.0	0.0	0.0	0.0	0.0	0.0	0.0	0.0	0.0	0.0	0.0	0.0	0.0	0.0	0.0	0.0	0.0071429	0.0	0.0	0.0212766	0.0	0.0	0.0	0.0	0.0	0.0	
Gobemouche nain	0.0	0.0	0.0	0.0	0.0	0.0	0.0043478	0.0	0.0	0.0	0.0	0.0	0.0	0.0	0.0	0.0	0.0	0.0	0.0	0.0	0.0	0.0	0.0	0.0	0.0	0.0	0.0	0.0	0.0	0.0	0.0	0.0	0.0	0.0	0.0	0.0	0.0	0.0	0.0	0.0	0.0	0.0	0.0	0.0	0.0	0.0	0.0	0.0	
Gobemouche à demi-collier	0.0	0.0	0.0	0.0	0.0	0.0	0.0	0.0	0.0	0.0	0.0	0.0	0.0	0.0	0.0030581	0.0	0.0	0.0	0.0	0.0	0.0	0.0	0.0	0.0	0.0	0.0	0.0	0.0	0.0	0.0	0.0	0.0	0.0	0.0	0.0	0.0	0.0	0.0	0.0	0.0	0.0	0.0	0.0	0.0	0.0	0.0	0.0	0.0	
Gobemouche noir	0.0	0.0	0.0	0.0	0.0	0.0	0.0	0.0	0.0	0.0	0.0	0.0023041	0.0077519	0.0862069	0.088685	0.0898876	0.0417827	0.0208333	0.0179641	0.0	0.0	0.0	0.0	0.0	0.0	0.0	0.0	0.0	0.0068027	0.0015	0.0079365	0.0165746	0.0431034	0.0447761	0.0333333	0.0201613	0.0059172	0.0	0.0	0.0	0.0	0.0	0.0	0.0	0.0	0.0	0.0	0.0	
Gobemouche à collier	0.0	0.0	0.0	0.0	0.0	0.0	0.0	0.0	0.0	0.0	0.0	0.0	0.0	0.0057471	0.0030581	0.0022472	0.0	0.0	0.0	0.0	0.0	0.0	0.0	0.0	0.0	0.0	0.0	0.0	0.0	0.0	0.0	0.0	0.0	0.0	0.0	0.0	0.0	0.0	0.0	0.0	0.0	0.0	0.0	0.0	0.0	0.0	0.0	0.0	
Ficedula sp.	0.0	0.0	0.0	0.0	0.0	0.0	0.0	0.0	0.0	0.0	0.0	0.0	0.0	0.0	0.0030581	0.0022472	0.0	0.0	0.0	0.0	0.0	0.004717	0.0	0.0	0.0	0.0	0.0	0.0	0.0	0.0	0.0	0.0	0.0	0.0	0.0	0.0	0.0	0.0	0.0	0.0	0.0	0.0	0.0	0.0	0.0	0.0	0.0	0.0	
Rougequeue à front blanc	0.0	0.0	0.0	0.0	0.0	0.0	0.0	0.0	0.0	0.0341297	0.0495283	0.1428571	0.1111111	0.1896552	0.1712538	0.1685393	0.0501393	0.0442708	0.0628743	0.0738462	0.0509259	0.0566038	0.1048951	0.0330189	0.0442478	0.0280374	0.0080645	0.0157895	0.0204082	0.0392157	0.0	0.038674	0.0172414	0.0522388	0.0416667	0.0282258	0.0015	0.0121951	0.0142857	0.0	0.0	0.0	0.0	0.0	0.0	0.0	0.0	0.0	
Rougequeue noir	0.4471831	0.5103093	0.408805	0.4698276	0.3627451	0.480226	0.3826087	0.4097561	0.4008621	0.3037543	0.3443396	0.2603687	0.0930233	0.0632184	0.0122324	0.0134831	0.0167131	0.0390625	0.0359281	0.0307692	0.0231481	0.0283019	0.041958	0.009434	0.0265487	0.0373832	0.0080645	0.0210526	0.0136054	0.0098039	0.0	0.0110497	0.0258621	0.0149254	0.0166667	0.0120968	0.0236686	0.0792683	0.25	0.3812155	0.4308943	0.4680851	0.5164835	0.4037267	0.4666667	0.4594595	0.5514019	0.4146341	
Monticole de roche	0.0	0.0	0.0	0.0	0.0	0.0	0.0	0.0	0.0	0.0	0.0	0.0	0.0	0.0	0.0015	0.0	0.0	0.0078125	0.005988	0.0215385	0.0138889	0.009434	0.027972	0.004717	0.0	0.0186916	0.0	0.0	0.0068027	0.0	0.0	0.0	0.0	0.0	0.0083333	0.0040323	0.0	0.0	0.0	0.0	0.0	0.0	0.0	0.0	0.0	0.0	0.0	0.0	
Monticole bleu	0.0070423	0.0051546	0.0125786	0.0043103	0.0147059	0.0056497	0.0086957	0.004878	0.0086207	0.0068259	0.009434	0.0069124	0.0077519	0.0114943	0.0061162	0.0022472	0.0027855	0.0078125	0.008982	0.0092308	0.0015	0.0	0.006993	0.004717	0.0	0.0	0.0	0.0052632	0.0015	0.0	0.0	0.0015	0.0	0.0015	0.0083333	0.0015	0.0059172	0.0060976	0.0	0.0	0.0081301	0.0	0.0	0.0186335	0.0095238	0.0067568	0.0	0.0243902	
Tarier des prés	0.0	0.0	0.0	0.0	0.0	0.0	0.0	0.0	0.0	0.0	0.0	0.0069124	0.0103359	0.0718391	0.1192661	0.1460674	0.0529248	0.0208333	0.011976	0.0123077	0.0046296	0.009434	0.013986	0.0	0.0	0.0	0.0	0.0052632	0.0	0.0	0.0	0.0055249	0.0172414	0.0	0.0166667	0.0040323	0.0	0.0060976	0.0	0.0055249	0.0	0.0	0.0	0.0	0.0	0.0	0.0	0.0	
Tarier pâtre	0.0633803	0.1030928	0.0503145	0.0775862	0.0196078	0.0451977	0.0347826	0.1219512	0.1163793	0.1979522	0.1768868	0.0967742	0.0361757	0.0172414	0.0458716	0.0382022	0.0278552	0.03125	0.0329341	0.0553846	0.0324074	0.0188679	0.027972	0.004717	0.0176991	0.0373832	0.0080645	0.0052632	0.0068027	0.0	0.0	0.0110497	0.0172414	0.0	0.025	0.0080645	0.0059172	0.0304878	0.05	0.0497238	0.0650407	0.0744681	0.0549451	0.0310559	0.0761905	0.0743243	0.046729	0.0528455	
Traquet motteux	0.0	0.0	0.0	0.0	0.0	0.0	0.0	0.0	0.0	0.003413	0.0070755	0.0668203	0.0310078	0.1293103	0.1437309	0.1730337	0.1086351	0.0494792	0.0269461	0.0215385	0.0138889	0.009434	0.006993	0.0	0.0	0.0	0.0	0.0	0.0	0.0098039	0.0	0.0055249	0.0258621	0.0149254	0.05	0.0282258	0.0236686	0.0	0.0071429	0.0055249	0.0	0.0	0.0	0.0	0.0	0.0	0.0	0.0	
Traquet oreillard	0.0	0.0	0.0	0.0	0.0	0.0	0.0	0.0	0.0	0.0	0.0	0.0	0.0	0.0015	0.0	0.0	0.0	0.0	0.0	0.0	0.0	0.0	0.0	0.0	0.0	0.0	0.0	0.0	0.0	0.0	0.0	0.0	0.0	0.0	0.0	0.0	0.0	0.0	0.0	0.0	0.0	0.0	0.0	0.0	0.0	0.0	0.0	0.0	
Traquet noir et blanc	0.0	0.0	0.0	0.0	0.0	0.0	0.0	0.0	0.0	0.0	0.0	0.0	0.0	0.0028736	0.0	0.0	0.0	0.0	0.0	0.0	0.0	0.0	0.0	0.0	0.0	0.0	0.0	0.0	0.0	0.0	0.0	0.0	0.0	0.0	0.0	0.0	0.0	0.0	0.0	0.0	0.0	0.0	0.0	0.0	0.0	0.0	0.0	0.0	
Oenanthe sp.	0.0	0.0	0.0	0.0	0.0	0.0	0.0	0.0	0.0	0.0	0.0	0.0	0.0	0.0	0.0030581	0.0	0.0	0.0	0.0	0.0	0.0	0.0	0.0	0.0	0.0	0.0	0.0	0.0	0.0	0.0	0.0	0.0	0.0	0.0	0.0	0.0	0.0	0.0	0.0	0.0	0.0	0.0	0.0	0.0	0.0	0.0	0.0	0.0	
Diamant mandarin	0.0	0.0	0.0	0.0	0.0	0.0	0.0015	0.0	0.0	0.0015	0.0	0.0	0.0	0.0	0.0	0.0	0.0	0.0	0.0	0.0	0.0	0.0	0.0	0.0	0.0	0.0015	0.0	0.0	0.0	0.0	0.0	0.0	0.0	0.0	0.0	0.0	0.0	0.0	0.0	0.0	0.0	0.0	0.0	0.0	0.0	0.0	0.0	0.0	
Capucin bec-de-plomb	0.0015	0.0	0.0	0.0	0.0	0.0	0.0	0.0	0.0	0.0	0.0	0.0	0.0	0.0	0.0	0.0	0.0	0.0	0.0	0.0030769	0.0	0.0	0.0	0.0	0.0	0.0	0.0	0.0	0.0	0.0	0.0	0.0	0.0	0.0	0.0	0.0	0.0	0.0	0.0	0.0015	0.0	0.0212766	0.0015	0.0186335	0.0095238	0.0	0.0	0.0	
Accenteur alpin	0.0	0.0051546	0.0	0.0043103	0.0	0.0	0.0	0.0	0.0	0.0	0.0	0.0	0.0	0.0	0.0	0.0	0.0	0.0	0.0	0.0	0.0	0.0	0.0	0.0	0.0	0.0	0.0	0.0	0.0	0.0	0.0	0.0015	0.0	0.0	0.0	0.0	0.0	0.0	0.0	0.0	0.0	0.0	0.0	0.0	0.0	0.0	0.0	0.0	
Accenteur à gorge noire	0.0	0.0	0.0	0.0	0.0	0.0	0.0	0.0	0.0	0.0	0.0	0.0	0.0	0.0	0.0	0.0	0.0	0.0	0.0	0.0	0.0	0.0	0.0	0.0	0.0	0.0	0.0	0.0	0.0	0.0	0.0	0.0	0.0	0.0	0.0	0.0	0.0	0.0	0.0	0.0	0.0	0.0	0.0	0.0	0.0285714	0.0	0.0	0.0	
Accenteur mouchet	0.193662	0.1546392	0.2389937	0.1939655	0.127451	0.1977401	0.126087	0.1707317	0.0991379	0.0375427	0.0306604	0.0414747	0.0180879	0.0086207	0.0	0.0022472	0.0	0.0026042	0.002994	0.0092308	0.0046296	0.004717	0.006993	0.004717	0.0	0.0	0.0	0.0	0.0	0.0	0.0	0.0	0.0	0.0	0.0166667	0.0120968	0.0059172	0.0365854	0.1285714	0.1712707	0.1382114	0.1914894	0.0989011	0.1614907	0.2380952	0.2297297	0.2616822	0.199187	
Moineau domestique	0.0	0.0	0.0	0.0086207	0.0	0.0056497	0.0015	0.0	0.0	0.0	0.0	0.0	0.0	0.0	0.0	0.0	0.0	0.0	0.0	0.0	0.0	0.0	0.0	0.0	0.0	0.0	0.0	0.0	0.0	0.0	0.0	0.0	0.0	0.0	0.0	0.0	0.0	0.0	0.0	0.0	0.0	0.0	0.0	0.0	0.0	0.0	0.0	0.0015	
Moineau cisalpin	0.1866197	0.2938144	0.1069182	0.1810345	0.1568627	0.259887	0.1695652	0.1804878	0.2413793	0.2559727	0.2877358	0.2626728	0.2093023	0.2787356	0.266055	0.3168539	0.2785515	0.2421875	0.2754491	0.2369231	0.2314815	0.2924528	0.1958042	0.2971698	0.2212389	0.2616822	0.25	0.2263158	0.2380952	0.1862745	0.1111111	0.1381215	0.1637931	0.1567164	0.225	0.2137097	0.1715976	0.1646341	0.3	0.2209945	0.2276423	0.2978723	0.3296703	0.2173913	0.2	0.277027	0.2429907	0.1626016	
Hybride Moineau domestique x M. cisalpin	0.0669014	0.0721649	0.0566038	0.0732759	0.0539216	0.0564972	0.0652174	0.0682927	0.0387931	0.0238908	0.0259434	0.0322581	0.0749354	0.0488506	0.0458716	0.0539326	0.0612813	0.0494792	0.0928144	0.0830769	0.0462963	0.009434	0.027972	0.0141509	0.0015	0.0186916	0.016129	0.0105263	0.0136054	0.0098039	0.0238095	0.0110497	0.0258621	0.0149254	0.0083333	0.0282258	0.0473373	0.054878	0.0357143	0.0220994	0.0325203	0.0638298	0.0549451	0.0434783	0.0095238	0.0405405	0.046729	0.0731707	
Moineau domestique ou M. cisalpin	0.0140845	0.0257732	0.0188679	0.0215517	0.0098039	0.0225989	0.0173913	0.0195122	0.0086207	0.0136519	0.0141509	0.016129	0.0180879	0.0229885	0.0030581	0.0202247	0.0111421	0.0104167	0.005988	0.0061538	0.0324074	0.0330189	0.006993	0.009434	0.0353982	0.0280374	0.016129	0.0105263	0.0136054	0.0098039	0.0	0.0	0.0015	0.0149254	0.0	0.0	0.0015	0.0121951	0.0071429	0.0055249	0.0	0.0	0.0	0.0124224	0.0	0.0	0.0	0.0081301	
Moineau espagnol	0.0	0.0	0.0	0.0	0.0	0.0	0.0	0.0	0.0	0.0	0.0	0.0	0.0	0.0	0.0	0.0	0.0	0.0	0.0	0.0	0.0	0.0	0.0	0.0	0.0	0.0	0.0	0.0	0.0	0.0	0.0	0.0	0.0	0.0	0.0	0.0	0.0	0.0	0.0	0.0055249	0.0	0.0	0.0	0.0	0.0	0.0	0.0	0.0	
Moineau friquet	0.0070423	0.0051546	0.0062893	0.0086207	0.0098039	0.0056497	0.0	0.0097561	0.0043103	0.0	0.004717	0.0	0.0015	0.0172414	0.0	0.0089888	0.0	0.0052083	0.005988	0.0015	0.0	0.0015	0.020979	0.004717	0.0088496	0.0	0.0241935	0.0	0.0	0.0	0.0	0.0055249	0.0	0.0	0.0	0.0040323	0.0	0.0121951	0.0071429	0.0055249	0.0325203	0.0531915	0.0	0.0248447	0.0095238	0.0135135	0.0186916	0.0121951	
Niverolle alpine	0.0	0.0	0.0	0.0	0.0	0.0	0.0	0.004878	0.0	0.0	0.0	0.0	0.0	0.0	0.0	0.0	0.0	0.0	0.0	0.0	0.0	0.0	0.0	0.0	0.0	0.0	0.0	0.0	0.0	0.0	0.0	0.0	0.0	0.0	0.0	0.0	0.0	0.0	0.0	0.0	0.0	0.0	0.0	0.0015	0.0	0.0	0.0	0.0	
Bergeronnette des ruisseaux	0.2288732	0.2886598	0.2767296	0.262931	0.1421569	0.2485876	0.2347826	0.2487805	0.2543103	0.225256	0.1863208	0.1474654	0.0852713	0.1091954	0.0917431	0.1033708	0.0389972	0.0494792	0.0658683	0.0369231	0.0231481	0.0471698	0.0769231	0.0377358	0.0015	0.0280374	0.0483871	0.0578947	0.0544218	0.0784314	0.0555556	0.0773481	0.0689655	0.0895522	0.2333333	0.1854839	0.2248521	0.25	0.2642857	0.2983425	0.3170732	0.2978723	0.2857143	0.2484472	0.2666667	0.3040541	0.1588785	0.3170732	
Bergeronnette printanière	0.0	0.0	0.0	0.0	0.0	0.0	0.0	0.0	0.0043103	0.0204778	0.1179245	0.2073733	0.2377261	0.2758621	0.351682	0.2696629	0.1504178	0.1223958	0.0628743	0.0215385	0.0092593	0.004717	0.0	0.0	0.0088496	0.0	0.0	0.0	0.0	0.0098039	0.0079365	0.0331492	0.0517241	0.0746269	0.0583333	0.0927419	0.0473373	0.0060976	0.0	0.0	0.0	0.0015	0.0	0.0	0.0	0.0	0.0	0.0	
Bergeronnette citrine	0.0	0.0	0.0	0.0	0.0	0.0	0.0	0.0	0.0	0.0	0.0	0.0023041	0.0077519	0.0	0.0	0.0	0.0015	0.0	0.0	0.0	0.0	0.0	0.0	0.0	0.0	0.0	0.0	0.0	0.0	0.0	0.0	0.0	0.0	0.0	0.0	0.0	0.0	0.0	0.0	0.0	0.0	0.0	0.0	0.0	0.0	0.0	0.0	0.0	
Bergeronnette grise	0.471831	0.5463918	0.4025157	0.4525862	0.3333333	0.4915254	0.4478261	0.4634146	0.4956897	0.4505119	0.4976415	0.5115207	0.4418605	0.3965517	0.4036697	0.4359551	0.3704735	0.3203125	0.3742515	0.3353846	0.2083333	0.259434	0.2167832	0.25	0.159292	0.1682243	0.2419355	0.2263158	0.2993197	0.2745098	0.2936508	0.2983425	0.387931	0.2462687	0.3166667	0.3709677	0.3017751	0.347561	0.5071429	0.4143646	0.3333333	0.393617	0.4615385	0.4099379	0.4666667	0.4121622	0.3364486	0.4512195	
bergeronette sp.	0.0	0.0	0.0	0.0	0.0	0.0	0.0	0.0	0.0	0.0068259	0.0	0.0023041	0.0	0.0	0.0	0.0022472	0.0	0.0	0.0	0.0	0.0	0.004717	0.0	0.0	0.0	0.0	0.0015	0.0	0.0	0.0	0.0	0.0	0.0	0.0	0.0	0.0040323	0.0	0.0	0.0	0.0	0.0	0.0	0.0	0.0062112	0.0	0.0	0.0	0.0	
Pipit de Richard	0.0	0.0	0.0	0.0	0.0	0.0	0.0	0.0	0.0	0.0	0.0	0.0	0.0	0.0	0.0	0.0	0.0	0.0	0.0	0.0	0.0	0.0	0.0	0.0	0.0	0.0	0.0	0.0	0.0	0.0	0.0	0.0	0.0	0.0	0.0	0.0	0.0	0.0	0.0	0.0055249	0.0	0.0	0.0	0.0	0.0	0.0	0.0	0.0	
Pipit rousseline	0.0	0.0	0.0	0.0	0.0	0.0	0.0	0.0	0.0	0.0	0.0	0.0	0.0103359	0.0373563	0.0489297	0.0426966	0.0278552	0.0182292	0.011976	0.0061538	0.0092593	0.0	0.013986	0.009434	0.0	0.0093458	0.0	0.0	0.0	0.0	0.0	0.0055249	0.0172414	0.0074627	0.0083333	0.0	0.0	0.0	0.0	0.0	0.0	0.0	0.0	0.0	0.0	0.0	0.0	0.0	
Pipit farlouse	0.0633803	0.1340206	0.081761	0.1077586	0.0833333	0.0960452	0.0782609	0.0487805	0.0732759	0.0750853	0.1108491	0.0852535	0.0826873	0.0574713	0.0152905	0.0067416	0.0	0.0	0.0	0.0	0.0	0.0	0.0	0.0	0.0	0.0	0.0	0.0	0.0	0.0	0.0	0.0	0.0	0.0	0.0083333	0.0	0.0295858	0.0792683	0.1857143	0.1104972	0.0650407	0.1595745	0.0659341	0.0496894	0.0571429	0.1013514	0.0841121	0.0731707	
Pipit des arbres	0.0	0.0	0.0	0.0	0.0	0.0	0.0	0.0	0.0	0.0	0.0023585	0.016129	0.0568475	0.0890805	0.0795107	0.0741573	0.0278552	0.0182292	0.0209581	0.04	0.0324074	0.0424528	0.0559441	0.009434	0.0176991	0.0280374	0.0	0.0015	0.0136054	0.0	0.0	0.0110497	0.0517241	0.0597015	0.0416667	0.0362903	0.0118343	0.0060976	0.0142857	0.0055249	0.0081301	0.0106383	0.0	0.0	0.0	0.0	0.0	0.0	
Pipit à dos olive	0.0	0.0	0.0	0.0	0.0	0.0	0.0	0.0	0.0	0.0	0.0	0.0	0.0	0.0	0.0	0.0	0.0	0.0	0.0	0.0	0.0	0.0	0.0	0.0	0.0	0.0	0.0	0.0	0.0	0.0	0.0	0.0	0.0	0.0	0.0	0.0	0.0	0.0	0.0	0.0	0.0081301	0.0	0.0	0.0	0.0	0.0	0.0	0.0	
Pipit à gorge rousse	0.0	0.0	0.0	0.0	0.0	0.0	0.0	0.0	0.0	0.0	0.0	0.0	0.0	0.0143678	0.0122324	0.0269663	0.0111421	0.0	0.0015	0.0	0.0	0.0	0.0	0.0	0.0	0.0	0.0	0.0	0.0	0.0	0.0	0.0	0.0	0.0	0.0	0.0	0.0015	0.0	0.0	0.0	0.0	0.0	0.0	0.0	0.0	0.0	0.0	0.0	
Pipit spioncelle	0.028169	0.0154639	0.0188679	0.0215517	0.0147059	0.0225989	0.0086957	0.0439024	0.0086207	0.003413	0.004717	0.0138249	0.0103359	0.0057471	0.0061162	0.0	0.0	0.0	0.002994	0.0153846	0.0092593	0.0188679	0.006993	0.0	0.0	0.0	0.0	0.0	0.0	0.0	0.0	0.0	0.0086207	0.0	0.0166667	0.0080645	0.0059172	0.0182927	0.0428571	0.0276243	0.0081301	0.0106383	0.010989	0.0186335	0.0285714	0.0067568	0.0186916	0.0203252	
Anthus sp.	0.0	0.0	0.0062893	0.0	0.0	0.0	0.0	0.0	0.0	0.0	0.0023585	0.0046083	0.0	0.0028736	0.0061162	0.0	0.0	0.0	0.0	0.0	0.0	0.0	0.0	0.0	0.0	0.0	0.0	0.0	0.0	0.0	0.0	0.0	0.0	0.0	0.0	0.0	0.0	0.0	0.0	0.0055249	0.0	0.0106383	0.0	0.0	0.0	0.0	0.0093458	0.0	
Pinson des arbres	0.471831	0.5051546	0.490566	0.5431034	0.4460784	0.519774	0.5043478	0.497561	0.4008621	0.4095563	0.3136792	0.2258065	0.1472868	0.1609195	0.116208	0.1617978	0.1476323	0.1640625	0.1586826	0.1969231	0.212963	0.1792453	0.2377622	0.1650943	0.1238938	0.0747664	0.1290323	0.0421053	0.0136054	0.0294118	0.031746	0.0331492	0.0603448	0.0447761	0.0666667	0.0887097	0.1538462	0.2804878	0.4142857	0.4640884	0.4634146	0.4787234	0.4725275	0.4161491	0.5428571	0.5135135	0.5700935	0.5325203	
Pinson du Nord	0.0176056	0.0206186	0.0377358	0.0215517	0.0098039	0.0225989	0.0130435	0.0097561	0.012931	0.0102389	0.0023585	0.0115207	0.0	0.0028736	0.0	0.0	0.0	0.0	0.0	0.0	0.0	0.0	0.0	0.0	0.0	0.0	0.0	0.0	0.0	0.0	0.0	0.0	0.0	0.0	0.0	0.0	0.0	0.0060976	0.05	0.0552486	0.0162602	0.0531915	0.0	0.0186335	0.0285714	0.0337838	0.0654206	0.0325203	
Grosbec casse-noyaux	0.0492958	0.0515464	0.1069182	0.0948276	0.0441176	0.0338983	0.0304348	0.0536585	0.0387931	0.0307167	0.0165094	0.0460829	0.0129199	0.0057471	0.0030581	0.0	0.0	0.0026042	0.002994	0.0030769	0.0	0.0	0.006993	0.0	0.0	0.0	0.0	0.0	0.0	0.0	0.0	0.0	0.0	0.0	0.0	0.0	0.0	0.0243902	0.0714286	0.0828729	0.0162602	0.0212766	0.010989	0.0062112	0.0190476	0.0202703	0.0560748	0.0569106	
Roselin cramoisi	0.0140845	0.0103093	0.0	0.0	0.0	0.0	0.0	0.0	0.0	0.0	0.0	0.0	0.0	0.0	0.0	0.0	0.0	0.0	0.0	0.0	0.0	0.0	0.0	0.0	0.0	0.0	0.0	0.0	0.0	0.0	0.0	0.0	0.0	0.0	0.0	0.0	0.0	0.0	0.0	0.0055249	0.0	0.0	0.0	0.0	0.0	0.0	0.0093458	0.0	
Bouvreuil pivoine	0.0105634	0.0051546	0.0	0.0	0.004902	0.0	0.0	0.0	0.0	0.003413	0.0023585	0.0	0.0	0.0	0.0061162	0.011236	0.0083565	0.0052083	0.0	0.0	0.0046296	0.009434	0.013986	0.0	0.0	0.0093458	0.0	0.0052632	0.0	0.0	0.0	0.0	0.0	0.0	0.0083333	0.0120968	0.0059172	0.0060976	0.0071429	0.0331492	0.0	0.0106383	0.0	0.0062112	0.0	0.0067568	0.0093458	0.004065	
Roselin githagine	0.0	0.0	0.0	0.0	0.0	0.0	0.0	0.0	0.0	0.0	0.0	0.0	0.0	0.0	0.0	0.0	0.0	0.0	0.0	0.0	0.0	0.0	0.0	0.0	0.0	0.0	0.0	0.0015	0.0	0.0	0.0	0.0	0.0	0.0	0.0	0.0	0.0	0.0	0.0	0.0	0.0	0.0	0.0	0.0	0.0	0.0	0.0	0.0	
Verdier d'Europe	0.1126761	0.1030928	0.1006289	0.1206897	0.127451	0.180791	0.1130435	0.1365854	0.1637931	0.1228669	0.1933962	0.1612903	0.2248062	0.2672414	0.2385321	0.2719101	0.2033426	0.2161458	0.242515	0.1723077	0.1064815	0.0943396	0.0559441	0.0754717	0.079646	0.0560748	0.0725806	0.0526316	0.0272109	0.0294118	0.031746	0.0110497	0.0431034	0.0074627	0.025	0.0241935	0.0177515	0.0853659	0.1714286	0.0939227	0.1056911	0.1170213	0.0769231	0.0186335	0.0952381	0.1081081	0.0841121	0.1097561	
Linotte mélodieuse	0.0070423	0.0257732	0.0	0.0215517	0.0	0.0056497	0.0130435	0.004878	0.012931	0.0238908	0.0424528	0.0345622	0.0361757	0.0344828	0.0489297	0.0539326	0.005571	0.0052083	0.005988	0.0184615	0.0092593	0.0188679	0.013986	0.004717	0.0	0.0280374	0.0	0.0	0.0	0.0	0.0	0.0	0.0	0.0	0.0083333	0.0080645	0.0177515	0.0304878	0.0642857	0.0939227	0.0406504	0.0531915	0.010989	0.0124224	0.0285714	0.0	0.0	0.004065	
Sizerin flammé	0.0	0.0	0.0	0.0	0.0	0.0	0.0	0.0	0.0	0.0	0.0	0.0	0.0	0.0	0.0	0.0	0.0	0.0	0.0	0.0	0.0	0.0	0.0	0.0	0.0	0.0	0.0	0.0	0.0	0.0	0.0	0.0	0.0	0.0	0.0	0.0	0.0	0.0	0.0	0.0	0.0	0.0	0.0	0.0	0.0	0.0	0.0	0.0015	
Bec-croisé des sapins	0.0070423	0.0	0.0	0.0	0.004902	0.0169492	0.0	0.0146341	0.0086207	0.0	0.0	0.0	0.0	0.0015	0.0	0.0022472	0.0027855	0.0052083	0.005988	0.0123077	0.0046296	0.004717	0.006993	0.0	0.0	0.0	0.0	0.0052632	0.0	0.0	0.0	0.0	0.0	0.0	0.0083333	0.0201613	0.0118343	0.0121951	0.0142857	0.0552486	0.0	0.0212766	0.0	0.0124224	0.0	0.0	0.0	0.0121951	
Chardonneret élégant	0.193662	0.2319588	0.1698113	0.2672414	0.2107843	0.220339	0.2478261	0.2780488	0.2844828	0.2491468	0.2735849	0.2788018	0.3229974	0.3045977	0.3211009	0.3438202	0.2785515	0.2291667	0.2784431	0.2523077	0.1666667	0.1933962	0.1538462	0.0943396	0.1150442	0.1588785	0.1612903	0.1210526	0.1496599	0.127451	0.1269841	0.1160221	0.112069	0.1343284	0.175	0.1370968	0.1420118	0.1585366	0.2642857	0.2541436	0.1626016	0.1914894	0.1868132	0.173913	0.2761905	0.1959459	0.1775701	0.199187	
Venturon montagnard	0.0035211	0.0103093	0.0	0.0086207	0.0	0.0	0.0	0.0	0.0	0.0	0.0	0.0	0.0	0.0	0.0	0.0	0.0	0.0	0.0	0.0	0.0	0.0	0.0	0.0	0.0	0.0	0.0	0.0	0.0	0.0	0.0	0.0	0.0	0.0	0.0083333	0.0	0.0	0.0	0.0	0.0	0.0	0.0	0.0	0.0	0.0	0.0	0.0	0.0	
Serin cini	0.1338028	0.128866	0.1006289	0.1681034	0.1617647	0.1920904	0.2130435	0.2536585	0.262931	0.2730375	0.3231132	0.3571429	0.4366925	0.4166667	0.3547401	0.4539326	0.4261838	0.3619792	0.4610778	0.36	0.2777778	0.240566	0.1818182	0.2075472	0.1150442	0.1588785	0.1451613	0.1	0.1020408	0.0980392	0.0634921	0.0441989	0.0517241	0.0522388	0.1083333	0.125	0.1360947	0.1402439	0.25	0.198895	0.1707317	0.2340426	0.1208791	0.1304348	0.1428571	0.1283784	0.0747664	0.1300813	
Tarin des aulnes	0.0809859	0.0670103	0.0943396	0.0818966	0.0490196	0.0508475	0.0521739	0.0780488	0.0560345	0.0614334	0.0707547	0.0645161	0.0310078	0.0201149	0.0030581	0.0044944	0.0027855	0.0	0.0	0.0	0.0	0.0	0.0	0.0	0.0	0.0	0.0	0.0	0.0	0.0	0.0	0.0055249	0.0	0.0	0.0083333	0.0282258	0.0710059	0.152439	0.2428571	0.2596685	0.1869919	0.2659574	0.1208791	0.0559006	0.0571429	0.0945946	0.1028037	0.0691057	
fringillidé sp.	0.0	0.0	0.0	0.0043103	0.0	0.0	0.0	0.0	0.0	0.0	0.0	0.0	0.0	0.0	0.0	0.0	0.0	0.0	0.0	0.0	0.0	0.0	0.0	0.0	0.0	0.0	0.0	0.0	0.0	0.0	0.0	0.0	0.0	0.0	0.0	0.0	0.0	0.0	0.0	0.0	0.0	0.0	0.010989	0.0	0.0	0.0	0.0	0.0	
Bruant lapon	0.0	0.0	0.0	0.0	0.0	0.0	0.0	0.0	0.0	0.0	0.0	0.0	0.0	0.0028736	0.0	0.0	0.0	0.0	0.0	0.0	0.0	0.0	0.0	0.0	0.0	0.0	0.0	0.0	0.0	0.0	0.0	0.0	0.0	0.0	0.0	0.0	0.0	0.0	0.0	0.0	0.0	0.0	0.0	0.0	0.0	0.0	0.0	0.0	
Bruant mélanocéphale	0.0	0.0	0.0	0.0	0.0	0.0	0.0	0.0	0.0	0.0	0.0	0.0	0.0	0.0	0.0	0.0	0.0	0.0	0.0209581	0.0092308	0.0	0.0	0.0	0.0	0.0	0.0	0.0	0.0	0.0	0.0	0.0	0.0	0.0	0.0	0.0	0.0	0.0	0.0	0.0	0.0	0.0	0.0	0.0	0.0	0.0	0.0	0.0	0.0	
Bruant proyer	0.0	0.0051546	0.0	0.0	0.0	0.0	0.0	0.004878	0.0043103	0.0102389	0.009434	0.0184332	0.0258398	0.0344828	0.0703364	0.0382022	0.0222841	0.0182292	0.0149701	0.0123077	0.0138889	0.004717	0.006993	0.0	0.0	0.0	0.0	0.0	0.0	0.0	0.0	0.0055249	0.0	0.0	0.0	0.0	0.0	0.0015	0.0142857	0.0055249	0.0	0.0106383	0.0	0.0	0.0	0.0135135	0.0	0.0	
Bruant fou	0.0105634	0.0103093	0.0188679	0.0	0.0196078	0.0	0.0173913	0.0146341	0.0086207	0.003413	0.0070755	0.0023041	0.0	0.0	0.0015	0.0	0.0015	0.0	0.005988	0.0092308	0.0185185	0.004717	0.006993	0.004717	0.0	0.0093458	0.0080645	0.0105263	0.0	0.0	0.0	0.0	0.0172414	0.0	0.0083333	0.0	0.0059172	0.0060976	0.0142857	0.0055249	0.0	0.0106383	0.010989	0.0	0.0285714	0.0135135	0.0	0.004065	
Bruant zizi	0.0246479	0.0309278	0.0251572	0.0344828	0.0147059	0.0056497	0.026087	0.0292683	0.0517241	0.0443686	0.0660377	0.0115207	0.0155039	0.0114943	0.0183486	0.0382022	0.0111421	0.0234375	0.0359281	0.04	0.0092593	0.0141509	0.048951	0.0330189	0.0088496	0.0	0.0	0.0105263	0.0	0.0	0.0015	0.0	0.0086207	0.0	0.0	0.0	0.0	0.0243902	0.0142857	0.0441989	0.0406504	0.0212766	0.0	0.0062112	0.0380952	0.0202703	0.0	0.0203252	
Bruant jaune	0.0	0.0	0.0	0.0	0.0	0.0	0.0	0.0	0.0043103	0.0	0.0	0.0	0.002584	0.0	0.0	0.0044944	0.0	0.0026042	0.0	0.0061538	0.0	0.009434	0.020979	0.0015	0.0	0.0	0.0	0.0	0.0	0.0	0.0	0.0	0.0	0.0	0.0083333	0.0040323	0.0059172	0.0	0.0	0.0055249	0.0	0.0	0.0	0.0062112	0.0	0.0	0.0	0.0	
Bruant ortolan	0.0	0.0	0.0	0.0	0.0	0.0	0.0	0.0	0.0	0.0	0.0	0.0	0.002584	0.0	0.0030581	0.0022472	0.005571	0.0026042	0.0	0.0	0.0	0.0	0.0	0.0	0.0	0.0	0.0	0.0	0.0	0.0	0.0	0.0	0.0	0.0	0.0	0.0	0.0	0.0	0.0	0.0	0.0	0.0	0.0	0.0	0.0	0.0	0.0	0.0	
Bruant des roseaux	0.0387324	0.0412371	0.0188679	0.012931	0.0196078	0.0112994	0.0434783	0.0341463	0.0474138	0.0409556	0.0353774	0.016129	0.005168	0.0028736	0.0	0.0	0.0	0.0	0.0	0.0	0.0	0.0	0.0	0.0	0.0	0.0	0.0	0.0	0.0	0.0	0.0	0.0	0.0	0.0	0.0	0.0	0.0	0.0060976	0.1428571	0.0662983	0.0650407	0.1702128	0.032967	0.0372671	0.0857143	0.0405405	0.0280374	0.0325203	
Bruant nain	0.0	0.0	0.0	0.0	0.0	0.0	0.0	0.0	0.0	0.0	0.0	0.0	0.0	0.0	0.0	0.0	0.0	0.0	0.0	0.0	0.0	0.0	0.0	0.0	0.0	0.0	0.0	0.0	0.0	0.0	0.0	0.0	0.0	0.0	0.0	0.0	0.0	0.0	0.0	0.0	0.0	0.0	0.0	0.0	0.0	0.0	0.0	0.0015	
Bruant rustique	0.0	0.0	0.0	0.0	0.0	0.0	0.0	0.0	0.0	0.0	0.0	0.0	0.0	0.0	0.0	0.0	0.0	0.0	0.0	0.0	0.0	0.0	0.0	0.0	0.0	0.0	0.0	0.0	0.0	0.0	0.0	0.0	0.0	0.0	0.0	0.0	0.0	0.0	0.0071429	0.0	0.0	0.0	0.0	0.0	0.0	0.0	0.0	0.0	
Emberiza sp.	0.0	0.0	0.0	0.0	0.0	0.0	0.0	0.0	0.0	0.0	0.0	0.0	0.0	0.0	0.0	0.0	0.0	0.0	0.0	0.0	0.0	0.0	0.0	0.0	0.0	0.0	0.0	0.0	0.0	0.0098039	0.0	0.0	0.0	0.0	0.0	0.0	0.0	0.0	0.0	0.0	0.0	0.0	0.0	0.0	0.0	0.0	0.0	0.0	
passereau sp.	0.0	0.0	0.0	0.0	0.0	0.0056497	0.0	0.0	0.0	0.003413	0.0023585	0.0046083	0.002584	0.0	0.0030581	0.0022472	0.0027855	0.0	0.0	0.0	0.0	0.0	0.0	0.0	0.0265487	0.0	0.0	0.0052632	0.0	0.0196078	0.015873	0.0055249	0.0086207	0.0149254	0.0	0.0	0.0	0.0	0.0	0.0	0.0	0.0	0.0	0.0	0.0	0.0	0.0	0.0	
oiseau sp.	0.0	0.0	0.0	0.0	0.0	0.0	0.0	0.0	0.0	0.0	0.0023585	0.0023041	0.002584	0.0	0.0	0.0022472	0.0	0.0015	0.0	0.0	0.0	0.0	0.0	0.0	0.0	0.0	0.0	0.0	0.0	0.0098039	0.0	0.0	0.0	0.0	0.0	0.0	0.0	0.0	0.0	0.0055249	0.0	0.0	0.0	0.0	0.0	0.0	0.0	0.0	

