









Frequency of observations in the selected location(s).:
Number of taxa: 	380

	Jan				Feb				Mar				Apr				May				Jun				Jul				Aug				Sep				Oct				Nov				Dec				
Sample Size:	508.0	490.0	431.0	691.0	464.0	454.0	540.0	455.0	396.0	479.0	474.0	753.0	754.0	756.0	724.0	1155.0	545.0	649.0	683.0	1228.0	442.0	459.0	393.0	474.0	323.0	392.0	259.0	479.0	290.0	330.0	396.0	525.0	334.0	375.0	302.0	405.0	354.0	352.0	264.0	400.0	271.0	297.0	274.0	382.0	306.0	296.0	300.0	590.0	

Oie cendrée	0.0275591	0.0571429	0.037123	0.0434153	0.0581897	0.0352423	0.05	0.0637363	0.030303	0.0563674	0.0654008	0.0345286	0.0212202	0.026455	0.0276243	0.0277056	0.0201835	0.0154083	0.0161054	0.0081433	0.0271493	0.0174292	0.0152672	0.0147679	0.0216718	0.0204082	0.027027	0.0167015	0.0413793	0.0272727	0.0429293	0.0285714	0.0269461	0.016	0.0198675	0.017284	0.0141243	0.0255682	0.0454545	0.0225	0.0442804	0.043771	0.0474453	0.0549738	0.0457516	0.0574324	0.06	0.0474576	
Oie cygnoïde	0.0	0.0	0.0	0.0057887	0.0021552	0.0	0.0	0.0	0.0025253	0.0	0.0021097	0.0	0.0013263	0.0	0.0027624	8.658E-4	0.0	0.0	0.0	8.143E-4	0.0	0.0	0.0025445	0.0	0.0	0.0	0.003861	0.0	0.0	0.0	0.0025253	0.0	0.005988	0.0026667	0.0033113	0.0049383	0.0056497	0.0028409	0.0	0.0025	0.0	0.0	0.0	0.0	0.0	0.0	0.0	0.0	
Oie rieuse	0.003937	0.0	0.0	0.0	0.0	0.0	0.0018519	0.0021978	0.0025253	0.0	0.0	0.0	0.0	0.0	0.0	0.0	0.0	0.0	0.0	0.0	0.0	0.0	0.0	0.0	0.0	0.0	0.0	0.0	0.0	0.0	0.0	0.0	0.0	0.0	0.0	0.0	0.0	0.0	0.0	0.0	0.0	0.0	0.0	0.0	0.0	0.0	0.0033333	0.0	
Oie à bec court	0.0	0.0	0.0	0.0	0.0	0.0	0.0	0.0	0.0	0.0	0.0	0.0	0.0	0.0	0.0	0.0	0.0	0.0	0.0	0.0	0.0	0.0	0.0	0.0	0.0	0.0	0.0	0.0	0.0	0.0	0.0	0.0	0.0	0.0	0.0	0.0	0.0	0.0	0.0	0.0	0.0	0.0	0.0	0.0052356	0.0	0.0	0.0	0.0	
Anser sp. (forme domestique)	0.0	0.0	0.0	0.0	0.0	0.0	0.0	0.0	0.0	0.0	0.0	0.0	0.0	0.0	0.0	0.0	0.0	0.0	0.0	0.0	0.0	0.0021786	0.0	0.0	0.0	0.0	0.0	0.0	0.0	0.0	0.0	0.0	0.0	0.0	0.0	0.0	0.0	0.0	0.0	0.0	0.0	0.0	0.0	0.0	0.0	0.0	0.0	0.0	
Bernache du Canada	0.0	0.0	0.0	0.0	0.0021552	0.0	0.0	0.0	0.0	0.0	0.0	0.0	0.0	0.0	0.0	0.0	0.0	0.0	0.0	0.0	0.0	0.0	0.0	0.0	0.0	0.0	0.0	0.0	0.0	0.0	0.0	0.0	0.0	0.0	0.0	0.0049383	0.0015	0.0	0.0	0.0025	0.0	0.0	0.0	0.0	0.0	0.0	0.0	0.0	
Hybride Oie cendrée x Bernache du Canada	0.0	0.0	0.0	0.0014472	0.0	0.0	0.0	0.0	0.0025253	0.0	0.0015	0.0	0.0	0.0	0.0	8.658E-4	0.0	0.0	0.0	0.0	0.0022624	0.0	0.0	0.0	0.0	0.0	0.0	0.0	0.0	0.0030303	0.0050505	0.0	0.0	0.0026667	0.0	0.0	0.0	0.0	0.0	0.0	0.0	0.0	0.0	0.0026178	0.0	0.0033784	0.0	0.0	
Cygne tuberculé	0.019685	0.0142857	0.0139211	0.0057887	0.012931	0.0154185	0.0092593	0.0021978	0.0050505	0.0041754	0.0147679	0.0185923	0.0092838	0.0	0.0041436	0.0017316	0.0073394	0.0154083	0.0131772	0.0040717	0.0067873	0.0087146	0.0152672	0.0042194	0.006192	0.0076531	0.019305	0.0015	0.0	0.0060606	0.0176768	0.007619	0.011976	0.0053333	0.0165563	0.017284	0.0141243	0.0198864	0.0113636	0.01	0.00369	0.0015	0.0109489	0.0078534	0.0	0.0135135	0.0066667	0.0084746	
Cygne noir	0.007874	0.0040816	0.0023202	0.0	0.0086207	0.0088106	0.0055556	0.0	0.0	0.0020877	0.0021097	0.0	0.0026525	0.0026455	0.0013812	0.0017316	0.0018349	0.0046225	0.0058565	0.0057003	0.0067873	0.0021786	0.0076336	0.0021097	0.003096	0.0076531	0.003861	0.0015	0.0	0.0060606	0.0025253	0.0114286	0.008982	0.0106667	0.0066225	0.0098765	0.0084746	0.0056818	0.0075758	0.0075	0.0	0.0	0.0072993	0.0078534	0.0065359	0.0	0.0066667	0.0101695	
cygne sp.	0.0	0.0	0.0	0.0	0.0	0.0	0.0	0.0	0.0	0.0	0.0015	0.0	0.0	0.0	0.0	0.0	0.0	0.0	0.0	0.0	0.0	0.0	0.0	0.0	0.0	0.0	0.0	0.0	0.0	0.0	0.0	0.0	0.0	0.0	0.0	0.0	0.0	0.0	0.0	0.0	0.0	0.0	0.0	0.0	0.0	0.0	0.0	0.0	
Ouette d'Égypte	0.0590551	0.0734694	0.0696056	0.0477569	0.0797414	0.0682819	0.0703704	0.0681319	0.0681818	0.0814196	0.0949367	0.0438247	0.0331565	0.042328	0.0359116	0.038961	0.0477064	0.0385208	0.0497804	0.0228013	0.0248869	0.0348584	0.0381679	0.0253165	0.0185759	0.0433673	0.046332	0.0271399	0.0275862	0.0242424	0.0227273	0.0190476	0.0179641	0.0293333	0.0264901	0.0246914	0.0141243	0.0284091	0.0227273	0.0275	0.0184502	0.03367	0.0474453	0.052356	0.0588235	0.0777027	0.0533333	0.059322	
Tadorne casarca	0.0019685	0.0015	0.0023202	0.0028944	0.0021552	0.0044053	0.0111111	0.0021978	0.0075758	0.0	0.0084388	0.0	0.0013263	0.0026455	0.0	8.658E-4	0.0	0.0015408	0.0	0.0	0.0	0.0	0.0	0.0	0.0	0.0	0.0	0.0	0.0	0.0	0.0	0.0	0.0	0.0	0.0	0.0	0.0	0.0	0.0	0.0	0.0	0.0	0.0	0.0	0.003268	0.0101351	0.0	0.0033898	
Tadorne à tête grise	0.0	0.0	0.0	0.0	0.0	0.0	0.0	0.0	0.0	0.0	0.0	0.0	0.0	0.0	0.0	0.0	0.0	0.0	0.0014641	0.0	0.0	0.0	0.0	0.0	0.0	0.0	0.0	0.0	0.0	0.0	0.0	0.0	0.0	0.0	0.0	0.0	0.0	0.0	0.0	0.0	0.0	0.0	0.0	0.0	0.0	0.0	0.0	0.0	
Tadorne d'Australie	0.0	0.0	0.0	0.0	0.0	0.0	0.0	0.0	0.0	0.0	0.0	0.0	0.0	0.0	0.0	0.0	0.0	0.0	0.0	0.0	0.0	0.0	0.0	0.0021097	0.0	0.0	0.0	0.0	0.0	0.0	0.0	0.0	0.0	0.0	0.0	0.0	0.0	0.0	0.0	0.0	0.0	0.0	0.0	0.0	0.0	0.0	0.0	0.0	
Tadorne de Belon	0.011811	0.0163265	0.0139211	0.0173661	0.0237069	0.0132159	0.0166667	0.0131868	0.0252525	0.0250522	0.0253165	0.0159363	0.0172414	0.021164	0.0234807	0.0251082	0.0238532	0.0308166	0.0322108	0.009772	0.0294118	0.0261438	0.0229008	0.035865	0.0402477	0.0433673	0.0617761	0.0354906	0.0172414	0.0272727	0.0176768	0.0247619	0.005988	0.008	0.0066225	0.0049383	0.0028249	0.0113636	0.0075758	0.0	0.0	0.006734	0.0145985	0.0104712	0.003268	0.027027	0.0433333	0.020339	
Canard musqué	0.0452756	0.0346939	0.0208817	0.0144718	0.0280172	0.0154185	0.0277778	0.021978	0.0277778	0.0229645	0.0126582	0.0252324	0.0159151	0.0145503	0.0138122	0.0069264	0.0110092	0.0123267	0.0175695	0.0130293	0.0045249	0.0152505	0.0178117	0.0168776	0.0123839	0.0178571	0.023166	0.0167015	0.0310345	0.0242424	0.0252525	0.0285714	0.0209581	0.0213333	0.0397351	0.0148148	0.0338983	0.0255682	0.0151515	0.025	0.0147601	0.020202	0.0255474	0.013089	0.0130719	0.0135135	0.0233333	0.0288136	
Canard carolin	0.0	0.0	0.0	0.0	0.0	0.0	0.0	0.0	0.0	0.0	0.0	0.0	0.0	0.0	0.0	0.0	0.0015	0.0	0.0	0.0	0.0	0.0	0.0	0.0	0.0	0.0	0.0	0.0	0.0	0.0	0.0	0.0	0.0	0.0	0.0	0.0	0.0	0.0	0.0	0.0	0.0	0.0	0.0	0.0	0.0	0.0	0.0	0.0	
Canard mandarin	0.011811	0.0102041	0.0069606	0.0057887	0.0064655	0.0088106	0.012963	0.0065934	0.0050505	0.0020877	0.0021097	0.0132802	0.0066313	0.0039683	0.0027624	0.0017316	0.0036697	0.0061633	0.0087848	0.002443	0.0045249	0.0	0.0152672	0.0042194	0.0	0.002551	0.003861	0.0	0.0034483	0.0030303	0.010101	0.0019048	0.005988	0.0026667	0.013245	0.0098765	0.0141243	0.0085227	0.0037879	0.01	0.00369	0.003367	0.0	0.0078534	0.003268	0.0067568	0.0033333	0.0084746	
Sarcelle d'été	0.0019685	0.0061224	0.0	0.0	0.0043103	0.0	0.0	0.0	0.0025253	0.0020877	0.0063291	0.002656	0.0	0.0039683	0.0027624	0.0	0.0	0.0	0.0029283	8.143E-4	0.0	0.0	0.0	0.0	0.0	0.0	0.0	0.0	0.0034483	0.0030303	0.0050505	0.0	0.002994	0.0	0.0	0.0	0.0056497	0.0	0.0	0.0025	0.0	0.0	0.0	0.0	0.0	0.0033784	0.0033333	0.0033898	
Sarcelle à ailes bleues	0.0	0.0	0.0	0.0	0.0043103	0.0	0.0	0.0	0.0	0.0	0.0	0.0	0.0	0.0	0.0	0.0	0.0	0.0	0.0	0.0	0.0	0.0	0.0	0.0	0.0	0.0	0.0	0.0	0.0	0.0	0.0	0.0	0.0	0.0	0.0	0.0	0.0	0.0	0.0	0.0	0.0	0.0	0.0	0.0	0.0	0.0	0.0	0.0	
Canard souchet	0.0649606	0.0469388	0.0580046	0.0578871	0.0775862	0.061674	0.0685185	0.0747253	0.0606061	0.0563674	0.0421941	0.0239044	0.0132626	0.0171958	0.0110497	0.0121212	0.0146789	0.009245	0.0029283	8.143E-4	0.0045249	0.0043573	0.0025445	0.0	0.003096	0.002551	0.003861	0.0041754	0.0137931	0.0212121	0.030303	0.0761905	0.0658683	0.0533333	0.0562914	0.0493827	0.079096	0.0795455	0.0795455	0.08	0.0369004	0.0606061	0.0912409	0.078534	0.0718954	0.0641892	0.09	0.0847458	
Canard chipeau	0.0452756	0.0346939	0.0324826	0.024602	0.0560345	0.030837	0.0388889	0.0549451	0.0328283	0.045929	0.0443038	0.0305445	0.0145889	0.0238095	0.019337	0.0181818	0.0366972	0.0123267	0.0307467	0.0057003	0.0158371	0.0108932	0.0305344	0.0105485	0.0154799	0.0204082	0.046332	0.0187891	0.0241379	0.0212121	0.0277778	0.0209524	0.0269461	0.0266667	0.0264901	0.0123457	0.0141243	0.0227273	0.0151515	0.015	0.0110701	0.020202	0.0291971	0.0235602	0.0555556	0.0439189	0.0466667	0.040678	
Canard siffleur	0.0295276	0.0387755	0.025522	0.0217077	0.0237069	0.0242291	0.0222222	0.032967	0.0227273	0.0146138	0.0084388	0.0039841	0.0	0.0	0.0027624	0.0017316	0.0	0.0	0.0	0.0	0.0	0.0015	0.0	0.0	0.0	0.0	0.0	0.0	0.0	0.0	0.0	0.0	0.0	0.0	0.0	0.0	0.0056497	0.0056818	0.0151515	0.005	0.0073801	0.013468	0.0255474	0.0104712	0.0098039	0.0236486	0.02	0.0338983	
Canard à front blanc	0.0	0.0	0.0023202	0.0	0.0	0.0	0.0	0.0	0.0	0.0	0.0	0.0	0.0	0.0	0.0	0.0	0.0	0.0	0.0	0.0	0.0	0.0	0.0	0.0	0.0	0.0	0.0	0.0	0.0	0.0	0.0	0.0	0.0	0.0	0.0	0.0	0.0	0.0	0.0	0.0	0.0	0.0	0.0	0.0	0.0	0.0015	0.0066667	0.0016949	
Canard colvert	0.226378	0.255102	0.2157773	0.260492	0.3017241	0.2378855	0.3111111	0.3274725	0.3106061	0.3194154	0.3248945	0.313413	0.2320955	0.2420635	0.2361878	0.2069264	0.266055	0.2342065	0.2371889	0.1319218	0.1945701	0.2091503	0.2137405	0.2046414	0.1919505	0.2142857	0.2316602	0.2463466	0.2724138	0.2939394	0.290404	0.2685714	0.260479	0.2186667	0.2549669	0.2098765	0.2824859	0.25	0.2424242	0.22	0.1918819	0.1313131	0.2007299	0.1727749	0.1601307	0.1756757	0.2266667	0.2101695	
Hybride Canard musqué x C. colvert	0.011811	0.0081633	0.0092807	0.0014472	0.0086207	0.0110132	0.0018519	0.0087912	0.0050505	0.0020877	0.0021097	0.0092961	0.0092838	0.005291	0.0013812	0.0025974	0.0018349	0.0061633	0.0058565	0.002443	0.0045249	0.0043573	0.0076336	0.0105485	0.0	0.0015	0.0	0.006263	0.0	0.0060606	0.0050505	0.0057143	0.0149701	0.008	0.0165563	0.0074074	0.0056497	0.0113636	0.0075758	0.01	0.00369	0.0015	0.0072993	0.0078534	0.003268	0.0101351	0.0	0.0101695	
Canard des Bahamas	0.0	0.0	0.0	0.0	0.0	0.0	0.0	0.0	0.0	0.0	0.0	0.0	0.0	0.0	0.0	0.0	0.0	0.0	0.0	8.143E-4	0.0	0.0	0.0	0.0	0.0	0.0	0.0	0.0	0.0034483	0.0	0.0	0.0019048	0.0	0.0	0.0	0.0	0.0	0.0	0.0	0.0	0.0	0.0	0.0	0.0	0.0	0.0	0.0	0.0	
Canard pilet	0.0492126	0.0387755	0.0440835	0.040521	0.049569	0.0396476	0.0407407	0.0483516	0.0328283	0.0271399	0.0274262	0.0146082	0.0026525	0.0145503	0.0069061	0.0069264	0.0	0.0077042	0.0043924	0.0	0.0022624	0.0	0.0	0.0	0.003096	0.0	0.0	0.0	0.0	0.0	0.0	0.0038095	0.008982	0.008	0.0099338	0.0148148	0.0141243	0.0113636	0.0340909	0.0225	0.0184502	0.026936	0.0364964	0.0418848	0.0196078	0.0608108	0.0533333	0.059322	
Sarcelle d'hiver	0.0472441	0.0530612	0.0487239	0.0506512	0.0560345	0.0396476	0.0425926	0.0593407	0.0454545	0.039666	0.0274262	0.0199203	0.0026525	0.0119048	0.0069061	0.0017316	0.0	0.0	0.0	0.0	0.0	0.0	0.0025445	0.0021097	0.0	0.002551	0.011583	0.0041754	0.0068966	0.0121212	0.0151515	0.0171429	0.0179641	0.0213333	0.0298013	0.0148148	0.0338983	0.0227273	0.0340909	0.035	0.0258303	0.026936	0.0583942	0.0497382	0.0522876	0.0743243	0.0766667	0.0627119	
Sarcelle d'été ou S. d'hiver	0.0	0.0	0.0	0.0	0.0	0.0	0.0	0.0	0.0025253	0.0	0.0	0.0	0.0	0.0	0.0	0.0	0.0	0.0015408	0.0	0.0	0.0	0.0	0.0	0.0	0.0	0.0	0.003861	0.0	0.0	0.0	0.0	0.0	0.0	0.0	0.0	0.0	0.0	0.0	0.0	0.0	0.0	0.0	0.0	0.0	0.0	0.0	0.0	0.0	
Anas sp.	0.0	0.0	0.0	0.0	0.0	0.0	0.0	0.0	0.0	0.0	0.0	0.0	0.0	0.0	0.0	0.0	0.0	0.0	0.0	0.0	0.0	0.0	0.0	0.0	0.0	0.0	0.0	0.0	0.0	0.0	0.0	0.0	0.0	0.0	0.0	0.0	0.0	0.0028409	0.0037879	0.0	0.0	0.0	0.0	0.0	0.0	0.0	0.0	0.0	
anatidé sp. (canard barboteur sp.)	0.0	0.0020408	0.0	0.0014472	0.0021552	0.0	0.0	0.0	0.0	0.0	0.0	0.0	0.0	0.0	0.0	0.0	0.0	0.0	0.0	0.0	0.0	0.0	0.0025445	0.0	0.0	0.0	0.0	0.0041754	0.0	0.0030303	0.0	0.0	0.0	0.0	0.0	0.0	0.0	0.0	0.0	0.0	0.0	0.003367	0.0036496	0.0	0.003268	0.0	0.0	0.0	
Sarcelle marbrée	0.0	0.0	0.0	0.0	0.0	0.0	0.0	0.0	0.0	0.0	0.0	0.0	0.0	0.0	0.0	0.0	0.0	0.0	0.0058565	0.0	0.0022624	0.0021786	0.0	0.0	0.0	0.0	0.007722	0.0125261	0.0206897	0.0060606	0.0	0.0	0.005988	0.0053333	0.0	0.0	0.0	0.0	0.0	0.0	0.0	0.0	0.0	0.0	0.0	0.0	0.0	0.0	
Nette rousse	0.0019685	0.0020408	0.0023202	0.0115774	0.0043103	0.0	0.0074074	0.0065934	0.0126263	0.0083507	0.0105485	0.0066401	0.0039788	0.010582	0.0041436	0.0069264	0.0091743	0.0107858	0.0058565	0.002443	0.0067873	0.0087146	0.0025445	0.0063291	0.006192	0.0127551	0.015444	0.0041754	0.0034483	0.0060606	0.0176768	0.0019048	0.0	0.0	0.0	0.0	0.0028249	0.0	0.0	0.0	0.0	0.0	0.0072993	0.0026178	0.0	0.0	0.0033333	0.0033898	
Fuligule milouin	0.0314961	0.0265306	0.0301624	0.015919	0.0258621	0.0286344	0.0296296	0.0417582	0.020202	0.0313152	0.0232068	0.0225764	0.0212202	0.0238095	0.0248619	0.0225108	0.0385321	0.0169492	0.0292826	0.0114007	0.020362	0.0174292	0.0101781	0.0021097	0.003096	0.0153061	0.019305	0.0041754	0.0068966	0.0090909	0.0	0.0038095	0.002994	0.0	0.0	0.0049383	0.0028249	0.0056818	0.0151515	0.0225	0.0110701	0.006734	0.0109489	0.0235602	0.0163399	0.027027	0.0233333	0.0288136	
Fuligule à bec cerclé	0.0	0.0	0.0	0.0014472	0.0	0.0	0.0	0.0	0.0050505	0.0041754	0.0	0.001328	0.0	0.0013228	0.0027624	0.0017316	0.0018349	0.0	0.0	0.0	0.0045249	0.0	0.0	0.0	0.0	0.0	0.0	0.0	0.0	0.0	0.0	0.0	0.0	0.0	0.0	0.0	0.0	0.0	0.0	0.0	0.0	0.0	0.0	0.0	0.0	0.0033784	0.0066667	0.0016949	
Fuligule nyroca	0.003937	0.0040816	0.0069606	0.0014472	0.0	0.0022026	0.0	0.0	0.0	0.0	0.0021097	0.0	0.0	0.0	0.0	8.658E-4	0.0018349	0.0046225	0.0058565	8.143E-4	0.0	0.0	0.0	0.0	0.0	0.002551	0.003861	0.0	0.0	0.0	0.0	0.0	0.0	0.0	0.0	0.0	0.0	0.0	0.0	0.01	0.0	0.003367	0.0	0.0026178	0.0	0.0067568	0.0066667	0.0067797	
Fuligule morillon	0.0	0.0	0.0	0.0028944	0.0043103	0.0022026	0.0055556	0.0043956	0.0050505	0.0083507	0.0	0.0	0.0	0.0	0.0	0.0	0.0	0.0	0.0	0.0	0.0	0.0	0.0025445	0.0	0.0	0.0	0.0	0.0	0.0	0.0	0.0	0.0	0.0	0.0	0.0	0.0	0.0	0.0	0.0075758	0.005	0.0	0.0	0.0072993	0.0078534	0.0130719	0.0101351	0.0033333	0.0050847	
Fuligule milouinan	0.0	0.0	0.0	0.0	0.0	0.0	0.0	0.0	0.0	0.0020877	0.0	0.0	0.0	0.0	0.0	0.0	0.0	0.0	0.0	0.0	0.0	0.0	0.0	0.0	0.0	0.0	0.0	0.0	0.0	0.0	0.0	0.0	0.0	0.0	0.0	0.0	0.0	0.0	0.0	0.0	0.0	0.0	0.0	0.0	0.0	0.0	0.0	0.0	
Fuligule à tête noire	0.0	0.0020408	0.0	0.0	0.0	0.0	0.0	0.0	0.0025253	0.0020877	0.0	0.001328	0.0	0.0	0.0	0.0	0.0	0.0	0.0	0.0	0.0	0.0	0.0	0.0	0.0	0.0	0.0	0.0	0.0	0.0	0.0	0.0	0.0	0.0	0.0	0.0	0.0	0.0	0.0	0.0	0.0	0.0	0.0	0.0	0.0	0.0	0.0	0.0016949	
fuligule sp.	0.0	0.0	0.0	0.0	0.0	0.0	0.0018519	0.0	0.0	0.0020877	0.0	0.0	0.0	0.0	0.0	0.0	0.0	0.0	0.0	0.0	0.0	0.0	0.0	0.0	0.0	0.0	0.0	0.0	0.0	0.0	0.0	0.0	0.0	0.0	0.0	0.0	0.0	0.0	0.0	0.0	0.0	0.0	0.0	0.0	0.0	0.0	0.0	0.0	
Harelde boréale	0.0	0.0	0.0	0.0	0.0	0.0	0.0	0.0	0.0	0.0015	0.0	0.0	0.0	0.0	0.0	0.0	0.0	0.0	0.0	0.0	0.0	0.0065359	0.0	0.0	0.0	0.0	0.0	0.0	0.0	0.0	0.0	0.0	0.0	0.0	0.0	0.0	0.0	0.0	0.0	0.0	0.0	0.0	0.0	0.0	0.0	0.0	0.0	0.0	
anatidé sp. (canard sp.)	0.0	0.0	0.0	0.0	0.0021552	0.0	0.0	0.0	0.0	0.0	0.0	0.001328	0.0	0.0	0.0	8.658E-4	0.0	0.0	0.0	0.0	0.0	0.0	0.0	0.0	0.0	0.0	0.0	0.0	0.0	0.0	0.0	0.0019048	0.0	0.0026667	0.0033113	0.0	0.0	0.0	0.0	0.0	0.00369	0.0	0.0	0.0	0.0	0.0	0.0	0.0	
sauvagine sp.	0.0	0.0	0.0	0.0015	0.0	0.0	0.0037037	0.0	0.0	0.0	0.0	0.0015	0.0	0.0013228	0.0	0.0	0.0	0.0	0.0014641	8.143E-4	0.0	0.0	0.0	0.0	0.0	0.0	0.0	0.0	0.0034483	0.0	0.0025253	0.0	0.0	0.0	0.0	0.0	0.0028249	0.0	0.0	0.0	0.0	0.0	0.0109489	0.0015	0.003268	0.0067568	0.01	0.0	
Pintade de Numidie	0.0	0.0	0.0	0.0	0.0	0.0	0.0	0.0	0.0	0.0	0.0	0.001328	0.0	0.0	0.0	0.0	0.0	0.0	0.0	0.0	0.0	0.0	0.0	0.0	0.0	0.0	0.0	0.0	0.0	0.0	0.0	0.0	0.0	0.0	0.0	0.0	0.0	0.0	0.0	0.0	0.0	0.0	0.0	0.0	0.0	0.0	0.0	0.0	
Faisan de Colchide	0.0216535	0.0122449	0.0092807	0.0173661	0.0193966	0.0176211	0.0166667	0.0175824	0.0277778	0.0104384	0.0274262	0.0411687	0.0238727	0.0198413	0.0207182	0.0207792	0.0311927	0.0308166	0.0263543	0.0162866	0.0180995	0.0174292	0.0203562	0.0126582	0.0092879	0.0153061	0.015444	0.0041754	0.0103448	0.0181818	0.0025253	0.0057143	0.005988	0.0053333	0.013245	0.0123457	0.019774	0.0056818	0.0075758	0.0175	0.0221402	0.016835	0.0145985	0.0052356	0.0098039	0.0033784	0.02	0.0067797	
Paon bleu	0.0	0.0	0.0	0.0	0.0	0.0	0.0	0.0	0.0	0.0	0.0	0.001328	0.0	0.0	0.0	8.658E-4	0.0	0.0015408	0.0	8.143E-4	0.0	0.0	0.0	0.0	0.0	0.0	0.0	0.0	0.0	0.0	0.0	0.0	0.0	0.0	0.0	0.0	0.0	0.0	0.0	0.0	0.0	0.0	0.0	0.0026178	0.0	0.0	0.0	0.0	
Caille des blés	0.011811	0.0285714	0.0069606	0.0028944	0.0172414	0.0198238	0.0203704	0.0395604	0.0277778	0.0208768	0.0295359	0.0717131	0.0450928	0.0462963	0.0483425	0.0606061	0.0642202	0.0677966	0.0614934	0.0415309	0.0542986	0.0936819	0.0610687	0.0759494	0.0743034	0.0408163	0.0579151	0.0647182	0.0655172	0.0515152	0.0328283	0.0228571	0.011976	0.0213333	0.0033113	0.0024691	0.0056497	0.0056818	0.0	0.0075	0.0110701	0.003367	0.0109489	0.0	0.0065359	0.0	0.0133333	0.0050847	
Caille du Japon	0.0	0.0	0.0	0.0	0.0	0.0	0.0	0.0	0.0	0.0	0.0	0.0	0.0	0.0	0.0	0.0	0.0	0.0	0.0	0.0	0.0	0.0	0.0	0.0	0.0	0.0	0.0	0.0	0.0015	0.0	0.0	0.0	0.0	0.0	0.0	0.0	0.0	0.0	0.0	0.0	0.0	0.0	0.0	0.0	0.0	0.0	0.0	0.0	
Perdrix rouge	0.0531496	0.0306122	0.0464037	0.0376266	0.0603448	0.0506608	0.0444444	0.0549451	0.0353535	0.0354906	0.0443038	0.0464807	0.0384615	0.0436508	0.038674	0.0493506	0.0440367	0.046225	0.0292826	0.0309446	0.0361991	0.0413943	0.0254453	0.0126582	0.0309598	0.0204082	0.030888	0.0229645	0.0103448	0.0181818	0.0252525	0.032381	0.0179641	0.024	0.0198675	0.0222222	0.0451977	0.0284091	0.0643939	0.03	0.0664207	0.030303	0.0437956	0.0471204	0.0326797	0.027027	0.04	0.0389831	
Pigeon biset	0.3405512	0.2714286	0.2784223	0.2865412	0.3146552	0.3017621	0.2814815	0.3252747	0.2979798	0.2922756	0.3037975	0.2895086	0.2122016	0.2169312	0.2320442	0.1558442	0.2311927	0.2141757	0.2137628	0.2003257	0.2533937	0.204793	0.2264631	0.2700422	0.25387	0.2397959	0.2625483	0.3361169	0.3034483	0.3424242	0.2626263	0.2266667	0.254491	0.2506667	0.2847682	0.254321	0.2372881	0.1846591	0.2045455	0.2575	0.2103321	0.2525253	0.2664234	0.2670157	0.2352941	0.2331081	0.2866667	0.2576271	
Pigeon colombin	0.0059055	0.0020408	0.0	0.0014472	0.0021552	0.0	0.0018519	0.0	0.0	0.0	0.0	0.001328	0.0	0.0	0.0	0.0	0.0	0.0	0.0	0.0	0.0	0.0	0.0	0.0	0.0	0.0	0.0	0.0	0.0	0.0	0.0	0.0	0.0	0.0	0.0	0.0	0.0	0.0028409	0.0037879	0.0025	0.00369	0.0	0.0036496	0.0026178	0.0065359	0.0	0.0033333	0.0	
Pigeon ramier	0.1062992	0.1428571	0.1322506	0.1331404	0.1594828	0.1563877	0.1777778	0.1978022	0.1818182	0.1878914	0.1919831	0.2124834	0.1604775	0.2010582	0.1712707	0.1896104	0.2183486	0.2003082	0.2166911	0.1734528	0.2262443	0.254902	0.2391858	0.2236287	0.2600619	0.25	0.2316602	0.1816284	0.262069	0.2666667	0.2348485	0.1733333	0.1766467	0.1786667	0.1788079	0.1308642	0.1497175	0.1221591	0.0795455	0.13	0.1623616	0.1245791	0.1423358	0.1099476	0.1111111	0.1013514	0.0966667	0.1135593	
Tourterelle des bois	0.0	0.0	0.0	0.0	0.0	0.0	0.0	0.0	0.0	0.0	0.0	0.0	0.005305	0.0026455	0.0124309	0.0207792	0.040367	0.0354391	0.0292826	0.0260586	0.0248869	0.0283224	0.0381679	0.0253165	0.0464396	0.0178571	0.03861	0.0521921	0.0448276	0.0393939	0.0429293	0.0380952	0.0389222	0.0293333	0.0298013	0.0246914	0.0056497	0.0	0.0075758	0.005	0.0	0.0	0.0	0.0	0.0	0.0	0.0	0.0	
Tourterelle turque	0.488189	0.4040816	0.4292343	0.4109986	0.4741379	0.4845815	0.5240741	0.556044	0.5530303	0.4592902	0.5295359	0.5073041	0.4893899	0.4695767	0.4668508	0.4580087	0.440367	0.4252696	0.465593	0.4128664	0.4479638	0.4335512	0.4656489	0.443038	0.5170279	0.5280612	0.5328185	0.4613779	0.4689655	0.5242424	0.4646465	0.44	0.511976	0.5226667	0.513245	0.4716049	0.5169492	0.4090909	0.405303	0.435	0.4354244	0.4309764	0.4452555	0.4188482	0.4019608	0.4222973	0.4466667	0.4711864	
Hybride Tourterelle des bois x T. turque	0.0	0.0	0.0	0.0	0.0043103	0.0	0.0	0.0	0.0	0.0	0.0	0.001328	0.0	0.0	0.0	0.0	0.0	0.0	0.0	0.0	0.0	0.0	0.0	0.0	0.0	0.0	0.0	0.0	0.0	0.0	0.0	0.0	0.0	0.0	0.0	0.0	0.0	0.0	0.0	0.0	0.0	0.0	0.0	0.0	0.0	0.0	0.0	0.0016949	
Tourterelle rieuse	0.0	0.0	0.0023202	0.0	0.0021552	0.0	0.0018519	0.0	0.0	0.0	0.0	0.0	0.0013263	0.0	0.0	0.0	0.0	0.0	0.0	0.0	0.0	0.0	0.0015	0.0	0.0	0.0	0.0	0.0015	0.0	0.0	0.0	0.0	0.0	0.0	0.0	0.0	0.0	0.0	0.0	0.0015	0.00369	0.0	0.0	0.0	0.0	0.0	0.0	0.0	
Streptopelia sp.	0.0	0.0	0.0	0.0	0.0	0.0	0.0	0.0	0.0	0.0	0.0	0.0	0.0	0.0	0.0	0.0	0.0	0.0	0.0	0.0	0.0	0.0	0.0	0.0	0.0	0.0	0.0	0.0	0.0	0.0	0.0	0.0057143	0.0	0.0026667	0.0	0.0	0.0	0.0	0.0	0.0	0.0	0.0	0.0	0.0	0.0	0.0	0.0	0.0	
columbidé sp.	0.0	0.0	0.0	0.0	0.0	0.0	0.0	0.0	0.0	0.0	0.0	0.0	0.0	0.0	0.0	0.0	0.0	0.0	0.0	0.0	0.0	0.0	0.0	0.0	0.0	0.0	0.0	0.0020877	0.0	0.0	0.0	0.0	0.0	0.0	0.0	0.0	0.0	0.0	0.0	0.0	0.0	0.0	0.0	0.0	0.0	0.0	0.0	0.0	
Grande Outarde	0.0	0.0	0.0	0.0	0.0	0.0	0.0	0.0	0.0	0.0	0.0	0.0	0.0	0.0	0.0	0.0	0.0	0.0	0.0	0.0	0.0	0.0	0.0	0.0	0.0	0.0	0.007722	0.0187891	0.0103448	0.0060606	0.0	0.0	0.002994	0.0	0.0	0.0	0.0	0.0	0.0037879	0.0	0.0	0.0	0.0	0.0	0.0	0.0	0.0	0.0	
Outarde canepetière	0.0	0.0	0.0	0.0	0.0	0.0	0.0	0.0	0.0	0.0	0.0	0.0	0.0	0.0	0.0	0.0	0.0	0.0	0.0	0.0	0.0	0.0	0.0	0.0	0.0	0.002551	0.0	0.006263	0.0	0.0	0.0	0.0	0.0	0.0	0.0	0.0	0.0	0.0015	0.0037879	0.0	0.0	0.0	0.0	0.0	0.0	0.0	0.0	0.0	
Coucou geai	0.0	0.0	0.0	0.0	0.0	0.0015	0.0055556	0.0	0.0075758	0.0083507	0.0	0.001328	0.0026525	0.0039683	0.0027624	0.0060606	0.0018349	0.0	0.0	8.143E-4	0.0045249	0.0065359	0.0025445	0.0021097	0.003096	0.002551	0.007722	0.0020877	0.0	0.0	0.0	0.0	0.0	0.0026667	0.0	0.0	0.0	0.0	0.0	0.0	0.0	0.0	0.0	0.0	0.0	0.0	0.0	0.0016949	
Coucou gris	0.0	0.0	0.0	0.0	0.0	0.0	0.0	0.0043956	0.0025253	0.006263	0.0147679	0.063745	0.132626	0.0912698	0.0690608	0.1047619	0.133945	0.0955316	0.0775988	0.0407166	0.020362	0.0108932	0.0050891	0.0042194	0.006192	0.002551	0.003861	0.0020877	0.0	0.0030303	0.0025253	0.0019048	0.0	0.0	0.0	0.0	0.0028249	0.0	0.0	0.0	0.0	0.0	0.0	0.0	0.0	0.0	0.0	0.0	
Engoulevent à collier roux	0.0	0.0	0.0	0.0	0.0	0.0	0.0	0.0	0.0	0.0	0.0	0.0	0.0	0.0013228	0.0027624	0.0051948	0.0238532	0.01849	0.011713	0.0130293	0.020362	0.0108932	0.0254453	0.0084388	0.0247678	0.0204082	0.019305	0.0167015	0.0034483	0.0121212	0.010101	0.0019048	0.005988	0.0053333	0.0	0.0049383	0.0	0.0	0.0	0.0	0.0	0.0	0.0	0.0	0.0	0.0	0.0	0.0	
Engoulevent d'Europe	0.0	0.0	0.0	0.0	0.0	0.0	0.0	0.0	0.0	0.0	0.0	0.0	0.0	0.0039683	0.0069061	0.0138528	0.0348624	0.0261941	0.0424597	0.0358306	0.0520362	0.0522876	0.0610687	0.0548523	0.1052632	0.0510204	0.042471	0.0605428	0.0413793	0.0454545	0.0277778	0.0228571	0.0419162	0.0266667	0.0033113	0.0148148	0.0056497	0.0028409	0.0	0.0015	0.0	0.0	0.0	0.0	0.0	0.0	0.0	0.0	
Engoulevent à collier roux ou E. d'Europe	0.0	0.0	0.0	0.0	0.0	0.0	0.0	0.0	0.0	0.0	0.0	0.0	0.0	0.0013228	0.0	0.0	0.0	0.0015408	0.0029283	0.0016287	0.0022624	0.0065359	0.0	0.0042194	0.0123839	0.0076531	0.019305	0.0041754	0.0015	0.0030303	0.0015	0.0038095	0.0015	0.0026667	0.0015	0.0049383	0.0	0.0	0.0	0.0	0.0	0.0	0.0	0.0	0.0	0.0	0.0	0.0	
Caprimulgus sp.	0.0	0.0	0.0	0.0	0.0	0.0	0.0	0.0	0.0	0.0	0.0	0.0	0.0	0.0	0.0	0.0	0.0018349	0.0	0.0	0.002443	0.0	0.0	0.0	0.0	0.0	0.0	0.0	0.0	0.0	0.0030303	0.0	0.0	0.0	0.0	0.0	0.0	0.0	0.0	0.0	0.0	0.0	0.0	0.0	0.0	0.0	0.0	0.0	0.0	
Martinet à ventre blanc	0.0	0.0	0.0	0.0	0.0	0.0	0.0	0.0	0.0	0.0	0.0021097	0.001328	0.0	0.0013228	0.0015	8.658E-4	0.0018349	0.0	0.0014641	0.0016287	0.0022624	0.0021786	0.0050891	0.0015	0.003096	0.002551	0.003861	0.0020877	0.0034483	0.0030303	0.0025253	0.0038095	0.002994	0.0	0.0066225	0.0049383	0.0	0.0	0.0	0.0	0.00369	0.0015	0.0	0.0	0.0	0.0	0.0	0.0	
Martinet noir	0.0	0.0	0.0	0.0	0.0	0.0	0.0015	0.0021978	0.0	0.0208768	0.0232068	0.062417	0.0636605	0.1124339	0.1464088	0.1748918	0.2165138	0.2033898	0.2313324	0.2117264	0.2556561	0.2527233	0.2977099	0.2721519	0.2724458	0.2295918	0.2509653	0.2212944	0.2137931	0.1545455	0.1691919	0.16	0.1047904	0.0826667	0.0529801	0.0296296	0.0112994	0.0085227	0.0037879	0.0025	0.0	0.003367	0.0	0.0	0.0	0.0	0.0	0.0	
Martinet pâle	0.0	0.0	0.0	0.0	0.0	0.0	0.0	0.0021978	0.0025253	0.0250522	0.0274262	0.0385126	0.0649867	0.0595238	0.058011	0.0554113	0.0862385	0.0801233	0.0893119	0.0659609	0.1244344	0.1263617	0.1017812	0.1455696	0.1393189	0.122449	0.1583012	0.1419624	0.1206897	0.1606061	0.1742424	0.1752381	0.1197605	0.1066667	0.0728477	0.0419753	0.0225989	0.0170455	0.0037879	0.0025	0.00369	0.0	0.0	0.0	0.0	0.0	0.0	0.0	
Martinet noir ou M. pâle	0.0	0.0	0.0	0.0	0.0	0.0	0.0	0.0021978	0.0015	0.0271399	0.0232068	0.0424967	0.0517241	0.0740741	0.0566298	0.0571429	0.0862385	0.0616333	0.0819912	0.0684039	0.1108597	0.1132898	0.1195929	0.1118143	0.1145511	0.0790816	0.1158301	0.1064718	0.1206897	0.0969697	0.1161616	0.0952381	0.0748503	0.064	0.0430464	0.0246914	0.0084746	0.0056818	0.0075758	0.0125	0.0015	0.0	0.0036496	0.0026178	0.0	0.0	0.0	0.0	
Martinet cafre	0.0	0.0	0.0	0.0	0.0	0.0	0.0	0.0	0.0	0.0	0.0	0.0	0.0	0.0	0.0	0.0	0.0	0.0	0.0	0.0016287	0.0	0.0	0.0025445	0.0021097	0.003096	0.002551	0.011583	0.0146138	0.0068966	0.0	0.0050505	0.0019048	0.0	0.008	0.0	0.0024691	0.0	0.0	0.0	0.0	0.0	0.0	0.0	0.0	0.0	0.0	0.0	0.0	
Apus sp.	0.0	0.0	0.0	0.0	0.0	0.0	0.0	0.0	0.0	0.0	0.0	0.0	0.0	0.0	0.0	0.0	0.0	0.0	0.0	0.0	0.0	0.0	0.0	0.0	0.0	0.0	0.003861	0.0	0.0	0.0	0.0	0.0	0.0	0.0	0.0	0.0	0.0	0.0	0.0	0.0	0.0	0.0	0.0	0.0	0.0	0.0	0.0	0.0	
Apus ou Tachymarptis sp.	0.0	0.0	0.0	0.0	0.0	0.0	0.0	0.0	0.0	0.0	0.0	0.0	0.0	0.0	0.0	0.0	0.0	0.0	0.0	0.0	0.0	0.0	0.0025445	0.0	0.0	0.0	0.0	0.0	0.0	0.0	0.0	0.0	0.0	0.0	0.0	0.0015	0.0	0.0	0.0	0.0	0.00369	0.0015	0.0	0.0	0.0	0.0	0.0	0.0	
Râle d'eau	0.0098425	0.0102041	0.0092807	0.0057887	0.012931	0.0088106	0.012963	0.0087912	0.010101	0.0104384	0.0126582	0.0053121	0.0039788	0.005291	0.0027624	0.0069264	0.0055046	0.0061633	0.0029283	0.0032573	0.0022624	0.0021786	0.0025445	0.0042194	0.0092879	0.0153061	0.007722	0.006263	0.0206897	0.0212121	0.0277778	0.0152381	0.0149701	0.0106667	0.0066225	0.0098765	0.0028249	0.0142045	0.0075758	0.0075	0.0147601	0.010101	0.0036496	0.0157068	0.0130719	0.0101351	0.0133333	0.0169492	
Gallinule poule-d'eau	0.1279528	0.1428571	0.1160093	0.1041968	0.1443966	0.1013216	0.15	0.1868132	0.1085859	0.1628392	0.1265823	0.1434263	0.0915119	0.1097884	0.1118785	0.1030303	0.1357798	0.0832049	0.1068814	0.0708469	0.1289593	0.087146	0.1348601	0.1308017	0.1083591	0.125	0.1235521	0.125261	0.1758621	0.1424242	0.1414141	0.1257143	0.1526946	0.1146667	0.1192053	0.1308642	0.1299435	0.1534091	0.1439394	0.115	0.1402214	0.0875421	0.1167883	0.1413613	0.1045752	0.1114865	0.1566667	0.1474576	
Foulque macroule	0.0649606	0.0591837	0.0812065	0.0622287	0.1099138	0.0594714	0.0907407	0.1054945	0.0883838	0.1106472	0.1054852	0.0703851	0.0411141	0.0515873	0.0483425	0.047619	0.0697248	0.05547	0.0541728	0.0285016	0.0565611	0.0653595	0.0585242	0.092827	0.0681115	0.0943878	0.0733591	0.0876827	0.1206897	0.0727273	0.0934343	0.0933333	0.0808383	0.0693333	0.0364238	0.0469136	0.0451977	0.0880682	0.0871212	0.06	0.0627306	0.0639731	0.0729927	0.104712	0.0653595	0.0675676	0.0866667	0.0864407	
Foulque caronculée	0.0	0.0	0.0	0.0014472	0.0021552	0.0022026	0.0018519	0.0	0.0025253	0.0041754	0.0	0.0	0.0	0.0	0.0	0.0	0.0	0.0	0.0	0.0	0.0	0.0	0.0	0.0063291	0.006192	0.0076531	0.0	0.0	0.0	0.0	0.0	0.0	0.0	0.0	0.0	0.0	0.0	0.0	0.0	0.0	0.0	0.0	0.0	0.0	0.0	0.0	0.0	0.0	
Talève sultane	0.0059055	0.0040816	0.0069606	0.0	0.0021552	0.0022026	0.0	0.0021978	0.0	0.0125261	0.0063291	0.001328	0.0013263	0.0066138	0.0055249	8.658E-4	0.0018349	0.0015408	0.0029283	0.002443	0.0	0.0021786	0.0076336	0.0021097	0.003096	0.005102	0.003861	0.0104384	0.0103448	0.0090909	0.0025253	0.0019048	0.002994	0.0015	0.0	0.0024691	0.0028249	0.0	0.0	0.0	0.0	0.003367	0.0	0.0052356	0.003268	0.0033784	0.0033333	0.0118644	
Marouette poussin	0.0	0.0	0.0	0.0	0.0	0.0	0.0	0.0	0.0	0.0	0.0	0.0	0.0	0.0	0.0	0.0	0.0	0.0	0.0	0.0	0.0	0.0	0.0	0.0	0.0	0.0	0.0	0.0	0.0	0.0	0.0	0.0	0.0	0.0	0.0	0.0	0.0056497	0.0227273	0.0	0.0	0.0	0.0	0.0	0.0	0.0	0.0	0.0	0.0	
Grue cendrée	0.0	0.0	0.0	0.0	0.0	0.0	0.0	0.0	0.0	0.0015	0.0	0.0	0.0	0.0	0.0	0.0	0.0	0.0	0.0	0.0	0.0	0.0	0.0	0.0	0.0	0.0	0.0	0.0	0.0	0.0	0.0	0.0	0.0	0.0	0.0	0.0	0.0	0.0	0.0037879	0.0	0.0	0.0015	0.0	0.0026178	0.0	0.0	0.0	0.0	
Oedicnème criard	0.0	0.0	0.0	0.0	0.0021552	0.0022026	0.0	0.0015	0.0025253	0.0	0.0	0.0039841	0.0013263	0.0	0.0110497	0.0034632	0.0110092	0.0046225	0.0029283	0.002443	0.0090498	0.0065359	0.0050891	0.0042194	0.0092879	0.002551	0.0	0.0104384	0.0	0.0015	0.0075758	0.0057143	0.0	0.0	0.0	0.0	0.0	0.0	0.0	0.0	0.00369	0.0	0.0036496	0.0026178	0.0	0.0	0.0033333	0.0015	
Échasse blanche	0.0393701	0.0326531	0.0394432	0.0390738	0.049569	0.0418502	0.0648148	0.0351648	0.0580808	0.0521921	0.0632911	0.0491368	0.0464191	0.0714286	0.0662983	0.0519481	0.0788991	0.0662558	0.0922401	0.0439739	0.0701357	0.0588235	0.0585242	0.0991561	0.0990712	0.0867347	0.1042471	0.0793319	0.0724138	0.0878788	0.1085859	0.1390476	0.0808383	0.0666667	0.0430464	0.0493827	0.0564972	0.0823864	0.0416667	0.0325	0.0221402	0.016835	0.0766423	0.0366492	0.0261438	0.0608108	0.0866667	0.0440678	
Avocette élégante	0.0137795	0.0183673	0.0092807	0.0144718	0.0215517	0.0132159	0.0148148	0.010989	0.0176768	0.0083507	0.0105485	0.0053121	0.005305	0.005291	0.0069061	0.0060606	0.0036697	0.0061633	0.011713	0.002443	0.0045249	0.0043573	0.0025445	0.0147679	0.0092879	0.0153061	0.015444	0.0167015	0.0172414	0.0181818	0.040404	0.0685714	0.0239521	0.032	0.0033113	0.0148148	0.0112994	0.0170455	0.0151515	0.0125	0.00369	0.006734	0.040146	0.026178	0.0130719	0.0337838	0.0433333	0.0254237	
Pluvier argenté	0.011811	0.0122449	0.0092807	0.0173661	0.0107759	0.0110132	0.0074074	0.0043956	0.0050505	0.0083507	0.0189873	0.0053121	0.005305	0.0039683	0.0	0.0051948	0.012844	0.009245	0.0014641	0.0	0.0045249	0.0021786	0.0025445	0.0105485	0.003096	0.0102041	0.003861	0.006263	0.0103448	0.0121212	0.0227273	0.0247619	0.008982	0.008	0.0099338	0.0049383	0.0084746	0.0113636	0.0189394	0.0125	0.00369	0.006734	0.0364964	0.0104712	0.003268	0.0135135	0.0433333	0.0118644	
Pluvier doré	0.0452756	0.055102	0.0348028	0.0347323	0.0366379	0.0198238	0.0222222	0.021978	0.0050505	0.0	0.0042194	0.0	0.0013263	0.0	0.0	0.0	0.0	0.0	0.0	0.0	0.0	0.0	0.0	0.0	0.0	0.0	0.0	0.0	0.0	0.0	0.0	0.0019048	0.002994	0.0	0.0	0.0024691	0.0056497	0.0056818	0.0075758	0.0025	0.0110701	0.020202	0.0620438	0.0314136	0.0392157	0.0675676	0.0533333	0.040678	
Pluvier bronzé	0.0	0.0	0.0	0.0	0.0	0.0022026	0.0	0.0	0.0	0.0	0.0	0.0	0.0	0.0	0.0	0.0	0.0	0.0	0.0	0.0	0.0	0.0	0.0	0.0	0.0	0.0	0.0	0.0	0.0	0.0	0.0	0.0	0.0	0.0	0.0	0.0	0.0	0.0	0.0	0.0	0.0	0.0	0.0	0.0	0.0	0.0	0.0	0.0	
Pluvialis sp.	0.0	0.0	0.0	0.0	0.0	0.0	0.0	0.0	0.0	0.0	0.0	0.0	0.0	0.0	0.0	0.0	0.0	0.0	0.0	0.0	0.0	0.0	0.0	0.0	0.0	0.0	0.0	0.0	0.0	0.0	0.0	0.0	0.0	0.0	0.0	0.0	0.0	0.0	0.0	0.0	0.0	0.0	0.0036496	0.0	0.0	0.0	0.0	0.0	
Guignard d’Eurasie	0.0	0.0	0.0	0.0	0.0	0.0	0.0	0.0	0.0	0.0	0.0	0.0	0.0	0.0	0.0	0.0	0.0	0.0	0.0	0.0	0.0	0.0	0.0	0.0	0.0	0.0	0.0	0.0	0.0	0.0	0.0	0.0	0.0	0.0	0.0	0.0	0.0	0.0	0.0	0.0	0.0	0.0	0.0	0.0	0.0	0.0033784	0.0033333	0.0	
Grand Gravelot	0.015748	0.0163265	0.0069606	0.0173661	0.0150862	0.0110132	0.0074074	0.0131868	0.0075758	0.0083507	0.0147679	0.0066401	0.0092838	0.0066138	0.0041436	0.008658	0.012844	0.01849	0.0146413	0.0040717	0.0090498	0.0021786	0.0	0.0126582	0.0123839	0.0102041	0.011583	0.0187891	0.0241379	0.0363636	0.0631313	0.0761905	0.0359281	0.064	0.0397351	0.0320988	0.0564972	0.0255682	0.0265152	0.02	0.00369	0.003367	0.0291971	0.0235602	0.003268	0.0135135	0.0333333	0.0186441	
Petit Gravelot	0.0059055	0.0020408	0.0069606	0.0043415	0.0064655	0.0044053	0.0055556	0.0197802	0.0429293	0.0501044	0.0485232	0.0690571	0.0490716	0.021164	0.0331492	0.0277056	0.0477064	0.0446841	0.0395315	0.0301303	0.0678733	0.0501089	0.0916031	0.07173	0.0743034	0.0765306	0.0772201	0.1064718	0.0793103	0.0636364	0.0530303	0.0666667	0.0568862	0.04	0.0264901	0.0246914	0.019774	0.0255682	0.0416667	0.015	0.0110701	0.013468	0.0145985	0.0052356	0.003268	0.0033784	0.0066667	0.0101695	
Vanneau huppé	0.1496063	0.1734694	0.1554524	0.1403763	0.1465517	0.1013216	0.0925926	0.0593407	0.030303	0.006263	0.0105485	0.0066401	0.0066313	0.0092593	0.0082873	0.0034632	0.0091743	0.0046225	0.0190337	0.002443	0.0022624	0.0	0.0	0.0063291	0.0123839	0.0229592	0.03861	0.039666	0.0241379	0.0333333	0.0378788	0.0590476	0.0389222	0.024	0.0430464	0.0641975	0.0677966	0.0681818	0.1136364	0.0775	0.0811808	0.1178451	0.1824818	0.1413613	0.1437908	0.1858108	0.19	0.1813559	
Gravelot à collier interrompu	0.0019685	0.0061224	0.0046404	0.0086831	0.0086207	0.0044053	0.0037037	0.0043956	0.0025253	0.0041754	0.0063291	0.0039841	0.0013263	0.0026455	0.0	0.0025974	0.0055046	0.0061633	0.0014641	0.0016287	0.0045249	0.0021786	0.0076336	0.0147679	0.0154799	0.005102	0.015444	0.0104384	0.0172414	0.0121212	0.020202	0.0171429	0.0	0.0053333	0.0033113	0.0074074	0.0	0.0085227	0.0	0.0	0.0	0.0	0.0	0.0104712	0.0	0.0033784	0.0066667	0.0050847	
Charadriidae sp.	0.0	0.0	0.0	0.0	0.0021552	0.0	0.0	0.0	0.0	0.0	0.0	0.0	0.0	0.0	0.0	0.0	0.0	0.0	0.0	0.0	0.0	0.0	0.0	0.0	0.0	0.0	0.0	0.0	0.0	0.0	0.0	0.0	0.0	0.0	0.0	0.0	0.0	0.0	0.0	0.0	0.0	0.0	0.0	0.0	0.0	0.0	0.0	0.0	
Courlis corlieu	0.0	0.0020408	0.0	0.0028944	0.0015	0.0	0.0015	0.0	0.0	0.0	0.0021097	0.001328	0.0	0.0066138	0.0055249	0.0095238	0.0091743	0.0030817	0.0	8.143E-4	0.0	0.0	0.0025445	0.0042194	0.0	0.002551	0.023166	0.0041754	0.0172414	0.0121212	0.0227273	0.0209524	0.008982	0.0026667	0.0066225	0.0	0.0028249	0.0	0.0	0.0	0.0	0.0	0.0	0.0	0.0	0.0033784	0.0	0.0016949	
Courlis cendré	0.0019685	0.0	0.0	0.0014472	0.0021552	0.0	0.0055556	0.0	0.0025253	0.0020877	0.0	0.001328	0.0013263	0.0013228	0.0	0.0	0.0018349	0.0015408	0.0	0.0	0.0	0.0	0.0	0.0042194	0.0015	0.002551	0.0	0.0020877	0.0103448	0.0030303	0.0075758	0.0038095	0.0	0.0	0.0	0.0024691	0.0028249	0.0	0.0037879	0.0	0.0	0.0	0.0036496	0.0	0.0015	0.0033784	0.01	0.0033898	
Courlis corlieu ou C. cendré	0.0	0.0	0.0	0.0015	0.0	0.0	0.0018519	0.0	0.0	0.0	0.0	0.0	0.0	0.0	0.0	0.0	0.0	0.0	0.0	0.0	0.0	0.0	0.0	0.0	0.0	0.0	0.0	0.0	0.0	0.0	0.0	0.0	0.0	0.0	0.0	0.0	0.0	0.0	0.0	0.0	0.0	0.0	0.0	0.0	0.0	0.0	0.0	0.0	
Barge rousse	0.0	0.0	0.0	0.0	0.0	0.0015	0.0	0.0	0.0	0.0	0.0021097	0.002656	0.0	0.0	0.0	0.0017316	0.0055046	0.0	0.0014641	0.0	0.0	0.0	0.0	0.0063291	0.003096	0.002551	0.0	0.0	0.0034483	0.0030303	0.0025253	0.0114286	0.002994	0.0026667	0.0033113	0.0024691	0.0	0.0085227	0.0	0.0025	0.00369	0.0015	0.0036496	0.0	0.0	0.0	0.0066667	0.0033898	
Barge à queue noire	0.015748	0.0102041	0.0162413	0.015919	0.0237069	0.0176211	0.0240741	0.0153846	0.0252525	0.0125261	0.0253165	0.0132802	0.0132626	0.015873	0.0165746	0.0103896	0.0110092	0.009245	0.0161054	0.004886	0.0135747	0.0130719	0.0025445	0.021097	0.0185759	0.0306122	0.042471	0.0250522	0.0275862	0.0272727	0.0454545	0.072381	0.0359281	0.0346667	0.0198675	0.0271605	0.0451977	0.0369318	0.0189394	0.015	0.00369	0.010101	0.0547445	0.0209424	0.0065359	0.027027	0.0366667	0.0237288	
Bécassin à long bec	0.0019685	0.0	0.0	0.0	0.0	0.0	0.0018519	0.0	0.0	0.0	0.0042194	0.001328	0.0013263	0.0	0.0	8.658E-4	0.0	0.0015408	0.0	0.0	0.0	0.0	0.0	0.0021097	0.0	0.0	0.0	0.0	0.0	0.0	0.0227273	0.0361905	0.011976	0.0026667	0.0033113	0.0049383	0.0	0.0	0.0	0.0	0.0	0.0	0.0	0.0	0.0	0.0033784	0.0	0.0	
Bécassine sourde	0.0019685	0.0	0.0023202	0.0	0.0	0.0	0.0	0.0	0.0	0.0	0.0	0.0	0.0026525	0.0	0.0013812	0.0	0.0	0.0	0.0	0.0	0.0	0.0	0.0	0.0	0.0	0.0	0.0	0.0	0.0	0.0	0.0	0.0	0.0	0.0	0.0	0.0	0.0	0.0	0.0	0.0	0.0	0.0015	0.0036496	0.0	0.0	0.0	0.0	0.0	
Bécasse des bois	0.007874	0.0081633	0.0046404	0.0043415	0.0043103	0.0110132	0.0018519	0.0	0.0	0.0020877	0.0	0.002656	0.0	0.0	0.0	0.0	0.0	0.0	0.0	0.0	0.0	0.0	0.0	0.0	0.0	0.0	0.0	0.0	0.0	0.0	0.0	0.0	0.0	0.0	0.0	0.0	0.0	0.0	0.0	0.0	0.0	0.003367	0.0015	0.0078534	0.0130719	0.0	0.0066667	0.0101695	
Bécassine des marais	0.0590551	0.0591837	0.037123	0.0390738	0.0452586	0.0418502	0.0537037	0.043956	0.0555556	0.0313152	0.0421941	0.0225764	0.0092838	0.0026455	0.0055249	8.658E-4	0.0	0.0	0.0	0.0	0.0	0.0	0.0	0.0	0.0	0.0	0.0	0.0	0.0103448	0.0	0.0075758	0.0190476	0.0209581	0.0453333	0.0397351	0.0592593	0.0677966	0.0738636	0.094697	0.035	0.0221402	0.043771	0.0948905	0.039267	0.0522876	0.0641892	0.0866667	0.0457627	
Phalarope à bec large	0.0	0.0	0.0	0.0	0.0	0.0	0.0	0.0	0.0	0.0	0.0	0.0	0.0	0.0	0.0	0.0	0.0	0.0	0.0	0.0	0.0	0.0	0.0	0.0	0.0	0.0	0.0	0.0	0.0	0.0	0.0	0.0	0.0	0.0	0.0	0.0	0.0	0.0	0.0	0.0	0.0	0.0	0.0036496	0.0	0.0	0.0	0.0	0.0	
Phalarope à bec étroit	0.0	0.0	0.0	0.0	0.0	0.0	0.0	0.0	0.0	0.0	0.0	0.0	0.0	0.0	0.0	8.658E-4	0.0	0.0	0.0	0.0	0.0	0.0	0.0	0.0	0.0	0.0	0.0	0.0	0.0	0.0	0.0	0.0	0.0	0.0	0.0	0.0	0.0	0.0	0.0	0.0	0.0	0.0	0.0	0.0	0.0	0.0	0.0	0.0	
Chevalier guignette	0.1220472	0.1428571	0.1090487	0.0998553	0.1206897	0.092511	0.1203704	0.0923077	0.0808081	0.091858	0.0801688	0.0863214	0.0517241	0.0674603	0.0524862	0.0415584	0.0422018	0.0061633	0.0087848	0.004886	0.0113122	0.0021786	0.0127226	0.0274262	0.0928793	0.0892857	0.1428571	0.1983299	0.1724138	0.1969697	0.1944444	0.2342857	0.1886228	0.2106667	0.1953642	0.1703704	0.1666667	0.1505682	0.1590909	0.1425	0.1254613	0.1111111	0.149635	0.1230366	0.1470588	0.1418919	0.14	0.120339	
Chevalier grivelé	0.0	0.0	0.0	0.0	0.0	0.0	0.0	0.0	0.0	0.0	0.0	0.0	0.0	0.0	0.0	0.0	0.0	0.0	0.0	0.0	0.0	0.0	0.0	0.0	0.0	0.0	0.0	0.0	0.0	0.0	0.0176768	0.0228571	0.008982	0.0	0.0	0.0	0.0	0.0	0.0	0.0	0.0	0.0	0.0	0.0	0.0	0.0	0.0	0.0	
Chevalier culblanc	0.1279528	0.1244898	0.0812065	0.089725	0.1206897	0.0947137	0.1388889	0.1054945	0.1237374	0.0897704	0.0907173	0.0756972	0.0477454	0.0383598	0.0207182	0.0077922	0.0055046	0.0	0.0014641	8.143E-4	0.0090498	0.0174292	0.0407125	0.0675105	0.0897833	0.0790816	0.1544402	0.1524008	0.137931	0.169697	0.1792929	0.1942857	0.1736527	0.184	0.1688742	0.145679	0.1497175	0.1590909	0.2045455	0.12	0.1254613	0.1245791	0.1313869	0.1204188	0.1372549	0.1554054	0.15	0.1271186	
Chevalier stagnatile	0.0	0.0	0.0	0.0028944	0.0043103	0.0022026	0.0037037	0.0	0.0	0.0041754	0.0	0.0	0.0015	0.0	0.0	0.0	0.0	0.0	0.0	0.0	0.0	0.0	0.0	0.0	0.006192	0.002551	0.015444	0.0	0.0	0.0	0.0	0.0057143	0.002994	0.0026667	0.0	0.0024691	0.0	0.0056818	0.0	0.0	0.0	0.003367	0.0328467	0.0	0.003268	0.0033784	0.0033333	0.0	
Chevalier sylvain	0.0019685	0.0	0.0023202	0.0	0.0	0.0	0.0018519	0.0	0.0025253	0.0	0.0042194	0.001328	0.0	0.0013228	0.0027624	0.0034632	0.0036697	0.0	0.0014641	8.143E-4	0.0	0.0	0.0	0.0042194	0.0092879	0.0	0.019305	0.0125261	0.0103448	0.0151515	0.0126263	0.0304762	0.0329341	0.0106667	0.0033113	0.0074074	0.0056497	0.0028409	0.0	0.0025	0.0	0.0	0.0072993	0.0	0.003268	0.0	0.0	0.0033898	
Chevalier gambette	0.019685	0.0265306	0.0185615	0.0289436	0.0280172	0.0330396	0.0333333	0.021978	0.020202	0.0146138	0.021097	0.0185923	0.0066313	0.0132275	0.0124309	0.0155844	0.0165138	0.0200308	0.0102489	0.0032573	0.0090498	0.0108932	0.0101781	0.0337553	0.0309598	0.0357143	0.0579151	0.0375783	0.0310345	0.0363636	0.0555556	0.0895238	0.0359281	0.0426667	0.0264901	0.037037	0.0423729	0.0255682	0.0227273	0.0225	0.0221402	0.020202	0.0656934	0.0314136	0.0130719	0.0506757	0.07	0.0372881	
Chevalier à pattes jaunes	0.0	0.0	0.0	0.0014472	0.0	0.0022026	0.0055556	0.0	0.0	0.0020877	0.0	0.0	0.0013263	0.0	0.0	0.0	0.0	0.0	0.0	0.0	0.0	0.0	0.0	0.0	0.0	0.0	0.0	0.0	0.0	0.0	0.0	0.0	0.0	0.0	0.0	0.0	0.0	0.0	0.0	0.0	0.0	0.0	0.0	0.0	0.0	0.0	0.0066667	0.0	
Chevalier arlequin	0.0019685	0.0081633	0.0023202	0.0086831	0.0064655	0.0088106	0.0111111	0.0043956	0.010101	0.0041754	0.0105485	0.0066401	0.0026525	0.0039683	0.0027624	0.0	0.0	0.0030817	0.0	0.0	0.0	0.0	0.0	0.0063291	0.006192	0.0102041	0.015444	0.0104384	0.0137931	0.0121212	0.010101	0.0152381	0.005988	0.0053333	0.0033113	0.0024691	0.0028249	0.0113636	0.0	0.0025	0.0	0.0015	0.0255474	0.0052356	0.003268	0.0067568	0.0166667	0.0118644	
Chevalier aboyeur	0.0177165	0.0122449	0.0139211	0.0217077	0.0237069	0.0220264	0.0240741	0.0131868	0.030303	0.0208768	0.0274262	0.0119522	0.005305	0.010582	0.0124309	0.0207792	0.0165138	0.0123267	0.0161054	0.0016287	0.0135747	0.0087146	0.0025445	0.0147679	0.003096	0.0153061	0.030888	0.0187891	0.0206897	0.0181818	0.0378788	0.0666667	0.0209581	0.024	0.0331126	0.0222222	0.0254237	0.0198864	0.0227273	0.0225	0.00369	0.026936	0.0547445	0.0209424	0.0163399	0.0472973	0.04	0.0271186	
Tringa sp.	0.0	0.0	0.0	0.0028944	0.0	0.0022026	0.0	0.0021978	0.0	0.0020877	0.0021097	0.0	0.0	0.0	0.0	0.0	0.0	0.0	0.0	0.0	0.0	0.0	0.0	0.0	0.003096	0.002551	0.003861	0.0	0.0	0.0	0.0	0.0	0.0	0.0	0.0	0.0	0.0028249	0.0	0.0	0.0025	0.0	0.0	0.0	0.0	0.0	0.0	0.0	0.0016949	
Tournepierre à collier	0.0098425	0.0122449	0.0092807	0.015919	0.0193966	0.0154185	0.012963	0.0087912	0.010101	0.006263	0.0126582	0.0066401	0.0	0.0026455	0.0013812	0.0025974	0.0055046	0.009245	0.0029283	0.0	0.0067873	0.0021786	0.0050891	0.0126582	0.006192	0.005102	0.007722	0.0125261	0.0206897	0.0242424	0.040404	0.072381	0.0179641	0.032	0.0165563	0.0197531	0.019774	0.0142045	0.0151515	0.01	0.00369	0.003367	0.0291971	0.0157068	0.003268	0.0135135	0.04	0.0186441	
Bécasseau maubèche	0.0019685	0.0	0.0	0.0028944	0.0043103	0.0044053	0.0018519	0.0	0.0025253	0.0	0.0042194	0.001328	0.0	0.0	0.0	0.0017316	0.0	0.0015408	0.0014641	0.0	0.0	0.0021786	0.0	0.0042194	0.003096	0.005102	0.0	0.0041754	0.0068966	0.0060606	0.0126263	0.0171429	0.002994	0.0053333	0.0066225	0.0	0.0	0.0	0.0	0.0	0.00369	0.0015	0.0036496	0.0015	0.0	0.0033784	0.0	0.0016949	
Combattant varié	0.0	0.0040816	0.0023202	0.0014472	0.0	0.0066079	0.0092593	0.0065934	0.0025253	0.0104384	0.0189873	0.0066401	0.0026525	0.0079365	0.0069061	0.0077922	0.0073394	0.0015408	0.0	0.0	0.0	0.0	0.0	0.0063291	0.0092879	0.0178571	0.019305	0.0292276	0.0206897	0.0242424	0.040404	0.0628571	0.0299401	0.0293333	0.013245	0.0222222	0.0169492	0.0198864	0.0075758	0.005	0.0	0.003367	0.0109489	0.013089	0.0	0.0168919	0.0166667	0.0135593	
Bécasseau cocorli	0.0	0.0020408	0.0	0.0	0.0021552	0.0022026	0.0	0.0	0.0025253	0.0	0.0021097	0.0	0.0013263	0.0	0.0	0.004329	0.0036697	0.0061633	0.0015	0.0	0.0022624	0.0021786	0.0	0.0105485	0.0092879	0.0076531	0.019305	0.0125261	0.0172414	0.0181818	0.030303	0.0533333	0.0179641	0.0133333	0.0099338	0.0074074	0.0112994	0.0142045	0.0	0.0025	0.0	0.0015	0.0	0.0026178	0.0	0.0	0.0	0.0033898	
Bécasseau de Temminck	0.0	0.0	0.0	0.0	0.0	0.0	0.0	0.0	0.0	0.0	0.0021097	0.0	0.0	0.0	0.0	0.0034632	0.0	0.0	0.0	0.0	0.0	0.0	0.0	0.0	0.0	0.0	0.0	0.0	0.0	0.0060606	0.0	0.0	0.0	0.0	0.0	0.0024691	0.0	0.0	0.0	0.0	0.0	0.0	0.0	0.0	0.0	0.0	0.0	0.0	
Bécasseau sanderling	0.0	0.0020408	0.0	0.0014472	0.0	0.0	0.0	0.0	0.0	0.0	0.0	0.0	0.0	0.0	0.0	0.0	0.0036697	0.0	0.0014641	8.143E-4	0.0	0.0	0.0	0.0	0.0015	0.0	0.0	0.0	0.0	0.0090909	0.010101	0.0095238	0.005988	0.008	0.0	0.0024691	0.0	0.0	0.0	0.0	0.0	0.0	0.0	0.0	0.0	0.0	0.0	0.0	
Bécasseau variable	0.0137795	0.0122449	0.0069606	0.0144718	0.0150862	0.0110132	0.0148148	0.010989	0.0025253	0.0083507	0.0147679	0.0092961	0.0039788	0.0092593	0.0013812	0.0138528	0.0146789	0.0169492	0.0102489	0.0040717	0.0090498	0.0108932	0.0025445	0.0189873	0.0185759	0.0331633	0.042471	0.0375783	0.0344828	0.030303	0.0479798	0.08	0.0209581	0.04	0.0231788	0.0222222	0.0254237	0.0227273	0.0265152	0.02	0.0110701	0.003367	0.0328467	0.0157068	0.003268	0.0067568	0.0433333	0.0152542	
Bécasseau minute	0.0059055	0.0081633	0.0023202	0.0043415	0.0107759	0.0022026	0.0055556	0.0043956	0.0075758	0.0041754	0.0063291	0.0053121	0.0039788	0.0039683	0.0	0.0025974	0.0036697	0.0046225	0.0	0.0	0.0	0.0	0.0	0.0	0.0	0.0	0.003861	0.0104384	0.0137931	0.0121212	0.0277778	0.0590476	0.011976	0.016	0.013245	0.0197531	0.0084746	0.0142045	0.0037879	0.005	0.00369	0.0015	0.0145985	0.0052356	0.003268	0.0033784	0.0133333	0.0067797	
Bécasseau tacheté	0.0	0.0	0.0	0.0	0.0	0.0	0.0	0.0	0.0	0.0	0.0	0.0	0.0	0.0	0.0	0.0	0.0	0.0	0.0	0.0	0.0	0.0	0.0	0.0	0.0	0.0	0.0	0.0	0.0	0.0	0.0	0.0	0.0	0.0	0.0	0.0024691	0.0	0.0	0.0	0.0	0.0	0.0	0.0	0.0	0.0	0.0	0.0	0.0	
Calidris sp. (petit bécasseau sp.)	0.0	0.0020408	0.0	0.0	0.0021552	0.0	0.0	0.0	0.0	0.0020877	0.0	0.001328	0.0	0.0	0.0	8.658E-4	0.0	0.0	0.0	0.0	0.0	0.0	0.0	0.0	0.0	0.002551	0.0	0.0	0.0034483	0.0	0.0	0.0	0.002994	0.0026667	0.0	0.0	0.0	0.0056818	0.0	0.0	0.00369	0.0	0.0	0.0	0.0	0.0	0.0033333	0.0	
Calidris sp.	0.0	0.0	0.0	0.0	0.0	0.0	0.0	0.0	0.0	0.0	0.0	0.0	0.0	0.0	0.0	0.0	0.0	0.0	0.0	0.0	0.0	0.0	0.0	0.0	0.0	0.0	0.0	0.0	0.0034483	0.0	0.0	0.0	0.0	0.0	0.0	0.0	0.0	0.0	0.0	0.0	0.0	0.0	0.0	0.0	0.0	0.0	0.0	0.0	
Glaréole à collier	0.0	0.0	0.0	0.0	0.0	0.0	0.0	0.0	0.0	0.0	0.0	0.0	0.0	0.0013228	0.0013812	8.658E-4	0.0018349	0.0030817	0.0014641	0.0	0.0022624	0.0	0.0050891	0.0042194	0.0	0.0	0.0	0.0	0.0	0.0	0.0	0.0019048	0.0	0.0	0.0	0.0	0.0	0.0	0.0	0.0	0.0	0.0	0.0	0.0	0.0	0.0	0.0	0.0	
limicole sp.	0.0	0.0020408	0.0	0.0014472	0.0	0.0	0.0	0.0	0.0025253	0.0	0.0	0.0	0.0	0.0	0.0	8.658E-4	0.0	0.0	0.0	0.0	0.0	0.0	0.0	0.0021097	0.0	0.0	0.0	0.0	0.0	0.0030303	0.0	0.0	0.0	0.0	0.0	0.0024691	0.0	0.0	0.0	0.0	0.0	0.0	0.0036496	0.0	0.0	0.0033784	0.0033333	0.0	
Mouette pygmée	0.0	0.0	0.0	0.0028944	0.0	0.0	0.0	0.0	0.0	0.0	0.0	0.0	0.0	0.0	0.0	0.0	0.0	0.0	0.0	0.0	0.0	0.0	0.0	0.0	0.0	0.0	0.0	0.0	0.0	0.0	0.0	0.0	0.0	0.0	0.0	0.0	0.0	0.0	0.0	0.0	0.0	0.003367	0.0218978	0.0078534	0.003268	0.0101351	0.0066667	0.0	
Goéland railleur	0.0	0.0	0.0	0.0	0.0	0.0	0.0	0.0	0.0	0.0	0.0	0.0	0.0	0.0	0.0	0.0	0.0018349	0.0015408	0.0	0.0	0.0	0.0	0.0	0.0	0.003096	0.0	0.0	0.0	0.0	0.0	0.0	0.0	0.0	0.0	0.0	0.0	0.0	0.0	0.0	0.0	0.0	0.0	0.0	0.0	0.0	0.0	0.0	0.0	
Mouette rieuse	0.0708661	0.0795918	0.0580046	0.1128799	0.0905172	0.0726872	0.0907407	0.0901099	0.0808081	0.091858	0.0822785	0.0278884	0.0159151	0.021164	0.0165746	0.0121212	0.0238532	0.0200308	0.0263543	0.0065147	0.0271493	0.0174292	0.0101781	0.0400844	0.0433437	0.0510204	0.0733591	0.0584551	0.0517241	0.0484848	0.0631313	0.0857143	0.0389222	0.0613333	0.0430464	0.0518519	0.059322	0.0568182	0.0568182	0.035	0.0516605	0.0538721	0.1131387	0.1073298	0.0882353	0.1317568	0.1233333	0.1050847	
Goéland ichthyaète	0.0	0.0	0.0	0.0	0.0	0.0	0.0	0.0	0.0	0.0271399	0.0084388	0.0	0.0	0.0	0.0	0.0	0.0	0.0	0.0	0.0	0.0	0.0	0.0	0.0	0.0	0.0	0.0	0.0	0.0	0.0	0.0	0.0	0.0	0.0	0.0	0.0	0.0	0.0	0.0	0.0	0.0	0.0	0.0	0.0	0.0	0.0	0.0	0.0	
Goéland d'Audouin	0.0	0.0	0.0	0.0	0.0	0.0	0.0	0.0	0.0	0.0	0.0	0.0	0.0	0.0	0.0	0.0	0.0	0.0	0.0	0.0	0.0	0.0	0.0	0.0	0.0	0.0	0.003861	0.0	0.0034483	0.0	0.0	0.0	0.0	0.0	0.0	0.0	0.0	0.0	0.0	0.0	0.0	0.0	0.0	0.0	0.0	0.0	0.0	0.0	
Mouette mélanocéphale	0.0019685	0.0020408	0.0	0.0014472	0.0064655	0.0022026	0.0	0.0015	0.0015	0.0	0.0021097	0.0	0.0	0.0	0.0	8.658E-4	0.0	0.0	0.0014641	0.0	0.0	0.0	0.0	0.0	0.0015	0.005102	0.003861	0.0041754	0.0068966	0.0	0.0025253	0.0019048	0.0	0.0015	0.0	0.0049383	0.0056497	0.0	0.0	0.0	0.0	0.0	0.0036496	0.0	0.003268	0.0033784	0.0	0.0	
Goéland cendré	0.007874	0.0061224	0.0092807	0.0072359	0.0043103	0.0044053	0.012963	0.0087912	0.0025253	0.0020877	0.0105485	0.001328	0.0	0.0	0.0	0.0	0.0	0.0	0.0	0.0	0.0	0.0	0.0	0.0	0.0	0.0	0.0	0.0	0.0	0.0	0.0	0.0	0.0	0.0	0.0	0.0	0.0	0.0	0.0	0.0	0.0	0.0	0.0	0.0	0.003268	0.0	0.0	0.0033898	
Goéland leucophée	0.003937	0.0183673	0.0116009	0.0202605	0.0193966	0.0154185	0.0092593	0.0241758	0.0075758	0.0146138	0.0147679	0.0079681	0.0026525	0.005291	0.0041436	0.0051948	0.0036697	0.0015408	0.0029283	0.0040717	0.0	0.0043573	0.0	0.0042194	0.0	0.002551	0.011583	0.0020877	0.0068966	0.0121212	0.0151515	0.0095238	0.005988	0.0053333	0.0066225	0.0074074	0.0084746	0.0142045	0.0075758	0.0125	0.0	0.003367	0.0145985	0.0078534	0.0	0.0033784	0.01	0.0169492	
Goéland pontique ou G. leucophée	0.0	0.0	0.0	0.0	0.0	0.0	0.0	0.0	0.0	0.0	0.0	0.0	0.0	0.0	0.0	0.0	0.0	0.0	0.0014641	0.0	0.0	0.0	0.0	0.0	0.0	0.0	0.0	0.0	0.0	0.0	0.0	0.0	0.0	0.0	0.0	0.0	0.0	0.0	0.0	0.0	0.0	0.0	0.0	0.0	0.0	0.0	0.0	0.0	
Goéland marin	0.0	0.0	0.0	0.0	0.0	0.0	0.0	0.0	0.0025253	0.0	0.0	0.0	0.0	0.0	0.0	0.0	0.0	0.0	0.0	0.0	0.0	0.0	0.0	0.0	0.0	0.0	0.0	0.0	0.0	0.0	0.0	0.0	0.0	0.0	0.0	0.0	0.0	0.0	0.0	0.0	0.0	0.0	0.0	0.0	0.0	0.0	0.0	0.0	
Goéland brun	0.1712598	0.2183673	0.2018561	0.2344428	0.2241379	0.1894273	0.1777778	0.210989	0.1590909	0.1398747	0.1329114	0.0783533	0.0331565	0.0330688	0.031768	0.0181818	0.0238532	0.0231125	0.0322108	0.0105863	0.0158371	0.0261438	0.0229008	0.0337553	0.0092879	0.0280612	0.042471	0.0334029	0.037931	0.0393939	0.0555556	0.0819048	0.0658683	0.0453333	0.0629139	0.0617284	0.0621469	0.0767045	0.094697	0.1025	0.0885609	0.1380471	0.1788321	0.1492147	0.1928105	0.2195946	0.2433333	0.220339	
Goéland leucophée ou G. brun	0.003937	0.0102041	0.0092807	0.0115774	0.0086207	0.0044053	0.0074074	0.0131868	0.0075758	0.006263	0.0105485	0.0039841	0.0026525	0.005291	0.0041436	0.0017316	0.0036697	0.0	0.0029283	0.0016287	0.0045249	0.0043573	0.0025445	0.0042194	0.0	0.005102	0.0	0.0020877	0.0	0.0030303	0.0151515	0.0019048	0.005988	0.0	0.0	0.0024691	0.0028249	0.0056818	0.0037879	0.005	0.00369	0.0015	0.0036496	0.013089	0.0098039	0.0236486	0.0133333	0.0169492	
goéland sp. (Larus sp.)	0.0019685	0.0040816	0.0046404	0.0015	0.0043103	0.0022026	0.0018519	0.0043956	0.0050505	0.0020877	0.0	0.001328	0.0026525	0.0013228	0.0027624	8.658E-4	0.0018349	0.0030817	0.0	0.0089577	0.0	0.0	0.0025445	0.0	0.0	0.005102	0.0	0.0020877	0.0	0.0	0.0	0.007619	0.0	0.0	0.0	0.0024691	0.0	0.0028409	0.0113636	0.0025	0.0073801	0.013468	0.0036496	0.0052356	0.0	0.0033784	0.0	0.0033898	
goéland ou mouette sp.	0.0015	0.0	0.0	0.0015	0.0021552	0.0022026	0.0	0.0	0.0025253	0.0	0.0021097	0.001328	0.0	0.0	0.0	0.0	0.0	0.0	0.0043924	0.0015	0.0	0.0	0.0	0.0	0.0	0.0	0.0	0.0	0.0	0.0	0.0	0.0	0.0	0.0	0.0015	0.0	0.0	0.0028409	0.0	0.0	0.0	0.0	0.0	0.0	0.0	0.0	0.0033333	0.0	
Sterne naine	0.0	0.0	0.0	0.0	0.0	0.0	0.0	0.0	0.0	0.0	0.0	0.0	0.0	0.0039683	0.0	0.0112554	0.0091743	0.0154083	0.0087848	0.002443	0.0135747	0.0108932	0.0101781	0.0274262	0.0092879	0.0306122	0.030888	0.0187891	0.0241379	0.0272727	0.0429293	0.0704762	0.0149701	0.0053333	0.0066225	0.0098765	0.0028249	0.0	0.0	0.0	0.0	0.0	0.0	0.0	0.0	0.0	0.0	0.0	
Sterne hansel	0.0	0.0	0.0023202	0.0	0.0021552	0.0	0.0	0.0	0.0	0.0	0.0	0.0039841	0.0013263	0.0066138	0.0015	0.0051948	0.0036697	0.0	0.0029283	8.143E-4	0.0	0.0021786	0.0050891	0.0105485	0.0092879	0.0153061	0.019305	0.0146138	0.0068966	0.0151515	0.0126263	0.032381	0.002994	0.0026667	0.0066225	0.0074074	0.0	0.0028409	0.0	0.0	0.0	0.0	0.0	0.0	0.0	0.0	0.0015	0.0016949	
Sterne caspienne	0.0059055	0.0040816	0.0	0.0086831	0.0021552	0.0022026	0.0055556	0.0	0.0050505	0.0020877	0.0	0.001328	0.0	0.0026455	0.0013812	0.0017316	0.0	0.0	0.0014641	0.0	0.0045249	0.0	0.0	0.0042194	0.003096	0.0076531	0.0	0.0020877	0.0034483	0.0030303	0.0025253	0.0	0.005988	0.008	0.0	0.0049383	0.0141243	0.0056818	0.0037879	0.0025	0.0	0.003367	0.0109489	0.0052356	0.0	0.0067568	0.0266667	0.0067797	
Guifette moustac	0.0	0.0	0.0023202	0.0	0.0021552	0.0066079	0.0055556	0.0	0.0	0.0	0.0084388	0.001328	0.0	0.0066138	0.0041436	8.658E-4	0.0073394	0.0	0.0043924	0.0	0.0045249	0.0015	0.0025445	0.0	0.0	0.0	0.0	0.0	0.0	0.0	0.0	0.0019048	0.0	0.0	0.0	0.0024691	0.0	0.0	0.0	0.0	0.0	0.0015	0.0072993	0.0	0.0	0.0	0.0033333	0.0016949	
Guifette noire	0.0	0.0	0.0	0.0	0.0	0.0	0.0	0.0	0.0	0.0	0.0	0.0	0.0	0.0	0.0	0.0	0.0073394	0.0015408	0.0	0.0	0.0	0.0	0.0	0.0042194	0.0	0.0	0.0	0.0	0.0	0.0	0.0025253	0.0019048	0.002994	0.0106667	0.0099338	0.0098765	0.0028249	0.0056818	0.0	0.0	0.0	0.0	0.0	0.0	0.0	0.0	0.0	0.0	
Guifette leucoptère	0.0	0.0	0.0	0.0	0.0	0.0	0.0	0.0	0.0	0.0	0.0	0.0	0.0	0.0	0.0	0.0	0.0	0.0	0.0	0.0	0.0	0.0	0.0	0.0	0.0	0.0	0.0	0.0	0.0	0.0	0.0	0.0	0.002994	0.0	0.0033113	0.0049383	0.0	0.0	0.0	0.0	0.0	0.0	0.0	0.0	0.0	0.0	0.0	0.0	
guifette sp.	0.0	0.0	0.0	0.0	0.0	0.0	0.0	0.0	0.0	0.0	0.0	0.0	0.0013263	0.0	0.0	0.0	0.0018349	0.0	0.0	0.0	0.0	0.0	0.0	0.0	0.0	0.0	0.0	0.0	0.0	0.0	0.0	0.0	0.0	0.0	0.0	0.0	0.0	0.0	0.0	0.0	0.0	0.0	0.0	0.0	0.0	0.0	0.0	0.0	
Sterne pierregarin	0.0	0.0	0.0	0.0	0.0	0.0	0.0	0.0	0.0	0.0	0.0	0.0	0.0	0.0	0.0	0.0	0.0	0.0015408	0.0	0.0	0.0	0.0021786	0.0025445	0.0	0.0	0.002551	0.0	0.0	0.0034483	0.0	0.0	0.0	0.0	0.0	0.0	0.0015	0.0	0.0	0.0	0.0	0.0	0.0	0.0	0.0	0.0	0.0	0.0	0.0	
Sterne caugek	0.0059055	0.0020408	0.0046404	0.0086831	0.0107759	0.0088106	0.0111111	0.0065934	0.0025253	0.0083507	0.0063291	0.001328	0.0013263	0.0	0.0	0.0	0.0	0.0	0.0	0.0	0.0	0.0	0.0	0.0	0.0	0.002551	0.0	0.0	0.0	0.0030303	0.0050505	0.0095238	0.002994	0.0026667	0.0066225	0.0024691	0.0084746	0.0113636	0.0037879	0.005	0.0110701	0.003367	0.0072993	0.0157068	0.0	0.0033784	0.03	0.0118644	
sterne sp.	0.0	0.0	0.0	0.0015	0.0	0.0	0.0	0.0	0.0	0.0	0.0	0.0	0.0	0.0	0.0	0.0	0.0	0.0	0.0	0.0	0.0	0.0	0.0	0.0	0.0	0.0	0.0	0.0	0.0	0.0	0.0	0.0	0.0	0.0	0.0	0.0	0.0	0.0	0.0	0.0	0.0	0.0	0.0	0.0	0.0	0.0	0.0	0.0	
Flamant rose	0.023622	0.0306122	0.025522	0.0318379	0.0280172	0.0286344	0.0333333	0.0153846	0.0277778	0.0334029	0.0316456	0.0265604	0.0251989	0.021164	0.0331492	0.030303	0.0330275	0.0338983	0.0351391	0.0114007	0.0361991	0.0348584	0.0356234	0.056962	0.0526316	0.0535714	0.0733591	0.0480167	0.0586207	0.0575758	0.0757576	0.1142857	0.0688623	0.056	0.0562914	0.0641975	0.0677966	0.0681818	0.0378788	0.03	0.0147601	0.026936	0.0656934	0.0340314	0.0065359	0.0506757	0.07	0.0440678	
Flamant nain	0.0	0.0	0.0	0.0	0.0	0.0110132	0.0	0.0	0.0	0.0	0.0	0.0	0.0	0.0	0.0	0.0	0.0	0.0	0.0	0.0	0.0	0.0	0.0	0.0	0.0	0.0	0.0	0.0	0.0	0.0	0.0025253	0.0190476	0.002994	0.008	0.0	0.0	0.0	0.0	0.0	0.0	0.0	0.0	0.0	0.0	0.0	0.0	0.0266667	0.0033898	
Grèbe castagneux	0.1062992	0.1122449	0.099768	0.0940666	0.1163793	0.0748899	0.1	0.1076923	0.0808081	0.1022965	0.0907173	0.0690571	0.0411141	0.0542328	0.0497238	0.0458874	0.053211	0.0493066	0.0541728	0.0309446	0.0542986	0.0588235	0.0763359	0.0738397	0.0743034	0.0867347	0.1081081	0.131524	0.1172414	0.0939394	0.1565657	0.1580952	0.1137725	0.1173333	0.102649	0.1333333	0.1638418	0.1477273	0.1439394	0.1025	0.0885609	0.0841751	0.1386861	0.1073298	0.1143791	0.1351351	0.13	0.1237288	
Grèbe huppé	0.0354331	0.0346939	0.0440835	0.0318379	0.0625	0.030837	0.0462963	0.0615385	0.0454545	0.045929	0.0548523	0.0358566	0.0132626	0.0224868	0.0151934	0.0147186	0.0293578	0.0246533	0.0292826	0.0187296	0.0158371	0.0283224	0.0381679	0.0232068	0.0154799	0.0280612	0.03861	0.0271399	0.0448276	0.0363636	0.0227273	0.0609524	0.0209581	0.024	0.0099338	0.0271605	0.0112994	0.0284091	0.0151515	0.0025	0.0015	0.013468	0.0109489	0.0104712	0.003268	0.0304054	0.0333333	0.0355932	
Grèbe à cou noir	0.0019685	0.0020408	0.0	0.0043415	0.0	0.0	0.0	0.0	0.0	0.0020877	0.0	0.0	0.0	0.0	0.0	0.0	0.0	0.0	0.0	0.0	0.0	0.0	0.0	0.0	0.0	0.0	0.0	0.0	0.0	0.0	0.0075758	0.0038095	0.0	0.0	0.0033113	0.0024691	0.0	0.0	0.0075758	0.015	0.0147601	0.016835	0.0109489	0.0052356	0.003268	0.0	0.0	0.0033898	
Podiceps sp.	0.0	0.0	0.0	0.0	0.0	0.0	0.0	0.0	0.0	0.0	0.0	0.0	0.0	0.0	0.0	0.0	0.0	0.0	0.0	0.0	0.0	0.0	0.0	0.0	0.0	0.0	0.0	0.0	0.0	0.0	0.0	0.0	0.0	0.0	0.0	0.0	0.0	0.0	0.0	0.0025	0.0	0.0	0.0	0.0	0.0	0.0	0.0	0.0	
Cigogne noire	0.003937	0.0122449	0.0	0.0043415	0.0064655	0.0044053	0.0074074	0.0131868	0.010101	0.0083507	0.0147679	0.002656	0.005305	0.0066138	0.0069061	0.0060606	0.0091743	0.0138675	0.0058565	0.0057003	0.0113122	0.0065359	0.0178117	0.021097	0.0123839	0.0229592	0.011583	0.0187891	0.0172414	0.0151515	0.0176768	0.0038095	0.002994	0.0133333	0.0066225	0.0049383	0.0028249	0.0113636	0.0015	0.0025	0.00369	0.003367	0.0072993	0.0026178	0.0065359	0.0033784	0.0066667	0.0101695	
Cigogne blanche	0.2814961	0.3122449	0.3039443	0.3212735	0.3383621	0.2995595	0.3074074	0.3934066	0.3510101	0.3382046	0.3628692	0.3399734	0.2480106	0.260582	0.3024862	0.2692641	0.3376147	0.3050847	0.2986823	0.2467427	0.3710407	0.328976	0.3358779	0.3544304	0.2910217	0.2678571	0.2625483	0.1524008	0.1275862	0.1030303	0.1136364	0.0895238	0.0538922	0.0613333	0.0596026	0.0567901	0.0564972	0.0710227	0.155303	0.1275	0.195572	0.2121212	0.2518248	0.2068063	0.2745098	0.2972973	0.29	0.3220339	
Fou de Bassan	0.0	0.0	0.0	0.0	0.0	0.0	0.0	0.0	0.0	0.0	0.0	0.0	0.0	0.0	0.0	0.0	0.0	0.0	0.0	0.0	0.0	0.0	0.0	0.0	0.0	0.0	0.0	0.0	0.0	0.0	0.0	0.0	0.0	0.0	0.0	0.0	0.0	0.0	0.0037879	0.0	0.0	0.0	0.0	0.0	0.0	0.0	0.0	0.0	
Grand Cormoran	0.2854331	0.3571429	0.2691415	0.2937771	0.2887931	0.2048458	0.2611111	0.2967033	0.2373737	0.2317328	0.2510549	0.1912351	0.096817	0.0859788	0.0635359	0.0510823	0.0715596	0.0677966	0.0688141	0.0561889	0.0837104	0.1198257	0.1068702	0.1139241	0.0990712	0.1020408	0.1428571	0.1336117	0.1413793	0.1575758	0.1338384	0.1542857	0.1227545	0.12	0.1456954	0.1555556	0.1864407	0.1732955	0.2348485	0.1975	0.2250923	0.2020202	0.2554745	0.2591623	0.2647059	0.3040541	0.2833333	0.2813559	
Ibis rouge	0.0	0.0	0.0	0.0	0.0	0.0	0.0	0.0	0.0	0.0	0.0	0.0	0.0	0.0	0.0	0.0	0.0015	0.0030817	0.0	0.0	0.0	0.0	0.0050891	0.0021097	0.0	0.0	0.0	0.0	0.0	0.0	0.0	0.0	0.0	0.0	0.0015	0.0	0.0	0.0	0.0	0.0	0.0	0.0	0.0	0.0	0.0	0.0	0.0	0.0	
Ibis falcinelle	0.0275591	0.0265306	0.0348028	0.0535456	0.0517241	0.0374449	0.0685185	0.0901099	0.1085859	0.1085595	0.1265823	0.1035857	0.0928382	0.1468254	0.1643646	0.1341991	0.159633	0.1386749	0.1346999	0.1140065	0.1040724	0.1067538	0.0941476	0.1244726	0.1052632	0.127551	0.1389961	0.1273486	0.1517241	0.1666667	0.2020202	0.2038095	0.1467066	0.1466667	0.0960265	0.0641975	0.039548	0.0454545	0.0189394	0.01	0.0110701	0.020202	0.0437956	0.0183246	0.0163399	0.0337838	0.0566667	0.0305085	
Ibis sacré	0.0	0.0	0.0	0.0	0.0	0.0	0.0	0.0	0.0	0.0	0.0	0.0	0.0	0.0	0.0013812	0.0	0.0	0.0	0.0	0.0	0.0	0.0	0.0	0.0	0.0	0.0	0.0	0.0	0.0	0.0	0.0	0.0	0.0	0.0	0.0	0.0	0.0	0.0	0.0	0.0	0.0	0.0	0.0	0.0	0.0	0.0	0.0	0.0	
Ibis chauve	0.0	0.0	0.0	0.0	0.0	0.0	0.0	0.0	0.0	0.0	0.0	0.0	0.0	0.0	0.0	0.0	0.0	0.0	0.0	0.0	0.0	0.0	0.0	0.0	0.0	0.0	0.0	0.0	0.0	0.0	0.0	0.0	0.0	0.0	0.0	0.0024691	0.0028249	0.0	0.0	0.0	0.0	0.0	0.0	0.0	0.0	0.0	0.0	0.0	
Spatule blanche	0.0472441	0.0489796	0.0417633	0.0564399	0.0625	0.0418502	0.0685185	0.0791209	0.0858586	0.0688935	0.0991561	0.0557769	0.0424403	0.0502646	0.0552486	0.0528139	0.0899083	0.1078582	0.1068814	0.0529316	0.0723982	0.1045752	0.1043257	0.1181435	0.0619195	0.1147959	0.1196911	0.091858	0.0931034	0.0969697	0.1136364	0.1142857	0.0688623	0.056	0.0596026	0.0617284	0.0734463	0.0852273	0.0454545	0.045	0.0221402	0.040404	0.0620438	0.0340314	0.0588235	0.0608108	0.08	0.0559322	
Butor étoilé	0.0	0.0	0.0	0.0	0.0	0.0	0.0018519	0.0	0.0	0.0	0.0	0.0	0.0	0.0	0.0	0.0	0.0	0.0	0.0	0.0	0.0	0.0	0.0	0.0	0.0	0.0	0.0	0.0	0.0	0.0	0.0	0.0	0.0	0.0	0.0	0.0	0.0	0.0	0.0	0.0	0.0	0.0	0.0	0.0	0.0	0.0	0.0	0.0	
Blongios nain	0.003937	0.0040816	0.0092807	0.0028944	0.012931	0.0044053	0.0	0.0043956	0.0050505	0.0041754	0.0105485	0.0066401	0.0066313	0.0013228	0.0055249	0.0069264	0.0091743	0.0107858	0.0058565	0.0065147	0.0113122	0.0065359	0.0050891	0.021097	0.0185759	0.0229592	0.011583	0.006263	0.0482759	0.0212121	0.0227273	0.0133333	0.0209581	0.0186667	0.0099338	0.0098765	0.0112994	0.0198864	0.0037879	0.0075	0.00369	0.006734	0.0072993	0.0104712	0.0196078	0.0067568	0.02	0.0067797	
Bihoreau gris	0.0	0.0015	0.0	0.0015	0.0	0.0022026	0.0092593	0.0065934	0.0176768	0.0104384	0.0189873	0.0159363	0.0066313	0.0185185	0.0165746	0.0164502	0.0293578	0.0431433	0.0190337	0.0236156	0.0226244	0.0522876	0.0534351	0.0506329	0.0278638	0.0382653	0.030888	0.0250522	0.0448276	0.0454545	0.0227273	0.0095238	0.005988	0.0213333	0.0033113	0.0015	0.0	0.0	0.0075758	0.0025	0.0015	0.003367	0.0072993	0.0	0.0	0.0033784	0.0015	0.0016949	
Aigrette garzette	0.1594488	0.1877551	0.1508121	0.1794501	0.1530172	0.1453744	0.1666667	0.1758242	0.1590909	0.1419624	0.1624473	0.1381142	0.0822281	0.0899471	0.0828729	0.0761905	0.1211009	0.1093991	0.1288433	0.0667752	0.1108597	0.1525054	0.1450382	0.1708861	0.1424149	0.1607143	0.1853282	0.1649269	0.1793103	0.1848485	0.2045455	0.2095238	0.1856287	0.176	0.1754967	0.2123457	0.1920904	0.1761364	0.2121212	0.1825	0.1771218	0.1414141	0.2226277	0.1518325	0.130719	0.1959459	0.2233333	0.1728814	
Crabier chevelu	0.0019685	0.0061224	0.0046404	0.0028944	0.0043103	0.0044053	0.0015	0.0087912	0.0025253	0.0104384	0.0	0.0053121	0.0039788	0.005291	0.0041436	0.0060606	0.012844	0.01849	0.0131772	0.009772	0.0090498	0.0305011	0.0178117	0.0253165	0.006192	0.0229592	0.007722	0.0104384	0.0034483	0.0090909	0.0050505	0.0019048	0.002994	0.0053333	0.0033113	0.0024691	0.0028249	0.0	0.0113636	0.0015	0.0015	0.003367	0.0036496	0.0026178	0.003268	0.0033784	0.0	0.0033898	
Héron garde-boeufs	0.2185039	0.2489796	0.2018561	0.2083936	0.2349138	0.2070485	0.2018519	0.1934066	0.1944444	0.1461378	0.1919831	0.1328021	0.1114058	0.1468254	0.1187845	0.1194805	0.1394495	0.1432974	0.1537335	0.1050489	0.1493213	0.1699346	0.1526718	0.2194093	0.1702786	0.1734694	0.1814672	0.2087683	0.262069	0.2454545	0.2121212	0.2038095	0.2335329	0.2026667	0.2384106	0.2296296	0.2344633	0.2301136	0.2613636	0.23	0.2103321	0.2188552	0.2883212	0.1937173	0.2647059	0.2567568	0.27	0.2440678	
Grande Aigrette	0.1397638	0.122449	0.1322506	0.1128799	0.137931	0.0903084	0.1148148	0.1582418	0.1237374	0.1231733	0.1265823	0.0770252	0.0384615	0.0489418	0.0262431	0.0225108	0.0458716	0.0354391	0.0468521	0.0154723	0.0339367	0.0348584	0.0305344	0.0295359	0.0216718	0.0433673	0.027027	0.0292276	0.0344828	0.0242424	0.040404	0.0438095	0.0389222	0.0453333	0.0562914	0.0765432	0.0677966	0.0738636	0.0833333	0.0575	0.0479705	0.0774411	0.1021898	0.0837696	0.0849673	0.1418919	0.1366667	0.120339	
Héron cendré	0.2775591	0.3408163	0.25058	0.2865412	0.3232759	0.2378855	0.2425926	0.2813187	0.2424242	0.263048	0.2658228	0.24834	0.1883289	0.1600529	0.1464088	0.1549784	0.2	0.1864407	0.181552	0.1237785	0.1945701	0.2287582	0.2493639	0.221519	0.1919505	0.2397959	0.2316602	0.2212944	0.2137931	0.2545455	0.2853535	0.2857143	0.2904192	0.2746667	0.3046358	0.2938272	0.3107345	0.2982955	0.344697	0.29	0.2435424	0.2424242	0.310219	0.2591623	0.254902	0.2905405	0.3033333	0.2915254	
Héron pourpré	0.0	0.0	0.0	0.0	0.0	0.0	0.0018519	0.0	0.0050505	0.006263	0.0189873	0.0172643	0.0145889	0.0330688	0.0303867	0.0337662	0.0568807	0.0570108	0.0497804	0.0301303	0.061086	0.0479303	0.0661578	0.0527426	0.0526316	0.0586735	0.0656371	0.0375783	0.037931	0.0515152	0.0151515	0.0095238	0.005988	0.0053333	0.0033113	0.0024691	0.0015	0.0	0.0	0.0	0.0	0.0	0.0	0.0	0.0	0.0	0.0	0.0	
Héron cendré ou H. pourpré	0.0	0.0	0.0	0.0	0.0	0.0	0.0	0.0	0.0	0.0	0.0	0.0	0.0	0.0	0.0013812	0.0	0.0	0.0	0.0	8.143E-4	0.0	0.0	0.0	0.0	0.0	0.0	0.0	0.0	0.0	0.0	0.0	0.0	0.0	0.0	0.0	0.0	0.0	0.0	0.0	0.0	0.0	0.0	0.0	0.0	0.0	0.0	0.0	0.0	
Ardea sp.	0.0	0.0	0.0	0.0	0.0	0.0	0.0	0.0	0.0	0.0	0.0	0.0	0.0	0.0	0.0	0.0	0.0	0.0	0.0	0.0	0.0	0.0	0.0	0.0	0.0	0.002551	0.0	0.0	0.0	0.0	0.0	0.0	0.0	0.0	0.0	0.0	0.0	0.0	0.0	0.0	0.0	0.0	0.0	0.0	0.0	0.0	0.0	0.0	
aigrette ou héron blanc sp.	0.0	0.0	0.0023202	0.0	0.0	0.0	0.0	0.0	0.0	0.0	0.0	0.0	0.0	0.0026455	0.0	0.0015	0.0018349	0.0	0.0	0.0	0.0022624	0.0	0.0	0.0	0.0	0.0	0.0	0.0	0.0015	0.0	0.0	0.0	0.0	0.0	0.0	0.0	0.0	0.0	0.0	0.0025	0.0	0.0	0.0	0.0	0.0	0.0	0.0	0.0	
Balbuzard pêcheur	0.0728346	0.0918367	0.0580046	0.0998553	0.0732759	0.0462555	0.0555556	0.0615385	0.0681818	0.0563674	0.0527426	0.0225764	0.0159151	0.0145503	0.019337	0.0069264	0.0091743	0.0077042	0.0102489	0.0032573	0.0067873	0.0261438	0.0127226	0.0168776	0.006192	0.0076531	0.015444	0.0125261	0.0206897	0.0060606	0.0176768	0.0419048	0.0389222	0.0533333	0.0562914	0.0716049	0.0536723	0.0568182	0.0719697	0.0675	0.0701107	0.023569	0.0656934	0.0314136	0.0620915	0.0574324	0.0833333	0.0694915	
Élanion blanc	0.1023622	0.1081633	0.0904872	0.0607815	0.0948276	0.0660793	0.0611111	0.0637363	0.0530303	0.0417537	0.0295359	0.0504648	0.0251989	0.0238095	0.0345304	0.0363636	0.040367	0.0323575	0.033675	0.0252443	0.040724	0.0610022	0.0483461	0.0611814	0.0650155	0.0357143	0.0656371	0.0605428	0.0827586	0.0848485	0.0782828	0.0857143	0.0958084	0.0933333	0.0761589	0.0839506	0.0988701	0.0909091	0.1439394	0.085	0.1070111	0.0707071	0.1058394	0.0706806	0.0915033	0.1047297	0.1233333	0.1254237	
Percnoptère d'Égypte	0.0	0.0	0.0	0.0	0.0	0.0	0.0	0.0	0.0	0.0	0.0	0.0	0.0013263	0.0	0.0	8.658E-4	0.0018349	0.0015408	0.0	0.0016287	0.0	0.0	0.0025445	0.0	0.0	0.002551	0.0	0.0	0.0	0.0	0.0	0.0	0.0	0.0	0.0	0.0	0.0028249	0.0	0.0	0.0	0.0	0.0	0.0	0.0	0.0	0.0	0.0	0.0	
Bondrée apivore	0.0	0.0	0.0	0.0	0.0	0.0	0.0	0.0	0.0	0.0	0.0	0.0	0.0013263	0.0013228	0.0027624	0.0034632	0.0146789	0.01849	0.0058565	0.0179153	0.0135747	0.0261438	0.0279898	0.0168776	0.0278638	0.0178571	0.0540541	0.0584551	0.0517241	0.0181818	0.0707071	0.0152381	0.002994	0.0106667	0.0099338	0.0015	0.0	0.0	0.0	0.0	0.0	0.0	0.0	0.0	0.0	0.0	0.0	0.0	
Vautour moine	0.0	0.0020408	0.0	0.0	0.0021552	0.0	0.0	0.0	0.0	0.0	0.0063291	0.0015	0.0026525	0.0026455	0.0013812	0.0034632	0.0	0.0077042	0.0073206	8.143E-4	0.0067873	0.0043573	0.0076336	0.0	0.003096	0.0076531	0.0	0.0015	0.0034483	0.0030303	0.0126263	0.0038095	0.002994	0.0026667	0.0033113	0.0024691	0.0028249	0.0056818	0.0	0.0015	0.0	0.0	0.0	0.0	0.0	0.0	0.0	0.0	
Vautour de Rüppell	0.0	0.0	0.0	0.0	0.0	0.0	0.0	0.0	0.0	0.0	0.0	0.0	0.0	0.0	0.0	0.0	0.0	0.0	0.0	0.0	0.0	0.0	0.0	0.0	0.0	0.0	0.0	0.0	0.0034483	0.0	0.0	0.0	0.0	0.0	0.0	0.0	0.0	0.0	0.0	0.0	0.0	0.0	0.0	0.0	0.0	0.0	0.0	0.0	
Vautour fauve	0.0098425	0.0040816	0.0092807	0.0014472	0.0043103	0.0088106	0.0037037	0.0043956	0.0050505	0.0	0.0063291	0.0066401	0.0039788	0.0224868	0.0082873	0.0112554	0.0110092	0.0138675	0.0175695	0.0138436	0.0271493	0.0283224	0.0178117	0.0126582	0.0123839	0.0153061	0.011583	0.0104384	0.0137931	0.0060606	0.0252525	0.0114286	0.0149701	0.016	0.0033113	0.0	0.0028249	0.0142045	0.0015	0.0075	0.00369	0.010101	0.0036496	0.0026178	0.0065359	0.0	0.0	0.0084746	
Circaète Jean-le-Blanc	0.0	0.0	0.0	0.0	0.0	0.0	0.0	0.0021978	0.0252525	0.0229645	0.0421941	0.0292165	0.035809	0.0529101	0.0455801	0.0354978	0.0293578	0.0323575	0.0351391	0.0203583	0.040724	0.0457516	0.0534351	0.0400844	0.0526316	0.0510204	0.0501931	0.0501044	0.0482759	0.0393939	0.0555556	0.0495238	0.0508982	0.0533333	0.0397351	0.0271605	0.0112994	0.0	0.0	0.0025	0.0	0.0	0.0	0.0	0.0	0.0	0.0	0.0	
Aigle botté	0.0413386	0.0326531	0.0440835	0.0506512	0.0581897	0.0352423	0.0314815	0.0505495	0.0277778	0.0563674	0.092827	0.1606906	0.1538462	0.1917989	0.1878453	0.1290043	0.187156	0.1771957	0.1683748	0.1262215	0.199095	0.2331155	0.216285	0.2531646	0.2817337	0.1964286	0.2702703	0.2400835	0.2862069	0.3151515	0.3510101	0.3180952	0.3443114	0.248	0.1622517	0.054321	0.0480226	0.0170455	0.0265152	0.025	0.0369004	0.023569	0.0145985	0.0183246	0.0163399	0.0236486	0.03	0.0355932	
Aigle royal	0.0	0.0	0.0	0.0	0.0	0.0	0.0	0.0	0.0	0.0	0.0	0.0	0.0	0.0	0.0	0.0	0.0	0.0	0.0	0.0	0.0	0.0	0.0	0.0	0.0	0.0	0.0	0.0	0.0	0.0	0.0	0.0	0.0	0.0	0.0	0.0	0.0	0.0	0.0	0.0	0.0	0.0	0.0	0.0015	0.0	0.0	0.0015	0.0015	
Aigle de Bonelli	0.0019685	0.0081633	0.0023202	0.0072359	0.012931	0.0110132	0.0111111	0.0043956	0.020202	0.0041754	0.0084388	0.0039841	0.0039788	0.0132275	0.0055249	0.0025974	0.0036697	0.0	0.0087848	0.002443	0.0045249	0.0043573	0.0	0.0042194	0.006192	0.005102	0.0	0.0041754	0.0103448	0.0121212	0.0126263	0.0266667	0.011976	0.0106667	0.013245	0.0123457	0.0112994	0.0142045	0.0113636	0.0075	0.0073801	0.003367	0.0109489	0.0104712	0.003268	0.0101351	0.0133333	0.0067797	
Aquila sp.	0.0	0.0	0.0	0.0	0.0	0.0	0.0	0.0	0.0	0.0	0.0	0.0	0.0	0.0	0.0	0.0	0.0015	0.0	0.0	0.0	0.0	0.0	0.0	0.0	0.003096	0.0	0.0	0.0	0.0	0.0	0.0	0.0	0.0	0.0	0.0	0.0	0.0	0.0	0.0	0.0	0.0	0.003367	0.0	0.0	0.0	0.0	0.0	0.0	
Épervier d'Europe	0.0472441	0.0632653	0.0324826	0.0463097	0.0409483	0.0440529	0.0444444	0.0461538	0.0353535	0.0271399	0.0316456	0.0278884	0.0198939	0.0185185	0.0179558	0.012987	0.0201835	0.0169492	0.0131772	0.0114007	0.0045249	0.0174292	0.0076336	0.0189873	0.0185759	0.0127551	0.019305	0.0313152	0.0413793	0.0333333	0.030303	0.0419048	0.0568862	0.0133333	0.0198675	0.0345679	0.0536723	0.0255682	0.0492424	0.075	0.0516605	0.037037	0.0474453	0.052356	0.0522876	0.0608108	0.0333333	0.0423729	
Autour des palombes	0.015748	0.0142857	0.0116009	0.0173661	0.0280172	0.0132159	0.0074074	0.0175824	0.0075758	0.0104384	0.0147679	0.0092961	0.0119363	0.0026455	0.0041436	0.004329	0.0146789	0.009245	0.0102489	0.0040717	0.0090498	0.0108932	0.0	0.0021097	0.0154799	0.0102041	0.015444	0.0104384	0.0137931	0.0181818	0.010101	0.0190476	0.008982	0.0026667	0.013245	0.0123457	0.0225989	0.0085227	0.0227273	0.0075	0.0221402	0.016835	0.0182482	0.0104712	0.0098039	0.0236486	0.0166667	0.0101695	
Épervier d'Europe ou Autour des palombes	0.0	0.0	0.0	0.0	0.0	0.0	0.0	0.0	0.0	0.0	0.0	0.001328	0.0	0.0	0.0	0.0	0.0	0.0	0.0	0.0	0.0	0.0	0.0	0.0	0.0	0.0	0.0	0.0	0.0	0.0	0.0	0.0	0.0	0.0	0.0	0.0	0.0028249	0.0	0.0	0.0	0.0	0.003367	0.0	0.0	0.0	0.0	0.0	0.0	
Aerospiza, Tachyspiza, Accipiter ou Astur sp.	0.0098425	0.0040816	0.0046404	0.0014472	0.0021552	0.0	0.0018519	0.0021978	0.0015	0.0	0.0021097	0.0	0.0	0.0026455	0.0	0.0	0.0	0.0	0.0	0.0	0.0045249	0.0	0.0	0.0021097	0.003096	0.0	0.0	0.0	0.0034483	0.0	0.0025253	0.0	0.0	0.0026667	0.0	0.0049383	0.0056497	0.0	0.0	0.0025	0.0	0.003367	0.0	0.0026178	0.0	0.0033784	0.0033333	0.0	
Busard des roseaux	0.1181102	0.155102	0.1183295	0.1403763	0.1422414	0.0947137	0.1351852	0.1362637	0.1136364	0.1148225	0.1202532	0.0810093	0.0676393	0.0489418	0.0718232	0.0545455	0.0788991	0.0677966	0.0629575	0.0325733	0.0633484	0.0653595	0.0661578	0.1075949	0.0712074	0.0918367	0.1274131	0.0897704	0.1137931	0.0969697	0.1388889	0.1333333	0.1227545	0.0986667	0.0993377	0.0962963	0.1412429	0.1335227	0.1628788	0.1075	0.095941	0.0875421	0.1715328	0.1256545	0.1111111	0.1891892	0.17	0.1559322	
Busard Saint-Martin	0.0295276	0.0326531	0.0162413	0.0173661	0.0301724	0.0110132	0.0111111	0.0241758	0.010101	0.0167015	0.0042194	0.0066401	0.0013263	0.0	0.0	8.658E-4	0.0	0.0015408	0.0	0.0	0.0	0.0015	0.0	0.0	0.0	0.0	0.0	0.0	0.0	0.0	0.0	0.0	0.002994	0.0	0.0033113	0.0098765	0.0112994	0.0085227	0.0151515	0.0175	0.0332103	0.010101	0.0145985	0.0183246	0.0196078	0.0405405	0.0366667	0.0152542	
Busard cendré	0.0	0.0	0.0	0.0	0.0	0.0	0.0	0.0	0.0	0.0020877	0.0	0.0	0.0026525	0.0013228	0.0027624	8.658E-4	0.0	0.0	0.0015	8.143E-4	0.0	0.0015	0.0	0.0021097	0.003096	0.0	0.0	0.0041754	0.0	0.0030303	0.0	0.0057143	0.0015	0.0015	0.0033113	0.0	0.0028249	0.0	0.0	0.0	0.0	0.0	0.0	0.0	0.0	0.0	0.0	0.0	
busard sp.	0.0	0.0	0.0	0.0	0.0	0.0	0.0	0.0	0.0015	0.0	0.0	0.0	0.0	0.0013228	0.0	0.0	0.0	0.0	0.0	0.0	0.0	0.0	0.0	0.0	0.0	0.0	0.0	0.0	0.0	0.0	0.0	0.0	0.0	0.0015	0.0	0.0	0.0	0.0	0.0	0.0	0.0	0.0	0.0	0.0	0.0	0.0033784	0.0	0.0016949	
Milan royal	0.0964567	0.0816327	0.1044084	0.1013025	0.1077586	0.0792952	0.0796296	0.0703297	0.030303	0.0271399	0.0316456	0.0185923	0.0039788	0.0026455	0.0027624	8.658E-4	0.0018349	0.0	0.0015	0.0	0.0	0.0	0.0	0.0	0.0	0.0	0.0	0.0	0.0	0.0	0.0015	0.0	0.0	0.0	0.0	0.0024691	0.0028249	0.0227273	0.0416667	0.07	0.1107011	0.0841751	0.0839416	0.104712	0.1078431	0.0945946	0.0666667	0.0864407	
Milan noir	0.0	0.0	0.0023202	0.0	0.0021552	0.0132159	0.0222222	0.0703297	0.1136364	0.17119	0.2383966	0.2231076	0.1803714	0.1838624	0.1781768	0.1593074	0.2055046	0.2234206	0.2210835	0.1726384	0.2986425	0.2962963	0.2748092	0.3122363	0.3003096	0.2806122	0.2934363	0.2359081	0.1586207	0.0727273	0.0454545	0.0247619	0.0	0.0106667	0.0066225	0.0015	0.0015	0.0056818	0.0	0.0	0.0	0.0	0.0036496	0.0026178	0.0	0.0	0.0	0.0	
Milan royal ou M. noir	0.0	0.0	0.0	0.0	0.0021552	0.0022026	0.0018519	0.0065934	0.0025253	0.0041754	0.0	0.002656	0.0013263	0.0	0.0013812	0.0	0.0	0.0046225	0.0014641	8.143E-4	0.0022624	0.0021786	0.0	0.0	0.003096	0.0	0.0	0.0015	0.0	0.0	0.0	0.0	0.0	0.0	0.0	0.0	0.0	0.0	0.0	0.0	0.0	0.0	0.0	0.0	0.0	0.0	0.0	0.0016949	
Buse variable	0.3090551	0.3306122	0.3364269	0.3241679	0.4375	0.3281938	0.3333333	0.389011	0.3409091	0.2943633	0.3037975	0.2921647	0.2082228	0.2089947	0.218232	0.1896104	0.2220183	0.1879815	0.2005857	0.1604235	0.2149321	0.2135076	0.221374	0.242616	0.2600619	0.2091837	0.2046332	0.2025052	0.2172414	0.2272727	0.2045455	0.2514286	0.239521	0.2506667	0.2417219	0.2469136	0.2457627	0.2130682	0.2954545	0.225	0.2878229	0.3333333	0.3430657	0.2827225	0.2973856	0.2736486	0.3033333	0.3101695	
Buteo sp.	0.0	0.0	0.0	0.0	0.0	0.0	0.0	0.0	0.0	0.0	0.0	0.0	0.0	0.0	0.0	0.0	0.0	0.0	0.0	0.0	0.0022624	0.0	0.0	0.0	0.0	0.0	0.0	0.0	0.0	0.0	0.0	0.0	0.0	0.0	0.0	0.0	0.0	0.0	0.0	0.0	0.0	0.0	0.0	0.0	0.0	0.0	0.0	0.0	
rapace sp.	0.0	0.0	0.0	0.0	0.0	0.0	0.0	0.0	0.0	0.0041754	0.0015	0.0	0.0	0.0	0.0013812	0.0	0.0018349	0.0	0.0014641	0.0	0.0	0.0	0.0	0.0	0.003096	0.0	0.0	0.0	0.0034483	0.0030303	0.0	0.0	0.0	0.0026667	0.0033113	0.0	0.0	0.0	0.0	0.0	0.0	0.0	0.0036496	0.0	0.0	0.0	0.0	0.0	
aigle ou pygargue sp.	0.0	0.0	0.0	0.0	0.0	0.0	0.0	0.0	0.0	0.0	0.0	0.0	0.0	0.0	0.0	0.0	0.0	0.0	0.0	0.0	0.0	0.0	0.0	0.0	0.0	0.0	0.0	0.0	0.0	0.0	0.0	0.0	0.0	0.0	0.0	0.0	0.0	0.0015	0.0	0.0	0.0	0.0	0.0	0.0	0.0	0.0	0.0	0.0	
Effraie des clochers	0.0137795	0.0204082	0.025522	0.0101302	0.012931	0.0176211	0.0185185	0.0065934	0.0227273	0.0417537	0.0063291	0.0185923	0.0079576	0.0092593	0.019337	0.0077922	0.0146789	0.0138675	0.011713	0.0057003	0.020362	0.0326797	0.0152672	0.0084388	0.0216718	0.0153061	0.007722	0.0271399	0.0241379	0.030303	0.0176768	0.0171429	0.011976	0.016	0.0165563	0.0197531	0.0056497	0.0198864	0.0151515	0.0125	0.0110701	0.010101	0.0109489	0.0026178	0.0196078	0.0236486	0.0166667	0.0169492	
Petit-duc scops	0.0	0.0	0.0	0.0	0.0	0.0	0.0	0.0	0.0	0.0	0.0	0.0053121	0.0039788	0.0013228	0.0055249	0.0017316	0.0	0.0061633	0.0073206	0.0032573	0.0045249	0.0043573	0.0050891	0.0042194	0.003096	0.0	0.003861	0.0	0.0	0.0	0.0	0.0	0.0	0.0	0.0	0.0	0.0	0.0	0.0	0.0	0.0	0.0	0.0	0.0	0.0	0.0	0.0	0.0	
Grand-duc d'Europe	0.0059055	0.0040816	0.0046404	0.0014472	0.0064655	0.0044053	0.0074074	0.0065934	0.0025253	0.0020877	0.0	0.001328	0.0015	0.0013228	0.0	0.0017316	0.0018349	0.0015	0.0	0.0	0.0022624	0.0021786	0.0	0.0021097	0.0	0.002551	0.0	0.0041754	0.0015	0.0030303	0.0025253	0.0038095	0.005988	0.0015	0.0	0.0	0.0015	0.0113636	0.0113636	0.0	0.0073801	0.0	0.0015	0.0015	0.0	0.0033784	0.0033333	0.0067797	
Chevêche d'Athéna	0.0452756	0.0571429	0.0510441	0.0636758	0.0862069	0.0748899	0.0796296	0.0615385	0.1186869	0.0772443	0.0632911	0.0690571	0.0464191	0.0357143	0.0303867	0.0285714	0.0275229	0.0308166	0.0278184	0.0309446	0.040724	0.0522876	0.0508906	0.0590717	0.0557276	0.0510204	0.0617761	0.0480167	0.0551724	0.030303	0.040404	0.0380952	0.0538922	0.072	0.0463576	0.0469136	0.0423729	0.0909091	0.0833333	0.085	0.0590406	0.03367	0.0328467	0.0314136	0.0294118	0.0168919	0.07	0.0661017	
Chouette hulotte	0.0472441	0.0510204	0.0649652	0.0535456	0.0474138	0.0814978	0.0444444	0.0351648	0.0606061	0.085595	0.0527426	0.0478088	0.0397878	0.031746	0.0441989	0.030303	0.0550459	0.0292758	0.033675	0.0301303	0.0361991	0.0392157	0.0305344	0.0274262	0.0433437	0.0331633	0.030888	0.0563674	0.037931	0.0333333	0.0328283	0.0438095	0.0508982	0.0586667	0.0496689	0.054321	0.0310734	0.0710227	0.0795455	0.07	0.0553506	0.026936	0.040146	0.0549738	0.0522876	0.0439189	0.05	0.0559322	
Hibou moyen-duc	0.0059055	0.0142857	0.0015	0.0014472	0.0021552	0.0022026	0.0018519	0.0087912	0.0050505	0.0041754	0.0063291	0.0015	0.0066313	0.0013228	0.0027624	0.0034632	0.012844	0.0030817	0.0058565	0.0065147	0.0090498	0.0065359	0.0050891	0.0042194	0.006192	0.005102	0.0015	0.0083507	0.0	0.0121212	0.0015	0.0019048	0.0	0.0015	0.0033113	0.0024691	0.0028249	0.0015	0.0	0.0025	0.00369	0.003367	0.0036496	0.0	0.0	0.0067568	0.0066667	0.0	
Hibou des marais	0.0019685	0.0040816	0.0023202	0.0014472	0.0021552	0.0022026	0.0018519	0.0021978	0.0075758	0.0041754	0.0	0.0015	0.0026525	0.0026455	0.0027624	0.0	0.0036697	0.0015408	0.0	0.0	0.0	0.0	0.0	0.0	0.0	0.0	0.0	0.0	0.0	0.0	0.0	0.0	0.0	0.0	0.0033113	0.0	0.0	0.0	0.0015	0.0	0.00369	0.0	0.0	0.0	0.003268	0.0	0.0133333	0.0016949	
Asio sp.	0.0	0.0	0.0	0.0	0.0	0.0	0.0	0.0	0.0	0.0	0.0	0.0	0.0	0.0	0.0	0.0	0.0	0.0	0.0	0.0	0.0	0.0	0.0	0.0	0.0	0.0	0.0	0.0	0.0	0.0	0.0	0.0	0.0	0.0	0.0	0.0	0.0	0.0	0.0	0.0	0.0	0.0	0.0	0.0	0.003268	0.0	0.0	0.0	
Strigiformes sp.	0.0	0.0020408	0.0	0.0	0.0	0.0	0.0	0.0	0.0	0.0	0.0	0.0	0.0	0.0	0.0	0.0	0.0	0.0	0.0	8.143E-4	0.0	0.0	0.0	0.0	0.0	0.0	0.003861	0.0	0.0	0.0	0.0	0.0	0.0	0.0	0.0	0.0	0.0	0.0	0.0015	0.0	0.00369	0.0	0.0036496	0.0	0.003268	0.0	0.0	0.0	
Huppe fasciée	0.0787402	0.0857143	0.0788863	0.0680174	0.0969828	0.092511	0.1055556	0.1230769	0.1035354	0.1127349	0.1075949	0.1381142	0.1419098	0.1441799	0.0953039	0.1238095	0.1486239	0.1602465	0.1127379	0.0781759	0.0859729	0.1198257	0.1119593	0.092827	0.1393189	0.0841837	0.1660232	0.1189979	0.1310345	0.1333333	0.1388889	0.167619	0.2035928	0.1413333	0.1059603	0.0938272	0.1101695	0.0767045	0.1098485	0.1025	0.0848708	0.0875421	0.1131387	0.0759162	0.0816993	0.0810811	0.05	0.0627119	
Guêpier d'Europe	0.0	0.0	0.0	0.0	0.0	0.0	0.0	0.0	0.0	0.0041754	0.0	0.0464807	0.1962865	0.281746	0.2720994	0.2580087	0.2477064	0.2218798	0.2005857	0.1775244	0.2036199	0.2418301	0.2569975	0.2827004	0.2972136	0.2678571	0.2586873	0.1544885	0.1344828	0.1333333	0.1262626	0.0514286	0.008982	0.0	0.0	0.0	0.0	0.0	0.0	0.0	0.0	0.0	0.0	0.0	0.0	0.0	0.0	0.0	
Martin-pêcheur d'Europe	0.1062992	0.1142857	0.0928074	0.121563	0.1271552	0.1277533	0.1351852	0.1428571	0.0984848	0.0981211	0.0864979	0.0956175	0.0517241	0.0595238	0.0497238	0.0354978	0.0807339	0.0662558	0.0644217	0.0570033	0.0633484	0.0936819	0.1094148	0.1118143	0.1052632	0.127551	0.1891892	0.1837161	0.1931034	0.2212121	0.2171717	0.1904762	0.1886228	0.1813333	0.192053	0.1950617	0.1920904	0.1619318	0.1590909	0.1275	0.095941	0.0875421	0.0839416	0.1256545	0.1143791	0.125	0.1333333	0.1067797	
Rollier d'Europe	0.0	0.0	0.0	0.0	0.0	0.0	0.0	0.0	0.0	0.0	0.0	0.0	0.0	0.0	0.0	0.0	0.0	0.0015	0.0	0.0	0.0	0.0	0.0	0.0	0.0	0.0	0.0015	0.0041754	0.0015	0.0015	0.0075758	0.0019048	0.002994	0.0	0.0	0.0	0.0	0.0	0.0	0.0	0.0	0.0	0.0	0.0	0.0	0.0	0.0	0.0	
Torcol fourmilier	0.0	0.0	0.0023202	0.0028944	0.0064655	0.0066079	0.0055556	0.0043956	0.010101	0.0041754	0.0021097	0.0039841	0.0066313	0.0	0.0	0.0017316	0.0	0.0	0.0	0.0016287	0.0022624	0.0021786	0.0	0.0	0.0	0.0	0.0	0.0	0.0	0.0	0.0025253	0.0038095	0.005988	0.0213333	0.0331126	0.0271605	0.0282486	0.0085227	0.0151515	0.015	0.0110701	0.006734	0.0015	0.0052356	0.0015	0.0067568	0.0066667	0.0033898	
Pic épeiche	0.2165354	0.2142857	0.1763341	0.1606368	0.2155172	0.2202643	0.1962963	0.2351648	0.2121212	0.1899791	0.1940928	0.2071713	0.1777188	0.202381	0.1450276	0.1454545	0.1724771	0.1263482	0.1229868	0.1131922	0.1538462	0.2026144	0.1882952	0.2004219	0.2229102	0.1607143	0.1698842	0.1670146	0.1931034	0.2424242	0.2171717	0.2495238	0.2694611	0.2453333	0.2350993	0.2641975	0.2627119	0.2159091	0.1931818	0.215	0.2804428	0.2053872	0.2335766	0.2068063	0.1960784	0.1722973	0.1866667	0.2389831	
Dendrocopos sp.	0.0	0.0	0.0	0.0	0.0	0.0	0.0	0.0021978	0.0	0.0	0.0	0.001328	0.0	0.0	0.0	0.0	0.0	0.0	0.0	0.0	0.0	0.0	0.0	0.0	0.0	0.0	0.0	0.0	0.0	0.0	0.0	0.0	0.0	0.0	0.0	0.0	0.0	0.0	0.0	0.0	0.0	0.0	0.0	0.0	0.0	0.0	0.0	0.0	
Pic épeichette	0.0472441	0.022449	0.037123	0.0361795	0.0538793	0.0572687	0.0518519	0.0769231	0.0656566	0.0501044	0.0675105	0.0703851	0.0557029	0.0383598	0.0400552	0.0268398	0.040367	0.0123267	0.0204978	0.0228013	0.0294118	0.0457516	0.0330789	0.0295359	0.0433437	0.0382653	0.034749	0.0334029	0.0517241	0.0424242	0.040404	0.0304762	0.0389222	0.0346667	0.0496689	0.037037	0.0480226	0.0198864	0.0378788	0.0375	0.0258303	0.030303	0.0291971	0.0209424	0.0130719	0.0304054	0.0333333	0.0220339	
Pic de Sharpe	0.0433071	0.0428571	0.0533643	0.0419682	0.0732759	0.0748899	0.0666667	0.0747253	0.0606061	0.0542797	0.0632911	0.0796813	0.0570292	0.0529101	0.0414365	0.0484848	0.0366972	0.0308166	0.0366032	0.0252443	0.0226244	0.037037	0.0381679	0.0337553	0.0588235	0.0204082	0.034749	0.0542797	0.037931	0.0545455	0.0378788	0.0514286	0.0808383	0.0613333	0.0562914	0.0814815	0.0480226	0.03125	0.0492424	0.08	0.0774908	0.0606061	0.0437956	0.0445026	0.0490196	0.0236486	0.0133333	0.0711864	
pic sp.	0.0	0.0	0.0046404	0.0	0.0	0.0	0.0	0.0	0.0	0.0	0.0	0.0	0.0	0.0	0.0	0.0	0.0	0.0	0.0	0.0	0.0	0.0	0.0	0.0	0.0	0.0	0.0	0.0	0.0034483	0.0	0.0	0.0	0.0	0.0	0.0	0.0	0.0	0.0	0.0	0.0	0.0	0.0	0.0	0.0	0.0	0.0	0.0	0.0	
Faucon crécerellette	0.0	0.0	0.0	0.0	0.0	0.0	0.0	0.0	0.0	0.0	0.0	0.0	0.0	0.0	0.0	0.0	0.0	0.0	0.0	0.0	0.0	0.0	0.0	0.0	0.0	0.0	0.0	0.0	0.0	0.0	0.0	0.0	0.0015	0.0	0.0	0.0	0.0	0.0	0.0	0.0	0.0	0.0	0.0	0.0	0.0	0.0	0.0	0.0	
Faucon crécerelle	0.1968504	0.2020408	0.187935	0.1780029	0.2176724	0.1563877	0.162963	0.1736264	0.1616162	0.1294363	0.1582278	0.1487384	0.1127321	0.1415344	0.1256906	0.0987013	0.0990826	0.1155624	0.1054173	0.0700326	0.1742081	0.1263617	0.1628499	0.2046414	0.1640867	0.1147959	0.1505792	0.1607516	0.1413793	0.1484848	0.1060606	0.1847619	0.1646707	0.136	0.2019868	0.1901235	0.1977401	0.1647727	0.1893939	0.175	0.195572	0.1683502	0.1970803	0.1387435	0.1797386	0.2094595	0.2266667	0.220339	
Faucon d'Éléonore	0.0	0.0	0.0	0.0	0.0	0.0	0.0	0.0	0.0	0.0	0.0	0.0	0.0	0.0	0.0	0.0	0.0	0.0	0.0	0.0	0.0	0.0	0.0	0.0	0.0	0.0	0.0	0.0	0.0015	0.0	0.0	0.0	0.0	0.0	0.0	0.0	0.0	0.0	0.0	0.0	0.0	0.0	0.0	0.0	0.0	0.0	0.0	0.0	
Faucon émerillon	0.0137795	0.0102041	0.0162413	0.0028944	0.0021552	0.0044053	0.0074074	0.0043956	0.010101	0.006263	0.0063291	0.002656	0.0013263	0.0013228	0.0	0.0017316	0.0	0.0	0.0	0.0	0.0	0.0	0.0	0.0	0.0	0.0	0.0	0.0	0.0	0.0	0.0	0.0	0.0	0.0	0.0066225	0.0	0.0056497	0.0	0.0151515	0.0125	0.0110701	0.006734	0.0145985	0.0052356	0.0098039	0.0101351	0.01	0.0118644	
Faucon hobereau	0.0	0.0	0.0	0.0	0.0	0.0	0.0	0.0	0.0	0.0	0.0	0.001328	0.0	0.0026455	0.0138122	0.0121212	0.012844	0.0169492	0.0190337	0.012215	0.0497738	0.043573	0.0305344	0.0253165	0.0340557	0.0229592	0.011583	0.0104384	0.0103448	0.0242424	0.0353535	0.0171429	0.0209581	0.0133333	0.0015	0.0197531	0.0112994	0.0028409	0.0037879	0.0	0.0	0.0	0.0	0.0	0.0	0.0	0.0	0.0	
Faucon pèlerin	0.0137795	0.0306122	0.0116009	0.0130246	0.0107759	0.0110132	0.0092593	0.0087912	0.0050505	0.0125261	0.0147679	0.002656	0.0026525	0.0026455	0.0041436	0.004329	0.0018349	0.0015408	0.0014641	0.004886	0.0090498	0.0043573	0.0015	0.0042194	0.0185759	0.0102041	0.0	0.0041754	0.0241379	0.0181818	0.0151515	0.0190476	0.011976	0.0053333	0.0099338	0.0098765	0.0056497	0.0085227	0.0075758	0.0025	0.0184502	0.010101	0.0328467	0.0183246	0.0130719	0.0236486	0.0166667	0.0169492	
Falco sp.	0.0	0.0	0.0	0.0	0.0021552	0.0	0.0	0.0015	0.0	0.0020877	0.0	0.0015	0.0039788	0.0	0.0	0.0	0.0	0.0030817	0.0014641	8.143E-4	0.0022624	0.0	0.0025445	0.0	0.0015	0.002551	0.003861	0.0	0.0068966	0.0	0.0050505	0.0	0.005988	0.0026667	0.0033113	0.0024691	0.0	0.0	0.0	0.0	0.00369	0.0	0.0	0.0	0.0	0.0	0.0	0.0033898	
rapace diurne sp.	0.003937	0.0	0.0046404	0.0014472	0.0	0.0	0.0037037	0.0	0.0025253	0.0041754	0.0042194	0.0039841	0.0026525	0.0013228	0.0013812	0.0025974	0.0	0.0015408	0.0014641	8.143E-4	0.0022624	0.0	0.0025445	0.0	0.0092879	0.005102	0.003861	0.0041754	0.0015	0.0121212	0.0025253	0.0057143	0.002994	0.0	0.0066225	0.0049383	0.0	0.0	0.0037879	0.0025	0.0	0.003367	0.0036496	0.0	0.003268	0.0	0.0	0.0	
Calopsitte élégante	0.0	0.0	0.0	0.0	0.0	0.0	0.0	0.0	0.0	0.0	0.0	0.001328	0.0015	0.0	0.0	0.0	0.0015	0.0	0.0	0.0	0.0	0.0	0.0	0.0	0.0	0.0	0.0	0.0020877	0.0	0.0	0.0015	0.0019048	0.0	0.0	0.0	0.0	0.0	0.0	0.0	0.0	0.0015	0.0	0.0036496	0.0015	0.0	0.0	0.0	0.0016949	
Perruche à collier	0.0019685	0.0	0.0015	0.0057887	0.0021552	0.0022026	0.0037037	0.0021978	0.0050505	0.0020877	0.0042194	0.001328	0.0	0.0	0.0013812	0.0015	0.0036697	0.0	0.0	0.002443	0.0	0.0021786	0.0050891	0.0	0.0	0.002551	0.007722	0.0	0.0015	0.0	0.0025253	0.0038095	0.005988	0.0	0.0015	0.0074074	0.0028249	0.0056818	0.0037879	0.0025	0.0	0.003367	0.0015	0.0	0.003268	0.0015	0.0	0.0033898	
Perruche à col jaune	0.0	0.0	0.0023202	0.0	0.0	0.0	0.0	0.0	0.0	0.0	0.0	0.0	0.0	0.0	0.0	0.0	0.0	0.0	0.0	0.0	0.0	0.0	0.0	0.0	0.0	0.0	0.0	0.0	0.0	0.0	0.0	0.0	0.0	0.0	0.0	0.0	0.0	0.0	0.0	0.0	0.0	0.0	0.0	0.0	0.0	0.0	0.0	0.0	
Perruche omnicolore	0.0	0.0	0.0	0.0	0.0	0.0	0.0	0.0	0.0	0.0	0.0015	0.0	0.0	0.0	0.0	0.0	0.0	0.0	0.0	0.0	0.0	0.0	0.0	0.0	0.0	0.0	0.0	0.0	0.0	0.0	0.0	0.0	0.0	0.0	0.0	0.0	0.0	0.0	0.0	0.0	0.0	0.0	0.0	0.0	0.0	0.0	0.0	0.0	
Perruche ondulée	0.0	0.0	0.0	0.0	0.0	0.0	0.0	0.0	0.0	0.0	0.0	0.0	0.0	0.0	0.0	0.0	0.0	0.0	0.0	0.0	0.0022624	0.0021786	0.0025445	0.0	0.0	0.0	0.0	0.0015	0.0	0.0	0.0050505	0.0	0.0	0.0	0.0066225	0.0	0.0	0.0	0.0	0.0	0.0	0.0	0.0	0.0	0.0	0.0033784	0.0	0.0	
Inséparable rosegorge	0.0	0.0	0.0	0.0	0.0	0.0	0.0	0.0	0.0015	0.0	0.0021097	0.0	0.0	0.0	0.0	0.0	0.0	0.0015	0.0015	0.0	0.0	0.0021786	0.0	0.0	0.0	0.0	0.0	0.0	0.0	0.0	0.0	0.0	0.0	0.0	0.0	0.0	0.0	0.0	0.0	0.0	0.0	0.0	0.0	0.0	0.0	0.0	0.0	0.0	
Perroquet jaco	0.0	0.0	0.0	0.0	0.0	0.0	0.0	0.0	0.0	0.0	0.0	0.0	0.0	0.0	0.0	0.0	0.0	0.0	0.0	0.0	0.0	0.0	0.0	0.0	0.0	0.0015	0.0	0.0	0.0	0.0	0.0	0.0	0.0	0.0	0.0	0.0	0.0	0.0	0.0	0.0	0.0	0.0	0.0	0.0	0.0	0.0	0.0	0.0	
Conure de Molina	0.0	0.0	0.0	0.0	0.0	0.0	0.0	0.0	0.0025253	0.0	0.0	0.0	0.0	0.0	0.0	0.0	0.0	0.0	0.0	0.0	0.0	0.0	0.0	0.0	0.0	0.0	0.0	0.0	0.0	0.0	0.0	0.0	0.0	0.0	0.0	0.0	0.0	0.0	0.0	0.0	0.0	0.0	0.0	0.0	0.0	0.0	0.0	0.0	
Conure soleil	0.0	0.0	0.0	0.0	0.0	0.0	0.0	0.0	0.0	0.0	0.0	0.0	0.0	0.0	0.0	0.0	0.0	0.0	0.0	0.0	0.0	0.0	0.0	0.0	0.0	0.0	0.0	0.0	0.0	0.0	0.0	0.0	0.0	0.0	0.0	0.0	0.0	0.0	0.0	0.0	0.0015	0.003367	0.0	0.0	0.0	0.0	0.0	0.0	
Loriot d'Europe	0.0	0.0	0.0	0.0	0.0	0.0	0.0	0.0	0.0	0.0	0.0	0.001328	0.0039788	0.0092593	0.0124309	0.021645	0.0366972	0.0292758	0.057101	0.031759	0.0384615	0.0305011	0.0279898	0.0042194	0.0216718	0.0178571	0.034749	0.0438413	0.0413793	0.0515152	0.0631313	0.0514286	0.0269461	0.0053333	0.013245	0.0	0.0	0.0015	0.0	0.0	0.0	0.0	0.0	0.0	0.0	0.0	0.0	0.0	
Pie-grièche méridionale	0.0787402	0.0673469	0.0603248	0.0520984	0.0581897	0.0418502	0.05	0.0549451	0.0328283	0.0292276	0.0274262	0.0504648	0.0450928	0.0343915	0.0428177	0.0484848	0.0458716	0.0416025	0.0468521	0.0423453	0.061086	0.037037	0.0458015	0.0443038	0.0402477	0.0841837	0.0772201	0.0981211	0.0758621	0.0818182	0.0833333	0.1028571	0.1017964	0.1013333	0.0827815	0.0864198	0.0847458	0.0767045	0.1174242	0.065	0.0553506	0.0942761	0.1021898	0.0602094	0.0849673	0.0709459	0.0533333	0.0949153	
Pie-grièche à tête rousse	0.0	0.0	0.0	0.0014472	0.0021552	0.0022026	0.0018519	0.0043956	0.0075758	0.0041754	0.0126582	0.0332005	0.0530504	0.0515873	0.0372928	0.0467532	0.0477064	0.0400616	0.045388	0.0276873	0.0361991	0.043573	0.043257	0.0822785	0.0650155	0.0943878	0.1544402	0.1628392	0.1172414	0.130303	0.1035354	0.0952381	0.0688623	0.0186667	0.0165563	0.0123457	0.0028249	0.0056818	0.0113636	0.0	0.0	0.003367	0.0	0.0026178	0.0	0.0033784	0.0	0.0016949	
Geai des chênes	0.1437008	0.1591837	0.1299304	0.1244573	0.1767241	0.1519824	0.1351852	0.1450549	0.1439394	0.131524	0.1223629	0.187251	0.1034483	0.1044974	0.1104972	0.0961039	0.093578	0.0785824	0.102489	0.0838762	0.138009	0.16122	0.178117	0.1540084	0.1455108	0.1071429	0.1737452	0.1398747	0.1724138	0.230303	0.1969697	0.192381	0.2215569	0.1866667	0.1953642	0.2296296	0.2372881	0.1789773	0.1856061	0.245	0.2693727	0.2390572	0.1678832	0.2251309	0.1470588	0.1452703	0.14	0.1949153	
Pie-bleue ibérique	0.0216535	0.0102041	0.0069606	0.0173661	0.0193966	0.0176211	0.012963	0.0285714	0.020202	0.0146138	0.021097	0.0292165	0.0344828	0.0489418	0.0538674	0.0363636	0.0513761	0.046225	0.0527086	0.0529316	0.0565611	0.0457516	0.0229008	0.056962	0.0216718	0.0535714	0.0733591	0.0208768	0.0172414	0.030303	0.0151515	0.0247619	0.0239521	0.0533333	0.0331126	0.0469136	0.0282486	0.03125	0.0189394	0.01	0.0184502	0.020202	0.0182482	0.0157068	0.0196078	0.0371622	0.0266667	0.0237288	
Pie bavarde	0.1751969	0.1857143	0.1647332	0.1562952	0.1788793	0.1519824	0.1833333	0.2087912	0.1767677	0.1565762	0.1814346	0.1328021	0.1087533	0.1031746	0.0953039	0.0995671	0.1045872	0.1340524	0.1215227	0.1180782	0.1447964	0.130719	0.1628499	0.1434599	0.1764706	0.1377551	0.1660232	0.1356994	0.1275862	0.1242424	0.1464646	0.1085714	0.1347305	0.1626667	0.192053	0.2098765	0.2231638	0.1818182	0.1931818	0.195	0.195572	0.1851852	0.1532847	0.1675393	0.1372549	0.1486486	0.1566667	0.1881356	
Crave à bec rouge	0.0	0.0	0.0	0.0	0.0	0.0	0.0015	0.0021978	0.0050505	0.0	0.0	0.0	0.0026525	0.005291	0.0055249	0.0017316	0.0	0.0015408	0.0014641	0.0	0.0	0.0065359	0.0050891	0.0042194	0.0	0.002551	0.0	0.0	0.0	0.0	0.0	0.0	0.002994	0.0	0.0033113	0.0	0.0	0.0	0.0037879	0.0	0.0	0.0	0.0	0.0015	0.0	0.0	0.0	0.0	
Choucas des tours	0.0	0.0040816	0.0	0.0014472	0.0021552	0.0022026	0.0018519	0.0	0.0050505	0.0041754	0.0	0.001328	0.0013263	0.0015	0.0	0.0	0.0015	0.0030817	0.0015	0.0015	0.0022624	0.0	0.0	0.0	0.0	0.0015	0.0	0.0041754	0.0015	0.0030303	0.0	0.0	0.0	0.0026667	0.0	0.0024691	0.0015	0.0	0.0037879	0.0	0.00369	0.0	0.0	0.0	0.0	0.0101351	0.0	0.0015	
Corneille noire	0.6200787	0.6020408	0.6009281	0.5600579	0.6357759	0.5859031	0.6055556	0.643956	0.6060606	0.5469729	0.5632911	0.5577689	0.4655172	0.4669312	0.4074586	0.4199134	0.4495413	0.4268105	0.4158126	0.3583062	0.3936652	0.422658	0.4503817	0.4746835	0.4365325	0.4030612	0.4169884	0.473904	0.5448276	0.5484848	0.5858586	0.5866667	0.5898204	0.536	0.6291391	0.582716	0.6073446	0.5653409	0.6098485	0.5825	0.6494465	0.6161616	0.6277372	0.5863874	0.6535948	0.6486486	0.62	0.6338983	
Grand Corbeau	0.0275591	0.0204082	0.0232019	0.0188133	0.0258621	0.0286344	0.0203704	0.0175824	0.0176768	0.0125261	0.0253165	0.0278884	0.0172414	0.031746	0.0179558	0.0147186	0.012844	0.0123267	0.0278184	0.014658	0.0226244	0.0065359	0.0127226	0.0084388	0.0092879	0.0076531	0.003861	0.0104384	0.0034483	0.0030303	0.0227273	0.0114286	0.011976	0.0213333	0.0165563	0.0246914	0.0310734	0.0142045	0.0265152	0.035	0.0258303	0.020202	0.0218978	0.0157068	0.0228758	0.0168919	0.0066667	0.0254237	
corbeau sp.	0.0	0.0	0.0	0.0	0.0	0.0	0.0	0.0	0.0	0.0	0.0	0.0	0.0	0.0	0.0	0.0	0.0	0.0	0.0	0.0	0.0	0.0	0.0	0.0021097	0.0	0.0	0.0	0.0	0.0	0.0	0.0025253	0.0	0.0	0.0	0.0	0.0	0.0	0.0	0.0	0.0	0.0	0.0	0.0	0.0	0.0	0.0	0.0	0.0	
Mésange noire	0.0570866	0.0571429	0.0649652	0.0680174	0.075431	0.0881057	0.0685185	0.0747253	0.0606061	0.0605428	0.0801688	0.0823373	0.0437666	0.0383598	0.0372928	0.0372294	0.0348624	0.0385208	0.0439239	0.0350163	0.0497738	0.0697168	0.0534351	0.0316456	0.0247678	0.0204082	0.0579151	0.0334029	0.0344828	0.0545455	0.0429293	0.0857143	0.0479042	0.056	0.0629139	0.0641975	0.0875706	0.0482955	0.0492424	0.0425	0.0590406	0.0606061	0.0364964	0.0628272	0.0490196	0.0641892	0.0433333	0.0661017	
Mésange huppée	0.0944882	0.0755102	0.0951276	0.0767004	0.1056034	0.1101322	0.0740741	0.0747253	0.0858586	0.0730689	0.0801688	0.0756972	0.0676393	0.0661376	0.0621547	0.0502165	0.0733945	0.05547	0.0702782	0.0741042	0.081448	0.0936819	0.0941476	0.0675105	0.0526316	0.0612245	0.0579151	0.0438413	0.0655172	0.0878788	0.0808081	0.0819048	0.0868263	0.1093333	0.0794702	0.0888889	0.0706215	0.0596591	0.0530303	0.065	0.0848708	0.0639731	0.0875912	0.0732984	0.0849673	0.0337838	0.0533333	0.1016949	
Mésange bleue	0.4783465	0.5020408	0.4779582	0.4920405	0.5474138	0.5220264	0.4907407	0.5032967	0.4974747	0.4446764	0.4810127	0.5683931	0.494695	0.5330688	0.4461326	0.417316	0.4348624	0.3697997	0.3718887	0.3762215	0.361991	0.3965142	0.3638677	0.3333333	0.3436533	0.3469388	0.3397683	0.3235908	0.3758621	0.4181818	0.4545455	0.4742857	0.491018	0.4853333	0.5331126	0.4962963	0.5141243	0.4857955	0.405303	0.48	0.5092251	0.4848485	0.5364964	0.4790576	0.4869281	0.4966216	0.4466667	0.5661017	
Mésange charbonnière	0.4586614	0.4204082	0.4570766	0.3907381	0.4913793	0.530837	0.4833333	0.5406593	0.4848485	0.4551148	0.478903	0.5498008	0.4920424	0.4351852	0.3522099	0.3445887	0.333945	0.3004622	0.3191801	0.2239414	0.2262443	0.2614379	0.2061069	0.2257384	0.2414861	0.2168367	0.1853282	0.1837161	0.2413793	0.2878788	0.3484848	0.3371429	0.3562874	0.36	0.3874172	0.4148148	0.4519774	0.3693182	0.3219697	0.375	0.4464945	0.4107744	0.3978102	0.3848168	0.4313725	0.4324324	0.3333333	0.5254237	
paridé sp.	0.0	0.0	0.0	0.0	0.0	0.0	0.0	0.0	0.0	0.0	0.0	0.0	0.0	0.0	0.0	0.0	0.0	0.0	0.0	0.0	0.0	0.0	0.0	0.0	0.0	0.0	0.0	0.0	0.0	0.0	0.0	0.0	0.0	0.0	0.0	0.0	0.0	0.0	0.0	0.0	0.0	0.0	0.0	0.0	0.0	0.0	0.0	0.0016949	
Rémiz penduline	0.0	0.0020408	0.0	0.0	0.0043103	0.0	0.0	0.0	0.0	0.0	0.0	0.001328	0.0	0.0	0.0	0.0	0.0	0.0	0.0	0.0	0.0	0.0	0.0	0.0	0.0	0.0	0.0	0.0	0.0	0.0	0.0	0.0	0.0	0.0	0.0	0.0	0.0	0.0	0.0	0.0	0.0	0.0	0.0015	0.0	0.0	0.0	0.0	0.0016949	
Alouette lulu	0.0649606	0.0653061	0.0464037	0.0593343	0.0862069	0.0947137	0.0833333	0.0791209	0.0606061	0.0668058	0.0632911	0.1168659	0.1432361	0.1322751	0.1063536	0.0926407	0.1284404	0.1217257	0.1200586	0.1107492	0.0859729	0.0697168	0.0636132	0.0464135	0.0371517	0.0382653	0.027027	0.0229645	0.0206897	0.0151515	0.0353535	0.0247619	0.0419162	0.1173333	0.1192053	0.1061728	0.1327684	0.1221591	0.1287879	0.13	0.1217712	0.1245791	0.1094891	0.0602094	0.0620915	0.0540541	0.0233333	0.0627119	
Alouette des champs	0.1181102	0.1040816	0.0696056	0.0564399	0.1228448	0.0881057	0.0740741	0.0857143	0.0378788	0.039666	0.0337553	0.0225764	0.0092838	0.0092593	0.019337	0.0121212	0.0036697	0.0169492	0.0146413	0.0081433	0.0158371	0.0174292	0.0025445	0.0105485	0.006192	0.002551	0.0	0.0020877	0.0	0.0	0.0025253	0.0095238	0.002994	0.0026667	0.0066225	0.0123457	0.0310734	0.0340909	0.0833333	0.095	0.1328413	0.1043771	0.1532847	0.078534	0.0784314	0.1047297	0.1233333	0.1118644	
Cochevis de Thékla	0.0059055	0.0020408	0.0023202	0.0	0.0086207	0.0015	0.0	0.0021978	0.0050505	0.0041754	0.0021097	0.0079681	0.0039788	0.0039683	0.0041436	0.004329	0.0073394	0.0046225	0.0029283	0.002443	0.0067873	0.0021786	0.0	0.0015	0.003096	0.005102	0.003861	0.0	0.0034483	0.0	0.0050505	0.0038095	0.008982	0.008	0.0	0.0	0.0084746	0.0142045	0.0113636	0.0025	0.00369	0.010101	0.0036496	0.0026178	0.0	0.0033784	0.0033333	0.0016949	
Cochevis huppé	0.1633858	0.1714286	0.1299304	0.1505065	0.2068966	0.1563877	0.1574074	0.2505495	0.1717172	0.1670146	0.1898734	0.184595	0.1538462	0.1719577	0.1698895	0.2	0.187156	0.1848998	0.1888726	0.1897394	0.2013575	0.1851852	0.1603053	0.2130802	0.2043344	0.1683673	0.1930502	0.1983299	0.1793103	0.1636364	0.1818182	0.192381	0.1796407	0.2	0.2086093	0.2	0.2231638	0.1960227	0.2992424	0.1825	0.195572	0.1986532	0.2043796	0.1204188	0.1601307	0.1858108	0.1433333	0.1677966	
Cochevis de Thékla ou C. huppé	0.0019685	0.0020408	0.0	0.0	0.0021552	0.0	0.0018519	0.0021978	0.0025253	0.0020877	0.0	0.001328	0.0039788	0.0013228	0.0041436	0.0017316	0.0018349	0.0	0.0029283	8.143E-4	0.0	0.0	0.0025445	0.0	0.0	0.0	0.0	0.0020877	0.0	0.0	0.0	0.0	0.008982	0.0026667	0.0033113	0.0074074	0.0084746	0.0	0.0	0.0	0.0	0.003367	0.0109489	0.0	0.0	0.0	0.0	0.0	
Alouette calandrelle	0.0	0.0	0.0	0.0	0.0	0.0	0.0	0.0	0.0	0.0	0.0021097	0.0079681	0.0132626	0.0171958	0.0082873	0.0251082	0.0183486	0.0308166	0.0161054	0.0081433	0.0158371	0.0261438	0.0152672	0.035865	0.0247678	0.0178571	0.015444	0.0271399	0.0310345	0.0181818	0.0176768	0.0228571	0.011976	0.016	0.0033113	0.0074074	0.0	0.0056818	0.0	0.0	0.0	0.0	0.0	0.0	0.0	0.0	0.0	0.0	
Alouette calandre	0.0	0.0	0.0	0.0	0.0	0.0022026	0.0037037	0.0	0.0	0.0	0.0	0.0	0.0013263	0.0	0.0013812	8.658E-4	0.0	0.0	0.0	0.0	0.0	0.0	0.0	0.0	0.0	0.0076531	0.0	0.0	0.0	0.0	0.0	0.0	0.0	0.0	0.0	0.0	0.0	0.0	0.0	0.0	0.0	0.0	0.0	0.0	0.0	0.0	0.0	0.0	
alaudidé sp.	0.0	0.0	0.0	0.0	0.0	0.0	0.0	0.0	0.0	0.0	0.0	0.0	0.0	0.0	0.0	0.0	0.0	0.0015408	0.0	0.0	0.0	0.0	0.0	0.0	0.0	0.0	0.0	0.0	0.0	0.0	0.0	0.0	0.0	0.0	0.0	0.0	0.0	0.0	0.0	0.0	0.0	0.0	0.0	0.0	0.0	0.0	0.0	0.0	
Cisticole des joncs	0.2401575	0.2387755	0.2343387	0.23589	0.3534483	0.3237885	0.4074074	0.4307692	0.4722222	0.4029228	0.5063291	0.5285525	0.4854111	0.5145503	0.4765193	0.5298701	0.5027523	0.4668721	0.477306	0.4592834	0.4411765	0.4379085	0.4071247	0.4156118	0.3962848	0.2729592	0.2857143	0.2797495	0.2965517	0.3151515	0.2929293	0.2971429	0.2844311	0.2666667	0.2649007	0.2469136	0.259887	0.2244318	0.2840909	0.25	0.2177122	0.2289562	0.2992701	0.2146597	0.1993464	0.2635135	0.2466667	0.2762712	
Hypolaïs polyglotte	0.0	0.0	0.0	0.0	0.0	0.0	0.0	0.0	0.0	0.0	0.0042194	0.0	0.0013263	0.0185185	0.0524862	0.0961039	0.159633	0.1633282	0.1346999	0.1205212	0.1515837	0.1546841	0.0941476	0.1097046	0.1145511	0.0663265	0.0694981	0.0730689	0.0793103	0.0787879	0.0858586	0.0609524	0.0538922	0.0506667	0.0496689	0.0148148	0.0141243	0.0056818	0.0037879	0.0	0.0	0.0	0.0	0.0	0.0	0.0	0.0	0.0	
Phragmite des joncs	0.0	0.0	0.0	0.0	0.0	0.0	0.0	0.0	0.0025253	0.0020877	0.0084388	0.0039841	0.0079576	0.0	0.0013812	0.0025974	0.0	0.0	0.0	0.0	0.0	0.0	0.0	0.0	0.0	0.002551	0.0	0.0020877	0.0	0.0060606	0.0025253	0.0057143	0.005988	0.008	0.0033113	0.0	0.0	0.0	0.0037879	0.0025	0.0	0.0	0.0	0.0	0.0	0.0	0.0	0.0	
Rousserolle effarvatte	0.0	0.0	0.0	0.0	0.0	0.0	0.0	0.0	0.0	0.0	0.0105485	0.0185923	0.0278515	0.0502646	0.0497238	0.0415584	0.0752294	0.0631741	0.0702782	0.034202	0.0475113	0.0348584	0.0508906	0.0611814	0.0526316	0.0535714	0.046332	0.0292276	0.062069	0.0515152	0.0883838	0.0761905	0.1227545	0.088	0.1423841	0.0790123	0.0706215	0.0340909	0.0189394	0.0025	0.00369	0.0	0.0	0.0	0.0	0.0	0.0	0.0	
Rousserolle turdoïde	0.0	0.0	0.0	0.0	0.0	0.0	0.0	0.0	0.0	0.0	0.0	0.002656	0.005305	0.0171958	0.0234807	0.030303	0.0550459	0.0431433	0.0468521	0.0301303	0.0452489	0.0174292	0.0279898	0.0232068	0.0123839	0.0153061	0.011583	0.0020877	0.0137931	0.0121212	0.0151515	0.0	0.0	0.0026667	0.0	0.0024691	0.0028249	0.0	0.0	0.0025	0.0	0.0	0.0	0.0	0.0	0.0	0.0	0.0	
Rousserolle effarvatte ou R. turdoïde	0.0	0.0	0.0	0.0	0.0	0.0	0.0	0.0	0.0	0.0	0.0	0.0	0.0013263	0.0	0.0	0.0	0.0	0.0	0.0	8.143E-4	0.0	0.0	0.0	0.0	0.0	0.0	0.007722	0.0020877	0.0	0.0	0.0	0.0	0.002994	0.0	0.0	0.0	0.0	0.0	0.0	0.0	0.0	0.0	0.0	0.0	0.0	0.0	0.0	0.0	
Iduna, Hippolais ou Acrocephalus sp.	0.0	0.0	0.0	0.0	0.0	0.0	0.0	0.0	0.0	0.0	0.0	0.001328	0.0	0.0	0.0	0.0015	0.0	0.0	0.0	0.0	0.0	0.0	0.0	0.0	0.0	0.0	0.0	0.0	0.0	0.0030303	0.0	0.0	0.002994	0.0	0.0033113	0.0	0.0	0.0	0.0	0.0	0.0	0.0	0.0	0.0	0.0	0.0	0.0	0.0	
Locustelle luscinioïde	0.0	0.0	0.0	0.0	0.0	0.0	0.0	0.0	0.0	0.0	0.0	0.0	0.0	0.0015	0.0027624	0.0025974	0.0015	0.0030817	0.0	0.0	0.0022624	0.0043573	0.0	0.0	0.0	0.0	0.0	0.0	0.0	0.0	0.0	0.0	0.002994	0.0	0.0	0.0024691	0.0	0.0	0.0037879	0.0	0.0	0.0	0.0	0.0	0.0	0.0	0.0	0.0	
Locustelle tachetée	0.0	0.0	0.0	0.0	0.0	0.0	0.0	0.0	0.0	0.0	0.0	0.0	0.0	0.0	0.0	0.0	0.0	0.0	0.0	0.0	0.0	0.0	0.0	0.0	0.0	0.0	0.0	0.0	0.0	0.0	0.0075758	0.0038095	0.011976	0.016	0.0066225	0.0024691	0.0084746	0.0028409	0.0	0.0	0.0	0.0	0.0	0.0	0.0	0.0	0.0	0.0	
Hirondelle de rivage	0.0	0.0	0.0069606	0.0057887	0.0086207	0.0220264	0.0388889	0.0879121	0.0858586	0.1106472	0.128692	0.1394422	0.0981432	0.0965608	0.1049724	0.0822511	0.1192661	0.1001541	0.114202	0.0798046	0.1266968	0.1220044	0.1374046	0.1751055	0.130031	0.127551	0.1853282	0.1586639	0.1103448	0.1151515	0.1111111	0.1219048	0.0748503	0.0773333	0.0099338	0.0148148	0.0084746	0.0	0.0	0.005	0.0	0.0	0.0036496	0.0	0.0065359	0.0	0.0	0.0	
Hirondelle de rochers	0.1338583	0.0795918	0.1345708	0.1186686	0.1465517	0.1365639	0.1037037	0.1142857	0.1237374	0.0897704	0.1265823	0.1088977	0.0915119	0.0701058	0.0732044	0.0536797	0.0587156	0.0631741	0.0717423	0.0513029	0.1085973	0.0936819	0.0916031	0.0801688	0.0804954	0.0969388	0.0656371	0.0730689	0.0965517	0.0787879	0.0681818	0.0685714	0.0688623	0.0746667	0.0860927	0.0567901	0.0960452	0.1079545	0.0340909	0.09	0.0738007	0.1010101	0.0547445	0.0837696	0.0718954	0.0608108	0.11	0.1169492	
Hirondelle rustique	0.0472441	0.0367347	0.0835267	0.1259045	0.2564655	0.3193833	0.3592593	0.421978	0.4545455	0.4196242	0.4493671	0.4581673	0.3952255	0.4021164	0.4046961	0.3645022	0.4385321	0.3620955	0.4026354	0.3322476	0.4615385	0.5141612	0.5267176	0.5084388	0.4520124	0.4540816	0.5019305	0.5052192	0.5103448	0.5545455	0.4848485	0.407619	0.3143713	0.2266667	0.0860927	0.0617284	0.0480226	0.0085227	0.0227273	0.0025	0.0073801	0.0	0.0036496	0.0052356	0.0130719	0.0202703	0.0166667	0.020339	
Hirondelle de fenêtre	0.0295276	0.044898	0.0696056	0.0911722	0.1724138	0.2092511	0.2037037	0.2835165	0.2929293	0.302714	0.3080169	0.2934927	0.2427056	0.3108466	0.2955801	0.2623377	0.359633	0.3081664	0.3235725	0.3151466	0.4457014	0.4466231	0.4961832	0.4746835	0.4303406	0.4362245	0.5250965	0.4467641	0.4896552	0.4848485	0.4141414	0.4114286	0.3562874	0.2933333	0.2582781	0.1876543	0.1214689	0.0454545	0.0151515	0.0075	0.00369	0.003367	0.0036496	0.0026178	0.0	0.0	0.0	0.0067797	
Hirondelle rousseline	0.0	0.0	0.0023202	0.0014472	0.0021552	0.0022026	0.0148148	0.0043956	0.0505051	0.0521921	0.0548523	0.0849934	0.0822281	0.1031746	0.1146409	0.0943723	0.1559633	0.1032357	0.1112738	0.0944625	0.1538462	0.1633987	0.1170483	0.1666667	0.1578947	0.1556122	0.1814672	0.1837161	0.2206897	0.2333333	0.2727273	0.2438095	0.248503	0.2346667	0.1821192	0.1753086	0.079096	0.0511364	0.0265152	0.02	0.0015	0.0	0.0	0.0026178	0.003268	0.0	0.0	0.0	
hirondelle sp.	0.0	0.0	0.0046404	0.0	0.0	0.0	0.0018519	0.0021978	0.0050505	0.0083507	0.0063291	0.0039841	0.0013263	0.0039683	0.0	0.0	0.0018349	0.0015408	0.0014641	0.0016287	0.0022624	0.0043573	0.0101781	0.0021097	0.003096	0.002551	0.003861	0.0083507	0.0034483	0.0090909	0.0075758	0.007619	0.008982	0.0026667	0.0066225	0.0	0.0028249	0.0	0.0	0.005	0.0	0.0	0.0	0.0	0.0	0.0	0.0033333	0.0015	
Pouillot de Bonelli	0.0	0.0	0.0	0.0	0.0	0.0	0.0	0.0	0.0	0.0020877	0.0021097	0.0265604	0.0822281	0.0965608	0.0883978	0.0770563	0.1155963	0.1047766	0.0922401	0.0830619	0.0882353	0.1023965	0.0559796	0.0780591	0.0557276	0.0561224	0.0540541	0.0313152	0.0448276	0.0454545	0.0353535	0.0228571	0.0179641	0.0186667	0.0066225	0.0049383	0.0	0.0056818	0.0	0.0	0.0	0.0	0.0	0.0	0.0	0.0	0.0	0.0	
Pouillot à grands sourcils	0.0019685	0.0020408	0.0	0.0	0.0	0.0	0.0	0.0	0.0	0.0	0.0	0.001328	0.0	0.0	0.0	0.0	0.0	0.0	0.0	0.0	0.0	0.0	0.0	0.0	0.0	0.0	0.0	0.0	0.0	0.0	0.0	0.0	0.0	0.0	0.0	0.0	0.0	0.0	0.0	0.0015	0.0073801	0.006734	0.0	0.0015	0.0	0.0	0.0	0.0	
Pouillot fitis	0.0	0.0	0.0	0.0	0.0	0.0	0.0	0.0	0.0	0.0020877	0.0042194	0.0265604	0.0106101	0.0066138	0.0013812	0.0017316	0.0	0.0	0.0	0.0	0.0	0.0021786	0.0	0.0	0.0	0.002551	0.0	0.0104384	0.0310345	0.0848485	0.1540404	0.2342857	0.2814371	0.3386667	0.3741722	0.2864198	0.2344633	0.1647727	0.1136364	0.025	0.00369	0.0	0.0	0.0	0.0	0.0	0.0	0.0	
Pouillot véloce	0.6181102	0.6510204	0.5893271	0.5542692	0.6314655	0.5374449	0.5592593	0.5098901	0.4166667	0.256785	0.2088608	0.1088977	0.0331565	0.0079365	0.0124309	0.0095238	0.0	0.0	0.0	0.0	0.0015	0.0	0.0	0.0	0.0	0.0	0.0	0.0	0.0034483	0.0	0.0025253	0.0019048	0.0179641	0.0133333	0.0198675	0.0296296	0.0734463	0.1619318	0.3143939	0.505	0.6273063	0.6026936	0.7226277	0.6413613	0.6699346	0.6148649	0.6333333	0.659322	
Pouillot fitis ou P. véloce	0.0	0.0	0.0	0.0	0.0	0.0	0.0	0.0021978	0.0	0.006263	0.0042194	0.0092961	0.0026525	0.0	0.0	0.0	0.0	0.0	0.0	0.0	0.0	0.0	0.0	0.0	0.0	0.0	0.0	0.0	0.0034483	0.0	0.0050505	0.0019048	0.002994	0.008	0.0165563	0.017284	0.0056497	0.0085227	0.0189394	0.025	0.0	0.0	0.0	0.0	0.0	0.0	0.0	0.0	
Pouillot ibérique	0.0	0.0	0.0023202	0.0043415	0.0280172	0.0572687	0.137037	0.2131868	0.2853535	0.2943633	0.2995781	0.2961487	0.2519894	0.2513228	0.2223757	0.1982684	0.2220183	0.2064715	0.2532943	0.1767101	0.1923077	0.1895425	0.1424936	0.1265823	0.1424149	0.1122449	0.1583012	0.1691023	0.1965517	0.2151515	0.2651515	0.1752381	0.1676647	0.1573333	0.102649	0.0814815	0.0621469	0.0198864	0.0151515	0.0025	0.0	0.0	0.0	0.0	0.0	0.0	0.0	0.0	
Pouillot fitis, P. véloce ou P. ibérique	0.0	0.0	0.0	0.0	0.0	0.0	0.0	0.0	0.0	0.0	0.0	0.0	0.0	0.0	0.0	0.0	0.0	0.0	0.0	0.0	0.0	0.0	0.0	0.0	0.0	0.0	0.0	0.0	0.0	0.0	0.0025253	0.0019048	0.002994	0.0	0.0	0.0024691	0.0	0.0	0.0	0.0	0.0	0.0	0.0	0.0	0.0	0.0	0.0	0.0	
Pouillot véloce ou P. ibérique	0.0	0.0	0.0	0.0	0.0	0.0110132	0.0481481	0.0835165	0.0732323	0.0480167	0.0464135	0.0278884	0.0026525	0.0	0.0	0.0	0.0018349	0.0	0.0	0.0	0.0	0.0	0.0	0.0	0.0	0.0	0.0	0.0041754	0.0	0.0	0.0	0.0	0.005988	0.0133333	0.0033113	0.0074074	0.0028249	0.0	0.0075758	0.0025	0.0	0.0	0.0	0.0	0.0	0.0	0.0	0.0	
pouillot sp.	0.0098425	0.0020408	0.0046404	0.0028944	0.0043103	0.0066079	0.0111111	0.0065934	0.0151515	0.006263	0.0042194	0.0053121	0.0066313	0.0013228	0.0	8.658E-4	0.0036697	0.0015408	0.0029283	8.143E-4	0.0067873	0.0043573	0.0050891	0.0021097	0.0	0.005102	0.003861	0.0	0.0034483	0.0090909	0.0176768	0.032381	0.0329341	0.048	0.0596026	0.0320988	0.0338983	0.0227273	0.0151515	0.035	0.00369	0.016835	0.0182482	0.0015	0.0098039	0.0067568	0.01	0.0050847	
Bouscarle de Cetti	0.2716535	0.2979592	0.2969838	0.2966715	0.3836207	0.3215859	0.4018519	0.4417582	0.3863636	0.4091858	0.4092827	0.3944223	0.331565	0.3730159	0.3370166	0.2891775	0.3284404	0.3081664	0.3074671	0.2320847	0.2307692	0.211329	0.1704835	0.1540084	0.1455108	0.1173469	0.1698842	0.1628392	0.2206897	0.2939394	0.3156566	0.2952381	0.3173653	0.3413333	0.4238411	0.3703704	0.3870056	0.3210227	0.3219697	0.3075	0.3321033	0.2457912	0.3029197	0.2722513	0.2843137	0.2804054	0.32	0.3271186	
Orite à longue queue	0.1397638	0.144898	0.12529	0.1360347	0.1767241	0.1409692	0.1574074	0.1824176	0.1388889	0.0897704	0.1160338	0.1394422	0.0862069	0.0780423	0.0953039	0.0683983	0.0990826	0.0662558	0.079063	0.0692182	0.0678733	0.0980392	0.1068702	0.0907173	0.0990712	0.0994898	0.0926641	0.0981211	0.1517241	0.1333333	0.1691919	0.1504762	0.1556886	0.152	0.1788079	0.162963	0.1892655	0.0965909	0.0871212	0.1325	0.1439114	0.1481481	0.1277372	0.1413613	0.127451	0.1317568	0.12	0.1661017	
Fauvette à tête noire	0.5177165	0.4428571	0.4361949	0.4356006	0.5237069	0.4757709	0.4648148	0.4901099	0.489899	0.4446764	0.4810127	0.5046481	0.3912467	0.4272487	0.410221	0.4164502	0.3798165	0.3867488	0.4685212	0.4454397	0.4819005	0.4618736	0.5139949	0.5232068	0.5386997	0.4285714	0.5057915	0.4133612	0.3793103	0.3515152	0.260101	0.2952381	0.2754491	0.2453333	0.2880795	0.2938272	0.3502825	0.3068182	0.3333333	0.435	0.4723247	0.3939394	0.4452555	0.4450262	0.4771242	0.4797297	0.4166667	0.5305085	
Fauvette des jardins	0.0	0.0	0.0	0.0	0.0	0.0	0.0	0.0	0.0	0.0	0.0	0.001328	0.0	0.0	0.0	0.0025974	0.0018349	0.0	0.0	0.0	0.0	0.0	0.0	0.0	0.0	0.0	0.0	0.0	0.0	0.0090909	0.010101	0.0209524	0.0359281	0.04	0.0397351	0.0271605	0.0169492	0.0085227	0.0075758	0.0025	0.0	0.0	0.0036496	0.0	0.0	0.0	0.0	0.0	
Fauvette orphée	0.0	0.0	0.0	0.0	0.0	0.0	0.0	0.0	0.0	0.0	0.0	0.0	0.0	0.0013228	0.0013812	0.0	0.0018349	0.0015408	0.0	0.002443	0.0	0.0	0.0	0.0021097	0.0	0.002551	0.0	0.0	0.0	0.0	0.0	0.0	0.0	0.0	0.0015	0.0	0.0	0.0	0.0	0.0	0.0	0.0	0.0	0.0	0.0	0.0	0.0	0.0	
Fauvette mélanocéphale	0.5334646	0.5265306	0.5406032	0.4732272	0.5452586	0.5638767	0.5259259	0.5318681	0.5378788	0.4446764	0.5105485	0.5073041	0.433687	0.4775132	0.4212707	0.4718615	0.4715596	0.3744222	0.4568082	0.4087948	0.3733032	0.4727669	0.4020356	0.4345992	0.3900929	0.3418367	0.3783784	0.3402923	0.4172414	0.4969697	0.5075758	0.5352381	0.5568862	0.5493333	0.5860927	0.5753086	0.5480226	0.4857955	0.4659091	0.5475	0.6199262	0.5387205	0.6277372	0.5706806	0.5784314	0.5540541	0.6	0.6254237	
Fauvette passerinette	0.0	0.0	0.0	0.0	0.0	0.0	0.0	0.0	0.0	0.0	0.0021097	0.0092961	0.0039788	0.0079365	0.0082873	0.0060606	0.0036697	0.0046225	0.0073206	0.002443	0.0067873	0.0087146	0.0076336	0.0021097	0.003096	0.0076531	0.0	0.0104384	0.0103448	0.0121212	0.0252525	0.0247619	0.0149701	0.032	0.0198675	0.017284	0.0112994	0.0028409	0.0	0.0	0.0	0.0	0.0	0.0	0.0	0.0	0.0	0.0	
Fauvette grisette	0.0	0.0	0.0	0.0	0.0	0.0	0.0	0.0	0.0	0.0	0.0	0.001328	0.005305	0.0013228	0.0	0.0	0.0	0.0	0.0	0.0	0.0	0.0	0.0	0.0	0.0	0.0	0.0	0.0020877	0.0068966	0.0242424	0.0328283	0.0419048	0.0508982	0.0586667	0.0662252	0.0444444	0.0310734	0.0056818	0.0075758	0.0015	0.00369	0.0	0.0	0.0	0.0	0.0	0.0	0.0	
Fauvette à lunettes	0.0	0.0	0.0	0.0	0.0	0.0	0.0	0.0	0.0	0.0	0.0	0.0	0.0	0.0	0.0	0.0	0.0	0.0	0.0	8.143E-4	0.0	0.0	0.0	0.0	0.0	0.0	0.0	0.0	0.0	0.0	0.0025253	0.0019048	0.002994	0.0053333	0.0	0.0	0.0	0.0	0.0	0.0	0.0	0.0	0.0	0.0	0.0	0.0	0.0	0.0	
Fauvette pitchou	0.0275591	0.022449	0.0162413	0.015919	0.0193966	0.0198238	0.0148148	0.0175824	0.0075758	0.0020877	0.0021097	0.0132802	0.0159151	0.0238095	0.0110497	0.0199134	0.0091743	0.0077042	0.0161054	0.02443	0.0090498	0.0196078	0.0152672	0.0168776	0.0123839	0.0178571	0.015444	0.0146138	0.0137931	0.0060606	0.0227273	0.0209524	0.011976	0.024	0.0231788	0.0098765	0.039548	0.03125	0.0227273	0.025	0.0295203	0.026936	0.0255474	0.0287958	0.0294118	0.0168919	0.0033333	0.020339	
Sylvia ou Curruca sp.	0.0	0.0	0.0	0.0014472	0.0021552	0.0	0.0	0.0021978	0.0	0.0020877	0.0	0.0	0.0	0.0	0.0013812	0.0	0.0	0.0030817	0.0	0.0	0.0022624	0.0	0.0	0.0021097	0.0	0.0	0.0	0.0	0.0034483	0.0060606	0.0050505	0.0019048	0.002994	0.0053333	0.0	0.0074074	0.0015	0.0	0.0	0.0	0.0	0.0	0.0	0.0	0.0	0.0	0.0	0.0	
Roitelet huppé	0.0059055	0.0061224	0.0046404	0.0	0.0043103	0.0066079	0.0018519	0.0021978	0.0075758	0.0	0.0	0.0	0.0	0.0	0.0	0.0	0.0	0.0	0.0	0.0	0.0	0.0	0.0	0.0	0.0	0.0	0.0	0.0	0.0	0.0	0.0	0.0	0.0	0.0	0.0	0.0	0.0	0.0	0.0	0.0	0.0	0.0	0.0109489	0.0157068	0.0228758	0.0135135	0.0	0.0050847	
Roitelet à triple bandeau	0.1437008	0.1469388	0.1740139	0.1331404	0.2262931	0.1872247	0.1814815	0.1758242	0.1893939	0.1398747	0.1476793	0.1474104	0.1299735	0.1243386	0.1104972	0.1090909	0.106422	0.0847458	0.1303075	0.0887622	0.10181	0.0958606	0.1221374	0.0759494	0.0990712	0.0765306	0.0849421	0.1064718	0.1275862	0.1515152	0.1237374	0.1504762	0.1407186	0.1466667	0.1456954	0.1679012	0.1892655	0.1079545	0.1287879	0.1575	0.1586716	0.1481481	0.1277372	0.1492147	0.124183	0.1047297	0.0933333	0.1779661	
Sittelle torchepot	0.261811	0.2530612	0.2598608	0.2286541	0.2909483	0.2951542	0.2481481	0.3010989	0.2828283	0.2546973	0.2869198	0.3266932	0.3156499	0.265873	0.1712707	0.169697	0.212844	0.1386749	0.1918009	0.1653094	0.1900452	0.1830065	0.2111959	0.2278481	0.2012384	0.2117347	0.2123552	0.1670146	0.2172414	0.2666667	0.3257576	0.2990476	0.3353293	0.296	0.3245033	0.3135802	0.319209	0.2840909	0.2348485	0.25	0.2583026	0.2592593	0.2664234	0.2670157	0.2777778	0.2432432	0.1733333	0.2559322	
Grimpereau des jardins	0.2755906	0.2612245	0.2668213	0.2532562	0.3146552	0.3215859	0.3074074	0.3076923	0.25	0.2609603	0.2552743	0.3187251	0.2692308	0.239418	0.2085635	0.2251082	0.2733945	0.2557781	0.2576867	0.2288274	0.2760181	0.2810458	0.2620865	0.2911392	0.2755418	0.252551	0.3050193	0.2588727	0.3103448	0.3606061	0.3686869	0.3504762	0.3413174	0.3493333	0.3443709	0.3530864	0.4096045	0.2954545	0.2840909	0.3025	0.3284133	0.2390572	0.2992701	0.2827225	0.2581699	0.2263514	0.2133333	0.3423729	
Troglodyte mignon	0.2952756	0.3061224	0.3317865	0.3342981	0.4159483	0.4185022	0.4074074	0.421978	0.4116162	0.3966597	0.3966245	0.4236388	0.3660477	0.3809524	0.3370166	0.3359307	0.3522936	0.3066256	0.3367496	0.284202	0.2375566	0.2679739	0.2290076	0.1814346	0.2198142	0.1683673	0.2471042	0.1795407	0.2517241	0.2969697	0.2449495	0.2457143	0.2664671	0.2106667	0.2649007	0.2493827	0.2768362	0.2130682	0.219697	0.3	0.3247232	0.2626263	0.3357664	0.3115183	0.2941176	0.2736486	0.2733333	0.340678	
Étourneau sansonnet	0.0433071	0.0612245	0.0417633	0.040521	0.0581897	0.0418502	0.0314815	0.0175824	0.010101	0.0104384	0.0	0.002656	0.0	0.0	0.0	0.0	0.0	0.0	0.0	0.0	0.0	0.0	0.0	0.0	0.0	0.0	0.0	0.0	0.0	0.0	0.0	0.0	0.0	0.0	0.0033113	0.0074074	0.0056497	0.0085227	0.0189394	0.03	0.0258303	0.030303	0.0729927	0.039267	0.0653595	0.0608108	0.0733333	0.059322	
Étourneau unicolore	0.5314961	0.555102	0.4941995	0.4761216	0.5625	0.5044053	0.512963	0.5054945	0.4747475	0.4780793	0.4599156	0.4555113	0.4416446	0.4642857	0.4516575	0.4701299	0.4770642	0.4545455	0.5417277	0.4429967	0.4660633	0.4117647	0.4122137	0.4198312	0.4148607	0.3061224	0.3667954	0.3507307	0.3517241	0.4484848	0.4217172	0.4190476	0.502994	0.4853333	0.5264901	0.5333333	0.5677966	0.5142045	0.5530303	0.5575	0.5608856	0.5454545	0.5510949	0.4947644	0.5261438	0.5337838	0.4766667	0.5830508	
Étourneau sansonnet ou É. unicolore	0.0295276	0.0367347	0.0232019	0.0202605	0.0344828	0.0198238	0.0092593	0.0043956	0.0075758	0.0	0.0021097	0.001328	0.0	0.0	0.0	0.0	0.0	0.0	0.0	0.0	0.0	0.0	0.0	0.0	0.0	0.0	0.0	0.0	0.0	0.0	0.0025253	0.0	0.0	0.0	0.0	0.0074074	0.0084746	0.0113636	0.030303	0.0325	0.0110701	0.020202	0.0328467	0.0235602	0.0392157	0.0135135	0.0433333	0.0305085	
Martin huppé	0.0015	0.0	0.0	0.0015	0.0021552	0.0015	0.0037037	0.0043956	0.0025253	0.0041754	0.0021097	0.0053121	0.005305	0.005291	0.0055249	8.658E-4	0.0018349	0.0015408	0.0029283	0.0	0.0022624	0.0015	0.0015	0.0021097	0.003096	0.005102	0.0	0.0041754	0.0015	0.0	0.0	0.0	0.002994	0.0	0.0	0.0049383	0.0015	0.0028409	0.0	0.0	0.0	0.003367	0.0036496	0.0	0.003268	0.0067568	0.0066667	0.0016949	
Grive draine	0.0216535	0.0183673	0.0232019	0.0144718	0.0064655	0.0220264	0.0092593	0.0	0.0151515	0.0041754	0.0042194	0.0212483	0.0079576	0.0185185	0.0082873	0.008658	0.0091743	0.0138675	0.0102489	0.012215	0.0090498	0.0087146	0.0127226	0.0042194	0.0092879	0.0076531	0.007722	0.0	0.0068966	0.0030303	0.0025253	0.0038095	0.002994	0.0026667	0.0	0.0049383	0.0028249	0.0056818	0.0075758	0.01	0.0184502	0.016835	0.0364964	0.0235602	0.0228758	0.0202703	0.0133333	0.0118644	
Grive musicienne	0.3818898	0.3734694	0.387471	0.3603473	0.4418103	0.3810573	0.4037037	0.3802198	0.3409091	0.2651357	0.2172996	0.1952191	0.0928382	0.0383598	0.0234807	0.0277056	0.0256881	0.0323575	0.033675	0.0325733	0.0429864	0.0392157	0.0534351	0.0485232	0.0464396	0.0280612	0.030888	0.0146138	0.0172414	0.0015	0.0176768	0.0114286	0.011976	0.0026667	0.0165563	0.017284	0.0282486	0.0653409	0.1060606	0.1775	0.2214022	0.1986532	0.2372263	0.2591623	0.2973856	0.2567568	0.3033333	0.3830508	
Grive mauvis	0.1003937	0.0693878	0.0510441	0.0969609	0.1314655	0.1299559	0.0796296	0.0813187	0.0353535	0.0083507	0.0	0.0	0.0	0.0	0.0	0.0	0.0	0.0	0.0	0.0	0.0	0.0	0.0	0.0	0.0	0.0	0.0	0.0	0.0	0.0	0.0	0.0	0.0	0.0	0.0	0.0	0.0	0.0	0.0	0.02	0.0590406	0.0808081	0.0729927	0.0497382	0.0620915	0.0439189	0.0466667	0.1169492	
Merle noir	0.6417323	0.6571429	0.6566125	0.6092619	0.7219828	0.69163	0.7222222	0.7428571	0.7222222	0.6784969	0.6919831	0.7197875	0.6352785	0.6375661	0.6270718	0.6406926	0.6954128	0.633282	0.6559297	0.5789902	0.6131222	0.627451	0.5826972	0.5822785	0.5479876	0.4183673	0.4749035	0.4488518	0.4517241	0.5090909	0.4545455	0.5142857	0.5778443	0.5333333	0.6357616	0.6222222	0.6384181	0.5539773	0.5189394	0.5975	0.6383764	0.5521886	0.6021898	0.6308901	0.627451	0.6554054	0.6266667	0.6983051	
Grive litorne	0.0019685	0.0020408	0.0023202	0.0014472	0.0	0.0022026	0.0018519	0.0	0.0025253	0.0	0.0	0.0	0.0	0.0	0.0	0.0	0.0	0.0	0.0	0.0	0.0	0.0	0.0	0.0	0.0	0.0	0.0	0.0	0.0	0.0	0.0	0.0	0.0	0.0	0.0	0.0	0.0	0.0	0.0	0.0025	0.0	0.003367	0.0036496	0.0078534	0.0	0.0	0.0033333	0.0067797	
Turdus sp.	0.0098425	0.0020408	0.0116009	0.0115774	0.0172414	0.0088106	0.0037037	0.0153846	0.0075758	0.0	0.0021097	0.0	0.0	0.0	0.0	0.0	0.0	0.0	0.0	0.0	0.0	0.0021786	0.0	0.0	0.0	0.0	0.0	0.0	0.0	0.0	0.0025253	0.0	0.0	0.0	0.0	0.0	0.0	0.0	0.0	0.0025	0.0	0.006734	0.0072993	0.0052356	0.0098039	0.0101351	0.01	0.0118644	
Gobemouche gris	0.0	0.0	0.0	0.0	0.0	0.0	0.0	0.0	0.0	0.0	0.0	0.0	0.0015	0.0	0.0055249	0.0	0.0	0.0030817	0.0029283	0.004886	0.0135747	0.0	0.0127226	0.0042194	0.0	0.0015	0.003861	0.0015	0.0068966	0.0242424	0.0429293	0.1657143	0.2754491	0.336	0.3509934	0.2790123	0.2457627	0.1278409	0.1060606	0.035	0.0	0.0	0.0	0.0	0.0	0.0	0.0	0.0016949	
Rougegorge familier	0.6299213	0.7040816	0.6635731	0.6266281	0.6724138	0.6321586	0.6111111	0.621978	0.5479798	0.4613779	0.4367089	0.4196547	0.3395225	0.2910053	0.2969613	0.3125541	0.3137615	0.257319	0.3689605	0.2760586	0.2782805	0.3093682	0.2773537	0.2172996	0.244582	0.1964286	0.2123552	0.2338205	0.2931034	0.3515152	0.2878788	0.3409524	0.3143713	0.3493333	0.5198675	0.545679	0.6073446	0.6193182	0.6212121	0.6775	0.7490775	0.6666667	0.7408759	0.6963351	0.7189542	0.6959459	0.6633333	0.7118644	
Rossignol philomèle	0.0	0.0	0.0	0.0	0.0	0.0	0.0018519	0.0	0.0025253	0.006263	0.0021097	0.126162	0.3090186	0.4365079	0.4309392	0.4753247	0.4990826	0.412943	0.3953148	0.3004886	0.260181	0.2244009	0.1221374	0.0907173	0.0835913	0.0561224	0.0579151	0.0960334	0.1206897	0.1121212	0.1136364	0.0552381	0.0389222	0.0266667	0.0066225	0.0098765	0.0056497	0.0	0.0	0.0	0.0	0.0	0.0	0.0	0.0	0.0	0.0	0.0	
Gorgebleue à miroir	0.015748	0.0183673	0.0069606	0.0101302	0.0150862	0.0110132	0.0203704	0.0153846	0.0126263	0.0125261	0.0063291	0.0	0.0	0.0	0.0	0.0	0.0	0.0	0.0	0.0	0.0	0.0	0.0	0.0	0.0	0.0	0.0	0.0020877	0.0	0.0	0.0	0.0019048	0.011976	0.0133333	0.0165563	0.0222222	0.0338983	0.0170455	0.0151515	0.0025	0.0073801	0.013468	0.0474453	0.013089	0.0294118	0.0304054	0.04	0.0288136	
Gobemouche noir	0.0	0.0	0.0	0.0	0.0	0.0	0.0	0.0	0.0	0.0	0.0	0.0	0.0	0.0039683	0.0013812	0.0	0.0	0.0	0.0	0.0	0.0	0.0	0.0	0.0	0.0	0.0	0.0	0.0083507	0.0137931	0.0212121	0.040404	0.2266667	0.4251497	0.5546667	0.6357616	0.5160494	0.3587571	0.1818182	0.1325758	0.0275	0.0	0.010101	0.0	0.0	0.0	0.0	0.0	0.0	
Rougequeue à front blanc	0.0	0.0	0.0	0.0	0.0	0.0	0.0	0.0	0.0	0.0	0.0	0.0039841	0.0092838	0.0145503	0.0096685	0.0121212	0.012844	0.009245	0.0190337	0.0105863	0.0135747	0.0087146	0.0101781	0.0042194	0.003096	0.0	0.0015	0.006263	0.0	0.0090909	0.0	0.0152381	0.0299401	0.0213333	0.0231788	0.017284	0.0028249	0.0085227	0.0075758	0.0	0.0	0.0	0.0	0.0	0.0	0.0	0.0	0.0	
Rougequeue noir	0.3877953	0.3714286	0.3573086	0.3371925	0.3405172	0.3612335	0.3611111	0.3604396	0.3459596	0.2901879	0.3016878	0.2974768	0.2108753	0.2301587	0.230663	0.1991342	0.2440367	0.2064715	0.2181552	0.1693811	0.2714932	0.2331155	0.259542	0.257384	0.2012384	0.1607143	0.1505792	0.1482255	0.0931034	0.1393939	0.1944444	0.1752381	0.2275449	0.2586667	0.281457	0.2740741	0.2485876	0.2329545	0.2916667	0.3625	0.4354244	0.4276094	0.4160584	0.4057592	0.3954248	0.4290541	0.3166667	0.4016949	
rougequeue sp.	0.0	0.0	0.0	0.0	0.0	0.0	0.0	0.0	0.0	0.0	0.0	0.0	0.0	0.0	0.0	0.0	0.0	0.0	0.0	0.0	0.0	0.0	0.0	0.0	0.0	0.0	0.0	0.0	0.0	0.0	0.0	0.0	0.0	0.0	0.0	0.0024691	0.0	0.0	0.0	0.0	0.0	0.0	0.0	0.0	0.0	0.0	0.0	0.0	
Monticole bleu	0.0137795	0.0081633	0.0092807	0.0057887	0.0043103	0.0088106	0.012963	0.0021978	0.0025253	0.0041754	0.0126582	0.0053121	0.005305	0.0145503	0.0055249	0.0069264	0.0073394	0.0030817	0.0043924	0.0057003	0.0067873	0.0196078	0.0076336	0.0063291	0.003096	0.005102	0.0	0.0020877	0.0068966	0.0	0.0025253	0.0133333	0.0	0.008	0.0033113	0.0074074	0.0141243	0.0056818	0.0037879	0.0015	0.0	0.0	0.0	0.0052356	0.0065359	0.0101351	0.0033333	0.0084746	
Tarier des prés	0.0	0.0	0.0	0.0	0.0	0.0	0.0	0.0	0.0	0.0	0.0	0.001328	0.0013263	0.0013228	0.0	8.658E-4	0.0	0.0	0.0	0.0	0.0	0.0	0.0	0.0	0.0	0.0	0.0	0.0	0.0	0.0	0.0	0.0057143	0.0329341	0.0506667	0.089404	0.0740741	0.0536723	0.0142045	0.0075758	0.01	0.0	0.003367	0.0	0.0	0.0	0.0	0.0	0.0	
Tarier pâtre	0.3248031	0.3346939	0.3178654	0.301013	0.3663793	0.3171806	0.3611111	0.3692308	0.3308081	0.2797495	0.3016878	0.3452855	0.2944297	0.3121693	0.2955801	0.3255411	0.3211009	0.2788906	0.2913616	0.232899	0.2850679	0.2788671	0.2544529	0.2869198	0.2631579	0.2270408	0.2818533	0.256785	0.3206897	0.3424242	0.3636364	0.3828571	0.4011976	0.416	0.4205298	0.3802469	0.4265537	0.3267045	0.4090909	0.34	0.3062731	0.3434343	0.4087591	0.3036649	0.3169935	0.3783784	0.34	0.3542373	
Traquet motteux	0.0	0.0	0.0	0.0	0.0	0.0	0.0	0.0	0.0	0.0	0.0021097	0.0053121	0.0026525	0.0039683	0.0027624	0.0025974	0.0	0.0	0.0	0.0	0.0	0.0	0.0	0.0	0.0	0.0	0.0	0.0020877	0.0	0.0	0.0025253	0.072381	0.1077844	0.112	0.1589404	0.1555556	0.1355932	0.1079545	0.1060606	0.0275	0.0	0.0	0.0	0.0	0.0	0.0	0.0	0.0	
Traquet oreillard	0.0	0.0	0.0	0.0	0.0	0.0	0.0	0.0	0.0	0.0	0.0	0.0039841	0.0039788	0.0145503	0.0055249	0.004329	0.0073394	0.0046225	0.0058565	0.0065147	0.0015	0.0043573	0.0076336	0.0021097	0.003096	0.0102041	0.003861	0.0	0.0034483	0.0	0.0050505	0.0057143	0.002994	0.0	0.0	0.0024691	0.0	0.0	0.0	0.0	0.0	0.0	0.0	0.0	0.0	0.0	0.0	0.0	
Oenanthe sp.	0.0	0.0	0.0	0.0	0.0	0.0	0.0	0.0	0.0	0.0	0.0	0.0	0.0	0.0	0.0	0.0	0.0	0.0	0.0	0.0	0.0	0.0	0.0	0.0	0.0	0.0	0.0	0.0	0.0	0.0	0.0	0.0019048	0.0	0.0	0.0	0.0	0.0	0.0	0.0	0.0	0.0	0.0	0.0	0.0	0.0	0.0	0.0	0.0	
Tisserin à tête noire	0.015748	0.0102041	0.0092807	0.0173661	0.0237069	0.0088106	0.0296296	0.043956	0.0227273	0.0229645	0.0084388	0.0199203	0.0159151	0.026455	0.0220994	0.0147186	0.0311927	0.027735	0.0278184	0.0130293	0.0113122	0.0196078	0.0229008	0.0295359	0.0185759	0.0280612	0.027027	0.0229645	0.0793103	0.0424242	0.0454545	0.0342857	0.0389222	0.032	0.0430464	0.0246914	0.0282486	0.0085227	0.0151515	0.005	0.0258303	0.003367	0.0072993	0.0104712	0.0163399	0.0067568	0.01	0.0118644	
Euplecte vorabé	0.003937	0.0142857	0.0092807	0.0115774	0.0086207	0.0110132	0.0166667	0.0153846	0.0075758	0.0146138	0.0168776	0.002656	0.0026525	0.0079365	0.0013812	0.0112554	0.0220183	0.027735	0.0278184	0.0179153	0.0475113	0.0522876	0.0559796	0.0654008	0.0495356	0.0586735	0.0849421	0.0814196	0.0482759	0.0727273	0.0782828	0.0780952	0.0658683	0.0613333	0.0596026	0.0567901	0.0367232	0.0369318	0.030303	0.015	0.00369	0.010101	0.0072993	0.0052356	0.0065359	0.0135135	0.01	0.0186441	
Diamant mandarin	0.0	0.0	0.0	0.0	0.0	0.0	0.0	0.0	0.0	0.0	0.0	0.0	0.0	0.0	0.0	0.0	0.0	0.0	0.0	0.0	0.0	0.0	0.0	0.0	0.0	0.0	0.0	0.0	0.0	0.0	0.0	0.0	0.0	0.0	0.0	0.0	0.0	0.0	0.0037879	0.0	0.0	0.0	0.0	0.0	0.0	0.0	0.0	0.0	
Capucin damier	0.015748	0.0142857	0.0069606	0.0202605	0.0258621	0.0088106	0.0074074	0.0131868	0.0176768	0.0083507	0.0063291	0.0119522	0.005305	0.0079365	0.0082873	0.0069264	0.0073394	0.0030817	0.0058565	0.004886	0.0045249	0.0261438	0.0229008	0.0189873	0.0185759	0.0255102	0.023166	0.0104384	0.0448276	0.0424242	0.0530303	0.032381	0.0389222	0.0506667	0.0331126	0.037037	0.0169492	0.0482955	0.0606061	0.0175	0.0221402	0.023569	0.0218978	0.0104712	0.0261438	0.0371622	0.0333333	0.0355932	
Astrild ondulé	0.2145669	0.2040816	0.1693735	0.186686	0.2284483	0.2048458	0.1833333	0.2065934	0.1666667	0.1461378	0.1687764	0.1766268	0.1432361	0.1402116	0.1491713	0.1246753	0.1926606	0.1571649	0.1581259	0.1115635	0.1515837	0.1895425	0.178117	0.2025316	0.2229102	0.1887755	0.2818533	0.2526096	0.2862069	0.3121212	0.3207071	0.327619	0.3652695	0.3413333	0.4205298	0.4123457	0.4265537	0.34375	0.3712121	0.365	0.3062731	0.3131313	0.3613139	0.2774869	0.2581699	0.3040541	0.2833333	0.2677966	
Bengali rouge	0.0019685	0.0	0.0015	0.0028944	0.0	0.0	0.0	0.0021978	0.0	0.0	0.0	0.0	0.0	0.0	0.0	0.0	0.0	0.0030817	0.0	0.0	0.0	0.0	0.0	0.0	0.0	0.002551	0.003861	0.0020877	0.0	0.0060606	0.0075758	0.0	0.0	0.0026667	0.0015	0.0049383	0.0	0.0142045	0.0037879	0.0	0.00369	0.0	0.0	0.0	0.0065359	0.0033784	0.0133333	0.0033898	
Veuve dominicaine	0.0019685	0.0	0.0	0.0	0.0	0.0	0.0	0.0	0.0025253	0.0041754	0.0	0.0	0.0026525	0.0	0.0	8.658E-4	0.0018349	0.0030817	0.0058565	0.0015	0.0067873	0.0065359	0.0229008	0.0105485	0.0154799	0.0178571	0.034749	0.0187891	0.0241379	0.0212121	0.0479798	0.0342857	0.0508982	0.0346667	0.0596026	0.0469136	0.0423729	0.0369318	0.0681818	0.0325	0.0184502	0.016835	0.0145985	0.013089	0.0098039	0.0101351	0.0	0.0050847	
Accenteur mouchet	0.0354331	0.0346939	0.0464037	0.0289436	0.0409483	0.0440529	0.0185185	0.0175824	0.010101	0.0041754	0.0	0.0	0.0	0.0	0.0	0.0	0.0018349	0.0	0.0	0.0	0.0	0.0	0.0	0.0	0.0	0.0	0.0	0.0	0.0	0.0	0.0	0.0	0.0	0.0026667	0.0	0.0	0.0	0.0056818	0.0037879	0.005	0.0295203	0.023569	0.0328467	0.0287958	0.0326797	0.0067568	0.0266667	0.0305085	
Moineau domestique	0.6574803	0.6102041	0.6310905	0.6208394	0.674569	0.6519824	0.6703704	0.6989011	0.6893939	0.6388309	0.7088608	0.6480744	0.6127321	0.6164021	0.6574586	0.5627706	0.6256881	0.5947612	0.6281113	0.6286645	0.7081448	0.671024	0.6844784	0.7109705	0.6749226	0.6760204	0.7297297	0.6993737	0.7034483	0.7030303	0.5757576	0.5657143	0.6526946	0.5493333	0.6523179	0.617284	0.6073446	0.6022727	0.5719697	0.6175	0.6642066	0.6228956	0.6532847	0.5890052	0.6111111	0.6722973	0.66	0.6745763	
Moineau espagnol	0.0059055	0.0020408	0.0046404	0.0014472	0.0064655	0.0044053	0.0018519	0.0	0.0025253	0.0020877	0.0	0.0	0.0013263	0.0	0.0015	0.0025974	0.0018349	0.0046225	0.0	0.0032573	0.0067873	0.0065359	0.0015	0.0021097	0.0015	0.002551	0.003861	0.0	0.0034483	0.0	0.0050505	0.0	0.0	0.0026667	0.0	0.0024691	0.0028249	0.0056818	0.0037879	0.0	0.00369	0.0	0.0	0.0015	0.0	0.0	0.0033333	0.0067797	
Moineau domestique ou M. espagnol	0.0019685	0.0	0.0	0.0	0.0021552	0.0	0.0	0.0	0.0	0.0	0.0	0.0	0.0	0.0	0.0	0.0	0.0	0.0	0.0	8.143E-4	0.0	0.0	0.0	0.0	0.0	0.0	0.0	0.0	0.0	0.0	0.0	0.0	0.0	0.0	0.0	0.0	0.0056497	0.0	0.0	0.0	0.0	0.0	0.0	0.0026178	0.003268	0.0	0.0	0.0	
Moineau friquet	0.0354331	0.0346939	0.025522	0.0318379	0.0581897	0.0418502	0.0555556	0.0593407	0.0429293	0.0563674	0.0379747	0.0305445	0.0424403	0.037037	0.0345304	0.0554113	0.0477064	0.0431433	0.0527086	0.0358306	0.0542986	0.0631808	0.0458015	0.0485232	0.0495356	0.0561224	0.0579151	0.0480167	0.0413793	0.0454545	0.0454545	0.0285714	0.0359281	0.0346667	0.0430464	0.0419753	0.059322	0.0681818	0.0757576	0.065	0.0590406	0.0707071	0.0729927	0.052356	0.0490196	0.0574324	0.04	0.0440678	
Moineau domestique ou M. friquet	0.0019685	0.0	0.0023202	0.0014472	0.0	0.0022026	0.0	0.0	0.0	0.0	0.0	0.0	0.0	0.0	0.0	0.0	0.0	0.0015408	0.0	0.0	0.0	0.0021786	0.0	0.0	0.0	0.0	0.0	0.0	0.0	0.0	0.0	0.0	0.002994	0.0	0.0	0.0	0.0	0.0	0.0	0.0025	0.0	0.0	0.0	0.0	0.0098039	0.0033784	0.0	0.0	
Passer sp.	0.0019685	0.0	0.0	0.0	0.0	0.0022026	0.0	0.0	0.0	0.0	0.0	0.0	0.0013263	0.0013228	0.0013812	8.658E-4	0.0	0.0	0.0014641	0.0015	0.0	0.0	0.0	0.0	0.0	0.0	0.0	0.0	0.0034483	0.0030303	0.0	0.0038095	0.0	0.0015	0.0	0.0024691	0.0	0.0	0.0151515	0.0	0.0	0.0015	0.0	0.0	0.0	0.0033784	0.0	0.0	
Moineau soulcie	0.0393701	0.0285714	0.0394432	0.0274964	0.049569	0.0396476	0.0407407	0.0351648	0.0227273	0.0229645	0.0337553	0.0438247	0.0344828	0.0277778	0.0234807	0.0294372	0.053211	0.027735	0.0278184	0.021987	0.0316742	0.0522876	0.0254453	0.0485232	0.0247678	0.0331633	0.027027	0.0167015	0.0206897	0.0181818	0.0176768	0.0190476	0.0209581	0.016	0.0198675	0.0197531	0.0282486	0.0369318	0.0719697	0.0475	0.0627306	0.0538721	0.0474453	0.0366492	0.0326797	0.0371622	0.02	0.0135593	
Bergeronnette des ruisseaux	0.2047244	0.2081633	0.162413	0.154848	0.1788793	0.160793	0.162963	0.1384615	0.1565657	0.1043841	0.0991561	0.0783533	0.0397878	0.0396825	0.038674	0.0311688	0.0311927	0.0446841	0.0351391	0.0488599	0.0769231	0.0588235	0.0890585	0.0421941	0.0588235	0.0561224	0.0656371	0.0835073	0.0896552	0.0909091	0.0606061	0.0857143	0.0988024	0.1226667	0.1490066	0.2197531	0.2146893	0.1676136	0.2386364	0.2325	0.3136531	0.2491582	0.2445255	0.2486911	0.2156863	0.1554054	0.1633333	0.2016949	
Bergeronnette printanière	0.0	0.0020408	0.0	0.0	0.0	0.0066079	0.0092593	0.0065934	0.020202	0.039666	0.0675105	0.0557769	0.0464191	0.0502646	0.0400552	0.0545455	0.0550459	0.0677966	0.0409956	0.0187296	0.0565611	0.0697168	0.0508906	0.0738397	0.0619195	0.0535714	0.1042471	0.0814196	0.1068966	0.1090909	0.1439394	0.1980952	0.1946108	0.2453333	0.205298	0.2049383	0.1214689	0.0738636	0.0454545	0.0075	0.0	0.003367	0.0109489	0.0157068	0.0	0.0033784	0.0066667	0.0	
Bergeronnette grise	0.5748031	0.5836735	0.5406032	0.5238784	0.5862069	0.5242291	0.5444444	0.5494505	0.4469697	0.4258873	0.3839662	0.3399734	0.2201592	0.2156085	0.2071823	0.1679654	0.2238532	0.192604	0.2079063	0.1775244	0.2669683	0.2636166	0.2849873	0.2805907	0.2662539	0.2627551	0.2779923	0.2713987	0.3275862	0.3212121	0.3005051	0.2971429	0.3293413	0.2933333	0.397351	0.362963	0.4039548	0.3835227	0.530303	0.4875	0.5793358	0.6026936	0.6605839	0.5575916	0.6111111	0.5945946	0.5466667	0.5932203	
Pipit de Richard	0.003937	0.0040816	0.0	0.0	0.0064655	0.0022026	0.0037037	0.0	0.0	0.0	0.0042194	0.001328	0.0	0.0	0.0	0.0	0.0	0.0	0.0	0.0	0.0	0.0	0.0	0.0	0.0	0.0	0.0	0.0	0.0	0.0	0.0	0.0	0.0	0.0	0.0	0.0	0.0	0.0	0.0	0.0025	0.00369	0.0	0.0036496	0.0026178	0.003268	0.0	0.0133333	0.0016949	
Pipit rousseline	0.0	0.0	0.0	0.0	0.0	0.0	0.0	0.0	0.0	0.0	0.0	0.0	0.0013263	0.0039683	0.0055249	8.658E-4	0.0	0.0030817	0.0014641	0.0040717	0.0045249	0.0	0.0076336	0.0021097	0.0	0.0	0.003861	0.0	0.0	0.0	0.0015	0.0038095	0.0	0.0133333	0.0066225	0.0	0.0056497	0.0028409	0.0	0.0	0.0	0.0	0.0	0.0	0.0	0.0	0.0	0.0	
Pipit farlouse	0.4468504	0.4632653	0.4176334	0.4037627	0.4590517	0.3568282	0.3314815	0.3604396	0.2979798	0.2296451	0.1962025	0.122178	0.0397878	0.0079365	0.0013812	0.0025974	0.0	0.0	0.0	0.0	0.0	0.0	0.0	0.0	0.0	0.0	0.0	0.0	0.0	0.0	0.0	0.0	0.0	0.0015	0.0066225	0.0049383	0.0367232	0.0767045	0.25	0.385	0.5350554	0.4882155	0.6021898	0.4921466	0.5326797	0.5337838	0.4966667	0.5084746	
Pipit des arbres	0.0	0.0	0.0	0.0	0.0	0.0	0.0	0.0	0.0	0.0020877	0.0	0.001328	0.005305	0.0026455	0.0013812	0.0	0.0	0.0	0.0	0.0	0.0	0.0	0.0	0.0	0.0	0.0	0.0	0.0	0.0	0.0030303	0.0075758	0.1142857	0.1347305	0.232	0.2317881	0.0888889	0.0451977	0.0369318	0.0075758	0.0075	0.0	0.0	0.0	0.0	0.0	0.0	0.0	0.0	
Pipit à dos olive	0.0	0.0	0.0	0.0	0.0	0.0	0.0	0.0	0.0	0.0	0.0	0.0	0.0	0.0	0.0	0.0	0.0	0.0	0.0	0.0	0.0	0.0	0.0	0.0	0.0	0.0	0.0	0.0	0.0	0.0	0.0	0.0	0.0	0.0	0.0	0.0	0.0	0.0	0.0037879	0.0	0.0	0.0	0.0	0.0	0.0	0.0	0.0	0.0	
Pipit à gorge rousse	0.0	0.0	0.0	0.0	0.0	0.0022026	0.0015	0.0	0.0	0.0	0.0063291	0.001328	0.0	0.0	0.0	0.0	0.0	0.0	0.0	0.0	0.0	0.0	0.0	0.0	0.0	0.0	0.0	0.0	0.0	0.0	0.0	0.0	0.0	0.0	0.0	0.0	0.0	0.0	0.0	0.0	0.0	0.0	0.0036496	0.0	0.0	0.0	0.0033333	0.0016949	
Pipit spioncelle	0.0295276	0.0489796	0.0301624	0.0347323	0.0474138	0.030837	0.0314815	0.0285714	0.030303	0.0354906	0.0506329	0.0212483	0.0	0.0	0.0	0.0	0.0	0.0	0.0	0.0	0.0	0.0	0.0	0.0	0.0	0.0	0.0	0.0	0.0	0.0	0.0	0.0	0.0	0.0	0.0	0.0	0.0	0.0	0.0113636	0.03	0.0405904	0.037037	0.0766423	0.0366492	0.0261438	0.0405405	0.0433333	0.0508475	
Anthus sp.	0.0	0.0	0.0023202	0.0014472	0.0043103	0.0022026	0.0	0.0	0.0025253	0.0	0.0	0.0	0.0	0.0	0.0	0.0	0.0	0.0	0.0	0.0	0.0	0.0	0.0	0.0	0.0	0.0	0.0015	0.0	0.0	0.0	0.0025253	0.0	0.0	0.0	0.0	0.0	0.0015	0.0	0.0	0.0	0.00369	0.0	0.0	0.0	0.0	0.0	0.0	0.0033898	
Pinson des arbres	0.5492126	0.5102041	0.5150812	0.4558611	0.5625	0.5176211	0.5074074	0.5252747	0.4722222	0.3987474	0.4092827	0.4116866	0.4323607	0.3862434	0.2941989	0.3341991	0.3486239	0.3898305	0.3543192	0.3118893	0.2873303	0.3376906	0.2519084	0.2278481	0.2167183	0.1709184	0.1660232	0.1419624	0.1655172	0.2	0.2525253	0.2209524	0.2125749	0.1786667	0.1754967	0.217284	0.2542373	0.2840909	0.3295455	0.445	0.5571956	0.4848485	0.5729927	0.5366492	0.6111111	0.5777027	0.5433333	0.6186441	
Pinson du Nord	0.0728346	0.0673469	0.0580046	0.0549928	0.0689655	0.0660793	0.0333333	0.0571429	0.0505051	0.0375783	0.0421941	0.0066401	0.0013263	0.0	0.0	0.0	0.0	0.0	0.0	0.0	0.0	0.0	0.0	0.0	0.0	0.0	0.0	0.0	0.0	0.0	0.0	0.0	0.0	0.0	0.0	0.0	0.0	0.0	0.0	0.0225	0.0885609	0.0505051	0.1131387	0.0837696	0.1045752	0.0709459	0.0766667	0.0949153	
Pinson des arbres ou P. du Nord	0.0	0.0	0.0	0.0	0.0	0.0	0.0	0.0	0.0	0.0	0.0	0.0	0.0	0.0	0.0	0.0	0.0	0.0	0.0	0.0	0.0	0.0	0.0	0.0	0.0	0.0	0.0	0.0	0.0	0.0	0.0	0.0	0.0	0.0	0.0	0.0	0.0	0.0	0.0	0.0	0.0	0.0	0.0	0.0	0.0	0.0033784	0.0	0.0016949	
Grosbec casse-noyaux	0.0492126	0.0346939	0.0417633	0.0318379	0.0646552	0.0462555	0.0407407	0.0615385	0.0656566	0.045929	0.0675105	0.0464807	0.0225464	0.0251323	0.0069061	0.0077922	0.0201835	0.0107858	0.0073206	0.019544	0.0339367	0.0261438	0.0305344	0.0337553	0.0278638	0.0153061	0.023166	0.0187891	0.0172414	0.0242424	0.040404	0.0285714	0.0359281	0.0293333	0.0331126	0.0246914	0.0451977	0.0284091	0.030303	0.01	0.0369004	0.03367	0.0255474	0.0287958	0.0294118	0.0405405	0.03	0.0677966	
Bouvreuil pivoine	0.0137795	0.0244898	0.0139211	0.0086831	0.0215517	0.0264317	0.0222222	0.0153846	0.030303	0.0229645	0.0253165	0.0212483	0.0026525	0.0013228	0.0013812	0.0	0.0	0.0	0.0	0.0015	0.0	0.0	0.0	0.0042194	0.0	0.0	0.0	0.0	0.0	0.0	0.0	0.0019048	0.0	0.0026667	0.0	0.0	0.0	0.0015	0.0037879	0.0375	0.0811808	0.030303	0.0510949	0.0183246	0.0163399	0.0101351	0.0033333	0.020339	
Verdier d'Europe	0.4429134	0.4612245	0.4663573	0.4399421	0.5517241	0.5396476	0.5944444	0.6791209	0.6717172	0.6471816	0.7468354	0.7025232	0.6644562	0.6335979	0.6160221	0.6103896	0.6201835	0.5624037	0.6120059	0.5855049	0.6493213	0.6165577	0.5903308	0.6223629	0.5541796	0.4770408	0.5019305	0.4237996	0.437931	0.4363636	0.4166667	0.3790476	0.4221557	0.336	0.410596	0.3234568	0.3728814	0.3380682	0.405303	0.445	0.5387454	0.4579125	0.4744526	0.421466	0.4477124	0.4831081	0.4266667	0.4915254	
Linotte mélodieuse	0.2204724	0.2285714	0.2111369	0.1924747	0.2521552	0.2136564	0.2296296	0.2879121	0.2752525	0.2379958	0.2869198	0.2416999	0.1591512	0.1970899	0.1975138	0.2363636	0.1889908	0.1510015	0.1713031	0.1742671	0.1855204	0.2178649	0.1603053	0.2130802	0.2321981	0.1734694	0.2355212	0.1962422	0.2034483	0.1939394	0.1742424	0.1885714	0.1407186	0.168	0.1456954	0.1358025	0.180791	0.1875	0.25	0.2775	0.2361624	0.2323232	0.2627737	0.1753927	0.2156863	0.2398649	0.2233333	0.2457627	
Bec-croisé des sapins	0.0	0.0	0.0	0.0014472	0.0	0.0044053	0.0	0.0021978	0.0025253	0.0	0.0	0.0	0.0013263	0.0	0.0	0.0	0.0	0.0	0.0	0.0	0.0	0.0	0.0	0.0	0.0	0.0	0.0	0.0	0.0	0.0	0.0	0.0	0.0	0.0	0.0	0.0049383	0.0	0.0028409	0.0037879	0.0	0.00369	0.0015	0.0	0.0026178	0.0	0.0	0.0	0.0016949	
Chardonneret élégant	0.4271654	0.4061224	0.387471	0.3936324	0.4762931	0.4493392	0.4925926	0.5582418	0.530303	0.5344468	0.6244726	0.5670651	0.4907162	0.5224868	0.5055249	0.4909091	0.4807339	0.4360555	0.4860908	0.4739414	0.5475113	0.5599129	0.5216285	0.5527426	0.501548	0.4030612	0.4903475	0.4843424	0.462069	0.4393939	0.4318182	0.3733333	0.3952096	0.3386667	0.410596	0.4123457	0.4548023	0.3664773	0.4469697	0.4425	0.5498155	0.4814815	0.5291971	0.4267016	0.4673203	0.4054054	0.4233333	0.5016949	
Serin cini	0.4330709	0.4326531	0.4176334	0.47178	0.5926724	0.5748899	0.6555556	0.6989011	0.6893939	0.6492693	0.7278481	0.6759628	0.6127321	0.6468254	0.5621547	0.6112554	0.5853211	0.5546995	0.5754026	0.5374593	0.5339367	0.5751634	0.5343511	0.5316456	0.4767802	0.3494898	0.3822394	0.2526096	0.2655172	0.2515152	0.209596	0.2190476	0.248503	0.192	0.2152318	0.2962963	0.2909605	0.2698864	0.3181818	0.3975	0.4391144	0.4208754	0.4963504	0.4371728	0.4215686	0.4358108	0.39	0.5440678	
Serin des Canaries	0.0	0.0	0.0	0.0	0.0	0.0	0.0	0.0	0.0	0.0	0.0	0.0	0.0	0.0	0.0	0.0015	0.0	0.0015408	0.0	0.0	0.0	0.0	0.0	0.0	0.0	0.0	0.0	0.0	0.0	0.0	0.0	0.0	0.0	0.0	0.0	0.0	0.0	0.0	0.0	0.0	0.0	0.0	0.0	0.0	0.0	0.0	0.0	0.0	
Tarin des aulnes	0.2224409	0.2	0.1670534	0.2011577	0.2047414	0.1718062	0.1796296	0.1384615	0.1136364	0.1336117	0.1308017	0.0969456	0.035809	0.010582	0.0	8.658E-4	0.0018349	0.0	0.0	0.0	0.0	0.0	0.0	0.0	0.0	0.0	0.0	0.0	0.0	0.0	0.0	0.0	0.0	0.0	0.0	0.0	0.0	0.0113636	0.0151515	0.1475	0.2324723	0.2053872	0.2773723	0.2696335	0.2320261	0.2601351	0.2166667	0.3050847	
fringillidé sp.	0.0	0.0	0.0	0.0	0.0	0.0	0.0	0.0	0.0	0.0	0.0	0.0	0.0	0.0	0.0	0.0	0.0	0.0	0.0	0.0	0.0	0.0	0.0	0.0	0.0	0.0	0.0	0.0	0.0	0.0	0.0	0.0	0.0	0.0026667	0.0	0.0	0.0	0.0	0.0	0.0	0.0	0.0	0.0	0.0	0.0	0.0033784	0.0	0.0	
Bruant des neiges	0.0	0.0	0.0	0.0	0.0	0.0	0.0	0.0	0.0	0.0	0.0	0.0	0.0	0.0	0.0	0.0	0.0	0.0	0.0	0.0	0.0	0.0	0.0	0.0	0.0	0.0	0.0	0.0	0.0	0.0	0.0	0.0	0.0	0.0	0.0	0.0	0.0	0.0	0.0	0.0	0.00369	0.0	0.0	0.0	0.0	0.0	0.0	0.0	
Bruant proyer	0.1003937	0.0734694	0.1020882	0.0868307	0.1293103	0.1431718	0.1388889	0.1626374	0.1439394	0.1419624	0.1793249	0.2031873	0.2374005	0.1904762	0.1837017	0.24329	0.2366972	0.211094	0.2035139	0.1701954	0.1719457	0.1176471	0.0661578	0.0738397	0.0402477	0.0280612	0.046332	0.0354906	0.0310345	0.0212121	0.030303	0.0304762	0.0269461	0.0533333	0.0562914	0.0691358	0.0847458	0.0681818	0.0984848	0.0575	0.0811808	0.0673401	0.1240876	0.0445026	0.0424837	0.0675676	0.0733333	0.0932203	
Bruant fou	0.0098425	0.0061224	0.0023202	0.0057887	0.0150862	0.0132159	0.0037037	0.0043956	0.0015	0.0041754	0.0084388	0.002656	0.005305	0.010582	0.0013812	0.0077922	0.0055046	0.0015408	0.0058565	0.0081433	0.0045249	0.0152505	0.0076336	0.0015	0.003096	0.0076531	0.0	0.0020877	0.0068966	0.0030303	0.0050505	0.0057143	0.0015	0.0053333	0.0015	0.0049383	0.0141243	0.0028409	0.0075758	0.0025	0.0073801	0.0	0.0072993	0.0209424	0.0098039	0.0033784	0.0	0.0067797	
Bruant zizi	0.1437008	0.1020408	0.1206497	0.1114327	0.1573276	0.123348	0.1185185	0.1098901	0.1388889	0.1127349	0.1033755	0.126162	0.1458886	0.1375661	0.128453	0.1203463	0.133945	0.0970724	0.102489	0.1148208	0.1312217	0.1481481	0.1323155	0.1540084	0.1331269	0.1020408	0.1081081	0.085595	0.1034483	0.0969697	0.1287879	0.087619	0.1526946	0.1013333	0.115894	0.1506173	0.1638418	0.1789773	0.1704545	0.18	0.2398524	0.1279461	0.1459854	0.1413613	0.1405229	0.125	0.1266667	0.159322	
Bruant ortolan	0.0	0.0	0.0	0.0	0.0	0.0	0.0	0.0	0.0	0.0	0.0	0.0	0.0	0.0	0.0	0.0	0.0	0.0	0.0	0.0	0.0	0.0	0.0	0.0	0.0	0.0	0.0	0.0	0.0	0.0	0.0	0.0019048	0.0239521	0.0533333	0.0264901	0.0074074	0.0056497	0.0028409	0.0	0.0	0.0	0.0	0.0	0.0	0.0	0.0	0.0	0.0	
Bruant des roseaux	0.019685	0.022449	0.0023202	0.0173661	0.0237069	0.0176211	0.0185185	0.0153846	0.0075758	0.006263	0.0042194	0.001328	0.0	0.0	0.0	0.0	0.0	0.0	0.0014641	0.0	0.0	0.0	0.0	0.0021097	0.0	0.0	0.0	0.0	0.0	0.0	0.0	0.0	0.0	0.0	0.0	0.0	0.0	0.0	0.0	0.0	0.0	0.003367	0.0145985	0.0078534	0.0130719	0.0168919	0.0266667	0.0152542	
Bruant nain	0.0	0.0	0.0	0.0043415	0.0043103	0.0	0.0	0.0	0.0	0.0	0.0	0.0	0.0	0.0	0.0	0.0	0.0	0.0	0.0	0.0	0.0	0.0	0.0	0.0	0.0	0.0	0.0	0.0	0.0	0.0	0.0	0.0	0.0	0.0	0.0	0.0	0.0	0.0	0.0037879	0.0	0.0	0.0	0.0	0.0	0.0	0.0	0.0	0.0	
Emberiza sp.	0.0	0.0	0.0	0.0	0.0	0.0	0.0	0.0	0.0	0.0	0.0	0.0	0.0	0.0	0.0	0.0	0.0	0.0	0.0	0.0	0.0	0.0	0.0	0.0	0.0	0.0	0.0	0.0	0.0	0.0	0.0	0.0	0.0	0.0	0.0	0.0	0.0	0.0	0.0	0.0	0.0	0.0	0.0	0.0	0.003268	0.0	0.0	0.0	
passereau sp.	0.0098425	0.0020408	0.0162413	0.0057887	0.0086207	0.0044053	0.0	0.0087912	0.0075758	0.0	0.0042194	0.0066401	0.0	0.0026455	0.0096685	0.0077922	0.0	0.0	0.0073206	0.0040717	0.0022624	0.0021786	0.0050891	0.0	0.0092879	0.0	0.003861	0.0104384	0.0	0.0060606	0.0025253	0.0019048	0.005988	0.0026667	0.0033113	0.0074074	0.0056497	0.0	0.0075758	0.0025	0.0	0.006734	0.0218978	0.013089	0.0065359	0.0033784	0.0	0.0050847	
oiseau sp.	0.0	0.0	0.0	0.0	0.0	0.0	0.0	0.0	0.0	0.0	0.0	0.0	0.0013263	0.0	0.0	0.0	0.0	0.0	0.0	0.0	0.0	0.0	0.0	0.0	0.0	0.002551	0.0	0.0	0.0015	0.0015	0.0	0.0	0.0	0.0015	0.0	0.0	0.0	0.0	0.0	0.0015	0.0	0.0	0.0	0.0	0.0	0.0	0.0	0.0016949	

