









Frequency of observations in the selected location(s).:
Number of taxa: 	419

	Jan				Feb				Mar				Apr				May				Jun				Jul				Aug				Sep				Oct				Nov				Dec				
Sample Size:	487.0	179.0	64.0	120.0	114.0	79.0	135.0	139.0	90.0	132.0	206.0	506.0	365.0	390.0	581.0	682.0	381.0	276.0	266.0	385.0	218.0	187.0	197.0	254.0	208.0	218.0	194.0	218.0	174.0	261.0	196.0	269.0	172.0	176.0	212.0	283.0	258.0	234.0	409.0	809.0	378.0	262.0	161.0	91.0	68.0	66.0	31.0	251.0	

Oie cendrée	0.0	0.0	0.0	0.0	0.0	0.0	0.0	0.0	0.0	0.0	0.0	0.0	0.0	0.0	0.0	0.0	0.0	0.0	0.0	0.0	0.0	0.0	0.0	0.0	0.0	0.0	0.0	0.0	0.0	0.0	0.0	0.0	0.0	0.0	0.0	0.0	0.0	0.0	0.0	0.0012361	0.0	0.0	0.0	0.010989	0.0	0.0	0.0	0.0	
Anser sp. (forme domestique)	0.0	0.0	0.0	0.0	0.0	0.0	0.0	0.0	0.0	0.0	0.0	0.0	0.0015	0.0	0.0	0.0	0.0	0.0	0.0	0.0	0.0	0.0	0.0	0.0	0.0	0.0	0.0	0.0045872	0.0	0.0	0.0	0.0	0.005814	0.0	0.0	0.0	0.0	0.0	0.0	0.0	0.0	0.0	0.0	0.0	0.0	0.0	0.0	0.0	
Cygne tuberculé	0.0	0.0	0.0	0.0	0.0	0.0	0.0	0.0	0.0	0.0	0.0	0.0	0.0	0.0025641	0.0	0.0	0.0	0.0	0.0	0.0	0.0	0.0	0.0	0.0	0.0	0.0	0.0	0.0	0.0	0.0	0.0	0.0	0.0	0.0	0.0	0.0035336	0.0	0.0	0.0	0.0	0.0	0.0	0.0	0.0	0.0	0.0	0.0	0.0	
Ouette d'Égypte	0.0020534	0.0	0.0	0.0083333	0.0	0.0	0.0148148	0.0	0.0	0.0	0.0097087	0.0	0.0054795	0.0025641	0.0	0.0029326	0.0026247	0.0	0.0	0.0	0.0	0.0	0.0	0.0	0.0	0.0	0.0	0.0	0.0	0.0	0.0	0.0	0.0	0.0	0.0	0.0	0.0	0.0	0.0	0.0012361	0.0	0.0	0.0062112	0.0	0.0	0.0	0.0	0.0039841	
Tadorne casarca	0.0	0.0	0.0	0.0	0.0	0.0	0.0	0.0	0.0	0.0075758	0.0	0.0019763	0.0	0.0	0.0	0.0	0.0	0.0	0.0	0.0	0.0	0.0	0.0	0.0	0.0	0.0	0.0	0.0	0.0	0.0038314	0.0015	0.0015	0.0	0.0	0.0	0.0	0.0	0.0	0.0	0.0	0.0	0.0114504	0.0062112	0.0	0.0	0.0	0.0	0.0	
Tadorne de Belon	0.0554415	0.0837989	0.109375	0.1333333	0.1578947	0.1265823	0.0888889	0.0935252	0.1222222	0.0909091	0.0582524	0.0889328	0.0520548	0.0641026	0.0826162	0.0645161	0.0734908	0.0652174	0.0902256	0.0545455	0.0366972	0.0427807	0.0609137	0.0669291	0.0480769	0.0321101	0.0360825	0.0412844	0.045977	0.0229885	0.0561224	0.0148699	0.0290698	0.0454545	0.0235849	0.0318021	0.0193798	0.0213675	0.0171149	0.0247219	0.0555556	0.0725191	0.0745342	0.0549451	0.1176471	0.1363636	0.0645161	0.0956175	
Canard musqué	0.0	0.0	0.0	0.0	0.0	0.0	0.0074074	0.0	0.0015	0.0075758	0.0	0.0039526	0.0	0.0	0.0	0.0	0.0	0.0015	0.0	0.0	0.0	0.0	0.0050761	0.003937	0.0	0.0015	0.0	0.0045872	0.0057471	0.0	0.0	0.0	0.0174419	0.0015	0.0015	0.0	0.0	0.0	0.0	0.0012361	0.0015	0.0	0.0	0.0	0.0	0.0	0.0	0.0039841	
Canard mandarin	0.0	0.0	0.0	0.0	0.0	0.0	0.0	0.0	0.0	0.0	0.0	0.0	0.0015	0.0	0.0	0.0	0.0	0.0	0.0	0.0	0.0	0.0	0.0	0.0	0.0	0.0	0.0	0.0	0.0057471	0.0	0.0	0.0	0.0	0.0	0.0	0.0	0.0	0.0	0.0	0.0	0.0	0.0	0.0	0.0	0.0	0.0	0.0	0.0	
Sarcelle d'été	0.0	0.0	0.0	0.0083333	0.0	0.0	0.0	0.0143885	0.0	0.0227273	0.0145631	0.041502	0.0191781	0.0128205	0.0086059	0.0015	0.0052493	0.0036232	0.0037594	0.0	0.0045872	0.0	0.0	0.0015	0.0	0.0	0.0	0.0	0.0015	0.0038314	0.005102	0.0074349	0.0232558	0.0056818	0.0	0.0015	0.0	0.008547	0.0	0.0012361	0.0	0.0	0.0	0.0	0.0	0.0	0.0	0.0	
Canard souchet	0.0513347	0.0782123	0.109375	0.1333333	0.1754386	0.0632911	0.0962963	0.1151079	0.1111111	0.1212121	0.092233	0.0810277	0.0493151	0.0384615	0.0258176	0.0131965	0.0104987	0.0072464	0.0037594	0.0051948	0.0015	0.0	0.0	0.0	0.0015	0.0	0.0	0.0	0.0015	0.0038314	0.0306122	0.0111524	0.0174419	0.0397727	0.0471698	0.0318021	0.0271318	0.0470085	0.0366748	0.0333745	0.1005291	0.0839695	0.1428571	0.1648352	0.1911765	0.1212121	0.1290323	0.0796813	
Canard chipeau	0.0431211	0.0614525	0.046875	0.1	0.0964912	0.0506329	0.0518519	0.0791367	0.0444444	0.0151515	0.0242718	0.0533597	0.0082192	0.0	0.0034423	0.0029326	0.0	0.0036232	0.0075188	0.0015	0.0	0.0	0.0015	0.007874	0.0096154	0.0045872	0.0	0.0045872	0.0114943	0.0114943	0.0255102	0.0037175	0.0174419	0.0227273	0.009434	0.0015	0.0116279	0.017094	0.00489	0.0086527	0.037037	0.0076336	0.0248447	0.043956	0.0441176	0.0151515	0.1290323	0.059761	
Canard siffleur	0.0410678	0.0837989	0.046875	0.075	0.0877193	0.0253165	0.0296296	0.0503597	0.0444444	0.0681818	0.0145631	0.0256917	0.0082192	0.0051282	0.0172117	0.0014663	0.0	0.0036232	0.0	0.0	0.0	0.0	0.0	0.0015	0.0	0.0	0.0	0.0	0.0	0.0038314	0.0	0.0	0.0	0.0056818	0.0	0.0	0.0116279	0.0	0.00489	0.0160692	0.0740741	0.0610687	0.0434783	0.0659341	0.0882353	0.0454545	0.0645161	0.0677291	
Canard colvert	0.0657084	0.0726257	0.109375	0.1	0.1491228	0.0759494	0.1111111	0.1510791	0.1555556	0.1136364	0.0873786	0.0711462	0.0630137	0.0487179	0.0585198	0.0498534	0.0498688	0.0688406	0.0601504	0.0285714	0.0137615	0.0374332	0.0253807	0.0314961	0.0336538	0.0366972	0.0154639	0.0642202	0.0689655	0.0842912	0.122449	0.0594796	0.0639535	0.0738636	0.0613208	0.0706714	0.0387597	0.0470085	0.0220049	0.0358467	0.0925926	0.0687023	0.136646	0.1868132	0.1029412	0.1212121	0.1612903	0.0756972	
Canard pilet	0.0390144	0.027933	0.015625	0.0416667	0.0789474	0.0506329	0.0444444	0.0359712	0.0333333	0.0227273	0.0145631	0.0217391	0.0082192	0.0076923	0.010327	0.0058651	0.0052493	0.0	0.0	0.0	0.0	0.0	0.0	0.0	0.0	0.0	0.0	0.0	0.0057471	0.0	0.005102	0.0	0.0116279	0.0113636	0.0	0.0106007	0.0077519	0.0128205	0.0122249	0.013597	0.0396825	0.0152672	0.0248447	0.032967	0.0294118	0.0454545	0.0645161	0.0438247	
Sarcelle d'hiver	0.0780287	0.0949721	0.09375	0.2	0.1666667	0.0759494	0.0518519	0.0935252	0.0888889	0.0454545	0.0436893	0.0375494	0.0273973	0.0076923	0.0051635	0.0029326	0.0	0.0036232	0.0	0.0015	0.0	0.0	0.0	0.0	0.0	0.0	0.0103093	0.0	0.0114943	0.0114943	0.0612245	0.0260223	0.0232558	0.0227273	0.0707547	0.0459364	0.0232558	0.0512821	0.0342298	0.0370828	0.1005291	0.0381679	0.1055901	0.1098901	0.1470588	0.1363636	0.0967742	0.1035857	
Anas sp.	0.0	0.0	0.0	0.0	0.0	0.0	0.0	0.0	0.0	0.0	0.0	0.0059289	0.0	0.0	0.0	0.0	0.0	0.0	0.0	0.0	0.0	0.0	0.0	0.0	0.0	0.0	0.0	0.0	0.0	0.0	0.0	0.0	0.0	0.0	0.0	0.0	0.0	0.0	0.0	0.0	0.0	0.0	0.0	0.0	0.0	0.0	0.0	0.0	
Sarcelle marbrée	0.0	0.0055866	0.0	0.0	0.0	0.0	0.0	0.0071942	0.0	0.0075758	0.0	0.0019763	0.0027397	0.0015	0.0051635	0.0029326	0.0052493	0.0072464	0.0075188	0.0025974	0.0	0.0	0.0	0.0	0.0	0.0045872	0.0	0.0045872	0.0057471	0.0153257	0.0	0.0	0.0	0.0015	0.0	0.0	0.0	0.0	0.0	0.0	0.0026455	0.0038168	0.0	0.0015	0.0	0.0	0.0	0.0079681	
Nette rousse	0.0041068	0.0	0.0	0.0015	0.0	0.0	0.0	0.0015	0.0	0.0075758	0.0	0.0039526	0.0027397	0.0	0.0051635	0.0014663	0.0052493	0.0036232	0.0037594	0.0051948	0.0	0.0	0.0050761	0.0	0.0	0.0	0.0	0.0	0.0057471	0.0038314	0.0	0.0	0.0	0.0	0.004717	0.0015	0.0	0.0	0.0	0.0	0.0	0.0	0.0	0.0	0.0	0.0	0.0	0.0	
Nette demi-deuil	0.0	0.0	0.0	0.0	0.0	0.0	0.0	0.0	0.0	0.0	0.0	0.0	0.0	0.0	0.0	0.0	0.0026247	0.0036232	0.0	0.0	0.0	0.0	0.0	0.0	0.0	0.0	0.0	0.0	0.0	0.0	0.0	0.0	0.0	0.0	0.0	0.0	0.0	0.0	0.0	0.0	0.0	0.0	0.0	0.0	0.0	0.0	0.0	0.0	
Fuligule milouin	0.0349076	0.0446927	0.03125	0.0666667	0.0438596	0.0	0.0518519	0.0503597	0.0111111	0.0378788	0.0242718	0.0335968	0.0082192	0.0102564	0.0154905	0.0117302	0.0131234	0.0072464	0.0037594	0.0	0.0091743	0.0	0.0	0.007874	0.0096154	0.0045872	0.0051546	0.0091743	0.0114943	0.0038314	0.0408163	0.0148699	0.0174419	0.0056818	0.0141509	0.0070671	0.0116279	0.025641	0.0171149	0.0123609	0.015873	0.0076336	0.0434783	0.043956	0.0441176	0.0606061	0.0645161	0.0318725	
Fuligule nyroca	0.0205339	0.0223464	0.046875	0.0083333	0.0175439	0.0	0.0148148	0.0215827	0.0015	0.0227273	0.0097087	0.0237154	0.0109589	0.0179487	0.0137694	0.0205279	0.0183727	0.0108696	0.0112782	0.012987	0.0	0.0106952	0.0050761	0.019685	0.0096154	0.0091743	0.0360825	0.0229358	0.0229885	0.0229885	0.0510204	0.0223048	0.0116279	0.0056818	0.0188679	0.0070671	0.0015	0.0128205	0.00978	0.0024722	0.0079365	0.0076336	0.0062112	0.010989	0.0147059	0.0151515	0.0015	0.0039841	
Fuligule morillon	0.0123203	0.0111732	0.0015	0.0166667	0.0	0.0	0.0074074	0.0071942	0.0	0.0075758	0.0145631	0.0019763	0.0	0.0	0.0	0.0014663	0.0	0.0	0.0	0.0	0.0	0.0	0.0	0.0	0.0	0.0	0.0	0.0	0.0	0.0	0.0	0.0	0.0	0.0	0.0	0.0	0.0	0.0	0.0	0.0	0.0	0.0	0.0062112	0.021978	0.0	0.0151515	0.0015	0.0119522	
Fuligule milouinan	0.0041068	0.0	0.0	0.0	0.0	0.0	0.0	0.0	0.0	0.0	0.0	0.0	0.0	0.0	0.0	0.0	0.0	0.0	0.0	0.0	0.0	0.0	0.0	0.0	0.0	0.0	0.0	0.0	0.0	0.0	0.0	0.0	0.0	0.0	0.0	0.0	0.0	0.0	0.0	0.0	0.0	0.0	0.0	0.0	0.0	0.0	0.0	0.0015	
Macreuse brune	0.0	0.0	0.0	0.0	0.0	0.0	0.0	0.0	0.0	0.0	0.0	0.0	0.0	0.0	0.0	0.0	0.0	0.0	0.0	0.0	0.0	0.0	0.0	0.0	0.0	0.0	0.0	0.0	0.0	0.0	0.0	0.0	0.0	0.0	0.0	0.0	0.0	0.0	0.0	0.0	0.0	0.0	0.0	0.0	0.0147059	0.0	0.0	0.0	
Macreuse noire	0.0	0.0	0.0015	0.0	0.0	0.0	0.0	0.0	0.0	0.0	0.0	0.0	0.0	0.0	0.0	0.0	0.0	0.0	0.0	0.0	0.0	0.0	0.0	0.0	0.0	0.0	0.0	0.0	0.0	0.0	0.0	0.0	0.0	0.0	0.0	0.0	0.0	0.0	0.0	0.0	0.0	0.0	0.0	0.0	0.0	0.0	0.0	0.0	
Garrot à oeil d'or	0.0	0.0	0.0	0.0	0.0	0.0	0.0	0.0	0.0	0.0	0.0	0.0	0.0	0.0	0.0	0.0	0.0	0.0	0.0	0.0	0.0	0.0	0.0	0.0	0.0	0.0	0.0	0.0	0.0	0.0	0.0	0.0	0.0	0.0	0.0	0.0	0.0	0.0	0.0	0.0	0.0	0.0	0.0	0.0	0.0147059	0.0	0.0	0.0	
Harle huppé	0.0	0.0055866	0.0015	0.0083333	0.0	0.0015	0.0	0.0071942	0.0111111	0.0015	0.0	0.0019763	0.0	0.0	0.0	0.0	0.0	0.0	0.0	0.0	0.0	0.0	0.0	0.0	0.0	0.0	0.0	0.0	0.0	0.0	0.0	0.0	0.0	0.0	0.0	0.0	0.0	0.0	0.0	0.0	0.005291	0.0038168	0.0	0.0015	0.0	0.0015	0.0	0.0039841	
Érismature rousse	0.0	0.0	0.0	0.0	0.0	0.0	0.0	0.0	0.0	0.0	0.0	0.0	0.0	0.0	0.0	0.0	0.0	0.0	0.0	0.0	0.0	0.0	0.0	0.0	0.0	0.0	0.0	0.0045872	0.0	0.0	0.005102	0.0	0.0	0.0	0.0	0.0	0.0	0.0	0.0	0.0	0.0	0.0	0.0	0.0	0.0	0.0	0.0	0.0	
anatidé sp. (canard sp.)	0.0	0.0	0.0	0.0	0.0	0.0126582	0.0	0.0	0.0	0.0	0.0	0.0	0.0	0.0	0.0	0.0	0.0	0.0	0.0112782	0.0	0.0	0.0	0.0	0.0	0.0	0.0015	0.0	0.0091743	0.0114943	0.0038314	0.005102	0.0	0.005814	0.0056818	0.0	0.0	0.0	0.0	0.00489	0.0012361	0.0	0.0	0.0062112	0.0	0.0147059	0.0151515	0.0	0.0	
sauvagine sp.	0.0	0.0	0.0	0.0	0.0	0.0	0.0	0.0	0.0	0.0	0.0048544	0.0059289	0.0	0.0	0.0	0.0014663	0.0	0.0	0.0	0.0	0.0	0.0	0.0	0.0	0.0	0.0	0.0	0.0	0.0	0.0	0.0	0.0	0.0	0.0	0.0	0.0	0.0	0.0	0.0	0.0012361	0.0	0.0038168	0.0062112	0.0	0.0	0.0	0.0	0.0	
Faisan de Colchide	0.0	0.0	0.0	0.0	0.0	0.0	0.0	0.0	0.0	0.0	0.0	0.0	0.0	0.0025641	0.0068847	0.0131965	0.0026247	0.0	0.0	0.0	0.0	0.0	0.0	0.0	0.0015	0.0	0.0	0.0	0.0	0.0	0.0	0.0	0.0	0.0	0.0	0.0	0.0	0.0	0.0	0.0	0.0	0.0	0.0	0.0	0.0	0.0	0.0	0.0	
Paon bleu	0.0	0.0	0.0	0.0	0.0	0.0	0.0	0.0	0.0	0.0	0.0	0.0	0.0	0.0	0.0	0.0	0.0	0.0	0.0	0.0	0.0045872	0.0	0.0	0.0	0.0	0.0	0.0	0.0	0.0	0.0	0.0	0.0	0.0	0.0	0.0	0.0	0.0	0.0	0.0	0.0	0.0	0.0	0.0	0.0	0.0	0.0	0.0	0.0	
Caille des blés	0.0020534	0.0	0.0	0.0083333	0.0087719	0.0	0.0148148	0.0143885	0.0444444	0.0151515	0.0339806	0.0355731	0.0410959	0.0153846	0.0327022	0.0454545	0.0209974	0.0072464	0.0112782	0.012987	0.0458716	0.0106952	0.0101523	0.007874	0.0015	0.0015	0.0103093	0.0	0.0057471	0.0	0.0	0.0074349	0.0	0.0015	0.0	0.0	0.0116279	0.0042735	0.0171149	0.0234858	0.026455	0.0076336	0.0015	0.0015	0.0147059	0.0	0.0	0.0015	
Perdrix rouge	0.0	0.0	0.0	0.0166667	0.0	0.0	0.0	0.0	0.0	0.0	0.0	0.0237154	0.060274	0.0205128	0.0654045	0.1319648	0.0472441	0.0	0.0	0.0015	0.0045872	0.0053476	0.0	0.003937	0.0096154	0.0	0.0	0.0	0.0172414	0.0153257	0.005102	0.0037175	0.0	0.0056818	0.0015	0.0106007	0.0697674	0.034188	0.0660147	0.0964153	0.1243386	0.0076336	0.0	0.0	0.0	0.0	0.0	0.0	
Perdrix bartavelle	0.0	0.0055866	0.0	0.0	0.0	0.0253165	0.0074074	0.0071942	0.0015	0.0075758	0.0194175	0.0059289	0.0054795	0.0025641	0.0086059	0.0015	0.007874	0.0108696	0.0112782	0.0025974	0.0045872	0.0106952	0.0050761	0.0015	0.0096154	0.0	0.0015	0.0	0.0	0.0	0.0	0.0111524	0.0	0.0056818	0.0	0.0035336	0.0	0.0	0.0015	0.0012361	0.0	0.0038168	0.0	0.010989	0.0	0.0151515	0.0	0.0079681	
Pigeon biset	0.1396304	0.1284916	0.203125	0.2583333	0.3333333	0.2658228	0.2592593	0.323741	0.2666667	0.3106061	0.4174757	0.3636364	0.2684932	0.2897436	0.2271945	0.3357771	0.3622047	0.307971	0.3909774	0.3688312	0.2798165	0.3048128	0.3604061	0.3188976	0.2067308	0.233945	0.2731959	0.2385321	0.2528736	0.1992337	0.25	0.3048327	0.3662791	0.4090909	0.3820755	0.4487633	0.3449612	0.3034188	0.3887531	0.4437577	0.4603175	0.5267176	0.4720497	0.2307692	0.1764706	0.2575758	0.1290323	0.1832669	
Pigeon colombin	0.0020534	0.0	0.0	0.0	0.0	0.0	0.0	0.0	0.0	0.0	0.0	0.0	0.0	0.0	0.0	0.0	0.0	0.0	0.0	0.0	0.0045872	0.0	0.0	0.0	0.0	0.0	0.0	0.0	0.0	0.0	0.0	0.0	0.0	0.0	0.0	0.0	0.0	0.0	0.0122249	0.0049444	0.0	0.0	0.0	0.0	0.0	0.0	0.0	0.0	
Pigeon ramier	0.1478439	0.1787709	0.296875	0.3833333	0.3947368	0.3670886	0.437037	0.4676259	0.5333333	0.4621212	0.5291262	0.4426877	0.4	0.5205128	0.3907057	0.3826979	0.5406824	0.5362319	0.6052632	0.5714286	0.5642202	0.5882353	0.5685279	0.4724409	0.3942308	0.2844037	0.3814433	0.3348624	0.4367816	0.3563218	0.3928571	0.3680297	0.3023256	0.4375	0.4245283	0.3886926	0.2635659	0.3205128	0.2762836	0.2818294	0.2619048	0.259542	0.2981366	0.2967033	0.2205882	0.2424242	0.0645161	0.2868526	
Columba sp.	0.0	0.0	0.0	0.0	0.0	0.0	0.0	0.0	0.0	0.0	0.0	0.0	0.0	0.0	0.0	0.0	0.0	0.0	0.0	0.0	0.0	0.0	0.0	0.0	0.0	0.0	0.0	0.0	0.0	0.0	0.0	0.0	0.0	0.0	0.0	0.0	0.0	0.0	0.0	0.0015	0.0	0.0	0.0	0.0	0.0	0.0	0.0	0.0	
Tourterelle des bois	0.0	0.0	0.0	0.0	0.0	0.0	0.0	0.0	0.0	0.0	0.0	0.0	0.0191781	0.0692308	0.0843373	0.2390029	0.2572178	0.1123188	0.1052632	0.0727273	0.0642202	0.1122995	0.0812183	0.0629921	0.0480769	0.0366972	0.0154639	0.0137615	0.0574713	0.0306513	0.0510204	0.0334572	0.0116279	0.0340909	0.0141509	0.024735	0.0116279	0.0213675	0.0122249	0.013597	0.005291	0.0038168	0.0062112	0.0	0.0	0.0	0.0	0.0	
Tourterelle turque	0.0944559	0.1061453	0.15625	0.2166667	0.2192982	0.1898734	0.2888889	0.2014388	0.2555556	0.25	0.3058252	0.3063241	0.3205479	0.3179487	0.2857143	0.3431085	0.3884514	0.3514493	0.3834586	0.3636364	0.3577982	0.3048128	0.3756345	0.3110236	0.2644231	0.233945	0.2319588	0.2706422	0.2241379	0.2145594	0.2653061	0.2267658	0.255814	0.3352273	0.3254717	0.3074205	0.2713178	0.2991453	0.3691932	0.4128554	0.489418	0.4198473	0.2919255	0.2307692	0.1617647	0.0909091	0.0645161	0.1434263	
Tourterelle maillée	0.0041068	0.0	0.0015	0.0015	0.0	0.0015	0.0	0.0	0.0	0.0	0.0	0.0	0.0027397	0.0	0.0017212	0.0293255	0.0104987	0.0036232	0.0015	0.0077922	0.0229358	0.0	0.0203046	0.0	0.0	0.0	0.0	0.0	0.0	0.0038314	0.005102	0.0	0.0	0.0056818	0.009434	0.0	0.0015	0.0213675	0.0268949	0.039555	0.015873	0.0152672	0.0062112	0.0	0.0	0.0151515	0.0	0.0015	
Coucou geai	0.0	0.0	0.0	0.0	0.0	0.0	0.0	0.0015	0.0111111	0.0015	0.0048544	0.0039526	0.0015	0.0015	0.0017212	0.0	0.0	0.0	0.0075188	0.0	0.0	0.0	0.0	0.003937	0.0	0.0015	0.0	0.0	0.0	0.0	0.0	0.0	0.0	0.0	0.0	0.0	0.0	0.0	0.0	0.0	0.0	0.0	0.0	0.0	0.0	0.0	0.0	0.0	
Coucou gris	0.0	0.0	0.0	0.0	0.0	0.0	0.0	0.0	0.0	0.0015	0.0	0.0019763	0.0219178	0.0538462	0.0344234	0.0777126	0.0918635	0.0471014	0.037594	0.0233766	0.0321101	0.0160428	0.0101523	0.003937	0.0	0.0045872	0.0103093	0.0	0.0	0.0015	0.0	0.0	0.0	0.0	0.0	0.0	0.0	0.0	0.002445	0.0024722	0.0	0.0	0.0	0.0	0.0	0.0	0.0	0.0	
Engoulevent d'Europe	0.0	0.0	0.0	0.0	0.0	0.0	0.0	0.0	0.0	0.0	0.0	0.0059289	0.0015	0.0025641	0.0086059	0.0366569	0.0209974	0.0181159	0.0075188	0.0155844	0.0137615	0.0106952	0.0101523	0.0015	0.0048077	0.0	0.0051546	0.0	0.0015	0.0038314	0.0	0.0074349	0.0	0.0	0.004717	0.0	0.0015	0.0042735	0.0	0.013597	0.005291	0.0	0.0	0.0	0.0	0.0	0.0	0.0	
Martinet à ventre blanc	0.0	0.0	0.0	0.0	0.0	0.0	0.0	0.0	0.0	0.0227273	0.0242718	0.0217391	0.0465753	0.0333333	0.0585198	0.0557185	0.0577428	0.0869565	0.0451128	0.0467532	0.0642202	0.0641711	0.0406091	0.0314961	0.0625	0.0458716	0.0515464	0.0183486	0.0057471	0.0229885	0.0102041	0.0185874	0.0348837	0.0113636	0.0377358	0.0424028	0.0155039	0.017094	0.002445	0.0061805	0.0026455	0.0	0.0	0.0	0.0	0.0	0.0	0.0	
Martinet noir	0.0	0.0	0.0	0.0	0.0	0.0	0.0	0.0	0.0015	0.0681818	0.0679612	0.2549407	0.2438356	0.3307692	0.3304647	0.3856305	0.3569554	0.4565217	0.4097744	0.4623377	0.4266055	0.3850267	0.4060914	0.3385827	0.2740385	0.233945	0.1701031	0.1330275	0.2011494	0.1570881	0.1530612	0.1040892	0.0872093	0.0681818	0.0566038	0.0176678	0.0116279	0.0	0.00489	0.0012361	0.0026455	0.0038168	0.0	0.0	0.0	0.0	0.0	0.0	
Martinet pâle	0.0	0.0	0.0	0.0	0.0	0.0	0.0	0.0	0.0111111	0.0	0.0015	0.0434783	0.0520548	0.0512821	0.0567986	0.0953079	0.0656168	0.0724638	0.0601504	0.1012987	0.1192661	0.026738	0.0812183	0.0629921	0.0625	0.0321101	0.0309278	0.0688073	0.045977	0.0498084	0.1173469	0.0148699	0.0174419	0.0454545	0.0471698	0.0353357	0.0077519	0.008547	0.00489	0.0074166	0.0	0.0038168	0.0	0.0	0.0	0.0	0.0	0.0	
Martinet noir ou M. pâle	0.0	0.0	0.0	0.0	0.0	0.0	0.0	0.0	0.0	0.0	0.0	0.0039526	0.0	0.0102564	0.0051635	0.0014663	0.0131234	0.0036232	0.0150376	0.0103896	0.0045872	0.0160428	0.0050761	0.019685	0.0096154	0.0	0.0051546	0.0137615	0.0057471	0.0	0.005102	0.0	0.0	0.0227273	0.004717	0.0106007	0.0077519	0.0042735	0.0	0.0012361	0.0	0.0	0.0	0.0	0.0	0.0	0.0	0.0	
Martinet des maisons	0.0	0.0	0.0	0.0015	0.0	0.0	0.0	0.0	0.0	0.0	0.0	0.0	0.0	0.0	0.0	0.0014663	0.0	0.0	0.0	0.0	0.0	0.0	0.0	0.0	0.0	0.0	0.0	0.0	0.0	0.0	0.0	0.0	0.0	0.0	0.0	0.0	0.0	0.0	0.0	0.0	0.0	0.0	0.0	0.0	0.0	0.0	0.0	0.0	
Apus ou Tachymarptis sp.	0.0	0.0	0.0	0.0	0.0	0.0	0.0	0.0	0.0	0.0	0.0	0.0	0.0015	0.0	0.0015	0.0015	0.0	0.0	0.0037594	0.0	0.0045872	0.0	0.0	0.0	0.0	0.0	0.0	0.0	0.0015	0.0	0.0153061	0.0037175	0.0	0.0	0.0	0.0	0.0	0.0	0.0	0.0	0.0	0.0	0.0	0.0	0.0	0.0	0.0	0.0	
apodidé sp.	0.0	0.0	0.0	0.0	0.0	0.0	0.0	0.0	0.0	0.0	0.0	0.0	0.0027397	0.0	0.0	0.0014663	0.0	0.0	0.0112782	0.0	0.0321101	0.0053476	0.0050761	0.0015	0.0048077	0.0045872	0.0	0.0045872	0.0015	0.0015	0.0	0.0	0.0	0.0	0.0	0.0035336	0.0015	0.0042735	0.0015	0.0	0.0	0.0	0.0	0.0	0.0	0.0	0.0	0.0	
Râle d'eau	0.0102669	0.027933	0.015625	0.0333333	0.0175439	0.0126582	0.037037	0.0431655	0.0111111	0.0227273	0.0242718	0.0256917	0.0082192	0.0076923	0.0068847	0.0058651	0.0026247	0.0036232	0.0112782	0.0025974	0.0015	0.0160428	0.0050761	0.003937	0.0144231	0.0045872	0.0051546	0.0229358	0.0402299	0.0651341	0.0867347	0.0185874	0.005814	0.0113636	0.0377358	0.0035336	0.0	0.0384615	0.0122249	0.0111248	0.026455	0.0229008	0.0062112	0.0769231	0.0147059	0.0454545	0.0322581	0.0119522	
Râle des genêts	0.0	0.0	0.0	0.0	0.0	0.0	0.0	0.0	0.0	0.0	0.0	0.0	0.0	0.0	0.0	0.0029326	0.0	0.0036232	0.0	0.0	0.0	0.0	0.0	0.0	0.0	0.0	0.0	0.0	0.0	0.0	0.0	0.0	0.0	0.0	0.0	0.0	0.0	0.0	0.002445	0.0	0.0	0.0	0.0	0.0	0.0	0.0	0.0	0.0	
Marouette ponctuée	0.0	0.0	0.0	0.0	0.0	0.0	0.0	0.0	0.0	0.0	0.0015	0.0	0.0	0.0	0.0	0.0	0.0	0.0	0.0	0.0	0.0	0.0	0.0	0.0	0.0	0.0	0.0	0.0	0.0	0.0	0.0	0.0	0.0	0.0	0.0	0.0	0.0015	0.008547	0.0	0.0	0.0	0.0	0.0	0.0	0.0	0.0	0.0	0.0	
Gallinule poule-d'eau	0.0451745	0.0391061	0.046875	0.0666667	0.0614035	0.0253165	0.0666667	0.1294964	0.1111111	0.0681818	0.0679612	0.0434783	0.0547945	0.0333333	0.0275387	0.026393	0.0183727	0.0362319	0.0300752	0.038961	0.0183486	0.0427807	0.0456853	0.0393701	0.0528846	0.0458716	0.0463918	0.0917431	0.1091954	0.1034483	0.1581633	0.0520446	0.0523256	0.0454545	0.0518868	0.0388693	0.0271318	0.0470085	0.0268949	0.0383189	0.0555556	0.0343511	0.0310559	0.032967	0.0882353	0.030303	0.0645161	0.0438247	
Foulque macroule	0.1026694	0.1284916	0.125	0.1666667	0.1842105	0.1139241	0.1777778	0.1582734	0.1666667	0.0606061	0.1116505	0.1007905	0.0684932	0.0717949	0.070568	0.0542522	0.0524934	0.076087	0.056391	0.0415584	0.0091743	0.0748663	0.0659898	0.0590551	0.0432692	0.0688073	0.0721649	0.0779817	0.1034483	0.1187739	0.1683673	0.0855019	0.0697674	0.0340909	0.0754717	0.0671378	0.0503876	0.042735	0.0366748	0.0494438	0.0925926	0.0839695	0.1180124	0.1428571	0.1617647	0.0606061	0.0967742	0.1075697	
Talève d'Allen	0.0082136	0.0	0.0	0.0	0.0	0.0	0.0	0.0	0.0	0.0	0.0	0.0	0.0	0.0	0.0	0.0	0.0	0.0	0.0	0.0	0.0	0.0	0.0	0.0	0.0	0.0	0.0	0.0	0.0	0.0	0.0	0.0	0.0	0.0	0.0	0.0	0.0	0.0	0.0	0.0	0.0	0.0	0.0	0.0	0.0	0.0	0.0	0.0	
Talève sultane	0.0041068	0.0223464	0.015625	0.025	0.0350877	0.0	0.037037	0.0647482	0.0222222	0.0227273	0.0097087	0.0177866	0.0164384	0.0076923	0.0034423	0.0043988	0.0104987	0.0108696	0.0112782	0.0051948	0.0045872	0.0160428	0.0101523	0.015748	0.0240385	0.0091743	0.0257732	0.0229358	0.0574713	0.0536398	0.0561224	0.0185874	0.0116279	0.0170455	0.0235849	0.0141343	0.0116279	0.008547	0.0	0.0061805	0.0238095	0.0015	0.0062112	0.021978	0.0147059	0.0015	0.0322581	0.0119522	
talève sp.	0.0	0.0	0.0	0.0	0.0	0.0	0.0	0.0	0.0	0.0	0.0	0.0	0.0	0.0	0.0	0.0	0.0	0.0	0.0037594	0.0	0.0	0.0	0.0	0.0	0.0	0.0	0.0	0.0	0.0	0.0	0.0	0.0	0.0	0.0	0.0	0.0	0.0	0.0	0.0	0.0	0.0	0.0	0.0	0.0	0.0	0.0	0.0	0.0	
râle ou marouette sp.	0.0	0.0	0.0	0.0	0.0	0.0	0.0	0.0	0.0	0.0	0.0	0.0	0.0	0.0	0.0	0.0	0.0	0.0	0.0	0.0	0.0	0.0	0.0	0.0	0.0	0.0	0.0	0.0	0.0	0.0	0.0	0.0	0.0	0.0015	0.0	0.0	0.0	0.0	0.0	0.0	0.0	0.0	0.0	0.0	0.0	0.0	0.0	0.0	
Grue cendrée	0.0041068	0.0015	0.0	0.0	0.0015	0.0126582	0.0015	0.0015	0.0015	0.0	0.0015	0.0019763	0.0	0.0025641	0.0	0.0	0.0	0.0	0.0	0.0	0.0	0.0	0.0	0.0	0.0	0.0	0.0	0.0	0.0	0.0	0.0	0.0	0.0	0.0	0.0	0.0	0.0	0.0	0.002445	0.0012361	0.0026455	0.0	0.0062112	0.0015	0.0015	0.0015	0.0015	0.0119522	
Oedicnème criard	0.0061602	0.0111732	0.0015	0.0083333	0.0087719	0.0126582	0.0296296	0.0647482	0.0666667	0.0227273	0.0436893	0.0750988	0.0630137	0.0512821	0.060241	0.1187683	0.0446194	0.0543478	0.0451128	0.0363636	0.0137615	0.0481283	0.0253807	0.0354331	0.0432692	0.0275229	0.0257732	0.0642202	0.0977011	0.0842912	0.0867347	0.0483271	0.0116279	0.0113636	0.0283019	0.024735	0.0155039	0.017094	0.0146699	0.0173053	0.042328	0.0152672	0.0186335	0.021978	0.0147059	0.0015	0.0015	0.0239044	
Échasse blanche	0.0184805	0.0167598	0.0625	0.0416667	0.0438596	0.0506329	0.0222222	0.0143885	0.0222222	0.0227273	0.0728155	0.0968379	0.0712329	0.0897436	0.1135972	0.0909091	0.0971129	0.0797101	0.1165414	0.0675325	0.0550459	0.0855615	0.1218274	0.0905512	0.0769231	0.0550459	0.0876289	0.1009174	0.1149425	0.1111111	0.1785714	0.070632	0.0465116	0.0795455	0.0613208	0.0424028	0.0581395	0.025641	0.0220049	0.0160692	0.021164	0.0229008	0.0807453	0.021978	0.0735294	0.0606061	0.0015	0.0239044	
Avocette élégante	0.0287474	0.0335196	0.03125	0.0166667	0.0350877	0.0886076	0.0222222	0.028777	0.0111111	0.0227273	0.0194175	0.0296443	0.0246575	0.0435897	0.0413081	0.0293255	0.015748	0.0253623	0.0225564	0.0415584	0.0229358	0.0427807	0.0406091	0.0314961	0.0336538	0.0229358	0.0309278	0.0321101	0.0344828	0.0421456	0.0561224	0.0223048	0.0232558	0.0454545	0.0188679	0.024735	0.0155039	0.025641	0.0220049	0.0123609	0.042328	0.0267176	0.0310559	0.010989	0.0441176	0.0757576	0.0645161	0.0358566	
Huîtrier pie	0.0	0.0	0.0	0.0	0.0	0.0	0.0	0.0	0.0	0.0015	0.0097087	0.0039526	0.0136986	0.0025641	0.0068847	0.0087977	0.0104987	0.0036232	0.0037594	0.0025974	0.0	0.0	0.0	0.0015	0.0	0.0	0.0051546	0.0045872	0.0229885	0.0076628	0.0102041	0.0015	0.005814	0.0015	0.009434	0.0	0.0015	0.0	0.0	0.0012361	0.0	0.0	0.0062112	0.0	0.0	0.0	0.0	0.0	
Pluvier argenté	0.0225873	0.027933	0.015625	0.025	0.0438596	0.0253165	0.0222222	0.0431655	0.0222222	0.0378788	0.0097087	0.0118577	0.0164384	0.0179487	0.010327	0.0146628	0.0183727	0.0072464	0.0112782	0.0103896	0.0045872	0.0	0.0050761	0.003937	0.0	0.0045872	0.0	0.0045872	0.0	0.0153257	0.0306122	0.0148699	0.0116279	0.0227273	0.0235849	0.0106007	0.0271318	0.0213675	0.00489	0.0173053	0.0396825	0.0152672	0.0559006	0.021978	0.0882353	0.030303	0.0645161	0.0438247	
Pluvier doré	0.0225873	0.0223464	0.015625	0.0333333	0.0526316	0.0	0.0074074	0.028777	0.0015	0.0075758	0.0	0.0039526	0.0015	0.0	0.0017212	0.0073314	0.0	0.0036232	0.0	0.0	0.0	0.0	0.0	0.0	0.0	0.0	0.0	0.0	0.0	0.0	0.0	0.0	0.0	0.0	0.0	0.0	0.0077519	0.0042735	0.002445	0.0346106	0.047619	0.0496183	0.0372671	0.032967	0.0735294	0.0151515	0.0322581	0.0398406	
Pluvier fauve	0.0	0.0	0.0	0.0	0.0	0.0	0.0	0.0	0.0	0.0	0.0	0.0	0.0	0.0	0.0	0.0	0.0	0.0	0.0	0.0	0.0	0.0	0.0	0.0	0.0	0.0	0.0	0.0	0.0	0.0	0.0	0.0	0.0	0.0	0.0	0.0	0.0	0.0	0.0	0.0012361	0.0	0.0	0.0	0.0	0.0	0.0	0.0	0.0	
Guignard d’Eurasie	0.0	0.0	0.0	0.0	0.0	0.0	0.0	0.0	0.0	0.0	0.0	0.0	0.0	0.0	0.0	0.0058651	0.0	0.0	0.0	0.0	0.0	0.0	0.0	0.0	0.0	0.0	0.0	0.0	0.0	0.0	0.0	0.0	0.0	0.0	0.0	0.0070671	0.0155039	0.0	0.0244499	0.0432633	0.0132275	0.0458015	0.0062112	0.0	0.0	0.0	0.0	0.0	
Grand Gravelot	0.0164271	0.0167598	0.0015	0.0083333	0.0438596	0.0015	0.0074074	0.0071942	0.0222222	0.0151515	0.0	0.0079051	0.0027397	0.0025641	0.0086059	0.042522	0.0393701	0.0543478	0.0451128	0.0155844	0.0045872	0.0	0.0050761	0.007874	0.0	0.0	0.0051546	0.0137615	0.0402299	0.045977	0.0816327	0.0520446	0.0523256	0.0454545	0.0613208	0.0388693	0.0387597	0.034188	0.0317848	0.0111248	0.031746	0.0076336	0.0124224	0.010989	0.0294118	0.030303	0.0322581	0.0239044	
Petit Gravelot	0.0020534	0.0	0.0	0.0	0.0087719	0.0126582	0.0	0.0431655	0.0333333	0.0378788	0.0242718	0.0197628	0.0246575	0.0230769	0.0172117	0.0131965	0.0104987	0.0253623	0.0150376	0.0015	0.0091743	0.0106952	0.0253807	0.023622	0.0384615	0.0229358	0.0309278	0.0733945	0.1034483	0.0957854	0.1428571	0.0557621	0.0232558	0.0625	0.0660377	0.0565371	0.0116279	0.017094	0.00978	0.0037083	0.0026455	0.0015	0.0	0.0	0.0	0.0015	0.0	0.0039841	
Grand Gravelot ou Petit Gravelot	0.0	0.0	0.0	0.0	0.0	0.0	0.0	0.0	0.0	0.0	0.0	0.0	0.0	0.0	0.0	0.0	0.0	0.0	0.0	0.0	0.0	0.0	0.0	0.0	0.0	0.0	0.0	0.0	0.0	0.0	0.0	0.0	0.0	0.0	0.004717	0.0	0.0	0.0	0.0	0.0	0.0	0.0	0.0	0.0	0.0	0.0	0.0	0.0	
Vanneau huppé	0.0451745	0.0391061	0.0625	0.0666667	0.1052632	0.0015	0.0222222	0.0143885	0.0015	0.0015	0.0	0.0	0.0	0.0	0.0	0.0014663	0.0026247	0.0	0.0	0.0	0.0	0.0	0.0	0.0	0.0	0.0	0.0	0.0045872	0.0057471	0.0	0.0	0.0	0.0	0.0	0.0015	0.0	0.0	0.0	0.007335	0.025958	0.0608466	0.0534351	0.0931677	0.1318681	0.1470588	0.0909091	0.0967742	0.0717131	
Vanneau à éperons	0.0	0.0	0.0	0.0	0.0	0.0	0.0	0.0	0.0	0.0	0.0	0.0	0.0	0.0	0.0	0.0	0.0	0.0	0.0	0.0	0.0	0.0	0.0	0.0015	0.0	0.0	0.0	0.0045872	0.0172414	0.0191571	0.0102041	0.0037175	0.0	0.0	0.0	0.0	0.0	0.0	0.0	0.0	0.0	0.0	0.0	0.0	0.0	0.0	0.0	0.0	
Gravelot à collier interrompu	0.0082136	0.0111732	0.0015	0.025	0.0175439	0.0126582	0.0074074	0.0359712	0.0111111	0.0378788	0.0048544	0.0197628	0.0164384	0.0128205	0.0275387	0.0175953	0.0262467	0.0217391	0.0263158	0.0207792	0.0183486	0.026738	0.0152284	0.011811	0.0048077	0.0091743	0.0154639	0.0229358	0.0229885	0.0268199	0.0459184	0.0334572	0.0232558	0.0511364	0.0471698	0.024735	0.0232558	0.017094	0.0171149	0.0086527	0.0291005	0.0152672	0.0186335	0.021978	0.0294118	0.0151515	0.0015	0.0199203	
Charadriidae sp.	0.0	0.0	0.0	0.0	0.0	0.0	0.0	0.0	0.0	0.0	0.0	0.0	0.0	0.0	0.0	0.0	0.0	0.0	0.0	0.0	0.0	0.0	0.0	0.0	0.0	0.0	0.0	0.0	0.0	0.0	0.0	0.0	0.0	0.0	0.004717	0.0	0.0	0.0	0.0	0.0	0.0	0.0	0.0	0.0	0.0	0.0	0.0	0.0	
Courlis corlieu	0.0	0.0	0.0	0.0	0.0	0.0015	0.0	0.0	0.0	0.0	0.0145631	0.0256917	0.0164384	0.0051282	0.0068847	0.0029326	0.007874	0.0072464	0.0	0.0	0.0	0.0	0.0	0.0	0.0	0.0	0.0103093	0.0137615	0.0287356	0.0191571	0.0204082	0.0148699	0.0	0.0170455	0.004717	0.0035336	0.0015	0.0	0.00489	0.0024722	0.0	0.0038168	0.0	0.0	0.0	0.0151515	0.0	0.0	
Courlis cendré	0.0431211	0.027933	0.0015	0.075	0.0526316	0.0632911	0.0148148	0.0143885	0.0333333	0.0606061	0.0194175	0.0197628	0.0164384	0.0051282	0.0051635	0.0058651	0.007874	0.0217391	0.0037594	0.0077922	0.0015	0.0	0.0050761	0.007874	0.0240385	0.0045872	0.0154639	0.0137615	0.0287356	0.0344828	0.0306122	0.0260223	0.0	0.0227273	0.0141509	0.0141343	0.0193798	0.008547	0.0220049	0.0173053	0.0291005	0.019084	0.0621118	0.0549451	0.0441176	0.030303	0.0322581	0.0358566	
Barge rousse	0.0082136	0.0111732	0.0	0.0	0.0087719	0.0253165	0.0	0.0	0.0	0.0	0.0	0.0	0.0054795	0.0	0.0	0.0014663	0.0026247	0.0072464	0.0	0.0025974	0.0	0.0	0.0	0.0	0.0	0.0	0.0	0.0	0.0015	0.0	0.0	0.0037175	0.005814	0.0015	0.004717	0.0106007	0.003876	0.0042735	0.00978	0.0	0.0026455	0.0	0.0	0.0	0.0	0.0	0.0	0.0039841	
Barge à queue noire	0.0061602	0.0111732	0.0	0.0083333	0.0263158	0.0126582	0.0074074	0.0143885	0.0222222	0.0	0.0048544	0.0019763	0.0	0.0025641	0.0	0.0015	0.0	0.0036232	0.0	0.0025974	0.0	0.0	0.0015	0.0015	0.0144231	0.0	0.0	0.0229358	0.0114943	0.0114943	0.0306122	0.0074349	0.0	0.0015	0.0141509	0.0	0.0077519	0.0	0.0	0.0012361	0.0026455	0.0038168	0.0124224	0.010989	0.0	0.0151515	0.0	0.0159363	
Bécassine sourde	0.0	0.0015	0.0	0.0	0.0	0.0	0.0	0.0071942	0.0	0.0	0.0	0.0	0.0	0.0	0.0	0.0	0.0	0.0	0.0	0.0	0.0	0.0	0.0	0.0	0.0	0.0	0.0	0.0	0.0	0.0	0.0	0.0	0.0	0.0	0.0	0.0	0.0	0.0042735	0.0	0.0049444	0.0	0.0038168	0.0124224	0.0	0.0	0.0	0.0	0.0	
Bécasse des bois	0.0	0.0015	0.0	0.0	0.0	0.0	0.0	0.0	0.0	0.0	0.0	0.0	0.0	0.0	0.0	0.0	0.0	0.0	0.0	0.0	0.0	0.0	0.0	0.0	0.0	0.0	0.0	0.0	0.0	0.0	0.0	0.0	0.0	0.0	0.0	0.0	0.0	0.0	0.002445	0.0061805	0.0238095	0.0458015	0.0310559	0.021978	0.0	0.0	0.0	0.0079681	
Bécassine double	0.0	0.0	0.0	0.0	0.0	0.0	0.0	0.0	0.0	0.0	0.0	0.0	0.0015	0.0051282	0.0	0.0	0.0	0.0	0.0	0.0	0.0	0.0	0.0	0.0	0.0	0.0	0.0	0.0	0.0	0.0	0.0	0.0	0.0	0.0	0.0	0.0	0.0	0.0	0.002445	0.0	0.0	0.0	0.0	0.0	0.0	0.0	0.0	0.0	
Bécassine des marais	0.0287474	0.027933	0.046875	0.0666667	0.0526316	0.0379747	0.0296296	0.1079137	0.0777778	0.0227273	0.0145631	0.0197628	0.0136986	0.0102564	0.0017212	0.0058651	0.0026247	0.0	0.0	0.0	0.0	0.0	0.0	0.0	0.0	0.0045872	0.0	0.0045872	0.0	0.0038314	0.0	0.0185874	0.0348837	0.0113636	0.0188679	0.0141343	0.0193798	0.0128205	0.0268949	0.0321384	0.0661376	0.0343511	0.0621118	0.0549451	0.0588235	0.030303	0.0645161	0.0278884	
Phalarope à bec étroit	0.0	0.0	0.0	0.0	0.0	0.0	0.0	0.0	0.0	0.0	0.0	0.0	0.0	0.0	0.0	0.0	0.0	0.0	0.0	0.0	0.0	0.0	0.0	0.0	0.0	0.0	0.0	0.0	0.0	0.0	0.0	0.0074349	0.0	0.0	0.0	0.0	0.0	0.0	0.0	0.0	0.0	0.0	0.0	0.0	0.0	0.0	0.0	0.0	
Chevalier bargette	0.0	0.0	0.0	0.0	0.0	0.0	0.0	0.0	0.0	0.0	0.0	0.0	0.0	0.0	0.0	0.0	0.0	0.0	0.0015	0.0	0.0	0.0	0.0	0.0	0.0	0.0	0.0	0.0	0.0	0.0	0.0	0.0	0.0	0.0	0.0	0.0	0.0	0.0	0.0	0.0	0.0	0.0	0.0	0.0	0.0	0.0	0.0	0.0	
Chevalier guignette	0.0451745	0.0837989	0.03125	0.1083333	0.0877193	0.0379747	0.0444444	0.0863309	0.0333333	0.0681818	0.0339806	0.055336	0.0821918	0.0820513	0.080895	0.1378299	0.1312336	0.0471014	0.018797	0.0	0.0	0.0053476	0.0152284	0.0275591	0.0336538	0.0229358	0.056701	0.1146789	0.1321839	0.1111111	0.1989796	0.1115242	0.1046512	0.1477273	0.1084906	0.0671378	0.0503876	0.0769231	0.0929095	0.1075402	0.1587302	0.1068702	0.1118012	0.1098901	0.1176471	0.0606061	0.1290323	0.063745	
Chevalier culblanc	0.0061602	0.0055866	0.0	0.0083333	0.0438596	0.0	0.0074074	0.0359712	0.0888889	0.030303	0.0145631	0.013834	0.0410959	0.025641	0.0068847	0.0043988	0.0052493	0.0072464	0.0	0.0	0.0045872	0.0053476	0.0253807	0.015748	0.0096154	0.0091743	0.0412371	0.0229358	0.0574713	0.0804598	0.0816327	0.0334572	0.0116279	0.0056818	0.0141509	0.0	0.0077519	0.0042735	0.0	0.0049444	0.010582	0.0038168	0.0124224	0.010989	0.0294118	0.0151515	0.0322581	0.0079681	
Chevalier stagnatile	0.0	0.0	0.0015	0.025	0.0	0.0126582	0.0	0.0	0.0	0.0	0.0	0.0019763	0.0027397	0.0076923	0.0051635	0.0058651	0.0	0.0	0.0	0.0	0.0	0.0	0.0015	0.003937	0.0	0.0	0.0	0.0229358	0.0114943	0.0229885	0.0204082	0.0148699	0.005814	0.0056818	0.0141509	0.0106007	0.0015	0.0042735	0.0	0.0	0.005291	0.0038168	0.0062112	0.0	0.0	0.0	0.0	0.0039841	
Chevalier sylvain	0.0015	0.0	0.015625	0.0083333	0.0	0.0015	0.0015	0.0071942	0.0333333	0.0	0.0145631	0.0098814	0.0246575	0.0461538	0.0499139	0.0615836	0.0472441	0.0181159	0.0037594	0.0025974	0.0	0.0	0.0	0.007874	0.0144231	0.0045872	0.0309278	0.0550459	0.0689655	0.0881226	0.1071429	0.0520446	0.0232558	0.0397727	0.0283019	0.0212014	0.003876	0.0	0.0	0.0024722	0.005291	0.0076336	0.0124224	0.010989	0.0	0.0015	0.0	0.0039841	
Chevalier gambette	0.0492813	0.0391061	0.0015	0.1	0.0877193	0.0759494	0.0148148	0.057554	0.0555556	0.0530303	0.0097087	0.0098814	0.0136986	0.0102564	0.0137694	0.0073314	0.0104987	0.0108696	0.0150376	0.0051948	0.0091743	0.0	0.0152284	0.015748	0.0240385	0.0091743	0.0360825	0.0688073	0.0574713	0.0383142	0.0918367	0.0408922	0.0406977	0.0625	0.0707547	0.024735	0.0387597	0.0299145	0.0293399	0.0234858	0.0608466	0.0419847	0.1118012	0.032967	0.1029412	0.0757576	0.0645161	0.0398406	
Chevalier arlequin	0.0102669	0.0055866	0.0015	0.0166667	0.0263158	0.0506329	0.0074074	0.0071942	0.0333333	0.0227273	0.0048544	0.0118577	0.0082192	0.0153846	0.0154905	0.0249267	0.0052493	0.0036232	0.0015	0.0015	0.0	0.0	0.0101523	0.007874	0.0096154	0.0045872	0.0103093	0.0275229	0.045977	0.0191571	0.0561224	0.0260223	0.0116279	0.0340909	0.0330189	0.0141343	0.0193798	0.008547	0.0122249	0.0086527	0.031746	0.0305344	0.0496894	0.032967	0.0735294	0.030303	0.0322581	0.0358566	
Chevalier aboyeur	0.0472279	0.027933	0.0015	0.0583333	0.0701754	0.0253165	0.0148148	0.0503597	0.0444444	0.030303	0.0145631	0.027668	0.0164384	0.0333333	0.0430293	0.042522	0.0341207	0.0253623	0.018797	0.0051948	0.0045872	0.0	0.0050761	0.007874	0.0288462	0.0137615	0.0670103	0.059633	0.0804598	0.0689655	0.1122449	0.0669145	0.0697674	0.0625	0.0613208	0.0459364	0.0310078	0.034188	0.0268949	0.0247219	0.0529101	0.0381679	0.0621118	0.021978	0.0588235	0.0454545	0.0645161	0.0358566	
Tournepierre à collier	0.0102669	0.0111732	0.015625	0.0166667	0.0087719	0.0253165	0.0015	0.0071942	0.0111111	0.0227273	0.0097087	0.0019763	0.0	0.0076923	0.0034423	0.0087977	0.015748	0.0108696	0.0150376	0.0015	0.0045872	0.0	0.0	0.007874	0.0	0.0045872	0.0051546	0.0	0.0	0.0076628	0.0255102	0.0148699	0.0174419	0.0284091	0.0283019	0.0106007	0.0193798	0.0042735	0.0122249	0.0098888	0.010582	0.0076336	0.0248447	0.0015	0.0015	0.030303	0.0	0.0159363	
Bécasseau maubèche	0.0041068	0.0015	0.0	0.0	0.0	0.0	0.0	0.0	0.0015	0.0	0.0	0.0	0.0	0.0	0.0	0.0	0.0	0.0	0.0	0.0	0.0	0.0	0.0	0.0	0.0	0.0	0.0	0.0	0.0	0.0	0.0102041	0.0037175	0.0	0.0	0.004717	0.0	0.0	0.0	0.00489	0.0012361	0.0	0.0	0.0	0.0	0.0	0.0	0.0	0.0	
Combattant varié	0.0041068	0.0111732	0.0	0.025	0.0087719	0.0253165	0.0074074	0.0143885	0.0222222	0.0227273	0.0097087	0.0296443	0.0191781	0.025641	0.0327022	0.0410557	0.0209974	0.0253623	0.0037594	0.0103896	0.0	0.0	0.0	0.003937	0.0	0.0045872	0.0	0.0229358	0.0574713	0.0498084	0.0510204	0.0520446	0.0406977	0.0340909	0.0235849	0.0282686	0.0077519	0.017094	0.00489	0.0	0.031746	0.0229008	0.0186335	0.010989	0.0015	0.030303	0.0015	0.0119522	
Bécasseau falcinelle	0.0	0.0	0.0	0.0	0.0	0.0	0.0	0.0	0.0	0.0	0.0	0.0	0.0015	0.0	0.0	0.0	0.0	0.0	0.0	0.0	0.0	0.0	0.0	0.0	0.0	0.0	0.0	0.0	0.0	0.0	0.0	0.0	0.0	0.0	0.0	0.0	0.0	0.0	0.0	0.0	0.0	0.0	0.0	0.0	0.0	0.0	0.0	0.0	
Bécasseau cocorli	0.0	0.0	0.0	0.0	0.0	0.0	0.0	0.0	0.0	0.0075758	0.0048544	0.0	0.0	0.0051282	0.0154905	0.0278592	0.0314961	0.0434783	0.0150376	0.0103896	0.0045872	0.0	0.0101523	0.003937	0.0048077	0.0	0.0	0.0229358	0.0804598	0.0306513	0.0561224	0.0334572	0.0116279	0.0284091	0.0141509	0.0106007	0.0077519	0.0042735	0.00489	0.0	0.0	0.0038168	0.0	0.0	0.0	0.0015	0.0	0.0	
Bécasseau de Temminck	0.0041068	0.0055866	0.0	0.0	0.0	0.0126582	0.0	0.0	0.0222222	0.0	0.0	0.0019763	0.0	0.0051282	0.0	0.0190616	0.0183727	0.0181159	0.0075188	0.0	0.0	0.0	0.0	0.0	0.0	0.0	0.0	0.0229358	0.0114943	0.0191571	0.0357143	0.0148699	0.0116279	0.0056818	0.0283019	0.0070671	0.003876	0.0042735	0.0	0.0049444	0.005291	0.0	0.0	0.0	0.0147059	0.0	0.0	0.0119522	
Bécasseau sanderling	0.0	0.0055866	0.0015	0.0166667	0.0087719	0.0	0.0	0.0071942	0.0111111	0.0075758	0.0	0.0039526	0.0054795	0.0025641	0.0017212	0.0014663	0.0052493	0.0144928	0.0	0.0	0.0	0.0	0.0	0.0	0.0	0.0	0.0	0.0015	0.0	0.0038314	0.0153061	0.0037175	0.0116279	0.0056818	0.0188679	0.0	0.0116279	0.0128205	0.00489	0.0012361	0.0026455	0.0076336	0.0	0.010989	0.0294118	0.0015	0.0015	0.0015	
Bécasseau variable	0.0451745	0.0223464	0.03125	0.0583333	0.0701754	0.0632911	0.0148148	0.0431655	0.0111111	0.030303	0.0048544	0.013834	0.0027397	0.0076923	0.0051635	0.0087977	0.0026247	0.0072464	0.0075188	0.0015	0.0	0.0	0.0050761	0.0	0.0048077	0.0045872	0.0206186	0.0229358	0.0517241	0.045977	0.0867347	0.0408922	0.0232558	0.0227273	0.0424528	0.0424028	0.0426357	0.042735	0.0440098	0.0185414	0.0634921	0.0458015	0.0869565	0.0659341	0.1029412	0.0606061	0.0645161	0.059761	
Bécasseau minute	0.0308008	0.0167598	0.03125	0.0416667	0.0438596	0.0632911	0.0148148	0.0215827	0.0111111	0.0	0.0097087	0.0098814	0.0054795	0.0179487	0.0292599	0.0395894	0.0419948	0.0398551	0.037594	0.0155844	0.0137615	0.0	0.0	0.003937	0.0	0.0045872	0.0103093	0.0733945	0.1264368	0.1111111	0.1173469	0.0817844	0.0523256	0.0454545	0.0330189	0.0424028	0.0310078	0.017094	0.0195599	0.0074166	0.031746	0.0267176	0.0434783	0.043956	0.0441176	0.0454545	0.0015	0.0358566	
Bécasseau tacheté	0.0	0.0	0.0	0.0	0.0	0.0	0.0	0.0	0.0	0.0	0.0	0.0	0.0	0.0	0.0	0.0014663	0.0015	0.0	0.0	0.0	0.0	0.0	0.0	0.0	0.0	0.0	0.0	0.0	0.0	0.0038314	0.0	0.0	0.0	0.0015	0.0	0.0	0.0	0.0	0.0	0.0	0.0	0.0	0.0	0.0	0.0	0.0	0.0	0.0	
Calidris sp. (petit bécasseau sp.)	0.0	0.0	0.0	0.0	0.0	0.0	0.0	0.0	0.0	0.0	0.0	0.0	0.0054795	0.0	0.0	0.0014663	0.0026247	0.0	0.0	0.0	0.0	0.0	0.0	0.0	0.0	0.0	0.0	0.0045872	0.0	0.0	0.0	0.0	0.005814	0.0170455	0.004717	0.0	0.0	0.0	0.0	0.0012361	0.0026455	0.0038168	0.0062112	0.0	0.0	0.0	0.0	0.0	
Calidris sp.	0.0	0.0	0.0	0.0	0.0	0.0	0.0	0.0	0.0	0.0	0.0	0.0	0.0	0.0	0.0	0.0029326	0.0	0.0	0.0	0.0	0.0	0.0	0.0	0.0	0.0	0.0	0.0	0.0	0.0	0.0	0.0	0.0	0.0	0.0	0.0	0.0	0.0	0.0	0.0	0.0	0.0	0.0	0.0	0.0	0.0	0.0	0.0	0.0	
grand limicole sp.	0.0	0.0	0.0	0.0	0.0	0.0	0.0	0.0	0.0	0.0	0.0	0.0	0.0	0.0	0.0	0.0	0.0	0.0	0.0	0.0	0.0	0.0	0.0	0.0	0.0	0.0	0.0	0.0	0.0	0.0	0.0	0.0	0.0	0.0	0.0	0.0	0.0	0.0	0.0	0.0	0.0026455	0.0	0.0	0.0	0.0	0.0	0.0	0.0	
Glaréole à collier	0.0	0.0	0.0	0.0	0.0	0.0	0.0	0.0	0.0	0.0	0.0	0.0039526	0.0054795	0.0076923	0.0120482	0.0278592	0.0262467	0.0181159	0.0150376	0.0077922	0.0	0.0160428	0.0152284	0.003937	0.0048077	0.0	0.0103093	0.0	0.0229885	0.0153257	0.0102041	0.0037175	0.0	0.0	0.0	0.0	0.0	0.0	0.0	0.0	0.0	0.0	0.0	0.0	0.0	0.0	0.0	0.0	
limicole sp.	0.0	0.0	0.0	0.0	0.0	0.0	0.0	0.0	0.0	0.0	0.0	0.0	0.0	0.0	0.0	0.0014663	0.0	0.0	0.0	0.0	0.0	0.0	0.0	0.0	0.0	0.0	0.0	0.0	0.0	0.0	0.0	0.0	0.0	0.0	0.0	0.0	0.0	0.0	0.0015	0.0012361	0.0	0.0	0.0	0.0	0.0	0.0	0.0	0.0	
Labbe parasite	0.0	0.0055866	0.0	0.0	0.0015	0.0	0.0	0.0	0.0	0.0	0.0	0.0	0.0015	0.0	0.0034423	0.0	0.0	0.0	0.0	0.0	0.0	0.0	0.0	0.0	0.0	0.0	0.0	0.0	0.0114943	0.0	0.0	0.0	0.0	0.0	0.0	0.0	0.003876	0.0	0.0	0.0	0.0	0.0076336	0.0124224	0.0	0.0	0.0	0.0	0.0015	
Labbe pomarin	0.0	0.0111732	0.0	0.0	0.0015	0.0	0.0015	0.0071942	0.0	0.0	0.0	0.0	0.0	0.0	0.0	0.0029326	0.0	0.0	0.0	0.0	0.0	0.0	0.0	0.0	0.0	0.0	0.0	0.0	0.0	0.0	0.0	0.0	0.0	0.0	0.0	0.0	0.0	0.0	0.0	0.0	0.0	0.0	0.0	0.010989	0.0	0.0015	0.0	0.0	
labbe sp. (groupe Catharacta)	0.0	0.0	0.0	0.0	0.0	0.0	0.0	0.0	0.0	0.0	0.0	0.0	0.0	0.0	0.0	0.0	0.0	0.0	0.0037594	0.0	0.0	0.0	0.0	0.0	0.0	0.0	0.0	0.0	0.0	0.0	0.005102	0.0	0.0	0.0	0.0	0.0	0.0	0.0	0.0	0.0	0.0	0.0	0.0	0.0	0.0	0.0	0.0	0.0039841	
labbe sp.	0.0	0.0	0.0	0.0	0.0	0.0	0.0015	0.0	0.0	0.0	0.0	0.0	0.0	0.0	0.0	0.0	0.0	0.0	0.0	0.0	0.0	0.0	0.0	0.0	0.0	0.0	0.0	0.0	0.0	0.0	0.0	0.0	0.0	0.0	0.0	0.0	0.003876	0.0	0.0	0.0024722	0.0	0.0	0.0	0.0	0.0	0.0	0.0	0.0	
Pingouin torda	0.0015	0.0	0.0	0.0	0.0	0.0	0.0	0.0	0.0	0.0	0.0	0.0	0.0	0.0	0.0	0.0	0.0	0.0	0.0	0.0	0.0	0.0	0.0	0.0	0.0	0.0	0.0	0.0	0.0	0.0	0.0	0.0	0.0	0.0	0.0	0.0	0.0	0.0	0.0	0.0	0.0	0.0	0.0015	0.010989	0.0	0.0015	0.0	0.0	
Mouette pygmée	0.0020534	0.0111732	0.0015	0.0083333	0.0	0.0	0.0	0.0015	0.0111111	0.0075758	0.0	0.0015	0.0	0.0025641	0.0	0.0015	0.0	0.0072464	0.0112782	0.0	0.0	0.0	0.0	0.0	0.0	0.0	0.0051546	0.0	0.0	0.0	0.005102	0.0015	0.0	0.0056818	0.0	0.0	0.0	0.0042735	0.0	0.0012361	0.0	0.0	0.0062112	0.0	0.0147059	0.0151515	0.0	0.0039841	
Mouette tridactyle	0.0	0.0111732	0.0	0.0	0.0	0.0	0.0	0.0	0.0	0.0151515	0.0	0.0	0.0	0.0	0.0	0.0	0.0	0.0	0.0	0.0	0.0	0.0	0.0	0.0	0.0	0.0	0.0	0.0	0.0	0.0	0.0	0.0	0.0	0.0	0.0	0.0	0.0	0.0	0.0	0.0	0.0015	0.0	0.0	0.010989	0.0015	0.0	0.0	0.0	
Goéland railleur	0.0410678	0.027933	0.03125	0.1083333	0.0789474	0.0886076	0.0296296	0.0647482	0.0666667	0.0757576	0.0436893	0.0454545	0.0246575	0.0538462	0.0344234	0.0146628	0.0314961	0.0289855	0.0451128	0.038961	0.0321101	0.0213904	0.0406091	0.0314961	0.0336538	0.0183486	0.0309278	0.0642202	0.0517241	0.0613027	0.0918367	0.0446097	0.0290698	0.0625	0.0613208	0.0353357	0.0581395	0.0555556	0.0440098	0.0321384	0.0899471	0.0496183	0.0807453	0.032967	0.0882353	0.0757576	0.0015	0.0398406	
Mouette rieuse	0.0533881	0.0782123	0.171875	0.1416667	0.122807	0.1392405	0.2148148	0.1438849	0.1888889	0.0984848	0.0728155	0.0454545	0.0164384	0.0358974	0.0240964	0.0205279	0.015748	0.0217391	0.018797	0.0155844	0.0229358	0.0053476	0.0507614	0.0511811	0.1009615	0.0321101	0.1030928	0.087156	0.1034483	0.0613027	0.1428571	0.0520446	0.0581395	0.1079545	0.1273585	0.1095406	0.0736434	0.0940171	0.0660147	0.0815822	0.1587302	0.1412214	0.2298137	0.2417582	0.25	0.2121212	0.2580645	0.1474104	
Goéland railleur ou Mouette rieuse	0.0020534	0.0	0.0	0.0	0.0	0.0126582	0.0	0.0	0.0	0.0	0.0015	0.0019763	0.0	0.0	0.0	0.0	0.0	0.0	0.0	0.0	0.0	0.0	0.0	0.0	0.0	0.0	0.0	0.0	0.0	0.0	0.0	0.0	0.0	0.0056818	0.0	0.0	0.0	0.0	0.0	0.0049444	0.0	0.0	0.0	0.0	0.0	0.0	0.0	0.0	
Mouette à tête grise	0.0	0.0	0.0	0.0	0.0	0.0	0.0	0.0	0.0	0.0	0.0	0.0	0.0	0.0	0.0	0.0	0.0	0.0	0.0	0.0	0.0	0.0	0.0	0.0	0.0	0.0015	0.0	0.0	0.0	0.0	0.0	0.0	0.0	0.0	0.0	0.0	0.0	0.0	0.0	0.0	0.0	0.0	0.0	0.0	0.0	0.0	0.0	0.0	
Goéland ichthyaète	0.0	0.0	0.0	0.0	0.0	0.0	0.0	0.0	0.0	0.0	0.0	0.0	0.0	0.0	0.0	0.0	0.0	0.0	0.0	0.0	0.0	0.0	0.0	0.0	0.0	0.0	0.0	0.0	0.0	0.0	0.0	0.0	0.0	0.0	0.0	0.0	0.0	0.0	0.0	0.0	0.0	0.0	0.0	0.0	0.0015	0.0	0.0	0.0	
Goéland d'Audouin	0.0123203	0.0111732	0.015625	0.0166667	0.0263158	0.0015	0.0814815	0.057554	0.0555556	0.0530303	0.038835	0.0592885	0.0438356	0.025641	0.0481928	0.016129	0.0104987	0.0289855	0.0300752	0.038961	0.0366972	0.026738	0.0203046	0.019685	0.0048077	0.0229358	0.0206186	0.0229358	0.045977	0.0344828	0.0663265	0.0185874	0.0174419	0.0568182	0.0188679	0.0318021	0.0193798	0.025641	0.0122249	0.0309023	0.0343915	0.0114504	0.0248447	0.010989	0.0294118	0.0454545	0.0015	0.0318725	
Mouette mélanocéphale	0.0246407	0.027933	0.078125	0.0166667	0.0175439	0.0759494	0.0814815	0.0503597	0.0888889	0.0681818	0.0291262	0.0237154	0.0164384	0.0051282	0.0172117	0.0043988	0.0052493	0.0072464	0.0	0.0015	0.0045872	0.0	0.0101523	0.007874	0.0192308	0.0045872	0.0206186	0.0321101	0.0344828	0.0191571	0.0459184	0.0185874	0.0015	0.0170455	0.009434	0.0070671	0.0232558	0.017094	0.0244499	0.0506799	0.0608466	0.0916031	0.068323	0.0549451	0.0882353	0.0606061	0.0322581	0.0398406	
Goéland cendré	0.0	0.0	0.0	0.0015	0.0015	0.0	0.0	0.0	0.0111111	0.0	0.0	0.0	0.0027397	0.0	0.0	0.0	0.0	0.0	0.0	0.0	0.0	0.0	0.0	0.0	0.0	0.0	0.0	0.0	0.0	0.0	0.0	0.0	0.0	0.0	0.0	0.0	0.0	0.0	0.0	0.0	0.0	0.0	0.0	0.0	0.0	0.0	0.0	0.0	
Goéland pontique	0.0	0.0	0.015625	0.025	0.0087719	0.0	0.0015	0.0071942	0.0111111	0.0	0.0	0.0015	0.0	0.0	0.0017212	0.0015	0.0	0.0	0.0	0.0	0.0	0.0	0.0	0.0	0.0	0.0	0.0	0.0	0.0	0.0	0.0	0.0	0.0	0.0015	0.0	0.0	0.0	0.008547	0.0	0.0	0.0	0.0015	0.0062112	0.010989	0.0	0.0151515	0.0	0.0119522	
Goéland argenté	0.0	0.0	0.0	0.0	0.0	0.0	0.0015	0.0	0.0	0.0	0.0	0.0	0.0	0.0	0.0	0.0	0.0	0.0	0.0	0.0	0.0	0.0	0.0	0.0	0.0	0.0	0.0	0.0	0.0	0.0	0.0	0.0	0.0	0.0	0.0	0.0	0.0	0.0	0.0	0.0	0.0	0.0	0.0	0.0	0.0	0.0	0.0	0.0	
Goéland leucophée	0.1498973	0.2234637	0.234375	0.3583333	0.4035088	0.3291139	0.3259259	0.3453237	0.3666667	0.3409091	0.3009709	0.4031621	0.4438356	0.3358974	0.3717728	0.4662757	0.5065617	0.3478261	0.3909774	0.4181818	0.3944954	0.3208556	0.3401015	0.3425197	0.3221154	0.2477064	0.2474227	0.293578	0.2298851	0.2337165	0.3418367	0.2342007	0.2093023	0.3238636	0.2830189	0.2756184	0.3217054	0.3376068	0.4621027	0.5092707	0.4920635	0.4732824	0.4658385	0.2857143	0.3235294	0.3484848	0.3225806	0.2390438	
Goéland brun	0.0184805	0.027933	0.046875	0.05	0.0175439	0.0759494	0.0592593	0.057554	0.0666667	0.0378788	0.0436893	0.0217391	0.0082192	0.0153846	0.0189329	0.0117302	0.0026247	0.0	0.0	0.0015	0.0015	0.0213904	0.0203046	0.003937	0.0144231	0.0229358	0.0103093	0.0045872	0.0	0.0	0.005102	0.0015	0.005814	0.0284091	0.0283019	0.0353357	0.0271318	0.042735	0.0195599	0.0173053	0.0185185	0.0381679	0.0434783	0.0769231	0.0588235	0.0151515	0.0322581	0.0438247	
goéland ou mouette sp.	0.0041068	0.0223464	0.03125	0.0	0.0350877	0.0379747	0.0074074	0.0	0.0	0.0227273	0.0097087	0.0118577	0.0054795	0.0051282	0.0034423	0.0014663	0.0026247	0.0	0.0225564	0.0051948	0.0183486	0.0053476	0.0101523	0.003937	0.0048077	0.0183486	0.0103093	0.0137615	0.0057471	0.0015	0.0204082	0.0111524	0.0116279	0.0113636	0.009434	0.0070671	0.0077519	0.0128205	0.0146699	0.0098888	0.0079365	0.0152672	0.0062112	0.0	0.0588235	0.0	0.0	0.0	
Sterne naine	0.0	0.0	0.0	0.0	0.0	0.0	0.0	0.0	0.0	0.0	0.0	0.0	0.0	0.0179487	0.0378657	0.0513196	0.0629921	0.0724638	0.1203008	0.0675325	0.0366972	0.0534759	0.0812183	0.0708661	0.0721154	0.0366972	0.056701	0.0825688	0.0804598	0.0383142	0.0918367	0.0148699	0.0174419	0.0056818	0.0	0.0015	0.003876	0.0	0.0	0.0	0.0	0.0	0.0	0.0015	0.0	0.0	0.0	0.0	
Sterne hansel	0.0	0.0	0.0	0.0	0.0	0.0	0.0	0.0015	0.0	0.0	0.0	0.0039526	0.0027397	0.0025641	0.0154905	0.016129	0.0026247	0.0181159	0.018797	0.0051948	0.0091743	0.0213904	0.0050761	0.0015	0.0096154	0.0	0.0	0.0015	0.0229885	0.0114943	0.0459184	0.0074349	0.0	0.0056818	0.009434	0.0035336	0.0	0.0	0.0	0.0	0.0	0.0	0.0062112	0.0	0.0147059	0.0	0.0	0.0079681	
Sterne hansel ou S. à longues pattes	0.0	0.0	0.0	0.0	0.0	0.0	0.0	0.0	0.0	0.0	0.0	0.0	0.0	0.0	0.0	0.0	0.0	0.0	0.0015	0.0015	0.0	0.0	0.0	0.0	0.0	0.0	0.0	0.0	0.0	0.0	0.0	0.0074349	0.0	0.0	0.0	0.0	0.0	0.0	0.0	0.0	0.0	0.0	0.0	0.0	0.0	0.0	0.0	0.0	
Sterne caspienne	0.0015	0.0055866	0.0	0.0	0.0	0.0	0.0	0.0	0.0	0.0	0.0048544	0.0	0.0082192	0.0051282	0.0189329	0.0058651	0.0052493	0.0	0.0	0.0	0.0015	0.0015	0.0	0.0	0.0	0.0	0.0051546	0.0045872	0.0114943	0.0038314	0.0255102	0.0074349	0.0174419	0.0056818	0.0330189	0.0353357	0.0232558	0.025641	0.0195599	0.0024722	0.005291	0.0038168	0.0062112	0.0	0.0	0.0	0.0	0.0	
Guifette moustac	0.0	0.0	0.0	0.0	0.0	0.0	0.0	0.0	0.0	0.0	0.0	0.0	0.0015	0.0015	0.0051635	0.0029326	0.0026247	0.0036232	0.0112782	0.0051948	0.0015	0.0	0.0	0.003937	0.0	0.0	0.0	0.0045872	0.0	0.0	0.005102	0.0037175	0.0	0.0015	0.0	0.0035336	0.0	0.0042735	0.0	0.0	0.0015	0.0	0.0	0.0	0.0147059	0.0	0.0	0.0	
Guifette noire	0.0	0.0	0.0	0.0	0.0	0.0	0.0	0.0	0.0	0.0	0.0	0.0	0.0015	0.0	0.0	0.0029326	0.0026247	0.0	0.0037594	0.0051948	0.0	0.0	0.0	0.0	0.0	0.0	0.0015	0.0015	0.0287356	0.0383142	0.0816327	0.0223048	0.0	0.0056818	0.0015	0.0	0.0015	0.0	0.0	0.0012361	0.0	0.0	0.0062112	0.0	0.0	0.0	0.0	0.0	
Guifette leucoptère	0.0	0.0	0.0	0.0	0.0	0.0	0.0	0.0	0.0	0.0	0.0	0.0	0.0	0.0	0.0	0.0029326	0.007874	0.0072464	0.0015	0.0015	0.0	0.0	0.0	0.0	0.0	0.0	0.0	0.0045872	0.0	0.0	0.0255102	0.0074349	0.0	0.0	0.0	0.0	0.0	0.0	0.0	0.0	0.0	0.0	0.0	0.0	0.0	0.0	0.0	0.0	
Sterne pierregarin	0.0	0.0	0.0	0.0	0.0	0.0	0.0	0.0	0.0	0.030303	0.0048544	0.0059289	0.0015	0.0	0.0068847	0.0175953	0.0104987	0.0108696	0.0263158	0.0233766	0.0015	0.0106952	0.0152284	0.007874	0.0144231	0.0137615	0.0154639	0.0137615	0.0114943	0.0038314	0.005102	0.0037175	0.0	0.0	0.0	0.0	0.003876	0.0015	0.0	0.0	0.0	0.0	0.0	0.0	0.0	0.0	0.0	0.0	
Sterne caugek	0.0472279	0.1117318	0.078125	0.0916667	0.1052632	0.0506329	0.1481481	0.1223022	0.1555556	0.0909091	0.0825243	0.1067194	0.0465753	0.0487179	0.0619621	0.0175953	0.007874	0.0144928	0.0037594	0.0207792	0.0045872	0.0	0.0101523	0.007874	0.0	0.0045872	0.0051546	0.0091743	0.0114943	0.0076628	0.0357143	0.0148699	0.0	0.0340909	0.0235849	0.0212014	0.0155039	0.034188	0.0122249	0.0346106	0.0529101	0.0801527	0.1118012	0.0989011	0.1470588	0.1363636	0.1290323	0.0916335	
sterne sp.	0.0	0.0	0.015625	0.0	0.0015	0.0	0.0	0.0	0.0111111	0.0	0.0097087	0.0039526	0.0027397	0.0	0.0	0.0	0.0015	0.0036232	0.0075188	0.0	0.0015	0.0053476	0.0	0.0	0.0	0.0	0.0051546	0.0045872	0.0	0.0	0.0	0.0	0.0	0.0113636	0.004717	0.0	0.003876	0.0	0.00489	0.0015	0.0	0.0038168	0.0	0.0	0.0147059	0.0151515	0.0	0.0	
goéland ou sterne sp.	0.0	0.0	0.0	0.0	0.0	0.0	0.0	0.0	0.0	0.0	0.0	0.0	0.0	0.0	0.0	0.0	0.0	0.0	0.0	0.0	0.0	0.0	0.0	0.0	0.0	0.0	0.0	0.0	0.0	0.0	0.0	0.0	0.0	0.0	0.0	0.0	0.0	0.0	0.0	0.0012361	0.0	0.0	0.0	0.0	0.0	0.0	0.0	0.0	
Flamant rose	0.0718686	0.0949721	0.125	0.1166667	0.1315789	0.1265823	0.1037037	0.1223022	0.0888889	0.1060606	0.0728155	0.1146245	0.0684932	0.0820513	0.0946644	0.0747801	0.0708661	0.0869565	0.1278195	0.0649351	0.0412844	0.0534759	0.1167513	0.0708661	0.0913462	0.0504587	0.0670103	0.1055046	0.0804598	0.1111111	0.1173469	0.063197	0.0581395	0.1420455	0.1226415	0.0883392	0.120155	0.1068376	0.0904645	0.0630408	0.1243386	0.1183206	0.1490683	0.1758242	0.1764706	0.1818182	0.0322581	0.0796813	
Flamant nain	0.0	0.0	0.0	0.0	0.0	0.0	0.0	0.0	0.0	0.0	0.0	0.0	0.0	0.0	0.0017212	0.0	0.0	0.0	0.0	0.0	0.0	0.0	0.0	0.0	0.0	0.0	0.0	0.0	0.0	0.0	0.0	0.0	0.0	0.0	0.0	0.0	0.0	0.0	0.0	0.0	0.0	0.0	0.0	0.0	0.0	0.0	0.0	0.0	
Grèbe castagneux	0.0677618	0.0893855	0.0625	0.075	0.0877193	0.0379747	0.0666667	0.1151079	0.1111111	0.0606061	0.0485437	0.0474308	0.0219178	0.0102564	0.0154905	0.0219941	0.0183727	0.0362319	0.0225564	0.0155844	0.0045872	0.026738	0.0152284	0.015748	0.0192308	0.0183486	0.0206186	0.087156	0.1034483	0.0766284	0.1377551	0.0520446	0.0639535	0.0511364	0.0566038	0.0318021	0.0348837	0.0683761	0.0317848	0.0407911	0.0793651	0.0496183	0.068323	0.1318681	0.0882353	0.0909091	0.0015	0.0756972	
Grèbe esclavon	0.0	0.0	0.0	0.0416667	0.0	0.0	0.0	0.0	0.0	0.0	0.0	0.0	0.0	0.0	0.0	0.0	0.0	0.0	0.0	0.0	0.0	0.0	0.0	0.0	0.0	0.0	0.0	0.0	0.0	0.0	0.0	0.0	0.0	0.0	0.0	0.0	0.0	0.0	0.0	0.0	0.0	0.0	0.0	0.010989	0.0	0.0	0.0	0.0	
Grèbe jougris	0.0	0.0	0.0	0.0	0.0	0.0	0.0	0.0	0.0	0.0	0.0	0.0	0.0	0.0	0.0	0.0	0.0	0.0	0.0	0.0	0.0	0.0	0.0	0.0	0.0	0.0	0.0	0.0	0.0	0.0	0.0	0.0	0.0	0.0	0.0	0.0	0.0	0.0	0.0	0.0	0.0	0.0	0.0062112	0.0	0.0	0.0	0.0	0.0	
Grèbe huppé	0.0513347	0.0558659	0.0625	0.075	0.0701754	0.0253165	0.0518519	0.0935252	0.0555556	0.0454545	0.0533981	0.0612648	0.0547945	0.0538462	0.0464716	0.0395894	0.0446194	0.0543478	0.0413534	0.0311688	0.0183486	0.026738	0.035533	0.023622	0.0336538	0.0458716	0.0309278	0.0229358	0.0574713	0.0383142	0.1326531	0.0297398	0.0290698	0.0397727	0.0754717	0.0353357	0.0310078	0.042735	0.0317848	0.025958	0.047619	0.0648855	0.0869565	0.1098901	0.0588235	0.0606061	0.0645161	0.0717131	
Grèbe à cou noir	0.0308008	0.0446927	0.03125	0.0916667	0.0526316	0.0126582	0.0222222	0.0431655	0.0222222	0.0227273	0.0048544	0.0217391	0.0027397	0.0102564	0.0034423	0.0131965	0.0131234	0.0036232	0.0112782	0.0015	0.0045872	0.0	0.0	0.003937	0.0	0.0	0.0	0.0	0.0	0.0038314	0.0204082	0.0	0.0	0.0170455	0.009434	0.0141343	0.0271318	0.0299145	0.0122249	0.0185414	0.021164	0.0343511	0.0621118	0.043956	0.0294118	0.0757576	0.0015	0.0398406	
Plongeon arctique	0.0	0.0	0.0	0.0	0.0	0.0	0.0	0.0	0.0	0.0	0.0015	0.0	0.0	0.0	0.0	0.0	0.0	0.0	0.0	0.0	0.0	0.0	0.0	0.0	0.0	0.0	0.0	0.0	0.0	0.0	0.0	0.0	0.0	0.0	0.0	0.0	0.0	0.0	0.0	0.0	0.0	0.0	0.0	0.0	0.0	0.0	0.0	0.0015	
Océanite tempête	0.0	0.0	0.0	0.0	0.0015	0.0126582	0.0	0.0	0.0	0.0	0.0	0.0	0.0	0.0	0.0	0.0014663	0.0015	0.0	0.0	0.0	0.0045872	0.0	0.0	0.0	0.0015	0.0	0.0	0.0045872	0.0057471	0.0	0.0	0.0074349	0.0	0.0	0.0	0.0015	0.0	0.0	0.0015	0.0012361	0.0	0.0	0.0	0.0	0.0	0.0	0.0015	0.0	
Puffin cendré	0.0	0.0	0.0	0.0	0.0	0.0	0.0	0.0	0.0	0.0	0.0	0.0	0.0	0.0	0.0	0.0	0.0	0.0	0.0	0.0025974	0.0	0.0	0.0	0.0	0.0	0.0	0.0	0.0	0.0	0.0	0.0	0.0	0.0	0.0	0.0	0.0	0.0	0.0	0.0	0.0	0.0	0.0038168	0.0	0.0	0.0	0.0	0.0	0.0	
Puffin de Scopoli	0.0015	0.0015	0.0	0.0	0.0	0.0	0.0	0.0071942	0.0222222	0.030303	0.0145631	0.0750988	0.1068493	0.0461538	0.0757315	0.1304985	0.1049869	0.0398551	0.037594	0.0519481	0.0366972	0.0	0.0152284	0.011811	0.0336538	0.0045872	0.0206186	0.0137615	0.045977	0.0344828	0.0612245	0.0334572	0.005814	0.0170455	0.009434	0.0070671	0.0193798	0.0555556	0.1662592	0.2126082	0.2089947	0.0801527	0.0559006	0.0	0.0	0.0	0.0	0.0079681	
Puffin cendré ou P. de Scopoli	0.0	0.0	0.0	0.0	0.0	0.0	0.0	0.0	0.0	0.0	0.0	0.0	0.0	0.0	0.0	0.0014663	0.0	0.0	0.0	0.0	0.0	0.0	0.0	0.0	0.0	0.0	0.0	0.0	0.0	0.0	0.0	0.0	0.0	0.0	0.0	0.0	0.0	0.0	0.007335	0.0123609	0.015873	0.0076336	0.0	0.0	0.0	0.0	0.0	0.0	
Puffin yelkouan	0.0015	0.027933	0.0	0.0015	0.0087719	0.0126582	0.0148148	0.0215827	0.0111111	0.0151515	0.0097087	0.0513834	0.0246575	0.0128205	0.0344234	0.0307918	0.0341207	0.0036232	0.0075188	0.0103896	0.0137615	0.0053476	0.0101523	0.007874	0.0	0.0045872	0.0103093	0.0045872	0.0344828	0.0114943	0.0153061	0.0111524	0.0015	0.0113636	0.009434	0.0070671	0.0077519	0.017094	0.0342298	0.0667491	0.1005291	0.0687023	0.0248447	0.0015	0.0	0.0151515	0.0015	0.0119522	
Calonectris, Ardenna ou Puffinus sp.	0.0	0.0	0.0	0.0	0.0	0.0	0.0	0.0	0.0	0.0	0.0	0.0	0.0	0.0	0.0	0.0014663	0.0	0.0	0.0015	0.0051948	0.0	0.0	0.0	0.0	0.0015	0.0	0.0	0.0	0.0	0.0	0.0	0.0037175	0.0	0.0	0.0	0.0106007	0.0	0.0	0.0	0.0024722	0.0	0.0	0.0	0.0	0.0	0.0	0.0	0.0	
Cigogne noire	0.0	0.0055866	0.0	0.0015	0.0	0.0015	0.0	0.0143885	0.0	0.0151515	0.0	0.0019763	0.0027397	0.0025641	0.0034423	0.0015	0.0052493	0.0036232	0.0015	0.0	0.0	0.0	0.0	0.0	0.0	0.0	0.0	0.0	0.0	0.0	0.0	0.0	0.0015	0.0113636	0.004717	0.0	0.0077519	0.0042735	0.0015	0.0012361	0.005291	0.0	0.0	0.0	0.0	0.0015	0.0	0.0	
Cigogne blanche	0.0143737	0.0335196	0.015625	0.0083333	0.0526316	0.0015	0.0222222	0.0215827	0.0888889	0.0378788	0.0194175	0.0256917	0.0356164	0.0205128	0.0172117	0.0249267	0.0183727	0.0181159	0.0225564	0.0077922	0.0321101	0.026738	0.0203046	0.019685	0.0192308	0.0091743	0.0103093	0.0137615	0.0344828	0.0306513	0.0357143	0.0260223	0.0465116	0.0015	0.0188679	0.0106007	0.0	0.0042735	0.0015	0.0012361	0.0026455	0.0038168	0.0062112	0.021978	0.0588235	0.030303	0.0015	0.0039841	
Fou de Bassan	0.0041068	0.0167598	0.03125	0.0015	0.0438596	0.0126582	0.0444444	0.0215827	0.0444444	0.0151515	0.0	0.0197628	0.0054795	0.0076923	0.0034423	0.0043988	0.0026247	0.0036232	0.0	0.0	0.0	0.0	0.0	0.0	0.0048077	0.0045872	0.0	0.0045872	0.0	0.0	0.0	0.0015	0.0	0.0	0.0	0.0	0.0	0.008547	0.007335	0.0321384	0.0634921	0.0343511	0.0372671	0.010989	0.0147059	0.0151515	0.0015	0.0358566	
Cormoran pygmée	0.0	0.0	0.0	0.0	0.0	0.0	0.0	0.0071942	0.0	0.0015	0.0	0.0	0.0	0.0	0.0017212	0.0	0.0	0.0	0.0	0.0	0.0	0.0	0.0	0.0	0.0	0.0	0.0	0.0	0.0	0.0	0.0	0.0	0.0	0.0	0.0	0.0	0.0	0.0	0.0	0.0	0.0	0.0	0.0	0.0	0.0	0.0	0.0	0.0	
Grand Cormoran	0.1252567	0.1899441	0.25	0.25	0.2280702	0.2911392	0.2074074	0.2158273	0.2777778	0.2424242	0.1893204	0.1778656	0.1150685	0.0897436	0.0722892	0.0718475	0.0367454	0.0253623	0.0112782	0.0051948	0.0137615	0.0160428	0.0152284	0.023622	0.0192308	0.0091743	0.0154639	0.0091743	0.0402299	0.0383142	0.0714286	0.0223048	0.0232558	0.0454545	0.0707547	0.0459364	0.0658915	0.1452991	0.1735941	0.2595797	0.3412698	0.3358779	0.2981366	0.2637363	0.3676471	0.3181818	0.1935484	0.2071713	
Cormoran huppé	0.0	0.0	0.0	0.0	0.0	0.0015	0.0	0.0015	0.0	0.0	0.0	0.0019763	0.0	0.0025641	0.0	0.0	0.0026247	0.0036232	0.0	0.0	0.0	0.0	0.0	0.0	0.0	0.0	0.0	0.0	0.0114943	0.0	0.0015	0.0	0.0	0.0	0.0	0.0	0.0	0.0042735	0.002445	0.0012361	0.0	0.0	0.0	0.0	0.0	0.0	0.0	0.0	
cormoran sp.	0.0	0.0	0.0	0.0	0.0	0.0	0.0	0.0	0.0	0.0	0.0	0.0	0.0	0.0	0.0	0.0	0.0	0.0	0.0	0.0	0.0	0.0	0.0	0.0	0.0	0.0	0.0	0.0	0.0	0.0	0.0	0.0	0.0	0.0	0.0	0.0035336	0.0	0.0	0.0	0.0	0.0	0.0	0.0	0.0	0.0	0.0	0.0	0.0	
Ibis falcinelle	0.0	0.0	0.015625	0.0	0.0087719	0.0126582	0.0015	0.0	0.0015	0.0227273	0.0015	0.027668	0.0164384	0.0076923	0.0154905	0.0219941	0.015748	0.0108696	0.0150376	0.0025974	0.0091743	0.0053476	0.0101523	0.0015	0.0048077	0.0	0.0	0.0045872	0.0229885	0.0229885	0.0306122	0.0111524	0.0116279	0.0170455	0.004717	0.0070671	0.0015	0.0042735	0.0	0.0	0.005291	0.0114504	0.0	0.010989	0.0147059	0.0015	0.0015	0.0	
Ibis sacré	0.0020534	0.0	0.0	0.0083333	0.0015	0.0	0.0	0.0	0.0	0.0151515	0.0	0.0019763	0.0	0.0	0.0017212	0.0014663	0.0015	0.0	0.0	0.0	0.0	0.0	0.0	0.0	0.0048077	0.0	0.0	0.0	0.0	0.0	0.0	0.0037175	0.0	0.0	0.0	0.0	0.0	0.0	0.0	0.0037083	0.0	0.0	0.0062112	0.010989	0.0	0.030303	0.0	0.0039841	
Spatule blanche	0.0184805	0.0614525	0.03125	0.075	0.1052632	0.0632911	0.0592593	0.0503597	0.0555556	0.0606061	0.0533981	0.055336	0.0383562	0.0307692	0.0516351	0.0410557	0.0446194	0.0326087	0.0263158	0.0285714	0.0229358	0.0320856	0.0253807	0.007874	0.0144231	0.0183486	0.0103093	0.0275229	0.045977	0.0498084	0.0867347	0.0260223	0.0406977	0.0454545	0.0660377	0.0388693	0.0271318	0.0683761	0.0464548	0.0234858	0.0529101	0.0610687	0.0807453	0.0659341	0.0588235	0.0909091	0.0322581	0.0438247	
Butor étoilé	0.0	0.0167598	0.0015	0.0	0.0	0.0	0.0148148	0.0071942	0.0111111	0.0	0.0048544	0.0079051	0.0	0.0015	0.0	0.0043988	0.0026247	0.0072464	0.0037594	0.0	0.0	0.0	0.0	0.0	0.0	0.0	0.0	0.0	0.0	0.0	0.0	0.0	0.0	0.0	0.0	0.0	0.0	0.0	0.00978	0.0123609	0.0026455	0.0076336	0.0015	0.0	0.0147059	0.0	0.0015	0.0039841	
Blongios nain	0.0015	0.0	0.0	0.0	0.0	0.0	0.0	0.0	0.0	0.0	0.0	0.0015	0.0015	0.0015	0.0034423	0.0029326	0.0131234	0.0036232	0.0037594	0.0051948	0.0091743	0.0	0.0050761	0.003937	0.0048077	0.0091743	0.0103093	0.0229358	0.0057471	0.0114943	0.0153061	0.0037175	0.0	0.0	0.004717	0.0	0.0	0.0	0.0	0.0	0.0	0.0	0.0	0.0	0.0	0.0	0.0	0.0	
Bihoreau gris	0.0020534	0.0055866	0.0	0.0	0.0	0.0	0.0	0.0071942	0.0015	0.0075758	0.0015	0.0177866	0.030137	0.0102564	0.020654	0.0381232	0.0209974	0.0144928	0.0075188	0.0103896	0.0015	0.0320856	0.0101523	0.015748	0.0288462	0.0229358	0.0103093	0.0229358	0.0344828	0.045977	0.0663265	0.0334572	0.0232558	0.0170455	0.0188679	0.0035336	0.0155039	0.0042735	0.0171149	0.0148331	0.0026455	0.0152672	0.0124224	0.0	0.0	0.0	0.0	0.0	
Aigrette garzette	0.0800821	0.1061453	0.109375	0.1583333	0.1754386	0.1012658	0.1407407	0.2158273	0.1777778	0.1818182	0.1262136	0.1324111	0.1342466	0.1282051	0.1256454	0.1129032	0.1417323	0.1268116	0.1578947	0.0987013	0.0688073	0.0802139	0.1624365	0.1102362	0.1057692	0.0733945	0.128866	0.1238532	0.1551724	0.1570881	0.1836735	0.0892193	0.1395349	0.2386364	0.2028302	0.180212	0.1821705	0.1410256	0.1198044	0.1458591	0.1798942	0.1526718	0.1614907	0.1758242	0.2647059	0.1515152	0.1290323	0.1075697	
Aigrette des récifs	0.0	0.0	0.0	0.0	0.0	0.0	0.0	0.0	0.0	0.0	0.0	0.0	0.0	0.0	0.0	0.0	0.0	0.0	0.0037594	0.0	0.0	0.0	0.0	0.0	0.0	0.0	0.0	0.0	0.0015	0.0	0.005102	0.0	0.0	0.0	0.0	0.0	0.0	0.0	0.0	0.0	0.0	0.0	0.0	0.0	0.0	0.0	0.0	0.0	
Crabier chevelu	0.0	0.0	0.0	0.0	0.0	0.0	0.0	0.0	0.0111111	0.0	0.0	0.0039526	0.0027397	0.0128205	0.0327022	0.0659824	0.0524934	0.0724638	0.0338346	0.0311688	0.0321101	0.0374332	0.0152284	0.019685	0.0288462	0.0229358	0.0103093	0.0412844	0.0574713	0.0689655	0.0867347	0.0148699	0.0116279	0.0113636	0.009434	0.0106007	0.003876	0.0	0.002445	0.0024722	0.0	0.0038168	0.0	0.0	0.0	0.0	0.0	0.0	
Héron garde-boeufs	0.0780287	0.0949721	0.09375	0.1166667	0.1315789	0.0632911	0.0740741	0.0503597	0.0444444	0.0378788	0.0679612	0.0731225	0.0520548	0.0435897	0.0481928	0.0894428	0.0629921	0.0289855	0.0225564	0.0207792	0.0091743	0.0427807	0.0304569	0.019685	0.0336538	0.0458716	0.0206186	0.0321101	0.0229885	0.091954	0.1071429	0.0520446	0.0465116	0.0340909	0.0518868	0.0459364	0.0620155	0.1025641	0.1369193	0.092707	0.0714286	0.0763359	0.1552795	0.0659341	0.0735294	0.0909091	0.0645161	0.0756972	
Grande Aigrette	0.0492813	0.0670391	0.09375	0.1416667	0.1578947	0.1139241	0.0518519	0.0719424	0.0333333	0.0984848	0.0582524	0.0770751	0.0547945	0.0333333	0.0240964	0.026393	0.0131234	0.0253623	0.037594	0.012987	0.0229358	0.0053476	0.0050761	0.0314961	0.0432692	0.0321101	0.0257732	0.0458716	0.0402299	0.0383142	0.0918367	0.0408922	0.0348837	0.0511364	0.0471698	0.0282686	0.0348837	0.0641026	0.0782396	0.0667491	0.0899471	0.0839695	0.1180124	0.1868132	0.0882353	0.1212121	0.0322581	0.0836653	
Héron cendré	0.0965092	0.1117318	0.140625	0.2	0.2105263	0.164557	0.1111111	0.1223022	0.1222222	0.1515152	0.1019417	0.0988142	0.0931507	0.0589744	0.0688468	0.0762463	0.0498688	0.076087	0.0488722	0.0363636	0.0229358	0.0588235	0.0609137	0.0629921	0.0625	0.0688073	0.0876289	0.1009174	0.0977011	0.164751	0.2244898	0.1189591	0.1337209	0.1590909	0.1792453	0.1342756	0.1395349	0.1282051	0.1735941	0.1940667	0.2592593	0.2442748	0.2173913	0.1978022	0.1617647	0.1666667	0.1612903	0.1314741	
Héron pourpré	0.0	0.0	0.0	0.0	0.0	0.0	0.0	0.0	0.0	0.0	0.0	0.0177866	0.0219178	0.0153846	0.010327	0.0366569	0.0183727	0.0036232	0.0015	0.0051948	0.0015	0.0053476	0.0101523	0.0015	0.0096154	0.0091743	0.0	0.0045872	0.0229885	0.0383142	0.0561224	0.0148699	0.005814	0.0170455	0.0188679	0.0035336	0.0	0.0042735	0.007335	0.0111248	0.005291	0.0	0.0	0.0	0.0	0.0	0.0	0.0	
ardeidé sp.	0.0	0.0	0.0	0.0	0.0	0.0	0.0	0.0	0.0	0.0	0.0	0.0	0.0	0.0	0.0	0.0	0.0	0.0	0.0	0.0	0.0	0.0	0.0	0.0	0.0	0.0	0.0	0.0	0.0	0.0	0.0	0.0	0.0	0.0	0.0	0.0	0.0	0.0	0.0	0.0	0.0	0.0038168	0.0	0.0	0.0	0.0	0.0	0.0	
Balbuzard pêcheur	0.026694	0.027933	0.015625	0.075	0.0526316	0.0506329	0.0074074	0.0359712	0.0444444	0.0454545	0.0145631	0.0158103	0.0191781	0.025641	0.0413081	0.0175953	0.0131234	0.0108696	0.0037594	0.0025974	0.0	0.0053476	0.0	0.0	0.0	0.0	0.0	0.0015	0.0015	0.0076628	0.0102041	0.0037175	0.005814	0.0340909	0.0518868	0.0106007	0.0310078	0.034188	0.0268949	0.0383189	0.042328	0.0381679	0.0310559	0.0549451	0.0735294	0.0757576	0.0322581	0.0478088	
Percnoptère d'Égypte	0.0	0.0111732	0.0	0.0	0.0	0.0	0.0	0.0	0.0	0.0	0.0	0.0	0.0027397	0.0	0.0	0.0	0.0026247	0.0072464	0.0037594	0.0051948	0.0	0.0053476	0.0	0.0	0.0	0.0	0.0	0.0	0.0015	0.0	0.0	0.0015	0.0	0.0015	0.0	0.0	0.0	0.0	0.0	0.0	0.0	0.0	0.0	0.0	0.0	0.0151515	0.0	0.0	
Bondrée apivore	0.0	0.0	0.0	0.0	0.0	0.0	0.0	0.0	0.0	0.0	0.0	0.0015	0.0109589	0.0051282	0.0309811	0.0879765	0.1732283	0.0833333	0.0263158	0.0337662	0.0504587	0.0160428	0.0253807	0.003937	0.0192308	0.0183486	0.056701	0.0229358	0.0172414	0.0229885	0.0357143	0.0371747	0.0523256	0.0170455	0.0660377	0.0212014	0.0155039	0.0213675	0.0513447	0.025958	0.0026455	0.0	0.0	0.0	0.0	0.0	0.0	0.0	
Vautour moine	0.0	0.0	0.0	0.0	0.0	0.0	0.0	0.0	0.0	0.0	0.0	0.0	0.0	0.0	0.0	0.0	0.0	0.0	0.0	0.0	0.0	0.0	0.0	0.0	0.0	0.0	0.0	0.0	0.0	0.0	0.0	0.0	0.0	0.0	0.0	0.0	0.0	0.0	0.0	0.0	0.0	0.0	0.0	0.0	0.0	0.0	0.0015	0.0	
Vautour de Rüppell	0.0	0.0	0.015625	0.0	0.0087719	0.0	0.0	0.0	0.0	0.0	0.0	0.0019763	0.0	0.0	0.0	0.0	0.0015	0.0	0.0	0.0	0.0015	0.0	0.0	0.0	0.0	0.0	0.0015	0.0015	0.0	0.0	0.0015	0.0	0.0	0.0	0.0	0.0	0.0	0.0	0.0	0.0012361	0.0	0.0	0.0124224	0.021978	0.0	0.0015	0.0	0.0039841	
Vautour fauve	0.0	0.0055866	0.046875	0.0	0.0175439	0.0126582	0.0	0.0	0.0	0.0	0.0097087	0.0059289	0.0054795	0.0076923	0.0017212	0.0029326	0.0104987	0.0036232	0.0	0.0051948	0.0091743	0.026738	0.0015	0.007874	0.0048077	0.0091743	0.0015	0.0091743	0.0172414	0.0268199	0.0255102	0.0111524	0.0	0.0	0.004717	0.0	0.0015	0.0	0.007335	0.0012361	0.0026455	0.0	0.0248447	0.032967	0.0	0.0015	0.0015	0.0159363	
Circaète Jean-le-Blanc	0.0020534	0.0111732	0.0015	0.0083333	0.0350877	0.0	0.0015	0.0015	0.0111111	0.0075758	0.0048544	0.0039526	0.0054795	0.0153846	0.010327	0.016129	0.0262467	0.0	0.0	0.012987	0.0275229	0.0015	0.0050761	0.0015	0.0	0.0	0.0	0.0	0.0057471	0.0	0.0015	0.0	0.005814	0.0	0.004717	0.0015	0.003876	0.008547	0.0195599	0.0098888	0.0079365	0.0076336	0.0124224	0.0015	0.0	0.0015	0.0	0.0039841	
Aigle pomarin	0.0082136	0.0111732	0.0	0.025	0.0	0.0	0.0	0.0	0.0	0.0015	0.0	0.0015	0.0	0.0	0.0	0.0014663	0.0	0.0	0.0	0.0	0.0	0.0	0.0	0.0	0.0	0.0	0.0	0.0	0.0	0.0	0.0	0.0	0.0	0.0	0.0	0.0	0.0	0.0	0.0015	0.0024722	0.010582	0.0	0.0	0.010989	0.0147059	0.0151515	0.0322581	0.0	
Aigle criard	0.0015	0.0	0.0	0.0015	0.0087719	0.0	0.0	0.0015	0.0	0.0015	0.0	0.0	0.0	0.0	0.0	0.0	0.0	0.0	0.0	0.0	0.0	0.0	0.0	0.0	0.0	0.0	0.0	0.0	0.0	0.0	0.0	0.0	0.0	0.0	0.0	0.0	0.0	0.0	0.0	0.0	0.0	0.0	0.0	0.0	0.0	0.0	0.0	0.0	
Aigle botté	0.073922	0.0782123	0.046875	0.1	0.1315789	0.0759494	0.0666667	0.0359712	0.0888889	0.0454545	0.0436893	0.0197628	0.0219178	0.025641	0.0481928	0.0557185	0.0629921	0.0253623	0.0015	0.0025974	0.0229358	0.0	0.0	0.0	0.0	0.0	0.0	0.0	0.0	0.0	0.0015	0.0037175	0.0015	0.0227273	0.0330189	0.0106007	0.0193798	0.0598291	0.0757946	0.0692213	0.0899471	0.0992366	0.1242236	0.0769231	0.0882353	0.0454545	0.1290323	0.1115538	
Aigle des steppes	0.0	0.0	0.0	0.0	0.0015	0.0	0.0	0.0	0.0	0.0	0.0	0.0	0.0	0.0	0.0	0.0	0.0	0.0	0.0	0.0103896	0.0275229	0.0	0.0	0.0	0.0	0.0	0.0	0.0	0.0	0.0	0.0	0.0	0.0	0.0	0.0	0.0	0.0	0.0	0.0	0.0	0.0	0.0	0.0	0.0	0.0	0.0	0.0	0.0	
Aigle impérial	0.0015	0.0111732	0.0	0.0	0.0	0.0	0.0	0.0	0.0	0.0	0.0	0.0	0.0	0.0	0.0	0.0	0.0	0.0	0.0	0.0	0.0	0.0	0.0	0.0	0.0	0.0	0.0	0.0	0.0	0.0	0.0	0.0	0.0	0.0	0.0	0.0	0.0	0.0	0.0	0.0	0.0	0.0015	0.0	0.0	0.0	0.0	0.0	0.0	
Aigle royal	0.0015	0.0015	0.015625	0.0	0.0175439	0.0	0.0	0.0071942	0.0	0.0151515	0.0048544	0.0039526	0.0082192	0.0076923	0.0120482	0.0014663	0.0026247	0.0072464	0.0	0.0	0.0045872	0.0053476	0.0015	0.0	0.0	0.0	0.0	0.0015	0.0015	0.0	0.0	0.0037175	0.0	0.0056818	0.004717	0.0015	0.003876	0.0042735	0.0	0.0012361	0.0	0.0015	0.0062112	0.032967	0.0	0.0151515	0.0	0.0039841	
Aigle de Bonelli	0.0082136	0.0055866	0.03125	0.05	0.0263158	0.0	0.0148148	0.0071942	0.0	0.0151515	0.0097087	0.0059289	0.0082192	0.0128205	0.0068847	0.0014663	0.007874	0.0181159	0.0037594	0.012987	0.0045872	0.0053476	0.0015	0.0015	0.0	0.0015	0.0	0.0015	0.0057471	0.0015	0.0015	0.0037175	0.005814	0.0015	0.009434	0.0035336	0.0015	0.0128205	0.0015	0.0012361	0.010582	0.0038168	0.0062112	0.010989	0.0294118	0.0151515	0.0	0.0199203	
Épervier à pieds courts	0.0	0.0	0.0	0.0	0.0	0.0	0.0	0.0	0.0	0.0	0.0	0.0	0.0	0.0	0.0	0.0	0.0	0.0036232	0.0	0.0	0.0	0.0	0.0	0.0	0.0	0.0	0.0	0.0	0.0	0.0	0.0	0.0	0.0	0.0	0.0	0.0	0.0	0.0	0.0	0.0	0.0	0.0	0.0	0.0	0.0	0.0	0.0	0.0	
Épervier d'Europe	0.0184805	0.0055866	0.015625	0.0333333	0.0614035	0.0126582	0.0074074	0.0143885	0.0222222	0.0378788	0.0339806	0.0434783	0.060274	0.0358974	0.0378657	0.016129	0.0052493	0.0144928	0.0037594	0.0181818	0.0091743	0.0160428	0.0304569	0.011811	0.0144231	0.0045872	0.0015	0.0015	0.0015	0.0038314	0.0015	0.0111524	0.005814	0.0056818	0.0188679	0.0106007	0.0116279	0.0598291	0.1418093	0.15822	0.2037037	0.1221374	0.0869565	0.010989	0.0015	0.0757576	0.0	0.0199203	
Autour des palombes	0.0	0.0	0.0	0.0	0.0	0.0	0.0	0.0	0.0	0.0	0.0	0.0019763	0.0027397	0.0025641	0.0	0.0015	0.0	0.0	0.0	0.0	0.0	0.0	0.0	0.0	0.0	0.0	0.0	0.0	0.0	0.0	0.0	0.0	0.0	0.0	0.0	0.0	0.0	0.0042735	0.0	0.0	0.0	0.0	0.0	0.0	0.0	0.0	0.0	0.0	
Aerospiza, Tachyspiza, Accipiter ou Astur sp.	0.0	0.0	0.0	0.0	0.0	0.0	0.0	0.0	0.0	0.0	0.0097087	0.0	0.0	0.0025641	0.0	0.0	0.0	0.0	0.0	0.0	0.0	0.0	0.0	0.0	0.0	0.0	0.0	0.0	0.0	0.0	0.0015	0.0	0.0	0.0	0.0	0.0	0.0	0.0	0.0	0.0	0.0	0.0	0.0	0.0	0.0	0.0	0.0	0.0	
Busard des roseaux	0.0965092	0.1173184	0.125	0.2083333	0.2017544	0.1012658	0.1037037	0.0935252	0.1777778	0.1590909	0.131068	0.1422925	0.1452055	0.1205128	0.1686747	0.2580645	0.2283465	0.0942029	0.0112782	0.0285714	0.0045872	0.0160428	0.0203046	0.007874	0.0048077	0.0091743	0.0051546	0.0137615	0.0172414	0.0344828	0.0765306	0.1040892	0.127907	0.1022727	0.1415094	0.0989399	0.0697674	0.1282051	0.2469438	0.263288	0.2724868	0.1755725	0.1987578	0.2087912	0.2941176	0.1666667	0.1935484	0.123506	
Busard Saint-Martin	0.0082136	0.0111732	0.03125	0.0166667	0.0263158	0.0015	0.0148148	0.0359712	0.0222222	0.0075758	0.0048544	0.0098814	0.0136986	0.0076923	0.0034423	0.0014663	0.0	0.0	0.0	0.0	0.0	0.0	0.0	0.0	0.0	0.0	0.0	0.0	0.0	0.0	0.0	0.0015	0.0	0.0	0.0	0.0	0.0	0.0015	0.0268949	0.0284302	0.0529101	0.0343511	0.0	0.010989	0.0588235	0.030303	0.0015	0.0239044	
Busard pâle	0.0020534	0.0	0.0015	0.0	0.0	0.0	0.0	0.0	0.0111111	0.0075758	0.0194175	0.0237154	0.0356164	0.0282051	0.0258176	0.0146628	0.0104987	0.0072464	0.0	0.0	0.0	0.0	0.0	0.0	0.0	0.0	0.0	0.0	0.0	0.0	0.0	0.0	0.0	0.0170455	0.0015	0.0035336	0.003876	0.0128205	0.0415648	0.0370828	0.005291	0.0076336	0.0062112	0.010989	0.0441176	0.0	0.0322581	0.0159363	
Busard cendré	0.0	0.0	0.0	0.0	0.0	0.0	0.0	0.0	0.0	0.0	0.0145631	0.0015	0.0328767	0.0384615	0.0740103	0.127566	0.0419948	0.0181159	0.0	0.0015	0.0015	0.0	0.0	0.0	0.0	0.0	0.0	0.0	0.0	0.0	0.005102	0.0	0.005814	0.0056818	0.0	0.0	0.0	0.0	0.0	0.0098888	0.0	0.0	0.0	0.0	0.0	0.0	0.0	0.0	
Busard pâle ou B. cendré	0.0	0.0015	0.0	0.0	0.0	0.0	0.0	0.0	0.0	0.0	0.0	0.0	0.0027397	0.0	0.0	0.0	0.0	0.0	0.0	0.0	0.0	0.0	0.0	0.0	0.0	0.0	0.0	0.0	0.0	0.0	0.0	0.0	0.0	0.0	0.0	0.0	0.0	0.0	0.0	0.0	0.0	0.0	0.0	0.0	0.0	0.0	0.0	0.0	
busard sp.	0.0	0.0	0.0	0.0	0.0	0.0	0.0	0.0	0.0	0.0	0.0	0.0079051	0.0082192	0.0	0.0086059	0.0029326	0.0026247	0.0	0.0	0.0	0.0	0.0	0.0	0.0	0.0	0.0	0.0	0.0	0.0	0.0	0.0	0.0	0.0	0.0	0.0	0.0	0.003876	0.0	0.00489	0.0037083	0.0	0.0	0.0	0.0	0.0	0.0	0.0	0.0	
Milan royal	0.0020534	0.0111732	0.015625	0.0166667	0.0175439	0.0	0.0	0.0015	0.0015	0.0075758	0.0097087	0.0015	0.0027397	0.0051282	0.0017212	0.0014663	0.0	0.0072464	0.0	0.0	0.0	0.0	0.0	0.0	0.0	0.0	0.0	0.0	0.0114943	0.0	0.0102041	0.0015	0.0	0.0015	0.0015	0.0015	0.0077519	0.008547	0.00978	0.0012361	0.0015	0.0	0.0248447	0.0	0.0147059	0.0151515	0.0322581	0.0039841	
Milan noir	0.0102669	0.0223464	0.0015	0.0583333	0.0087719	0.0015	0.0015	0.0	0.0111111	0.0227273	0.0339806	0.027668	0.0465753	0.025641	0.0499139	0.0527859	0.0734908	0.0326087	0.0015	0.0181818	0.0321101	0.0053476	0.0	0.003937	0.0	0.0	0.0051546	0.0	0.0114943	0.045977	0.0357143	0.0594796	0.0232558	0.0113636	0.009434	0.0176678	0.0193798	0.008547	0.00978	0.0222497	0.0015	0.0076336	0.0248447	0.032967	0.0147059	0.030303	0.0322581	0.0119522	
Buse variable	0.2361396	0.2458101	0.234375	0.2333333	0.3157895	0.1772152	0.2296296	0.2374101	0.2888889	0.219697	0.2621359	0.1640316	0.1726027	0.1948718	0.1531842	0.1085044	0.1286089	0.1666667	0.0977444	0.1376623	0.1651376	0.1229947	0.1624365	0.1102362	0.1346154	0.1009174	0.1082474	0.1880734	0.1781609	0.1724138	0.1938776	0.1263941	0.122093	0.125	0.1650943	0.1201413	0.1046512	0.1923077	0.1418093	0.1161928	0.1719577	0.1717557	0.2236025	0.2747253	0.1911765	0.2272727	0.2903226	0.2669323	
Buse féroce	0.0	0.0015	0.0	0.0	0.0	0.0	0.0	0.0	0.0015	0.0	0.0	0.0019763	0.0027397	0.0	0.0	0.0	0.0	0.0072464	0.0	0.0	0.0	0.0	0.0101523	0.0	0.0	0.0	0.0	0.0	0.0	0.0	0.0	0.0	0.0	0.0056818	0.0	0.0	0.0	0.0	0.0	0.0015	0.0	0.0	0.0	0.0	0.0	0.0	0.0	0.0	
Buteo sp.	0.0	0.0	0.0	0.0	0.0	0.0	0.0	0.0	0.0	0.0	0.0	0.0	0.0	0.0	0.0	0.0015	0.0	0.0	0.0	0.0	0.0	0.0	0.0	0.0	0.0	0.0	0.0	0.0	0.0	0.0	0.0	0.0	0.0	0.0	0.0	0.0	0.0	0.0	0.0	0.0015	0.0	0.0	0.0	0.0	0.0	0.0	0.0	0.0	
rapace sp.	0.0020534	0.0	0.0	0.0	0.0087719	0.0	0.0074074	0.0	0.0	0.0	0.0	0.0019763	0.0	0.0	0.0	0.0014663	0.0	0.0015	0.0037594	0.0	0.0	0.0053476	0.0050761	0.003937	0.0	0.0	0.0	0.0	0.0	0.0	0.005102	0.0015	0.0	0.0170455	0.0	0.0	0.0077519	0.0042735	0.0015	0.0012361	0.0	0.0	0.0	0.0	0.0	0.0151515	0.0	0.0	
Effraie des clochers	0.0205339	0.0111732	0.0015	0.0015	0.0087719	0.0	0.0	0.0015	0.0111111	0.0015	0.0048544	0.0079051	0.0109589	0.0025641	0.0086059	0.0278592	0.007874	0.0072464	0.0037594	0.012987	0.0045872	0.0	0.0050761	0.0015	0.0336538	0.0183486	0.0051546	0.0321101	0.0114943	0.0114943	0.0357143	0.0483271	0.0116279	0.0056818	0.0141509	0.0070671	0.0015	0.0042735	0.0415648	0.0506799	0.0767196	0.0877863	0.0248447	0.0	0.0	0.0151515	0.0	0.0199203	
Petit-duc scops	0.0020534	0.0	0.0	0.0015	0.0015	0.0015	0.0148148	0.0015	0.0333333	0.030303	0.0194175	0.027668	0.0246575	0.0333333	0.0430293	0.0381232	0.0183727	0.0108696	0.0075188	0.0337662	0.0137615	0.0320856	0.0015	0.003937	0.0528846	0.0504587	0.0257732	0.0229358	0.0114943	0.0015	0.005102	0.0074349	0.0	0.0	0.0141509	0.0176678	0.0155039	0.0213675	0.00489	0.0111248	0.0079365	0.0076336	0.0062112	0.0	0.0	0.0151515	0.0322581	0.0039841	
Chevêche d'Athéna	0.0123203	0.0055866	0.0015	0.0015	0.0175439	0.0015	0.0015	0.0071942	0.0111111	0.0227273	0.0145631	0.013834	0.0054795	0.0051282	0.0137694	0.0014663	0.0052493	0.0072464	0.0015	0.0155844	0.0091743	0.0160428	0.0152284	0.011811	0.0336538	0.0550459	0.0515464	0.0275229	0.045977	0.0015	0.0204082	0.0074349	0.0348837	0.0056818	0.009434	0.0106007	0.0193798	0.025641	0.0015	0.0086527	0.005291	0.0	0.0	0.0	0.0015	0.0	0.0	0.0079681	
Chouette hulotte	0.0061602	0.0	0.0015	0.0083333	0.0015	0.0015	0.0	0.0015	0.0015	0.0	0.0	0.0019763	0.0027397	0.0102564	0.0017212	0.0014663	0.0052493	0.0036232	0.0015	0.0025974	0.0015	0.0053476	0.0015	0.003937	0.0096154	0.0275229	0.0154639	0.0091743	0.0	0.0015	0.0204082	0.0260223	0.005814	0.0015	0.0015	0.0015	0.0015	0.0042735	0.007335	0.0024722	0.0026455	0.0	0.0062112	0.010989	0.0015	0.0015	0.0	0.0039841	
Hibou moyen-duc	0.0	0.0	0.0015	0.0	0.0	0.0	0.0	0.0	0.0111111	0.0	0.0	0.0015	0.0	0.0	0.0	0.0	0.0015	0.0	0.0	0.012987	0.0	0.0	0.0050761	0.0015	0.0015	0.0045872	0.0051546	0.0091743	0.0057471	0.0015	0.0	0.0	0.0	0.0	0.0	0.0	0.0	0.0	0.002445	0.0024722	0.0	0.0	0.0	0.0	0.0015	0.0	0.0	0.0039841	
Hibou des marais	0.0	0.0	0.0	0.025	0.0087719	0.0	0.0	0.0	0.0	0.0075758	0.0015	0.0	0.0	0.0	0.0017212	0.0	0.0	0.0	0.0	0.0	0.0	0.0	0.0	0.0	0.0	0.0	0.0	0.0	0.0	0.0	0.0	0.0	0.0	0.0	0.0	0.0	0.0	0.008547	0.00978	0.0556242	0.031746	0.0305344	0.0124224	0.0	0.0	0.0015	0.0	0.0079681	
Huppe fasciée	0.0102669	0.027933	0.015625	0.0166667	0.0438596	0.0126582	0.0074074	0.0143885	0.0222222	0.0378788	0.1407767	0.1067194	0.1041096	0.1128205	0.1222031	0.1392962	0.1181102	0.0615942	0.0338346	0.0519481	0.0229358	0.0802139	0.0761421	0.0275591	0.0336538	0.0550459	0.0257732	0.0412844	0.0574713	0.045977	0.0561224	0.0334572	0.0523256	0.0568182	0.0518868	0.0176678	0.0193798	0.017094	0.0244499	0.0123609	0.031746	0.0076336	0.0062112	0.032967	0.0441176	0.0015	0.0322581	0.0039841	
Guêpier de Perse	0.0	0.0	0.0	0.0	0.0	0.0	0.0	0.0	0.0	0.0	0.0	0.0019763	0.0	0.0	0.0034423	0.0073314	0.0	0.0	0.0	0.0	0.0	0.0	0.0	0.0	0.0	0.0	0.0	0.0	0.0	0.0	0.0	0.0	0.0	0.0	0.0	0.0	0.0	0.0	0.0	0.0	0.0	0.0	0.0	0.0	0.0	0.0	0.0	0.0	
Guêpier d'Europe	0.0	0.0	0.0	0.0	0.0	0.0	0.0	0.0	0.0	0.0	0.0	0.0019763	0.0219178	0.0564103	0.2082616	0.4061584	0.3622047	0.1485507	0.1090226	0.0701299	0.0733945	0.1176471	0.071066	0.0629921	0.0817308	0.0779817	0.056701	0.087156	0.137931	0.0957854	0.1632653	0.1189591	0.1569767	0.2215909	0.1509434	0.0353357	0.0155039	0.0	0.0122249	0.0049444	0.0	0.0	0.0	0.0	0.0	0.0	0.0	0.0	
Martin-pêcheur d'Europe	0.0349076	0.027933	0.015625	0.0583333	0.0526316	0.0379747	0.0740741	0.0503597	0.0555556	0.0151515	0.038835	0.0177866	0.0109589	0.0	0.0017212	0.0	0.0015	0.0	0.0	0.0051948	0.0	0.0	0.0015	0.0	0.0096154	0.0045872	0.0051546	0.0137615	0.0287356	0.0268199	0.0867347	0.0408922	0.0465116	0.0568182	0.0896226	0.0671378	0.0697674	0.0683761	0.0684597	0.091471	0.1243386	0.0992366	0.0931677	0.0989011	0.0882353	0.1060606	0.0645161	0.063745	
Rollier d'Europe	0.0	0.0	0.0	0.0	0.0	0.0	0.0	0.0	0.0	0.0	0.0	0.0	0.0027397	0.0051282	0.0137694	0.0469208	0.0367454	0.0072464	0.0075188	0.012987	0.0045872	0.0106952	0.0050761	0.0015	0.0048077	0.0015	0.0	0.0045872	0.0015	0.0076628	0.0102041	0.0111524	0.0	0.0	0.004717	0.0015	0.0	0.0015	0.0	0.0015	0.0	0.0	0.0	0.0	0.0	0.0	0.0	0.0	
Torcol fourmilier	0.0020534	0.0	0.0	0.0	0.0015	0.0	0.0	0.0015	0.0	0.0015	0.0015	0.0197628	0.0493151	0.0230769	0.0275387	0.0410557	0.023622	0.0036232	0.0	0.0	0.0	0.0	0.0	0.0	0.0	0.0	0.0	0.0	0.0	0.0	0.0	0.0037175	0.005814	0.0	0.0	0.0035336	0.0077519	0.0042735	0.0220049	0.0074166	0.021164	0.0152672	0.0	0.0	0.0	0.0	0.0	0.0039841	
Pic épeiche	0.0061602	0.0055866	0.0	0.0166667	0.0087719	0.0506329	0.0222222	0.0015	0.0222222	0.0075758	0.0485437	0.0256917	0.0246575	0.0153846	0.0292599	0.0102639	0.0104987	0.0253623	0.0075188	0.0155844	0.0183486	0.0588235	0.0152284	0.015748	0.0240385	0.0045872	0.0015	0.0045872	0.0172414	0.0153257	0.0153061	0.0074349	0.0	0.0170455	0.0283019	0.0212014	0.0232558	0.0213675	0.00489	0.0037083	0.005291	0.019084	0.0434783	0.032967	0.0147059	0.030303	0.0015	0.0199203	
Dendrocopos sp.	0.0	0.0	0.0	0.0	0.0	0.0	0.0	0.0	0.0	0.0	0.0	0.0019763	0.0	0.0	0.0	0.0	0.0	0.0	0.0	0.0	0.0	0.0	0.0	0.0	0.0	0.0	0.0	0.0	0.0	0.0	0.0	0.0	0.0	0.0	0.0	0.0	0.0	0.0	0.0	0.0	0.0	0.0	0.0	0.0	0.0	0.0	0.0	0.0	
Faucon crécerellette	0.0	0.0	0.0	0.0	0.0	0.0	0.0	0.0071942	0.0444444	0.0151515	0.0291262	0.0256917	0.0383562	0.0230769	0.0309811	0.0674487	0.0367454	0.0398551	0.018797	0.0077922	0.0	0.0160428	0.0101523	0.0015	0.0048077	0.0091743	0.0154639	0.0	0.0114943	0.0268199	0.0102041	0.0260223	0.0116279	0.0056818	0.004717	0.0070671	0.0	0.017094	0.0317848	0.0098888	0.0	0.0	0.0	0.0	0.0	0.0	0.0	0.0	
Faucon crécerelle	0.2669405	0.273743	0.25	0.2666667	0.2982456	0.1898734	0.2	0.1942446	0.2888889	0.2045455	0.3203883	0.229249	0.2876712	0.2205128	0.2667814	0.3387097	0.3228346	0.1557971	0.1390977	0.1844156	0.1513761	0.1229947	0.142132	0.1299213	0.1778846	0.1284404	0.1185567	0.1330275	0.1264368	0.1570881	0.1632653	0.133829	0.1686047	0.1761364	0.1839623	0.2261484	0.1860465	0.2863248	0.4376528	0.4882571	0.494709	0.370229	0.310559	0.2197802	0.3235294	0.1818182	0.0967742	0.2549801	
Faucon crécerellette ou F. crécerelle	0.0	0.0	0.0	0.0166667	0.0	0.0	0.0	0.0	0.0	0.0	0.0145631	0.0019763	0.0027397	0.0076923	0.0051635	0.0073314	0.0026247	0.0	0.0	0.0025974	0.0	0.0053476	0.0203046	0.0	0.0	0.0	0.0	0.0137615	0.0	0.0015	0.0	0.0037175	0.0	0.0056818	0.009434	0.0176678	0.0116279	0.0042735	0.00489	0.0049444	0.0	0.0	0.0	0.0	0.0	0.0	0.0	0.0	
Faucon kobez	0.0	0.0	0.0	0.0	0.0	0.0	0.0	0.0	0.0	0.0	0.0	0.0	0.0	0.0051282	0.020654	0.0762463	0.0918635	0.0471014	0.0037594	0.0025974	0.0	0.0	0.0	0.0	0.0	0.0015	0.0	0.0	0.0	0.0	0.0	0.0	0.0	0.0	0.0	0.0	0.0	0.0128205	0.0146699	0.0086527	0.010582	0.0	0.0	0.0	0.0	0.0	0.0	0.0	
Faucon d'Éléonore	0.0	0.0	0.0	0.0	0.0	0.0	0.0015	0.0	0.0	0.0	0.0	0.0	0.0	0.0	0.0223752	0.0938416	0.0629921	0.0253623	0.018797	0.0103896	0.0045872	0.0015	0.0203046	0.0015	0.0048077	0.0045872	0.0103093	0.0091743	0.0057471	0.0114943	0.0102041	0.0148699	0.0232558	0.0113636	0.0141509	0.0141343	0.0736434	0.0512821	0.1882641	0.1644005	0.1137566	0.0152672	0.0	0.0	0.0	0.0	0.0	0.0	
Faucon émerillon	0.0061602	0.0055866	0.015625	0.0166667	0.0175439	0.0	0.0015	0.0071942	0.0111111	0.0075758	0.0	0.0019763	0.0082192	0.0051282	0.0017212	0.0029326	0.0026247	0.0	0.0	0.0025974	0.0	0.0	0.0	0.0	0.0	0.0	0.0	0.0	0.0	0.0	0.0	0.0	0.005814	0.0	0.004717	0.0035336	0.003876	0.017094	0.1173594	0.0852905	0.0925926	0.0458015	0.0062112	0.021978	0.0015	0.0151515	0.0015	0.0079681	
Faucon hobereau	0.0	0.0	0.0	0.0	0.0	0.0	0.0	0.0	0.0	0.0	0.0	0.0019763	0.0164384	0.0205128	0.0567986	0.068915	0.0551181	0.0362319	0.0150376	0.0077922	0.0015	0.0	0.0101523	0.003937	0.0048077	0.0045872	0.0	0.0	0.0057471	0.0015	0.0153061	0.0037175	0.005814	0.0056818	0.0141509	0.0035336	0.0077519	0.0213675	0.0586797	0.0160692	0.0079365	0.0	0.0	0.0	0.0	0.0	0.0	0.0	
Faucon lanier	0.0015	0.0	0.0	0.0	0.0	0.0	0.0	0.0	0.0	0.0	0.0	0.0	0.0	0.0025641	0.0017212	0.0	0.0	0.0036232	0.0037594	0.0	0.0	0.0	0.0	0.0	0.0	0.0	0.0	0.0	0.0	0.0	0.005102	0.0037175	0.0	0.0	0.0	0.0	0.0	0.008547	0.0015	0.0015	0.0	0.0	0.0	0.0	0.0	0.0	0.0	0.0079681	
Faucon sacre	0.0	0.0	0.0	0.0083333	0.0087719	0.0	0.0	0.0	0.0	0.0	0.0	0.0	0.0	0.0	0.0	0.0	0.0	0.0	0.0	0.0	0.0	0.0	0.0	0.0	0.0	0.0	0.0	0.0	0.0	0.0	0.0	0.0	0.0	0.0	0.0	0.0	0.0	0.0	0.0171149	0.0086527	0.015873	0.0	0.0	0.0	0.0	0.0	0.0	0.0	
Faucon pèlerin	0.0349076	0.0558659	0.078125	0.05	0.0701754	0.0126582	0.0592593	0.0215827	0.0444444	0.0681818	0.0533981	0.0316206	0.0767123	0.0641026	0.0688468	0.101173	0.1391076	0.0471014	0.0150376	0.0545455	0.059633	0.0427807	0.035533	0.023622	0.0480769	0.0275229	0.0257732	0.0183486	0.0229885	0.0383142	0.0357143	0.0446097	0.0174419	0.0511364	0.0566038	0.0318021	0.0193798	0.0897436	0.2151589	0.2793572	0.2301587	0.1679389	0.136646	0.0659341	0.0735294	0.0909091	0.0015	0.0358566	
petit faucon sp.	0.0	0.0	0.0	0.0	0.0	0.0	0.0	0.0	0.0	0.0	0.0	0.0	0.0	0.0	0.0	0.0	0.0	0.0	0.0	0.0	0.0	0.0	0.0	0.0	0.0	0.0	0.0	0.0	0.0	0.0	0.0	0.0	0.0	0.0	0.0	0.0	0.0	0.0	0.002445	0.0	0.0	0.0	0.0	0.0	0.0	0.0	0.0	0.0	
Falco sp.	0.0020534	0.0	0.0	0.0	0.0	0.0126582	0.0	0.0	0.0111111	0.0	0.0048544	0.0039526	0.0027397	0.0025641	0.0	0.0	0.0	0.0015	0.0	0.0015	0.0045872	0.0	0.0	0.0015	0.0048077	0.0	0.0	0.0045872	0.0	0.0	0.005102	0.0	0.0	0.0056818	0.004717	0.0035336	0.003876	0.0	0.0122249	0.0049444	0.0015	0.0038168	0.0	0.0	0.0	0.0	0.0322581	0.0	
rapace diurne sp.	0.0	0.0	0.0	0.0	0.0	0.0	0.0	0.0	0.0	0.0	0.0	0.0	0.0	0.0	0.0	0.0	0.0	0.0	0.0	0.0	0.0	0.0	0.0	0.0	0.0	0.0	0.0	0.0	0.0	0.0	0.0	0.0	0.0	0.0	0.004717	0.0	0.0	0.0	0.0	0.0	0.0	0.0	0.0	0.0	0.0	0.0	0.0	0.0	
Calopsitte élégante	0.0	0.0	0.0	0.0	0.0	0.0	0.0	0.0	0.0	0.0	0.0	0.0	0.0	0.0	0.0	0.0	0.0	0.0	0.0	0.0	0.0	0.0	0.0	0.0	0.0	0.0	0.0	0.0	0.0	0.0	0.0	0.0	0.0	0.0	0.0	0.0	0.0	0.0015	0.0	0.0	0.0	0.0	0.0	0.0	0.0	0.0	0.0	0.0	
Perruche à collier	0.0123203	0.0111732	0.0015	0.075	0.0350877	0.0253165	0.0444444	0.0431655	0.0555556	0.0378788	0.0436893	0.027668	0.030137	0.0153846	0.0017212	0.0087977	0.0183727	0.0326087	0.0300752	0.038961	0.0412844	0.0213904	0.0050761	0.015748	0.0288462	0.0183486	0.0257732	0.0229358	0.0172414	0.0015	0.0306122	0.0111524	0.005814	0.0227273	0.0141509	0.0424028	0.0232558	0.025641	0.0195599	0.0160692	0.010582	0.0076336	0.0434783	0.021978	0.0294118	0.0	0.0015	0.0159363	
Inséparable de Fischer	0.0	0.0	0.0	0.0	0.0	0.0	0.0	0.0	0.0	0.0	0.0	0.0	0.0015	0.0	0.0	0.0	0.0	0.0	0.0	0.0	0.0	0.0	0.0	0.0	0.0	0.0	0.0	0.0	0.0	0.0	0.0	0.0	0.0	0.0	0.0	0.0	0.0	0.0	0.0	0.0	0.0	0.0	0.0	0.0	0.0	0.0	0.0	0.0	
Perriche veuve	0.0020534	0.0	0.0	0.0	0.0	0.0	0.0074074	0.0	0.0	0.0	0.0	0.0	0.0027397	0.0	0.0	0.0	0.0	0.0036232	0.0	0.0	0.0	0.0	0.0015	0.0015	0.0	0.0045872	0.0103093	0.0	0.0	0.0015	0.0	0.0	0.0	0.0015	0.0	0.0	0.0	0.0	0.002445	0.0	0.0	0.0015	0.0	0.0	0.0	0.0	0.0	0.0	
Viréo à œil rouge	0.0	0.0	0.0	0.0	0.0	0.0	0.0	0.0	0.0	0.0	0.0	0.0	0.0	0.0	0.0	0.0	0.0	0.0	0.0	0.0	0.0	0.0	0.0	0.0	0.0	0.0	0.0	0.0	0.0	0.0	0.0	0.0	0.0	0.0	0.0	0.0	0.0	0.0	0.0	0.0086527	0.0	0.0	0.0	0.0	0.0	0.0	0.0	0.0	
Loriot d'Europe	0.0	0.0	0.0	0.0	0.0	0.0	0.0	0.0	0.0	0.0	0.0	0.0	0.0027397	0.0179487	0.060241	0.2331378	0.2887139	0.0688406	0.0526316	0.0493506	0.0275229	0.0374332	0.0101523	0.003937	0.0048077	0.0091743	0.0257732	0.0091743	0.0057471	0.0153257	0.005102	0.0148699	0.0174419	0.0	0.0	0.0106007	0.0	0.0	0.0	0.0	0.0	0.0	0.0	0.0	0.0	0.0	0.0	0.0	
Pie-grièche écorcheur	0.0	0.0	0.0	0.0	0.0	0.0	0.0	0.0	0.0	0.0	0.0	0.0	0.0	0.0	0.0017212	0.0014663	0.007874	0.0108696	0.0015	0.0051948	0.0015	0.0	0.0050761	0.0015	0.0015	0.0015	0.0	0.0	0.0	0.0015	0.0	0.0037175	0.0	0.0113636	0.009434	0.0015	0.0	0.0	0.0146699	0.0061805	0.015873	0.0	0.0	0.0	0.0	0.0	0.0	0.0	
Pie-grièche du Turkestan	0.0	0.0	0.0	0.0	0.0	0.0	0.0	0.0	0.0	0.0	0.0	0.0	0.0	0.0	0.0	0.0	0.0	0.0	0.0015	0.0	0.0	0.0	0.0	0.0	0.0	0.0	0.0	0.0	0.0	0.0	0.0	0.0	0.0	0.0	0.0	0.0	0.0	0.0	0.0	0.0	0.0	0.0	0.0	0.0	0.0	0.0	0.0	0.0	
Pie-grièche isabelle	0.0	0.0	0.0	0.0	0.0015	0.0	0.0	0.0071942	0.0	0.0015	0.0	0.0	0.0	0.0	0.0	0.0	0.0	0.0	0.0	0.0	0.0	0.0	0.0	0.0	0.0	0.0	0.0	0.0	0.0	0.0	0.0	0.0	0.0	0.0	0.0	0.0	0.0	0.0	0.0	0.0	0.0	0.0	0.0	0.0	0.0	0.0	0.0	0.0	
Pie-grièche grise	0.0020534	0.0111732	0.0	0.0083333	0.0	0.0	0.0	0.0071942	0.0111111	0.0	0.0	0.0	0.0	0.0	0.0	0.0	0.0	0.0	0.0	0.0	0.0	0.0	0.0	0.0	0.0	0.0	0.0	0.0	0.0	0.0	0.0	0.0	0.0	0.0	0.0	0.0035336	0.0015	0.0015	0.0015	0.0160692	0.0291005	0.019084	0.0	0.0	0.0	0.0	0.0	0.0	
Pie-grièche à poitrine rose	0.0	0.0	0.0	0.0	0.0	0.0	0.0	0.0	0.0	0.0	0.0	0.0	0.0	0.0	0.0	0.0	0.0026247	0.0	0.0	0.0	0.0	0.0	0.0	0.0	0.0096154	0.0	0.0	0.0	0.0015	0.0	0.0	0.0	0.0	0.0	0.0	0.0	0.0	0.0	0.0	0.0	0.0	0.0	0.0	0.0	0.0	0.0	0.0	0.0	
Pie-grièche à tête rousse	0.0	0.0	0.0	0.0	0.0	0.0	0.0	0.0	0.0	0.0	0.0097087	0.0118577	0.0684932	0.0846154	0.1135972	0.2258065	0.2020997	0.0326087	0.0150376	0.0207792	0.0015	0.0053476	0.0152284	0.0015	0.0015	0.0015	0.0206186	0.0015	0.0114943	0.0229885	0.0102041	0.0185874	0.005814	0.0056818	0.0	0.0035336	0.0	0.0042735	0.002445	0.0024722	0.0	0.0	0.0	0.0	0.0	0.0	0.0	0.0	
Geai des chênes	0.0616016	0.0391061	0.03125	0.1	0.0789474	0.1012658	0.0740741	0.1223022	0.0444444	0.1136364	0.1359223	0.1086957	0.0794521	0.1205128	0.1222031	0.0879765	0.0971129	0.115942	0.1203008	0.1324675	0.1146789	0.1283422	0.106599	0.0944882	0.1201923	0.0733945	0.0927835	0.0779817	0.0977011	0.137931	0.1326531	0.0855019	0.0872093	0.0738636	0.0896226	0.0918728	0.0852713	0.1282051	0.0415648	0.0840544	0.0899471	0.0954198	0.136646	0.1098901	0.1470588	0.1666667	0.0645161	0.0916335	
Pie bavarde	0.1950719	0.1843575	0.3125	0.3583333	0.4649123	0.443038	0.3851852	0.3381295	0.4111111	0.3939394	0.4271845	0.312253	0.2712329	0.3358974	0.2857143	0.2258065	0.2545932	0.3152174	0.4022556	0.3506494	0.293578	0.3262032	0.3096447	0.3031496	0.2548077	0.1834862	0.2010309	0.2110092	0.2758621	0.2452107	0.2806122	0.2490706	0.2790698	0.3863636	0.3443396	0.3427562	0.3682171	0.3461538	0.2200489	0.2138443	0.2962963	0.3625954	0.3850932	0.4505495	0.3382353	0.1515152	0.0967742	0.2868526	
Crave à bec rouge	0.0	0.0	0.0	0.0083333	0.0087719	0.0	0.0	0.0	0.0	0.0	0.0048544	0.0059289	0.0015	0.0025641	0.0068847	0.0014663	0.0052493	0.0072464	0.0	0.0077922	0.0045872	0.0053476	0.0050761	0.007874	0.0048077	0.0045872	0.0	0.0	0.0	0.0	0.0	0.0015	0.0	0.0	0.004717	0.0035336	0.0	0.0015	0.00489	0.0012361	0.0	0.0038168	0.0124224	0.0	0.0	0.0015	0.0015	0.0039841	
Choucas des tours	0.0718686	0.1005587	0.0625	0.1583333	0.1403509	0.1139241	0.1333333	0.0647482	0.1111111	0.1212121	0.131068	0.0988142	0.0767123	0.1128205	0.0671256	0.0513196	0.0393701	0.0688406	0.1390977	0.1246753	0.1009174	0.1122995	0.1472081	0.1181102	0.0480769	0.059633	0.0515464	0.0321101	0.0229885	0.0344828	0.0816327	0.0743494	0.1395349	0.0738636	0.0707547	0.0954064	0.0813953	0.0854701	0.0635697	0.0580964	0.0714286	0.0648855	0.1677019	0.1208791	0.0882353	0.0606061	0.0645161	0.0956175	
Corneille mantelée	0.110883	0.1340782	0.203125	0.2833333	0.245614	0.278481	0.2222222	0.3093525	0.2666667	0.2045455	0.3106796	0.2529644	0.2465753	0.2692308	0.2633391	0.1832845	0.3149606	0.2644928	0.2481203	0.2935065	0.3027523	0.2780749	0.1928934	0.1889764	0.2163462	0.1100917	0.1752577	0.1834862	0.1436782	0.183908	0.1632653	0.1226766	0.1627907	0.2102273	0.2122642	0.2261484	0.1937984	0.2179487	0.1833741	0.1730532	0.1693122	0.2251908	0.3229814	0.3186813	0.2205882	0.1666667	0.0967742	0.1713147	
Corbeau pie	0.0	0.0	0.0	0.0	0.0	0.0	0.0	0.0	0.0	0.0	0.0	0.0	0.0	0.0	0.0	0.0	0.0	0.0	0.0	0.0015	0.0	0.0	0.0	0.0	0.0	0.0	0.0	0.0	0.0	0.0	0.0	0.0	0.0	0.0	0.0	0.0	0.0	0.0	0.0	0.0	0.0	0.0	0.0	0.0	0.0	0.0	0.0	0.0	
Corbeau brun	0.0	0.0	0.0	0.0	0.0	0.0	0.0	0.0	0.0	0.0	0.0	0.0	0.0	0.0	0.0017212	0.0015	0.0	0.0	0.0	0.0	0.0	0.0	0.0	0.0	0.0	0.0	0.0015	0.0	0.0	0.0	0.0	0.0	0.0	0.0	0.0	0.0	0.0	0.0	0.0	0.0	0.0	0.0	0.0	0.0	0.0	0.0	0.0	0.0	
corneille sp.	0.0	0.0055866	0.015625	0.0	0.0087719	0.0126582	0.0	0.0	0.0	0.0	0.0048544	0.0039526	0.0054795	0.0	0.0	0.0	0.0	0.0	0.0	0.0	0.0	0.0053476	0.0050761	0.0	0.0	0.0	0.0	0.0	0.0	0.0	0.0	0.0	0.0	0.0	0.004717	0.0	0.0	0.0042735	0.0	0.0	0.0	0.0	0.0	0.0	0.0	0.0	0.0	0.0039841	
Grand Corbeau	0.0349076	0.0782123	0.109375	0.1333333	0.0964912	0.0632911	0.0666667	0.0503597	0.1666667	0.0530303	0.1456311	0.0711462	0.0712329	0.1	0.0654045	0.0747801	0.1417323	0.1014493	0.056391	0.1012987	0.0733945	0.1016043	0.0456853	0.0354331	0.0480769	0.0412844	0.0206186	0.0366972	0.0862069	0.0536398	0.0459184	0.0594796	0.0581395	0.0454545	0.0660377	0.0459364	0.0310078	0.1410256	0.0855746	0.0741656	0.0582011	0.0419847	0.1242236	0.1098901	0.0735294	0.0909091	0.0967742	0.0876494	
Mésange noire	0.0041068	0.0111732	0.0015	0.0083333	0.0175439	0.0253165	0.0296296	0.0071942	0.0333333	0.0378788	0.0679612	0.041502	0.0383562	0.0282051	0.0430293	0.0146628	0.015748	0.0543478	0.0225564	0.0467532	0.0733945	0.0748663	0.0101523	0.011811	0.0432692	0.0366972	0.0206186	0.0091743	0.0172414	0.0038314	0.0153061	0.0185874	0.0232558	0.0170455	0.0235849	0.0282686	0.0116279	0.0213675	0.00978	0.013597	0.021164	0.0152672	0.0434783	0.0549451	0.0147059	0.030303	0.0015	0.0278884	
Mésange nonnette	0.0	0.0	0.0	0.0	0.0	0.0	0.0074074	0.0	0.0	0.0	0.0	0.0	0.0027397	0.0	0.0015	0.0014663	0.0	0.0	0.0	0.0051948	0.0	0.0	0.0	0.0015	0.0	0.0	0.0	0.0	0.0	0.0076628	0.0	0.0	0.0	0.0	0.0	0.0	0.0015	0.0	0.0	0.0	0.0	0.0	0.0	0.010989	0.0	0.0	0.0015	0.0	
Mésange bleue	0.0451745	0.0558659	0.09375	0.1083333	0.0877193	0.1392405	0.1925926	0.057554	0.1555556	0.1363636	0.1699029	0.1383399	0.1479452	0.1974359	0.1600688	0.0718475	0.0944882	0.1376812	0.1729323	0.161039	0.1284404	0.144385	0.0659898	0.0629921	0.0865385	0.0275229	0.0721649	0.0458716	0.0977011	0.0344828	0.0612245	0.1040892	0.0930233	0.1022727	0.1132075	0.0989399	0.1356589	0.1623932	0.1198044	0.0729295	0.0846561	0.0877863	0.1304348	0.1758242	0.0882353	0.1060606	0.0322581	0.0956175	
Mésange nord-africaine	0.0	0.0	0.0	0.0	0.0	0.0	0.0	0.0	0.0	0.0	0.0	0.0	0.0027397	0.0	0.0	0.0	0.0	0.0	0.0	0.0103896	0.0137615	0.0	0.0152284	0.0	0.0	0.0045872	0.0	0.0	0.0	0.0114943	0.005102	0.0	0.0	0.0227273	0.009434	0.0035336	0.0015	0.008547	0.002445	0.0024722	0.0	0.0	0.0	0.0	0.0	0.0151515	0.0	0.0	
Mésange charbonnière	0.0882957	0.0949721	0.125	0.1916667	0.2105263	0.1518987	0.2666667	0.2446043	0.3111111	0.3181818	0.3009709	0.2529644	0.2273973	0.3102564	0.222031	0.1730205	0.183727	0.2282609	0.2293233	0.2077922	0.1697248	0.1657754	0.106599	0.0669291	0.1153846	0.087156	0.0721649	0.0550459	0.1206897	0.0766284	0.1071429	0.0855019	0.0872093	0.1079545	0.1886792	0.180212	0.1860465	0.1965812	0.1051345	0.1013597	0.1507937	0.1641221	0.1925466	0.2307692	0.1176471	0.1666667	0.0967742	0.1394422	
Rémiz penduline	0.0015	0.0167598	0.0	0.0083333	0.0175439	0.0	0.0148148	0.028777	0.0015	0.0015	0.0048544	0.0015	0.0027397	0.0	0.0034423	0.0014663	0.0	0.0015	0.0037594	0.0077922	0.0137615	0.0015	0.0050761	0.007874	0.0240385	0.0091743	0.0051546	0.0137615	0.0287356	0.0306513	0.0357143	0.0074349	0.005814	0.0056818	0.0141509	0.0070671	0.003876	0.0128205	0.002445	0.0	0.0015	0.0038168	0.0	0.010989	0.0147059	0.0151515	0.0015	0.0199203	
Ammomane élégante	0.0	0.0	0.0	0.0	0.0	0.0	0.0	0.0	0.0	0.0	0.0	0.0	0.0	0.0	0.0051635	0.0	0.0	0.0	0.0	0.0	0.0	0.0	0.0	0.0	0.0	0.0	0.0	0.0	0.0	0.0	0.0	0.0	0.0	0.0	0.0	0.0	0.0	0.0	0.0	0.0	0.010582	0.0	0.0	0.0	0.0	0.0	0.0	0.0	
Alouette lulu	0.0020534	0.0	0.0	0.0	0.0087719	0.0	0.0015	0.0215827	0.0333333	0.0151515	0.0436893	0.0177866	0.0164384	0.025641	0.0327022	0.016129	0.0131234	0.0326087	0.0300752	0.0519481	0.0412844	0.0427807	0.0015	0.011811	0.0144231	0.0091743	0.0206186	0.0045872	0.0	0.0038314	0.0102041	0.0037175	0.005814	0.0056818	0.0283019	0.0353357	0.0271318	0.0128205	0.0122249	0.0049444	0.0015	0.0015	0.0	0.032967	0.0	0.0	0.0	0.0039841	
Alouette des champs	0.0225873	0.0502793	0.015625	0.05	0.0526316	0.0126582	0.0222222	0.0359712	0.0777778	0.0151515	0.0291262	0.0158103	0.0054795	0.0025641	0.0240964	0.0073314	0.007874	0.0108696	0.0	0.0025974	0.0	0.0	0.0	0.0	0.0	0.0	0.0	0.0	0.0	0.0	0.0	0.0015	0.0	0.0	0.004717	0.0070671	0.0077519	0.0769231	0.2738386	0.4140915	0.3941799	0.2938931	0.1677019	0.0659341	0.1323529	0.0606061	0.0322581	0.0438247	
Cochevis huppé	0.073922	0.1061453	0.046875	0.1583333	0.0964912	0.1012658	0.0740741	0.1079137	0.0888889	0.1287879	0.1407767	0.1225296	0.1068493	0.1615385	0.1204819	0.0747801	0.1312336	0.1268116	0.1804511	0.1506494	0.1100917	0.1764706	0.1269036	0.1023622	0.0769231	0.0825688	0.0773196	0.1009174	0.1091954	0.091954	0.0918367	0.0892193	0.122093	0.0738636	0.1037736	0.130742	0.1356589	0.1752137	0.0611247	0.0729295	0.1296296	0.0839695	0.1304348	0.1208791	0.1764706	0.0606061	0.0645161	0.0996016	
Alouette haussecol	0.0	0.0	0.0	0.0	0.0	0.0	0.0	0.0	0.0	0.0	0.0	0.0	0.0	0.0	0.0	0.0043988	0.0	0.0	0.0	0.0	0.0	0.0	0.0	0.0	0.0	0.0	0.0	0.0	0.0	0.0	0.0	0.0	0.0	0.0	0.0	0.0	0.0	0.0	0.0	0.0	0.0	0.0	0.0	0.0	0.0	0.0	0.0	0.0	
Alouette calandrelle	0.0	0.0	0.0	0.0	0.0	0.0	0.0	0.0	0.0	0.0	0.0097087	0.0237154	0.0630137	0.0205128	0.0550775	0.1466276	0.0997375	0.0289855	0.0037594	0.0077922	0.0183486	0.0015	0.0050761	0.003937	0.0015	0.0	0.0	0.0	0.0	0.0	0.0	0.0	0.0	0.0113636	0.004717	0.0	0.0	0.0	0.0146699	0.0210136	0.0	0.0038168	0.0	0.0	0.0	0.0	0.0	0.0	
Alouette calandre	0.0	0.0	0.0015	0.0	0.0	0.0015	0.0	0.0	0.0111111	0.0075758	0.0	0.0015	0.0015	0.0	0.0034423	0.0014663	0.0	0.0015	0.0037594	0.0	0.0015	0.0053476	0.0015	0.0	0.0015	0.0	0.0	0.0045872	0.0	0.0	0.005102	0.0037175	0.0	0.0	0.0	0.0	0.0	0.0	0.002445	0.0111248	0.0	0.0038168	0.0062112	0.0	0.0	0.0	0.0	0.0	
Alouette pispolette	0.0	0.0	0.0	0.0	0.0	0.0	0.0	0.0	0.0	0.0	0.0	0.0015	0.0	0.0015	0.0	0.0014663	0.0	0.0	0.0	0.0	0.0	0.0	0.0	0.0	0.0	0.0	0.0	0.0	0.0	0.0	0.0	0.0	0.0	0.0	0.0	0.0	0.0	0.0	0.0	0.0	0.0	0.0	0.0	0.0	0.0	0.0	0.0	0.0	
alaudidé sp.	0.0	0.0	0.0	0.0	0.0	0.0126582	0.0	0.0	0.0	0.0075758	0.0048544	0.0	0.0027397	0.0025641	0.0	0.0	0.0	0.0036232	0.0	0.0	0.0	0.0	0.0	0.0	0.0	0.0	0.0	0.0	0.0	0.0038314	0.0	0.0	0.0	0.0113636	0.0	0.0	0.0	0.0042735	0.0	0.0	0.0	0.0	0.0	0.0	0.0	0.0	0.0	0.0	
Cisticole des joncs	0.0800821	0.0670391	0.078125	0.175	0.1403509	0.0886076	0.1185185	0.1294964	0.1444444	0.1818182	0.1456311	0.1818182	0.1726027	0.2307692	0.1910499	0.1539589	0.144357	0.1521739	0.2180451	0.2025974	0.1834862	0.1925134	0.2081218	0.1377953	0.1730769	0.1238532	0.1030928	0.1651376	0.1034483	0.1724138	0.1632653	0.1226766	0.1744186	0.1193182	0.1367925	0.130742	0.0852713	0.1196581	0.0977995	0.1161928	0.1481481	0.1145038	0.1490683	0.0879121	0.1176471	0.0757576	0.0645161	0.0996016	
Hypolaïs pâle	0.0	0.0	0.0	0.0	0.0	0.0	0.0	0.0	0.0	0.0	0.0	0.0	0.0	0.0	0.0	0.0	0.0	0.0	0.0	0.0051948	0.0	0.0053476	0.0	0.0	0.0	0.0	0.0	0.0	0.0	0.0	0.0	0.0	0.0	0.0	0.0	0.0	0.0	0.0	0.0	0.0	0.0	0.0	0.0	0.0	0.0	0.0	0.0	0.0	
Hypolaïs obscure	0.0	0.0	0.0	0.0	0.0	0.0	0.0	0.0	0.0	0.0	0.0	0.0	0.0	0.0	0.0	0.0014663	0.007874	0.0036232	0.0	0.0025974	0.0	0.0	0.0	0.0	0.0	0.0	0.0	0.0	0.0	0.0	0.0	0.0	0.0	0.0	0.0	0.0	0.0	0.0	0.0	0.0	0.0	0.0	0.0	0.0	0.0	0.0	0.0	0.0	
Hypolaïs polyglotte	0.0	0.0	0.0	0.0	0.0	0.0	0.0	0.0	0.0	0.0	0.0	0.0	0.0	0.0	0.0	0.0	0.0	0.0072464	0.0	0.0	0.0	0.0	0.0	0.0	0.0	0.0	0.0	0.0	0.0	0.0	0.0	0.0	0.0	0.0	0.0	0.0	0.0	0.0	0.0	0.0	0.0	0.0	0.0	0.0	0.0	0.0	0.0	0.0	
Hypolaïs ictérine	0.0	0.0	0.0	0.0	0.0	0.0	0.0	0.0	0.0	0.0	0.0	0.0	0.0	0.0	0.0051635	0.085044	0.144357	0.0471014	0.0451128	0.0155844	0.0	0.0	0.0	0.0	0.0	0.0	0.0	0.0	0.0	0.0038314	0.0	0.0	0.0015	0.0056818	0.004717	0.0	0.003876	0.0	0.007335	0.0012361	0.0	0.0	0.0	0.0	0.0	0.0	0.0	0.0	
Hypolaïs polyglotte ou H. ictérine	0.0	0.0	0.0	0.0	0.0	0.0	0.0	0.0	0.0	0.0	0.0	0.0	0.0	0.0	0.0	0.0	0.0	0.0036232	0.0037594	0.0	0.0	0.0	0.0	0.003937	0.0	0.0	0.0	0.0	0.0	0.0	0.0	0.0	0.0	0.0	0.004717	0.0	0.0	0.0	0.0	0.0	0.0	0.0	0.0	0.0	0.0	0.0	0.0	0.0	
Lusciniole à moustaches	0.0020534	0.0	0.0	0.0083333	0.0087719	0.0	0.0074074	0.0143885	0.0	0.0	0.0	0.0	0.0	0.0	0.0015	0.0	0.0	0.0	0.0	0.0	0.0	0.0	0.0	0.0	0.0	0.0	0.0	0.0	0.0	0.0	0.0	0.0	0.0	0.0	0.0	0.0	0.0	0.0	0.0015	0.0	0.0026455	0.0038168	0.0062112	0.0	0.0015	0.0	0.0015	0.0039841	
Phragmite des joncs	0.0	0.0	0.0	0.0	0.0	0.0	0.0	0.0	0.0	0.0151515	0.0339806	0.027668	0.030137	0.0230769	0.020654	0.0835777	0.0682415	0.0362319	0.0263158	0.0077922	0.0	0.0	0.0	0.0	0.0	0.0	0.0	0.0	0.0	0.0	0.0	0.0	0.0116279	0.0113636	0.0	0.0035336	0.0	0.008547	0.00489	0.0098888	0.0	0.0	0.0	0.0	0.0	0.0	0.0	0.0	
Rousserolle isabelle	0.0	0.0	0.0	0.0	0.0	0.0	0.0	0.0	0.0	0.0	0.0	0.0	0.0	0.0	0.0	0.0	0.0	0.0	0.0	0.0	0.0	0.0	0.0	0.0	0.0	0.0	0.0	0.0	0.0	0.0	0.0	0.0	0.0	0.0	0.0	0.0	0.0	0.0	0.0	0.0015	0.0	0.0	0.0	0.0	0.0	0.0	0.0	0.0	
Rousserolle effarvatte	0.0	0.0	0.0	0.0	0.0	0.0015	0.0	0.0	0.0	0.0	0.0097087	0.0039526	0.0164384	0.0538462	0.0413081	0.0571848	0.1207349	0.0507246	0.0488722	0.0519481	0.0366972	0.0320856	0.0456853	0.0472441	0.0480769	0.0321101	0.0206186	0.0366972	0.0517241	0.0536398	0.0867347	0.0148699	0.0	0.0284091	0.0330189	0.024735	0.0	0.008547	0.00489	0.0098888	0.0132275	0.0	0.0	0.0	0.0	0.0	0.0	0.0	
Rousserolle verderolle ou R. effarvatte	0.0	0.0	0.0	0.0	0.0	0.0	0.0	0.0	0.0	0.0	0.0	0.0	0.0	0.0	0.0	0.0	0.0	0.0	0.0	0.0	0.0	0.0	0.0	0.0	0.0	0.0	0.0	0.0	0.0	0.0	0.0	0.0	0.0	0.0	0.0	0.0	0.0	0.0	0.002445	0.0024722	0.0	0.0	0.0	0.0	0.0	0.0	0.0	0.0	
Rousserolle turdoïde	0.0	0.0	0.0	0.0	0.0	0.0	0.0	0.0	0.0	0.0	0.0	0.0	0.0164384	0.0128205	0.0223752	0.0483871	0.0708661	0.0217391	0.0263158	0.0103896	0.0	0.0	0.0	0.003937	0.0048077	0.0091743	0.0	0.0	0.0	0.0038314	0.0408163	0.0148699	0.0	0.0170455	0.0	0.0	0.0	0.0	0.0	0.0037083	0.0	0.0	0.0	0.0	0.0	0.0	0.0	0.0	
Acrocephalus sp.	0.0	0.0	0.0	0.0	0.0	0.0	0.0	0.0	0.0	0.0	0.0	0.0	0.0	0.0	0.0	0.0	0.0	0.0	0.0	0.0	0.0	0.0	0.0	0.003937	0.0	0.0	0.0	0.0	0.0	0.0	0.0	0.0	0.0	0.0	0.004717	0.0	0.0	0.0	0.0	0.0	0.0	0.0	0.0	0.0	0.0	0.0	0.0	0.0	
Locustelle luscinioïde	0.0	0.0	0.0	0.0	0.0	0.0	0.0	0.0	0.0	0.0075758	0.0048544	0.0019763	0.0	0.0	0.0	0.0	0.0	0.0	0.0	0.0	0.0	0.0	0.0	0.0	0.0	0.0	0.0	0.0	0.0	0.0	0.0	0.0	0.0	0.0	0.0	0.0	0.0	0.0	0.0	0.0	0.0	0.0038168	0.0	0.0	0.0	0.0	0.0	0.0	
locustelle sp.	0.0	0.0	0.0	0.0	0.0	0.0	0.0	0.0	0.0	0.0	0.0	0.0019763	0.0	0.0	0.0	0.0	0.0	0.0	0.0	0.0	0.0	0.0	0.0	0.0	0.0	0.0	0.0	0.0	0.0	0.0	0.0	0.0	0.0	0.0	0.0	0.0	0.0	0.0	0.0	0.0	0.0	0.0	0.0	0.0	0.0	0.0	0.0	0.0	
Hirondelle de rivage	0.0	0.0	0.0	0.0	0.0	0.0	0.0	0.0	0.0	0.0075758	0.0097087	0.0158103	0.0493151	0.0538462	0.080895	0.1686217	0.1364829	0.0543478	0.0225564	0.0207792	0.0045872	0.0213904	0.0101523	0.003937	0.0048077	0.0	0.0015	0.0275229	0.0114943	0.0038314	0.005102	0.0074349	0.0116279	0.0340909	0.0377358	0.0388693	0.003876	0.017094	0.0171149	0.013597	0.0	0.0	0.0	0.0	0.0015	0.0	0.0	0.0	
Hirondelle de rochers	0.0246407	0.0446927	0.03125	0.025	0.0964912	0.0506329	0.0666667	0.1151079	0.1444444	0.0530303	0.1359223	0.0494071	0.0410959	0.0307692	0.0223752	0.0366569	0.0446194	0.0543478	0.0300752	0.0545455	0.059633	0.0588235	0.0406091	0.0393701	0.0384615	0.0275229	0.0257732	0.0412844	0.0229885	0.0268199	0.0255102	0.0371747	0.0174419	0.0284091	0.0235849	0.0282686	0.0387597	0.0512821	0.0660147	0.0766378	0.0793651	0.0687023	0.1180124	0.0879121	0.0588235	0.0757576	0.0967742	0.0717131	
Hirondelle rustique	0.0020534	0.0	0.0	0.0	0.0015	0.0126582	0.0222222	0.0431655	0.1777778	0.2575758	0.315534	0.3241107	0.3287671	0.3410256	0.4268503	0.4970674	0.4750656	0.3043478	0.3345865	0.3116883	0.3394495	0.2994652	0.2791878	0.2637795	0.2596154	0.2293578	0.1752577	0.3165138	0.3103448	0.2605364	0.3673469	0.3011152	0.25	0.25	0.2830189	0.2155477	0.1627907	0.2051282	0.2738386	0.2410383	0.1507937	0.0916031	0.0248447	0.021978	0.0	0.0	0.0	0.0	
Hirondelle de fenêtre	0.0	0.0	0.0	0.0083333	0.0263158	0.0126582	0.037037	0.057554	0.1	0.1212121	0.1407767	0.1324111	0.1232877	0.1435897	0.1824441	0.297654	0.2677165	0.2536232	0.2406015	0.2519481	0.2293578	0.2406417	0.248731	0.2047244	0.1538462	0.1192661	0.185567	0.1422018	0.1609195	0.1264368	0.1326531	0.1486989	0.0872093	0.1079545	0.0801887	0.1130742	0.0620155	0.0726496	0.0782396	0.0358467	0.0238095	0.0038168	0.0186335	0.010989	0.0147059	0.0151515	0.0	0.0	
Hirondelle rousseline	0.0	0.0	0.0	0.0	0.0	0.0	0.0	0.0	0.0	0.0	0.0048544	0.0296443	0.0273973	0.025641	0.0395869	0.0865103	0.0551181	0.0181159	0.037594	0.0103896	0.0091743	0.0053476	0.0203046	0.011811	0.0096154	0.0045872	0.0015	0.0045872	0.0114943	0.0038314	0.0102041	0.0148699	0.0015	0.0113636	0.0015	0.024735	0.003876	0.0	0.0015	0.0012361	0.0	0.0	0.0	0.010989	0.0	0.0	0.0	0.0	
Hirondelle rousseline, H. de Rüppell ou H. striolée	0.0	0.0	0.0	0.0	0.0	0.0	0.0	0.0	0.0	0.0	0.0	0.0	0.0	0.0	0.0	0.0043988	0.0026247	0.0	0.0	0.0	0.0	0.0	0.0	0.0	0.0	0.0	0.0	0.0	0.0	0.0	0.0	0.0	0.0	0.0	0.0	0.0	0.0	0.0	0.0	0.0	0.0	0.0	0.0	0.0	0.0	0.0	0.0	0.0	
hirondelle sp.	0.0	0.0	0.0	0.0	0.0	0.0	0.0	0.0	0.0	0.0	0.0	0.0	0.0027397	0.0	0.0015	0.0014663	0.0	0.0036232	0.0	0.0	0.0045872	0.0053476	0.0203046	0.0	0.0	0.0	0.0	0.0	0.0	0.0	0.0015	0.0015	0.005814	0.0227273	0.009434	0.0015	0.003876	0.0	0.00489	0.0037083	0.0	0.0	0.0	0.0	0.0	0.0	0.0	0.0	
Pouillot siffleur	0.0	0.0	0.0	0.0	0.0	0.0	0.0	0.0	0.0	0.0	0.0	0.0	0.0630137	0.0666667	0.0981067	0.2844575	0.2650919	0.0398551	0.0338346	0.012987	0.0	0.0	0.0	0.0	0.0	0.0	0.0	0.0	0.0	0.0076628	0.005102	0.0015	0.0015	0.0113636	0.004717	0.0070671	0.003876	0.0042735	0.0220049	0.0247219	0.015873	0.0114504	0.0062112	0.0	0.0	0.0	0.0	0.0	
Pouillot de Bonelli	0.0	0.0	0.0	0.0	0.0	0.0	0.0	0.0	0.0	0.0	0.0	0.0019763	0.0082192	0.0153846	0.0068847	0.0190616	0.0026247	0.0	0.0	0.0	0.0	0.0	0.0	0.0	0.0	0.0	0.0	0.0	0.0	0.0076628	0.0	0.0037175	0.005814	0.0056818	0.0	0.0	0.003876	0.0	0.002445	0.0024722	0.0	0.0	0.0	0.0	0.0	0.0	0.0	0.0	
Pouillot oriental	0.0	0.0	0.0	0.0	0.0	0.0	0.0	0.0	0.0	0.0	0.0	0.0	0.0027397	0.0	0.0	0.016129	0.0	0.0	0.0	0.0	0.0	0.0	0.0	0.0	0.0	0.0	0.0	0.0	0.0	0.0	0.0	0.0	0.0	0.0	0.0	0.0	0.0	0.0	0.0	0.0	0.0	0.0	0.0	0.0	0.0	0.0	0.0	0.0	
Pouillot de Bonelli ou P. oriental	0.0	0.0	0.0	0.0	0.0	0.0	0.0	0.0	0.0	0.0	0.0	0.0	0.0	0.0	0.0	0.0014663	0.0	0.0	0.0	0.0	0.0	0.0	0.0	0.0	0.0	0.0	0.0	0.0	0.0	0.0	0.0	0.0	0.0	0.0	0.0	0.0	0.0	0.0	0.0	0.0	0.0	0.0	0.0	0.0	0.0	0.0	0.0	0.0	
Pouillot à grands sourcils	0.0	0.0	0.0	0.0	0.0	0.0	0.0	0.0	0.0	0.0	0.0	0.0	0.0	0.0	0.0	0.0	0.0	0.0	0.0	0.0	0.0	0.0	0.0	0.0	0.0	0.0	0.0	0.0	0.0	0.0	0.0	0.0	0.0	0.0	0.0	0.0015	0.003876	0.0299145	0.1393643	0.1829419	0.1455026	0.0534351	0.0124224	0.0	0.0	0.0	0.0015	0.0	
Pouillot de Hume	0.0	0.0	0.0	0.0	0.0	0.0	0.0	0.0	0.0	0.0	0.0	0.0	0.0	0.0	0.0	0.0	0.0	0.0	0.0	0.0	0.0	0.0	0.0	0.0	0.0	0.0	0.0	0.0	0.0	0.0	0.0	0.0	0.0	0.0	0.0	0.0	0.0015	0.0	0.0	0.0015	0.0	0.0	0.0	0.0	0.0	0.0	0.0	0.0	
Pouillot de Pallas	0.0	0.0	0.0	0.0	0.0	0.0	0.0	0.0	0.0	0.0	0.0	0.0	0.0	0.0	0.0	0.0	0.0	0.0	0.0	0.0	0.0	0.0	0.0	0.0	0.0	0.0	0.0	0.0	0.0	0.0	0.0	0.0	0.0	0.0	0.0	0.0	0.0	0.0	0.002445	0.0086527	0.0026455	0.0	0.0	0.0	0.0	0.0	0.0	0.0	
Pouillot de Schwarz	0.0	0.0	0.0	0.0	0.0	0.0	0.0	0.0	0.0	0.0	0.0	0.0	0.0	0.0	0.0	0.0	0.0	0.0	0.0	0.0	0.0	0.0	0.0	0.0	0.0	0.0	0.0	0.0	0.0	0.0	0.0	0.0	0.0	0.0	0.0	0.0	0.0	0.0	0.002445	0.0061805	0.0	0.0	0.0	0.0	0.0	0.0	0.0	0.0	
Pouillot brun	0.0	0.0	0.0	0.0	0.0	0.0	0.0	0.0	0.0	0.0	0.0	0.0	0.0	0.0	0.0	0.0	0.0	0.0	0.0	0.0	0.0	0.0	0.0	0.0	0.0	0.0	0.0	0.0	0.0	0.0	0.0	0.0	0.0	0.0	0.0	0.0	0.0	0.0	0.00489	0.0012361	0.0026455	0.0038168	0.0	0.0	0.0	0.0	0.0	0.0	
Pouillot fitis	0.0	0.0	0.0	0.0	0.0	0.0	0.0	0.0	0.0	0.0151515	0.0194175	0.0335968	0.0767123	0.0461538	0.0963855	0.1979472	0.0971129	0.0289855	0.0075188	0.0025974	0.0	0.0	0.0	0.0	0.0	0.0	0.0	0.0	0.0	0.0	0.0	0.0111524	0.0348837	0.0170455	0.0471698	0.0035336	0.0232558	0.0811966	0.1735941	0.1458591	0.0555556	0.0496183	0.0248447	0.0	0.0	0.0151515	0.0	0.0	
Pouillot véloce	0.1683778	0.1564246	0.1875	0.2666667	0.3508772	0.1898734	0.2	0.2877698	0.4111111	0.25	0.184466	0.1185771	0.1150685	0.0564103	0.0757315	0.0879765	0.0603675	0.057971	0.037594	0.0597403	0.059633	0.0802139	0.0253807	0.023622	0.0336538	0.0229358	0.0103093	0.0045872	0.0114943	0.0306513	0.0306122	0.0297398	0.0174419	0.0170455	0.0377358	0.0424028	0.0310078	0.1239316	0.3740831	0.499382	0.5291005	0.4083969	0.3416149	0.3296703	0.25	0.3030303	0.1935484	0.247012	
pouillot sp.	0.0	0.0	0.0	0.0	0.0	0.0	0.0	0.0	0.0	0.0	0.0	0.0	0.0	0.0	0.0	0.0	0.0	0.0	0.0	0.0025974	0.0	0.0	0.0	0.0	0.0	0.0	0.0	0.0	0.0	0.0	0.0	0.0	0.0	0.0	0.009434	0.0	0.0	0.0	0.0015	0.0024722	0.0	0.0	0.0124224	0.0	0.0	0.0	0.0	0.0	
Bouscarle de Cetti	0.0800821	0.0949721	0.03125	0.125	0.1403509	0.0506329	0.1555556	0.2014388	0.2222222	0.1666667	0.1699029	0.1640316	0.1589041	0.2	0.1462995	0.1304985	0.1286089	0.1086957	0.093985	0.1090909	0.059633	0.0641711	0.0507614	0.0393701	0.0528846	0.0229358	0.0206186	0.0458716	0.0689655	0.0727969	0.1581633	0.0966543	0.0639535	0.0795455	0.1556604	0.1413428	0.0736434	0.1068376	0.0562347	0.0605686	0.1269841	0.0877863	0.1118012	0.1098901	0.0735294	0.0909091	0.0645161	0.0916335	
Orite à longue queue	0.0061602	0.0015	0.015625	0.0083333	0.0263158	0.0253165	0.0148148	0.0071942	0.0222222	0.0015	0.0145631	0.0158103	0.0027397	0.0076923	0.020654	0.0117302	0.007874	0.0108696	0.0112782	0.0155844	0.0137615	0.0160428	0.0152284	0.007874	0.0	0.0091743	0.0	0.0	0.0057471	0.0114943	0.0	0.0148699	0.0	0.0056818	0.004717	0.0176678	0.0015	0.0128205	0.0195599	0.0086527	0.005291	0.0152672	0.0248447	0.0549451	0.0147059	0.030303	0.0322581	0.0119522	
Fauvette à tête noire	0.0492813	0.0558659	0.109375	0.1333333	0.2192982	0.1265823	0.1555556	0.1798561	0.2111111	0.2954545	0.223301	0.1897233	0.1534247	0.1564103	0.1635112	0.1495601	0.1548556	0.1811594	0.1503759	0.1818182	0.2155963	0.2245989	0.1167513	0.1377953	0.1442308	0.1055046	0.1082474	0.0458716	0.0747126	0.0344828	0.0408163	0.0371747	0.0174419	0.0227273	0.0518868	0.0388693	0.0387597	0.1410256	0.2273839	0.3090235	0.3465608	0.2977099	0.1552795	0.1868132	0.0882353	0.2121212	0.0645161	0.1314741	
Fauvette des jardins	0.0	0.0	0.0	0.0	0.0	0.0	0.0	0.0	0.0	0.0	0.0	0.0	0.0	0.0025641	0.0327022	0.1363636	0.152231	0.0543478	0.0263158	0.0155844	0.0	0.0	0.0	0.0	0.0	0.0	0.0	0.0	0.0015	0.0038314	0.0153061	0.0148699	0.0290698	0.0170455	0.0235849	0.0141343	0.0348837	0.0213675	0.1075795	0.0877627	0.0582011	0.0267176	0.0186335	0.0	0.0	0.0	0.0	0.0	
Fauvette épervière	0.0	0.0	0.0	0.0	0.0	0.0	0.0	0.0	0.0	0.0	0.0	0.0	0.0	0.0	0.0	0.0	0.0	0.0	0.0	0.0	0.0	0.0	0.0	0.0	0.0	0.0	0.0	0.0	0.0	0.0	0.0	0.0	0.0	0.0	0.0	0.0	0.0	0.0	0.0	0.0	0.0026455	0.0	0.0	0.0	0.0	0.0	0.0	0.0	
Fauvette babillarde	0.0	0.0	0.0	0.0	0.0	0.0	0.0	0.0	0.0	0.0	0.0	0.0	0.0	0.0	0.0017212	0.0	0.0026247	0.0	0.0	0.0	0.0	0.0	0.0	0.0	0.0	0.0	0.0	0.0	0.0	0.0	0.0	0.0	0.0	0.0113636	0.004717	0.0	0.0077519	0.0128205	0.0488998	0.0506799	0.0502646	0.0229008	0.0124224	0.0	0.0	0.0	0.0	0.0	
Fauvette orphée	0.0	0.0	0.0	0.0	0.0	0.0	0.0	0.0	0.0	0.0	0.0	0.0	0.0	0.0	0.0017212	0.0102639	0.0	0.0	0.0	0.0	0.0	0.0	0.0	0.0	0.0	0.0	0.0	0.0	0.0	0.0	0.0	0.0	0.0	0.0	0.0	0.0	0.0	0.0	0.0	0.0	0.0	0.0	0.0	0.0	0.0	0.0	0.0	0.0	
Fauvette orphée ou F. orphéane	0.0	0.0	0.0	0.0	0.0	0.0	0.0	0.0	0.0	0.0	0.0	0.0	0.0	0.0	0.0	0.0014663	0.0	0.0	0.0	0.0	0.0	0.0	0.0	0.0	0.0	0.0	0.0	0.0	0.0	0.0	0.0	0.0	0.0	0.0	0.0	0.0	0.0	0.0	0.0	0.0	0.0	0.0	0.0	0.0	0.0	0.0	0.0	0.0	
Fauvette du désert	0.0	0.0	0.0	0.0	0.0	0.0	0.0	0.0	0.0	0.0	0.0	0.0	0.0027397	0.0	0.0	0.0014663	0.0	0.0	0.0	0.0	0.0	0.0	0.0	0.0	0.0	0.0	0.0	0.0	0.0	0.0	0.0	0.0	0.0	0.0	0.0	0.0	0.0	0.0	0.0	0.0	0.0	0.0	0.0	0.0	0.0	0.0	0.0	0.0	
Fauvette de Rüppell	0.0	0.0	0.0	0.0	0.0	0.0	0.0	0.0	0.0	0.0	0.0	0.0	0.0	0.0	0.0	0.0	0.0	0.0	0.0	0.0	0.0	0.0	0.0	0.0	0.0	0.0	0.0	0.0	0.0	0.0	0.0	0.0	0.0	0.0	0.0	0.0	0.0	0.0	0.00978	0.013597	0.0	0.0	0.0	0.0	0.0	0.0	0.0	0.0	
Fauvette mélanocéphale	0.1457906	0.1340782	0.203125	0.2833333	0.3421053	0.1772152	0.2888889	0.2877698	0.3333333	0.3106061	0.3398058	0.3043478	0.3506849	0.4384615	0.3218589	0.4545455	0.5380577	0.3297101	0.3345865	0.3584416	0.3165138	0.3796791	0.2436548	0.1889764	0.2259615	0.1146789	0.1134021	0.2018349	0.2356322	0.1532567	0.2908163	0.3085502	0.2267442	0.3068182	0.3820755	0.2968198	0.3914729	0.457265	0.5061125	0.5698393	0.6111111	0.4694656	0.3726708	0.2857143	0.2205882	0.2727273	0.1935484	0.2350598	
Fauvette de Moltoni	0.0	0.0	0.0	0.0	0.0	0.0	0.0	0.0	0.0	0.0	0.0	0.0	0.0	0.0025641	0.0	0.0117302	0.0052493	0.0108696	0.0	0.0	0.0	0.0	0.0	0.0	0.0	0.0	0.0	0.0	0.0	0.0	0.0	0.0	0.0	0.0	0.0	0.0	0.0	0.0	0.002445	0.0	0.0	0.0	0.0	0.0	0.0	0.0	0.0	0.0	
Fauvette passerinette	0.0	0.0	0.0	0.0	0.0	0.0	0.0	0.0	0.0	0.0	0.0	0.0	0.0	0.0076923	0.0	0.0	0.0052493	0.0	0.0	0.0	0.0	0.0	0.0	0.0	0.0	0.0	0.0	0.0	0.0	0.0	0.0	0.0	0.0	0.0	0.0	0.0	0.0	0.0	0.0	0.0	0.0	0.0	0.0	0.0	0.0	0.0	0.0	0.0	
Fauvette des Balkans	0.0	0.0	0.0	0.0	0.0	0.0	0.0	0.0	0.0	0.0151515	0.0582524	0.0612648	0.1123288	0.125641	0.1394148	0.1510264	0.0971129	0.0217391	0.018797	0.038961	0.0229358	0.026738	0.0253807	0.007874	0.0288462	0.0137615	0.0015	0.0045872	0.0172414	0.0191571	0.0357143	0.0297398	0.0116279	0.0340909	0.0188679	0.0282686	0.0155039	0.0512821	0.0782396	0.0469716	0.0291005	0.0267176	0.0124224	0.0	0.0	0.0	0.0	0.0	
Fauvette passerinette ou F. des Balkans	0.0	0.0	0.0	0.0	0.0	0.0	0.0	0.0	0.0	0.0	0.0	0.0118577	0.0109589	0.0025641	0.0120482	0.0219941	0.0	0.0015	0.0	0.0	0.0	0.0	0.0	0.0	0.0	0.0	0.0	0.0	0.0015	0.0038314	0.0153061	0.0015	0.0	0.0015	0.0	0.0	0.0077519	0.0015	0.0513447	0.0309023	0.021164	0.0152672	0.0	0.0	0.0	0.0	0.0	0.0	
Fauvette grisette	0.0	0.0	0.0	0.0	0.0	0.0	0.0	0.0	0.0	0.0	0.0048544	0.0039526	0.060274	0.0410256	0.1101549	0.2419355	0.2152231	0.0362319	0.0112782	0.0181818	0.0	0.0106952	0.0	0.0	0.0	0.0	0.0	0.0045872	0.0015	0.0	0.0	0.0	0.0116279	0.0113636	0.009434	0.0035336	0.003876	0.008547	0.0146699	0.0173053	0.0132275	0.0038168	0.0	0.0	0.0	0.0	0.0	0.0	
Fauvette à lunettes	0.0	0.0	0.0	0.0	0.0	0.0	0.0	0.0071942	0.0111111	0.030303	0.0242718	0.0177866	0.0273973	0.0153846	0.0275387	0.0293255	0.0262467	0.0326087	0.0037594	0.0181818	0.0137615	0.0053476	0.0152284	0.003937	0.0048077	0.0045872	0.0	0.0	0.0	0.0	0.005102	0.0015	0.0	0.0056818	0.0141509	0.0035336	0.0193798	0.042735	0.0782396	0.1001236	0.0634921	0.0343511	0.0186335	0.043956	0.0	0.0	0.0	0.0079681	
Fauvette sarde	0.0	0.0	0.0	0.0	0.0	0.0	0.0	0.0	0.0	0.0	0.0	0.0	0.0	0.0	0.0	0.0	0.0	0.0	0.0	0.0	0.0	0.0	0.0	0.0	0.0	0.0	0.0	0.0	0.0	0.0	0.0	0.0	0.0	0.0	0.0	0.0	0.0	0.0	0.0	0.0098888	0.0	0.0	0.0	0.0	0.0	0.0	0.0	0.0	
Fauvette pitchou	0.0061602	0.0	0.0	0.0	0.0	0.0	0.0074074	0.0015	0.0222222	0.0	0.0048544	0.0019763	0.0027397	0.0153846	0.020654	0.0058651	0.0052493	0.0072464	0.0112782	0.0103896	0.0045872	0.0106952	0.0152284	0.0	0.0015	0.0	0.0015	0.0	0.0057471	0.0015	0.0153061	0.0037175	0.005814	0.0015	0.004717	0.0035336	0.0116279	0.008547	0.00978	0.0173053	0.0132275	0.019084	0.0	0.0	0.0	0.0	0.0	0.0039841	
Sylvia ou Curruca sp.	0.0	0.0	0.0	0.0	0.0	0.0	0.0	0.0	0.0	0.0	0.0	0.0	0.0	0.0	0.0034423	0.0014663	0.0	0.0	0.0	0.0	0.0	0.0	0.0	0.0	0.0	0.0015	0.0	0.0	0.0057471	0.0	0.0	0.0	0.0	0.0	0.0	0.0035336	0.0	0.0	0.002445	0.0	0.0	0.0	0.0062112	0.0	0.0	0.0	0.0	0.0	
Roitelet huppé	0.0	0.0	0.0015	0.0	0.0	0.0	0.0	0.0	0.0	0.0075758	0.0048544	0.0019763	0.0027397	0.0015	0.0	0.0	0.0	0.0	0.0	0.0	0.0	0.0	0.0	0.0	0.0	0.0	0.0	0.0	0.0	0.0	0.0	0.0	0.0	0.0	0.0	0.0	0.0	0.017094	0.0293399	0.0593325	0.0608466	0.0687023	0.0434783	0.032967	0.0147059	0.0	0.0322581	0.0	
Roitelet à triple bandeau	0.0164271	0.0	0.015625	0.0166667	0.0087719	0.0253165	0.0222222	0.0071942	0.0015	0.0227273	0.0533981	0.0237154	0.0027397	0.0179487	0.0378657	0.0146628	0.0131234	0.057971	0.0300752	0.0337662	0.0137615	0.0427807	0.0050761	0.011811	0.0240385	0.0183486	0.0	0.0137615	0.0	0.0114943	0.005102	0.0223048	0.005814	0.0113636	0.0283019	0.0106007	0.003876	0.025641	0.0366748	0.0210136	0.026455	0.0343511	0.0496894	0.021978	0.0	0.0454545	0.0	0.0079681	
Sittelle torchepot	0.0041068	0.0	0.0	0.0	0.0015	0.0	0.0222222	0.0	0.0015	0.0075758	0.0339806	0.0256917	0.0246575	0.0128205	0.0172117	0.0029326	0.007874	0.0144928	0.0112782	0.0103896	0.0091743	0.0160428	0.0	0.003937	0.0144231	0.0183486	0.0	0.0045872	0.0057471	0.0038314	0.0153061	0.0185874	0.0116279	0.0113636	0.0235849	0.0141343	0.003876	0.025641	0.0195599	0.0049444	0.0132275	0.019084	0.0310559	0.043956	0.0147059	0.0151515	0.0322581	0.0119522	
Grimpereau des jardins	0.0184805	0.0055866	0.078125	0.0333333	0.0350877	0.0253165	0.0444444	0.028777	0.0222222	0.0378788	0.0533981	0.0355731	0.0136986	0.0358974	0.0550775	0.0087977	0.0341207	0.076087	0.0413534	0.0545455	0.0642202	0.0695187	0.0253807	0.015748	0.0625	0.0412844	0.0412371	0.0183486	0.045977	0.0268199	0.0255102	0.0446097	0.0232558	0.0284091	0.0471698	0.0388693	0.0310078	0.025641	0.0220049	0.0222497	0.015873	0.0381679	0.0621118	0.0549451	0.0735294	0.0757576	0.0015	0.0318725	
Troglodyte mignon	0.0225873	0.0055866	0.046875	0.025	0.0877193	0.0379747	0.037037	0.028777	0.1	0.1439394	0.1019417	0.0573123	0.0328767	0.1102564	0.0895009	0.0527859	0.0708661	0.134058	0.0902256	0.1090909	0.0917431	0.0855615	0.0152284	0.019685	0.0384615	0.0137615	0.0051546	0.0137615	0.0015	0.0114943	0.0204082	0.0074349	0.0015	0.0170455	0.0141509	0.0176678	0.003876	0.0555556	0.0220049	0.0160692	0.0343915	0.0343511	0.0559006	0.032967	0.0	0.0606061	0.0645161	0.0199203	
Cincle plongeur	0.0	0.0	0.0	0.0	0.0	0.0	0.0	0.0	0.0	0.0	0.0	0.0015	0.0	0.0	0.0	0.0	0.0	0.0	0.0037594	0.0	0.0	0.0	0.0	0.0	0.0	0.0	0.0	0.0	0.0	0.0015	0.005102	0.0	0.0	0.0	0.0	0.0	0.0	0.0	0.0	0.0	0.0	0.0	0.0	0.0	0.0	0.0	0.0	0.0	
Étourneau sansonnet	0.1026694	0.1620112	0.140625	0.2416667	0.254386	0.2405063	0.237037	0.1151079	0.0333333	0.1060606	0.0582524	0.0612648	0.0164384	0.0230769	0.0120482	0.0205279	0.0104987	0.0036232	0.0	0.0	0.0	0.0	0.0	0.0	0.0	0.0	0.0	0.0045872	0.0057471	0.0	0.0	0.0	0.0	0.0056818	0.0141509	0.0530035	0.0968992	0.1367521	0.3325183	0.4091471	0.452381	0.3625954	0.2919255	0.1868132	0.1911765	0.1666667	0.1290323	0.12749	
Étourneau unicolore	0.1129363	0.150838	0.109375	0.2083333	0.2105263	0.1265823	0.2148148	0.2733813	0.1888889	0.2575758	0.2184466	0.2529644	0.1972603	0.225641	0.1944923	0.1583578	0.1811024	0.2282609	0.3007519	0.2337662	0.2018349	0.2406417	0.1827411	0.1259843	0.1346154	0.0733945	0.0824742	0.1192661	0.1724138	0.1532567	0.1530612	0.1449814	0.1104651	0.2045455	0.2311321	0.2261484	0.2131783	0.1709402	0.1002445	0.118665	0.1719577	0.1946565	0.2360248	0.2197802	0.1617647	0.1363636	0.0645161	0.12749	
Étourneau sansonnet ou É. unicolore	0.0015	0.0	0.0015	0.0015	0.0701754	0.0253165	0.0015	0.0	0.0	0.0015	0.0048544	0.0059289	0.0082192	0.0	0.0017212	0.0014663	0.0052493	0.0036232	0.0037594	0.0155844	0.0045872	0.0	0.0050761	0.007874	0.0	0.0	0.0	0.0045872	0.0172414	0.0038314	0.0	0.0074349	0.0116279	0.0284091	0.0188679	0.0106007	0.0077519	0.0128205	0.0195599	0.0358467	0.0343915	0.0687023	0.068323	0.032967	0.0147059	0.0015	0.0645161	0.0079681	
Étourneau roselin	0.0	0.0	0.0	0.0	0.0	0.0	0.0	0.0	0.0	0.0	0.0	0.0	0.0	0.0	0.0	0.0	0.0	0.0	0.0	0.0	0.0	0.0	0.0	0.0	0.0	0.0	0.0	0.0	0.0	0.0	0.0	0.0	0.0	0.0	0.0	0.0	0.0	0.0	0.0	0.0	0.0	0.0076336	0.0	0.0	0.0	0.0	0.0	0.0	
Grive draine	0.0082136	0.0	0.0	0.0	0.0087719	0.0126582	0.0148148	0.0	0.0015	0.0	0.0097087	0.0079051	0.0109589	0.0128205	0.0154905	0.0087977	0.0026247	0.0253623	0.0112782	0.025974	0.0137615	0.0106952	0.0101523	0.011811	0.0	0.0045872	0.0	0.0	0.0	0.0	0.0	0.0015	0.0	0.0056818	0.0	0.0	0.0015	0.0128205	0.0757946	0.0692213	0.1058201	0.0725191	0.068323	0.010989	0.0147059	0.0	0.0	0.0079681	
Grive musicienne	0.0143737	0.0167598	0.0	0.0666667	0.0526316	0.0379747	0.0148148	0.0359712	0.0666667	0.0454545	0.0242718	0.0296443	0.0136986	0.0025641	0.0068847	0.0131965	0.0026247	0.0	0.0	0.0	0.0183486	0.0	0.0	0.0	0.0	0.0045872	0.0	0.0	0.0	0.0	0.0	0.0	0.0	0.0	0.0	0.0	0.0	0.1068376	0.2909535	0.4128554	0.3544974	0.2442748	0.1118012	0.043956	0.0147059	0.0909091	0.0015	0.0557769	
Grive mauvis	0.0	0.0	0.0	0.0	0.0	0.0	0.0	0.0	0.0	0.0	0.0	0.0	0.0	0.0	0.0	0.0014663	0.0	0.0	0.0	0.0	0.0	0.0	0.0	0.0	0.0	0.0	0.0	0.0	0.0	0.0	0.0	0.0	0.0	0.0	0.0	0.0	0.0	0.0	0.002445	0.0049444	0.010582	0.0076336	0.0186335	0.0	0.0	0.0	0.0	0.0	
Merle noir	0.0882957	0.1061453	0.109375	0.325	0.2280702	0.1898734	0.2962963	0.2733813	0.3222222	0.3409091	0.4320388	0.3498024	0.2767123	0.3717949	0.2960413	0.255132	0.2677165	0.4311594	0.4210526	0.4103896	0.4495413	0.3957219	0.2741117	0.2125984	0.1923077	0.146789	0.1443299	0.1146789	0.1321839	0.0842912	0.1020408	0.0817844	0.1453488	0.1761364	0.1792453	0.1731449	0.1511628	0.2094017	0.1833741	0.2583436	0.2169312	0.2709924	0.2795031	0.1978022	0.1764706	0.1818182	0.1612903	0.1832669	
Grive obscure	0.0	0.0	0.0	0.0	0.0	0.0	0.0	0.0	0.0	0.0	0.0	0.0	0.0	0.0	0.0	0.0	0.0	0.0	0.0	0.0	0.0	0.0	0.0	0.0	0.0	0.0	0.0	0.0	0.0	0.0	0.0	0.0	0.0	0.0	0.0	0.0	0.0	0.0	0.0	0.0086527	0.0	0.0	0.0	0.0	0.0	0.0	0.0	0.0	
Grive litorne	0.0	0.0015	0.0	0.0	0.0	0.0	0.0	0.0	0.0	0.0	0.0	0.0019763	0.0	0.0	0.0	0.0029326	0.0	0.0	0.0	0.0	0.0	0.0	0.0	0.0	0.0	0.0	0.0	0.0	0.0	0.0	0.0	0.0	0.0	0.0	0.0	0.0	0.0	0.0	0.002445	0.0037083	0.0	0.0152672	0.0015	0.0	0.0	0.0	0.0	0.0	
Merle à plastron	0.0015	0.0	0.0	0.0	0.0	0.0	0.0	0.0	0.0	0.0	0.0	0.0	0.0	0.0	0.0	0.0	0.0	0.0	0.0	0.0	0.0	0.0	0.0	0.0	0.0	0.0	0.0	0.0	0.0	0.0	0.0	0.0	0.0	0.0	0.0	0.0	0.0	0.0	0.0342298	0.0580964	0.0714286	0.0496183	0.0124224	0.0	0.0	0.0	0.0015	0.0015	
Turdus sp.	0.0	0.0	0.0	0.0	0.0	0.0	0.0	0.0	0.0	0.0	0.0	0.0	0.0	0.0	0.0	0.0	0.0	0.0	0.0	0.0	0.0	0.0	0.0	0.0015	0.0	0.0	0.0	0.0	0.0057471	0.0	0.0	0.0	0.0	0.0	0.0	0.0	0.0	0.0	0.0	0.0012361	0.0026455	0.0	0.0	0.0	0.0	0.0	0.0	0.0	
Gobemouche gris	0.0	0.0	0.0	0.0	0.0	0.0	0.0	0.0	0.0	0.0	0.0	0.0	0.0015	0.0205128	0.0688468	0.297654	0.3884514	0.1666667	0.093985	0.1090909	0.0733945	0.0855615	0.0558376	0.0433071	0.0817308	0.0642202	0.0360825	0.0550459	0.0574713	0.0383142	0.0357143	0.0520446	0.0290698	0.0852273	0.0943396	0.0353357	0.0310078	0.0641026	0.1271394	0.0679852	0.0661376	0.0076336	0.0062112	0.0	0.0	0.0	0.0	0.0039841	
Agrobate roux	0.0	0.0	0.0	0.0	0.0	0.0	0.0	0.0	0.0	0.0	0.0	0.0	0.0	0.0	0.0034423	0.0527859	0.0209974	0.0072464	0.0037594	0.0	0.0	0.0	0.0	0.0	0.0	0.0	0.0	0.0	0.0	0.0	0.0	0.0	0.0	0.0	0.0	0.0	0.0	0.0	0.0	0.0	0.0	0.0	0.0	0.0	0.0	0.0	0.0	0.0	
Rougegorge familier	0.201232	0.2067039	0.265625	0.3166667	0.3070175	0.2278481	0.3333333	0.3093525	0.3666667	0.3106061	0.223301	0.1818182	0.0986301	0.0717949	0.0722892	0.0557185	0.0708661	0.0833333	0.056391	0.0649351	0.0733945	0.0962567	0.0304569	0.019685	0.0480769	0.0321101	0.0103093	0.0045872	0.0114943	0.0153257	0.0255102	0.0297398	0.0174419	0.0511364	0.0424528	0.04947	0.120155	0.4529915	0.606357	0.7119901	0.7222222	0.5916031	0.5465839	0.4505495	0.3529412	0.3636364	0.2580645	0.310757	
Rossignol philomèle	0.0	0.0	0.0	0.0	0.0	0.0	0.0	0.0	0.0	0.0	0.0097087	0.0118577	0.060274	0.0666667	0.0929432	0.1407625	0.0524934	0.0398551	0.018797	0.0103896	0.0229358	0.026738	0.0152284	0.003937	0.0	0.0	0.0051546	0.0091743	0.0	0.0038314	0.005102	0.0	0.0	0.0015	0.004717	0.0035336	0.0	0.0	0.002445	0.0015	0.005291	0.0	0.0	0.0	0.0	0.0	0.0	0.0	
Gorgebleue à miroir	0.0041068	0.0167598	0.0015	0.0083333	0.0087719	0.0	0.0	0.0215827	0.0111111	0.0	0.0	0.0	0.0	0.0025641	0.0	0.0	0.0	0.0	0.0	0.0	0.0	0.0	0.0	0.0	0.0	0.0	0.0	0.0	0.0	0.0	0.0	0.0	0.0	0.0056818	0.009434	0.0	0.0	0.0	0.0366748	0.0234858	0.0185185	0.0076336	0.0124224	0.010989	0.0015	0.0151515	0.0015	0.0039841	
Robin à flancs roux	0.0	0.0	0.0	0.0	0.0	0.0	0.0	0.0	0.0	0.0	0.0	0.0	0.0	0.0	0.0	0.0	0.0	0.0	0.0	0.0	0.0	0.0	0.0	0.0	0.0	0.0	0.0	0.0	0.0	0.0	0.0	0.0	0.0	0.0	0.0	0.0	0.0	0.0	0.0	0.0024722	0.010582	0.0	0.0	0.0	0.0	0.0	0.0	0.0	
Gobemouche nain	0.0	0.0	0.0	0.0	0.0	0.0	0.0	0.0	0.0	0.0	0.0	0.0	0.0	0.0	0.0017212	0.0	0.0	0.0	0.0	0.0	0.0	0.0	0.0	0.0	0.0	0.0	0.0	0.0	0.0	0.0	0.0	0.0	0.0	0.0	0.0	0.0	0.0193798	0.0128205	0.0806846	0.0716934	0.0132275	0.0038168	0.0	0.0	0.0	0.0	0.0	0.0	
Gobemouche à demi-collier	0.0	0.0	0.0	0.0	0.0	0.0	0.0	0.0	0.0	0.0	0.0	0.0	0.0054795	0.0	0.0015	0.0117302	0.0	0.0072464	0.0	0.0	0.0	0.0	0.0	0.0	0.0	0.0	0.0	0.0	0.0	0.0	0.0	0.0	0.0	0.0	0.0	0.0	0.0	0.0	0.0	0.0	0.0	0.0	0.0	0.0	0.0	0.0	0.0	0.0	
Gobemouche noir	0.0	0.0	0.0	0.0	0.0	0.0	0.0	0.0	0.0	0.0	0.0	0.0019763	0.0657534	0.0846154	0.1497418	0.3548387	0.3018373	0.0543478	0.0300752	0.0207792	0.0	0.0	0.0	0.0	0.0	0.0	0.0	0.0	0.0	0.0	0.0	0.0015	0.0	0.0170455	0.009434	0.0035336	0.0	0.0	0.0195599	0.0	0.0	0.0	0.0	0.0	0.0	0.0	0.0	0.0	
Gobemouche à collier	0.0	0.0	0.0	0.0	0.0	0.0	0.0	0.0	0.0	0.0	0.0	0.0	0.0575342	0.0717949	0.1187608	0.1906158	0.1469816	0.0362319	0.0300752	0.0051948	0.0	0.0	0.0	0.0	0.0	0.0	0.0	0.0	0.0	0.0	0.0	0.0	0.005814	0.0	0.0	0.0	0.0	0.0	0.0	0.0037083	0.0	0.0076336	0.0	0.0	0.0	0.0	0.0	0.0	
Ficedula sp.	0.0	0.0	0.0	0.0	0.0	0.0	0.0	0.0	0.0	0.0	0.0	0.0	0.0	0.0	0.0	0.0	0.0	0.0	0.0	0.0025974	0.0	0.0	0.0	0.0	0.0	0.0	0.0	0.0	0.0	0.0	0.0	0.0	0.0	0.0	0.0	0.0	0.0	0.0	0.007335	0.0	0.0	0.0	0.0	0.0	0.0	0.0	0.0	0.0	
Rougequeue de Moussier	0.0	0.0	0.0	0.0	0.0	0.0	0.0	0.0	0.0	0.0	0.0	0.0	0.0	0.0	0.0	0.0	0.0	0.0	0.0	0.0	0.0	0.0	0.0	0.0	0.0	0.0	0.0	0.0	0.0	0.0	0.0	0.0	0.0	0.0	0.0	0.0	0.0	0.017094	0.0660147	0.0543881	0.0502646	0.0114504	0.0124224	0.0	0.0	0.0	0.0	0.0	
Rougequeue à front blanc	0.0	0.0	0.0	0.0	0.0	0.0	0.0	0.0	0.0015	0.0378788	0.0194175	0.0335968	0.0684932	0.0769231	0.1153184	0.2478006	0.144357	0.0398551	0.0150376	0.0077922	0.0	0.0	0.0	0.0	0.0	0.0	0.0	0.0	0.0	0.0114943	0.0015	0.0	0.0	0.0	0.0188679	0.0318021	0.0387597	0.1153846	0.2640587	0.2076638	0.0767196	0.0458015	0.0372671	0.0	0.0	0.0	0.0	0.0	
Rougequeue noir	0.110883	0.150838	0.203125	0.2416667	0.3070175	0.1772152	0.2296296	0.2805755	0.2777778	0.2424242	0.1796117	0.1027668	0.0438356	0.0179487	0.0172117	0.0205279	0.0131234	0.0217391	0.0225564	0.0207792	0.0091743	0.026738	0.0253807	0.019685	0.0240385	0.0045872	0.0051546	0.0045872	0.0	0.0	0.005102	0.0111524	0.005814	0.0056818	0.009434	0.0212014	0.0116279	0.042735	0.2469438	0.5055624	0.5661376	0.5038168	0.4658385	0.3076923	0.3235294	0.2121212	0.2258065	0.2151394	
rougequeue sp.	0.0	0.0	0.0	0.0	0.0	0.0	0.0	0.0	0.0	0.0	0.0	0.0	0.0	0.0	0.0	0.0	0.0	0.0	0.0	0.0	0.0	0.0	0.0	0.0	0.0	0.0	0.0	0.0	0.0	0.0	0.0	0.0	0.0	0.0	0.0	0.0	0.0	0.0	0.0	0.0	0.0	0.0038168	0.0	0.0	0.0	0.0	0.0	0.0	
Monticole de roche	0.0	0.0	0.0	0.0	0.0	0.0	0.0	0.0	0.0	0.0	0.0	0.0019763	0.0027397	0.0025641	0.0154905	0.0102639	0.0	0.0	0.0	0.0015	0.0045872	0.0015	0.0	0.0	0.0	0.0	0.0	0.0	0.0	0.0	0.0	0.0037175	0.0	0.0	0.0	0.0	0.0	0.0	0.0	0.0	0.0	0.0	0.0	0.0	0.0	0.0	0.0	0.0	
Monticole bleu	0.0225873	0.0111732	0.03125	0.0083333	0.0614035	0.0379747	0.0074074	0.0431655	0.0666667	0.0606061	0.0728155	0.0335968	0.0191781	0.0410256	0.0292599	0.0454545	0.0446194	0.0688406	0.018797	0.0805195	0.0825688	0.0374332	0.0609137	0.007874	0.0336538	0.0275229	0.0015	0.0412844	0.0114943	0.0153257	0.0153061	0.0223048	0.0174419	0.0454545	0.0518868	0.04947	0.0271318	0.1282051	0.2224939	0.2472188	0.2671958	0.1526718	0.1118012	0.0015	0.0441176	0.0151515	0.0015	0.0438247	
Tarier des prés	0.0	0.0	0.0	0.0	0.0	0.0	0.0	0.0	0.0	0.0015	0.0048544	0.0079051	0.0821918	0.1025641	0.1772806	0.3548387	0.328084	0.0615942	0.0338346	0.012987	0.0	0.0	0.0	0.0	0.0	0.0	0.0	0.0	0.0	0.0	0.0	0.0074349	0.0116279	0.0284091	0.0283019	0.0106007	0.0116279	0.0128205	0.0415648	0.0197775	0.0079365	0.0038168	0.0	0.0	0.0	0.0151515	0.0	0.0	
Tarier pâtre	0.1334702	0.1452514	0.171875	0.2166667	0.2280702	0.1898734	0.1777778	0.1582734	0.1888889	0.1590909	0.092233	0.0434783	0.0438356	0.0564103	0.0567986	0.0205279	0.0314961	0.0398551	0.018797	0.0441558	0.0366972	0.0320856	0.0101523	0.015748	0.0192308	0.0550459	0.0206186	0.0504587	0.0114943	0.0574713	0.0306122	0.0185874	0.0116279	0.0113636	0.0377358	0.0282686	0.0271318	0.1880342	0.4156479	0.5216316	0.5555556	0.4122137	0.3043478	0.1758242	0.3235294	0.1515152	0.1290323	0.2151394	
Tarier de Sibérie	0.0	0.0	0.0	0.0	0.0	0.0	0.0	0.0	0.0	0.0	0.0	0.0	0.0	0.0	0.0017212	0.0	0.0	0.0	0.0	0.0	0.0	0.0	0.0	0.0	0.0	0.0	0.0	0.0	0.0	0.0	0.0	0.0	0.0	0.0	0.0	0.0	0.0	0.0	0.0	0.0098888	0.005291	0.0	0.0	0.0	0.0	0.0	0.0	0.0	
Tarier pâtre ou T. de Sibérie	0.0	0.0	0.0	0.0	0.0	0.0	0.0	0.0	0.0111111	0.0	0.0	0.0	0.0	0.0	0.0	0.0	0.0	0.0	0.0	0.0	0.0	0.0	0.0	0.0	0.0	0.0	0.0	0.0	0.0	0.0	0.0	0.0	0.0	0.0	0.0	0.0	0.0	0.0	0.0	0.0	0.0	0.0	0.0	0.0	0.0	0.0	0.0	0.0	
Traquet motteux	0.0	0.0	0.015625	0.0	0.0	0.0	0.0	0.0	0.0	0.0227273	0.092233	0.0750988	0.1452055	0.0897436	0.1256454	0.2111437	0.1259843	0.0072464	0.0225564	0.0051948	0.0137615	0.0053476	0.0203046	0.015748	0.0048077	0.0015	0.0051546	0.0015	0.0	0.0038314	0.0	0.0594796	0.1046512	0.0852273	0.0801887	0.0706714	0.1007752	0.1196581	0.2518337	0.2459827	0.1322751	0.0496183	0.0	0.0	0.0	0.0	0.0	0.0	
Traquet de Seebohm	0.0	0.0	0.0	0.0	0.0	0.0	0.0	0.0	0.0	0.0	0.0	0.0	0.0	0.0	0.0051635	0.0	0.0	0.0	0.0	0.0	0.0	0.0	0.0	0.0	0.0	0.0	0.0	0.0	0.0	0.0	0.0	0.0	0.0	0.0	0.0	0.0	0.0	0.0	0.0	0.0	0.0	0.0	0.0	0.0	0.0	0.0	0.0	0.0	
Traquet isabelle	0.0	0.0	0.0	0.0083333	0.0	0.0	0.0	0.0	0.0222222	0.0	0.0048544	0.0335968	0.0465753	0.0025641	0.0137694	0.0205279	0.0	0.0	0.0	0.0	0.0	0.0	0.0	0.0	0.0	0.0	0.0	0.0	0.0	0.0	0.0	0.0	0.0	0.0	0.0	0.0	0.0077519	0.0	0.0146699	0.0123609	0.0291005	0.0	0.0	0.0	0.0	0.0	0.0	0.0	
Traquet du désert	0.0	0.0	0.0	0.0	0.0	0.0	0.0	0.0	0.0	0.0	0.0	0.0	0.0	0.0	0.0	0.0014663	0.0	0.0	0.0	0.0	0.0	0.0	0.0	0.0	0.0	0.0	0.0	0.0	0.0	0.0	0.0	0.0	0.0	0.0	0.0	0.0	0.0	0.0	0.0	0.0049444	0.031746	0.0038168	0.0	0.0	0.0	0.0	0.0	0.0	
Traquet oreillard	0.0	0.0	0.0	0.0	0.0	0.0	0.0	0.0	0.0	0.0	0.0048544	0.0098814	0.0164384	0.0128205	0.0172117	0.0190616	0.0052493	0.0108696	0.0075188	0.0	0.0	0.0	0.0	0.0	0.0	0.0	0.0	0.0	0.0057471	0.0	0.0	0.0	0.0	0.0	0.0	0.0	0.003876	0.0042735	0.002445	0.0012361	0.0	0.0	0.0	0.0	0.0	0.0	0.0	0.0	
Traquet noir et blanc	0.0	0.0	0.0	0.0	0.0	0.0	0.0	0.0	0.0	0.0	0.0048544	0.013834	0.030137	0.0230769	0.0292599	0.068915	0.0131234	0.0	0.0	0.0	0.0	0.0	0.0	0.0	0.0	0.0015	0.0051546	0.0045872	0.0	0.0038314	0.0	0.0015	0.005814	0.0	0.0	0.0	0.0	0.0	0.00489	0.0	0.0	0.0	0.0	0.0	0.0	0.0	0.0	0.0	
Traquet oreillard ou T. noir et blanc	0.0	0.0	0.0	0.0	0.0	0.0	0.0	0.0	0.0	0.0	0.0	0.0	0.0082192	0.0128205	0.0086059	0.0058651	0.0026247	0.0	0.0	0.0015	0.0	0.0	0.0	0.0	0.0	0.0	0.0	0.0	0.0	0.0	0.0	0.0	0.0	0.0	0.0	0.0	0.0	0.0	0.0	0.0	0.0	0.0	0.0	0.0	0.0	0.0	0.0	0.0	
Traquet à tête blanche	0.0	0.0	0.0	0.0	0.0	0.0	0.0	0.0	0.0	0.0	0.0	0.0	0.0027397	0.0	0.0	0.0	0.0	0.0	0.0	0.0	0.0	0.0	0.0	0.0	0.0	0.0	0.0	0.0	0.0	0.0	0.0	0.0	0.0	0.0	0.0	0.0	0.0	0.0	0.0	0.0	0.0	0.0	0.0	0.0	0.0	0.0	0.0	0.0	
Oenanthe sp.	0.0	0.0	0.0	0.0	0.0	0.0	0.0	0.0	0.0	0.0	0.0	0.0039526	0.0	0.0	0.0017212	0.0	0.0	0.0	0.0	0.0015	0.0	0.0	0.0	0.0	0.0	0.0	0.0	0.0	0.0	0.0015	0.0	0.0	0.0	0.0	0.0	0.0	0.0	0.0	0.002445	0.0	0.0	0.0	0.0	0.0	0.0	0.0	0.0	0.0	
Accenteur alpin	0.0	0.0055866	0.0	0.0	0.0	0.0	0.0	0.0	0.0	0.0	0.0	0.0	0.0	0.0	0.0	0.0	0.0	0.0	0.0	0.0	0.0	0.0	0.0	0.0	0.0	0.0	0.0	0.0	0.0	0.0	0.0	0.0	0.0	0.0	0.0	0.0	0.0	0.0	0.0	0.0037083	0.005291	0.0	0.0124224	0.0	0.0	0.0	0.0	0.0	
Accenteur mouchet	0.0102669	0.0167598	0.0	0.0083333	0.0087719	0.0126582	0.0015	0.0015	0.0111111	0.0	0.0015	0.0039526	0.0027397	0.0	0.0	0.0	0.0	0.0036232	0.0	0.0	0.0	0.0	0.0	0.0	0.0	0.0	0.0	0.0	0.0	0.0	0.0	0.0	0.0	0.0	0.0	0.0	0.003876	0.0042735	0.0464548	0.1223733	0.2248677	0.1717557	0.0931677	0.043956	0.0	0.030303	0.0322581	0.0039841	
Moineau cisalpin	0.0862423	0.1284916	0.1875	0.1666667	0.3070175	0.2531646	0.3407407	0.2589928	0.3333333	0.2348485	0.3106796	0.2766798	0.2876712	0.2923077	0.253012	0.3460411	0.4015748	0.2971014	0.3646617	0.2883117	0.2201835	0.2780749	0.2791878	0.2480315	0.1778846	0.1788991	0.2216495	0.2247706	0.2011494	0.1724138	0.2091837	0.2527881	0.2267442	0.2386364	0.2169811	0.2367491	0.2248062	0.2692308	0.3863081	0.4153276	0.3968254	0.3816794	0.3726708	0.2087912	0.1911765	0.2424242	0.0322581	0.123506	
Moineau domestique ou M. cisalpin	0.0	0.0	0.0	0.0	0.0	0.0	0.0	0.0	0.0	0.0	0.0	0.0	0.0	0.0	0.0	0.0	0.0	0.0	0.0	0.0	0.0	0.0	0.0	0.0	0.0	0.0	0.0	0.0	0.0	0.0	0.0	0.0	0.0	0.0	0.0	0.0	0.0	0.0	0.0	0.0012361	0.0	0.0	0.0	0.0	0.0	0.0	0.0	0.0	
Moineau espagnol	0.0225873	0.0055866	0.03125	0.0166667	0.0877193	0.0253165	0.0148148	0.057554	0.0333333	0.0833333	0.0825243	0.0750988	0.0383562	0.0974359	0.0688468	0.0659824	0.1023622	0.1086957	0.1203008	0.1376623	0.1926606	0.1069519	0.1472081	0.1141732	0.1009615	0.1238532	0.0463918	0.0642202	0.045977	0.0268199	0.0510204	0.0297398	0.0290698	0.0284091	0.0377358	0.0353357	0.0232558	0.0470085	0.0146699	0.0271941	0.037037	0.0305344	0.0248447	0.0549451	0.0147059	0.0015	0.0322581	0.0278884	
Hybride Moineau cisalpin x M. espagnol	0.0015	0.0015	0.0	0.0015	0.0	0.0	0.0	0.0	0.0	0.0015	0.0015	0.0118577	0.0054795	0.0	0.0034423	0.0351906	0.0104987	0.0036232	0.0037594	0.0015	0.0	0.0015	0.0152284	0.0015	0.0	0.0015	0.0015	0.0	0.0	0.0	0.0102041	0.0	0.0	0.0	0.0015	0.0106007	0.0015	0.0015	0.0171149	0.039555	0.0687831	0.0267176	0.0310559	0.0015	0.0015	0.0	0.0322581	0.0	
Moineau cisalpin ou M. espagnol	0.0020534	0.0167598	0.0	0.025	0.0263158	0.0126582	0.0	0.0143885	0.0111111	0.0075758	0.0097087	0.0177866	0.0109589	0.0153846	0.0413081	0.0454545	0.0393701	0.0144928	0.0413534	0.0311688	0.0366972	0.0106952	0.0406091	0.0472441	0.0096154	0.0045872	0.0103093	0.0091743	0.0229885	0.0153257	0.005102	0.0148699	0.0232558	0.0113636	0.0424528	0.0141343	0.0193798	0.0213675	0.0342298	0.0333745	0.015873	0.0152672	0.0186335	0.010989	0.0147059	0.030303	0.0	0.0278884	
Moineau friquet	0.0431211	0.027933	0.0625	0.0583333	0.0438596	0.0253165	0.0666667	0.1654676	0.1	0.1136364	0.0679612	0.0533597	0.0821918	0.0769231	0.0722892	0.1026393	0.1391076	0.1304348	0.1804511	0.1402597	0.1055046	0.1229947	0.1167513	0.0826772	0.1442308	0.0917431	0.0876289	0.1192661	0.1034483	0.0536398	0.0408163	0.0260223	0.0348837	0.0681818	0.0660377	0.1060071	0.0736434	0.1196581	0.1418093	0.1421508	0.1322751	0.148855	0.1428571	0.1208791	0.0735294	0.0151515	0.0322581	0.0717131	
Hybride Moineau espagnol x M. friquet	0.0	0.0	0.0	0.0	0.0	0.0	0.0	0.0	0.0	0.0	0.0	0.0	0.0	0.0	0.0	0.0014663	0.0	0.0	0.0	0.0	0.0	0.0	0.0	0.0	0.0	0.0	0.0	0.0	0.0	0.0	0.0	0.0	0.0	0.0	0.0	0.0	0.0	0.0	0.0	0.0	0.0	0.0	0.0	0.0	0.0	0.0	0.0	0.0	
Moineau soulcie	0.0	0.0	0.0	0.0015	0.0	0.0126582	0.0	0.0	0.0111111	0.0	0.0048544	0.0	0.0015	0.0051282	0.0086059	0.0	0.0183727	0.0108696	0.0150376	0.012987	0.0137615	0.0015	0.0203046	0.003937	0.0096154	0.0	0.0	0.0045872	0.0015	0.0	0.0153061	0.0148699	0.0015	0.0056818	0.0	0.0	0.0	0.008547	0.00489	0.0	0.0026455	0.0015	0.0124224	0.021978	0.0015	0.0	0.0	0.0	
Bergeronnette des ruisseaux	0.0287474	0.027933	0.046875	0.0583333	0.0701754	0.0379747	0.037037	0.0719424	0.0888889	0.0151515	0.0436893	0.0177866	0.0191781	0.0205128	0.0086059	0.0190616	0.007874	0.0289855	0.0150376	0.0311688	0.0321101	0.0213904	0.0015	0.023622	0.0144231	0.0015	0.0103093	0.0045872	0.0	0.0038314	0.0306122	0.0074349	0.0116279	0.0340909	0.0424528	0.0212014	0.0542636	0.1623932	0.195599	0.1792336	0.1587302	0.1068702	0.1490683	0.0549451	0.0441176	0.0454545	0.0322581	0.0318725	
Bergeronnette printanière	0.0	0.0	0.0	0.0	0.0	0.0015	0.0	0.0	0.0111111	0.0227273	0.0339806	0.0869565	0.1041096	0.0615385	0.1256454	0.2316716	0.2152231	0.0507246	0.0488722	0.012987	0.0091743	0.0053476	0.0152284	0.0	0.0048077	0.0045872	0.0	0.0137615	0.0229885	0.0306513	0.0459184	0.0892193	0.1511628	0.0738636	0.1037736	0.0530035	0.0542636	0.1025641	0.1271394	0.0976514	0.0449735	0.0076336	0.0124224	0.0	0.0	0.0	0.0015	0.0	
Bergeronnette grise	0.1457906	0.1955307	0.1875	0.4	0.3684211	0.3037975	0.3333333	0.2374101	0.3111111	0.1742424	0.1553398	0.1027668	0.0794521	0.025641	0.0395869	0.0454545	0.0341207	0.0289855	0.0451128	0.0415584	0.0091743	0.0320856	0.0456853	0.0354331	0.0384615	0.0045872	0.0309278	0.0091743	0.0172414	0.0344828	0.0612245	0.0223048	0.0232558	0.0170455	0.0330189	0.04947	0.0697674	0.1794872	0.3863081	0.5179234	0.5661376	0.4656489	0.4099379	0.2637363	0.25	0.2575758	0.3548387	0.2031873	
bergeronette sp.	0.0	0.0	0.0	0.0	0.0	0.0	0.0	0.0	0.0	0.0	0.0	0.0039526	0.0	0.0	0.0	0.0014663	0.0	0.0	0.0	0.0	0.0015	0.0	0.0	0.0015	0.0	0.0	0.0	0.0	0.0	0.0	0.005102	0.0037175	0.005814	0.0	0.004717	0.0	0.0	0.0042735	0.0	0.0024722	0.0	0.0	0.0	0.0	0.0	0.0	0.0	0.0	
Pipit de Richard	0.0102669	0.0167598	0.0015	0.0166667	0.0087719	0.0	0.0	0.0	0.0333333	0.0015	0.0048544	0.0039526	0.0015	0.0015	0.0034423	0.0102639	0.0	0.0	0.0	0.0	0.0	0.0	0.0	0.0	0.0	0.0	0.0	0.0	0.0	0.0	0.0	0.0	0.0	0.0	0.0	0.0	0.0	0.0042735	0.0146699	0.0123609	0.0079365	0.0114504	0.0062112	0.0	0.0	0.0015	0.0015	0.0079681	
Pipit de Godlewski	0.0	0.0	0.0	0.0	0.0	0.0	0.0	0.0	0.0	0.0	0.0	0.0	0.0	0.0	0.0	0.0	0.0	0.0	0.0	0.0	0.0	0.0	0.0	0.0	0.0	0.0	0.0	0.0	0.0	0.0	0.0	0.0	0.0	0.0	0.0	0.0	0.0	0.0	0.00489	0.0	0.0	0.0	0.0	0.0	0.0	0.0	0.0	0.0	
Pipit rousseline	0.0	0.0	0.0	0.0	0.0	0.0	0.0	0.0071942	0.0	0.0	0.0097087	0.0316206	0.0575342	0.0179487	0.0567986	0.1304985	0.0629921	0.0326087	0.0037594	0.0025974	0.0	0.0053476	0.0	0.0	0.0	0.0	0.0	0.0	0.0	0.0038314	0.0	0.0148699	0.005814	0.0227273	0.009434	0.0070671	0.0271318	0.0128205	0.0391198	0.0457355	0.0079365	0.0	0.0	0.0	0.0	0.0	0.0	0.0	
Pipit farlouse	0.0718686	0.0782123	0.046875	0.1833333	0.122807	0.1012658	0.0666667	0.1007194	0.1444444	0.0681818	0.0970874	0.0869565	0.0684932	0.0205128	0.0154905	0.0058651	0.007874	0.0	0.0	0.0	0.0	0.0	0.0	0.0	0.0	0.0	0.0	0.0	0.0	0.0	0.0	0.0	0.0116279	0.0056818	0.004717	0.0015	0.0	0.042735	0.2322738	0.4116193	0.484127	0.3435115	0.2360248	0.1318681	0.1470588	0.1212121	0.0967742	0.0996016	
Pipit des arbres	0.0	0.0	0.0	0.0	0.0	0.0	0.0	0.0	0.0	0.0	0.0	0.0177866	0.1342466	0.0641026	0.1239243	0.2346041	0.1574803	0.0362319	0.0263158	0.0155844	0.0	0.0	0.0	0.0	0.0	0.0	0.0	0.0	0.0	0.0	0.0	0.0015	0.0	0.0056818	0.0141509	0.0070671	0.0116279	0.025641	0.1393643	0.0778739	0.0529101	0.0229008	0.0124224	0.0	0.0	0.0	0.0	0.0	
Pipit à dos olive	0.0	0.0	0.0	0.0	0.0	0.0	0.0	0.0	0.0	0.0	0.0	0.0	0.0	0.0	0.0	0.0	0.0	0.0	0.0	0.0	0.0	0.0	0.0	0.0	0.0	0.0	0.0	0.0	0.0	0.0	0.0	0.0	0.0	0.0	0.0	0.0	0.0	0.0	0.007335	0.0210136	0.0291005	0.0229008	0.0124224	0.0	0.0	0.0	0.0	0.0	
Pipit des arbres ou P. à dos olive	0.0	0.0	0.0	0.0	0.0	0.0	0.0	0.0	0.0	0.0	0.0	0.0	0.0	0.0	0.0	0.0	0.0	0.0	0.0	0.0	0.0	0.0	0.0	0.0	0.0	0.0	0.0	0.0	0.0	0.0	0.0	0.0	0.0	0.0	0.0	0.0	0.0	0.0	0.0	0.0	0.0	0.0038168	0.0	0.0	0.0	0.0	0.0	0.0	
Pipit à gorge rousse	0.0	0.0223464	0.0015	0.0	0.0	0.0	0.0	0.0071942	0.0111111	0.0075758	0.0097087	0.0177866	0.0547945	0.0230769	0.0567986	0.1319648	0.0629921	0.0217391	0.0075188	0.0025974	0.0	0.0	0.0	0.0	0.0	0.0	0.0	0.0	0.0	0.0	0.0	0.0	0.0	0.0	0.0	0.0	0.003876	0.0213675	0.1100244	0.1742892	0.1402116	0.0763359	0.0621118	0.0	0.0	0.0	0.0	0.0	
Pipit spioncelle	0.0041068	0.0055866	0.0	0.0	0.0087719	0.0126582	0.0	0.0	0.0	0.0	0.0048544	0.0	0.0	0.0	0.0	0.0029326	0.0	0.0	0.0	0.0	0.0	0.0	0.0	0.003937	0.0	0.0	0.0	0.0	0.0	0.0	0.0015	0.0	0.0	0.0	0.0	0.0	0.0	0.0	0.00978	0.0271941	0.031746	0.0229008	0.0310559	0.0	0.0	0.0151515	0.0015	0.0199203	
Pipit farlousane	0.0	0.0	0.0	0.0	0.0	0.0	0.0	0.0	0.0	0.0	0.0	0.0	0.0	0.0	0.0	0.0	0.0	0.0	0.0	0.0	0.0	0.0	0.0	0.0	0.0	0.0	0.0	0.0	0.0	0.0	0.0	0.0	0.0	0.0	0.0	0.0	0.0	0.0	0.0	0.0	0.005291	0.0	0.0	0.0	0.0	0.0	0.0	0.0	
Anthus sp.	0.0020534	0.0	0.0	0.0	0.0	0.0	0.0	0.0	0.0	0.0	0.0	0.0	0.0	0.0	0.0	0.0	0.0	0.0	0.0	0.0	0.0	0.0	0.0	0.0	0.0	0.0	0.0	0.0	0.0	0.0	0.0	0.0	0.0	0.0	0.0	0.0	0.0	0.0042735	0.0	0.0024722	0.0026455	0.0076336	0.0	0.0	0.0	0.0	0.0	0.0	
Pinson des arbres	0.1047228	0.0893855	0.109375	0.1166667	0.1315789	0.1139241	0.0814815	0.0431655	0.1444444	0.0909091	0.1067961	0.0790514	0.0657534	0.1	0.0740103	0.0557185	0.0524934	0.0978261	0.0714286	0.0987013	0.1009174	0.1016043	0.0253807	0.0354331	0.0432692	0.0183486	0.0360825	0.0015	0.0172414	0.0268199	0.005102	0.0111524	0.0174419	0.0170455	0.0330189	0.0212014	0.0193798	0.0811966	0.2371638	0.3473424	0.4126984	0.3320611	0.2795031	0.1758242	0.0441176	0.1212121	0.0322581	0.1394422	
Pinson d'Afrique	0.0	0.0	0.0	0.0	0.0	0.0	0.0	0.0	0.0	0.0	0.0	0.0	0.0	0.0025641	0.0	0.0	0.0	0.0	0.0	0.0	0.0	0.0	0.0	0.0	0.0	0.0	0.0	0.0	0.0	0.0	0.0	0.0	0.0	0.0	0.0	0.0	0.0	0.0	0.0	0.0	0.0	0.0	0.0	0.0	0.0	0.0	0.0	0.0	
Pinson du Nord	0.0015	0.0	0.0	0.0	0.0	0.0	0.0	0.0	0.0	0.0	0.0	0.0	0.0	0.0	0.0	0.0014663	0.0	0.0	0.0	0.0	0.0	0.0	0.0	0.0	0.0	0.0	0.0	0.0	0.0	0.0	0.0	0.0	0.0	0.0	0.0	0.0	0.0	0.0	0.0122249	0.0346106	0.026455	0.0687023	0.0015	0.0	0.0	0.0	0.0	0.0	
Grosbec casse-noyaux	0.0020534	0.0	0.0	0.0	0.0087719	0.0	0.0	0.0071942	0.0015	0.0	0.0015	0.0019763	0.0054795	0.0025641	0.0	0.0	0.0	0.0	0.0	0.0	0.0	0.0	0.0	0.0	0.0	0.0	0.0	0.0	0.0	0.0	0.0	0.0	0.0	0.0	0.0	0.0	0.0	0.0042735	0.0635697	0.1112485	0.0846561	0.0916031	0.0496894	0.0	0.0	0.0015	0.0322581	0.0039841	
Roselin cramoisi	0.0	0.0	0.0	0.0	0.0	0.0	0.0	0.0	0.0	0.0	0.0	0.0	0.0	0.0	0.0	0.0	0.0	0.0	0.0	0.0	0.0	0.0015	0.0	0.0	0.0	0.0	0.0	0.0	0.0	0.0	0.0	0.0	0.0	0.0	0.0	0.0	0.0	0.0	0.0122249	0.0086527	0.0026455	0.0	0.0	0.0	0.0	0.0	0.0	0.0	
Roselin githagine	0.0	0.0	0.0	0.0	0.0	0.0	0.0	0.0	0.0	0.0	0.0	0.0	0.0109589	0.0	0.0017212	0.0014663	0.0	0.0036232	0.0	0.0025974	0.0	0.0	0.0	0.0	0.0	0.0	0.0	0.0	0.0	0.0	0.0	0.0	0.0	0.0	0.0	0.0	0.0	0.0	0.007335	0.0173053	0.0132275	0.0076336	0.0186335	0.0	0.0	0.0	0.0	0.0	
Verdier d'Europe	0.0246407	0.0055866	0.0625	0.0416667	0.0877193	0.0506329	0.1111111	0.1007194	0.1444444	0.1515152	0.1941748	0.1225296	0.1452055	0.1641026	0.1187608	0.127566	0.152231	0.1956522	0.1466165	0.187013	0.1743119	0.1818182	0.1269036	0.1220472	0.1153846	0.0825688	0.0670103	0.0550459	0.0287356	0.0306513	0.0459184	0.0297398	0.0290698	0.0284091	0.0283019	0.0212014	0.0271318	0.0683761	0.0586797	0.0766378	0.0820106	0.0954198	0.1242236	0.032967	0.0441176	0.0909091	0.0322581	0.0318725	
Linotte mélodieuse	0.0780287	0.1005587	0.09375	0.15	0.1315789	0.0759494	0.1037037	0.1582734	0.1555556	0.1515152	0.2135922	0.1245059	0.1452055	0.1923077	0.151463	0.1642229	0.1706037	0.1413043	0.1390977	0.1922078	0.1192661	0.0802139	0.1116751	0.0905512	0.0961538	0.0321101	0.0412371	0.0550459	0.0229885	0.0229885	0.0357143	0.0743494	0.0639535	0.0568182	0.0707547	0.0459364	0.0310078	0.1581197	0.2836186	0.3745365	0.3386243	0.3167939	0.173913	0.0659341	0.0588235	0.1060606	0.1935484	0.1314741	
Bec-croisé des sapins	0.0020534	0.0	0.0	0.0	0.0	0.0	0.0015	0.0	0.0	0.0	0.0194175	0.0079051	0.0	0.0076923	0.0086059	0.0014663	0.0026247	0.0072464	0.0037594	0.0025974	0.0045872	0.0106952	0.0050761	0.0	0.0096154	0.0137615	0.0	0.0	0.0	0.0	0.0102041	0.0	0.005814	0.0	0.0141509	0.0035336	0.003876	0.008547	0.002445	0.0024722	0.005291	0.0114504	0.0124224	0.032967	0.0147059	0.0151515	0.0015	0.0015	
Chardonneret élégant	0.0985626	0.1564246	0.125	0.1916667	0.3421053	0.1898734	0.3111111	0.3021583	0.3	0.4015152	0.3398058	0.2964427	0.290411	0.3564103	0.3046472	0.2859238	0.4120735	0.3949275	0.3496241	0.3974026	0.3440367	0.4278075	0.3654822	0.2637795	0.2980769	0.2293578	0.1804124	0.2110092	0.137931	0.1494253	0.1785714	0.1152416	0.0930233	0.1875	0.1886792	0.1837456	0.1434109	0.2435897	0.1833741	0.1730532	0.2354497	0.1564885	0.1925466	0.1208791	0.1323529	0.1969697	0.2903226	0.1713147	
Serin cini	0.100616	0.1005587	0.15625	0.2083333	0.2280702	0.2278481	0.2740741	0.294964	0.3888889	0.4090909	0.3398058	0.284585	0.290411	0.3230769	0.2547332	0.2595308	0.4251969	0.3188406	0.2969925	0.3220779	0.3669725	0.315508	0.3147208	0.2283465	0.2211538	0.1284404	0.1443299	0.087156	0.045977	0.0306513	0.0357143	0.0260223	0.0290698	0.0397727	0.0566038	0.0282686	0.0542636	0.0512821	0.0977995	0.1199011	0.1428571	0.1412214	0.2049689	0.0659341	0.0441176	0.1212121	0.2258065	0.1394422	
Tarin des aulnes	0.0143737	0.0111732	0.03125	0.0166667	0.0263158	0.0126582	0.0074074	0.0	0.0111111	0.0378788	0.0015	0.013834	0.0246575	0.0128205	0.0017212	0.0102639	0.0026247	0.0072464	0.0037594	0.0025974	0.0015	0.0053476	0.0050761	0.0	0.0	0.0	0.0	0.0	0.0	0.0	0.0	0.0	0.0	0.0	0.0	0.0	0.0015	0.008547	0.1515892	0.2212608	0.2671958	0.1908397	0.1304348	0.0015	0.0015	0.0757576	0.0	0.0039841	
Bruant lapon	0.0	0.0	0.0	0.0	0.0	0.0	0.0	0.0	0.0	0.0	0.0	0.0	0.0	0.0	0.0	0.0	0.0	0.0	0.0	0.0	0.0	0.0	0.0	0.0	0.0	0.0	0.0	0.0	0.0	0.0	0.0	0.0	0.0	0.0	0.0	0.0	0.0	0.0	0.0	0.0	0.0	0.0038168	0.0	0.0	0.0	0.0	0.0	0.0	
Bruant proyer	0.0472279	0.0949721	0.046875	0.125	0.0614035	0.0632911	0.0592593	0.0791367	0.0888889	0.0757576	0.092233	0.0810277	0.0767123	0.0923077	0.1084337	0.0879765	0.0918635	0.0905797	0.0827068	0.0857143	0.087156	0.0641711	0.035533	0.003937	0.0288462	0.0183486	0.0051546	0.0229358	0.0229885	0.0229885	0.0204082	0.0223048	0.0174419	0.0113636	0.0141509	0.0070671	0.003876	0.0299145	0.0880196	0.1236094	0.1031746	0.1183206	0.0745342	0.021978	0.0588235	0.030303	0.0322581	0.0358566	
Bruant fou	0.0061602	0.0	0.0	0.0015	0.0087719	0.0126582	0.0296296	0.0015	0.0555556	0.0454545	0.0339806	0.0098814	0.0136986	0.0205128	0.0223752	0.0175953	0.015748	0.0471014	0.018797	0.038961	0.0229358	0.0374332	0.0304569	0.011811	0.0240385	0.0183486	0.0	0.0045872	0.0057471	0.0015	0.0204082	0.0037175	0.0116279	0.0056818	0.0141509	0.0212014	0.003876	0.025641	0.00978	0.0123609	0.0132275	0.0114504	0.0310559	0.0015	0.0015	0.0	0.0015	0.0079681	
Bruant zizi	0.0184805	0.0223464	0.03125	0.0333333	0.0350877	0.0253165	0.0074074	0.0071942	0.0333333	0.0227273	0.0533981	0.0296443	0.0219178	0.0538462	0.0791738	0.0351906	0.0734908	0.0833333	0.0300752	0.0753247	0.0688073	0.0695187	0.0304569	0.0472441	0.0432692	0.0045872	0.0257732	0.0091743	0.0057471	0.0153257	0.0102041	0.0074349	0.0116279	0.0170455	0.0330189	0.0106007	0.0310078	0.0512821	0.0122249	0.0123609	0.0238095	0.0267176	0.0372671	0.0	0.0147059	0.0015	0.0015	0.0278884	
Bruant ortolan	0.0	0.0	0.0	0.0	0.0	0.0	0.0	0.0	0.0	0.0	0.0	0.0	0.0	0.0	0.0034423	0.0029326	0.0026247	0.0	0.0	0.0	0.0	0.0	0.0	0.0	0.0	0.0	0.0	0.0	0.0	0.0	0.0	0.0	0.0	0.0	0.0	0.0	0.0	0.0	0.00489	0.0	0.0079365	0.0	0.0	0.0	0.0	0.0	0.0	0.0	
Bruant des roseaux	0.0082136	0.0111732	0.0	0.0333333	0.0263158	0.0253165	0.0074074	0.028777	0.0222222	0.0075758	0.0015	0.0059289	0.0054795	0.0	0.0017212	0.0	0.0	0.0	0.0	0.0	0.0	0.0	0.0	0.0	0.0	0.0	0.0	0.0	0.0	0.0	0.0	0.0	0.0	0.0	0.0	0.0	0.0	0.0	0.007335	0.0333745	0.0608466	0.0801527	0.0372671	0.0879121	0.0294118	0.0015	0.0322581	0.0278884	
Bruant auréole	0.0	0.0	0.0	0.0	0.0	0.0	0.0	0.0	0.0	0.0	0.0	0.0	0.0	0.0	0.0	0.0	0.0	0.0	0.0	0.0	0.0	0.0	0.0	0.0	0.0	0.0	0.0	0.0	0.0	0.0	0.0	0.0	0.0	0.0	0.0	0.0	0.0015	0.0	0.0	0.0	0.0	0.0	0.0	0.0	0.0	0.0	0.0	0.0	
Bruant nain	0.0	0.0	0.0	0.0	0.0	0.0	0.0	0.0	0.0	0.0	0.0	0.0	0.0	0.0025641	0.0	0.0	0.0	0.0	0.0	0.0	0.0	0.0	0.0	0.0	0.0	0.0	0.0	0.0	0.0	0.0	0.0	0.0	0.0	0.0	0.0	0.0	0.0	0.0	0.0293399	0.0247219	0.0185185	0.019084	0.0	0.0	0.0	0.0	0.0	0.0	
Bruant rustique	0.0	0.0	0.0	0.0	0.0	0.0	0.0	0.0	0.0	0.0	0.0	0.0	0.0	0.0	0.0	0.0	0.0	0.0	0.0	0.0	0.0	0.0	0.0	0.0	0.0	0.0	0.0	0.0	0.0	0.0	0.0	0.0	0.0	0.0	0.0	0.0	0.0	0.0	0.00978	0.0098888	0.026455	0.0038168	0.0	0.0	0.0	0.0	0.0	0.0	
Emberiza sp.	0.0	0.0	0.0	0.0	0.0	0.0	0.0	0.0	0.0	0.0	0.0	0.0	0.0	0.0	0.0	0.0014663	0.0	0.0	0.0	0.0	0.0	0.0	0.0	0.0	0.0	0.0	0.0	0.0	0.0	0.0	0.0	0.0	0.0	0.0	0.0	0.0	0.0	0.0	0.0	0.0	0.0	0.0	0.0	0.0	0.0	0.0	0.0	0.0	
passereau sp.	0.0	0.0055866	0.0	0.0	0.0087719	0.0126582	0.0	0.0071942	0.0	0.0	0.0097087	0.0098814	0.0	0.0	0.0034423	0.0043988	0.0026247	0.0	0.0112782	0.0077922	0.0	0.026738	0.0203046	0.0015	0.0048077	0.0	0.0	0.0045872	0.0057471	0.0038314	0.0102041	0.0074349	0.0015	0.0284091	0.0141509	0.0070671	0.003876	0.008547	0.00489	0.0049444	0.005291	0.0114504	0.0062112	0.0	0.0	0.0	0.0	0.0	
oiseau sp.	0.0	0.0	0.0	0.0	0.0	0.0	0.0	0.0	0.0	0.0	0.0	0.0	0.0	0.0	0.0	0.0	0.0	0.0	0.0	0.0	0.0	0.0	0.0	0.0	0.0	0.0	0.0	0.0	0.0	0.0	0.0	0.0	0.0	0.0	0.0	0.0	0.0	0.0	0.0	0.0	0.0	0.0	0.0062112	0.0	0.0	0.0	0.0	0.0	

