









Frequency of observations in the selected location(s).:
Number of taxa: 	463

	Jan				Feb				Mar				Apr				May				Jun				Jul				Aug				Sep				Oct				Nov				Dec				
Sample Size:	1748.0	1278.0	1230.0	1742.0	1197.0	1351.0	1415.0	1346.0	1361.0	1180.0	1415.0	2268.0	1790.0	1852.0	2053.0	2687.0	2248.0	2381.0	2007.0	2975.0	1939.0	2094.0	1995.0	2370.0	1878.0	1819.0	1582.0	2183.0	1554.0	1573.0	1714.0	2029.0	1144.0	1005.0	1077.0	1345.0	915.0	1067.0	888.0	1295.0	799.0	720.0	848.0	933.0	665.0	720.0	683.0	1410.0	

Dendrocygne à lunules	0.0	0.0	0.0	0.0	0.0	0.0	0.0	0.0	0.0	0.0	0.0	0.0	0.0	0.0	0.0	0.0	0.0	0.0	0.0	0.0	0.0	0.0	0.0	0.0	0.0	0.0	0.0	0.0	0.0	0.0	0.0	0.0	8.741E-4	0.0	0.0	0.0	0.0	0.0	0.0	0.0	0.0	0.0	0.0	0.0	0.0	0.0	0.0	0.0	
Oie à tête barrée	0.0	0.0	0.0	5.741E-4	0.0	0.0	0.0	0.0	0.0	0.0	0.0	0.0	0.0	0.0	0.0	0.0	0.0	0.0	0.0	0.0	0.0	0.0	0.0	0.0	0.0	0.0	0.0	0.0	0.0	0.0	0.0	0.0	0.0	0.0	0.0	0.0	0.0	0.0	0.0	0.0	0.0	0.0	0.0	0.0010718	0.0	0.0	0.0	0.0	
Oie des neiges	5.721E-4	0.0	0.0	0.0028703	8.354E-4	0.0	7.067E-4	0.0	0.0	0.0	0.0021201	0.0015	0.0011173	0.0010799	4.871E-4	0.0011165	4.448E-4	0.0	0.0	0.0	5.157E-4	4.776E-4	0.0	0.0	0.0	0.0	0.0	0.0	0.0	0.0	0.0	0.0	0.0	0.0	0.0	0.0	0.0	0.0	0.0	0.0	0.0	0.0	0.0	0.0	0.0	0.0	0.0	0.0	
Oie de Ross	0.0	0.0	0.0	0.0	0.0	0.0	0.0	0.0	0.0	0.0	0.0	0.0	0.0	0.0	0.0	0.0	0.0	0.0	0.0	0.0	0.0	0.0	0.0	0.0	0.0	0.0	0.0	0.0	0.0	0.0	0.0	0.0	0.0	0.0	0.0	0.0	0.0	0.0	0.0015	0.0	0.0	0.0	0.0	0.0	0.0	0.0	0.0	0.0	
Oie cendrée	0.0909611	0.0688576	0.0821138	0.0683123	0.0927318	0.0717987	0.0657244	0.0824666	0.092579	0.0805085	0.1208481	0.1366843	0.1290503	0.1387689	0.1388212	0.1347227	0.1174377	0.1154977	0.1155954	0.085042	0.0845797	0.0988539	0.0847118	0.0624473	0.0580405	0.0687191	0.085335	0.0769583	0.0688546	0.0718373	0.0723454	0.0517496	0.0541958	0.0616915	0.0519963	0.0542751	0.0622951	0.076851	0.0641892	0.0687259	0.0600751	0.0583333	0.0778302	0.0814577	0.0511278	0.0611111	0.0834553	0.0716312	
Oie cygnoïde	0.0	0.0	8.13E-4	5.741E-4	0.0	0.0	0.0	7.429E-4	0.0	0.0	0.0	8.818E-4	0.0	5.4E-4	0.0	3.722E-4	4.448E-4	4.2E-4	9.965E-4	0.0015	0.0015	0.0	0.0	0.0	0.0	0.0	0.0	0.0	0.0	0.0	0.0	0.0	8.741E-4	0.0	9.285E-4	0.0	0.0	9.372E-4	0.0	0.0	0.0	0.0	0.0	0.0	0.0015038	0.0	0.0	0.0	
Oie rieuse	0.006865	0.0086072	0.004878	0.0022962	0.0033417	0.0022206	0.004947	0.0089153	0.0080823	0.0059322	0.0042403	0.0017637	0.0039106	0.0043197	0.0043838	3.722E-4	0.0015	4.2E-4	0.0	0.0015	0.0	0.0	0.0	0.0	0.0	0.0	0.0	0.0	0.0	0.0	0.0	0.0	0.0	0.0	0.0	0.0	0.0	9.372E-4	0.0033784	0.0015	0.0050063	0.0027778	0.0	0.0032154	0.0015038	0.0	0.0058565	0.0070922	
Oie naine	0.0	0.0	0.0	0.0	0.0	0.0	0.0	0.0	0.0	0.0	0.0	0.0	0.0	0.0	0.0	0.0	0.0	0.0	0.0	0.0	0.0	0.0	0.0	0.0	0.0	0.0	0.0	0.0	0.0	0.0	0.0	0.0	0.0	0.0	0.0	0.0	0.0	0.0	0.0	0.0	0.0	0.0	0.0	0.0	0.0	0.0	0.0	0.0	
Oie de taïga	0.0	0.0	0.0	5.741E-4	0.0	0.0	0.0	0.0	0.0	0.0	0.0	0.0	0.0	5.4E-4	0.0	0.0	0.0	0.0	0.0	0.0	0.0	0.0	0.0	0.0	0.0	0.0	0.0	0.0	0.0	0.0	0.0	0.0	0.0	0.0	0.0	0.0015	0.0	0.0	0.0	0.0	0.0	0.0	0.0	0.0	0.0	0.0	0.0	0.0	
Oie de toundra	0.0045767	7.825E-4	8.13E-4	0.0015	8.354E-4	0.0015	0.0	0.0015	0.0	0.0	0.0	0.0017637	0.0027933	0.0016199	0.0014613	0.0015	0.0	0.0	0.0	0.0	0.0	0.0	0.0	0.0	0.0	0.0	0.0	0.0	0.0	0.0	0.0	0.0	0.0	0.0	0.0	0.0	0.0	0.0	0.0	0.0	0.0	0.0	0.0	0.0021436	0.0	0.0	0.0	0.0099291	
Oie à bec court	0.0143021	0.0093897	0.0154472	0.0091848	0.0116959	0.0096225	0.0113074	0.0089153	0.0022043	0.0059322	0.0113074	0.005291	0.0044693	0.0026998	0.0038967	0.0052103	0.0013345	0.00168	0.0024913	0.0	0.0	0.0	0.0	0.0	0.0	0.0	0.0	0.0	0.0	0.0	0.0	0.0	0.0	0.0029851	0.0046425	0.002974	0.0032787	0.0056232	0.009009	0.0146718	0.0050063	0.0097222	0.004717	0.0117899	0.0030075	0.0041667	0.0043924	0.0120567	
Bernache cravant	0.0377574	0.0359937	0.0357724	0.0350172	0.0409357	0.0377498	0.0402827	0.0245171	0.0404115	0.0279661	0.029682	0.0321869	0.0256983	0.0178186	0.0155869	0.0063268	0.0031139	8.4E-4	0.0014948	3.361E-4	0.0	4.776E-4	0.0010025	0.0	0.0	0.0	0.0	4.581E-4	6.435E-4	0.0	0.0	9.857E-4	0.0061189	0.0109453	0.0129991	0.0081784	0.0131148	0.0159325	0.0236486	0.0262548	0.0375469	0.0333333	0.0459906	0.0418006	0.0421053	0.0375	0.0380673	0.0340426	
Bernache nonnette	0.0045767	0.0054773	0.0065041	0.0057405	0.0066834	0.0022206	0.0084806	0.0044577	0.0110213	0.0042373	0.0035336	0.0061728	0.0106145	0.0102592	0.0024355	0.0063268	0.0040036	0.0046199	0.0049826	0.0043697	0.0030944	0.0019102	0.00401	0.0063291	0.0015974	0.0038483	0.0018963	0.0027485	0.002574	0.0063573	0.0075846	0.0054214	0.0192308	0.0079602	0.007428	0.0052045	0.0087432	0.0065604	0.0056306	0.0061776	0.0075094	0.0069444	0.0082547	0.0139335	0.0120301	0.0027778	0.0058565	0.0113475	
Hybride Oie des neiges x Bernache nonnette	0.0	0.0	0.0	0.0	0.0	0.0	0.0	0.0	0.0	0.0	0.0	0.0	5.587E-4	5.4E-4	0.0	0.0	0.0	0.0	0.0	0.0	0.0	0.0	0.0	0.0	0.0	0.0	0.0	0.0	0.0	0.0	0.0	0.0	0.0	0.0	0.0	0.0	0.0	0.0	0.0	0.0	0.0	0.0	0.0	0.0	0.0	0.0	0.0	0.0	
Bernache du Canada	0.1933638	0.1690141	0.195122	0.1670494	0.1988304	0.2028127	0.190106	0.2161961	0.2637766	0.2474576	0.2798587	0.2680776	0.2603352	0.2715983	0.2620555	0.2701898	0.2713523	0.2356153	0.2326856	0.2036975	0.1779268	0.1518625	0.1609023	0.1312236	0.112886	0.1291919	0.136536	0.1548328	0.1705277	0.1602034	0.1569428	0.1399704	0.1564685	0.1492537	0.1652739	0.1412639	0.1398907	0.1368322	0.1745495	0.1444015	0.1627034	0.1666667	0.182783	0.1854234	0.1443609	0.1680556	0.1976574	0.1879433	
Hybride Oie cendrée x Bernache du Canada	0.0017162	0.0015	0.002439	0.0017222	0.0	0.0	7.067E-4	0.0014859	0.0022043	8.475E-4	7.067E-4	8.818E-4	5.587E-4	0.0016199	4.871E-4	0.0	4.448E-4	0.00126	9.965E-4	0.0015	0.0015	0.0019102	0.0015038	0.0012658	0.0026624	5.498E-4	0.0	9.162E-4	0.0	0.0012715	5.834E-4	0.0014786	8.741E-4	0.0	0.003714	7.435E-4	0.0	9.372E-4	0.0011261	7.722E-4	0.0012516	0.0027778	0.004717	0.0021436	0.0	0.0	0.0	0.0014184	
Hybride Anser sp. (forme domestique) x Bernache du Canada	0.0	0.0	0.0	0.0	0.0	0.0	0.0	0.0	0.0	0.0	0.0	0.0	0.0	0.0	0.0	0.0	0.0	0.0	0.0	0.0	0.0	0.0	0.0	0.0	0.0	0.0	0.0	0.0	0.0	0.0	0.0	0.0	8.741E-4	0.0	0.0	0.0	0.0	0.0	0.0	0.0	0.0	0.0	0.0	0.0	0.0	0.0	0.0	0.0	
Hybride Bernache nonnette x B. du Canada	0.0	0.0	0.0	0.0	0.0	0.0	0.0	0.0	0.0	0.0	0.0	0.0	0.0	0.0	0.0	0.0	0.0	0.0015	0.0	0.0	0.0	0.0	0.0	0.0	0.0	0.0	0.0	0.0	0.0	0.0	0.0	0.0	0.0	0.0	0.0	0.0	0.0	0.0	0.0	0.0	0.0	0.0	0.0	0.0	0.0	0.0	0.0	0.0	
Bernache à cou roux	0.0	0.0	0.0	0.0	0.0	0.0	0.0	0.0	0.0	0.0	0.0	0.0	0.0	0.0	0.0	0.0	0.0	0.0	0.0	0.0	0.0	0.0	0.0	0.0	0.0	0.0	0.0	0.0	0.0	0.0	0.0	0.0	0.0	0.0	0.0	0.0	0.0	0.0	0.0	0.0	0.0	0.0	0.0	0.0	0.0	0.0	0.0	0.0	
Cygne tuberculé	0.1967963	0.1948357	0.1869919	0.1572905	0.160401	0.1658031	0.1583039	0.1352155	0.1557678	0.1584746	0.1731449	0.1684303	0.1636872	0.1603672	0.1592791	0.1745441	0.1641459	0.1604368	0.1474838	0.1384874	0.1521403	0.1547278	0.1383459	0.121519	0.1112886	0.1456844	0.1314791	0.1337609	0.1293436	0.137953	0.1744457	0.1720059	0.1748252	0.1900498	0.1912721	0.1814126	0.1934426	0.2211809	0.2173423	0.1984556	0.2277847	0.1861111	0.2370283	0.2325831	0.1909774	0.2069444	0.1888726	0.1822695	
Cygne noir	0.0011442	0.0	0.0073171	0.0017222	8.354E-4	0.003701	0.0015	7.429E-4	7.348E-4	0.0	7.067E-4	4.409E-4	0.0015	0.0021598	0.0024355	0.0011165	4.448E-4	0.00126	0.0	0.0020168	0.013409	0.0162369	5.013E-4	0.0021097	0.0021299	0.0016493	0.0018963	0.0022904	0.003861	0.0019072	0.0017503	0.0039428	0.0034965	0.00199	0.001857	0.0052045	0.0021858	0.0037488	0.0022523	7.722E-4	0.0	0.0013889	0.0011792	0.0	0.0	0.0013889	0.0014641	0.0014184	
Cygne de Bewick	0.0022883	0.0015649	0.0015	0.0	8.354E-4	0.0	0.0	0.0	0.0	0.0	0.0	0.0	0.0	0.0	0.0	0.0	0.0	0.0	0.0	0.0	0.0	0.0	0.0	0.0	0.0	0.0	0.0	0.0	0.0	0.0	0.0	0.0	0.0	0.0	0.0	0.0	0.0	0.0	0.0	0.0	0.0	0.0	0.0	0.0	0.0	0.0	0.0	0.0	
Cygne chanteur	0.0143021	0.0078247	0.0073171	0.0045924	0.0100251	0.0103627	0.0084806	0.0096582	0.0036738	0.0067797	0.004947	0.0022046	0.0011173	5.4E-4	0.0024355	0.0011165	0.0	0.0	0.0	0.0015	0.0010315	0.0	0.0015	0.0	0.0	0.0010995	0.0018963	0.0	0.0	0.0015	0.0	0.0	0.0034965	0.0029851	9.285E-4	0.001487	0.0032787	0.0103093	0.0101351	0.0108108	0.0037547	0.0138889	0.0129717	0.0085745	0.0075188	0.0083333	0.0102489	0.0113475	
Hybride Cygne trompette x C. chanteur	0.0	0.0	0.0	0.0	0.0	0.0	0.0	0.0	0.0	0.0	0.0	0.0	0.0	0.0	0.0	0.0	0.0	0.0	0.0	0.0	0.0	0.0	0.0	0.0	0.0	0.0	0.0	0.0	0.0	0.0	0.0	0.0	0.0	0.0	0.0	0.0	0.0	0.0	0.0	0.0	0.0	0.0	0.0	0.0	0.0	0.0	0.0014641	0.0	
cygne sp.	0.0	7.825E-4	8.13E-4	0.0015	0.0	7.402E-4	0.0	0.0	0.0	0.0	0.0	0.0015	0.0	0.0	0.0	7.443E-4	0.0	4.2E-4	0.0	0.0015	0.0	0.0	0.0	0.0	0.0	0.0	0.0	0.0	0.0	6.357E-4	0.0	0.0	0.0	0.0	9.285E-4	7.435E-4	0.0	0.0	0.0011261	0.0	0.0	0.0	0.0011792	0.0	0.0	0.0015	0.0	7.092E-4	
anatidé sp. (oie sp.)	5.721E-4	0.0	0.001626	0.0022962	0.0	0.0015	0.0	0.0	0.0	0.0	0.0	4.409E-4	5.587E-4	5.4E-4	4.871E-4	3.722E-4	4.448E-4	0.0	4.983E-4	0.0	5.157E-4	9.551E-4	0.0	0.0	0.0	0.0016493	6.321E-4	0.0013743	0.0	6.357E-4	5.834E-4	4.929E-4	0.0	0.0015	9.285E-4	0.0	0.0010929	9.372E-4	0.0	7.722E-4	0.0	0.0013889	0.0	0.0	0.0015038	0.0041667	0.0058565	0.0028369	
Ouette d'Égypte	0.0028604	0.0	0.003252	5.741E-4	0.0015	0.0	7.067E-4	0.0014859	0.0022043	0.0015	0.0	0.0030864	0.0027933	0.0021598	0.0034096	0.0018608	0.0013345	8.4E-4	4.983E-4	3.361E-4	0.0	4.776E-4	0.0	8.439E-4	5.325E-4	0.0	0.0015	0.0	0.0	0.0012715	5.834E-4	9.857E-4	8.741E-4	9.95E-4	9.285E-4	0.001487	0.0021858	0.0065604	0.0078829	0.0046332	0.0025031	0.0013889	0.0023585	0.0042872	0.0	0.0027778	0.0029283	0.0042553	
Tadorne casarca	5.721E-4	0.0015	0.001626	5.741E-4	0.0015	0.0	0.0	0.0	7.348E-4	0.0	0.0	0.0	0.0	0.0	4.871E-4	0.0	4.448E-4	0.0	0.0	0.0	0.0	0.0	0.0	0.0	0.0	5.498E-4	0.0	9.162E-4	0.0	0.0	0.0	0.0	0.0	0.0	9.285E-4	0.0015	0.0010929	0.0	0.0	0.0	0.0	0.0	0.0011792	0.0	0.0	0.0	0.0	0.0	
Tadorne de Belon	0.1184211	0.1330203	0.1536585	0.1452354	0.1654135	0.1361954	0.160424	0.1389302	0.140338	0.1610169	0.1618375	0.154321	0.1435754	0.163067	0.1704822	0.1804987	0.1659253	0.1558169	0.163428	0.1394958	0.1346055	0.1427889	0.126817	0.0843882	0.0692226	0.0516767	0.0619469	0.0499313	0.0521236	0.0546726	0.0723454	0.0625924	0.0498252	0.0636816	0.0631383	0.0498141	0.0513661	0.0880975	0.0844595	0.0671815	0.1088861	0.1083333	0.1320755	0.1275456	0.112782	0.1111111	0.1127379	0.0985816	
Canard musqué	0.0	7.825E-4	8.13E-4	0.0	8.354E-4	0.0	0.0	0.0	0.0014695	0.0	0.0014134	4.409E-4	5.587E-4	0.0	0.0	7.443E-4	0.0	0.0	4.983E-4	0.0	0.0	0.0	5.013E-4	8.439E-4	0.0	0.0	0.0	0.0	0.0	0.0	0.0	0.0015	8.741E-4	0.0	0.0	0.0	0.0	0.0	0.0011261	0.0	0.0	0.0	0.0011792	0.0	0.0	0.0013889	0.0	7.092E-4	
Canard à collier noir	0.0	0.0	0.0	0.0	0.0	0.0	0.0	0.0	0.0	0.0	0.0	0.0	0.0	0.0	0.0	0.0	0.0	0.0	0.0	0.0	0.0	0.0	0.0	0.0	0.0	0.0	0.0	0.0	0.0	0.0	0.0	0.0	0.0	0.0	0.0	0.0	0.0	0.0	0.0	7.722E-4	0.0	0.0	0.0	0.0	0.0	0.0	0.0	0.0	
Canard carolin	0.0	7.825E-4	8.13E-4	0.0	0.0016708	0.0	7.067E-4	7.429E-4	0.0015	0.0015	7.067E-4	0.0	0.0	5.4E-4	0.0	0.0	4.448E-4	0.0	0.0	0.0015	0.0015	4.776E-4	5.013E-4	0.0	0.0	0.0015	0.0	0.0	0.0	0.0	0.0	0.0	0.0	0.0	0.0015	0.0	0.0	0.0	0.0	0.0	0.0	0.0027778	0.0	0.0	0.0	0.0	0.0	0.0	
Canard mandarin	0.0022883	0.0023474	0.001626	0.0040184	0.0041771	0.0014804	0.0056537	0.0081724	0.0044085	0.0067797	0.0077739	0.010582	0.0089385	0.0145788	0.0087677	0.0055824	0.0080071	0.0088198	0.0064773	0.0090756	0.0051573	0.0052531	0.0035088	0.0080169	0.0090522	0.0060473	0.0044248	0.0064132	0.002574	0.0057216	0.0029172	0.0039428	0.0026224	0.0015	9.285E-4	0.002974	0.0043716	9.372E-4	0.0045045	0.0046332	0.0025031	0.0055556	0.0035377	0.0032154	0.0015038	0.0027778	0.0029283	0.0021277	
Sarcelle élégante	0.0011442	0.0023474	0.0065041	0.0040184	0.005848	0.003701	0.0	0.0014859	0.005878	8.475E-4	0.0015	0.0	0.0	0.0	0.0	0.0	0.0	0.0	0.0	0.0	0.0	0.0	0.0	0.0	0.0	0.0	0.0	0.0	0.0	0.0	0.0	0.0	0.0	0.0	0.0	0.0	0.0	0.0	0.0	0.0	0.0	0.0	0.0	0.0	0.0	0.0	0.0	0.0	
Sarcelle d'été	0.0	0.0	0.0	0.0	0.0	0.0	0.0	0.0	0.0	8.475E-4	0.004947	4.409E-4	0.003352	0.0048596	0.0029226	0.0044659	0.0075623	0.0067199	0.0044843	0.0016807	0.0	0.0023878	5.013E-4	0.0	0.0	0.0	0.0	0.0	0.001287	0.0038144	0.0070012	0.0059142	0.0052448	0.0099502	0.0111421	0.004461	0.0043716	0.0018744	0.0011261	0.0030888	0.0012516	0.0	0.0011792	0.0	0.0	0.0	0.0	0.0	
Sarcelle bariolée	0.0	0.0	0.0	0.0	0.0	0.0	0.0	0.0	0.0	0.0	0.0	0.0	0.0	0.0	0.0	0.0	0.0	0.0	0.0	3.361E-4	0.0	0.0	0.0	0.0	0.0	0.0	0.0	0.0	0.0	0.0	0.0	0.0	0.0	0.0	0.0	0.0	0.0	0.0	0.0	0.0	0.0	0.0	0.0	0.0	0.0	0.0	0.0	0.0	
Canard souchet	0.0617849	0.0798122	0.095935	0.0723307	0.0793651	0.0673575	0.064311	0.0557207	0.0764144	0.0677966	0.0763251	0.0727513	0.072067	0.0647948	0.0599123	0.0707108	0.0493772	0.0428391	0.0358744	0.0322689	0.0211449	0.0138491	0.0135338	0.0067511	0.0085197	0.0038483	0.0069532	0.0100779	0.0135135	0.0146217	0.0215869	0.0354855	0.0367133	0.0477612	0.0584958	0.0438662	0.0601093	0.0693533	0.088964	0.0795367	0.0625782	0.0916667	0.0731132	0.1007503	0.0827068	0.0736111	0.0775988	0.0652482	
Canard chipeau	0.0652174	0.0719875	0.0878049	0.0568312	0.0609858	0.0673575	0.0650177	0.0572065	0.0595151	0.0669492	0.0862191	0.069224	0.0765363	0.0842333	0.0774476	0.0896911	0.0622776	0.0592188	0.0548082	0.0403361	0.0314595	0.0315186	0.0345865	0.0194093	0.0138445	0.0192413	0.0183312	0.0229043	0.0225225	0.0235219	0.0385064	0.0522425	0.0428322	0.0666667	0.0547818	0.0379182	0.0404372	0.0599813	0.0630631	0.0594595	0.0413016	0.0611111	0.0660377	0.0803859	0.0706767	0.0527778	0.0702782	0.0652482	
Canard siffleur	0.1842105	0.1627543	0.200813	0.1653272	0.1729323	0.1591414	0.1738516	0.1240713	0.1359295	0.1449153	0.1363958	0.0877425	0.0659218	0.0415767	0.0301997	0.0241905	0.008452	0.0109198	0.0114599	0.0043697	0.0025786	0.0052531	0.0030075	0.0037975	0.0015974	0.0038483	0.0037927	0.0022904	0.005148	0.0050858	0.0093349	0.020207	0.0541958	0.0517413	0.082637	0.0869888	0.1224044	0.1340206	0.1576577	0.1382239	0.1589487	0.1625	0.1721698	0.210075	0.1744361	0.1430556	0.1493411	0.1673759	
Canard à front blanc	0.0017162	0.0015649	0.002439	5.741E-4	0.0016708	0.0015	0.004947	0.0029718	0.0022043	8.475E-4	0.0042403	4.409E-4	0.0022346	0.0021598	0.0024355	0.0014886	0.0	0.0	0.0	0.0	0.0	0.0	0.0	0.0	0.0	0.0	0.0	0.0	0.0	0.0	0.0	0.0	0.0	0.0	0.0	0.0	0.0	0.0	0.0	0.0	0.0015	0.0027778	0.0	0.0015	0.0	0.0069444	0.0058565	0.0021277	
Canard colvert	0.3546911	0.3599374	0.3634146	0.3415614	0.3450292	0.3441895	0.3575972	0.3291233	0.3754592	0.3949153	0.3872792	0.3910935	0.3625698	0.3763499	0.3706771	0.3710458	0.3483096	0.3418732	0.303438	0.2971429	0.2898401	0.2917861	0.2521303	0.2472574	0.228967	0.2627817	0.2597977	0.2675218	0.2728443	0.2816275	0.3068845	0.2927551	0.3050699	0.3263682	0.3305478	0.2877323	0.3464481	0.3467666	0.3637387	0.3397683	0.3541927	0.35	0.4009434	0.3858521	0.3533835	0.3708333	0.3762811	0.3624113	
Hybride Canard chipeau x C. colvert	0.0	0.0	0.0	0.0	0.0	0.0	0.0	0.0	0.0	0.0	0.0	0.0	0.0	0.0	0.0	0.0	4.448E-4	0.0	0.0	0.0	0.0	0.0	0.0	0.0	0.0	0.0	0.0	0.0	0.0	0.0	0.0	0.0	0.0	0.0	0.0	0.0	0.0	0.0	0.0	0.0	0.0	0.0	0.0	0.0	0.0	0.0	0.0	0.0	
Canard noir	0.0	0.0	0.0	0.0	0.0	0.0	0.0	0.0	0.0	0.0	0.0	0.0	0.0	0.0	0.0	0.0	0.0	0.0	0.0	0.0	0.0	0.0	0.0	0.0	0.0	0.0	0.0	0.0	0.0	0.0	0.0	0.0	0.0	0.0	0.0	0.0	0.0	0.0	0.0	0.0	0.0	0.0	0.0	0.0	0.0	0.0	0.0015	0.0	
Canard pilet	0.0463387	0.0492958	0.0617886	0.0516648	0.053467	0.0532939	0.0325088	0.0297177	0.041881	0.0330508	0.0310954	0.0246914	0.0167598	0.012959	0.0126644	0.018236	0.0053381	0.0025199	9.965E-4	0.0010084	0.0015	0.0023878	0.0010025	8.439E-4	0.0015	5.498E-4	0.0012642	0.0027485	0.0	0.0025429	0.0011669	0.0069	0.0122378	0.0169154	0.0148561	0.0163569	0.0262295	0.0328022	0.0394144	0.0332046	0.028786	0.0291667	0.0495283	0.0482315	0.0511278	0.0472222	0.0409956	0.0326241	
Hybride Canard siffleur x C. pilet	0.0	0.0	0.0	5.741E-4	0.0	0.0	0.0	0.0	0.0	0.0	0.0	0.0	0.0	0.0	0.0	0.0	0.0	0.0	0.0	0.0	0.0	0.0	0.0	0.0	0.0	0.0	0.0	0.0	0.0	0.0	0.0	0.0	0.0	0.0	0.0	0.0	0.0	0.0	0.0	0.0	0.0	0.0	0.0	0.0	0.0	0.0	0.0	0.0	
Sarcelle d'hiver	0.159611	0.1690141	0.1837398	0.1704937	0.1695906	0.1480385	0.1547703	0.127786	0.1469508	0.1330508	0.1385159	0.1181658	0.1055866	0.0961123	0.0696542	0.0621511	0.0302491	0.0209996	0.0139512	0.0107563	0.0103146	0.0157593	0.0185464	0.0189873	0.015442	0.0186916	0.017067	0.0233623	0.0341055	0.0425938	0.0659277	0.0803351	0.1083916	0.1323383	0.1299907	0.1026022	0.1311475	0.1349578	0.1542793	0.1413127	0.1376721	0.1625	0.1698113	0.1918542	0.1578947	0.1444444	0.1464129	0.177305	
Hybride Canard colvert x Sarcelle d'hiver	0.0	0.0	0.0	0.0	0.0	7.402E-4	0.0	0.0	0.0	0.0	0.0	0.0	0.0	0.0	0.0	0.0	0.0	0.0	0.0	0.0	0.0	0.0	0.0	0.0	0.0	0.0	0.0	0.0	0.0	0.0	0.0	0.0	0.0	0.0	0.0	0.0	0.0	0.0	0.0	0.0	0.0	0.0	0.0	0.0	0.0	0.0	0.0	0.0	
Anas sp.	0.0	0.0	0.0	0.0011481	0.0	0.0	7.067E-4	0.0	0.0	0.0	0.0014134	0.0	5.587E-4	0.0	4.871E-4	0.0	0.0	0.0	9.965E-4	0.0	0.0	4.776E-4	0.0	0.0	0.0	0.0	0.0012642	0.0	0.0	0.0	0.0011669	0.0	0.0017483	0.0	9.285E-4	0.0	0.0	0.0	0.0	0.0015444	0.0025031	0.0013889	0.0011792	0.0	0.0	0.0	0.0014641	7.092E-4	
Nette rousse	0.0	0.0	0.0	0.0	0.0	0.0	0.0	0.0	7.348E-4	0.0016949	0.0014134	0.0015	0.0	0.0	0.0	0.0011165	0.0	0.0	0.0	0.0	0.0	0.0	0.0	0.0	0.0	0.0	0.0	0.0	0.0	0.0	0.0	0.0	0.0	0.0	0.0	0.0	0.0	0.0	0.0	0.0	0.0	0.0	0.0	0.0010718	0.0	0.0013889	0.0	0.0021277	
Fuligule milouin	0.0532037	0.0571205	0.0552846	0.0344432	0.0517962	0.0333087	0.0466431	0.0326895	0.0345334	0.0398305	0.0275618	0.0194004	0.0195531	0.0194384	0.0126644	0.016003	0.0169039	0.0142797	0.0129547	0.0084034	0.0072202	0.0057307	0.006015	0.0033755	0.0021299	0.004398	0.0044248	0.0022904	0.006435	0.0057216	0.0075846	0.0098571	0.0104895	0.0089552	0.0120706	0.0089219	0.0065574	0.0056232	0.009009	0.0223938	0.028786	0.0305556	0.0507075	0.0525188	0.0571429	0.0666667	0.079063	0.0496454	
Fuligule à bec cerclé	0.0143021	0.0234742	0.0097561	0.0086108	0.0083542	0.0081421	0.0063604	0.0081724	0.0051433	0.0025424	0.0070671	0.0083774	0.0078212	0.0037797	0.0058451	0.0	0.0	0.0015	4.983E-4	6.723E-4	5.157E-4	4.776E-4	0.0	0.0	0.0	5.498E-4	0.0018963	9.162E-4	6.435E-4	0.0	0.0	9.857E-4	0.0	0.0	0.0	0.002974	0.0	0.0018744	0.0022523	0.0084942	0.0075094	0.0083333	0.0058962	0.0053591	0.0120301	0.0166667	0.0102489	0.0070922	
Fuligule nyroca	0.0015	7.825E-4	0.0	0.0	0.0	0.0	0.0	0.0	0.0	0.0	0.0	0.0	0.0	0.0	0.0	0.0	0.0	0.0	0.0	0.0	0.0	0.0	0.0	0.0	0.0	0.0	0.0	0.0	0.0	0.0	0.0	0.0	0.0	0.0	0.0	0.0	0.0	0.0	0.0	0.0	0.0	0.0	0.0015	0.0	0.0	0.0	0.0	0.0	
Fuligule morillon	0.1538902	0.1588419	0.1422764	0.1280138	0.1361738	0.1199112	0.1208481	0.115899	0.1351947	0.1330508	0.1222615	0.1243386	0.1256983	0.1117711	0.0935217	0.0900633	0.077847	0.0692986	0.0672646	0.0689076	0.0598247	0.0644699	0.0651629	0.0599156	0.0457934	0.0450797	0.0461441	0.0403115	0.0508366	0.0540369	0.0548425	0.0724495	0.0673077	0.0706468	0.086351	0.0825279	0.1027322	0.0871603	0.1126126	0.1135135	0.1376721	0.1194444	0.1521226	0.1639871	0.1368421	0.1819444	0.1742313	0.1397163	
Hybride Fuligule milouin x F. morillon	0.0	0.0	0.0	5.741E-4	0.0	0.0	0.0	0.0	0.0	0.0	0.0	0.0	5.587E-4	0.0	0.0	0.0	0.0	0.0	0.0	0.0	0.0	0.0	0.0	0.0	0.0	0.0	0.0	0.0	0.0	0.0	0.0	0.0	0.0	0.0	0.0	0.0	0.0	0.0	0.0	0.0	0.0	0.0	0.0	0.0	0.0015038	0.0	0.0	0.0	
Fuligule milouinan	0.0251716	0.0203443	0.0138211	0.0114811	0.0142022	0.0081421	0.0084806	0.013373	0.0110213	0.0050847	0.0063604	0.0057319	0.0039106	0.0032397	0.0019484	0.0015	0.0	8.4E-4	9.965E-4	3.361E-4	0.0	0.0	0.0	0.0	0.0	0.0	0.0015	0.0	0.0	6.357E-4	0.0	0.0	8.741E-4	0.0	0.0015	7.435E-4	0.0010929	9.372E-4	0.0033784	7.722E-4	0.0025031	0.0027778	0.0129717	0.0192926	0.0150376	0.025	0.0278184	0.012766	
Fuligule à tête noire	0.0017162	0.0015649	8.13E-4	0.0011481	0.0015	7.402E-4	0.0	0.0	0.0	0.0015	0.0	4.409E-4	0.0011173	0.0	9.742E-4	0.0	0.0	0.0	0.0	0.0	0.0	0.0	0.0	0.0	0.0	0.0	0.0	0.0	0.0	0.0	0.0	0.0	0.0	0.0	0.0	0.0	0.0	0.0	0.0	0.0	0.0012516	0.0	0.0	0.0	0.0	0.0	0.0	0.0021277	
fuligule sp.	0.0	0.0	0.0	0.0	0.0	0.0	0.0	0.0	0.0	0.0	0.0	0.0	0.0	0.0	0.0	0.0	0.0	0.0	0.0	0.0	0.0	0.0	0.0	0.0	0.0	0.0	0.0	0.0	0.0	0.0	0.0	0.0	0.0	0.0	0.0	0.0	0.0	0.0	0.0	0.0	0.0	0.0	0.0	0.0	0.0015038	0.0	0.0	0.0	
Eider à tête grise	0.0	0.0	0.0	0.0	0.0	0.0	0.0	0.0	0.0	0.0	0.0	0.0	0.0	0.0	0.0	0.0	0.0	0.0	0.0	0.0	0.0	0.0	0.0	0.0	0.0	0.0	0.0	0.0	0.0	0.0	0.0	0.0	0.0	0.0	0.0	0.0	0.0	0.0	0.0	0.0	0.0	0.0015	0.0	0.0	0.0	0.0013889	0.0	0.0	
Eider à duvet	0.0108696	0.0172144	0.0195122	0.0183697	0.021721	0.0103627	0.014841	0.0156018	0.0168993	0.020339	0.0282686	0.0233686	0.027933	0.025378	0.0204579	0.0174916	0.0209075	0.0155397	0.0119581	0.010084	0.0185663	0.0224451	0.0065163	0.0080169	0.0085197	0.006597	0.0050569	0.0027485	0.006435	0.0044501	0.0134189	0.0078857	0.0096154	0.0159204	0.007428	0.0133829	0.0185792	0.0159325	0.0078829	0.007722	0.0150188	0.0166667	0.0165094	0.0150054	0.0120301	0.0111111	0.011713	0.0106383	
Macreuse à front blanc	0.0022883	0.0023474	0.0089431	0.0080367	0.0091896	0.0148038	0.0113074	0.0081724	0.005878	0.0050847	0.0028269	0.0013228	0.0027933	5.4E-4	0.0019484	0.0015	4.448E-4	0.0	0.0	0.0	0.0	0.0	0.0	0.0	0.0	0.0	0.0	0.0	0.0	0.0	0.0	0.0	0.0	0.0	9.285E-4	0.0	0.0015	0.0	0.0011261	0.0030888	0.0025031	0.0027778	0.0011792	0.0	0.0030075	0.0013889	0.0014641	0.0014184	
Macreuse brune	0.0028604	0.0023474	0.0056911	0.0022962	0.0033417	0.0133235	0.0091873	0.0066865	0.0095518	0.0042373	0.004947	0.0026455	0.003352	0.0010799	0.0014613	0.0	0.0	0.0	0.0	0.0	0.0	0.0	0.0	4.219E-4	0.0	0.0	0.0	0.0	0.0	0.0	0.0	0.0	0.0	0.0	0.0	0.0	0.0	0.0	0.0	0.0	0.0037547	0.0	0.0070755	0.0010718	0.006015	0.0013889	0.0015	0.0035461	
Macreuse noire	0.0434783	0.0492958	0.0552846	0.0396096	0.0434419	0.0473723	0.0537102	0.0371471	0.047759	0.0313559	0.0367491	0.0229277	0.0189944	0.0151188	0.010716	0.011537	0.0062278	0.0037799	0.0044843	0.0036975	0.0036101	0.0023878	0.0030075	0.0046414	0.0042599	0.0054975	0.0088496	0.0119102	0.0212355	0.0120788	0.0140023	0.0211927	0.0428322	0.040796	0.0389972	0.0334572	0.0240437	0.0253046	0.0213964	0.0355212	0.0350438	0.0388889	0.053066	0.039657	0.0360902	0.0375	0.0366032	0.0368794	
macreuse sp.	0.0	0.0	0.0	0.0015	0.0	0.0	0.0	0.0	0.0	0.0	0.0	0.0	0.0	0.0	0.0	0.0	0.0	0.0	0.0	0.0	0.0	0.0	0.0	0.0	0.0	0.0	0.0	0.0	0.0	0.0	0.0	0.0	0.0	0.0	0.0	0.0	0.0	0.0	0.0	0.0	0.0	0.0	0.0	0.0	0.0	0.0013889	0.0	0.0	
Harelde boréale	0.006865	0.0054773	0.0056911	0.0045924	0.0075188	0.0096225	0.0077739	0.0081724	0.0051433	0.0110169	0.0042403	0.005291	0.003352	0.0016199	0.0019484	0.0011165	0.0013345	8.4E-4	0.0015	3.361E-4	5.157E-4	9.551E-4	5.013E-4	0.0	0.0	0.0	0.0	4.581E-4	0.0	0.0	0.0	0.0	0.0	0.0	0.0	0.0	0.0	0.0	0.0033784	0.007722	0.0062578	0.0041667	0.009434	0.0085745	0.0030075	0.0041667	0.0058565	0.0078014	
Garrot albéole	0.0034325	0.0023474	0.0	0.0034443	0.0	0.0081421	0.009894	0.0	0.0	0.0	0.0	0.0	0.0	0.0	0.0	0.0	0.0	0.0	0.0	0.0	0.0	0.0	0.0	0.0	0.0	0.0	0.0	0.0	0.0	0.0	0.0	0.0	0.0	0.0	0.0	0.0	0.0	0.0	0.0	0.0	0.0	0.0	0.0	0.0	0.0	0.0027778	0.0248902	0.0056738	
Garrot à oeil d'or	0.0703661	0.0524257	0.0699187	0.0619977	0.053467	0.0629164	0.0600707	0.038633	0.0396767	0.0474576	0.0360424	0.0352734	0.0212291	0.011879	0.0014613	7.443E-4	0.0	0.0	0.0	0.0	0.0	0.0	0.0	0.0	0.0	0.0	0.0	0.0	6.435E-4	0.0	0.0	0.0	0.0	9.95E-4	0.0	0.0	0.0021858	0.0037488	0.009009	0.0216216	0.0175219	0.0277778	0.0495283	0.0503751	0.0526316	0.0569444	0.0702782	0.0531915	
Harle piette	0.0017162	0.0015649	0.002439	0.0017222	8.354E-4	0.0	7.067E-4	0.0	0.0022043	0.0016949	0.0014134	4.409E-4	0.0	0.0010799	4.871E-4	0.0	0.0	0.0	0.0	0.0	0.0	0.0	0.0	0.0	0.0	0.0	0.0	0.0	0.0	0.0	0.0	0.0	0.0	0.0	0.0	0.0	0.0	0.0	0.0	0.0	0.0	0.0	0.0	0.0085745	0.006015	0.0041667	0.0014641	7.092E-4	
Harle bièvre	0.0812357	0.0946792	0.0788618	0.0947187	0.0902256	0.1006662	0.0763251	0.0698366	0.0749449	0.0627119	0.0621908	0.0568783	0.0435754	0.0367171	0.031661	0.0230741	0.0302491	0.0243595	0.0159442	0.022521	0.024755	0.0281757	0.0175439	0.0185654	0.0111821	0.0148433	0.0189633	0.0155749	0.0238095	0.0336936	0.0315053	0.0216856	0.0262238	0.0378109	0.0278552	0.0438662	0.0469945	0.0459231	0.0720721	0.0625483	0.0725907	0.0875	0.0896226	0.0953912	0.0781955	0.0888889	0.0922401	0.0843972	
Harle huppé	0.0491991	0.0508607	0.0544715	0.0413318	0.0568087	0.054034	0.0586572	0.0416048	0.0462895	0.0389831	0.0402827	0.037037	0.0357542	0.0286177	0.0267901	0.0208411	0.0142349	0.0235195	0.0159442	0.0171429	0.0103146	0.0152818	0.0130326	0.0075949	0.0117146	0.0115448	0.0069532	0.005497	0.0019305	0.0038144	0.0058343	0.0054214	0.0104895	0.0228856	0.0083565	0.0133829	0.0185792	0.0299906	0.0202703	0.0247104	0.0337922	0.0444444	0.0613208	0.0503751	0.0421053	0.0333333	0.0556369	0.0439716	
Harle bièvre ou H. huppé	0.0011442	0.0	0.0	0.0015	0.0	7.402E-4	0.0	7.429E-4	7.348E-4	0.0016949	0.0014134	4.409E-4	5.587E-4	0.0	0.0	0.0015	0.0	4.2E-4	0.0	3.361E-4	5.157E-4	0.0	0.0	0.0	0.0	0.0	0.0015	0.0	0.0	0.0	0.0	0.0	0.0	0.0	0.0	7.435E-4	0.0010929	0.0015	0.0067568	0.0	0.0012516	0.0	0.0	0.0	0.0	0.0	0.0	7.092E-4	
Érismature rousse	0.0	0.0	0.0	0.0	0.0	0.0	0.0	0.0	0.0	0.0	0.0	0.0	0.0	0.0	0.0	0.0	0.0	0.0	0.0	0.0	0.0	0.0	0.0	0.0	0.0	0.0	0.0	0.0	0.0	0.0	0.0	0.0	0.0	0.0015	0.0	0.0	0.0	0.0	0.0	0.0	0.0	0.0	0.0	0.0	0.0	0.0	0.0	0.0	
anatidé sp. (canard sp.)	5.721E-4	0.0	0.0	0.0	0.0	0.0	0.0	0.0	0.0	0.0	0.0	0.0	0.0	0.0	0.0	3.722E-4	0.0	0.0	0.0	0.0	0.0	0.0	5.013E-4	4.219E-4	0.0	0.0010995	0.0	0.0	0.0	0.0	5.834E-4	0.0	8.741E-4	9.95E-4	0.0	0.0	0.0	0.0	0.0	0.0	0.0	0.0	0.0	0.0	0.0	0.0	0.0	0.0	
Colin de Virginie	0.0	0.0	0.0	0.0	0.0	0.0	0.0	0.0	0.0	0.0	0.0	0.0	0.0	0.0	0.0	0.0	0.0	0.0	0.0	0.0	0.0	0.0015	0.0	0.0	0.0	0.0	0.0	0.0	0.0	0.0	0.0	0.0	0.0	0.0	0.0	0.0	0.0	0.0	0.0	0.0	0.0	0.0	0.0	0.0	0.0	0.0	0.0	0.0	
Lagopède d'Écosse	0.0022883	0.0039124	0.004065	0.0051665	0.005848	0.0044412	0.0091873	0.0208024	0.0146951	0.0161017	0.0190813	0.0127866	0.0189944	0.0183585	0.0146128	0.0119092	0.0115658	0.0100798	0.0064773	0.005042	0.0041258	0.0038204	0.006015	0.0046414	0.0021299	0.0016493	0.0025284	0.0041228	0.001287	0.0012715	0.0017503	0.00345	0.0015	0.00199	9.285E-4	0.001487	0.0	9.372E-4	0.0033784	0.007722	0.0037547	0.0027778	0.0058962	0.0032154	0.0015038	0.0013889	0.0014641	0.0070922	
Tétras lyre	0.0022883	0.0015649	0.003252	0.0057405	0.005848	0.003701	0.0035336	0.0178306	0.0124908	0.0152542	0.0162544	0.0114638	0.0139665	0.0113391	0.010716	0.0096762	0.0080071	0.0088198	0.0074738	0.0036975	0.0030944	4.776E-4	0.0035088	0.0021097	5.325E-4	5.498E-4	0.0018963	0.0018323	0.0	6.357E-4	5.834E-4	9.857E-4	0.0	9.95E-4	0.0015	7.435E-4	0.0	0.0	0.0033784	0.0030888	0.0015	0.0	0.0011792	0.0	0.0015038	0.0	0.0014641	0.0021277	
Perdrix grise	0.0	7.825E-4	0.0	0.0	0.0	0.0	0.0	0.0	0.0	0.0	0.0	0.0	0.001676	0.0	0.0015	0.0	0.0	4.2E-4	0.0	0.0	0.0	0.0	0.0	4.219E-4	0.0	0.0	0.0015	0.0	0.0	0.0	0.0015	0.0	0.0	0.0	9.285E-4	0.0	0.0	9.372E-4	0.0	0.0	0.0	0.0	0.0	0.0	0.0	0.0	0.0	0.0	
Faisan doré	0.0	0.0	0.0	0.0	0.0015	0.0	0.0	0.0	0.0	0.0	0.0014134	0.0	0.0	0.0	4.871E-4	0.0	0.0	0.0	0.0	0.0	0.0	0.0	0.0	0.0	0.0	0.0	0.0	0.0	0.0	0.0	0.0	0.0	0.0	0.0	0.0	0.0	0.0	0.0	0.0	0.0	0.0	0.0	0.0	0.0	0.0	0.0	0.0	0.0	
Faisan de Colchide	0.069222	0.0618153	0.0666667	0.0637199	0.0618212	0.0525537	0.0763251	0.076523	0.0874357	0.0991525	0.1151943	0.1300705	0.1743017	0.1976242	0.1899659	0.1749163	0.1819395	0.1713566	0.1564524	0.1495798	0.1382156	0.1174785	0.1218045	0.1021097	0.0804047	0.0709181	0.0707965	0.0622996	0.047619	0.0425938	0.0437573	0.0413997	0.0795455	0.0567164	0.0436397	0.0490706	0.0688525	0.0777882	0.0777027	0.0810811	0.0901126	0.0805556	0.0825472	0.0975348	0.0977444	0.0736111	0.0629575	0.0602837	
Paon bleu	0.0015	0.0	0.0015	0.0	0.0015	0.0	0.0	0.0	0.0	0.0	0.0015	4.409E-4	5.587E-4	0.0010799	4.871E-4	3.722E-4	8.897E-4	4.2E-4	0.0	6.723E-4	5.157E-4	4.776E-4	5.013E-4	4.219E-4	0.0	0.0015	0.0	0.0015	6.435E-4	0.0	0.0	4.929E-4	0.0	0.0	0.0015	7.435E-4	0.0	0.0	0.0	0.0015	0.0	0.0	0.0	0.0	0.0	0.0	0.0	0.0	
Caille des blés	0.0	0.0	0.0	0.0	0.0	0.0	0.0	0.0	0.0	0.0	0.0	0.0	0.0	0.0	0.0	7.443E-4	0.0015	0.0	0.0	0.0010084	0.0015	0.0015	0.0015038	0.0042194	0.0079872	0.0015	6.321E-4	9.162E-4	0.002574	6.357E-4	0.0015	4.929E-4	0.0	0.0	0.0015	0.0	0.0	0.0	0.0	0.0	0.0	0.0	0.0	0.0	0.0	0.0	0.0	0.0	
Perdrix rouge	0.0022883	0.0023474	0.001626	0.0022962	0.0033417	0.0022206	7.067E-4	0.0015	0.0036738	0.0025424	0.0042403	0.0048501	0.0044693	0.0059395	0.0073064	0.0066989	0.0048932	0.0088198	0.0054808	0.0070588	0.0046416	0.0076409	0.0065163	0.0021097	0.0031949	0.0049478	0.0025284	0.0036647	6.435E-4	0.0025429	0.0023337	0.0049285	0.0034965	0.00199	0.0027855	0.002974	0.0021858	0.0018744	0.0033784	0.0030888	0.0012516	0.0013889	0.0035377	0.0015	0.0015	0.0027778	0.0	7.092E-4	
Pigeon biset	0.1487414	0.1533646	0.1552846	0.1727899	0.1612364	0.1650629	0.1773852	0.141159	0.1506245	0.1449153	0.1448763	0.1455026	0.1374302	0.1414687	0.1237214	0.1295125	0.1196619	0.1230575	0.1116094	0.1405042	0.1547189	0.1595033	0.124812	0.1628692	0.1512247	0.1671248	0.1510746	0.1626202	0.1576577	0.1767324	0.1651109	0.1759487	0.1555944	0.159204	0.1615599	0.1732342	0.1639344	0.1715089	0.1475225	0.1428571	0.1727159	0.1652778	0.1650943	0.1672026	0.1503759	0.1611111	0.1756955	0.148227	
Pigeon colombin	0.0314645	0.0289515	0.0268293	0.0287026	0.0292398	0.0310881	0.0261484	0.0356612	0.0360029	0.029661	0.0459364	0.0440917	0.0424581	0.0340173	0.0443254	0.0424265	0.0409253	0.0411592	0.038864	0.0463866	0.0283651	0.0405922	0.0340852	0.0379747	0.0362087	0.0434305	0.0436157	0.0343564	0.037323	0.0438652	0.0390898	0.0359783	0.0297203	0.0328358	0.0213556	0.0156134	0.0295082	0.0299906	0.0123874	0.0285714	0.0438048	0.0444444	0.0283019	0.0300107	0.0210526	0.0194444	0.0161054	0.0276596	
Pigeon ramier	0.4919908	0.5015649	0.5073171	0.4988519	0.5371763	0.5262768	0.5088339	0.5215453	0.5540044	0.5677966	0.5540636	0.5546737	0.5921788	0.5934125	0.5270336	0.5470785	0.5146797	0.5107098	0.486298	0.514958	0.5260444	0.4985673	0.5097744	0.5316456	0.5085197	0.5508521	0.5720607	0.5730646	0.5765766	0.6020343	0.5455076	0.5490389	0.5454545	0.5243781	0.4809656	0.4914498	0.5300546	0.497657	0.518018	0.4903475	0.5206508	0.4791667	0.5106132	0.5348339	0.5112782	0.5069444	0.4934114	0.5262411	
Columba sp.	0.0	7.825E-4	0.0	0.0	0.0	0.0	0.0	0.0	0.0	0.0	0.0	0.0015	0.001676	5.4E-4	4.871E-4	3.722E-4	0.0015	0.0	4.983E-4	0.0	0.0	0.0	5.013E-4	0.0	0.0	5.498E-4	0.0	0.0	6.435E-4	0.0	0.0	9.857E-4	0.0	0.0	9.285E-4	0.0	0.0010929	0.0	0.0	0.0	0.0	0.0	0.0	0.0	0.0	0.0	0.0	0.0	
Tourterelle des bois	0.0015	0.0	0.0	0.0	0.0	0.0	0.0	0.0	0.0	0.0	0.0	0.0	0.0	0.0	0.0	0.0	0.0	8.4E-4	4.983E-4	0.0015	0.0015	0.0	5.013E-4	4.219E-4	5.325E-4	0.0015	0.0	0.0	0.0	0.0	0.0	0.0015	0.0	0.0015	0.001857	7.435E-4	0.0	0.0	0.0	0.0	0.0	0.0	0.0	0.0	0.0	0.0	0.0	0.0	
Tourterelle turque	0.1401602	0.1400626	0.1414634	0.1371986	0.1253133	0.1524796	0.1201413	0.1062407	0.1271124	0.1347458	0.1321555	0.1283069	0.1335196	0.1398488	0.1188505	0.139933	0.1463523	0.1432171	0.1350274	0.1394958	0.139247	0.1279847	0.1338346	0.1396624	0.1096912	0.1330401	0.1390645	0.1424645	0.1460746	0.1500318	0.1248541	0.1153277	0.125	0.1253731	0.097493	0.0899628	0.0961749	0.0890347	0.0945946	0.0764479	0.0901126	0.1013889	0.0943396	0.1071811	0.1308271	0.1222222	0.1112738	0.1404255	
Coucou gris	0.0	0.0	0.0	0.0	0.0	0.0	0.0	0.0	0.0	0.0	0.0	0.0	5.587E-4	0.0080994	0.0297126	0.071083	0.1254448	0.1058379	0.0981565	0.0823529	0.0603404	0.0439351	0.0250627	0.0122363	0.001065	0.0038483	0.0025284	0.0027485	0.0032175	0.0031786	0.0011669	4.929E-4	8.741E-4	0.0	0.0	0.0	0.0	0.0	0.0	0.0	0.0	0.0	0.0	0.0	0.0	0.0	0.0	0.0	
Engoulevent d'Europe	0.0	0.0	0.0	0.0	0.0	0.0	0.0	0.0	0.0	0.0	0.0	0.0	0.0	0.0	0.0	0.0015	0.0015	0.0029399	0.0044843	0.0104202	0.0082517	0.0095511	0.0080201	0.0080169	0.0111821	0.0054975	0.0050569	0.0032066	0.002574	0.0038144	5.834E-4	4.929E-4	0.0	0.0	0.0	0.0	0.0	0.0	0.0	0.0	0.0	0.0	0.0	0.0	0.0	0.0	0.0	0.0	
Martinet à ventre blanc	0.0	0.0	0.0	0.0	0.0	0.0	0.0	0.0	0.0	0.0	7.067E-4	0.0017637	0.0015	0.0015	0.0015	0.0015	0.0	0.0	0.0	0.0	0.0	0.0	0.0	0.0	0.0015974	0.0	0.0	0.0	0.0	0.0	0.0	0.0	0.0	0.0	0.0	0.0	0.0	0.0	0.0	0.0	0.0	0.0	0.0	0.0	0.0	0.0	0.0	0.0	
Martinet noir	0.0	0.0	0.0	0.0	0.0	0.0	0.0	0.0	0.0	0.0	0.0	0.0	0.0	5.4E-4	0.005358	0.0387049	0.0760676	0.1440571	0.1723966	0.1838655	0.1903043	0.1604585	0.1929825	0.2021097	0.1826411	0.2226498	0.2016435	0.1594137	0.0945946	0.0642085	0.0396733	0.0271069	0.0174825	0.0029851	0.001857	7.435E-4	0.0	0.0	0.0	0.0	0.0	0.0	0.0	0.0015	0.0	0.0	0.0	0.0	
Martinet noir ou M. pâle	0.0	0.0	0.0	0.0	0.0	0.0	0.0	0.0	0.0	0.0	0.0	0.0	0.0	0.0	0.0	0.0	0.0	0.0	0.0	0.0	0.0	0.0	0.0	0.0	0.0	0.0	0.0	0.0	0.0	0.0	0.0	0.0	0.0	0.0	0.0	0.0	0.0	0.0	0.0	0.0	0.0	0.0013889	0.0	0.0	0.0	0.0	0.0	0.0	
Martinet de Sibérie	0.0	0.0	0.0	0.0	0.0	0.0	0.0	0.0	0.0	0.0	0.0	0.0	0.0	0.0	0.0	0.0	0.0	0.0	0.0	0.0	0.0	0.0	5.013E-4	0.0	0.0	0.0	0.0	0.0	0.0	0.0	0.0	0.0	0.0	0.0	0.0	0.0	0.0	0.0	0.0	0.0	0.0	0.0	0.0	0.0	0.0	0.0	0.0	0.0	
apodidé sp.	0.0	0.0	0.0	0.0	0.0	0.0	0.0	0.0	0.0	0.0	0.0	0.0	0.0	0.0	0.0	0.0	4.448E-4	0.0	4.983E-4	0.0	0.0	0.0	0.0	4.219E-4	0.0	0.0	0.0	0.0	0.0	0.0	0.0	0.0	0.0	0.0	0.0	0.0	0.0	0.0	0.0	0.0	0.0	0.0	0.0	0.0	0.0	0.0	0.0	0.0	
Râle d'eau	0.0514874	0.0672926	0.0471545	0.0447761	0.0350877	0.0407106	0.0332155	0.0349183	0.0330639	0.0389831	0.0318021	0.0167549	0.0150838	0.0107991	0.0102289	0.0081876	0.0048932	0.0058799	0.0069756	0.0026891	0.0030944	9.551E-4	0.006015	0.0033755	0.0037274	0.0038483	0.0063211	0.0091617	0.0109395	0.0120788	0.0151692	0.0103499	0.020979	0.0308458	0.0315692	0.0304833	0.0229508	0.054358	0.0506757	0.0617761	0.077597	0.0638889	0.0896226	0.1061093	0.0887218	0.0777778	0.0673499	0.0687943	
Râle des genêts	0.0	0.0	0.0	0.0	0.0	0.0	0.0	0.0	0.0	0.0	0.0	0.0	0.0	0.0010799	0.0	0.0	0.0	0.0	0.0	0.0	0.0	0.0	0.0	0.0	0.0	0.0	0.0	0.0	0.0	0.0	0.0	0.0	0.0	0.0	0.0015	0.0	0.0	0.0	0.0	0.0	0.0	0.0	0.0	0.0	0.0	0.0	0.0	0.0	
Gallinule poule-d'eau	0.1790618	0.1909233	0.195122	0.173938	0.1796157	0.1813472	0.1830389	0.1753343	0.1770757	0.1788136	0.1823322	0.1772487	0.1581006	0.1695464	0.16415	0.1533309	0.1450178	0.1306174	0.122571	0.1233613	0.1217122	0.1313276	0.1378446	0.1329114	0.1400426	0.164376	0.1428571	0.1653688	0.1595882	0.1754609	0.1808635	0.1902415	0.1826923	0.1631841	0.1699164	0.1420074	0.179235	0.2155576	0.2027027	0.184556	0.2190238	0.2069444	0.2228774	0.2379421	0.1969925	0.1958333	0.1918009	0.2014184	
Foulque macroule	0.1744851	0.187011	0.1601626	0.1469575	0.1729323	0.1487787	0.1462898	0.1471025	0.1572373	0.1728814	0.1611307	0.1455026	0.149162	0.1430886	0.1232343	0.1321176	0.1192171	0.1058379	0.1046338	0.0994958	0.09541	0.0921681	0.1067669	0.0907173	0.0788072	0.104453	0.0941846	0.1007787	0.1061776	0.114431	0.1131855	0.1266634	0.1162587	0.1303483	0.1494893	0.1026022	0.1245902	0.1546392	0.1576577	0.1552124	0.1914894	0.1583333	0.1886792	0.187567	0.1714286	0.1972222	0.1844802	0.1730496	
Marouette poussin	0.0	0.0	0.0	0.0	0.0	0.0	0.0	0.0	0.0	0.0	0.0	0.0	0.0	0.0	0.0	0.0	0.0	0.0	0.0	0.0	0.0	0.0	0.0	0.0	0.0	0.0	0.0	0.0	0.0	0.0	0.0	0.0	0.0	0.0	0.0	0.0	0.0	0.0018744	0.0	0.0	0.0	0.0	0.0	0.0	0.0	0.0	0.0	0.0	
Grue cendrée	0.0	0.0	0.0	0.0	0.0	0.0	0.0	0.0	0.0	0.0	0.0015	4.409E-4	5.587E-4	0.0	0.0	0.0018608	0.0	4.2E-4	0.0	0.0	0.0	0.0	0.0	0.0	0.0	0.0	0.0	0.0	0.0	0.0	0.0	0.0015	0.0	0.0	0.0	0.0	0.0	0.0	0.0	0.0	0.0	0.0	0.0	0.0	0.0	0.0	0.0	0.0	
Oedicnème criard	0.0	0.0	0.0	0.0	0.0	0.0	0.0	0.0	0.0	0.0	0.0	0.0	0.0	0.0	0.0	0.0	0.0	0.0	0.0	0.0	0.0	0.0	0.0015	0.0	0.0	0.0	0.0	0.0	0.0	0.0	0.0	0.0	0.0	0.0	0.0	0.0	0.0	0.0	0.0	0.0	0.0	0.0	0.0	0.0	0.0	0.0	0.0	0.0	
Échasse blanche	0.0	0.0	0.0	0.0	0.0	0.0	0.0	0.0	0.0	0.0	0.0	0.0	0.0	0.0010799	0.0015	7.443E-4	0.0	0.0	0.0	0.0	0.0	0.0	0.0	0.0	0.0	0.0	0.0	0.0	0.0	0.0	0.0	0.0	0.0	0.0	0.0	0.0	0.0	0.0	0.0	0.0	0.0	0.0	0.0	0.0	0.0	0.0	0.0	0.0	
Avocette élégante	0.0034325	0.0054773	0.003252	0.0040184	0.0075188	0.0029608	0.0056537	0.0074294	0.0102866	0.0177966	0.0127208	0.0074956	0.0150838	0.0161987	0.0077935	0.0241905	0.0155694	0.0079798	0.0124564	0.0121008	0.0072202	0.0057307	0.0065163	0.0054852	0.0031949	0.0038483	0.0031606	0.0059551	0.005148	0.0038144	5.834E-4	0.0024643	0.0026224	0.0029851	0.0027855	0.0022305	0.0	9.372E-4	0.0015	0.0	0.0015	0.0055556	0.0011792	0.0010718	0.0	0.0	0.0015	0.0049645	
Huîtrier pie	0.1727689	0.1893584	0.2219512	0.1969001	0.2063492	0.2072539	0.2360424	0.1857355	0.1866275	0.1805085	0.1992933	0.1975309	0.1955307	0.2257019	0.248417	0.2370674	0.2442171	0.2276354	0.2247135	0.2077311	0.2413615	0.2712512	0.2431078	0.2320675	0.2646432	0.2512369	0.2730721	0.2354558	0.2445302	0.2301335	0.2351225	0.2242484	0.236014	0.2666667	0.2163417	0.1962825	0.210929	0.2239925	0.1959459	0.1976834	0.212766	0.1986111	0.2063679	0.210075	0.1654135	0.175	0.1830161	0.2007092	
Pluvier argenté	0.02746	0.0211268	0.0243902	0.0275545	0.0267335	0.0199852	0.0204947	0.0200594	0.0073475	0.0084746	0.009894	0.0074956	0.0055866	0.0032397	0.0068193	0.0037216	0.0022242	0.0025199	0.0049826	0.0023529	0.0015472	4.776E-4	0.0010025	0.0	5.325E-4	5.498E-4	0.0018963	0.0015	0.0	0.0038144	0.0029172	0.00345	0.0052448	0.0039801	0.0064995	0.0104089	0.0120219	0.0149953	0.0157658	0.011583	0.0225282	0.0263889	0.0271226	0.0278671	0.0255639	0.0180556	0.0190337	0.0184397	
Pluvier doré	0.02746	0.028169	0.0349593	0.0195178	0.021721	0.0207254	0.024735	0.0118871	0.0198384	0.0152542	0.0289753	0.0282187	0.022905	0.0226782	0.0194837	0.0078154	0.0040036	0.00126	0.0034878	3.361E-4	5.157E-4	0.0019102	0.0010025	0.0015	5.325E-4	0.0015	0.0018963	0.0018323	0.002574	0.0012715	0.0035006	0.0083785	0.0087413	0.0099502	0.0213556	0.0245353	0.0251366	0.0421743	0.0405405	0.0208494	0.008761	0.0222222	0.0235849	0.0257235	0.0195489	0.0208333	0.0322108	0.0219858	
Pluvier bronzé	0.0	0.0	0.0	0.0	0.0	0.0	0.0	0.0	0.0	0.0	0.0	0.0	5.587E-4	0.0	0.0	0.0	0.0	0.00168	0.0	3.361E-4	0.0	0.0	0.0	0.0	0.0	0.0	0.0015	0.0015	0.0	0.0	0.0	0.0	8.741E-4	0.0	9.285E-4	0.0015	0.0010929	0.0028116	0.0	7.722E-4	0.0	0.0	0.0	0.0	0.0	0.0	0.0	0.0	
Pluvier fauve	0.0	0.0	0.0	0.0	0.0	0.0	0.0	0.0	0.0	0.0	0.0	0.0	0.0	0.0	0.0	0.0	0.0	0.0	0.0	0.0	0.0	4.776E-4	0.0	0.0	0.0	0.0	0.0	9.162E-4	0.0015	0.0	0.0	0.0	0.0	0.0	0.0	0.0	0.0	0.0	0.0	0.0	0.0	0.0	0.0	0.0	0.0	0.0	0.0	0.0	
Pluvialis sp.	0.0	0.0	8.13E-4	0.0	0.0	0.0	0.0	7.429E-4	0.0	0.0	0.0	0.0	0.0	5.4E-4	0.0	0.0	0.0	0.0	0.0	0.0	0.0	0.0	0.0	0.0	0.0	0.0	0.0	0.0	0.0	0.0	0.0	0.0015	8.741E-4	0.0	9.285E-4	7.435E-4	0.0	0.0	0.0	0.0	0.0	0.0	0.0	0.0	0.0	0.0	0.0014641	0.0	
Guignard d’Eurasie	0.0	0.0	0.0	0.0	0.0	0.0	0.0	0.0	0.0	0.0	0.0	0.0	0.0	5.4E-4	0.0024355	0.0040938	0.0071174	0.0029399	0.0015	0.0	5.157E-4	0.0	0.0	0.0	0.0	0.0	0.0	0.0	0.0	0.0	0.0	0.0	0.0026224	0.0049751	0.0046425	0.0015	0.0015	0.0	0.0	0.0	0.0	0.0	0.0	0.0	0.0	0.0	0.0	0.0	
Gravelot kildir	0.0	0.0	0.0	0.0	0.0	0.0	0.0	0.0	0.0	0.0	0.0	0.0	0.0	0.0	0.0	0.0	0.0	0.0	0.0	0.0	0.0	0.0	0.0	0.0	0.0	0.0	0.0	0.0	0.0	0.0	0.0	0.0	0.0	0.0	0.0	0.0	0.0	0.0	0.0	0.0	0.0015	0.0	0.0	0.0	0.0	0.0	0.0	0.0	
Grand Gravelot	0.0263158	0.028169	0.0528455	0.0367394	0.021721	0.0370096	0.0452297	0.0282318	0.0293902	0.0237288	0.029682	0.0255732	0.0301676	0.0367171	0.0457867	0.0483811	0.0516014	0.0659387	0.0632785	0.0494118	0.0428056	0.0286533	0.0340852	0.0194093	0.0266241	0.0296866	0.0493047	0.0393953	0.0521236	0.0813732	0.0752625	0.0877279	0.1101399	0.1034826	0.088208	0.0594796	0.0469945	0.0449859	0.0292793	0.0285714	0.0325407	0.0333333	0.0412736	0.0385852	0.037594	0.0305556	0.0292826	0.0269504	
Petit Gravelot	0.0	0.0	0.0	0.0	0.0	0.0	0.0	0.0	0.0	8.475E-4	0.0042403	0.0048501	0.0156425	0.0091793	0.0141257	0.016003	0.0142349	0.0125997	0.0094669	0.0053782	0.0077359	0.0105062	0.0140351	0.0080169	0.0058573	0.0098955	0.0107459	0.0096198	0.0070785	0.0095359	0.0064177	0.0078857	0.0052448	0.0039801	0.001857	0.001487	0.0	0.0	0.0	0.0	0.0	0.0	0.0	0.0	0.0	0.0	0.0	0.0	
Vanneau huppé	0.1184211	0.1197183	0.1406504	0.1102181	0.1186299	0.1080681	0.1109541	0.0720654	0.0683321	0.0635593	0.0699647	0.0568783	0.0625698	0.0658747	0.057964	0.0736881	0.0560498	0.0680386	0.0553064	0.0497479	0.0495101	0.0549188	0.0721805	0.0514768	0.0436635	0.0450797	0.051201	0.0480989	0.0585586	0.0527654	0.0589265	0.0709709	0.0620629	0.0706468	0.0668524	0.0609665	0.0721311	0.1002812	0.1081081	0.0795367	0.1013767	0.1111111	0.1226415	0.1264737	0.0977444	0.0986111	0.1273792	0.1085106	
Gravelot à collier interrompu	0.0	0.0	0.0	0.0	0.0	0.0	0.0	0.0	0.0	0.0	0.0	0.0	0.0	0.0	0.0	7.443E-4	0.0	0.0	0.0	0.0	5.157E-4	0.0	0.0	0.0	0.0	0.0	0.0	0.0	0.0	0.0	0.0	0.0	0.0	0.0	0.0	0.0	0.0	0.0	0.0	0.0	0.0	0.0	0.0	0.0	0.0	0.0	0.0	0.0	
Charadriidae sp.	0.0	0.0	0.0	0.0	0.0	0.0	0.0	0.0	0.0	0.0	0.0	0.0015	0.0	0.0	0.0	0.0	0.0	0.0	0.0	0.0	0.0015	0.0	5.013E-4	0.0	0.0	0.0	6.321E-4	4.581E-4	0.0	0.0	5.834E-4	0.0	0.0	0.0	0.0015	0.0	0.0	0.0	0.0	0.0	0.0012516	0.0	0.0	0.0	0.0	0.0	0.0	0.0	
Bartramie des champs	0.0	0.0	0.0	0.0	0.0	0.0	0.0	0.0	0.0	0.0	0.0	0.0	0.0	0.0	0.0	0.0	0.0	0.0	0.0	0.0	0.0	0.0	0.0	0.0	0.0	0.0	0.0	0.0	0.0	0.0	0.0	0.0	0.0	0.0	0.0	0.0	0.0	0.0	0.0	0.0015	0.0	0.0	0.0	0.0	0.0	0.0	0.0	0.0	
Courlis corlieu	0.0	0.0	0.0	5.741E-4	0.0	7.402E-4	7.067E-4	7.429E-4	0.0015	8.475E-4	0.004947	0.0044092	0.0044693	0.0205184	0.0754993	0.1172311	0.1201068	0.0911382	0.0577977	0.0218487	0.0149562	0.004298	0.0080201	0.0037975	0.0079872	0.0219901	0.0360303	0.0448923	0.0495495	0.0661157	0.0484247	0.0482997	0.0498252	0.0358209	0.0204271	0.0133829	0.0043716	0.0093721	0.0015	0.0030888	0.0012516	0.0015	0.0015	0.0015	0.0015038	0.0	0.0	0.0	
Courlis cendré	0.1573227	0.1658842	0.1943089	0.1779564	0.1704261	0.1746854	0.2134276	0.1627043	0.140338	0.1457627	0.1491166	0.1252205	0.0932961	0.1144708	0.1086215	0.0975065	0.0787367	0.0692986	0.0637768	0.0561345	0.051573	0.0807068	0.0957393	0.1202532	0.1246006	0.1220451	0.1289507	0.1195602	0.1422136	0.1563891	0.1826138	0.1808773	0.2202797	0.2527363	0.2014856	0.1799257	0.1781421	0.2089972	0.2083333	0.1899614	0.2077597	0.1972222	0.2004717	0.210075	0.1744361	0.175	0.1698389	0.177305	
Courlis corlieu ou C. cendré	0.0	0.0	0.0	0.0	0.0	7.402E-4	0.0	0.0	0.0	0.0	0.0	0.0	0.0	0.0	0.0	0.0011165	0.0013345	4.2E-4	0.0	6.723E-4	0.0	0.0	0.0	0.0	0.0021299	5.498E-4	0.0012642	0.0	0.0019305	0.0	0.0011669	4.929E-4	0.0043706	0.00199	0.0	0.001487	0.0	0.0015	0.0	0.0	0.0	0.0	0.0	0.0	0.0	0.0	0.0	0.0	
Barge rousse	0.0091533	0.0093897	0.0162602	0.0137773	0.0192147	0.0125833	0.0127208	0.0066865	0.0124908	0.0101695	0.0091873	0.0110229	0.0072626	0.0080994	0.0243546	0.0327503	0.022242	0.0121798	0.0119581	0.0043697	0.0041258	0.0066858	0.002005	0.0016878	0.0015974	0.0032985	0.0050569	0.0032066	0.0032175	0.0089002	0.0186698	0.0182356	0.0297203	0.0348259	0.0241411	0.0319703	0.0218579	0.0243674	0.0191441	0.0138996	0.0137672	0.0152778	0.0165094	0.0160772	0.0135338	0.0125	0.0087848	0.0070922	
Barge à queue noire	0.0360412	0.0446009	0.0439024	0.032721	0.0426065	0.0355292	0.0360424	0.0274889	0.0404115	0.0389831	0.0558304	0.0485009	0.0385475	0.0361771	0.037019	0.0364719	0.036032	0.0239395	0.0318884	0.0218487	0.0118618	0.0229226	0.0185464	0.0198312	0.0308839	0.0313359	0.0347661	0.0393953	0.0392535	0.0387794	0.0612602	0.0827994	0.0690559	0.0636816	0.0649954	0.0498141	0.042623	0.0627929	0.0630631	0.0509653	0.0350438	0.0444444	0.057783	0.0482315	0.043609	0.0375	0.0307467	0.0453901	
Barge hudsonienne	0.0	0.0	0.0	0.0	0.0	0.0	0.0	0.0	0.0	0.0	0.0	0.0	0.0	0.0	0.0	0.0	0.0	0.0	0.0	0.0	0.0	0.0	0.0	0.0	0.0	0.0	0.0	0.0	0.0	0.0	0.0011669	0.0039428	0.0043706	0.0	0.0	0.0	0.0	0.0	0.0	0.0	0.0	0.0	0.0	0.0	0.0	0.0	0.0	0.0	
barge sp.	0.0	0.0	0.0	0.0	0.0	0.0	0.0	0.0	0.0	0.0	0.0	0.0	0.0	0.0	0.0	0.0	0.0	0.0	0.0	0.0	0.0	0.0	0.0	0.0	0.0	0.0	0.0	0.0	0.0	0.0	0.0	0.0	0.0	0.0	0.0	0.0	0.0010929	0.0	0.0	0.0	0.0	0.0	0.0	0.0	0.0	0.0	0.0014641	0.0	
Bécassin à long bec	0.0	0.0	0.0	0.0	0.0	0.0	0.0	0.0	0.0	0.0	0.0	0.0	0.0	0.0	0.0	0.0	0.0	0.0	0.0	0.0	0.0	0.0	0.0	0.0	0.0	0.0	0.0	0.0	0.0	0.0	0.0023337	0.0019714	0.0	0.0	0.0	0.0	0.0	9.372E-4	0.0011261	0.0023166	0.0	0.0	0.0	0.0	0.0	0.0	0.0	0.0	
Bécassine sourde	0.0074371	0.0086072	0.0073171	0.0034443	0.0025063	0.0066617	0.0063604	0.0014859	0.002939	0.0033898	0.0035336	0.0039683	5.587E-4	0.0010799	9.742E-4	3.722E-4	0.0015	0.0	0.0	0.0	0.0	0.0	0.0	0.0	0.0	0.0	0.0	0.0	0.0	0.0	0.0	0.0	0.0	0.0	0.0	7.435E-4	0.0015	0.0018744	0.0056306	0.0030888	0.0100125	0.0097222	0.004717	0.0053591	0.0090226	0.0027778	0.0087848	0.0113475	
Bécasse des bois	0.0131579	0.0101721	0.004065	0.0074627	0.0066834	0.0096225	0.0070671	0.0089153	0.0044085	0.0050847	0.0021201	0.0026455	0.0011173	0.0	0.0	0.0	0.0	0.0015	4.983E-4	0.0013445	5.157E-4	4.776E-4	0.0010025	8.439E-4	5.325E-4	0.0	0.0	0.0	0.0	0.0	0.0	0.0	0.0	0.0	0.0	0.0	0.0	9.372E-4	0.0011261	7.722E-4	0.0037547	0.0125	0.0176887	0.0128617	0.0150376	0.0180556	0.0073206	0.0134752	
Bécassine des marais	0.0726545	0.0790297	0.0910569	0.0642939	0.0618212	0.0621762	0.054417	0.0468053	0.047759	0.0440678	0.059364	0.0379189	0.0346369	0.0221382	0.0204579	0.0145143	0.0040036	0.0037799	0.0029895	0.0013445	0.0015472	0.0014327	0.0025063	0.0016878	0.0026624	0.0032985	0.0031606	0.0068713	0.007722	0.0171647	0.0233372	0.0453425	0.0515734	0.0368159	0.0464253	0.0460967	0.0590164	0.054358	0.0777027	0.0602317	0.0550688	0.0722222	0.0990566	0.1061093	0.0977444	0.0902778	0.0775988	0.0822695	
Phalarope de Wilson	0.0	0.0	0.0	0.0	0.0	0.0	0.0	0.0	0.0	0.0	0.0	0.0	0.0	0.0	0.0	0.0	0.0	0.0	0.0	0.0	0.0	0.0	0.0	0.0	0.0	0.0	0.0	0.0	0.0	0.0	0.0	0.0	0.0	0.0	0.001857	0.0015	0.0	0.0	0.0	0.0	0.0	0.0	0.0	0.0	0.0	0.0	0.0	0.0	
Phalarope à bec large	0.0	0.0	0.0	0.0	0.0	0.0	0.0	0.0	0.0	0.0015	0.0028269	4.409E-4	0.0	0.0	0.0	0.0	0.0	0.0	0.0	0.0	0.0	0.0	0.0	0.0	0.0	0.0	6.321E-4	0.0	0.0	0.0	0.0015	0.0064071	0.0061189	0.0109453	0.0194986	0.0074349	0.0065574	0.0103093	0.0022523	0.0	0.0012516	0.0	0.0	0.0	0.0015038	0.0013889	0.0175695	0.0	
Phalarope à bec étroit	0.0	0.0	0.0	0.0	0.0	0.0	0.0	0.0	0.0	0.0	0.0	0.0	0.0	0.0	0.0	0.0014886	0.0	0.0	0.0	0.0	0.0	0.0	0.0	4.219E-4	0.0	0.0	0.0	0.0	0.0	0.0	0.0	4.929E-4	0.0034965	0.0039801	0.007428	0.002974	0.0076503	0.0	0.0	0.0	0.0012516	0.0	0.0	0.0	0.0	0.0	0.0	0.0	
phalarope sp.	0.0	0.0	0.0	0.0	0.0	0.0	0.0	0.0	0.0	0.0	0.0	0.0	0.0	0.0	0.0	0.0	0.0	0.0	0.0	0.0	0.0	0.0	0.0	0.0	0.0	0.0	0.0	0.0	0.0	0.0	0.0	0.0	8.741E-4	0.0	0.0	0.0	0.0	0.0	0.0	0.0	0.0	0.0	0.0	0.0	0.0	0.0	0.0	0.0	
Chevalier guignette	0.0251716	0.0156495	0.0154472	0.0172216	0.0091896	0.0103627	0.0106007	0.0104012	0.0080823	0.0084746	0.0070671	0.0083774	0.0184358	0.037797	0.0599123	0.0584295	0.0462633	0.0310794	0.0129547	0.0151261	0.0165034	0.0133715	0.0200501	0.0312236	0.0399361	0.0571743	0.0461441	0.0503894	0.0501931	0.0699301	0.0694282	0.0685067	0.0576923	0.0597015	0.0427112	0.0356877	0.0163934	0.0187441	0.018018	0.015444	0.0112641	0.0125	0.0200472	0.0289389	0.0150376	0.0277778	0.0204978	0.0134752	
Chevalier grivelé	0.0	0.0	0.0	0.0	0.0	0.0	0.0	0.0	0.0	0.0	0.0	0.0	0.0	0.0	0.0	0.0	0.0	0.0	0.0	0.0	0.0	0.0	0.0	0.0	0.0	0.0	0.0	0.0	0.0	0.0	0.0015	0.0019714	0.0	0.0	0.0	0.0	0.0	0.0	0.0	0.0	0.0	0.0	0.0	0.0	0.0	0.0	0.0	0.0	
Chevalier culblanc	0.0074371	0.0070423	0.0081301	0.0080367	0.0041771	0.0029608	0.004947	0.0037147	0.002939	0.0025424	0.0056537	0.0083774	0.003352	0.0032397	0.0019484	0.0018608	8.897E-4	4.2E-4	4.983E-4	0.0	0.0	0.0	5.013E-4	0.0042194	0.0031949	0.002199	0.0082174	0.0132845	0.0173745	0.0216147	0.0250875	0.0285855	0.0375874	0.0139303	0.007428	0.0118959	0.0043716	0.0074977	0.009009	0.0054054	0.0015	0.0041667	0.0176887	0.0075027	0.0045113	0.0125	0.0102489	0.0113475	
Chevalier stagnatile	0.0	0.0	0.0	0.0	0.0	0.0	0.0	0.0	0.0	0.0	0.0	0.0	0.0	0.0	0.0	0.0	0.0	0.0	0.0	0.0	0.0	0.0	0.0	0.0	0.0	0.0	0.0	0.0	0.0	0.0	0.0	0.0029571	0.0	0.0	0.0	0.0	0.0	0.0	0.0	0.0	0.0	0.0	0.0	0.0	0.0	0.0	0.0	0.0	
Chevalier sylvain	0.0	0.0	0.0	0.0	0.0	0.0	0.0	0.0	0.0	0.0	0.0	0.0	0.0	0.0	0.0014613	0.002233	0.0022242	0.0025199	0.0015	6.723E-4	0.0	0.0	0.002005	8.439E-4	5.325E-4	5.498E-4	0.0025284	0.0032066	0.0070785	0.0057216	0.0052509	0.0078857	0.0052448	0.0029851	0.0015	0.0	0.0	9.372E-4	0.0	0.0	0.0015	0.0	0.0	0.0	0.0	0.0	0.0	0.0	
Chevalier gambette	0.1613272	0.1549296	0.1813008	0.1681975	0.1629073	0.1598816	0.1787986	0.1337296	0.1410727	0.1372881	0.145583	0.1252205	0.1	0.0934125	0.0754993	0.0524749	0.0311388	0.0235195	0.0239163	0.0205042	0.0165034	0.0195798	0.0310777	0.0291139	0.0484558	0.0582738	0.0701643	0.0641319	0.0810811	0.0896376	0.1161027	0.121242	0.1293706	0.1412935	0.1253482	0.1197026	0.1169399	0.1462043	0.1317568	0.1359073	0.1702128	0.1555556	0.1721698	0.1832797	0.1458647	0.1541667	0.1405564	0.1624113	
Chevalier à pattes jaunes	0.0028604	0.0039124	0.001626	0.0022962	0.0025063	7.402E-4	0.0042403	0.0052006	0.0022043	8.475E-4	0.0	0.0035273	5.587E-4	0.0010799	4.871E-4	0.0	0.0	0.0	0.0	0.0	0.0	0.0	0.0	0.0	0.0	0.0	0.0	0.0	0.0	0.0	0.0	4.929E-4	0.0061189	9.95E-4	0.001857	0.002974	0.0	0.0	0.0	0.0	0.0025031	0.0	0.0	0.0	0.0	0.0	0.0	0.0	
Chevalier arlequin	0.0028604	0.0023474	0.0	0.0017222	0.0050125	0.0059215	0.0021201	0.0029718	0.0036738	0.0067797	0.0120141	0.0070547	0.0094972	0.0113391	0.0043838	0.0070711	8.897E-4	4.2E-4	0.0	0.0010084	0.0	4.776E-4	0.0015038	0.0012658	0.001065	0.0016493	0.0031606	9.162E-4	0.0057915	0.006993	0.0070012	0.0162642	0.0148601	0.0179104	0.0083565	0.0074349	0.0054645	0.004686	0.0056306	0.0054054	0.0012516	0.0013889	0.0058962	0.0042872	0.0045113	0.0041667	0.0058565	7.092E-4	
Chevalier aboyeur	0.0320366	0.0344288	0.0544715	0.0516648	0.0451128	0.0429312	0.0480565	0.0341753	0.0396767	0.0355932	0.0325088	0.0308642	0.0178771	0.0178186	0.0121773	0.0133978	0.0048932	0.0033599	0.0034878	0.0016807	0.0020629	0.0033429	0.0065163	0.0088608	0.0095847	0.0208906	0.0176991	0.0187815	0.029601	0.0305149	0.0490082	0.0611138	0.0690559	0.079602	0.0603528	0.0594796	0.0437158	0.0646673	0.0495495	0.0409266	0.0312891	0.0277778	0.0341981	0.0364416	0.0285714	0.0361111	0.0424597	0.0283688	
Tringa sp.	0.0	7.825E-4	0.0	0.0	0.0	0.0	0.0	0.0	0.0	0.0	7.067E-4	0.0	0.0	0.0	4.871E-4	0.0	0.0	0.0	0.0	0.0	0.0	0.0	0.0	0.0	0.0	0.0	0.0	0.0	0.0	0.0	0.0	0.0	0.0	0.0	0.0	0.0	0.0	0.0	0.0	0.0	0.0	0.0	0.0	0.0021436	0.0	0.0	0.0	0.0	
Tournepierre à collier	0.0772311	0.0774648	0.0813008	0.0884041	0.0718463	0.0762398	0.0954064	0.0631501	0.0462895	0.0525424	0.0508834	0.0449735	0.0290503	0.037797	0.0360448	0.0241905	0.0231317	0.0197396	0.0189337	0.0107563	0.0087674	0.0047755	0.0015	0.0033755	0.0042599	0.006597	0.0101138	0.0210719	0.0379665	0.0508582	0.0466744	0.053721	0.0524476	0.0746269	0.0622098	0.060223	0.0448087	0.0562324	0.0461712	0.0532819	0.0738423	0.0805556	0.071934	0.0718114	0.0706767	0.0597222	0.0556369	0.070922	
Bécasseau maubèche	0.0154462	0.0226917	0.0211382	0.0132032	0.0200501	0.0111029	0.014841	0.0066865	0.0102866	0.0110169	0.0127208	0.0092593	0.0134078	0.0070194	0.0038967	0.0148865	0.0106762	0.0067199	0.0084704	0.0033613	0.0020629	0.0038204	0.0035088	0.0012658	0.0015974	0.002199	0.0075853	0.0050389	0.010296	0.013986	0.0157526	0.0295712	0.0402098	0.0268657	0.0269266	0.0223048	0.0153005	0.0196813	0.0101351	0.011583	0.0212766	0.0222222	0.0224057	0.0182208	0.0165414	0.0236111	0.0087848	0.0141844	
Combattant varié	0.0022883	0.0015649	0.001626	0.0017222	0.0033417	0.0044412	0.004947	0.0014859	0.0044085	0.0042373	0.0014134	0.0070547	0.0083799	0.0059395	0.0043838	0.0070711	0.008452	0.0025199	0.0029895	0.0010084	0.0	4.776E-4	5.013E-4	4.219E-4	5.325E-4	0.0038483	0.0012642	0.0032066	0.003861	0.006993	0.012252	0.0266141	0.0288462	0.0248756	0.0222841	0.0237918	0.010929	0.0093721	0.0101351	0.0054054	0.0	0.0069444	0.0023585	0.0053591	0.0030075	0.0041667	0.0	7.092E-4	
Bécasseau falcinelle	0.0	0.0	0.0	0.0	0.0	0.0	0.0	0.0	0.0	0.0	0.0	0.0	0.0	0.0	0.0	0.0066989	0.0017794	0.0	0.0	0.0015	0.0	0.0	0.0	0.0	0.0	0.0	0.0	0.0	0.0	0.0	0.0	0.0	0.0	0.0	0.0	0.0	0.0	0.0	0.0	0.0	0.0	0.0	0.0	0.0	0.0	0.0	0.0	0.0	
Bécasseau cocorli	0.0	0.0	0.0	0.0	0.0	0.0	0.0	0.0	0.0	0.0	0.0	0.0	0.0	0.0	0.0	7.443E-4	0.0022242	4.2E-4	0.0059791	0.0010084	0.0015472	9.551E-4	0.0	0.0	0.0	0.0	0.0	4.581E-4	0.001287	0.0	5.834E-4	0.0123213	0.0157343	0.0298507	0.0259981	0.0178439	0.0054645	0.004686	0.009009	0.0015444	0.0	0.0	0.0023585	0.0	0.0	0.0	0.0	0.0	
Bécasseau de Temminck	0.0	0.0	0.0	0.0	0.0	0.0	0.0	0.0	0.0	0.0	0.0	0.0	0.0	0.0	0.0	0.0	0.0	0.0	4.983E-4	0.0	0.0	0.0	0.0	0.0	0.0	0.0	0.0	0.0	0.0	0.0	0.0	0.0	0.0	0.0	0.0	0.0	0.0	0.0	0.0	0.0	0.0	0.0	0.0	0.0	0.0	0.0	0.0	0.0	
Bécasseau rousset	0.0	0.0	0.0	0.0	0.0	0.0	0.0	0.0	0.0	0.0	0.0	0.0	0.0	0.0	0.0	0.0	0.0	0.0	0.0	0.0	0.0015	0.0	0.0	0.0	0.0	0.0	0.0	0.0	0.0	0.0	0.0	0.0	0.0017483	9.95E-4	0.001857	0.001487	0.0010929	9.372E-4	0.0	0.0	0.0	0.0	0.0	0.0	0.0	0.0	0.0	0.0	
Bécasseau sanderling	0.0177346	0.0195618	0.0243902	0.0160735	0.0150376	0.0177646	0.0141343	0.0104012	0.0095518	0.0033898	0.0084806	0.0079365	0.0067039	0.0059395	0.0092547	0.0078154	0.0151246	0.0226795	0.0279023	0.0178151	0.0206292	0.0047755	0.0045113	8.439E-4	0.0021299	0.0038483	0.0107459	0.016033	0.01287	0.0267006	0.0221704	0.0206999	0.0437063	0.0368159	0.0269266	0.0104089	0.0142077	0.0103093	0.0112613	0.0108108	0.008761	0.0236111	0.0294811	0.0246517	0.0135338	0.0208333	0.011713	0.0141844	
Bécasseau variable	0.0726545	0.084507	0.0926829	0.0706085	0.0902256	0.0762398	0.0805654	0.0579495	0.053637	0.0423729	0.0310954	0.0277778	0.0173184	0.0199784	0.0414028	0.0576852	0.0645018	0.0663587	0.0503239	0.0356303	0.0335224	0.017192	0.0130326	0.0075949	0.013312	0.0307861	0.0410872	0.0444343	0.0566281	0.0648442	0.0682614	0.0778709	0.1171329	0.119403	0.095636	0.0773234	0.0557377	0.0581068	0.0698198	0.0540541	0.0663329	0.0805556	0.0990566	0.0986066	0.087218	0.0777778	0.0702782	0.0624113	
Bécasseau violet	0.0154462	0.0156495	0.0195122	0.0189437	0.0091896	0.0133235	0.0127208	0.0104012	0.0095518	0.0110169	0.0084806	0.010582	0.003352	0.0091793	0.005358	0.0048381	0.0022242	0.0041999	0.001993	3.361E-4	0.0	0.0	0.0	0.0	0.0	0.0	6.321E-4	4.581E-4	0.006435	0.0038144	0.0029172	0.0015	8.741E-4	9.95E-4	0.0015	7.435E-4	0.0021858	0.0018744	0.0022523	0.0030888	0.0050063	0.0125	0.0165094	0.0128617	0.0225564	0.0125	0.0131772	0.0106383	
Bécasseau de Baird	0.0	0.0	0.0	0.0	0.0	0.0	0.0	0.0	0.0	0.0	0.0	0.0	0.0	0.0	0.0	0.0	0.0	0.0	0.0	0.0	0.0	0.0	0.0	0.0	0.0	0.0	0.0	0.0	0.0057915	0.0	0.0	9.857E-4	0.0	0.0	0.0	0.0	0.0	0.0	0.0	0.0	0.0	0.0	0.0	0.0	0.0	0.0	0.0	0.0	
Bécasseau minute	0.0	0.0	0.0	0.0	0.0	0.0	0.0	0.0	0.0	0.0	0.0	0.0	0.0	0.0	9.742E-4	0.002233	0.0031139	4.2E-4	0.0059791	6.723E-4	0.0015	4.776E-4	0.0	0.0	5.325E-4	0.0	0.0	0.0	6.435E-4	0.0025429	0.0075846	0.0103499	0.0183566	0.0179104	0.0157846	0.0126394	0.0043716	9.372E-4	0.0015	0.0	0.0	0.0	0.0	0.0	0.0	0.0	0.0	0.0	
Bécasseau de Bonaparte	0.0	0.0	0.0	0.0	0.0	0.0	0.0	0.0	0.0	0.0	0.0	0.0	0.0	0.0	0.0	0.0	0.0	0.0	0.0	0.0	0.0	0.0	0.0	0.0	0.0	0.0	0.0	0.0	0.0	0.0	0.0	0.0	0.0	0.0	0.0	0.0	0.0	0.0	0.0045045	0.0015	0.0015	0.0	0.0035377	0.0	0.0	0.0	0.0	0.0	
Bécasseau tacheté	0.0	0.0	0.0	0.0	0.0	0.0	0.0	0.0	0.0	0.0	0.0	0.0	0.0	0.0	0.0	0.0	8.897E-4	0.0037799	0.0024913	0.0010084	0.0015	0.0	0.0	0.0	0.0	0.002199	0.0037927	0.0	0.002574	0.0	5.834E-4	0.0	0.0	0.0029851	0.0046425	0.005948	0.0	0.0	0.0015	0.0	0.0	0.0	0.0	0.0	0.0	0.0	0.0	0.0	
Bécasseau semipalmé	0.0	0.0	0.0	0.0	0.0	0.0	0.0	0.0	0.0	0.0	0.0	0.0	0.0	0.0	0.0	0.0	0.0	0.0	0.0	0.0	0.0	0.0	0.0	0.0	0.0	0.0	0.0	0.0	0.0	0.0	0.0	0.0	0.0017483	0.0	0.0	0.0	0.0	0.0	0.0	0.0	0.0	0.0	0.0	0.0	0.0	0.0	0.0	0.0	
Calidris sp.	0.0	0.0	0.0	5.741E-4	0.0	0.0	0.0	0.0	0.0	0.0	0.0	0.0	0.0	0.0	0.0	3.722E-4	0.0	4.2E-4	0.0	3.361E-4	0.0	0.0	0.0	0.0	0.0	0.0	0.0	0.0	6.435E-4	0.0	0.0	0.0	8.741E-4	0.0	0.0	0.0	0.0015	9.372E-4	0.0	0.0	0.0	0.0	0.0011792	0.0	0.0	0.0013889	0.0	7.092E-4	
Glaréole à collier	0.0	0.0	0.0	0.0	0.0	0.0	0.0	0.0	0.0	0.0	0.0	0.0	0.0	0.0	0.0	0.0	0.0	0.0	0.0	0.0	0.0	0.0	0.0	0.0	5.325E-4	0.0	0.0	0.0	0.0	0.0	0.0	0.0	0.0	0.0	0.0	0.0	0.0	0.0	0.0	0.0	0.0	0.0	0.0	0.0	0.0	0.0	0.0	0.0	
limicole sp.	0.0	0.0015649	0.0	5.741E-4	0.0	0.0	0.0	0.0	7.348E-4	8.475E-4	0.0014134	4.409E-4	5.587E-4	0.0	4.871E-4	0.0	0.0015	4.2E-4	0.0014948	0.0015	0.0	0.0	5.013E-4	4.219E-4	0.0	0.0	0.0	0.0013743	0.001287	0.0031786	0.0023337	0.0019714	8.741E-4	0.0	9.285E-4	0.001487	0.0021858	0.0	0.0011261	0.0	0.0025031	0.0	0.0	0.0042872	0.0	0.0015	0.0014641	0.0	
Labbe à longue queue	0.0	0.0	0.0	0.0	0.0	0.0	0.0	0.0	0.0	0.0	0.0	0.0	0.0	0.0	0.0	0.0	0.0	4.2E-4	9.965E-4	0.0	0.0	0.0	0.0	0.0	0.0	0.0	0.0	0.0	6.435E-4	6.357E-4	0.0	0.00345	0.0026224	9.95E-4	0.0064995	0.0037175	0.0010929	0.0	0.0	7.722E-4	0.0015	0.0	0.0015	0.0	0.0	0.0	0.0	0.0	
Labbe parasite	0.0	0.0	0.0	0.0	0.0	0.0	0.0	0.0	0.0	0.0	0.0	4.409E-4	0.0022346	0.0010799	9.742E-4	0.0033495	0.0013345	0.0025199	0.0029895	0.0020168	0.0025786	0.0014327	0.0015038	8.439E-4	0.0015974	5.498E-4	0.0025284	0.0050389	0.0083655	0.0095359	0.0099183	0.0182356	0.0218531	0.0179104	0.0232126	0.0178439	0.0120219	0.0074977	0.0022523	0.0030888	0.0012516	0.0027778	0.0011792	0.0	0.0	0.0	0.0	0.0	
Labbe pomarin	0.0	0.0	0.0	0.0	0.0	0.0	0.0	0.0	0.0	0.0	0.0	0.0	0.0	0.0	0.0	7.443E-4	8.897E-4	4.2E-4	0.0	0.0	0.0	0.0	5.013E-4	0.0015	0.0	0.0	0.0	4.581E-4	0.001287	0.0015	5.834E-4	0.0024643	0.0026224	9.95E-4	0.003714	0.0022305	0.0015	0.0015	0.0011261	0.0	0.0015	0.0	0.0	0.0	0.0	0.0	0.0	0.0	
Grand Labbe	0.0	0.0	0.0	0.0	0.0	0.0	0.0	0.0	0.0	0.0	0.0015	0.0	5.587E-4	5.4E-4	4.871E-4	0.0011165	0.0	4.2E-4	9.965E-4	3.361E-4	0.0	0.0014327	5.013E-4	8.439E-4	5.325E-4	0.0015	0.0015	4.581E-4	0.0019305	6.357E-4	0.0046674	0.0064071	0.0078671	0.0069652	0.0064995	0.0074349	0.0065574	0.0037488	0.0022523	0.0015	0.0015	0.0	0.0015	0.0015	0.0	0.0013889	0.0	0.0021277	
Labbe pomarin, L. parasite ou L. à longue queue	0.0	0.0	0.0	0.0	0.0	0.0	0.0	0.0	0.0	0.0	0.0	0.0	0.0	0.0	0.0	0.0	0.0	0.0	4.983E-4	0.0	0.0	0.0	0.0	0.0	5.325E-4	0.0	6.321E-4	4.581E-4	0.0	0.0	0.0011669	9.857E-4	0.0017483	9.95E-4	0.0015	0.0015	0.0	0.0	0.0	7.722E-4	0.0012516	0.0027778	0.0	0.0	0.0	0.0	0.0	0.0	
labbe sp.	0.0	0.0	0.0	0.0	0.0	0.0	0.0	0.0	0.0	0.0	0.0	0.0	0.0	0.0	0.0	3.722E-4	4.448E-4	0.0	4.983E-4	0.0	0.0	0.0	0.0	0.0	0.0	0.0	0.0	0.0	0.0	0.0	0.0	0.0	0.0	0.0	0.0	0.0	0.0	0.0	0.0	0.0	0.0	0.0	0.0	0.0010718	0.0	0.0	0.0	0.0	
Macareux moine	5.721E-4	0.0	0.0	0.0	0.0	0.0	0.0	0.0	7.348E-4	8.475E-4	0.004947	0.010582	0.0167598	0.0313175	0.0506576	0.045776	0.0458185	0.0537589	0.0563029	0.057479	0.070655	0.0678128	0.0641604	0.0637131	0.0788072	0.0786146	0.0689001	0.0448923	0.020592	0.006993	0.0046674	0.0024643	0.0	9.95E-4	0.003714	7.435E-4	0.0015	0.0015	0.0022523	0.0015	0.0012516	0.0	0.0	0.0010718	0.0	0.0	0.0	0.0	
Guillemot à miroir	0.006865	0.0039124	0.004878	0.0091848	0.0100251	0.0066617	0.0169611	0.0104012	0.0124908	0.0127119	0.0084806	0.0110229	0.0145251	0.0210583	0.0136386	0.0130257	0.0173488	0.0201596	0.0139512	0.0168067	0.0293966	0.0286533	0.0235589	0.0236287	0.0330138	0.0263881	0.0252845	0.0155749	0.0083655	0.0019072	0.0017503	0.0024643	0.0043706	0.0039801	0.0027855	0.004461	0.0065574	0.0018744	0.0015	7.722E-4	0.0050063	0.0041667	0.0035377	0.0085745	0.0045113	0.0041667	0.0058565	0.0078014	
Pingouin torda	0.0102975	0.0078247	0.0170732	0.010333	0.0142022	0.0185048	0.0240283	0.0141159	0.0176341	0.0211864	0.0254417	0.0321869	0.0486034	0.0691145	0.0711154	0.0744325	0.0814057	0.0852583	0.0886896	0.085042	0.1150077	0.1146132	0.0937343	0.0974684	0.1011715	0.0967565	0.0726928	0.0421438	0.024453	0.013986	0.0268378	0.0261212	0.0375874	0.0427861	0.0436397	0.0223048	0.0306011	0.0234302	0.0225225	0.0123552	0.0150188	0.0208333	0.0106132	0.0235798	0.0195489	0.0125	0.0058565	0.0078014	
Mergule nain	0.0	0.0	0.0	0.0	0.0	0.0	0.0	0.0015	0.0	0.0	0.0	0.0	0.0015	0.0	0.0	0.0	0.0	0.0	0.0	0.0	0.0	0.0	0.0	0.0	0.0	0.0	0.0	0.0	0.0	0.0	0.0	0.0	0.0	0.0	0.0	0.0	0.0	0.0	0.0	0.0	0.0012516	0.0	0.0	0.0	0.0	0.0	0.0	7.092E-4	
Guillemot de Troïl	0.0143021	0.0156495	0.0284553	0.0223881	0.0250627	0.0199852	0.0268551	0.0304606	0.0176341	0.0254237	0.0353357	0.0436508	0.052514	0.0739741	0.0818315	0.0788984	0.0836299	0.0953381	0.0946687	0.0880672	0.1237751	0.1150907	0.0967419	0.1037975	0.1086262	0.1039032	0.0828066	0.0503894	0.0328185	0.0197076	0.0309218	0.0310498	0.0410839	0.0358209	0.0436397	0.0267658	0.0251366	0.0299906	0.0213964	0.0177606	0.020025	0.0291667	0.0212264	0.022508	0.0165414	0.0152778	0.0234261	0.0163121	
Alca ou Uria sp.	0.0011442	0.0070423	0.001626	0.0022962	0.0033417	7.402E-4	7.067E-4	0.0029718	0.0022043	8.475E-4	0.0056537	0.0030864	0.0027933	0.0048596	0.0014613	0.0037216	4.448E-4	0.00168	0.0024913	3.361E-4	0.0030944	0.004298	5.013E-4	0.0025316	0.0042599	0.002199	6.321E-4	0.0041228	0.0032175	0.0015	0.0011669	0.00345	0.0052448	0.0015	0.0015	7.435E-4	0.0021858	9.372E-4	0.0022523	0.0030888	0.0015	0.0055556	0.0011792	0.0021436	0.0030075	0.0027778	0.0015	0.0021277	
alcidé sp.	5.721E-4	7.825E-4	8.13E-4	0.0	0.0	7.402E-4	0.0015	7.429E-4	7.348E-4	0.0	0.0	0.0	5.587E-4	0.0010799	0.0014613	0.0018608	0.0017794	0.0015	0.001993	6.723E-4	0.0030944	9.551E-4	0.0010025	4.219E-4	0.0015974	0.0010995	0.0	0.0	0.0019305	6.357E-4	5.834E-4	0.0024643	0.0026224	0.0029851	0.003714	0.0	0.0	0.0028116	0.0045045	0.0023166	0.0050063	0.0015	0.0011792	0.0021436	0.0	0.0	0.0029283	0.0028369	
Mouette pygmée	5.721E-4	7.825E-4	0.0	5.741E-4	0.0	7.402E-4	0.0084806	0.0029718	0.0022043	0.0050847	7.067E-4	0.0057319	0.0022346	0.0026998	0.0019484	0.0014886	4.448E-4	0.0015	9.965E-4	6.723E-4	0.0	0.0	5.013E-4	4.219E-4	0.0	0.0	0.0012642	0.0	6.435E-4	0.0	0.0017503	0.0029571	0.0052448	9.95E-4	0.0027855	0.0074349	0.0065574	0.0028116	0.0015	0.0015444	0.0012516	0.0013889	0.0023585	0.0010718	0.0015038	0.0013889	0.0014641	7.092E-4	
Mouette tridactyle	0.0148741	0.0140845	0.0065041	0.010907	0.0091896	0.0088823	0.0176678	0.01263	0.0110213	0.0177966	0.014841	0.0246914	0.0324022	0.0453564	0.0438383	0.0446595	0.0498221	0.0659387	0.0762332	0.0689076	0.0923156	0.0936008	0.0626566	0.0751055	0.0750799	0.0758659	0.0695322	0.0819973	0.0759331	0.0673872	0.0711785	0.0620996	0.0629371	0.0477612	0.0445682	0.0237918	0.0229508	0.0140581	0.0168919	0.019305	0.0175219	0.0180556	0.0106132	0.0117899	0.0165414	0.0180556	0.0131772	0.0134752	
Mouette de Sabine	0.0	0.0	0.0	0.0	0.0	0.0	0.0	0.0	0.0	0.0	0.0	0.0	0.0	0.0015	4.871E-4	0.0	0.0	0.0	0.0	3.361E-4	0.0	0.0	5.013E-4	0.0	0.0	0.0	0.0	0.0	6.435E-4	0.0	5.834E-4	0.0054214	0.0061189	0.0049751	0.0129991	0.004461	0.0043716	0.0015	0.0022523	0.0	0.0012516	0.0	0.0	0.0	0.0	0.0	0.0	0.0	
Mouette de Bonaparte	0.0	0.0	0.0	5.741E-4	0.0	0.0014804	0.0014134	0.0	7.348E-4	0.0059322	0.0042403	0.0013228	5.587E-4	0.0021598	9.742E-4	0.0011165	0.0015	0.0	0.0	0.0	0.0	0.0	0.0	0.0	0.0	0.0	0.0	0.0	0.0	0.0	0.0	0.0	0.0	0.0	0.0	7.435E-4	0.0	0.0	0.0	0.0	0.0	0.0	0.0	0.0	0.0	0.0	0.0	0.0	
Mouette rieuse	0.402746	0.3755869	0.3691057	0.3398393	0.3458647	0.3545522	0.3462898	0.3031204	0.2711242	0.2618644	0.1837456	0.1406526	0.124581	0.1106911	0.1246956	0.1090435	0.1076512	0.1045779	0.0956652	0.0853782	0.1232594	0.1203438	0.1478697	0.1919831	0.2337593	0.2748763	0.3318584	0.3014201	0.3494208	0.3312142	0.3547258	0.353376	0.3802448	0.3960199	0.4206128	0.3553903	0.3803279	0.3730084	0.3727477	0.3822394	0.3929912	0.4166667	0.4292453	0.414791	0.3759398	0.4069444	0.3894583	0.3758865	
Mouette atricille	0.0	0.0	0.0	0.0	0.0	0.0	0.0	0.0	0.0	0.0	0.0	0.0	0.0	0.0	0.0	0.0	0.0	0.0	0.0	0.0	0.0	0.0015	0.0	0.0015	0.0	0.0	0.0	0.0	0.0	0.0	0.0	0.0	0.0	0.0	0.0	0.0	0.0	0.0	0.0	0.0	0.0	0.0	0.0	0.0	0.0	0.0	0.0	0.0	
Mouette mélanocéphale	0.0240275	0.0258216	0.0333333	0.0229621	0.0242272	0.0370096	0.044523	0.0289747	0.0139603	0.0161017	0.0127208	0.0110229	0.0100559	0.0113391	0.0116902	0.0130257	0.0169039	0.0193196	0.0149477	0.0154622	0.013409	0.0195798	0.0185464	0.0244726	0.0362087	0.0401319	0.0372946	0.0403115	0.0637066	0.0591227	0.037923	0.0394283	0.034965	0.0228856	0.0389972	0.0342007	0.0295082	0.0281162	0.0304054	0.027027	0.0250313	0.025	0.0224057	0.0160772	0.0225564	0.0305556	0.0204978	0.0177305	
Hybride Mouette rieuse x M. mélanocéphale	0.0	0.0	0.0	0.0	0.0	7.402E-4	0.0	0.0	0.0	0.0	0.0	0.0	0.0	0.0	0.0	0.0	0.0013345	4.2E-4	0.0	3.361E-4	0.0	0.0	0.0015	0.0	0.0	0.0	0.0	0.0	0.0	0.0	0.0	0.0	0.0	0.0	0.0	0.0	0.0	0.0	0.0	0.0	0.0	0.0	0.0	0.0	0.0	0.0	0.0	0.0	
Mouette rieuse ou M. mélanocéphale	0.0022883	0.0	8.13E-4	0.0	0.0	7.402E-4	7.067E-4	0.0	0.0	8.475E-4	7.067E-4	4.409E-4	0.0015	0.0	0.0014613	7.443E-4	0.0	4.2E-4	4.983E-4	6.723E-4	0.0	0.0	0.0	0.0	0.0	5.498E-4	6.321E-4	0.0015	0.0019305	6.357E-4	0.0	9.857E-4	8.741E-4	0.0	9.285E-4	7.435E-4	0.0	0.0	0.0011261	0.0	0.0	0.0	0.0023585	0.0	0.0	0.0	0.0	0.0	
Goéland cendré	0.1069794	0.1079812	0.104878	0.10907	0.1102757	0.1265729	0.1265018	0.0846954	0.0749449	0.070339	0.0558304	0.0511464	0.0363128	0.0329374	0.0248417	0.0174916	0.0106762	0.0146997	0.0109616	0.0107563	0.013409	0.0071633	0.0075188	0.0109705	0.0095847	0.0203408	0.0189633	0.0187815	0.0212355	0.0368722	0.0425904	0.0325283	0.0358392	0.0447761	0.0306407	0.0453532	0.0579235	0.0571696	0.0529279	0.0571429	0.0638298	0.0722222	0.0872642	0.091104	0.0736842	0.1041667	0.1156662	0.122695	
Goéland à bec cerclé	0.0	0.0	0.0	0.0	0.0	0.0015	0.0015	0.0	0.0	0.0	0.0	0.0	0.0	0.0	0.0	0.0	0.0	0.0	0.0	0.0	0.0	0.0	0.0	0.0	0.0	0.0	0.0	0.0	6.435E-4	0.0	0.0	0.0	0.0	0.0	0.0	0.0	0.0	0.0	0.0	0.0	0.0	0.0	0.0	0.0	0.0	0.0	0.0	0.0	
Goéland pontique	0.0011442	0.0046948	0.0	0.0017222	0.0015	0.003701	7.067E-4	0.0014859	0.0015	0.0	0.0	0.0	0.0015	0.0	0.0	0.0	0.0	0.0	0.0	0.0	0.0	0.0	0.0	0.0	0.0	0.0	0.0	0.0	0.0	0.0	0.0	0.0	0.0	0.0	0.0	0.0	0.0	0.0	0.0	0.0	0.0	0.0	0.0	0.0010718	0.0030075	0.0	0.0	0.0021277	
Goéland argenté	0.5045767	0.5172144	0.5227642	0.4931114	0.4979114	0.5233161	0.5441696	0.4777117	0.480529	0.5220339	0.5074205	0.5176367	0.4905028	0.512959	0.5124208	0.4826945	0.4782028	0.4636707	0.4603886	0.4826891	0.5523466	0.561127	0.5258145	0.528692	0.5495208	0.5448048	0.5714286	0.5620705	0.5701416	0.5422759	0.5670945	0.5406604	0.5166084	0.5144279	0.5032498	0.4758364	0.5114754	0.5126523	0.4763514	0.5127413	0.514393	0.5013889	0.5235849	0.5369775	0.5233083	0.5055556	0.5270864	0.5198582	
Goéland leucophée	0.0051487	0.0054773	0.002439	0.0028703	0.005848	0.0066617	0.0035336	0.0029718	0.0014695	0.0042373	0.0014134	0.0035273	0.001676	0.0010799	4.871E-4	3.722E-4	0.0	4.2E-4	4.983E-4	3.361E-4	0.0010315	0.0	0.0	0.0012658	0.001065	5.498E-4	0.0012642	0.0064132	0.007722	0.006993	0.0023337	0.0024643	0.0026224	9.95E-4	9.285E-4	0.0015	0.0010929	0.0018744	0.0045045	0.0030888	0.0050063	0.0013889	0.0023585	0.0075027	0.0105263	0.0166667	0.0073206	0.0056738	
Goéland pontique, G. argenté ou G. leucophée	0.0	0.0	0.0	0.0	0.0	0.0	0.0	0.0	0.0	0.0	0.0	0.0	0.0	0.0	0.0	0.0	0.0	0.0	0.0	0.0	0.0	0.0	0.0	0.0	0.0	0.0	0.0	0.0	0.0	0.0	0.0	0.0	0.0	0.0	0.0	0.0	0.0	0.0	0.0	0.0	0.0	0.0	0.0	0.0	0.0	0.0	0.0	0.0015	
Goéland marin	0.1338673	0.1627543	0.1512195	0.1458094	0.1395155	0.1443375	0.1738516	0.1359584	0.13446	0.1483051	0.155477	0.1640212	0.1536313	0.161987	0.1573307	0.1518422	0.1579181	0.1608568	0.1524664	0.1710924	0.2124807	0.2043935	0.1924812	0.1915612	0.2060703	0.1863661	0.1908976	0.19377	0.2117117	0.2034329	0.2158693	0.1981272	0.2246503	0.240796	0.1884865	0.1791822	0.1551913	0.1686973	0.1486486	0.1397683	0.1539424	0.1402778	0.1474057	0.1511254	0.1323308	0.1305556	0.1581259	0.1673759	
Goéland bourgmestre	0.0011442	0.0	0.0	0.0	0.0	0.0	0.0	0.0	0.0	8.475E-4	7.067E-4	0.0015	5.587E-4	0.0	0.0015	0.0	0.0	0.0	4.983E-4	0.0	0.0	0.0	0.0	0.0	0.0	0.0	0.0	0.0	0.0	0.0	0.0	0.0	0.0	0.0	0.0	0.0	0.0	0.0	0.0	0.0	0.0	0.0	0.0015	0.0	0.0015	0.0013889	0.0	0.0	
Goéland brun	0.1853547	0.1830986	0.1544715	0.1659013	0.1737678	0.2050333	0.2332155	0.2481426	0.2770022	0.3025424	0.3038869	0.3126102	0.3139665	0.300216	0.2917681	0.3051731	0.2691281	0.2784544	0.2720478	0.28	0.33213	0.3137536	0.3182957	0.3312236	0.328541	0.3501924	0.3653603	0.3747137	0.3603604	0.3610935	0.3255543	0.3045835	0.3129371	0.2776119	0.2618384	0.2394052	0.2338798	0.2108716	0.2027027	0.1822394	0.2265332	0.2055556	0.2393868	0.2057878	0.1684211	0.2055556	0.1830161	0.1617021	
Hybride Goéland argenté x G. brun	0.0	0.0	0.0	0.0	8.354E-4	0.0	7.067E-4	0.0	0.0015	0.0	0.0	0.0	5.587E-4	0.0	0.0	0.0	0.0	8.4E-4	0.0	0.0	0.0	0.0	0.0	0.0	0.0	5.498E-4	0.0	4.581E-4	0.0	0.0	0.0	0.0	0.0	0.0	0.0	0.0	0.0	0.0	0.0	0.0	0.0	0.0	0.0	0.0015	0.0015	0.0	0.0	0.0	
goéland sp. (complexe argentatus ou fuscus)	0.0011442	0.0039124	0.001626	5.741E-4	0.0016708	0.0014804	0.0021201	0.0022288	0.0014695	0.0016949	7.067E-4	4.409E-4	0.001676	5.4E-4	4.871E-4	3.722E-4	8.897E-4	8.4E-4	0.0	0.0023529	0.0	0.0	0.0	0.0012658	0.0	0.002199	0.0012642	0.0022904	6.435E-4	0.0038144	0.0017503	0.0029571	0.0034965	0.0029851	0.0046425	0.0022305	0.0010929	0.0056232	0.0045045	0.0023166	0.0037547	0.0	0.0070755	0.0010718	0.0015038	0.0	0.0	0.0021277	
Goéland à ailes blanches	0.0011442	0.0023474	0.002439	0.0022962	0.0016708	0.0029608	0.0014134	0.0074294	0.0014695	8.475E-4	0.0021201	0.0022046	0.0022346	0.0015	4.871E-4	0.0	0.0	0.0	0.0	0.0	0.0	0.0	0.0	0.0	0.0	0.0	0.0	0.0	0.0	0.0	0.0	0.0	0.0	0.0	0.0	0.0	0.0	0.0	0.0	0.0	0.0012516	0.0015	0.0	0.0015	0.0	0.0	0.0014641	0.0021277	
goéland sp. (Larus sp.)	0.0040046	0.0	0.0	0.0011481	0.0041771	0.0014804	0.0021201	0.0014859	7.348E-4	0.0	0.0035336	0.0015	0.0044693	0.0043197	0.0038967	0.0011165	0.0035587	0.0021	0.0029895	6.723E-4	0.0015	0.0014327	0.0010025	0.0012658	0.001065	0.0016493	6.321E-4	9.162E-4	0.0045045	0.0038144	0.0017503	0.0019714	0.0026224	0.0	0.001857	0.002974	0.0	0.0018744	0.0	0.0	0.0012516	0.0111111	0.004717	0.0021436	0.0	0.0013889	0.0029283	0.0014184	
goéland ou mouette sp.	0.0034325	0.0070423	0.0121951	0.010907	0.0091896	0.0059215	0.0127208	0.0044577	0.008817	0.0042373	0.0134276	0.0092593	0.0055866	0.0075594	0.0073064	0.0040938	0.0031139	0.0046199	0.0029895	0.0127731	0.0092831	0.0047755	0.0155388	0.0080169	0.0053248	0.0071468	0.0069532	0.0068713	0.0148005	0.0127146	0.0145858	0.0064071	0.006993	0.0139303	0.0064995	0.0118959	0.0120219	0.0131209	0.0045045	0.0061776	0.0125156	0.0125	0.0117925	0.0160772	0.0105263	0.0111111	0.0058565	0.006383	
Sterne bridée	0.0	0.0	0.0	0.0	0.0	0.0	0.0	0.0	0.0	0.0	0.0	0.0	0.0	0.0	0.0	0.0	0.0	0.0	0.0	0.0	0.0	0.0	0.0	0.0	0.0	0.0	0.0	0.0	0.0015	0.0019072	0.0	0.0	0.0	0.0	0.0	0.0	0.0	0.0	0.0	0.0	0.0	0.0	0.0	0.0	0.0	0.0	0.0	0.0	
Sterne naine	0.0	0.0	0.0	0.0	0.0	0.0	0.0	0.0	0.0	0.0	0.0	0.0	0.0	0.0015	4.871E-4	0.0014886	0.0035587	0.0037799	0.0069756	0.0067227	0.0113461	0.0105062	0.0065163	0.0101266	0.0069223	0.0082463	0.0101138	0.0032066	0.0032175	0.0025429	5.834E-4	9.857E-4	0.0078671	0.0079602	0.0027855	0.0	0.0	0.0	0.0	0.0	0.0	0.0	0.0	0.0	0.0	0.0	0.0	0.0	
Sterne caspienne	0.0	0.0	0.0	0.0	0.0	0.0	0.0	0.0	0.0	0.0	0.0	0.0	0.0	0.0	0.0	0.0	0.0	0.0	0.0	0.0	0.0	0.0014327	0.0015	0.0016878	0.0	0.0	0.0	0.0	0.0	0.0	0.0	0.0	0.0	0.0	0.0	0.0	0.0	0.0	0.0	0.0	0.0	0.0	0.0	0.0	0.0	0.0	0.0	0.0	
Guifette noire	0.0	0.0	0.0	0.0	0.0	0.0	0.0	0.0	0.0	0.0	0.0	0.0	0.0	0.0	4.871E-4	7.443E-4	0.0	0.00168	0.001993	6.723E-4	0.0	0.0	0.0010025	0.0	0.0	0.0	0.0	4.581E-4	0.0	0.0	0.0017503	0.0078857	0.0061189	0.0079602	0.0148561	0.0037175	0.0065574	0.0	0.0	0.0	0.0	0.0	0.0	0.0	0.0	0.0	0.0	0.0	
Guifette leucoptère	0.0	0.0	0.0	0.0	0.0	0.0	0.0	0.0	0.0	0.0	0.0	0.0	0.0	0.0	4.871E-4	0.0	0.0	0.0	0.0	0.0015	0.0	0.0	0.0	0.0	0.0	0.0	0.0	0.0	0.0	0.0	0.0	0.0	0.0015	9.95E-4	0.0027855	0.0	0.0	0.0	0.0	0.0	0.0	0.0	0.0	0.0	0.0	0.0	0.0	0.0	
Sterne arctique	0.0	0.0	0.0	0.0	0.0	0.0	0.0	0.0	0.0	0.0	0.0	0.0	0.0011173	0.0021598	0.0034096	0.0074432	0.0177936	0.0226795	0.0224215	0.0221849	0.0263022	0.0253104	0.0270677	0.0223629	0.0340788	0.0318857	0.0347661	0.0155749	0.0096525	0.0165289	0.012252	0.013307	0.020979	0.0049751	0.007428	0.002974	0.0032787	0.0037488	0.0011261	0.0023166	0.0	0.0	0.0015	0.0	0.0	0.0	0.0	0.0	
Sterne pierregarin	0.0	0.0	0.0	0.0	0.0	0.0	0.0	0.0	0.0	0.0	0.0	8.818E-4	0.0011173	0.0037797	0.0082806	0.0093041	0.0169039	0.0235195	0.0224215	0.0228571	0.0273337	0.0319962	0.0285714	0.0295359	0.0372737	0.0340847	0.0372946	0.0210719	0.0109395	0.0222505	0.0210035	0.0192213	0.0253497	0.0208955	0.0157846	0.0118959	0.0054645	0.0018744	0.0033784	7.722E-4	0.0012516	0.0	0.0	0.0	0.0	0.0	0.0	0.0	
Sterne pierregarin ou S. arctique	0.0	0.0	0.0	0.0	0.0	0.0	0.0	0.0	0.0	0.0	0.0	0.0	0.0011173	0.0015	4.871E-4	0.0011165	4.448E-4	0.00168	9.965E-4	6.723E-4	0.0015472	0.0028653	0.0015038	0.0012658	5.325E-4	5.498E-4	6.321E-4	0.0013743	0.003861	0.0025429	0.004084	0.0083785	0.0061189	0.0039801	0.0120706	0.005948	0.0021858	9.372E-4	0.0	7.722E-4	0.0	0.0013889	0.0	0.0	0.0	0.0	0.0	0.0	
Sterne de Dougall	0.0	0.0	0.0	0.0	0.0	0.0	0.0	0.0	0.0	0.0	0.0	0.0	0.0	0.0	0.0	0.0	0.0017794	0.0025199	0.0054808	0.0043697	0.0067045	0.0014327	0.0070175	0.0054852	0.014377	0.0186916	0.0126422	9.162E-4	0.0019305	0.0025429	0.0023337	0.0024643	0.0026224	0.0	9.285E-4	0.0	0.0	0.0015	0.0	0.0	0.0	0.0	0.0	0.0	0.0	0.0	0.0	0.0	
Sterna sp.	0.0	0.0	0.0	0.0	0.0	0.0	0.0	0.0	0.0	0.0	0.0	0.0	0.0	0.0	0.0	3.722E-4	0.0	4.2E-4	0.0	0.0	0.0	0.0	0.0	0.0	0.0	0.0	0.0	0.0	0.0	0.0	0.0	0.0	0.0	9.95E-4	0.0	0.0	0.0	0.0	0.0	0.0	0.0	0.0	0.0	0.0	0.0	0.0	0.0	0.0	
Sterne caugek	0.0	0.0015	8.13E-4	0.0	0.0	0.0	0.0	0.0	0.0	0.0	0.0021201	0.0189594	0.050838	0.0820734	0.0837798	0.0707108	0.0725089	0.0680386	0.04285	0.0413445	0.0613718	0.069723	0.0636591	0.056962	0.0745474	0.0720176	0.0745891	0.0558864	0.0540541	0.0743802	0.0530922	0.0611138	0.0865385	0.0766169	0.0566388	0.0260223	0.0163934	0.0074977	0.0022523	0.0015444	0.0012516	0.0027778	0.0011792	0.0	0.0	0.0	0.0	0.0	
Sterne élégante	0.0	0.0	0.0	0.0	0.0	0.0	0.0	0.0	0.0	0.0	0.0	0.0	0.0	0.0	0.0	0.0	0.0	0.0	0.0	0.0	0.0	0.0	0.0	0.0	0.0111821	0.0153931	0.0158028	0.0032066	0.0	0.0	0.0	0.0	0.0	0.0	0.0	0.0	0.0	0.0	0.0	0.0	0.0	0.0	0.0	0.0	0.0	0.0	0.0	0.0	
sterne sp.	0.0	0.0	0.0	0.0	0.0	0.0	0.0	0.0	0.0	0.0	0.0	4.409E-4	0.0	0.0	9.742E-4	0.0011165	4.448E-4	8.4E-4	0.001993	0.0016807	0.0010315	9.551E-4	5.013E-4	8.439E-4	0.0026624	5.498E-4	6.321E-4	9.162E-4	0.002574	0.0019072	0.0011669	0.0024643	0.0	0.00199	9.285E-4	0.0	0.0	0.0	0.0	7.722E-4	0.0015	0.0	0.0	0.0	0.0	0.0	0.0	0.0	
Grèbe castagneux	0.139016	0.1564945	0.1341463	0.1262916	0.1144528	0.1102887	0.1272085	0.1069837	0.1175606	0.1050847	0.1109541	0.0908289	0.077095	0.0701944	0.0642962	0.0558243	0.0542705	0.0529189	0.0503239	0.052437	0.0458999	0.0510984	0.0591479	0.057384	0.044196	0.0659703	0.0575221	0.0650481	0.0778636	0.0775588	0.1015169	0.1074421	0.0961538	0.121393	0.1318477	0.1286245	0.1300546	0.1480787	0.1531532	0.1482625	0.1702128	0.1375	0.1698113	0.1629153	0.1578947	0.1652778	0.1654466	0.1489362	
Grèbe esclavon	0.0171625	0.0109546	0.0154472	0.0097589	0.0116959	0.0125833	0.0127208	0.0104012	0.0095518	0.0033898	0.004947	0.0057319	5.587E-4	0.0021598	4.871E-4	0.0	0.0	0.0	0.0	0.0	0.0	0.0	0.0	0.0	0.0	0.0	0.0	0.0	0.0	0.0	0.0	0.0	0.0	0.0	0.0	0.0	0.0015	9.372E-4	0.0033784	0.0015444	0.0037547	0.0097222	0.0106132	0.0085745	0.0105263	0.0083333	0.0278184	0.0070922	
Grèbe jougris	0.0011442	0.0086072	0.0056911	0.0040184	0.0041771	0.0051813	0.0021201	0.0	7.348E-4	0.0050847	0.0	8.818E-4	0.0	5.4E-4	0.0	0.0	0.0	0.0	0.0	0.0	0.0	0.0	0.0	0.0	0.0	0.0	0.0	0.0	0.0	0.0	0.0	0.0	0.0	0.0	0.0	0.0	0.0	0.0	0.0	0.0	0.0	0.0013889	0.0011792	0.0021436	0.0015038	0.0	0.0	0.0	
Grèbe huppé	0.1475973	0.1510172	0.1569106	0.1320321	0.1512114	0.1369356	0.1660777	0.1426449	0.1535636	0.1389831	0.1173145	0.1313933	0.1251397	0.1058315	0.0944959	0.0800149	0.0627224	0.0629987	0.0627803	0.0594958	0.0582775	0.052531	0.0636591	0.0451477	0.0505857	0.0681693	0.0556258	0.0545121	0.0617761	0.0762873	0.0635939	0.0709709	0.0847902	0.0955224	0.1142061	0.0966543	0.1234973	0.0927835	0.115991	0.1088803	0.1426783	0.1277778	0.1698113	0.1672026	0.156391	0.1583333	0.181552	0.141844	
Grèbe à cou noir	0.0040046	0.0015649	0.002439	0.0017222	0.0033417	0.0022206	0.0014134	0.0029718	0.0015	0.0015	0.0021201	0.0017637	0.0015	0.0010799	0.0	0.0014886	0.0	0.0	0.0	0.0	5.157E-4	0.0	0.0	0.0	0.0015	0.0015	0.0	0.0	0.0	0.0	0.0	4.929E-4	0.0052448	0.0039801	0.001857	0.0	0.0	0.0	0.0	0.0	0.0	0.0	0.0023585	0.0010718	0.0075188	0.0015	0.0	0.0	
Grèbe esclavon ou G. à cou noir	0.0	0.0	0.0	0.0	0.0	7.402E-4	0.0	0.0	0.0	0.0	0.0	0.0	0.0	0.0	0.0	0.0	0.0	0.0	0.0	0.0	0.0	0.0	0.0	0.0	0.0	0.0	0.0	0.0	0.0	0.0	0.0	0.0	0.0	0.0	0.0	0.0	0.0	0.0	0.0	0.0	0.0	0.0	0.0	0.0	0.0	0.0	0.0	0.0	
grèbe sp.	0.0	0.0	0.0	5.741E-4	0.0	0.0	0.0	7.429E-4	0.0	0.0	0.0	0.0	0.0	0.0	0.0	0.0	0.0	0.0	0.0	0.0	0.0	0.0	0.0	0.0	0.0	0.0	0.0	0.0	0.0	0.0	0.0	0.0	0.0	0.0	0.0	0.0	0.0	0.0	0.0	0.0	0.0	0.0	0.0	0.0	0.0	0.0	0.0	0.0	
Plongeon catmarin	0.0291762	0.0399061	0.0512195	0.0281286	0.0359231	0.0451517	0.0487633	0.0393759	0.0345334	0.0271186	0.029682	0.0198413	0.0134078	0.0183585	0.0116902	0.0059546	0.0048932	0.0025199	0.0014948	3.361E-4	0.0015	0.0	0.0	0.0	0.0	0.0	0.0012642	0.0	6.435E-4	6.357E-4	0.0	4.929E-4	0.0034965	0.0129353	0.0194986	0.0208178	0.0153005	0.0215558	0.0112613	0.023166	0.0362954	0.0347222	0.0294811	0.0439443	0.0390977	0.0361111	0.0366032	0.0390071	
Plongeon arctique	0.006865	0.0054773	0.002439	5.741E-4	0.0050125	0.0014804	0.0035336	0.0014859	0.0022043	0.0	7.067E-4	0.0015	0.0015	5.4E-4	0.0	0.0015	0.0	0.0	0.0	0.0	0.0	0.0	0.0	0.0	0.0	0.0	0.0	0.0	0.0	0.0	0.0	0.0	0.0	0.0	0.0	7.435E-4	0.0	9.372E-4	0.0015	0.0015444	0.0015	0.0055556	0.0023585	0.0021436	0.0	0.0125	0.0043924	0.0049645	
Plongeon du Pacifique	0.0045767	0.0078247	0.0065041	0.0045924	0.0015	0.0022206	7.067E-4	7.429E-4	0.0	0.0	0.0	0.0	0.0	0.0	0.0	0.0	0.0	0.0	0.0	0.0	0.0	0.0	0.0	0.0	0.0	0.0	0.0	0.0	0.0	0.0	0.0	0.0	0.0	0.0	0.0	0.0	0.0	0.0	0.0	0.0	0.0	0.0	0.0	0.0	0.0	0.0027778	0.0190337	0.0028369	
Plongeon imbrin	0.0383295	0.0250391	0.0178862	0.0172216	0.0125313	0.015544	0.0233216	0.0148588	0.0117561	0.0076271	0.0063604	0.0057319	0.0055866	0.0032397	0.0034096	0.0011165	0.0040036	8.4E-4	0.0034878	0.0010084	0.0025786	0.0	0.0	0.0	0.0	0.0015	0.0	0.0	0.0015	0.0	0.0	4.929E-4	8.741E-4	9.95E-4	0.003714	0.002974	0.0032787	0.0018744	0.0011261	0.0108108	0.0162703	0.0194444	0.0141509	0.017149	0.0165414	0.0305556	0.0292826	0.0283688	
Plongeon à bec blanc	0.0	0.0	0.0	0.0	0.0	0.0	0.0	0.0	0.0	0.0	0.0	0.0	0.0	0.0	0.0	0.0	0.0	0.0	0.0	3.361E-4	0.0	0.0	0.0	0.0	0.0	0.0	0.0	0.0	0.0	0.0	0.0	0.0	0.0	0.0	0.0	0.0	0.0	0.0	0.0	0.0	0.0015	0.0	0.0	0.0	0.0	0.0	0.0	0.0	
plongeon sp.	0.0	7.825E-4	0.0	0.0011481	0.0016708	7.402E-4	7.067E-4	7.429E-4	0.0	8.475E-4	0.0	4.409E-4	0.0015	5.4E-4	0.0	7.443E-4	0.0	8.4E-4	4.983E-4	0.0015	5.157E-4	0.0	0.0	0.0	0.0	0.0	0.0	0.0	0.0	0.0	5.834E-4	4.929E-4	0.0	9.95E-4	0.0	7.435E-4	0.0	0.0	0.0	7.722E-4	0.0012516	0.0013889	0.0035377	0.0010718	0.0	0.0013889	0.0015	7.092E-4	
Océanite de Wilson	0.0	0.0	0.0	0.0	0.0	0.0	0.0	0.0	0.0	0.0	0.0	0.0	0.0	0.0	0.0	0.0	0.0	0.0	0.0	0.0	0.0	0.0	0.0	0.0	0.0	0.0	0.0	4.581E-4	0.001287	0.0015	0.0015	0.0015	0.0	0.0	0.0	0.0	0.0	0.0	0.0	0.0	0.0	0.0	0.0	0.0	0.0	0.0	0.0	0.0	
Océanite tempête	0.0	0.0	0.0	0.0	0.0	0.0	0.0	0.0	0.0	0.0	0.0	0.0	0.0	0.0	4.871E-4	0.0011165	0.0022242	8.4E-4	0.003986	0.0010084	0.0046416	0.004298	0.0010025	0.0021097	0.0063898	0.0038483	0.0094817	0.0082455	0.01287	0.0044501	0.0064177	0.0108428	0.0061189	9.95E-4	0.0027855	0.002974	0.0021858	0.0015	0.0	7.722E-4	0.0012516	0.0015	0.0	0.0015	0.0	0.0	0.0	0.0	
Océanite culblanc	0.0	0.0	0.0	0.0	0.0	0.0	0.0	0.0	0.0	0.0	0.0	0.0	0.0	0.0	0.0	0.0	0.0	0.0	0.0	0.0	0.0	0.0	0.0	0.0	0.0	0.0	0.0	0.0	0.0	0.0	5.834E-4	0.0	0.0017483	0.0049751	0.0046425	0.0052045	0.0010929	0.0	0.0015	7.722E-4	0.0025031	0.0013889	0.0011792	0.0015	0.0	0.0	0.0	0.0	
océanite sp. (croupion pâle)	0.0	0.0	0.0	0.0	0.0	0.0	0.0	0.0	0.0	0.0	0.0	0.0	0.0	0.0	0.0	0.0	0.0	0.0	0.0	0.0	0.0	0.0	0.0	0.0	0.0	0.0	0.0	0.0	0.0	0.0	0.0	4.929E-4	0.0	0.0	0.0	0.0	0.0	0.0	0.0	0.0	0.0	0.0	0.0	0.0	0.0	0.0	0.0	0.0	
Fulmar boréal	0.0091533	0.0187793	0.0186992	0.0206659	0.0275689	0.0170244	0.0261484	0.0230312	0.0220426	0.0228814	0.0261484	0.0361552	0.0463687	0.0642549	0.0813444	0.0755489	0.0733986	0.0617388	0.0832088	0.0833613	0.1026302	0.0959885	0.0736842	0.0780591	0.0894569	0.0626718	0.0632111	0.0664224	0.0727156	0.0540369	0.0583431	0.0758995	0.0795455	0.040796	0.0167131	0.0037175	0.0065574	0.0028116	0.0056306	0.0023166	0.0050063	0.0069444	0.0011792	0.0085745	0.0075188	0.0125	0.0190337	0.0092199	
Pétrel gongon ou des Desertas	0.0	0.0	0.0	0.0	0.0	0.0	0.0	0.0	0.0	0.0	0.0	0.0	0.0	0.0	0.0	0.0	0.0	0.0	0.0	0.0	0.0	0.0	0.0	0.0	0.0	0.0	0.0	0.0	0.0	0.0	0.0015	0.0	0.0	0.0	0.0	0.0	0.0	0.0	0.0	0.0	0.0	0.0	0.0	0.0	0.0	0.0	0.0	0.0	
Pétrel de Madère ou P. gongon ou P. des Desertas	0.0	0.0	0.0	0.0	0.0	0.0	0.0	0.0	0.0	0.0	0.0	0.0	0.0	0.0	0.0	0.0	0.0	0.0	0.0	0.0	0.0	0.0	0.0	0.0	0.0	0.0	0.0	0.0	0.0	0.0	0.0015	0.0	0.0	0.0	0.0	0.0	0.0	0.0	0.0	0.0	0.0	0.0	0.0	0.0	0.0	0.0	0.0	0.0	
Puffin cendré	0.0	0.0	0.0	0.0	0.0	0.0	0.0	0.0	0.0	0.0	0.0	0.0	0.0	0.0	0.0	0.0	0.0	0.0	0.0	0.0	0.0	0.0	0.0	0.0	0.0	5.498E-4	0.0	0.0013743	6.435E-4	0.0015	5.834E-4	0.0019714	0.0015	0.0015	0.0015	0.0	0.0	0.0	0.0	0.0	0.0	0.0	0.0	0.0	0.0	0.0	0.0	0.0	
Puffin cendré ou P. de Scopoli	0.0	0.0	0.0	0.0	0.0	0.0	0.0	0.0	0.0	0.0	0.0	0.0	0.0	0.0	0.0	0.0	0.0	0.0	0.0	0.0	0.0	0.0	0.0	0.0	0.0	0.0	6.321E-4	0.0018323	6.435E-4	0.0015	5.834E-4	0.0	0.0015	9.95E-4	0.0	0.0	0.0	0.0	0.0	0.0	0.0	0.0	0.0	0.0	0.0	0.0	0.0	0.0	
Puffin majeur	0.0	0.0	0.0	0.0	0.0	0.0	0.0	0.0	0.0	0.0	0.0	0.0	0.0	0.0	0.0	0.0	0.0	0.0	0.0	0.0	0.0	9.551E-4	0.0	0.0	0.0	0.0	0.0	4.581E-4	0.003861	0.0015	0.0	9.857E-4	0.0015	0.0	0.0	0.0	0.0	0.0	0.0011261	0.0015	0.0	0.0	0.0	0.0	0.0	0.0	0.0	0.0	
Puffin cendré, P. de Scopoli ou P. majeur	0.0	0.0	0.0	0.0	0.0	0.0	0.0	0.0	0.0	0.0	0.0	0.0	0.0	0.0	0.0	0.0	0.0	0.0	0.0	0.0	0.0	0.0	0.0	0.0	0.0	0.0	0.0	0.0	0.0	0.0	0.0	0.0	0.0	0.0	0.0	0.0015	0.0	0.0	0.0	0.0	0.0	0.0	0.0	0.0	0.0	0.0	0.0	0.0	
Puffin fuligineux	0.0	0.0	0.0	0.0	0.0	0.0	0.0	0.0	0.0	0.0	0.0	0.0	0.0	0.0015	0.0	0.0	4.448E-4	0.0	0.0	0.0	0.0	0.0	0.0	0.0	0.0	5.498E-4	0.0	4.581E-4	0.003861	6.357E-4	5.834E-4	0.0044357	0.0026224	0.0029851	0.001857	0.0022305	0.0010929	9.372E-4	0.0045045	7.722E-4	0.0012516	0.0013889	0.0	0.0	0.0	0.0	0.0	0.0	
Puffin des Anglais	0.0	0.0015649	0.0	0.0	0.0	0.0	0.0	0.0	0.0015	0.0016949	0.0028269	0.0092593	0.0162011	0.0291577	0.0272772	0.0294008	0.0280249	0.0394792	0.0463378	0.0490756	0.076328	0.0721108	0.0461153	0.0590717	0.071885	0.0560748	0.0764855	0.0774164	0.0817246	0.058487	0.0612602	0.0630853	0.0743007	0.0457711	0.0408542	0.0223048	0.0142077	0.0065604	0.0056306	0.0046332	0.0050063	0.0027778	0.0015	0.0010718	0.0015	0.0015	0.0	0.0	
Puffin des Baléares	0.0	0.0	0.0	0.0	0.0	0.0	0.0	0.0	0.0	0.0	0.0	0.0	0.0	0.0	0.0	0.0	0.0	0.0	0.0	0.0015	0.0	0.0	0.0	0.0	0.0	0.0	0.0	0.0013743	0.0045045	0.0012715	0.0064177	0.0078857	0.006993	0.0029851	0.0064995	0.0052045	0.0032787	0.0015	0.0	0.0015	0.0015	0.0015	0.0	0.0	0.0	0.0	0.0	0.0	
Puffinus sp. (noir et blanc)	0.0	0.0	0.0	0.0	0.0	0.0	0.0	0.0	0.0	0.0	0.0	0.0	0.0	0.0015	0.0	0.0	4.448E-4	0.0	0.0	0.0	0.0	4.776E-4	0.0	4.219E-4	5.325E-4	5.498E-4	0.0	0.0	0.0	0.0	5.834E-4	4.929E-4	0.0	9.95E-4	9.285E-4	0.0	0.0	0.0	0.0	0.0	0.0	0.0	0.0	0.0	0.0	0.0	0.0	0.0	
Calonectris, Ardenna ou Puffinus sp.	0.0	0.0	0.0	0.0	0.0	0.0	0.0	0.0	0.0	0.0	0.0	0.0	0.0	0.0	0.0	0.0	0.0	0.0	0.0	0.0	0.0	0.0	0.0	0.0	0.0	0.0	0.0	0.0	0.0	0.0	0.0	0.0	0.0	0.0	9.285E-4	0.0	0.0	0.0	0.0	0.0	0.0	0.0	0.0	0.0	0.0	0.0	0.0	0.0	
Cigogne noire	0.0	0.0	0.0	0.0	0.0	0.0	0.0	0.0	0.0	0.0	0.0	0.0	0.0	0.0	0.0	0.0015	0.0	0.0	0.0	0.0	0.0	0.0	0.0	0.0	0.0	0.0	0.0	0.0	0.0	0.0	0.0	0.0	0.0	0.0	0.0	0.0	0.0	0.0	0.0	0.0	0.0	0.0	0.0	0.0	0.0	0.0	0.0	0.0	
Cigogne blanche	0.0	0.0023474	0.003252	5.741E-4	0.0	7.402E-4	0.0	0.0	0.0	0.0	0.0	4.409E-4	5.587E-4	0.0015	0.0	0.0015	0.0	0.0	0.0	0.0	0.0	0.0	0.0	0.0	5.325E-4	0.0	0.0	0.0	0.0	0.0	5.834E-4	0.0	0.0	0.0	0.0	7.435E-4	0.0	0.0	0.0	0.0	0.0	0.0	0.0	0.0	0.0	0.0	0.0	0.0	
Fou de Bassan	0.0085812	0.0062598	0.0121951	0.0120551	0.0116959	0.0140637	0.0233216	0.0089153	0.0168993	0.0186441	0.0318021	0.04806	0.0664804	0.0847732	0.0886508	0.0945292	0.0947509	0.100798	0.1096163	0.0934454	0.1304796	0.1246418	0.1032581	0.0991561	0.1064963	0.0896097	0.0834387	0.1058177	0.1177606	0.1055308	0.1032672	0.1158206	0.138986	0.1343284	0.1039926	0.0914498	0.0721311	0.054358	0.0405405	0.0362934	0.0325407	0.0402778	0.0294811	0.022508	0.0195489	0.0152778	0.0248902	0.0184397	
Grand Cormoran	0.2871854	0.3004695	0.300813	0.283008	0.2589808	0.2620281	0.2954064	0.2674591	0.2615724	0.2737288	0.2621908	0.2649912	0.2564246	0.2586393	0.2454944	0.2322293	0.2024021	0.2099958	0.1843548	0.1905882	0.217638	0.226361	0.2140351	0.2037975	0.2316294	0.2446399	0.2395702	0.247366	0.2548263	0.280356	0.2870478	0.279448	0.3024476	0.321393	0.3082637	0.2773234	0.295082	0.289597	0.3074324	0.2857143	0.3229036	0.3222222	0.3632075	0.3365488	0.3022556	0.3194444	0.3191801	0.2964539	
Cormoran huppé	0.0520595	0.0461659	0.0504065	0.0602755	0.0509607	0.0495929	0.0734982	0.0460624	0.0455547	0.0474576	0.0537102	0.0634921	0.0670391	0.087473	0.0706283	0.0625233	0.0711744	0.0772785	0.0652715	0.0564706	0.0799381	0.0864374	0.0656642	0.0734177	0.0894569	0.0797141	0.068268	0.0893266	0.0881596	0.0839161	0.0770128	0.077378	0.090035	0.1004975	0.0677809	0.064684	0.0612022	0.054358	0.0416667	0.0494208	0.0525657	0.0611111	0.0389151	0.0482315	0.0390977	0.0458333	0.0439239	0.0453901	
Grand Cormoran ou C. huppé	0.0011442	0.0	0.002439	0.0017222	8.354E-4	7.402E-4	0.0015	0.0022288	0.0014695	8.475E-4	0.0028269	8.818E-4	0.001676	0.0010799	0.0029226	0.0026051	0.0022242	0.0021	9.965E-4	0.0020168	0.0015472	0.0014327	0.0015038	8.439E-4	0.0021299	0.0027488	0.0025284	0.0022904	0.002574	0.0050858	0.0023337	0.0039428	0.0043706	0.0	0.0027855	0.0037175	0.0010929	0.0018744	0.0033784	0.0023166	0.0012516	0.0027778	0.004717	0.0032154	0.0015	0.0	0.0073206	0.0028369	
Ibis falcinelle	0.0017162	0.0039124	0.003252	0.0028703	0.0016708	0.003701	7.067E-4	0.0037147	0.0036738	0.0025424	0.0014134	0.0015	0.0	0.0	0.0	0.0	4.448E-4	0.0025199	0.0015	3.361E-4	0.0	0.0	5.013E-4	4.219E-4	0.001065	0.0	6.321E-4	0.0013743	0.0019305	0.0019072	0.0011669	0.0014786	0.0026224	0.0049751	0.005571	0.0066914	0.0065574	0.0	0.0011261	0.0	0.0025031	0.0	0.0	0.0	0.0015	0.0	0.0014641	7.092E-4	
Spatule blanche	0.0040046	0.0054773	0.004065	0.0074627	0.0066834	0.0074019	0.0028269	0.0052006	0.005878	0.0033898	0.0070671	0.0017637	0.0027933	0.0021598	0.0024355	0.0059546	0.0035587	0.0033599	0.0069756	0.0030252	0.0010315	0.0028653	0.00401	0.0016878	0.0026624	0.002199	0.0018963	0.0032066	0.0032175	0.0019072	0.0052509	0.0064071	0.0034965	0.0059701	0.0139276	0.0096654	0.0021858	0.0131209	0.0123874	0.007722	0.0037547	0.0055556	0.0106132	0.0085745	0.0090226	0.0083333	0.0043924	0.0035461	
Butor étoilé	0.0045767	0.0023474	0.002439	5.741E-4	0.0015	0.0014804	0.0042403	0.0037147	0.0102866	0.0050847	0.0063604	0.0119048	0.0111732	0.012419	0.010716	0.0126535	0.0080071	0.0100798	0.0109616	0.0090756	0.005673	0.004298	0.0030075	0.0029536	0.0015974	0.002199	0.0015	0.0013743	6.435E-4	6.357E-4	0.0011669	4.929E-4	0.0017483	0.0	0.0015	7.435E-4	0.0032787	0.0	0.0022523	0.0030888	0.0	0.0013889	0.0023585	0.0010718	0.0015038	0.0027778	0.0014641	0.0014184	
Bihoreau gris	0.0	0.0	0.0	0.0	0.0	0.0	0.0	0.0	0.0	0.0	0.0	0.0015	0.0015	0.0015	0.0	0.0	0.0	0.0	9.965E-4	0.0015	0.0	0.0	0.0	0.0	0.0	0.0	0.0	0.0	0.0	0.0	0.0	0.0	0.0	0.0	0.0	0.0	0.0	0.0	0.0	0.0	0.0	0.0	0.0	0.0	0.0	0.0	0.0	0.0	
Aigrette garzette	0.1556064	0.1400626	0.1634146	0.1349024	0.1478697	0.1487787	0.1448763	0.1255572	0.146216	0.1220339	0.1547703	0.1481481	0.126257	0.1339093	0.13736	0.1287681	0.1187722	0.1205376	0.1081216	0.1159664	0.1418257	0.1537727	0.154386	0.1417722	0.1421725	0.1467839	0.1611884	0.1497939	0.1621622	0.1697394	0.2082847	0.2015771	0.2159091	0.2368159	0.2014856	0.1903346	0.1912568	0.2249297	0.2195946	0.211583	0.1802253	0.1916667	0.1981132	0.1961415	0.1533835	0.1625	0.1346999	0.1546099	
Aigrette des récifs	0.0	0.0	0.0	0.0	0.0	0.0	0.0	0.0	0.0	0.0	0.0	0.0	0.0	0.0	0.0	0.0	0.0	0.0	0.0	0.0	0.0371325	0.025788	0.0250627	0.0122363	0.0159744	0.0038483	0.0	0.0	0.0	0.0	0.0	0.0	0.0	0.0	0.0	0.0	0.0	0.0	0.0	0.0	0.0	0.0	0.0	0.0	0.0	0.0	0.0	0.0	
Crabier chevelu	0.0	0.0	0.0	0.0	0.0	0.0	0.0	0.0	0.0	0.0	0.0	0.0	0.0	0.0015	0.0015	0.0	0.0	4.2E-4	0.0	0.0	0.0	0.0	0.0	0.0	0.0	0.0	0.0	0.0	0.0	0.0	0.0	0.0	0.0	0.0	0.003714	0.0015	0.0	0.0	0.0	0.0	0.0	0.0	0.0	0.0	0.0	0.0	0.0	0.0	
Héron garde-boeufs	0.0017162	7.825E-4	0.0015	5.741E-4	0.0050125	0.0014804	7.067E-4	0.0022288	0.0014695	8.475E-4	0.0014134	8.818E-4	5.587E-4	0.0016199	0.0	0.0011165	0.0015	4.2E-4	0.0	0.0010084	5.157E-4	0.0	5.013E-4	0.0012658	0.0021299	0.0016493	6.321E-4	0.0013743	0.001287	0.0031786	0.0017503	0.0049285	0.0052448	0.0069652	0.0046425	0.002974	0.0032787	0.004686	0.0033784	0.0084942	0.0012516	0.0041667	0.0011792	0.0042872	0.0	0.0013889	0.0015	0.0035461	
Grande Aigrette	0.0245995	0.0211268	0.0349593	0.02124	0.037594	0.0207254	0.029682	0.0237741	0.0220426	0.0177966	0.0183746	0.0145503	0.0106145	0.012419	0.0165611	0.0148865	0.008452	0.0109198	0.0124564	0.0121008	0.0087674	0.008596	0.0250627	0.0194093	0.0170394	0.0225399	0.0316056	0.0224462	0.027027	0.0292435	0.0250875	0.0182356	0.0305944	0.0288557	0.0297122	0.0319703	0.0273224	0.0356139	0.0349099	0.027027	0.0212766	0.025	0.0448113	0.039657	0.0270677	0.0402778	0.0219619	0.0177305	
Héron cendré	0.1607551	0.1752739	0.1544715	0.1452354	0.1537176	0.138416	0.1371025	0.1106984	0.1131521	0.1169492	0.1286219	0.1362434	0.1413408	0.1436285	0.1383341	0.1570525	0.1450178	0.1545569	0.1380169	0.1418487	0.1562661	0.1532951	0.1764411	0.1481013	0.1576145	0.1616273	0.182048	0.1749885	0.1885457	0.2129688	0.210035	0.2134056	0.25	0.239801	0.2311978	0.2185874	0.231694	0.2427366	0.2612613	0.1737452	0.1677096	0.2069444	0.2110849	0.2025723	0.1699248	0.1694444	0.1742313	0.1666667	
Héron pourpré	0.0	0.0	0.0	0.0	0.0	0.0	0.0	0.0	0.0	0.0	0.0	0.0	0.0	0.0	0.0	3.722E-4	0.0015	0.0015	0.0015	6.723E-4	5.157E-4	0.0	0.0	0.0	0.0	0.0	0.0	0.0	0.0	0.0	0.0	0.0	0.0	0.0	0.0	0.0	0.0	0.0	0.0	0.0	0.0	0.0	0.0	0.0	0.0	0.0	0.0	0.0	
ardeidé sp.	0.0	0.0	0.0	0.0	0.0	0.0	0.0	0.0	0.0	0.0	0.0	0.0	0.0	0.0	0.0	0.0015	0.0	0.0	0.0	0.0	0.0	0.0	0.0	0.0	0.0	0.0	0.0	0.0	0.0	0.0	0.0	0.0	0.0	0.0	0.0	0.0	0.0	0.0	0.0	0.0	0.0	0.0	0.0	0.0	0.0	0.0	0.0	0.0	
aigrette ou héron blanc sp.	0.0	0.0	0.0	0.0	0.0	0.0	0.0	0.0	0.0	0.0	0.0	0.0	0.0	0.0	0.0	0.0	0.0	0.0	0.0	0.0	0.0	0.0	0.0	0.0012658	0.0	0.0	0.0	4.581E-4	0.0	0.0015	0.0	0.0	0.0	0.0	0.0	0.0	0.0	0.0	0.0	0.0	0.0	0.0	0.0	0.0	0.0	0.0	0.0	0.0	
Balbuzard pêcheur	0.0	0.0	0.0	0.0	0.0	0.0	0.0	0.0	0.0	0.0	7.067E-4	0.0079365	0.0106145	0.0221382	0.0238675	0.0241905	0.0200178	0.0201596	0.0164425	0.022521	0.0221764	0.017192	0.0180451	0.0181435	0.0111821	0.0104453	0.0145386	0.0174072	0.0173745	0.0178004	0.0262544	0.0147856	0.0148601	0.0139303	0.0046425	0.004461	0.0010929	0.0015	0.0015	0.0023166	0.0	0.0015	0.0	0.0	0.0	0.0	0.0	0.0	
Bondrée apivore	0.0	0.0	0.0	0.0	0.0	0.0	0.0	0.0	0.0	0.0	0.0	0.0	0.0	0.0	0.0	0.0	0.0	0.0	0.0015	6.723E-4	5.157E-4	4.776E-4	5.013E-4	0.0	0.0	0.0015	6.321E-4	0.0	0.0	6.357E-4	0.0	0.0	0.0015	0.0015	0.0	0.0015	0.0	0.0	0.0	0.0	0.0	0.0	0.0	0.0	0.0	0.0	0.0	0.0	
Épervier d'Europe	0.0589245	0.0508607	0.0642276	0.0551091	0.0559733	0.0429312	0.0409894	0.0475483	0.04482	0.0398305	0.0558304	0.0498236	0.0530726	0.0480562	0.0418899	0.0431708	0.0280249	0.0298194	0.0219233	0.0262185	0.0195977	0.0262655	0.0340852	0.0291139	0.0372737	0.0384827	0.0391909	0.0522217	0.0559846	0.0603942	0.0560093	0.0630853	0.0725524	0.0656716	0.0594243	0.066171	0.0797814	0.0740394	0.0765766	0.0725869	0.0938673	0.0777778	0.0860849	0.0836013	0.075188	0.0597222	0.0585652	0.0553191	
Autour des palombes	0.0017162	0.0070423	0.004878	0.0068886	0.0075188	0.0111029	0.0070671	0.0170877	0.0154298	0.009322	0.0141343	0.0132275	0.0100559	0.0070194	0.0073064	0.0033495	0.0031139	0.0067199	0.0044843	0.0047059	0.0046416	0.0038204	0.00401	0.007173	0.0047923	0.0038483	0.005689	0.0027485	0.005148	0.0063573	5.834E-4	0.0029571	0.0043706	0.0029851	0.003714	0.002974	0.0032787	0.0037488	0.0067568	0.0030888	0.0025031	0.0055556	0.0070755	0.0042872	0.0045113	0.0027778	0.0073206	0.0035461	
Busard des roseaux	0.0314645	0.0172144	0.0357724	0.0229621	0.0275689	0.0214656	0.0254417	0.0200594	0.0205731	0.0127119	0.0212014	0.0224868	0.0251397	0.0264579	0.0185095	0.0312616	0.019573	0.0197396	0.0164425	0.0211765	0.0139247	0.0162369	0.0180451	0.0130802	0.0106496	0.0126443	0.0126422	0.0169492	0.0186615	0.0216147	0.0116686	0.0197141	0.0367133	0.0238806	0.0250696	0.0193309	0.0174863	0.0234302	0.0247748	0.0301158	0.0212766	0.0222222	0.0306604	0.039657	0.0330827	0.0222222	0.0175695	0.0255319	
Busard Saint-Martin	0.0080092	0.0093897	0.0065041	0.0057405	0.0066834	0.0066617	0.0042403	0.0044577	0.0022043	0.0025424	0.0035336	0.0017637	0.003352	0.0043197	0.0048709	0.0037216	0.0044484	0.0050399	0.003986	0.0020168	0.0030944	0.0015	0.0010025	0.0012658	0.0015	5.498E-4	0.0012642	0.0013743	6.435E-4	0.0012715	0.0011669	0.0024643	8.741E-4	0.0015	0.003714	0.001487	0.0010929	0.0037488	0.0015	0.0084942	0.0037547	0.0055556	0.0117925	0.0150054	0.0165414	0.0083333	0.0043924	0.0078014	
Busard pâle	0.0017162	0.0023474	8.13E-4	0.0034443	0.0033417	0.0051813	0.0014134	7.429E-4	0.0014695	0.0	0.0021201	8.818E-4	0.0	0.0010799	0.0	0.0	0.0015	0.0	0.0	0.0	0.0	0.0	0.0	0.0	0.0	0.0	0.0	0.0	0.0	0.0	0.0	0.0	0.0	9.95E-4	0.0	0.0	0.0021858	0.0015	0.0022523	0.0	0.0	0.0	0.0035377	0.0010718	0.0015038	0.0055556	0.0043924	0.0021277	
Busard cendré	0.0	0.0	0.0	0.0	0.0	0.0	0.0	0.0	0.0	0.0	0.0	0.0	0.0	0.0	4.871E-4	0.0	0.0	0.0	0.0	0.0	0.0	0.0	0.0	0.0	0.0	0.0	0.0	0.0	0.0	0.0	0.0	0.0	0.0	0.0	0.0	0.0	0.0	0.0	0.0	0.0	0.0	0.0	0.0	0.0	0.0	0.0	0.0	0.0	
Busard Saint-Martin ou B. cendré	0.0	0.0	0.0	0.0	0.0	0.0	0.0	0.0	0.0	0.0	0.0	0.0	0.0	0.0	0.0	0.0	0.0	0.0	0.0	0.0015	0.0	0.0	0.0	0.0	0.0	0.0	0.0	0.0	0.0	0.0	0.0	0.0	0.0	0.0	0.0	0.0	0.0	0.0	0.0	0.0	0.0	0.0	0.0	0.0	0.0	0.0	0.0	0.0	
busard sp.	0.0	0.0015	0.0	0.0	0.0	0.0	0.0	0.0	0.0	0.0	0.0	0.0	0.0015	0.0	0.0	0.0	0.0015	0.0	0.0	0.0	0.0	0.0	0.0	0.0	0.0	0.0	0.0	0.0	0.0	0.0	0.0	0.0	0.0	0.0	0.0	0.0	0.0	0.0	0.0	0.0	0.0	0.0	0.0	0.0	0.0	0.0	0.0	0.0	
Milan royal	0.0846682	0.0657277	0.0788618	0.0792193	0.0760234	0.0851221	0.0812721	0.1181278	0.1153564	0.1008475	0.130742	0.1208113	0.1145251	0.1182505	0.0979055	0.1053219	0.0920819	0.1255775	0.1165919	0.1351261	0.1181021	0.1103152	0.0962406	0.0966245	0.0942492	0.0868609	0.0916561	0.0833715	0.0772201	0.0877305	0.07993	0.0689995	0.0795455	0.0626866	0.0733519	0.0788104	0.0754098	0.0834114	0.1103604	0.0826255	0.0675845	0.05	0.0919811	0.0632369	0.0781955	0.0847222	0.0863836	0.0957447	
Milan noir	0.0	0.0	0.0	0.0	0.0	0.0	0.0	0.0	0.0	0.0	0.0	0.0	0.0	0.0	0.0	3.722E-4	0.0	0.0	0.0015	0.0	0.0	0.0	0.0	0.0	0.0	0.0	0.0	0.0	0.0	0.0	0.0	0.0015	0.0	0.0	0.0	0.0	0.0	0.0	0.0	0.0	0.0	0.0	0.0	0.0	0.0	0.0	0.0	0.0	
Milan royal ou M. noir	0.0	0.0	0.0	0.0	0.0	0.0	0.0	0.0	0.0	0.0	0.0	0.0015	0.0	0.0	0.0	0.0	0.0	0.0	0.0	0.0	0.0	0.0	0.0	0.0	0.0	0.0	0.0	0.0	0.0	0.0	0.0	0.0	0.0	0.0	0.0	0.0	0.0	0.0	0.0	0.0	0.0	0.0	0.0	0.0	0.0	0.0	0.0	0.0	
Pygargue à queue blanche	0.0	7.825E-4	0.0	0.0	0.0	0.0	0.0	0.0	0.0	0.0	0.0	0.0	0.0	0.0	0.0	0.0	0.0	0.0	0.0	0.0	0.0	0.0	0.0	0.0	0.0	0.0	0.0	0.0	0.0	0.0	0.0	0.0	0.0	0.0	0.0	0.0	0.0	0.0	0.0	0.0	0.0	0.0	0.0	0.0	0.0	0.0	0.0	0.0	
Buse de Harris	0.0	0.0	0.0	0.0	0.0	0.0	0.0	0.0	0.0	0.0	0.0	0.0	0.0	0.0	0.0	0.0	0.0	0.0	0.0	3.361E-4	0.0	0.0	0.0	0.0	0.0	0.0	0.0	0.0	0.0	0.0	0.0	0.0	0.0	0.0	0.0	0.0	0.0	0.0	0.0	0.0	0.0	0.0	0.0	0.0	0.0015038	0.0015	0.0	0.0	
Buse variable	0.1956522	0.1815336	0.1845528	0.1854191	0.1888053	0.196151	0.1731449	0.2421991	0.2424688	0.2220339	0.2876325	0.2570547	0.2793296	0.2640389	0.2528008	0.238556	0.2308719	0.2427551	0.2227205	0.2547899	0.2521919	0.234957	0.2255639	0.2016878	0.2177849	0.2193513	0.2142857	0.2450756	0.2297297	0.259377	0.2205368	0.2498768	0.2727273	0.2208955	0.2079851	0.2342007	0.2568306	0.2343018	0.2443694	0.2054054	0.1977472	0.1708333	0.2382075	0.2015005	0.193985	0.1722222	0.15959	0.1985816	
Effraie des clochers	0.0028604	0.0039124	0.004878	0.0057405	0.0016708	0.0022206	0.0028269	0.0029718	0.0044085	0.0033898	0.0028269	0.0022046	0.0011173	0.0010799	4.871E-4	7.443E-4	4.448E-4	0.0029399	0.0015	0.0030252	5.157E-4	9.551E-4	0.0055138	0.0016878	5.325E-4	0.0016493	0.0012642	0.0013743	0.001287	0.0012715	0.0011669	0.0019714	0.0015	9.95E-4	0.001857	0.0022305	0.0010929	9.372E-4	0.0011261	0.0023166	0.0025031	0.0013889	0.0015	0.0042872	0.0120301	0.0041667	0.0014641	0.006383	
Petit-duc scops	0.0	0.0	0.0	0.0	0.0	0.0	0.0	0.0	0.0	0.0	0.0	0.0	0.0	0.0	0.0	0.0	0.0	0.0	0.0	0.0	0.0	0.0	0.0	0.0	0.0	0.0	0.0	0.0	0.0	0.0	0.0	0.0	0.0	0.0	0.0	0.0	0.0	0.0	0.0	0.0	0.0	0.0	0.0	0.0	0.0045113	0.0166667	0.0	0.0	
Grand-duc d'Europe	0.0	0.0	0.0	0.0	0.0	0.0	0.0	0.0	0.0	0.0	0.0	0.0	0.0	0.0	0.0	0.0	0.0	0.0	0.0	0.0	0.0	0.0	0.0	0.0015	0.0	0.0	0.0	0.0	0.0	0.0	0.0	0.0	0.0	0.0	0.0	0.0	0.0	0.0	0.0	0.0	0.0	0.0	0.0	0.0	0.0	0.0	0.0	0.0	
Chevêche d'Athéna	0.0051487	0.0031299	0.001626	5.741E-4	8.354E-4	0.0015	0.0014134	0.0014859	7.348E-4	0.0025424	0.0042403	0.0039683	0.0027933	0.0021598	0.0029226	0.0033495	0.0035587	0.0046199	9.965E-4	0.0023529	0.0025786	0.0019102	0.0025063	8.439E-4	0.0021299	0.0038483	0.0012642	0.0013743	0.003861	0.0025429	0.0011669	0.0024643	0.0034965	0.0029851	9.285E-4	0.0037175	0.0021858	0.0	0.0033784	0.0030888	0.0012516	0.0	0.0023585	0.0010718	0.0015038	0.0	0.0	0.0015	
Chouette hulotte	0.01373	0.0140845	0.0105691	0.0120551	0.0108605	0.0133235	0.0120141	0.0111441	0.0161646	0.0161017	0.0141343	0.0132275	0.0094972	0.011879	0.0126644	0.01377	0.0120107	0.0163797	0.0119581	0.0168067	0.0139247	0.0105062	0.0165414	0.0135021	0.0106496	0.0109951	0.0107459	0.0077874	0.009009	0.0114431	0.0099183	0.0088714	0.0148601	0.0109453	0.0120706	0.0111524	0.0240437	0.0206186	0.0191441	0.0185328	0.0137672	0.0138889	0.0176887	0.0107181	0.0255639	0.025	0.0087848	0.0163121	
Hibou moyen-duc	0.0	0.0015649	0.0015	0.0	0.0015	0.0	0.0	0.0015	0.0	0.0	0.0	8.818E-4	0.0011173	5.4E-4	0.0	0.0011165	4.448E-4	4.2E-4	9.965E-4	3.361E-4	0.0	0.0015	0.0015	4.219E-4	0.0	5.498E-4	6.321E-4	4.581E-4	0.0015	0.0	0.0	0.0	0.0	0.0	0.0	0.0015	0.0	0.0	0.0	0.0	0.0	0.0	0.0011792	0.0	0.0	0.0	0.0	0.0015	
Hibou des marais	0.0022883	0.0054773	0.004065	0.0015	0.0025063	0.0044412	0.0021201	0.0014859	0.0014695	0.0025424	0.0035336	0.0013228	5.587E-4	0.0053996	0.005358	0.0033495	0.0066726	0.0054599	0.0124564	0.0080672	0.0087674	0.0057307	0.0050125	0.0042194	0.0053248	0.002199	0.0018963	9.162E-4	0.001287	0.0031786	5.834E-4	9.857E-4	0.0087413	0.0029851	0.003714	7.435E-4	0.0010929	0.0028116	0.0045045	7.722E-4	0.0012516	0.0013889	0.0035377	0.0075027	0.0075188	0.0041667	0.0029283	0.0021277	
Huppe fasciée	0.0	0.0	0.0	0.0	0.0	0.0	0.0	0.0	0.0	0.0	0.0015	0.0013228	0.0015	0.0016199	0.0029226	7.443E-4	8.897E-4	0.0	0.0	0.0	0.0	0.0015	0.0	0.0	0.0	0.0	0.0	0.0	0.0	0.0	0.0	0.0	8.741E-4	0.0015	0.0092851	7.435E-4	0.0032787	0.0056232	0.0	0.0	0.0	0.0013889	0.0	0.0	0.0	0.0	0.0	0.0	
Guêpier d'Europe	0.0	0.0	0.0	0.0	0.0	0.0	0.0	0.0	0.0	0.0	0.0	0.0	0.0	0.0	0.0	0.0	0.0	0.0	0.0	0.0013445	0.0015	0.0	0.0	0.0	0.0	5.498E-4	0.0	0.0	0.0	0.0	0.0	0.0	0.0	0.0	0.0	0.0	0.0	0.0	0.0	0.0	0.0	0.0	0.0	0.0	0.0	0.0	0.0	0.0	
Martin-pêcheur d'Europe	0.048627	0.0492958	0.0447154	0.0350172	0.0426065	0.0340489	0.0240283	0.0156018	0.0271859	0.0194915	0.0289753	0.0185185	0.0122905	0.012959	0.0121773	0.0107927	0.0120107	0.0159597	0.0139512	0.0157983	0.0154719	0.0234002	0.0205514	0.0240506	0.0212993	0.0291369	0.0252845	0.0453504	0.0431145	0.0597584	0.0554259	0.0556925	0.0638112	0.0736318	0.0714949	0.06171	0.0666667	0.0787254	0.0777027	0.0749035	0.0663329	0.0736111	0.0742925	0.0814577	0.0842105	0.0611111	0.0556369	0.0460993	
Torcol fourmilier	0.0	0.0	0.0	0.0	0.0	0.0	0.0	0.0	0.0	0.0	0.0	0.0	0.0015	0.0	4.871E-4	0.0	0.0	8.4E-4	4.983E-4	3.361E-4	0.0	0.0	0.0	0.0	0.0	0.0	0.0	0.0	0.0	0.0	0.0	0.0019714	0.0034965	0.0069652	0.0046425	0.0118959	0.0032787	0.0015	0.0015	0.0015	0.0015	0.0	0.0	0.0	0.0	0.0	0.0	0.0	
Pic épeiche	0.1659039	0.1744914	0.1772358	0.1670494	0.1670844	0.1524796	0.1540636	0.166419	0.1638501	0.1618644	0.1745583	0.1653439	0.1597765	0.1652268	0.1461276	0.1310011	0.1214413	0.148677	0.1669158	0.1855462	0.1748324	0.165234	0.1463659	0.135865	0.1357827	0.1319406	0.1371681	0.1456711	0.1293436	0.1137953	0.1166861	0.1182849	0.1031469	0.0935323	0.1234912	0.132342	0.1398907	0.1940019	0.1779279	0.1814672	0.1677096	0.1819444	0.1992925	0.1736334	0.2075188	0.1611111	0.1727672	0.1744681	
Pic épeichette	0.0015	0.0	0.0	5.741E-4	0.0	0.0	0.0	0.0	0.0	0.0	7.067E-4	4.409E-4	0.0	0.0	0.0	3.722E-4	0.0015	0.0	0.0	0.0	0.0	0.0	0.0	8.439E-4	0.0	0.0	0.0	0.0	0.0	0.0	0.0	0.0	0.0	0.0	0.0	0.0	0.0	0.0	0.0	0.0	0.0	0.0	0.0	0.0	0.0	0.0	0.0	0.0	
Pic vert	0.0331808	0.0469484	0.0422764	0.0396096	0.037594	0.0325685	0.0275618	0.0430906	0.0455547	0.0652542	0.0664311	0.0714286	0.0581006	0.049676	0.0521189	0.0405657	0.0298043	0.0277194	0.0288989	0.0346218	0.0268179	0.0234002	0.0225564	0.0291139	0.028754	0.0406817	0.0644753	0.0673385	0.0694981	0.0603942	0.0490082	0.0532282	0.0393357	0.0437811	0.0454968	0.0319703	0.0644809	0.0515464	0.0563063	0.0602317	0.0600751	0.0333333	0.0365566	0.0364416	0.0421053	0.0333333	0.0278184	0.0312057	
Faucon crécerelle	0.0594966	0.0446009	0.0609756	0.0556831	0.0526316	0.0495929	0.0353357	0.0468053	0.0360029	0.0457627	0.04947	0.053351	0.0564246	0.0680346	0.0599123	0.052847	0.0400356	0.051659	0.0528151	0.045042	0.0526044	0.0553964	0.0626566	0.0527426	0.071885	0.0692688	0.0707965	0.0847458	0.0772201	0.0877305	0.071762	0.1030064	0.1153846	0.1104478	0.1132776	0.1092937	0.1147541	0.0937207	0.1013514	0.0810811	0.0913642	0.0763889	0.0766509	0.0825295	0.0706767	0.0680556	0.0658858	0.0567376	
Faucon kobez	0.0	0.0	0.0	0.0	0.0	0.0	0.0	0.0	0.0	0.0	0.0	0.0	0.0	0.0	0.0	0.0	0.0	0.0	0.0	0.0	5.157E-4	0.0	0.0	0.0	0.0	0.0	0.0	0.0	0.0	0.0	0.0	0.0	0.0	0.0	0.0	0.0	0.0015	0.0	0.0	0.0	0.0	0.0	0.0	0.0	0.0	0.0	0.0	0.0	
Faucon émerillon	0.0114416	0.0086072	0.0121951	0.0097589	0.0083542	0.003701	0.009894	0.0037147	0.0044085	0.0025424	0.0077739	0.005291	0.0072626	0.0064795	0.0048709	0.0033495	0.0035587	0.0025199	9.965E-4	0.0013445	0.0	9.551E-4	0.002005	4.219E-4	0.001065	5.498E-4	0.0018963	0.0013743	0.001287	0.0025429	0.0017503	0.0024643	0.0017483	0.0029851	0.005571	0.0074349	0.0054645	0.0093721	0.0101351	0.0123552	0.0162703	0.0097222	0.0141509	0.0042872	0.0225564	0.0166667	0.0175695	0.006383	
Faucon hobereau	0.0	0.0	0.0	0.0	0.0	0.0	0.0	0.0	0.0	0.0	0.0	0.0	0.0	5.4E-4	0.0015	0.0014886	0.0053381	0.0071399	0.0069756	0.0131092	0.0067045	0.0081184	0.0070175	0.0054852	0.0031949	0.004398	0.0063211	0.0059551	0.003861	0.0108074	0.0075846	0.0054214	0.0078671	0.0039801	0.005571	0.0037175	0.0076503	0.0028116	0.0022523	0.0	0.0	0.0	0.0	0.0	0.0	0.0	0.0	0.0	
Faucon gerfaut	0.0	0.0	0.0	0.0	0.0	0.0	0.0	0.0	0.0	0.0	0.0	0.0	0.0	0.0	0.0	0.0	0.0	0.0	0.0	0.0	0.0	0.0	0.0	0.0	0.0	0.0	0.0	0.0	0.0	0.0	0.0	0.0	0.0	0.0	0.0	0.0	0.0	0.0	0.0	0.0	0.0	0.0	0.0	0.0	0.0	0.0	0.0	0.0	
Faucon pèlerin	0.0268879	0.0344288	0.0341463	0.0350172	0.0250627	0.0251665	0.0233216	0.0334324	0.0264511	0.0271186	0.0438163	0.037478	0.0368715	0.037257	0.0399415	0.0357276	0.0302491	0.0285594	0.0348779	0.0285714	0.0355854	0.0324737	0.0330827	0.0291139	0.0468584	0.046729	0.045512	0.0531379	0.0572716	0.0483153	0.0425904	0.0478068	0.0620629	0.0467662	0.0603528	0.0483271	0.0535519	0.0487348	0.0439189	0.0409266	0.0387985	0.0375	0.0377358	0.0332262	0.037594	0.0375	0.0219619	0.0198582	
Falco sp.	0.0	7.825E-4	0.0	0.0	0.0015	0.0	0.0	0.0	0.0	8.475E-4	0.0	4.409E-4	0.0	0.0	4.871E-4	0.0	8.897E-4	0.0	4.983E-4	6.723E-4	0.0	0.0	0.0	0.0	0.0	5.498E-4	0.0	0.0	0.001287	0.0	0.0	0.0	0.0	0.0	0.0	0.0	0.0	0.0	0.0	0.0	0.0	0.0013889	0.0	0.0010718	0.0	0.0027778	0.0	7.092E-4	
rapace diurne sp.	5.721E-4	0.0	8.13E-4	0.0011481	8.354E-4	0.0	0.0	0.0	7.348E-4	0.0	0.0	4.409E-4	5.587E-4	0.0	0.0	7.443E-4	4.448E-4	0.0	0.0	0.0	5.157E-4	0.0	0.0	0.0	0.0	0.0	0.0	0.0	0.0	0.0	0.0	4.929E-4	0.0	0.0	0.0	0.0	0.0	9.372E-4	0.0	0.0	0.0012516	0.0	0.0	0.0	0.0	0.0013889	0.0	7.092E-4	
Perruche alexandre	5.721E-4	0.0	8.13E-4	0.0011481	8.354E-4	0.0	0.0	7.429E-4	7.348E-4	0.0	7.067E-4	0.0	0.0	0.0015	0.0	3.722E-4	0.0	0.0	4.983E-4	0.0	0.0	0.0	0.0	0.0	0.0	0.0	0.0	0.0	0.0	0.0	5.834E-4	0.0	0.0	0.0	0.0	0.0	0.0	0.0	0.0	0.0	0.0025031	0.0	0.0011792	0.0010718	0.0	0.0	0.0	0.0	
Perruche à collier	0.0022883	0.0031299	0.002439	0.0057405	0.0041771	0.0029608	0.0028269	0.0022288	0.0051433	0.0042373	0.0028269	0.0017637	0.0027933	0.0016199	4.871E-4	7.443E-4	0.0015	8.4E-4	0.0024913	0.0016807	5.157E-4	4.776E-4	5.013E-4	0.0016878	0.001065	0.0016493	0.0015	4.581E-4	0.001287	6.357E-4	0.0015	0.0024643	0.0026224	9.95E-4	0.0015	0.0	0.0010929	0.0037488	0.0011261	7.722E-4	0.008761	0.0013889	0.0058962	0.0042872	0.0030075	0.0097222	0.0	0.0035461	
Perruche ondulée	0.0	0.0	0.0	0.0	0.0	0.0	0.0	0.0	0.0	0.0	0.0	0.0	0.0	0.0	0.0	0.0	0.0	0.0	0.0	0.0	0.0	0.0	0.0	0.0	0.0	0.0	0.0	0.0	0.0	0.0	0.0	0.0	0.0	0.0	0.0	0.0	0.0	0.0	0.0	0.0	0.0	0.0	0.0015	0.0	0.0	0.0	0.0	0.0	
Inséparable rosegorge	0.0	0.0	0.0	0.0	0.0	0.0	0.0	0.0	0.0	0.0	0.0	0.0	0.0	0.0	0.0	0.0	0.0	0.0	0.0	0.0	0.0	0.0	0.0	0.0	0.0	0.0	0.0	0.0015	0.0	0.0	0.0	0.0	0.0	0.0	0.0	0.0	0.0	0.0	0.0	0.0	0.0	0.0	0.0	0.0	0.0	0.0	0.0	0.0	
Moucherolle des aulnes	0.0	0.0	0.0	0.0	0.0	0.0	0.0	0.0	0.0	0.0	0.0	0.0	0.0	0.0	0.0	0.0	0.0	0.0	0.0	0.0	0.0	0.0	0.0	0.0	0.0	0.0	0.0	0.0	0.0	0.0	0.0	0.0	0.0	0.0	0.0015	0.002974	0.0	0.0	0.0	0.0	0.0	0.0	0.0	0.0	0.0	0.0	0.0	0.0	
Viréo à œil rouge	0.0	0.0	0.0	0.0	0.0	0.0	0.0	0.0	0.0	0.0	0.0	0.0	0.0	0.0	0.0	0.0	0.0	0.0	0.0	0.0	0.0	0.0	0.0	0.0	0.0	0.0	0.0	0.0	0.0	0.0	0.0	0.0	0.0	0.0	0.0015	0.0	0.0	9.372E-4	0.0	7.722E-4	0.0	0.0	0.0	0.0	0.0	0.0	0.0	0.0	
Loriot d'Europe	0.0	0.0	0.0	0.0	0.0	0.0	0.0	0.0	0.0	0.0	0.0	0.0	0.0	0.0015	4.871E-4	0.0	8.897E-4	4.2E-4	0.0	0.0015	5.157E-4	0.0	0.0	0.0	0.0	0.0	0.0	0.0	0.0	0.0	0.0	0.0	0.0	0.0	0.0	0.0	0.0	0.0	0.0	0.0	0.0	0.0	0.0	0.0	0.0	0.0	0.0	0.0	
Pie-grièche écorcheur	0.0	0.0	0.0	0.0	0.0	0.0	0.0	0.0	0.0	0.0	0.0	0.0	0.0	0.0	0.0	0.0	0.0	0.0	0.0044843	3.361E-4	0.0015	0.0	0.0	0.0	0.0	0.0	0.0	0.0	0.0	0.0	0.0	0.0	0.0015	9.95E-4	0.0	0.0015	0.0015	0.0015	0.0033784	0.0030888	0.0	0.0	0.0011792	0.0	0.0	0.0	0.0	0.0	
Pie-grièche brune	0.0	0.0	0.0	0.0	0.0	0.0	0.0	0.0	0.0	0.0	0.0	0.0	0.0	0.0	0.0	0.0	0.0	0.0	0.0	0.0	0.0	0.0	0.0	0.0	0.0	0.0	0.0	0.0	0.0	0.0	0.0	0.0	0.0	0.0	0.0	0.0	0.0	0.0084349	0.0	0.0	0.0	0.0	0.0	0.0	0.0	0.0	0.0	0.0	
Pie-grièche grise	0.0028604	7.825E-4	0.0015	0.0	0.0	0.0	0.0015	0.0022288	0.002939	0.0016949	7.067E-4	4.409E-4	5.587E-4	0.0015	0.0	0.0015	0.0	0.0	0.0	0.0	0.0	0.0	0.0	0.0	0.0	0.0	0.0	0.0	0.0	0.0	0.0	0.0	0.0	0.0	0.0	0.0	0.0	0.0	0.0	7.722E-4	0.0015	0.0015	0.0023585	0.0010718	0.0015038	0.0013889	0.0015	0.0015	
Pie-grièche à poitrine rose	0.0	0.0	0.0	0.0	0.0	0.0	0.0	0.0	0.0	0.0	0.0	0.0	0.0	0.0	0.0	0.0	0.0	0.0	0.0	0.0015	0.0	0.0	0.0	0.0	0.0	0.0	0.0	0.0	0.0	0.0	0.0	0.0	0.0	0.0	0.0	0.0	0.0	0.0	0.0	0.0	0.0	0.0	0.0	0.0	0.0	0.0	0.0	0.0	
Pie-grièche à tête rousse	0.0	0.0	0.0	0.0	0.0	0.0	0.0	0.0	0.0	0.0	0.0	0.0	0.0	0.0010799	9.742E-4	0.0018608	0.0	0.0015	0.0014948	0.0040336	0.0159876	0.0062082	0.0	4.219E-4	0.0	5.498E-4	0.0	0.0	0.0	0.0	0.0	0.0	0.0	0.0	0.0	0.0	0.0	0.0	0.0	0.0	0.0	0.0	0.0	0.0	0.0	0.0	0.0	0.0	
Geai des chênes	0.1344394	0.1330203	0.1178862	0.1102181	0.0902256	0.0984456	0.0706714	0.0809807	0.0822924	0.0822034	0.0805654	0.0806878	0.0782123	0.0928726	0.0779347	0.0759211	0.0680605	0.0722386	0.0717489	0.092437	0.0835482	0.0792741	0.0611529	0.085654	0.0591054	0.059923	0.0651075	0.0622996	0.0727156	0.0635728	0.054259	0.0620996	0.0681818	0.0666667	0.09935	0.1040892	0.1857923	0.1883786	0.1869369	0.1837838	0.1977472	0.1597222	0.1521226	0.1521972	0.162406	0.1430556	0.1259151	0.1276596	
Pie bavarde	0.5263158	0.5140845	0.5146341	0.4873708	0.4853801	0.4855662	0.4720848	0.4799406	0.5033064	0.5050847	0.5053004	0.4589947	0.4441341	0.4595032	0.4140283	0.4179382	0.4061388	0.401512	0.3866467	0.3983193	0.4038164	0.4040115	0.3844612	0.3907173	0.3801917	0.3985706	0.3830594	0.3921209	0.3854569	0.3903369	0.3879813	0.3706259	0.3986014	0.440796	0.4178273	0.4460967	0.5409836	0.5679475	0.5540541	0.5289575	0.5857322	0.5805556	0.5931604	0.5841372	0.5398496	0.5541667	0.5168375	0.5141844	
Crave à bec rouge	0.020595	0.0203443	0.0268293	0.0281286	0.021721	0.0318283	0.0367491	0.0341753	0.0374724	0.0432203	0.0515901	0.0652557	0.075419	0.0907127	0.1022893	0.0908076	0.0885231	0.0869383	0.0951669	0.1008403	0.1129448	0.1055396	0.1172932	0.1084388	0.1246006	0.115448	0.0954488	0.1136051	0.0965251	0.0928163	0.092182	0.1030064	0.1092657	0.0985075	0.1179201	0.1390335	0.0775956	0.0665417	0.0709459	0.0517375	0.0438048	0.0527778	0.0436321	0.0375134	0.0240602	0.0180556	0.0234261	0.0255319	
Choucas des tours	0.4250572	0.4256651	0.4300813	0.435132	0.4369256	0.4381939	0.4515901	0.4658247	0.4562821	0.4550847	0.4621908	0.4497354	0.4608939	0.450324	0.4378958	0.4331969	0.4466192	0.4943301	0.4763328	0.5015126	0.515214	0.4937918	0.4270677	0.3869198	0.3722045	0.3529412	0.3533502	0.3545579	0.3552124	0.3534647	0.3652275	0.3755545	0.4020979	0.4567164	0.4103993	0.4907063	0.5497268	0.5632615	0.5011261	0.5374517	0.5294118	0.4819444	0.4870283	0.4769561	0.4541353	0.4513889	0.4216691	0.4460993	
Corbeau freux	0.1069794	0.0970266	0.1	0.10907	0.1052632	0.1391562	0.1272085	0.1210996	0.1153564	0.1042373	0.1335689	0.1247795	0.1290503	0.137149	0.1344374	0.1030889	0.1080961	0.1163377	0.1006477	0.1233613	0.108819	0.1050621	0.0756892	0.0704641	0.0814696	0.0868609	0.0644753	0.0829134	0.0759331	0.1010807	0.0793466	0.0956136	0.1092657	0.1124378	0.1095636	0.1509294	0.1617486	0.1715089	0.1351351	0.1428571	0.1276596	0.1333333	0.1544811	0.1275456	0.1338346	0.1208333	0.1185944	0.1198582	
Corneille noire	0.5783753	0.6181534	0.601626	0.5947187	0.5964912	0.5751295	0.5978799	0.6240713	0.6260103	0.6423729	0.6791519	0.6089065	0.6111732	0.6101512	0.5947394	0.5831783	0.5756228	0.5611088	0.5705032	0.5818487	0.5688499	0.5744986	0.5548872	0.5489451	0.5399361	0.5475536	0.5644753	0.5639029	0.5637066	0.567705	0.5635939	0.5643174	0.5909091	0.6208955	0.5775302	0.6022305	0.6721311	0.6822868	0.6903153	0.6671815	0.6783479	0.6430556	0.6863208	0.6559486	0.6105263	0.6347222	0.6178624	0.6326241	
Corneille mantelée	0.0015	7.825E-4	8.13E-4	0.0034443	0.0016708	7.402E-4	0.0014134	0.0052006	0.0014695	0.0016949	0.004947	0.0026455	0.0039106	0.0032397	0.0034096	0.0044659	0.0057829	0.0067199	9.965E-4	0.0026891	0.0015472	0.0015	0.002005	0.0021097	0.001065	0.0032985	0.0050569	0.0041228	0.0015	0.0038144	0.0105018	0.0044357	0.0017483	0.0039801	0.005571	0.001487	0.0010929	9.372E-4	0.0022523	0.0015444	0.0037547	0.0015	0.0015	0.0021436	0.0015	0.0015	0.0029283	0.0021277	
Hybride Corneille noire x C. mantelée	5.721E-4	0.0015649	8.13E-4	0.0	0.0015	0.0014804	7.067E-4	0.0	0.0015	0.0015	7.067E-4	0.0	0.0	0.0010799	4.871E-4	0.0015	4.448E-4	0.0	0.0	0.0	0.0	4.776E-4	0.0015	8.439E-4	5.325E-4	0.0015	6.321E-4	4.581E-4	6.435E-4	6.357E-4	0.0011669	0.0015	0.0	0.0	0.0015	0.0015	0.0	9.372E-4	0.0	0.0	0.0	0.0013889	0.0011792	0.0010718	0.0	0.0	0.0	7.092E-4	
corneille sp.	0.0	0.0	0.0	0.0	0.0	0.0	0.0	0.0	0.0	0.0	0.0	0.0	0.0015	0.0	0.0	0.0	0.0	0.0	0.0	0.0	0.0	0.0	5.013E-4	0.0	0.0	5.498E-4	0.0	0.0	0.0	0.0	0.0	4.929E-4	0.0	0.0	9.285E-4	0.0	0.0	0.0	0.0011261	0.0	0.0	0.0	0.0	0.0	0.0	0.0	0.0	0.0	
Grand Corbeau	0.1550343	0.1189358	0.1373984	0.1371986	0.1428571	0.1450777	0.1427562	0.2087667	0.1719324	0.1508475	0.1978799	0.1790123	0.1776536	0.2154428	0.2089625	0.1778936	0.1846085	0.1759765	0.1604385	0.152605	0.1557504	0.1313276	0.1368421	0.1257384	0.1379127	0.1478835	0.1567636	0.1653688	0.1776062	0.1786395	0.1738623	0.2040414	0.1993007	0.1920398	0.2079851	0.2104089	0.1868852	0.1883786	0.1824324	0.1899614	0.1939925	0.1597222	0.1816038	0.1511254	0.1533835	0.1555556	0.1390922	0.1574468	
corneille ou corbeau sp.	0.0	0.0	0.0	0.0	0.0	0.0	0.0	0.0	0.0	0.0	0.0	0.0	0.0	0.0	0.0	0.0	0.0	0.0	0.0	0.0	0.0	0.0	0.0	0.0	0.0	0.0	0.0	4.581E-4	0.0	0.0	0.0	0.0	0.0	0.0	0.0	0.0	0.0	0.0	0.0	0.0	0.0	0.0	0.0	0.0	0.0	0.0	0.0	0.0	
corvidé sp.	0.0	0.0	0.0	0.0	0.0	0.0	0.0	0.0	0.0	0.0	0.0	0.0	0.0	0.0	0.0	0.0	4.448E-4	0.0	0.0	0.0	0.0	0.0	0.0	4.219E-4	5.325E-4	0.0	0.0	0.0	0.0	0.0	0.0	0.0	0.0	0.0	0.0	7.435E-4	0.0	0.0	0.0	0.0	0.0	0.0013889	0.0	0.0	0.0	0.0	0.0	0.0	
Mésange noire	0.1790618	0.2050078	0.1796748	0.1974742	0.1963241	0.1931902	0.1795053	0.2221397	0.2108744	0.1830508	0.2091873	0.1882716	0.196648	0.1889849	0.1393083	0.1384444	0.0951957	0.1058379	0.1061286	0.1072269	0.0917999	0.0988539	0.0957393	0.1097046	0.0937167	0.1011545	0.096713	0.102153	0.1113256	0.1296885	0.1120187	0.1207491	0.0987762	0.1054726	0.1039926	0.1189591	0.1562842	0.1752577	0.2004505	0.180695	0.1827284	0.1791667	0.1792453	0.1907824	0.1894737	0.2055556	0.1551977	0.1971631	
Mésange nonnette	0.006865	0.0062598	0.004878	0.0022962	0.005848	0.0096225	0.0063604	0.0044577	0.0066128	0.0127119	0.0063604	0.0044092	0.0039106	0.0070194	0.005358	0.0089319	0.0066726	0.0075598	0.0074738	0.0063866	0.005673	0.0047755	0.0050125	0.0033755	0.0031949	0.008796	0.0012642	0.0036647	0.003861	0.0076287	0.0017503	0.0054214	0.0087413	0.0069652	9.285E-4	0.002974	0.0021858	0.0037488	0.0022523	0.0023166	0.0075094	0.0055556	0.004717	0.0053591	0.0105263	0.0027778	0.0043924	0.0106383	
Mésange boréale	0.0034325	0.0039124	0.004878	0.0057405	0.0050125	0.003701	0.0014134	0.0118871	0.0102866	0.0050847	0.0035336	0.0061728	0.0044693	0.0026998	0.0048709	0.0029773	0.002669	0.0037799	0.0024913	0.0030252	0.0030944	0.004298	0.002005	0.0037975	0.001065	5.498E-4	0.0037927	0.0018323	0.002574	0.0044501	5.834E-4	0.0054214	0.0026224	9.95E-4	0.0027855	0.0037175	0.0010929	0.0018744	0.0022523	0.0030888	0.0	0.0041667	0.0011792	0.0032154	0.0030075	0.0083333	0.0014641	0.0042553	
Mésange nonnette ou M. boréale	0.0	0.0	0.0	0.0	0.0	0.0	0.0	0.0	0.0	0.0	7.067E-4	0.0	0.0	0.0	4.871E-4	3.722E-4	0.0	0.0	0.0015	0.0	0.0	0.0	5.013E-4	0.0015	0.0	0.0	0.0	0.0	6.435E-4	6.357E-4	0.0	0.0	0.0	0.0	0.0	7.435E-4	0.0	0.0	0.0	0.0	0.0	0.0	0.0	0.0	0.0	0.0	0.0	0.0	
Mésange bleue	0.5062929	0.5375587	0.5276423	0.543628	0.5396825	0.5336788	0.5031802	0.5282318	0.5393093	0.5449153	0.5321555	0.4880952	0.5301676	0.5145788	0.476376	0.4756234	0.3901246	0.3876522	0.3607374	0.3808403	0.3574007	0.3481375	0.3283208	0.3046414	0.2715655	0.2990654	0.3185841	0.3238662	0.3655084	0.3858868	0.3728121	0.3790044	0.3706294	0.3860697	0.3704735	0.4498141	0.4557377	0.4939082	0.4966216	0.4764479	0.4918648	0.5069444	0.5200472	0.5262594	0.4947368	0.5055556	0.4992679	0.5326241	
Mésange charbonnière	0.395881	0.4131455	0.4186992	0.4431688	0.4477861	0.4330126	0.4169611	0.46211	0.4570169	0.4652542	0.4657244	0.4404762	0.449162	0.4740821	0.4096444	0.3721623	0.341637	0.3233935	0.2959641	0.2931092	0.2465188	0.2454632	0.2145363	0.2046414	0.2018104	0.2116548	0.2029077	0.2189647	0.2471042	0.2555626	0.2549592	0.2843765	0.2770979	0.2985075	0.2748375	0.3033457	0.3639344	0.3945642	0.4144144	0.3567568	0.3642053	0.3958333	0.3985849	0.3965702	0.3819549	0.3777778	0.3455344	0.412766	
paridé sp.	0.0	0.0	0.0	0.0	0.0	0.0	0.0	0.0	0.0	0.0	0.0	0.0	0.0	0.0	0.0	0.0	0.0	0.0	0.0	0.0015	0.0	9.551E-4	0.0	0.0	0.0	0.0	6.321E-4	0.0	0.0	0.0	0.0	0.0	0.0	0.0	0.0	0.0022305	0.0	0.0	0.0	0.0	0.0	0.0013889	0.0023585	0.0	0.0	0.0	0.0	0.0	
Alouette lulu	0.0	0.0	0.0	0.0	0.0	0.0	0.0	0.0	0.0015	0.0	0.0	0.0	0.0	0.0	0.0	0.0	0.0	0.0	0.0	0.0	0.0	0.0	0.0	0.0	0.0	0.0	0.0	0.0	0.0	0.0	0.0	0.0	0.0	0.0	0.0	0.0	0.0010929	9.372E-4	0.0011261	0.0023166	0.0	0.0013889	0.0	0.0	0.0	0.0	0.0	0.0	
Alouette des champs	0.0331808	0.041471	0.0365854	0.0304248	0.059315	0.0555144	0.0621908	0.0958395	0.101396	0.1050847	0.1568905	0.1525573	0.1620112	0.1636069	0.1899659	0.1816152	0.194395	0.1852163	0.1873443	0.1784874	0.1738009	0.1723973	0.1889724	0.1632911	0.1597444	0.102254	0.0714286	0.0403115	0.027027	0.0292435	0.0285881	0.0241498	0.0384615	0.041791	0.0789229	0.127881	0.1027322	0.1433927	0.1295045	0.1243243	0.077597	0.0847222	0.057783	0.0460879	0.0165414	0.0333333	0.0351391	0.0241135	
Alouette haussecol	5.721E-4	0.0031299	8.13E-4	0.0	0.0	0.0	0.0	0.0	0.0	0.0	0.0	0.0	0.0	0.0	0.0014613	7.443E-4	0.0	0.0	0.0	0.0015	0.0	0.0	0.0	0.0	0.0	0.0	0.0	0.0	0.0	0.0	0.0	0.0	0.0	0.0	0.0	0.0	0.0	0.0	0.0	0.0	0.0015	0.0083333	0.0023585	0.0053591	0.0015	0.0	0.0	7.092E-4	
Alouette calandrelle	0.0	0.0	0.0	0.0	0.0	0.0	0.0	0.0	0.0	0.0	0.0	0.0	0.0	0.0	0.0	0.0	0.0	0.0	0.0	0.0015	0.0015	0.0	0.0	0.0015	0.0	0.0	0.0	0.0	0.0	6.357E-4	5.834E-4	0.0014786	8.741E-4	0.0	0.0	0.0	0.0	0.0	0.0	0.0	0.0	0.0	0.0	0.0	0.0	0.0	0.0	0.0	
Panure à moustaches	5.721E-4	0.0	0.0	5.741E-4	0.0	7.402E-4	0.0	0.0	0.0014695	0.0042373	7.067E-4	0.0017637	0.001676	0.0016199	0.0	0.0011165	0.0013345	4.2E-4	9.965E-4	0.0010084	5.157E-4	9.551E-4	5.013E-4	0.0012658	5.325E-4	0.0016493	0.0025284	0.0	0.0	0.0012715	5.834E-4	9.857E-4	8.741E-4	9.95E-4	0.0	0.0022305	0.0010929	9.372E-4	0.0033784	0.0023166	0.0	0.0027778	0.0011792	0.0021436	0.0045113	0.0	0.0	0.0	
Hypolaïs bottée	0.0	0.0	0.0	0.0	0.0	0.0	0.0	0.0	0.0	0.0	0.0	0.0	0.0	0.0	0.0	0.0	0.0	0.0	0.0	0.0	0.0	0.0	0.0	0.0	0.0	0.0	0.0	0.0	0.0	0.0	0.0	0.0	0.0015	0.0	0.0	0.0	0.0	0.0	0.0	0.0	0.0	0.0	0.0	0.0	0.0	0.0	0.0	0.0	
Hypolaïs polyglotte	0.0	0.0	0.0	0.0	0.0	0.0	0.0	0.0	0.0	0.0	0.0	0.0	0.0	0.0	0.0	0.0	0.0	0.0	0.0015	0.0	0.0	0.0	0.0	0.0	0.0	0.0	0.0	0.0	0.0015	0.0015	5.834E-4	0.0	0.0015	0.0015	0.0015	0.004461	0.0	0.0	0.0	0.0	0.0	0.0	0.0	0.0	0.0	0.0	0.0	0.0	
Hypolaïs ictérine	0.0	0.0	0.0	0.0	0.0	0.0	0.0	0.0	0.0	0.0	0.0	0.0	0.0	0.0	0.0	0.0	0.0	0.0015	0.0	3.361E-4	5.157E-4	0.0	0.0	0.0	0.0	0.0	0.0	0.0	0.0	0.0	0.0	0.0015	0.0015	0.0	0.0	0.0	0.0	0.0	0.0	0.0	0.0	0.0	0.0	0.0	0.0	0.0	0.0	0.0	
Hypolaïs polyglotte ou H. ictérine	0.0	0.0	0.0	0.0	0.0	0.0	0.0	0.0	0.0	0.0	0.0	0.0	0.0	0.0	0.0	0.0	0.0	0.0	0.0	0.0	0.0	0.0	0.0	0.0	0.0	0.0	0.0	0.0	0.0	0.0	0.0	0.0	0.0	0.0	0.0015	0.0	0.0	0.0	0.0	0.0	0.0	0.0	0.0	0.0	0.0	0.0	0.0	0.0	
Phragmite des joncs	0.0	0.0	0.0	0.0	0.0	0.0	0.0	0.0	0.0	0.0	0.0	0.0015	0.0039106	0.0329374	0.0574769	0.1365836	0.158363	0.1583368	0.1429995	0.1139496	0.101083	0.0873926	0.1032581	0.0814346	0.085197	0.0665201	0.0518331	0.0426019	0.0418275	0.0330579	0.0268378	0.0251355	0.0236014	0.0159204	0.0027855	0.0022305	0.0015	0.0	0.0	0.0	0.0015	0.0	0.0	0.0	0.0	0.0	0.0	0.0	
Rousserolle des buissons	0.0	0.0	0.0	0.0	0.0	0.0	0.0	0.0	0.0	0.0	0.0	0.0	0.0	0.0	0.0	0.0	0.0	0.0	0.0	0.0015	0.0	0.0	5.013E-4	0.0	0.0	0.0	0.0	0.0	0.0	0.0	0.0	0.0	0.0	0.0	0.0	0.0	0.0	0.0015	0.0	0.0	0.0	0.0	0.0	0.0	0.0	0.0	0.0	0.0	
Rousserolle verderolle	0.0	0.0	0.0	0.0	0.0	0.0	0.0	0.0	0.0	0.0	0.0	0.0	0.0	0.0	0.0	0.0	0.0	0.0	0.0	3.361E-4	5.157E-4	0.0	0.0	0.0	0.0	0.0	0.0	0.0	0.0	0.0	0.0	0.0	0.0	0.0015	0.0	0.0	0.0	0.0	0.0015	0.0	0.0	0.0	0.0	0.0	0.0	0.0	0.0	0.0	
Rousserolle effarvatte	0.0	0.0	0.0	0.0	0.0	0.0	0.0	0.0	0.0	0.0	0.0	0.0	0.0039106	0.0415767	0.0652703	0.1068106	0.1014235	0.0911382	0.099153	0.0947899	0.0845797	0.074021	0.0892231	0.0746835	0.0713525	0.0802639	0.0632111	0.0531379	0.0418275	0.0406866	0.0315053	0.0246427	0.0174825	0.0139303	0.007428	0.0037175	0.0015	0.004686	0.0015	7.722E-4	0.0	0.0	0.0	0.0	0.0	0.0	0.0	0.0	
Acrocephalus sp.	0.0	0.0	0.0	0.0	0.0	0.0	0.0	0.0	0.0	0.0	0.0	0.0	5.587E-4	0.0	0.0	7.443E-4	0.0	4.2E-4	4.983E-4	0.0013445	5.157E-4	0.0	0.0	4.219E-4	5.325E-4	0.0010995	0.0	4.581E-4	0.0	0.0	0.0	0.0	0.0	0.0015	0.0	0.0	0.0	9.372E-4	0.0	0.0015	0.0	0.0	0.0	0.0	0.0	0.0	0.0	0.0	
Locustelle luscinioïde	0.0	0.0	0.0	0.0	0.0	0.0	0.0	0.0	0.0	0.0	0.0	0.0	0.0	0.0	0.0	0.0	4.448E-4	0.0015	0.001993	0.0013445	0.0	0.0015	0.0015038	0.0012658	0.0	0.0	6.321E-4	0.0	0.0	0.0	0.0	0.0	0.0	0.0	0.0	0.0	0.0	0.0	0.0	0.0	0.0	0.0	0.0	0.0	0.0	0.0	0.0	0.0	
Locustelle tachetée	0.0	0.0	0.0	0.0	0.0	0.0	0.0	0.0	0.0	0.0	0.0	0.0	0.001676	0.0156587	0.0487092	0.0439151	0.0275801	0.0151197	0.0109616	0.0094118	0.013409	0.0105062	0.0190476	0.0101266	0.0127796	0.0120946	0.0094817	0.0027485	0.003861	0.0038144	0.0046674	0.0024643	0.0034965	0.0015	0.0015	7.435E-4	0.0015	0.0	0.0	0.0	0.0	0.0	0.0	0.0	0.0	0.0	0.0	0.0	
Hirondelle de rivage	0.0	0.0	0.0	0.0	0.0	0.0	0.0	0.0044577	0.0146951	0.020339	0.0388693	0.069224	0.1078212	0.1268898	0.132489	0.1298846	0.1005338	0.1129777	0.083707	0.0786555	0.0727179	0.0759312	0.079198	0.0649789	0.0740149	0.1083013	0.0935525	0.0994045	0.0849421	0.0991736	0.0927655	0.0926565	0.0681818	0.0467662	0.0612813	0.0252788	0.0087432	0.0037488	0.0015	7.722E-4	0.0	0.0015	0.0	0.0	0.0	0.0	0.0	0.0	
Hirondelle rustique	0.0	7.825E-4	0.0	0.0	8.354E-4	0.0	0.0021201	0.0	0.0014695	8.475E-4	0.0035336	0.0357143	0.1385475	0.2537797	0.3205066	0.4090063	0.4403915	0.4632507	0.4554061	0.4305882	0.4254771	0.4154728	0.3654135	0.3780591	0.3610224	0.3875756	0.4102402	0.4044892	0.4311454	0.4659886	0.4148191	0.4317398	0.4396853	0.39801	0.3342618	0.2884758	0.1628415	0.0871603	0.0641892	0.0216216	0.0050063	0.0041667	0.0035377	0.0015	0.0030075	0.0013889	0.0	0.0	
Hirondelle de fenêtre	0.0	0.0	0.0	0.0	0.0	0.0	0.0	0.0015	0.0	0.0015	0.0028269	0.0123457	0.0363128	0.0728942	0.0725767	0.1231857	0.1525801	0.1860563	0.2167414	0.2406723	0.215575	0.2425979	0.2155388	0.2417722	0.2236422	0.2660803	0.2496839	0.2624828	0.2831403	0.2854418	0.247958	0.2380483	0.2613636	0.2298507	0.1624884	0.1189591	0.0699454	0.022493	0.0135135	0.0046332	0.0015	0.0	0.0	0.0	0.0	0.0	0.0	0.0	
Delichon sp.	0.0	0.0	0.0	0.0	0.0	0.0	0.0	0.0	0.0	0.0	0.0	0.0	0.0	0.0	0.0	0.0	0.0	0.0	0.0	0.0015	0.0	0.0	0.0	0.0	0.0015	0.0	0.0	0.0	0.0	0.0	0.0	0.0	0.0	0.0	0.0	0.0	0.0	0.0	0.0	0.0	0.0	0.0	0.0	0.0	0.0	0.0	0.0	0.0	
Hirondelle rousseline	0.0	0.0	0.0	0.0	0.0	0.0	0.0021201	0.0	0.0	0.0	0.0	0.0	0.0	0.0015	4.871E-4	0.0	0.0	0.0	0.0	3.361E-4	0.0	0.0	0.0	0.0	0.0	0.0	0.0	0.0	0.0	0.0	0.0	0.0	0.0	0.0	0.0	7.435E-4	0.0	0.0	0.0	0.0	0.0	0.0	0.0	0.0010718	0.0	0.0	0.0	0.0	
hirondelle sp.	0.0	0.0	0.0	0.0	0.0	0.0	0.0	0.0	0.0	0.0	7.067E-4	0.0026455	0.0039106	0.0037797	0.0014613	0.002233	8.897E-4	0.0025199	0.0034878	0.0016807	0.0025786	4.776E-4	5.013E-4	8.439E-4	0.0015974	0.0016493	0.0018963	0.0018323	0.001287	0.0012715	0.0023337	0.0024643	0.0034965	0.0015	9.285E-4	7.435E-4	0.0010929	0.0028116	0.0011261	0.0	0.0	0.0	0.0	0.0	0.0	0.0	0.0	0.0	
Pouillot siffleur	0.0	0.0	0.0	0.0	0.0	0.0	0.0	0.0	0.0	0.0	0.0	0.0	0.0	0.0010799	0.0082806	0.016003	0.0364769	0.0394792	0.0338814	0.04	0.0201135	0.0167144	0.0175439	0.0118143	0.0047923	0.0038483	0.0044248	0.0018323	0.002574	6.357E-4	5.834E-4	4.929E-4	0.0015	0.0015	0.0	0.0	0.0	0.0	0.0	0.0	0.0	0.0	0.0	0.0	0.0	0.0	0.0	0.0	
Pouillot de Bonelli	0.0	0.0	0.0	0.0	0.0	0.0	0.0	0.0	0.0	0.0	0.0	0.0	0.0	0.0	0.0	0.0	0.0	0.0	0.0	0.0	0.0015	0.0	0.0	0.0	0.0	0.0	0.0	0.0	0.0	0.0	5.834E-4	0.0015	0.0	0.0	0.0	0.0	0.0	0.0	0.0	0.0	0.0	0.0	0.0	0.0	0.0	0.0	0.0	0.0	
Pouillot à grands sourcils	0.0017162	7.825E-4	0.0	0.0063146	0.005848	0.0051813	7.067E-4	0.0	0.0	0.0	0.0	0.0	0.0	0.0	0.0	0.0	0.0	0.0	0.0	0.0	0.0	0.0	0.0	0.0	0.0	0.0	0.0	0.0	0.0	0.0	0.0	0.0	0.0	0.0	0.0015	0.0015	0.0021858	0.0037488	0.0056306	0.0030888	0.0025031	0.0041667	0.0011792	0.0015	0.0015	0.0	0.0	0.0	
Pouillot de Pallas	0.0	0.0	0.0	0.0	0.0	0.0	0.0	0.0	0.0	0.0	0.0	0.0	0.0	0.0	0.0	0.0	0.0	0.0	0.0	0.0	0.0	0.0	0.0	0.0	0.0	0.0	0.0	0.0	0.0	0.0	0.0	0.0	0.0	0.0	0.0	0.0	0.0	9.372E-4	0.0	0.0015	0.0	0.0	0.0	0.0	0.0	0.0	0.0	0.0	
Pouillot de Schwarz	0.0	0.0	0.0	0.0	0.0	0.0	0.0	0.0	0.0	0.0	0.0	0.0	0.0	0.0	0.0	0.0	0.0	0.0	0.0	0.0	0.0	0.0	0.0	0.0	0.0	0.0	0.0	0.0	0.0	0.0	0.0	0.0	0.0	0.0	0.0	0.0	0.0	0.0015	0.0	0.0	0.0	0.0	0.0	0.0	0.0	0.0	0.0	0.0	
Pouillot brun	0.0	0.0	0.0	0.0	0.0	0.0	0.0	0.0	0.0	0.0	0.0	0.0	0.0	0.0	0.0	0.0	0.0	0.0	0.0	0.0	0.0	0.0	0.0	0.0	0.0	0.0	0.0	0.0	0.0	0.0	0.0	0.0	0.0	0.0	0.0	0.0	0.0	0.0	0.0	0.0	0.0	0.0013889	0.0	0.0	0.0	0.0	0.0	0.0	
Pouillot fitis	0.0	0.0	0.0	0.0	0.0	0.0	0.0	0.0	0.0	0.0016949	0.0084806	0.0432099	0.1273743	0.2834773	0.3244033	0.3167101	0.3118327	0.297774	0.247135	0.2537815	0.2021661	0.1762178	0.1774436	0.1261603	0.0660277	0.0582738	0.0777497	0.1113147	0.1287001	0.0966306	0.0910152	0.0877279	0.0769231	0.0437811	0.0297122	0.0089219	0.0043716	0.0074977	0.0015	7.722E-4	0.0015	0.0015	0.0	0.0	0.0	0.0	0.0	0.0	
Pouillot véloce	0.0320366	0.028169	0.0284553	0.0350172	0.0309106	0.0288675	0.0240283	0.0520059	0.0808229	0.1974576	0.3618375	0.4545855	0.5055866	0.5350972	0.4914759	0.4905099	0.4857651	0.4594708	0.4220229	0.4141176	0.3785456	0.3944604	0.4160401	0.3898734	0.3232162	0.2715778	0.2231353	0.2194228	0.2348777	0.2492053	0.2450408	0.2932479	0.263986	0.2766169	0.2692665	0.2899628	0.2010929	0.1237113	0.1261261	0.0710425	0.0725907	0.075	0.0707547	0.0546624	0.037594	0.0486111	0.0292826	0.0340426	
Pouillot fitis ou P. véloce	0.0	0.0	0.0	0.0	0.0	0.0	0.0	0.0	0.0	0.0	0.0	0.0022046	0.0011173	0.0026998	4.871E-4	0.0014886	8.897E-4	0.0025199	0.001993	0.0013445	0.0020629	0.0033429	0.0010025	0.0025316	0.0026624	0.0038483	0.0063211	0.0082455	0.0070785	0.0050858	0.0046674	0.0064071	0.0034965	0.00199	0.0027855	0.0022305	0.0032787	9.372E-4	0.0	7.722E-4	0.0	0.0	0.0	0.0	0.0	0.0	0.0	0.0	
Pouillot ibérique	0.0	0.0	0.0	0.0	0.0	0.0	0.0	0.0	0.0	0.0	0.0	0.0	0.0	0.0	0.0015	0.0	0.0	0.0	0.0	0.0	0.0	0.0	0.0	0.0	0.0	0.0	0.0	0.0	0.0	0.0	0.0	0.0	0.0	0.0	0.0	0.0	0.0	0.0	0.0	0.0	0.0	0.0	0.0	0.0	0.0	0.0	0.0	0.0	
Pouillot verdâtre	0.0	0.0	0.0	0.0	0.0	0.0	0.0	0.0	0.0	0.0	0.0	0.0	0.0	0.0	0.0	0.0	0.0	0.0	0.0	0.0015	0.0015	0.0	0.0	0.0015	0.0	0.0	0.0	0.0	0.0	0.0	0.0	0.0	0.0	0.0	0.0	0.0	0.0	0.0	0.0	0.0	0.0	0.0	0.0	0.0	0.0	0.0	0.0	0.0	
pouillot sp.	0.0	0.0	0.0	0.0	0.0	0.0	0.0	0.0	0.0	0.0	0.0	0.0	5.587E-4	0.0	4.871E-4	0.0015	4.448E-4	0.0	9.965E-4	3.361E-4	0.0	0.0	5.013E-4	4.219E-4	0.0	5.498E-4	0.0	0.0	0.001287	6.357E-4	0.0011669	4.929E-4	0.0	0.0	9.285E-4	0.0	0.0	0.0015	0.0	0.0	0.0	0.0	0.0	0.0010718	0.0	0.0	0.0	0.0	
Bouscarle de Cetti	0.0469108	0.0320814	0.0479675	0.0309989	0.0350877	0.0318283	0.034629	0.0505201	0.0705364	0.0711864	0.0777385	0.0890653	0.0905028	0.1074514	0.0852411	0.1235579	0.102758	0.0781184	0.0857	0.0739496	0.0639505	0.0606495	0.0646617	0.0388186	0.0324814	0.0247389	0.0189633	0.0187815	0.024453	0.0228862	0.0332555	0.0389354	0.0384615	0.0587065	0.0594243	0.0698885	0.0786885	0.0834114	0.0878378	0.0849421	0.0813517	0.0763889	0.0790094	0.0996785	0.0721805	0.0625	0.0644217	0.0468085	
Orite à longue queue	0.2351259	0.2269171	0.2276423	0.2319173	0.2414369	0.2590674	0.2204947	0.2288262	0.2534901	0.2389831	0.2409894	0.1715168	0.1614525	0.1447084	0.1363858	0.1451433	0.1205516	0.1217976	0.1180867	0.1173109	0.0928314	0.1031519	0.0927318	0.0940928	0.0782748	0.1011545	0.1087231	0.118186	0.1261261	0.13541	0.1505251	0.1488418	0.125	0.1482587	0.1662024	0.1695167	0.2459016	0.2914714	0.3130631	0.2826255	0.3078849	0.3291667	0.3160377	0.2926045	0.2616541	0.25	0.2342606	0.2680851	
Fauvette à tête noire	0.021167	0.0375587	0.0520325	0.0361653	0.0292398	0.03849	0.0282686	0.0289747	0.0433505	0.0432203	0.0636042	0.1252205	0.2290503	0.3234341	0.3550901	0.3833271	0.3371886	0.3544729	0.324863	0.2981513	0.2588963	0.2597899	0.2761905	0.2691983	0.2034079	0.1737218	0.1213654	0.08612	0.0920206	0.0826446	0.0950992	0.104485	0.0891608	0.0746269	0.0835655	0.0840149	0.0688525	0.0506092	0.0439189	0.0301158	0.0125156	0.0152778	0.0153302	0.0139335	0.0120301	0.0208333	0.0234261	0.0304965	
Fauvette des jardins	0.0	0.0	0.0	0.0	0.0	0.0	0.0	0.0	0.0	0.0	0.0	0.0	0.0	0.0	0.0092547	0.029773	0.0573843	0.0785384	0.058296	0.0463866	0.043837	0.034384	0.0265664	0.021097	0.0122471	0.0071468	0.0050569	0.0050389	0.0045045	0.0108074	0.0052509	0.0088714	0.0043706	0.00199	0.003714	0.001487	0.0015	0.0015	0.0015	0.0	0.0	0.0	0.0	0.0	0.0	0.0	0.0	0.0	
Fauvette épervière	0.0	0.0	0.0	0.0	0.0	0.0	0.0	0.0	0.0	0.0	0.0	0.0	0.0	0.0	0.0	0.0	0.0	0.0	0.0	0.0	0.0	0.0	0.0	0.0	0.0	0.0	0.0	0.0	0.0	0.0	0.0	0.0	0.0015	9.95E-4	0.0	0.0	0.0	0.0018744	0.0015	7.722E-4	0.0	0.0	0.0015	0.0	0.0	0.0	0.0	0.0	
Fauvette babillarde	0.0	0.0015	0.0	0.0	0.0	0.0	0.0	0.0	0.0	0.0	0.0	0.0	0.0015	0.0043197	0.0126644	0.0420543	0.0391459	0.0264595	0.0249128	0.0201681	0.0170191	0.0133715	0.0215539	0.0151899	0.0101171	0.008796	0.0050569	0.005497	0.0083655	0.006993	0.0070012	0.0128142	0.0078671	0.0089552	0.0027855	0.0037175	0.0010929	9.372E-4	0.0015	0.0015	0.0	0.0	0.0	0.0	0.0	0.0	0.0	0.0	
Fauvette orphée	0.0	0.0	0.0	0.0	0.0	0.0	0.0	0.0	0.0	0.0	0.0	0.0	0.0	0.0	0.0	0.0	0.0	0.0	4.983E-4	0.0	0.0	0.0	0.0	0.0	0.0	0.0	0.0	0.0	0.0	0.0	0.0	0.0	0.0	0.0	0.0	0.0	0.0	0.0	0.0	0.0	0.0	0.0	0.0	0.0	0.0	0.0	0.0	0.0	
Fauvette de Moltoni	0.0	0.0	0.0	0.0	0.0	0.0	0.0	0.0	0.0	0.0	0.0	0.0	0.0	0.0	0.0	0.0	0.0	0.0	0.0015	0.0016807	0.0	0.0	0.0	0.0	0.0	0.0	0.0	0.0	0.0	0.0	0.0	0.0	0.0	0.0	0.0	0.0	0.0	0.0	0.0	0.0	0.0	0.0	0.0	0.0	0.0	0.0	0.0	0.0	
Fauvette passerinette	0.0	0.0	0.0	0.0	0.0	0.0	0.0	0.0	0.0	0.0	0.0	0.0	0.0	0.0	0.0	0.0	0.0	0.0015	0.0	0.0	0.0	0.0	0.0	0.0015	0.0	0.0	6.321E-4	0.0	0.0	0.0	0.0	0.0	0.0	0.0	0.0	0.0	0.0	0.0	0.0	0.0	0.0	0.0	0.0	0.0	0.0	0.0	0.0	0.0	
Fauvette des Balkans	0.0	0.0	0.0	0.0	0.0	0.0	0.0	0.0	0.0	0.0	0.0	0.0	0.0	0.0	0.0	0.0015	0.0	8.4E-4	0.0	0.0015	0.0	0.0	0.0	0.0	0.0	0.0	0.0	0.0	0.0	0.0	0.0	0.0	0.0	0.0	0.0	0.0	0.0	0.0	0.0	0.0	0.0	0.0	0.0	0.0	0.0	0.0	0.0	0.0	
Fauvette passerinette ou F. des Balkans	0.0	0.0	0.0	0.0	0.0	0.0	0.0	0.0	0.0	0.0	0.0	0.0	0.0	0.0	0.0015	0.0	0.0	4.2E-4	0.0	0.0	0.0	0.0	0.0	0.0	0.0	0.0	0.0	0.0	0.0	0.0	0.0	0.0	0.0	0.0	0.0	0.0	0.0	0.0	0.0	0.0	0.0	0.0	0.0	0.0	0.0	0.0	0.0	0.0	
Fauvette de Moltoni, F. passerinette ou F. des Balkans	0.0	0.0	0.0	0.0	0.0	0.0	0.0	0.0	0.0	0.0	0.0	0.0	0.0	0.0	0.0	0.0	4.448E-4	0.0	0.0	0.0	0.0	0.0	0.0	0.0	0.0	0.0	0.0	0.0	0.0	0.0	0.0	0.0	0.0	0.0	0.0	0.0	0.0	0.0	0.0	0.0	0.0	0.0	0.0	0.0	0.0	0.0	0.0	0.0	
Fauvette grisette	0.0	0.0	0.0	0.0	0.0	0.0	0.0	0.0	0.0	0.0	7.067E-4	0.0	0.0011173	0.0323974	0.1013151	0.1927801	0.2508897	0.2347753	0.2296961	0.2030252	0.2109335	0.2010506	0.1904762	0.1767932	0.1458999	0.1280924	0.0986094	0.0819973	0.0849421	0.0870947	0.0659277	0.0798423	0.0699301	0.0278607	0.0204271	0.0096654	0.0010929	9.372E-4	0.0	0.0	0.0015	0.0	0.0	0.0	0.0	0.0	0.0	0.0	
Fauvette pitchou	0.0011442	7.825E-4	8.13E-4	0.0034443	8.354E-4	0.0022206	7.067E-4	0.0014859	0.0014695	0.0025424	0.0035336	0.0017637	0.001676	0.0026998	0.0029226	0.0014886	0.002669	0.0025199	0.0015	0.0010084	0.0010315	4.776E-4	0.002005	0.0033755	0.001065	0.0010995	0.0018963	0.0013743	0.002574	0.0038144	0.0	0.0064071	0.0043706	0.0	0.0046425	0.0022305	0.0021858	9.372E-4	0.0033784	0.0030888	0.0012516	0.0013889	0.0011792	0.0015	0.0030075	0.0027778	0.0043924	0.0021277	
Sylvia ou Curruca sp.	0.0	0.0	0.0	0.0	0.0	0.0	0.0	0.0	0.0	0.0	0.0	0.0	0.0	5.4E-4	0.0	0.0	4.448E-4	0.0	0.0	0.0	0.0015	4.776E-4	0.0	4.219E-4	5.325E-4	0.0	0.0	0.0	0.0	0.0	0.0	0.0	0.0	0.0	0.0	0.0	0.0	0.0	0.0	0.0	0.0	0.0	0.0	0.0	0.0	0.0	0.0	0.0	
Roitelet huppé	0.1590389	0.143975	0.1430894	0.1435132	0.1704261	0.161362	0.1625442	0.1768202	0.1917708	0.1711864	0.1992933	0.1697531	0.1608939	0.1673866	0.1475889	0.1615184	0.1312278	0.1537169	0.1474838	0.1556303	0.1320268	0.1327603	0.1238095	0.1232068	0.0926518	0.0918087	0.0973451	0.1067339	0.1203346	0.1373172	0.1318553	0.1384919	0.138986	0.1313433	0.1615599	0.2178439	0.2404372	0.2492971	0.2713964	0.2617761	0.261577	0.2430556	0.25	0.2411576	0.2075188	0.2027778	0.1434846	0.2035461	
Roitelet à triple bandeau	0.0040046	0.0023474	0.0105691	0.0114811	0.005848	0.0066617	0.0063604	0.0014859	0.002939	0.0016949	0.0077739	0.0044092	0.0044693	0.0016199	0.0034096	0.0026051	0.0035587	0.0046199	0.0024913	0.0040336	0.0010315	0.0019102	0.0010025	0.0012658	0.0	5.498E-4	0.0	4.581E-4	6.435E-4	0.0	5.834E-4	4.929E-4	0.0026224	0.0069652	0.0027855	0.005948	0.0032787	0.0140581	0.0157658	0.0092664	0.0100125	0.0152778	0.0082547	0.0139335	0.006015	0.0055556	0.0043924	0.0035461	
Sittelle torchepot	0.1270023	0.1400626	0.1406504	0.141791	0.1211362	0.1354552	0.1279152	0.1381872	0.1454813	0.1423729	0.1498233	0.1485891	0.1631285	0.1614471	0.1378471	0.12393	0.0938612	0.1028979	0.1026408	0.1028571	0.0917999	0.0969436	0.1022556	0.0962025	0.0820021	0.0841121	0.0916561	0.1067339	0.1235521	0.1182454	0.1236873	0.1168063	0.0926573	0.1004975	0.091922	0.0981413	0.1256831	0.1387067	0.1463964	0.1189189	0.1076345	0.1125	0.1273585	0.1178992	0.1413534	0.1388889	0.1127379	0.1212766	
Grimpereau des bois	0.0663616	0.07277	0.0650407	0.0608496	0.059315	0.0592154	0.064311	0.0668648	0.0602498	0.0627119	0.0784452	0.0608466	0.0558659	0.0615551	0.0618607	0.0547079	0.0467082	0.0596388	0.0548082	0.0601681	0.0536359	0.0520535	0.0546366	0.0535865	0.0580405	0.0588235	0.0707965	0.0554283	0.0566281	0.0578512	0.0600933	0.0532282	0.0393357	0.0348259	0.0352832	0.0386617	0.0688525	0.0731022	0.0686937	0.0625483	0.0538173	0.075	0.0683962	0.0696677	0.0781955	0.0888889	0.0644217	0.070922	
Troglodyte mignon	0.319222	0.312989	0.3308943	0.293915	0.3233083	0.3256847	0.3293286	0.3878158	0.4246877	0.4211864	0.4989399	0.4902998	0.501676	0.5539957	0.5411593	0.5377745	0.5115658	0.50063	0.4738416	0.4836975	0.4796287	0.4751671	0.4937343	0.4586498	0.3908413	0.3628367	0.3539823	0.3490609	0.3487773	0.3693579	0.3366394	0.3410547	0.3356643	0.2915423	0.3175487	0.3717472	0.4087432	0.447985	0.4301802	0.4293436	0.4317897	0.4402778	0.4268868	0.4115756	0.3879699	0.3791667	0.317716	0.3489362	
Cincle plongeur	0.0297483	0.0383412	0.0292683	0.0413318	0.0367586	0.0362694	0.034629	0.0349183	0.0433505	0.040678	0.0409894	0.0365961	0.0318436	0.0318575	0.0311739	0.0349833	0.0315836	0.0327593	0.0313901	0.034958	0.0257865	0.0219675	0.0215539	0.0244726	0.0175719	0.0142936	0.0303413	0.0256528	0.0173745	0.0286078	0.0268378	0.0241498	0.0218531	0.0189055	0.0241411	0.0215613	0.020765	0.0215558	0.0349099	0.0247104	0.0187735	0.025	0.0365566	0.0246517	0.0315789	0.0347222	0.0424597	0.0255319	
Étourneau sansonnet	0.3243707	0.3169014	0.3252033	0.2979334	0.2681704	0.2783124	0.2939929	0.2867756	0.2696547	0.2347458	0.2254417	0.1917989	0.1871508	0.162527	0.1753531	0.1842203	0.1757117	0.1772365	0.1933234	0.1721008	0.1696751	0.1547278	0.162406	0.1725738	0.1613419	0.1484332	0.1580278	0.1653688	0.1512227	0.1602034	0.1400233	0.1350419	0.1984266	0.1970149	0.178273	0.2037175	0.2273224	0.2502343	0.2792793	0.3335907	0.3554443	0.3180556	0.3714623	0.3633441	0.3428571	0.3375	0.3572474	0.3163121	
Étourneau roselin	0.0	0.0015	0.0	0.0	8.354E-4	0.0015	0.0015	0.0	7.348E-4	0.0016949	0.0	0.0	0.0	0.0	0.0	0.0	0.0	0.0	0.0	0.0015	5.157E-4	4.776E-4	0.0015	0.0	0.0	5.498E-4	0.0015	0.0015	0.0015	0.0	0.0	0.0	0.0	0.0015	0.0015	0.0015	0.0	0.0	0.0	0.0	0.0	0.0	0.0	0.0	0.0	0.0	0.0	0.0	
Grive draine	0.1229977	0.100939	0.104878	0.1010333	0.101086	0.1110289	0.1102473	0.1263001	0.1050698	0.1237288	0.1166078	0.1093474	0.101676	0.1279698	0.1363858	0.128396	0.1147687	0.1289374	0.1006477	0.0927731	0.0675606	0.0549188	0.0491228	0.0489451	0.0378062	0.0324354	0.0347661	0.0251947	0.0289575	0.0203433	0.0116686	0.0162642	0.0236014	0.0248756	0.0250696	0.0446097	0.0765027	0.0740394	0.1058559	0.1057915	0.1188986	0.1402778	0.1415094	0.1350482	0.1293233	0.1138889	0.1215227	0.1170213	
Grive musicienne	0.2351259	0.2386541	0.2666667	0.2629162	0.3224728	0.3301258	0.2784452	0.2897474	0.2645114	0.2398305	0.2713781	0.2513228	0.2687151	0.2850972	0.3058938	0.3070339	0.3162811	0.3334733	0.2944694	0.3089076	0.2836514	0.2688634	0.2596491	0.2345992	0.1746539	0.1539307	0.1295828	0.0939075	0.0624196	0.0756516	0.0402567	0.0473139	0.0410839	0.038806	0.0594243	0.0765799	0.1125683	0.1162137	0.1317568	0.1220077	0.1339174	0.1666667	0.1981132	0.2186495	0.2345865	0.2291667	0.2254758	0.2212766	
Grive mauvis	0.2025172	0.1971831	0.1609756	0.1343284	0.1303258	0.1280533	0.1088339	0.0965825	0.0940485	0.0915254	0.0600707	0.0242504	0.0184358	0.0053996	0.0019484	7.443E-4	0.0	0.0	0.0	0.0015	0.0	0.0	0.0	0.0	0.0	0.0	0.0	0.0	0.0	0.0	0.0	0.0	0.0	0.0	0.0	0.005948	0.020765	0.0562324	0.1858108	0.1907336	0.2252816	0.2194444	0.2488208	0.2486602	0.2406015	0.1930556	0.1727672	0.2049645	
Merle noir	0.6092677	0.6165884	0.604878	0.598163	0.5847953	0.5832717	0.555477	0.589896	0.6076414	0.629661	0.6402827	0.611552	0.622905	0.6603672	0.6595226	0.6851507	0.6783808	0.6833263	0.6826109	0.6672269	0.6328004	0.6365807	0.606015	0.5746835	0.5	0.4942276	0.4702908	0.4223546	0.3667954	0.3350286	0.2829638	0.2888122	0.3068182	0.3134328	0.3259053	0.398513	0.4327869	0.4807873	0.4943694	0.5227799	0.6082603	0.5972222	0.6261792	0.6602358	0.6541353	0.625	0.6178624	0.6340426	
Grive litorne	0.0703661	0.0665102	0.0723577	0.0470723	0.0484545	0.0362694	0.0332155	0.0334324	0.0279206	0.0288136	0.0134276	0.0088183	0.0044693	0.0026998	0.0034096	7.443E-4	0.0	0.0	0.0	0.0	0.0	0.0	0.0	0.0	0.0	0.0	0.0	0.0	0.0	0.0	0.0	0.0	0.0	0.0	0.0	0.001487	0.0010929	0.0056232	0.0529279	0.0648649	0.0938673	0.1027778	0.1073113	0.0996785	0.0932331	0.0777778	0.0585652	0.0730496	
Merle à plastron	5.721E-4	0.0	0.0	0.0	0.0	0.0	0.0	0.0	0.0015	0.0015	0.0015	0.0039683	0.0044693	0.0140389	0.016074	0.0070711	0.0066726	0.0041999	0.001993	0.0036975	0.0025786	0.0014327	0.002005	0.0016878	0.0026624	0.0010995	6.321E-4	0.0013743	0.0	0.0	5.834E-4	0.0	0.0	0.0	9.285E-4	0.0015	0.0010929	0.0015	0.0045045	0.0069498	0.0012516	0.0015	0.0015	0.0	0.0	0.0	0.0	0.0	
Turdus sp.	0.0011442	0.0	0.0	0.0	8.354E-4	0.0	7.067E-4	0.0014859	7.348E-4	0.0	7.067E-4	4.409E-4	5.587E-4	0.0016199	4.871E-4	0.0	0.0	0.0	0.0	6.723E-4	0.0	0.0015	0.0	0.0	0.0	0.0	0.0	0.0	0.0	0.0	0.0	0.0	0.0	0.0	0.0	7.435E-4	0.0	0.0	0.0	0.0015444	0.0	0.0	0.0011792	0.0	0.0	0.0	0.0014641	0.0	
turdidé sp.	0.0017162	0.0	8.13E-4	5.741E-4	8.354E-4	0.0	0.0	0.0	7.348E-4	0.0	0.0015	8.818E-4	0.0011173	5.4E-4	4.871E-4	0.0	8.897E-4	4.2E-4	0.0	3.361E-4	0.0	0.0015	0.0	4.219E-4	0.0	5.498E-4	0.0012642	9.162E-4	0.0	6.357E-4	0.0	0.0	0.0	0.0	0.0	0.0	0.0	0.0028116	0.0033784	0.0	0.0012516	0.0	0.0011792	0.0	0.0	0.0	0.0015	7.092E-4	
Gobemouche gris	0.0	0.0	0.0	0.0	0.0	0.0	0.0	0.0	0.0	0.0	0.0	0.0	0.0	0.0	0.0	0.0018608	0.0155694	0.0382192	0.0498256	0.0608403	0.0402269	0.048233	0.045614	0.0417722	0.0447284	0.0472787	0.0379267	0.0366468	0.0392535	0.0476796	0.0315053	0.0428783	0.0568182	0.0298507	0.0343547	0.0171004	0.0098361	0.0149953	0.0056306	0.0015	0.0	0.0	0.0	0.0	0.0	0.0	0.0	0.0	
Rougegorge familier	0.6172769	0.6251956	0.6439024	0.6463835	0.6315789	0.6150999	0.6021201	0.6337296	0.6326231	0.6576271	0.6466431	0.5987654	0.5893855	0.5928726	0.5455431	0.5563826	0.5338078	0.5401092	0.5206776	0.4968067	0.4254771	0.3949379	0.3764411	0.3578059	0.3226837	0.3161078	0.3489254	0.3692167	0.3854569	0.4526383	0.4597433	0.5096106	0.5506993	0.5910448	0.5970288	0.6356877	0.6557377	0.7047798	0.7060811	0.6548263	0.6658323	0.6708333	0.6650943	0.6741693	0.6225564	0.6138889	0.6002928	0.6489362	
Rossignol progné	0.0	0.0	0.0	0.0	0.0	0.0	0.0	0.0	0.0	0.0	0.0	0.0	0.0	0.0	0.0	0.0	0.0	0.0	0.0	0.0	0.0015	0.0	0.0	0.0	0.0	0.0	0.0	0.0	0.0	0.0	0.0	0.0	0.0	0.0	0.0	0.0	0.0	0.0	0.0	0.0	0.0	0.0	0.0	0.0	0.0	0.0	0.0	0.0	
Rossignol philomèle	0.0	0.0	0.0	0.0	0.0	0.0	0.0	0.0	0.0	0.0	0.0	0.0	0.0	0.0	0.0	0.0015	0.0	0.0015	0.0015	3.361E-4	0.0	0.0	0.0	0.0	0.0	0.0	0.0	0.0	0.0	0.0	5.834E-4	0.0	0.0015	0.0015	0.0	0.0	0.0	0.0	0.0	0.0	0.0	0.0	0.0	0.0	0.0	0.0	0.0	0.0	
Gorgebleue à miroir	0.0	0.0	0.0	0.0	0.0	0.0	0.0	0.0	0.0	0.0	0.0	0.0	0.0	0.0	0.0	0.0	0.0	0.0	0.0015	0.0	0.0015	0.0	0.0	0.0	0.0	0.0	0.0	0.0	0.0	0.0	0.0	0.0	0.0	0.0	0.0	0.0	0.0	0.0015	0.0	0.0	0.0	0.0	0.0	0.0	0.0	0.0	0.0	0.0	
Robin à flancs roux	0.0	0.0	0.0	0.0	0.0	0.0	0.0	0.0	0.0	0.0	0.0	0.0	0.0	0.0	0.0	0.0	0.0	0.0	0.0	0.0	0.0	0.0	0.0	0.0	0.0	0.0	0.0	0.0	0.0	0.0	0.0	0.0	0.0	0.0	0.0	0.0	0.0	0.0015	0.0011261	7.722E-4	0.0	0.0	0.0	0.0	0.0	0.0	0.0	0.0	
Gobemouche nain	0.0	0.0	0.0	0.0	0.0	0.0	0.0	0.0	0.0	0.0	0.0	0.0	0.0	0.0	0.0	0.0	0.0	0.0	0.0	0.0	0.0	0.0	0.0	0.0	0.0	0.0	0.0	0.0	0.0	0.0	0.0	0.0	0.0	0.0	0.0	0.0	0.0015	9.372E-4	0.0	0.0015444	0.0012516	0.0	0.0	0.0	0.0	0.0	0.0	0.0	
Gobemouche noir	0.0	0.0	0.0	0.0	0.0	0.0	0.0	0.0	0.0	0.0	0.0	0.0	0.0022346	0.011879	0.0336094	0.0524749	0.0591637	0.0583788	0.0508221	0.0584874	0.0335224	0.0219675	0.0105263	0.0122363	0.0037274	0.0076965	0.0050569	0.0050389	0.003861	0.0057216	0.0029172	0.0049285	0.013986	0.0069652	0.003714	7.435E-4	0.0021858	0.0015	0.0	0.0	0.0	0.0	0.0	0.0	0.0015038	0.0027778	0.0	0.0	
Rougequeue à front blanc	0.0	0.0	0.0	0.0	0.0	0.0	0.0	0.0	0.0	0.0	0.0	0.0015	0.0083799	0.0410367	0.0599123	0.066617	0.0707295	0.0785384	0.0727454	0.0715966	0.0464157	0.0463228	0.0340852	0.0312236	0.0260916	0.0285871	0.0246523	0.0238204	0.02574	0.0190718	0.0151692	0.0211927	0.0131119	0.0039801	0.003714	0.0066914	0.0032787	0.0028116	0.0	7.722E-4	0.0015	0.0	0.0	0.0	0.0	0.0	0.0	0.0	
Rougequeue noir	0.0108696	0.0117371	0.0154472	0.010907	0.0108605	0.0088823	0.0091873	0.0074294	0.0102866	0.0101695	0.0084806	0.0088183	0.0022346	0.0010799	9.742E-4	0.002233	0.0015	0.00126	4.983E-4	6.723E-4	5.157E-4	0.0	5.013E-4	4.219E-4	0.0	0.0015	0.0	4.581E-4	6.435E-4	0.0	0.0015	9.857E-4	0.0	0.0	0.0	0.0	0.0	9.372E-4	0.0015	0.0046332	0.0062578	0.0097222	0.0023585	0.0042872	0.0105263	0.0055556	0.0015	0.0049645	
Hybride Rougequeue à front blanc x R. noir	0.0	0.0	0.0	0.0	0.0	0.0	0.0	0.0	0.0	0.0	0.0	0.0	0.0	0.0	0.0	0.0	0.0	4.2E-4	0.0	0.0	0.0	0.0	0.0	0.0	0.0	0.0	0.0	0.0	0.0	0.0	0.0	0.0	0.0	0.0	0.0	0.0	0.0	0.0	0.0	0.0	0.0	0.0	0.0	0.0	0.0	0.0	0.0	0.0	
rougequeue sp.	0.0	0.0	0.0	0.0	0.0	0.0	0.0	0.0	0.0	0.0	0.0	0.0	0.0	5.4E-4	0.0	0.0	0.0015	0.0	0.0	0.0	0.0	0.0	0.0	0.0	0.0	0.0	0.0	0.0	0.0	0.0	0.0	0.0	8.741E-4	0.0	0.0	0.0	0.0	0.0	0.0	0.0	0.0	0.0	0.0	0.0	0.0	0.0	0.0	0.0	
Tarier des prés	0.0	0.0	0.0	0.0	0.0	0.0	0.0	0.0	0.0	0.0	0.0	0.0	5.587E-4	0.0016199	0.0073064	0.0189803	0.0275801	0.0264595	0.0154459	0.0141176	0.0128932	0.0148042	0.0140351	0.0147679	0.0117146	0.0082463	0.0075853	0.010536	0.007722	0.0101716	0.0087515	0.0152785	0.0166084	0.0228856	0.0176416	0.0126394	0.0043716	0.0056232	0.0022523	0.0	0.0	0.0	0.0	0.0	0.0	0.0	0.0	0.0	
Tarier pâtre	0.1069794	0.1103286	0.1170732	0.0843858	0.0960735	0.0814212	0.0805654	0.1188707	0.1366642	0.1440678	0.1780919	0.1693122	0.1765363	0.1906048	0.2128592	0.2139933	0.2206406	0.2339353	0.227703	0.2144538	0.2016503	0.2091691	0.2080201	0.2029536	0.1932907	0.1841671	0.1965866	0.19377	0.1808237	0.1894469	0.1441074	0.1655988	0.1774476	0.1711443	0.187558	0.2237918	0.1836066	0.20806	0.1790541	0.1637066	0.1401752	0.1291667	0.1521226	0.1318328	0.1097744	0.0861111	0.0951684	0.1141844	
Traquet motteux	0.0	0.0	0.0	0.0	0.0	0.0	0.0	0.0014859	0.0036738	0.0118644	0.0438163	0.0674603	0.0949721	0.1355292	0.1763273	0.1726833	0.1459075	0.1146577	0.0852018	0.069916	0.0675606	0.0573066	0.0686717	0.050211	0.0596379	0.0709181	0.0600506	0.0673385	0.0643501	0.0762873	0.0688448	0.0872351	0.1354895	0.119403	0.1179201	0.0788104	0.052459	0.0234302	0.0146396	0.0054054	0.0012516	0.0013889	0.0	0.0015	0.0	0.0	0.0	0.0	
Traquet isabelle	0.0	0.0	0.0	0.0	0.0	0.0	0.0	0.0	0.0	0.0	0.0	0.0	0.0	0.0	0.0	0.0	0.0	0.0	0.0	0.0	0.0	0.0	0.0	0.0	0.0	0.0	0.0	0.0	0.0	0.0	0.0	0.0	0.0	0.0029851	0.0	0.0	0.0015	0.0	0.0	0.0	0.0015	0.0027778	0.004717	0.0015	0.0	0.0	0.0	0.0	
Traquet du désert	0.0	0.0031299	0.0	0.0011481	0.0	0.0	0.0	0.0	0.0	0.0	0.0	0.0	0.0	0.0	0.0	0.0	0.0	0.0	0.0	0.0	0.0	0.0	0.0	0.0	0.0	0.0	0.0	0.0	0.0	0.0	0.0	0.0	0.0	0.0	0.0	0.0	0.0	0.0	0.0	0.0	0.0	0.0	0.0	0.0	0.0	0.0	0.0	0.0	
Jaseur boréal	0.0057208	0.0062598	0.001626	0.0051665	0.0016708	0.0015	0.0028269	0.0015	7.348E-4	0.0042373	0.0015	0.0	5.587E-4	0.0	0.0	0.0015	0.0	0.0	0.0	0.0	0.0	0.0	0.0	0.0	0.0	0.0	0.0	0.0	0.0	0.0	0.0	0.0	0.0	0.0	0.0	0.0	0.0	0.0	0.0	0.0	0.0	0.0	0.0	0.0010718	0.0015038	0.0027778	0.0043924	0.0078014	
Accenteur mouchet	0.3832952	0.3740219	0.3642276	0.3679679	0.3834586	0.4100666	0.3837456	0.422734	0.4665687	0.4627119	0.469258	0.4378307	0.422905	0.4362851	0.4115928	0.3836993	0.3687722	0.3700126	0.3682113	0.3448739	0.3218154	0.3104107	0.2967419	0.2894515	0.2561235	0.2633315	0.2275601	0.2020156	0.1962677	0.2053401	0.1831972	0.19862	0.2132867	0.2308458	0.2349118	0.3092937	0.326776	0.3767573	0.3581081	0.3567568	0.3867334	0.375	0.3808962	0.4201501	0.4180451	0.4027778	0.374817	0.3794326	
Moineau domestique	0.3443936	0.3309859	0.3211382	0.3312285	0.3609023	0.3508512	0.3413428	0.333581	0.3651727	0.3533898	0.3597173	0.3346561	0.3547486	0.349892	0.3360935	0.3420171	0.3358541	0.3443931	0.3437967	0.3761345	0.3764827	0.3920726	0.3378446	0.3489451	0.3232162	0.3578889	0.3381795	0.3252405	0.3101673	0.273363	0.2537923	0.2104485	0.229021	0.240796	0.2107707	0.2252788	0.2601093	0.2933458	0.2961712	0.2741313	0.2953692	0.2972222	0.3266509	0.3001072	0.3007519	0.3194444	0.3074671	0.3219858	
Moineau friquet	0.0	0.0	0.0	0.0015	0.0	0.0	0.0	0.0	0.0	0.0	0.0015	8.818E-4	0.0	0.0	0.0	0.0015	8.897E-4	0.0015	0.0	0.0015	0.0	9.551E-4	0.0	0.0	0.0	0.0	0.0	0.0	0.0	0.0015	0.0	0.0	0.0	0.0	0.0	0.001487	0.0	0.0	0.0	0.0	0.0	0.0013889	0.0	0.0	0.0	0.0013889	0.0	0.0	
Passer sp.	0.0	0.0	0.0	0.0	0.0	0.0	0.0	0.0	0.0	0.0	0.0	0.0	0.0	0.0	0.0	0.0	0.0	0.0015	0.0	0.0	0.0	0.0	0.0	0.0	0.0	0.0	0.0	0.0	0.0	0.0	0.0	0.0	0.0	0.0	0.0	0.0	0.0	0.0	0.0	0.0	0.0	0.0	0.0	0.0	0.0	0.0	0.0	0.0	
Bergeronnette des ruisseaux	0.0869565	0.099374	0.0780488	0.0820896	0.06934	0.0740192	0.0734982	0.089896	0.0933137	0.0889831	0.0946996	0.0740741	0.0726257	0.0777538	0.0657574	0.0647562	0.0774021	0.0852583	0.0747384	0.0826891	0.0644662	0.0811843	0.0716792	0.0763713	0.0740149	0.0687191	0.0764855	0.0801649	0.0611326	0.0832804	0.071762	0.0970922	0.1197552	0.118408	0.1513463	0.13829	0.136612	0.1499531	0.1463964	0.1389961	0.1001252	0.1180556	0.1096698	0.1018221	0.1203008	0.1138889	0.102489	0.0744681	
Bergeronnette printanière	0.0	0.0	0.0	0.0	0.0	0.0	0.0	0.0	0.0	0.0	0.0	0.0	0.0022346	0.0037797	0.0063322	0.0133978	0.0062278	0.0113398	0.0014948	0.0033613	0.0036101	0.0019102	0.002005	0.0012658	0.0037274	0.0071468	0.0120101	0.0091617	0.0109395	0.0190718	0.0274212	0.0389354	0.0305944	0.0109453	0.0139276	0.0081784	0.0010929	0.0015	0.0011261	0.0	0.0	0.0	0.0	0.0	0.0	0.0	0.0	0.0	
Bergeronnette orientale	0.0	0.0	0.0	0.0	0.0	0.0	0.0	0.0	0.0	0.0	0.0	0.0	0.0	0.0	0.0	0.0	0.0	0.0	0.0	0.0	0.0	0.0	0.0	0.0	0.0	0.0	0.0	0.0	0.0	0.0	0.0	0.0	0.0	0.0	0.0	0.0015	0.0015	0.0	0.0	0.0	0.0	0.0	0.0	0.0	0.0	0.0	0.0	0.0	
Bergeronnette citrine	0.0	0.0	0.0	0.0	0.0	0.0	0.0	0.0	0.0	0.0	0.0	0.0	0.0	0.0	0.0	3.722E-4	0.0	4.2E-4	0.0	0.0	0.0	0.0	0.0	0.0	0.0	0.0	0.0	0.0015	0.0	0.0	0.004084	0.0024643	0.0	0.0	0.0	0.0	0.0	0.0	0.0	0.0	0.0	0.0	0.0	0.0	0.0	0.0	0.0	0.0	
Bergeronnette grise	0.2208238	0.1964006	0.2073171	0.184845	0.1595656	0.1754256	0.155477	0.1634473	0.2005878	0.2050847	0.2572438	0.2601411	0.2592179	0.2867171	0.280565	0.2627466	0.2375445	0.2545149	0.2351769	0.2531092	0.2506447	0.2382999	0.2516291	0.2350211	0.2470714	0.2567345	0.2680152	0.2478241	0.2323037	0.2307692	0.2152859	0.2301626	0.2631119	0.2656716	0.2692665	0.260223	0.2907104	0.316776	0.3141892	0.2756757	0.2953692	0.3291667	0.2853774	0.2636656	0.2360902	0.2194444	0.2093704	0.2156028	
bergeronette sp.	5.721E-4	0.0	0.0	0.0	0.0	0.0	7.067E-4	0.0	7.348E-4	0.0016949	0.0	8.818E-4	0.0022346	0.0010799	9.742E-4	3.722E-4	0.0013345	0.00168	0.0	6.723E-4	5.157E-4	0.0	0.0	8.439E-4	0.001065	5.498E-4	0.0012642	9.162E-4	0.0	6.357E-4	0.0	0.0	0.0034965	0.0	9.285E-4	0.0	0.0	0.0028116	0.0022523	7.722E-4	0.0	0.0	0.0	0.0	0.0015038	0.0013889	0.0	0.0	
Pipit de Richard	0.0	0.0	0.0	0.0	0.0	0.0	0.0	0.0	0.0	0.0	0.0	0.0	0.0	0.0	0.0	0.0	0.0	0.0	0.0	0.0	0.0	0.0	0.0	0.0	0.0	0.0	0.0	0.0	0.0	0.0	0.0	0.0	0.0	0.0	0.0	0.0	0.0015	0.0	0.0015	0.0	0.0	0.0015	0.0015	0.0015	0.0	0.0	0.0	0.0	
Pipit farlouse	0.1355835	0.1001565	0.1227642	0.1056257	0.1019215	0.0984456	0.1067138	0.1136701	0.1227039	0.1516949	0.2332155	0.2257496	0.2335196	0.2456803	0.2415977	0.2151098	0.225089	0.2150357	0.2122571	0.2047059	0.2197009	0.2191977	0.2190476	0.2059072	0.201278	0.1808686	0.1807838	0.1594137	0.1312741	0.1436745	0.130105	0.1340562	0.1931818	0.19801	0.270195	0.2869888	0.2721311	0.2727273	0.2556306	0.223166	0.2090113	0.2333333	0.2063679	0.1725616	0.1413534	0.1083333	0.1156662	0.1134752	
Pipit des arbres	0.0	0.0	0.0	0.0	0.0	0.0	0.0	0.0	0.0	0.0	0.0	4.409E-4	0.001676	0.012959	0.0311739	0.0279122	0.0351423	0.0394792	0.0338814	0.0312605	0.0278494	0.0272206	0.0235589	0.021519	0.0095847	0.0060473	0.0069532	0.0045809	0.0057915	0.0089002	0.0221704	0.0206999	0.0174825	0.0069652	0.0046425	0.0037175	0.0	0.0015	0.0011261	0.0	0.0	0.0	0.0	0.0	0.0	0.0	0.0	0.0	
Pipit à dos olive	0.0	0.0	0.0	0.0	0.0	0.0	0.0	0.0	0.0	0.0	0.0	0.0	0.0	0.0	0.0	0.0	0.0	0.0	0.0	0.0	0.0	0.0	0.0	0.0	0.0	0.0	0.0	0.0	0.0	0.0	0.0	0.0	0.0	0.0	0.0	0.0	0.0	0.0	0.0	0.0	0.0	0.0015	0.0	0.0	0.0	0.0	0.0	0.0	
Pipit spioncelle	0.0085812	0.0078247	0.004878	0.0034443	0.005848	0.003701	0.0070671	0.0015	0.0014695	0.0050847	0.0021201	0.0026455	5.587E-4	0.0010799	4.871E-4	0.0	0.0	0.0	0.0	0.0	0.0	0.0	0.0	0.0	0.0	0.0	0.0	0.0	0.0	0.0	0.0	0.0	0.0	0.0	0.0	0.0	0.0010929	9.372E-4	0.0011261	7.722E-4	0.0025031	0.0083333	0.004717	0.0064309	0.0015038	0.0013889	0.0087848	0.012766	
Pipit maritime	0.0726545	0.0657277	0.0747967	0.0677382	0.0609858	0.0658771	0.0826855	0.0653789	0.0742101	0.0610169	0.0706714	0.0634921	0.0703911	0.0777538	0.0828057	0.073316	0.0747331	0.0831583	0.081714	0.0806723	0.0912842	0.0902579	0.0817043	0.0738397	0.0889244	0.0929082	0.0745891	0.0765002	0.0842986	0.0979021	0.0810968	0.0882208	0.1241259	0.1283582	0.1104921	0.0944238	0.0863388	0.076851	0.0675676	0.0857143	0.0826033	0.0791667	0.0908019	0.0782422	0.0887218	0.0694444	0.0746706	0.0666667	
Pipit farlousane	0.0	0.0	0.0	0.0	0.0	0.0	0.0	0.0	0.0	0.0	0.0	0.0	0.0	0.0	0.0	0.0	0.0	0.0	0.0	0.0	0.0	0.0	0.0	0.0	0.0	0.0	0.0	0.0	0.0	0.0	0.0	0.0	0.0	0.0	0.0	0.0015	0.0	0.0028116	0.0	0.0	0.0	0.0	0.0	0.0	0.0	0.0	0.0	0.0	
Anthus sp.	0.0011442	7.825E-4	8.13E-4	0.0011481	8.354E-4	0.0	7.067E-4	0.0022288	7.348E-4	0.0	0.0014134	0.0013228	0.001676	0.0016199	0.0029226	0.0011165	0.0013345	4.2E-4	0.0	0.0013445	0.0036101	0.0	0.0	8.439E-4	0.001065	0.0016493	0.0	0.0013743	0.0	6.357E-4	0.0	0.0014786	0.0	0.0	0.0	0.001487	0.0	0.0037488	0.0011261	0.0030888	0.0037547	0.0041667	0.0023585	0.0053591	0.0030075	0.0013889	0.0043924	7.092E-4	
Pinson des arbres	0.3421053	0.3442879	0.3422764	0.3266361	0.3375104	0.3397483	0.3328622	0.3833581	0.3975018	0.3627119	0.3717314	0.3496473	0.3681564	0.3682505	0.3570385	0.3427614	0.3425267	0.3527929	0.344295	0.352605	0.3238783	0.3032474	0.2466165	0.2118143	0.1698616	0.159978	0.1472819	0.155749	0.1743887	0.1614749	0.1522754	0.1562346	0.1590909	0.1701493	0.1708449	0.2096654	0.2546448	0.3083411	0.3648649	0.3776062	0.3754693	0.3819444	0.3808962	0.4030011	0.3413534	0.3375	0.3030747	0.3567376	
Pinson du Nord	0.0034325	0.0046948	0.001626	0.0051665	8.354E-4	0.0022206	0.0056537	0.0163447	0.0095518	0.0127119	0.0084806	0.0048501	0.0027933	0.0026998	9.742E-4	0.0	0.0	0.0	4.983E-4	6.723E-4	0.0	0.0	0.0	0.0	0.0	0.0	0.0	0.0	0.0	0.0	0.0	0.0	0.0	0.0	0.0	0.0	0.0043716	0.0093721	0.0101351	0.0277992	0.0350438	0.0305556	0.0106132	0.0032154	0.0045113	0.0041667	0.0043924	0.0035461	
Grosbec casse-noyaux	0.0045767	0.0054773	0.002439	0.0028703	0.0025063	0.0051813	0.0070671	0.0096582	0.008817	0.0076271	0.0077739	0.0035273	5.587E-4	5.4E-4	9.742E-4	0.0	0.0	0.0015	4.983E-4	0.0	0.0	0.0	0.0015	4.219E-4	0.0	0.0	0.0	4.581E-4	0.0	0.0	0.0015	0.0	0.0015	0.0	0.0015	0.0	0.0	0.0015	0.0	0.003861	0.008761	0.0138889	0.004717	0.0042872	0.0075188	0.0013889	0.0058565	0.0085106	
Roselin cramoisi	0.0	0.0	0.0	0.0	0.0	0.0	0.0	0.0	0.0	0.0	0.0	0.0	0.0	0.0	0.0	0.0	0.0	0.0	0.0	0.0015	0.0010315	0.0	0.0	0.0	0.0	0.0	0.0	0.0	0.0	0.0	0.0	0.0	0.0	0.00199	0.0027855	0.0015	0.0010929	0.0	0.0	0.0	0.0	0.0	0.0	0.0	0.0	0.0	0.0	0.0	
Bouvreuil pivoine	0.1424485	0.1486698	0.1430894	0.1073479	0.1060986	0.0984456	0.0819788	0.1002972	0.1219691	0.090678	0.0784452	0.0674603	0.072067	0.0691145	0.0642962	0.0625233	0.0742883	0.0802184	0.0827105	0.08	0.0876741	0.0807068	0.0671679	0.0734177	0.0692226	0.0780649	0.0752212	0.0728355	0.0765766	0.0705658	0.0624271	0.0620996	0.0594406	0.0477612	0.0519963	0.0594796	0.063388	0.0965323	0.1013514	0.1220077	0.1289111	0.1041667	0.1179245	0.13612	0.118797	0.1027778	0.0805271	0.1546099	
Verdier d'Europe	0.1052632	0.1040689	0.0943089	0.1136625	0.128655	0.1317543	0.1519435	0.1589896	0.1645849	0.1635593	0.1795053	0.1684303	0.1743017	0.1733261	0.1524598	0.1455154	0.1263345	0.1230575	0.1270553	0.1193277	0.1315111	0.1212989	0.120802	0.1274262	0.1389776	0.1209456	0.136536	0.1012368	0.0842986	0.0928163	0.0612602	0.077378	0.0734266	0.0726368	0.0380687	0.0639405	0.0928962	0.1049672	0.1081081	0.0942085	0.1214018	0.1375	0.1132075	0.1146838	0.0917293	0.0888889	0.0893119	0.1042553	
Linotte à bec jaune	5.721E-4	7.825E-4	8.13E-4	5.741E-4	0.0016708	7.402E-4	0.0014134	0.0	0.0022043	0.0016949	0.0035336	0.0035273	0.001676	0.0	4.871E-4	0.0	0.0015	0.0015	9.965E-4	0.0	0.0	0.0	0.0	0.0	0.0	0.0	0.0	0.0015	0.0	0.0	0.0	0.0015	0.0	0.0	0.0	0.0	0.0	0.0	0.0011261	0.0030888	0.0012516	0.0013889	0.0011792	0.0021436	0.0	0.0	0.0	0.0035461	
Linotte mélodieuse	0.0389016	0.041471	0.0479675	0.0396096	0.0417711	0.0436714	0.0332155	0.0401189	0.0337987	0.0389831	0.0855124	0.0983245	0.1597765	0.200324	0.259133	0.2117603	0.2077402	0.202436	0.1933234	0.2057143	0.2166065	0.2211079	0.2080201	0.2004219	0.2215122	0.2264981	0.2281922	0.2281264	0.2181467	0.2142403	0.1633606	0.1858058	0.1984266	0.1741294	0.1829155	0.198513	0.1726776	0.1668229	0.1351351	0.0996139	0.0876095	0.0888889	0.0778302	0.0535906	0.0406015	0.0486111	0.033675	0.0404255	
Linotte à bec jaune ou L. mélodieuse	0.0	7.825E-4	8.13E-4	0.0	0.0	7.402E-4	0.0	0.0	0.0	8.475E-4	0.0	0.0	0.0	0.0	0.0	3.722E-4	0.0015	8.4E-4	0.0	3.361E-4	0.0	0.0	5.013E-4	0.0	0.0	0.0	0.0012642	0.0	0.0	0.0012715	0.0	0.0	8.741E-4	0.0	0.001857	0.0	0.0	9.372E-4	0.0	0.0	0.0	0.0	0.0	0.0	0.0	0.0	0.0	7.092E-4	
Sizerin flammé	0.0125858	0.0172144	0.0162602	0.0097589	0.0083542	0.0103627	0.0127208	0.0096582	0.0073475	0.0127119	0.0190813	0.0171958	0.0128492	0.0199784	0.0267901	0.0219576	0.024911	0.0298194	0.021425	0.0171429	0.0108303	0.0181471	0.0155388	0.0177215	0.0149095	0.0164926	0.0221239	0.0169492	0.014157	0.0063573	0.0029172	0.00345	0.0043706	0.0029851	0.005571	0.0126394	0.0153005	0.0215558	0.0225225	0.0293436	0.0325407	0.0333333	0.0176887	0.0160772	0.0120301	0.0236111	0.0161054	0.0120567	
Bec-croisé des sapins	0.0120137	0.014867	0.0113821	0.010907	0.0066834	0.0111029	0.0063604	0.0282318	0.0161646	0.0084746	0.0106007	0.0145503	0.0083799	0.0107991	0.0063322	0.0085597	0.008452	0.0092398	0.0099651	0.0104202	0.0041258	0.0081184	0.0105263	0.0105485	0.0122471	0.008796	0.005689	0.0073294	0.009009	0.0057216	0.0052509	0.0049285	0.0017483	0.0015	0.001857	0.005948	0.0142077	0.0159325	0.0101351	0.0146718	0.0112641	0.0208333	0.0106132	0.0085745	0.0105263	0.0138889	0.0058565	0.0163121	
Chardonneret élégant	0.2757437	0.2777778	0.2577236	0.2640643	0.3007519	0.2790526	0.2826855	0.320951	0.3247612	0.3372881	0.360424	0.3708113	0.3905028	0.4352052	0.4237701	0.4183104	0.3758897	0.401932	0.3801694	0.3885714	0.3806086	0.3801337	0.3874687	0.3810127	0.3791267	0.4051677	0.4209861	0.3934952	0.3500644	0.3343929	0.323804	0.3282405	0.3216783	0.3104478	0.2785515	0.3420074	0.3540984	0.3767573	0.3468468	0.3359073	0.350438	0.35	0.3242925	0.3215434	0.2917293	0.3	0.2620791	0.2680851	
Serin cini	0.0	0.0	0.0	0.0	0.0	0.0	0.0	0.0	0.0	0.0	0.0	0.0	0.0	0.0	0.0	0.0	0.0	0.0	0.0015	0.0	0.0	0.0	0.0	0.0	0.0	0.0	0.0	0.0	0.0	0.0	0.0	0.0	0.0	0.0	0.0	0.0	0.0	0.0	0.0	0.0	0.0	0.0	0.0	0.0	0.0	0.0	0.0	0.0	
Tarin des aulnes	0.0732265	0.0743349	0.0634146	0.0820896	0.0902256	0.0858623	0.0954064	0.127786	0.1285819	0.109322	0.1279152	0.1243386	0.127933	0.1171706	0.1071603	0.1030889	0.1005338	0.1049979	0.0857	0.0978151	0.0804538	0.0807068	0.0897243	0.0886076	0.0745474	0.0797141	0.0695322	0.0595511	0.0527671	0.0495868	0.0332555	0.0290784	0.048951	0.0348259	0.0454968	0.0453532	0.0786885	0.1012184	0.0900901	0.1158301	0.0988736	0.0805556	0.0695755	0.073955	0.0616541	0.0555556	0.0717423	0.0638298	
fringillidé sp.	5.721E-4	7.825E-4	8.13E-4	0.0	0.0	0.0	0.0	0.0	7.348E-4	0.0	0.0	4.409E-4	0.0	0.0	4.871E-4	3.722E-4	0.0	4.2E-4	0.0	0.0	0.0	4.776E-4	0.0010025	4.219E-4	0.0	0.0	0.0015	0.0	0.0	0.0	5.834E-4	4.929E-4	8.741E-4	0.00199	0.0	0.001487	0.0021858	0.0018744	0.0	0.0	0.0012516	0.0013889	0.004717	0.0	0.0015	0.0	0.0014641	7.092E-4	
Bruant lapon	0.0	0.0	0.0	0.0	0.0	0.0	0.0	0.0	0.0	0.0	7.067E-4	0.005291	0.0	0.0	9.742E-4	0.0014886	0.0	0.0	0.0	0.0	0.0	0.0	0.0	0.0	0.0	0.0	0.0	0.0	0.0	0.0	0.0	0.0	0.0	0.0	9.285E-4	7.435E-4	0.0015	9.372E-4	0.0056306	0.0061776	0.0012516	0.0013889	0.0011792	0.0015	0.0	0.0	0.0	0.0	
Bruant des neiges	0.0051487	0.0031299	0.004878	0.0034443	0.0025063	0.0014804	0.0014134	0.0015	7.348E-4	8.475E-4	7.067E-4	0.0030864	5.587E-4	0.0	0.0	0.0	0.0	0.0	0.0	0.0	0.0	0.0015	0.0	0.0	0.0	0.0	0.0	0.0	0.0	0.0	0.0	0.0	0.0	0.0	0.0	0.0	0.0	0.0018744	0.0011261	0.0046332	0.008761	0.0069444	0.0106132	0.0032154	0.0045113	0.0041667	0.0029283	0.0021277	
Bruant mélanocéphale	0.0	0.0	0.0	0.0	0.0	0.0	0.0	0.0	0.0	0.0	0.0	0.0	0.0	0.0	0.0	0.0	0.0	0.0	0.0	0.0015	0.0	0.0	0.0	0.0	0.0	0.0	0.0	0.0	0.0	0.0	0.0	0.0	0.0	0.0	0.0	0.0	0.0	0.0	0.0	0.0	0.0	0.0	0.0	0.0	0.0	0.0	0.0	0.0	
Bruant proyer	0.0	0.0	0.0	0.0	0.0	0.0	0.0	0.0	0.0	0.0	0.0	0.0	0.0	0.0	0.0	0.0	0.0	0.0	0.0	0.0	0.0	0.0	5.013E-4	0.0	0.0	0.0	6.321E-4	0.0015	0.0	0.0	0.0	0.0	0.0	0.0	0.0	0.0	0.0	0.0	0.0	0.0	0.0	0.0	0.0	0.0	0.0	0.0	0.0	0.0	
Bruant zizi	0.0	0.0015649	0.001626	0.0015	0.0	7.402E-4	0.0	0.0	0.0	0.0	0.0	0.0	0.0	0.0	0.0	0.0	0.0	0.0	0.0	0.0	0.0	0.0	0.0	0.0	0.0	0.0	0.0	0.0	0.0	0.0	0.0	0.0	0.0	0.0	0.0	0.0	0.0	0.0	0.0	0.0	0.0	0.0	0.0	0.0	0.0	0.0	0.0	0.0	
Bruant jaune	0.0034325	0.0031299	0.0056911	0.0034443	0.0025063	0.0059215	0.0021201	0.0029718	0.002939	0.0025424	0.0077739	0.0035273	0.003352	0.0086393	0.0073064	0.0052103	0.0053381	0.0088198	0.0049826	0.0070588	0.005673	0.0071633	0.0075188	0.0088608	0.0063898	0.004398	0.0050569	0.0064132	0.003861	0.0044501	0.0011669	0.0029571	0.0026224	0.00199	0.001857	0.0	0.0021858	0.0028116	0.0022523	0.0015444	0.0012516	0.0027778	0.0035377	0.0042872	0.0	0.0013889	0.0014641	0.0028369	
Bruant ortolan	0.0	0.0	0.0	0.0	0.0	0.0	0.0	0.0	0.0	0.0	0.0	0.0	0.0	0.0	0.0	0.0	0.0	0.0	0.0015	0.0	0.0	0.0	0.0	0.0	0.0	0.0	0.0	0.0	0.0	0.0	0.0	4.929E-4	0.0	0.0	0.001857	0.0	0.0	0.0	0.0	0.0	0.0	0.0	0.0	0.0	0.0	0.0	0.0	0.0	
Bruant des roseaux	0.0726545	0.0680751	0.0934959	0.0637199	0.0676692	0.0651369	0.0466431	0.077266	0.0683321	0.070339	0.0876325	0.0674603	0.0653631	0.0712743	0.0735509	0.098623	0.0854093	0.0877782	0.0876931	0.0763025	0.0892212	0.0807068	0.081203	0.071308	0.0697551	0.0610225	0.0505689	0.0426019	0.0418275	0.0483153	0.0367561	0.0349926	0.0437063	0.0477612	0.0482823	0.0669145	0.0721311	0.0749766	0.0698198	0.0741313	0.0650814	0.0736111	0.0625	0.0921758	0.075188	0.0708333	0.0600293	0.0659574	
Bruant nain	0.0	0.0	0.0	0.0	0.0	0.0	0.0	0.0	0.0	0.0	0.0	0.0	0.0	0.0	0.0	0.0	0.0	0.0	0.0	0.0	0.0	0.0	0.0	0.0	0.0	0.0	0.0	0.0	0.0	0.0	0.0	0.0	0.0	0.0	0.0	7.435E-4	0.0	0.0	0.0015	0.0	0.0	0.0	0.0	0.0	0.0	0.0	0.0	0.0	
Junco ardoisé	0.0	0.0	0.0	0.0	0.0	0.0	0.0	0.0	0.0	0.0	0.0	0.0	0.0	0.0	0.0	0.0	0.0	0.0	0.0	0.0015	0.0	0.0	0.0	0.0	0.0	0.0	0.0	0.0	0.0	0.0	0.0	0.0	0.0	0.0	0.0	0.0	0.0	0.0	0.0	0.0	0.0	0.0	0.0	0.0	0.0	0.0	0.0	0.0	
Bruant à gorge blanche	0.0	0.0	0.0	0.0	0.0	0.0	0.0	0.0	0.0	0.0	0.0	0.0	0.0	0.0	0.0	0.0	0.0	0.0	0.0	0.0	0.0015	0.0	0.0	0.0	0.0	0.0	0.0	0.0	0.0	0.0	0.0	0.0	0.0	0.0	0.0	0.0	0.0	0.0	0.0	0.0	0.0	0.0	0.0	0.0	0.0	0.0	0.0	0.0	
Bruant chanteur	0.0	0.0	0.0	0.0	0.0	0.0	0.0	0.0	0.0	0.0	0.0	0.0	0.0	0.0	0.0	0.0	0.0	4.2E-4	0.0	0.0	0.0	0.0	0.0	0.0	0.0	0.0	0.0	0.0	0.0	0.0	0.0	0.0	0.0	0.0	0.0	0.0	0.0	0.0	0.0	0.0	0.0	0.0	0.0	0.0	0.0	0.0	0.0	0.0	
Goglu des prés	0.0	0.0	0.0	0.0	0.0	0.0	0.0	0.0	0.0	0.0	0.0	0.0	0.0	0.0	0.0	0.0	0.0	0.0	0.0	0.0	0.0	0.0	0.0	0.0	0.0	0.0	0.0	0.0	0.0	0.0	0.0	0.0	0.0	0.0	0.0015	0.0	0.0	0.0	0.0	0.0	0.0	0.0	0.0	0.0	0.0	0.0	0.0	0.0	
Quiscale à longue queue	0.0	0.0	0.0	0.0	0.0	0.0	0.0	0.0	0.0	0.0	0.0	0.0	0.0	0.0	0.0	0.0	0.0	0.0	0.0	0.0	0.0	0.0	0.0	0.0	0.0	0.0	0.0	0.0	0.0	0.0	0.0	0.0	0.0	0.0	0.0	0.0	0.0	0.0	0.0	0.007722	0.0	0.0	0.0	0.0	0.0	0.0	0.0	0.0	
Paruline obscure	0.0	0.0	0.0	0.0	0.0	0.0	0.0	0.0	0.0	0.0	0.0	0.0	0.0	0.0	0.0	0.0	0.0	0.0	0.0	0.0	0.0	0.0	0.0	0.0	0.0	0.0	0.0	0.0	0.0	0.0	0.0	0.0	0.0	0.0	0.0	0.0	0.0	0.0015	0.0	0.0	0.0	0.0	0.0	0.0	0.0	0.0	0.0	0.0	
Paruline à tête cendrée	0.0	0.0	0.0	0.0	0.0	0.0	0.0	0.0	0.0	0.0	0.0	0.0	0.0	0.0	0.0	0.0	0.0	0.0	0.0	0.0	0.0	0.0	0.0	0.0	0.0	0.0	0.0	0.0	0.0	0.0	0.0	0.0	0.0	0.0	0.0185701	0.064684	0.0	0.0	0.0	0.0	0.0	0.0	0.0	0.0	0.0	0.0	0.0	0.0	
Paruline à poitrine baie	0.0	0.0	0.0	0.0	0.0	0.0	0.0	0.0	0.0	0.0	0.0	0.0	0.0	0.0	0.0	0.0	0.0	0.0	0.0	0.0	0.0	0.0	0.0	0.0	0.0	0.0	0.0	0.0	0.0	0.0	0.0	0.0	0.0	0.0	0.0015	0.0096654	0.0	0.0	0.0	0.0	0.0	0.0	0.0	0.0	0.0	0.0	0.0	0.0	
Paruline à croupion jaune	0.0	0.0	0.0	0.0	0.0	0.0	0.0	0.0	0.0	0.0	0.0	0.0	0.0	0.0	0.0	0.0	0.0	0.0	0.0	0.0015	0.0	0.0	0.0	0.0	0.0015	0.0	0.0	0.0	0.0	0.0	0.0	0.0	0.0	0.0	0.0	0.0	0.0	0.0	0.0	0.0	0.0	0.0	0.0	0.0	0.0	0.0	0.0	0.0	
Paruline du Canada	0.0	0.0	0.0	0.0	0.0	0.0	0.0	0.0	0.0	0.0	0.0	0.0	0.0	0.0	0.0	0.0	0.0	0.0	0.0	0.0	0.0	0.0	0.0	0.0	0.0	0.0	0.0	0.0	0.0	0.0	0.0	0.0	0.0	0.0	0.0	0.0260223	0.0	0.0	0.0	0.0	0.0	0.0	0.0	0.0	0.0	0.0	0.0	0.0	
passereau sp.	5.721E-4	0.0	8.13E-4	0.0	0.0	0.0	0.0	0.0	7.348E-4	0.0	0.0	0.0017637	0.001676	0.0010799	0.0019484	0.0	4.448E-4	4.2E-4	0.0	3.361E-4	0.0010315	4.776E-4	0.0045113	0.0012658	0.001065	0.0	0.0025284	4.581E-4	6.435E-4	0.0012715	0.0029172	0.0014786	0.0	0.0	0.001857	0.0037175	0.0021858	0.0037488	0.0011261	0.0	0.0	0.0041667	0.0023585	0.0	0.0015038	0.0013889	0.0	0.0	
oiseau sp.	0.0	0.0	8.13E-4	0.0	0.0	0.0	0.0	0.0	0.0	0.0	0.0	0.0015	0.0	0.0	0.0	0.0	0.0	0.0	0.0	0.0	0.0	0.0	0.0	0.0	0.0	0.0	0.0	0.0	0.0	6.357E-4	0.0	4.929E-4	0.0	0.0	0.0	0.0	0.0	0.0	0.0	0.0	0.0	0.0	0.0	0.0	0.0	0.0	0.0	0.0	

