









Frequency of observations in the selected location(s).:
Number of taxa: 	378

	Jan				Feb				Mar				Apr				May				Jun				Jul				Aug				Sep				Oct				Nov				Dec				
Sample Size:	294.0	319.0	226.0	322.0	248.0	268.0	393.0	385.0	313.0	317.0	335.0	504.0	503.0	528.0	543.0	736.0	661.0	701.0	641.0	753.0	474.0	646.0	382.0	485.0	382.0	471.0	486.0	511.0	354.0	308.0	318.0	406.0	307.0	275.0	302.0	399.0	276.0	281.0	204.0	337.0	234.0	221.0	193.0	308.0	218.0	242.0	216.0	397.0	

Oie à tête barrée	0.0	0.0	0.0	0.0	0.0040323	0.0	0.0	0.0	0.0015	0.0	0.0015	0.0	0.0	0.0	0.0	0.0	0.0015129	0.0014265	0.0015601	0.0	0.0	0.0	0.0	0.0	0.0	0.0021231	0.0	0.0	0.0	0.0	0.0031447	0.0015	0.0	0.0015	0.0	0.0015	0.0036232	0.0035587	0.0098039	0.0029674	0.0	0.0045249	0.0	0.0032468	0.0	0.0	0.0	0.0	
Oie des neiges	0.0	0.0	0.0	0.0	0.0	0.0	0.0	0.0	0.0	0.0	0.0	0.0	0.0	0.0	0.0	0.0	0.0	0.0014265	0.0	0.0	0.0	0.0	0.0	0.0	0.0	0.0	0.0	0.0	0.0	0.0	0.0	0.0	0.0	0.0	0.0	0.0	0.0	0.0	0.0	0.0	0.0	0.0	0.0	0.0	0.0	0.0	0.0	0.0	
Oie cendrée	0.0102041	0.0344828	0.0044248	0.0186335	0.016129	0.0335821	0.0152672	0.0103896	0.0063898	0.0063091	0.0119403	0.015873	0.0198807	0.0284091	0.0220994	0.017663	0.0196672	0.021398	0.0218409	0.0146082	0.0147679	0.0077399	0.0078534	0.0082474	0.0052356	0.0212314	0.0041152	0.0078278	0.0015	0.0162338	0.0031447	0.0098522	0.0130293	0.0036364	0.0033113	0.0025063	0.0108696	0.0106762	0.0098039	0.0267062	0.042735	0.0180995	0.0207254	0.0097403	0.0045872	0.0015	0.0092593	0.0201511	
Oie cygnoïde	0.0	0.0	0.0	0.0	0.0	0.0015	0.0025445	0.0025974	0.0	0.0	0.0029851	0.0019841	0.0	0.0	0.0	0.0027174	0.0045386	0.0014265	0.0	0.0	0.0	0.0	0.0026178	0.0	0.0	0.0042463	0.0	0.0019569	0.0	0.0032468	0.0	0.0	0.0	0.0	0.0033113	0.0	0.0	0.0106762	0.004902	0.0059347	0.0	0.0015	0.0015	0.0	0.0015	0.0015	0.0	0.0015	
Oie rieuse	0.0	0.0031348	0.0	0.0	0.0	0.0	0.0	0.0	0.0	0.0	0.0	0.0	0.0	0.0	0.0	0.0	0.0	0.0	0.0	0.0	0.0	0.0	0.0	0.0	0.0	0.0	0.0	0.0	0.0	0.0	0.0	0.0	0.0	0.0	0.0	0.0	0.0	0.0	0.0	0.0	0.0	0.0	0.0	0.0	0.0	0.0	0.0	0.0	
Oie de taïga	0.0	0.0	0.0	0.0	0.0	0.0	0.0	0.0	0.0	0.0	0.0	0.0	0.0	0.0	0.0	0.0	0.0	0.0	0.0	0.0	0.0	0.0	0.0	0.0	0.0	0.0	0.0	0.0	0.0	0.0	0.0	0.0	0.0	0.0	0.0	0.0	0.0015	0.0	0.0	0.0	0.0	0.0	0.0	0.0	0.0	0.0	0.0	0.0	
Oie de toundra	0.0	0.0	0.0	0.0	0.0	0.0	0.0	0.0	0.0	0.0	0.0	0.0	0.0	0.0	0.0	0.0	0.0	0.0	0.0	0.0	0.0	0.0	0.0	0.0	0.0	0.0	0.0	0.0	0.0	0.0	0.0	0.0	0.0	0.0	0.0	0.0	0.0	0.0	0.0	0.0	0.0	0.0	0.0	0.0	0.0	0.0	0.0	0.0015	
Anser sp. (forme domestique)	0.0	0.0	0.0	0.0	0.0	0.0	0.0	0.0	0.0	0.0	0.0	0.0	0.0	0.0	0.0	0.0	0.0	0.0	0.0	0.0	0.0	0.0	0.0	0.0	0.0	0.0	0.0020576	0.0	0.0	0.0	0.0	0.0	0.0032573	0.0	0.0	0.0	0.0	0.0	0.0	0.0	0.0	0.0	0.0	0.0	0.0	0.0	0.0	0.0	
Bernache cravant	0.0	0.0	0.0	0.0	0.0	0.0	0.0	0.0	0.0015	0.0	0.0015	0.0015	0.0	0.0	0.0	0.0015	0.0015129	0.0	0.0	0.0	0.0	0.0	0.0	0.0	0.0	0.0	0.0	0.0	0.0	0.0	0.0	0.0	0.0	0.0	0.0	0.0	0.0	0.0	0.0	0.0	0.0	0.0015	0.0	0.0	0.0	0.0	0.0	0.0	
Bernache nonnette	0.0015	0.0	0.0015	0.0	0.0	0.0	0.0025445	0.0015	0.0015	0.0	0.0	0.0015	0.0	0.0	0.0	0.0	0.0	0.0	0.0	0.0	0.0	0.0	0.0	0.0	0.0	0.0	0.0	0.0	0.0	0.0	0.0	0.0	0.0	0.0	0.0	0.0	0.0	0.0	0.0	0.0	0.0	0.0	0.0	0.0032468	0.0	0.0	0.0	0.0	
Bernache du Canada	0.0204082	0.0282132	0.0265487	0.0217391	0.0403226	0.0597015	0.0330789	0.0415584	0.0255591	0.044164	0.0298507	0.0515873	0.0596421	0.0549242	0.0552486	0.044837	0.0423601	0.0527817	0.0577223	0.0478088	0.0400844	0.0340557	0.052356	0.0412371	0.0235602	0.0530786	0.0246914	0.0391389	0.0282486	0.038961	0.0283019	0.0270936	0.0325733	0.04	0.0165563	0.0250627	0.0217391	0.0391459	0.0392157	0.041543	0.034188	0.0452489	0.0362694	0.038961	0.0321101	0.0330579	0.0277778	0.0629723	
Hybride Oie cendrée x Bernache du Canada	0.0	0.0	0.0	0.0031056	0.0	0.0	0.0	0.0	0.0	0.0	0.0	0.0	0.0	0.0	0.0	0.0	0.0	0.0	0.0	0.0	0.0021097	0.0	0.0	0.0	0.0	0.0	0.0	0.0	0.0	0.0015	0.0	0.0024631	0.0	0.0	0.0	0.0025063	0.0	0.0	0.0	0.0	0.0	0.0	0.0	0.0	0.0	0.0	0.0046296	0.0	
Bernache néné	0.0	0.0	0.0	0.0	0.0	0.0015	0.0	0.0	0.0	0.0	0.0	0.0015	0.0	0.0	0.0	0.0	0.0	0.0	0.0	0.0	0.0	0.0	0.0	0.0	0.0	0.0	0.0	0.0	0.0	0.0	0.0	0.0	0.0	0.0	0.0	0.0	0.0	0.0	0.0	0.0	0.0	0.0	0.0	0.0015	0.0	0.0	0.0	0.0	
Cygne tuberculé	0.1802721	0.1912226	0.1814159	0.2236025	0.2298387	0.2425373	0.2086514	0.2207792	0.1629393	0.1324921	0.1552239	0.1329365	0.1351889	0.2083333	0.2062615	0.1902174	0.2072617	0.1840228	0.1981279	0.2124834	0.2130802	0.1780186	0.1570681	0.142268	0.1465969	0.1889597	0.1111111	0.1761252	0.1977401	0.1980519	0.1477987	0.1847291	0.2019544	0.2472727	0.1953642	0.2055138	0.1775362	0.1921708	0.1764706	0.2047478	0.1837607	0.1900452	0.1658031	0.1883117	0.233945	0.2272727	0.287037	0.1788413	
Cygne noir	0.0	0.0062696	0.0	0.0	0.016129	0.0037313	0.0050891	0.0	0.0031949	0.0031546	0.0029851	0.0	0.0	0.0	0.0	0.0	0.0015129	0.0	0.0	0.0	0.0	0.001548	0.0	0.0	0.0015	0.0021231	0.0015	0.0	0.0028249	0.012987	0.0	0.0098522	0.0	0.0036364	0.0033113	0.0050125	0.0036232	0.0035587	0.0015	0.0015	0.0	0.0045249	0.0	0.0	0.0	0.0	0.0	0.0025189	
Cygne de Bewick	0.0	0.0	0.0	0.0	0.0	0.0037313	0.0	0.0	0.0	0.0	0.0	0.0	0.0	0.0	0.0	0.0	0.0	0.0	0.0	0.0	0.0	0.0	0.0	0.0	0.0	0.0	0.0	0.0	0.0	0.0	0.0	0.0	0.0	0.0	0.0	0.0	0.0	0.0	0.0	0.0	0.0	0.0	0.0	0.0	0.0	0.0041322	0.0	0.0	
Cygne chanteur	0.0	0.0	0.0	0.0015	0.0	0.0	0.0	0.0	0.0	0.0	0.0	0.0019841	0.0	0.0	0.0	0.0	0.0	0.0	0.0	0.0	0.0	0.0	0.0	0.0	0.0	0.0	0.0	0.0015	0.0	0.0	0.0	0.0	0.0032573	0.0015	0.0	0.0	0.0	0.0	0.0	0.0	0.0	0.0	0.0	0.0	0.0	0.0	0.0	0.0	
cygne sp.	0.0	0.0	0.0	0.0	0.0	0.0	0.0	0.0	0.0	0.0	0.0	0.0	0.0	0.0	0.0	0.0	0.0	0.0	0.0	0.0	0.0021097	0.0	0.0	0.0	0.0	0.0	0.0	0.0	0.0	0.0	0.0	0.0	0.0	0.0	0.0	0.0	0.0	0.0	0.0	0.0	0.0	0.0	0.0	0.0	0.0	0.0	0.0	0.0	
anatidé sp. (oie sp.)	0.0	0.0	0.0	0.0	0.0	0.0	0.0	0.0	0.0	0.0	0.0	0.0	0.0	0.0	0.0	0.0	0.0	0.0	0.0	0.0	0.0	0.0	0.0	0.0	0.0	0.0	0.0	0.0	0.0	0.0	0.0	0.0	0.0	0.0	0.0	0.0	0.0	0.0	0.004902	0.0	0.0	0.0	0.0	0.0	0.0	0.0	0.0	0.0	
Ouette d'Égypte	0.0102041	0.0094044	0.0044248	0.0031056	0.0040323	0.0015	0.0015	0.0015	0.0031949	0.0015	0.0059701	0.0015	0.0	0.0	0.0036832	0.0027174	0.0015129	0.0028531	0.0046802	0.002656	0.0042194	0.003096	0.0026178	0.0015	0.0026178	0.0042463	0.0015	0.0015	0.0015	0.0064935	0.0015	0.0015	0.0015	0.0015	0.0015	0.0050125	0.0015	0.0035587	0.0015	0.0015	0.0015	0.0	0.0015	0.0015	0.0015	0.0082645	0.0015	0.0025189	
Tadorne casarca	0.0	0.0	0.0	0.0	0.0	0.0037313	0.0	0.0025974	0.0015	0.0	0.0029851	0.0	0.0	0.0	0.0015	0.0	0.0015	0.0015	0.0015601	0.0	0.0015	0.0	0.0015	0.0	0.0	0.0	0.0	0.0058708	0.0056497	0.0032468	0.0031447	0.0015	0.0	0.0015	0.0	0.0025063	0.0	0.0	0.0	0.0	0.0015	0.0	0.0	0.0015	0.0	0.0	0.0	0.0	
Tadorne de Belon	0.0170068	0.0125392	0.0088496	0.0186335	0.0080645	0.0015	0.0229008	0.012987	0.0031949	0.0157729	0.0015	0.0059524	0.0198807	0.0265152	0.0110497	0.017663	0.0090772	0.0285307	0.0140406	0.0066401	0.0	0.001548	0.0	0.0015	0.0052356	0.0021231	0.0020576	0.0019569	0.0028249	0.0	0.009434	0.0024631	0.009772	0.0	0.0033113	0.0025063	0.0036232	0.0015	0.004902	0.0148368	0.0213675	0.0045249	0.0015	0.012987	0.0183486	0.0247934	0.0138889	0.0025189	
Canard musqué	0.0	0.0031348	0.0	0.0	0.0	0.0	0.0	0.0025974	0.0	0.0	0.0	0.0015	0.0015	0.0018939	0.0	0.0015	0.0	0.0	0.0	0.0015	0.0	0.001548	0.0	0.0	0.0	0.0	0.0061728	0.0	0.0	0.0	0.0	0.0	0.0	0.0	0.0	0.0025063	0.0	0.0	0.0	0.0	0.008547	0.0	0.0	0.0	0.0	0.0	0.0	0.0	
Canard à collier noir	0.0	0.0	0.0	0.0	0.0	0.0	0.0	0.0	0.0	0.0031546	0.0	0.0	0.0	0.0015	0.0	0.0	0.0	0.0	0.0	0.0	0.0	0.0	0.0	0.0	0.0	0.0	0.0	0.0	0.0	0.0	0.0	0.0	0.0	0.0	0.0	0.0	0.0	0.0	0.0	0.0059347	0.0042735	0.0015	0.0	0.0	0.0	0.0	0.0	0.0	
Canard carolin	0.0	0.0	0.0015	0.0	0.0	0.0	0.0	0.0	0.0	0.0	0.0	0.0	0.0	0.0	0.0	0.0	0.0015	0.0	0.0	0.0	0.0021097	0.0	0.0	0.0015	0.0	0.0	0.0	0.0	0.0	0.0	0.0	0.0	0.0	0.0	0.0	0.0	0.0	0.0	0.0015	0.0	0.0	0.0	0.0	0.0	0.0	0.0	0.0	0.0	
Canard mandarin	0.0034014	0.0031348	0.0044248	0.0	0.0	0.0015	0.0	0.0	0.0015	0.0	0.0015	0.0	0.0019881	0.0018939	0.0	0.0	0.0015	0.0	0.0	0.0	0.0	0.0	0.0	0.0015	0.0	0.0	0.0	0.0	0.0015	0.0032468	0.0015	0.0024631	0.0	0.0	0.0033113	0.0025063	0.0	0.0	0.0015	0.0015	0.0015	0.0015	0.0	0.0032468	0.0015	0.0082645	0.0015	0.0025189	
Sarcelle d'été	0.0	0.0	0.0	0.0	0.0	0.0	0.0	0.0025974	0.0095847	0.0063091	0.0328358	0.0257937	0.0198807	0.0246212	0.0257827	0.017663	0.0075643	0.0085592	0.0062402	0.0039841	0.0063291	0.001548	0.0052356	0.0061856	0.0078534	0.0084926	0.0041152	0.0136986	0.0225989	0.0162338	0.0345912	0.0344828	0.0162866	0.0218182	0.0066225	0.0050125	0.0036232	0.0035587	0.0	0.0015	0.0	0.0	0.0	0.0	0.0	0.0	0.0	0.0	
Sarcelle à ailes bleues	0.0	0.0	0.0	0.0	0.0	0.0	0.0	0.0	0.0	0.0	0.0	0.0	0.0059642	0.0037879	0.0	0.0	0.0	0.0	0.0	0.0	0.0	0.0	0.0	0.0	0.0	0.0	0.0	0.0	0.0	0.0	0.0	0.0	0.0	0.0	0.0	0.0	0.0	0.0	0.0	0.0	0.0	0.0	0.0	0.0	0.0	0.0	0.0	0.0	
Canard souchet	0.0986395	0.0940439	0.0929204	0.1149068	0.141129	0.130597	0.1170483	0.1402597	0.0894569	0.1167192	0.0985075	0.093254	0.1033797	0.1079545	0.0847145	0.0584239	0.0226929	0.021398	0.0187207	0.0146082	0.0147679	0.0139319	0.0078534	0.0082474	0.0015	0.0084926	0.0082305	0.0078278	0.0225989	0.0292208	0.0283019	0.0615764	0.0781759	0.08	0.0662252	0.1002506	0.115942	0.0782918	0.0784314	0.0979228	0.1111111	0.1085973	0.0829016	0.0681818	0.0550459	0.1033058	0.1111111	0.0730479	
Canard chipeau	0.1088435	0.1285266	0.1283186	0.121118	0.1612903	0.1567164	0.1272265	0.1194805	0.086262	0.0883281	0.0776119	0.077381	0.0775348	0.1079545	0.1031308	0.076087	0.0953101	0.1126961	0.0780031	0.0783533	0.0590717	0.0433437	0.026178	0.0185567	0.0183246	0.0191083	0.0102881	0.0273973	0.0451977	0.0227273	0.0408805	0.0665025	0.0358306	0.0836364	0.0496689	0.0701754	0.0652174	0.0427046	0.0490196	0.0771513	0.0683761	0.0859729	0.0880829	0.0909091	0.0779817	0.1239669	0.1435185	0.0755668	
Canard siffleur	0.0578231	0.0626959	0.0530973	0.0869565	0.0766129	0.0858209	0.0610687	0.0935065	0.0479233	0.0630915	0.0507463	0.0337302	0.0318091	0.0227273	0.0092081	0.0067935	0.0075643	0.0042796	0.0015601	0.001328	0.0021097	0.0015	0.0	0.0015	0.0	0.0	0.0	0.0015	0.0	0.0	0.0015	0.0024631	0.0015	0.0072727	0.0015	0.0175439	0.0144928	0.0177936	0.0539216	0.0326409	0.0470085	0.0678733	0.015544	0.0551948	0.059633	0.0578512	0.0648148	0.0403023	
Canard de Chiloé	0.0	0.0	0.0	0.0	0.0	0.0	0.0	0.0	0.0	0.0	0.0	0.0	0.0	0.0	0.0	0.0	0.0	0.0	0.0	0.0	0.0	0.0	0.0	0.0	0.0	0.0015	0.0	0.0	0.0	0.0	0.0	0.0	0.0	0.0	0.0	0.0	0.0	0.0	0.0	0.0	0.0	0.0	0.0	0.0	0.0	0.0	0.0	0.0	
Canard de Chine	0.0	0.0	0.0	0.0	0.0	0.0	0.0	0.0	0.0	0.0	0.0	0.0	0.0	0.0	0.0	0.0	0.0	0.0	0.0	0.0	0.0	0.0	0.0	0.0	0.0	0.0	0.0	0.0	0.0	0.0	0.0	0.0	0.0	0.0	0.0	0.0	0.0	0.0	0.0	0.0	0.0	0.0	0.0	0.0	0.0015	0.0	0.0	0.0	
Canard colvert	0.3265306	0.3667712	0.340708	0.3385093	0.4032258	0.3544776	0.3842239	0.387013	0.3514377	0.3690852	0.3970149	0.3650794	0.3797217	0.4375	0.4162063	0.3994565	0.4251135	0.403709	0.3603744	0.374502	0.3481013	0.2956656	0.2696335	0.2412371	0.2146597	0.2866242	0.2098765	0.3248532	0.3050847	0.3051948	0.3018868	0.362069	0.4397394	0.3563636	0.3543046	0.4135338	0.3949275	0.3202847	0.2843137	0.4094955	0.3846154	0.4298643	0.3108808	0.4285714	0.412844	0.4132231	0.4490741	0.3224181	
Hybride Canard chipeau x C. colvert	0.0	0.0	0.0	0.0	0.0	0.0	0.0	0.0025974	0.0	0.0	0.0	0.0	0.0	0.0	0.0	0.0	0.0	0.0	0.0015601	0.0	0.0	0.0	0.0	0.0	0.0	0.0	0.0	0.0	0.0	0.0	0.0	0.0	0.0	0.0036364	0.0	0.0015	0.0	0.0	0.0	0.0	0.0	0.0	0.0	0.0	0.0	0.0	0.0	0.0	
Canard des Bahamas	0.0	0.0	0.0	0.0	0.0	0.0	0.0025445	0.0	0.0	0.0	0.0	0.0059524	0.0	0.0018939	0.0	0.0	0.0015129	0.0014265	0.0	0.0	0.0	0.0	0.0	0.0	0.0	0.0	0.0	0.0	0.0	0.0	0.0	0.0	0.0	0.0	0.0	0.0	0.0	0.0	0.0	0.0	0.0	0.0	0.0051813	0.0	0.0	0.0	0.0	0.0	
Canard pilet	0.0238095	0.0438871	0.0265487	0.0341615	0.0403226	0.0634328	0.0356234	0.0337662	0.0223642	0.0599369	0.0268657	0.0238095	0.0059642	0.0132576	0.0092081	0.0015	0.0030257	0.0014265	0.0015601	0.001328	0.0021097	0.0	0.0	0.0	0.0	0.0	0.0015	0.0019569	0.0028249	0.0	0.0	0.0	0.0015	0.0036364	0.0015	0.0100251	0.0108696	0.0035587	0.0098039	0.0296736	0.0384615	0.0180995	0.0362694	0.025974	0.0183486	0.0371901	0.0138889	0.0251889	
Hybride Canard colvert x C. pilet	0.0	0.0	0.0	0.0	0.0	0.0	0.0	0.0	0.0	0.0	0.0	0.0	0.0	0.0	0.0	0.0	0.0	0.0	0.0	0.0	0.0	0.0	0.0	0.0	0.0	0.0	0.0	0.0	0.0	0.0	0.0	0.0	0.0	0.0	0.0	0.0	0.0	0.0	0.0	0.0	0.0	0.0	0.0	0.0	0.0	0.0015	0.0	0.0	
Sarcelle d'hiver	0.122449	0.1410658	0.1283186	0.1645963	0.125	0.1604478	0.1246819	0.1090909	0.0926518	0.1419558	0.1044776	0.0833333	0.0516899	0.0568182	0.0276243	0.0298913	0.0121029	0.0028531	0.0062402	0.0119522	0.0063291	0.0154799	0.0104712	0.0103093	0.0078534	0.0084926	0.0041152	0.0117417	0.0282486	0.0357143	0.0534591	0.0837438	0.0651466	0.1345455	0.0794702	0.1428571	0.1485507	0.088968	0.0931373	0.1364985	0.1367521	0.1085973	0.1295337	0.1071429	0.1330275	0.1818182	0.125	0.070529	
Sarcelle tachetée	0.0	0.0	0.0	0.0	0.0	0.0	0.0	0.0	0.0	0.0	0.0	0.0	0.0	0.0	0.0	0.0	0.0	0.0	0.0	0.0	0.0	0.0	0.0	0.0	0.0	0.0	0.0	0.0	0.0028249	0.0	0.0	0.0	0.0	0.0	0.0	0.0	0.0	0.0	0.0	0.0	0.0	0.0	0.0	0.0	0.0	0.0	0.0	0.0	
anatidé sp. (canard barboteur sp.)	0.0	0.0	0.0	0.0	0.0	0.0	0.0	0.0	0.0	0.0	0.0	0.0	0.0	0.0	0.0	0.0013587	0.0	0.0	0.0	0.0	0.0	0.0	0.0	0.0	0.0	0.0021231	0.0	0.0	0.0	0.0	0.0	0.0049261	0.0	0.0015	0.0	0.0	0.0	0.0	0.0	0.0	0.0	0.0	0.0	0.0	0.0	0.0	0.0	0.0	
Nette rousse	0.0068027	0.0125392	0.0088496	0.0062112	0.016129	0.0149254	0.0152672	0.025974	0.0159744	0.044164	0.0268657	0.031746	0.0477137	0.0833333	0.0773481	0.0597826	0.0771558	0.0784593	0.0717629	0.0996016	0.0464135	0.0541796	0.0340314	0.014433	0.0157068	0.0318471	0.0164609	0.0332681	0.019774	0.0194805	0.009434	0.0147783	0.0130293	0.0218182	0.0099338	0.0075188	0.0015	0.0142349	0.0098039	0.0089021	0.0213675	0.0226244	0.0051813	0.0032468	0.0091743	0.0082645	0.0015	0.0125945	
Nette demi-deuil	0.0	0.0	0.0	0.0	0.0	0.0	0.0	0.0	0.0	0.0	0.0	0.0	0.0	0.0	0.0	0.0	0.0	0.0	0.0	0.0	0.0	0.0	0.0	0.0	0.0	0.0	0.0	0.0	0.0	0.0	0.0	0.0	0.0	0.0	0.0	0.0025063	0.0	0.0	0.0	0.0	0.0	0.0	0.0	0.0	0.0	0.0	0.0	0.0	
Fuligule milouin	0.1088435	0.1473354	0.1504425	0.1770186	0.1733871	0.1902985	0.1653944	0.187013	0.1022364	0.1041009	0.1014925	0.0833333	0.1312127	0.1780303	0.1565378	0.1535326	0.1649017	0.1768902	0.1482059	0.1819389	0.1181435	0.126935	0.0890052	0.0845361	0.0575916	0.0806794	0.0411523	0.0528376	0.0932203	0.0941558	0.072327	0.0640394	0.0586319	0.0872727	0.0364238	0.075188	0.1014493	0.0427046	0.0637255	0.0652819	0.0683761	0.081448	0.0829016	0.0779221	0.0733945	0.1115702	0.1203704	0.0957179	
Hybride Nette rousse x Fuligule milouin	0.0	0.0	0.0	0.0	0.0	0.0	0.0	0.0	0.0031949	0.0	0.0015	0.0	0.0019881	0.0	0.0	0.0	0.0	0.0014265	0.0	0.0	0.0021097	0.0	0.0	0.0020619	0.0	0.0	0.0	0.0	0.0	0.0	0.0	0.0	0.0	0.0	0.0	0.0	0.0	0.0	0.0	0.0	0.0	0.0	0.0	0.0	0.0	0.0	0.0	0.0	
Fuligule à bec cerclé	0.0	0.0015	0.0044248	0.0	0.0040323	0.0	0.0015	0.0	0.0015	0.0	0.0015	0.0	0.0019881	0.0015	0.0	0.0	0.0	0.0015	0.0015	0.0	0.0	0.0	0.0015	0.0	0.0	0.0	0.0	0.0	0.0	0.0	0.0	0.0	0.0	0.0	0.0	0.0	0.0	0.0	0.0	0.0	0.0015	0.0045249	0.0	0.0	0.0	0.0	0.0	0.0	
Fuligule nyroca	0.0034014	0.0031348	0.0088496	0.0031056	0.0040323	0.0	0.0076336	0.0	0.0031949	0.0094637	0.0015	0.0	0.0	0.0	0.0015	0.0013587	0.0	0.0015	0.0	0.0	0.0	0.0	0.0	0.0	0.0015	0.0	0.0	0.0019569	0.0	0.0	0.0	0.0	0.0	0.0	0.0	0.0	0.0	0.0	0.0	0.0015	0.0	0.0	0.0	0.0	0.0	0.0082645	0.0	0.0015	
Hybride Fuligule milouin x F. nyroca	0.0	0.0	0.0	0.0015	0.0	0.0	0.0	0.0	0.0	0.0	0.0	0.0	0.0	0.0	0.0	0.0	0.0	0.0	0.0	0.0	0.0	0.0	0.0	0.0	0.0	0.0	0.0	0.0	0.0	0.0	0.0	0.0	0.0	0.0	0.0	0.0	0.0	0.0	0.0	0.0	0.0	0.0	0.0	0.0	0.0	0.0	0.0	0.0025189	
Fuligule morillon	0.1020408	0.1347962	0.1106195	0.1273292	0.1653226	0.1828358	0.1475827	0.1532468	0.0830671	0.0820189	0.0895522	0.0654762	0.1073559	0.1268939	0.1049724	0.1032609	0.128593	0.1326676	0.1123245	0.1288181	0.1033755	0.0990712	0.0706806	0.0783505	0.0628272	0.0828025	0.0226337	0.0489237	0.039548	0.0746753	0.0471698	0.0615764	0.0390879	0.0909091	0.0298013	0.0350877	0.0398551	0.0320285	0.0441176	0.0267062	0.0470085	0.0452489	0.0673575	0.0584416	0.0412844	0.0867769	0.0648148	0.0957179	
Hybride Fuligule milouin x F. morillon	0.0	0.0	0.0	0.0	0.0	0.0015	0.0025445	0.0	0.0	0.0	0.0015	0.0015	0.0019881	0.0018939	0.0	0.0	0.0	0.0	0.0	0.0	0.0	0.001548	0.0	0.0	0.0	0.0	0.0	0.0	0.0	0.0032468	0.0	0.0	0.0	0.0	0.0	0.0	0.0	0.0	0.0	0.0	0.0	0.0	0.0	0.0	0.0	0.0	0.0	0.0	
Fuligule milouinan	0.0	0.0062696	0.0	0.0031056	0.0	0.011194	0.0025445	0.0025974	0.0031949	0.0	0.0	0.0015	0.0	0.0015	0.0	0.0013587	0.0	0.0	0.0	0.0	0.0	0.0	0.0	0.0	0.0	0.0	0.0	0.0	0.0	0.0	0.0	0.0	0.0	0.0	0.0	0.0	0.0	0.0	0.0	0.0	0.0	0.0	0.0	0.0	0.0	0.0	0.0	0.0	
Fuligule à tête noire	0.0	0.0	0.0	0.0	0.0	0.0	0.0	0.0	0.0	0.0	0.0015	0.0	0.0	0.0	0.0	0.0	0.0	0.0	0.0	0.0	0.0	0.0	0.0	0.0	0.0	0.0	0.0	0.0	0.0	0.0	0.0	0.0	0.0	0.0	0.0	0.0	0.0	0.0	0.0	0.0	0.0	0.0	0.0	0.0	0.0	0.0	0.0	0.0	
Macreuse brune	0.0	0.0	0.0088496	0.0015	0.0	0.0	0.0	0.0015	0.0	0.0	0.0015	0.0	0.0	0.0	0.0	0.0	0.0	0.0	0.0	0.0	0.0	0.0	0.0	0.0	0.0	0.0	0.0	0.0	0.0	0.0	0.0	0.0	0.0	0.0	0.0	0.0	0.0	0.0	0.0	0.0	0.0	0.0	0.0	0.0	0.0	0.0	0.0015	0.0025189	
Macreuse noire	0.0	0.0	0.0	0.0	0.0	0.0	0.0	0.0	0.0	0.0015	0.0	0.0	0.0	0.0	0.0	0.0	0.0	0.0	0.0	0.0	0.0	0.0	0.0	0.0	0.0	0.0	0.0	0.0	0.0	0.0	0.0	0.0	0.0	0.0	0.0	0.0	0.0	0.0	0.0	0.0	0.0	0.0	0.0	0.0	0.0	0.0	0.0	0.0	
Harelde boréale	0.0	0.0	0.0	0.0	0.0	0.0	0.0	0.0	0.0	0.0	0.0	0.0	0.0	0.0015	0.0015	0.0040761	0.0	0.0	0.0	0.0	0.0	0.0	0.0	0.0	0.0	0.0	0.0	0.0	0.0	0.0	0.0	0.0	0.0	0.0	0.0	0.0	0.0	0.0	0.0	0.0	0.0	0.0	0.0	0.0	0.0	0.0	0.0	0.0	
Garrot à oeil d'or	0.0	0.0015	0.0	0.0031056	0.0015	0.0015	0.0	0.0051948	0.0095847	0.0015	0.0	0.0015	0.0	0.0	0.0	0.0	0.0015	0.0	0.0	0.0	0.0	0.0	0.0	0.0	0.0	0.0	0.0	0.0	0.0	0.0	0.0	0.0024631	0.0	0.0	0.0	0.0	0.0	0.0	0.0	0.0	0.0	0.0	0.0	0.0015	0.0045872	0.0	0.0	0.0025189	
Harle piette	0.0034014	0.0094044	0.0044248	0.0093168	0.0	0.0015	0.0	0.0025974	0.0	0.0	0.0	0.0	0.0	0.0	0.0	0.0	0.0	0.0	0.0	0.0	0.0	0.0	0.0	0.0	0.0	0.0	0.0	0.0	0.0	0.0	0.0	0.0	0.0	0.0	0.0	0.0	0.0	0.0	0.0	0.0	0.0	0.0	0.0	0.0	0.0	0.0041322	0.0015	0.0025189	
Harle bièvre	0.0136054	0.0031348	0.0176991	0.0031056	0.0015	0.0074627	0.0015	0.0	0.0	0.0	0.0	0.0	0.0039761	0.0015	0.0	0.0013587	0.0	0.0	0.0	0.0	0.0	0.0	0.0	0.0	0.0	0.0	0.0	0.0	0.0	0.0	0.0	0.0	0.0	0.0	0.0	0.0	0.0	0.0	0.0	0.0	0.0	0.0	0.0051813	0.0064935	0.0045872	0.0041322	0.0015	0.0	
Harle huppé	0.0034014	0.0015	0.0	0.0031056	0.0040323	0.0	0.0	0.0	0.0	0.0	0.0015	0.0	0.0	0.0	0.0	0.0	0.0015	0.0	0.0	0.0	0.0	0.0	0.0	0.0	0.0	0.0	0.0	0.0	0.0	0.0	0.0	0.0	0.0	0.0	0.0	0.0	0.0	0.0	0.0	0.0	0.0	0.0	0.0	0.0032468	0.0015	0.0041322	0.0185185	0.0015	
Érismature rousse	0.0	0.0	0.0	0.0	0.0	0.0	0.0	0.0015	0.0	0.0	0.0	0.0	0.0	0.0015	0.0	0.0	0.0	0.0	0.0	0.0	0.0	0.0	0.0	0.0	0.0	0.0	0.0	0.0	0.0	0.0	0.0	0.0	0.0032573	0.0	0.0	0.0	0.0	0.0	0.0	0.0	0.0	0.0	0.0	0.0	0.0045872	0.0	0.0	0.0	
anatidé sp. (canard sp.)	0.0	0.0	0.0	0.0	0.0	0.0	0.0	0.0	0.0	0.0	0.0	0.0	0.0019881	0.0	0.0	0.0	0.0015129	0.0	0.0	0.0	0.0	0.0	0.0	0.0041237	0.0	0.0	0.0	0.0019569	0.0015	0.0	0.0	0.0024631	0.0	0.0072727	0.0	0.0050125	0.0036232	0.0035587	0.0	0.0	0.0	0.0	0.0103627	0.0	0.0	0.0	0.0	0.0	
Colin de Virginie	0.0	0.0	0.0	0.0	0.0	0.0	0.0	0.0	0.0	0.0	0.0	0.0	0.0	0.0	0.0	0.0	0.0	0.0	0.0015601	0.0	0.0	0.0	0.0	0.0	0.0	0.0	0.0	0.0015	0.0	0.0	0.0	0.0	0.0	0.0	0.0	0.0	0.0	0.0	0.0	0.0	0.0	0.0	0.0	0.0	0.0	0.0	0.0	0.0	
Perdrix grise	0.0102041	0.0094044	0.0044248	0.0093168	0.0040323	0.0037313	0.0076336	0.0077922	0.0015	0.0063091	0.0179104	0.0257937	0.0218688	0.0170455	0.0331492	0.0149457	0.0181543	0.0142653	0.0124805	0.0039841	0.0063291	0.003096	0.0078534	0.0041237	0.0026178	0.0063694	0.0061728	0.0019569	0.0084746	0.0015	0.0062893	0.0	0.009772	0.0109091	0.0066225	0.0050125	0.0	0.0071174	0.0147059	0.0029674	0.0299145	0.0226244	0.0103627	0.0032468	0.0091743	0.0082645	0.0	0.0075567	
Faisan vénéré	0.0015	0.0031348	0.0	0.0	0.0040323	0.0015	0.0	0.0	0.0	0.0015	0.0015	0.0015	0.0	0.0037879	0.0018416	0.0015	0.0015	0.0	0.0	0.0015	0.0	0.0	0.0015	0.0020619	0.0	0.0	0.0	0.0019569	0.0	0.0015	0.0	0.0	0.0	0.0	0.0	0.0	0.0	0.0	0.0	0.0	0.0015	0.0045249	0.0	0.0032468	0.0015	0.0	0.0	0.0025189	
Faisan doré	0.0	0.0	0.0	0.0	0.0	0.0	0.0	0.0	0.0	0.0	0.0	0.0	0.0	0.0015	0.0	0.0	0.0	0.0	0.0	0.0	0.0	0.0	0.0	0.0	0.0	0.0	0.0	0.0	0.0	0.0	0.0	0.0	0.0	0.0	0.0	0.0	0.0	0.0	0.0	0.0	0.0	0.0	0.0	0.0	0.0	0.0	0.0	0.0	
Faisan de Colchide	0.0884354	0.0815047	0.0619469	0.0993789	0.0806452	0.0708955	0.0763359	0.0649351	0.1118211	0.1671924	0.1343284	0.1686508	0.1968191	0.2102273	0.2228361	0.201087	0.1709531	0.1611983	0.1123245	0.122178	0.092827	0.0851393	0.0890052	0.0865979	0.0706806	0.0636943	0.0493827	0.0567515	0.059322	0.0292208	0.0314465	0.0418719	0.0390879	0.0509091	0.0629139	0.0776942	0.0978261	0.0782918	0.1127451	0.1335312	0.1111111	0.1764706	0.1709845	0.1266234	0.1100917	0.1033058	0.0833333	0.0856423	
Faisan versicolore	0.0	0.0	0.0	0.0015	0.0	0.0	0.0	0.0	0.0	0.0015	0.0	0.0	0.0	0.0	0.0	0.0013587	0.0	0.0	0.0	0.0	0.0	0.0	0.0	0.0	0.0	0.0	0.0	0.0	0.0	0.0	0.0	0.0	0.0015	0.0	0.0	0.0	0.0	0.0	0.0015	0.0	0.0	0.0	0.0	0.0	0.0	0.0	0.0	0.0	
Paon bleu	0.0	0.0	0.0	0.0	0.0	0.0	0.0	0.0	0.0	0.0	0.0	0.0	0.0	0.0015	0.0	0.0	0.0	0.0	0.0	0.0	0.0	0.0	0.0	0.0	0.0	0.0	0.0	0.0	0.0	0.0	0.0	0.0	0.0	0.0	0.0	0.0	0.0	0.0	0.0	0.0	0.0	0.0	0.0	0.0	0.0	0.0	0.0	0.0	
Caille des blés	0.0	0.0	0.0	0.0	0.0	0.0	0.0	0.0015	0.0031949	0.0031546	0.0059701	0.0059524	0.0159046	0.0170455	0.0110497	0.0190217	0.0166415	0.0370899	0.0218409	0.0172643	0.0084388	0.0139319	0.0287958	0.0164948	0.0104712	0.0276008	0.026749	0.0136986	0.0225989	0.0015	0.0062893	0.0320197	0.0228013	0.0145455	0.0	0.0050125	0.0015	0.0	0.0015	0.0	0.0	0.0	0.0	0.0	0.0	0.0	0.0	0.0015	
Perdrix rouge	0.0034014	0.015674	0.0088496	0.015528	0.0040323	0.0037313	0.0050891	0.0181818	0.0223642	0.0094637	0.0059701	0.0198413	0.027833	0.0208333	0.0202578	0.0149457	0.0166415	0.0128388	0.0109204	0.0132802	0.0105485	0.0108359	0.0157068	0.0061856	0.0052356	0.0063694	0.0041152	0.0019569	0.0028249	0.0032468	0.009434	0.0024631	0.009772	0.0072727	0.0033113	0.0100251	0.0181159	0.0015	0.0098039	0.0059347	0.025641	0.0090498	0.015544	0.0064935	0.0045872	0.0041322	0.0	0.0151134	
Pigeon biset	0.0748299	0.0470219	0.0486726	0.0652174	0.0685484	0.0597015	0.0788804	0.0623377	0.0734824	0.0473186	0.0955224	0.125	0.0874751	0.0757576	0.0976059	0.0910326	0.0665658	0.1012839	0.0889236	0.0969456	0.1350211	0.0990712	0.1230366	0.1010309	0.1256545	0.1061571	0.1502058	0.1428571	0.079096	0.0811688	0.0849057	0.135468	0.1140065	0.1272727	0.1788079	0.1177945	0.1014493	0.1352313	0.1372549	0.1394659	0.1111111	0.158371	0.0932642	0.1103896	0.1055046	0.0661157	0.0601852	0.0654912	
Pigeon colombin	0.0442177	0.0282132	0.0221239	0.052795	0.0201613	0.0335821	0.0381679	0.0467532	0.0670927	0.0473186	0.0835821	0.0813492	0.0695825	0.0719697	0.0957643	0.0584239	0.0620272	0.0470756	0.0390016	0.0491368	0.0759494	0.0417957	0.0680628	0.057732	0.0890052	0.059448	0.0493827	0.0821918	0.0310734	0.0487013	0.0345912	0.0615764	0.0618893	0.04	0.0364238	0.0350877	0.0362319	0.0142349	0.0490196	0.0593472	0.0854701	0.040724	0.0466321	0.0779221	0.0458716	0.0289256	0.037037	0.0327456	
Pigeon ramier	0.5306122	0.4827586	0.4424779	0.4968944	0.4556452	0.5223881	0.5216285	0.5506494	0.5750799	0.6088328	0.5522388	0.5952381	0.5944334	0.5454545	0.6132597	0.5815217	0.4659607	0.4864479	0.5085803	0.5750332	0.6012658	0.6037152	0.6727749	0.6371134	0.6649215	0.6751592	0.7222222	0.7142857	0.6242938	0.6623377	0.7264151	0.7068966	0.5895765	0.7309091	0.6556291	0.6190476	0.5072464	0.519573	0.5784314	0.4688427	0.465812	0.5927602	0.507772	0.4675325	0.4449541	0.4504132	0.4212963	0.5717884	
Tourterelle des bois	0.0	0.0	0.0	0.0	0.0	0.0	0.0	0.0	0.0	0.0031546	0.0015	0.0	0.0039761	0.0113636	0.0331492	0.1019022	0.1739788	0.1883024	0.226209	0.2231076	0.2658228	0.2383901	0.2172775	0.228866	0.2356021	0.2908705	0.2901235	0.2387476	0.1440678	0.0844156	0.1100629	0.1206897	0.0521173	0.0472727	0.0364238	0.0125313	0.0	0.0	0.004902	0.0	0.0	0.0	0.0	0.0	0.0	0.0	0.0	0.0	
Tourterelle turque	0.2721088	0.1974922	0.2079646	0.2267081	0.1935484	0.2425373	0.1832061	0.1922078	0.2172524	0.2397476	0.2268657	0.2678571	0.2624254	0.2121212	0.267035	0.25	0.204236	0.2282454	0.2277691	0.2297477	0.2763713	0.2213622	0.2853403	0.2989691	0.2748691	0.3121019	0.3662551	0.2915851	0.2683616	0.3084416	0.3176101	0.3325123	0.2703583	0.3381818	0.3112583	0.2531328	0.173913	0.2099644	0.1813725	0.1928783	0.1709402	0.2262443	0.2279793	0.1948052	0.233945	0.2107438	0.1574074	0.2443325	
Outarde canepetière	0.0	0.0	0.0	0.0	0.0	0.0	0.0	0.0	0.0031949	0.0	0.0	0.0039683	0.0015	0.0037879	0.0036832	0.0067935	0.0015	0.0028531	0.0140406	0.002656	0.0015	0.001548	0.0015	0.0015	0.0015	0.0015	0.0	0.0015	0.0	0.0015	0.0	0.0024631	0.0015	0.0015	0.0066225	0.0015	0.0015	0.0015	0.0015	0.0	0.0	0.0	0.0	0.0	0.0	0.0	0.0	0.0	
Coucou gris	0.0	0.0	0.0	0.0	0.0	0.0	0.0	0.0	0.0	0.0031546	0.0328358	0.109127	0.222664	0.3655303	0.3922652	0.3804348	0.3434191	0.3808845	0.326053	0.3545817	0.2383966	0.1981424	0.1256545	0.0515464	0.0104712	0.0106157	0.0041152	0.0097847	0.0084746	0.0032468	0.0125786	0.0	0.0065147	0.0	0.0015	0.0050125	0.0	0.0	0.0	0.0	0.0	0.0	0.0	0.0	0.0	0.0	0.0	0.0	
Engoulevent d'Europe	0.0	0.0	0.0	0.0	0.0	0.0	0.0	0.0	0.0	0.0	0.0	0.0	0.0	0.0	0.0	0.0015	0.0060514	0.0028531	0.0046802	0.0199203	0.0126582	0.0092879	0.0015	0.0164948	0.0183246	0.0063694	0.0082305	0.0078278	0.0028249	0.0	0.0	0.0024631	0.0015	0.0	0.0	0.0	0.0	0.0	0.0	0.0	0.0	0.0	0.0	0.0	0.0	0.0	0.0	0.0	
Martinet à ventre blanc	0.0	0.0	0.0	0.0	0.0	0.0	0.0	0.0	0.0	0.0	0.0	0.0	0.0	0.0	0.0	0.0	0.0	0.0	0.0	0.0	0.0	0.0	0.0	0.0	0.0	0.0	0.0	0.0	0.0	0.0	0.0	0.0	0.0032573	0.0	0.0	0.0	0.0	0.0	0.0	0.0	0.0	0.0	0.0	0.0	0.0	0.0	0.0	0.0	
Martinet noir	0.0	0.0	0.0	0.0	0.0	0.0	0.0	0.0	0.0	0.0	0.0	0.0	0.0079523	0.0227273	0.0883978	0.1766304	0.214826	0.2396576	0.2527301	0.2589641	0.3270042	0.2956656	0.3403141	0.3587629	0.3481675	0.3142251	0.2880658	0.1682975	0.079096	0.0357143	0.0377358	0.0098522	0.009772	0.0036364	0.0015	0.0025063	0.0015	0.0	0.0	0.0	0.0	0.0	0.0	0.0	0.0	0.0	0.0	0.0	
Râle d'eau	0.0306122	0.0376176	0.0176991	0.015528	0.0362903	0.0186567	0.0330789	0.0155844	0.0191693	0.0189274	0.0238806	0.0238095	0.0178926	0.0113636	0.0128913	0.0095109	0.0136157	0.0085592	0.0062402	0.0106242	0.0063291	0.004644	0.0026178	0.0041237	0.013089	0.0084926	0.0082305	0.0293542	0.019774	0.0227273	0.0188679	0.0492611	0.0358306	0.0363636	0.0198675	0.0325815	0.0072464	0.0284698	0.0196078	0.041543	0.0213675	0.0361991	0.0414508	0.0324675	0.0015	0.0206612	0.0277778	0.0176322	
Râle des genêts	0.0	0.0	0.0	0.0	0.0	0.0	0.0	0.0	0.0	0.0	0.0	0.0	0.0	0.0	0.0	0.0	0.0030257	0.0	0.0	0.001328	0.0	0.0	0.0052356	0.0020619	0.0	0.0	0.0	0.0	0.0	0.0	0.0	0.0	0.0	0.0	0.0	0.0	0.0	0.0	0.0	0.0	0.0	0.0	0.0	0.0	0.0	0.0	0.0	0.0	
Marouette ponctuée	0.0	0.0	0.0	0.0	0.0	0.0	0.0	0.0	0.0015	0.0015	0.0015	0.0015	0.0015	0.0015	0.0015	0.0015	0.0015	0.0	0.0	0.0	0.0	0.0	0.0	0.0	0.0	0.0021231	0.0	0.0015	0.0	0.0	0.0015	0.0073892	0.0065147	0.0	0.0	0.0025063	0.0	0.0	0.0	0.0	0.0	0.0	0.0	0.0	0.0	0.0	0.0	0.0	
Gallinule poule-d'eau	0.085034	0.1222571	0.0752212	0.0900621	0.1209677	0.1044776	0.1043257	0.1376623	0.1214058	0.1356467	0.1492537	0.1369048	0.1848907	0.1363636	0.1491713	0.1317935	0.1225416	0.1112696	0.099844	0.1142098	0.1371308	0.1160991	0.1282723	0.1092784	0.1335079	0.1825902	0.1399177	0.2093933	0.1920904	0.1655844	0.1918239	0.2389163	0.3094463	0.2181818	0.2152318	0.197995	0.192029	0.1886121	0.2156863	0.2344214	0.1495726	0.2081448	0.1243523	0.1525974	0.1743119	0.1735537	0.1203704	0.1259446	
Foulque macroule	0.170068	0.184953	0.1725664	0.2546584	0.2983871	0.2686567	0.2544529	0.2727273	0.1980831	0.1861199	0.1731343	0.1527778	0.1749503	0.2765152	0.1915285	0.2119565	0.2269289	0.2068474	0.201248	0.2416999	0.2067511	0.1811146	0.1937173	0.1484536	0.1439791	0.1953291	0.1090535	0.1624266	0.2062147	0.2435065	0.1477987	0.2019704	0.1824104	0.2254545	0.1523179	0.1954887	0.1811594	0.1743772	0.1470588	0.2255193	0.1239316	0.1628959	0.1450777	0.1818182	0.1559633	0.1983471	0.2546296	0.1889169	
Marouette poussin	0.0	0.0	0.0	0.0	0.0	0.0	0.0	0.0	0.0	0.0	0.0	0.0015	0.0	0.0018939	0.0018416	0.0	0.0	0.0	0.0	0.0	0.0	0.0015	0.0	0.0	0.0	0.0	0.0	0.0015	0.0056497	0.0	0.0031447	0.0015	0.0065147	0.0	0.0	0.0	0.0	0.0	0.0	0.0	0.0	0.0	0.0	0.0	0.0	0.0	0.0	0.0	
Marouette de Baillon	0.0	0.0	0.0	0.0	0.0	0.0	0.0	0.0	0.0	0.0	0.0	0.0	0.0	0.0	0.0	0.0	0.0	0.0	0.0	0.0	0.0015	0.0	0.0	0.0015	0.0	0.0	0.0	0.0039139	0.0	0.0	0.0015	0.0	0.0	0.0	0.0015	0.0	0.0	0.0	0.0	0.0	0.0	0.0	0.0	0.0	0.0	0.0	0.0	0.0	
Grue du Japon	0.0	0.0	0.0	0.0	0.0	0.0	0.0	0.0	0.0	0.0	0.0	0.0	0.0	0.0	0.0	0.0	0.0	0.0	0.0	0.0	0.0	0.0	0.0	0.0	0.0	0.0	0.0	0.0	0.0	0.0	0.0	0.0	0.0	0.0	0.0	0.0	0.0	0.0	0.0	0.0	0.0	0.0	0.0	0.0015	0.0	0.0	0.0	0.0	
Grue cendrée	0.0238095	0.031348	0.0265487	0.0310559	0.0241935	0.0522388	0.0992366	0.0519481	0.0383387	0.0283912	0.0089552	0.0079365	0.0019881	0.0056818	0.0015	0.0013587	0.0015129	0.0	0.0	0.0	0.0015	0.0	0.0026178	0.0	0.0026178	0.0	0.0	0.0015	0.0	0.0	0.0015	0.0	0.0	0.0036364	0.0	0.0025063	0.0036232	0.0177936	0.0539216	0.0712166	0.0897436	0.0452489	0.0466321	0.025974	0.0275229	0.0206612	0.0046296	0.0352645	
Oedicnème criard	0.0	0.0	0.0	0.0015	0.0015	0.0015	0.0015	0.0103896	0.0255591	0.0378549	0.0298507	0.0456349	0.0357853	0.0378788	0.053407	0.048913	0.0468986	0.0285307	0.0265211	0.0172643	0.0168776	0.0170279	0.0418848	0.0247423	0.0314136	0.0276008	0.0144033	0.0136986	0.0141243	0.0292208	0.0125786	0.0270936	0.0358306	0.0290909	0.0231788	0.0175439	0.0144928	0.0106762	0.0147059	0.0118694	0.025641	0.0271493	0.015544	0.0015	0.0015	0.0	0.0015	0.0	
Échasse blanche	0.0	0.0	0.0	0.0	0.0	0.0	0.0	0.0	0.0	0.0	0.0029851	0.0119048	0.0198807	0.0340909	0.0589319	0.0326087	0.0347958	0.0328103	0.0358814	0.0385126	0.0400844	0.0216718	0.0314136	0.0164948	0.0157068	0.0169851	0.0164609	0.0313112	0.0169492	0.012987	0.0125786	0.0024631	0.0032573	0.0036364	0.0066225	0.0100251	0.0015	0.0	0.0	0.0	0.0	0.0	0.0	0.0	0.0	0.0	0.0	0.0	
Avocette élégante	0.0015	0.0015	0.0	0.0	0.0	0.0	0.0	0.0	0.0	0.022082	0.0015	0.0059524	0.0079523	0.0	0.0036832	0.0054348	0.0015129	0.0042796	0.0015	0.0015	0.0021097	0.0015	0.0	0.0	0.0	0.0	0.0015	0.0	0.0056497	0.0015	0.0015	0.0073892	0.0	0.0015	0.0015	0.0015	0.0	0.0	0.004902	0.0029674	0.0042735	0.0	0.0015	0.0032468	0.0	0.0041322	0.0	0.0050378	
Huîtrier pie	0.0	0.0	0.0	0.0	0.0	0.0	0.0	0.0	0.0	0.0015	0.0	0.0	0.0	0.0	0.0015	0.0	0.0015	0.0	0.0	0.0	0.0015	0.0	0.0	0.0	0.0	0.0	0.0	0.0	0.0	0.0015	0.0031447	0.0015	0.0	0.0	0.0	0.0025063	0.0015	0.0	0.0	0.0	0.0	0.0	0.0	0.0	0.0	0.0	0.0	0.0	
Pluvier argenté	0.0	0.0	0.0044248	0.0	0.0	0.0	0.0	0.0	0.0	0.0	0.0	0.0	0.0	0.0	0.0018416	0.0040761	0.0015129	0.0015	0.0031201	0.0	0.0042194	0.0	0.0015	0.0	0.0	0.0	0.0	0.0	0.0015	0.0015	0.0062893	0.0015	0.0015	0.0015	0.0099338	0.0025063	0.0015	0.0015	0.004902	0.0148368	0.008547	0.0090498	0.0051813	0.0015	0.0	0.0	0.0046296	0.0075567	
Pluvier doré	0.0612245	0.0626959	0.0486726	0.0403727	0.0443548	0.0335821	0.043257	0.025974	0.0095847	0.0189274	0.0089552	0.0218254	0.0159046	0.0018939	0.0018416	0.0054348	0.0	0.0	0.0	0.0	0.0	0.0	0.0015	0.0	0.0	0.0	0.0	0.0	0.0	0.0	0.0015	0.0024631	0.0015	0.0036364	0.0066225	0.0050125	0.0144928	0.0071174	0.0441176	0.0296736	0.1025641	0.081448	0.1243523	0.0714286	0.087156	0.0330579	0.0648148	0.070529	
Guignard d’Eurasie	0.0	0.0	0.0	0.0	0.0	0.0	0.0	0.0	0.0	0.0	0.0	0.0	0.0019881	0.0015	0.0	0.0027174	0.0060514	0.0	0.0	0.0	0.0	0.0	0.0	0.0	0.0	0.0	0.0	0.0	0.0	0.0	0.0031447	0.0015	0.0015	0.0015	0.0015	0.0	0.0	0.0	0.0	0.0	0.0	0.0	0.0	0.0	0.0	0.0	0.0	0.0	
Grand Gravelot	0.0	0.0	0.0	0.0	0.0	0.0	0.0015	0.0	0.0015	0.0126183	0.0015	0.0	0.0039761	0.0	0.0015	0.0067935	0.0332829	0.0171184	0.0234009	0.0106242	0.0105485	0.006192	0.0052356	0.0015	0.0	0.0	0.0015	0.0039139	0.0112994	0.0032468	0.0062893	0.0320197	0.0130293	0.0109091	0.0529801	0.0300752	0.0434783	0.0142349	0.0392157	0.0356083	0.008547	0.0090498	0.0	0.0	0.0	0.0	0.0	0.0	
Petit Gravelot	0.0	0.0	0.0	0.0	0.0	0.0	0.0	0.0025974	0.0063898	0.0315457	0.0298507	0.047619	0.0636183	0.0833333	0.0865562	0.1005435	0.1664145	0.0584879	0.0577223	0.0491368	0.0696203	0.0510836	0.0366492	0.0536082	0.039267	0.0573248	0.0390947	0.0684932	0.0423729	0.0324675	0.0377358	0.044335	0.019544	0.0218182	0.0231788	0.0125313	0.0036232	0.0015	0.0015	0.0	0.0	0.0	0.0	0.0	0.0	0.0	0.0	0.0	
Vanneau huppé	0.1768707	0.169279	0.119469	0.1335404	0.1653226	0.1492537	0.1526718	0.1038961	0.0830671	0.0820189	0.1014925	0.1111111	0.0536779	0.0833333	0.0957643	0.0869565	0.0544629	0.0513552	0.0546022	0.063745	0.0780591	0.0773994	0.0890052	0.0845361	0.091623	0.1401274	0.100823	0.1409002	0.1610169	0.1720779	0.1761006	0.1995074	0.2052117	0.1890909	0.1589404	0.160401	0.1630435	0.1459075	0.1813725	0.2195846	0.2521368	0.239819	0.2176166	0.2142857	0.1834862	0.1652893	0.2407407	0.1712846	
Vanneau sociable	0.0	0.0	0.0	0.0	0.0	0.0	0.0	0.0	0.0015	0.0	0.0	0.0178571	0.0	0.0	0.0	0.0	0.0	0.0	0.0	0.0	0.0	0.0	0.0	0.0	0.0	0.0	0.0	0.0	0.0	0.0	0.0	0.0	0.0	0.0	0.0	0.0	0.0036232	0.0071174	0.0098039	0.0	0.0	0.0	0.0	0.0	0.0	0.0	0.0	0.0	
Gravelot asiatique	0.0	0.0	0.0	0.0	0.0	0.0	0.0	0.0	0.0	0.0	0.0	0.0	0.0	0.0	0.0	0.0	0.0	0.0	0.0	0.0	0.0	0.0	0.0	0.0	0.0	0.0	0.0	0.0	0.0	0.0	0.0	0.0	0.0	0.0	0.0015	0.0015	0.0	0.0	0.0	0.0	0.0	0.0	0.0	0.0	0.0	0.0	0.0	0.0	
Gravelot à collier interrompu	0.0	0.0	0.0	0.0	0.0	0.0	0.0	0.0	0.0	0.0	0.0	0.0	0.0	0.0015	0.0	0.0013587	0.0015	0.0	0.0	0.0	0.0021097	0.0	0.0	0.0	0.0	0.0	0.0	0.0019569	0.0	0.0032468	0.009434	0.0024631	0.0	0.0	0.0	0.0015	0.0	0.0	0.0	0.0	0.0	0.0	0.0	0.0	0.0	0.0	0.0	0.0	
Charadriidae sp.	0.0	0.0	0.0	0.0	0.0	0.0	0.0	0.0	0.0	0.0	0.0	0.0	0.0	0.0	0.0	0.0	0.0	0.0014265	0.0	0.0	0.0	0.001548	0.0	0.0020619	0.0	0.0	0.0	0.0015	0.0	0.0	0.0	0.0	0.0	0.0	0.0	0.0	0.0	0.0	0.0	0.0	0.0	0.0	0.0	0.0	0.0	0.0	0.0	0.0	
Courlis corlieu	0.0	0.0	0.0	0.0	0.0	0.0	0.0	0.0	0.0	0.0	0.0	0.0019841	0.0	0.0015	0.0036832	0.0027174	0.0015	0.0014265	0.0015601	0.0	0.0	0.0	0.0	0.0	0.0	0.0015	0.0015	0.0039139	0.0028249	0.0015	0.0015	0.0015	0.0015	0.0015	0.0	0.0	0.0	0.0	0.0	0.0	0.0	0.0	0.0	0.0	0.0	0.0	0.0	0.0	
Courlis cendré	0.0068027	0.0031348	0.0	0.0093168	0.0040323	0.0015	0.0101781	0.0103896	0.0095847	0.022082	0.0059701	0.015873	0.0099404	0.0094697	0.0128913	0.0122283	0.0060514	0.0042796	0.0124805	0.0092961	0.0126582	0.003096	0.0026178	0.0041237	0.0015	0.0015	0.0015	0.0058708	0.0056497	0.0	0.0031447	0.0098522	0.0065147	0.0109091	0.0015	0.0050125	0.0036232	0.0015	0.004902	0.0237389	0.0213675	0.0045249	0.0051813	0.0015	0.0	0.0015	0.0046296	0.0100756	
Barge rousse	0.0	0.0	0.0	0.0	0.0	0.0	0.0	0.0	0.0	0.0	0.0	0.0	0.0	0.0	0.0015	0.0015	0.0	0.0	0.0015	0.0	0.0015	0.0	0.0	0.0	0.0	0.0	0.0	0.0	0.0	0.0	0.0	0.0	0.0	0.0015	0.013245	0.0025063	0.0072464	0.0015	0.0015	0.0029674	0.0015	0.0015	0.0	0.0	0.0	0.0	0.0	0.0	
Barge à queue noire	0.0	0.0	0.0	0.0	0.0	0.0	0.0	0.0051948	0.0015	0.0283912	0.0029851	0.0039683	0.0059642	0.0037879	0.0018416	0.0027174	0.0	0.0014265	0.0	0.001328	0.0	0.001548	0.0015	0.0015	0.0026178	0.0015	0.0020576	0.0136986	0.0015	0.0032468	0.0125786	0.0098522	0.0015	0.0015	0.0033113	0.0050125	0.0036232	0.0015	0.0015	0.0059347	0.0015	0.0015	0.0	0.0	0.0	0.0	0.0	0.0	
Bécassin à long bec	0.0	0.0	0.0	0.0	0.0	0.0	0.0	0.0	0.0	0.0	0.0	0.0	0.0	0.0	0.0	0.0	0.0	0.0	0.0	0.0	0.0	0.0	0.0	0.0	0.0	0.0	0.0	0.0	0.0	0.0	0.0	0.0	0.0	0.0	0.0	0.0	0.0	0.0	0.0015	0.0029674	0.0	0.0	0.0	0.0	0.0	0.0	0.0	0.0	
Bécassine sourde	0.0136054	0.0344828	0.0132743	0.0062112	0.0080645	0.0074627	0.0025445	0.0	0.0	0.0094637	0.0179104	0.0099206	0.0019881	0.0	0.0018416	0.0013587	0.0	0.0	0.0	0.0	0.0	0.0	0.0	0.0	0.0	0.0	0.0	0.0	0.0	0.0	0.0	0.0	0.0	0.0	0.0	0.0	0.0	0.0	0.004902	0.0118694	0.0042735	0.0135747	0.0103627	0.0064935	0.0045872	0.0041322	0.0046296	0.0075567	
Bécasse des bois	0.0034014	0.0031348	0.0088496	0.0015	0.0015	0.0149254	0.0025445	0.0103896	0.0063898	0.0094637	0.0029851	0.0015	0.0	0.0	0.0	0.0	0.0030257	0.0014265	0.0031201	0.0119522	0.0021097	0.001548	0.0	0.0041237	0.0052356	0.0	0.0015	0.0	0.0	0.0	0.0	0.0	0.0	0.0	0.0	0.0	0.0	0.0	0.004902	0.0059347	0.0	0.0045249	0.0103627	0.0032468	0.0045872	0.0082645	0.0138889	0.0025189	
Bécassine double	0.0	0.0	0.0	0.0	0.0	0.0	0.0	0.0	0.0	0.0	0.0	0.0	0.0	0.0	0.0	0.0	0.0	0.0	0.0	0.0	0.0	0.0	0.0	0.0	0.0	0.0	0.0	0.0	0.0	0.0	0.0062893	0.0	0.0	0.0	0.0	0.0	0.0	0.0	0.0	0.0	0.0	0.0	0.0	0.0	0.0	0.0	0.0	0.0	
Bécassine des marais	0.0442177	0.0564263	0.0619469	0.0341615	0.0241935	0.0410448	0.0381679	0.0311688	0.0351438	0.0473186	0.0537313	0.0694444	0.0516899	0.0359848	0.0239411	0.013587	0.0015129	0.0014265	0.0015601	0.0	0.0	0.0	0.0026178	0.0	0.0	0.0	0.0020576	0.0117417	0.0282486	0.0551948	0.0628931	0.1083744	0.1107492	0.1127273	0.0960265	0.0977444	0.1594203	0.1103203	0.1078431	0.1454006	0.1111111	0.1221719	0.0932642	0.0844156	0.059633	0.0413223	0.0277778	0.0327456	
Phalarope à bec large	0.0	0.0	0.0	0.0	0.0	0.0	0.0	0.0	0.0	0.0	0.0	0.0	0.0	0.0	0.0	0.0	0.0	0.0	0.0	0.0	0.0	0.0	0.0	0.0	0.0	0.0	0.0	0.0	0.0	0.0	0.0	0.0	0.0	0.0	0.0	0.0	0.0036232	0.0	0.0	0.0	0.0128205	0.0	0.0	0.0	0.0	0.0	0.0	0.0	
Chevalier guignette	0.0102041	0.0062696	0.0088496	0.0093168	0.0040323	0.0015	0.0025445	0.0077922	0.0063898	0.0063091	0.0119403	0.0119048	0.027833	0.032197	0.0976059	0.1725543	0.2481089	0.1412268	0.0717629	0.0305445	0.0147679	0.0154799	0.0104712	0.0123711	0.0340314	0.0934183	0.0843621	0.1741683	0.1440678	0.1655844	0.1603774	0.179803	0.1921824	0.1345455	0.1059603	0.0676692	0.057971	0.024911	0.0147059	0.0296736	0.008547	0.0180995	0.0103627	0.025974	0.0091743	0.0041322	0.0138889	0.0075567	
Chevalier grivelé	0.0	0.0	0.0	0.0	0.0	0.0	0.0	0.0	0.0	0.0	0.0	0.0	0.0	0.0	0.0	0.0	0.0	0.0	0.0	0.0	0.0	0.0	0.0	0.0	0.0	0.0	0.0	0.0	0.0	0.0	0.0	0.0	0.0	0.0	0.0	0.0	0.0	0.0	0.0	0.0	0.0042735	0.0090498	0.0	0.0	0.0	0.0	0.0	0.0	
Chevalier culblanc	0.0408163	0.0501567	0.0442478	0.0372671	0.0564516	0.0298507	0.0279898	0.0233766	0.0255591	0.0473186	0.0507463	0.0515873	0.0437376	0.0416667	0.038674	0.0149457	0.0030257	0.0042796	0.0015	0.0039841	0.0063291	0.0170279	0.0287958	0.0453608	0.0209424	0.0530786	0.037037	0.072407	0.079096	0.1201299	0.1037736	0.1206897	0.1009772	0.0690909	0.0596026	0.0776942	0.076087	0.0498221	0.0637255	0.0979228	0.0683761	0.1221719	0.0932642	0.0974026	0.0733945	0.0371901	0.087963	0.0478589	
Chevalier stagnatile	0.0	0.0	0.0	0.0	0.0	0.0	0.0	0.0	0.0	0.0	0.0	0.0	0.0	0.0015	0.0015	0.0015	0.0	0.0	0.0	0.0	0.0	0.0	0.0	0.0015	0.0	0.0	0.0020576	0.0	0.0	0.0	0.0	0.0015	0.0	0.0	0.0	0.0	0.0	0.0	0.0	0.0	0.0	0.0	0.0	0.0	0.0	0.0	0.0	0.0	
Chevalier sylvain	0.0	0.0	0.0	0.0	0.0	0.0	0.0	0.0	0.0	0.0	0.0	0.0	0.0	0.0056818	0.0220994	0.0326087	0.0242057	0.0015	0.0031201	0.0	0.0	0.0	0.0026178	0.0041237	0.0052356	0.0063694	0.0041152	0.0136986	0.019774	0.0487013	0.0534591	0.0640394	0.0390879	0.0181818	0.0099338	0.0100251	0.0036232	0.0	0.0	0.0	0.0	0.0	0.0	0.0	0.0	0.0	0.0	0.0	
Chevalier gambette	0.0	0.0015	0.0	0.0	0.0	0.0	0.0	0.0	0.0	0.0283912	0.0029851	0.0218254	0.0178926	0.0170455	0.0349908	0.0475543	0.0801815	0.0485021	0.0530421	0.0146082	0.0084388	0.003096	0.0052356	0.0061856	0.0078534	0.0063694	0.0020576	0.0078278	0.0141243	0.012987	0.0062893	0.0098522	0.0130293	0.0036364	0.0066225	0.0075188	0.0036232	0.0035587	0.0	0.0059347	0.0015	0.0	0.0	0.0	0.0	0.0	0.0	0.0	
Chevalier à pattes jaunes	0.0	0.0	0.0	0.0	0.0	0.0	0.0	0.0	0.0	0.0	0.0	0.0	0.0	0.0	0.0	0.0	0.0	0.0	0.0	0.0	0.0	0.0	0.0	0.0	0.0	0.0	0.0	0.0	0.0	0.0	0.0	0.0	0.0	0.0	0.0	0.0	0.0	0.0035587	0.0	0.0	0.0	0.0	0.0	0.0	0.0	0.0	0.0	0.0	
Chevalier arlequin	0.0034014	0.0125392	0.0132743	0.0031056	0.0040323	0.0037313	0.0101781	0.0051948	0.0015	0.0094637	0.0029851	0.0039683	0.0039761	0.0037879	0.0184162	0.017663	0.0015129	0.0042796	0.0	0.0	0.0	0.0	0.0	0.0015	0.0026178	0.0015	0.0020576	0.0097847	0.0	0.0015	0.0220126	0.0147783	0.0325733	0.0015	0.013245	0.0175439	0.0289855	0.0035587	0.0147059	0.0326409	0.0042735	0.0135747	0.015544	0.0097403	0.0183486	0.0041322	0.0092593	0.0100756	
Chevalier aboyeur	0.0	0.0	0.0015	0.0	0.0	0.0074627	0.0025445	0.0025974	0.0015	0.0015	0.0029851	0.0039683	0.0099404	0.0284091	0.0515654	0.0774457	0.0816944	0.0228245	0.0062402	0.0039841	0.0021097	0.0	0.0026178	0.0020619	0.0026178	0.0063694	0.0061728	0.0215264	0.0169492	0.0162338	0.0534591	0.0517241	0.0553746	0.0690909	0.0397351	0.0250627	0.0326087	0.0213523	0.0147059	0.0356083	0.0042735	0.0045249	0.0015	0.0032468	0.0045872	0.0	0.0	0.0025189	
Tournepierre à collier	0.0	0.0	0.0	0.0	0.0	0.0	0.0	0.0	0.0	0.0	0.0	0.0	0.0	0.0	0.0015	0.0015	0.0030257	0.0014265	0.0	0.0	0.0021097	0.0	0.0	0.0	0.0	0.0015	0.0	0.0	0.0015	0.0015	0.0015	0.0015	0.0032573	0.0036364	0.0015	0.0015	0.0036232	0.0	0.0	0.0	0.0	0.0	0.0	0.0	0.0	0.0	0.0	0.0	
Bécasseau maubèche	0.0	0.0	0.0	0.0	0.0	0.0	0.0	0.0	0.0	0.0	0.0	0.0019841	0.0	0.0015	0.0	0.0	0.0030257	0.0028531	0.0015	0.0015	0.0	0.0	0.0	0.0	0.0	0.0	0.0	0.0	0.0028249	0.0	0.0015	0.0024631	0.0	0.0015	0.0	0.0025063	0.0	0.0	0.0	0.0059347	0.0	0.0	0.0	0.0	0.0045872	0.0015	0.0	0.0	
Combattant varié	0.0	0.0015	0.0	0.0031056	0.0080645	0.0015	0.0101781	0.0051948	0.0031949	0.0	0.0089552	0.0218254	0.0059642	0.0094697	0.0184162	0.0095109	0.0121029	0.0042796	0.0015601	0.0	0.0021097	0.0	0.0	0.0015	0.0052356	0.0021231	0.0041152	0.0058708	0.0225989	0.012987	0.0377358	0.0394089	0.029316	0.0363636	0.0397351	0.0350877	0.0507246	0.0142349	0.0196078	0.0207715	0.0299145	0.0135747	0.0103627	0.0015	0.0015	0.0	0.0092593	0.0025189	
Bécasseau cocorli	0.0	0.0	0.0	0.0	0.0	0.0	0.0	0.0	0.0	0.0	0.0	0.0	0.0	0.0	0.0	0.0015	0.0030257	0.0015	0.0031201	0.0	0.0021097	0.0	0.0	0.0	0.0	0.0	0.0015	0.0019569	0.0	0.0015	0.0015	0.0015	0.0065147	0.0015	0.0066225	0.0075188	0.0108696	0.0	0.0	0.0	0.0	0.0	0.0	0.0	0.0	0.0	0.0	0.0	
Bécasseau de Temminck	0.0	0.0	0.0	0.0	0.0	0.0	0.0	0.0	0.0	0.0	0.0	0.0	0.0	0.0	0.0	0.0040761	0.0166415	0.0015	0.0015601	0.0	0.0	0.0	0.0	0.0	0.0	0.0	0.0015	0.0	0.0	0.0015	0.0062893	0.0024631	0.0065147	0.0036364	0.0033113	0.0015	0.0	0.0	0.0	0.0	0.0	0.0	0.0	0.0	0.0	0.0	0.0	0.0	
Bécasseau sanderling	0.0	0.0	0.0	0.0	0.0	0.0	0.0	0.0	0.0	0.0	0.0	0.0	0.0	0.0015	0.0073665	0.0040761	0.0121029	0.0099857	0.0078003	0.0015	0.0	0.0	0.0	0.0	0.0	0.0	0.0	0.0	0.0	0.0	0.0015	0.0	0.0	0.0	0.0	0.0	0.0	0.0	0.0	0.0	0.0	0.0015	0.0	0.0015	0.0	0.0	0.0	0.0	
Bécasseau variable	0.0068027	0.0125392	0.0044248	0.0093168	0.0120968	0.0149254	0.0101781	0.0051948	0.0015	0.0157729	0.0119403	0.0099206	0.0079523	0.0015	0.0036832	0.0015	0.0151286	0.0099857	0.0031201	0.0015	0.0015	0.0	0.0	0.0	0.0	0.0021231	0.0	0.0078278	0.0112994	0.0064935	0.0283019	0.0295567	0.0032573	0.0472727	0.0529801	0.0325815	0.0942029	0.024911	0.0735294	0.0593472	0.0811966	0.0271493	0.0207254	0.0097403	0.0183486	0.0041322	0.0138889	0.0100756	
Bécasseau violet	0.0	0.0	0.0	0.0	0.0	0.0	0.0	0.0	0.0	0.0	0.0	0.0	0.0	0.0	0.0	0.0	0.0	0.0	0.0	0.0	0.0	0.0	0.0	0.0	0.0	0.0	0.0	0.0	0.0	0.0	0.0	0.0	0.0	0.0	0.0	0.0	0.0	0.0015	0.0	0.0	0.0	0.0	0.0	0.0	0.0	0.0	0.0	0.0	
Bécasseau minute	0.0015	0.0031348	0.0	0.0	0.0040323	0.0037313	0.0	0.0015	0.0	0.0031546	0.0029851	0.0019841	0.0039761	0.0015	0.0055249	0.0013587	0.0045386	0.0014265	0.0015	0.0	0.0	0.0	0.0	0.0	0.0	0.0	0.0	0.0058708	0.0056497	0.0015	0.0031447	0.0197044	0.0228013	0.0072727	0.0198675	0.0150376	0.0362319	0.0035587	0.004902	0.0089021	0.0015	0.0045249	0.0	0.0032468	0.0	0.0	0.0	0.0025189	
Bécasseau de Bonaparte	0.0	0.0	0.0	0.0	0.0	0.0	0.0	0.0	0.0	0.0	0.0	0.0	0.0	0.0	0.0	0.0	0.0015	0.0015	0.0	0.0	0.0	0.0	0.0	0.0	0.0	0.0	0.0	0.0	0.0	0.0	0.0	0.0073892	0.0	0.0	0.0	0.0	0.0	0.0	0.0	0.0	0.0	0.0	0.0	0.0	0.0	0.0	0.0	0.0	
Bécasseau tacheté	0.0	0.0	0.0	0.0	0.0	0.0	0.0	0.0	0.0	0.0	0.0	0.0	0.0	0.0	0.0	0.0	0.0	0.0	0.0	0.0	0.0	0.0	0.0	0.0	0.0	0.0	0.0	0.0	0.0	0.0	0.0	0.0	0.0065147	0.0015	0.0033113	0.0015	0.0	0.0	0.0	0.0	0.0	0.0015	0.0	0.0	0.0	0.0	0.0	0.0	
Calidris sp.	0.0	0.0	0.0	0.0	0.0	0.0	0.0	0.0	0.0	0.0	0.0	0.0	0.0	0.0	0.0	0.0	0.0	0.0	0.0	0.0	0.0	0.0	0.0	0.0	0.0	0.0	0.0	0.0	0.0	0.0	0.0	0.0	0.0	0.0	0.0	0.0	0.0	0.0	0.0	0.0029674	0.0	0.0	0.0	0.0	0.0	0.0	0.0	0.0	
scolopacidé sp.	0.0	0.0	0.0	0.0	0.0	0.0	0.0	0.0	0.0	0.0	0.0	0.0	0.0	0.0	0.0	0.0	0.0	0.0	0.0	0.0	0.0	0.0	0.0	0.0	0.0	0.0	0.0	0.0	0.0	0.0	0.0	0.0	0.0032573	0.0	0.0	0.0	0.0	0.0	0.0	0.0	0.0	0.0	0.0	0.0	0.0	0.0	0.0	0.0	
Courvite isabelle	0.0	0.0	0.0	0.0	0.0	0.0	0.0	0.0	0.0	0.0	0.0	0.0	0.0	0.0	0.0	0.0	0.0	0.0	0.0	0.0	0.0	0.0	0.0	0.0	0.0	0.0	0.0	0.0	0.0	0.0	0.0	0.0	0.0	0.0	0.0	0.0	0.0	0.0	0.0	0.0	0.0	0.0	0.0207254	0.0064935	0.0	0.0	0.0	0.0	
Glaréole à collier	0.0	0.0	0.0	0.0	0.0	0.0	0.0	0.0	0.0	0.0	0.0	0.0	0.0	0.0	0.0	0.0	0.0	0.0	0.0	0.0	0.0	0.0	0.0	0.0015	0.0	0.0	0.0	0.0	0.0	0.0	0.0	0.0	0.0	0.0	0.0	0.0	0.0	0.0	0.0	0.0	0.0	0.0	0.0	0.0	0.0	0.0	0.0	0.0	
limicole sp.	0.0	0.0	0.0	0.0	0.0040323	0.0	0.0025445	0.0	0.0	0.0	0.0	0.0	0.0019881	0.0	0.0018416	0.0	0.0	0.0014265	0.0	0.0	0.0	0.0	0.0	0.0	0.0	0.0	0.0020576	0.0019569	0.0	0.0	0.0031447	0.0	0.0	0.0	0.0	0.0	0.0	0.0035587	0.0	0.0059347	0.0	0.0	0.0	0.0	0.0	0.0041322	0.0	0.0	
Labbe parasite	0.0	0.0	0.0	0.0	0.0	0.0	0.0	0.0	0.0	0.0	0.0	0.0	0.0	0.0	0.0	0.0	0.0	0.0	0.0	0.0	0.0	0.0	0.0	0.0	0.0	0.0	0.0	0.0	0.0	0.0	0.0015	0.0049261	0.0032573	0.0	0.0	0.0	0.0	0.0	0.0	0.0	0.0	0.0	0.0	0.0015	0.0015	0.0	0.0	0.0	
Grand Labbe	0.0	0.0	0.0	0.0	0.0	0.0	0.0	0.0	0.0	0.0	0.0	0.0	0.0	0.0	0.0	0.0	0.0	0.0	0.0	0.0	0.0	0.0	0.0	0.0	0.0	0.0	0.0	0.0	0.0	0.0	0.0	0.0	0.0	0.0	0.0	0.0025063	0.0	0.0	0.0	0.0	0.0	0.0	0.0	0.0	0.0	0.0	0.0	0.0	
labbe sp.	0.0	0.0	0.0	0.0	0.0	0.0	0.0	0.0	0.0	0.0	0.0	0.0	0.0	0.0	0.0	0.0	0.0	0.0	0.0	0.0	0.0	0.0	0.0	0.0	0.0	0.0	0.0	0.0	0.0	0.0	0.0	0.0	0.0	0.0015	0.0	0.0	0.0	0.0	0.0	0.0	0.0	0.0	0.0	0.0	0.0	0.0	0.0	0.0	
Mouette pygmée	0.0	0.0015	0.0015	0.0015	0.0015	0.0015	0.0	0.0025974	0.0031949	0.0094637	0.0059701	0.0039683	0.0015	0.0056818	0.0073665	0.0067935	0.0015	0.0028531	0.0015601	0.0015	0.0	0.0	0.0	0.0	0.0	0.0	0.0	0.0	0.0	0.0	0.0	0.0015	0.0	0.0	0.0033113	0.0	0.0	0.0015	0.0	0.0059347	0.0128205	0.0090498	0.0051813	0.0194805	0.0	0.0041322	0.0046296	0.0	
Mouette tridactyle	0.0	0.0	0.0	0.0	0.0	0.0	0.0	0.0	0.0	0.0	0.0	0.0	0.0	0.0	0.0	0.0	0.0	0.0	0.0	0.0	0.0	0.0	0.0	0.0	0.0	0.0	0.0	0.0	0.0	0.0	0.0	0.0	0.0	0.0	0.0	0.0	0.0	0.0	0.0	0.0	0.0	0.0	0.0051813	0.0227273	0.0015	0.0041322	0.0015	0.0025189	
Mouette de Sabine	0.0	0.0	0.0	0.0	0.0	0.0	0.0	0.0	0.0	0.0	0.0	0.0	0.0	0.0015	0.0036832	0.0015	0.0	0.0	0.0	0.0	0.0	0.0	0.0	0.0015	0.0	0.0	0.0	0.0	0.0	0.0	0.0	0.0	0.0	0.0	0.0	0.0	0.0	0.0	0.0	0.0	0.0	0.0	0.0	0.0	0.0	0.0	0.0	0.0	
Mouette de Bonaparte	0.0	0.0	0.0	0.0	0.0	0.0	0.0	0.0	0.0	0.0	0.0015	0.0	0.0	0.0018939	0.0	0.0	0.0	0.0	0.0	0.0	0.0	0.0	0.0	0.0	0.0	0.0	0.0	0.0	0.0	0.0	0.0	0.0	0.0	0.0	0.0	0.0	0.0	0.0	0.0	0.0	0.0	0.0	0.0	0.0	0.0	0.0	0.0	0.0	
Mouette rieuse	0.1768707	0.1818182	0.1902655	0.1335404	0.1774194	0.1940299	0.1933842	0.2285714	0.2044728	0.2208202	0.1850746	0.234127	0.2306163	0.3162879	0.2615101	0.263587	0.2496218	0.2553495	0.2293292	0.2828685	0.2721519	0.2600619	0.2094241	0.2206186	0.2146597	0.2462845	0.2057613	0.3052838	0.2288136	0.2402597	0.1886792	0.2955665	0.3289902	0.2909091	0.2615894	0.2882206	0.25	0.1814947	0.2401961	0.272997	0.2564103	0.2579186	0.1658031	0.3214286	0.2798165	0.2396694	0.2962963	0.1561713	
Goéland d'Audouin	0.0	0.0	0.0	0.0	0.0	0.0	0.0	0.0	0.0	0.0	0.0	0.0	0.0	0.0	0.0	0.0	0.0015129	0.0	0.0	0.0	0.0	0.0	0.0	0.0	0.0	0.0	0.0	0.0	0.0	0.0	0.0	0.0	0.0	0.0	0.0	0.0	0.0	0.0	0.0	0.0	0.0	0.0	0.0	0.0	0.0	0.0	0.0	0.0	
Mouette mélanocéphale	0.0015	0.0015	0.0015	0.0031056	0.0080645	0.011194	0.0229008	0.0493506	0.0670927	0.0410095	0.0567164	0.0674603	0.0994036	0.094697	0.1012891	0.0747283	0.0468986	0.0285307	0.0202808	0.0239044	0.0316456	0.0263158	0.0235602	0.0206186	0.0157068	0.0276008	0.0020576	0.0215264	0.0084746	0.0097403	0.009434	0.0024631	0.0065147	0.0072727	0.0033113	0.0015	0.0	0.0	0.0	0.0	0.0	0.0015	0.0	0.0	0.0	0.0	0.0	0.0	
Hybride Mouette rieuse x M. mélanocéphale	0.0	0.0	0.0	0.0	0.0015	0.0	0.0	0.0025974	0.0	0.0015	0.0015	0.0015	0.0015	0.0	0.0	0.0	0.0015	0.0015	0.0015	0.0015	0.0015	0.0015	0.0015	0.0	0.0	0.0	0.0015	0.0015	0.0	0.0	0.0	0.0	0.0	0.0	0.0	0.0	0.0015	0.0	0.0	0.0	0.0	0.0	0.0	0.0	0.0	0.0	0.0	0.0	
Goéland cendré	0.0034014	0.0094044	0.0044248	0.0015	0.016129	0.011194	0.0025445	0.0025974	0.0063898	0.0015	0.0029851	0.0015	0.0	0.0	0.0	0.0	0.0	0.0	0.0	0.0	0.0	0.0	0.0	0.0	0.0	0.0	0.0	0.0	0.0	0.0	0.0	0.0015	0.0	0.0015	0.0	0.0	0.0015	0.0	0.0	0.0	0.0042735	0.0	0.0015	0.0064935	0.0045872	0.0015	0.0138889	0.0025189	
Goéland pontique	0.0102041	0.0031348	0.0088496	0.0015	0.016129	0.0149254	0.0015	0.0025974	0.0031949	0.0031546	0.0015	0.0015	0.0015	0.0015	0.0018416	0.0015	0.0015	0.0	0.0015	0.0	0.0	0.0	0.0	0.0	0.0	0.0	0.0	0.0	0.0	0.0	0.0	0.0	0.0	0.0	0.0	0.0015	0.0	0.0	0.0015	0.0	0.0	0.0015	0.0103627	0.0097403	0.0015	0.0015	0.0015	0.0015	
Goéland argenté	0.0102041	0.0125392	0.0132743	0.0031056	0.016129	0.0186567	0.0015	0.0025974	0.0031949	0.0031546	0.0015	0.0015	0.0015	0.0015	0.0018416	0.0015	0.0015129	0.0015	0.0015	0.0015	0.0015	0.001548	0.0015	0.0015	0.0015	0.0015	0.0015	0.0015	0.0	0.0	0.0062893	0.0015	0.0	0.0015	0.0099338	0.0075188	0.0	0.0071174	0.0	0.0	0.0015	0.0015	0.015544	0.0324675	0.0091743	0.0015	0.0046296	0.0025189	
Hybride Goéland pontique x G. argenté	0.0	0.0	0.0044248	0.0015	0.0040323	0.0037313	0.0	0.0	0.0	0.0	0.0	0.0	0.0	0.0	0.0	0.0	0.0	0.0	0.0	0.0	0.0	0.0	0.0	0.0	0.0	0.0	0.0	0.0	0.0	0.0	0.0	0.0	0.0	0.0	0.0	0.0	0.0	0.0	0.0	0.0	0.0	0.0	0.0	0.0	0.0	0.0	0.0	0.0	
Goéland leucophée	0.0952381	0.1222571	0.1061947	0.1055901	0.0967742	0.0895522	0.0966921	0.1194805	0.1118211	0.1072555	0.1164179	0.1289683	0.166998	0.1060606	0.106814	0.1005435	0.1255673	0.1212553	0.0811232	0.0916335	0.128692	0.0866873	0.052356	0.0824742	0.0680628	0.1019108	0.0884774	0.1428571	0.0706215	0.0844156	0.1069182	0.1231527	0.1368078	0.1127273	0.1125828	0.1077694	0.0942029	0.1067616	0.1176471	0.148368	0.1623932	0.2126697	0.134715	0.1623377	0.0963303	0.1404959	0.1527778	0.093199	
Goéland pontique ou G. leucophée	0.0	0.0	0.0	0.0	0.0	0.0	0.0	0.0025974	0.0	0.0	0.0	0.0	0.0	0.0	0.0	0.0	0.0	0.0	0.0	0.0	0.0	0.0	0.0	0.0	0.0	0.0	0.0	0.0	0.0	0.0	0.0	0.0	0.0	0.0	0.0	0.0	0.0	0.0	0.0	0.0	0.0	0.0	0.0	0.0	0.0	0.0	0.0	0.0	
Goéland marin	0.0	0.0031348	0.0	0.0015	0.0	0.0	0.0	0.0025974	0.0	0.0	0.0	0.0	0.0	0.0	0.0	0.0	0.0	0.0	0.0	0.001328	0.0	0.0	0.0	0.0	0.0	0.0015	0.0	0.0019569	0.0028249	0.0015	0.0015	0.0024631	0.0032573	0.0036364	0.0015	0.0025063	0.0	0.0	0.004902	0.0029674	0.0	0.0	0.0	0.0064935	0.0	0.0	0.0046296	0.0	
Goéland brun	0.037415	0.0344828	0.0309735	0.0186335	0.0403226	0.0223881	0.0178117	0.0181818	0.0159744	0.0094637	0.0059701	0.0079365	0.0059642	0.0075758	0.0092081	0.0054348	0.0136157	0.0071327	0.0031201	0.002656	0.0063291	0.004644	0.0	0.0020619	0.0026178	0.0084926	0.0123457	0.0039139	0.0056497	0.0064935	0.0125786	0.0098522	0.0130293	0.0072727	0.0198675	0.0075188	0.0072464	0.0142349	0.0245098	0.0267062	0.017094	0.0090498	0.0207254	0.0681818	0.0275229	0.0206612	0.0277778	0.0201511	
Goéland à ailes blanches	0.0	0.0031348	0.0	0.0	0.0	0.0	0.0	0.0	0.0	0.0	0.0	0.0	0.0	0.0	0.0	0.0	0.0	0.0	0.0	0.0	0.0	0.0	0.0	0.0	0.0	0.0	0.0	0.0	0.0	0.0	0.0	0.0	0.0	0.0	0.0	0.0	0.0	0.0	0.0	0.0	0.0	0.0	0.0	0.0	0.0	0.0	0.0	0.0	
goéland sp. (Larus sp.)	0.0	0.0	0.0044248	0.0062112	0.0	0.0	0.0025445	0.0	0.0	0.0	0.0029851	0.0039683	0.0059642	0.0018939	0.0073665	0.0054348	0.0030257	0.0028531	0.0046802	0.002656	0.0021097	0.0	0.0	0.0	0.0026178	0.0042463	0.0061728	0.0058708	0.0	0.0	0.0	0.0073892	0.0065147	0.0072727	0.0066225	0.0075188	0.0	0.0071174	0.0	0.0015	0.0	0.0045249	0.0	0.0032468	0.0045872	0.0	0.0	0.0	
goéland ou mouette sp.	0.0034014	0.0	0.0	0.0	0.0	0.0	0.0	0.0	0.0	0.0	0.0	0.0019841	0.0059642	0.0	0.0018416	0.0	0.0	0.0	0.0015601	0.001328	0.0021097	0.001548	0.0	0.0020619	0.0	0.0021231	0.0020576	0.0	0.0028249	0.0	0.0	0.0073892	0.0	0.0072727	0.0066225	0.0050125	0.0036232	0.0015	0.0	0.0	0.0	0.0090498	0.0051813	0.0064935	0.0091743	0.0	0.0	0.0	
Sterne naine	0.0	0.0	0.0	0.0	0.0	0.0	0.0	0.0	0.0	0.0	0.0	0.0	0.0	0.0	0.0	0.0040761	0.075643	0.0485021	0.0639626	0.0478088	0.0780591	0.0495356	0.0418848	0.0412371	0.039267	0.0488323	0.0390947	0.0587084	0.039548	0.0162338	0.0408805	0.0295567	0.009772	0.0015	0.0015	0.0	0.0	0.0	0.0	0.0	0.0	0.0	0.0	0.0	0.0	0.0	0.0	0.0	
Sterne hansel	0.0	0.0	0.0	0.0	0.0	0.0	0.0	0.0	0.0	0.0	0.0	0.0	0.0	0.0	0.0	0.0	0.0	0.0	0.0	0.0	0.0	0.0	0.0	0.0	0.0	0.0042463	0.0	0.0	0.0	0.0015	0.0	0.0	0.0	0.0	0.0	0.0	0.0	0.0	0.0	0.0	0.0	0.0	0.0	0.0	0.0	0.0	0.0	0.0	
Sterne caspienne	0.0	0.0	0.0	0.0	0.0	0.0	0.0	0.0	0.0	0.0	0.0	0.0	0.0015	0.0015	0.0	0.0015	0.0015	0.0	0.0	0.0	0.0	0.0	0.0	0.0	0.0015	0.0	0.0	0.0	0.0	0.0	0.0	0.0	0.0015	0.0015	0.0033113	0.0050125	0.0	0.0	0.0	0.0	0.0	0.0	0.0	0.0	0.0	0.0	0.0	0.0	
Guifette moustac	0.0	0.0	0.0	0.0	0.0	0.0	0.0	0.0	0.0	0.0	0.0	0.0039683	0.0198807	0.0473485	0.0607735	0.080163	0.1210287	0.128388	0.1029641	0.1474104	0.0991561	0.119195	0.0680628	0.0927835	0.0732984	0.1316348	0.063786	0.0939335	0.1214689	0.1233766	0.0597484	0.0566502	0.0228013	0.0254545	0.0033113	0.0015	0.0015	0.0	0.004902	0.0	0.0	0.0	0.0	0.0	0.0	0.0	0.0	0.0	
Guifette noire	0.0	0.0	0.0	0.0	0.0	0.0	0.0	0.0	0.0	0.0	0.0	0.0	0.0015	0.0018939	0.0036832	0.0095109	0.0166415	0.0199715	0.0187207	0.0119522	0.0015	0.003096	0.0026178	0.0015	0.0052356	0.0015	0.0041152	0.0019569	0.0028249	0.0097403	0.0188679	0.0197044	0.0358306	0.0218182	0.0066225	0.0100251	0.0015	0.0	0.0	0.0029674	0.0	0.0	0.0015	0.0	0.0	0.0	0.0	0.0	
Guifette leucoptère	0.0	0.0	0.0	0.0	0.0	0.0	0.0	0.0	0.0	0.0	0.0	0.0	0.0	0.0	0.0018416	0.0013587	0.0045386	0.0057061	0.0	0.001328	0.0015	0.0	0.0015	0.0	0.0	0.0	0.0	0.0	0.0	0.0	0.0031447	0.0	0.0032573	0.0015	0.0	0.0	0.0	0.0	0.0	0.0	0.0	0.0	0.0	0.0	0.0	0.0	0.0	0.0	
Sterne arctique	0.0	0.0	0.0	0.0	0.0	0.0	0.0	0.0	0.0	0.0	0.0	0.0	0.0	0.0	0.0	0.0	0.0015	0.0	0.0	0.0	0.0	0.0	0.0	0.0	0.0	0.0	0.0	0.0	0.0	0.0	0.0	0.0	0.0	0.0	0.0	0.0	0.0	0.0	0.0015	0.0089021	0.008547	0.0	0.0	0.0	0.0	0.0	0.0	0.0	
Sterne pierregarin	0.0	0.0	0.0	0.0	0.0	0.0	0.0	0.0	0.0	0.0015	0.0029851	0.0218254	0.0854871	0.1098485	0.1325967	0.1548913	0.2057489	0.1455064	0.1450858	0.1341301	0.1962025	0.1408669	0.1099476	0.1298969	0.1387435	0.1592357	0.1111111	0.1878669	0.1045198	0.1168831	0.091195	0.0788177	0.0488599	0.0181818	0.0165563	0.0100251	0.0015	0.0	0.0	0.0015	0.017094	0.0	0.0	0.0	0.0	0.0	0.0	0.0	
Sterne caugek	0.0	0.0	0.0	0.0	0.0	0.0	0.0	0.0	0.0	0.0	0.0	0.0	0.0015	0.0	0.0015	0.0	0.0	0.0015	0.0	0.0	0.0	0.0	0.0	0.0015	0.0	0.0015	0.0	0.0015	0.0028249	0.0	0.0	0.0	0.0015	0.0	0.0	0.0	0.0	0.0	0.0	0.0	0.0	0.0	0.0	0.0	0.0	0.0	0.0	0.0	
sterne sp.	0.0	0.0	0.0	0.0	0.0	0.0	0.0	0.0	0.0	0.0	0.0	0.0	0.0	0.0	0.0015	0.0027174	0.0015129	0.0	0.0	0.0053121	0.0	0.0015	0.0026178	0.0020619	0.0	0.0	0.0	0.0019569	0.0	0.0	0.0031447	0.0	0.0	0.0	0.0	0.0025063	0.0036232	0.0015	0.0	0.0	0.0	0.0	0.0	0.0	0.0	0.0	0.0	0.0	
Flamant rose	0.0	0.0	0.0044248	0.0	0.0	0.0	0.0	0.0	0.0	0.0	0.0	0.0019841	0.0	0.0	0.0018416	0.0	0.0	0.0014265	0.0015601	0.0	0.0015	0.0	0.0	0.0	0.0	0.0	0.0	0.0	0.0	0.0	0.0	0.0	0.0	0.0	0.0	0.0	0.0015	0.0	0.0	0.0015	0.0	0.0	0.0	0.0	0.0	0.0	0.0	0.0	
Grèbe castagneux	0.0816327	0.0940439	0.0619469	0.0745342	0.108871	0.1044776	0.0966921	0.0961039	0.086262	0.0757098	0.0865672	0.0694444	0.0755467	0.092803	0.0847145	0.0679348	0.0726172	0.0684736	0.074883	0.063745	0.0654008	0.0712074	0.091623	0.0701031	0.0602094	0.1061571	0.0596708	0.0998043	0.1497175	0.1428571	0.1257862	0.1403941	0.1498371	0.1636364	0.1225166	0.1453634	0.2246377	0.1530249	0.1470588	0.1780415	0.1581197	0.1266968	0.1139896	0.1266234	0.087156	0.0785124	0.1203704	0.0730479	
Grèbe esclavon	0.0	0.0	0.0	0.0	0.0015	0.0	0.0	0.0025974	0.0	0.0	0.0	0.0	0.0	0.0	0.0	0.0054348	0.0015129	0.0014265	0.0031201	0.0015	0.0	0.0	0.0015	0.0	0.0	0.0	0.0	0.0	0.0	0.0	0.0	0.0	0.0	0.0	0.0	0.0	0.0	0.0	0.0	0.0	0.0	0.0	0.0	0.0015	0.0015	0.0041322	0.0	0.0	
Grèbe jougris	0.0	0.0031348	0.0044248	0.0	0.0040323	0.0	0.0	0.0025974	0.0	0.0031546	0.0	0.0	0.0	0.0015	0.0015	0.0015	0.0	0.0	0.0	0.0	0.0	0.0	0.0	0.0	0.0	0.0	0.0015	0.0	0.0	0.0	0.0	0.0	0.0	0.0	0.0	0.0	0.0	0.0	0.0	0.0059347	0.0	0.0	0.0	0.0	0.0015	0.0	0.0	0.0	
Grèbe huppé	0.1496599	0.1974922	0.1946903	0.1863354	0.2298387	0.2014925	0.1959288	0.2077922	0.14377	0.1735016	0.1313433	0.1369048	0.1530815	0.2348485	0.1915285	0.1915761	0.1981846	0.1997147	0.1638066	0.2231076	0.1582278	0.1625387	0.1753927	0.1195876	0.1308901	0.1528662	0.0946502	0.1291585	0.1723164	0.2045455	0.1383648	0.1600985	0.1400651	0.1818182	0.1258278	0.1679198	0.1884058	0.1530249	0.1421569	0.2255193	0.1666667	0.1538462	0.1295337	0.1915584	0.1513761	0.2272727	0.2268519	0.1763224	
Grèbe à cou noir	0.0034014	0.0015	0.0044248	0.0031056	0.0080645	0.0335821	0.0279898	0.0545455	0.0543131	0.0567823	0.0537313	0.0337302	0.0636183	0.0833333	0.0515654	0.0461957	0.0574887	0.0570613	0.0358814	0.0491368	0.021097	0.0479876	0.026178	0.0268041	0.026178	0.0403397	0.0144033	0.0293542	0.0480226	0.0487013	0.0251572	0.0246305	0.0260586	0.0363636	0.013245	0.0325815	0.0543478	0.0177936	0.0490196	0.041543	0.0213675	0.0090498	0.0259067	0.0194805	0.0045872	0.0247934	0.0092593	0.0050378	
Plongeon catmarin	0.0	0.0	0.0	0.0	0.0	0.0	0.0	0.0	0.0	0.0	0.0	0.0	0.0	0.0	0.0	0.0	0.0	0.0	0.0	0.0	0.0	0.0	0.0	0.0	0.0	0.0	0.0	0.0	0.0	0.0	0.0	0.0	0.0	0.0	0.0	0.0	0.0	0.0	0.0	0.0	0.0	0.0	0.0	0.0015	0.0015	0.0	0.0	0.0025189	
Plongeon arctique	0.0	0.0	0.0	0.0	0.0	0.0	0.0	0.0	0.0	0.0	0.0	0.0	0.0	0.0	0.0	0.0	0.0	0.0	0.0	0.0	0.0	0.0	0.0	0.0	0.0	0.0	0.0	0.0	0.0	0.0	0.0	0.0	0.0	0.0	0.0	0.0	0.0	0.0	0.0	0.0	0.0	0.0	0.0	0.0032468	0.0	0.0	0.0	0.0	
Plongeon imbrin	0.0015	0.0015	0.0	0.0	0.0040323	0.0	0.0025445	0.0	0.0015	0.0	0.0	0.0	0.0	0.0	0.0	0.0	0.0	0.0	0.0	0.0	0.0	0.0	0.0	0.0	0.0	0.0	0.0	0.0	0.0	0.0	0.0	0.0	0.0	0.0	0.0	0.0	0.0	0.0	0.0	0.0	0.0	0.0045249	0.0051813	0.0032468	0.0015	0.0041322	0.0046296	0.0075567	
Océanite culblanc	0.0	0.0	0.0	0.0	0.0	0.0	0.0	0.0	0.0	0.0	0.0	0.0	0.0	0.0	0.0	0.0	0.0	0.0	0.0	0.0	0.0	0.0	0.0	0.0	0.0	0.0	0.0	0.0	0.0	0.0	0.0	0.0	0.0	0.0	0.0	0.0	0.0	0.0	0.0	0.0	0.017094	0.0	0.0	0.0	0.0	0.0	0.0	0.0	
Cigogne noire	0.0	0.0	0.0	0.0	0.0	0.0	0.0	0.0	0.0015	0.0094637	0.0089552	0.0138889	0.0159046	0.0075758	0.0257827	0.0108696	0.0196672	0.0114123	0.0109204	0.0106242	0.021097	0.0139319	0.0235602	0.0226804	0.026178	0.0191083	0.0164609	0.0097847	0.0310734	0.0227273	0.0440252	0.0320197	0.0456026	0.0363636	0.0331126	0.0150376	0.0036232	0.0	0.004902	0.0	0.0	0.0	0.0	0.0015	0.0	0.0	0.0	0.0	
Cigogne blanche	0.0	0.0015	0.0015	0.0062112	0.0040323	0.011194	0.0203562	0.0077922	0.0191693	0.0126183	0.0298507	0.0119048	0.0039761	0.0113636	0.0128913	0.0149457	0.0060514	0.0085592	0.0124805	0.0066401	0.0042194	0.004644	0.0078534	0.0041237	0.0052356	0.0042463	0.0020576	0.0058708	0.0056497	0.0064935	0.0125786	0.0098522	0.0065147	0.0072727	0.0033113	0.0075188	0.0015	0.0015	0.0	0.0015	0.0015	0.0045249	0.0	0.0	0.0	0.0	0.0	0.0050378	
cigogne sp.	0.0	0.0	0.0	0.0	0.0	0.0	0.0	0.0	0.0	0.0	0.0	0.0	0.0	0.0	0.0	0.0	0.0015	0.0	0.0	0.0	0.0	0.0	0.0	0.0	0.0	0.0	0.0	0.0	0.0	0.0	0.0	0.0	0.0	0.0	0.0	0.0	0.0	0.0	0.0	0.0	0.0	0.0	0.0	0.0	0.0	0.0	0.0	0.0	
Grand Cormoran	0.292517	0.2821317	0.2654867	0.2826087	0.3387097	0.2910448	0.2315522	0.2675325	0.2460064	0.2492114	0.2179104	0.1825397	0.2186879	0.1837121	0.2025783	0.1589674	0.1573374	0.1355207	0.124805	0.12749	0.1223629	0.1145511	0.0968586	0.0989691	0.1308901	0.1974522	0.1358025	0.1819961	0.1723164	0.2207792	0.1698113	0.2315271	0.286645	0.2836364	0.2284768	0.2681704	0.2826087	0.2491103	0.2941176	0.3827893	0.3675214	0.3936652	0.2746114	0.3636364	0.3577982	0.3595041	0.3657407	0.3501259	
Cormoran huppé	0.0	0.0	0.0	0.0	0.0	0.0	0.0	0.0	0.0	0.0	0.0	0.0	0.0	0.0	0.0	0.0	0.0	0.0	0.0	0.0	0.0	0.0	0.0	0.0	0.0	0.0	0.0	0.0	0.0	0.0	0.0	0.0	0.0	0.0	0.0	0.0	0.0	0.0	0.0	0.0	0.0	0.0090498	0.0	0.0	0.0	0.0	0.0	0.0	
Ibis falcinelle	0.0	0.0	0.0	0.0	0.0	0.0	0.0	0.0	0.0015	0.0015	0.0029851	0.0059524	0.0	0.0	0.0018416	0.0015	0.0015	0.0028531	0.0015601	0.0039841	0.0021097	0.001548	0.0	0.0020619	0.0026178	0.0	0.0020576	0.0058708	0.0056497	0.0064935	0.0	0.0049261	0.0015	0.0	0.0099338	0.0	0.0015	0.0	0.004902	0.0059347	0.0	0.0090498	0.0015	0.0	0.0015	0.0041322	0.0015	0.0025189	
Ibis sacré	0.0	0.0	0.0	0.0	0.0	0.0	0.0	0.0	0.0	0.0	0.0	0.0	0.0	0.0	0.0	0.0	0.0	0.0	0.0	0.0	0.0	0.0	0.0	0.0	0.0	0.0	0.0	0.0	0.0	0.0	0.0	0.0	0.0	0.0036364	0.0	0.0	0.0	0.0	0.0	0.0	0.0	0.0	0.0	0.0	0.0	0.0	0.0	0.0	
Spatule blanche	0.0068027	0.0125392	0.0221239	0.0062112	0.0080645	0.0074627	0.0127226	0.0025974	0.0031949	0.0063091	0.0029851	0.0019841	0.0039761	0.0094697	0.0036832	0.0108696	0.0090772	0.0114123	0.0093604	0.0119522	0.0063291	0.0092879	0.0015	0.0103093	0.0015	0.0127389	0.0102881	0.0078278	0.0112994	0.0194805	0.0408805	0.0221675	0.0162866	0.0181818	0.0364238	0.0175439	0.0217391	0.0106762	0.004902	0.0118694	0.0384615	0.0226244	0.0051813	0.0097403	0.0045872	0.0123967	0.0015	0.0201511	
Butor étoilé	0.0034014	0.0031348	0.0015	0.0031056	0.0	0.0015	0.0076336	0.0015	0.0	0.0	0.0015	0.0059524	0.0099404	0.0094697	0.0110497	0.0027174	0.0045386	0.0057061	0.0046802	0.002656	0.0021097	0.0015	0.0	0.0	0.0015	0.0	0.0	0.0015	0.0	0.0032468	0.0	0.0	0.0032573	0.0	0.0015	0.0	0.0	0.0015	0.0	0.0015	0.0042735	0.0090498	0.0015	0.0064935	0.0015	0.0015	0.0015	0.0075567	
Blongios nain	0.0	0.0	0.0	0.0	0.0	0.0	0.0	0.0	0.0	0.0	0.0015	0.0	0.0	0.0	0.0	0.0015	0.0060514	0.0057061	0.0046802	0.0119522	0.0063291	0.0077399	0.0209424	0.014433	0.026178	0.0127389	0.0144033	0.0078278	0.0112994	0.0324675	0.0015	0.0024631	0.0015	0.0015	0.0033113	0.0015	0.0	0.0015	0.0015	0.0	0.0	0.0	0.0	0.0	0.0	0.0	0.0	0.0	
Bihoreau gris	0.0272109	0.0062696	0.0309735	0.015528	0.0201613	0.0149254	0.0152672	0.0155844	0.0095847	0.022082	0.0015	0.0218254	0.0178926	0.0416667	0.0257827	0.0271739	0.0605144	0.0513552	0.0655226	0.0863214	0.1012658	0.0835913	0.0471204	0.0824742	0.0602094	0.0849257	0.0493827	0.0802348	0.0508475	0.0681818	0.0471698	0.0566502	0.0456026	0.0363636	0.0331126	0.0150376	0.0144928	0.0106762	0.0196078	0.0178042	0.025641	0.0226244	0.0051813	0.0162338	0.0321101	0.0330579	0.0231481	0.0151134	
Aigrette garzette	0.1088435	0.1222571	0.1238938	0.0869565	0.1330645	0.0820896	0.0610687	0.0649351	0.0638978	0.1135647	0.0925373	0.1011905	0.1172962	0.0890152	0.0865562	0.1100543	0.1452345	0.1426534	0.1404056	0.1726428	0.2088608	0.1764706	0.1544503	0.1628866	0.1675393	0.2165605	0.1790123	0.2915851	0.2881356	0.2402597	0.2201258	0.2980296	0.3941368	0.2690909	0.2682119	0.2481203	0.2137681	0.1957295	0.2009804	0.2373887	0.2521368	0.2217195	0.1450777	0.2337662	0.1788991	0.1280992	0.1574074	0.138539	
Aigrette des récifs	0.0	0.0	0.0	0.0	0.0	0.0	0.0	0.0	0.0	0.0	0.0	0.0	0.0	0.0	0.0	0.0013587	0.0	0.0	0.0	0.0	0.0	0.0	0.0	0.0	0.0	0.0	0.0	0.0	0.0	0.0	0.0	0.0	0.0	0.0	0.0	0.0	0.0	0.0	0.0	0.0	0.0	0.0	0.0	0.0	0.0	0.0	0.0	0.0	
Hybride Aigrette garzette x A. des récifs	0.0	0.0	0.0	0.0	0.0015	0.0015	0.0	0.0	0.0	0.0	0.0	0.0	0.0	0.0	0.0	0.0	0.0	0.0	0.0	0.0	0.0	0.0	0.0	0.0	0.0	0.0	0.0	0.0015	0.0	0.0	0.0015	0.0	0.0	0.0015	0.0	0.0	0.0	0.0	0.0	0.0	0.0015	0.0	0.0	0.0	0.0	0.0	0.0	0.0	
Crabier chevelu	0.0	0.0	0.0	0.0	0.0	0.0	0.0	0.0	0.0	0.0	0.0	0.0	0.0019881	0.0	0.0018416	0.0027174	0.0045386	0.0028531	0.0031201	0.001328	0.0	0.001548	0.0052356	0.0041237	0.0015	0.0063694	0.0041152	0.0039139	0.0028249	0.0015	0.0062893	0.0049261	0.0015	0.0015	0.0	0.0025063	0.0	0.0	0.0	0.0	0.0	0.0	0.0	0.0	0.0	0.0	0.0	0.0	
Héron garde-boeufs	0.0646259	0.0438871	0.0176991	0.0310559	0.0282258	0.0261194	0.0534351	0.0233766	0.0255591	0.044164	0.0537313	0.0714286	0.0695825	0.0719697	0.0976059	0.1005435	0.1240545	0.10699	0.1232449	0.1500664	0.1624473	0.1331269	0.117801	0.0989691	0.117801	0.1295117	0.1440329	0.1213307	0.1694915	0.1655844	0.1509434	0.1576355	0.1433225	0.1563636	0.1291391	0.0902256	0.0652174	0.0854093	0.127451	0.1275964	0.0769231	0.0633484	0.0621762	0.0551948	0.0504587	0.0371901	0.0231481	0.0478589	
Grande Aigrette	0.255102	0.2884013	0.2566372	0.2608696	0.2258065	0.2574627	0.2086514	0.187013	0.1373802	0.1640379	0.1731343	0.1210317	0.1093439	0.1079545	0.1086556	0.1019022	0.0816944	0.0756063	0.0826833	0.0836653	0.0991561	0.0712074	0.065445	0.1092784	0.104712	0.1273885	0.0864198	0.146771	0.2146893	0.2564935	0.1823899	0.2413793	0.2345277	0.2727273	0.2284768	0.3032581	0.3007246	0.2775801	0.2598039	0.3412463	0.4017094	0.3076923	0.2953368	0.3311688	0.293578	0.2809917	0.337963	0.2896725	
Héron cendré	0.3061224	0.3291536	0.3141593	0.2732919	0.3024194	0.3171642	0.2417303	0.238961	0.2172524	0.2397476	0.241791	0.2440476	0.2564612	0.2840909	0.3130755	0.2894022	0.3025719	0.2838802	0.2792512	0.2908367	0.3206751	0.2894737	0.2984293	0.2618557	0.2984293	0.3205945	0.2654321	0.3522505	0.3728814	0.3668831	0.3396226	0.4384236	0.4625407	0.4654545	0.3741722	0.4411028	0.4130435	0.341637	0.3676471	0.3976261	0.4401709	0.4072398	0.3316062	0.4415584	0.412844	0.3884298	0.3657407	0.3324937	
Héron pourpré	0.0	0.0	0.0	0.0	0.0	0.0	0.0	0.0	0.0	0.0	0.0	0.0039683	0.0099404	0.0530303	0.0736648	0.0679348	0.0998487	0.0912981	0.1185647	0.1341301	0.1012658	0.120743	0.0759162	0.0969072	0.091623	0.1273885	0.0843621	0.0978474	0.1214689	0.0974026	0.0880503	0.1059113	0.0814332	0.0618182	0.0298013	0.0150376	0.0036232	0.0035587	0.004902	0.0	0.0042735	0.0015	0.0	0.0	0.0	0.0	0.0	0.0	
Pélican blanc	0.0	0.0	0.0	0.0	0.0	0.0	0.0	0.0	0.0	0.0	0.0	0.0	0.0	0.0	0.0015	0.0013587	0.0	0.0	0.0	0.0	0.0	0.0	0.0	0.0	0.0	0.0	0.0	0.0	0.0	0.0	0.0	0.0	0.0	0.0	0.0	0.0	0.0	0.0	0.0	0.0	0.0	0.0	0.0	0.0	0.0	0.0	0.0	0.0	
Balbuzard pêcheur	0.0	0.0031348	0.0	0.0	0.0	0.0015	0.0025445	0.0015	0.0015	0.0157729	0.0208955	0.031746	0.0616302	0.0549242	0.0552486	0.0326087	0.0347958	0.0271041	0.0296412	0.0292165	0.0379747	0.0294118	0.013089	0.0329897	0.0418848	0.0552017	0.0473251	0.0293542	0.0169492	0.0292208	0.0471698	0.044335	0.0814332	0.0618182	0.0596026	0.0225564	0.0217391	0.0106762	0.004902	0.0	0.0	0.0015	0.0	0.0	0.0	0.0	0.0	0.0025189	
Élanion blanc	0.0068027	0.0250784	0.0132743	0.015528	0.0120968	0.0015	0.0127226	0.0051948	0.0127796	0.0063091	0.0059701	0.015873	0.0039761	0.0075758	0.0092081	0.0040761	0.0030257	0.0042796	0.0031201	0.002656	0.0042194	0.001548	0.0078534	0.0020619	0.013089	0.0042463	0.0020576	0.0039139	0.0084746	0.0015	0.0062893	0.0073892	0.0032573	0.0015	0.0099338	0.0025063	0.0144928	0.0071174	0.0098039	0.0089021	0.0042735	0.0045249	0.0051813	0.0064935	0.0045872	0.0123967	0.0046296	0.0075567	
Bondrée apivore	0.0	0.0	0.0	0.0	0.0	0.0	0.0	0.0	0.0	0.0	0.0	0.0	0.0	0.0	0.0018416	0.0040761	0.0287443	0.0356633	0.0343214	0.0438247	0.0443038	0.0402477	0.0445026	0.057732	0.117801	0.104034	0.0843621	0.0782779	0.0649718	0.0876623	0.0345912	0.0320197	0.0390879	0.0036364	0.0015	0.0025063	0.0	0.0	0.0	0.0	0.0	0.0	0.0	0.0	0.0	0.0	0.0	0.0	
Vautour fauve	0.0	0.0	0.0	0.0	0.0	0.0	0.0	0.0	0.0	0.0	0.0	0.0	0.0	0.0	0.0	0.0015	0.0	0.0015	0.0	0.0015	0.0015	0.0	0.0	0.0	0.0	0.0	0.0	0.0	0.0	0.0	0.0	0.0	0.0	0.0	0.0	0.0	0.0	0.0	0.0	0.0	0.0	0.0	0.0	0.0	0.0	0.0	0.0	0.0	
Circaète Jean-le-Blanc	0.0	0.0	0.0	0.0	0.0	0.0	0.0	0.0	0.0	0.0031546	0.038806	0.0198413	0.0377734	0.0208333	0.0460405	0.0285326	0.0166415	0.0128388	0.0218409	0.0212483	0.0253165	0.0356037	0.039267	0.0371134	0.0602094	0.0700637	0.0308642	0.0313112	0.0282486	0.0227273	0.0314465	0.0147783	0.0228013	0.0363636	0.0165563	0.0015	0.0015	0.0	0.0	0.0	0.0	0.0	0.0	0.0	0.0	0.0	0.0	0.0	
Aigle criard	0.0	0.0	0.0	0.0	0.0	0.0	0.0	0.0025974	0.0	0.0	0.0	0.0	0.0	0.0	0.0	0.0	0.0	0.0	0.0	0.0	0.0	0.0	0.0	0.0	0.0	0.0	0.0	0.0	0.0	0.0	0.0	0.0	0.0	0.0	0.0	0.0	0.0	0.0	0.0	0.0	0.0	0.0	0.0	0.0	0.0	0.0	0.0	0.0	
Aigle botté	0.0	0.0	0.0	0.0	0.0	0.0	0.0050891	0.0015	0.0	0.0	0.0015	0.0059524	0.0119284	0.0170455	0.0092081	0.013587	0.0090772	0.0015	0.0031201	0.0092961	0.0042194	0.0139319	0.0104712	0.014433	0.0445026	0.0254777	0.0288066	0.0156556	0.0084746	0.0162338	0.009434	0.0049261	0.0015	0.0036364	0.0033113	0.0050125	0.0	0.0	0.0	0.0	0.0	0.0	0.0	0.0	0.0	0.0	0.0	0.0	
Aigle impérial	0.0	0.0	0.0	0.0	0.0	0.0	0.0	0.0	0.0	0.0	0.0	0.0015	0.0019881	0.0	0.0	0.0	0.0	0.0	0.0	0.0	0.0	0.0	0.0	0.0	0.0	0.0	0.0	0.0	0.0	0.0	0.0	0.0	0.0	0.0	0.0	0.0	0.0	0.0	0.0	0.0	0.0	0.0	0.0	0.0	0.0	0.0	0.0	0.0	
Aquila sp.	0.0	0.0	0.0	0.0	0.0	0.0	0.0	0.0	0.0	0.0	0.0	0.0	0.0	0.0	0.0	0.0	0.0	0.0	0.0	0.0	0.0	0.0	0.0	0.0	0.0	0.0	0.0	0.0	0.0	0.0	0.0	0.0	0.0015	0.0	0.0	0.0	0.0	0.0	0.0	0.0	0.0	0.0	0.0	0.0	0.0	0.0	0.0	0.0	
Épervier d'Europe	0.0442177	0.0532915	0.0176991	0.0372671	0.0564516	0.0634328	0.0559796	0.0493506	0.0670927	0.0694006	0.0925373	0.0972222	0.0735586	0.0454545	0.0791897	0.0394022	0.0287443	0.0085592	0.0156006	0.0132802	0.0295359	0.0139319	0.0235602	0.043299	0.0706806	0.0488323	0.0452675	0.0450098	0.0536723	0.0487013	0.0471698	0.0566502	0.0456026	0.0545455	0.0463576	0.0451128	0.0289855	0.0391459	0.0588235	0.0771513	0.1025641	0.0950226	0.0673575	0.0357143	0.0366972	0.0413223	0.037037	0.0629723	
Autour des palombes	0.0068027	0.0125392	0.0132743	0.0	0.0040323	0.011194	0.0050891	0.0051948	0.0223642	0.0157729	0.0328358	0.015873	0.0258449	0.0094697	0.0073665	0.0081522	0.0030257	0.0042796	0.0046802	0.0039841	0.0063291	0.004644	0.0104712	0.0164948	0.0235602	0.0169851	0.0144033	0.0078278	0.0056497	0.0015	0.0031447	0.0024631	0.0065147	0.0015	0.0033113	0.0075188	0.0015	0.0035587	0.0098039	0.0059347	0.017094	0.0135747	0.0	0.0064935	0.0045872	0.0082645	0.0015	0.0100756	
Épervier d'Europe ou Autour des palombes	0.0	0.0	0.0	0.0	0.0	0.0	0.0	0.0	0.0	0.0	0.0	0.0	0.0	0.0	0.0	0.0	0.0	0.0	0.0	0.0	0.0	0.0	0.0015	0.0	0.0	0.0021231	0.0015	0.0	0.0	0.0	0.0	0.0	0.0	0.0	0.0	0.0	0.0	0.0	0.0	0.0	0.0	0.0	0.0	0.0	0.0	0.0	0.0	0.0	
Busard des roseaux	0.0272109	0.031348	0.0221239	0.0341615	0.0201613	0.0410448	0.0508906	0.0207792	0.0095847	0.0630915	0.0507463	0.0555556	0.0695825	0.0700758	0.06814	0.0570652	0.0620272	0.0413695	0.0561622	0.0756972	0.0506329	0.0371517	0.0235602	0.0350515	0.039267	0.0403397	0.0185185	0.0293542	0.0423729	0.0194805	0.0314465	0.0295567	0.0521173	0.0654545	0.0430464	0.0551378	0.0362319	0.0213523	0.0196078	0.0623145	0.0641026	0.0271493	0.015544	0.0194805	0.0321101	0.0289256	0.0231481	0.0428212	
Busard Saint-Martin	0.0204082	0.031348	0.0176991	0.0310559	0.0322581	0.0223881	0.0127226	0.025974	0.0415335	0.0252366	0.0656716	0.0456349	0.0516899	0.032197	0.06814	0.0353261	0.0302572	0.0271041	0.0093604	0.0212483	0.021097	0.0247678	0.039267	0.014433	0.026178	0.0212314	0.0041152	0.0156556	0.0141243	0.0227273	0.0157233	0.0295567	0.0260586	0.04	0.013245	0.0250627	0.0181159	0.0106762	0.0196078	0.0385757	0.0512821	0.040724	0.0362694	0.038961	0.0275229	0.0206612	0.0324074	0.0478589	
Busard pâle	0.0	0.0	0.0	0.0	0.0	0.0	0.0	0.0	0.0	0.0	0.0	0.0015	0.0039761	0.0	0.0015	0.0015	0.0015	0.0	0.0015	0.0	0.0015	0.0015	0.0	0.0015	0.0015	0.0015	0.0	0.0	0.0	0.0	0.0	0.0	0.0	0.0015	0.0015	0.0015	0.0	0.0	0.0	0.0015	0.0	0.0	0.0	0.0	0.0	0.0	0.0	0.0015	
Busard cendré	0.0	0.0	0.0	0.0	0.0	0.0	0.0	0.0	0.0	0.0	0.0	0.0015	0.0039761	0.0113636	0.0110497	0.0190217	0.01059	0.0128388	0.0234009	0.0146082	0.0189873	0.0154799	0.0209424	0.0123711	0.0052356	0.0063694	0.0082305	0.0039139	0.0084746	0.012987	0.0125786	0.0015	0.0032573	0.0015	0.0	0.0025063	0.0	0.0	0.0015	0.0	0.0	0.0	0.0	0.0	0.0	0.0	0.0	0.0	
Busard Saint-Martin ou B. cendré	0.0	0.0	0.0	0.0	0.0	0.0	0.0	0.0	0.0	0.0	0.0	0.0	0.0	0.0	0.0	0.0	0.0	0.0	0.0	0.0	0.0	0.0	0.0	0.0	0.0	0.0	0.0041152	0.0	0.0	0.0	0.0	0.0	0.0	0.0	0.0	0.0	0.0	0.0	0.0	0.0	0.0	0.0	0.0	0.0	0.0	0.0	0.0	0.0	
busard sp.	0.0	0.0	0.0	0.0	0.0	0.0037313	0.0	0.0	0.0	0.0	0.0	0.0019841	0.0	0.0018939	0.0	0.0	0.0	0.0	0.0	0.001328	0.0	0.0015	0.0026178	0.0020619	0.0015	0.0015	0.0	0.0015	0.0028249	0.0	0.0031447	0.0	0.0	0.0	0.0	0.0	0.0	0.0	0.0	0.0	0.0	0.0	0.0	0.0	0.0	0.0041322	0.0	0.0	
Milan royal	0.0	0.0031348	0.0	0.0015	0.0040323	0.0	0.0	0.0025974	0.0031949	0.0063091	0.0089552	0.0119048	0.0079523	0.0094697	0.0073665	0.0054348	0.0060514	0.0028531	0.0062402	0.0053121	0.0126582	0.001548	0.0	0.0020619	0.0026178	0.0042463	0.0102881	0.0019569	0.0056497	0.0	0.0015	0.0049261	0.0032573	0.0036364	0.0099338	0.0150376	0.0036232	0.0035587	0.0196078	0.0178042	0.017094	0.0090498	0.015544	0.012987	0.0091743	0.0041322	0.0015	0.0025189	
Milan noir	0.0	0.0	0.0	0.0	0.0	0.0	0.0	0.0025974	0.0031949	0.0630915	0.0865672	0.0912698	0.1292247	0.157197	0.198895	0.1684783	0.1694402	0.1654779	0.1669267	0.1460823	0.1814346	0.1424149	0.1204188	0.1237113	0.1439791	0.1613588	0.1296296	0.1350294	0.0706215	0.038961	0.009434	0.0015	0.0032573	0.0	0.0	0.0	0.0036232	0.0	0.0	0.0	0.0	0.0	0.0	0.0	0.0	0.0	0.0	0.0	
Milan royal ou M. noir	0.0	0.0	0.0	0.0	0.0	0.0	0.0	0.0025974	0.0	0.0	0.0	0.0	0.0	0.0018939	0.0	0.0	0.0015129	0.0	0.0	0.0	0.0	0.0	0.0015	0.0015	0.0	0.0015	0.0	0.0	0.0	0.0	0.0	0.0	0.0	0.0	0.0	0.0	0.0	0.0	0.0	0.0	0.0	0.0	0.0	0.0	0.0	0.0	0.0	0.0	
Pygargue à queue blanche	0.0015	0.0	0.0015	0.0015	0.0	0.0	0.0025445	0.0051948	0.0015	0.0094637	0.0	0.0039683	0.0019881	0.0018939	0.0018416	0.0013587	0.0030257	0.0014265	0.0015	0.0015	0.0	0.0015	0.0	0.0	0.0	0.0021231	0.0020576	0.0015	0.0	0.0	0.0015	0.0	0.0032573	0.0036364	0.0015	0.0025063	0.0015	0.0	0.0098039	0.0059347	0.0128205	0.0	0.0051813	0.0032468	0.0015	0.0041322	0.0046296	0.0025189	
Buse variable	0.1904762	0.169279	0.159292	0.136646	0.1814516	0.2350746	0.2086514	0.2103896	0.2364217	0.2492114	0.2895522	0.25	0.2882704	0.2386364	0.2578269	0.2269022	0.1815431	0.1854494	0.1669267	0.188579	0.2088608	0.1563467	0.1989529	0.1917526	0.2277487	0.2250531	0.218107	0.2465753	0.2542373	0.2597403	0.2169811	0.2783251	0.1758958	0.28	0.2384106	0.2380952	0.2862319	0.2064057	0.245098	0.2403561	0.2307692	0.1809955	0.2176166	0.1818182	0.2018349	0.2066116	0.1574074	0.2166247	
Buteo sp.	0.0	0.0	0.0	0.0	0.0	0.0	0.0	0.0	0.0	0.0	0.0	0.0	0.0	0.0	0.0	0.0	0.0	0.0	0.0	0.001328	0.0	0.0	0.0	0.0020619	0.0	0.0	0.0	0.0	0.0028249	0.0	0.0	0.0	0.0	0.0	0.0	0.0025063	0.0	0.0	0.0	0.0	0.0	0.0045249	0.0051813	0.0	0.0	0.0	0.0	0.0	
rapace sp.	0.0	0.0	0.0	0.0	0.0	0.0	0.0	0.0	0.0031949	0.0	0.0029851	0.0	0.0059642	0.0	0.0	0.0	0.0	0.0	0.0015601	0.001328	0.0	0.003096	0.0	0.0	0.0	0.0	0.0	0.0	0.0	0.0015	0.0031447	0.0049261	0.0	0.0036364	0.0	0.0025063	0.0	0.0	0.0	0.0029674	0.0	0.0	0.0	0.0032468	0.0045872	0.0	0.0	0.0025189	
Effraie des clochers	0.0034014	0.0015	0.0015	0.0031056	0.0040323	0.0015	0.0025445	0.0077922	0.0031949	0.0157729	0.0208955	0.0079365	0.0139165	0.0037879	0.0018416	0.0054348	0.0045386	0.0042796	0.0046802	0.0039841	0.0021097	0.004644	0.0026178	0.0061856	0.0104712	0.0063694	0.0102881	0.0078278	0.0056497	0.0032468	0.0062893	0.0073892	0.0015	0.0145455	0.0165563	0.0150376	0.0072464	0.0015	0.0015	0.0059347	0.025641	0.0271493	0.0207254	0.0015	0.0015	0.0015	0.0046296	0.0025189	
Petit-duc scops	0.0	0.0	0.0	0.0	0.0	0.0	0.0	0.0	0.0	0.0	0.0	0.0	0.0019881	0.0	0.0015	0.0013587	0.0	0.0014265	0.0015601	0.001328	0.0	0.0015	0.0026178	0.0	0.0052356	0.0042463	0.0015	0.0019569	0.0028249	0.0	0.0	0.0	0.0	0.0	0.0	0.0	0.0	0.0	0.0	0.0	0.0	0.0	0.0	0.0	0.0	0.0	0.0	0.0	
Grand-duc d'Europe	0.0	0.0	0.0	0.0	0.0	0.0	0.0	0.0	0.0	0.0	0.0	0.0	0.0015	0.0	0.0	0.0013587	0.0	0.0	0.0015	0.001328	0.0	0.0	0.0026178	0.0020619	0.0	0.0	0.0015	0.0	0.0	0.0	0.0	0.0	0.0	0.0	0.0	0.0	0.0	0.0	0.0	0.0	0.0	0.0	0.0	0.0	0.0	0.0	0.0	0.0	
Chevêche d'Athéna	0.0102041	0.0062696	0.0015	0.0062112	0.0080645	0.0037313	0.0025445	0.0015	0.0063898	0.0347003	0.0238806	0.0138889	0.0258449	0.0056818	0.0165746	0.0054348	0.0030257	0.0099857	0.0062402	0.002656	0.0147679	0.0154799	0.013089	0.0103093	0.0235602	0.0169851	0.0082305	0.0117417	0.0084746	0.0064935	0.0125786	0.0369458	0.0162866	0.0218182	0.0264901	0.0275689	0.0217391	0.0213523	0.0441176	0.0326409	0.0384615	0.0542986	0.0259067	0.0064935	0.0045872	0.0041322	0.0046296	0.0025189	
Chouette hulotte	0.0068027	0.0094044	0.0132743	0.0093168	0.0040323	0.0074627	0.0015	0.0233766	0.0191693	0.0347003	0.0238806	0.0079365	0.0198807	0.0151515	0.0110497	0.0122283	0.0181543	0.0185449	0.0187207	0.0212483	0.0168776	0.0092879	0.0078534	0.0123711	0.013089	0.0127389	0.0246914	0.0136986	0.0225989	0.0454545	0.0440252	0.0344828	0.0390879	0.0472727	0.0430464	0.0225564	0.0289855	0.024911	0.0294118	0.0326409	0.025641	0.040724	0.0362694	0.0032468	0.0183486	0.0206612	0.0185185	0.0277078	
Hibou moyen-duc	0.0015	0.0015	0.0015	0.0062112	0.0015	0.0015	0.0015	0.0051948	0.0	0.0094637	0.0089552	0.0019841	0.0039761	0.0015	0.0018416	0.0013587	0.0030257	0.0014265	0.0031201	0.002656	0.0021097	0.006192	0.0026178	0.0082474	0.0104712	0.0042463	0.0041152	0.0019569	0.0015	0.0	0.0	0.0049261	0.0015	0.0	0.0	0.0015	0.0	0.0	0.0015	0.0015	0.0	0.0	0.0015	0.0015	0.0015	0.0041322	0.0092593	0.0	
Hibou des marais	0.0068027	0.0031348	0.0015	0.0031056	0.0040323	0.0074627	0.0015	0.0051948	0.0	0.0031546	0.0059701	0.0015	0.0015	0.0015	0.0015	0.0	0.0	0.0014265	0.0015	0.0	0.0	0.0	0.0	0.0	0.0	0.0015	0.0	0.0	0.0	0.0	0.0	0.0	0.0	0.0015	0.0015	0.0	0.0036232	0.0	0.0	0.0	0.0042735	0.0045249	0.0015	0.0	0.0015	0.0041322	0.0	0.0025189	
Huppe fasciée	0.0	0.0	0.0	0.0	0.0	0.0	0.0	0.0	0.0	0.0	0.0015	0.0277778	0.0377734	0.0492424	0.0570902	0.0570652	0.0423601	0.0313837	0.0670827	0.0942895	0.0801688	0.0402477	0.0471204	0.0247423	0.0209424	0.0467091	0.0246914	0.0313112	0.0225989	0.0227273	0.0251572	0.0073892	0.0015	0.0	0.0015	0.0	0.0	0.0	0.0	0.0	0.0	0.0	0.0	0.0	0.0	0.0	0.0	0.0	
Guêpier d'Europe	0.0	0.0	0.0	0.0	0.0	0.0	0.0	0.0	0.0	0.0	0.0	0.0	0.0	0.0	0.0018416	0.0054348	0.0121029	0.0242511	0.0296412	0.0225764	0.0147679	0.0123839	0.0078534	0.0103093	0.0104712	0.0276008	0.0102881	0.0293542	0.019774	0.025974	0.0062893	0.0098522	0.019544	0.0015	0.0	0.0	0.0	0.0	0.0	0.0	0.0	0.0	0.0	0.0	0.0	0.0	0.0	0.0	
Martin-pêcheur d'Europe	0.0578231	0.0909091	0.0221239	0.0434783	0.0604839	0.0261194	0.0585242	0.0337662	0.0383387	0.0315457	0.0537313	0.0257937	0.0357853	0.0359848	0.053407	0.0394022	0.0499244	0.0399429	0.0468019	0.0451527	0.056962	0.0433437	0.0445026	0.0762887	0.0811518	0.1295117	0.1193416	0.1545988	0.1299435	0.1818182	0.1415094	0.2758621	0.247557	0.2363636	0.1887417	0.1654135	0.1811594	0.1565836	0.2352941	0.1988131	0.1538462	0.199095	0.1502591	0.2012987	0.1100917	0.1115702	0.0740741	0.1108312	
Rollier d'Europe	0.0	0.0	0.0	0.0	0.0	0.0	0.0	0.0	0.0	0.0	0.0	0.0	0.0	0.0	0.0	0.0	0.0	0.0	0.0015	0.0	0.0	0.0	0.0	0.0	0.0	0.0	0.0	0.0	0.0	0.0	0.0015	0.0	0.0	0.0	0.0	0.0	0.0	0.0	0.0	0.0	0.0	0.0	0.0	0.0	0.0	0.0	0.0	0.0	
Torcol fourmilier	0.0	0.0	0.0	0.0	0.0	0.0	0.0	0.0	0.0	0.0	0.0	0.0015	0.0019881	0.0094697	0.0110497	0.0067935	0.0030257	0.0057061	0.0015601	0.002656	0.0021097	0.0077399	0.0026178	0.0103093	0.0026178	0.0063694	0.0020576	0.0058708	0.0	0.0097403	0.0031447	0.0073892	0.0065147	0.0015	0.0015	0.0015	0.0	0.0	0.0	0.0	0.0	0.0	0.0	0.0	0.0	0.0	0.0	0.0	
Pic mar	0.0442177	0.0376176	0.0530973	0.0372671	0.0645161	0.0783582	0.0381679	0.0571429	0.0766773	0.0315457	0.0776119	0.0357143	0.027833	0.032197	0.0220994	0.0163043	0.0075643	0.0114123	0.0218409	0.0318725	0.0506329	0.0479876	0.0628272	0.0618557	0.0602094	0.0573248	0.0761317	0.0430528	0.0480226	0.0616883	0.0566038	0.08867	0.0618893	0.0654545	0.0430464	0.0776942	0.057971	0.0355872	0.0392157	0.0623145	0.034188	0.0361991	0.0569948	0.0422078	0.0321101	0.0661157	0.0648148	0.0881612	
Pic épeiche	0.2687075	0.1943574	0.2610619	0.1490683	0.1774194	0.1791045	0.1603053	0.1636364	0.2779553	0.2302839	0.2537313	0.2043651	0.1689861	0.1647727	0.1804788	0.1277174	0.128593	0.1212553	0.1310452	0.1978752	0.1687764	0.247678	0.2146597	0.2515464	0.2303665	0.3205945	0.2716049	0.295499	0.2683616	0.2922078	0.3490566	0.317734	0.2084691	0.2727273	0.2417219	0.2506266	0.2644928	0.2384342	0.3235294	0.2462908	0.2307692	0.2624434	0.2746114	0.2272727	0.2706422	0.3057851	0.2083333	0.2947103	
Dendrocopos sp.	0.0	0.0031348	0.0	0.0	0.0	0.0	0.0	0.0	0.0	0.0	0.0	0.0	0.0	0.0	0.0	0.0	0.0	0.0	0.0	0.0	0.0	0.001548	0.0	0.0	0.0	0.0	0.0	0.0	0.0	0.0	0.0	0.0	0.0	0.0	0.0	0.0	0.0	0.0	0.0	0.0	0.0	0.0	0.0	0.0	0.0	0.0	0.0	0.0	
Pic épeichette	0.0170068	0.0094044	0.0309735	0.0124224	0.0201613	0.0223881	0.0254453	0.025974	0.0543131	0.0378549	0.0358209	0.0297619	0.0497018	0.0340909	0.0276243	0.0040761	0.0060514	0.0057061	0.0109204	0.0199203	0.0105485	0.0247678	0.026178	0.0556701	0.0445026	0.0679406	0.037037	0.0254403	0.0310734	0.0454545	0.0377358	0.0541872	0.0325733	0.0654545	0.0298013	0.0451128	0.0289855	0.0213523	0.0245098	0.0267062	0.0384615	0.0633484	0.0310881	0.0292208	0.0091743	0.0413223	0.0092593	0.0201511	
Pic cendré	0.0	0.0	0.0	0.0	0.0040323	0.0015	0.0	0.0155844	0.0063898	0.0094637	0.0179104	0.0099206	0.0059642	0.0037879	0.0128913	0.0067935	0.0045386	0.0042796	0.0078003	0.001328	0.0021097	0.001548	0.0	0.0020619	0.0026178	0.0015	0.0041152	0.0	0.0	0.0	0.0	0.0	0.0	0.0	0.0	0.0	0.0036232	0.0	0.0015	0.0	0.0	0.0	0.0	0.0	0.0	0.0	0.0	0.0	
Pic vert	0.170068	0.1755486	0.1858407	0.173913	0.1975806	0.2014925	0.2035623	0.238961	0.2875399	0.2839117	0.3104478	0.2579365	0.2206759	0.2215909	0.2320442	0.1317935	0.1346445	0.1269615	0.1294852	0.1314741	0.1350211	0.1160991	0.1570681	0.2	0.2513089	0.3333333	0.3415638	0.3111546	0.2344633	0.2662338	0.3081761	0.3275862	0.257329	0.3490909	0.2715232	0.3032581	0.2681159	0.2704626	0.3137255	0.305638	0.2564103	0.3257919	0.2901554	0.1883117	0.1743119	0.177686	0.1574074	0.2770781	
Pic noir	0.0408163	0.0219436	0.0486726	0.0403727	0.0645161	0.0373134	0.0483461	0.0181818	0.0638978	0.0504732	0.0597015	0.047619	0.0357853	0.030303	0.0497238	0.0380435	0.0257186	0.0228245	0.0296412	0.0265604	0.0253165	0.0278638	0.0209424	0.028866	0.0157068	0.0254777	0.026749	0.0195695	0.0084746	0.0194805	0.0408805	0.0369458	0.0228013	0.0363636	0.0298013	0.0200501	0.0362319	0.0106762	0.0343137	0.0445104	0.017094	0.0497738	0.0362694	0.0422078	0.0183486	0.0454545	0.037037	0.0554156	
pic sp.	0.0	0.0	0.0	0.0	0.0	0.0	0.0015	0.0	0.0	0.0	0.0	0.0	0.0	0.0	0.0018416	0.0	0.0	0.0	0.0	0.0	0.0	0.0	0.0	0.0	0.0026178	0.0021231	0.0020576	0.0	0.0	0.0	0.0	0.0049261	0.0	0.0	0.0	0.0	0.0	0.0	0.004902	0.0	0.0	0.0	0.0	0.0032468	0.0	0.0	0.0	0.0	
Faucon crécerelle	0.170068	0.1159875	0.0973451	0.0869565	0.1129032	0.0820896	0.0839695	0.1012987	0.1277955	0.0977918	0.1731343	0.1607143	0.1570577	0.157197	0.2025783	0.138587	0.1059002	0.0970043	0.1107644	0.0996016	0.1350211	0.1068111	0.1099476	0.1051546	0.1596859	0.1422505	0.1234568	0.1037182	0.1045198	0.0941558	0.1226415	0.1206897	0.1530945	0.1272727	0.1688742	0.1629073	0.1594203	0.1601423	0.1813725	0.1839763	0.1452991	0.1447964	0.1658031	0.1298701	0.1743119	0.161157	0.1018519	0.1662469	
Faucon crécerellette ou F. crécerelle	0.0	0.0	0.0	0.0	0.0	0.0	0.0	0.0	0.0	0.0	0.0	0.0019841	0.0	0.0	0.0	0.0	0.0	0.0	0.0	0.0	0.0	0.0	0.0	0.0	0.0	0.0	0.0	0.0	0.0	0.0	0.0	0.0	0.0	0.0	0.0	0.0	0.0	0.0035587	0.0	0.0	0.0	0.0	0.0	0.0	0.0	0.0	0.0	0.0	
Faucon kobez	0.0	0.0	0.0	0.0	0.0	0.0	0.0	0.0	0.0	0.0	0.0	0.0	0.0	0.0	0.0	0.0013587	0.0015	0.0042796	0.0062402	0.0015	0.0015	0.0	0.0	0.0	0.0	0.0	0.0	0.0	0.0	0.0	0.0	0.0	0.0	0.0	0.0	0.0015	0.0	0.0	0.0	0.0	0.0	0.0	0.0	0.0	0.0	0.0	0.0	0.0	
Faucon émerillon	0.0015	0.0062696	0.0	0.0062112	0.0040323	0.0	0.0025445	0.0	0.0095847	0.0063091	0.0015	0.0019841	0.0019881	0.0018939	0.0092081	0.0040761	0.0015129	0.0014265	0.0015601	0.0	0.0	0.0	0.0	0.0	0.0	0.0	0.0	0.0	0.0	0.0	0.0	0.0	0.0	0.0	0.0015	0.0050125	0.0015	0.0015	0.0	0.0059347	0.008547	0.0015	0.0051813	0.0032468	0.0	0.0123967	0.0046296	0.0050378	
Faucon hobereau	0.0	0.0	0.0	0.0	0.0	0.0	0.0	0.0	0.0	0.0	0.0	0.0	0.0039761	0.0056818	0.0220994	0.0529891	0.0408472	0.0342368	0.0421217	0.0252324	0.0485232	0.0247678	0.0418848	0.0371134	0.0602094	0.044586	0.0411523	0.0469667	0.0282486	0.0519481	0.0534591	0.0566502	0.0553746	0.04	0.0364238	0.0225564	0.0217391	0.0	0.004902	0.0	0.0	0.0	0.0	0.0	0.0	0.0	0.0	0.0	
Faucon pèlerin	0.0068027	0.0125392	0.0132743	0.0124224	0.0080645	0.011194	0.0025445	0.0103896	0.0095847	0.0	0.0149254	0.0019841	0.0059642	0.0075758	0.0055249	0.0027174	0.0060514	0.0057061	0.0015601	0.0119522	0.0015	0.003096	0.0078534	0.0020619	0.0052356	0.0042463	0.0082305	0.0039139	0.0028249	0.0015	0.0031447	0.0073892	0.0032573	0.0072727	0.0066225	0.0125313	0.0108696	0.0106762	0.0196078	0.0089021	0.008547	0.0135747	0.0259067	0.0032468	0.0183486	0.0	0.0046296	0.0050378	
Falco sp.	0.0	0.0	0.0	0.0	0.0	0.0	0.0	0.0	0.0	0.0	0.0	0.0	0.0	0.0	0.0	0.0013587	0.0045386	0.0	0.0015601	0.0	0.0	0.0	0.0	0.0	0.0	0.0	0.0	0.0019569	0.0	0.0	0.0	0.0	0.0032573	0.0036364	0.0	0.0	0.0	0.0	0.0	0.0	0.008547	0.0	0.0	0.0	0.0	0.0	0.0	0.0	
Calopsitte élégante	0.0	0.0	0.0	0.0015	0.0	0.0	0.0	0.0	0.0	0.0	0.0	0.0	0.0	0.0	0.0	0.0	0.0	0.0	0.0	0.0	0.0015	0.0	0.0	0.0	0.0	0.0	0.0	0.0	0.0	0.0	0.0	0.0015	0.0015	0.0	0.0	0.0	0.0	0.0	0.0	0.0	0.0	0.0	0.0	0.0	0.0	0.0	0.0	0.0	
Perruche à collier	0.0	0.0	0.0	0.0	0.0	0.0	0.0025445	0.0	0.0	0.0	0.0	0.0	0.0	0.0	0.0	0.0015	0.0	0.0	0.0015601	0.0	0.0	0.0	0.0052356	0.0	0.0	0.0	0.0020576	0.0	0.0	0.0	0.0	0.0	0.0	0.0	0.0	0.0025063	0.0	0.0	0.0	0.0	0.0	0.0045249	0.0	0.0	0.0	0.0	0.0	0.0	
Perruche omnicolore	0.0	0.0	0.0	0.0	0.0	0.0037313	0.0	0.0	0.0	0.0	0.0	0.0	0.0	0.0	0.0	0.0	0.0	0.0	0.0	0.0	0.0	0.0	0.0	0.0	0.0	0.0	0.0	0.0	0.0	0.0	0.0	0.0	0.0	0.0	0.0	0.0	0.0	0.0	0.0	0.0	0.0	0.0	0.0	0.0	0.0	0.0	0.0	0.0	
Perruche ondulée	0.0	0.0	0.0	0.0	0.0	0.0	0.0	0.0	0.0	0.0	0.0	0.0	0.0	0.0	0.0	0.0	0.0	0.0	0.0	0.0	0.0	0.0	0.0	0.0	0.0	0.0	0.0	0.0	0.0	0.0	0.0015	0.0	0.0	0.0	0.0	0.0	0.0	0.0	0.0	0.0	0.0015	0.0	0.0	0.0	0.0	0.0	0.0	0.0	
Inséparable rosegorge	0.0	0.0	0.0	0.0	0.0040323	0.0	0.0	0.0	0.0	0.0	0.0	0.0	0.0	0.0	0.0	0.0	0.0	0.0	0.0	0.0	0.0	0.0	0.0	0.0	0.0	0.0	0.0	0.0	0.0	0.0	0.0	0.0	0.0	0.0	0.0	0.0	0.0	0.0	0.0	0.0	0.0	0.0	0.0	0.0	0.0	0.0	0.0	0.0	
Inséparable masqué	0.0	0.0	0.0	0.0	0.0	0.0	0.0	0.0	0.0	0.0	0.0	0.0	0.0	0.0	0.0	0.0	0.0	0.0	0.0	0.0	0.0	0.0	0.0	0.0	0.0	0.0	0.0	0.0	0.0	0.0	0.0	0.0	0.0	0.0	0.0	0.0015	0.0	0.0	0.0	0.0	0.0	0.0	0.0	0.0	0.0	0.0	0.0	0.0	
Loriot d'Europe	0.0	0.0	0.0	0.0	0.0	0.0	0.0	0.0	0.0	0.0	0.0	0.0	0.0039761	0.0113636	0.0331492	0.1576087	0.204236	0.2011412	0.1794072	0.1952191	0.2004219	0.1609907	0.1753927	0.1793814	0.1780105	0.2038217	0.2078189	0.1898239	0.1468927	0.1298701	0.0471698	0.0295567	0.0032573	0.0	0.0015	0.0015	0.0	0.0	0.0	0.0	0.0	0.0	0.0	0.0	0.0	0.0	0.0	0.0	
Pie-grièche écorcheur	0.0	0.0	0.0	0.0	0.0	0.0	0.0	0.0	0.0	0.0	0.0	0.0	0.0	0.0	0.0	0.0108696	0.02118	0.064194	0.0842434	0.0876494	0.092827	0.0851393	0.065445	0.0618557	0.0837696	0.1061571	0.0781893	0.0821918	0.0677966	0.0551948	0.0251572	0.0394089	0.0162866	0.0072727	0.0033113	0.0025063	0.0	0.0	0.0	0.0	0.0	0.0	0.0	0.0	0.0	0.0	0.0	0.0	
Pie-grièche grise	0.0	0.0	0.0	0.0	0.0	0.0015	0.0	0.0	0.0	0.0031546	0.0	0.0	0.0015	0.0	0.0	0.0	0.0	0.0	0.0	0.0	0.0	0.0	0.0	0.0	0.0	0.0	0.0	0.0	0.0	0.0	0.0	0.0	0.0	0.0	0.0	0.0	0.0	0.0	0.0	0.0015	0.0042735	0.0	0.0	0.0032468	0.0045872	0.0015	0.0015	0.0015	
Pie-grièche à tête rousse	0.0	0.0	0.0	0.0	0.0	0.0	0.0	0.0	0.0	0.0	0.0	0.0	0.0	0.0015	0.0	0.0013587	0.0060514	0.0028531	0.0031201	0.002656	0.0015	0.003096	0.0026178	0.0015	0.0052356	0.0042463	0.0015	0.0039139	0.0015	0.0015	0.0015	0.0024631	0.0	0.0015	0.0	0.0	0.0	0.0	0.0	0.0	0.0	0.0	0.0	0.0	0.0	0.0	0.0	0.0	
Laniidés sp.	0.0	0.0	0.0	0.0	0.0	0.0	0.0	0.0	0.0	0.0	0.0	0.0	0.0	0.0	0.0	0.0	0.0	0.0	0.0	0.001328	0.0	0.0	0.0	0.0	0.0	0.0	0.0	0.0	0.0	0.0	0.0	0.0	0.0	0.0	0.0	0.0	0.0	0.0	0.0	0.0	0.0	0.0	0.0	0.0	0.0	0.0	0.0	0.0	
Geai des chênes	0.1802721	0.1504702	0.1725664	0.1459627	0.1330645	0.130597	0.0966921	0.1064935	0.14377	0.1608833	0.1671642	0.1607143	0.1749503	0.155303	0.1362799	0.1100543	0.0741301	0.0898716	0.0951638	0.126162	0.1434599	0.123839	0.1492147	0.1216495	0.1544503	0.1443737	0.1440329	0.1506849	0.1214689	0.1915584	0.1415094	0.2216749	0.1986971	0.2545455	0.2516556	0.2907268	0.2681159	0.2562278	0.3431373	0.2789318	0.2820513	0.2986425	0.3316062	0.2435065	0.1834862	0.2231405	0.1481481	0.2418136	
Pie bavarde	0.2244898	0.2821317	0.2212389	0.2173913	0.2258065	0.2052239	0.1882952	0.2025974	0.2715655	0.2618297	0.2328358	0.2896825	0.2683897	0.1742424	0.2007366	0.1834239	0.1512859	0.1483595	0.1669267	0.1766268	0.2088608	0.1594427	0.2434555	0.2164948	0.2146597	0.1995754	0.2325103	0.223092	0.1271186	0.1948052	0.163522	0.2413793	0.2540717	0.2181818	0.2615894	0.2506266	0.2246377	0.2775801	0.3186275	0.2611276	0.2649573	0.3031674	0.3264249	0.2727273	0.2568807	0.2107438	0.1296296	0.2594458	
Choucas des tours	0.1938776	0.1347962	0.1637168	0.1273292	0.1129032	0.1753731	0.1017812	0.1350649	0.1118211	0.1356467	0.1402985	0.1587302	0.1212724	0.1136364	0.1528545	0.0896739	0.1028744	0.1084165	0.099844	0.1208499	0.1582278	0.1393189	0.1570681	0.1216495	0.091623	0.1167728	0.0596708	0.074364	0.0621469	0.0974026	0.0754717	0.1083744	0.1205212	0.1490909	0.2019868	0.1629073	0.1485507	0.2206406	0.1764706	0.2136499	0.2435897	0.2579186	0.2227979	0.2012987	0.1788991	0.1280992	0.1018519	0.2015113	
Corbeau freux	0.2006803	0.1347962	0.1415929	0.1521739	0.1572581	0.1753731	0.1145038	0.1376623	0.1821086	0.2050473	0.1432836	0.2043651	0.1550696	0.157197	0.1399632	0.1086957	0.1119516	0.1184023	0.0889236	0.1022576	0.1265823	0.0882353	0.1099476	0.0824742	0.065445	0.0530786	0.063786	0.0528376	0.0536723	0.0551948	0.0628931	0.0689655	0.1205212	0.1236364	0.1192053	0.1253133	0.1086957	0.1708185	0.1519608	0.1632047	0.1666667	0.2171946	0.2227979	0.2175325	0.1788991	0.1363636	0.0925926	0.2141058	
Corneille noire	0.4795918	0.4451411	0.3761062	0.3881988	0.4112903	0.3656716	0.389313	0.4207792	0.4728435	0.4321767	0.4447761	0.4543651	0.4592445	0.3731061	0.4383057	0.4211957	0.3812405	0.3922967	0.375975	0.3837981	0.3945148	0.3823529	0.382199	0.371134	0.3560209	0.4161359	0.4259259	0.4598826	0.3813559	0.4090909	0.4213836	0.5024631	0.4071661	0.5054545	0.4900662	0.5213033	0.4673913	0.4982206	0.5882353	0.4807122	0.517094	0.5565611	0.5699482	0.5519481	0.4541284	0.4710744	0.375	0.5088161	
corneille sp.	0.0	0.0	0.0	0.0	0.0	0.0	0.0025445	0.0	0.0	0.0	0.0	0.0	0.0019881	0.0	0.0	0.0	0.0	0.0	0.0031201	0.002656	0.0	0.0	0.0	0.0041237	0.0	0.0	0.0020576	0.0019569	0.0015	0.0	0.0	0.0	0.0032573	0.0	0.0	0.0025063	0.0	0.0	0.0	0.0	0.0	0.0	0.0	0.0	0.0	0.0	0.0	0.0	
Grand Corbeau	0.0	0.0031348	0.0044248	0.0	0.0	0.0	0.0	0.0	0.0	0.0	0.0059701	0.0015	0.0	0.0	0.0	0.0	0.0015	0.0	0.0	0.002656	0.0021097	0.0	0.0026178	0.0	0.0	0.0	0.0	0.0	0.0	0.0	0.0	0.0	0.0	0.0	0.0	0.0	0.0	0.0	0.0	0.0	0.0	0.0	0.0	0.0	0.0	0.0	0.0	0.0	
Mésange noire	0.0136054	0.0219436	0.0265487	0.0279503	0.0201613	0.0261194	0.0101781	0.0103896	0.0	0.0126183	0.0029851	0.0059524	0.0	0.0	0.0036832	0.0013587	0.0	0.0014265	0.0015601	0.002656	0.0	0.0	0.0026178	0.0041237	0.0	0.0021231	0.0	0.0	0.0	0.0015	0.0031447	0.0024631	0.0032573	0.0036364	0.0033113	0.0025063	0.0015	0.0035587	0.0147059	0.0118694	0.0128205	0.0271493	0.0569948	0.025974	0.0091743	0.0413223	0.0092593	0.0277078	
Mésange huppée	0.0442177	0.0532915	0.0619469	0.052795	0.0403226	0.0671642	0.0305344	0.0285714	0.0734824	0.0283912	0.038806	0.0178571	0.0139165	0.0170455	0.0220994	0.0108696	0.0075643	0.0085592	0.0093604	0.0159363	0.0274262	0.0201238	0.0314136	0.0309278	0.0314136	0.0339703	0.0452675	0.0273973	0.0310734	0.0584416	0.0188679	0.0295567	0.0228013	0.0254545	0.0198675	0.0225564	0.0144928	0.024911	0.0588235	0.0296736	0.1111111	0.040724	0.0518135	0.0584416	0.0366972	0.0619835	0.0694444	0.0881612	
Mésange nonnette	0.0680272	0.0626959	0.0707965	0.0621118	0.0766129	0.0932836	0.0559796	0.0805195	0.0926518	0.0662461	0.0686567	0.0456349	0.0377734	0.0359848	0.0349908	0.0285326	0.0151286	0.021398	0.0109204	0.0332005	0.035865	0.0232198	0.0314136	0.0453608	0.0235602	0.0318471	0.037037	0.035225	0.0536723	0.0519481	0.0534591	0.0418719	0.0488599	0.04	0.0463576	0.0451128	0.0217391	0.0284698	0.0686275	0.0563798	0.0555556	0.081448	0.0621762	0.0844156	0.0688073	0.1115702	0.087963	0.1738035	
Mésange boréale	0.0015	0.0	0.0	0.0	0.0	0.0	0.0	0.0	0.0	0.0	0.0	0.0	0.0	0.0	0.0	0.0	0.0	0.0	0.0	0.0	0.0	0.0	0.0	0.0	0.0	0.0	0.0	0.0	0.0	0.0	0.0	0.0	0.0	0.0	0.0	0.0	0.0	0.0	0.0	0.0	0.0	0.0	0.0	0.0	0.0	0.0	0.0	0.0	
Mésange nonnette ou M. boréale	0.0	0.0	0.0	0.0	0.0	0.0	0.0	0.0	0.0031949	0.0	0.0	0.0	0.0	0.0	0.0	0.0	0.0	0.0	0.0	0.0	0.0	0.0	0.0	0.0	0.0	0.0	0.0	0.0019569	0.0	0.0	0.0031447	0.0	0.0	0.0	0.0	0.0	0.0	0.0	0.0	0.0	0.0	0.0	0.0	0.0	0.0	0.0041322	0.0	0.0	
Mésange bleue	0.5578231	0.4576803	0.539823	0.4627329	0.4717742	0.5186567	0.475827	0.4623377	0.5271565	0.4952681	0.4656716	0.4801587	0.4234592	0.405303	0.4106814	0.3152174	0.2208775	0.2853067	0.2433697	0.2828685	0.2721519	0.2755418	0.3848168	0.3340206	0.2722513	0.3333333	0.3436214	0.334638	0.3474576	0.461039	0.4685535	0.4876847	0.3908795	0.4618182	0.4503311	0.4360902	0.3949275	0.4234875	0.4656863	0.4035608	0.4059829	0.4751131	0.4870466	0.4675325	0.5137615	0.4834711	0.4166667	0.5768262	
Mésange charbonnière	0.4965986	0.4294671	0.4867257	0.4751553	0.4677419	0.4589552	0.5038168	0.4883117	0.514377	0.5299685	0.4955224	0.5	0.4930417	0.4564394	0.4585635	0.4076087	0.2919818	0.3466476	0.2870515	0.3067729	0.2594937	0.2337461	0.2801047	0.2989691	0.2434555	0.3057325	0.2674897	0.3013699	0.2881356	0.3928571	0.3742138	0.4310345	0.3485342	0.4254545	0.4271523	0.4661654	0.4347826	0.4092527	0.5343137	0.4035608	0.3846154	0.4751131	0.4404145	0.4415584	0.4541284	0.4710744	0.3842593	0.5491184	
Rémiz penduline	0.0034014	0.0031348	0.0	0.0093168	0.0040323	0.0	0.0025445	0.0025974	0.0063898	0.0063091	0.0	0.0019841	0.0019881	0.0	0.0	0.0	0.0	0.0	0.0	0.0	0.0	0.0	0.0	0.0	0.0	0.0	0.0	0.0	0.0	0.0	0.0	0.0	0.0	0.0	0.0	0.0	0.0	0.0	0.0098039	0.0089021	0.008547	0.0015	0.0103627	0.0015	0.0	0.0	0.0015	0.0	
Alouette lulu	0.0306122	0.0125392	0.0176991	0.015528	0.0322581	0.0447761	0.0585242	0.0337662	0.0734824	0.0599369	0.0507463	0.0535714	0.0695825	0.0795455	0.0902394	0.0665761	0.0468986	0.0542083	0.0468019	0.0464807	0.0527426	0.0464396	0.0445026	0.0474227	0.039267	0.0254777	0.0102881	0.0156556	0.0028249	0.0097403	0.0062893	0.0123153	0.009772	0.0036364	0.0298013	0.0501253	0.0507246	0.0711744	0.0833333	0.0652819	0.1068376	0.0859729	0.0829016	0.0422078	0.0321101	0.0206612	0.0231481	0.0352645	
Alouette des champs	0.0816327	0.0752351	0.0619469	0.0590062	0.0645161	0.1044776	0.1043257	0.1298701	0.172524	0.1608833	0.2	0.2103175	0.222664	0.219697	0.2394107	0.21875	0.1452345	0.1540656	0.1762871	0.1447543	0.1455696	0.1547988	0.1492147	0.1340206	0.1806283	0.1549894	0.1152263	0.0528376	0.039548	0.012987	0.0188679	0.0320197	0.0260586	0.0254545	0.0231788	0.0601504	0.0543478	0.1565836	0.2254902	0.2017804	0.2478632	0.239819	0.1865285	0.1006494	0.0733945	0.0950413	0.0648148	0.1007557	
Cochevis huppé	0.0034014	0.0094044	0.0132743	0.0	0.0040323	0.0074627	0.0101781	0.0051948	0.0	0.0031546	0.0089552	0.0039683	0.0079523	0.0018939	0.0055249	0.0054348	0.0045386	0.0015	0.0124805	0.001328	0.0015	0.003096	0.0026178	0.0041237	0.0026178	0.0063694	0.0015	0.0015	0.0028249	0.0015	0.0	0.0024631	0.0	0.0	0.0015	0.0025063	0.0015	0.0015	0.0015	0.0	0.0015	0.0045249	0.0051813	0.0032468	0.0015	0.0015	0.0046296	0.0025189	
Cisticole des joncs	0.0068027	0.0219436	0.0132743	0.0093168	0.0080645	0.0149254	0.0152672	0.0051948	0.0191693	0.0536278	0.0567164	0.0416667	0.0914513	0.1136364	0.0939227	0.0869565	0.0892587	0.0784593	0.0982839	0.0876494	0.0822785	0.0681115	0.065445	0.0927835	0.0994764	0.089172	0.0884774	0.0821918	0.0564972	0.1071429	0.0471698	0.0812808	0.0325733	0.0363636	0.0331126	0.0250627	0.0108696	0.0213523	0.0294118	0.0356083	0.025641	0.0271493	0.0414508	0.0227273	0.0045872	0.0206612	0.0138889	0.0201511	
Hypolaïs polyglotte	0.0	0.0	0.0	0.0	0.0	0.0	0.0	0.0	0.0	0.0	0.0	0.0	0.0039761	0.0132576	0.0423573	0.1046196	0.1376702	0.1640514	0.1856474	0.1633466	0.1729958	0.1393189	0.1230366	0.1237113	0.0811518	0.0934183	0.0534979	0.0645793	0.0310734	0.0357143	0.0188679	0.0123153	0.0032573	0.0	0.0015	0.0025063	0.0	0.0	0.0	0.0	0.0	0.0	0.0	0.0	0.0	0.0	0.0	0.0	
Phragmite des joncs	0.0	0.0	0.0	0.0	0.0	0.0	0.0	0.0	0.0	0.0	0.0015	0.0119048	0.0318091	0.0814394	0.0570902	0.0475543	0.0393343	0.0542083	0.0234009	0.0424967	0.0379747	0.0371517	0.0157068	0.0247423	0.0078534	0.0360934	0.0123457	0.0195695	0.0084746	0.0032468	0.0	0.0073892	0.0032573	0.0015	0.0033113	0.0075188	0.0015	0.0	0.0	0.0	0.0	0.0	0.0	0.0	0.0	0.0	0.0	0.0	
Rousserolle effarvatte	0.0	0.0	0.0	0.0	0.0	0.0	0.0	0.0	0.0	0.0	0.0	0.0	0.0039761	0.0189394	0.0423573	0.0774457	0.0786687	0.10699	0.1310452	0.1328021	0.1075949	0.0866873	0.0890052	0.0969072	0.0863874	0.089172	0.0514403	0.037182	0.0225989	0.0584416	0.0188679	0.0270936	0.0260586	0.0145455	0.0099338	0.0125313	0.0	0.0071174	0.0	0.0029674	0.0042735	0.0	0.0	0.0	0.0	0.0	0.0	0.0	
Rousserolle verderolle ou R. effarvatte	0.0	0.0	0.0	0.0	0.0	0.0	0.0	0.0	0.0	0.0	0.0	0.0	0.0	0.0	0.0	0.0	0.0	0.0	0.0	0.0	0.0	0.0	0.0	0.0	0.0	0.0	0.0	0.0	0.0	0.0	0.0	0.0	0.0	0.0	0.0033113	0.0	0.0	0.0	0.0	0.0	0.0	0.0	0.0	0.0	0.0	0.0	0.0	0.0	
Rousserolle turdoïde	0.0	0.0	0.0	0.0	0.0	0.0	0.0	0.0	0.0	0.0	0.0	0.0	0.0	0.0	0.0	0.0	0.0030257	0.0071327	0.0187207	0.0092961	0.0042194	0.003096	0.0052356	0.0020619	0.0026178	0.0021231	0.0020576	0.0019569	0.0015	0.0	0.0	0.0	0.0015	0.0	0.0	0.0	0.0	0.0	0.0	0.0	0.0	0.0	0.0	0.0	0.0	0.0	0.0	0.0	
Locustelle luscinioïde	0.0	0.0	0.0	0.0	0.0	0.0	0.0	0.0	0.0	0.0	0.0	0.0	0.0015	0.0151515	0.0018416	0.0040761	0.0030257	0.0014265	0.0015601	0.002656	0.0015	0.001548	0.0052356	0.0020619	0.0026178	0.0042463	0.0041152	0.0015	0.0	0.0064935	0.0	0.0	0.0	0.0	0.0	0.0	0.0	0.0	0.0	0.0	0.0	0.0	0.0	0.0	0.0	0.0	0.0	0.0	
Locustelle tachetée	0.0	0.0	0.0	0.0	0.0	0.0	0.0	0.0	0.0	0.0	0.0029851	0.0	0.0178926	0.0132576	0.0276243	0.013587	0.0136157	0.0085592	0.0062402	0.0146082	0.0	0.004644	0.0104712	0.0082474	0.0052356	0.0127389	0.0015	0.0039139	0.0015	0.0032468	0.0	0.0024631	0.0015	0.0036364	0.0	0.0025063	0.0015	0.0	0.0	0.0	0.0	0.0	0.0	0.0	0.0	0.0	0.0	0.0	
Hirondelle de rivage	0.0	0.0	0.0	0.0	0.0	0.0	0.0	0.0025974	0.0	0.0063091	0.0208955	0.0337302	0.0357853	0.0473485	0.0589319	0.0679348	0.0892587	0.0570613	0.0624025	0.0464807	0.0675105	0.0510836	0.0366492	0.0371134	0.065445	0.089172	0.0514403	0.072407	0.0762712	0.0454545	0.0660377	0.044335	0.0651466	0.0290909	0.0165563	0.0225564	0.0072464	0.0035587	0.0	0.0	0.0	0.0	0.0	0.0	0.0	0.0	0.0	0.0	
Hirondelle de rochers	0.0	0.0	0.0	0.0	0.0	0.0	0.0	0.0	0.0	0.0	0.0029851	0.0	0.0	0.0	0.0	0.0013587	0.0	0.0	0.0	0.0039841	0.0015	0.0	0.0026178	0.0	0.0	0.0	0.0015	0.0	0.0	0.0	0.0	0.0	0.0	0.0	0.0	0.0	0.0	0.0	0.0	0.0	0.0	0.0	0.0	0.0	0.0	0.0	0.0	0.0	
Hirondelle rustique	0.0	0.0	0.0	0.0	0.0	0.0	0.0	0.0	0.0031949	0.044164	0.1074627	0.1646825	0.2862823	0.2935606	0.3848987	0.3546196	0.311649	0.3295292	0.3182527	0.3173971	0.3059072	0.2894737	0.2958115	0.2886598	0.2801047	0.4076433	0.4279835	0.4227006	0.4152542	0.4448052	0.4654088	0.408867	0.2442997	0.2072727	0.2350993	0.2005013	0.0905797	0.0177936	0.0196078	0.0059347	0.008547	0.0	0.0	0.0015	0.0	0.0	0.0	0.0	
Hirondelle de fenêtre	0.0	0.0	0.0	0.0	0.0	0.0	0.0	0.0	0.0	0.0015	0.0059701	0.0277778	0.0656064	0.0776515	0.1049724	0.15625	0.1301059	0.1611983	0.1684867	0.2098274	0.2742616	0.2275542	0.2434555	0.2556701	0.2198953	0.2356688	0.2654321	0.2778865	0.2711864	0.2402597	0.2704403	0.2512315	0.2052117	0.1890909	0.102649	0.1027569	0.0181159	0.0035587	0.004902	0.0	0.0015	0.0	0.0	0.0	0.0	0.0	0.0	0.0	
Hirondelle rousseline	0.0	0.0	0.0	0.0	0.0	0.0	0.0	0.0	0.0	0.0	0.0	0.0	0.0	0.0015	0.0015	0.0	0.0	0.0	0.0	0.0	0.0	0.0	0.0	0.0	0.0	0.0	0.0	0.0	0.0	0.0	0.0	0.0	0.0	0.0	0.0	0.0	0.0	0.0	0.0	0.0	0.0	0.0	0.0	0.0	0.0	0.0	0.0	0.0	
hirondelle sp.	0.0	0.0	0.0	0.0	0.0	0.0	0.0	0.0	0.0	0.0	0.0	0.0	0.0	0.0	0.0	0.0013587	0.0	0.0	0.0015601	0.0015	0.0021097	0.0	0.0	0.0	0.0	0.0	0.0	0.0	0.0028249	0.0	0.0	0.0024631	0.0032573	0.0036364	0.013245	0.0050125	0.0	0.0	0.0	0.0	0.0	0.0	0.0	0.0	0.0	0.0	0.0	0.0	
Pouillot siffleur	0.0	0.0	0.0	0.0	0.0	0.0	0.0	0.0	0.0	0.0	0.0	0.0	0.0019881	0.0056818	0.0165746	0.0258152	0.0166415	0.0299572	0.0218409	0.0239044	0.0084388	0.0294118	0.0235602	0.0185567	0.0052356	0.0042463	0.0041152	0.0015	0.0028249	0.0	0.0	0.0024631	0.0	0.0	0.0	0.0	0.0	0.0	0.0	0.0	0.0	0.0	0.0	0.0	0.0	0.0	0.0	0.0	
Pouillot de Bonelli	0.0	0.0	0.0	0.0	0.0	0.0	0.0	0.0	0.0	0.0	0.0	0.0019841	0.027833	0.0227273	0.0331492	0.0285326	0.0347958	0.0370899	0.0327613	0.0345286	0.0400844	0.0247678	0.0287958	0.0226804	0.0157068	0.0063694	0.0061728	0.0039139	0.0	0.0032468	0.0	0.0	0.0	0.0	0.0	0.0	0.0	0.0	0.0	0.0	0.0	0.0	0.0	0.0	0.0	0.0	0.0	0.0	
Pouillot à grands sourcils	0.0	0.0	0.0	0.0	0.0	0.0	0.0	0.0	0.0	0.0	0.0	0.0	0.0	0.0	0.0	0.0015	0.0	0.0	0.0	0.0	0.0	0.0	0.0	0.0	0.0	0.0	0.0	0.0	0.0	0.0	0.0	0.0	0.0	0.0	0.0	0.0	0.0015	0.0	0.0	0.0	0.008547	0.0045249	0.0	0.0	0.0	0.0	0.0	0.0	
Pouillot fitis	0.0	0.0	0.0	0.0	0.0	0.0	0.0	0.0	0.0	0.0	0.0059701	0.0376984	0.0695825	0.0776515	0.0883978	0.0557065	0.0090772	0.0199715	0.0156006	0.0159363	0.0105485	0.004644	0.013089	0.0041237	0.0	0.0	0.0015	0.0078278	0.0112994	0.0422078	0.0314465	0.0517241	0.0716612	0.0509091	0.0264901	0.0150376	0.0072464	0.0	0.0	0.0029674	0.0	0.0	0.0	0.0	0.0	0.0	0.0	0.0	
Pouillot véloce	0.0646259	0.0626959	0.0353982	0.0590062	0.0645161	0.0708955	0.0992366	0.1844156	0.3833866	0.488959	0.5671642	0.4960317	0.5129225	0.4981061	0.4493554	0.4660326	0.3645991	0.4236805	0.349454	0.3572377	0.3565401	0.3839009	0.395288	0.3752577	0.3167539	0.2462845	0.1646091	0.2524462	0.279661	0.3246753	0.2924528	0.4211823	0.3257329	0.4472727	0.4337748	0.4310777	0.4130435	0.3558719	0.3039216	0.2581602	0.2307692	0.2307692	0.1554404	0.1136364	0.0504587	0.0619835	0.0648148	0.0755668	
Pouillot ibérique	0.0	0.0	0.0	0.0	0.0	0.0	0.0	0.0	0.0	0.0	0.0	0.0	0.0	0.0	0.0018416	0.0013587	0.0	0.0	0.0	0.0	0.0	0.0	0.0	0.0	0.0	0.0	0.0	0.0	0.0	0.0	0.0	0.0	0.0	0.0	0.0	0.0	0.0	0.0	0.0	0.0	0.0	0.0	0.0	0.0	0.0	0.0	0.0	0.0	
pouillot sp.	0.0	0.0	0.0	0.0	0.0	0.0	0.0025445	0.0	0.0031949	0.0	0.0	0.0	0.0	0.0	0.0018416	0.0	0.0	0.0	0.0015	0.0	0.0	0.0	0.0	0.0	0.0	0.0	0.0020576	0.0019569	0.0	0.0032468	0.0	0.0049261	0.0	0.0	0.0	0.0	0.0036232	0.0	0.0	0.0029674	0.0	0.0	0.0	0.0	0.0	0.0	0.0	0.0025189	
Bouscarle de Cetti	0.0748299	0.0783699	0.0575221	0.0465839	0.1048387	0.0970149	0.1450382	0.0987013	0.1405751	0.1545741	0.119403	0.1468254	0.1848907	0.2045455	0.1860037	0.1671196	0.1618759	0.1825963	0.1638066	0.1686587	0.1455696	0.119195	0.0732984	0.0948454	0.052356	0.0658174	0.0452675	0.072407	0.0536723	0.0876623	0.0754717	0.1921182	0.1661238	0.1927273	0.1721854	0.1804511	0.1811594	0.1601423	0.1911765	0.2047478	0.1623932	0.2217195	0.1295337	0.1201299	0.0458716	0.0909091	0.0787037	0.0906801	
Orite à longue queue	0.1496599	0.1159875	0.0929204	0.1273292	0.1693548	0.141791	0.173028	0.1662338	0.1916933	0.1514196	0.1701493	0.1011905	0.1153082	0.1458333	0.1510129	0.1209239	0.0832073	0.0870185	0.0936037	0.0810093	0.07173	0.0743034	0.0732984	0.0721649	0.0602094	0.1061571	0.0884774	0.0821918	0.0847458	0.1266234	0.1069182	0.1428571	0.1302932	0.1418182	0.1258278	0.1328321	0.1594203	0.1672598	0.2401961	0.1721068	0.2094017	0.2036199	0.2072539	0.1785714	0.1743119	0.2066116	0.1435185	0.2141058	
Fauvette à tête noire	0.0170068	0.0125392	0.0088496	0.0124224	0.0201613	0.011194	0.0178117	0.038961	0.0670927	0.1072555	0.2447761	0.4444444	0.4970179	0.5530303	0.5303867	0.5394022	0.4357035	0.5335235	0.4851794	0.5033201	0.464135	0.4783282	0.4659686	0.4865979	0.4450262	0.4118896	0.2777778	0.2504892	0.1920904	0.2077922	0.2578616	0.3152709	0.2149837	0.2109091	0.1622517	0.1704261	0.134058	0.0782918	0.0637255	0.0860534	0.0555556	0.0542986	0.0414508	0.0194805	0.0091743	0.0206612	0.0231481	0.0277078	
Fauvette des jardins	0.0	0.0	0.0	0.0	0.0	0.0	0.0	0.0	0.0	0.0	0.0	0.0	0.0019881	0.0075758	0.0478821	0.0923913	0.0771558	0.0884451	0.0826833	0.0903054	0.0843882	0.0572755	0.104712	0.0659794	0.0340314	0.0403397	0.0123457	0.0097847	0.0028249	0.0064935	0.0031447	0.0098522	0.019544	0.0072727	0.0015	0.0025063	0.0	0.0	0.0	0.0	0.0	0.0	0.0	0.0	0.0	0.0	0.0	0.0	
Fauvette babillarde	0.0	0.0	0.0	0.0	0.0	0.0	0.0	0.0	0.0	0.0	0.0	0.0	0.0	0.0018939	0.0	0.0067935	0.0015129	0.0014265	0.0	0.0	0.0042194	0.0	0.0	0.0020619	0.0	0.0021231	0.0	0.0	0.0	0.0	0.0062893	0.0015	0.0	0.0	0.0033113	0.0	0.0	0.0	0.0	0.0	0.0	0.0	0.0	0.0	0.0	0.0	0.0	0.0	
Fauvette grisette	0.0	0.0	0.0	0.0	0.0	0.0	0.0	0.0	0.0	0.0	0.0015	0.0119048	0.0795229	0.1818182	0.2504604	0.2404891	0.2102874	0.2154066	0.1934477	0.1646746	0.1962025	0.1315789	0.1256545	0.142268	0.0942408	0.0849257	0.0555556	0.035225	0.0310734	0.0292208	0.0440252	0.0615764	0.0456026	0.0327273	0.0033113	0.0025063	0.0015	0.0035587	0.0	0.0	0.0	0.0	0.0	0.0	0.0	0.0	0.0046296	0.0	
Fauvette pitchou	0.0	0.0031348	0.0044248	0.0093168	0.0080645	0.0037313	0.0025445	0.0051948	0.0031949	0.0015	0.0179104	0.0019841	0.0059642	0.0075758	0.0073665	0.0027174	0.0015129	0.0028531	0.0062402	0.0053121	0.0042194	0.001548	0.0026178	0.0082474	0.0026178	0.0106157	0.0082305	0.0019569	0.0	0.0032468	0.0	0.0024631	0.0	0.0	0.0	0.0025063	0.0036232	0.0071174	0.004902	0.0029674	0.0015	0.0	0.0051813	0.0	0.0	0.0041322	0.0	0.0015	
Sylvia ou Curruca sp.	0.0	0.0	0.0	0.0	0.0	0.0	0.0	0.0	0.0	0.0	0.0	0.0	0.0	0.0	0.0	0.0	0.0	0.0	0.0	0.0	0.0	0.0	0.0	0.0	0.0	0.0	0.0	0.0	0.0028249	0.0	0.0	0.0	0.0	0.0	0.0	0.0	0.0	0.0	0.0098039	0.0	0.0	0.0	0.0	0.0	0.0	0.0	0.0	0.0	
Roitelet huppé	0.0136054	0.0470219	0.0353982	0.0372671	0.0322581	0.0335821	0.0178117	0.0233766	0.0447284	0.0252366	0.0089552	0.0019841	0.0079523	0.0113636	0.0128913	0.0081522	0.0045386	0.0057061	0.0031201	0.001328	0.0189873	0.0077399	0.0078534	0.0041237	0.0026178	0.0127389	0.0102881	0.0117417	0.0112994	0.0032468	0.0062893	0.0172414	0.019544	0.0109091	0.0231788	0.0325815	0.0326087	0.0035587	0.0441176	0.0445104	0.0940171	0.0588235	0.0829016	0.0616883	0.0642202	0.1404959	0.0833333	0.070529	
Roitelet à triple bandeau	0.0544218	0.0721003	0.0619469	0.0341615	0.0725806	0.0783582	0.0941476	0.1012987	0.1214058	0.1324921	0.1671642	0.1130952	0.1073559	0.1079545	0.0791897	0.1046196	0.0695915	0.0784593	0.0639626	0.0956175	0.0675105	0.0743034	0.065445	0.0515464	0.039267	0.0318471	0.0102881	0.0195695	0.0282486	0.025974	0.0691824	0.0615764	0.0651466	0.0581818	0.0827815	0.0701754	0.0652174	0.0747331	0.1372549	0.0771513	0.1324786	0.1538462	0.1502591	0.1136364	0.1009174	0.0619835	0.037037	0.1259446	
Roitelet huppé ou R. à triple bandeau	0.0	0.0	0.0	0.0031056	0.0	0.0	0.0050891	0.0	0.0	0.0	0.0	0.0	0.0039761	0.0	0.0018416	0.0	0.0	0.0	0.0015601	0.0	0.0	0.0	0.0	0.0	0.0015	0.0	0.0	0.0019569	0.0	0.0	0.0	0.0	0.0	0.0036364	0.0	0.0	0.0	0.0	0.004902	0.0	0.0042735	0.0	0.0	0.0032468	0.0	0.0	0.0046296	0.0	
Tichodrome échelette	0.0	0.0	0.0044248	0.0031056	0.0040323	0.0015	0.0015	0.0025974	0.0031949	0.0	0.0	0.0	0.0	0.0	0.0	0.0	0.0	0.0	0.0	0.0	0.0	0.0	0.0	0.0	0.0	0.0	0.0	0.0	0.0	0.0	0.0	0.0	0.0	0.0	0.0	0.0	0.0	0.0	0.0	0.0089021	0.0015	0.0045249	0.0103627	0.0	0.0	0.0	0.0	0.0	
Sittelle torchepot	0.1598639	0.1222571	0.1460177	0.1335404	0.141129	0.1828358	0.1603053	0.1766234	0.172524	0.2018927	0.2149254	0.1765873	0.166998	0.1117424	0.1031308	0.0720109	0.0453858	0.042796	0.0608424	0.1301461	0.1097046	0.1331269	0.1465969	0.1381443	0.1282723	0.1740977	0.1604938	0.1350294	0.1581921	0.1785714	0.1949686	0.2364532	0.1791531	0.1636364	0.1953642	0.1904762	0.1992754	0.1459075	0.2058824	0.15727	0.1837607	0.1719457	0.1917098	0.1655844	0.1559633	0.1735537	0.162037	0.2720403	
Grimpereau des bois	0.0	0.0	0.0	0.0	0.0	0.0	0.0	0.0	0.0	0.0	0.0029851	0.0015	0.0	0.0	0.0018416	0.0	0.0	0.0	0.0	0.0	0.0	0.0	0.0	0.0020619	0.0	0.0	0.0	0.0	0.0	0.0	0.0	0.0	0.0	0.0	0.0	0.0	0.0	0.0	0.0	0.0	0.0	0.0	0.0	0.0	0.0	0.0	0.0	0.0	
Grimpereau des jardins	0.1530612	0.153605	0.1681416	0.1583851	0.1935484	0.1902985	0.1832061	0.2025974	0.2428115	0.1987382	0.2268657	0.1706349	0.2087475	0.1799242	0.1896869	0.1807065	0.1376702	0.1611983	0.1560062	0.184595	0.1603376	0.1826625	0.1623037	0.2123711	0.1989529	0.2144374	0.1872428	0.1937378	0.2429379	0.224026	0.2138365	0.2684729	0.237785	0.2218182	0.2251656	0.2130326	0.2246377	0.1743772	0.2647059	0.2373887	0.2521368	0.2352941	0.2124352	0.224026	0.1559633	0.2190083	0.1805556	0.2418136	
Grimpereau des bois ou G. des jardins	0.0	0.0031348	0.0	0.0031056	0.0	0.0	0.0025445	0.0015	0.0	0.0	0.0	0.0	0.0039761	0.0015	0.0018416	0.0	0.0	0.0014265	0.0015601	0.002656	0.0015	0.001548	0.0015	0.0061856	0.0	0.0042463	0.0	0.0078278	0.0015	0.0	0.0	0.0073892	0.0	0.0036364	0.0066225	0.0050125	0.0	0.0	0.0	0.0059347	0.0	0.0	0.0	0.0032468	0.0	0.0082645	0.0	0.0	
Troglodyte mignon	0.2517007	0.2413793	0.1548673	0.1459627	0.2298387	0.2052239	0.1959288	0.2363636	0.2683706	0.2208202	0.2298507	0.2202381	0.2067594	0.217803	0.2099448	0.2065217	0.1573374	0.1982882	0.1606864	0.1965471	0.2004219	0.1934985	0.1937173	0.1896907	0.1701571	0.1783439	0.1213992	0.1193738	0.1045198	0.1103896	0.1100629	0.1502463	0.0781759	0.0945455	0.1059603	0.1278195	0.1195652	0.1352313	0.2401961	0.2789318	0.3418803	0.3800905	0.3782383	0.3344156	0.2568807	0.3099174	0.2592593	0.2821159	
Cincle plongeur	0.0	0.0031348	0.0015	0.0015	0.0	0.0	0.0	0.0	0.0	0.0	0.0015	0.0	0.0	0.0	0.0	0.0013587	0.0	0.0	0.0	0.001328	0.0	0.0	0.0026178	0.0	0.0	0.0	0.0	0.0	0.0	0.0	0.0	0.0	0.0	0.0	0.0	0.0	0.0	0.0	0.0015	0.0	0.0	0.0	0.0	0.0	0.0045872	0.0	0.0	0.0	
Étourneau sansonnet	0.3367347	0.2727273	0.2522124	0.2670807	0.2782258	0.3022388	0.3002545	0.3012987	0.3067093	0.2933754	0.319403	0.3154762	0.3240557	0.280303	0.388582	0.2785326	0.2950076	0.339515	0.324493	0.2815405	0.3438819	0.2925697	0.3350785	0.3113402	0.2356021	0.2675159	0.2263374	0.2093933	0.180791	0.2597403	0.2578616	0.3275862	0.2964169	0.3490909	0.3245033	0.3358396	0.3188406	0.3131673	0.4215686	0.3649852	0.3846154	0.4298643	0.3316062	0.3214286	0.293578	0.3595041	0.2824074	0.3551637	
Étourneau sansonnet ou É. unicolore	0.0	0.0	0.0	0.0	0.0	0.0	0.0	0.0	0.0	0.0	0.0	0.0	0.0	0.0	0.0	0.0	0.0	0.0	0.0	0.0	0.0	0.0	0.0	0.0	0.0	0.0	0.0	0.0019569	0.0	0.0	0.0	0.0	0.0	0.0	0.0	0.0	0.0	0.0	0.0	0.0	0.0	0.0	0.0	0.0	0.0	0.0	0.0	0.0	
Étourneau roselin	0.0	0.0	0.0	0.0	0.0	0.0	0.0	0.0	0.0	0.0	0.0	0.0	0.0	0.0	0.0	0.0	0.0	0.0	0.0	0.002656	0.0	0.0	0.0	0.0	0.0	0.0	0.0	0.0	0.0	0.0	0.0	0.0	0.0	0.0	0.0	0.0	0.0	0.0	0.0	0.0	0.0	0.0	0.0	0.0	0.0	0.0	0.0	0.0	
Grive draine	0.1632653	0.1159875	0.0752212	0.1677019	0.1653226	0.130597	0.1119593	0.1350649	0.1693291	0.1041009	0.1014925	0.0992063	0.0934394	0.0814394	0.1123389	0.0679348	0.0468986	0.0256776	0.0358814	0.0531208	0.0506329	0.0340557	0.0471204	0.0391753	0.065445	0.0403397	0.0349794	0.0430528	0.0367232	0.0324675	0.0314465	0.0394089	0.0130293	0.0218182	0.0629139	0.075188	0.0978261	0.0996441	0.1764706	0.1513353	0.1581197	0.2217195	0.1450777	0.1428571	0.146789	0.1818182	0.0925926	0.2115869	
Grive musicienne	0.1088435	0.0909091	0.0929204	0.1024845	0.1008065	0.1492537	0.2061069	0.2337662	0.2747604	0.2712934	0.2119403	0.218254	0.2007952	0.1837121	0.1362799	0.1263587	0.1089259	0.1269615	0.1232449	0.1646746	0.1392405	0.1408669	0.1544503	0.1463918	0.1256545	0.0997877	0.037037	0.0410959	0.0367232	0.038961	0.0283019	0.0591133	0.0423453	0.0436364	0.0198675	0.0576441	0.0942029	0.1209964	0.2352941	0.1721068	0.1495726	0.1674208	0.134715	0.1006494	0.0366972	0.0826446	0.0462963	0.0629723	
Grive mauvis	0.0442177	0.0752351	0.0486726	0.052795	0.0362903	0.0447761	0.0229008	0.0415584	0.0511182	0.0536278	0.0358209	0.0297619	0.0039761	0.0018939	0.0015	0.0	0.0	0.0	0.0	0.0	0.0	0.0	0.0	0.0	0.0	0.0	0.0	0.0	0.0	0.0	0.0	0.0	0.0	0.0	0.0	0.0015	0.0015	0.0177936	0.0686275	0.041543	0.1324786	0.1628959	0.134715	0.0909091	0.0458716	0.053719	0.0185185	0.0629723	
Merle noir	0.5408163	0.4733542	0.4778761	0.4440994	0.4798387	0.4589552	0.4402036	0.4493506	0.5367412	0.5078864	0.5104478	0.5833333	0.5248509	0.5530303	0.5488029	0.5706522	0.484115	0.5477889	0.5382215	0.6095618	0.5738397	0.5201238	0.5706806	0.4886598	0.4502618	0.4585987	0.4012346	0.3424658	0.3163842	0.3441558	0.3522013	0.362069	0.3192182	0.3527273	0.3377483	0.358396	0.3804348	0.3843416	0.4803922	0.4302671	0.4957265	0.561086	0.5181347	0.4902597	0.4954128	0.5330579	0.3657407	0.5541562	
Grive litorne	0.0578231	0.0658307	0.0530973	0.0279503	0.0201613	0.0410448	0.0203562	0.0155844	0.028754	0.0189274	0.0238806	0.0138889	0.0039761	0.0018939	0.0018416	0.0015	0.0	0.0	0.0	0.001328	0.0	0.0	0.0	0.0	0.0	0.0	0.0	0.0	0.0	0.0	0.0	0.0	0.0	0.0	0.0	0.0	0.0	0.0035587	0.0147059	0.0178042	0.0470085	0.0633484	0.0880829	0.0487013	0.0366972	0.0247934	0.0324074	0.0554156	
Merle à plastron	0.0	0.0	0.0	0.0	0.0	0.0	0.0	0.0	0.0	0.0	0.0	0.0015	0.0039761	0.0113636	0.0073665	0.0040761	0.0	0.0	0.0	0.0	0.0	0.0	0.0	0.0	0.0	0.0	0.0	0.0	0.0	0.0	0.0	0.0	0.0	0.0	0.0	0.0015	0.0015	0.0015	0.0015	0.0015	0.0015	0.0	0.0015	0.0	0.0	0.0	0.0	0.0	
Turdus sp.	0.0	0.0	0.0	0.0	0.0040323	0.0	0.0	0.0	0.0	0.0031546	0.0	0.0	0.0019881	0.0	0.0	0.0	0.0	0.0	0.0	0.0	0.0	0.0	0.0	0.0	0.0	0.0	0.0	0.0	0.0	0.0	0.0	0.0	0.0032573	0.0	0.0015	0.0	0.0	0.0071174	0.0245098	0.0118694	0.0042735	0.0090498	0.0103627	0.0064935	0.0045872	0.0	0.0	0.0050378	
Gobemouche gris	0.0	0.0	0.0	0.0	0.0	0.0	0.0	0.0	0.0	0.0	0.0	0.0	0.0	0.0	0.0	0.0067935	0.0136157	0.0299572	0.0343214	0.0438247	0.0400844	0.0309598	0.0445026	0.0515464	0.0418848	0.0509554	0.063786	0.0645793	0.0875706	0.0649351	0.0503145	0.1256158	0.0846906	0.0909091	0.0629139	0.037594	0.0108696	0.0035587	0.0	0.0	0.0	0.0	0.0	0.0	0.0	0.0	0.0	0.0	
Rougegorge familier	0.5578231	0.4952978	0.4690265	0.4503106	0.4274194	0.4850746	0.524173	0.5506494	0.5750799	0.5835962	0.5373134	0.5019841	0.4493042	0.3787879	0.3756906	0.330163	0.2753404	0.3552068	0.2948518	0.3625498	0.335443	0.3235294	0.2748691	0.2515464	0.2722513	0.2484076	0.2283951	0.1976517	0.1779661	0.2175325	0.2484277	0.3522167	0.3094463	0.5018182	0.5496689	0.6140351	0.7028986	0.7366548	0.7745098	0.6587537	0.6965812	0.7104072	0.6165803	0.5616883	0.5045872	0.5330579	0.4398148	0.6347607	
Rossignol philomèle	0.0	0.0	0.0	0.0	0.0	0.0	0.0	0.0	0.0	0.0	0.0	0.0079365	0.1133201	0.3276515	0.4327808	0.423913	0.3857791	0.3338088	0.3151326	0.2895086	0.1940928	0.1176471	0.0706806	0.0639175	0.0287958	0.0573248	0.0205761	0.0391389	0.0254237	0.012987	0.0157233	0.0221675	0.0032573	0.0036364	0.0	0.0	0.0	0.0	0.0	0.0	0.0	0.0	0.0	0.0	0.0	0.0	0.0	0.0	
Gorgebleue à miroir	0.0	0.0	0.0	0.0	0.0	0.0	0.0	0.0	0.0	0.0015	0.0	0.0079365	0.0015	0.0018939	0.0015	0.0015	0.0	0.0015	0.0015	0.0015	0.0015	0.0015	0.0015	0.0	0.0	0.0	0.0	0.0	0.0	0.0015	0.0	0.0024631	0.009772	0.0072727	0.0	0.0025063	0.0015	0.0	0.0	0.0	0.0	0.0	0.0	0.0	0.0	0.0	0.0	0.0	
Gobemouche noir	0.0	0.0	0.0	0.0	0.0	0.0	0.0	0.0	0.0	0.0	0.0029851	0.0	0.0	0.0018939	0.0015	0.0013587	0.0015	0.0	0.0015601	0.002656	0.0021097	0.0	0.0015	0.0020619	0.0026178	0.0015	0.0041152	0.0039139	0.0	0.025974	0.0880503	0.2019704	0.2149837	0.1272727	0.0463576	0.0325815	0.0015	0.0	0.0	0.0	0.0	0.0	0.0	0.0	0.0	0.0	0.0	0.0	
Rougequeue à front blanc	0.0	0.0	0.0	0.0	0.0	0.0	0.0	0.0	0.0	0.0	0.0015	0.0079365	0.0437376	0.1136364	0.1270718	0.09375	0.0937973	0.0870185	0.0624025	0.0836653	0.0991561	0.0913313	0.1204188	0.0701031	0.0602094	0.0530786	0.0679012	0.0469667	0.0536723	0.038961	0.091195	0.1108374	0.0781759	0.0836364	0.0231788	0.0275689	0.0036232	0.0035587	0.0196078	0.0015	0.0015	0.0	0.0	0.0	0.0	0.0	0.0	0.0	
Rougequeue noir	0.0102041	0.0094044	0.0132743	0.0015	0.0080645	0.0149254	0.0050891	0.0181818	0.0383387	0.0630915	0.1701493	0.234127	0.2007952	0.1666667	0.1786372	0.1358696	0.0847201	0.1098431	0.1294852	0.1381142	0.1666667	0.1486068	0.1256545	0.1525773	0.0890052	0.1273885	0.1337449	0.0900196	0.1214689	0.0811688	0.1257862	0.1403941	0.0879479	0.1454545	0.1721854	0.1528822	0.1811594	0.1565836	0.1666667	0.1068249	0.0641026	0.0542986	0.0310881	0.0162338	0.0091743	0.0041322	0.0	0.0176322	
Tarier des prés	0.0	0.0	0.0	0.0	0.0	0.0	0.0	0.0	0.0	0.0	0.0	0.0015	0.0	0.0037879	0.0110497	0.017663	0.0090772	0.0014265	0.0062402	0.0039841	0.0015	0.0	0.0078534	0.0020619	0.0026178	0.0	0.0020576	0.0019569	0.0015	0.0	0.0015	0.0369458	0.0749186	0.0509091	0.0231788	0.0100251	0.0036232	0.0	0.0	0.0	0.0	0.0	0.0	0.0	0.0	0.0	0.0	0.0	
Tarier pâtre	0.0510204	0.0501567	0.0176991	0.0403727	0.0322581	0.0522388	0.0508906	0.1090909	0.172524	0.1640379	0.1850746	0.172619	0.1928429	0.1647727	0.1952118	0.1875	0.1543116	0.128388	0.1513261	0.1394422	0.1518987	0.126935	0.1151832	0.1195876	0.0994764	0.1422505	0.1152263	0.1135029	0.0762712	0.0974026	0.091195	0.1428571	0.1074919	0.1418182	0.0993377	0.1253133	0.0833333	0.1174377	0.0784314	0.1008902	0.0641026	0.0678733	0.0932642	0.0649351	0.0366972	0.0330579	0.0416667	0.0302267	
Traquet motteux	0.0	0.0	0.0	0.0	0.0	0.0	0.0	0.0	0.0	0.0	0.0029851	0.0039683	0.0119284	0.0170455	0.038674	0.0380435	0.0257186	0.0042796	0.0015	0.0	0.0021097	0.0	0.0015	0.0	0.0015	0.0015	0.0	0.0	0.0084746	0.0	0.009434	0.0221675	0.0423453	0.0254545	0.0066225	0.0150376	0.0036232	0.0071174	0.0015	0.0	0.0	0.0	0.0	0.0	0.0	0.0	0.0	0.0	
Diamant mandarin	0.0	0.0	0.0	0.0	0.0	0.0	0.0	0.0	0.0	0.0	0.0	0.0	0.0	0.0	0.0	0.0	0.0	0.0	0.0	0.0015	0.0	0.0	0.0	0.0	0.0	0.0	0.0	0.0	0.0	0.0	0.0	0.0	0.0	0.0	0.0	0.0	0.0	0.0	0.0	0.0	0.0	0.0	0.0	0.0	0.0	0.0	0.0	0.0	
Accenteur alpin	0.0034014	0.0	0.0044248	0.0	0.0	0.0	0.0	0.0	0.0	0.0	0.0	0.0	0.0	0.0	0.0	0.0	0.0	0.0	0.0	0.0	0.0	0.0	0.0	0.0	0.0	0.0	0.0	0.0	0.0	0.0	0.0	0.0	0.0	0.0	0.0	0.0	0.0	0.0	0.0	0.0	0.0	0.0	0.0	0.0	0.0	0.0	0.0	0.0050378	
Accenteur mouchet	0.1802721	0.1410658	0.1327434	0.1770186	0.141129	0.1791045	0.1882952	0.2181818	0.2332268	0.2649842	0.2089552	0.2162698	0.1610338	0.1704545	0.1933702	0.1236413	0.1210287	0.0741797	0.0936037	0.1115538	0.0907173	0.0479876	0.0602094	0.0597938	0.0471204	0.0467091	0.0493827	0.0313112	0.0225989	0.0324675	0.0188679	0.0615764	0.0325733	0.0727273	0.0761589	0.0776942	0.0797101	0.1601423	0.2058824	0.1632047	0.2222222	0.239819	0.2227979	0.1883117	0.146789	0.1859504	0.1388889	0.1788413	
Moineau domestique	0.3061224	0.2413793	0.2654867	0.257764	0.2137097	0.2873134	0.2340967	0.2415584	0.2460064	0.2776025	0.2597015	0.3134921	0.3240557	0.2954545	0.3130755	0.28125	0.2314675	0.2867332	0.3104524	0.3532537	0.3628692	0.3513932	0.3848168	0.3958763	0.3612565	0.3906582	0.4609053	0.3737769	0.3248588	0.2922078	0.2893082	0.3078818	0.1824104	0.1709091	0.2119205	0.2180451	0.2028986	0.227758	0.2647059	0.2225519	0.1794872	0.2352941	0.2435233	0.211039	0.2568807	0.214876	0.1898148	0.231738	
Moineau friquet	0.0	0.0031348	0.0	0.0031056	0.0	0.0	0.0	0.0	0.0031949	0.0015	0.0	0.0059524	0.0019881	0.0015	0.0018416	0.0013587	0.0015	0.0015	0.0031201	0.0092961	0.0015	0.0077399	0.0026178	0.0015	0.0	0.0021231	0.0015	0.0	0.0015	0.0	0.0	0.0	0.0	0.0	0.0	0.0015	0.0	0.0	0.0	0.0	0.0	0.0015	0.0	0.0	0.0045872	0.0	0.0	0.0025189	
Bergeronnette des ruisseaux	0.0408163	0.0532915	0.0309735	0.0341615	0.0604839	0.0485075	0.0305344	0.0493506	0.0670927	0.0820189	0.0656716	0.0337302	0.0377734	0.0227273	0.0552486	0.0475543	0.02118	0.0399429	0.0390016	0.0451527	0.0548523	0.0325077	0.0471204	0.043299	0.0287958	0.0636943	0.0720165	0.0626223	0.0367232	0.0454545	0.0377358	0.08867	0.0846906	0.0363636	0.0761589	0.0776942	0.1195652	0.1245552	0.1813725	0.1424332	0.1282051	0.1900452	0.1088083	0.1038961	0.0550459	0.0867769	0.0555556	0.0831234	
Bergeronnette printanière	0.0	0.0	0.0	0.0	0.0	0.0	0.0	0.0	0.0	0.0	0.0089552	0.0178571	0.0656064	0.0909091	0.145488	0.1331522	0.0892587	0.0656205	0.0546022	0.0544489	0.0527426	0.0433437	0.052356	0.0371134	0.0445026	0.0552017	0.0329218	0.0410959	0.0423729	0.0422078	0.072327	0.0960591	0.0781759	0.0727273	0.0463576	0.0250627	0.0036232	0.0035587	0.0015	0.0029674	0.0	0.0	0.0	0.0	0.0	0.0	0.0	0.0	
Bergeronnette grise	0.0646259	0.1065831	0.0840708	0.0900621	0.0766129	0.1119403	0.0992366	0.174026	0.1757188	0.2492114	0.3283582	0.265873	0.2644135	0.2935606	0.3278085	0.2866848	0.2844175	0.2467903	0.1934477	0.24834	0.2447257	0.2337461	0.1910995	0.1938144	0.2015707	0.2696391	0.2366255	0.2387476	0.2033898	0.1883117	0.1981132	0.2487685	0.1921824	0.1963636	0.2483444	0.283208	0.2971014	0.2882562	0.2941176	0.3234421	0.2820513	0.2579186	0.2279793	0.1785714	0.1284404	0.1115702	0.1203704	0.0982368	
bergeronette sp.	0.0	0.0031348	0.0	0.0	0.0	0.0	0.0	0.0	0.0	0.0	0.0029851	0.0	0.0	0.0	0.0	0.0	0.0	0.0	0.0015601	0.0	0.0021097	0.001548	0.0	0.0	0.0	0.0	0.0	0.0015	0.0	0.0032468	0.0	0.0	0.0	0.0	0.0	0.0	0.0036232	0.0	0.0	0.0029674	0.0	0.0045249	0.0051813	0.0	0.0	0.0	0.0	0.0	
Pipit de Richard	0.0	0.0	0.0	0.0	0.0	0.0	0.0	0.0	0.0015	0.0	0.0	0.0	0.0	0.0	0.0	0.0	0.0	0.0	0.0	0.0	0.0	0.0	0.0	0.0	0.0	0.0	0.0	0.0	0.0	0.0	0.0	0.0	0.0	0.0	0.0	0.0015	0.0	0.0015	0.0	0.0	0.0	0.0	0.0	0.0	0.0	0.0	0.0	0.0	
Pipit rousseline	0.0	0.0	0.0	0.0	0.0	0.0	0.0	0.0	0.0	0.0	0.0	0.0	0.0019881	0.0	0.0	0.0	0.0	0.0	0.0	0.0	0.0	0.0	0.0	0.0	0.0	0.0	0.0	0.0	0.0	0.0	0.0015	0.0024631	0.0032573	0.0036364	0.0033113	0.0	0.0	0.0	0.0	0.0	0.0	0.0	0.0	0.0	0.0	0.0	0.0	0.0	
Pipit farlouse	0.1360544	0.1410658	0.0973451	0.1055901	0.1048387	0.0932836	0.0916031	0.0883117	0.0734824	0.0977918	0.1044776	0.1150794	0.1212724	0.0625	0.0239411	0.0054348	0.0015129	0.0	0.0	0.0	0.0	0.0	0.0	0.0	0.0	0.0	0.0	0.0	0.0028249	0.0	0.0	0.0	0.0	0.0036364	0.0364238	0.0626566	0.1086957	0.1423488	0.2745098	0.2462908	0.2264957	0.2669683	0.2227979	0.1525974	0.1192661	0.0867769	0.1157407	0.1335013	
Pipit des arbres	0.0	0.0	0.0	0.0	0.0	0.0	0.0	0.0	0.0031949	0.0063091	0.0029851	0.0238095	0.0874751	0.0909091	0.1473297	0.0896739	0.0620272	0.0542083	0.0546022	0.063745	0.0907173	0.0696594	0.0890052	0.0907216	0.0706806	0.0339703	0.0288066	0.035225	0.019774	0.0292208	0.0251572	0.0763547	0.0912052	0.0581818	0.0231788	0.0526316	0.0036232	0.0035587	0.0015	0.0029674	0.0015	0.0015	0.0	0.0	0.0	0.0	0.0	0.0	
Pipit à dos olive	0.0015	0.0031348	0.0015	0.0031056	0.0	0.0	0.0	0.0	0.0	0.0	0.0	0.0	0.0	0.0	0.0	0.0	0.0	0.0	0.0	0.0	0.0	0.0	0.0	0.0	0.0	0.0	0.0	0.0	0.0	0.0	0.0	0.0	0.0	0.0	0.0	0.0	0.0	0.0	0.0	0.0	0.0	0.0	0.0	0.0	0.0	0.0	0.0	0.0	
Pipit à gorge rousse	0.0	0.0	0.0	0.0	0.0	0.0	0.0	0.0	0.0	0.0	0.0	0.0	0.0015	0.0	0.0	0.0015	0.0	0.0	0.0	0.0	0.0	0.0	0.0	0.0	0.0	0.0	0.0	0.0	0.0	0.0	0.0	0.0	0.0	0.0	0.0	0.0	0.0	0.0	0.0	0.0	0.0	0.0	0.0	0.0	0.0	0.0	0.0	0.0	
Pipit spioncelle	0.047619	0.0846395	0.0752212	0.0496894	0.0443548	0.0522388	0.0356234	0.0467532	0.0223642	0.0567823	0.0447761	0.0376984	0.0159046	0.0037879	0.0018416	0.0	0.0	0.0	0.0	0.0	0.0	0.0	0.0	0.0	0.0	0.0	0.0	0.0	0.0	0.0	0.0	0.0	0.0	0.0	0.0	0.0	0.0072464	0.0142349	0.1078431	0.1602374	0.1367521	0.1538462	0.1243523	0.1233766	0.087156	0.0702479	0.0509259	0.0654912	
Anthus sp.	0.0	0.0	0.0	0.0	0.0	0.0	0.0	0.0	0.0	0.0	0.0029851	0.0	0.0	0.0	0.0	0.0	0.0	0.0	0.0	0.0	0.0	0.0	0.0	0.0	0.0	0.0	0.0020576	0.0019569	0.0	0.0	0.0	0.0	0.0	0.0	0.0	0.0025063	0.0	0.0	0.0	0.0	0.0	0.0	0.0	0.0	0.0	0.0041322	0.0	0.0	
Pinson des arbres	0.5782313	0.507837	0.5	0.4534161	0.4637097	0.4365672	0.4554707	0.4779221	0.5942492	0.5299685	0.5731343	0.5218254	0.499006	0.5492424	0.558011	0.5285326	0.4372163	0.510699	0.4352574	0.5152722	0.5063291	0.5510836	0.591623	0.5319588	0.4947644	0.4373673	0.3271605	0.2778865	0.2231638	0.2922078	0.245283	0.3078818	0.257329	0.3236364	0.3940397	0.3809524	0.3985507	0.430605	0.5245098	0.4540059	0.4700855	0.5520362	0.5906736	0.5162338	0.5504587	0.5247934	0.4722222	0.6372796	
Pinson du Nord	0.0782313	0.0438871	0.0530973	0.0217391	0.0443548	0.0298507	0.0559796	0.0519481	0.0447284	0.0662461	0.0686567	0.0396825	0.0159046	0.0018939	0.0036832	0.0	0.0	0.0	0.0	0.0	0.0	0.0	0.0	0.0	0.0	0.0	0.0	0.0	0.0	0.0	0.0	0.0	0.0	0.0	0.0	0.0	0.0015	0.0106762	0.0441176	0.0504451	0.0641026	0.0904977	0.0984456	0.0584416	0.0412844	0.0702479	0.0787037	0.0478589	
Grosbec casse-noyaux	0.0578231	0.0846395	0.1150442	0.0900621	0.1008065	0.0559701	0.086514	0.0753247	0.1246006	0.0851735	0.0925373	0.1130952	0.0715706	0.0587121	0.0626151	0.0285326	0.0181543	0.0242511	0.0265211	0.0199203	0.0337553	0.0402477	0.0471204	0.0494845	0.0628272	0.0382166	0.0452675	0.0410959	0.0310734	0.025974	0.0031447	0.0246305	0.019544	0.0145455	0.0198675	0.0300752	0.0434783	0.0604982	0.122549	0.1097923	0.1196581	0.1402715	0.0984456	0.0714286	0.0779817	0.0743802	0.0648148	0.0780856	
Bouvreuil pivoine	0.0306122	0.031348	0.0353982	0.0186335	0.0120968	0.0149254	0.0076336	0.0103896	0.0095847	0.0063091	0.0089552	0.0079365	0.0039761	0.0037879	0.014733	0.0027174	0.0030257	0.0014265	0.0031201	0.002656	0.0084388	0.0077399	0.0026178	0.0082474	0.0026178	0.0042463	0.0020576	0.0097847	0.0056497	0.0032468	0.0125786	0.0049261	0.0	0.0	0.0066225	0.0025063	0.0036232	0.0106762	0.004902	0.0118694	0.0299145	0.0361991	0.0725389	0.0227273	0.0183486	0.0371901	0.0277778	0.0478589	
Verdier d'Europe	0.1802721	0.1285266	0.119469	0.1397516	0.1612903	0.1716418	0.1170483	0.1376623	0.1565495	0.1892744	0.158209	0.202381	0.1928429	0.1496212	0.1804788	0.1290761	0.1013616	0.0998573	0.1060842	0.1195219	0.1561181	0.1455108	0.1282723	0.1505155	0.1623037	0.2208068	0.1975309	0.183953	0.1412429	0.1038961	0.0880503	0.0640394	0.0716612	0.0690909	0.0529801	0.0601504	0.0797101	0.0604982	0.1078431	0.0919881	0.1239316	0.2081448	0.2124352	0.1168831	0.1100917	0.1280992	0.1296296	0.1435768	
Linotte mélodieuse	0.0408163	0.0470219	0.0309735	0.0434783	0.0282258	0.0298507	0.0687023	0.0649351	0.1022364	0.0914826	0.1283582	0.1626984	0.1709742	0.1515152	0.2320442	0.1521739	0.1195159	0.0984308	0.1138846	0.0863214	0.1392405	0.1006192	0.1230366	0.1072165	0.1099476	0.1358811	0.1440329	0.1174168	0.0847458	0.0681818	0.0974843	0.0935961	0.0912052	0.0763636	0.0761589	0.0802005	0.1086957	0.0818505	0.1127451	0.0919881	0.1196581	0.1628959	0.1295337	0.0746753	0.0779817	0.0619835	0.0462963	0.0730479	
Sizerin flammé	0.0015	0.0062696	0.0015	0.0031056	0.0	0.0037313	0.0	0.0	0.0	0.0	0.0	0.0	0.0	0.0	0.0	0.0	0.0	0.0	0.0	0.0	0.0	0.0	0.0	0.0	0.0	0.0	0.0	0.0	0.0	0.0	0.0	0.0	0.0	0.0	0.0	0.0	0.0	0.0	0.0	0.0089021	0.017094	0.0226244	0.0207254	0.0015	0.0	0.0015	0.0046296	0.0050378	
Bec-croisé des sapins	0.0	0.0	0.0	0.0	0.0040323	0.0037313	0.0	0.0	0.0	0.0	0.0	0.0	0.0	0.0	0.0	0.0	0.0	0.0	0.0	0.0	0.0	0.0	0.0	0.0	0.0	0.0015	0.0	0.0019569	0.0	0.0	0.0	0.0024631	0.0	0.0036364	0.0	0.0050125	0.0015	0.0035587	0.0015	0.0029674	0.008547	0.0045249	0.0	0.0015	0.0091743	0.0	0.0015	0.0	
Chardonneret élégant	0.2414966	0.1630094	0.2079646	0.1521739	0.1895161	0.1902985	0.1272265	0.1948052	0.1789137	0.1987382	0.1761194	0.2440476	0.1848907	0.1931818	0.2320442	0.1902174	0.1361573	0.1355207	0.1528861	0.1500664	0.2341772	0.1640867	0.1963351	0.2061856	0.2198953	0.2462845	0.3374486	0.2387476	0.1864407	0.211039	0.1886792	0.1970443	0.1172638	0.1345455	0.1225166	0.1152882	0.0978261	0.1352313	0.2156863	0.2255193	0.2307692	0.2714932	0.2746114	0.2305195	0.1513761	0.1694215	0.1712963	0.1914358	
Serin cini	0.0102041	0.0125392	0.0044248	0.0062112	0.0040323	0.0149254	0.0203562	0.0207792	0.0415335	0.0694006	0.0656716	0.0793651	0.1133201	0.0871212	0.1031308	0.0706522	0.0605144	0.0527817	0.0592824	0.063745	0.1118143	0.0897833	0.1256545	0.0907216	0.117801	0.104034	0.100823	0.072407	0.0367232	0.0551948	0.0597484	0.0221675	0.0260586	0.0218182	0.0198675	0.0225564	0.0181159	0.024911	0.0147059	0.0296736	0.0470085	0.040724	0.0103627	0.0162338	0.0183486	0.0041322	0.0092593	0.0125945	
Serin des Canaries	0.0	0.0015	0.0	0.0	0.0	0.0	0.0	0.0	0.0	0.0	0.0	0.0	0.0	0.0	0.0	0.0	0.0	0.0	0.0	0.0	0.0	0.0	0.0	0.0	0.0	0.0	0.0	0.0	0.0	0.0	0.0	0.0	0.0	0.0	0.0	0.0	0.0	0.0	0.0	0.0	0.0	0.0	0.0	0.0	0.0	0.0	0.0	0.0	
Tarin des aulnes	0.0816327	0.0846395	0.039823	0.0931677	0.0887097	0.1119403	0.0585242	0.0883117	0.0990415	0.0725552	0.0776119	0.031746	0.0238569	0.0056818	0.0036832	0.0015	0.0	0.0	0.0015601	0.0	0.0	0.0	0.0	0.0	0.0	0.0	0.0	0.0	0.0	0.0	0.0	0.0	0.0	0.0036364	0.0066225	0.0075188	0.0398551	0.0640569	0.1176471	0.1305638	0.1837607	0.1855204	0.1917098	0.1103896	0.0733945	0.0826446	0.0833333	0.0982368	
Bruant proyer	0.0204082	0.0219436	0.0015	0.0217391	0.0040323	0.0037313	0.0203562	0.0233766	0.028754	0.0315457	0.0328358	0.0793651	0.0616302	0.0681818	0.0883978	0.1127717	0.0832073	0.0756063	0.0717629	0.0730412	0.1012658	0.0851393	0.091623	0.0453608	0.052356	0.0276008	0.0185185	0.0078278	0.0141243	0.0097403	0.0157233	0.0073892	0.0065147	0.0072727	0.0066225	0.0150376	0.0072464	0.0071174	0.004902	0.0267062	0.0299145	0.0180995	0.0207254	0.0162338	0.0015	0.0082645	0.0046296	0.0201511	
Bruant fou	0.0	0.0	0.0015	0.0	0.0	0.0	0.0	0.0	0.0	0.0	0.0	0.0	0.0	0.0	0.0	0.0	0.0	0.0	0.0	0.0	0.0	0.0	0.0	0.0	0.0	0.0	0.0	0.0	0.0	0.0	0.0	0.0	0.0	0.0	0.0	0.0	0.0	0.0	0.0	0.0	0.0	0.0	0.0	0.0	0.0	0.0	0.0	0.0	
Bruant zizi	0.0714286	0.0564263	0.0353982	0.068323	0.0806452	0.0895522	0.0814249	0.1168831	0.1821086	0.1230284	0.1283582	0.1448413	0.1411531	0.1174242	0.1491713	0.1209239	0.1013616	0.0770328	0.0780031	0.0903054	0.1329114	0.1176471	0.104712	0.1257732	0.1282723	0.118896	0.127572	0.111546	0.059322	0.0844156	0.0628931	0.0935961	0.0781759	0.1018182	0.0728477	0.0676692	0.0724638	0.0818505	0.1372549	0.1543027	0.1495726	0.1764706	0.1450777	0.0974026	0.0733945	0.0619835	0.0462963	0.1183879	
Bruant jaune	0.0272109	0.0407524	0.0132743	0.0310559	0.0322581	0.0373134	0.0407125	0.0519481	0.0479233	0.0315457	0.0477612	0.0714286	0.0596421	0.0643939	0.0662983	0.076087	0.0499244	0.0527817	0.0561622	0.0504648	0.056962	0.0479876	0.0680628	0.0474227	0.0837696	0.0764331	0.0514403	0.0313112	0.0141243	0.0097403	0.0125786	0.0270936	0.0390879	0.0218182	0.0165563	0.0200501	0.0181159	0.0213523	0.0294118	0.0385757	0.0641026	0.0588235	0.0310881	0.038961	0.0275229	0.0289256	0.0324074	0.0403023	
Bruant ortolan	0.0	0.0	0.0	0.0	0.0	0.0	0.0	0.0	0.0	0.0	0.0	0.0	0.0	0.0	0.0	0.0015	0.0	0.0028531	0.0	0.0	0.0	0.0	0.0015	0.0020619	0.0026178	0.0015	0.0	0.0	0.0	0.0	0.0015	0.0015	0.0015	0.0015	0.0033113	0.0025063	0.0	0.0	0.0	0.0	0.0	0.0	0.0	0.0	0.0	0.0	0.0	0.0	
Bruant des roseaux	0.1258503	0.153605	0.0752212	0.0869565	0.0887097	0.1044776	0.0763359	0.0831169	0.0798722	0.0725552	0.0865672	0.0595238	0.0377734	0.0208333	0.0239411	0.03125	0.0257186	0.0171184	0.0218409	0.0119522	0.0147679	0.0077399	0.0209424	0.0020619	0.0183246	0.0084926	0.0015	0.0058708	0.0112994	0.0032468	0.009434	0.0246305	0.029316	0.0109091	0.0066225	0.0150376	0.0108696	0.0320285	0.0931373	0.1661721	0.1623932	0.2036199	0.1813472	0.1655844	0.0642202	0.1115702	0.125	0.115869	
Emberiza sp.	0.0	0.0	0.0	0.0	0.0	0.0	0.0	0.0	0.0	0.0	0.0	0.0	0.0	0.0	0.0	0.0	0.0	0.0	0.0	0.0	0.0	0.0	0.0	0.0	0.0	0.0	0.0	0.0	0.0	0.0	0.0	0.0024631	0.0	0.0	0.0	0.0	0.0	0.0	0.0	0.0	0.0	0.0	0.0051813	0.0	0.0	0.0	0.0	0.0	
passereau sp.	0.0102041	0.0062696	0.0132743	0.0031056	0.0080645	0.0	0.0050891	0.0	0.0	0.0	0.0	0.0	0.0059642	0.0	0.0	0.0	0.0015129	0.0028531	0.0015601	0.0	0.0042194	0.003096	0.0	0.0041237	0.0	0.0	0.0020576	0.0015	0.0	0.0	0.0	0.0024631	0.0065147	0.0072727	0.0	0.0025063	0.0	0.0	0.0	0.0029674	0.0042735	0.0045249	0.0	0.0064935	0.0045872	0.0	0.0185185	0.0075567	
oiseau sp.	0.0	0.0	0.0	0.0	0.0	0.0	0.0	0.0	0.0	0.0	0.0	0.0	0.0	0.0	0.0	0.0	0.0	0.0	0.0	0.0	0.0021097	0.0	0.0	0.0	0.0	0.0	0.0020576	0.0	0.0	0.0	0.0	0.0	0.0	0.0	0.0	0.0	0.0	0.0	0.0	0.0	0.0	0.0	0.0	0.0	0.0	0.0	0.0	0.0	

